,extended,country,region,provstate,city,latitude,longitude,specificity,vicinity,multiple,success,suicide,attacktype1,targtype1,target1,natlty1,individual,weaptype1,nkill,property,ishostkid,gname
52674,0,95,10,33,192,34.881348,44.62513,1.0,0,1.0,1,0,3,14,13,95.0,0,6,0.0,-9,0.0,Al-Qaida in Iraq
24028,0,69,8,126,750,41.366667,9.266843,1.0,0,1.0,1,0,3,1,361,69.0,0,6,0.0,1,0.0,Corsican National Liberation Front (FLNC)
33014,0,159,3,256,1562,-11.967368,-76.978462,1.0,0,0.0,1,0,3,1,1910,159.0,0,6,0.0,1,0.0,Shining Path (SL)
45443,0,153,6,485,2719,34.398573,72.06038,1.0,0,0.0,1,0,3,14,3192,153.0,0,6,8.0,1,0.0,Tehrik-i-Taliban Pakistan (TTP)
75519,1,214,9,276,1739,50.4501,30.5234,1.0,0,0.0,1,0,6,2,2118,214.0,0,5,0.0,1,1.0,Muslim extremists
25845,0,209,10,210,1330,37.306944,41.178056,1.0,1,0.0,1,0,3,4,409,209.0,0,6,13.0,1,0.0,Kurdistan Workers' Party (PKK)
40485,0,147,11,110,490,9.933381,8.885243,1.0,0,0.0,1,0,2,14,1339,147.0,0,5,14.0,0,0.0,Fulani extremists
55509,1,160,5,0,13,6.497216,122.105141,1.0,0,0.0,1,0,6,2,14,160.0,0,5,0.0,0,1.0,Abu Sayyaf Group (ASG)
53897,0,153,6,486,2717,24.891115,67.143311,1.0,0,1.0,1,0,3,15,3209,153.0,0,6,1.0,-9,0.0,Tehrik-i-Taliban Pakistan (TTP)
34291,0,45,3,341,2336,4.21557,-73.81502,1.0,0,0.0,1,0,2,19,2751,45.0,0,5,2.0,1,1.0,Revolutionary Armed Forces of Colombia (FARC)
15905,1,61,2,142,912,13.515493,-88.902328,1.0,0,0.0,1,0,2,4,1235,61.0,0,5,1.0,1,0.0,Farabundo Marti National Liberation Front (FMLN)
54857,0,95,10,34,222,36.229574,42.236244,4.0,0,0.0,1,0,1,14,404,95.0,0,5,2.0,0,0.0,Al-Qaida in Iraq
10725,0,159,3,432,2407,-13.65311,-73.95396,1.0,0,0.0,1,0,1,8,2850,159.0,0,5,1.0,0,0.0,Shining Path (SL)
12272,0,92,6,316,24,31.147131,75.341218,4.0,0,0.0,1,0,1,4,2981,92.0,0,10,2.0,0,0.0,Sikh Extremists
26972,0,155,10,410,2226,31.907141,35.198219,1.0,1,0.0,1,0,1,14,2597,97.0,0,5,1.0,0,0.0,Palestinians
46895,0,45,3,323,1858,8.436159,-73.286109,1.0,1,0.0,1,0,3,21,2240,45.0,0,6,0.0,1,0.0,National Liberation Army of Colombia (ELN)
52279,0,95,10,30,177,33.303566,44.371773,1.0,0,1.0,1,0,3,15,354,95.0,0,6,1.0,0,0.0,Al-Qaida in Iraq
12113,0,145,2,391,2124,13.45327,-86.029633,1.0,0,0.0,1,0,2,14,2470,145.0,0,5,13.0,1,0.0,Nicaraguan Democratic Force (FDN)
12322,0,43,3,250,1550,-33.366238,-70.505302,1.0,0,0.0,1,0,3,21,1939,43.0,0,6,1.0,1,0.0,Manuel Rodriguez Patriotic Front (FPMR)
63297,0,228,10,47,267,16.133333,47.233333,3.0,0,0.0,1,1,3,4,488,228.0,0,6,13.0,0,0.0,Al-Qaida in the Arabian Peninsula (AQAP)
10126,0,61,2,138,875,13.6,-87.76667,1.0,0,0.0,1,0,3,14,1252,61.0,0,5,58.0,1,1.0,Farabundo Marti National Liberation Front (FMLN)
10244,0,159,3,432,2425,-13.942825,-74.312575,1.0,0,0.0,1,0,2,14,2882,159.0,0,5,79.0,1,0.0,Shining Path (SL)
56225,0,209,10,207,24,37.418748,42.491834,4.0,0,0.0,1,0,7,8,1707,209.0,0,8,0.0,1,0.0,Kurdistan Workers' Party (PKK)
54130,0,95,10,35,180,35.45211,44.375465,1.0,0,1.0,1,1,3,4,400,95.0,0,6,4.0,-9,0.0,Al-Qaida in Iraq
51628,0,4,6,300,2578,34.229213,70.193208,2.0,0,1.0,1,0,2,4,3101,422.0,0,5,0.0,1,0.0,Taliban
57672,0,228,10,47,24,16.930414,49.365315,4.0,0,0.0,1,0,2,4,48,228.0,0,5,2.0,1,0.0,Al-Qaida in the Arabian Peninsula (AQAP)
15252,0,183,11,25,133,-33.98263,18.569386,1.0,0,0.0,1,0,3,3,267,183.0,0,5,7.0,1,0.0,African National Congress (South Africa)
28278,0,61,2,145,853,13.678617,-89.268102,1.0,0,0.0,1,0,3,3,1238,61.0,0,6,0.0,1,0.0,Farabundo Marti National Liberation Front (FMLN)
77017,0,160,5,0,0,6.482905,122.015549,3.0,0,0.0,1,0,2,4,0,160.0,0,5,0.0,-9,0.0,Abu Sayyaf Group (ASG)
52705,0,95,10,30,177,33.303566,44.371773,1.0,0,1.0,1,0,3,1,391,95.0,0,6,0.0,0,0.0,Al-Qaida in Iraq
51384,0,95,10,30,177,33.303566,44.371773,1.0,0,1.0,1,0,2,3,85,95.0,0,5,3.0,0,0.0,Al-Qaida in Iraq
6680,0,97,10,246,2265,32.089161,34.88382,1.0,0,0.0,1,0,3,14,2623,97.0,0,6,1.0,1,0.0,Palestinians
16578,0,159,3,432,2397,-13.152712,-74.218628,1.0,0,0.0,1,0,1,2,2908,159.0,0,5,3.0,0,0.0,Shining Path (SL)
22224,0,45,3,328,24,9.337295,-73.653621,4.0,0,0.0,1,0,3,21,2197,45.0,0,6,0.0,1,0.0,National Liberation Army of Colombia (ELN)
53674,0,147,11,102,463,11.704399,11.088539,1.0,0,1.0,1,0,7,8,51,147.0,0,8,0.0,1,0.0,Boko Haram
49412,0,153,6,484,532,33.915234,71.458679,1.0,1,0.0,1,0,3,19,3265,153.0,0,6,0.0,1,0.0,Tehrik-i-Taliban Pakistan (TTP)
13964,0,145,2,408,2132,13.835758,-85.869174,1.0,0,0.0,1,0,2,4,412,145.0,0,5,0.0,1,0.0,Nicaraguan Democratic Force (FDN)
58278,0,92,6,118,1604,23.165614,84.516234,3.0,0,0.0,1,0,7,14,2021,92.0,0,8,0.0,1,0.0,Maoists
15064,0,159,3,256,1562,-11.967368,-76.978462,1.0,0,1.0,1,0,3,1,3333,159.0,0,6,0.0,1,0.0,Tupac Amaru Revolutionary Movement (MRTA)
4984,0,97,10,412,2221,31.771599,35.2034,1.0,0,0.0,1,0,3,3,301,97.0,0,6,5.0,1,0.0,Palestinians
61197,0,113,10,282,1744,32.069286,20.151144,1.0,0,1.0,1,0,2,15,2131,113.0,0,5,1.0,0,0.0,Muslim extremists
63764,0,153,6,316,2729,31.590166,74.575894,1.0,0,0.0,1,1,3,14,13,153.0,0,6,62.0,1,0.0,Tehrik-i-Taliban Pakistan (TTP)
56181,0,153,6,484,2714,34.006004,71.53743,1.0,0,0.0,0,0,1,3,3235,153.0,0,5,2.0,1,0.0,Tehrik-i-Taliban Pakistan (TTP)
35935,0,45,3,334,1876,6.15518,-71.76813,1.0,0,0.0,1,0,1,4,2268,45.0,0,5,2.0,0,0.0,National Liberation Army of Colombia (ELN)
69330,0,153,6,389,2761,33.558414,70.696106,1.0,0,0.0,1,0,2,4,12,153.0,0,5,11.0,0,0.0,Tehrik-i-Taliban Pakistan (TTP)
37017,0,160,5,0,16,6.681959,121.985477,1.0,0,0.0,1,0,2,3,115,160.0,0,5,2.0,1,0.0,Abu Sayyaf Group (ASG)
56485,0,4,6,457,2598,31.502876,65.845241,1.0,0,0.0,1,1,3,4,162,422.0,0,6,1.0,1,0.0,Taliban
55052,1,160,5,375,1982,16.753657,121.03983,1.0,0,0.0,1,0,6,3,85,160.0,0,5,3.0,0,-9.0,New People's Army (NPA)
51655,0,153,6,389,2720,32.56699,69.831711,1.0,0,0.0,1,0,2,4,20,153.0,0,5,1.0,-9,0.0,Tehrik-i-Taliban Pakistan (TTP)
82422,0,92,6,119,1595,19.362415,81.181007,1.0,0,0.0,1,0,3,3,12,92.0,0,6,0.0,-9,0.0,Maoists
75207,0,92,6,122,1619,18.863646,82.876863,1.0,0,0.0,0,0,3,20,6,92.0,0,6,0.0,0,0.0,Maoists
58993,0,147,11,115,951,11.637489,7.107145,2.0,0,1.0,1,0,2,14,27,147.0,0,5,21.0,1,0.0,Fulani extremists
81444,0,95,10,31,1241,34.399525,45.142685,1.0,0,0.0,1,0,3,14,409,95.0,0,6,0.0,1,0.0,Islamic State of Iraq and the Levant (ISIL)
27675,0,61,2,137,873,13.95,-88.63333,1.0,0,0.0,1,0,2,3,412,61.0,0,5,2.0,1,0.0,Farabundo Marti National Liberation Front (FMLN)
69509,0,160,5,347,1999,8.113273,125.607828,1.0,1,1.0,1,0,2,14,2372,160.0,0,5,1.0,-9,0.0,New People's Army (NPA)
55614,0,153,6,389,2756,33.726945,70.694618,3.0,0,0.0,1,0,2,4,2046,153.0,0,5,23.0,0,0.0,Tehrik-i-Taliban Pakistan (TTP)
53228,0,95,10,29,176,33.31065,44.038208,1.0,0,1.0,1,0,2,4,20,95.0,0,5,5.0,0,0.0,Al-Qaida in Iraq
29977,0,159,3,435,2436,-13.277193,-72.217872,1.0,1,0.0,1,0,2,4,1261,159.0,0,5,14.0,1,0.0,Shining Path (SL)
11177,0,45,3,330,1834,7.116294,-73.120026,1.0,0,0.0,1,0,3,15,1967,45.0,0,6,0.0,1,0.0,National Liberation Army of Colombia (ELN)
40163,1,45,3,325,24,1.637898,-77.745208,4.0,0,0.0,1,0,6,14,2205,45.0,0,5,0.0,0,1.0,National Liberation Army of Colombia (ELN)
47877,0,160,5,0,16,6.681959,121.985477,1.0,0,1.0,1,0,3,15,101,160.0,0,6,0.0,1,0.0,Abu Sayyaf Group (ASG)
76854,0,228,10,57,277,13.586484,44.024105,1.0,0,1.0,1,0,3,14,1218,228.0,0,6,0.0,-9,0.0,Houthi extremists (Ansar Allah)
60971,0,214,9,135,824,48.143208,37.753361,1.0,0,1.0,1,0,2,4,1206,214.0,0,6,0.0,-9,0.0,Donetsk People's Republic
40080,0,45,3,326,2345,6.05703,-75.18513,1.0,0,0.0,1,0,3,3,2761,45.0,0,6,0.0,-9,0.0,Revolutionary Armed Forces of Colombia (FARC)
40386,0,160,5,4,15,6.929089,122.07885,1.0,0,1.0,1,0,3,14,16,160.0,0,6,3.0,1,0.0,Abu Sayyaf Group (ASG)
65884,0,228,10,55,264,13.063399,44.880882,1.0,0,0.0,1,0,2,4,524,228.0,0,5,2.0,0,0.0,Al-Qaida in the Arabian Peninsula (AQAP)
74604,0,160,5,1,2,6.088221,121.109329,1.0,0,0.0,1,0,2,4,48,160.0,0,5,1.0,0,0.0,Abu Sayyaf Group (ASG)
79627,0,104,11,62,303,2.809093,40.927444,1.0,0,0.0,1,0,4,2,409,104.0,0,5,0.0,1,1.0,Al-Shabaab
20213,0,186,6,203,1441,7.301756,81.67473,3.0,0,0.0,1,0,1,14,1807,186.0,0,9,10.0,0,0.0,Liberation Tigers of Tamil Eelam (LTTE)
4901,0,603,8,178,1184,54.253718,-7.44106,1.0,0,0.0,1,0,3,20,1150,233.0,0,6,1.0,1,0.0,Irish Republican Army (IRA)
22894,0,61,2,146,872,13.733333,-88.883333,1.0,0,1.0,1,0,3,21,1234,61.0,0,6,0.0,1,0.0,Farabundo Marti National Liberation Front (FMLN)
38651,0,69,8,126,744,41.930607,8.742907,1.0,0,0.0,0,0,3,4,1103,69.0,0,6,0.0,0,0.0,Corsican National Liberation Front (FLNC)
47867,0,4,6,298,2620,33.279501,69.598588,2.0,0,0.0,1,0,7,1,3123,92.0,0,8,0.0,1,0.0,Taliban
82522,0,123,11,271,1746,14.929512,-3.889058,2.0,0,0.0,1,0,5,14,13,123.0,0,5,0.0,0,1.0,Muslim extremists
20250,0,92,6,452,2540,22.8725,78.107222,1.0,0,0.0,1,0,2,14,3038,92.0,0,5,5.0,1,0.0,Sikh Extremists
78715,0,160,5,374,1986,9.420658,125.620484,2.0,0,1.0,1,0,3,4,48,160.0,0,6,0.0,1,0.0,New People's Army (NPA)
19546,0,43,3,250,1550,-33.366238,-70.505302,1.0,0,1.0,1,0,2,19,56,43.0,0,8,0.0,1,0.0,Manuel Rodriguez Patriotic Front (FPMR)
46053,1,92,6,121,628,18.18151,81.948026,2.0,0,0.0,1,0,2,14,951,92.0,0,5,1.0,0,1.0,Communist Party of India - Maoist (CPI-Maoist)
19168,0,61,2,139,903,13.79833,-89.17889,1.0,0,1.0,1,0,3,21,1286,61.0,0,6,0.0,1,0.0,Farabundo Marti National Liberation Front (FMLN)
38631,0,160,5,357,1991,9.02025,126.23322,1.0,0,0.0,1,0,2,1,2410,160.0,0,5,0.0,-9,0.0,New People's Army (NPA)
32473,0,69,8,132,764,44.517611,3.501873,1.0,0,0.0,1,0,3,2,1127,69.0,0,6,0.0,1,0.0,Corsican National Liberation Front (FLNC)
37405,0,603,8,178,1178,55.011562,-7.312045,1.0,0,0.0,1,0,8,14,1448,233.0,0,9,0.0,1,0.0,Irish Republican Army (IRA)
20499,0,603,8,178,1177,54.607712,-5.95621,1.0,0,0.0,1,0,1,3,1492,233.0,0,5,1.0,0,0.0,Irish Republican Army (IRA)
77389,0,209,10,207,24,37.418748,42.491834,4.0,0,0.0,1,0,3,14,13,209.0,0,6,3.0,-9,0.0,Kurdistan Workers' Party (PKK)
20348,0,159,3,256,1562,-11.967368,-76.978462,1.0,0,0.0,1,0,3,2,3388,159.0,0,6,0.0,1,0.0,Tupac Amaru Revolutionary Movement (MRTA)
46240,0,160,5,1,22,6.050458,121.012245,1.0,0,0.0,1,0,3,1,113,160.0,0,6,2.0,1,0.0,Abu Sayyaf Group (ASG)
48914,0,92,6,121,598,18.924224,83.010623,1.0,0,0.0,1,0,3,3,919,92.0,0,6,0.0,1,0.0,Communist Party of India - Maoist (CPI-Maoist)
19125,0,92,6,316,2533,30.672393,74.755048,3.0,0,0.0,1,0,1,1,3028,92.0,0,5,1.0,0,0.0,Sikh Extremists
62537,0,214,9,135,786,47.981647,37.762325,1.0,0,0.0,1,0,2,14,1204,214.0,0,5,2.0,-9,0.0,Donetsk People's Republic
38752,0,160,5,1,22,6.050458,121.012245,1.0,0,0.0,1,0,1,15,82,160.0,0,5,2.0,0,0.0,Abu Sayyaf Group (ASG)
27791,0,159,3,256,1562,-11.967368,-76.978462,1.0,0,0.0,1,0,3,3,3366,159.0,0,5,2.0,1,0.0,Tupac Amaru Revolutionary Movement (MRTA)
49346,0,92,6,118,594,23.806818,84.296339,2.0,0,0.0,1,0,6,14,915,92.0,0,9,1.0,0,1.0,Communist Party of India - Maoist (CPI-Maoist)
17417,0,145,2,392,2083,13.564251,-86.02984,1.0,0,1.0,1,0,3,16,2475,145.0,0,6,0.0,1,0.0,Nicaraguan Democratic Force (FDN)
49467,0,45,3,332,2299,6.820856,-71.324402,2.0,0,0.0,1,0,3,21,2709,45.0,0,6,0.0,1,0.0,Revolutionary Armed Forces of Colombia (FARC)
12727,0,61,2,140,24,14.191665,-89.1706,4.0,0,0.0,1,0,2,4,1261,61.0,0,5,28.0,1,0.0,Farabundo Marti National Liberation Front (FMLN)
67460,1,92,6,119,1570,19.175051,81.246376,2.0,0,1.0,1,0,6,1,123,92.0,0,5,0.0,0,1.0,Maoists
18324,0,159,3,256,1562,-11.967368,-76.978462,1.0,0,0.0,1,0,3,2,3349,159.0,0,6,0.0,1,0.0,Tupac Amaru Revolutionary Movement (MRTA)
66291,0,113,10,290,1759,31.927389,12.251627,1.0,0,1.0,1,0,3,8,51,113.0,0,6,0.0,1,0.0,Muslim extremists
10338,0,145,2,392,2169,13.92403,-86.08498,3.0,1,0.0,1,0,2,4,1235,145.0,0,5,1.0,1,0.0,Nicaraguan Democratic Force (FDN)
16958,0,159,3,256,1562,-11.967368,-76.978462,1.0,0,0.0,1,0,3,3,1570,159.0,0,6,0.0,1,0.0,Shining Path (SL)
53734,0,209,10,217,1399,38.457543,40.647071,1.0,0,0.0,1,0,2,4,427,209.0,0,5,3.0,-9,0.0,Kurdistan Workers' Party (PKK)
53668,0,95,10,34,184,36.354145,43.14357,1.0,0,0.0,0,0,3,15,357,95.0,0,6,0.0,0,0.0,Al-Qaida in Iraq
58569,0,160,5,380,2010,13.882276,120.913666,1.0,0,0.0,1,0,7,19,1200,160.0,0,5,0.0,1,0.0,New People's Army (NPA)
59677,0,214,9,135,785,47.117252,37.572659,1.0,0,0.0,1,0,7,4,427,214.0,0,5,3.0,1,0.0,Donetsk People's Republic
15979,0,185,8,81,388,43.291618,-1.977903,1.0,0,0.0,1,0,2,14,735,69.0,0,8,0.0,1,0.0,Basque Fatherland and Freedom (ETA)
35044,0,186,6,240,1438,6.941837,79.861687,1.0,0,0.0,1,1,3,1,702,186.0,0,6,90.0,1,0.0,Liberation Tigers of Tamil Eelam (LTTE)
11015,0,185,8,81,388,43.291618,-1.977903,1.0,0,0.0,1,0,3,4,737,185.0,0,6,0.0,1,0.0,Basque Fatherland and Freedom (ETA)
29878,0,209,10,195,1260,41.106178,28.689863,1.0,0,1.0,1,0,7,1,702,209.0,0,8,0.0,1,0.0,Kurdistan Workers' Party (PKK)
61731,0,214,9,135,797,48.04668,37.942146,1.0,1,0.0,1,0,3,20,6,214.0,0,6,0.0,0,0.0,Donetsk People's Republic
64709,0,182,11,64,305,4.120602,43.890526,1.0,1,0.0,1,0,2,19,557,182.0,0,5,5.0,1,0.0,Al-Shabaab
63979,0,159,3,432,2398,-12.950153,-74.020741,3.0,0,0.0,0,0,2,4,12,159.0,0,5,0.0,0,0.0,Shining Path (SL)
42204,1,95,10,30,177,33.303566,44.371773,1.0,0,0.0,1,0,6,7,353,6.0,0,5,2.0,0,1.0,Al-Qaida in Iraq
59964,0,214,9,135,810,48.730804,37.574596,1.0,0,0.0,1,0,7,19,1200,214.0,0,8,0.0,1,0.0,Donetsk People's Republic
17660,0,183,11,25,121,-33.941849,18.41964,1.0,0,0.0,0,0,3,4,226,183.0,0,6,0.0,0,0.0,African National Congress (South Africa)
71964,0,228,10,57,1127,13.181362,43.728558,3.0,0,0.0,1,0,3,14,639,228.0,0,6,2.0,-9,0.0,Houthi extremists (Ansar Allah)
5444,0,97,10,412,2221,31.771599,35.2034,1.0,0,0.0,1,0,3,2,2557,97.0,0,6,1.0,1,0.0,Palestinians
71501,0,209,10,217,1357,38.059761,40.388604,3.0,0,0.0,1,0,3,2,1690,209.0,0,6,0.0,0,0.0,Kurdistan Workers' Party (PKK)
17932,0,159,3,432,2422,-12.955214,-74.252729,1.0,0,1.0,1,0,3,21,1961,159.0,0,6,0.0,1,0.0,Shining Path (SL)
75637,0,209,10,217,1349,38.292876,41.022436,1.0,1,0.0,1,0,3,4,48,209.0,0,6,1.0,1,0.0,Kurdistan Workers' Party (PKK)
77223,0,173,10,172,1116,16.893194,42.57526,1.0,0,0.0,1,0,3,14,1372,173.0,0,6,0.0,0,0.0,Houthi extremists (Ansar Allah)
82462,0,209,10,208,1356,37.300035,44.572792,3.0,0,0.0,1,0,3,4,48,209.0,0,6,2.0,-9,0.0,Kurdistan Workers' Party (PKK)
80259,0,214,9,135,789,48.143208,37.753361,1.0,0,0.0,1,0,3,14,853,214.0,0,6,4.0,1,0.0,Donetsk People's Republic
22040,0,186,6,203,1439,7.733107,81.68882,1.0,0,0.0,1,0,3,1,1518,186.0,0,6,0.0,1,0.0,Liberation Tigers of Tamil Eelam (LTTE)
48210,0,153,6,484,2739,33.528893,71.056122,1.0,0,0.0,1,0,1,2,3215,153.0,0,5,1.0,0,0.0,Tehrik-i-Taliban Pakistan (TTP)
17920,0,183,11,19,149,-26.252697,27.870275,1.0,0,0.0,1,0,3,3,229,183.0,0,6,0.0,1,0.0,African National Congress (South Africa)
42319,0,209,10,191,1346,36.976667,36.738466,3.0,1,0.0,1,0,3,19,1655,209.0,0,6,0.0,1,0.0,Kurdistan Workers' Party (PKK)
50440,0,147,11,100,466,11.840929,13.141459,1.0,0,0.0,1,0,2,4,883,147.0,0,5,3.0,1,0.0,Boko Haram
79240,0,92,6,118,618,23.505758,84.570792,2.0,0,1.0,0,0,3,3,85,92.0,0,6,0.0,0,0.0,Communist Party of India - Maoist (CPI-Maoist)
82458,0,173,10,176,1153,18.314753,42.725163,1.0,0,0.0,0,0,3,4,1411,173.0,0,6,0.0,0,0.0,Houthi extremists (Ansar Allah)
39825,0,160,5,0,8,6.556828,121.883449,1.0,1,0.0,1,0,1,14,66,160.0,0,9,1.0,0,0.0,Abu Sayyaf Group (ASG)
1540,0,603,8,178,1199,55.011562,-7.312045,1.0,0,0.0,1,0,1,4,1499,216.0,0,5,2.0,0,0.0,Irish Republican Army (IRA)
24207,0,155,10,304,2222,31.502407,34.459743,1.0,0,0.0,1,0,1,14,2573,155.0,0,9,1.0,0,0.0,Palestinians
32599,0,45,3,342,1869,3.429344,-76.516037,1.0,0,0.0,0,0,3,6,2705,45.0,0,6,0.0,1,0.0,Revolutionary Armed Forces of Colombia (FARC)
16193,0,145,2,401,2111,12.893423,-85.136456,1.0,0,0.0,1,0,2,4,1235,145.0,0,5,2.0,1,0.0,Nicaraguan Democratic Force (FDN)
69146,0,113,10,282,1744,32.069286,20.151144,1.0,0,0.0,1,1,3,4,48,113.0,0,6,4.0,0,0.0,Muslim extremists
48420,0,228,10,45,278,12.838674,44.868883,4.0,0,0.0,1,1,3,4,512,228.0,0,6,1.0,1,0.0,Al-Qaida in the Arabian Peninsula (AQAP)
32166,0,603,8,178,1177,54.607712,-5.95621,1.0,0,0.0,1,0,3,1,1467,233.0,0,6,0.0,1,0.0,Irish Republican Army (IRA)
18803,0,61,2,140,850,14.12458,-89.293171,1.0,0,0.0,1,0,2,4,1235,61.0,0,5,15.0,1,0.0,Farabundo Marti National Liberation Front (FMLN)
61980,0,182,11,63,304,2.059819,45.326115,1.0,0,0.0,1,0,1,2,584,182.0,0,5,1.0,1,0.0,Al-Shabaab
17462,0,145,2,405,2185,12.82166,-84.203876,1.0,0,0.0,1,0,3,11,2509,145.0,0,6,0.0,1,0.0,Nicaraguan Democratic Force (FDN)
18567,0,45,3,422,2284,2.47973,-72.95746,2.0,0,0.0,1,0,6,4,2687,45.0,0,5,0.0,0,1.0,Revolutionary Armed Forces of Colombia (FARC)
80807,1,147,11,111,1051,5.668971,6.340234,3.0,0,0.0,1,0,6,8,1356,147.0,0,5,0.0,0,1.0,Fulani extremists
12194,0,183,11,18,97,-29.861824,31.008293,1.0,0,0.0,1,0,3,3,202,183.0,0,6,0.0,1,0.0,African National Congress (South Africa)
48769,0,92,6,119,686,18.667221,81.671991,1.0,0,0.0,1,0,7,1,1018,92.0,0,8,0.0,1,0.0,Communist Party of India - Maoist (CPI-Maoist)
18224,0,92,6,316,24,31.147131,75.341218,4.0,0,1.0,1,0,1,14,2977,92.0,0,5,1.0,0,0.0,Sikh Extremists
32500,0,183,11,18,148,-29.688309,30.187246,1.0,1,0.0,1,0,2,22,268,183.0,0,5,6.0,0,0.0,African National Congress (South Africa)
25643,0,209,10,210,1407,37.537556,40.887996,1.0,0,0.0,1,0,2,4,1261,209.0,0,5,4.0,1,0.0,Kurdistan Workers' Party (PKK)
48627,0,4,6,467,2610,36.420551,64.89389,1.0,0,0.0,1,0,3,2,3117,4.0,0,6,0.0,0,0.0,Taliban
31958,0,69,8,126,24,41.918891,8.737554,4.0,0,1.0,1,0,3,2,410,69.0,0,6,0.0,1,0.0,Corsican National Liberation Front (FLNC)
54616,0,160,5,355,2033,7.448212,125.809424,2.0,0,0.0,1,0,3,4,2408,160.0,0,6,0.0,1,0.0,New People's Army (NPA)
62763,0,147,11,158,961,7.913514,10.064535,1.0,0,0.0,1,0,2,14,559,147.0,0,5,20.0,1,0.0,Fulani extremists
77435,0,228,10,51,259,14.360278,47.341944,1.0,0,0.0,1,0,3,14,469,228.0,0,6,2.0,1,0.0,Al-Qaida in the Arabian Peninsula (AQAP)
15399,0,183,11,19,144,-26.355773,28.208044,1.0,0,0.0,1,0,3,3,188,183.0,0,6,1.0,1,0.0,African National Congress (South Africa)
73284,0,182,11,65,307,-0.357847,42.54665,1.0,0,1.0,1,0,3,14,566,182.0,0,6,3.0,1,0.0,Al-Shabaab
37670,1,160,5,0,35,6.51792,122.12822,1.0,0,0.0,1,0,6,1,46,160.0,0,5,1.0,0,1.0,Abu Sayyaf Group (ASG)
48270,0,153,6,316,2730,33.594013,73.069077,1.0,0,1.0,1,0,2,14,403,153.0,0,5,3.0,1,0.0,Tehrik-i-Taliban Pakistan (TTP)
18827,0,183,11,19,115,-26.252697,27.870275,1.0,0,0.0,1,0,2,3,229,183.0,0,5,0.0,1,0.0,African National Congress (South Africa)
65263,0,228,10,50,241,15.325443,44.211895,1.0,0,0.0,0,0,1,2,1373,228.0,0,5,0.0,-9,0.0,Houthi extremists (Ansar Allah)
61572,0,209,10,218,1409,36.853067,40.047375,1.0,0,0.0,0,0,1,2,1710,209.0,0,6,0.0,1,0.0,Kurdistan Workers' Party (PKK)
44147,0,95,10,31,204,33.953167,44.921906,1.0,0,1.0,1,0,2,14,6,95.0,0,5,14.0,1,0.0,Al-Qaida in Iraq
61064,0,95,10,34,1769,36.269463,43.374397,1.0,0,0.0,1,0,3,14,853,95.0,0,6,0.0,-9,0.0,Muslim extremists
35748,0,45,3,342,1869,3.429344,-76.516037,1.0,1,0.0,1,0,2,19,2267,45.0,0,8,0.0,1,0.0,National Liberation Army of Colombia (ELN)
67416,0,228,10,45,236,12.825647,44.846416,1.0,0,0.0,1,0,3,11,1410,228.0,0,6,86.0,1,0.0,Houthi extremists (Ansar Allah)
36013,0,69,8,126,759,42.657985,9.414215,1.0,0,0.0,1,0,3,2,1112,69.0,0,6,0.0,1,0.0,Corsican National Liberation Front (FLNC)
80432,0,95,10,33,1267,33.669458,44.381155,2.0,0,0.0,1,0,3,4,48,95.0,0,6,1.0,0,0.0,Islamic State of Iraq and the Levant (ISIL)
81777,0,147,11,159,978,7.95745,5.547937,1.0,0,0.0,1,0,1,2,1343,147.0,0,5,1.0,0,0.0,Fulani extremists
57103,0,65,11,71,315,8.984457,38.807635,1.0,0,0.0,1,1,3,14,547,65.0,0,6,2.0,1,0.0,Al-Shabaab
16506,0,43,3,250,1550,-33.366238,-70.505302,1.0,0,0.0,1,0,3,14,1956,43.0,0,6,1.0,1,0.0,Manuel Rodriguez Patriotic Front (FPMR)
53208,0,95,10,35,219,35.272076,43.915043,1.0,0,1.0,1,0,3,4,48,95.0,0,6,0.0,0,0.0,Al-Qaida in Iraq
78992,0,95,10,34,184,36.354145,43.14357,1.0,0,0.0,1,0,3,8,51,95.0,0,6,2.0,-9,0.0,Islamic State of Iraq and the Levant (ISIL)
33034,0,209,10,208,24,37.449429,43.750656,4.0,0,0.0,1,0,2,4,412,209.0,0,5,17.0,1,0.0,Kurdistan Workers' Party (PKK)
81051,1,147,11,165,1016,6.751852,4.877997,1.0,0,0.0,1,0,6,2,1345,147.0,0,5,1.0,0,1.0,Fulani extremists
9576,0,69,8,126,762,41.785303,8.980413,1.0,0,0.0,1,0,3,1,1122,69.0,0,6,1.0,1,0.0,Corsican National Liberation Front (FLNC)
29471,0,185,8,82,380,36.686562,-6.137173,1.0,0,0.0,0,0,1,3,653,185.0,0,6,0.0,0,0.0,Basque Fatherland and Freedom (ETA)
78514,0,182,11,75,334,11.264581,49.251518,2.0,0,0.0,1,0,2,4,427,182.0,0,5,23.0,-9,0.0,Al-Shabaab
31325,0,209,10,218,1373,37.235821,39.762058,1.0,0,0.0,1,0,2,14,1673,209.0,0,5,1.0,0,0.0,Kurdistan Workers' Party (PKK)
15090,0,159,3,256,1562,-11.967368,-76.978462,1.0,0,0.0,1,0,3,1,3335,159.0,0,6,0.0,1,0.0,Tupac Amaru Revolutionary Movement (MRTA)
51508,0,147,11,100,466,11.840929,13.141459,1.0,0,0.0,1,0,1,2,864,147.0,0,5,1.0,-9,0.0,Boko Haram
68608,0,160,5,347,1968,8.058913,125.861375,1.0,0,0.0,1,0,3,4,12,160.0,0,6,0.0,0,0.0,New People's Army (NPA)
10122,0,69,8,128,761,43.529742,5.447427,1.0,0,1.0,1,0,3,1,802,69.0,0,6,0.0,1,0.0,Corsican National Liberation Front (FLNC)
11470,0,159,3,432,2397,-13.152712,-74.218628,1.0,0,0.0,1,0,1,14,2865,159.0,0,5,1.0,0,0.0,Shining Path (SL)
27979,0,45,3,342,2323,3.420628,-76.522119,3.0,0,0.0,1,0,1,2,2734,45.0,0,5,2.0,0,0.0,Revolutionary Armed Forces of Colombia (FARC)
73528,1,160,5,7,55,7.674924,123.152963,1.0,0,0.0,1,0,6,14,95,160.0,0,5,1.0,0,1.0,Abu Sayyaf Group (ASG)
25354,0,160,5,346,1929,15.319526,120.937717,1.0,0,0.0,1,0,6,14,562,160.0,0,5,0.0,0,1.0,New People's Army (NPA)
10586,0,145,2,397,2098,12.538409,-85.573921,2.0,1,0.0,1,0,7,19,2455,145.0,0,5,1.0,1,0.0,Nicaraguan Democratic Force (FDN)
83059,0,228,10,51,268,14.4296,46.151047,1.0,0,0.0,0,0,1,17,492,228.0,0,5,0.0,0,0.0,Al-Qaida in the Arabian Peninsula (AQAP)
65361,0,147,11,155,1041,7.86797,8.09553,1.0,0,1.0,1,0,2,14,27,147.0,0,5,3.0,0,0.0,Fulani extremists
34779,0,186,6,203,1440,9.748074,79.882883,1.0,0,0.0,1,0,3,4,1738,186.0,0,6,2.0,1,0.0,Liberation Tigers of Tamil Eelam (LTTE)
69031,0,147,11,100,519,11.840929,13.141459,1.0,0,0.0,1,0,2,14,27,147.0,0,5,8.0,0,0.0,Boko Haram
70840,0,92,6,119,1625,18.973896,81.399096,1.0,1,0.0,1,0,7,1,2021,92.0,0,8,0.0,1,0.0,Maoists
66373,0,147,11,155,987,7.905833,7.854722,2.0,0,0.0,1,0,2,14,27,147.0,0,5,95.0,1,0.0,Fulani extremists
30821,0,98,8,95,417,45.469212,9.174508,1.0,0,0.0,0,0,3,1,776,69.0,0,6,0.0,1,0.0,Basque Fatherland and Freedom (ETA)
15378,0,43,3,251,1554,-36.816006,-73.037659,1.0,0,1.0,1,0,3,1,1885,43.0,0,6,0.0,1,0.0,Manuel Rodriguez Patriotic Front (FPMR)
65081,0,214,9,135,794,47.805,37.576667,1.0,0,0.0,1,0,3,4,1187,214.0,0,6,0.0,-9,0.0,Donetsk People's Republic
35565,0,45,3,326,1874,5.74514,-75.97625,1.0,0,0.0,1,0,2,3,175,45.0,0,5,0.0,1,0.0,National Liberation Army of Colombia (ELN)
37269,1,45,3,333,2315,10.411301,-74.405661,4.0,0,1.0,1,0,6,1,2725,45.0,0,5,1.0,0,1.0,Revolutionary Armed Forces of Colombia (FARC)
69900,0,209,10,206,1326,39.106709,39.545246,1.0,0,0.0,1,0,2,3,175,209.0,0,5,3.0,0,0.0,Kurdistan Workers' Party (PKK)
81776,0,4,6,300,2653,34.248831,70.907566,2.0,0,1.0,0,0,2,3,3145,4.0,0,5,2.0,0,0.0,Taliban
24441,0,45,3,428,2360,3.86547,-67.92671,1.0,0,0.0,1,0,3,3,409,45.0,0,6,10.0,1,0.0,Revolutionary Armed Forces of Colombia (FARC)
4678,0,185,8,81,439,43.338233,-1.789272,1.0,0,0.0,1,0,1,3,774,185.0,0,5,1.0,0,0.0,Basque Fatherland and Freedom (ETA)
47914,0,95,10,30,177,33.303566,44.371773,1.0,0,1.0,1,0,3,15,358,95.0,0,6,1.0,-9,0.0,Al-Qaida in Iraq
57129,0,4,6,466,2628,35.411438,71.336533,3.0,0,0.0,1,0,2,3,1393,4.0,0,6,1.0,-9,0.0,Taliban
72935,0,209,10,217,1344,37.922218,40.184376,1.0,0,0.0,1,0,2,3,92,209.0,0,5,4.0,0,0.0,Kurdistan Workers' Party (PKK)
39281,0,141,6,246,1593,27.862527,85.113974,1.0,0,1.0,1,0,7,3,2013,141.0,0,5,0.0,1,0.0,Maoists
18152,0,45,3,330,1834,7.116294,-73.120026,1.0,0,0.0,1,0,1,2,2241,45.0,0,5,2.0,0,0.0,National Liberation Army of Colombia (ELN)
12279,0,92,6,316,24,31.147131,75.341218,4.0,0,0.0,0,0,3,19,3005,92.0,0,6,0.0,0,0.0,Sikh Extremists
26419,0,45,3,332,24,6.547306,-71.002231,4.0,0,0.0,1,0,2,3,412,45.0,0,5,0.0,1,0.0,Revolutionary Armed Forces of Colombia (FARC)
6581,0,185,8,81,388,43.291618,-1.977903,1.0,0,0.0,1,0,1,3,663,185.0,0,5,1.0,0,0.0,Basque Fatherland and Freedom (ETA)
41019,0,69,8,126,747,42.699997,9.447317,1.0,0,1.0,1,0,3,2,1139,69.0,0,6,0.0,1,0.0,Corsican National Liberation Front (FLNC)
4606,0,185,8,81,378,43.178205,-2.31164,1.0,0,0.0,1,0,3,3,652,185.0,0,6,2.0,1,0.0,Basque Fatherland and Freedom (ETA)
60639,0,147,11,105,472,10.890928,13.627589,1.0,0,1.0,1,0,7,15,836,147.0,0,8,0.0,1,0.0,Boko Haram
15440,0,92,6,316,2501,31.326015,75.576183,1.0,0,0.0,1,0,6,2,3054,92.0,0,5,5.0,1,1.0,Sikh Extremists
71259,0,4,6,300,2647,34.263149,70.78821,3.0,0,1.0,1,0,3,16,3139,422.0,0,6,0.0,1,0.0,Taliban
66149,0,214,9,135,789,48.143208,37.753361,1.0,0,0.0,1,0,2,4,48,214.0,0,6,0.0,0,0.0,Donetsk People's Republic
18411,0,61,2,142,24,13.495364,-88.979678,4.0,0,0.0,1,0,3,21,1237,61.0,0,6,0.0,1,0.0,Farabundo Marti National Liberation Front (FMLN)
56732,0,228,10,49,244,13.887403,45.863647,1.0,0,0.0,1,0,3,17,273,228.0,0,6,0.0,1,0.0,Al-Qaida in the Arabian Peninsula (AQAP)
45287,0,95,10,30,177,33.303566,44.371773,1.0,0,0.0,1,0,2,14,352,95.0,0,5,7.0,0,0.0,Al-Qaida in Iraq
34905,1,160,5,3,9,10.338213,123.942398,1.0,0,0.0,1,0,6,14,10,160.0,0,5,0.0,0,1.0,Abu Sayyaf Group (ASG)
28019,0,92,6,316,2509,30.672393,74.755048,1.0,1,0.0,1,0,2,3,412,92.0,0,5,2.0,1,0.0,Sikh Extremists
48352,0,92,6,120,639,22.35435,86.906606,1.0,0,0.0,1,0,6,14,599,92.0,0,5,1.0,0,1.0,Communist Party of India - Maoist (CPI-Maoist)
60578,0,182,11,61,347,0.949595,43.556059,3.0,0,0.0,1,0,6,14,562,182.0,0,9,0.0,0,0.0,Al-Shabaab
18171,0,43,3,250,1550,-33.366238,-70.505302,1.0,0,0.0,1,0,2,10,1909,43.0,0,5,0.0,1,0.0,Manuel Rodriguez Patriotic Front (FPMR)
53304,0,153,6,484,2714,34.006004,71.53743,1.0,0,0.0,1,0,3,4,637,153.0,0,6,8.0,1,0.0,Tehrik-i-Taliban Pakistan (TTP)
65590,0,228,10,53,24,14.802222,42.951111,4.0,0,0.0,1,0,2,14,1382,228.0,0,5,0.0,0,0.0,Houthi extremists (Ansar Allah)
55469,1,95,10,29,193,33.420948,43.295662,1.0,0,0.0,1,0,6,3,12,95.0,0,5,10.0,0,1.0,Muslim extremists
44637,0,4,6,479,24,36.896969,65.665857,4.0,0,0.0,1,0,2,2,3142,4.0,0,9,1.0,0,0.0,Taliban
26510,0,97,10,412,2221,31.771599,35.2034,1.0,0,0.0,1,0,7,7,2609,217.0,0,8,0.0,1,0.0,Palestinians
7997,0,603,8,178,1226,54.755402,-6.606029,1.0,0,0.0,1,0,1,3,1547,233.0,0,5,1.0,0,0.0,Irish Republican Army (IRA)
56295,0,92,6,117,1672,24.808342,84.791702,1.0,1,0.0,1,0,3,19,701,92.0,0,6,0.0,1,0.0,Maoists
26783,0,159,3,435,2412,-13.531688,-71.966924,1.0,0,0.0,1,0,3,7,3387,217.0,0,6,0.0,1,0.0,Tupac Amaru Revolutionary Movement (MRTA)
78867,0,92,6,122,1632,19.709905,83.365003,1.0,0,0.0,0,0,3,3,85,92.0,0,6,0.0,0,0.0,Maoists
4808,0,69,8,126,24,41.918891,8.737554,4.0,0,1.0,1,0,3,1,802,69.0,0,6,0.0,1,0.0,Corsican National Liberation Front (FLNC)
50679,0,95,10,30,177,33.303566,44.371773,1.0,0,0.0,1,0,3,14,13,95.0,0,6,2.0,0,0.0,Al-Qaida in Iraq
46186,0,4,6,471,2599,32.853333,68.449722,1.0,0,0.0,1,0,3,1,3113,4.0,0,6,1.0,1,0.0,Taliban
71282,0,92,6,118,1613,23.384612,84.651881,1.0,1,0.0,0,0,3,20,6,92.0,0,6,0.0,0,0.0,Maoists
26912,0,92,6,447,2486,28.585836,77.153336,1.0,0,0.0,1,0,3,1,3023,92.0,0,6,1.0,1,0.0,Sikh Extremists
45282,0,160,5,387,2032,17.614973,121.406719,1.0,0,0.0,1,0,3,16,2407,160.0,0,6,1.0,1,0.0,New People's Army (NPA)
41737,0,141,6,203,1605,27.021345,87.470224,1.0,0,0.0,1,0,3,4,2023,141.0,0,6,12.0,0,0.0,Maoists
37502,0,209,10,195,1260,41.106178,28.689863,1.0,0,0.0,1,0,3,19,1657,209.0,0,6,0.0,1,0.0,Kurdistan Workers' Party (PKK)
76861,0,173,10,172,1120,16.529372,43.013416,1.0,0,0.0,1,0,3,4,1375,173.0,0,6,0.0,1,0.0,Houthi extremists (Ansar Allah)
45141,1,4,6,463,2657,34.208849,69.143413,2.0,0,0.0,1,0,6,3,3150,4.0,0,9,2.0,0,1.0,Taliban
65383,0,92,6,119,1661,18.252285,81.244812,1.0,0,1.0,0,0,2,3,167,92.0,0,5,0.0,0,0.0,Maoists
55014,0,160,5,348,1933,10.840278,123.499167,1.0,0,0.0,1,0,2,3,2325,160.0,0,5,3.0,1,0.0,New People's Army (NPA)
2276,0,185,8,99,385,42.84964,-2.692359,1.0,0,0.0,1,0,3,8,80,185.0,0,6,1.0,1,0.0,Basque Fatherland and Freedom (ETA)
64822,0,228,10,47,265,15.914915,48.650745,1.0,0,0.0,1,0,3,3,409,228.0,0,6,4.0,1,0.0,Al-Qaida in the Arabian Peninsula (AQAP)
30670,0,159,3,445,2459,-5.707626,-78.809843,1.0,0,0.0,1,0,3,14,3381,159.0,0,5,7.0,1,0.0,Tupac Amaru Revolutionary Movement (MRTA)
43679,0,160,5,366,1955,9.78472,125.489693,1.0,0,0.0,1,0,1,3,413,160.0,0,5,1.0,-9,0.0,New People's Army (NPA)
30384,0,186,6,241,1445,8.980118,79.912462,3.0,0,0.0,1,0,2,4,12,186.0,0,5,6.0,1,0.0,Liberation Tigers of Tamil Eelam (LTTE)
79731,0,95,10,34,184,36.354145,43.14357,1.0,0,0.0,1,0,3,4,1211,95.0,0,6,2.0,1,0.0,Islamic State of Iraq and the Levant (ISIL)
28055,0,92,6,316,2489,31.8186,75.2028,1.0,1,0.0,1,0,2,3,412,92.0,0,5,3.0,1,0.0,Sikh Extremists
67540,0,4,6,472,2648,33.306127,62.156823,3.0,0,1.0,1,0,2,4,172,4.0,0,5,7.0,-9,0.0,Taliban
8069,0,61,2,139,849,13.69288,-89.199161,1.0,0,0.0,1,0,1,14,1307,61.0,0,5,1.0,0,0.0,Farabundo Marti National Liberation Front (FMLN)
79828,0,146,11,108,507,13.483374,12.843024,1.0,0,0.0,1,0,2,4,48,146.0,0,6,57.0,0,0.0,Boko Haram
15310,0,183,11,19,106,-25.718321,28.408798,1.0,0,0.0,1,0,1,3,196,183.0,0,5,1.0,0,0.0,African National Congress (South Africa)
79227,0,147,11,155,1046,7.444978,8.396494,2.0,0,0.0,1,0,2,14,1354,147.0,0,9,6.0,0,0.0,Fulani extremists
51014,0,92,6,119,1615,18.583752,80.769661,1.0,0,0.0,1,0,2,1,2034,92.0,0,5,0.0,1,0.0,Maoists
42256,0,45,3,332,1840,7.08582,-70.75779,1.0,0,0.0,1,0,3,15,2212,45.0,0,6,1.0,-9,0.0,National Liberation Army of Colombia (ELN)
52284,0,95,10,29,176,33.31065,44.038208,1.0,1,1.0,1,0,3,3,12,95.0,0,6,1.0,0,0.0,Al-Qaida in Iraq
71768,0,95,10,34,1265,36.229574,42.236244,2.0,0,0.0,0,1,3,4,48,95.0,0,6,15.0,0,0.0,Islamic State of Iraq and the Levant (ISIL)
68670,0,147,11,100,476,10.737778,13.130556,1.0,0,1.0,1,0,2,15,870,147.0,0,5,6.0,1,0.0,Boko Haram
50195,0,92,6,122,674,21.63869,85.606944,1.0,0,0.0,1,0,3,4,446,92.0,0,6,0.0,1,0.0,Communist Party of India - Maoist (CPI-Maoist)
16968,0,145,2,399,2126,12.49104,-86.28169,1.0,0,0.0,1,0,2,4,1235,145.0,0,5,10.0,1,0.0,Nicaraguan Democratic Force (FDN)
59627,0,160,5,1,19,6.053166,121.042788,2.0,0,0.0,1,0,2,4,20,160.0,0,5,5.0,-9,0.0,Abu Sayyaf Group (ASG)
75437,0,147,11,155,967,7.350826,8.836276,4.0,0,1.0,1,0,2,14,13,147.0,0,5,2.0,-9,0.0,Fulani extremists
54563,0,92,6,117,1645,25.540785,85.268411,1.0,0,0.0,1,0,6,14,2054,92.0,0,5,0.0,0,1.0,Maoists
35175,0,185,8,84,390,40.465595,-3.696263,1.0,0,0.0,0,0,3,1,665,69.0,0,6,0.0,1,0.0,Basque Fatherland and Freedom (ETA)
60386,0,228,10,47,253,15.940011,48.789753,1.0,0,1.0,1,0,3,2,251,228.0,0,6,3.0,-9,0.0,Al-Qaida in the Arabian Peninsula (AQAP)
53118,0,92,6,122,1636,18.855598,82.736167,2.0,1,0.0,1,0,3,4,601,92.0,0,6,1.0,1,0.0,Maoists
60146,0,147,11,112,540,11.277037,9.882266,3.0,0,0.0,1,0,3,4,881,147.0,0,6,3.0,1,0.0,Boko Haram
72787,0,147,11,164,998,6.835866,7.234769,1.0,0,0.0,1,0,2,14,27,147.0,0,5,2.0,1,0.0,Fulani extremists
70657,0,153,6,316,2749,30.705992,70.648447,1.0,0,0.0,1,1,3,22,3227,153.0,0,6,10.0,0,0.0,Tehrik-i-Taliban Pakistan (TTP)
8800,0,183,11,21,131,-25.439625,31.680998,1.0,0,0.0,1,0,3,21,239,183.0,0,6,0.0,1,0.0,African National Congress (South Africa)
45535,0,45,3,342,2327,3.88182,-77.07042,1.0,0,0.0,1,0,3,2,2744,45.0,0,6,0.0,1,0.0,Revolutionary Armed Forces of Colombia (FARC)
62835,0,209,10,207,1360,37.331264,42.181782,3.0,0,1.0,1,0,7,8,51,209.0,0,8,0.0,1,0.0,Kurdistan Workers' Party (PKK)
46103,0,153,6,485,2789,32.987347,70.602524,1.0,1,0.0,1,0,3,8,3275,153.0,0,6,0.0,1,0.0,Tehrik-i-Taliban Pakistan (TTP)
42188,0,186,6,203,1436,8.457907,81.268402,1.0,0,0.0,1,0,3,12,6,186.0,0,6,0.0,-9,0.0,Liberation Tigers of Tamil Eelam (LTTE)
49730,0,160,5,1,22,6.050458,121.012245,1.0,0,0.0,0,0,3,1,122,160.0,0,6,0.0,0,0.0,Abu Sayyaf Group (ASG)
47022,1,92,6,120,646,22.632149,86.764311,1.0,0,0.0,1,0,6,2,968,92.0,0,5,2.0,0,1.0,Communist Party of India - Maoist (CPI-Maoist)
81110,0,228,10,57,277,13.586484,44.024105,1.0,0,0.0,1,0,3,14,1196,228.0,0,6,1.0,-9,0.0,Houthi extremists (Ansar Allah)
57213,0,147,11,102,493,11.74464,11.970257,1.0,0,1.0,1,0,2,3,859,147.0,0,6,21.0,1,0.0,Boko Haram
28356,0,43,3,250,1550,-33.366238,-70.505302,1.0,0,0.0,1,0,3,2,373,43.0,0,6,0.0,1,0.0,Manuel Rodriguez Patriotic Front (FPMR)
61573,0,147,11,161,990,12.765936,12.765936,3.0,0,0.0,1,0,2,14,1344,147.0,0,5,7.0,0,0.0,Fulani extremists
9482,0,45,3,424,24,8.402925,-75.899867,4.0,0,0.0,1,0,1,14,2689,45.0,0,5,7.0,0,0.0,Revolutionary Armed Forces of Colombia (FARC)
67200,0,214,9,135,788,48.363186,37.891922,1.0,1,0.0,1,0,2,4,48,214.0,0,6,0.0,-9,0.0,Donetsk People's Republic
29062,0,92,6,264,24,26.846709,80.946159,4.0,0,0.0,1,0,1,14,2975,92.0,0,5,3.0,0,0.0,Sikh Extremists
59234,0,95,10,33,187,33.540672,44.251266,1.0,0,0.0,1,1,3,4,12,95.0,0,6,5.0,-9,0.0,Muslim extremists
14278,0,159,3,256,1562,-11.967368,-76.978462,1.0,0,0.0,1,0,5,10,3372,159.0,0,5,0.0,1,1.0,Tupac Amaru Revolutionary Movement (MRTA)
44716,0,95,10,31,212,33.693947,45.067425,1.0,0,0.0,1,0,3,19,385,95.0,0,6,7.0,1,0.0,Al-Qaida in Iraq
42695,0,69,8,126,758,42.121236,8.758887,1.0,0,1.0,0,0,3,14,1105,69.0,0,6,0.0,0,0.0,Corsican National Liberation Front (FLNC)
51282,0,147,11,100,461,11.655408,13.412932,1.0,0,1.0,1,0,3,3,175,147.0,0,6,0.0,1,0.0,Boko Haram
67100,0,153,6,484,2714,34.006004,71.53743,1.0,0,0.0,1,0,3,3,12,153.0,0,6,1.0,1,0.0,Tehrik-i-Taliban Pakistan (TTP)
62040,0,228,10,47,242,15.914915,48.650745,1.0,0,0.0,0,0,1,4,445,228.0,0,5,0.0,0,0.0,Al-Qaida in the Arabian Peninsula (AQAP)
48871,0,92,6,118,608,23.669296,86.151112,3.0,0,0.0,1,0,3,3,1008,92.0,0,6,1.0,1,0.0,Communist Party of India - Maoist (CPI-Maoist)
41278,0,160,5,11,43,14.601285,120.952293,1.0,0,0.0,1,0,3,11,61,160.0,0,6,116.0,1,0.0,Abu Sayyaf Group (ASG)
11346,0,145,2,392,2086,13.642491,-86.309214,1.0,0,0.0,1,0,2,14,2450,145.0,0,5,1.0,1,0.0,Nicaraguan Democratic Force (FDN)
51746,0,92,6,119,1667,18.775175,80.536697,1.0,1,0.0,1,0,3,22,268,92.0,0,6,3.0,1,0.0,Maoists
69898,0,147,11,100,541,11.185278,13.884167,1.0,0,0.0,1,1,3,14,334,147.0,0,6,48.0,0,0.0,Boko Haram
33133,0,209,10,195,1260,41.106178,28.689863,1.0,1,0.0,0,0,3,19,1709,209.0,0,6,0.0,1,0.0,Kurdistan Workers' Party (PKK)
63793,0,147,11,103,467,7.78811,6.729729,1.0,0,0.0,1,0,3,3,837,147.0,0,6,1.0,1,0.0,Boko Haram
77603,0,60,10,267,24,30.608472,33.617577,4.0,0,0.0,0,0,3,20,6,60.0,0,6,0.0,0,0.0,Muslim extremists
49759,0,153,6,484,2714,34.006004,71.53743,1.0,0,1.0,1,0,3,1,3220,153.0,0,6,18.0,1,0.0,Tehrik-i-Taliban Pakistan (TTP)
55942,0,228,10,47,245,14.54397,49.12458,1.0,0,0.0,1,0,2,2,447,228.0,0,5,1.0,0,0.0,Al-Qaida in the Arabian Peninsula (AQAP)
22855,0,92,6,316,2508,30.193752,74.409326,1.0,0,0.0,1,0,2,19,2996,92.0,0,5,20.0,1,0.0,Sikh Extremists
18357,0,92,6,451,2528,30.795441,77.069611,1.0,0,0.0,1,0,2,3,3014,92.0,0,5,4.0,1,0.0,Sikh Extremists
16998,0,145,2,392,2083,13.564251,-86.02984,1.0,0,0.0,1,0,2,14,2454,145.0,0,5,1.0,1,0.0,Nicaraguan Democratic Force (FDN)
46308,0,153,6,316,2741,32.5539,72.131987,1.0,0,0.0,1,0,2,3,3216,153.0,0,6,12.0,1,1.0,Tehrik-i-Taliban Pakistan (TTP)
20971,0,183,11,19,124,-26.1072,28.058292,1.0,0,0.0,1,0,3,21,230,183.0,0,6,0.0,1,0.0,African National Congress (South Africa)
26710,0,45,3,330,24,6.643708,-73.653621,4.0,1,1.0,1,0,3,21,2699,45.0,0,6,0.0,1,0.0,Revolutionary Armed Forces of Colombia (FARC)
64042,0,160,5,0,38,6.643853,122.156371,1.0,0,0.0,0,0,3,8,51,160.0,0,6,0.0,0,0.0,Abu Sayyaf Group (ASG)
19015,0,159,3,256,1562,-11.967368,-76.978462,1.0,0,0.0,1,0,3,1,1881,199.0,0,6,0.0,1,0.0,Tupac Amaru Revolutionary Movement (MRTA)
70867,0,228,10,45,236,12.825647,44.846416,1.0,0,0.0,0,0,2,3,477,228.0,0,5,0.0,0,0.0,Al-Qaida in the Arabian Peninsula (AQAP)
49027,0,92,6,120,696,23.066347,87.403396,2.0,0,0.0,1,0,2,14,1028,92.0,0,5,2.0,0,0.0,Communist Party of India - Maoist (CPI-Maoist)
18894,0,45,3,323,1846,8.638953,-72.918372,1.0,0,0.0,1,0,3,21,2214,45.0,0,6,0.0,1,0.0,National Liberation Army of Colombia (ELN)
54737,0,92,6,119,716,18.9,81.35,3.0,0,0.0,1,0,3,3,12,92.0,0,6,0.0,1,0.0,Maoists
53189,0,95,10,33,189,33.835629,44.247406,1.0,0,1.0,1,0,3,4,20,95.0,0,6,5.0,1,0.0,Al-Qaida in Iraq
68600,0,45,3,326,2358,6.885648,-75.335829,3.0,0,0.0,1,0,3,4,2777,45.0,0,6,1.0,0,0.0,Revolutionary Armed Forces of Colombia (FARC)
61596,0,147,11,110,992,9.538302,8.907022,2.0,0,0.0,1,0,2,14,27,147.0,0,5,5.0,0,0.0,Fulani extremists
69191,0,153,6,484,2754,32.995865,70.687074,3.0,0,0.0,1,0,2,4,2046,153.0,0,5,5.0,0,0.0,Tehrik-i-Taliban Pakistan (TTP)
58026,1,45,3,323,1847,8.833333,-73.2,1.0,0,0.0,1,0,6,1,2216,45.0,0,5,0.0,0,1.0,National Liberation Army of Colombia (ELN)
77248,0,173,10,56,1119,21.416667,39.816667,1.0,1,0.0,0,0,3,14,841,173.0,0,6,0.0,0,0.0,Houthi extremists (Ansar Allah)
22218,0,185,8,81,24,43.003305,-2.612578,4.0,0,1.0,1,0,7,1,702,185.0,0,8,0.0,1,0.0,Basque Fatherland and Freedom (ETA)
80773,0,209,10,215,1389,38.178403,41.495567,1.0,0,1.0,1,0,2,2,1688,209.0,0,5,1.0,1,0.0,Kurdistan Workers' Party (PKK)
6257,0,185,8,81,388,43.291618,-1.977903,1.0,0,0.0,1,0,1,4,671,185.0,0,5,1.0,0,0.0,Basque Fatherland and Freedom (ETA)
28048,0,69,8,126,775,42.309409,9.149022,1.0,0,1.0,1,0,3,2,1113,69.0,0,6,0.0,1,0.0,Corsican National Liberation Front (FLNC)
67385,0,214,9,135,789,48.143208,37.753361,1.0,1,0.0,1,0,3,4,409,214.0,0,6,4.0,1,0.0,Donetsk People's Republic
21610,0,92,6,316,2511,31.326015,75.576183,3.0,0,0.0,1,0,2,14,27,92.0,0,5,2.0,1,0.0,Sikh Extremists
59846,0,92,6,117,1677,25.180788,85.965391,3.0,0,0.0,1,0,3,3,167,92.0,0,6,0.0,1,0.0,Maoists
59274,0,182,11,61,314,1.808302,44.695141,1.0,0,0.0,1,0,3,4,162,422.0,0,6,0.0,-9,0.0,Al-Shabaab
22514,0,45,3,326,1887,6.153669,-75.37416,1.0,0,0.0,1,0,2,4,412,45.0,0,5,0.0,1,0.0,National Liberation Army of Colombia (ELN)
74693,0,33,11,294,1764,14.100087,-0.149499,2.0,0,0.0,1,0,2,3,175,33.0,0,5,3.0,1,0.0,Muslim extremists
51706,0,95,10,33,182,34.208416,43.890713,1.0,0,1.0,1,0,3,3,85,95.0,0,6,3.0,1,0.0,Al-Qaida in Iraq
17214,0,61,2,143,861,13.64121,-88.785423,1.0,0,1.0,1,0,2,4,1241,61.0,0,5,2.0,1,0.0,Farabundo Marti National Liberation Front (FMLN)
47170,0,160,5,0,5,6.660501,122.138992,1.0,0,0.0,1,0,3,14,13,160.0,0,6,0.0,1,0.0,Abu Sayyaf Group (ASG)
15171,0,160,5,369,2031,11.263605,122.688646,1.0,0,0.0,0,0,1,2,2406,160.0,0,5,0.0,0,0.0,New People's Army (NPA)
76449,0,200,10,188,1726,36.201721,37.14352,1.0,0,1.0,1,0,3,14,1344,200.0,0,6,0.0,-9,0.0,Muslim extremists
61872,0,228,10,49,249,14.061252,46.914978,1.0,0,1.0,1,1,3,4,172,228.0,0,6,4.0,-9,0.0,Al-Qaida in the Arabian Peninsula (AQAP)
17504,0,43,3,250,1550,-33.366238,-70.505302,1.0,0,0.0,1,0,3,10,1887,43.0,0,6,0.0,1,0.0,Manuel Rodriguez Patriotic Front (FPMR)
71812,0,160,5,1,65,6.04343,120.994263,1.0,0,0.0,0,0,3,4,120,160.0,0,6,0.0,0,0.0,Abu Sayyaf Group (ASG)
23472,0,160,5,351,1930,15.153002,120.591942,1.0,0,0.0,1,0,2,3,2323,160.0,0,5,0.0,1,0.0,New People's Army (NPA)
56437,0,160,5,356,1937,14.272535,121.453144,1.0,0,0.0,1,0,7,19,1200,160.0,0,8,0.0,1,0.0,New People's Army (NPA)
49703,0,147,11,104,470,11.08192,7.715956,1.0,0,1.0,1,0,3,14,13,147.0,0,6,0.0,1,0.0,Boko Haram
25210,0,186,6,203,1481,7.529372,81.794609,1.0,0,0.0,1,0,3,19,1817,186.0,0,6,0.0,1,0.0,Liberation Tigers of Tamil Eelam (LTTE)
17369,0,45,3,327,1826,4.667128,-74.106056,1.0,0,0.0,1,0,2,4,1245,45.0,0,5,1.0,1,0.0,National Liberation Army of Colombia (ELN)
61493,0,214,9,135,803,47.942608,37.505135,1.0,0,0.0,0,0,6,14,1210,214.0,0,5,0.0,0,0.0,Donetsk People's Republic
16797,0,159,3,256,1562,-11.967368,-76.978462,1.0,0,1.0,1,0,3,1,3325,159.0,0,6,0.0,1,0.0,Tupac Amaru Revolutionary Movement (MRTA)
79468,0,160,5,13,2009,7.730071,125.099395,1.0,0,0.0,0,0,2,4,48,160.0,0,5,0.0,0,0.0,New People's Army (NPA)
26075,0,155,10,410,2217,32.222271,35.253506,1.0,0,0.0,0,0,1,1,2539,97.0,0,9,1.0,0,0.0,Palestinians
43335,0,186,6,74,1443,7.785857,81.589802,1.0,0,0.0,1,0,3,4,1741,186.0,0,6,3.0,-9,0.0,Liberation Tigers of Tamil Eelam (LTTE)
62150,0,214,9,135,786,47.981647,37.762325,1.0,0,0.0,1,0,3,1,204,214.0,0,6,0.0,1,0.0,Donetsk People's Republic
66174,0,214,9,135,789,48.143208,37.753361,1.0,0,0.0,1,0,3,4,48,214.0,0,6,0.0,0,0.0,Donetsk People's Republic
5309,0,603,8,178,1177,54.607712,-5.95621,1.0,0,0.0,1,0,7,1,1529,233.0,0,8,0.0,1,0.0,Irish Republican Army (IRA)
81746,0,95,10,34,184,36.354145,43.14357,1.0,0,0.0,1,1,3,4,373,95.0,0,6,4.0,1,0.0,Islamic State of Iraq and the Levant (ISIL)
36840,1,160,5,0,67,6.486859,121.913314,1.0,0,0.0,1,0,3,14,124,160.0,0,5,2.0,-9,1.0,Abu Sayyaf Group (ASG)
55774,0,147,11,100,466,11.840929,13.141459,1.0,0,0.0,1,0,2,8,854,147.0,0,5,9.0,1,0.0,Boko Haram
67212,0,160,5,352,1947,12.622839,123.668206,1.0,0,0.0,1,0,2,14,2335,160.0,0,5,1.0,0,0.0,New People's Army (NPA)
22097,0,185,8,86,424,43.46096,-3.807934,3.0,0,1.0,1,0,3,19,732,185.0,0,6,0.0,1,0.0,Basque Fatherland and Freedom (ETA)
49331,0,228,10,47,274,14.762732,49.605728,1.0,0,0.0,1,0,1,2,499,228.0,0,5,1.0,0,0.0,Al-Qaida in the Arabian Peninsula (AQAP)
68002,0,160,5,0,12,6.482175,122.165286,1.0,0,0.0,0,0,3,4,48,160.0,0,6,0.0,0,0.0,Abu Sayyaf Group (ASG)
42553,0,45,3,342,1869,3.429344,-76.516037,1.0,0,0.0,1,0,2,3,2742,45.0,0,5,2.0,0,0.0,Revolutionary Armed Forces of Colombia (FARC)
22301,0,183,11,19,129,-26.371483,28.408806,1.0,0,0.0,1,0,3,3,236,183.0,0,6,0.0,1,0.0,African National Congress (South Africa)
27862,0,159,3,488,2816,-12.050894,-77.126074,1.0,0,0.0,1,0,3,21,3319,159.0,0,6,0.0,1,0.0,Tupac Amaru Revolutionary Movement (MRTA)
81433,0,60,10,269,1728,31.200092,29.918739,1.0,0,0.0,1,0,2,14,2150,60.0,0,9,0.0,0,0.0,Muslim extremists
19089,0,97,10,241,2245,33.004219,35.092571,1.0,0,0.0,1,0,3,14,2580,97.0,0,6,0.0,1,0.0,Palestinians
56058,0,182,11,63,304,2.059819,45.326115,1.0,0,0.0,1,0,3,21,560,182.0,0,6,0.0,1,0.0,Al-Shabaab
62745,0,214,9,135,786,47.981647,37.762325,1.0,0,1.0,1,0,3,4,1190,214.0,0,6,0.0,-9,0.0,Donetsk People's Republic
71267,1,160,5,357,1938,8.892579,126.300309,2.0,0,0.0,1,0,6,14,2329,160.0,0,5,1.0,0,1.0,New People's Army (NPA)
32794,0,69,8,126,743,42.016854,9.403982,1.0,0,0.0,1,0,3,1,204,69.0,0,6,0.0,1,0.0,Corsican National Liberation Front (FLNC)
13957,0,145,2,407,2128,13.333325,-85.372013,1.0,0,0.0,1,0,2,4,412,145.0,0,5,1.0,1,0.0,Nicaraguan Democratic Force (FDN)
49471,0,45,3,425,2303,0.667105,-76.871354,1.0,1,0.0,1,0,3,21,2714,45.0,0,6,0.0,1,0.0,Revolutionary Armed Forces of Colombia (FARC)
81166,0,182,11,66,308,2.973305,45.535603,1.0,0,0.0,1,0,2,4,427,182.0,0,5,7.0,-9,0.0,Al-Shabaab
55300,0,208,10,293,1762,35.239591,8.750597,1.0,1,1.0,1,0,3,4,48,208.0,0,6,0.0,0,0.0,Muslim extremists
22544,0,159,3,430,2395,-11.419301,-75.688882,3.0,0,0.0,1,0,2,1,2825,159.0,0,5,0.0,1,0.0,Shining Path (SL)
16148,0,43,3,250,1550,-33.366238,-70.505302,1.0,0,0.0,1,0,7,19,1925,43.0,0,8,0.0,1,0.0,Manuel Rodriguez Patriotic Front (FPMR)
45650,1,153,6,485,2773,35.079406,72.428758,3.0,0,0.0,1,0,6,3,3253,153.0,0,9,1.0,0,1.0,Tehrik-i-Taliban Pakistan (TTP)
33227,0,45,3,328,1872,9.257778,-73.812222,1.0,0,0.0,0,0,3,21,2265,45.0,0,6,1.0,1,0.0,National Liberation Army of Colombia (ELN)
26199,0,159,3,256,1562,-11.967368,-76.978462,1.0,0,0.0,1,0,6,1,3348,159.0,0,5,0.0,0,1.0,Tupac Amaru Revolutionary Movement (MRTA)
69357,0,209,10,210,1370,37.420683,41.350359,1.0,0,0.0,1,0,2,3,1671,209.0,0,5,1.0,0,0.0,Kurdistan Workers' Party (PKK)
54205,0,147,11,107,484,11.974328,8.50026,1.0,0,0.0,1,0,2,15,354,147.0,0,5,3.0,0,0.0,Boko Haram
32517,0,603,8,178,1177,54.607712,-5.95621,1.0,0,0.0,0,0,7,1,1459,216.0,0,8,0.0,1,0.0,Irish Republican Army (IRA)
15077,0,61,2,148,895,13.483333,-88.466667,1.0,0,1.0,1,0,3,21,1276,61.0,0,6,0.0,1,0.0,Farabundo Marti National Liberation Front (FMLN)
5538,0,185,8,81,388,43.291618,-1.977903,1.0,0,0.0,0,0,3,1,773,69.0,0,6,0.0,0,0.0,Basque Fatherland and Freedom (ETA)
19437,0,69,8,126,743,42.016854,9.403982,1.0,0,1.0,1,0,3,1,1080,69.0,0,6,0.0,1,0.0,Corsican National Liberation Front (FLNC)
52994,0,95,10,29,199,33.457222,44.086389,1.0,0,1.0,1,0,2,3,20,95.0,0,5,4.0,0,0.0,Al-Qaida in Iraq
55953,0,60,10,267,1724,31.27591,34.217949,1.0,0,1.0,1,0,3,4,167,60.0,0,6,0.0,0,0.0,Muslim extremists
64577,0,228,10,50,241,15.325443,44.211895,1.0,0,0.0,1,0,6,14,1383,228.0,0,5,0.0,0,1.0,Houthi extremists (Ansar Allah)
13998,0,159,3,256,1562,-11.967368,-76.978462,1.0,0,0.0,1,0,5,8,3340,159.0,0,5,0.0,1,0.0,Tupac Amaru Revolutionary Movement (MRTA)
72568,0,228,10,57,1151,13.168248,43.742406,2.0,0,1.0,1,0,3,14,1196,228.0,0,6,0.0,-9,0.0,Houthi extremists (Ansar Allah)
46350,0,95,10,30,177,33.303566,44.371773,1.0,1,0.0,1,0,3,14,372,95.0,0,6,7.0,1,0.0,Al-Qaida in Iraq
30571,0,183,11,19,95,-26.252697,27.870275,1.0,0,0.0,1,0,2,1,185,183.0,0,5,5.0,1,0.0,African National Congress (South Africa)
79854,0,182,11,63,304,2.059819,45.326115,1.0,0,0.0,1,0,1,2,568,182.0,0,5,1.0,0,0.0,Al-Shabaab
15105,0,183,11,19,106,-25.718321,28.408798,1.0,0,0.0,1,0,1,3,196,183.0,0,6,1.0,0,0.0,African National Congress (South Africa)
23990,0,69,8,126,742,42.113828,8.701548,1.0,0,0.0,1,0,3,1,1079,69.0,0,6,0.0,1,0.0,Corsican National Liberation Front (FLNC)
61090,0,214,9,135,810,48.740385,37.590927,2.0,1,0.0,1,0,2,4,427,214.0,0,6,4.0,1,0.0,Donetsk People's Republic
37212,0,209,10,211,1331,36.967762,35.258725,3.0,0,0.0,1,0,2,4,1648,209.0,0,5,1.0,0,0.0,Kurdistan Workers' Party (PKK)
80419,1,200,10,201,1286,35.28798,40.308863,2.0,0,0.0,1,0,6,17,268,200.0,0,5,31.0,0,1.0,Islamic State of Iraq and the Levant (ISIL)
25034,0,142,8,180,1200,51.192442,5.994695,1.0,0,0.0,1,0,1,1,1480,14.0,0,5,2.0,0,0.0,Irish Republican Army (IRA)
82087,0,153,6,389,2746,34.595278,71.461111,1.0,0,1.0,0,0,1,17,3224,153.0,0,6,0.0,1,0.0,Tehrik-i-Taliban Pakistan (TTP)
72515,0,147,11,100,539,10.869414,12.850553,1.0,0,1.0,1,1,3,14,334,147.0,0,6,5.0,1,0.0,Boko Haram
47210,0,92,6,117,661,26.491815,84.684478,1.0,0,0.0,1,0,3,1,984,92.0,0,6,0.0,1,0.0,Communist Party of India - Maoist (CPI-Maoist)
29723,0,186,6,203,1441,7.301756,81.67473,3.0,0,0.0,1,0,1,14,1801,186.0,0,5,3.0,0,0.0,Liberation Tigers of Tamil Eelam (LTTE)
79287,0,182,11,66,357,2.716451,45.68372,1.0,0,0.0,1,0,7,14,27,182.0,0,8,0.0,1,0.0,Al-Shabaab
55958,0,60,10,267,1724,31.250196,34.24128,1.0,0,1.0,1,0,2,3,20,60.0,0,5,1.0,0,0.0,Muslim extremists
15408,0,92,6,316,24,31.147131,75.341218,4.0,0,0.0,1,0,2,14,3018,92.0,0,5,8.0,1,0.0,Sikh Extremists
56442,0,60,10,267,1732,31.126646,33.800865,1.0,0,1.0,1,0,3,4,1226,60.0,0,6,0.0,0,0.0,Muslim extremists
72794,0,4,6,464,2655,32.137698,64.98576,1.0,0,1.0,0,0,2,3,175,4.0,0,5,0.0,0,0.0,Taliban
68713,0,160,5,1,22,6.047448,121.00131,1.0,0,0.0,1,0,3,4,59,160.0,0,6,0.0,0,0.0,Abu Sayyaf Group (ASG)
12764,0,159,3,432,2403,-12.983333,-74.183333,2.0,0,0.0,1,0,2,14,2841,159.0,0,5,17.0,1,1.0,Shining Path (SL)
12587,0,43,3,250,1550,-33.366238,-70.505302,1.0,0,1.0,1,0,3,21,1234,43.0,0,6,0.0,1,0.0,Manuel Rodriguez Patriotic Front (FPMR)
23232,0,97,10,410,2224,32.283429,35.384778,1.0,0,0.0,1,0,1,14,2534,155.0,0,9,1.0,0,0.0,Palestinians
58518,0,45,3,326,2328,6.906659,-75.686928,3.0,0,0.0,1,0,3,19,398,45.0,0,6,0.0,1,0.0,Revolutionary Armed Forces of Colombia (FARC)
50736,0,147,11,112,505,12.78679,10.23771,1.0,0,0.0,1,0,2,3,868,147.0,0,6,1.0,1,0.0,Boko Haram
32086,0,45,3,323,1853,7.894195,-72.503885,1.0,0,1.0,0,0,3,20,2244,45.0,0,6,0.0,1,0.0,National Liberation Army of Colombia (ELN)
9580,0,110,10,411,2218,33.888523,35.503513,1.0,0,0.0,1,0,2,4,2563,97.0,0,5,0.0,1,0.0,Palestinians
39256,1,45,3,328,1880,9.19974,-73.5433,1.0,0,0.0,1,0,6,1,2270,45.0,0,5,0.0,0,1.0,National Liberation Army of Colombia (ELN)
62739,0,228,10,47,245,14.54397,49.12458,1.0,0,0.0,1,0,2,3,92,228.0,0,5,1.0,0,0.0,Al-Qaida in the Arabian Peninsula (AQAP)
56506,0,160,5,358,1946,7.435278,125.225278,1.0,0,0.0,1,0,7,1,2334,160.0,0,8,0.0,1,0.0,New People's Army (NPA)
52268,0,147,11,100,24,12.12052,13.174035,4.0,0,0.0,1,0,2,3,12,147.0,0,5,3.0,0,0.0,Boko Haram
31930,0,209,10,228,1380,40.039118,43.659959,1.0,0,0.0,1,0,2,14,1679,209.0,0,5,8.0,1,0.0,Kurdistan Workers' Party (PKK)
45828,0,92,6,118,606,23.264121,85.644772,1.0,0,0.0,1,0,2,3,804,92.0,0,5,5.0,0,0.0,Communist Party of India - Maoist (CPI-Maoist)
10842,0,145,2,399,2095,11.948379,-86.300271,1.0,0,0.0,1,0,2,4,1235,145.0,0,5,1.0,1,0.0,Nicaraguan Democratic Force (FDN)
76070,0,209,10,218,1352,37.23301,39.75998,3.0,0,0.0,1,0,3,4,409,209.0,0,6,1.0,1,0.0,Kurdistan Workers' Party (PKK)
41611,0,209,10,213,1338,36.802461,34.629759,1.0,0,0.0,1,0,3,14,1652,209.0,0,6,0.0,1,0.0,Kurdistan Workers' Party (PKK)
61491,0,160,5,384,2009,14.67428,121.057495,1.0,0,0.0,1,0,2,4,2396,160.0,0,5,0.0,0,0.0,New People's Army (NPA)
33210,0,69,8,126,766,41.491868,9.055051,1.0,0,1.0,1,0,3,14,1095,69.0,0,6,0.0,1,0.0,Corsican National Liberation Front (FLNC)
60733,0,214,9,136,796,49.181837,37.27858,3.0,0,0.0,1,0,2,4,162,214.0,0,5,0.0,1,0.0,Donetsk People's Republic
4634,0,185,8,81,394,43.291618,-1.977903,1.0,0,0.0,0,0,1,2,770,185.0,0,6,0.0,0,0.0,Basque Fatherland and Freedom (ETA)
68093,0,160,5,0,53,6.546997,121.880423,3.0,0,1.0,1,0,2,4,93,160.0,0,5,3.0,1,0.0,Abu Sayyaf Group (ASG)
70260,0,104,11,62,306,3.938715,41.844707,1.0,0,0.0,1,0,3,4,409,104.0,0,6,3.0,1,0.0,Al-Shabaab
4818,0,69,8,126,24,41.918891,8.737554,4.0,0,1.0,1,0,3,1,802,69.0,0,6,0.0,1,0.0,Corsican National Liberation Front (FLNC)
32887,0,155,10,410,2217,32.222271,35.253506,1.0,0,0.0,1,0,2,3,175,97.0,0,5,0.0,1,0.0,Palestinians
67667,0,228,10,45,236,12.825647,44.846416,1.0,0,0.0,1,0,7,22,373,228.0,0,5,0.0,1,0.0,Houthi extremists (Ansar Allah)
4993,0,603,8,178,1177,54.607712,-5.95621,1.0,0,0.0,1,0,2,4,1539,216.0,0,5,1.0,1,0.0,Irish Republican Army (IRA)
51051,0,182,11,63,322,2.027701,45.275927,2.0,0,0.0,1,0,2,4,427,422.0,0,6,1.0,1,0.0,Al-Shabaab
80081,0,4,6,468,2643,36.298439,68.638029,3.0,0,0.0,1,0,2,14,1344,4.0,0,5,13.0,0,0.0,Taliban
60442,0,147,11,102,465,11.247069,12.01246,1.0,0,1.0,1,0,2,14,855,147.0,0,5,3.0,1,0.0,Boko Haram
63500,0,214,9,135,817,48.346134,38.424828,1.0,1,0.0,0,0,2,4,48,214.0,0,5,0.0,0,0.0,Donetsk People's Republic
17344,0,92,6,316,2492,31.638549,75.135566,1.0,0,0.0,1,0,2,3,301,92.0,0,5,3.0,1,0.0,Sikh Extremists
31042,0,209,10,218,1345,37.755081,39.317331,1.0,0,0.0,1,0,3,8,891,209.0,0,6,1.0,1,0.0,Kurdistan Workers' Party (PKK)
17641,0,92,6,264,2479,25.47283,82.570528,1.0,0,0.0,1,0,1,2,2963,92.0,0,5,3.0,0,0.0,Sikh Extremists
83240,0,153,6,311,1800,30.200819,66.994354,1.0,0,0.0,1,1,3,4,409,153.0,0,6,7.0,1,0.0,Tehrik-i-Taliban Pakistan (TTP)
55952,0,60,10,267,1732,31.126646,33.800865,1.0,1,1.0,1,0,3,6,276,60.0,0,6,1.0,0,0.0,Muslim extremists
20247,0,43,3,249,1549,-33.010693,-71.527794,1.0,0,0.0,1,0,3,2,1923,43.0,0,6,0.0,1,0.0,Manuel Rodriguez Patriotic Front (FPMR)
29778,0,92,6,125,2519,19.075984,72.877656,1.0,0,0.0,1,0,2,3,3046,92.0,0,5,2.0,1,0.0,Sikh Extremists
28762,0,97,10,412,2221,31.771599,35.2034,1.0,0,0.0,0,0,3,14,2631,97.0,0,6,1.0,1,0.0,Palestinians
749,0,603,8,178,1178,55.011562,-7.312045,1.0,0,0.0,1,0,1,4,1527,216.0,0,5,1.0,0,0.0,Irish Republican Army (IRA)
50233,0,104,11,74,344,0.349466,40.875992,1.0,1,0.0,1,0,2,4,607,104.0,0,5,1.0,-9,0.0,Al-Shabaab
81260,0,4,6,461,2580,33.97652,69.706658,2.0,0,0.0,1,0,2,3,12,4.0,0,5,14.0,0,0.0,Taliban
65726,0,60,10,269,1728,31.210951,29.946908,1.0,0,1.0,1,0,3,3,820,60.0,0,6,0.0,-9,0.0,Muslim extremists
24534,0,159,3,256,1562,-11.967368,-76.978462,1.0,0,0.0,1,0,3,4,2849,159.0,0,5,0.0,1,0.0,Shining Path (SL)
56499,1,182,11,61,359,2.667362,44.689036,4.0,1,0.0,1,0,6,14,616,182.0,0,5,1.0,1,1.0,Al-Shabaab
22034,0,159,3,438,2446,-9.529924,-77.5288,1.0,0,0.0,1,0,2,2,740,159.0,0,5,1.0,1,0.0,Shining Path (SL)
60648,0,147,11,104,956,9.998184,7.956361,1.0,0,1.0,1,0,2,2,1338,147.0,0,5,2.0,1,0.0,Fulani extremists
67500,0,228,10,45,283,12.867085,44.981911,1.0,0,0.0,1,0,3,14,1380,228.0,0,6,1.0,-9,0.0,Houthi extremists (Ansar Allah)
18946,0,159,3,256,1562,-11.967368,-76.978462,1.0,0,0.0,1,0,3,1,3370,159.0,0,6,0.0,1,0.0,Tupac Amaru Revolutionary Movement (MRTA)
4805,0,69,8,126,24,41.918891,8.737554,4.0,0,1.0,1,0,3,1,802,69.0,0,6,0.0,1,0.0,Corsican National Liberation Front (FLNC)
17909,1,159,3,256,1562,-11.967368,-76.978462,1.0,0,0.0,1,0,6,2,2838,159.0,0,5,0.0,0,1.0,Shining Path (SL)
61905,0,92,6,119,1592,17.938513,81.133357,2.0,1,0.0,1,0,2,4,2012,92.0,0,5,10.0,0,0.0,Maoists
31301,0,209,10,215,1361,37.885793,41.130124,1.0,0,0.0,1,0,2,1,1677,209.0,0,5,0.0,1,0.0,Kurdistan Workers' Party (PKK)
79902,0,92,6,119,1647,18.752064,81.658316,1.0,1,0.0,1,0,3,3,2056,92.0,0,6,0.0,0,0.0,Maoists
53390,0,95,10,33,187,33.540672,44.251266,1.0,0,1.0,1,0,3,14,13,95.0,0,6,2.0,-9,0.0,Al-Qaida in Iraq
14246,0,183,11,20,98,-32.985771,27.866086,1.0,1,0.0,1,0,2,3,188,183.0,0,5,3.0,1,0.0,African National Congress (South Africa)
3737,0,185,8,83,430,43.230556,-2.845833,1.0,0,0.0,1,0,5,14,745,185.0,0,5,0.0,1,1.0,Basque Fatherland and Freedom (ETA)
77468,0,160,5,0,16,6.700414,121.972557,1.0,0,0.0,1,0,3,2,76,160.0,0,6,0.0,1,0.0,Abu Sayyaf Group (ASG)
13263,0,186,6,241,1444,9.666399,80.020477,1.0,0,1.0,1,0,3,19,1826,186.0,0,6,1.0,1,0.0,Liberation Tigers of Tamil Eelam (LTTE)
70999,0,200,10,193,1291,34.24189,37.04668,1.0,0,1.0,1,1,3,4,1626,200.0,0,6,1.0,0,0.0,Islamic State of Iraq and the Levant (ISIL)
41711,0,185,8,94,416,38.34521,-0.480995,3.0,0,1.0,1,0,3,20,6,185.0,0,6,0.0,1,0.0,Basque Fatherland and Freedom (ETA)
61767,0,214,9,135,826,48.180462,37.468792,1.0,0,0.0,1,0,3,4,20,214.0,0,6,0.0,0,0.0,Donetsk People's Republic
11229,0,145,2,400,2096,12.833333,-87.366667,1.0,0,0.0,1,0,6,4,1235,145.0,0,5,1.0,1,1.0,Nicaraguan Democratic Force (FDN)
18223,0,92,6,316,24,31.147131,75.341218,4.0,0,1.0,1,0,1,14,2977,92.0,0,5,1.0,0,0.0,Sikh Extremists
52478,0,95,10,31,179,33.74324,44.623825,1.0,0,0.0,1,0,3,20,6,95.0,0,6,1.0,0,0.0,Al-Qaida in Iraq
1076,0,603,8,178,1177,54.607712,-5.95621,1.0,0,0.0,1,0,2,4,1514,216.0,0,5,1.0,0,0.0,Irish Republican Army (IRA)
60464,0,147,11,102,465,11.247069,12.01246,1.0,0,1.0,1,0,2,4,427,147.0,0,5,3.0,-9,0.0,Boko Haram
54519,0,45,3,324,24,5.233187,-76.829109,4.0,0,0.0,1,0,2,3,175,45.0,0,5,0.0,-9,0.0,Revolutionary Armed Forces of Colombia (FARC)
44636,0,185,8,98,428,42.303719,-1.965034,1.0,0,0.0,1,0,3,3,741,185.0,0,6,0.0,1,0.0,Basque Fatherland and Freedom (ETA)
70115,0,4,6,474,2664,33.373471,68.457719,1.0,0,0.0,1,0,2,4,48,4.0,0,5,6.0,1,0.0,Taliban
19153,0,61,2,139,892,13.65917,-89.1675,1.0,0,0.0,1,0,2,4,1235,61.0,0,5,1.0,1,0.0,Farabundo Marti National Liberation Front (FMLN)
69975,0,182,11,61,302,1.789637,44.529976,1.0,0,0.0,1,0,6,4,427,182.0,0,5,19.0,0,1.0,Al-Shabaab
31510,0,209,10,207,1348,37.522653,42.452637,1.0,0,0.0,1,0,1,3,1693,209.0,0,5,1.0,0,0.0,Kurdistan Workers' Party (PKK)
18629,0,159,3,487,2815,-17.192736,-70.932814,4.0,0,0.0,1,0,2,4,1260,159.0,0,5,10.0,1,0.0,Tupac Amaru Revolutionary Movement (MRTA)
22561,0,159,3,430,2416,-11.520494,-75.899782,1.0,0,0.0,1,0,3,19,2872,159.0,0,6,0.0,1,0.0,Shining Path (SL)
71761,0,123,11,275,1737,16.766589,-3.002562,1.0,0,0.0,1,0,1,7,2117,422.0,0,5,3.0,0,0.0,Muslim extremists
66432,0,228,10,52,257,14.413989,44.837418,1.0,0,0.0,1,0,1,4,470,228.0,0,5,1.0,0,0.0,Al-Qaida in the Arabian Peninsula (AQAP)
57598,0,147,11,100,466,11.840929,13.141459,1.0,0,1.0,1,0,3,3,850,147.0,0,6,1.0,1,0.0,Boko Haram
8758,0,183,11,19,115,-26.252697,27.870275,1.0,0,0.0,1,0,3,2,213,183.0,0,6,0.0,1,0.0,African National Congress (South Africa)
38617,1,160,5,0,32,6.720228,122.030205,2.0,0,0.0,1,0,6,14,39,160.0,0,5,0.0,0,1.0,Abu Sayyaf Group (ASG)
12740,0,145,2,407,2164,13.00504,-84.37076,1.0,0,0.0,1,0,2,4,1235,145.0,0,5,8.0,1,0.0,Nicaraguan Democratic Force (FDN)
68084,0,45,3,326,2328,6.913245,-75.67556,3.0,0,0.0,1,0,7,19,56,45.0,0,8,0.0,1,0.0,Revolutionary Armed Forces of Colombia (FARC)
41688,0,4,6,460,2630,32.623739,65.456432,1.0,0,0.0,1,0,1,4,3132,4.0,0,5,3.0,0,0.0,Taliban
81189,0,228,10,57,277,13.586484,44.024105,1.0,0,0.0,1,0,2,14,562,228.0,0,5,1.0,0,0.0,Houthi extremists (Ansar Allah)
65905,0,228,10,47,245,14.54397,49.12458,1.0,0,0.0,1,0,1,3,463,228.0,0,5,2.0,1,0.0,Al-Qaida in the Arabian Peninsula (AQAP)
22085,0,159,3,256,1562,-11.967368,-76.978462,1.0,0,1.0,1,0,3,21,1286,159.0,0,6,0.0,1,0.0,Shining Path (SL)
65491,0,214,9,135,786,47.981647,37.762325,1.0,0,0.0,1,0,3,19,1194,214.0,0,6,2.0,1,0.0,Donetsk People's Republic
73057,0,160,5,374,2017,9.34203,125.516331,1.0,0,0.0,1,0,7,1,2389,160.0,0,8,0.0,1,0.0,New People's Army (NPA)
20727,0,159,3,256,1562,-11.967368,-76.978462,1.0,0,0.0,1,0,3,1,410,159.0,0,6,0.0,1,0.0,Tupac Amaru Revolutionary Movement (MRTA)
1860,0,603,8,46,1183,51.504387,-0.140041,1.0,0,0.0,1,0,3,14,1511,216.0,0,6,0.0,1,0.0,Irish Republican Army (IRA)
51379,0,95,10,30,177,33.303566,44.371773,1.0,0,1.0,1,1,3,2,405,95.0,0,6,3.0,-9,0.0,Al-Qaida in Iraq
25707,0,186,6,203,1500,9.616539,79.992,1.0,0,0.0,1,0,3,19,1804,186.0,0,6,0.0,1,0.0,Liberation Tigers of Tamil Eelam (LTTE)
48311,0,95,10,29,176,33.31065,44.038208,1.0,0,1.0,1,0,3,3,393,95.0,0,6,1.0,1,0.0,Al-Qaida in Iraq
83615,0,147,11,100,545,11.696901,13.071678,2.0,0,0.0,1,1,3,14,334,147.0,0,6,4.0,-9,0.0,Boko Haram
44142,0,95,10,29,193,33.420948,43.295662,1.0,0,0.0,1,0,3,14,350,95.0,0,6,3.0,0,0.0,Al-Qaida in Iraq
22248,0,185,8,81,388,43.291618,-1.977903,1.0,0,0.0,1,0,3,1,703,217.0,0,6,0.0,1,0.0,Basque Fatherland and Freedom (ETA)
20073,0,92,6,268,1771,34.08374,74.789902,1.0,0,0.0,1,0,3,14,2980,92.0,0,6,0.0,1,0.0,Sikh Extremists
48617,0,4,6,456,2656,36.474539,66.951146,1.0,0,0.0,1,0,3,2,3147,4.0,0,6,0.0,0,0.0,Taliban
65723,0,60,10,269,1728,31.282654,30.016884,1.0,0,1.0,1,0,3,3,2136,60.0,0,6,0.0,-9,0.0,Muslim extremists
78557,0,4,6,457,2607,31.619314,65.050156,1.0,0,1.0,1,0,2,3,93,4.0,0,5,22.0,-9,0.0,Taliban
16604,0,183,11,19,96,-26.184113,28.033232,1.0,0,0.0,1,0,3,1,278,183.0,0,6,0.0,1,0.0,African National Congress (South Africa)
35207,0,160,5,1,2,6.088221,121.109329,1.0,0,0.0,1,0,2,4,116,160.0,0,5,4.0,1,0.0,Abu Sayyaf Group (ASG)
8931,0,185,8,89,404,42.815372,-1.653616,1.0,0,0.0,1,0,3,2,720,185.0,0,6,1.0,1,0.0,Basque Fatherland and Freedom (ETA)
73655,1,160,5,381,2011,8.964095,124.895434,2.0,0,0.0,1,0,6,3,2381,160.0,0,5,0.0,0,1.0,New People's Army (NPA)
19042,0,61,2,139,849,13.69288,-89.199161,1.0,0,0.0,1,0,3,1,1257,61.0,0,6,0.0,1,0.0,Farabundo Marti National Liberation Front (FMLN)
60193,0,92,6,122,596,18.343586,81.882528,3.0,0,0.0,1,0,3,4,167,92.0,0,6,0.0,0,0.0,Maoists
6086,0,185,8,81,398,43.130387,-2.542155,1.0,0,0.0,1,0,1,3,674,185.0,0,5,1.0,0,0.0,Basque Fatherland and Freedom (ETA)
53205,0,95,10,35,180,35.45211,44.375465,1.0,1,1.0,1,0,3,3,399,95.0,0,6,9.0,1,0.0,Al-Qaida in Iraq
30715,0,209,10,208,1334,37.253172,43.612234,1.0,1,0.0,1,0,2,4,172,209.0,0,5,3.0,1,0.0,Kurdistan Workers' Party (PKK)
31603,0,97,10,241,2243,33.208716,35.572618,1.0,0,0.0,1,0,3,2,2577,97.0,0,6,1.0,1,0.0,Palestinians
73376,0,147,11,155,24,7.350826,8.836276,4.0,0,1.0,1,0,2,14,27,147.0,0,5,0.0,1,0.0,Fulani extremists
56092,0,60,10,267,1732,31.126646,33.800865,1.0,0,1.0,1,0,2,4,20,60.0,0,6,0.0,1,0.0,Muslim extremists
26533,0,159,3,256,1562,-11.967368,-76.978462,1.0,0,0.0,1,0,3,2,3353,159.0,0,6,1.0,1,0.0,Tupac Amaru Revolutionary Movement (MRTA)
81146,0,95,10,33,1285,35.415855,43.114769,1.0,0,0.0,1,0,3,14,27,95.0,0,6,3.0,-9,0.0,Islamic State of Iraq and the Levant (ISIL)
64867,0,214,9,135,820,47.26136,37.744514,1.0,0,0.0,1,0,3,4,1187,214.0,0,6,0.0,-9,0.0,Donetsk People's Republic
63725,0,228,10,49,249,14.058333,46.913056,1.0,0,0.0,1,0,2,4,457,228.0,0,5,1.0,0,0.0,Al-Qaida in the Arabian Peninsula (AQAP)
27504,0,159,3,430,2448,-12.068306,-75.210163,1.0,0,1.0,1,0,3,1,1518,159.0,0,6,0.0,1,0.0,Shining Path (SL)
76139,0,160,5,355,1993,7.734803,125.512622,1.0,0,0.0,0,0,2,4,2369,160.0,0,5,0.0,-9,0.0,New People's Army (NPA)
1541,0,603,8,178,1177,54.607712,-5.95621,1.0,0,0.0,1,0,1,14,1472,233.0,0,5,1.0,0,0.0,Irish Republican Army (IRA)
17844,0,45,3,331,2338,2.77772,-75.25743,1.0,0,0.0,0,0,3,14,2752,45.0,0,6,2.0,1,0.0,Revolutionary Armed Forces of Colombia (FARC)
6847,0,603,8,178,1187,54.414416,-6.976641,1.0,0,0.0,1,0,3,4,1446,216.0,0,6,1.0,1,0.0,Irish Republican Army (IRA)
28637,0,97,10,414,2225,32.08297,34.811886,1.0,0,0.0,1,0,8,4,2627,97.0,0,10,2.0,0,0.0,Palestinians
10239,0,145,2,392,860,13.841425,-86.193928,1.0,0,0.0,1,0,2,4,1235,145.0,0,5,1.0,1,0.0,Nicaraguan Democratic Force (FDN)
62660,0,147,11,161,984,12.101014,6.724175,2.0,0,1.0,1,0,6,14,27,147.0,0,5,1.0,1,1.0,Fulani extremists
43217,0,186,6,203,1506,9.702661,79.9989,1.0,0,0.0,1,0,2,14,1816,186.0,0,5,1.0,0,0.0,Liberation Tigers of Tamil Eelam (LTTE)
6496,0,97,10,412,2221,31.771599,35.2034,1.0,0,0.0,1,0,3,14,2547,97.0,0,6,0.0,1,0.0,Palestinians
23041,0,155,10,304,2227,31.346964,34.30143,1.0,0,0.0,1,0,1,14,2551,155.0,0,9,1.0,0,0.0,Palestinians
65086,0,214,9,135,816,48.139713,37.643398,1.0,0,0.0,1,0,3,14,853,214.0,0,6,0.0,-9,0.0,Donetsk People's Republic
74399,0,182,11,63,304,2.059819,45.326115,1.0,0,0.0,1,0,2,4,614,182.0,0,5,1.0,0,0.0,Al-Shabaab
19890,0,159,3,256,1562,-11.967368,-76.978462,1.0,0,0.0,1,0,7,1,3345,159.0,0,8,0.0,1,0.0,Tupac Amaru Revolutionary Movement (MRTA)
35094,0,185,8,81,382,43.258434,-2.921819,1.0,0,0.0,0,0,3,2,706,185.0,0,6,0.0,1,0.0,Basque Fatherland and Freedom (ETA)
70975,0,214,9,135,791,48.064426,37.673248,1.0,0,0.0,1,0,2,4,48,214.0,0,6,1.0,0,0.0,Donetsk People's Republic
48900,0,153,6,279,1741,33.671638,73.056068,1.0,0,0.0,1,0,3,3,919,153.0,0,6,15.0,1,0.0,Tehrik-i-Taliban Pakistan (TTP)
16212,0,145,2,402,2152,14.40704,-83.87698,1.0,0,0.0,1,0,2,4,1266,145.0,0,5,1.0,1,0.0,Nicaraguan Democratic Force (FDN)
77857,0,45,3,338,1867,7.032926,-72.06382,1.0,1,0.0,1,0,3,21,2197,45.0,0,6,0.0,1,0.0,National Liberation Army of Colombia (ELN)
44082,0,4,6,298,2650,33.5,70.05,1.0,0,0.0,1,0,2,3,804,4.0,0,5,1.0,0,0.0,Taliban
17852,0,43,3,250,1550,-33.366238,-70.505302,1.0,0,1.0,1,0,3,1,702,43.0,0,6,0.0,1,0.0,Manuel Rodriguez Patriotic Front (FPMR)
44593,0,95,10,35,185,35.271023,43.458084,1.0,0,0.0,1,1,3,17,338,95.0,0,6,4.0,0,0.0,Al-Qaida in Iraq
75341,1,147,11,104,1013,10.57481,8.148878,2.0,0,0.0,1,0,6,14,27,147.0,0,5,0.0,1,1.0,Fulani extremists
18092,0,45,3,331,24,2.535935,-75.52767,4.0,0,0.0,1,0,2,4,2688,45.0,0,5,2.0,1,0.0,Revolutionary Armed Forces of Colombia (FARC)
60475,0,182,11,63,304,2.059819,45.326115,1.0,0,0.0,0,0,1,4,586,182.0,0,6,0.0,1,0.0,Al-Shabaab
42698,0,141,6,261,1666,28.518126,81.11616,1.0,0,0.0,1,0,3,14,2065,141.0,0,6,0.0,1,0.0,Maoists
53095,0,228,10,50,241,15.325443,44.211895,1.0,0,0.0,1,0,1,2,475,228.0,0,5,1.0,0,0.0,Al-Qaida in the Arabian Peninsula (AQAP)
29653,0,185,8,97,425,37.983445,-1.12989,1.0,0,0.0,1,0,3,14,733,185.0,0,6,1.0,1,0.0,Basque Fatherland and Freedom (ETA)
68079,0,173,10,58,24,17.567896,44.233563,4.0,0,1.0,1,0,2,4,48,173.0,0,6,14.0,-9,0.0,Houthi extremists (Ansar Allah)
31534,0,209,10,210,1405,37.154504,41.339913,3.0,0,0.0,1,0,1,3,1693,209.0,0,5,1.0,0,0.0,Kurdistan Workers' Party (PKK)
45508,0,160,5,369,1983,11.386903,122.780944,1.0,0,0.0,1,0,3,16,2360,160.0,0,6,0.0,1,0.0,New People's Army (NPA)
30236,0,45,3,326,1832,6.242026,-75.564766,1.0,0,1.0,1,0,3,1,802,45.0,0,6,1.0,1,0.0,National Liberation Army of Colombia (ELN)
19136,0,183,11,19,96,-26.184113,28.033232,1.0,0,0.0,1,0,3,2,245,183.0,0,6,0.0,1,0.0,African National Congress (South Africa)
81842,0,95,10,34,184,36.354145,43.14357,1.0,0,0.0,1,0,2,14,13,95.0,0,5,2.0,0,0.0,Islamic State of Iraq and the Levant (ISIL)
59545,0,92,6,119,716,18.505515,81.555435,3.0,0,1.0,1,0,7,2,2040,92.0,0,5,0.0,-9,0.0,Maoists
44882,0,4,6,457,2667,31.585831,67.028191,3.0,0,0.0,1,0,8,14,3155,4.0,0,9,2.0,0,0.0,Taliban
15460,0,145,2,404,2184,12.05,-84.26667,1.0,0,0.0,1,0,2,4,1235,145.0,0,5,1.0,1,0.0,Nicaraguan Democratic Force (FDN)
8387,0,69,8,128,761,43.529742,5.447427,1.0,0,0.0,1,0,3,14,1119,69.0,0,6,0.0,1,0.0,Corsican National Liberation Front (FLNC)
25073,0,97,10,412,2221,31.771599,35.2034,1.0,0,0.0,1,0,2,14,2544,97.0,0,8,0.0,1,0.0,Palestinians
21044,1,92,6,316,2494,31.633078,74.878288,1.0,1,0.0,1,0,6,19,3044,92.0,0,5,7.0,0,1.0,Sikh Extremists
67249,0,228,10,45,236,12.825647,44.846416,1.0,0,0.0,1,0,2,14,1218,228.0,0,6,12.0,1,0.0,Houthi extremists (Ansar Allah)
31892,0,97,10,412,2221,31.771599,35.2034,1.0,0,0.0,0,0,1,8,2528,97.0,0,9,0.0,0,0.0,Palestinians
60507,0,228,10,47,245,14.533328,49.133252,1.0,0,0.0,1,0,2,2,450,228.0,0,5,2.0,1,0.0,Al-Qaida in the Arabian Peninsula (AQAP)
17385,0,159,3,256,1562,-11.967368,-76.978462,1.0,0,0.0,0,0,3,14,3373,159.0,0,6,0.0,1,0.0,Tupac Amaru Revolutionary Movement (MRTA)
7164,0,603,8,178,1216,54.819164,-7.467909,1.0,0,0.0,1,0,1,14,1530,233.0,0,5,1.0,0,0.0,Irish Republican Army (IRA)
26644,0,186,6,203,1513,7.503357,81.730359,1.0,0,0.0,1,0,3,4,1769,186.0,0,6,1.0,1,0.0,Liberation Tigers of Tamil Eelam (LTTE)
6352,0,97,10,412,2244,31.830866,34.955151,1.0,0,0.0,1,0,3,14,2578,97.0,0,6,0.0,1,0.0,Palestinians
13673,0,159,3,256,1562,-11.967368,-76.978462,1.0,0,0.0,1,0,3,2,2906,159.0,0,6,1.0,1,0.0,Shining Path (SL)
27454,0,603,8,178,1212,54.647865,-6.618718,1.0,0,0.0,1,0,2,3,412,233.0,0,5,3.0,1,0.0,Irish Republican Army (IRA)
71495,0,153,6,484,2779,34.062465,72.476053,1.0,0,1.0,1,0,1,7,3262,422.0,0,5,1.0,-9,0.0,Tehrik-i-Taliban Pakistan (TTP)
73262,0,147,11,155,1026,7.870772,7.891211,2.0,0,1.0,1,0,2,14,27,147.0,0,5,2.0,1,0.0,Fulani extremists
80848,1,45,3,323,1851,7.137932,-72.664123,1.0,0,0.0,1,0,6,1,2224,45.0,0,5,0.0,0,1.0,National Liberation Army of Colombia (ELN)
26052,0,92,6,449,2500,30.733315,76.779418,1.0,0,0.0,1,0,2,14,2984,92.0,0,5,7.0,1,0.0,Sikh Extremists
80283,0,147,11,163,985,9.270173,5.105799,2.0,0,0.0,1,0,2,15,354,147.0,0,5,27.0,-9,0.0,Fulani extremists
79531,0,95,10,35,1238,35.015846,43.722516,3.0,0,0.0,1,0,3,14,13,95.0,0,6,5.0,0,0.0,Islamic State of Iraq and the Levant (ISIL)
59132,0,160,5,352,2022,12.420577,123.780237,3.0,0,0.0,1,0,3,2,2395,160.0,0,6,0.0,0,0.0,New People's Army (NPA)
40851,0,92,6,268,1755,33.931011,75.114212,1.0,0,0.0,1,0,2,4,2132,92.0,0,5,1.0,0,0.0,Muslim extremists
53672,0,147,11,102,463,11.704399,11.088539,1.0,0,0.0,1,0,7,8,51,147.0,0,8,0.0,1,0.0,Boko Haram
34678,0,45,3,342,2326,3.583748,-76.495727,1.0,0,0.0,1,0,3,4,2739,45.0,0,6,0.0,1,0.0,Revolutionary Armed Forces of Colombia (FARC)
65144,0,214,9,135,786,47.981647,37.762325,1.0,0,1.0,1,0,3,21,1221,214.0,0,6,0.0,1,0.0,Donetsk People's Republic
35099,0,45,3,326,24,6.2675,-75.568611,4.0,0,0.0,1,0,3,21,2221,45.0,0,6,0.0,1,0.0,National Liberation Army of Colombia (ELN)
65437,0,214,9,135,786,47.981647,37.762325,1.0,0,0.0,1,0,3,19,884,214.0,0,6,8.0,-9,0.0,Donetsk People's Republic
59106,0,182,11,65,307,-0.357847,42.54665,1.0,0,0.0,1,0,3,4,427,422.0,0,6,1.0,-9,0.0,Al-Shabaab
60028,0,147,11,104,1058,9.376786,8.585856,1.0,0,0.0,1,0,2,3,175,147.0,0,5,7.0,-9,0.0,Fulani extremists
10031,0,145,2,401,2117,12.810234,-85.786635,1.0,0,0.0,1,0,2,4,1235,145.0,0,5,75.0,1,0.0,Nicaraguan Democratic Force (FDN)
34884,0,186,6,203,1481,7.529372,81.794609,1.0,0,0.0,1,0,3,21,1815,186.0,0,6,0.0,1,0.0,Liberation Tigers of Tamil Eelam (LTTE)
51061,0,153,6,389,2762,34.0,71.383333,2.0,0,0.0,1,0,3,14,13,153.0,0,6,1.0,1,0.0,Tehrik-i-Taliban Pakistan (TTP)
13231,0,185,8,81,378,43.178205,-2.31164,1.0,0,0.0,1,0,1,22,731,185.0,0,5,1.0,0,0.0,Basque Fatherland and Freedom (ETA)
30955,0,92,6,316,2532,30.381945,75.546798,1.0,1,1.0,1,0,1,3,3035,92.0,0,5,5.0,0,0.0,Sikh Extremists
26650,0,186,6,203,1474,9.719408,79.856688,1.0,0,0.0,0,0,3,4,1769,186.0,0,6,0.0,1,0.0,Liberation Tigers of Tamil Eelam (LTTE)
36021,0,69,8,126,744,41.930607,8.742907,1.0,0,0.0,1,0,3,1,1133,69.0,0,6,0.0,1,0.0,Corsican National Liberation Front (FLNC)
13303,0,145,2,400,2155,13.041707,-86.905374,1.0,0,0.0,1,0,3,21,1234,145.0,0,6,0.0,1,0.0,Nicaraguan Democratic Force (FDN)
14358,0,183,11,20,98,-32.985771,27.866086,1.0,0,0.0,0,0,3,21,259,183.0,0,6,0.0,1,0.0,African National Congress (South Africa)
72719,0,147,11,155,1023,7.296636,9.250712,2.0,0,1.0,1,0,2,14,1346,147.0,0,5,4.0,1,0.0,Fulani extremists
37268,1,45,3,333,2324,11.3,-74.183333,2.0,0,1.0,1,0,6,14,2736,45.0,0,5,1.0,0,1.0,Revolutionary Armed Forces of Colombia (FARC)
61815,0,182,11,63,304,2.059819,45.326115,1.0,0,0.0,1,0,2,4,345,182.0,0,5,1.0,0,0.0,Al-Shabaab
71287,0,28,9,273,1763,43.878321,18.314335,1.0,0,0.0,1,0,2,4,48,28.0,1,5,2.0,1,0.0,Muslim extremists
29212,0,603,8,46,1225,53.814165,-3.053514,1.0,0,1.0,1,0,7,1,1518,216.0,0,8,0.0,1,0.0,Irish Republican Army (IRA)
17707,0,183,11,25,121,-33.941849,18.41964,1.0,0,0.0,1,0,3,6,276,183.0,0,6,0.0,1,0.0,African National Congress (South Africa)
77351,0,92,6,122,1587,19.583449,83.501022,1.0,0,0.0,1,0,3,3,85,92.0,0,6,0.0,1,0.0,Maoists
48390,0,228,10,51,246,14.52618,46.844932,1.0,0,0.0,1,0,2,4,449,228.0,0,5,5.0,-9,0.0,Al-Qaida in the Arabian Peninsula (AQAP)
15155,0,159,3,256,1562,-11.967368,-76.978462,1.0,0,1.0,1,0,3,21,3322,159.0,0,6,0.0,1,0.0,Tupac Amaru Revolutionary Movement (MRTA)
20718,0,159,3,256,1562,-11.967368,-76.978462,1.0,0,0.0,1,0,7,14,3367,159.0,0,8,0.0,1,0.0,Tupac Amaru Revolutionary Movement (MRTA)
13806,0,186,6,243,1486,8.345185,80.388133,1.0,0,0.0,1,0,2,14,13,186.0,0,5,146.0,1,0.0,Liberation Tigers of Tamil Eelam (LTTE)
48601,0,92,6,119,589,18.9,81.35,1.0,1,0.0,1,0,7,1,983,92.0,0,8,0.0,1,0.0,Communist Party of India - Maoist (CPI-Maoist)
3435,0,603,8,178,1177,54.607712,-5.95621,1.0,0,1.0,1,0,7,1,1443,216.0,0,8,0.0,1,0.0,Irish Republican Army (IRA)
83365,0,147,11,105,1019,9.374888,12.093306,2.0,0,1.0,1,0,2,14,27,147.0,0,5,1.0,1,0.0,Fulani extremists
61072,0,228,10,47,253,15.964205,48.78252,1.0,0,1.0,1,0,3,2,251,228.0,0,6,0.0,1,0.0,Al-Qaida in the Arabian Peninsula (AQAP)
18018,0,603,8,178,1177,54.607712,-5.95621,1.0,0,0.0,1,0,1,14,1456,233.0,0,5,1.0,0,0.0,Irish Republican Army (IRA)
29119,0,209,10,195,1260,41.106178,28.689863,1.0,0,0.0,1,0,2,4,412,209.0,0,5,1.0,1,0.0,Kurdistan Workers' Party (PKK)
16588,0,159,3,256,1562,-11.967368,-76.978462,1.0,0,1.0,1,0,2,19,56,159.0,0,8,0.0,1,0.0,Tupac Amaru Revolutionary Movement (MRTA)
24327,0,92,6,260,24,22.258652,71.192381,4.0,0,0.0,1,0,6,2,2027,92.0,0,5,0.0,0,1.0,Maoists
14852,0,43,3,250,1550,-33.366238,-70.505302,1.0,0,0.0,1,0,3,4,1880,43.0,0,6,0.0,1,0.0,Manuel Rodriguez Patriotic Front (FPMR)
47421,0,95,10,30,177,33.303566,44.371773,1.0,0,1.0,1,1,3,2,342,95.0,0,6,27.0,-9,0.0,Al-Qaida in Iraq
39701,0,45,3,336,859,5.445543,-75.688443,1.0,0,0.0,1,0,2,14,2735,45.0,0,8,1.0,1,0.0,Revolutionary Armed Forces of Colombia (FARC)
5210,0,69,8,127,91,48.856644,2.34233,1.0,0,0.0,1,0,3,1,702,69.0,0,6,0.0,1,0.0,Corsican National Liberation Front (FLNC)
12467,0,183,11,18,97,-29.861824,31.008293,1.0,0,0.0,1,0,3,1,232,183.0,0,6,5.0,1,0.0,African National Congress (South Africa)
36060,0,186,6,243,1504,7.946435,81.247846,1.0,0,0.0,1,0,3,20,6,186.0,0,6,6.0,1,0.0,Liberation Tigers of Tamil Eelam (LTTE)
25359,0,209,10,207,1377,37.392896,43.10688,1.0,1,0.0,1,0,2,3,398,209.0,0,5,4.0,1,0.0,Kurdistan Workers' Party (PKK)
68294,0,160,5,357,2023,9.216819,125.966701,1.0,0,0.0,0,0,3,20,6,160.0,0,6,0.0,0,0.0,New People's Army (NPA)
25272,0,92,6,117,2546,26.396678,85.662752,1.0,0,0.0,1,0,2,19,884,92.0,0,5,3.0,1,0.0,Sikh Extremists
49308,0,153,6,389,2747,34.080389,71.224365,3.0,0,0.0,1,0,3,8,3254,153.0,0,6,0.0,1,0.0,Tehrik-i-Taliban Pakistan (TTP)
29728,0,97,10,246,2247,32.178344,34.907985,1.0,0,0.0,1,0,1,14,2621,97.0,0,9,1.0,0,0.0,Palestinians
14155,0,69,8,126,24,41.918891,8.737554,4.0,0,1.0,1,0,3,3,1108,69.0,0,6,0.0,1,0.0,Corsican National Liberation Front (FLNC)
63564,0,41,11,162,979,5.965549,20.529325,1.0,0,1.0,1,0,2,14,853,41.0,0,5,15.0,1,0.0,Fulani extremists
65358,0,147,11,100,466,11.840929,13.141459,1.0,0,1.0,1,0,2,14,841,147.0,0,6,32.0,-9,0.0,Boko Haram
11328,0,603,8,178,1213,54.645861,-6.745149,1.0,0,0.0,1,0,3,1,1519,233.0,0,6,0.0,1,0.0,Irish Republican Army (IRA)
29607,0,159,3,440,2451,-5.238991,-79.450699,3.0,0,0.0,1,0,2,3,2916,159.0,0,5,0.0,1,0.0,Shining Path (SL)
42853,0,160,5,352,1931,12.21814,123.50951,1.0,0,0.0,1,0,2,2,2324,160.0,0,5,0.0,1,1.0,New People's Army (NPA)
55303,0,4,6,464,2586,31.766705,64.618607,3.0,0,0.0,1,0,3,4,3105,422.0,0,6,12.0,0,0.0,Taliban
80163,0,95,10,35,180,35.45211,44.375465,1.0,0,0.0,1,1,3,4,1597,95.0,0,6,7.0,-9,0.0,Islamic State of Iraq and the Levant (ISIL)
30501,0,45,3,328,24,9.337295,-73.653621,4.0,0,0.0,1,0,3,21,2197,45.0,0,6,0.0,1,0.0,National Liberation Army of Colombia (ELN)
78531,1,160,5,2,24,6.078236,118.314049,4.0,0,0.0,1,0,6,11,32,121.0,0,5,1.0,0,1.0,Abu Sayyaf Group (ASG)
70425,0,182,11,69,343,4.210529,45.56049,1.0,0,0.0,1,0,3,4,48,182.0,0,6,1.0,-9,0.0,Al-Shabaab
16740,0,45,3,326,1832,5.346103,-74.491672,1.0,0,1.0,1,0,3,19,2280,45.0,0,6,0.0,1,0.0,National Liberation Army of Colombia (ELN)
60553,1,153,6,486,2725,24.891115,67.143311,1.0,0,0.0,1,0,6,14,3202,153.0,0,5,0.0,0,1.0,Tehrik-i-Taliban Pakistan (TTP)
27135,0,159,3,256,1562,-11.967368,-76.978462,1.0,0,1.0,1,0,3,1,1106,159.0,0,6,0.0,1,0.0,Tupac Amaru Revolutionary Movement (MRTA)
64636,0,28,9,273,1735,45.183961,15.828342,1.0,0,0.0,1,0,2,15,2115,28.0,0,9,0.0,0,0.0,Muslim extremists
51150,0,95,10,31,179,33.74324,44.623825,1.0,0,1.0,1,1,3,3,175,95.0,0,6,2.0,-9,0.0,Al-Qaida in Iraq
79534,0,160,5,347,2036,8.068792,125.488951,2.0,0,0.0,1,0,2,14,13,160.0,0,5,3.0,0,0.0,New People's Army (NPA)
56603,0,95,10,30,177,33.303566,44.371773,1.0,0,1.0,1,1,3,14,13,95.0,0,6,6.0,0,0.0,Islamic State of Iraq and the Levant (ISIL)
50116,0,92,6,122,625,18.815236,82.712102,1.0,0,0.0,1,0,2,14,947,92.0,0,9,1.0,0,0.0,Communist Party of India - Maoist (CPI-Maoist)
25206,0,45,3,340,24,2.243589,-77.010385,4.0,0,0.0,1,0,1,14,2695,45.0,0,5,8.0,0,0.0,Revolutionary Armed Forces of Colombia (FARC)
29898,0,92,6,316,2481,30.898024,75.860077,1.0,0,0.0,1,0,2,1,3050,92.0,0,5,18.0,0,0.0,Sikh Extremists
56953,0,228,10,57,277,13.586484,44.024105,1.0,0,0.0,1,0,2,3,507,228.0,0,5,1.0,1,0.0,Al-Qaida in the Arabian Peninsula (AQAP)
13400,0,61,2,139,910,13.749885,-89.199936,1.0,0,0.0,1,0,2,4,1235,61.0,0,5,1.0,1,0.0,Farabundo Marti National Liberation Front (FMLN)
13032,0,61,2,149,24,13.447063,-88.556531,4.0,0,1.0,1,0,2,1,1275,61.0,0,8,0.0,1,0.0,Farabundo Marti National Liberation Front (FMLN)
44003,0,153,6,279,1741,33.671638,73.056068,1.0,0,0.0,1,0,6,15,2121,153.0,0,5,7.0,1,1.0,Muslim extremists
47534,0,182,11,63,304,2.059819,45.326115,1.0,0,0.0,1,0,3,4,611,182.0,0,6,4.0,1,0.0,Al-Shabaab
74740,0,228,10,57,277,13.586484,44.024105,1.0,0,0.0,1,0,3,14,334,228.0,0,6,17.0,1,0.0,Houthi extremists (Ansar Allah)
79632,0,95,10,34,184,36.354145,43.14357,1.0,0,0.0,1,0,3,14,334,95.0,0,6,7.0,1,0.0,Islamic State of Iraq and the Levant (ISIL)
55508,0,603,8,46,1183,51.504387,-0.140041,1.0,0,0.0,1,0,2,4,345,216.0,1,9,1.0,0,0.0,Muslim extremists
52917,0,4,6,461,2623,33.598633,69.228996,1.0,0,0.0,1,0,3,3,409,4.0,0,6,4.0,1,0.0,Taliban
6640,0,185,8,81,388,43.291618,-1.977903,1.0,0,0.0,1,0,3,3,714,185.0,0,5,0.0,1,0.0,Basque Fatherland and Freedom (ETA)
13852,0,61,2,148,24,13.447063,-88.556531,4.0,0,1.0,1,0,3,21,1247,61.0,0,6,0.0,1,0.0,Farabundo Marti National Liberation Front (FMLN)
26702,0,45,3,422,24,3.27199,-73.087749,4.0,0,0.0,1,0,7,1,2741,45.0,0,8,0.0,1,0.0,Revolutionary Armed Forces of Colombia (FARC)
20139,0,183,11,18,97,-29.861824,31.008293,1.0,0,0.0,1,0,3,2,251,183.0,0,6,0.0,1,0.0,African National Congress (South Africa)
4473,0,185,8,81,413,43.222177,-2.885668,1.0,0,0.0,1,0,2,3,736,185.0,0,5,2.0,0,0.0,Basque Fatherland and Freedom (ETA)
15312,0,43,3,251,1554,-36.816006,-73.037659,1.0,0,0.0,1,0,3,19,1943,43.0,0,6,0.0,1,0.0,Manuel Rodriguez Patriotic Front (FPMR)
13040,0,145,2,393,2084,12.933056,-86.348611,1.0,0,0.0,1,0,2,4,1241,145.0,0,5,1.0,1,0.0,Nicaraguan Democratic Force (FDN)
67060,0,214,9,135,789,48.143208,37.753361,1.0,1,0.0,1,0,2,4,48,214.0,0,6,0.0,1,0.0,Donetsk People's Republic
61576,0,214,9,135,806,47.927954,37.371645,3.0,0,1.0,1,0,7,1,1202,214.0,0,5,1.0,1,0.0,Donetsk People's Republic
42305,0,186,6,203,1439,7.733107,81.68882,1.0,0,0.0,1,0,2,3,1742,186.0,0,5,0.0,0,0.0,Liberation Tigers of Tamil Eelam (LTTE)
53894,0,153,6,486,2717,24.891115,67.143311,1.0,0,1.0,1,1,3,15,3209,153.0,0,6,3.0,-9,0.0,Tehrik-i-Taliban Pakistan (TTP)
62910,0,4,6,467,2636,35.847119,65.23884,2.0,0,0.0,1,0,2,3,162,4.0,0,5,1.0,1,0.0,Taliban
34007,0,75,8,181,1364,52.195807,8.581551,1.0,0,0.0,1,0,7,15,1666,209.0,0,8,0.0,1,0.0,Kurdistan Workers' Party (PKK)
22695,0,185,8,82,431,37.501265,-3.672423,1.0,0,0.0,1,0,1,3,746,185.0,0,6,1.0,0,0.0,Basque Fatherland and Freedom (ETA)
26124,0,185,8,81,388,43.291618,-1.977903,1.0,0,0.0,0,0,3,19,699,185.0,0,6,0.0,1,0.0,Basque Fatherland and Freedom (ETA)
46887,0,147,11,100,466,11.840929,13.141459,1.0,0,1.0,1,0,7,3,871,147.0,0,8,0.0,1,0.0,Boko Haram
15819,0,159,3,256,1562,-11.967368,-76.978462,1.0,0,0.0,1,0,3,1,2870,159.0,0,6,1.0,1,0.0,Shining Path (SL)
64451,0,147,11,110,490,9.932665,8.885476,1.0,0,1.0,1,1,3,14,334,147.0,0,6,19.0,1,0.0,Boko Haram
46864,0,4,6,477,2669,36.815075,69.423841,2.0,0,0.0,1,0,3,12,3159,75.0,0,6,1.0,1,0.0,Taliban
16993,0,159,3,256,1562,-11.967368,-76.978462,1.0,0,1.0,0,0,3,14,779,159.0,0,6,0.0,1,0.0,Shining Path (SL)
18216,0,159,3,256,1562,-11.967368,-76.978462,1.0,0,0.0,1,0,3,7,3365,217.0,0,6,0.0,1,0.0,Tupac Amaru Revolutionary Movement (MRTA)
56483,0,60,10,267,1732,31.126646,33.800865,1.0,0,0.0,0,0,2,3,175,60.0,0,6,0.0,0,0.0,Muslim extremists
47386,0,153,6,389,2752,34.856902,71.429936,3.0,0,0.0,1,0,3,8,3228,153.0,0,6,0.0,1,0.0,Tehrik-i-Taliban Pakistan (TTP)
65655,0,228,10,50,241,15.325443,44.211895,1.0,0,0.0,1,0,3,22,455,228.0,0,6,0.0,-9,0.0,Al-Qaida in the Arabian Peninsula (AQAP)
2343,1,185,8,84,390,40.465595,-3.696263,1.0,0,0.0,1,0,5,7,2630,60.0,0,5,0.0,1,1.0,Palestinians
73405,0,160,5,352,2024,12.221115,123.823367,1.0,0,1.0,1,0,3,16,2397,160.0,0,6,0.0,1,0.0,New People's Army (NPA)
17256,0,61,2,139,856,13.69288,-89.199161,1.0,0,0.0,1,0,1,4,1239,61.0,0,5,1.0,0,0.0,Farabundo Marti National Liberation Front (FMLN)
49550,0,147,11,100,466,11.840929,13.141459,1.0,0,1.0,1,0,3,1,886,147.0,0,6,3.0,0,0.0,Boko Haram
81337,0,153,6,389,2790,33.418412,70.468875,2.0,1,1.0,1,0,3,4,409,153.0,0,6,0.0,0,0.0,Tehrik-i-Taliban Pakistan (TTP)
81354,0,147,11,100,466,11.840929,13.141459,1.0,0,1.0,1,1,3,14,885,147.0,0,6,6.0,1,0.0,Boko Haram
67827,0,214,9,135,832,47.206062,37.751823,1.0,1,0.0,1,0,2,4,1187,214.0,0,5,0.0,-9,0.0,Donetsk People's Republic
27542,0,159,3,256,1562,-11.967368,-76.978462,1.0,0,1.0,1,0,3,1,702,159.0,0,6,0.0,1,0.0,Tupac Amaru Revolutionary Movement (MRTA)
42221,0,69,8,126,745,41.591369,9.278311,1.0,0,1.0,1,0,3,14,1124,69.0,0,6,0.0,1,0.0,Corsican National Liberation Front (FLNC)
1567,0,603,8,178,1177,54.607712,-5.95621,1.0,0,0.0,1,0,1,4,1489,216.0,0,5,1.0,0,0.0,Irish Republican Army (IRA)
51278,0,95,10,34,211,36.373718,42.451778,2.0,0,1.0,1,1,3,14,13,95.0,0,6,8.0,1,0.0,Al-Qaida in Iraq
19433,0,69,8,126,743,42.016854,9.403982,1.0,0,1.0,1,0,3,1,1080,69.0,0,6,0.0,1,0.0,Corsican National Liberation Front (FLNC)
47597,0,92,6,121,632,22.124002,84.043175,3.0,0,0.0,1,0,3,19,955,92.0,0,6,0.0,1,0.0,Communist Party of India - Maoist (CPI-Maoist)
82479,0,209,10,214,1368,39.547222,44.083333,3.0,0,0.0,1,0,2,19,1670,4.0,0,5,3.0,1,0.0,Kurdistan Workers' Party (PKK)
71709,1,92,6,119,1590,21.096881,81.030341,2.0,0,1.0,1,0,6,14,2010,92.0,0,5,1.0,0,1.0,Maoists
45310,1,45,3,342,1869,3.429344,-76.516037,1.0,0,0.0,1,0,6,1,2712,45.0,0,5,0.0,0,1.0,Revolutionary Armed Forces of Colombia (FARC)
3426,0,603,8,178,1177,54.607712,-5.95621,1.0,0,1.0,1,0,7,1,1443,216.0,0,8,0.0,1,0.0,Irish Republican Army (IRA)
64768,0,4,6,474,2609,32.903333,67.649722,2.0,0,0.0,1,0,3,17,3116,4.0,0,6,4.0,1,0.0,Taliban
7484,0,155,10,304,2222,31.502407,34.459743,1.0,0,0.0,1,0,3,4,2571,97.0,0,6,1.0,1,0.0,Palestinians
36314,0,603,8,178,1178,55.011562,-7.312045,1.0,0,0.0,0,0,2,4,1437,216.0,0,5,0.0,1,0.0,Irish Republican Army (IRA)
10242,0,145,2,401,2100,12.73797,-86.21399,1.0,0,0.0,1,0,2,4,1235,145.0,0,5,1.0,1,0.0,Nicaraguan Democratic Force (FDN)
29482,0,92,6,316,2538,30.155434,76.195762,1.0,0,0.0,1,0,3,14,334,92.0,0,6,8.0,1,0.0,Sikh Extremists
57270,0,123,11,157,1725,16.273716,-0.050415,1.0,0,0.0,1,0,3,6,276,123.0,0,6,0.0,0,0.0,Muslim extremists
15559,0,45,3,327,1826,4.667128,-74.106056,1.0,0,0.0,1,0,2,3,412,45.0,0,5,1.0,1,0.0,National Liberation Army of Colombia (ELN)
53374,0,228,10,49,244,13.887403,45.863647,1.0,0,0.0,1,1,3,17,485,228.0,0,6,3.0,0,0.0,Al-Qaida in the Arabian Peninsula (AQAP)
6803,0,185,8,81,388,43.291618,-1.977903,1.0,0,0.0,1,0,3,3,710,185.0,0,5,2.0,1,0.0,Basque Fatherland and Freedom (ETA)
8989,0,159,3,256,2419,-12.046374,-77.042793,4.0,0,0.0,1,0,3,21,1234,159.0,0,6,0.0,1,0.0,Shining Path (SL)
17341,0,145,2,391,2177,14.152916,-85.07312,2.0,0,0.0,1,0,2,14,2505,145.0,0,5,12.0,1,0.0,Nicaraguan Democratic Force (FDN)
72720,0,147,11,155,1010,7.296636,9.250712,2.0,0,1.0,1,0,2,14,27,147.0,0,5,4.0,1,0.0,Fulani extremists
64788,0,95,10,34,215,36.376823,42.448875,1.0,0,0.0,1,0,3,14,1610,95.0,0,6,0.0,1,0.0,Islamic State of Iraq and the Levant (ISIL)
77755,0,95,10,34,215,36.281666,42.40361,1.0,1,0.0,1,0,3,10,1605,95.0,0,6,0.0,-9,0.0,Islamic State of Iraq and the Levant (ISIL)
63093,0,228,10,48,251,15.8275,44.793889,1.0,0,0.0,1,1,3,17,427,228.0,0,6,16.0,1,0.0,Al-Qaida in the Arabian Peninsula (AQAP)
58239,1,92,6,122,1623,18.740279,82.642942,1.0,0,0.0,1,0,6,8,2041,92.0,0,5,0.0,0,1.0,Maoists
9484,0,185,8,81,381,43.18418,-2.473289,1.0,0,0.0,1,0,3,3,654,185.0,0,6,1.0,1,0.0,Basque Fatherland and Freedom (ETA)
21918,0,183,11,19,113,-26.353159,28.132727,1.0,0,0.0,1,0,1,3,246,183.0,0,6,0.0,0,0.0,African National Congress (South Africa)
11164,0,183,11,18,97,-29.861824,31.008293,1.0,0,0.0,1,0,3,21,284,183.0,0,6,0.0,1,0.0,African National Congress (South Africa)
78435,0,60,10,267,1722,31.212225,34.117065,1.0,1,1.0,1,0,2,4,20,60.0,0,5,5.0,-9,0.0,Muslim extremists
51117,0,95,10,30,177,33.303566,44.371773,1.0,0,1.0,1,0,3,14,13,95.0,0,6,6.0,1,0.0,Al-Qaida in Iraq
7089,0,185,8,81,388,43.291618,-1.977903,1.0,0,0.0,1,0,1,1,749,185.0,0,5,1.0,0,0.0,Basque Fatherland and Freedom (ETA)
63777,0,147,11,156,960,8.75392,7.964677,1.0,0,1.0,1,0,7,14,27,147.0,0,8,2.0,1,0.0,Fulani extremists
76832,0,4,6,463,2639,33.796944,68.934585,3.0,0,0.0,1,0,3,14,3136,4.0,0,6,2.0,1,0.0,Taliban
3861,0,97,10,412,2221,31.771599,35.2034,1.0,0,0.0,1,0,3,19,2380,97.0,0,6,2.0,1,0.0,Palestinians
31252,0,183,11,18,110,-30.139609,30.835763,1.0,0,0.0,1,0,2,22,59,183.0,0,5,7.0,1,0.0,African National Congress (South Africa)
35579,0,209,10,233,1400,39.74887,37.016499,1.0,0,0.0,1,0,2,14,1700,209.0,0,5,3.0,1,0.0,Kurdistan Workers' Party (PKK)
4692,0,97,10,412,2221,31.771599,35.2034,1.0,0,0.0,1,0,3,14,2542,97.0,0,6,1.0,1,0.0,Palestinians
22721,0,43,3,250,1550,-33.366238,-70.505302,1.0,0,0.0,1,0,2,3,1261,43.0,0,5,0.0,1,0.0,Manuel Rodriguez Patriotic Front (FPMR)
63229,0,167,9,301,1783,43.320229,45.654491,1.0,0,0.0,1,1,3,14,2154,167.0,0,6,6.0,-9,0.0,Muslim extremists
40346,0,93,5,283,1745,-6.208821,106.846046,1.0,0,0.0,0,0,3,7,1881,217.0,0,6,1.0,-9,0.0,Muslim extremists
78319,0,160,5,0,24,6.741797,122.398145,4.0,0,0.0,0,0,4,11,119,160.0,0,5,0.0,1,0.0,Abu Sayyaf Group (ASG)
48844,0,95,10,30,177,33.303566,44.371773,1.0,0,1.0,1,0,3,1,344,95.0,0,6,1.0,1,0.0,Al-Qaida in Iraq
54791,0,45,3,325,2334,1.813128,-78.754227,1.0,0,1.0,1,0,3,1,2467,45.0,0,6,0.0,1,0.0,Revolutionary Armed Forces of Colombia (FARC)
60383,0,228,10,47,253,15.940011,48.789753,1.0,0,1.0,1,0,3,4,373,228.0,0,6,3.0,-9,0.0,Al-Qaida in the Arabian Peninsula (AQAP)
15931,0,603,8,178,1201,54.238631,-7.170908,1.0,0,0.0,1,0,1,3,1484,233.0,0,5,1.0,0,0.0,Irish Republican Army (IRA)
13520,0,61,2,148,869,13.437973,-88.460995,1.0,0,0.0,1,0,3,2,1249,61.0,0,5,1.0,1,0.0,Farabundo Marti National Liberation Front (FMLN)
12624,0,183,11,19,96,-26.184113,28.033232,1.0,0,0.0,1,0,3,2,186,183.0,0,6,0.0,1,0.0,African National Congress (South Africa)
57423,0,113,10,282,1744,32.069286,20.151144,1.0,0,0.0,1,0,2,2,2149,113.0,0,5,1.0,0,0.0,Muslim extremists
8431,0,159,3,432,2397,-13.152712,-74.218628,1.0,0,0.0,1,0,2,3,2896,159.0,0,5,0.0,1,0.0,Shining Path (SL)
77288,0,147,11,103,467,7.78811,6.729729,1.0,0,0.0,1,0,1,14,1351,147.0,0,5,1.0,1,0.0,Fulani extremists
61394,0,153,6,311,2781,30.370974,68.599319,1.0,0,0.0,1,0,2,4,2046,153.0,0,5,5.0,-9,0.0,Tehrik-i-Taliban Pakistan (TTP)
83138,0,147,11,100,498,11.53955,13.155654,2.0,0,1.0,1,1,3,14,603,147.0,0,6,5.0,1,0.0,Boko Haram
22497,0,97,10,412,2221,31.771599,35.2034,1.0,0,0.0,1,0,8,2,2582,97.0,0,2,0.0,1,0.0,Palestinians
42542,0,95,10,30,177,33.303566,44.371773,1.0,0,0.0,1,1,3,3,377,95.0,0,6,36.0,-9,0.0,Al-Qaida in Iraq
57897,0,228,10,45,236,12.825647,44.846416,1.0,0,1.0,1,1,3,3,373,228.0,0,6,1.0,1,0.0,Al-Qaida in the Arabian Peninsula (AQAP)
28382,0,159,3,430,2417,-11.161067,-75.99309,3.0,0,0.0,1,0,2,11,2875,159.0,0,5,12.0,1,0.0,Shining Path (SL)
52214,0,228,10,49,243,13.219398,45.307838,1.0,1,0.0,1,0,2,4,93,228.0,0,5,11.0,0,0.0,Al-Qaida in the Arabian Peninsula (AQAP)
79643,0,92,6,122,596,18.16408,81.953482,3.0,0,1.0,1,0,6,14,2022,92.0,0,9,1.0,0,1.0,Maoists
50623,0,147,11,111,492,5.900002,5.666517,1.0,0,0.0,1,0,3,15,858,147.0,0,6,0.0,1,0.0,Boko Haram
57344,0,92,6,118,626,23.805921,86.415512,3.0,0,0.0,1,0,7,1,948,92.0,0,8,0.0,1,0.0,Communist Party of India - Maoist (CPI-Maoist)
66682,0,92,6,119,1591,20.186773,81.081073,2.0,0,0.0,1,0,6,1,2011,92.0,0,5,0.0,0,1.0,Maoists
67007,0,182,11,60,331,2.71581,44.511845,1.0,0,0.0,1,0,2,4,593,422.0,0,5,14.0,-9,0.0,Al-Shabaab
55513,0,45,3,331,2305,2.998611,-75.304444,1.0,0,0.0,1,0,3,3,12,45.0,0,6,0.0,1,0.0,Revolutionary Armed Forces of Colombia (FARC)
61074,0,214,9,135,786,47.981647,37.762325,1.0,0,0.0,1,0,2,4,1209,214.0,0,5,0.0,-9,0.0,Donetsk People's Republic
83432,0,160,5,366,2027,9.71623,125.504322,1.0,0,1.0,0,0,2,3,409,160.0,0,5,1.0,-9,0.0,New People's Army (NPA)
35615,0,186,6,240,1507,6.725196,79.918392,1.0,0,0.0,1,0,2,3,1570,186.0,0,5,29.0,1,0.0,Liberation Tigers of Tamil Eelam (LTTE)
62579,0,147,11,156,953,8.198372,8.295129,2.0,0,1.0,1,0,2,14,27,147.0,0,5,15.0,1,0.0,Fulani extremists
15350,0,43,3,250,1550,-33.366238,-70.505302,1.0,0,1.0,1,0,3,1,1890,43.0,0,6,0.0,1,0.0,Manuel Rodriguez Patriotic Front (FPMR)
11149,0,61,2,138,918,13.496216,-87.825074,1.0,0,0.0,1,0,2,4,1245,61.0,0,5,1.0,1,0.0,Farabundo Marti National Liberation Front (FMLN)
17144,0,145,2,404,2138,11.26093,-85.77908,1.0,0,0.0,1,0,2,1,2454,145.0,0,5,1.0,1,0.0,Nicaraguan Democratic Force (FDN)
18339,0,69,8,126,752,42.6042,8.929852,1.0,0,1.0,1,0,3,14,1096,21.0,0,6,0.0,1,0.0,Corsican National Liberation Front (FLNC)
29338,0,45,3,328,1827,9.56049,-73.33269,1.0,0,0.0,1,0,6,2,2191,45.0,0,5,0.0,0,1.0,National Liberation Army of Colombia (ELN)
19009,0,159,3,438,2446,-9.529924,-77.5288,1.0,0,0.0,1,0,3,2,3361,159.0,0,6,0.0,1,0.0,Tupac Amaru Revolutionary Movement (MRTA)
11174,0,45,3,330,1834,7.116294,-73.120026,1.0,0,1.0,1,0,3,15,1967,45.0,0,6,0.0,1,0.0,National Liberation Army of Colombia (ELN)
55812,0,159,3,435,2433,-12.677856,-72.622833,1.0,0,0.0,0,0,3,21,2890,159.0,0,6,0.0,0,0.0,Shining Path (SL)
28582,0,209,10,215,1341,37.714618,41.418412,1.0,1,0.0,1,0,2,4,820,209.0,0,5,1.0,1,0.0,Kurdistan Workers' Party (PKK)
15882,0,183,11,20,143,-32.788923,26.832659,1.0,0,0.0,1,0,3,2,258,183.0,0,6,0.0,1,0.0,African National Congress (South Africa)
30104,0,159,3,256,1562,-11.967368,-76.978462,1.0,0,0.0,1,0,3,4,2903,159.0,0,6,1.0,1,0.0,Shining Path (SL)
64811,0,214,9,135,817,48.346134,38.424828,1.0,1,0.0,1,0,3,4,48,214.0,0,6,0.0,-9,0.0,Donetsk People's Republic
67503,0,160,5,0,59,6.606469,122.192254,1.0,0,0.0,0,0,3,16,104,160.0,0,6,0.0,0,0.0,Abu Sayyaf Group (ASG)
80788,1,147,11,166,1040,7.084237,6.239724,1.0,0,1.0,1,0,6,14,13,147.0,0,5,1.0,0,1.0,Fulani extremists
39156,0,185,8,84,390,40.465595,-3.696263,1.0,0,0.0,1,0,3,4,772,185.0,0,6,0.0,1,0.0,Basque Fatherland and Freedom (ETA)
56141,0,147,11,113,529,10.99967,10.408503,1.0,0,0.0,1,0,2,3,92,147.0,0,5,1.0,-9,0.0,Boko Haram
67536,0,160,5,363,2035,13.7,123.066666,1.0,0,0.0,1,0,2,4,12,160.0,0,5,1.0,0,0.0,New People's Army (NPA)
10204,0,61,2,147,868,13.805691,-88.145787,1.0,0,0.0,1,0,2,4,1245,61.0,0,5,1.0,1,0.0,Farabundo Marti National Liberation Front (FMLN)
70388,0,209,10,217,1385,38.142658,41.012292,3.0,0,0.0,1,0,2,4,1694,209.0,0,5,2.0,-9,0.0,Kurdistan Workers' Party (PKK)
72891,0,209,10,210,1371,37.080181,41.220196,1.0,0,1.0,0,0,2,13,1672,209.0,0,5,0.0,0,0.0,Kurdistan Workers' Party (PKK)
49359,0,228,10,47,253,15.964205,48.78252,1.0,0,0.0,1,0,2,4,460,228.0,0,5,1.0,-9,0.0,Al-Qaida in the Arabian Peninsula (AQAP)
51591,0,4,6,457,2595,32.047646,65.012009,1.0,0,0.0,1,0,2,3,12,4.0,0,5,2.0,0,0.0,Taliban
73142,0,182,11,77,339,5.196882,47.836901,2.0,0,1.0,1,0,2,14,27,182.0,0,6,5.0,0,0.0,Al-Shabaab
61232,0,214,9,135,821,48.110606,37.48805,1.0,0,0.0,1,0,3,4,20,214.0,0,6,1.0,1,0.0,Donetsk People's Republic
51231,0,160,5,1,22,6.050458,121.012245,1.0,0,0.0,1,0,3,1,49,160.0,0,6,2.0,-9,0.0,Abu Sayyaf Group (ASG)
55174,0,228,10,55,264,13.063399,44.880882,1.0,0,0.0,1,0,3,4,409,228.0,0,6,0.0,1,0.0,Al-Qaida in the Arabian Peninsula (AQAP)
1571,0,603,8,46,1183,51.504387,-0.140041,1.0,0,0.0,0,0,1,4,1516,216.0,0,6,0.0,0,0.0,Irish Republican Army (IRA)
36456,0,45,3,326,1865,7.07786,-74.70355,1.0,0,0.0,1,0,7,2,2271,45.0,0,8,0.0,1,0.0,National Liberation Army of Colombia (ELN)
83406,0,147,11,103,1020,7.860742,7.512218,2.0,1,0.0,1,0,2,14,27,147.0,0,5,10.0,1,0.0,Fulani extremists
77291,0,228,10,48,284,15.45639,45.324871,1.0,0,0.0,0,0,3,14,1389,228.0,0,6,0.0,0,0.0,Houthi extremists (Ansar Allah)
69441,0,209,10,206,1397,39.349569,39.209312,3.0,0,0.0,1,0,3,3,409,209.0,0,6,0.0,1,0.0,Kurdistan Workers' Party (PKK)
78061,0,92,6,119,589,18.9,81.35,1.0,0,0.0,1,0,2,14,2007,92.0,0,9,1.0,0,0.0,Maoists
78804,0,182,11,69,312,3.381584,45.598389,1.0,1,0.0,1,0,3,4,563,422.0,0,6,1.0,-9,0.0,Al-Shabaab
28498,0,159,3,256,1562,-11.967368,-76.978462,1.0,0,1.0,1,0,3,1,1106,159.0,0,6,0.0,1,0.0,Shining Path (SL)
21102,0,92,6,316,2522,30.860768,75.744748,1.0,0,0.0,1,0,2,14,3055,92.0,0,5,10.0,1,0.0,Sikh Extremists
50696,0,200,10,37,190,33.515244,36.292084,1.0,0,1.0,1,1,3,2,347,200.0,0,6,23.0,0,0.0,Al-Qaida in Iraq
18460,0,61,2,141,909,13.33,-88.15139,1.0,0,0.0,1,0,2,4,1245,61.0,0,5,9.0,1,0.0,Farabundo Marti National Liberation Front (FMLN)
65705,0,147,11,155,958,7.689167,9.250278,3.0,0,1.0,1,0,2,14,27,147.0,0,5,0.0,1,0.0,Fulani extremists
61075,0,4,6,464,2627,31.889889,64.750946,1.0,0,0.0,1,0,2,3,1626,4.0,0,5,6.0,0,0.0,Taliban
5418,0,185,8,84,390,40.465595,-3.696263,1.0,0,0.0,1,0,3,19,704,185.0,0,6,2.0,1,0.0,Basque Fatherland and Freedom (ETA)
58122,0,92,6,123,1653,17.850509,80.894976,2.0,1,0.0,1,0,2,3,2059,92.0,0,9,1.0,0,0.0,Maoists
73853,0,160,5,0,5,6.660501,122.138992,1.0,0,0.0,1,0,3,3,84,160.0,0,6,0.0,0,0.0,Abu Sayyaf Group (ASG)
62333,0,95,10,34,1289,36.489444,43.119167,3.0,0,1.0,0,0,3,20,6,95.0,0,6,0.0,0,0.0,Islamic State of Iraq and the Levant (ISIL)
64311,0,104,11,73,318,0.731673,39.172842,1.0,0,0.0,1,0,6,14,559,104.0,0,5,15.0,0,1.0,Al-Shabaab
14935,0,145,2,401,2167,12.84803,-85.23751,1.0,0,0.0,1,0,2,4,1235,145.0,0,5,1.0,1,0.0,Nicaraguan Democratic Force (FDN)
47010,0,4,6,461,2623,33.598633,69.228996,1.0,0,0.0,1,1,3,2,3127,4.0,0,6,2.0,0,0.0,Taliban
21759,0,92,6,316,2521,31.534899,75.910571,3.0,0,0.0,1,0,2,3,3014,92.0,0,5,3.0,1,0.0,Sikh Extremists
44504,0,186,6,240,1511,7.256096,80.169284,1.0,0,0.0,1,1,3,19,1819,186.0,0,6,8.0,1,0.0,Liberation Tigers of Tamil Eelam (LTTE)
45580,0,92,6,118,583,24.128611,84.185712,3.0,0,0.0,1,0,3,16,1009,92.0,0,6,0.0,1,0.0,Communist Party of India - Maoist (CPI-Maoist)
62559,0,95,10,39,1297,32.870514,44.29695,2.0,0,0.0,1,0,3,17,1628,95.0,0,6,1.0,0,0.0,Islamic State of Iraq and the Levant (ISIL)
70319,0,200,10,205,1791,35.990086,36.677223,1.0,0,1.0,1,0,3,14,27,200.0,0,6,0.0,0,0.0,Muslim extremists
2659,0,603,8,178,1197,54.553417,-6.003314,1.0,0,0.0,1,0,1,3,1473,233.0,0,5,1.0,0,0.0,Irish Republican Army (IRA)
29222,0,69,8,126,747,42.699997,9.447317,1.0,0,0.0,1,0,3,1,1106,69.0,0,6,0.0,1,0.0,Corsican National Liberation Front (FLNC)
46320,0,92,6,118,631,24.080548,85.486537,1.0,0,1.0,1,0,3,14,954,92.0,0,6,0.0,1,0.0,Communist Party of India - Maoist (CPI-Maoist)
77112,0,228,10,170,1147,15.3875,44.836667,2.0,0,1.0,1,0,2,17,1393,228.0,0,6,0.0,-9,0.0,Houthi extremists (Ansar Allah)
12553,0,159,3,439,2444,-12.787148,-74.973207,1.0,0,0.0,1,0,3,14,2648,159.0,0,6,0.0,1,0.0,Shining Path (SL)
51249,0,153,6,484,2740,31.834328,70.90905,1.0,0,0.0,1,1,3,3,3160,153.0,0,6,1.0,1,0.0,Tehrik-i-Taliban Pakistan (TTP)
78351,0,200,10,200,1284,35.361572,35.927155,1.0,0,0.0,1,1,3,1,1621,200.0,0,6,12.0,1,0.0,Islamic State of Iraq and the Levant (ISIL)
66018,0,147,11,102,463,11.704399,11.088539,1.0,0,1.0,1,1,3,19,56,147.0,0,6,13.0,1,0.0,Boko Haram
12209,0,145,2,403,2136,12.333333,-86.783333,1.0,0,0.0,1,0,2,4,1235,145.0,0,5,1.0,1,0.0,Nicaraguan Democratic Force (FDN)
66167,1,160,5,4,21,7.317287,122.875178,1.0,0,0.0,1,0,6,8,22,160.0,0,5,0.0,0,1.0,Abu Sayyaf Group (ASG)
49686,0,92,6,118,583,24.128611,84.185712,3.0,0,0.0,1,0,7,1,908,92.0,0,8,0.0,1,0.0,Communist Party of India - Maoist (CPI-Maoist)
78551,0,182,11,61,311,2.14383,45.118061,1.0,0,0.0,1,0,2,4,523,182.0,0,6,6.0,-9,0.0,Al-Shabaab
63000,0,147,11,155,1001,7.031136,7.777072,1.0,0,1.0,1,0,6,14,27,147.0,0,9,1.0,1,1.0,Fulani extremists
67315,0,60,10,267,1758,31.110285,33.932247,1.0,0,0.0,1,0,3,4,409,60.0,0,6,1.0,-9,0.0,Muslim extremists
41973,0,69,8,126,773,42.547135,9.417273,1.0,0,0.0,1,0,3,2,1152,69.0,0,6,0.0,1,0.0,Corsican National Liberation Front (FLNC)
39567,0,160,5,4,15,6.929089,122.07885,1.0,0,1.0,1,0,3,18,118,160.0,0,6,0.0,1,0.0,Abu Sayyaf Group (ASG)
32101,0,45,3,425,1550,1.14646,-77.00389,1.0,0,0.0,1,0,2,4,412,45.0,0,5,8.0,1,0.0,Revolutionary Armed Forces of Colombia (FARC)
58389,0,147,11,104,1022,9.635277,8.505035,1.0,0,1.0,1,0,2,14,27,147.0,0,5,10.0,1,0.0,Fulani extremists
64000,0,123,11,157,1725,16.266667,-0.05,1.0,0,0.0,1,0,2,1,180,123.0,0,5,1.0,-9,0.0,Muslim extremists
16846,0,159,3,256,1562,-11.967368,-76.978462,1.0,0,1.0,1,0,3,1,3325,159.0,0,6,0.0,1,0.0,Tupac Amaru Revolutionary Movement (MRTA)
67126,0,4,6,476,2674,37.116005,69.044067,1.0,0,1.0,1,0,2,3,3109,4.0,0,5,12.0,0,0.0,Taliban
46039,0,92,6,116,581,14.097995,77.280925,1.0,1,0.0,0,0,3,19,152,92.0,0,6,0.0,0,0.0,Communist Party of India - Maoist (CPI-Maoist)
56627,1,45,3,332,1844,6.953691,-71.878846,1.0,0,0.0,1,0,6,3,2217,45.0,0,5,1.0,0,1.0,National Liberation Army of Colombia (ELN)
28952,0,97,10,410,2231,32.410221,35.281722,1.0,0,0.0,1,0,8,4,12,97.0,0,9,0.0,1,0.0,Palestinians
33753,0,160,5,0,24,6.703352,121.968689,4.0,0,0.0,1,0,6,2,128,160.0,0,9,2.0,0,1.0,Abu Sayyaf Group (ASG)
35831,0,45,3,326,24,6.2675,-75.568611,4.0,0,1.0,1,0,3,21,1971,45.0,0,6,0.0,1,0.0,National Liberation Army of Colombia (ELN)
12239,0,183,11,19,112,-26.252697,27.870275,1.0,0,0.0,1,0,3,3,188,183.0,0,6,0.0,1,0.0,African National Congress (South Africa)
11365,0,145,2,400,2120,13.00583,-87.50278,1.0,0,0.0,1,0,3,11,2468,145.0,0,5,1.0,1,0.0,Nicaraguan Democratic Force (FDN)
70702,0,160,5,1,52,6.068588,121.034669,1.0,0,0.0,1,0,2,3,92,160.0,0,5,0.0,0,0.0,Abu Sayyaf Group (ASG)
25975,0,159,3,256,1562,-11.967368,-76.978462,1.0,0,0.0,1,0,7,8,3351,159.0,0,8,0.0,1,0.0,Tupac Amaru Revolutionary Movement (MRTA)
45716,0,153,6,485,2723,35.075339,72.854657,1.0,0,0.0,1,0,3,19,3199,153.0,0,6,0.0,1,0.0,Tehrik-i-Taliban Pakistan (TTP)
11287,0,145,2,392,2180,13.853697,-85.593154,3.0,1,0.0,1,0,2,1,2506,145.0,0,5,47.0,1,0.0,Nicaraguan Democratic Force (FDN)
74437,0,147,11,155,1004,7.9055,8.737323,2.0,0,0.0,1,0,2,14,860,147.0,0,5,7.0,1,0.0,Fulani extremists
22244,0,92,6,316,2516,30.679722,76.721944,1.0,0,0.0,1,0,1,10,3008,92.0,0,5,2.0,0,0.0,Sikh Extremists
82605,0,92,6,119,605,20.163111,80.531343,1.0,0,1.0,1,0,6,14,925,92.0,0,9,1.0,-9,1.0,Communist Party of India - Maoist (CPI-Maoist)
57917,0,95,10,29,193,33.420948,43.295662,1.0,0,1.0,1,0,2,3,175,95.0,0,5,0.0,1,0.0,Islamic State of Iraq and the Levant (ISIL)
60991,0,147,11,100,481,11.083983,13.693092,1.0,0,0.0,1,1,3,4,20,147.0,0,6,4.0,-9,0.0,Boko Haram
20998,0,603,8,178,1222,54.371988,-6.551326,1.0,0,0.0,1,0,3,14,1541,233.0,0,6,0.0,1,0.0,Irish Republican Army (IRA)
7637,0,97,10,242,2228,31.070501,35.030529,1.0,0,0.0,1,0,3,14,2540,97.0,0,6,0.0,1,0.0,Palestinians
16768,0,159,3,256,1562,-11.967368,-76.978462,1.0,0,1.0,1,0,3,10,3327,159.0,0,5,0.0,1,0.0,Tupac Amaru Revolutionary Movement (MRTA)
43632,1,4,6,457,2598,31.617667,65.675942,4.0,0,0.0,1,0,6,1,3141,4.0,0,5,0.0,-9,1.0,Taliban
46804,0,4,6,470,2673,34.68611,70.915658,3.0,0,0.0,0,0,1,2,3164,4.0,0,5,0.0,-9,0.0,Taliban
83435,0,182,11,69,321,4.787153,45.032951,1.0,0,0.0,1,0,7,1,573,182.0,0,8,0.0,1,0.0,Al-Shabaab
64169,0,147,11,100,466,11.840929,13.141459,1.0,0,1.0,1,1,3,14,334,147.0,0,6,4.0,1,0.0,Boko Haram
24292,0,61,2,139,849,13.69288,-89.199161,1.0,0,0.0,1,0,7,1,879,61.0,0,8,0.0,1,0.0,Farabundo Marti National Liberation Front (FMLN)
73357,0,147,11,155,964,7.258787,8.805645,1.0,0,1.0,1,0,2,14,27,147.0,0,5,0.0,1,0.0,Fulani extremists
37027,0,186,6,241,1444,9.666399,80.020477,1.0,0,0.0,1,1,3,2,1743,186.0,0,6,21.0,0,0.0,Liberation Tigers of Tamil Eelam (LTTE)
35877,0,185,8,89,422,41.980462,-1.443253,1.0,0,0.0,1,0,3,3,722,185.0,0,6,0.0,1,0.0,Basque Fatherland and Freedom (ETA)
29458,0,45,3,323,1861,8.833351,-73.200031,3.0,0,0.0,1,0,3,21,2197,45.0,0,6,0.0,1,0.0,National Liberation Army of Colombia (ELN)
13598,0,43,3,250,1557,-33.686068,-71.216633,1.0,0,0.0,1,0,3,19,56,43.0,0,6,0.0,1,0.0,Manuel Rodriguez Patriotic Front (FPMR)
7823,0,183,11,19,126,-25.748281,28.212069,1.0,1,0.0,1,0,3,16,262,183.0,0,6,0.0,1,0.0,African National Congress (South Africa)
24259,0,159,3,256,1562,-11.967368,-76.978462,1.0,0,0.0,1,0,3,7,181,156.0,0,6,0.0,1,0.0,Tupac Amaru Revolutionary Movement (MRTA)
52372,0,45,3,325,2355,1.246,-78.11531,1.0,1,0.0,1,0,2,19,56,45.0,0,5,4.0,1,0.0,Revolutionary Armed Forces of Colombia (FARC)
52688,0,95,10,34,195,35.713266,41.760647,1.0,0,1.0,1,1,3,3,85,95.0,0,6,1.0,1,0.0,Al-Qaida in Iraq
73283,0,182,11,65,307,-0.357847,42.54665,1.0,0,1.0,1,0,3,14,566,182.0,0,6,3.0,1,0.0,Al-Shabaab
35539,0,160,5,0,16,6.700414,121.972557,1.0,0,0.0,1,0,2,4,41,160.0,0,5,4.0,1,0.0,Abu Sayyaf Group (ASG)
73186,0,95,10,29,199,33.403057,43.911865,1.0,1,1.0,0,1,3,4,373,95.0,0,6,2.0,0,0.0,Islamic State of Iraq and the Levant (ISIL)
46786,0,92,6,118,586,23.744186,84.504429,3.0,1,0.0,1,0,2,3,931,92.0,0,5,1.0,-9,0.0,Communist Party of India - Maoist (CPI-Maoist)
61022,0,153,6,484,2714,34.006004,71.53743,1.0,0,0.0,1,0,2,6,3276,153.0,0,5,1.0,1,0.0,Tehrik-i-Taliban Pakistan (TTP)
56128,1,228,10,50,241,15.325443,44.211895,1.0,0,0.0,1,0,6,7,487,94.0,0,5,0.0,0,1.0,Al-Qaida in the Arabian Peninsula (AQAP)
61335,0,228,10,173,24,16.256921,43.943679,4.0,0,0.0,1,0,2,10,1381,228.0,0,5,0.0,1,0.0,Houthi extremists (Ansar Allah)
45866,0,153,6,485,2714,34.006004,71.53743,1.0,0,0.0,1,0,3,14,3197,153.0,0,6,0.0,1,0.0,Tehrik-i-Taliban Pakistan (TTP)
49872,0,147,11,100,466,11.840929,13.141459,1.0,0,0.0,1,0,3,2,880,147.0,0,6,0.0,1,0.0,Boko Haram
12981,0,92,6,447,2486,28.585836,77.153336,1.0,0,0.0,1,0,1,2,2969,92.0,0,5,1.0,0,0.0,Sikh Extremists
6634,0,61,2,143,905,13.536835,-88.780584,1.0,0,0.0,1,0,2,20,1083,61.0,0,5,9.0,0,0.0,Farabundo Marti National Liberation Front (FMLN)
77638,0,228,10,171,1115,16.321999,42.814075,1.0,0,0.0,1,0,3,4,48,228.0,0,6,2.0,-9,0.0,Houthi extremists (Ansar Allah)
65694,0,147,11,155,958,7.689167,9.250278,3.0,0,1.0,1,0,2,14,27,147.0,0,5,1.0,1,0.0,Fulani extremists
64350,0,228,10,50,241,15.325443,44.211895,1.0,0,0.0,0,0,2,4,468,228.0,0,5,0.0,0,0.0,Houthi extremists (Ansar Allah)
79521,1,160,5,0,47,6.644703,122.299491,1.0,1,0.0,1,0,4,11,69,160.0,0,5,0.0,0,1.0,Abu Sayyaf Group (ASG)
6777,0,61,2,139,849,13.69288,-89.199161,1.0,0,1.0,1,0,3,1,242,61.0,0,6,1.0,1,0.0,Farabundo Marti National Liberation Front (FMLN)
17464,0,145,2,391,24,13.091683,-86.000314,4.0,0,0.0,1,0,3,4,2460,145.0,0,6,18.0,1,0.0,Nicaraguan Democratic Force (FDN)
44443,0,160,5,9,2026,6.483545,125.066665,1.0,0,0.0,1,0,2,1,2399,14.0,0,5,0.0,1,0.0,New People's Army (NPA)
68620,0,209,10,220,1353,38.395649,27.135641,1.0,0,0.0,0,0,3,20,6,209.0,0,6,0.0,0,0.0,Kurdistan Workers' Party (PKK)
27131,0,159,3,256,1562,-11.967368,-76.978462,1.0,0,1.0,1,0,3,1,1106,159.0,0,6,0.0,1,0.0,Tupac Amaru Revolutionary Movement (MRTA)
74768,0,228,10,57,277,13.586484,44.024105,1.0,0,0.0,1,0,3,14,841,228.0,0,6,0.0,-9,0.0,Houthi extremists (Ansar Allah)
55038,0,228,10,169,1113,16.8884,44.2738,3.0,0,0.0,1,0,8,8,1368,228.0,0,9,0.0,0,0.0,Houthi extremists (Ansar Allah)
47212,0,92,6,118,595,23.982774,86.030013,1.0,0,0.0,1,0,2,19,916,92.0,0,5,0.0,1,0.0,Communist Party of India - Maoist (CPI-Maoist)
11775,0,61,2,147,913,13.818333,-87.971389,1.0,0,0.0,1,0,2,4,1261,61.0,0,5,1.0,1,0.0,Farabundo Marti National Liberation Front (FMLN)
29842,0,92,6,316,2481,30.898024,75.860077,1.0,0,0.0,1,0,1,14,3056,92.0,0,5,9.0,0,0.0,Sikh Extremists
51682,0,228,10,45,266,12.8,45.033333,2.0,0,0.0,1,1,3,4,481,228.0,0,6,1.0,0,0.0,Al-Qaida in the Arabian Peninsula (AQAP)
49869,1,160,5,4,10,6.887752,122.154588,1.0,0,0.0,1,0,6,14,11,217.0,0,5,0.0,0,1.0,Abu Sayyaf Group (ASG)
63784,0,147,11,156,1032,8.914713,7.889945,1.0,0,1.0,1,0,7,14,27,147.0,0,8,1.0,1,0.0,Fulani extremists
74172,0,228,10,57,277,13.586484,44.024105,1.0,0,1.0,1,0,3,14,1196,228.0,0,6,0.0,-9,0.0,Houthi extremists (Ansar Allah)
5765,0,69,8,127,91,48.856644,2.34233,1.0,0,0.0,1,0,3,4,1110,69.0,0,6,0.0,1,0.0,Corsican National Liberation Front (FLNC)
53107,0,147,11,100,466,11.840929,13.141459,1.0,0,0.0,1,0,2,4,12,147.0,0,8,0.0,1,0.0,Boko Haram
14626,0,61,2,141,863,13.491242,-88.173134,1.0,0,1.0,1,0,2,4,116,61.0,0,5,10.0,1,0.0,Farabundo Marti National Liberation Front (FMLN)
83050,0,160,5,0,11,6.440039,122.080475,1.0,0,0.0,1,0,2,4,12,160.0,0,5,6.0,0,0.0,Abu Sayyaf Group (ASG)
15784,0,159,3,256,1562,-11.967368,-76.978462,1.0,0,1.0,1,0,3,14,3357,159.0,0,6,0.0,1,0.0,Tupac Amaru Revolutionary Movement (MRTA)
18394,0,43,3,250,1550,-33.366238,-70.505302,1.0,0,0.0,1,0,3,21,1286,43.0,0,6,0.0,1,0.0,Manuel Rodriguez Patriotic Front (FPMR)
23575,0,159,3,256,1562,-11.967368,-76.978462,1.0,0,0.0,1,0,1,3,2868,159.0,0,5,1.0,0,0.0,Shining Path (SL)
18030,0,159,3,256,1562,-11.967368,-76.978462,1.0,0,0.0,1,0,3,1,3375,159.0,0,6,0.0,1,0.0,Tupac Amaru Revolutionary Movement (MRTA)
4672,0,185,8,81,391,43.136978,-2.073914,1.0,0,0.0,1,0,3,3,666,185.0,0,6,1.0,1,0.0,Basque Fatherland and Freedom (ETA)
62083,0,228,10,47,253,15.966742,48.783333,1.0,0,0.0,1,0,2,4,486,228.0,0,5,20.0,1,0.0,Al-Qaida in the Arabian Peninsula (AQAP)
37852,0,185,8,84,390,40.465595,-3.696263,1.0,0,0.0,1,0,3,14,747,185.0,0,6,3.0,-9,0.0,Basque Fatherland and Freedom (ETA)
50873,0,147,11,107,484,11.974328,8.50026,1.0,0,1.0,1,1,3,3,175,147.0,0,6,18.0,1,0.0,Boko Haram
60145,1,214,9,135,24,48.015883,37.80285,4.0,0,0.0,1,0,6,4,1205,214.0,0,5,0.0,0,1.0,Donetsk People's Republic
59681,0,182,11,60,342,3.037389,43.796963,1.0,0,0.0,1,0,2,4,162,182.0,0,5,12.0,1,0.0,Al-Shabaab
53191,0,95,10,31,179,33.74324,44.623825,1.0,0,1.0,1,0,3,14,13,95.0,0,6,0.0,0,0.0,Al-Qaida in Iraq
66614,0,160,5,369,1963,11.216977,122.434284,2.0,0,0.0,1,0,2,4,2344,160.0,0,5,0.0,0,0.0,New People's Army (NPA)
47090,0,45,3,323,1883,8.642183,-72.734823,1.0,0,0.0,1,0,3,2,2771,45.0,0,6,2.0,1,0.0,Revolutionary Armed Forces of Colombia (FARC)
41664,0,95,10,30,177,33.303566,44.371773,1.0,0,0.0,1,0,3,4,388,14.0,0,6,3.0,-9,0.0,Al-Qaida in Iraq
7964,0,97,10,241,2258,32.93095,35.083187,1.0,0,0.0,1,0,3,4,2607,97.0,0,6,1.0,1,0.0,Palestinians
74057,0,92,6,125,1641,20.489143,80.374216,2.0,0,1.0,1,0,6,14,2050,92.0,0,5,1.0,0,1.0,Maoists
1452,0,603,8,178,1181,54.347539,-6.656108,1.0,0,0.0,1,0,3,4,1452,216.0,0,6,1.0,1,0.0,Irish Republican Army (IRA)
47794,0,92,6,118,586,23.744186,84.504429,3.0,0,0.0,1,0,2,20,997,92.0,0,5,1.0,0,0.0,Communist Party of India - Maoist (CPI-Maoist)
39232,1,45,3,326,2321,5.657909,-75.837417,2.0,0,0.0,1,0,6,14,2732,45.0,0,5,0.0,0,1.0,Revolutionary Armed Forces of Colombia (FARC)
80687,0,95,10,34,184,36.354145,43.14357,1.0,0,0.0,1,1,3,4,48,95.0,0,6,13.0,1,0.0,Islamic State of Iraq and the Levant (ISIL)
6648,0,183,11,23,108,-26.810437,27.827077,1.0,0,1.0,1,0,3,1,205,183.0,0,6,1.0,1,0.0,African National Congress (South Africa)
49422,0,45,3,323,1870,8.04928,-73.0855,1.0,1,0.0,1,0,3,21,2747,45.0,0,6,0.0,1,0.0,Revolutionary Armed Forces of Colombia (FARC)
14824,0,183,11,26,130,-23.00124,29.768678,1.0,0,0.0,1,0,3,14,237,183.0,0,6,0.0,1,0.0,African National Congress (South Africa)
25386,1,92,6,316,24,31.147131,75.341218,4.0,0,0.0,1,0,6,3,92,92.0,0,5,1.0,0,1.0,Sikh Extremists
23513,0,45,3,323,1875,7.74002,-73.04889,1.0,0,0.0,1,0,3,3,820,45.0,0,6,4.0,1,0.0,National Liberation Army of Colombia (ELN)
10676,0,61,2,137,866,13.85077,-88.90406,1.0,0,0.0,1,0,2,4,1245,61.0,0,5,5.0,1,0.0,Farabundo Marti National Liberation Front (FMLN)
72708,0,228,10,50,241,15.325443,44.211895,1.0,0,1.0,1,0,2,10,1408,228.0,0,5,0.0,0,0.0,Houthi extremists (Ansar Allah)
7719,0,185,8,81,388,43.291618,-1.977903,1.0,0,0.0,1,0,3,3,769,185.0,0,6,1.0,1,0.0,Basque Fatherland and Freedom (ETA)
71356,0,4,6,477,2652,37.470481,69.624767,3.0,0,0.0,1,0,2,14,1636,4.0,0,5,3.0,0,0.0,Taliban
58510,0,4,6,459,2577,32.690185,62.735282,3.0,0,0.0,1,0,2,4,345,4.0,0,5,1.0,0,0.0,Taliban
16214,0,145,2,403,2144,12.3089,-86.78852,1.0,0,0.0,1,0,2,4,1235,145.0,0,5,1.0,1,0.0,Nicaraguan Democratic Force (FDN)
39725,0,155,10,304,2236,31.355579,34.274364,1.0,0,0.0,1,0,3,14,2555,155.0,0,6,0.0,-9,0.0,Palestinians
52682,0,95,10,31,210,33.784248,44.50972,1.0,0,1.0,1,0,3,19,56,95.0,0,6,3.0,1,0.0,Al-Qaida in Iraq
52728,0,95,10,33,223,34.366667,43.816667,1.0,0,0.0,1,0,2,3,12,95.0,0,5,2.0,0,0.0,Al-Qaida in Iraq
54878,0,147,11,107,484,12.023287,8.536534,1.0,0,0.0,1,1,3,19,884,147.0,0,6,39.0,1,0.0,Boko Haram
26574,0,61,2,146,874,13.84222,-89.09694,1.0,0,0.0,1,0,2,4,412,61.0,0,5,0.0,1,0.0,Farabundo Marti National Liberation Front (FMLN)
39925,0,159,3,256,1562,-11.967368,-76.978462,1.0,0,0.0,1,0,3,7,2898,159.0,0,6,9.0,1,0.0,Shining Path (SL)
67091,0,214,9,135,787,47.098835,37.81987,1.0,1,0.0,1,0,2,4,48,214.0,0,6,0.0,-9,0.0,Donetsk People's Republic
74000,0,228,10,57,277,13.586484,44.024105,1.0,0,0.0,1,0,3,19,56,228.0,0,6,5.0,1,0.0,Houthi extremists (Ansar Allah)
60347,0,92,6,119,716,18.898482,81.352973,3.0,0,0.0,0,0,3,4,601,92.0,0,6,0.0,0,0.0,Maoists
30408,0,186,6,241,1483,8.964041,80.787941,1.0,0,0.0,1,0,2,4,1781,186.0,0,5,6.0,1,0.0,Liberation Tigers of Tamil Eelam (LTTE)
78190,0,37,11,109,523,11.046735,14.140454,1.0,0,1.0,1,1,3,14,334,37.0,0,6,3.0,1,0.0,Boko Haram
14813,0,43,3,251,1559,-36.748146,-73.11232,1.0,0,0.0,1,0,3,3,1901,43.0,0,6,1.0,1,0.0,Manuel Rodriguez Patriotic Front (FPMR)
31651,0,155,10,304,2227,31.346964,34.30143,1.0,0,0.0,1,0,1,14,2592,155.0,0,5,1.0,0,0.0,Palestinians
24851,0,43,3,250,1550,-33.366238,-70.505302,1.0,0,0.0,1,0,3,1,1899,43.0,0,6,0.0,1,0.0,Manuel Rodriguez Patriotic Front (FPMR)
9924,0,145,2,392,2165,13.713126,-86.127068,2.0,1,0.0,1,0,2,4,1235,145.0,0,5,1.0,1,0.0,Nicaraguan Democratic Force (FDN)
5218,0,69,8,127,91,48.856644,2.34233,1.0,0,0.0,1,0,3,1,1091,69.0,0,6,0.0,1,0.0,Corsican National Liberation Front (FLNC)
37595,1,107,7,289,1756,39.632764,70.973749,1.0,0,0.0,1,0,6,1,2133,101.0,0,5,0.0,-9,1.0,Muslim extremists
19336,0,159,3,256,1562,-11.967368,-76.978462,1.0,0,0.0,1,0,3,7,3331,217.0,0,6,0.0,1,0.0,Tupac Amaru Revolutionary Movement (MRTA)
60161,0,4,6,462,2581,32.100204,66.901016,1.0,0,0.0,1,1,3,3,409,4.0,0,6,1.0,1,0.0,Taliban
4169,0,69,8,133,779,42.467512,9.473267,1.0,0,0.0,1,0,3,1,1159,69.0,0,6,0.0,1,0.0,Corsican National Liberation Front (FLNC)
55377,0,147,11,100,524,11.526846,13.69271,1.0,0,1.0,1,0,2,3,477,147.0,0,5,18.0,1,0.0,Boko Haram
62655,0,147,11,161,977,12.275292,6.929635,1.0,0,1.0,1,0,6,14,27,147.0,0,5,2.0,1,1.0,Fulani extremists
26514,0,61,2,143,859,13.703735,-88.804566,1.0,0,0.0,1,0,2,3,412,61.0,0,5,0.0,1,0.0,Farabundo Marti National Liberation Front (FMLN)
62476,0,45,3,326,2337,6.961684,-75.426826,3.0,0,0.0,0,0,2,14,2021,45.0,0,8,0.0,1,0.0,Revolutionary Armed Forces of Colombia (FARC)
30663,0,209,10,229,24,41.115547,42.789392,4.0,0,0.0,1,0,1,2,1682,209.0,0,5,2.0,0,0.0,Kurdistan Workers' Party (PKK)
35322,0,185,8,82,384,37.884727,-4.779152,1.0,0,1.0,0,0,3,3,657,185.0,0,6,0.0,1,0.0,Basque Fatherland and Freedom (ETA)
25305,0,159,3,256,2406,-12.517373,-76.73399,1.0,0,0.0,1,0,1,2,2848,159.0,0,5,1.0,0,0.0,Shining Path (SL)
69214,0,209,10,212,1390,40.141942,43.11954,3.0,0,0.0,1,0,3,4,48,209.0,0,6,1.0,-9,0.0,Kurdistan Workers' Party (PKK)
34765,0,186,6,203,1439,7.733107,81.68882,1.0,0,0.0,1,0,1,2,1750,186.0,0,5,1.0,0,0.0,Liberation Tigers of Tamil Eelam (LTTE)
11783,0,61,2,148,889,13.558889,-88.43,1.0,0,0.0,1,0,2,4,1270,61.0,0,5,1.0,1,0.0,Farabundo Marti National Liberation Front (FMLN)
51911,0,228,10,49,254,13.129726,45.385571,1.0,1,0.0,1,0,2,4,461,228.0,0,5,6.0,-9,0.0,Al-Qaida in the Arabian Peninsula (AQAP)
66316,0,147,11,155,1028,6.783539,9.069549,3.0,0,0.0,1,0,2,3,85,147.0,0,5,2.0,0,0.0,Fulani extremists
57190,1,160,5,1,2,6.066667,121.1,1.0,0,0.0,1,0,6,1,98,160.0,0,5,0.0,0,1.0,Abu Sayyaf Group (ASG)
23287,0,155,10,410,2263,31.862497,35.46188,1.0,0,0.0,1,0,1,14,2619,155.0,0,9,1.0,0,0.0,Palestinians
57123,0,228,10,55,264,13.063399,44.880882,1.0,0,0.0,1,0,2,4,479,228.0,0,5,3.0,-9,0.0,Al-Qaida in the Arabian Peninsula (AQAP)
24341,0,159,3,432,2397,-13.152712,-74.218628,1.0,0,0.0,1,0,1,2,2920,159.0,0,5,1.0,0,0.0,Shining Path (SL)
46091,0,182,11,63,304,2.059819,45.326115,1.0,0,0.0,1,0,2,10,585,182.0,0,5,1.0,-9,0.0,Al-Shabaab
55375,0,153,6,484,2775,35.038889,71.788889,1.0,0,0.0,1,0,3,22,3255,153.0,0,6,6.0,0,0.0,Tehrik-i-Taliban Pakistan (TTP)
50043,1,92,6,122,625,18.815236,82.712102,1.0,0,1.0,1,0,6,14,1021,92.0,0,9,1.0,-9,1.0,Communist Party of India - Maoist (CPI-Maoist)
14948,0,159,3,488,2816,-12.050934,-77.126044,1.0,0,0.0,1,0,3,1,702,159.0,0,6,1.0,1,0.0,Tupac Amaru Revolutionary Movement (MRTA)
74188,0,153,6,311,1800,30.200819,66.994354,1.0,0,0.0,1,0,3,3,409,153.0,0,6,0.0,1,0.0,Tehrik-i-Taliban Pakistan (TTP)
35755,0,45,3,323,1837,7.933383,-72.600048,3.0,0,0.0,1,0,2,4,1453,45.0,0,5,2.0,1,0.0,National Liberation Army of Colombia (ELN)
28107,0,92,6,123,2536,13.589583,80.03337,1.0,0,0.0,1,0,2,3,412,92.0,0,5,2.0,1,0.0,Sikh Extremists
71252,0,228,10,53,296,14.781294,42.972851,1.0,0,1.0,1,0,3,2,251,228.0,0,6,1.0,-9,0.0,Houthi extremists (Ansar Allah)
51302,0,228,10,49,255,13.928919,46.079398,3.0,0,0.0,1,0,3,17,462,228.0,0,6,3.0,0,0.0,Al-Qaida in the Arabian Peninsula (AQAP)
7373,0,61,2,141,863,13.491242,-88.173134,1.0,0,0.0,1,0,2,19,56,61.0,0,5,2.0,1,0.0,Farabundo Marti National Liberation Front (FMLN)
73061,1,4,6,467,2645,36.041875,65.014133,2.0,0,0.0,1,0,6,14,13,4.0,0,5,2.0,0,1.0,Taliban
75758,0,147,11,104,982,9.434235,8.350026,1.0,1,1.0,1,0,2,14,27,147.0,0,5,2.0,0,0.0,Fulani extremists
13919,0,43,3,251,1553,-36.823788,-72.668472,1.0,0,1.0,1,0,3,21,1254,43.0,0,6,0.0,1,0.0,Manuel Rodriguez Patriotic Front (FPMR)
46567,1,4,6,455,2573,30.280606,62.054597,2.0,0,0.0,1,0,6,3,3098,4.0,0,5,0.0,-9,1.0,Taliban
29267,0,603,8,178,1177,54.607712,-5.95621,1.0,0,0.0,1,0,3,14,1461,216.0,0,6,0.0,1,0.0,Irish Republican Army (IRA)
21904,0,43,3,251,1559,-36.748146,-73.11232,1.0,0,0.0,1,0,2,3,1904,43.0,0,5,0.0,1,0.0,Manuel Rodriguez Patriotic Front (FPMR)
12422,0,145,2,399,2112,12.17609,-86.03771,1.0,0,0.0,1,0,2,14,2464,145.0,0,5,4.0,1,0.0,Nicaraguan Democratic Force (FDN)
71514,0,228,10,57,277,13.586484,44.024105,1.0,0,0.0,1,0,3,14,1222,228.0,0,6,0.0,-9,0.0,Houthi extremists (Ansar Allah)
23611,0,97,10,414,2225,32.08297,34.811886,1.0,0,0.0,1,0,1,3,2587,97.0,0,9,0.0,0,0.0,Palestinians
65698,0,147,11,155,958,7.689167,9.250278,3.0,0,1.0,1,0,2,14,27,147.0,0,5,1.0,1,0.0,Fulani extremists
42970,0,69,8,126,747,42.699997,9.447317,1.0,0,0.0,1,0,3,4,1134,69.0,0,6,0.0,1,0.0,Corsican National Liberation Front (FLNC)
11672,0,183,11,18,102,-29.156284,31.407625,1.0,0,0.0,1,0,3,3,195,183.0,0,6,1.0,1,0.0,African National Congress (South Africa)
75441,0,147,11,155,973,7.345335,8.74172,2.0,0,1.0,1,0,2,14,13,147.0,0,5,1.0,-9,0.0,Fulani extremists
55995,0,160,5,370,1975,13.071,123.598,1.0,0,1.0,1,0,2,4,2354,160.0,0,5,0.0,0,0.0,New People's Army (NPA)
27804,0,159,3,256,2452,-11.495531,-77.207192,1.0,0,0.0,1,0,3,1,2919,159.0,0,5,0.0,1,0.0,Shining Path (SL)
64656,0,228,10,50,241,15.325443,44.211895,1.0,0,0.0,1,0,3,14,448,228.0,0,6,0.0,1,0.0,Al-Qaida in the Arabian Peninsula (AQAP)
9214,0,61,2,141,885,13.719546,-88.360633,1.0,0,0.0,1,0,2,4,1235,61.0,0,5,1.0,1,0.0,Farabundo Marti National Liberation Front (FMLN)
21121,0,186,6,203,1446,8.499728,81.094412,1.0,0,0.0,1,0,2,4,1235,186.0,0,5,3.0,1,0.0,Liberation Tigers of Tamil Eelam (LTTE)
41846,0,69,8,126,744,41.930607,8.742907,1.0,0,0.0,1,0,3,2,1142,69.0,0,6,0.0,1,0.0,Corsican National Liberation Front (FLNC)
13256,0,145,2,392,2093,13.746389,-86.709722,1.0,0,0.0,1,0,2,4,1235,145.0,0,5,34.0,1,0.0,Nicaraguan Democratic Force (FDN)
63881,0,95,10,39,1294,33.07835,44.254719,1.0,0,0.0,1,0,3,3,12,95.0,0,6,1.0,0,0.0,Islamic State of Iraq and the Levant (ISIL)
56309,0,167,9,281,1743,42.98542,47.450668,1.0,0,1.0,1,0,3,1,879,167.0,0,6,0.0,0,0.0,Muslim extremists
53003,0,45,3,340,2362,2.45,-76.616667,1.0,1,0.0,1,0,3,21,2015,45.0,0,6,0.0,1,0.0,Revolutionary Armed Forces of Colombia (FARC)
32404,0,45,3,326,1832,6.242026,-75.564766,1.0,0,0.0,1,0,3,8,2200,45.0,0,6,0.0,1,0.0,National Liberation Army of Colombia (ELN)
58342,0,147,11,100,478,11.089722,13.688376,3.0,0,0.0,1,0,3,19,56,147.0,0,6,7.0,1,0.0,Boko Haram
81141,0,45,3,340,1863,2.080071,-76.813661,2.0,0,0.0,1,0,2,3,2249,45.0,0,5,3.0,1,0.0,National Liberation Army of Colombia (ELN)
74151,0,228,10,57,277,13.586484,44.024105,1.0,0,1.0,1,0,3,14,1218,228.0,0,6,0.0,-9,0.0,Houthi extremists (Ansar Allah)
71547,0,160,5,350,1987,7.128161,125.896379,1.0,0,0.0,0,0,3,20,6,160.0,0,6,0.0,0,0.0,New People's Army (NPA)
14293,0,159,3,256,1562,-11.967368,-76.978462,1.0,0,0.0,1,0,3,1,2860,159.0,0,6,0.0,1,0.0,Shining Path (SL)
68543,0,173,10,58,24,17.545372,44.222498,4.0,0,0.0,1,0,3,4,1392,173.0,0,6,1.0,0,0.0,Houthi extremists (Ansar Allah)
49750,0,45,3,340,2312,2.116667,-76.983333,1.0,1,0.0,1,0,2,14,2721,45.0,0,5,1.0,0,0.0,Revolutionary Armed Forces of Colombia (FARC)
12233,0,137,11,22,105,-26.199643,32.138373,1.0,0,0.0,1,0,2,19,201,197.0,0,5,0.0,1,0.0,African National Congress (South Africa)
28733,0,92,6,316,2481,30.898024,75.860077,1.0,1,1.0,1,0,7,1,802,92.0,0,8,0.0,1,0.0,Sikh Extremists
71047,0,4,6,461,2585,33.791877,69.911399,3.0,0,1.0,1,0,2,3,2046,4.0,0,5,16.0,0,0.0,Taliban
67941,0,214,9,135,788,48.363186,37.891922,1.0,1,0.0,1,0,3,4,48,214.0,0,6,0.0,-9,0.0,Donetsk People's Republic
57911,0,95,10,33,218,33.669689,44.381317,1.0,0,1.0,1,0,2,3,175,95.0,0,5,4.0,1,0.0,Muslim extremists
16400,0,145,2,402,2159,13.52628,-84.89873,1.0,0,0.0,1,0,2,4,1235,145.0,0,5,1.0,1,0.0,Nicaraguan Democratic Force (FDN)
72929,0,37,11,109,487,10.866518,14.150657,1.0,0,0.0,1,1,3,8,51,37.0,0,6,2.0,0,0.0,Boko Haram
32749,0,69,8,126,743,42.016854,9.403982,1.0,0,1.0,1,0,2,3,820,69.0,0,5,0.0,1,0.0,Corsican National Liberation Front (FLNC)
29869,0,92,6,264,2537,28.367035,79.430438,1.0,0,0.0,0,0,3,1,3033,92.0,0,6,2.0,1,0.0,Sikh Extremists
63412,0,4,6,465,2587,34.516895,69.147011,1.0,0,0.0,1,0,3,2,626,4.0,0,6,2.0,1,0.0,Taliban
68452,0,214,9,135,790,48.092945,37.609921,1.0,0,0.0,1,0,3,14,27,214.0,0,6,0.0,-9,0.0,Donetsk People's Republic
14156,0,69,8,126,24,41.918891,8.737554,4.0,0,1.0,1,0,3,3,1108,69.0,0,6,0.0,1,0.0,Corsican National Liberation Front (FLNC)
29649,0,155,10,410,2219,31.704338,35.194355,1.0,0,0.0,1,0,2,14,2526,97.0,0,8,0.0,1,0.0,Palestinians
80285,0,147,11,158,966,7.8116,10.58387,1.0,0,1.0,1,0,2,14,27,147.0,0,5,3.0,-9,0.0,Fulani extremists
78094,0,92,6,259,1620,17.742874,81.396271,1.0,0,0.0,0,0,3,20,6,92.0,0,6,0.0,0,0.0,Maoists
49878,0,182,11,68,340,3.926858,41.877171,1.0,1,0.0,1,0,6,12,604,182.0,0,5,0.0,1,1.0,Al-Shabaab
79809,0,200,10,193,1288,33.327676,38.6559,1.0,0,1.0,1,1,3,4,1625,422.0,0,6,9.0,-9,0.0,Islamic State of Iraq and the Levant (ISIL)
2445,0,603,8,178,1177,54.607712,-5.95621,1.0,0,0.0,1,0,1,17,1435,233.0,0,5,1.0,0,0.0,Irish Republican Army (IRA)
76152,0,209,10,208,1378,37.377975,44.085653,1.0,0,0.0,1,0,2,1,112,209.0,0,5,2.0,0,0.0,Kurdistan Workers' Party (PKK)
35063,0,186,6,241,1455,8.349393,81.285949,1.0,0,0.0,1,0,2,4,1453,186.0,0,5,3.0,1,0.0,Liberation Tigers of Tamil Eelam (LTTE)
60762,0,214,9,135,810,48.785413,37.599078,4.0,0,0.0,1,0,2,4,1198,214.0,0,5,1.0,1,0.0,Donetsk People's Republic
57615,0,95,10,35,180,35.45211,44.375465,1.0,0,1.0,1,1,5,1,1609,95.0,0,6,3.0,-9,1.0,Islamic State of Iraq and the Levant (ISIL)
13410,0,145,2,402,2135,13.927562,-84.404596,1.0,0,0.0,1,0,2,2,2479,145.0,0,5,0.0,1,0.0,Nicaraguan Democratic Force (FDN)
20264,0,43,3,250,1550,-33.366238,-70.505302,1.0,0,0.0,1,0,3,2,1922,43.0,0,6,0.0,1,0.0,Manuel Rodriguez Patriotic Front (FPMR)
69532,0,95,10,30,177,33.303566,44.371773,1.0,0,0.0,1,0,3,14,1196,95.0,0,6,2.0,0,0.0,Islamic State of Iraq and the Levant (ISIL)
31900,0,110,10,416,2248,33.246259,35.5001,1.0,1,0.0,1,0,3,4,412,97.0,0,6,0.0,1,0.0,Palestinians
70222,0,200,10,188,1726,36.201721,37.14352,1.0,0,0.0,1,0,3,14,1218,200.0,0,6,14.0,-9,0.0,Muslim extremists
75195,0,147,11,155,1065,7.350826,8.836276,2.0,0,1.0,1,0,2,14,27,147.0,0,5,1.0,0,0.0,Fulani extremists
16028,0,183,11,21,120,-25.474193,30.969455,1.0,1,0.0,0,0,3,4,212,183.0,0,6,0.0,1,0.0,African National Congress (South Africa)
67294,0,160,5,0,59,6.606469,122.192254,1.0,0,0.0,1,0,6,14,108,160.0,0,9,1.0,0,1.0,Abu Sayyaf Group (ASG)
65761,1,45,3,324,1824,6.067805,-77.164991,2.0,1,0.0,1,0,6,14,13,45.0,0,5,1.0,0,1.0,National Liberation Army of Colombia (ELN)
33404,0,185,8,89,24,42.695391,-1.676069,4.0,0,0.0,1,0,3,19,694,185.0,0,6,0.0,1,0.0,Basque Fatherland and Freedom (ETA)
27025,0,603,8,46,1195,53.757729,-2.703441,1.0,0,0.0,0,0,7,19,1469,216.0,0,8,0.0,1,0.0,Irish Republican Army (IRA)
20299,0,92,6,447,2486,28.585836,77.153336,1.0,0,0.0,1,0,3,19,56,92.0,0,6,1.0,1,0.0,Sikh Extremists
3802,0,69,8,133,767,41.927466,9.394499,1.0,0,0.0,1,0,3,4,1136,69.0,0,5,0.0,1,1.0,Corsican National Liberation Front (FLNC)
57331,0,95,10,35,180,35.45211,44.375465,1.0,0,0.0,1,0,3,10,405,95.0,0,6,0.0,1,0.0,Islamic State of Iraq and the Levant (ISIL)
80725,1,160,5,1,22,6.051232,120.999851,1.0,0,0.0,1,0,6,14,23,160.0,0,5,0.0,0,1.0,Abu Sayyaf Group (ASG)
4653,0,155,10,410,2260,31.764162,35.2577,1.0,0,0.0,1,0,3,14,2610,97.0,0,6,0.0,1,0.0,Palestinians
34739,0,186,6,244,1476,7.368333,80.0325,1.0,0,1.0,1,0,2,14,1775,186.0,0,5,31.0,1,0.0,Liberation Tigers of Tamil Eelam (LTTE)
17998,0,43,3,250,1550,-33.366238,-70.505302,1.0,0,0.0,1,0,3,3,1921,43.0,0,6,0.0,1,0.0,Manuel Rodriguez Patriotic Front (FPMR)
23723,0,185,8,84,390,40.465595,-3.696263,1.0,0,0.0,1,0,1,4,713,185.0,0,5,1.0,0,0.0,Basque Fatherland and Freedom (ETA)
12968,0,145,2,404,2171,11.43857,-85.936974,1.0,0,0.0,1,0,2,4,2499,145.0,0,5,80.0,1,0.0,Nicaraguan Democratic Force (FDN)
56536,0,182,11,61,314,1.808302,44.695141,1.0,0,1.0,1,0,2,4,578,422.0,0,6,3.0,-9,0.0,Al-Shabaab
59166,0,228,10,47,273,14.52073,49.15211,1.0,0,0.0,1,0,2,4,20,228.0,0,5,4.0,-9,0.0,Al-Qaida in the Arabian Peninsula (AQAP)
34066,0,75,8,181,1398,50.940664,6.959912,1.0,0,0.0,1,0,7,1,1676,209.0,0,8,0.0,1,0.0,Kurdistan Workers' Party (PKK)
79881,0,92,6,119,1644,18.184536,81.411415,1.0,1,0.0,0,0,3,20,6,92.0,0,6,0.0,1,0.0,Maoists
48114,0,92,6,120,603,22.404193,87.379866,3.0,0,0.0,1,0,2,14,1005,92.0,0,5,1.0,-9,0.0,Communist Party of India - Maoist (CPI-Maoist)
76810,0,200,10,196,1272,36.554444,40.748056,1.0,0,0.0,1,1,3,14,1613,200.0,0,6,35.0,1,0.0,Islamic State of Iraq and the Levant (ISIL)
72795,0,160,5,1,37,6.066797,121.09839,2.0,0,0.0,1,0,2,4,50,160.0,0,9,1.0,0,0.0,Abu Sayyaf Group (ASG)
14513,0,145,2,396,2090,11.76115,-85.893944,1.0,0,0.0,1,0,2,4,412,145.0,0,5,0.0,1,0.0,Nicaraguan Democratic Force (FDN)
5104,0,69,8,133,765,42.55,8.75,1.0,0,0.0,1,0,3,1,1131,69.0,0,6,0.0,1,0.0,Corsican National Liberation Front (FLNC)
83015,0,104,11,62,338,2.609014,40.849056,1.0,0,0.0,1,0,2,3,162,104.0,0,6,0.0,1,0.0,Al-Shabaab
70195,0,95,10,29,1254,33.397812,43.706276,1.0,0,0.0,1,1,3,4,48,95.0,0,6,1.0,0,0.0,Islamic State of Iraq and the Levant (ISIL)
25632,0,92,6,447,2497,28.690073,77.213982,1.0,0,0.0,1,0,3,15,2974,92.0,0,6,5.0,1,0.0,Sikh Extremists
20457,0,183,11,19,147,-26.004123,28.21116,1.0,0,0.0,1,0,3,2,266,183.0,0,6,0.0,1,0.0,African National Congress (South Africa)
29278,0,186,6,241,1489,8.738157,80.477147,3.0,0,0.0,1,0,2,4,412,186.0,0,5,4.0,1,0.0,Liberation Tigers of Tamil Eelam (LTTE)
51138,0,95,10,31,181,33.100529,44.584492,1.0,0,1.0,1,0,3,3,85,95.0,0,6,0.0,0,0.0,Al-Qaida in Iraq
45941,0,160,5,352,1967,12.290946,123.703737,1.0,0,0.0,0,0,2,16,2347,160.0,0,5,0.0,0,0.0,New People's Army (NPA)
52679,0,95,10,33,205,34.010471,44.148235,1.0,0,1.0,1,0,3,14,403,95.0,0,6,0.0,0,0.0,Al-Qaida in Iraq
13498,0,61,2,143,893,13.561416,-88.687385,1.0,0,0.0,1,0,2,3,1274,61.0,0,5,3.0,1,0.0,Farabundo Marti National Liberation Front (FMLN)
17750,0,92,6,447,2497,28.690073,77.213982,1.0,0,1.0,0,0,3,2,1926,92.0,0,6,0.0,1,0.0,Sikh Extremists
35726,0,45,3,330,1884,7.060051,-73.853115,1.0,0,0.0,1,0,7,15,1949,45.0,0,8,0.0,1,0.0,National Liberation Army of Colombia (ELN)
56443,0,60,10,267,1732,31.126646,33.800865,1.0,0,1.0,1,0,3,3,175,60.0,0,6,0.0,0,0.0,Muslim extremists
61092,0,147,11,113,508,10.340723,9.854051,1.0,0,0.0,1,0,3,1,437,147.0,0,6,11.0,1,0.0,Boko Haram
52089,0,92,6,122,1607,18.363526,81.895253,2.0,0,0.0,1,0,3,3,409,92.0,0,6,0.0,1,0.0,Maoists
20957,0,43,3,250,1550,-33.366238,-70.505302,1.0,0,0.0,1,0,3,1,1952,43.0,0,6,0.0,1,0.0,Manuel Rodriguez Patriotic Front (FPMR)
24017,0,45,3,323,1879,7.894195,-72.503885,3.0,0,0.0,1,0,2,3,1261,45.0,0,5,1.0,1,0.0,National Liberation Army of Colombia (ELN)
68581,0,92,6,122,1602,20.937726,85.089076,2.0,0,0.0,1,0,8,14,2019,92.0,0,9,1.0,0,1.0,Maoists
11362,0,145,2,399,2170,11.81788,-86.51557,1.0,0,0.0,1,0,3,4,2498,145.0,0,5,1.0,1,0.0,Nicaraguan Democratic Force (FDN)
47080,1,153,6,485,2783,35.839232,71.780106,1.0,0,0.0,1,0,6,12,3270,78.0,0,5,0.0,0,1.0,Tehrik-i-Taliban Pakistan (TTP)
26129,0,155,10,304,2227,31.346964,34.30143,1.0,0,0.0,1,0,1,14,2567,155.0,0,9,1.0,0,0.0,Palestinians
58125,1,228,10,52,257,14.413989,44.837418,1.0,0,1.0,1,0,6,4,20,228.0,0,5,4.0,1,1.0,Al-Qaida in the Arabian Peninsula (AQAP)
58781,0,182,11,65,307,-0.357847,42.54665,1.0,0,0.0,1,0,3,17,567,182.0,0,6,3.0,1,0.0,Al-Shabaab
37277,0,6,10,303,1786,36.77513,5.59993,1.0,0,1.0,1,0,3,4,2156,6.0,0,6,4.0,0,0.0,Muslim extremists
25793,0,45,3,338,1881,7.000556,-72.108333,1.0,0,0.0,1,0,3,21,2272,45.0,0,6,0.0,1,0.0,National Liberation Army of Colombia (ELN)
16570,0,185,8,84,434,40.728933,-4.0151,1.0,0,1.0,1,0,3,1,361,185.0,0,6,0.0,1,0.0,Basque Fatherland and Freedom (ETA)
9789,0,61,2,139,923,13.75,-89.16667,1.0,0,0.0,1,0,2,4,1312,61.0,0,5,20.0,1,0.0,Farabundo Marti National Liberation Front (FMLN)
27657,0,159,3,435,2814,-13.105251,-72.044649,2.0,0,0.0,1,0,2,3,1261,159.0,0,5,6.0,1,0.0,Tupac Amaru Revolutionary Movement (MRTA)
61227,0,228,10,52,24,14.358866,45.449806,4.0,0,0.0,1,0,2,2,452,228.0,0,6,2.0,1,0.0,Al-Qaida in the Arabian Peninsula (AQAP)
53438,0,153,6,389,2726,34.567793,71.480221,2.0,0,0.0,1,0,2,4,2046,153.0,0,6,7.0,0,0.0,Tehrik-i-Taliban Pakistan (TTP)
19205,0,160,5,7,1956,6.929089,122.07885,1.0,0,1.0,1,0,3,3,410,160.0,0,6,0.0,1,0.0,New People's Army (NPA)
28170,0,98,8,85,393,41.890961,12.490069,1.0,0,0.0,1,0,3,7,681,185.0,0,6,0.0,1,0.0,Basque Fatherland and Freedom (ETA)
12719,0,159,3,256,1562,-11.967368,-76.978462,1.0,0,0.0,1,0,1,3,2883,159.0,0,5,1.0,0,0.0,Shining Path (SL)
40390,0,160,5,4,15,6.929089,122.07885,1.0,0,0.0,1,0,3,14,60,160.0,0,6,1.0,1,0.0,Abu Sayyaf Group (ASG)
75165,0,92,6,119,1601,19.853635,80.635241,1.0,0,0.0,1,0,2,14,2018,92.0,0,5,1.0,0,0.0,Maoists
32906,0,603,8,178,1177,54.607712,-5.95621,1.0,0,1.0,1,0,2,14,1458,216.0,0,5,0.0,0,0.0,Irish Republican Army (IRA)
13775,0,69,8,126,24,41.919593,8.737687,4.0,0,1.0,1,0,3,1,1084,69.0,0,6,0.0,1,0.0,Corsican National Liberation Front (FLNC)
56764,0,228,10,47,250,15.840202,48.45438,1.0,0,0.0,1,0,2,4,504,228.0,0,5,2.0,1,0.0,Al-Qaida in the Arabian Peninsula (AQAP)
18134,0,43,3,250,1550,-33.366238,-70.505302,1.0,0,0.0,1,0,2,19,1929,43.0,0,8,0.0,1,0.0,Manuel Rodriguez Patriotic Front (FPMR)
68508,0,228,10,45,1131,12.760069,44.890266,1.0,0,0.0,1,0,3,1,1385,228.0,0,6,1.0,1,0.0,Houthi extremists (Ansar Allah)
71376,0,92,6,122,1577,20.883056,83.336111,1.0,0,0.0,1,0,1,2,2002,92.0,0,5,1.0,0,1.0,Maoists
28489,0,159,3,256,1562,-11.967368,-76.978462,1.0,0,1.0,1,0,3,1,1106,159.0,0,6,0.0,1,0.0,Shining Path (SL)
52294,0,95,10,31,179,33.749892,44.633421,2.0,0,1.0,1,1,3,3,20,95.0,0,6,3.0,0,0.0,Al-Qaida in Iraq
3568,0,185,8,89,404,42.815372,-1.653616,1.0,0,0.0,1,0,3,2,726,185.0,0,6,0.0,1,0.0,Basque Fatherland and Freedom (ETA)
69092,0,160,5,350,1987,7.125629,125.963396,1.0,1,0.0,1,0,2,4,2363,160.0,0,5,3.0,0,0.0,New People's Army (NPA)
46288,0,160,5,348,1989,9.77026,122.467818,1.0,0,0.0,1,0,7,16,2365,160.0,0,8,0.0,1,0.0,New People's Army (NPA)
27531,0,159,3,256,1562,-11.967368,-76.978462,1.0,0,1.0,1,0,3,1,702,159.0,0,6,0.0,1,0.0,Tupac Amaru Revolutionary Movement (MRTA)
4312,0,155,10,410,2217,32.222271,35.253506,1.0,0,0.0,0,0,7,2,2524,97.0,0,8,0.0,1,0.0,Palestinians
81537,1,160,5,0,44,6.596997,121.907486,1.0,0,1.0,1,0,6,14,63,160.0,0,5,5.0,0,1.0,Abu Sayyaf Group (ASG)
48042,0,92,6,119,685,18.555268,81.537572,1.0,1,0.0,1,0,3,19,1017,92.0,0,6,36.0,1,0.0,Communist Party of India - Maoist (CPI-Maoist)
72563,0,228,10,57,277,13.586484,44.024105,1.0,0,0.0,1,0,3,14,1218,228.0,0,6,3.0,-9,0.0,Houthi extremists (Ansar Allah)
30187,0,209,10,226,1376,40.93796,40.058001,1.0,0,0.0,1,0,1,8,1675,209.0,0,5,1.0,0,0.0,Kurdistan Workers' Party (PKK)
8491,0,61,2,139,849,13.69288,-89.199161,1.0,0,0.0,1,0,2,14,1296,61.0,0,5,1.0,1,0.0,Farabundo Marti National Liberation Front (FMLN)
30292,0,45,3,326,1832,6.242026,-75.564766,1.0,0,0.0,1,0,3,1,2696,198.0,0,6,0.0,1,0.0,Revolutionary Armed Forces of Colombia (FARC)
5767,0,69,8,127,91,48.856644,2.34233,1.0,0,0.0,1,0,3,8,1123,69.0,0,6,0.0,1,0.0,Corsican National Liberation Front (FLNC)
52415,0,182,11,63,322,2.059819,45.326115,1.0,0,0.0,1,0,3,4,162,209.0,0,6,0.0,0,0.0,Al-Shabaab
13599,0,43,3,251,1554,-36.816006,-73.037659,1.0,0,0.0,1,0,3,19,1927,43.0,0,6,0.0,1,0.0,Manuel Rodriguez Patriotic Front (FPMR)
45757,1,153,6,389,2738,34.856902,71.429936,3.0,1,0.0,1,0,1,2,3257,153.0,0,6,9.0,1,1.0,Tehrik-i-Taliban Pakistan (TTP)
24398,0,43,3,250,1550,-33.366238,-70.505302,1.0,0,0.0,1,0,3,15,1941,217.0,0,6,0.0,1,0.0,Manuel Rodriguez Patriotic Front (FPMR)
64402,0,228,10,50,241,15.325443,44.211895,1.0,0,0.0,0,0,3,2,478,228.0,0,6,0.0,0,0.0,Al-Qaida in the Arabian Peninsula (AQAP)
36255,0,45,3,327,2329,4.5981,-74.07603,3.0,0,0.0,0,0,3,4,1839,45.0,0,6,1.0,1,0.0,Revolutionary Armed Forces of Colombia (FARC)
83264,0,182,11,63,341,2.077409,45.248966,1.0,0,0.0,1,0,2,4,605,182.0,0,5,1.0,0,0.0,Al-Shabaab
7204,0,97,10,242,1789,31.670221,34.576403,2.0,1,0.0,1,0,3,4,2550,97.0,0,6,0.0,0,0.0,Palestinians
65839,0,147,11,106,483,10.304167,11.498889,1.0,0,1.0,1,0,2,2,852,147.0,0,5,13.0,1,0.0,Boko Haram
46709,0,153,6,389,2738,34.856902,71.429936,3.0,0,0.0,1,0,3,8,3214,153.0,0,6,0.0,1,0.0,Tehrik-i-Taliban Pakistan (TTP)
79596,0,182,11,63,304,2.059819,45.326115,1.0,0,0.0,1,0,2,2,601,182.0,0,5,1.0,0,0.0,Al-Shabaab
75274,0,160,5,190,1251,8.002912,124.26825,2.0,0,0.0,1,0,3,4,409,160.0,0,6,1.0,1,0.0,Islamic State of Iraq and the Levant (ISIL)
46142,0,92,6,121,662,19.191222,84.185712,3.0,0,0.0,1,0,3,3,985,92.0,0,6,0.0,-9,0.0,Communist Party of India - Maoist (CPI-Maoist)
60913,1,214,9,135,786,47.981647,37.762325,1.0,1,0.0,1,0,6,14,1220,214.0,0,5,0.0,0,1.0,Donetsk People's Republic
14938,0,159,3,256,1562,-11.967368,-76.978462,1.0,0,0.0,1,0,3,1,3368,159.0,0,6,0.0,1,0.0,Tupac Amaru Revolutionary Movement (MRTA)
81907,1,228,10,50,241,15.325443,44.211895,1.0,0,0.0,1,0,6,14,1379,228.0,0,5,0.0,0,1.0,Houthi extremists (Ansar Allah)
14516,0,43,3,252,1555,-34.170331,-70.740822,1.0,0,0.0,1,0,3,21,1234,43.0,0,6,0.0,1,0.0,Manuel Rodriguez Patriotic Front (FPMR)
12066,0,61,2,152,906,13.933333,-89.166667,1.0,0,0.0,1,0,2,4,1261,61.0,0,5,2.0,1,0.0,Farabundo Marti National Liberation Front (FMLN)
82510,0,182,11,63,304,2.059819,45.326115,1.0,0,0.0,1,0,1,14,598,182.0,0,5,2.0,1,0.0,Al-Shabaab
24065,0,69,8,126,747,42.699997,9.447317,1.0,0,0.0,1,0,5,1,1151,69.0,0,5,0.0,1,1.0,Corsican National Liberation Front (FLNC)
53949,0,160,5,362,1950,10.916619,124.699994,1.0,0,0.0,1,0,2,4,2338,160.0,0,5,1.0,1,0.0,New People's Army (NPA)
24440,0,45,3,340,2357,3.173882,-76.259454,3.0,0,0.0,1,0,2,4,412,45.0,0,5,3.0,1,0.0,Revolutionary Armed Forces of Colombia (FARC)
53218,0,95,10,29,188,33.349159,43.784199,1.0,0,1.0,1,0,2,4,345,95.0,0,5,1.0,0,0.0,Al-Qaida in Iraq
65084,0,214,9,135,793,48.187149,38.342617,1.0,1,0.0,1,0,3,4,1187,214.0,0,6,0.0,-9,0.0,Donetsk People's Republic
23693,0,155,10,304,2222,31.502407,34.459743,1.0,0,0.0,1,0,2,4,412,97.0,0,5,2.0,1,0.0,Palestinians
30692,0,92,6,268,1771,34.08374,74.789902,1.0,0,0.0,1,0,1,3,2670,92.0,0,5,1.0,0,0.0,Sikh Extremists
26137,0,155,10,304,2222,31.502407,34.459743,1.0,0,1.0,1,0,1,14,2554,155.0,0,5,1.0,0,0.0,Palestinians
46119,0,182,11,63,304,2.059819,45.326115,1.0,0,0.0,1,0,3,7,610,182.0,0,6,4.0,1,0.0,Al-Shabaab
80767,0,209,10,208,1342,37.293709,43.671189,3.0,0,0.0,1,0,3,4,1211,209.0,0,6,0.0,1,0.0,Kurdistan Workers' Party (PKK)
13594,0,43,3,250,1550,-33.366238,-70.505302,1.0,0,1.0,1,0,3,19,56,43.0,0,6,0.0,1,0.0,Manuel Rodriguez Patriotic Front (FPMR)
50850,0,147,11,100,466,11.840929,13.141459,1.0,0,0.0,1,0,2,4,851,147.0,0,5,4.0,0,0.0,Boko Haram
68657,0,42,11,101,462,13.65,14.05,2.0,0,0.0,1,0,2,14,27,42.0,0,5,13.0,0,0.0,Boko Haram
63997,0,95,10,29,193,33.420948,43.295662,1.0,0,1.0,1,0,3,4,20,95.0,0,6,0.0,1,0.0,Islamic State of Iraq and the Levant (ISIL)
10012,0,145,2,395,2088,12.1,-84.9,1.0,0,0.0,1,0,2,4,1241,145.0,0,5,41.0,1,0.0,Nicaraguan Democratic Force (FDN)
80411,0,92,6,119,1618,18.673653,80.987938,1.0,0,0.0,1,0,7,1,1069,92.0,0,5,0.0,1,0.0,Maoists
65998,0,214,9,135,787,47.098835,37.81987,1.0,0,0.0,1,0,3,4,1187,214.0,0,6,2.0,0,0.0,Donetsk People's Republic
30349,0,92,6,268,2526,34.526179,74.254614,1.0,1,0.0,1,0,2,3,412,92.0,0,5,1.0,1,0.0,Sikh Extremists
20511,0,183,11,18,97,-29.861824,31.008293,1.0,0,0.0,1,0,3,2,217,183.0,0,6,0.0,1,0.0,African National Congress (South Africa)
28290,0,603,8,46,1183,51.504387,-0.140041,1.0,0,0.0,0,0,7,1,1441,216.0,0,8,0.0,1,0.0,Irish Republican Army (IRA)
51245,1,228,10,49,254,13.129726,45.385571,1.0,1,0.0,1,0,6,4,523,228.0,0,5,210.0,0,1.0,Al-Qaida in the Arabian Peninsula (AQAP)
76864,0,92,6,118,608,23.669296,86.151112,3.0,0,1.0,1,0,5,19,927,92.0,0,5,0.0,1,1.0,Communist Party of India - Maoist (CPI-Maoist)
43112,0,4,6,470,2615,34.880556,70.896111,1.0,0,0.0,1,0,2,14,3120,4.0,0,5,5.0,-9,0.0,Taliban
77689,1,147,11,114,989,8.660257,7.260114,2.0,0,0.0,1,0,6,14,27,147.0,0,5,1.0,1,1.0,Fulani extremists
46958,0,185,8,87,397,39.569505,2.649965,1.0,0,1.0,1,0,3,1,673,185.0,0,6,0.0,1,0.0,Basque Fatherland and Freedom (ETA)
48635,0,4,6,465,2587,34.516895,69.147011,1.0,0,0.0,1,0,3,4,373,422.0,0,6,0.0,0,0.0,Taliban
35252,0,45,3,338,2368,5.19688,-73.14554,1.0,0,0.0,1,0,3,14,2782,45.0,0,6,2.0,1,0.0,Revolutionary Armed Forces of Colombia (FARC)
10807,0,183,11,19,96,-26.184113,28.033232,1.0,0,0.0,1,0,3,21,220,183.0,0,6,0.0,1,0.0,African National Congress (South Africa)
52290,0,95,10,33,205,34.010471,44.148235,1.0,0,1.0,1,0,3,14,13,95.0,0,6,2.0,0,0.0,Al-Qaida in Iraq
64769,0,95,10,34,184,36.354145,43.14357,1.0,0,1.0,1,0,3,15,1612,95.0,0,6,0.0,1,0.0,Islamic State of Iraq and the Levant (ISIL)
57069,0,95,10,35,1238,35.323789,43.772096,3.0,0,1.0,1,0,3,3,1607,95.0,0,6,0.0,1,0.0,Islamic State of Iraq and the Levant (ISIL)
7383,0,69,8,127,91,48.856644,2.34233,1.0,0,0.0,1,0,3,2,1111,69.0,0,6,0.0,1,0.0,Corsican National Liberation Front (FLNC)
48567,0,92,6,121,593,17.864437,81.408409,1.0,0,0.0,1,0,3,2,914,92.0,0,6,0.0,1,0.0,Communist Party of India - Maoist (CPI-Maoist)
78500,0,228,10,49,240,13.883333,45.866667,3.0,0,0.0,1,0,2,17,20,228.0,0,5,4.0,0,0.0,Al-Qaida in the Arabian Peninsula (AQAP)
18820,0,43,3,251,1554,-36.816006,-73.037659,1.0,0,0.0,1,0,3,2,1897,43.0,0,6,0.0,1,0.0,Manuel Rodriguez Patriotic Front (FPMR)
57639,0,228,10,169,1133,17.04146,44.107291,3.0,0,1.0,1,0,3,15,354,228.0,0,6,0.0,1,0.0,Houthi extremists (Ansar Allah)
17416,0,145,2,392,894,13.6772,-86.3153,1.0,0,0.0,1,0,3,16,2475,145.0,0,6,0.0,1,0.0,Nicaraguan Democratic Force (FDN)
19319,0,185,8,81,413,43.222177,-2.885668,1.0,0,0.0,0,0,3,3,722,185.0,0,6,0.0,1,0.0,Basque Fatherland and Freedom (ETA)
54941,0,228,10,49,239,13.560833,46.156389,1.0,0,0.0,1,0,2,17,444,228.0,0,5,1.0,0,0.0,Al-Qaida in the Arabian Peninsula (AQAP)
27389,0,69,8,126,744,41.930607,8.742907,1.0,0,0.0,1,0,3,2,1130,69.0,0,6,0.0,1,0.0,Corsican National Liberation Front (FLNC)
13814,0,183,11,19,94,-26.234679,28.370372,1.0,0,0.0,1,0,3,3,184,183.0,0,6,1.0,1,0.0,African National Congress (South Africa)
45242,0,160,5,382,2018,6.61417,125.236669,1.0,0,0.0,1,0,7,1,2391,422.0,0,5,0.0,1,0.0,New People's Army (NPA)
23648,0,159,3,256,2441,-10.754073,-77.760992,1.0,0,1.0,1,0,3,8,51,159.0,0,6,0.0,1,0.0,Shining Path (SL)
10380,0,159,3,256,1562,-11.967368,-76.978462,1.0,0,0.0,1,0,3,1,2904,159.0,0,6,1.0,1,0.0,Shining Path (SL)
63496,0,214,9,135,789,48.143208,37.753361,1.0,1,0.0,0,0,2,4,48,214.0,0,5,0.0,0,0.0,Donetsk People's Republic
20773,0,159,3,256,2421,-12.7414,-75.8094,1.0,0,0.0,1,0,2,14,2878,159.0,0,5,5.0,1,0.0,Shining Path (SL)
69722,0,209,10,216,1383,38.888447,40.501144,1.0,0,0.0,1,0,2,3,175,209.0,0,6,0.0,0,0.0,Kurdistan Workers' Party (PKK)
18889,0,92,6,264,2505,29.420166,77.784542,1.0,0,0.0,1,0,2,3,1292,92.0,0,5,0.0,1,0.0,Sikh Extremists
51659,0,147,11,107,484,11.974328,8.50026,1.0,0,0.0,1,0,3,14,13,147.0,0,6,0.0,1,0.0,Boko Haram
83193,0,182,11,61,302,1.789637,44.529976,1.0,0,0.0,1,0,3,4,427,182.0,0,6,1.0,0,0.0,Al-Shabaab
72183,0,200,10,188,1726,36.201721,37.14352,1.0,0,0.0,1,0,3,8,51,200.0,0,6,3.0,-9,0.0,Muslim extremists
20660,0,61,2,143,894,13.487179,-88.765032,1.0,0,0.0,1,0,2,4,1235,61.0,0,5,3.0,1,0.0,Farabundo Marti National Liberation Front (FMLN)
27463,0,159,3,435,2442,-14.789584,-71.412125,1.0,0,0.0,1,0,1,2,2899,159.0,0,5,2.0,0,0.0,Shining Path (SL)
53182,0,160,5,0,24,6.524553,122.011764,4.0,0,0.0,1,0,2,1,52,160.0,0,5,1.0,0,0.0,Abu Sayyaf Group (ASG)
71076,0,92,6,119,1655,18.398833,81.557328,1.0,0,0.0,0,0,3,4,48,92.0,0,6,0.0,0,0.0,Maoists
61622,0,214,9,135,807,48.327225,38.025673,1.0,1,0.0,1,0,3,4,1197,214.0,0,6,0.0,1,0.0,Donetsk People's Republic
30616,0,209,10,218,1386,37.199995,39.75422,1.0,0,0.0,1,0,1,19,1685,209.0,0,5,10.0,0,0.0,Kurdistan Workers' Party (PKK)
22570,0,159,3,256,1562,-11.967368,-76.978462,1.0,0,1.0,1,0,3,1,1115,159.0,0,6,0.0,1,0.0,Tupac Amaru Revolutionary Movement (MRTA)
19794,0,185,8,81,409,43.272167,-2.832167,1.0,0,0.0,1,0,7,19,701,185.0,0,8,0.0,1,0.0,Basque Fatherland and Freedom (ETA)
22742,0,186,6,241,1469,8.757816,80.487907,1.0,0,0.0,1,0,3,14,779,186.0,0,6,8.0,1,0.0,Liberation Tigers of Tamil Eelam (LTTE)
51697,0,182,11,68,310,3.503923,42.236244,2.0,0,0.0,1,0,1,2,581,182.0,0,9,1.0,0,0.0,Al-Shabaab
9181,0,159,3,436,2405,-14.083889,-73.588889,1.0,0,0.0,1,0,2,8,2845,159.0,0,5,1.0,1,0.0,Shining Path (SL)
37379,0,92,6,277,1740,13.08268,80.270718,1.0,0,1.0,1,0,3,1,2119,92.0,0,6,0.0,1,0.0,Muslim extremists
78807,0,92,6,259,1571,17.806766,81.157827,1.0,0,0.0,1,0,6,14,1997,92.0,0,5,1.0,0,1.0,Maoists
5217,0,69,8,127,91,48.856644,2.34233,1.0,0,0.0,1,0,3,1,1091,69.0,0,6,0.0,1,0.0,Corsican National Liberation Front (FLNC)
47363,0,153,6,389,2756,33.697271,71.144852,3.0,0,0.0,1,0,6,4,3243,153.0,0,5,3.0,0,1.0,Tehrik-i-Taliban Pakistan (TTP)
46711,0,92,6,120,689,22.585272,87.049698,1.0,0,0.0,1,0,3,3,1022,92.0,0,6,0.0,-9,0.0,Communist Party of India - Maoist (CPI-Maoist)
30716,0,209,10,207,1375,37.340288,41.892628,1.0,1,0.0,1,0,2,19,398,209.0,0,5,3.0,1,0.0,Kurdistan Workers' Party (PKK)
35140,0,159,3,256,1562,-11.967368,-76.978462,1.0,0,0.0,1,0,3,1,2840,159.0,0,6,0.0,1,0.0,Shining Path (SL)
81767,0,123,11,157,952,15.329201,-0.001457,2.0,0,0.0,1,0,6,14,27,123.0,0,5,4.0,0,1.0,Fulani extremists
17025,0,45,3,341,1877,5.126434,-74.385545,1.0,0,1.0,1,0,1,14,2269,45.0,0,5,1.0,0,0.0,National Liberation Army of Colombia (ELN)
37037,0,45,3,326,2320,7.00063,-76.26572,1.0,0,0.0,1,0,3,14,2731,45.0,0,6,6.0,1,0.0,Revolutionary Armed Forces of Colombia (FARC)
9663,0,61,2,149,24,13.447063,-88.556531,4.0,0,0.0,1,0,7,2,1264,61.0,0,5,0.0,1,0.0,Farabundo Marti National Liberation Front (FMLN)
28614,0,61,2,139,903,13.79833,-89.17889,1.0,0,0.0,1,0,2,4,1306,61.0,0,5,6.0,1,0.0,Farabundo Marti National Liberation Front (FMLN)
59522,0,92,6,117,1671,24.737557,86.300157,3.0,0,1.0,0,0,3,2,2040,92.0,0,6,0.0,0,0.0,Maoists
62894,0,160,5,0,5,6.660501,122.138992,1.0,0,0.0,1,0,3,21,100,160.0,0,6,0.0,1,0.0,Abu Sayyaf Group (ASG)
14550,0,183,11,18,97,-29.861824,31.008293,1.0,0,0.0,1,0,3,1,210,183.0,0,6,0.0,1,0.0,African National Congress (South Africa)
68671,0,147,11,100,476,10.737778,13.130556,1.0,0,1.0,1,0,2,15,870,147.0,0,5,6.0,1,0.0,Boko Haram
11372,0,145,2,400,2120,13.00583,-87.50278,1.0,0,0.0,1,0,3,11,2468,145.0,0,5,1.0,1,0.0,Nicaraguan Democratic Force (FDN)
75518,0,147,11,110,1049,9.235087,9.716734,2.0,0,0.0,1,0,1,14,1355,147.0,0,5,3.0,1,0.0,Fulani extremists
68529,0,228,10,45,283,12.867085,44.981911,1.0,0,1.0,1,0,3,14,1222,228.0,0,6,4.0,-9,0.0,Houthi extremists (Ansar Allah)
54065,0,92,6,117,1586,24.528349,84.590579,1.0,1,0.0,1,0,3,4,48,92.0,0,6,0.0,0,0.0,Maoists
40500,0,141,6,246,1610,27.708754,85.329498,1.0,1,0.0,1,0,3,2,2028,141.0,0,6,0.0,1,0.0,Maoists
60763,0,228,10,48,24,15.46591,45.293941,4.0,0,1.0,1,0,3,21,443,228.0,0,6,0.0,1,0.0,Al-Qaida in the Arabian Peninsula (AQAP)
17355,0,61,2,139,849,13.69288,-89.199161,1.0,0,1.0,1,0,3,16,1268,61.0,0,6,0.0,1,0.0,Farabundo Marti National Liberation Front (FMLN)
7371,0,69,8,127,91,48.856644,2.34233,1.0,0,0.0,1,0,3,19,1094,69.0,0,6,1.0,1,0.0,Corsican National Liberation Front (FLNC)
35026,0,186,6,244,1508,7.883333,80.4,2.0,0,0.0,1,0,3,14,27,186.0,0,6,22.0,1,0.0,Liberation Tigers of Tamil Eelam (LTTE)
28730,0,92,6,316,2481,30.898024,75.860077,1.0,1,1.0,1,0,7,1,802,92.0,0,8,0.0,1,0.0,Sikh Extremists
75496,0,60,10,265,1720,28.087597,30.761305,1.0,0,0.0,1,0,7,14,2107,60.0,0,8,0.0,1,0.0,Muslim extremists
78520,0,147,11,104,1015,9.835,8.406111,3.0,0,0.0,1,0,2,14,27,147.0,0,5,3.0,0,0.0,Fulani extremists
48725,0,153,6,389,2765,32.974638,70.14558,3.0,0,0.0,1,0,2,14,3242,153.0,0,5,3.0,0,0.0,Tehrik-i-Taliban Pakistan (TTP)
74448,0,92,6,119,1624,18.79776,80.819957,2.0,0,0.0,1,0,2,3,167,92.0,0,5,1.0,0,0.0,Maoists
16652,0,45,3,323,1883,8.63781,-72.73464,1.0,0,0.0,1,0,3,21,2275,45.0,0,6,0.0,1,0.0,National Liberation Army of Colombia (ELN)
35153,0,160,5,7,15,6.929089,122.07885,1.0,0,0.0,1,0,3,1,77,160.0,0,6,1.0,1,0.0,Abu Sayyaf Group (ASG)
83550,0,92,6,123,1660,18.221027,82.703111,2.0,0,0.0,1,0,7,1,2062,92.0,0,8,0.0,1,0.0,Maoists
68895,0,92,6,125,1627,15.800344,73.732776,1.0,0,0.0,1,0,7,2,410,92.0,0,8,0.0,1,0.0,Maoists
30412,0,92,6,264,2479,25.47283,82.570528,1.0,0,0.0,1,0,1,14,3057,92.0,0,5,3.0,0,0.0,Sikh Extremists
78185,0,95,10,29,1243,33.036022,40.288158,1.0,0,0.0,1,0,3,14,841,95.0,0,6,0.0,-9,0.0,Islamic State of Iraq and the Levant (ISIL)
30931,0,69,8,128,771,43.696036,7.265592,1.0,0,0.0,1,0,3,1,410,69.0,0,6,0.0,1,0.0,Corsican National Liberation Front (FLNC)
74149,0,228,10,57,277,13.586484,44.024105,1.0,0,1.0,1,0,3,14,1218,228.0,0,6,0.0,-9,0.0,Houthi extremists (Ansar Allah)
65478,0,95,10,29,1273,32.04298,42.254261,1.0,0,0.0,1,1,1,2,1614,95.0,0,6,6.0,1,0.0,Islamic State of Iraq and the Levant (ISIL)
5448,0,45,3,330,2363,5.85936,-73.96559,1.0,0,0.0,1,0,2,4,1584,45.0,0,5,2.0,1,0.0,Revolutionary Armed Forces of Colombia (FARC)
68667,0,147,11,102,463,11.704399,11.088539,1.0,0,0.0,1,1,3,15,839,147.0,0,6,7.0,-9,0.0,Boko Haram
21040,0,61,2,139,849,13.69288,-89.199161,1.0,0,0.0,1,0,3,2,1256,61.0,0,6,1.0,1,0.0,Farabundo Marti National Liberation Front (FMLN)
40783,0,45,3,423,2288,1.68448,-75.28659,1.0,0,0.0,1,0,3,21,2691,45.0,0,6,0.0,1,0.0,Revolutionary Armed Forces of Colombia (FARC)
48503,1,153,6,484,2783,35.838527,71.781052,1.0,1,0.0,1,0,6,14,3268,153.0,0,9,3.0,0,1.0,Tehrik-i-Taliban Pakistan (TTP)
10495,0,45,3,327,1826,4.667128,-74.106056,1.0,0,0.0,1,0,5,10,2190,69.0,0,5,0.0,1,1.0,National Liberation Army of Colombia (ELN)
17517,0,43,3,250,1550,-33.366238,-70.505302,1.0,0,0.0,1,0,2,3,1876,43.0,0,5,0.0,1,0.0,Manuel Rodriguez Patriotic Front (FPMR)
74101,0,209,10,191,1252,36.833508,38.000553,1.0,1,0.0,1,0,3,4,1604,209.0,0,6,0.0,1,0.0,Islamic State of Iraq and the Levant (ISIL)
49545,0,228,10,49,254,13.129726,45.385571,1.0,0,0.0,1,0,2,3,496,228.0,0,5,1.0,-9,0.0,Al-Qaida in the Arabian Peninsula (AQAP)
21774,0,159,3,256,1562,-11.967368,-76.978462,1.0,0,0.0,1,0,3,1,361,159.0,0,6,0.0,1,0.0,Tupac Amaru Revolutionary Movement (MRTA)
27563,0,92,6,316,2522,30.860768,75.744748,1.0,0,0.0,1,0,2,19,3015,92.0,0,5,62.0,1,0.0,Sikh Extremists
15146,0,159,3,256,1562,-11.967368,-76.978462,1.0,0,1.0,1,0,3,2,2955,159.0,0,6,0.0,1,0.0,Tupac Amaru Revolutionary Movement (MRTA)
12094,0,145,2,391,2082,13.45396,-85.64027,1.0,0,0.0,1,0,2,4,1235,145.0,0,5,0.0,1,0.0,Nicaraguan Democratic Force (FDN)
71826,0,182,11,63,304,2.059819,45.326115,1.0,0,0.0,1,0,2,2,602,182.0,0,5,1.0,1,0.0,Al-Shabaab
17535,0,92,6,316,2503,31.84,74.76,1.0,0,0.0,1,0,2,15,2990,92.0,0,5,5.0,1,0.0,Sikh Extremists
49861,0,92,6,122,684,19.17,83.42,3.0,0,1.0,1,0,6,2,1016,92.0,0,9,1.0,0,1.0,Communist Party of India - Maoist (CPI-Maoist)
78555,0,92,6,119,623,18.391012,81.656929,1.0,0,0.0,1,0,2,14,944,92.0,0,9,1.0,0,0.0,Communist Party of India - Maoist (CPI-Maoist)
41974,0,95,10,30,177,33.303566,44.371773,1.0,0,0.0,1,1,3,4,349,217.0,0,6,3.0,1,0.0,Al-Qaida in Iraq
20492,0,92,6,316,2480,30.450829,74.882875,1.0,0,0.0,1,0,1,2,2964,92.0,0,5,2.0,0,0.0,Sikh Extremists
15666,0,38,1,450,2524,49.25,-123.133333,1.0,0,0.0,0,0,1,2,3016,92.0,0,5,0.0,0,0.0,Sikh Extremists
57022,0,228,10,50,241,15.325443,44.211895,1.0,0,0.0,0,0,6,7,456,75.0,0,5,1.0,0,0.0,Al-Qaida in the Arabian Peninsula (AQAP)
57906,0,92,6,117,1635,24.871535,86.207106,1.0,0,0.0,1,0,7,1,112,92.0,0,8,0.0,1,0.0,Maoists
42021,0,185,8,81,24,43.07563,-2.223667,4.0,0,1.0,1,0,3,1,743,185.0,0,6,0.0,1,0.0,Basque Fatherland and Freedom (ETA)
25820,0,209,10,223,1391,37.993026,42.141265,1.0,1,0.0,1,0,2,4,412,209.0,0,5,8.0,1,0.0,Kurdistan Workers' Party (PKK)
8793,0,183,11,27,24,-29.601439,30.376695,4.0,0,0.0,1,0,3,2,279,183.0,0,6,0.0,1,0.0,African National Congress (South Africa)
4894,0,603,8,178,24,54.787715,-6.492314,4.0,0,0.0,1,0,3,1,702,233.0,0,6,1.0,1,0.0,Irish Republican Army (IRA)
67706,0,214,9,135,814,48.098675,37.663422,1.0,0,0.0,1,0,3,14,853,214.0,0,6,0.0,-9,0.0,Donetsk People's Republic
19322,0,159,3,256,2440,-10.79257,-76.90911,1.0,0,0.0,1,0,2,14,2895,159.0,0,5,6.0,1,0.0,Shining Path (SL)
75632,0,228,10,170,1775,15.235331,44.334139,1.0,0,0.0,1,0,2,15,354,228.0,0,6,4.0,-9,0.0,Muslim extremists
5224,0,69,8,127,91,48.856644,2.34233,1.0,0,0.0,1,0,3,14,1093,69.0,0,6,0.0,1,0.0,Corsican National Liberation Front (FLNC)
80617,1,160,5,10,41,7.706753,122.138522,1.0,0,0.0,1,0,6,4,57,160.0,0,5,1.0,0,1.0,Abu Sayyaf Group (ASG)
16106,0,145,2,399,2099,12.216667,-84.033333,1.0,0,0.0,1,0,2,14,2456,145.0,0,5,1.0,1,0.0,Nicaraguan Democratic Force (FDN)
42612,0,69,8,126,744,41.930607,8.742907,1.0,0,0.0,1,0,3,3,1089,69.0,0,6,0.0,1,0.0,Corsican National Liberation Front (FLNC)
22010,0,160,5,362,1964,10.974698,124.893489,1.0,0,0.0,1,0,2,3,162,160.0,0,5,6.0,1,0.0,New People's Army (NPA)
10116,0,69,8,128,761,43.529742,5.447427,1.0,0,1.0,1,0,3,1,802,69.0,0,6,0.0,1,0.0,Corsican National Liberation Front (FLNC)
27299,0,92,6,316,2494,31.633078,74.878288,1.0,0,0.0,1,0,1,2,2978,92.0,0,5,1.0,0,0.0,Sikh Extremists
53367,0,4,6,459,2577,32.689845,62.732388,3.0,0,0.0,0,0,1,2,3148,4.0,0,5,1.0,1,0.0,Taliban
24965,0,160,5,11,43,14.596051,120.978666,1.0,0,0.0,1,0,3,3,2400,160.0,0,6,0.0,1,0.0,New People's Army (NPA)
79039,1,160,5,2,3,6.102634,118.446977,1.0,1,0.0,1,0,4,11,3,223.0,0,5,4.0,0,1.0,Abu Sayyaf Group (ASG)
79172,0,182,11,77,355,6.774396,47.429031,1.0,0,0.0,0,0,1,2,612,182.0,0,5,0.0,0,0.0,Al-Shabaab
62826,0,200,10,37,190,33.515244,36.292084,1.0,1,1.0,1,0,3,14,1344,200.0,0,6,0.0,-9,0.0,Muslim extremists
21292,0,61,2,140,908,14.15695,-89.011475,1.0,0,0.0,1,0,2,14,1291,61.0,0,5,0.0,1,0.0,Farabundo Marti National Liberation Front (FMLN)
7701,0,183,11,18,97,-29.861824,31.008293,1.0,0,0.0,1,0,3,4,216,183.0,0,6,0.0,1,0.0,African National Congress (South Africa)
23612,0,97,10,412,2221,31.771599,35.2034,1.0,0,0.0,0,0,1,14,2531,97.0,0,9,0.0,0,0.0,Palestinians
11246,0,183,11,19,96,-26.184113,28.033232,1.0,0,0.0,1,0,3,2,209,183.0,0,6,0.0,1,0.0,African National Congress (South Africa)
19713,0,43,3,250,1550,-33.366238,-70.505302,1.0,0,0.0,1,0,1,4,1919,43.0,0,5,1.0,0,0.0,Manuel Rodriguez Patriotic Front (FPMR)
73296,0,147,11,155,1029,7.719043,9.238704,2.0,0,1.0,1,0,2,14,860,147.0,0,5,2.0,-9,0.0,Fulani extremists
70816,0,147,11,158,995,7.877574,9.779363,2.0,0,0.0,1,0,2,14,13,147.0,0,5,5.0,0,0.0,Fulani extremists
9871,0,110,10,418,2264,33.855009,35.58621,1.0,0,0.0,1,0,3,4,2622,97.0,0,6,0.0,1,0.0,Palestinians
40285,1,160,5,1,22,6.050458,121.012245,1.0,1,0.0,1,0,6,14,70,160.0,0,9,2.0,0,1.0,Abu Sayyaf Group (ASG)
75188,0,92,6,118,620,24.343467,84.264952,1.0,0,0.0,1,0,2,16,941,92.0,0,5,0.0,1,0.0,Communist Party of India - Maoist (CPI-Maoist)
40831,0,45,3,345,2309,3.538611,-74.896111,1.0,0,0.0,1,0,2,4,2717,45.0,0,5,3.0,0,0.0,Revolutionary Armed Forces of Colombia (FARC)
67074,0,123,11,271,1731,15.168486,-4.431083,1.0,0,0.0,1,0,1,2,2111,123.0,0,5,1.0,0,0.0,Muslim extremists
3934,0,185,8,83,382,43.258434,-2.921819,1.0,0,0.0,0,0,2,3,659,185.0,0,5,0.0,0,0.0,Basque Fatherland and Freedom (ETA)
79293,0,92,6,119,1616,19.596543,81.67261,2.0,1,0.0,0,0,3,20,6,92.0,0,6,0.0,0,0.0,Maoists
58356,0,153,6,484,2734,33.91758,71.562035,1.0,0,1.0,1,0,2,17,268,153.0,0,5,4.0,0,0.0,Tehrik-i-Taliban Pakistan (TTP)
83200,0,228,10,47,250,15.840202,48.45438,1.0,0,0.0,1,0,1,2,490,228.0,0,5,1.0,0,0.0,Al-Qaida in the Arabian Peninsula (AQAP)
19740,0,45,3,332,1842,6.46052,-71.72989,1.0,0,0.0,1,0,2,4,2207,45.0,0,5,1.0,1,0.0,National Liberation Army of Colombia (ELN)
54807,0,147,11,100,466,11.840929,13.141459,1.0,0,1.0,1,0,3,20,6,147.0,0,6,0.0,-9,0.0,Boko Haram
80730,0,94,10,199,1280,35.724533,51.40519,1.0,0,1.0,1,1,5,2,1618,94.0,0,6,9.0,1,1.0,Islamic State of Iraq and the Levant (ISIL)
37314,0,186,6,203,1460,7.921328,81.52467,1.0,1,0.0,1,0,3,4,1782,186.0,0,6,5.0,-9,0.0,Liberation Tigers of Tamil Eelam (LTTE)
16195,0,145,2,391,2130,13.130707,-85.971684,3.0,1,0.0,1,0,3,2,2490,145.0,0,6,1.0,1,0.0,Nicaraguan Democratic Force (FDN)
70236,0,209,10,207,1327,37.248723,42.471501,1.0,0,0.0,1,0,2,17,1645,209.0,0,5,1.0,0,0.0,Kurdistan Workers' Party (PKK)
76783,0,182,11,68,360,3.32728,42.218563,1.0,0,0.0,1,0,3,1,361,182.0,0,6,0.0,1,0.0,Al-Shabaab
25271,0,209,10,207,1340,37.606967,42.748044,1.0,0,0.0,1,0,2,4,412,209.0,0,5,1.0,1,0.0,Kurdistan Workers' Party (PKK)
67245,0,4,6,455,2614,31.662415,62.935134,3.0,0,0.0,1,0,3,4,48,4.0,0,6,0.0,0,0.0,Taliban
43221,0,186,6,246,1520,7.294184,80.738072,1.0,0,0.0,1,0,3,3,1827,186.0,0,6,1.0,-9,0.0,Liberation Tigers of Tamil Eelam (LTTE)
31963,0,69,8,126,24,41.918891,8.737554,4.0,0,1.0,1,0,3,2,410,69.0,0,6,0.0,1,0.0,Corsican National Liberation Front (FLNC)
77434,0,173,10,172,1143,16.552261,42.953253,1.0,0,1.0,1,0,3,4,1400,173.0,0,6,0.0,1,0.0,Houthi extremists (Ansar Allah)
79860,0,182,11,61,345,2.142623,45.116717,3.0,0,0.0,1,0,3,4,618,422.0,0,6,0.0,1,0.0,Al-Shabaab
19557,0,43,3,250,1550,-33.366238,-70.505302,1.0,0,0.0,1,0,3,19,1889,43.0,0,6,0.0,1,0.0,Manuel Rodriguez Patriotic Front (FPMR)
45904,0,160,5,1,30,6.066693,121.100042,1.0,0,0.0,1,0,7,8,38,160.0,0,8,0.0,1,0.0,Abu Sayyaf Group (ASG)
48935,0,45,3,323,1883,8.637411,-72.734019,1.0,1,1.0,1,0,3,19,2720,45.0,0,6,0.0,1,0.0,Revolutionary Armed Forces of Colombia (FARC)
51392,0,95,10,33,202,34.621521,43.668377,1.0,0,1.0,1,0,3,8,370,95.0,0,6,0.0,1,0.0,Al-Qaida in Iraq
73006,1,228,10,47,245,14.54397,49.12458,1.0,0,0.0,1,0,6,2,467,228.0,0,5,1.0,0,1.0,Al-Qaida in the Arabian Peninsula (AQAP)
31904,0,45,3,330,1834,7.116294,-73.120026,1.0,0,0.0,1,0,3,1,2209,45.0,0,6,0.0,1,0.0,National Liberation Army of Colombia (ELN)
37494,0,45,3,334,1876,6.15518,-71.76813,1.0,0,1.0,1,0,2,3,2756,45.0,0,5,0.0,1,0.0,Revolutionary Armed Forces of Colombia (FARC)
79912,0,173,10,58,1134,17.554939,44.232357,1.0,0,0.0,1,0,3,14,13,173.0,0,6,0.0,-9,0.0,Houthi extremists (Ansar Allah)
61795,0,182,11,63,304,2.059819,45.326115,1.0,0,0.0,1,0,2,4,523,182.0,0,6,4.0,-9,0.0,Al-Shabaab
32641,0,159,3,256,1562,-11.967368,-76.978462,1.0,0,0.0,1,0,3,10,2855,159.0,0,6,0.0,1,0.0,Shining Path (SL)
10923,0,603,8,178,1213,54.645861,-6.745149,1.0,0,0.0,1,0,3,14,1096,233.0,0,6,0.0,1,0.0,Irish Republican Army (IRA)
47465,0,45,3,326,1873,7.661469,-75.330292,1.0,0,0.0,0,0,3,14,2769,45.0,0,6,0.0,0,0.0,Revolutionary Armed Forces of Colombia (FARC)
71473,0,228,10,57,277,13.586484,44.024105,1.0,0,0.0,1,0,3,14,841,228.0,0,6,3.0,-9,0.0,Houthi extremists (Ansar Allah)
69698,0,228,10,57,277,13.586484,44.024105,1.0,0,0.0,1,0,3,14,547,228.0,0,6,13.0,1,0.0,Houthi extremists (Ansar Allah)
15469,0,45,3,330,1834,7.116294,-73.120026,1.0,0,0.0,1,0,3,2,2225,45.0,0,6,1.0,1,0.0,National Liberation Army of Colombia (ELN)
9321,0,61,2,147,907,13.7,-88.1,1.0,0,0.0,1,0,2,4,1290,61.0,0,5,1.0,1,0.0,Farabundo Marti National Liberation Front (FMLN)
12804,0,69,8,17,91,48.856644,2.34233,1.0,0,0.0,1,0,3,1,1137,69.0,0,6,0.0,1,0.0,Corsican National Liberation Front (FLNC)
16155,0,92,6,449,2500,30.733315,76.779418,1.0,0,0.0,1,0,1,2,2991,92.0,0,5,1.0,0,0.0,Sikh Extremists
12282,0,159,3,256,1562,-11.967368,-76.978462,1.0,0,0.0,1,0,5,10,3390,159.0,0,5,0.0,1,1.0,Tupac Amaru Revolutionary Movement (MRTA)
30333,0,92,6,268,1771,34.08374,74.789902,1.0,0,0.0,1,0,2,3,2965,92.0,0,5,3.0,1,0.0,Sikh Extremists
18953,0,61,2,139,849,13.69288,-89.199161,1.0,0,1.0,1,0,3,21,1284,61.0,0,6,0.0,1,0.0,Farabundo Marti National Liberation Front (FMLN)
77629,0,95,10,33,1295,35.485833,43.240556,3.0,0,1.0,1,0,2,3,85,95.0,0,5,7.0,0,0.0,Islamic State of Iraq and the Levant (ISIL)
59316,0,4,6,458,2637,34.705139,70.154053,1.0,1,0.0,0,0,1,2,3135,4.0,0,6,0.0,1,0.0,Taliban
46342,0,92,6,117,629,24.749905,84.370896,2.0,1,0.0,1,0,3,8,952,92.0,0,6,0.0,0,0.0,Communist Party of India - Maoist (CPI-Maoist)
59457,0,95,10,35,219,35.252529,43.906586,1.0,0,1.0,0,0,1,14,1608,95.0,0,6,0.0,1,0.0,Islamic State of Iraq and the Levant (ISIL)
13785,0,92,6,447,2486,28.585836,77.153336,1.0,0,0.0,0,0,3,2,2993,92.0,0,6,0.0,0,0.0,Sikh Extremists
29711,0,159,3,256,1562,-11.967368,-76.978462,1.0,0,0.0,1,0,1,3,2874,159.0,0,5,1.0,0,0.0,Shining Path (SL)
67428,0,182,11,63,304,2.059819,45.326115,1.0,0,0.0,1,0,3,3,20,182.0,0,6,1.0,-9,0.0,Al-Shabaab
69804,1,209,10,206,1333,39.022974,39.605467,3.0,0,0.0,1,0,6,14,1649,209.0,0,8,1.0,1,1.0,Kurdistan Workers' Party (PKK)
5299,0,69,8,126,24,41.918891,8.737554,4.0,0,0.0,1,0,3,20,1083,69.0,0,6,0.0,1,0.0,Corsican National Liberation Front (FLNC)
72749,0,209,10,207,1332,37.222085,42.498922,1.0,0,0.0,1,0,3,3,409,209.0,0,6,1.0,1,0.0,Kurdistan Workers' Party (PKK)
60187,0,167,9,281,1773,42.98542,47.450668,1.0,0,0.0,1,0,2,3,12,167.0,0,5,3.0,0,0.0,Muslim extremists
37819,0,45,3,327,1826,4.667128,-74.106056,1.0,0,0.0,0,0,3,14,2196,45.0,0,6,0.0,0,0.0,National Liberation Army of Colombia (ELN)
16953,0,159,3,437,2475,-18.006645,-70.246245,1.0,0,0.0,1,0,2,10,1909,159.0,0,5,0.0,1,0.0,Tupac Amaru Revolutionary Movement (MRTA)
15624,0,145,2,392,2160,13.496103,-85.916342,1.0,0,0.0,1,0,2,4,1241,145.0,0,5,1.0,1,0.0,Nicaraguan Democratic Force (FDN)
30393,0,209,10,221,1354,37.69458,37.861114,1.0,0,0.0,1,0,2,4,412,209.0,0,5,3.0,1,0.0,Kurdistan Workers' Party (PKK)
30103,0,159,3,488,2816,-12.050934,-77.126044,1.0,0,0.0,1,0,3,3,820,159.0,0,6,4.0,1,0.0,Tupac Amaru Revolutionary Movement (MRTA)
62785,0,228,10,54,24,16.790182,45.299386,4.0,0,0.0,1,0,3,21,443,228.0,0,6,0.0,1,0.0,Houthi extremists (Ansar Allah)
6041,0,155,10,410,2217,32.222271,35.253506,1.0,0,0.0,0,0,3,2,2593,97.0,0,6,0.0,0,0.0,Palestinians
23154,0,159,3,256,1562,-11.967368,-76.978462,1.0,0,0.0,1,0,2,10,3328,69.0,0,5,0.0,1,0.0,Tupac Amaru Revolutionary Movement (MRTA)
18166,0,43,3,250,1550,-33.366238,-70.505302,1.0,0,1.0,1,0,3,14,1933,43.0,0,6,0.0,1,0.0,Manuel Rodriguez Patriotic Front (FPMR)
78350,0,228,10,57,1142,12.725161,43.494482,2.0,0,0.0,1,0,3,4,1398,228.0,0,6,6.0,1,0.0,Houthi extremists (Ansar Allah)
6243,0,185,8,81,388,43.291618,-1.977903,1.0,0,0.0,1,0,1,1,690,185.0,0,5,1.0,0,0.0,Basque Fatherland and Freedom (ETA)
83493,0,92,6,122,1611,18.464464,82.355801,1.0,1,0.0,1,0,7,1,932,92.0,0,5,0.0,1,0.0,Maoists
26227,0,69,8,126,747,42.699997,9.447317,1.0,0,0.0,1,0,7,2,1145,69.0,0,5,0.0,1,0.0,Corsican National Liberation Front (FLNC)
60052,1,228,10,50,241,15.325443,44.211895,1.0,0,0.0,1,0,6,4,20,228.0,0,5,8.0,-9,1.0,Al-Qaida in the Arabian Peninsula (AQAP)
63976,0,4,6,470,2596,34.956583,70.754129,3.0,0,0.0,1,0,2,4,172,4.0,0,5,9.0,0,0.0,Taliban
10110,0,69,8,17,91,48.856644,2.34233,1.0,0,0.0,1,0,3,19,1088,69.0,0,6,0.0,1,0.0,Corsican National Liberation Front (FLNC)
18023,0,159,3,443,2450,-15.235833,-71.883889,2.0,0,1.0,1,0,3,21,1234,159.0,0,6,0.0,1,0.0,Shining Path (SL)
63840,0,95,10,34,1281,36.76321,42.602535,1.0,0,0.0,1,0,3,14,1619,95.0,0,6,1.0,1,0.0,Islamic State of Iraq and the Levant (ISIL)
17014,0,61,2,151,896,13.921389,-89.845,1.0,0,0.0,1,0,2,19,1277,61.0,0,5,1.0,1,0.0,Farabundo Marti National Liberation Front (FMLN)
52751,0,160,5,0,35,6.537162,122.163252,1.0,0,0.0,1,0,7,8,73,160.0,0,8,0.0,1,0.0,Abu Sayyaf Group (ASG)
16472,0,45,3,327,1826,4.667128,-74.106056,1.0,0,0.0,1,0,3,21,2227,45.0,0,6,0.0,1,0.0,National Liberation Army of Colombia (ELN)
43334,0,186,6,203,1442,8.577826,81.218719,1.0,0,0.0,0,0,3,4,1822,186.0,0,6,0.0,0,0.0,Liberation Tigers of Tamil Eelam (LTTE)
13516,0,159,3,256,1562,-11.967368,-76.978462,1.0,0,0.0,0,0,7,1,3326,159.0,0,8,0.0,1,0.0,Tupac Amaru Revolutionary Movement (MRTA)
29015,0,603,8,178,1177,54.607712,-5.95621,1.0,0,1.0,0,0,7,1,1518,233.0,0,8,0.0,1,0.0,Irish Republican Army (IRA)
30638,0,209,10,222,1408,39.230556,43.876944,1.0,0,0.0,1,0,2,14,1708,209.0,0,5,0.0,1,0.0,Kurdistan Workers' Party (PKK)
78750,0,33,11,294,1785,14.280062,-1.687357,2.0,0,0.0,0,0,2,8,51,33.0,0,5,0.0,0,0.0,Muslim extremists
29093,0,159,3,256,1562,-11.967368,-76.978462,1.0,0,0.0,1,0,3,2,3392,159.0,0,6,0.0,1,0.0,Tupac Amaru Revolutionary Movement (MRTA)
50563,0,92,6,118,638,22.672439,85.072696,1.0,0,0.0,1,0,1,14,961,92.0,0,5,1.0,0,1.0,Communist Party of India - Maoist (CPI-Maoist)
26544,0,45,3,330,1882,7.060051,-73.853115,3.0,0,0.0,0,0,3,19,2273,45.0,0,6,0.0,1,0.0,National Liberation Army of Colombia (ELN)
27148,0,92,6,449,2500,30.733315,76.779418,1.0,0,0.0,1,0,1,2,3017,92.0,0,5,1.0,0,0.0,Sikh Extremists
26509,0,61,2,147,890,13.61177,-88.026466,1.0,0,1.0,1,0,3,21,1272,61.0,0,6,0.0,1,0.0,Farabundo Marti National Liberation Front (FMLN)
60420,0,45,3,326,24,7.198606,-75.341218,4.0,0,0.0,0,0,3,21,2738,45.0,0,6,0.0,0,0.0,Revolutionary Armed Forces of Colombia (FARC)
56302,0,93,5,284,1745,-6.170593,106.757476,1.0,0,0.0,1,0,3,15,2127,93.0,0,6,0.0,1,0.0,Muslim extremists
12089,0,603,8,178,1178,55.011562,-7.312045,1.0,0,0.0,1,0,2,4,1478,233.0,0,5,1.0,1,0.0,Irish Republican Army (IRA)
48462,0,92,6,119,650,18.701641,81.248451,1.0,1,0.0,1,0,7,1,972,92.0,0,8,0.0,1,0.0,Communist Party of India - Maoist (CPI-Maoist)
4815,0,69,8,126,24,41.918891,8.737554,4.0,0,1.0,1,0,3,1,802,69.0,0,6,0.0,1,0.0,Corsican National Liberation Front (FLNC)
11275,0,145,2,392,2134,13.698495,-85.77846,1.0,1,0.0,1,0,2,4,1235,145.0,0,5,1.0,1,0.0,Nicaraguan Democratic Force (FDN)
12797,0,69,8,17,91,48.856644,2.34233,1.0,0,0.0,1,0,3,2,1117,69.0,0,6,0.0,1,0.0,Corsican National Liberation Front (FLNC)
72753,0,209,10,207,1384,37.179054,41.877727,1.0,0,0.0,1,0,2,4,172,209.0,0,6,0.0,-9,0.0,Kurdistan Workers' Party (PKK)
60876,1,153,6,316,2784,30.163641,71.402035,1.0,0,0.0,1,0,6,2,3269,153.0,0,5,1.0,0,1.0,Tehrik-i-Taliban Pakistan (TTP)
73094,0,228,10,44,24,14.141572,44.247902,4.0,0,0.0,1,0,3,20,6,228.0,0,6,0.0,0,0.0,Houthi extremists (Ansar Allah)
71415,0,209,10,207,1335,37.332346,42.185474,1.0,0,0.0,1,0,2,1,1686,209.0,0,5,1.0,0,0.0,Kurdistan Workers' Party (PKK)
20381,0,183,11,25,140,-34.057188,18.865482,1.0,0,0.0,1,0,3,2,254,183.0,0,6,0.0,1,0.0,African National Congress (South Africa)
27612,1,45,3,327,1826,4.667128,-74.106056,1.0,0,0.0,1,0,6,2,2276,45.0,0,5,0.0,0,1.0,National Liberation Army of Colombia (ELN)
51259,0,95,10,29,178,34.160587,42.37254,1.0,0,1.0,1,0,2,3,20,95.0,0,5,14.0,0,0.0,Al-Qaida in Iraq
62687,0,95,10,29,1246,33.391567,43.854069,1.0,0,0.0,1,0,2,4,481,95.0,0,5,2.0,-9,0.0,Islamic State of Iraq and the Levant (ISIL)
65859,0,95,10,31,179,33.787583,44.668683,1.0,0,0.0,0,0,3,4,1594,95.0,0,6,1.0,0,0.0,Islamic State of Iraq and the Levant (ISIL)
49859,1,92,6,118,584,24.204235,84.870937,3.0,0,0.0,1,0,6,14,906,92.0,0,9,2.0,0,1.0,Communist Party of India - Maoist (CPI-Maoist)
65671,0,214,9,135,789,48.143208,37.753361,1.0,0,0.0,1,0,3,14,853,214.0,0,6,3.0,-9,0.0,Donetsk People's Republic
27095,0,185,8,82,379,36.621787,-4.500273,1.0,0,0.0,1,0,3,3,481,185.0,0,6,0.0,1,0.0,Basque Fatherland and Freedom (ETA)
63684,0,147,11,156,957,8.547469,7.7118,4.0,0,1.0,1,0,2,14,27,147.0,0,5,2.0,1,0.0,Fulani extremists
59029,0,155,10,304,1788,31.53619,34.539574,1.0,0,0.0,1,0,3,14,13,155.0,0,6,0.0,-9,0.0,Muslim extremists
58396,0,182,11,63,304,2.059819,45.326115,1.0,0,0.0,1,0,3,14,13,182.0,0,6,0.0,1,0.0,Al-Shabaab
30191,0,209,10,210,1371,37.080181,41.220196,1.0,0,0.0,1,0,2,4,548,209.0,0,5,1.0,1,0.0,Kurdistan Workers' Party (PKK)
51474,0,160,5,5,1978,6.809045,125.192555,1.0,0,0.0,1,0,7,1,112,44.0,0,8,0.0,1,0.0,New People's Army (NPA)
62480,0,45,3,345,2359,3.913644,-75.477196,2.0,0,0.0,0,0,2,4,2778,45.0,0,5,0.0,0,0.0,Revolutionary Armed Forces of Colombia (FARC)
38067,0,186,6,203,1439,7.733107,81.68882,1.0,0,0.0,1,0,3,3,1791,186.0,0,6,29.0,-9,0.0,Liberation Tigers of Tamil Eelam (LTTE)
16498,0,159,3,256,1562,-11.967368,-76.978462,1.0,0,0.0,1,0,2,3,2854,159.0,0,5,1.0,1,0.0,Shining Path (SL)
63447,0,104,11,62,306,3.938715,41.844707,1.0,0,0.0,0,0,1,2,606,104.0,0,6,0.0,1,0.0,Al-Shabaab
53391,0,95,10,33,187,33.540672,44.251266,1.0,0,1.0,1,0,3,14,13,95.0,0,6,2.0,-9,0.0,Al-Qaida in Iraq
21821,0,61,2,147,897,13.772142,-88.07664,1.0,0,0.0,1,0,2,4,1278,61.0,0,5,0.0,1,0.0,Farabundo Marti National Liberation Front (FMLN)
35125,0,159,3,256,1562,-11.967368,-76.978462,1.0,0,0.0,1,0,1,14,2843,159.0,0,5,1.0,0,0.0,Shining Path (SL)
65376,0,113,10,266,1721,30.491793,18.547119,1.0,0,0.0,1,0,3,14,1222,113.0,0,6,0.0,1,0.0,Muslim extremists
21298,0,160,5,6,24,6.633477,124.600515,4.0,0,0.0,1,0,2,4,537,160.0,0,5,4.0,1,0.0,New People's Army (NPA)
26284,0,69,8,126,753,42.567651,8.757222,1.0,0,0.0,1,0,3,1,1129,69.0,0,6,0.0,1,0.0,Corsican National Liberation Front (FLNC)
60220,0,104,11,62,332,3.935715,41.855167,3.0,0,1.0,1,0,2,3,175,104.0,0,6,0.0,-9,0.0,Al-Shabaab
29431,0,603,8,178,1219,54.863117,-6.278343,1.0,0,1.0,1,0,7,1,242,233.0,0,8,0.0,1,0.0,Irish Republican Army (IRA)
48520,0,4,6,463,2597,33.969167,68.944722,1.0,0,0.0,1,0,2,14,3110,4.0,0,5,1.0,0,0.0,Taliban
16648,0,145,2,395,2101,11.966667,-85.166667,1.0,0,0.0,1,0,6,1,2457,145.0,0,5,1.0,1,1.0,Nicaraguan Democratic Force (FDN)
26719,0,45,3,342,2356,2.969373,-78.185231,2.0,0,0.0,1,0,7,1,2776,45.0,0,8,0.0,1,0.0,Revolutionary Armed Forces of Colombia (FARC)
4232,0,69,8,133,747,42.699997,9.447317,1.0,0,0.0,1,0,3,14,1140,69.0,0,6,0.0,1,0.0,Corsican National Liberation Front (FLNC)
18089,0,92,6,448,2499,28.960965,79.515377,2.0,0,0.0,1,0,1,14,2983,92.0,0,5,4.0,0,0.0,Sikh Extremists
69991,0,228,10,57,277,13.586484,44.024105,1.0,0,1.0,1,0,3,14,1196,228.0,0,6,0.0,-9,0.0,Houthi extremists (Ansar Allah)
70810,0,228,10,57,277,13.586484,44.024105,1.0,0,1.0,1,0,3,14,1218,228.0,0,6,7.0,-9,0.0,Houthi extremists (Ansar Allah)
12963,0,145,2,394,2150,13.458317,-86.398527,2.0,1,0.0,1,0,2,4,1235,145.0,0,5,1.0,1,0.0,Nicaraguan Democratic Force (FDN)
68521,0,200,10,196,1268,36.503593,40.740627,1.0,0,1.0,1,0,3,4,48,200.0,0,6,7.0,-9,0.0,Islamic State of Iraq and the Levant (ISIL)
35234,0,45,3,325,24,1.637898,-77.745208,1.0,0,0.0,1,0,3,4,2757,45.0,0,6,31.0,1,0.0,Revolutionary Armed Forces of Colombia (FARC)
36639,0,45,3,326,24,6.2675,-75.568611,4.0,0,0.0,1,0,1,14,2206,45.0,0,5,2.0,0,0.0,National Liberation Army of Colombia (ELN)
18794,0,69,8,126,744,41.930607,8.742907,1.0,0,1.0,1,0,3,14,1081,69.0,0,6,0.0,1,0.0,Corsican National Liberation Front (FLNC)
30703,0,98,8,95,417,45.469212,9.174508,1.0,0,0.0,1,0,3,1,718,185.0,0,6,0.0,1,0.0,Basque Fatherland and Freedom (ETA)
22838,0,186,6,241,1461,9.151898,80.64934,1.0,0,0.0,1,0,2,4,162,186.0,0,5,3.0,1,0.0,Liberation Tigers of Tamil Eelam (LTTE)
36761,0,186,6,246,1492,7.29384,80.640669,1.0,0,0.0,1,1,3,15,1789,186.0,0,6,26.0,1,0.0,Liberation Tigers of Tamil Eelam (LTTE)
81811,0,153,6,316,2728,31.578721,74.268464,1.0,1,0.0,0,0,2,3,85,153.0,0,5,4.0,0,0.0,Tehrik-i-Taliban Pakistan (TTP)
62630,0,228,10,52,248,13.985013,45.558479,1.0,0,0.0,1,0,2,3,409,228.0,0,5,2.0,1,0.0,Al-Qaida in the Arabian Peninsula (AQAP)
76863,0,92,6,118,604,23.810237,85.7652,1.0,0,1.0,1,0,3,19,924,92.0,0,6,0.0,1,0.0,Communist Party of India - Maoist (CPI-Maoist)
33084,0,603,8,178,1227,54.377802,-7.459455,1.0,0,0.0,1,0,3,3,782,216.0,0,6,0.0,1,0.0,Irish Republican Army (IRA)
64812,0,214,9,135,799,48.372005,37.88657,1.0,1,0.0,1,0,3,4,48,214.0,0,6,0.0,-9,0.0,Donetsk People's Republic
26149,0,160,5,346,1948,15.602634,121.051438,1.0,0,0.0,1,0,2,2,2336,160.0,0,5,3.0,1,0.0,New People's Army (NPA)
48154,0,92,6,119,640,18.791667,80.816667,1.0,1,0.0,1,0,7,2,975,92.0,0,8,0.0,1,0.0,Communist Party of India - Maoist (CPI-Maoist)
16929,0,145,2,405,2123,12.069311,-84.539748,1.0,0,1.0,1,0,2,4,2469,145.0,0,5,1.0,1,0.0,Nicaraguan Democratic Force (FDN)
29702,0,159,3,256,1562,-11.967368,-76.978462,1.0,0,0.0,1,0,1,14,2867,159.0,0,5,1.0,0,0.0,Shining Path (SL)
17585,0,185,8,81,388,43.291618,-1.977903,1.0,0,0.0,1,0,3,4,691,185.0,0,6,5.0,1,0.0,Basque Fatherland and Freedom (ETA)
31066,0,92,6,264,2513,28.263681,78.403733,1.0,0,0.0,1,0,1,3,3003,92.0,0,5,7.0,0,0.0,Sikh Extremists
29934,0,151,8,225,1367,59.913869,10.752245,1.0,0,0.0,1,0,7,7,1669,209.0,0,9,0.0,1,0.0,Kurdistan Workers' Party (PKK)
67752,0,214,9,135,814,48.098675,37.663422,1.0,0,0.0,1,0,3,4,48,214.0,0,6,0.0,-9,0.0,Donetsk People's Republic
22472,0,92,6,316,2494,31.633078,74.878288,1.0,1,0.0,1,0,2,3,412,92.0,0,5,1.0,1,0.0,Sikh Extremists
41694,0,186,6,203,1452,8.5922,81.196796,3.0,0,0.0,1,0,3,19,1753,186.0,0,6,1.0,1,0.0,Liberation Tigers of Tamil Eelam (LTTE)
80880,0,95,10,31,1274,34.147392,45.129864,1.0,0,0.0,0,0,2,4,172,95.0,0,5,1.0,0,0.0,Islamic State of Iraq and the Levant (ISIL)
25430,1,155,10,410,2252,31.907141,35.198219,1.0,0,0.0,1,0,6,14,2600,155.0,0,5,1.0,0,1.0,Palestinians
18176,0,43,3,250,1550,-33.366238,-70.505302,1.0,0,1.0,1,0,3,1,1102,43.0,0,6,0.0,1,0.0,Manuel Rodriguez Patriotic Front (FPMR)
9235,0,61,2,141,863,13.491242,-88.173134,1.0,0,0.0,1,0,3,16,1283,61.0,0,6,1.0,1,0.0,Farabundo Marti National Liberation Front (FMLN)
41899,0,186,6,203,1488,7.689011,81.72947,1.0,0,0.0,1,0,1,2,1829,186.0,0,5,1.0,0,0.0,Liberation Tigers of Tamil Eelam (LTTE)
45604,0,45,3,331,2305,2.998638,-75.30562,1.0,0,1.0,1,0,3,1,2745,45.0,0,6,0.0,1,0.0,Revolutionary Armed Forces of Colombia (FARC)
30461,0,186,6,203,1466,9.18158,80.846082,1.0,0,0.0,1,0,2,4,412,186.0,0,5,7.0,1,0.0,Liberation Tigers of Tamil Eelam (LTTE)
65312,0,147,11,100,512,11.885962,12.801891,1.0,0,0.0,1,0,2,14,27,147.0,0,5,15.0,1,0.0,Boko Haram
11923,0,43,3,250,1550,-33.366238,-70.505302,1.0,0,1.0,1,0,3,21,1945,43.0,0,6,1.0,1,0.0,Manuel Rodriguez Patriotic Front (FPMR)
32857,0,183,11,19,113,-26.353159,28.132727,1.0,0,0.0,1,0,2,14,211,183.0,0,5,6.0,1,0.0,African National Congress (South Africa)
47192,0,92,6,120,655,23.390396,88.702469,1.0,0,0.0,1,0,2,2,978,92.0,0,5,1.0,0,0.0,Communist Party of India - Maoist (CPI-Maoist)
72036,0,228,10,49,24,13.659076,46.030868,4.0,0,0.0,1,0,2,4,20,228.0,0,5,3.0,0,0.0,Al-Qaida in the Arabian Peninsula (AQAP)
4790,0,69,8,126,24,41.918891,8.737554,4.0,0,1.0,1,0,3,1,802,69.0,0,6,0.0,1,0.0,Corsican National Liberation Front (FLNC)
8142,0,603,8,178,1184,54.253718,-7.44106,1.0,0,0.0,1,0,1,4,1442,216.0,0,5,1.0,0,0.0,Irish Republican Army (IRA)
64791,0,147,11,110,1055,9.488018,9.044495,1.0,0,0.0,1,0,6,14,13,147.0,0,5,2.0,0,1.0,Fulani extremists
16215,0,145,2,406,2127,11.676334,-84.702872,1.0,0,0.0,1,0,2,4,1245,145.0,0,5,1.0,1,0.0,Nicaraguan Democratic Force (FDN)
19013,0,159,3,256,1562,-11.967368,-76.978462,1.0,0,0.0,1,0,3,1,1918,159.0,0,6,0.0,1,0.0,Manuel Rodriguez Patriotic Front (FPMR)
71730,0,228,10,57,277,13.586484,44.024105,1.0,0,1.0,1,0,3,14,1222,228.0,0,6,4.0,-9,0.0,Houthi extremists (Ansar Allah)
18282,0,92,6,316,2518,31.819789,75.692805,1.0,0,0.0,1,0,2,14,3011,92.0,0,5,1.0,1,0.0,Sikh Extremists
32624,0,183,11,18,92,-29.965819,30.882976,1.0,0,0.0,1,0,2,14,182,183.0,0,5,1.0,1,0.0,African National Congress (South Africa)
13412,0,159,3,256,1562,-11.967368,-76.978462,1.0,0,0.0,1,0,3,2,2861,159.0,0,6,0.0,1,0.0,Shining Path (SL)
14855,0,43,3,250,1550,-33.366238,-70.505302,1.0,0,0.0,1,0,3,19,1934,43.0,0,6,0.0,1,0.0,Manuel Rodriguez Patriotic Front (FPMR)
12874,0,69,8,134,774,45.764043,4.835659,1.0,0,0.0,1,0,3,1,1153,69.0,0,6,0.0,1,0.0,Corsican National Liberation Front (FLNC)
56879,0,4,6,460,24,32.879882,66.150174,4.0,0,0.0,1,0,3,14,13,4.0,0,6,2.0,1,0.0,Taliban
47603,0,228,10,173,1141,15.554965,48.1728,4.0,0,0.0,1,0,2,4,1397,228.0,0,5,18.0,0,0.0,Houthi extremists (Ansar Allah)
51338,0,182,11,63,304,2.059819,45.326115,1.0,0,0.0,1,1,3,2,569,182.0,0,6,6.0,1,0.0,Al-Shabaab
24359,0,92,6,316,2535,30.145293,74.199304,1.0,0,0.0,1,0,3,21,2113,92.0,0,6,0.0,1,0.0,Sikh Extremists
60676,0,214,9,135,784,48.596962,37.998299,1.0,0,0.0,1,0,3,4,1185,214.0,0,6,0.0,1,0.0,Donetsk People's Republic
20437,0,186,6,241,1444,9.666399,80.020477,1.0,0,0.0,1,0,3,4,1774,186.0,0,6,3.0,1,0.0,Liberation Tigers of Tamil Eelam (LTTE)
5690,0,185,8,86,395,43.46096,-3.807934,1.0,0,0.0,1,0,2,3,670,185.0,0,5,3.0,1,0.0,Basque Fatherland and Freedom (ETA)
5999,0,603,8,46,1183,51.504387,-0.140041,1.0,0,0.0,0,0,1,1,1475,216.0,0,6,0.0,0,0.0,Irish Republican Army (IRA)
53785,0,4,6,464,2600,32.363889,64.781443,3.0,0,0.0,1,0,3,14,13,4.0,0,6,10.0,1,0.0,Taliban
65543,0,92,6,119,635,20.27,81.49,3.0,0,0.0,1,0,2,4,12,92.0,0,5,2.0,0,0.0,Maoists
56966,0,95,10,30,177,33.303566,44.371773,1.0,0,1.0,1,0,3,14,13,95.0,0,6,0.0,0,0.0,Islamic State of Iraq and the Levant (ISIL)
27424,0,603,8,178,1220,54.239317,-6.502301,1.0,0,0.0,1,0,3,4,427,233.0,0,6,3.0,1,0.0,Irish Republican Army (IRA)
3332,0,603,8,178,1177,54.607712,-5.95621,1.0,0,0.0,1,0,1,14,1503,233.0,0,5,1.0,0,0.0,Irish Republican Army (IRA)
16903,0,183,11,19,103,-26.160769,27.78543,1.0,0,0.0,1,0,3,3,196,183.0,0,6,0.0,1,0.0,African National Congress (South Africa)
78238,0,182,11,69,312,3.381584,45.598389,1.0,0,0.0,1,1,3,1,361,182.0,0,6,1.0,1,0.0,Al-Shabaab
63758,0,214,9,135,786,47.981647,37.762325,1.0,0,1.0,1,0,2,4,1190,214.0,0,6,1.0,-9,0.0,Donetsk People's Republic
7127,0,185,8,81,386,43.32412,-1.929857,1.0,0,0.0,0,0,2,3,695,185.0,0,5,0.0,0,0.0,Basque Fatherland and Freedom (ETA)
67660,0,92,6,119,633,18.79771,80.812864,3.0,0,0.0,1,0,2,3,12,92.0,0,6,5.0,0,0.0,Communist Party of India - Maoist (CPI-Maoist)
70784,0,92,6,122,1578,19.311728,84.691057,1.0,0,0.0,0,0,3,20,6,92.0,0,6,0.0,0,0.0,Maoists
52671,0,95,10,30,177,33.303566,44.371773,1.0,0,1.0,1,0,3,1,361,95.0,0,6,3.0,1,0.0,Al-Qaida in Iraq
80314,0,95,10,31,1293,34.020425,44.345185,2.0,0,0.0,1,0,3,20,6,95.0,0,6,3.0,0,0.0,Islamic State of Iraq and the Levant (ISIL)
74152,0,228,10,57,277,13.586484,44.024105,1.0,0,1.0,1,0,3,14,1218,228.0,0,6,0.0,-9,0.0,Houthi extremists (Ansar Allah)
11266,0,183,11,19,96,-26.184113,28.033232,1.0,0,0.0,1,0,3,2,287,183.0,0,6,0.0,1,0.0,African National Congress (South Africa)
21332,0,43,3,250,1550,-33.366238,-70.505302,1.0,0,0.0,1,0,1,3,1915,43.0,0,5,2.0,0,0.0,Manuel Rodriguez Patriotic Front (FPMR)
20517,0,183,11,23,141,-26.916982,27.484439,1.0,0,1.0,1,0,1,2,256,183.0,0,6,0.0,0,0.0,African National Congress (South Africa)
64073,0,214,9,135,786,47.981647,37.762325,1.0,0,0.0,1,0,3,4,1190,214.0,0,6,1.0,-9,0.0,Donetsk People's Republic
75415,0,160,5,0,33,6.533689,122.166731,3.0,0,0.0,1,0,3,4,40,160.0,0,6,1.0,0,0.0,Abu Sayyaf Group (ASG)
63530,1,147,11,105,504,10.645108,13.484032,1.0,0,1.0,1,0,6,14,27,147.0,0,8,1.0,1,1.0,Boko Haram
19355,0,183,11,25,121,-33.941849,18.41964,1.0,0,0.0,1,0,3,1,280,183.0,0,6,0.0,1,0.0,African National Congress (South Africa)
54267,0,95,10,29,188,33.349159,43.784199,1.0,0,1.0,1,1,3,2,397,95.0,0,6,4.0,0,0.0,Al-Qaida in Iraq
32099,0,45,3,328,1843,10.333818,-73.181276,1.0,0,0.0,1,0,2,3,820,45.0,0,5,0.0,1,0.0,National Liberation Army of Colombia (ELN)
30175,0,183,11,18,118,-30.050385,30.881266,1.0,1,0.0,1,0,2,22,221,183.0,0,5,6.0,1,0.0,African National Congress (South Africa)
81684,0,160,5,13,2003,7.485713,125.044323,1.0,0,0.0,0,0,2,3,12,160.0,0,5,1.0,0,0.0,New People's Army (NPA)
8391,0,185,8,81,432,43.353607,-2.907457,1.0,0,0.0,1,0,1,3,748,185.0,0,5,1.0,0,0.0,Basque Fatherland and Freedom (ETA)
71883,0,95,10,30,177,33.303566,44.371773,1.0,0,0.0,1,0,3,14,334,95.0,0,6,1.0,-9,0.0,Islamic State of Iraq and the Levant (ISIL)
37031,0,186,6,203,1439,7.733107,81.68882,1.0,0,0.0,1,0,3,4,1746,186.0,0,6,1.0,1,0.0,Liberation Tigers of Tamil Eelam (LTTE)
58357,0,147,11,104,470,11.063275,7.700373,1.0,0,0.0,1,0,2,15,840,147.0,0,5,3.0,1,0.0,Boko Haram
66392,0,214,9,135,787,47.098835,37.81987,1.0,1,1.0,1,0,2,4,48,214.0,0,6,0.0,0,0.0,Donetsk People's Republic
19313,0,159,3,438,1957,-9.147417,-78.280093,1.0,0,0.0,1,0,2,3,12,159.0,0,5,1.0,1,0.0,Shining Path (SL)
28949,0,61,2,138,848,13.802046,-87.896732,1.0,0,0.0,1,0,2,4,412,61.0,0,5,7.0,1,0.0,Farabundo Marti National Liberation Front (FMLN)
46968,0,4,6,463,2666,34.021194,68.999535,1.0,0,1.0,1,1,3,3,919,4.0,0,6,4.0,1,0.0,Taliban
55269,0,228,10,47,245,14.54397,49.12458,1.0,0,0.0,1,0,1,4,503,228.0,0,5,1.0,0,0.0,Al-Qaida in the Arabian Peninsula (AQAP)
78025,0,147,11,100,475,12.922965,13.563938,3.0,0,0.0,1,0,1,4,844,147.0,0,6,3.0,1,0.0,Boko Haram
44701,0,92,6,121,596,18.364195,81.892418,3.0,0,0.0,1,0,2,14,917,92.0,0,5,1.0,0,0.0,Communist Party of India - Maoist (CPI-Maoist)
63450,0,228,10,50,241,15.325443,44.211895,1.0,0,0.0,1,0,1,4,525,228.0,0,5,1.0,0,0.0,Al-Qaida in the Arabian Peninsula (AQAP)
14108,0,43,3,250,1550,-33.366238,-70.505302,1.0,0,1.0,1,0,3,21,1903,43.0,0,6,0.0,1,0.0,Manuel Rodriguez Patriotic Front (FPMR)
5254,0,69,8,127,91,48.856644,2.34233,1.0,0,0.0,1,0,7,1,1098,69.0,0,8,0.0,1,0.0,Corsican National Liberation Front (FLNC)
68478,0,4,6,466,2588,35.183083,70.986575,3.0,0,0.0,1,0,2,2,3106,4.0,0,5,38.0,1,0.0,Taliban
12742,0,603,8,178,1196,54.183052,-6.341388,1.0,0,0.0,1,0,3,19,1470,233.0,0,6,0.0,1,0.0,Irish Republican Army (IRA)
58536,0,200,10,188,1726,36.201721,37.14352,1.0,0,0.0,1,0,3,4,2138,200.0,0,6,5.0,1,0.0,Muslim extremists
11179,0,159,3,432,2411,-14.385277,-73.962606,1.0,0,0.0,1,0,2,2,2856,159.0,0,8,4.0,1,0.0,Shining Path (SL)
30575,0,209,10,209,1329,38.576708,42.020709,1.0,1,0.0,1,0,1,14,1647,209.0,0,5,4.0,0,0.0,Kurdistan Workers' Party (PKK)
41813,0,160,5,9,40,6.11622,125.169395,1.0,0,1.0,1,0,3,1,6,160.0,0,6,5.0,1,0.0,Abu Sayyaf Group (ASG)
45471,0,153,6,485,2782,34.92969,72.416834,1.0,0,0.0,1,0,3,1,3267,4.0,0,6,0.0,1,0.0,Tehrik-i-Taliban Pakistan (TTP)
41980,0,95,10,30,177,33.303566,44.371773,1.0,0,0.0,1,0,3,2,394,95.0,0,6,3.0,1,0.0,Al-Qaida in Iraq
62407,0,92,6,119,1638,18.889334,80.320046,2.0,0,0.0,1,0,2,3,2048,92.0,0,5,0.0,0,0.0,Maoists
60793,0,92,6,122,1575,21.111097,85.825586,1.0,0,0.0,0,0,3,4,0,92.0,0,6,0.0,0,0.0,Maoists
20034,0,183,11,19,115,-26.252697,27.870275,1.0,0,0.0,1,0,1,2,223,183.0,0,6,1.0,1,0.0,African National Congress (South Africa)
49737,0,153,6,484,2714,34.006004,71.53743,1.0,1,0.0,1,0,3,14,13,153.0,0,6,6.0,1,0.0,Tehrik-i-Taliban Pakistan (TTP)
49548,0,153,6,389,2778,34.866207,71.526382,1.0,0,0.0,1,1,3,14,3260,153.0,0,6,6.0,1,0.0,Tehrik-i-Taliban Pakistan (TTP)
66337,0,214,9,135,787,47.098835,37.81987,1.0,1,1.0,1,0,2,4,1187,214.0,0,6,0.0,0,0.0,Donetsk People's Republic
78859,0,92,6,123,609,18.13776,82.686184,2.0,0,0.0,1,0,6,14,928,92.0,0,5,1.0,0,1.0,Communist Party of India - Maoist (CPI-Maoist)
5709,0,97,10,412,2221,31.771599,35.2034,1.0,0,0.0,1,0,3,7,2559,422.0,0,6,0.0,1,0.0,Palestinians
4623,0,603,8,46,1206,51.523072,0.592514,1.0,0,0.0,1,0,3,21,1498,216.0,0,6,0.0,1,0.0,Irish Republican Army (IRA)
73627,0,95,10,29,24,33.982013,42.594834,4.0,0,1.0,1,1,3,4,0,95.0,0,6,23.0,0,0.0,Islamic State of Iraq and the Levant (ISIL)
5857,0,97,10,412,2221,31.771599,35.2034,1.0,0,0.0,1,0,3,19,56,97.0,0,6,0.0,1,0.0,Palestinians
54066,0,153,6,484,2753,34.102074,71.47802,1.0,0,1.0,1,0,2,7,3261,422.0,0,5,1.0,-9,0.0,Tehrik-i-Taliban Pakistan (TTP)
76416,0,153,6,486,2715,28.000466,68.728471,1.0,0,1.0,1,1,3,15,3211,153.0,0,6,1.0,-9,0.0,Tehrik-i-Taliban Pakistan (TTP)
63649,0,92,6,118,1599,24.357421,87.422726,1.0,1,0.0,0,0,2,4,12,92.0,0,5,0.0,0,0.0,Maoists
42796,0,92,6,120,648,22.424,87.319,3.0,0,0.0,1,0,3,3,970,92.0,0,6,4.0,-9,0.0,Communist Party of India - Maoist (CPI-Maoist)
39205,1,160,5,0,34,6.62139,122.143825,1.0,0,0.0,1,0,6,14,42,160.0,0,9,4.0,1,1.0,Abu Sayyaf Group (ASG)
56447,0,160,5,1,22,6.050458,121.012245,1.0,0,0.0,1,0,3,15,90,160.0,0,6,0.0,1,0.0,Abu Sayyaf Group (ASG)
59177,0,160,5,352,2006,12.004208,123.998959,2.0,0,0.0,1,0,2,14,2379,160.0,0,5,1.0,0,0.0,New People's Army (NPA)
25466,0,43,3,250,1550,-33.366238,-70.505302,1.0,0,0.0,1,0,3,1,410,43.0,0,6,0.0,1,0.0,Manuel Rodriguez Patriotic Front (FPMR)
28068,0,159,3,430,2821,-11.253812,-75.580068,1.0,0,0.0,1,0,2,4,412,159.0,0,5,8.0,1,0.0,Tupac Amaru Revolutionary Movement (MRTA)
68092,0,160,5,352,1984,12.338,123.658997,2.0,0,0.0,1,0,3,4,2361,160.0,0,6,0.0,0,0.0,New People's Army (NPA)
21078,0,92,6,448,2534,29.933673,78.179867,1.0,0,0.0,1,0,3,15,3029,92.0,0,6,3.0,1,0.0,Sikh Extremists
63602,0,41,11,162,979,5.965833,20.528484,1.0,0,1.0,1,0,2,14,853,41.0,0,5,15.0,1,0.0,Fulani extremists
59922,0,4,6,458,2632,34.648054,70.187406,1.0,0,0.0,1,0,3,3,3160,4.0,0,6,0.0,1,0.0,Taliban
60992,0,228,10,47,245,14.533289,49.133343,1.0,0,0.0,1,0,1,2,513,228.0,0,5,1.0,0,0.0,Al-Qaida in the Arabian Peninsula (AQAP)
44721,0,92,6,121,596,18.364195,81.892418,3.0,0,0.0,1,0,2,14,999,92.0,0,5,1.0,0,0.0,Communist Party of India - Maoist (CPI-Maoist)
51135,0,95,10,39,201,32.54855,44.545441,1.0,0,1.0,1,0,3,3,12,95.0,0,6,1.0,1,0.0,Al-Qaida in Iraq
45659,0,45,3,327,1826,4.667128,-74.106056,1.0,0,1.0,1,0,3,14,2755,45.0,0,6,0.0,1,0.0,Revolutionary Armed Forces of Colombia (FARC)
76515,1,228,10,50,241,15.325443,44.211895,1.0,0,0.0,1,0,6,8,1406,217.0,0,5,0.0,0,1.0,Houthi extremists (Ansar Allah)
19548,0,43,3,250,1550,-33.366238,-70.505302,1.0,0,1.0,1,0,2,19,56,43.0,0,8,0.0,1,0.0,Manuel Rodriguez Patriotic Front (FPMR)
74636,0,160,5,1,22,6.050458,121.012245,1.0,0,0.0,0,0,6,1,68,160.0,0,5,0.0,0,0.0,Abu Sayyaf Group (ASG)
46335,0,95,10,30,177,33.303566,44.371773,1.0,0,0.0,1,0,3,2,392,95.0,0,6,2.0,-9,0.0,Al-Qaida in Iraq
28814,0,155,10,410,2226,31.907141,35.198219,1.0,0,0.0,1,0,2,4,12,97.0,0,8,0.0,1,0.0,Palestinians
26315,0,159,3,435,2412,-13.531688,-71.966924,1.0,0,0.0,1,0,1,2,2858,159.0,0,5,1.0,0,0.0,Shining Path (SL)
75430,0,95,10,30,177,33.303566,44.371773,1.0,0,0.0,1,0,3,14,13,95.0,0,6,2.0,-9,0.0,Islamic State of Iraq and the Levant (ISIL)
17587,0,92,6,316,2494,31.633078,74.878288,1.0,0,0.0,1,0,1,2,3045,92.0,0,5,6.0,0,0.0,Sikh Extremists
50118,0,228,10,45,236,12.825647,44.846416,1.0,0,0.0,0,1,1,2,459,228.0,0,6,1.0,1,0.0,Al-Qaida in the Arabian Peninsula (AQAP)
54077,0,228,10,45,236,12.825647,44.846416,1.0,0,0.0,1,0,2,14,13,228.0,0,5,1.0,-9,0.0,Muslim extremists
82930,0,147,11,100,466,11.868845,13.251158,1.0,1,0.0,1,1,3,3,373,147.0,0,6,2.0,0,0.0,Boko Haram
69404,0,228,10,49,1117,13.674095,46.133053,4.0,0,0.0,1,0,1,2,1374,228.0,0,6,5.0,1,0.0,Houthi extremists (Ansar Allah)
11274,0,145,2,392,2116,13.759041,-86.017217,1.0,0,0.0,1,0,2,4,1235,145.0,0,5,1.0,1,0.0,Nicaraguan Democratic Force (FDN)
60208,0,214,9,135,785,47.117252,37.572659,1.0,0,0.0,0,0,2,4,48,214.0,0,5,0.0,0,0.0,Donetsk People's Republic
33824,0,69,8,126,747,42.699997,9.447317,1.0,0,0.0,1,0,3,1,1087,69.0,0,6,0.0,1,0.0,Corsican National Liberation Front (FLNC)
35348,0,186,6,203,1510,9.703001,80.033931,1.0,0,0.0,1,0,3,20,6,186.0,0,6,4.0,1,0.0,Liberation Tigers of Tamil Eelam (LTTE)
72434,0,92,6,119,1628,18.555289,81.345462,1.0,0,0.0,1,0,3,3,12,92.0,0,6,0.0,0,0.0,Maoists
51397,0,4,6,462,2581,32.100204,66.901016,1.0,0,0.0,1,0,2,14,3157,4.0,0,5,1.0,0,0.0,Taliban
52699,0,95,10,35,206,35.688611,44.109167,1.0,0,1.0,1,0,3,20,6,95.0,0,6,0.0,0,0.0,Al-Qaida in Iraq
18942,0,159,3,433,2399,-10.680652,-76.259918,1.0,0,0.0,1,0,3,1,3336,159.0,0,6,0.0,1,0.0,Tupac Amaru Revolutionary Movement (MRTA)
43282,0,186,6,243,1459,8.53839,80.49328,1.0,1,0.0,1,0,3,3,1755,186.0,0,6,0.0,1,0.0,Liberation Tigers of Tamil Eelam (LTTE)
19040,0,92,6,316,2489,31.8186,75.2028,1.0,0,0.0,1,0,2,3,3042,92.0,0,5,4.0,1,0.0,Sikh Extremists
68939,0,214,9,135,786,47.981647,37.762325,1.0,0,0.0,1,0,3,14,1218,214.0,0,6,1.0,-9,0.0,Donetsk People's Republic
71586,0,160,5,9,2021,6.257165,124.674124,1.0,0,0.0,1,0,3,1,2394,160.0,0,6,2.0,1,0.0,New People's Army (NPA)
49404,0,92,6,117,654,25.266107,85.08016,1.0,0,0.0,1,0,8,2,977,92.0,0,9,0.0,1,0.0,Communist Party of India - Maoist (CPI-Maoist)
20061,0,183,11,19,107,-26.103533,28.097631,1.0,0,0.0,1,0,3,1,203,183.0,0,6,0.0,1,0.0,African National Congress (South Africa)
74758,0,147,11,155,1054,7.350826,8.836276,2.0,0,1.0,1,0,2,14,27,147.0,0,5,2.0,1,0.0,Fulani extremists
52566,0,92,6,122,619,20.7167,83.4833,2.0,0,0.0,1,0,2,14,939,92.0,0,9,1.0,0,0.0,Communist Party of India - Maoist (CPI-Maoist)
47876,0,160,5,0,16,6.700414,121.972557,1.0,0,1.0,1,0,3,2,25,153.0,0,6,3.0,1,0.0,Abu Sayyaf Group (ASG)
29194,0,92,6,264,2495,28.620794,79.812865,1.0,1,0.0,1,0,2,14,2979,92.0,0,5,24.0,0,0.0,Sikh Extremists
67175,0,147,11,155,1007,7.908288,8.793912,2.0,0,1.0,1,0,2,14,27,147.0,0,5,3.0,0,0.0,Fulani extremists
76977,0,200,10,188,1726,36.201721,37.14352,1.0,0,0.0,1,0,3,8,51,200.0,0,6,4.0,1,0.0,Muslim extremists
42576,0,4,6,457,2598,31.631083,65.742226,1.0,0,0.0,1,0,3,8,3149,4.0,0,6,0.0,1,0.0,Taliban
37972,0,45,3,341,2307,4.29692,-74.80707,1.0,0,0.0,1,0,3,14,2716,45.0,0,6,1.0,1,0.0,Revolutionary Armed Forces of Colombia (FARC)
82651,0,160,5,377,1996,18.220096,121.827532,1.0,0,1.0,1,0,5,14,860,160.0,0,5,0.0,1,1.0,New People's Army (NPA)
40160,0,160,5,0,46,6.41871,121.972443,1.0,0,0.0,1,0,2,14,67,160.0,0,9,2.0,-9,0.0,Abu Sayyaf Group (ASG)
42727,0,141,6,246,1614,27.66897,85.319824,1.0,0,0.0,1,0,2,19,2033,141.0,0,5,1.0,0,0.0,Maoists
34059,0,75,8,185,1379,52.152262,10.331013,1.0,0,0.0,1,0,7,1,1676,209.0,0,8,0.0,1,0.0,Kurdistan Workers' Party (PKK)
56275,0,153,6,486,2717,24.891115,67.143311,1.0,0,0.0,1,0,3,4,3219,153.0,0,6,0.0,1,0.0,Tehrik-i-Taliban Pakistan (TTP)
52795,0,153,6,389,2786,32.667476,69.859741,1.0,0,0.0,1,0,2,4,2046,153.0,0,5,9.0,0,0.0,Tehrik-i-Taliban Pakistan (TTP)
5481,0,97,10,246,2247,32.178344,34.907985,1.0,0,0.0,1,0,3,14,2589,97.0,0,6,0.0,1,0.0,Palestinians
17495,0,160,5,346,1922,15.544809,120.763556,1.0,0,0.0,1,0,5,14,2319,160.0,0,5,0.0,1,1.0,New People's Army (NPA)
63553,0,153,6,389,2787,34.816667,71.317778,2.0,0,0.0,1,0,3,4,172,153.0,0,6,0.0,0,0.0,Tehrik-i-Taliban Pakistan (TTP)
42494,0,102,10,40,196,31.950001,35.933331,1.0,0,1.0,1,1,3,1,359,999.0,0,6,20.0,1,0.0,Al-Qaida in Iraq
68842,0,147,11,100,531,11.831098,13.150967,2.0,0,0.0,1,1,3,19,56,147.0,0,6,2.0,-9,0.0,Boko Haram
53177,0,182,11,60,301,3.115641,43.64658,1.0,0,0.0,1,0,3,14,603,182.0,0,6,1.0,0,0.0,Al-Shabaab
48366,0,4,6,466,2592,35.672778,71.343333,1.0,0,0.0,1,0,2,2,3108,4.0,0,5,11.0,-9,0.0,Taliban
41271,0,160,5,352,1931,12.21814,123.50951,1.0,1,1.0,1,0,2,3,2328,160.0,0,5,10.0,0,0.0,New People's Army (NPA)
81652,0,173,10,56,1148,21.437273,40.512714,1.0,1,0.0,0,0,3,14,841,173.0,0,6,0.0,0,0.0,Houthi extremists (Ansar Allah)
16851,0,159,3,256,1562,-11.967368,-76.978462,1.0,0,1.0,1,0,3,1,3325,159.0,0,6,0.0,1,0.0,Tupac Amaru Revolutionary Movement (MRTA)
80830,1,147,11,100,502,10.902533,12.83032,2.0,0,1.0,1,0,6,14,27,147.0,0,5,2.0,1,1.0,Boko Haram
15098,0,159,3,256,1562,-11.967368,-76.978462,1.0,0,0.0,1,0,3,1,3371,159.0,0,6,0.0,1,0.0,Tupac Amaru Revolutionary Movement (MRTA)
14946,0,159,3,256,1562,-11.967368,-76.978462,1.0,1,0.0,1,0,3,1,3337,159.0,0,6,1.0,1,0.0,Tupac Amaru Revolutionary Movement (MRTA)
41487,0,186,6,203,1451,7.716666,81.700188,3.0,0,0.0,1,0,3,15,1776,186.0,0,6,0.0,-9,0.0,Liberation Tigers of Tamil Eelam (LTTE)
37995,0,45,3,342,1869,3.429344,-76.516037,1.0,0,1.0,1,0,3,15,2274,217.0,0,6,0.0,1,0.0,National Liberation Army of Colombia (ELN)
81130,0,37,11,109,520,10.911592,14.4209,1.0,0,0.0,1,0,2,4,48,37.0,0,5,1.0,1,0.0,Boko Haram
33157,0,45,3,326,1832,6.242026,-75.564766,1.0,0,1.0,1,0,3,1,2208,45.0,0,6,0.0,1,0.0,National Liberation Army of Colombia (ELN)
943,0,603,8,178,24,54.787715,-6.492314,4.0,0,0.0,0,0,1,3,1515,233.0,0,5,1.0,0,0.0,Irish Republican Army (IRA)
53602,0,147,11,102,463,11.704399,11.088539,1.0,0,0.0,1,0,2,3,882,147.0,0,5,7.0,0,0.0,Boko Haram
18979,0,43,3,249,1552,-33.024705,-71.552216,2.0,0,1.0,1,0,3,21,1882,43.0,0,6,0.0,1,0.0,Manuel Rodriguez Patriotic Front (FPMR)
21411,0,92,6,316,2481,30.898024,75.860077,1.0,0,0.0,1,0,1,1,3034,92.0,0,5,3.0,0,0.0,Sikh Extremists
14292,0,159,3,256,1562,-11.967368,-76.978462,1.0,0,0.0,1,0,7,14,2833,159.0,0,5,0.0,1,0.0,Shining Path (SL)
25283,0,159,3,431,2396,-9.642799,-76.773677,2.0,0,0.0,1,0,2,14,2830,159.0,0,5,0.0,1,0.0,Shining Path (SL)
64185,0,95,10,34,1247,36.407394,42.964626,1.0,0,0.0,1,0,3,3,1602,95.0,0,6,0.0,1,0.0,Islamic State of Iraq and the Levant (ISIL)
59835,1,214,9,135,807,48.327225,38.025673,1.0,0,0.0,1,0,6,2,268,214.0,0,9,1.0,0,1.0,Donetsk People's Republic
67417,0,228,10,45,236,12.825647,44.846416,1.0,0,0.0,1,0,2,17,268,228.0,0,5,1.0,0,0.0,Houthi extremists (Ansar Allah)
26896,0,185,8,81,388,43.291618,-1.977903,1.0,0,0.0,1,0,3,3,687,185.0,0,6,1.0,1,0.0,Basque Fatherland and Freedom (ETA)
8600,0,97,10,410,2240,32.243008,35.456097,1.0,0,0.0,1,0,2,4,1437,97.0,0,5,1.0,1,0.0,Palestinians
74034,0,228,10,57,277,13.586484,44.024105,1.0,0,1.0,1,0,3,4,48,228.0,0,6,0.0,-9,0.0,Houthi extremists (Ansar Allah)
81494,0,147,11,100,530,11.775833,13.0725,1.0,0,0.0,0,1,3,4,48,147.0,0,6,1.0,0,0.0,Boko Haram
11570,0,97,10,410,2235,32.004264,35.276546,1.0,0,0.0,1,0,2,19,2380,97.0,0,8,0.0,0,0.0,Palestinians
23135,0,155,10,410,2219,31.704338,35.194355,1.0,0,0.0,1,0,2,18,2628,97.0,0,8,0.0,1,0.0,Palestinians
17820,0,61,2,148,889,13.558889,-88.43,1.0,0,0.0,1,0,7,2,1298,61.0,0,5,0.0,1,0.0,Farabundo Marti National Liberation Front (FMLN)
79233,0,92,6,122,1658,19.924879,83.143859,3.0,0,0.0,1,0,3,20,6,92.0,0,6,0.0,0,0.0,Maoists
79087,0,173,10,58,1134,17.554939,44.232357,1.0,0,0.0,1,0,3,14,13,153.0,0,6,0.0,1,0.0,Houthi extremists (Ansar Allah)
75127,0,182,11,63,304,2.059819,45.326115,1.0,0,1.0,1,0,3,2,405,182.0,0,6,1.0,-9,0.0,Al-Shabaab
57038,0,45,3,330,2367,7.100893,-73.846207,1.0,0,0.0,1,0,3,21,2237,45.0,0,6,0.0,1,0.0,Revolutionary Armed Forces of Colombia (FARC)
67919,0,228,10,50,241,15.325443,44.211895,1.0,0,0.0,0,0,6,2,1377,228.0,0,5,2.0,0,1.0,Houthi extremists (Ansar Allah)
13671,0,159,3,256,1562,-11.967368,-76.978462,1.0,0,0.0,1,0,3,9,2914,159.0,0,6,1.0,1,0.0,Shining Path (SL)
5271,0,97,10,417,2259,32.434788,34.92157,1.0,0,0.0,1,0,3,14,2608,97.0,0,6,0.0,0,0.0,Palestinians
6230,0,97,10,410,2219,31.704338,35.194355,1.0,0,0.0,1,0,2,3,1587,97.0,0,8,0.0,1,0.0,Palestinians
21259,0,61,2,148,867,13.516667,-88.383333,1.0,0,0.0,1,0,2,4,1246,61.0,0,5,0.0,1,0.0,Farabundo Marti National Liberation Front (FMLN)
4795,0,69,8,126,24,41.918891,8.737554,4.0,0,1.0,1,0,3,1,802,69.0,0,6,0.0,1,0.0,Corsican National Liberation Front (FLNC)
36364,0,45,3,326,2304,7.883605,-76.631923,1.0,1,1.0,1,0,2,19,56,45.0,0,8,0.0,1,0.0,Revolutionary Armed Forces of Colombia (FARC)
43056,0,4,6,457,2598,31.617667,65.675942,4.0,0,0.0,1,1,3,14,3144,999.0,0,6,3.0,0,0.0,Taliban
81622,0,4,6,461,2651,33.662383,69.785643,3.0,0,1.0,1,0,7,3,373,4.0,0,8,0.0,1,0.0,Taliban
23250,0,159,3,442,2432,-14.063467,-75.729381,1.0,0,0.0,1,0,3,4,2889,159.0,0,6,0.0,1,0.0,Shining Path (SL)
51744,0,228,10,49,244,13.887403,45.863647,1.0,0,0.0,1,0,3,14,13,228.0,0,6,2.0,-9,0.0,Al-Qaida in the Arabian Peninsula (AQAP)
58969,0,147,11,100,478,11.167602,13.741359,3.0,0,0.0,0,0,1,2,846,147.0,0,5,5.0,1,0.0,Boko Haram
45667,0,186,6,203,1439,7.733107,81.68882,1.0,0,0.0,1,0,3,15,1790,186.0,0,6,0.0,1,0.0,Liberation Tigers of Tamil Eelam (LTTE)
12207,0,145,2,401,2166,13.1,-85.35,1.0,0,0.0,1,0,2,4,1235,145.0,0,5,0.0,1,0.0,Nicaraguan Democratic Force (FDN)
53620,0,209,10,222,24,38.685904,43.875794,4.0,0,0.0,1,0,7,8,51,209.0,0,8,0.0,1,0.0,Kurdistan Workers' Party (PKK)
9124,0,159,3,256,1562,-11.967368,-76.978462,1.0,0,0.0,1,0,3,21,2476,159.0,0,6,1.0,1,0.0,Shining Path (SL)
70291,0,92,6,119,1608,18.257257,81.298996,1.0,1,0.0,1,0,3,4,2025,92.0,0,6,0.0,0,0.0,Maoists
64482,0,228,10,50,241,15.325443,44.211895,1.0,0,0.0,1,0,3,14,1388,228.0,0,6,24.0,1,0.0,Houthi extremists (Ansar Allah)
66671,0,4,6,454,2572,35.838223,66.234833,1.0,0,0.0,1,0,1,14,3097,4.0,0,5,2.0,0,0.0,Taliban
66009,0,228,10,55,264,13.063399,44.880882,1.0,0,0.0,1,0,1,3,480,228.0,0,5,1.0,0,0.0,Al-Qaida in the Arabian Peninsula (AQAP)
12254,0,183,11,23,145,-27.982989,26.719899,1.0,1,0.0,1,0,3,1,261,183.0,0,6,0.0,1,0.0,African National Congress (South Africa)
63101,0,153,6,389,2764,34.793385,71.503181,2.0,0,0.0,1,0,1,17,3239,153.0,0,5,1.0,1,0.0,Tehrik-i-Taliban Pakistan (TTP)
47517,1,153,6,485,2755,34.396497,72.615832,3.0,0,0.0,1,0,6,2,3230,153.0,0,5,2.0,-9,1.0,Tehrik-i-Taliban Pakistan (TTP)
54131,0,95,10,35,180,35.45211,44.375465,1.0,0,1.0,1,0,2,4,92,95.0,0,5,2.0,0,0.0,Al-Qaida in Iraq
63098,0,6,10,288,1753,34.789675,-0.553424,1.0,0,0.0,1,0,2,4,48,6.0,0,5,2.0,0,0.0,Muslim extremists
69134,0,173,10,172,1118,16.576572,43.093524,1.0,0,0.0,1,0,3,14,1196,173.0,0,6,0.0,-9,0.0,Houthi extremists (Ansar Allah)
16082,0,43,3,250,1550,-33.366238,-70.505302,1.0,0,0.0,1,0,3,14,779,43.0,0,6,0.0,1,0.0,Manuel Rodriguez Patriotic Front (FPMR)
73906,1,147,11,155,1031,7.905794,7.854562,1.0,0,0.0,1,0,6,3,1347,147.0,0,5,1.0,0,1.0,Fulani extremists
37151,0,160,5,13,60,8.304936,125.003254,3.0,0,0.0,1,0,3,19,106,160.0,0,6,1.0,1,0.0,Abu Sayyaf Group (ASG)
54850,0,95,10,30,177,33.303566,44.371773,1.0,0,1.0,1,0,3,2,384,95.0,0,6,8.0,1,0.0,Al-Qaida in Iraq
28329,0,61,2,146,922,13.75,-88.88333,1.0,0,0.0,1,0,2,4,1311,61.0,0,5,1.0,1,0.0,Farabundo Marti National Liberation Front (FMLN)
76117,0,209,10,216,1363,39.018605,40.574546,1.0,1,0.0,1,0,3,4,48,209.0,0,6,1.0,0,0.0,Kurdistan Workers' Party (PKK)
53083,0,4,6,464,2590,32.248981,63.85825,3.0,0,0.0,1,0,2,4,172,4.0,0,5,10.0,1,0.0,Taliban
48342,1,153,6,389,2743,33.68745,71.516037,1.0,1,0.0,1,0,1,14,3218,153.0,0,9,2.0,0,1.0,Tehrik-i-Taliban Pakistan (TTP)
17379,0,159,3,256,1562,-11.967368,-76.978462,1.0,0,1.0,1,0,5,10,1909,159.0,0,5,0.0,1,0.0,Tupac Amaru Revolutionary Movement (MRTA)
27749,0,603,8,178,1177,54.607712,-5.95621,1.0,0,0.0,1,0,3,3,1434,233.0,0,6,0.0,1,0.0,Irish Republican Army (IRA)
15610,0,159,3,256,1562,-11.967368,-76.978462,1.0,0,1.0,1,0,7,1,2859,159.0,0,8,0.0,1,0.0,Shining Path (SL)
21997,0,92,6,316,2494,31.633078,74.878288,1.0,1,0.0,1,0,1,14,3053,92.0,0,5,5.0,0,0.0,Sikh Extremists
71301,0,182,11,78,349,4.684885,46.622807,1.0,0,0.0,0,0,2,4,609,422.0,0,5,0.0,0,0.0,Al-Shabaab
22231,0,159,3,438,2079,-9.120146,-78.194114,1.0,0,0.0,1,0,2,14,2871,159.0,0,5,6.0,1,0.0,Shining Path (SL)
81648,0,95,10,31,204,33.953167,44.921906,1.0,0,0.0,1,1,3,1,1606,95.0,0,6,1.0,-9,0.0,Islamic State of Iraq and the Levant (ISIL)
16122,0,183,11,18,92,-29.965819,30.882976,1.0,0,0.0,1,0,1,22,273,183.0,0,6,1.0,0,0.0,African National Congress (South Africa)
69327,0,209,10,207,1360,37.331478,42.185897,3.0,0,0.0,1,0,3,14,1664,209.0,0,6,1.0,-9,0.0,Kurdistan Workers' Party (PKK)
58900,0,147,11,155,958,7.689167,9.250278,3.0,0,1.0,1,0,2,14,27,147.0,0,5,6.0,1,0.0,Fulani extremists
22369,0,209,10,208,1401,37.577041,43.737373,1.0,1,0.0,1,0,2,4,412,209.0,0,5,0.0,1,0.0,Kurdistan Workers' Party (PKK)
6232,0,83,2,153,904,14.622869,-90.529068,1.0,0,0.0,1,0,2,7,1287,61.0,0,5,0.0,1,0.0,Farabundo Marti National Liberation Front (FMLN)
41270,0,45,3,334,2354,6.099066,-72.247791,1.0,0,0.0,1,0,3,14,2775,45.0,0,6,0.0,1,0.0,Revolutionary Armed Forces of Colombia (FARC)
69452,0,209,10,208,1337,37.570354,44.282055,3.0,0,0.0,0,0,3,20,6,209.0,0,6,0.0,0,0.0,Kurdistan Workers' Party (PKK)
11270,0,145,2,392,2116,13.759041,-86.017217,1.0,0,0.0,1,0,2,4,1241,145.0,0,5,3.0,1,0.0,Nicaraguan Democratic Force (FDN)
44726,0,92,6,117,644,25.069122,84.016578,3.0,0,0.0,1,0,2,14,966,92.0,0,5,6.0,0,0.0,Communist Party of India - Maoist (CPI-Maoist)
43077,0,186,6,203,1518,8.669167,80.326111,2.0,0,0.0,1,0,3,4,1825,186.0,0,6,1.0,1,0.0,Liberation Tigers of Tamil Eelam (LTTE)
73710,0,92,6,119,1674,19.59336,81.663485,2.0,0,1.0,1,0,6,14,416,92.0,0,9,1.0,0,1.0,Maoists
15715,0,222,3,339,1857,7.14266,-71.971627,2.0,0,0.0,1,0,3,4,2239,222.0,0,5,3.0,1,0.0,National Liberation Army of Colombia (ELN)
60931,0,182,11,68,310,3.10111,42.240947,4.0,0,0.0,1,0,1,4,561,182.0,0,5,1.0,0,0.0,Al-Shabaab
21525,0,159,3,256,2823,-12.003379,-76.918423,1.0,0,0.0,1,0,2,3,175,159.0,0,5,0.0,1,0.0,Tupac Amaru Revolutionary Movement (MRTA)
15949,0,45,3,332,1840,7.08582,-70.75779,1.0,0,1.0,1,0,7,21,2203,45.0,0,8,2.0,1,0.0,National Liberation Army of Colombia (ELN)
44300,0,95,10,36,186,31.98958,44.923775,1.0,0,1.0,1,0,7,17,268,95.0,0,5,10.0,1,0.0,Al-Qaida in Iraq
44820,0,92,6,120,645,23.332078,86.365208,3.0,0,0.0,1,0,2,2,967,92.0,0,5,1.0,0,0.0,Communist Party of India - Maoist (CPI-Maoist)
40553,0,92,6,268,1771,34.08374,74.789902,1.0,0,0.0,1,0,1,14,2144,92.0,0,5,1.0,0,0.0,Muslim extremists
46988,0,4,6,472,2629,34.346722,62.197315,1.0,0,0.0,1,0,3,6,3131,4.0,0,6,0.0,0,0.0,Taliban
10486,0,159,3,432,2424,-13.152712,-74.218628,1.0,0,0.0,1,0,1,14,2881,159.0,0,5,1.0,0,0.0,Shining Path (SL)
15795,0,183,11,19,128,-26.250692,28.441941,1.0,0,0.0,1,0,3,3,196,183.0,0,6,0.0,1,0.0,African National Congress (South Africa)
15789,0,159,3,256,1562,-11.967368,-76.978462,1.0,0,1.0,1,0,3,14,3357,159.0,0,6,0.0,1,0.0,Tupac Amaru Revolutionary Movement (MRTA)
59393,0,4,6,298,1776,33.241542,69.82847,3.0,0,0.0,1,0,1,10,2148,38.0,0,5,1.0,1,0.0,Muslim extremists
78805,0,92,6,119,1663,18.813227,81.579399,1.0,1,0.0,1,0,3,3,85,92.0,0,6,0.0,0,0.0,Maoists
8188,0,88,2,150,888,14.060287,-88.695229,1.0,0,0.0,1,0,2,4,1245,88.0,0,5,2.0,1,0.0,Farabundo Marti National Liberation Front (FMLN)
76247,0,160,5,5,23,7.083241,125.600998,1.0,0,0.0,1,0,3,8,900,160.0,0,6,15.0,1,0.0,Islamic State of Iraq and the Levant (ISIL)
62276,0,147,11,100,474,12.394185,13.830873,2.0,1,1.0,1,0,2,14,27,147.0,0,5,2.0,1,0.0,Boko Haram
15384,0,43,3,251,1554,-36.816006,-73.037659,1.0,0,1.0,1,0,3,1,1885,43.0,0,6,0.0,1,0.0,Manuel Rodriguez Patriotic Front (FPMR)
51953,0,153,6,484,2714,34.006004,71.53743,1.0,0,0.0,1,0,3,3,2046,153.0,0,6,0.0,1,0.0,Tehrik-i-Taliban Pakistan (TTP)
64197,0,113,10,274,1736,32.521721,11.916862,1.0,0,0.0,1,0,3,17,2116,113.0,0,6,1.0,-9,0.0,Muslim extremists
28865,0,186,6,203,1458,8.5922,81.196796,3.0,0,0.0,1,0,2,4,412,186.0,0,5,8.0,1,0.0,Liberation Tigers of Tamil Eelam (LTTE)
27834,0,97,10,246,2232,32.322744,34.853921,1.0,0,0.0,0,0,1,14,2548,97.0,0,9,0.0,0,0.0,Palestinians
19974,0,45,3,326,1832,6.242026,-75.564766,1.0,0,0.0,1,0,2,15,2264,45.0,0,5,1.0,1,0.0,National Liberation Army of Colombia (ELN)
62513,0,182,11,61,354,1.704184,44.692946,2.0,0,0.0,1,0,3,4,427,422.0,0,6,2.0,-9,0.0,Al-Shabaab
78211,0,95,10,34,184,36.354145,43.14357,1.0,1,0.0,0,1,3,3,85,95.0,0,6,21.0,0,0.0,Islamic State of Iraq and the Levant (ISIL)
59342,0,92,6,120,1596,22.451393,86.992203,1.0,0,0.0,0,0,2,3,2016,92.0,0,5,0.0,0,0.0,Maoists
81244,0,147,11,100,515,12.202892,14.017341,1.0,0,0.0,1,0,2,4,873,147.0,0,5,4.0,0,0.0,Boko Haram
15007,0,61,2,152,899,13.841389,-89.745556,1.0,0,0.0,1,0,3,14,1281,61.0,0,6,0.0,1,0.0,Farabundo Marti National Liberation Front (FMLN)
10011,0,155,10,410,2239,32.460617,35.301247,1.0,0,0.0,1,0,2,3,2626,97.0,0,8,1.0,1,0.0,Palestinians
30953,0,92,6,316,2532,30.381945,75.546798,1.0,1,0.0,1,0,2,3,3027,92.0,0,5,14.0,0,0.0,Sikh Extremists
10661,0,61,2,143,859,13.703735,-88.804566,1.0,0,0.0,1,0,2,4,1245,61.0,0,5,1.0,1,0.0,Farabundo Marti National Liberation Front (FMLN)
23912,0,43,3,250,1550,-33.366238,-70.505302,1.0,0,0.0,1,0,1,3,1184,43.0,0,5,0.0,0,0.0,Manuel Rodriguez Patriotic Front (FPMR)
35141,0,160,5,7,15,6.929089,122.07885,1.0,0,0.0,1,0,3,15,35,160.0,0,6,1.0,1,0.0,Abu Sayyaf Group (ASG)
27900,0,159,3,436,2423,-14.054639,-73.088412,3.0,0,0.0,1,0,2,2,2879,159.0,0,5,8.0,1,0.0,Shining Path (SL)
32336,0,45,3,330,1834,7.116294,-73.120026,1.0,0,0.0,1,0,3,1,2279,45.0,0,6,0.0,1,0.0,National Liberation Army of Colombia (ELN)
29328,0,45,3,326,24,6.2675,-75.568611,4.0,0,0.0,1,0,2,1,2229,45.0,0,5,3.0,1,0.0,National Liberation Army of Colombia (ELN)
75523,0,173,10,58,1134,17.554939,44.232357,1.0,0,0.0,1,0,3,3,167,173.0,0,6,0.0,-9,0.0,Houthi extremists (Ansar Allah)
29501,0,186,6,203,1451,7.716666,81.700188,3.0,0,0.0,1,0,3,2,1763,186.0,0,6,0.0,1,0.0,Liberation Tigers of Tamil Eelam (LTTE)
38171,0,95,10,34,1393,36.868611,43.784444,2.0,0,1.0,1,0,3,1,1691,95.0,0,6,0.0,1,0.0,Kurdistan Workers' Party (PKK)
18926,0,159,3,431,2817,-10.193333,-76.238889,1.0,0,0.0,1,0,2,4,1326,159.0,0,5,9.0,1,0.0,Tupac Amaru Revolutionary Movement (MRTA)
44569,0,45,3,425,2343,0.53636,-76.5875,3.0,0,0.0,1,0,3,21,2759,45.0,0,6,0.0,-9,0.0,Revolutionary Armed Forces of Colombia (FARC)
20158,0,43,3,253,1556,-29.906897,-71.25103,1.0,0,0.0,1,0,3,14,1895,43.0,0,6,0.0,1,0.0,Manuel Rodriguez Patriotic Front (FPMR)
70882,0,160,5,0,5,6.649966,122.133527,1.0,0,0.0,0,0,3,20,6,160.0,0,6,0.0,0,0.0,Abu Sayyaf Group (ASG)
75060,0,147,11,155,1011,7.644918,9.563258,2.0,0,1.0,1,0,2,14,27,147.0,0,5,4.0,1,0.0,Fulani extremists
74090,1,4,6,300,1782,34.417122,70.449593,1.0,0,0.0,1,0,6,12,2153,422.0,0,5,0.0,0,1.0,Muslim extremists
68022,0,160,5,363,1951,13.832023,122.877813,1.0,0,0.0,0,0,2,4,48,160.0,0,5,1.0,0,0.0,New People's Army (NPA)
31949,0,69,8,126,24,41.918891,8.737554,4.0,0,1.0,1,0,3,2,410,69.0,0,6,0.0,1,0.0,Corsican National Liberation Front (FLNC)
72107,0,92,6,119,1597,18.487408,80.974881,1.0,1,0.0,1,0,3,4,12,92.0,0,6,0.0,0,0.0,Maoists
16466,0,160,5,11,43,14.596051,120.978666,1.0,0,0.0,1,0,1,2,2383,160.0,0,5,3.0,0,0.0,New People's Army (NPA)
49364,0,153,6,484,2714,34.006004,71.53743,1.0,1,0.0,1,1,3,14,3188,153.0,0,6,26.0,0,0.0,Tehrik-i-Taliban Pakistan (TTP)
17523,0,43,3,255,1561,-35.43058,-71.65762,1.0,0,1.0,1,0,3,2,1928,43.0,0,6,0.0,1,0.0,Manuel Rodriguez Patriotic Front (FPMR)
46058,0,92,6,119,589,18.9,81.35,1.0,0,0.0,1,0,7,14,911,92.0,0,8,0.0,1,0.0,Communist Party of India - Maoist (CPI-Maoist)
64614,0,214,9,135,819,48.396416,37.974052,1.0,1,0.0,1,0,2,4,1187,214.0,0,6,0.0,-9,0.0,Donetsk People's Republic
63137,0,214,9,135,786,47.981647,37.762325,1.0,0,0.0,1,0,3,4,1217,214.0,0,6,18.0,1,0.0,Donetsk People's Republic
37385,1,45,3,342,1869,3.429344,-76.516037,1.0,0,0.0,1,0,6,14,2266,45.0,0,5,0.0,0,1.0,National Liberation Army of Colombia (ELN)
80363,0,160,5,353,1932,14.15551,121.566027,3.0,0,0.0,1,0,2,3,85,160.0,0,5,0.0,0,0.0,New People's Army (NPA)
22573,0,159,3,256,1562,-11.967368,-76.978462,1.0,0,1.0,1,0,3,1,702,159.0,0,6,0.0,1,0.0,Tupac Amaru Revolutionary Movement (MRTA)
22009,0,92,6,268,1787,32.726602,74.857026,1.0,0,0.0,1,0,2,8,3007,92.0,0,5,0.0,1,0.0,Sikh Extremists
13655,0,145,2,394,2087,13.41367,-86.398163,1.0,0,0.0,1,0,3,2,2451,145.0,0,5,1.0,1,0.0,Nicaraguan Democratic Force (FDN)
65730,0,214,9,135,810,48.730804,37.574596,1.0,0,1.0,1,0,3,4,373,214.0,0,6,4.0,1,0.0,Donetsk People's Republic
47048,0,185,8,81,383,43.15256,-3.028622,1.0,0,0.0,1,0,7,14,656,185.0,0,8,0.0,1,0.0,Basque Fatherland and Freedom (ETA)
6972,0,185,8,81,24,43.07563,-2.223667,4.0,0,0.0,0,0,3,2,759,185.0,0,6,0.0,1,0.0,Basque Fatherland and Freedom (ETA)
24712,0,43,3,250,1550,-33.366238,-70.505302,1.0,0,0.0,1,0,3,2,1902,43.0,0,6,0.0,1,0.0,Manuel Rodriguez Patriotic Front (FPMR)
19690,0,183,11,19,96,-26.184113,28.033232,1.0,0,0.0,1,0,3,4,198,96.0,0,6,1.0,1,0.0,African National Congress (South Africa)
32351,0,209,10,217,1344,37.922218,40.184376,1.0,0,0.0,1,0,3,2,1659,209.0,0,6,1.0,1,0.0,Kurdistan Workers' Party (PKK)
56161,0,60,10,267,1732,31.126646,33.800865,1.0,1,0.0,1,0,3,3,2112,60.0,0,6,3.0,0,0.0,Muslim extremists
13997,0,159,3,256,1562,-11.967368,-76.978462,1.0,0,0.0,1,0,2,1,242,159.0,0,5,1.0,1,0.0,Tupac Amaru Revolutionary Movement (MRTA)
72263,0,228,10,57,1127,13.168694,43.741907,3.0,0,1.0,1,0,3,14,1388,228.0,0,6,3.0,-9,0.0,Houthi extremists (Ansar Allah)
21520,0,61,2,141,901,13.557072,-88.349433,1.0,0,0.0,1,0,2,4,1241,61.0,0,5,0.0,1,0.0,Farabundo Marti National Liberation Front (FMLN)
32083,0,45,3,323,1853,7.894195,-72.503885,1.0,0,1.0,0,0,3,20,2244,45.0,0,6,0.0,1,0.0,National Liberation Army of Colombia (ELN)
16194,0,145,2,405,2123,12.069311,-84.539748,1.0,0,0.0,1,0,2,14,2485,145.0,0,5,1.0,1,0.0,Nicaraguan Democratic Force (FDN)
70161,0,92,6,125,1634,18.894734,80.193719,1.0,0,0.0,1,0,7,3,410,92.0,0,8,0.0,1,0.0,Maoists
20205,0,92,6,316,2531,31.448943,74.925262,1.0,0,0.0,1,0,1,1,2992,92.0,0,5,1.0,0,0.0,Sikh Extremists
14643,0,61,2,147,860,14.050872,-88.994625,1.0,0,0.0,1,0,2,4,1235,61.0,0,5,5.0,1,0.0,Farabundo Marti National Liberation Front (FMLN)
77394,0,147,11,100,503,10.869205,12.847621,2.0,0,0.0,1,0,2,14,27,147.0,0,6,2.0,1,0.0,Boko Haram
36987,1,45,3,326,1554,6.395033,-75.259437,1.0,0,1.0,1,0,6,2,2193,45.0,0,5,1.0,0,1.0,National Liberation Army of Colombia (ELN)
50074,0,92,6,122,668,18.364195,81.892418,1.0,0,0.0,1,0,7,1,991,92.0,0,8,0.0,1,0.0,Communist Party of India - Maoist (CPI-Maoist)
60238,0,147,11,107,484,11.974328,8.50026,1.0,0,0.0,1,1,3,14,559,147.0,0,6,5.0,-9,0.0,Boko Haram
3026,0,603,8,178,1178,55.011562,-7.312045,1.0,0,0.0,1,0,1,4,1496,216.0,0,5,1.0,0,0.0,Irish Republican Army (IRA)
28595,0,209,10,208,1334,37.253172,43.612234,1.0,0,0.0,1,0,2,4,172,209.0,0,5,11.0,1,0.0,Kurdistan Workers' Party (PKK)
27329,0,61,2,137,24,13.864829,-88.7494,4.0,0,1.0,1,0,3,21,1234,61.0,0,6,0.0,1,0.0,Farabundo Marti National Liberation Front (FMLN)
46569,0,92,6,118,664,24.311127,84.515665,1.0,0,0.0,1,0,3,8,987,92.0,0,6,0.0,1,0.0,Communist Party of India - Maoist (CPI-Maoist)
32288,0,45,3,327,1826,4.667128,-74.106056,1.0,0,0.0,0,0,1,2,2250,45.0,0,6,0.0,1,0.0,National Liberation Army of Colombia (ELN)
12234,0,145,2,406,2151,11.01844,-84.39811,1.0,0,0.0,1,0,2,1,2491,145.0,0,5,16.0,1,0.0,Nicaraguan Democratic Force (FDN)
10969,0,145,2,403,2106,12.19896,-86.7622,1.0,0,0.0,1,0,3,21,2461,145.0,0,6,1.0,1,0.0,Nicaraguan Democratic Force (FDN)
6671,0,97,10,242,2249,30.933888,35.378208,1.0,1,0.0,1,0,2,14,2591,97.0,0,5,0.0,1,0.0,Palestinians
16020,0,145,2,392,2102,13.62679,-85.8254,1.0,0,0.0,1,0,2,2,2458,145.0,0,5,5.0,1,0.0,Nicaraguan Democratic Force (FDN)
13411,0,145,2,393,2150,13.35664,-86.26401,1.0,0,0.0,1,0,2,4,1235,145.0,0,5,7.0,1,0.0,Nicaraguan Democratic Force (FDN)
42242,0,141,6,261,1617,29.483192,81.400457,1.0,0,0.0,1,0,3,14,2036,141.0,0,6,1.0,1,0.0,Maoists
4798,0,69,8,126,24,41.918891,8.737554,4.0,0,1.0,1,0,3,1,802,69.0,0,6,0.0,1,0.0,Corsican National Liberation Front (FLNC)
16530,0,183,11,19,115,-26.252697,27.870275,1.0,0,0.0,1,0,3,2,241,183.0,0,6,0.0,1,0.0,African National Congress (South Africa)
13586,0,43,3,250,1550,-33.366238,-70.505302,1.0,0,0.0,1,0,3,14,1931,43.0,0,6,0.0,1,0.0,Manuel Rodriguez Patriotic Front (FPMR)
33599,0,45,3,326,1841,6.978951,-75.296249,1.0,0,0.0,1,0,3,3,1184,45.0,0,6,12.0,1,0.0,National Liberation Army of Colombia (ELN)
13958,0,145,2,392,2102,13.62679,-85.8254,1.0,0,0.0,1,0,2,4,412,145.0,0,5,1.0,1,0.0,Nicaraguan Democratic Force (FDN)
76991,0,113,10,285,1748,32.867867,13.189067,1.0,0,0.0,0,0,2,2,405,113.0,0,5,0.0,0,0.0,Muslim extremists
10877,0,45,3,331,24,2.535935,-75.52767,4.0,0,0.0,1,0,1,3,636,45.0,0,5,2.0,0,0.0,Revolutionary Armed Forces of Colombia (FARC)
40470,0,92,6,268,24,33.778175,76.576171,4.0,0,0.0,1,0,2,4,2151,92.0,0,5,10.0,0,0.0,Muslim extremists
35415,0,186,6,241,1523,8.404581,81.312434,1.0,0,0.0,1,0,1,4,48,186.0,0,5,2.0,0,0.0,Liberation Tigers of Tamil Eelam (LTTE)
22766,0,43,3,250,1550,-33.366238,-70.505302,1.0,0,0.0,1,0,2,4,1940,43.0,0,5,2.0,1,0.0,Manuel Rodriguez Patriotic Front (FPMR)
1529,0,603,8,178,1177,54.607712,-5.95621,1.0,0,0.0,1,0,1,14,1520,233.0,0,5,1.0,0,0.0,Irish Republican Army (IRA)
54069,0,153,6,484,2718,34.007206,71.983078,1.0,0,0.0,1,0,3,4,3191,153.0,0,6,0.0,-9,0.0,Tehrik-i-Taliban Pakistan (TTP)
68905,0,217,1,295,1765,35.031789,-85.184718,1.0,0,1.0,1,0,2,4,2139,217.0,1,5,0.0,1,0.0,Muslim extremists
67184,0,182,11,63,304,2.059819,45.326115,1.0,0,0.0,1,0,2,2,591,182.0,0,5,1.0,0,0.0,Al-Shabaab
44692,0,95,10,31,220,34.186336,45.126056,3.0,0,0.0,1,0,3,14,401,95.0,0,6,1.0,-9,0.0,Al-Qaida in Iraq
62626,0,214,9,135,785,47.117252,37.572659,1.0,1,0.0,1,0,3,4,0,214.0,0,6,1.0,0,0.0,Donetsk People's Republic
62723,0,214,9,135,786,47.981647,37.762325,1.0,0,0.0,1,0,3,4,1190,214.0,0,6,0.0,1,0.0,Donetsk People's Republic
15500,0,183,11,19,96,-26.184113,28.033232,1.0,0,0.0,1,0,3,14,193,183.0,0,6,0.0,1,0.0,African National Congress (South Africa)
20193,0,92,6,316,2482,31.5325,75.093889,1.0,0,0.0,1,0,1,14,2966,92.0,0,5,3.0,0,0.0,Sikh Extremists
70089,0,160,5,0,66,6.416943,121.9835,2.0,0,0.0,1,0,6,1,123,160.0,0,5,0.0,0,1.0,Abu Sayyaf Group (ASG)
58386,0,147,11,110,1053,9.570959,8.697883,2.0,0,0.0,1,0,2,14,27,147.0,0,5,19.0,1,0.0,Fulani extremists
82008,0,182,11,61,345,2.125396,45.091988,3.0,0,0.0,1,0,3,3,175,182.0,0,6,1.0,1,0.0,Al-Shabaab
29776,0,92,6,125,2519,19.075984,72.877656,1.0,0,0.0,0,0,3,20,1172,92.0,0,6,0.0,1,0.0,Sikh Extremists
22086,0,159,3,256,1562,-11.967368,-76.978462,1.0,0,1.0,1,0,3,21,1286,159.0,0,6,0.0,1,0.0,Shining Path (SL)
42114,0,186,6,203,1472,8.324973,81.30074,1.0,0,0.0,1,0,2,3,1766,186.0,0,5,1.0,0,0.0,Liberation Tigers of Tamil Eelam (LTTE)
14810,0,43,3,251,1554,-36.816006,-73.037659,1.0,0,0.0,1,0,3,2,1946,43.0,0,6,1.0,1,0.0,Manuel Rodriguez Patriotic Front (FPMR)
61097,0,228,10,47,253,15.964205,48.78252,1.0,0,1.0,1,0,2,1,489,228.0,0,8,9.0,1,0.0,Al-Qaida in the Arabian Peninsula (AQAP)
70493,0,95,10,30,177,33.303566,44.371773,1.0,0,0.0,1,0,3,1,361,95.0,0,6,1.0,-9,0.0,Islamic State of Iraq and the Levant (ISIL)
46045,0,186,6,203,1439,7.733107,81.68882,1.0,0,0.0,1,0,2,14,1813,186.0,0,5,1.0,0,0.0,Liberation Tigers of Tamil Eelam (LTTE)
56065,0,45,3,325,2301,2.47611,-78.1169,3.0,0,0.0,1,0,3,3,175,45.0,0,6,0.0,1,0.0,Revolutionary Armed Forces of Colombia (FARC)
34300,0,186,6,74,1475,7.775413,81.606247,1.0,0,0.0,0,0,1,14,1806,186.0,0,5,0.0,0,0.0,Liberation Tigers of Tamil Eelam (LTTE)
14818,0,145,2,405,2141,12.122619,-84.47239,1.0,0,0.0,1,0,7,1,2483,145.0,0,5,18.0,1,0.0,Nicaraguan Democratic Force (FDN)
7068,0,61,2,139,849,13.69288,-89.199161,1.0,0,0.0,1,0,7,2,1271,61.0,0,8,1.0,1,0.0,Farabundo Marti National Liberation Front (FMLN)
51698,0,95,10,31,179,33.74324,44.623825,1.0,0,1.0,1,1,3,3,85,95.0,0,6,3.0,-9,0.0,Al-Qaida in Iraq
74727,0,228,10,47,245,14.54397,49.12458,1.0,0,0.0,0,0,3,2,373,228.0,0,6,0.0,0,0.0,Al-Qaida in the Arabian Peninsula (AQAP)
13911,0,145,2,395,2118,12.10629,-85.36452,1.0,0,0.0,1,0,2,2,2467,145.0,0,5,1.0,1,0.0,Nicaraguan Democratic Force (FDN)
14929,0,603,8,178,1191,54.706718,-7.592867,1.0,0,0.0,1,0,3,3,1457,233.0,0,6,1.0,1,0.0,Irish Republican Army (IRA)
38822,0,92,6,268,1787,32.726602,74.857026,1.0,0,0.0,1,0,3,2,2159,92.0,0,6,0.0,1,0.0,Muslim extremists
47518,0,160,5,0,5,6.645308,122.10184,1.0,0,0.0,0,0,1,2,5,160.0,0,6,0.0,1,0.0,Abu Sayyaf Group (ASG)
27183,0,159,3,256,1562,-11.967368,-76.978462,1.0,0,1.0,1,0,3,1,1518,159.0,0,6,0.0,1,0.0,Tupac Amaru Revolutionary Movement (MRTA)
56611,0,60,10,267,1732,31.126646,33.800865,1.0,0,0.0,1,0,3,1,1102,60.0,0,6,0.0,1,0.0,Muslim extremists
79786,0,4,6,464,2617,31.825871,64.576431,1.0,0,0.0,1,1,3,4,20,4.0,0,6,1.0,-9,0.0,Taliban
74998,1,147,11,155,958,7.691215,9.247731,3.0,0,1.0,1,0,2,14,27,147.0,0,5,59.0,1,-9.0,Fulani extremists
14903,0,45,3,326,1554,6.395033,-75.259437,1.0,0,0.0,1,0,1,14,2189,45.0,0,5,7.0,0,0.0,National Liberation Army of Colombia (ELN)
46867,0,92,6,120,590,22.609739,87.253142,1.0,0,0.0,1,0,7,22,268,92.0,0,11,0.0,1,0.0,Communist Party of India - Maoist (CPI-Maoist)
5114,0,69,8,133,747,42.699997,9.447317,1.0,0,0.0,1,0,3,20,1083,69.0,0,6,0.0,1,0.0,Corsican National Liberation Front (FLNC)
72913,0,160,5,348,1939,9.826864,122.642296,1.0,0,0.0,1,0,2,3,537,160.0,0,5,2.0,0,0.0,New People's Army (NPA)
50364,0,182,11,63,304,2.059819,45.326115,1.0,0,1.0,1,0,2,4,577,182.0,0,5,3.0,-9,0.0,Al-Shabaab
14830,0,183,11,26,130,-23.00124,29.768678,1.0,0,0.0,1,0,3,4,272,183.0,0,6,0.0,1,0.0,African National Congress (South Africa)
27694,0,45,3,338,1864,5.45394,-73.36205,1.0,0,0.0,1,0,1,2,2251,45.0,0,5,1.0,0,0.0,National Liberation Army of Colombia (ELN)
17529,0,209,10,210,1347,37.170607,40.39375,1.0,0,0.0,1,0,7,1,112,209.0,0,5,1.0,1,0.0,Kurdistan Workers' Party (PKK)
81204,0,37,11,109,523,11.046735,14.140454,1.0,0,0.0,1,1,3,14,13,37.0,0,6,5.0,0,0.0,Boko Haram
37491,1,45,3,326,1551,5.615262,-75.624692,1.0,0,0.0,0,0,3,3,2762,45.0,0,6,25.0,1,0.0,Revolutionary Armed Forces of Colombia (FARC)
19143,0,159,3,441,2437,-8.459251,-76.461991,1.0,0,0.0,1,0,2,4,1326,159.0,0,5,0.0,1,0.0,Shining Path (SL)
6592,0,185,8,81,440,43.32422,-1.91447,1.0,0,0.0,1,0,1,1,775,185.0,0,5,1.0,0,0.0,Basque Fatherland and Freedom (ETA)
19330,0,43,3,252,1555,-34.170331,-70.740822,1.0,0,0.0,0,0,3,21,1286,43.0,0,6,0.0,1,0.0,Manuel Rodriguez Patriotic Front (FPMR)
14184,0,43,3,251,1554,-36.816006,-73.037659,1.0,0,0.0,1,0,3,1,1898,217.0,0,6,0.0,1,0.0,Manuel Rodriguez Patriotic Front (FPMR)
38811,0,45,3,324,2287,7.10577,-77.76488,1.0,0,0.0,1,0,1,2,2690,45.0,0,5,1.0,0,0.0,Revolutionary Armed Forces of Colombia (FARC)
54960,0,147,11,102,532,10.897831,11.608189,1.0,0,1.0,1,0,2,3,175,147.0,0,6,1.0,1,0.0,Boko Haram
27179,0,159,3,256,1562,-11.967368,-76.978462,1.0,0,0.0,1,0,3,8,3359,159.0,0,6,0.0,1,0.0,Tupac Amaru Revolutionary Movement (MRTA)
72528,0,160,5,1,22,6.050458,121.012245,1.0,0,0.0,1,0,3,1,78,160.0,0,6,0.0,1,0.0,Abu Sayyaf Group (ASG)
18540,0,69,8,126,753,42.567651,8.757222,1.0,0,0.0,1,0,2,2,1097,69.0,0,8,0.0,1,0.0,Corsican National Liberation Front (FLNC)
74698,0,147,11,104,1052,9.401389,8.316275,2.0,0,0.0,1,0,2,14,27,147.0,0,5,2.0,1,0.0,Fulani extremists
14399,1,145,2,405,2113,11.695904,-84.446147,1.0,0,0.0,1,0,2,2,2465,145.0,0,5,4.0,1,1.0,Nicaraguan Democratic Force (FDN)
35544,0,160,5,7,48,7.751209,123.148704,1.0,0,0.0,1,0,7,8,80,160.0,0,8,1.0,1,0.0,Abu Sayyaf Group (ASG)
80638,0,228,10,57,1132,12.683549,43.458797,3.0,0,0.0,1,0,3,11,1386,126.0,0,6,0.0,0,0.0,Houthi extremists (Ansar Allah)
73263,0,147,11,155,997,7.816253,7.948115,2.0,0,1.0,1,0,2,14,27,147.0,0,5,2.0,1,0.0,Fulani extremists
60922,0,228,10,170,1114,15.176541,44.081017,2.0,0,1.0,1,0,3,14,1371,228.0,0,6,3.0,1,0.0,Houthi extremists (Ansar Allah)
77903,0,95,10,34,184,36.354145,43.14357,1.0,0,1.0,1,0,3,14,1218,95.0,0,6,4.0,-9,0.0,Islamic State of Iraq and the Levant (ISIL)
61730,0,214,9,135,828,48.610906,38.007659,3.0,0,0.0,1,0,3,9,1213,214.0,0,6,0.0,0,0.0,Donetsk People's Republic
51133,0,95,10,30,177,33.303566,44.371773,1.0,0,1.0,1,0,3,14,13,95.0,0,6,2.0,-9,0.0,Al-Qaida in Iraq
73545,0,4,6,456,2574,36.967715,67.056002,1.0,0,1.0,0,0,2,4,172,4.0,0,5,2.0,0,0.0,Taliban
60723,0,182,11,63,304,2.059819,45.326115,1.0,0,0.0,1,0,2,14,562,182.0,0,5,1.0,0,0.0,Al-Shabaab
29719,0,160,5,347,1923,8.822983,125.699921,1.0,0,0.0,1,0,2,4,2385,160.0,0,5,5.0,1,0.0,New People's Army (NPA)
23580,0,45,3,323,24,7.946283,-72.898807,4.0,0,0.0,1,0,3,21,2233,45.0,0,6,0.0,1,0.0,National Liberation Army of Colombia (ELN)
50431,0,92,6,118,586,23.744186,84.504429,3.0,0,0.0,1,0,3,3,940,92.0,0,6,0.0,1,0.0,Communist Party of India - Maoist (CPI-Maoist)
43503,0,45,3,323,2298,8.21121,-73.23843,1.0,0,0.0,1,0,3,3,2708,45.0,0,6,5.0,0,0.0,Revolutionary Armed Forces of Colombia (FARC)
24316,0,185,8,94,433,39.470239,-0.376805,1.0,0,0.0,0,0,1,4,750,185.0,0,6,0.0,0,0.0,Basque Fatherland and Freedom (ETA)
30833,0,45,3,323,1853,7.894195,-72.503885,1.0,0,0.0,1,0,3,6,2228,45.0,0,6,0.0,1,0.0,National Liberation Army of Colombia (ELN)
52097,0,153,6,484,2735,32.41304,70.46611,1.0,0,1.0,1,0,2,3,3210,153.0,0,6,2.0,1,0.0,Tehrik-i-Taliban Pakistan (TTP)
29783,0,603,8,178,1177,54.607712,-5.95621,1.0,0,0.0,1,0,3,2,1501,233.0,0,6,0.0,1,0.0,Irish Republican Army (IRA)
63902,0,214,9,135,789,48.143208,37.753361,1.0,1,0.0,1,0,3,4,1214,214.0,0,6,4.0,-9,0.0,Donetsk People's Republic
26948,0,186,6,203,1448,7.219392,81.849757,1.0,0,0.0,1,0,3,14,1745,186.0,0,6,8.0,1,0.0,Liberation Tigers of Tamil Eelam (LTTE)
19332,0,183,11,19,104,-25.748281,28.212069,1.0,0,0.0,1,0,3,2,243,183.0,0,6,1.0,1,0.0,African National Congress (South Africa)
83022,0,160,5,0,20,6.664973,122.154736,1.0,0,0.0,1,0,3,1,21,160.0,0,6,0.0,-9,0.0,Abu Sayyaf Group (ASG)
33007,0,209,10,207,1348,37.522653,42.452637,1.0,1,0.0,1,0,2,4,412,209.0,0,5,2.0,1,0.0,Kurdistan Workers' Party (PKK)
54698,0,95,10,31,179,33.74324,44.623825,1.0,0,0.0,1,1,3,2,343,95.0,0,6,3.0,1,0.0,Al-Qaida in Iraq
3975,0,185,8,83,382,43.258434,-2.921819,1.0,0,0.0,1,0,3,21,660,185.0,0,6,2.0,1,0.0,Basque Fatherland and Freedom (ETA)
69829,0,228,10,45,236,12.825647,44.846416,1.0,0,0.0,1,0,1,2,518,228.0,0,5,1.0,0,0.0,Al-Qaida in the Arabian Peninsula (AQAP)
9018,0,185,8,96,421,41.400635,2.150913,1.0,0,0.0,1,0,3,1,758,217.0,0,6,1.0,1,0.0,Basque Fatherland and Freedom (ETA)
74546,0,200,10,192,1255,34.896112,35.886553,1.0,0,1.0,1,1,3,19,884,200.0,0,6,18.0,1,0.0,Islamic State of Iraq and the Levant (ISIL)
23290,1,159,3,256,1562,-11.967368,-76.978462,1.0,0,0.0,1,0,6,10,3352,159.0,0,5,1.0,0,1.0,Tupac Amaru Revolutionary Movement (MRTA)
47419,0,95,10,30,177,33.303566,44.371773,1.0,0,1.0,1,1,3,2,355,95.0,0,6,26.0,-9,0.0,Al-Qaida in Iraq
68389,0,104,11,70,313,1.736307,40.056176,3.0,0,0.0,1,0,1,2,564,104.0,0,5,1.0,0,0.0,Al-Shabaab
67825,0,147,11,155,949,7.506095,9.35066,2.0,0,1.0,1,0,2,14,27,147.0,0,5,17.0,1,0.0,Fulani extremists
64177,0,214,9,135,793,48.187149,38.342617,1.0,1,0.0,1,0,2,4,48,214.0,0,6,0.0,-9,0.0,Donetsk People's Republic
55099,0,153,6,486,2785,25.389288,68.357338,1.0,0,0.0,1,0,1,22,3272,153.0,0,5,1.0,0,0.0,Tehrik-i-Taliban Pakistan (TTP)
31870,0,159,3,256,1562,-11.967368,-76.978462,1.0,0,0.0,1,0,3,2,3383,159.0,0,6,0.0,1,0.0,Tupac Amaru Revolutionary Movement (MRTA)
18799,0,69,8,126,744,41.930607,8.742907,1.0,0,1.0,1,0,3,14,1081,69.0,0,6,0.0,1,0.0,Corsican National Liberation Front (FLNC)
5099,0,69,8,131,776,41.387174,9.159269,1.0,0,0.0,1,0,3,20,1150,69.0,0,6,0.0,1,0.0,Corsican National Liberation Front (FLNC)
29114,0,45,3,323,1848,8.607983,-72.908887,1.0,0,0.0,1,0,3,21,2197,45.0,0,6,0.0,1,0.0,National Liberation Army of Colombia (ELN)
17649,0,159,3,256,1562,-11.967368,-76.978462,1.0,0,0.0,1,0,3,14,3397,159.0,0,6,0.0,1,0.0,Tupac Amaru Revolutionary Movement (MRTA)
58294,0,45,3,323,1845,8.533734,-73.456863,1.0,0,0.0,1,0,3,21,2213,45.0,0,6,0.0,1,0.0,National Liberation Army of Colombia (ELN)
12429,0,145,2,391,2161,13.85738,-85.73339,1.0,1,0.0,1,0,2,4,1235,145.0,0,5,3.0,1,0.0,Nicaraguan Democratic Force (FDN)
17734,0,43,3,249,1549,-33.010693,-71.527794,1.0,0,1.0,1,0,3,21,1957,43.0,0,6,0.0,1,0.0,Manuel Rodriguez Patriotic Front (FPMR)
73347,0,182,11,61,302,1.789637,44.529976,1.0,0,0.0,1,0,3,4,48,182.0,0,6,1.0,-9,0.0,Al-Shabaab
55541,0,69,8,17,91,48.883709,2.238342,1.0,0,0.0,1,0,2,4,2142,69.0,1,9,0.0,0,0.0,Muslim extremists
51703,0,95,10,33,187,33.540672,44.251266,1.0,0,1.0,1,0,3,3,85,95.0,0,6,1.0,0,0.0,Al-Qaida in Iraq
12506,0,183,11,19,96,-26.184113,28.033232,1.0,0,0.0,1,0,1,2,218,183.0,0,8,0.0,1,0.0,African National Congress (South Africa)
22135,0,97,10,412,2221,31.771599,35.2034,1.0,0,0.0,1,0,3,14,2536,97.0,0,6,1.0,1,0.0,Palestinians
4811,0,69,8,126,24,41.918891,8.737554,4.0,0,1.0,1,0,3,1,802,69.0,0,6,0.0,1,0.0,Corsican National Liberation Front (FLNC)
53394,0,95,10,30,177,33.303566,44.371773,1.0,0,1.0,1,1,3,3,396,95.0,0,6,2.0,1,0.0,Al-Qaida in Iraq
52117,0,228,10,49,243,13.219398,45.307838,1.0,1,0.0,1,0,2,4,482,228.0,0,5,25.0,1,0.0,Al-Qaida in the Arabian Peninsula (AQAP)
59507,1,228,10,173,1121,15.667495,43.950701,1.0,0,0.0,1,0,4,4,20,228.0,0,6,5.0,1,1.0,Houthi extremists (Ansar Allah)
66955,0,173,10,58,24,18.520277,45.69972,4.0,0,0.0,1,0,3,3,1185,173.0,0,6,3.0,-9,0.0,Houthi extremists (Ansar Allah)
21421,0,61,2,139,849,13.69288,-89.199161,1.0,0,0.0,0,0,3,3,1269,61.0,0,6,0.0,1,0.0,Farabundo Marti National Liberation Front (FMLN)
23750,0,92,6,316,2501,31.326015,75.576183,1.0,0,0.0,1,0,1,22,268,92.0,0,5,2.0,0,0.0,Sikh Extremists
75328,0,228,10,48,284,15.45639,45.324871,1.0,0,1.0,1,0,3,14,603,228.0,0,6,0.0,1,0.0,Houthi extremists (Ansar Allah)
78440,0,95,10,33,202,34.621521,43.668377,1.0,0,0.0,1,0,3,14,13,95.0,0,6,4.0,-9,0.0,Islamic State of Iraq and the Levant (ISIL)
65363,0,147,11,155,1003,7.894399,7.785072,1.0,0,1.0,1,0,2,14,27,147.0,0,5,4.0,0,0.0,Fulani extremists
23634,1,45,3,341,1868,4.17871,-74.42302,1.0,0,0.0,1,0,6,1,2257,130.0,0,5,0.0,0,1.0,National Liberation Army of Colombia (ELN)
47856,0,45,3,340,2340,2.992977,-76.687069,2.0,1,0.0,1,0,2,1,2754,45.0,0,5,8.0,-9,0.0,Revolutionary Armed Forces of Colombia (FARC)
77048,0,182,11,61,302,1.789637,44.529976,1.0,0,0.0,1,0,2,4,427,422.0,0,6,0.0,-9,0.0,Al-Shabaab
55988,0,60,10,267,1732,31.126646,33.800865,1.0,0,0.0,1,0,2,4,2143,60.0,0,9,0.0,0,0.0,Muslim extremists
18322,0,159,3,256,1562,-11.967368,-76.978462,1.0,0,0.0,1,0,3,2,3324,159.0,0,6,0.0,1,0.0,Tupac Amaru Revolutionary Movement (MRTA)
75177,0,182,11,63,304,2.059819,45.326115,1.0,0,0.0,1,0,1,4,589,182.0,0,5,1.0,0,0.0,Al-Shabaab
29475,0,603,8,178,1178,55.011562,-7.312045,1.0,0,0.0,1,0,3,1,1465,233.0,0,6,0.0,1,0.0,Irish Republican Army (IRA)
63917,0,228,10,47,238,15.840556,48.455556,3.0,0,0.0,1,0,3,4,442,228.0,0,6,3.0,1,0.0,Al-Qaida in the Arabian Peninsula (AQAP)
60427,0,113,10,282,1744,32.069286,20.151144,1.0,0,0.0,1,0,1,10,2123,113.0,0,5,1.0,0,0.0,Muslim extremists
76110,0,160,5,0,0,6.448534,121.968092,3.0,0,0.0,1,0,2,4,48,160.0,0,5,1.0,0,0.0,Abu Sayyaf Group (ASG)
64356,0,92,6,123,1576,17.408542,82.715443,1.0,1,0.0,1,0,3,3,2001,92.0,0,6,0.0,0,0.0,Maoists
5655,0,97,10,412,2221,31.771599,35.2034,1.0,0,0.0,1,0,3,14,2553,97.0,0,6,0.0,1,0.0,Palestinians
19951,0,183,11,19,93,-26.31468,27.828306,1.0,0,0.0,0,0,3,2,285,183.0,0,6,0.0,1,0.0,African National Congress (South Africa)
7766,0,185,8,89,404,42.815372,-1.653616,1.0,0,0.0,1,0,3,8,692,185.0,0,6,0.0,1,0.0,Basque Fatherland and Freedom (ETA)
16501,0,185,8,96,421,41.400635,2.150913,1.0,0,0.0,1,0,3,1,738,69.0,0,6,0.0,1,0.0,Basque Fatherland and Freedom (ETA)
15899,0,43,3,250,1550,-33.366238,-70.505302,1.0,0,0.0,1,0,3,3,481,43.0,0,6,0.0,1,0.0,Manuel Rodriguez Patriotic Front (FPMR)
40161,1,160,5,1,24,6.05519,121.001323,4.0,0,0.0,1,0,6,14,28,93.0,0,5,0.0,-9,1.0,Abu Sayyaf Group (ASG)
10946,0,159,3,434,2415,-15.65083,-70.321899,1.0,0,1.0,1,0,1,8,1675,159.0,0,5,1.0,0,0.0,Shining Path (SL)
28763,0,603,8,178,1177,54.607712,-5.95621,1.0,0,0.0,1,0,1,14,1497,233.0,0,6,1.0,0,0.0,Irish Republican Army (IRA)
1479,0,603,8,178,1177,54.607712,-5.95621,1.0,0,0.0,1,0,1,14,1505,233.0,0,5,1.0,0,0.0,Irish Republican Army (IRA)
75386,1,121,5,14,64,5.024206,118.330746,1.0,1,0.0,1,0,6,11,117,93.0,0,6,0.0,0,1.0,Abu Sayyaf Group (ASG)
80955,0,228,10,57,277,13.586484,44.024105,1.0,0,0.0,1,0,3,14,841,228.0,0,6,1.0,-9,0.0,Houthi extremists (Ansar Allah)
27525,0,159,3,256,1562,-11.967368,-76.978462,1.0,0,1.0,1,0,3,1,702,159.0,0,6,0.0,1,0.0,Tupac Amaru Revolutionary Movement (MRTA)
59741,0,147,11,155,996,6.783611,9.069722,1.0,0,0.0,1,0,3,15,839,147.0,0,6,0.0,-9,0.0,Fulani extremists
63543,1,113,10,282,1744,32.069286,20.151144,1.0,0,0.0,1,0,1,12,2126,113.0,0,5,1.0,0,1.0,Muslim extremists
36515,0,45,3,331,24,2.535935,-75.52767,4.0,0,0.0,1,0,2,2,2729,45.0,0,5,0.0,1,0.0,Revolutionary Armed Forces of Colombia (FARC)
32372,0,603,8,46,1183,51.504387,-0.140041,1.0,0,0.0,1,0,7,1,1536,216.0,0,8,0.0,1,0.0,Irish Republican Army (IRA)
33155,0,45,3,326,1832,6.242026,-75.564766,1.0,0,1.0,1,0,3,1,2208,45.0,0,6,0.0,1,0.0,National Liberation Army of Colombia (ELN)
14109,0,43,3,250,1550,-33.366238,-70.505302,1.0,0,1.0,1,0,3,21,1903,43.0,0,6,0.0,1,0.0,Manuel Rodriguez Patriotic Front (FPMR)
8867,0,45,3,330,2286,6.313712,-73.950146,1.0,0,0.0,1,0,1,14,2689,45.0,0,5,3.0,0,0.0,Revolutionary Armed Forces of Colombia (FARC)
65733,0,214,9,135,810,48.730804,37.574596,1.0,0,1.0,1,0,3,14,1196,214.0,0,6,3.0,1,0.0,Donetsk People's Republic
64837,0,147,11,104,970,9.228089,8.460458,2.0,0,0.0,1,0,2,14,27,147.0,0,5,15.0,1,0.0,Fulani extremists
53006,0,95,10,31,179,33.74324,44.623825,1.0,0,0.0,1,0,3,4,12,95.0,0,6,4.0,0,0.0,Al-Qaida in Iraq
58462,0,92,6,119,1631,17.941971,81.103753,1.0,1,0.0,1,0,3,3,12,92.0,0,6,2.0,0,0.0,Maoists
25624,0,209,10,219,1350,40.001744,42.3441,1.0,0,0.0,1,0,2,4,1658,209.0,0,5,4.0,1,0.0,Kurdistan Workers' Party (PKK)
72100,0,95,10,29,193,33.420948,43.295662,1.0,0,0.0,1,0,3,1,391,95.0,0,6,0.0,1,0.0,Islamic State of Iraq and the Levant (ISIL)
15541,0,159,3,432,2400,-12.939782,-74.247478,1.0,0,0.0,1,0,3,14,779,159.0,0,6,0.0,1,0.0,Shining Path (SL)
57849,0,182,11,65,307,-0.357847,42.54665,1.0,0,0.0,1,0,3,4,162,182.0,0,6,1.0,-9,0.0,Al-Shabaab
19768,0,92,6,316,2539,31.958504,75.323245,1.0,0,0.0,1,0,1,14,3037,92.0,0,5,2.0,0,0.0,Sikh Extremists
789,0,603,8,178,1177,54.607712,-5.95621,1.0,0,0.0,1,0,1,4,1431,216.0,0,5,1.0,0,0.0,Irish Republican Army (IRA)
7290,0,603,8,178,1178,55.011562,-7.312045,1.0,0,0.0,1,0,3,14,1460,216.0,0,6,1.0,1,0.0,Irish Republican Army (IRA)
51418,0,92,6,117,695,24.92326,86.220238,1.0,0,1.0,1,0,3,19,1027,92.0,0,6,0.0,1,0.0,Communist Party of India - Maoist (CPI-Maoist)
64188,0,228,10,170,1138,15.266667,43.716667,2.0,0,0.0,1,0,7,14,1394,228.0,0,8,7.0,1,0.0,Houthi extremists (Ansar Allah)
29274,0,155,10,304,1724,31.278791,34.256435,1.0,0,0.0,0,0,1,4,2530,97.0,0,5,0.0,0,0.0,Palestinians
56646,0,160,5,358,1988,6.95,125.05,1.0,0,1.0,1,0,3,1,2364,160.0,0,6,1.0,1,0.0,New People's Army (NPA)
55350,0,182,11,61,329,1.789637,44.529976,1.0,0,0.0,1,0,2,14,587,182.0,0,5,2.0,0,0.0,Al-Shabaab
74484,0,153,6,311,1800,30.200819,66.994354,1.0,0,0.0,1,0,3,3,3160,153.0,0,6,1.0,1,0.0,Tehrik-i-Taliban Pakistan (TTP)
16834,0,159,3,256,1562,-11.967368,-76.978462,1.0,0,0.0,1,0,3,2,2900,159.0,0,6,1.0,1,0.0,Shining Path (SL)
26844,0,61,2,137,876,13.99,-88.758,1.0,0,0.0,1,0,2,21,1253,61.0,0,5,23.0,1,0.0,Farabundo Marti National Liberation Front (FMLN)
43252,0,186,6,240,1438,6.91218,79.882883,1.0,0,0.0,0,0,3,20,1744,186.0,0,6,0.0,0,0.0,Liberation Tigers of Tamil Eelam (LTTE)
49506,1,92,6,118,586,23.744186,84.504429,3.0,1,0.0,1,0,6,14,909,92.0,0,5,2.0,0,1.0,Communist Party of India - Maoist (CPI-Maoist)
79467,0,92,6,118,690,24.075537,85.183586,1.0,0,0.0,1,0,6,14,1023,92.0,0,5,1.0,1,1.0,Communist Party of India - Maoist (CPI-Maoist)
34847,0,186,6,203,1451,7.716667,81.700189,3.0,0,0.0,1,0,2,2,56,186.0,0,5,12.0,1,0.0,Liberation Tigers of Tamil Eelam (LTTE)
19255,0,69,8,128,749,43.296482,5.36978,1.0,0,0.0,1,0,3,1,1102,69.0,0,6,0.0,1,0.0,Corsican National Liberation Front (FLNC)
77040,0,147,11,104,988,10.26622,7.113044,3.0,0,0.0,1,0,2,14,27,147.0,0,5,2.0,1,0.0,Fulani extremists
21251,0,159,3,256,1562,-11.967368,-76.978462,1.0,0,0.0,1,0,3,1,3379,159.0,0,5,0.0,1,0.0,Tupac Amaru Revolutionary Movement (MRTA)
54593,0,153,6,484,2750,33.370038,70.54496,1.0,0,0.0,1,1,3,4,845,153.0,0,6,8.0,1,0.0,Tehrik-i-Taliban Pakistan (TTP)
3707,0,603,8,178,1177,54.607712,-5.95621,1.0,0,1.0,1,0,3,1,1135,216.0,0,6,0.0,1,0.0,Irish Republican Army (IRA)
18211,0,186,6,203,1441,7.301756,81.67473,3.0,0,0.0,1,0,2,19,56,186.0,0,5,20.0,1,0.0,Liberation Tigers of Tamil Eelam (LTTE)
21114,0,160,5,5,24,6.750046,125.35626,4.0,0,0.0,1,0,2,4,2348,160.0,0,5,8.0,1,0.0,New People's Army (NPA)
4845,0,69,8,131,745,41.591369,9.278311,1.0,0,0.0,1,0,3,2,1132,69.0,0,6,0.0,1,0.0,Corsican National Liberation Front (FLNC)
62541,0,228,10,51,269,14.739842,46.517463,3.0,0,1.0,1,1,3,4,20,228.0,0,6,4.0,1,0.0,Al-Qaida in the Arabian Peninsula (AQAP)
82737,0,147,11,103,497,7.561418,6.242905,1.0,0,0.0,1,0,2,3,12,147.0,0,5,3.0,0,0.0,Boko Haram
25566,1,186,6,203,1451,7.730997,81.67473,3.0,0,0.0,1,0,6,14,1749,186.0,0,5,18.0,0,1.0,Liberation Tigers of Tamil Eelam (LTTE)
36510,0,186,6,203,1496,8.941674,80.986695,1.0,1,0.0,1,0,3,11,1798,44.0,0,6,37.0,1,0.0,Liberation Tigers of Tamil Eelam (LTTE)
61057,0,45,3,327,1826,4.667128,-74.106056,1.0,0,1.0,1,0,3,20,6,45.0,0,6,0.0,1,0.0,Revolutionary Armed Forces of Colombia (FARC)
75463,0,160,5,1,4,5.965263,120.983076,1.0,0,0.0,1,0,2,4,4,160.0,0,5,3.0,0,0.0,Abu Sayyaf Group (ASG)
54635,0,95,10,30,177,33.303566,44.371773,1.0,0,1.0,1,0,3,14,13,95.0,0,6,4.0,-9,0.0,Al-Qaida in Iraq
64911,0,228,10,52,261,14.0475,45.381111,3.0,0,0.0,1,0,1,14,474,228.0,0,5,5.0,1,0.0,Al-Qaida in the Arabian Peninsula (AQAP)
39087,0,185,8,81,406,43.280364,-2.171588,1.0,0,0.0,1,0,3,10,697,185.0,0,6,0.0,-9,0.0,Basque Fatherland and Freedom (ETA)
34057,0,75,8,185,1230,52.372068,9.735686,1.0,0,0.0,1,0,7,1,1676,209.0,0,8,0.0,1,0.0,Kurdistan Workers' Party (PKK)
47486,1,92,6,118,673,23.701401,86.586665,1.0,0,1.0,1,0,6,22,998,92.0,0,5,1.0,-9,1.0,Communist Party of India - Maoist (CPI-Maoist)
28706,0,61,2,141,863,13.491242,-88.173134,1.0,0,1.0,1,0,3,21,1304,61.0,0,6,0.0,1,0.0,Farabundo Marti National Liberation Front (FMLN)
32091,0,45,3,323,1853,7.894195,-72.503885,1.0,0,1.0,0,0,3,20,2244,45.0,0,6,0.0,1,0.0,National Liberation Army of Colombia (ELN)
10693,0,145,2,391,2142,13.195382,-86.167644,1.0,0,0.0,1,0,2,4,1235,145.0,0,5,1.0,1,0.0,Nicaraguan Democratic Force (FDN)
14570,0,43,3,252,1555,-34.170331,-70.740822,1.0,0,0.0,1,0,3,4,1951,43.0,0,6,0.0,0,0.0,Manuel Rodriguez Patriotic Front (FPMR)
18854,0,92,6,262,2510,28.095366,74.984953,1.0,0,0.0,1,0,1,14,3000,92.0,0,5,2.0,0,0.0,Sikh Extremists
26209,0,160,5,5,2008,7.083241,125.600998,1.0,0,1.0,1,0,2,19,2380,160.0,0,8,0.0,1,0.0,New People's Army (NPA)
46783,0,209,10,207,1327,37.248935,42.470654,1.0,0,0.0,1,0,3,19,1651,209.0,0,6,4.0,-9,0.0,Kurdistan Workers' Party (PKK)
18337,0,69,8,126,752,42.6042,8.929852,1.0,0,1.0,1,0,3,14,1096,21.0,0,6,0.0,1,0.0,Corsican National Liberation Front (FLNC)
30765,0,159,3,256,1562,-11.967368,-76.978462,1.0,0,0.0,1,0,3,14,2921,159.0,0,6,3.0,1,0.0,Shining Path (SL)
77905,0,95,10,34,184,36.354145,43.14357,1.0,0,1.0,1,0,3,14,1218,95.0,0,6,3.0,-9,0.0,Islamic State of Iraq and the Levant (ISIL)
10878,0,145,2,392,2093,13.746389,-86.709722,1.0,0,0.0,0,0,3,19,2482,145.0,0,6,0.0,0,0.0,Nicaraguan Democratic Force (FDN)
32696,0,155,10,410,2217,32.222271,35.253506,1.0,0,0.0,1,0,8,4,1261,97.0,0,9,1.0,1,0.0,Palestinians
7001,0,61,2,139,849,13.69288,-89.199161,1.0,0,0.0,1,0,3,1,702,61.0,0,6,0.0,1,0.0,Farabundo Marti National Liberation Front (FMLN)
13338,0,159,3,433,2399,-10.680652,-76.259918,1.0,0,0.0,1,0,3,21,2834,159.0,0,6,1.0,1,0.0,Shining Path (SL)
11237,0,183,11,19,96,-26.184113,28.033232,1.0,0,0.0,1,0,3,2,194,183.0,0,6,0.0,1,0.0,African National Congress (South Africa)
32775,0,97,10,410,2246,31.418909,34.352605,1.0,0,0.0,1,0,8,4,2581,97.0,0,9,0.0,1,0.0,Palestinians
19939,0,43,3,249,1551,-33.050125,-71.612251,1.0,0,1.0,1,0,3,21,1900,43.0,0,6,0.0,1,0.0,Manuel Rodriguez Patriotic Front (FPMR)
13725,0,145,2,397,2091,12.538409,-85.573921,3.0,0,0.0,1,0,2,4,2207,145.0,0,5,9.0,1,0.0,Nicaraguan Democratic Force (FDN)
82125,0,104,11,62,324,3.154299,41.015014,2.0,0,0.0,1,0,3,4,409,104.0,0,6,2.0,1,0.0,Al-Shabaab
21167,0,183,11,19,117,-26.189151,28.31707,1.0,0,0.0,1,0,1,2,249,183.0,0,6,0.0,1,0.0,African National Congress (South Africa)
59249,0,92,6,118,1673,24.139169,83.449942,1.0,0,0.0,1,0,2,3,601,92.0,0,5,0.0,0,0.0,Maoists
15883,0,186,6,248,1505,7.264167,80.396944,2.0,0,0.0,1,0,3,9,1812,186.0,0,6,7.0,1,0.0,Liberation Tigers of Tamil Eelam (LTTE)
15768,0,159,3,256,1562,-11.967368,-76.978462,1.0,1,1.0,1,0,3,9,3347,159.0,0,6,0.0,1,0.0,Tupac Amaru Revolutionary Movement (MRTA)
37147,0,160,5,0,16,6.681959,121.985477,1.0,0,0.0,1,0,3,4,17,160.0,0,6,0.0,1,0.0,Abu Sayyaf Group (ASG)
61450,0,95,10,34,1264,36.158558,43.2551,1.0,0,1.0,1,0,3,3,1607,95.0,0,6,0.0,1,0.0,Islamic State of Iraq and the Levant (ISIL)
17130,0,183,11,25,116,-33.951,18.554,1.0,0,0.0,0,0,1,3,196,183.0,0,6,1.0,1,0.0,African National Congress (South Africa)
67704,0,228,10,57,277,13.586484,44.024105,1.0,0,0.0,1,0,3,14,1388,228.0,0,6,5.0,-9,0.0,Houthi extremists (Ansar Allah)
75333,0,228,10,45,276,12.832581,45.027071,3.0,0,0.0,1,1,3,4,427,228.0,0,6,16.0,1,0.0,Al-Qaida in the Arabian Peninsula (AQAP)
54129,0,95,10,31,208,33.848618,44.522125,1.0,0,1.0,1,0,3,15,379,95.0,0,6,2.0,0,0.0,Al-Qaida in Iraq
24354,0,45,3,328,1830,8.308585,-73.613541,1.0,0,0.0,1,0,6,1,2192,45.0,0,5,0.0,0,1.0,National Liberation Army of Colombia (ELN)
70715,0,95,10,29,1276,33.449772,43.29578,1.0,0,0.0,0,0,2,4,1615,95.0,0,5,1.0,0,0.0,Islamic State of Iraq and the Levant (ISIL)
64054,0,4,6,298,2626,33.335258,69.928467,1.0,0,0.0,1,0,3,19,398,4.0,0,6,1.0,1,0.0,Taliban
12572,0,21,8,92,412,51.219062,4.40289,1.0,0,0.0,1,0,3,2,709,21.0,0,6,0.0,1,0.0,Basque Fatherland and Freedom (ETA)
32096,0,45,3,323,1853,7.894195,-72.503885,1.0,0,1.0,0,0,3,20,2244,45.0,0,6,0.0,1,0.0,National Liberation Army of Colombia (ELN)
29566,0,92,6,447,2486,28.585836,77.153336,1.0,0,0.0,1,0,3,19,56,92.0,0,6,1.0,1,0.0,Sikh Extremists
48445,0,45,3,332,1844,6.95894,-71.872647,1.0,1,0.0,0,0,3,4,2210,45.0,0,6,0.0,0,0.0,National Liberation Army of Colombia (ELN)
41948,0,186,6,203,1452,8.5922,81.196796,3.0,0,0.0,1,0,2,4,1751,186.0,0,5,0.0,-9,0.0,Liberation Tigers of Tamil Eelam (LTTE)
57724,0,160,5,348,1928,10.3725,123.123611,1.0,0,0.0,1,0,7,1,2322,160.0,0,8,0.0,1,0.0,New People's Army (NPA)
19842,0,186,6,241,1515,9.247688,80.137276,2.0,0,0.0,1,0,2,4,1211,92.0,0,5,1.0,1,0.0,Liberation Tigers of Tamil Eelam (LTTE)
18659,0,43,3,250,1550,-33.366238,-70.505302,1.0,0,0.0,1,0,3,21,1234,43.0,0,6,0.0,1,0.0,Manuel Rodriguez Patriotic Front (FPMR)
73444,0,228,10,47,24,16.902582,49.36381,4.0,0,0.0,1,0,6,14,13,228.0,0,5,3.0,0,1.0,Al-Qaida in the Arabian Peninsula (AQAP)
40016,0,45,3,326,1866,6.43711,-75.3313,1.0,0,0.0,1,0,2,19,2255,45.0,0,8,0.0,1,0.0,National Liberation Army of Colombia (ELN)
83487,0,95,10,31,1275,33.824244,44.789265,3.0,0,0.0,0,0,3,20,6,95.0,0,6,0.0,0,0.0,Islamic State of Iraq and the Levant (ISIL)
63868,0,60,10,305,1790,30.596492,32.271459,1.0,1,0.0,1,0,2,4,20,60.0,0,5,1.0,0,0.0,Muslim extremists
71816,0,228,10,48,284,15.45639,45.324871,1.0,0,0.0,1,0,3,4,373,228.0,0,6,0.0,0,0.0,Houthi extremists (Ansar Allah)
34731,0,75,8,224,1365,48.139126,11.580186,1.0,0,0.0,1,0,7,1,1667,209.0,0,8,0.0,1,0.0,Kurdistan Workers' Party (PKK)
28313,0,160,5,385,24,16.451727,120.5752,4.0,0,0.0,1,0,2,4,412,160.0,0,5,10.0,1,0.0,New People's Army (NPA)
52122,0,4,6,457,2668,31.461224,66.52239,3.0,0,0.0,1,1,3,3,3158,4.0,0,6,6.0,0,0.0,Taliban
34315,0,186,6,241,1497,8.86656,80.5093,1.0,0,0.0,1,0,1,14,1814,186.0,0,5,5.0,0,0.0,Liberation Tigers of Tamil Eelam (LTTE)
46483,0,4,6,459,2579,32.625149,62.479768,3.0,0,0.0,1,0,2,14,3102,4.0,0,5,3.0,-9,0.0,Taliban
53662,0,95,10,33,192,34.881348,44.62513,1.0,0,0.0,1,0,3,15,348,95.0,0,6,0.0,0,0.0,Al-Qaida in Iraq
8672,0,155,10,410,2239,32.460617,35.301247,1.0,0,0.0,1,0,2,4,2563,97.0,0,8,0.0,1,0.0,Palestinians
17265,0,159,3,256,1562,-11.967368,-76.978462,1.0,0,1.0,1,0,3,19,56,159.0,0,6,0.0,1,0.0,Tupac Amaru Revolutionary Movement (MRTA)
30587,0,92,6,268,1771,34.08374,74.789902,1.0,0,0.0,1,0,2,3,3036,92.0,0,5,3.0,1,0.0,Sikh Extremists
7224,0,185,8,81,388,43.291618,-1.977903,1.0,0,0.0,0,0,1,2,711,185.0,0,8,0.0,0,0.0,Basque Fatherland and Freedom (ETA)
14581,0,145,2,404,2109,12.93808,-86.27218,1.0,0,0.0,1,0,2,4,1245,145.0,0,5,0.0,1,0.0,Nicaraguan Democratic Force (FDN)
14648,0,43,3,250,1550,-33.366238,-70.505302,1.0,0,0.0,1,0,3,19,1913,43.0,0,6,0.0,1,0.0,Manuel Rodriguez Patriotic Front (FPMR)
33604,0,209,10,210,1359,37.312903,40.733951,1.0,0,0.0,1,0,1,8,627,209.0,0,5,4.0,0,0.0,Kurdistan Workers' Party (PKK)
57700,1,92,6,122,1578,18.355422,81.833743,1.0,0,1.0,1,0,6,14,2069,92.0,0,5,1.0,0,1.0,Maoists
38086,0,160,5,1,22,6.050458,121.012245,1.0,0,0.0,1,0,3,14,105,160.0,0,6,4.0,1,0.0,Abu Sayyaf Group (ASG)
9669,0,159,3,436,2423,-14.054639,-73.088412,3.0,0,0.0,1,0,2,3,1780,159.0,0,5,1.0,1,0.0,Shining Path (SL)
65703,0,147,11,155,958,7.689167,9.250278,3.0,0,1.0,1,0,2,14,27,147.0,0,5,1.0,1,0.0,Fulani extremists
36557,0,45,3,325,24,1.637898,-77.745208,4.0,0,0.0,1,0,1,14,2234,45.0,0,5,5.0,0,0.0,National Liberation Army of Colombia (ELN)
81957,0,160,5,368,1961,10.117858,123.224263,1.0,0,0.0,1,0,1,14,2342,160.0,0,5,1.0,0,0.0,New People's Army (NPA)
48835,0,182,11,61,311,2.14383,45.118061,1.0,0,0.0,1,0,2,10,617,182.0,0,5,0.0,-9,0.0,Al-Shabaab
59750,0,228,10,50,241,15.325443,44.211895,1.0,0,0.0,0,0,1,3,494,228.0,0,5,0.0,1,0.0,Al-Qaida in the Arabian Peninsula (AQAP)
42088,0,45,3,425,2349,0.66643,-76.87192,3.0,0,0.0,1,0,3,21,2766,45.0,0,6,0.0,1,0.0,Revolutionary Armed Forces of Colombia (FARC)
13920,0,43,3,251,1553,-36.823788,-72.668472,1.0,0,1.0,1,0,3,21,1254,43.0,0,6,0.0,1,0.0,Manuel Rodriguez Patriotic Front (FPMR)
63040,0,122,6,280,1742,4.175278,73.508889,1.0,0,1.0,1,0,7,2,2122,122.0,0,8,0.0,1,0.0,Muslim extremists
55326,0,182,11,69,328,4.73538,45.2024,1.0,0,0.0,1,0,3,4,48,182.0,0,6,3.0,0,0.0,Al-Shabaab
49519,1,92,6,119,670,18.340368,81.18164,1.0,1,0.0,1,0,2,4,994,92.0,0,5,33.0,-9,1.0,Communist Party of India - Maoist (CPI-Maoist)
31961,0,69,8,126,24,41.918891,8.737554,4.0,0,1.0,1,0,3,2,410,69.0,0,6,0.0,1,0.0,Corsican National Liberation Front (FLNC)
18735,0,92,6,316,2484,32.040763,75.401886,3.0,0,0.0,1,0,1,2,2989,92.0,0,5,2.0,0,0.0,Sikh Extremists
50973,0,92,6,118,1580,23.846121,84.816828,1.0,0,0.0,1,0,3,3,413,92.0,0,6,3.0,1,0.0,Maoists
3709,0,603,8,178,1177,54.607712,-5.95621,1.0,0,1.0,1,0,3,1,1135,216.0,0,6,0.0,1,0.0,Irish Republican Army (IRA)
29529,0,159,3,430,2820,-11.254239,-74.636893,1.0,0,0.0,1,0,2,4,1261,159.0,0,5,7.0,1,0.0,Tupac Amaru Revolutionary Movement (MRTA)
14089,0,61,2,141,851,13.814197,-88.34682,1.0,0,0.0,1,0,2,4,1235,61.0,0,5,4.0,1,0.0,Farabundo Marti National Liberation Front (FMLN)
53214,0,95,10,31,179,33.74324,44.623825,1.0,0,1.0,1,0,3,14,13,95.0,0,6,1.0,0,0.0,Al-Qaida in Iraq
15004,0,183,11,19,115,-26.252697,27.870275,1.0,0,0.0,1,0,3,3,290,183.0,0,6,0.0,1,0.0,African National Congress (South Africa)
36516,0,45,3,341,2300,4.877025,-74.437413,1.0,1,0.0,1,0,3,19,2710,45.0,0,6,3.0,1,0.0,Revolutionary Armed Forces of Colombia (FARC)
28864,0,186,6,241,1489,8.738157,80.477147,3.0,0,0.0,1,0,2,4,1786,186.0,0,5,0.0,1,0.0,Liberation Tigers of Tamil Eelam (LTTE)
9351,0,61,2,144,24,13.864829,-88.7494,4.0,0,0.0,1,0,2,4,1235,61.0,0,5,76.0,1,0.0,Farabundo Marti National Liberation Front (FMLN)
69271,0,228,10,48,24,15.515888,45.449807,4.0,0,0.0,1,0,3,14,1389,228.0,0,6,0.0,-9,0.0,Houthi extremists (Ansar Allah)
19563,0,45,3,332,24,6.547306,-71.002231,4.0,0,0.0,1,0,3,21,2197,45.0,0,6,0.0,1,0.0,National Liberation Army of Colombia (ELN)
24473,0,155,10,304,2227,31.346964,34.30143,1.0,0,0.0,1,0,1,14,2618,155.0,0,5,1.0,0,0.0,Palestinians
22990,0,603,8,178,1202,54.951082,-6.558998,1.0,0,0.0,1,0,1,14,1487,233.0,0,5,1.0,0,0.0,Irish Republican Army (IRA)
73007,0,228,10,55,264,13.063399,44.880882,1.0,0,0.0,1,0,3,2,405,228.0,0,6,0.0,1,0.0,Al-Qaida in the Arabian Peninsula (AQAP)
43471,0,160,5,6,61,6.697343,125.082779,1.0,0,0.0,1,0,3,14,6,160.0,0,6,0.0,-9,0.0,Abu Sayyaf Group (ASG)
40752,0,45,3,325,2325,1.210589,-77.993327,1.0,0,0.0,1,0,3,2,2737,45.0,0,6,0.0,1,0.0,Revolutionary Armed Forces of Colombia (FARC)
45872,0,153,6,389,2736,32.306099,69.579956,1.0,1,0.0,1,0,2,14,1058,153.0,0,5,1.0,-9,0.0,Tehrik-i-Taliban Pakistan (TTP)
46158,0,160,5,360,1945,16.105772,121.746511,1.0,0,0.0,1,0,7,1,2332,160.0,0,8,0.0,1,0.0,New People's Army (NPA)
15006,0,145,2,391,2163,14.152916,-85.07312,2.0,1,0.0,1,0,2,4,1235,145.0,0,5,1.0,1,0.0,Nicaraguan Democratic Force (FDN)
59595,1,214,9,135,825,48.851688,37.613808,1.0,0,1.0,1,0,5,3,1208,214.0,0,5,1.0,1,1.0,Donetsk People's Republic
22893,0,61,2,146,872,13.733333,-88.883333,1.0,0,1.0,1,0,3,21,1234,61.0,0,6,0.0,1,0.0,Farabundo Marti National Liberation Front (FMLN)
78021,0,104,11,62,303,2.6515,40.887844,1.0,1,1.0,1,0,3,3,85,104.0,0,6,0.0,1,0.0,Al-Shabaab
28456,0,159,3,432,2397,-13.152712,-74.218628,1.0,0,1.0,1,0,3,21,1286,159.0,0,6,0.0,1,0.0,Shining Path (SL)
55339,0,153,6,486,2717,24.891115,67.143311,1.0,0,1.0,1,0,3,22,410,153.0,0,6,3.0,1,0.0,Tehrik-i-Taliban Pakistan (TTP)
28348,0,186,6,241,1522,8.980118,79.912462,3.0,0,0.0,1,0,3,4,1769,186.0,0,6,4.0,1,0.0,Liberation Tigers of Tamil Eelam (LTTE)
21797,0,159,3,438,2453,-10.140493,-77.44333,1.0,0,0.0,1,0,2,3,1570,159.0,0,5,5.0,1,0.0,Shining Path (SL)
34741,0,43,3,250,1550,-33.366238,-70.505302,1.0,0,0.0,1,0,3,2,1896,43.0,0,6,0.0,1,0.0,Manuel Rodriguez Patriotic Front (FPMR)
62403,0,228,10,54,1140,16.032999,44.766691,1.0,0,0.0,1,0,3,4,48,228.0,0,6,2.0,-9,0.0,Houthi extremists (Ansar Allah)
62486,0,110,10,194,1271,34.184605,36.424011,1.0,0,0.0,1,0,2,4,172,110.0,0,5,1.0,1,0.0,Islamic State of Iraq and the Levant (ISIL)
47666,0,92,6,124,642,18.286666,82.586806,1.0,0,0.0,1,0,7,16,964,92.0,0,8,0.0,1,0.0,Communist Party of India - Maoist (CPI-Maoist)
36893,0,185,8,81,385,42.84964,-2.692359,1.0,0,0.0,1,0,2,4,742,185.0,0,5,1.0,-9,0.0,Basque Fatherland and Freedom (ETA)
12788,0,145,2,392,2102,13.62679,-85.8254,1.0,0,0.0,1,0,2,4,1235,145.0,0,5,93.0,1,0.0,Nicaraguan Democratic Force (FDN)
74339,0,75,8,224,1766,48.047381,11.963047,1.0,0,0.0,1,0,2,14,13,75.0,1,9,1.0,0,0.0,Muslim extremists
49598,0,45,3,331,2291,2.650027,-75.649575,1.0,1,0.0,0,0,3,14,2697,45.0,0,6,0.0,0,0.0,Revolutionary Armed Forces of Colombia (FARC)
62206,0,95,10,31,1249,34.271034,45.163567,1.0,0,1.0,1,0,3,14,603,95.0,0,6,0.0,1,0.0,Islamic State of Iraq and the Levant (ISIL)
5222,0,69,8,127,91,48.856644,2.34233,1.0,0,0.0,1,0,3,14,1093,69.0,0,6,0.0,1,0.0,Corsican National Liberation Front (FLNC)
25862,0,159,3,256,1562,-11.967368,-76.978462,1.0,0,0.0,1,0,6,2,3346,159.0,0,5,1.0,0,1.0,Tupac Amaru Revolutionary Movement (MRTA)
62041,0,45,3,425,2347,0.435951,-75.52767,4.0,0,0.0,1,0,7,1,2763,45.0,0,8,0.0,1,0.0,Revolutionary Armed Forces of Colombia (FARC)
18736,0,92,6,316,2504,31.633979,74.872264,3.0,0,0.0,1,0,1,1,2992,92.0,0,5,1.0,0,0.0,Sikh Extremists
67178,0,147,11,155,1033,7.267985,9.298841,1.0,0,1.0,1,0,2,14,27,147.0,0,5,4.0,0,0.0,Fulani extremists
41949,0,141,6,246,1629,26.760601,85.926979,1.0,0,0.0,1,0,3,3,2045,141.0,0,6,4.0,1,0.0,Maoists
17940,0,43,3,250,1550,-33.366238,-70.505302,1.0,0,0.0,1,0,2,3,1876,43.0,0,5,0.0,1,0.0,Manuel Rodriguez Patriotic Front (FPMR)
12639,0,159,3,438,2414,-8.872222,-77.893611,1.0,0,0.0,1,0,2,4,1245,159.0,0,5,25.0,1,0.0,Shining Path (SL)
11130,0,45,3,326,2294,6.828333,-75.513056,2.0,0,0.0,0,0,1,1,2700,45.0,0,5,0.0,0,0.0,Revolutionary Armed Forces of Colombia (FARC)
40015,0,45,3,324,2350,6.521111,-76.972222,1.0,0,0.0,1,0,3,15,2768,45.0,0,6,119.0,1,0.0,Revolutionary Armed Forces of Colombia (FARC)
22000,0,155,10,410,2217,32.222271,35.253506,1.0,0,0.0,1,0,1,14,2565,97.0,0,9,1.0,0,0.0,Palestinians
6431,0,97,10,241,2238,32.788284,35.521675,1.0,0,0.0,1,0,3,14,735,97.0,0,6,0.0,1,0.0,Palestinians
74301,0,147,11,158,1036,8.586602,10.36172,2.0,0,1.0,1,0,2,14,27,147.0,0,5,2.0,1,0.0,Fulani extremists
25479,0,43,3,250,1550,-33.366238,-70.505302,1.0,0,0.0,1,0,2,1,1912,43.0,0,5,0.0,1,0.0,Manuel Rodriguez Patriotic Front (FPMR)
28477,0,159,3,256,1562,-11.967368,-76.978462,1.0,0,0.0,1,0,3,1,1106,159.0,0,6,0.0,1,0.0,Shining Path (SL)
28838,0,45,3,326,2297,7.198606,-75.341218,4.0,1,0.0,1,0,2,4,2707,45.0,0,5,3.0,1,0.0,Revolutionary Armed Forces of Colombia (FARC)
12311,0,145,2,403,2115,12.509204,-86.661108,4.0,0,0.0,1,0,2,14,2466,145.0,0,5,0.0,1,0.0,Nicaraguan Democratic Force (FDN)
44844,0,186,6,241,1469,8.757816,80.487907,1.0,0,0.0,1,0,2,14,1762,186.0,0,5,1.0,0,0.0,Liberation Tigers of Tamil Eelam (LTTE)
61663,0,147,11,104,1005,9.688993,8.165353,2.0,0,0.0,1,0,2,14,27,147.0,0,5,5.0,0,0.0,Fulani extremists
24591,0,159,3,256,1562,-11.967368,-76.978462,1.0,0,1.0,1,0,3,1,1106,159.0,0,6,0.0,1,0.0,Shining Path (SL)
81700,0,228,10,49,260,13.519865,46.711736,1.0,0,0.0,1,0,2,4,20,228.0,0,6,3.0,0,0.0,Al-Qaida in the Arabian Peninsula (AQAP)
81616,0,209,10,217,1344,37.922218,40.184376,1.0,0,0.0,1,0,2,3,1654,209.0,0,6,0.0,0,0.0,Kurdistan Workers' Party (PKK)
80241,0,92,6,118,630,22.572048,85.460775,2.0,0,0.0,1,0,2,14,953,92.0,0,5,0.0,0,0.0,Communist Party of India - Maoist (CPI-Maoist)
39008,0,185,8,81,391,43.136978,-2.073914,1.0,0,0.0,1,0,3,2,767,185.0,0,6,0.0,1,0.0,Basque Fatherland and Freedom (ETA)
22873,0,155,10,304,1724,31.278791,34.256435,1.0,0,0.0,1,0,1,14,2590,155.0,0,5,1.0,0,0.0,Palestinians
64022,0,95,10,33,1257,33.994591,44.357273,1.0,0,1.0,1,0,3,14,603,95.0,0,6,0.0,1,0.0,Islamic State of Iraq and the Levant (ISIL)
27541,0,159,3,256,1562,-11.967368,-76.978462,1.0,0,1.0,1,0,3,1,702,159.0,0,6,0.0,1,0.0,Tupac Amaru Revolutionary Movement (MRTA)
8472,0,45,3,326,1918,6.17346,-75.59278,1.0,0,0.0,1,0,2,3,2765,45.0,0,5,1.0,1,0.0,Revolutionary Armed Forces of Colombia (FARC)
65922,0,228,10,45,236,12.825647,44.846416,1.0,0,0.0,1,0,1,4,509,228.0,0,5,1.0,-9,0.0,Al-Qaida in the Arabian Peninsula (AQAP)
19545,0,43,3,250,1550,-33.366238,-70.505302,1.0,0,0.0,1,0,3,21,1879,43.0,0,6,0.0,1,0.0,Manuel Rodriguez Patriotic Front (FPMR)
46305,0,92,6,118,613,23.893139,85.894669,1.0,0,0.0,1,0,3,14,933,92.0,0,6,0.0,1,0.0,Communist Party of India - Maoist (CPI-Maoist)
61283,0,147,11,158,1047,7.852721,10.962974,3.0,0,1.0,1,0,2,14,27,147.0,0,5,7.0,1,0.0,Fulani extremists
56894,1,153,6,389,2748,34.345856,71.370506,1.0,0,1.0,1,0,6,1,3226,153.0,0,5,1.0,1,1.0,Tehrik-i-Taliban Pakistan (TTP)
14243,0,183,11,18,97,-29.861824,31.008293,1.0,0,0.0,1,0,3,21,187,183.0,0,6,0.0,1,0.0,African National Congress (South Africa)
58259,0,160,5,4,10,6.893792,122.167579,1.0,0,1.0,0,0,1,2,91,160.0,0,6,0.0,1,0.0,Abu Sayyaf Group (ASG)
5206,0,69,8,127,91,48.856644,2.34233,1.0,0,0.0,1,0,3,1,702,69.0,0,6,0.0,1,0.0,Corsican National Liberation Front (FLNC)
43303,0,186,6,203,1442,8.577826,81.218719,1.0,0,0.0,1,0,3,3,1740,186.0,0,6,0.0,1,0.0,Liberation Tigers of Tamil Eelam (LTTE)
30285,0,603,8,46,1215,54.959373,-1.601825,1.0,0,0.0,0,0,7,1,1521,216.0,0,8,0.0,1,0.0,Irish Republican Army (IRA)
65785,0,147,11,100,509,11.930234,13.242173,3.0,0,1.0,1,0,3,14,27,147.0,0,6,11.0,1,0.0,Boko Haram
6392,0,97,10,412,2221,31.771599,35.2034,1.0,0,0.0,0,0,3,14,2560,97.0,0,6,0.0,0,0.0,Palestinians
22719,0,209,10,207,1328,37.527015,43.008353,1.0,0,0.0,1,0,2,14,1646,209.0,0,5,6.0,1,0.0,Kurdistan Workers' Party (PKK)
47427,0,92,6,120,603,22.404193,87.379866,3.0,0,0.0,1,0,2,14,923,92.0,0,5,3.0,0,0.0,Communist Party of India - Maoist (CPI-Maoist)
14930,0,183,11,26,146,-22.191692,29.500886,1.0,1,0.0,1,0,3,4,212,183.0,0,6,0.0,1,0.0,African National Congress (South Africa)
61791,0,95,10,31,1249,34.271034,45.163567,1.0,0,1.0,1,0,6,4,345,95.0,0,6,1.0,1,1.0,Islamic State of Iraq and the Levant (ISIL)
59905,0,160,5,349,1925,16.990875,120.73286,3.0,0,0.0,1,0,2,4,2321,160.0,0,5,3.0,0,0.0,New People's Army (NPA)
51487,0,147,11,102,463,11.704399,11.088539,1.0,1,1.0,1,0,3,3,93,147.0,0,6,0.0,1,0.0,Boko Haram
53603,0,228,10,55,264,13.148959,44.85055,2.0,0,0.0,1,0,2,17,500,228.0,0,5,0.0,0,0.0,Al-Qaida in the Arabian Peninsula (AQAP)
43035,0,4,6,464,24,32.603077,64.890852,4.0,0,0.0,1,0,2,3,3115,4.0,0,5,3.0,1,0.0,Taliban
79973,0,92,6,122,1664,18.839444,83.232778,1.0,0,0.0,1,0,6,14,2063,92.0,0,9,1.0,0,1.0,Maoists
68059,0,228,10,48,284,15.45639,45.324871,1.0,0,0.0,1,0,3,14,1388,228.0,0,6,1.0,-9,0.0,Houthi extremists (Ansar Allah)
70584,0,214,9,135,786,47.981647,37.762325,1.0,1,0.0,1,0,2,4,48,214.0,0,6,1.0,0,0.0,Donetsk People's Republic
53607,1,92,6,122,667,18.363526,81.895253,2.0,0,0.0,1,0,6,14,990,92.0,0,5,1.0,0,1.0,Communist Party of India - Maoist (CPI-Maoist)
69150,0,228,10,53,24,14.802222,42.951111,4.0,0,0.0,1,0,2,14,13,228.0,0,5,2.0,0,0.0,Houthi extremists (Ansar Allah)
8483,0,61,2,139,849,13.69288,-89.199161,1.0,0,0.0,1,0,3,4,1294,61.0,0,5,1.0,1,0.0,Farabundo Marti National Liberation Front (FMLN)
66159,0,160,5,1,56,6.052565,121.146487,1.0,1,0.0,1,0,3,4,96,160.0,0,6,3.0,1,0.0,Abu Sayyaf Group (ASG)
77565,1,147,11,114,971,8.658925,7.259186,2.0,0,0.0,1,0,6,14,13,147.0,0,5,1.0,1,1.0,Fulani extremists
54762,0,160,5,357,1990,8.941944,126.187778,1.0,0,0.0,1,0,7,1,2366,160.0,0,5,0.0,1,0.0,New People's Army (NPA)
48109,0,92,6,119,635,20.271944,81.493056,3.0,0,0.0,1,0,7,1,958,92.0,0,8,0.0,1,0.0,Communist Party of India - Maoist (CPI-Maoist)
63833,0,45,3,325,24,1.637898,-77.745208,4.0,0,0.0,1,0,3,21,2772,45.0,0,6,0.0,1,0.0,Revolutionary Armed Forces of Colombia (FARC)
11294,0,145,2,392,2181,13.631126,-86.528927,3.0,0,0.0,1,0,2,19,2508,145.0,0,5,1.0,1,0.0,Nicaraguan Democratic Force (FDN)
41478,0,141,6,246,1610,27.708754,85.329498,1.0,0,0.0,0,0,2,3,2029,141.0,0,5,0.0,0,0.0,Maoists
76274,0,153,6,389,2744,34.552243,71.257927,2.0,0,1.0,1,0,3,3,2094,153.0,0,6,1.0,0,0.0,Tehrik-i-Taliban Pakistan (TTP)
19833,0,92,6,316,2481,30.898024,75.860077,1.0,0,0.0,1,0,1,3,1184,92.0,0,5,2.0,0,0.0,Sikh Extremists
20060,0,183,11,19,126,-25.748281,28.212069,1.0,0,0.0,1,0,3,1,286,183.0,0,6,0.0,1,0.0,African National Congress (South Africa)
35575,0,69,8,126,744,41.930607,8.742907,1.0,0,0.0,1,0,3,2,1143,69.0,0,6,0.0,1,0.0,Corsican National Liberation Front (FLNC)
15393,0,43,3,249,1551,-33.050125,-71.612251,1.0,0,1.0,1,0,3,1,1890,43.0,0,6,0.0,1,0.0,Manuel Rodriguez Patriotic Front (FPMR)
64838,0,147,11,110,1017,9.410207,9.21093,2.0,0,0.0,1,0,2,14,27,147.0,0,5,10.0,1,0.0,Fulani extremists
82831,1,160,5,0,24,6.570558,122.029527,4.0,0,0.0,1,0,1,2,26,160.0,0,9,1.0,0,1.0,Abu Sayyaf Group (ASG)
22339,0,155,10,304,24,31.356553,34.326901,4.0,0,0.0,1,0,2,4,2579,97.0,0,5,0.0,1,0.0,Palestinians
10731,0,145,2,392,2143,13.564854,-86.028297,3.0,1,0.0,1,0,2,4,2484,145.0,0,5,1.0,1,0.0,Nicaraguan Democratic Force (FDN)
2327,0,185,8,90,408,43.189944,-2.052454,1.0,0,0.0,1,0,3,19,700,185.0,0,6,0.0,1,0.0,Basque Fatherland and Freedom (ETA)
77922,0,200,10,188,1726,36.201721,37.14352,1.0,0,1.0,1,0,3,4,2129,167.0,0,6,2.0,1,0.0,Muslim extremists
23788,0,61,2,139,849,13.716943,-89.229126,1.0,0,0.0,1,0,2,4,412,61.0,0,5,0.0,1,0.0,Farabundo Marti National Liberation Front (FMLN)
61367,0,228,10,173,1121,15.661751,43.947233,1.0,0,0.0,1,0,3,8,1395,228.0,0,6,0.0,1,0.0,Houthi extremists (Ansar Allah)
12082,0,145,2,391,2097,13.367126,-85.672322,1.0,0,0.0,1,0,2,4,1235,145.0,0,5,1.0,1,0.0,Nicaraguan Democratic Force (FDN)
25332,0,209,10,207,1335,37.330592,42.187274,1.0,0,0.0,1,0,2,3,409,209.0,0,5,1.0,1,0.0,Kurdistan Workers' Party (PKK)
20148,0,186,6,241,1469,8.757816,80.487907,1.0,0,0.0,1,0,3,19,1808,186.0,0,6,0.0,1,0.0,Liberation Tigers of Tamil Eelam (LTTE)
20460,0,45,3,329,1828,4.809979,-75.849038,1.0,0,0.0,1,0,2,4,1235,45.0,0,5,9.0,1,0.0,National Liberation Army of Colombia (ELN)
63023,0,147,11,100,534,10.50095,12.356178,1.0,0,1.0,1,0,2,14,27,147.0,0,5,6.0,1,0.0,Boko Haram
54142,0,182,11,65,307,-0.357847,42.54665,1.0,0,0.0,1,0,2,17,615,182.0,0,6,1.0,-9,0.0,Al-Shabaab
73749,0,92,6,118,587,24.19173,86.299815,3.0,0,0.0,1,0,3,3,85,92.0,0,6,0.0,0,0.0,Communist Party of India - Maoist (CPI-Maoist)
20805,0,43,3,251,1560,-37.092019,-73.154582,1.0,0,0.0,1,0,3,21,1906,43.0,0,6,0.0,1,0.0,Manuel Rodriguez Patriotic Front (FPMR)
41624,0,141,6,246,1610,27.708754,85.329498,1.0,0,0.0,1,0,3,1,2047,141.0,0,6,0.0,1,0.0,Maoists
23982,0,43,3,250,1550,-33.366238,-70.505302,1.0,0,0.0,1,0,3,15,1949,43.0,0,6,0.0,1,0.0,Manuel Rodriguez Patriotic Front (FPMR)
25469,0,43,3,250,1550,-33.366238,-70.505302,1.0,0,0.0,1,0,3,15,1932,217.0,0,6,0.0,1,0.0,Manuel Rodriguez Patriotic Front (FPMR)
20108,0,362,8,181,1203,51.213924,6.780691,1.0,0,0.0,1,0,3,4,1488,216.0,0,6,0.0,1,0.0,Irish Republican Army (IRA)
21436,0,159,3,432,2397,-13.163874,-74.223564,2.0,1,1.0,1,0,3,21,1286,159.0,0,6,0.0,1,0.0,Shining Path (SL)
79391,0,92,6,117,669,24.79082,85.006213,2.0,1,0.0,1,0,2,17,993,92.0,0,5,1.0,0,0.0,Communist Party of India - Maoist (CPI-Maoist)
49427,0,92,6,117,607,26.652335,85.272304,1.0,0,0.0,1,0,7,16,926,92.0,0,8,0.0,1,0.0,Communist Party of India - Maoist (CPI-Maoist)
53401,0,95,10,34,203,35.99353,43.21973,1.0,0,1.0,1,0,2,2,371,95.0,0,5,0.0,1,0.0,Al-Qaida in Iraq
70650,0,123,11,275,1738,20.129129,-4.338905,2.0,0,1.0,1,0,7,7,2021,422.0,0,8,0.0,1,0.0,Muslim extremists
55211,0,92,6,118,585,23.395833,84.238515,1.0,0,0.0,1,0,3,14,907,92.0,0,6,0.0,1,0.0,Communist Party of India - Maoist (CPI-Maoist)
43288,0,186,6,203,1439,7.733107,81.68882,1.0,0,0.0,1,0,3,1,6,186.0,0,6,2.0,1,0.0,Liberation Tigers of Tamil Eelam (LTTE)
9676,0,159,3,435,2404,-13.952269,-71.653815,1.0,0,0.0,1,0,1,14,2842,159.0,0,5,2.0,0,0.0,Shining Path (SL)
59958,1,4,6,467,2589,35.61831,64.249564,3.0,0,0.0,1,0,1,2,3107,4.0,0,5,1.0,0,1.0,Taliban
64362,0,228,10,50,241,15.325443,44.211895,1.0,0,0.0,1,0,2,14,1399,228.0,0,5,3.0,-9,0.0,Houthi extremists (Ansar Allah)
15140,0,603,8,178,1179,54.296399,-7.871465,1.0,0,0.0,1,0,3,4,1436,233.0,0,6,1.0,1,0.0,Irish Republican Army (IRA)
17259,0,159,3,435,2430,-14.200556,-71.436667,1.0,0,0.0,1,0,1,14,2689,159.0,0,5,4.0,0,0.0,Shining Path (SL)
79669,0,147,11,100,469,11.922882,13.281358,2.0,0,1.0,1,1,3,14,838,147.0,0,6,1.0,1,0.0,Boko Haram
48253,0,45,3,326,2311,6.964565,-75.417688,1.0,0,0.0,1,0,7,1,2719,45.0,0,8,0.0,1,0.0,Revolutionary Armed Forces of Colombia (FARC)
30876,0,155,10,304,2222,31.502407,34.459743,1.0,0,0.0,1,0,3,4,2433,97.0,0,6,0.0,1,0.0,Palestinians
64142,0,182,11,69,352,3.628179,45.651852,1.0,0,1.0,1,0,7,14,27,182.0,0,8,0.0,1,0.0,Al-Shabaab
65970,0,45,3,323,1859,8.40255,-73.20768,1.0,1,0.0,1,0,2,4,12,45.0,0,6,6.0,0,0.0,National Liberation Army of Colombia (ELN)
77378,0,92,6,119,1581,18.391134,81.659273,3.0,0,0.0,1,0,2,14,2004,92.0,0,5,1.0,0,0.0,Maoists
19333,0,183,11,19,126,-25.748281,28.212069,1.0,0,0.0,0,0,3,1,252,183.0,0,6,1.0,1,0.0,African National Congress (South Africa)
61070,0,228,10,47,253,15.964205,48.78252,1.0,0,1.0,1,1,3,4,501,228.0,0,6,3.0,1,0.0,Al-Qaida in the Arabian Peninsula (AQAP)
67177,0,147,11,155,1050,6.898706,9.497113,1.0,0,1.0,1,0,2,14,27,147.0,0,5,4.0,0,0.0,Fulani extremists
29516,0,603,8,178,1178,55.011562,-7.312045,1.0,0,1.0,1,0,3,1,802,233.0,0,6,0.0,1,0.0,Irish Republican Army (IRA)
42967,0,186,6,240,1438,6.941837,79.861687,1.0,0,0.0,1,1,3,4,1796,186.0,0,6,11.0,0,0.0,Liberation Tigers of Tamil Eelam (LTTE)
12819,0,145,2,393,2110,13.360614,-86.398154,1.0,0,0.0,1,0,2,4,1235,145.0,0,5,0.0,1,0.0,Nicaraguan Democratic Force (FDN)
51310,0,153,6,389,2791,33.640689,70.775759,1.0,0,0.0,1,0,2,4,162,153.0,0,5,1.0,-9,0.0,Tehrik-i-Taliban Pakistan (TTP)
68974,0,160,5,372,2007,12.872289,124.009018,1.0,0,1.0,0,0,2,4,48,160.0,0,5,0.0,0,0.0,New People's Army (NPA)
42496,0,102,10,40,196,31.950001,35.933331,1.0,0,1.0,1,1,3,1,386,102.0,0,6,21.0,1,0.0,Al-Qaida in Iraq
49024,0,92,6,120,647,23.788266,87.265564,1.0,0,0.0,1,0,1,2,969,92.0,0,5,1.0,-9,0.0,Communist Party of India - Maoist (CPI-Maoist)
25097,0,61,2,143,861,13.64121,-88.785423,1.0,0,1.0,1,0,3,21,1303,61.0,0,6,0.0,1,0.0,Farabundo Marti National Liberation Front (FMLN)
46671,0,92,6,121,675,21.38345,84.264752,1.0,0,0.0,1,0,2,3,1002,92.0,0,5,1.0,0,0.0,Communist Party of India - Maoist (CPI-Maoist)
29199,0,97,10,410,2231,32.410221,35.281722,1.0,0,0.0,1,0,3,4,427,97.0,0,6,0.0,1,0.0,Palestinians
22675,0,92,6,316,2520,31.560363,75.028988,3.0,0,0.0,1,0,2,3,412,92.0,0,5,1.0,1,0.0,Sikh Extremists
16378,0,145,2,397,24,12.492724,-85.520024,4.0,0,0.0,1,0,2,4,1235,145.0,0,5,22.0,1,0.0,Nicaraguan Democratic Force (FDN)
60318,0,147,11,100,538,10.849199,12.215991,2.0,0,1.0,1,0,2,14,27,147.0,0,5,19.0,1,0.0,Boko Haram
16849,0,159,3,256,1562,-11.967368,-76.978462,1.0,0,1.0,1,0,3,1,3325,159.0,0,6,0.0,1,0.0,Tupac Amaru Revolutionary Movement (MRTA)
74504,0,153,6,484,2714,34.006004,71.53743,1.0,1,0.0,1,1,3,20,6,153.0,0,6,3.0,0,0.0,Tehrik-i-Taliban Pakistan (TTP)
63898,0,95,10,29,1250,33.633442,42.816579,3.0,0,0.0,1,0,6,14,13,95.0,0,5,71.0,0,1.0,Islamic State of Iraq and the Levant (ISIL)
47897,0,153,6,389,2747,33.908578,71.070055,3.0,0,0.0,1,0,6,3,3225,153.0,0,5,0.0,0,1.0,Tehrik-i-Taliban Pakistan (TTP)
15426,0,159,3,256,1562,-11.967368,-76.978462,1.0,0,1.0,1,0,3,2,3321,159.0,0,6,1.0,1,0.0,Tupac Amaru Revolutionary Movement (MRTA)
54211,1,4,6,467,2634,35.612064,64.750701,2.0,0,0.0,1,0,6,12,3134,422.0,0,5,1.0,0,1.0,Taliban
13193,0,145,2,391,24,13.091683,-86.000314,4.0,0,0.0,1,0,3,19,2452,145.0,0,6,1.0,1,0.0,Nicaraguan Democratic Force (FDN)
15180,0,603,8,178,1214,54.295497,-7.463576,1.0,0,0.0,1,0,1,3,1517,233.0,0,5,2.0,0,0.0,Irish Republican Army (IRA)
47454,0,153,6,389,2747,33.908578,71.070055,3.0,0,0.0,1,0,3,8,3237,153.0,0,6,0.0,1,0.0,Tehrik-i-Taliban Pakistan (TTP)
5225,0,69,8,127,91,48.856644,2.34233,1.0,0,0.0,1,0,3,14,1116,69.0,0,6,0.0,1,0.0,Corsican National Liberation Front (FLNC)
77856,0,45,3,323,1870,8.572842,-73.095568,1.0,0,0.0,1,0,2,4,2259,45.0,0,5,1.0,0,0.0,National Liberation Army of Colombia (ELN)
31537,0,209,10,207,1348,37.522653,42.452637,1.0,0,0.0,1,0,2,19,1683,209.0,0,8,1.0,1,0.0,Kurdistan Workers' Party (PKK)
28333,0,69,8,126,760,42.63651,8.937046,1.0,0,0.0,1,0,3,2,1113,69.0,0,6,0.0,1,0.0,Corsican National Liberation Front (FLNC)
24517,0,160,5,11,43,14.596051,120.978666,1.0,0,0.0,1,0,1,1,2390,160.0,0,5,1.0,0,0.0,New People's Army (NPA)
82394,1,92,6,118,683,23.486612,84.264193,1.0,0,0.0,1,0,6,14,1013,92.0,0,5,1.0,0,1.0,Communist Party of India - Maoist (CPI-Maoist)
51444,0,4,6,466,2628,35.409873,71.338644,3.0,0,0.0,1,0,7,2,3263,4.0,0,8,0.0,1,0.0,Tehrik-i-Taliban Pakistan (TTP)
50007,0,228,10,49,262,13.357599,45.69648,1.0,0,0.0,1,0,3,14,505,228.0,0,6,0.0,0,0.0,Al-Qaida in the Arabian Peninsula (AQAP)
39196,0,185,8,81,385,42.84964,-2.692359,1.0,0,1.0,1,0,3,4,724,185.0,0,6,0.0,1,0.0,Basque Fatherland and Freedom (ETA)
59088,0,182,11,75,335,11.047889,49.180611,1.0,0,0.0,1,0,1,4,600,182.0,0,6,1.0,1,0.0,Al-Shabaab
36553,0,45,3,325,2330,1.93514,-77.30609,1.0,0,0.0,1,0,2,3,2748,45.0,0,5,1.0,1,0.0,Revolutionary Armed Forces of Colombia (FARC)
27238,0,61,2,139,849,13.69288,-89.199161,1.0,0,0.0,1,0,3,21,1273,61.0,0,5,2.0,1,0.0,Farabundo Marti National Liberation Front (FMLN)
20071,0,92,6,260,2506,20.946702,72.952035,1.0,0,0.0,1,0,1,2,2994,92.0,0,5,7.0,0,0.0,Sikh Extremists
74350,0,123,11,157,1725,16.272278,-0.048965,1.0,1,0.0,1,0,3,4,162,123.0,0,6,2.0,1,0.0,Muslim extremists
62593,0,4,6,472,2648,33.318998,62.184034,3.0,0,0.0,1,0,3,4,48,4.0,0,6,11.0,0,0.0,Taliban
21394,0,61,2,148,883,13.36899,-88.658074,1.0,0,0.0,1,0,3,19,1259,61.0,0,6,0.0,1,0.0,Farabundo Marti National Liberation Front (FMLN)
22823,0,61,2,139,849,13.69288,-89.199161,1.0,0,0.0,1,0,2,19,56,61.0,0,5,1.0,1,0.0,Farabundo Marti National Liberation Front (FMLN)
50680,0,95,10,30,177,33.303566,44.371773,1.0,0,0.0,1,0,3,14,13,95.0,0,6,3.0,1,0.0,Al-Qaida in Iraq
53940,0,4,6,469,2602,35.167134,63.769538,3.0,0,0.0,1,0,3,4,162,4.0,0,6,3.0,0,0.0,Taliban
42930,0,186,6,203,1490,8.8245,81.0955,1.0,0,0.0,1,0,3,3,1787,186.0,0,6,2.0,1,0.0,Liberation Tigers of Tamil Eelam (LTTE)
65696,0,147,11,155,958,7.689167,9.250278,3.0,0,1.0,1,0,2,14,27,147.0,0,5,1.0,1,0.0,Fulani extremists
37480,0,209,10,195,1260,41.106178,28.689863,1.0,0,0.0,1,0,3,14,1660,209.0,0,6,1.0,1,0.0,Kurdistan Workers' Party (PKK)
75208,0,182,11,66,327,2.777264,45.500641,1.0,1,0.0,1,0,2,4,162,422.0,0,5,1.0,0,0.0,Al-Shabaab
6244,0,155,10,304,2222,31.502407,34.459743,1.0,0,0.0,1,0,3,4,2588,97.0,0,6,3.0,1,0.0,Palestinians
58425,1,160,5,2,45,7.037435,118.511496,1.0,0,0.0,1,0,6,1,64,160.0,0,5,0.0,0,1.0,Abu Sayyaf Group (ASG)
35603,0,45,3,326,2333,7.02104,-75.90933,1.0,0,0.0,1,0,3,14,853,45.0,0,6,0.0,1,0.0,Revolutionary Armed Forces of Colombia (FARC)
64204,1,4,6,464,2631,31.859575,64.200998,3.0,0,0.0,1,1,3,4,3133,4.0,0,6,26.0,1,0.0,Taliban
71652,0,153,6,486,2717,24.891115,67.143311,1.0,0,0.0,1,0,1,4,3256,153.0,0,5,1.0,0,0.0,Tehrik-i-Taliban Pakistan (TTP)
72658,0,160,5,1,6,5.97972,121.054829,1.0,0,1.0,0,0,3,20,6,160.0,0,6,0.0,0,0.0,Abu Sayyaf Group (ASG)
53714,0,92,6,117,1640,25.156571,84.421409,1.0,1,0.0,0,0,3,3,85,92.0,0,6,0.0,0,0.0,Maoists
53253,0,69,8,126,24,41.918891,8.737554,4.0,0,1.0,1,0,3,1,1115,238.0,0,6,0.0,1,0.0,Corsican National Liberation Front (FLNC)
53954,0,147,11,100,521,12.359468,14.210929,1.0,0,1.0,1,0,7,2,876,147.0,0,8,0.0,1,0.0,Boko Haram
61933,0,214,9,135,786,47.981647,37.762325,1.0,0,0.0,1,0,3,14,1195,214.0,0,6,1.0,1,0.0,Donetsk People's Republic
81697,0,182,11,63,304,2.059819,45.326115,1.0,0,0.0,1,0,3,14,13,182.0,0,6,0.0,1,0.0,Al-Shabaab
32290,0,45,3,326,1865,7.07786,-74.70355,1.0,0,0.0,1,0,3,21,2254,45.0,0,6,0.0,1,0.0,National Liberation Army of Colombia (ELN)
80576,0,95,10,34,184,36.354145,43.14357,1.0,0,1.0,1,0,3,4,48,95.0,0,6,2.0,1,0.0,Islamic State of Iraq and the Levant (ISIL)
12407,0,61,2,139,849,13.69288,-89.199161,1.0,0,1.0,1,0,3,21,1234,61.0,0,6,1.0,1,0.0,Farabundo Marti National Liberation Front (FMLN)
78545,0,228,10,57,277,13.586484,44.024105,1.0,0,1.0,1,0,3,14,1218,228.0,0,6,3.0,1,0.0,Houthi extremists (Ansar Allah)
57582,0,153,6,484,2737,34.552254,71.181984,1.0,0,0.0,1,0,2,4,3212,153.0,0,5,3.0,1,0.0,Tehrik-i-Taliban Pakistan (TTP)
12421,0,145,2,395,1566,11.95,-85.216667,1.0,0,0.0,1,0,2,14,2454,145.0,0,5,1.0,1,0.0,Nicaraguan Democratic Force (FDN)
49316,0,92,6,124,621,17.72726,81.189156,1.0,1,0.0,1,0,7,1,942,92.0,0,8,0.0,1,0.0,Communist Party of India - Maoist (CPI-Maoist)
3652,1,96,8,182,1205,53.361675,-6.245485,1.0,0,0.0,1,0,2,1,1115,96.0,0,5,0.0,1,1.0,Irish Republican Army (IRA)
23378,0,159,3,434,2401,-14.220983,-69.153823,3.0,0,0.0,1,0,2,1,2837,159.0,0,5,0.0,1,0.0,Shining Path (SL)
31080,0,209,10,195,1260,41.106178,28.689863,1.0,0,0.0,1,0,3,11,1705,209.0,0,6,0.0,1,0.0,Kurdistan Workers' Party (PKK)
62534,0,110,10,194,1768,34.183155,36.442126,2.0,0,0.0,1,0,2,4,412,110.0,0,5,1.0,1,-9.0,Muslim extremists
26978,0,69,8,126,770,42.44586,9.365441,1.0,0,0.0,1,0,3,2,1144,69.0,0,6,0.0,1,0.0,Corsican National Liberation Front (FLNC)
9617,0,603,8,178,1223,54.103436,-6.193593,1.0,0,0.0,1,0,2,3,1545,233.0,0,5,2.0,1,0.0,Irish Republican Army (IRA)
71630,0,200,10,196,1262,36.657269,40.37056,1.0,0,1.0,1,1,3,17,172,200.0,0,6,9.0,1,0.0,Islamic State of Iraq and the Levant (ISIL)
78916,0,95,10,34,184,36.354145,43.14357,1.0,0,1.0,1,0,3,14,1196,95.0,0,6,1.0,-9,0.0,Islamic State of Iraq and the Levant (ISIL)
14341,0,145,2,392,894,13.6772,-86.3153,1.0,0,0.0,1,0,2,4,412,145.0,0,5,0.0,1,0.0,Nicaraguan Democratic Force (FDN)
41782,0,69,8,126,747,42.699997,9.447317,1.0,0,0.0,1,0,3,1,1086,69.0,0,6,0.0,1,0.0,Corsican National Liberation Front (FLNC)
75827,0,92,6,120,603,22.408769,87.373316,3.0,0,1.0,0,0,3,20,6,92.0,0,6,0.0,0,0.0,Maoists
76409,0,45,3,332,1885,7.022091,-71.385222,1.0,0,0.0,0,0,3,20,6,45.0,0,6,0.0,0,0.0,National Liberation Army of Colombia (ELN)
19198,0,603,8,178,1178,55.011562,-7.312045,1.0,0,0.0,1,0,1,3,1522,233.0,0,5,1.0,0,0.0,Irish Republican Army (IRA)
30848,0,159,3,256,1562,-11.967368,-76.978462,1.0,0,0.0,1,0,3,4,3398,159.0,0,6,0.0,1,0.0,Tupac Amaru Revolutionary Movement (MRTA)
59301,1,147,11,155,974,7.888747,7.908966,2.0,0,1.0,1,0,6,14,27,147.0,0,5,5.0,1,1.0,Fulani extremists
21459,0,159,3,438,2828,-9.365146,-77.580569,1.0,0,0.0,1,0,2,17,3377,159.0,0,5,3.0,1,0.0,Tupac Amaru Revolutionary Movement (MRTA)
73631,0,182,11,61,314,1.808302,44.695141,1.0,1,0.0,1,0,2,4,162,182.0,0,6,1.0,1,0.0,Al-Shabaab
76417,0,153,6,486,2715,28.002285,68.728009,1.0,0,1.0,1,1,3,15,354,153.0,0,6,2.0,-9,0.0,Tehrik-i-Taliban Pakistan (TTP)
18032,0,159,3,256,1562,-11.967368,-76.978462,1.0,0,1.0,1,0,3,1,3320,159.0,0,6,0.0,1,0.0,Tupac Amaru Revolutionary Movement (MRTA)
78375,1,147,11,104,1039,9.614603,8.39358,1.0,0,0.0,1,0,2,14,27,147.0,0,5,2.0,0,-9.0,Fulani extremists
53702,0,4,6,478,2671,33.933668,68.383239,1.0,0,0.0,1,0,3,14,13,4.0,0,6,0.0,0,0.0,Taliban
15968,0,185,8,81,388,43.291618,-1.977903,1.0,0,1.0,1,0,2,14,708,69.0,0,8,0.0,1,0.0,Basque Fatherland and Freedom (ETA)
18973,0,43,3,249,1552,-33.024705,-71.552216,2.0,0,1.0,1,0,3,21,1884,43.0,0,6,0.0,1,0.0,Manuel Rodriguez Patriotic Front (FPMR)
42135,0,95,10,30,177,33.303566,44.371773,1.0,0,0.0,1,0,1,15,378,95.0,0,5,5.0,0,0.0,Al-Qaida in Iraq
66116,0,228,10,171,24,16.118063,43.329466,4.0,0,1.0,1,0,2,14,1404,228.0,0,5,1.0,0,0.0,Houthi extremists (Ansar Allah)
65847,0,214,9,135,809,48.434017,38.221252,1.0,1,0.0,1,0,3,14,853,214.0,0,6,0.0,1,0.0,Donetsk People's Republic
66075,0,214,9,135,789,48.143208,37.753361,1.0,0,0.0,1,0,3,14,853,214.0,0,6,0.0,-9,0.0,Donetsk People's Republic
59863,0,228,10,50,241,15.325443,44.211895,1.0,0,0.0,0,0,6,7,508,75.0,0,5,0.0,1,0.0,Al-Qaida in the Arabian Peninsula (AQAP)
71929,0,182,11,63,304,2.059819,45.326115,1.0,0,0.0,1,0,1,4,588,182.0,0,5,1.0,0,0.0,Al-Shabaab
49556,0,153,6,484,2714,34.006004,71.53743,1.0,1,0.0,1,0,3,8,3240,153.0,0,6,0.0,1,0.0,Tehrik-i-Taliban Pakistan (TTP)
61660,0,228,10,51,275,14.223866,47.082782,1.0,0,0.0,1,0,2,4,409,228.0,0,5,3.0,1,0.0,Al-Qaida in the Arabian Peninsula (AQAP)
76376,0,185,8,89,1778,42.026548,-1.577787,1.0,0,0.0,1,0,7,15,839,185.0,1,8,0.0,1,0.0,Muslim extremists
21833,0,61,2,139,849,13.69288,-89.199161,1.0,0,1.0,1,0,3,1,1265,61.0,0,6,0.0,1,0.0,Farabundo Marti National Liberation Front (FMLN)
63084,0,214,9,135,811,48.595274,37.699326,1.0,1,1.0,1,0,2,4,20,214.0,0,5,0.0,0,0.0,Donetsk People's Republic
25556,0,92,6,123,2545,15.035369,77.28146,1.0,0,0.0,0,0,1,3,3052,92.0,0,5,7.0,0,0.0,Sikh Extremists
73996,0,147,11,158,954,7.657429,9.771966,1.0,0,1.0,1,0,2,14,27,147.0,0,5,2.0,1,0.0,Fulani extremists
76655,0,92,6,119,633,18.860831,80.721442,3.0,0,0.0,1,0,3,3,2064,92.0,0,6,1.0,-9,0.0,Maoists
60938,0,147,11,100,522,10.672575,12.69115,1.0,0,1.0,1,0,2,14,27,147.0,0,5,3.0,1,0.0,Boko Haram
51565,0,147,11,104,468,10.516667,7.433333,1.0,0,1.0,1,1,3,15,839,147.0,0,6,42.0,1,0.0,Boko Haram
14291,0,145,2,407,2140,13.69517,-84.85311,1.0,0,0.0,1,0,2,2,2481,145.0,0,5,3.0,1,0.0,Nicaraguan Democratic Force (FDN)
66558,0,214,9,135,787,47.098835,37.81987,1.0,0,0.0,1,0,2,14,853,214.0,0,6,1.0,0,0.0,Donetsk People's Republic
76310,0,45,3,323,1823,8.251932,-73.353994,3.0,0,0.0,0,0,3,20,6,45.0,0,6,0.0,0,0.0,National Liberation Army of Colombia (ELN)
14795,0,92,6,316,24,31.147131,75.341218,4.0,0,0.0,1,0,3,19,3040,92.0,0,6,2.0,1,0.0,Sikh Extremists
19265,0,69,8,17,91,48.856644,2.34233,1.0,0,0.0,1,0,3,7,181,183.0,0,6,0.0,1,0.0,African National Congress (South Africa)
56118,0,228,10,45,236,12.825647,44.846416,1.0,0,0.0,1,0,1,17,526,228.0,0,5,1.0,0,0.0,Al-Qaida in the Arabian Peninsula (AQAP)
29583,0,603,8,178,1177,54.607712,-5.95621,1.0,0,0.0,1,0,7,1,1449,233.0,0,8,0.0,1,0.0,Irish Republican Army (IRA)
7904,0,183,11,19,126,-25.748281,28.212069,1.0,1,0.0,1,0,3,4,264,183.0,0,6,0.0,1,0.0,African National Congress (South Africa)
20382,0,183,11,25,140,-34.057188,18.865482,1.0,0,0.0,1,0,3,2,283,183.0,0,6,0.0,1,0.0,African National Congress (South Africa)
54121,0,95,10,39,194,32.469238,44.416637,1.0,0,1.0,1,0,3,2,351,95.0,0,6,2.0,1,0.0,Al-Qaida in Iraq
7441,0,69,8,130,755,43.610769,3.876716,1.0,0,1.0,1,0,3,1,1100,69.0,0,6,0.0,1,0.0,Corsican National Liberation Front (FLNC)
55875,0,182,11,65,307,-0.357847,42.54665,1.0,0,0.0,1,0,3,4,427,182.0,0,6,1.0,-9,0.0,Al-Shabaab
13403,0,145,2,394,2174,13.28841,-86.6554,1.0,0,0.0,1,0,2,4,1235,145.0,0,5,18.0,1,0.0,Nicaraguan Democratic Force (FDN)
58006,0,160,5,375,2019,16.771234,121.098672,1.0,0,0.0,1,0,1,2,2393,160.0,0,5,1.0,0,0.0,New People's Army (NPA)
31682,0,69,8,126,747,42.699997,9.447317,1.0,0,1.0,1,0,3,1,702,69.0,0,6,0.0,1,0.0,Corsican National Liberation Front (FLNC)
39403,0,45,3,326,1832,6.242026,-75.564766,1.0,0,1.0,1,0,3,1,2220,45.0,0,6,0.0,1,0.0,National Liberation Army of Colombia (ELN)
20262,0,183,11,21,151,-26.947957,29.248645,1.0,0,0.0,0,0,3,2,271,183.0,0,6,0.0,1,0.0,African National Congress (South Africa)
66994,0,182,11,75,320,11.274796,49.179657,1.0,0,0.0,1,0,2,3,572,182.0,0,6,0.0,1,0.0,Al-Shabaab
62193,0,45,3,332,1850,6.33336,-71.48332,2.0,0,0.0,1,0,3,21,2222,45.0,0,6,0.0,1,0.0,National Liberation Army of Colombia (ELN)
12698,0,145,2,401,2182,12.90875,-85.951531,1.0,0,0.0,1,0,2,4,1235,145.0,0,5,12.0,1,0.0,Nicaraguan Democratic Force (FDN)
53194,0,95,10,33,207,34.92485,43.491413,1.0,0,1.0,1,0,3,14,13,95.0,0,6,0.0,1,0.0,Al-Qaida in Iraq
12523,0,145,2,392,2083,13.564251,-86.02984,1.0,0,0.0,1,0,2,4,1235,145.0,0,5,12.0,1,0.0,Nicaraguan Democratic Force (FDN)
59817,0,92,6,119,719,18.701834,80.994267,1.0,0,0.0,1,0,2,3,85,92.0,0,5,1.0,0,0.0,Maoists
31053,0,209,10,207,1348,37.522653,42.452637,1.0,0,0.0,1,0,2,4,1656,209.0,0,5,2.0,1,0.0,Kurdistan Workers' Party (PKK)
77437,0,228,10,48,284,15.45639,45.324871,1.0,0,0.0,0,0,3,14,841,228.0,0,6,0.0,0,0.0,Houthi extremists (Ansar Allah)
37221,1,45,3,333,24,10.411301,-74.405661,4.0,0,1.0,1,0,6,14,2238,11.0,0,5,0.0,0,1.0,National Liberation Army of Colombia (ELN)
15153,0,145,2,405,2121,12.293445,-84.411145,3.0,1,0.0,1,0,2,4,1235,145.0,0,5,1.0,1,0.0,Nicaraguan Democratic Force (FDN)
83231,0,182,11,61,311,2.14383,45.118061,1.0,0,0.0,1,0,3,4,12,182.0,0,6,3.0,1,0.0,Al-Shabaab
16750,0,45,3,345,2319,4.06052,-74.692318,1.0,0,0.0,1,0,2,3,2730,45.0,0,5,1.0,1,0.0,Revolutionary Armed Forces of Colombia (FARC)
61284,0,147,11,158,1047,7.853282,10.963859,3.0,0,1.0,1,0,2,14,27,147.0,0,5,7.0,1,0.0,Fulani extremists
29051,0,69,8,126,748,41.772597,8.771765,1.0,0,0.0,1,0,3,1,1092,69.0,0,6,0.0,1,0.0,Corsican National Liberation Front (FLNC)
57950,0,182,11,63,304,2.059819,45.326115,1.0,0,0.0,1,0,3,2,565,182.0,0,6,2.0,-9,0.0,Al-Shabaab
7019,0,61,2,143,917,13.617851,-88.880287,1.0,0,0.0,1,0,2,4,1235,61.0,0,5,15.0,1,0.0,Farabundo Marti National Liberation Front (FMLN)
32152,0,159,3,256,1562,-11.967368,-76.978462,1.0,0,0.0,1,0,3,7,2918,44.0,0,6,0.0,1,0.0,Shining Path (SL)
64048,0,214,9,135,818,48.240883,38.525669,1.0,1,0.0,1,0,2,4,1215,214.0,0,6,1.0,-9,0.0,Donetsk People's Republic
77754,0,160,5,4,31,7.601144,122.428098,1.0,0,0.0,0,0,2,4,20,160.0,0,5,2.0,0,0.0,Abu Sayyaf Group (ASG)
67239,0,214,9,135,795,47.313381,37.805458,1.0,0,1.0,1,0,2,4,48,214.0,0,5,0.0,-9,0.0,Donetsk People's Republic
65780,0,92,6,118,608,23.846212,86.136746,3.0,0,1.0,1,0,3,19,924,92.0,0,6,0.0,1,0.0,Communist Party of India - Maoist (CPI-Maoist)
1477,0,603,8,178,1199,55.011562,-7.312045,1.0,0,0.0,1,0,1,14,1479,233.0,0,5,1.0,0,0.0,Irish Republican Army (IRA)
22705,0,61,2,139,849,13.69288,-89.199161,1.0,0,0.0,1,0,1,2,1263,61.0,0,5,0.0,1,0.0,Farabundo Marti National Liberation Front (FMLN)
28208,0,43,3,250,1550,-33.366238,-70.505302,1.0,0,0.0,0,0,3,22,204,43.0,0,6,0.0,1,0.0,Manuel Rodriguez Patriotic Front (FPMR)
32907,0,603,8,178,1177,54.607712,-5.95621,1.0,0,1.0,1,0,2,14,1458,216.0,0,5,0.0,0,0.0,Irish Republican Army (IRA)
46429,0,92,6,118,610,24.04573,86.614492,1.0,0,1.0,1,0,3,8,1011,92.0,0,6,0.0,-9,0.0,Communist Party of India - Maoist (CPI-Maoist)
36538,0,45,3,323,1853,7.894195,-72.503885,1.0,0,1.0,1,0,3,2,2242,45.0,0,6,0.0,1,0.0,National Liberation Army of Colombia (ELN)
76865,0,147,11,100,481,11.083983,13.693092,1.0,0,0.0,1,1,3,4,48,147.0,0,6,3.0,0,0.0,Boko Haram
52281,0,95,10,38,221,32.901412,45.077723,1.0,0,1.0,1,0,3,14,402,95.0,0,6,0.0,-9,0.0,Al-Qaida in Iraq
26274,0,92,6,316,2484,32.040763,75.401886,3.0,0,0.0,1,0,1,3,2967,92.0,0,5,1.0,0,0.0,Sikh Extremists
74019,0,153,6,389,2751,34.458016,71.117305,2.0,0,1.0,1,0,3,4,12,153.0,0,6,1.0,0,0.0,Tehrik-i-Taliban Pakistan (TTP)
28046,0,209,10,210,1374,37.192877,40.581143,1.0,0,0.0,1,0,2,3,1674,209.0,0,5,0.0,1,0.0,Kurdistan Workers' Party (PKK)
72067,0,147,11,156,1027,8.547828,7.7119,2.0,0,1.0,1,0,2,14,1344,147.0,0,5,3.0,0,0.0,Fulani extremists
65963,0,214,9,135,801,47.097279,37.59901,1.0,0,0.0,1,0,3,4,48,214.0,0,6,0.0,-9,0.0,Donetsk People's Republic
49656,0,153,6,484,2714,34.006004,71.53743,1.0,0,0.0,1,0,3,7,3195,217.0,0,6,1.0,1,0.0,Tehrik-i-Taliban Pakistan (TTP)
30606,0,97,10,410,2241,32.246808,35.48904,1.0,0,0.0,0,0,1,14,2569,97.0,0,9,0.0,0,0.0,Palestinians
51258,0,95,10,29,178,34.160587,42.37254,1.0,0,1.0,1,0,1,3,330,95.0,0,5,2.0,0,0.0,Al-Qaida in Iraq
7491,0,185,8,81,400,43.3282,-3.031509,1.0,0,0.0,1,0,3,21,678,185.0,0,6,1.0,1,0.0,Basque Fatherland and Freedom (ETA)
65222,0,228,10,50,241,15.325443,44.211895,1.0,0,0.0,1,0,2,4,0,228.0,0,5,2.0,-9,0.0,Houthi extremists (Ansar Allah)
19587,0,92,6,316,2501,31.326015,75.576183,1.0,0,0.0,1,0,1,14,2985,92.0,0,5,5.0,0,0.0,Sikh Extremists
64616,0,41,11,167,1060,4.119087,15.134645,1.0,0,1.0,1,0,2,14,27,41.0,0,5,8.0,1,0.0,Fulani extremists
63883,0,37,11,109,543,11.184167,13.914167,1.0,0,0.0,1,0,2,14,853,37.0,0,5,41.0,-9,0.0,Boko Haram
73812,0,153,6,484,2766,34.794618,72.36441,1.0,0,0.0,1,0,1,3,3244,153.0,0,5,1.0,0,0.0,Tehrik-i-Taliban Pakistan (TTP)
53206,0,95,10,35,180,35.45211,44.375465,1.0,1,1.0,1,0,3,14,13,95.0,0,6,3.0,0,0.0,Al-Qaida in Iraq
37628,1,45,3,326,1849,6.04278,-74.99493,3.0,0,0.0,1,0,6,19,2219,45.0,0,5,0.0,1,1.0,National Liberation Army of Colombia (ELN)
27446,0,159,3,430,1554,-11.918478,-75.312889,1.0,0,0.0,1,0,1,3,2832,159.0,0,5,3.0,0,0.0,Shining Path (SL)
63462,0,214,9,135,804,47.460209,37.86647,1.0,0,0.0,1,0,3,4,48,214.0,0,6,0.0,0,0.0,Donetsk People's Republic
43996,0,95,10,33,214,34.533753,43.483738,2.0,0,0.0,1,1,3,3,389,95.0,0,6,1.0,0,0.0,Al-Qaida in Iraq
60808,0,182,11,64,346,3.810951,43.246506,1.0,0,0.0,1,0,7,4,608,422.0,0,5,1.0,-9,0.0,Al-Shabaab
46219,0,4,6,464,2661,31.680202,64.31221,1.0,0,0.0,1,0,3,20,3154,4.0,0,6,4.0,-9,0.0,Taliban
55330,1,147,11,100,466,11.840929,13.141459,1.0,0,0.0,1,0,6,2,866,147.0,0,5,0.0,0,1.0,Boko Haram
2535,0,603,8,178,1177,54.607712,-5.95621,1.0,0,0.0,1,0,1,14,1466,233.0,0,5,1.0,0,0.0,Irish Republican Army (IRA)
25458,0,45,3,334,2341,5.21389,-72.86952,1.0,0,0.0,1,0,5,14,2758,45.0,0,5,0.0,1,0.0,Revolutionary Armed Forces of Colombia (FARC)
12512,0,183,11,19,115,-26.252697,27.870275,1.0,0,0.0,1,0,2,14,238,183.0,0,8,0.0,1,0.0,African National Congress (South Africa)
54888,0,95,10,30,177,33.303566,44.371773,1.0,0,1.0,1,0,3,1,361,95.0,0,6,6.0,1,0.0,Al-Qaida in Iraq
47461,0,153,6,485,2714,34.006004,71.53743,1.0,0,0.0,1,0,3,8,3208,153.0,0,6,0.0,1,0.0,Tehrik-i-Taliban Pakistan (TTP)
77639,0,173,10,176,24,19.096906,42.863788,4.0,0,0.0,1,0,3,3,172,173.0,0,6,1.0,-9,0.0,Houthi extremists (Ansar Allah)
66760,0,228,10,45,236,12.825647,44.846416,1.0,0,0.0,1,0,3,14,1222,228.0,0,6,0.0,-9,0.0,Houthi extremists (Ansar Allah)
50219,0,228,10,45,236,12.825647,44.846416,1.0,0,0.0,1,0,1,3,497,228.0,0,6,1.0,1,0.0,Al-Qaida in the Arabian Peninsula (AQAP)
16605,0,183,11,25,157,-33.978578,18.580468,1.0,1,0.0,1,0,3,3,196,183.0,0,6,1.0,0,0.0,African National Congress (South Africa)
17421,0,43,3,250,1550,-33.366238,-70.505302,1.0,0,0.0,1,0,3,1,1950,43.0,0,6,0.0,1,0.0,Manuel Rodriguez Patriotic Front (FPMR)
1911,0,603,8,46,1194,52.405838,-1.512661,1.0,0,0.0,0,0,3,17,1468,233.0,0,6,1.0,1,0.0,Irish Republican Army (IRA)
28605,0,92,6,316,2481,30.898024,75.860077,1.0,1,0.0,1,0,2,3,3012,92.0,0,5,6.0,0,0.0,Sikh Extremists
28732,0,92,6,316,2481,30.898024,75.860077,1.0,1,1.0,1,0,7,1,802,92.0,0,8,0.0,1,0.0,Sikh Extremists
43265,0,186,6,241,1497,8.86656,80.5093,1.0,0,0.0,1,0,3,2,1800,186.0,0,6,0.0,0,0.0,Liberation Tigers of Tamil Eelam (LTTE)
15998,0,185,8,81,387,43.054198,-2.178116,1.0,0,0.0,1,0,3,3,662,185.0,0,6,0.0,1,0.0,Basque Fatherland and Freedom (ETA)
50035,0,92,6,119,640,18.791667,80.816667,1.0,1,0.0,1,0,7,3,962,92.0,0,8,0.0,1,0.0,Communist Party of India - Maoist (CPI-Maoist)
58178,0,4,6,457,2575,31.784801,65.755234,3.0,0,0.0,1,1,3,4,3099,422.0,0,6,10.0,1,0.0,Taliban
38594,0,45,3,342,1869,3.429344,-76.516037,1.0,0,1.0,1,0,3,3,2258,45.0,0,6,0.0,1,0.0,National Liberation Army of Colombia (ELN)
56236,0,95,10,39,225,33.057991,44.354839,1.0,0,1.0,1,0,3,14,13,95.0,0,6,3.0,0,0.0,Islamic State of Iraq and the Levant (ISIL)
76777,0,228,10,57,1132,12.765967,43.5174,3.0,0,0.0,1,0,3,4,1391,422.0,0,6,0.0,1,0.0,Houthi extremists (Ansar Allah)
67291,0,4,6,298,2626,33.335258,69.928467,1.0,0,1.0,1,0,3,3,409,4.0,0,6,0.0,-9,0.0,Taliban
50666,0,45,3,337,2314,12.228233,-71.992872,1.0,1,0.0,1,0,3,19,2724,45.0,0,6,0.0,1,0.0,Revolutionary Armed Forces of Colombia (FARC)
76786,1,92,6,122,1603,21.4088,83.609535,1.0,0,0.0,1,0,6,14,2020,92.0,0,9,1.0,0,1.0,Maoists
78030,0,95,10,34,1290,36.434563,43.158421,1.0,0,0.0,1,1,3,4,48,95.0,0,6,19.0,1,0.0,Islamic State of Iraq and the Levant (ISIL)
49470,0,45,3,332,2290,6.788008,-71.025959,1.0,0,0.0,1,0,7,19,2692,45.0,0,8,0.0,1,0.0,Revolutionary Armed Forces of Colombia (FARC)
67198,0,214,9,135,787,47.098835,37.81987,1.0,1,0.0,1,0,2,4,48,214.0,0,6,0.0,-9,0.0,Donetsk People's Republic
2605,0,185,8,90,388,43.291618,-1.977903,1.0,0,0.0,1,0,2,19,777,185.0,0,5,1.0,0,0.0,Basque Fatherland and Freedom (ETA)
53646,0,153,6,484,2792,34.833333,72.441667,1.0,0,0.0,1,0,2,17,3277,153.0,0,5,1.0,0,0.0,Tehrik-i-Taliban Pakistan (TTP)
26878,0,186,6,243,1462,7.939525,81.000963,1.0,0,0.0,1,0,3,19,1757,186.0,0,6,0.0,1,0.0,Liberation Tigers of Tamil Eelam (LTTE)
50093,0,92,6,119,653,21.251384,81.629641,3.0,0,0.0,1,0,2,3,976,92.0,0,5,0.0,-9,0.0,Communist Party of India - Maoist (CPI-Maoist)
74351,0,228,10,47,247,16.902568,49.328913,1.0,0,0.0,0,1,1,4,451,228.0,0,6,9.0,-9,0.0,Al-Qaida in the Arabian Peninsula (AQAP)
69728,0,214,9,135,812,47.108201,37.750556,1.0,1,0.0,1,0,3,4,1187,214.0,0,6,2.0,-9,0.0,Donetsk People's Republic
69229,0,4,6,468,2618,35.760462,68.918177,2.0,0,1.0,1,0,7,15,354,4.0,0,8,0.0,1,0.0,Taliban
36991,1,45,3,326,1841,6.978951,-75.296249,1.0,0,1.0,1,0,6,2,2204,45.0,0,5,1.0,0,1.0,National Liberation Army of Colombia (ELN)
65731,0,214,9,135,810,48.730804,37.574596,1.0,0,1.0,1,0,3,14,1196,214.0,0,6,3.0,1,0.0,Donetsk People's Republic
82107,0,153,6,484,2714,34.006004,71.53743,1.0,0,0.0,1,0,3,3,3204,153.0,0,6,0.0,1,0.0,Tehrik-i-Taliban Pakistan (TTP)
66777,0,182,11,75,320,11.274796,49.179657,1.0,0,1.0,1,0,2,4,20,182.0,0,5,1.0,0,0.0,Al-Shabaab
60363,0,147,11,100,495,10.82636,12.420727,1.0,0,1.0,1,0,2,14,27,147.0,0,5,8.0,1,0.0,Boko Haram
32370,0,603,8,46,1183,51.504387,-0.140041,1.0,0,0.0,1,0,7,1,1482,216.0,0,8,0.0,1,0.0,Irish Republican Army (IRA)
82260,0,160,5,357,1985,9.05,125.9,1.0,0,0.0,1,0,2,4,0,160.0,0,5,1.0,0,0.0,New People's Army (NPA)
15890,0,183,11,19,96,-26.184113,28.033232,1.0,0,0.0,1,0,3,19,277,183.0,0,6,0.0,1,0.0,African National Congress (South Africa)
53361,0,228,10,47,250,15.840202,48.45438,1.0,0,0.0,1,0,3,2,56,228.0,0,6,3.0,0,0.0,Al-Qaida in the Arabian Peninsula (AQAP)
10803,0,183,11,19,96,-26.184113,28.033232,1.0,1,0.0,1,0,3,21,189,183.0,0,6,0.0,1,0.0,African National Congress (South Africa)
19649,0,43,3,250,1550,-33.366238,-70.505302,1.0,0,0.0,0,0,1,4,1917,43.0,0,6,0.0,0,0.0,Manuel Rodriguez Patriotic Front (FPMR)
42210,0,4,6,464,24,31.363647,63.958611,4.0,0,0.0,1,0,2,2,3153,4.0,0,5,2.0,0,0.0,Taliban
46590,0,153,6,485,2714,34.006004,71.53743,1.0,0,0.0,1,0,3,14,13,153.0,0,6,7.0,1,0.0,Tehrik-i-Taliban Pakistan (TTP)
23014,0,155,10,410,2217,32.222271,35.253506,1.0,0,0.0,0,0,7,4,1261,97.0,0,8,1.0,1,0.0,Palestinians
77076,0,173,10,58,1135,17.565604,44.228944,2.0,0,0.0,1,0,3,4,172,173.0,0,6,0.0,-9,0.0,Houthi extremists (Ansar Allah)
64602,0,214,9,135,791,48.064426,37.673248,1.0,0,0.0,1,0,2,4,48,214.0,0,6,0.0,-9,0.0,Donetsk People's Republic
66932,1,92,6,119,633,18.791402,80.81664,3.0,0,0.0,1,0,6,3,1000,92.0,0,5,1.0,0,1.0,Communist Party of India - Maoist (CPI-Maoist)
21946,0,43,3,250,1550,-33.366238,-70.505302,1.0,0,0.0,1,0,2,2,1914,43.0,0,5,0.0,1,0.0,Manuel Rodriguez Patriotic Front (FPMR)
55475,1,160,5,1,22,6.050458,121.012245,1.0,0,0.0,1,0,6,1,53,160.0,0,5,0.0,0,1.0,Abu Sayyaf Group (ASG)
48873,0,92,6,118,597,24.168873,84.039211,1.0,0,1.0,1,0,3,2,918,92.0,0,6,0.0,1,0.0,Communist Party of India - Maoist (CPI-Maoist)
39800,0,45,3,341,2353,5.0694,-74.598061,1.0,0,0.0,1,0,3,21,2774,45.0,0,6,0.0,1,0.0,Revolutionary Armed Forces of Colombia (FARC)
27290,0,45,3,427,2214,5.25001,-70.26667,2.0,0,0.0,1,0,2,4,2746,45.0,0,5,1.0,1,0.0,Revolutionary Armed Forces of Colombia (FARC)
15800,0,183,11,19,114,-25.412439,28.007093,1.0,0,0.0,1,0,3,4,212,183.0,0,6,3.0,1,0.0,African National Congress (South Africa)
7399,0,61,2,143,852,13.433333,-88.7,1.0,0,0.0,1,0,2,4,1235,61.0,0,5,50.0,1,0.0,Farabundo Marti National Liberation Front (FMLN)
3973,0,185,8,83,382,43.258434,-2.921819,1.0,0,0.0,1,0,1,2,768,185.0,0,5,1.0,0,0.0,Basque Fatherland and Freedom (ETA)
67858,0,160,5,359,1977,14.276771,122.705349,1.0,0,1.0,1,0,2,3,85,160.0,0,5,0.0,1,0.0,New People's Army (NPA)
16526,0,159,3,256,1562,-11.967368,-76.978462,1.0,0,1.0,1,0,3,1,2847,159.0,0,6,1.0,1,0.0,Shining Path (SL)
2674,0,603,8,178,1221,54.50853,-6.763131,1.0,0,0.0,1,0,1,4,1537,233.0,0,5,2.0,0,0.0,Irish Republican Army (IRA)
36692,0,159,3,256,1562,-11.967368,-76.978462,1.0,0,1.0,1,0,3,1,410,159.0,0,6,0.0,1,0.0,Shining Path (SL)
58962,0,160,5,5,1974,6.748065,125.262741,1.0,0,1.0,1,0,2,3,175,160.0,0,5,3.0,-9,0.0,New People's Army (NPA)
56524,0,4,6,464,2583,31.60063,64.369652,1.0,0,0.0,1,1,3,3,3140,4.0,0,6,2.0,1,0.0,Taliban
58197,0,4,6,464,2613,31.826695,64.56407,2.0,0,0.0,1,0,2,14,3119,4.0,0,5,3.0,-9,0.0,Taliban
40361,0,160,5,4,15,6.929089,122.07885,1.0,0,0.0,1,0,3,15,62,160.0,0,6,0.0,1,0.0,Abu Sayyaf Group (ASG)
42532,0,45,3,331,2317,2.68523,-75.32598,1.0,0,0.0,1,0,2,3,2728,45.0,0,5,4.0,-9,0.0,Revolutionary Armed Forces of Colombia (FARC)
32470,0,160,5,6,27,6.637796,124.599145,1.0,0,0.0,1,0,3,14,34,160.0,0,6,11.0,1,0.0,Abu Sayyaf Group (ASG)
17046,0,183,11,19,99,-25.988884,28.173653,1.0,0,1.0,1,0,2,19,190,183.0,0,8,0.0,1,0.0,African National Congress (South Africa)
4788,0,69,8,127,91,48.856644,2.34233,1.0,0,0.0,1,0,3,1,1107,69.0,0,6,0.0,1,0.0,Corsican National Liberation Front (FLNC)
58079,0,182,11,66,308,2.973305,45.535603,1.0,0,1.0,1,0,2,4,427,182.0,0,6,7.0,1,0.0,Al-Shabaab
48717,0,153,6,484,2722,34.965592,71.822004,1.0,0,0.0,1,0,2,14,3194,153.0,0,5,1.0,0,0.0,Tehrik-i-Taliban Pakistan (TTP)
36368,0,45,3,326,2304,7.883605,-76.631923,1.0,1,1.0,1,0,2,19,56,45.0,0,8,0.0,1,0.0,Revolutionary Armed Forces of Colombia (FARC)
25891,0,97,10,412,2221,31.771599,35.2034,1.0,0,0.0,1,0,3,4,412,97.0,0,6,0.0,1,0.0,Palestinians
41725,0,95,10,30,177,33.303566,44.371773,1.0,0,0.0,1,1,3,4,369,95.0,0,6,2.0,1,0.0,Al-Qaida in Iraq
50861,0,228,10,45,236,12.825647,44.846416,1.0,0,0.0,0,0,1,2,454,228.0,0,5,0.0,1,0.0,Al-Qaida in the Arabian Peninsula (AQAP)
54158,0,209,10,207,1335,37.33083,42.184602,1.0,0,0.0,1,0,3,8,1678,209.0,0,6,0.0,1,0.0,Kurdistan Workers' Party (PKK)
71593,1,4,6,457,2598,31.497145,65.838674,1.0,1,0.0,1,0,5,4,3111,422.0,0,5,73.0,-9,1.0,Taliban
23076,0,183,11,19,106,-25.718321,28.408798,1.0,0,0.0,1,0,3,3,235,183.0,0,6,0.0,1,0.0,African National Congress (South Africa)
66257,0,228,10,47,238,15.959517,48.331755,3.0,0,0.0,1,0,2,2,522,228.0,0,5,1.0,0,0.0,Al-Qaida in the Arabian Peninsula (AQAP)
50835,0,153,6,484,2740,31.834328,70.90905,1.0,0,0.0,1,1,3,3,85,153.0,0,6,8.0,1,0.0,Tehrik-i-Taliban Pakistan (TTP)
44109,0,185,8,81,427,43.278322,-2.126597,1.0,0,0.0,1,0,6,14,6,185.0,0,5,0.0,0,1.0,Basque Fatherland and Freedom (ETA)
60009,1,121,5,14,68,4.945556,118.257222,1.0,0,0.0,1,0,6,1,125,44.0,0,5,0.0,0,1.0,Abu Sayyaf Group (ASG)
16023,0,159,3,432,2397,-13.152712,-74.218628,1.0,0,0.0,1,0,3,21,2846,159.0,0,6,0.0,1,0.0,Shining Path (SL)
47668,0,92,6,117,600,24.749905,84.370896,2.0,1,1.0,1,0,7,1,921,92.0,0,8,0.0,1,0.0,Communist Party of India - Maoist (CPI-Maoist)
56459,0,60,10,267,1732,31.126646,33.800865,1.0,0,0.0,1,0,2,3,2141,60.0,0,5,1.0,0,0.0,Muslim extremists
62258,0,160,5,350,1954,7.28489,125.857258,1.0,0,0.0,1,0,3,4,59,160.0,0,6,0.0,1,0.0,New People's Army (NPA)
62284,0,209,10,217,1357,38.053899,40.375494,3.0,0,0.0,1,0,6,1,1681,209.0,0,9,0.0,0,1.0,Kurdistan Workers' Party (PKK)
76406,0,228,10,57,277,13.586484,44.024105,1.0,0,0.0,1,0,3,14,1388,228.0,0,6,1.0,1,0.0,Houthi extremists (Ansar Allah)
16935,0,362,8,181,1204,51.148407,6.357643,1.0,0,0.0,1,0,3,4,1494,216.0,0,6,0.0,1,0.0,Irish Republican Army (IRA)
80356,0,95,10,34,184,36.354145,43.14357,1.0,0,0.0,1,0,3,14,13,95.0,0,6,2.0,1,0.0,Islamic State of Iraq and the Levant (ISIL)
79389,1,33,11,294,1780,14.20701,-1.852514,1.0,0,0.0,1,0,6,8,51,33.0,0,8,1.0,1,1.0,Muslim extremists
59663,0,160,5,374,1976,9.000313,125.269224,1.0,0,0.0,1,0,2,3,93,160.0,0,6,0.0,-9,0.0,New People's Army (NPA)
46359,0,159,3,432,24,-13.163874,-74.223564,4.0,0,1.0,1,0,3,4,2857,159.0,0,6,13.0,-9,0.0,Shining Path (SL)
73543,0,4,6,456,2574,36.967715,67.056002,1.0,0,1.0,1,0,2,4,172,4.0,0,5,2.0,0,0.0,Taliban
59441,0,4,6,467,2608,35.605071,64.120113,2.0,0,1.0,1,0,3,14,547,4.0,0,6,0.0,1,0.0,Taliban
66006,1,228,10,50,241,15.325443,44.211895,1.0,0,0.0,1,0,6,7,1405,422.0,0,5,0.0,0,1.0,Houthi extremists (Ansar Allah)
62956,0,147,11,100,518,12.672917,13.616014,1.0,0,0.0,1,0,2,14,334,147.0,0,5,9.0,-9,0.0,Boko Haram
17019,0,145,2,392,2083,13.564251,-86.02984,1.0,0,1.0,1,0,3,21,2476,145.0,0,6,0.0,1,0.0,Nicaraguan Democratic Force (FDN)
60779,0,95,10,33,1298,35.499439,43.234894,1.0,0,1.0,1,0,7,2,1629,95.0,0,5,0.0,-9,-9.0,Islamic State of Iraq and the Levant (ISIL)
58903,0,147,11,155,1038,7.166667,9.283333,1.0,0,1.0,1,0,2,14,27,147.0,0,8,3.0,1,0.0,Fulani extremists
8187,0,603,8,178,1180,54.077313,-6.608787,1.0,0,0.0,1,0,3,20,6,233.0,0,6,0.0,1,0.0,Irish Republican Army (IRA)
56976,0,228,10,169,24,17.057623,43.970781,4.0,0,1.0,1,0,2,4,1407,228.0,0,5,1.0,-9,0.0,Houthi extremists (Ansar Allah)
67026,0,147,11,158,1002,7.408062,10.0759,2.0,0,1.0,1,0,2,14,27,147.0,0,5,5.0,1,0.0,Fulani extremists
60546,0,147,11,100,473,12.342068,14.185827,3.0,0,1.0,1,0,2,14,27,147.0,0,6,14.0,1,0.0,Boko Haram
72585,0,209,10,207,1360,37.342787,42.121717,3.0,0,0.0,1,0,3,4,48,209.0,0,6,2.0,0,0.0,Kurdistan Workers' Party (PKK)
2272,0,603,8,178,1177,54.607712,-5.95621,1.0,0,0.0,1,0,2,4,1464,233.0,0,5,1.0,0,0.0,Irish Republican Army (IRA)
81113,0,147,11,100,466,11.840929,13.141459,1.0,0,1.0,1,1,3,8,847,147.0,0,6,1.0,-9,0.0,Boko Haram
47884,0,92,6,371,1969,24.817011,93.936844,3.0,0,0.0,1,0,7,1,2349,92.0,0,8,0.0,1,0.0,New People's Army (NPA)
1021,0,603,8,178,1216,54.819164,-7.467909,1.0,0,0.0,1,0,3,14,1540,233.0,0,6,1.0,1,0.0,Irish Republican Army (IRA)
51696,0,95,10,30,177,33.303566,44.371773,1.0,0,1.0,1,0,3,14,13,95.0,0,6,1.0,0,0.0,Al-Qaida in Iraq
63645,0,182,11,65,333,-0.868784,42.157739,3.0,0,0.0,1,0,3,4,48,182.0,0,6,0.0,0,0.0,Al-Shabaab
21247,0,209,10,207,1355,37.157409,42.567582,1.0,1,0.0,1,0,7,1,1662,209.0,0,5,0.0,1,0.0,Kurdistan Workers' Party (PKK)
53248,0,69,8,126,744,41.930607,8.742907,1.0,0,1.0,1,0,3,1,1115,238.0,0,6,0.0,1,0.0,Corsican National Liberation Front (FLNC)
15193,0,183,11,19,115,-26.252697,27.870275,1.0,0,0.0,1,0,3,3,188,183.0,0,6,3.0,1,0.0,African National Congress (South Africa)
41873,0,95,10,34,184,36.354145,43.14357,1.0,0,0.0,1,1,1,3,336,95.0,0,6,4.0,1,0.0,Al-Qaida in Iraq
51440,0,92,6,122,1651,18.486587,82.237957,1.0,0,0.0,1,0,2,3,2058,92.0,0,5,1.0,0,0.0,Maoists
40716,0,160,5,355,1935,7.437136,125.812182,1.0,0,1.0,1,0,7,8,2327,160.0,0,8,0.0,1,0.0,New People's Army (NPA)
54005,0,92,6,119,640,18.8,80.8167,1.0,0,0.0,1,0,1,17,2038,92.0,0,5,2.0,1,0.0,Maoists
77844,0,95,10,34,184,36.354145,43.14357,1.0,0,0.0,0,1,3,4,48,95.0,0,6,1.0,0,0.0,Islamic State of Iraq and the Levant (ISIL)
49688,0,92,6,117,1643,24.493242,84.985655,1.0,0,0.0,1,0,3,8,2053,92.0,0,6,0.0,1,0.0,Maoists
41464,0,4,6,300,1782,34.417122,70.449593,1.0,0,0.0,1,0,3,12,3112,4.0,0,6,2.0,1,0.0,Taliban
61883,0,160,5,15,1997,9.05,118.033333,1.0,0,0.0,1,0,7,1,2403,160.0,0,8,0.0,1,0.0,New People's Army (NPA)
14348,0,159,3,256,1562,-11.967368,-76.978462,1.0,0,0.0,1,0,3,21,2913,159.0,0,6,0.0,1,0.0,Shining Path (SL)
17030,0,603,8,178,1207,55.199105,-6.654067,1.0,0,0.0,1,0,1,3,1184,233.0,0,5,2.0,0,0.0,Irish Republican Army (IRA)
67258,0,4,6,465,2587,34.516895,69.147011,1.0,0,0.0,1,0,3,14,1218,4.0,0,6,4.0,-9,0.0,Taliban
67192,0,214,9,135,791,48.064426,37.673248,1.0,1,1.0,1,0,3,4,48,214.0,0,6,0.0,-9,0.0,Donetsk People's Republic
14070,0,183,11,18,92,-29.965819,30.882976,1.0,0,0.0,1,0,3,3,219,183.0,0,6,1.0,1,0.0,African National Congress (South Africa)
15431,0,159,3,256,1562,-11.967368,-76.978462,1.0,0,0.0,1,0,3,1,3360,217.0,0,6,1.0,1,0.0,Tupac Amaru Revolutionary Movement (MRTA)
48487,0,209,10,208,24,37.445932,43.744984,4.0,0,0.0,1,0,2,15,1663,209.0,0,5,1.0,0,0.0,Kurdistan Workers' Party (PKK)
14823,0,183,11,26,130,-23.00124,29.768678,1.0,0,0.0,0,0,3,1,263,183.0,0,6,0.0,1,0.0,African National Congress (South Africa)
31046,0,97,10,412,2221,31.771599,35.2034,1.0,0,0.0,0,0,3,19,2604,97.0,0,6,0.0,1,0.0,Palestinians
62825,0,200,10,37,190,33.515244,36.292084,1.0,0,1.0,1,0,3,14,1344,200.0,0,6,1.0,-9,0.0,Muslim extremists
75062,0,147,11,155,945,7.761622,9.087509,1.0,0,1.0,1,0,2,14,27,147.0,0,5,1.0,1,0.0,Fulani extremists
5764,0,69,8,127,91,48.856644,2.34233,1.0,0,0.0,1,0,3,2,1120,69.0,0,6,0.0,1,0.0,Corsican National Liberation Front (FLNC)
16948,0,159,3,256,1562,-11.967368,-76.978462,1.0,0,0.0,1,0,3,2,373,159.0,0,6,0.0,1,0.0,Tupac Amaru Revolutionary Movement (MRTA)
8885,0,61,2,139,849,13.69288,-89.199161,1.0,0,0.0,1,0,3,9,1297,61.0,0,6,1.0,1,0.0,Farabundo Marti National Liberation Front (FMLN)
8742,0,110,10,411,2218,33.888523,35.503513,1.0,0,0.0,1,0,3,7,2574,69.0,0,6,0.0,1,0.0,Palestinians
13055,0,145,2,391,2168,13.130707,-85.971684,3.0,1,0.0,1,0,7,1,2501,145.0,0,5,5.0,1,0.0,Nicaraguan Democratic Force (FDN)
32525,0,209,10,207,1375,37.340288,41.892628,1.0,1,0.0,1,0,3,21,1698,209.0,0,6,0.0,1,0.0,Kurdistan Workers' Party (PKK)
75809,1,160,5,1,42,6.021834,121.16568,1.0,0,0.0,1,0,6,14,74,160.0,0,5,1.0,0,1.0,Abu Sayyaf Group (ASG)
46500,0,45,3,325,1825,1.338227,-77.592617,1.0,0,0.0,1,0,3,2,2188,45.0,0,6,0.0,1,0.0,National Liberation Army of Colombia (ELN)
52289,0,95,10,31,216,33.375759,44.702866,1.0,0,1.0,1,0,3,14,13,95.0,0,6,2.0,0,0.0,Al-Qaida in Iraq
20103,0,603,8,178,1177,54.607712,-5.95621,1.0,0,0.0,0,0,1,2,1509,233.0,0,6,0.0,0,0.0,Irish Republican Army (IRA)
74529,0,92,6,118,1659,24.285466,87.242168,3.0,0,0.0,1,0,7,14,527,92.0,0,8,0.0,1,0.0,Maoists
57651,0,95,10,30,177,33.303566,44.371773,1.0,0,1.0,1,0,3,14,1623,95.0,0,6,3.0,0,0.0,Islamic State of Iraq and the Levant (ISIL)
38795,1,160,5,0,5,6.645556,122.101944,1.0,0,0.0,1,0,6,14,111,160.0,0,5,0.0,-9,1.0,Abu Sayyaf Group (ASG)
9175,0,45,3,326,1832,6.242026,-75.564766,1.0,0,0.0,1,0,2,1,2262,45.0,0,8,0.0,1,0.0,National Liberation Army of Colombia (ELN)
22586,0,43,3,250,1550,-33.366238,-70.505302,1.0,0,0.0,1,0,3,14,1886,43.0,0,6,0.0,1,0.0,Manuel Rodriguez Patriotic Front (FPMR)
40223,0,160,5,1,26,5.9735,120.9698,1.0,0,0.0,1,0,2,2,33,160.0,0,5,1.0,0,0.0,Abu Sayyaf Group (ASG)
13954,0,183,11,19,96,-26.184113,28.033232,1.0,0,0.0,1,0,3,1,204,183.0,0,6,0.0,1,0.0,African National Congress (South Africa)
19301,0,43,3,249,1551,-33.050125,-71.612251,1.0,0,0.0,1,0,3,1,1881,43.0,0,6,0.0,1,0.0,Manuel Rodriguez Patriotic Front (FPMR)
33607,0,92,6,268,1787,32.726602,74.857026,1.0,0,0.0,1,0,3,19,56,92.0,0,6,2.0,1,0.0,Sikh Extremists
82779,0,147,11,110,1059,10.030051,8.799994,2.0,0,1.0,1,0,2,14,27,147.0,0,5,10.0,-9,0.0,Fulani extremists
27677,0,45,3,333,24,10.411301,-74.405661,4.0,0,0.0,1,0,3,19,1027,45.0,0,6,0.0,1,0.0,National Liberation Army of Colombia (ELN)
44118,0,160,5,357,1942,8.217759,126.314871,1.0,0,0.0,1,0,2,3,2331,160.0,0,5,1.0,0,0.0,New People's Army (NPA)
63850,0,60,10,296,1770,30.084629,31.334314,1.0,0,0.0,1,0,3,14,562,60.0,0,6,0.0,1,0.0,Muslim extremists
30628,0,603,8,178,1193,54.159548,-6.458147,1.0,0,0.0,1,0,1,14,1463,233.0,0,5,1.0,0,0.0,Irish Republican Army (IRA)
12984,0,185,8,81,429,42.889005,-2.315288,1.0,0,0.0,1,0,2,3,744,185.0,0,6,0.0,1,0.0,Basque Fatherland and Freedom (ETA)
26597,0,61,2,138,891,13.318889,-87.643889,1.0,0,0.0,1,0,2,4,412,61.0,0,5,0.0,1,0.0,Farabundo Marti National Liberation Front (FMLN)
63210,1,147,11,110,948,9.516667,8.7,2.0,0,1.0,1,0,2,14,27,147.0,0,5,3.0,1,-9.0,Fulani extremists
42551,0,45,3,326,2295,6.1429,-75.18417,1.0,0,0.0,1,0,3,4,2704,45.0,0,6,4.0,-9,0.0,Revolutionary Armed Forces of Colombia (FARC)
49708,0,92,6,117,697,24.522096,83.722629,1.0,0,0.0,1,0,3,8,1029,92.0,0,6,0.0,1,0.0,Communist Party of India - Maoist (CPI-Maoist)
36995,0,45,3,326,1832,6.242026,-75.564766,1.0,0,1.0,1,0,3,4,2195,45.0,0,6,0.0,1,0.0,National Liberation Army of Colombia (ELN)
59853,0,45,3,323,24,7.946283,-72.898807,4.0,0,0.0,1,0,7,1,2247,45.0,0,8,0.0,1,0.0,National Liberation Army of Colombia (ELN)
36170,0,186,6,241,1501,8.541447,81.192318,1.0,0,0.0,1,0,3,4,1805,186.0,0,6,5.0,1,0.0,Liberation Tigers of Tamil Eelam (LTTE)
14021,0,61,2,148,879,13.416667,-88.5,1.0,0,1.0,1,0,3,21,1255,61.0,0,6,0.0,1,0.0,Farabundo Marti National Liberation Front (FMLN)
59151,0,147,11,100,514,11.392607,12.913806,2.0,0,0.0,1,0,2,14,13,147.0,0,8,2.0,1,0.0,Boko Haram
13770,0,69,8,126,24,41.919593,8.737687,4.0,0,1.0,1,0,3,1,1084,69.0,0,6,0.0,1,0.0,Corsican National Liberation Front (FLNC)
72143,0,92,6,119,1588,17.812075,81.383041,1.0,0,0.0,1,0,2,14,2009,92.0,0,9,1.0,0,0.0,Maoists
78793,0,228,10,49,262,13.357599,45.69648,1.0,0,0.0,1,0,3,4,405,228.0,0,6,0.0,1,0.0,Al-Qaida in the Arabian Peninsula (AQAP)
68289,0,200,10,188,1726,36.201721,37.14352,1.0,0,1.0,1,0,3,14,1218,200.0,0,6,4.0,-9,0.0,Muslim extremists
14534,0,61,2,141,863,13.491242,-88.173134,1.0,0,0.0,1,0,2,1,1289,61.0,0,5,0.0,1,0.0,Farabundo Marti National Liberation Front (FMLN)
20818,0,43,3,250,1550,-33.366238,-70.505302,1.0,0,0.0,1,0,3,21,1935,43.0,0,6,0.0,1,0.0,Manuel Rodriguez Patriotic Front (FPMR)
25878,0,92,6,316,2501,31.326015,75.576183,1.0,0,0.0,1,0,3,3,172,92.0,0,6,2.0,1,0.0,Sikh Extremists
83369,0,147,11,105,1034,9.462209,12.030083,3.0,0,0.0,1,0,2,1,1348,147.0,0,5,1.0,1,0.0,Fulani extremists
16611,0,145,2,391,2130,13.243611,-85.89596,1.0,0,0.0,1,0,2,4,1235,145.0,0,5,1.0,1,0.0,Nicaraguan Democratic Force (FDN)
79033,0,45,3,327,1826,4.667128,-74.106056,1.0,0,0.0,1,0,3,3,85,45.0,0,6,1.0,1,0.0,National Liberation Army of Colombia (ELN)
46745,0,4,6,298,2626,33.335258,69.928467,1.0,1,0.0,1,0,3,14,3129,4.0,0,6,1.0,1,0.0,Taliban
72359,0,160,5,0,20,6.665912,122.154839,1.0,0,1.0,1,0,3,11,79,160.0,0,6,0.0,1,0.0,Abu Sayyaf Group (ASG)
3545,0,185,8,83,382,43.258434,-2.921819,1.0,0,0.0,1,0,1,2,730,185.0,0,5,3.0,0,0.0,Basque Fatherland and Freedom (ETA)
77079,0,173,10,172,1128,16.759295,43.184751,2.0,0,0.0,1,0,3,4,172,173.0,0,6,0.0,-9,0.0,Houthi extremists (Ansar Allah)
17328,0,145,2,401,2153,12.879978,-85.412025,3.0,1,0.0,1,0,2,2,2492,145.0,0,5,0.0,1,0.0,Nicaraguan Democratic Force (FDN)
82150,0,228,10,50,241,15.325443,44.211895,1.0,0,0.0,0,0,1,2,1370,228.0,0,5,0.0,0,0.0,Houthi extremists (Ansar Allah)
52797,0,160,5,5,23,7.190952,125.461578,1.0,0,0.0,1,0,3,4,2355,160.0,0,6,1.0,0,0.0,New People's Army (NPA)
10043,0,110,10,411,2218,33.888523,35.503513,1.0,0,0.0,1,0,2,4,2620,97.0,0,5,1.0,1,0.0,Palestinians
77387,1,121,5,14,69,5.839444,118.117173,1.0,1,1.0,1,0,6,11,127,93.0,0,5,1.0,1,1.0,Abu Sayyaf Group (ASG)
72073,0,182,11,78,356,4.649988,46.544292,2.0,0,1.0,1,0,2,14,613,182.0,0,5,1.0,0,0.0,Al-Shabaab
63475,0,228,10,44,235,13.966953,44.002258,1.0,0,1.0,1,0,7,2,251,228.0,0,8,1.0,1,0.0,Al-Qaida in the Arabian Peninsula (AQAP)
73575,0,160,5,348,2014,10.299222,123.114941,1.0,0,0.0,1,0,2,4,2386,160.0,0,5,1.0,0,0.0,New People's Army (NPA)
70098,0,147,11,110,962,9.542234,8.899672,2.0,0,1.0,1,0,2,14,13,147.0,0,5,2.0,0,0.0,Fulani extremists
58910,0,110,10,194,1258,34.221798,36.376812,1.0,1,1.0,1,0,3,17,268,110.0,0,6,0.0,0,0.0,Islamic State of Iraq and the Levant (ISIL)
77069,0,173,10,172,1123,16.546944,42.979444,1.0,0,0.0,1,0,3,4,0,173.0,0,6,0.0,-9,0.0,Houthi extremists (Ansar Allah)
28184,1,155,10,304,2227,31.346964,34.30143,1.0,0,0.0,1,0,6,14,2584,155.0,0,12,1.0,0,1.0,Palestinians
70145,0,95,10,30,177,33.303566,44.371773,1.0,0,1.0,1,1,3,3,20,95.0,0,6,6.0,-9,0.0,Islamic State of Iraq and the Levant (ISIL)
80516,0,160,5,0,17,6.491515,122.141717,1.0,0,0.0,1,0,2,3,18,160.0,0,6,2.0,-9,0.0,Abu Sayyaf Group (ASG)
41413,0,173,10,278,219,24.64732,46.714581,1.0,0,0.0,1,0,2,14,2120,75.0,0,5,1.0,0,0.0,Muslim extremists
72705,0,228,10,49,254,13.129726,45.385571,1.0,0,0.0,1,0,3,4,373,228.0,0,6,0.0,1,0.0,Al-Qaida in the Arabian Peninsula (AQAP)
29729,0,45,3,328,1835,8.69053,-73.66254,3.0,0,0.0,1,0,3,21,2197,45.0,0,6,0.0,1,0.0,National Liberation Army of Colombia (ELN)
82251,0,95,10,33,205,34.010471,44.148235,1.0,0,0.0,0,1,3,14,853,95.0,0,6,6.0,0,0.0,Islamic State of Iraq and the Levant (ISIL)
9260,0,61,2,139,849,13.69288,-89.199161,1.0,0,0.0,1,0,2,3,1293,61.0,0,5,1.0,1,0.0,Farabundo Marti National Liberation Front (FMLN)
14980,0,159,3,256,1562,-11.967368,-76.978462,1.0,0,0.0,1,0,2,2,2863,159.0,0,5,0.0,1,0.0,Shining Path (SL)
63204,0,182,11,69,312,3.381584,45.598389,1.0,0,0.0,1,0,2,14,13,182.0,0,5,2.0,0,0.0,Al-Shabaab
17748,1,43,3,250,1550,-33.366238,-70.505302,1.0,0,0.0,1,0,3,2,410,43.0,0,6,0.0,1,0.0,Manuel Rodriguez Patriotic Front (FPMR)
24385,0,43,3,250,1550,-33.366238,-70.505302,1.0,0,0.0,1,0,3,2,1888,43.0,0,6,0.0,1,0.0,Manuel Rodriguez Patriotic Front (FPMR)
22671,0,92,6,316,2494,31.633078,74.878288,1.0,0,0.0,1,0,1,22,2999,92.0,0,5,1.0,0,0.0,Sikh Extremists
51471,0,228,10,45,236,12.825647,44.846416,1.0,0,0.0,0,0,2,4,484,228.0,0,5,0.0,0,0.0,Al-Qaida in the Arabian Peninsula (AQAP)
15096,0,159,3,256,1562,-11.967368,-76.978462,1.0,0,0.0,1,0,3,1,3354,159.0,0,6,0.0,1,0.0,Tupac Amaru Revolutionary Movement (MRTA)
61728,0,60,10,267,1724,31.250196,34.24128,1.0,0,1.0,1,0,1,14,2109,60.0,0,5,1.0,0,0.0,Muslim extremists
52928,0,95,10,33,209,34.726269,44.584908,1.0,1,1.0,1,0,2,14,380,95.0,0,5,8.0,0,0.0,Al-Qaida in Iraq
80379,0,200,10,197,1263,35.129299,37.275085,1.0,0,1.0,1,0,6,17,268,200.0,0,6,31.0,0,1.0,Islamic State of Iraq and the Levant (ISIL)
20424,0,43,3,250,1550,-33.366238,-70.505302,1.0,0,1.0,1,0,3,21,1883,43.0,0,6,0.0,1,0.0,Manuel Rodriguez Patriotic Front (FPMR)
6247,0,183,11,27,24,-29.601439,30.376695,4.0,0,0.0,1,0,2,1,242,183.0,0,5,0.0,1,0.0,African National Congress (South Africa)
53484,0,93,5,297,1772,-1.40232,120.758233,1.0,0,1.0,1,0,3,14,2145,93.0,0,6,0.0,1,0.0,Muslim extremists
31956,0,69,8,126,24,41.918891,8.737554,4.0,0,1.0,1,0,3,2,410,69.0,0,6,0.0,1,0.0,Corsican National Liberation Front (FLNC)
77815,0,160,5,4,36,7.099262,122.237204,1.0,0,0.0,0,0,2,14,47,160.0,0,5,2.0,0,0.0,Abu Sayyaf Group (ASG)
46394,0,45,3,332,1844,6.95284,-71.87514,1.0,0,0.0,1,0,2,3,2693,45.0,0,5,2.0,-9,0.0,Revolutionary Armed Forces of Colombia (FARC)
55971,1,92,6,122,1584,18.139245,81.852386,1.0,0,1.0,1,0,6,14,2006,92.0,0,5,1.0,0,1.0,Maoists
62436,0,4,6,300,1782,34.417122,70.449593,1.0,0,0.0,1,1,3,4,162,422.0,0,6,1.0,1,0.0,Taliban
11054,0,183,11,19,128,-26.250692,28.441941,1.0,0,0.0,0,0,3,19,255,183.0,0,6,0.0,1,0.0,African National Congress (South Africa)
58978,0,160,5,15,1997,9.051549,118.049001,1.0,0,0.0,1,0,6,1,2371,160.0,0,8,0.0,1,1.0,New People's Army (NPA)
57969,0,153,6,486,2717,24.891115,67.143311,1.0,0,0.0,1,0,2,3,85,153.0,0,6,2.0,1,0.0,Tehrik-i-Taliban Pakistan (TTP)
28190,0,45,3,341,2348,4.343864,-74.361955,3.0,0,0.0,1,0,2,4,412,45.0,0,5,7.0,1,0.0,Revolutionary Armed Forces of Colombia (FARC)
58436,0,95,10,30,177,33.303566,44.371773,1.0,0,0.0,1,0,2,14,1622,95.0,0,5,1.0,0,0.0,Islamic State of Iraq and the Levant (ISIL)
45759,0,4,6,471,2760,32.781111,69.329167,1.0,0,0.0,1,0,2,1,3234,4.0,0,5,0.0,0,0.0,Tehrik-i-Taliban Pakistan (TTP)
72882,0,92,6,117,691,24.871401,86.206094,2.0,0,0.0,1,0,7,16,1024,92.0,0,8,0.0,1,0.0,Communist Party of India - Maoist (CPI-Maoist)
64944,0,147,11,100,517,12.96309,13.60899,2.0,0,1.0,1,0,2,14,27,147.0,0,6,6.0,1,-9.0,Boko Haram
44985,0,4,6,462,2581,32.100204,66.901016,1.0,0,0.0,1,0,2,2,3156,4.0,0,5,2.0,-9,0.0,Taliban
15382,0,43,3,251,1554,-36.816006,-73.037659,1.0,0,1.0,1,0,3,1,1885,43.0,0,6,0.0,1,0.0,Manuel Rodriguez Patriotic Front (FPMR)
18842,0,159,3,487,2826,-16.609087,-71.215523,1.0,0,0.0,1,0,3,3,1570,159.0,0,5,0.0,1,0.0,Tupac Amaru Revolutionary Movement (MRTA)
20081,0,159,3,256,1562,-11.967368,-76.978462,1.0,0,0.0,1,0,3,1,410,159.0,0,6,0.0,1,0.0,Tupac Amaru Revolutionary Movement (MRTA)
69042,0,228,10,45,236,12.825647,44.846416,1.0,0,0.0,1,0,3,6,276,228.0,0,6,0.0,0,0.0,Houthi extremists (Ansar Allah)
72147,0,214,9,135,807,48.327225,38.025673,1.0,0,0.0,1,0,6,7,1193,422.0,0,5,0.0,0,1.0,Donetsk People's Republic
24232,1,45,3,326,1832,6.242026,-75.564766,1.0,0,0.0,1,0,6,1,2248,217.0,0,5,0.0,0,1.0,National Liberation Army of Colombia (ELN)
5843,0,183,11,19,132,-26.252697,27.870275,1.0,0,0.0,1,0,3,3,240,183.0,0,5,2.0,1,0.0,African National Congress (South Africa)
17282,0,183,11,19,96,-26.184113,28.033232,1.0,0,0.0,1,0,3,2,228,183.0,0,6,3.0,1,0.0,African National Congress (South Africa)
5380,0,97,10,412,2221,31.771599,35.2034,1.0,0,0.0,0,0,3,14,206,97.0,0,6,0.0,1,0.0,Palestinians
15348,0,43,3,250,1550,-33.366238,-70.505302,1.0,0,1.0,1,0,3,1,1890,43.0,0,6,0.0,1,0.0,Manuel Rodriguez Patriotic Front (FPMR)
41696,0,185,8,84,390,40.465595,-3.696263,1.0,0,1.0,1,0,3,1,676,185.0,0,6,0.0,1,0.0,Basque Fatherland and Freedom (ETA)
65470,0,147,11,155,1030,7.560784,9.091568,1.0,0,1.0,1,0,2,14,27,147.0,0,5,2.0,1,0.0,Fulani extremists
75453,0,147,11,100,544,13.326179,13.475137,1.0,0,0.0,1,0,2,4,167,147.0,0,6,27.0,-9,0.0,Boko Haram
69313,0,4,6,468,24,35.804295,69.287754,4.0,0,1.0,1,0,7,15,354,4.0,0,8,0.0,1,0.0,Taliban
42409,0,95,10,34,215,36.376823,42.448875,1.0,0,0.0,1,1,3,4,6,95.0,0,6,6.0,-9,0.0,Al-Qaida in Iraq
5115,0,69,8,131,745,41.591369,9.278311,1.0,0,0.0,1,0,3,20,1150,69.0,0,6,0.0,1,0.0,Corsican National Liberation Front (FLNC)
28049,0,69,8,126,745,41.591369,9.278311,1.0,0,0.0,1,0,3,2,410,69.0,0,6,0.0,1,0.0,Corsican National Liberation Front (FLNC)
18822,0,186,6,241,1519,9.380289,80.377,1.0,0,0.0,1,0,2,3,175,186.0,0,5,0.0,1,0.0,Liberation Tigers of Tamil Eelam (LTTE)
54719,0,95,10,31,200,33.573486,44.547424,1.0,0,0.0,1,0,3,14,334,95.0,0,6,4.0,1,0.0,Al-Qaida in Iraq
80615,0,182,11,63,304,2.059819,45.326115,1.0,0,0.0,1,0,1,2,594,182.0,0,5,1.0,0,0.0,Al-Shabaab
12620,0,145,2,401,2129,13.031591,-85.641009,1.0,0,0.0,1,0,2,14,2472,145.0,0,5,8.0,1,0.0,Nicaraguan Democratic Force (FDN)
18636,0,159,3,441,2830,-6.488123,-76.3599,1.0,0,0.0,0,0,2,6,3389,159.0,0,5,0.0,1,0.0,Tupac Amaru Revolutionary Movement (MRTA)
41241,0,45,3,336,2332,5.499147,-75.183126,1.0,0,0.0,1,0,2,14,2749,45.0,0,5,8.0,0,0.0,Revolutionary Armed Forces of Colombia (FARC)
71636,0,37,11,109,491,11.162543,14.013976,1.0,0,0.0,1,1,3,14,13,37.0,0,6,8.0,-9,0.0,Boko Haram
4814,0,69,8,126,24,41.918891,8.737554,4.0,0,1.0,1,0,3,1,802,69.0,0,6,0.0,1,0.0,Corsican National Liberation Front (FLNC)
73163,0,95,10,187,1299,35.823377,43.372935,3.0,0,0.0,1,0,3,4,373,95.0,0,6,4.0,-9,0.0,Islamic State of Iraq and the Levant (ISIL)
26653,0,43,3,250,1550,-33.366238,-70.505302,1.0,0,0.0,1,0,3,15,1953,217.0,0,6,0.0,1,0.0,Manuel Rodriguez Patriotic Front (FPMR)
82169,0,92,6,117,1669,25.18041,86.259059,1.0,0,0.0,1,0,6,14,2067,92.0,0,5,1.0,0,1.0,Maoists
52168,0,45,3,423,2361,1.406396,-75.453903,1.0,1,0.0,1,0,2,3,162,45.0,0,6,4.0,1,0.0,Revolutionary Armed Forces of Colombia (FARC)
13910,0,145,2,395,2118,12.10629,-85.36452,1.0,0,0.0,1,0,2,2,2467,145.0,0,5,0.0,1,0.0,Nicaraguan Democratic Force (FDN)
26708,0,45,3,330,24,6.643708,-73.653621,4.0,1,1.0,1,0,3,21,2699,45.0,0,6,0.0,1,0.0,Revolutionary Armed Forces of Colombia (FARC)
61627,0,214,9,135,815,47.905502,38.843531,1.0,1,0.0,1,0,3,4,1198,214.0,0,6,1.0,1,0.0,Donetsk People's Republic
80698,0,92,6,122,682,20.309067,83.728802,1.0,1,0.0,1,0,3,3,162,92.0,0,6,1.0,1,0.0,Communist Party of India - Maoist (CPI-Maoist)
11455,0,145,2,403,2139,12.398896,-86.813327,1.0,0,0.0,1,0,2,4,1235,145.0,0,5,1.0,1,0.0,Nicaraguan Democratic Force (FDN)
47302,0,173,10,175,1130,16.893194,42.57526,1.0,0,0.0,1,0,2,4,1384,173.0,0,5,1.0,1,0.0,Houthi extremists (Ansar Allah)
62752,0,95,10,33,207,34.92485,43.491413,1.0,0,0.0,1,0,3,1,1600,95.0,0,6,0.0,1,0.0,Islamic State of Iraq and the Levant (ISIL)
15770,0,159,3,256,1562,-11.967368,-76.978462,1.0,1,1.0,1,0,3,9,3347,159.0,0,6,0.0,1,0.0,Tupac Amaru Revolutionary Movement (MRTA)
34473,0,75,8,181,1366,51.482917,7.211808,1.0,0,0.0,1,0,7,1,1668,209.0,0,8,0.0,1,0.0,Kurdistan Workers' Party (PKK)
57471,0,92,6,116,1630,13.37129,75.198311,1.0,1,0.0,1,0,7,3,2046,92.0,0,5,0.0,1,0.0,Maoists
5906,0,45,3,341,2308,3.99759,-74.4995,2.0,0,0.0,1,0,6,14,853,45.0,0,5,7.0,1,1.0,Revolutionary Armed Forces of Colombia (FARC)
69445,0,147,11,100,546,10.671237,12.543212,1.0,0,0.0,1,0,2,14,27,147.0,0,5,1.0,0,0.0,Boko Haram
51084,1,92,6,118,587,24.177863,86.306667,3.0,0,0.0,1,0,6,1,2035,92.0,0,5,0.0,1,1.0,Maoists
15366,0,92,6,316,2512,31.234401,76.505465,1.0,0,0.0,1,0,2,14,27,92.0,0,9,7.0,1,0.0,Sikh Extremists
47596,0,160,5,373,1973,13.416,120.4623,1.0,0,0.0,1,0,7,16,2353,160.0,0,8,0.0,1,0.0,New People's Army (NPA)
66503,0,182,11,61,311,2.14383,45.118061,1.0,0,0.0,1,0,3,2,590,182.0,0,6,2.0,1,0.0,Al-Shabaab
21095,0,92,6,316,2481,30.898024,75.860077,1.0,0,1.0,0,0,3,14,3058,92.0,0,6,0.0,1,0.0,Sikh Extremists
6517,0,183,11,19,96,-26.184113,28.033232,1.0,0,0.0,1,0,3,1,270,183.0,0,6,1.0,1,0.0,African National Congress (South Africa)
14280,0,45,3,331,2342,1.97449,-75.93196,1.0,0,0.0,1,0,2,4,1245,45.0,0,5,2.0,1,0.0,Revolutionary Armed Forces of Colombia (FARC)
46064,1,182,11,60,301,3.115641,43.64658,1.0,0,0.0,1,0,2,2,597,182.0,0,5,0.0,-9,1.0,Al-Shabaab
51726,0,147,11,100,466,11.840929,13.141459,1.0,0,1.0,1,0,2,2,872,147.0,0,5,2.0,0,0.0,Boko Haram
50335,0,160,5,1,42,6.021834,121.16568,1.0,0,0.0,1,0,3,2,58,160.0,0,6,0.0,-9,0.0,Abu Sayyaf Group (ASG)
42209,0,186,6,203,1449,6.875271,81.830633,1.0,0,0.0,1,0,2,3,1747,186.0,0,5,2.0,-9,0.0,Liberation Tigers of Tamil Eelam (LTTE)
78956,0,160,5,366,2013,9.617466,125.40209,1.0,1,0.0,0,0,2,2,2384,160.0,0,5,0.0,0,0.0,New People's Army (NPA)
39993,0,141,6,240,1609,29.231273,80.650008,1.0,0,0.0,1,0,3,2,2026,141.0,0,6,0.0,1,0.0,Maoists
29978,0,186,6,203,1441,7.301756,81.67473,3.0,0,0.0,1,0,1,14,1739,186.0,0,5,2.0,0,0.0,Liberation Tigers of Tamil Eelam (LTTE)
11226,0,603,8,178,1181,54.347539,-6.656108,1.0,0,0.0,1,0,3,1,1500,233.0,0,6,1.0,1,0.0,Irish Republican Army (IRA)
57096,0,4,6,472,2601,34.340449,63.752884,3.0,0,0.0,1,0,2,3,12,4.0,0,5,3.0,0,0.0,Taliban
15032,0,159,3,256,1562,-11.967368,-76.978462,1.0,0,0.0,1,0,5,10,3339,159.0,0,5,0.0,1,1.0,Tupac Amaru Revolutionary Movement (MRTA)
68288,0,200,10,188,1726,36.201721,37.14352,1.0,0,1.0,1,0,3,14,1218,200.0,0,6,4.0,-9,0.0,Muslim extremists
24705,0,159,3,256,1562,-11.967368,-76.978462,1.0,0,1.0,1,0,3,8,51,159.0,0,6,0.0,1,0.0,Shining Path (SL)
53927,0,153,6,279,1741,33.671638,73.056068,1.0,0,0.0,0,0,3,10,3223,153.0,0,6,0.0,0,0.0,Tehrik-i-Taliban Pakistan (TTP)
62490,0,214,9,135,829,47.119068,38.066851,1.0,0,0.0,1,0,3,14,841,214.0,0,6,0.0,-9,0.0,Donetsk People's Republic
63072,0,214,9,135,798,48.020912,37.529469,1.0,0,1.0,1,0,3,4,48,214.0,0,6,1.0,-9,0.0,Donetsk People's Republic
12307,0,145,2,391,2163,13.54204,-85.53942,1.0,0,0.0,1,0,2,4,2496,145.0,0,5,0.0,1,0.0,Nicaraguan Democratic Force (FDN)
77530,0,182,11,63,304,2.059819,45.326115,1.0,0,0.0,1,0,2,4,345,182.0,0,5,1.0,1,0.0,Al-Shabaab
75621,0,173,10,58,24,17.658138,45.261024,4.0,0,0.0,1,0,3,3,85,173.0,0,6,5.0,-9,0.0,Houthi extremists (Ansar Allah)
64154,0,214,9,135,823,48.312065,38.274979,1.0,1,0.0,1,0,2,4,48,214.0,0,6,0.0,-9,0.0,Donetsk People's Republic
76207,0,182,11,63,304,2.059819,45.326115,1.0,0,0.0,1,1,3,1,437,182.0,0,6,23.0,1,0.0,Al-Shabaab
57299,0,228,10,49,271,13.850725,46.201563,3.0,0,0.0,1,0,2,4,495,228.0,0,5,4.0,0,0.0,Al-Qaida in the Arabian Peninsula (AQAP)
46737,0,92,6,117,693,24.730152,84.953731,1.0,0,0.0,1,0,3,16,1026,92.0,0,6,0.0,1,0.0,Communist Party of India - Maoist (CPI-Maoist)
75454,0,147,11,155,969,7.047112,8.591723,1.0,0,1.0,1,0,2,8,1341,147.0,0,5,2.0,-9,0.0,Fulani extremists
49195,0,153,6,484,2767,35.202293,71.873006,1.0,1,0.0,0,0,1,2,3273,153.0,0,5,1.0,1,0.0,Tehrik-i-Taliban Pakistan (TTP)
37718,0,69,8,126,756,42.681855,9.303746,1.0,0,1.0,1,0,5,14,1101,69.0,0,9,0.0,0,1.0,Corsican National Liberation Front (FLNC)
18298,0,92,6,447,2497,28.690073,77.213982,1.0,0,0.0,1,0,2,14,2983,92.0,0,5,10.0,0,0.0,Sikh Extremists
19490,1,45,3,326,1832,6.242026,-75.564766,1.0,0,0.0,1,0,6,7,2211,45.0,0,5,0.0,0,1.0,National Liberation Army of Colombia (ELN)
42279,0,160,5,4,15,6.929089,122.07885,1.0,0,1.0,1,0,3,19,36,160.0,0,6,0.0,1,0.0,Abu Sayyaf Group (ASG)
48744,0,228,10,49,24,13.683741,46.081752,4.0,0,0.0,1,0,3,3,502,228.0,0,6,0.0,1,0.0,Al-Qaida in the Arabian Peninsula (AQAP)
67751,0,214,9,135,788,48.363186,37.891922,1.0,0,0.0,1,0,3,4,48,214.0,0,6,0.0,-9,0.0,Donetsk People's Republic
28158,0,155,10,304,1724,31.278791,34.256435,1.0,0,0.0,1,0,3,1,2625,155.0,0,6,0.0,1,0.0,Palestinians
63941,0,45,3,326,2331,7.10429,-75.647612,1.0,0,0.0,0,0,3,20,6,45.0,0,6,0.0,0,0.0,Revolutionary Armed Forces of Colombia (FARC)
54958,1,228,10,49,258,13.92892,46.079399,1.0,0,0.0,1,0,6,4,511,228.0,0,5,1.0,-9,1.0,Al-Qaida in the Arabian Peninsula (AQAP)
13592,0,43,3,250,1550,-33.366238,-70.505302,1.0,0,1.0,1,0,3,21,1959,43.0,0,6,0.0,1,0.0,Manuel Rodriguez Patriotic Front (FPMR)
21809,0,61,2,139,849,13.69288,-89.199161,1.0,0,1.0,1,0,3,21,821,61.0,0,6,0.0,1,0.0,Farabundo Marti National Liberation Front (FMLN)
28065,0,155,10,410,2217,32.222271,35.253506,1.0,0,0.0,1,0,8,3,409,97.0,0,2,0.0,1,0.0,Palestinians
77549,0,60,10,267,1722,31.212225,34.117065,1.0,1,0.0,0,0,3,20,6,60.0,0,6,0.0,0,0.0,Muslim extremists
12651,0,183,11,19,125,-26.160098,27.872807,1.0,0,0.0,1,0,3,14,231,183.0,0,6,0.0,1,0.0,African National Congress (South Africa)
12193,0,183,11,18,97,-29.861824,31.008293,1.0,0,0.0,1,0,3,2,215,183.0,0,6,0.0,1,0.0,African National Congress (South Africa)
65573,0,160,5,0,29,6.41871,121.972443,1.0,0,0.0,1,0,3,1,37,160.0,0,6,0.0,-9,0.0,Abu Sayyaf Group (ASG)
14541,0,145,2,405,2125,12.34294,-83.67123,1.0,0,0.0,1,0,3,14,2471,145.0,0,5,0.0,1,0.0,Nicaraguan Democratic Force (FDN)
40821,1,160,5,1,18,5.544054,120.815636,1.0,0,0.0,1,0,6,14,19,160.0,0,5,0.0,0,1.0,Abu Sayyaf Group (ASG)
66315,0,228,10,45,236,12.825647,44.846416,1.0,0,0.0,0,1,3,20,6,228.0,0,6,0.0,0,0.0,Al-Qaida in the Arabian Peninsula (AQAP)
45692,0,185,8,89,404,42.815372,-1.653616,1.0,0,0.0,1,0,3,8,719,185.0,0,6,0.0,1,0.0,Basque Fatherland and Freedom (ETA)
82005,0,160,5,0,25,6.516151,121.910015,1.0,0,1.0,1,0,2,14,27,160.0,0,5,5.0,1,0.0,Abu Sayyaf Group (ASG)
24066,0,186,6,74,1495,9.00412,80.571145,1.0,0,0.0,1,0,6,14,1794,186.0,0,5,0.0,0,1.0,Liberation Tigers of Tamil Eelam (LTTE)
67829,0,95,10,31,212,33.693947,45.067425,1.0,0,1.0,1,0,3,3,1595,95.0,0,6,0.0,1,0.0,Islamic State of Iraq and the Levant (ISIL)
8602,0,97,10,410,2254,31.701906,35.22699,1.0,0,0.0,1,0,7,3,175,97.0,0,8,1.0,1,0.0,Palestinians
10278,0,159,3,256,1562,-11.967368,-76.978462,1.0,0,0.0,1,0,3,1,2894,217.0,0,6,1.0,1,0.0,Shining Path (SL)
8427,0,159,3,432,2397,-13.152712,-74.218628,1.0,0,0.0,1,0,3,21,2905,159.0,0,6,1.0,1,0.0,Shining Path (SL)
1799,0,603,8,178,1185,54.446968,-6.39292,1.0,0,0.0,1,0,1,4,1444,216.0,0,5,1.0,0,0.0,Irish Republican Army (IRA)
27509,0,61,2,140,24,14.191665,-89.1706,4.0,0,0.0,1,0,3,4,1280,61.0,0,6,0.0,1,0.0,Farabundo Marti National Liberation Front (FMLN)
10225,0,61,2,140,24,14.191665,-89.1706,4.0,0,0.0,1,0,3,21,1234,61.0,0,6,1.0,1,0.0,Farabundo Marti National Liberation Front (FMLN)
42067,0,95,10,39,194,32.469238,44.416637,1.0,0,0.0,1,1,3,3,356,95.0,0,6,34.0,-9,0.0,Al-Qaida in Iraq
10583,0,145,2,393,2085,13.131923,-86.345742,3.0,0,0.0,1,0,2,4,1266,145.0,0,5,2.0,1,0.0,Nicaraguan Democratic Force (FDN)
21236,0,45,3,332,24,6.547306,-71.002231,4.0,0,0.0,1,0,3,21,2197,45.0,0,6,0.0,1,0.0,National Liberation Army of Colombia (ELN)
52166,0,153,6,389,2721,34.565494,71.477429,3.0,0,0.0,1,0,2,4,3201,153.0,0,5,21.0,0,0.0,Tehrik-i-Taliban Pakistan (TTP)
82752,0,153,6,389,2716,33.831888,69.960989,1.0,0,1.0,1,0,3,4,3189,153.0,0,6,4.0,0,0.0,Tehrik-i-Taliban Pakistan (TTP)
60337,0,228,10,54,280,16.033225,44.766555,3.0,0,0.0,1,1,3,17,20,228.0,0,6,4.0,0,0.0,Al-Qaida in the Arabian Peninsula (AQAP)
25175,0,92,6,264,2530,28.21962,77.941739,1.0,0,0.0,1,0,3,3,3026,92.0,0,6,0.0,1,0.0,Sikh Extremists
66449,0,153,6,486,2717,24.891115,67.143311,1.0,0,0.0,1,1,3,4,3190,153.0,0,6,4.0,1,0.0,Tehrik-i-Taliban Pakistan (TTP)
14961,0,145,2,392,2102,13.62679,-85.8254,1.0,0,0.0,1,0,2,4,1235,145.0,0,5,1.0,1,0.0,Nicaraguan Democratic Force (FDN)
21123,0,92,6,262,2507,24.37938,73.338447,2.0,0,0.0,1,0,1,14,2995,92.0,0,5,3.0,0,0.0,Sikh Extremists
10823,0,183,11,18,136,-29.890769,30.975174,1.0,0,0.0,1,0,3,1,248,183.0,0,6,0.0,1,0.0,African National Congress (South Africa)
65091,0,214,9,135,827,47.827862,37.652819,1.0,0,1.0,1,0,3,14,853,214.0,0,6,0.0,-9,0.0,Donetsk People's Republic
35863,0,45,3,326,1886,5.59,-75.867222,2.0,0,0.0,1,0,7,19,2278,45.0,0,8,0.0,1,0.0,National Liberation Army of Colombia (ELN)
62545,0,214,9,135,785,47.117252,37.572659,1.0,1,0.0,1,0,3,4,1219,214.0,0,6,1.0,1,0.0,Donetsk People's Republic
73125,0,228,10,45,236,12.825647,44.846416,1.0,0,0.0,1,0,3,14,409,228.0,0,6,2.0,1,0.0,Houthi extremists (Ansar Allah)
12144,0,159,3,256,1562,-11.967368,-76.978462,1.0,0,0.0,0,0,1,3,2886,159.0,0,5,0.0,0,0.0,Shining Path (SL)
13510,0,145,2,399,2156,12.984322,-86.963095,1.0,0,0.0,1,0,2,4,1235,145.0,0,5,1.0,1,0.0,Nicaraguan Democratic Force (FDN)
15169,0,159,3,439,2429,-13.16015,-75.072161,1.0,0,0.0,1,0,1,2,2888,159.0,0,5,1.0,0,0.0,Shining Path (SL)
51751,0,92,6,118,1582,24.165471,86.223142,1.0,0,0.0,1,0,5,1,1069,92.0,0,5,0.0,1,1.0,Maoists
70303,0,173,10,172,1129,16.800006,43.149996,2.0,0,1.0,1,0,3,3,162,173.0,0,6,0.0,1,0.0,Houthi extremists (Ansar Allah)
19985,0,159,3,432,2397,-13.163874,-74.223564,2.0,1,1.0,1,0,3,21,1945,159.0,0,6,0.0,1,0.0,Shining Path (SL)
83321,0,182,11,69,330,4.391135,46.087469,2.0,0,0.0,0,0,1,2,592,182.0,0,5,12.0,1,0.0,Al-Shabaab
24283,0,45,3,326,24,6.2675,-75.568611,4.0,0,0.0,1,0,1,14,2263,45.0,0,5,2.0,0,0.0,National Liberation Army of Colombia (ELN)
66271,0,214,9,135,791,48.064426,37.673248,1.0,0,1.0,1,0,3,4,1199,214.0,0,6,0.0,0,0.0,Donetsk People's Republic
46990,0,160,5,363,1981,13.493886,123.325117,1.0,0,0.0,1,0,7,16,2358,160.0,0,8,0.0,1,0.0,New People's Army (NPA)
14491,0,61,2,142,858,13.505945,-88.897676,1.0,0,0.0,1,0,2,4,1235,61.0,0,5,1.0,1,0.0,Farabundo Marti National Liberation Front (FMLN)
52825,0,147,11,100,466,11.840929,13.141459,1.0,0,0.0,1,0,2,4,48,147.0,0,5,1.0,0,0.0,Boko Haram
49451,0,4,6,471,2640,32.715785,69.281793,1.0,1,0.0,1,1,3,1,1061,4.0,0,6,25.0,1,0.0,Taliban
60765,0,228,10,48,24,15.46591,45.293941,4.0,0,1.0,1,0,3,21,443,228.0,0,6,0.0,1,0.0,Al-Qaida in the Arabian Peninsula (AQAP)
60173,1,4,6,472,2672,34.3425,61.746667,3.0,0,0.0,1,0,6,12,3162,422.0,0,5,1.0,0,1.0,Taliban
69486,0,160,5,1,2,6.066531,121.100068,1.0,0,0.0,1,0,2,4,55,160.0,0,5,2.0,0,0.0,Abu Sayyaf Group (ASG)
25816,0,69,8,126,744,41.930607,8.742907,1.0,0,0.0,1,0,3,1,1106,69.0,0,6,0.0,1,0.0,Corsican National Liberation Front (FLNC)
52327,0,95,10,30,177,33.303566,44.371773,1.0,0,1.0,1,0,3,14,339,95.0,0,6,14.0,0,0.0,Al-Qaida in Iraq
53166,0,147,11,100,466,11.840929,13.141459,1.0,0,1.0,1,0,7,16,842,147.0,0,8,4.0,1,0.0,Boko Haram
40780,0,92,6,268,1774,34.153695,74.667536,2.0,0,0.0,1,0,2,14,2147,92.0,0,5,2.0,0,0.0,Muslim extremists
12821,0,145,2,394,2154,13.45504,-86.405758,1.0,0,0.0,1,0,3,9,2493,145.0,0,6,1.0,1,0.0,Nicaraguan Democratic Force (FDN)
64937,0,113,10,270,1730,32.755737,12.723051,1.0,0,0.0,1,0,7,2,2110,113.0,0,8,0.0,1,0.0,Muslim extremists
21270,0,61,2,139,849,13.69288,-89.199161,1.0,0,0.0,1,0,2,4,1308,61.0,0,5,0.0,1,0.0,Farabundo Marti National Liberation Front (FMLN)
30055,0,92,6,268,2526,34.526179,74.254614,1.0,0,0.0,1,0,6,3,3021,92.0,0,5,0.0,0,1.0,Sikh Extremists
83070,0,95,10,33,1277,34.030712,44.063866,1.0,0,1.0,1,0,3,4,12,95.0,0,6,0.0,-9,0.0,Islamic State of Iraq and the Levant (ISIL)
73628,0,95,10,29,24,33.982013,42.594834,4.0,0,1.0,0,1,3,4,0,95.0,0,6,15.0,0,0.0,Islamic State of Iraq and the Levant (ISIL)
71983,0,95,10,187,1239,35.768353,43.588966,1.0,0,0.0,0,1,3,4,48,95.0,0,6,3.0,0,0.0,Islamic State of Iraq and the Levant (ISIL)
39070,0,185,8,88,399,41.656285,-0.876533,1.0,0,0.0,1,0,1,2,677,185.0,0,5,1.0,0,0.0,Basque Fatherland and Freedom (ETA)
41708,0,185,8,93,423,40.656422,-4.700322,1.0,0,1.0,1,0,3,20,6,185.0,0,6,0.0,1,0.0,Basque Fatherland and Freedom (ETA)
53079,0,4,6,457,2598,31.631083,65.742226,1.0,1,0.0,0,1,1,3,3130,4.0,0,6,5.0,1,0.0,Taliban
32567,0,209,10,219,24,40.061908,41.686803,4.0,0,0.0,1,0,2,4,1261,209.0,0,5,3.0,1,0.0,Kurdistan Workers' Party (PKK)
56669,1,160,5,0,39,6.599402,121.904055,1.0,0,0.0,1,0,6,12,52,422.0,0,5,0.0,0,1.0,Abu Sayyaf Group (ASG)
15063,0,159,3,256,1562,-11.967368,-76.978462,1.0,0,1.0,1,0,3,1,3333,159.0,0,6,0.0,1,0.0,Tupac Amaru Revolutionary Movement (MRTA)
21491,0,43,3,250,1550,-33.366238,-70.505302,1.0,0,0.0,0,0,3,2,1916,43.0,0,6,0.0,1,0.0,Manuel Rodriguez Patriotic Front (FPMR)
1724,0,185,8,90,437,43.0,-2.166667,1.0,0,0.0,1,0,1,3,766,185.0,0,5,1.0,0,0.0,Basque Fatherland and Freedom (ETA)
22861,0,159,3,256,1562,-11.967368,-76.978462,1.0,0,1.0,1,0,3,1,3385,159.0,0,6,0.0,1,0.0,Tupac Amaru Revolutionary Movement (MRTA)
66610,0,153,6,484,2770,33.976307,71.437157,1.0,0,0.0,1,0,1,4,3250,153.0,0,5,1.0,0,0.0,Tehrik-i-Taliban Pakistan (TTP)
7919,0,61,2,147,864,13.949826,-88.146348,1.0,0,0.0,1,0,2,4,1235,61.0,0,5,1.0,1,0.0,Farabundo Marti National Liberation Front (FMLN)
24374,0,186,6,203,1488,7.689011,81.72947,1.0,0,0.0,1,0,2,15,1823,186.0,0,5,112.0,1,0.0,Liberation Tigers of Tamil Eelam (LTTE)
54317,0,95,10,30,177,33.303566,44.371773,1.0,0,1.0,1,0,2,2,381,95.0,0,5,0.0,0,0.0,Al-Qaida in Iraq
56893,1,160,5,5,1966,7.188989,125.456432,2.0,0,0.0,1,0,6,14,2346,160.0,0,5,1.0,0,1.0,New People's Army (NPA)
18116,0,43,3,250,1550,-33.366238,-70.505302,1.0,0,0.0,1,0,3,1,1115,43.0,0,6,0.0,1,0.0,Manuel Rodriguez Patriotic Front (FPMR)
59300,1,147,11,155,1063,7.889693,7.911945,2.0,0,1.0,1,0,6,14,27,147.0,0,5,5.0,1,1.0,Fulani extremists
44874,0,92,6,245,1491,24.801749,92.944764,3.0,0,0.0,1,0,2,1,1788,186.0,0,5,8.0,0,0.0,Liberation Tigers of Tamil Eelam (LTTE)
22571,0,159,3,256,1562,-11.967368,-76.978462,1.0,0,1.0,1,0,3,1,1115,159.0,0,6,0.0,1,0.0,Tupac Amaru Revolutionary Movement (MRTA)
13717,0,145,2,397,24,12.492724,-85.520024,4.0,0,1.0,1,0,7,1,2500,145.0,0,5,1.0,1,0.0,Nicaraguan Democratic Force (FDN)
18932,0,183,11,19,96,-26.184113,28.033232,1.0,0,0.0,0,0,1,3,265,183.0,0,5,0.0,0,0.0,African National Congress (South Africa)
21242,0,92,6,316,24,31.147131,75.341218,4.0,0,0.0,0,0,3,19,3005,92.0,0,6,0.0,1,0.0,Sikh Extremists
53466,0,92,6,119,1665,18.153452,81.508949,1.0,1,0.0,0,0,3,4,48,92.0,0,6,0.0,0,0.0,Maoists
18033,0,159,3,256,1562,-11.967368,-76.978462,1.0,0,1.0,1,0,3,1,3320,159.0,0,6,0.0,1,0.0,Tupac Amaru Revolutionary Movement (MRTA)
69945,0,209,10,217,1357,37.912504,40.2391,3.0,0,0.0,1,0,3,3,409,209.0,0,6,2.0,1,0.0,Kurdistan Workers' Party (PKK)
17442,0,183,11,25,133,-33.98263,18.569386,1.0,0,0.0,1,0,1,2,246,183.0,0,6,0.0,1,0.0,African National Congress (South Africa)
67257,1,214,9,135,786,47.981647,37.762325,1.0,0,0.0,1,0,6,12,52,422.0,0,5,1.0,0,1.0,Donetsk People's Republic
35111,0,186,6,241,1478,7.115312,81.852488,1.0,0,0.0,1,0,1,14,1778,186.0,0,5,1.0,0,0.0,Liberation Tigers of Tamil Eelam (LTTE)
37885,1,160,5,1,54,5.977475,121.115015,1.0,1,0.0,1,0,6,12,94,160.0,0,5,0.0,0,1.0,Abu Sayyaf Group (ASG)
28270,1,45,3,326,1860,6.1876,-74.99429,1.0,0,0.0,1,0,6,1,2243,101.0,0,5,0.0,0,1.0,National Liberation Army of Colombia (ELN)
66199,0,147,11,100,486,11.808727,12.495786,1.0,0,0.0,1,1,3,4,20,147.0,0,6,1.0,0,0.0,Boko Haram
41940,0,95,10,30,177,33.303566,44.371773,1.0,0,0.0,1,1,3,7,360,167.0,0,6,1.0,-9,0.0,Al-Qaida in Iraq
54889,0,95,10,30,177,33.303566,44.371773,1.0,0,1.0,1,0,3,14,367,95.0,0,6,2.0,0,0.0,Al-Qaida in Iraq
28797,0,209,10,231,24,38.943543,41.748498,4.0,0,0.0,1,0,2,19,1692,209.0,0,5,1.0,1,0.0,Kurdistan Workers' Party (PKK)
34004,0,69,8,126,757,42.874404,9.471427,1.0,0,0.0,1,0,3,14,1104,69.0,0,6,0.0,1,0.0,Corsican National Liberation Front (FLNC)
49487,0,45,3,326,917,6.81699,-75.243998,1.0,1,0.0,0,0,3,21,2702,45.0,0,6,0.0,0,0.0,Revolutionary Armed Forces of Colombia (FARC)
76393,0,228,10,49,254,13.129726,45.385571,1.0,0,0.0,1,0,3,4,405,228.0,0,6,1.0,-9,0.0,Al-Qaida in the Arabian Peninsula (AQAP)
57701,0,92,6,122,1657,17.940918,81.531387,1.0,0,0.0,1,0,2,14,2061,92.0,0,5,1.0,0,0.0,Maoists
66176,0,214,9,135,787,47.098835,37.81987,1.0,0,0.0,1,0,2,4,48,214.0,0,6,0.0,0,0.0,Donetsk People's Republic
11144,0,145,2,400,2176,12.710919,-87.023859,2.0,1,0.0,1,0,3,4,2504,145.0,0,6,108.0,1,0.0,Nicaraguan Democratic Force (FDN)
80440,1,95,10,33,202,34.621521,43.668377,1.0,0,0.0,1,0,6,4,1601,95.0,0,5,1.0,0,1.0,Islamic State of Iraq and the Levant (ISIL)
61608,0,182,11,61,323,1.716188,44.768864,1.0,0,0.0,1,0,3,4,523,422.0,0,6,1.0,-9,0.0,Al-Shabaab
17768,0,183,11,19,96,-26.184113,28.033232,1.0,0,0.0,1,0,3,4,198,183.0,0,6,1.0,1,0.0,African National Congress (South Africa)
24032,0,155,10,304,2222,31.502407,34.459743,1.0,0,0.0,1,0,1,14,2532,155.0,0,9,1.0,0,0.0,Palestinians
75497,1,160,5,1,22,6.050458,121.012245,1.0,0,0.0,1,0,6,14,114,160.0,0,9,1.0,0,1.0,Abu Sayyaf Group (ASG)
60430,1,214,9,135,786,47.981647,37.762325,1.0,0,0.0,1,0,6,7,1201,422.0,0,5,0.0,0,1.0,Donetsk People's Republic
56957,0,95,10,30,177,33.303566,44.371773,1.0,0,1.0,1,0,3,14,1603,95.0,0,6,6.0,-9,0.0,Islamic State of Iraq and the Levant (ISIL)
36822,0,160,5,0,16,6.681959,121.985477,1.0,0,0.0,1,0,3,3,103,160.0,0,6,0.0,1,0.0,Abu Sayyaf Group (ASG)
75438,0,147,11,155,1064,7.350826,8.836276,4.0,0,1.0,1,0,2,14,13,147.0,0,5,1.0,-9,0.0,Fulani extremists
61122,0,147,11,100,537,10.839722,13.021944,2.0,0,1.0,1,0,2,14,27,147.0,0,6,9.0,1,0.0,Boko Haram
72721,0,147,11,155,1045,7.238651,9.292253,2.0,0,1.0,1,0,2,2,1353,147.0,0,5,4.0,1,0.0,Fulani extremists
43369,0,186,6,242,1450,6.022103,80.799766,1.0,0,0.0,1,1,3,4,1748,186.0,0,6,16.0,1,0.0,Liberation Tigers of Tamil Eelam (LTTE)
47239,0,92,6,118,599,24.302783,85.005153,1.0,0,0.0,1,0,2,17,920,92.0,0,5,3.0,0,0.0,Communist Party of India - Maoist (CPI-Maoist)
16397,0,159,3,432,2397,-13.152712,-74.218628,1.0,0,0.0,1,0,3,16,2917,159.0,0,6,0.0,1,0.0,Shining Path (SL)
9720,0,159,3,437,2409,-17.360278,-69.701111,2.0,0,0.0,0,0,3,19,2852,159.0,0,6,17.0,0,0.0,Shining Path (SL)
9895,0,61,2,147,880,13.5,-88.9,1.0,0,0.0,1,0,2,4,1245,61.0,0,5,1.0,1,0.0,Farabundo Marti National Liberation Front (FMLN)
46216,0,186,6,242,1485,5.944433,80.549945,1.0,0,0.0,1,1,3,14,13,186.0,0,6,10.0,1,0.0,Liberation Tigers of Tamil Eelam (LTTE)
6516,0,110,10,194,2261,33.793296,35.822422,1.0,0,0.0,1,0,3,14,2611,97.0,0,6,7.0,1,0.0,Palestinians
63209,1,147,11,110,948,9.516667,8.7,2.0,0,1.0,1,0,2,14,27,147.0,0,5,1.0,1,-9.0,Fulani extremists
72071,0,160,5,0,13,6.582303,122.179241,1.0,0,0.0,1,0,6,19,97,160.0,0,5,0.0,1,1.0,Abu Sayyaf Group (ASG)
6793,0,155,10,410,2217,32.222271,35.253506,1.0,0,0.0,0,0,3,20,1083,97.0,0,6,1.0,1,0.0,Palestinians
68282,0,4,6,459,2605,32.443855,62.147739,2.0,0,1.0,1,0,2,4,48,4.0,0,6,1.0,1,0.0,Taliban
46632,0,153,6,485,2767,35.202293,71.873006,1.0,1,0.0,1,1,3,15,3271,153.0,0,6,31.0,-9,0.0,Tehrik-i-Taliban Pakistan (TTP)
47128,0,92,6,118,651,23.74831,86.705864,1.0,0,0.0,1,0,2,3,973,92.0,0,5,1.0,0,0.0,Communist Party of India - Maoist (CPI-Maoist)
23040,0,155,10,304,1724,31.278791,34.256435,1.0,0,0.0,0,0,1,14,2617,155.0,0,9,0.0,0,0.0,Palestinians
18164,0,43,3,250,1550,-33.366238,-70.505302,1.0,0,1.0,1,0,3,14,1933,43.0,0,6,0.0,1,0.0,Manuel Rodriguez Patriotic Front (FPMR)
24699,0,97,10,412,2221,31.771599,35.2034,1.0,0,0.0,1,0,2,14,2598,97.0,0,8,0.0,1,0.0,Palestinians
51237,0,92,6,122,672,20.8167,82.5333,2.0,0,0.0,1,0,7,1,932,92.0,0,8,0.0,1,0.0,Communist Party of India - Maoist (CPI-Maoist)
38154,0,186,6,240,1479,6.978143,79.889327,1.0,0,0.0,0,1,3,4,1779,186.0,0,6,3.0,-9,0.0,Liberation Tigers of Tamil Eelam (LTTE)
32358,0,185,8,89,404,42.815372,-1.653616,1.0,0,1.0,1,0,3,1,702,185.0,0,6,0.0,1,0.0,Basque Fatherland and Freedom (ETA)
65868,1,160,5,1,22,6.050458,121.012245,1.0,0,0.0,1,0,6,14,31,44.0,0,5,0.0,0,1.0,Abu Sayyaf Group (ASG)
19191,0,92,6,316,2523,31.22402,75.770801,1.0,0,0.0,1,0,3,3,1818,92.0,0,6,0.0,1,0.0,Sikh Extremists
83248,0,95,10,30,177,33.303566,44.371773,1.0,0,0.0,0,0,3,20,6,95.0,0,6,0.0,0,0.0,Islamic State of Iraq and the Levant (ISIL)
52325,0,153,6,484,2733,33.47483,71.48759,1.0,0,0.0,1,0,3,3,409,153.0,0,6,6.0,1,0.0,Tehrik-i-Taliban Pakistan (TTP)
45207,0,92,6,117,615,24.744071,86.457931,1.0,1,0.0,1,0,3,19,935,92.0,0,6,0.0,1,0.0,Communist Party of India - Maoist (CPI-Maoist)
36808,0,603,8,178,1218,54.42071,-6.443767,1.0,0,0.0,1,0,3,14,1533,233.0,0,6,0.0,1,0.0,Irish Republican Army (IRA)
32797,0,603,8,178,1177,54.607712,-5.95621,1.0,0,0.0,0,0,3,3,1490,216.0,0,6,0.0,1,0.0,Irish Republican Army (IRA)
61570,0,160,5,350,1949,7.833053,125.816497,1.0,0,1.0,1,0,3,4,2337,160.0,0,6,0.0,0,0.0,New People's Army (NPA)
58654,0,153,6,486,2717,24.891115,67.143311,1.0,0,0.0,0,0,3,22,3196,153.0,0,6,0.0,0,0.0,Tehrik-i-Taliban Pakistan (TTP)
48118,0,45,3,325,2292,1.212936,-77.27471,1.0,0,0.0,1,0,3,2,2698,45.0,0,6,5.0,1,0.0,Revolutionary Armed Forces of Colombia (FARC)
67324,0,214,9,135,787,47.098835,37.81987,1.0,1,1.0,1,0,2,4,48,214.0,0,6,0.0,-9,0.0,Donetsk People's Republic
60118,0,147,11,110,1057,9.248437,10.185178,2.0,0,0.0,1,0,2,14,27,147.0,0,5,4.0,1,0.0,Fulani extremists
76665,0,153,6,389,2721,34.741835,71.183722,1.0,0,1.0,0,0,2,4,2046,153.0,0,5,0.0,0,0.0,Tehrik-i-Taliban Pakistan (TTP)
21692,0,160,5,352,24,12.367922,123.620761,4.0,0,0.0,1,0,1,2,2326,160.0,0,5,1.0,0,0.0,New People's Army (NPA)
50065,0,153,6,484,2767,35.202293,71.873006,1.0,0,0.0,1,0,3,2,3246,153.0,0,6,1.0,1,0.0,Tehrik-i-Taliban Pakistan (TTP)
77532,0,147,11,104,975,9.632177,8.503456,3.0,0,1.0,1,0,2,14,27,147.0,0,5,12.0,1,0.0,Fulani extremists
65265,0,92,6,119,1594,19.984386,80.719147,1.0,0,0.0,1,0,3,3,2014,92.0,0,6,0.0,0,0.0,Maoists
52287,0,95,10,29,176,33.31065,44.038208,1.0,1,1.0,1,0,3,3,12,95.0,0,6,0.0,0,0.0,Al-Qaida in Iraq
77025,0,95,10,31,1240,34.021821,44.933508,1.0,0,0.0,1,0,3,4,345,95.0,0,6,1.0,0,0.0,Islamic State of Iraq and the Levant (ISIL)
75828,0,92,6,120,603,22.408769,87.373316,3.0,0,1.0,0,0,3,20,6,92.0,0,6,0.0,0,0.0,Maoists
19947,0,186,6,241,1470,9.304036,80.409705,1.0,0,0.0,1,0,3,4,1764,92.0,0,6,2.0,1,0.0,Liberation Tigers of Tamil Eelam (LTTE)
44690,0,186,6,241,1468,8.980118,79.912462,1.0,0,0.0,1,0,3,15,1761,186.0,0,6,0.0,1,0.0,Liberation Tigers of Tamil Eelam (LTTE)
25676,0,61,2,139,849,13.69288,-89.199161,1.0,0,0.0,1,0,2,4,1267,61.0,0,5,0.0,1,0.0,Farabundo Marti National Liberation Front (FMLN)
4869,0,603,8,178,24,54.787715,-6.492314,4.0,0,1.0,1,0,7,2,1524,233.0,0,8,1.0,1,0.0,Irish Republican Army (IRA)
17791,0,160,5,3,9,10.295334,123.87825,1.0,0,0.0,1,0,1,3,2359,160.0,0,5,3.0,0,0.0,New People's Army (NPA)
48127,0,92,6,118,583,24.128611,84.185712,3.0,0,0.0,1,0,3,3,905,92.0,0,6,1.0,-9,0.0,Communist Party of India - Maoist (CPI-Maoist)
79594,0,95,10,34,184,36.354145,43.14357,1.0,0,0.0,0,0,1,2,1599,95.0,0,5,1.0,-9,0.0,Islamic State of Iraq and the Levant (ISIL)
10089,0,603,8,178,1177,54.607712,-5.95621,1.0,0,0.0,0,0,1,3,1438,233.0,0,5,0.0,0,0.0,Irish Republican Army (IRA)
53932,0,92,6,125,1612,19.414501,80.590422,1.0,1,0.0,0,0,2,3,12,92.0,0,5,0.0,0,0.0,Maoists
70832,0,147,11,100,466,11.840929,13.141459,1.0,0,0.0,1,1,3,15,354,147.0,0,6,11.0,1,0.0,Boko Haram
62448,0,45,3,332,24,6.545924,-71.000519,4.0,0,0.0,1,0,3,20,6,45.0,0,6,0.0,1,0.0,Revolutionary Armed Forces of Colombia (FARC)
7205,0,97,10,242,1789,31.670221,34.576403,2.0,1,0.0,1,0,3,4,2624,97.0,0,6,0.0,0,0.0,Palestinians
83338,0,228,10,50,241,15.325443,44.211895,1.0,0,0.0,1,0,2,2,1376,228.0,0,6,1.0,-9,0.0,Houthi extremists (Ansar Allah)
70736,0,92,6,125,1574,19.29994,80.703422,1.0,0,0.0,1,0,2,3,2000,92.0,0,5,1.0,0,0.0,Maoists
60241,0,182,11,61,358,1.79,44.53,3.0,0,0.0,1,0,3,4,48,422.0,0,6,1.0,1,0.0,Al-Shabaab
18528,0,43,3,250,1550,-33.366238,-70.505302,1.0,0,1.0,1,0,3,14,779,43.0,0,6,0.0,1,0.0,Manuel Rodriguez Patriotic Front (FPMR)
37440,0,69,8,126,753,42.567651,8.757222,1.0,0,0.0,1,0,3,1,1156,999.0,0,6,0.0,1,0.0,Corsican National Liberation Front (FLNC)
43215,0,209,10,216,1383,38.888447,40.501144,1.0,0,0.0,1,0,3,19,1684,92.0,0,6,0.0,1,0.0,Kurdistan Workers' Party (PKK)
55767,0,4,6,463,24,34.014552,69.192392,4.0,0,0.0,1,0,3,4,48,4.0,0,6,2.0,0,0.0,Taliban
74622,0,146,11,108,485,13.695975,13.322427,1.0,1,0.0,1,0,2,4,48,146.0,0,6,10.0,0,0.0,Boko Haram
12465,0,159,3,432,2049,-12.597099,-73.830879,1.0,0,0.0,1,0,2,14,2891,159.0,0,5,25.0,1,1.0,Shining Path (SL)
18341,0,69,8,126,752,42.6042,8.929852,1.0,0,1.0,1,0,3,14,1096,21.0,0,6,0.0,1,0.0,Corsican National Liberation Front (FLNC)
70346,1,95,10,33,1287,34.834415,43.515133,1.0,0,1.0,1,0,6,14,13,95.0,0,5,1.0,0,1.0,Islamic State of Iraq and the Levant (ISIL)
15084,0,61,2,148,895,13.483333,-88.466667,1.0,0,1.0,1,0,3,21,1276,61.0,0,6,0.0,1,0.0,Farabundo Marti National Liberation Front (FMLN)
68440,0,92,6,118,1626,23.815092,84.199699,1.0,0,0.0,1,0,3,19,2043,92.0,0,6,0.0,1,0.0,Maoists
21901,0,185,8,81,388,43.291618,-1.977903,1.0,0,0.0,1,0,3,3,764,185.0,0,6,0.0,1,0.0,Basque Fatherland and Freedom (ETA)
20181,0,92,6,262,2502,26.338056,76.151944,1.0,0,0.0,1,0,1,1,2988,92.0,0,5,1.0,0,0.0,Sikh Extremists
37023,1,160,5,10,51,7.291386,122.064633,1.0,0,0.0,1,0,6,14,89,160.0,0,5,0.0,0,1.0,Abu Sayyaf Group (ASG)
17524,0,43,3,255,1561,-35.43058,-71.65762,1.0,0,1.0,1,0,3,2,1928,43.0,0,6,0.0,1,0.0,Manuel Rodriguez Patriotic Front (FPMR)
61269,0,95,10,29,193,33.420948,43.295662,1.0,0,1.0,1,0,4,3,20,95.0,0,5,1.0,1,0.0,Islamic State of Iraq and the Levant (ISIL)
80169,0,160,5,365,1980,16.983334,122.01667,1.0,0,0.0,0,0,2,4,55,160.0,0,5,0.0,0,0.0,New People's Army (NPA)
53330,0,228,10,45,236,12.825647,44.846416,1.0,0,0.0,1,1,3,17,485,228.0,0,6,1.0,0,0.0,Al-Qaida in the Arabian Peninsula (AQAP)
12179,0,43,3,250,1550,-33.366238,-70.505302,1.0,0,0.0,1,0,3,1,1877,43.0,0,6,0.0,1,0.0,Manuel Rodriguez Patriotic Front (FPMR)
19695,0,92,6,316,2529,31.534899,75.910571,1.0,0,0.0,1,0,1,10,3025,92.0,0,5,1.0,0,0.0,Sikh Extremists
22581,0,209,10,207,1388,37.443297,42.003155,1.0,0,0.0,1,0,2,14,1687,209.0,0,5,2.0,1,0.0,Kurdistan Workers' Party (PKK)
31211,0,97,10,412,2221,31.771599,35.2034,1.0,0,0.0,1,0,8,19,56,97.0,0,9,0.0,1,0.0,Palestinians
55067,0,92,6,117,695,24.92326,86.220238,1.0,0,0.0,1,0,3,21,2015,92.0,0,6,0.0,1,0.0,Maoists
42167,0,92,6,121,1648,21.320179,84.260115,1.0,0,0.0,1,0,2,14,6,92.0,0,5,5.0,0,0.0,Maoists
3294,0,185,8,83,382,43.258434,-2.921819,1.0,0,0.0,1,0,2,14,409,185.0,0,8,0.0,1,0.0,Basque Fatherland and Freedom (ETA)
28490,0,159,3,256,1562,-11.967368,-76.978462,1.0,0,1.0,1,0,3,1,1106,159.0,0,6,0.0,1,0.0,Shining Path (SL)
19685,0,97,10,412,2221,31.771599,35.2034,1.0,0,0.0,1,0,1,8,2596,97.0,0,5,1.0,0,0.0,Palestinians
14949,0,159,3,256,1562,-11.967368,-76.978462,1.0,0,0.0,1,0,3,2,3400,159.0,0,6,1.0,1,0.0,Tupac Amaru Revolutionary Movement (MRTA)
34485,0,209,10,234,1402,36.204751,36.165597,1.0,0,0.0,1,0,2,14,27,209.0,0,5,9.0,1,0.0,Kurdistan Workers' Party (PKK)
59807,0,214,9,135,810,48.730804,37.574596,1.0,0,0.0,1,0,2,4,1211,214.0,0,6,0.0,1,0.0,Donetsk People's Republic
33380,0,185,8,81,405,43.365899,-2.996356,1.0,0,0.0,1,0,1,3,696,185.0,0,5,1.0,0,0.0,Basque Fatherland and Freedom (ETA)
25946,0,159,3,256,1562,-11.967368,-76.978462,1.0,0,1.0,1,0,2,19,56,159.0,0,8,0.0,1,0.0,Shining Path (SL)
55930,0,4,6,476,2638,36.96468,69.170024,2.0,0,0.0,1,0,2,3,20,4.0,0,5,4.0,-9,0.0,Taliban
73139,0,182,11,61,317,2.050931,45.154106,1.0,0,0.0,1,0,3,4,162,182.0,0,6,4.0,1,0.0,Al-Shabaab
64813,0,214,9,135,822,48.251964,38.323397,1.0,0,0.0,1,0,3,4,48,214.0,0,6,0.0,-9,0.0,Donetsk People's Republic
12300,0,43,3,250,1550,-33.366238,-70.505302,1.0,0,0.0,1,0,3,1,1930,43.0,0,6,0.0,1,0.0,Manuel Rodriguez Patriotic Front (FPMR)
19986,0,159,3,256,1562,-11.967368,-76.978462,1.0,0,0.0,1,0,3,4,3342,159.0,0,6,0.0,1,0.0,Tupac Amaru Revolutionary Movement (MRTA)
48807,0,603,8,46,237,52.829397,-1.332046,1.0,0,1.0,0,0,3,6,441,217.0,0,6,0.0,0,0.0,Al-Qaida in the Arabian Peninsula (AQAP)
41058,0,69,8,126,746,42.104248,9.512429,1.0,0,0.0,1,0,3,14,1085,69.0,0,6,0.0,1,0.0,Corsican National Liberation Front (FLNC)
49510,0,45,3,323,1858,8.436226,-73.286661,1.0,1,0.0,1,0,3,21,2701,45.0,0,6,0.0,1,0.0,Revolutionary Armed Forces of Colombia (FARC)
30298,0,92,6,262,2541,25.68927,75.702149,1.0,0,0.0,1,0,2,14,3039,92.0,0,5,10.0,1,0.0,Sikh Extremists
47263,0,92,6,120,688,22.610613,87.254276,2.0,0,1.0,1,0,7,2,1020,92.0,0,8,0.0,1,0.0,Communist Party of India - Maoist (CPI-Maoist)
9567,0,159,3,256,2447,-13.06098,-76.353028,1.0,0,0.0,1,0,3,20,2909,159.0,0,6,0.0,1,0.0,Shining Path (SL)
67194,0,214,9,135,791,48.064426,37.673248,1.0,1,1.0,1,0,3,4,48,214.0,0,6,0.0,-9,0.0,Donetsk People's Republic
4907,0,185,8,81,394,43.291618,-1.977903,1.0,0,0.0,1,0,3,1,669,69.0,0,6,0.0,1,0.0,Basque Fatherland and Freedom (ETA)
32377,0,217,1,413,2223,41.842602,-87.681229,1.0,0,0.0,1,0,7,8,2533,217.0,0,8,0.0,1,0.0,Palestinians
43509,0,186,6,241,1521,9.700556,80.309167,1.0,0,0.0,1,0,3,4,1828,153.0,0,6,1.0,0,0.0,Liberation Tigers of Tamil Eelam (LTTE)
16316,0,183,11,18,153,-29.941403,30.939766,1.0,0,0.0,1,0,3,3,219,183.0,0,6,0.0,1,0.0,African National Congress (South Africa)
15023,0,145,2,393,2085,13.131923,-86.345742,3.0,0,0.0,1,0,2,2,2449,145.0,0,5,1.0,1,0.0,Nicaraguan Democratic Force (FDN)
20817,0,43,3,250,1550,-33.366238,-70.505302,1.0,0,0.0,1,0,3,2,1944,43.0,0,6,0.0,1,0.0,Manuel Rodriguez Patriotic Front (FPMR)
15434,0,159,3,256,1562,-11.967368,-76.978462,1.0,0,0.0,1,0,3,1,3391,217.0,0,6,0.0,1,0.0,Tupac Amaru Revolutionary Movement (MRTA)
54472,0,153,6,389,2771,33.654339,70.183861,1.0,0,0.0,1,0,3,7,3251,422.0,0,6,2.0,0,0.0,Tehrik-i-Taliban Pakistan (TTP)
44730,0,185,8,89,24,42.695391,-1.676069,4.0,0,0.0,1,0,3,16,689,185.0,0,6,0.0,1,0.0,Basque Fatherland and Freedom (ETA)
59289,0,182,11,61,325,1.800153,44.907244,1.0,0,0.0,1,0,2,4,427,422.0,0,6,1.0,-9,0.0,Al-Shabaab
13661,0,145,2,401,2133,12.822269,-86.002138,2.0,1,0.0,1,0,3,19,2477,145.0,0,5,3.0,1,0.0,Nicaraguan Democratic Force (FDN)
41860,0,69,8,126,744,41.930607,8.742907,1.0,0,0.0,1,0,3,1,1114,69.0,0,6,0.0,1,0.0,Corsican National Liberation Front (FLNC)
47352,0,95,10,31,179,33.74324,44.623825,1.0,0,0.0,1,0,1,17,331,95.0,0,5,2.0,-9,0.0,Al-Qaida in Iraq
15838,0,183,11,18,97,-29.861824,31.008293,1.0,1,0.0,1,0,3,21,274,183.0,0,6,0.0,1,0.0,African National Congress (South Africa)
14734,0,159,3,256,1562,-11.967368,-76.978462,1.0,0,0.0,1,0,2,3,3382,159.0,0,5,1.0,1,0.0,Tupac Amaru Revolutionary Movement (MRTA)
62834,0,209,10,207,1360,37.331264,42.181782,3.0,0,1.0,1,0,7,8,51,209.0,0,8,0.0,1,0.0,Kurdistan Workers' Party (PKK)
9441,0,61,2,138,921,13.812778,-87.819167,1.0,0,0.0,1,0,2,14,1310,61.0,0,5,1.0,1,1.0,Farabundo Marti National Liberation Front (FMLN)
24314,0,185,8,84,390,40.465595,-3.696263,1.0,0,0.0,0,0,1,2,729,185.0,0,6,0.0,0,0.0,Basque Fatherland and Freedom (ETA)
66627,0,228,10,45,236,12.825647,44.846416,1.0,0,1.0,1,0,3,14,603,228.0,0,6,3.0,1,0.0,Houthi extremists (Ansar Allah)
16371,0,183,11,21,120,-25.474193,30.969455,1.0,1,0.0,1,0,3,4,224,183.0,0,6,1.0,1,0.0,African National Congress (South Africa)
67247,0,4,6,469,24,35.170056,63.76864,4.0,0,0.0,1,0,2,3,2046,4.0,0,8,3.0,1,0.0,Taliban
78385,0,147,11,100,477,11.831098,13.150967,2.0,0,1.0,1,1,3,4,845,147.0,0,6,4.0,0,0.0,Boko Haram
58196,0,4,6,300,2662,34.328977,70.407486,3.0,0,0.0,1,0,2,3,2046,4.0,0,5,4.0,1,0.0,Taliban
73042,0,147,11,155,1025,7.858306,7.871603,2.0,0,1.0,1,0,2,14,27,147.0,0,5,51.0,1,0.0,Fulani extremists
3713,0,603,8,178,1177,54.607712,-5.95621,1.0,0,0.0,1,0,3,1,1135,216.0,0,6,0.0,1,0.0,Irish Republican Army (IRA)
32111,0,209,10,207,24,37.422746,42.492326,4.0,0,0.0,1,0,2,4,1701,209.0,0,5,1.0,1,0.0,Kurdistan Workers' Party (PKK)
80077,1,160,5,1,19,6.055578,121.039629,1.0,0,0.0,1,0,6,2,45,160.0,0,5,0.0,0,1.0,Abu Sayyaf Group (ASG)
77765,0,228,10,57,277,13.586484,44.024105,1.0,0,0.0,1,0,3,14,1369,228.0,0,6,2.0,1,0.0,Houthi extremists (Ansar Allah)
56838,0,147,11,102,465,11.247069,12.01246,1.0,0,0.0,1,0,2,14,853,147.0,0,5,1.0,-9,0.0,Boko Haram
54715,0,45,3,425,863,0.325732,-76.878675,1.0,1,0.0,1,0,3,3,85,45.0,0,6,2.0,1,0.0,Revolutionary Armed Forces of Colombia (FARC)
29976,0,75,8,227,898,52.50153,13.401851,1.0,0,1.0,1,0,7,6,410,209.0,0,9,0.0,1,0.0,Kurdistan Workers' Party (PKK)
68242,0,214,9,135,803,47.942608,37.505135,1.0,0,1.0,1,0,3,4,1187,214.0,0,6,0.0,-9,0.0,Donetsk People's Republic
28693,0,61,2,140,870,13.938518,-88.901366,1.0,0,1.0,1,0,3,21,1250,61.0,0,6,0.0,1,0.0,Farabundo Marti National Liberation Front (FMLN)
72509,0,92,6,122,1587,19.583711,83.500638,1.0,0,0.0,0,0,3,4,48,92.0,0,6,0.0,0,0.0,Maoists
16591,0,159,3,256,1562,-11.967368,-76.978462,1.0,0,0.0,1,0,2,19,3380,159.0,0,8,0.0,1,0.0,Tupac Amaru Revolutionary Movement (MRTA)
20875,0,43,3,254,1558,-38.734133,-72.584651,1.0,0,0.0,1,0,3,21,1286,43.0,0,6,0.0,1,0.0,Manuel Rodriguez Patriotic Front (FPMR)
17240,0,145,2,393,2085,13.131923,-86.345742,3.0,0,1.0,1,0,3,21,821,145.0,0,6,0.0,1,0.0,Nicaraguan Democratic Force (FDN)
43180,0,186,6,74,1477,9.718224,80.018501,1.0,0,0.0,1,0,2,14,1777,186.0,0,5,1.0,0,0.0,Liberation Tigers of Tamil Eelam (LTTE)
20326,0,183,11,19,93,-26.31468,27.828306,1.0,0,0.0,1,0,3,2,183,183.0,0,6,0.0,1,0.0,African National Congress (South Africa)
36643,0,186,6,240,1438,6.952452,79.877983,1.0,0,1.0,1,0,3,21,1773,186.0,0,6,0.0,1,0.0,Liberation Tigers of Tamil Eelam (LTTE)
74400,0,160,5,348,2004,10.716471,123.516044,2.0,0,0.0,1,0,2,4,2377,160.0,0,5,3.0,-9,0.0,New People's Army (NPA)
70285,0,228,10,57,277,13.586484,44.024105,1.0,0,0.0,1,0,3,14,1218,228.0,0,6,5.0,-9,0.0,Houthi extremists (Ansar Allah)
81864,0,95,10,35,1238,35.029195,43.688809,1.0,0,0.0,1,0,3,14,1627,95.0,0,6,4.0,0,0.0,Islamic State of Iraq and the Levant (ISIL)
62845,0,147,11,104,955,10.470701,7.779848,2.0,0,1.0,1,0,2,14,27,147.0,0,5,30.0,1,0.0,Fulani extremists
79859,0,4,6,464,2646,31.488245,64.321492,3.0,0,0.0,1,0,3,19,398,4.0,0,6,11.0,1,0.0,Taliban
39617,1,160,5,5,24,7.075778,125.587755,4.0,0,0.0,1,0,6,14,29,38.0,0,5,0.0,0,1.0,Abu Sayyaf Group (ASG)
60472,1,214,9,135,786,47.981647,37.762325,1.0,0,0.0,1,0,6,14,1207,214.0,0,5,0.0,0,1.0,Donetsk People's Republic
44329,0,95,10,33,182,34.208416,43.890713,1.0,0,0.0,0,0,2,4,335,217.0,0,5,6.0,0,0.0,Al-Qaida in Iraq
10954,0,145,2,400,913,12.481654,-87.173207,1.0,0,0.0,1,0,3,1,2478,145.0,0,5,0.0,1,0.0,Nicaraguan Democratic Force (FDN)
76996,0,209,10,210,1351,37.477368,40.486736,1.0,1,0.0,1,0,3,4,409,209.0,0,6,3.0,1,0.0,Kurdistan Workers' Party (PKK)
48252,1,92,6,120,641,22.577189,87.004942,1.0,0,0.0,1,0,6,14,963,92.0,0,5,0.0,0,1.0,Communist Party of India - Maoist (CPI-Maoist)
21656,0,43,3,250,1550,-33.366238,-70.505302,1.0,0,0.0,1,0,7,19,56,43.0,0,8,0.0,1,0.0,Manuel Rodriguez Patriotic Front (FPMR)
43732,0,186,6,241,1517,8.785598,80.41596,1.0,0,0.0,1,0,2,3,1824,186.0,0,5,1.0,-9,0.0,Liberation Tigers of Tamil Eelam (LTTE)
33018,0,155,10,304,2233,31.308194,34.287996,1.0,1,0.0,1,0,2,4,12,97.0,0,5,0.0,1,0.0,Palestinians
27527,0,159,3,256,1562,-11.967368,-76.978462,1.0,0,1.0,1,0,3,1,702,159.0,0,6,0.0,1,0.0,Tupac Amaru Revolutionary Movement (MRTA)
78690,0,228,10,49,244,13.887403,45.863647,1.0,0,0.0,1,0,1,17,483,228.0,0,5,4.0,0,0.0,Al-Qaida in the Arabian Peninsula (AQAP)
66143,0,228,10,47,250,15.840202,48.45438,1.0,0,0.0,1,0,3,4,521,228.0,0,6,3.0,1,0.0,Al-Qaida in the Arabian Peninsula (AQAP)
66007,0,228,10,170,1144,15.316891,44.474802,4.0,0,0.0,1,0,3,4,1401,228.0,0,6,10.0,1,0.0,Houthi extremists (Ansar Allah)
61741,0,214,9,135,786,47.981647,37.762325,1.0,0,0.0,1,0,3,19,1186,214.0,0,6,0.0,1,0.0,Donetsk People's Republic
54497,0,147,11,156,968,8.455538,8.212538,1.0,0,1.0,1,0,7,14,27,147.0,0,5,5.0,1,0.0,Fulani extremists
41532,0,141,6,240,1676,27.626424,83.378939,3.0,0,0.0,1,0,7,19,2071,141.0,0,8,0.0,1,0.0,Maoists
19953,0,159,3,256,1562,-11.967368,-76.978462,1.0,0,0.0,1,0,3,2,3396,159.0,0,6,0.0,1,0.0,Tupac Amaru Revolutionary Movement (MRTA)
67728,0,147,11,110,542,9.503691,8.928101,1.0,0,0.0,1,0,2,14,27,147.0,0,5,20.0,1,0.0,Boko Haram
83407,0,147,11,103,1042,8.215909,5.633592,1.0,0,0.0,1,0,2,14,1350,147.0,0,5,0.0,1,0.0,Fulani extremists
871,0,603,8,178,1190,54.293235,-6.842351,1.0,0,0.0,1,0,1,4,1455,233.0,0,5,1.0,0,0.0,Irish Republican Army (IRA)
79876,0,95,10,34,184,36.354145,43.14357,1.0,0,1.0,1,0,3,4,0,95.0,0,2,0.0,-9,0.0,Islamic State of Iraq and the Levant (ISIL)
63283,0,228,10,52,248,13.985013,45.558479,1.0,0,1.0,1,0,2,2,515,228.0,0,6,6.0,1,0.0,Al-Qaida in the Arabian Peninsula (AQAP)
55957,0,60,10,267,1727,31.082872,34.146267,1.0,0,1.0,1,0,2,4,20,60.0,0,6,1.0,0,0.0,Muslim extremists
18551,0,155,10,304,2222,31.502407,34.459743,1.0,0,0.0,1,0,3,4,12,97.0,0,6,0.0,1,0.0,Palestinians
73474,0,228,10,57,277,13.586484,44.024105,1.0,0,1.0,1,0,3,14,1196,228.0,0,6,13.0,-9,0.0,Houthi extremists (Ansar Allah)
23893,0,160,5,353,2034,13.5926,122.3215,1.0,0,0.0,1,0,2,4,2409,160.0,0,5,0.0,1,0.0,New People's Army (NPA)
66221,0,147,11,100,486,11.808727,12.495786,1.0,0,0.0,1,0,3,14,334,147.0,0,6,5.0,1,0.0,Boko Haram
32427,0,45,3,330,1834,7.116294,-73.120026,1.0,0,0.0,1,0,3,2,2194,45.0,0,6,0.0,1,0.0,National Liberation Army of Colombia (ELN)
25451,0,159,3,490,2829,-5.902332,-76.120399,1.0,0,0.0,1,0,2,14,3386,159.0,0,5,2.0,1,0.0,Tupac Amaru Revolutionary Movement (MRTA)
25829,0,61,2,139,849,13.69288,-89.199161,1.0,0,1.0,1,0,3,21,1295,61.0,0,6,0.0,1,0.0,Farabundo Marti National Liberation Front (FMLN)
59200,0,147,11,155,980,7.820035,8.860315,1.0,0,1.0,1,0,2,14,27,147.0,0,5,13.0,1,0.0,Fulani extremists
5427,0,185,8,81,381,43.18418,-2.473289,1.0,0,0.0,1,0,1,3,693,185.0,0,5,1.0,0,0.0,Basque Fatherland and Freedom (ETA)
57848,0,160,5,13,1959,8.455393,125.159241,1.0,0,0.0,1,0,2,4,93,160.0,0,5,1.0,-9,0.0,New People's Army (NPA)
31805,0,159,3,256,1562,-11.967368,-76.978462,1.0,0,0.0,1,0,3,1,2835,159.0,0,6,0.0,1,0.0,Shining Path (SL)
20345,0,45,3,342,2302,3.40001,-76.23336,2.0,0,0.0,1,0,2,3,2711,45.0,0,5,0.0,1,0.0,Revolutionary Armed Forces of Colombia (FARC)
50772,0,147,11,105,516,9.203496,12.49539,1.0,0,0.0,1,0,2,15,874,147.0,0,5,8.0,1,0.0,Boko Haram
22969,0,155,10,304,2222,31.502407,34.459743,1.0,0,0.0,1,0,1,14,2615,155.0,0,9,1.0,0,0.0,Palestinians
15515,0,69,8,126,747,42.699997,9.447317,1.0,0,0.0,1,0,3,18,1090,69.0,0,6,0.0,1,0.0,Corsican National Liberation Front (FLNC)
69468,0,209,10,207,1327,37.248644,42.469318,1.0,0,0.0,1,0,2,4,427,209.0,0,6,4.0,-9,0.0,Kurdistan Workers' Party (PKK)
55813,0,182,11,65,319,-0.100689,41.908362,2.0,0,0.0,1,0,3,4,570,422.0,0,6,0.0,1,0.0,Al-Shabaab
30872,0,155,10,304,2222,31.502407,34.459743,1.0,1,1.0,1,0,1,14,2613,155.0,0,5,1.0,0,0.0,Palestinians
50662,0,153,6,484,2763,34.002579,71.382477,1.0,0,0.0,1,0,3,8,3238,153.0,0,6,0.0,1,0.0,Tehrik-i-Taliban Pakistan (TTP)
20783,0,159,3,256,1562,-11.967368,-76.978462,1.0,0,0.0,1,0,3,3,3369,159.0,0,6,0.0,1,0.0,Tupac Amaru Revolutionary Movement (MRTA)
19444,0,159,3,256,1562,-11.967368,-76.978462,1.0,0,1.0,1,0,3,2,1926,159.0,0,6,0.0,1,0.0,Shining Path (SL)
11485,0,110,10,415,2230,33.550434,35.370964,1.0,0,0.0,1,0,3,4,2545,97.0,0,6,0.0,1,0.0,Palestinians
29986,0,209,10,195,1260,41.106178,28.689863,1.0,0,0.0,0,0,7,8,1704,209.0,0,8,0.0,1,0.0,Kurdistan Workers' Party (PKK)
15177,0,183,11,18,92,-29.965819,30.882976,1.0,0,0.0,1,0,3,3,253,183.0,0,6,0.0,1,0.0,African National Congress (South Africa)
28076,0,92,6,316,2531,31.448943,74.925262,1.0,0,0.0,1,0,3,3,2433,92.0,0,6,7.0,1,0.0,Sikh Extremists
56710,0,45,3,332,1844,6.956503,-71.859529,1.0,0,0.0,0,0,3,20,6,45.0,0,6,0.0,0,0.0,National Liberation Army of Colombia (ELN)
25644,0,209,10,214,1339,39.54068,43.682701,3.0,0,0.0,1,0,2,4,412,209.0,0,5,19.0,1,0.0,Kurdistan Workers' Party (PKK)
17951,0,159,3,432,2397,-13.152712,-74.218628,1.0,0,0.0,1,0,2,2,2869,159.0,0,5,1.0,1,0.0,Shining Path (SL)
73065,0,160,5,358,1943,7.189447,124.92525,1.0,0,0.0,1,0,3,3,409,160.0,0,6,0.0,1,0.0,New People's Army (NPA)
60664,0,214,9,135,825,48.851688,37.613808,1.0,1,0.0,1,0,2,4,1212,214.0,0,5,0.0,1,0.0,Donetsk People's Republic
58909,0,182,11,64,305,4.396972,43.908638,1.0,0,0.0,1,0,3,4,558,422.0,0,6,1.0,0,0.0,Al-Shabaab
51276,0,147,11,102,463,11.704399,11.088539,1.0,0,0.0,1,0,1,2,861,147.0,0,5,2.0,1,0.0,Boko Haram
20055,0,186,6,241,1456,9.338416,80.303394,1.0,0,0.0,1,0,2,4,1235,92.0,0,5,0.0,1,0.0,Liberation Tigers of Tamil Eelam (LTTE)
67932,0,160,5,1,22,6.050458,121.012245,1.0,0,0.0,1,0,3,3,85,160.0,0,6,0.0,-9,0.0,Abu Sayyaf Group (ASG)
43340,0,186,6,203,1449,6.875271,81.830633,1.0,0,0.0,1,0,2,3,1768,186.0,0,5,1.0,0,0.0,Liberation Tigers of Tamil Eelam (LTTE)
64493,0,45,3,331,2322,2.3889,-75.89255,2.0,0,0.0,0,0,3,20,6,45.0,0,6,0.0,0,0.0,Revolutionary Armed Forces of Colombia (FARC)
40449,0,45,3,327,1826,4.667128,-74.106056,1.0,0,0.0,1,0,3,2,2694,45.0,0,6,0.0,1,0.0,Revolutionary Armed Forces of Colombia (FARC)
61018,0,160,5,348,2029,10.36674,123.1,2.0,0,0.0,1,0,2,4,2402,160.0,0,5,1.0,0,0.0,New People's Army (NPA)
80443,0,92,6,118,634,23.770186,84.417259,2.0,0,0.0,1,0,7,1,957,92.0,0,8,0.0,1,0.0,Communist Party of India - Maoist (CPI-Maoist)
63208,1,147,11,110,983,9.504524,8.704164,1.0,0,1.0,1,0,2,14,27,147.0,0,5,2.0,1,-9.0,Fulani extremists
77540,0,160,5,0,14,6.601768,122.17325,1.0,0,0.0,1,0,3,4,15,160.0,0,6,0.0,0,0.0,Abu Sayyaf Group (ASG)
62157,0,95,10,31,1249,34.271034,45.163567,1.0,0,0.0,1,1,3,4,48,95.0,0,6,11.0,1,0.0,Islamic State of Iraq and the Levant (ISIL)
40998,0,69,8,126,768,42.066583,8.738397,1.0,0,1.0,1,0,3,14,1138,69.0,0,6,0.0,1,0.0,Corsican National Liberation Front (FLNC)
52158,0,160,5,370,1965,13.132009,123.89089,1.0,0,0.0,1,0,2,4,2345,160.0,0,5,1.0,0,0.0,New People's Army (NPA)
57072,0,95,10,35,1238,35.323789,43.772096,3.0,0,1.0,1,0,3,3,1607,95.0,0,6,0.0,1,0.0,Islamic State of Iraq and the Levant (ISIL)
66723,0,160,5,367,2001,12.159882,124.865646,1.0,0,0.0,1,0,2,4,2374,160.0,0,5,1.0,0,0.0,New People's Army (NPA)
47346,0,4,6,459,2654,32.480918,62.028239,1.0,0,0.0,1,0,3,16,3146,4.0,0,6,0.0,1,0.0,Taliban
83031,0,147,11,110,1012,9.567963,8.731537,3.0,0,0.0,1,0,2,14,559,147.0,0,5,9.0,0,0.0,Fulani extremists
26145,0,155,10,410,2226,31.907141,35.198219,1.0,0,0.0,0,0,1,4,345,97.0,0,5,0.0,0,0.0,Palestinians
15996,0,92,6,316,24,31.147131,75.341218,4.0,0,0.0,1,0,2,19,3004,92.0,0,5,15.0,1,0.0,Sikh Extremists
8385,0,69,8,126,24,41.918891,8.737554,4.0,0,0.0,1,0,3,14,1146,69.0,0,6,0.0,1,0.0,Corsican National Liberation Front (FLNC)
45545,0,185,8,86,419,43.442153,-3.453193,1.0,0,0.0,1,0,3,4,725,185.0,0,6,1.0,1,0.0,Basque Fatherland and Freedom (ETA)
15653,0,159,3,430,2435,-12.068306,-75.210163,3.0,0,0.0,1,0,3,1,3341,159.0,0,6,0.0,1,0.0,Tupac Amaru Revolutionary Movement (MRTA)
42726,0,141,6,240,1649,27.954031,84.135948,1.0,1,0.0,1,0,3,3,2057,141.0,0,6,1.0,-9,0.0,Maoists
9988,0,145,2,401,2175,13.22972,-85.55496,1.0,0,0.0,1,0,2,14,2503,145.0,0,5,5.0,1,0.0,Nicaraguan Democratic Force (FDN)
48357,0,228,10,49,254,13.129726,45.385571,1.0,0,1.0,1,0,3,2,514,228.0,0,5,2.0,1,0.0,Al-Qaida in the Arabian Peninsula (AQAP)
59086,0,4,6,472,2658,34.468208,62.185609,3.0,0,0.0,1,0,1,2,3152,4.0,0,5,2.0,0,0.0,Taliban
18977,0,43,3,255,1561,-35.43058,-71.65762,1.0,0,0.0,1,0,3,21,1884,43.0,0,6,0.0,1,0.0,Manuel Rodriguez Patriotic Front (FPMR)
62268,1,160,5,1,2,6.066812,121.100482,1.0,0,0.0,1,0,6,2,71,160.0,0,5,1.0,-9,1.0,Abu Sayyaf Group (ASG)
47100,0,92,6,120,622,22.865428,86.942807,1.0,0,0.0,1,0,2,14,1001,92.0,0,5,1.0,0,0.0,Communist Party of India - Maoist (CPI-Maoist)
27996,0,61,2,148,867,13.516667,-88.383333,1.0,0,0.0,1,0,2,4,1261,61.0,0,5,0.0,1,0.0,Farabundo Marti National Liberation Front (FMLN)
16965,0,603,8,178,1177,54.607712,-5.95621,1.0,0,0.0,1,0,1,14,1481,233.0,0,5,2.0,0,0.0,Irish Republican Army (IRA)
28007,0,155,10,410,2226,31.907141,35.198219,1.0,0,0.0,1,0,1,14,2543,155.0,0,5,1.0,0,0.0,Palestinians
66554,0,92,6,119,1654,18.79771,80.812864,2.0,1,0.0,1,0,3,3,2060,92.0,0,6,0.0,0,0.0,Maoists
48312,0,95,10,29,176,33.31065,44.038208,1.0,0,1.0,1,0,3,17,337,95.0,0,6,1.0,1,0.0,Al-Qaida in Iraq
11615,0,603,8,178,1223,54.103436,-6.193593,1.0,0,0.0,1,0,3,1,1544,233.0,0,6,1.0,1,0.0,Irish Republican Army (IRA)
9770,0,97,10,412,2221,31.771599,35.2034,1.0,0,0.0,1,0,3,14,2614,97.0,0,6,1.0,1,0.0,Palestinians
19925,0,92,6,316,2494,31.633078,74.878288,1.0,0,0.0,1,0,1,14,3041,92.0,0,5,1.0,0,0.0,Sikh Extremists
29375,0,603,8,178,24,54.787715,-6.492314,4.0,0,1.0,1,0,7,1,242,233.0,0,8,0.0,1,0.0,Irish Republican Army (IRA)
75115,0,4,6,480,2670,33.534235,65.000854,3.0,0,0.0,1,0,2,3,1393,4.0,0,5,1.0,0,0.0,Taliban
72604,0,4,6,460,2644,32.61797,65.872375,1.0,0,0.0,1,0,2,17,3138,4.0,0,5,1.0,0,0.0,Taliban
65241,0,214,9,135,791,48.064426,37.673248,1.0,0,1.0,1,0,3,4,48,214.0,0,6,1.0,-9,0.0,Donetsk People's Republic
66286,1,160,5,1,22,6.050458,121.012245,1.0,0,0.0,1,0,6,3,109,160.0,0,5,0.0,0,1.0,Abu Sayyaf Group (ASG)
80632,0,104,11,67,309,-0.393767,40.326616,1.0,0,1.0,1,0,3,3,527,104.0,0,6,0.0,1,0.0,Al-Shabaab
52190,1,209,10,217,1372,38.426625,40.670188,3.0,0,0.0,1,0,6,4,345,209.0,0,5,1.0,0,1.0,Kurdistan Workers' Party (PKK)
82926,0,209,10,195,1260,41.106178,28.689863,1.0,0,0.0,0,1,3,1,1609,209.0,0,6,0.0,0,0.0,Islamic State of Iraq and the Levant (ISIL)
19352,0,186,6,241,1465,9.814937,80.16608,1.0,0,0.0,1,0,2,4,1235,186.0,0,5,0.0,1,0.0,Liberation Tigers of Tamil Eelam (LTTE)
18899,0,61,2,146,902,13.933732,-89.025836,1.0,0,0.0,1,0,2,4,1235,61.0,0,5,0.0,1,0.0,Farabundo Marti National Liberation Front (FMLN)
28759,0,159,3,441,2822,-7.794691,-76.196402,3.0,0,0.0,1,0,2,17,412,159.0,0,5,50.0,1,0.0,Tupac Amaru Revolutionary Movement (MRTA)
10337,0,145,2,392,2108,14.065404,-86.024135,1.0,0,0.0,1,0,2,14,2462,145.0,0,5,18.0,1,1.0,Nicaraguan Democratic Force (FDN)
56569,0,182,11,64,337,4.787206,43.947601,1.0,0,0.0,1,0,2,14,13,182.0,0,5,4.0,0,0.0,Al-Shabaab
59550,0,92,6,119,737,19.601869,81.426211,3.0,0,1.0,1,0,7,2,2040,92.0,0,5,0.0,-9,0.0,Maoists
4961,0,69,8,127,91,48.856644,2.34233,1.0,0,1.0,1,0,3,1,702,69.0,0,6,1.0,1,0.0,Corsican National Liberation Front (FLNC)
74813,0,92,6,119,1572,19.595851,81.663777,3.0,0,0.0,0,0,3,20,6,92.0,0,6,0.0,0,0.0,Maoists
33369,0,603,8,178,1177,54.607712,-5.95621,1.0,0,0.0,0,0,3,1,1535,216.0,0,6,0.0,1,0.0,Irish Republican Army (IRA)
19370,0,69,8,126,753,42.567651,8.757222,1.0,0,0.0,1,0,3,1,361,69.0,0,6,0.0,1,0.0,Corsican National Liberation Front (FLNC)
11394,0,61,2,140,878,13.8222,-89.25389,1.0,0,0.0,1,0,2,4,1245,61.0,0,5,5.0,1,0.0,Farabundo Marti National Liberation Front (FMLN)
71189,0,182,11,61,348,2.099684,45.15723,1.0,0,0.0,1,1,3,4,162,422.0,0,6,1.0,0,0.0,Al-Shabaab
13567,0,43,3,250,1550,-33.366238,-70.505302,1.0,0,0.0,1,0,2,3,1875,43.0,0,5,1.0,1,0.0,Manuel Rodriguez Patriotic Front (FPMR)
56579,0,182,11,69,328,4.73538,45.2024,1.0,0,0.0,1,0,3,4,412,65.0,0,6,0.0,1,0.0,Al-Shabaab
18104,0,43,3,250,1550,-33.366238,-70.505302,1.0,0,0.0,1,0,3,8,1891,43.0,0,6,0.0,1,0.0,Manuel Rodriguez Patriotic Front (FPMR)
999,0,603,8,178,1177,54.607712,-5.95621,1.0,0,0.0,1,0,1,17,1486,233.0,0,5,1.0,0,0.0,Irish Republican Army (IRA)
61825,0,92,6,122,1642,20.200051,83.916612,1.0,0,1.0,1,0,6,2,2052,92.0,0,5,1.0,0,1.0,Maoists
61574,0,214,9,135,830,47.79195,38.482245,3.0,0,1.0,1,0,3,4,427,214.0,0,6,0.0,-9,0.0,Donetsk People's Republic
71464,0,37,11,109,533,11.917996,14.644405,1.0,0,1.0,1,1,3,1,879,37.0,0,6,3.0,-9,0.0,Boko Haram
3681,0,185,8,89,404,42.815372,-1.653616,1.0,0,0.0,1,0,1,3,739,185.0,0,5,3.0,0,0.0,Basque Fatherland and Freedom (ETA)
77693,0,153,6,484,2714,34.006004,71.53743,1.0,0,0.0,1,0,3,3,409,153.0,0,6,3.0,1,0.0,Tehrik-i-Taliban Pakistan (TTP)
20023,0,43,3,249,1566,-33.583745,-71.613065,1.0,0,0.0,1,0,3,1,1102,43.0,0,6,0.0,1,0.0,Manuel Rodriguez Patriotic Front (FPMR)
62399,0,228,10,47,253,15.9486,48.750902,2.0,0,0.0,1,0,3,4,162,228.0,0,6,3.0,1,0.0,Al-Qaida in the Arabian Peninsula (AQAP)
11551,0,185,8,89,404,42.815372,-1.653616,1.0,0,0.0,1,0,7,19,723,69.0,0,8,0.0,1,0.0,Basque Fatherland and Freedom (ETA)
75784,0,228,10,45,236,12.825647,44.846416,1.0,0,1.0,1,0,3,3,175,228.0,0,6,0.0,1,0.0,Al-Qaida in the Arabian Peninsula (AQAP)
47206,0,92,6,117,637,25.195693,86.541023,2.0,0,0.0,1,0,7,1,960,92.0,0,8,0.0,1,0.0,Communist Party of India - Maoist (CPI-Maoist)
73945,0,228,10,51,1152,14.798351,45.719041,3.0,0,1.0,1,0,3,4,1393,228.0,0,6,0.0,0,0.0,Houthi extremists (Ansar Allah)
55042,0,92,6,118,660,23.13583,84.240173,1.0,0,0.0,1,0,2,3,12,92.0,0,5,5.0,0,0.0,Communist Party of India - Maoist (CPI-Maoist)
48043,0,92,6,118,652,22.610968,84.502431,3.0,0,0.0,1,0,2,2,974,92.0,0,5,1.0,1,0.0,Communist Party of India - Maoist (CPI-Maoist)
4391,0,185,8,81,382,43.258434,-2.921819,1.0,0,0.0,1,0,1,3,655,185.0,0,5,2.0,0,0.0,Basque Fatherland and Freedom (ETA)
49101,0,92,6,121,684,19.17,83.42,3.0,0,0.0,1,0,2,3,1014,92.0,0,5,1.0,0,0.0,Communist Party of India - Maoist (CPI-Maoist)
71732,0,228,10,57,1125,13.548424,44.052176,3.0,0,0.0,1,0,3,4,48,228.0,0,6,0.0,-9,0.0,Houthi extremists (Ansar Allah)
59085,0,147,11,102,494,11.485018,12.311891,1.0,0,0.0,1,0,2,14,860,147.0,0,6,9.0,0,0.0,Boko Haram
53209,0,95,10,35,213,34.003712,44.395378,1.0,0,1.0,1,0,3,14,13,95.0,0,6,0.0,0,0.0,Al-Qaida in Iraq
64745,0,160,5,359,1944,14.283364,122.783469,1.0,0,0.0,1,0,7,1,1069,160.0,0,8,0.0,1,0.0,New People's Army (NPA)
35654,0,45,3,332,24,6.547306,-71.002231,4.0,0,0.0,0,0,3,21,2256,45.0,0,6,2.0,1,0.0,National Liberation Army of Colombia (ELN)
73039,0,147,11,155,981,7.871944,8.008333,1.0,0,1.0,1,0,2,14,27,147.0,0,5,50.0,1,0.0,Fulani extremists
80862,0,160,5,190,1296,8.000721,124.293111,1.0,0,0.0,0,0,2,3,85,160.0,0,5,0.0,0,0.0,Islamic State of Iraq and the Levant (ISIL)
77685,0,92,6,119,670,18.340368,81.18164,1.0,0,0.0,1,0,3,3,12,92.0,0,6,0.0,0,0.0,Maoists
1545,0,97,10,412,2221,31.771599,35.2034,1.0,0,0.0,1,0,3,14,2566,97.0,0,6,2.0,1,0.0,Palestinians
73782,0,228,10,57,277,13.586484,44.024105,1.0,0,1.0,1,0,3,14,1196,228.0,0,6,0.0,-9,0.0,Houthi extremists (Ansar Allah)
16163,0,43,3,250,1550,-33.366238,-70.505302,1.0,0,0.0,0,0,3,19,1938,43.0,0,6,0.0,0,0.0,Manuel Rodriguez Patriotic Front (FPMR)
4202,0,69,8,131,776,41.387174,9.159269,1.0,0,0.0,1,0,3,14,1155,69.0,0,6,0.0,1,0.0,Corsican National Liberation Front (FLNC)
45032,0,92,6,119,591,21.19,81.28,1.0,1,0.0,1,0,3,3,912,92.0,0,6,3.0,0,0.0,Communist Party of India - Maoist (CPI-Maoist)
63407,0,4,6,463,2582,33.967929,68.949888,3.0,0,0.0,1,0,2,3,172,4.0,0,5,6.0,-9,0.0,Taliban
39829,0,6,10,286,1751,36.164211,0.440826,1.0,1,0.0,1,0,2,14,2130,6.0,0,5,9.0,0,0.0,Muslim extremists
53880,0,92,6,122,1668,18.352486,81.953482,2.0,0,0.0,1,0,2,14,2066,92.0,0,5,1.0,0,0.0,Maoists
61181,0,160,5,354,1934,10.663984,122.286655,1.0,0,0.0,1,0,3,4,59,160.0,0,6,0.0,1,0.0,New People's Army (NPA)
22585,0,43,3,249,1552,-33.010693,-71.527794,1.0,0,0.0,0,0,3,3,1924,43.0,0,6,3.0,1,0.0,Manuel Rodriguez Patriotic Front (FPMR)
65082,0,214,9,135,831,48.267222,37.642778,1.0,0,0.0,1,0,3,4,1187,214.0,0,6,0.0,-9,0.0,Donetsk People's Republic
39143,0,160,5,348,1924,10.185557,123.11749,1.0,0,0.0,1,0,2,4,2320,160.0,0,5,2.0,-9,0.0,New People's Army (NPA)
32536,0,159,3,430,2824,-11.057148,-75.061115,3.0,0,0.0,1,0,3,1,3355,159.0,0,5,1.0,1,0.0,Tupac Amaru Revolutionary Movement (MRTA)
70046,0,92,6,119,633,18.803305,80.808911,3.0,0,0.0,1,0,7,1,2044,92.0,0,8,0.0,1,0.0,Maoists
11512,0,185,8,81,382,43.258434,-2.921819,1.0,0,0.0,1,0,3,1,757,69.0,0,6,0.0,1,0.0,Basque Fatherland and Freedom (ETA)
41863,0,95,10,32,180,35.45211,44.375465,1.0,1,0.0,0,0,3,2,333,95.0,0,6,0.0,0,0.0,Al-Qaida in Iraq
27048,0,186,6,203,1442,8.577826,81.218719,1.0,1,0.0,1,0,3,4,1759,186.0,0,6,2.0,1,0.0,Liberation Tigers of Tamil Eelam (LTTE)
12598,0,92,6,316,24,31.147131,75.341218,4.0,0,0.0,1,0,1,14,3013,92.0,0,5,1.0,0,0.0,Sikh Extremists
73134,0,153,6,389,2772,34.602047,71.516363,1.0,0,0.0,1,0,3,7,3252,153.0,0,6,2.0,1,0.0,Tehrik-i-Taliban Pakistan (TTP)
35190,0,186,6,203,1516,9.575,80.466111,1.0,1,0.0,1,1,3,4,1821,186.0,0,6,12.0,1,0.0,Liberation Tigers of Tamil Eelam (LTTE)
69993,0,167,9,281,1747,42.855556,47.187222,1.0,0,0.0,1,0,2,15,2125,167.0,0,5,1.0,0,0.0,Muslim extremists
73372,0,147,11,155,1024,7.788031,9.166207,2.0,1,1.0,1,0,2,14,27,147.0,0,5,0.0,1,0.0,Fulani extremists
41885,0,186,6,74,1475,7.775413,81.606247,1.0,1,0.0,1,0,3,22,1771,186.0,0,6,0.0,0,0.0,Liberation Tigers of Tamil Eelam (LTTE)
27220,0,160,5,379,2000,6.895545,126.013997,1.0,0,0.0,1,0,1,4,2373,160.0,0,5,2.0,0,0.0,New People's Army (NPA)
65076,0,160,5,0,35,6.497216,122.105141,1.0,0,0.0,1,0,3,1,112,160.0,0,6,0.0,1,0.0,Abu Sayyaf Group (ASG)
57311,0,4,6,476,2660,36.680279,69.112038,3.0,0,0.0,1,0,3,14,562,4.0,0,6,1.0,0,0.0,Taliban
71364,0,147,11,100,466,11.840929,13.141459,1.0,0,0.0,1,1,3,4,20,147.0,0,6,8.0,0,0.0,Boko Haram
7708,0,603,8,178,1177,54.607712,-5.95621,1.0,0,0.0,1,0,2,3,1485,233.0,0,5,1.0,0,0.0,Irish Republican Army (IRA)
31178,0,603,8,178,1177,54.607712,-5.95621,1.0,0,0.0,1,0,3,3,820,233.0,0,6,0.0,1,0.0,Irish Republican Army (IRA)
66666,0,147,11,155,993,7.689167,9.250278,2.0,0,1.0,1,0,2,14,27,147.0,0,5,6.0,1,0.0,Fulani extremists
44328,0,160,5,8,28,7.209594,124.241966,1.0,0,0.0,0,0,3,14,6,160.0,0,6,0.0,0,0.0,Abu Sayyaf Group (ASG)
53688,0,95,10,31,181,33.100529,44.584492,1.0,0,0.0,1,0,3,14,334,95.0,0,6,1.0,0,0.0,Al-Qaida in Iraq
18228,0,92,6,316,24,31.147131,75.341218,4.0,0,1.0,1,0,1,14,2977,92.0,0,5,1.0,0,0.0,Sikh Extremists
52722,1,45,3,332,1844,6.959519,-71.88179,1.0,0,1.0,1,0,6,1,2260,45.0,0,5,0.0,0,1.0,National Liberation Army of Colombia (ELN)
53398,0,95,10,31,179,33.74324,44.623825,1.0,1,1.0,1,0,3,3,368,95.0,0,6,0.0,1,0.0,Al-Qaida in Iraq
59045,0,147,11,104,994,9.627067,8.50424,2.0,0,1.0,1,0,2,14,27,147.0,0,5,33.0,1,0.0,Fulani extremists
45843,0,153,6,485,2731,34.76548,72.328087,1.0,1,0.0,1,0,7,8,3206,153.0,0,8,0.0,1,0.0,Tehrik-i-Taliban Pakistan (TTP)
27515,0,186,6,203,1441,7.301756,81.67473,3.0,0,0.0,1,0,2,4,412,186.0,0,5,6.0,1,0.0,Liberation Tigers of Tamil Eelam (LTTE)
64831,0,214,9,135,795,47.313381,37.805458,1.0,0,0.0,1,0,2,4,48,214.0,0,6,0.0,-9,0.0,Donetsk People's Republic
7437,0,69,8,130,755,43.610769,3.876716,1.0,0,1.0,1,0,3,1,1100,69.0,0,6,0.0,1,0.0,Corsican National Liberation Front (FLNC)
49589,0,92,6,125,665,20.181843,80.006844,3.0,0,0.0,1,0,3,14,988,92.0,0,6,6.0,1,0.0,Communist Party of India - Maoist (CPI-Maoist)
79524,0,173,10,176,1136,17.651777,43.526192,1.0,0,0.0,1,0,3,3,427,173.0,0,6,1.0,-9,0.0,Houthi extremists (Ansar Allah)
68037,0,214,9,135,800,47.963322,37.440448,1.0,0,0.0,1,0,3,14,27,214.0,0,6,0.0,-9,0.0,Donetsk People's Republic
51541,0,153,6,486,2717,24.891115,67.143311,1.0,0,0.0,1,1,3,3,3249,153.0,0,6,5.0,1,0.0,Tehrik-i-Taliban Pakistan (TTP)
1521,0,96,8,183,1209,54.83279,-7.481274,1.0,0,0.0,1,0,1,4,1510,96.0,0,5,1.0,0,0.0,Irish Republican Army (IRA)
55219,0,4,6,464,2604,30.54807,63.791685,3.0,0,0.0,1,0,2,3,85,4.0,0,5,4.0,1,0.0,Taliban
30385,0,209,10,221,24,37.899242,38.458793,4.0,0,0.0,1,0,2,4,412,209.0,0,5,3.0,1,0.0,Kurdistan Workers' Party (PKK)
58098,0,95,10,30,177,33.303566,44.371773,1.0,0,1.0,1,0,3,14,13,95.0,0,6,0.0,0,0.0,Islamic State of Iraq and the Levant (ISIL)
49318,0,69,8,126,778,42.36999,9.501176,1.0,0,0.0,1,0,3,1,1157,69.0,0,6,0.0,1,0.0,Corsican National Liberation Front (FLNC)
60882,1,60,10,267,1732,31.126646,33.800865,1.0,0,0.0,1,0,6,1,2124,60.0,0,5,0.0,1,1.0,Muslim extremists
77016,0,95,10,30,177,33.303566,44.371773,1.0,0,0.0,1,1,3,14,1624,95.0,0,6,36.0,1,0.0,Islamic State of Iraq and the Levant (ISIL)
81531,0,95,10,29,1266,33.423328,41.125052,3.0,0,0.0,0,1,3,20,6,95.0,0,6,0.0,0,0.0,Islamic State of Iraq and the Levant (ISIL)
80471,0,92,6,118,663,23.80224,85.74643,1.0,1,0.0,1,0,3,19,986,92.0,0,6,0.0,0,0.0,Communist Party of India - Maoist (CPI-Maoist)
26037,0,43,3,250,1550,-33.366238,-70.505302,1.0,0,0.0,1,0,5,10,1893,43.0,0,5,0.0,1,0.0,Manuel Rodriguez Patriotic Front (FPMR)
71043,0,228,10,44,1139,14.162848,43.943714,3.0,0,0.0,1,0,3,14,1346,228.0,0,6,0.0,-9,0.0,Houthi extremists (Ansar Allah)
80860,0,214,9,135,789,48.143208,37.753361,1.0,0,0.0,1,0,3,14,1222,214.0,0,6,0.0,-9,0.0,Donetsk People's Republic
71645,0,160,5,372,1972,12.99271,124.014746,1.0,0,0.0,1,0,1,4,2352,160.0,0,5,1.0,0,0.0,New People's Army (NPA)
69405,0,214,9,135,813,47.541172,37.780678,1.0,1,0.0,1,0,3,4,48,214.0,0,6,143.0,-9,0.0,Donetsk People's Republic
53395,0,95,10,38,191,32.533287,45.829453,1.0,0,1.0,1,1,3,3,20,95.0,0,6,6.0,1,0.0,Al-Qaida in Iraq
21658,0,43,3,250,1550,-33.366238,-70.505302,1.0,0,0.0,1,0,3,21,1234,43.0,0,6,0.0,1,0.0,Manuel Rodriguez Patriotic Front (FPMR)
45542,0,185,8,81,402,43.320698,-2.420475,1.0,0,1.0,1,0,3,3,682,185.0,0,6,0.0,1,0.0,Basque Fatherland and Freedom (ETA)
31239,0,209,10,214,1362,39.550266,44.077301,1.0,0,0.0,1,0,2,4,412,209.0,0,5,4.0,1,0.0,Kurdistan Workers' Party (PKK)
4081,0,185,8,83,435,43.320664,-3.020252,1.0,0,0.0,1,0,7,1,761,185.0,0,8,1.0,1,0.0,Basque Fatherland and Freedom (ETA)
48126,0,153,6,316,2728,31.50547,74.34288,1.0,0,1.0,1,1,5,15,3205,153.0,0,6,28.0,1,1.0,Tehrik-i-Taliban Pakistan (TTP)
73377,0,147,11,155,24,7.350826,8.836276,4.0,0,1.0,1,0,2,14,27,147.0,0,5,0.0,1,0.0,Fulani extremists
67828,0,214,9,135,787,47.098835,37.81987,1.0,0,0.0,1,0,2,4,1187,214.0,0,6,1.0,-9,0.0,Donetsk People's Republic
8879,0,183,11,18,156,-27.76828,30.797877,1.0,0,0.0,1,0,3,19,192,183.0,0,6,0.0,1,0.0,African National Congress (South Africa)
51068,0,182,11,63,304,2.059819,45.326115,1.0,0,1.0,1,0,2,2,575,182.0,0,5,0.0,-9,0.0,Al-Shabaab
9535,0,185,8,81,382,43.258434,-2.921819,1.0,0,0.0,1,0,3,1,683,217.0,0,6,0.0,1,0.0,Basque Fatherland and Freedom (ETA)
16040,0,145,2,392,2083,13.564251,-86.02984,1.0,0,0.0,1,0,2,4,2448,145.0,0,5,1.0,1,0.0,Nicaraguan Democratic Force (FDN)
45071,0,209,10,231,1404,38.831606,41.322148,1.0,1,0.0,1,0,3,19,1703,209.0,0,6,0.0,1,0.0,Kurdistan Workers' Party (PKK)
19941,0,186,6,203,1488,7.686667,81.721389,1.0,0,0.0,1,0,2,4,1326,92.0,0,5,0.0,1,0.0,Liberation Tigers of Tamil Eelam (LTTE)
47946,1,92,6,120,658,22.424109,87.318986,1.0,0,0.0,1,0,6,14,981,92.0,0,5,1.0,0,1.0,Communist Party of India - Maoist (CPI-Maoist)
22015,0,185,8,81,418,43.267454,-2.020169,1.0,0,0.0,1,0,3,1,754,69.0,0,6,0.0,1,0.0,Basque Fatherland and Freedom (ETA)
52706,0,95,10,33,218,33.669689,44.381317,1.0,0,1.0,1,0,3,14,13,95.0,0,6,0.0,-9,0.0,Al-Qaida in Iraq
65238,0,214,9,135,791,48.064426,37.673248,1.0,0,1.0,1,0,3,4,48,214.0,0,6,1.0,-9,0.0,Donetsk People's Republic
77072,0,173,10,172,1145,16.74667,43.217305,2.0,0,0.0,1,0,3,4,172,173.0,0,6,0.0,-9,0.0,Houthi extremists (Ansar Allah)
54555,0,4,6,461,2635,33.770778,69.338842,3.0,0,0.0,1,0,3,2,373,4.0,0,6,0.0,1,0.0,Taliban
66372,0,95,10,29,193,33.420948,43.295662,1.0,0,1.0,1,0,3,14,1196,95.0,0,6,1.0,-9,0.0,Islamic State of Iraq and the Levant (ISIL)
45594,0,182,11,63,304,2.059819,45.326115,1.0,0,0.0,1,0,3,2,595,182.0,0,6,20.0,1,0.0,Al-Shabaab
12946,0,145,2,398,2094,11.949718,-86.128692,1.0,1,0.0,1,0,2,14,2453,145.0,0,5,0.0,1,0.0,Nicaraguan Democratic Force (FDN)
54717,0,147,11,102,526,12.187141,11.706829,2.0,0,0.0,1,0,2,17,878,147.0,0,5,7.0,0,0.0,Boko Haram
66223,0,153,6,486,2717,24.891115,67.143311,1.0,0,0.0,1,0,2,3,12,153.0,0,5,3.0,0,0.0,Tehrik-i-Taliban Pakistan (TTP)
14615,0,145,2,406,2172,10.912396,-83.908752,3.0,1,1.0,1,0,2,4,1235,145.0,0,5,1.0,1,0.0,Nicaraguan Democratic Force (FDN)
45849,0,160,5,348,1954,10.801934,123.488506,1.0,0,0.0,1,0,3,16,2357,160.0,0,6,0.0,1,0.0,New People's Army (NPA)
2650,0,603,8,178,1189,54.596939,-7.050618,1.0,0,0.0,1,0,1,3,1454,233.0,0,5,1.0,0,0.0,Irish Republican Army (IRA)
56727,0,182,11,63,304,2.059819,45.326115,1.0,0,1.0,1,0,3,2,576,182.0,0,6,0.0,-9,0.0,Al-Shabaab
28308,0,61,2,145,920,13.498416,-89.52027,1.0,0,0.0,1,0,3,21,1234,61.0,0,6,0.0,1,0.0,Farabundo Marti National Liberation Front (FMLN)
27540,0,159,3,256,1562,-11.967368,-76.978462,1.0,0,1.0,1,0,3,1,702,159.0,0,6,0.0,1,0.0,Tupac Amaru Revolutionary Movement (MRTA)
19647,0,186,6,203,1473,8.410029,81.26737,1.0,0,0.0,1,0,3,4,1767,92.0,0,6,6.0,1,0.0,Liberation Tigers of Tamil Eelam (LTTE)
5173,0,603,8,178,1178,55.011562,-7.312045,1.0,0,0.0,1,0,1,3,1526,233.0,0,5,1.0,0,0.0,Irish Republican Army (IRA)
49690,0,45,3,340,2365,2.358296,-75.687919,1.0,0,0.0,1,0,7,1,2780,45.0,0,8,0.0,1,0.0,Revolutionary Armed Forces of Colombia (FARC)
64884,0,228,10,47,252,14.769764,49.374268,1.0,0,0.0,1,0,2,2,409,228.0,0,5,0.0,1,0.0,Al-Qaida in the Arabian Peninsula (AQAP)
64180,0,214,9,135,786,47.981647,37.762325,1.0,0,0.0,1,0,2,4,1190,214.0,0,6,2.0,1,0.0,Donetsk People's Republic
26578,0,92,6,447,2497,28.690073,77.213982,1.0,0,0.0,1,0,3,3,3051,92.0,0,6,0.0,1,0.0,Sikh Extremists
12344,0,183,11,21,100,-26.456502,29.464917,1.0,0,0.0,1,0,3,2,191,183.0,0,6,1.0,1,0.0,African National Congress (South Africa)
59896,0,4,6,459,2641,32.677261,61.981559,3.0,0,1.0,1,0,2,3,2046,4.0,0,5,2.0,1,0.0,Taliban
60772,0,182,11,63,304,2.059819,45.326115,1.0,0,0.0,1,0,2,4,427,182.0,0,5,1.0,-9,0.0,Al-Shabaab
14850,0,43,3,249,1551,-33.050125,-71.612251,1.0,0,0.0,1,0,3,1,1960,43.0,0,6,0.0,1,0.0,Manuel Rodriguez Patriotic Front (FPMR)
69783,0,147,11,100,511,12.70277,13.217873,1.0,0,0.0,1,0,2,14,27,147.0,0,5,68.0,1,0.0,Boko Haram
27938,0,155,10,410,2237,32.405292,35.201729,1.0,1,0.0,1,0,2,19,2556,97.0,0,5,0.0,1,0.0,Palestinians
31957,0,69,8,126,24,41.918891,8.737554,4.0,0,1.0,1,0,3,2,410,69.0,0,6,0.0,1,0.0,Corsican National Liberation Front (FLNC)
6450,0,183,11,19,152,-25.71265,28.127227,1.0,0,0.0,1,0,3,3,275,183.0,0,6,0.0,1,0.0,African National Congress (South Africa)
41699,0,185,8,84,390,40.465595,-3.696263,1.0,0,1.0,1,0,3,1,676,185.0,0,6,0.0,1,0.0,Basque Fatherland and Freedom (ETA)
16366,0,183,11,18,92,-29.965819,30.882976,1.0,0,0.0,1,0,3,3,196,183.0,0,6,1.0,0,0.0,African National Congress (South Africa)
42238,0,160,5,352,1957,12.5677,123.7337,1.0,0,0.0,1,0,2,3,2340,160.0,0,5,0.0,1,0.0,New People's Army (NPA)
31853,0,159,3,256,1562,-11.967368,-76.978462,1.0,0,0.0,1,0,3,7,3344,217.0,0,6,0.0,1,0.0,Tupac Amaru Revolutionary Movement (MRTA)
17577,0,183,11,19,96,-26.184113,28.033232,1.0,0,0.0,1,0,3,1,200,183.0,0,6,0.0,1,0.0,African National Congress (South Africa)
56608,0,160,5,386,2030,17.083333,120.9,1.0,0,0.0,1,0,2,3,2405,160.0,0,5,1.0,-9,0.0,New People's Army (NPA)
26039,0,159,3,430,2448,-12.068306,-75.210163,1.0,0,0.0,1,0,1,4,2915,159.0,0,5,1.0,0,0.0,Shining Path (SL)
52882,0,228,10,49,243,13.219398,45.307838,1.0,0,0.0,1,1,3,14,453,228.0,0,6,1.0,0,0.0,Al-Qaida in the Arabian Peninsula (AQAP)
10424,0,159,3,432,2397,-13.163874,-74.223564,2.0,1,0.0,0,0,7,19,2880,159.0,0,5,3.0,1,0.0,Shining Path (SL)
33262,0,45,3,423,2318,0.74522,-75.23414,1.0,0,0.0,1,0,2,3,175,45.0,0,8,0.0,1,0.0,Revolutionary Armed Forces of Colombia (FARC)
56090,0,60,10,267,1732,31.126646,33.800865,1.0,0,1.0,1,0,3,4,20,60.0,0,6,1.0,1,0.0,Muslim extremists
21162,0,61,2,142,865,13.5,-88.866667,1.0,0,0.0,1,0,3,4,1260,61.0,0,6,0.0,1,0.0,Farabundo Marti National Liberation Front (FMLN)
69384,0,209,10,206,24,39.10617,39.548259,4.0,0,0.0,0,0,2,4,1230,209.0,0,5,0.0,-9,0.0,Kurdistan Workers' Party (PKK)
76827,0,182,11,65,307,-0.357847,42.54665,1.0,0,0.0,1,0,3,2,427,182.0,0,6,0.0,1,0.0,Al-Shabaab
35361,0,186,6,203,1481,7.529372,81.794609,1.0,1,0.0,1,0,2,3,1780,186.0,0,5,4.0,1,0.0,Liberation Tigers of Tamil Eelam (LTTE)
54120,0,95,10,39,198,32.777344,44.289352,1.0,0,1.0,1,0,3,14,365,95.0,0,6,2.0,1,0.0,Al-Qaida in Iraq
67815,0,4,6,464,2659,32.075659,64.836477,3.0,0,1.0,1,0,2,3,20,4.0,0,5,2.0,0,0.0,Taliban
48302,0,182,11,63,304,2.059819,45.326115,1.0,0,1.0,1,0,2,17,619,182.0,0,5,6.0,0,0.0,Al-Shabaab
12285,0,92,6,316,2498,29.886653,76.019607,1.0,0,0.0,1,0,1,14,2982,92.0,0,5,1.0,0,0.0,Sikh Extremists
69309,0,147,11,102,499,11.640027,11.335048,1.0,0,1.0,1,0,3,2,863,147.0,0,6,0.0,1,0.0,Boko Haram
25821,0,209,10,215,1361,37.887824,41.13622,1.0,0,0.0,1,0,3,4,1665,209.0,0,6,0.0,1,0.0,Kurdistan Workers' Party (PKK)
15825,0,159,3,256,1562,-11.967368,-76.978462,1.0,0,0.0,1,0,2,4,2864,159.0,0,8,1.0,1,0.0,Shining Path (SL)
61362,0,182,11,63,304,2.059819,45.326115,1.0,0,0.0,1,0,1,2,579,182.0,0,5,1.0,0,0.0,Al-Shabaab
18006,0,92,6,316,2490,31.345599,74.692032,1.0,0,0.0,1,0,2,3,2973,92.0,0,5,3.0,1,0.0,Sikh Extremists
67401,1,160,5,1,58,5.553923,120.913233,1.0,0,0.0,1,0,6,14,102,160.0,0,5,1.0,0,1.0,Abu Sayyaf Group (ASG)
73959,0,153,6,486,2717,24.891115,67.143311,1.0,0,1.0,1,0,2,3,409,153.0,0,5,4.0,0,0.0,Tehrik-i-Taliban Pakistan (TTP)
42146,0,95,10,30,177,33.303566,44.371773,1.0,0,0.0,1,0,6,7,382,60.0,0,5,0.0,0,1.0,Al-Qaida in Iraq
64333,0,147,11,106,527,10.850832,11.431111,1.0,0,1.0,1,0,2,2,852,147.0,0,5,24.0,1,0.0,Boko Haram
41854,0,69,8,126,744,41.930607,8.742907,1.0,0,0.0,1,0,3,2,1147,69.0,0,6,0.0,1,0.0,Corsican National Liberation Front (FLNC)
24869,0,43,3,250,1565,-33.366238,-70.505302,1.0,0,0.0,1,0,3,1,1954,43.0,0,6,0.0,1,0.0,Manuel Rodriguez Patriotic Front (FPMR)
76145,0,95,10,187,1239,35.768353,43.588966,1.0,0,0.0,1,1,3,14,869,95.0,0,6,4.0,-9,0.0,Islamic State of Iraq and the Levant (ISIL)
36409,0,186,6,203,1442,8.577826,81.218719,1.0,1,0.0,1,0,2,2,1770,186.0,0,5,6.0,1,0.0,Liberation Tigers of Tamil Eelam (LTTE)
12309,0,185,8,89,404,42.815372,-1.653616,1.0,0,0.0,1,0,1,3,760,185.0,0,5,1.0,0,0.0,Basque Fatherland and Freedom (ETA)
38505,0,185,8,82,410,37.38264,-5.996295,1.0,0,1.0,1,0,1,4,707,185.0,0,5,2.0,0,0.0,Basque Fatherland and Freedom (ETA)
52517,0,182,11,64,305,4.120602,43.890526,1.0,1,0.0,1,0,2,4,583,65.0,0,5,11.0,1,0.0,Al-Shabaab
77115,0,228,10,170,1137,15.749972,44.499986,3.0,0,1.0,1,0,2,17,1393,228.0,0,6,0.0,-9,0.0,Houthi extremists (Ansar Allah)
55554,0,4,6,459,2584,32.689845,62.732388,2.0,0,0.0,1,1,3,4,3104,422.0,0,6,1.0,1,0.0,Taliban
21612,0,186,6,241,1514,9.267091,80.814248,3.0,0,0.0,1,0,2,4,1235,92.0,0,5,58.0,1,0.0,Liberation Tigers of Tamil Eelam (LTTE)
63828,0,208,10,299,1781,36.299722,8.768333,1.0,0,0.0,1,0,2,4,56,208.0,0,5,5.0,1,0.0,Muslim extremists
32406,0,45,3,326,1832,6.242026,-75.564766,1.0,0,0.0,1,0,3,1,2231,45.0,0,6,0.0,1,0.0,National Liberation Army of Colombia (ELN)
31369,0,209,10,209,1358,38.405134,42.109333,1.0,1,0.0,1,0,2,4,162,209.0,0,5,11.0,1,0.0,Kurdistan Workers' Party (PKK)
18809,0,186,6,241,1512,9.319927,80.696421,1.0,0,0.0,1,0,2,4,1326,92.0,0,5,8.0,1,0.0,Liberation Tigers of Tamil Eelam (LTTE)
58663,0,160,5,364,2002,6.154806,125.29006,1.0,0,0.0,1,0,2,4,2375,160.0,0,5,1.0,1,0.0,New People's Army (NPA)
41305,0,160,5,1,22,6.050458,121.012245,1.0,0,0.0,1,0,3,2,121,160.0,0,6,0.0,0,0.0,Abu Sayyaf Group (ASG)
52802,0,209,10,223,1392,37.891282,42.623138,3.0,0,1.0,1,0,2,4,20,209.0,0,5,2.0,0,0.0,Kurdistan Workers' Party (PKK)
23449,0,61,2,139,849,13.69288,-89.199161,1.0,0,0.0,1,0,1,1,1285,61.0,0,6,0.0,1,0.0,Farabundo Marti National Liberation Front (FMLN)
66913,0,160,5,350,1962,7.823071,126.055367,1.0,0,0.0,1,0,2,4,2343,160.0,0,5,1.0,0,0.0,New People's Army (NPA)
74646,0,123,11,271,1754,14.524647,-4.095559,1.0,1,0.0,1,0,3,7,162,422.0,0,6,5.0,0,0.0,Muslim extremists
83599,0,4,6,464,2583,31.60063,64.369652,1.0,0,0.0,1,1,3,4,3103,4.0,0,6,1.0,1,0.0,Taliban
65711,0,214,9,135,817,48.346134,38.424828,1.0,0,0.0,1,0,3,14,853,214.0,0,6,0.0,-9,0.0,Donetsk People's Republic
6000,0,603,8,46,1183,51.504387,-0.140041,1.0,0,0.0,0,0,1,1,1447,216.0,0,6,0.0,0,0.0,Irish Republican Army (IRA)
33022,0,159,3,256,1562,-11.967368,-76.978462,1.0,0,0.0,1,0,3,1,2844,159.0,0,6,0.0,1,0.0,Shining Path (SL)
75959,0,200,10,188,1726,36.201721,37.14352,1.0,0,1.0,1,0,3,14,1218,200.0,0,6,3.0,-9,0.0,Muslim extremists
72731,0,45,3,332,1840,7.081767,-70.753639,1.0,0,0.0,1,0,3,4,2245,45.0,0,6,0.0,1,0.0,National Liberation Army of Colombia (ELN)
5779,0,155,10,410,2217,32.222271,35.253506,1.0,0,0.0,1,0,3,15,2529,97.0,0,6,0.0,1,0.0,Palestinians
14739,0,43,3,250,1550,-33.366238,-70.505302,1.0,0,0.0,1,0,3,2,1894,43.0,0,6,0.0,1,0.0,Manuel Rodriguez Patriotic Front (FPMR)
51123,0,95,10,31,179,33.74324,44.623825,1.0,0,1.0,1,0,3,14,13,95.0,0,6,3.0,1,0.0,Al-Qaida in Iraq
58556,0,228,10,45,236,12.825647,44.846416,1.0,0,0.0,0,0,2,21,498,228.0,0,5,0.0,0,0.0,Al-Qaida in the Arabian Peninsula (AQAP)
62870,0,228,10,50,241,15.325443,44.211895,1.0,0,0.0,1,0,3,2,1387,228.0,0,6,0.0,-9,0.0,Houthi extremists (Ansar Allah)
17654,0,603,8,178,1188,54.482055,-8.088244,1.0,0,0.0,1,0,2,4,1453,216.0,0,5,1.0,1,0.0,Irish Republican Army (IRA)
68877,0,182,11,68,310,3.03626,41.867161,1.0,1,0.0,1,0,3,4,582,422.0,0,6,1.0,1,0.0,Al-Shabaab
69407,0,182,11,69,328,4.73538,45.2024,1.0,0,0.0,0,0,2,3,477,182.0,0,5,1.0,0,0.0,Al-Shabaab
55540,1,92,6,119,656,18.865511,81.874222,1.0,0,0.0,1,0,1,17,979,92.0,0,6,17.0,0,1.0,Communist Party of India - Maoist (CPI-Maoist)
65689,0,147,11,155,958,7.689167,9.250278,3.0,0,1.0,1,0,2,14,27,147.0,0,5,1.0,1,0.0,Fulani extremists
754,0,603,8,178,1177,54.607712,-5.95621,1.0,0,0.0,1,0,3,1,1450,233.0,0,6,1.0,1,0.0,Irish Republican Army (IRA)
55753,0,95,10,34,184,36.354145,43.14357,1.0,0,1.0,1,0,3,1,361,95.0,0,6,1.0,0,0.0,Islamic State of Iraq and the Levant (ISIL)
55972,0,160,5,1,2,6.066667,121.1,1.0,0,0.0,1,0,3,4,83,160.0,0,6,0.0,1,0.0,Abu Sayyaf Group (ASG)
68395,0,92,6,119,670,18.340368,81.18164,1.0,1,0.0,1,0,2,3,2031,92.0,0,5,1.0,0,0.0,Maoists
63567,0,228,10,44,272,13.949126,43.991414,1.0,0,0.0,1,0,2,14,409,228.0,0,5,2.0,1,0.0,Al-Qaida in the Arabian Peninsula (AQAP)
83125,1,160,5,1,7,6.063022,121.102294,2.0,0,0.0,1,0,6,14,8,160.0,0,5,0.0,0,1.0,Abu Sayyaf Group (ASG)
5501,0,603,8,178,1186,54.102813,-6.259412,1.0,0,0.0,1,0,3,4,1445,216.0,0,6,0.0,1,0.0,Irish Republican Army (IRA)
67523,0,228,10,57,1146,13.5,43.966667,1.0,0,0.0,1,0,3,4,1403,228.0,0,6,0.0,-9,0.0,Houthi extremists (Ansar Allah)
43647,0,186,6,243,1462,7.939525,81.000963,1.0,0,0.0,1,0,2,14,1811,186.0,0,5,4.0,-9,0.0,Liberation Tigers of Tamil Eelam (LTTE)
55630,0,228,10,51,263,13.980025,48.189154,1.0,0,1.0,0,0,2,1,476,228.0,0,5,0.0,0,0.0,Al-Qaida in the Arabian Peninsula (AQAP)
63390,0,4,6,458,2576,34.783249,70.107997,3.0,0,0.0,1,0,3,1,123,4.0,0,6,3.0,0,0.0,Taliban
79944,0,228,10,48,284,15.45639,45.324871,1.0,0,0.0,1,0,3,4,1211,422.0,0,6,12.0,1,0.0,Houthi extremists (Ansar Allah)
7483,0,155,10,304,2222,31.502407,34.459743,1.0,0,0.0,0,0,3,4,2571,97.0,0,6,0.0,0,0.0,Palestinians
46779,0,92,6,121,692,18.815236,82.712102,3.0,0,0.0,1,0,2,14,1025,92.0,0,9,1.0,0,0.0,Communist Party of India - Maoist (CPI-Maoist)
53676,0,147,11,102,463,11.704399,11.088539,1.0,0,1.0,1,0,7,8,51,147.0,0,8,0.0,1,0.0,Boko Haram
29636,0,603,8,46,1183,51.504387,-0.140041,1.0,0,0.0,1,0,7,19,1525,216.0,0,8,0.0,1,0.0,Irish Republican Army (IRA)
8956,0,159,3,433,2399,-10.680652,-76.259918,1.0,0,0.0,1,0,3,21,1234,159.0,0,6,1.0,1,0.0,Shining Path (SL)
18937,0,159,3,256,1562,-11.967368,-76.978462,1.0,0,0.0,1,0,3,1,410,217.0,0,6,0.0,1,0.0,Tupac Amaru Revolutionary Movement (MRTA)
37755,0,185,8,81,385,42.84964,-2.692359,1.0,0,0.0,0,0,1,2,712,185.0,0,8,0.0,0,0.0,Basque Fatherland and Freedom (ETA)
19672,0,160,5,376,1992,18.537136,120.765284,1.0,0,0.0,1,0,6,2,2368,160.0,0,5,1.0,0,1.0,New People's Army (NPA)
61288,0,228,10,44,1149,14.221949,44.39045,2.0,0,0.0,1,0,3,14,1196,228.0,0,6,0.0,-9,0.0,Houthi extremists (Ansar Allah)
14801,0,185,8,81,386,43.32412,-1.929857,1.0,0,0.0,1,0,1,3,661,185.0,0,5,1.0,0,0.0,Basque Fatherland and Freedom (ETA)
28419,0,155,10,304,2227,31.346964,34.30143,1.0,0,0.0,1,0,1,14,2583,155.0,0,5,1.0,0,0.0,Palestinians
74957,0,92,6,122,624,19.758767,83.19422,2.0,0,1.0,1,0,6,1,946,92.0,0,8,0.0,1,1.0,Communist Party of India - Maoist (CPI-Maoist)
20473,0,45,3,331,1838,1.878548,-76.267099,3.0,0,0.0,1,0,3,19,2201,45.0,0,6,0.0,1,0.0,National Liberation Army of Colombia (ELN)
33167,0,185,8,81,413,43.222177,-2.885668,1.0,0,0.0,1,0,3,3,715,185.0,0,6,0.0,1,0.0,Basque Fatherland and Freedom (ETA)
35009,0,69,8,126,763,42.554742,9.424047,1.0,0,0.0,1,0,3,2,1126,69.0,0,6,0.0,1,0.0,Corsican National Liberation Front (FLNC)
19454,0,186,6,203,1509,8.312373,81.171508,2.0,0,0.0,1,0,3,19,56,186.0,0,6,26.0,1,0.0,Liberation Tigers of Tamil Eelam (LTTE)
71098,0,228,10,57,277,13.586484,44.024105,1.0,0,1.0,1,0,3,14,1222,228.0,0,6,2.0,-9,0.0,Houthi extremists (Ansar Allah)
42595,0,95,10,30,177,33.303566,44.371773,1.0,0,0.0,1,1,3,3,375,95.0,0,6,2.0,0,0.0,Al-Qaida in Iraq
77377,0,45,3,332,1842,6.457094,-71.745515,1.0,1,0.0,1,0,2,14,1352,45.0,0,5,2.0,0,0.0,National Liberation Army of Colombia (ELN)
64924,0,228,10,50,241,15.325443,44.211895,1.0,0,0.0,1,1,3,3,468,228.0,0,6,38.0,1,0.0,Al-Qaida in the Arabian Peninsula (AQAP)
81762,0,95,10,29,1278,33.489536,43.22139,1.0,0,0.0,1,0,3,14,1616,95.0,0,6,2.0,-9,0.0,Islamic State of Iraq and the Levant (ISIL)
12915,0,159,3,432,2410,-12.916667,-73.833333,3.0,0,0.0,1,0,2,9,2853,159.0,0,5,10.0,1,0.0,Shining Path (SL)
59473,0,45,3,340,24,2.45,-76.616667,4.0,0,0.0,1,0,3,3,12,45.0,0,6,0.0,-9,0.0,Revolutionary Armed Forces of Colombia (FARC)
25024,0,159,3,256,1562,-11.967368,-76.978462,1.0,0,0.0,1,0,1,4,3343,159.0,0,5,0.0,1,0.0,Tupac Amaru Revolutionary Movement (MRTA)
18756,0,92,6,316,2543,31.534899,75.910571,3.0,0,0.0,1,0,2,3,3042,92.0,0,5,1.0,1,0.0,Sikh Extremists
31219,0,209,10,217,1403,38.141497,41.011491,1.0,0,0.0,0,0,1,14,1702,209.0,0,5,0.0,0,0.0,Kurdistan Workers' Party (PKK)
80943,0,95,10,34,184,36.354145,43.14357,1.0,0,0.0,0,1,3,3,85,95.0,0,6,1.0,0,0.0,Islamic State of Iraq and the Levant (ISIL)
61625,1,147,11,100,471,12.359468,14.210929,1.0,0,0.0,1,0,6,14,843,147.0,0,5,1.0,0,1.0,Boko Haram
78341,0,147,11,111,1044,5.838492,6.158714,1.0,0,1.0,1,0,2,14,1352,147.0,0,9,3.0,0,0.0,Fulani extremists
67160,0,147,11,100,536,11.925833,13.605556,1.0,0,0.0,1,0,2,4,172,147.0,0,5,5.0,0,0.0,Boko Haram
72409,0,228,10,47,24,16.930414,49.365315,4.0,0,0.0,1,0,3,4,409,228.0,0,6,4.0,1,0.0,Al-Qaida in the Arabian Peninsula (AQAP)
49127,0,92,6,118,601,23.075278,85.278889,3.0,0,0.0,1,0,1,14,922,92.0,0,5,1.0,-9,1.0,Communist Party of India - Maoist (CPI-Maoist)
72776,0,217,1,292,1761,40.064024,-82.863818,1.0,0,0.0,1,0,2,1,361,217.0,1,9,1.0,0,0.0,Muslim extremists
57127,0,208,10,287,1752,36.449268,8.436416,1.0,0,0.0,1,0,2,3,175,208.0,0,5,0.0,-9,0.0,Muslim extremists
22802,0,43,3,253,1556,-29.906897,-71.25103,1.0,0,0.0,1,0,5,10,1907,43.0,0,5,0.0,1,1.0,Manuel Rodriguez Patriotic Front (FPMR)
70871,0,228,10,57,277,13.586484,44.024105,1.0,0,1.0,1,0,3,1,391,228.0,0,6,3.0,1,0.0,Houthi extremists (Ansar Allah)
51716,0,95,10,31,183,33.593056,44.501111,1.0,0,1.0,1,0,3,14,13,95.0,0,6,0.0,1,0.0,Al-Qaida in Iraq
82944,0,60,10,267,1732,31.126646,33.800865,1.0,0,0.0,1,0,3,3,409,60.0,0,6,0.0,1,0.0,Muslim extremists
33088,0,209,10,223,24,37.927404,41.941978,1.0,0,0.0,1,0,2,4,412,209.0,0,5,0.0,1,0.0,Kurdistan Workers' Party (PKK)
7362,0,155,10,410,2226,31.907141,35.198219,1.0,0,0.0,1,0,2,14,2575,97.0,0,8,1.0,1,0.0,Palestinians
71088,0,95,10,33,1259,34.933361,43.412552,1.0,0,1.0,0,1,3,17,268,95.0,0,6,1.0,0,0.0,Islamic State of Iraq and the Levant (ISIL)
75192,0,147,11,155,1021,7.350826,8.836276,2.0,0,1.0,1,0,2,14,27,147.0,0,5,1.0,0,0.0,Fulani extremists
14105,0,45,3,326,1873,7.57649,-75.350334,1.0,0,0.0,1,0,5,14,853,45.0,0,5,7.0,1,1.0,National Liberation Army of Colombia (ELN)
22677,0,92,6,268,1787,32.726602,74.857026,1.0,0,0.0,1,0,2,14,2987,92.0,0,5,6.0,1,0.0,Sikh Extremists
30217,0,159,3,440,2420,-5.8225,-79.512222,2.0,0,0.0,1,0,2,21,2877,159.0,0,5,0.0,1,0.0,Shining Path (SL)
13986,0,145,2,391,2168,13.130707,-85.971684,3.0,1,1.0,1,0,2,1,2497,145.0,0,5,0.0,1,0.0,Nicaraguan Democratic Force (FDN)
17993,0,92,6,316,2527,31.660681,75.12243,1.0,0,0.0,1,0,1,3,3022,92.0,0,5,2.0,0,0.0,Sikh Extremists
8880,0,183,11,18,101,-27.826803,30.705819,1.0,0,0.0,1,0,3,19,192,183.0,0,6,0.0,1,0.0,African National Congress (South Africa)
15788,0,159,3,256,1562,-11.967368,-76.978462,1.0,0,1.0,1,0,3,14,3357,159.0,0,6,0.0,1,0.0,Tupac Amaru Revolutionary Movement (MRTA)
66814,1,4,6,456,2612,36.70993,67.1157,1.0,0,0.0,1,1,5,2,3118,4.0,0,6,14.0,1,1.0,Taliban
56724,0,228,10,45,236,12.83672,44.922062,1.0,0,0.0,0,0,3,2,464,228.0,0,6,0.0,0,0.0,Al-Qaida in the Arabian Peninsula (AQAP)
29908,0,209,10,210,1370,37.415668,41.371505,1.0,0,0.0,1,0,1,2,1689,209.0,0,5,1.0,0,0.0,Kurdistan Workers' Party (PKK)
77736,0,228,10,57,277,13.586484,44.024105,1.0,0,0.0,1,0,3,14,1218,228.0,0,6,1.0,-9,0.0,Houthi extremists (Ansar Allah)
27368,0,159,3,256,1562,-11.967368,-76.978462,1.0,0,0.0,1,0,3,2,3329,159.0,0,6,0.0,1,0.0,Tupac Amaru Revolutionary Movement (MRTA)
63459,0,214,9,135,817,48.346134,38.424828,1.0,0,0.0,1,0,3,4,48,214.0,0,6,0.0,0,0.0,Donetsk People's Republic
66600,0,147,11,100,513,10.749466,12.151123,1.0,0,0.0,1,0,2,14,853,147.0,0,5,25.0,1,0.0,Boko Haram
12359,0,43,3,250,1550,-33.366238,-70.505302,1.0,0,0.0,1,0,4,19,1948,43.0,0,5,1.0,1,1.0,Manuel Rodriguez Patriotic Front (FPMR)
58251,0,95,10,31,204,33.953167,44.921906,1.0,0,0.0,1,0,3,4,345,95.0,0,6,6.0,1,0.0,Islamic State of Iraq and the Levant (ISIL)
27380,0,98,8,85,393,41.890961,12.490069,1.0,0,0.0,1,0,3,7,668,185.0,0,6,0.0,1,0.0,Basque Fatherland and Freedom (ETA)
82736,0,147,11,100,474,12.366749,13.828885,1.0,0,0.0,1,0,2,4,427,147.0,0,5,1.0,0,0.0,Boko Haram
11963,0,145,2,392,2158,13.564249,-86.029855,1.0,0,0.0,1,0,2,14,2494,145.0,0,5,1.0,1,0.0,Nicaraguan Democratic Force (FDN)
82263,0,147,11,110,976,9.85125,8.683428,1.0,0,1.0,1,0,2,14,27,147.0,0,5,10.0,0,0.0,Fulani extremists
14736,0,159,3,256,1562,-11.967368,-76.978462,1.0,0,0.0,1,0,3,7,181,217.0,0,6,0.0,1,0.0,Tupac Amaru Revolutionary Movement (MRTA)
15191,0,183,11,18,97,-29.861824,31.008293,1.0,0,0.0,1,0,3,21,187,183.0,0,6,1.0,1,0.0,African National Congress (South Africa)
61892,0,214,9,135,805,47.662817,38.064579,3.0,0,0.0,1,0,3,4,1191,214.0,0,6,0.0,0,0.0,Donetsk People's Republic
74817,0,153,6,389,2732,34.565494,71.477429,2.0,0,1.0,1,0,6,4,3207,153.0,0,5,1.0,0,1.0,Tehrik-i-Taliban Pakistan (TTP)
67296,0,153,6,486,2717,24.891115,67.143311,1.0,0,0.0,0,0,1,3,3221,153.0,0,6,5.0,1,0.0,Tehrik-i-Taliban Pakistan (TTP)
19624,0,92,6,316,2501,31.326015,75.576183,1.0,0,0.0,1,0,1,14,3024,92.0,0,5,4.0,0,0.0,Sikh Extremists
8386,0,69,8,128,749,43.296482,5.36978,1.0,0,0.0,1,0,3,14,1119,69.0,0,6,0.0,1,0.0,Corsican National Liberation Front (FLNC)
33597,0,209,10,208,1337,37.562515,44.293677,3.0,0,0.0,1,0,2,19,398,209.0,0,5,8.0,1,0.0,Kurdistan Workers' Party (PKK)
82744,0,95,10,33,1242,33.953178,44.206818,1.0,0,0.0,0,1,3,14,27,95.0,0,6,2.0,0,0.0,Islamic State of Iraq and the Levant (ISIL)
29279,0,155,10,410,2217,32.222271,35.253506,1.0,0,0.0,1,0,2,19,2603,97.0,0,8,0.0,1,0.0,Palestinians
3128,0,183,11,19,137,-26.141151,28.427501,1.0,0,0.0,1,0,3,3,188,183.0,0,6,0.0,1,0.0,African National Congress (South Africa)
18417,0,183,11,25,158,-34.040083,18.677805,1.0,0,0.0,1,0,1,3,196,183.0,0,5,3.0,0,0.0,African National Congress (South Africa)
78972,0,153,6,484,2776,33.993872,71.860098,1.0,0,0.0,1,0,2,2,3258,153.0,0,5,1.0,0,0.0,Tehrik-i-Taliban Pakistan (TTP)
83589,0,95,10,35,1253,35.198963,43.793133,1.0,0,0.0,1,0,3,4,12,95.0,0,6,2.0,0,0.0,Islamic State of Iraq and the Levant (ISIL)
6759,0,61,2,139,849,13.69288,-89.199161,1.0,0,1.0,1,0,3,1,242,61.0,0,6,1.0,1,0.0,Farabundo Marti National Liberation Front (FMLN)
53062,0,153,6,484,2777,34.953611,71.685833,1.0,0,0.0,1,0,2,4,2046,153.0,0,6,5.0,0,0.0,Tehrik-i-Taliban Pakistan (TTP)
29514,0,603,8,178,1178,55.011562,-7.312045,1.0,0,0.0,1,0,3,1,1432,233.0,0,6,0.0,1,0.0,Irish Republican Army (IRA)
25079,0,92,6,316,2491,30.34,76.38,1.0,0,0.0,1,0,3,15,2974,92.0,0,6,4.0,1,0.0,Sikh Extremists
36254,0,186,6,203,1460,7.921328,81.52467,1.0,0,0.0,1,0,2,3,1184,186.0,0,5,1.0,0,0.0,Liberation Tigers of Tamil Eelam (LTTE)
10212,0,183,11,19,126,-25.748281,28.212069,1.0,0,0.0,1,0,3,4,234,183.0,0,6,19.0,1,0.0,African National Congress (South Africa)
77379,0,147,11,100,480,13.674846,13.338515,1.0,0,0.0,1,0,2,4,849,147.0,0,5,15.0,0,0.0,Boko Haram
21714,0,92,6,316,24,31.147131,75.341218,4.0,0,0.0,1,0,2,3,412,92.0,0,5,1.0,1,0.0,Sikh Extremists
30787,0,159,3,256,1562,-11.967368,-76.978462,1.0,0,0.0,1,0,3,19,2828,159.0,0,6,0.0,1,0.0,Shining Path (SL)
83590,0,4,6,464,2611,31.467463,64.092445,1.0,0,0.0,1,0,3,3,527,4.0,0,6,6.0,1,0.0,Taliban
22679,0,92,6,446,2483,29.685693,76.990483,1.0,0,0.0,1,0,3,19,2380,92.0,0,6,13.0,1,0.0,Sikh Extremists
29021,0,603,8,178,1177,54.607712,-5.95621,1.0,0,1.0,0,0,7,1,1518,233.0,0,8,0.0,1,0.0,Irish Republican Army (IRA)
76294,0,228,10,52,297,14.327928,44.90665,3.0,0,0.0,1,0,3,20,6,228.0,0,6,2.0,0,0.0,Houthi extremists (Ansar Allah)
71093,0,228,10,57,277,13.586484,44.024105,1.0,0,1.0,1,0,3,14,1222,228.0,0,6,1.0,-9,0.0,Houthi extremists (Ansar Allah)
67981,0,153,6,316,2788,31.975063,74.223297,1.0,0,0.0,1,0,1,2,3274,153.0,0,5,3.0,1,0.0,Tehrik-i-Taliban Pakistan (TTP)
49113,0,182,11,60,301,3.115641,43.64658,1.0,0,0.0,1,0,2,14,599,182.0,0,9,0.0,0,0.0,Al-Shabaab
7443,0,69,8,130,755,43.610769,3.876716,1.0,0,0.0,1,0,3,4,1141,69.0,0,6,0.0,1,0.0,Corsican National Liberation Front (FLNC)
81299,1,160,5,357,1985,9.05,125.9,1.0,0,1.0,1,0,6,4,2362,160.0,0,5,0.0,0,1.0,New People's Army (NPA)
69422,0,37,11,109,535,11.135556,13.881944,1.0,0,0.0,1,0,2,14,853,37.0,0,5,10.0,0,0.0,Boko Haram
59136,0,182,11,68,336,3.151721,42.489719,1.0,0,0.0,1,0,3,1,361,182.0,0,6,1.0,1,0.0,Al-Shabaab
74376,0,147,11,100,466,11.840929,13.141459,1.0,0,0.0,1,1,3,2,862,147.0,0,6,6.0,-9,0.0,Boko Haram
61164,0,214,9,135,825,48.850691,37.608076,2.0,1,0.0,1,0,2,4,20,214.0,0,5,3.0,-9,0.0,Donetsk People's Republic
71815,0,45,3,326,1833,7.605683,-74.806265,3.0,0,0.0,1,0,3,3,12,45.0,0,6,3.0,0,0.0,National Liberation Army of Colombia (ELN)
39353,1,45,3,336,1854,5.449497,-74.667911,3.0,0,0.0,1,0,6,14,2232,75.0,0,5,0.0,0,1.0,National Liberation Army of Colombia (ELN)
55384,0,113,10,302,1784,27.022867,14.441218,1.0,0,0.0,1,0,3,15,2155,113.0,0,6,0.0,1,0.0,Muslim extremists
79121,0,200,10,188,1244,36.432888,37.442127,1.0,0,0.0,1,1,3,17,1598,200.0,0,6,78.0,1,0.0,Islamic State of Iraq and the Levant (ISIL)
66751,0,60,10,269,1728,31.105773,29.764839,1.0,0,0.0,1,0,2,15,839,60.0,0,5,0.0,0,0.0,Muslim extremists
50187,0,147,11,100,466,11.840929,13.141459,1.0,0,0.0,1,0,2,2,856,147.0,0,5,1.0,0,0.0,Boko Haram
44068,0,228,10,48,284,15.45639,45.324871,1.0,0,0.0,1,0,3,2,6,228.0,0,6,1.0,-9,0.0,Houthi extremists (Ansar Allah)
13250,0,145,2,399,919,11.984997,-86.384759,1.0,1,0.0,1,0,3,21,2486,145.0,0,6,0.0,1,0.0,Nicaraguan Democratic Force (FDN)
51821,0,228,10,47,253,15.941039,48.780092,1.0,0,0.0,1,0,2,1,52,69.0,0,5,2.0,1,0.0,Al-Qaida in the Arabian Peninsula (AQAP)
11663,0,92,6,316,24,31.147131,75.341218,4.0,0,0.0,1,0,2,14,3030,92.0,0,5,5.0,1,0.0,Sikh Extremists
15776,0,159,3,430,2448,-12.068306,-75.210163,1.0,0,1.0,1,0,3,2,3364,159.0,0,6,1.0,1,0.0,Tupac Amaru Revolutionary Movement (MRTA)
50784,0,95,10,39,225,33.057991,44.354839,1.0,0,0.0,1,0,3,14,339,95.0,0,6,2.0,0,0.0,Muslim extremists
27641,0,159,3,431,2825,-9.929478,-76.239738,3.0,0,0.0,1,0,2,4,3363,159.0,0,5,77.0,1,0.0,Tupac Amaru Revolutionary Movement (MRTA)
18615,0,603,8,178,1177,54.607712,-5.95621,1.0,0,0.0,1,0,3,2,1483,233.0,0,6,0.0,1,0.0,Irish Republican Army (IRA)
53051,0,209,10,207,1396,37.317202,41.792458,3.0,0,0.0,1,0,2,4,93,209.0,0,6,0.0,0,0.0,Kurdistan Workers' Party (PKK)
17287,0,603,8,178,1208,54.289445,-5.834789,1.0,0,0.0,1,0,1,3,1508,233.0,0,5,1.0,0,0.0,Irish Republican Army (IRA)
15472,0,43,3,250,1550,-33.366238,-70.505302,1.0,0,0.0,1,0,3,14,1908,43.0,0,6,0.0,1,0.0,Manuel Rodriguez Patriotic Front (FPMR)
70437,0,228,10,57,1127,13.160563,43.73093,3.0,0,0.0,1,0,3,14,1344,228.0,0,6,8.0,-9,0.0,Houthi extremists (Ansar Allah)
22691,0,92,6,316,2491,30.34,76.38,1.0,0,0.0,1,0,1,2,3047,92.0,0,5,2.0,0,0.0,Sikh Extremists
30631,0,603,8,178,1181,54.347539,-6.656108,1.0,0,0.0,1,0,1,14,1538,233.0,0,5,1.0,0,0.0,Irish Republican Army (IRA)
15690,0,145,2,393,2183,13.087135,-86.355572,4.0,1,0.0,1,0,2,4,1241,145.0,0,5,1.0,1,0.0,Nicaraguan Democratic Force (FDN)
22303,0,183,11,19,160,-26.249031,27.944123,1.0,0,0.0,1,0,1,3,289,183.0,0,5,1.0,0,0.0,African National Congress (South Africa)
26768,0,186,6,203,1451,7.716666,81.700188,3.0,0,0.0,1,0,2,4,1261,186.0,0,5,1.0,1,0.0,Liberation Tigers of Tamil Eelam (LTTE)
64564,0,45,3,340,2289,2.796235,-76.483157,3.0,0,0.0,1,0,3,19,2093,45.0,0,6,0.0,1,0.0,Revolutionary Armed Forces of Colombia (FARC)
29056,0,155,10,410,2226,31.907141,35.198219,1.0,0,1.0,1,0,7,4,2585,97.0,0,8,0.0,1,0.0,Palestinians
45294,0,95,10,30,177,33.303566,44.371773,1.0,0,1.0,1,0,3,14,366,95.0,0,6,8.0,1,0.0,Al-Qaida in Iraq
22751,0,61,2,138,848,13.802046,-87.896732,1.0,0,0.0,1,0,2,4,412,61.0,0,5,14.0,1,0.0,Farabundo Marti National Liberation Front (FMLN)
62492,0,123,11,291,1760,19.464848,0.856393,1.0,0,0.0,1,0,3,7,167,422.0,0,6,0.0,1,0.0,Muslim extremists
68448,0,45,3,323,1839,8.59674,-73.22737,2.0,0,0.0,1,0,3,4,2202,45.0,0,6,4.0,1,0.0,National Liberation Army of Colombia (ELN)
25889,0,61,2,154,919,13.981479,-89.555717,1.0,0,0.0,1,0,2,4,1309,61.0,0,5,0.0,1,0.0,Farabundo Marti National Liberation Front (FMLN)
6401,0,185,8,81,415,43.169068,-2.632655,1.0,0,0.0,1,0,1,1,717,185.0,0,5,1.0,0,0.0,Basque Fatherland and Freedom (ETA)
44466,0,186,6,240,1494,7.079678,79.890976,1.0,0,0.0,1,0,3,2,872,186.0,0,6,2.0,1,0.0,Liberation Tigers of Tamil Eelam (LTTE)
20316,0,186,6,203,1464,6.872087,81.72263,1.0,0,0.0,1,0,3,3,680,186.0,0,6,8.0,1,0.0,Liberation Tigers of Tamil Eelam (LTTE)
17041,0,183,11,18,97,-29.861824,31.008293,1.0,0,0.0,0,0,3,3,196,183.0,0,6,0.0,0,0.0,African National Congress (South Africa)
31334,0,97,10,412,2221,31.771599,35.2034,1.0,0,0.0,0,0,1,14,2594,97.0,0,9,0.0,0,0.0,Palestinians
8568,0,155,10,410,2251,31.803923,35.325162,1.0,0,0.0,0,0,3,1,2595,97.0,0,6,0.0,0,0.0,Palestinians
5304,0,69,8,126,24,41.918891,8.737554,4.0,0,0.0,1,0,3,20,1083,69.0,0,6,0.0,1,0.0,Corsican National Liberation Front (FLNC)
45623,0,92,6,118,586,23.744186,84.504429,3.0,0,0.0,1,0,2,14,937,92.0,0,5,0.0,-9,0.0,Communist Party of India - Maoist (CPI-Maoist)
15719,0,159,3,256,1562,-11.967368,-76.978462,1.0,0,0.0,1,0,3,14,2873,159.0,0,6,1.0,1,0.0,Shining Path (SL)
51073,0,228,10,49,254,13.129726,45.385571,1.0,1,0.0,1,0,2,4,473,228.0,0,5,0.0,0,0.0,Al-Qaida in the Arabian Peninsula (AQAP)
14325,0,145,2,393,2122,12.96589,-86.231407,1.0,0,0.0,1,0,2,4,412,145.0,0,5,12.0,1,0.0,Nicaraguan Democratic Force (FDN)
12909,0,69,8,128,749,43.296482,5.36978,1.0,0,0.0,1,0,3,1,1135,69.0,0,6,0.0,1,0.0,Corsican National Liberation Front (FLNC)
13052,0,145,2,407,2137,13.611277,-84.866885,3.0,1,0.0,1,0,3,2,2480,145.0,0,6,1.0,1,0.0,Nicaraguan Democratic Force (FDN)
16519,0,43,3,250,1550,-33.366238,-70.505302,1.0,0,1.0,1,0,3,3,1570,43.0,0,6,0.0,1,0.0,Manuel Rodriguez Patriotic Front (FPMR)
50245,0,45,3,331,2305,2.998638,-75.30562,1.0,1,0.0,1,0,3,4,2715,45.0,0,6,1.0,1,0.0,Revolutionary Armed Forces of Colombia (FARC)
23597,0,92,6,447,2487,28.585836,77.153336,1.0,0,0.0,1,0,3,14,2970,92.0,0,6,3.0,1,0.0,Sikh Extremists
10094,0,145,2,391,2092,13.330532,-86.1624,3.0,1,0.0,1,0,2,4,1235,145.0,0,5,1.0,1,0.0,Nicaraguan Democratic Force (FDN)
17280,0,183,11,19,96,-26.184113,28.033232,1.0,0,0.0,1,0,3,2,233,183.0,0,6,3.0,1,0.0,African National Congress (South Africa)
49362,1,45,3,427,2352,4.443287,-69.793424,1.0,1,0.0,1,0,6,1,2773,45.0,0,5,0.0,0,1.0,Revolutionary Armed Forces of Colombia (FARC)
23913,0,185,8,81,382,43.258434,-2.921819,1.0,0,0.0,1,0,3,4,721,185.0,0,6,0.0,1,0.0,Basque Fatherland and Freedom (ETA)
60680,0,37,11,109,489,10.93119,13.739053,1.0,0,0.0,1,0,2,14,27,37.0,0,5,2.0,1,0.0,Boko Haram
10409,0,185,8,81,388,43.291618,-1.977903,1.0,0,0.0,1,0,3,3,680,185.0,0,6,1.0,1,0.0,Basque Fatherland and Freedom (ETA)
49482,0,92,6,120,680,22.451393,86.992203,1.0,1,0.0,1,0,2,2,1010,92.0,0,9,1.0,-9,0.0,Communist Party of India - Maoist (CPI-Maoist)
48872,1,92,6,118,666,24.428844,84.025995,1.0,0,0.0,1,0,3,19,989,92.0,0,6,0.0,1,1.0,Communist Party of India - Maoist (CPI-Maoist)
33215,0,69,8,126,751,41.795233,8.741819,1.0,0,1.0,1,0,3,14,1095,69.0,0,6,0.0,1,0.0,Corsican National Liberation Front (FLNC)
40099,0,45,3,337,24,11.354774,-72.520483,4.0,0,0.0,1,0,3,19,2236,45.0,0,6,0.0,1,0.0,National Liberation Army of Colombia (ELN)
10531,0,45,3,330,2335,6.313712,-73.950146,3.0,0,0.0,1,0,2,14,2750,45.0,0,5,12.0,0,0.0,Revolutionary Armed Forces of Colombia (FARC)
75847,0,153,6,311,1800,30.200819,66.994354,1.0,0,1.0,1,0,1,1,3264,153.0,0,5,1.0,0,0.0,Tehrik-i-Taliban Pakistan (TTP)
46784,0,160,5,1,22,6.050458,121.012245,1.0,0,0.0,1,0,3,1,13,160.0,0,6,2.0,1,0.0,Abu Sayyaf Group (ASG)
57929,0,45,3,323,1855,8.608345,-73.316615,1.0,0,1.0,1,0,3,21,2235,45.0,0,6,0.0,1,0.0,National Liberation Army of Colombia (ELN)
67318,0,214,9,135,787,47.098835,37.81987,1.0,1,1.0,1,0,2,4,48,214.0,0,6,0.0,-9,0.0,Donetsk People's Republic
29170,0,97,10,410,2231,32.409504,35.28063,1.0,0,0.0,1,0,1,14,2546,155.0,0,5,1.0,0,0.0,Palestinians
75509,0,228,10,47,245,14.54397,49.12458,1.0,0,1.0,1,1,3,4,20,228.0,0,6,4.0,-9,0.0,Al-Qaida in the Arabian Peninsula (AQAP)
64839,0,147,11,104,975,9.636866,8.499615,3.0,0,0.0,1,0,1,14,1342,147.0,0,5,1.0,1,0.0,Fulani extremists
18597,0,160,5,11,43,14.596051,120.978666,1.0,0,0.0,1,0,3,3,2404,160.0,0,6,0.0,1,0.0,New People's Army (NPA)
11748,0,145,2,400,2103,12.96361,-86.81472,1.0,0,0.0,1,0,3,21,2459,145.0,0,6,1.0,1,0.0,Nicaraguan Democratic Force (FDN)
29713,0,92,6,316,2481,30.898024,75.860077,1.0,0,0.0,1,0,3,2,1912,92.0,0,6,1.0,1,0.0,Sikh Extremists
66170,0,113,10,290,1759,31.927389,12.251627,1.0,1,1.0,1,0,3,9,2135,113.0,0,6,0.0,-9,0.0,Muslim extremists
20318,0,45,3,330,24,6.643708,-73.653621,4.0,0,0.0,1,0,2,4,1235,45.0,0,5,2.0,1,0.0,National Liberation Army of Colombia (ELN)
39989,0,160,5,9,40,6.11622,125.169395,1.0,0,1.0,1,0,3,1,75,160.0,0,6,0.0,0,0.0,Abu Sayyaf Group (ASG)
48551,0,153,6,484,2714,34.006004,71.53743,1.0,1,0.0,1,0,3,8,3259,153.0,0,6,0.0,1,0.0,Tehrik-i-Taliban Pakistan (TTP)
17147,0,603,8,178,1217,54.673252,-7.627484,1.0,0,0.0,1,0,1,2,1531,233.0,0,6,2.0,1,0.0,Irish Republican Army (IRA)
73416,0,182,11,72,316,7.968031,49.821148,2.0,0,1.0,1,0,2,14,27,182.0,0,6,5.0,0,0.0,Al-Shabaab
13665,0,92,6,449,2500,30.733315,76.779418,1.0,0,0.0,0,0,3,15,2986,92.0,0,6,0.0,0,0.0,Sikh Extremists
51776,0,4,6,300,24,34.171831,70.621679,4.0,0,1.0,1,0,2,4,162,422.0,0,5,9.0,-9,0.0,Taliban
44472,0,4,6,457,2603,31.499713,65.000854,3.0,0,0.0,1,0,2,3,3114,4.0,0,5,11.0,1,0.0,Taliban
5275,0,185,8,81,388,43.291618,-1.977903,1.0,0,0.0,1,0,3,14,705,185.0,0,6,0.0,1,0.0,Basque Fatherland and Freedom (ETA)
70274,0,92,6,118,694,22.864585,85.326526,1.0,0,0.0,0,0,3,4,12,92.0,0,6,0.0,0,0.0,Communist Party of India - Maoist (CPI-Maoist)
18725,0,186,6,241,1457,8.738157,80.477147,3.0,0,0.0,1,0,2,22,412,186.0,0,5,3.0,1,0.0,Liberation Tigers of Tamil Eelam (LTTE)
75439,0,147,11,155,1062,7.350826,8.836276,2.0,0,1.0,1,0,2,14,13,147.0,0,5,1.0,-9,0.0,Fulani extremists
50575,0,160,5,1,2,6.066693,121.100042,1.0,0,0.0,1,0,3,19,2,160.0,0,6,0.0,1,0.0,Abu Sayyaf Group (ASG)
40882,0,92,6,268,1767,33.00581,75.210876,1.0,0,0.0,1,0,2,4,2140,92.0,0,5,1.0,0,0.0,Muslim extremists
23024,0,43,3,250,1550,-33.366238,-70.505302,1.0,0,0.0,1,0,3,16,1955,43.0,0,6,0.0,1,0.0,Manuel Rodriguez Patriotic Front (FPMR)
2261,0,603,8,178,1182,54.446614,-6.690752,1.0,0,0.0,1,0,1,4,1440,233.0,0,5,1.0,0,0.0,Irish Republican Army (IRA)
73865,1,160,5,2,63,4.66255,119.394262,1.0,0,0.0,1,0,4,11,110,93.0,0,5,0.0,1,1.0,Abu Sayyaf Group (ASG)
42556,0,186,6,241,1503,9.086163,79.818989,1.0,0,0.0,1,0,3,3,1810,186.0,0,6,1.0,1,0.0,Liberation Tigers of Tamil Eelam (LTTE)
64979,0,123,11,271,1734,14.456878,-4.91545,1.0,0,0.0,1,0,2,14,853,123.0,0,5,0.0,-9,0.0,Muslim extremists
25334,0,185,8,81,382,43.258434,-2.921819,1.0,0,0.0,0,0,1,3,751,185.0,0,6,0.0,0,0.0,Basque Fatherland and Freedom (ETA)
11327,0,155,10,410,2217,32.222271,35.253506,1.0,1,0.0,1,0,2,4,2564,97.0,0,8,0.0,0,0.0,Palestinians
14106,0,159,3,439,2418,-13.604444,-75.353111,1.0,0,0.0,1,0,3,19,1027,159.0,0,6,1.0,1,0.0,Shining Path (SL)
64434,0,147,11,107,484,11.974328,8.50026,1.0,0,0.0,1,1,3,14,867,147.0,0,6,6.0,1,0.0,Boko Haram
28668,0,61,2,139,849,13.69288,-89.199161,1.0,0,0.0,1,0,3,1,1262,61.0,0,6,0.0,1,0.0,Farabundo Marti National Liberation Front (FMLN)
14809,0,43,3,250,1550,-33.366238,-70.505302,1.0,0,1.0,1,0,3,1,1892,43.0,0,6,0.0,1,0.0,Manuel Rodriguez Patriotic Front (FPMR)
49858,0,92,6,122,625,18.815236,82.712102,1.0,1,0.0,1,0,2,3,995,92.0,0,5,2.0,-9,0.0,Communist Party of India - Maoist (CPI-Maoist)
17628,0,183,11,20,161,-32.949255,27.734962,1.0,0,0.0,1,0,2,3,188,183.0,0,5,3.0,1,0.0,African National Congress (South Africa)
82813,1,147,11,159,965,7.855064,5.343466,1.0,1,0.0,1,0,6,15,1340,147.0,0,5,1.0,0,1.0,Fulani extremists
47199,0,92,6,118,587,24.179793,86.306772,3.0,0,0.0,1,0,3,19,950,92.0,0,6,0.0,1,0.0,Communist Party of India - Maoist (CPI-Maoist)
48652,0,4,6,300,2625,34.417538,70.323938,1.0,0,0.0,1,0,3,2,3117,4.0,0,6,0.0,0,0.0,Taliban
78051,0,182,11,63,304,2.059819,45.326115,1.0,0,1.0,0,1,1,1,361,182.0,0,6,1.0,1,0.0,Al-Shabaab
52668,0,95,10,33,187,33.540672,44.251266,1.0,0,1.0,1,1,3,3,85,95.0,0,6,12.0,0,0.0,Al-Qaida in Iraq
47281,0,92,6,119,611,20.514853,80.904182,2.0,0,0.0,1,0,2,3,930,92.0,0,5,1.0,0,0.0,Communist Party of India - Maoist (CPI-Maoist)
32981,0,185,8,81,382,43.258434,-2.921819,1.0,0,0.0,1,0,3,1,410,185.0,0,6,0.0,1,0.0,Basque Fatherland and Freedom (ETA)
55955,0,60,10,267,1722,31.212225,34.117065,1.0,0,1.0,1,0,2,4,20,60.0,0,6,1.0,0,0.0,Muslim extremists
49297,0,92,6,117,588,25.561362,84.309496,1.0,0,0.0,1,0,7,1,910,92.0,0,8,0.0,1,0.0,Communist Party of India - Maoist (CPI-Maoist)
68915,0,45,3,326,2285,7.583191,-75.399966,3.0,0,0.0,1,0,3,19,2093,45.0,0,6,0.0,-9,0.0,Revolutionary Armed Forces of Colombia (FARC)
54594,0,153,6,484,2754,32.929773,70.669266,3.0,0,0.0,1,1,3,3,175,153.0,0,6,6.0,1,0.0,Tehrik-i-Taliban Pakistan (TTP)
12903,0,69,8,128,749,43.296482,5.36978,1.0,0,1.0,1,0,3,2,706,69.0,0,6,0.0,1,0.0,Corsican National Liberation Front (FLNC)
16095,0,145,2,403,2147,12.71321,-86.511845,1.0,0,0.0,1,0,2,14,2487,145.0,0,5,1.0,1,0.0,Nicaraguan Democratic Force (FDN)
81904,0,209,10,208,1356,37.3,44.566667,3.0,0,0.0,1,0,3,1,409,209.0,0,6,2.0,1,0.0,Kurdistan Workers' Party (PKK)
2389,0,603,8,178,1180,54.077313,-6.608787,1.0,0,0.0,1,0,3,4,1523,216.0,0,6,1.0,1,0.0,Irish Republican Army (IRA)
15972,0,43,3,250,1550,-33.366238,-70.505302,1.0,0,0.0,1,0,3,2,1926,43.0,0,6,0.0,1,0.0,Manuel Rodriguez Patriotic Front (FPMR)
69860,0,147,11,100,464,11.156907,12.756605,2.0,0,1.0,1,0,2,14,13,147.0,0,6,17.0,0,0.0,Boko Haram
66864,0,228,10,45,236,12.825647,44.846416,1.0,0,1.0,1,0,2,14,13,228.0,0,5,2.0,0,0.0,Houthi extremists (Ansar Allah)
61708,0,113,10,285,1748,32.867867,13.189067,1.0,0,0.0,1,0,3,6,276,113.0,0,6,0.0,1,0.0,Muslim extremists
43267,0,186,6,203,1451,7.716666,81.700188,3.0,0,0.0,1,0,2,14,562,186.0,0,5,1.0,0,0.0,Liberation Tigers of Tamil Eelam (LTTE)
55588,0,228,10,169,1150,16.887823,43.442872,3.0,0,0.0,1,0,7,1,1409,228.0,0,5,0.0,-9,0.0,Houthi extremists (Ansar Allah)
78944,0,113,10,272,1733,32.831712,21.687634,1.0,0,0.0,0,0,1,4,2114,113.0,0,5,0.0,0,0.0,Muslim extremists
81571,0,173,10,174,1126,24.08554,38.063286,1.0,0,0.0,1,0,3,1,1378,173.0,0,6,0.0,1,0.0,Houthi extremists (Ansar Allah)
33672,0,75,8,232,1395,53.074981,8.807081,1.0,0,0.0,1,0,7,1,1696,209.0,0,8,0.0,1,0.0,Kurdistan Workers' Party (PKK)
26283,0,69,8,126,747,42.699997,9.447317,1.0,0,0.0,1,0,3,1,1115,69.0,0,6,0.0,1,0.0,Corsican National Liberation Front (FLNC)
63776,0,147,11,156,1000,8.699823,7.982974,2.0,0,1.0,1,0,2,14,27,147.0,0,5,2.0,1,0.0,Fulani extremists
56596,0,95,10,30,177,33.303566,44.371773,1.0,0,1.0,1,0,3,14,13,95.0,0,6,3.0,0,0.0,Islamic State of Iraq and the Levant (ISIL)
10882,0,45,3,326,1832,6.242026,-75.564766,1.0,0,0.0,1,0,1,2,2252,45.0,0,5,1.0,0,0.0,National Liberation Army of Colombia (ELN)
40722,0,92,6,268,1723,33.371715,74.315313,1.0,0,0.0,1,0,3,19,2108,92.0,0,6,4.0,1,0.0,Muslim extremists
8850,0,185,8,81,386,43.32412,-1.929857,1.0,0,0.0,1,0,1,3,753,185.0,0,5,1.0,0,0.0,Basque Fatherland and Freedom (ETA)
60508,0,228,10,173,1124,15.823405,44.038661,1.0,0,0.0,1,0,3,22,373,228.0,0,6,0.0,1,0.0,Houthi extremists (Ansar Allah)
22511,0,45,3,332,1842,6.46052,-71.72989,1.0,0,0.0,1,0,2,4,412,45.0,0,5,0.0,1,0.0,National Liberation Army of Colombia (ELN)
61575,0,214,9,135,806,47.927954,37.371645,3.0,0,1.0,1,0,7,1,1203,214.0,0,5,1.0,1,0.0,Donetsk People's Republic
8610,0,61,2,137,866,13.85077,-88.90406,1.0,0,0.0,1,0,2,4,1305,61.0,0,5,0.0,1,0.0,Farabundo Marti National Liberation Front (FMLN)
20395,0,43,3,251,1563,-37.029655,-73.144447,1.0,0,0.0,1,0,3,21,1286,43.0,0,6,0.0,1,0.0,Manuel Rodriguez Patriotic Front (FPMR)
29011,0,92,6,123,2485,15.478569,78.483093,3.0,0,0.0,1,0,3,2,2968,92.0,0,6,2.0,1,0.0,Sikh Extremists
79359,0,95,10,34,215,36.289417,42.411853,1.0,1,0.0,0,1,3,6,276,95.0,0,6,18.0,0,0.0,Islamic State of Iraq and the Levant (ISIL)
42174,0,95,10,30,177,33.287345,44.319487,2.0,0,0.0,1,1,3,4,6,95.0,0,6,25.0,-9,0.0,Al-Qaida in Iraq
28539,0,209,10,210,1370,37.415668,41.371505,1.0,0,0.0,1,0,2,4,412,209.0,0,5,0.0,1,0.0,Kurdistan Workers' Party (PKK)
79653,0,95,10,34,184,36.354145,43.14357,1.0,0,0.0,1,0,6,14,13,95.0,0,5,16.0,0,1.0,Islamic State of Iraq and the Levant (ISIL)
29073,0,209,10,223,1369,37.936623,42.547486,1.0,0,0.0,1,0,2,3,782,209.0,0,5,0.0,1,0.0,Kurdistan Workers' Party (PKK)
55161,0,147,11,104,468,10.506041,7.432823,1.0,0,0.0,1,0,2,3,12,147.0,0,5,2.0,0,0.0,Boko Haram
24340,0,45,3,328,1830,8.308585,-73.613541,1.0,0,0.0,1,0,6,10,2215,45.0,0,5,0.0,0,1.0,National Liberation Army of Colombia (ELN)
49959,0,160,5,1,22,6.050458,121.012245,1.0,0,0.0,0,0,3,14,72,160.0,0,6,0.0,0,0.0,Abu Sayyaf Group (ASG)
15425,0,159,3,256,1562,-11.967368,-76.978462,1.0,0,0.0,1,0,3,1,3323,217.0,0,6,0.0,1,0.0,Tupac Amaru Revolutionary Movement (MRTA)
51331,0,92,6,118,1589,23.91925,84.291076,2.0,0,0.0,1,0,3,3,409,92.0,0,6,0.0,1,0.0,Maoists
2957,0,603,8,178,1178,55.011562,-7.312045,1.0,0,0.0,1,0,1,4,1502,233.0,0,5,1.0,0,0.0,Irish Republican Army (IRA)
82139,0,92,6,119,737,19.102975,81.949115,3.0,0,0.0,1,0,2,14,2017,92.0,0,12,1.0,0,1.0,Maoists
65305,0,214,9,135,786,47.981647,37.762325,1.0,0,0.0,1,0,3,19,1194,214.0,0,6,13.0,1,0.0,Donetsk People's Republic
7436,0,45,3,424,2346,8.402925,-75.899867,4.0,0,0.0,1,0,2,4,1235,45.0,0,5,3.0,1,0.0,Revolutionary Armed Forces of Colombia (FARC)
80526,0,92,6,118,643,23.90477,85.70469,1.0,0,0.0,1,0,6,14,965,92.0,0,5,1.0,0,1.0,Communist Party of India - Maoist (CPI-Maoist)
24596,0,96,8,179,1192,52.663857,-8.626773,1.0,0,0.0,1,0,6,2,1462,233.0,0,5,0.0,0,1.0,Irish Republican Army (IRA)
29595,0,186,6,241,1445,8.980118,79.912462,3.0,0,0.0,1,0,2,4,412,186.0,0,5,7.0,1,0.0,Liberation Tigers of Tamil Eelam (LTTE)
7541,0,185,8,81,388,43.291618,-1.977903,1.0,0,0.0,1,0,1,3,765,185.0,0,5,1.0,0,0.0,Basque Fatherland and Freedom (ETA)
54911,0,147,11,100,466,11.840929,13.141459,1.0,0,0.0,1,0,3,4,48,147.0,0,6,3.0,0,0.0,Boko Haram
42034,0,186,6,247,1493,6.906671,81.559293,1.0,0,0.0,1,0,3,3,1792,186.0,0,6,0.0,1,0.0,Liberation Tigers of Tamil Eelam (LTTE)
17897,0,185,8,91,411,43.507604,-5.604447,1.0,0,0.0,1,0,3,3,654,185.0,0,6,0.0,1,0.0,Basque Fatherland and Freedom (ETA)
68944,0,153,6,484,2740,31.834328,70.90905,1.0,0,1.0,1,1,3,4,167,153.0,0,6,2.0,-9,0.0,Tehrik-i-Taliban Pakistan (TTP)
29639,0,155,10,304,2262,31.502407,34.459743,1.0,0,0.0,1,0,3,4,1584,97.0,0,6,0.0,1,0.0,Palestinians
49389,0,92,6,125,678,19.413354,80.00591,1.0,1,0.0,1,0,2,3,1006,92.0,0,9,1.0,0,0.0,Communist Party of India - Maoist (CPI-Maoist)
55964,0,60,10,267,1732,31.126646,33.800865,1.0,0,0.0,1,0,2,15,2158,60.0,0,5,1.0,0,0.0,Muslim extremists
70304,0,173,10,172,1129,16.800006,43.149996,2.0,0,1.0,1,0,2,3,85,173.0,0,5,2.0,0,0.0,Houthi extremists (Ansar Allah)
28349,0,61,2,148,898,13.49446,-88.530343,1.0,0,0.0,1,0,2,14,1279,61.0,0,5,5.0,1,0.0,Farabundo Marti National Liberation Front (FMLN)
52546,0,182,11,69,328,4.73538,45.2024,1.0,0,0.0,1,0,2,4,48,65.0,0,6,3.0,-9,0.0,Al-Shabaab
26636,0,186,6,243,1471,8.8341,80.760739,1.0,0,0.0,1,0,2,4,1765,186.0,0,5,7.0,1,0.0,Liberation Tigers of Tamil Eelam (LTTE)
7407,0,97,10,304,2255,32.143792,35.496129,1.0,0,0.0,1,0,3,1,2602,97.0,0,6,1.0,1,0.0,Palestinians
62700,0,160,5,363,2025,13.762966,122.963632,1.0,0,0.0,1,0,2,4,2398,160.0,0,5,1.0,1,0.0,New People's Army (NPA)
56091,0,60,10,267,1732,31.126646,33.800865,1.0,0,1.0,1,0,2,4,20,60.0,0,6,1.0,1,0.0,Muslim extremists
38496,1,59,3,426,2316,-0.879091,-76.085601,4.0,0,0.0,1,0,6,1,2726,999.0,0,5,0.0,0,1.0,Revolutionary Armed Forces of Colombia (FARC)
10818,0,145,2,391,24,13.091683,-86.000314,4.0,0,0.0,1,0,2,4,1235,145.0,0,5,30.0,1,0.0,Nicaraguan Democratic Force (FDN)
44694,0,95,10,31,179,33.74324,44.623825,1.0,0,0.0,1,0,3,14,346,95.0,0,6,0.0,1,0.0,Al-Qaida in Iraq
40243,0,97,10,412,2221,31.771599,35.2034,1.0,0,0.0,1,0,2,14,2599,97.0,0,9,2.0,0,0.0,Palestinians
25474,0,43,3,250,1550,-33.366238,-70.505302,1.0,0,0.0,1,0,3,1,1106,217.0,0,6,0.0,1,0.0,Manuel Rodriguez Patriotic Front (FPMR)
65163,0,123,11,271,1734,14.457087,-4.917815,1.0,0,0.0,1,0,2,4,20,123.0,0,5,6.0,0,0.0,Muslim extremists
61681,0,60,10,267,1732,31.126646,33.800865,1.0,1,0.0,1,0,3,21,1221,60.0,0,6,0.0,1,0.0,Muslim extremists
25991,0,159,3,256,1562,-11.967368,-76.978462,1.0,0,1.0,0,0,3,1,658,159.0,0,6,0.0,1,0.0,Shining Path (SL)
74511,0,147,11,155,1009,7.487471,9.236722,1.0,0,0.0,1,0,2,14,27,147.0,0,5,5.0,0,0.0,Fulani extremists
26573,0,603,8,178,1177,54.607712,-5.95621,1.0,0,0.0,1,0,1,3,1476,233.0,0,5,1.0,0,0.0,Irish Republican Army (IRA)
12857,0,159,3,256,1562,-11.967368,-76.978462,1.0,0,0.0,1,0,5,10,410,217.0,0,5,0.0,1,1.0,Tupac Amaru Revolutionary Movement (MRTA)
59778,0,214,9,135,802,48.526871,37.711357,1.0,0,0.0,1,0,7,10,410,214.0,0,8,0.0,1,0.0,Donetsk People's Republic
50107,0,95,10,41,197,32.604393,44.007145,1.0,0,1.0,1,0,3,2,364,95.0,0,6,3.0,1,0.0,Al-Qaida in Iraq
48314,0,95,10,29,176,33.31065,44.038208,1.0,0,1.0,1,0,3,14,341,95.0,0,6,0.0,1,0.0,Al-Qaida in Iraq
53024,0,4,6,459,2624,32.37001,62.128456,1.0,0,0.0,1,0,2,2,3128,4.0,0,5,2.0,1,0.0,Taliban
37390,0,209,10,195,1260,41.106178,28.689863,1.0,0,0.0,1,0,3,1,2146,209.0,0,6,0.0,1,0.0,Muslim extremists
14284,0,145,2,401,2119,12.836184,-85.934374,1.0,0,0.0,1,0,2,4,412,145.0,0,5,3.0,1,0.0,Nicaraguan Democratic Force (FDN)
80398,0,160,5,365,1953,16.670136,121.717106,2.0,0,0.0,1,0,4,1,410,160.0,0,8,0.0,1,1.0,New People's Army (NPA)
77155,0,92,6,118,1585,23.047112,84.541155,2.0,0,1.0,1,0,6,14,2008,92.0,0,5,1.0,0,1.0,Maoists
48029,0,92,6,120,614,22.032336,87.174696,1.0,1,0.0,1,0,6,14,934,92.0,0,5,1.0,0,1.0,Communist Party of India - Maoist (CPI-Maoist)
15837,0,183,11,18,150,-29.943468,30.981181,1.0,0,0.0,1,0,3,21,269,183.0,0,6,0.0,1,0.0,African National Congress (South Africa)
15427,0,159,3,256,1562,-11.967368,-76.978462,1.0,0,1.0,1,0,3,2,3321,159.0,0,6,1.0,1,0.0,Tupac Amaru Revolutionary Movement (MRTA)
72117,0,228,10,57,277,13.586484,44.024105,1.0,0,0.0,1,0,3,14,1218,228.0,0,6,0.0,-9,0.0,Houthi extremists (Ansar Allah)
44020,0,186,6,241,1444,9.666399,80.020477,1.0,1,0.0,1,0,3,4,1820,186.0,0,6,1.0,-9,0.0,Liberation Tigers of Tamil Eelam (LTTE)
57443,1,160,5,0,8,6.545399,121.873756,1.0,1,0.0,1,0,6,2,9,160.0,0,5,1.0,0,1.0,Abu Sayyaf Group (ASG)
45238,0,185,8,81,382,43.258434,-2.921819,1.0,0,0.0,1,0,3,1,675,216.0,0,6,0.0,-9,0.0,Basque Fatherland and Freedom (ETA)
45560,0,95,10,30,177,33.303566,44.371773,1.0,0,1.0,1,0,3,14,374,95.0,0,6,1.0,-9,0.0,Al-Qaida in Iraq
42625,0,141,6,246,1606,26.782869,85.277592,1.0,0,0.0,1,0,3,2,2024,141.0,0,6,0.0,1,0.0,Maoists
23477,0,159,3,443,2449,-15.836675,-71.755818,2.0,0,0.0,1,0,1,3,2910,159.0,0,9,9.0,0,0.0,Shining Path (SL)
18040,0,43,3,250,1550,-33.366238,-70.505302,1.0,0,0.0,1,0,3,19,1889,43.0,0,6,1.0,1,0.0,Manuel Rodriguez Patriotic Front (FPMR)
18526,0,43,3,250,1550,-33.366238,-70.505302,1.0,0,1.0,1,0,3,14,779,43.0,0,6,0.0,1,0.0,Manuel Rodriguez Patriotic Front (FPMR)
46832,0,92,6,121,649,20.056815,84.277916,1.0,0,0.0,1,0,3,3,971,92.0,0,6,0.0,1,0.0,Communist Party of India - Maoist (CPI-Maoist)
27362,0,92,6,316,2501,31.326015,75.576183,1.0,1,0.0,1,0,2,3,412,92.0,0,5,4.0,1,0.0,Sikh Extremists
18015,0,159,3,432,2397,-13.152712,-74.218628,1.0,0,0.0,1,0,3,1,2902,159.0,0,6,0.0,1,0.0,Shining Path (SL)
63782,0,147,11,156,963,8.460129,8.200711,1.0,0,1.0,1,0,7,14,27,147.0,0,8,1.0,1,0.0,Fulani extremists
24058,0,186,6,203,1467,7.301756,81.67473,3.0,0,0.0,1,0,1,2,1760,186.0,0,5,4.0,0,0.0,Liberation Tigers of Tamil Eelam (LTTE)
19085,0,160,5,7,1921,7.515731,123.172442,3.0,0,0.0,1,0,2,4,2318,160.0,0,5,4.0,1,0.0,New People's Army (NPA)
48959,0,228,10,54,24,16.249994,45.478097,4.0,0,0.0,1,1,3,15,472,228.0,0,6,16.0,1,0.0,Al-Qaida in the Arabian Peninsula (AQAP)
52153,0,95,10,30,177,33.303566,44.371773,1.0,0,0.0,1,1,3,2,373,95.0,0,6,26.0,1,0.0,Al-Qaida in Iraq
7274,0,61,2,139,884,13.716667,-89.233333,1.0,0,0.0,1,0,2,4,1235,61.0,0,5,1.0,1,0.0,Farabundo Marti National Liberation Front (FMLN)
46995,0,4,6,457,2598,31.600695,65.551842,1.0,0,1.0,1,0,3,1,3163,4.0,0,6,0.0,1,0.0,Taliban
29044,0,92,6,316,2494,31.633078,74.878288,1.0,0,0.0,0,0,1,22,3020,92.0,0,6,4.0,0,0.0,Sikh Extremists
30978,0,155,10,304,2227,31.346964,34.30143,1.0,0,0.0,0,0,1,14,2537,155.0,0,5,0.0,0,0.0,Palestinians
8384,0,45,3,325,2366,1.207787,-77.2772,1.0,0,0.0,1,0,2,1,702,45.0,0,5,1.0,1,1.0,Revolutionary Armed Forces of Colombia (FARC)
63740,1,228,10,53,256,14.030833,43.627778,3.0,0,0.0,1,0,6,4,373,228.0,0,5,16.0,1,1.0,Al-Qaida in the Arabian Peninsula (AQAP)
14733,0,159,3,256,1562,-11.967368,-76.978462,1.0,0,0.0,1,0,2,4,1260,159.0,0,5,0.0,1,0.0,Tupac Amaru Revolutionary Movement (MRTA)
41525,0,186,6,240,1438,6.941837,79.861687,1.0,0,0.0,1,0,1,4,1799,186.0,0,5,1.0,0,0.0,Liberation Tigers of Tamil Eelam (LTTE)
38841,0,185,8,81,389,43.170017,-2.575197,1.0,0,0.0,1,0,3,1,664,185.0,0,6,0.0,1,0.0,Basque Fatherland and Freedom (ETA)
19871,0,61,2,142,865,13.5,-88.866667,1.0,0,0.0,1,0,2,14,1243,61.0,0,5,6.0,1,0.0,Farabundo Marti National Liberation Front (FMLN)
52998,0,160,5,4,15,7.024267,122.188903,1.0,0,0.0,1,0,3,19,56,160.0,0,6,0.0,1,0.0,Abu Sayyaf Group (ASG)
53976,0,160,5,367,1958,12.05,125.067,1.0,0,0.0,1,0,2,2,2341,160.0,0,5,0.0,1,0.0,New People's Army (NPA)
80655,1,147,11,104,1056,10.374035,7.396023,1.0,0,0.0,1,0,6,2,1357,147.0,0,5,1.0,0,1.0,Fulani extremists
67735,1,4,6,478,24,34.351349,68.238534,4.0,0,0.0,1,0,6,8,3143,4.0,0,5,1.0,0,1.0,Taliban
59986,0,228,10,50,241,15.325443,44.211895,1.0,0,0.0,1,0,3,4,56,228.0,0,6,0.0,1,0.0,Al-Qaida in the Arabian Peninsula (AQAP)
73748,0,182,11,69,24,4.483825,45.345751,4.0,0,0.0,1,0,3,4,583,422.0,0,6,1.0,-9,0.0,Al-Shabaab
25794,0,159,3,256,2473,-11.122722,-77.610568,1.0,0,0.0,1,0,3,1,3358,159.0,0,6,0.0,1,0.0,Tupac Amaru Revolutionary Movement (MRTA)
80236,0,160,5,12,50,9.783552,124.301971,1.0,0,1.0,1,0,6,14,88,160.0,0,5,0.0,0,1.0,Abu Sayyaf Group (ASG)
52842,0,209,10,208,1342,37.294346,43.673306,3.0,0,1.0,1,0,2,4,93,209.0,0,6,0.0,0,0.0,Kurdistan Workers' Party (PKK)
49996,0,228,10,49,258,13.932036,46.083254,1.0,0,0.0,1,1,3,2,465,228.0,0,6,5.0,1,0.0,Al-Qaida in the Arabian Peninsula (AQAP)
13006,0,145,2,403,1850,12.298125,-86.596842,1.0,0,0.0,1,0,2,14,2507,145.0,0,5,1.0,1,0.0,Nicaraguan Democratic Force (FDN)
71021,0,95,10,29,1269,33.365791,43.95932,1.0,0,0.0,0,1,3,4,48,95.0,0,6,1.0,0,0.0,Islamic State of Iraq and the Levant (ISIL)
51708,0,95,10,33,189,33.835629,44.247406,1.0,0,1.0,1,0,3,20,6,95.0,0,6,0.0,0,0.0,Al-Qaida in Iraq
12795,0,69,8,17,91,48.856644,2.34233,1.0,0,0.0,1,0,3,15,1158,69.0,0,6,0.0,1,0.0,Corsican National Liberation Front (FLNC)
47085,0,92,6,119,617,18.446111,81.166667,1.0,0,0.0,1,0,3,3,938,92.0,0,6,0.0,-9,0.0,Communist Party of India - Maoist (CPI-Maoist)
10843,0,603,8,178,1181,54.347539,-6.656108,1.0,0,0.0,1,0,7,1,1532,233.0,0,8,0.0,1,0.0,Irish Republican Army (IRA)
31947,0,69,8,126,24,41.918891,8.737554,4.0,0,1.0,1,0,3,2,410,69.0,0,6,0.0,1,0.0,Corsican National Liberation Front (FLNC)
15457,0,145,2,400,2145,13.27624,-86.87844,1.0,0,0.0,1,0,2,4,1235,145.0,0,5,1.0,1,0.0,Nicaraguan Democratic Force (FDN)
39569,0,160,5,4,15,6.929089,122.07885,1.0,0,1.0,0,0,3,18,43,160.0,0,6,0.0,0,0.0,Abu Sayyaf Group (ASG)
66405,0,153,6,484,2753,34.102074,71.47802,1.0,0,0.0,1,0,1,1,3229,153.0,0,5,1.0,1,0.0,Tehrik-i-Taliban Pakistan (TTP)
34274,0,45,3,341,2351,4.79961,-74.74089,1.0,0,0.0,1,0,2,4,2770,45.0,0,5,0.0,1,1.0,Revolutionary Armed Forces of Colombia (FARC)
54089,0,45,3,323,1870,8.673589,-73.040407,1.0,0,0.0,1,0,2,4,12,45.0,0,5,0.0,0,0.0,National Liberation Army of Colombia (ELN)
35368,0,186,6,203,1463,9.745064,80.105822,1.0,0,0.0,1,0,3,14,1758,186.0,0,6,8.0,1,0.0,Liberation Tigers of Tamil Eelam (LTTE)
54074,0,153,6,486,2717,24.891115,67.143311,1.0,0,0.0,1,0,3,3,3198,153.0,0,6,1.0,-9,0.0,Tehrik-i-Taliban Pakistan (TTP)
71681,0,160,5,13,1936,7.833119,124.813742,2.0,0,0.0,1,0,3,3,12,160.0,0,6,1.0,1,0.0,New People's Army (NPA)
30290,0,45,3,326,1832,6.242026,-75.564766,1.0,0,0.0,1,0,3,1,2767,45.0,0,6,0.0,1,0.0,Revolutionary Armed Forces of Colombia (FARC)
37733,0,45,3,326,1898,6.270526,-75.572173,3.0,0,0.0,1,0,3,21,2764,45.0,0,6,0.0,1,0.0,Revolutionary Armed Forces of Colombia (FARC)
48946,0,45,3,323,1858,8.437675,-73.285947,1.0,1,0.0,1,0,3,21,2781,45.0,0,6,0.0,1,0.0,Revolutionary Armed Forces of Colombia (FARC)
21523,0,61,2,141,882,13.5,-88.35,1.0,0,0.0,1,0,2,4,1235,61.0,0,5,0.0,1,0.0,Farabundo Marti National Liberation Front (FMLN)
59107,0,182,11,65,351,-1.034622,41.499084,1.0,1,0.0,1,0,3,4,162,422.0,0,6,1.0,-9,0.0,Al-Shabaab
18384,0,159,3,145,2445,-8.145109,-78.17352,1.0,0,0.0,1,0,1,2,2907,159.0,0,5,1.0,0,0.0,Shining Path (SL)
17015,0,159,3,441,2426,-8.18885,-76.510838,1.0,0,0.0,1,0,7,2,2884,159.0,0,8,0.0,1,0.0,Shining Path (SL)
65595,0,37,11,109,547,12.379026,14.224362,1.0,0,0.0,1,0,2,15,887,37.0,0,5,144.0,1,0.0,Boko Haram
75977,0,228,10,49,262,13.357599,45.69648,1.0,0,0.0,1,1,3,4,20,228.0,0,6,4.0,-9,0.0,Al-Qaida in the Arabian Peninsula (AQAP)
38900,0,141,6,203,1579,26.809932,88.009847,1.0,0,0.0,1,0,2,8,2003,141.0,0,9,0.0,0,0.0,Maoists
38923,0,185,8,81,388,43.291618,-1.977903,1.0,0,0.0,1,0,1,2,684,185.0,0,6,2.0,-9,0.0,Basque Fatherland and Freedom (ETA)
67343,1,4,6,473,2606,36.781832,71.076543,3.0,0,1.0,1,0,2,3,20,4.0,0,5,1.0,1,-9.0,Taliban
64754,0,4,6,458,2576,34.783249,70.107997,3.0,0,0.0,1,0,2,4,48,4.0,0,5,2.0,0,0.0,Taliban
49179,0,95,10,33,202,34.621521,43.668377,1.0,0,0.0,1,1,3,3,407,95.0,0,6,61.0,1,0.0,Al-Qaida in Iraq
20472,0,61,2,139,849,13.69288,-89.199161,1.0,0,0.0,1,0,2,7,1240,217.0,0,5,0.0,1,0.0,Farabundo Marti National Liberation Front (FMLN)
14751,0,159,3,434,2402,-16.466667,-69.916667,2.0,0,0.0,1,0,2,1,2839,159.0,0,5,1.0,1,0.0,Shining Path (SL)
64764,0,160,5,1,2,6.066398,121.099947,1.0,0,0.0,0,0,2,4,65,160.0,0,5,0.0,0,0.0,Abu Sayyaf Group (ASG)
16404,0,61,2,148,895,13.483333,-88.466667,1.0,0,0.0,1,0,3,1,1299,61.0,0,6,1.0,1,0.0,Farabundo Marti National Liberation Front (FMLN)
49257,0,92,6,118,627,23.628333,85.521111,1.0,1,1.0,1,0,3,19,949,92.0,0,6,0.0,1,0.0,Communist Party of India - Maoist (CPI-Maoist)
16249,0,45,3,326,1866,6.43711,-75.3313,1.0,0,0.0,1,0,1,2,2703,45.0,0,5,1.0,0,0.0,Revolutionary Armed Forces of Colombia (FARC)
48757,0,92,6,120,622,22.86775,86.944884,1.0,0,0.0,1,0,2,2,943,92.0,0,5,1.0,0,0.0,Communist Party of India - Maoist (CPI-Maoist)
4791,0,69,8,126,24,41.918891,8.737554,4.0,0,1.0,1,0,3,1,802,69.0,0,6,0.0,1,0.0,Corsican National Liberation Front (FLNC)
51141,0,95,10,31,212,33.693947,45.067425,1.0,0,1.0,1,0,3,14,13,95.0,0,6,0.0,-9,0.0,Al-Qaida in Iraq
64369,0,160,5,350,1926,7.149184,125.945636,1.0,0,0.0,0,0,2,4,48,160.0,0,5,0.0,0,0.0,New People's Army (NPA)
36828,0,186,6,203,1442,8.577826,81.218719,1.0,0,0.0,1,0,3,3,1756,186.0,0,6,3.0,1,0.0,Liberation Tigers of Tamil Eelam (LTTE)
37863,0,45,3,332,1891,7.027345,-71.428555,1.0,0,0.0,1,0,3,21,2740,45.0,0,6,0.0,1,0.0,Revolutionary Armed Forces of Colombia (FARC)
60535,0,147,11,100,479,10.488333,12.419444,2.0,0,0.0,1,0,1,14,848,147.0,0,5,3.0,1,0.0,Boko Haram
29470,0,209,10,230,1387,38.353182,38.32083,1.0,0,0.0,1,0,2,3,373,209.0,0,5,2.0,1,0.0,Kurdistan Workers' Party (PKK)
11967,0,145,2,394,2157,13.51031,-86.09602,1.0,0,0.0,1,0,2,4,1235,145.0,0,5,0.0,1,0.0,Nicaraguan Democratic Force (FDN)
31631,0,92,6,316,2544,30.79503,75.476073,1.0,0,0.0,1,0,2,14,3048,92.0,0,5,18.0,0,0.0,Sikh Extremists
53226,0,95,10,34,184,36.354145,43.14357,1.0,0,1.0,1,0,3,3,85,95.0,0,6,0.0,0,0.0,Al-Qaida in Iraq
32576,0,209,10,207,24,37.422746,42.492326,4.0,0,0.0,1,0,2,4,1261,209.0,0,5,12.0,1,0.0,Kurdistan Workers' Party (PKK)
12492,0,145,2,393,2110,13.360614,-86.398154,1.0,0,0.0,1,0,7,8,2502,145.0,0,5,1.0,1,0.0,Nicaraguan Democratic Force (FDN)
5463,0,97,10,414,2225,32.08297,34.811886,1.0,1,0.0,1,0,3,4,2552,97.0,0,6,7.0,1,0.0,Palestinians
60956,0,214,9,135,784,48.596962,37.998299,1.0,0,0.0,1,0,2,4,412,214.0,0,6,0.0,-9,0.0,Donetsk People's Republic
55545,0,182,11,60,301,3.115641,43.64658,1.0,0,0.0,1,0,3,4,409,65.0,0,6,1.0,-9,0.0,Al-Shabaab
81874,0,182,11,63,304,2.085523,45.40279,1.0,0,0.0,1,0,2,4,345,182.0,0,5,1.0,1,0.0,Al-Shabaab
67383,0,228,10,55,1122,13.057677,44.883764,3.0,0,0.0,1,0,3,14,13,228.0,0,6,1.0,-9,0.0,Houthi extremists (Ansar Allah)
21657,0,43,3,250,1550,-33.366238,-70.505302,1.0,0,0.0,1,0,3,21,1234,43.0,0,6,0.0,1,0.0,Manuel Rodriguez Patriotic Front (FPMR)
75695,0,214,9,135,803,47.942608,37.505135,1.0,0,0.0,0,0,2,4,48,214.0,0,5,0.0,0,0.0,Donetsk People's Republic
25168,0,186,6,203,1453,7.414383,81.830633,1.0,0,0.0,1,0,2,4,1818,186.0,0,5,0.0,1,0.0,Liberation Tigers of Tamil Eelam (LTTE)
1196,0,603,8,178,1199,55.011562,-7.312045,1.0,0,0.0,1,0,2,4,1534,216.0,0,5,1.0,0,0.0,Irish Republican Army (IRA)
56444,0,60,10,267,1732,31.126646,33.800865,1.0,0,1.0,1,0,3,1,2137,60.0,0,6,0.0,0,0.0,Muslim extremists
46797,0,92,6,119,659,18.484547,80.752565,1.0,0,0.0,1,0,2,3,982,92.0,0,9,2.0,0,0.0,Communist Party of India - Maoist (CPI-Maoist)
60206,0,147,11,114,528,8.884813,7.231787,1.0,0,0.0,1,0,2,14,27,147.0,0,5,0.0,1,0.0,Fulani extremists
51020,0,92,6,119,1583,18.184536,81.411415,1.0,0,0.0,1,0,3,3,2005,92.0,0,6,2.0,1,0.0,Maoists
9526,0,159,3,438,2434,-9.475874,-78.305075,1.0,0,0.0,1,0,7,1,702,159.0,0,5,0.0,1,0.0,Shining Path (SL)
20887,0,61,2,147,868,13.805691,-88.145787,1.0,0,0.0,1,0,2,14,1248,61.0,0,5,0.0,1,0.0,Farabundo Marti National Liberation Front (FMLN)
51932,0,45,3,323,1883,8.65,-72.733333,1.0,1,0.0,1,0,2,3,85,45.0,0,6,8.0,0,0.0,Revolutionary Armed Forces of Colombia (FARC)
26305,0,159,3,256,1562,-11.967368,-76.978462,1.0,0,0.0,1,0,3,7,3394,217.0,0,6,0.0,1,0.0,Tupac Amaru Revolutionary Movement (MRTA)
63196,0,214,9,135,786,47.981647,37.762325,1.0,0,0.0,1,0,3,12,410,422.0,0,6,1.0,1,0.0,Donetsk People's Republic
47773,0,92,6,118,616,22.959166,85.965274,1.0,0,0.0,1,0,2,3,936,92.0,0,5,1.0,-9,0.0,Communist Party of India - Maoist (CPI-Maoist)
24737,0,209,10,210,1359,37.322219,40.728335,1.0,0,0.0,1,0,3,19,398,209.0,0,6,3.0,1,0.0,Kurdistan Workers' Party (PKK)
21358,0,61,2,148,900,13.344322,-88.437463,1.0,0,0.0,1,0,5,10,1282,61.0,0,5,0.0,1,0.0,Farabundo Marti National Liberation Front (FMLN)
8440,0,97,10,412,2221,31.771599,35.2034,1.0,0,0.0,1,0,3,14,2586,97.0,0,6,0.0,1,0.0,Palestinians
27212,0,159,3,256,1562,-11.967368,-76.978462,1.0,0,0.0,0,0,3,3,3334,159.0,0,6,0.0,1,0.0,Tupac Amaru Revolutionary Movement (MRTA)
61917,0,45,3,327,1826,4.667128,-74.106056,1.0,0,1.0,1,0,3,20,6,45.0,0,6,0.0,0,0.0,National Liberation Army of Colombia (ELN)
80168,0,92,6,120,1750,23.218062,88.09873,2.0,0,0.0,1,0,3,14,410,92.0,0,6,0.0,1,0.0,Muslim extremists
40557,0,45,3,326,24,7.198606,-75.341218,4.0,0,0.0,1,0,2,19,2713,45.0,0,5,4.0,1,0.0,Revolutionary Armed Forces of Colombia (FARC)
5797,0,97,10,414,2225,32.08297,34.811886,1.0,0,0.0,1,0,3,19,2535,97.0,0,6,0.0,1,0.0,Palestinians
82536,1,160,5,357,2005,8.866664,126.036107,1.0,0,0.0,1,0,6,4,2378,160.0,0,5,1.0,0,1.0,New People's Army (NPA)
79661,0,95,10,31,1282,33.860659,44.792119,2.0,0,1.0,1,0,3,21,1620,95.0,0,6,0.0,1,0.0,Islamic State of Iraq and the Levant (ISIL)
6049,0,155,10,410,2217,32.222271,35.253506,1.0,0,0.0,0,0,3,8,2570,155.0,0,6,0.0,0,0.0,Palestinians
50277,0,147,11,102,525,11.74464,11.970257,1.0,0,1.0,1,0,3,15,877,147.0,0,6,6.0,1,0.0,Boko Haram
50471,0,209,10,210,1371,37.080181,41.220196,1.0,0,0.0,1,0,2,4,1699,209.0,0,5,1.0,-9,0.0,Kurdistan Workers' Party (PKK)
58183,0,153,6,484,2740,31.816667,70.916667,1.0,0,1.0,1,0,3,3,3236,153.0,0,6,0.0,0,0.0,Tehrik-i-Taliban Pakistan (TTP)
24347,0,45,3,326,1836,6.15782,-75.6436,1.0,0,0.0,1,0,1,14,2198,45.0,0,5,1.0,0,0.0,National Liberation Army of Colombia (ELN)
18805,0,603,8,178,1177,54.607712,-5.95621,1.0,0,0.0,1,0,3,3,1474,233.0,0,6,1.0,1,0.0,Irish Republican Army (IRA)
45691,1,160,5,0,24,6.704221,121.973842,4.0,0,0.0,1,0,6,12,87,160.0,0,5,0.0,-9,1.0,Abu Sayyaf Group (ASG)
15188,0,61,2,141,863,13.491242,-88.173134,1.0,0,0.0,1,0,2,4,1245,61.0,0,5,3.0,1,0.0,Farabundo Marti National Liberation Front (FMLN)
81639,0,95,10,39,1237,32.867008,44.220455,1.0,0,0.0,1,1,3,4,20,95.0,0,6,1.0,0,0.0,Islamic State of Iraq and the Levant (ISIL)
5119,0,69,8,126,24,41.918891,8.737554,4.0,0,0.0,1,0,3,20,1150,69.0,0,6,0.0,1,0.0,Corsican National Liberation Front (FLNC)
57540,0,228,10,50,241,15.325443,44.211895,1.0,0,0.0,1,0,2,1,466,35.0,0,5,1.0,0,0.0,Al-Qaida in the Arabian Peninsula (AQAP)
79407,1,92,6,122,679,19.690278,83.118611,1.0,1,1.0,1,0,6,14,1007,92.0,0,5,0.0,0,1.0,Communist Party of India - Maoist (CPI-Maoist)
20208,0,61,2,147,915,13.723925,-88.089839,1.0,0,0.0,1,0,1,2,1301,61.0,0,5,1.0,0,0.0,Farabundo Marti National Liberation Front (FMLN)
25568,0,92,6,446,2542,29.969512,76.878282,1.0,0,0.0,1,0,3,1,3043,92.0,0,6,3.0,1,0.0,Sikh Extremists
74742,0,209,10,217,1385,38.141007,41.009424,3.0,0,0.0,1,0,3,4,409,209.0,0,6,0.0,1,0.0,Kurdistan Workers' Party (PKK)
30983,0,155,10,304,2227,31.346964,34.30143,1.0,0,0.0,1,0,1,14,2634,155.0,0,5,1.0,0,0.0,Palestinians
34590,0,603,8,178,1177,54.607712,-5.95621,1.0,0,0.0,1,0,1,14,1506,233.0,0,5,1.0,0,0.0,Irish Republican Army (IRA)
16436,0,61,2,148,867,13.516667,-88.383333,1.0,0,1.0,1,0,3,21,1254,61.0,0,6,0.0,1,0.0,Farabundo Marti National Liberation Front (FMLN)
78740,0,147,11,100,506,11.255011,14.150642,1.0,0,0.0,1,1,3,14,869,147.0,0,6,1.0,0,0.0,Boko Haram
17164,0,160,5,11,43,14.596051,120.978666,1.0,0,0.0,0,0,1,3,545,160.0,0,5,0.0,0,0.0,New People's Army (NPA)
78383,1,147,11,105,1043,9.455541,12.152552,2.0,0,1.0,1,0,6,14,27,147.0,0,5,2.0,0,1.0,Fulani extremists
68573,0,182,11,63,304,2.059819,45.326115,1.0,0,0.0,1,0,3,4,48,182.0,0,6,3.0,0,0.0,Al-Shabaab
20510,0,186,6,203,1482,7.482869,81.76503,1.0,0,0.0,1,0,3,4,1437,92.0,0,6,5.0,1,0.0,Liberation Tigers of Tamil Eelam (LTTE)
65727,0,60,10,269,1728,31.255534,29.9832,1.0,0,1.0,1,0,3,3,175,60.0,0,6,0.0,-9,0.0,Muslim extremists
54099,1,153,6,484,2714,34.006004,71.53743,1.0,1,1.0,1,0,6,3,2046,153.0,0,6,8.0,-9,1.0,Tehrik-i-Taliban Pakistan (TTP)
27544,0,159,3,256,1562,-11.967368,-76.978462,1.0,0,1.0,1,0,3,1,702,159.0,0,6,0.0,1,0.0,Tupac Amaru Revolutionary Movement (MRTA)
4661,0,185,8,89,420,42.907739,-2.064756,1.0,0,0.0,1,0,1,2,727,185.0,0,5,1.0,0,0.0,Basque Fatherland and Freedom (ETA)
42602,0,141,6,246,1622,27.686766,85.202357,1.0,0,1.0,1,0,3,3,2039,141.0,0,6,6.0,1,0.0,Maoists
50647,0,92,6,118,586,23.744186,84.504429,3.0,0,0.0,1,0,3,19,1027,92.0,0,6,0.0,1,0.0,Maoists
8919,0,159,3,432,2411,-14.385277,-73.962606,1.0,0,0.0,1,0,2,3,1292,159.0,0,5,1.0,1,0.0,Shining Path (SL)
12614,0,185,8,81,418,43.267454,-2.020169,1.0,0,0.0,1,0,7,19,56,69.0,0,8,0.0,1,0.0,Basque Fatherland and Freedom (ETA)
10192,0,145,2,402,2105,14.60296,-84.03756,1.0,0,0.0,1,0,2,4,1235,145.0,0,5,1.0,1,0.0,Nicaraguan Democratic Force (FDN)
75539,0,603,8,46,1729,52.646771,0.552781,1.0,0,0.0,0,0,6,4,345,216.0,0,9,0.0,0,0.0,Muslim extremists
34897,0,185,8,81,396,43.003305,-2.612578,3.0,0,0.0,1,0,2,4,672,185.0,0,5,0.0,1,0.0,Basque Fatherland and Freedom (ETA)
21348,0,159,3,256,1562,-11.967368,-76.978462,1.0,0,0.0,1,0,3,1,3338,159.0,0,6,0.0,1,0.0,Tupac Amaru Revolutionary Movement (MRTA)
12491,0,145,2,402,2162,14.13638,-83.944069,1.0,0,0.0,1,0,2,14,2495,145.0,0,5,1.0,1,0.0,Nicaraguan Democratic Force (FDN)
42159,0,186,6,203,1453,7.414383,81.830633,1.0,0,0.0,1,0,2,3,1752,186.0,0,5,0.0,0,0.0,Liberation Tigers of Tamil Eelam (LTTE)
10271,0,159,3,256,1562,-11.967368,-76.978462,1.0,0,1.0,1,0,3,21,2829,159.0,0,6,0.0,1,0.0,Shining Path (SL)
14668,0,43,3,250,1550,-33.366238,-70.505302,1.0,0,0.0,1,0,3,2,1947,43.0,0,6,1.0,1,0.0,Manuel Rodriguez Patriotic Front (FPMR)
36302,0,45,3,323,1878,7.927696,-72.508479,1.0,0,0.0,1,0,3,3,175,45.0,0,6,1.0,1,0.0,National Liberation Army of Colombia (ELN)
63423,0,121,5,14,62,7.277091,117.458841,1.0,0,0.0,1,0,2,11,107,121.0,0,5,0.0,1,0.0,Abu Sayyaf Group (ASG)
72437,0,95,10,29,24,32.559761,41.919647,4.0,0,0.0,1,1,3,3,523,95.0,0,6,46.0,1,0.0,Islamic State of Iraq and the Levant (ISIL)
31305,0,159,3,256,1562,-11.967368,-76.978462,1.0,0,0.0,1,0,1,12,2826,159.0,0,5,1.0,0,0.0,Shining Path (SL)
30257,0,183,11,18,159,-29.648723,30.294272,1.0,0,0.0,1,0,2,22,288,183.0,0,5,0.0,1,0.0,African National Congress (South Africa)
13073,0,159,3,440,2443,-5.197037,-80.626621,1.0,0,0.0,1,0,3,7,2901,159.0,0,6,0.0,1,0.0,Shining Path (SL)
20592,0,185,8,81,385,42.84964,-2.692359,1.0,0,0.0,1,0,3,1,658,185.0,0,6,0.0,1,0.0,Basque Fatherland and Freedom (ETA)
80383,0,147,11,160,972,4.807169,7.341951,1.0,0,0.0,1,0,2,14,13,147.0,0,5,2.0,0,0.0,Fulani extremists
8418,0,45,3,332,1844,6.95284,-71.87514,1.0,0,0.0,1,0,3,2,2706,45.0,0,6,0.0,1,0.0,Revolutionary Armed Forces of Colombia (FARC)
56721,1,153,6,389,532,33.915234,71.458679,1.0,1,0.0,1,0,6,17,172,153.0,0,9,3.0,0,1.0,Tehrik-i-Taliban Pakistan (TTP)
73478,0,160,5,0,57,6.482311,121.96159,2.0,0,0.0,1,0,3,14,99,160.0,0,6,0.0,0,0.0,Abu Sayyaf Group (ASG)
48982,0,228,10,49,244,13.887403,45.863647,1.0,0,0.0,1,0,3,4,446,228.0,0,6,0.0,1,0.0,Al-Qaida in the Arabian Peninsula (AQAP)
64408,0,28,9,273,1735,45.183961,15.828342,1.0,0,0.0,0,0,1,15,2115,28.0,0,9,0.0,0,0.0,Muslim extremists
47499,0,92,6,117,687,24.781467,84.986412,1.0,0,0.0,1,0,3,16,1019,92.0,0,6,0.0,1,0.0,Communist Party of India - Maoist (CPI-Maoist)
11830,0,145,2,393,2089,13.37984,-86.48075,1.0,0,0.0,1,0,2,4,1235,145.0,0,5,12.0,1,0.0,Nicaraguan Democratic Force (FDN)
16772,0,159,3,256,1562,-11.967368,-76.978462,1.0,0,1.0,1,0,3,10,3327,159.0,0,5,0.0,1,0.0,Tupac Amaru Revolutionary Movement (MRTA)
82749,1,160,5,1,1,6.301814,120.583623,1.0,0,0.0,1,0,6,14,1,160.0,0,5,0.0,0,1.0,Abu Sayyaf Group (ASG)
15372,0,43,3,251,1554,-36.816006,-73.037659,1.0,0,1.0,1,0,3,1,1885,43.0,0,6,0.0,1,0.0,Manuel Rodriguez Patriotic Front (FPMR)
56564,0,160,5,15,2015,10.817626,119.499057,1.0,0,0.0,1,0,3,4,2387,160.0,0,6,0.0,-9,0.0,New People's Army (NPA)
13701,0,145,2,395,2088,12.1,-84.9,1.0,0,0.0,1,0,2,4,1235,145.0,0,5,4.0,1,0.0,Nicaraguan Democratic Force (FDN)
15143,0,159,3,256,1562,-11.967368,-76.978462,1.0,0,0.0,1,0,3,2,2897,159.0,0,6,0.0,1,0.0,Shining Path (SL)
57949,0,153,6,279,1741,33.671638,73.056068,1.0,0,0.0,1,0,2,15,2157,153.0,0,5,2.0,1,0.0,Muslim extremists
64230,0,214,9,135,786,47.981647,37.762325,1.0,0,0.0,1,0,3,4,1190,214.0,0,6,1.0,-9,0.0,Donetsk People's Republic
19535,0,160,5,361,24,16.030344,120.229921,4.0,0,0.0,1,0,1,3,2333,160.0,0,5,1.0,0,0.0,New People's Army (NPA)
26116,0,155,10,410,2239,32.460617,35.301247,1.0,1,0.0,1,0,1,3,2576,155.0,0,5,1.0,0,0.0,Palestinians
49058,0,92,6,120,680,22.451393,86.992203,1.0,1,0.0,1,0,7,14,1015,92.0,0,8,1.0,1,0.0,Communist Party of India - Maoist (CPI-Maoist)
64271,0,95,10,30,177,33.303566,44.371773,1.0,0,0.0,1,0,3,14,1611,95.0,0,6,2.0,-9,0.0,Islamic State of Iraq and the Levant (ISIL)
35921,0,45,3,328,2310,10.47692,-73.25049,1.0,0,0.0,1,0,3,2,2718,45.0,0,6,0.0,1,0.0,Revolutionary Armed Forces of Colombia (FARC)
8722,0,155,10,304,2222,31.502407,34.459743,1.0,0,0.0,1,0,2,4,2632,97.0,0,8,1.0,1,0.0,Palestinians
12743,0,183,11,24,109,-25.661361,27.247563,1.0,0,0.0,1,0,3,21,207,183.0,0,6,0.0,1,0.0,African National Congress (South Africa)
76427,0,45,3,334,24,5.800014,-72.196155,4.0,0,0.0,1,0,7,19,56,45.0,0,8,0.0,1,0.0,National Liberation Army of Colombia (ELN)
55604,0,182,11,65,307,-0.357847,42.54665,1.0,0,0.0,0,0,1,10,580,182.0,0,5,0.0,0,0.0,Al-Shabaab
20018,0,45,3,332,1844,6.95284,-71.87514,1.0,0,0.0,1,0,3,21,2230,45.0,0,6,0.0,1,0.0,National Liberation Army of Colombia (ELN)
1895,0,603,8,178,1180,54.077313,-6.608787,1.0,0,0.0,1,0,1,4,1495,216.0,0,5,2.0,0,0.0,Irish Republican Army (IRA)
48313,0,95,10,29,176,33.31065,44.038208,1.0,0,1.0,1,0,3,17,337,95.0,0,6,0.0,1,0.0,Al-Qaida in Iraq
54742,0,153,6,389,2721,34.565494,71.477429,3.0,0,1.0,1,0,3,8,3193,153.0,0,6,0.0,1,0.0,Tehrik-i-Taliban Pakistan (TTP)
15787,0,159,3,256,1562,-11.967368,-76.978462,1.0,0,1.0,1,0,3,14,3357,159.0,0,6,0.0,1,0.0,Tupac Amaru Revolutionary Movement (MRTA)
15672,0,185,8,82,392,36.539004,-4.624353,1.0,0,0.0,1,0,3,1,667,185.0,0,6,1.0,1,0.0,Basque Fatherland and Freedom (ETA)
80113,0,160,5,383,2020,11.632817,122.339541,1.0,0,0.0,1,0,7,1,1069,160.0,0,8,0.0,1,0.0,New People's Army (NPA)
40925,0,45,3,423,2364,2.113188,-74.769206,1.0,0,0.0,1,0,3,2,2779,45.0,0,6,1.0,1,0.0,Revolutionary Armed Forces of Colombia (FARC)
83330,0,147,11,100,460,10.612148,12.19127,1.0,0,1.0,1,1,3,14,334,147.0,0,6,8.0,-9,0.0,Boko Haram
30717,0,92,6,316,2494,31.633078,74.878288,1.0,0,0.0,1,0,1,14,3031,92.0,0,5,6.0,0,0.0,Sikh Extremists
1418,0,603,8,178,1198,54.409928,-7.172562,1.0,0,0.0,1,0,1,14,1477,233.0,0,5,1.0,0,0.0,Irish Republican Army (IRA)
20458,0,155,10,410,2242,32.113445,35.077565,1.0,0,0.0,1,0,1,2,2572,97.0,0,5,1.0,0,0.0,Palestinians
33303,0,97,10,412,2221,31.771599,35.2034,1.0,0,0.0,1,0,1,4,2612,97.0,0,9,0.0,0,0.0,Palestinians
66555,1,4,6,475,2619,33.239717,65.45986,3.0,0,0.0,1,0,6,14,3122,4.0,0,5,0.0,0,1.0,Taliban
74018,0,153,6,389,2769,34.421209,71.117328,1.0,0,1.0,0,0,2,4,3248,153.0,0,5,1.0,0,0.0,Tehrik-i-Taliban Pakistan (TTP)
8689,0,97,10,242,2250,31.248484,34.787853,1.0,0,0.0,0,0,3,8,51,97.0,0,6,0.0,0,0.0,Palestinians
42155,0,95,10,30,177,33.303566,44.371773,1.0,1,0.0,0,0,2,7,362,153.0,0,5,0.0,-9,0.0,Al-Qaida in Iraq
68736,0,4,6,470,2649,35.216667,71.35,2.0,0,0.0,1,0,2,3,3109,4.0,0,5,6.0,0,0.0,Taliban
10180,0,603,8,178,1181,54.347539,-6.656108,1.0,0,0.0,1,0,3,4,1439,233.0,0,6,1.0,1,0.0,Irish Republican Army (IRA)
43945,0,95,10,33,182,34.208416,43.890713,1.0,0,1.0,1,0,3,15,363,95.0,0,6,0.0,1,0.0,Al-Qaida in Iraq
79032,0,45,3,338,1856,6.9853,-72.0127,2.0,0,0.0,1,0,3,21,2237,45.0,0,6,0.0,-9,0.0,National Liberation Army of Colombia (ELN)
30337,0,160,5,352,1979,12.26919,123.540417,1.0,0,0.0,1,0,3,3,2356,160.0,0,6,4.0,1,0.0,New People's Army (NPA)
46613,0,45,3,425,2344,0.49765,-76.49768,1.0,1,0.0,1,0,7,1,2760,45.0,0,8,0.0,1,0.0,Revolutionary Armed Forces of Colombia (FARC)
58928,0,228,10,49,244,13.887403,45.863647,1.0,0,0.0,1,1,3,4,510,228.0,0,6,6.0,-9,0.0,Al-Qaida in the Arabian Peninsula (AQAP)
63398,0,182,11,63,304,2.059819,45.326115,1.0,0,0.0,1,0,6,14,562,182.0,0,9,1.0,0,1.0,Al-Shabaab
24747,0,92,6,316,2489,31.8186,75.2028,1.0,0,0.0,1,0,2,14,2972,92.0,0,5,4.0,1,0.0,Sikh Extremists
74807,0,95,10,34,1292,35.758367,43.12946,1.0,1,1.0,1,1,3,4,1393,95.0,0,6,23.0,0,0.0,Islamic State of Iraq and the Levant (ISIL)
13772,0,69,8,126,24,41.919593,8.737687,4.0,0,1.0,1,0,3,1,1084,69.0,0,6,0.0,1,0.0,Corsican National Liberation Front (FLNC)
18062,0,61,2,139,849,13.69288,-89.199161,1.0,0,0.0,1,0,2,4,1245,61.0,0,5,15.0,1,0.0,Farabundo Marti National Liberation Front (FMLN)
11027,0,183,11,18,138,-29.658879,30.855026,1.0,0,0.0,0,0,1,2,250,183.0,0,6,1.0,0,0.0,African National Congress (South Africa)
6795,0,61,2,141,863,13.491242,-88.173134,1.0,0,0.0,1,0,2,3,1292,61.0,0,5,1.0,1,0.0,Farabundo Marti National Liberation Front (FMLN)
30886,0,186,6,203,1487,9.697894,79.860483,1.0,0,0.0,1,0,3,4,1785,186.0,0,6,10.0,1,0.0,Liberation Tigers of Tamil Eelam (LTTE)
54494,0,92,6,120,689,22.585272,87.049698,1.0,1,0.0,0,0,3,20,6,92.0,0,6,0.0,0,0.0,Maoists
78920,0,92,6,119,1600,18.792596,80.813556,1.0,0,0.0,1,0,3,4,12,92.0,0,6,1.0,0,0.0,Maoists
20115,0,92,6,316,2481,30.898024,75.860077,1.0,0,0.0,1,0,3,8,3009,92.0,0,6,0.0,1,0.0,Sikh Extremists
81903,0,228,10,49,244,13.887403,45.863647,1.0,0,0.0,0,0,1,4,519,228.0,0,5,1.0,0,0.0,Al-Qaida in the Arabian Peninsula (AQAP)
16055,0,159,3,256,1562,-11.967368,-76.978462,1.0,0,0.0,1,0,3,2,3362,159.0,0,6,0.0,1,0.0,Tupac Amaru Revolutionary Movement (MRTA)
5223,0,69,8,127,91,48.856644,2.34233,1.0,0,0.0,1,0,3,14,1093,69.0,0,6,0.0,1,0.0,Corsican National Liberation Front (FLNC)
67157,0,214,9,135,787,47.098835,37.81987,1.0,1,0.0,1,0,3,13,1216,214.0,0,6,1.0,1,0.0,Donetsk People's Republic
3554,0,45,3,326,1832,6.242026,-75.564766,1.0,0,0.0,1,0,1,14,2223,45.0,0,5,2.0,0,0.0,National Liberation Army of Colombia (ELN)
29589,0,92,6,446,2517,30.378179,76.776697,1.0,1,0.0,1,0,1,2,3010,92.0,0,5,5.0,0,0.0,Sikh Extremists
17907,0,159,3,436,2408,-14.105709,-72.615117,3.0,0,1.0,1,0,2,14,2851,159.0,0,5,0.0,1,0.0,Shining Path (SL)
41219,0,185,8,81,426,43.267549,-1.975814,1.0,0,1.0,0,0,3,19,734,185.0,0,6,0.0,0,0.0,Basque Fatherland and Freedom (ETA)
52602,0,4,6,476,2622,36.705776,68.87706,1.0,0,0.0,0,0,1,2,3126,4.0,0,6,0.0,0,0.0,Taliban
35730,0,45,3,326,1832,6.242026,-75.564766,1.0,0,0.0,1,0,3,19,2226,45.0,0,6,8.0,1,0.0,National Liberation Army of Colombia (ELN)
58584,0,147,11,156,999,8.698664,8.666581,1.0,0,0.0,1,0,2,14,27,147.0,0,8,5.0,1,0.0,Fulani extremists
74089,0,228,10,45,236,12.825647,44.846416,1.0,0,0.0,0,1,1,3,458,228.0,0,6,1.0,1,0.0,Al-Qaida in the Arabian Peninsula (AQAP)
51794,0,228,10,55,264,13.148959,44.85055,1.0,0,0.0,1,0,1,2,92,228.0,0,5,1.0,0,0.0,Al-Qaida in the Arabian Peninsula (AQAP)
18034,0,159,3,256,1562,-11.967368,-76.978462,1.0,0,1.0,1,0,3,1,3320,159.0,0,6,0.0,1,0.0,Tupac Amaru Revolutionary Movement (MRTA)
48139,0,153,6,389,2757,34.574856,71.276081,1.0,0,1.0,1,0,3,1,3231,153.0,0,6,0.0,1,0.0,Tehrik-i-Taliban Pakistan (TTP)
3851,0,603,8,178,1177,54.607712,-5.95621,1.0,0,0.0,0,0,3,8,1528,233.0,0,6,0.0,1,0.0,Irish Republican Army (IRA)
27772,0,45,3,424,433,8.25749,-76.14641,1.0,0,0.0,1,0,2,14,2743,45.0,0,5,2.0,1,0.0,Revolutionary Armed Forces of Colombia (FARC)
30757,0,159,3,256,1562,-11.967368,-76.978462,1.0,0,0.0,1,0,7,1,2876,159.0,0,8,0.0,1,0.0,Shining Path (SL)
62449,1,214,9,135,792,47.858047,38.221877,1.0,0,0.0,1,0,6,10,1189,214.0,0,6,0.0,1,1.0,Donetsk People's Republic
25867,0,209,10,208,1394,37.526944,44.168889,1.0,0,0.0,1,0,2,14,1695,209.0,0,5,3.0,1,0.0,Kurdistan Workers' Party (PKK)
60367,1,147,11,102,465,11.247069,12.01246,1.0,0,1.0,1,0,6,1,875,147.0,0,5,1.0,1,1.0,Boko Haram
21603,0,92,6,316,2515,31.633979,74.872264,3.0,0,0.0,1,0,1,3,1982,92.0,0,5,2.0,0,0.0,Sikh Extremists
32425,0,45,3,330,1831,7.062532,-73.085812,1.0,0,0.0,1,0,3,2,2194,45.0,0,6,0.0,1,0.0,National Liberation Army of Colombia (ELN)
54125,0,95,10,31,179,33.74324,44.623825,1.0,1,1.0,1,0,2,2,387,95.0,0,5,1.0,-9,0.0,Al-Qaida in Iraq
12896,0,69,8,128,769,43.124228,5.928,1.0,0,1.0,1,0,3,1,802,69.0,0,6,0.0,1,0.0,Corsican National Liberation Front (FLNC)
13140,0,69,8,128,749,43.296482,5.36978,1.0,0,0.0,1,0,3,3,1109,69.0,0,6,0.0,1,0.0,Corsican National Liberation Front (FLNC)
710,0,603,8,178,1177,54.607712,-5.95621,1.0,0,0.0,0,0,1,4,12,216.0,0,5,1.0,0,0.0,Irish Republican Army (IRA)
44892,0,160,5,4,15,6.929089,122.07885,1.0,0,0.0,1,0,3,15,44,160.0,0,6,0.0,1,0.0,Abu Sayyaf Group (ASG)
29687,0,160,5,357,1995,8.801867,126.30035,1.0,0,0.0,1,0,2,4,412,160.0,0,5,42.0,1,0.0,New People's Army (NPA)
14419,0,61,2,139,849,13.69288,-89.199161,1.0,0,0.0,1,0,2,14,1244,61.0,0,8,0.0,1,0.0,Farabundo Marti National Liberation Front (FMLN)
63783,0,147,11,156,1048,8.369124,8.770864,1.0,0,1.0,1,0,7,14,27,147.0,0,8,1.0,1,0.0,Fulani extremists
82839,1,92,6,122,1670,20.01552,84.186856,1.0,0,0.0,1,0,6,14,2068,92.0,0,5,1.0,0,1.0,Maoists
44551,0,4,6,457,2616,31.799835,65.062271,1.0,0,0.0,0,0,1,2,3121,4.0,0,6,3.0,0,0.0,Taliban
81752,0,4,6,464,2665,31.765215,64.694007,2.0,0,1.0,0,0,3,4,48,4.0,0,6,18.0,0,0.0,Taliban
43604,0,95,10,29,193,33.420948,43.295662,1.0,1,1.0,1,1,3,4,376,217.0,0,2,2.0,-9,0.0,Al-Qaida in Iraq
75688,0,214,9,135,808,47.351321,37.931012,1.0,0,1.0,1,0,6,7,162,422.0,0,5,0.0,1,1.0,Donetsk People's Republic
48684,0,153,6,484,2714,34.006004,71.53743,1.0,1,1.0,1,0,3,8,3241,153.0,0,6,0.0,1,0.0,Tehrik-i-Taliban Pakistan (TTP)
56552,0,228,10,50,241,15.325443,44.211895,1.0,0,0.0,1,0,3,4,56,228.0,0,6,6.0,1,0.0,Al-Qaida in the Arabian Peninsula (AQAP)
12818,0,145,2,402,2148,12.800014,-85.133347,1.0,0,0.0,1,0,2,2,2488,145.0,0,5,0.0,1,0.0,Nicaraguan Democratic Force (FDN)
17261,0,159,3,256,1562,-11.967368,-76.978462,1.0,0,1.0,1,0,3,16,2912,159.0,0,6,0.0,1,0.0,Shining Path (SL)
5252,0,69,8,127,91,48.856644,2.34233,1.0,0,0.0,1,0,7,1,1098,69.0,0,8,0.0,1,0.0,Corsican National Liberation Front (FLNC)
72410,0,228,10,57,277,13.586484,44.024105,1.0,0,0.0,1,0,3,14,639,228.0,0,6,5.0,-9,0.0,Houthi extremists (Ansar Allah)
49235,0,147,11,100,460,10.6111,12.195,1.0,0,0.0,1,0,2,3,835,147.0,0,5,1.0,-9,0.0,Boko Haram
13625,0,61,2,146,854,13.83553,-88.985462,1.0,0,0.0,1,0,2,4,1235,61.0,0,5,1.0,1,0.0,Farabundo Marti National Liberation Front (FMLN)
22226,0,97,10,241,2257,33.278407,35.578808,1.0,0,0.0,1,0,3,14,2606,97.0,0,6,0.0,1,0.0,Palestinians
51723,0,95,10,30,177,33.303566,44.371773,1.0,0,1.0,1,0,3,3,383,95.0,0,6,2.0,-9,0.0,Al-Qaida in Iraq
58370,0,92,6,119,1656,20.196479,81.064575,2.0,0,0.0,1,0,3,3,12,92.0,0,6,1.0,0,0.0,Maoists
14647,0,183,11,19,106,-25.718321,28.408798,1.0,0,0.0,1,0,3,3,196,183.0,0,6,0.0,1,0.0,African National Congress (South Africa)
72238,0,228,10,53,281,15.723243,42.997228,1.0,0,0.0,1,0,2,3,175,228.0,0,5,0.0,0,0.0,Al-Qaida in the Arabian Peninsula (AQAP)
75231,0,4,6,465,2587,34.516895,69.147011,1.0,0,1.0,1,1,3,3,527,4.0,0,6,17.0,1,0.0,Taliban
67680,0,200,10,193,1256,34.558525,38.293671,1.0,0,1.0,1,0,3,14,639,200.0,0,6,5.0,-9,0.0,Islamic State of Iraq and the Levant (ISIL)
23810,0,155,10,410,2217,32.222271,35.253506,1.0,0,0.0,1,0,1,14,2616,155.0,0,9,1.0,0,0.0,Palestinians
13862,0,61,2,148,24,13.447063,-88.556531,4.0,0,1.0,1,0,3,21,1247,61.0,0,6,0.0,1,0.0,Farabundo Marti National Liberation Front (FMLN)
50255,0,104,11,74,303,2.809093,40.927444,1.0,0,0.0,1,0,3,1,571,104.0,0,5,0.0,1,0.0,Al-Shabaab
9046,0,110,10,411,2218,33.888523,35.503513,1.0,0,0.0,1,0,3,2,2525,110.0,0,6,0.0,1,0.0,Palestinians
6487,0,603,8,178,1210,54.515694,-6.055724,1.0,0,0.0,1,0,3,1,437,216.0,0,6,0.0,1,0.0,Irish Republican Army (IRA)
1747,0,603,8,178,1177,54.607712,-5.95621,1.0,0,0.0,1,0,1,3,1543,233.0,0,5,1.0,0,0.0,Irish Republican Army (IRA)
78355,0,228,10,50,241,15.325443,44.211895,1.0,0,0.0,1,0,5,14,13,228.0,0,5,0.0,0,1.0,Houthi extremists (Ansar Allah)
19954,0,159,3,256,1562,-11.967368,-76.978462,1.0,0,0.0,1,0,3,2,3399,159.0,0,6,0.0,1,0.0,Tupac Amaru Revolutionary Movement (MRTA)
19488,1,45,3,326,1832,6.242026,-75.564766,1.0,0,0.0,1,0,6,10,2277,45.0,0,5,0.0,0,1.0,National Liberation Army of Colombia (ELN)
32763,0,209,10,195,1260,41.106178,28.689863,1.0,0,0.0,1,0,3,14,1661,209.0,0,6,2.0,1,0.0,Kurdistan Workers' Party (PKK)
62657,0,147,11,161,1008,12.166918,6.674397,2.0,0,1.0,1,0,6,14,27,147.0,0,5,2.0,1,1.0,Fulani extremists
73297,0,147,11,155,1029,7.719043,9.238704,2.0,0,1.0,1,0,2,14,860,147.0,0,5,1.0,-9,0.0,Fulani extremists
54908,0,95,10,30,177,33.303566,44.371773,1.0,0,1.0,1,0,3,8,395,95.0,0,6,0.0,0,0.0,Al-Qaida in Iraq
74319,0,173,10,176,24,17.700589,43.604145,4.0,0,0.0,0,0,3,4,427,173.0,0,6,0.0,0,0.0,Houthi extremists (Ansar Allah)
42614,0,69,8,126,742,42.113828,8.701548,1.0,0,0.0,0,0,3,14,1118,69.0,0,6,0.0,0,0.0,Corsican National Liberation Front (FLNC)
61337,0,228,10,173,1121,15.664708,43.943921,1.0,0,0.0,1,0,3,14,1380,228.0,0,6,1.0,1,0.0,Houthi extremists (Ansar Allah)
42929,0,160,5,381,2037,8.861963,124.78942,1.0,0,0.0,1,0,7,19,2411,160.0,0,8,0.0,1,0.0,New People's Army (NPA)
18186,0,159,3,256,1562,-11.967368,-76.978462,1.0,0,0.0,1,0,3,14,2944,159.0,0,6,2.0,1,0.0,Tupac Amaru Revolutionary Movement (MRTA)
25077,0,97,10,241,24,32.83333,35.33333,4.0,0,0.0,1,0,2,14,2568,97.0,0,8,0.0,1,0.0,Palestinians
78560,0,92,6,122,1637,18.821768,84.252903,1.0,1,0.0,0,0,3,20,6,92.0,0,6,0.0,0,0.0,Maoists
67992,0,214,9,135,787,47.098835,37.81987,1.0,1,0.0,1,0,3,4,48,214.0,0,6,1.0,-9,0.0,Donetsk People's Republic
14876,0,145,2,392,2114,13.78108,-86.5534,1.0,0,0.0,1,0,2,4,1235,145.0,0,5,1.0,1,0.0,Nicaraguan Democratic Force (FDN)
14529,0,145,2,402,2107,13.84504,-84.67929,1.0,0,0.0,1,0,2,4,1235,145.0,0,5,1.0,1,0.0,Nicaraguan Democratic Force (FDN)
62885,0,92,6,117,1621,25.067626,86.695582,1.0,0,0.0,1,0,7,14,56,92.0,0,8,0.0,1,0.0,Maoists
75687,0,214,9,135,808,47.351321,37.931012,1.0,0,1.0,0,0,2,7,162,422.0,0,5,0.0,0,0.0,Donetsk People's Republic
52636,0,45,3,323,24,7.946283,-72.898807,4.0,0,0.0,0,0,3,1,2722,45.0,0,6,0.0,1,0.0,Revolutionary Armed Forces of Colombia (FARC)
45564,1,153,6,316,2713,33.766336,72.357344,1.0,0,0.0,1,0,2,14,3187,161.0,0,5,4.0,0,1.0,Tehrik-i-Taliban Pakistan (TTP)
42424,0,186,6,240,1438,6.941837,79.861687,1.0,0,0.0,0,0,1,2,1797,186.0,0,6,0.0,1,0.0,Liberation Tigers of Tamil Eelam (LTTE)
76664,0,153,6,389,2774,34.711784,71.171524,1.0,0,1.0,0,0,2,4,2046,153.0,0,5,0.0,0,0.0,Tehrik-i-Taliban Pakistan (TTP)
82291,0,209,10,208,1356,37.3,44.566667,3.0,0,0.0,1,0,3,4,427,209.0,0,6,0.0,-9,0.0,Kurdistan Workers' Party (PKK)
15082,0,61,2,148,895,13.483333,-88.466667,1.0,0,1.0,1,0,3,21,1276,61.0,0,6,0.0,1,0.0,Farabundo Marti National Liberation Front (FMLN)
23995,0,43,3,250,1550,-33.366238,-70.505302,1.0,0,0.0,1,0,3,3,1912,43.0,0,6,0.0,1,0.0,Manuel Rodriguez Patriotic Front (FPMR)
63781,0,147,11,156,1061,8.973316,7.987165,1.0,0,1.0,1,0,7,14,27,147.0,0,8,1.0,1,0.0,Fulani extremists
53497,0,209,10,207,1382,37.3408,41.894,1.0,0,1.0,1,0,7,8,51,209.0,0,8,0.0,1,0.0,Kurdistan Workers' Party (PKK)
38644,1,45,3,327,1826,4.667128,-74.106056,1.0,0,0.0,1,0,6,1,2727,45.0,0,5,0.0,0,1.0,Revolutionary Armed Forces of Colombia (FARC)
77803,0,153,6,486,2717,24.891115,67.143311,1.0,0,1.0,1,0,1,3,3213,153.0,0,5,1.0,0,0.0,Tehrik-i-Taliban Pakistan (TTP)
68876,1,92,6,122,1662,19.575505,84.640013,1.0,0,1.0,1,0,6,14,13,92.0,0,5,0.0,0,1.0,Maoists
15109,0,145,2,405,2173,12.533333,-84.166667,1.0,0,0.0,1,0,2,4,1235,145.0,0,5,1.0,1,0.0,Nicaraguan Democratic Force (FDN)
70982,1,113,10,285,1748,32.867867,13.189067,1.0,1,0.0,1,0,6,14,2152,113.0,0,5,1.0,0,1.0,Muslim extremists
23853,0,45,3,335,1852,10.413711,-75.533549,1.0,0,0.0,1,0,3,3,409,45.0,0,6,0.0,1,0.0,National Liberation Army of Colombia (ELN)
65224,0,123,11,291,1777,18.442701,1.411332,1.0,0,1.0,1,1,3,7,20,422.0,0,6,1.0,1,0.0,Muslim extremists
29190,0,183,11,18,139,-29.221678,30.011627,1.0,0,0.0,1,0,2,22,211,183.0,0,5,16.0,1,0.0,African National Congress (South Africa)
29088,0,159,3,256,1562,-11.967368,-76.978462,1.0,0,0.0,1,0,3,19,3395,159.0,0,6,0.0,1,0.0,Tupac Amaru Revolutionary Movement (MRTA)
68599,0,45,3,422,24,3.27199,-73.087749,4.0,0,0.0,1,0,3,19,1027,45.0,0,6,0.0,1,0.0,Revolutionary Armed Forces of Colombia (FARC)
18204,0,43,3,249,1549,-33.010693,-71.527794,1.0,0,0.0,1,0,3,2,1873,43.0,0,6,0.0,1,0.0,Manuel Rodriguez Patriotic Front (FPMR)
51701,0,95,10,35,180,35.45211,44.375465,1.0,0,1.0,1,0,3,3,85,95.0,0,6,2.0,-9,0.0,Al-Qaida in Iraq
12287,0,145,2,394,2149,13.48082,-86.58208,1.0,0,0.0,1,0,2,14,2489,145.0,0,5,1.0,1,0.0,Nicaraguan Democratic Force (FDN)
71688,0,160,5,354,1941,10.786173,122.206377,1.0,0,1.0,1,0,7,1,1069,160.0,0,8,0.0,1,0.0,New People's Army (NPA)
47954,0,160,5,357,1940,8.280488,126.255202,1.0,0,0.0,1,0,2,3,2330,160.0,0,5,2.0,-9,0.0,New People's Army (NPA)
43302,0,209,10,216,1343,38.750384,40.554192,1.0,0,0.0,1,0,3,19,1653,209.0,0,6,0.0,1,0.0,Kurdistan Workers' Party (PKK)
14907,0,183,11,26,122,-22.351154,30.039773,1.0,0,0.0,1,0,3,4,227,183.0,0,6,0.0,1,0.0,African National Congress (South Africa)
55290,1,160,5,350,1970,7.373618,125.949926,1.0,0,0.0,1,0,6,3,2350,160.0,0,5,1.0,0,1.0,New People's Army (NPA)
46550,0,92,6,117,681,24.781467,84.986412,1.0,0,0.0,1,0,3,2,1012,92.0,0,6,0.0,1,0.0,Communist Party of India - Maoist (CPI-Maoist)
7519,0,61,2,139,849,13.69288,-89.199161,1.0,0,0.0,1,0,3,1,1288,61.0,0,6,1.0,1,0.0,Farabundo Marti National Liberation Front (FMLN)
17365,0,160,5,11,43,14.596051,120.978666,1.0,0,0.0,1,0,1,4,2392,160.0,0,5,1.0,0,0.0,New People's Army (NPA)
39937,0,141,6,246,1610,27.708754,85.329498,1.0,0,0.0,1,0,3,10,2032,141.0,0,6,0.0,1,0.0,Maoists
78631,0,92,6,119,716,18.9,81.35,3.0,0,0.0,1,0,2,3,1998,92.0,0,12,0.0,0,0.0,Maoists
18828,0,43,3,250,1550,-33.366238,-70.505302,1.0,0,0.0,1,0,3,3,603,43.0,0,6,1.0,1,0.0,Manuel Rodriguez Patriotic Front (FPMR)
67386,0,95,10,30,177,33.303566,44.371773,1.0,0,0.0,1,0,3,1,437,95.0,0,6,4.0,1,0.0,Islamic State of Iraq and the Levant (ISIL)
47751,0,92,6,124,676,18.302432,80.551997,1.0,0,0.0,1,0,2,14,1003,92.0,0,5,1.0,-9,0.0,Communist Party of India - Maoist (CPI-Maoist)
57040,1,228,10,52,257,14.413989,44.837418,1.0,0,0.0,1,0,6,4,20,228.0,0,5,4.0,-9,1.0,Al-Qaida in the Arabian Peninsula (AQAP)
3885,0,45,3,330,2286,6.313712,-73.950146,1.0,0,0.0,1,0,2,3,292,45.0,0,5,1.0,1,0.0,Revolutionary Armed Forces of Colombia (FARC)
68866,0,147,11,102,500,11.763937,12.263129,1.0,0,1.0,1,0,2,14,27,147.0,0,5,0.0,1,0.0,Boko Haram
76759,0,200,10,188,1726,36.201721,37.14352,1.0,0,1.0,1,0,3,14,1218,200.0,0,6,3.0,1,0.0,Muslim extremists
71921,0,4,6,471,2663,32.912468,69.260803,1.0,0,0.0,1,0,2,3,20,4.0,0,5,8.0,0,0.0,Taliban
58803,0,160,5,5,2016,6.790861,125.205552,1.0,0,1.0,1,0,3,2,2388,160.0,0,6,0.0,1,0.0,New People's Army (NPA)
65357,0,147,11,100,466,11.840929,13.141459,1.0,0,1.0,1,0,2,14,841,147.0,0,6,33.0,-9,0.0,Boko Haram
63754,0,214,9,135,786,47.981647,37.762325,1.0,0,1.0,1,0,2,4,1190,214.0,0,6,1.0,-9,0.0,Donetsk People's Republic
18210,0,186,6,203,1442,8.577826,81.218719,1.0,1,0.0,1,0,2,14,27,186.0,0,5,27.0,1,0.0,Liberation Tigers of Tamil Eelam (LTTE)
11993,0,92,6,316,2494,31.633078,74.878288,1.0,0,0.0,1,0,1,17,3032,92.0,0,5,1.0,0,0.0,Sikh Extremists
28234,0,97,10,412,2229,31.783739,35.160804,1.0,0,0.0,0,0,3,14,2541,97.0,0,6,0.0,1,0.0,Palestinians
6957,0,185,8,81,400,43.3282,-3.031509,1.0,0,0.0,1,0,1,1,762,185.0,0,5,1.0,0,0.0,Basque Fatherland and Freedom (ETA)
55769,0,4,6,473,24,36.734772,70.811995,4.0,0,0.0,1,0,3,4,48,4.0,0,6,1.0,0,0.0,Taliban
54875,0,160,5,350,1927,7.578889,125.998056,1.0,0,1.0,1,0,3,3,85,160.0,0,6,0.0,0,0.0,New People's Army (NPA)
59202,0,147,11,110,490,9.933421,8.88309,1.0,0,0.0,1,0,2,15,870,147.0,0,5,0.0,-9,0.0,Fulani extremists
14695,0,43,3,250,1550,-33.366238,-70.505302,1.0,0,0.0,1,0,3,3,1878,43.0,0,6,0.0,1,0.0,Manuel Rodriguez Patriotic Front (FPMR)
68984,0,95,10,29,193,33.420948,43.295662,1.0,0,0.0,1,0,3,4,427,95.0,0,6,0.0,1,0.0,Islamic State of Iraq and the Levant (ISIL)
54507,0,95,10,35,180,35.45211,44.375465,1.0,0,0.0,1,0,2,21,390,95.0,0,5,4.0,1,0.0,Al-Qaida in Iraq
22986,0,159,3,256,1562,-11.967368,-76.978462,1.0,0,0.0,1,0,1,2,3356,159.0,0,5,1.0,1,0.0,Tupac Amaru Revolutionary Movement (MRTA)
34720,0,186,6,203,1442,8.577826,81.218719,1.0,0,0.0,0,1,3,4,1795,186.0,0,6,1.0,1,0.0,Liberation Tigers of Tamil Eelam (LTTE)
21948,0,92,6,316,2493,31.787766,75.601895,1.0,0,0.0,1,0,1,14,2976,92.0,0,5,4.0,0,0.0,Sikh Extremists
61934,0,214,9,135,786,47.981647,37.762325,1.0,0,0.0,1,0,3,2,1188,214.0,0,6,1.0,1,0.0,Donetsk People's Republic
12952,0,145,2,391,2131,13.16888,-85.97565,1.0,0,0.0,1,0,2,1,2474,145.0,0,5,12.0,1,0.0,Nicaraguan Democratic Force (FDN)
64450,0,147,11,110,490,9.932665,8.885476,1.0,0,1.0,1,1,3,1,857,147.0,0,6,20.0,1,0.0,Boko Haram
45646,0,92,6,120,603,22.404193,87.379866,3.0,0,0.0,1,0,3,14,945,92.0,0,6,3.0,1,0.0,Communist Party of India - Maoist (CPI-Maoist)
56101,0,95,10,30,177,33.303566,44.371773,1.0,0,1.0,1,0,3,14,13,95.0,0,6,4.0,1,0.0,Islamic State of Iraq and the Levant (ISIL)
8707,0,97,10,304,2253,31.537834,34.489532,1.0,0,0.0,1,0,3,14,2601,97.0,0,6,1.0,1,0.0,Palestinians
20569,0,186,6,203,1437,7.716666,81.700188,3.0,0,0.0,1,0,2,4,12,92.0,0,5,3.0,1,0.0,Liberation Tigers of Tamil Eelam (LTTE)
19252,0,43,3,250,1550,-33.366238,-70.505302,1.0,0,1.0,1,0,2,19,56,43.0,0,8,0.0,1,0.0,Manuel Rodriguez Patriotic Front (FPMR)
54890,0,95,10,30,177,33.303566,44.371773,1.0,0,1.0,1,0,3,19,398,95.0,0,6,3.0,1,0.0,Al-Qaida in Iraq
64301,0,182,11,63,304,2.059819,45.326115,1.0,0,0.0,1,1,3,7,162,422.0,0,6,4.0,1,0.0,Al-Shabaab
6357,0,97,10,241,2256,32.9,35.33333,3.0,1,0.0,1,0,2,17,2605,97.0,0,5,0.0,1,0.0,Palestinians
4459,0,185,8,81,401,43.090476,-2.31322,1.0,0,0.0,1,0,2,3,679,185.0,0,5,1.0,1,0.0,Basque Fatherland and Freedom (ETA)
31834,0,159,3,256,1562,-11.967368,-76.978462,1.0,0,0.0,1,0,3,2,2827,159.0,0,6,0.0,1,0.0,Shining Path (SL)
17426,0,92,6,447,2486,28.585836,77.153336,1.0,0,0.0,1,0,1,14,3006,92.0,0,5,2.0,0,0.0,Sikh Extremists
4739,0,185,8,81,385,42.84964,-2.692359,1.0,0,0.0,1,0,1,4,756,185.0,0,5,1.0,0,0.0,Basque Fatherland and Freedom (ETA)
28070,0,159,3,441,2819,-6.613881,-76.695042,1.0,0,0.0,1,0,2,14,3332,159.0,0,5,1.0,1,0.0,Tupac Amaru Revolutionary Movement (MRTA)
2880,0,69,8,131,744,41.930607,8.742907,1.0,0,0.0,1,0,5,6,1125,69.0,0,5,0.0,1,1.0,Corsican National Liberation Front (FLNC)
63759,0,147,11,156,950,8.5983,8.849614,1.0,0,0.0,1,0,2,14,27,147.0,0,5,8.0,1,0.0,Fulani extremists
20101,0,183,11,19,96,-26.184113,28.033232,1.0,0,0.0,1,0,3,4,198,183.0,0,6,0.0,1,0.0,African National Congress (South Africa)
60259,0,113,10,282,1744,32.094952,20.268871,1.0,0,0.0,1,0,3,6,276,113.0,0,6,0.0,-9,0.0,Muslim extremists
17454,0,145,2,395,24,11.727473,-86.21585,4.0,0,0.0,1,0,2,1,2463,145.0,0,5,8.0,1,0.0,Nicaraguan Democratic Force (FDN)
19230,0,61,2,139,849,13.69288,-89.199161,1.0,0,0.0,1,0,3,3,1236,61.0,0,5,2.0,1,0.0,Farabundo Marti National Liberation Front (FMLN)
71096,0,228,10,57,277,13.586484,44.024105,1.0,0,1.0,1,0,3,14,1222,228.0,0,6,2.0,-9,0.0,Houthi extremists (Ansar Allah)
56151,0,4,6,478,2642,33.895519,68.763192,3.0,0,0.0,1,1,3,4,3137,422.0,0,6,10.0,1,0.0,Taliban
19932,0,186,6,241,1480,9.267091,80.814248,1.0,0,0.0,1,0,2,19,56,186.0,0,5,2.0,1,0.0,Liberation Tigers of Tamil Eelam (LTTE)
22492,0,186,6,240,1438,6.941837,79.861687,1.0,0,0.0,1,0,1,17,1772,186.0,0,5,2.0,0,0.0,Liberation Tigers of Tamil Eelam (LTTE)
4695,0,185,8,81,403,43.22048,-2.021122,1.0,0,0.0,1,0,2,3,685,185.0,0,5,1.0,1,0.0,Basque Fatherland and Freedom (ETA)
28754,0,92,6,316,2496,30.245796,75.842072,1.0,1,1.0,1,0,7,1,802,92.0,0,8,0.0,1,0.0,Sikh Extremists
69230,0,4,6,468,2618,35.761476,68.9166,2.0,0,1.0,1,0,7,15,354,4.0,0,8,0.0,1,0.0,Taliban
19297,0,183,11,19,104,-25.748281,28.212069,1.0,0,0.0,1,0,3,2,199,183.0,0,6,0.0,1,0.0,African National Congress (South Africa)
14499,0,145,2,392,2178,13.880321,-86.1678,1.0,0,0.0,1,0,2,4,412,145.0,0,5,0.0,1,0.0,Nicaraguan Democratic Force (FDN)
67411,0,200,10,196,1268,36.503593,40.740627,1.0,0,1.0,1,1,3,3,427,200.0,0,6,24.0,-9,0.0,Islamic State of Iraq and the Levant (ISIL)
51243,0,228,10,47,245,14.54397,49.12458,1.0,0,1.0,1,0,3,4,517,228.0,0,6,1.0,0,0.0,Al-Qaida in the Arabian Peninsula (AQAP)
74512,0,147,11,159,986,7.950747,5.545281,1.0,0,0.0,1,0,2,14,860,147.0,0,5,2.0,0,0.0,Fulani extremists
83054,0,95,10,29,1283,34.303706,42.067211,2.0,0,0.0,1,0,3,4,12,95.0,0,6,0.0,-9,0.0,Islamic State of Iraq and the Levant (ISIL)
24063,0,43,3,250,1550,-33.366238,-70.505302,1.0,0,0.0,1,0,3,19,1920,43.0,0,6,0.0,1,0.0,Manuel Rodriguez Patriotic Front (FPMR)
68843,0,147,11,100,496,11.829979,12.630177,1.0,0,0.0,1,0,2,14,27,147.0,0,5,25.0,1,0.0,Boko Haram
66393,0,214,9,135,787,47.098835,37.81987,1.0,1,1.0,1,0,2,4,48,214.0,0,6,0.0,0,0.0,Donetsk People's Republic
68042,0,160,5,0,12,6.550444,122.106467,2.0,0,0.0,0,0,2,14,13,160.0,0,5,0.0,0,0.0,Abu Sayyaf Group (ASG)
51618,0,92,6,125,1573,19.598623,80.226578,1.0,0,0.0,1,0,1,14,1999,92.0,0,5,1.0,0,0.0,Maoists
48772,1,92,6,119,610,19.203477,81.934532,2.0,0,0.0,1,0,6,14,929,92.0,0,5,1.0,-9,1.0,Communist Party of India - Maoist (CPI-Maoist)
515,0,603,8,178,1177,54.607712,-5.95621,1.0,0,0.0,1,0,1,4,1504,216.0,0,5,1.0,0,0.0,Irish Republican Army (IRA)
73706,0,4,6,468,2593,36.035538,68.643112,1.0,0,0.0,1,0,2,3,3109,4.0,0,5,7.0,0,0.0,Taliban
71395,0,228,10,57,24,13.413117,43.637531,4.0,0,0.0,1,0,3,19,1390,228.0,0,6,0.0,1,0.0,Houthi extremists (Ansar Allah)
28672,0,61,2,145,871,13.597728,-89.418532,1.0,0,0.0,1,0,2,14,1251,61.0,0,5,0.0,1,0.0,Farabundo Marti National Liberation Front (FMLN)
73068,0,92,6,119,1633,19.499209,81.102258,3.0,0,0.0,0,0,3,20,6,92.0,0,6,0.0,0,0.0,Maoists
50585,0,92,6,117,671,24.551295,84.140936,1.0,0,0.0,0,0,2,3,996,92.0,0,5,0.0,0,0.0,Communist Party of India - Maoist (CPI-Maoist)
22053,0,159,3,256,1562,-11.967368,-76.978462,1.0,0,0.0,1,0,3,4,3350,159.0,0,6,0.0,1,0.0,Tupac Amaru Revolutionary Movement (MRTA)
68882,0,160,5,0,35,6.497216,122.105141,1.0,1,0.0,0,0,1,2,86,160.0,0,6,0.0,0,0.0,Abu Sayyaf Group (ASG)
7902,0,183,11,19,142,-25.790101,28.143739,1.0,0,0.0,1,0,3,4,257,183.0,0,6,0.0,1,0.0,African National Congress (South Africa)
50460,0,153,6,311,1800,30.200819,66.994354,1.0,1,0.0,1,0,7,4,3100,422.0,0,5,0.0,1,0.0,Taliban
63757,0,214,9,135,786,47.981647,37.762325,1.0,0,1.0,1,0,2,4,1190,214.0,0,6,1.0,-9,0.0,Donetsk People's Republic
20426,0,43,3,250,1550,-33.366238,-70.505302,1.0,0,1.0,1,0,3,21,1883,43.0,0,6,0.0,1,0.0,Manuel Rodriguez Patriotic Front (FPMR)
18748,0,92,6,316,2494,31.633078,74.878288,1.0,0,0.0,1,0,1,3,3049,92.0,0,5,2.0,0,0.0,Sikh Extremists
19621,0,603,8,178,1177,54.607712,-5.95621,1.0,0,0.0,1,0,2,3,1471,233.0,0,5,0.0,1,0.0,Irish Republican Army (IRA)
66629,0,228,10,45,236,12.825647,44.846416,1.0,0,1.0,1,0,3,14,603,228.0,0,6,3.0,1,0.0,Houthi extremists (Ansar Allah)
23293,0,43,3,250,1550,-33.366238,-70.505302,1.0,0,0.0,1,0,3,2,1942,43.0,0,6,0.0,1,0.0,Manuel Rodriguez Patriotic Front (FPMR)
70410,0,147,11,114,528,8.876564,7.244026,1.0,0,1.0,1,1,3,3,175,147.0,0,6,6.0,1,0.0,Boko Haram
9094,0,185,8,81,436,43.35441,-2.846714,1.0,0,0.0,1,0,3,1,763,185.0,0,6,2.0,1,0.0,Basque Fatherland and Freedom (ETA)
7105,0,61,2,139,881,13.808917,-89.228637,1.0,0,0.0,1,0,2,14,1258,61.0,0,5,1.0,1,1.0,Farabundo Marti National Liberation Front (FMLN)
43710,0,69,8,126,747,42.699997,9.447317,1.0,0,1.0,1,0,3,2,1121,69.0,0,6,0.0,1,0.0,Corsican National Liberation Front (FLNC)
19051,0,61,2,139,849,13.69288,-89.199161,1.0,0,1.0,1,0,2,19,56,61.0,0,5,0.0,1,0.0,Farabundo Marti National Liberation Front (FMLN)
64933,0,182,11,63,304,2.059819,45.326115,1.0,0,0.0,1,0,3,8,2160,182.0,0,6,0.0,1,0.0,Muslim extremists
19966,0,183,11,25,123,-33.995515,18.584543,1.0,0,0.0,1,0,2,3,229,183.0,0,5,1.0,1,0.0,African National Congress (South Africa)
8933,0,185,8,89,404,42.815372,-1.653616,1.0,0,0.0,1,0,3,2,755,185.0,0,6,1.0,1,0.0,Basque Fatherland and Freedom (ETA)
52049,0,45,3,337,2306,11.378289,-72.238173,1.0,1,0.0,1,0,2,4,48,45.0,0,5,12.0,0,0.0,Revolutionary Armed Forces of Colombia (FARC)
9894,0,61,2,147,914,13.768375,-88.149036,1.0,0,0.0,1,0,2,4,1245,61.0,0,5,1.0,1,0.0,Farabundo Marti National Liberation Front (FMLN)
5660,0,185,8,89,404,42.815372,-1.653616,1.0,0,0.0,1,0,3,10,688,185.0,0,6,0.0,1,0.0,Basque Fatherland and Freedom (ETA)
66930,0,45,3,340,2293,3.115381,-76.62609,1.0,0,0.0,1,0,3,4,12,45.0,0,6,13.0,0,0.0,Revolutionary Armed Forces of Colombia (FARC)
25162,0,186,6,241,1447,8.834273,80.051047,1.0,0,0.0,1,0,6,3,782,186.0,0,5,90.0,1,0.0,Liberation Tigers of Tamil Eelam (LTTE)
25335,0,185,8,81,24,43.003305,-2.612578,4.0,1,1.0,1,0,3,1,686,185.0,0,6,0.0,1,0.0,Basque Fatherland and Freedom (ETA)
19497,0,159,3,432,2400,-12.939782,-74.247478,1.0,0,0.0,1,0,1,3,2836,159.0,0,5,1.0,0,0.0,Shining Path (SL)
31962,0,69,8,126,24,41.918891,8.737554,4.0,0,1.0,1,0,3,2,410,69.0,0,6,0.0,1,0.0,Corsican National Liberation Front (FLNC)
51192,0,147,11,102,501,12.885844,11.930042,1.0,0,0.0,1,0,1,2,865,147.0,0,5,1.0,0,0.0,Boko Haram
73961,0,92,6,118,657,22.650028,86.360299,1.0,0,0.0,1,0,3,3,980,92.0,0,6,0.0,1,0.0,Communist Party of India - Maoist (CPI-Maoist)
77682,0,228,10,49,244,13.887403,45.863647,1.0,0,0.0,0,0,1,17,506,228.0,0,6,0.0,-9,0.0,Al-Qaida in the Arabian Peninsula (AQAP)
67313,1,160,5,2,49,5.010223,119.747485,1.0,0,0.0,1,0,6,1,81,160.0,0,5,0.0,0,1.0,Abu Sayyaf Group (ASG)
80324,0,92,6,118,587,23.951419,86.1946,3.0,0,0.0,1,0,2,14,2051,92.0,0,9,1.0,0,0.0,Maoists
54900,0,95,10,30,177,33.303566,44.371773,1.0,0,1.0,1,0,3,3,175,95.0,0,6,5.0,0,0.0,Al-Qaida in Iraq
61931,0,214,9,135,807,48.327225,38.025673,1.0,0,0.0,1,0,3,14,853,214.0,0,6,1.0,-9,0.0,Donetsk People's Republic
15758,0,183,11,21,134,-27.365132,29.880845,1.0,1,0.0,1,0,3,1,247,183.0,0,6,0.0,1,0.0,African National Congress (South Africa)
24075,0,159,3,256,1562,-11.967368,-76.978462,1.0,0,0.0,1,0,3,4,3376,217.0,0,6,0.0,1,0.0,Tupac Amaru Revolutionary Movement (MRTA)
27136,0,159,3,256,1562,-11.967368,-76.978462,1.0,0,1.0,1,0,3,1,1106,159.0,0,6,0.0,1,0.0,Tupac Amaru Revolutionary Movement (MRTA)
73354,0,147,11,155,959,7.732297,9.210412,2.0,0,1.0,1,0,2,14,27,147.0,0,5,1.0,1,0.0,Fulani extremists
11624,0,61,2,148,886,13.616667,-88.4,1.0,0,0.0,1,0,2,4,1261,61.0,0,5,2.0,1,0.0,Farabundo Marti National Liberation Front (FMLN)
4662,0,185,8,96,421,41.400635,2.150913,1.0,0,0.0,1,0,7,18,728,69.0,0,8,0.0,1,0.0,Basque Fatherland and Freedom (ETA)
51265,0,228,10,52,248,13.985013,45.558479,1.0,0,0.0,1,0,2,4,520,228.0,0,5,1.0,0,0.0,Al-Qaida in the Arabian Peninsula (AQAP)
55747,0,95,10,34,184,36.354145,43.14357,1.0,1,1.0,1,0,2,3,85,95.0,0,5,4.0,0,0.0,Islamic State of Iraq and the Levant (ISIL)
40431,0,141,6,246,1639,27.666612,86.050411,1.0,1,0.0,1,0,3,19,2049,141.0,0,6,2.0,1,0.0,Maoists
25480,0,43,3,250,1550,-33.366238,-70.505302,1.0,0,0.0,1,0,2,1,1910,43.0,0,5,0.0,1,0.0,Manuel Rodriguez Patriotic Front (FPMR)
58404,0,153,6,484,2714,34.006004,71.53743,1.0,0,0.0,1,1,3,1,3245,153.0,0,6,10.0,1,0.0,Tehrik-i-Taliban Pakistan (TTP)
58326,0,200,10,188,1726,36.201721,37.14352,1.0,0,0.0,1,0,3,4,48,200.0,0,6,6.0,1,0.0,Muslim extremists
76303,0,200,10,189,1248,33.514722,36.124722,1.0,0,1.0,1,1,3,14,13,200.0,0,6,3.0,-9,0.0,Islamic State of Iraq and the Levant (ISIL)
79609,0,228,10,57,277,13.586484,44.024105,1.0,0,0.0,1,0,3,14,1380,228.0,0,6,3.0,1,0.0,Houthi extremists (Ansar Allah)
78552,0,123,11,271,1757,15.075623,-2.219977,1.0,0,0.0,1,0,1,2,2134,123.0,0,5,1.0,0,0.0,Muslim extremists
16089,0,43,3,250,1550,-33.366238,-70.505302,1.0,0,1.0,1,0,7,1,1911,43.0,0,8,0.0,1,0.0,Manuel Rodriguez Patriotic Front (FPMR)
17976,0,186,6,203,1436,8.457907,81.268402,1.0,0,1.0,1,0,7,1,879,186.0,0,8,0.0,1,0.0,Muslim extremists
69102,0,160,5,1,2,6.088221,121.109329,1.0,0,0.0,0,0,6,4,7,160.0,0,5,0.0,0,0.0,Abu Sayyaf Group (ASG)
45678,0,45,3,324,2313,6.00283,-76.78047,2.0,0,0.0,1,0,1,2,2723,45.0,0,5,1.0,1,0.0,Revolutionary Armed Forces of Colombia (FARC)
6579,0,155,10,410,2234,31.530243,35.094162,1.0,0,0.0,1,0,3,14,2558,97.0,0,5,4.0,1,0.0,Palestinians
6180,0,155,10,410,2234,31.530243,35.094162,1.0,0,0.0,1,0,3,15,2549,97.0,0,6,0.0,1,0.0,Palestinians
52960,0,60,10,267,1722,31.1279,34.161843,1.0,0,0.0,0,0,2,21,2113,60.0,0,5,0.0,0,0.0,Muslim extremists
47736,1,160,5,350,1960,7.364962,125.853401,1.0,0,0.0,1,0,2,14,13,160.0,0,5,1.0,0,1.0,New People's Army (NPA)
46188,0,160,5,5,1994,7.371271,125.49612,2.0,1,0.0,1,0,7,16,2370,160.0,0,8,0.0,1,0.0,New People's Army (NPA)
82997,0,95,10,34,184,36.354145,43.14357,1.0,0,0.0,1,0,3,14,13,95.0,0,6,1.0,-9,0.0,Islamic State of Iraq and the Levant (ISIL)
23758,0,92,6,316,2504,31.633979,74.872264,3.0,0,0.0,1,0,2,4,2997,92.0,0,5,4.0,1,0.0,Sikh Extremists
9523,0,183,11,25,121,-33.941849,18.41964,1.0,0,0.0,1,0,3,21,260,183.0,0,6,0.0,1,0.0,African National Congress (South Africa)
67059,0,214,9,135,788,48.363186,37.891922,1.0,1,0.0,1,0,2,4,48,214.0,0,6,0.0,-9,0.0,Donetsk People's Republic
44033,0,209,10,208,1334,37.253172,43.612234,1.0,0,0.0,1,0,3,4,1650,209.0,0,6,2.0,-9,0.0,Kurdistan Workers' Party (PKK)
18651,0,61,2,145,887,13.876111,-89.359722,1.0,0,0.0,1,0,2,4,1266,61.0,0,5,0.0,1,0.0,Farabundo Marti National Liberation Front (FMLN)
44926,0,186,6,246,1498,7.323151,80.624843,1.0,0,0.0,1,0,3,19,1802,186.0,0,6,0.0,1,0.0,Liberation Tigers of Tamil Eelam (LTTE)
20383,0,183,11,25,116,-33.951,18.554,1.0,0,0.0,1,0,3,2,254,183.0,0,6,0.0,1,0.0,African National Congress (South Africa)
77671,0,228,10,57,277,13.586484,44.024105,1.0,0,1.0,1,0,3,4,391,228.0,0,6,0.0,1,0.0,Houthi extremists (Ansar Allah)
53225,0,95,10,34,184,36.354145,43.14357,1.0,0,1.0,1,0,3,14,13,95.0,0,6,2.0,0,0.0,Al-Qaida in Iraq
37157,0,160,5,5,23,7.083241,125.600998,1.0,0,1.0,1,0,3,19,24,160.0,0,6,0.0,1,0.0,Abu Sayyaf Group (ASG)
30150,0,159,3,430,2827,-11.056033,-75.328236,1.0,0,0.0,1,0,2,4,1584,159.0,0,5,5.0,1,0.0,Tupac Amaru Revolutionary Movement (MRTA)
51946,0,228,10,50,241,15.325443,44.211895,1.0,0,0.0,0,0,6,7,491,32.0,0,5,0.0,0,0.0,Al-Qaida in the Arabian Peninsula (AQAP)
35762,0,186,6,241,1502,7.924677,81.544937,1.0,0,0.0,1,0,2,3,1809,186.0,0,5,0.0,1,0.0,Liberation Tigers of Tamil Eelam (LTTE)
15584,0,43,3,249,1551,-33.050125,-71.612251,1.0,0,1.0,1,0,7,19,56,43.0,0,8,0.0,1,0.0,Manuel Rodriguez Patriotic Front (FPMR)
10922,0,603,8,178,1211,54.328629,-5.716669,1.0,0,0.0,1,0,2,3,1513,233.0,0,5,2.0,1,0.0,Irish Republican Army (IRA)
33035,0,209,10,216,24,39.067995,40.777644,4.0,0,0.0,1,0,2,4,412,209.0,0,5,1.0,1,0.0,Kurdistan Workers' Party (PKK)
61923,0,160,5,355,1971,7.837468,125.611574,2.0,0,0.0,1,0,3,4,2351,160.0,0,6,2.0,0,0.0,New People's Army (NPA)
16036,0,159,3,431,2413,-9.929478,-76.239738,1.0,0,0.0,1,0,3,2,2862,159.0,0,6,1.0,1,0.0,Shining Path (SL)
64733,0,214,9,135,804,47.460209,37.86647,1.0,0,1.0,1,0,3,14,853,214.0,0,6,0.0,-9,0.0,Donetsk People's Republic
42222,0,69,8,126,747,42.699997,9.447317,1.0,0,1.0,1,0,3,1,1128,69.0,0,6,0.0,1,0.0,Corsican National Liberation Front (FLNC)
44719,0,95,10,31,212,33.693947,45.067425,1.0,1,0.0,1,0,3,19,406,95.0,0,6,6.0,0,0.0,Al-Qaida in Iraq
66267,0,147,11,110,1037,9.53955,8.899702,2.0,0,1.0,1,0,2,14,13,147.0,0,5,4.0,0,0.0,Fulani extremists
73763,0,4,6,465,2587,34.516895,69.147011,1.0,0,0.0,1,0,3,7,3151,4.0,0,6,0.0,1,0.0,Taliban
1360,0,603,8,178,1177,54.607712,-5.95621,1.0,0,0.0,1,0,1,4,1507,216.0,0,5,1.0,0,0.0,Irish Republican Army (IRA)
15750,0,45,3,330,1834,7.116294,-73.120026,1.0,0,0.0,1,0,3,2,2253,45.0,0,6,0.0,1,0.0,National Liberation Army of Colombia (ELN)
10136,0,61,2,146,877,13.947352,-89.120181,1.0,0,0.0,1,0,2,4,1245,61.0,0,5,1.0,1,0.0,Farabundo Marti National Liberation Front (FMLN)
3876,0,69,8,133,747,42.699997,9.447317,1.0,0,0.0,1,0,3,10,1149,69.0,0,6,0.0,1,0.0,Corsican National Liberation Front (FLNC)
59402,0,92,6,117,1650,24.775486,84.918483,3.0,0,0.0,0,0,3,20,6,92.0,0,6,0.0,0,0.0,Maoists
33438,0,45,3,334,1862,5.17069,-72.546829,1.0,1,0.0,1,0,3,21,2246,69.0,0,6,0.0,1,0.0,National Liberation Army of Colombia (ELN)
51427,0,153,6,389,2758,33.825361,70.847724,1.0,0,0.0,1,1,3,15,354,153.0,0,6,14.0,-9,0.0,Tehrik-i-Taliban Pakistan (TTP)
7789,0,61,2,140,870,13.938518,-88.901366,1.0,0,0.0,1,0,2,4,1261,61.0,0,5,1.0,1,0.0,Farabundo Marti National Liberation Front (FMLN)
13182,0,43,3,250,1550,-33.366238,-70.505302,1.0,0,0.0,1,0,3,1,242,43.0,0,6,1.0,1,0.0,Manuel Rodriguez Patriotic Front (FPMR)
49453,0,228,10,49,243,13.219398,45.307838,1.0,1,0.0,1,0,3,1,471,228.0,0,6,110.0,1,0.0,Al-Qaida in the Arabian Peninsula (AQAP)
14999,0,145,2,392,2093,13.746389,-86.709722,1.0,0,0.0,1,0,2,4,1235,145.0,0,5,1.0,1,0.0,Nicaraguan Democratic Force (FDN)
15769,0,159,3,256,1562,-11.967368,-76.978462,1.0,1,1.0,1,0,3,9,3347,159.0,0,6,0.0,1,0.0,Tupac Amaru Revolutionary Movement (MRTA)
80892,0,92,6,119,1652,20.270822,81.48673,1.0,0,0.0,0,0,3,20,6,92.0,0,6,0.0,0,0.0,Maoists
61578,0,214,9,135,806,47.927954,37.371645,3.0,0,1.0,1,0,7,9,1192,214.0,0,5,1.0,1,0.0,Donetsk People's Republic
74469,0,160,5,1,22,6.050458,121.012245,1.0,0,0.0,1,0,3,4,59,160.0,0,6,0.0,1,0.0,Abu Sayyaf Group (ASG)
25965,0,159,3,256,1562,-11.967368,-76.978462,1.0,0,1.0,1,0,2,19,56,159.0,0,8,0.0,1,0.0,Shining Path (SL)
29403,0,92,6,316,2481,30.898024,75.860077,1.0,0,0.0,1,0,3,1,3001,92.0,0,6,0.0,1,0.0,Sikh Extremists
20821,0,185,8,81,382,43.258434,-2.921819,1.0,0,0.0,1,0,3,3,680,185.0,0,6,0.0,1,0.0,Basque Fatherland and Freedom (ETA)
41713,0,173,10,56,270,21.543155,39.174905,1.0,0,0.0,1,0,2,7,493,217.0,0,6,9.0,-9,0.0,Al-Qaida in the Arabian Peninsula (AQAP)
67991,1,214,9,135,803,47.942608,37.505135,1.0,1,0.0,1,0,6,4,48,214.0,0,5,2.0,0,1.0,Donetsk People's Republic
42566,0,141,6,203,1675,27.286093,87.009635,1.0,0,1.0,1,0,2,14,2070,141.0,0,5,2.0,0,0.0,Maoists
25258,0,186,6,203,1484,7.331414,81.833366,1.0,0,0.0,1,0,2,14,1783,186.0,0,9,62.0,0,0.0,Liberation Tigers of Tamil Eelam (LTTE)
50763,0,95,10,29,1779,33.31385,44.186691,1.0,0,1.0,1,0,3,14,13,95.0,0,6,7.0,-9,0.0,Muslim extremists
5278,0,185,8,81,388,43.291618,-1.977903,1.0,0,0.0,1,0,3,14,740,185.0,0,6,0.0,1,0.0,Basque Fatherland and Freedom (ETA)
30936,0,209,10,209,1406,38.279124,42.198245,1.0,0,0.0,1,0,1,3,1706,209.0,0,5,1.0,0,0.0,Kurdistan Workers' Party (PKK)
46980,1,153,6,389,2724,32.320237,69.859741,3.0,0,0.0,1,0,2,17,3200,153.0,0,8,70.0,1,1.0,Tehrik-i-Taliban Pakistan (TTP)
79356,0,160,5,378,1998,17.568938,120.9834,1.0,0,1.0,1,0,5,3,175,160.0,0,5,0.0,1,1.0,New People's Army (NPA)
4812,0,69,8,126,24,41.918891,8.737554,4.0,0,1.0,1,0,3,1,802,69.0,0,6,0.0,1,0.0,Corsican National Liberation Front (FLNC)
59027,0,97,10,242,1789,31.670149,34.575153,1.0,0,1.0,0,0,3,20,6,97.0,0,6,0.0,0,0.0,Muslim extremists
21289,0,45,3,327,1826,4.667128,-74.106056,1.0,0,0.0,1,0,2,4,2199,45.0,0,5,5.0,1,1.0,National Liberation Army of Colombia (ELN)
29758,0,97,10,412,2221,31.771599,35.2034,1.0,0,0.0,1,0,7,2,2561,97.0,0,8,0.0,1,0.0,Palestinians
79254,0,153,6,484,2759,34.217285,71.561043,1.0,0,0.0,1,0,1,14,3233,153.0,0,5,1.0,-9,0.0,Tehrik-i-Taliban Pakistan (TTP)
62129,0,95,10,29,1270,34.092655,42.385468,1.0,0,0.0,1,0,3,19,1027,95.0,0,6,0.0,1,0.0,Islamic State of Iraq and the Levant (ISIL)
6241,0,155,10,304,2222,31.502407,34.459743,1.0,0,0.0,1,0,3,14,2562,97.0,0,6,0.0,1,0.0,Palestinians
40116,0,45,3,326,1832,6.242026,-75.564766,1.0,0,0.0,0,0,1,2,2733,45.0,0,5,0.0,-9,0.0,Revolutionary Armed Forces of Colombia (FARC)
37509,0,186,6,203,1439,7.733107,81.68882,1.0,0,0.0,1,0,3,3,1830,186.0,0,6,1.0,1,0.0,Liberation Tigers of Tamil Eelam (LTTE)
64293,0,104,11,62,306,3.938715,41.844707,1.0,1,0.0,1,0,6,14,559,104.0,0,5,36.0,0,1.0,Al-Shabaab
57389,0,92,6,119,635,20.261553,81.460083,3.0,0,1.0,0,0,3,2,2030,92.0,0,6,0.0,0,0.0,Maoists
28399,0,603,8,178,1196,54.183052,-6.341388,1.0,0,0.0,0,0,3,3,409,233.0,0,6,0.0,1,0.0,Irish Republican Army (IRA)
28319,0,603,8,178,1177,54.607712,-5.95621,1.0,0,1.0,1,0,7,1,1512,233.0,0,8,0.0,1,0.0,Irish Republican Army (IRA)
27764,0,159,3,430,2435,-12.068306,-75.210163,3.0,0,0.0,1,0,1,2,2892,159.0,0,5,1.0,0,0.0,Shining Path (SL)
28199,0,61,2,137,855,13.883333,-88.966667,1.0,0,0.0,1,0,2,4,412,61.0,0,5,11.0,1,0.0,Farabundo Marti National Liberation Front (FMLN)
21253,0,61,2,148,889,13.558889,-88.43,1.0,0,0.0,1,0,1,2,1300,61.0,0,5,1.0,0,0.0,Farabundo Marti National Liberation Front (FMLN)
68391,0,173,10,172,24,16.892213,42.56892,4.0,0,0.0,1,0,3,4,48,173.0,0,6,1.0,0,0.0,Houthi extremists (Ansar Allah)
4992,0,603,8,178,1181,54.347539,-6.656108,1.0,0,0.0,1,0,3,3,1493,233.0,0,6,1.0,1,0.0,Irish Republican Army (IRA)
50142,1,160,5,366,2028,9.5725,125.73306,1.0,0,1.0,1,0,2,1,2401,160.0,0,8,3.0,-9,1.0,New People's Army (NPA)
63077,0,214,9,135,818,48.240883,38.525669,1.0,0,1.0,1,0,3,4,48,214.0,0,6,0.0,-9,0.0,Donetsk People's Republic
74300,0,147,11,158,1014,8.586602,10.36172,2.0,0,1.0,1,0,2,14,27,147.0,0,5,2.0,1,0.0,Fulani extremists
19300,0,45,3,328,1871,7.75954,-73.39031,1.0,0,0.0,1,0,2,14,2261,45.0,0,5,3.0,1,0.0,National Liberation Army of Colombia (ELN)
16465,0,183,11,19,115,-26.252697,27.870275,1.0,0,0.0,1,0,3,2,225,183.0,0,6,0.0,1,0.0,African National Congress (South Africa)
46187,0,92,6,117,677,25.314437,86.542191,1.0,0,0.0,1,0,7,19,1004,92.0,0,8,0.0,1,0.0,Communist Party of India - Maoist (CPI-Maoist)
23980,0,155,10,304,2222,31.502407,34.459743,1.0,0,0.0,1,0,1,14,2538,155.0,0,9,1.0,0,0.0,Palestinians
29358,0,69,8,126,777,42.476118,9.455497,1.0,0,0.0,1,0,3,1,1154,69.0,0,6,0.0,1,0.0,Corsican National Liberation Front (FLNC)
83017,0,147,11,105,488,10.806326,13.458091,1.0,0,0.0,1,0,3,4,409,147.0,0,6,45.0,-9,0.0,Boko Haram
48648,0,4,6,300,2621,34.467964,70.491493,1.0,0,0.0,1,0,3,2,3124,4.0,0,6,0.0,1,0.0,Taliban
46882,0,4,6,300,2591,34.623611,70.603333,2.0,1,0.0,1,0,2,14,13,4.0,0,5,0.0,-9,0.0,Taliban
14868,0,160,5,348,2012,10.099319,122.870788,1.0,0,0.0,1,0,5,1,2382,160.0,0,5,5.0,1,1.0,New People's Army (NPA)
71659,0,228,10,50,241,15.325443,44.211895,1.0,0,0.0,1,0,2,7,1402,155.0,0,5,0.0,0,0.0,Houthi extremists (Ansar Allah)
41994,0,95,10,30,177,33.303566,44.371773,1.0,0,0.0,1,1,3,14,340,217.0,0,6,22.0,1,0.0,Al-Qaida in Iraq
14905,0,145,2,396,2104,11.88333,-86.01667,1.0,0,1.0,1,0,2,1,59,145.0,0,5,1.0,1,0.0,Nicaraguan Democratic Force (FDN)
13560,0,159,3,256,1562,-11.967368,-76.978462,1.0,0,1.0,1,0,3,9,3384,159.0,0,6,1.0,1,0.0,Tupac Amaru Revolutionary Movement (MRTA)
62658,0,147,11,161,991,12.166918,6.674397,1.0,0,1.0,1,0,6,14,27,147.0,0,5,2.0,1,1.0,Fulani extremists
58838,0,147,11,115,1749,12.357456,7.903555,1.0,0,0.0,1,0,2,3,20,147.0,0,5,3.0,0,0.0,Muslim extremists
50226,0,92,6,118,601,23.075278,85.278889,3.0,0,0.0,1,0,8,14,992,92.0,0,9,1.0,0,0.0,Communist Party of India - Maoist (CPI-Maoist)
64823,0,104,11,76,326,-1.749689,41.192947,1.0,0,0.0,1,0,2,4,59,104.0,0,5,3.0,-9,0.0,Al-Shabaab
69379,0,214,9,135,807,48.327225,38.025673,1.0,1,0.0,1,0,3,4,48,214.0,0,6,1.0,-9,0.0,Donetsk People's Republic
13766,0,69,8,126,24,41.919593,8.737687,4.0,0,1.0,1,0,3,1,1084,69.0,0,6,0.0,1,0.0,Corsican National Liberation Front (FLNC)
938,0,603,8,178,24,54.787715,-6.492314,4.0,0,0.0,1,0,1,4,1542,233.0,0,5,1.0,0,0.0,Irish Republican Army (IRA)
62321,1,160,5,4,15,6.929089,122.07885,1.0,0,0.0,1,0,6,1,54,160.0,0,5,0.0,1,1.0,Abu Sayyaf Group (ASG)
43400,0,186,6,203,1454,8.692733,81.188529,1.0,0,0.0,1,0,2,14,13,186.0,0,5,2.0,0,0.0,Liberation Tigers of Tamil Eelam (LTTE)
61441,0,214,9,135,786,47.981647,37.762325,1.0,0,0.0,1,0,2,4,1190,214.0,0,6,0.0,-9,0.0,Donetsk People's Republic
68623,0,147,11,100,476,10.737778,13.130556,1.0,0,0.0,1,0,3,14,27,147.0,0,6,31.0,1,0.0,Boko Haram
72679,0,147,11,100,482,11.512185,14.066288,2.0,0,1.0,1,0,2,14,27,147.0,0,5,4.0,1,0.0,Boko Haram
12591,0,43,3,250,1550,-33.366238,-70.505302,1.0,0,1.0,1,0,3,21,1936,43.0,0,6,0.0,1,0.0,Manuel Rodriguez Patriotic Front (FPMR)
53915,0,153,6,484,2740,31.834328,70.90905,1.0,0,0.0,1,0,3,14,3232,153.0,0,6,7.0,0,0.0,Tehrik-i-Taliban Pakistan (TTP)
7447,0,159,3,432,2397,-13.152712,-74.218628,1.0,0,0.0,1,0,1,2,2866,159.0,0,6,0.0,1,0.0,Shining Path (SL)
74995,0,95,10,29,188,33.349159,43.784199,1.0,0,0.0,1,0,3,4,48,95.0,0,6,1.0,0,0.0,Islamic State of Iraq and the Levant (ISIL)
45000,0,186,6,203,1439,7.733107,81.68882,1.0,0,0.0,1,0,2,22,1737,186.0,0,5,2.0,0,0.0,Liberation Tigers of Tamil Eelam (LTTE)
20340,0,183,11,19,117,-26.189151,28.31707,1.0,0,0.0,1,0,3,3,214,183.0,0,6,0.0,1,0.0,African National Congress (South Africa)
3233,0,603,8,178,1177,54.607712,-5.95621,1.0,0,0.0,1,0,1,14,1433,233.0,0,5,1.0,0,0.0,Irish Republican Army (IRA)
9420,0,183,11,21,111,-25.674634,31.875862,1.0,0,0.0,1,0,3,3,208,183.0,0,6,0.0,1,0.0,African National Congress (South Africa)
73810,0,4,6,458,2632,34.674866,70.21344,1.0,0,0.0,1,0,2,4,172,4.0,0,6,2.0,1,0.0,Taliban
75035,0,147,11,155,1018,7.720561,9.212275,2.0,0,1.0,1,0,2,14,27,147.0,0,5,1.0,0,0.0,Fulani extremists
21166,0,183,11,19,154,-26.108628,28.040116,1.0,0,0.0,1,0,3,21,281,183.0,0,6,0.0,1,0.0,African National Congress (South Africa)
67362,0,147,11,110,946,9.542607,8.896159,2.0,0,1.0,1,0,2,14,13,147.0,0,5,17.0,0,0.0,Fulani extremists
10293,0,110,10,411,2218,33.888523,35.503513,1.0,0,0.0,1,0,3,4,2633,97.0,0,6,1.0,1,0.0,Palestinians
1205,0,603,8,178,1177,54.607712,-5.95621,1.0,0,0.0,1,0,2,4,1491,216.0,0,5,1.0,0,0.0,Irish Republican Army (IRA)
15880,0,43,3,250,1550,-33.366238,-70.505302,1.0,0,1.0,1,0,3,21,1905,43.0,0,6,0.0,1,0.0,Manuel Rodriguez Patriotic Front (FPMR)
26321,0,45,3,422,2296,3.24114,-74.35539,3.0,0,0.0,1,0,2,4,1317,45.0,0,5,0.0,1,0.0,Revolutionary Armed Forces of Colombia (FARC)
42321,0,186,6,240,1438,6.874658,79.860483,1.0,0,0.0,0,0,3,10,1736,186.0,0,6,0.0,0,0.0,Liberation Tigers of Tamil Eelam (LTTE)
46903,0,153,6,485,2742,34.793956,72.775814,3.0,0,0.0,1,0,1,14,3217,153.0,0,5,3.0,1,0.0,Tehrik-i-Taliban Pakistan (TTP)
22725,0,183,11,25,135,-33.963038,18.501671,1.0,0,0.0,1,0,3,3,235,183.0,0,6,1.0,1,0.0,African National Congress (South Africa)
32851,0,183,11,19,113,-26.353159,28.132727,1.0,0,0.0,1,0,2,14,244,183.0,0,5,2.0,1,0.0,African National Congress (South Africa)
4813,0,69,8,126,24,41.918891,8.737554,4.0,0,1.0,1,0,3,1,802,69.0,0,6,0.0,1,0.0,Corsican National Liberation Front (FLNC)
26494,0,92,6,120,2514,23.332078,86.365208,1.0,0,0.0,1,0,2,3,412,92.0,0,5,0.0,1,0.0,Sikh Extremists
77415,0,92,6,118,612,22.907721,85.935565,1.0,0,0.0,1,0,7,1,932,92.0,0,5,0.0,1,0.0,Communist Party of India - Maoist (CPI-Maoist)
24872,0,603,8,178,1224,54.131402,-6.586387,1.0,0,0.0,1,0,1,4,1546,216.0,0,5,1.0,0,0.0,Irish Republican Army (IRA)
16110,0,45,3,340,24,2.243589,-77.010385,4.0,0,0.0,1,0,2,4,1245,45.0,0,5,1.0,1,0.0,Revolutionary Armed Forces of Colombia (FARC)
60076,1,92,6,122,602,18.564658,82.963632,1.0,1,0.0,1,0,6,14,27,92.0,0,8,2.0,1,1.0,Communist Party of India - Maoist (CPI-Maoist)
75668,0,173,10,172,1116,16.893194,42.57526,1.0,0,0.0,1,0,3,14,841,173.0,0,6,0.0,-9,0.0,Houthi extremists (Ansar Allah)
31640,0,603,8,178,1177,54.607712,-5.95621,1.0,0,1.0,1,0,2,14,1451,233.0,0,5,0.0,0,0.0,Irish Republican Army (IRA)
42330,0,95,10,31,179,33.74324,44.623825,1.0,0,0.0,1,1,3,4,332,999.0,0,6,8.0,-9,0.0,Al-Qaida in Iraq
64063,0,160,5,347,1923,8.818475,125.69826,1.0,0,0.0,1,0,2,4,12,160.0,0,5,2.0,0,0.0,New People's Army (NPA)
25887,0,186,6,248,1499,7.236579,80.208017,1.0,0,0.0,1,0,2,14,1803,186.0,0,5,5.0,1,0.0,Liberation Tigers of Tamil Eelam (LTTE)
69108,0,214,9,135,788,48.363186,37.891922,1.0,0,0.0,1,0,2,4,1187,214.0,0,6,0.0,0,0.0,Donetsk People's Republic
63044,0,147,11,155,1006,7.009482,9.492837,1.0,0,0.0,1,0,6,14,853,147.0,0,5,4.0,1,1.0,Fulani extremists
21384,0,43,3,250,1550,-33.366238,-70.505302,1.0,0,0.0,1,0,3,3,1874,43.0,0,6,0.0,1,0.0,Manuel Rodriguez Patriotic Front (FPMR)
46908,0,185,8,93,414,42.340892,-3.699762,1.0,0,0.0,1,0,3,3,716,185.0,0,6,0.0,1,0.0,Basque Fatherland and Freedom (ETA)
72599,0,209,10,217,1344,37.922218,40.184376,1.0,0,0.0,1,0,2,3,85,209.0,0,5,3.0,0,0.0,Kurdistan Workers' Party (PKK)
9769,0,185,8,81,382,43.258434,-2.921819,1.0,0,0.0,1,0,3,1,752,185.0,0,6,3.0,1,0.0,Basque Fatherland and Freedom (ETA)
4820,0,69,8,126,24,41.918891,8.737554,4.0,0,1.0,1,0,3,1,802,69.0,0,6,0.0,1,0.0,Corsican National Liberation Front (FLNC)
26946,0,92,6,316,2481,30.898024,75.860077,1.0,1,0.0,0,0,1,2,2998,92.0,0,6,0.0,0,0.0,Sikh Extremists
11881,0,145,2,400,913,12.481654,-87.173207,1.0,0,0.0,1,0,7,1,2473,145.0,0,5,0.0,1,0.0,Nicaraguan Democratic Force (FDN)
73430,0,95,10,35,1238,35.320671,43.767281,3.0,0,0.0,1,0,3,4,1596,95.0,0,6,2.0,1,0.0,Islamic State of Iraq and the Levant (ISIL)
19253,0,43,3,250,1550,-33.366238,-70.505302,1.0,0,1.0,1,0,2,19,56,43.0,0,8,0.0,1,0.0,Manuel Rodriguez Patriotic Front (FPMR)
16512,0,183,11,21,119,-25.785669,31.051162,1.0,1,0.0,1,0,3,3,222,183.0,0,6,0.0,1,0.0,African National Congress (South Africa)
18036,0,43,3,250,1550,-33.366238,-70.505302,1.0,0,0.0,1,0,3,3,680,43.0,0,6,1.0,1,0.0,Manuel Rodriguez Patriotic Front (FPMR)
81384,0,95,10,34,184,36.354145,43.14357,1.0,0,1.0,1,1,3,4,48,95.0,0,6,2.0,1,0.0,Islamic State of Iraq and the Levant (ISIL)
43930,0,4,6,471,24,32.099544,68.390209,4.0,0,0.0,1,0,3,4,3161,999.0,0,6,5.0,-9,0.0,Taliban
69217,0,228,10,52,248,13.985013,45.558479,1.0,0,0.0,1,1,3,22,373,228.0,0,6,1.0,0,0.0,Al-Qaida in the Arabian Peninsula (AQAP)
67197,0,214,9,135,789,48.143208,37.753361,1.0,1,1.0,1,0,3,4,1187,214.0,0,6,0.0,-9,0.0,Donetsk People's Republic
60618,1,160,5,1,26,5.989123,120.953132,2.0,0,0.0,1,0,6,1,126,160.0,0,9,1.0,0,1.0,Abu Sayyaf Group (ASG)
82147,0,95,10,34,1261,36.486149,42.418186,1.0,0,1.0,1,0,3,4,162,95.0,0,6,2.0,1,0.0,Islamic State of Iraq and the Levant (ISIL)
55105,0,92,6,117,1598,24.656056,84.435647,2.0,1,1.0,1,0,3,3,405,92.0,0,6,0.0,1,0.0,Maoists
64692,0,153,6,389,2768,33.885767,71.120431,1.0,0,0.0,1,0,2,14,3247,153.0,0,5,1.0,0,0.0,Tehrik-i-Taliban Pakistan (TTP)
20235,0,92,6,316,2515,31.633979,74.872264,3.0,0,0.0,1,0,2,3,292,92.0,0,5,4.0,1,0.0,Sikh Extremists
17339,0,145,2,395,2101,11.966667,-85.166667,1.0,0,0.0,1,0,2,4,1235,145.0,0,5,7.0,1,0.0,Nicaraguan Democratic Force (FDN)
55299,0,208,10,293,1762,35.239591,8.750597,1.0,1,1.0,1,0,3,4,48,208.0,0,6,0.0,0,0.0,Muslim extremists
52286,0,95,10,29,176,33.31065,44.038208,1.0,1,1.0,1,0,3,3,12,95.0,0,6,1.0,0,0.0,Al-Qaida in Iraq
15150,0,159,3,256,1562,-11.967368,-76.978462,1.0,0,1.0,1,0,3,1,702,159.0,0,6,0.0,1,0.0,Tupac Amaru Revolutionary Movement (MRTA)
48038,0,182,11,63,304,2.059819,45.326115,1.0,0,0.0,1,0,2,14,599,182.0,0,5,1.0,0,0.0,Al-Shabaab
51128,0,95,10,34,184,36.354145,43.14357,1.0,0,1.0,1,0,2,4,20,95.0,0,5,1.0,-9,0.0,Al-Qaida in Iraq
62512,0,182,11,65,307,-0.357847,42.54665,1.0,0,0.0,1,0,3,3,175,182.0,0,6,0.0,-9,0.0,Al-Shabaab
53073,0,113,10,285,1748,32.867867,13.189067,1.0,0,1.0,1,0,7,15,2128,113.0,0,10,0.0,1,0.0,Muslim extremists
30423,0,26,3,142,2431,-15.53305,-69.252459,2.0,0,0.0,1,0,2,19,2072,26.0,0,5,0.0,1,0.0,Shining Path (SL)
45224,0,92,6,121,596,18.364195,81.892418,3.0,0,0.0,1,0,7,14,2037,92.0,0,8,0.0,1,0.0,Maoists
18132,0,97,10,241,2220,32.581387,35.182465,1.0,0,0.0,1,0,1,4,2527,97.0,0,9,1.0,0,0.0,Palestinians
13654,0,61,2,141,857,13.779502,-88.349044,1.0,0,0.0,1,0,2,4,1235,61.0,0,5,19.0,1,0.0,Farabundo Marti National Liberation Front (FMLN)
76415,0,153,6,311,1800,30.200819,66.994354,1.0,0,0.0,1,0,3,3,409,153.0,0,6,2.0,1,0.0,Tehrik-i-Taliban Pakistan (TTP)
28726,0,160,5,376,24,18.195807,120.592272,4.0,0,0.0,1,0,2,4,2376,160.0,0,5,1.0,1,0.0,New People's Army (NPA)
29351,0,45,3,326,1829,7.243889,-76.435556,1.0,0,0.0,1,0,2,4,412,45.0,0,5,3.0,1,0.0,National Liberation Army of Colombia (ELN)
51275,0,228,10,51,246,14.536389,46.833056,1.0,0,0.0,1,0,2,4,20,228.0,0,5,1.0,0,0.0,Al-Qaida in the Arabian Peninsula (AQAP)
12723,0,145,2,406,2179,11.683333,-84.95,1.0,0,0.0,1,0,2,4,1235,145.0,0,5,1.0,1,0.0,Nicaraguan Democratic Force (FDN)
69493,0,209,10,208,1337,37.570354,44.282055,3.0,0,0.0,1,0,2,3,1697,209.0,0,5,1.0,-9,0.0,Kurdistan Workers' Party (PKK)
9310,0,61,2,147,911,13.89271,-88.043983,1.0,0,0.0,1,0,2,4,1235,61.0,0,5,1.0,1,0.0,Farabundo Marti National Liberation Front (FMLN)
15092,0,159,3,256,1562,-11.967368,-76.978462,1.0,0,0.0,1,0,3,1,3393,217.0,0,6,0.0,1,0.0,Tupac Amaru Revolutionary Movement (MRTA)
44339,0,92,6,120,645,23.332078,86.365208,3.0,0,0.0,1,0,1,22,2042,92.0,0,5,1.0,0,0.0,Maoists
22574,0,159,3,256,1562,-11.967368,-76.978462,1.0,0,1.0,1,0,3,1,702,159.0,0,6,0.0,1,0.0,Tupac Amaru Revolutionary Movement (MRTA)
81440,0,14,12,198,1279,-33.934491,151.179691,1.0,0,0.0,0,1,3,6,1617,14.0,0,6,0.0,0,0.0,Islamic State of Iraq and the Levant (ISIL)
59796,0,228,10,47,265,15.914915,48.650745,1.0,0,0.0,1,0,2,3,93,228.0,0,6,2.0,1,0.0,Al-Qaida in the Arabian Peninsula (AQAP)
79029,0,95,10,34,184,36.354145,43.14357,1.0,0,0.0,1,0,3,14,334,95.0,0,6,3.0,-9,0.0,Islamic State of Iraq and the Levant (ISIL)
17977,0,186,6,203,1436,8.457907,81.268402,1.0,0,1.0,1,0,7,1,879,186.0,0,8,0.0,1,0.0,Muslim extremists
39842,0,160,5,1,2,6.089515,121.105521,1.0,0,0.0,1,0,2,4,30,160.0,0,5,5.0,-9,0.0,Abu Sayyaf Group (ASG)
47232,0,45,3,422,2339,2.938546,-73.208681,1.0,1,0.0,1,0,2,12,2753,45.0,0,5,0.0,1,0.0,Revolutionary Armed Forces of Colombia (FARC)
36381,0,186,6,203,1442,8.577826,81.218719,1.0,0,0.0,1,0,3,17,1784,186.0,0,6,5.0,1,0.0,Liberation Tigers of Tamil Eelam (LTTE)
71341,0,160,5,364,1952,5.856886,125.006194,1.0,0,0.0,1,0,7,1,1209,160.0,0,8,0.0,1,0.0,New People's Army (NPA)
18303,0,45,3,326,2209,6.441862,-75.72667,1.0,0,0.0,1,0,3,21,3374,45.0,0,6,0.0,1,0.0,Tupac Amaru Revolutionary Movement (MRTA)
76940,0,209,10,217,1381,38.373308,40.075578,1.0,0,0.0,1,0,1,14,1680,209.0,0,5,1.0,0,0.0,Kurdistan Workers' Party (PKK)
51273,0,147,11,100,461,11.655408,13.412932,1.0,0,1.0,1,0,3,15,836,147.0,0,6,0.0,1,0.0,Boko Haram
45922,0,92,6,119,633,18.791667,80.816667,3.0,0,0.0,1,0,2,14,956,92.0,0,5,3.0,0,0.0,Communist Party of India - Maoist (CPI-Maoist)
74814,0,153,6,389,2745,34.595433,71.261751,2.0,0,0.0,0,0,1,17,3222,153.0,0,6,1.0,1,0.0,Tehrik-i-Taliban Pakistan (TTP)
23734,0,92,6,316,24,31.147131,75.341218,4.0,0,0.0,1,0,1,8,3002,92.0,0,5,2.0,0,0.0,Sikh Extremists
43769,0,4,6,457,2594,31.550039,65.45263,3.0,0,0.0,1,0,3,3,6,4.0,0,6,4.0,1,0.0,Taliban
64414,0,214,9,135,786,47.981647,37.762325,1.0,0,0.0,1,0,2,4,1190,214.0,0,6,0.0,-9,0.0,Donetsk People's Republic
52477,1,92,6,262,1646,23.540541,74.442253,1.0,0,0.0,1,0,6,2,2055,92.0,0,5,0.0,0,1.0,Maoists
11866,0,159,3,432,2397,-13.152712,-74.218628,1.0,0,0.0,1,0,3,21,2911,159.0,0,6,1.0,1,0.0,Shining Path (SL)
21992,0,185,8,88,407,41.634202,-1.27299,1.0,0,0.0,1,0,3,19,698,185.0,0,6,0.0,1,0.0,Basque Fatherland and Freedom (ETA)
63568,0,228,10,52,257,14.413989,44.837418,1.0,0,0.0,1,0,3,4,1396,228.0,0,6,4.0,0,0.0,Houthi extremists (Ansar Allah)
31943,0,69,8,126,24,41.918891,8.737554,4.0,0,1.0,1,0,3,2,410,69.0,0,6,0.0,1,0.0,Corsican National Liberation Front (FLNC)
25052,0,160,5,11,43,14.596051,120.978666,1.0,0,0.0,1,0,1,14,2339,160.0,0,5,1.0,0,0.0,New People's Army (NPA)
10826,0,145,2,392,2146,13.662336,-86.437449,1.0,0,0.0,1,0,2,4,1235,145.0,0,5,16.0,1,0.0,Nicaraguan Democratic Force (FDN)
47116,0,160,5,357,1991,9.02111,126.23167,1.0,0,0.0,1,0,7,1,2367,160.0,0,8,0.0,1,0.0,New People's Army (NPA)
4632,0,97,10,412,2221,31.771599,35.2034,1.0,0,0.0,0,0,3,14,2629,97.0,0,6,0.0,1,0.0,Palestinians
35841,0,45,3,326,24,6.2675,-75.568611,4.0,0,1.0,1,0,3,21,1971,45.0,0,6,0.0,1,0.0,National Liberation Army of Colombia (ELN)
58381,0,95,10,30,177,33.303566,44.371773,1.0,0,1.0,1,0,3,14,334,95.0,0,6,1.0,-9,0.0,Islamic State of Iraq and the Levant (ISIL)
22623,0,159,3,430,2439,-11.822224,-75.392952,3.0,0,1.0,1,0,3,21,1234,159.0,0,6,0.0,1,0.0,Shining Path (SL)
82047,0,147,11,105,510,10.890928,13.627589,2.0,0,1.0,1,0,7,14,27,147.0,0,8,0.0,1,0.0,Boko Haram
72041,0,92,6,117,592,25.740541,84.824858,1.0,0,1.0,0,0,3,1,913,92.0,0,6,0.0,0,0.0,Communist Party of India - Maoist (CPI-Maoist)
65106,0,214,9,135,786,47.981647,37.762325,1.0,0,0.0,1,0,2,14,27,214.0,0,8,0.0,-9,0.0,Donetsk People's Republic
53980,0,182,11,75,350,10.9833,49.1667,1.0,0,1.0,1,0,3,4,48,182.0,0,6,10.0,1,0.0,Al-Shabaab
82863,1,147,11,166,1035,7.353332,6.110294,3.0,0,0.0,1,0,6,3,1349,147.0,0,5,0.0,0,1.0,Fulani extremists
51277,0,95,10,34,211,36.373718,42.451778,2.0,0,1.0,1,0,3,14,13,95.0,0,6,7.0,1,0.0,Al-Qaida in Iraq
50066,0,153,6,484,2714,34.006004,71.53743,1.0,0,0.0,1,0,2,14,13,153.0,0,6,5.0,1,0.0,Tehrik-i-Taliban Pakistan (TTP)
19373,0,159,3,489,2818,-6.779131,-79.83942,1.0,0,0.0,1,0,3,1,3330,159.0,0,6,0.0,1,0.0,Tupac Amaru Revolutionary Movement (MRTA)
80757,1,182,11,75,334,9.757036,49.374049,2.0,0,0.0,1,1,6,4,427,182.0,0,6,77.0,1,1.0,Al-Shabaab
72607,0,209,10,207,1396,37.372713,41.93286,3.0,0,0.0,1,0,3,3,409,209.0,0,6,1.0,1,0.0,Kurdistan Workers' Party (PKK)
73218,0,4,6,477,2633,37.459588,69.52422,3.0,0,1.0,1,0,2,14,27,4.0,0,6,2.0,0,0.0,Taliban
2623,0,185,8,90,438,43.303261,-2.204363,1.0,0,0.0,1,0,1,1,771,185.0,0,5,1.0,0,0.0,Basque Fatherland and Freedom (ETA)
25560,0,186,6,203,1488,7.689011,81.72947,1.0,0,0.0,1,0,2,15,1793,186.0,0,5,30.0,1,0.0,Liberation Tigers of Tamil Eelam (LTTE)
29490,0,69,8,129,754,48.113475,-1.675708,1.0,0,1.0,1,0,3,2,1099,69.0,0,6,0.0,1,0.0,Corsican National Liberation Front (FLNC)
23075,0,183,11,19,129,-26.371483,28.408806,1.0,0,0.0,0,0,3,3,229,183.0,0,6,1.0,1,0.0,African National Congress (South Africa)
48850,0,95,10,30,177,33.303566,44.371773,1.0,0,1.0,1,0,3,1,344,95.0,0,6,1.0,1,0.0,Al-Qaida in Iraq
76818,0,92,6,117,636,24.441105,84.548528,1.0,0,0.0,1,0,2,3,959,92.0,0,5,1.0,0,0.0,Communist Party of India - Maoist (CPI-Maoist)
39508,0,186,6,203,1442,8.577826,81.218719,1.0,0,0.0,1,0,2,4,1754,186.0,0,5,4.0,-9,0.0,Liberation Tigers of Tamil Eelam (LTTE)
26142,0,92,6,316,2488,30.210994,74.945474,1.0,0,0.0,1,0,1,14,2971,92.0,0,5,2.0,0,0.0,Sikh Extremists
28913,0,61,2,142,916,13.502357,-88.923425,1.0,0,1.0,1,0,3,21,1302,61.0,0,6,0.0,1,0.0,Farabundo Marti National Liberation Front (FMLN)
62762,0,147,11,110,947,9.27114,8.942915,1.0,0,0.0,1,0,2,14,27,147.0,0,5,5.0,1,0.0,Fulani extremists
39215,0,69,8,126,745,41.591369,9.278311,1.0,0,0.0,0,0,3,3,1082,69.0,0,6,0.0,0,0.0,Corsican National Liberation Front (FLNC)
83523,0,92,6,117,582,25.078006,86.222193,1.0,0,0.0,1,0,1,2,904,92.0,0,9,1.0,-9,1.0,Communist Party of India - Maoist (CPI-Maoist)
45006,0,153,6,485,2727,33.590603,71.44062,1.0,0,0.0,1,0,3,1,3203,153.0,0,6,3.0,1,0.0,Tehrik-i-Taliban Pakistan (TTP)
16263,0,159,3,432,2397,-13.152712,-74.218628,1.0,0,0.0,1,0,3,2,2831,159.0,0,6,0.0,1,0.0,Shining Path (SL)
20873,0,43,3,254,1558,-38.734133,-72.584651,1.0,0,1.0,1,0,3,21,1958,43.0,0,6,0.0,1,0.0,Manuel Rodriguez Patriotic Front (FPMR)
17972,0,186,6,203,1436,8.457907,81.268402,1.0,0,1.0,1,0,7,1,879,186.0,0,8,0.0,1,0.0,Muslim extremists
81967,0,182,11,75,353,11.000551,49.02069,1.0,1,0.0,1,0,2,4,427,182.0,0,6,1.0,0,0.0,Al-Shabaab
76627,0,95,10,33,1245,34.458684,43.795649,3.0,0,0.0,1,0,3,14,603,95.0,0,6,0.0,1,0.0,Islamic State of Iraq and the Levant (ISIL)
29435,0,159,3,256,1562,-11.967368,-76.978462,1.0,0,0.0,1,0,3,7,3378,59.0,0,6,0.0,1,0.0,Tupac Amaru Revolutionary Movement (MRTA)
7558,0,183,11,18,97,-29.861824,31.008293,1.0,0,0.0,1,0,3,21,197,183.0,0,6,0.0,1,0.0,African National Congress (South Africa)
25459,0,159,3,256,1562,-11.967368,-76.978462,1.0,0,0.0,1,0,3,2,3362,159.0,0,5,0.0,1,0.0,Tupac Amaru Revolutionary Movement (MRTA)
15240,0,159,3,256,2438,-12.38394,-76.136119,1.0,0,0.0,1,0,3,19,2893,159.0,0,6,0.0,1,0.0,Shining Path (SL)
58391,0,182,11,63,304,2.059819,45.326115,1.0,0,1.0,1,0,3,2,569,182.0,0,6,0.0,0,0.0,Al-Shabaab
19612,0,183,11,19,155,-26.267342,28.121495,1.0,0,0.0,1,0,1,2,282,183.0,0,5,1.0,0,0.0,African National Congress (South Africa)
66265,1,147,11,158,1011,7.887778,9.556389,1.0,0,0.0,1,0,6,14,27,147.0,0,9,1.0,0,1.0,Fulani extremists
70494,0,182,11,63,304,2.059819,45.326115,1.0,0,0.0,1,0,2,2,574,182.0,0,5,2.0,1,0.0,Al-Shabaab
51657,0,228,10,49,279,13.883333,45.866667,2.0,0,0.0,1,1,3,14,13,228.0,0,6,5.0,-9,0.0,Al-Qaida in the Arabian Peninsula (AQAP)
77138,0,173,10,58,1134,17.554939,44.232357,1.0,0,0.0,1,0,2,14,841,173.0,0,6,0.0,-9,0.0,Houthi extremists (Ansar Allah)
47622,0,182,11,63,304,2.059819,45.326115,1.0,0,0.0,0,1,1,2,596,182.0,0,6,7.0,1,0.0,Al-Shabaab
54213,0,153,6,389,2780,34.320023,71.399002,1.0,1,0.0,1,0,3,17,3266,153.0,0,6,0.0,0,0.0,Tehrik-i-Taliban Pakistan (TTP)
21225,0,92,6,316,2525,31.770833,74.888333,1.0,0,0.0,1,0,1,14,3019,92.0,0,5,3.0,0,0.0,Sikh Extremists
71615,0,60,10,267,1724,31.250196,34.24128,1.0,0,0.0,1,0,2,4,345,60.0,0,5,1.0,0,0.0,Muslim extremists
18070,0,159,3,441,2427,-7.665171,-76.787363,1.0,0,0.0,1,0,2,14,2885,159.0,0,5,15.0,1,0.0,Shining Path (SL)
54898,0,95,10,31,217,33.548306,44.415733,1.0,0,1.0,1,0,3,1,361,95.0,0,6,4.0,1,0.0,Al-Qaida in Iraq
33149,0,45,3,326,1832,6.242026,-75.564766,1.0,0,1.0,1,0,3,1,2208,45.0,0,6,0.0,1,0.0,National Liberation Army of Colombia (ELN)
19309,0,43,3,250,1550,-33.366238,-70.505302,1.0,0,0.0,1,0,1,3,1937,43.0,0,5,1.0,0,0.0,Manuel Rodriguez Patriotic Front (FPMR)
19640,0,159,3,432,2428,-13.597387,-74.154865,1.0,0,0.0,1,0,1,4,2887,159.0,0,5,2.0,0,0.0,Shining Path (SL)
22308,0,183,11,19,127,-26.286807,28.400863,1.0,0,0.0,1,0,3,3,235,183.0,0,6,0.0,1,0.0,African National Congress (South Africa)
10494,0,45,3,326,1832,6.242026,-75.564766,1.0,0,0.0,1,0,2,2,2218,45.0,0,5,0.0,0,1.0,National Liberation Army of Colombia (ELN)
15867,0,61,2,145,862,13.676944,-89.279722,1.0,0,0.0,1,0,1,2,1242,61.0,0,5,1.0,0,0.0,Farabundo Marti National Liberation Front (FMLN)
59350,0,228,10,45,236,12.825647,44.846416,1.0,0,0.0,1,1,3,4,373,228.0,0,6,11.0,1,0.0,Al-Qaida in the Arabian Peninsula (AQAP)
50182,0,228,10,45,236,12.825647,44.846416,1.0,0,0.0,1,0,3,21,516,228.0,0,6,0.0,1,0.0,Al-Qaida in the Arabian Peninsula (AQAP)
41553,0,4,6,465,2587,34.516895,69.147011,1.0,0,0.0,1,0,3,2,3125,4.0,0,6,0.0,-9,0.0,Taliban
69538,0,209,10,212,1336,40.871254,43.458685,1.0,1,0.0,1,0,3,4,48,209.0,0,6,4.0,-9,0.0,Kurdistan Workers' Party (PKK)
21664,0,43,3,257,1564,-19.204722,-68.901111,3.0,0,0.0,1,0,3,21,1234,43.0,0,6,0.0,1,0.0,Manuel Rodriguez Patriotic Front (FPMR)
19892,0,183,11,19,96,-26.184113,28.033232,1.0,0,0.0,1,0,3,14,206,183.0,0,6,2.0,1,0.0,African National Congress (South Africa)
6569,0,69,8,133,772,42.615508,8.907482,1.0,0,0.0,1,0,3,14,1148,69.0,0,6,0.0,1,0.0,Corsican National Liberation Front (FLNC)
