,extended,country,region,provstate,city,latitude,longitude,specificity,vicinity,multiple,success,suicide,attacktype1,targtype1,target1,natlty1,individual,weaptype1,nkill,property,ishostkid,gname
11551,0,185,8,94,531,42.815372,-1.653616,1.0,0,0.0,1,0,7,19,1009,69.0,0,8,0.0,1,0.0,Basque Fatherland and Freedom (ETA)
67680,0,200,10,205,1707,34.558525,38.293671,1.0,0,1.0,1,0,3,14,890,200.0,0,6,5.0,-9,0.0,Islamic State of Iraq and the Levant (ISIL)
69380,1,147,11,108,714,10.880887,12.503084,2.0,1,0.0,1,0,6,14,559,147.0,0,5,4.0,1,1.0,Boko Haram
49346,0,92,6,126,790,23.806818,84.296339,2.0,0,0.0,1,0,6,14,1310,92.0,0,9,1.0,0,1.0,Communist Party of India - Maoist (CPI-Maoist)
28019,0,92,6,337,3433,30.672393,74.755048,1.0,1,0.0,1,0,2,3,562,92.0,0,5,2.0,1,0.0,Sikh Extremists
31904,0,45,3,366,2500,7.116294,-73.120026,1.0,0,0.0,1,0,3,1,3160,45.0,0,6,0.0,1,0.0,National Liberation Army of Colombia (ELN)
10028,0,97,10,458,3043,31.771599,35.2034,1.0,0,0.0,0,0,3,19,1153,97.0,0,6,0.0,0,0.0,Palestinians
73631,0,182,11,66,414,1.808302,44.695141,1.0,1,0.0,1,0,2,4,162,182.0,0,6,1.0,1,0.0,Al-Shabaab
11064,0,183,11,19,168,-26.250692,28.441941,1.0,1,0.0,0,0,3,19,334,183.0,0,6,0.0,1,0.0,African National Congress (South Africa)
27910,0,159,3,479,3367,-15.84065,-70.027891,1.0,0,0.0,1,0,3,2,4184,159.0,0,6,0.0,1,0.0,Shining Path (SL)
79632,0,95,10,37,254,36.354145,43.14357,1.0,0,0.0,1,0,3,14,486,95.0,0,6,7.0,1,0.0,Islamic State of Iraq and the Levant (ISIL)
54941,0,228,10,52,312,13.560833,46.156389,1.0,0,0.0,1,0,2,17,639,228.0,0,5,1.0,0,0.0,Al-Qaida in the Arabian Peninsula (AQAP)
81824,0,209,10,225,1850,37.080181,41.220196,1.0,1,0.0,1,0,2,4,2424,209.0,0,5,0.0,-9,0.0,Kurdistan Workers' Party (PKK)
46632,0,153,6,534,3782,35.202293,71.873006,1.0,1,0.0,1,1,3,15,4644,153.0,0,6,31.0,-9,0.0,Tehrik-i-Taliban Pakistan (TTP)
19833,0,92,6,337,3405,30.898024,75.860077,1.0,0,0.0,1,0,1,3,1653,92.0,0,5,2.0,0,0.0,Sikh Extremists
64666,0,113,10,289,2450,30.75711,18.195799,1.0,0,0.0,1,0,3,3,85,113.0,0,6,0.0,-9,0.0,Muslim extremists
12850,0,159,3,277,2118,-11.967368,-76.978462,1.0,0,0.0,1,0,3,1,4834,159.0,0,6,0.0,1,0.0,Tupac Amaru Revolutionary Movement (MRTA)
62439,0,228,10,57,1562,16.107723,44.680109,2.0,0,0.0,1,0,1,22,2005,228.0,0,5,1.0,0,0.0,Houthi extremists (Ansar Allah)
25480,0,43,3,271,2106,-33.366238,-70.505302,1.0,0,0.0,1,0,2,1,2720,43.0,0,5,0.0,1,0.0,Manuel Rodriguez Patriotic Front (FPMR)
83017,0,147,11,113,638,10.806326,13.458091,1.0,0,0.0,1,0,3,4,559,147.0,0,6,45.0,-9,0.0,Boko Haram
32404,0,45,3,362,2498,6.242026,-75.564766,1.0,0,0.0,1,0,3,8,3151,45.0,0,6,0.0,1,0.0,National Liberation Army of Colombia (ELN)
23556,0,159,3,277,3358,-12.00603,-76.904107,1.0,0,0.0,1,0,6,2,4166,159.0,0,5,0.0,0,1.0,Shining Path (SL)
78382,1,147,11,113,1428,9.398333,12.364167,1.0,0,1.0,1,0,6,14,27,147.0,0,5,3.0,0,1.0,Fulani extremists
25332,0,209,10,222,1814,37.330592,42.187274,1.0,0,0.0,1,0,2,3,559,209.0,0,5,1.0,1,0.0,Kurdistan Workers' Party (PKK)
13772,0,69,8,135,24,41.919593,8.737687,4.0,0,1.0,1,0,3,1,1555,69.0,0,6,0.0,1,0.0,Corsican National Liberation Front (FLNC)
53177,0,182,11,65,401,3.115641,43.64658,1.0,0,0.0,1,0,3,14,854,182.0,0,6,1.0,0,0.0,Al-Shabaab
52728,0,95,10,36,293,34.366667,43.816667,1.0,0,0.0,1,0,2,3,12,95.0,0,5,2.0,0,0.0,Al-Qaida in Iraq
81257,0,209,10,237,1893,37.985293,44.045207,3.0,0,0.0,1,0,3,4,559,209.0,0,6,1.0,1,0.0,Kurdistan Workers' Party (PKK)
68150,0,4,6,522,3661,34.24102,62.686585,2.0,0,0.0,1,0,2,3,20,4.0,0,5,1.0,0,0.0,Taliban
37269,1,45,3,369,3163,10.411301,-74.405661,4.0,0,1.0,1,0,6,1,3883,45.0,0,5,1.0,0,1.0,Revolutionary Armed Forces of Colombia (FARC)
58197,0,4,6,514,3571,31.826695,64.56407,2.0,0,0.0,1,0,2,14,4455,4.0,0,5,3.0,-9,0.0,Taliban
25867,0,209,10,223,1873,37.526944,44.168889,1.0,0,0.0,1,0,2,14,2405,209.0,0,5,3.0,1,0.0,Kurdistan Workers' Party (PKK)
27900,0,159,3,481,3310,-14.054639,-73.088412,3.0,0,0.0,1,0,2,2,4100,159.0,0,5,8.0,1,0.0,Shining Path (SL)
23910,0,97,10,462,3097,32.486571,35.103314,1.0,0,0.0,1,0,3,14,3669,97.0,0,6,0.0,1,0.0,Palestinians
60337,0,228,10,57,353,16.033225,44.766555,3.0,0,0.0,1,1,3,17,20,228.0,0,6,4.0,0,0.0,Al-Qaida in the Arabian Peninsula (AQAP)
30765,0,159,3,277,2118,-11.967368,-76.978462,1.0,0,0.0,1,0,3,14,4140,159.0,0,6,3.0,1,0.0,Shining Path (SL)
62559,0,95,10,42,1748,32.870514,44.29695,2.0,0,0.0,1,0,3,17,2315,95.0,0,6,1.0,0,0.0,Islamic State of Iraq and the Levant (ISIL)
80432,0,95,10,36,1718,33.669458,44.381155,2.0,0,0.0,1,0,3,4,48,95.0,0,6,1.0,0,0.0,Islamic State of Iraq and the Levant (ISIL)
11663,0,92,6,337,24,31.147131,75.341218,4.0,0,0.0,1,0,2,14,4305,92.0,0,5,5.0,1,0.0,Sikh Extremists
57135,0,45,3,368,2557,7.027175,-71.427448,1.0,0,0.0,1,0,6,21,3187,45.0,0,5,0.0,0,1.0,National Liberation Army of Colombia (ELN)
59136,0,182,11,73,436,3.151721,42.489719,1.0,0,0.0,1,0,3,1,512,182.0,0,6,1.0,1,0.0,Al-Shabaab
43335,0,186,6,79,1973,7.785857,81.589802,1.0,0,0.0,1,0,3,4,2486,186.0,0,6,3.0,-9,0.0,Liberation Tigers of Tamil Eelam (LTTE)
66814,1,4,6,506,3570,36.70993,67.1157,1.0,0,0.0,1,1,5,2,4454,4.0,0,6,14.0,1,1.0,Taliban
63024,0,147,11,108,735,10.485807,12.356241,1.0,0,1.0,1,0,7,14,27,147.0,0,8,6.0,1,0.0,Boko Haram
70098,0,147,11,118,1290,9.542234,8.899672,2.0,0,1.0,1,0,2,14,13,147.0,0,5,2.0,0,0.0,Fulani extremists
47199,0,92,6,126,783,24.179793,86.306772,3.0,0,0.0,1,0,3,19,1345,92.0,0,6,0.0,1,0.0,Communist Party of India - Maoist (CPI-Maoist)
49078,0,92,6,128,914,22.870022,86.476908,1.0,0,0.0,1,0,2,2,1445,92.0,0,9,1.0,0,0.0,Communist Party of India - Maoist (CPI-Maoist)
51697,0,182,11,73,410,3.503923,42.236244,2.0,0,0.0,1,0,1,2,833,182.0,0,9,1.0,0,0.0,Al-Shabaab
41119,0,45,3,469,3242,1.61456,-75.6053,1.0,0,0.0,1,0,3,1,3988,45.0,0,6,11.0,-9,0.0,Revolutionary Armed Forces of Colombia (FARC)
23734,0,92,6,337,24,31.147131,75.341218,4.0,0,0.0,1,0,1,8,4277,92.0,0,5,2.0,0,0.0,Sikh Extremists
64776,0,228,10,182,1558,15.635556,44.323889,2.0,0,1.0,1,0,3,14,854,228.0,0,6,0.0,1,0.0,Houthi extremists (Ansar Allah)
70762,0,92,6,127,836,18.792596,80.813556,1.0,0,0.0,1,0,3,4,2943,92.0,0,6,0.0,0,0.0,Maoists
44329,0,95,10,36,252,34.208416,43.890713,1.0,0,0.0,0,0,2,4,487,217.0,0,5,6.0,0,0.0,Al-Qaida in Iraq
41994,0,95,10,33,247,33.303566,44.371773,1.0,0,0.0,1,1,3,14,492,217.0,0,6,22.0,1,0.0,Al-Qaida in Iraq
45545,0,185,8,91,546,43.442153,-3.453193,1.0,0,0.0,1,0,3,4,1011,185.0,0,6,1.0,1,0.0,Basque Fatherland and Freedom (ETA)
21948,0,92,6,337,3417,31.787766,75.601895,1.0,0,0.0,1,0,1,14,4252,92.0,0,5,4.0,0,0.0,Sikh Extremists
26355,0,185,8,86,509,43.258434,-2.921819,1.0,0,0.0,1,0,3,3,1106,185.0,0,6,0.0,1,0.0,Basque Fatherland and Freedom (ETA)
5210,0,69,8,136,131,48.856644,2.34233,1.0,0,0.0,1,0,3,1,765,69.0,0,6,0.0,1,0.0,Corsican National Liberation Front (FLNC)
46064,1,182,11,65,401,3.115641,43.64658,1.0,0,0.0,1,0,2,2,848,182.0,0,5,0.0,-9,1.0,Al-Shabaab
40716,0,160,5,394,2639,7.437136,125.812182,1.0,0,1.0,1,0,7,8,3334,160.0,0,8,0.0,1,0.0,New People's Army (NPA)
42844,0,160,5,1,22,6.050458,121.012245,1.0,0,0.0,1,0,3,14,6,160.0,0,6,9.0,1,0.0,Abu Sayyaf Group (ASG)
55099,0,153,6,468,3800,25.389288,68.357338,1.0,0,0.0,1,0,1,22,4645,153.0,0,5,1.0,0,0.0,Tehrik-i-Taliban Pakistan (TTP)
45782,0,153,6,534,3731,34.006004,71.53743,1.0,0,0.0,1,0,3,2,4695,153.0,0,6,0.0,-9,0.0,Tehrik-i-Taliban Pakistan (TTP)
53024,0,4,6,509,3582,32.37001,62.128456,1.0,0,0.0,1,0,2,2,4464,4.0,0,5,2.0,1,0.0,Taliban
14443,0,61,2,150,1209,14.15695,-89.011475,1.0,0,1.0,1,0,3,4,1793,61.0,0,6,1.0,1,0.0,Farabundo Marti National Liberation Front (FMLN)
80788,1,147,11,177,1368,7.084237,6.239724,1.0,0,1.0,1,0,6,14,13,147.0,0,5,1.0,0,1.0,Fulani extremists
26787,0,185,8,87,573,36.719648,-4.420016,1.0,0,0.0,1,0,3,3,1079,185.0,0,6,0.0,1,0.0,Basque Fatherland and Freedom (ETA)
49869,1,160,5,4,10,6.887752,122.154588,1.0,0,0.0,1,0,6,14,11,217.0,0,5,0.0,0,1.0,Abu Sayyaf Group (ASG)
30716,0,209,10,222,1854,37.340288,41.892628,1.0,1,0.0,1,0,2,19,549,209.0,0,5,3.0,1,0.0,Kurdistan Workers' Party (PKK)
60793,0,92,6,130,2142,21.111097,85.825586,1.0,0,0.0,0,0,3,4,0,92.0,0,6,0.0,0,0.0,Maoists
19444,0,159,3,277,2118,-11.967368,-76.978462,1.0,0,1.0,1,0,3,2,1171,159.0,0,6,0.0,1,0.0,Shining Path (SL)
60241,0,182,11,66,458,1.79,44.53,3.0,0,0.0,1,0,3,4,48,422.0,0,6,1.0,1,0.0,Al-Shabaab
66875,0,4,6,507,3556,31.631083,65.742226,1.0,0,0.0,1,0,3,3,559,4.0,0,6,1.0,1,0.0,Taliban
53046,0,228,10,58,337,13.063399,44.880882,1.0,0,1.0,1,0,2,4,20,228.0,0,6,0.0,0,0.0,Al-Qaida in the Arabian Peninsula (AQAP)
70207,0,160,5,13,2761,7.595785,125.105121,2.0,0,0.0,1,0,3,4,48,160.0,0,6,0.0,0,0.0,New People's Army (NPA)
22763,0,43,3,271,2106,-33.366238,-70.505302,1.0,0,0.0,1,0,3,4,2800,43.0,0,6,0.0,1,0.0,Manuel Rodriguez Patriotic Front (FPMR)
15004,0,183,11,19,155,-26.252697,27.870275,1.0,0,0.0,1,0,3,3,369,183.0,0,6,0.0,1,0.0,African National Congress (South Africa)
48118,0,45,3,361,3141,1.212936,-77.27471,1.0,0,0.0,1,0,3,2,3856,45.0,0,6,5.0,1,0.0,Revolutionary Armed Forces of Colombia (FARC)
16095,0,145,2,448,2917,12.71321,-86.511845,1.0,0,0.0,1,0,2,14,3554,145.0,0,5,1.0,1,0.0,Nicaraguan Democratic Force (FDN)
59284,0,160,5,1,86,6.027457,121.046,1.0,0,1.0,1,0,2,4,172,160.0,0,6,0.0,0,0.0,Abu Sayyaf Group (ASG)
15972,0,43,3,271,2106,-33.366238,-70.505302,1.0,0,0.0,1,0,3,2,1171,43.0,0,6,0.0,1,0.0,Manuel Rodriguez Patriotic Front (FPMR)
19191,0,92,6,337,3447,31.22402,75.770801,1.0,0,0.0,1,0,3,3,2560,92.0,0,6,0.0,1,0.0,Sikh Extremists
50888,0,147,11,115,634,11.974328,8.50026,1.0,1,1.0,0,0,3,20,6,147.0,0,6,0.0,0,0.0,Boko Haram
19495,0,92,6,285,3472,29.920753,74.207661,1.0,0,0.0,1,0,1,14,2601,92.0,0,5,5.0,0,0.0,Sikh Extremists
78341,0,147,11,119,1372,5.838492,6.158714,1.0,0,1.0,1,0,2,14,1926,147.0,0,9,3.0,0,0.0,Fulani extremists
51259,0,95,10,32,248,34.160587,42.37254,1.0,0,1.0,1,0,2,3,20,95.0,0,5,14.0,0,0.0,Al-Qaida in Iraq
65437,0,214,9,145,1068,47.981647,37.762325,1.0,0,0.0,1,0,3,19,1254,214.0,0,6,8.0,-9,0.0,Donetsk People's Republic
23995,0,43,3,271,2106,-33.366238,-70.505302,1.0,0,0.0,1,0,3,3,1185,43.0,0,6,0.0,1,0.0,Manuel Rodriguez Patriotic Front (FPMR)
17932,0,159,3,477,3309,-12.955214,-74.252729,1.0,0,1.0,1,0,3,21,2767,159.0,0,6,0.0,1,0.0,Shining Path (SL)
31838,0,155,10,456,3043,31.784838,35.224613,1.0,1,0.0,1,0,8,19,56,97.0,0,9,0.0,1,0.0,Palestinians
4653,0,155,10,456,3080,31.764162,35.2577,1.0,0,0.0,1,0,3,14,3704,97.0,0,6,0.0,1,0.0,Palestinians
16076,0,159,3,277,2118,-11.967368,-76.978462,1.0,0,1.0,1,0,3,9,4850,159.0,0,6,0.0,1,0.0,Tupac Amaru Revolutionary Movement (MRTA)
29200,0,92,6,287,24,26.846709,80.946159,4.0,0,0.0,1,0,2,14,4357,92.0,0,5,10.0,0,0.0,Sikh Extremists
59138,0,104,11,84,464,-4.041179,39.677612,1.0,0,0.0,0,0,3,3,524,104.0,0,6,0.0,0,0.0,Al-Shabaab
5709,0,97,10,458,3043,31.771599,35.2034,1.0,0,0.0,1,0,3,7,3654,422.0,0,6,0.0,1,0.0,Palestinians
69328,0,209,10,232,1823,37.922218,40.184376,1.0,0,0.0,0,0,2,14,1263,209.0,0,5,0.0,0,0.0,Kurdistan Workers' Party (PKK)
11783,0,61,2,158,1190,13.558889,-88.43,1.0,0,0.0,1,0,2,4,1797,61.0,0,5,1.0,1,0.0,Farabundo Marti National Liberation Front (FMLN)
65703,0,147,11,166,1286,7.689167,9.250278,3.0,0,1.0,1,0,2,14,27,147.0,0,5,1.0,1,0.0,Fulani extremists
66554,0,92,6,127,2218,18.79771,80.812864,2.0,1,0.0,1,0,3,3,2915,92.0,0,6,0.0,0,0.0,Maoists
12723,0,145,2,451,2949,11.683333,-84.95,1.0,0,0.0,1,0,2,4,1762,145.0,0,5,1.0,1,0.0,Nicaraguan Democratic Force (FDN)
25162,0,186,6,261,1977,8.834273,80.051047,1.0,0,0.0,1,0,6,3,1068,186.0,0,5,90.0,1,0.0,Liberation Tigers of Tamil Eelam (LTTE)
59507,1,228,10,185,1521,15.667495,43.950701,1.0,0,0.0,1,0,4,4,20,228.0,0,6,5.0,1,1.0,Houthi extremists (Ansar Allah)
59085,0,147,11,110,644,11.485018,12.311891,1.0,0,0.0,1,0,2,14,1231,147.0,0,6,9.0,0,0.0,Boko Haram
8491,0,61,2,149,1150,13.69288,-89.199161,1.0,0,0.0,1,0,2,14,1823,61.0,0,5,1.0,1,0.0,Farabundo Marti National Liberation Front (FMLN)
52287,0,95,10,32,246,33.31065,44.038208,1.0,1,1.0,1,0,3,3,12,95.0,0,6,0.0,0,0.0,Al-Qaida in Iraq
66751,0,60,10,292,236,31.105773,29.764839,1.0,0,0.0,1,0,2,15,1211,60.0,0,5,0.0,0,0.0,Muslim extremists
43134,0,4,6,514,3671,30.550198,63.78606,1.0,0,0.0,1,0,2,3,4520,4.0,0,5,0.0,-9,0.0,Taliban
56101,0,95,10,33,247,33.303566,44.371773,1.0,0,1.0,1,0,3,14,13,95.0,0,6,4.0,1,0.0,Islamic State of Iraq and the Levant (ISIL)
17998,0,43,3,271,2106,-33.366238,-70.505302,1.0,0,0.0,1,0,3,3,2730,43.0,0,6,0.0,1,0.0,Manuel Rodriguez Patriotic Front (FPMR)
75641,0,228,10,60,350,13.586484,44.024105,1.0,0,1.0,1,0,3,14,925,228.0,0,6,0.0,-9,0.0,Houthi extremists (Ansar Allah)
20437,0,186,6,261,1974,9.666399,80.020477,1.0,0,0.0,1,0,3,4,2517,186.0,0,6,3.0,1,0.0,Liberation Tigers of Tamil Eelam (LTTE)
19085,0,160,5,7,2625,7.515731,123.172442,3.0,0,0.0,1,0,2,4,3325,160.0,0,5,4.0,1,0.0,New People's Army (NPA)
12879,0,69,8,143,1043,45.764043,4.835659,1.0,0,0.0,0,0,3,1,1631,69.0,0,6,0.0,0,0.0,Corsican National Liberation Front (FLNC)
63117,1,228,10,55,376,14.299835,45.219672,1.0,0,0.0,1,0,6,4,753,228.0,0,6,0.0,0,1.0,Al-Qaida in the Arabian Peninsula (AQAP)
58357,0,147,11,112,620,11.063275,7.700373,1.0,0,0.0,1,0,2,15,1212,147.0,0,5,3.0,1,0.0,Boko Haram
9567,0,159,3,277,3334,-13.06098,-76.353028,1.0,0,0.0,1,0,3,20,4130,159.0,0,6,0.0,1,0.0,Shining Path (SL)
77118,0,228,10,182,1537,15.633333,44.583333,3.0,0,1.0,1,0,2,17,1981,228.0,0,6,0.0,-9,0.0,Houthi extremists (Ansar Allah)
64356,0,92,6,131,2143,17.408542,82.715443,1.0,1,0.0,1,0,3,3,2857,92.0,0,6,0.0,0,0.0,Maoists
18097,0,160,5,401,2755,13.922197,122.595477,1.0,0,0.0,1,0,2,19,989,160.0,0,5,0.0,1,0.0,New People's Army (NPA)
11149,0,61,2,148,1219,13.496216,-87.825074,1.0,0,0.0,1,0,2,4,1772,61.0,0,5,1.0,1,0.0,Farabundo Marti National Liberation Front (FMLN)
37277,0,6,10,324,2414,36.77513,5.59993,1.0,0,1.0,1,0,3,4,3070,6.0,0,6,4.0,0,0.0,Muslim extremists
79380,0,123,11,168,2430,15.322121,0.74734,3.0,0,0.0,1,0,2,14,486,123.0,0,5,4.0,1,0.0,Muslim extremists
15346,0,43,3,271,2106,-33.366238,-70.505302,1.0,0,1.0,1,0,3,1,2701,43.0,0,6,0.0,1,0.0,Manuel Rodriguez Patriotic Front (FPMR)
18504,0,43,3,271,2106,-33.366238,-70.505302,1.0,0,0.0,1,0,3,21,2767,43.0,0,6,0.0,1,0.0,Manuel Rodriguez Patriotic Front (FPMR)
78355,0,228,10,53,314,15.325443,44.211895,1.0,0,0.0,1,0,5,14,13,228.0,0,5,0.0,0,1.0,Houthi extremists (Ansar Allah)
53285,0,228,10,50,318,14.54397,49.12458,1.0,1,1.0,1,0,3,4,48,228.0,0,6,1.0,1,0.0,Al-Qaida in the Arabian Peninsula (AQAP)
82294,0,95,10,37,1778,36.50589,42.375995,1.0,0,0.0,1,1,3,4,2333,95.0,0,6,12.0,1,0.0,Islamic State of Iraq and the Levant (ISIL)
64164,0,45,3,376,3235,3.173889,-76.259444,2.0,0,0.0,0,0,3,20,6,45.0,0,6,0.0,0,0.0,Revolutionary Armed Forces of Colombia (FARC)
59851,0,214,9,145,1068,47.981647,37.762325,1.0,0,0.0,1,0,6,14,1741,214.0,0,9,0.0,0,1.0,Donetsk People's Republic
12144,0,159,3,277,2118,-11.967368,-76.978462,1.0,0,0.0,0,0,1,3,4107,159.0,0,5,0.0,0,0.0,Shining Path (SL)
68478,0,4,6,516,3546,35.183083,70.986575,3.0,0,0.0,1,0,2,2,4442,4.0,0,5,38.0,1,0.0,Taliban
45646,0,92,6,128,799,22.404193,87.379866,3.0,0,0.0,1,0,3,14,1340,92.0,0,6,3.0,1,0.0,Communist Party of India - Maoist (CPI-Maoist)
21358,0,61,2,158,1201,13.344322,-88.437463,1.0,0,0.0,1,0,5,10,1809,61.0,0,5,0.0,1,0.0,Farabundo Marti National Liberation Front (FMLN)
20971,0,183,11,19,164,-26.1072,28.058292,1.0,0,0.0,1,0,3,21,309,183.0,0,6,0.0,1,0.0,African National Congress (South Africa)
19835,0,92,6,337,3418,31.633078,74.878288,1.0,0,0.0,1,0,2,14,4374,92.0,0,5,2.0,1,0.0,Sikh Extremists
30236,0,45,3,362,2498,6.242026,-75.564766,1.0,0,1.0,1,0,3,1,1088,45.0,0,6,1.0,1,0.0,National Liberation Army of Colombia (ELN)
58663,0,160,5,402,2705,6.154806,125.29006,1.0,0,0.0,1,0,2,4,3381,160.0,0,5,1.0,1,0.0,New People's Army (NPA)
27331,0,61,2,147,1156,13.883333,-88.966667,1.0,0,0.0,1,0,2,4,1847,61.0,0,5,0.0,1,0.0,Farabundo Marti National Liberation Front (FMLN)
44263,0,186,6,261,2064,8.86656,80.5093,1.0,0,0.0,1,0,3,3,2591,186.0,0,6,0.0,-9,0.0,Liberation Tigers of Tamil Eelam (LTTE)
64149,0,200,10,213,1770,35.333061,40.138737,1.0,1,0.0,1,0,2,4,2325,200.0,0,5,1.0,1,0.0,Islamic State of Iraq and the Levant (ISIL)
23040,0,155,10,325,2354,31.278791,34.256435,1.0,0,0.0,0,0,1,14,3711,155.0,0,9,0.0,0,0.0,Palestinians
36302,0,45,3,359,2544,7.927696,-72.508479,1.0,0,0.0,1,0,3,3,175,45.0,0,6,1.0,1,0.0,National Liberation Army of Colombia (ELN)
31369,0,209,10,224,1837,38.405134,42.109333,1.0,1,0.0,1,0,2,4,162,209.0,0,5,11.0,1,0.0,Kurdistan Workers' Party (PKK)
28158,0,155,10,325,2354,31.278791,34.256435,1.0,0,0.0,1,0,3,1,3719,155.0,0,6,0.0,1,0.0,Palestinians
66399,0,113,10,311,2388,31.846124,12.229722,1.0,0,0.0,1,0,3,6,355,113.0,0,6,0.0,1,0.0,Muslim extremists
31941,0,69,8,135,24,41.918891,8.737554,4.0,0,1.0,1,0,3,2,560,69.0,0,6,0.0,1,0.0,Corsican National Liberation Front (FLNC)
9669,0,159,3,481,3310,-14.054639,-73.088412,3.0,0,0.0,1,0,2,3,2523,159.0,0,5,1.0,1,0.0,Shining Path (SL)
54288,0,95,10,33,247,33.325375,44.421896,2.0,0,1.0,1,0,3,3,559,95.0,0,6,0.0,1,0.0,Al-Qaida in Iraq
73622,0,182,11,74,428,4.73538,45.2024,1.0,0,0.0,1,0,3,15,215,182.0,0,6,2.0,1,0.0,Al-Shabaab
23552,0,159,3,277,2118,-11.967368,-76.978462,1.0,0,1.0,1,0,3,21,1761,159.0,0,6,0.0,1,0.0,Shining Path (SL)
16223,0,159,3,277,2118,-11.967368,-76.978462,1.0,0,0.0,1,0,3,7,4845,43.0,0,6,1.0,1,0.0,Tupac Amaru Revolutionary Movement (MRTA)
28749,0,92,6,337,3420,30.245796,75.842072,1.0,1,1.0,1,0,7,1,1088,92.0,0,8,0.0,1,0.0,Sikh Extremists
79860,0,182,11,66,445,2.142623,45.116717,3.0,0,0.0,1,0,3,4,869,422.0,0,6,0.0,1,0.0,Al-Shabaab
47512,0,92,6,125,920,25.296631,85.017377,1.0,0,0.0,1,0,3,19,1451,92.0,0,6,0.0,1,0.0,Communist Party of India - Maoist (CPI-Maoist)
17355,0,61,2,149,1150,13.69288,-89.199161,1.0,0,1.0,1,0,3,16,1795,61.0,0,6,0.0,1,0.0,Farabundo Marti National Liberation Front (FMLN)
20108,0,362,8,193,1629,51.213924,6.780691,1.0,0,0.0,1,0,3,4,2102,216.0,0,6,0.0,1,0.0,Irish Republican Army (IRA)
82939,0,228,10,53,314,15.325443,44.211895,1.0,0,0.0,1,0,7,7,260,195.0,0,5,0.0,1,0.0,Houthi extremists (Ansar Allah)
8241,0,61,2,158,1201,13.344322,-88.437463,1.0,0,0.0,1,0,2,14,1850,61.0,0,5,10.0,1,0.0,Farabundo Marti National Liberation Front (FMLN)
64839,0,147,11,112,1303,9.636866,8.499615,3.0,0,0.0,1,0,1,14,1917,147.0,0,5,1.0,1,0.0,Fulani extremists
1747,0,603,8,190,1603,54.607712,-5.95621,1.0,0,0.0,1,0,1,3,2157,233.0,0,5,1.0,0,0.0,Irish Republican Army (IRA)
7660,0,185,8,86,528,43.090476,-2.31322,1.0,0,0.0,1,0,3,21,1107,185.0,0,6,0.0,1,0.0,Basque Fatherland and Freedom (ETA)
53398,0,95,10,34,249,33.74324,44.623825,1.0,1,1.0,1,0,3,3,519,95.0,0,6,0.0,1,0.0,Al-Qaida in Iraq
75195,0,147,11,166,1393,7.350826,8.836276,2.0,0,1.0,1,0,2,14,27,147.0,0,5,1.0,0,0.0,Fulani extremists
49607,0,92,6,127,785,18.9,81.35,1.0,0,0.0,1,0,3,21,1456,92.0,0,6,0.0,1,0.0,Communist Party of India - Maoist (CPI-Maoist)
42209,0,186,6,215,1979,6.875271,81.830633,1.0,0,0.0,1,0,2,3,2492,186.0,0,5,2.0,-9,0.0,Liberation Tigers of Tamil Eelam (LTTE)
67091,0,214,9,145,1069,47.098835,37.81987,1.0,1,0.0,1,0,2,4,48,214.0,0,6,0.0,-9,0.0,Donetsk People's Republic
41713,0,173,10,59,343,21.543155,39.174905,1.0,0,0.0,1,0,2,7,688,217.0,0,6,9.0,-9,0.0,Al-Qaida in the Arabian Peninsula (AQAP)
53205,0,95,10,38,250,35.45211,44.375465,1.0,1,1.0,1,0,3,3,550,95.0,0,6,9.0,1,0.0,Al-Qaida in Iraq
77803,0,153,6,468,3130,24.891115,67.143311,1.0,0,1.0,1,0,1,3,4587,153.0,0,5,1.0,0,0.0,Tehrik-i-Taliban Pakistan (TTP)
61284,0,147,11,169,1375,7.853282,10.963859,3.0,0,1.0,1,0,2,14,27,147.0,0,5,7.0,1,0.0,Fulani extremists
78051,0,182,11,68,404,2.059819,45.326115,1.0,0,1.0,0,1,1,1,512,182.0,0,6,1.0,1,0.0,Al-Shabaab
60723,0,182,11,68,404,2.059819,45.326115,1.0,0,0.0,1,0,2,14,814,182.0,0,5,1.0,0,0.0,Al-Shabaab
14739,0,43,3,271,2106,-33.366238,-70.505302,1.0,0,0.0,1,0,3,2,2705,43.0,0,6,0.0,1,0.0,Manuel Rodriguez Patriotic Front (FPMR)
17641,0,92,6,287,3403,25.47283,82.570528,1.0,0,0.0,1,0,1,2,4239,92.0,0,5,3.0,0,0.0,Sikh Extremists
1418,0,603,8,190,1624,54.409928,-7.172562,1.0,0,0.0,1,0,1,14,2091,233.0,0,5,1.0,0,0.0,Irish Republican Army (IRA)
29062,0,92,6,287,24,26.846709,80.946159,4.0,0,0.0,1,0,1,14,4251,92.0,0,5,3.0,0,0.0,Sikh Extremists
58766,0,4,6,514,3665,31.65192,64.209541,3.0,0,0.0,1,1,3,4,559,422.0,0,6,2.0,1,0.0,Taliban
51541,0,153,6,468,3130,24.891115,67.143311,1.0,0,0.0,1,1,3,3,4622,153.0,0,6,5.0,1,0.0,Tehrik-i-Taliban Pakistan (TTP)
58644,0,113,10,328,2423,32.760422,22.635265,1.0,0,1.0,1,0,3,2,2895,113.0,0,6,0.0,1,0.0,Muslim extremists
15819,0,159,3,277,2118,-11.967368,-76.978462,1.0,0,0.0,1,0,3,1,4091,159.0,0,6,1.0,1,0.0,Shining Path (SL)
28271,0,159,3,277,2118,-11.967368,-76.978462,1.0,0,0.0,1,0,3,15,90,159.0,0,6,1.0,1,0.0,Shining Path (SL)
65704,0,147,11,166,1286,7.689167,9.250278,3.0,0,1.0,1,0,2,14,27,147.0,0,5,1.0,1,0.0,Fulani extremists
17417,0,145,2,437,2854,13.564251,-86.02984,1.0,0,1.0,1,0,3,16,3543,145.0,0,6,0.0,1,0.0,Nicaraguan Democratic Force (FDN)
11672,0,183,11,18,142,-29.156284,31.407625,1.0,0,0.0,1,0,3,3,274,183.0,0,6,1.0,1,0.0,African National Congress (South Africa)
54911,0,147,11,108,616,11.840929,13.141459,1.0,0,0.0,1,0,3,4,48,147.0,0,6,3.0,0,0.0,Boko Haram
2272,0,603,8,190,1603,54.607712,-5.95621,1.0,0,0.0,1,0,2,4,2078,233.0,0,5,1.0,0,0.0,Irish Republican Army (IRA)
20613,0,160,5,394,24,7.447973,125.810009,4.0,0,0.0,1,0,2,1,3433,160.0,0,5,6.0,1,0.0,New People's Army (NPA)
48743,0,92,6,132,917,17.248678,80.147376,2.0,0,0.0,1,0,6,14,1447,92.0,0,5,1.0,0,1.0,Communist Party of India - Maoist (CPI-Maoist)
50763,0,95,10,32,2407,33.31385,44.186691,1.0,0,1.0,1,0,3,14,13,95.0,0,6,7.0,-9,0.0,Muslim extremists
45443,0,153,6,534,3735,34.398573,72.06038,1.0,0,0.0,1,0,3,14,4566,153.0,0,6,8.0,1,0.0,Tehrik-i-Taliban Pakistan (TTP)
22727,0,43,3,270,2108,-33.010693,-71.527794,1.0,0,0.0,1,0,3,14,2779,43.0,0,6,0.0,1,0.0,Manuel Rodriguez Patriotic Front (FPMR)
53166,0,147,11,108,616,11.840929,13.141459,1.0,0,1.0,1,0,7,16,1214,147.0,0,8,4.0,1,0.0,Boko Haram
46461,0,92,6,127,907,18.68762,80.932388,2.0,0,0.0,1,0,3,21,1437,92.0,0,6,0.0,1,0.0,Communist Party of India - Maoist (CPI-Maoist)
64788,0,95,10,37,285,36.376823,42.448875,1.0,0,0.0,1,0,3,14,2299,95.0,0,6,0.0,1,0.0,Islamic State of Iraq and the Levant (ISIL)
53949,0,160,5,400,2654,10.916619,124.699994,1.0,0,0.0,1,0,2,4,3345,160.0,0,5,1.0,1,0.0,New People's Army (NPA)
53990,0,153,6,427,3752,32.306099,69.579956,1.0,0,0.0,1,1,3,4,4688,153.0,0,6,5.0,1,0.0,Tehrik-i-Taliban Pakistan (TTP)
74328,0,92,6,127,829,18.811097,80.803694,3.0,0,0.0,0,0,3,4,48,92.0,0,6,0.0,0,0.0,Maoists
65263,0,228,10,53,314,15.325443,44.211895,1.0,0,0.0,0,0,1,2,1961,228.0,0,5,0.0,-9,0.0,Houthi extremists (Ansar Allah)
60192,0,147,11,112,1409,10.152778,8.633611,2.0,0,0.0,1,0,2,14,1934,147.0,0,9,1.0,-9,0.0,Fulani extremists
21421,0,61,2,149,1150,13.69288,-89.199161,1.0,0,0.0,0,0,3,3,1796,61.0,0,6,0.0,1,0.0,Farabundo Marti National Liberation Front (FMLN)
12113,0,145,2,436,2895,13.45327,-86.029633,1.0,0,0.0,1,0,2,14,3538,145.0,0,5,13.0,1,0.0,Nicaraguan Democratic Force (FDN)
4845,0,69,8,140,1014,41.591369,9.278311,1.0,0,0.0,1,0,3,2,1601,69.0,0,6,0.0,1,0.0,Corsican National Liberation Front (FLNC)
76310,0,45,3,359,2489,8.251932,-73.353994,3.0,0,0.0,0,0,3,20,6,45.0,0,6,0.0,0,0.0,National Liberation Army of Colombia (ELN)
62534,0,110,10,206,2397,34.183155,36.442126,2.0,0,0.0,1,0,2,4,562,110.0,0,5,1.0,1,-9.0,Muslim extremists
10073,0,145,2,438,2956,13.362156,-86.39801,3.0,1,0.0,1,0,3,21,3591,145.0,0,6,0.0,1,0.0,Nicaraguan Democratic Force (FDN)
82651,0,160,5,415,2700,18.220096,121.827532,1.0,0,1.0,1,0,5,14,1231,160.0,0,5,0.0,1,1.0,New People's Army (NPA)
64764,0,160,5,1,2,6.066398,121.099947,1.0,0,0.0,0,0,2,4,65,160.0,0,5,0.0,0,0.0,Abu Sayyaf Group (ASG)
48762,0,228,10,52,24,13.683741,46.081752,4.0,0,0.0,1,0,1,3,747,228.0,0,5,1.0,-9,0.0,Al-Qaida in the Arabian Peninsula (AQAP)
47736,1,160,5,389,2664,7.364962,125.853401,1.0,0,0.0,1,0,2,14,13,160.0,0,5,1.0,0,1.0,New People's Army (NPA)
20090,0,183,11,19,136,-26.184113,28.033232,1.0,0,0.0,1,0,3,4,377,183.0,0,6,0.0,1,0.0,African National Congress (South Africa)
19587,0,92,6,337,3425,31.326015,75.576183,1.0,0,0.0,1,0,1,14,4261,92.0,0,5,5.0,0,0.0,Sikh Extremists
63447,0,104,11,67,406,3.938715,41.844707,1.0,0,0.0,0,0,1,2,857,104.0,0,6,0.0,1,0.0,Al-Shabaab
62894,0,160,5,0,5,6.660501,122.138992,1.0,0,0.0,1,0,3,21,100,160.0,0,6,0.0,1,0.0,Abu Sayyaf Group (ASG)
27463,0,159,3,480,3329,-14.789584,-71.412125,1.0,0,0.0,1,0,1,2,4120,159.0,0,5,2.0,0,0.0,Shining Path (SL)
27980,0,155,10,325,2354,31.278791,34.256435,1.0,0,0.0,0,0,1,14,3738,97.0,0,9,0.0,0,0.0,Palestinians
50074,0,92,6,130,864,18.364195,81.892418,1.0,0,0.0,1,0,7,1,1386,92.0,0,8,0.0,1,0.0,Communist Party of India - Maoist (CPI-Maoist)
29601,0,92,6,337,3420,30.245796,75.842072,1.0,0,0.0,1,0,3,19,1106,92.0,0,6,0.0,1,0.0,Sikh Extremists
31834,0,159,3,277,2118,-11.967368,-76.978462,1.0,0,0.0,1,0,3,2,4049,159.0,0,6,0.0,1,0.0,Shining Path (SL)
61934,0,214,9,145,1068,47.981647,37.762325,1.0,0,0.0,1,0,3,2,1698,214.0,0,6,1.0,1,0.0,Donetsk People's Republic
47120,0,92,6,128,940,25.078282,87.934679,1.0,0,0.0,1,0,2,22,560,92.0,0,5,15.0,0,0.0,Communist Party of India - Maoist (CPI-Maoist)
15825,0,159,3,277,2118,-11.967368,-76.978462,1.0,0,0.0,1,0,2,4,4085,159.0,0,8,1.0,1,0.0,Shining Path (SL)
62013,0,182,11,66,411,2.14383,45.118061,1.0,0,0.0,1,0,3,2,883,182.0,0,6,0.0,1,0.0,Al-Shabaab
69528,0,173,10,184,24,16.887294,42.565977,4.0,0,0.0,1,0,3,3,2007,173.0,0,6,2.0,0,0.0,Houthi extremists (Ansar Allah)
6876,0,61,2,150,1226,13.965554,-88.892274,1.0,0,0.0,1,0,2,4,1772,61.0,0,5,47.0,1,0.0,Farabundo Marti National Liberation Front (FMLN)
48043,0,92,6,126,848,22.610968,84.502431,3.0,0,0.0,1,0,2,2,1369,92.0,0,5,1.0,1,0.0,Communist Party of India - Maoist (CPI-Maoist)
55386,1,153,6,337,3799,30.203894,71.45771,1.0,0,0.0,1,0,6,22,4651,153.0,0,5,2.0,0,1.0,Tehrik-i-Taliban Pakistan (TTP)
54472,0,153,6,427,3786,33.654339,70.183861,1.0,0,0.0,1,0,3,7,4624,422.0,0,6,2.0,0,0.0,Tehrik-i-Taliban Pakistan (TTP)
53860,0,160,5,403,2748,16.983333,122.016667,1.0,0,0.0,0,0,2,4,3422,160.0,0,5,0.0,0,0.0,New People's Army (NPA)
52168,0,45,3,469,3207,1.406396,-75.453903,1.0,1,0.0,1,0,2,3,162,45.0,0,6,4.0,1,0.0,Revolutionary Armed Forces of Colombia (FARC)
12429,0,145,2,436,2931,13.85738,-85.73339,1.0,1,0.0,1,0,2,4,1762,145.0,0,5,3.0,1,0.0,Nicaraguan Democratic Force (FDN)
29278,0,186,6,261,2019,8.738157,80.477147,3.0,0,0.0,1,0,2,4,562,186.0,0,5,4.0,1,0.0,Liberation Tigers of Tamil Eelam (LTTE)
21963,0,45,3,377,2534,4.17871,-74.42302,1.0,0,0.0,1,0,3,21,3148,45.0,0,6,0.0,1,0.0,National Liberation Army of Colombia (ELN)
32624,0,183,11,18,132,-29.965819,30.882976,1.0,0,0.0,1,0,2,14,261,183.0,0,5,1.0,1,0.0,African National Congress (South Africa)
8053,0,603,8,190,1642,54.819164,-7.467909,1.0,0,0.0,0,0,3,2,2170,233.0,0,6,0.0,1,0.0,Irish Republican Army (IRA)
67829,0,95,10,34,282,33.693947,45.067425,1.0,0,1.0,1,0,3,3,2286,95.0,0,6,0.0,1,0.0,Islamic State of Iraq and the Levant (ISIL)
31252,0,183,11,18,150,-30.139609,30.835763,1.0,0,0.0,1,0,2,22,59,183.0,0,5,7.0,1,0.0,African National Congress (South Africa)
61550,0,95,10,34,1751,34.275066,44.537865,1.0,0,1.0,1,0,3,14,854,95.0,0,6,0.0,1,0.0,Islamic State of Iraq and the Levant (ISIL)
14801,0,185,8,86,513,43.32412,-1.929857,1.0,0,0.0,1,0,1,3,950,185.0,0,5,1.0,0,0.0,Basque Fatherland and Freedom (ETA)
50679,0,95,10,33,247,33.303566,44.371773,1.0,0,0.0,1,0,3,14,13,95.0,0,6,2.0,0,0.0,Al-Qaida in Iraq
40431,0,141,6,266,2203,27.666612,86.050411,1.0,1,0.0,1,0,3,19,2904,141.0,0,6,2.0,1,0.0,Maoists
69327,0,209,10,222,1839,37.331478,42.185897,3.0,0,0.0,1,0,3,14,2374,209.0,0,6,1.0,-9,0.0,Kurdistan Workers' Party (PKK)
62580,0,147,11,167,1285,8.547469,7.7118,4.0,0,1.0,1,0,2,14,27,147.0,0,5,15.0,1,0.0,Fulani extremists
83464,0,209,10,207,1711,41.106178,28.689863,1.0,0,0.0,0,1,3,12,2421,422.0,0,6,0.0,0,0.0,Kurdistan Workers' Party (PKK)
73367,0,147,11,166,1397,7.139054,9.076465,1.0,0,1.0,1,0,2,14,27,147.0,0,5,0.0,1,0.0,Fulani extremists
9184,0,61,2,149,1248,13.957222,-89.189722,1.0,0,0.0,1,0,2,4,1762,61.0,0,5,1.0,1,0.0,Farabundo Marti National Liberation Front (FMLN)
46990,0,160,5,401,2685,13.493886,123.325117,1.0,0,0.0,1,0,7,16,3365,160.0,0,8,0.0,1,0.0,New People's Army (NPA)
78153,0,153,6,332,3829,29.455788,67.08039,2.0,0,0.0,1,0,3,3,20,153.0,0,6,1.0,-9,0.0,Tehrik-i-Taliban Pakistan (TTP)
18946,0,159,3,277,2118,-11.967368,-76.978462,1.0,0,0.0,1,0,3,1,4797,159.0,0,6,0.0,1,0.0,Tupac Amaru Revolutionary Movement (MRTA)
8867,0,45,3,366,3135,6.313712,-73.950146,1.0,0,0.0,1,0,1,14,3847,45.0,0,5,3.0,0,0.0,Revolutionary Armed Forces of Colombia (FARC)
32775,0,97,10,456,3066,31.418909,34.352605,1.0,0,0.0,1,0,8,4,3675,97.0,0,9,0.0,1,0.0,Palestinians
28065,0,155,10,456,3039,32.222271,35.253506,1.0,0,0.0,1,0,8,3,559,97.0,0,2,0.0,1,0.0,Palestinians
12900,0,69,8,137,1018,43.296482,5.36978,1.0,0,1.0,1,0,3,3,431,69.0,0,6,0.0,1,0.0,Corsican National Liberation Front (FLNC)
26039,0,159,3,475,3335,-12.068306,-75.210163,1.0,0,0.0,1,0,1,4,4134,159.0,0,5,1.0,0,0.0,Shining Path (SL)
51117,0,95,10,33,247,33.303566,44.371773,1.0,0,1.0,1,0,3,14,13,95.0,0,6,6.0,1,0.0,Al-Qaida in Iraq
9094,0,185,8,86,563,43.35441,-2.846714,1.0,0,0.0,1,0,3,1,1049,185.0,0,6,2.0,1,0.0,Basque Fatherland and Freedom (ETA)
46187,0,92,6,125,873,25.314437,86.542191,1.0,0,0.0,1,0,7,19,1399,92.0,0,8,0.0,1,0.0,Communist Party of India - Maoist (CPI-Maoist)
4473,0,185,8,86,540,43.222177,-2.885668,1.0,0,0.0,1,0,2,3,1022,185.0,0,5,2.0,0,0.0,Basque Fatherland and Freedom (ETA)
12506,0,183,11,19,136,-26.184113,28.033232,1.0,0,0.0,1,0,1,2,297,183.0,0,8,0.0,1,0.0,African National Congress (South Africa)
8672,0,155,10,456,3059,32.460617,35.301247,1.0,0,0.0,1,0,2,4,3658,97.0,0,8,0.0,1,0.0,Palestinians
67991,1,214,9,145,1085,47.942608,37.505135,1.0,1,0.0,1,0,6,4,48,214.0,0,5,2.0,0,1.0,Donetsk People's Republic
16201,0,145,2,440,2872,11.966667,-85.166667,1.0,0,0.0,1,0,2,4,1762,145.0,0,5,2.0,1,0.0,Nicaraguan Democratic Force (FDN)
19768,0,92,6,337,3463,31.958504,75.323245,1.0,0,0.0,1,0,1,14,4312,92.0,0,5,2.0,0,0.0,Sikh Extremists
79055,0,147,11,112,1440,10.34385,8.280515,2.0,0,1.0,1,0,2,14,27,147.0,0,5,7.0,1,0.0,Fulani extremists
72705,0,228,10,52,327,13.129726,45.385571,1.0,0,0.0,1,0,3,4,524,228.0,0,6,0.0,1,0.0,Al-Qaida in the Arabian Peninsula (AQAP)
18804,0,43,3,270,2107,-33.050125,-71.612251,1.0,0,0.0,1,0,3,14,2780,43.0,0,6,0.0,1,0.0,Manuel Rodriguez Patriotic Front (FPMR)
44082,0,4,6,319,3608,33.5,70.05,1.0,0,0.0,1,0,2,3,1090,4.0,0,5,1.0,0,0.0,Taliban
19153,0,61,2,149,1193,13.65917,-89.1675,1.0,0,0.0,1,0,2,4,1762,61.0,0,5,1.0,1,0.0,Farabundo Marti National Liberation Front (FMLN)
75190,0,147,11,166,1398,7.531944,9.391295,1.0,0,1.0,1,0,2,14,27,147.0,0,5,1.0,0,0.0,Fulani extremists
53248,0,69,8,135,1013,41.930607,8.742907,1.0,0,1.0,1,0,3,1,1584,238.0,0,6,0.0,1,0.0,Corsican National Liberation Front (FLNC)
76996,0,209,10,225,1830,37.477368,40.486736,1.0,1,0.0,1,0,3,4,559,209.0,0,6,3.0,1,0.0,Kurdistan Workers' Party (PKK)
28076,0,92,6,337,3455,31.448943,74.925262,1.0,0,0.0,1,0,3,3,3005,92.0,0,6,7.0,1,0.0,Sikh Extremists
64834,0,214,9,145,1068,47.981647,37.762325,1.0,0,0.0,1,0,2,4,1700,214.0,0,6,0.0,-9,0.0,Donetsk People's Republic
3652,1,96,8,194,1631,53.361675,-6.245485,1.0,0,0.0,1,0,2,1,1584,96.0,0,5,0.0,1,1.0,Irish Republican Army (IRA)
33046,0,155,10,325,1468,31.502407,34.459743,1.0,0,0.0,0,0,1,14,3759,97.0,0,5,0.0,0,0.0,Palestinians
72359,0,160,5,0,20,6.665912,122.154839,1.0,0,1.0,1,0,3,11,79,160.0,0,6,0.0,1,0.0,Abu Sayyaf Group (ASG)
10843,0,603,8,190,1607,54.347539,-6.656108,1.0,0,0.0,1,0,7,1,2146,233.0,0,8,0.0,1,0.0,Irish Republican Army (IRA)
76832,0,4,6,513,3597,33.796944,68.934585,3.0,0,0.0,1,0,3,14,4472,4.0,0,6,2.0,1,0.0,Taliban
17495,0,160,5,385,2626,15.544809,120.763556,1.0,0,0.0,1,0,5,14,3326,160.0,0,5,0.0,1,1.0,New People's Army (NPA)
48900,0,153,6,300,2370,33.671638,73.056068,1.0,0,0.0,1,0,3,3,1314,153.0,0,6,15.0,1,0.0,Tehrik-i-Taliban Pakistan (TTP)
47465,0,45,3,362,2539,7.661469,-75.330292,1.0,0,0.0,0,0,3,14,3926,45.0,0,6,0.0,0,0.0,Revolutionary Armed Forces of Colombia (FARC)
44716,0,95,10,34,282,33.693947,45.067425,1.0,0,0.0,1,0,3,19,536,95.0,0,6,7.0,1,0.0,Al-Qaida in Iraq
18168,0,159,3,483,3356,-9.06493,-78.579683,1.0,0,0.0,1,0,3,1,2132,159.0,0,6,0.0,1,0.0,Tupac Amaru Revolutionary Movement (MRTA)
77288,0,147,11,111,617,7.78811,6.729729,1.0,0,0.0,1,0,1,14,1925,147.0,0,5,1.0,1,0.0,Fulani extremists
75744,1,147,11,113,1406,9.349204,12.079094,2.0,0,0.0,1,0,2,14,27,147.0,0,5,15.0,1,-9.0,Fulani extremists
80949,0,160,5,389,2774,7.83,125.82,2.0,0,0.0,0,0,3,20,6,160.0,0,6,0.0,0,0.0,New People's Army (NPA)
47363,0,153,6,427,3772,33.697271,71.144852,3.0,0,0.0,1,0,6,4,4617,153.0,0,5,3.0,0,1.0,Tehrik-i-Taliban Pakistan (TTP)
7274,0,61,2,149,1185,13.716667,-89.233333,1.0,0,0.0,1,0,2,4,1762,61.0,0,5,1.0,1,0.0,Farabundo Marti National Liberation Front (FMLN)
81299,1,160,5,396,2689,9.05,125.9,1.0,0,1.0,1,0,6,4,3369,160.0,0,5,0.0,0,1.0,New People's Army (NPA)
46142,0,92,6,129,858,19.191222,84.185712,3.0,0,0.0,1,0,3,3,1380,92.0,0,6,0.0,-9,0.0,Communist Party of India - Maoist (CPI-Maoist)
12743,0,183,11,24,149,-25.661361,27.247563,1.0,0,0.0,1,0,3,21,286,183.0,0,6,0.0,1,0.0,African National Congress (South Africa)
37405,0,603,8,190,1604,55.011562,-7.312045,1.0,0,0.0,1,0,8,14,2062,233.0,0,9,0.0,1,0.0,Irish Republican Army (IRA)
63645,0,182,11,70,433,-0.868784,42.157739,3.0,0,0.0,1,0,3,4,48,182.0,0,6,0.0,0,0.0,Al-Shabaab
18104,0,43,3,271,2106,-33.366238,-70.505302,1.0,0,0.0,1,0,3,8,2702,43.0,0,6,0.0,1,0.0,Manuel Rodriguez Patriotic Front (FPMR)
46035,0,92,6,127,913,18.895394,81.351442,1.0,0,0.0,1,0,7,19,1444,92.0,0,8,0.0,1,0.0,Communist Party of India - Maoist (CPI-Maoist)
12309,0,185,8,94,531,42.815372,-1.653616,1.0,0,0.0,1,0,1,3,1046,185.0,0,5,1.0,0,0.0,Basque Fatherland and Freedom (ETA)
56564,0,160,5,15,2718,10.817626,119.499057,1.0,0,0.0,1,0,3,4,3392,160.0,0,6,0.0,-9,0.0,New People's Army (NPA)
35026,0,186,6,264,2038,7.883333,80.4,2.0,0,0.0,1,0,3,14,27,186.0,0,6,22.0,1,0.0,Liberation Tigers of Tamil Eelam (LTTE)
30690,0,209,10,232,24,38.109458,40.567051,4.0,0,0.0,1,0,2,9,2423,209.0,0,5,2.0,1,0.0,Kurdistan Workers' Party (PKK)
79809,0,200,10,205,1739,33.327676,38.6559,1.0,0,1.0,1,1,3,4,2313,422.0,0,6,9.0,-9,0.0,Islamic State of Iraq and the Levant (ISIL)
11215,0,183,11,23,206,-29.115897,26.219814,1.0,1,0.0,1,0,3,19,376,183.0,0,6,0.0,1,0.0,African National Congress (South Africa)
82956,1,147,11,176,1421,7.250703,5.195011,1.0,0,0.0,1,0,6,14,1936,147.0,0,5,0.0,0,1.0,Fulani extremists
72974,0,228,10,60,350,13.586484,44.024105,1.0,0,0.0,1,0,3,14,925,228.0,0,6,1.0,0,0.0,Houthi extremists (Ansar Allah)
8621,0,155,10,456,3054,31.530243,35.094162,1.0,0,0.0,0,0,3,8,51,97.0,0,6,0.0,1,0.0,Palestinians
43509,0,186,6,261,2051,9.700556,80.309167,1.0,0,0.0,1,0,3,4,2570,153.0,0,6,1.0,0,0.0,Liberation Tigers of Tamil Eelam (LTTE)
68581,0,92,6,130,2168,20.937726,85.089076,2.0,0,0.0,1,0,8,14,2875,92.0,0,9,1.0,0,1.0,Maoists
75604,0,147,11,166,1413,7.683072,9.246238,2.0,0,1.0,1,0,2,14,27,147.0,0,5,7.0,1,0.0,Fulani extremists
18614,0,92,6,283,3481,22.436707,71.921609,1.0,0,0.0,1,0,1,14,4349,92.0,0,5,5.0,0,0.0,Sikh Extremists
53396,0,95,10,34,297,33.571807,44.536067,1.0,0,1.0,1,0,3,14,13,95.0,0,6,1.0,-9,0.0,Al-Qaida in Iraq
12307,0,145,2,436,2933,13.54204,-85.53942,1.0,0,0.0,1,0,2,4,3563,145.0,0,5,0.0,1,0.0,Nicaraguan Democratic Force (FDN)
46784,0,160,5,1,22,6.050458,121.012245,1.0,0,0.0,1,0,3,1,13,160.0,0,6,2.0,1,0.0,Abu Sayyaf Group (ASG)
63508,0,160,5,0,85,6.700414,121.972557,1.0,0,0.0,1,0,3,1,179,160.0,0,6,0.0,1,0.0,Abu Sayyaf Group (ASG)
80241,0,92,6,126,826,22.572048,85.460775,2.0,0,0.0,1,0,2,14,1348,92.0,0,5,0.0,0,0.0,Communist Party of India - Maoist (CPI-Maoist)
47451,0,95,10,37,285,36.376823,42.448875,1.0,0,0.0,1,1,3,2,561,95.0,0,6,2.0,0,0.0,Al-Qaida in Iraq
63412,0,4,6,515,3545,34.516895,69.147011,1.0,0,0.0,1,0,3,2,877,4.0,0,6,2.0,1,0.0,Taliban
50471,0,209,10,225,1850,37.080181,41.220196,1.0,0,0.0,1,0,2,4,2409,209.0,0,5,1.0,-9,0.0,Kurdistan Workers' Party (PKK)
12467,0,183,11,18,137,-29.861824,31.008293,1.0,0,0.0,1,0,3,1,311,183.0,0,6,5.0,1,0.0,African National Congress (South Africa)
46743,0,153,6,427,3810,34.110325,71.163803,1.0,0,0.0,1,0,3,14,4672,153.0,0,6,0.0,1,0.0,Tehrik-i-Taliban Pakistan (TTP)
73748,0,182,11,74,24,4.483825,45.345751,4.0,0,0.0,1,0,3,4,228,422.0,0,6,1.0,-9,0.0,Al-Shabaab
29267,0,603,8,190,1603,54.607712,-5.95621,1.0,0,0.0,1,0,3,14,2075,216.0,0,6,0.0,1,0.0,Irish Republican Army (IRA)
10627,0,185,8,101,548,41.400635,2.150913,1.0,0,0.0,0,0,3,4,1122,185.0,0,6,0.0,0,0.0,Basque Fatherland and Freedom (ETA)
24063,0,43,3,271,2106,-33.366238,-70.505302,1.0,0,0.0,1,0,3,19,2729,43.0,0,6,0.0,1,0.0,Manuel Rodriguez Patriotic Front (FPMR)
14946,0,159,3,277,2118,-11.967368,-76.978462,1.0,1,0.0,1,0,3,1,4765,159.0,0,6,1.0,1,0.0,Tupac Amaru Revolutionary Movement (MRTA)
5538,0,185,8,86,515,43.291618,-1.977903,1.0,0,0.0,0,0,3,1,1059,69.0,0,6,0.0,0,0.0,Basque Fatherland and Freedom (ETA)
26193,0,92,6,337,3425,31.326015,75.576183,1.0,0,0.0,1,0,2,14,4373,92.0,0,5,15.0,0,0.0,Sikh Extremists
21102,0,92,6,337,3446,30.860768,75.744748,1.0,0,0.0,1,0,2,14,4329,92.0,0,5,10.0,1,0.0,Sikh Extremists
39143,0,160,5,387,2628,10.185557,123.11749,1.0,0,0.0,1,0,2,4,3327,160.0,0,5,2.0,-9,0.0,New People's Army (NPA)
16397,0,159,3,477,3284,-13.152712,-74.218628,1.0,0,0.0,1,0,3,16,4136,159.0,0,6,0.0,1,0.0,Shining Path (SL)
76500,1,160,5,10,80,7.585122,122.142525,1.0,0,0.0,1,0,6,1,155,160.0,0,5,0.0,0,1.0,Abu Sayyaf Group (ASG)
15378,0,43,3,272,2110,-36.816006,-73.037659,1.0,0,1.0,1,0,3,1,2696,43.0,0,6,0.0,1,0.0,Manuel Rodriguez Patriotic Front (FPMR)
31537,0,209,10,222,1827,37.522653,42.452637,1.0,0,0.0,1,0,2,19,2393,209.0,0,8,1.0,1,0.0,Kurdistan Workers' Party (PKK)
56536,0,182,11,66,414,1.808302,44.695141,1.0,0,1.0,1,0,2,4,830,422.0,0,6,3.0,-9,0.0,Al-Shabaab
58584,0,147,11,167,1327,8.698664,8.666581,1.0,0,0.0,1,0,2,14,27,147.0,0,8,5.0,1,0.0,Fulani extremists
24065,0,69,8,135,1016,42.699997,9.447317,1.0,0,0.0,1,0,5,1,1620,69.0,0,5,0.0,1,1.0,Corsican National Liberation Front (FLNC)
78552,0,123,11,294,2386,15.075623,-2.219977,1.0,0,0.0,1,0,1,2,3049,123.0,0,5,1.0,0,0.0,Muslim extremists
61478,0,153,6,427,3802,34.819364,71.313418,1.0,0,1.0,1,0,2,4,1752,153.0,0,6,3.0,1,0.0,Tehrik-i-Taliban Pakistan (TTP)
68944,0,153,6,352,3756,31.834328,70.90905,1.0,0,1.0,1,1,3,4,167,153.0,0,6,2.0,-9,0.0,Tehrik-i-Taliban Pakistan (TTP)
25334,0,185,8,86,509,43.258434,-2.921819,1.0,0,0.0,0,0,1,3,1037,185.0,0,6,0.0,0,0.0,Basque Fatherland and Freedom (ETA)
48555,1,153,6,352,3731,34.006004,71.53743,1.0,0,0.0,1,0,6,8,4689,153.0,0,5,0.0,0,1.0,Tehrik-i-Taliban Pakistan (TTP)
18357,0,92,6,498,3452,30.795441,77.069611,1.0,0,0.0,1,0,2,3,4289,92.0,0,5,4.0,1,0.0,Sikh Extremists
59337,1,228,10,54,319,14.536389,46.833056,1.0,0,0.0,1,0,6,3,751,228.0,0,5,1.0,0,1.0,Al-Qaida in the Arabian Peninsula (AQAP)
15188,0,61,2,151,1164,13.491242,-88.173134,1.0,0,0.0,1,0,2,4,1772,61.0,0,5,3.0,1,0.0,Farabundo Marti National Liberation Front (FMLN)
50666,0,45,3,373,3162,12.228233,-71.992872,1.0,1,0.0,1,0,3,19,3882,45.0,0,6,0.0,1,0.0,Revolutionary Armed Forces of Colombia (FARC)
66035,0,147,11,108,716,12.081777,14.467963,2.0,0,1.0,1,0,2,14,1262,147.0,0,5,1.0,-9,0.0,Boko Haram
20493,0,61,2,152,24,13.495364,-88.979678,4.0,0,0.0,1,0,3,1,1860,61.0,0,6,0.0,1,0.0,Farabundo Marti National Liberation Front (FMLN)
42727,0,141,6,266,2179,27.66897,85.319824,1.0,0,0.0,1,0,2,19,2888,141.0,0,5,1.0,0,0.0,Maoists
61220,0,95,10,38,1766,35.222231,44.362898,4.0,0,0.0,1,0,3,3,12,95.0,0,6,0.0,0,0.0,Islamic State of Iraq and the Levant (ISIL)
65561,0,153,6,352,3821,34.333882,73.201062,3.0,0,0.0,1,0,3,3,4524,153.0,0,6,2.0,1,0.0,Tehrik-i-Taliban Pakistan (TTP)
65780,0,92,6,126,804,23.846212,86.136746,3.0,0,1.0,1,0,3,19,1319,92.0,0,6,0.0,1,0.0,Communist Party of India - Maoist (CPI-Maoist)
52124,0,92,6,125,931,26.240677,85.217654,1.0,0,0.0,0,0,3,19,1319,92.0,0,6,0.0,0,0.0,Communist Party of India - Maoist (CPI-Maoist)
71732,0,228,10,60,1525,13.548424,44.052176,3.0,0,0.0,1,0,3,4,48,228.0,0,6,0.0,-9,0.0,Houthi extremists (Ansar Allah)
13814,0,183,11,19,134,-26.234679,28.370372,1.0,0,0.0,1,0,3,3,263,183.0,0,6,1.0,1,0.0,African National Congress (South Africa)
62837,0,200,10,200,1772,36.886497,38.350204,1.0,0,0.0,1,0,3,14,1213,200.0,0,6,1.0,-9,0.0,Islamic State of Iraq and the Levant (ISIL)
17599,0,159,3,478,3286,-10.683594,-76.25621,1.0,0,1.0,1,0,3,2,4172,159.0,0,6,0.0,1,0.0,Shining Path (SL)
63782,0,147,11,167,1291,8.460129,8.200711,1.0,0,1.0,1,0,7,14,27,147.0,0,8,1.0,1,0.0,Fulani extremists
21918,0,183,11,19,153,-26.353159,28.132727,1.0,0,0.0,1,0,1,3,325,183.0,0,6,0.0,0,0.0,African National Congress (South Africa)
81531,0,95,10,32,1717,33.423328,41.125052,3.0,0,0.0,0,1,3,20,6,95.0,0,6,0.0,0,0.0,Islamic State of Iraq and the Levant (ISIL)
37017,0,160,5,0,16,6.681959,121.985477,1.0,0,0.0,1,0,2,3,115,160.0,0,5,2.0,1,0.0,Abu Sayyaf Group (ASG)
16465,0,183,11,19,155,-26.252697,27.870275,1.0,0,0.0,1,0,3,2,304,183.0,0,6,0.0,1,0.0,African National Congress (South Africa)
10070,0,145,2,437,2857,13.642491,-86.309214,1.0,0,0.0,1,0,2,14,3588,145.0,0,5,5.0,1,0.0,Nicaraguan Democratic Force (FDN)
34274,0,45,3,377,3197,4.79961,-74.74089,1.0,0,0.0,1,0,2,4,3927,45.0,0,5,0.0,1,1.0,Revolutionary Armed Forces of Colombia (FARC)
8850,0,185,8,86,513,43.32412,-1.929857,1.0,0,0.0,1,0,1,3,1039,185.0,0,5,1.0,0,0.0,Basque Fatherland and Freedom (ETA)
64188,0,228,10,182,1538,15.266667,43.716667,2.0,0,0.0,1,0,7,14,1982,228.0,0,8,7.0,1,0.0,Houthi extremists (Ansar Allah)
67460,1,92,6,127,2137,19.175051,81.246376,2.0,0,1.0,1,0,6,1,123,92.0,0,5,0.0,0,1.0,Maoists
44694,0,95,10,34,249,33.74324,44.623825,1.0,0,0.0,1,0,3,14,498,95.0,0,6,0.0,1,0.0,Al-Qaida in Iraq
48114,0,92,6,128,799,22.404193,87.379866,3.0,0,0.0,1,0,2,14,1400,92.0,0,5,1.0,-9,0.0,Communist Party of India - Maoist (CPI-Maoist)
81563,0,4,6,533,3662,36.067334,67.414157,3.0,0,0.0,1,0,2,3,85,4.0,0,5,3.0,0,0.0,Taliban
64063,0,160,5,386,2627,8.818475,125.69826,1.0,0,0.0,1,0,2,4,12,160.0,0,5,2.0,0,0.0,New People's Army (NPA)
41890,0,141,6,260,2286,27.645319,83.594926,1.0,1,0.0,1,0,3,14,2963,141.0,0,6,1.0,1,0.0,Maoists
71466,0,37,11,117,736,11.110399,14.038569,1.0,0,0.0,1,0,7,14,27,37.0,0,8,5.0,1,0.0,Boko Haram
66116,0,228,10,183,24,16.118063,43.329466,4.0,0,1.0,1,0,2,14,1992,228.0,0,5,1.0,0,0.0,Houthi extremists (Ansar Allah)
7443,0,69,8,139,1024,43.610769,3.876716,1.0,0,0.0,1,0,3,4,1610,69.0,0,6,0.0,1,0.0,Corsican National Liberation Front (FLNC)
76203,0,182,11,66,474,1.996396,44.9884,1.0,0,1.0,1,0,2,4,718,182.0,0,5,2.0,-9,0.0,Al-Shabaab
67055,0,214,9,145,1073,48.064426,37.673248,1.0,0,1.0,1,0,3,4,48,214.0,0,6,0.0,-9,0.0,Donetsk People's Republic
54065,0,92,6,125,2153,24.528349,84.590579,1.0,1,0.0,1,0,3,4,48,92.0,0,6,0.0,0,0.0,Maoists
16788,0,61,2,149,1150,13.69288,-89.199161,1.0,0,1.0,1,0,7,1,1584,61.0,0,8,0.0,1,0.0,Farabundo Marti National Liberation Front (FMLN)
12239,0,183,11,19,152,-26.252697,27.870275,1.0,0,0.0,1,0,3,3,267,183.0,0,6,0.0,1,0.0,African National Congress (South Africa)
41782,0,69,8,135,1016,42.699997,9.447317,1.0,0,0.0,1,0,3,1,1557,69.0,0,6,0.0,1,0.0,Corsican National Liberation Front (FLNC)
21619,0,159,3,155,3355,-8.105863,-79.03802,1.0,0,0.0,1,0,1,2,4164,159.0,0,5,1.0,0,0.0,Shining Path (SL)
76655,0,92,6,127,829,18.860831,80.721442,3.0,0,0.0,1,0,3,3,2919,92.0,0,6,1.0,-9,0.0,Maoists
19685,0,97,10,458,3043,31.771599,35.2034,1.0,0,0.0,1,0,1,8,3690,97.0,0,5,1.0,0,0.0,Palestinians
54616,0,160,5,394,2736,7.448212,125.809424,2.0,0,0.0,1,0,3,4,3412,160.0,0,6,0.0,1,0.0,New People's Army (NPA)
45779,0,92,6,127,933,19.203477,81.934532,3.0,0,0.0,0,0,2,2,1467,92.0,0,5,0.0,0,0.0,Communist Party of India - Maoist (CPI-Maoist)
19941,0,186,6,215,2018,7.686667,81.721389,1.0,0,0.0,1,0,2,4,1853,92.0,0,5,0.0,1,0.0,Liberation Tigers of Tamil Eelam (LTTE)
45071,0,209,10,246,1883,38.831606,41.322148,1.0,1,0.0,1,0,3,19,2413,209.0,0,6,0.0,1,0.0,Kurdistan Workers' Party (PKK)
24058,0,186,6,215,1997,7.301756,81.67473,3.0,0,0.0,1,0,1,2,2505,186.0,0,5,4.0,0,0.0,Liberation Tigers of Tamil Eelam (LTTE)
3919,0,185,8,88,575,43.297222,-2.991667,1.0,0,0.0,1,0,3,19,1084,185.0,0,6,0.0,1,0.0,Basque Fatherland and Freedom (ETA)
16083,0,96,8,198,1658,53.993847,-6.396594,1.0,0,0.0,1,0,2,14,2178,96.0,0,8,0.0,0,0.0,Irish Republican Army (IRA)
23982,0,43,3,271,2106,-33.366238,-70.505302,1.0,0,0.0,1,0,3,15,2755,43.0,0,6,0.0,1,0.0,Manuel Rodriguez Patriotic Front (FPMR)
65041,0,92,6,265,2261,26.171689,91.743196,2.0,0,0.0,1,0,2,3,12,92.0,0,5,1.0,0,0.0,Maoists
50440,0,147,11,108,616,11.840929,13.141459,1.0,0,0.0,1,0,2,4,1253,147.0,0,5,3.0,1,0.0,Boko Haram
56834,0,92,6,127,2248,18.69544,81.221995,1.0,0,0.0,1,0,7,1,2931,92.0,0,8,0.0,1,0.0,Maoists
51231,0,160,5,1,22,6.050458,121.012245,1.0,0,0.0,1,0,3,1,49,160.0,0,6,2.0,-9,0.0,Abu Sayyaf Group (ASG)
27585,0,603,8,190,1660,54.594562,-6.931393,1.0,0,0.0,1,0,3,3,1068,233.0,0,6,0.0,1,0.0,Irish Republican Army (IRA)
8433,0,61,2,153,1245,13.755754,-88.73273,1.0,0,0.0,1,0,2,4,1793,61.0,0,5,60.0,1,0.0,Farabundo Marti National Liberation Front (FMLN)
21166,0,183,11,19,194,-26.108628,28.040116,1.0,0,0.0,1,0,3,21,360,183.0,0,6,0.0,1,0.0,African National Congress (South Africa)
17259,0,159,3,480,3317,-14.200556,-71.436667,1.0,0,0.0,1,0,1,14,3847,159.0,0,5,4.0,0,0.0,Shining Path (SL)
45006,0,153,6,534,3743,33.590603,71.44062,1.0,0,0.0,1,0,3,1,4577,153.0,0,6,3.0,1,0.0,Tehrik-i-Taliban Pakistan (TTP)
34689,0,209,10,245,24,38.403111,37.956069,4.0,0,0.0,1,0,2,1,2439,209.0,0,6,3.0,1,0.0,Kurdistan Workers' Party (PKK)
20103,0,603,8,190,1603,54.607712,-5.95621,1.0,0,0.0,0,0,1,2,2123,233.0,0,6,0.0,0,0.0,Irish Republican Army (IRA)
61573,0,147,11,172,1318,12.765936,12.765936,3.0,0,0.0,1,0,2,14,931,147.0,0,5,7.0,0,0.0,Fulani extremists
76898,0,173,10,59,1548,21.437273,40.512714,1.0,0,0.0,0,0,3,20,6,173.0,0,6,0.0,0,0.0,Houthi extremists (Ansar Allah)
67258,0,4,6,515,3545,34.516895,69.147011,1.0,0,0.0,1,0,3,14,925,4.0,0,6,4.0,-9,0.0,Taliban
49494,0,4,6,524,3638,33.099722,68.288056,1.0,1,0.0,1,0,1,3,4503,4.0,0,5,1.0,0,0.0,Taliban
48390,0,228,10,54,319,14.52618,46.844932,1.0,0,0.0,1,0,2,4,644,228.0,0,5,5.0,-9,0.0,Al-Qaida in the Arabian Peninsula (AQAP)
69445,0,147,11,108,696,10.671237,12.543212,1.0,0,0.0,1,0,2,14,27,147.0,0,5,1.0,0,0.0,Boko Haram
63398,0,182,11,68,404,2.059819,45.326115,1.0,0,0.0,1,0,6,14,814,182.0,0,9,1.0,0,1.0,Al-Shabaab
66614,0,160,5,407,2667,11.216977,122.434284,2.0,0,0.0,1,0,2,4,3351,160.0,0,5,0.0,0,0.0,New People's Army (NPA)
27300,0,603,8,190,1665,54.317811,-7.536546,1.0,0,0.0,1,0,1,3,1653,233.0,0,6,1.0,0,0.0,Irish Republican Army (IRA)
79531,0,95,10,38,1689,35.015846,43.722516,3.0,0,0.0,1,0,3,14,13,95.0,0,6,5.0,0,0.0,Islamic State of Iraq and the Levant (ISIL)
33215,0,69,8,135,1020,41.795233,8.741819,1.0,0,1.0,1,0,3,14,1566,69.0,0,6,0.0,1,0.0,Corsican National Liberation Front (FLNC)
9321,0,61,2,157,1208,13.7,-88.1,1.0,0,0.0,1,0,2,4,1817,61.0,0,5,1.0,1,0.0,Farabundo Marti National Liberation Front (FMLN)
13661,0,145,2,446,2903,12.822269,-86.002138,2.0,1,0.0,1,0,3,19,3544,145.0,0,5,3.0,1,0.0,Nicaraguan Democratic Force (FDN)
18162,0,43,3,271,2106,-33.366238,-70.505302,1.0,0,1.0,1,0,3,14,2739,43.0,0,6,0.0,1,0.0,Manuel Rodriguez Patriotic Front (FPMR)
22585,0,43,3,270,2108,-33.010693,-71.527794,1.0,0,0.0,0,0,3,3,2733,43.0,0,6,3.0,1,0.0,Manuel Rodriguez Patriotic Front (FPMR)
57765,0,4,6,512,3645,32.489819,67.476772,3.0,0,0.0,1,0,3,4,1720,422.0,0,6,6.0,1,0.0,Taliban
61728,0,60,10,290,2354,31.250196,34.24128,1.0,0,1.0,1,0,1,14,3024,60.0,0,5,1.0,0,0.0,Muslim extremists
56506,0,160,5,357,2650,7.435278,125.225278,1.0,0,0.0,1,0,7,1,3341,160.0,0,8,0.0,1,0.0,New People's Army (NPA)
19013,0,159,3,277,2118,-11.967368,-76.978462,1.0,0,0.0,1,0,3,1,2727,159.0,0,6,0.0,1,0.0,Manuel Rodriguez Patriotic Front (FPMR)
49326,0,45,3,359,2524,8.438299,-73.285869,1.0,1,0.0,1,0,3,21,3958,45.0,0,6,0.0,1,0.0,Revolutionary Armed Forces of Colombia (FARC)
56443,0,60,10,290,2361,31.126646,33.800865,1.0,0,1.0,1,0,3,3,175,60.0,0,6,0.0,0,0.0,Muslim extremists
11727,0,43,3,271,2106,-33.366238,-70.505302,1.0,0,0.0,1,0,5,10,1809,43.0,0,5,0.0,0,1.0,Manuel Rodriguez Patriotic Front (FPMR)
18164,0,43,3,271,2106,-33.366238,-70.505302,1.0,0,1.0,1,0,3,14,2739,43.0,0,6,0.0,1,0.0,Manuel Rodriguez Patriotic Front (FPMR)
27612,1,45,3,363,2492,4.667128,-74.106056,1.0,0,0.0,1,0,6,2,3226,45.0,0,5,0.0,0,1.0,National Liberation Army of Colombia (ELN)
36013,0,69,8,135,1028,42.657985,9.414215,1.0,0,0.0,1,0,3,2,1581,69.0,0,6,0.0,1,0.0,Corsican National Liberation Front (FLNC)
40553,0,92,6,291,971,34.08374,74.789902,1.0,0,0.0,1,0,1,14,3059,92.0,0,5,1.0,0,0.0,Muslim extremists
46402,0,92,6,125,945,24.795821,85.00252,2.0,0,0.0,1,0,2,2,1472,92.0,0,5,2.0,-9,0.0,Communist Party of India - Maoist (CPI-Maoist)
32101,0,45,3,470,2106,1.14646,-77.00389,1.0,0,0.0,1,0,2,4,562,45.0,0,5,8.0,1,0.0,Revolutionary Armed Forces of Colombia (FARC)
21989,0,185,8,86,509,43.258434,-2.921819,1.0,0,0.0,0,0,3,14,1065,185.0,0,6,0.0,1,0.0,Basque Fatherland and Freedom (ETA)
81607,0,33,11,315,2451,14.188056,-1.543333,1.0,0,1.0,1,0,6,14,814,33.0,0,5,1.0,0,1.0,Muslim extremists
66372,0,95,10,32,263,33.420948,43.295662,1.0,0,1.0,1,0,3,14,1291,95.0,0,6,1.0,-9,0.0,Islamic State of Iraq and the Levant (ISIL)
38651,0,69,8,135,1013,41.930607,8.742907,1.0,0,0.0,0,0,3,4,1574,69.0,0,6,0.0,0,0.0,Corsican National Liberation Front (FLNC)
67704,0,228,10,60,350,13.586484,44.024105,1.0,0,0.0,1,0,3,14,1976,228.0,0,6,5.0,-9,0.0,Houthi extremists (Ansar Allah)
13920,0,43,3,272,2109,-36.823788,-72.668472,1.0,0,1.0,1,0,3,21,1781,43.0,0,6,0.0,1,0.0,Manuel Rodriguez Patriotic Front (FPMR)
24385,0,43,3,271,2106,-33.366238,-70.505302,1.0,0,0.0,1,0,3,2,2699,43.0,0,6,0.0,1,0.0,Manuel Rodriguez Patriotic Front (FPMR)
30175,0,183,11,18,158,-30.050385,30.881266,1.0,1,0.0,1,0,2,22,300,183.0,0,5,6.0,1,0.0,African National Congress (South Africa)
29908,0,209,10,225,1849,37.415668,41.371505,1.0,0,0.0,1,0,1,2,2399,209.0,0,5,1.0,0,0.0,Kurdistan Workers' Party (PKK)
19381,0,183,11,19,189,-26.252697,27.870275,1.0,0,0.0,1,0,2,3,414,183.0,0,5,0.0,1,0.0,African National Congress (South Africa)
50772,0,147,11,113,666,9.203496,12.49539,1.0,0,0.0,1,0,2,15,1244,147.0,0,5,8.0,1,0.0,Boko Haram
20247,0,43,3,270,2105,-33.010693,-71.527794,1.0,0,0.0,1,0,3,2,2732,43.0,0,6,0.0,1,0.0,Manuel Rodriguez Patriotic Front (FPMR)
38154,0,186,6,260,2009,6.978143,79.889327,1.0,0,0.0,0,1,3,4,2522,186.0,0,6,3.0,-9,0.0,Liberation Tigers of Tamil Eelam (LTTE)
44270,0,95,10,34,296,33.737099,44.490696,1.0,1,0.0,1,1,3,4,567,95.0,0,6,1.0,0,0.0,Al-Qaida in Iraq
77644,1,147,11,122,1299,8.658925,7.259186,2.0,0,0.0,1,0,6,14,27,147.0,0,5,2.0,0,1.0,Fulani extremists
12908,0,69,8,137,1018,43.296482,5.36978,1.0,0,0.0,1,0,3,1,1633,69.0,0,6,0.0,1,0.0,Corsican National Liberation Front (FLNC)
70046,0,92,6,127,829,18.803305,80.808911,3.0,0,0.0,1,0,7,1,2899,92.0,0,8,0.0,1,0.0,Maoists
16036,0,159,3,476,3300,-9.929478,-76.239738,1.0,0,0.0,1,0,3,2,4083,159.0,0,6,1.0,1,0.0,Shining Path (SL)
44339,0,92,6,128,841,23.332078,86.365208,3.0,0,0.0,1,0,1,22,2897,92.0,0,5,1.0,0,0.0,Maoists
40831,0,45,3,381,3157,3.538611,-74.896111,1.0,0,0.0,1,0,2,4,3875,45.0,0,5,3.0,0,0.0,Revolutionary Armed Forces of Colombia (FARC)
40438,0,45,3,369,3193,11.242035,-74.205384,1.0,0,1.0,1,0,3,1,3948,45.0,0,6,1.0,1,0.0,Revolutionary Armed Forces of Colombia (FARC)
15382,0,43,3,272,2110,-36.816006,-73.037659,1.0,0,1.0,1,0,3,1,2696,43.0,0,6,0.0,1,0.0,Manuel Rodriguez Patriotic Front (FPMR)
33380,0,185,8,86,532,43.365899,-2.996356,1.0,0,0.0,1,0,1,3,984,185.0,0,5,1.0,0,0.0,Basque Fatherland and Freedom (ETA)
25793,0,45,3,374,2547,7.000556,-72.108333,1.0,0,0.0,1,0,3,21,3222,45.0,0,6,0.0,1,0.0,National Liberation Army of Colombia (ELN)
12300,0,43,3,271,2106,-33.366238,-70.505302,1.0,0,0.0,1,0,3,1,2737,43.0,0,6,0.0,1,0.0,Manuel Rodriguez Patriotic Front (FPMR)
16028,0,183,11,21,160,-25.474193,30.969455,1.0,1,0.0,0,0,3,4,291,183.0,0,6,0.0,1,0.0,African National Congress (South Africa)
32866,0,209,10,251,24,37.750394,36.952639,4.0,0,0.0,1,0,2,4,562,209.0,0,5,2.0,1,0.0,Kurdistan Workers' Party (PKK)
68102,0,173,10,188,1564,18.314753,42.725163,1.0,0,0.0,0,0,3,4,2008,173.0,0,6,0.0,0,0.0,Houthi extremists (Ansar Allah)
25359,0,209,10,222,1856,37.392896,43.10688,1.0,1,0.0,1,0,2,3,549,209.0,0,5,4.0,1,0.0,Kurdistan Workers' Party (PKK)
13193,0,145,2,436,24,13.091683,-86.000314,4.0,0,0.0,1,0,3,19,3520,145.0,0,6,1.0,1,0.0,Nicaraguan Democratic Force (FDN)
13490,0,145,2,437,2950,13.853697,-85.593154,3.0,1,0.0,1,0,2,4,1762,145.0,0,5,8.0,1,0.0,Nicaraguan Democratic Force (FDN)
59998,0,214,9,145,1107,48.851688,37.613808,1.0,0,0.0,1,0,2,4,162,214.0,0,5,35.0,1,0.0,Donetsk People's Republic
30906,0,185,8,86,512,42.84964,-2.692359,1.0,0,0.0,0,0,3,14,1128,185.0,0,6,0.0,1,0.0,Basque Fatherland and Freedom (ETA)
75208,0,182,11,71,427,2.777264,45.500641,1.0,1,0.0,1,0,2,4,162,422.0,0,5,1.0,0,0.0,Al-Shabaab
77736,0,228,10,60,350,13.586484,44.024105,1.0,0,0.0,1,0,3,14,925,228.0,0,6,1.0,-9,0.0,Houthi extremists (Ansar Allah)
49656,0,153,6,352,3731,34.006004,71.53743,1.0,0,0.0,1,0,3,7,4569,217.0,0,6,1.0,1,0.0,Tehrik-i-Taliban Pakistan (TTP)
17768,0,183,11,19,136,-26.184113,28.033232,1.0,0,0.0,1,0,3,4,277,183.0,0,6,1.0,1,0.0,African National Congress (South Africa)
24283,0,45,3,362,24,6.2675,-75.568611,4.0,0,0.0,1,0,1,14,3213,45.0,0,5,2.0,0,0.0,National Liberation Army of Colombia (ELN)
18224,0,92,6,337,24,31.147131,75.341218,4.0,0,1.0,1,0,1,14,4253,92.0,0,5,1.0,0,0.0,Sikh Extremists
16263,0,159,3,477,3284,-13.152712,-74.218628,1.0,0,0.0,1,0,3,2,4053,159.0,0,6,0.0,1,0.0,Shining Path (SL)
44033,0,209,10,223,1813,37.253172,43.612234,1.0,0,0.0,1,0,3,4,2360,209.0,0,6,2.0,-9,0.0,Kurdistan Workers' Party (PKK)
52298,0,95,10,38,250,35.45211,44.375465,1.0,0,1.0,1,0,3,14,560,95.0,0,6,0.0,0,0.0,Al-Qaida in Iraq
71287,0,28,9,296,2392,43.878321,18.314335,1.0,0,0.0,1,0,2,4,48,28.0,1,5,2.0,1,0.0,Muslim extremists
61931,0,214,9,145,1089,48.327225,38.025673,1.0,0,0.0,1,0,3,14,205,214.0,0,6,1.0,-9,0.0,Donetsk People's Republic
14948,0,159,3,536,3858,-12.050934,-77.126044,1.0,0,0.0,1,0,3,1,765,159.0,0,6,1.0,1,0.0,Tupac Amaru Revolutionary Movement (MRTA)
30715,0,209,10,223,1813,37.253172,43.612234,1.0,1,0.0,1,0,2,4,172,209.0,0,5,3.0,1,0.0,Kurdistan Workers' Party (PKK)
35368,0,186,6,215,1993,9.745064,80.105822,1.0,0,0.0,1,0,3,14,2503,186.0,0,6,8.0,1,0.0,Liberation Tigers of Tamil Eelam (LTTE)
25077,0,97,10,261,24,32.83333,35.33333,4.0,0,0.0,1,0,2,14,3662,97.0,0,8,0.0,1,0.0,Palestinians
17976,0,186,6,215,1966,8.457907,81.268402,1.0,0,1.0,1,0,7,1,1249,186.0,0,8,0.0,1,0.0,Muslim extremists
64414,0,214,9,145,1068,47.981647,37.762325,1.0,0,0.0,1,0,2,4,1700,214.0,0,6,0.0,-9,0.0,Donetsk People's Republic
22969,0,155,10,325,1468,31.502407,34.459743,1.0,0,0.0,1,0,1,14,3709,155.0,0,9,1.0,0,0.0,Palestinians
51427,0,153,6,427,3774,33.825361,70.847724,1.0,0,0.0,1,1,3,15,215,153.0,0,6,14.0,-9,0.0,Tehrik-i-Taliban Pakistan (TTP)
38118,0,185,8,86,542,43.169068,-2.632655,1.0,0,0.0,1,0,1,2,1109,185.0,0,5,1.0,0,0.0,Basque Fatherland and Freedom (ETA)
27694,0,45,3,374,2530,5.45394,-73.36205,1.0,0,0.0,1,0,1,2,3201,45.0,0,5,1.0,0,0.0,National Liberation Army of Colombia (ELN)
34678,0,45,3,378,2590,3.583748,-76.495727,1.0,0,0.0,1,0,3,4,3897,45.0,0,6,0.0,1,0.0,Revolutionary Armed Forces of Colombia (FARC)
46895,0,45,3,359,2524,8.436159,-73.286109,1.0,1,0.0,1,0,3,21,3190,45.0,0,6,0.0,1,0.0,National Liberation Army of Colombia (ELN)
16971,0,145,2,436,2974,13.304902,-86.186265,1.0,0,0.0,1,0,2,2,3586,145.0,0,8,0.0,1,0.0,Nicaraguan Democratic Force (FDN)
32536,0,159,3,475,3866,-11.057148,-75.061115,3.0,0,0.0,1,0,3,1,4783,159.0,0,5,1.0,1,0.0,Tupac Amaru Revolutionary Movement (MRTA)
60507,0,228,10,50,318,14.533328,49.133252,1.0,0,0.0,1,0,2,2,645,228.0,0,5,2.0,1,0.0,Al-Qaida in the Arabian Peninsula (AQAP)
45703,0,92,6,132,838,18.286666,82.586806,1.0,0,0.0,1,0,7,14,1428,92.0,0,8,0.0,1,0.0,Communist Party of India - Maoist (CPI-Maoist)
12285,0,92,6,337,3422,29.886653,76.019607,1.0,0,0.0,1,0,1,14,4258,92.0,0,5,1.0,0,0.0,Sikh Extremists
16768,0,159,3,277,2118,-11.967368,-76.978462,1.0,0,1.0,1,0,3,10,4756,159.0,0,5,0.0,1,0.0,Tupac Amaru Revolutionary Movement (MRTA)
81864,0,95,10,38,1689,35.029195,43.688809,1.0,0,0.0,1,0,3,14,1274,95.0,0,6,4.0,0,0.0,Islamic State of Iraq and the Levant (ISIL)
70138,0,209,10,223,24,37.445932,43.744984,4.0,0,0.0,1,0,3,3,559,209.0,0,6,2.0,1,0.0,Kurdistan Workers' Party (PKK)
41711,0,185,8,99,543,38.34521,-0.480995,3.0,0,1.0,1,0,3,20,6,185.0,0,6,0.0,1,0.0,Basque Fatherland and Freedom (ETA)
21761,0,159,3,475,3335,-12.068306,-75.210163,1.0,0,0.0,1,0,1,3,4856,159.0,0,5,1.0,0,0.0,Tupac Amaru Revolutionary Movement (MRTA)
65880,1,228,10,47,24,13.966641,44.166748,4.0,0,0.0,1,0,6,10,2017,228.0,0,5,1.0,0,1.0,Houthi extremists (Ansar Allah)
21019,0,159,3,475,3335,-12.068306,-75.210163,1.0,0,0.0,1,0,2,19,4147,159.0,0,9,0.0,0,0.0,Shining Path (SL)
6100,0,185,8,86,509,43.258434,-2.921819,1.0,0,0.0,1,0,2,1,1127,185.0,0,5,0.0,1,0.0,Basque Fatherland and Freedom (ETA)
67385,0,214,9,145,1071,48.143208,37.753361,1.0,1,0.0,1,0,3,4,559,214.0,0,6,4.0,1,0.0,Donetsk People's Republic
60971,0,214,9,145,1106,48.143208,37.753361,1.0,0,1.0,1,0,2,4,1715,214.0,0,6,0.0,-9,0.0,Donetsk People's Republic
49364,0,153,6,352,3731,34.006004,71.53743,1.0,1,0.0,1,1,3,14,4562,153.0,0,6,26.0,0,0.0,Tehrik-i-Taliban Pakistan (TTP)
54339,0,45,3,359,3232,8.05306,-73.08777,1.0,0,0.0,1,0,2,4,48,45.0,0,6,1.0,0,0.0,Revolutionary Armed Forces of Colombia (FARC)
38370,0,45,3,362,2564,6.270526,-75.572173,3.0,0,1.0,1,0,3,1,3965,45.0,0,6,0.0,1,0.0,Revolutionary Armed Forces of Colombia (FARC)
51746,0,92,6,127,2231,18.775175,80.536697,1.0,1,0.0,1,0,3,22,347,92.0,0,6,3.0,1,0.0,Maoists
57949,0,153,6,300,2370,33.671638,73.056068,1.0,0,0.0,1,0,2,15,3071,153.0,0,5,2.0,1,0.0,Muslim extremists
78218,0,4,6,524,3643,32.916134,68.07277,3.0,0,0.0,1,0,2,3,85,4.0,0,6,6.0,0,0.0,Taliban
64293,0,104,11,67,406,3.938715,41.844707,1.0,1,0.0,1,0,6,14,811,104.0,0,5,36.0,0,1.0,Al-Shabaab
39925,0,159,3,277,2118,-11.967368,-76.978462,1.0,0,0.0,1,0,3,7,4119,159.0,0,6,9.0,1,0.0,Shining Path (SL)
9770,0,97,10,458,3043,31.771599,35.2034,1.0,0,0.0,1,0,3,14,3708,97.0,0,6,1.0,1,0.0,Palestinians
53051,0,209,10,222,1875,37.317202,41.792458,3.0,0,0.0,1,0,2,4,93,209.0,0,6,0.0,0,0.0,Kurdistan Workers' Party (PKK)
27299,0,92,6,337,3418,31.633078,74.878288,1.0,0,0.0,1,0,1,2,4254,92.0,0,5,1.0,0,0.0,Sikh Extremists
73782,0,228,10,60,350,13.586484,44.024105,1.0,0,1.0,1,0,3,14,1291,228.0,0,6,0.0,-9,0.0,Houthi extremists (Ansar Allah)
18854,0,92,6,285,3434,28.095366,74.984953,1.0,0,0.0,1,0,1,14,4275,92.0,0,5,2.0,0,0.0,Sikh Extremists
63979,0,159,3,477,3285,-12.950153,-74.020741,3.0,0,0.0,0,0,2,4,12,159.0,0,5,0.0,0,0.0,Shining Path (SL)
8431,0,159,3,477,3284,-13.152712,-74.218628,1.0,0,0.0,1,0,2,3,4117,159.0,0,5,0.0,1,0.0,Shining Path (SL)
42753,0,4,6,524,3647,32.747617,67.60778,1.0,0,0.0,1,0,7,8,4509,4.0,0,8,0.0,1,0.0,Taliban
749,0,603,8,190,1604,55.011562,-7.312045,1.0,0,0.0,1,0,1,4,2141,216.0,0,5,1.0,0,0.0,Irish Republican Army (IRA)
68056,0,147,11,108,616,11.840929,13.141459,1.0,0,0.0,1,1,3,4,20,147.0,0,6,9.0,0,0.0,Boko Haram
14057,0,45,3,368,2556,6.46052,-71.72989,3.0,0,0.0,1,0,1,3,3235,45.0,0,5,1.0,0,0.0,National Liberation Army of Colombia (ELN)
69042,0,228,10,48,309,12.825647,44.846416,1.0,0,0.0,1,0,3,6,355,228.0,0,6,0.0,0,0.0,Houthi extremists (Ansar Allah)
26227,0,69,8,135,1016,42.699997,9.447317,1.0,0,0.0,1,0,7,2,1614,69.0,0,5,0.0,1,0.0,Corsican National Liberation Front (FLNC)
25994,0,159,3,479,3347,-15.042001,-70.367966,1.0,0,0.0,1,0,2,14,4149,159.0,0,5,8.0,0,0.0,Shining Path (SL)
82780,0,147,11,118,1412,10.030051,8.799994,2.0,0,1.0,1,0,2,14,27,147.0,0,5,9.0,-9,0.0,Fulani extremists
56579,0,182,11,74,428,4.73538,45.2024,1.0,0,0.0,1,0,3,4,562,65.0,0,6,0.0,1,0.0,Al-Shabaab
60009,1,121,5,14,68,4.945556,118.257222,1.0,0,0.0,1,0,6,1,125,44.0,0,5,0.0,0,1.0,Abu Sayyaf Group (ASG)
51302,0,228,10,52,328,13.928919,46.079398,3.0,0,0.0,1,0,3,17,657,228.0,0,6,3.0,0,0.0,Al-Qaida in the Arabian Peninsula (AQAP)
51703,0,95,10,36,257,33.540672,44.251266,1.0,0,1.0,1,0,3,3,85,95.0,0,6,1.0,0,0.0,Al-Qaida in Iraq
50585,0,92,6,125,867,24.551295,84.140936,1.0,0,0.0,0,0,2,3,1391,92.0,0,5,0.0,0,0.0,Communist Party of India - Maoist (CPI-Maoist)
19823,0,183,11,20,201,-32.949255,27.734962,1.0,0,0.0,1,0,1,3,275,183.0,0,6,0.0,1,0.0,African National Congress (South Africa)
12639,0,159,3,483,3301,-8.872222,-77.893611,1.0,0,0.0,1,0,2,4,1772,159.0,0,5,25.0,1,0.0,Shining Path (SL)
19953,0,159,3,277,2118,-11.967368,-76.978462,1.0,0,0.0,1,0,3,2,4822,159.0,0,6,0.0,1,0.0,Tupac Amaru Revolutionary Movement (MRTA)
37815,0,95,10,252,2421,34.633333,45.3,3.0,0,0.0,0,0,3,14,3075,95.0,0,6,1.0,-9,0.0,Muslim extremists
78944,0,113,10,295,2362,32.831712,21.687634,1.0,0,0.0,0,0,1,4,3029,113.0,0,5,0.0,0,0.0,Muslim extremists
15172,0,92,6,337,3490,32.040763,75.401886,1.0,0,0.0,1,0,3,1,4362,92.0,0,6,0.0,1,0.0,Sikh Extremists
61639,0,45,3,361,24,1.637898,-77.745208,4.0,0,0.0,1,0,6,2,3984,45.0,0,6,0.0,1,1.0,Revolutionary Armed Forces of Colombia (FARC)
26271,0,92,6,133,3443,19.075984,72.877656,1.0,0,0.0,1,0,2,3,4354,92.0,0,5,3.0,1,0.0,Sikh Extremists
48717,0,153,6,352,3738,34.965592,71.822004,1.0,0,0.0,1,0,2,14,4568,153.0,0,5,1.0,0,0.0,Tehrik-i-Taliban Pakistan (TTP)
49453,0,228,10,52,316,13.219398,45.307838,1.0,1,0.0,1,0,3,1,666,228.0,0,6,110.0,1,0.0,Al-Qaida in the Arabian Peninsula (AQAP)
78956,0,160,5,404,2716,9.617466,125.40209,1.0,1,0.0,0,0,2,2,3389,160.0,0,5,0.0,0,0.0,New People's Army (NPA)
59315,0,228,10,52,327,13.129726,45.385571,1.0,1,0.0,1,0,2,17,347,228.0,0,5,2.0,0,0.0,Al-Qaida in the Arabian Peninsula (AQAP)
52325,0,153,6,352,3749,33.47483,71.48759,1.0,0,0.0,1,0,3,3,559,153.0,0,6,6.0,1,0.0,Tehrik-i-Taliban Pakistan (TTP)
59681,0,182,11,65,442,3.037389,43.796963,1.0,0,0.0,1,0,2,4,162,182.0,0,5,12.0,1,0.0,Al-Shabaab
13169,0,145,2,446,2511,12.688718,-86.112515,2.0,1,0.0,1,0,7,1,3582,145.0,0,5,1.0,1,0.0,Nicaraguan Democratic Force (FDN)
24354,0,45,3,364,2496,8.308585,-73.613541,1.0,0,0.0,1,0,6,1,3143,45.0,0,5,0.0,0,1.0,National Liberation Army of Colombia (ELN)
19724,0,43,3,271,2106,-33.366238,-70.505302,1.0,0,0.0,1,0,3,21,2767,43.0,0,6,0.0,1,0.0,Manuel Rodriguez Patriotic Front (FPMR)
10731,0,145,2,437,2913,13.564854,-86.028297,3.0,1,0.0,1,0,2,4,3551,145.0,0,5,1.0,1,0.0,Nicaraguan Democratic Force (FDN)
19518,1,45,3,363,2492,4.667128,-74.106056,1.0,0,0.0,1,0,6,10,3236,45.0,0,5,0.0,0,1.0,National Liberation Army of Colombia (ELN)
76940,0,209,10,232,1860,38.373308,40.075578,1.0,0,0.0,1,0,1,14,2390,209.0,0,5,1.0,0,0.0,Kurdistan Workers' Party (PKK)
17951,0,159,3,477,3284,-13.152712,-74.218628,1.0,0,0.0,1,0,2,2,4090,159.0,0,5,1.0,1,0.0,Shining Path (SL)
4169,0,69,8,142,1048,42.467512,9.473267,1.0,0,0.0,1,0,3,1,1628,69.0,0,6,0.0,1,0.0,Corsican National Liberation Front (FLNC)
5115,0,69,8,140,1014,41.591369,9.278311,1.0,0,0.0,1,0,3,20,1619,69.0,0,6,0.0,1,0.0,Corsican National Liberation Front (FLNC)
61362,0,182,11,68,404,2.059819,45.326115,1.0,0,0.0,1,0,1,2,831,182.0,0,5,1.0,0,0.0,Al-Shabaab
8829,0,183,11,25,161,-33.941849,18.41964,1.0,0,0.0,1,0,3,2,382,183.0,0,6,1.0,1,0.0,African National Congress (South Africa)
53932,0,92,6,133,2177,19.414501,80.590422,1.0,1,0.0,0,0,2,3,12,92.0,0,5,0.0,0,0.0,Maoists
82880,0,95,10,37,254,36.354145,43.14357,1.0,0,0.0,1,0,3,14,13,95.0,0,6,2.0,1,0.0,Islamic State of Iraq and the Levant (ISIL)
33022,0,159,3,277,2118,-11.967368,-76.978462,1.0,0,0.0,1,0,3,1,4066,159.0,0,6,0.0,1,0.0,Shining Path (SL)
38811,0,45,3,360,3136,7.10577,-77.76488,1.0,0,0.0,1,0,1,2,3848,45.0,0,5,1.0,0,0.0,Revolutionary Armed Forces of Colombia (FARC)
7758,0,603,8,190,1603,54.607712,-5.95621,1.0,0,0.0,1,0,3,4,1797,216.0,0,6,0.0,1,0.0,Irish Republican Army (IRA)
23612,0,97,10,458,3043,31.771599,35.2034,1.0,0,0.0,0,0,1,14,3628,97.0,0,9,0.0,0,0.0,Palestinians
15440,0,92,6,337,3425,31.326015,75.576183,1.0,0,0.0,1,0,6,2,4328,92.0,0,5,5.0,1,1.0,Sikh Extremists
47085,0,92,6,127,813,18.446111,81.166667,1.0,0,0.0,1,0,3,3,1333,92.0,0,6,0.0,-9,0.0,Communist Party of India - Maoist (CPI-Maoist)
41873,0,95,10,37,254,36.354145,43.14357,1.0,0,0.0,1,1,1,3,488,95.0,0,6,4.0,1,0.0,Al-Qaida in Iraq
29589,0,92,6,493,3441,30.378179,76.776697,1.0,1,0.0,1,0,1,2,4285,92.0,0,5,5.0,0,0.0,Sikh Extremists
26315,0,159,3,480,3299,-13.531688,-71.966924,1.0,0,0.0,1,0,1,2,4079,159.0,0,5,1.0,0,0.0,Shining Path (SL)
24051,0,603,8,190,1664,54.842824,-6.667731,1.0,0,0.0,0,0,1,4,2213,233.0,0,6,0.0,1,0.0,Irish Republican Army (IRA)
64271,0,95,10,33,247,33.303566,44.371773,1.0,0,0.0,1,0,3,14,2300,95.0,0,6,2.0,-9,0.0,Islamic State of Iraq and the Levant (ISIL)
44255,0,186,6,215,2077,7.945898,81.52227,1.0,0,0.0,1,0,3,14,2611,186.0,0,6,0.0,1,0.0,Liberation Tigers of Tamil Eelam (LTTE)
14037,0,61,2,149,24,13.77413,-89.212516,4.0,0,1.0,1,0,3,21,1782,61.0,0,6,0.0,1,0.0,Farabundo Marti National Liberation Front (FMLN)
52290,0,95,10,36,275,34.010471,44.148235,1.0,0,1.0,1,0,3,14,13,95.0,0,6,2.0,0,0.0,Al-Qaida in Iraq
53646,0,153,6,352,3807,34.833333,72.441667,1.0,0,0.0,1,0,2,17,4650,153.0,0,5,1.0,0,0.0,Tehrik-i-Taliban Pakistan (TTP)
25644,0,209,10,229,1818,39.54068,43.682701,3.0,0,0.0,1,0,2,4,562,209.0,0,5,19.0,1,0.0,Kurdistan Workers' Party (PKK)
64611,0,214,9,145,1126,48.380714,37.934223,1.0,1,0.0,1,0,2,4,1697,214.0,0,6,0.0,-9,0.0,Donetsk People's Republic
51282,0,147,11,108,611,11.655408,13.412932,1.0,0,1.0,1,0,3,3,175,147.0,0,6,0.0,1,0.0,Boko Haram
53182,0,160,5,0,24,6.524553,122.011764,4.0,0,0.0,1,0,2,1,52,160.0,0,5,1.0,0,0.0,Abu Sayyaf Group (ASG)
49024,0,92,6,128,843,23.788266,87.265564,1.0,0,0.0,1,0,1,2,1364,92.0,0,5,1.0,-9,0.0,Communist Party of India - Maoist (CPI-Maoist)
41478,0,141,6,266,2175,27.708754,85.329498,1.0,0,0.0,0,0,2,3,2884,141.0,0,5,0.0,0,0.0,Maoists
62630,0,228,10,55,321,13.985013,45.558479,1.0,0,0.0,1,0,2,3,559,228.0,0,5,2.0,1,0.0,Al-Qaida in the Arabian Peninsula (AQAP)
68974,0,160,5,410,2710,12.872289,124.009018,1.0,0,1.0,0,0,2,4,48,160.0,0,5,0.0,0,0.0,New People's Army (NPA)
69379,0,214,9,145,1089,48.327225,38.025673,1.0,1,0.0,1,0,3,4,48,214.0,0,6,1.0,-9,0.0,Donetsk People's Republic
4632,0,97,10,458,3043,31.771599,35.2034,1.0,0,0.0,0,0,3,14,3723,97.0,0,6,0.0,1,0.0,Palestinians
25210,0,186,6,215,2011,7.529372,81.794609,1.0,0,0.0,1,0,3,19,2559,186.0,0,6,0.0,1,0.0,Liberation Tigers of Tamil Eelam (LTTE)
56014,0,95,10,34,274,33.953167,44.921906,1.0,0,1.0,1,1,3,13,2334,95.0,0,6,6.0,0,0.0,Islamic State of Iraq and the Levant (ISIL)
55303,0,4,6,514,3544,31.766705,64.618607,3.0,0,0.0,1,0,3,4,4441,422.0,0,6,12.0,0,0.0,Taliban
5224,0,69,8,136,131,48.856644,2.34233,1.0,0,0.0,1,0,3,14,1564,69.0,0,6,0.0,1,0.0,Corsican National Liberation Front (FLNC)
82510,0,182,11,68,404,2.059819,45.326115,1.0,0,0.0,1,0,1,14,849,182.0,0,5,2.0,1,0.0,Al-Shabaab
20492,0,92,6,337,3404,30.450829,74.882875,1.0,0,0.0,1,0,1,2,4240,92.0,0,5,2.0,0,0.0,Sikh Extremists
51397,0,4,6,512,3539,32.100204,66.901016,1.0,0,0.0,1,0,2,14,4493,4.0,0,5,1.0,0,0.0,Taliban
79643,0,92,6,130,792,18.16408,81.953482,3.0,0,1.0,1,0,6,14,2877,92.0,0,9,1.0,0,1.0,Maoists
50255,0,104,11,79,403,2.809093,40.927444,1.0,0,0.0,1,0,3,1,823,104.0,0,5,0.0,1,0.0,Al-Shabaab
17852,0,43,3,271,2106,-33.366238,-70.505302,1.0,0,1.0,1,0,3,1,765,43.0,0,6,0.0,1,0.0,Manuel Rodriguez Patriotic Front (FPMR)
42034,0,186,6,267,2023,6.906671,81.559293,1.0,0,0.0,1,0,3,3,2535,186.0,0,6,0.0,1,0.0,Liberation Tigers of Tamil Eelam (LTTE)
23117,0,97,10,462,3098,32.793921,34.990615,1.0,0,0.0,1,0,7,14,3760,97.0,0,8,0.0,1,0.0,Palestinians
49179,0,95,10,36,272,34.621521,43.668377,1.0,0,0.0,1,1,3,3,557,95.0,0,6,61.0,1,0.0,Al-Qaida in Iraq
47226,0,160,5,1,81,6.033317,120.947301,1.0,0,0.0,1,0,3,19,157,160.0,0,6,0.0,1,0.0,Abu Sayyaf Group (ASG)
63461,0,214,9,145,1127,48.268059,38.52132,1.0,0,0.0,1,0,3,4,48,214.0,0,6,0.0,0,0.0,Donetsk People's Republic
47773,0,92,6,126,812,22.959166,85.965274,1.0,0,0.0,1,0,2,3,1331,92.0,0,5,1.0,-9,0.0,Communist Party of India - Maoist (CPI-Maoist)
49297,0,92,6,125,784,25.561362,84.309496,1.0,0,0.0,1,0,7,1,1305,92.0,0,8,0.0,1,0.0,Communist Party of India - Maoist (CPI-Maoist)
48994,0,92,6,131,919,18.435465,79.129664,1.0,0,1.0,1,0,2,14,1450,92.0,0,5,1.0,-9,0.0,Communist Party of India - Maoist (CPI-Maoist)
69904,0,228,10,51,1571,15.566652,45.787139,1.0,0,0.0,1,0,3,4,167,422.0,0,6,50.0,1,0.0,Houthi extremists (Ansar Allah)
23810,0,155,10,456,3039,32.222271,35.253506,1.0,0,0.0,1,0,1,14,3710,155.0,0,9,1.0,0,0.0,Palestinians
54958,1,228,10,52,331,13.92892,46.079399,1.0,0,0.0,1,0,6,4,706,228.0,0,5,1.0,-9,1.0,Al-Qaida in the Arabian Peninsula (AQAP)
53484,0,93,5,318,2400,-1.40232,120.758233,1.0,0,1.0,1,0,3,14,3060,93.0,0,6,0.0,1,0.0,Muslim extremists
46219,0,4,6,514,3619,31.680202,64.31221,1.0,0,0.0,1,0,3,20,4490,4.0,0,6,4.0,-9,0.0,Taliban
63072,0,214,9,145,1080,48.020912,37.529469,1.0,0,1.0,1,0,3,4,48,214.0,0,6,1.0,-9,0.0,Donetsk People's Republic
9484,0,185,8,86,508,43.18418,-2.473289,1.0,0,0.0,1,0,3,3,943,185.0,0,6,1.0,1,0.0,Basque Fatherland and Freedom (ETA)
30370,0,60,10,336,2438,27.557791,30.811893,1.0,0,0.0,1,0,2,3,2198,60.0,0,5,1.0,1,0.0,Muslim extremists
27362,0,92,6,337,3425,31.326015,75.576183,1.0,1,0.0,1,0,2,3,562,92.0,0,5,4.0,1,0.0,Sikh Extremists
57917,0,95,10,32,263,33.420948,43.295662,1.0,0,1.0,1,0,2,3,175,95.0,0,5,0.0,1,0.0,Islamic State of Iraq and the Levant (ISIL)
10244,0,159,3,477,3312,-13.942825,-74.312575,1.0,0,0.0,1,0,2,14,4103,159.0,0,5,79.0,1,0.0,Shining Path (SL)
22000,0,155,10,456,3039,32.222271,35.253506,1.0,0,0.0,1,0,1,14,3660,97.0,0,9,1.0,0,0.0,Palestinians
28763,0,603,8,190,1603,54.607712,-5.95621,1.0,0,0.0,1,0,1,14,2111,233.0,0,6,1.0,0,0.0,Irish Republican Army (IRA)
39825,0,160,5,0,8,6.556828,121.883449,1.0,1,0.0,1,0,1,14,66,160.0,0,9,1.0,0,0.0,Abu Sayyaf Group (ASG)
73134,0,153,6,427,3787,34.602047,71.516363,1.0,0,0.0,1,0,3,7,4625,153.0,0,6,2.0,1,0.0,Tehrik-i-Taliban Pakistan (TTP)
17476,0,160,5,3,9,10.295334,123.87825,1.0,0,0.0,1,0,3,3,431,160.0,0,6,1.0,1,0.0,New People's Army (NPA)
28864,0,186,6,261,2019,8.738157,80.477147,3.0,0,0.0,1,0,2,4,2529,186.0,0,5,0.0,1,0.0,Liberation Tigers of Tamil Eelam (LTTE)
54985,0,4,6,529,3654,36.533157,65.784839,1.0,1,0.0,1,0,2,3,162,4.0,0,5,1.0,0,0.0,Taliban
12422,0,145,2,444,2883,12.17609,-86.03771,1.0,0,0.0,1,0,2,14,3532,145.0,0,5,4.0,1,0.0,Nicaraguan Democratic Force (FDN)
53394,0,95,10,33,247,33.303566,44.371773,1.0,0,1.0,1,1,3,3,547,95.0,0,6,2.0,1,0.0,Al-Qaida in Iraq
19187,0,61,2,150,1247,13.24111,-87.96,1.0,0,0.0,1,0,3,4,1762,61.0,0,5,0.0,1,0.0,Farabundo Marti National Liberation Front (FMLN)
6353,0,185,8,86,509,43.258434,-2.921819,1.0,0,0.0,1,0,3,2,1100,185.0,0,6,0.0,1,0.0,Basque Fatherland and Freedom (ETA)
10676,0,61,2,147,1167,13.85077,-88.90406,1.0,0,0.0,1,0,2,4,1772,61.0,0,5,5.0,1,0.0,Farabundo Marti National Liberation Front (FMLN)
21657,0,43,3,271,2106,-33.366238,-70.505302,1.0,0,0.0,1,0,3,21,1761,43.0,0,6,0.0,1,0.0,Manuel Rodriguez Patriotic Front (FPMR)
4232,0,69,8,142,1016,42.699997,9.447317,1.0,0,0.0,1,0,3,14,1609,69.0,0,6,0.0,1,0.0,Corsican National Liberation Front (FLNC)
12491,0,145,2,447,2932,14.13638,-83.944069,1.0,0,0.0,1,0,2,14,3562,145.0,0,5,1.0,1,0.0,Nicaraguan Democratic Force (FDN)
75192,0,147,11,166,1349,7.350826,8.836276,2.0,0,1.0,1,0,2,14,27,147.0,0,5,1.0,0,0.0,Fulani extremists
71615,0,60,10,290,2354,31.250196,34.24128,1.0,0,0.0,1,0,2,4,497,60.0,0,5,1.0,0,0.0,Muslim extremists
75496,0,60,10,288,2350,28.087597,30.761305,1.0,0,0.0,1,0,7,14,3022,60.0,0,8,0.0,1,0.0,Muslim extremists
63781,0,147,11,167,1389,8.973316,7.987165,1.0,0,1.0,1,0,7,14,27,147.0,0,8,1.0,1,0.0,Fulani extremists
65510,0,160,5,392,2787,13.795153,122.251963,1.0,0,0.0,1,0,2,4,3454,160.0,0,5,2.0,1,0.0,New People's Army (NPA)
74319,0,173,10,188,24,17.700589,43.604145,4.0,0,0.0,0,0,3,4,577,173.0,0,6,0.0,0,0.0,Houthi extremists (Ansar Allah)
46091,0,182,11,68,404,2.059819,45.326115,1.0,0,0.0,1,0,2,10,836,182.0,0,5,1.0,-9,0.0,Al-Shabaab
81957,0,160,5,406,2665,10.117858,123.224263,1.0,0,0.0,1,0,1,14,3349,160.0,0,5,1.0,0,0.0,New People's Army (NPA)
55070,1,160,5,4,15,6.929089,122.07885,1.0,0,0.0,1,0,6,1,135,160.0,0,5,1.0,0,1.0,Abu Sayyaf Group (ASG)
7993,0,183,11,18,137,-29.861824,31.008293,1.0,0,0.0,1,0,3,19,391,183.0,0,6,0.0,1,0.0,African National Congress (South Africa)
54940,0,92,6,126,909,24.035711,84.477637,1.0,0,0.0,1,0,7,14,1440,92.0,0,8,0.0,1,0.0,Communist Party of India - Maoist (CPI-Maoist)
46493,0,92,6,128,946,23.687114,86.97355,1.0,0,0.0,1,0,3,2,1479,92.0,0,6,1.0,-9,0.0,Communist Party of India - Maoist (CPI-Maoist)
23287,0,155,10,456,3083,31.862497,35.46188,1.0,0,0.0,1,0,1,14,3713,155.0,0,9,1.0,0,0.0,Palestinians
61198,0,160,5,13,2784,8.3061,125.093932,1.0,0,0.0,1,0,1,2,3449,160.0,0,5,1.0,1,0.0,New People's Army (NPA)
21504,0,186,6,261,2013,8.964041,80.787941,1.0,0,0.0,1,0,1,14,2601,186.0,0,5,4.0,0,0.0,Liberation Tigers of Tamil Eelam (LTTE)
29604,0,155,10,456,3039,32.222271,35.253506,1.0,0,0.0,0,0,2,4,3768,97.0,0,8,0.0,1,0.0,Palestinians
12211,0,145,2,445,2958,12.833333,-86.8,1.0,0,0.0,1,0,2,4,1762,145.0,0,5,1.0,1,0.0,Nicaraguan Democratic Force (FDN)
19690,0,183,11,19,136,-26.184113,28.033232,1.0,0,0.0,1,0,3,4,277,96.0,0,6,1.0,1,0.0,African National Congress (South Africa)
61872,0,228,10,52,322,14.061252,46.914978,1.0,0,1.0,1,1,3,4,172,228.0,0,6,4.0,-9,0.0,Al-Qaida in the Arabian Peninsula (AQAP)
47954,0,160,5,396,2644,8.280488,126.255202,1.0,0,0.0,1,0,2,3,3337,160.0,0,5,2.0,-9,0.0,New People's Army (NPA)
25568,0,92,6,493,3466,29.969512,76.878282,1.0,0,0.0,1,0,3,1,4317,92.0,0,6,3.0,1,0.0,Sikh Extremists
29375,0,603,8,190,24,54.787715,-6.492314,4.0,0,1.0,1,0,7,1,321,233.0,0,8,0.0,1,0.0,Irish Republican Army (IRA)
42021,0,185,8,86,24,43.07563,-2.223667,4.0,0,1.0,1,0,3,1,1029,185.0,0,6,0.0,1,0.0,Basque Fatherland and Freedom (ETA)
71528,0,182,11,68,404,2.059819,45.326115,1.0,0,0.0,1,0,1,10,892,182.0,0,6,1.0,1,0.0,Al-Shabaab
50941,0,228,10,50,378,16.930414,49.365315,3.0,1,0.0,1,0,1,3,755,228.0,0,5,1.0,1,0.0,Al-Qaida in the Arabian Peninsula (AQAP)
13520,0,61,2,158,1170,13.437973,-88.460995,1.0,0,0.0,1,0,3,2,1776,61.0,0,5,1.0,1,0.0,Farabundo Marti National Liberation Front (FMLN)
60064,0,214,9,145,1068,47.981647,37.762325,1.0,0,0.0,1,0,6,12,1740,422.0,0,5,0.0,0,1.0,Donetsk People's Republic
83407,0,147,11,111,1370,8.215909,5.633592,1.0,0,0.0,1,0,2,14,1924,147.0,0,5,0.0,1,0.0,Fulani extremists
19986,0,159,3,277,2118,-11.967368,-76.978462,1.0,0,0.0,1,0,3,4,4770,159.0,0,6,0.0,1,0.0,Tupac Amaru Revolutionary Movement (MRTA)
42321,0,186,6,260,1968,6.874658,79.860483,1.0,0,0.0,0,0,3,10,2481,186.0,0,6,0.0,0,0.0,Liberation Tigers of Tamil Eelam (LTTE)
51384,0,95,10,33,247,33.303566,44.371773,1.0,0,1.0,1,0,2,3,85,95.0,0,5,3.0,0,0.0,Al-Qaida in Iraq
38505,0,185,8,87,537,37.38264,-5.996295,1.0,0,1.0,1,0,1,4,993,185.0,0,5,2.0,0,0.0,Basque Fatherland and Freedom (ETA)
66006,1,228,10,53,314,15.325443,44.211895,1.0,0,0.0,1,0,6,7,1993,422.0,0,5,0.0,0,1.0,Houthi extremists (Ansar Allah)
22623,0,159,3,475,3326,-11.822224,-75.392952,3.0,0,1.0,1,0,3,21,1761,159.0,0,6,0.0,1,0.0,Shining Path (SL)
40472,0,185,8,91,522,43.46096,-3.807934,1.0,0,0.0,1,0,3,14,1110,185.0,0,6,0.0,-9,0.0,Basque Fatherland and Freedom (ETA)
17734,0,43,3,270,2105,-33.010693,-71.527794,1.0,0,1.0,1,0,3,21,2763,43.0,0,6,0.0,1,0.0,Manuel Rodriguez Patriotic Front (FPMR)
31046,0,97,10,458,3043,31.771599,35.2034,1.0,0,0.0,0,0,3,19,3698,97.0,0,6,0.0,1,0.0,Palestinians
11015,0,185,8,86,515,43.291618,-1.977903,1.0,0,0.0,1,0,3,4,1023,185.0,0,6,0.0,1,0.0,Basque Fatherland and Freedom (ETA)
11903,0,43,3,272,2110,-36.816006,-73.037659,1.0,1,0.0,1,0,3,21,1107,43.0,0,6,1.0,1,0.0,Manuel Rodriguez Patriotic Front (FPMR)
18303,0,45,3,362,2979,6.441862,-75.72667,1.0,0,0.0,1,0,3,21,4801,45.0,0,6,0.0,1,0.0,Tupac Amaru Revolutionary Movement (MRTA)
52960,0,60,10,290,2352,31.1279,34.161843,1.0,0,0.0,0,0,2,21,3028,60.0,0,5,0.0,0,0.0,Muslim extremists
1545,0,97,10,458,3043,31.771599,35.2034,1.0,0,0.0,1,0,3,14,415,97.0,0,6,2.0,1,0.0,Palestinians
41949,0,141,6,266,2194,26.760601,85.926979,1.0,0,0.0,1,0,3,3,2900,141.0,0,6,4.0,1,0.0,Maoists
60517,0,147,11,169,1422,8.235524,11.052084,1.0,0,0.0,1,0,2,14,27,147.0,0,5,3.0,1,0.0,Fulani extremists
12764,0,159,3,477,3290,-12.983333,-74.183333,2.0,0,0.0,1,0,2,14,4063,159.0,0,5,17.0,1,1.0,Shining Path (SL)
54497,0,147,11,167,1296,8.455538,8.212538,1.0,0,1.0,1,0,7,14,27,147.0,0,5,5.0,1,0.0,Fulani extremists
17683,0,61,2,159,24,13.447063,-88.556531,4.0,0,1.0,1,0,3,21,1107,61.0,0,6,0.0,1,0.0,Farabundo Marti National Liberation Front (FMLN)
13053,0,45,3,366,2550,7.060051,-73.853115,1.0,0,0.0,1,0,7,1,3261,217.0,0,8,0.0,1,0.0,National Liberation Army of Colombia (ELN)
30150,0,159,3,475,3869,-11.056033,-75.328236,1.0,0,0.0,1,0,2,4,2198,159.0,0,5,5.0,1,0.0,Tupac Amaru Revolutionary Movement (MRTA)
76783,0,182,11,73,460,3.32728,42.218563,1.0,0,0.0,1,0,3,1,512,182.0,0,6,0.0,1,0.0,Al-Shabaab
60259,0,113,10,303,2373,32.094952,20.268871,1.0,0,0.0,1,0,3,6,355,113.0,0,6,0.0,-9,0.0,Muslim extremists
55350,0,182,11,66,429,1.789637,44.529976,1.0,0,0.0,1,0,2,14,838,182.0,0,5,2.0,0,0.0,Al-Shabaab
19607,0,92,6,285,3487,27.599444,76.8625,1.0,0,0.0,1,0,2,14,554,92.0,0,5,9.0,0,0.0,Sikh Extremists
77671,0,228,10,60,350,13.586484,44.024105,1.0,0,1.0,1,0,3,4,542,228.0,0,6,0.0,1,0.0,Houthi extremists (Ansar Allah)
51932,0,45,3,359,2549,8.65,-72.733333,1.0,1,0.0,1,0,2,3,85,45.0,0,6,8.0,0,0.0,Revolutionary Armed Forces of Colombia (FARC)
25624,0,209,10,234,1829,40.001744,42.3441,1.0,0,0.0,1,0,2,4,2368,209.0,0,5,4.0,1,0.0,Kurdistan Workers' Party (PKK)
27183,0,159,3,277,2118,-11.967368,-76.978462,1.0,0,1.0,1,0,3,1,2132,159.0,0,6,0.0,1,0.0,Tupac Amaru Revolutionary Movement (MRTA)
60118,0,147,11,118,1385,9.248437,10.185178,2.0,0,0.0,1,0,2,14,27,147.0,0,5,4.0,1,0.0,Fulani extremists
26533,0,159,3,277,2118,-11.967368,-76.978462,1.0,0,0.0,1,0,3,2,4781,159.0,0,6,1.0,1,0.0,Tupac Amaru Revolutionary Movement (MRTA)
60146,0,147,11,120,690,11.277037,9.882266,3.0,0,0.0,1,0,3,4,1251,147.0,0,6,3.0,1,0.0,Boko Haram
16404,0,61,2,158,1196,13.483333,-88.466667,1.0,0,0.0,1,0,3,1,1826,61.0,0,6,1.0,1,0.0,Farabundo Marti National Liberation Front (FMLN)
46569,0,92,6,126,860,24.311127,84.515665,1.0,0,0.0,1,0,3,8,1382,92.0,0,6,0.0,1,0.0,Communist Party of India - Maoist (CPI-Maoist)
35044,0,186,6,260,1968,6.941837,79.861687,1.0,0,0.0,1,1,3,1,765,186.0,0,6,90.0,1,0.0,Liberation Tigers of Tamil Eelam (LTTE)
6569,0,69,8,142,1041,42.615508,8.907482,1.0,0,0.0,1,0,3,14,1617,69.0,0,6,0.0,1,0.0,Corsican National Liberation Front (FLNC)
20460,0,45,3,365,2494,4.809979,-75.849038,1.0,0,0.0,1,0,2,4,1762,45.0,0,5,9.0,1,0.0,National Liberation Army of Colombia (ELN)
17628,0,183,11,20,201,-32.949255,27.734962,1.0,0,0.0,1,0,2,3,267,183.0,0,5,3.0,1,0.0,African National Congress (South Africa)
17228,0,45,3,378,2560,4.72288,-76.11931,1.0,0,0.0,1,0,2,14,3237,45.0,0,5,1.0,1,1.0,National Liberation Army of Colombia (ELN)
50345,0,147,11,108,646,11.829979,12.630177,1.0,0,1.0,1,0,3,3,1264,147.0,0,6,0.0,1,0.0,Boko Haram
54722,0,182,11,65,470,3.115641,43.64658,1.0,0,0.0,1,0,2,14,890,182.0,0,6,4.0,0,0.0,Al-Shabaab
74018,0,153,6,427,3784,34.421209,71.117328,1.0,0,1.0,0,0,2,4,4621,153.0,0,5,1.0,0,0.0,Tehrik-i-Taliban Pakistan (TTP)
25863,0,603,8,190,1636,54.515694,-6.055724,1.0,0,0.0,1,0,1,1,2182,233.0,0,5,1.0,0,0.0,Irish Republican Army (IRA)
23293,0,43,3,271,2106,-33.366238,-70.505302,1.0,0,0.0,1,0,3,2,2748,43.0,0,6,0.0,1,0.0,Manuel Rodriguez Patriotic Front (FPMR)
27504,0,159,3,475,3335,-12.068306,-75.210163,1.0,0,1.0,1,0,3,1,2132,159.0,0,6,0.0,1,0.0,Shining Path (SL)
69019,0,182,11,73,477,2.349308,42.280334,1.0,0,0.0,1,0,1,14,902,182.0,0,5,1.0,0,0.0,Al-Shabaab
65478,0,95,10,32,1724,32.04298,42.254261,1.0,0,0.0,1,1,1,2,2303,95.0,0,6,6.0,1,0.0,Islamic State of Iraq and the Levant (ISIL)
32887,0,155,10,456,3039,32.222271,35.253506,1.0,0,0.0,1,0,2,3,175,97.0,0,5,0.0,1,0.0,Palestinians
15833,0,45,3,369,1195,9.26868,-74.53037,1.0,0,0.0,1,0,2,14,3976,45.0,0,5,10.0,1,0.0,Revolutionary Armed Forces of Colombia (FARC)
80880,0,95,10,34,1725,34.147392,45.129864,1.0,0,0.0,0,0,2,4,172,95.0,0,5,1.0,0,0.0,Islamic State of Iraq and the Levant (ISIL)
21121,0,186,6,215,1976,8.499728,81.094412,1.0,0,0.0,1,0,2,4,1762,186.0,0,5,3.0,1,0.0,Liberation Tigers of Tamil Eelam (LTTE)
20299,0,92,6,494,3410,28.585836,77.153336,1.0,0,0.0,1,0,3,19,56,92.0,0,6,1.0,1,0.0,Sikh Extremists
22301,0,183,11,19,169,-26.371483,28.408806,1.0,0,0.0,1,0,3,3,315,183.0,0,6,0.0,1,0.0,African National Congress (South Africa)
49257,0,92,6,126,823,23.628333,85.521111,1.0,1,1.0,1,0,3,19,1344,92.0,0,6,0.0,1,0.0,Communist Party of India - Maoist (CPI-Maoist)
3884,0,45,3,378,2590,3.583748,-76.495727,1.0,0,0.0,1,0,3,2,3272,45.0,0,6,0.0,1,0.0,National Liberation Army of Colombia (ELN)
58122,0,92,6,131,2217,17.850509,80.894976,2.0,1,0.0,1,0,2,3,2914,92.0,0,9,1.0,0,0.0,Maoists
83487,0,95,10,34,1726,33.824244,44.789265,3.0,0,0.0,0,0,3,20,6,95.0,0,6,0.0,0,0.0,Islamic State of Iraq and the Levant (ISIL)
46786,0,92,6,126,782,23.744186,84.504429,3.0,1,0.0,1,0,2,3,1326,92.0,0,5,1.0,-9,0.0,Communist Party of India - Maoist (CPI-Maoist)
17379,0,159,3,277,2118,-11.967368,-76.978462,1.0,0,1.0,1,0,5,10,1907,159.0,0,5,0.0,1,0.0,Tupac Amaru Revolutionary Movement (MRTA)
56912,0,228,10,58,337,13.148959,44.85055,2.0,0,0.0,1,0,2,14,814,228.0,0,5,1.0,0,0.0,Muslim extremists
74511,0,147,11,166,1337,7.487471,9.236722,1.0,0,0.0,1,0,2,14,27,147.0,0,5,5.0,0,0.0,Fulani extremists
71816,0,228,10,51,357,15.45639,45.324871,1.0,0,0.0,1,0,3,4,524,228.0,0,6,0.0,0,0.0,Houthi extremists (Ansar Allah)
52289,0,95,10,34,286,33.375759,44.702866,1.0,0,1.0,1,0,3,14,13,95.0,0,6,2.0,0,0.0,Al-Qaida in Iraq
59305,0,147,11,108,733,11.107834,12.761358,3.0,0,0.0,1,0,2,14,27,147.0,0,5,4.0,1,0.0,Boko Haram
58556,0,228,10,48,309,12.825647,44.846416,1.0,0,0.0,0,0,2,21,693,228.0,0,5,0.0,0,0.0,Al-Qaida in the Arabian Peninsula (AQAP)
53434,0,113,10,295,2445,32.896839,21.965679,1.0,0,0.0,1,0,2,3,20,113.0,0,6,3.0,0,0.0,Muslim extremists
69942,0,95,10,34,251,33.100529,44.584492,1.0,1,0.0,1,0,3,14,13,95.0,0,6,2.0,0,0.0,Islamic State of Iraq and the Levant (ISIL)
28952,0,97,10,456,3051,32.410221,35.281722,1.0,0,0.0,1,0,8,4,12,97.0,0,9,0.0,1,0.0,Palestinians
81204,0,37,11,117,673,11.046735,14.140454,1.0,0,0.0,1,1,3,14,13,37.0,0,6,5.0,0,0.0,Boko Haram
11423,1,159,3,477,3341,-13.604425,-74.753503,1.0,0,0.0,1,0,2,14,4142,159.0,0,5,40.0,1,1.0,Shining Path (SL)
25479,0,43,3,271,2106,-33.366238,-70.505302,1.0,0,0.0,1,0,2,1,1185,43.0,0,5,0.0,1,0.0,Manuel Rodriguez Patriotic Front (FPMR)
21901,0,185,8,86,515,43.291618,-1.977903,1.0,0,0.0,1,0,3,3,1050,185.0,0,6,0.0,1,0.0,Basque Fatherland and Freedom (ETA)
35140,0,159,3,277,2118,-11.967368,-76.978462,1.0,0,0.0,1,0,3,1,4062,159.0,0,6,0.0,1,0.0,Shining Path (SL)
9368,0,185,8,89,517,40.465595,-3.696263,1.0,0,0.0,1,0,1,4,1125,185.0,0,5,1.0,0,0.0,Basque Fatherland and Freedom (ETA)
63740,1,228,10,56,329,14.030833,43.627778,3.0,0,0.0,1,0,6,4,524,228.0,0,5,16.0,1,1.0,Al-Qaida in the Arabian Peninsula (AQAP)
59202,0,147,11,118,640,9.933421,8.88309,1.0,0,0.0,1,0,2,15,1241,147.0,0,5,0.0,-9,0.0,Fulani extremists
15968,0,185,8,86,515,43.291618,-1.977903,1.0,0,1.0,1,0,2,14,994,69.0,0,8,0.0,1,0.0,Basque Fatherland and Freedom (ETA)
81746,0,95,10,37,254,36.354145,43.14357,1.0,0,0.0,1,1,3,4,524,95.0,0,6,4.0,1,0.0,Islamic State of Iraq and the Levant (ISIL)
5104,0,69,8,142,1034,42.55,8.75,1.0,0,0.0,1,0,3,1,1600,69.0,0,6,0.0,1,0.0,Corsican National Liberation Front (FLNC)
68294,0,160,5,396,2726,9.216819,125.966701,1.0,0,0.0,0,0,3,20,6,160.0,0,6,0.0,0,0.0,New People's Army (NPA)
37819,0,45,3,363,2492,4.667128,-74.106056,1.0,0,0.0,0,0,3,14,3147,45.0,0,6,0.0,0,0.0,National Liberation Army of Colombia (ELN)
3256,0,603,8,190,1603,54.607712,-5.95621,1.0,0,0.0,1,0,2,3,2174,233.0,0,5,1.0,0,0.0,Irish Republican Army (IRA)
65144,0,214,9,145,1068,47.981647,37.762325,1.0,0,1.0,1,0,3,21,1729,214.0,0,6,0.0,1,0.0,Donetsk People's Republic
61882,0,147,11,115,634,11.974328,8.50026,1.0,0,0.0,1,1,3,8,1268,147.0,0,6,1.0,0,0.0,Boko Haram
33303,0,97,10,458,3043,31.771599,35.2034,1.0,0,0.0,1,0,1,4,3706,97.0,0,9,0.0,0,0.0,Palestinians
62025,0,147,11,112,1427,10.044406,7.993349,1.0,0,0.0,1,0,2,15,1208,147.0,0,5,1.0,1,0.0,Fulani extremists
43288,0,186,6,215,1969,7.733107,81.68882,1.0,0,0.0,1,0,3,1,6,186.0,0,6,2.0,1,0.0,Liberation Tigers of Tamil Eelam (LTTE)
60762,0,214,9,145,1092,48.785413,37.599078,4.0,0,0.0,1,0,2,4,1707,214.0,0,5,1.0,1,0.0,Donetsk People's Republic
16316,0,183,11,18,193,-29.941403,30.939766,1.0,0,0.0,1,0,3,3,298,183.0,0,6,0.0,1,0.0,African National Congress (South Africa)
49626,0,153,6,352,3775,34.217285,71.561043,1.0,0,0.0,1,1,3,3,3027,153.0,0,6,82.0,1,0.0,Tehrik-i-Taliban Pakistan (TTP)
7558,0,183,11,18,137,-29.861824,31.008293,1.0,0,0.0,1,0,3,21,276,183.0,0,6,0.0,1,0.0,African National Congress (South Africa)
49461,0,95,10,36,272,34.621521,43.668377,1.0,0,0.0,1,1,3,2,565,95.0,0,6,68.0,1,0.0,Al-Qaida in Iraq
48955,0,92,6,133,894,19.20001,80.338021,2.0,0,0.0,1,0,2,14,1424,92.0,0,9,1.0,0,0.0,Communist Party of India - Maoist (CPI-Maoist)
16214,0,145,2,448,2914,12.3089,-86.78852,1.0,0,0.0,1,0,2,4,1762,145.0,0,5,1.0,1,0.0,Nicaraguan Democratic Force (FDN)
82273,0,147,11,118,1304,9.849939,8.683439,1.0,0,1.0,1,0,2,14,27,147.0,0,5,9.0,0,0.0,Fulani extremists
71659,0,228,10,53,314,15.325443,44.211895,1.0,0,0.0,1,0,2,7,1990,155.0,0,5,0.0,0,0.0,Houthi extremists (Ansar Allah)
64636,0,28,9,296,2364,45.183961,15.828342,1.0,0,0.0,1,0,2,15,3030,28.0,0,9,0.0,0,0.0,Muslim extremists
65970,0,45,3,359,2525,8.40255,-73.20768,1.0,1,0.0,1,0,2,4,12,45.0,0,6,6.0,0,0.0,National Liberation Army of Colombia (ELN)
53374,0,228,10,52,317,13.887403,45.863647,1.0,0,0.0,1,1,3,17,680,228.0,0,6,3.0,0,0.0,Al-Qaida in the Arabian Peninsula (AQAP)
3026,0,603,8,190,1604,55.011562,-7.312045,1.0,0,0.0,1,0,1,4,2110,216.0,0,5,1.0,0,0.0,Irish Republican Army (IRA)
18932,0,183,11,19,136,-26.184113,28.033232,1.0,0,0.0,0,0,1,3,344,183.0,0,5,0.0,0,0.0,African National Congress (South Africa)
40160,0,160,5,0,46,6.41871,121.972443,1.0,0,0.0,1,0,2,14,67,160.0,0,9,2.0,-9,0.0,Abu Sayyaf Group (ASG)
56127,0,153,6,468,3130,24.891115,67.143311,1.0,0,0.0,1,0,2,14,4660,153.0,0,6,2.0,1,0.0,Tehrik-i-Taliban Pakistan (TTP)
64811,0,214,9,145,1099,48.346134,38.424828,1.0,1,0.0,1,0,3,4,48,214.0,0,6,0.0,-9,0.0,Donetsk People's Republic
48187,0,153,6,427,3772,33.697271,71.144852,3.0,0,1.0,1,0,3,14,4659,153.0,0,6,0.0,1,0.0,Tehrik-i-Taliban Pakistan (TTP)
1521,0,96,8,195,1635,54.83279,-7.481274,1.0,0,0.0,1,0,1,4,2124,96.0,0,5,1.0,0,0.0,Irish Republican Army (IRA)
10826,0,145,2,437,2916,13.662336,-86.437449,1.0,0,0.0,1,0,2,4,1762,145.0,0,5,16.0,1,0.0,Nicaraguan Democratic Force (FDN)
35317,0,186,6,215,2078,8.758981,80.984445,1.0,0,0.0,1,0,3,14,27,186.0,0,6,2.0,1,0.0,Liberation Tigers of Tamil Eelam (LTTE)
29274,0,155,10,325,2354,31.278791,34.256435,1.0,0,0.0,0,0,1,4,3627,97.0,0,5,0.0,0,0.0,Palestinians
76854,0,228,10,60,350,13.586484,44.024105,1.0,0,1.0,1,0,3,14,925,228.0,0,6,0.0,-9,0.0,Houthi extremists (Ansar Allah)
43469,0,186,6,261,1998,8.980118,79.912462,1.0,0,0.0,1,0,3,3,2615,186.0,0,6,1.0,0,0.0,Liberation Tigers of Tamil Eelam (LTTE)
65730,0,214,9,145,1092,48.730804,37.574596,1.0,0,1.0,1,0,3,4,524,214.0,0,6,4.0,1,0.0,Donetsk People's Republic
11963,0,145,2,437,2928,13.564249,-86.029855,1.0,0,0.0,1,0,2,14,3561,145.0,0,5,1.0,1,0.0,Nicaraguan Democratic Force (FDN)
48848,0,95,10,33,247,33.303566,44.371773,1.0,0,1.0,1,0,3,1,496,95.0,0,6,1.0,1,0.0,Al-Qaida in Iraq
24292,0,61,2,149,1150,13.69288,-89.199161,1.0,0,0.0,1,0,7,1,1249,61.0,0,8,0.0,1,0.0,Farabundo Marti National Liberation Front (FMLN)
40474,0,45,3,377,3197,4.79961,-74.74089,1.0,0,0.0,1,0,1,2,3967,45.0,0,5,1.0,0,0.0,Revolutionary Armed Forces of Colombia (FARC)
737,0,603,8,190,1603,54.607712,-5.95621,1.0,0,0.0,1,0,1,4,2064,216.0,0,5,1.0,0,0.0,Irish Republican Army (IRA)
73810,0,4,6,508,3590,34.674866,70.21344,1.0,0,0.0,1,0,2,4,172,4.0,0,6,2.0,1,0.0,Taliban
42388,0,95,10,33,247,33.303566,44.371773,1.0,0,0.0,1,1,3,3,6,95.0,0,6,4.0,-9,0.0,Al-Qaida in Iraq
29137,0,159,3,277,2118,-11.967368,-76.978462,1.0,0,1.0,1,0,3,21,1107,159.0,0,6,0.0,1,0.0,Shining Path (SL)
49470,0,45,3,368,3139,6.788008,-71.025959,1.0,0,0.0,1,0,7,19,3850,45.0,0,8,0.0,1,0.0,Revolutionary Armed Forces of Colombia (FARC)
44892,0,160,5,4,15,6.929089,122.07885,1.0,0,0.0,1,0,3,15,44,160.0,0,6,0.0,1,0.0,Abu Sayyaf Group (ASG)
9177,0,185,8,86,540,43.222177,-2.885668,1.0,0,0.0,1,0,3,21,1126,185.0,0,6,0.0,1,0.0,Basque Fatherland and Freedom (ETA)
78061,0,92,6,127,785,18.9,81.35,1.0,0,0.0,1,0,2,14,2863,92.0,0,9,1.0,0,0.0,Maoists
42551,0,45,3,362,607,6.1429,-75.18417,1.0,0,0.0,1,0,3,4,3862,45.0,0,6,4.0,-9,0.0,Revolutionary Armed Forces of Colombia (FARC)
72929,0,37,11,117,637,10.866518,14.150657,1.0,0,0.0,1,1,3,8,51,37.0,0,6,2.0,0,0.0,Boko Haram
31325,0,209,10,233,1852,37.235821,39.762058,1.0,0,0.0,1,0,2,14,2383,209.0,0,5,1.0,0,0.0,Kurdistan Workers' Party (PKK)
50364,0,182,11,68,404,2.059819,45.326115,1.0,0,1.0,1,0,2,4,829,182.0,0,5,3.0,-9,0.0,Al-Shabaab
62523,0,160,5,0,92,6.534351,122.083873,2.0,0,0.0,1,0,2,4,186,160.0,0,5,2.0,1,0.0,Abu Sayyaf Group (ASG)
79281,0,182,11,68,404,2.059819,45.326115,1.0,0,0.0,1,0,2,2,898,182.0,0,5,1.0,0,0.0,Al-Shabaab
14822,0,185,8,86,515,43.291618,-1.977903,1.0,0,0.0,1,0,2,4,1105,185.0,0,5,2.0,1,0.0,Basque Fatherland and Freedom (ETA)
19297,0,183,11,19,144,-25.748281,28.212069,1.0,0,0.0,1,0,3,2,278,183.0,0,6,0.0,1,0.0,African National Congress (South Africa)
49101,0,92,6,129,880,19.17,83.42,3.0,0,0.0,1,0,2,3,1409,92.0,0,5,1.0,0,0.0,Communist Party of India - Maoist (CPI-Maoist)
51487,0,147,11,110,613,11.704399,11.088539,1.0,1,1.0,1,0,3,3,93,147.0,0,6,0.0,1,0.0,Boko Haram
14695,0,43,3,271,2106,-33.366238,-70.505302,1.0,0,0.0,1,0,3,3,2689,43.0,0,6,0.0,1,0.0,Manuel Rodriguez Patriotic Front (FPMR)
66627,0,228,10,48,309,12.825647,44.846416,1.0,0,1.0,1,0,3,14,854,228.0,0,6,3.0,1,0.0,Houthi extremists (Ansar Allah)
69441,0,209,10,221,1876,39.349569,39.209312,3.0,0,0.0,1,0,3,3,559,209.0,0,6,0.0,1,0.0,Kurdistan Workers' Party (PKK)
62206,0,95,10,34,1700,34.271034,45.163567,1.0,0,1.0,1,0,3,14,854,95.0,0,6,0.0,1,0.0,Islamic State of Iraq and the Levant (ISIL)
72795,0,160,5,1,37,6.066797,121.09839,2.0,0,0.0,1,0,2,4,50,160.0,0,9,1.0,0,0.0,Abu Sayyaf Group (ASG)
49136,0,92,6,130,904,22.235807,84.925348,1.0,0,0.0,1,0,3,19,1434,92.0,0,6,0.0,1,0.0,Communist Party of India - Maoist (CPI-Maoist)
14830,0,183,11,26,170,-23.00124,29.768678,1.0,0,0.0,1,0,3,4,351,183.0,0,6,0.0,1,0.0,African National Congress (South Africa)
29011,0,92,6,131,3409,15.478569,78.483093,3.0,0,0.0,1,0,3,2,4244,92.0,0,6,2.0,1,0.0,Sikh Extremists
41725,0,95,10,33,247,33.303566,44.371773,1.0,0,0.0,1,1,3,4,520,95.0,0,6,2.0,1,0.0,Al-Qaida in Iraq
5098,0,69,8,140,1013,41.930607,8.742907,1.0,0,0.0,1,0,3,3,175,69.0,0,6,0.0,1,0.0,Corsican National Liberation Front (FLNC)
18736,0,92,6,337,3428,31.633979,74.872264,3.0,0,0.0,1,0,1,1,1944,92.0,0,5,1.0,0,0.0,Sikh Extremists
68287,0,200,10,200,2356,36.201721,37.14352,1.0,0,1.0,1,0,3,14,925,200.0,0,6,4.0,-9,0.0,Muslim extremists
15624,0,145,2,437,2930,13.496103,-85.916342,1.0,0,0.0,1,0,2,4,1768,145.0,0,5,1.0,1,0.0,Nicaraguan Democratic Force (FDN)
18096,0,159,3,477,3309,-12.955214,-74.252729,1.0,0,0.0,1,0,2,14,4178,159.0,0,5,0.0,1,0.0,Shining Path (SL)
30699,0,92,6,291,971,34.08374,74.789902,1.0,0,0.0,1,0,2,3,562,92.0,0,5,4.0,1,0.0,Sikh Extremists
19536,0,92,6,493,3474,29.390946,76.963502,1.0,0,0.0,1,0,2,14,4342,92.0,0,5,13.0,0,0.0,Sikh Extremists
31301,0,209,10,230,1840,37.885793,41.130124,1.0,0,0.0,1,0,2,1,2387,209.0,0,5,0.0,1,0.0,Kurdistan Workers' Party (PKK)
36021,0,69,8,135,1013,41.930607,8.742907,1.0,0,0.0,1,0,3,1,1602,69.0,0,6,0.0,1,0.0,Corsican National Liberation Front (FLNC)
53533,0,153,6,352,3809,33.796459,71.558487,1.0,0,0.0,1,0,3,3,2901,153.0,0,6,6.0,1,0.0,Tehrik-i-Taliban Pakistan (TTP)
72250,0,95,10,34,1767,33.773349,45.14945,2.0,0,0.0,1,0,3,14,13,95.0,0,6,0.0,0,0.0,Islamic State of Iraq and the Levant (ISIL)
23135,0,155,10,456,3041,31.704338,35.194355,1.0,0,0.0,1,0,2,18,3722,97.0,0,8,0.0,1,0.0,Palestinians
54120,0,95,10,42,268,32.777344,44.289352,1.0,0,1.0,1,0,3,14,516,95.0,0,6,2.0,1,0.0,Al-Qaida in Iraq
67523,0,228,10,60,1546,13.5,43.966667,1.0,0,0.0,1,0,3,4,1991,228.0,0,6,0.0,-9,0.0,Houthi extremists (Ansar Allah)
74240,0,153,6,352,3731,34.006004,71.53743,1.0,1,0.0,1,0,2,3,4664,153.0,0,5,1.0,0,0.0,Tehrik-i-Taliban Pakistan (TTP)
80862,0,160,5,202,1747,8.000721,124.293111,1.0,0,0.0,0,0,2,3,85,160.0,0,5,0.0,0,0.0,Islamic State of Iraq and the Levant (ISIL)
27432,0,97,10,325,3101,31.451665,34.39413,1.0,0,0.0,1,0,3,14,3770,155.0,0,5,1.0,1,0.0,Palestinians
25097,0,61,2,153,1162,13.64121,-88.785423,1.0,0,1.0,1,0,3,21,1830,61.0,0,6,0.0,1,0.0,Farabundo Marti National Liberation Front (FMLN)
71616,1,92,6,127,915,18.700193,80.99749,1.0,0,0.0,1,0,6,14,13,92.0,0,9,1.0,0,1.0,Communist Party of India - Maoist (CPI-Maoist)
77754,0,160,5,4,31,7.601144,122.428098,1.0,0,0.0,0,0,2,4,20,160.0,0,5,2.0,0,0.0,Abu Sayyaf Group (ASG)
62660,0,147,11,172,1312,12.101014,6.724175,2.0,0,1.0,1,0,6,14,27,147.0,0,5,1.0,1,1.0,Fulani extremists
9242,0,185,8,94,531,42.815372,-1.653616,1.0,0,0.0,1,0,1,1,1101,185.0,0,5,1.0,0,0.0,Basque Fatherland and Freedom (ETA)
26719,0,45,3,378,3202,2.969373,-78.185231,2.0,0,0.0,1,0,7,1,3933,45.0,0,8,0.0,1,0.0,Revolutionary Armed Forces of Colombia (FARC)
73293,0,147,11,166,1404,7.596966,8.835927,2.0,0,1.0,1,0,2,14,27,147.0,0,5,2.0,1,0.0,Fulani extremists
32286,0,159,3,475,3877,-10.925868,-74.873099,1.0,0,0.0,1,0,2,4,1788,159.0,0,5,8.0,1,0.0,Tupac Amaru Revolutionary Movement (MRTA)
15770,0,159,3,277,2118,-11.967368,-76.978462,1.0,1,1.0,1,0,3,9,4775,159.0,0,6,0.0,1,0.0,Tupac Amaru Revolutionary Movement (MRTA)
54595,0,153,6,427,3815,33.7075,71.002222,2.0,0,1.0,1,0,3,17,347,153.0,0,6,7.0,1,0.0,Tehrik-i-Taliban Pakistan (TTP)
42695,0,69,8,135,1027,42.121236,8.758887,1.0,0,1.0,0,0,3,14,1576,69.0,0,6,0.0,0,0.0,Corsican National Liberation Front (FLNC)
5797,0,97,10,460,3046,32.08297,34.811886,1.0,0,0.0,1,0,3,19,2847,97.0,0,6,0.0,1,0.0,Palestinians
51744,0,228,10,52,317,13.887403,45.863647,1.0,0,0.0,1,0,3,14,13,228.0,0,6,2.0,-9,0.0,Al-Qaida in the Arabian Peninsula (AQAP)
71559,0,42,11,109,721,13.003044,14.738038,2.0,0,1.0,1,1,3,14,486,42.0,0,6,6.0,0,0.0,Boko Haram
14358,0,183,11,20,138,-32.985771,27.866086,1.0,0,0.0,0,0,3,21,338,183.0,0,6,0.0,1,0.0,African National Congress (South Africa)
73042,0,147,11,166,1353,7.858306,7.871603,2.0,0,1.0,1,0,2,14,27,147.0,0,5,51.0,1,0.0,Fulani extremists
53602,0,147,11,110,613,11.704399,11.088539,1.0,0,0.0,1,0,2,3,1252,147.0,0,5,7.0,0,0.0,Boko Haram
50245,0,45,3,367,3153,2.998638,-75.30562,1.0,1,0.0,1,0,3,4,3873,45.0,0,6,1.0,1,0.0,Revolutionary Armed Forces of Colombia (FARC)
31835,0,159,3,277,2118,-11.967368,-76.978462,1.0,0,0.0,1,0,3,1,4150,159.0,0,6,0.0,1,0.0,Shining Path (SL)
70882,0,160,5,0,5,6.649966,122.133527,1.0,0,0.0,0,0,3,20,6,160.0,0,6,0.0,0,0.0,Abu Sayyaf Group (ASG)
15077,0,61,2,158,1196,13.483333,-88.466667,1.0,0,1.0,1,0,3,21,1803,61.0,0,6,0.0,1,0.0,Farabundo Marti National Liberation Front (FMLN)
65839,0,147,11,114,633,10.304167,11.498889,1.0,0,1.0,1,0,2,2,1224,147.0,0,5,13.0,1,0.0,Boko Haram
14278,0,159,3,277,2118,-11.967368,-76.978462,1.0,0,0.0,1,0,5,10,4799,159.0,0,5,0.0,1,1.0,Tupac Amaru Revolutionary Movement (MRTA)
42542,0,95,10,33,247,33.303566,44.371773,1.0,0,0.0,1,1,3,3,528,95.0,0,6,36.0,-9,0.0,Al-Qaida in Iraq
12066,0,61,2,162,1207,13.933333,-89.166667,1.0,0,0.0,1,0,2,4,1788,61.0,0,5,2.0,1,0.0,Farabundo Marti National Liberation Front (FMLN)
24370,0,92,6,337,3494,31.280747,74.550722,1.0,0,0.0,1,0,2,14,4366,92.0,0,5,8.0,1,0.0,Sikh Extremists
64373,0,228,10,58,337,13.063399,44.880882,1.0,0,0.0,1,0,2,4,12,228.0,0,5,1.0,0,0.0,Al-Qaida in the Arabian Peninsula (AQAP)
77905,0,95,10,37,254,36.354145,43.14357,1.0,0,1.0,1,0,3,14,925,95.0,0,6,3.0,-9,0.0,Islamic State of Iraq and the Levant (ISIL)
55161,0,147,11,112,618,10.506041,7.432823,1.0,0,0.0,1,0,2,3,12,147.0,0,5,2.0,0,0.0,Boko Haram
10225,0,61,2,150,24,14.191665,-89.1706,4.0,0,0.0,1,0,3,21,1761,61.0,0,6,1.0,1,0.0,Farabundo Marti National Liberation Front (FMLN)
79876,0,95,10,37,254,36.354145,43.14357,1.0,0,1.0,1,0,3,4,0,95.0,0,2,0.0,-9,0.0,Islamic State of Iraq and the Levant (ISIL)
83015,0,104,11,67,438,2.609014,40.849056,1.0,0,0.0,1,0,2,3,162,104.0,0,6,0.0,1,0.0,Al-Shabaab
31631,0,92,6,337,3468,30.79503,75.476073,1.0,0,0.0,1,0,2,14,4322,92.0,0,5,18.0,0,0.0,Sikh Extremists
65018,0,95,10,37,1769,36.319386,41.861473,1.0,1,1.0,1,0,3,4,0,95.0,0,6,0.0,-9,0.0,Islamic State of Iraq and the Levant (ISIL)
81632,0,160,5,0,8,6.549955,121.883153,1.0,0,0.0,1,0,2,4,185,160.0,0,5,1.0,0,0.0,Abu Sayyaf Group (ASG)
64823,0,104,11,81,426,-1.749689,41.192947,1.0,0,0.0,1,0,2,4,59,104.0,0,5,3.0,-9,0.0,Al-Shabaab
9441,0,61,2,148,1222,13.812778,-87.819167,1.0,0,0.0,1,0,2,14,1837,61.0,0,5,1.0,1,1.0,Farabundo Marti National Liberation Front (FMLN)
64564,0,45,3,376,3138,2.796235,-76.483157,3.0,0,0.0,1,0,3,19,2948,45.0,0,6,0.0,1,0.0,Revolutionary Armed Forces of Colombia (FARC)
26199,0,159,3,277,2118,-11.967368,-76.978462,1.0,0,0.0,1,0,6,1,4776,159.0,0,5,0.0,0,1.0,Tupac Amaru Revolutionary Movement (MRTA)
70702,0,160,5,1,52,6.068588,121.034669,1.0,0,0.0,1,0,2,3,92,160.0,0,5,0.0,0,0.0,Abu Sayyaf Group (ASG)
82839,1,92,6,130,2234,20.01552,84.186856,1.0,0,0.0,1,0,6,14,2923,92.0,0,5,1.0,0,1.0,Maoists
58928,0,228,10,52,317,13.887403,45.863647,1.0,0,0.0,1,1,3,4,705,228.0,0,6,6.0,-9,0.0,Al-Qaida in the Arabian Peninsula (AQAP)
46308,0,153,6,337,3757,32.5539,72.131987,1.0,0,0.0,1,0,2,3,4590,153.0,0,6,12.0,1,1.0,Tehrik-i-Taliban Pakistan (TTP)
57022,0,228,10,53,314,15.325443,44.211895,1.0,0,0.0,0,0,6,7,651,75.0,0,5,1.0,0,0.0,Al-Qaida in the Arabian Peninsula (AQAP)
48959,0,228,10,57,24,16.249994,45.478097,4.0,0,0.0,1,1,3,15,667,228.0,0,6,16.0,1,0.0,Al-Qaida in the Arabian Peninsula (AQAP)
31466,0,603,8,190,1647,54.50853,-6.763131,1.0,0,0.0,0,0,1,2,2166,233.0,0,5,0.0,0,0.0,Irish Republican Army (IRA)
62541,0,228,10,54,342,14.739842,46.517463,3.0,0,1.0,1,1,3,4,20,228.0,0,6,4.0,1,0.0,Al-Qaida in the Arabian Peninsula (AQAP)
71742,0,200,10,217,1771,35.928802,36.631451,1.0,0,0.0,1,0,2,14,2326,200.0,0,5,1.0,0,0.0,Islamic State of Iraq and the Levant (ISIL)
73488,0,4,6,518,3650,36.070389,69.106918,3.0,0,0.0,1,0,3,3,85,4.0,0,6,0.0,-9,0.0,Taliban
64577,0,228,10,53,314,15.325443,44.211895,1.0,0,0.0,1,0,6,14,1971,228.0,0,5,0.0,0,1.0,Houthi extremists (Ansar Allah)
5406,0,97,10,266,3067,32.178344,34.907985,1.0,0,0.0,1,0,3,14,3755,97.0,0,6,0.0,1,0.0,Palestinians
17891,1,159,3,484,3351,-12.805587,-74.389904,1.0,0,0.0,1,0,6,14,4156,159.0,0,5,1.0,0,1.0,Shining Path (SL)
8427,0,159,3,477,3284,-13.152712,-74.218628,1.0,0,0.0,1,0,3,21,4126,159.0,0,6,1.0,1,0.0,Shining Path (SL)
19341,0,43,3,270,2107,-33.050125,-71.612251,1.0,0,0.0,1,0,3,19,2804,43.0,0,6,0.0,1,0.0,Manuel Rodriguez Patriotic Front (FPMR)
38082,0,186,6,215,2067,8.351263,81.006993,1.0,0,0.0,0,1,1,2,2595,186.0,0,6,2.0,0,0.0,Liberation Tigers of Tamil Eelam (LTTE)
36516,0,45,3,377,3148,4.877025,-74.437413,1.0,1,0.0,1,0,3,19,3868,45.0,0,6,3.0,1,0.0,Revolutionary Armed Forces of Colombia (FARC)
36368,0,45,3,362,3152,7.883605,-76.631923,1.0,1,1.0,1,0,2,19,56,45.0,0,8,0.0,1,0.0,Revolutionary Armed Forces of Colombia (FARC)
14284,0,145,2,446,2890,12.836184,-85.934374,1.0,0,0.0,1,0,2,4,562,145.0,0,5,3.0,1,0.0,Nicaraguan Democratic Force (FDN)
11881,0,145,2,445,1214,12.481654,-87.173207,1.0,0,0.0,1,0,7,1,3541,145.0,0,5,0.0,1,0.0,Nicaraguan Democratic Force (FDN)
9878,0,45,3,469,3210,2.113188,-74.769206,1.0,0,0.0,1,0,2,4,1762,45.0,0,5,5.0,1,0.0,Revolutionary Armed Forces of Colombia (FARC)
33597,0,209,10,223,1816,37.562515,44.293677,3.0,0,0.0,1,0,2,19,549,209.0,0,5,8.0,1,0.0,Kurdistan Workers' Party (PKK)
52971,0,228,10,52,316,13.219398,45.307838,1.0,0,0.0,1,0,2,17,20,228.0,0,5,1.0,0,0.0,Al-Qaida in the Arabian Peninsula (AQAP)
55753,0,95,10,37,254,36.354145,43.14357,1.0,0,1.0,1,0,3,1,512,95.0,0,6,1.0,0,0.0,Islamic State of Iraq and the Levant (ISIL)
11054,0,183,11,19,168,-26.250692,28.441941,1.0,0,0.0,0,0,3,19,334,183.0,0,6,0.0,1,0.0,African National Congress (South Africa)
64169,0,147,11,108,616,11.840929,13.141459,1.0,0,1.0,1,1,3,14,486,147.0,0,6,4.0,1,0.0,Boko Haram
51379,0,95,10,33,247,33.303566,44.371773,1.0,0,1.0,1,1,3,2,219,95.0,0,6,3.0,-9,0.0,Al-Qaida in Iraq
48270,0,153,6,337,3746,33.594013,73.069077,1.0,0,1.0,1,0,2,14,554,153.0,0,5,3.0,1,0.0,Tehrik-i-Taliban Pakistan (TTP)
68882,0,160,5,0,35,6.497216,122.105141,1.0,1,0.0,0,0,1,2,86,160.0,0,6,0.0,0,0.0,Abu Sayyaf Group (ASG)
1895,0,603,8,190,1606,54.077313,-6.608787,1.0,0,0.0,1,0,1,4,2109,216.0,0,5,2.0,0,0.0,Irish Republican Army (IRA)
43992,0,603,8,45,294,55.863239,-4.427852,1.0,0,0.0,1,1,2,6,558,216.0,0,8,1.0,1,0.0,Al-Qaida in Iraq
44605,0,6,10,327,2414,36.77513,5.59993,1.0,0,0.0,1,0,3,4,3077,6.0,0,6,1.0,-9,0.0,Muslim extremists
59071,0,95,10,33,247,33.303566,44.371773,1.0,0,1.0,1,0,3,14,486,95.0,0,6,7.0,0,0.0,Islamic State of Iraq and the Levant (ISIL)
63207,1,147,11,118,1446,9.52996,8.704706,2.0,0,1.0,1,0,2,14,27,147.0,0,5,7.0,1,-9.0,Fulani extremists
70816,0,147,11,169,1323,7.877574,9.779363,2.0,0,0.0,1,0,2,14,13,147.0,0,5,5.0,0,0.0,Fulani extremists
5815,0,185,8,86,509,43.258434,-2.921819,1.0,0,0.0,1,0,2,1,1089,185.0,0,5,0.0,0,0.0,Basque Fatherland and Freedom (ETA)
30390,0,45,3,364,2559,8.248571,-73.581628,1.0,0,0.0,0,0,3,21,3148,45.0,0,6,0.0,1,0.0,National Liberation Army of Colombia (ELN)
53227,0,95,10,37,300,36.352145,43.379663,1.0,0,1.0,0,0,1,4,572,95.0,0,6,0.0,0,0.0,Al-Qaida in Iraq
79596,0,182,11,68,404,2.059819,45.326115,1.0,0,0.0,1,0,2,2,852,182.0,0,5,1.0,0,0.0,Al-Shabaab
22248,0,185,8,86,515,43.291618,-1.977903,1.0,0,0.0,1,0,3,1,990,217.0,0,6,0.0,1,0.0,Basque Fatherland and Freedom (ETA)
43710,0,69,8,135,1016,42.699997,9.447317,1.0,0,1.0,1,0,3,2,1590,69.0,0,6,0.0,1,0.0,Corsican National Liberation Front (FLNC)
5256,0,69,8,136,131,48.856644,2.34233,1.0,0,0.0,1,0,7,1,1569,69.0,0,8,0.0,1,0.0,Corsican National Liberation Front (FLNC)
80764,0,182,11,66,463,1.853883,44.7455,1.0,0,0.0,1,0,7,14,27,182.0,0,8,0.0,1,0.0,Al-Shabaab
54925,0,4,6,519,24,34.857764,63.485656,4.0,0,0.0,1,0,2,3,20,4.0,0,5,5.0,0,0.0,Taliban
8793,0,183,11,27,24,-29.601439,30.376695,4.0,0,0.0,1,0,3,2,358,183.0,0,6,0.0,1,0.0,African National Congress (South Africa)
11274,0,145,2,437,2887,13.759041,-86.017217,1.0,0,0.0,1,0,2,4,1762,145.0,0,5,1.0,1,0.0,Nicaraguan Democratic Force (FDN)
26283,0,69,8,135,1016,42.699997,9.447317,1.0,0,0.0,1,0,3,1,1584,69.0,0,6,0.0,1,0.0,Corsican National Liberation Front (FLNC)
38253,0,45,3,367,3184,2.77772,-75.25743,1.0,0,0.0,1,0,1,4,3978,45.0,0,5,1.0,0,0.0,Revolutionary Armed Forces of Colombia (FARC)
77856,0,45,3,359,2536,8.572842,-73.095568,1.0,0,0.0,1,0,2,4,3209,45.0,0,5,1.0,0,0.0,National Liberation Army of Colombia (ELN)
73543,0,4,6,506,3532,36.967715,67.056002,1.0,0,1.0,1,0,2,4,172,4.0,0,5,2.0,0,0.0,Taliban
53603,0,228,10,58,337,13.148959,44.85055,2.0,0,0.0,1,0,2,17,695,228.0,0,5,0.0,0,0.0,Al-Qaida in the Arabian Peninsula (AQAP)
15998,0,185,8,86,514,43.054198,-2.178116,1.0,0,0.0,1,0,3,3,951,185.0,0,6,0.0,1,0.0,Basque Fatherland and Freedom (ETA)
62661,0,147,11,172,1423,12.404778,6.614351,1.0,0,1.0,1,0,6,14,27,147.0,0,5,1.0,1,1.0,Fulani extremists
23154,0,159,3,277,2118,-11.967368,-76.978462,1.0,0,0.0,1,0,2,10,4757,69.0,0,5,0.0,1,0.0,Tupac Amaru Revolutionary Movement (MRTA)
23761,0,43,3,271,2106,-33.366238,-70.505302,1.0,0,0.0,1,0,3,1,2795,14.0,0,6,0.0,1,0.0,Manuel Rodriguez Patriotic Front (FPMR)
66021,0,147,11,108,728,12.359468,14.210929,1.0,1,0.0,1,0,2,4,1271,147.0,0,5,208.0,-9,0.0,Boko Haram
56611,0,60,10,290,2361,31.126646,33.800865,1.0,0,0.0,1,0,3,1,1573,60.0,0,6,0.0,1,0.0,Muslim extremists
78238,0,182,11,74,412,3.381584,45.598389,1.0,0,0.0,1,1,3,1,512,182.0,0,6,1.0,1,0.0,Al-Shabaab
47281,0,92,6,127,807,20.514853,80.904182,2.0,0,0.0,1,0,2,3,1325,92.0,0,5,1.0,0,0.0,Communist Party of India - Maoist (CPI-Maoist)
7719,0,185,8,86,515,43.291618,-1.977903,1.0,0,0.0,1,0,3,3,1055,185.0,0,6,1.0,1,0.0,Basque Fatherland and Freedom (ETA)
62825,0,200,10,40,260,33.515244,36.292084,1.0,0,1.0,1,0,3,14,931,200.0,0,6,1.0,-9,0.0,Muslim extremists
18204,0,43,3,270,2105,-33.010693,-71.527794,1.0,0,0.0,1,0,3,2,2684,43.0,0,6,0.0,1,0.0,Manuel Rodriguez Patriotic Front (FPMR)
72330,0,160,5,1,22,6.050458,121.012245,1.0,0,0.0,0,0,3,20,6,160.0,0,6,0.0,0,0.0,Abu Sayyaf Group (ASG)
42256,0,45,3,368,2506,7.08582,-70.75779,1.0,0,0.0,1,0,3,15,3163,45.0,0,6,1.0,-9,0.0,National Liberation Army of Colombia (ELN)
83365,0,147,11,113,1347,9.374888,12.093306,2.0,0,1.0,1,0,2,14,27,147.0,0,5,1.0,1,0.0,Fulani extremists
3453,0,185,8,95,515,43.291618,-1.977903,1.0,0,0.0,0,0,3,3,1082,185.0,0,6,0.0,0,0.0,Basque Fatherland and Freedom (ETA)
19974,0,45,3,362,2498,6.242026,-75.564766,1.0,0,0.0,1,0,2,15,3214,45.0,0,5,1.0,1,0.0,National Liberation Army of Colombia (ELN)
46980,1,153,6,427,3740,32.320237,69.859741,3.0,0,0.0,1,0,2,17,4574,153.0,0,8,70.0,1,1.0,Tehrik-i-Taliban Pakistan (TTP)
40163,1,45,3,361,24,1.637898,-77.745208,4.0,0,0.0,1,0,6,14,3156,45.0,0,5,0.0,0,1.0,National Liberation Army of Colombia (ELN)
66449,0,153,6,468,3130,24.891115,67.143311,1.0,0,0.0,1,1,3,4,4564,153.0,0,6,4.0,1,0.0,Tehrik-i-Taliban Pakistan (TTP)
54898,0,95,10,34,287,33.548306,44.415733,1.0,0,1.0,1,0,3,1,512,95.0,0,6,4.0,1,0.0,Al-Qaida in Iraq
64971,0,95,10,38,24,35.470616,44.395746,4.0,0,1.0,1,0,3,3,2297,95.0,0,6,0.0,1,0.0,Islamic State of Iraq and the Levant (ISIL)
17517,0,43,3,271,2106,-33.366238,-70.505302,1.0,0,0.0,1,0,2,3,2687,43.0,0,5,0.0,1,0.0,Manuel Rodriguez Patriotic Front (FPMR)
56569,0,182,11,69,437,4.787206,43.947601,1.0,0,0.0,1,0,2,14,13,182.0,0,5,4.0,0,0.0,Al-Shabaab
28477,0,159,3,277,2118,-11.967368,-76.978462,1.0,0,0.0,1,0,3,1,1577,159.0,0,6,0.0,1,0.0,Shining Path (SL)
12598,0,92,6,337,24,31.147131,75.341218,4.0,0,0.0,1,0,1,14,4288,92.0,0,5,1.0,0,0.0,Sikh Extremists
82150,0,228,10,53,314,15.325443,44.211895,1.0,0,0.0,0,0,1,2,1959,228.0,0,5,0.0,0,0.0,Houthi extremists (Ansar Allah)
34315,0,186,6,261,2027,8.86656,80.5093,1.0,0,0.0,1,0,1,14,2556,186.0,0,5,5.0,0,0.0,Liberation Tigers of Tamil Eelam (LTTE)
37268,1,45,3,369,3172,11.3,-74.183333,2.0,0,1.0,1,0,6,14,3894,45.0,0,5,1.0,0,1.0,Revolutionary Armed Forces of Colombia (FARC)
21134,0,45,3,372,1199,5.675278,-74.899444,2.0,0,0.0,1,0,1,14,3251,45.0,0,5,2.0,0,0.0,National Liberation Army of Colombia (ELN)
4268,0,185,8,95,521,43.291618,-1.977903,1.0,0,0.0,1,0,1,3,1124,185.0,0,5,1.0,0,0.0,Basque Fatherland and Freedom (ETA)
74505,0,146,11,116,635,13.700805,13.309,1.0,0,0.0,1,0,2,14,27,146.0,0,5,6.0,1,0.0,Boko Haram
80236,0,160,5,12,50,9.783552,124.301971,1.0,0,1.0,1,0,6,14,88,160.0,0,5,0.0,0,1.0,Abu Sayyaf Group (ASG)
63098,0,6,10,309,2382,34.789675,-0.553424,1.0,0,0.0,1,0,2,4,48,6.0,0,5,2.0,0,0.0,Muslim extremists
24347,0,45,3,362,2502,6.15782,-75.6436,1.0,0,0.0,1,0,1,14,3149,45.0,0,5,1.0,0,0.0,National Liberation Army of Colombia (ELN)
21105,0,185,8,103,582,42.465776,-2.449995,1.0,0,0.0,1,0,3,1,1108,69.0,0,6,0.0,1,0.0,Basque Fatherland and Freedom (ETA)
22712,0,209,10,235,1832,38.382247,27.168848,1.0,0,0.0,1,0,2,4,1106,209.0,0,5,8.0,1,0.0,Kurdistan Workers' Party (PKK)
31651,0,155,10,325,3048,31.346964,34.30143,1.0,0,0.0,1,0,1,14,3686,155.0,0,5,1.0,0,0.0,Palestinians
62320,0,153,6,427,3824,34.745799,71.337399,2.0,1,0.0,1,0,3,8,878,153.0,0,6,6.0,1,0.0,Tehrik-i-Taliban Pakistan (TTP)
66392,0,214,9,145,1069,47.098835,37.81987,1.0,1,1.0,1,0,2,4,48,214.0,0,6,0.0,0,0.0,Donetsk People's Republic
19490,1,45,3,362,2498,6.242026,-75.564766,1.0,0,0.0,1,0,6,7,3162,45.0,0,5,0.0,0,1.0,National Liberation Army of Colombia (ELN)
63137,0,214,9,145,1068,47.981647,37.762325,1.0,0,0.0,1,0,3,4,1726,214.0,0,6,18.0,1,0.0,Donetsk People's Republic
49389,0,92,6,133,874,19.413354,80.00591,1.0,1,0.0,1,0,2,3,1401,92.0,0,9,1.0,0,0.0,Communist Party of India - Maoist (CPI-Maoist)
19935,0,45,3,362,2597,7.594178,-74.811951,1.0,0,0.0,1,0,2,4,3968,45.0,0,5,0.0,1,0.0,Revolutionary Armed Forces of Colombia (FARC)
10011,0,155,10,456,3059,32.460617,35.301247,1.0,0,0.0,1,0,2,3,3720,97.0,0,8,1.0,1,0.0,Palestinians
58342,0,147,11,108,628,11.089722,13.688376,3.0,0,0.0,1,0,3,19,56,147.0,0,6,7.0,1,0.0,Boko Haram
17791,0,160,5,3,9,10.295334,123.87825,1.0,0,0.0,1,0,1,3,3366,160.0,0,5,3.0,0,0.0,New People's Army (NPA)
22675,0,92,6,337,3444,31.560363,75.028988,3.0,0,0.0,1,0,2,3,562,92.0,0,5,1.0,1,0.0,Sikh Extremists
28605,0,92,6,337,3405,30.898024,75.860077,1.0,1,0.0,1,0,2,3,4287,92.0,0,5,6.0,0,0.0,Sikh Extremists
9420,0,183,11,21,151,-25.674634,31.875862,1.0,0,0.0,1,0,3,3,287,183.0,0,6,0.0,1,0.0,African National Congress (South Africa)
20148,0,186,6,261,1999,8.757816,80.487907,1.0,0,0.0,1,0,3,19,1759,186.0,0,6,0.0,1,0.0,Liberation Tigers of Tamil Eelam (LTTE)
14626,0,61,2,151,1164,13.491242,-88.173134,1.0,0,1.0,1,0,2,4,116,61.0,0,5,10.0,1,0.0,Farabundo Marti National Liberation Front (FMLN)
6516,0,110,10,206,3081,33.793296,35.822422,1.0,0,0.0,1,0,3,14,3705,97.0,0,6,7.0,1,0.0,Palestinians
46215,0,186,6,261,2010,9.267091,80.814248,1.0,0,0.0,1,0,3,11,2610,186.0,0,6,0.0,0,0.0,Liberation Tigers of Tamil Eelam (LTTE)
27830,0,61,2,150,1233,14.050173,-88.837704,1.0,0,0.0,1,0,2,4,1788,61.0,0,5,0.0,1,0.0,Farabundo Marti National Liberation Front (FMLN)
73627,0,95,10,32,24,33.982013,42.594834,4.0,0,1.0,1,1,3,4,0,95.0,0,6,23.0,0,0.0,Islamic State of Iraq and the Levant (ISIL)
10857,0,92,6,337,3425,31.326015,75.576183,1.0,0,0.0,1,0,3,15,4250,92.0,0,6,1.0,1,0.0,Sikh Extremists
14581,0,145,2,449,2880,12.93808,-86.27218,1.0,0,0.0,1,0,2,4,1772,145.0,0,5,0.0,1,0.0,Nicaraguan Democratic Force (FDN)
78631,0,92,6,127,912,18.9,81.35,3.0,0,0.0,1,0,2,3,2854,92.0,0,12,0.0,0,0.0,Maoists
77379,0,147,11,108,630,13.674846,13.338515,1.0,0,0.0,1,0,2,4,1221,147.0,0,5,15.0,0,0.0,Boko Haram
12981,0,92,6,494,3410,28.585836,77.153336,1.0,0,0.0,1,0,1,2,4245,92.0,0,5,1.0,0,0.0,Sikh Extremists
59595,1,214,9,145,1107,48.851688,37.613808,1.0,0,1.0,1,0,5,3,1717,214.0,0,5,1.0,1,1.0,Donetsk People's Republic
58496,0,160,5,1,82,5.913349,120.907287,1.0,0,0.0,1,0,2,4,162,160.0,0,5,1.0,1,0.0,Abu Sayyaf Group (ASG)
12258,0,159,3,477,1164,-13.012617,-73.980897,1.0,0,0.0,1,0,3,2,4162,159.0,0,6,0.0,1,0.0,Shining Path (SL)
44973,0,45,3,373,3154,11.377761,-72.238892,1.0,0,1.0,1,0,3,21,3973,45.0,0,6,0.0,1,0.0,Revolutionary Armed Forces of Colombia (FARC)
78557,0,4,6,507,3565,31.619314,65.050156,1.0,0,1.0,1,0,2,3,93,4.0,0,5,22.0,-9,0.0,Taliban
59431,0,147,11,172,1417,12.124167,6.534444,2.0,0,0.0,1,0,2,17,1935,147.0,0,5,200.0,1,0.0,Fulani extremists
48935,0,45,3,359,2549,8.637411,-72.734019,1.0,1,1.0,1,0,3,19,3878,45.0,0,6,0.0,1,0.0,Revolutionary Armed Forces of Colombia (FARC)
74512,0,147,11,170,1314,7.950747,5.545281,1.0,0,0.0,1,0,2,14,1231,147.0,0,5,2.0,0,0.0,Fulani extremists
69721,0,147,11,108,730,11.459902,13.771974,2.0,0,0.0,1,0,2,14,27,147.0,0,5,24.0,1,0.0,Boko Haram
70715,0,95,10,32,1727,33.449772,43.29578,1.0,0,0.0,0,0,2,4,2304,95.0,0,5,1.0,0,0.0,Islamic State of Iraq and the Levant (ISIL)
56710,0,45,3,368,2510,6.956503,-71.859529,1.0,0,0.0,0,0,3,20,6,45.0,0,6,0.0,0,0.0,National Liberation Army of Colombia (ELN)
58425,1,160,5,2,45,7.037435,118.511496,1.0,0,0.0,1,0,6,1,64,160.0,0,5,0.0,0,1.0,Abu Sayyaf Group (ASG)
30408,0,186,6,261,2013,8.964041,80.787941,1.0,0,0.0,1,0,2,4,2524,186.0,0,5,6.0,1,0.0,Liberation Tigers of Tamil Eelam (LTTE)
71364,0,147,11,108,616,11.840929,13.141459,1.0,0,0.0,1,1,3,4,20,147.0,0,6,8.0,0,0.0,Boko Haram
70172,0,160,5,396,2777,9.234873,126.165522,2.0,0,0.0,1,0,3,3,3443,160.0,0,6,0.0,1,0.0,New People's Army (NPA)
32470,0,160,5,6,27,6.637796,124.599145,1.0,0,0.0,1,0,3,14,34,160.0,0,6,11.0,1,0.0,Abu Sayyaf Group (ASG)
69829,0,228,10,48,309,12.825647,44.846416,1.0,0,0.0,1,0,1,2,713,228.0,0,5,1.0,0,0.0,Al-Qaida in the Arabian Peninsula (AQAP)
14106,0,159,3,484,3305,-13.604444,-75.353111,1.0,0,0.0,1,0,3,19,233,159.0,0,6,1.0,1,0.0,Shining Path (SL)
77237,0,147,11,112,1444,9.507861,8.319892,1.0,1,1.0,1,0,1,2,1942,147.0,0,5,2.0,1,0.0,Fulani extremists
31219,0,209,10,232,1882,38.141497,41.011491,1.0,0,0.0,0,0,1,14,2412,209.0,0,5,0.0,0,0.0,Kurdistan Workers' Party (PKK)
22010,0,160,5,400,2668,10.974698,124.893489,1.0,0,0.0,1,0,2,3,162,160.0,0,5,6.0,1,0.0,New People's Army (NPA)
70810,0,228,10,60,350,13.586484,44.024105,1.0,0,1.0,1,0,3,14,925,228.0,0,6,7.0,-9,0.0,Houthi extremists (Ansar Allah)
31603,0,97,10,261,3063,33.208716,35.572618,1.0,0,0.0,1,0,3,2,3671,97.0,0,6,1.0,1,0.0,Palestinians
40998,0,69,8,135,1037,42.066583,8.738397,1.0,0,1.0,1,0,3,14,1607,69.0,0,6,0.0,1,0.0,Corsican National Liberation Front (FLNC)
66281,0,214,9,145,1069,47.098835,37.81987,1.0,1,0.0,0,0,2,4,1708,214.0,0,5,0.0,0,0.0,Donetsk People's Republic
60453,1,209,10,232,24,38.437833,40.512145,4.0,0,0.0,1,0,6,4,2434,209.0,0,5,0.0,0,1.0,Kurdistan Workers' Party (PKK)
19672,0,160,5,414,2696,18.537136,120.765284,1.0,0,0.0,1,0,6,2,3375,160.0,0,5,1.0,0,1.0,New People's Army (NPA)
76591,0,95,10,36,1696,34.458684,43.795649,3.0,0,0.0,1,0,3,14,854,95.0,0,6,0.0,1,0.0,Islamic State of Iraq and the Levant (ISIL)
44701,0,92,6,129,792,18.364195,81.892418,3.0,0,0.0,1,0,2,14,1312,92.0,0,5,1.0,0,0.0,Communist Party of India - Maoist (CPI-Maoist)
21165,0,183,11,18,137,-29.861824,31.008293,1.0,0,0.0,1,0,3,21,408,183.0,0,6,0.0,1,0.0,African National Congress (South Africa)
23634,1,45,3,377,2534,4.17871,-74.42302,1.0,0,0.0,1,0,6,1,3207,130.0,0,5,0.0,0,1.0,National Liberation Army of Colombia (ELN)
54850,0,95,10,33,247,33.303566,44.371773,1.0,0,1.0,1,0,3,2,535,95.0,0,6,8.0,1,0.0,Al-Qaida in Iraq
48873,0,92,6,126,793,24.168873,84.039211,1.0,0,1.0,1,0,3,2,1313,92.0,0,6,0.0,1,0.0,Communist Party of India - Maoist (CPI-Maoist)
50572,0,228,10,50,377,14.769764,49.374268,1.0,0,0.0,1,0,2,4,754,228.0,0,5,1.0,0,0.0,Al-Qaida in the Arabian Peninsula (AQAP)
81700,0,228,10,52,333,13.519865,46.711736,1.0,0,0.0,1,0,2,4,20,228.0,0,6,3.0,0,0.0,Al-Qaida in the Arabian Peninsula (AQAP)
45247,0,95,10,34,301,33.716995,44.679516,1.0,0,0.0,1,0,6,14,573,95.0,0,5,1.0,-9,1.0,Al-Qaida in Iraq
51471,0,228,10,48,309,12.825647,44.846416,1.0,0,0.0,0,0,2,4,679,228.0,0,5,0.0,0,0.0,Al-Qaida in the Arabian Peninsula (AQAP)
72794,0,4,6,514,3613,32.137698,64.98576,1.0,0,1.0,0,0,2,3,175,4.0,0,5,0.0,0,0.0,Taliban
42700,0,141,6,260,2243,27.654188,82.993161,3.0,0,0.0,1,0,3,14,2928,141.0,0,6,0.0,1,0.0,Maoists
53367,0,4,6,509,3535,32.689845,62.732388,3.0,0,0.0,0,0,1,2,4484,4.0,0,5,1.0,1,0.0,Taliban
44844,0,186,6,261,1999,8.757816,80.487907,1.0,0,0.0,1,0,2,14,609,186.0,0,5,1.0,0,0.0,Liberation Tigers of Tamil Eelam (LTTE)
68288,0,200,10,200,2356,36.201721,37.14352,1.0,0,1.0,1,0,3,14,925,200.0,0,6,4.0,-9,0.0,Muslim extremists
48987,0,95,10,37,254,36.354145,43.14357,1.0,0,0.0,1,0,2,14,569,95.0,0,5,1.0,-9,0.0,Al-Qaida in Iraq
71929,0,182,11,68,404,2.059819,45.326115,1.0,0,0.0,1,0,1,4,839,182.0,0,5,1.0,0,0.0,Al-Shabaab
72563,0,228,10,60,350,13.586484,44.024105,1.0,0,0.0,1,0,3,14,925,228.0,0,6,3.0,-9,0.0,Houthi extremists (Ansar Allah)
28762,0,97,10,458,3043,31.771599,35.2034,1.0,0,0.0,0,0,3,14,3725,97.0,0,6,1.0,1,0.0,Palestinians
22751,0,61,2,148,1149,13.802046,-87.896732,1.0,0,0.0,1,0,2,4,562,61.0,0,5,14.0,1,0.0,Farabundo Marti National Liberation Front (FMLN)
55105,0,92,6,125,2164,24.656056,84.435647,2.0,1,1.0,1,0,3,3,219,92.0,0,6,0.0,1,0.0,Maoists
57389,0,92,6,127,831,20.261553,81.460083,3.0,0,1.0,0,0,3,2,2885,92.0,0,6,0.0,0,0.0,Maoists
38482,1,45,3,362,2564,6.270526,-75.572173,3.0,0,0.0,1,0,6,10,3242,45.0,0,6,0.0,1,1.0,National Liberation Army of Colombia (ELN)
24454,1,92,6,337,3488,30.8623,74.929006,1.0,0,0.0,1,0,6,14,4368,92.0,0,5,11.0,0,1.0,Sikh Extremists
57911,0,95,10,36,288,33.669689,44.381317,1.0,0,1.0,1,0,2,3,175,95.0,0,5,4.0,1,0.0,Muslim extremists
78859,0,92,6,131,805,18.13776,82.686184,2.0,0,0.0,1,0,6,14,1323,92.0,0,5,1.0,0,1.0,Communist Party of India - Maoist (CPI-Maoist)
67382,0,228,10,52,313,13.883349,45.866662,3.0,0,0.0,1,0,3,14,13,228.0,0,6,1.0,-9,0.0,Houthi extremists (Ansar Allah)
14749,0,145,2,445,2915,13.27624,-86.87844,1.0,0,0.0,1,0,2,4,1762,145.0,0,5,10.0,1,0.0,Nicaraguan Democratic Force (FDN)
12150,0,61,2,156,1155,13.83553,-88.985462,1.0,0,0.0,1,0,2,4,1788,61.0,0,5,1.0,1,0.0,Farabundo Marti National Liberation Front (FMLN)
19255,0,69,8,137,1018,43.296482,5.36978,1.0,0,0.0,1,0,3,1,1573,69.0,0,6,0.0,1,0.0,Corsican National Liberation Front (FLNC)
61189,0,182,11,66,411,2.14383,45.118061,1.0,0,0.0,1,0,2,4,497,182.0,0,5,1.0,0,0.0,Al-Shabaab
19892,0,183,11,19,136,-26.184113,28.033232,1.0,0,0.0,1,0,3,14,285,183.0,0,6,2.0,1,0.0,African National Congress (South Africa)
53158,0,147,11,115,634,11.974328,8.50026,1.0,0,1.0,1,0,7,16,1214,147.0,0,8,1.0,1,0.0,Boko Haram
67173,0,147,11,166,1415,7.915185,8.76887,2.0,0,1.0,1,0,2,14,27,147.0,0,5,4.0,0,0.0,Fulani extremists
17801,0,183,11,20,211,-33.89969,25.57362,1.0,0,0.0,1,0,2,3,267,183.0,0,5,1.0,1,0.0,African National Congress (South Africa)
32427,0,45,3,366,2500,7.116294,-73.120026,1.0,0,0.0,1,0,3,2,3145,45.0,0,6,0.0,1,0.0,National Liberation Army of Colombia (ELN)
69271,0,228,10,51,24,15.515888,45.449807,4.0,0,0.0,1,0,3,14,1977,228.0,0,6,0.0,-9,0.0,Houthi extremists (Ansar Allah)
10725,0,159,3,477,3294,-13.65311,-73.95396,1.0,0,0.0,1,0,1,8,4072,159.0,0,5,1.0,0,0.0,Shining Path (SL)
81621,0,4,6,511,3609,33.662383,69.785643,3.0,0,1.0,1,0,7,2,4518,4.0,0,8,0.0,1,0.0,Taliban
15931,0,603,8,190,1627,54.238631,-7.170908,1.0,0,0.0,1,0,1,3,2098,233.0,0,5,1.0,0,0.0,Irish Republican Army (IRA)
72183,0,200,10,200,2356,36.201721,37.14352,1.0,0,0.0,1,0,3,8,51,200.0,0,6,3.0,-9,0.0,Muslim extremists
37143,0,160,5,1,22,6.050458,121.012245,1.0,0,0.0,1,0,3,14,139,160.0,0,6,10.0,1,0.0,Abu Sayyaf Group (ASG)
48652,0,4,6,321,3583,34.417538,70.323938,1.0,0,0.0,1,0,3,2,4453,4.0,0,6,0.0,0,0.0,Taliban
18298,0,92,6,494,3421,28.690073,77.213982,1.0,0,0.0,1,0,2,14,4259,92.0,0,5,10.0,0,0.0,Sikh Extremists
50861,0,228,10,48,309,12.825647,44.846416,1.0,0,0.0,0,0,1,2,649,228.0,0,5,0.0,1,0.0,Al-Qaida in the Arabian Peninsula (AQAP)
8506,0,159,3,480,3364,-12.863341,-72.693008,1.0,0,0.0,1,0,3,19,4177,159.0,0,6,1.0,1,0.0,Shining Path (SL)
16847,0,159,3,277,2118,-11.967368,-76.978462,1.0,0,1.0,1,0,3,1,4754,159.0,0,6,0.0,1,0.0,Tupac Amaru Revolutionary Movement (MRTA)
79726,0,147,11,108,737,12.12052,13.174035,2.0,0,0.0,1,0,2,4,577,147.0,0,5,0.0,1,0.0,Boko Haram
58909,0,182,11,69,405,4.396972,43.908638,1.0,0,0.0,1,0,3,4,810,422.0,0,6,1.0,0,0.0,Al-Shabaab
23990,0,69,8,135,1011,42.113828,8.701548,1.0,0,0.0,1,0,3,1,1551,69.0,0,6,0.0,1,0.0,Corsican National Liberation Front (FLNC)
76255,0,209,10,225,1917,37.546184,41.719601,3.0,0,0.0,1,0,2,4,172,209.0,0,5,3.0,0,0.0,Kurdistan Workers' Party (PKK)
77317,0,92,6,126,899,23.045863,84.541898,1.0,0,0.0,1,0,6,14,1430,92.0,0,5,1.0,0,1.0,Communist Party of India - Maoist (CPI-Maoist)
70469,0,209,10,232,1909,37.935377,40.185566,3.0,0,1.0,1,0,3,4,48,209.0,0,6,1.0,0,0.0,Kurdistan Workers' Party (PKK)
60076,1,92,6,130,798,18.564658,82.963632,1.0,1,0.0,1,0,6,14,27,92.0,0,8,2.0,1,1.0,Communist Party of India - Maoist (CPI-Maoist)
48769,0,92,6,127,882,18.667221,81.671991,1.0,0,0.0,1,0,7,1,1413,92.0,0,8,0.0,1,0.0,Communist Party of India - Maoist (CPI-Maoist)
22034,0,159,3,483,3333,-9.529924,-77.5288,1.0,0,0.0,1,0,2,2,1026,159.0,0,5,1.0,1,0.0,Shining Path (SL)
38201,0,160,5,5,23,7.083241,125.600998,1.0,0,0.0,1,0,6,4,3448,160.0,0,5,0.0,0,1.0,New People's Army (NPA)
66075,0,214,9,145,1071,48.143208,37.753361,1.0,0,0.0,1,0,3,14,205,214.0,0,6,0.0,-9,0.0,Donetsk People's Republic
7399,0,61,2,153,1153,13.433333,-88.7,1.0,0,0.0,1,0,2,4,1762,61.0,0,5,50.0,1,0.0,Farabundo Marti National Liberation Front (FMLN)
25820,0,209,10,238,1870,37.993026,42.141265,1.0,1,0.0,1,0,2,4,562,209.0,0,5,8.0,1,0.0,Kurdistan Workers' Party (PKK)
48871,0,92,6,126,804,23.669296,86.151112,3.0,0,0.0,1,0,3,3,1403,92.0,0,6,1.0,1,0.0,Communist Party of India - Maoist (CPI-Maoist)
63764,0,153,6,337,3745,31.590166,74.575894,1.0,0,0.0,1,1,3,14,13,153.0,0,6,62.0,1,0.0,Tehrik-i-Taliban Pakistan (TTP)
35748,0,45,3,378,2535,3.429344,-76.516037,1.0,1,0.0,1,0,2,19,3217,45.0,0,8,0.0,1,0.0,National Liberation Army of Colombia (ELN)
32500,0,183,11,18,188,-29.688309,30.187246,1.0,1,0.0,1,0,2,22,347,183.0,0,5,6.0,0,0.0,African National Congress (South Africa)
12909,0,69,8,137,1018,43.296482,5.36978,1.0,0,0.0,1,0,3,1,1604,69.0,0,6,0.0,1,0.0,Corsican National Liberation Front (FLNC)
53189,0,95,10,36,259,33.835629,44.247406,1.0,0,1.0,1,0,3,4,20,95.0,0,6,5.0,1,0.0,Al-Qaida in Iraq
17019,0,145,2,437,2854,13.564251,-86.02984,1.0,0,1.0,1,0,3,21,2810,145.0,0,6,0.0,1,0.0,Nicaraguan Democratic Force (FDN)
47010,0,4,6,511,3581,33.598633,69.228996,1.0,0,0.0,1,1,3,2,4463,4.0,0,6,2.0,0,0.0,Taliban
2957,0,603,8,190,1604,55.011562,-7.312045,1.0,0,0.0,1,0,1,4,2116,233.0,0,5,1.0,0,0.0,Irish Republican Army (IRA)
19015,0,159,3,277,2118,-11.967368,-76.978462,1.0,0,0.0,1,0,3,1,2692,199.0,0,6,0.0,1,0.0,Tupac Amaru Revolutionary Movement (MRTA)
65222,0,228,10,53,314,15.325443,44.211895,1.0,0,0.0,1,0,2,4,0,228.0,0,5,2.0,-9,0.0,Houthi extremists (Ansar Allah)
71709,1,92,6,127,2156,21.096881,81.030341,2.0,0,1.0,1,0,6,14,2866,92.0,0,5,1.0,0,1.0,Maoists
8353,0,61,2,157,1238,13.90668,-88.157021,1.0,0,0.0,1,0,2,4,1793,61.0,0,5,0.0,1,0.0,Farabundo Marti National Liberation Front (FMLN)
69567,0,209,10,234,1894,40.663175,42.380213,3.0,0,1.0,1,0,2,17,347,209.0,0,5,1.0,0,0.0,Kurdistan Workers' Party (PKK)
49477,0,153,6,337,3816,30.034319,70.639676,1.0,0,0.0,1,1,3,15,4663,153.0,0,6,52.0,1,0.0,Tehrik-i-Taliban Pakistan (TTP)
31080,0,209,10,207,1711,41.106178,28.689863,1.0,0,0.0,1,0,3,11,2415,209.0,0,6,0.0,1,0.0,Kurdistan Workers' Party (PKK)
15056,0,159,3,277,2118,-11.967368,-76.978462,1.0,0,0.0,1,0,3,1,4841,159.0,0,6,0.0,0,0.0,Tupac Amaru Revolutionary Movement (MRTA)
46968,0,4,6,513,3624,34.021194,68.999535,1.0,0,1.0,1,1,3,3,1314,4.0,0,6,4.0,1,0.0,Taliban
22369,0,209,10,223,1880,37.577041,43.737373,1.0,1,0.0,1,0,2,4,562,209.0,0,5,0.0,1,0.0,Kurdistan Workers' Party (PKK)
35252,0,45,3,374,3213,5.19688,-73.14554,1.0,0,0.0,1,0,3,14,3939,45.0,0,6,2.0,1,0.0,Revolutionary Armed Forces of Colombia (FARC)
50453,0,228,10,50,366,14.54397,49.12458,1.0,0,0.0,1,0,1,3,735,228.0,0,5,1.0,-9,0.0,Al-Qaida in the Arabian Peninsula (AQAP)
13964,0,145,2,453,2902,13.835758,-85.869174,1.0,0,0.0,1,0,2,4,562,145.0,0,5,0.0,1,0.0,Nicaraguan Democratic Force (FDN)
79627,0,104,11,67,403,2.809093,40.927444,1.0,0,0.0,1,0,4,2,559,104.0,0,5,0.0,1,1.0,Al-Shabaab
22244,0,92,6,337,3440,30.679722,76.721944,1.0,0,0.0,1,0,1,10,4283,92.0,0,5,2.0,0,0.0,Sikh Extremists
36409,0,186,6,215,1972,8.577826,81.218719,1.0,1,0.0,1,0,2,2,2513,186.0,0,5,6.0,1,0.0,Liberation Tigers of Tamil Eelam (LTTE)
22308,0,183,11,19,167,-26.286807,28.400863,1.0,0,0.0,1,0,3,3,314,183.0,0,6,0.0,1,0.0,African National Congress (South Africa)
13516,0,159,3,277,2118,-11.967368,-76.978462,1.0,0,0.0,0,0,7,1,4755,159.0,0,8,0.0,1,0.0,Tupac Amaru Revolutionary Movement (MRTA)
82258,0,209,10,223,1912,37.558905,43.612458,1.0,0,0.0,0,0,1,2,2445,209.0,0,6,0.0,0,0.0,Kurdistan Workers' Party (PKK)
67414,0,200,10,208,1719,36.503593,40.740627,1.0,0,1.0,1,0,3,14,925,200.0,0,6,1.0,0,0.0,Islamic State of Iraq and the Levant (ISIL)
49213,0,153,6,352,3731,34.006004,71.53743,1.0,1,1.0,1,1,3,19,4692,153.0,0,6,1.0,1,0.0,Tehrik-i-Taliban Pakistan (TTP)
16968,0,145,2,444,2897,12.49104,-86.28169,1.0,0,0.0,1,0,2,4,1762,145.0,0,5,10.0,1,0.0,Nicaraguan Democratic Force (FDN)
58305,0,92,6,127,2254,19.233219,80.719896,1.0,1,0.0,1,0,2,17,2937,92.0,0,5,1.0,0,0.0,Maoists
19497,0,159,3,477,3287,-12.939782,-74.247478,1.0,0,0.0,1,0,1,3,4058,159.0,0,5,1.0,0,0.0,Shining Path (SL)
52268,0,147,11,108,24,12.12052,13.174035,4.0,0,0.0,1,0,2,3,12,147.0,0,5,3.0,0,0.0,Boko Haram
51273,0,147,11,108,611,11.655408,13.412932,1.0,0,1.0,1,0,3,15,1208,147.0,0,6,0.0,1,0.0,Boko Haram
45872,0,153,6,427,3752,32.306099,69.579956,1.0,1,0.0,1,0,2,14,1452,153.0,0,5,1.0,-9,0.0,Tehrik-i-Taliban Pakistan (TTP)
65241,0,214,9,145,1073,48.064426,37.673248,1.0,0,1.0,1,0,3,4,48,214.0,0,6,1.0,-9,0.0,Donetsk People's Republic
73262,0,147,11,166,1354,7.870772,7.891211,2.0,0,1.0,1,0,2,14,27,147.0,0,5,2.0,1,0.0,Fulani extremists
11775,0,61,2,157,1214,13.818333,-87.971389,1.0,0,0.0,1,0,2,4,1788,61.0,0,5,1.0,1,0.0,Farabundo Marti National Liberation Front (FMLN)
4811,0,69,8,135,24,41.918891,8.737554,4.0,0,1.0,1,0,3,1,1088,69.0,0,6,0.0,1,0.0,Corsican National Liberation Front (FLNC)
20511,0,183,11,18,137,-29.861824,31.008293,1.0,0,0.0,1,0,3,2,296,183.0,0,6,0.0,1,0.0,African National Congress (South Africa)
67619,0,147,11,166,1416,7.585055,8.203927,2.0,0,1.0,1,0,2,14,27,147.0,0,9,1.0,1,0.0,Fulani extremists
43226,0,186,6,260,1968,6.941837,79.861687,1.0,0,0.0,1,0,3,2,2589,186.0,0,6,2.0,-9,0.0,Liberation Tigers of Tamil Eelam (LTTE)
73065,0,160,5,357,2647,7.189447,124.92525,1.0,0,0.0,1,0,3,3,559,160.0,0,6,0.0,1,0.0,New People's Army (NPA)
60271,0,214,9,145,1123,47.792431,38.483189,1.0,1,0.0,1,0,2,4,20,214.0,0,5,1.0,0,0.0,Donetsk People's Republic
14184,0,43,3,272,2110,-36.816006,-73.037659,1.0,0,0.0,1,0,3,1,2709,217.0,0,6,0.0,1,0.0,Manuel Rodriguez Patriotic Front (FPMR)
20018,0,45,3,368,2510,6.95284,-71.87514,1.0,0,0.0,1,0,3,21,3180,45.0,0,6,0.0,1,0.0,National Liberation Army of Colombia (ELN)
38900,0,141,6,215,2146,26.809932,88.009847,1.0,0,0.0,1,0,2,8,2859,141.0,0,9,0.0,0,0.0,Maoists
9518,0,183,11,19,155,-26.252697,27.870275,1.0,0,0.0,1,0,1,2,395,183.0,0,5,3.0,0,0.0,African National Congress (South Africa)
66199,0,147,11,108,636,11.808727,12.495786,1.0,0,0.0,1,1,3,4,20,147.0,0,6,1.0,0,0.0,Boko Haram
26896,0,185,8,86,515,43.291618,-1.977903,1.0,0,0.0,1,0,3,3,975,185.0,0,6,1.0,1,0.0,Basque Fatherland and Freedom (ETA)
7541,0,185,8,86,515,43.291618,-1.977903,1.0,0,0.0,1,0,1,3,1051,185.0,0,5,1.0,0,0.0,Basque Fatherland and Freedom (ETA)
55942,0,228,10,50,318,14.54397,49.12458,1.0,0,0.0,1,0,2,2,642,228.0,0,5,1.0,0,0.0,Al-Qaida in the Arabian Peninsula (AQAP)
53079,0,4,6,507,3556,31.631083,65.742226,1.0,1,0.0,0,1,1,3,4466,4.0,0,6,5.0,1,0.0,Taliban
69515,0,209,10,223,1918,37.303442,44.57696,1.0,1,0.0,1,0,2,3,175,209.0,0,5,5.0,0,0.0,Kurdistan Workers' Party (PKK)
39196,0,185,8,86,512,42.84964,-2.692359,1.0,0,1.0,1,0,3,4,1010,185.0,0,6,0.0,1,0.0,Basque Fatherland and Freedom (ETA)
13055,0,145,2,436,2938,13.130707,-85.971684,3.0,1,0.0,1,0,7,1,3568,145.0,0,5,5.0,1,0.0,Nicaraguan Democratic Force (FDN)
15350,0,43,3,271,2106,-33.366238,-70.505302,1.0,0,1.0,1,0,3,1,2701,43.0,0,6,0.0,1,0.0,Manuel Rodriguez Patriotic Front (FPMR)
32086,0,45,3,359,2519,7.894195,-72.503885,1.0,0,1.0,0,0,3,20,3194,45.0,0,6,0.0,1,0.0,National Liberation Army of Colombia (ELN)
12875,0,69,8,143,1043,45.764043,4.835659,1.0,0,0.0,1,0,3,1,1654,69.0,0,6,0.0,1,0.0,Corsican National Liberation Front (FLNC)
11174,0,45,3,366,2500,7.116294,-73.120026,1.0,0,1.0,1,0,3,15,2773,45.0,0,6,0.0,1,0.0,National Liberation Army of Colombia (ELN)
83493,0,92,6,130,2176,18.464464,82.355801,1.0,1,0.0,1,0,7,1,1327,92.0,0,5,0.0,1,0.0,Maoists
60733,0,214,9,146,1078,49.181837,37.27858,3.0,0,0.0,1,0,2,4,162,214.0,0,5,0.0,1,0.0,Donetsk People's Republic
60913,1,214,9,145,1068,47.981647,37.762325,1.0,1,0.0,1,0,6,14,1728,214.0,0,5,0.0,0,1.0,Donetsk People's Republic
6592,0,185,8,86,567,43.32422,-1.91447,1.0,0,0.0,1,0,1,1,1061,185.0,0,5,1.0,0,0.0,Basque Fatherland and Freedom (ETA)
17523,0,43,3,276,2117,-35.43058,-71.65762,1.0,0,1.0,1,0,3,2,2736,43.0,0,6,0.0,1,0.0,Manuel Rodriguez Patriotic Front (FPMR)
32736,0,69,8,135,1013,41.930607,8.742907,1.0,0,0.0,1,0,3,2,330,69.0,0,6,0.0,1,0.0,Corsican National Liberation Front (FLNC)
31676,0,183,11,19,210,-26.574288,27.840764,1.0,0,0.0,1,0,1,8,389,183.0,0,5,6.0,0,0.0,African National Congress (South Africa)
61092,0,147,11,121,658,10.340723,9.854051,1.0,0,0.0,1,0,3,1,587,147.0,0,6,11.0,1,0.0,Boko Haram
61930,0,214,9,145,1089,48.327225,38.025673,1.0,0,0.0,1,0,2,13,1736,214.0,0,5,1.0,1,0.0,Donetsk People's Republic
29170,0,97,10,456,3051,32.409504,35.28063,1.0,0,0.0,1,0,1,14,3642,155.0,0,5,1.0,0,0.0,Palestinians
60383,0,228,10,50,326,15.940011,48.789753,1.0,0,1.0,1,0,3,4,524,228.0,0,6,3.0,-9,0.0,Al-Qaida in the Arabian Peninsula (AQAP)
27544,0,159,3,277,2118,-11.967368,-76.978462,1.0,0,1.0,1,0,3,1,765,159.0,0,6,0.0,1,0.0,Tupac Amaru Revolutionary Movement (MRTA)
36364,0,45,3,362,3152,7.883605,-76.631923,1.0,1,1.0,1,0,2,19,56,45.0,0,8,0.0,1,0.0,Revolutionary Armed Forces of Colombia (FARC)
62258,0,160,5,389,2658,7.28489,125.857258,1.0,0,0.0,1,0,3,4,59,160.0,0,6,0.0,1,0.0,New People's Army (NPA)
59677,0,214,9,145,1067,47.117252,37.572659,1.0,0,0.0,1,0,7,4,577,214.0,0,5,3.0,1,0.0,Donetsk People's Republic
19663,0,92,6,494,3410,28.585836,77.153336,1.0,0,1.0,0,0,3,14,4375,92.0,0,6,0.0,1,0.0,Sikh Extremists
11068,0,145,2,439,2924,13.45504,-86.405758,1.0,0,0.0,1,0,2,4,1762,145.0,0,5,1.0,1,0.0,Nicaraguan Democratic Force (FDN)
18023,0,159,3,488,3337,-15.235833,-71.883889,2.0,0,1.0,1,0,3,21,1761,159.0,0,6,0.0,1,0.0,Shining Path (SL)
66997,0,228,10,48,309,12.825647,44.846416,1.0,0,0.0,1,0,3,14,1730,228.0,0,6,1.0,-9,0.0,Houthi extremists (Ansar Allah)
68670,0,147,11,108,626,10.737778,13.130556,1.0,0,1.0,1,0,2,15,1241,147.0,0,5,6.0,1,0.0,Boko Haram
44882,0,4,6,507,3625,31.585831,67.028191,3.0,0,0.0,1,0,8,14,4491,4.0,0,9,2.0,0,0.0,Taliban
12399,0,185,8,86,562,43.320664,-3.020252,1.0,0,0.0,1,0,1,4,1123,185.0,0,5,1.0,0,1.0,Basque Fatherland and Freedom (ETA)
63416,0,214,9,145,1068,47.981647,37.762325,1.0,0,0.0,1,0,3,4,1700,214.0,0,6,0.0,-9,0.0,Donetsk People's Republic
83182,1,92,6,125,2280,25.05455,83.677393,3.0,0,0.0,1,0,6,2,2958,92.0,0,5,1.0,0,1.0,Maoists
17014,0,61,2,161,1197,13.921389,-89.845,1.0,0,0.0,1,0,2,19,1804,61.0,0,5,1.0,1,0.0,Farabundo Marti National Liberation Front (FMLN)
12874,0,69,8,143,1043,45.764043,4.835659,1.0,0,0.0,1,0,3,1,1622,69.0,0,6,0.0,1,0.0,Corsican National Liberation Front (FLNC)
7851,0,45,3,362,3230,6.6752,-74.84211,1.0,0,0.0,1,0,2,4,1762,45.0,0,5,4.0,1,0.0,Revolutionary Armed Forces of Colombia (FARC)
75510,0,228,10,50,318,14.54397,49.12458,1.0,0,1.0,1,1,3,4,20,228.0,0,6,3.0,0,0.0,Al-Qaida in the Arabian Peninsula (AQAP)
18942,0,159,3,478,3286,-10.680652,-76.259918,1.0,0,0.0,1,0,3,1,4560,159.0,0,6,0.0,1,0.0,Tupac Amaru Revolutionary Movement (MRTA)
33432,0,43,3,271,2106,-33.366238,-70.505302,1.0,0,0.0,1,0,3,1,283,43.0,0,6,0.0,1,0.0,Manuel Rodriguez Patriotic Front (FPMR)
20875,0,43,3,275,2114,-38.734133,-72.584651,1.0,0,0.0,1,0,3,21,1813,43.0,0,6,0.0,1,0.0,Manuel Rodriguez Patriotic Front (FPMR)
32193,0,603,8,190,1603,54.607712,-5.95621,1.0,0,1.0,1,0,7,1,2132,216.0,0,8,0.0,1,0.0,Irish Republican Army (IRA)
16100,0,183,11,28,24,-25.476646,30.978892,4.0,1,0.0,1,0,3,4,291,183.0,0,6,5.0,1,0.0,African National Congress (South Africa)
21714,0,92,6,337,24,31.147131,75.341218,4.0,0,0.0,1,0,2,3,562,92.0,0,5,1.0,1,0.0,Sikh Extremists
30833,0,45,3,359,2519,7.894195,-72.503885,1.0,0,0.0,1,0,3,6,3178,45.0,0,6,0.0,1,0.0,National Liberation Army of Colombia (ELN)
71636,0,37,11,117,641,11.162543,14.013976,1.0,0,0.0,1,1,3,14,13,37.0,0,6,8.0,-9,0.0,Boko Haram
13338,0,159,3,478,3286,-10.680652,-76.259918,1.0,0,0.0,1,0,3,21,4056,159.0,0,6,1.0,1,0.0,Shining Path (SL)
74740,0,228,10,60,350,13.586484,44.024105,1.0,0,0.0,1,0,3,14,486,228.0,0,6,17.0,1,0.0,Houthi extremists (Ansar Allah)
17748,1,43,3,271,2106,-33.366238,-70.505302,1.0,0,0.0,1,0,3,2,560,43.0,0,6,0.0,1,0.0,Manuel Rodriguez Patriotic Front (FPMR)
53338,0,147,11,121,658,10.30982,9.845172,1.0,0,0.0,1,1,3,15,1211,147.0,0,6,3.0,1,0.0,Boko Haram
57344,0,92,6,126,822,23.805921,86.415512,3.0,0,0.0,1,0,7,1,1343,92.0,0,8,0.0,1,0.0,Communist Party of India - Maoist (CPI-Maoist)
71376,0,92,6,130,2144,20.883056,83.336111,1.0,0,0.0,1,0,1,2,2858,92.0,0,5,1.0,0,1.0,Maoists
48210,0,153,6,352,3755,33.528893,71.056122,1.0,0,0.0,1,0,1,2,4589,153.0,0,5,1.0,0,0.0,Tehrik-i-Taliban Pakistan (TTP)
18225,0,92,6,337,24,31.147131,75.341218,4.0,0,1.0,1,0,1,14,4253,92.0,0,5,1.0,0,0.0,Sikh Extremists
30628,0,603,8,190,1619,54.159548,-6.458147,1.0,0,0.0,1,0,1,14,2077,233.0,0,5,1.0,0,0.0,Irish Republican Army (IRA)
43221,0,186,6,266,2050,7.294184,80.738072,1.0,0,0.0,1,0,3,3,2569,186.0,0,6,1.0,-9,0.0,Liberation Tigers of Tamil Eelam (LTTE)
77639,0,173,10,188,24,19.096906,42.863788,4.0,0,0.0,1,0,3,3,172,173.0,0,6,1.0,-9,0.0,Houthi extremists (Ansar Allah)
60991,0,147,11,108,631,11.083983,13.693092,1.0,0,0.0,1,1,3,4,20,147.0,0,6,4.0,-9,0.0,Boko Haram
53976,0,160,5,405,2662,12.05,125.067,1.0,0,0.0,1,0,2,2,3348,160.0,0,5,0.0,1,0.0,New People's Army (NPA)
64863,0,228,10,50,379,15.944438,48.788861,3.0,0,0.0,1,0,2,3,758,228.0,0,5,1.0,0,0.0,Al-Qaida in the Arabian Peninsula (AQAP)
82008,0,182,11,66,445,2.125396,45.091988,3.0,0,0.0,1,0,3,3,175,182.0,0,6,1.0,1,0.0,Al-Shabaab
83240,0,153,6,332,2428,30.200819,66.994354,1.0,0,0.0,1,1,3,4,559,153.0,0,6,7.0,1,0.0,Tehrik-i-Taliban Pakistan (TTP)
39937,0,141,6,266,2175,27.708754,85.329498,1.0,0,0.0,1,0,3,10,2887,141.0,0,6,0.0,1,0.0,Maoists
16834,0,159,3,277,2118,-11.967368,-76.978462,1.0,0,0.0,1,0,3,2,4121,159.0,0,6,1.0,1,0.0,Shining Path (SL)
15399,0,183,11,19,184,-26.355773,28.208044,1.0,0,0.0,1,0,3,3,267,183.0,0,6,1.0,1,0.0,African National Congress (South Africa)
69493,0,209,10,223,1816,37.570354,44.282055,3.0,0,0.0,1,0,2,3,2407,209.0,0,5,1.0,-9,0.0,Kurdistan Workers' Party (PKK)
10293,0,110,10,457,3040,33.888523,35.503513,1.0,0,0.0,1,0,3,4,3727,97.0,0,6,1.0,1,0.0,Palestinians
83248,0,95,10,33,247,33.303566,44.371773,1.0,0,0.0,0,0,3,20,6,95.0,0,6,0.0,0,0.0,Islamic State of Iraq and the Levant (ISIL)
57849,0,182,11,70,407,-0.357847,42.54665,1.0,0,0.0,1,0,3,4,162,182.0,0,6,1.0,-9,0.0,Al-Shabaab
15153,0,145,2,450,2892,12.293445,-84.411145,3.0,1,0.0,1,0,2,4,1762,145.0,0,5,1.0,1,0.0,Nicaraguan Democratic Force (FDN)
7535,0,45,3,367,24,2.535935,-75.52767,4.0,0,0.0,1,0,2,4,1840,45.0,0,5,6.0,1,0.0,Revolutionary Armed Forces of Colombia (FARC)
35141,0,160,5,7,15,6.929089,122.07885,1.0,0,0.0,1,0,3,15,35,160.0,0,6,1.0,1,0.0,Abu Sayyaf Group (ASG)
72147,0,214,9,145,1089,48.327225,38.025673,1.0,0,0.0,1,0,6,7,1703,422.0,0,5,0.0,0,1.0,Donetsk People's Republic
77072,0,173,10,184,1545,16.74667,43.217305,2.0,0,0.0,1,0,3,4,172,173.0,0,6,0.0,-9,0.0,Houthi extremists (Ansar Allah)
80383,0,147,11,171,1300,4.807169,7.341951,1.0,0,0.0,1,0,2,14,13,147.0,0,5,2.0,0,0.0,Fulani extremists
47916,0,95,10,33,247,33.303566,44.371773,1.0,0,1.0,1,0,3,2,574,95.0,0,6,20.0,-9,0.0,Al-Qaida in Iraq
75820,0,147,11,113,1406,9.327579,12.019064,2.0,0,0.0,1,0,2,14,27,147.0,0,5,0.0,1,0.0,Fulani extremists
59464,0,92,6,125,2264,24.750985,84.374785,3.0,0,0.0,1,0,3,20,6,92.0,0,6,2.0,0,0.0,Maoists
25709,0,186,6,215,1997,7.301756,81.67473,3.0,0,0.0,1,0,2,14,2598,186.0,0,5,0.0,1,0.0,Liberation Tigers of Tamil Eelam (LTTE)
52281,0,95,10,41,291,32.901412,45.077723,1.0,0,1.0,1,0,3,14,553,95.0,0,6,0.0,-9,0.0,Al-Qaida in Iraq
22802,0,43,3,274,2112,-29.906897,-71.25103,1.0,0,0.0,1,0,5,10,2718,43.0,0,5,0.0,1,1.0,Manuel Rodriguez Patriotic Front (FPMR)
51109,0,4,6,514,3541,31.60063,64.369652,1.0,0,0.0,0,0,3,8,4505,4.0,0,6,2.0,-9,0.0,Taliban
4739,0,185,8,86,512,42.84964,-2.692359,1.0,0,0.0,1,0,1,4,1042,185.0,0,5,1.0,0,0.0,Basque Fatherland and Freedom (ETA)
18132,0,97,10,261,3042,32.581387,35.182465,1.0,0,0.0,1,0,1,4,3624,97.0,0,9,1.0,0,0.0,Palestinians
44334,0,95,10,34,249,33.74324,44.623825,1.0,0,0.0,1,1,3,4,597,217.0,0,6,7.0,-9,0.0,Al-Qaida in Iraq
79254,0,153,6,352,3775,34.217285,71.561043,1.0,0,0.0,1,0,1,14,4607,153.0,0,5,1.0,-9,0.0,Tehrik-i-Taliban Pakistan (TTP)
20818,0,43,3,271,2106,-33.366238,-70.505302,1.0,0,0.0,1,0,3,21,2741,43.0,0,6,0.0,1,0.0,Manuel Rodriguez Patriotic Front (FPMR)
19373,0,159,3,491,3860,-6.779131,-79.83942,1.0,0,0.0,1,0,3,1,4759,159.0,0,6,0.0,1,0.0,Tupac Amaru Revolutionary Movement (MRTA)
56181,0,153,6,352,3731,34.006004,71.53743,1.0,0,0.0,0,0,1,3,4609,153.0,0,5,2.0,1,0.0,Tehrik-i-Taliban Pakistan (TTP)
15006,0,145,2,436,2933,14.152916,-85.07312,2.0,1,0.0,1,0,2,4,1762,145.0,0,5,1.0,1,0.0,Nicaraguan Democratic Force (FDN)
11063,0,183,11,19,217,-26.214336,28.167874,1.0,1,0.0,1,0,3,19,334,183.0,0,6,0.0,1,0.0,African National Congress (South Africa)
14914,0,183,11,26,162,-22.351154,30.039773,1.0,1,0.0,1,0,1,14,13,183.0,0,6,1.0,0,0.0,African National Congress (South Africa)
25354,0,160,5,385,2633,15.319526,120.937717,1.0,0,0.0,1,0,6,14,814,160.0,0,5,0.0,0,1.0,New People's Army (NPA)
30899,0,209,10,224,24,38.29049,42.117408,4.0,0,0.0,1,0,6,18,2431,75.0,0,5,0.0,0,1.0,Kurdistan Workers' Party (PKK)
2605,0,185,8,95,515,43.291618,-1.977903,1.0,0,0.0,1,0,2,19,1063,185.0,0,5,1.0,0,0.0,Basque Fatherland and Freedom (ETA)
64204,1,4,6,514,3589,31.859575,64.200998,3.0,0,0.0,1,1,3,4,4469,4.0,0,6,26.0,1,0.0,Taliban
32406,0,45,3,362,2498,6.242026,-75.564766,1.0,0,0.0,1,0,3,1,3181,45.0,0,6,0.0,1,0.0,National Liberation Army of Colombia (ELN)
46186,0,4,6,521,3557,32.853333,68.449722,1.0,0,0.0,1,0,3,1,4449,4.0,0,6,1.0,1,0.0,Taliban
39508,0,186,6,215,1972,8.577826,81.218719,1.0,0,0.0,1,0,2,4,2499,186.0,0,5,4.0,-9,0.0,Liberation Tigers of Tamil Eelam (LTTE)
5477,0,97,10,458,3043,31.771599,35.2034,1.0,0,0.0,1,0,3,4,3510,97.0,0,6,0.0,1,0.0,Palestinians
68389,0,104,11,75,413,1.736307,40.056176,3.0,0,0.0,1,0,1,2,816,104.0,0,5,1.0,0,0.0,Al-Shabaab
73241,0,95,10,38,302,35.303047,44.329933,1.0,0,0.0,1,0,3,14,2317,95.0,0,2,3.0,1,0.0,Islamic State of Iraq and the Levant (ISIL)
15902,1,61,2,156,1231,13.682638,-88.926466,1.0,0,0.0,1,0,2,4,1772,61.0,0,5,1.0,1,0.0,Farabundo Marti National Liberation Front (FMLN)
75366,0,95,10,36,1736,35.415855,43.114769,1.0,0,0.0,1,1,3,4,2329,95.0,0,6,1.0,-9,0.0,Islamic State of Iraq and the Levant (ISIL)
37465,0,186,6,261,2076,9.675413,80.126109,1.0,0,0.0,1,0,3,4,2609,186.0,0,6,3.0,1,0.0,Liberation Tigers of Tamil Eelam (LTTE)
77689,1,147,11,122,1317,8.660257,7.260114,2.0,0,0.0,1,0,6,14,27,147.0,0,5,1.0,1,1.0,Fulani extremists
79561,0,160,5,415,2778,17.892728,121.691519,1.0,0,0.0,1,0,7,1,1463,160.0,0,8,0.0,1,0.0,New People's Army (NPA)
9663,0,61,2,159,24,13.447063,-88.556531,4.0,0,0.0,1,0,7,2,1791,61.0,0,5,0.0,1,0.0,Farabundo Marti National Liberation Front (FMLN)
64434,0,147,11,115,634,11.974328,8.50026,1.0,0,0.0,1,1,3,14,1238,147.0,0,6,6.0,1,0.0,Boko Haram
29358,0,69,8,135,1046,42.476118,9.455497,1.0,0,0.0,1,0,3,1,1623,69.0,0,6,0.0,1,0.0,Corsican National Liberation Front (FLNC)
74019,0,153,6,427,3767,34.458016,71.117305,2.0,0,1.0,1,0,3,4,12,153.0,0,6,1.0,0,0.0,Tehrik-i-Taliban Pakistan (TTP)
35575,0,69,8,135,1013,41.930607,8.742907,1.0,0,0.0,1,0,3,2,1612,69.0,0,6,0.0,1,0.0,Corsican National Liberation Front (FLNC)
18171,0,43,3,271,2106,-33.366238,-70.505302,1.0,0,0.0,1,0,2,10,1907,43.0,0,5,0.0,1,0.0,Manuel Rodriguez Patriotic Front (FPMR)
17455,0,145,2,438,2957,13.047115,-86.267944,1.0,0,0.0,1,0,2,1,3532,145.0,0,5,5.0,1,0.0,Nicaraguan Democratic Force (FDN)
39638,0,186,6,215,1969,7.733107,81.68882,1.0,0,0.0,1,1,3,17,2613,186.0,0,6,4.0,-9,0.0,Liberation Tigers of Tamil Eelam (LTTE)
31959,0,69,8,135,24,41.918891,8.737554,4.0,0,1.0,1,0,3,2,560,69.0,0,6,0.0,1,0.0,Corsican National Liberation Front (FLNC)
32749,0,69,8,135,1012,42.016854,9.403982,1.0,0,1.0,1,0,2,3,1106,69.0,0,5,0.0,1,0.0,Corsican National Liberation Front (FLNC)
67083,0,104,11,67,406,3.938715,41.844707,1.0,0,0.0,1,0,1,2,875,104.0,0,5,1.0,1,1.0,Al-Shabaab
56552,0,228,10,53,314,15.325443,44.211895,1.0,0,0.0,1,0,3,4,56,228.0,0,6,6.0,1,0.0,Al-Qaida in the Arabian Peninsula (AQAP)
73749,0,92,6,126,783,24.19173,86.299815,3.0,0,0.0,1,0,3,3,85,92.0,0,6,0.0,0,0.0,Communist Party of India - Maoist (CPI-Maoist)
15541,0,159,3,477,3287,-12.939782,-74.247478,1.0,0,0.0,1,0,3,14,1065,159.0,0,6,0.0,1,0.0,Shining Path (SL)
77079,0,173,10,184,1528,16.759295,43.184751,2.0,0,0.0,1,0,3,4,172,173.0,0,6,0.0,-9,0.0,Houthi extremists (Ansar Allah)
59274,0,182,11,66,414,1.808302,44.695141,1.0,0,0.0,1,0,3,4,162,422.0,0,6,0.0,-9,0.0,Al-Shabaab
52459,0,95,10,34,297,33.571807,44.536067,1.0,0,0.0,1,0,2,17,20,95.0,0,5,4.0,0,0.0,Al-Qaida in Iraq
52699,0,95,10,38,276,35.688611,44.109167,1.0,0,1.0,1,0,3,20,6,95.0,0,6,0.0,0,0.0,Al-Qaida in Iraq
24208,0,159,3,486,3879,-6.920639,-76.330387,1.0,0,0.0,1,0,3,1,4858,159.0,0,6,0.0,1,0.0,Tupac Amaru Revolutionary Movement (MRTA)
47597,0,92,6,129,828,22.124002,84.043175,3.0,0,0.0,1,0,3,19,1350,92.0,0,6,0.0,1,0.0,Communist Party of India - Maoist (CPI-Maoist)
41737,0,141,6,215,2171,27.021345,87.470224,1.0,0,0.0,1,0,3,4,2878,141.0,0,6,12.0,0,0.0,Maoists
66516,0,214,9,145,1073,48.064426,37.673248,1.0,0,0.0,1,0,2,4,48,214.0,0,6,0.0,0,0.0,Donetsk People's Republic
64768,0,4,6,524,3567,32.903333,67.649722,2.0,0,0.0,1,0,3,17,4452,4.0,0,6,4.0,1,0.0,Taliban
20438,0,43,3,271,2106,-33.366238,-70.505302,1.0,0,0.0,0,0,3,1,2781,43.0,0,6,1.0,1,0.0,Manuel Rodriguez Patriotic Front (FPMR)
81189,0,228,10,60,350,13.586484,44.024105,1.0,0,0.0,1,0,2,14,814,228.0,0,5,1.0,0,0.0,Houthi extremists (Ansar Allah)
63093,0,228,10,51,324,15.8275,44.793889,1.0,0,0.0,1,1,3,17,577,228.0,0,6,16.0,1,0.0,Al-Qaida in the Arabian Peninsula (AQAP)
47486,1,92,6,126,869,23.701401,86.586665,1.0,0,1.0,1,0,6,22,1393,92.0,0,5,1.0,-9,1.0,Communist Party of India - Maoist (CPI-Maoist)
12234,0,145,2,451,2921,11.01844,-84.39811,1.0,0,0.0,1,0,2,1,3558,145.0,0,5,16.0,1,0.0,Nicaraguan Democratic Force (FDN)
67932,0,160,5,1,22,6.050458,121.012245,1.0,0,0.0,1,0,3,3,85,160.0,0,6,0.0,-9,0.0,Abu Sayyaf Group (ASG)
81177,0,209,10,232,1878,38.460168,40.644826,1.0,0,1.0,1,0,1,14,2443,209.0,0,5,1.0,0,0.0,Kurdistan Workers' Party (PKK)
23041,0,155,10,325,3048,31.346964,34.30143,1.0,0,0.0,1,0,1,14,3647,155.0,0,9,1.0,0,0.0,Palestinians
47246,0,160,5,1,77,6.074574,121.134326,1.0,1,0.0,1,0,3,19,152,160.0,0,6,0.0,1,0.0,Abu Sayyaf Group (ASG)
79534,0,160,5,386,2739,8.068792,125.488951,2.0,0,0.0,1,0,2,14,13,160.0,0,5,3.0,0,0.0,New People's Army (NPA)
58989,0,147,11,123,1418,11.55106,7.021365,1.0,0,1.0,1,0,2,14,27,147.0,0,5,40.0,1,0.0,Fulani extremists
74253,0,4,6,512,3670,32.503195,67.415893,2.0,0,0.0,1,0,3,14,13,4.0,0,6,4.0,0,0.0,Taliban
15109,0,145,2,450,2943,12.533333,-84.166667,1.0,0,0.0,1,0,2,4,1762,145.0,0,5,1.0,1,0.0,Nicaraguan Democratic Force (FDN)
19688,0,183,11,19,165,-26.160098,27.872807,1.0,0,0.0,1,0,3,1,411,183.0,0,6,4.0,1,0.0,African National Congress (South Africa)
17844,0,45,3,367,3184,2.77772,-75.25743,1.0,0,0.0,0,0,3,14,3909,45.0,0,6,2.0,1,0.0,Revolutionary Armed Forces of Colombia (FARC)
51290,0,147,11,114,734,10.885618,11.51486,1.0,0,1.0,1,0,2,3,1275,147.0,0,5,2.0,1,0.0,Boko Haram
39993,0,141,6,260,2174,29.231273,80.650008,1.0,0,0.0,1,0,3,2,2881,141.0,0,6,0.0,1,0.0,Maoists
54130,0,95,10,38,250,35.45211,44.375465,1.0,0,1.0,1,1,3,4,551,95.0,0,6,4.0,-9,0.0,Al-Qaida in Iraq
50594,1,160,5,4,79,7.785306,122.592856,1.0,0,0.0,1,0,6,14,154,14.0,0,5,0.0,0,1.0,Abu Sayyaf Group (ASG)
17940,0,43,3,271,2106,-33.366238,-70.505302,1.0,0,0.0,1,0,2,3,2687,43.0,0,5,0.0,1,0.0,Manuel Rodriguez Patriotic Front (FPMR)
1587,0,603,8,190,207,54.208418,-5.891745,1.0,0,0.0,1,0,2,4,2173,233.0,0,5,1.0,0,0.0,Irish Republican Army (IRA)
81110,0,228,10,60,350,13.586484,44.024105,1.0,0,0.0,1,0,3,14,1291,228.0,0,6,1.0,-9,0.0,Houthi extremists (Ansar Allah)
21162,0,61,2,152,1166,13.5,-88.866667,1.0,0,0.0,1,0,3,4,1787,61.0,0,6,0.0,1,0.0,Farabundo Marti National Liberation Front (FMLN)
40346,0,93,5,304,2374,-6.208821,106.846046,1.0,0,0.0,0,0,3,7,2692,217.0,0,6,1.0,-9,0.0,Muslim extremists
45535,0,45,3,378,3174,3.88182,-77.07042,1.0,0,0.0,1,0,3,2,3902,45.0,0,6,0.0,1,0.0,Revolutionary Armed Forces of Colombia (FARC)
22491,0,209,10,222,1827,37.519392,42.461042,1.0,1,0.0,1,0,6,14,2433,209.0,0,5,0.0,0,1.0,Kurdistan Workers' Party (PKK)
29898,0,92,6,337,3405,30.898024,75.860077,1.0,0,0.0,1,0,2,1,4324,92.0,0,5,18.0,0,0.0,Sikh Extremists
19557,0,43,3,271,2106,-33.366238,-70.505302,1.0,0,0.0,1,0,3,19,2700,43.0,0,6,0.0,1,0.0,Manuel Rodriguez Patriotic Front (FPMR)
73357,0,147,11,166,1292,7.258787,8.805645,1.0,0,1.0,1,0,2,14,27,147.0,0,5,0.0,1,0.0,Fulani extremists
53226,0,95,10,37,254,36.354145,43.14357,1.0,0,1.0,1,0,3,3,85,95.0,0,6,0.0,0,0.0,Al-Qaida in Iraq
57651,0,95,10,33,247,33.303566,44.371773,1.0,0,1.0,1,0,3,14,2311,95.0,0,6,3.0,0,0.0,Islamic State of Iraq and the Levant (ISIL)
9975,0,110,10,358,3099,33.266151,35.214058,1.0,0,0.0,1,0,3,4,3762,97.0,0,6,1.0,1,0.0,Palestinians
8083,0,183,11,21,214,-26.470138,29.110281,1.0,0,0.0,1,0,3,21,403,183.0,0,6,0.0,0,0.0,African National Congress (South Africa)
34847,0,186,6,215,1981,7.716667,81.700189,3.0,0,0.0,1,0,2,2,56,186.0,0,5,12.0,1,0.0,Liberation Tigers of Tamil Eelam (LTTE)
48312,0,95,10,32,246,33.31065,44.038208,1.0,0,1.0,1,0,3,17,489,95.0,0,6,1.0,1,0.0,Al-Qaida in Iraq
48850,0,95,10,33,247,33.303566,44.371773,1.0,0,1.0,1,0,3,1,496,95.0,0,6,1.0,1,0.0,Al-Qaida in Iraq
68006,0,214,9,145,1069,47.098835,37.81987,1.0,0,0.0,1,0,2,14,205,214.0,0,6,0.0,-9,0.0,Donetsk People's Republic
16149,0,43,3,271,2106,-33.366238,-70.505302,1.0,0,1.0,1,0,7,19,56,43.0,0,8,0.0,1,0.0,Manuel Rodriguez Patriotic Front (FPMR)
16604,0,183,11,19,136,-26.184113,28.033232,1.0,0,0.0,1,0,3,1,357,183.0,0,6,0.0,1,0.0,African National Congress (South Africa)
59750,0,228,10,53,314,15.325443,44.211895,1.0,0,0.0,0,0,1,3,689,228.0,0,5,0.0,1,0.0,Al-Qaida in the Arabian Peninsula (AQAP)
22018,0,183,11,19,136,-26.184113,28.033232,1.0,0,0.0,1,0,3,14,415,183.0,0,6,0.0,1,0.0,African National Congress (South Africa)
15090,0,159,3,277,2118,-11.967368,-76.978462,1.0,0,0.0,1,0,3,1,4764,159.0,0,6,0.0,1,0.0,Tupac Amaru Revolutionary Movement (MRTA)
63453,0,228,10,55,24,14.358866,45.449806,4.0,0,1.0,1,0,3,14,742,228.0,0,6,0.0,1,0.0,Al-Qaida in the Arabian Peninsula (AQAP)
15632,0,159,3,490,3346,-5.707626,-78.809843,1.0,0,0.0,1,0,3,2,2814,159.0,0,6,0.0,1,0.0,Shining Path (SL)
14455,0,159,3,536,3858,-12.050934,-77.126044,1.0,0,0.0,1,0,3,14,4847,159.0,0,6,0.0,1,0.0,Tupac Amaru Revolutionary Movement (MRTA)
72409,0,228,10,50,24,16.930414,49.365315,4.0,0,0.0,1,0,3,4,559,228.0,0,6,4.0,1,0.0,Al-Qaida in the Arabian Peninsula (AQAP)
62492,0,123,11,312,2389,19.464848,0.856393,1.0,0,0.0,1,0,3,7,167,422.0,0,6,0.0,1,0.0,Muslim extremists
32258,0,603,8,190,1603,54.607712,-5.95621,1.0,0,0.0,1,0,2,3,2204,216.0,0,5,0.0,1,0.0,Irish Republican Army (IRA)
13598,0,43,3,271,2113,-33.686068,-71.216633,1.0,0,0.0,1,0,3,19,56,43.0,0,6,0.0,1,0.0,Manuel Rodriguez Patriotic Front (FPMR)
27515,0,186,6,215,1971,7.301756,81.67473,3.0,0,0.0,1,0,2,4,562,186.0,0,5,6.0,1,0.0,Liberation Tigers of Tamil Eelam (LTTE)
67160,0,147,11,108,686,11.925833,13.605556,1.0,0,0.0,1,0,2,4,172,147.0,0,5,5.0,0,0.0,Boko Haram
72776,0,217,1,313,2390,40.064024,-82.863818,1.0,0,0.0,1,0,2,1,512,217.0,1,9,1.0,0,0.0,Muslim extremists
15795,0,183,11,19,168,-26.250692,28.441941,1.0,0,0.0,1,0,3,3,275,183.0,0,6,0.0,1,0.0,African National Congress (South Africa)
43303,0,186,6,215,1972,8.577826,81.218719,1.0,0,0.0,1,0,3,3,2485,186.0,0,6,0.0,1,0.0,Liberation Tigers of Tamil Eelam (LTTE)
28015,0,155,10,456,3039,32.222271,35.253506,1.0,0,0.0,0,0,3,2,3779,97.0,0,6,0.0,1,0.0,Palestinians
21269,0,603,8,190,1661,54.788077,-7.47303,1.0,0,0.0,1,0,3,3,2201,233.0,0,6,1.0,1,0.0,Irish Republican Army (IRA)
18281,0,92,6,337,3493,31.305986,75.63972,1.0,0,0.0,1,0,1,15,4365,92.0,0,9,1.0,0,0.0,Sikh Extremists
21247,0,209,10,222,1834,37.157409,42.567582,1.0,1,0.0,1,0,7,1,2372,209.0,0,5,0.0,1,0.0,Kurdistan Workers' Party (PKK)
49683,0,209,10,232,1882,38.141497,41.011491,1.0,0,0.0,1,0,5,1,2426,209.0,0,8,0.0,1,1.0,Kurdistan Workers' Party (PKK)
28456,0,159,3,477,3284,-13.152712,-74.218628,1.0,0,1.0,1,0,3,21,1813,159.0,0,6,0.0,1,0.0,Shining Path (SL)
16851,0,159,3,277,2118,-11.967368,-76.978462,1.0,0,1.0,1,0,3,1,4754,159.0,0,6,0.0,1,0.0,Tupac Amaru Revolutionary Movement (MRTA)
64837,0,147,11,112,1298,9.228089,8.460458,2.0,0,0.0,1,0,2,14,27,147.0,0,5,15.0,1,0.0,Fulani extremists
18315,0,159,3,475,3335,-12.068306,-75.210163,1.0,0,0.0,1,0,3,14,486,159.0,0,6,3.0,1,0.0,Tupac Amaru Revolutionary Movement (MRTA)
61575,0,214,9,145,1088,47.927954,37.371645,3.0,0,1.0,1,0,7,1,1712,214.0,0,5,1.0,1,0.0,Donetsk People's Republic
77112,0,228,10,182,1547,15.3875,44.836667,2.0,0,1.0,1,0,2,17,1981,228.0,0,6,0.0,-9,0.0,Houthi extremists (Ansar Allah)
31943,0,69,8,135,24,41.918891,8.737554,4.0,0,1.0,1,0,3,2,560,69.0,0,6,0.0,1,0.0,Corsican National Liberation Front (FLNC)
51338,0,182,11,68,404,2.059819,45.326115,1.0,0,0.0,1,1,3,2,821,182.0,0,6,6.0,1,0.0,Al-Shabaab
74807,0,95,10,37,1743,35.758367,43.12946,1.0,1,1.0,1,1,3,4,1981,95.0,0,6,23.0,0,0.0,Islamic State of Iraq and the Levant (ISIL)
53206,0,95,10,38,250,35.45211,44.375465,1.0,1,1.0,1,0,3,14,13,95.0,0,6,3.0,0,0.0,Al-Qaida in Iraq
22766,0,43,3,271,2106,-33.366238,-70.505302,1.0,0,0.0,1,0,2,4,2746,43.0,0,5,2.0,1,0.0,Manuel Rodriguez Patriotic Front (FPMR)
52166,0,153,6,427,3737,34.565494,71.477429,3.0,0,0.0,1,0,2,4,4575,153.0,0,5,21.0,0,0.0,Tehrik-i-Taliban Pakistan (TTP)
16395,0,145,2,437,2983,13.7585,-86.01843,1.0,0,0.0,1,0,2,1,3522,145.0,0,5,5.0,1,0.0,Nicaraguan Democratic Force (FDN)
44258,0,182,11,68,404,2.059819,45.326115,1.0,0,0.0,1,0,3,4,894,65.0,0,6,1.0,-9,0.0,Al-Shabaab
48627,0,4,6,517,3568,36.420551,64.89389,1.0,0,0.0,1,0,3,2,4453,4.0,0,6,0.0,0,0.0,Taliban
78916,0,95,10,37,254,36.354145,43.14357,1.0,0,1.0,1,0,3,14,1291,95.0,0,6,1.0,-9,0.0,Islamic State of Iraq and the Levant (ISIL)
8610,0,61,2,147,1167,13.85077,-88.90406,1.0,0,0.0,1,0,2,4,1832,61.0,0,5,0.0,1,0.0,Farabundo Marti National Liberation Front (FMLN)
62489,0,214,9,145,1122,47.663364,38.073215,1.0,0,1.0,1,0,2,14,27,214.0,0,5,8.0,1,0.0,Donetsk People's Republic
8742,0,110,10,457,3040,33.888523,35.503513,1.0,0,0.0,1,0,3,7,3668,69.0,0,6,0.0,1,0.0,Palestinians
71076,0,92,6,127,2219,18.398833,81.557328,1.0,0,0.0,0,0,3,4,48,92.0,0,6,0.0,0,0.0,Maoists
66760,0,228,10,48,309,12.825647,44.846416,1.0,0,0.0,1,0,3,14,1730,228.0,0,6,0.0,-9,0.0,Houthi extremists (Ansar Allah)
5767,0,69,8,136,131,48.856644,2.34233,1.0,0,0.0,1,0,3,8,1592,69.0,0,6,0.0,1,0.0,Corsican National Liberation Front (FLNC)
74376,0,147,11,108,616,11.840929,13.141459,1.0,0,0.0,1,1,3,2,1233,147.0,0,6,6.0,-9,0.0,Boko Haram
23758,0,92,6,337,3428,31.633979,74.872264,3.0,0,0.0,1,0,2,4,4272,92.0,0,5,4.0,1,0.0,Sikh Extremists
13231,0,185,8,86,505,43.178205,-2.31164,1.0,0,0.0,1,0,1,22,1017,185.0,0,5,1.0,0,0.0,Basque Fatherland and Freedom (ETA)
47421,0,95,10,33,247,33.303566,44.371773,1.0,0,1.0,1,1,3,2,494,95.0,0,6,27.0,-9,0.0,Al-Qaida in Iraq
19039,0,186,6,261,2010,9.267091,80.814248,1.0,0,0.0,1,0,2,4,12,92.0,0,5,5.0,1,0.0,Liberation Tigers of Tamil Eelam (LTTE)
4567,0,69,8,140,1013,41.930607,8.742907,1.0,0,0.0,1,0,2,3,172,69.0,0,5,0.0,1,0.0,Corsican National Liberation Front (FLNC)
32111,0,209,10,222,24,37.422746,42.492326,4.0,0,0.0,1,0,2,4,2411,209.0,0,5,1.0,1,0.0,Kurdistan Workers' Party (PKK)
81384,0,95,10,37,254,36.354145,43.14357,1.0,0,1.0,1,1,3,4,48,95.0,0,6,2.0,1,0.0,Islamic State of Iraq and the Levant (ISIL)
18629,0,159,3,535,3857,-17.192736,-70.932814,4.0,0,0.0,1,0,2,4,1787,159.0,0,5,10.0,1,0.0,Tupac Amaru Revolutionary Movement (MRTA)
22425,0,159,3,475,3352,-11.833206,-75.434477,1.0,0,0.0,1,0,1,2,4157,159.0,0,5,1.0,0,0.0,Shining Path (SL)
14059,0,45,3,368,2569,6.49249,-71.55696,1.0,0,0.0,1,0,1,14,3247,45.0,0,5,2.0,0,0.0,National Liberation Army of Colombia (ELN)
61022,0,153,6,352,3731,34.006004,71.53743,1.0,0,0.0,1,0,2,6,4649,153.0,0,5,1.0,1,0.0,Tehrik-i-Taliban Pakistan (TTP)
63586,0,153,6,427,3737,34.555417,71.258097,3.0,0,0.0,1,0,3,14,4666,153.0,0,6,0.0,1,0.0,Tehrik-i-Taliban Pakistan (TTP)
44977,0,186,6,215,2066,9.804272,80.1654,1.0,0,0.0,1,0,2,14,2594,186.0,0,5,1.0,0,0.0,Liberation Tigers of Tamil Eelam (LTTE)
73853,0,160,5,0,5,6.660501,122.138992,1.0,0,0.0,1,0,3,3,84,160.0,0,6,0.0,0,0.0,Abu Sayyaf Group (ASG)
75453,0,147,11,108,694,13.326179,13.475137,1.0,0,0.0,1,0,2,4,167,147.0,0,6,27.0,-9,0.0,Boko Haram
51618,0,92,6,133,2140,19.598623,80.226578,1.0,0,0.0,1,0,1,14,2855,92.0,0,5,1.0,0,0.0,Maoists
82263,0,147,11,118,1304,9.85125,8.683428,1.0,0,1.0,1,0,2,14,27,147.0,0,5,10.0,0,0.0,Fulani extremists
15776,0,159,3,475,3335,-12.068306,-75.210163,1.0,0,1.0,1,0,3,2,4792,159.0,0,6,1.0,1,0.0,Tupac Amaru Revolutionary Movement (MRTA)
53702,0,4,6,528,3629,33.933668,68.383239,1.0,0,0.0,1,0,3,14,13,4.0,0,6,0.0,0,0.0,Taliban
46687,0,92,6,126,943,24.230248,84.405879,1.0,0,0.0,1,0,2,3,1477,92.0,0,5,4.0,0,0.0,Communist Party of India - Maoist (CPI-Maoist)
12773,0,159,3,277,3345,-11.967368,-76.978462,1.0,0,0.0,1,0,2,3,4169,159.0,0,5,0.0,1,0.0,Shining Path (SL)
41061,0,69,8,135,1042,42.547135,9.417273,1.0,0,1.0,1,0,3,16,1652,69.0,0,6,0.0,1,0.0,Corsican National Liberation Front (FLNC)
14795,0,92,6,337,24,31.147131,75.341218,4.0,0,0.0,1,0,3,19,4315,92.0,0,6,2.0,1,0.0,Sikh Extremists
23763,0,43,3,271,2106,-33.366238,-70.505302,1.0,0,0.0,1,0,3,15,2773,43.0,0,6,1.0,1,0.0,Manuel Rodriguez Patriotic Front (FPMR)
14280,0,45,3,367,3188,1.97449,-75.93196,1.0,0,0.0,1,0,2,4,1772,45.0,0,5,2.0,1,0.0,Revolutionary Armed Forces of Colombia (FARC)
64791,0,147,11,118,1383,9.488018,9.044495,1.0,0,0.0,1,0,6,14,13,147.0,0,5,2.0,0,1.0,Fulani extremists
30953,0,92,6,337,3456,30.381945,75.546798,1.0,1,0.0,1,0,2,3,4302,92.0,0,5,14.0,0,0.0,Sikh Extremists
15899,0,43,3,271,2106,-33.366238,-70.505302,1.0,0,0.0,1,0,3,3,676,43.0,0,6,0.0,1,0.0,Manuel Rodriguez Patriotic Front (FPMR)
61766,0,214,9,145,1119,47.663364,38.073215,1.0,0,0.0,1,0,3,4,20,214.0,0,6,0.0,0,0.0,Donetsk People's Republic
32370,0,603,8,49,1609,51.504387,-0.140041,1.0,0,0.0,1,0,7,1,2096,216.0,0,8,0.0,1,0.0,Irish Republican Army (IRA)
81141,0,45,3,376,2529,2.080071,-76.813661,2.0,0,0.0,1,0,2,3,3199,45.0,0,5,3.0,1,0.0,National Liberation Army of Colombia (ELN)
29168,0,186,6,79,2057,7.791944,81.520833,2.0,0,0.0,1,0,2,4,562,186.0,0,5,0.0,1,0.0,Liberation Tigers of Tamil Eelam (LTTE)
59088,0,182,11,80,435,11.047889,49.180611,1.0,0,0.0,1,0,1,4,851,182.0,0,6,1.0,1,0.0,Al-Shabaab
14664,0,145,2,438,2956,13.362156,-86.39801,3.0,1,0.0,1,0,2,4,1885,145.0,0,5,5.0,1,0.0,Nicaraguan Democratic Force (FDN)
76152,0,209,10,223,1857,37.377975,44.085653,1.0,0,0.0,1,0,2,1,112,209.0,0,5,2.0,0,0.0,Kurdistan Workers' Party (PKK)
38617,1,160,5,0,32,6.720228,122.030205,2.0,0,0.0,1,0,6,14,39,160.0,0,5,0.0,0,1.0,Abu Sayyaf Group (ASG)
75284,0,60,10,290,2361,31.126646,33.800865,1.0,0,0.0,1,0,3,3,559,60.0,0,6,0.0,0,0.0,Muslim extremists
28637,0,97,10,460,3046,32.08297,34.811886,1.0,0,0.0,1,0,8,4,3721,97.0,0,10,2.0,0,0.0,Palestinians
68092,0,160,5,391,2688,12.338,123.658997,2.0,0,0.0,1,0,3,4,3368,160.0,0,6,0.0,0,0.0,New People's Army (NPA)
66120,0,214,9,145,1117,48.260742,37.859009,1.0,0,0.0,1,0,3,8,51,214.0,0,6,0.0,-9,0.0,Donetsk People's Republic
4791,0,69,8,135,24,41.918891,8.737554,4.0,0,1.0,1,0,3,1,1088,69.0,0,6,0.0,1,0.0,Corsican National Liberation Front (FLNC)
27368,0,159,3,277,2118,-11.967368,-76.978462,1.0,0,0.0,1,0,3,2,4758,159.0,0,6,0.0,1,0.0,Tupac Amaru Revolutionary Movement (MRTA)
4507,0,603,8,190,1603,54.607712,-5.95621,1.0,0,0.0,0,0,1,2,2190,233.0,0,6,0.0,0,0.0,Irish Republican Army (IRA)
56957,0,95,10,33,247,33.303566,44.371773,1.0,0,1.0,1,0,3,14,2294,95.0,0,6,6.0,-9,0.0,Islamic State of Iraq and the Levant (ISIL)
77171,0,147,11,118,1424,9.765259,8.85971,2.0,0,0.0,1,0,2,3,1937,147.0,0,5,1.0,0,0.0,Fulani extremists
62480,0,45,3,381,3205,3.913644,-75.477196,2.0,0,0.0,0,0,2,4,3935,45.0,0,5,0.0,0,0.0,Revolutionary Armed Forces of Colombia (FARC)
12489,0,159,3,277,2118,-11.967368,-76.978462,1.0,0,0.0,1,0,3,1,2132,159.0,0,6,0.0,1,0.0,Shining Path (SL)
32599,0,45,3,378,2535,3.429344,-76.516037,1.0,0,0.0,0,0,3,6,3863,45.0,0,6,0.0,1,0.0,Revolutionary Armed Forces of Colombia (FARC)
14513,0,145,2,441,2861,11.76115,-85.893944,1.0,0,0.0,1,0,2,4,562,145.0,0,5,0.0,1,0.0,Nicaraguan Democratic Force (FDN)
65106,0,214,9,145,1068,47.981647,37.762325,1.0,0,0.0,1,0,2,14,27,214.0,0,8,0.0,-9,0.0,Donetsk People's Republic
35234,0,45,3,361,24,1.637898,-77.745208,1.0,0,0.0,1,0,3,4,3914,45.0,0,6,31.0,1,0.0,Revolutionary Armed Forces of Colombia (FARC)
35877,0,185,8,94,549,41.980462,-1.443253,1.0,0,0.0,1,0,3,3,1008,185.0,0,6,0.0,1,0.0,Basque Fatherland and Freedom (ETA)
38594,0,45,3,378,2535,3.429344,-76.516037,1.0,0,1.0,1,0,3,3,3208,45.0,0,6,0.0,1,0.0,National Liberation Army of Colombia (ELN)
21236,0,45,3,368,24,6.547306,-71.002231,4.0,0,0.0,1,0,3,21,3148,45.0,0,6,0.0,1,0.0,National Liberation Army of Colombia (ELN)
76977,0,200,10,200,2356,36.201721,37.14352,1.0,0,0.0,1,0,3,8,51,200.0,0,6,4.0,1,0.0,Muslim extremists
29723,0,186,6,215,1971,7.301756,81.67473,3.0,0,0.0,1,0,1,14,2544,186.0,0,5,3.0,0,0.0,Liberation Tigers of Tamil Eelam (LTTE)
20055,0,186,6,261,1986,9.338416,80.303394,1.0,0,0.0,1,0,2,4,1762,92.0,0,5,0.0,1,0.0,Liberation Tigers of Tamil Eelam (LTTE)
14929,0,603,8,190,1617,54.706718,-7.592867,1.0,0,0.0,1,0,3,3,2071,233.0,0,6,1.0,1,0.0,Irish Republican Army (IRA)
53401,0,95,10,37,273,35.99353,43.21973,1.0,0,1.0,1,0,2,2,522,95.0,0,5,0.0,1,0.0,Al-Qaida in Iraq
69031,0,147,11,108,669,11.840929,13.141459,1.0,0,0.0,1,0,2,14,27,147.0,0,5,8.0,0,0.0,Boko Haram
78285,0,95,10,33,247,33.303566,44.371773,1.0,0,1.0,1,1,3,14,486,95.0,0,6,15.0,1,0.0,Islamic State of Iraq and the Levant (ISIL)
19205,0,160,5,7,2660,6.929089,122.07885,1.0,0,1.0,1,0,3,3,560,160.0,0,6,0.0,1,0.0,New People's Army (NPA)
48531,0,228,10,52,327,13.129726,45.385571,1.0,0,0.0,1,0,2,3,697,228.0,0,5,1.0,-9,0.0,Al-Qaida in the Arabian Peninsula (AQAP)
14074,0,159,3,277,2118,-11.967368,-76.978462,1.0,0,0.0,1,0,3,3,1819,159.0,0,6,1.0,1,0.0,Shining Path (SL)
736,0,603,8,190,1663,54.530989,-6.02939,1.0,0,0.0,0,0,3,21,2211,233.0,0,6,1.0,1,0.0,Irish Republican Army (IRA)
5219,0,69,8,136,131,48.856644,2.34233,1.0,0,0.0,1,0,3,1,1562,69.0,0,6,0.0,1,0.0,Corsican National Liberation Front (FLNC)
23648,0,159,3,277,3328,-10.754073,-77.760992,1.0,0,1.0,1,0,3,8,51,159.0,0,6,0.0,1,0.0,Shining Path (SL)
9103,0,61,2,149,1150,13.69288,-89.199161,1.0,0,0.0,1,0,3,16,1852,61.0,0,6,0.0,1,0.0,Farabundo Marti National Liberation Front (FMLN)
78913,0,182,11,66,468,2.398135,45.018703,1.0,0,1.0,1,0,2,4,577,182.0,0,5,2.0,-9,0.0,Al-Shabaab
74024,0,209,10,214,1758,36.71928,37.11557,1.0,0,1.0,1,0,3,15,215,209.0,0,6,2.0,1,0.0,Islamic State of Iraq and the Levant (ISIL)
51545,0,4,6,528,3660,34.449256,68.78501,1.0,0,0.0,1,0,3,14,13,4.0,0,6,0.0,1,0.0,Taliban
74101,0,209,10,203,1703,36.833508,38.000553,1.0,1,0.0,1,0,3,4,2295,209.0,0,6,0.0,1,0.0,Islamic State of Iraq and the Levant (ISIL)
48836,0,95,10,33,247,33.303566,44.371773,1.0,0,1.0,1,0,3,3,576,95.0,0,6,21.0,1,0.0,Al-Qaida in Iraq
60553,1,153,6,468,3741,24.891115,67.143311,1.0,0,0.0,1,0,6,14,4576,153.0,0,5,0.0,0,1.0,Tehrik-i-Taliban Pakistan (TTP)
52288,0,95,10,34,251,33.100529,44.584492,1.0,0,1.0,1,0,3,14,13,95.0,0,6,3.0,0,0.0,Al-Qaida in Iraq
42726,0,141,6,260,2213,27.954031,84.135948,1.0,1,0.0,1,0,3,3,2912,141.0,0,6,1.0,-9,0.0,Maoists
16797,0,159,3,277,2118,-11.967368,-76.978462,1.0,0,1.0,1,0,3,1,4754,159.0,0,6,0.0,1,0.0,Tupac Amaru Revolutionary Movement (MRTA)
35009,0,69,8,135,1032,42.554742,9.424047,1.0,0,0.0,1,0,3,2,1595,69.0,0,6,0.0,1,0.0,Corsican National Liberation Front (FLNC)
82357,0,182,11,73,460,3.32728,42.218563,1.0,0,0.0,1,1,3,4,577,182.0,0,6,1.0,-9,0.0,Al-Shabaab
42029,0,95,10,33,247,33.303566,44.371773,1.0,0,0.0,1,0,1,2,598,95.0,0,5,1.0,-9,0.0,Al-Qaida in Iraq
25120,0,159,3,277,2118,-11.967368,-76.978462,1.0,0,1.0,1,0,3,14,4152,159.0,0,6,0.0,1,0.0,Shining Path (SL)
14810,0,43,3,272,2110,-36.816006,-73.037659,1.0,0,0.0,1,0,3,2,2752,43.0,0,6,1.0,1,0.0,Manuel Rodriguez Patriotic Front (FPMR)
32981,0,185,8,86,509,43.258434,-2.921819,1.0,0,0.0,1,0,3,1,560,185.0,0,6,0.0,1,0.0,Basque Fatherland and Freedom (ETA)
83310,0,173,10,188,1553,18.314753,42.725163,1.0,0,0.0,0,0,3,20,6,173.0,0,6,0.0,0,0.0,Houthi extremists (Ansar Allah)
21573,0,61,2,155,1237,13.842778,-89.447222,1.0,0,0.0,1,0,2,4,1762,61.0,0,5,1.0,1,0.0,Farabundo Marti National Liberation Front (FMLN)
30241,0,45,3,362,2498,6.242026,-75.564766,1.0,0,1.0,1,0,3,1,1088,45.0,0,6,1.0,1,0.0,National Liberation Army of Colombia (ELN)
57069,0,95,10,38,1689,35.323789,43.772096,3.0,0,1.0,1,0,3,3,2297,95.0,0,6,0.0,1,0.0,Islamic State of Iraq and the Levant (ISIL)
14463,0,97,10,458,3043,31.771599,35.2034,1.0,0,0.0,1,0,3,19,356,97.0,0,6,0.0,1,0.0,Palestinians
43807,0,95,10,38,302,35.303047,44.329933,1.0,1,0.0,1,0,3,19,6,95.0,0,6,0.0,1,0.0,Al-Qaida in Iraq
49499,0,92,6,128,929,22.66279,88.27653,1.0,0,0.0,1,0,3,2,1464,92.0,0,6,0.0,-9,0.0,Communist Party of India - Maoist (CPI-Maoist)
16648,0,145,2,440,2872,11.966667,-85.166667,1.0,0,0.0,1,0,6,1,3525,145.0,0,5,1.0,1,1.0,Nicaraguan Democratic Force (FDN)
60323,0,228,10,54,24,14.483333,46.416667,4.0,0,0.0,1,0,2,4,20,228.0,0,5,4.0,0,0.0,Al-Qaida in the Arabian Peninsula (AQAP)
12556,0,159,3,477,3284,-13.152712,-74.218628,1.0,0,0.0,1,0,2,3,1873,159.0,0,5,19.0,1,0.0,Shining Path (SL)
19624,0,92,6,337,3425,31.326015,75.576183,1.0,0,0.0,1,0,1,14,4299,92.0,0,5,4.0,0,0.0,Sikh Extremists
42614,0,69,8,135,1011,42.113828,8.701548,1.0,0,0.0,0,0,3,14,1587,69.0,0,6,0.0,0,0.0,Corsican National Liberation Front (FLNC)
22561,0,159,3,475,3303,-11.520494,-75.899782,1.0,0,0.0,1,0,3,19,4093,159.0,0,6,0.0,1,0.0,Shining Path (SL)
16215,0,145,2,451,2898,11.676334,-84.702872,1.0,0,0.0,1,0,2,4,1772,145.0,0,5,1.0,1,0.0,Nicaraguan Democratic Force (FDN)
29607,0,159,3,485,3338,-5.238991,-79.450699,3.0,0,0.0,1,0,2,3,4135,159.0,0,5,0.0,1,0.0,Shining Path (SL)
63450,0,228,10,53,314,15.325443,44.211895,1.0,0,0.0,1,0,1,4,720,228.0,0,5,1.0,0,0.0,Al-Qaida in the Arabian Peninsula (AQAP)
7288,0,603,8,190,1603,54.607712,-5.95621,1.0,0,0.0,1,0,3,19,2192,216.0,0,6,1.0,1,0.0,Irish Republican Army (IRA)
72816,0,4,6,514,3657,32.08908,64.937793,2.0,0,0.0,1,1,3,3,524,4.0,0,6,7.0,0,0.0,Taliban
75497,1,160,5,1,22,6.050458,121.012245,1.0,0,0.0,1,0,6,14,114,160.0,0,9,1.0,0,1.0,Abu Sayyaf Group (ASG)
29797,0,159,3,536,3858,-12.050934,-77.126044,1.0,0,0.0,1,0,3,1,4836,159.0,0,5,0.0,1,0.0,Tupac Amaru Revolutionary Movement (MRTA)
69017,0,228,10,51,1572,15.709722,44.788611,2.0,0,0.0,0,0,2,17,2013,228.0,0,5,1.0,0,0.0,Houthi extremists (Ansar Allah)
29683,0,92,6,337,3405,30.898024,75.860077,1.0,0,0.0,1,0,3,2,4360,92.0,0,6,1.0,1,0.0,Sikh Extremists
45667,0,186,6,215,1969,7.733107,81.68882,1.0,0,0.0,1,0,3,15,2533,186.0,0,6,0.0,1,0.0,Liberation Tigers of Tamil Eelam (LTTE)
19647,0,186,6,215,2003,8.410029,81.26737,1.0,0,0.0,1,0,3,4,2511,92.0,0,6,6.0,1,0.0,Liberation Tigers of Tamil Eelam (LTTE)
74090,1,4,6,321,2410,34.417122,70.449593,1.0,0,0.0,1,0,6,12,3068,422.0,0,5,0.0,0,1.0,Muslim extremists
82522,0,123,11,294,2375,14.929512,-3.889058,2.0,0,0.0,1,0,5,14,13,123.0,0,5,0.0,0,1.0,Muslim extremists
27764,0,159,3,475,3322,-12.068306,-75.210163,3.0,0,0.0,1,0,1,2,4113,159.0,0,5,1.0,0,0.0,Shining Path (SL)
71092,0,228,10,60,350,13.586484,44.024105,1.0,0,1.0,1,0,3,14,1730,228.0,0,6,1.0,-9,0.0,Houthi extremists (Ansar Allah)
29719,0,160,5,386,2627,8.822983,125.699921,1.0,0,0.0,1,0,2,4,3390,160.0,0,5,5.0,1,0.0,New People's Army (NPA)
19546,0,43,3,271,2106,-33.366238,-70.505302,1.0,0,1.0,1,0,2,19,56,43.0,0,8,0.0,1,0.0,Manuel Rodriguez Patriotic Front (FPMR)
51249,0,153,6,352,3756,31.834328,70.90905,1.0,0,0.0,1,1,3,3,4495,153.0,0,6,1.0,1,0.0,Tehrik-i-Taliban Pakistan (TTP)
69191,0,153,6,352,3770,32.995865,70.687074,3.0,0,0.0,1,0,2,4,2901,153.0,0,5,5.0,0,0.0,Tehrik-i-Taliban Pakistan (TTP)
45690,0,160,5,392,2769,14.845045,121.969344,2.0,0,0.0,1,0,7,1,3437,160.0,0,8,0.0,-9,0.0,New People's Army (NPA)
14903,0,45,3,362,2110,6.395033,-75.259437,1.0,0,0.0,1,0,1,14,3140,45.0,0,5,7.0,0,0.0,National Liberation Army of Colombia (ELN)
25632,0,92,6,494,3421,28.690073,77.213982,1.0,0,0.0,1,0,3,15,4250,92.0,0,6,5.0,1,0.0,Sikh Extremists
64320,0,214,9,145,1067,47.117252,37.572659,1.0,1,1.0,1,0,3,4,1697,214.0,0,6,0.0,-9,0.0,Donetsk People's Republic
18926,0,159,3,476,3859,-10.193333,-76.238889,1.0,0,0.0,1,0,2,4,1853,159.0,0,5,9.0,1,0.0,Tupac Amaru Revolutionary Movement (MRTA)
10531,0,45,3,366,3181,6.313712,-73.950146,3.0,0,0.0,1,0,2,14,3907,45.0,0,5,12.0,0,0.0,Revolutionary Armed Forces of Colombia (FARC)
18092,0,45,3,367,24,2.535935,-75.52767,4.0,0,0.0,1,0,2,4,1892,45.0,0,5,2.0,1,0.0,Revolutionary Armed Forces of Colombia (FARC)
71088,0,95,10,36,1710,34.933361,43.412552,1.0,0,1.0,0,1,3,17,347,95.0,0,6,1.0,0,0.0,Islamic State of Iraq and the Levant (ISIL)
49750,0,45,3,376,3160,2.116667,-76.983333,1.0,1,0.0,1,0,2,14,3879,45.0,0,5,1.0,0,0.0,Revolutionary Armed Forces of Colombia (FARC)
73361,0,147,11,166,1411,7.866615,7.90282,2.0,0,1.0,1,0,2,14,27,147.0,0,5,0.0,1,0.0,Fulani extremists
53221,0,95,10,36,262,34.881348,44.62513,1.0,0,1.0,1,0,2,3,591,95.0,0,5,1.0,0,0.0,Al-Qaida in Iraq
21746,0,92,6,337,3496,31.892665,75.363004,1.0,0,0.0,1,0,1,14,4370,92.0,0,5,2.0,0,0.0,Sikh Extremists
35824,0,45,3,362,24,6.2675,-75.568611,4.0,0,1.0,1,0,3,21,2777,45.0,0,6,0.0,1,0.0,National Liberation Army of Colombia (ELN)
46590,0,153,6,534,3731,34.006004,71.53743,1.0,0,0.0,1,0,3,14,13,153.0,0,6,7.0,1,0.0,Tehrik-i-Taliban Pakistan (TTP)
55893,0,110,10,334,2377,34.438094,35.830837,1.0,0,0.0,1,0,3,14,13,110.0,0,6,1.0,0,0.0,Muslim extremists
17442,0,183,11,25,173,-33.98263,18.569386,1.0,0,0.0,1,0,1,2,325,183.0,0,6,0.0,1,0.0,African National Congress (South Africa)
29351,0,45,3,362,2495,7.243889,-76.435556,1.0,0,0.0,1,0,2,4,562,45.0,0,5,3.0,1,0.0,National Liberation Army of Colombia (ELN)
21774,0,159,3,277,2118,-11.967368,-76.978462,1.0,0,0.0,1,0,3,1,512,159.0,0,6,0.0,1,0.0,Tupac Amaru Revolutionary Movement (MRTA)
46988,0,4,6,522,3587,34.346722,62.197315,1.0,0,0.0,1,0,3,6,4467,4.0,0,6,0.0,0,0.0,Taliban
76431,0,182,11,66,467,2.082062,45.207493,1.0,1,0.0,1,0,3,4,844,422.0,0,6,1.0,1,0.0,Al-Shabaab
60546,0,147,11,108,623,12.342068,14.185827,3.0,0,1.0,1,0,2,14,27,147.0,0,6,14.0,1,0.0,Boko Haram
10110,0,69,8,17,131,48.856644,2.34233,1.0,0,0.0,1,0,3,19,1559,69.0,0,6,0.0,1,0.0,Corsican National Liberation Front (FLNC)
4798,0,69,8,135,24,41.918891,8.737554,4.0,0,1.0,1,0,3,1,1088,69.0,0,6,0.0,1,0.0,Corsican National Liberation Front (FLNC)
53849,0,228,10,52,327,13.129726,45.385571,1.0,0,0.0,1,1,3,17,347,228.0,0,6,5.0,1,0.0,Al-Qaida in the Arabian Peninsula (AQAP)
59342,0,92,6,128,2162,22.451393,86.992203,1.0,0,0.0,0,0,2,3,2872,92.0,0,5,0.0,0,0.0,Maoists
9046,0,110,10,457,3040,33.888523,35.503513,1.0,0,0.0,1,0,3,2,3622,110.0,0,6,0.0,1,0.0,Palestinians
12194,0,183,11,18,137,-29.861824,31.008293,1.0,0,0.0,1,0,3,3,281,183.0,0,6,0.0,1,0.0,African National Congress (South Africa)
23477,0,159,3,488,3336,-15.836675,-71.755818,2.0,0,0.0,1,0,1,3,4131,159.0,0,9,9.0,0,0.0,Shining Path (SL)
68395,0,92,6,127,866,18.340368,81.18164,1.0,1,0.0,1,0,2,3,2886,92.0,0,5,1.0,0,0.0,Maoists
64602,0,214,9,145,1073,48.064426,37.673248,1.0,0,0.0,1,0,2,4,48,214.0,0,6,0.0,-9,0.0,Donetsk People's Republic
26636,0,186,6,263,2001,8.8341,80.760739,1.0,0,0.0,1,0,2,4,2509,186.0,0,5,7.0,1,0.0,Liberation Tigers of Tamil Eelam (LTTE)
61018,0,160,5,387,2732,10.36674,123.1,2.0,0,0.0,1,0,2,4,3406,160.0,0,5,1.0,0,0.0,New People's Army (NPA)
81606,0,33,11,315,2426,14.175719,-1.559134,2.0,0,1.0,1,0,6,14,13,33.0,0,5,2.0,0,1.0,Muslim extremists
45560,0,95,10,33,247,33.303566,44.371773,1.0,0,1.0,1,0,3,14,525,95.0,0,6,1.0,-9,0.0,Al-Qaida in Iraq
74295,0,228,10,60,350,13.586484,44.024105,1.0,0,0.0,1,0,3,14,890,228.0,0,6,2.0,-9,0.0,Houthi extremists (Ansar Allah)
14863,0,145,2,440,2993,12.21635,-85.16595,1.0,0,0.0,1,0,2,4,1762,145.0,0,5,1.0,1,0.0,Nicaraguan Democratic Force (FDN)
62407,0,92,6,127,2202,18.889334,80.320046,2.0,0,0.0,1,0,2,3,2903,92.0,0,5,0.0,0,0.0,Maoists
77765,0,228,10,60,350,13.586484,44.024105,1.0,0,0.0,1,0,3,14,1958,228.0,0,6,2.0,1,0.0,Houthi extremists (Ansar Allah)
59603,0,214,9,145,1107,48.851688,37.613808,1.0,0,1.0,0,0,7,2,524,214.0,0,5,0.0,0,0.0,Donetsk People's Republic
47162,0,153,6,300,2370,33.671638,73.056068,1.0,0,0.0,1,1,3,7,13,153.0,0,6,5.0,1,0.0,Tehrik-i-Taliban Pakistan (TTP)
68048,0,4,6,509,3634,32.163699,61.884839,1.0,0,0.0,0,0,2,7,162,422.0,0,5,6.0,-9,0.0,Taliban
32794,0,69,8,135,1012,42.016854,9.403982,1.0,0,0.0,1,0,3,1,283,69.0,0,6,0.0,1,0.0,Corsican National Liberation Front (FLNC)
69049,0,209,10,223,1835,37.303442,44.57696,3.0,0,0.0,1,0,3,3,85,209.0,0,6,0.0,0,0.0,Kurdistan Workers' Party (PKK)
83125,1,160,5,1,7,6.063022,121.102294,2.0,0,0.0,1,0,6,14,8,160.0,0,5,0.0,0,1.0,Abu Sayyaf Group (ASG)
66666,0,147,11,166,1321,7.689167,9.250278,2.0,0,1.0,1,0,2,14,27,147.0,0,5,6.0,1,0.0,Fulani extremists
71586,0,160,5,9,2724,6.257165,124.674124,1.0,0,0.0,1,0,3,1,3398,160.0,0,6,2.0,1,0.0,New People's Army (NPA)
19535,0,160,5,399,24,16.030344,120.229921,4.0,0,0.0,1,0,1,3,3340,160.0,0,5,1.0,0,0.0,New People's Army (NPA)
42970,0,69,8,135,1016,42.699997,9.447317,1.0,0,0.0,1,0,3,4,1603,69.0,0,6,0.0,1,0.0,Corsican National Liberation Front (FLNC)
10136,0,61,2,156,1178,13.947352,-89.120181,1.0,0,0.0,1,0,2,4,1772,61.0,0,5,1.0,1,0.0,Farabundo Marti National Liberation Front (FMLN)
41854,0,69,8,135,1013,41.930607,8.742907,1.0,0,0.0,1,0,3,2,1616,69.0,0,6,0.0,1,0.0,Corsican National Liberation Front (FLNC)
61097,0,228,10,50,326,15.964205,48.78252,1.0,0,1.0,1,0,2,1,684,228.0,0,8,9.0,1,0.0,Al-Qaida in the Arabian Peninsula (AQAP)
59846,0,92,6,125,2241,25.180788,85.965391,3.0,0,0.0,1,0,3,3,167,92.0,0,6,0.0,1,0.0,Maoists
73371,0,147,11,166,1429,7.822304,8.059946,2.0,0,1.0,1,0,2,14,27,147.0,0,5,0.0,1,0.0,Fulani extremists
15177,0,183,11,18,132,-29.965819,30.882976,1.0,0,0.0,1,0,3,3,332,183.0,0,6,0.0,1,0.0,African National Congress (South Africa)
47128,0,92,6,126,847,23.74831,86.705864,1.0,0,0.0,1,0,2,3,1368,92.0,0,5,1.0,0,0.0,Communist Party of India - Maoist (CPI-Maoist)
55067,0,92,6,125,891,24.92326,86.220238,1.0,0,0.0,1,0,3,21,2871,92.0,0,6,0.0,1,0.0,Maoists
59933,0,214,9,145,1107,48.851688,37.613808,1.0,0,0.0,1,0,3,4,1738,214.0,0,6,1.0,1,0.0,Donetsk People's Republic
60291,0,147,11,118,640,9.933333,8.883333,1.0,0,1.0,1,0,3,14,486,147.0,0,6,59.0,1,0.0,Boko Haram
79227,0,147,11,166,1374,7.444978,8.396494,2.0,0,0.0,1,0,2,14,1928,147.0,0,9,6.0,0,0.0,Fulani extremists
80259,0,214,9,145,1071,48.143208,37.753361,1.0,0,0.0,1,0,3,14,205,214.0,0,6,4.0,1,0.0,Donetsk People's Republic
34300,0,186,6,79,2005,7.775413,81.606247,1.0,0,0.0,0,0,1,14,2549,186.0,0,5,0.0,0,0.0,Liberation Tigers of Tamil Eelam (LTTE)
67059,0,214,9,145,1070,48.363186,37.891922,1.0,1,0.0,1,0,2,4,48,214.0,0,6,0.0,-9,0.0,Donetsk People's Republic
53521,0,153,6,427,3828,32.519848,69.789696,1.0,0,0.0,1,0,2,4,20,153.0,0,5,8.0,0,0.0,Tehrik-i-Taliban Pakistan (TTP)
4672,0,185,8,86,518,43.136978,-2.073914,1.0,0,0.0,1,0,3,3,955,185.0,0,6,1.0,1,0.0,Basque Fatherland and Freedom (ETA)
35822,0,186,6,261,1974,9.666399,80.020477,1.0,0,0.0,1,0,1,20,2576,186.0,0,5,1.0,0,0.0,Liberation Tigers of Tamil Eelam (LTTE)
45242,0,160,5,420,2721,6.61417,125.236669,1.0,0,0.0,1,0,7,1,3395,422.0,0,5,0.0,1,0.0,New People's Army (NPA)
22721,0,43,3,271,2106,-33.366238,-70.505302,1.0,0,0.0,1,0,2,3,1788,43.0,0,5,0.0,1,0.0,Manuel Rodriguez Patriotic Front (FPMR)
18803,0,61,2,150,1151,14.12458,-89.293171,1.0,0,0.0,1,0,2,4,1762,61.0,0,5,15.0,1,0.0,Farabundo Marti National Liberation Front (FMLN)
54096,0,92,6,126,2290,24.108456,83.677393,1.0,0,0.0,1,0,2,1,2936,92.0,0,5,0.0,1,0.0,Maoists
66286,1,160,5,1,22,6.050458,121.012245,1.0,0,0.0,1,0,6,3,109,160.0,0,5,0.0,0,1.0,Abu Sayyaf Group (ASG)
8142,0,603,8,190,1610,54.253718,-7.44106,1.0,0,0.0,1,0,1,4,2056,216.0,0,5,1.0,0,0.0,Irish Republican Army (IRA)
22734,0,61,2,151,1152,13.814197,-88.34682,1.0,0,0.0,1,0,2,4,562,61.0,0,5,30.0,1,0.0,Farabundo Marti National Liberation Front (FMLN)
37863,0,45,3,368,2557,7.027345,-71.428555,1.0,0,0.0,1,0,3,21,3898,45.0,0,6,0.0,1,0.0,Revolutionary Armed Forces of Colombia (FARC)
73996,0,147,11,169,1282,7.657429,9.771966,1.0,0,1.0,1,0,2,14,27,147.0,0,5,2.0,1,0.0,Fulani extremists
29056,0,155,10,456,3047,31.907141,35.198219,1.0,0,1.0,1,0,7,4,3679,97.0,0,8,0.0,1,0.0,Palestinians
4959,0,69,8,136,131,48.856644,2.34233,1.0,0,1.0,1,0,3,1,765,69.0,0,6,1.0,1,0.0,Corsican National Liberation Front (FLNC)
21997,0,92,6,337,3418,31.633078,74.878288,1.0,1,0.0,1,0,1,14,4327,92.0,0,5,5.0,0,0.0,Sikh Extremists
7105,0,61,2,149,1182,13.808917,-89.228637,1.0,0,0.0,1,0,2,14,1785,61.0,0,5,1.0,1,1.0,Farabundo Marti National Liberation Front (FMLN)
67411,0,200,10,208,1719,36.503593,40.740627,1.0,0,1.0,1,1,3,3,577,200.0,0,6,24.0,-9,0.0,Islamic State of Iraq and the Levant (ISIL)
55174,0,228,10,58,337,13.063399,44.880882,1.0,0,0.0,1,0,3,4,559,228.0,0,6,0.0,1,0.0,Al-Qaida in the Arabian Peninsula (AQAP)
63500,0,214,9,145,1099,48.346134,38.424828,1.0,1,0.0,0,0,2,4,48,214.0,0,5,0.0,0,0.0,Donetsk People's Republic
64745,0,160,5,397,2648,14.283364,122.783469,1.0,0,0.0,1,0,7,1,1463,160.0,0,8,0.0,1,0.0,New People's Army (NPA)
64369,0,160,5,389,2630,7.149184,125.945636,1.0,0,0.0,0,0,2,4,48,160.0,0,5,0.0,0,0.0,New People's Army (NPA)
18636,0,159,3,486,3872,-6.488123,-76.3599,1.0,0,0.0,0,0,2,6,4816,159.0,0,5,0.0,1,0.0,Tupac Amaru Revolutionary Movement (MRTA)
49872,0,147,11,108,616,11.840929,13.141459,1.0,0,0.0,1,0,3,2,1250,147.0,0,6,0.0,1,0.0,Boko Haram
40933,0,92,6,291,2452,33.538588,74.369286,1.0,0,0.0,1,0,3,14,3104,92.0,0,6,2.0,-9,0.0,Muslim extremists
23750,0,92,6,337,3425,31.326015,75.576183,1.0,0,0.0,1,0,1,22,347,92.0,0,5,2.0,0,0.0,Sikh Extremists
12897,0,69,8,137,1038,43.124228,5.928,1.0,0,1.0,1,0,3,1,1088,69.0,0,6,0.0,1,0.0,Corsican National Liberation Front (FLNC)
2276,0,185,8,104,512,42.84964,-2.692359,1.0,0,0.0,1,0,3,8,80,185.0,0,6,1.0,1,0.0,Basque Fatherland and Freedom (ETA)
13998,0,159,3,277,2118,-11.967368,-76.978462,1.0,0,0.0,1,0,5,8,4768,159.0,0,5,0.0,1,0.0,Tupac Amaru Revolutionary Movement (MRTA)
17751,0,183,11,19,136,-26.184113,28.033232,1.0,0,0.0,1,0,3,4,378,183.0,0,6,0.0,1,0.0,African National Congress (South Africa)
57950,0,182,11,68,404,2.059819,45.326115,1.0,0,0.0,1,0,3,2,817,182.0,0,6,2.0,-9,0.0,Al-Shabaab
55482,0,4,6,518,3664,35.947552,68.710327,1.0,0,0.0,1,1,1,2,4516,4.0,0,6,15.0,1,0.0,Taliban
2040,0,603,8,49,1609,51.504387,-0.140041,1.0,0,0.0,1,0,1,3,2193,216.0,0,5,1.0,0,0.0,Irish Republican Army (IRA)
57874,0,182,11,70,407,-0.357847,42.54665,1.0,0,0.0,1,0,3,4,889,422.0,0,6,2.0,1,0.0,Al-Shabaab
9580,0,110,10,457,3040,33.888523,35.503513,1.0,0,0.0,1,0,2,4,3658,97.0,0,5,0.0,1,0.0,Palestinians
69357,0,209,10,225,1849,37.420683,41.350359,1.0,0,0.0,1,0,2,3,2381,209.0,0,5,1.0,0,0.0,Kurdistan Workers' Party (PKK)
62785,0,228,10,57,24,16.790182,45.299386,4.0,0,0.0,1,0,3,21,638,228.0,0,6,0.0,1,0.0,Houthi extremists (Ansar Allah)
16239,0,92,6,337,3477,31.175476,75.931082,1.0,0,0.0,1,0,1,2,4345,92.0,0,5,1.0,0,0.0,Sikh Extremists
73964,1,45,3,359,2589,8.212022,-73.325726,1.0,0,0.0,1,0,6,1,3270,45.0,0,5,0.0,0,1.0,National Liberation Army of Colombia (ELN)
58910,0,110,10,206,1709,34.221798,36.376812,1.0,1,1.0,1,0,3,17,347,110.0,0,6,0.0,0,0.0,Islamic State of Iraq and the Levant (ISIL)
73142,0,182,11,82,439,5.196882,47.836901,2.0,0,1.0,1,0,2,14,27,182.0,0,6,5.0,0,0.0,Al-Shabaab
3554,0,45,3,362,2498,6.242026,-75.564766,1.0,0,0.0,1,0,1,14,3173,45.0,0,5,2.0,0,0.0,National Liberation Army of Colombia (ELN)
80440,1,95,10,36,272,34.621521,43.668377,1.0,0,0.0,1,0,6,4,2292,95.0,0,5,1.0,0,1.0,Islamic State of Iraq and the Levant (ISIL)
69728,0,214,9,145,1094,47.108201,37.750556,1.0,1,0.0,1,0,3,4,1697,214.0,0,6,2.0,-9,0.0,Donetsk People's Republic
49506,1,92,6,126,782,23.744186,84.504429,3.0,1,0.0,1,0,6,14,1304,92.0,0,5,2.0,0,1.0,Communist Party of India - Maoist (CPI-Maoist)
16772,0,159,3,277,2118,-11.967368,-76.978462,1.0,0,1.0,1,0,3,10,4756,159.0,0,5,0.0,1,0.0,Tupac Amaru Revolutionary Movement (MRTA)
51620,0,228,10,48,367,12.8,45.033333,2.0,0,0.0,1,0,2,4,20,228.0,0,6,12.0,-9,0.0,Al-Qaida in the Arabian Peninsula (AQAP)
4459,0,185,8,86,528,43.090476,-2.31322,1.0,0,0.0,1,0,2,3,968,185.0,0,5,1.0,1,0.0,Basque Fatherland and Freedom (ETA)
33112,0,209,10,222,24,37.422746,42.492326,4.0,0,0.0,1,0,2,4,562,209.0,0,5,11.0,1,0.0,Kurdistan Workers' Party (PKK)
27095,0,185,8,87,506,36.621787,-4.500273,1.0,0,0.0,1,0,3,3,676,185.0,0,6,0.0,1,0.0,Basque Fatherland and Freedom (ETA)
65859,0,95,10,34,249,33.787583,44.668683,1.0,0,0.0,0,0,3,4,2285,95.0,0,6,1.0,0,0.0,Islamic State of Iraq and the Levant (ISIL)
12421,0,145,2,440,1250,11.95,-85.216667,1.0,0,0.0,1,0,2,14,3522,145.0,0,5,1.0,1,0.0,Nicaraguan Democratic Force (FDN)
58178,0,4,6,507,3533,31.784801,65.755234,3.0,0,0.0,1,1,3,4,4435,422.0,0,6,10.0,1,0.0,Taliban
19635,0,183,11,19,136,-26.184113,28.033232,1.0,0,0.0,1,0,3,3,412,183.0,0,6,0.0,1,0.0,African National Congress (South Africa)
82005,0,160,5,0,25,6.516151,121.910015,1.0,0,1.0,1,0,2,14,27,160.0,0,5,5.0,1,0.0,Abu Sayyaf Group (ASG)
16935,0,362,8,193,1630,51.148407,6.357643,1.0,0,0.0,1,0,3,4,2108,216.0,0,6,0.0,1,0.0,Irish Republican Army (IRA)
34779,0,186,6,215,1970,9.748074,79.882883,1.0,0,0.0,1,0,3,4,2483,186.0,0,6,2.0,1,0.0,Liberation Tigers of Tamil Eelam (LTTE)
13954,0,183,11,19,136,-26.184113,28.033232,1.0,0,0.0,1,0,3,1,283,183.0,0,6,0.0,1,0.0,African National Congress (South Africa)
58803,0,160,5,5,2719,6.790861,125.205552,1.0,0,1.0,1,0,3,2,3393,160.0,0,6,0.0,1,0.0,New People's Army (NPA)
35654,0,45,3,368,24,6.547306,-71.002231,4.0,0,0.0,0,0,3,21,3206,45.0,0,6,2.0,1,0.0,National Liberation Army of Colombia (ELN)
5218,0,69,8,136,131,48.856644,2.34233,1.0,0,0.0,1,0,3,1,1562,69.0,0,6,0.0,1,0.0,Corsican National Liberation Front (FLNC)
1021,0,603,8,190,1642,54.819164,-7.467909,1.0,0,0.0,1,0,3,14,2154,233.0,0,6,1.0,1,0.0,Irish Republican Army (IRA)
16087,0,43,3,271,2106,-33.366238,-70.505302,1.0,0,0.0,1,0,3,14,1021,43.0,0,6,0.0,1,0.0,Manuel Rodriguez Patriotic Front (FPMR)
1567,0,603,8,190,1603,54.607712,-5.95621,1.0,0,0.0,1,0,1,4,2103,216.0,0,5,1.0,0,0.0,Irish Republican Army (IRA)
1598,0,603,8,49,1609,51.504387,-0.140041,1.0,0,0.0,1,0,3,10,2207,216.0,0,6,0.0,1,0.0,Irish Republican Army (IRA)
7519,0,61,2,149,1150,13.69288,-89.199161,1.0,0,0.0,1,0,3,1,1815,61.0,0,6,1.0,1,0.0,Farabundo Marti National Liberation Front (FMLN)
22231,0,159,3,483,2782,-9.120146,-78.194114,1.0,0,0.0,1,0,2,14,4092,159.0,0,5,6.0,1,0.0,Shining Path (SL)
73655,1,160,5,419,2714,8.964095,124.895434,2.0,0,0.0,1,0,6,3,3386,160.0,0,5,0.0,0,1.0,New People's Army (NPA)
15462,0,145,2,446,2965,12.83543,-85.462486,1.0,0,0.0,1,0,2,4,1762,145.0,0,5,1.0,1,0.0,Nicaraguan Democratic Force (FDN)
51776,0,4,6,321,24,34.171831,70.621679,4.0,0,1.0,1,0,2,4,162,422.0,0,5,9.0,-9,0.0,Taliban
15789,0,159,3,277,2118,-11.967368,-76.978462,1.0,0,1.0,1,0,3,14,4785,159.0,0,6,0.0,1,0.0,Tupac Amaru Revolutionary Movement (MRTA)
12344,0,183,11,21,140,-26.456502,29.464917,1.0,0,0.0,1,0,3,2,270,183.0,0,6,1.0,1,0.0,African National Congress (South Africa)
57005,0,45,3,359,606,7.318612,-72.48146,1.0,0,0.0,1,0,3,21,3187,45.0,0,6,0.0,1,0.0,National Liberation Army of Colombia (ELN)
20250,0,92,6,499,3464,22.8725,78.107222,1.0,0,0.0,1,0,2,14,4313,92.0,0,5,5.0,1,0.0,Sikh Extremists
9100,0,159,3,475,3365,-11.371389,-75.318611,2.0,0,0.0,1,0,3,1,4179,159.0,0,6,0.0,1,0.0,Shining Path (SL)
16216,0,145,2,453,2987,11.6002,-86.211617,1.0,0,0.0,1,0,2,4,1772,145.0,0,5,1.0,1,0.0,Nicaraguan Democratic Force (FDN)
70220,0,92,6,127,2246,19.502879,81.259335,2.0,1,0.0,0,0,3,4,48,92.0,0,6,0.0,0,0.0,Maoists
11229,0,145,2,445,2867,12.833333,-87.366667,1.0,0,0.0,1,0,6,4,1762,145.0,0,5,1.0,1,1.0,Nicaraguan Democratic Force (FDN)
55988,0,60,10,290,2361,31.126646,33.800865,1.0,0,0.0,1,0,2,4,3058,60.0,0,9,0.0,0,0.0,Muslim extremists
64609,0,214,9,145,1068,47.981647,37.762325,1.0,0,1.0,1,0,2,4,1700,214.0,0,5,0.0,-9,0.0,Donetsk People's Republic
72753,0,209,10,222,1863,37.179054,41.877727,1.0,0,0.0,1,0,2,4,172,209.0,0,6,0.0,-9,0.0,Kurdistan Workers' Party (PKK)
18324,0,159,3,277,2118,-11.967368,-76.978462,1.0,0,0.0,1,0,3,2,4777,159.0,0,6,0.0,1,0.0,Tupac Amaru Revolutionary Movement (MRTA)
58389,0,147,11,112,1350,9.635277,8.505035,1.0,0,1.0,1,0,2,14,27,147.0,0,5,10.0,1,0.0,Fulani extremists
77857,0,45,3,374,2533,7.032926,-72.06382,1.0,1,0.0,1,0,3,21,3148,45.0,0,6,0.0,1,0.0,National Liberation Army of Colombia (ELN)
56089,0,4,6,514,3617,32.045642,64.963348,3.0,0,0.0,1,0,3,2,4501,4.0,0,6,6.0,1,0.0,Taliban
21613,0,92,6,337,3484,31.503363,74.80977,2.0,0,0.0,1,0,1,8,4353,92.0,0,5,1.0,0,0.0,Sikh Extremists
25459,0,159,3,277,2118,-11.967368,-76.978462,1.0,0,0.0,1,0,3,2,4790,159.0,0,5,0.0,1,0.0,Tupac Amaru Revolutionary Movement (MRTA)
43252,0,186,6,260,1968,6.91218,79.882883,1.0,0,0.0,0,0,3,20,2489,186.0,0,6,0.0,0,0.0,Liberation Tigers of Tamil Eelam (LTTE)
35042,0,186,6,215,1983,7.414383,81.830633,1.0,0,0.0,1,0,3,20,2585,186.0,0,6,1.0,1,0.0,Liberation Tigers of Tamil Eelam (LTTE)
48397,0,228,10,54,319,14.52618,46.844932,1.0,1,0.0,1,0,2,4,748,228.0,0,5,9.0,1,0.0,Al-Qaida in the Arabian Peninsula (AQAP)
16088,0,43,3,271,2106,-33.366238,-70.505302,1.0,0,1.0,1,0,7,1,2721,43.0,0,8,0.0,1,0.0,Manuel Rodriguez Patriotic Front (FPMR)
33599,0,45,3,362,2507,6.978951,-75.296249,1.0,0,0.0,1,0,3,3,1653,45.0,0,6,12.0,1,0.0,National Liberation Army of Colombia (ELN)
65711,0,214,9,145,1099,48.346134,38.424828,1.0,0,0.0,1,0,3,14,205,214.0,0,6,0.0,-9,0.0,Donetsk People's Republic
30084,0,603,8,49,1609,51.504387,-0.140041,1.0,0,0.0,1,0,3,14,2164,216.0,0,6,3.0,1,0.0,Irish Republican Army (IRA)
76139,0,160,5,394,2697,7.734803,125.512622,1.0,0,0.0,0,0,2,4,2332,160.0,0,5,0.0,-9,0.0,New People's Army (NPA)
6803,0,185,8,86,515,43.291618,-1.977903,1.0,0,0.0,1,0,3,3,996,185.0,0,5,2.0,1,0.0,Basque Fatherland and Freedom (ETA)
18600,0,43,3,276,2122,-35.383823,-71.447049,1.0,0,0.0,1,0,3,21,2783,43.0,0,6,0.0,1,0.0,Manuel Rodriguez Patriotic Front (FPMR)
17806,0,92,6,337,3495,31.767153,74.860947,1.0,0,0.0,1,0,2,14,4367,92.0,0,5,13.0,1,0.0,Sikh Extremists
4815,0,69,8,135,24,41.918891,8.737554,4.0,0,1.0,1,0,3,1,1088,69.0,0,6,0.0,1,0.0,Corsican National Liberation Front (FLNC)
25643,0,209,10,225,1886,37.537556,40.887996,1.0,0,0.0,1,0,2,4,1788,209.0,0,5,4.0,1,0.0,Kurdistan Workers' Party (PKK)
60561,0,160,5,401,2741,13.65625,122.985452,2.0,0,0.0,1,0,2,4,3417,160.0,0,5,1.0,0,0.0,New People's Army (NPA)
37440,0,69,8,135,1022,42.567651,8.757222,1.0,0,0.0,1,0,3,1,1625,999.0,0,6,0.0,1,0.0,Corsican National Liberation Front (FLNC)
62826,0,200,10,40,260,33.515244,36.292084,1.0,1,1.0,1,0,3,14,931,200.0,0,6,0.0,-9,0.0,Muslim extremists
70982,1,113,10,306,2377,32.867867,13.189067,1.0,1,0.0,1,0,6,14,3067,113.0,0,5,1.0,0,1.0,Muslim extremists
40480,0,141,6,266,2262,27.159093,85.913744,1.0,0,0.0,1,0,3,14,2941,141.0,0,6,5.0,0,0.0,Maoists
66659,0,92,6,127,2283,18.171811,81.143483,2.0,0,0.0,1,0,2,4,2961,92.0,0,5,1.0,0,0.0,Maoists
21545,0,43,3,272,2110,-36.816006,-73.037659,1.0,0,0.0,1,0,5,16,2776,43.0,0,5,0.0,1,1.0,Manuel Rodriguez Patriotic Front (FPMR)
37027,0,186,6,261,1974,9.666399,80.020477,1.0,0,0.0,1,1,3,2,2488,186.0,0,6,21.0,0,0.0,Liberation Tigers of Tamil Eelam (LTTE)
27377,0,159,3,277,2118,-11.967368,-76.978462,1.0,0,0.0,1,0,3,1,4844,159.0,0,5,0.0,1,0.0,Tupac Amaru Revolutionary Movement (MRTA)
48520,0,4,6,513,3555,33.969167,68.944722,1.0,0,0.0,1,0,2,14,4446,4.0,0,5,1.0,0,0.0,Taliban
16148,0,43,3,271,2106,-33.366238,-70.505302,1.0,0,0.0,1,0,7,19,2734,43.0,0,8,0.0,1,0.0,Manuel Rodriguez Patriotic Front (FPMR)
45691,1,160,5,0,24,6.704221,121.973842,4.0,0,0.0,1,0,6,12,87,160.0,0,5,0.0,-9,1.0,Abu Sayyaf Group (ASG)
43703,0,95,10,33,247,33.303566,44.371773,1.0,0,0.0,1,0,3,14,582,95.0,0,6,127.0,1,0.0,Al-Qaida in Iraq
28143,0,185,8,86,515,43.291618,-1.977903,1.0,0,0.0,0,0,3,1,1102,185.0,0,6,1.0,1,0.0,Basque Fatherland and Freedom (ETA)
52837,0,147,11,108,616,11.840929,13.141459,1.0,0,0.0,1,0,2,2,1269,147.0,0,5,1.0,0,0.0,Boko Haram
60618,1,160,5,1,26,5.989123,120.953132,2.0,0,0.0,1,0,6,1,126,160.0,0,9,1.0,0,1.0,Abu Sayyaf Group (ASG)
25258,0,186,6,215,2014,7.331414,81.833366,1.0,0,0.0,1,0,2,14,2526,186.0,0,9,62.0,0,0.0,Liberation Tigers of Tamil Eelam (LTTE)
29340,0,603,8,190,1622,54.183052,-6.341388,1.0,0,0.0,1,0,3,14,1065,233.0,0,6,0.0,1,0.0,Irish Republican Army (IRA)
63250,0,214,9,145,1068,47.981647,37.762325,1.0,0,1.0,1,0,3,4,1700,214.0,0,6,2.0,-9,0.0,Donetsk People's Republic
17585,0,185,8,86,515,43.291618,-1.977903,1.0,0,0.0,1,0,3,4,979,185.0,0,6,5.0,1,0.0,Basque Fatherland and Freedom (ETA)
55930,0,4,6,526,3596,36.96468,69.170024,2.0,0,0.0,1,0,2,3,20,4.0,0,5,4.0,-9,0.0,Taliban
63649,0,92,6,126,2165,24.357421,87.422726,1.0,1,0.0,0,0,2,4,12,92.0,0,5,0.0,0,0.0,Maoists
47491,0,45,3,470,3225,1.148127,-76.646288,1.0,0,0.0,1,0,7,1,3959,45.0,0,8,0.0,1,0.0,Revolutionary Armed Forces of Colombia (FARC)
27804,0,159,3,277,3339,-11.495531,-77.207192,1.0,0,0.0,1,0,3,1,4138,159.0,0,5,0.0,1,0.0,Shining Path (SL)
22226,0,97,10,261,3077,33.278407,35.578808,1.0,0,0.0,1,0,3,14,3700,97.0,0,6,0.0,1,0.0,Palestinians
66932,1,92,6,127,829,18.791402,80.81664,3.0,0,0.0,1,0,6,3,1395,92.0,0,5,1.0,0,1.0,Communist Party of India - Maoist (CPI-Maoist)
24398,0,43,3,271,2106,-33.366238,-70.505302,1.0,0,0.0,1,0,3,15,2747,217.0,0,6,0.0,1,0.0,Manuel Rodriguez Patriotic Front (FPMR)
60073,0,182,11,69,446,3.810951,43.246506,1.0,0,0.0,1,0,3,1,512,182.0,0,6,6.0,1,0.0,Al-Shabaab
64142,0,182,11,74,452,3.628179,45.651852,1.0,0,1.0,1,0,7,14,27,182.0,0,8,0.0,1,0.0,Al-Shabaab
54762,0,160,5,396,2694,8.941944,126.187778,1.0,0,0.0,1,0,7,1,3373,160.0,0,5,0.0,1,0.0,New People's Army (NPA)
81537,1,160,5,0,44,6.596997,121.907486,1.0,0,1.0,1,0,6,14,63,160.0,0,5,5.0,0,1.0,Abu Sayyaf Group (ASG)
55554,0,4,6,509,3542,32.689845,62.732388,2.0,0,0.0,1,1,3,4,4440,422.0,0,6,1.0,1,0.0,Taliban
21946,0,43,3,271,2106,-33.366238,-70.505302,1.0,0,0.0,1,0,2,2,2723,43.0,0,5,0.0,1,0.0,Manuel Rodriguez Patriotic Front (FPMR)
45541,0,185,8,86,512,42.84964,-2.692359,1.0,0,1.0,0,0,7,3,1090,185.0,0,8,0.0,0,0.0,Basque Fatherland and Freedom (ETA)
63568,0,228,10,55,330,14.413989,44.837418,1.0,0,0.0,1,0,3,4,1984,228.0,0,6,4.0,0,0.0,Houthi extremists (Ansar Allah)
17522,0,45,3,469,3210,2.116667,-74.766667,1.0,0,0.0,1,0,2,4,1772,45.0,0,5,1.0,1,0.0,Revolutionary Armed Forces of Colombia (FARC)
26494,0,92,6,128,3438,23.332078,86.365208,1.0,0,0.0,1,0,2,3,562,92.0,0,5,0.0,1,0.0,Sikh Extremists
58569,0,160,5,418,2713,13.882276,120.913666,1.0,0,0.0,1,0,7,19,1709,160.0,0,5,0.0,1,0.0,New People's Army (NPA)
61090,0,214,9,145,1092,48.740385,37.590927,2.0,1,0.0,1,0,2,4,577,214.0,0,6,4.0,1,0.0,Donetsk People's Republic
6232,0,83,2,163,1205,14.622869,-90.529068,1.0,0,0.0,1,0,2,7,1814,61.0,0,5,0.0,1,0.0,Farabundo Marti National Liberation Front (FMLN)
46513,0,153,6,427,3810,34.110325,71.163803,1.0,0,0.0,1,0,3,8,4677,153.0,0,6,0.0,1,0.0,Tehrik-i-Taliban Pakistan (TTP)
65383,0,92,6,127,2225,18.252285,81.244812,1.0,0,1.0,0,0,2,3,167,92.0,0,5,0.0,0,0.0,Maoists
69092,0,160,5,389,2691,7.125629,125.963396,1.0,1,0.0,1,0,2,4,3370,160.0,0,5,3.0,0,0.0,New People's Army (NPA)
51083,0,95,10,34,249,33.74324,44.623825,1.0,0,0.0,1,0,2,14,566,95.0,0,5,4.0,1,0.0,Al-Qaida in Iraq
14862,0,145,2,443,2979,11.988947,-86.087363,1.0,0,0.0,1,0,2,4,1762,145.0,0,5,1.0,1,0.0,Nicaraguan Democratic Force (FDN)
73081,0,4,6,504,3672,36.217655,65.933037,1.0,0,1.0,1,0,2,19,4366,4.0,0,5,7.0,0,0.0,Taliban
66491,0,208,10,320,24,36.182222,8.714722,4.0,0,0.0,1,0,3,4,559,208.0,0,6,1.0,0,0.0,Muslim extremists
15118,0,145,2,436,2933,14.152916,-85.07312,2.0,1,0.0,1,0,2,4,1762,145.0,0,5,1.0,1,0.0,Nicaraguan Democratic Force (FDN)
10012,0,145,2,440,2859,12.1,-84.9,1.0,0,0.0,1,0,2,4,1768,145.0,0,5,41.0,1,0.0,Nicaraguan Democratic Force (FDN)
81113,0,147,11,108,616,11.840929,13.141459,1.0,0,1.0,1,1,3,8,1219,147.0,0,6,1.0,-9,0.0,Boko Haram
63407,0,4,6,513,3540,33.967929,68.949888,3.0,0,0.0,1,0,2,3,172,4.0,0,5,6.0,-9,0.0,Taliban
82322,0,95,10,252,1907,35.532791,44.827717,1.0,0,0.0,1,0,2,14,524,95.0,0,5,0.0,1,0.0,Kurdistan Workers' Party (PKK)
33110,0,209,10,227,24,40.613181,42.976624,4.0,0,0.0,1,0,1,14,2444,209.0,0,5,2.0,0,0.0,Kurdistan Workers' Party (PKK)
77069,0,173,10,184,1523,16.546944,42.979444,1.0,0,0.0,1,0,3,4,0,173.0,0,6,0.0,-9,0.0,Houthi extremists (Ansar Allah)
28046,0,209,10,225,1853,37.192877,40.581143,1.0,0,0.0,1,0,2,3,2384,209.0,0,5,0.0,1,0.0,Kurdistan Workers' Party (PKK)
42743,0,160,5,1,24,6.05519,121.001323,4.0,0,0.0,1,0,2,3,164,160.0,0,5,1.0,1,0.0,Abu Sayyaf Group (ASG)
2516,0,603,8,190,1603,54.607712,-5.95621,1.0,0,0.0,1,0,1,14,2197,233.0,0,5,1.0,0,0.0,Irish Republican Army (IRA)
9262,0,61,2,151,1232,13.46667,-88.38333,1.0,0,0.0,1,0,2,4,1762,61.0,0,5,3.0,1,0.0,Farabundo Marti National Liberation Front (FMLN)
6407,0,97,10,464,3090,32.792264,34.999234,2.0,0,0.0,1,0,3,19,3743,97.0,0,5,0.0,1,0.0,Palestinians
18828,0,43,3,271,2106,-33.366238,-70.505302,1.0,0,0.0,1,0,3,3,854,43.0,0,6,1.0,1,0.0,Manuel Rodriguez Patriotic Front (FPMR)
19621,0,603,8,190,1603,54.607712,-5.95621,1.0,0,0.0,1,0,2,3,2085,233.0,0,5,0.0,1,0.0,Irish Republican Army (IRA)
15801,0,185,8,87,506,36.621787,-4.500273,1.0,0,0.0,1,0,3,1,1094,185.0,0,6,1.0,1,0.0,Basque Fatherland and Freedom (ETA)
78435,0,60,10,290,2352,31.212225,34.117065,1.0,1,1.0,1,0,2,4,20,60.0,0,5,5.0,-9,0.0,Muslim extremists
30702,0,98,8,100,544,45.469212,9.174508,1.0,0,0.0,1,0,3,1,1099,185.0,0,6,0.0,1,0.0,Basque Fatherland and Freedom (ETA)
15425,0,159,3,277,2118,-11.967368,-76.978462,1.0,0,0.0,1,0,3,1,4752,217.0,0,6,0.0,1,0.0,Tupac Amaru Revolutionary Movement (MRTA)
64924,0,228,10,53,314,15.325443,44.211895,1.0,0,0.0,1,1,3,3,663,228.0,0,6,38.0,1,0.0,Al-Qaida in the Arabian Peninsula (AQAP)
25566,1,186,6,215,1981,7.730997,81.67473,3.0,0,0.0,1,0,6,14,2494,186.0,0,5,18.0,0,1.0,Liberation Tigers of Tamil Eelam (LTTE)
10689,0,145,2,450,2964,12.966667,-83.533333,1.0,0,0.0,1,0,2,4,1762,145.0,0,5,3.0,1,0.0,Nicaraguan Democratic Force (FDN)
68908,0,147,11,114,701,10.286653,11.163861,1.0,0,1.0,1,0,3,14,486,147.0,0,6,25.0,-9,0.0,Boko Haram
43180,0,186,6,79,2007,9.718224,80.018501,1.0,0,0.0,1,0,2,14,2520,186.0,0,5,1.0,0,0.0,Liberation Tigers of Tamil Eelam (LTTE)
6496,0,97,10,458,3043,31.771599,35.2034,1.0,0,0.0,1,0,3,14,3643,97.0,0,6,0.0,1,0.0,Palestinians
12209,0,145,2,448,2906,12.333333,-86.783333,1.0,0,0.0,1,0,2,4,1762,145.0,0,5,1.0,1,0.0,Nicaraguan Democratic Force (FDN)
22573,0,159,3,277,2118,-11.967368,-76.978462,1.0,0,1.0,1,0,3,1,765,159.0,0,6,0.0,1,0.0,Tupac Amaru Revolutionary Movement (MRTA)
25947,0,159,3,277,2118,-11.967368,-76.978462,1.0,0,1.0,1,0,2,19,56,159.0,0,8,0.0,1,0.0,Shining Path (SL)
6393,0,97,10,458,3043,31.771599,35.2034,1.0,0,0.0,1,0,3,21,3765,97.0,0,6,0.0,1,0.0,Palestinians
60932,0,160,5,1,74,6.046389,121.078056,2.0,0,0.0,1,0,3,4,138,160.0,0,6,6.0,-9,0.0,Abu Sayyaf Group (ASG)
79930,0,228,10,51,1574,15.325556,45.276111,3.0,0,0.0,1,0,3,14,13,228.0,0,6,0.0,-9,0.0,Houthi extremists (Ansar Allah)
49939,0,92,6,126,899,23.041512,84.544486,1.0,1,0.0,1,0,7,19,1439,92.0,0,8,0.0,1,0.0,Communist Party of India - Maoist (CPI-Maoist)
49545,0,228,10,52,327,13.129726,45.385571,1.0,0,0.0,1,0,2,3,691,228.0,0,5,1.0,-9,0.0,Al-Qaida in the Arabian Peninsula (AQAP)
17983,0,183,11,19,164,-26.1072,28.058292,1.0,0,0.0,1,0,3,3,267,183.0,0,6,1.0,1,0.0,African National Congress (South Africa)
78193,0,37,11,117,726,12.370783,14.41828,1.0,0,1.0,1,0,2,14,27,37.0,0,5,0.0,0,0.0,Boko Haram
22544,0,159,3,475,3282,-11.419301,-75.688882,3.0,0,0.0,1,0,2,1,4047,159.0,0,5,0.0,1,0.0,Shining Path (SL)
21040,0,61,2,149,1150,13.69288,-89.199161,1.0,0,0.0,1,0,3,2,1783,61.0,0,6,1.0,1,0.0,Farabundo Marti National Liberation Front (FMLN)
45828,0,92,6,126,802,23.264121,85.644772,1.0,0,0.0,1,0,2,3,1090,92.0,0,5,5.0,0,0.0,Communist Party of India - Maoist (CPI-Maoist)
48948,0,45,3,359,2549,8.637411,-72.734019,1.0,1,0.0,1,0,7,1,3961,45.0,0,8,0.0,1,0.0,Revolutionary Armed Forces of Colombia (FARC)
42576,0,4,6,507,3556,31.631083,65.742226,1.0,0,0.0,1,0,3,8,4485,4.0,0,6,0.0,1,0.0,Taliban
37385,1,45,3,378,2535,3.429344,-76.516037,1.0,0,0.0,1,0,6,14,3216,45.0,0,5,0.0,0,1.0,National Liberation Army of Colombia (ELN)
35415,0,186,6,261,2053,8.404581,81.312434,1.0,0,0.0,1,0,1,4,48,186.0,0,5,2.0,0,0.0,Liberation Tigers of Tamil Eelam (LTTE)
28809,0,159,3,536,3876,-12.058285,-77.105378,1.0,0,0.0,1,0,2,4,562,159.0,0,5,52.0,1,0.0,Tupac Amaru Revolutionary Movement (MRTA)
50884,0,182,11,68,404,2.059819,45.326115,1.0,0,0.0,1,0,3,10,882,182.0,0,6,4.0,1,0.0,Al-Shabaab
22040,0,186,6,215,1969,7.733107,81.68882,1.0,0,0.0,1,0,3,1,2132,186.0,0,6,0.0,1,0.0,Liberation Tigers of Tamil Eelam (LTTE)
73039,0,147,11,166,1309,7.871944,8.008333,1.0,0,1.0,1,0,2,14,27,147.0,0,5,50.0,1,0.0,Fulani extremists
42167,0,92,6,129,2212,21.320179,84.260115,1.0,0,0.0,1,0,2,14,6,92.0,0,5,5.0,0,0.0,Maoists
14939,0,159,3,277,2118,-11.967368,-76.978462,1.0,0,0.0,1,0,3,1,4854,159.0,0,6,0.0,1,0.0,Tupac Amaru Revolutionary Movement (MRTA)
25887,0,186,6,268,2029,7.236579,80.208017,1.0,0,0.0,1,0,2,14,2546,186.0,0,5,5.0,1,0.0,Liberation Tigers of Tamil Eelam (LTTE)
10089,0,603,8,190,1603,54.607712,-5.95621,1.0,0,0.0,0,0,1,3,2052,233.0,0,5,0.0,0,0.0,Irish Republican Army (IRA)
20472,0,61,2,149,1150,13.69288,-89.199161,1.0,0,0.0,1,0,2,7,1767,217.0,0,5,0.0,1,0.0,Farabundo Marti National Liberation Front (FMLN)
20061,0,183,11,19,147,-26.103533,28.097631,1.0,0,0.0,1,0,3,1,282,183.0,0,6,0.0,1,0.0,African National Congress (South Africa)
39567,0,160,5,4,15,6.929089,122.07885,1.0,0,1.0,1,0,3,18,118,160.0,0,6,0.0,1,0.0,Abu Sayyaf Group (ASG)
62512,0,182,11,70,407,-0.357847,42.54665,1.0,0,0.0,1,0,3,3,175,182.0,0,6,0.0,-9,0.0,Al-Shabaab
26305,0,159,3,277,2118,-11.967368,-76.978462,1.0,0,0.0,1,0,3,7,4209,217.0,0,6,0.0,1,0.0,Tupac Amaru Revolutionary Movement (MRTA)
23688,0,159,3,476,3350,-9.94069,-76.241065,3.0,0,0.0,0,0,1,3,1653,159.0,0,5,0.0,0,0.0,Shining Path (SL)
57582,0,153,6,352,3753,34.552254,71.181984,1.0,0,0.0,1,0,2,4,4586,153.0,0,5,3.0,1,0.0,Tehrik-i-Taliban Pakistan (TTP)
55097,0,160,5,0,84,6.537162,122.163252,2.0,0,0.0,1,0,1,4,169,160.0,0,5,1.0,1,0.0,Abu Sayyaf Group (ASG)
68079,0,173,10,61,24,17.567896,44.233563,4.0,0,1.0,1,0,2,4,48,173.0,0,6,14.0,-9,0.0,Houthi extremists (Ansar Allah)
28733,0,92,6,337,3405,30.898024,75.860077,1.0,1,1.0,1,0,7,1,1088,92.0,0,8,0.0,1,0.0,Sikh Extremists
61980,0,182,11,68,404,2.059819,45.326115,1.0,0,0.0,1,0,1,2,835,182.0,0,5,1.0,1,0.0,Al-Shabaab
62476,0,45,3,362,3183,6.961684,-75.426826,3.0,0,0.0,0,0,2,14,2480,45.0,0,8,0.0,1,0.0,Revolutionary Armed Forces of Colombia (FARC)
25889,0,61,2,164,1220,13.981479,-89.555717,1.0,0,0.0,1,0,2,4,1836,61.0,0,5,0.0,1,0.0,Farabundo Marti National Liberation Front (FMLN)
35084,0,45,3,362,2567,6.48927,-74.40176,3.0,0,0.0,1,0,3,21,3245,45.0,0,6,0.0,1,0.0,National Liberation Army of Colombia (ELN)
20382,0,183,11,25,180,-34.057188,18.865482,1.0,0,0.0,1,0,3,2,362,183.0,0,6,0.0,1,0.0,African National Congress (South Africa)
51696,0,95,10,33,247,33.303566,44.371773,1.0,0,1.0,1,0,3,14,13,95.0,0,6,1.0,0,0.0,Al-Qaida in Iraq
34720,0,186,6,215,1972,8.577826,81.218719,1.0,0,0.0,0,1,3,4,2538,186.0,0,6,1.0,1,0.0,Liberation Tigers of Tamil Eelam (LTTE)
77322,0,182,11,71,478,3.206583,45.759302,1.0,0,0.0,1,0,3,4,844,422.0,0,6,1.0,1,0.0,Al-Shabaab
27148,0,92,6,496,3424,30.733315,76.779418,1.0,0,0.0,1,0,1,2,4292,92.0,0,5,1.0,0,0.0,Sikh Extremists
53894,0,153,6,468,3130,24.891115,67.143311,1.0,0,1.0,1,1,3,15,4583,153.0,0,6,3.0,-9,0.0,Tehrik-i-Taliban Pakistan (TTP)
80324,0,92,6,126,783,23.951419,86.1946,3.0,0,0.0,1,0,2,14,2906,92.0,0,9,1.0,0,0.0,Maoists
30035,0,92,6,337,3413,31.8186,75.2028,1.0,0,0.0,1,0,2,4,12,92.0,0,5,0.0,1,0.0,Sikh Extremists
25165,0,186,6,215,1983,7.414383,81.830633,1.0,1,0.0,1,0,2,4,1184,186.0,0,5,10.0,1,0.0,Liberation Tigers of Tamil Eelam (LTTE)
28190,0,45,3,377,3194,4.343864,-74.361955,3.0,0,0.0,1,0,2,4,562,45.0,0,5,7.0,1,0.0,Revolutionary Armed Forces of Colombia (FARC)
57311,0,4,6,526,3618,36.680279,69.112038,3.0,0,0.0,1,0,3,14,814,4.0,0,6,1.0,0,0.0,Taliban
14646,0,183,11,25,161,-33.941849,18.41964,1.0,0,0.0,1,0,3,3,275,183.0,0,5,1.0,0,0.0,African National Congress (South Africa)
72100,0,95,10,32,263,33.420948,43.295662,1.0,0,0.0,1,0,3,1,542,95.0,0,6,0.0,1,0.0,Islamic State of Iraq and the Levant (ISIL)
70494,0,182,11,68,404,2.059819,45.326115,1.0,0,0.0,1,0,2,2,826,182.0,0,5,2.0,1,0.0,Al-Shabaab
53107,0,147,11,108,616,11.840929,13.141459,1.0,0,0.0,1,0,2,4,12,147.0,0,8,0.0,1,0.0,Boko Haram
82580,0,209,10,222,1839,37.332346,42.185474,3.0,0,0.0,1,0,2,4,2422,209.0,0,5,2.0,-9,0.0,Kurdistan Workers' Party (PKK)
60243,0,4,6,520,3658,34.643136,71.026034,3.0,0,0.0,1,0,3,14,867,4.0,0,6,1.0,0,0.0,Taliban
44874,0,92,6,265,2021,24.801749,92.944764,3.0,0,0.0,1,0,2,1,2531,186.0,0,5,8.0,0,0.0,Liberation Tigers of Tamil Eelam (LTTE)
10823,0,183,11,18,176,-29.890769,30.975174,1.0,0,0.0,1,0,3,1,327,183.0,0,6,0.0,1,0.0,African National Congress (South Africa)
63712,0,182,11,68,404,2.059819,45.326115,1.0,0,0.0,1,0,3,2,559,182.0,0,6,1.0,1,0.0,Al-Shabaab
67178,0,147,11,166,1361,7.267985,9.298841,1.0,0,1.0,1,0,2,14,27,147.0,0,5,4.0,0,0.0,Fulani extremists
15312,0,43,3,272,2110,-36.816006,-73.037659,1.0,0,0.0,1,0,3,19,2749,43.0,0,6,0.0,1,0.0,Manuel Rodriguez Patriotic Front (FPMR)
66737,0,45,3,359,2570,8.412236,-72.457974,1.0,0,0.0,1,0,3,3,162,45.0,0,6,3.0,0,0.0,National Liberation Army of Colombia (ELN)
66265,1,147,11,169,1339,7.887778,9.556389,1.0,0,0.0,1,0,6,14,27,147.0,0,9,1.0,0,1.0,Fulani extremists
17261,0,159,3,277,2118,-11.967368,-76.978462,1.0,0,1.0,1,0,3,16,3780,159.0,0,6,0.0,1,0.0,Shining Path (SL)
7636,0,185,8,89,517,40.465595,-3.696263,1.0,0,0.0,1,0,1,4,1097,185.0,0,6,3.0,0,0.0,Basque Fatherland and Freedom (ETA)
55300,0,208,10,314,2391,35.239591,8.750597,1.0,1,1.0,1,0,3,4,48,208.0,0,6,0.0,0,0.0,Muslim extremists
73628,0,95,10,32,24,33.982013,42.594834,4.0,0,1.0,0,1,3,4,0,95.0,0,6,15.0,0,0.0,Islamic State of Iraq and the Levant (ISIL)
67428,0,182,11,68,404,2.059819,45.326115,1.0,0,0.0,1,0,3,3,20,182.0,0,6,1.0,-9,0.0,Al-Shabaab
14146,0,69,8,135,24,41.918891,8.737554,4.0,0,1.0,1,0,3,3,1578,69.0,0,6,0.0,1,0.0,Corsican National Liberation Front (FLNC)
77076,0,173,10,61,1535,17.565604,44.228944,2.0,0,0.0,1,0,3,4,172,173.0,0,6,0.0,-9,0.0,Houthi extremists (Ansar Allah)
13263,0,186,6,261,1974,9.666399,80.020477,1.0,0,1.0,1,0,3,19,2568,186.0,0,6,1.0,1,0.0,Liberation Tigers of Tamil Eelam (LTTE)
15105,0,183,11,19,146,-25.718321,28.408798,1.0,0,0.0,1,0,1,3,275,183.0,0,6,1.0,0,0.0,African National Congress (South Africa)
49331,0,228,10,50,347,14.762732,49.605728,1.0,0,0.0,1,0,1,2,694,228.0,0,5,1.0,0,0.0,Al-Qaida in the Arabian Peninsula (AQAP)
20198,0,183,11,21,191,-26.947957,29.248645,1.0,0,0.0,1,0,3,1,384,183.0,0,6,0.0,1,0.0,African National Congress (South Africa)
24869,0,43,3,271,2121,-33.366238,-70.505302,1.0,0,0.0,1,0,3,1,2760,43.0,0,6,0.0,1,0.0,Manuel Rodriguez Patriotic Front (FPMR)
68036,0,214,9,145,1080,48.020912,37.529469,1.0,0,0.0,1,0,2,4,48,214.0,0,6,0.0,-9,0.0,Donetsk People's Republic
15023,0,145,2,438,2856,13.131923,-86.345742,3.0,0,0.0,1,0,2,2,3517,145.0,0,5,1.0,1,0.0,Nicaraguan Democratic Force (FDN)
20872,0,43,3,275,2114,-38.734133,-72.584651,1.0,0,1.0,1,0,3,21,2764,43.0,0,6,0.0,1,0.0,Manuel Rodriguez Patriotic Front (FPMR)
52882,0,228,10,52,316,13.219398,45.307838,1.0,0,0.0,1,1,3,14,648,228.0,0,6,1.0,0,0.0,Al-Qaida in the Arabian Peninsula (AQAP)
20326,0,183,11,19,133,-26.31468,27.828306,1.0,0,0.0,1,0,3,2,262,183.0,0,6,0.0,1,0.0,African National Congress (South Africa)
40449,0,45,3,363,2492,4.667128,-74.106056,1.0,0,0.0,1,0,3,2,3852,45.0,0,6,0.0,1,0.0,Revolutionary Armed Forces of Colombia (FARC)
51691,0,95,10,38,250,35.45211,44.375465,1.0,0,1.0,1,0,3,1,578,95.0,0,6,2.0,1,0.0,Al-Qaida in Iraq
67126,0,4,6,526,3632,37.116005,69.044067,1.0,0,1.0,1,0,2,3,4445,4.0,0,5,12.0,0,0.0,Taliban
47622,0,182,11,68,404,2.059819,45.326115,1.0,0,0.0,0,1,1,2,847,182.0,0,6,7.0,1,0.0,Al-Shabaab
60430,1,214,9,145,1068,47.981647,37.762325,1.0,0,0.0,1,0,6,7,1710,422.0,0,5,0.0,0,1.0,Donetsk People's Republic
21809,0,61,2,149,1150,13.69288,-89.199161,1.0,0,1.0,1,0,3,21,1107,61.0,0,6,0.0,1,0.0,Farabundo Marti National Liberation Front (FMLN)
62745,0,214,9,145,1068,47.981647,37.762325,1.0,0,1.0,1,0,3,4,1700,214.0,0,6,0.0,-9,0.0,Donetsk People's Republic
26209,0,160,5,5,2711,7.083241,125.600998,1.0,0,1.0,1,0,2,19,1153,160.0,0,8,0.0,1,0.0,New People's Army (NPA)
36824,0,186,6,215,2069,9.040794,80.582727,1.0,0,1.0,1,0,3,4,2600,186.0,0,6,9.0,1,0.0,Liberation Tigers of Tamil Eelam (LTTE)
73354,0,147,11,166,1287,7.732297,9.210412,2.0,0,1.0,1,0,2,14,27,147.0,0,5,1.0,1,0.0,Fulani extremists
56074,0,182,11,68,404,2.059819,45.326115,1.0,0,1.0,1,0,3,4,577,182.0,0,6,1.0,-9,0.0,Al-Shabaab
21167,0,183,11,19,157,-26.189151,28.31707,1.0,0,0.0,1,0,1,2,328,183.0,0,6,0.0,1,0.0,African National Congress (South Africa)
60578,0,182,11,66,447,0.949595,43.556059,3.0,0,0.0,1,0,6,14,814,182.0,0,9,0.0,0,0.0,Al-Shabaab
72706,0,228,10,52,335,13.357599,45.69648,1.0,0,0.0,1,0,3,4,219,228.0,0,6,0.0,1,0.0,Al-Qaida in the Arabian Peninsula (AQAP)
49526,0,92,6,127,912,18.9,81.35,3.0,0,0.0,1,0,7,1,1460,92.0,0,8,0.0,1,0.0,Communist Party of India - Maoist (CPI-Maoist)
19332,0,183,11,19,144,-25.748281,28.212069,1.0,0,0.0,1,0,3,2,322,183.0,0,6,1.0,1,0.0,African National Congress (South Africa)
18820,0,43,3,272,2110,-36.816006,-73.037659,1.0,0,0.0,1,0,3,2,2708,43.0,0,6,0.0,1,0.0,Manuel Rodriguez Patriotic Front (FPMR)
68037,0,214,9,145,1082,47.963322,37.440448,1.0,0,0.0,1,0,3,14,27,214.0,0,6,0.0,-9,0.0,Donetsk People's Republic
72787,0,147,11,175,1326,6.835866,7.234769,1.0,0,0.0,1,0,2,14,27,147.0,0,5,2.0,1,0.0,Fulani extremists
69975,0,182,11,66,402,1.789637,44.529976,1.0,0,0.0,1,0,6,4,577,182.0,0,5,19.0,0,1.0,Al-Shabaab
58462,0,92,6,127,2196,17.941971,81.103753,1.0,1,0.0,1,0,3,3,12,92.0,0,6,2.0,0,0.0,Maoists
21612,0,186,6,261,2044,9.267091,80.814248,3.0,0,0.0,1,0,2,4,1762,92.0,0,5,58.0,1,0.0,Liberation Tigers of Tamil Eelam (LTTE)
26116,0,155,10,456,3059,32.460617,35.301247,1.0,1,0.0,1,0,1,3,3670,155.0,0,5,1.0,0,0.0,Palestinians
46288,0,160,5,387,2693,9.77026,122.467818,1.0,0,0.0,1,0,7,16,3372,160.0,0,8,0.0,1,0.0,New People's Army (NPA)
29687,0,160,5,396,2699,8.801867,126.30035,1.0,0,0.0,1,0,2,4,562,160.0,0,5,42.0,1,0.0,New People's Army (NPA)
78319,0,160,5,0,24,6.741797,122.398145,4.0,0,0.0,0,0,4,11,119,160.0,0,5,0.0,1,0.0,Abu Sayyaf Group (ASG)
67383,0,228,10,58,1522,13.057677,44.883764,3.0,0,0.0,1,0,3,14,13,228.0,0,6,1.0,-9,0.0,Houthi extremists (Ansar Allah)
54129,0,95,10,34,278,33.848618,44.522125,1.0,0,1.0,1,0,3,15,530,95.0,0,6,2.0,0,0.0,Al-Qaida in Iraq
28055,0,92,6,337,3413,31.8186,75.2028,1.0,1,0.0,1,0,2,3,562,92.0,0,5,3.0,1,0.0,Sikh Extremists
65083,0,214,9,145,1098,48.139713,37.643398,1.0,1,0.0,1,0,3,4,1697,214.0,0,6,0.0,-9,0.0,Donetsk People's Republic
58381,0,95,10,33,247,33.303566,44.371773,1.0,0,1.0,1,0,3,14,486,95.0,0,6,1.0,-9,0.0,Islamic State of Iraq and the Levant (ISIL)
12851,0,159,3,277,2118,-11.967368,-76.978462,1.0,0,0.0,1,0,2,7,260,217.0,0,5,0.0,1,0.0,Tupac Amaru Revolutionary Movement (MRTA)
75688,0,214,9,145,1090,47.351321,37.931012,1.0,0,1.0,1,0,6,7,162,422.0,0,5,0.0,1,1.0,Donetsk People's Republic
28419,0,155,10,325,3048,31.346964,34.30143,1.0,0,0.0,1,0,1,14,3677,155.0,0,5,1.0,0,0.0,Palestinians
19166,0,183,11,19,204,-26.095841,27.758589,1.0,0,0.0,1,0,3,3,373,183.0,0,6,3.0,1,0.0,African National Congress (South Africa)
64402,0,228,10,53,314,15.325443,44.211895,1.0,0,0.0,0,0,3,2,673,228.0,0,6,0.0,0,0.0,Al-Qaida in the Arabian Peninsula (AQAP)
871,0,603,8,190,1616,54.293235,-6.842351,1.0,0,0.0,1,0,1,4,2069,233.0,0,5,1.0,0,0.0,Irish Republican Army (IRA)
42532,0,45,3,367,3165,2.68523,-75.32598,1.0,0,0.0,1,0,2,3,3886,45.0,0,5,4.0,-9,0.0,Revolutionary Armed Forces of Colombia (FARC)
7371,0,69,8,136,131,48.856644,2.34233,1.0,0,0.0,1,0,3,19,1565,69.0,0,6,1.0,1,0.0,Corsican National Liberation Front (FLNC)
29566,0,92,6,494,3410,28.585836,77.153336,1.0,0,0.0,1,0,3,19,56,92.0,0,6,1.0,1,0.0,Sikh Extremists
26137,0,155,10,325,1468,31.502407,34.459743,1.0,0,1.0,1,0,1,14,3649,155.0,0,5,1.0,0,0.0,Palestinians
60363,0,147,11,108,645,10.82636,12.420727,1.0,0,1.0,1,0,2,14,27,147.0,0,5,8.0,1,0.0,Boko Haram
76817,0,182,11,74,476,4.193211,44.994213,1.0,0,0.0,1,0,3,4,901,422.0,0,6,1.0,1,0.0,Al-Shabaab
19871,0,61,2,152,1166,13.5,-88.866667,1.0,0,0.0,1,0,2,14,1770,61.0,0,5,6.0,1,0.0,Farabundo Marti National Liberation Front (FMLN)
47302,0,173,10,187,1530,16.893194,42.57526,1.0,0,0.0,1,0,2,4,1972,173.0,0,5,1.0,1,0.0,Houthi extremists (Ansar Allah)
64884,0,228,10,50,325,14.769764,49.374268,1.0,0,0.0,1,0,2,2,559,228.0,0,5,0.0,1,0.0,Al-Qaida in the Arabian Peninsula (AQAP)
1342,0,603,8,190,1603,54.607712,-5.95621,1.0,0,0.0,1,0,1,4,2212,216.0,0,5,1.0,0,0.0,Irish Republican Army (IRA)
10922,0,603,8,190,1637,54.328629,-5.716669,1.0,0,0.0,1,0,2,3,2127,233.0,0,5,2.0,1,0.0,Irish Republican Army (IRA)
47990,0,160,5,389,2758,7.335014,126.096139,1.0,0,0.0,1,0,2,2,3427,160.0,0,5,6.0,1,0.0,New People's Army (NPA)
17454,0,145,2,440,24,11.727473,-86.21585,4.0,0,0.0,1,0,2,1,3531,145.0,0,5,8.0,1,0.0,Nicaraguan Democratic Force (FDN)
68895,0,92,6,133,2192,15.800344,73.732776,1.0,0,0.0,1,0,7,2,560,92.0,0,8,0.0,1,0.0,Maoists
23075,0,183,11,19,169,-26.371483,28.408806,1.0,0,0.0,0,0,3,3,308,183.0,0,6,1.0,1,0.0,African National Congress (South Africa)
42494,0,102,10,43,266,31.950001,35.933331,1.0,0,1.0,1,1,3,1,510,999.0,0,6,20.0,1,0.0,Al-Qaida in Iraq
11455,0,145,2,448,2909,12.398896,-86.813327,1.0,0,0.0,1,0,2,4,1762,145.0,0,5,1.0,1,0.0,Nicaraguan Democratic Force (FDN)
73284,0,182,11,70,407,-0.357847,42.54665,1.0,0,1.0,1,0,3,14,818,182.0,0,6,3.0,1,0.0,Al-Shabaab
73296,0,147,11,166,1357,7.719043,9.238704,2.0,0,1.0,1,0,2,14,1231,147.0,0,5,2.0,-9,0.0,Fulani extremists
72434,0,92,6,127,2193,18.555289,81.345462,1.0,0,0.0,1,0,3,3,12,92.0,0,6,0.0,0,0.0,Maoists
78555,0,92,6,127,819,18.391012,81.656929,1.0,0,0.0,1,0,2,14,1339,92.0,0,9,1.0,0,0.0,Communist Party of India - Maoist (CPI-Maoist)
16846,0,159,3,277,2118,-11.967368,-76.978462,1.0,0,1.0,1,0,3,1,4754,159.0,0,6,0.0,1,0.0,Tupac Amaru Revolutionary Movement (MRTA)
25666,0,209,10,223,1904,37.37386,44.085328,3.0,0,0.0,1,0,2,3,2436,209.0,0,5,3.0,1,0.0,Kurdistan Workers' Party (PKK)
42136,0,95,10,33,247,33.303566,44.371773,1.0,0,0.0,1,1,3,2,590,95.0,0,6,2.0,-9,0.0,Al-Qaida in Iraq
6847,0,603,8,190,1613,54.414416,-6.976641,1.0,0,0.0,1,0,3,4,2060,216.0,0,6,1.0,1,0.0,Irish Republican Army (IRA)
71688,0,160,5,393,2645,10.786173,122.206377,1.0,0,1.0,1,0,7,1,1463,160.0,0,8,0.0,1,0.0,New People's Army (NPA)
71666,0,147,11,118,1425,9.756643,8.874665,1.0,0,1.0,1,0,2,14,13,147.0,0,5,2.0,0,0.0,Fulani extremists
24574,0,159,3,277,3360,-11.122722,-77.610568,1.0,0,1.0,1,0,3,16,4170,159.0,0,6,0.0,1,0.0,Shining Path (SL)
19842,0,186,6,261,2045,9.247688,80.137276,2.0,0,0.0,1,0,2,4,1720,92.0,0,5,1.0,1,0.0,Liberation Tigers of Tamil Eelam (LTTE)
10882,0,45,3,362,2498,6.242026,-75.564766,1.0,0,0.0,1,0,1,2,3202,45.0,0,5,1.0,0,0.0,National Liberation Army of Colombia (ELN)
19488,1,45,3,362,2498,6.242026,-75.564766,1.0,0,0.0,1,0,6,10,3227,45.0,0,5,0.0,0,1.0,National Liberation Army of Colombia (ELN)
80767,0,209,10,223,1821,37.293709,43.671189,3.0,0,0.0,1,0,3,4,1720,209.0,0,6,0.0,1,0.0,Kurdistan Workers' Party (PKK)
19143,0,159,3,486,3324,-8.459251,-76.461991,1.0,0,0.0,1,0,2,4,1853,159.0,0,5,0.0,1,0.0,Shining Path (SL)
48078,0,182,11,68,404,2.059819,45.326115,1.0,0,0.0,1,0,3,11,907,182.0,0,6,2.0,1,0.0,Al-Shabaab
16850,0,159,3,277,2118,-11.967368,-76.978462,1.0,0,1.0,1,0,3,1,4754,159.0,0,6,0.0,1,0.0,Tupac Amaru Revolutionary Movement (MRTA)
11261,0,145,2,448,2516,12.298125,-86.596842,1.0,0,0.0,1,0,2,4,1762,145.0,0,5,1.0,1,0.0,Nicaraguan Democratic Force (FDN)
53083,0,4,6,514,3548,32.248981,63.85825,3.0,0,0.0,1,0,2,4,172,4.0,0,5,10.0,1,0.0,Taliban
33607,0,92,6,291,2415,32.726602,74.857026,1.0,0,0.0,1,0,3,19,56,92.0,0,6,2.0,1,0.0,Sikh Extremists
8689,0,97,10,262,3070,31.248484,34.787853,1.0,0,0.0,0,0,3,8,51,97.0,0,6,0.0,0,0.0,Palestinians
15920,0,145,2,436,96,13.243611,-85.89596,1.0,0,0.0,1,0,2,4,1762,145.0,0,5,1.0,1,0.0,Nicaraguan Democratic Force (FDN)
14156,0,69,8,135,24,41.918891,8.737554,4.0,0,1.0,1,0,3,3,1578,69.0,0,6,0.0,1,0.0,Corsican National Liberation Front (FLNC)
26941,0,155,10,456,3094,32.347771,35.530738,1.0,0,0.0,1,0,2,4,3752,97.0,0,5,2.0,1,0.0,Palestinians
43769,0,4,6,507,3552,31.550039,65.45263,3.0,0,0.0,1,0,3,3,6,4.0,0,6,4.0,1,0.0,Taliban
30717,0,92,6,337,3418,31.633078,74.878288,1.0,0,0.0,1,0,1,14,4306,92.0,0,5,6.0,0,0.0,Sikh Extremists
72113,0,200,10,200,1763,36.380825,38.178571,1.0,1,0.0,1,0,3,21,2328,200.0,0,6,7.0,-9,0.0,Islamic State of Iraq and the Levant (ISIL)
26474,0,603,8,190,1603,54.607712,-5.95621,1.0,0,1.0,1,0,7,1,947,233.0,0,8,0.0,1,0.0,Irish Republican Army (IRA)
77788,0,153,6,337,2439,30.68734,73.108405,1.0,0,0.0,1,0,1,10,3090,153.0,0,5,1.0,0,0.0,Muslim extremists
15672,0,185,8,87,519,36.539004,-4.624353,1.0,0,0.0,1,0,3,1,956,185.0,0,6,1.0,1,0.0,Basque Fatherland and Freedom (ETA)
29212,0,603,8,49,1651,53.814165,-3.053514,1.0,0,1.0,1,0,7,1,2132,216.0,0,8,0.0,1,0.0,Irish Republican Army (IRA)
45678,0,45,3,360,3161,6.00283,-76.78047,2.0,0,0.0,1,0,1,2,3881,45.0,0,5,1.0,1,0.0,Revolutionary Armed Forces of Colombia (FARC)
32924,0,155,10,456,3054,31.530243,35.094162,1.0,0,0.0,0,0,1,4,3749,97.0,0,9,1.0,0,0.0,Palestinians
54284,0,95,10,36,262,34.881348,44.62513,1.0,0,1.0,1,0,3,22,560,95.0,0,6,5.0,1,0.0,Al-Qaida in Iraq
55330,1,147,11,108,616,11.840929,13.141459,1.0,0,0.0,1,0,6,2,1237,147.0,0,5,0.0,0,1.0,Boko Haram
66393,0,214,9,145,1069,47.098835,37.81987,1.0,1,1.0,1,0,2,4,48,214.0,0,6,0.0,0,0.0,Donetsk People's Republic
33604,0,209,10,225,1838,37.312903,40.733951,1.0,0,0.0,1,0,1,8,878,209.0,0,5,4.0,0,0.0,Kurdistan Workers' Party (PKK)
34277,0,209,10,230,1840,37.885793,41.130124,1.0,0,0.0,1,0,3,8,2428,209.0,0,6,8.0,1,0.0,Kurdistan Workers' Party (PKK)
80927,0,182,11,69,405,4.120602,43.890526,1.0,0,0.0,1,0,2,4,577,182.0,0,6,5.0,-9,0.0,Al-Shabaab
78531,1,160,5,2,24,6.078236,118.314049,4.0,0,0.0,1,0,6,11,32,121.0,0,5,1.0,0,1.0,Abu Sayyaf Group (ASG)
79356,0,160,5,416,2702,17.568938,120.9834,1.0,0,1.0,1,0,5,3,175,160.0,0,5,0.0,1,1.0,New People's Army (NPA)
61892,0,214,9,145,1087,47.662817,38.064579,3.0,0,0.0,1,0,3,4,1701,214.0,0,6,0.0,0,0.0,Donetsk People's Republic
60052,1,228,10,53,314,15.325443,44.211895,1.0,0,0.0,1,0,6,4,20,228.0,0,5,8.0,-9,1.0,Al-Qaida in the Arabian Peninsula (AQAP)
19168,0,61,2,149,1204,13.79833,-89.17889,1.0,0,1.0,1,0,3,21,1813,61.0,0,6,0.0,1,0.0,Farabundo Marti National Liberation Front (FMLN)
43699,0,186,6,215,1969,7.733107,81.68882,1.0,0,0.0,1,0,2,14,2583,186.0,0,5,2.0,0,0.0,Liberation Tigers of Tamil Eelam (LTTE)
51084,1,92,6,126,783,24.177863,86.306667,3.0,0,0.0,1,0,6,1,2890,92.0,0,5,0.0,1,1.0,Maoists
56459,0,60,10,290,2361,31.126646,33.800865,1.0,0,0.0,1,0,2,3,3056,60.0,0,5,1.0,0,0.0,Muslim extremists
83263,0,182,11,66,402,1.789637,44.529976,1.0,0,0.0,1,0,2,4,497,182.0,0,5,1.0,1,0.0,Al-Shabaab
74943,0,95,10,42,1745,33.07835,44.254719,1.0,0,0.0,1,1,3,4,20,95.0,0,6,3.0,-9,0.0,Islamic State of Iraq and the Levant (ISIL)
80615,0,182,11,68,404,2.059819,45.326115,1.0,0,0.0,1,0,1,2,845,182.0,0,5,1.0,0,0.0,Al-Shabaab
44428,0,69,8,135,1013,41.930607,8.742907,1.0,0,1.0,1,0,3,2,1643,69.0,0,6,0.0,1,0.0,Corsican National Liberation Front (FLNC)
57700,1,92,6,130,2145,18.355422,81.833743,1.0,0,1.0,1,0,6,14,2924,92.0,0,5,1.0,0,1.0,Maoists
14550,0,183,11,18,137,-29.861824,31.008293,1.0,0,0.0,1,0,3,1,289,183.0,0,6,0.0,1,0.0,African National Congress (South Africa)
54876,1,182,11,69,405,4.120602,43.890526,1.0,0,0.0,1,0,1,15,871,182.0,0,5,1.0,0,1.0,Al-Shabaab
68292,0,200,10,200,2356,36.201721,37.14352,1.0,0,1.0,1,0,3,14,925,200.0,0,6,3.0,-9,0.0,Muslim extremists
69860,0,147,11,108,614,11.156907,12.756605,2.0,0,1.0,1,0,2,14,13,147.0,0,6,17.0,0,0.0,Boko Haram
55995,0,160,5,408,2679,13.071,123.598,1.0,0,1.0,1,0,2,4,3361,160.0,0,5,0.0,0,0.0,New People's Army (NPA)
12572,0,21,8,97,539,51.219062,4.40289,1.0,0,0.0,1,0,3,2,995,21.0,0,6,0.0,1,0.0,Basque Fatherland and Freedom (ETA)
70471,0,160,5,1,22,6.050458,121.012245,1.0,0,0.0,0,0,3,20,6,160.0,0,6,0.0,0,0.0,Abu Sayyaf Group (ASG)
21520,0,61,2,151,1202,13.557072,-88.349433,1.0,0,0.0,1,0,2,4,1768,61.0,0,5,0.0,1,0.0,Farabundo Marti National Liberation Front (FMLN)
52671,0,95,10,33,247,33.303566,44.371773,1.0,0,1.0,1,0,3,1,512,95.0,0,6,3.0,1,0.0,Al-Qaida in Iraq
61263,0,173,10,61,360,17.489233,47.104439,1.0,0,0.0,1,1,3,2,219,173.0,0,6,3.0,1,0.0,Al-Qaida in the Arabian Peninsula (AQAP)
52975,0,153,6,427,3764,34.345856,71.370506,1.0,0,0.0,1,0,2,3,2901,153.0,0,5,1.0,0,0.0,Tehrik-i-Taliban Pakistan (TTP)
21411,0,92,6,337,3405,30.898024,75.860077,1.0,0,0.0,1,0,1,1,4309,92.0,0,5,3.0,0,0.0,Sikh Extremists
39070,0,185,8,93,526,41.656285,-0.876533,1.0,0,0.0,1,0,1,2,966,185.0,0,5,1.0,0,0.0,Basque Fatherland and Freedom (ETA)
63778,0,147,11,167,1407,8.33074,8.695979,1.0,0,1.0,1,0,7,14,27,147.0,0,8,2.0,1,0.0,Fulani extremists
67500,0,228,10,48,356,12.867085,44.981911,1.0,0,0.0,1,0,3,14,1968,228.0,0,6,1.0,-9,0.0,Houthi extremists (Ansar Allah)
42409,0,95,10,37,285,36.376823,42.448875,1.0,0,0.0,1,1,3,4,6,95.0,0,6,6.0,-9,0.0,Al-Qaida in Iraq
47897,0,153,6,427,3763,33.908578,71.070055,3.0,0,0.0,1,0,6,3,4599,153.0,0,5,0.0,0,1.0,Tehrik-i-Taliban Pakistan (TTP)
15252,0,183,11,25,173,-33.98263,18.569386,1.0,0,0.0,1,0,3,3,346,183.0,0,5,7.0,1,0.0,African National Congress (South Africa)
33522,0,92,6,124,2427,12.971599,77.594563,1.0,0,0.0,1,0,3,1,3081,92.0,0,6,0.0,1,0.0,Muslim extremists
60193,0,92,6,130,792,18.343586,81.882528,3.0,0,0.0,1,0,3,4,167,92.0,0,6,0.0,0,0.0,Maoists
78550,0,92,6,127,2253,19.595851,81.663776,1.0,1,0.0,1,0,3,14,13,92.0,0,6,3.0,-9,0.0,Maoists
74057,0,92,6,133,2205,20.489143,80.374216,2.0,0,1.0,1,0,6,14,2905,92.0,0,5,1.0,0,1.0,Maoists
36538,0,45,3,359,2519,7.894195,-72.503885,1.0,0,1.0,1,0,3,2,3192,45.0,0,6,0.0,1,0.0,National Liberation Army of Colombia (ELN)
81866,0,95,10,36,272,34.621521,43.668377,1.0,0,0.0,0,1,3,14,486,95.0,0,6,1.0,0,0.0,Islamic State of Iraq and the Levant (ISIL)
26978,0,69,8,135,1039,42.44586,9.365441,1.0,0,0.0,1,0,3,2,1613,69.0,0,6,0.0,1,0.0,Corsican National Liberation Front (FLNC)
71356,0,4,6,527,3610,37.470481,69.624767,3.0,0,0.0,1,0,2,14,2323,4.0,0,5,3.0,0,0.0,Taliban
70832,0,147,11,108,616,11.840929,13.141459,1.0,0,0.0,1,1,3,15,215,147.0,0,6,11.0,1,0.0,Boko Haram
27563,0,92,6,337,3446,30.860768,75.744748,1.0,0,0.0,1,0,2,19,4290,92.0,0,5,62.0,1,0.0,Sikh Extremists
11328,0,603,8,190,1639,54.645861,-6.745149,1.0,0,0.0,1,0,3,1,2133,233.0,0,6,0.0,1,0.0,Irish Republican Army (IRA)
53118,0,92,6,130,2200,18.855598,82.736167,2.0,1,0.0,1,0,3,4,852,92.0,0,6,1.0,1,0.0,Maoists
52668,0,95,10,36,257,33.540672,44.251266,1.0,0,1.0,1,1,3,3,85,95.0,0,6,12.0,0,0.0,Al-Qaida in Iraq
69783,0,147,11,108,661,12.70277,13.217873,1.0,0,0.0,1,0,2,14,27,147.0,0,5,68.0,1,0.0,Boko Haram
52546,0,182,11,74,428,4.73538,45.2024,1.0,0,0.0,1,0,2,4,48,65.0,0,6,3.0,-9,0.0,Al-Shabaab
53095,0,228,10,53,314,15.325443,44.211895,1.0,0,0.0,1,0,1,2,670,228.0,0,5,1.0,0,0.0,Al-Qaida in the Arabian Peninsula (AQAP)
13403,0,145,2,439,2944,13.28841,-86.6554,1.0,0,0.0,1,0,2,4,1762,145.0,0,5,18.0,1,0.0,Nicaraguan Democratic Force (FDN)
24028,0,69,8,135,1019,41.366667,9.266843,1.0,0,1.0,1,0,3,1,512,69.0,0,6,0.0,1,0.0,Corsican National Liberation Front (FLNC)
14267,0,61,2,154,24,13.864829,-88.7494,4.0,0,1.0,1,0,3,21,1781,61.0,0,6,0.0,1,0.0,Farabundo Marti National Liberation Front (FMLN)
68896,1,92,6,130,2226,19.575505,84.640013,1.0,0,1.0,1,0,6,14,13,92.0,0,5,0.0,0,1.0,Maoists
39232,1,45,3,362,3169,5.657909,-75.837417,2.0,0,0.0,1,0,6,14,3890,45.0,0,5,0.0,0,1.0,Revolutionary Armed Forces of Colombia (FARC)
20073,0,92,6,291,971,34.08374,74.789902,1.0,0,0.0,1,0,3,14,4256,92.0,0,6,0.0,1,0.0,Sikh Extremists
77400,1,121,5,14,24,5.97884,116.07532,4.0,0,0.0,1,0,4,14,183,75.0,0,5,2.0,0,1.0,Abu Sayyaf Group (ASG)
35207,0,160,5,1,2,6.088221,121.109329,1.0,0,0.0,1,0,2,4,116,160.0,0,5,4.0,1,0.0,Abu Sayyaf Group (ASG)
13559,0,159,3,277,2118,-11.967368,-76.978462,1.0,0,1.0,1,0,3,9,4811,159.0,0,6,1.0,1,0.0,Tupac Amaru Revolutionary Movement (MRTA)
69384,0,209,10,221,24,39.10617,39.548259,4.0,0,0.0,0,0,2,4,1738,209.0,0,5,0.0,-9,0.0,Kurdistan Workers' Party (PKK)
64451,0,147,11,118,640,9.932665,8.885476,1.0,0,1.0,1,1,3,14,486,147.0,0,6,19.0,1,0.0,Boko Haram
10954,0,145,2,445,1214,12.481654,-87.173207,1.0,0,0.0,1,0,3,1,3545,145.0,0,5,0.0,1,0.0,Nicaraguan Democratic Force (FDN)
10165,0,110,10,457,3040,33.888523,35.503513,1.0,1,0.0,1,0,3,4,3727,97.0,0,6,0.0,1,0.0,Palestinians
67752,0,214,9,145,1096,48.098675,37.663422,1.0,0,0.0,1,0,3,4,48,214.0,0,6,0.0,-9,0.0,Donetsk People's Republic
15310,0,183,11,19,146,-25.718321,28.408798,1.0,0,0.0,1,0,1,3,275,183.0,0,5,1.0,0,0.0,African National Congress (South Africa)
64118,0,92,6,127,2225,18.404645,81.588419,1.0,0,1.0,1,0,2,4,2935,92.0,0,5,0.0,1,0.0,Maoists
42242,0,141,6,284,2182,29.483192,81.400457,1.0,0,0.0,1,0,3,14,2891,141.0,0,6,1.0,1,0.0,Maoists
79609,0,228,10,60,350,13.586484,44.024105,1.0,0,0.0,1,0,3,14,1968,228.0,0,6,3.0,1,0.0,Houthi extremists (Ansar Allah)
41449,0,141,6,260,2270,27.970028,83.14344,1.0,0,0.0,1,0,2,3,2950,141.0,0,5,2.0,0,0.0,Maoists
57853,0,228,10,50,373,16.914939,49.366207,2.0,0,0.0,1,0,2,4,20,228.0,0,5,4.0,0,0.0,Al-Qaida in the Arabian Peninsula (AQAP)
67827,0,214,9,145,1114,47.206062,37.751823,1.0,1,0.0,1,0,2,4,1697,214.0,0,5,0.0,-9,0.0,Donetsk People's Republic
22838,0,186,6,261,1991,9.151898,80.64934,1.0,0,0.0,1,0,2,4,162,186.0,0,5,3.0,1,0.0,Liberation Tigers of Tamil Eelam (LTTE)
66777,0,182,11,80,420,11.274796,49.179657,1.0,0,1.0,1,0,2,4,20,182.0,0,5,1.0,0,0.0,Al-Shabaab
55630,0,228,10,54,336,13.980025,48.189154,1.0,0,1.0,0,0,2,1,671,228.0,0,5,0.0,0,0.0,Al-Qaida in the Arabian Peninsula (AQAP)
62250,0,160,5,9,2760,6.471495,124.936372,2.0,1,0.0,1,0,7,1,3429,160.0,0,8,0.0,1,0.0,New People's Army (NPA)
8956,0,159,3,478,3286,-10.680652,-76.259918,1.0,0,0.0,1,0,3,21,1761,159.0,0,6,1.0,1,0.0,Shining Path (SL)
10969,0,145,2,448,2877,12.19896,-86.7622,1.0,0,0.0,1,0,3,21,3529,145.0,0,6,1.0,1,0.0,Nicaraguan Democratic Force (FDN)
49427,0,92,6,125,803,26.652335,85.272304,1.0,0,0.0,1,0,7,16,1321,92.0,0,8,0.0,1,0.0,Communist Party of India - Maoist (CPI-Maoist)
72630,0,95,10,38,1689,35.215491,43.713711,3.0,0,0.0,1,0,6,14,13,95.0,0,5,2.0,0,1.0,Islamic State of Iraq and the Levant (ISIL)
54670,0,92,6,131,2263,15.697725,79.794251,1.0,1,0.0,1,0,2,14,13,92.0,0,5,3.0,0,0.0,Maoists
5448,0,45,3,366,3209,5.85936,-73.96559,1.0,0,0.0,1,0,2,4,2198,45.0,0,5,2.0,1,0.0,Revolutionary Armed Forces of Colombia (FARC)
66167,1,160,5,4,21,7.317287,122.875178,1.0,0,0.0,1,0,6,8,22,160.0,0,5,0.0,0,1.0,Abu Sayyaf Group (ASG)
18211,0,186,6,215,1971,7.301756,81.67473,3.0,0,0.0,1,0,2,19,56,186.0,0,5,20.0,1,0.0,Liberation Tigers of Tamil Eelam (LTTE)
49046,0,45,3,367,3229,3.221544,-75.237268,1.0,0,0.0,0,0,3,3,3966,45.0,0,6,0.0,0,0.0,Revolutionary Armed Forces of Colombia (FARC)
14852,0,43,3,271,2106,-33.366238,-70.505302,1.0,0,0.0,1,0,3,4,2691,43.0,0,6,0.0,1,0.0,Manuel Rodriguez Patriotic Front (FPMR)
52478,0,95,10,34,249,33.74324,44.623825,1.0,0,0.0,1,0,3,20,6,95.0,0,6,1.0,0,0.0,Al-Qaida in Iraq
23749,0,92,6,500,24,23.940848,91.988153,4.0,0,0.0,1,0,1,2,4336,92.0,0,6,1.0,0,0.0,Sikh Extremists
80074,0,160,5,5,2745,7.123938,125.598768,1.0,0,1.0,1,0,3,14,3420,160.0,0,6,1.0,-9,0.0,New People's Army (NPA)
61795,0,182,11,68,404,2.059819,45.326115,1.0,0,0.0,1,0,2,4,718,182.0,0,6,4.0,-9,0.0,Al-Shabaab
42610,0,141,6,266,2251,27.416491,85.033562,1.0,0,0.0,1,0,6,16,2951,141.0,0,6,0.0,1,1.0,Maoists
19051,0,61,2,149,1150,13.69288,-89.199161,1.0,0,1.0,1,0,2,19,56,61.0,0,5,0.0,1,0.0,Farabundo Marti National Liberation Front (FMLN)
9694,0,61,2,153,1241,13.653775,-88.681393,1.0,0,0.0,1,0,3,21,1862,61.0,0,6,0.0,1,0.0,Farabundo Marti National Liberation Front (FMLN)
78520,0,147,11,112,1343,9.835,8.406111,3.0,0,0.0,1,0,2,14,27,147.0,0,5,3.0,0,0.0,Fulani extremists
64816,0,214,9,145,1068,47.981647,37.762325,1.0,0,0.0,1,0,2,4,1700,214.0,0,6,0.0,-9,0.0,Donetsk People's Republic
51946,0,228,10,53,314,15.325443,44.211895,1.0,0,0.0,0,0,6,7,686,32.0,0,5,0.0,0,0.0,Al-Qaida in the Arabian Peninsula (AQAP)
25271,0,209,10,222,1819,37.606967,42.748044,1.0,0,0.0,1,0,2,4,562,209.0,0,5,1.0,1,0.0,Kurdistan Workers' Party (PKK)
80357,0,160,5,403,1164,16.57755,121.911829,1.0,0,0.0,1,0,5,21,3441,160.0,0,5,0.0,1,1.0,New People's Army (NPA)
42930,0,186,6,215,2020,8.8245,81.0955,1.0,0,0.0,1,0,3,3,2530,186.0,0,6,2.0,1,0.0,Liberation Tigers of Tamil Eelam (LTTE)
35153,0,160,5,7,15,6.929089,122.07885,1.0,0,0.0,1,0,3,1,77,160.0,0,6,1.0,1,0.0,Abu Sayyaf Group (ASG)
54089,0,45,3,359,2536,8.673589,-73.040407,1.0,0,0.0,1,0,2,4,12,45.0,0,5,0.0,0,0.0,National Liberation Army of Colombia (ELN)
81697,0,182,11,68,404,2.059819,45.326115,1.0,0,0.0,1,0,3,14,13,182.0,0,6,0.0,1,0.0,Al-Shabaab
46550,0,92,6,125,877,24.781467,84.986412,1.0,0,0.0,1,0,3,2,1407,92.0,0,6,0.0,1,0.0,Communist Party of India - Maoist (CPI-Maoist)
19125,0,92,6,337,3457,30.672393,74.755048,3.0,0,0.0,1,0,1,1,4303,92.0,0,5,1.0,0,0.0,Sikh Extremists
24066,0,186,6,79,2025,9.00412,80.571145,1.0,0,0.0,1,0,6,14,2537,186.0,0,5,0.0,0,1.0,Liberation Tigers of Tamil Eelam (LTTE)
14407,0,145,2,436,2967,13.47277,-85.76709,1.0,0,0.0,1,0,2,4,562,145.0,0,5,0.0,1,0.0,Nicaraguan Democratic Force (FDN)
80363,0,160,5,392,2636,14.15551,121.566027,3.0,0,0.0,1,0,2,3,85,160.0,0,5,0.0,0,0.0,New People's Army (NPA)
33204,0,155,10,456,24,31.995965,35.27111,4.0,1,0.0,0,0,1,14,3782,97.0,0,9,0.0,0,0.0,Palestinians
51418,0,92,6,125,891,24.92326,86.220238,1.0,0,1.0,1,0,3,19,233,92.0,0,6,0.0,1,0.0,Communist Party of India - Maoist (CPI-Maoist)
12870,0,145,2,438,2856,13.131923,-86.345742,3.0,0,0.0,1,0,2,1,3578,145.0,0,5,1.0,1,0.0,Nicaraguan Democratic Force (FDN)
27615,0,186,6,260,1968,6.941837,79.861687,1.0,0,0.0,1,1,3,2,2596,186.0,0,6,60.0,1,0.0,Liberation Tigers of Tamil Eelam (LTTE)
9813,0,155,10,456,3054,31.530243,35.094162,1.0,0,0.0,1,0,2,14,3751,97.0,0,5,0.0,1,0.0,Palestinians
11370,0,145,2,445,2970,13.229233,-86.86908,1.0,0,0.0,1,0,3,4,3581,145.0,0,5,65.0,1,0.0,Nicaraguan Democratic Force (FDN)
60017,0,214,9,145,1068,47.981647,37.762325,1.0,0,0.0,0,0,2,4,577,214.0,0,6,0.0,0,0.0,Donetsk People's Republic
51068,0,182,11,68,404,2.059819,45.326115,1.0,0,1.0,1,0,2,2,827,182.0,0,5,0.0,-9,0.0,Al-Shabaab
79902,0,92,6,127,2211,18.752064,81.658316,1.0,1,0.0,1,0,3,3,2911,92.0,0,6,0.0,0,0.0,Maoists
30384,0,186,6,261,1975,8.980118,79.912462,3.0,0,0.0,1,0,2,4,12,186.0,0,5,6.0,1,0.0,Liberation Tigers of Tamil Eelam (LTTE)
61337,0,228,10,185,1521,15.664708,43.943921,1.0,0,0.0,1,0,3,14,1968,228.0,0,6,1.0,1,0.0,Houthi extremists (Ansar Allah)
11394,0,61,2,150,1179,13.8222,-89.25389,1.0,0,0.0,1,0,2,4,1772,61.0,0,5,5.0,1,0.0,Farabundo Marti National Liberation Front (FMLN)
61197,0,113,10,303,2373,32.069286,20.151144,1.0,0,1.0,1,0,2,15,3046,113.0,0,5,1.0,0,0.0,Muslim extremists
44504,0,186,6,260,2041,7.256096,80.169284,1.0,0,0.0,1,1,3,19,2561,186.0,0,6,8.0,1,0.0,Liberation Tigers of Tamil Eelam (LTTE)
51708,0,95,10,36,259,33.835629,44.247406,1.0,0,1.0,1,0,3,20,6,95.0,0,6,0.0,0,0.0,Al-Qaida in Iraq
56294,0,4,6,321,3635,34.273106,70.074127,3.0,0,1.0,1,0,2,4,228,4.0,0,5,82.0,1,0.0,Taliban
60763,0,228,10,51,24,15.46591,45.293941,4.0,0,1.0,1,0,3,21,638,228.0,0,6,0.0,1,0.0,Al-Qaida in the Arabian Peninsula (AQAP)
40752,0,45,3,361,3173,1.210589,-77.993327,1.0,0,0.0,1,0,3,2,3895,45.0,0,6,0.0,1,0.0,Revolutionary Armed Forces of Colombia (FARC)
39569,0,160,5,4,15,6.929089,122.07885,1.0,0,1.0,0,0,3,18,43,160.0,0,6,0.0,0,0.0,Abu Sayyaf Group (ASG)
55971,1,92,6,130,2151,18.139245,81.852386,1.0,0,1.0,1,0,6,14,2862,92.0,0,5,1.0,0,1.0,Maoists
62150,0,214,9,145,1068,47.981647,37.762325,1.0,0,0.0,1,0,3,1,283,214.0,0,6,0.0,1,0.0,Donetsk People's Republic
13411,0,145,2,438,2920,13.35664,-86.26401,1.0,0,0.0,1,0,2,4,1762,145.0,0,5,7.0,1,0.0,Nicaraguan Democratic Force (FDN)
26311,0,186,6,261,2010,9.267091,80.814248,1.0,0,0.0,1,0,2,3,1788,186.0,0,5,8.0,1,0.0,Liberation Tigers of Tamil Eelam (LTTE)
13560,0,159,3,277,2118,-11.967368,-76.978462,1.0,0,1.0,1,0,3,9,4811,159.0,0,6,1.0,1,0.0,Tupac Amaru Revolutionary Movement (MRTA)
56058,0,182,11,68,404,2.059819,45.326115,1.0,0,0.0,1,0,3,21,812,182.0,0,6,0.0,1,0.0,Al-Shabaab
71826,0,182,11,68,404,2.059819,45.326115,1.0,0,0.0,1,0,2,2,853,182.0,0,5,1.0,1,0.0,Al-Shabaab
52477,1,92,6,285,2210,23.540541,74.442253,1.0,0,0.0,1,0,6,2,2910,92.0,0,5,0.0,0,1.0,Maoists
81244,0,147,11,108,665,12.202892,14.017341,1.0,0,0.0,1,0,2,4,1243,147.0,0,5,4.0,0,0.0,Boko Haram
26948,0,186,6,215,1978,7.219392,81.849757,1.0,0,0.0,1,0,3,14,2490,186.0,0,6,8.0,1,0.0,Liberation Tigers of Tamil Eelam (LTTE)
2445,0,603,8,190,1603,54.607712,-5.95621,1.0,0,0.0,1,0,1,17,2050,233.0,0,5,1.0,0,0.0,Irish Republican Army (IRA)
33511,0,45,3,363,2492,4.667128,-74.106056,1.0,0,1.0,1,0,2,3,3256,45.0,0,6,0.0,1,0.0,National Liberation Army of Colombia (ELN)
35094,0,185,8,86,509,43.258434,-2.921819,1.0,0,0.0,0,0,3,2,443,185.0,0,6,0.0,1,0.0,Basque Fatherland and Freedom (ETA)
51794,0,228,10,58,337,13.148959,44.85055,1.0,0,0.0,1,0,1,2,92,228.0,0,5,1.0,0,0.0,Al-Qaida in the Arabian Peninsula (AQAP)
81310,0,160,5,387,2789,10.532904,122.836652,2.0,0,0.0,1,0,1,14,3457,160.0,0,5,1.0,0,0.0,New People's Army (NPA)
45843,0,153,6,534,3747,34.76548,72.328087,1.0,1,0.0,1,0,7,8,4580,153.0,0,8,0.0,1,0.0,Tehrik-i-Taliban Pakistan (TTP)
39617,1,160,5,5,24,7.075778,125.587755,4.0,0,0.0,1,0,6,14,29,38.0,0,5,0.0,0,1.0,Abu Sayyaf Group (ASG)
60884,0,160,5,5,2782,6.413029,125.420269,2.0,0,1.0,0,0,2,14,13,160.0,0,5,0.0,0,0.0,New People's Army (NPA)
79661,0,95,10,34,1733,33.860659,44.792119,2.0,0,1.0,1,0,3,21,2308,95.0,0,6,0.0,1,0.0,Islamic State of Iraq and the Levant (ISIL)
42279,0,160,5,4,15,6.929089,122.07885,1.0,0,1.0,1,0,3,19,36,160.0,0,6,0.0,1,0.0,Abu Sayyaf Group (ASG)
68713,0,160,5,1,22,6.047448,121.00131,1.0,0,0.0,1,0,3,4,59,160.0,0,6,0.0,0,0.0,Abu Sayyaf Group (ASG)
18877,0,186,6,261,2074,8.665596,80.296238,1.0,0,0.0,1,0,2,3,2592,186.0,0,5,7.0,1,0.0,Liberation Tigers of Tamil Eelam (LTTE)
68905,0,217,1,316,2394,35.031789,-85.184718,1.0,0,1.0,1,0,2,4,3054,217.0,1,5,0.0,1,0.0,Muslim extremists
78807,0,92,6,282,2138,17.806766,81.157827,1.0,0,0.0,1,0,6,14,2853,92.0,0,5,1.0,0,1.0,Maoists
54074,0,153,6,468,3130,24.891115,67.143311,1.0,0,0.0,1,0,3,3,4572,153.0,0,6,1.0,-9,0.0,Tehrik-i-Taliban Pakistan (TTP)
72372,0,228,10,48,356,12.867085,44.981911,1.0,0,0.0,1,0,1,2,724,228.0,0,5,1.0,0,0.0,Al-Qaida in the Arabian Peninsula (AQAP)
62967,0,182,11,65,461,3.312293,43.47213,1.0,0,0.0,1,0,2,4,577,182.0,0,5,0.0,-9,0.0,Al-Shabaab
82458,0,173,10,188,1553,18.314753,42.725163,1.0,0,0.0,0,0,3,4,1999,173.0,0,6,0.0,0,0.0,Houthi extremists (Ansar Allah)
19265,0,69,8,17,131,48.856644,2.34233,1.0,0,0.0,1,0,3,7,260,183.0,0,6,0.0,1,0.0,African National Congress (South Africa)
78422,0,95,10,37,254,36.354145,43.14357,1.0,0,1.0,1,0,6,14,2323,95.0,0,5,1.0,0,1.0,Islamic State of Iraq and the Levant (ISIL)
14734,0,159,3,277,2118,-11.967368,-76.978462,1.0,0,0.0,1,0,2,3,4809,159.0,0,5,1.0,1,0.0,Tupac Amaru Revolutionary Movement (MRTA)
37383,0,6,10,341,2446,35.352153,3.361564,1.0,0,0.0,1,0,2,4,3096,6.0,0,5,6.0,1,0.0,Muslim extremists
59309,0,182,11,70,407,-0.357847,42.54665,1.0,0,0.0,1,0,2,4,577,422.0,0,6,3.0,-9,0.0,Al-Shabaab
63941,0,45,3,362,3177,7.10429,-75.647612,1.0,0,0.0,0,0,3,20,6,45.0,0,6,0.0,0,0.0,Revolutionary Armed Forces of Colombia (FARC)
50107,0,95,10,44,267,32.604393,44.007145,1.0,0,1.0,1,0,3,2,515,95.0,0,6,3.0,1,0.0,Al-Qaida in Iraq
6671,0,97,10,262,3069,30.933888,35.378208,1.0,1,0.0,1,0,2,14,3685,97.0,0,5,0.0,1,0.0,Palestinians
31957,0,69,8,135,24,41.918891,8.737554,4.0,0,1.0,1,0,3,2,560,69.0,0,6,0.0,1,0.0,Corsican National Liberation Front (FLNC)
77437,0,228,10,51,357,15.45639,45.324871,1.0,0,0.0,0,0,3,14,1213,228.0,0,6,0.0,0,0.0,Houthi extremists (Ansar Allah)
5637,0,603,8,190,1603,54.607712,-5.95621,1.0,0,0.0,1,0,2,1,2167,233.0,0,5,0.0,0,0.0,Irish Republican Army (IRA)
60475,0,182,11,68,404,2.059819,45.326115,1.0,0,0.0,0,0,1,4,837,182.0,0,6,0.0,1,0.0,Al-Shabaab
68179,0,92,6,126,936,23.215022,84.227692,1.0,0,0.0,1,0,2,3,85,92.0,0,5,1.0,0,0.0,Communist Party of India - Maoist (CPI-Maoist)
22653,0,186,6,261,1995,9.814937,80.16608,1.0,0,0.0,1,0,2,4,2612,92.0,0,5,35.0,1,0.0,Liberation Tigers of Tamil Eelam (LTTE)
68799,0,182,11,65,470,3.115641,43.64658,1.0,0,0.0,1,0,3,2,886,182.0,0,6,0.0,-9,0.0,Al-Shabaab
55316,0,153,6,468,3130,24.891115,67.143311,1.0,0,0.0,1,0,3,22,4652,153.0,0,6,0.0,1,0.0,Tehrik-i-Taliban Pakistan (TTP)
39988,0,160,5,9,40,6.11622,125.169395,1.0,0,1.0,1,0,3,1,174,160.0,0,6,14.0,1,0.0,Abu Sayyaf Group (ASG)
18040,0,43,3,271,2106,-33.366238,-70.505302,1.0,0,0.0,1,0,3,19,2700,43.0,0,6,1.0,1,0.0,Manuel Rodriguez Patriotic Front (FPMR)
73709,0,92,6,127,2271,22.127865,82.993434,1.0,0,0.0,1,0,6,14,2952,92.0,0,9,1.0,0,1.0,Maoists
68787,0,228,10,60,1578,13.555278,43.962778,3.0,0,0.0,1,0,3,14,890,228.0,0,6,7.0,1,0.0,Houthi extremists (Ansar Allah)
75060,0,147,11,166,1339,7.644918,9.563258,2.0,0,1.0,1,0,2,14,27,147.0,0,5,4.0,1,0.0,Fulani extremists
77603,0,60,10,290,24,30.608472,33.617577,4.0,0,0.0,0,0,3,20,6,60.0,0,6,0.0,0,0.0,Muslim extremists
29119,0,209,10,207,1711,41.106178,28.689863,1.0,0,0.0,1,0,2,4,562,209.0,0,5,1.0,1,0.0,Kurdistan Workers' Party (PKK)
78375,1,147,11,112,1367,9.614603,8.39358,1.0,0,0.0,1,0,2,14,27,147.0,0,5,2.0,0,-9.0,Fulani extremists
21225,0,92,6,337,3449,31.770833,74.888333,1.0,0,0.0,1,0,1,14,4294,92.0,0,5,3.0,0,0.0,Sikh Extremists
28382,0,159,3,475,3304,-11.161067,-75.99309,3.0,0,0.0,1,0,2,11,4096,159.0,0,5,12.0,1,0.0,Shining Path (SL)
28614,0,61,2,149,1204,13.79833,-89.17889,1.0,0,0.0,1,0,2,4,1833,61.0,0,5,6.0,1,0.0,Farabundo Marti National Liberation Front (FMLN)
58278,0,92,6,126,2170,23.165614,84.516234,3.0,0,0.0,1,0,7,14,2480,92.0,0,8,0.0,1,0.0,Maoists
82260,0,160,5,396,2689,9.05,125.9,1.0,0,0.0,1,0,2,4,0,160.0,0,5,1.0,0,0.0,New People's Army (NPA)
49102,0,4,6,514,3575,31.825871,64.576431,1.0,0,0.0,1,0,3,19,4522,4.0,0,6,14.0,1,0.0,Taliban
64933,0,182,11,68,404,2.059819,45.326115,1.0,0,0.0,1,0,3,8,3074,182.0,0,6,0.0,1,0.0,Muslim extremists
51591,0,4,6,507,3553,32.047646,65.012009,1.0,0,0.0,1,0,2,3,12,4.0,0,5,2.0,0,0.0,Taliban
13866,0,61,2,158,24,13.447063,-88.556531,4.0,0,1.0,1,0,3,21,1774,61.0,0,6,0.0,1,0.0,Farabundo Marti National Liberation Front (FMLN)
56444,0,60,10,290,2361,31.126646,33.800865,1.0,0,1.0,1,0,3,1,3052,60.0,0,6,0.0,0,0.0,Muslim extremists
43309,0,4,6,515,3669,34.368889,69.218333,1.0,0,0.0,1,0,3,12,4403,4.0,0,6,4.0,-9,0.0,Taliban
11177,0,45,3,366,2500,7.116294,-73.120026,1.0,0,0.0,1,0,3,15,2773,45.0,0,6,0.0,1,0.0,National Liberation Army of Colombia (ELN)
34522,0,185,8,86,24,43.003305,-2.612578,4.0,0,1.0,1,0,3,1,1088,185.0,0,6,0.0,1,0.0,Basque Fatherland and Freedom (ETA)
43077,0,186,6,215,2048,8.669167,80.326111,2.0,0,0.0,1,0,3,4,2567,186.0,0,6,1.0,1,0.0,Liberation Tigers of Tamil Eelam (LTTE)
58962,0,160,5,5,2678,6.748065,125.262741,1.0,0,1.0,1,0,2,3,175,160.0,0,5,3.0,-9,0.0,New People's Army (NPA)
74767,0,228,10,55,1569,14.068985,45.420895,1.0,0,0.0,1,0,3,14,1968,228.0,0,6,3.0,1,0.0,Houthi extremists (Ansar Allah)
45282,0,160,5,425,2735,17.614973,121.406719,1.0,0,0.0,1,0,3,16,3411,160.0,0,6,1.0,1,0.0,New People's Army (NPA)
15882,0,183,11,20,183,-32.788923,26.832659,1.0,0,0.0,1,0,3,2,337,183.0,0,6,0.0,1,0.0,African National Congress (South Africa)
11209,0,159,3,477,3357,-13.433611,-74.270833,1.0,0,0.0,1,0,2,4,1772,159.0,0,5,0.0,1,0.0,Shining Path (SL)
46500,0,45,3,361,2491,1.338227,-77.592617,1.0,0,0.0,1,0,3,2,3139,45.0,0,6,0.0,1,0.0,National Liberation Army of Colombia (ELN)
59532,0,95,10,34,249,33.74324,44.623825,1.0,0,0.0,1,0,2,4,2322,95.0,0,5,1.0,0,0.0,Islamic State of Iraq and the Levant (ISIL)
81369,0,160,5,391,2779,12.040278,123.983056,1.0,0,1.0,1,0,3,1,3446,160.0,0,6,0.0,1,0.0,New People's Army (NPA)
28348,0,186,6,261,2052,8.980118,79.912462,3.0,0,0.0,1,0,3,4,1191,186.0,0,6,4.0,1,0.0,Liberation Tigers of Tamil Eelam (LTTE)
28356,0,43,3,271,2106,-33.366238,-70.505302,1.0,0,0.0,1,0,3,2,524,43.0,0,6,0.0,1,0.0,Manuel Rodriguez Patriotic Front (FPMR)
31053,0,209,10,222,1827,37.522653,42.452637,1.0,0,0.0,1,0,2,4,2366,209.0,0,5,2.0,1,0.0,Kurdistan Workers' Party (PKK)
75035,0,147,11,166,1346,7.720561,9.212275,2.0,0,1.0,1,0,2,14,27,147.0,0,5,1.0,0,0.0,Fulani extremists
3851,0,603,8,190,1603,54.607712,-5.95621,1.0,0,0.0,0,0,3,8,2142,233.0,0,6,0.0,1,0.0,Irish Republican Army (IRA)
69538,0,209,10,227,1815,40.871254,43.458685,1.0,1,0.0,1,0,3,4,48,209.0,0,6,4.0,-9,0.0,Kurdistan Workers' Party (PKK)
58079,0,182,11,71,408,2.973305,45.535603,1.0,0,1.0,1,0,2,4,577,182.0,0,6,7.0,1,0.0,Al-Shabaab
46783,0,209,10,222,1806,37.248935,42.470654,1.0,0,0.0,1,0,3,19,2361,209.0,0,6,4.0,-9,0.0,Kurdistan Workers' Party (PKK)
30385,0,209,10,236,24,37.899242,38.458793,4.0,0,0.0,1,0,2,4,562,209.0,0,5,3.0,1,0.0,Kurdistan Workers' Party (PKK)
16750,0,45,3,381,3167,4.06052,-74.692318,1.0,0,0.0,1,0,2,3,3888,45.0,0,5,1.0,1,0.0,Revolutionary Armed Forces of Colombia (FARC)
63567,0,228,10,47,345,13.949126,43.991414,1.0,0,0.0,1,0,2,14,559,228.0,0,5,2.0,1,0.0,Al-Qaida in the Arabian Peninsula (AQAP)
77415,0,92,6,126,808,22.907721,85.935565,1.0,0,0.0,1,0,7,1,1327,92.0,0,5,0.0,1,0.0,Communist Party of India - Maoist (CPI-Maoist)
42331,0,4,6,508,3648,34.824077,70.360692,3.0,0,0.0,1,0,7,8,4510,4.0,0,8,0.0,1,0.0,Taliban
14419,0,61,2,149,1150,13.69288,-89.199161,1.0,0,0.0,1,0,2,14,1771,61.0,0,8,0.0,1,0.0,Farabundo Marti National Liberation Front (FMLN)
49316,0,92,6,132,817,17.72726,81.189156,1.0,1,0.0,1,0,7,1,1337,92.0,0,8,0.0,1,0.0,Communist Party of India - Maoist (CPI-Maoist)
60420,0,45,3,362,24,7.198606,-75.341218,4.0,0,0.0,0,0,3,21,3896,45.0,0,6,0.0,0,0.0,Revolutionary Armed Forces of Colombia (FARC)
68022,0,160,5,401,2655,13.832023,122.877813,1.0,0,0.0,0,0,2,4,48,160.0,0,5,1.0,0,0.0,New People's Army (NPA)
71711,0,160,5,1,78,6.064029,121.159058,1.0,0,0.0,1,0,2,4,161,160.0,0,5,0.0,0,0.0,Abu Sayyaf Group (ASG)
31948,0,69,8,135,24,41.918891,8.737554,4.0,0,1.0,1,0,3,2,560,69.0,0,6,0.0,1,0.0,Corsican National Liberation Front (FLNC)
60012,0,147,11,122,729,9.008288,7.567349,1.0,0,0.0,1,0,2,8,603,147.0,0,5,0.0,1,0.0,Boko Haram
25817,0,69,8,135,1013,41.930607,8.742907,1.0,0,0.0,1,0,3,1,1577,69.0,0,6,0.0,1,0.0,Corsican National Liberation Front (FLNC)
79521,1,160,5,0,47,6.644703,122.299491,1.0,1,0.0,1,0,4,11,69,160.0,0,5,0.0,0,1.0,Abu Sayyaf Group (ASG)
59393,0,4,6,319,2404,33.241542,69.82847,3.0,0,0.0,1,0,1,10,3063,38.0,0,5,1.0,1,0.0,Muslim extremists
73306,0,209,10,223,1816,37.571716,44.282299,3.0,0,0.0,1,0,3,3,559,209.0,0,6,0.0,-9,0.0,Kurdistan Workers' Party (PKK)
44147,0,95,10,34,274,33.953167,44.921906,1.0,0,1.0,1,0,2,14,6,95.0,0,5,14.0,1,0.0,Al-Qaida in Iraq
74036,0,228,10,60,350,13.586484,44.024105,1.0,0,1.0,1,0,3,4,48,228.0,0,6,0.0,-9,0.0,Houthi extremists (Ansar Allah)
5370,0,97,10,261,3102,32.811988,35.259513,1.0,0,0.0,1,0,3,14,3773,97.0,0,6,1.0,1,0.0,Palestinians
24359,0,92,6,337,3459,30.145293,74.199304,1.0,0,0.0,1,0,3,21,3028,92.0,0,6,0.0,1,0.0,Sikh Extremists
47859,1,92,6,128,898,22.394329,87.099879,1.0,0,0.0,1,0,6,2,1429,92.0,0,5,2.0,0,1.0,Communist Party of India - Maoist (CPI-Maoist)
8820,0,97,10,458,3043,31.771599,35.2034,1.0,0,0.0,1,0,3,14,3729,97.0,0,6,0.0,1,0.0,Palestinians
59301,1,147,11,166,1302,7.888747,7.908966,2.0,0,1.0,1,0,6,14,27,147.0,0,5,5.0,1,1.0,Fulani extremists
29529,0,159,3,475,3862,-11.254239,-74.636893,1.0,0,0.0,1,0,2,4,1788,159.0,0,5,7.0,1,0.0,Tupac Amaru Revolutionary Movement (MRTA)
74995,0,95,10,32,258,33.349159,43.784199,1.0,0,0.0,1,0,3,4,48,95.0,0,6,1.0,0,0.0,Islamic State of Iraq and the Levant (ISIL)
61627,0,214,9,145,1097,47.905502,38.843531,1.0,1,0.0,1,0,3,4,1707,214.0,0,6,1.0,1,0.0,Donetsk People's Republic
28313,0,160,5,423,24,16.451727,120.5752,4.0,0,0.0,1,0,2,4,562,160.0,0,5,10.0,1,0.0,New People's Army (NPA)
65064,0,92,6,126,804,23.806137,85.826501,3.0,0,0.0,0,0,3,19,1319,92.0,0,6,0.0,0,0.0,Maoists
58536,0,200,10,200,2356,36.201721,37.14352,1.0,0,0.0,1,0,3,4,3053,200.0,0,6,5.0,1,0.0,Muslim extremists
62834,0,209,10,222,1839,37.331264,42.181782,3.0,0,1.0,1,0,7,8,51,209.0,0,8,0.0,1,0.0,Kurdistan Workers' Party (PKK)
23449,0,61,2,149,1150,13.69288,-89.199161,1.0,0,0.0,1,0,1,1,1812,61.0,0,6,0.0,1,0.0,Farabundo Marti National Liberation Front (FMLN)
28529,0,61,2,150,1228,14.169631,-89.102686,1.0,0,0.0,1,0,2,4,559,61.0,0,5,0.0,1,0.0,Farabundo Marti National Liberation Front (FMLN)
46483,0,4,6,509,3537,32.625149,62.479768,3.0,0,0.0,1,0,2,14,4438,4.0,0,5,3.0,-9,0.0,Taliban
70210,0,209,10,223,1816,37.572424,44.284264,3.0,0,0.0,1,0,3,3,559,209.0,0,6,0.0,1,0.0,Kurdistan Workers' Party (PKK)
15867,0,61,2,155,1163,13.676944,-89.279722,1.0,0,0.0,1,0,1,2,1769,61.0,0,5,1.0,0,0.0,Farabundo Marti National Liberation Front (FMLN)
12287,0,145,2,439,2919,13.48082,-86.58208,1.0,0,0.0,1,0,2,14,3556,145.0,0,5,1.0,1,0.0,Nicaraguan Democratic Force (FDN)
10424,0,159,3,477,3284,-13.163874,-74.223564,2.0,1,0.0,0,0,7,19,4101,159.0,0,5,3.0,1,0.0,Shining Path (SL)
14152,0,69,8,135,24,41.918891,8.737554,4.0,0,1.0,1,0,3,3,1578,69.0,0,6,0.0,1,0.0,Corsican National Liberation Front (FLNC)
30914,0,69,8,17,131,48.856644,2.34233,1.0,0,0.0,1,0,3,1,1640,69.0,0,6,0.0,1,0.0,Corsican National Liberation Front (FLNC)
39008,0,185,8,86,518,43.136978,-2.073914,1.0,0,0.0,1,0,3,2,1053,185.0,0,6,0.0,1,0.0,Basque Fatherland and Freedom (ETA)
63997,0,95,10,32,263,33.420948,43.295662,1.0,0,1.0,1,0,3,4,20,95.0,0,6,0.0,1,0.0,Islamic State of Iraq and the Levant (ISIL)
64230,0,214,9,145,1068,47.981647,37.762325,1.0,0,0.0,1,0,3,4,1700,214.0,0,6,1.0,-9,0.0,Donetsk People's Republic
14019,0,61,2,158,1180,13.416667,-88.5,1.0,0,1.0,1,0,3,21,1782,61.0,0,6,0.0,1,0.0,Farabundo Marti National Liberation Front (FMLN)
72599,0,209,10,232,1823,37.922218,40.184376,1.0,0,0.0,1,0,2,3,85,209.0,0,5,3.0,0,0.0,Kurdistan Workers' Party (PKK)
62033,0,228,10,50,323,15.840202,48.45438,1.0,0,0.0,1,0,2,4,746,228.0,0,5,6.0,1,0.0,Al-Qaida in the Arabian Peninsula (AQAP)
52701,0,95,10,36,303,34.533753,43.483738,1.0,0,1.0,1,0,2,17,20,95.0,0,5,2.0,0,0.0,Al-Qaida in Iraq
83406,0,147,11,111,1348,7.860742,7.512218,2.0,1,0.0,1,0,2,14,27,147.0,0,5,10.0,1,0.0,Fulani extremists
53973,0,160,5,0,89,6.706642,121.973673,2.0,0,0.0,1,0,3,4,176,160.0,0,6,1.0,-9,0.0,Abu Sayyaf Group (ASG)
12523,0,145,2,437,2854,13.564251,-86.02984,1.0,0,0.0,1,0,2,4,1762,145.0,0,5,12.0,1,0.0,Nicaraguan Democratic Force (FDN)
26922,0,92,6,337,24,31.147131,75.341218,4.0,0,0.0,0,0,1,2,4358,92.0,0,6,0.0,0,0.0,Sikh Extremists
18483,0,159,3,277,2118,-11.967368,-76.978462,1.0,0,1.0,1,0,3,21,1761,159.0,0,6,0.0,1,0.0,Shining Path (SL)
64838,0,147,11,118,1345,9.410207,9.21093,2.0,0,0.0,1,0,2,14,27,147.0,0,5,10.0,1,0.0,Fulani extremists
13040,0,145,2,438,2855,12.933056,-86.348611,1.0,0,0.0,1,0,2,4,1768,145.0,0,5,1.0,1,0.0,Nicaraguan Democratic Force (FDN)
53940,0,4,6,519,3560,35.167134,63.769538,3.0,0,0.0,1,0,3,4,162,4.0,0,6,3.0,0,0.0,Taliban
17464,0,145,2,436,24,13.091683,-86.000314,4.0,0,0.0,1,0,3,4,3528,145.0,0,6,18.0,1,0.0,Nicaraguan Democratic Force (FDN)
75687,0,214,9,145,1090,47.351321,37.931012,1.0,0,1.0,0,0,2,7,162,422.0,0,5,0.0,0,0.0,Donetsk People's Republic
47170,0,160,5,0,5,6.660501,122.138992,1.0,0,0.0,1,0,3,14,13,160.0,0,6,0.0,1,0.0,Abu Sayyaf Group (ASG)
39215,0,69,8,135,1014,41.591369,9.278311,1.0,0,0.0,0,0,3,3,1554,69.0,0,6,0.0,0,0.0,Corsican National Liberation Front (FLNC)
62593,0,4,6,522,3606,33.318998,62.184034,3.0,0,0.0,1,0,3,4,48,4.0,0,6,11.0,0,0.0,Taliban
78779,0,92,6,130,910,18.543452,82.223013,1.0,0,0.0,1,0,2,14,1441,92.0,0,5,1.0,0,0.0,Communist Party of India - Maoist (CPI-Maoist)
67184,0,182,11,68,404,2.059819,45.326115,1.0,0,0.0,1,0,2,2,842,182.0,0,5,1.0,0,0.0,Al-Shabaab
66600,0,147,11,108,663,10.749466,12.151123,1.0,0,0.0,1,0,2,14,205,147.0,0,5,25.0,1,0.0,Boko Haram
8472,0,45,3,362,2584,6.17346,-75.59278,1.0,0,0.0,1,0,2,3,3922,45.0,0,5,1.0,1,0.0,Revolutionary Armed Forces of Colombia (FARC)
57213,0,147,11,110,643,11.74464,11.970257,1.0,0,1.0,1,0,2,3,1230,147.0,0,6,21.0,1,0.0,Boko Haram
21610,0,92,6,337,3435,31.326015,75.576183,3.0,0,0.0,1,0,2,14,27,92.0,0,5,2.0,1,0.0,Sikh Extremists
51243,0,228,10,50,318,14.54397,49.12458,1.0,0,1.0,1,0,3,4,712,228.0,0,6,1.0,0,0.0,Al-Qaida in the Arabian Peninsula (AQAP)
19253,0,43,3,271,2106,-33.366238,-70.505302,1.0,0,1.0,1,0,2,19,56,43.0,0,8,0.0,1,0.0,Manuel Rodriguez Patriotic Front (FPMR)
72679,0,147,11,108,632,11.512185,14.066288,2.0,0,1.0,1,0,2,14,27,147.0,0,5,4.0,1,0.0,Boko Haram
58736,1,4,6,509,3633,32.141897,61.222579,2.0,0,0.0,1,0,6,2,4500,4.0,0,5,1.0,0,1.0,Taliban
19454,0,186,6,215,2039,8.312373,81.171508,2.0,0,0.0,1,0,3,19,56,186.0,0,6,26.0,1,0.0,Liberation Tigers of Tamil Eelam (LTTE)
34856,0,186,6,261,1974,9.666399,80.020477,1.0,0,0.0,0,0,2,4,48,186.0,0,5,2.0,1,0.0,Liberation Tigers of Tamil Eelam (LTTE)
77145,0,60,10,290,2420,31.163713,33.955925,1.0,1,0.0,0,0,3,4,0,60.0,0,6,1.0,0,0.0,Muslim extremists
81639,0,95,10,42,1688,32.867008,44.220455,1.0,0,0.0,1,1,3,4,20,95.0,0,6,1.0,0,0.0,Islamic State of Iraq and the Levant (ISIL)
57040,1,228,10,55,330,14.413989,44.837418,1.0,0,0.0,1,0,6,4,20,228.0,0,5,4.0,-9,1.0,Al-Qaida in the Arabian Peninsula (AQAP)
63302,0,95,10,34,249,33.74324,44.623825,1.0,0,0.0,1,1,3,3,20,95.0,0,6,10.0,-9,0.0,Islamic State of Iraq and the Levant (ISIL)
55326,0,182,11,74,428,4.73538,45.2024,1.0,0,0.0,1,0,3,4,48,182.0,0,6,3.0,0,0.0,Al-Shabaab
79854,0,182,11,68,404,2.059819,45.326115,1.0,0,0.0,1,0,1,2,820,182.0,0,5,1.0,0,0.0,Al-Shabaab
27389,0,69,8,135,1013,41.930607,8.742907,1.0,0,0.0,1,0,3,2,1599,69.0,0,6,0.0,1,0.0,Corsican National Liberation Front (FLNC)
1724,0,185,8,95,564,43.0,-2.166667,1.0,0,0.0,1,0,1,3,1052,185.0,0,5,1.0,0,0.0,Basque Fatherland and Freedom (ETA)
53466,0,92,6,127,2229,18.153452,81.508949,1.0,1,0.0,0,0,3,4,48,92.0,0,6,0.0,0,0.0,Maoists
77624,0,228,10,60,350,13.586484,44.024105,1.0,0,0.0,1,0,1,10,2003,228.0,0,6,1.0,0,0.0,Houthi extremists (Ansar Allah)
29873,0,209,10,207,1711,41.106178,28.689863,1.0,0,1.0,1,0,7,1,765,209.0,0,8,0.0,1,0.0,Kurdistan Workers' Party (PKK)
67981,0,153,6,337,3803,31.975063,74.223297,1.0,0,0.0,1,0,1,2,4647,153.0,0,5,3.0,1,0.0,Tehrik-i-Taliban Pakistan (TTP)
48352,0,92,6,128,835,22.35435,86.906606,1.0,0,0.0,1,0,6,14,850,92.0,0,5,1.0,0,1.0,Communist Party of India - Maoist (CPI-Maoist)
75644,0,45,3,359,2577,8.7424,-73.103604,2.0,0,0.0,0,0,3,20,6,45.0,0,6,0.0,0,0.0,National Liberation Army of Colombia (ELN)
14785,0,603,8,190,1604,55.011562,-7.312045,1.0,0,0.0,1,0,1,4,2162,233.0,0,5,1.0,0,0.0,Irish Republican Army (IRA)
67540,0,4,6,522,3606,33.306127,62.156823,3.0,0,1.0,1,0,2,4,172,4.0,0,5,7.0,-9,0.0,Taliban
32682,0,75,8,254,1911,50.084284,8.238717,1.0,0,0.0,1,0,7,19,2442,75.0,0,8,0.0,1,0.0,Kurdistan Workers' Party (PKK)
7483,0,155,10,325,1468,31.502407,34.459743,1.0,0,0.0,0,0,3,4,3665,97.0,0,6,0.0,0,0.0,Palestinians
34164,0,186,6,215,2020,8.8245,81.0955,1.0,0,0.0,1,0,2,4,2578,186.0,0,5,13.0,1,0.0,Liberation Tigers of Tamil Eelam (LTTE)
57096,0,4,6,522,3559,34.340449,63.752884,3.0,0,0.0,1,0,2,3,12,4.0,0,5,3.0,0,0.0,Taliban
5252,0,69,8,136,131,48.856644,2.34233,1.0,0,0.0,1,0,7,1,1569,69.0,0,8,0.0,1,0.0,Corsican National Liberation Front (FLNC)
82744,0,95,10,36,1693,33.953178,44.206818,1.0,0,0.0,0,1,3,14,27,95.0,0,6,2.0,0,0.0,Islamic State of Iraq and the Levant (ISIL)
59964,0,214,9,145,1092,48.730804,37.574596,1.0,0,0.0,1,0,7,19,1709,214.0,0,8,0.0,1,0.0,Donetsk People's Republic
63162,0,160,5,389,2756,7.808513,126.094304,2.0,0,0.0,1,0,7,1,112,160.0,0,5,0.0,1,0.0,New People's Army (NPA)
22581,0,209,10,222,1867,37.443297,42.003155,1.0,0,0.0,1,0,2,14,2397,209.0,0,5,2.0,1,0.0,Kurdistan Workers' Party (PKK)
23575,0,159,3,277,2118,-11.967368,-76.978462,1.0,0,0.0,1,0,1,3,4089,159.0,0,5,1.0,0,0.0,Shining Path (SL)
19301,0,43,3,270,2107,-33.050125,-71.612251,1.0,0,0.0,1,0,3,1,2692,43.0,0,6,0.0,1,0.0,Manuel Rodriguez Patriotic Front (FPMR)
48889,0,92,6,125,896,24.749905,84.370896,1.0,0,1.0,1,0,3,16,1459,92.0,0,6,0.0,1,0.0,Communist Party of India - Maoist (CPI-Maoist)
70094,0,147,11,118,1290,9.542234,8.899672,2.0,0,1.0,1,0,2,14,13,147.0,0,5,3.0,0,0.0,Fulani extremists
55328,0,153,6,468,3130,24.891115,67.143311,1.0,0,0.0,1,0,1,14,4690,153.0,0,5,2.0,0,0.0,Tehrik-i-Taliban Pakistan (TTP)
67200,0,214,9,145,1070,48.363186,37.891922,1.0,1,0.0,1,0,2,4,48,214.0,0,6,0.0,-9,0.0,Donetsk People's Republic
60206,0,147,11,122,678,8.884813,7.231787,1.0,0,0.0,1,0,2,14,27,147.0,0,5,0.0,1,0.0,Fulani extremists
77530,0,182,11,68,404,2.059819,45.326115,1.0,0,0.0,1,0,2,4,497,182.0,0,5,1.0,1,0.0,Al-Shabaab
9430,0,61,2,148,1149,13.802046,-87.896732,1.0,0,0.0,1,0,2,4,1762,61.0,0,5,5.0,1,0.0,Farabundo Marti National Liberation Front (FMLN)
25295,0,61,2,158,1201,13.344322,-88.437463,1.0,0,0.0,1,0,2,4,1844,61.0,0,5,0.0,1,0.0,Farabundo Marti National Liberation Front (FMLN)
64042,0,160,5,0,38,6.643853,122.156371,1.0,0,0.0,0,0,3,8,51,160.0,0,6,0.0,0,0.0,Abu Sayyaf Group (ASG)
70291,0,92,6,127,973,18.257257,81.298996,1.0,1,0.0,1,0,3,4,2880,92.0,0,6,0.0,0,0.0,Maoists
59905,0,160,5,388,2629,16.990875,120.73286,3.0,0,0.0,1,0,2,4,3328,160.0,0,5,3.0,0,0.0,New People's Army (NPA)
1205,0,603,8,190,1603,54.607712,-5.95621,1.0,0,0.0,1,0,2,4,2105,216.0,0,5,1.0,0,0.0,Irish Republican Army (IRA)
19556,0,43,3,271,2106,-33.366238,-70.505302,1.0,0,0.0,1,0,3,16,2797,43.0,0,6,0.0,1,0.0,Manuel Rodriguez Patriotic Front (FPMR)
20499,0,603,8,190,1603,54.607712,-5.95621,1.0,0,0.0,1,0,1,3,2106,233.0,0,5,1.0,0,0.0,Irish Republican Army (IRA)
17106,0,183,11,19,136,-26.184113,28.033232,1.0,0,0.0,1,0,3,1,407,183.0,0,6,0.0,1,0.0,African National Congress (South Africa)
28686,0,97,10,460,3046,32.08297,34.811886,1.0,0,0.0,0,0,1,3,3774,155.0,0,9,0.0,0,0.0,Palestinians
56275,0,153,6,468,3130,24.891115,67.143311,1.0,0,0.0,1,0,3,4,4593,153.0,0,6,0.0,1,0.0,Tehrik-i-Taliban Pakistan (TTP)
10242,0,145,2,446,2871,12.73797,-86.21399,1.0,0,0.0,1,0,2,4,1762,145.0,0,5,1.0,1,0.0,Nicaraguan Democratic Force (FDN)
68866,0,147,11,110,650,11.763937,12.263129,1.0,0,1.0,1,0,2,14,27,147.0,0,5,0.0,1,0.0,Boko Haram
31955,0,69,8,135,24,41.918891,8.737554,4.0,0,1.0,1,0,3,2,560,69.0,0,6,0.0,1,0.0,Corsican National Liberation Front (FLNC)
83054,0,95,10,32,1734,34.303706,42.067211,2.0,0,0.0,1,0,3,4,12,95.0,0,6,0.0,-9,0.0,Islamic State of Iraq and the Levant (ISIL)
61335,0,228,10,185,24,16.256921,43.943679,4.0,0,0.0,1,0,2,10,1969,228.0,0,5,0.0,1,0.0,Houthi extremists (Ansar Allah)
46039,0,92,6,124,777,14.097995,77.280925,1.0,1,0.0,0,0,3,19,152,92.0,0,6,0.0,0,0.0,Communist Party of India - Maoist (CPI-Maoist)
20181,0,92,6,285,3426,26.338056,76.151944,1.0,0,0.0,1,0,1,1,4264,92.0,0,5,1.0,0,0.0,Sikh Extremists
51265,0,228,10,55,321,13.985013,45.558479,1.0,0,0.0,1,0,2,4,715,228.0,0,5,1.0,0,0.0,Al-Qaida in the Arabian Peninsula (AQAP)
29808,1,159,3,475,3396,-11.161067,-75.99309,1.0,0,0.0,1,0,6,10,4849,159.0,0,5,1.0,0,1.0,Tupac Amaru Revolutionary Movement (MRTA)
24017,0,45,3,359,2545,7.894195,-72.503885,3.0,0,0.0,1,0,2,3,1788,45.0,0,5,1.0,1,0.0,National Liberation Army of Colombia (ELN)
6241,0,155,10,325,1468,31.502407,34.459743,1.0,0,0.0,1,0,3,14,3657,97.0,0,6,0.0,1,0.0,Palestinians
79859,0,4,6,514,3604,31.488245,64.321492,3.0,0,0.0,1,0,3,19,549,4.0,0,6,11.0,1,0.0,Taliban
39478,0,45,3,469,3185,1.90967,-75.15906,1.0,1,0.0,1,0,1,2,3985,45.0,0,5,1.0,0,0.0,Revolutionary Armed Forces of Colombia (FARC)
52049,0,45,3,373,3154,11.378289,-72.238173,1.0,1,0.0,1,0,2,4,48,45.0,0,5,12.0,0,0.0,Revolutionary Armed Forces of Colombia (FARC)
25556,0,92,6,131,3469,15.035369,77.28146,1.0,0,0.0,0,0,1,3,4326,92.0,0,5,7.0,0,0.0,Sikh Extremists
73865,1,160,5,2,63,4.66255,119.394262,1.0,0,0.0,1,0,4,11,110,93.0,0,5,0.0,1,1.0,Abu Sayyaf Group (ASG)
56309,0,167,9,302,2372,42.98542,47.450668,1.0,0,1.0,1,0,3,1,1249,167.0,0,6,0.0,0,0.0,Muslim extremists
10393,0,145,2,438,2982,12.961756,-86.344276,1.0,0,0.0,1,0,2,4,1762,145.0,0,5,10.0,1,0.0,Nicaraguan Democratic Force (FDN)
57270,0,123,11,168,2355,16.273716,-0.050415,1.0,0,0.0,1,0,3,6,355,123.0,0,6,0.0,0,0.0,Muslim extremists
25572,0,160,5,422,70,14.67428,121.057495,1.0,0,0.0,1,0,1,2,3452,160.0,0,5,2.0,0,0.0,New People's Army (NPA)
35854,0,45,3,362,3152,7.882318,-76.630626,1.0,0,1.0,1,0,2,2,3983,45.0,0,5,3.0,1,0.0,Revolutionary Armed Forces of Colombia (FARC)
73030,0,123,11,298,2436,15.715537,-4.904162,1.0,0,0.0,1,0,2,4,20,123.0,0,5,3.0,0,0.0,Muslim extremists
53204,0,95,10,33,247,33.303566,44.371773,1.0,0,1.0,1,0,3,14,13,95.0,0,6,7.0,1,0.0,Al-Qaida in Iraq
68209,0,214,9,145,1080,48.225635,37.715928,1.0,1,0.0,1,0,3,21,1729,214.0,0,6,0.0,1,0.0,Donetsk People's Republic
75990,0,146,11,116,24,13.313247,12.61588,4.0,0,0.0,1,0,2,14,13,146.0,0,5,5.0,1,0.0,Boko Haram
51278,0,95,10,37,281,36.373718,42.451778,2.0,0,1.0,1,1,3,14,13,95.0,0,6,8.0,1,0.0,Al-Qaida in Iraq
6049,0,155,10,456,3039,32.222271,35.253506,1.0,0,0.0,0,0,3,8,3664,155.0,0,6,0.0,0,0.0,Palestinians
1360,0,603,8,190,1603,54.607712,-5.95621,1.0,0,0.0,1,0,1,4,2121,216.0,0,5,1.0,0,0.0,Irish Republican Army (IRA)
75415,0,160,5,0,33,6.533689,122.166731,3.0,0,0.0,1,0,3,4,40,160.0,0,6,1.0,0,0.0,Abu Sayyaf Group (ASG)
52379,0,4,6,515,3655,34.55,69.05,1.0,1,0.0,1,1,5,1,587,4.0,0,6,25.0,1,1.0,Taliban
79594,0,95,10,37,254,36.354145,43.14357,1.0,0,0.0,0,0,1,2,2290,95.0,0,5,1.0,-9,0.0,Islamic State of Iraq and the Levant (ISIL)
10661,0,61,2,153,1160,13.703735,-88.804566,1.0,0,0.0,1,0,2,4,1772,61.0,0,5,1.0,1,0.0,Farabundo Marti National Liberation Front (FMLN)
6907,0,603,8,190,1607,54.347539,-6.656108,1.0,0,0.0,1,0,3,4,2215,216.0,0,6,0.0,1,0.0,Irish Republican Army (IRA)
83338,0,228,10,53,314,15.325443,44.211895,1.0,0,0.0,1,0,2,2,1964,228.0,0,6,1.0,-9,0.0,Houthi extremists (Ansar Allah)
50431,0,92,6,126,782,23.744186,84.504429,3.0,0,0.0,1,0,3,3,1335,92.0,0,6,0.0,1,0.0,Communist Party of India - Maoist (CPI-Maoist)
43209,0,186,6,215,1966,8.457907,81.268402,1.0,0,0.0,1,0,3,4,2580,186.0,0,6,16.0,1,0.0,Liberation Tigers of Tamil Eelam (LTTE)
20805,0,43,3,272,2116,-37.092019,-73.154582,1.0,0,0.0,1,0,3,21,2717,43.0,0,6,0.0,1,0.0,Manuel Rodriguez Patriotic Front (FPMR)
12203,0,183,11,18,137,-29.861824,31.008293,1.0,0,0.0,1,0,3,21,392,217.0,0,6,3.0,1,0.0,African National Congress (South Africa)
49550,0,147,11,108,616,11.840929,13.141459,1.0,0,1.0,1,0,3,1,1256,147.0,0,6,3.0,0,0.0,Boko Haram
81247,0,45,3,364,2561,8.61101,-73.635759,1.0,0,0.0,1,0,3,3,3238,45.0,0,6,0.0,0,0.0,National Liberation Army of Colombia (ELN)
5993,0,603,8,49,1609,51.504387,-0.140041,1.0,0,0.0,0,0,1,12,2209,216.0,0,6,0.0,0,0.0,Irish Republican Army (IRA)
20510,0,186,6,215,2012,7.482869,81.76503,1.0,0,0.0,1,0,3,4,1885,92.0,0,6,5.0,1,0.0,Liberation Tigers of Tamil Eelam (LTTE)
23513,0,45,3,359,2541,7.74002,-73.04889,1.0,0,0.0,1,0,3,3,1106,45.0,0,6,4.0,1,0.0,National Liberation Army of Colombia (ELN)
33227,0,45,3,364,2538,9.257778,-73.812222,1.0,0,0.0,0,0,3,21,3215,45.0,0,6,1.0,1,0.0,National Liberation Army of Colombia (ELN)
11226,0,603,8,190,1607,54.347539,-6.656108,1.0,0,0.0,1,0,3,1,2114,233.0,0,6,1.0,1,0.0,Irish Republican Army (IRA)
56627,1,45,3,368,2510,6.953691,-71.878846,1.0,0,0.0,1,0,6,3,3167,45.0,0,5,1.0,0,1.0,National Liberation Army of Colombia (ELN)
19898,0,186,6,261,1999,8.757816,80.487907,1.0,1,0.0,1,0,2,4,2616,92.0,0,5,2.0,1,0.0,Liberation Tigers of Tamil Eelam (LTTE)
12818,0,145,2,447,2918,12.800014,-85.133347,1.0,0,0.0,1,0,2,2,3555,145.0,0,5,0.0,1,0.0,Nicaraguan Democratic Force (FDN)
74152,0,228,10,60,350,13.586484,44.024105,1.0,0,1.0,1,0,3,14,925,228.0,0,6,0.0,-9,0.0,Houthi extremists (Ansar Allah)
14833,0,183,11,26,170,-23.00124,29.768678,1.0,0,0.0,0,0,3,4,370,183.0,0,6,0.0,1,0.0,African National Congress (South Africa)
7383,0,69,8,136,131,48.856644,2.34233,1.0,0,0.0,1,0,3,2,1580,69.0,0,6,0.0,1,0.0,Corsican National Liberation Front (FLNC)
36506,0,185,8,87,574,36.715666,-4.275504,1.0,0,1.0,0,0,3,2,1081,185.0,0,6,0.0,1,0.0,Basque Fatherland and Freedom (ETA)
47900,0,92,6,127,912,18.9,81.35,3.0,0,0.0,1,0,7,19,1443,92.0,0,11,0.0,1,0.0,Communist Party of India - Maoist (CPI-Maoist)
1958,0,603,8,49,1609,51.504387,-0.140041,1.0,0,0.0,1,0,3,16,2203,216.0,0,6,1.0,1,0.0,Irish Republican Army (IRA)
20452,0,61,2,149,1150,13.69288,-89.199161,1.0,0,1.0,1,0,3,21,1855,61.0,0,6,0.0,1,0.0,Farabundo Marti National Liberation Front (FMLN)
78992,0,95,10,37,254,36.354145,43.14357,1.0,0,0.0,1,0,3,8,51,95.0,0,6,2.0,-9,0.0,Islamic State of Iraq and the Levant (ISIL)
10693,0,145,2,436,2912,13.195382,-86.167644,1.0,0,0.0,1,0,2,4,1762,145.0,0,5,1.0,1,0.0,Nicaraguan Democratic Force (FDN)
35615,0,186,6,260,2037,6.725196,79.918392,1.0,0,0.0,1,0,2,3,2184,186.0,0,5,29.0,1,0.0,Liberation Tigers of Tamil Eelam (LTTE)
48088,0,160,5,0,39,6.599405,121.904057,1.0,0,0.0,1,0,6,14,146,160.0,0,5,1.0,0,1.0,Abu Sayyaf Group (ASG)
41708,0,185,8,98,550,40.656422,-4.700322,1.0,0,1.0,1,0,3,20,6,185.0,0,6,0.0,1,0.0,Basque Fatherland and Freedom (ETA)
64350,0,228,10,53,314,15.325443,44.211895,1.0,0,0.0,0,0,2,4,663,228.0,0,5,0.0,0,0.0,Houthi extremists (Ansar Allah)
70057,0,214,9,145,1120,48.427444,37.835751,1.0,1,0.0,1,0,2,4,48,214.0,0,6,0.0,-9,0.0,Donetsk People's Republic
51728,0,95,10,34,298,34.347343,45.383274,1.0,0,1.0,1,0,3,4,571,95.0,0,6,0.0,1,0.0,Al-Qaida in Iraq
24075,0,159,3,277,2118,-11.967368,-76.978462,1.0,0,0.0,1,0,3,4,4803,217.0,0,6,0.0,1,0.0,Tupac Amaru Revolutionary Movement (MRTA)
36120,0,185,8,86,579,43.311307,-1.900896,1.0,0,0.0,1,0,7,2,1095,185.0,0,8,0.0,1,0.0,Basque Fatherland and Freedom (ETA)
30055,0,92,6,291,3450,34.526179,74.254614,1.0,0,0.0,1,0,6,3,4296,92.0,0,5,0.0,0,1.0,Sikh Extremists
22086,0,159,3,277,2118,-11.967368,-76.978462,1.0,0,1.0,1,0,3,21,1813,159.0,0,6,0.0,1,0.0,Shining Path (SL)
42698,0,141,6,284,2230,28.518126,81.11616,1.0,0,0.0,1,0,3,14,2920,141.0,0,6,0.0,1,0.0,Maoists
12821,0,145,2,439,2924,13.45504,-86.405758,1.0,0,0.0,1,0,3,9,3560,145.0,0,6,1.0,1,0.0,Nicaraguan Democratic Force (FDN)
20783,0,159,3,277,2118,-11.967368,-76.978462,1.0,0,0.0,1,0,3,3,4796,159.0,0,6,0.0,1,0.0,Tupac Amaru Revolutionary Movement (MRTA)
3681,0,185,8,94,531,42.815372,-1.653616,1.0,0,0.0,1,0,1,3,1025,185.0,0,5,3.0,0,0.0,Basque Fatherland and Freedom (ETA)
7708,0,603,8,190,1603,54.607712,-5.95621,1.0,0,0.0,1,0,2,3,2099,233.0,0,5,1.0,0,0.0,Irish Republican Army (IRA)
67660,0,92,6,127,829,18.79771,80.812864,3.0,0,0.0,1,0,2,3,12,92.0,0,6,5.0,0,0.0,Communist Party of India - Maoist (CPI-Maoist)
15751,0,45,3,381,2582,4.71365,-75.09733,1.0,0,0.0,1,0,3,21,3264,45.0,0,6,0.0,1,0.0,National Liberation Army of Colombia (ELN)
76145,0,95,10,199,1690,35.768353,43.588966,1.0,0,0.0,1,1,3,14,1240,95.0,0,6,4.0,-9,0.0,Islamic State of Iraq and the Levant (ISIL)
51115,0,95,10,33,247,33.303566,44.371773,1.0,0,1.0,1,0,2,3,20,95.0,0,5,6.0,-9,0.0,Al-Qaida in Iraq
14070,0,183,11,18,132,-29.965819,30.882976,1.0,0,0.0,1,0,3,3,298,183.0,0,6,1.0,1,0.0,African National Congress (South Africa)
6257,0,185,8,86,515,43.291618,-1.977903,1.0,0,0.0,1,0,1,4,960,185.0,0,5,1.0,0,0.0,Basque Fatherland and Freedom (ETA)
65087,0,214,9,145,1085,47.942608,37.505135,1.0,0,0.0,1,0,3,14,205,214.0,0,6,0.0,-9,0.0,Donetsk People's Republic
46157,0,153,6,427,3754,34.856902,71.429936,3.0,0,0.0,1,0,3,8,4693,153.0,0,6,0.0,1,0.0,Tehrik-i-Taliban Pakistan (TTP)
44823,0,182,11,80,420,11.274796,49.179657,1.0,0,0.0,0,0,2,10,880,334.0,0,5,0.0,-9,0.0,Al-Shabaab
71415,0,209,10,222,1814,37.332346,42.185474,1.0,0,0.0,1,0,2,1,2396,209.0,0,5,1.0,0,0.0,Kurdistan Workers' Party (PKK)
58978,0,160,5,15,2701,9.051549,118.049001,1.0,0,0.0,1,0,6,1,3377,160.0,0,8,0.0,1,1.0,New People's Army (NPA)
69330,0,153,6,427,3777,33.558414,70.696106,1.0,0,0.0,1,0,2,4,12,153.0,0,5,11.0,0,0.0,Tehrik-i-Taliban Pakistan (TTP)
15719,0,159,3,277,2118,-11.967368,-76.978462,1.0,0,0.0,1,0,3,14,4094,159.0,0,6,1.0,1,0.0,Shining Path (SL)
72987,0,228,10,60,350,13.586484,44.024105,1.0,0,1.0,1,0,3,14,1291,228.0,0,6,0.0,1,0.0,Houthi extremists (Ansar Allah)
26302,0,159,3,277,2118,-11.967368,-76.978462,1.0,0,0.0,1,0,3,1,4852,159.0,0,6,0.0,1,0.0,Tupac Amaru Revolutionary Movement (MRTA)
68907,0,147,11,114,701,10.286653,11.163861,1.0,0,1.0,1,0,3,14,486,147.0,0,6,25.0,-9,0.0,Boko Haram
62436,0,4,6,321,2410,34.417122,70.449593,1.0,0,0.0,1,1,3,4,162,422.0,0,6,1.0,1,0.0,Taliban
80283,0,147,11,174,1313,9.270173,5.105799,2.0,0,0.0,1,0,2,15,215,147.0,0,5,27.0,-9,0.0,Fulani extremists
68947,0,182,11,65,475,2.407686,42.97077,3.0,0,0.0,1,1,3,4,860,422.0,0,6,7.0,0,0.0,Al-Shabaab
71123,0,209,10,222,1910,37.429183,42.883131,2.0,0,0.0,1,0,3,4,2440,209.0,0,6,1.0,0,0.0,Kurdistan Workers' Party (PKK)
54278,0,104,11,79,466,-0.45612,39.646123,1.0,0,0.0,1,0,2,1,906,104.0,0,5,5.0,1,0.0,Al-Shabaab
3426,0,603,8,190,1603,54.607712,-5.95621,1.0,0,1.0,1,0,7,1,2057,216.0,0,8,0.0,1,0.0,Irish Republican Army (IRA)
5444,0,97,10,458,3043,31.771599,35.2034,1.0,0,0.0,1,0,3,2,3652,97.0,0,6,1.0,1,0.0,Palestinians
17147,0,603,8,190,1643,54.673252,-7.627484,1.0,0,0.0,1,0,1,2,2145,233.0,0,6,2.0,1,0.0,Irish Republican Army (IRA)
34004,0,69,8,135,1026,42.874404,9.471427,1.0,0,0.0,1,0,3,14,1575,69.0,0,6,0.0,1,0.0,Corsican National Liberation Front (FLNC)
42032,0,45,3,360,3236,5.26541,-76.55651,1.0,1,0.0,1,0,2,3,3977,45.0,0,5,10.0,-9,0.0,Revolutionary Armed Forces of Colombia (FARC)
12903,0,69,8,137,1018,43.296482,5.36978,1.0,0,1.0,1,0,3,2,443,69.0,0,6,0.0,1,0.0,Corsican National Liberation Front (FLNC)
11179,0,159,3,477,3298,-14.385277,-73.962606,1.0,0,0.0,1,0,2,2,4077,159.0,0,8,4.0,1,0.0,Shining Path (SL)
59316,0,4,6,508,3595,34.705139,70.154053,1.0,1,0.0,0,0,1,2,4471,4.0,0,6,0.0,1,0.0,Taliban
46995,0,4,6,507,3556,31.600695,65.551842,1.0,0,1.0,1,0,3,1,4498,4.0,0,6,0.0,1,0.0,Taliban
15472,0,43,3,271,2106,-33.366238,-70.505302,1.0,0,0.0,1,0,3,14,2719,43.0,0,6,0.0,1,0.0,Manuel Rodriguez Patriotic Front (FPMR)
44708,0,160,5,408,2785,13.240874,123.537612,1.0,0,0.0,1,0,1,4,3450,160.0,0,5,1.0,-9,0.0,New People's Army (NPA)
31239,0,209,10,229,1841,39.550266,44.077301,1.0,0,0.0,1,0,2,4,562,209.0,0,5,4.0,1,0.0,Kurdistan Workers' Party (PKK)
57471,0,92,6,124,2195,13.37129,75.198311,1.0,1,0.0,1,0,7,3,2901,92.0,0,5,0.0,1,0.0,Maoists
80943,0,95,10,37,254,36.354145,43.14357,1.0,0,0.0,0,1,3,3,85,95.0,0,6,1.0,0,0.0,Islamic State of Iraq and the Levant (ISIL)
62276,0,147,11,108,624,12.394185,13.830873,2.0,1,1.0,1,0,2,14,27,147.0,0,5,2.0,1,0.0,Boko Haram
13073,0,159,3,485,3330,-5.197037,-80.626621,1.0,0,0.0,1,0,3,7,4122,159.0,0,6,0.0,1,0.0,Shining Path (SL)
39193,0,186,6,260,2075,7.180155,79.884252,1.0,0,0.0,1,1,3,6,2608,186.0,0,6,21.0,1,0.0,Liberation Tigers of Tamil Eelam (LTTE)
7904,0,183,11,19,166,-25.748281,28.212069,1.0,1,0.0,1,0,3,4,343,183.0,0,6,0.0,1,0.0,African National Congress (South Africa)
11237,0,183,11,19,136,-26.184113,28.033232,1.0,0,0.0,1,0,3,2,273,183.0,0,6,0.0,1,0.0,African National Congress (South Africa)
8800,0,183,11,21,171,-25.439625,31.680998,1.0,0,0.0,1,0,3,21,318,183.0,0,6,0.0,1,0.0,African National Congress (South Africa)
29447,0,43,3,271,2106,-33.366238,-70.505302,1.0,0,0.0,1,0,1,1,2808,43.0,0,5,1.0,0,0.0,Manuel Rodriguez Patriotic Front (FPMR)
13553,0,159,3,277,2118,-11.967368,-76.978462,1.0,0,1.0,1,0,3,9,4811,159.0,0,6,1.0,1,0.0,Tupac Amaru Revolutionary Movement (MRTA)
48252,1,92,6,128,837,22.577189,87.004942,1.0,0,0.0,1,0,6,14,1358,92.0,0,5,0.0,0,1.0,Communist Party of India - Maoist (CPI-Maoist)
14325,0,145,2,438,2893,12.96589,-86.231407,1.0,0,0.0,1,0,2,4,562,145.0,0,5,12.0,1,0.0,Nicaraguan Democratic Force (FDN)
15905,1,61,2,152,1213,13.515493,-88.902328,1.0,0,0.0,1,0,2,4,1762,61.0,0,5,1.0,1,0.0,Farabundo Marti National Liberation Front (FMLN)
75127,0,182,11,68,404,2.059819,45.326115,1.0,0,1.0,1,0,3,2,219,182.0,0,6,1.0,-9,0.0,Al-Shabaab
16588,0,159,3,277,2118,-11.967368,-76.978462,1.0,0,1.0,1,0,2,19,56,159.0,0,8,0.0,1,0.0,Tupac Amaru Revolutionary Movement (MRTA)
15403,0,92,6,337,3405,30.898024,75.860077,1.0,0,0.0,1,0,2,14,27,92.0,0,5,10.0,1,0.0,Sikh Extremists
44556,0,160,5,1,22,6.050458,121.012245,1.0,1,0.0,1,0,3,1,178,160.0,0,6,0.0,1,0.0,Abu Sayyaf Group (ASG)
9376,0,45,3,368,3228,6.950833,-71.188056,1.0,0,0.0,1,0,2,4,1772,45.0,0,5,3.0,1,0.0,Revolutionary Armed Forces of Colombia (FARC)
48946,0,45,3,359,2524,8.437675,-73.285947,1.0,1,0.0,1,0,3,21,3938,45.0,0,6,0.0,1,0.0,Revolutionary Armed Forces of Colombia (FARC)
56596,0,95,10,33,247,33.303566,44.371773,1.0,0,1.0,1,0,3,14,13,95.0,0,6,3.0,0,0.0,Islamic State of Iraq and the Levant (ISIL)
25878,0,92,6,337,3425,31.326015,75.576183,1.0,0,0.0,1,0,3,3,172,92.0,0,6,2.0,1,0.0,Sikh Extremists
68042,0,160,5,0,12,6.550444,122.106467,2.0,0,0.0,0,0,2,14,13,160.0,0,5,0.0,0,0.0,Abu Sayyaf Group (ASG)
37057,0,69,8,135,1013,41.930607,8.742907,1.0,0,1.0,1,0,3,2,1648,69.0,0,6,0.0,1,0.0,Corsican National Liberation Front (FLNC)
66411,0,4,6,514,3541,31.60063,64.369652,1.0,0,0.0,1,1,3,2,4512,4.0,0,6,8.0,1,0.0,Taliban
63868,0,60,10,326,2418,30.596492,32.271459,1.0,1,0.0,1,0,2,4,20,60.0,0,5,1.0,0,0.0,Muslim extremists
18498,0,183,11,19,136,-26.184113,28.033232,1.0,0,0.0,0,0,3,2,410,183.0,0,6,0.0,0,0.0,African National Congress (South Africa)
18741,0,186,6,261,2040,9.703001,80.033931,1.0,0,0.0,1,0,1,14,2586,186.0,0,5,1.0,0,0.0,Liberation Tigers of Tamil Eelam (LTTE)
72891,0,209,10,225,1850,37.080181,41.220196,1.0,0,1.0,0,0,2,13,2382,209.0,0,5,0.0,0,0.0,Kurdistan Workers' Party (PKK)
58174,0,153,6,337,3746,33.594013,73.069077,1.0,0,0.0,1,1,3,4,48,153.0,0,6,14.0,-9,0.0,Tehrik-i-Taliban Pakistan (TTP)
41624,0,141,6,266,2175,27.708754,85.329498,1.0,0,0.0,1,0,3,1,2902,141.0,0,6,0.0,1,0.0,Maoists
50873,0,147,11,115,634,11.974328,8.50026,1.0,0,1.0,1,1,3,3,175,147.0,0,6,18.0,1,0.0,Boko Haram
21123,0,92,6,285,3431,24.37938,73.338447,2.0,0,0.0,1,0,1,14,4270,92.0,0,5,3.0,0,0.0,Sikh Extremists
74622,0,146,11,116,635,13.695975,13.322427,1.0,1,0.0,1,0,2,4,48,146.0,0,6,10.0,0,0.0,Boko Haram
30955,0,92,6,337,3456,30.381945,75.546798,1.0,1,1.0,1,0,1,3,4310,92.0,0,5,5.0,0,0.0,Sikh Extremists
67728,0,147,11,118,692,9.503691,8.928101,1.0,0,0.0,1,0,2,14,27,147.0,0,5,20.0,1,0.0,Boko Haram
11615,0,603,8,190,1649,54.103436,-6.193593,1.0,0,0.0,1,0,3,1,2158,233.0,0,6,1.0,1,0.0,Irish Republican Army (IRA)
73528,1,160,5,7,55,7.674924,123.152963,1.0,0,0.0,1,0,6,14,95,160.0,0,5,1.0,0,1.0,Abu Sayyaf Group (ASG)
3332,0,603,8,190,1603,54.607712,-5.95621,1.0,0,0.0,1,0,1,14,2117,233.0,0,5,1.0,0,0.0,Irish Republican Army (IRA)
1479,0,603,8,190,1603,54.607712,-5.95621,1.0,0,0.0,1,0,1,14,2119,233.0,0,5,1.0,0,0.0,Irish Republican Army (IRA)
76515,1,228,10,53,314,15.325443,44.211895,1.0,0,0.0,1,0,6,8,1994,217.0,0,5,0.0,0,1.0,Houthi extremists (Ansar Allah)
20957,0,43,3,271,2106,-33.366238,-70.505302,1.0,0,0.0,1,0,3,1,2758,43.0,0,6,0.0,1,0.0,Manuel Rodriguez Patriotic Front (FPMR)
24440,0,45,3,376,3203,3.173882,-76.259454,3.0,0,0.0,1,0,2,4,562,45.0,0,5,3.0,1,0.0,Revolutionary Armed Forces of Colombia (FARC)
1799,0,603,8,190,1611,54.446968,-6.39292,1.0,0,0.0,1,0,1,4,2058,216.0,0,5,1.0,0,0.0,Irish Republican Army (IRA)
67026,0,147,11,169,1330,7.408062,10.0759,2.0,0,1.0,1,0,2,14,27,147.0,0,5,5.0,1,0.0,Fulani extremists
32099,0,45,3,364,2509,10.333818,-73.181276,1.0,0,0.0,1,0,2,3,1106,45.0,0,5,0.0,1,0.0,National Liberation Army of Colombia (ELN)
17369,0,45,3,363,2492,4.667128,-74.106056,1.0,0,0.0,1,0,2,4,1772,45.0,0,5,1.0,1,0.0,National Liberation Army of Colombia (ELN)
56090,0,60,10,290,2361,31.126646,33.800865,1.0,0,1.0,1,0,3,4,20,60.0,0,6,1.0,1,0.0,Muslim extremists
46832,0,92,6,129,845,20.056815,84.277916,1.0,0,0.0,1,0,3,3,1366,92.0,0,6,0.0,1,0.0,Communist Party of India - Maoist (CPI-Maoist)
49712,0,92,6,130,921,19.145379,84.65249,1.0,0,0.0,1,0,2,14,1452,92.0,0,9,0.0,-9,0.0,Communist Party of India - Maoist (CPI-Maoist)
59045,0,147,11,112,1322,9.627067,8.50424,2.0,0,1.0,1,0,2,14,27,147.0,0,5,33.0,1,0.0,Fulani extremists
20624,0,185,8,86,568,43.416667,-2.933333,1.0,0,0.0,1,0,3,1,1066,185.0,0,6,0.0,1,0.0,Basque Fatherland and Freedom (ETA)
77898,0,228,10,51,357,15.45639,45.324871,1.0,1,0.0,0,0,3,14,1213,228.0,0,6,0.0,0,0.0,Houthi extremists (Ansar Allah)
19319,0,185,8,86,540,43.222177,-2.885668,1.0,0,0.0,0,0,3,3,1008,185.0,0,6,0.0,1,0.0,Basque Fatherland and Freedom (ETA)
67343,1,4,6,523,3564,36.781832,71.076543,3.0,0,1.0,1,0,2,3,20,4.0,0,5,1.0,1,-9.0,Taliban
58098,0,95,10,33,247,33.303566,44.371773,1.0,0,1.0,1,0,3,14,13,95.0,0,6,0.0,0,0.0,Islamic State of Iraq and the Levant (ISIL)
36254,0,186,6,215,1990,7.921328,81.52467,1.0,0,0.0,1,0,2,3,1653,186.0,0,5,1.0,0,0.0,Liberation Tigers of Tamil Eelam (LTTE)
80706,0,228,10,60,1555,13.319617,43.25563,1.0,0,0.0,0,0,3,14,205,228.0,0,6,0.0,0,0.0,Houthi extremists (Ansar Allah)
69486,0,160,5,1,2,6.066531,121.100068,1.0,0,0.0,1,0,2,4,55,160.0,0,5,2.0,0,0.0,Abu Sayyaf Group (ASG)
75668,0,173,10,184,1516,16.893194,42.57526,1.0,0,0.0,1,0,3,14,1213,173.0,0,6,0.0,-9,0.0,Houthi extremists (Ansar Allah)
37070,0,45,3,362,2573,7.08071,-74.70101,1.0,0,0.0,1,0,3,21,3257,45.0,0,6,48.0,1,0.0,National Liberation Army of Colombia (ELN)
14243,0,183,11,18,137,-29.861824,31.008293,1.0,0,0.0,1,0,3,21,266,183.0,0,6,0.0,1,0.0,African National Congress (South Africa)
56279,0,92,6,127,2247,19.974869,81.053303,1.0,0,0.0,1,0,6,2,2930,92.0,0,5,1.0,0,1.0,Maoists
12953,0,145,2,436,2938,13.130707,-85.971684,3.0,1,0.0,1,0,2,4,1762,145.0,0,5,1.0,1,0.0,Nicaraguan Democratic Force (FDN)
21692,0,160,5,391,24,12.367922,123.620761,4.0,0,0.0,1,0,1,2,3333,160.0,0,5,1.0,0,0.0,New People's Army (NPA)
29316,0,159,3,486,3874,-6.936434,-76.771772,1.0,0,0.0,1,0,2,14,4837,159.0,0,5,0.0,1,0.0,Tupac Amaru Revolutionary Movement (MRTA)
36155,0,217,1,466,3092,40.697132,-73.931351,1.0,0,0.0,1,0,2,18,3748,217.0,0,5,1.0,1,0.0,Palestinians
80398,0,160,5,403,2657,16.670136,121.717106,2.0,0,0.0,1,0,4,1,560,160.0,0,8,0.0,1,1.0,New People's Army (NPA)
9768,0,45,3,363,2492,4.667128,-74.106056,1.0,0,0.0,1,0,1,17,3963,45.0,0,5,1.0,0,0.0,Revolutionary Armed Forces of Colombia (FARC)
27917,0,61,2,155,1244,13.66667,-89.26667,1.0,0,0.0,1,0,2,4,1788,61.0,0,5,0.0,1,0.0,Farabundo Marti National Liberation Front (FMLN)
64544,1,37,11,117,698,11.236522,14.126195,1.0,0,0.0,1,0,3,4,722,37.0,0,6,117.0,1,-9.0,Boko Haram
43302,0,209,10,231,1822,38.750384,40.554192,1.0,0,0.0,1,0,3,19,2363,209.0,0,6,0.0,1,0.0,Kurdistan Workers' Party (PKK)
53208,0,95,10,38,289,35.272076,43.915043,1.0,0,1.0,1,0,3,4,48,95.0,0,6,0.0,0,0.0,Al-Qaida in Iraq
72410,0,228,10,60,350,13.586484,44.024105,1.0,0,0.0,1,0,3,14,890,228.0,0,6,5.0,-9,0.0,Houthi extremists (Ansar Allah)
73372,0,147,11,166,1352,7.788031,9.166207,2.0,1,1.0,1,0,2,14,27,147.0,0,5,0.0,1,0.0,Fulani extremists
40016,0,45,3,362,2532,6.43711,-75.3313,1.0,0,0.0,1,0,2,19,3205,45.0,0,8,0.0,1,0.0,National Liberation Army of Colombia (ELN)
31870,0,159,3,277,2118,-11.967368,-76.978462,1.0,0,0.0,1,0,3,2,4810,159.0,0,6,0.0,1,0.0,Tupac Amaru Revolutionary Movement (MRTA)
46911,0,4,6,529,3659,36.911389,66.185833,2.0,1,0.0,1,0,3,14,13,4.0,0,6,4.0,-9,0.0,Taliban
66913,0,160,5,389,2666,7.823071,126.055367,1.0,0,0.0,1,0,2,4,3350,160.0,0,5,1.0,0,0.0,New People's Army (NPA)
65726,0,60,10,292,236,31.210951,29.946908,1.0,0,1.0,1,0,3,3,1106,60.0,0,6,0.0,-9,0.0,Muslim extremists
54737,0,92,6,127,912,18.9,81.35,3.0,0,0.0,1,0,3,3,12,92.0,0,6,0.0,1,0.0,Maoists
10278,0,159,3,277,2118,-11.967368,-76.978462,1.0,0,0.0,1,0,3,1,4115,217.0,0,6,1.0,1,0.0,Shining Path (SL)
54889,0,95,10,33,247,33.303566,44.371773,1.0,0,1.0,1,0,3,14,518,95.0,0,6,2.0,0,0.0,Al-Qaida in Iraq
9720,0,159,3,482,3296,-17.360278,-69.701111,2.0,0,0.0,0,0,3,19,4073,159.0,0,6,17.0,0,0.0,Shining Path (SL)
82736,0,147,11,108,624,12.366749,13.828885,1.0,0,0.0,1,0,2,4,577,147.0,0,5,1.0,0,0.0,Boko Haram
68002,0,160,5,0,12,6.482175,122.165286,1.0,0,0.0,0,0,3,4,48,160.0,0,6,0.0,0,0.0,Abu Sayyaf Group (ASG)
57285,0,147,11,108,674,11.526846,13.69271,1.0,0,0.0,1,0,2,1,613,147.0,0,5,27.0,1,0.0,Boko Haram
26052,0,92,6,496,3424,30.733315,76.779418,1.0,0,0.0,1,0,2,14,4260,92.0,0,5,7.0,1,0.0,Sikh Extremists
17241,0,145,2,438,2856,13.131923,-86.345742,3.0,0,1.0,1,0,3,21,1107,145.0,0,6,0.0,1,0.0,Nicaraguan Democratic Force (FDN)
46335,0,95,10,33,247,33.303566,44.371773,1.0,0,0.0,1,0,3,2,543,95.0,0,6,2.0,-9,0.0,Al-Qaida in Iraq
3311,0,185,8,88,586,43.406384,-2.962425,1.0,0,0.0,1,0,3,1,1119,185.0,0,6,0.0,1,0.0,Basque Fatherland and Freedom (ETA)
40299,0,141,6,266,2175,27.708754,85.329498,1.0,0,0.0,1,0,3,14,2947,141.0,0,6,0.0,1,0.0,Maoists
14876,0,145,2,437,2885,13.78108,-86.5534,1.0,0,0.0,1,0,2,4,1762,145.0,0,5,1.0,1,0.0,Nicaraguan Democratic Force (FDN)
20426,0,43,3,271,2106,-33.366238,-70.505302,1.0,0,1.0,1,0,3,21,2694,43.0,0,6,0.0,1,0.0,Manuel Rodriguez Patriotic Front (FPMR)
83321,0,182,11,74,430,4.391135,46.087469,2.0,0,0.0,0,0,1,2,843,182.0,0,5,12.0,1,0.0,Al-Shabaab
53672,0,147,11,110,613,11.704399,11.088539,1.0,0,0.0,1,0,7,8,51,147.0,0,8,0.0,1,0.0,Boko Haram
1571,0,603,8,49,1609,51.504387,-0.140041,1.0,0,0.0,0,0,1,4,2130,216.0,0,6,0.0,0,0.0,Irish Republican Army (IRA)
18889,0,92,6,287,3429,29.420166,77.784542,1.0,0,0.0,1,0,2,3,1819,92.0,0,5,0.0,1,0.0,Sikh Extremists
74007,0,92,6,127,933,19.121472,81.868666,3.0,0,0.0,1,0,1,2,2965,92.0,0,5,1.0,0,1.0,Maoists
9124,0,159,3,277,2118,-11.967368,-76.978462,1.0,0,0.0,1,0,3,21,2810,159.0,0,6,1.0,1,0.0,Shining Path (SL)
54715,0,45,3,470,1164,0.325732,-76.878675,1.0,1,0.0,1,0,3,3,85,45.0,0,6,2.0,1,0.0,Revolutionary Armed Forces of Colombia (FARC)
13032,0,61,2,159,24,13.447063,-88.556531,4.0,0,1.0,1,0,2,1,1802,61.0,0,8,0.0,1,0.0,Farabundo Marti National Liberation Front (FMLN)
5296,0,69,8,142,1016,42.699997,9.447317,1.0,0,0.0,1,0,3,20,1619,69.0,0,6,0.0,1,0.0,Corsican National Liberation Front (FLNC)
21253,0,61,2,158,1190,13.558889,-88.43,1.0,0,0.0,1,0,1,2,1827,61.0,0,5,1.0,0,0.0,Farabundo Marti National Liberation Front (FMLN)
5765,0,69,8,136,131,48.856644,2.34233,1.0,0,0.0,1,0,3,4,1579,69.0,0,6,0.0,1,0.0,Corsican National Liberation Front (FLNC)
45650,1,153,6,534,3788,35.079406,72.428758,3.0,0,0.0,1,0,6,3,4626,153.0,0,9,1.0,0,1.0,Tehrik-i-Taliban Pakistan (TTP)
50100,0,228,10,48,358,12.870799,45.046499,3.0,0,0.0,1,0,3,4,726,228.0,0,6,0.0,1,0.0,Al-Qaida in the Arabian Peninsula (AQAP)
59627,0,160,5,1,19,6.053166,121.042788,2.0,0,0.0,1,0,2,4,20,160.0,0,5,5.0,-9,0.0,Abu Sayyaf Group (ASG)
53073,0,113,10,306,2377,32.867867,13.189067,1.0,0,1.0,1,0,7,15,3043,113.0,0,10,0.0,1,0.0,Muslim extremists
66723,0,160,5,405,2704,12.159882,124.865646,1.0,0,0.0,1,0,2,4,3380,160.0,0,5,1.0,0,0.0,New People's Army (NPA)
41611,0,209,10,228,1817,36.802461,34.629759,1.0,0,0.0,1,0,3,14,2362,209.0,0,6,0.0,1,0.0,Kurdistan Workers' Party (PKK)
18033,0,159,3,277,2118,-11.967368,-76.978462,1.0,0,1.0,1,0,3,1,4749,159.0,0,6,0.0,1,0.0,Tupac Amaru Revolutionary Movement (MRTA)
18386,0,43,3,271,2106,-33.366238,-70.505302,1.0,0,0.0,1,0,3,14,2793,43.0,0,6,0.0,1,0.0,Manuel Rodriguez Patriotic Front (FPMR)
1556,0,603,8,49,1609,51.504387,-0.140041,1.0,0,0.0,1,0,3,1,2214,217.0,0,6,0.0,1,0.0,Irish Republican Army (IRA)
45623,0,92,6,126,782,23.744186,84.504429,3.0,0,0.0,1,0,2,14,1332,92.0,0,5,0.0,-9,0.0,Communist Party of India - Maoist (CPI-Maoist)
56966,0,95,10,33,247,33.303566,44.371773,1.0,0,1.0,1,0,3,14,13,95.0,0,6,0.0,0,0.0,Islamic State of Iraq and the Levant (ISIL)
78805,0,92,6,127,2227,18.813227,81.579399,1.0,1,0.0,1,0,3,3,85,92.0,0,6,0.0,0,0.0,Maoists
33035,0,209,10,231,24,39.067995,40.777644,4.0,0,0.0,1,0,2,4,562,209.0,0,5,1.0,1,0.0,Kurdistan Workers' Party (PKK)
3709,0,603,8,190,1603,54.607712,-5.95621,1.0,0,1.0,1,0,3,1,1604,216.0,0,6,0.0,1,0.0,Irish Republican Army (IRA)
53330,0,228,10,48,309,12.825647,44.846416,1.0,0,0.0,1,1,3,17,680,228.0,0,6,1.0,0,0.0,Al-Qaida in the Arabian Peninsula (AQAP)
76314,0,182,11,68,404,2.059819,45.326115,1.0,0,0.0,1,0,3,2,899,182.0,0,6,3.0,1,0.0,Al-Shabaab
16400,0,145,2,447,2929,13.52628,-84.89873,1.0,0,0.0,1,0,2,4,1762,145.0,0,5,1.0,1,0.0,Nicaraguan Democratic Force (FDN)
63564,0,41,11,173,1307,5.965549,20.529325,1.0,0,1.0,1,0,2,14,205,41.0,0,5,15.0,1,0.0,Fulani extremists
50736,0,147,11,120,655,12.78679,10.23771,1.0,0,0.0,1,0,2,3,1239,147.0,0,6,1.0,1,0.0,Boko Haram
32091,0,45,3,359,2519,7.894195,-72.503885,1.0,0,1.0,0,0,3,20,3194,45.0,0,6,0.0,1,0.0,National Liberation Army of Colombia (ELN)
52234,0,160,5,389,2773,7.508446,125.921654,1.0,0,0.0,1,0,3,4,3440,160.0,0,6,0.0,0,0.0,New People's Army (NPA)
26578,0,92,6,494,3421,28.690073,77.213982,1.0,0,0.0,1,0,3,3,4325,92.0,0,6,0.0,1,0.0,Sikh Extremists
50470,0,4,6,518,24,36.05,69.083333,4.0,0,0.0,1,0,3,14,4508,95.0,0,6,0.0,1,0.0,Taliban
15394,0,43,3,270,2107,-33.050125,-71.612251,1.0,0,1.0,1,0,3,1,2701,43.0,0,6,0.0,1,0.0,Manuel Rodriguez Patriotic Front (FPMR)
52294,0,95,10,34,249,33.749892,44.633421,2.0,0,1.0,1,1,3,3,20,95.0,0,6,3.0,0,0.0,Al-Qaida in Iraq
17328,0,145,2,446,2923,12.879978,-85.412025,3.0,1,0.0,1,0,2,2,3559,145.0,0,5,0.0,1,0.0,Nicaraguan Democratic Force (FDN)
29501,0,186,6,215,1981,7.716666,81.700188,3.0,0,0.0,1,0,3,2,2507,186.0,0,6,0.0,1,0.0,Liberation Tigers of Tamil Eelam (LTTE)
39205,1,160,5,0,34,6.62139,122.143825,1.0,0,0.0,1,0,6,14,42,160.0,0,9,4.0,1,1.0,Abu Sayyaf Group (ASG)
16621,0,159,3,277,2118,-11.967368,-76.978462,1.0,0,1.0,1,0,3,1,4175,159.0,0,6,0.0,1,0.0,Shining Path (SL)
20345,0,45,3,378,3150,3.40001,-76.23336,2.0,0,0.0,1,0,2,3,3869,45.0,0,5,0.0,1,0.0,Revolutionary Armed Forces of Colombia (FARC)
70195,0,95,10,32,1705,33.397812,43.706276,1.0,0,0.0,1,1,3,4,48,95.0,0,6,1.0,0,0.0,Islamic State of Iraq and the Levant (ISIL)
79881,0,92,6,127,2208,18.184536,81.411415,1.0,1,0.0,0,0,3,20,6,92.0,0,6,0.0,1,0.0,Maoists
54807,0,147,11,108,616,11.840929,13.141459,1.0,0,1.0,1,0,3,20,6,147.0,0,6,0.0,-9,0.0,Boko Haram
73347,0,182,11,66,402,1.789637,44.529976,1.0,0,0.0,1,0,3,4,48,182.0,0,6,1.0,-9,0.0,Al-Shabaab
51359,0,153,6,427,3736,32.56699,69.831711,1.0,0,0.0,1,0,2,4,20,153.0,0,5,4.0,0,0.0,Tehrik-i-Taliban Pakistan (TTP)
75632,0,228,10,182,2403,15.235331,44.334139,1.0,0,0.0,1,0,2,15,215,228.0,0,6,4.0,-9,0.0,Muslim extremists
73839,0,200,10,40,260,33.515244,36.292084,1.0,0,0.0,1,0,7,1,542,155.0,0,8,0.0,1,0.0,Islamic State of Iraq and the Levant (ISIL)
62913,0,214,9,145,1079,48.04668,37.942146,1.0,0,0.0,1,0,3,14,1213,214.0,0,6,1.0,-9,0.0,Donetsk People's Republic
50335,0,160,5,1,42,6.021834,121.16568,1.0,0,0.0,1,0,3,2,58,160.0,0,6,0.0,-9,0.0,Abu Sayyaf Group (ASG)
63777,0,147,11,167,1288,8.75392,7.964677,1.0,0,1.0,1,0,7,14,27,147.0,0,8,2.0,1,0.0,Fulani extremists
27840,1,159,3,277,3339,-11.495531,-77.207192,1.0,0,0.0,1,0,6,1,4846,159.0,0,5,1.0,0,1.0,Tupac Amaru Revolutionary Movement (MRTA)
55339,0,153,6,468,3130,24.891115,67.143311,1.0,0,1.0,1,0,3,22,560,153.0,0,6,3.0,1,0.0,Tehrik-i-Taliban Pakistan (TTP)
38646,0,155,10,456,3087,32.125639,35.310226,1.0,1,0.0,1,0,2,14,3735,155.0,0,5,0.0,0,0.0,Palestinians
55365,0,160,5,1,22,6.050458,121.012245,1.0,0,0.0,1,0,2,4,159,160.0,0,5,1.0,1,0.0,Abu Sayyaf Group (ASG)
13586,0,43,3,271,2106,-33.366238,-70.505302,1.0,0,0.0,1,0,3,14,2738,43.0,0,6,0.0,1,0.0,Manuel Rodriguez Patriotic Front (FPMR)
67321,0,214,9,145,1069,47.098835,37.81987,1.0,1,1.0,1,0,2,4,48,214.0,0,6,0.0,-9,0.0,Donetsk People's Republic
67362,0,147,11,118,1274,9.542607,8.896159,2.0,0,1.0,1,0,2,14,13,147.0,0,5,17.0,0,0.0,Fulani extremists
16530,0,183,11,19,155,-26.252697,27.870275,1.0,0,0.0,1,0,3,2,320,183.0,0,6,0.0,1,0.0,African National Congress (South Africa)
74636,0,160,5,1,22,6.050458,121.012245,1.0,0,0.0,0,0,6,1,68,160.0,0,5,0.0,0,0.0,Abu Sayyaf Group (ASG)
40557,0,45,3,362,24,7.198606,-75.341218,4.0,0,0.0,1,0,2,19,3871,45.0,0,5,4.0,1,0.0,Revolutionary Armed Forces of Colombia (FARC)
61309,0,228,10,52,359,14.061524,46.914952,3.0,0,0.0,1,0,2,4,559,228.0,0,5,6.0,1,0.0,Al-Qaida in the Arabian Peninsula (AQAP)
39568,0,160,5,4,15,6.929089,122.07885,1.0,0,1.0,1,0,3,18,158,160.0,0,6,0.0,1,0.0,Abu Sayyaf Group (ASG)
45238,0,185,8,86,509,43.258434,-2.921819,1.0,0,0.0,1,0,3,1,964,216.0,0,6,0.0,-9,0.0,Basque Fatherland and Freedom (ETA)
28747,0,92,6,337,3420,30.245796,75.842072,1.0,1,1.0,1,0,7,1,1088,92.0,0,8,0.0,1,0.0,Sikh Extremists
5418,0,185,8,89,517,40.465595,-3.696263,1.0,0,0.0,1,0,3,19,991,185.0,0,6,2.0,1,0.0,Basque Fatherland and Freedom (ETA)
57267,0,228,10,181,1563,16.917494,43.762409,1.0,1,0.0,1,0,3,15,2006,228.0,0,6,4.0,1,0.0,Houthi extremists (Ansar Allah)
20158,0,43,3,274,2112,-29.906897,-71.25103,1.0,0,0.0,1,0,3,14,2706,43.0,0,6,0.0,1,0.0,Manuel Rodriguez Patriotic Front (FPMR)
19089,0,97,10,261,3065,33.004219,35.092571,1.0,0,0.0,1,0,3,14,3674,97.0,0,6,0.0,1,0.0,Palestinians
59289,0,182,11,66,425,1.800153,44.907244,1.0,0,0.0,1,0,2,4,577,422.0,0,6,1.0,-9,0.0,Al-Shabaab
53773,1,92,6,127,829,18.800412,80.815393,3.0,0,0.0,1,0,6,3,1470,92.0,0,5,1.0,0,1.0,Communist Party of India - Maoist (CPI-Maoist)
75094,0,209,10,235,1890,38.220222,27.646235,1.0,0,1.0,1,0,3,3,175,209.0,0,6,0.0,1,0.0,Kurdistan Workers' Party (PKK)
61256,0,95,10,331,256,31.98958,44.923775,1.0,1,1.0,1,0,2,3,20,95.0,0,5,1.0,0,0.0,Muslim extremists
18894,0,45,3,359,2512,8.638953,-72.918372,1.0,0,0.0,1,0,3,21,3164,45.0,0,6,0.0,1,0.0,National Liberation Army of Colombia (ELN)
57615,0,95,10,38,250,35.45211,44.375465,1.0,0,1.0,1,1,5,1,2038,95.0,0,6,3.0,-9,1.0,Islamic State of Iraq and the Levant (ISIL)
11371,0,145,2,452,2962,14.74189,-83.9717,1.0,0,0.0,1,0,2,4,1762,145.0,0,5,30.0,1,0.0,Nicaraguan Democratic Force (FDN)
79684,0,147,11,166,1400,6.820111,9.523894,2.0,0,0.0,1,0,2,14,1932,147.0,0,5,8.0,0,0.0,Fulani extremists
79426,0,153,6,427,3811,34.109802,71.171071,2.0,1,0.0,1,0,2,4,2901,153.0,0,5,8.0,0,0.0,Tehrik-i-Taliban Pakistan (TTP)
67252,0,92,6,127,819,18.391012,81.656929,1.0,0,0.0,1,0,7,19,2927,92.0,0,8,0.0,1,0.0,Maoists
50563,0,92,6,126,834,22.672439,85.072696,1.0,0,0.0,1,0,1,14,1356,92.0,0,5,1.0,0,1.0,Communist Party of India - Maoist (CPI-Maoist)
49859,1,92,6,126,780,24.204235,84.870937,3.0,0,0.0,1,0,6,14,1301,92.0,0,9,2.0,0,1.0,Communist Party of India - Maoist (CPI-Maoist)
33170,0,159,3,277,2118,-11.967368,-76.978462,1.0,0,0.0,1,0,1,14,4182,159.0,0,5,1.0,0,0.0,Shining Path (SL)
15216,0,61,2,156,1231,13.682638,-88.926466,1.0,0,1.0,1,0,3,21,1107,61.0,0,6,1.0,1,0.0,Farabundo Marti National Liberation Front (FMLN)
25891,0,97,10,458,3043,31.771599,35.2034,1.0,0,0.0,1,0,3,4,562,97.0,0,6,0.0,1,0.0,Palestinians
19279,0,186,6,215,2060,7.362095,81.803617,1.0,0,0.0,1,0,6,2,2579,186.0,0,5,0.0,0,1.0,Liberation Tigers of Tamil Eelam (LTTE)
61591,0,160,5,386,2771,8.510029,125.967587,1.0,0,0.0,1,0,1,14,3439,160.0,0,5,1.0,-9,0.0,New People's Army (NPA)
14085,0,603,8,190,1662,54.22641,-7.649053,1.0,0,0.0,1,0,3,3,2202,233.0,0,6,1.0,1,0.0,Irish Republican Army (IRA)
81051,1,147,11,176,1344,6.751852,4.877997,1.0,0,0.0,1,0,6,2,1919,147.0,0,5,1.0,0,1.0,Fulani extremists
70194,0,92,6,127,831,20.200434,81.072956,3.0,0,0.0,0,0,3,4,48,92.0,0,6,0.0,0,0.0,Maoists
63787,0,147,11,167,1433,8.449676,8.702425,1.0,0,1.0,1,0,7,14,27,147.0,0,8,1.0,1,0.0,Fulani extremists
9871,0,110,10,463,3084,33.855009,35.58621,1.0,0,0.0,1,0,3,4,3716,97.0,0,6,0.0,1,0.0,Palestinians
50204,0,104,11,85,471,-1.28518,36.821107,1.0,0,0.0,1,0,3,14,13,104.0,0,6,2.0,1,0.0,Al-Shabaab
16955,0,183,11,19,135,-26.252697,27.870275,1.0,0,0.0,0,0,1,2,390,183.0,0,6,0.0,0,0.0,African National Congress (South Africa)
63209,1,147,11,118,1276,9.516667,8.7,2.0,0,1.0,1,0,2,14,27,147.0,0,5,1.0,1,-9.0,Fulani extremists
38316,0,186,6,261,1999,8.757816,80.487907,1.0,0,0.0,1,1,3,4,2599,186.0,0,6,2.0,1,0.0,Liberation Tigers of Tamil Eelam (LTTE)
61767,0,214,9,145,1108,48.180462,37.468792,1.0,0,0.0,1,0,3,4,20,214.0,0,6,0.0,0,0.0,Donetsk People's Republic
53191,0,95,10,34,249,33.74324,44.623825,1.0,0,1.0,1,0,3,14,13,95.0,0,6,0.0,0,0.0,Al-Qaida in Iraq
12512,0,183,11,19,155,-26.252697,27.870275,1.0,0,0.0,1,0,2,14,317,183.0,0,8,0.0,1,0.0,African National Congress (South Africa)
55377,0,147,11,108,674,11.526846,13.69271,1.0,0,1.0,1,0,2,3,672,147.0,0,5,18.0,1,0.0,Boko Haram
6000,0,603,8,49,1609,51.504387,-0.140041,1.0,0,0.0,0,0,1,1,2061,216.0,0,6,0.0,0,0.0,Irish Republican Army (IRA)
43503,0,45,3,359,3146,8.21121,-73.23843,1.0,0,0.0,1,0,3,3,3866,45.0,0,6,5.0,0,0.0,Revolutionary Armed Forces of Colombia (FARC)
33014,0,159,3,277,2118,-11.967368,-76.978462,1.0,0,0.0,1,0,3,1,2720,159.0,0,6,0.0,1,0.0,Shining Path (SL)
17339,0,145,2,440,2872,11.966667,-85.166667,1.0,0,0.0,1,0,2,4,1762,145.0,0,5,7.0,1,0.0,Nicaraguan Democratic Force (FDN)
59086,0,4,6,522,3616,34.468208,62.185609,3.0,0,0.0,1,0,1,2,4488,4.0,0,5,2.0,0,0.0,Taliban
29776,0,92,6,133,3443,19.075984,72.877656,1.0,0,0.0,0,0,3,20,1641,92.0,0,6,0.0,1,0.0,Sikh Extremists
35831,0,45,3,362,24,6.2675,-75.568611,4.0,0,1.0,1,0,3,21,2777,45.0,0,6,0.0,1,0.0,National Liberation Army of Colombia (ELN)
82422,0,92,6,127,2161,19.362415,81.181007,1.0,0,0.0,1,0,3,3,12,92.0,0,6,0.0,-9,0.0,Maoists
70871,0,228,10,60,350,13.586484,44.024105,1.0,0,1.0,1,0,3,1,542,228.0,0,6,3.0,1,0.0,Houthi extremists (Ansar Allah)
30821,0,98,8,100,544,45.469212,9.174508,1.0,0,0.0,0,0,3,1,1062,69.0,0,6,0.0,1,0.0,Basque Fatherland and Freedom (ETA)
52372,0,45,3,361,3201,1.246,-78.11531,1.0,1,0.0,1,0,2,19,56,45.0,0,5,4.0,1,0.0,Revolutionary Armed Forces of Colombia (FARC)
49195,0,153,6,352,3782,35.202293,71.873006,1.0,1,0.0,0,0,1,2,4646,153.0,0,5,1.0,1,0.0,Tehrik-i-Taliban Pakistan (TTP)
27540,0,159,3,277,2118,-11.967368,-76.978462,1.0,0,1.0,1,0,3,1,765,159.0,0,6,0.0,1,0.0,Tupac Amaru Revolutionary Movement (MRTA)
51505,1,4,6,523,3640,36.694386,71.145233,1.0,0,0.0,1,0,6,3,85,4.0,0,5,3.0,1,1.0,Taliban
67060,0,214,9,145,1071,48.143208,37.753361,1.0,1,0.0,1,0,2,4,48,214.0,0,6,0.0,1,0.0,Donetsk People's Republic
65499,0,4,6,321,3649,34.231285,70.157865,2.0,0,0.0,1,0,2,3,92,4.0,0,5,1.0,1,0.0,Taliban
70045,0,182,11,65,431,2.71581,44.511845,1.0,0,1.0,1,0,2,4,577,422.0,0,6,0.0,-9,0.0,Al-Shabaab
77155,0,92,6,126,2152,23.047112,84.541155,2.0,0,1.0,1,0,6,14,2864,92.0,0,5,1.0,0,1.0,Maoists
49944,0,92,6,133,902,21.110152,78.753643,1.0,0,0.0,1,0,2,12,1432,92.0,0,5,0.0,1,0.0,Communist Party of India - Maoist (CPI-Maoist)
47100,0,92,6,128,818,22.865428,86.942807,1.0,0,0.0,1,0,2,14,1396,92.0,0,5,1.0,0,0.0,Communist Party of India - Maoist (CPI-Maoist)
12322,0,43,3,271,2106,-33.366238,-70.505302,1.0,0,0.0,1,0,3,21,2745,43.0,0,6,1.0,1,0.0,Manuel Rodriguez Patriotic Front (FPMR)
49608,0,92,6,127,806,19.723535,81.242411,1.0,0,0.0,1,0,2,20,1448,92.0,0,5,0.0,-9,0.0,Communist Party of India - Maoist (CPI-Maoist)
18216,0,159,3,277,2118,-11.967368,-76.978462,1.0,0,0.0,1,0,3,7,2845,217.0,0,6,0.0,1,0.0,Tupac Amaru Revolutionary Movement (MRTA)
71495,0,153,6,352,3794,34.062465,72.476053,1.0,0,1.0,1,0,1,7,4635,422.0,0,5,1.0,-9,0.0,Tehrik-i-Taliban Pakistan (TTP)
24316,0,185,8,99,560,39.470239,-0.376805,1.0,0,0.0,0,0,1,4,1036,185.0,0,6,0.0,0,0.0,Basque Fatherland and Freedom (ETA)
64841,0,228,10,58,337,13.063399,44.880882,1.0,0,0.0,1,0,2,2,756,228.0,0,5,0.0,0,0.0,Al-Qaida in the Arabian Peninsula (AQAP)
51723,0,95,10,33,247,33.303566,44.371773,1.0,0,1.0,1,0,3,3,534,95.0,0,6,2.0,-9,0.0,Al-Qaida in Iraq
71047,0,4,6,511,3543,33.791877,69.911399,3.0,0,1.0,1,0,2,3,2901,4.0,0,5,16.0,0,0.0,Taliban
40361,0,160,5,4,15,6.929089,122.07885,1.0,0,0.0,1,0,3,15,62,160.0,0,6,0.0,1,0.0,Abu Sayyaf Group (ASG)
56893,1,160,5,5,2670,7.188989,125.456432,2.0,0,0.0,1,0,6,14,3353,160.0,0,5,1.0,0,1.0,New People's Army (NPA)
64000,0,123,11,168,2355,16.266667,-0.05,1.0,0,0.0,1,0,2,1,180,123.0,0,5,1.0,-9,0.0,Muslim extremists
20961,0,61,2,158,1201,13.344322,-88.437463,1.0,0,1.0,1,0,3,1,1846,61.0,0,6,0.0,1,0.0,Farabundo Marti National Liberation Front (FMLN)
80471,0,92,6,126,859,23.80224,85.74643,1.0,1,0.0,1,0,3,19,1381,92.0,0,6,0.0,0,0.0,Communist Party of India - Maoist (CPI-Maoist)
67291,0,4,6,319,3584,33.335258,69.928467,1.0,0,1.0,1,0,3,3,559,4.0,0,6,0.0,-9,0.0,Taliban
76699,0,209,10,225,1898,37.338778,40.269049,1.0,1,0.0,1,0,3,4,162,209.0,0,6,5.0,1,0.0,Kurdistan Workers' Party (PKK)
61385,0,182,11,68,404,2.059819,45.326115,1.0,0,0.0,1,0,2,2,905,182.0,0,5,2.0,0,0.0,Al-Shabaab
72989,0,228,10,60,350,13.586484,44.024105,1.0,0,1.0,1,0,3,14,925,228.0,0,6,1.0,1,0.0,Houthi extremists (Ansar Allah)
19042,0,61,2,149,1150,13.69288,-89.199161,1.0,0,0.0,1,0,3,1,1784,61.0,0,6,0.0,1,0.0,Farabundo Marti National Liberation Front (FMLN)
45949,0,153,6,534,3731,34.006004,71.53743,1.0,1,0.0,1,0,3,21,4656,153.0,0,6,0.0,1,0.0,Tehrik-i-Taliban Pakistan (TTP)
51821,0,228,10,50,326,15.941039,48.780092,1.0,0,0.0,1,0,2,1,52,69.0,0,5,2.0,1,0.0,Al-Qaida in the Arabian Peninsula (AQAP)
63684,0,147,11,167,1285,8.547469,7.7118,4.0,0,1.0,1,0,2,14,27,147.0,0,5,2.0,1,0.0,Fulani extremists
62657,0,147,11,172,1336,12.166918,6.674397,2.0,0,1.0,1,0,6,14,27,147.0,0,5,2.0,1,1.0,Fulani extremists
67253,0,92,6,126,2258,23.907766,85.513586,1.0,0,0.0,1,0,7,1,2939,92.0,0,5,0.0,1,0.0,Maoists
15065,0,159,3,277,2118,-11.967368,-76.978462,1.0,0,0.0,1,0,3,1,1604,159.0,0,6,1.0,1,0.0,Tupac Amaru Revolutionary Movement (MRTA)
51275,0,228,10,54,319,14.536389,46.833056,1.0,0,0.0,1,0,2,4,20,228.0,0,5,1.0,0,0.0,Al-Qaida in the Arabian Peninsula (AQAP)
48971,0,92,6,129,930,21.814946,84.959777,1.0,0,0.0,1,0,3,1,1465,92.0,0,6,5.0,0,0.0,Communist Party of India - Maoist (CPI-Maoist)
75288,0,200,10,200,1763,36.528557,37.954094,1.0,0,0.0,1,0,2,14,1213,200.0,0,6,1.0,0,0.0,Islamic State of Iraq and the Levant (ISIL)
15457,0,145,2,445,2915,13.27624,-86.87844,1.0,0,0.0,1,0,2,4,1762,145.0,0,5,1.0,1,0.0,Nicaraguan Democratic Force (FDN)
60648,0,147,11,112,1284,9.998184,7.956361,1.0,0,1.0,1,0,2,2,1913,147.0,0,5,2.0,1,0.0,Fulani extremists
25845,0,209,10,225,1809,37.306944,41.178056,1.0,1,0.0,1,0,3,4,559,209.0,0,6,13.0,1,0.0,Kurdistan Workers' Party (PKK)
29051,0,69,8,135,1017,41.772597,8.771765,1.0,0,0.0,1,0,3,1,1563,69.0,0,6,0.0,1,0.0,Corsican National Liberation Front (FLNC)
46711,0,92,6,128,885,22.585272,87.049698,1.0,0,0.0,1,0,3,3,1417,92.0,0,6,0.0,-9,0.0,Communist Party of India - Maoist (CPI-Maoist)
49548,0,153,6,427,3793,34.866207,71.526382,1.0,0,0.0,1,1,3,14,4633,153.0,0,6,6.0,1,0.0,Tehrik-i-Taliban Pakistan (TTP)
26735,0,45,3,359,24,7.946283,-72.898807,4.0,0,0.0,1,0,3,19,3949,45.0,0,6,0.0,1,0.0,Revolutionary Armed Forces of Colombia (FARC)
27614,0,159,3,277,2118,-11.967368,-76.978462,1.0,0,0.0,1,0,3,2,4830,159.0,0,6,0.0,1,0.0,Tupac Amaru Revolutionary Movement (MRTA)
56524,0,4,6,514,3541,31.60063,64.369652,1.0,0,0.0,1,1,3,3,4476,4.0,0,6,2.0,1,0.0,Taliban
15460,0,145,2,449,2954,12.05,-84.26667,1.0,0,0.0,1,0,2,4,1762,145.0,0,5,1.0,1,0.0,Nicaraguan Democratic Force (FDN)
33672,0,75,8,247,1874,53.074981,8.807081,1.0,0,0.0,1,0,7,1,2406,209.0,0,8,0.0,1,0.0,Kurdistan Workers' Party (PKK)
37509,0,186,6,215,1969,7.733107,81.68882,1.0,0,0.0,1,0,3,3,2572,186.0,0,6,1.0,1,0.0,Liberation Tigers of Tamil Eelam (LTTE)
7925,0,61,2,157,1165,13.949826,-88.146348,1.0,0,0.0,1,0,2,4,116,61.0,0,5,1.0,1,0.0,Farabundo Marti National Liberation Front (FMLN)
62835,0,209,10,222,1839,37.331264,42.181782,3.0,0,1.0,1,0,7,8,51,209.0,0,8,0.0,1,0.0,Kurdistan Workers' Party (PKK)
7874,0,603,8,190,1644,54.42071,-6.443767,1.0,0,0.0,1,0,3,4,2210,216.0,0,6,1.0,1,0.0,Irish Republican Army (IRA)
69410,0,153,6,352,3826,34.830162,71.842781,1.0,0,0.0,1,0,1,17,4679,153.0,0,6,1.0,0,0.0,Tehrik-i-Taliban Pakistan (TTP)
46888,0,147,11,108,616,11.840929,13.141459,1.0,0,1.0,1,0,7,2,1270,147.0,0,8,0.0,1,0.0,Boko Haram
9351,0,61,2,154,24,13.864829,-88.7494,4.0,0,0.0,1,0,2,4,1762,61.0,0,5,76.0,1,0.0,Farabundo Marti National Liberation Front (FMLN)
16958,0,159,3,277,2118,-11.967368,-76.978462,1.0,0,0.0,1,0,3,3,2184,159.0,0,6,0.0,1,0.0,Shining Path (SL)
52517,0,182,11,69,405,4.120602,43.890526,1.0,1,0.0,1,0,2,4,228,65.0,0,5,11.0,1,0.0,Al-Shabaab
55747,0,95,10,37,254,36.354145,43.14357,1.0,1,1.0,1,0,2,3,85,95.0,0,5,4.0,0,0.0,Islamic State of Iraq and the Levant (ISIL)
80169,0,160,5,403,2684,16.983334,122.01667,1.0,0,0.0,0,0,2,4,55,160.0,0,5,0.0,0,0.0,New People's Army (NPA)
76826,0,123,11,298,24,16.77532,-3.008265,4.0,0,0.0,1,0,2,4,497,123.0,0,5,1.0,0,0.0,Muslim extremists
60265,0,228,10,50,347,14.762732,49.605728,1.0,0,0.0,1,0,2,4,12,228.0,0,5,2.0,0,0.0,Al-Qaida in the Arabian Peninsula (AQAP)
74698,0,147,11,112,1380,9.401389,8.316275,2.0,0,0.0,1,0,2,14,27,147.0,0,5,2.0,1,0.0,Fulani extremists
65963,0,214,9,145,1083,47.097279,37.59901,1.0,0,0.0,1,0,3,4,48,214.0,0,6,0.0,-9,0.0,Donetsk People's Republic
30663,0,209,10,244,24,41.115547,42.789392,4.0,0,0.0,1,0,1,2,2392,209.0,0,5,2.0,0,0.0,Kurdistan Workers' Party (PKK)
5253,0,69,8,136,131,48.856644,2.34233,1.0,0,0.0,1,0,7,1,1634,69.0,0,8,0.0,1,0.0,Corsican National Liberation Front (FLNC)
35848,0,185,8,86,515,43.291618,-1.977903,1.0,0,1.0,1,0,3,2,1111,185.0,0,6,0.0,1,0.0,Basque Fatherland and Freedom (ETA)
16512,0,183,11,21,159,-25.785669,31.051162,1.0,1,0.0,1,0,3,3,301,183.0,0,6,0.0,1,0.0,African National Congress (South Africa)
72073,0,182,11,83,456,4.649988,46.544292,2.0,0,1.0,1,0,2,14,864,182.0,0,5,1.0,0,0.0,Al-Shabaab
32576,0,209,10,222,24,37.422746,42.492326,4.0,0,0.0,1,0,2,4,1788,209.0,0,5,12.0,1,0.0,Kurdistan Workers' Party (PKK)
61227,0,228,10,55,24,14.358866,45.449806,4.0,0,0.0,1,0,2,2,647,228.0,0,6,2.0,1,0.0,Al-Qaida in the Arabian Peninsula (AQAP)
6392,0,97,10,458,3043,31.771599,35.2034,1.0,0,0.0,0,0,3,14,3655,97.0,0,6,0.0,0,0.0,Palestinians
82653,0,45,3,360,2554,5.695265,-76.64748,1.0,1,0.0,1,0,7,14,722,45.0,0,8,0.0,1,0.0,National Liberation Army of Colombia (ELN)
36692,0,159,3,277,2118,-11.967368,-76.978462,1.0,0,1.0,1,0,3,1,560,159.0,0,6,0.0,1,0.0,Shining Path (SL)
42929,0,160,5,419,2740,8.861963,124.78942,1.0,0,0.0,1,0,7,19,3415,160.0,0,8,0.0,1,0.0,New People's Army (NPA)
32077,0,155,10,456,3039,32.222271,35.253506,1.0,0,0.0,1,0,2,4,12,97.0,0,5,0.0,1,0.0,Palestinians
50973,0,92,6,126,2147,23.846121,84.816828,1.0,0,0.0,1,0,3,3,563,92.0,0,6,3.0,1,0.0,Maoists
53714,0,92,6,125,2204,25.156571,84.421409,1.0,1,0.0,0,0,3,3,85,92.0,0,6,0.0,0,0.0,Maoists
16472,0,45,3,363,2492,4.667128,-74.106056,1.0,0,0.0,1,0,3,21,3177,45.0,0,6,0.0,1,0.0,National Liberation Army of Colombia (ELN)
54124,0,95,10,42,264,32.469238,44.416637,1.0,0,1.0,1,0,3,15,584,95.0,0,6,1.0,-9,0.0,Al-Qaida in Iraq
76865,0,147,11,108,631,11.083983,13.693092,1.0,0,0.0,1,1,3,4,48,147.0,0,6,3.0,0,0.0,Boko Haram
48570,0,95,10,41,261,32.533287,45.829453,1.0,0,0.0,0,1,3,1,580,95.0,0,6,0.0,-9,0.0,Al-Qaida in Iraq
58064,0,95,10,32,269,33.403057,43.911865,1.0,0,1.0,1,0,3,14,818,95.0,0,6,1.0,1,0.0,Islamic State of Iraq and the Levant (ISIL)
12788,0,145,2,437,2873,13.62679,-85.8254,1.0,0,0.0,1,0,2,4,1762,145.0,0,5,93.0,1,0.0,Nicaraguan Democratic Force (FDN)
79880,0,4,6,524,3674,33.286335,68.457687,1.0,0,0.0,1,0,3,4,4445,4.0,0,6,4.0,1,0.0,Taliban
80163,0,95,10,38,250,35.45211,44.375465,1.0,0,0.0,1,1,3,4,2288,95.0,0,6,7.0,-9,0.0,Islamic State of Iraq and the Levant (ISIL)
49272,0,153,6,352,3812,34.416681,71.92459,1.0,0,0.0,1,1,3,4,4657,153.0,0,6,32.0,1,0.0,Tehrik-i-Taliban Pakistan (TTP)
58873,0,147,11,118,1399,9.56679,8.716831,1.0,0,1.0,1,0,2,14,27,147.0,0,5,4.0,1,0.0,Fulani extremists
78713,0,160,5,412,2707,9.452928,125.574473,2.0,0,1.0,1,0,2,4,48,160.0,0,5,0.0,1,0.0,New People's Army (NPA)
30571,0,183,11,19,135,-26.252697,27.870275,1.0,0,0.0,1,0,2,1,264,183.0,0,5,5.0,1,0.0,African National Congress (South Africa)
21586,0,61,2,149,1150,13.69288,-89.199161,1.0,0,1.0,1,0,3,21,1107,61.0,0,6,0.0,1,0.0,Farabundo Marti National Liberation Front (FMLN)
66176,0,214,9,145,1069,47.098835,37.81987,1.0,0,0.0,1,0,2,4,48,214.0,0,6,0.0,0,0.0,Donetsk People's Republic
53395,0,95,10,41,261,32.533287,45.829453,1.0,0,1.0,1,1,3,3,20,95.0,0,6,6.0,1,0.0,Al-Qaida in Iraq
34473,0,75,8,193,1845,51.482917,7.211808,1.0,0,0.0,1,0,7,1,2378,209.0,0,8,0.0,1,0.0,Kurdistan Workers' Party (PKK)
52797,0,160,5,5,23,7.190952,125.461578,1.0,0,0.0,1,0,3,4,3362,160.0,0,6,1.0,0,0.0,New People's Army (NPA)
77075,0,173,10,184,1566,16.764359,43.252999,2.0,0,0.0,1,0,3,4,172,173.0,0,6,0.0,-9,0.0,Houthi extremists (Ansar Allah)
64709,0,182,11,69,405,4.120602,43.890526,1.0,1,0.0,1,0,2,19,809,182.0,0,5,5.0,1,0.0,Al-Shabaab
53662,0,95,10,36,262,34.881348,44.62513,1.0,0,0.0,1,0,3,15,500,95.0,0,6,0.0,0,0.0,Al-Qaida in Iraq
41532,0,141,6,260,2240,27.626424,83.378939,3.0,0,0.0,1,0,7,19,2926,141.0,0,8,0.0,1,0.0,Maoists
54666,0,160,5,13,2764,8.345058,124.976724,1.0,0,1.0,1,0,7,1,1224,160.0,0,8,0.0,1,0.0,New People's Army (NPA)
43215,0,209,10,231,1862,38.888447,40.501144,1.0,0,0.0,1,0,3,19,2394,92.0,0,6,0.0,1,0.0,Kurdistan Workers' Party (PKK)
26117,0,155,10,456,3039,32.222271,35.253506,1.0,0,0.0,1,0,1,14,3731,155.0,0,5,0.0,0,0.0,Palestinians
11761,0,145,2,445,1214,12.481654,-87.173207,1.0,0,0.0,1,0,3,11,3592,156.0,0,6,1.0,1,0.0,Nicaraguan Democratic Force (FDN)
46320,0,92,6,126,827,24.080548,85.486537,1.0,0,1.0,1,0,3,14,1349,92.0,0,6,0.0,1,0.0,Communist Party of India - Maoist (CPI-Maoist)
79359,0,95,10,37,285,36.289417,42.411853,1.0,1,0.0,0,1,3,6,355,95.0,0,6,18.0,0,0.0,Islamic State of Iraq and the Levant (ISIL)
59629,0,214,9,145,1124,48.046528,38.606785,1.0,0,0.0,1,0,8,10,1737,214.0,0,9,0.0,0,0.0,Donetsk People's Republic
64831,0,214,9,145,1077,47.313381,37.805458,1.0,0,0.0,1,0,2,4,48,214.0,0,6,0.0,-9,0.0,Donetsk People's Republic
11266,0,183,11,19,136,-26.184113,28.033232,1.0,0,0.0,1,0,3,2,366,183.0,0,6,0.0,1,0.0,African National Congress (South Africa)
72749,0,209,10,222,1811,37.222085,42.498922,1.0,0,0.0,1,0,3,3,559,209.0,0,6,1.0,1,0.0,Kurdistan Workers' Party (PKK)
62845,0,147,11,112,1283,10.470701,7.779848,2.0,0,1.0,1,0,2,14,27,147.0,0,5,30.0,1,0.0,Fulani extremists
75831,0,160,5,1,78,6.064029,121.159058,1.0,0,0.0,1,0,2,4,48,160.0,0,5,2.0,1,0.0,Abu Sayyaf Group (ASG)
69993,0,167,9,302,2376,42.855556,47.187222,1.0,0,0.0,1,0,2,15,3040,167.0,0,5,1.0,0,0.0,Muslim extremists
63473,0,228,10,47,308,13.966953,44.002258,1.0,0,1.0,1,0,2,3,524,228.0,0,5,2.0,1,0.0,Al-Qaida in the Arabian Peninsula (AQAP)
8391,0,185,8,86,559,43.353607,-2.907457,1.0,0,0.0,1,0,1,3,1034,185.0,0,5,1.0,0,0.0,Basque Fatherland and Freedom (ETA)
51716,0,95,10,34,253,33.593056,44.501111,1.0,0,1.0,1,0,3,14,13,95.0,0,6,0.0,1,0.0,Al-Qaida in Iraq
32358,0,185,8,94,531,42.815372,-1.653616,1.0,0,1.0,1,0,3,1,765,185.0,0,6,0.0,1,0.0,Basque Fatherland and Freedom (ETA)
53785,0,4,6,514,3558,32.363889,64.781443,3.0,0,0.0,1,0,3,14,13,4.0,0,6,10.0,1,0.0,Taliban
11470,0,159,3,477,3284,-13.152712,-74.218628,1.0,0,0.0,1,0,1,14,4086,159.0,0,5,1.0,0,0.0,Shining Path (SL)
18979,0,43,3,270,2108,-33.024705,-71.552216,2.0,0,1.0,1,0,3,21,2693,43.0,0,6,0.0,1,0.0,Manuel Rodriguez Patriotic Front (FPMR)
52097,0,153,6,352,3751,32.41304,70.46611,1.0,0,1.0,1,0,2,3,4584,153.0,0,6,2.0,1,0.0,Tehrik-i-Taliban Pakistan (TTP)
7932,0,97,10,266,3106,31.951466,34.887821,1.0,0,0.0,1,0,3,4,3785,97.0,0,6,0.0,1,0.0,Palestinians
63475,0,228,10,47,308,13.966953,44.002258,1.0,0,1.0,1,0,7,2,330,228.0,0,8,1.0,1,0.0,Al-Qaida in the Arabian Peninsula (AQAP)
9680,0,61,2,157,1229,13.851327,-88.156206,1.0,0,0.0,1,0,2,14,205,61.0,0,5,1.0,1,0.0,Farabundo Marti National Liberation Front (FMLN)
17444,0,185,8,101,548,41.400635,2.150913,1.0,0,0.0,1,0,3,1,765,216.0,0,6,0.0,1,0.0,Basque Fatherland and Freedom (ETA)
11287,0,145,2,437,2950,13.853697,-85.593154,3.0,1,0.0,1,0,2,1,3572,145.0,0,5,47.0,1,0.0,Nicaraguan Democratic Force (FDN)
15750,0,45,3,366,2500,7.116294,-73.120026,1.0,0,0.0,1,0,3,2,3203,45.0,0,6,0.0,1,0.0,National Liberation Army of Colombia (ELN)
25466,0,43,3,271,2106,-33.366238,-70.505302,1.0,0,0.0,1,0,3,1,560,43.0,0,6,0.0,1,0.0,Manuel Rodriguez Patriotic Front (FPMR)
15408,0,92,6,337,24,31.147131,75.341218,4.0,0,0.0,1,0,2,14,4293,92.0,0,5,8.0,1,0.0,Sikh Extremists
69230,0,4,6,518,3576,35.761476,68.9166,2.0,0,1.0,1,0,7,15,215,4.0,0,8,0.0,1,0.0,Taliban
52682,0,95,10,34,280,33.784248,44.50972,1.0,0,1.0,1,0,3,19,56,95.0,0,6,3.0,1,0.0,Al-Qaida in Iraq
5380,0,97,10,458,3043,31.771599,35.2034,1.0,0,0.0,0,0,3,14,285,97.0,0,6,0.0,1,0.0,Palestinians
51123,0,95,10,34,249,33.74324,44.623825,1.0,0,1.0,1,0,3,14,13,95.0,0,6,3.0,1,0.0,Al-Qaida in Iraq
55284,0,4,6,321,3620,34.328694,70.407547,3.0,0,0.0,1,0,3,4,162,422.0,0,6,4.0,1,0.0,Taliban
30703,0,98,8,100,544,45.469212,9.174508,1.0,0,0.0,1,0,3,1,1004,185.0,0,6,0.0,1,0.0,Basque Fatherland and Freedom (ETA)
69050,0,209,10,232,1889,37.849762,40.668495,3.0,0,0.0,1,0,3,3,175,209.0,0,6,0.0,1,0.0,Kurdistan Workers' Party (PKK)
70183,0,92,6,127,2277,21.035972,82.100681,1.0,0,0.0,1,0,7,1,2955,92.0,0,8,0.0,1,0.0,Maoists
27542,0,159,3,277,2118,-11.967368,-76.978462,1.0,0,1.0,1,0,3,1,765,159.0,0,6,0.0,1,0.0,Tupac Amaru Revolutionary Movement (MRTA)
64048,0,214,9,145,1100,48.240883,38.525669,1.0,1,0.0,1,0,2,4,1724,214.0,0,6,1.0,-9,0.0,Donetsk People's Republic
15240,0,159,3,277,3325,-12.38394,-76.136119,1.0,0,0.0,1,0,3,19,4114,159.0,0,6,0.0,1,0.0,Shining Path (SL)
49412,0,153,6,352,682,33.915234,71.458679,1.0,1,0.0,1,0,3,19,4638,153.0,0,6,0.0,1,0.0,Tehrik-i-Taliban Pakistan (TTP)
55375,0,153,6,352,3790,35.038889,71.788889,1.0,0,0.0,1,0,3,22,4628,153.0,0,6,6.0,0,0.0,Tehrik-i-Taliban Pakistan (TTP)
83070,0,95,10,36,1728,34.030712,44.063866,1.0,0,1.0,1,0,3,4,12,95.0,0,6,0.0,-9,0.0,Islamic State of Iraq and the Levant (ISIL)
7407,0,97,10,325,3075,32.143792,35.496129,1.0,0,0.0,1,0,3,1,3696,97.0,0,6,1.0,1,0.0,Palestinians
41813,0,160,5,9,40,6.11622,125.169395,1.0,0,1.0,1,0,3,1,6,160.0,0,6,5.0,1,0.0,Abu Sayyaf Group (ASG)
80687,0,95,10,37,254,36.354145,43.14357,1.0,0,0.0,1,1,3,4,48,95.0,0,6,13.0,1,0.0,Islamic State of Iraq and the Levant (ISIL)
57672,0,228,10,50,24,16.930414,49.365315,4.0,0,0.0,1,0,2,4,48,228.0,0,5,2.0,1,0.0,Al-Qaida in the Arabian Peninsula (AQAP)
45904,0,160,5,1,30,6.066693,121.100042,1.0,0,0.0,1,0,7,8,38,160.0,0,8,0.0,1,0.0,Abu Sayyaf Group (ASG)
11257,0,183,11,18,137,-29.861824,31.008293,1.0,0,0.0,1,0,3,14,405,183.0,0,6,0.0,1,0.0,African National Congress (South Africa)
4963,0,69,8,136,131,48.856644,2.34233,1.0,0,1.0,1,0,3,1,765,69.0,0,6,1.0,1,0.0,Corsican National Liberation Front (FLNC)
73961,0,92,6,126,853,22.650028,86.360299,1.0,0,0.0,1,0,3,3,1375,92.0,0,6,0.0,1,0.0,Communist Party of India - Maoist (CPI-Maoist)
13725,0,145,2,442,2862,12.538409,-85.573921,3.0,0,0.0,1,0,2,4,3158,145.0,0,5,9.0,1,0.0,Nicaraguan Democratic Force (FDN)
30670,0,159,3,490,3346,-5.707626,-78.809843,1.0,0,0.0,1,0,3,14,4808,159.0,0,5,7.0,1,0.0,Tupac Amaru Revolutionary Movement (MRTA)
12254,0,183,11,23,185,-27.982989,26.719899,1.0,1,0.0,1,0,3,1,340,183.0,0,6,0.0,1,0.0,African National Congress (South Africa)
50233,0,104,11,79,444,0.349466,40.875992,1.0,1,0.0,1,0,2,4,858,104.0,0,5,1.0,-9,0.0,Al-Shabaab
62658,0,147,11,172,1319,12.166918,6.674397,1.0,0,1.0,1,0,6,14,27,147.0,0,5,2.0,1,1.0,Fulani extremists
26419,0,45,3,368,24,6.547306,-71.002231,4.0,0,0.0,1,0,2,3,562,45.0,0,5,0.0,1,0.0,Revolutionary Armed Forces of Colombia (FARC)
81760,1,147,11,112,1431,9.415875,7.378685,3.0,0,0.0,1,0,6,15,1939,147.0,0,5,0.0,0,1.0,Fulani extremists
63776,0,147,11,167,1328,8.699823,7.982974,2.0,0,1.0,1,0,2,14,27,147.0,0,5,2.0,1,0.0,Fulani extremists
27938,0,155,10,456,3057,32.405292,35.201729,1.0,1,0.0,1,0,2,19,3651,97.0,0,5,0.0,1,0.0,Palestinians
12515,0,145,2,451,2977,11.06667,-85.1,1.0,0,0.0,1,0,2,4,1762,145.0,0,5,21.0,1,0.0,Nicaraguan Democratic Force (FDN)
46578,0,153,6,534,3731,34.006004,71.53743,1.0,0,0.0,1,0,3,1,4686,153.0,0,6,0.0,1,0.0,Tehrik-i-Taliban Pakistan (TTP)
46066,0,153,6,427,2767,32.901089,69.749405,1.0,0,0.0,1,0,2,14,3435,160.0,0,5,1.0,0,0.0,New People's Army (NPA)
4606,0,185,8,86,505,43.178205,-2.31164,1.0,0,0.0,1,0,3,3,941,185.0,0,6,2.0,1,0.0,Basque Fatherland and Freedom (ETA)
12804,0,69,8,17,131,48.856644,2.34233,1.0,0,0.0,1,0,3,1,1606,69.0,0,6,0.0,1,0.0,Corsican National Liberation Front (FLNC)
28941,0,155,10,325,2354,31.278791,34.256435,1.0,0,0.0,0,0,1,14,3732,155.0,0,9,0.0,0,0.0,Palestinians
76416,0,153,6,468,3732,28.000466,68.728471,1.0,0,1.0,1,1,3,15,4585,153.0,0,6,1.0,-9,0.0,Tehrik-i-Taliban Pakistan (TTP)
54211,1,4,6,517,3592,35.612064,64.750701,2.0,0,0.0,1,0,6,12,4470,422.0,0,5,1.0,0,1.0,Taliban
25168,0,186,6,215,1983,7.414383,81.830633,1.0,0,0.0,1,0,2,4,2560,186.0,0,5,0.0,1,0.0,Liberation Tigers of Tamil Eelam (LTTE)
73263,0,147,11,166,1325,7.816253,7.948115,2.0,0,1.0,1,0,2,14,27,147.0,0,5,2.0,1,0.0,Fulani extremists
61576,0,214,9,145,1088,47.927954,37.371645,3.0,0,1.0,1,0,7,1,1711,214.0,0,5,1.0,1,0.0,Donetsk People's Republic
29073,0,209,10,238,1848,37.936623,42.547486,1.0,0,0.0,1,0,2,3,1068,209.0,0,5,0.0,1,0.0,Kurdistan Workers' Party (PKK)
14397,0,43,3,271,2106,-33.366238,-70.505302,1.0,0,0.0,1,0,3,1,2796,43.0,0,6,0.0,1,0.0,Manuel Rodriguez Patriotic Front (FPMR)
52089,0,92,6,130,2173,18.363526,81.895253,2.0,0,0.0,1,0,3,3,559,92.0,0,6,0.0,1,0.0,Maoists
82646,0,92,6,130,2273,18.088194,81.7043,2.0,0,0.0,1,0,6,14,2953,92.0,0,5,1.0,-9,1.0,Maoists
22570,0,159,3,277,2118,-11.967368,-76.978462,1.0,0,1.0,1,0,3,1,1584,159.0,0,6,0.0,1,0.0,Tupac Amaru Revolutionary Movement (MRTA)
44569,0,45,3,470,3189,0.53636,-76.5875,3.0,0,0.0,1,0,3,21,3916,45.0,0,6,0.0,-9,0.0,Revolutionary Armed Forces of Colombia (FARC)
74339,0,75,8,239,2395,48.047381,11.963047,1.0,0,0.0,1,0,2,14,13,75.0,1,9,1.0,0,0.0,Muslim extremists
53220,0,95,10,46,304,31.044371,46.261452,1.0,0,1.0,1,0,3,1,587,95.0,0,6,2.0,0,0.0,Al-Qaida in Iraq
57103,0,65,11,76,415,8.984457,38.807635,1.0,0,0.0,1,1,3,14,742,65.0,0,6,2.0,1,0.0,Al-Shabaab
48127,0,92,6,126,779,24.128611,84.185712,3.0,0,0.0,1,0,3,3,1300,92.0,0,6,1.0,-9,0.0,Communist Party of India - Maoist (CPI-Maoist)
81494,0,147,11,108,680,11.775833,13.0725,1.0,0,0.0,0,1,3,4,48,147.0,0,6,1.0,0,0.0,Boko Haram
30606,0,97,10,456,3061,32.246808,35.48904,1.0,0,0.0,0,0,1,14,3663,97.0,0,9,0.0,0,0.0,Palestinians
33155,0,45,3,362,2498,6.242026,-75.564766,1.0,0,1.0,1,0,3,1,3159,45.0,0,6,0.0,1,0.0,National Liberation Army of Colombia (ELN)
17920,0,183,11,19,189,-26.252697,27.870275,1.0,0,0.0,1,0,3,3,308,183.0,0,6,0.0,1,0.0,African National Congress (South Africa)
28731,0,92,6,337,3405,30.898024,75.860077,1.0,1,1.0,1,0,7,1,1088,92.0,0,8,0.0,1,0.0,Sikh Extremists
62910,0,4,6,517,3594,35.847119,65.23884,2.0,0,0.0,1,0,2,3,162,4.0,0,5,1.0,1,0.0,Taliban
46797,0,92,6,127,855,18.484547,80.752565,1.0,0,0.0,1,0,2,3,1377,92.0,0,9,2.0,0,0.0,Communist Party of India - Maoist (CPI-Maoist)
24737,0,209,10,225,1838,37.322219,40.728335,1.0,0,0.0,1,0,3,19,549,209.0,0,6,3.0,1,0.0,Kurdistan Workers' Party (PKK)
49722,0,45,3,366,2550,7.073165,-73.851015,1.0,1,0.0,1,0,4,19,3986,45.0,0,6,0.0,1,0.0,Revolutionary Armed Forces of Colombia (FARC)
32816,0,209,10,222,24,37.422746,42.492326,4.0,0,0.0,1,0,2,4,562,209.0,0,5,5.0,1,0.0,Kurdistan Workers' Party (PKK)
26702,0,45,3,383,24,3.27199,-73.087749,4.0,0,0.0,1,0,7,1,3899,45.0,0,8,0.0,1,0.0,Revolutionary Armed Forces of Colombia (FARC)
28672,0,61,2,155,1172,13.597728,-89.418532,1.0,0,0.0,1,0,2,14,1778,61.0,0,5,0.0,1,0.0,Farabundo Marti National Liberation Front (FMLN)
13012,0,61,2,151,1164,13.491242,-88.173134,1.0,0,0.0,1,0,2,4,1762,61.0,0,5,12.0,1,0.0,Farabundo Marti National Liberation Front (FMLN)
4623,0,603,8,49,1632,51.523072,0.592514,1.0,0,0.0,1,0,3,21,2112,216.0,0,6,0.0,1,0.0,Irish Republican Army (IRA)
73327,0,45,3,359,2511,8.506926,-73.447276,2.0,0,1.0,1,0,3,21,3187,45.0,0,6,0.0,1,0.0,National Liberation Army of Colombia (ELN)
40161,1,160,5,1,24,6.05519,121.001323,4.0,0,0.0,1,0,6,14,28,93.0,0,5,0.0,-9,1.0,Abu Sayyaf Group (ASG)
62490,0,214,9,145,1111,47.119068,38.066851,1.0,0,0.0,1,0,3,14,1213,214.0,0,6,0.0,-9,0.0,Donetsk People's Republic
24994,0,45,3,376,2580,2.85,-76.316667,2.0,0,0.0,1,0,2,4,3262,45.0,0,5,1.0,1,0.0,National Liberation Army of Colombia (ELN)
2535,0,603,8,190,1603,54.607712,-5.95621,1.0,0,0.0,1,0,1,14,2080,233.0,0,5,1.0,0,0.0,Irish Republican Army (IRA)
25965,0,159,3,277,2118,-11.967368,-76.978462,1.0,0,1.0,1,0,2,19,56,159.0,0,8,0.0,1,0.0,Shining Path (SL)
47982,0,4,6,526,3653,36.681449,69.114905,1.0,0,0.0,1,0,3,14,4513,4.0,0,6,1.0,0,0.0,Taliban
12359,0,43,3,271,2106,-33.366238,-70.505302,1.0,0,0.0,1,0,4,19,2754,43.0,0,5,1.0,1,1.0,Manuel Rodriguez Patriotic Front (FPMR)
75828,0,92,6,128,799,22.408769,87.373316,3.0,0,1.0,0,0,3,20,6,92.0,0,6,0.0,0,0.0,Maoists
35539,0,160,5,0,16,6.700414,121.972557,1.0,0,0.0,1,0,2,4,41,160.0,0,5,4.0,1,0.0,Abu Sayyaf Group (ASG)
36822,0,160,5,0,16,6.681959,121.985477,1.0,0,0.0,1,0,3,3,103,160.0,0,6,0.0,1,0.0,Abu Sayyaf Group (ASG)
75438,0,147,11,166,1392,7.350826,8.836276,4.0,0,1.0,1,0,2,14,13,147.0,0,5,1.0,-9,0.0,Fulani extremists
19135,0,92,6,337,3492,31.140927,76.314519,1.0,0,0.0,1,0,1,14,4364,92.0,0,5,4.0,0,0.0,Sikh Extremists
65163,0,123,11,294,2363,14.457087,-4.917815,1.0,0,0.0,1,0,2,4,20,123.0,0,5,6.0,0,0.0,Muslim extremists
20424,0,43,3,271,2106,-33.366238,-70.505302,1.0,0,1.0,1,0,3,21,2694,43.0,0,6,0.0,1,0.0,Manuel Rodriguez Patriotic Front (FPMR)
82554,0,95,10,32,1760,33.633896,42.832081,1.0,0,0.0,1,1,3,4,2321,95.0,0,6,2.0,0,0.0,Islamic State of Iraq and the Levant (ISIL)
6640,0,185,8,86,515,43.291618,-1.977903,1.0,0,0.0,1,0,3,3,1000,185.0,0,5,0.0,1,0.0,Basque Fatherland and Freedom (ETA)
67318,0,214,9,145,1069,47.098835,37.81987,1.0,1,1.0,1,0,2,4,48,214.0,0,6,0.0,-9,0.0,Donetsk People's Republic
41058,0,69,8,135,1015,42.104248,9.512429,1.0,0,0.0,1,0,3,14,1556,69.0,0,6,0.0,1,0.0,Corsican National Liberation Front (FLNC)
81994,0,60,10,290,2361,31.126646,33.800865,1.0,0,0.0,1,0,2,3,92,60.0,0,5,1.0,0,0.0,Muslim extremists
51133,0,95,10,33,247,33.303566,44.371773,1.0,0,1.0,1,0,3,14,13,95.0,0,6,2.0,-9,0.0,Al-Qaida in Iraq
17431,0,159,3,277,2118,-11.967368,-76.978462,1.0,0,1.0,1,0,3,1,1573,159.0,0,6,0.0,1,0.0,Tupac Amaru Revolutionary Movement (MRTA)
80773,0,209,10,230,1868,38.178403,41.495567,1.0,0,1.0,1,0,2,2,2398,209.0,0,5,1.0,1,0.0,Kurdistan Workers' Party (PKK)
7686,0,183,11,18,213,-29.81536,30.849844,1.0,0,0.0,1,0,3,2,397,183.0,0,6,0.0,1,0.0,African National Congress (South Africa)
81433,0,60,10,292,236,31.200092,29.918739,1.0,0,0.0,1,0,2,14,3065,60.0,0,9,0.0,0,0.0,Muslim extremists
65680,0,160,5,386,2672,8.050528,125.872222,1.0,1,0.0,1,0,2,3,12,160.0,0,5,2.0,0,0.0,New People's Army (NPA)
23290,1,159,3,277,2118,-11.967368,-76.978462,1.0,0,0.0,1,0,6,10,4780,159.0,0,5,1.0,0,1.0,Tupac Amaru Revolutionary Movement (MRTA)
4814,0,69,8,135,24,41.918891,8.737554,4.0,0,1.0,1,0,3,1,1088,69.0,0,6,0.0,1,0.0,Corsican National Liberation Front (FLNC)
33470,0,209,10,221,1891,39.363724,39.215531,1.0,1,0.0,1,0,3,4,2441,209.0,0,6,2.0,1,0.0,Kurdistan Workers' Party (PKK)
4173,0,185,8,95,571,43.362532,-1.791497,1.0,0,0.0,1,0,3,2,1071,185.0,0,6,0.0,1,0.0,Basque Fatherland and Freedom (ETA)
14935,0,145,2,446,2937,12.84803,-85.23751,1.0,0,0.0,1,0,2,4,1762,145.0,0,5,1.0,1,0.0,Nicaraguan Democratic Force (FDN)
44926,0,186,6,266,2028,7.323151,80.624843,1.0,0,0.0,1,0,3,19,2545,186.0,0,6,0.0,1,0.0,Liberation Tigers of Tamil Eelam (LTTE)
32083,0,45,3,359,2519,7.894195,-72.503885,1.0,0,1.0,0,0,3,20,3194,45.0,0,6,0.0,1,0.0,National Liberation Army of Colombia (ELN)
53980,0,182,11,80,450,10.9833,49.1667,1.0,0,1.0,1,0,3,4,48,182.0,0,6,10.0,1,0.0,Al-Shabaab
66380,0,160,5,0,85,6.700414,121.972557,1.0,0,0.0,1,0,6,14,170,160.0,0,5,0.0,0,1.0,Abu Sayyaf Group (ASG)
77377,0,45,3,368,2508,6.457094,-71.745515,1.0,1,0.0,1,0,2,14,1926,45.0,0,5,2.0,0,0.0,National Liberation Army of Colombia (ELN)
8386,0,69,8,137,1018,43.296482,5.36978,1.0,0,0.0,1,0,3,14,1588,69.0,0,6,0.0,1,0.0,Corsican National Liberation Front (FLNC)
61074,0,214,9,145,1068,47.981647,37.762325,1.0,0,0.0,1,0,2,4,1718,214.0,0,5,0.0,-9,0.0,Donetsk People's Republic
50680,0,95,10,33,247,33.303566,44.371773,1.0,0,0.0,1,0,3,14,13,95.0,0,6,3.0,1,0.0,Al-Qaida in Iraq
27025,0,603,8,49,1621,53.757729,-2.703441,1.0,0,0.0,0,0,7,19,2083,216.0,0,8,0.0,1,0.0,Irish Republican Army (IRA)
73917,0,228,10,51,1574,15.450918,45.019948,3.0,0,0.0,1,0,3,4,1981,228.0,0,6,0.0,-9,0.0,Houthi extremists (Ansar Allah)
30500,0,45,3,373,2565,11.698889,-72.612222,2.0,0,0.0,1,0,3,21,3222,45.0,0,6,0.0,1,0.0,National Liberation Army of Colombia (ELN)
65491,0,214,9,145,1068,47.981647,37.762325,1.0,0,0.0,1,0,3,19,1704,214.0,0,6,2.0,1,0.0,Donetsk People's Republic
49193,0,228,10,51,357,15.45639,45.324871,1.0,0,0.0,1,0,2,3,725,228.0,0,5,1.0,-9,0.0,Al-Qaida in the Arabian Peninsula (AQAP)
71464,0,37,11,117,683,11.917996,14.644405,1.0,0,1.0,1,1,3,1,1249,37.0,0,6,3.0,-9,0.0,Boko Haram
45757,1,153,6,427,3754,34.856902,71.429936,3.0,1,0.0,1,0,1,2,4630,153.0,0,6,9.0,1,1.0,Tehrik-i-Taliban Pakistan (TTP)
66505,0,113,10,342,2447,32.431385,13.638332,1.0,0,0.0,1,0,2,17,3097,113.0,0,8,4.0,0,0.0,Muslim extremists
30423,0,26,3,152,3318,-15.53305,-69.252459,2.0,0,0.0,1,0,2,19,2927,26.0,0,5,0.0,1,0.0,Shining Path (SL)
14726,0,43,3,271,2106,-33.366238,-70.505302,1.0,0,1.0,1,0,3,21,2798,43.0,0,6,0.0,1,0.0,Manuel Rodriguez Patriotic Front (FPMR)
63725,0,228,10,52,322,14.058333,46.913056,1.0,0,0.0,1,0,2,4,652,228.0,0,5,1.0,0,0.0,Al-Qaida in the Arabian Peninsula (AQAP)
53250,0,69,8,135,1050,42.260458,9.54235,1.0,0,1.0,1,0,3,1,1584,238.0,0,6,0.0,1,0.0,Corsican National Liberation Front (FLNC)
26544,0,45,3,366,2548,7.060051,-73.853115,3.0,0,0.0,0,0,3,19,3223,45.0,0,6,0.0,1,0.0,National Liberation Army of Colombia (ELN)
58900,0,147,11,166,1286,7.689167,9.250278,3.0,0,1.0,1,0,2,14,27,147.0,0,5,6.0,1,0.0,Fulani extremists
16519,0,43,3,271,2106,-33.366238,-70.505302,1.0,0,1.0,1,0,3,3,2184,43.0,0,6,0.0,1,0.0,Manuel Rodriguez Patriotic Front (FPMR)
61075,0,4,6,514,3585,31.889889,64.750946,1.0,0,0.0,1,0,2,3,2314,4.0,0,5,6.0,0,0.0,Taliban
21797,0,159,3,483,3340,-10.140493,-77.44333,1.0,0,0.0,1,0,2,3,2184,159.0,0,5,5.0,1,0.0,Shining Path (SL)
35579,0,209,10,248,1879,39.74887,37.016499,1.0,0,0.0,1,0,2,14,2410,209.0,0,5,3.0,1,0.0,Kurdistan Workers' Party (PKK)
70736,0,92,6,133,2141,19.29994,80.703422,1.0,0,0.0,1,0,2,3,2856,92.0,0,5,1.0,0,0.0,Maoists
37221,1,45,3,369,24,10.411301,-74.405661,4.0,0,1.0,1,0,6,14,3188,11.0,0,5,0.0,0,1.0,National Liberation Army of Colombia (ELN)
36995,0,45,3,362,2498,6.242026,-75.564766,1.0,0,1.0,1,0,3,4,3146,45.0,0,6,0.0,1,0.0,National Liberation Army of Colombia (ELN)
1383,0,603,8,190,1603,54.607712,-5.95621,1.0,0,0.0,1,0,1,4,2189,216.0,0,5,1.0,0,0.0,Irish Republican Army (IRA)
61232,0,214,9,145,1103,48.110606,37.48805,1.0,0,0.0,1,0,3,4,20,214.0,0,6,1.0,1,0.0,Donetsk People's Republic
50662,0,153,6,352,2472,34.002579,71.382477,1.0,0,0.0,1,0,3,8,4612,153.0,0,6,0.0,1,0.0,Tehrik-i-Taliban Pakistan (TTP)
52648,0,45,3,374,2522,7.033333,-72.066667,2.0,0,0.0,1,0,3,21,3187,45.0,0,6,0.0,1,0.0,Revolutionary Armed Forces of Colombia (FARC)
64185,0,95,10,37,1698,36.407394,42.964626,1.0,0,0.0,1,0,3,3,2293,95.0,0,6,0.0,1,0.0,Islamic State of Iraq and the Levant (ISIL)
68769,0,147,11,108,621,12.359468,14.210929,1.0,0,0.0,1,0,6,14,13,147.0,0,5,8.0,0,1.0,Boko Haram
30757,0,159,3,277,2118,-11.967368,-76.978462,1.0,0,0.0,1,0,7,1,4097,159.0,0,8,0.0,1,0.0,Shining Path (SL)
73763,0,4,6,515,3545,34.516895,69.147011,1.0,0,0.0,1,0,3,7,4487,4.0,0,6,0.0,1,0.0,Taliban
71547,0,160,5,389,2691,7.128161,125.896379,1.0,0,0.0,0,0,3,20,6,160.0,0,6,0.0,0,0.0,New People's Army (NPA)
25880,0,92,6,337,3455,31.448943,74.925262,1.0,0,0.0,1,0,3,2,4333,92.0,0,6,1.0,1,0.0,Sikh Extremists
28078,0,159,3,486,24,-7.244488,-76.825965,4.0,0,0.0,1,0,2,4,1788,159.0,0,5,20.0,1,0.0,Tupac Amaru Revolutionary Movement (MRTA)
60367,1,147,11,110,615,11.247069,12.01246,1.0,0,1.0,1,0,6,1,1245,147.0,0,5,1.0,1,1.0,Boko Haram
23378,0,159,3,479,3288,-14.220983,-69.153823,3.0,0,0.0,1,0,2,1,4059,159.0,0,5,0.0,1,0.0,Shining Path (SL)
7373,0,61,2,151,1164,13.491242,-88.173134,1.0,0,0.0,1,0,2,19,56,61.0,0,5,2.0,1,0.0,Farabundo Marti National Liberation Front (FMLN)
56646,0,160,5,357,2692,6.95,125.05,1.0,0,1.0,1,0,3,1,3371,160.0,0,6,1.0,1,0.0,New People's Army (NPA)
78551,0,182,11,66,411,2.14383,45.118061,1.0,0,0.0,1,0,2,4,718,182.0,0,6,6.0,-9,0.0,Al-Shabaab
70154,0,228,10,55,371,14.158611,45.472778,3.0,0,0.0,1,0,3,14,13,228.0,0,6,9.0,0,0.0,Al-Qaida in the Arabian Peninsula (AQAP)
31042,0,209,10,233,1824,37.755081,39.317331,1.0,0,0.0,1,0,3,8,603,209.0,0,6,1.0,1,0.0,Kurdistan Workers' Party (PKK)
79032,0,45,3,374,2522,6.9853,-72.0127,2.0,0,0.0,1,0,3,21,3187,45.0,0,6,0.0,-9,0.0,National Liberation Army of Colombia (ELN)
23580,0,45,3,359,24,7.946283,-72.898807,4.0,0,0.0,1,0,3,21,3183,45.0,0,6,0.0,1,0.0,National Liberation Army of Colombia (ELN)
4795,0,69,8,135,24,41.918891,8.737554,4.0,0,1.0,1,0,3,1,1088,69.0,0,6,0.0,1,0.0,Corsican National Liberation Front (FLNC)
54857,0,95,10,37,292,36.229574,42.236244,4.0,0,0.0,1,0,1,14,555,95.0,0,5,2.0,0,0.0,Al-Qaida in Iraq
15062,0,159,3,277,2118,-11.967368,-76.978462,1.0,0,1.0,1,0,3,1,4762,159.0,0,6,0.0,1,0.0,Tupac Amaru Revolutionary Movement (MRTA)
25052,0,160,5,11,43,14.596051,120.978666,1.0,0,0.0,1,0,1,14,3346,160.0,0,5,1.0,0,0.0,New People's Army (NPA)
82125,0,104,11,67,424,3.154299,41.015014,2.0,0,0.0,1,0,3,4,559,104.0,0,6,2.0,1,0.0,Al-Shabaab
14751,0,159,3,479,3289,-16.466667,-69.916667,2.0,0,0.0,1,0,2,1,4061,159.0,0,5,1.0,1,0.0,Shining Path (SL)
71098,0,228,10,60,350,13.586484,44.024105,1.0,0,1.0,1,0,3,14,1730,228.0,0,6,2.0,-9,0.0,Houthi extremists (Ansar Allah)
8602,0,97,10,456,3074,31.701906,35.22699,1.0,0,0.0,1,0,7,3,175,97.0,0,8,1.0,1,0.0,Palestinians
78025,0,147,11,108,625,12.922965,13.563938,3.0,0,0.0,1,0,1,4,1216,147.0,0,6,3.0,1,0.0,Boko Haram
75231,0,4,6,515,3545,34.516895,69.147011,1.0,0,1.0,1,1,3,3,722,4.0,0,6,17.0,1,0.0,Taliban
13400,0,61,2,149,1211,13.749885,-89.199936,1.0,0,0.0,1,0,2,4,1762,61.0,0,5,1.0,1,0.0,Farabundo Marti National Liberation Front (FMLN)
70999,0,200,10,205,1742,34.24189,37.04668,1.0,0,1.0,1,1,3,4,2314,200.0,0,6,1.0,0,0.0,Islamic State of Iraq and the Levant (ISIL)
48313,0,95,10,32,246,33.31065,44.038208,1.0,0,1.0,1,0,3,17,489,95.0,0,6,0.0,1,0.0,Al-Qaida in Iraq
43400,0,186,6,215,1984,8.692733,81.188529,1.0,0,0.0,1,0,2,14,13,186.0,0,5,2.0,0,0.0,Liberation Tigers of Tamil Eelam (LTTE)
66188,0,214,9,145,1118,47.419884,37.696533,1.0,0,0.0,1,0,3,4,48,214.0,0,6,0.0,0,0.0,Donetsk People's Republic
25919,0,209,10,223,1902,37.33226,43.713351,1.0,0,0.0,1,0,2,14,2435,209.0,0,5,0.0,1,0.0,Kurdistan Workers' Party (PKK)
28949,0,61,2,148,1149,13.802046,-87.896732,1.0,0,0.0,1,0,2,4,562,61.0,0,5,7.0,1,0.0,Farabundo Marti National Liberation Front (FMLN)
28308,0,61,2,155,1221,13.498416,-89.52027,1.0,0,0.0,1,0,3,21,1761,61.0,0,6,0.0,1,0.0,Farabundo Marti National Liberation Front (FMLN)
20262,0,183,11,21,191,-26.947957,29.248645,1.0,0,0.0,0,0,3,2,350,183.0,0,6,0.0,1,0.0,African National Congress (South Africa)
34897,0,185,8,86,523,43.003305,-2.612578,3.0,0,0.0,1,0,2,4,961,185.0,0,5,0.0,1,0.0,Basque Fatherland and Freedom (ETA)
53219,0,95,10,46,304,31.044371,46.261452,1.0,0,1.0,1,0,3,7,589,69.0,0,6,1.0,1,0.0,Al-Qaida in Iraq
66149,0,214,9,145,1071,48.143208,37.753361,1.0,0,0.0,1,0,2,4,48,214.0,0,6,0.0,0,0.0,Donetsk People's Republic
28329,0,61,2,156,1223,13.75,-88.88333,1.0,0,0.0,1,0,2,4,1838,61.0,0,5,1.0,1,0.0,Farabundo Marti National Liberation Front (FMLN)
47461,0,153,6,534,3731,34.006004,71.53743,1.0,0,0.0,1,0,3,8,4582,153.0,0,6,0.0,1,0.0,Tehrik-i-Taliban Pakistan (TTP)
56091,0,60,10,290,2361,31.126646,33.800865,1.0,0,1.0,1,0,2,4,20,60.0,0,6,1.0,1,0.0,Muslim extremists
74437,0,147,11,166,1332,7.9055,8.737323,2.0,0,0.0,1,0,2,14,1231,147.0,0,5,7.0,1,0.0,Fulani extremists
18410,0,61,2,149,1185,13.716667,-89.233333,1.0,0,1.0,1,0,3,21,1764,61.0,0,6,0.0,1,0.0,Farabundo Marti National Liberation Front (FMLN)
3802,0,69,8,142,1036,41.927466,9.394499,1.0,0,0.0,1,0,3,4,1605,69.0,0,5,0.0,1,1.0,Corsican National Liberation Front (FLNC)
15837,0,183,11,18,190,-29.943468,30.981181,1.0,0,0.0,1,0,3,21,348,183.0,0,6,0.0,1,0.0,African National Congress (South Africa)
44726,0,92,6,125,840,25.069122,84.016578,3.0,0,0.0,1,0,2,14,1361,92.0,0,5,6.0,0,0.0,Communist Party of India - Maoist (CPI-Maoist)
64692,0,153,6,427,3783,33.885767,71.120431,1.0,0,0.0,1,0,2,14,4620,153.0,0,5,1.0,0,0.0,Tehrik-i-Taliban Pakistan (TTP)
55222,0,228,10,52,24,13.640649,46.057005,4.0,0,0.0,1,0,2,4,12,228.0,0,5,2.0,0,0.0,Al-Qaida in the Arabian Peninsula (AQAP)
61663,0,147,11,112,1333,9.688993,8.165353,2.0,0,0.0,1,0,2,14,27,147.0,0,5,5.0,0,0.0,Fulani extremists
43625,0,95,10,33,247,33.303566,44.371773,1.0,0,0.0,1,0,3,2,583,95.0,0,6,0.0,0,0.0,Al-Qaida in Iraq
78514,0,182,11,80,434,11.264581,49.251518,2.0,0,0.0,1,0,2,4,577,182.0,0,5,23.0,-9,0.0,Al-Shabaab
18822,0,186,6,261,2049,9.380289,80.377,1.0,0,0.0,1,0,2,3,175,186.0,0,5,0.0,1,0.0,Liberation Tigers of Tamil Eelam (LTTE)
56128,1,228,10,53,314,15.325443,44.211895,1.0,0,0.0,1,0,6,7,682,94.0,0,5,0.0,0,1.0,Al-Qaida in the Arabian Peninsula (AQAP)
50065,0,153,6,352,3782,35.202293,71.873006,1.0,0,0.0,1,0,3,2,4619,153.0,0,6,1.0,1,0.0,Tehrik-i-Taliban Pakistan (TTP)
59691,0,92,6,126,2272,22.355911,85.519466,3.0,0,0.0,0,0,3,2,2895,92.0,0,6,0.0,0,0.0,Maoists
63543,1,113,10,303,2373,32.069286,20.151144,1.0,0,0.0,1,0,1,12,3041,113.0,0,5,1.0,0,1.0,Muslim extremists
45849,0,160,5,387,2658,10.801934,123.488506,1.0,0,0.0,1,0,3,16,3364,160.0,0,6,0.0,1,0.0,New People's Army (NPA)
70437,0,228,10,60,1527,13.160563,43.73093,3.0,0,0.0,1,0,3,14,931,228.0,0,6,8.0,-9,0.0,Houthi extremists (Ansar Allah)
69367,0,92,6,125,2276,24.773367,86.824526,3.0,0,0.0,1,0,2,1,2954,92.0,0,5,0.0,1,0.0,Maoists
75509,0,228,10,50,318,14.54397,49.12458,1.0,0,1.0,1,1,3,4,20,228.0,0,6,4.0,-9,0.0,Al-Qaida in the Arabian Peninsula (AQAP)
41219,0,185,8,86,553,43.267549,-1.975814,1.0,0,1.0,0,0,3,19,1020,185.0,0,6,0.0,0,0.0,Basque Fatherland and Freedom (ETA)
58026,1,45,3,359,2513,8.833333,-73.2,1.0,0,0.0,1,0,6,1,3166,45.0,0,5,0.0,0,1.0,National Liberation Army of Colombia (ELN)
67751,0,214,9,145,1070,48.363186,37.891922,1.0,0,0.0,1,0,3,4,48,214.0,0,6,0.0,-9,0.0,Donetsk People's Republic
20115,0,92,6,337,3405,30.898024,75.860077,1.0,0,0.0,1,0,3,8,4284,92.0,0,6,0.0,1,0.0,Sikh Extremists
51682,0,228,10,48,339,12.8,45.033333,2.0,0,0.0,1,1,3,4,676,228.0,0,6,1.0,0,0.0,Al-Qaida in the Arabian Peninsula (AQAP)
73186,0,95,10,32,269,33.403057,43.911865,1.0,1,1.0,0,1,3,4,524,95.0,0,6,2.0,0,0.0,Islamic State of Iraq and the Levant (ISIL)
16929,0,145,2,450,2894,12.069311,-84.539748,1.0,0,1.0,1,0,2,4,3537,145.0,0,5,1.0,1,0.0,Nicaraguan Democratic Force (FDN)
74000,0,228,10,60,350,13.586484,44.024105,1.0,0,0.0,1,0,3,19,56,228.0,0,6,5.0,1,0.0,Houthi extremists (Ansar Allah)
36350,0,45,3,378,2586,4.53581,-76.10659,3.0,0,1.0,1,0,3,1,3268,45.0,0,6,2.0,1,0.0,National Liberation Army of Colombia (ELN)
69452,0,209,10,223,1816,37.570354,44.282055,3.0,0,0.0,0,0,3,20,6,209.0,0,6,0.0,0,0.0,Kurdistan Workers' Party (PKK)
27417,0,45,3,381,1250,3.91272,-75.47591,1.0,0,0.0,1,0,2,14,3971,45.0,0,5,0.0,1,0.0,Revolutionary Armed Forces of Colombia (FARC)
12963,0,145,2,439,2920,13.458317,-86.398527,2.0,1,0.0,1,0,2,4,1762,145.0,0,5,1.0,1,0.0,Nicaraguan Democratic Force (FDN)
25676,0,61,2,149,1150,13.69288,-89.199161,1.0,0,0.0,1,0,2,4,1794,61.0,0,5,0.0,1,0.0,Farabundo Marti National Liberation Front (FMLN)
47352,0,95,10,34,249,33.74324,44.623825,1.0,0,0.0,1,0,1,17,483,95.0,0,5,2.0,-9,0.0,Al-Qaida in Iraq
29471,0,185,8,87,507,36.686562,-6.137173,1.0,0,0.0,0,0,1,3,942,185.0,0,6,0.0,0,0.0,Basque Fatherland and Freedom (ETA)
82107,0,153,6,352,3731,34.006004,71.53743,1.0,0,0.0,1,0,3,3,4578,153.0,0,6,0.0,1,0.0,Tehrik-i-Taliban Pakistan (TTP)
14086,0,185,8,86,527,43.3282,-3.031509,1.0,0,0.0,1,0,1,3,1116,185.0,0,5,1.0,0,0.0,Basque Fatherland and Freedom (ETA)
47181,0,92,6,125,905,24.749905,84.370896,2.0,1,1.0,1,0,3,19,1435,92.0,0,6,0.0,1,0.0,Communist Party of India - Maoist (CPI-Maoist)
55458,0,147,11,123,707,13.036389,8.317778,1.0,0,1.0,1,0,3,3,175,147.0,0,6,2.0,1,0.0,Boko Haram
64177,0,214,9,145,1075,48.187149,38.342617,1.0,1,0.0,1,0,2,4,48,214.0,0,6,0.0,-9,0.0,Donetsk People's Republic
4070,0,185,8,88,509,43.258434,-2.921819,1.0,0,0.0,1,0,2,3,1091,185.0,0,5,2.0,1,0.0,Basque Fatherland and Freedom (ETA)
28170,0,98,8,90,520,41.890961,12.490069,1.0,0,0.0,1,0,3,7,969,185.0,0,6,0.0,1,0.0,Basque Fatherland and Freedom (ETA)
28814,0,155,10,456,3047,31.907141,35.198219,1.0,0,0.0,1,0,2,4,12,97.0,0,8,0.0,1,0.0,Palestinians
50007,0,228,10,52,335,13.357599,45.69648,1.0,0,0.0,1,0,3,14,700,228.0,0,6,0.0,0,0.0,Al-Qaida in the Arabian Peninsula (AQAP)
58100,0,95,10,33,247,33.303566,44.371773,1.0,0,1.0,1,0,3,14,13,95.0,0,6,3.0,0,0.0,Islamic State of Iraq and the Levant (ISIL)
35099,0,45,3,362,24,6.2675,-75.568611,4.0,0,0.0,1,0,3,21,3171,45.0,0,6,0.0,1,0.0,National Liberation Army of Colombia (ELN)
15690,0,145,2,438,2953,13.087135,-86.355572,4.0,1,0.0,1,0,2,4,1768,145.0,0,5,1.0,1,0.0,Nicaraguan Democratic Force (FDN)
37972,0,45,3,377,3155,4.29692,-74.80707,1.0,0,0.0,1,0,3,14,3874,45.0,0,6,1.0,1,0.0,Revolutionary Armed Forces of Colombia (FARC)
22742,0,186,6,261,1999,8.757816,80.487907,1.0,0,0.0,1,0,3,14,1065,186.0,0,6,8.0,1,0.0,Liberation Tigers of Tamil Eelam (LTTE)
51911,0,228,10,52,327,13.129726,45.385571,1.0,1,0.0,1,0,2,4,656,228.0,0,5,6.0,-9,0.0,Al-Qaida in the Arabian Peninsula (AQAP)
71645,0,160,5,410,2676,12.99271,124.014746,1.0,0,0.0,1,0,1,4,3359,160.0,0,5,1.0,0,0.0,New People's Army (NPA)
39256,1,45,3,364,2546,9.19974,-73.5433,1.0,0,0.0,1,0,6,1,3220,45.0,0,5,0.0,0,1.0,National Liberation Army of Colombia (ELN)
20235,0,92,6,337,3439,31.633979,74.872264,3.0,0,0.0,1,0,2,3,371,92.0,0,5,4.0,1,0.0,Sikh Extremists
28070,0,159,3,486,3861,-6.613881,-76.695042,1.0,0,0.0,1,0,2,14,4761,159.0,0,5,1.0,1,0.0,Tupac Amaru Revolutionary Movement (MRTA)
21491,0,43,3,271,2106,-33.366238,-70.505302,1.0,0,0.0,0,0,3,2,2725,43.0,0,6,0.0,1,0.0,Manuel Rodriguez Patriotic Front (FPMR)
11729,0,145,2,444,2940,11.81788,-86.51557,1.0,0,0.0,1,0,7,4,1768,145.0,0,5,1.0,1,0.0,Nicaraguan Democratic Force (FDN)
6401,0,185,8,86,542,43.169068,-2.632655,1.0,0,0.0,1,0,1,1,1003,185.0,0,5,1.0,0,0.0,Basque Fatherland and Freedom (ETA)
77642,0,147,11,108,616,11.873005,13.250529,1.0,0,0.0,0,1,3,14,1273,147.0,0,6,1.0,0,0.0,Boko Haram
13498,0,61,2,153,1194,13.561416,-88.687385,1.0,0,0.0,1,0,2,3,1801,61.0,0,5,3.0,1,0.0,Farabundo Marti National Liberation Front (FMLN)
22839,0,362,8,197,1656,52.372068,9.735686,1.0,0,0.0,0,0,3,4,2172,216.0,0,6,0.0,1,0.0,Irish Republican Army (IRA)
29728,0,97,10,266,3067,32.178344,34.907985,1.0,0,0.0,1,0,1,14,3715,97.0,0,9,1.0,0,0.0,Palestinians
13410,0,145,2,447,2905,13.927562,-84.404596,1.0,0,0.0,1,0,2,2,3546,145.0,0,5,0.0,1,0.0,Nicaraguan Democratic Force (FDN)
41948,0,186,6,215,1982,8.5922,81.196796,3.0,0,0.0,1,0,2,4,2496,186.0,0,5,0.0,-9,0.0,Liberation Tigers of Tamil Eelam (LTTE)
60931,0,182,11,73,410,3.10111,42.240947,4.0,0,0.0,1,0,1,4,813,182.0,0,5,1.0,0,0.0,Al-Shabaab
28726,0,160,5,414,24,18.195807,120.592272,4.0,0,0.0,1,0,2,4,3382,160.0,0,5,1.0,1,0.0,New People's Army (NPA)
65761,1,45,3,360,2490,6.067805,-77.164991,2.0,1,0.0,1,0,6,14,13,45.0,0,5,1.0,0,1.0,National Liberation Army of Colombia (ELN)
20660,0,61,2,153,1195,13.487179,-88.765032,1.0,0,0.0,1,0,2,4,1762,61.0,0,5,3.0,1,0.0,Farabundo Marti National Liberation Front (FMLN)
26124,0,185,8,86,515,43.291618,-1.977903,1.0,0,0.0,0,0,3,19,987,185.0,0,6,0.0,1,0.0,Basque Fatherland and Freedom (ETA)
69134,0,173,10,184,1518,16.576572,43.093524,1.0,0,0.0,1,0,3,14,1291,173.0,0,6,0.0,-9,0.0,Houthi extremists (Ansar Allah)
61741,0,214,9,145,1068,47.981647,37.762325,1.0,0,0.0,1,0,3,19,1696,214.0,0,6,0.0,1,0.0,Donetsk People's Republic
10357,0,159,3,483,3343,-10.403488,-77.396721,1.0,0,0.0,1,0,2,14,4034,159.0,0,5,14.0,0,0.0,Shining Path (SL)
754,0,603,8,190,1603,54.607712,-5.95621,1.0,0,0.0,1,0,3,1,2064,233.0,0,6,1.0,1,0.0,Irish Republican Army (IRA)
71921,0,4,6,521,3621,32.912468,69.260803,1.0,0,0.0,1,0,2,3,20,4.0,0,5,8.0,0,0.0,Taliban
34358,0,186,6,263,2065,8.641085,80.669598,1.0,1,0.0,1,0,3,3,2592,186.0,0,6,10.0,1,0.0,Liberation Tigers of Tamil Eelam (LTTE)
35762,0,186,6,261,2032,7.924677,81.544937,1.0,0,0.0,1,0,2,3,2551,186.0,0,5,0.0,1,0.0,Liberation Tigers of Tamil Eelam (LTTE)
17164,0,160,5,11,43,14.596051,120.978666,1.0,0,0.0,0,0,1,3,740,160.0,0,5,0.0,0,0.0,New People's Army (NPA)
68843,0,147,11,108,646,11.829979,12.630177,1.0,0,0.0,1,0,2,14,27,147.0,0,5,25.0,1,0.0,Boko Haram
32166,0,603,8,190,1603,54.607712,-5.95621,1.0,0,0.0,1,0,3,1,2081,233.0,0,6,0.0,1,0.0,Irish Republican Army (IRA)
71021,0,95,10,32,1720,33.365791,43.95932,1.0,0,0.0,0,1,3,4,48,95.0,0,6,1.0,0,0.0,Islamic State of Iraq and the Levant (ISIL)
18087,0,92,6,337,3418,31.633078,74.878288,1.0,0,0.0,0,0,1,1,4338,92.0,0,5,0.0,0,0.0,Sikh Extremists
38226,0,45,3,381,3220,4.010004,-75.603807,1.0,0,0.0,1,0,3,3,3951,45.0,0,6,13.0,-9,0.0,Revolutionary Armed Forces of Colombia (FARC)
22873,0,155,10,325,2354,31.278791,34.256435,1.0,0,0.0,1,0,1,14,3684,155.0,0,5,1.0,0,0.0,Palestinians
48982,0,228,10,52,317,13.887403,45.863647,1.0,0,0.0,1,0,3,4,641,228.0,0,6,0.0,1,0.0,Al-Qaida in the Arabian Peninsula (AQAP)
18075,0,92,6,337,3418,31.633078,74.878288,1.0,0,0.0,1,0,2,15,4250,92.0,0,5,6.0,1,0.0,Sikh Extremists
35041,0,186,6,215,2011,7.529372,81.794609,1.0,0,0.0,0,0,3,20,6,186.0,0,6,0.0,1,0.0,Liberation Tigers of Tamil Eelam (LTTE)
73416,0,182,11,77,416,7.968031,49.821148,2.0,0,1.0,1,0,2,14,27,182.0,0,6,5.0,0,0.0,Al-Shabaab
17909,1,159,3,277,2118,-11.967368,-76.978462,1.0,0,0.0,1,0,6,2,4060,159.0,0,5,0.0,0,1.0,Shining Path (SL)
33395,0,69,8,135,1013,41.930607,8.742907,1.0,0,0.0,1,0,3,1,765,69.0,0,6,0.0,1,0.0,Corsican National Liberation Front (FLNC)
53017,0,153,6,427,3810,34.110325,71.163803,1.0,0,0.0,1,0,3,1,613,153.0,0,6,0.0,1,0.0,Tehrik-i-Taliban Pakistan (TTP)
14071,0,183,11,18,137,-29.861824,31.008293,1.0,0,0.0,1,0,3,21,266,183.0,0,6,0.0,1,0.0,African National Congress (South Africa)
12751,0,183,11,24,149,-25.661361,27.247563,1.0,0,0.0,1,0,3,21,383,183.0,0,6,0.0,1,0.0,African National Congress (South Africa)
54523,0,45,3,376,3223,3.034755,-76.408123,1.0,1,1.0,1,0,3,4,20,45.0,0,6,2.0,0,0.0,Revolutionary Armed Forces of Colombia (FARC)
32696,0,155,10,456,3039,32.222271,35.253506,1.0,0,0.0,1,0,8,4,1788,97.0,0,9,1.0,1,0.0,Palestinians
82384,0,4,6,518,3637,35.98822,68.635742,1.0,0,1.0,1,0,3,14,1291,4.0,0,6,4.0,0,0.0,Taliban
13919,0,43,3,272,2109,-36.823788,-72.668472,1.0,0,1.0,1,0,3,21,1781,43.0,0,6,0.0,1,0.0,Manuel Rodriguez Patriotic Front (FPMR)
13701,0,145,2,440,2859,12.1,-84.9,1.0,0,0.0,1,0,2,4,1762,145.0,0,5,4.0,1,0.0,Nicaraguan Democratic Force (FDN)
58196,0,4,6,321,3620,34.328977,70.407486,3.0,0,0.0,1,0,2,3,2901,4.0,0,5,4.0,1,0.0,Taliban
67417,0,228,10,48,309,12.825647,44.846416,1.0,0,0.0,1,0,2,17,347,228.0,0,5,1.0,0,0.0,Houthi extremists (Ansar Allah)
12952,0,145,2,436,2901,13.16888,-85.97565,1.0,0,0.0,1,0,2,1,3542,145.0,0,5,12.0,1,0.0,Nicaraguan Democratic Force (FDN)
13625,0,61,2,156,1155,13.83553,-88.985462,1.0,0,0.0,1,0,2,4,1762,61.0,0,5,1.0,1,0.0,Farabundo Marti National Liberation Front (FMLN)
41413,0,173,10,189,289,24.64732,46.714581,1.0,0,0.0,1,0,2,14,3035,75.0,0,5,1.0,0,0.0,Muslim extremists
29044,0,92,6,337,3418,31.633078,74.878288,1.0,0,0.0,0,0,1,22,4295,92.0,0,6,4.0,0,0.0,Sikh Extremists
18223,0,92,6,337,24,31.147131,75.341218,4.0,0,1.0,1,0,1,14,4253,92.0,0,5,1.0,0,0.0,Sikh Extremists
71821,0,95,10,33,247,33.303566,44.371773,1.0,0,0.0,1,0,3,1,613,95.0,0,6,1.0,-9,0.0,Islamic State of Iraq and the Levant (ISIL)
59029,0,155,10,325,2416,31.53619,34.539574,1.0,0,0.0,1,0,3,14,13,155.0,0,6,0.0,-9,0.0,Muslim extremists
15769,0,159,3,277,2118,-11.967368,-76.978462,1.0,1,1.0,1,0,3,9,4775,159.0,0,6,0.0,1,0.0,Tupac Amaru Revolutionary Movement (MRTA)
10498,0,183,11,19,165,-26.160098,27.872807,1.0,0,0.0,1,0,3,3,409,183.0,0,6,0.0,1,0.0,African National Congress (South Africa)
64937,0,113,10,293,2359,32.755737,12.723051,1.0,0,0.0,1,0,7,2,3025,113.0,0,8,0.0,1,0.0,Muslim extremists
32857,0,183,11,19,153,-26.353159,28.132727,1.0,0,0.0,1,0,2,14,290,183.0,0,5,6.0,1,0.0,African National Congress (South Africa)
79333,1,160,5,1,90,5.933405,121.033258,1.0,0,0.0,1,0,6,8,177,160.0,0,5,0.0,0,1.0,Abu Sayyaf Group (ASG)
49737,0,153,6,352,3731,34.006004,71.53743,1.0,1,0.0,1,0,3,14,13,153.0,0,6,6.0,1,0.0,Tehrik-i-Taliban Pakistan (TTP)
45287,0,95,10,33,247,33.303566,44.371773,1.0,0,0.0,1,0,2,14,504,95.0,0,5,7.0,0,0.0,Al-Qaida in Iraq
55299,0,208,10,314,2391,35.239591,8.750597,1.0,1,1.0,1,0,3,4,48,208.0,0,6,0.0,0,0.0,Muslim extremists
15880,0,43,3,271,2106,-33.366238,-70.505302,1.0,0,1.0,1,0,3,21,2716,43.0,0,6,0.0,1,0.0,Manuel Rodriguez Patriotic Front (FPMR)
63462,0,214,9,145,1086,47.460209,37.86647,1.0,0,0.0,1,0,3,4,48,214.0,0,6,0.0,0,0.0,Donetsk People's Republic
59635,0,147,11,122,720,9.066559,7.483589,1.0,0,0.0,1,0,3,19,1254,147.0,0,6,71.0,1,0.0,Boko Haram
18554,0,183,11,19,155,-26.252697,27.870275,1.0,0,0.0,1,0,3,3,275,183.0,0,6,0.0,1,0.0,African National Congress (South Africa)
58206,0,160,5,387,2766,9.988889,122.812222,1.0,0,0.0,1,0,5,1,3268,160.0,0,5,0.0,1,1.0,New People's Army (NPA)
50460,0,153,6,332,2428,30.200819,66.994354,1.0,1,0.0,1,0,7,4,4436,422.0,0,5,0.0,1,0.0,Taliban
67294,0,160,5,0,59,6.606469,122.192254,1.0,0,0.0,1,0,6,14,108,160.0,0,9,1.0,0,1.0,Abu Sayyaf Group (ASG)
60078,0,4,6,526,3644,37.02524,69.17459,2.0,1,1.0,1,0,2,3,172,4.0,0,5,5.0,-9,0.0,Taliban
10486,0,159,3,477,3311,-13.152712,-74.218628,1.0,0,0.0,1,0,1,14,4102,159.0,0,5,1.0,0,0.0,Shining Path (SL)
72683,0,95,10,36,1762,34.600737,43.782225,3.0,0,0.0,1,1,3,17,347,95.0,0,6,6.0,-9,0.0,Islamic State of Iraq and the Levant (ISIL)
30616,0,209,10,233,1865,37.199995,39.75422,1.0,0,0.0,1,0,1,19,2395,209.0,0,5,10.0,0,0.0,Kurdistan Workers' Party (PKK)
77115,0,228,10,182,1537,15.749972,44.499986,3.0,0,1.0,1,0,2,17,1981,228.0,0,6,0.0,-9,0.0,Houthi extremists (Ansar Allah)
24890,0,92,6,337,3480,30.475,74.515,1.0,0,0.0,1,0,1,14,4348,92.0,0,5,2.0,0,0.0,Sikh Extremists
51364,0,228,10,48,309,12.825647,44.846416,1.0,0,0.0,1,0,2,3,85,228.0,0,5,0.0,0,0.0,Al-Qaida in the Arabian Peninsula (AQAP)
77248,0,173,10,59,1519,21.416667,39.816667,1.0,1,0.0,0,0,3,14,1213,173.0,0,6,0.0,0,0.0,Houthi extremists (Ansar Allah)
45032,0,92,6,127,787,21.19,81.28,1.0,1,0.0,1,0,3,3,1307,92.0,0,6,3.0,0,0.0,Communist Party of India - Maoist (CPI-Maoist)
60779,0,95,10,36,1749,35.499439,43.234894,1.0,0,1.0,1,0,7,2,2316,95.0,0,5,0.0,-9,-9.0,Islamic State of Iraq and the Levant (ISIL)
68529,0,228,10,48,356,12.867085,44.981911,1.0,0,1.0,1,0,3,14,1730,228.0,0,6,4.0,-9,0.0,Houthi extremists (Ansar Allah)
61258,0,95,10,331,256,31.98958,44.923775,1.0,1,1.0,1,0,2,3,20,95.0,0,5,0.0,0,0.0,Muslim extremists
14534,0,61,2,151,1164,13.491242,-88.173134,1.0,0,0.0,1,0,2,1,1816,61.0,0,5,0.0,1,0.0,Farabundo Marti National Liberation Front (FMLN)
22097,0,185,8,91,551,43.46096,-3.807934,3.0,0,1.0,1,0,3,19,1018,185.0,0,6,0.0,1,0.0,Basque Fatherland and Freedom (ETA)
29636,0,603,8,49,1609,51.504387,-0.140041,1.0,0,0.0,1,0,7,19,2139,216.0,0,8,0.0,1,0.0,Irish Republican Army (IRA)
62762,0,147,11,118,1275,9.27114,8.942915,1.0,0,0.0,1,0,2,14,27,147.0,0,5,5.0,1,0.0,Fulani extremists
50603,0,92,6,126,922,22.486676,86.499655,3.0,0,0.0,1,0,8,14,1455,92.0,0,9,0.0,1,0.0,Communist Party of India - Maoist (CPI-Maoist)
49935,0,92,6,125,942,25.288582,86.572856,1.0,0,0.0,1,0,3,14,1475,92.0,0,6,0.0,1,0.0,Communist Party of India - Maoist (CPI-Maoist)
6243,0,185,8,86,515,43.291618,-1.977903,1.0,0,0.0,1,0,1,1,978,185.0,0,5,1.0,0,0.0,Basque Fatherland and Freedom (ETA)
63023,0,147,11,108,684,10.50095,12.356178,1.0,0,1.0,1,0,2,14,27,147.0,0,5,6.0,1,0.0,Boko Haram
53961,0,228,10,58,337,13.063399,44.880882,1.0,0,0.0,0,0,1,4,734,228.0,0,5,0.0,1,0.0,Al-Qaida in the Arabian Peninsula (AQAP)
45325,0,153,6,534,3819,34.800828,72.297569,1.0,0,0.0,1,0,3,3,4669,153.0,0,6,6.0,1,0.0,Tehrik-i-Taliban Pakistan (TTP)
77468,0,160,5,0,16,6.700414,121.972557,1.0,0,0.0,1,0,3,2,76,160.0,0,6,0.0,1,0.0,Abu Sayyaf Group (ASG)
54216,0,228,10,54,319,14.536389,46.833056,1.0,0,0.0,1,0,3,4,20,228.0,0,6,0.0,0,0.0,Al-Qaida in the Arabian Peninsula (AQAP)
64944,0,147,11,108,667,12.96309,13.60899,2.0,0,1.0,1,0,2,14,27,147.0,0,6,6.0,1,-9.0,Boko Haram
19533,0,45,3,363,2492,4.667128,-74.106056,1.0,0,0.0,1,0,3,3,3255,45.0,0,6,0.0,1,0.0,National Liberation Army of Colombia (ELN)
35755,0,45,3,359,2503,7.933383,-72.600048,3.0,0,0.0,1,0,2,4,2067,45.0,0,5,2.0,1,0.0,National Liberation Army of Colombia (ELN)
19040,0,92,6,337,3413,31.8186,75.2028,1.0,0,0.0,1,0,2,3,1873,92.0,0,5,4.0,1,0.0,Sikh Extremists
12492,0,145,2,438,2881,13.360614,-86.398154,1.0,0,0.0,1,0,7,8,3569,145.0,0,5,1.0,1,0.0,Nicaraguan Democratic Force (FDN)
27376,0,61,2,151,1183,13.5,-88.35,1.0,0,0.0,1,0,2,4,1858,61.0,0,5,0.0,1,0.0,Farabundo Marti National Liberation Front (FMLN)
20958,0,43,3,271,2106,-33.366238,-70.505302,1.0,0,0.0,1,0,3,21,2777,43.0,0,6,0.0,1,0.0,Manuel Rodriguez Patriotic Front (FPMR)
59457,0,95,10,38,289,35.252529,43.906586,1.0,0,1.0,0,0,1,14,2298,95.0,0,6,0.0,1,0.0,Islamic State of Iraq and the Levant (ISIL)
12591,0,43,3,271,2106,-33.366238,-70.505302,1.0,0,1.0,1,0,3,21,2742,43.0,0,6,0.0,1,0.0,Manuel Rodriguez Patriotic Front (FPMR)
36991,1,45,3,362,2507,6.978951,-75.296249,1.0,0,1.0,1,0,6,2,3155,45.0,0,5,1.0,0,1.0,National Liberation Army of Colombia (ELN)
7559,0,183,11,18,137,-29.861824,31.008293,1.0,0,0.0,1,0,3,21,398,183.0,0,6,0.0,1,0.0,African National Congress (South Africa)
2343,1,185,8,89,517,40.465595,-3.696263,1.0,0,0.0,1,0,5,7,3724,60.0,0,5,0.0,1,1.0,Palestinians
51258,0,95,10,32,248,34.160587,42.37254,1.0,0,1.0,1,0,1,3,482,95.0,0,5,2.0,0,0.0,Al-Qaida in Iraq
41696,0,185,8,89,517,40.465595,-3.696263,1.0,0,1.0,1,0,3,1,965,185.0,0,6,0.0,1,0.0,Basque Fatherland and Freedom (ETA)
81444,0,95,10,34,1692,34.399525,45.142685,1.0,0,0.0,1,0,3,14,559,95.0,0,6,0.0,1,0.0,Islamic State of Iraq and the Levant (ISIL)
80516,0,160,5,0,17,6.491515,122.141717,1.0,0,0.0,1,0,2,3,18,160.0,0,6,2.0,-9,0.0,Abu Sayyaf Group (ASG)
47794,0,92,6,126,782,23.744186,84.504429,3.0,0,0.0,1,0,2,20,1392,92.0,0,5,1.0,0,0.0,Communist Party of India - Maoist (CPI-Maoist)
33262,0,45,3,469,3166,0.74522,-75.23414,1.0,0,0.0,1,0,2,3,175,45.0,0,8,0.0,1,0.0,Revolutionary Armed Forces of Colombia (FARC)
25821,0,209,10,230,1840,37.887824,41.13622,1.0,0,0.0,1,0,3,4,2375,209.0,0,6,0.0,1,0.0,Kurdistan Workers' Party (PKK)
10122,0,69,8,137,1030,43.529742,5.447427,1.0,0,1.0,1,0,3,1,1088,69.0,0,6,0.0,1,0.0,Corsican National Liberation Front (FLNC)
79287,0,182,11,71,457,2.716451,45.68372,1.0,0,0.0,1,0,7,14,27,182.0,0,8,0.0,1,0.0,Al-Shabaab
3876,0,69,8,142,1016,42.699997,9.447317,1.0,0,0.0,1,0,3,10,1618,69.0,0,6,0.0,1,0.0,Corsican National Liberation Front (FLNC)
39055,0,45,3,362,3234,7.198606,-75.341218,4.0,0,0.0,1,0,2,14,3974,45.0,0,5,15.0,0,0.0,Revolutionary Armed Forces of Colombia (FARC)
61572,0,209,10,233,1888,36.853067,40.047375,1.0,0,0.0,0,0,1,2,2420,209.0,0,6,0.0,1,0.0,Kurdistan Workers' Party (PKK)
52634,0,92,6,130,864,18.363526,81.895253,1.0,0,0.0,1,0,7,1,2942,92.0,0,8,0.0,1,0.0,Maoists
53390,0,95,10,36,257,33.540672,44.251266,1.0,0,1.0,1,0,3,14,13,95.0,0,6,2.0,-9,0.0,Al-Qaida in Iraq
57510,0,153,6,468,3130,24.891115,67.143311,1.0,0,1.0,1,0,3,14,13,153.0,0,6,3.0,1,0.0,Tehrik-i-Taliban Pakistan (TTP)
29729,0,45,3,364,2501,8.69053,-73.66254,3.0,0,0.0,1,0,3,21,3148,45.0,0,6,0.0,1,0.0,National Liberation Army of Colombia (ELN)
13140,0,69,8,137,1018,43.296482,5.36978,1.0,0,0.0,1,0,3,3,431,69.0,0,6,0.0,1,0.0,Corsican National Liberation Front (FLNC)
19300,0,45,3,364,2537,7.75954,-73.39031,1.0,0,0.0,1,0,2,14,3211,45.0,0,5,3.0,1,0.0,National Liberation Army of Colombia (ELN)
14648,0,43,3,271,2106,-33.366238,-70.505302,1.0,0,0.0,1,0,3,19,2722,43.0,0,6,0.0,1,0.0,Manuel Rodriguez Patriotic Front (FPMR)
67522,0,228,10,60,1556,13.555918,44.016965,1.0,0,0.0,1,0,3,14,27,228.0,0,6,0.0,-9,0.0,Houthi extremists (Ansar Allah)
18597,0,160,5,11,43,14.596051,120.978666,1.0,0,0.0,1,0,3,3,3408,160.0,0,6,0.0,1,0.0,New People's Army (NPA)
11103,0,159,3,477,3284,-13.152712,-74.218628,1.0,0,0.0,1,0,3,1,4159,159.0,0,6,1.0,1,0.0,Shining Path (SL)
13556,0,159,3,277,2118,-11.967368,-76.978462,1.0,0,1.0,1,0,3,9,4811,159.0,0,6,1.0,1,0.0,Tupac Amaru Revolutionary Movement (MRTA)
68543,0,173,10,61,24,17.545372,44.222498,4.0,0,0.0,1,0,3,4,1980,173.0,0,6,1.0,0,0.0,Houthi extremists (Ansar Allah)
26783,0,159,3,480,3299,-13.531688,-71.966924,1.0,0,0.0,1,0,3,7,4814,217.0,0,6,0.0,1,0.0,Tupac Amaru Revolutionary Movement (MRTA)
22009,0,92,6,291,2415,32.726602,74.857026,1.0,0,0.0,1,0,2,8,4282,92.0,0,5,0.0,1,0.0,Sikh Extremists
14733,0,159,3,277,2118,-11.967368,-76.978462,1.0,0,0.0,1,0,2,4,1787,159.0,0,5,0.0,1,0.0,Tupac Amaru Revolutionary Movement (MRTA)
29245,0,603,8,49,1609,51.504387,-0.140041,1.0,0,0.0,1,0,7,1,2183,216.0,0,8,0.0,1,0.0,Irish Republican Army (IRA)
59863,0,228,10,53,314,15.325443,44.211895,1.0,0,0.0,0,0,6,7,703,75.0,0,5,0.0,1,0.0,Al-Qaida in the Arabian Peninsula (AQAP)
7520,0,603,8,190,1607,54.347539,-6.656108,1.0,0,0.0,1,0,3,3,2199,233.0,0,6,1.0,1,0.0,Irish Republican Army (IRA)
69407,0,182,11,74,428,4.73538,45.2024,1.0,0,0.0,0,0,2,3,672,182.0,0,5,1.0,0,0.0,Al-Shabaab
74089,0,228,10,48,309,12.825647,44.846416,1.0,0,0.0,0,1,1,3,653,228.0,0,6,1.0,1,0.0,Al-Qaida in the Arabian Peninsula (AQAP)
10277,0,159,3,277,2118,-11.967368,-76.978462,1.0,0,0.0,1,0,3,7,4151,159.0,0,6,1.0,1,0.0,Shining Path (SL)
53799,0,92,6,126,2250,24.179793,86.306772,1.0,0,0.0,1,0,3,3,2933,92.0,0,6,4.0,0,0.0,Maoists
37260,0,186,6,260,2062,6.955747,79.923695,1.0,0,0.0,0,0,3,19,2582,186.0,0,6,0.0,0,0.0,Liberation Tigers of Tamil Eelam (LTTE)
54066,0,153,6,352,3769,34.102074,71.47802,1.0,0,1.0,1,0,2,7,4634,422.0,0,5,1.0,-9,0.0,Tehrik-i-Taliban Pakistan (TTP)
47267,0,160,5,1,22,6.050458,121.012245,1.0,0,0.0,1,0,3,15,166,160.0,0,6,0.0,-9,0.0,Abu Sayyaf Group (ASG)
41899,0,186,6,215,2018,7.689011,81.72947,1.0,0,0.0,1,0,1,2,2571,186.0,0,5,1.0,0,0.0,Liberation Tigers of Tamil Eelam (LTTE)
30412,0,92,6,287,3403,25.47283,82.570528,1.0,0,0.0,1,0,1,14,4331,92.0,0,5,3.0,0,0.0,Sikh Extremists
13515,0,159,3,277,2118,-11.967368,-76.978462,1.0,0,0.0,1,0,7,1,4755,159.0,0,8,0.0,1,0.0,Tupac Amaru Revolutionary Movement (MRTA)
57969,0,153,6,468,3130,24.891115,67.143311,1.0,0,0.0,1,0,2,3,85,153.0,0,6,2.0,1,0.0,Tehrik-i-Taliban Pakistan (TTP)
22671,0,92,6,337,3418,31.633078,74.878288,1.0,0,0.0,1,0,1,22,4274,92.0,0,5,1.0,0,0.0,Sikh Extremists
65265,0,92,6,127,2160,19.984386,80.719147,1.0,0,0.0,1,0,3,3,2870,92.0,0,6,0.0,0,0.0,Maoists
51659,0,147,11,115,634,11.974328,8.50026,1.0,0,0.0,1,0,3,14,13,147.0,0,6,0.0,1,0.0,Boko Haram
24355,0,45,3,364,2555,9.65945,-73.750579,1.0,0,0.0,1,0,6,1,3233,45.0,0,5,0.0,0,1.0,National Liberation Army of Colombia (ELN)
63396,0,214,9,145,1121,47.177467,37.691212,1.0,1,1.0,1,0,3,4,1701,214.0,0,6,0.0,0,0.0,Donetsk People's Republic
24341,0,159,3,477,3284,-13.152712,-74.218628,1.0,0,0.0,1,0,1,2,4139,159.0,0,5,1.0,0,0.0,Shining Path (SL)
22571,0,159,3,277,2118,-11.967368,-76.978462,1.0,0,1.0,1,0,3,1,1584,159.0,0,6,0.0,1,0.0,Tupac Amaru Revolutionary Movement (MRTA)
19352,0,186,6,261,1995,9.814937,80.16608,1.0,0,0.0,1,0,2,4,1762,186.0,0,5,0.0,1,0.0,Liberation Tigers of Tamil Eelam (LTTE)
61622,0,214,9,145,1089,48.327225,38.025673,1.0,1,0.0,1,0,3,4,1706,214.0,0,6,0.0,1,0.0,Donetsk People's Republic
80892,0,92,6,127,2216,20.270822,81.48673,1.0,0,0.0,0,0,3,20,6,92.0,0,6,0.0,0,0.0,Maoists
24446,1,92,6,337,3418,31.633078,74.878288,1.0,0,0.0,1,0,6,14,4351,92.0,0,5,5.0,0,1.0,Sikh Extremists
43217,0,186,6,215,2036,9.702661,79.9989,1.0,0,0.0,1,0,2,14,2558,186.0,0,5,1.0,0,0.0,Liberation Tigers of Tamil Eelam (LTTE)
7717,0,603,8,190,1604,55.011562,-7.312045,1.0,0,0.0,1,0,2,4,2198,216.0,0,5,1.0,1,0.0,Irish Republican Army (IRA)
13862,0,61,2,158,24,13.447063,-88.556531,4.0,0,1.0,1,0,3,21,1774,61.0,0,6,0.0,1,0.0,Farabundo Marti National Liberation Front (FMLN)
78385,0,147,11,108,627,11.831098,13.150967,2.0,0,1.0,1,1,3,4,1217,147.0,0,6,4.0,0,0.0,Boko Haram
33824,0,69,8,135,1016,42.699997,9.447317,1.0,0,0.0,1,0,3,1,1558,69.0,0,6,0.0,1,0.0,Corsican National Liberation Front (FLNC)
60490,0,92,6,130,935,19.042651,83.717257,2.0,0,1.0,1,0,7,1,1343,92.0,0,8,0.0,1,0.0,Communist Party of India - Maoist (CPI-Maoist)
59046,0,147,11,112,1396,9.632431,8.502985,2.0,0,1.0,1,0,2,14,27,147.0,0,5,33.0,1,0.0,Fulani extremists
48357,0,228,10,52,327,13.129726,45.385571,1.0,0,1.0,1,0,3,2,709,228.0,0,5,2.0,1,0.0,Al-Qaida in the Arabian Peninsula (AQAP)
24517,0,160,5,11,43,14.596051,120.978666,1.0,0,0.0,1,0,1,1,3394,160.0,0,5,1.0,0,0.0,New People's Army (NPA)
48648,0,4,6,321,3579,34.467964,70.491493,1.0,0,0.0,1,0,3,2,4460,4.0,0,6,0.0,1,0.0,Taliban
44118,0,160,5,396,2646,8.217759,126.314871,1.0,0,0.0,1,0,2,3,3338,160.0,0,5,1.0,0,0.0,New People's Army (NPA)
54900,0,95,10,33,247,33.303566,44.371773,1.0,0,1.0,1,0,3,3,175,95.0,0,6,5.0,0,0.0,Al-Qaida in Iraq
72107,0,92,6,127,2163,18.487408,80.974881,1.0,1,0.0,1,0,3,4,12,92.0,0,6,0.0,0,0.0,Maoists
10078,0,45,3,368,2508,6.46052,-71.72989,1.0,0,0.0,1,0,2,4,1762,45.0,0,5,5.0,1,0.0,Revolutionary Armed Forces of Colombia (FARC)
65435,0,92,6,127,2281,19.894924,80.957336,1.0,0,0.0,1,0,2,2,2959,92.0,0,5,0.0,1,0.0,Maoists
12968,0,145,2,449,2941,11.43857,-85.936974,1.0,0,0.0,1,0,2,4,3566,145.0,0,5,80.0,1,0.0,Nicaraguan Democratic Force (FDN)
81622,0,4,6,511,3609,33.662383,69.785643,3.0,0,1.0,1,0,7,3,524,4.0,0,8,0.0,1,0.0,Taliban
42065,0,95,10,33,247,33.303566,44.371773,1.0,0,0.0,1,0,3,3,562,95.0,0,6,11.0,1,0.0,Al-Qaida in Iraq
72442,0,92,6,125,927,24.76008,86.336255,2.0,0,0.0,1,0,5,16,1419,92.0,0,5,0.0,1,1.0,Communist Party of India - Maoist (CPI-Maoist)
65085,0,214,9,145,1081,47.832344,37.689873,1.0,0,0.0,1,0,3,4,1697,214.0,0,6,0.0,-9,0.0,Donetsk People's Republic
34813,0,186,6,261,2063,9.66123,80.02558,3.0,0,0.0,1,0,2,3,2587,186.0,0,5,2.0,1,0.0,Liberation Tigers of Tamil Eelam (LTTE)
62757,0,182,11,68,404,2.059819,45.326115,1.0,0,0.0,1,0,2,2,877,182.0,0,5,0.0,0,0.0,Al-Shabaab
55219,0,4,6,514,3562,30.54807,63.791685,3.0,0,0.0,1,0,2,3,85,4.0,0,5,4.0,1,0.0,Taliban
18062,0,61,2,149,1150,13.69288,-89.199161,1.0,0,0.0,1,0,2,4,1772,61.0,0,5,15.0,1,0.0,Farabundo Marti National Liberation Front (FMLN)
55382,0,228,10,58,24,13.148959,44.85055,4.0,0,0.0,1,0,2,4,736,228.0,0,5,3.0,0,0.0,Al-Qaida in the Arabian Peninsula (AQAP)
31900,0,110,10,461,3068,33.246259,35.5001,1.0,1,0.0,1,0,3,4,562,97.0,0,6,0.0,1,0.0,Palestinians
42556,0,186,6,261,2033,9.086163,79.818989,1.0,0,0.0,1,0,3,3,2552,186.0,0,6,1.0,1,0.0,Liberation Tigers of Tamil Eelam (LTTE)
47158,0,4,6,512,3539,32.100204,66.901016,1.0,0,0.0,0,0,1,3,4504,4.0,0,5,0.0,0,0.0,Taliban
71377,0,92,6,127,2208,18.184536,81.411415,1.0,0,0.0,0,0,3,20,6,92.0,0,6,0.0,0,0.0,Maoists
80638,0,228,10,60,1532,12.683549,43.458797,3.0,0,0.0,1,0,3,11,1974,126.0,0,6,0.0,0,0.0,Houthi extremists (Ansar Allah)
49878,0,182,11,73,440,3.926858,41.877171,1.0,1,0.0,1,0,6,12,855,182.0,0,5,0.0,1,1.0,Al-Shabaab
29093,0,159,3,277,2118,-11.967368,-76.978462,1.0,0,0.0,1,0,3,2,4819,159.0,0,6,0.0,1,0.0,Tupac Amaru Revolutionary Movement (MRTA)
6793,0,155,10,456,3039,32.222271,35.253506,1.0,0,0.0,0,0,3,20,1176,97.0,0,6,1.0,1,0.0,Palestinians
75207,0,92,6,130,2184,18.863646,82.876863,1.0,0,0.0,0,0,3,20,6,92.0,0,6,0.0,0,0.0,Maoists
30631,0,603,8,190,1607,54.347539,-6.656108,1.0,0,0.0,1,0,1,14,2152,233.0,0,5,1.0,0,0.0,Irish Republican Army (IRA)
78804,0,182,11,74,412,3.381584,45.598389,1.0,1,0.0,1,0,3,4,815,422.0,0,6,1.0,-9,0.0,Al-Shabaab
62690,0,214,9,145,1068,47.981647,37.762325,1.0,0,1.0,1,0,3,4,1700,214.0,0,6,0.0,1,0.0,Donetsk People's Republic
47073,0,228,10,57,1559,16.249994,45.478097,4.0,0,0.0,1,0,2,14,13,228.0,0,5,12.0,1,0.0,Houthi extremists (Ansar Allah)
57724,0,160,5,387,2632,10.3725,123.123611,1.0,0,0.0,1,0,7,1,3329,160.0,0,8,0.0,1,0.0,New People's Army (NPA)
28797,0,209,10,246,24,38.943543,41.748498,4.0,0,0.0,1,0,2,19,2402,209.0,0,5,1.0,1,0.0,Kurdistan Workers' Party (PKK)
23162,0,155,10,325,3048,31.346964,34.30143,1.0,0,0.0,1,0,1,20,3757,155.0,0,9,1.0,0,0.0,Palestinians
47395,0,153,6,534,3817,34.146668,72.386306,3.0,0,0.0,1,0,2,14,4667,153.0,0,5,1.0,-9,0.0,Tehrik-i-Taliban Pakistan (TTP)
51310,0,153,6,427,3806,33.640689,70.775759,1.0,0,0.0,1,0,2,4,162,153.0,0,5,1.0,-9,0.0,Tehrik-i-Taliban Pakistan (TTP)
50329,0,92,6,131,2279,18.475168,82.427445,1.0,1,0.0,1,0,7,1,2957,92.0,0,8,0.0,1,0.0,Maoists
19322,0,159,3,277,3327,-10.79257,-76.90911,1.0,0,0.0,1,0,2,14,4116,159.0,0,5,6.0,1,0.0,Shining Path (SL)
15064,0,159,3,277,2118,-11.967368,-76.978462,1.0,0,1.0,1,0,3,1,4762,159.0,0,6,0.0,1,0.0,Tupac Amaru Revolutionary Movement (MRTA)
64656,0,228,10,53,314,15.325443,44.211895,1.0,0,0.0,1,0,3,14,643,228.0,0,6,0.0,1,0.0,Al-Qaida in the Arabian Peninsula (AQAP)
48109,0,92,6,127,831,20.271944,81.493056,3.0,0,0.0,1,0,7,1,1353,92.0,0,8,0.0,1,0.0,Communist Party of India - Maoist (CPI-Maoist)
27531,0,159,3,277,2118,-11.967368,-76.978462,1.0,0,1.0,1,0,3,1,765,159.0,0,6,0.0,1,0.0,Tupac Amaru Revolutionary Movement (MRTA)
49510,0,45,3,359,2524,8.436226,-73.286661,1.0,1,0.0,1,0,3,21,3859,45.0,0,6,0.0,1,0.0,Revolutionary Armed Forces of Colombia (FARC)
48462,0,92,6,127,846,18.701641,81.248451,1.0,1,0.0,1,0,7,1,1367,92.0,0,8,0.0,1,0.0,Communist Party of India - Maoist (CPI-Maoist)
48734,0,92,6,133,923,19.315328,75.859205,1.0,1,0.0,1,0,3,3,1090,92.0,0,6,0.0,1,0.0,Communist Party of India - Maoist (CPI-Maoist)
66566,0,160,5,412,2744,8.968959,125.336637,2.0,0,0.0,0,0,1,2,3419,160.0,0,5,0.0,1,0.0,New People's Army (NPA)
79669,0,147,11,108,619,11.922882,13.281358,2.0,0,1.0,1,1,3,14,1210,147.0,0,6,1.0,1,0.0,Boko Haram
25631,0,92,6,337,24,31.147131,75.341218,4.0,0,0.0,1,0,3,19,56,92.0,0,6,12.0,1,0.0,Sikh Extremists
63297,0,228,10,50,340,16.133333,47.233333,3.0,0,0.0,1,1,3,4,683,228.0,0,6,13.0,0,0.0,Al-Qaida in the Arabian Peninsula (AQAP)
14823,0,183,11,26,170,-23.00124,29.768678,1.0,0,0.0,0,0,3,1,342,183.0,0,6,0.0,1,0.0,African National Congress (South Africa)
31853,0,159,3,277,2118,-11.967368,-76.978462,1.0,0,0.0,1,0,3,7,4772,217.0,0,6,0.0,1,0.0,Tupac Amaru Revolutionary Movement (MRTA)
30103,0,159,3,536,3858,-12.050934,-77.126044,1.0,0,0.0,1,0,3,3,1106,159.0,0,6,4.0,1,0.0,Tupac Amaru Revolutionary Movement (MRTA)
14828,0,185,8,86,584,42.950049,-2.853817,1.0,0,0.0,1,0,2,3,1114,185.0,0,6,1.0,1,0.0,Basque Fatherland and Freedom (ETA)
3975,0,185,8,88,509,43.258434,-2.921819,1.0,0,0.0,1,0,3,21,949,185.0,0,6,2.0,1,0.0,Basque Fatherland and Freedom (ETA)
56485,0,4,6,507,3556,31.502876,65.845241,1.0,0,0.0,1,1,3,4,162,422.0,0,6,1.0,1,0.0,Taliban
46804,0,4,6,520,3631,34.68611,70.915658,3.0,0,0.0,0,0,1,2,4499,4.0,0,5,0.0,-9,0.0,Taliban
47079,0,45,3,367,3238,2.58328,-75.449375,1.0,0,0.0,1,0,2,2,3980,45.0,0,5,1.0,-9,0.0,Revolutionary Armed Forces of Colombia (FARC)
15960,0,183,11,20,201,-32.949255,27.734962,1.0,0,0.0,1,0,2,3,267,183.0,0,5,1.0,0,0.0,African National Congress (South Africa)
65694,0,147,11,166,1286,7.689167,9.250278,3.0,0,1.0,1,0,2,14,27,147.0,0,5,1.0,1,0.0,Fulani extremists
6352,0,97,10,458,3064,31.830866,34.955151,1.0,0,0.0,1,0,3,14,3672,97.0,0,6,0.0,1,0.0,Palestinians
60464,0,147,11,110,615,11.247069,12.01246,1.0,0,1.0,1,0,2,4,577,147.0,0,5,3.0,-9,0.0,Boko Haram
42238,0,160,5,391,2661,12.5677,123.7337,1.0,0,0.0,1,0,2,3,3347,160.0,0,5,0.0,1,0.0,New People's Army (NPA)
16366,0,183,11,18,132,-29.965819,30.882976,1.0,0,0.0,1,0,3,3,275,183.0,0,6,1.0,0,0.0,African National Congress (South Africa)
62636,0,214,9,145,1067,47.117252,37.572659,1.0,0,0.0,1,0,2,14,1150,214.0,0,5,2.0,1,0.0,Donetsk People's Republic
47048,0,185,8,86,510,43.15256,-3.028622,1.0,0,0.0,1,0,7,14,945,185.0,0,8,0.0,1,0.0,Basque Fatherland and Freedom (ETA)
11136,0,61,2,157,1242,13.697393,-88.007249,1.0,0,0.0,1,0,2,4,1772,61.0,0,5,22.0,1,1.0,Farabundo Marti National Liberation Front (FMLN)
55540,1,92,6,127,852,18.865511,81.874222,1.0,0,0.0,1,0,1,17,1374,92.0,0,6,17.0,0,1.0,Communist Party of India - Maoist (CPI-Maoist)
27424,0,603,8,190,1646,54.239317,-6.502301,1.0,0,0.0,1,0,3,4,577,233.0,0,6,3.0,1,0.0,Irish Republican Army (IRA)
56941,0,147,11,112,703,9.62948,8.531306,1.0,0,0.0,1,0,2,14,27,147.0,0,5,11.0,1,0.0,Boko Haram
54258,0,92,6,133,2249,20.244683,80.282758,1.0,1,0.0,1,0,7,1,1327,92.0,0,8,0.0,1,0.0,Maoists
42146,0,95,10,33,247,33.303566,44.371773,1.0,0,0.0,1,0,6,7,533,60.0,0,5,0.0,0,1.0,Al-Qaida in Iraq
19890,0,159,3,277,2118,-11.967368,-76.978462,1.0,0,0.0,1,0,7,1,4773,159.0,0,8,0.0,1,0.0,Tupac Amaru Revolutionary Movement (MRTA)
51953,0,153,6,352,3731,34.006004,71.53743,1.0,0,0.0,1,0,3,3,2901,153.0,0,6,0.0,1,0.0,Tehrik-i-Taliban Pakistan (TTP)
51135,0,95,10,42,271,32.54855,44.545441,1.0,0,1.0,1,0,3,3,12,95.0,0,6,1.0,1,0.0,Al-Qaida in Iraq
74678,0,147,11,166,24,7.350826,8.836276,4.0,0,1.0,1,0,2,14,27,147.0,0,5,2.0,1,0.0,Fulani extremists
22531,0,43,3,279,2124,-40.57472,-73.131919,1.0,0,0.0,1,0,3,10,283,43.0,0,6,0.0,1,0.0,Manuel Rodriguez Patriotic Front (FPMR)
10923,0,603,8,190,1639,54.645861,-6.745149,1.0,0,0.0,1,0,3,14,1567,233.0,0,6,0.0,1,0.0,Irish Republican Army (IRA)
63229,0,167,9,322,2411,43.320229,45.654491,1.0,0,0.0,1,1,3,14,3069,167.0,0,6,6.0,-9,0.0,Muslim extremists
26189,0,92,6,337,3455,31.448943,74.925262,1.0,0,0.0,1,0,1,3,1191,92.0,0,6,2.0,1,0.0,Sikh Extremists
17312,0,145,2,436,2985,13.2457,-85.96667,1.0,0,0.0,1,0,2,1,3532,145.0,0,5,10.0,1,0.0,Nicaraguan Democratic Force (FDN)
15273,0,145,2,437,24,13.78944,-86.012157,4.0,0,1.0,1,0,2,1,3576,145.0,0,5,1.0,1,0.0,Nicaraguan Democratic Force (FDN)
12310,0,43,3,270,2108,-33.010693,-71.527794,1.0,0,0.0,1,0,5,10,2769,43.0,0,5,1.0,1,1.0,Manuel Rodriguez Patriotic Front (FPMR)
66223,0,153,6,468,3130,24.891115,67.143311,1.0,0,0.0,1,0,2,3,12,153.0,0,5,3.0,0,0.0,Tehrik-i-Taliban Pakistan (TTP)
47454,0,153,6,427,3763,33.908578,71.070055,3.0,0,0.0,1,0,3,8,4611,153.0,0,6,0.0,1,0.0,Tehrik-i-Taliban Pakistan (TTP)
56894,1,153,6,427,3764,34.345856,71.370506,1.0,0,1.0,1,0,6,1,4600,153.0,0,5,1.0,1,1.0,Tehrik-i-Taliban Pakistan (TTP)
26049,0,160,5,11,43,14.596051,120.978666,1.0,0,1.0,1,0,2,19,3430,160.0,0,8,0.0,1,0.0,New People's Army (NPA)
66596,0,147,11,108,717,10.906661,12.089108,1.0,0,0.0,1,0,6,14,205,147.0,0,5,23.0,1,1.0,Boko Haram
66955,0,173,10,61,24,18.520277,45.69972,4.0,0,0.0,1,0,3,3,1695,173.0,0,6,3.0,-9,0.0,Houthi extremists (Ansar Allah)
67197,0,214,9,145,1071,48.143208,37.753361,1.0,1,1.0,1,0,3,4,1697,214.0,0,6,0.0,-9,0.0,Donetsk People's Republic
71814,0,160,5,0,5,6.654902,122.124129,1.0,0,0.0,1,0,3,1,153,160.0,0,6,0.0,0,0.0,Abu Sayyaf Group (ASG)
5495,0,110,10,457,3040,33.888523,35.503513,1.0,0,0.0,1,0,3,6,3761,75.0,0,6,0.0,1,0.0,Palestinians
6450,0,183,11,19,192,-25.71265,28.127227,1.0,0,0.0,1,0,3,3,354,183.0,0,6,0.0,1,0.0,African National Congress (South Africa)
48567,0,92,6,129,789,17.864437,81.408409,1.0,0,0.0,1,0,3,2,1309,92.0,0,6,0.0,1,0.0,Communist Party of India - Maoist (CPI-Maoist)
63476,0,228,10,52,333,13.521941,46.711571,1.0,0,0.0,1,0,3,4,743,228.0,0,6,3.0,1,0.0,Al-Qaida in the Arabian Peninsula (AQAP)
63077,0,214,9,145,1100,48.240883,38.525669,1.0,0,1.0,1,0,3,4,48,214.0,0,6,0.0,-9,0.0,Donetsk People's Republic
47386,0,153,6,427,3768,34.856902,71.429936,3.0,0,0.0,1,0,3,8,4602,153.0,0,6,0.0,1,0.0,Tehrik-i-Taliban Pakistan (TTP)
19270,0,92,6,337,3497,31.37148,75.393681,3.0,0,0.0,1,0,3,19,4371,92.0,0,6,0.0,1,0.0,Sikh Extremists
18157,0,92,6,337,3473,31.432514,75.655905,1.0,0,0.0,1,0,2,14,4339,92.0,0,5,6.0,1,0.0,Sikh Extremists
3568,0,185,8,94,531,42.815372,-1.653616,1.0,0,0.0,1,0,3,2,1012,185.0,0,6,0.0,1,0.0,Basque Fatherland and Freedom (ETA)
77755,0,95,10,37,285,36.281666,42.40361,1.0,1,0.0,1,0,3,10,2296,95.0,0,6,0.0,-9,0.0,Islamic State of Iraq and the Levant (ISIL)
9676,0,159,3,480,3291,-13.952269,-71.653815,1.0,0,0.0,1,0,1,14,4064,159.0,0,5,2.0,0,0.0,Shining Path (SL)
64408,0,28,9,296,2364,45.183961,15.828342,1.0,0,0.0,0,0,1,15,3030,28.0,0,9,0.0,0,0.0,Muslim extremists
48835,0,182,11,66,411,2.14383,45.118061,1.0,0,0.0,1,0,2,10,868,182.0,0,5,0.0,-9,0.0,Al-Shabaab
14880,0,145,2,437,2873,13.62679,-85.8254,1.0,0,0.0,1,0,2,1,59,145.0,0,5,2.0,1,0.0,Nicaraguan Democratic Force (FDN)
68138,0,147,11,108,713,10.769333,13.146207,1.0,0,0.0,1,0,2,14,27,147.0,0,5,15.0,1,0.0,Boko Haram
60680,0,37,11,117,639,10.93119,13.739053,1.0,0,0.0,1,0,2,14,27,37.0,0,5,2.0,1,0.0,Boko Haram
38752,0,160,5,1,22,6.050458,121.012245,1.0,0,0.0,1,0,1,15,82,160.0,0,5,2.0,0,0.0,Abu Sayyaf Group (ASG)
67667,0,228,10,48,309,12.825647,44.846416,1.0,0,0.0,1,0,7,22,524,228.0,0,5,0.0,1,0.0,Houthi extremists (Ansar Allah)
31211,0,97,10,458,3043,31.771599,35.2034,1.0,0,0.0,1,0,8,19,56,97.0,0,9,0.0,1,0.0,Palestinians
59132,0,160,5,391,2725,12.420577,123.780237,3.0,0,0.0,1,0,3,2,3399,160.0,0,6,0.0,0,0.0,New People's Army (NPA)
12650,0,183,11,19,165,-26.160098,27.872807,1.0,0,0.0,1,0,3,3,374,183.0,0,6,1.0,1,0.0,African National Congress (South Africa)
20060,0,183,11,19,166,-25.748281,28.212069,1.0,0,0.0,1,0,3,1,365,183.0,0,6,0.0,1,0.0,African National Congress (South Africa)
25991,0,159,3,277,2118,-11.967368,-76.978462,1.0,0,1.0,0,0,3,1,947,159.0,0,6,0.0,1,0.0,Shining Path (SL)
60676,0,214,9,145,1066,48.596962,37.998299,1.0,0,0.0,1,0,3,4,1695,214.0,0,6,0.0,1,0.0,Donetsk People's Republic
63784,0,147,11,167,1360,8.914713,7.889945,1.0,0,1.0,1,0,7,14,27,147.0,0,8,1.0,1,0.0,Fulani extremists
81811,0,153,6,337,3744,31.578721,74.268464,1.0,1,0.0,0,0,2,3,85,153.0,0,5,4.0,0,0.0,Tehrik-i-Taliban Pakistan (TTP)
32210,0,209,10,225,1853,37.192877,40.581143,1.0,0,0.0,1,0,2,4,562,209.0,0,5,1.0,1,0.0,Kurdistan Workers' Party (PKK)
17030,0,603,8,190,1633,55.199105,-6.654067,1.0,0,0.0,1,0,1,3,1653,233.0,0,5,2.0,0,0.0,Irish Republican Army (IRA)
77104,0,228,10,183,1577,16.402103,43.05595,1.0,0,0.0,1,0,3,4,48,228.0,0,6,3.0,-9,0.0,Houthi extremists (Ansar Allah)
15575,0,61,2,156,1173,13.733333,-88.883333,1.0,0,1.0,1,0,3,21,1822,61.0,0,6,0.0,1,0.0,Farabundo Marti National Liberation Front (FMLN)
24872,0,603,8,190,1650,54.131402,-6.586387,1.0,0,0.0,1,0,1,4,2160,216.0,0,5,1.0,0,0.0,Irish Republican Army (IRA)
51698,0,95,10,34,249,33.74324,44.623825,1.0,0,1.0,1,1,3,3,85,95.0,0,6,3.0,-9,0.0,Al-Qaida in Iraq
72585,0,209,10,222,1839,37.342787,42.121717,3.0,0,0.0,1,0,3,4,48,209.0,0,6,2.0,0,0.0,Kurdistan Workers' Party (PKK)
54205,0,147,11,115,634,11.974328,8.50026,1.0,0,0.0,1,0,2,15,215,147.0,0,5,3.0,0,0.0,Boko Haram
60275,0,113,10,328,2423,32.760422,22.635265,1.0,0,0.0,1,0,2,1,3078,113.0,0,5,0.0,-9,0.0,Muslim extremists
32798,0,603,8,190,24,54.787715,-6.492314,4.0,0,1.0,1,0,2,4,2188,216.0,0,5,0.0,1,0.0,Irish Republican Army (IRA)
73478,0,160,5,0,57,6.482311,121.96159,2.0,0,0.0,1,0,3,14,99,160.0,0,6,0.0,0,0.0,Abu Sayyaf Group (ASG)
17341,0,145,2,436,2947,14.152916,-85.07312,2.0,0,0.0,1,0,2,14,1955,145.0,0,5,12.0,1,0.0,Nicaraguan Democratic Force (FDN)
54593,0,153,6,352,3766,33.370038,70.54496,1.0,0,0.0,1,1,3,4,1217,153.0,0,6,8.0,1,0.0,Tehrik-i-Taliban Pakistan (TTP)
52122,0,4,6,507,3626,31.461224,66.52239,3.0,0,0.0,1,1,3,3,2478,4.0,0,6,6.0,0,0.0,Taliban
60630,0,214,9,145,1097,47.942608,37.505135,1.0,0,0.0,1,0,2,4,1734,214.0,0,5,15.0,0,0.0,Donetsk People's Republic
11748,0,145,2,445,2874,12.96361,-86.81472,1.0,0,0.0,1,0,3,21,3527,145.0,0,6,1.0,1,0.0,Nicaraguan Democratic Force (FDN)
27290,0,45,3,472,2984,5.25001,-70.26667,2.0,0,0.0,1,0,2,4,3904,45.0,0,5,1.0,1,0.0,Revolutionary Armed Forces of Colombia (FARC)
58969,0,147,11,108,628,11.167602,13.741359,3.0,0,0.0,0,0,1,2,1218,147.0,0,5,5.0,1,0.0,Boko Haram
23106,0,209,10,222,1806,37.246602,42.479458,1.0,1,0.0,1,0,2,3,562,209.0,0,5,9.0,1,0.0,Kurdistan Workers' Party (PKK)
51722,0,95,10,33,247,33.303566,44.371773,1.0,0,1.0,1,0,3,14,347,95.0,0,6,2.0,0,0.0,Al-Qaida in Iraq
20817,0,43,3,271,2106,-33.366238,-70.505302,1.0,0,0.0,1,0,3,2,2750,43.0,0,6,0.0,1,0.0,Manuel Rodriguez Patriotic Front (FPMR)
80528,0,160,5,357,2762,7.067748,125.033156,1.0,0,1.0,1,0,3,3,12,160.0,0,6,0.0,1,0.0,New People's Army (NPA)
64754,0,4,6,508,3534,34.783249,70.107997,3.0,0,0.0,1,0,2,4,48,4.0,0,5,2.0,0,0.0,Taliban
60617,0,200,10,212,2437,35.785833,36.038056,1.0,0,0.0,1,0,3,14,27,200.0,0,6,1.0,-9,0.0,Muslim extremists
76303,0,200,10,201,1699,33.514722,36.124722,1.0,0,1.0,1,1,3,14,13,200.0,0,6,3.0,-9,0.0,Islamic State of Iraq and the Levant (ISIL)
63902,0,214,9,145,1071,48.143208,37.753361,1.0,1,0.0,1,0,3,4,1723,214.0,0,6,4.0,-9,0.0,Donetsk People's Republic
61883,0,160,5,15,2701,9.05,118.033333,1.0,0,0.0,1,0,7,1,3407,160.0,0,8,0.0,1,0.0,New People's Army (NPA)
8600,0,97,10,456,3060,32.243008,35.456097,1.0,0,0.0,1,0,2,4,1885,97.0,0,5,1.0,1,0.0,Palestinians
45633,0,15,8,253,1908,47.80949,13.05501,1.0,0,0.0,1,0,7,7,2438,209.0,0,9,0.0,-9,0.0,Kurdistan Workers' Party (PKK)
21913,0,43,3,271,2106,-33.366238,-70.505302,1.0,0,0.0,1,0,2,3,2799,43.0,0,5,0.0,1,0.0,Manuel Rodriguez Patriotic Front (FPMR)
12594,0,43,3,271,2106,-33.366238,-70.505302,1.0,0,1.0,1,0,3,21,2742,43.0,0,6,0.0,1,0.0,Manuel Rodriguez Patriotic Front (FPMR)
67247,0,4,6,519,24,35.170056,63.76864,4.0,0,0.0,1,0,2,3,2901,4.0,0,8,3.0,1,0.0,Taliban
37284,0,603,8,190,1603,54.607712,-5.95621,1.0,0,0.0,0,0,3,12,2206,233.0,0,6,0.0,0,0.0,Irish Republican Army (IRA)
67313,1,160,5,2,49,5.010223,119.747485,1.0,0,0.0,1,0,6,1,81,160.0,0,5,0.0,0,1.0,Abu Sayyaf Group (ASG)
31963,0,69,8,135,24,41.918891,8.737554,4.0,0,1.0,1,0,3,2,560,69.0,0,6,0.0,1,0.0,Corsican National Liberation Front (FLNC)
10390,0,183,11,19,155,-26.252697,27.870275,1.0,0,0.0,0,0,3,21,379,183.0,0,6,0.0,1,0.0,African National Congress (South Africa)
23782,0,43,3,271,2106,-33.366238,-70.505302,1.0,0,0.0,1,0,3,10,2794,43.0,0,6,0.0,1,0.0,Manuel Rodriguez Patriotic Front (FPMR)
15603,0,159,3,477,3284,-13.152712,-74.218628,1.0,0,1.0,1,0,3,21,2810,159.0,0,6,0.0,1,0.0,Shining Path (SL)
14504,0,145,2,444,2975,12.53345,-86.22788,1.0,0,0.0,1,0,2,4,562,145.0,0,5,0.0,1,0.0,Nicaraguan Democratic Force (FDN)
12899,0,69,8,137,1018,43.296482,5.36978,1.0,0,0.0,1,0,3,1,1088,69.0,0,6,0.0,1,0.0,Corsican National Liberation Front (FLNC)
7224,0,185,8,86,515,43.291618,-1.977903,1.0,0,0.0,0,0,1,2,997,185.0,0,8,0.0,0,0.0,Basque Fatherland and Freedom (ETA)
50219,0,228,10,48,309,12.825647,44.846416,1.0,0,0.0,1,0,1,3,692,228.0,0,6,1.0,1,0.0,Al-Qaida in the Arabian Peninsula (AQAP)
17654,0,603,8,190,1614,54.482055,-8.088244,1.0,0,0.0,1,0,2,4,2067,216.0,0,5,1.0,1,0.0,Irish Republican Army (IRA)
10239,0,145,2,437,1161,13.841425,-86.193928,1.0,0,0.0,1,0,2,4,1762,145.0,0,5,1.0,1,0.0,Nicaraguan Democratic Force (FDN)
26371,0,160,5,422,70,14.67428,121.057495,1.0,0,0.0,0,0,1,3,3451,160.0,0,5,0.0,0,0.0,New People's Army (NPA)
50373,0,103,7,330,2425,42.9,71.366667,1.0,0,0.0,1,1,3,2,3080,103.0,0,6,8.0,1,0.0,Muslim extremists
35975,0,69,8,135,1016,42.699997,9.447317,1.0,0,0.0,1,0,3,2,1650,69.0,0,6,0.0,1,0.0,Corsican National Liberation Front (FLNC)
15610,0,159,3,277,2118,-11.967368,-76.978462,1.0,0,1.0,1,0,7,1,4080,159.0,0,8,0.0,1,0.0,Shining Path (SL)
33133,0,209,10,207,1711,41.106178,28.689863,1.0,1,0.0,0,0,3,19,2419,209.0,0,6,0.0,1,0.0,Kurdistan Workers' Party (PKK)
49589,0,92,6,133,861,20.181843,80.006844,3.0,0,0.0,1,0,3,14,1383,92.0,0,6,6.0,1,0.0,Communist Party of India - Maoist (CPI-Maoist)
77016,0,95,10,33,247,33.303566,44.371773,1.0,0,0.0,1,1,3,14,2312,95.0,0,6,36.0,1,0.0,Islamic State of Iraq and the Levant (ISIL)
17038,0,43,3,271,2106,-33.366238,-70.505302,1.0,0,0.0,1,0,5,10,2803,43.0,0,5,0.0,1,1.0,Manuel Rodriguez Patriotic Front (FPMR)
33211,0,69,8,135,1035,41.491868,9.055051,1.0,0,1.0,1,0,3,14,1566,69.0,0,6,0.0,1,0.0,Corsican National Liberation Front (FLNC)
49467,0,45,3,368,3147,6.820856,-71.324402,2.0,0,0.0,1,0,3,21,3867,45.0,0,6,0.0,1,0.0,Revolutionary Armed Forces of Colombia (FARC)
60472,1,214,9,145,1068,47.981647,37.762325,1.0,0,0.0,1,0,6,14,1716,214.0,0,5,0.0,0,1.0,Donetsk People's Republic
14961,0,145,2,437,2873,13.62679,-85.8254,1.0,0,0.0,1,0,2,4,1762,145.0,0,5,1.0,1,0.0,Nicaraguan Democratic Force (FDN)
16498,0,159,3,277,2118,-11.967368,-76.978462,1.0,0,0.0,1,0,2,3,4075,159.0,0,5,1.0,1,0.0,Shining Path (SL)
17955,0,185,8,91,522,43.46096,-3.807934,1.0,0,0.0,1,0,3,1,1120,217.0,0,6,0.0,1,0.0,Basque Fatherland and Freedom (ETA)
19370,0,69,8,135,1022,42.567651,8.757222,1.0,0,0.0,1,0,3,1,512,69.0,0,6,0.0,1,0.0,Corsican National Liberation Front (FLNC)
9059,0,159,3,277,3345,-11.967368,-76.978462,1.0,0,0.0,1,0,3,21,1761,159.0,0,6,1.0,1,0.0,Shining Path (SL)
4961,0,69,8,136,131,48.856644,2.34233,1.0,0,1.0,1,0,3,1,765,69.0,0,6,1.0,1,0.0,Corsican National Liberation Front (FLNC)
48366,0,4,6,516,3550,35.672778,71.343333,1.0,0,0.0,1,0,2,2,4444,4.0,0,5,11.0,-9,0.0,Taliban
22303,0,183,11,19,200,-26.249031,27.944123,1.0,0,0.0,1,0,1,3,368,183.0,0,5,1.0,0,0.0,African National Congress (South Africa)
12816,0,145,2,438,2956,13.362156,-86.39801,3.0,1,0.0,1,0,2,4,1762,145.0,0,5,6.0,1,0.0,Nicaraguan Democratic Force (FDN)
26321,0,45,3,383,3144,3.24114,-74.35539,3.0,0,0.0,1,0,2,4,1844,45.0,0,5,0.0,1,0.0,Revolutionary Armed Forces of Colombia (FARC)
63459,0,214,9,145,1099,48.346134,38.424828,1.0,0,0.0,1,0,3,4,48,214.0,0,6,0.0,0,0.0,Donetsk People's Republic
3128,0,183,11,19,177,-26.141151,28.427501,1.0,0,0.0,1,0,3,3,267,183.0,0,6,0.0,1,0.0,African National Congress (South Africa)
46882,0,4,6,321,3549,34.623611,70.603333,2.0,1,0.0,1,0,2,14,13,4.0,0,5,0.0,-9,0.0,Taliban
47668,0,92,6,125,796,24.749905,84.370896,2.0,1,1.0,1,0,7,1,1316,92.0,0,8,0.0,1,0.0,Communist Party of India - Maoist (CPI-Maoist)
19548,0,43,3,271,2106,-33.366238,-70.505302,1.0,0,1.0,1,0,2,19,56,43.0,0,8,0.0,1,0.0,Manuel Rodriguez Patriotic Front (FPMR)
4818,0,69,8,135,24,41.918891,8.737554,4.0,0,1.0,1,0,3,1,1088,69.0,0,6,0.0,1,0.0,Corsican National Liberation Front (FLNC)
52928,0,95,10,36,279,34.726269,44.584908,1.0,1,1.0,1,0,2,14,531,95.0,0,5,8.0,0,0.0,Al-Qaida in Iraq
37480,0,209,10,207,1711,41.106178,28.689863,1.0,0,0.0,1,0,3,14,2370,209.0,0,6,1.0,1,0.0,Kurdistan Workers' Party (PKK)
75357,0,92,6,130,2289,20.165435,85.023346,2.0,0,0.0,1,0,3,3,167,92.0,0,6,0.0,1,0.0,Maoists
43334,0,186,6,215,1972,8.577826,81.218719,1.0,0,0.0,0,0,3,4,2564,186.0,0,6,0.0,0,0.0,Liberation Tigers of Tamil Eelam (LTTE)
25079,0,92,6,337,3415,30.34,76.38,1.0,0,0.0,1,0,3,15,4250,92.0,0,6,4.0,1,0.0,Sikh Extremists
63793,0,147,11,111,617,7.78811,6.729729,1.0,0,0.0,1,0,3,3,1209,147.0,0,6,1.0,1,0.0,Boko Haram
59268,0,147,11,166,1445,7.652859,8.133545,2.0,0,0.0,1,0,8,14,13,147.0,0,2,15.0,0,0.0,Fulani extremists
59896,0,4,6,509,3599,32.677261,61.981559,3.0,0,1.0,1,0,2,3,2901,4.0,0,5,2.0,1,0.0,Taliban
18526,0,43,3,271,2106,-33.366238,-70.505302,1.0,0,1.0,1,0,3,14,1065,43.0,0,6,0.0,1,0.0,Manuel Rodriguez Patriotic Front (FPMR)
18845,0,92,6,337,3413,31.8186,75.2028,1.0,1,0.0,1,0,2,4,1772,92.0,0,5,2.0,1,0.0,Sikh Extremists
43732,0,186,6,261,2047,8.785598,80.41596,1.0,0,0.0,1,0,2,3,2566,186.0,0,5,1.0,-9,0.0,Liberation Tigers of Tamil Eelam (LTTE)
60161,0,4,6,512,3539,32.100204,66.901016,1.0,0,0.0,1,1,3,3,559,4.0,0,6,1.0,1,0.0,Taliban
72117,0,228,10,60,350,13.586484,44.024105,1.0,0,0.0,1,0,3,14,925,228.0,0,6,0.0,-9,0.0,Houthi extremists (Ansar Allah)
66190,0,214,9,145,1069,47.098835,37.81987,1.0,0,0.0,1,0,2,4,48,214.0,0,6,0.0,0,0.0,Donetsk People's Republic
68939,0,214,9,145,1068,47.981647,37.762325,1.0,0,0.0,1,0,3,14,925,214.0,0,6,1.0,-9,0.0,Donetsk People's Republic
33398,0,69,8,135,1013,41.930607,8.742907,1.0,0,0.0,1,0,3,1,1637,69.0,0,6,0.0,1,0.0,Corsican National Liberation Front (FLNC)
20071,0,92,6,283,3430,20.946702,72.952035,1.0,0,0.0,1,0,1,2,4269,92.0,0,5,7.0,0,0.0,Sikh Extremists
41694,0,186,6,215,1982,8.5922,81.196796,3.0,0,0.0,1,0,3,19,2498,186.0,0,6,1.0,1,0.0,Liberation Tigers of Tamil Eelam (LTTE)
31962,0,69,8,135,24,41.918891,8.737554,4.0,0,1.0,1,0,3,2,560,69.0,0,6,0.0,1,0.0,Corsican National Liberation Front (FLNC)
51277,0,95,10,37,281,36.373718,42.451778,2.0,0,1.0,1,0,3,14,13,95.0,0,6,7.0,1,0.0,Al-Qaida in Iraq
59778,0,214,9,145,1084,48.526871,37.711357,1.0,0,0.0,1,0,7,10,560,214.0,0,8,0.0,1,0.0,Donetsk People's Republic
12858,0,159,3,277,2118,-11.967368,-76.978462,1.0,0,0.0,1,0,5,10,560,217.0,0,5,0.0,1,1.0,Tupac Amaru Revolutionary Movement (MRTA)
47427,0,92,6,128,799,22.404193,87.379866,3.0,0,0.0,1,0,2,14,1318,92.0,0,5,3.0,0,0.0,Communist Party of India - Maoist (CPI-Maoist)
44238,0,95,10,32,258,33.349159,43.784199,1.0,0,0.0,1,0,2,3,594,95.0,0,5,1.0,0,0.0,Al-Qaida in Iraq
47232,0,45,3,383,3185,2.938546,-73.208681,1.0,1,0.0,1,0,2,12,3910,45.0,0,5,0.0,1,0.0,Revolutionary Armed Forces of Colombia (FARC)
34066,0,75,8,193,1877,50.940664,6.959912,1.0,0,0.0,1,0,7,1,2386,209.0,0,8,0.0,1,0.0,Kurdistan Workers' Party (PKK)
23024,0,43,3,271,2106,-33.366238,-70.505302,1.0,0,0.0,1,0,3,16,2761,43.0,0,6,0.0,1,0.0,Manuel Rodriguez Patriotic Front (FPMR)
33311,1,160,5,1,22,6.050458,121.012245,1.0,0,0.0,1,0,6,15,134,217.0,0,5,2.0,0,1.0,Abu Sayyaf Group (ASG)
72658,0,160,5,1,6,5.97972,121.054829,1.0,0,1.0,0,0,3,20,6,160.0,0,6,0.0,0,0.0,Abu Sayyaf Group (ASG)
13957,0,145,2,452,2899,13.333325,-85.372013,1.0,0,0.0,1,0,2,4,562,145.0,0,5,1.0,1,0.0,Nicaraguan Democratic Force (FDN)
52681,0,95,10,34,297,33.571807,44.536067,1.0,0,1.0,1,0,3,1,592,95.0,0,6,5.0,-9,0.0,Al-Qaida in Iraq
8931,0,185,8,94,531,42.815372,-1.653616,1.0,0,0.0,1,0,3,2,1006,185.0,0,6,1.0,1,0.0,Basque Fatherland and Freedom (ETA)
61450,0,95,10,37,1715,36.158558,43.2551,1.0,0,1.0,1,0,3,3,2297,95.0,0,6,0.0,1,0.0,Islamic State of Iraq and the Levant (ISIL)
74546,0,200,10,204,1706,34.896112,35.886553,1.0,0,1.0,1,1,3,19,1254,200.0,0,6,18.0,1,0.0,Islamic State of Iraq and the Levant (ISIL)
58183,0,153,6,352,3756,31.816667,70.916667,1.0,0,1.0,1,0,3,3,4610,153.0,0,6,0.0,0,0.0,Tehrik-i-Taliban Pakistan (TTP)
80010,0,95,10,36,277,34.92485,43.491413,1.0,1,0.0,0,1,3,4,2332,95.0,0,6,4.0,0,0.0,Islamic State of Iraq and the Levant (ISIL)
7484,0,155,10,325,1468,31.502407,34.459743,1.0,0,0.0,1,0,3,4,3665,97.0,0,6,1.0,1,0.0,Palestinians
50102,0,92,6,130,895,19.500132,82.301773,2.0,0,0.0,1,0,2,2,1425,92.0,0,5,2.0,-9,0.0,Communist Party of India - Maoist (CPI-Maoist)
18550,0,43,3,271,2106,-33.366238,-70.505302,1.0,0,0.0,1,0,3,2,1776,43.0,0,6,0.0,1,0.0,Manuel Rodriguez Patriotic Front (FPMR)
7001,0,61,2,149,1150,13.69288,-89.199161,1.0,0,0.0,1,0,3,1,765,61.0,0,6,0.0,1,0.0,Farabundo Marti National Liberation Front (FMLN)
27179,0,159,3,277,2118,-11.967368,-76.978462,1.0,0,0.0,1,0,3,8,4787,159.0,0,6,0.0,1,0.0,Tupac Amaru Revolutionary Movement (MRTA)
26509,0,61,2,157,1191,13.61177,-88.026466,1.0,0,1.0,1,0,3,21,1799,61.0,0,6,0.0,1,0.0,Farabundo Marti National Liberation Front (FMLN)
79551,0,60,10,290,2361,31.126646,33.800865,1.0,1,0.0,1,0,3,3,559,60.0,0,6,3.0,1,0.0,Muslim extremists
51751,0,92,6,126,2149,24.165471,86.223142,1.0,0,0.0,1,0,5,1,1463,92.0,0,5,0.0,1,1.0,Maoists
40722,0,92,6,291,2353,33.371715,74.315313,1.0,0,0.0,1,0,3,19,3023,92.0,0,6,4.0,1,0.0,Muslim extremists
82637,0,200,10,213,1770,35.333061,40.138737,1.0,0,0.0,1,0,3,8,51,200.0,0,6,6.0,1,0.0,Islamic State of Iraq and the Levant (ISIL)
48139,0,153,6,427,3773,34.574856,71.276081,1.0,0,1.0,1,0,3,1,4605,153.0,0,6,0.0,1,0.0,Tehrik-i-Taliban Pakistan (TTP)
16903,0,183,11,19,143,-26.160769,27.78543,1.0,0,0.0,1,0,3,3,275,183.0,0,6,0.0,1,0.0,African National Congress (South Africa)
64117,0,92,6,127,933,19.104306,81.955213,3.0,0,1.0,1,0,2,4,2949,92.0,0,5,0.0,0,0.0,Maoists
40500,0,141,6,266,2175,27.708754,85.329498,1.0,1,0.0,1,0,3,2,2883,141.0,0,6,0.0,1,0.0,Maoists
53253,0,69,8,135,24,41.918891,8.737554,4.0,0,1.0,1,0,3,1,1584,238.0,0,6,0.0,1,0.0,Corsican National Liberation Front (FLNC)
77434,0,173,10,184,1543,16.552261,42.953253,1.0,0,1.0,1,0,3,4,1988,173.0,0,6,0.0,1,0.0,Houthi extremists (Ansar Allah)
44637,0,4,6,529,24,36.896969,65.665857,4.0,0,0.0,1,0,2,2,4478,4.0,0,9,1.0,0,0.0,Taliban
23693,0,155,10,325,1468,31.502407,34.459743,1.0,0,0.0,1,0,2,4,562,97.0,0,5,2.0,1,0.0,Palestinians
12857,0,159,3,277,2118,-11.967368,-76.978462,1.0,0,0.0,1,0,5,10,560,217.0,0,5,0.0,1,1.0,Tupac Amaru Revolutionary Movement (MRTA)
13766,0,69,8,135,24,41.919593,8.737687,4.0,0,1.0,1,0,3,1,1555,69.0,0,6,0.0,1,0.0,Corsican National Liberation Front (FLNC)
76665,0,153,6,427,3737,34.741835,71.183722,1.0,0,1.0,0,0,2,4,2901,153.0,0,5,0.0,0,0.0,Tehrik-i-Taliban Pakistan (TTP)
36170,0,186,6,261,2031,8.541447,81.192318,1.0,0,0.0,1,0,3,4,2548,186.0,0,6,5.0,1,0.0,Liberation Tigers of Tamil Eelam (LTTE)
12587,0,43,3,271,2106,-33.366238,-70.505302,1.0,0,1.0,1,0,3,21,1761,43.0,0,6,0.0,1,0.0,Manuel Rodriguez Patriotic Front (FPMR)
55405,0,153,6,468,3130,24.891115,67.143311,1.0,0,1.0,0,0,1,14,4665,153.0,0,6,5.0,1,0.0,Tehrik-i-Taliban Pakistan (TTP)
57190,1,160,5,1,2,6.066667,121.1,1.0,0,0.0,1,0,6,1,98,160.0,0,5,0.0,0,1.0,Abu Sayyaf Group (ASG)
54142,0,182,11,70,407,-0.357847,42.54665,1.0,0,0.0,1,0,2,17,866,182.0,0,6,1.0,-9,0.0,Al-Shabaab
76393,0,228,10,52,327,13.129726,45.385571,1.0,0,0.0,1,0,3,4,219,228.0,0,6,1.0,-9,0.0,Al-Qaida in the Arabian Peninsula (AQAP)
12946,0,145,2,443,2865,11.949718,-86.128692,1.0,1,0.0,1,0,2,14,3521,145.0,0,5,0.0,1,0.0,Nicaraguan Democratic Force (FDN)
32041,0,159,3,277,2118,-11.967368,-76.978462,1.0,0,0.0,1,0,3,1,4839,159.0,0,6,0.0,1,0.0,Tupac Amaru Revolutionary Movement (MRTA)
49492,0,160,5,401,2750,13.515076,123.049149,1.0,0,0.0,1,0,2,14,3423,160.0,0,5,1.0,0,0.0,New People's Army (NPA)
55052,1,160,5,413,2686,16.753657,121.03983,1.0,0,0.0,1,0,6,3,85,160.0,0,5,3.0,0,-9.0,New People's Army (NPA)
50696,0,200,10,40,260,33.515244,36.292084,1.0,0,1.0,1,1,3,2,499,200.0,0,6,23.0,0,0.0,Al-Qaida in Iraq
48635,0,4,6,515,3545,34.516895,69.147011,1.0,0,0.0,1,0,3,4,524,422.0,0,6,0.0,0,0.0,Taliban
16020,0,145,2,437,2873,13.62679,-85.8254,1.0,0,0.0,1,0,2,2,3526,145.0,0,5,5.0,1,0.0,Nicaraguan Democratic Force (FDN)
74801,0,95,10,37,1756,36.207647,43.537663,1.0,0,0.0,0,0,3,20,6,95.0,0,6,0.0,0,0.0,Islamic State of Iraq and the Levant (ISIL)
55571,0,95,10,36,1753,33.460819,44.157433,1.0,0,1.0,1,0,3,14,486,95.0,0,6,8.0,1,0.0,Islamic State of Iraq and the Levant (ISIL)
43930,0,4,6,521,24,32.099544,68.390209,4.0,0,0.0,1,0,3,4,4496,999.0,0,6,5.0,-9,0.0,Taliban
68984,0,95,10,32,263,33.420948,43.295662,1.0,0,0.0,1,0,3,4,577,95.0,0,6,0.0,1,0.0,Islamic State of Iraq and the Levant (ISIL)
73906,1,147,11,166,1359,7.905794,7.854562,1.0,0,0.0,1,0,6,3,1921,147.0,0,5,1.0,0,1.0,Fulani extremists
67980,0,95,10,32,1755,33.864799,42.536385,1.0,1,0.0,1,0,3,14,2317,95.0,0,2,3.0,1,0.0,Islamic State of Iraq and the Levant (ISIL)
70975,0,214,9,145,1073,48.064426,37.673248,1.0,0,0.0,1,0,2,4,48,214.0,0,6,1.0,0,0.0,Donetsk People's Republic
75871,0,209,10,237,1914,38.209894,43.563268,3.0,0,0.0,1,0,2,3,20,209.0,0,5,1.0,0,0.0,Kurdistan Workers' Party (PKK)
23913,0,185,8,86,509,43.258434,-2.921819,1.0,0,0.0,1,0,3,4,1007,185.0,0,6,0.0,1,0.0,Basque Fatherland and Freedom (ETA)
10842,0,145,2,444,2866,11.948379,-86.300271,1.0,0,0.0,1,0,2,4,1762,145.0,0,5,1.0,1,0.0,Nicaraguan Democratic Force (FDN)
37995,0,45,3,378,2535,3.429344,-76.516037,1.0,0,1.0,1,0,3,15,3224,217.0,0,6,0.0,1,0.0,National Liberation Army of Colombia (ELN)
56972,0,60,10,288,2444,27.929867,30.838026,1.0,0,0.0,0,0,1,15,3095,60.0,0,5,0.0,1,0.0,Muslim extremists
2650,0,603,8,190,1615,54.596939,-7.050618,1.0,0,0.0,1,0,1,3,2068,233.0,0,5,1.0,0,0.0,Irish Republican Army (IRA)
35544,0,160,5,7,48,7.751209,123.148704,1.0,0,0.0,1,0,7,8,80,160.0,0,8,1.0,1,0.0,Abu Sayyaf Group (ASG)
22015,0,185,8,86,545,43.267454,-2.020169,1.0,0,0.0,1,0,3,1,1040,69.0,0,6,0.0,1,0.0,Basque Fatherland and Freedom (ETA)
54507,0,95,10,38,250,35.45211,44.375465,1.0,0,0.0,1,0,2,21,541,95.0,0,5,4.0,1,0.0,Al-Qaida in Iraq
19102,0,92,6,337,3418,31.633078,74.878288,1.0,0,0.0,1,0,1,22,568,92.0,0,5,6.0,0,0.0,Sikh Extremists
55269,0,228,10,50,318,14.54397,49.12458,1.0,0,0.0,1,0,1,4,698,228.0,0,5,1.0,0,0.0,Al-Qaida in the Arabian Peninsula (AQAP)
3545,0,185,8,88,509,43.258434,-2.921819,1.0,0,0.0,1,0,1,2,1016,185.0,0,5,3.0,0,0.0,Basque Fatherland and Freedom (ETA)
10212,0,183,11,19,166,-25.748281,28.212069,1.0,0,0.0,1,0,3,4,313,183.0,0,6,19.0,1,0.0,African National Congress (South Africa)
53749,0,147,11,110,709,11.287643,11.307799,1.0,0,1.0,1,0,3,8,603,147.0,0,6,0.0,1,0.0,Boko Haram
76236,0,209,10,223,1895,37.393544,43.534265,1.0,0,0.0,1,0,3,4,162,209.0,0,6,1.0,1,0.0,Kurdistan Workers' Party (PKK)
51409,0,4,6,524,3652,32.81493,67.766708,1.0,0,0.0,1,0,3,3,1198,4.0,0,6,3.0,1,0.0,Taliban
2582,0,45,3,362,2584,6.17346,-75.59278,1.0,0,0.0,0,0,1,1,3266,69.0,0,5,0.0,0,0.0,National Liberation Army of Colombia (ELN)
83193,0,182,11,66,402,1.789637,44.529976,1.0,0,0.0,1,0,3,4,577,182.0,0,6,1.0,0,0.0,Al-Shabaab
43425,0,186,6,263,2065,8.641085,80.669598,1.0,0,0.0,1,0,2,3,2617,186.0,0,5,3.0,0,0.0,Liberation Tigers of Tamil Eelam (LTTE)
63646,1,95,10,37,1743,35.79813,43.294178,1.0,0,0.0,1,0,6,14,2324,95.0,0,5,1.0,0,1.0,Islamic State of Iraq and the Levant (ISIL)
74814,0,153,6,427,3761,34.595433,71.261751,2.0,0,0.0,0,0,1,17,4596,153.0,0,6,1.0,1,0.0,Tehrik-i-Taliban Pakistan (TTP)
38841,0,185,8,86,516,43.170017,-2.575197,1.0,0,0.0,1,0,3,1,953,185.0,0,6,0.0,1,0.0,Basque Fatherland and Freedom (ETA)
73545,0,4,6,506,3532,36.967715,67.056002,1.0,0,1.0,0,0,2,4,172,4.0,0,5,2.0,0,0.0,Taliban
51706,0,95,10,36,252,34.208416,43.890713,1.0,0,1.0,1,0,3,3,85,95.0,0,6,3.0,1,0.0,Al-Qaida in Iraq
65691,0,147,11,166,1286,7.689167,9.250278,3.0,0,1.0,1,0,2,14,27,147.0,0,5,1.0,1,0.0,Fulani extremists
10545,0,159,3,477,3284,-13.152712,-74.218628,1.0,0,0.0,1,0,3,21,4148,159.0,0,6,1.0,1,0.0,Shining Path (SL)
37574,0,153,6,300,2370,33.671638,73.056068,1.0,0,0.0,1,0,3,2,3084,153.0,0,6,0.0,-9,0.0,Muslim extremists
26644,0,186,6,215,2043,7.503357,81.730359,1.0,0,0.0,1,0,3,4,1191,186.0,0,6,1.0,1,0.0,Liberation Tigers of Tamil Eelam (LTTE)
13510,0,145,2,444,2926,12.984322,-86.963095,1.0,0,0.0,1,0,2,4,1762,145.0,0,5,1.0,1,0.0,Nicaraguan Democratic Force (FDN)
4863,0,97,10,458,3043,31.771599,35.2034,1.0,0,0.0,1,0,3,14,3771,97.0,0,6,1.0,1,0.0,Palestinians
81616,0,209,10,232,1823,37.922218,40.184376,1.0,0,0.0,1,0,2,3,2364,209.0,0,6,0.0,0,0.0,Kurdistan Workers' Party (PKK)
63602,0,41,11,173,1307,5.965833,20.528484,1.0,0,1.0,1,0,2,14,205,41.0,0,5,15.0,1,0.0,Fulani extremists
82737,0,147,11,111,647,7.561418,6.242905,1.0,0,0.0,1,0,2,3,12,147.0,0,5,3.0,0,0.0,Boko Haram
71341,0,160,5,402,2656,5.856886,125.006194,1.0,0,0.0,1,0,7,1,1718,160.0,0,8,0.0,1,0.0,New People's Army (NPA)
56483,0,60,10,290,2361,31.126646,33.800865,1.0,0,0.0,0,0,2,3,175,60.0,0,6,0.0,0,0.0,Muslim extremists
12797,0,69,8,17,131,48.856644,2.34233,1.0,0,0.0,1,0,3,2,1586,69.0,0,6,0.0,1,0.0,Corsican National Liberation Front (FLNC)
21292,0,61,2,150,1209,14.15695,-89.011475,1.0,0,0.0,1,0,2,14,1818,61.0,0,5,0.0,1,0.0,Farabundo Marti National Liberation Front (FMLN)
11916,0,145,2,436,1231,12.923513,-85.839665,1.0,0,0.0,1,0,2,4,1762,145.0,0,5,0.0,1,0.0,Nicaraguan Democratic Force (FDN)
67074,0,123,11,294,2360,15.168486,-4.431083,1.0,0,0.0,1,0,1,2,3026,123.0,0,5,1.0,0,0.0,Muslim extremists
41305,0,160,5,1,22,6.050458,121.012245,1.0,0,0.0,1,0,3,2,121,160.0,0,6,0.0,0,0.0,Abu Sayyaf Group (ASG)
42595,0,95,10,33,247,33.303566,44.371773,1.0,0,0.0,1,1,3,3,526,95.0,0,6,2.0,0,0.0,Al-Qaida in Iraq
7701,0,183,11,18,137,-29.861824,31.008293,1.0,0,0.0,1,0,3,4,295,183.0,0,6,0.0,1,0.0,African National Congress (South Africa)
5463,0,97,10,460,3046,32.08297,34.811886,1.0,1,0.0,1,0,3,4,3648,97.0,0,6,7.0,1,0.0,Palestinians
16195,0,145,2,436,96,13.130707,-85.971684,3.0,1,0.0,1,0,3,2,3557,145.0,0,6,1.0,1,0.0,Nicaraguan Democratic Force (FDN)
7204,0,97,10,262,2417,31.670221,34.576403,2.0,1,0.0,1,0,3,4,3646,97.0,0,6,0.0,0,0.0,Palestinians
74646,0,123,11,294,2383,14.524647,-4.095559,1.0,1,0.0,1,0,3,7,162,422.0,0,6,5.0,0,0.0,Muslim extremists
24493,0,159,3,277,2118,-11.967368,-76.978462,1.0,0,0.0,1,0,1,1,4180,159.0,0,5,1.0,0,0.0,Shining Path (SL)
23853,0,45,3,371,2518,10.413711,-75.533549,1.0,0,0.0,1,0,3,3,559,45.0,0,6,0.0,1,0.0,National Liberation Army of Colombia (ELN)
67416,0,228,10,48,309,12.825647,44.846416,1.0,0,0.0,1,0,3,11,1998,228.0,0,6,86.0,1,0.0,Houthi extremists (Ansar Allah)
76070,0,209,10,233,1831,37.23301,39.75998,3.0,0,0.0,1,0,3,4,559,209.0,0,6,1.0,1,0.0,Kurdistan Workers' Party (PKK)
33438,0,45,3,370,2528,5.17069,-72.546829,1.0,1,0.0,1,0,3,21,3196,69.0,0,6,0.0,1,0.0,National Liberation Army of Colombia (ELN)
27131,0,159,3,277,2118,-11.967368,-76.978462,1.0,0,1.0,1,0,3,1,1577,159.0,0,6,0.0,1,0.0,Tupac Amaru Revolutionary Movement (MRTA)
10744,0,88,2,454,2959,13.729643,-87.569391,1.0,0,0.0,1,0,2,4,1762,145.0,0,5,16.0,1,0.0,Nicaraguan Democratic Force (FDN)
71950,0,147,11,108,731,11.831098,13.150967,3.0,0,1.0,1,1,3,14,1272,147.0,0,6,1.0,-9,0.0,Boko Haram
55614,0,153,6,427,3772,33.726945,70.694618,3.0,0,0.0,1,0,2,4,2901,153.0,0,5,23.0,0,0.0,Tehrik-i-Taliban Pakistan (TTP)
79170,0,60,10,290,2361,31.126646,33.800865,1.0,0,0.0,1,0,4,2,3099,60.0,0,5,0.0,1,0.0,Muslim extremists
36828,0,186,6,215,1972,8.577826,81.218719,1.0,0,0.0,1,0,3,3,2501,186.0,0,6,3.0,1,0.0,Liberation Tigers of Tamil Eelam (LTTE)
8238,0,45,3,374,3227,5.975153,-74.586142,1.0,0,0.0,1,0,1,14,3960,45.0,0,5,1.0,0,0.0,Revolutionary Armed Forces of Colombia (FARC)
11267,0,183,11,19,136,-26.184113,28.033232,1.0,0,0.0,1,0,3,2,386,183.0,0,6,0.0,1,0.0,African National Congress (South Africa)
70703,0,182,11,68,404,2.059819,45.326115,1.0,0,0.0,1,0,2,2,881,182.0,0,5,1.0,0,0.0,Al-Shabaab
25618,0,159,3,277,2118,-11.967368,-76.978462,1.0,0,0.0,1,0,3,2,650,159.0,0,6,0.0,1,0.0,Shining Path (SL)
47768,0,92,6,128,925,22.45109,86.995289,3.0,0,1.0,1,0,7,22,560,92.0,0,8,0.0,1,0.0,Communist Party of India - Maoist (CPI-Maoist)
17993,0,92,6,337,3451,31.660681,75.12243,1.0,0,0.0,1,0,1,3,4297,92.0,0,5,2.0,0,0.0,Sikh Extremists
67198,0,214,9,145,1069,47.098835,37.81987,1.0,1,0.0,1,0,2,4,48,214.0,0,6,0.0,-9,0.0,Donetsk People's Republic
26303,0,159,3,277,2118,-11.967368,-76.978462,1.0,0,0.0,1,0,3,7,4855,359.0,0,6,0.0,1,0.0,Tupac Amaru Revolutionary Movement (MRTA)
60082,0,228,10,53,314,15.325443,44.211895,1.0,0,0.0,1,0,2,4,20,228.0,0,5,4.0,-9,0.0,Al-Qaida in the Arabian Peninsula (AQAP)
14108,0,43,3,271,2106,-33.366238,-70.505302,1.0,0,1.0,1,0,3,21,2714,43.0,0,6,0.0,1,0.0,Manuel Rodriguez Patriotic Front (FPMR)
61269,0,95,10,32,263,33.420948,43.295662,1.0,0,1.0,1,0,4,3,20,95.0,0,5,1.0,1,0.0,Islamic State of Iraq and the Levant (ISIL)
40390,0,160,5,4,15,6.929089,122.07885,1.0,0,0.0,1,0,3,14,60,160.0,0,6,1.0,1,0.0,Abu Sayyaf Group (ASG)
25073,0,97,10,458,3043,31.771599,35.2034,1.0,0,0.0,1,0,2,14,3640,97.0,0,8,0.0,1,0.0,Palestinians
80264,0,160,5,1,83,5.974901,121.03351,2.0,0,0.0,1,0,2,14,165,160.0,0,5,3.0,0,0.0,Abu Sayyaf Group (ASG)
40385,0,160,5,4,15,6.929089,122.07885,1.0,0,1.0,1,0,3,14,16,160.0,0,6,3.0,1,0.0,Abu Sayyaf Group (ASG)
54077,0,228,10,48,309,12.825647,44.846416,1.0,0,0.0,1,0,2,14,13,228.0,0,5,1.0,-9,0.0,Muslim extremists
69422,0,37,11,117,685,11.135556,13.881944,1.0,0,0.0,1,0,2,14,205,37.0,0,5,10.0,0,0.0,Boko Haram
18032,0,159,3,277,2118,-11.967368,-76.978462,1.0,0,1.0,1,0,3,1,4749,159.0,0,6,0.0,1,0.0,Tupac Amaru Revolutionary Movement (MRTA)
50784,0,95,10,42,295,33.057991,44.354839,1.0,0,0.0,1,0,3,14,491,95.0,0,6,2.0,0,0.0,Muslim extremists
77608,0,182,11,66,480,1.750393,44.745712,1.0,0,0.0,1,0,7,4,48,182.0,0,8,0.0,1,0.0,Al-Shabaab
30257,0,183,11,18,199,-29.648723,30.294272,1.0,0,0.0,1,0,2,22,367,183.0,0,5,0.0,1,0.0,African National Congress (South Africa)
4808,0,69,8,135,24,41.918891,8.737554,4.0,0,1.0,1,0,3,1,1088,69.0,0,6,0.0,1,0.0,Corsican National Liberation Front (FLNC)
14206,0,145,2,450,2969,11.09817,-83.94608,1.0,0,0.0,1,0,2,4,562,145.0,0,5,16.0,1,0.0,Nicaraguan Democratic Force (FDN)
65076,0,160,5,0,35,6.497216,122.105141,1.0,0,0.0,1,0,3,1,112,160.0,0,6,0.0,1,0.0,Abu Sayyaf Group (ASG)
14075,0,183,11,18,193,-29.941403,30.939766,1.0,0,0.0,1,0,3,2,393,183.0,0,6,0.0,1,0.0,African National Congress (South Africa)
6148,0,183,11,19,166,-25.748281,28.212069,1.0,0,0.0,1,0,3,1,372,183.0,0,5,5.0,1,1.0,African National Congress (South Africa)
53212,0,95,10,36,257,33.540672,44.251266,1.0,0,1.0,1,0,3,14,13,95.0,0,6,0.0,0,0.0,Al-Qaida in Iraq
70089,0,160,5,0,66,6.416943,121.9835,2.0,0,0.0,1,0,6,1,123,160.0,0,5,0.0,0,1.0,Abu Sayyaf Group (ASG)
75599,0,92,6,282,2267,17.84683,79.66121,1.0,1,0.0,0,0,3,14,13,92.0,0,6,0.0,0,0.0,Maoists
68093,0,160,5,0,53,6.546997,121.880423,3.0,0,1.0,1,0,2,4,93,160.0,0,5,3.0,1,0.0,Abu Sayyaf Group (ASG)
15559,0,45,3,363,2492,4.667128,-74.106056,1.0,0,0.0,1,0,2,3,562,45.0,0,5,1.0,1,0.0,National Liberation Army of Colombia (ELN)
65595,0,37,11,117,697,12.379026,14.224362,1.0,0,0.0,1,0,2,15,1257,37.0,0,5,144.0,1,0.0,Boko Haram
19939,0,43,3,270,2107,-33.050125,-71.612251,1.0,0,1.0,1,0,3,21,2711,43.0,0,6,0.0,1,0.0,Manuel Rodriguez Patriotic Front (FPMR)
18322,0,159,3,277,2118,-11.967368,-76.978462,1.0,0,0.0,1,0,3,2,4753,159.0,0,6,0.0,1,0.0,Tupac Amaru Revolutionary Movement (MRTA)
81515,0,160,5,15,2765,10.246463,119.214643,1.0,0,0.0,1,0,2,4,3432,160.0,0,5,2.0,-9,0.0,New People's Army (NPA)
53915,0,153,6,352,3756,31.834328,70.90905,1.0,0,0.0,1,0,3,14,4606,153.0,0,6,7.0,0,0.0,Tehrik-i-Taliban Pakistan (TTP)
44995,0,45,3,373,2579,11.272246,-73.309852,3.0,0,0.0,0,0,3,4,3260,45.0,0,6,0.0,0,0.0,National Liberation Army of Colombia (ELN)
54698,0,95,10,34,249,33.74324,44.623825,1.0,0,0.0,1,1,3,2,495,95.0,0,6,3.0,1,0.0,Al-Qaida in Iraq
24004,1,155,10,325,1468,31.502407,34.459743,1.0,0,0.0,1,0,6,14,3734,155.0,0,9,1.0,0,1.0,Palestinians
45580,0,92,6,126,779,24.128611,84.185712,3.0,0,0.0,1,0,3,16,1404,92.0,0,6,0.0,1,0.0,Communist Party of India - Maoist (CPI-Maoist)
41033,0,69,8,137,1040,43.696036,7.265592,1.0,0,1.0,1,0,3,2,1630,69.0,0,6,0.0,1,0.0,Corsican National Liberation Front (FLNC)
6759,0,61,2,149,1150,13.69288,-89.199161,1.0,0,1.0,1,0,3,1,321,61.0,0,6,1.0,1,0.0,Farabundo Marti National Liberation Front (FMLN)
26768,0,186,6,215,1981,7.716666,81.700188,3.0,0,0.0,1,0,2,4,1788,186.0,0,5,1.0,1,0.0,Liberation Tigers of Tamil Eelam (LTTE)
75809,1,160,5,1,42,6.021834,121.16568,1.0,0,0.0,1,0,6,14,74,160.0,0,5,1.0,0,1.0,Abu Sayyaf Group (ASG)
54213,0,153,6,427,3795,34.320023,71.399002,1.0,1,0.0,1,0,3,17,4639,153.0,0,6,0.0,0,0.0,Tehrik-i-Taliban Pakistan (TTP)
10811,0,61,2,155,1163,13.676944,-89.279722,1.0,0,0.0,1,0,7,2,1841,61.0,0,5,1.0,1,0.0,Farabundo Marti National Liberation Front (FMLN)
29021,0,603,8,190,1603,54.607712,-5.95621,1.0,0,1.0,0,0,7,1,2132,233.0,0,8,0.0,1,0.0,Irish Republican Army (IRA)
49967,0,228,10,57,362,16.199874,44.408998,3.0,0,0.0,1,0,3,17,729,228.0,0,6,14.0,1,0.0,Al-Qaida in the Arabian Peninsula (AQAP)
36381,0,186,6,215,1972,8.577826,81.218719,1.0,0,0.0,1,0,3,17,2527,186.0,0,6,5.0,1,0.0,Liberation Tigers of Tamil Eelam (LTTE)
5278,0,185,8,86,515,43.291618,-1.977903,1.0,0,0.0,1,0,3,14,1026,185.0,0,6,0.0,1,0.0,Basque Fatherland and Freedom (ETA)
14529,0,145,2,447,2878,13.84504,-84.67929,1.0,0,0.0,1,0,2,4,1762,145.0,0,5,1.0,1,0.0,Nicaraguan Democratic Force (FDN)
9260,0,61,2,149,1150,13.69288,-89.199161,1.0,0,0.0,1,0,2,3,1820,61.0,0,5,1.0,1,0.0,Farabundo Marti National Liberation Front (FMLN)
16993,0,159,3,277,2118,-11.967368,-76.978462,1.0,0,1.0,0,0,3,14,1065,159.0,0,6,0.0,1,0.0,Shining Path (SL)
58993,0,147,11,123,1279,11.637489,7.107145,2.0,0,1.0,1,0,2,14,27,147.0,0,5,21.0,1,0.0,Fulani extremists
11902,0,43,3,271,2113,-33.686068,-71.216633,1.0,0,0.0,1,0,3,21,2784,43.0,0,6,0.0,1,0.0,Manuel Rodriguez Patriotic Front (FPMR)
32851,0,183,11,19,153,-26.353159,28.132727,1.0,0,0.0,1,0,2,14,323,183.0,0,5,2.0,1,0.0,African National Congress (South Africa)
51628,0,4,6,321,3536,34.229213,70.193208,2.0,0,1.0,1,0,2,4,4437,422.0,0,5,0.0,1,0.0,Taliban
62687,0,95,10,32,1697,33.391567,43.854069,1.0,0,0.0,1,0,2,4,676,95.0,0,5,2.0,-9,0.0,Islamic State of Iraq and the Levant (ISIL)
65785,0,147,11,108,659,11.930234,13.242173,3.0,0,1.0,1,0,3,14,27,147.0,0,6,11.0,1,0.0,Boko Haram
19993,0,159,3,486,3313,-8.18885,-76.510838,1.0,0,0.0,1,0,2,3,4828,159.0,0,5,1.0,1,0.0,Tupac Amaru Revolutionary Movement (MRTA)
18089,0,92,6,495,3423,28.960965,79.515377,2.0,0,0.0,1,0,1,14,4259,92.0,0,5,4.0,0,0.0,Sikh Extremists
47633,0,153,6,427,3737,34.565494,71.477429,3.0,0,0.0,1,0,3,9,4682,153.0,0,6,2.0,-9,0.0,Tehrik-i-Taliban Pakistan (TTP)
65952,0,214,9,145,1069,47.098835,37.81987,1.0,1,0.0,1,0,3,4,48,214.0,0,6,1.0,0,0.0,Donetsk People's Republic
17025,0,45,3,377,2543,5.126434,-74.385545,1.0,0,1.0,1,0,1,14,3219,45.0,0,5,1.0,0,0.0,National Liberation Army of Colombia (ELN)
10878,0,145,2,437,2864,13.746389,-86.709722,1.0,0,0.0,0,0,3,19,3549,145.0,0,6,0.0,0,0.0,Nicaraguan Democratic Force (FDN)
50035,0,92,6,127,836,18.791667,80.816667,1.0,1,0.0,1,0,7,3,1357,92.0,0,8,0.0,1,0.0,Communist Party of India - Maoist (CPI-Maoist)
29934,0,151,8,240,1846,59.913869,10.752245,1.0,0,0.0,1,0,7,7,2379,209.0,0,9,0.0,1,0.0,Kurdistan Workers' Party (PKK)
31510,0,209,10,222,1827,37.522653,42.452637,1.0,0,0.0,1,0,1,3,2403,209.0,0,5,1.0,0,0.0,Kurdistan Workers' Party (PKK)
32171,0,92,6,133,3485,18.174559,73.870354,1.0,1,0.0,1,0,2,3,562,92.0,0,5,2.0,1,0.0,Sikh Extremists
82926,0,209,10,207,1711,41.106178,28.689863,1.0,0,0.0,0,1,3,1,2038,209.0,0,6,0.0,0,0.0,Islamic State of Iraq and the Levant (ISIL)
28490,0,159,3,277,2118,-11.967368,-76.978462,1.0,0,1.0,1,0,3,1,1577,159.0,0,6,0.0,1,0.0,Shining Path (SL)
29713,0,92,6,337,3405,30.898024,75.860077,1.0,0,0.0,1,0,3,2,1185,92.0,0,6,1.0,1,0.0,Sikh Extremists
51141,0,95,10,34,282,33.693947,45.067425,1.0,0,1.0,1,0,3,14,13,95.0,0,6,0.0,-9,0.0,Al-Qaida in Iraq
62537,0,214,9,145,1068,47.981647,37.762325,1.0,0,0.0,1,0,2,14,1713,214.0,0,5,2.0,-9,0.0,Donetsk People's Republic
46497,0,182,11,68,404,2.059819,45.326115,1.0,0,1.0,1,0,3,2,873,182.0,0,6,3.0,1,0.0,Al-Shabaab
14681,0,45,3,367,24,2.535935,-75.52767,4.0,0,0.0,1,0,2,4,1772,45.0,0,5,4.0,1,0.0,National Liberation Army of Colombia (ELN)
5119,0,69,8,135,24,41.918891,8.737554,4.0,0,0.0,1,0,3,20,1619,69.0,0,6,0.0,1,0.0,Corsican National Liberation Front (FLNC)
61720,0,153,6,332,2428,30.098261,66.944481,1.0,0,0.0,1,0,8,14,3082,153.0,0,2,0.0,0,0.0,Muslim extremists
15953,0,159,3,277,2118,-11.967368,-76.978462,1.0,0,1.0,1,0,3,1,765,159.0,0,6,0.0,1,0.0,Shining Path (SL)
68282,0,4,6,509,3563,32.443855,62.147739,2.0,0,1.0,1,0,2,4,48,4.0,0,6,1.0,1,0.0,Taliban
55384,0,113,10,323,2412,27.022867,14.441218,1.0,0,0.0,1,0,3,15,775,113.0,0,6,0.0,1,0.0,Muslim extremists
59745,0,153,6,352,3750,33.91758,71.562035,1.0,0,1.0,1,0,2,3,4655,153.0,0,5,0.0,0,0.0,Tehrik-i-Taliban Pakistan (TTP)
61275,0,147,11,108,702,11.151905,12.758704,1.0,0,0.0,1,0,2,3,175,147.0,0,6,59.0,1,0.0,Boko Haram
59545,0,92,6,127,912,18.505515,81.555435,3.0,0,1.0,1,0,7,2,2895,92.0,0,5,0.0,-9,0.0,Maoists
38795,1,160,5,0,5,6.645556,122.101944,1.0,0,0.0,1,0,6,14,111,160.0,0,5,0.0,-9,1.0,Abu Sayyaf Group (ASG)
64130,1,123,11,312,2405,18.442701,1.411332,1.0,1,1.0,1,0,6,14,1259,123.0,0,5,1.0,0,1.0,Muslim extremists
28824,0,160,5,5,23,7.083241,125.600998,1.0,0,1.0,1,0,3,21,1782,160.0,0,6,1.0,1,0.0,New People's Army (NPA)
70140,0,209,10,207,1711,41.106178,28.689863,1.0,0,0.0,1,0,7,19,56,209.0,0,8,0.0,1,0.0,Kurdistan Workers' Party (PKK)
24382,0,43,3,271,2106,-33.366238,-70.505302,1.0,0,0.0,1,0,3,1,2791,43.0,0,6,0.0,1,0.0,Manuel Rodriguez Patriotic Front (FPMR)
31334,0,97,10,458,3043,31.771599,35.2034,1.0,0,0.0,0,0,1,14,3688,97.0,0,9,0.0,0,0.0,Palestinians
50066,0,153,6,352,3731,34.006004,71.53743,1.0,0,0.0,1,0,2,14,13,153.0,0,6,5.0,1,0.0,Tehrik-i-Taliban Pakistan (TTP)
26001,0,159,3,486,3872,-6.488123,-76.3599,1.0,0,0.0,0,0,1,4,4831,159.0,0,5,0.0,0,0.0,Tupac Amaru Revolutionary Movement (MRTA)
4695,0,185,8,86,530,43.22048,-2.021122,1.0,0,0.0,1,0,2,3,973,185.0,0,5,1.0,1,0.0,Basque Fatherland and Freedom (ETA)
79524,0,173,10,188,1536,17.651777,43.526192,1.0,0,0.0,1,0,3,3,577,173.0,0,6,1.0,-9,0.0,Houthi extremists (Ansar Allah)
20643,0,186,6,215,1972,8.577826,81.218719,1.0,0,0.0,1,0,3,3,1819,186.0,0,6,0.0,1,0.0,Liberation Tigers of Tamil Eelam (LTTE)
19977,0,61,2,149,1150,13.69288,-89.199161,1.0,0,1.0,1,0,3,21,1813,61.0,0,6,0.0,1,0.0,Farabundo Marti National Liberation Front (FMLN)
18282,0,92,6,337,3442,31.819789,75.692805,1.0,0,0.0,1,0,2,14,4286,92.0,0,5,1.0,1,0.0,Sikh Extremists
52279,0,95,10,33,247,33.303566,44.371773,1.0,0,1.0,1,0,3,15,215,95.0,0,6,1.0,0,0.0,Al-Qaida in Iraq
11485,0,110,10,358,2486,33.550434,35.370964,1.0,0,0.0,1,0,3,4,3641,97.0,0,6,0.0,1,0.0,Palestinians
49688,0,92,6,125,2207,24.493242,84.985655,1.0,0,0.0,1,0,3,8,2908,92.0,0,6,0.0,1,0.0,Maoists
61984,1,214,9,145,1116,48.063515,38.417602,1.0,1,0.0,1,0,2,4,1732,214.0,0,5,10.0,0,-9.0,Donetsk People's Republic
36255,0,45,3,363,2601,4.5981,-74.07603,3.0,0,0.0,0,0,3,4,2581,45.0,0,6,1.0,1,0.0,Revolutionary Armed Forces of Colombia (FARC)
42174,0,95,10,33,247,33.287345,44.319487,2.0,0,0.0,1,1,3,4,6,95.0,0,6,25.0,-9,0.0,Al-Qaida in Iraq
49729,1,160,5,0,5,6.660501,122.138992,1.0,0,0.0,1,0,6,14,140,160.0,0,5,0.0,1,1.0,Abu Sayyaf Group (ASG)
61731,0,214,9,145,1079,48.04668,37.942146,1.0,1,0.0,1,0,3,20,6,214.0,0,6,0.0,0,0.0,Donetsk People's Republic
11830,0,145,2,438,2860,13.37984,-86.48075,1.0,0,0.0,1,0,2,4,1762,145.0,0,5,12.0,1,0.0,Nicaraguan Democratic Force (FDN)
54888,0,95,10,33,247,33.303566,44.371773,1.0,0,1.0,1,0,3,1,512,95.0,0,6,6.0,1,0.0,Al-Qaida in Iraq
60992,0,228,10,50,318,14.533289,49.133343,1.0,0,0.0,1,0,1,2,708,228.0,0,5,1.0,0,0.0,Al-Qaida in the Arabian Peninsula (AQAP)
60508,0,228,10,185,1524,15.823405,44.038661,1.0,0,0.0,1,0,3,22,524,228.0,0,6,0.0,1,0.0,Houthi extremists (Ansar Allah)
11346,0,145,2,437,2857,13.642491,-86.309214,1.0,0,0.0,1,0,2,14,3518,145.0,0,5,1.0,1,0.0,Nicaraguan Democratic Force (FDN)
19336,0,159,3,277,2118,-11.967368,-76.978462,1.0,0,0.0,1,0,3,7,4760,217.0,0,6,0.0,1,0.0,Tupac Amaru Revolutionary Movement (MRTA)
21289,0,45,3,363,2492,4.667128,-74.106056,1.0,0,0.0,1,0,2,4,3150,45.0,0,5,5.0,1,1.0,National Liberation Army of Colombia (ELN)
16652,0,45,3,359,2549,8.63781,-72.73464,1.0,0,0.0,1,0,3,21,3225,45.0,0,6,0.0,1,0.0,National Liberation Army of Colombia (ELN)
21195,0,159,3,277,2118,-11.967368,-76.978462,1.0,0,1.0,1,0,3,21,4145,159.0,0,6,0.0,1,0.0,Shining Path (SL)
83589,0,95,10,38,1704,35.198963,43.793133,1.0,0,0.0,1,0,3,4,12,95.0,0,6,2.0,0,0.0,Islamic State of Iraq and the Levant (ISIL)
76864,0,92,6,126,804,23.669296,86.151112,3.0,0,1.0,1,0,5,19,1322,92.0,0,5,0.0,1,1.0,Communist Party of India - Maoist (CPI-Maoist)
51726,0,147,11,108,616,11.840929,13.141459,1.0,0,1.0,1,0,2,2,928,147.0,0,5,2.0,0,0.0,Boko Haram
47603,0,228,10,185,1541,15.554965,48.1728,4.0,0,0.0,1,0,2,4,1985,228.0,0,5,18.0,0,0.0,Houthi extremists (Ansar Allah)
57324,0,228,10,52,344,13.850969,46.203859,3.0,0,0.0,1,0,2,4,727,228.0,0,6,1.0,-9,0.0,Al-Qaida in the Arabian Peninsula (AQAP)
66394,0,214,9,145,1069,47.098835,37.81987,1.0,1,1.0,1,0,2,4,48,214.0,0,6,0.0,0,0.0,Donetsk People's Republic
4869,0,603,8,190,24,54.787715,-6.492314,4.0,0,1.0,1,0,7,2,2138,233.0,0,8,1.0,1,0.0,Irish Republican Army (IRA)
47210,0,92,6,125,857,26.491815,84.684478,1.0,0,0.0,1,0,3,1,1379,92.0,0,6,0.0,1,0.0,Communist Party of India - Maoist (CPI-Maoist)
27996,0,61,2,158,1168,13.516667,-88.383333,1.0,0,0.0,1,0,2,4,1788,61.0,0,5,0.0,1,0.0,Farabundo Marti National Liberation Front (FMLN)
15191,0,183,11,18,137,-29.861824,31.008293,1.0,0,0.0,1,0,3,21,266,183.0,0,6,1.0,1,0.0,African National Congress (South Africa)
68391,0,173,10,184,24,16.892213,42.56892,4.0,0,0.0,1,0,3,4,48,173.0,0,6,1.0,0,0.0,Houthi extremists (Ansar Allah)
26573,0,603,8,190,1603,54.607712,-5.95621,1.0,0,0.0,1,0,1,3,2090,233.0,0,5,1.0,0,0.0,Irish Republican Army (IRA)
60535,0,147,11,108,629,10.488333,12.419444,2.0,0,0.0,1,0,1,14,1220,147.0,0,5,3.0,1,0.0,Boko Haram
21919,0,183,11,19,153,-26.353159,28.132727,1.0,0,0.0,1,0,3,2,400,183.0,0,6,1.0,0,0.0,African National Congress (South Africa)
63084,0,214,9,145,1093,48.595274,37.699326,1.0,1,1.0,1,0,2,4,20,214.0,0,5,0.0,0,0.0,Donetsk People's Republic
35175,0,185,8,89,517,40.465595,-3.696263,1.0,0,0.0,0,0,3,1,954,69.0,0,6,0.0,1,0.0,Basque Fatherland and Freedom (ETA)
14850,0,43,3,270,2107,-33.050125,-71.612251,1.0,0,0.0,1,0,3,1,2766,43.0,0,6,0.0,1,0.0,Manuel Rodriguez Patriotic Front (FPMR)
17287,0,603,8,190,1634,54.289445,-5.834789,1.0,0,0.0,1,0,1,3,2122,233.0,0,5,1.0,0,0.0,Irish Republican Army (IRA)
4813,0,69,8,135,24,41.918891,8.737554,4.0,0,1.0,1,0,3,1,1088,69.0,0,6,0.0,1,0.0,Corsican National Liberation Front (FLNC)
17660,0,183,11,25,161,-33.941849,18.41964,1.0,0,0.0,0,0,3,4,305,183.0,0,6,0.0,0,0.0,African National Congress (South Africa)
65557,0,92,6,127,2282,19.723535,81.242411,2.0,0,0.0,1,0,3,19,56,92.0,0,6,0.0,1,0.0,Maoists
43267,0,186,6,215,1981,7.716666,81.700188,3.0,0,0.0,1,0,2,14,814,186.0,0,5,1.0,0,0.0,Liberation Tigers of Tamil Eelam (LTTE)
57423,0,113,10,303,2373,32.069286,20.151144,1.0,0,0.0,1,0,2,2,3064,113.0,0,5,1.0,0,0.0,Muslim extremists
33084,0,603,8,190,1653,54.377802,-7.459455,1.0,0,0.0,1,0,3,3,1068,216.0,0,6,0.0,1,0.0,Irish Republican Army (IRA)
56151,0,4,6,528,3600,33.895519,68.763192,3.0,0,0.0,1,1,3,4,4473,422.0,0,6,10.0,1,0.0,Taliban
55475,1,160,5,1,22,6.050458,121.012245,1.0,0,0.0,1,0,6,1,53,160.0,0,5,0.0,0,1.0,Abu Sayyaf Group (ASG)
3992,0,185,8,95,508,43.18418,-2.473289,1.0,0,0.0,1,0,3,16,1104,185.0,0,6,0.0,1,0.0,Basque Fatherland and Freedom (ETA)
36849,0,185,8,86,515,43.291618,-1.977903,1.0,0,0.0,1,0,3,4,1074,185.0,0,6,0.0,1,0.0,Basque Fatherland and Freedom (ETA)
65211,0,214,9,145,1068,47.981647,37.762325,1.0,0,0.0,1,0,3,4,1700,214.0,0,6,11.0,1,0.0,Donetsk People's Republic
10583,0,145,2,438,2856,13.131923,-86.345742,3.0,0,0.0,1,0,2,4,1793,145.0,0,5,2.0,1,0.0,Nicaraguan Democratic Force (FDN)
63976,0,4,6,520,3554,34.956583,70.754129,3.0,0,0.0,1,0,2,4,172,4.0,0,5,9.0,0,0.0,Taliban
63829,0,60,10,333,2429,30.465985,30.930646,1.0,0,0.0,1,0,3,19,3083,60.0,0,6,4.0,1,0.0,Muslim extremists
5427,0,185,8,86,508,43.18418,-2.473289,1.0,0,0.0,1,0,1,3,981,185.0,0,5,1.0,0,0.0,Basque Fatherland and Freedom (ETA)
76786,1,92,6,130,2169,21.4088,83.609535,1.0,0,0.0,1,0,6,14,2876,92.0,0,9,1.0,0,1.0,Maoists
4662,0,185,8,101,548,41.400635,2.150913,1.0,0,0.0,1,0,7,18,1014,69.0,0,8,0.0,1,0.0,Basque Fatherland and Freedom (ETA)
68273,0,95,10,36,1762,34.925074,43.809004,1.0,0,1.0,0,1,3,21,2330,95.0,0,6,14.0,0,0.0,Islamic State of Iraq and the Levant (ISIL)
6972,0,185,8,86,24,43.07563,-2.223667,4.0,0,0.0,0,0,3,2,1045,185.0,0,6,0.0,1,0.0,Basque Fatherland and Freedom (ETA)
4634,0,185,8,86,521,43.291618,-1.977903,1.0,0,0.0,0,0,1,2,1056,185.0,0,6,0.0,0,0.0,Basque Fatherland and Freedom (ETA)
59817,0,92,6,127,915,18.701834,80.994267,1.0,0,0.0,1,0,2,3,85,92.0,0,5,1.0,0,0.0,Maoists
65727,0,60,10,292,236,31.255534,29.9832,1.0,0,1.0,1,0,3,3,175,60.0,0,6,0.0,-9,0.0,Muslim extremists
69898,0,147,11,108,691,11.185278,13.884167,1.0,0,0.0,1,1,3,14,486,147.0,0,6,48.0,0,0.0,Boko Haram
37852,0,185,8,89,517,40.465595,-3.696263,1.0,0,0.0,1,0,3,14,1033,185.0,0,6,3.0,-9,0.0,Basque Fatherland and Freedom (ETA)
27220,0,160,5,417,2703,6.895545,126.013997,1.0,0,0.0,1,0,1,4,3379,160.0,0,5,2.0,0,0.0,New People's Army (NPA)
14818,0,145,2,450,2911,12.122619,-84.47239,1.0,0,0.0,1,0,7,1,3550,145.0,0,5,18.0,1,0.0,Nicaraguan Democratic Force (FDN)
56919,0,4,6,514,3541,31.60063,64.369652,1.0,0,0.0,1,1,3,3,85,4.0,0,6,2.0,0,0.0,Taliban
11967,0,145,2,439,2927,13.51031,-86.09602,1.0,0,0.0,1,0,2,4,1762,145.0,0,5,0.0,1,0.0,Nicaraguan Democratic Force (FDN)
14614,0,145,2,451,2942,10.912396,-83.908752,3.0,1,1.0,1,0,2,4,1762,145.0,0,5,1.0,1,0.0,Nicaraguan Democratic Force (FDN)
6843,0,97,10,460,3086,32.08297,34.811886,1.0,0,0.0,0,0,1,2,3730,97.0,0,6,0.0,0,0.0,Palestinians
20023,0,43,3,270,1250,-33.583745,-71.613065,1.0,0,0.0,1,0,3,1,1573,43.0,0,6,0.0,1,0.0,Manuel Rodriguez Patriotic Front (FPMR)
28180,0,185,8,98,578,42.635244,-3.110586,1.0,0,0.0,1,0,3,19,1092,185.0,0,6,1.0,1,0.0,Basque Fatherland and Freedom (ETA)
15084,0,61,2,158,1196,13.483333,-88.466667,1.0,0,1.0,1,0,3,21,1803,61.0,0,6,0.0,1,0.0,Farabundo Marti National Liberation Front (FMLN)
56457,0,60,10,290,2361,31.126646,33.800865,1.0,0,1.0,1,0,2,4,20,60.0,0,6,2.0,0,0.0,Muslim extremists
48445,0,45,3,368,2510,6.95894,-71.872647,1.0,1,0.0,0,0,3,4,3161,45.0,0,6,0.0,0,0.0,National Liberation Army of Colombia (ELN)
65084,0,214,9,145,1075,48.187149,38.342617,1.0,1,0.0,1,0,3,4,1697,214.0,0,6,0.0,-9,0.0,Donetsk People's Republic
46887,0,147,11,108,616,11.840929,13.141459,1.0,0,1.0,1,0,7,3,1242,147.0,0,8,0.0,1,0.0,Boko Haram
64360,0,160,5,392,2780,14.01344,122.522142,1.0,0,0.0,1,0,2,4,3442,160.0,0,6,0.0,-9,0.0,New People's Army (NPA)
70710,0,4,6,532,3651,34.855299,69.649461,2.0,0,0.0,0,0,2,4,48,4.0,0,5,0.0,0,0.0,Taliban
17524,0,43,3,276,2117,-35.43058,-71.65762,1.0,0,1.0,1,0,3,2,2736,43.0,0,6,0.0,1,0.0,Manuel Rodriguez Patriotic Front (FPMR)
61124,0,147,11,108,699,10.885556,12.704167,2.0,0,1.0,1,0,2,14,27,147.0,0,6,9.0,1,0.0,Boko Haram
52039,0,228,10,56,368,14.781294,42.972851,1.0,0,0.0,1,0,2,4,738,217.0,0,5,0.0,1,0.0,Al-Qaida in the Arabian Peninsula (AQAP)
75307,0,147,11,108,732,12.672691,13.616723,3.0,0,1.0,1,1,3,14,1274,147.0,0,6,2.0,0,0.0,Boko Haram
17973,0,186,6,215,1966,8.457907,81.268402,1.0,0,1.0,1,0,7,1,1249,186.0,0,8,0.0,1,0.0,Muslim extremists
82087,0,153,6,427,3762,34.595278,71.461111,1.0,0,1.0,0,0,1,17,4598,153.0,0,6,0.0,1,0.0,Tehrik-i-Taliban Pakistan (TTP)
35361,0,186,6,215,2011,7.529372,81.794609,1.0,1,0.0,1,0,2,3,2523,186.0,0,5,4.0,1,0.0,Liberation Tigers of Tamil Eelam (LTTE)
20664,0,159,3,479,3361,-16.099091,-70.278122,2.0,0,0.0,1,0,1,2,4173,159.0,0,5,1.0,0,0.0,Shining Path (SL)
35111,0,186,6,261,2008,7.115312,81.852488,1.0,0,0.0,1,0,1,14,2521,186.0,0,5,1.0,0,0.0,Liberation Tigers of Tamil Eelam (LTTE)
62487,0,214,9,145,1130,47.751732,38.02906,1.0,0,1.0,1,0,2,14,27,214.0,0,5,8.0,1,0.0,Donetsk People's Republic
77844,0,95,10,37,254,36.354145,43.14357,1.0,0,0.0,0,1,3,4,48,95.0,0,6,1.0,0,0.0,Islamic State of Iraq and the Levant (ISIL)
37147,0,160,5,0,16,6.681959,121.985477,1.0,0,0.0,1,0,3,4,17,160.0,0,6,0.0,1,0.0,Abu Sayyaf Group (ASG)
79467,0,92,6,126,886,24.075537,85.183586,1.0,0,0.0,1,0,6,14,1418,92.0,0,5,1.0,1,1.0,Communist Party of India - Maoist (CPI-Maoist)
23766,0,45,3,377,3197,4.79961,-74.74089,1.0,0,0.0,1,0,2,3,12,45.0,0,5,2.0,1,0.0,Revolutionary Armed Forces of Colombia (FARC)
5822,0,97,10,460,3046,32.08297,34.811886,1.0,0,0.0,1,0,3,14,3746,97.0,0,6,1.0,1,0.0,Palestinians
7766,0,185,8,94,531,42.815372,-1.653616,1.0,0,0.0,1,0,3,8,980,185.0,0,6,0.0,1,0.0,Basque Fatherland and Freedom (ETA)
21992,0,185,8,93,534,41.634202,-1.27299,1.0,0,0.0,1,0,3,19,986,185.0,0,6,0.0,1,0.0,Basque Fatherland and Freedom (ETA)
16207,0,145,2,446,2992,13.01921,-84.73632,1.0,0,0.0,1,0,2,4,1772,145.0,0,5,6.0,1,0.0,Nicaraguan Democratic Force (FDN)
22662,0,159,3,475,3366,-12.267202,-75.172922,1.0,0,0.0,1,0,1,3,4183,159.0,0,5,0.0,0,0.0,Shining Path (SL)
5999,0,603,8,49,1609,51.504387,-0.140041,1.0,0,0.0,0,0,1,1,2089,216.0,0,6,0.0,0,0.0,Irish Republican Army (IRA)
36515,0,45,3,367,24,2.535935,-75.52767,4.0,0,0.0,1,0,2,2,3887,45.0,0,5,0.0,1,0.0,Revolutionary Armed Forces of Colombia (FARC)
15766,0,159,3,277,2118,-11.967368,-76.978462,1.0,1,1.0,1,0,3,9,4775,159.0,0,6,0.0,1,0.0,Tupac Amaru Revolutionary Movement (MRTA)
27238,0,61,2,149,1150,13.69288,-89.199161,1.0,0,0.0,1,0,3,21,1800,61.0,0,5,2.0,1,0.0,Farabundo Marti National Liberation Front (FMLN)
80009,1,147,11,119,1447,5.789504,6.102383,1.0,0,0.0,1,0,6,14,1943,147.0,0,5,1.0,0,1.0,Fulani extremists
52722,1,45,3,368,2510,6.959519,-71.88179,1.0,0,1.0,1,0,6,1,3210,45.0,0,5,0.0,0,1.0,National Liberation Army of Colombia (ELN)
50689,0,95,10,33,247,33.303566,44.371773,1.0,0,0.0,1,0,3,14,13,95.0,0,6,2.0,1,0.0,Al-Qaida in Iraq
82863,1,147,11,177,1363,7.353332,6.110294,3.0,0,0.0,1,0,6,3,1923,147.0,0,5,0.0,0,1.0,Fulani extremists
42602,0,141,6,266,2187,27.686766,85.202357,1.0,0,1.0,1,0,3,3,2894,141.0,0,6,6.0,1,0.0,Maoists
14491,0,61,2,152,1159,13.505945,-88.897676,1.0,0,0.0,1,0,2,4,1762,61.0,0,5,1.0,1,0.0,Farabundo Marti National Liberation Front (FMLN)
16081,0,185,8,86,509,43.258434,-2.921819,1.0,0,0.0,1,0,3,3,371,185.0,0,6,0.0,1,0.0,Basque Fatherland and Freedom (ETA)
82930,0,147,11,108,616,11.868845,13.251158,1.0,1,0.0,1,1,3,3,524,147.0,0,6,2.0,0,0.0,Boko Haram
76797,0,95,10,36,1753,33.460819,44.157433,1.0,0,0.0,1,0,3,14,486,95.0,0,6,3.0,-9,0.0,Islamic State of Iraq and the Levant (ISIL)
57299,0,228,10,52,344,13.850725,46.201563,3.0,0,0.0,1,0,2,4,690,228.0,0,5,4.0,0,0.0,Al-Qaida in the Arabian Peninsula (AQAP)
15932,0,603,8,190,1606,54.077313,-6.608787,1.0,0,0.0,1,0,3,4,2176,216.0,0,6,2.0,1,0.0,Irish Republican Army (IRA)
24232,1,45,3,362,2498,6.242026,-75.564766,1.0,0,0.0,1,0,6,1,3198,217.0,0,5,0.0,0,1.0,National Liberation Army of Colombia (ELN)
27537,0,159,3,277,2118,-11.967368,-76.978462,1.0,0,1.0,1,0,3,1,765,159.0,0,6,0.0,1,0.0,Tupac Amaru Revolutionary Movement (MRTA)
45720,0,153,6,534,3827,34.79216,72.284279,1.0,0,0.0,1,0,7,8,4684,153.0,0,8,0.0,1,0.0,Tehrik-i-Taliban Pakistan (TTP)
7902,0,183,11,19,182,-25.790101,28.143739,1.0,0,0.0,1,0,3,4,336,183.0,0,6,0.0,1,0.0,African National Congress (South Africa)
39298,0,45,3,366,2588,6.643708,-73.653621,4.0,0,0.0,1,0,4,11,3269,45.0,0,5,0.0,1,1.0,National Liberation Army of Colombia (ELN)
19267,0,45,3,367,24,2.535935,-75.52767,4.0,0,0.0,1,0,2,4,1762,45.0,0,5,6.0,1,0.0,Revolutionary Armed Forces of Colombia (FARC)
6041,0,155,10,456,3039,32.222271,35.253506,1.0,0,0.0,0,0,3,2,3687,97.0,0,6,0.0,0,0.0,Palestinians
64274,1,147,11,110,675,11.74464,11.970257,1.0,0,0.0,1,0,6,2,1260,147.0,0,6,61.0,1,1.0,Boko Haram
12727,0,61,2,150,24,14.191665,-89.1706,4.0,0,0.0,1,0,2,4,1788,61.0,0,5,28.0,1,0.0,Farabundo Marti National Liberation Front (FMLN)
32081,0,603,8,49,1609,51.504387,-0.140041,1.0,0,0.0,1,0,3,14,2165,216.0,0,6,0.0,1,0.0,Irish Republican Army (IRA)
36012,0,69,8,135,1052,41.716815,8.917616,1.0,0,0.0,1,0,3,14,1647,69.0,0,6,0.0,1,0.0,Corsican National Liberation Front (FLNC)
69102,0,160,5,1,2,6.088221,121.109329,1.0,0,0.0,0,0,6,4,7,160.0,0,5,0.0,0,0.0,Abu Sayyaf Group (ASG)
27677,0,45,3,369,24,10.411301,-74.405661,4.0,0,0.0,1,0,3,19,233,45.0,0,6,0.0,1,0.0,National Liberation Army of Colombia (ELN)
37595,1,107,7,310,2385,39.632764,70.973749,1.0,0,0.0,1,0,6,1,3048,101.0,0,5,0.0,-9,1.0,Muslim extremists
66174,0,214,9,145,1071,48.143208,37.753361,1.0,0,0.0,1,0,3,4,48,214.0,0,6,0.0,0,0.0,Donetsk People's Republic
73474,0,228,10,60,350,13.586484,44.024105,1.0,0,1.0,1,0,3,14,1291,228.0,0,6,13.0,-9,0.0,Houthi extremists (Ansar Allah)
48551,0,153,6,352,3731,34.006004,71.53743,1.0,1,0.0,1,0,3,8,4632,153.0,0,6,0.0,1,0.0,Tehrik-i-Taliban Pakistan (TTP)
21078,0,92,6,495,3458,29.933673,78.179867,1.0,0,0.0,1,0,3,15,4304,92.0,0,6,3.0,1,0.0,Sikh Extremists
75695,0,214,9,145,1085,47.942608,37.505135,1.0,0,0.0,0,0,2,4,48,214.0,0,5,0.0,0,0.0,Donetsk People's Republic
71761,0,123,11,298,2366,16.766589,-3.002562,1.0,0,0.0,1,0,1,7,3032,422.0,0,5,3.0,0,0.0,Muslim extremists
75430,0,95,10,33,247,33.303566,44.371773,1.0,0,0.0,1,0,3,14,13,95.0,0,6,2.0,-9,0.0,Islamic State of Iraq and the Levant (ISIL)
16122,0,183,11,18,132,-29.965819,30.882976,1.0,0,0.0,1,0,1,22,352,183.0,0,6,1.0,0,0.0,African National Congress (South Africa)
40015,0,45,3,360,3196,6.521111,-76.972222,1.0,0,0.0,1,0,3,15,3925,45.0,0,6,119.0,1,0.0,Revolutionary Armed Forces of Colombia (FARC)
13806,0,186,6,263,2016,8.345185,80.388133,1.0,0,0.0,1,0,2,14,13,186.0,0,5,146.0,1,0.0,Liberation Tigers of Tamil Eelam (LTTE)
79389,1,33,11,315,2408,14.20701,-1.852514,1.0,0,0.0,1,0,6,8,51,33.0,0,8,1.0,1,1.0,Muslim extremists
78702,0,95,10,37,254,36.354145,43.14357,1.0,0,1.0,1,0,3,14,814,95.0,0,6,0.0,1,0.0,Islamic State of Iraq and the Levant (ISIL)
47206,0,92,6,125,833,25.195693,86.541023,2.0,0,0.0,1,0,7,1,1355,92.0,0,8,0.0,1,0.0,Communist Party of India - Maoist (CPI-Maoist)
16371,0,183,11,21,160,-25.474193,30.969455,1.0,1,0.0,1,0,3,4,303,183.0,0,6,1.0,1,0.0,African National Congress (South Africa)
5205,0,69,8,136,131,48.856644,2.34233,1.0,0,0.0,1,0,3,1,765,69.0,0,6,0.0,1,0.0,Corsican National Liberation Front (FLNC)
51406,0,69,8,17,131,48.856644,2.34233,1.0,0,0.0,1,0,3,7,260,93.0,1,6,0.0,1,0.0,Muslim extremists
17677,0,183,11,25,161,-33.941849,18.41964,1.0,0,0.0,1,0,3,4,291,183.0,0,6,0.0,1,0.0,African National Congress (South Africa)
13412,0,159,3,277,2118,-11.967368,-76.978462,1.0,0,0.0,1,0,3,2,4082,159.0,0,6,0.0,1,0.0,Shining Path (SL)
61578,0,214,9,145,1088,47.927954,37.371645,3.0,0,1.0,1,0,7,9,1702,214.0,0,5,1.0,1,0.0,Donetsk People's Republic
79492,0,4,6,528,24,34.351349,68.238534,4.0,0,0.0,1,0,3,4,559,4.0,0,6,8.0,1,0.0,Taliban
63828,0,208,10,320,2409,36.299722,8.768333,1.0,0,0.0,1,0,2,4,56,208.0,0,5,5.0,1,0.0,Muslim extremists
29318,0,159,3,486,3878,-6.139657,-77.101584,1.0,0,0.0,1,0,2,4,4857,159.0,0,5,6.0,1,0.0,Tupac Amaru Revolutionary Movement (MRTA)
44142,0,95,10,32,263,33.420948,43.295662,1.0,0,0.0,1,0,3,14,502,95.0,0,6,3.0,0,0.0,Al-Qaida in Iraq
54131,0,95,10,38,250,35.45211,44.375465,1.0,0,1.0,1,0,2,4,92,95.0,0,5,2.0,0,0.0,Al-Qaida in Iraq
81337,0,153,6,427,3805,33.418412,70.468875,2.0,1,1.0,1,0,3,4,559,153.0,0,6,0.0,0,0.0,Tehrik-i-Taliban Pakistan (TTP)
17536,0,160,5,11,43,14.596051,120.978666,1.0,0,0.0,1,0,1,3,3455,160.0,0,5,1.0,0,0.0,New People's Army (NPA)
15758,0,183,11,21,174,-27.365132,29.880845,1.0,1,0.0,1,0,3,1,326,183.0,0,6,0.0,1,0.0,African National Congress (South Africa)
29514,0,603,8,190,1604,55.011562,-7.312045,1.0,0,0.0,1,0,3,1,2047,233.0,0,6,0.0,1,0.0,Irish Republican Army (IRA)
29649,0,155,10,456,3041,31.704338,35.194355,1.0,0,0.0,1,0,2,14,3623,97.0,0,8,0.0,1,0.0,Palestinians
32336,0,45,3,366,2500,7.116294,-73.120026,1.0,0,0.0,1,0,3,1,3229,45.0,0,6,0.0,1,0.0,National Liberation Army of Colombia (ELN)
8384,0,45,3,361,2614,1.207787,-77.2772,1.0,0,0.0,1,0,2,1,765,45.0,0,5,1.0,1,1.0,Revolutionary Armed Forces of Colombia (FARC)
12082,0,145,2,436,2868,13.367126,-85.672322,1.0,0,0.0,1,0,2,4,1762,145.0,0,5,1.0,1,0.0,Nicaraguan Democratic Force (FDN)
71267,1,160,5,396,2642,8.892579,126.300309,2.0,0,0.0,1,0,6,14,3336,160.0,0,5,1.0,0,1.0,New People's Army (NPA)
72607,0,209,10,222,1875,37.372713,41.93286,3.0,0,0.0,1,0,3,3,559,209.0,0,6,1.0,1,0.0,Kurdistan Workers' Party (PKK)
29157,0,159,3,277,2118,-11.967368,-76.978462,1.0,0,1.0,1,0,3,1,765,159.0,0,6,0.0,1,0.0,Shining Path (SL)
50126,0,182,11,68,404,2.059819,45.326115,1.0,1,0.0,1,0,2,14,884,182.0,0,9,0.0,0,0.0,Al-Shabaab
21242,0,92,6,337,24,31.147131,75.341218,4.0,0,0.0,0,0,3,19,4280,92.0,0,6,0.0,1,0.0,Sikh Extremists
29639,0,155,10,325,3082,31.502407,34.459743,1.0,0,0.0,1,0,3,4,2198,97.0,0,6,0.0,1,0.0,Palestinians
42566,0,141,6,215,2239,27.286093,87.009635,1.0,0,1.0,1,0,2,14,2925,141.0,0,5,2.0,0,0.0,Maoists
32567,0,209,10,234,24,40.061908,41.686803,4.0,0,0.0,1,0,2,4,1788,209.0,0,5,3.0,1,0.0,Kurdistan Workers' Party (PKK)
47884,0,92,6,409,2673,24.817011,93.936844,3.0,0,0.0,1,0,7,1,3356,92.0,0,8,0.0,1,0.0,New People's Army (NPA)
80527,0,92,6,126,800,23.808075,85.763511,1.0,0,0.0,1,0,3,19,1454,92.0,0,6,0.0,1,0.0,Communist Party of India - Maoist (CPI-Maoist)
27380,0,98,8,90,520,41.890961,12.490069,1.0,0,0.0,1,0,3,7,957,185.0,0,6,0.0,1,0.0,Basque Fatherland and Freedom (ETA)
14089,0,61,2,151,1152,13.814197,-88.34682,1.0,0,0.0,1,0,2,4,1762,61.0,0,5,4.0,1,0.0,Farabundo Marti National Liberation Front (FMLN)
42668,0,185,8,86,569,43.192806,-3.19688,1.0,0,1.0,1,0,3,2,1067,185.0,0,6,0.0,1,0.0,Basque Fatherland and Freedom (ETA)
26577,0,92,6,494,3410,28.585836,77.153336,1.0,0,0.0,1,0,3,2,4356,92.0,0,6,0.0,1,0.0,Sikh Extremists
23250,0,159,3,487,3319,-14.063467,-75.729381,1.0,0,0.0,1,0,3,4,4110,159.0,0,6,0.0,1,0.0,Shining Path (SL)
73575,0,160,5,387,2717,10.299222,123.114941,1.0,0,0.0,1,0,2,4,3391,160.0,0,5,1.0,0,0.0,New People's Army (NPA)
30638,0,209,10,237,1887,39.230556,43.876944,1.0,0,0.0,1,0,2,14,2418,209.0,0,5,0.0,1,0.0,Kurdistan Workers' Party (PKK)
39989,0,160,5,9,40,6.11622,125.169395,1.0,0,1.0,1,0,3,1,75,160.0,0,6,0.0,0,0.0,Abu Sayyaf Group (ASG)
710,0,603,8,190,1603,54.607712,-5.95621,1.0,0,0.0,0,0,1,4,12,216.0,0,5,1.0,0,0.0,Irish Republican Army (IRA)
4678,0,185,8,86,566,43.338233,-1.789272,1.0,0,0.0,1,0,1,3,1060,185.0,0,5,1.0,0,0.0,Basque Fatherland and Freedom (ETA)
59599,0,214,9,145,1115,48.987865,37.797001,1.0,0,0.0,1,0,2,3,175,214.0,0,5,0.0,-9,0.0,Donetsk People's Republic
11993,0,92,6,337,3418,31.633078,74.878288,1.0,0,0.0,1,0,1,17,4307,92.0,0,5,1.0,0,0.0,Sikh Extremists
44214,0,209,10,223,1857,37.377382,44.085035,1.0,0,0.0,1,0,3,14,2427,209.0,0,6,0.0,-9,0.0,Kurdistan Workers' Party (PKK)
40285,1,160,5,1,22,6.050458,121.012245,1.0,1,0.0,1,0,6,14,70,160.0,0,9,2.0,0,1.0,Abu Sayyaf Group (ASG)
64689,0,113,10,289,2448,30.63179,18.351568,1.0,0,1.0,1,0,3,21,3098,113.0,0,6,4.0,1,0.0,Muslim extremists
12207,0,145,2,446,2936,13.1,-85.35,1.0,0,0.0,1,0,2,4,1762,145.0,0,5,0.0,1,0.0,Nicaraguan Democratic Force (FDN)
31947,0,69,8,135,24,41.918891,8.737554,4.0,0,1.0,1,0,3,2,560,69.0,0,6,0.0,1,0.0,Corsican National Liberation Front (FLNC)
28706,0,61,2,151,1164,13.491242,-88.173134,1.0,0,1.0,1,0,3,21,1831,61.0,0,6,0.0,1,0.0,Farabundo Marti National Liberation Front (FMLN)
12193,0,183,11,18,137,-29.861824,31.008293,1.0,0,0.0,1,0,3,2,294,183.0,0,6,0.0,1,0.0,African National Congress (South Africa)
18152,0,45,3,366,2500,7.116294,-73.120026,1.0,0,0.0,1,0,1,2,3191,45.0,0,5,2.0,0,0.0,National Liberation Army of Colombia (ELN)
78972,0,153,6,352,3791,33.993872,71.860098,1.0,0,0.0,1,0,2,2,4631,153.0,0,5,1.0,0,0.0,Tehrik-i-Taliban Pakistan (TTP)
57462,0,92,6,130,2265,22.10882,85.29112,1.0,1,0.0,0,0,3,4,2944,92.0,0,6,0.0,0,0.0,Maoists
79087,0,173,10,61,1534,17.554939,44.232357,1.0,0,0.0,1,0,3,14,13,153.0,0,6,0.0,1,0.0,Houthi extremists (Ansar Allah)
33191,0,209,10,207,1711,41.106178,28.689863,1.0,0,1.0,1,0,3,14,1065,209.0,0,6,0.0,1,0.0,Kurdistan Workers' Party (PKK)
17280,0,183,11,19,136,-26.184113,28.033232,1.0,0,0.0,1,0,3,2,312,183.0,0,6,3.0,1,0.0,African National Congress (South Africa)
789,0,603,8,190,1603,54.607712,-5.95621,1.0,0,0.0,1,0,1,4,2046,216.0,0,5,1.0,0,0.0,Irish Republican Army (IRA)
46223,0,92,6,125,941,25.155376,86.569191,1.0,0,0.0,1,0,2,2,1474,92.0,0,5,1.0,-9,0.0,Communist Party of India - Maoist (CPI-Maoist)
1149,0,603,8,190,1606,54.077313,-6.608787,1.0,0,0.0,1,0,2,4,2128,216.0,0,5,1.0,0,0.0,Irish Republican Army (IRA)
63791,0,147,11,167,1414,8.358392,8.667524,1.0,0,1.0,1,0,7,14,27,147.0,0,8,1.0,1,0.0,Fulani extremists
16849,0,159,3,277,2118,-11.967368,-76.978462,1.0,0,1.0,1,0,3,1,4754,159.0,0,6,0.0,1,0.0,Tupac Amaru Revolutionary Movement (MRTA)
65698,0,147,11,166,1286,7.689167,9.250278,3.0,0,1.0,1,0,2,14,27,147.0,0,5,1.0,1,0.0,Fulani extremists
36808,0,603,8,190,1644,54.42071,-6.443767,1.0,0,0.0,1,0,3,14,2147,233.0,0,6,0.0,1,0.0,Irish Republican Army (IRA)
68620,0,209,10,235,1832,38.395649,27.135641,1.0,0,0.0,0,0,3,20,6,209.0,0,6,0.0,0,0.0,Kurdistan Workers' Party (PKK)
14327,0,145,2,438,2990,13.157674,-86.37536,1.0,0,0.0,1,0,2,4,562,145.0,0,5,0.0,1,0.0,Nicaraguan Democratic Force (FDN)
35190,0,186,6,215,2046,9.575,80.466111,1.0,1,0.0,1,1,3,4,2563,186.0,0,6,12.0,1,0.0,Liberation Tigers of Tamil Eelam (LTTE)
25707,0,186,6,215,2030,9.616539,79.992,1.0,0,0.0,1,0,3,19,2547,186.0,0,6,0.0,1,0.0,Liberation Tigers of Tamil Eelam (LTTE)
57331,0,95,10,38,250,35.45211,44.375465,1.0,0,0.0,1,0,3,10,219,95.0,0,6,0.0,1,0.0,Islamic State of Iraq and the Levant (ISIL)
39844,0,45,3,359,24,7.907275,-72.968411,4.0,0,0.0,1,0,3,21,3239,45.0,0,6,0.0,1,0.0,National Liberation Army of Colombia (ELN)
16574,0,159,3,483,3356,-9.05621,-78.578613,1.0,0,0.0,1,0,3,1,4165,159.0,0,6,1.0,1,0.0,Shining Path (SL)
13567,0,43,3,271,2106,-33.366238,-70.505302,1.0,0,0.0,1,0,2,3,2686,43.0,0,5,1.0,1,0.0,Manuel Rodriguez Patriotic Front (FPMR)
33088,0,209,10,238,24,37.927404,41.941978,1.0,0,0.0,1,0,2,4,562,209.0,0,5,0.0,1,0.0,Kurdistan Workers' Party (PKK)
31066,0,92,6,287,3437,28.263681,78.403733,1.0,0,0.0,1,0,1,3,4278,92.0,0,5,7.0,0,0.0,Sikh Extremists
73061,1,4,6,517,3603,36.041875,65.014133,2.0,0,0.0,1,0,6,14,13,4.0,0,5,2.0,0,1.0,Taliban
10019,0,110,10,358,2486,33.550434,35.370964,1.0,0,0.0,1,0,3,4,3776,97.0,0,6,1.0,1,0.0,Palestinians
20821,0,185,8,86,509,43.258434,-2.921819,1.0,0,0.0,1,0,3,3,414,185.0,0,6,0.0,1,0.0,Basque Fatherland and Freedom (ETA)
43996,0,95,10,36,284,34.533753,43.483738,2.0,0,0.0,1,1,3,3,540,95.0,0,6,1.0,0,0.0,Al-Qaida in Iraq
34731,0,75,8,239,1844,48.139126,11.580186,1.0,0,0.0,1,0,7,1,2377,209.0,0,8,0.0,1,0.0,Kurdistan Workers' Party (PKK)
30848,0,159,3,277,2118,-11.967368,-76.978462,1.0,0,0.0,1,0,3,4,4824,159.0,0,6,0.0,1,0.0,Tupac Amaru Revolutionary Movement (MRTA)
16930,0,145,2,450,2894,12.069311,-84.539748,1.0,0,1.0,1,0,2,4,3537,145.0,0,5,1.0,1,0.0,Nicaraguan Democratic Force (FDN)
42553,0,45,3,378,2535,3.429344,-76.516037,1.0,0,0.0,1,0,2,3,3900,45.0,0,5,2.0,0,0.0,Revolutionary Armed Forces of Colombia (FARC)
73706,0,4,6,518,3551,36.035538,68.643112,1.0,0,0.0,1,0,2,3,4445,4.0,0,5,7.0,0,0.0,Taliban
21525,0,159,3,277,3865,-12.003379,-76.918423,1.0,0,0.0,1,0,2,3,175,159.0,0,5,0.0,1,0.0,Tupac Amaru Revolutionary Movement (MRTA)
69309,0,147,11,110,649,11.640027,11.335048,1.0,0,1.0,1,0,3,2,1234,147.0,0,6,0.0,1,0.0,Boko Haram
54158,0,209,10,222,1814,37.33083,42.184602,1.0,0,0.0,1,0,3,8,2388,209.0,0,6,0.0,1,0.0,Kurdistan Workers' Party (PKK)
50095,0,147,11,108,616,11.840929,13.141459,1.0,0,0.0,1,0,2,14,1267,147.0,0,5,1.0,0,0.0,Boko Haram
60187,0,167,9,302,2401,42.98542,47.450668,1.0,0,0.0,1,0,2,3,12,167.0,0,5,3.0,0,0.0,Muslim extremists
63496,0,214,9,145,1071,48.143208,37.753361,1.0,1,0.0,0,0,2,4,48,214.0,0,5,0.0,0,0.0,Donetsk People's Republic
14907,0,183,11,26,162,-22.351154,30.039773,1.0,0,0.0,1,0,3,4,306,183.0,0,6,0.0,1,0.0,African National Congress (South Africa)
54317,0,95,10,33,247,33.303566,44.371773,1.0,0,1.0,1,0,2,2,532,95.0,0,5,0.0,0,0.0,Al-Qaida in Iraq
63256,0,160,5,9,2763,6.388085,124.795647,2.0,0,0.0,1,0,7,1,3431,160.0,0,8,0.0,1,0.0,New People's Army (NPA)
64733,0,214,9,145,1086,47.460209,37.86647,1.0,0,1.0,1,0,3,14,205,214.0,0,6,0.0,-9,0.0,Donetsk People's Republic
35698,0,186,6,263,2070,8.2,80.483333,1.0,0,0.0,1,0,2,14,2602,186.0,0,5,40.0,1,0.0,Liberation Tigers of Tamil Eelam (LTTE)
8707,0,97,10,325,3073,31.537834,34.489532,1.0,0,0.0,1,0,3,14,3695,97.0,0,6,1.0,1,0.0,Palestinians
60820,0,182,11,70,473,-1.013578,42.030766,1.0,1,0.0,1,0,3,14,13,182.0,0,6,5.0,0,0.0,Al-Shabaab
21821,0,61,2,157,1198,13.772142,-88.07664,1.0,0,0.0,1,0,2,4,1805,61.0,0,5,0.0,1,0.0,Farabundo Marti National Liberation Front (FMLN)
69217,0,228,10,55,321,13.985013,45.558479,1.0,0,0.0,1,1,3,22,524,228.0,0,6,1.0,0,0.0,Al-Qaida in the Arabian Peninsula (AQAP)
60208,0,214,9,145,1067,47.117252,37.572659,1.0,0,0.0,0,0,2,4,48,214.0,0,5,0.0,0,0.0,Donetsk People's Republic
4391,0,185,8,86,509,43.258434,-2.921819,1.0,0,0.0,1,0,1,3,944,185.0,0,5,2.0,0,0.0,Basque Fatherland and Freedom (ETA)
62626,0,214,9,145,1067,47.117252,37.572659,1.0,1,0.0,1,0,3,4,0,214.0,0,6,1.0,0,0.0,Donetsk People's Republic
18228,0,92,6,337,24,31.147131,75.341218,4.0,0,1.0,1,0,1,14,4253,92.0,0,5,1.0,0,0.0,Sikh Extremists
50577,0,228,10,52,327,13.129726,45.385571,1.0,1,0.0,1,0,3,4,745,228.0,0,6,5.0,0,0.0,Al-Qaida in the Arabian Peninsula (AQAP)
72515,0,147,11,108,689,10.869414,12.850553,1.0,0,1.0,1,1,3,14,486,147.0,0,6,5.0,1,0.0,Boko Haram
45780,0,153,6,534,3781,34.774479,72.364052,1.0,0,0.0,1,0,2,2,4673,153.0,0,5,1.0,0,0.0,Tehrik-i-Taliban Pakistan (TTP)
20930,0,43,3,271,2106,-33.366238,-70.505302,1.0,0,0.0,1,0,2,3,2792,43.0,0,5,0.0,1,0.0,Manuel Rodriguez Patriotic Front (FPMR)
34741,0,43,3,271,2106,-33.366238,-70.505302,1.0,0,0.0,1,0,3,2,2707,43.0,0,6,0.0,1,0.0,Manuel Rodriguez Patriotic Front (FPMR)
5254,0,69,8,136,131,48.856644,2.34233,1.0,0,0.0,1,0,7,1,1569,69.0,0,8,0.0,1,0.0,Corsican National Liberation Front (FLNC)
62403,0,228,10,57,1540,16.032999,44.766691,1.0,0,0.0,1,0,3,4,48,228.0,0,6,2.0,-9,0.0,Houthi extremists (Ansar Allah)
57983,0,182,11,68,404,2.059819,45.326115,1.0,0,0.0,1,0,2,1,904,182.0,0,5,1.0,0,0.0,Al-Shabaab
57123,0,228,10,58,337,13.063399,44.880882,1.0,0,0.0,1,0,2,4,674,228.0,0,5,3.0,-9,0.0,Al-Qaida in the Arabian Peninsula (AQAP)
5222,0,69,8,136,131,48.856644,2.34233,1.0,0,0.0,1,0,3,14,1564,69.0,0,6,0.0,1,0.0,Corsican National Liberation Front (FLNC)
37314,0,186,6,215,1990,7.921328,81.52467,1.0,1,0.0,1,0,3,4,2525,186.0,0,6,5.0,-9,0.0,Liberation Tigers of Tamil Eelam (LTTE)
25430,1,155,10,456,3072,31.907141,35.198219,1.0,0,0.0,1,0,6,14,3694,155.0,0,5,1.0,0,1.0,Palestinians
66018,0,147,11,110,613,11.704399,11.088539,1.0,0,1.0,1,1,3,19,56,147.0,0,6,13.0,1,0.0,Boko Haram
28865,0,186,6,215,1988,8.5922,81.196796,3.0,0,0.0,1,0,2,4,562,186.0,0,5,8.0,1,0.0,Liberation Tigers of Tamil Eelam (LTTE)
75758,0,147,11,112,1310,9.434235,8.350026,1.0,1,1.0,1,0,2,14,27,147.0,0,5,2.0,0,0.0,Fulani extremists
75827,0,92,6,128,799,22.408769,87.373316,3.0,0,1.0,0,0,3,20,6,92.0,0,6,0.0,0,0.0,Maoists
48042,0,92,6,127,881,18.555268,81.537572,1.0,1,0.0,1,0,3,19,1412,92.0,0,6,36.0,1,0.0,Communist Party of India - Maoist (CPI-Maoist)
80168,0,92,6,128,2379,23.218062,88.09873,2.0,0,0.0,1,0,3,14,560,92.0,0,6,0.0,1,0.0,Muslim extremists
81945,0,185,8,101,548,41.400635,2.150913,1.0,0,1.0,1,0,8,14,13,999.0,1,10,14.0,-9,0.0,Muslim extremists
67826,0,214,9,145,1077,47.313381,37.805458,1.0,1,0.0,1,0,3,4,1697,214.0,0,6,0.0,-9,0.0,Donetsk People's Republic
14608,0,145,2,448,2909,12.398896,-86.813327,1.0,0,0.0,1,0,2,19,1153,145.0,0,5,1.0,1,0.0,Nicaraguan Democratic Force (FDN)
63595,1,92,6,130,2285,19.890014,84.981394,2.0,0,0.0,1,0,6,2,2962,92.0,0,5,1.0,0,1.0,Maoists
52602,0,4,6,526,3580,36.705776,68.87706,1.0,0,0.0,0,0,1,2,4462,4.0,0,6,0.0,0,0.0,Taliban
45310,1,45,3,378,2535,3.429344,-76.516037,1.0,0,0.0,1,0,6,1,3870,45.0,0,5,0.0,0,1.0,Revolutionary Armed Forces of Colombia (FARC)
8568,0,155,10,456,3071,31.803923,35.325162,1.0,0,0.0,0,0,3,1,3689,97.0,0,6,0.0,0,0.0,Palestinians
41664,0,95,10,33,247,33.303566,44.371773,1.0,0,0.0,1,0,3,4,539,14.0,0,6,3.0,-9,0.0,Al-Qaida in Iraq
24596,0,96,8,191,1618,52.663857,-8.626773,1.0,0,0.0,1,0,6,2,2076,233.0,0,5,0.0,0,1.0,Irish Republican Army (IRA)
58384,0,95,10,33,247,33.303566,44.371773,1.0,0,1.0,1,0,3,19,549,95.0,0,6,1.0,1,0.0,Islamic State of Iraq and the Levant (ISIL)
56447,0,160,5,1,22,6.050458,121.012245,1.0,0,0.0,1,0,3,15,90,160.0,0,6,0.0,1,0.0,Abu Sayyaf Group (ASG)
76421,1,95,10,38,1764,35.430138,43.296707,1.0,0,0.0,1,0,6,14,566,95.0,0,9,1.0,0,1.0,Islamic State of Iraq and the Levant (ISIL)
25862,0,159,3,277,2118,-11.967368,-76.978462,1.0,0,0.0,1,0,6,2,4774,159.0,0,5,1.0,0,1.0,Tupac Amaru Revolutionary Movement (MRTA)
8759,0,97,10,458,3043,31.771599,35.2034,1.0,0,0.0,0,0,3,16,3780,97.0,0,6,0.0,0,0.0,Palestinians
6487,0,603,8,190,1636,54.515694,-6.055724,1.0,0,0.0,1,0,3,1,587,216.0,0,6,0.0,1,0.0,Irish Republican Army (IRA)
77640,0,228,10,51,357,15.45639,45.324871,1.0,0,0.0,0,0,3,14,1977,228.0,0,6,0.0,0,0.0,Houthi extremists (Ansar Allah)
34059,0,75,8,197,1858,52.152262,10.331013,1.0,0,0.0,1,0,7,1,2386,209.0,0,8,0.0,1,0.0,Kurdistan Workers' Party (PKK)
7697,0,603,8,190,1657,54.223033,-6.486782,1.0,0,0.0,1,0,2,3,2168,216.0,0,5,1.0,0,0.0,Irish Republican Army (IRA)
64154,0,214,9,145,1105,48.312065,38.274979,1.0,1,0.0,1,0,2,4,48,214.0,0,6,0.0,-9,0.0,Donetsk People's Republic
19257,0,69,8,137,1018,43.296482,5.36978,1.0,0,0.0,1,0,3,1,1573,69.0,0,6,0.0,1,0.0,Corsican National Liberation Front (FLNC)
58643,0,113,10,328,2423,32.760422,22.635265,1.0,0,1.0,1,0,3,2,2895,113.0,0,6,0.0,1,0.0,Muslim extremists
58356,0,153,6,352,3750,33.91758,71.562035,1.0,0,1.0,1,0,2,17,347,153.0,0,5,4.0,0,0.0,Tehrik-i-Taliban Pakistan (TTP)
15169,0,159,3,484,3316,-13.16015,-75.072161,1.0,0,0.0,1,0,1,2,4109,159.0,0,5,1.0,0,0.0,Shining Path (SL)
78710,0,160,5,402,2788,6.08525,125.272616,1.0,0,0.0,0,0,2,4,3381,160.0,0,5,0.0,0,0.0,New People's Army (NPA)
7723,0,603,8,190,24,54.787715,-6.492314,4.0,0,0.0,1,0,2,3,2168,216.0,0,5,1.0,0,0.0,Irish Republican Army (IRA)
22514,0,45,3,362,2553,6.153669,-75.37416,1.0,0,0.0,1,0,2,4,562,45.0,0,5,0.0,1,0.0,National Liberation Army of Colombia (ELN)
42782,0,95,10,36,252,34.208416,43.890713,1.0,0,0.0,1,0,3,15,570,95.0,0,6,0.0,1,0.0,Al-Qaida in Iraq
28018,0,92,6,337,3418,31.633078,74.878288,1.0,1,0.0,1,0,2,3,562,92.0,0,5,2.0,1,0.0,Sikh Extremists
79466,0,160,5,0,75,6.611512,122.263054,1.0,0,0.0,1,0,3,14,147,160.0,0,6,1.0,0,0.0,Abu Sayyaf Group (ASG)
12740,0,145,2,452,2934,13.00504,-84.37076,1.0,0,0.0,1,0,2,4,1762,145.0,0,5,8.0,1,0.0,Nicaraguan Democratic Force (FDN)
15372,0,43,3,272,2110,-36.816006,-73.037659,1.0,0,1.0,1,0,3,1,2696,43.0,0,6,0.0,1,0.0,Manuel Rodriguez Patriotic Front (FPMR)
75189,0,147,11,166,1442,7.689167,9.250278,2.0,0,1.0,1,0,2,14,27,147.0,0,5,1.0,0,0.0,Fulani extremists
29431,0,603,8,190,1645,54.863117,-6.278343,1.0,0,1.0,1,0,7,1,321,233.0,0,8,0.0,1,0.0,Irish Republican Army (IRA)
82944,0,60,10,290,2361,31.126646,33.800865,1.0,0,0.0,1,0,3,3,559,60.0,0,6,0.0,1,0.0,Muslim extremists
13558,0,159,3,277,2118,-11.967368,-76.978462,1.0,0,1.0,1,0,3,9,4811,159.0,0,6,1.0,1,0.0,Tupac Amaru Revolutionary Movement (MRTA)
19925,0,92,6,337,3418,31.633078,74.878288,1.0,0,0.0,1,0,1,14,4316,92.0,0,5,1.0,0,0.0,Sikh Extremists
80240,0,147,11,119,1401,5.92305,6.48853,1.0,0,0.0,1,0,2,14,27,147.0,0,5,5.0,0,0.0,Fulani extremists
54099,1,153,6,352,3731,34.006004,71.53743,1.0,1,1.0,1,0,6,3,2901,153.0,0,6,8.0,-9,1.0,Tehrik-i-Taliban Pakistan (TTP)
63168,0,4,6,515,3545,34.516895,69.147011,1.0,0,1.0,1,1,3,4,56,4.0,0,6,9.0,1,0.0,Taliban
15032,0,159,3,277,2118,-11.967368,-76.978462,1.0,0,0.0,1,0,5,10,4767,159.0,0,5,0.0,1,1.0,Tupac Amaru Revolutionary Movement (MRTA)
27862,0,159,3,536,3858,-12.050894,-77.126074,1.0,0,0.0,1,0,3,21,4748,159.0,0,6,0.0,1,0.0,Tupac Amaru Revolutionary Movement (MRTA)
22990,0,603,8,190,1628,54.951082,-6.558998,1.0,0,0.0,1,0,1,14,2101,233.0,0,5,1.0,0,0.0,Irish Republican Army (IRA)
48519,0,92,6,126,937,23.887562,84.799711,1.0,0,0.0,1,0,2,14,1471,92.0,0,8,0.0,1,0.0,Communist Party of India - Maoist (CPI-Maoist)
61057,0,45,3,363,2492,4.667128,-74.106056,1.0,0,1.0,1,0,3,20,6,45.0,0,6,0.0,1,0.0,Revolutionary Armed Forces of Colombia (FARC)
77638,0,228,10,183,1515,16.321999,42.814075,1.0,0,0.0,1,0,3,4,48,228.0,0,6,2.0,-9,0.0,Houthi extremists (Ansar Allah)
35841,0,45,3,362,24,6.2675,-75.568611,4.0,0,1.0,1,0,3,21,2777,45.0,0,6,0.0,1,0.0,National Liberation Army of Colombia (ELN)
77682,0,228,10,52,317,13.887403,45.863647,1.0,0,0.0,0,0,1,17,701,228.0,0,6,0.0,-9,0.0,Al-Qaida in the Arabian Peninsula (AQAP)
74350,0,123,11,168,2355,16.272278,-0.048965,1.0,1,0.0,1,0,3,4,162,123.0,0,6,2.0,1,0.0,Muslim extremists
64911,0,228,10,55,334,14.0475,45.381111,3.0,0,0.0,1,0,1,14,669,228.0,0,5,5.0,1,0.0,Al-Qaida in the Arabian Peninsula (AQAP)
40441,0,6,10,339,2441,35.696111,4.539313,1.0,1,0.0,1,0,3,14,3092,6.0,0,6,6.0,1,0.0,Muslim extremists
21342,0,186,6,266,2022,7.29384,80.640669,1.0,0,0.0,1,0,2,4,2604,186.0,0,5,2.0,1,0.0,Liberation Tigers of Tamil Eelam (LTTE)
80576,0,95,10,37,254,36.354145,43.14357,1.0,0,1.0,1,0,3,4,48,95.0,0,6,2.0,1,0.0,Islamic State of Iraq and the Levant (ISIL)
67858,0,160,5,397,2681,14.276771,122.705349,1.0,0,1.0,1,0,2,3,85,160.0,0,5,0.0,1,0.0,New People's Army (NPA)
10812,0,603,8,190,1604,55.011562,-7.312045,1.0,0,0.0,1,0,2,3,2187,233.0,0,5,0.0,1,0.0,Irish Republican Army (IRA)
13592,0,43,3,271,2106,-33.366238,-70.505302,1.0,0,1.0,1,0,3,21,2765,43.0,0,6,0.0,1,0.0,Manuel Rodriguez Patriotic Front (FPMR)
44692,0,95,10,34,290,34.186336,45.126056,3.0,0,0.0,1,0,3,14,552,95.0,0,6,1.0,-9,0.0,Al-Qaida in Iraq
13303,0,145,2,445,2925,13.041707,-86.905374,1.0,0,0.0,1,0,3,21,1761,145.0,0,6,0.0,1,0.0,Nicaraguan Democratic Force (FDN)
70092,0,147,11,118,1290,9.539536,8.899852,2.0,0,1.0,1,0,2,14,13,147.0,0,5,3.0,0,0.0,Fulani extremists
49144,0,45,3,470,1164,0.342871,-76.909656,1.0,0,0.0,0,0,3,21,3946,45.0,0,6,0.0,0,0.0,Revolutionary Armed Forces of Colombia (FARC)
5501,0,603,8,190,1612,54.102813,-6.259412,1.0,0,0.0,1,0,3,4,2059,216.0,0,6,0.0,1,0.0,Irish Republican Army (IRA)
15625,0,145,2,436,2938,13.130707,-85.971684,3.0,1,0.0,1,0,2,3,3577,145.0,0,5,1.0,1,0.0,Nicaraguan Democratic Force (FDN)
10337,0,145,2,437,2879,14.065404,-86.024135,1.0,0,0.0,1,0,2,14,3530,145.0,0,5,18.0,1,1.0,Nicaraguan Democratic Force (FDN)
59807,0,214,9,145,1092,48.730804,37.574596,1.0,0,0.0,1,0,2,4,1720,214.0,0,6,0.0,1,0.0,Donetsk People's Republic
75882,0,45,3,474,3226,2.331899,-72.628127,1.0,0,0.0,1,0,3,3,85,45.0,0,6,0.0,1,0.0,Revolutionary Armed Forces of Colombia (FARC)
54789,0,153,6,352,2472,34.002579,71.382477,1.0,0,0.0,1,0,3,1,4696,153.0,0,6,0.0,1,0.0,Tehrik-i-Taliban Pakistan (TTP)
36524,0,45,3,469,24,0.869892,-73.841906,4.0,0,0.0,1,0,3,4,48,45.0,0,6,3.0,1,0.0,Revolutionary Armed Forces of Colombia (FARC)
76117,0,209,10,231,1842,39.018605,40.574546,1.0,1,0.0,1,0,3,4,48,209.0,0,6,1.0,0,0.0,Kurdistan Workers' Party (PKK)
12311,0,145,2,448,2886,12.509204,-86.661108,4.0,0,0.0,1,0,2,14,3534,145.0,0,5,0.0,1,0.0,Nicaraguan Democratic Force (FDN)
66009,0,228,10,58,337,13.063399,44.880882,1.0,0,0.0,1,0,1,3,675,228.0,0,5,1.0,0,0.0,Al-Qaida in the Arabian Peninsula (AQAP)
29595,0,186,6,261,1975,8.980118,79.912462,3.0,0,0.0,1,0,2,4,562,186.0,0,5,7.0,1,0.0,Liberation Tigers of Tamil Eelam (LTTE)
55500,1,160,5,0,24,6.598449,122.040153,4.0,0,0.0,1,0,6,11,182,160.0,0,5,0.0,0,1.0,Abu Sayyaf Group (ASG)
60520,0,93,5,329,2424,-7.68892,110.348754,3.0,0,1.0,1,0,2,14,3079,93.0,0,9,0.0,1,0.0,Muslim extremists
70145,0,95,10,33,247,33.303566,44.371773,1.0,0,1.0,1,1,3,3,20,95.0,0,6,6.0,-9,0.0,Islamic State of Iraq and the Levant (ISIL)
13655,0,145,2,439,2858,13.41367,-86.398163,1.0,0,0.0,1,0,3,2,3519,145.0,0,5,1.0,1,0.0,Nicaraguan Democratic Force (FDN)
58571,0,92,6,133,903,21.201097,79.609217,1.0,0,0.0,1,0,7,2,1433,92.0,0,8,0.0,1,0.0,Communist Party of India - Maoist (CPI-Maoist)
46429,0,92,6,126,806,24.04573,86.614492,1.0,0,1.0,1,0,3,8,1406,92.0,0,6,0.0,-9,0.0,Communist Party of India - Maoist (CPI-Maoist)
26037,0,43,3,271,2106,-33.366238,-70.505302,1.0,0,0.0,1,0,5,10,2704,43.0,0,5,0.0,1,0.0,Manuel Rodriguez Patriotic Front (FPMR)
54304,0,95,10,42,264,32.469238,44.416637,1.0,1,1.0,1,0,3,14,491,95.0,0,6,5.0,0,0.0,Al-Qaida in Iraq
22218,0,185,8,86,24,43.003305,-2.612578,4.0,0,1.0,1,0,7,1,765,185.0,0,8,0.0,1,0.0,Basque Fatherland and Freedom (ETA)
52436,0,153,6,352,3813,35.09,71.765,1.0,0,0.0,1,0,2,4,4661,153.0,0,5,7.0,0,0.0,Tehrik-i-Taliban Pakistan (TTP)
80046,0,173,10,184,1565,17.038014,43.048585,1.0,0,0.0,1,0,3,3,1695,173.0,0,6,2.0,0,0.0,Houthi extremists (Ansar Allah)
15393,0,43,3,270,2107,-33.050125,-71.612251,1.0,0,1.0,1,0,3,1,2701,43.0,0,6,0.0,1,0.0,Manuel Rodriguez Patriotic Front (FPMR)
68440,0,92,6,126,2191,23.815092,84.199699,1.0,0,0.0,1,0,3,19,2898,92.0,0,6,0.0,1,0.0,Maoists
23721,0,45,3,366,2558,7.472906,-73.203699,3.0,0,0.0,1,0,3,4,162,45.0,0,6,5.0,1,0.0,National Liberation Army of Colombia (ELN)
49730,0,160,5,1,22,6.050458,121.012245,1.0,0,0.0,0,0,3,1,122,160.0,0,6,0.0,0,0.0,Abu Sayyaf Group (ASG)
63754,0,214,9,145,1068,47.981647,37.762325,1.0,0,1.0,1,0,2,4,1700,214.0,0,6,1.0,-9,0.0,Donetsk People's Republic
65298,0,92,6,133,897,20.270312,80.310065,1.0,0,0.0,1,0,7,1,1463,92.0,0,8,0.0,1,0.0,Communist Party of India - Maoist (CPI-Maoist)
80730,0,94,10,211,1731,35.724533,51.40519,1.0,0,1.0,1,1,5,2,2306,94.0,0,6,9.0,1,1.0,Islamic State of Iraq and the Levant (ISIL)
40386,0,160,5,4,15,6.929089,122.07885,1.0,0,1.0,1,0,3,14,16,160.0,0,6,3.0,1,0.0,Abu Sayyaf Group (ASG)
62700,0,160,5,401,2728,13.762966,122.963632,1.0,0,0.0,1,0,2,4,3402,160.0,0,5,1.0,1,0.0,New People's Army (NPA)
18744,0,92,6,124,3491,12.855878,74.888724,1.0,0,0.0,1,0,1,14,4363,92.0,0,5,8.0,0,0.0,Sikh Extremists
80360,0,228,10,183,24,16.19005,42.882414,4.0,0,0.0,1,0,3,4,2016,422.0,0,6,15.0,0,0.0,Houthi extremists (Ansar Allah)
69722,0,209,10,231,1862,38.888447,40.501144,1.0,0,0.0,1,0,2,3,175,209.0,0,6,0.0,0,0.0,Kurdistan Workers' Party (PKK)
17015,0,159,3,486,3313,-8.18885,-76.510838,1.0,0,0.0,1,0,7,2,4105,159.0,0,8,0.0,1,0.0,Shining Path (SL)
20408,0,97,10,458,3043,31.771599,35.2034,1.0,0,0.0,1,0,3,1,3733,97.0,0,6,0.0,1,0.0,Palestinians
58259,0,160,5,4,10,6.893792,122.167579,1.0,0,1.0,0,0,1,2,91,160.0,0,6,0.0,1,0.0,Abu Sayyaf Group (ASG)
58436,0,95,10,33,247,33.303566,44.371773,1.0,0,0.0,1,0,2,14,2310,95.0,0,5,1.0,0,0.0,Islamic State of Iraq and the Levant (ISIL)
65847,0,214,9,145,1091,48.434017,38.221252,1.0,1,0.0,1,0,3,14,205,214.0,0,6,0.0,1,0.0,Donetsk People's Republic
51127,0,95,10,38,250,35.45211,44.375465,1.0,0,1.0,1,0,3,3,12,95.0,0,6,0.0,1,0.0,Al-Qaida in Iraq
46188,0,160,5,5,2698,7.371271,125.49612,2.0,1,0.0,1,0,7,16,3376,160.0,0,8,0.0,1,0.0,New People's Army (NPA)
37419,0,160,5,7,15,6.929089,122.07885,1.0,1,0.0,1,0,6,18,187,21.0,0,5,0.0,0,1.0,Abu Sayyaf Group (ASG)
10818,0,145,2,436,24,13.091683,-86.000314,4.0,0,0.0,1,0,2,4,1762,145.0,0,5,30.0,1,0.0,Nicaraguan Democratic Force (FDN)
49570,0,153,6,352,3814,32.314022,70.733963,1.0,1,0.0,1,0,2,14,4662,153.0,0,5,2.0,0,0.0,Tehrik-i-Taliban Pakistan (TTP)
76415,0,153,6,332,2428,30.200819,66.994354,1.0,0,0.0,1,0,3,3,559,153.0,0,6,2.0,1,0.0,Tehrik-i-Taliban Pakistan (TTP)
27509,0,61,2,150,24,14.191665,-89.1706,4.0,0,0.0,1,0,3,4,1807,61.0,0,6,0.0,1,0.0,Farabundo Marti National Liberation Front (FMLN)
61574,0,214,9,145,1112,47.79195,38.482245,3.0,0,1.0,1,0,3,4,577,214.0,0,6,0.0,-9,0.0,Donetsk People's Republic
62284,0,209,10,232,1836,38.053899,40.375494,3.0,0,0.0,1,0,6,1,2391,209.0,0,9,0.0,0,1.0,Kurdistan Workers' Party (PKK)
68877,0,182,11,73,410,3.03626,41.867161,1.0,1,0.0,1,0,3,4,834,422.0,0,6,1.0,1,0.0,Al-Shabaab
33920,1,160,5,7,15,6.929089,122.07885,1.0,0,0.0,1,0,6,1,143,160.0,0,5,1.0,0,1.0,Abu Sayyaf Group (ASG)
13958,0,145,2,437,2873,13.62679,-85.8254,1.0,0,0.0,1,0,2,4,562,145.0,0,5,1.0,1,0.0,Nicaraguan Democratic Force (FDN)
80379,0,200,10,209,1714,35.129299,37.275085,1.0,0,1.0,1,0,6,17,347,200.0,0,6,31.0,0,1.0,Islamic State of Iraq and the Levant (ISIL)
74151,0,228,10,60,350,13.586484,44.024105,1.0,0,1.0,1,0,3,14,925,228.0,0,6,0.0,-9,0.0,Houthi extremists (Ansar Allah)
58895,0,95,10,34,1754,33.223203,44.540806,1.0,0,0.0,1,0,3,14,13,95.0,0,6,2.0,0,0.0,Islamic State of Iraq and the Levant (ISIL)
51474,0,160,5,5,2682,6.809045,125.192555,1.0,0,0.0,1,0,7,1,112,44.0,0,8,0.0,1,0.0,New People's Army (NPA)
1555,0,603,8,190,1603,54.607712,-5.95621,1.0,0,0.0,1,0,1,14,2195,233.0,0,5,1.0,0,0.0,Irish Republican Army (IRA)
83307,0,228,10,54,319,14.529338,46.830488,1.0,0,0.0,1,0,2,17,162,228.0,0,5,5.0,1,0.0,Al-Qaida in the Arabian Peninsula (AQAP)
43265,0,186,6,261,2027,8.86656,80.5093,1.0,0,0.0,1,0,3,2,2543,186.0,0,6,0.0,0,0.0,Liberation Tigers of Tamil Eelam (LTTE)
54563,0,92,6,125,2209,25.540785,85.268411,1.0,0,0.0,1,0,6,14,2909,92.0,0,5,0.0,0,1.0,Maoists
17256,0,61,2,149,1157,13.69288,-89.199161,1.0,0,0.0,1,0,1,4,1766,61.0,0,5,1.0,0,0.0,Farabundo Marti National Liberation Front (FMLN)
37212,0,209,10,226,1810,36.967762,35.258725,3.0,0,0.0,1,0,2,4,2358,209.0,0,5,1.0,0,0.0,Kurdistan Workers' Party (PKK)
19433,0,69,8,135,1012,42.016854,9.403982,1.0,0,1.0,1,0,3,1,1552,69.0,0,6,0.0,1,0.0,Corsican National Liberation Front (FLNC)
15584,0,43,3,270,2107,-33.050125,-71.612251,1.0,0,1.0,1,0,7,19,56,43.0,0,8,0.0,1,0.0,Manuel Rodriguez Patriotic Front (FPMR)
66806,0,45,3,359,2575,8.328091,-73.146235,3.0,0,0.0,1,0,3,4,577,45.0,0,6,0.0,0,0.0,National Liberation Army of Colombia (ELN)
14941,0,183,11,18,158,-30.050385,30.881266,1.0,0,0.0,1,0,3,14,387,183.0,0,6,6.0,1,0.0,African National Congress (South Africa)
17134,0,159,3,482,3362,-18.006645,-70.246245,1.0,0,0.0,1,0,3,15,4174,159.0,0,6,0.0,1,0.0,Shining Path (SL)
7637,0,97,10,262,3049,31.070501,35.030529,1.0,0,0.0,1,0,3,14,3636,97.0,0,6,0.0,1,0.0,Palestinians
15475,0,43,3,271,2106,-33.366238,-70.505302,1.0,0,1.0,1,0,3,14,1065,43.0,0,6,1.0,1,0.0,Manuel Rodriguez Patriotic Front (FPMR)
61164,0,214,9,145,1107,48.850691,37.608076,2.0,1,0.0,1,0,2,4,20,214.0,0,5,3.0,-9,0.0,Donetsk People's Republic
6086,0,185,8,86,525,43.130387,-2.542155,1.0,0,0.0,1,0,1,3,963,185.0,0,5,1.0,0,0.0,Basque Fatherland and Freedom (ETA)
21319,0,45,3,366,3209,5.85936,-73.96559,1.0,0,0.0,1,0,2,4,1762,45.0,0,5,3.0,1,0.0,Revolutionary Armed Forces of Colombia (FARC)
67194,0,214,9,145,1073,48.064426,37.673248,1.0,1,1.0,1,0,3,4,48,214.0,0,6,0.0,-9,0.0,Donetsk People's Republic
15502,0,159,3,277,2118,-11.967368,-76.978462,1.0,0,0.0,1,0,1,7,4842,217.0,0,6,0.0,1,0.0,Tupac Amaru Revolutionary Movement (MRTA)
51276,0,147,11,110,613,11.704399,11.088539,1.0,0,0.0,1,0,1,2,1232,147.0,0,5,2.0,1,0.0,Boko Haram
26145,0,155,10,456,3047,31.907141,35.198219,1.0,0,0.0,0,0,1,4,497,97.0,0,5,0.0,0,0.0,Palestinians
6431,0,97,10,261,3058,32.788284,35.521675,1.0,0,0.0,1,0,3,14,1021,97.0,0,6,0.0,1,0.0,Palestinians
82479,0,209,10,229,1847,39.547222,44.083333,3.0,0,0.0,1,0,2,19,2380,4.0,0,5,3.0,1,0.0,Kurdistan Workers' Party (PKK)
28349,0,61,2,158,1199,13.49446,-88.530343,1.0,0,0.0,1,0,2,14,1806,61.0,0,5,5.0,1,0.0,Farabundo Marti National Liberation Front (FMLN)
42222,0,69,8,135,1016,42.699997,9.447317,1.0,0,1.0,1,0,3,1,1597,69.0,0,6,0.0,1,0.0,Corsican National Liberation Front (FLNC)
41271,0,160,5,391,2635,12.21814,123.50951,1.0,1,1.0,1,0,2,3,3335,160.0,0,5,10.0,0,0.0,New People's Army (NPA)
13654,0,61,2,151,1158,13.779502,-88.349044,1.0,0,0.0,1,0,2,4,1762,61.0,0,5,19.0,1,0.0,Farabundo Marti National Liberation Front (FMLN)
1196,0,603,8,190,1625,55.011562,-7.312045,1.0,0,0.0,1,0,2,4,2148,216.0,0,5,1.0,0,0.0,Irish Republican Army (IRA)
26075,0,155,10,456,3039,32.222271,35.253506,1.0,0,0.0,0,0,1,1,3635,97.0,0,9,1.0,0,0.0,Palestinians
62083,0,228,10,50,326,15.966742,48.783333,1.0,0,0.0,1,0,2,4,681,228.0,0,5,20.0,1,0.0,Al-Qaida in the Arabian Peninsula (AQAP)
54121,0,95,10,42,264,32.469238,44.416637,1.0,0,1.0,1,0,3,2,503,95.0,0,6,2.0,1,0.0,Al-Qaida in Iraq
18855,0,92,6,337,3479,31.533333,74.983333,1.0,0,0.0,1,0,1,14,4347,92.0,0,5,1.0,0,0.0,Sikh Extremists
40470,0,92,6,291,24,33.778175,76.576171,4.0,0,0.0,1,0,2,4,3066,92.0,0,5,10.0,0,0.0,Muslim extremists
45564,1,153,6,337,3730,33.766336,72.357344,1.0,0,0.0,1,0,2,14,4561,161.0,0,5,4.0,0,1.0,Tehrik-i-Taliban Pakistan (TTP)
79121,0,200,10,200,1695,36.432888,37.442127,1.0,0,0.0,1,1,3,17,2289,200.0,0,6,78.0,1,0.0,Islamic State of Iraq and the Levant (ISIL)
35935,0,45,3,370,2542,6.15518,-71.76813,1.0,0,0.0,1,0,1,4,3218,45.0,0,5,2.0,0,0.0,National Liberation Army of Colombia (ELN)
59796,0,228,10,50,338,15.914915,48.650745,1.0,0,0.0,1,0,2,3,93,228.0,0,6,2.0,1,0.0,Al-Qaida in the Arabian Peninsula (AQAP)
18015,0,159,3,477,3284,-13.152712,-74.218628,1.0,0,0.0,1,0,3,1,4123,159.0,0,6,0.0,1,0.0,Shining Path (SL)
70649,0,123,11,298,2367,20.129129,-4.338905,2.0,0,1.0,1,0,3,14,162,123.0,0,6,6.0,1,0.0,Muslim extremists
6648,0,183,11,23,148,-26.810437,27.827077,1.0,0,1.0,1,0,3,1,284,183.0,0,6,1.0,1,0.0,African National Congress (South Africa)
1529,0,603,8,190,1603,54.607712,-5.95621,1.0,0,0.0,1,0,1,14,2134,233.0,0,5,1.0,0,0.0,Irish Republican Army (IRA)
34373,0,186,6,261,2072,9.815254,80.037053,1.0,0,0.0,1,1,3,4,2606,186.0,0,6,3.0,1,0.0,Liberation Tigers of Tamil Eelam (LTTE)
34590,0,603,8,190,1603,54.607712,-5.95621,1.0,0,0.0,1,0,1,14,2120,233.0,0,5,1.0,0,0.0,Irish Republican Army (IRA)
5206,0,69,8,136,131,48.856644,2.34233,1.0,0,0.0,1,0,3,1,765,69.0,0,6,0.0,1,0.0,Corsican National Liberation Front (FLNC)
49027,0,92,6,128,892,23.066347,87.403396,2.0,0,0.0,1,0,2,14,1422,92.0,0,5,2.0,0,0.0,Communist Party of India - Maoist (CPI-Maoist)
73376,0,147,11,166,24,7.350826,8.836276,4.0,0,1.0,1,0,2,14,27,147.0,0,5,0.0,1,0.0,Fulani extremists
66836,0,214,9,145,1073,48.064426,37.673248,1.0,1,0.0,1,0,2,4,48,214.0,0,6,0.0,-9,0.0,Donetsk People's Republic
29950,0,21,8,196,1655,50.836426,4.367415,1.0,0,0.0,1,0,8,6,560,209.0,0,9,0.0,1,0.0,Kurdistan Workers' Party (PKK)
30983,0,155,10,325,3048,31.346964,34.30143,1.0,0,0.0,1,0,1,14,3728,155.0,0,5,1.0,0,0.0,Palestinians
36761,0,186,6,266,2022,7.29384,80.640669,1.0,0,0.0,1,1,3,15,2532,186.0,0,6,26.0,1,0.0,Liberation Tigers of Tamil Eelam (LTTE)
69108,0,214,9,145,1070,48.363186,37.891922,1.0,0,0.0,1,0,2,4,1697,214.0,0,6,0.0,0,0.0,Donetsk People's Republic
67860,0,228,10,60,1570,13.574698,44.010392,4.0,0,0.0,1,0,3,1,782,228.0,0,6,13.0,1,0.0,Houthi extremists (Ansar Allah)
54855,0,182,11,68,404,2.059819,45.326115,1.0,0,0.0,1,0,3,3,876,182.0,0,6,1.0,0,0.0,Al-Shabaab
81874,0,182,11,68,404,2.085523,45.40279,1.0,0,0.0,1,0,2,4,497,182.0,0,5,1.0,1,0.0,Al-Shabaab
34442,0,75,8,193,1905,50.799859,6.486992,1.0,0,1.0,1,0,7,14,2437,209.0,0,8,0.0,1,0.0,Kurdistan Workers' Party (PKK)
4820,0,69,8,135,24,41.918891,8.737554,4.0,0,1.0,1,0,3,1,1088,69.0,0,6,0.0,1,0.0,Corsican National Liberation Front (FLNC)
60548,0,147,11,108,718,11.702987,13.067681,1.0,0,0.0,1,0,2,14,1263,147.0,0,6,1.0,-9,0.0,Boko Haram
7964,0,97,10,261,3078,32.93095,35.083187,1.0,0,0.0,1,0,3,4,3701,97.0,0,6,1.0,1,0.0,Palestinians
65699,0,147,11,166,1286,7.689167,9.250278,3.0,0,1.0,1,0,2,14,27,147.0,0,5,1.0,1,0.0,Fulani extremists
65143,0,214,9,145,1128,48.230583,38.205082,1.0,0,0.0,1,0,3,14,205,214.0,0,6,0.0,-9,0.0,Donetsk People's Republic
28179,0,69,8,135,1049,41.621822,8.97472,1.0,0,0.0,1,0,3,1,1632,69.0,0,6,0.0,1,0.0,Corsican National Liberation Front (FLNC)
45863,0,153,6,534,3755,33.528893,71.056122,1.0,0,0.0,1,0,6,14,13,153.0,0,5,1.0,1,1.0,Tehrik-i-Taliban Pakistan (TTP)
71250,0,228,10,56,369,14.781294,42.972851,1.0,0,1.0,1,0,3,4,2012,228.0,0,6,1.0,-9,0.0,Houthi extremists (Ansar Allah)
5498,0,97,10,458,3043,31.771599,35.2034,1.0,0,0.0,1,0,3,1,3739,97.0,0,6,1.0,1,0.0,Palestinians
45659,0,45,3,363,2492,4.667128,-74.106056,1.0,0,1.0,1,0,3,14,3912,45.0,0,6,0.0,1,0.0,Revolutionary Armed Forces of Colombia (FARC)
57639,0,228,10,181,1533,17.04146,44.107291,3.0,0,1.0,1,0,3,15,215,228.0,0,6,0.0,1,0.0,Houthi extremists (Ansar Allah)
36840,1,160,5,0,67,6.486859,121.913314,1.0,0,0.0,1,0,3,14,124,160.0,0,5,2.0,-9,1.0,Abu Sayyaf Group (ASG)
32288,0,45,3,363,2492,4.667128,-74.106056,1.0,0,0.0,0,0,1,2,3200,45.0,0,6,0.0,1,0.0,National Liberation Army of Colombia (ELN)
23723,0,185,8,89,517,40.465595,-3.696263,1.0,0,0.0,1,0,1,4,999,185.0,0,5,1.0,0,0.0,Basque Fatherland and Freedom (ETA)
83059,0,228,10,54,341,14.4296,46.151047,1.0,0,0.0,0,0,1,17,687,228.0,0,5,0.0,0,0.0,Al-Qaida in the Arabian Peninsula (AQAP)
61394,0,153,6,332,3796,30.370974,68.599319,1.0,0,0.0,1,0,2,4,2901,153.0,0,5,5.0,-9,0.0,Tehrik-i-Taliban Pakistan (TTP)
63783,0,147,11,167,1376,8.369124,8.770864,1.0,0,1.0,1,0,7,14,27,147.0,0,8,1.0,1,0.0,Fulani extremists
72721,0,147,11,166,1373,7.238651,9.292253,2.0,0,1.0,1,0,2,2,1927,147.0,0,5,4.0,1,0.0,Fulani extremists
8589,0,155,10,456,3095,31.716644,35.185665,1.0,0,0.0,1,0,2,3,3754,97.0,0,8,0.0,1,0.0,Palestinians
66849,0,160,5,1,73,6.050458,121.012245,1.0,0,0.0,0,0,3,1,78,160.0,0,6,0.0,0,0.0,Abu Sayyaf Group (ASG)
1911,0,603,8,49,1620,52.405838,-1.512661,1.0,0,0.0,0,0,3,17,2082,233.0,0,6,1.0,1,0.0,Irish Republican Army (IRA)
18411,0,61,2,152,24,13.495364,-88.979678,4.0,0,0.0,1,0,3,21,1764,61.0,0,6,0.0,1,0.0,Farabundo Marti National Liberation Front (FMLN)
59922,0,4,6,508,3590,34.648054,70.187406,1.0,0,0.0,1,0,3,3,4495,4.0,0,6,0.0,1,0.0,Taliban
28048,0,69,8,135,1044,42.309409,9.149022,1.0,0,1.0,1,0,3,2,1582,69.0,0,6,0.0,1,0.0,Corsican National Liberation Front (FLNC)
55136,0,217,1,340,2443,42.350265,-71.080976,1.0,0,1.0,1,0,3,14,3093,217.0,1,6,1.0,1,0.0,Muslim extremists
64887,0,214,9,145,1100,48.240883,38.525669,1.0,0,1.0,1,0,2,4,1697,214.0,0,6,1.0,-9,0.0,Donetsk People's Republic
73238,0,95,10,32,263,33.420948,43.295662,1.0,0,0.0,1,0,3,20,6,95.0,0,6,3.0,0,0.0,Muslim extremists
4118,0,185,8,94,531,42.815372,-1.653616,1.0,0,0.0,1,0,3,1,1076,185.0,0,6,0.0,1,0.0,Basque Fatherland and Freedom (ETA)
15883,0,186,6,268,2035,7.264167,80.396944,2.0,0,0.0,1,0,3,9,2554,186.0,0,6,7.0,1,0.0,Liberation Tigers of Tamil Eelam (LTTE)
41464,0,4,6,321,2410,34.417122,70.449593,1.0,0,0.0,1,0,3,12,4448,4.0,0,6,2.0,1,0.0,Taliban
12795,0,69,8,17,131,48.856644,2.34233,1.0,0,0.0,1,0,3,15,1627,69.0,0,6,0.0,1,0.0,Corsican National Liberation Front (FLNC)
25460,0,186,6,263,2055,8.537672,80.382038,1.0,0,0.0,1,0,2,14,2574,186.0,0,5,21.0,1,0.0,Liberation Tigers of Tamil Eelam (LTTE)
37031,0,186,6,215,1969,7.733107,81.68882,1.0,0,0.0,1,0,3,4,2491,186.0,0,6,1.0,1,0.0,Liberation Tigers of Tamil Eelam (LTTE)
37390,0,209,10,207,1711,41.106178,28.689863,1.0,0,0.0,1,0,3,1,3061,209.0,0,6,0.0,1,0.0,Muslim extremists
58127,0,228,10,55,370,14.33094,44.887487,3.0,0,1.0,1,0,2,4,741,228.0,0,6,8.0,-9,0.0,Al-Qaida in the Arabian Peninsula (AQAP)
10494,0,45,3,362,2498,6.242026,-75.564766,1.0,0,0.0,1,0,2,2,3168,45.0,0,5,0.0,0,1.0,National Liberation Army of Colombia (ELN)
74351,0,228,10,50,320,16.902568,49.328913,1.0,0,0.0,0,1,1,4,646,228.0,0,6,9.0,-9,0.0,Al-Qaida in the Arabian Peninsula (AQAP)
12279,0,92,6,337,24,31.147131,75.341218,4.0,0,0.0,0,0,3,19,4280,92.0,0,6,0.0,0,0.0,Sikh Extremists
49759,0,153,6,352,3731,34.006004,71.53743,1.0,0,1.0,1,0,3,1,4594,153.0,0,6,18.0,1,0.0,Tehrik-i-Taliban Pakistan (TTP)
30187,0,209,10,241,1855,40.93796,40.058001,1.0,0,0.0,1,0,1,8,2385,209.0,0,5,1.0,0,0.0,Kurdistan Workers' Party (PKK)
76427,0,45,3,370,24,5.800014,-72.196155,4.0,0,0.0,1,0,7,19,56,45.0,0,8,0.0,1,0.0,National Liberation Army of Colombia (ELN)
51508,0,147,11,108,616,11.840929,13.141459,1.0,0,0.0,1,0,1,2,1235,147.0,0,5,1.0,-9,0.0,Boko Haram
77481,1,160,5,0,24,6.741797,122.398145,4.0,1,0.0,1,0,4,11,151,223.0,0,5,3.0,0,1.0,Abu Sayyaf Group (ASG)
82536,1,160,5,396,2708,8.866664,126.036107,1.0,0,0.0,1,0,6,4,3384,160.0,0,5,1.0,0,1.0,New People's Army (NPA)
71983,0,95,10,199,1690,35.768353,43.588966,1.0,0,0.0,0,1,3,4,48,95.0,0,6,3.0,0,0.0,Islamic State of Iraq and the Levant (ISIL)
61917,0,45,3,363,2492,4.667128,-74.106056,1.0,0,1.0,1,0,3,20,6,45.0,0,6,0.0,0,0.0,National Liberation Army of Colombia (ELN)
32787,0,155,10,325,1468,31.502407,34.459743,1.0,1,0.0,0,0,1,14,3750,97.0,0,9,0.0,0,0.0,Palestinians
42141,0,95,10,33,247,33.303566,44.371773,1.0,0,0.0,1,1,3,3,564,95.0,0,6,20.0,-9,0.0,Al-Qaida in Iraq
13717,0,145,2,442,24,12.492724,-85.520024,4.0,0,1.0,1,0,7,1,3567,145.0,0,5,1.0,1,0.0,Nicaraguan Democratic Force (FDN)
48311,0,95,10,32,246,33.31065,44.038208,1.0,0,1.0,1,0,3,3,544,95.0,0,6,1.0,1,0.0,Al-Qaida in Iraq
30501,0,45,3,364,24,9.337295,-73.653621,4.0,0,0.0,1,0,3,21,3148,45.0,0,6,0.0,1,0.0,National Liberation Army of Colombia (ELN)
55957,0,60,10,290,2357,31.082872,34.146267,1.0,0,1.0,1,0,2,4,20,60.0,0,6,1.0,0,0.0,Muslim extremists
71252,0,228,10,56,369,14.781294,42.972851,1.0,0,1.0,1,0,3,2,330,228.0,0,6,1.0,-9,0.0,Houthi extremists (Ansar Allah)
37628,1,45,3,362,2515,6.04278,-74.99493,3.0,0,0.0,1,0,6,19,3169,45.0,0,5,0.0,1,1.0,National Liberation Army of Colombia (ELN)
48684,0,153,6,352,3731,34.006004,71.53743,1.0,1,1.0,1,0,3,8,4615,153.0,0,6,0.0,1,0.0,Tehrik-i-Taliban Pakistan (TTP)
64362,0,228,10,53,314,15.325443,44.211895,1.0,0,0.0,1,0,2,14,1987,228.0,0,5,3.0,-9,0.0,Houthi extremists (Ansar Allah)
35603,0,45,3,362,3179,7.02104,-75.90933,1.0,0,0.0,1,0,3,14,205,45.0,0,6,0.0,1,0.0,Revolutionary Armed Forces of Colombia (FARC)
63898,0,95,10,32,1701,33.633442,42.816579,3.0,0,0.0,1,0,6,14,13,95.0,0,5,71.0,0,1.0,Islamic State of Iraq and the Levant (ISIL)
12896,0,69,8,137,1038,43.124228,5.928,1.0,0,1.0,1,0,3,1,1088,69.0,0,6,0.0,1,0.0,Corsican National Liberation Front (FLNC)
22224,0,45,3,364,24,9.337295,-73.653621,4.0,0,0.0,1,0,3,21,3148,45.0,0,6,0.0,1,0.0,National Liberation Army of Colombia (ELN)
5225,0,69,8,136,131,48.856644,2.34233,1.0,0,0.0,1,0,3,14,1585,69.0,0,6,0.0,1,0.0,Corsican National Liberation Front (FLNC)
20457,0,183,11,19,187,-26.004123,28.21116,1.0,0,0.0,1,0,3,2,345,183.0,0,6,0.0,1,0.0,African National Congress (South Africa)
51192,0,147,11,110,651,12.885844,11.930042,1.0,0,0.0,1,0,1,2,1236,147.0,0,5,1.0,0,0.0,Boko Haram
35063,0,186,6,261,1985,8.349393,81.285949,1.0,0,0.0,1,0,2,4,2067,186.0,0,5,3.0,1,0.0,Liberation Tigers of Tamil Eelam (LTTE)
44551,0,4,6,507,3574,31.799835,65.062271,1.0,0,0.0,0,0,1,2,4457,4.0,0,6,3.0,0,0.0,Taliban
49861,0,92,6,130,880,19.17,83.42,3.0,0,1.0,1,0,6,2,1411,92.0,0,9,1.0,0,1.0,Communist Party of India - Maoist (CPI-Maoist)
18799,0,69,8,135,1013,41.930607,8.742907,1.0,0,1.0,1,0,3,14,1553,69.0,0,6,0.0,1,0.0,Corsican National Liberation Front (FLNC)
25283,0,159,3,476,3283,-9.642799,-76.773677,2.0,0,0.0,1,0,2,14,4052,159.0,0,5,0.0,1,0.0,Shining Path (SL)
56295,0,92,6,125,2236,24.808342,84.791702,1.0,1,0.0,1,0,3,19,989,92.0,0,6,0.0,1,0.0,Maoists
73446,0,147,11,166,1398,7.531944,9.391295,1.0,0,0.0,1,0,2,14,27,147.0,0,5,15.0,1,0.0,Fulani extremists
68005,0,153,6,427,3740,32.448074,69.944355,3.0,0,0.0,1,0,2,14,13,153.0,0,5,2.0,0,0.0,Tehrik-i-Taliban Pakistan (TTP)
54791,0,45,3,361,3180,1.813128,-78.754227,1.0,0,1.0,1,0,3,1,3535,45.0,0,6,0.0,1,0.0,Revolutionary Armed Forces of Colombia (FARC)
13256,0,145,2,437,2864,13.746389,-86.709722,1.0,0,0.0,1,0,2,4,1762,145.0,0,5,34.0,1,0.0,Nicaraguan Democratic Force (FDN)
10153,0,145,2,437,2981,14.05,-86.06667,1.0,0,0.0,1,0,2,14,3587,145.0,0,5,1.0,1,0.0,Nicaraguan Democratic Force (FDN)
15155,0,159,3,277,2118,-11.967368,-76.978462,1.0,0,1.0,1,0,3,21,4751,159.0,0,6,0.0,1,0.0,Tupac Amaru Revolutionary Movement (MRTA)
61660,0,228,10,54,348,14.223866,47.082782,1.0,0,0.0,1,0,2,4,559,228.0,0,5,3.0,1,0.0,Al-Qaida in the Arabian Peninsula (AQAP)
30649,0,209,10,225,24,37.345275,40.619481,4.0,0,0.0,1,0,2,3,1788,209.0,0,5,1.0,1,0.0,Kurdistan Workers' Party (PKK)
77025,0,95,10,34,1691,34.021821,44.933508,1.0,0,0.0,1,0,3,4,497,95.0,0,6,1.0,0,0.0,Islamic State of Iraq and the Levant (ISIL)
14341,0,145,2,437,1195,13.6772,-86.3153,1.0,0,0.0,1,0,2,4,562,145.0,0,5,0.0,1,0.0,Nicaraguan Democratic Force (FDN)
54494,0,92,6,128,885,22.585272,87.049698,1.0,1,0.0,0,0,3,20,6,92.0,0,6,0.0,0,0.0,Maoists
20738,0,186,6,264,2056,7.421513,80.476452,1.0,0,0.0,1,0,2,4,2575,186.0,0,5,0.0,1,0.0,Liberation Tigers of Tamil Eelam (LTTE)
50106,0,95,10,44,267,32.604393,44.007145,1.0,0,1.0,1,0,3,2,581,95.0,0,6,3.0,1,0.0,Al-Qaida in Iraq
70657,0,153,6,337,3765,30.705992,70.648447,1.0,0,0.0,1,1,3,22,4601,153.0,0,6,10.0,0,0.0,Tehrik-i-Taliban Pakistan (TTP)
69405,0,214,9,145,1095,47.541172,37.780678,1.0,1,0.0,1,0,3,4,48,214.0,0,6,143.0,-9,0.0,Donetsk People's Republic
58920,0,182,11,68,404,2.059819,45.326115,1.0,0,0.0,1,0,2,4,718,182.0,0,5,1.0,-9,0.0,Al-Shabaab
51015,0,182,11,73,465,3.330407,42.218978,2.0,0,0.0,1,0,3,4,879,422.0,0,6,1.0,-9,0.0,Al-Shabaab
4796,0,69,8,135,24,41.918891,8.737554,4.0,0,1.0,1,0,3,1,1088,69.0,0,6,0.0,1,0.0,Corsican National Liberation Front (FLNC)
57443,1,160,5,0,8,6.545399,121.873756,1.0,1,0.0,1,0,6,2,9,160.0,0,5,1.0,0,1.0,Abu Sayyaf Group (ASG)
32641,0,159,3,277,2118,-11.967368,-76.978462,1.0,0,0.0,1,0,3,10,4076,159.0,0,6,0.0,1,0.0,Shining Path (SL)
72719,0,147,11,166,1351,7.296636,9.250712,2.0,0,1.0,1,0,2,14,1920,147.0,0,5,4.0,1,0.0,Fulani extremists
29556,0,155,10,456,3054,31.530243,35.094162,1.0,0,0.0,0,0,3,15,3753,97.0,0,6,1.0,1,0.0,Palestinians
58781,0,182,11,70,407,-0.357847,42.54665,1.0,0,0.0,1,0,3,17,819,182.0,0,6,3.0,1,0.0,Al-Shabaab
57509,0,228,10,181,1557,16.88981,43.807983,1.0,0,0.0,1,0,3,14,2001,228.0,0,6,1.0,-9,0.0,Houthi extremists (Ansar Allah)
49646,0,4,6,321,2410,34.417122,70.449593,1.0,1,0.0,1,1,3,3,4519,4.0,0,6,13.0,1,0.0,Taliban
81777,0,147,11,170,1306,7.95745,5.547937,1.0,0,0.0,1,0,1,2,1918,147.0,0,5,1.0,0,0.0,Fulani extremists
74399,0,182,11,68,404,2.059819,45.326115,1.0,0,0.0,1,0,2,4,865,182.0,0,5,1.0,0,0.0,Al-Shabaab
52636,0,45,3,359,24,7.946283,-72.898807,4.0,0,0.0,0,0,3,1,3880,45.0,0,6,0.0,1,0.0,Revolutionary Armed Forces of Colombia (FARC)
23321,0,185,8,86,515,43.291618,-1.977903,1.0,0,0.0,1,0,1,3,1064,185.0,0,5,1.0,0,0.0,Basque Fatherland and Freedom (ETA)
73959,0,153,6,468,3130,24.891115,67.143311,1.0,0,1.0,1,0,2,3,559,153.0,0,5,4.0,0,0.0,Tehrik-i-Taliban Pakistan (TTP)
63196,0,214,9,145,1068,47.981647,37.762325,1.0,0,0.0,1,0,3,12,560,422.0,0,6,1.0,1,0.0,Donetsk People's Republic
21904,0,43,3,272,2115,-36.748146,-73.11232,1.0,0,0.0,1,0,2,3,2715,43.0,0,5,0.0,1,0.0,Manuel Rodriguez Patriotic Front (FPMR)
58326,0,200,10,200,2356,36.201721,37.14352,1.0,0,0.0,1,0,3,4,48,200.0,0,6,6.0,1,0.0,Muslim extremists
34057,0,75,8,197,1656,52.372068,9.735686,1.0,0,0.0,1,0,7,1,2386,209.0,0,8,0.0,1,0.0,Kurdistan Workers' Party (PKK)
16501,0,185,8,101,548,41.400635,2.150913,1.0,0,0.0,1,0,3,1,1024,69.0,0,6,0.0,1,0.0,Basque Fatherland and Freedom (ETA)
55813,0,182,11,70,419,-0.100689,41.908362,2.0,0,0.0,1,0,3,4,822,422.0,0,6,0.0,1,0.0,Al-Shabaab
25829,0,61,2,149,1150,13.69288,-89.199161,1.0,0,1.0,1,0,3,21,1822,61.0,0,6,0.0,1,0.0,Farabundo Marti National Liberation Front (FMLN)
46342,0,92,6,125,825,24.749905,84.370896,2.0,1,0.0,1,0,3,8,1347,92.0,0,6,0.0,0,0.0,Communist Party of India - Maoist (CPI-Maoist)
6046,0,155,10,456,3039,32.222271,35.253506,1.0,0,0.0,0,0,3,14,3764,97.0,0,6,0.0,0,0.0,Palestinians
39105,1,160,5,15,72,9.915267,118.877188,1.0,0,0.0,1,0,6,18,137,999.0,0,5,5.0,0,1.0,Abu Sayyaf Group (ASG)
42155,0,95,10,33,247,33.303566,44.371773,1.0,1,0.0,0,0,2,7,513,153.0,0,5,0.0,-9,0.0,Al-Qaida in Iraq
31958,0,69,8,135,24,41.918891,8.737554,4.0,0,1.0,1,0,3,2,560,69.0,0,6,0.0,1,0.0,Corsican National Liberation Front (FLNC)
33149,0,45,3,362,2498,6.242026,-75.564766,1.0,0,1.0,1,0,3,1,3159,45.0,0,6,0.0,1,0.0,National Liberation Army of Colombia (ELN)
63759,0,147,11,167,1278,8.5983,8.849614,1.0,0,0.0,1,0,2,14,27,147.0,0,5,8.0,1,0.0,Fulani extremists
74400,0,160,5,387,2707,10.716471,123.516044,2.0,0,0.0,1,0,2,4,3383,160.0,0,5,3.0,-9,0.0,New People's Army (NPA)
8989,0,159,3,277,3306,-12.046374,-77.042793,4.0,0,0.0,1,0,3,21,1761,159.0,0,6,0.0,1,0.0,Shining Path (SL)
74246,0,4,6,526,3646,36.728771,68.820206,1.0,0,0.0,1,0,3,4,4506,4.0,0,6,3.0,-9,0.0,Taliban
56705,0,228,10,53,314,15.325443,44.211895,1.0,0,0.0,1,0,3,2,3094,228.0,0,6,1.0,0,0.0,Muslim extremists
75439,0,147,11,166,1390,7.350826,8.836276,2.0,0,1.0,1,0,2,14,13,147.0,0,5,1.0,-9,0.0,Fulani extremists
44636,0,185,8,103,555,42.303719,-1.965034,1.0,0,0.0,1,0,3,3,1027,185.0,0,6,0.0,1,0.0,Basque Fatherland and Freedom (ETA)
29976,0,75,8,242,1199,52.50153,13.401851,1.0,0,1.0,1,0,7,6,560,209.0,0,9,0.0,1,0.0,Kurdistan Workers' Party (PKK)
52687,0,95,10,37,254,36.354145,43.14357,1.0,0,1.0,1,0,3,4,12,95.0,0,6,3.0,-9,0.0,Al-Qaida in Iraq
46216,0,186,6,262,2015,5.944433,80.549945,1.0,0,0.0,1,1,3,14,13,186.0,0,6,10.0,1,0.0,Liberation Tigers of Tamil Eelam (LTTE)
43030,0,4,6,522,3587,34.346722,62.197315,1.0,1,0.0,1,0,2,3,4514,4.0,0,5,2.0,0,0.0,Taliban
54009,0,4,6,319,3608,33.509963,70.121765,1.0,0,0.0,1,0,2,14,814,4.0,0,9,1.0,0,0.0,Taliban
64022,0,95,10,36,1708,33.994591,44.357273,1.0,0,1.0,1,0,3,14,854,95.0,0,6,0.0,1,0.0,Islamic State of Iraq and the Levant (ISIL)
7127,0,185,8,86,513,43.32412,-1.929857,1.0,0,0.0,0,0,2,3,983,185.0,0,5,0.0,0,0.0,Basque Fatherland and Freedom (ETA)
29758,0,97,10,458,3043,31.771599,35.2034,1.0,0,0.0,1,0,7,2,3656,97.0,0,8,0.0,1,0.0,Palestinians
64822,0,228,10,50,338,15.914915,48.650745,1.0,0,0.0,1,0,3,3,559,228.0,0,6,4.0,1,0.0,Al-Qaida in the Arabian Peninsula (AQAP)
71880,0,173,10,188,24,19.118069,42.86235,4.0,0,0.0,1,0,3,4,2002,173.0,0,6,0.0,0,0.0,Houthi extremists (Ansar Allah)
22695,0,185,8,87,558,37.501265,-3.672423,1.0,0,0.0,1,0,1,3,1032,185.0,0,6,1.0,0,0.0,Basque Fatherland and Freedom (ETA)
75683,0,182,11,74,428,4.73538,45.2024,1.0,1,0.0,1,0,2,4,48,182.0,0,5,2.0,0,0.0,Al-Shabaab
20387,0,92,6,287,3478,27.261059,80.201454,1.0,0,0.0,1,0,1,14,4346,92.0,0,5,4.0,0,0.0,Sikh Extremists
80287,0,147,11,169,1443,7.847032,10.949695,2.0,0,1.0,1,0,2,14,27,147.0,0,5,2.0,-9,0.0,Fulani extremists
31534,0,209,10,225,1884,37.154504,41.339913,3.0,0,0.0,1,0,1,3,2403,209.0,0,5,1.0,0,0.0,Kurdistan Workers' Party (PKK)
77815,0,160,5,4,36,7.099262,122.237204,1.0,0,0.0,0,0,2,14,47,160.0,0,5,2.0,0,0.0,Abu Sayyaf Group (ASG)
38923,0,185,8,86,515,43.291618,-1.977903,1.0,0,0.0,1,0,1,2,972,185.0,0,6,2.0,-9,0.0,Basque Fatherland and Freedom (ETA)
24040,0,45,3,359,2576,8.292798,-73.385133,1.0,0,0.0,1,0,6,1,3259,45.0,0,5,0.0,0,1.0,National Liberation Army of Colombia (ELN)
44457,1,153,6,427,3752,32.306099,69.579956,1.0,1,0.0,1,0,6,14,4685,95.0,0,5,0.0,0,1.0,Tehrik-i-Taliban Pakistan (TTP)
78793,0,228,10,52,335,13.357599,45.69648,1.0,0,0.0,1,0,3,4,219,228.0,0,6,0.0,1,0.0,Al-Qaida in the Arabian Peninsula (AQAP)
57053,0,4,6,321,3635,34.27323,70.074132,3.0,0,0.0,1,0,2,4,162,4.0,0,5,1.0,-9,0.0,Taliban
7873,0,603,8,190,1622,54.183052,-6.341388,1.0,0,0.0,1,0,3,14,2208,216.0,0,6,1.0,1,0.0,Irish Republican Army (IRA)
25560,0,186,6,215,2018,7.689011,81.72947,1.0,0,0.0,1,0,2,15,2536,186.0,0,5,30.0,1,0.0,Liberation Tigers of Tamil Eelam (LTTE)
51061,0,153,6,427,3778,34.0,71.383333,2.0,0,0.0,1,0,3,14,13,153.0,0,6,1.0,1,0.0,Tehrik-i-Taliban Pakistan (TTP)
17221,0,159,3,277,2118,-11.967368,-76.978462,1.0,0,0.0,1,0,3,2,4860,159.0,0,6,0.0,1,0.0,Tupac Amaru Revolutionary Movement (MRTA)
59996,1,147,11,108,708,11.181479,13.753638,1.0,0,1.0,1,0,6,14,1259,147.0,0,5,1.0,1,1.0,Boko Haram
61070,0,228,10,50,326,15.964205,48.78252,1.0,0,1.0,1,1,3,4,696,228.0,0,6,3.0,1,0.0,Al-Qaida in the Arabian Peninsula (AQAP)
80113,0,160,5,421,2723,11.632817,122.339541,1.0,0,0.0,1,0,7,1,1463,160.0,0,8,0.0,1,0.0,New People's Army (NPA)
17605,0,159,3,477,3287,-12.939782,-74.247478,1.0,0,0.0,1,0,3,21,1761,159.0,0,6,0.0,1,0.0,Shining Path (SL)
17907,0,159,3,481,3295,-14.105709,-72.615117,3.0,0,1.0,1,0,2,14,2642,159.0,0,5,0.0,1,0.0,Shining Path (SL)
60922,0,228,10,182,1514,15.176541,44.081017,2.0,0,1.0,1,0,3,14,1960,228.0,0,6,3.0,1,0.0,Houthi extremists (Ansar Allah)
59861,0,214,9,145,1092,48.730804,37.574596,1.0,0,0.0,1,0,2,4,48,214.0,0,5,0.0,0,0.0,Donetsk People's Republic
39348,0,69,8,135,1013,41.930607,8.742907,1.0,0,0.0,0,0,7,14,1644,69.0,0,5,0.0,0,0.0,Corsican National Liberation Front (FLNC)
22705,0,61,2,149,1150,13.69288,-89.199161,1.0,0,0.0,1,0,1,2,1790,61.0,0,5,0.0,1,0.0,Farabundo Marti National Liberation Front (FMLN)
70274,0,92,6,126,890,22.864585,85.326526,1.0,0,0.0,0,0,3,4,12,92.0,0,6,0.0,0,0.0,Communist Party of India - Maoist (CPI-Maoist)
56505,0,153,6,427,3822,34.789406,71.46608,1.0,0,0.0,1,0,2,14,4675,153.0,0,5,1.0,0,0.0,Tehrik-i-Taliban Pakistan (TTP)
37285,0,186,6,215,2079,9.136989,80.445169,1.0,0,0.0,1,0,3,4,2620,186.0,0,6,7.0,0,0.0,Liberation Tigers of Tamil Eelam (LTTE)
70611,0,209,10,222,24,37.418748,42.491834,4.0,0,0.0,1,0,2,4,48,209.0,0,6,1.0,0,0.0,Kurdistan Workers' Party (PKK)
14905,0,145,2,441,2875,11.88333,-86.01667,1.0,0,1.0,1,0,2,1,59,145.0,0,5,1.0,1,0.0,Nicaraguan Democratic Force (FDN)
77223,0,173,10,184,1516,16.893194,42.57526,1.0,0,0.0,1,0,3,14,1747,173.0,0,6,0.0,0,0.0,Houthi extremists (Ansar Allah)
19713,0,43,3,271,2106,-33.366238,-70.505302,1.0,0,0.0,1,0,1,4,2728,43.0,0,5,1.0,0,0.0,Manuel Rodriguez Patriotic Front (FPMR)
21251,0,159,3,277,2118,-11.967368,-76.978462,1.0,0,0.0,1,0,3,1,4806,159.0,0,5,0.0,1,0.0,Tupac Amaru Revolutionary Movement (MRTA)
14348,0,159,3,277,2118,-11.967368,-76.978462,1.0,0,0.0,1,0,3,21,4132,159.0,0,6,0.0,1,0.0,Shining Path (SL)
39156,0,185,8,89,517,40.465595,-3.696263,1.0,0,0.0,1,0,3,4,1058,185.0,0,6,0.0,1,0.0,Basque Fatherland and Freedom (ETA)
62655,0,147,11,172,1305,12.275292,6.929635,1.0,0,1.0,1,0,6,14,27,147.0,0,5,2.0,1,1.0,Fulani extremists
78674,0,160,5,0,5,6.660501,122.138992,1.0,0,1.0,1,0,3,20,6,160.0,0,6,0.0,1,0.0,Abu Sayyaf Group (ASG)
59177,0,160,5,391,2709,12.004208,123.998959,2.0,0,0.0,1,0,2,14,3385,160.0,0,5,1.0,0,0.0,New People's Army (NPA)
32951,0,75,8,193,1916,51.331704,6.559354,1.0,0,0.0,0,0,1,2,2446,209.0,0,5,0.0,0,0.0,Kurdistan Workers' Party (PKK)
83231,0,182,11,66,411,2.14383,45.118061,1.0,0,0.0,1,0,3,4,12,182.0,0,6,3.0,1,0.0,Al-Shabaab
13182,0,43,3,271,2106,-33.366238,-70.505302,1.0,0,0.0,1,0,3,1,321,43.0,0,6,1.0,1,0.0,Manuel Rodriguez Patriotic Front (FPMR)
18973,0,43,3,270,2108,-33.024705,-71.552216,2.0,0,1.0,1,0,3,21,2695,43.0,0,6,0.0,1,0.0,Manuel Rodriguez Patriotic Front (FPMR)
43945,0,95,10,36,252,34.208416,43.890713,1.0,0,1.0,1,0,3,15,514,95.0,0,6,0.0,1,0.0,Al-Qaida in Iraq
56302,0,93,5,305,2374,-6.170593,106.757476,1.0,0,0.0,1,0,3,15,3042,93.0,0,6,0.0,1,0.0,Muslim extremists
7255,0,159,3,477,3284,-13.152712,-74.218628,1.0,0,0.0,0,0,3,9,4141,159.0,0,6,0.0,0,0.0,Shining Path (SL)
41688,0,4,6,510,3588,32.623739,65.456432,1.0,0,0.0,1,0,1,4,4468,4.0,0,5,3.0,0,0.0,Taliban
80314,0,95,10,34,1744,34.020425,44.345185,2.0,0,0.0,1,0,3,20,6,95.0,0,6,3.0,0,0.0,Islamic State of Iraq and the Levant (ISIL)
20208,0,61,2,157,1216,13.723925,-88.089839,1.0,0,0.0,1,0,1,2,1828,61.0,0,5,1.0,0,0.0,Farabundo Marti National Liberation Front (FMLN)
39901,0,45,3,383,2883,3.69748,-73.69899,1.0,0,0.0,1,0,3,21,3975,45.0,0,6,0.0,1,0.0,Revolutionary Armed Forces of Colombia (FARC)
77693,0,153,6,352,3731,34.006004,71.53743,1.0,0,0.0,1,0,3,3,559,153.0,0,6,3.0,1,0.0,Tehrik-i-Taliban Pakistan (TTP)
17535,0,92,6,337,3427,31.84,74.76,1.0,0,0.0,1,0,2,15,4266,92.0,0,5,5.0,1,0.0,Sikh Extremists
83369,0,147,11,113,1362,9.462209,12.030083,3.0,0,0.0,1,0,2,1,1922,147.0,0,5,1.0,1,0.0,Fulani extremists
77816,0,153,6,352,3731,34.006004,71.53743,1.0,0,0.0,1,0,2,3,4683,153.0,0,5,1.0,-9,0.0,Tehrik-i-Taliban Pakistan (TTP)
20213,0,186,6,215,1971,7.301756,81.67473,3.0,0,0.0,1,0,1,14,2550,186.0,0,9,10.0,0,0.0,Liberation Tigers of Tamil Eelam (LTTE)
68084,0,45,3,362,3175,6.913245,-75.67556,3.0,0,0.0,1,0,7,19,56,45.0,0,8,0.0,1,0.0,Revolutionary Armed Forces of Colombia (FARC)
79033,0,45,3,363,2492,4.667128,-74.106056,1.0,0,0.0,1,0,3,3,85,45.0,0,6,1.0,1,0.0,National Liberation Army of Colombia (ELN)
79422,0,92,6,127,901,20.554488,81.384601,1.0,1,0.0,0,0,3,3,12,92.0,0,6,2.0,0,0.0,Communist Party of India - Maoist (CPI-Maoist)
32290,0,45,3,362,2531,7.07786,-74.70355,1.0,0,0.0,1,0,3,21,3204,45.0,0,6,0.0,1,0.0,National Liberation Army of Colombia (ELN)
33041,0,209,10,229,24,39.626922,43.021597,4.0,1,0.0,1,0,2,4,562,209.0,0,5,15.0,1,0.0,Kurdistan Workers' Party (PKK)
17214,0,61,2,153,1162,13.64121,-88.785423,1.0,0,1.0,1,0,2,4,1768,61.0,0,5,2.0,1,0.0,Farabundo Marti National Liberation Front (FMLN)
49000,0,92,6,125,916,25.419187,86.131449,1.0,1,1.0,1,0,3,19,1446,92.0,0,6,0.0,1,0.0,Communist Party of India - Maoist (CPI-Maoist)
59166,0,228,10,50,346,14.52073,49.15211,1.0,0,0.0,1,0,2,4,20,228.0,0,5,4.0,-9,0.0,Al-Qaida in the Arabian Peninsula (AQAP)
54555,0,4,6,511,3593,33.770778,69.338842,3.0,0,0.0,1,0,3,2,524,4.0,0,6,0.0,1,0.0,Taliban
11595,0,185,8,86,583,43.311307,-1.900896,1.0,0,0.0,1,0,3,1,765,185.0,0,6,0.0,1,0.0,Basque Fatherland and Freedom (ETA)
79086,0,37,11,117,698,11.236522,14.126195,1.0,0,0.0,1,1,3,14,1265,37.0,0,6,2.0,-9,0.0,Boko Haram
27541,0,159,3,277,2118,-11.967368,-76.978462,1.0,0,1.0,1,0,3,1,765,159.0,0,6,0.0,1,0.0,Tupac Amaru Revolutionary Movement (MRTA)
83081,0,153,6,352,3820,32.90382,70.535789,1.0,1,0.0,1,0,3,4,162,153.0,0,6,0.0,0,0.0,Tehrik-i-Taliban Pakistan (TTP)
81571,0,173,10,186,1526,24.08554,38.063286,1.0,0,0.0,1,0,3,1,1966,173.0,0,6,0.0,1,0.0,Houthi extremists (Ansar Allah)
42424,0,186,6,260,1968,6.941837,79.861687,1.0,0,0.0,0,0,1,2,2540,186.0,0,6,0.0,1,0.0,Liberation Tigers of Tamil Eelam (LTTE)
70650,0,123,11,298,2367,20.129129,-4.338905,2.0,0,1.0,1,0,7,7,2480,422.0,0,8,0.0,1,0.0,Muslim extremists
41800,1,95,10,33,247,33.303566,44.371773,1.0,0,0.0,1,0,6,10,593,98.0,0,5,0.0,1,1.0,Al-Qaida in Iraq
37996,0,45,3,378,2535,3.429344,-76.516037,1.0,0,1.0,1,0,3,15,3224,217.0,0,6,0.0,1,0.0,National Liberation Army of Colombia (ELN)
19009,0,159,3,483,3333,-9.529924,-77.5288,1.0,0,0.0,1,0,3,2,4789,159.0,0,6,0.0,1,0.0,Tupac Amaru Revolutionary Movement (MRTA)
37539,0,186,6,260,1968,6.941837,79.861687,1.0,0,0.0,1,1,3,2,2603,186.0,0,6,2.0,1,0.0,Liberation Tigers of Tamil Eelam (LTTE)
67212,0,160,5,391,2651,12.622839,123.668206,1.0,0,0.0,1,0,2,14,3342,160.0,0,5,1.0,0,0.0,New People's Army (NPA)
61367,0,228,10,185,1521,15.661751,43.947233,1.0,0,0.0,1,0,3,8,1983,228.0,0,6,0.0,1,0.0,Houthi extremists (Ansar Allah)
11246,0,183,11,19,136,-26.184113,28.033232,1.0,0,0.0,1,0,3,2,288,183.0,0,6,0.0,1,0.0,African National Congress (South Africa)
76827,0,182,11,70,407,-0.357847,42.54665,1.0,0,0.0,1,0,3,2,577,182.0,0,6,0.0,1,0.0,Al-Shabaab
12465,0,159,3,477,2752,-12.597099,-73.830879,1.0,0,0.0,1,0,2,14,4112,159.0,0,5,25.0,1,1.0,Shining Path (SL)
68657,0,42,11,109,612,13.65,14.05,2.0,0,0.0,1,0,2,14,27,42.0,0,5,13.0,0,0.0,Boko Haram
46394,0,45,3,368,2510,6.95284,-71.87514,1.0,0,0.0,1,0,2,3,3851,45.0,0,5,2.0,-9,0.0,Revolutionary Armed Forces of Colombia (FARC)
23383,0,155,10,456,3039,32.222271,35.253506,1.0,0,0.0,1,0,1,14,3766,155.0,0,9,1.0,0,0.0,Palestinians
71043,0,228,10,47,1539,14.162848,43.943714,3.0,0,0.0,1,0,3,14,1920,228.0,0,6,0.0,-9,0.0,Houthi extremists (Ansar Allah)
30587,0,92,6,291,971,34.08374,74.789902,1.0,0,0.0,1,0,2,3,4311,92.0,0,5,3.0,1,0.0,Sikh Extremists
44721,0,92,6,129,792,18.364195,81.892418,3.0,0,0.0,1,0,2,14,1394,92.0,0,5,1.0,0,0.0,Communist Party of India - Maoist (CPI-Maoist)
25175,0,92,6,287,3454,28.21962,77.941739,1.0,0,0.0,1,0,3,3,4301,92.0,0,6,0.0,1,0.0,Sikh Extremists
47063,0,4,6,508,3590,34.674866,70.21344,1.0,0,0.0,1,1,3,15,4511,4.0,0,6,19.0,1,0.0,Taliban
20024,0,43,3,270,1250,-33.583745,-71.613065,1.0,0,0.0,1,0,3,1,560,43.0,0,6,0.0,1,0.0,Manuel Rodriguez Patriotic Front (FPMR)
50276,0,147,11,110,675,11.74464,11.970257,1.0,0,1.0,1,0,3,15,1247,147.0,0,6,6.0,1,0.0,Boko Haram
62448,0,45,3,368,24,6.545924,-71.000519,4.0,0,0.0,1,0,3,20,6,45.0,0,6,0.0,1,0.0,Revolutionary Armed Forces of Colombia (FARC)
79240,0,92,6,126,814,23.505758,84.570792,2.0,0,1.0,0,0,3,3,85,92.0,0,6,0.0,0,0.0,Communist Party of India - Maoist (CPI-Maoist)
82997,0,95,10,37,254,36.354145,43.14357,1.0,0,0.0,1,0,3,14,13,95.0,0,6,1.0,-9,0.0,Islamic State of Iraq and the Levant (ISIL)
16089,0,43,3,271,2106,-33.366238,-70.505302,1.0,0,1.0,1,0,7,1,2721,43.0,0,8,0.0,1,0.0,Manuel Rodriguez Patriotic Front (FPMR)
67815,0,4,6,514,3617,32.075659,64.836477,3.0,0,1.0,1,0,2,3,20,4.0,0,5,2.0,0,0.0,Taliban
61730,0,214,9,145,1110,48.610906,38.007659,3.0,0,0.0,1,0,3,9,1722,214.0,0,6,0.0,0,0.0,Donetsk People's Republic
48844,0,95,10,33,247,33.303566,44.371773,1.0,0,1.0,1,0,3,1,496,95.0,0,6,1.0,1,0.0,Al-Qaida in Iraq
52286,0,95,10,32,246,33.31065,44.038208,1.0,1,1.0,1,0,3,3,12,95.0,0,6,1.0,0,0.0,Al-Qaida in Iraq
61843,0,45,3,359,2571,8.136308,-72.96894,2.0,0,0.0,1,0,7,1,3253,45.0,0,8,0.0,1,0.0,National Liberation Army of Colombia (ELN)
14054,0,186,6,260,2061,6.855948,79.862968,1.0,0,0.0,1,0,3,4,2581,186.0,0,6,5.0,1,0.0,Liberation Tigers of Tamil Eelam (LTTE)
5843,0,183,11,19,172,-26.252697,27.870275,1.0,0,0.0,1,0,3,3,319,183.0,0,5,2.0,1,0.0,African National Congress (South Africa)
20294,0,183,11,19,215,-26.252697,27.870275,1.0,0,0.0,1,0,3,3,404,183.0,0,6,1.0,1,0.0,African National Congress (South Africa)
18540,0,69,8,135,1022,42.567651,8.757222,1.0,0,0.0,1,0,2,2,1568,69.0,0,8,0.0,1,0.0,Corsican National Liberation Front (FLNC)
5271,0,97,10,462,3079,32.434788,34.92157,1.0,0,0.0,1,0,3,14,3702,97.0,0,6,0.0,0,0.0,Palestinians
48767,0,92,6,126,911,24.42099,83.650803,1.0,0,0.0,1,0,2,17,1442,92.0,0,5,1.0,0,0.0,Communist Party of India - Maoist (CPI-Maoist)
83184,0,37,11,117,641,11.162543,14.013976,1.0,0,0.0,1,1,3,14,553,37.0,0,6,3.0,1,0.0,Boko Haram
20063,0,160,5,11,43,14.596051,120.978666,1.0,0,0.0,1,0,1,4,3456,160.0,0,5,1.0,0,0.0,New People's Army (NPA)
58294,0,45,3,359,2511,8.533734,-73.456863,1.0,0,0.0,1,0,3,21,761,45.0,0,6,0.0,1,0.0,National Liberation Army of Colombia (ELN)
58521,0,160,5,9,2724,6.213233,124.697909,1.0,0,0.0,1,0,2,4,3445,160.0,0,5,1.0,0,0.0,New People's Army (NPA)
50977,0,45,3,376,3240,3.178149,-76.467272,1.0,0,0.0,1,0,3,3,175,45.0,0,6,6.0,1,0.0,Revolutionary Armed Forces of Colombia (FARC)
17864,0,92,6,124,3489,18.107428,77.447009,1.0,0,0.0,1,0,2,14,4361,92.0,0,5,6.0,1,0.0,Sikh Extremists
29470,0,209,10,245,1866,38.353182,38.32083,1.0,0,0.0,1,0,2,3,524,209.0,0,5,2.0,1,0.0,Kurdistan Workers' Party (PKK)
82047,0,147,11,113,660,10.890928,13.627589,2.0,0,1.0,1,0,7,14,27,147.0,0,8,0.0,1,0.0,Boko Haram
73405,0,160,5,391,2727,12.221115,123.823367,1.0,0,1.0,1,0,3,16,3401,160.0,0,6,0.0,1,0.0,New People's Army (NPA)
31178,0,603,8,190,1603,54.607712,-5.95621,1.0,0,0.0,1,0,3,3,1106,233.0,0,6,0.0,1,0.0,Irish Republican Army (IRA)
78547,0,228,10,60,350,13.586484,44.024105,1.0,0,1.0,1,0,3,14,925,228.0,0,6,3.0,1,0.0,Houthi extremists (Ansar Allah)
4790,0,69,8,135,24,41.918891,8.737554,4.0,0,1.0,1,0,3,1,1088,69.0,0,6,0.0,1,0.0,Corsican National Liberation Front (FLNC)
67192,0,214,9,145,1073,48.064426,37.673248,1.0,1,1.0,1,0,3,4,48,214.0,0,6,0.0,-9,0.0,Donetsk People's Republic
67438,0,173,10,61,1534,17.554939,44.232357,1.0,1,0.0,1,0,3,4,2014,173.0,0,6,1.0,-9,0.0,Houthi extremists (Ansar Allah)
15500,0,183,11,19,136,-26.184113,28.033232,1.0,0,0.0,1,0,3,14,272,183.0,0,6,0.0,1,0.0,African National Congress (South Africa)
71593,1,4,6,507,3556,31.497145,65.838674,1.0,1,0.0,1,0,5,4,4447,422.0,0,5,73.0,-9,1.0,Taliban
64333,0,147,11,114,677,10.850832,11.431111,1.0,0,1.0,1,0,2,2,1224,147.0,0,5,24.0,1,0.0,Boko Haram
82364,0,92,6,133,2269,20.005278,80.080556,1.0,1,0.0,0,0,2,3,12,92.0,0,5,1.0,0,0.0,Maoists
26646,1,92,6,337,3475,30.7775,75.362222,1.0,0,0.0,1,0,6,14,4343,92.0,0,5,20.0,0,1.0,Sikh Extremists
45692,0,185,8,94,531,42.815372,-1.653616,1.0,0,0.0,1,0,3,8,1005,185.0,0,6,0.0,1,0.0,Basque Fatherland and Freedom (ETA)
13986,0,145,2,436,2938,13.130707,-85.971684,3.0,1,1.0,1,0,2,1,3564,145.0,0,5,0.0,1,0.0,Nicaraguan Democratic Force (FDN)
33056,0,155,10,325,3053,31.308194,34.287996,1.0,0,0.0,0,0,1,14,3758,97.0,0,5,0.0,0,0.0,Palestinians
57719,0,92,6,130,792,18.352486,81.953482,3.0,0,0.0,1,0,2,1,2960,92.0,0,5,1.0,0,0.0,Maoists
4661,0,185,8,94,547,42.907739,-2.064756,1.0,0,0.0,1,0,1,2,1013,185.0,0,5,1.0,0,0.0,Basque Fatherland and Freedom (ETA)
64812,0,214,9,145,1081,48.372005,37.88657,1.0,1,0.0,1,0,3,4,48,214.0,0,6,0.0,-9,0.0,Donetsk People's Republic
39800,0,45,3,377,3199,5.0694,-74.598061,1.0,0,0.0,1,0,3,21,3931,45.0,0,6,0.0,1,0.0,Revolutionary Armed Forces of Colombia (FARC)
63354,0,147,11,118,1340,9.584206,8.713707,3.0,0,0.0,1,0,2,14,27,147.0,0,5,0.0,1,0.0,Fulani extremists
10946,0,159,3,479,3302,-15.65083,-70.321899,1.0,0,1.0,1,0,1,8,2385,159.0,0,5,1.0,0,0.0,Shining Path (SL)
19149,0,159,3,476,3875,-8.606481,-77.149429,1.0,0,0.0,1,0,2,3,2184,159.0,0,5,0.0,1,0.0,Tupac Amaru Revolutionary Movement (MRTA)
13183,0,43,3,272,2110,-36.816006,-73.037659,1.0,0,0.0,1,0,3,21,2801,43.0,0,6,1.0,1,0.0,Manuel Rodriguez Patriotic Front (FPMR)
4901,0,603,8,190,1610,54.253718,-7.44106,1.0,0,0.0,1,0,3,20,1619,233.0,0,6,1.0,1,0.0,Irish Republican Army (IRA)
7789,0,61,2,150,1171,13.938518,-88.901366,1.0,0,0.0,1,0,2,4,1788,61.0,0,5,1.0,1,0.0,Farabundo Marti National Liberation Front (FMLN)
7447,0,159,3,477,3284,-13.152712,-74.218628,1.0,0,0.0,1,0,1,2,4087,159.0,0,6,0.0,1,0.0,Shining Path (SL)
69698,0,228,10,60,350,13.586484,44.024105,1.0,0,0.0,1,0,3,14,742,228.0,0,6,13.0,1,0.0,Houthi extremists (Ansar Allah)
20517,0,183,11,23,181,-26.916982,27.484439,1.0,0,1.0,1,0,1,2,335,183.0,0,6,0.0,0,0.0,African National Congress (South Africa)
18070,0,159,3,486,3314,-7.665171,-76.787363,1.0,0,0.0,1,0,2,14,4106,159.0,0,5,15.0,1,0.0,Shining Path (SL)
14947,0,159,3,277,2118,-11.967368,-76.978462,1.0,0,0.0,1,0,3,1,4765,159.0,0,6,1.0,1,0.0,Tupac Amaru Revolutionary Movement (MRTA)
45298,0,185,8,87,506,36.621787,-4.500273,1.0,0,0.0,1,0,3,1,1093,185.0,0,6,0.0,1,0.0,Basque Fatherland and Freedom (ETA)
15949,0,45,3,368,2506,7.08582,-70.75779,1.0,0,1.0,1,0,7,21,3154,45.0,0,8,2.0,1,0.0,National Liberation Army of Colombia (ELN)
37502,0,209,10,207,1711,41.106178,28.689863,1.0,0,0.0,1,0,3,19,2367,209.0,0,6,0.0,1,0.0,Kurdistan Workers' Party (PKK)
51257,0,95,10,32,248,34.160587,42.37254,1.0,0,1.0,1,0,2,3,20,95.0,0,5,14.0,0,0.0,Al-Qaida in Iraq
76759,0,200,10,200,2356,36.201721,37.14352,1.0,0,1.0,1,0,3,14,925,200.0,0,6,3.0,1,0.0,Muslim extremists
49708,0,92,6,125,893,24.522096,83.722629,1.0,0,0.0,1,0,3,8,1423,92.0,0,6,0.0,1,0.0,Communist Party of India - Maoist (CPI-Maoist)
54878,0,147,11,115,634,12.023287,8.536534,1.0,0,0.0,1,1,3,19,1254,147.0,0,6,39.0,1,0.0,Boko Haram
16436,0,61,2,158,1168,13.516667,-88.383333,1.0,0,1.0,1,0,3,21,1781,61.0,0,6,0.0,1,0.0,Farabundo Marti National Liberation Front (FMLN)
23912,0,43,3,271,2106,-33.366238,-70.505302,1.0,0,0.0,1,0,1,3,1653,43.0,0,5,0.0,0,0.0,Manuel Rodriguez Patriotic Front (FPMR)
72708,0,228,10,53,314,15.325443,44.211895,1.0,0,1.0,1,0,2,10,1996,228.0,0,5,0.0,0,0.0,Houthi extremists (Ansar Allah)
24409,0,45,3,359,2568,8.320451,-73.144755,1.0,0,0.0,1,0,6,2,3246,45.0,0,5,0.0,0,1.0,National Liberation Army of Colombia (ELN)
14692,0,145,2,450,2973,11.84402,-84.27144,1.0,0,0.0,1,0,2,4,1762,145.0,0,5,4.0,1,0.0,Nicaraguan Democratic Force (FDN)
41294,0,141,6,286,2256,28.056065,81.628014,1.0,0,0.0,1,0,2,3,2938,141.0,0,5,3.0,0,0.0,Maoists
53620,0,209,10,237,24,38.685904,43.875794,4.0,0,0.0,1,0,7,8,51,209.0,0,8,0.0,1,0.0,Kurdistan Workers' Party (PKK)
18937,0,159,3,277,2118,-11.967368,-76.978462,1.0,0,0.0,1,0,3,1,560,217.0,0,6,0.0,1,0.0,Tupac Amaru Revolutionary Movement (MRTA)
73006,1,228,10,50,318,14.54397,49.12458,1.0,0,0.0,1,0,6,2,662,228.0,0,5,1.0,0,1.0,Al-Qaida in the Arabian Peninsula (AQAP)
17462,0,145,2,450,2955,12.82166,-84.203876,1.0,0,0.0,1,0,3,11,3575,145.0,0,6,0.0,1,0.0,Nicaraguan Democratic Force (FDN)
51073,0,228,10,52,327,13.129726,45.385571,1.0,1,0.0,1,0,2,4,668,228.0,0,5,0.0,0,0.0,Al-Qaida in the Arabian Peninsula (AQAP)
55812,0,159,3,480,3320,-12.677856,-72.622833,1.0,0,0.0,0,0,3,21,4111,159.0,0,6,0.0,0,0.0,Shining Path (SL)
22492,0,186,6,260,1968,6.941837,79.861687,1.0,0,0.0,1,0,1,17,2515,186.0,0,5,2.0,0,0.0,Liberation Tigers of Tamil Eelam (LTTE)
61288,0,228,10,47,1549,14.221949,44.39045,2.0,0,0.0,1,0,3,14,1291,228.0,0,6,0.0,-9,0.0,Houthi extremists (Ansar Allah)
55042,0,92,6,126,856,23.13583,84.240173,1.0,0,0.0,1,0,2,3,12,92.0,0,5,5.0,0,0.0,Communist Party of India - Maoist (CPI-Maoist)
80411,0,92,6,127,2183,18.673653,80.987938,1.0,0,0.0,1,0,7,1,1463,92.0,0,5,0.0,1,0.0,Maoists
35921,0,45,3,364,3158,10.47692,-73.25049,1.0,0,0.0,1,0,3,2,3876,45.0,0,6,0.0,1,0.0,Revolutionary Armed Forces of Colombia (FARC)
19309,0,43,3,271,2106,-33.366238,-70.505302,1.0,0,0.0,1,0,1,3,2743,43.0,0,5,1.0,0,0.0,Manuel Rodriguez Patriotic Front (FPMR)
19333,0,183,11,19,166,-25.748281,28.212069,1.0,0,0.0,0,0,3,1,331,183.0,0,6,1.0,1,0.0,African National Congress (South Africa)
24314,0,185,8,89,517,40.465595,-3.696263,1.0,0,0.0,0,0,1,2,1015,185.0,0,6,0.0,0,0.0,Basque Fatherland and Freedom (ETA)
46567,1,4,6,505,3531,30.280606,62.054597,2.0,0,0.0,1,0,6,3,4434,4.0,0,5,0.0,-9,1.0,Taliban
25469,0,43,3,271,2106,-33.366238,-70.505302,1.0,0,0.0,1,0,3,15,259,217.0,0,6,0.0,1,0.0,Manuel Rodriguez Patriotic Front (FPMR)
7694,0,183,11,20,138,-32.985771,27.866086,1.0,1,0.0,1,0,2,3,380,183.0,0,5,0.0,1,0.0,African National Congress (South Africa)
15082,0,61,2,158,1196,13.483333,-88.466667,1.0,0,1.0,1,0,3,21,1803,61.0,0,6,0.0,1,0.0,Farabundo Marti National Liberation Front (FMLN)
29583,0,603,8,190,1603,54.607712,-5.95621,1.0,0,0.0,1,0,7,1,2063,233.0,0,8,0.0,1,0.0,Irish Republican Army (IRA)
17872,0,92,6,337,3428,31.633979,74.872264,3.0,0,0.0,1,0,2,3,3005,92.0,0,5,1.0,1,0.0,Sikh Extremists
15146,0,159,3,277,2118,-11.967368,-76.978462,1.0,0,1.0,1,0,3,2,4172,159.0,0,6,0.0,1,0.0,Tupac Amaru Revolutionary Movement (MRTA)
3885,0,45,3,366,3135,6.313712,-73.950146,1.0,0,0.0,1,0,2,3,371,45.0,0,5,1.0,1,0.0,Revolutionary Armed Forces of Colombia (FARC)
39842,0,160,5,1,2,6.089515,121.105521,1.0,0,0.0,1,0,2,4,30,160.0,0,5,5.0,-9,0.0,Abu Sayyaf Group (ASG)
81648,0,95,10,34,274,33.953167,44.921906,1.0,0,0.0,1,1,3,1,595,95.0,0,6,1.0,-9,0.0,Islamic State of Iraq and the Levant (ISIL)
44068,0,228,10,51,357,15.45639,45.324871,1.0,0,0.0,1,0,3,2,6,228.0,0,6,1.0,-9,0.0,Houthi extremists (Ansar Allah)
77540,0,160,5,0,14,6.601768,122.17325,1.0,0,0.0,1,0,3,4,15,160.0,0,6,0.0,0,0.0,Abu Sayyaf Group (ASG)
78350,0,228,10,60,1542,12.725161,43.494482,2.0,0,0.0,1,0,3,4,1986,228.0,0,6,6.0,1,0.0,Houthi extremists (Ansar Allah)
22566,0,45,3,381,1250,3.91272,-75.47591,1.0,0,0.0,1,0,2,4,562,45.0,0,5,3.0,1,0.0,Revolutionary Armed Forces of Colombia (FARC)
47517,1,153,6,534,3771,34.396497,72.615832,3.0,0,0.0,1,0,6,2,4604,153.0,0,5,2.0,-9,1.0,Tehrik-i-Taliban Pakistan (TTP)
42814,0,217,1,343,2449,35.904912,-79.046913,1.0,0,0.0,1,0,8,14,3100,217.0,1,10,0.0,0,0.0,Muslim extremists
77435,0,228,10,54,332,14.360278,47.341944,1.0,0,0.0,1,0,3,14,664,228.0,0,6,2.0,1,0.0,Al-Qaida in the Arabian Peninsula (AQAP)
61803,0,228,10,58,337,13.063399,44.880882,1.0,0,0.0,1,0,1,4,752,228.0,0,5,1.0,0,0.0,Al-Qaida in the Arabian Peninsula (AQAP)
29935,0,186,6,263,2059,7.939525,81.000963,3.0,0,0.0,1,0,2,4,12,186.0,0,5,0.0,1,0.0,Liberation Tigers of Tamil Eelam (LTTE)
30978,0,155,10,325,3048,31.346964,34.30143,1.0,0,0.0,0,0,1,14,3633,155.0,0,5,0.0,0,0.0,Palestinians
77387,1,121,5,14,69,5.839444,118.117173,1.0,1,1.0,1,0,6,11,127,93.0,0,5,1.0,1,1.0,Abu Sayyaf Group (ASG)
72238,0,228,10,56,354,15.723243,42.997228,1.0,0,0.0,1,0,2,3,175,228.0,0,5,0.0,0,0.0,Al-Qaida in the Arabian Peninsula (AQAP)
53744,0,92,6,287,2259,26.353568,83.552696,1.0,0,0.0,0,0,3,20,6,92.0,0,6,0.0,0,0.0,Maoists
5309,0,603,8,190,1603,54.607712,-5.95621,1.0,0,0.0,1,0,7,1,2143,233.0,0,8,0.0,1,0.0,Irish Republican Army (IRA)
53927,0,153,6,300,2370,33.671638,73.056068,1.0,0,0.0,0,0,3,10,4597,153.0,0,6,0.0,0,0.0,Tehrik-i-Taliban Pakistan (TTP)
20395,0,43,3,272,2119,-37.029655,-73.144447,1.0,0,0.0,1,0,3,21,1813,43.0,0,6,0.0,1,0.0,Manuel Rodriguez Patriotic Front (FPMR)
17421,0,43,3,271,2106,-33.366238,-70.505302,1.0,0,0.0,1,0,3,1,2756,43.0,0,6,0.0,1,0.0,Manuel Rodriguez Patriotic Front (FPMR)
78893,0,95,10,34,1780,34.053467,44.933075,2.0,0,0.0,1,0,3,14,1944,95.0,0,6,1.0,0,0.0,Islamic State of Iraq and the Levant (ISIL)
72263,0,228,10,60,1527,13.168694,43.741907,3.0,0,1.0,1,0,3,14,1976,228.0,0,6,3.0,-9,0.0,Houthi extremists (Ansar Allah)
35919,0,45,3,362,2583,7.987804,-75.197092,1.0,0,0.0,1,0,1,2,3265,45.0,0,5,3.0,1,0.0,National Liberation Army of Colombia (ELN)
46864,0,4,6,527,3627,36.815075,69.423841,2.0,0,0.0,1,0,3,12,4494,75.0,0,6,1.0,1,0.0,Taliban
11294,0,145,2,437,2951,13.631126,-86.528927,3.0,0,0.0,1,0,2,19,3574,145.0,0,5,1.0,1,0.0,Nicaraguan Democratic Force (FDN)
8418,0,45,3,368,2510,6.95284,-71.87514,1.0,0,0.0,1,0,3,2,3864,45.0,0,6,0.0,1,0.0,Revolutionary Armed Forces of Colombia (FARC)
61072,0,228,10,50,326,15.964205,48.78252,1.0,0,1.0,1,0,3,2,330,228.0,0,6,0.0,1,0.0,Al-Qaida in the Arabian Peninsula (AQAP)
64979,0,123,11,294,2363,14.456878,-4.91545,1.0,0,0.0,1,0,2,14,205,123.0,0,5,0.0,-9,0.0,Muslim extremists
7491,0,185,8,86,527,43.3282,-3.031509,1.0,0,0.0,1,0,3,21,967,185.0,0,6,1.0,1,0.0,Basque Fatherland and Freedom (ETA)
73673,0,95,10,216,1768,30.510054,47.778095,1.0,0,0.0,1,1,3,14,13,95.0,0,6,6.0,1,0.0,Islamic State of Iraq and the Levant (ISIL)
35125,0,159,3,277,2118,-11.967368,-76.978462,1.0,0,0.0,1,0,1,14,4065,159.0,0,5,1.0,0,0.0,Shining Path (SL)
4894,0,603,8,190,24,54.787715,-6.492314,4.0,0,0.0,1,0,3,1,765,233.0,0,6,1.0,1,0.0,Irish Republican Army (IRA)
13634,0,159,3,277,2118,-11.967368,-76.978462,1.0,1,1.0,1,0,3,21,4154,159.0,0,6,0.0,1,0.0,Shining Path (SL)
73068,0,92,6,127,939,19.499209,81.102258,3.0,0,0.0,0,0,3,20,6,92.0,0,6,0.0,0,0.0,Maoists
79653,0,95,10,37,254,36.354145,43.14357,1.0,0,0.0,1,0,6,14,13,95.0,0,5,16.0,0,1.0,Islamic State of Iraq and the Levant (ISIL)
10039,0,145,2,437,2887,13.759041,-86.017217,1.0,0,0.0,1,0,2,4,1762,145.0,0,5,1.0,1,0.0,Nicaraguan Democratic Force (FDN)
48991,0,182,11,65,462,2.798167,44.07856,1.0,0,0.0,1,0,2,17,874,182.0,0,5,3.0,-9,0.0,Al-Shabaab
69509,0,160,5,386,94,8.113273,125.607828,1.0,1,1.0,1,0,2,14,3378,160.0,0,5,1.0,-9,0.0,New People's Army (NPA)
53614,0,147,11,110,613,11.704399,11.088539,1.0,0,0.0,1,0,3,4,48,147.0,0,6,1.0,1,0.0,Boko Haram
13949,0,183,11,19,136,-26.184113,28.033232,1.0,0,0.0,1,0,3,4,394,183.0,0,6,0.0,1,0.0,African National Congress (South Africa)
80655,1,147,11,112,1384,10.374035,7.396023,1.0,0,0.0,1,0,6,2,1931,147.0,0,5,1.0,0,1.0,Fulani extremists
14932,0,183,11,26,162,-22.351154,30.039773,1.0,0,0.0,1,0,3,4,291,183.0,0,6,6.0,1,0.0,African National Congress (South Africa)
69564,0,209,10,221,1891,39.357044,39.216588,1.0,0,0.0,1,0,7,14,722,209.0,0,5,0.0,1,0.0,Kurdistan Workers' Party (PKK)
2342,0,185,8,95,515,43.291618,-1.977903,1.0,0,0.0,1,0,3,9,1077,185.0,0,6,1.0,1,0.0,Basque Fatherland and Freedom (ETA)
75341,1,147,11,112,1341,10.57481,8.148878,2.0,0,0.0,1,0,6,14,27,147.0,0,5,0.0,1,1.0,Fulani extremists
48803,0,153,6,352,682,33.915234,71.458679,1.0,0,0.0,1,0,3,14,4681,153.0,0,6,2.0,1,0.0,Tehrik-i-Taliban Pakistan (TTP)
27373,0,159,3,277,2118,-11.967368,-76.978462,1.0,0,0.0,1,0,3,4,4861,159.0,0,6,0.0,1,0.0,Tupac Amaru Revolutionary Movement (MRTA)
56833,0,95,10,33,247,33.303566,44.371773,1.0,0,0.0,1,0,3,2,2331,95.0,0,6,2.0,1,0.0,Islamic State of Iraq and the Levant (ISIL)
27048,0,186,6,215,1972,8.577826,81.218719,1.0,1,0.0,1,0,3,4,2504,186.0,0,6,2.0,1,0.0,Liberation Tigers of Tamil Eelam (LTTE)
83523,0,92,6,125,778,25.078006,86.222193,1.0,0,0.0,1,0,1,2,1299,92.0,0,9,1.0,-9,1.0,Communist Party of India - Maoist (CPI-Maoist)
14938,0,159,3,277,2118,-11.967368,-76.978462,1.0,0,0.0,1,0,3,1,4795,159.0,0,6,0.0,1,0.0,Tupac Amaru Revolutionary Movement (MRTA)
70493,0,95,10,33,247,33.303566,44.371773,1.0,0,0.0,1,0,3,1,512,95.0,0,6,1.0,-9,0.0,Islamic State of Iraq and the Levant (ISIL)
6253,0,61,2,153,1245,13.755754,-88.73273,1.0,0,0.0,1,0,1,2,352,61.0,0,5,4.0,0,0.0,Farabundo Marti National Liberation Front (FMLN)
63553,0,153,6,427,3802,34.816667,71.317778,2.0,0,0.0,1,0,3,4,172,153.0,0,6,0.0,0,0.0,Tehrik-i-Taliban Pakistan (TTP)
47464,0,45,3,377,2782,6.447527,-75.959332,1.0,0,1.0,1,0,4,19,3943,45.0,0,8,0.0,1,0.0,Revolutionary Armed Forces of Colombia (FARC)
13594,0,43,3,271,2106,-33.366238,-70.505302,1.0,0,1.0,1,0,3,19,56,43.0,0,6,0.0,1,0.0,Manuel Rodriguez Patriotic Front (FPMR)
61815,0,182,11,68,404,2.059819,45.326115,1.0,0,0.0,1,0,2,4,497,182.0,0,5,1.0,0,0.0,Al-Shabaab
61436,1,160,5,404,2705,9.467411,125.576506,1.0,0,0.0,1,0,6,3,175,160.0,0,5,3.0,1,1.0,New People's Army (NPA)
17130,0,183,11,25,156,-33.951,18.554,1.0,0,0.0,0,0,1,3,275,183.0,0,6,1.0,1,0.0,African National Congress (South Africa)
18735,0,92,6,337,3408,32.040763,75.401886,3.0,0,0.0,1,0,1,2,4265,92.0,0,5,2.0,0,0.0,Sikh Extremists
27212,0,159,3,277,2118,-11.967368,-76.978462,1.0,0,0.0,0,0,3,3,4763,159.0,0,6,0.0,1,0.0,Tupac Amaru Revolutionary Movement (MRTA)
16740,0,45,3,362,2498,5.346103,-74.491672,1.0,0,1.0,1,0,3,19,3230,45.0,0,6,0.0,1,0.0,National Liberation Army of Colombia (ELN)
63497,0,214,9,145,1098,48.139713,37.643398,1.0,1,0.0,0,0,2,4,48,214.0,0,5,0.0,0,0.0,Donetsk People's Republic
57129,0,4,6,516,3586,35.411438,71.336533,3.0,0,0.0,1,0,2,3,1981,4.0,0,6,1.0,-9,0.0,Taliban
73812,0,153,6,352,3781,34.794618,72.36441,1.0,0,0.0,1,0,1,3,4618,153.0,0,5,1.0,0,0.0,Tehrik-i-Taliban Pakistan (TTP)
29222,0,69,8,135,1016,42.699997,9.447317,1.0,0,0.0,1,0,3,1,1577,69.0,0,6,0.0,1,0.0,Corsican National Liberation Front (FLNC)
9523,0,183,11,25,161,-33.941849,18.41964,1.0,0,0.0,1,0,3,21,339,183.0,0,6,0.0,1,0.0,African National Congress (South Africa)
20034,0,183,11,19,155,-26.252697,27.870275,1.0,0,0.0,1,0,1,2,302,183.0,0,6,1.0,1,0.0,African National Congress (South Africa)
65357,0,147,11,108,616,11.840929,13.141459,1.0,0,1.0,1,0,2,14,1213,147.0,0,6,33.0,-9,0.0,Boko Haram
50324,0,104,11,79,403,2.809093,40.927444,1.0,1,0.0,0,0,2,3,891,104.0,0,5,2.0,-9,0.0,Al-Shabaab
65671,0,214,9,145,1071,48.143208,37.753361,1.0,0,0.0,1,0,3,14,205,214.0,0,6,3.0,-9,0.0,Donetsk People's Republic
79391,0,92,6,125,865,24.79082,85.006213,2.0,1,0.0,1,0,2,17,1388,92.0,0,5,1.0,0,0.0,Communist Party of India - Maoist (CPI-Maoist)
77452,0,173,10,61,1560,17.447464,44.718525,1.0,0,0.0,1,0,3,1,2004,173.0,0,6,0.0,1,0.0,Houthi extremists (Ansar Allah)
43072,0,186,6,261,1974,9.666399,80.020477,1.0,0,0.0,1,0,3,4,13,186.0,0,6,0.0,1,0.0,Liberation Tigers of Tamil Eelam (LTTE)
15910,0,183,11,19,209,-26.387848,28.173627,3.0,0,0.0,1,0,1,2,385,183.0,0,5,5.0,0,0.0,African National Congress (South Africa)
30290,0,45,3,362,2498,6.242026,-75.564766,1.0,0,0.0,1,0,3,1,3924,45.0,0,6,0.0,1,0.0,Revolutionary Armed Forces of Colombia (FARC)
53013,0,228,10,62,365,13.702663,44.73357,1.0,0,0.0,1,0,2,4,732,228.0,0,6,0.0,1,0.0,Al-Qaida in the Arabian Peninsula (AQAP)
27657,0,159,3,480,3856,-13.105251,-72.044649,2.0,0,0.0,1,0,2,3,1788,159.0,0,5,6.0,1,0.0,Tupac Amaru Revolutionary Movement (MRTA)
14499,0,145,2,437,2948,13.880321,-86.1678,1.0,0,0.0,1,0,2,4,562,145.0,0,5,0.0,1,0.0,Nicaraguan Democratic Force (FDN)
56437,0,160,5,395,2641,14.272535,121.453144,1.0,0,0.0,1,0,7,19,1709,160.0,0,8,0.0,1,0.0,New People's Army (NPA)
22183,0,61,2,147,1239,13.888888,-88.901631,1.0,0,0.0,1,0,2,14,1857,61.0,0,5,0.0,1,0.0,Farabundo Marti National Liberation Front (FMLN)
44641,0,186,6,261,1975,8.980118,79.912462,3.0,0,0.0,1,0,3,4,2588,186.0,0,6,2.0,-9,0.0,Liberation Tigers of Tamil Eelam (LTTE)
39725,0,155,10,325,3056,31.355579,34.274364,1.0,0,0.0,1,0,3,14,3650,155.0,0,6,0.0,-9,0.0,Palestinians
51773,0,228,10,54,363,15.19,46.7338,2.0,0,0.0,1,0,3,21,730,228.0,0,6,0.0,1,0.0,Al-Qaida in the Arabian Peninsula (AQAP)
42058,0,69,8,135,1016,42.699997,9.447317,1.0,0,1.0,1,0,3,2,1636,69.0,0,6,0.0,1,0.0,Corsican National Liberation Front (FLNC)
76810,0,200,10,208,1723,36.554444,40.748056,1.0,0,0.0,1,1,3,14,2302,200.0,0,6,35.0,1,0.0,Islamic State of Iraq and the Levant (ISIL)
31961,0,69,8,135,24,41.918891,8.737554,4.0,0,1.0,1,0,3,2,560,69.0,0,6,0.0,1,0.0,Corsican National Liberation Front (FLNC)
16526,0,159,3,277,2118,-11.967368,-76.978462,1.0,0,1.0,1,0,3,1,4069,159.0,0,6,1.0,1,0.0,Shining Path (SL)
66170,0,113,10,311,2388,31.927389,12.251627,1.0,1,1.0,1,0,3,9,3050,113.0,0,6,0.0,-9,0.0,Muslim extremists
69900,0,209,10,221,1805,39.106709,39.545246,1.0,0,0.0,1,0,2,3,175,209.0,0,5,3.0,0,0.0,Kurdistan Workers' Party (PKK)
10192,0,145,2,447,2876,14.60296,-84.03756,1.0,0,0.0,1,0,2,4,1762,145.0,0,5,1.0,1,0.0,Nicaraguan Democratic Force (FDN)
66267,0,147,11,118,1365,9.53955,8.899702,2.0,0,1.0,1,0,2,14,13,147.0,0,5,4.0,0,0.0,Fulani extremists
66373,0,147,11,166,1315,7.905833,7.854722,2.0,0,0.0,1,0,2,14,27,147.0,0,5,95.0,1,0.0,Fulani extremists
69532,0,95,10,33,247,33.303566,44.371773,1.0,0,0.0,1,0,3,14,1291,95.0,0,6,2.0,0,0.0,Islamic State of Iraq and the Levant (ISIL)
75062,0,147,11,166,1273,7.761622,9.087509,1.0,0,1.0,1,0,2,14,27,147.0,0,5,1.0,1,0.0,Fulani extremists
61493,0,214,9,145,1085,47.942608,37.505135,1.0,0,0.0,0,0,6,14,1719,214.0,0,5,0.0,0,0.0,Donetsk People's Republic
14980,0,159,3,277,2118,-11.967368,-76.978462,1.0,0,0.0,1,0,2,2,4084,159.0,0,5,0.0,1,0.0,Shining Path (SL)
57848,0,160,5,13,2663,8.455393,125.159241,1.0,0,0.0,1,0,2,4,93,160.0,0,5,1.0,-9,0.0,New People's Army (NPA)
10176,0,97,10,460,3046,32.08297,34.811886,1.0,0,0.0,0,0,3,14,387,97.0,0,6,0.0,0,0.0,Palestinians
3955,0,183,11,20,216,-33.9585,25.600682,1.0,0,0.0,1,0,3,2,413,183.0,0,6,1.0,1,0.0,African National Congress (South Africa)
51655,0,153,6,427,3736,32.56699,69.831711,1.0,0,0.0,1,0,2,4,20,153.0,0,5,1.0,-9,0.0,Tehrik-i-Taliban Pakistan (TTP)
74301,0,147,11,169,1364,8.586602,10.36172,2.0,0,1.0,1,0,2,14,27,147.0,0,5,2.0,1,0.0,Fulani extremists
17248,0,183,11,18,207,-27.74358,29.935437,1.0,0,0.0,1,0,3,3,275,183.0,0,6,0.0,1,0.0,African National Congress (South Africa)
80632,0,104,11,72,409,-0.393767,40.326616,1.0,0,1.0,1,0,3,3,722,104.0,0,6,0.0,1,0.0,Al-Shabaab
10031,0,145,2,446,2888,12.810234,-85.786635,1.0,0,0.0,1,0,2,4,1762,145.0,0,5,75.0,1,0.0,Nicaraguan Democratic Force (FDN)
67315,0,60,10,290,2387,31.110285,33.932247,1.0,0,0.0,1,0,3,4,559,60.0,0,6,1.0,-9,0.0,Muslim extremists
45471,0,153,6,534,3797,34.92969,72.416834,1.0,0,0.0,1,0,3,1,4640,4.0,0,6,0.0,1,0.0,Tehrik-i-Taliban Pakistan (TTP)
55955,0,60,10,290,2352,31.212225,34.117065,1.0,0,1.0,1,0,2,4,20,60.0,0,6,1.0,0,0.0,Muslim extremists
19951,0,183,11,19,133,-26.31468,27.828306,1.0,0,0.0,0,0,3,2,364,183.0,0,6,0.0,1,0.0,African National Congress (South Africa)
82749,1,160,5,1,1,6.301814,120.583623,1.0,0,0.0,1,0,6,14,1,160.0,0,5,0.0,0,1.0,Abu Sayyaf Group (ASG)
27527,0,159,3,277,2118,-11.967368,-76.978462,1.0,0,1.0,1,0,3,1,765,159.0,0,6,0.0,1,0.0,Tupac Amaru Revolutionary Movement (MRTA)
11790,0,43,3,270,2107,-33.050125,-71.612251,1.0,0,0.0,1,0,3,8,2771,43.0,0,6,1.0,1,0.0,Manuel Rodriguez Patriotic Front (FPMR)
72604,0,4,6,510,3602,32.61797,65.872375,1.0,0,0.0,1,0,2,17,4474,4.0,0,5,1.0,0,0.0,Taliban
82139,0,92,6,127,933,19.102975,81.949115,3.0,0,0.0,1,0,2,14,2873,92.0,0,12,1.0,0,1.0,Maoists
73007,0,228,10,58,337,13.063399,44.880882,1.0,0,0.0,1,0,3,2,219,228.0,0,6,0.0,1,0.0,Al-Qaida in the Arabian Peninsula (AQAP)
49235,0,147,11,108,610,10.6111,12.195,1.0,0,0.0,1,0,2,3,1207,147.0,0,5,1.0,-9,0.0,Boko Haram
6248,0,97,10,266,3088,31.928793,34.866657,1.0,0,0.0,0,0,3,14,3741,97.0,0,6,0.0,0,0.0,Palestinians
62885,0,92,6,125,2186,25.067626,86.695582,1.0,0,0.0,1,0,7,14,56,92.0,0,8,0.0,1,0.0,Maoists
42840,0,92,6,127,938,20.008627,80.688087,1.0,0,0.0,1,0,3,14,1473,92.0,0,6,13.0,1,0.0,Communist Party of India - Maoist (CPI-Maoist)
17972,0,186,6,215,1966,8.457907,81.268402,1.0,0,1.0,1,0,7,1,1249,186.0,0,8,0.0,1,0.0,Muslim extremists
60173,1,4,6,522,3630,34.3425,61.746667,3.0,0,0.0,1,0,6,12,4497,422.0,0,5,1.0,0,1.0,Taliban
30936,0,209,10,224,1885,38.279124,42.198245,1.0,0,0.0,1,0,1,3,2416,209.0,0,5,1.0,0,0.0,Kurdistan Workers' Party (PKK)
80725,1,160,5,1,22,6.051232,120.999851,1.0,0,0.0,1,0,6,14,23,160.0,0,5,0.0,0,1.0,Abu Sayyaf Group (ASG)
41553,0,4,6,515,3545,34.516895,69.147011,1.0,0,0.0,1,0,3,2,4461,4.0,0,6,0.0,-9,0.0,Taliban
48757,0,92,6,128,818,22.86775,86.944884,1.0,0,0.0,1,0,2,2,1338,92.0,0,5,1.0,0,0.0,Communist Party of India - Maoist (CPI-Maoist)
77040,0,147,11,112,1316,10.26622,7.113044,3.0,0,0.0,1,0,2,14,27,147.0,0,5,2.0,1,0.0,Fulani extremists
64555,0,45,3,368,2581,7.027336,-71.428494,3.0,0,0.0,1,0,2,4,3263,45.0,0,5,2.0,0,0.0,National Liberation Army of Colombia (ELN)
30285,0,603,8,49,1641,54.959373,-1.601825,1.0,0,0.0,0,0,7,1,2135,216.0,0,8,0.0,1,0.0,Irish Republican Army (IRA)
21270,0,61,2,149,1150,13.69288,-89.199161,1.0,0,0.0,1,0,2,4,1835,61.0,0,5,0.0,1,0.0,Farabundo Marti National Liberation Front (FMLN)
65081,0,214,9,145,1076,47.805,37.576667,1.0,0,0.0,1,0,3,4,1697,214.0,0,6,0.0,-9,0.0,Donetsk People's Republic
72528,0,160,5,1,22,6.050458,121.012245,1.0,0,0.0,1,0,3,1,78,160.0,0,6,0.0,1,0.0,Abu Sayyaf Group (ASG)
39879,0,45,3,367,3221,2.06273,-75.787203,1.0,0,1.0,1,0,3,21,3954,45.0,0,6,1.0,1,0.0,Revolutionary Armed Forces of Colombia (FARC)
51237,0,92,6,130,868,20.8167,82.5333,2.0,0,0.0,1,0,7,1,1327,92.0,0,8,0.0,1,0.0,Communist Party of India - Maoist (CPI-Maoist)
77291,0,228,10,51,357,15.45639,45.324871,1.0,0,0.0,0,0,3,14,1977,228.0,0,6,0.0,0,0.0,Houthi extremists (Ansar Allah)
65224,0,123,11,312,2405,18.442701,1.411332,1.0,0,1.0,1,1,3,7,20,422.0,0,6,1.0,1,0.0,Muslim extremists
80743,0,147,11,108,616,11.840929,13.141459,1.0,0,1.0,1,1,3,14,13,147.0,0,6,2.0,-9,0.0,Boko Haram
71652,0,153,6,468,3130,24.891115,67.143311,1.0,0,0.0,1,0,1,4,4629,153.0,0,5,1.0,0,0.0,Tehrik-i-Taliban Pakistan (TTP)
47878,0,160,5,0,16,6.681959,121.985477,1.0,0,1.0,0,0,3,2,141,160.0,0,6,0.0,0,0.0,Abu Sayyaf Group (ASG)
58378,1,228,10,53,314,15.325443,44.211895,1.0,0,0.0,1,0,6,1,733,216.0,0,5,0.0,0,1.0,Al-Qaida in the Arabian Peninsula (AQAP)
12724,0,145,2,437,2980,13.683333,-86.7,1.0,0,0.0,1,0,2,4,1762,145.0,0,5,4.0,1,0.0,Nicaraguan Democratic Force (FDN)
19105,0,43,3,271,2106,-33.366238,-70.505302,1.0,0,0.0,1,0,3,14,2789,43.0,0,6,0.0,1,0.0,Manuel Rodriguez Patriotic Front (FPMR)
8069,0,61,2,149,1150,13.69288,-89.199161,1.0,0,0.0,1,0,1,14,1834,61.0,0,5,1.0,0,0.0,Farabundo Marti National Liberation Front (FMLN)
64482,0,228,10,53,314,15.325443,44.211895,1.0,0,0.0,1,0,3,14,1976,228.0,0,6,24.0,1,0.0,Houthi extremists (Ansar Allah)
11164,0,183,11,18,137,-29.861824,31.008293,1.0,0,0.0,1,0,3,21,363,183.0,0,6,0.0,1,0.0,African National Congress (South Africa)
48813,0,160,5,405,573,12.23686,124.37529,1.0,0,0.0,1,0,2,2,3421,160.0,0,5,0.0,0,0.0,New People's Army (NPA)
83050,0,160,5,0,11,6.440039,122.080475,1.0,0,0.0,1,0,2,4,12,160.0,0,5,6.0,0,0.0,Abu Sayyaf Group (ASG)
33007,0,209,10,222,1827,37.522653,42.452637,1.0,1,0.0,1,0,2,4,562,209.0,0,5,2.0,1,0.0,Kurdistan Workers' Party (PKK)
76627,0,95,10,36,1696,34.458684,43.795649,3.0,0,0.0,1,0,3,14,854,95.0,0,6,0.0,1,0.0,Islamic State of Iraq and the Levant (ISIL)
49085,0,160,5,1,22,6.050458,121.012245,1.0,0,0.0,1,0,3,15,171,160.0,0,6,0.0,1,0.0,Abu Sayyaf Group (ASG)
79141,0,200,10,205,1757,34.570353,37.194397,1.0,1,1.0,1,0,3,1,2318,200.0,0,6,0.0,1,0.0,Islamic State of Iraq and the Levant (ISIL)
29015,0,603,8,190,1603,54.607712,-5.95621,1.0,0,1.0,0,0,7,1,2132,233.0,0,8,0.0,1,0.0,Irish Republican Army (IRA)
20473,0,45,3,367,2504,1.878548,-76.267099,3.0,0,0.0,1,0,3,19,3152,45.0,0,6,0.0,1,0.0,National Liberation Army of Colombia (ELN)
45542,0,185,8,86,529,43.320698,-2.420475,1.0,0,1.0,1,0,3,3,970,185.0,0,6,0.0,1,0.0,Basque Fatherland and Freedom (ETA)
74668,0,228,10,62,1561,13.903266,44.746556,1.0,0,1.0,1,0,3,17,172,228.0,0,6,0.0,0,0.0,Houthi extremists (Ansar Allah)
13304,0,185,8,98,572,42.599876,-5.571752,1.0,0,0.0,0,0,1,1,1072,185.0,0,5,0.0,0,0.0,Basque Fatherland and Freedom (ETA)
80081,0,4,6,518,3601,36.298439,68.638029,3.0,0,0.0,1,0,2,14,931,4.0,0,5,13.0,0,0.0,Taliban
10505,0,159,3,477,3284,-13.152712,-74.218628,1.0,0,0.0,1,0,3,14,4176,159.0,0,6,0.0,1,0.0,Shining Path (SL)
29783,0,603,8,190,1603,54.607712,-5.95621,1.0,0,0.0,1,0,3,2,2115,233.0,0,6,0.0,1,0.0,Irish Republican Army (IRA)
45207,0,92,6,125,811,24.744071,86.457931,1.0,1,0.0,1,0,3,19,1330,92.0,0,6,0.0,1,0.0,Communist Party of India - Maoist (CPI-Maoist)
12984,0,185,8,86,556,42.889005,-2.315288,1.0,0,0.0,1,0,2,3,1030,185.0,0,6,0.0,1,0.0,Basque Fatherland and Freedom (ETA)
79912,0,173,10,61,1534,17.554939,44.232357,1.0,0,0.0,1,0,3,14,13,173.0,0,6,0.0,-9,0.0,Houthi extremists (Ansar Allah)
11275,0,145,2,437,2904,13.698495,-85.77846,1.0,1,0.0,1,0,2,4,1762,145.0,0,5,1.0,1,0.0,Nicaraguan Democratic Force (FDN)
80356,0,95,10,37,254,36.354145,43.14357,1.0,0,0.0,1,0,3,14,13,95.0,0,6,2.0,1,0.0,Islamic State of Iraq and the Levant (ISIL)
78440,0,95,10,36,272,34.621521,43.668377,1.0,0,0.0,1,0,3,14,13,95.0,0,6,4.0,-9,0.0,Islamic State of Iraq and the Levant (ISIL)
12553,0,159,3,484,3331,-12.787148,-74.973207,1.0,0,0.0,1,0,3,14,3741,159.0,0,6,0.0,1,0.0,Shining Path (SL)
44109,0,185,8,86,554,43.278322,-2.126597,1.0,0,0.0,1,0,6,14,6,185.0,0,5,0.0,0,1.0,Basque Fatherland and Freedom (ETA)
17282,0,183,11,19,136,-26.184113,28.033232,1.0,0,0.0,1,0,3,2,307,183.0,0,6,3.0,1,0.0,African National Congress (South Africa)
28539,0,209,10,225,1849,37.415668,41.371505,1.0,0,0.0,1,0,2,4,562,209.0,0,5,0.0,1,0.0,Kurdistan Workers' Party (PKK)
2659,0,603,8,190,1623,54.553417,-6.003314,1.0,0,0.0,1,0,1,3,2087,233.0,0,5,1.0,0,0.0,Irish Republican Army (IRA)
15410,0,145,2,445,2915,13.27624,-86.87844,1.0,0,0.0,1,0,2,4,1762,145.0,0,5,1.0,1,0.0,Nicaraguan Democratic Force (FDN)
4788,0,69,8,136,131,48.856644,2.34233,1.0,0,0.0,1,0,3,1,1166,69.0,0,6,0.0,1,0.0,Corsican National Liberation Front (FLNC)
62129,0,95,10,32,1721,34.092655,42.385468,1.0,0,0.0,1,0,3,19,233,95.0,0,6,0.0,1,0.0,Islamic State of Iraq and the Levant (ISIL)
25437,0,603,8,190,1642,54.819164,-7.467909,1.0,0,0.0,0,0,3,2,1111,233.0,0,6,0.0,1,0.0,Irish Republican Army (IRA)
47969,0,92,6,129,792,18.364195,81.892418,3.0,0,0.0,1,0,3,14,1469,92.0,0,6,0.0,1,0.0,Communist Party of India - Maoist (CPI-Maoist)
25600,0,186,6,79,2005,7.775413,81.606247,1.0,1,1.0,1,0,2,14,2593,186.0,0,5,25.0,1,0.0,Liberation Tigers of Tamil Eelam (LTTE)
45939,0,182,11,68,404,2.059819,45.326115,1.0,0,0.0,1,0,3,2,893,182.0,0,6,0.0,1,0.0,Al-Shabaab
16249,0,45,3,362,2532,6.43711,-75.3313,1.0,0,0.0,1,0,1,2,3861,45.0,0,5,1.0,0,0.0,Revolutionary Armed Forces of Colombia (FARC)
9535,0,185,8,86,509,43.258434,-2.921819,1.0,0,0.0,1,0,3,1,971,217.0,0,6,0.0,1,0.0,Basque Fatherland and Freedom (ETA)
25206,0,45,3,376,24,2.243589,-77.010385,4.0,0,0.0,1,0,1,14,3853,45.0,0,5,8.0,0,0.0,Revolutionary Armed Forces of Colombia (FARC)
29328,0,45,3,362,24,6.2675,-75.568611,4.0,0,0.0,1,0,2,1,3179,45.0,0,5,3.0,1,0.0,National Liberation Army of Colombia (ELN)
21927,0,159,3,489,3344,-8.337871,-74.594432,1.0,0,0.0,1,0,1,2,4146,15.0,0,5,1.0,0,0.0,Shining Path (SL)
43606,0,95,10,32,299,33.520717,44.024424,2.0,1,1.0,1,1,3,3,20,95.0,0,2,1.0,-9,0.0,Al-Qaida in Iraq
21656,0,43,3,271,2106,-33.366238,-70.505302,1.0,0,0.0,1,0,7,19,56,43.0,0,8,0.0,1,0.0,Manuel Rodriguez Patriotic Front (FPMR)
81652,0,173,10,59,1548,21.437273,40.512714,1.0,1,0.0,0,0,3,14,1213,173.0,0,6,0.0,0,0.0,Houthi extremists (Ansar Allah)
46671,0,92,6,129,871,21.38345,84.264752,1.0,0,0.0,1,0,2,3,1397,92.0,0,5,1.0,0,0.0,Communist Party of India - Maoist (CPI-Maoist)
71077,0,123,11,294,2363,14.45559,-4.917994,1.0,0,0.0,1,0,2,11,3102,123.0,0,5,0.0,0,0.0,Muslim extremists
16506,0,43,3,271,2106,-33.366238,-70.505302,1.0,0,0.0,1,0,3,14,2762,43.0,0,6,1.0,1,0.0,Manuel Rodriguez Patriotic Front (FPMR)
57540,0,228,10,53,314,15.325443,44.211895,1.0,0,0.0,1,0,2,1,661,35.0,0,5,1.0,0,0.0,Al-Qaida in the Arabian Peninsula (AQAP)
18835,0,185,8,86,509,43.258434,-2.921819,1.0,0,0.0,0,0,3,3,1078,185.0,0,6,0.0,1,0.0,Basque Fatherland and Freedom (ETA)
55437,0,95,10,33,247,33.303566,44.371773,1.0,0,0.0,1,0,2,1,3086,95.0,0,5,12.0,0,0.0,Muslim extremists
40882,0,92,6,291,2396,33.00581,75.210876,1.0,0,0.0,1,0,2,4,3055,92.0,0,5,1.0,0,0.0,Muslim extremists
2261,0,603,8,190,1608,54.446614,-6.690752,1.0,0,0.0,1,0,1,4,2054,233.0,0,5,1.0,0,0.0,Irish Republican Army (IRA)
83349,0,228,10,53,314,15.325443,44.211895,1.0,0,0.0,1,0,3,14,2018,228.0,0,6,0.0,1,0.0,Houthi extremists (Ansar Allah)
10411,0,61,2,150,1235,14.135781,-89.029769,1.0,0,0.0,1,0,1,14,1854,61.0,0,5,1.0,0,0.0,Farabundo Marti National Liberation Front (FMLN)
24747,0,92,6,337,3413,31.8186,75.2028,1.0,0,0.0,1,0,2,14,4248,92.0,0,5,4.0,1,0.0,Sikh Extremists
22861,0,159,3,277,2118,-11.967368,-76.978462,1.0,0,1.0,1,0,3,1,4812,159.0,0,6,0.0,1,0.0,Tupac Amaru Revolutionary Movement (MRTA)
24146,0,45,3,359,2524,8.43557,-73.28742,1.0,0,0.0,1,0,3,21,3249,45.0,0,6,0.0,1,0.0,National Liberation Army of Colombia (ELN)
42199,0,95,10,33,247,33.303566,44.371773,1.0,0,0.0,1,0,1,2,585,95.0,0,5,3.0,-9,0.0,Al-Qaida in Iraq
28913,0,61,2,152,1217,13.502357,-88.923425,1.0,0,1.0,1,0,3,21,1829,61.0,0,6,0.0,1,0.0,Farabundo Marti National Liberation Front (FMLN)
43340,0,186,6,215,1979,6.875271,81.830633,1.0,0,0.0,1,0,2,3,2512,186.0,0,5,1.0,0,0.0,Liberation Tigers of Tamil Eelam (LTTE)
48302,0,182,11,68,404,2.059819,45.326115,1.0,0,1.0,1,0,2,17,870,182.0,0,5,6.0,0,0.0,Al-Shabaab
76294,0,228,10,55,370,14.327928,44.90665,3.0,0,0.0,1,0,3,20,6,228.0,0,6,2.0,0,0.0,Houthi extremists (Ansar Allah)
34487,0,186,6,215,1979,6.875271,81.830633,1.0,0,0.0,0,0,2,3,2577,186.0,0,5,3.0,1,0.0,Liberation Tigers of Tamil Eelam (LTTE)
44719,0,95,10,34,282,33.693947,45.067425,1.0,1,0.0,1,0,3,19,556,95.0,0,6,6.0,0,0.0,Al-Qaida in Iraq
6247,0,183,11,27,24,-29.601439,30.376695,4.0,0,0.0,1,0,2,1,321,183.0,0,5,0.0,1,0.0,African National Congress (South Africa)
65590,0,228,10,56,24,14.802222,42.951111,4.0,0,0.0,1,0,2,14,1970,228.0,0,5,0.0,0,0.0,Houthi extremists (Ansar Allah)
54128,0,95,10,36,262,34.881348,44.62513,1.0,0,1.0,1,0,3,3,12,95.0,0,6,0.0,-9,0.0,Al-Qaida in Iraq
12282,0,159,3,277,2118,-11.967368,-76.978462,1.0,0,0.0,1,0,5,10,4817,159.0,0,5,0.0,1,1.0,Tupac Amaru Revolutionary Movement (MRTA)
14949,0,159,3,277,2118,-11.967368,-76.978462,1.0,0,0.0,1,0,3,2,4826,159.0,0,6,1.0,1,0.0,Tupac Amaru Revolutionary Movement (MRTA)
49422,0,45,3,359,2536,8.04928,-73.0855,1.0,1,0.0,1,0,3,21,3905,45.0,0,6,0.0,1,0.0,Revolutionary Armed Forces of Colombia (FARC)
56727,0,182,11,68,404,2.059819,45.326115,1.0,0,1.0,1,0,3,2,828,182.0,0,6,0.0,-9,0.0,Al-Shabaab
27196,0,159,3,277,2118,-11.967368,-76.978462,1.0,0,0.0,1,0,2,10,4853,159.0,0,5,0.0,1,0.0,Tupac Amaru Revolutionary Movement (MRTA)
6180,0,155,10,456,3054,31.530243,35.094162,1.0,0,0.0,1,0,3,15,3645,97.0,0,6,0.0,1,0.0,Palestinians
61441,0,214,9,145,1068,47.981647,37.762325,1.0,0,0.0,1,0,2,4,1700,214.0,0,6,0.0,-9,0.0,Donetsk People's Republic
16082,0,43,3,271,2106,-33.366238,-70.505302,1.0,0,0.0,1,0,3,14,1065,43.0,0,6,0.0,1,0.0,Manuel Rodriguez Patriotic Front (FPMR)
23893,0,160,5,392,2737,13.5926,122.3215,1.0,0,0.0,1,0,2,4,3413,160.0,0,5,0.0,1,0.0,New People's Army (NPA)
68452,0,214,9,145,1072,48.092945,37.609921,1.0,0,0.0,1,0,3,14,27,214.0,0,6,0.0,-9,0.0,Donetsk People's Republic
49165,0,153,6,427,3737,34.565494,71.477429,3.0,0,0.0,1,0,3,8,4694,153.0,0,6,0.0,1,0.0,Tehrik-i-Taliban Pakistan (TTP)
30707,0,186,6,263,2016,8.345185,80.388133,1.0,1,0.0,1,0,2,4,167,186.0,0,5,40.0,1,0.0,Liberation Tigers of Tamil Eelam (LTTE)
19363,0,603,8,190,1607,54.347539,-6.656108,1.0,0,0.0,1,0,3,15,2163,233.0,0,6,0.0,1,0.0,Irish Republican Army (IRA)
40090,0,45,3,364,3158,10.47692,-73.25049,1.0,0,0.0,1,0,3,2,3944,45.0,0,6,0.0,1,0.0,Revolutionary Armed Forces of Colombia (FARC)
75847,0,153,6,332,2428,30.200819,66.994354,1.0,0,1.0,1,0,1,1,4637,153.0,0,5,1.0,0,0.0,Tehrik-i-Taliban Pakistan (TTP)
19640,0,159,3,477,3315,-13.597387,-74.154865,1.0,0,0.0,1,0,1,4,4108,159.0,0,5,2.0,0,0.0,Shining Path (SL)
30692,0,92,6,291,971,34.08374,74.789902,1.0,0,0.0,1,0,1,3,1124,92.0,0,5,1.0,0,0.0,Sikh Extremists
25442,0,209,10,223,1899,37.577039,43.736096,3.0,0,0.0,1,0,2,4,562,209.0,0,5,1.0,1,0.0,Kurdistan Workers' Party (PKK)
65663,0,92,6,133,861,20.184871,79.994796,3.0,0,0.0,1,0,2,14,2932,92.0,0,9,1.0,1,0.0,Maoists
12094,0,145,2,436,2853,13.45396,-85.64027,1.0,0,0.0,1,0,2,4,1762,145.0,0,5,0.0,1,0.0,Nicaraguan Democratic Force (FDN)
11866,0,159,3,477,3284,-13.152712,-74.218628,1.0,0,0.0,1,0,3,21,1899,159.0,0,6,1.0,1,0.0,Shining Path (SL)
6598,0,97,10,458,3043,31.771599,35.2034,1.0,0,0.0,1,0,7,19,1153,97.0,0,8,1.0,1,0.0,Palestinians
19136,0,183,11,19,136,-26.184113,28.033232,1.0,0,0.0,1,0,3,2,324,183.0,0,6,0.0,1,0.0,African National Congress (South Africa)
39353,1,45,3,372,2520,5.449497,-74.667911,3.0,0,0.0,1,0,6,14,3182,75.0,0,5,0.0,0,1.0,National Liberation Army of Colombia (ELN)
15787,0,159,3,277,2118,-11.967368,-76.978462,1.0,0,1.0,1,0,3,14,4785,159.0,0,6,0.0,1,0.0,Tupac Amaru Revolutionary Movement (MRTA)
14399,1,145,2,450,2884,11.695904,-84.446147,1.0,0,0.0,1,0,2,2,3533,145.0,0,5,4.0,1,1.0,Nicaraguan Democratic Force (FDN)
33508,0,45,3,363,2492,4.667128,-74.106056,1.0,0,0.0,1,0,2,3,3252,45.0,0,6,0.0,1,0.0,National Liberation Army of Colombia (ELN)
48806,0,45,3,362,3168,7.001284,-76.266,1.0,1,0.0,0,0,3,4,3964,45.0,0,6,0.0,0,0.0,Revolutionary Armed Forces of Colombia (FARC)
51149,0,95,10,34,249,33.74324,44.623825,1.0,0,1.0,1,0,3,3,92,95.0,0,6,1.0,-9,0.0,Al-Qaida in Iraq
50575,0,160,5,1,2,6.066693,121.100042,1.0,0,0.0,1,0,3,19,2,160.0,0,6,0.0,1,0.0,Abu Sayyaf Group (ASG)
56236,0,95,10,42,295,33.057991,44.354839,1.0,0,1.0,1,0,3,14,13,95.0,0,6,3.0,0,0.0,Islamic State of Iraq and the Levant (ISIL)
38496,1,59,3,471,3164,-0.879091,-76.085601,4.0,0,0.0,1,0,6,1,3884,999.0,0,5,0.0,0,1.0,Revolutionary Armed Forces of Colombia (FARC)
59027,0,97,10,262,2417,31.670149,34.575153,1.0,0,1.0,0,0,3,20,6,97.0,0,6,0.0,0,0.0,Muslim extremists
76247,0,160,5,5,23,7.083241,125.600998,1.0,0,0.0,1,0,3,8,1268,160.0,0,6,15.0,1,0.0,Islamic State of Iraq and the Levant (ISIL)
49493,0,45,3,376,3223,3.05,-76.416667,1.0,0,0.0,1,0,3,14,3962,45.0,0,6,0.0,1,0.0,Revolutionary Armed Forces of Colombia (FARC)
21658,0,43,3,271,2106,-33.366238,-70.505302,1.0,0,0.0,1,0,3,21,1761,43.0,0,6,0.0,1,0.0,Manuel Rodriguez Patriotic Front (FPMR)
9576,0,69,8,135,1031,41.785303,8.980413,1.0,0,0.0,1,0,3,1,1591,69.0,0,6,1.0,1,0.0,Corsican National Liberation Front (FLNC)
29702,0,159,3,277,2118,-11.967368,-76.978462,1.0,0,0.0,1,0,1,14,4088,159.0,0,5,1.0,0,0.0,Shining Path (SL)
31283,0,183,11,20,201,-32.949255,27.734962,1.0,0,0.0,1,0,2,1,401,183.0,0,5,1.0,1,0.0,African National Congress (South Africa)
41270,0,45,3,370,3200,6.099066,-72.247791,1.0,0,0.0,1,0,3,14,3932,45.0,0,6,0.0,1,0.0,Revolutionary Armed Forces of Colombia (FARC)
46746,0,45,3,381,3241,3.7246,-75.4841,3.0,0,0.0,0,0,1,2,3987,45.0,0,6,0.0,1,0.0,Revolutionary Armed Forces of Colombia (FARC)
58654,0,153,6,468,3130,24.891115,67.143311,1.0,0,0.0,0,0,3,22,4570,153.0,0,6,0.0,0,0.0,Tehrik-i-Taliban Pakistan (TTP)
74957,0,92,6,130,820,19.758767,83.19422,2.0,0,1.0,1,0,6,1,1341,92.0,0,8,0.0,1,1.0,Communist Party of India - Maoist (CPI-Maoist)
65655,0,228,10,53,314,15.325443,44.211895,1.0,0,0.0,1,0,3,22,650,228.0,0,6,0.0,-9,0.0,Al-Qaida in the Arabian Peninsula (AQAP)
68059,0,228,10,51,357,15.45639,45.324871,1.0,0,0.0,1,0,3,14,1976,228.0,0,6,1.0,-9,0.0,Houthi extremists (Ansar Allah)
53361,0,228,10,50,323,15.840202,48.45438,1.0,0,0.0,1,0,3,2,56,228.0,0,6,3.0,0,0.0,Al-Qaida in the Arabian Peninsula (AQAP)
63833,0,45,3,361,24,1.637898,-77.745208,4.0,0,0.0,1,0,3,21,3929,45.0,0,6,0.0,1,0.0,Revolutionary Armed Forces of Colombia (FARC)
6846,0,185,8,86,515,43.291618,-1.977903,1.0,0,0.0,1,0,2,3,1121,185.0,0,5,0.0,1,0.0,Basque Fatherland and Freedom (ETA)
13770,0,69,8,135,24,41.919593,8.737687,4.0,0,1.0,1,0,3,1,1555,69.0,0,6,0.0,1,0.0,Corsican National Liberation Front (FLNC)
36307,0,159,3,536,3858,-12.050981,-77.125985,1.0,0,0.0,1,0,6,14,4835,159.0,0,5,0.0,0,1.0,Tupac Amaru Revolutionary Movement (MRTA)
47518,0,160,5,0,5,6.645308,122.10184,1.0,0,0.0,0,0,1,2,5,160.0,0,6,0.0,1,0.0,Abu Sayyaf Group (ASG)
12186,0,92,6,337,3418,31.633078,74.878288,1.0,0,0.0,1,0,1,15,4369,92.0,0,5,1.0,0,0.0,Sikh Extremists
5906,0,45,3,377,3156,3.99759,-74.4995,2.0,0,0.0,1,0,6,14,205,45.0,0,5,7.0,1,1.0,Revolutionary Armed Forces of Colombia (FARC)
68296,0,228,10,51,1573,15.055278,45.156667,1.0,0,0.0,0,0,2,14,1291,228.0,0,5,11.0,0,0.0,Houthi extremists (Ansar Allah)
29711,0,159,3,277,2118,-11.967368,-76.978462,1.0,0,0.0,1,0,1,3,4095,159.0,0,5,1.0,0,0.0,Shining Path (SL)
31640,0,603,8,190,1603,54.607712,-5.95621,1.0,0,1.0,1,0,2,14,2065,233.0,0,5,0.0,0,0.0,Irish Republican Army (IRA)
56721,1,153,6,427,682,33.915234,71.458679,1.0,1,0.0,1,0,6,17,172,153.0,0,9,3.0,0,1.0,Tehrik-i-Taliban Pakistan (TTP)
42221,0,69,8,135,1014,41.591369,9.278311,1.0,0,1.0,1,0,3,14,1593,69.0,0,6,0.0,1,0.0,Corsican National Liberation Front (FLNC)
59986,0,228,10,53,314,15.325443,44.211895,1.0,0,0.0,1,0,3,4,56,228.0,0,6,0.0,1,0.0,Al-Qaida in the Arabian Peninsula (AQAP)
30886,0,186,6,215,2017,9.697894,79.860483,1.0,0,0.0,1,0,3,4,2528,186.0,0,6,10.0,1,0.0,Liberation Tigers of Tamil Eelam (LTTE)
5293,0,69,8,140,1013,41.930607,8.742907,1.0,0,0.0,1,0,3,20,1176,69.0,0,6,0.0,1,0.0,Corsican National Liberation Front (FLNC)
9526,0,159,3,483,3321,-9.475874,-78.305075,1.0,0,0.0,1,0,7,1,765,159.0,0,5,0.0,1,0.0,Shining Path (SL)
67324,0,214,9,145,1069,47.098835,37.81987,1.0,1,1.0,1,0,2,4,48,214.0,0,6,0.0,-9,0.0,Donetsk People's Republic
80176,0,19,6,338,2440,24.687497,90.597914,1.0,0,0.0,1,0,2,15,3091,19.0,0,9,0.0,0,0.0,Muslim extremists
16578,0,159,3,477,3284,-13.152712,-74.218628,1.0,0,0.0,1,0,1,2,4129,159.0,0,5,3.0,0,0.0,Shining Path (SL)
83615,0,147,11,108,695,11.696901,13.071678,2.0,0,0.0,1,1,3,14,486,147.0,0,6,4.0,-9,0.0,Boko Haram
52190,1,209,10,232,1851,38.426625,40.670188,3.0,0,0.0,1,0,6,4,497,209.0,0,5,1.0,0,1.0,Kurdistan Workers' Party (PKK)
65089,0,214,9,145,1109,47.827862,37.652819,1.0,0,1.0,1,0,3,14,205,214.0,0,6,0.0,-9,0.0,Donetsk People's Republic
16747,0,160,5,5,23,7.083241,125.600998,1.0,0,0.0,1,0,3,3,431,160.0,0,6,0.0,1,0.0,New People's Army (NPA)
12272,0,92,6,337,24,31.147131,75.341218,4.0,0,0.0,1,0,1,4,4257,92.0,0,10,2.0,0,0.0,Sikh Extremists
51444,0,4,6,516,3586,35.409873,71.338644,3.0,0,0.0,1,0,7,2,4636,4.0,0,8,0.0,1,0.0,Tehrik-i-Taliban Pakistan (TTP)
37037,0,45,3,362,3168,7.00063,-76.26572,1.0,0,0.0,1,0,3,14,3889,45.0,0,6,6.0,1,0.0,Revolutionary Armed Forces of Colombia (FARC)
56080,0,92,6,125,2288,25.051842,86.190081,1.0,0,0.0,1,0,3,3,167,92.0,0,6,0.0,1,0.0,Maoists
68608,0,160,5,386,2672,8.058913,125.861375,1.0,0,0.0,1,0,3,4,12,160.0,0,6,0.0,0,0.0,New People's Army (NPA)
14512,0,145,2,440,2968,12.38105,-84.953908,3.0,1,0.0,1,0,2,4,562,145.0,0,5,0.0,1,0.0,Nicaraguan Democratic Force (FDN)
3861,0,97,10,458,3043,31.771599,35.2034,1.0,0,0.0,1,0,3,19,1153,97.0,0,6,2.0,1,0.0,Palestinians
26221,0,61,2,149,1150,13.69288,-89.199161,1.0,0,1.0,1,0,3,21,1864,61.0,0,6,0.0,1,0.0,Farabundo Marti National Liberation Front (FMLN)
81146,0,95,10,36,1736,35.415855,43.114769,1.0,0,0.0,1,0,3,14,27,95.0,0,6,3.0,-9,0.0,Islamic State of Iraq and the Levant (ISIL)
82540,0,4,6,531,3639,34.990963,68.735114,2.0,0,1.0,1,0,2,3,1981,4.0,0,6,3.0,-9,0.0,Taliban
65238,0,214,9,145,1073,48.064426,37.673248,1.0,0,1.0,1,0,3,4,48,214.0,0,6,1.0,-9,0.0,Donetsk People's Republic
28693,0,61,2,150,1171,13.938518,-88.901366,1.0,0,1.0,1,0,3,21,1777,61.0,0,6,0.0,1,0.0,Farabundo Marti National Liberation Front (FMLN)
74188,0,153,6,332,2428,30.200819,66.994354,1.0,0,0.0,1,0,3,3,559,153.0,0,6,0.0,1,0.0,Tehrik-i-Taliban Pakistan (TTP)
71501,0,209,10,232,1836,38.059761,40.388604,3.0,0,0.0,1,0,3,2,2400,209.0,0,6,0.0,0,0.0,Kurdistan Workers' Party (PKK)
50195,0,92,6,130,870,21.63869,85.606944,1.0,0,0.0,1,0,3,4,641,92.0,0,6,0.0,1,0.0,Communist Party of India - Maoist (CPI-Maoist)
45000,0,186,6,215,1969,7.733107,81.68882,1.0,0,0.0,1,0,2,22,2482,186.0,0,5,2.0,0,0.0,Liberation Tigers of Tamil Eelam (LTTE)
32096,0,45,3,359,2519,7.894195,-72.503885,1.0,0,1.0,0,0,3,20,3194,45.0,0,6,0.0,1,0.0,National Liberation Army of Colombia (ELN)
28399,0,603,8,190,1622,54.183052,-6.341388,1.0,0,0.0,0,0,3,3,559,233.0,0,6,0.0,1,0.0,Irish Republican Army (IRA)
16986,0,603,8,190,1603,54.607712,-5.95621,1.0,0,0.0,1,0,3,14,2186,233.0,0,6,0.0,1,0.0,Irish Republican Army (IRA)
18651,0,61,2,155,1188,13.876111,-89.359722,1.0,0,0.0,1,0,2,4,1793,61.0,0,5,0.0,1,0.0,Farabundo Marti National Liberation Front (FMLN)
63795,0,160,5,408,2742,13.076936,123.701406,1.0,0,0.0,1,0,2,4,3418,160.0,0,5,2.0,1,0.0,New People's Army (NPA)
56059,0,160,5,357,2692,6.95,125.05,1.0,0,0.0,1,0,3,4,3416,160.0,0,6,0.0,1,0.0,New People's Army (NPA)
66555,1,4,6,525,3577,33.239717,65.45986,3.0,0,0.0,1,0,6,14,4458,4.0,0,5,0.0,0,1.0,Taliban
18030,0,159,3,277,2118,-11.967368,-76.978462,1.0,0,0.0,1,0,3,1,4802,159.0,0,6,0.0,1,0.0,Tupac Amaru Revolutionary Movement (MRTA)
69146,0,113,10,303,2373,32.069286,20.151144,1.0,0,0.0,1,1,3,4,48,113.0,0,6,4.0,0,0.0,Muslim extremists
25903,0,155,10,456,3096,31.626705,35.104969,1.0,0,0.0,1,0,1,14,3756,155.0,0,5,1.0,0,0.0,Palestinians
5275,0,185,8,86,515,43.291618,-1.977903,1.0,0,0.0,1,0,3,14,992,185.0,0,6,0.0,1,0.0,Basque Fatherland and Freedom (ETA)
51701,0,95,10,38,250,35.45211,44.375465,1.0,0,1.0,1,0,3,3,85,95.0,0,6,2.0,-9,0.0,Al-Qaida in Iraq
47964,0,92,6,132,900,17.753365,81.374123,1.0,0,0.0,1,0,2,14,1431,92.0,0,5,1.0,-9,0.0,Communist Party of India - Maoist (CPI-Maoist)
14642,0,43,3,272,2110,-36.816006,-73.037659,1.0,0,0.0,1,0,3,19,2774,43.0,0,6,0.0,1,0.0,Manuel Rodriguez Patriotic Front (FPMR)
5215,0,69,8,136,131,48.856644,2.34233,1.0,0,0.0,1,0,3,1,1562,69.0,0,6,0.0,1,0.0,Corsican National Liberation Front (FLNC)
73125,0,228,10,48,309,12.825647,44.846416,1.0,0,0.0,1,0,3,14,559,228.0,0,6,2.0,1,0.0,Houthi extremists (Ansar Allah)
61285,0,147,11,169,1375,7.853282,10.963859,3.0,0,1.0,1,0,2,14,27,147.0,0,5,7.0,1,0.0,Fulani extremists
13775,0,69,8,135,24,41.919593,8.737687,4.0,0,1.0,1,0,3,1,1555,69.0,0,6,0.0,1,0.0,Corsican National Liberation Front (FLNC)
12233,0,137,11,22,145,-26.199643,32.138373,1.0,0,0.0,1,0,2,19,280,197.0,0,5,0.0,1,0.0,African National Congress (South Africa)
76991,0,113,10,306,2377,32.867867,13.189067,1.0,0,0.0,0,0,2,2,219,113.0,0,5,0.0,0,0.0,Muslim extremists
9235,0,61,2,151,1164,13.491242,-88.173134,1.0,0,0.0,1,0,3,16,1810,61.0,0,6,1.0,1,0.0,Farabundo Marti National Liberation Front (FMLN)
52674,0,95,10,36,262,34.881348,44.62513,1.0,0,1.0,1,0,3,14,13,95.0,0,6,0.0,-9,0.0,Al-Qaida in Iraq
42496,0,102,10,43,266,31.950001,35.933331,1.0,0,1.0,1,1,3,1,537,102.0,0,6,21.0,1,0.0,Al-Qaida in Iraq
62723,0,214,9,145,1068,47.981647,37.762325,1.0,0,0.0,1,0,3,4,1700,214.0,0,6,0.0,1,0.0,Donetsk People's Republic
53607,1,92,6,130,863,18.363526,81.895253,2.0,0,0.0,1,0,6,14,1385,92.0,0,5,1.0,0,1.0,Communist Party of India - Maoist (CPI-Maoist)
16908,0,185,8,86,580,43.1839,-2.265466,1.0,0,0.0,0,0,3,1,1098,69.0,0,6,0.0,0,0.0,Basque Fatherland and Freedom (ETA)
22135,0,97,10,458,3043,31.771599,35.2034,1.0,0,0.0,1,0,3,14,3632,97.0,0,6,1.0,1,0.0,Palestinians
5857,0,97,10,458,3043,31.771599,35.2034,1.0,0,0.0,1,0,3,19,56,97.0,0,6,0.0,1,0.0,Palestinians
5564,0,97,10,460,3089,32.08297,34.811886,1.0,0,0.0,1,0,3,3,3742,97.0,0,6,1.0,1,0.0,Palestinians
4692,0,97,10,458,3043,31.771599,35.2034,1.0,0,0.0,1,0,3,14,3638,97.0,0,6,1.0,1,0.0,Palestinians
7205,0,97,10,262,2417,31.670221,34.576403,2.0,1,0.0,1,0,3,4,3718,97.0,0,6,0.0,0,0.0,Palestinians
74750,0,95,10,32,1779,33.255924,43.839542,1.0,0,0.0,1,1,3,4,0,95.0,0,6,38.0,-9,0.0,Islamic State of Iraq and the Levant (ISIL)
58471,0,182,11,68,404,2.059819,45.326115,1.0,0,0.0,0,0,1,2,872,182.0,0,6,0.0,1,0.0,Al-Shabaab
78673,0,160,5,0,5,6.660501,122.138992,1.0,0,1.0,1,0,3,20,6,160.0,0,6,0.0,1,0.0,Abu Sayyaf Group (ASG)
79423,0,147,11,177,1434,6.492222,5.884444,2.0,0,0.0,1,0,1,2,1940,147.0,0,5,1.0,0,0.0,Fulani extremists
14570,0,43,3,273,2111,-34.170331,-70.740822,1.0,0,0.0,1,0,3,4,2757,43.0,0,6,0.0,0,0.0,Manuel Rodriguez Patriotic Front (FPMR)
11961,0,145,2,439,2972,13.4138,-86.6111,1.0,0,0.0,1,0,2,14,3584,145.0,0,5,0.0,1,0.0,Nicaraguan Democratic Force (FDN)
36893,0,185,8,86,512,42.84964,-2.692359,1.0,0,0.0,1,0,2,4,1028,185.0,0,5,1.0,-9,0.0,Basque Fatherland and Freedom (ETA)
20592,0,185,8,86,512,42.84964,-2.692359,1.0,0,0.0,1,0,3,1,947,185.0,0,6,0.0,1,0.0,Basque Fatherland and Freedom (ETA)
76207,0,182,11,68,404,2.059819,45.326115,1.0,0,0.0,1,1,3,1,587,182.0,0,6,23.0,1,0.0,Al-Shabaab
24386,0,43,3,271,2106,-33.366238,-70.505302,1.0,0,0.0,1,0,3,4,2772,43.0,0,6,0.0,1,0.0,Manuel Rodriguez Patriotic Front (FPMR)
66835,0,214,9,145,1070,48.363186,37.891922,1.0,1,0.0,1,0,2,4,48,214.0,0,5,0.0,-9,0.0,Donetsk People's Republic
53209,0,95,10,38,283,34.003712,44.395378,1.0,0,1.0,1,0,3,14,13,95.0,0,6,0.0,0,0.0,Al-Qaida in Iraq
34485,0,209,10,249,1881,36.204751,36.165597,1.0,0,0.0,1,0,2,14,27,209.0,0,5,9.0,1,0.0,Kurdistan Workers' Party (PKK)
8933,0,185,8,94,531,42.815372,-1.653616,1.0,0,0.0,1,0,3,2,1041,185.0,0,6,1.0,1,0.0,Basque Fatherland and Freedom (ETA)
53772,0,95,10,36,257,33.540672,44.251266,1.0,0,0.0,1,1,3,4,577,95.0,0,6,29.0,1,0.0,Al-Qaida in Iraq
17443,0,159,3,277,2118,-11.967368,-76.978462,1.0,0,0.0,1,0,3,1,765,159.0,0,6,0.0,1,0.0,Tupac Amaru Revolutionary Movement (MRTA)
5099,0,69,8,140,1045,41.387174,9.159269,1.0,0,0.0,1,0,3,20,1619,69.0,0,6,0.0,1,0.0,Corsican National Liberation Front (FLNC)
75320,0,228,10,51,357,15.45639,45.324871,1.0,0,1.0,1,0,3,14,925,228.0,0,6,7.0,-9,0.0,Houthi extremists (Ansar Allah)
16782,0,159,3,277,2118,-11.967368,-76.978462,1.0,0,0.0,1,0,3,1,4859,217.0,0,6,0.0,1,0.0,Tupac Amaru Revolutionary Movement (MRTA)
65376,0,113,10,289,2351,30.491793,18.547119,1.0,0,0.0,1,0,3,14,1730,113.0,0,6,0.0,1,0.0,Muslim extremists
62870,0,228,10,53,314,15.325443,44.211895,1.0,0,0.0,1,0,3,2,1975,228.0,0,6,0.0,-9,0.0,Houthi extremists (Ansar Allah)
64301,0,182,11,68,404,2.059819,45.326115,1.0,0,0.0,1,1,3,7,162,422.0,0,6,4.0,1,0.0,Al-Shabaab
49690,0,45,3,376,3211,2.358296,-75.687919,1.0,0,0.0,1,0,7,1,3937,45.0,0,8,0.0,1,0.0,Revolutionary Armed Forces of Colombia (FARC)
27446,0,159,3,475,2110,-11.918478,-75.312889,1.0,0,0.0,1,0,1,3,4054,159.0,0,5,3.0,0,0.0,Shining Path (SL)
12822,0,145,2,436,2963,13.130707,-85.971684,2.0,1,0.0,1,0,2,4,1885,145.0,0,5,4.0,1,0.0,Nicaraguan Democratic Force (FDN)
63383,0,45,3,469,3210,2.11317,-74.76918,1.0,0,0.0,1,0,2,4,3953,45.0,0,5,1.0,0,0.0,Revolutionary Armed Forces of Colombia (FARC)
21848,0,186,6,261,2019,8.738157,80.477147,3.0,0,0.0,1,0,2,4,562,92.0,0,5,28.0,1,0.0,Liberation Tigers of Tamil Eelam (LTTE)
53676,0,147,11,110,613,11.704399,11.088539,1.0,0,1.0,1,0,7,8,51,147.0,0,8,0.0,1,0.0,Boko Haram
16965,0,603,8,190,1603,54.607712,-5.95621,1.0,0,0.0,1,0,1,14,2095,233.0,0,5,2.0,0,0.0,Irish Republican Army (IRA)
22217,0,185,8,86,24,43.003305,-2.612578,4.0,0,1.0,1,0,7,1,765,185.0,0,8,0.0,1,0.0,Basque Fatherland and Freedom (ETA)
76195,0,92,6,126,2255,24.210278,84.655278,2.0,1,0.0,0,0,3,20,6,92.0,0,6,0.0,0,0.0,Maoists
22823,0,61,2,149,1150,13.69288,-89.199161,1.0,0,0.0,1,0,2,19,56,61.0,0,5,1.0,1,0.0,Farabundo Marti National Liberation Front (FMLN)
61476,0,182,11,68,404,2.059819,45.326115,1.0,0,0.0,1,0,6,14,814,182.0,0,5,1.0,-9,1.0,Al-Shabaab
52679,0,95,10,36,275,34.010471,44.148235,1.0,0,1.0,1,0,3,14,554,95.0,0,6,0.0,0,0.0,Al-Qaida in Iraq
40080,0,45,3,362,3191,6.05703,-75.18513,1.0,0,0.0,1,0,3,3,3918,45.0,0,6,0.0,-9,0.0,Revolutionary Armed Forces of Colombia (FARC)
66558,0,214,9,145,1069,47.098835,37.81987,1.0,0,0.0,1,0,2,14,205,214.0,0,6,1.0,0,0.0,Donetsk People's Republic
15890,0,183,11,19,136,-26.184113,28.033232,1.0,0,0.0,1,0,3,19,356,183.0,0,6,0.0,1,0.0,African National Congress (South Africa)
66007,0,228,10,182,1544,15.316891,44.474802,4.0,0,0.0,1,0,3,4,1989,228.0,0,6,10.0,1,0.0,Houthi extremists (Ansar Allah)
55952,0,60,10,290,2361,31.126646,33.800865,1.0,1,1.0,1,0,3,6,355,60.0,0,6,1.0,0,0.0,Muslim extremists
4859,0,21,8,196,1655,50.836426,4.367415,1.0,0,0.0,1,0,1,1,2171,21.0,0,5,1.0,0,0.0,Irish Republican Army (IRA)
36060,0,186,6,263,2034,7.946435,81.247846,1.0,0,0.0,1,0,3,20,6,186.0,0,6,6.0,1,0.0,Liberation Tigers of Tamil Eelam (LTTE)
28199,0,61,2,147,1156,13.883333,-88.966667,1.0,0,0.0,1,0,2,4,562,61.0,0,5,11.0,1,0.0,Farabundo Marti National Liberation Front (FMLN)
3294,0,185,8,88,509,43.258434,-2.921819,1.0,0,0.0,1,0,2,14,559,185.0,0,8,0.0,1,0.0,Basque Fatherland and Freedom (ETA)
78527,0,95,10,37,254,36.354145,43.14357,1.0,0,0.0,1,0,2,14,13,95.0,0,5,3.0,0,0.0,Islamic State of Iraq and the Levant (ISIL)
79029,0,95,10,37,254,36.354145,43.14357,1.0,0,0.0,1,0,3,14,486,95.0,0,6,3.0,-9,0.0,Islamic State of Iraq and the Levant (ISIL)
67175,0,147,11,166,1335,7.908288,8.793912,2.0,0,1.0,1,0,2,14,27,147.0,0,5,3.0,0,0.0,Fulani extremists
61923,0,160,5,394,2675,7.837468,125.611574,2.0,0,0.0,1,0,3,4,3358,160.0,0,6,2.0,0,0.0,New People's Army (NPA)
73256,0,182,11,70,407,-0.357847,42.54665,1.0,0,0.0,1,0,3,14,818,182.0,0,6,0.0,1,0.0,Al-Shabaab
20645,0,92,6,337,3405,30.898024,75.860077,1.0,0,0.0,1,0,2,14,4344,92.0,0,5,16.0,0,0.0,Sikh Extremists
14809,0,43,3,271,2106,-33.366238,-70.505302,1.0,0,1.0,1,0,3,1,2703,43.0,0,6,0.0,1,0.0,Manuel Rodriguez Patriotic Front (FPMR)
77549,0,60,10,290,2352,31.212225,34.117065,1.0,1,0.0,0,0,3,20,6,60.0,0,6,0.0,0,0.0,Muslim extremists
72882,0,92,6,125,887,24.871401,86.206094,2.0,0,0.0,1,0,7,16,1419,92.0,0,8,0.0,1,0.0,Communist Party of India - Maoist (CPI-Maoist)
49696,0,147,11,108,702,11.151905,12.758704,1.0,0,1.0,1,0,2,3,576,147.0,0,6,6.0,1,0.0,Boko Haram
45594,0,182,11,68,404,2.059819,45.326115,1.0,0,0.0,1,0,3,2,846,182.0,0,6,20.0,1,0.0,Al-Shabaab
76664,0,153,6,427,3789,34.711784,71.171524,1.0,0,1.0,0,0,2,4,2901,153.0,0,5,0.0,0,0.0,Tehrik-i-Taliban Pakistan (TTP)
52566,0,92,6,130,815,20.7167,83.4833,2.0,0,0.0,1,0,2,14,1334,92.0,0,9,1.0,0,0.0,Communist Party of India - Maoist (CPI-Maoist)
48849,0,95,10,33,247,33.303566,44.371773,1.0,0,1.0,1,0,3,1,496,95.0,0,6,1.0,1,0.0,Al-Qaida in Iraq
36138,0,186,6,215,2073,7.915712,81.521285,1.0,0,0.0,1,0,3,14,2607,186.0,0,6,2.0,1,0.0,Liberation Tigers of Tamil Eelam (LTTE)
41019,0,69,8,135,1016,42.699997,9.447317,1.0,0,1.0,1,0,3,2,1608,69.0,0,6,0.0,1,0.0,Corsican National Liberation Front (FLNC)
75743,0,147,11,112,1310,9.4336,8.352937,1.0,1,1.0,1,0,2,14,13,147.0,0,5,9.0,1,0.0,Fulani extremists
47831,0,153,6,427,3772,33.697271,71.144852,3.0,0,0.0,1,0,7,8,4627,153.0,0,8,0.0,1,0.0,Tehrik-i-Taliban Pakistan (TTP)
73945,0,228,10,54,1552,14.798351,45.719041,3.0,0,1.0,1,0,3,4,1981,228.0,0,6,0.0,0,0.0,Houthi extremists (Ansar Allah)
48617,0,4,6,506,3614,36.474539,66.951146,1.0,0,0.0,1,0,3,2,4483,4.0,0,6,0.0,0,0.0,Taliban
26537,0,45,3,469,3239,1.10091,-75.40091,1.0,0,0.0,1,0,2,4,562,45.0,0,5,1.0,1,0.0,Revolutionary Armed Forces of Colombia (FARC)
15358,0,43,3,271,2106,-33.366238,-70.505302,1.0,0,1.0,1,0,3,1,2701,43.0,0,6,0.0,1,0.0,Manuel Rodriguez Patriotic Front (FPMR)
15838,0,183,11,18,137,-29.861824,31.008293,1.0,1,0.0,1,0,3,21,353,183.0,0,6,0.0,1,0.0,African National Congress (South Africa)
49113,0,182,11,65,401,3.115641,43.64658,1.0,0,0.0,1,0,2,14,850,182.0,0,9,0.0,0,0.0,Al-Shabaab
22472,0,92,6,337,3418,31.633078,74.878288,1.0,1,0.0,1,0,2,3,562,92.0,0,5,1.0,1,0.0,Sikh Extremists
77903,0,95,10,37,254,36.354145,43.14357,1.0,0,1.0,1,0,3,14,925,95.0,0,6,4.0,-9,0.0,Islamic State of Iraq and the Levant (ISIL)
75518,0,147,11,118,1377,9.235087,9.716734,2.0,0,0.0,1,0,1,14,1929,147.0,0,5,3.0,1,0.0,Fulani extremists
41816,0,95,10,34,249,33.74324,44.623825,1.0,0,0.0,1,1,3,4,575,95.0,0,6,3.0,1,0.0,Al-Qaida in Iraq
18394,0,43,3,271,2106,-33.366238,-70.505302,1.0,0,0.0,1,0,3,21,1813,43.0,0,6,0.0,1,0.0,Manuel Rodriguez Patriotic Front (FPMR)
29986,0,209,10,207,1711,41.106178,28.689863,1.0,0,0.0,0,0,7,8,2414,209.0,0,8,0.0,1,0.0,Kurdistan Workers' Party (PKK)
79468,0,160,5,13,2712,7.730071,125.099395,1.0,0,0.0,0,0,2,4,48,160.0,0,5,0.0,0,0.0,New People's Army (NPA)
44328,0,160,5,8,28,7.209594,124.241966,1.0,0,0.0,0,0,3,14,6,160.0,0,6,0.0,0,0.0,Abu Sayyaf Group (ASG)
80077,1,160,5,1,19,6.055578,121.039629,1.0,0,0.0,1,0,6,2,45,160.0,0,5,0.0,0,1.0,Abu Sayyaf Group (ASG)
48487,0,209,10,223,24,37.445932,43.744984,4.0,0,0.0,1,0,2,15,2373,209.0,0,5,1.0,0,0.0,Kurdistan Workers' Party (PKK)
57701,0,92,6,130,2221,17.940918,81.531387,1.0,0,0.0,1,0,2,14,2916,92.0,0,5,1.0,0,0.0,Maoists
51017,0,182,11,68,404,2.059819,45.326115,1.0,0,0.0,1,1,3,2,888,182.0,0,6,16.0,1,0.0,Al-Shabaab
49519,1,92,6,127,866,18.340368,81.18164,1.0,1,0.0,1,0,2,4,1389,92.0,0,5,33.0,-9,1.0,Communist Party of India - Maoist (CPI-Maoist)
51138,0,95,10,34,251,33.100529,44.584492,1.0,0,1.0,1,0,3,3,85,95.0,0,6,0.0,0,0.0,Al-Qaida in Iraq
69214,0,209,10,227,1869,40.141942,43.11954,3.0,0,0.0,1,0,3,4,48,209.0,0,6,1.0,-9,0.0,Kurdistan Workers' Party (PKK)
11268,0,183,11,27,24,-29.601439,30.376695,4.0,1,0.0,1,0,3,4,399,183.0,0,6,0.0,1,0.0,African National Congress (South Africa)
15784,0,159,3,277,2118,-11.967368,-76.978462,1.0,0,1.0,1,0,3,14,4785,159.0,0,6,0.0,1,0.0,Tupac Amaru Revolutionary Movement (MRTA)
63208,1,147,11,118,1311,9.504524,8.704164,1.0,0,1.0,1,0,2,14,27,147.0,0,5,2.0,1,-9.0,Fulani extremists
78030,0,95,10,37,1741,36.434563,43.158421,1.0,0,0.0,1,1,3,4,48,95.0,0,6,19.0,1,0.0,Islamic State of Iraq and the Levant (ISIL)
53289,0,160,5,0,93,6.487222,121.978333,2.0,0,0.0,1,0,2,1,188,160.0,0,5,3.0,0,0.0,Abu Sayyaf Group (ASG)
30333,0,92,6,291,971,34.08374,74.789902,1.0,0,0.0,1,0,2,3,4241,92.0,0,5,3.0,1,0.0,Sikh Extremists
46766,0,92,6,128,885,22.585272,87.049698,1.0,0,0.0,1,0,3,3,1453,92.0,0,6,0.0,0,0.0,Communist Party of India - Maoist (CPI-Maoist)
46613,0,45,3,470,3190,0.49765,-76.49768,1.0,1,0.0,1,0,7,1,3917,45.0,0,8,0.0,1,0.0,Revolutionary Armed Forces of Colombia (FARC)
33468,0,209,10,255,1915,39.930771,32.76754,1.0,0,0.0,1,0,7,1,765,209.0,0,8,0.0,1,0.0,Kurdistan Workers' Party (PKK)
52158,0,160,5,408,2669,13.132009,123.89089,1.0,0,0.0,1,0,2,4,3352,160.0,0,5,1.0,0,0.0,New People's Army (NPA)
66315,0,228,10,48,309,12.825647,44.846416,1.0,0,0.0,0,1,3,20,6,228.0,0,6,0.0,0,0.0,Al-Qaida in the Arabian Peninsula (AQAP)
30876,0,155,10,325,1468,31.502407,34.459743,1.0,0,0.0,1,0,3,4,3005,97.0,0,6,0.0,1,0.0,Palestinians
18417,0,183,11,25,198,-34.040083,18.677805,1.0,0,0.0,1,0,1,3,275,183.0,0,5,3.0,0,0.0,African National Congress (South Africa)
81993,0,60,10,290,2354,31.250196,34.24128,1.0,0,0.0,1,0,3,4,559,60.0,0,6,1.0,1,0.0,Muslim extremists
35283,0,186,6,215,2058,7.821533,81.550106,1.0,1,0.0,1,0,2,4,2578,186.0,0,5,23.0,1,0.0,Liberation Tigers of Tamil Eelam (LTTE)
29482,0,92,6,337,3462,30.155434,76.195762,1.0,0,0.0,1,0,3,14,486,92.0,0,6,8.0,1,0.0,Sikh Extremists
36510,0,186,6,215,2026,8.941674,80.986695,1.0,1,0.0,1,0,3,11,2541,44.0,0,6,37.0,1,0.0,Liberation Tigers of Tamil Eelam (LTTE)
40925,0,45,3,469,3210,2.113188,-74.769206,1.0,0,0.0,1,0,3,2,3936,45.0,0,6,1.0,1,0.0,Revolutionary Armed Forces of Colombia (FARC)
17577,0,183,11,19,136,-26.184113,28.033232,1.0,0,0.0,1,0,3,1,279,183.0,0,6,0.0,1,0.0,African National Congress (South Africa)
29869,0,92,6,287,3461,28.367035,79.430438,1.0,0,0.0,0,0,3,1,4308,92.0,0,6,2.0,1,0.0,Sikh Extremists
33210,0,69,8,135,1035,41.491868,9.055051,1.0,0,1.0,1,0,3,14,1566,69.0,0,6,0.0,1,0.0,Corsican National Liberation Front (FLNC)
7164,0,603,8,190,1642,54.819164,-7.467909,1.0,0,0.0,1,0,1,14,2144,233.0,0,5,1.0,0,0.0,Irish Republican Army (IRA)
50043,1,92,6,130,821,18.815236,82.712102,1.0,0,1.0,1,0,6,14,1416,92.0,0,9,1.0,-9,1.0,Communist Party of India - Maoist (CPI-Maoist)
65666,0,146,11,116,715,13.31489,12.6047,1.0,0,1.0,1,0,2,14,205,146.0,0,5,1.0,-9,0.0,Boko Haram
41394,0,141,6,266,2268,27.709889,85.870155,1.0,0,0.0,1,0,3,14,2946,141.0,0,6,3.0,0,0.0,Maoists
49308,0,153,6,427,3763,34.080389,71.224365,3.0,0,0.0,1,0,3,8,4627,153.0,0,6,0.0,1,0.0,Tehrik-i-Taliban Pakistan (TTP)
11512,0,185,8,86,509,43.258434,-2.921819,1.0,0,0.0,1,0,3,1,1043,69.0,0,6,0.0,1,0.0,Basque Fatherland and Freedom (ETA)
47364,0,4,6,507,3556,31.631083,65.742226,1.0,0,0.0,0,0,3,19,4525,4.0,0,6,1.0,1,0.0,Taliban
1540,0,603,8,190,1625,55.011562,-7.312045,1.0,0,0.0,1,0,1,4,2113,216.0,0,5,2.0,0,0.0,Irish Republican Army (IRA)
62513,0,182,11,66,454,1.704184,44.692946,2.0,0,0.0,1,0,3,4,577,422.0,0,6,2.0,-9,0.0,Al-Shabaab
39435,0,69,8,135,1013,41.930607,8.742907,1.0,0,0.0,1,0,3,3,1649,69.0,0,6,0.0,1,0.0,Corsican National Liberation Front (FLNC)
45224,0,92,6,129,792,18.364195,81.892418,3.0,0,0.0,1,0,7,14,2892,92.0,0,8,0.0,1,0.0,Maoists
71768,0,95,10,37,1716,36.229574,42.236244,2.0,0,0.0,0,1,3,4,48,95.0,0,6,15.0,0,0.0,Islamic State of Iraq and the Levant (ISIL)
26597,0,61,2,148,1192,13.318889,-87.643889,1.0,0,0.0,1,0,2,4,562,61.0,0,5,0.0,1,0.0,Farabundo Marti National Liberation Front (FMLN)
78383,1,147,11,113,1371,9.455541,12.152552,2.0,0,1.0,1,0,6,14,27,147.0,0,5,2.0,0,1.0,Fulani extremists
47856,0,45,3,376,3186,2.992977,-76.687069,2.0,1,0.0,1,0,2,1,3911,45.0,0,5,8.0,-9,0.0,Revolutionary Armed Forces of Colombia (FARC)
38542,0,185,8,86,576,43.066466,-2.489145,1.0,0,0.0,0,0,3,1,1086,185.0,0,6,0.0,0,0.0,Basque Fatherland and Freedom (ETA)
72067,0,147,11,167,1355,8.547828,7.7119,2.0,0,1.0,1,0,2,14,931,147.0,0,5,3.0,0,0.0,Fulani extremists
6230,0,97,10,456,3041,31.704338,35.194355,1.0,0,0.0,1,0,2,3,2201,97.0,0,8,0.0,1,0.0,Palestinians
59106,0,182,11,70,407,-0.357847,42.54665,1.0,0,0.0,1,0,3,4,577,422.0,0,6,1.0,-9,0.0,Al-Shabaab
18551,0,155,10,325,1468,31.502407,34.459743,1.0,0,0.0,1,0,3,4,12,97.0,0,6,0.0,1,0.0,Palestinians
26149,0,160,5,385,2652,15.602634,121.051438,1.0,0,0.0,1,0,2,2,3343,160.0,0,5,3.0,1,0.0,New People's Army (NPA)
83138,0,147,11,108,648,11.53955,13.155654,2.0,0,1.0,1,1,3,14,854,147.0,0,6,5.0,1,0.0,Boko Haram
5690,0,185,8,91,522,43.46096,-3.807934,1.0,0,0.0,1,0,2,3,959,185.0,0,5,3.0,1,0.0,Basque Fatherland and Freedom (ETA)
27135,0,159,3,277,2118,-11.967368,-76.978462,1.0,0,1.0,1,0,3,1,1577,159.0,0,6,0.0,1,0.0,Tupac Amaru Revolutionary Movement (MRTA)
60427,0,113,10,303,2373,32.069286,20.151144,1.0,0,0.0,1,0,1,10,3038,113.0,0,5,1.0,0,0.0,Muslim extremists
41973,0,69,8,135,1042,42.547135,9.417273,1.0,0,0.0,1,0,3,2,1621,69.0,0,6,0.0,1,0.0,Corsican National Liberation Front (FLNC)
48807,0,603,8,49,310,52.829397,-1.332046,1.0,0,1.0,0,0,3,6,636,217.0,0,6,0.0,0,0.0,Al-Qaida in the Arabian Peninsula (AQAP)
8708,0,97,10,456,3066,31.418909,34.352605,1.0,0,0.0,1,0,2,4,3783,97.0,0,8,1.0,1,0.0,Palestinians
25816,0,69,8,135,1013,41.930607,8.742907,1.0,0,0.0,1,0,3,1,1577,69.0,0,6,0.0,1,0.0,Corsican National Liberation Front (FLNC)
73358,0,147,11,166,1395,7.350826,8.836276,2.0,0,1.0,1,0,2,14,27,147.0,0,5,0.0,1,0.0,Fulani extremists
62763,0,147,11,169,1289,7.913514,10.064535,1.0,0,0.0,1,0,2,14,811,147.0,0,5,20.0,1,0.0,Fulani extremists
19198,0,603,8,190,1604,55.011562,-7.312045,1.0,0,0.0,1,0,1,3,2136,233.0,0,5,1.0,0,0.0,Irish Republican Army (IRA)
78190,0,37,11,117,673,11.046735,14.140454,1.0,0,1.0,1,1,3,14,486,37.0,0,6,3.0,1,0.0,Boko Haram
32377,0,217,1,459,3044,41.842602,-87.681229,1.0,0,0.0,1,0,7,8,3630,217.0,0,8,0.0,1,0.0,Palestinians
54719,0,95,10,34,270,33.573486,44.547424,1.0,0,0.0,1,0,3,14,486,95.0,0,6,4.0,1,0.0,Al-Qaida in Iraq
8483,0,61,2,149,1150,13.69288,-89.199161,1.0,0,0.0,1,0,3,4,1821,61.0,0,5,1.0,1,0.0,Farabundo Marti National Liberation Front (FMLN)
68516,0,182,11,70,407,-0.357847,42.54665,1.0,1,0.0,1,0,5,4,577,422.0,0,6,15.0,1,1.0,Al-Shabaab
68242,0,214,9,145,1085,47.942608,37.505135,1.0,0,1.0,1,0,3,4,1697,214.0,0,6,0.0,-9,0.0,Donetsk People's Republic
35157,0,160,5,7,15,6.929089,122.07885,1.0,0,0.0,1,0,3,8,131,160.0,0,6,0.0,1,0.0,Abu Sayyaf Group (ASG)
10204,0,61,2,157,1169,13.805691,-88.145787,1.0,0,0.0,1,0,2,4,1772,61.0,0,5,1.0,1,0.0,Farabundo Marti National Liberation Front (FMLN)
13595,0,43,3,271,2106,-33.366238,-70.505302,1.0,0,1.0,1,0,3,19,56,43.0,0,6,0.0,1,0.0,Manuel Rodriguez Patriotic Front (FPMR)
13213,0,43,3,271,2106,-33.366238,-70.505302,1.0,0,0.0,1,0,2,3,2788,43.0,0,5,1.0,1,0.0,Manuel Rodriguez Patriotic Front (FPMR)
67239,0,214,9,145,1077,47.313381,37.805458,1.0,0,1.0,1,0,2,4,48,214.0,0,5,0.0,-9,0.0,Donetsk People's Republic
23611,0,97,10,460,3046,32.08297,34.811886,1.0,0,0.0,1,0,1,3,3681,97.0,0,9,0.0,0,0.0,Palestinians
63917,0,228,10,50,311,15.840556,48.455556,3.0,0,0.0,1,0,3,4,637,228.0,0,6,3.0,1,0.0,Al-Qaida in the Arabian Peninsula (AQAP)
82798,0,153,6,427,3808,32.961378,70.454954,1.0,1,0.0,1,0,3,4,559,153.0,0,6,2.0,1,0.0,Tehrik-i-Taliban Pakistan (TTP)
53688,0,95,10,34,251,33.100529,44.584492,1.0,0,0.0,1,0,3,14,486,95.0,0,6,1.0,0,0.0,Al-Qaida in Iraq
32172,0,92,6,337,3490,32.040763,75.401886,1.0,1,0.0,1,0,2,3,562,92.0,0,5,3.0,1,0.0,Sikh Extremists
51749,0,228,10,50,318,14.54397,49.12458,1.0,0,0.0,1,0,2,3,85,228.0,0,5,6.0,-9,0.0,Al-Qaida in the Arabian Peninsula (AQAP)
82169,0,92,6,125,2233,25.18041,86.259059,1.0,0,0.0,1,0,6,14,2922,92.0,0,5,1.0,0,1.0,Maoists
74758,0,147,11,166,1382,7.350826,8.836276,2.0,0,1.0,1,0,2,14,27,147.0,0,5,2.0,1,0.0,Fulani extremists
53382,0,92,6,127,973,18.257257,81.298996,1.0,0,0.0,1,0,2,3,167,92.0,0,5,0.0,-9,0.0,Maoists
13871,0,45,3,362,2498,6.242026,-75.564766,1.0,0,0.0,1,0,3,3,2733,45.0,0,6,0.0,1,0.0,National Liberation Army of Colombia (ELN)
47971,0,45,3,376,3224,2.957243,-76.26863,1.0,1,0.0,1,0,3,14,3956,45.0,0,6,2.0,-9,0.0,Revolutionary Armed Forces of Colombia (FARC)
61681,0,60,10,290,2361,31.126646,33.800865,1.0,1,0.0,1,0,3,21,1729,60.0,0,6,0.0,1,0.0,Muslim extremists
50166,0,228,10,58,337,13.063399,44.880882,1.0,0,0.0,1,0,1,4,723,228.0,0,6,1.0,1,0.0,Al-Qaida in the Arabian Peninsula (AQAP)
58838,0,147,11,123,2378,12.357456,7.903555,1.0,0,0.0,1,0,2,3,20,147.0,0,5,3.0,0,0.0,Muslim extremists
82247,0,209,10,223,24,37.330074,43.526169,4.0,0,1.0,0,0,3,20,6,209.0,0,6,0.0,0,0.0,Kurdistan Workers' Party (PKK)
58239,1,92,6,130,2188,18.740279,82.642942,1.0,0,0.0,1,0,6,8,2896,92.0,0,5,0.0,0,1.0,Maoists
61905,0,92,6,127,2158,17.938513,81.133357,2.0,1,0.0,1,0,2,4,2868,92.0,0,5,10.0,0,0.0,Maoists
14109,0,43,3,271,2106,-33.366238,-70.505302,1.0,0,1.0,1,0,3,21,2714,43.0,0,6,0.0,1,0.0,Manuel Rodriguez Patriotic Front (FPMR)
7404,0,61,2,149,1227,13.733353,-89.216671,1.0,0,0.0,1,0,2,4,1762,61.0,0,5,0.0,1,0.0,Farabundo Marti National Liberation Front (FMLN)
47914,0,95,10,33,247,33.303566,44.371773,1.0,0,1.0,1,0,3,15,509,95.0,0,6,1.0,-9,0.0,Al-Qaida in Iraq
47022,1,92,6,128,842,22.632149,86.764311,1.0,0,0.0,1,0,6,2,1363,92.0,0,5,2.0,0,1.0,Communist Party of India - Maoist (CPI-Maoist)
67386,0,95,10,33,247,33.303566,44.371773,1.0,0,0.0,1,0,3,1,587,95.0,0,6,4.0,1,0.0,Islamic State of Iraq and the Levant (ISIL)
12719,0,159,3,277,2118,-11.967368,-76.978462,1.0,0,0.0,1,0,1,3,4104,159.0,0,5,1.0,0,0.0,Shining Path (SL)
47208,0,92,6,125,928,24.663698,85.019744,3.0,1,0.0,1,0,3,16,1461,92.0,0,6,0.0,1,0.0,Communist Party of India - Maoist (CPI-Maoist)
58510,0,4,6,509,3535,32.690185,62.735282,3.0,0,0.0,1,0,2,4,497,4.0,0,5,1.0,0,0.0,Taliban
15715,0,222,3,375,2523,7.14266,-71.971627,2.0,0,0.0,1,0,3,4,3189,222.0,0,5,3.0,1,0.0,National Liberation Army of Colombia (ELN)
49556,0,153,6,352,3731,34.006004,71.53743,1.0,1,0.0,1,0,3,8,4614,153.0,0,6,0.0,1,0.0,Tehrik-i-Taliban Pakistan (TTP)
13910,0,145,2,440,2889,12.10629,-85.36452,1.0,0,0.0,1,0,2,2,3535,145.0,0,5,0.0,1,0.0,Nicaraguan Democratic Force (FDN)
13253,0,145,2,447,2971,13.93412,-84.59281,1.0,0,0.0,1,0,2,4,1762,145.0,0,5,12.0,1,0.0,Nicaraguan Democratic Force (FDN)
5764,0,69,8,136,131,48.856644,2.34233,1.0,0,0.0,1,0,3,2,1589,69.0,0,6,0.0,1,0.0,Corsican National Liberation Front (FLNC)
64562,0,228,10,56,369,14.781294,42.972851,1.0,0,1.0,1,1,3,17,219,228.0,0,6,4.0,-9,0.0,Al-Qaida in the Arabian Peninsula (AQAP)
42707,0,160,5,1,2,6.088221,121.109329,1.0,0,0.0,1,0,2,14,144,160.0,0,5,5.0,0,0.0,Abu Sayyaf Group (ASG)
32907,0,603,8,190,1603,54.607712,-5.95621,1.0,0,1.0,1,0,2,14,2072,216.0,0,5,0.0,0,0.0,Irish Republican Army (IRA)
42305,0,186,6,215,1969,7.733107,81.68882,1.0,0,0.0,1,0,2,3,2487,186.0,0,5,0.0,0,0.0,Liberation Tigers of Tamil Eelam (LTTE)
14293,0,159,3,277,2118,-11.967368,-76.978462,1.0,0,0.0,1,0,3,1,4081,159.0,0,6,0.0,1,0.0,Shining Path (SL)
17426,0,92,6,494,3410,28.585836,77.153336,1.0,0,0.0,1,0,1,14,4281,92.0,0,5,2.0,0,0.0,Sikh Extremists
60808,0,182,11,69,446,3.810951,43.246506,1.0,0,0.0,1,0,7,4,859,422.0,0,5,1.0,-9,0.0,Al-Shabaab
75441,0,147,11,166,1301,7.345335,8.74172,2.0,0,1.0,1,0,2,14,13,147.0,0,5,1.0,-9,0.0,Fulani extremists
21075,0,92,6,125,3482,24.867222,84.143611,2.0,0,0.0,1,0,1,14,4350,92.0,0,5,5.0,0,0.0,Sikh Extremists
19174,0,61,2,158,1246,13.184112,-88.414384,1.0,0,0.0,1,0,2,4,1762,61.0,0,5,0.0,1,0.0,Farabundo Marti National Liberation Front (FMLN)
77738,0,138,5,335,2431,16.923858,96.226976,1.0,0,0.0,1,0,3,2,1246,138.0,0,6,0.0,1,0.0,Muslim extremists
17587,0,92,6,337,3418,31.633078,74.878288,1.0,0,0.0,1,0,1,2,4319,92.0,0,5,6.0,0,0.0,Sikh Extremists
10114,0,69,8,137,1018,43.296482,5.36978,1.0,0,0.0,1,0,3,3,175,69.0,0,6,0.0,1,0.0,Corsican National Liberation Front (FLNC)
79871,1,147,11,112,1441,9.433333,8.166667,1.0,0,0.0,1,0,2,14,27,147.0,0,5,12.0,0,-9.0,Fulani extremists
68600,0,45,3,362,3204,6.885648,-75.335829,3.0,0,0.0,1,0,3,4,3934,45.0,0,6,1.0,0,0.0,Revolutionary Armed Forces of Colombia (FARC)
24441,0,45,3,473,3206,3.86547,-67.92671,1.0,0,0.0,1,0,3,3,559,45.0,0,6,10.0,1,0.0,Revolutionary Armed Forces of Colombia (FARC)
63530,1,147,11,113,654,10.645108,13.484032,1.0,0,1.0,1,0,6,14,27,147.0,0,8,1.0,1,1.0,Boko Haram
18166,0,43,3,271,2106,-33.366238,-70.505302,1.0,0,1.0,1,0,3,14,2739,43.0,0,6,0.0,1,0.0,Manuel Rodriguez Patriotic Front (FPMR)
14281,0,145,2,439,2991,13.51031,-86.09602,1.0,0,0.0,1,0,2,4,562,145.0,0,5,19.0,1,0.0,Nicaraguan Democratic Force (FDN)
60386,0,228,10,50,326,15.940011,48.789753,1.0,0,1.0,1,0,3,2,330,228.0,0,6,3.0,-9,0.0,Al-Qaida in the Arabian Peninsula (AQAP)
6581,0,185,8,86,515,43.291618,-1.977903,1.0,0,0.0,1,0,1,3,952,185.0,0,5,1.0,0,0.0,Basque Fatherland and Freedom (ETA)
28068,0,159,3,475,3863,-11.253812,-75.580068,1.0,0,0.0,1,0,2,4,562,159.0,0,5,8.0,1,0.0,Tupac Amaru Revolutionary Movement (MRTA)
52751,0,160,5,0,35,6.537162,122.163252,1.0,0,0.0,1,0,7,8,73,160.0,0,8,0.0,1,0.0,Abu Sayyaf Group (ASG)
63390,0,4,6,508,3534,34.783249,70.107997,3.0,0,0.0,1,0,3,1,123,4.0,0,6,3.0,0,0.0,Taliban
81904,0,209,10,223,1835,37.3,44.566667,3.0,0,0.0,1,0,3,1,559,209.0,0,6,2.0,1,0.0,Kurdistan Workers' Party (PKK)
77922,0,200,10,200,2356,36.201721,37.14352,1.0,0,1.0,1,0,3,4,3044,167.0,0,6,2.0,1,0.0,Muslim extremists
39403,0,45,3,362,2498,6.242026,-75.564766,1.0,0,1.0,1,0,3,1,3170,45.0,0,6,0.0,1,0.0,National Liberation Army of Colombia (ELN)
70236,0,209,10,222,1806,37.248723,42.471501,1.0,0,0.0,1,0,2,17,2355,209.0,0,5,1.0,0,0.0,Kurdistan Workers' Party (PKK)
18899,0,61,2,156,1203,13.933732,-89.025836,1.0,0,0.0,1,0,2,4,1762,61.0,0,5,0.0,1,0.0,Farabundo Marti National Liberation Front (FMLN)
10586,0,145,2,442,2869,12.538409,-85.573921,2.0,1,0.0,1,0,7,19,3523,145.0,0,5,1.0,1,0.0,Nicaraguan Democratic Force (FDN)
69991,0,228,10,60,350,13.586484,44.024105,1.0,0,1.0,1,0,3,14,1291,228.0,0,6,0.0,-9,0.0,Houthi extremists (Ansar Allah)
15193,0,183,11,19,155,-26.252697,27.870275,1.0,0,0.0,1,0,3,3,267,183.0,0,6,3.0,1,0.0,African National Congress (South Africa)
15347,0,43,3,271,2106,-33.366238,-70.505302,1.0,0,1.0,1,0,3,1,2701,43.0,0,6,0.0,1,0.0,Manuel Rodriguez Patriotic Front (FPMR)
77565,1,147,11,122,1299,8.658925,7.259186,2.0,0,0.0,1,0,6,14,13,147.0,0,5,1.0,1,1.0,Fulani extremists
76449,0,200,10,200,2356,36.201721,37.14352,1.0,0,1.0,1,0,3,14,931,200.0,0,6,0.0,-9,0.0,Muslim extremists
64827,0,182,11,82,455,6.774396,47.429031,1.0,0,0.0,1,0,3,8,878,104.0,0,6,1.0,1,0.0,Al-Shabaab
12618,0,185,8,87,585,36.529688,-6.292657,1.0,0,0.0,1,0,3,1,1115,185.0,0,6,0.0,1,0.0,Basque Fatherland and Freedom (ETA)
71630,0,200,10,208,1713,36.657269,40.37056,1.0,0,1.0,1,1,3,17,172,200.0,0,6,9.0,1,0.0,Islamic State of Iraq and the Levant (ISIL)
22586,0,43,3,271,2106,-33.366238,-70.505302,1.0,0,0.0,1,0,3,14,2697,43.0,0,6,0.0,1,0.0,Manuel Rodriguez Patriotic Front (FPMR)
17529,0,209,10,225,1826,37.170607,40.39375,1.0,0,0.0,1,0,7,1,112,209.0,0,5,1.0,1,0.0,Kurdistan Workers' Party (PKK)
78021,0,104,11,67,403,2.6515,40.887844,1.0,1,1.0,1,0,3,3,85,104.0,0,6,0.0,1,0.0,Al-Shabaab
65822,0,214,9,145,1066,48.596962,37.998299,1.0,0,0.0,1,0,3,8,1733,214.0,0,6,1.0,1,0.0,Donetsk People's Republic
76853,0,228,10,60,350,13.586484,44.024105,1.0,0,1.0,1,0,3,14,925,228.0,0,6,0.0,-9,0.0,Houthi extremists (Ansar Allah)
60938,0,147,11,108,672,10.672575,12.69115,1.0,0,1.0,1,0,2,14,27,147.0,0,5,3.0,1,0.0,Boko Haram
74727,0,228,10,50,318,14.54397,49.12458,1.0,0,0.0,0,0,3,2,524,228.0,0,6,0.0,0,0.0,Al-Qaida in the Arabian Peninsula (AQAP)
999,0,603,8,190,1603,54.607712,-5.95621,1.0,0,0.0,1,0,1,17,2100,233.0,0,5,1.0,0,0.0,Irish Republican Army (IRA)
17707,0,183,11,25,161,-33.941849,18.41964,1.0,0,0.0,1,0,3,6,355,183.0,0,6,0.0,1,0.0,African National Congress (South Africa)
62041,0,45,3,470,3193,0.435951,-75.52767,4.0,0,0.0,1,0,7,1,3920,45.0,0,8,0.0,1,0.0,Revolutionary Armed Forces of Colombia (FARC)
28378,0,160,5,428,24,13.413213,121.175236,4.0,0,0.0,1,0,2,3,3005,160.0,0,5,1.0,1,0.0,New People's Army (NPA)
30298,0,92,6,285,3465,25.68927,75.702149,1.0,0,0.0,1,0,2,14,4314,92.0,0,5,10.0,1,0.0,Sikh Extremists
16194,0,145,2,450,2894,12.069311,-84.539748,1.0,0,0.0,1,0,2,14,3552,145.0,0,5,1.0,1,0.0,Nicaraguan Democratic Force (FDN)
59107,0,182,11,70,451,-1.034622,41.499084,1.0,1,0.0,1,0,3,4,162,422.0,0,6,1.0,-9,0.0,Al-Shabaab
30787,0,159,3,277,2118,-11.967368,-76.978462,1.0,0,0.0,1,0,3,19,4050,159.0,0,6,0.0,1,0.0,Shining Path (SL)
61962,1,147,11,110,615,11.247069,12.01246,1.0,0,0.0,1,0,6,14,205,147.0,0,5,2.0,1,1.0,Boko Haram
46305,0,92,6,126,809,23.893139,85.894669,1.0,0,0.0,1,0,3,14,1328,92.0,0,6,0.0,1,0.0,Communist Party of India - Maoist (CPI-Maoist)
18151,0,222,3,380,2574,7.919218,-72.442861,1.0,0,0.0,1,0,2,4,3258,222.0,0,5,0.0,1,0.0,National Liberation Army of Colombia (ELN)
60163,0,214,9,145,1107,48.851688,37.613808,1.0,0,0.0,1,0,3,16,1735,214.0,0,6,0.0,-9,0.0,Donetsk People's Republic
60028,0,147,11,112,1386,9.376786,8.585856,1.0,0,0.0,1,0,2,3,175,147.0,0,5,7.0,-9,0.0,Fulani extremists
25167,0,186,6,215,2071,7.86778,81.510266,2.0,0,0.0,1,0,2,4,2560,186.0,0,5,0.0,1,0.0,Liberation Tigers of Tamil Eelam (LTTE)
27641,0,159,3,476,3867,-9.929478,-76.239738,3.0,0,0.0,1,0,2,4,4791,159.0,0,5,77.0,1,0.0,Tupac Amaru Revolutionary Movement (MRTA)
56838,0,147,11,110,615,11.247069,12.01246,1.0,0,0.0,1,0,2,14,205,147.0,0,5,1.0,-9,0.0,Boko Haram
62486,0,110,10,206,1722,34.184605,36.424011,1.0,0,0.0,1,0,2,4,172,110.0,0,5,1.0,1,0.0,Islamic State of Iraq and the Levant (ISIL)
24448,0,92,6,337,3488,30.8623,74.929006,1.0,0,0.0,1,0,1,15,4359,92.0,0,5,3.0,0,0.0,Sikh Extremists
47192,0,92,6,128,851,23.390396,88.702469,1.0,0,0.0,1,0,2,2,1373,92.0,0,5,1.0,0,0.0,Communist Party of India - Maoist (CPI-Maoist)
7437,0,69,8,139,1024,43.610769,3.876716,1.0,0,1.0,1,0,3,1,1571,69.0,0,6,0.0,1,0.0,Corsican National Liberation Front (FLNC)
53238,0,95,10,42,295,33.057991,44.354839,1.0,0,1.0,1,0,3,14,13,95.0,0,6,0.0,1,0.0,Al-Qaida in Iraq
65723,0,60,10,292,236,31.282654,30.016884,1.0,0,1.0,1,0,3,3,3051,60.0,0,6,0.0,-9,0.0,Muslim extremists
53194,0,95,10,36,277,34.92485,43.491413,1.0,0,1.0,1,0,3,14,13,95.0,0,6,0.0,1,0.0,Al-Qaida in Iraq
42204,1,95,10,33,247,33.303566,44.371773,1.0,0,0.0,1,0,6,7,505,6.0,0,5,2.0,0,1.0,Al-Qaida in Iraq
20607,0,45,3,362,3214,7.75809,-76.65758,1.0,0,0.0,1,0,2,3,371,45.0,0,5,0.0,1,0.0,Revolutionary Armed Forces of Colombia (FARC)
19832,0,159,3,277,2118,-11.967368,-76.978462,1.0,0,0.0,1,0,3,6,283,159.0,0,6,0.0,1,0.0,Shining Path (SL)
20516,0,183,11,19,153,-26.353159,28.132727,1.0,0,0.0,1,0,1,2,381,183.0,0,6,0.0,0,0.0,African National Congress (South Africa)
46350,0,95,10,33,247,33.303566,44.371773,1.0,1,0.0,1,0,3,14,523,95.0,0,6,7.0,1,0.0,Al-Qaida in Iraq
23737,0,155,10,325,1468,31.502407,34.459743,1.0,0,0.0,1,0,1,14,3745,155.0,0,9,1.0,0,0.0,Palestinians
51254,0,228,10,53,314,15.325443,44.211895,1.0,0,0.0,1,0,3,4,731,228.0,0,6,0.0,1,0.0,Al-Qaida in the Arabian Peninsula (AQAP)
32763,0,209,10,207,1711,41.106178,28.689863,1.0,0,0.0,1,0,3,14,2371,209.0,0,6,2.0,1,0.0,Kurdistan Workers' Party (PKK)
79435,0,95,10,36,1761,35.595943,43.24268,1.0,0,1.0,1,0,3,14,1291,95.0,0,6,1.0,-9,0.0,Islamic State of Iraq and the Levant (ISIL)
55541,0,69,8,17,131,48.883709,2.238342,1.0,0,0.0,1,0,2,4,3057,69.0,1,9,0.0,0,0.0,Muslim extremists
4755,0,185,8,86,521,43.291618,-1.977903,1.0,0,0.0,1,0,2,1,1112,185.0,0,5,0.0,0,0.0,Basque Fatherland and Freedom (ETA)
74448,0,92,6,127,2189,18.79776,80.819957,2.0,0,0.0,1,0,2,3,167,92.0,0,5,1.0,0,0.0,Maoists
53880,0,92,6,130,2232,18.352486,81.953482,2.0,0,0.0,1,0,2,14,2921,92.0,0,5,1.0,0,0.0,Maoists
16563,0,145,2,436,2938,13.130707,-85.971684,3.0,1,0.0,1,0,3,2,3583,145.0,0,6,2.0,1,0.0,Nicaraguan Democratic Force (FDN)
29977,0,159,3,480,3323,-13.277193,-72.217872,1.0,1,0.0,1,0,2,4,1788,159.0,0,5,14.0,1,0.0,Shining Path (SL)
67257,1,214,9,145,1068,47.981647,37.762325,1.0,0,0.0,1,0,6,12,52,422.0,0,5,1.0,0,1.0,Donetsk People's Republic
25034,0,142,8,192,1626,51.192442,5.994695,1.0,0,0.0,1,0,1,1,2094,14.0,0,5,2.0,0,0.0,Irish Republican Army (IRA)
16040,0,145,2,437,2854,13.564251,-86.02984,1.0,0,0.0,1,0,2,4,3516,145.0,0,5,1.0,1,0.0,Nicaraguan Democratic Force (FDN)
52998,0,160,5,4,15,7.024267,122.188903,1.0,0,0.0,1,0,3,19,56,160.0,0,6,0.0,1,0.0,Abu Sayyaf Group (ASG)
14165,0,159,3,477,3363,-12.825945,-74.111516,1.0,0,0.0,1,0,2,4,1772,159.0,0,5,7.0,1,0.0,Shining Path (SL)
65363,0,147,11,166,1331,7.894399,7.785072,1.0,0,1.0,1,0,2,14,27,147.0,0,5,4.0,0,0.0,Fulani extremists
70584,0,214,9,145,1068,47.981647,37.762325,1.0,1,0.0,1,0,2,4,48,214.0,0,6,1.0,0,0.0,Donetsk People's Republic
12397,0,61,2,151,1186,13.719546,-88.360633,1.0,0,0.0,1,0,2,4,1788,61.0,0,5,7.0,1,0.0,Farabundo Marti National Liberation Front (FMLN)
22855,0,92,6,337,3432,30.193752,74.409326,1.0,0,0.0,1,0,2,19,4271,92.0,0,5,20.0,1,0.0,Sikh Extremists
74282,0,200,10,200,2356,36.201721,37.14352,1.0,0,1.0,1,0,3,14,925,200.0,0,6,0.0,1,0.0,Muslim extremists
12915,0,159,3,477,3297,-12.916667,-73.833333,3.0,0,0.0,1,0,2,9,4074,159.0,0,5,10.0,1,0.0,Shining Path (SL)
10338,0,145,2,437,2939,13.92403,-86.08498,3.0,1,0.0,1,0,2,4,1762,145.0,0,5,1.0,1,0.0,Nicaraguan Democratic Force (FDN)
68736,0,4,6,520,3607,35.216667,71.35,2.0,0,0.0,1,0,2,3,4445,4.0,0,5,6.0,0,0.0,Taliban
1572,0,603,8,49,1609,51.504387,-0.140041,1.0,0,0.0,0,0,1,4,2179,216.0,0,6,0.0,0,0.0,Irish Republican Army (IRA)
8879,0,183,11,18,196,-27.76828,30.797877,1.0,0,0.0,1,0,3,19,271,183.0,0,6,0.0,1,0.0,African National Congress (South Africa)
32918,0,603,8,190,1603,54.607712,-5.95621,1.0,0,1.0,1,0,2,14,2072,216.0,0,5,0.0,0,0.0,Irish Republican Army (IRA)
72031,0,182,11,68,404,2.059819,45.326115,1.0,0,0.0,1,0,2,12,877,209.0,0,5,1.0,0,0.0,Al-Shabaab
39829,0,6,10,307,2380,36.164211,0.440826,1.0,1,0.0,1,0,2,14,3045,6.0,0,5,9.0,0,0.0,Muslim extremists
49451,0,4,6,521,3598,32.715785,69.281793,1.0,1,0.0,1,1,3,1,1455,4.0,0,6,25.0,1,0.0,Taliban
37392,0,159,3,477,3284,-13.152712,-74.218628,1.0,0,0.0,1,0,2,14,4181,159.0,0,5,6.0,0,0.0,Shining Path (SL)
59402,0,92,6,125,2214,24.775486,84.918483,3.0,0,0.0,0,0,3,20,6,92.0,0,6,0.0,0,0.0,Maoists
27749,0,603,8,190,1603,54.607712,-5.95621,1.0,0,0.0,1,0,3,3,2049,233.0,0,6,0.0,1,0.0,Irish Republican Army (IRA)
48725,0,153,6,427,3780,32.974638,70.14558,3.0,0,0.0,1,0,2,14,4616,153.0,0,5,3.0,0,0.0,Tehrik-i-Taliban Pakistan (TTP)
74939,0,41,11,179,1430,7.276389,15.6625,1.0,0,0.0,1,0,2,14,1938,41.0,0,5,10.0,1,0.0,Fulani extremists
56161,0,60,10,290,2361,31.126646,33.800865,1.0,1,0.0,1,0,3,3,3027,60.0,0,6,3.0,0,0.0,Muslim extremists
9075,0,61,2,153,1234,13.702621,-88.727772,1.0,0,0.0,1,0,2,4,1853,61.0,0,5,1.0,1,0.0,Farabundo Marti National Liberation Front (FMLN)
24706,0,159,3,277,2118,-11.967368,-76.978462,1.0,0,1.0,1,0,3,8,51,159.0,0,6,0.0,1,0.0,Shining Path (SL)
17144,0,145,2,449,2908,11.26093,-85.77908,1.0,0,0.0,1,0,2,1,3522,145.0,0,5,1.0,1,0.0,Nicaraguan Democratic Force (FDN)
83330,0,147,11,108,610,10.612148,12.19127,1.0,0,1.0,1,1,3,14,486,147.0,0,6,8.0,-9,0.0,Boko Haram
58404,0,153,6,352,3731,34.006004,71.53743,1.0,0,0.0,1,1,3,1,184,153.0,0,6,10.0,1,0.0,Tehrik-i-Taliban Pakistan (TTP)
14246,0,183,11,20,138,-32.985771,27.866086,1.0,1,0.0,1,0,2,3,267,183.0,0,5,3.0,1,0.0,African National Congress (South Africa)
20348,0,159,3,277,2118,-11.967368,-76.978462,1.0,0,0.0,1,0,3,2,4815,159.0,0,6,0.0,1,0.0,Tupac Amaru Revolutionary Movement (MRTA)
74529,0,92,6,126,2223,24.285466,87.242168,3.0,0,0.0,1,0,7,14,722,92.0,0,8,0.0,1,0.0,Maoists
62157,0,95,10,34,1700,34.271034,45.163567,1.0,0,0.0,1,1,3,4,48,95.0,0,6,11.0,1,0.0,Islamic State of Iraq and the Levant (ISIL)
24852,0,43,3,271,2106,-33.366238,-70.505302,1.0,0,0.0,1,0,3,1,2786,43.0,0,6,0.0,1,0.0,Manuel Rodriguez Patriotic Front (FPMR)
67561,0,92,6,127,2139,19.595851,81.663776,3.0,0,0.0,0,0,3,20,6,92.0,0,6,0.0,0,0.0,Maoists
44466,0,186,6,260,2024,7.079678,79.890976,1.0,0,0.0,1,0,3,2,928,186.0,0,6,2.0,1,0.0,Liberation Tigers of Tamil Eelam (LTTE)
8880,0,183,11,18,141,-27.826803,30.705819,1.0,0,0.0,1,0,3,19,271,183.0,0,6,0.0,1,0.0,African National Congress (South Africa)
19683,0,45,3,368,24,6.547306,-71.002231,4.0,0,1.0,1,0,3,21,3232,45.0,0,6,0.0,1,0.0,National Liberation Army of Colombia (ELN)
17385,0,159,3,277,2118,-11.967368,-76.978462,1.0,0,0.0,0,0,3,14,4800,159.0,0,6,0.0,1,0.0,Tupac Amaru Revolutionary Movement (MRTA)
60876,1,153,6,337,3799,30.163641,71.402035,1.0,0,0.0,1,0,6,2,4642,153.0,0,5,1.0,0,1.0,Tehrik-i-Taliban Pakistan (TTP)
20318,0,45,3,366,24,6.643708,-73.653621,4.0,0,0.0,1,0,2,4,1762,45.0,0,5,2.0,1,0.0,National Liberation Army of Colombia (ELN)
1541,0,603,8,190,1603,54.607712,-5.95621,1.0,0,0.0,1,0,1,14,2086,233.0,0,5,1.0,0,0.0,Irish Republican Army (IRA)
28270,1,45,3,362,2526,6.1876,-74.99429,1.0,0,0.0,1,0,6,1,3193,101.0,0,5,0.0,0,1.0,National Liberation Army of Colombia (ELN)
35863,0,45,3,362,2552,5.59,-75.867222,2.0,0,0.0,1,0,7,19,3228,45.0,0,8,0.0,1,0.0,National Liberation Army of Colombia (ELN)
19355,0,183,11,25,161,-33.941849,18.41964,1.0,0,0.0,1,0,3,1,359,183.0,0,6,0.0,1,0.0,African National Congress (South Africa)
43600,0,186,6,263,2065,8.641085,80.669598,1.0,0,0.0,1,0,3,3,2614,186.0,0,6,0.0,-9,0.0,Liberation Tigers of Tamil Eelam (LTTE)
23997,0,43,3,271,2106,-33.366238,-70.505302,1.0,0,0.0,1,0,3,1,2807,43.0,0,6,0.0,1,0.0,Manuel Rodriguez Patriotic Front (FPMR)
42188,0,186,6,215,1966,8.457907,81.268402,1.0,0,0.0,1,0,3,12,6,186.0,0,6,0.0,-9,0.0,Liberation Tigers of Tamil Eelam (LTTE)
75621,0,173,10,61,24,17.658138,45.261024,4.0,0,0.0,1,0,3,3,85,173.0,0,6,5.0,-9,0.0,Houthi extremists (Ansar Allah)
65733,0,214,9,145,1092,48.730804,37.574596,1.0,0,1.0,1,0,3,14,1291,214.0,0,6,3.0,1,0.0,Donetsk People's Republic
78690,0,228,10,52,317,13.887403,45.863647,1.0,0,0.0,1,0,1,17,678,228.0,0,5,4.0,0,0.0,Al-Qaida in the Arabian Peninsula (AQAP)
62333,0,95,10,37,1740,36.489444,43.119167,3.0,0,1.0,0,0,3,20,6,95.0,0,6,0.0,0,0.0,Islamic State of Iraq and the Levant (ISIL)
8885,0,61,2,149,1150,13.69288,-89.199161,1.0,0,0.0,1,0,3,9,1824,61.0,0,6,1.0,1,0.0,Farabundo Marti National Liberation Front (FMLN)
71096,0,228,10,60,350,13.586484,44.024105,1.0,0,1.0,1,0,3,14,1730,228.0,0,6,2.0,-9,0.0,Houthi extremists (Ansar Allah)
51519,0,182,11,73,24,3.503922,42.236243,4.0,0,0.0,1,0,3,12,900,422.0,0,6,1.0,1,0.0,Al-Shabaab
71189,0,182,11,66,448,2.099684,45.15723,1.0,0,0.0,1,1,3,4,162,422.0,0,6,1.0,0,0.0,Al-Shabaab
79293,0,92,6,127,2181,19.596543,81.67261,2.0,1,0.0,0,0,3,20,6,92.0,0,6,0.0,0,0.0,Maoists
63138,0,214,9,145,1079,48.04668,37.942146,1.0,0,0.0,1,0,3,14,854,214.0,0,6,1.0,1,0.0,Donetsk People's Republic
41525,0,186,6,260,1968,6.941837,79.861687,1.0,0,0.0,1,0,1,4,2542,186.0,0,5,1.0,0,0.0,Liberation Tigers of Tamil Eelam (LTTE)
26688,0,45,3,376,24,2.243589,-77.010385,4.0,0,1.0,1,0,7,1,3957,45.0,0,8,0.0,1,0.0,Revolutionary Armed Forces of Colombia (FARC)
35726,0,45,3,366,2550,7.060051,-73.853115,1.0,0,0.0,1,0,7,15,2755,45.0,0,8,0.0,1,0.0,National Liberation Army of Colombia (ELN)
54125,0,95,10,34,249,33.74324,44.623825,1.0,1,1.0,1,0,2,2,538,95.0,0,5,1.0,-9,0.0,Al-Qaida in Iraq
37491,1,45,3,362,2107,5.615262,-75.624692,1.0,0,0.0,0,0,3,3,3919,45.0,0,6,25.0,1,0.0,Revolutionary Armed Forces of Colombia (FARC)
62449,1,214,9,145,1074,47.858047,38.221877,1.0,0,0.0,1,0,6,10,1699,214.0,0,6,0.0,1,1.0,Donetsk People's Republic
64180,0,214,9,145,1068,47.981647,37.762325,1.0,0,0.0,1,0,2,4,1700,214.0,0,6,2.0,1,0.0,Donetsk People's Republic
48126,0,153,6,337,3744,31.50547,74.34288,1.0,0,1.0,1,1,5,15,4579,153.0,0,6,28.0,1,1.0,Tehrik-i-Taliban Pakistan (TTP)
61026,0,214,9,145,1068,47.981647,37.762325,1.0,0,0.0,1,0,2,4,1739,214.0,0,5,0.0,-9,0.0,Donetsk People's Republic
24032,0,155,10,325,1468,31.502407,34.459743,1.0,0,0.0,1,0,1,14,3629,155.0,0,9,1.0,0,0.0,Palestinians
65884,0,228,10,58,337,13.063399,44.880882,1.0,0,0.0,1,0,2,4,719,228.0,0,5,2.0,0,0.0,Al-Qaida in the Arabian Peninsula (AQAP)
64304,0,104,11,72,466,-0.448297,39.64306,1.0,0,0.0,1,0,3,1,512,104.0,0,6,0.0,1,0.0,Al-Shabaab
48914,0,92,6,129,794,18.924224,83.010623,1.0,0,0.0,1,0,3,3,1314,92.0,0,6,0.0,1,0.0,Communist Party of India - Maoist (CPI-Maoist)
8722,0,155,10,325,1468,31.502407,34.459743,1.0,0,0.0,1,0,2,4,3726,97.0,0,8,1.0,1,0.0,Palestinians
11365,0,145,2,445,2891,13.00583,-87.50278,1.0,0,0.0,1,0,3,11,3536,145.0,0,5,1.0,1,0.0,Nicaraguan Democratic Force (FDN)
67706,0,214,9,145,1096,48.098675,37.663422,1.0,0,0.0,1,0,3,14,205,214.0,0,6,0.0,-9,0.0,Donetsk People's Republic
50277,0,147,11,110,675,11.74464,11.970257,1.0,0,1.0,1,0,3,15,1247,147.0,0,6,6.0,1,0.0,Boko Haram
56953,0,228,10,60,350,13.586484,44.024105,1.0,0,0.0,1,0,2,3,702,228.0,0,5,1.0,1,0.0,Al-Qaida in the Arabian Peninsula (AQAP)
62193,0,45,3,368,2516,6.33336,-71.48332,2.0,0,0.0,1,0,3,21,3172,45.0,0,6,0.0,1,0.0,National Liberation Army of Colombia (ELN)
55014,0,160,5,387,2637,10.840278,123.499167,1.0,0,0.0,1,0,2,3,3332,160.0,0,5,3.0,1,0.0,New People's Army (NPA)
49147,0,92,6,130,888,18.815236,82.712102,3.0,0,0.0,1,0,3,2,1449,92.0,0,6,0.0,1,0.0,Communist Party of India - Maoist (CPI-Maoist)
20569,0,186,6,215,1967,7.716666,81.700188,3.0,0,0.0,1,0,2,4,12,92.0,0,5,3.0,1,0.0,Liberation Tigers of Tamil Eelam (LTTE)
16570,0,185,8,89,561,40.728933,-4.0151,1.0,0,1.0,1,0,3,1,512,185.0,0,6,0.0,1,0.0,Basque Fatherland and Freedom (ETA)
8440,0,97,10,458,3043,31.771599,35.2034,1.0,0,0.0,1,0,3,14,3680,97.0,0,6,0.0,1,0.0,Palestinians
22487,0,155,10,456,3039,32.222271,35.253506,1.0,0,0.0,1,0,1,14,3767,155.0,0,5,1.0,1,0.0,Palestinians
29878,0,209,10,207,1711,41.106178,28.689863,1.0,0,1.0,1,0,7,1,765,209.0,0,8,0.0,1,0.0,Kurdistan Workers' Party (PKK)
60080,1,147,11,108,712,10.970246,13.666146,1.0,0,1.0,1,0,6,3,1261,147.0,0,6,1.0,1,1.0,Boko Haram
22085,0,159,3,277,2118,-11.967368,-76.978462,1.0,0,1.0,1,0,3,21,1813,159.0,0,6,0.0,1,0.0,Shining Path (SL)
76021,0,4,6,520,3667,34.875656,71.152008,1.0,0,0.0,1,0,3,14,4517,4.0,0,6,3.0,-9,0.0,Taliban
75519,1,214,9,299,2368,50.4501,30.5234,1.0,0,0.0,1,0,6,2,3033,214.0,0,5,0.0,1,1.0,Muslim extremists
29088,0,159,3,277,2118,-11.967368,-76.978462,1.0,0,0.0,1,0,3,19,4821,159.0,0,6,0.0,1,0.0,Tupac Amaru Revolutionary Movement (MRTA)
16378,0,145,2,442,24,12.492724,-85.520024,4.0,0,0.0,1,0,2,4,1762,145.0,0,5,22.0,1,0.0,Nicaraguan Democratic Force (FDN)
51014,0,92,6,127,2180,18.583752,80.769661,1.0,0,0.0,1,0,2,1,2889,92.0,0,5,0.0,1,0.0,Maoists
69404,0,228,10,52,1517,13.674095,46.133053,4.0,0,0.0,1,0,1,2,1962,228.0,0,6,5.0,1,0.0,Houthi extremists (Ansar Allah)
59741,0,147,11,166,1324,6.783611,9.069722,1.0,0,0.0,1,0,3,15,1211,147.0,0,6,0.0,-9,0.0,Fulani extremists
82462,0,209,10,223,1835,37.300035,44.572792,3.0,0,0.0,1,0,3,4,48,209.0,0,6,2.0,-9,0.0,Kurdistan Workers' Party (PKK)
17496,0,92,6,337,3483,31.513241,75.983333,1.0,1,0.0,1,0,1,3,4352,92.0,0,5,1.0,0,0.0,Sikh Extremists
52153,0,95,10,33,247,33.303566,44.371773,1.0,0,0.0,1,1,3,2,524,95.0,0,6,26.0,1,0.0,Al-Qaida in Iraq
46383,0,45,3,376,3222,2.63874,-76.52915,1.0,0,0.0,1,0,3,19,3955,45.0,0,6,2.0,-9,0.0,Revolutionary Armed Forces of Colombia (FARC)
44593,0,95,10,38,255,35.271023,43.458084,1.0,0,0.0,1,1,3,17,490,95.0,0,6,4.0,0,0.0,Al-Qaida in Iraq
17847,0,183,11,19,189,-26.252697,27.870275,1.0,0,0.0,1,0,3,3,308,183.0,0,6,0.0,1,0.0,African National Congress (South Africa)
66144,0,228,10,55,334,13.978683,45.429204,3.0,0,0.0,1,1,3,22,219,228.0,0,6,8.0,-9,0.0,Al-Qaida in the Arabian Peninsula (AQAP)
13514,0,159,3,277,2118,-11.967368,-76.978462,1.0,0,0.0,1,0,7,1,4755,159.0,0,8,0.0,1,0.0,Tupac Amaru Revolutionary Movement (MRTA)
4434,0,185,8,86,509,43.258434,-2.921819,1.0,0,0.0,1,0,3,1,1070,185.0,0,6,0.0,1,0.0,Basque Fatherland and Freedom (ETA)
74759,0,147,11,166,1419,7.900057,8.833483,1.0,0,1.0,1,0,2,14,27,147.0,0,5,1.0,1,0.0,Fulani extremists
70410,0,147,11,122,678,8.876564,7.244026,1.0,0,1.0,1,1,3,3,175,147.0,0,6,6.0,1,0.0,Boko Haram
46045,0,186,6,215,1969,7.733107,81.68882,1.0,0,0.0,1,0,2,14,2555,186.0,0,5,1.0,0,0.0,Liberation Tigers of Tamil Eelam (LTTE)
7068,0,61,2,149,1150,13.69288,-89.199161,1.0,0,0.0,1,0,7,2,1798,61.0,0,8,1.0,1,0.0,Farabundo Marti National Liberation Front (FMLN)
61791,0,95,10,34,1700,34.271034,45.163567,1.0,0,1.0,1,0,6,4,497,95.0,0,6,1.0,1,1.0,Islamic State of Iraq and the Levant (ISIL)
17365,0,160,5,11,43,14.596051,120.978666,1.0,0,0.0,1,0,1,4,3396,160.0,0,5,1.0,0,0.0,New People's Army (NPA)
62545,0,214,9,145,1067,47.117252,37.572659,1.0,1,0.0,1,0,3,4,1727,214.0,0,6,1.0,1,0.0,Donetsk People's Republic
15979,0,185,8,86,515,43.291618,-1.977903,1.0,0,0.0,1,0,2,14,1021,69.0,0,8,0.0,1,0.0,Basque Fatherland and Freedom (ETA)
81120,0,209,10,250,1901,38.955652,40.036222,3.0,0,0.0,1,0,2,4,48,209.0,0,5,1.0,0,0.0,Kurdistan Workers' Party (PKK)
22053,0,159,3,277,2118,-11.967368,-76.978462,1.0,0,0.0,1,0,3,4,4778,159.0,0,6,0.0,1,0.0,Tupac Amaru Revolutionary Movement (MRTA)
49487,0,45,3,362,1218,6.81699,-75.243998,1.0,1,0.0,0,0,3,21,3860,45.0,0,6,0.0,0,0.0,Revolutionary Armed Forces of Colombia (FARC)
55964,0,60,10,290,2361,31.126646,33.800865,1.0,0,0.0,1,0,2,15,3072,60.0,0,5,1.0,0,0.0,Muslim extremists
11372,0,145,2,445,2891,13.00583,-87.50278,1.0,0,0.0,1,0,3,11,3536,145.0,0,5,1.0,1,0.0,Nicaraguan Democratic Force (FDN)
19076,0,603,8,190,1603,54.607712,-5.95621,1.0,0,1.0,1,0,3,3,2184,233.0,0,5,0.0,1,0.0,Irish Republican Army (IRA)
65358,0,147,11,108,616,11.840929,13.141459,1.0,0,1.0,1,0,2,14,1213,147.0,0,6,32.0,-9,0.0,Boko Haram
71883,0,95,10,33,247,33.303566,44.371773,1.0,0,0.0,1,0,3,14,486,95.0,0,6,1.0,-9,0.0,Islamic State of Iraq and the Levant (ISIL)
17977,0,186,6,215,1966,8.457907,81.268402,1.0,0,1.0,1,0,7,1,1249,186.0,0,8,0.0,1,0.0,Muslim extremists
53391,0,95,10,36,257,33.540672,44.251266,1.0,0,1.0,1,0,3,14,13,95.0,0,6,2.0,-9,0.0,Al-Qaida in Iraq
23417,0,186,6,261,1974,9.666399,80.020477,1.0,1,0.0,1,0,2,3,562,186.0,0,5,5.0,1,0.0,Liberation Tigers of Tamil Eelam (LTTE)
67177,0,147,11,166,1378,6.898706,9.497113,1.0,0,1.0,1,0,2,14,27,147.0,0,5,4.0,0,0.0,Fulani extremists
30292,0,45,3,362,2498,6.242026,-75.564766,1.0,0,0.0,1,0,3,1,3854,198.0,0,6,0.0,1,0.0,Revolutionary Armed Forces of Colombia (FARC)
29403,0,92,6,337,3405,30.898024,75.860077,1.0,0,0.0,1,0,3,1,4276,92.0,0,6,0.0,1,0.0,Sikh Extremists
54519,0,45,3,360,24,5.233187,-76.829109,4.0,0,0.0,1,0,2,3,175,45.0,0,5,0.0,-9,0.0,Revolutionary Armed Forces of Colombia (FARC)
56065,0,45,3,361,3149,2.47611,-78.1169,3.0,0,0.0,1,0,3,3,175,45.0,0,6,0.0,1,0.0,Revolutionary Armed Forces of Colombia (FARC)
55038,0,228,10,181,1513,16.8884,44.2738,3.0,0,0.0,1,0,8,8,1957,228.0,0,9,0.0,0,0.0,Houthi extremists (Ansar Allah)
55211,0,92,6,126,781,23.395833,84.238515,1.0,0,0.0,1,0,3,14,1302,92.0,0,6,0.0,1,0.0,Communist Party of India - Maoist (CPI-Maoist)
30931,0,69,8,137,1040,43.696036,7.265592,1.0,0,0.0,1,0,3,1,560,69.0,0,6,0.0,1,0.0,Corsican National Liberation Front (FLNC)
11960,0,145,2,438,2860,13.37984,-86.48075,1.0,0,0.0,1,0,2,14,3585,145.0,0,5,0.0,1,0.0,Nicaraguan Democratic Force (FDN)
47867,0,4,6,319,3578,33.279501,69.598588,2.0,0,0.0,1,0,7,1,4459,92.0,0,8,0.0,1,0.0,Taliban
54138,0,95,10,37,254,36.354145,43.14357,1.0,0,1.0,1,0,2,3,85,95.0,0,5,3.0,0,0.0,Al-Qaida in Iraq
18134,0,43,3,271,2106,-33.366238,-70.505302,1.0,0,0.0,1,0,2,19,1874,43.0,0,8,0.0,1,0.0,Manuel Rodriguez Patriotic Front (FPMR)
39310,0,45,3,362,2585,7.198606,-75.341218,4.0,0,0.0,1,0,7,14,3267,45.0,0,8,0.0,1,0.0,National Liberation Army of Colombia (ELN)
11923,0,43,3,271,2106,-33.366238,-70.505302,1.0,0,1.0,1,0,3,21,2751,43.0,0,6,1.0,1,0.0,Manuel Rodriguez Patriotic Front (FPMR)
14999,0,145,2,437,2864,13.746389,-86.709722,1.0,0,0.0,1,0,2,4,1762,145.0,0,5,1.0,1,0.0,Nicaraguan Democratic Force (FDN)
5173,0,603,8,190,1604,55.011562,-7.312045,1.0,0,0.0,1,0,1,3,2140,233.0,0,5,1.0,0,0.0,Irish Republican Army (IRA)
75437,0,147,11,166,1295,7.350826,8.836276,4.0,0,1.0,1,0,2,14,13,147.0,0,5,2.0,-9,0.0,Fulani extremists
61708,0,113,10,306,2377,32.867867,13.189067,1.0,0,0.0,1,0,3,6,355,113.0,0,6,0.0,1,0.0,Muslim extremists
52706,0,95,10,36,288,33.669689,44.381317,1.0,0,1.0,1,0,3,14,13,95.0,0,6,0.0,-9,0.0,Al-Qaida in Iraq
60238,0,147,11,115,634,11.974328,8.50026,1.0,0,0.0,1,1,3,14,811,147.0,0,6,5.0,-9,0.0,Boko Haram
20773,0,159,3,277,3308,-12.7414,-75.8094,1.0,0,0.0,1,0,2,14,4099,159.0,0,5,5.0,1,0.0,Shining Path (SL)
44383,0,186,6,260,1968,6.941837,79.861687,1.0,0,0.0,1,1,3,2,2605,186.0,0,6,2.0,-9,0.0,Liberation Tigers of Tamil Eelam (LTTE)
52511,0,228,10,53,314,15.325443,44.211895,1.0,0,0.0,0,0,1,3,740,228.0,0,6,0.0,1,0.0,Al-Qaida in the Arabian Peninsula (AQAP)
42319,0,209,10,203,1825,36.976667,36.738466,3.0,1,0.0,1,0,3,19,2365,209.0,0,6,0.0,1,0.0,Kurdistan Workers' Party (PKK)
36005,0,185,8,91,570,43.35154,-3.81413,1.0,0,1.0,1,0,3,21,1069,185.0,0,6,0.0,1,0.0,Basque Fatherland and Freedom (ETA)
55975,0,160,5,410,2751,13.037584,124.122482,1.0,0,0.0,1,0,2,8,3424,160.0,0,5,0.0,0,0.0,New People's Army (NPA)
23161,0,155,10,325,1468,31.502407,34.459743,1.0,0,0.0,1,0,1,7,3769,155.0,0,9,1.0,0,0.0,Palestinians
40116,0,45,3,362,2498,6.242026,-75.564766,1.0,0,0.0,0,0,1,2,3891,45.0,0,5,0.0,-9,0.0,Revolutionary Armed Forces of Colombia (FARC)
64815,0,214,9,145,1125,48.25189,38.41282,1.0,0,0.0,1,0,3,4,48,214.0,0,6,0.0,-9,0.0,Donetsk People's Republic
70260,0,104,11,67,406,3.938715,41.844707,1.0,0,0.0,1,0,3,4,559,104.0,0,6,3.0,1,0.0,Al-Shabaab
15658,0,159,3,277,2118,-11.967368,-76.978462,1.0,0,0.0,1,0,5,16,4827,159.0,0,5,0.0,0,0.0,Tupac Amaru Revolutionary Movement (MRTA)
64775,0,228,10,182,1558,15.635556,44.323889,2.0,0,1.0,1,0,3,14,854,228.0,0,6,0.0,1,0.0,Houthi extremists (Ansar Allah)
33404,0,185,8,94,24,42.695391,-1.676069,4.0,0,0.0,1,0,3,19,982,185.0,0,6,0.0,1,0.0,Basque Fatherland and Freedom (ETA)
67020,0,95,10,34,1777,34.275066,44.537865,1.0,1,0.0,1,0,3,17,12,95.0,0,6,1.0,-9,0.0,Islamic State of Iraq and the Levant (ISIL)
69853,0,95,10,32,248,34.160587,42.37254,1.0,0,1.0,1,1,3,4,48,95.0,0,6,10.0,0,0.0,Islamic State of Iraq and the Levant (ISIL)
7823,0,183,11,19,166,-25.748281,28.212069,1.0,1,0.0,1,0,3,16,341,183.0,0,6,0.0,1,0.0,African National Congress (South Africa)
6777,0,61,2,149,1150,13.69288,-89.199161,1.0,0,1.0,1,0,3,1,321,61.0,0,6,1.0,1,0.0,Farabundo Marti National Liberation Front (FMLN)
78315,0,228,10,52,313,13.883333,45.866667,3.0,0,0.0,1,0,2,4,722,228.0,0,5,2.0,0,0.0,Al-Qaida in the Arabian Peninsula (AQAP)
57897,0,228,10,48,309,12.825647,44.846416,1.0,0,1.0,1,1,3,3,524,228.0,0,6,1.0,1,0.0,Al-Qaida in the Arabian Peninsula (AQAP)
78560,0,92,6,130,2201,18.821768,84.252903,1.0,1,0.0,0,0,3,20,6,92.0,0,6,0.0,0,0.0,Maoists
20445,0,45,3,371,3218,7.48008,-73.92076,1.0,0,0.0,1,0,6,14,3970,45.0,0,5,1.0,1,1.0,Revolutionary Armed Forces of Colombia (FARC)
18116,0,43,3,271,2106,-33.366238,-70.505302,1.0,0,0.0,1,0,3,1,1584,43.0,0,6,0.0,1,0.0,Manuel Rodriguez Patriotic Front (FPMR)
12301,0,43,3,271,2106,-33.366238,-70.505302,1.0,0,0.0,1,0,3,2,2809,43.0,0,6,0.0,1,0.0,Manuel Rodriguez Patriotic Front (FPMR)
72041,0,92,6,125,788,25.740541,84.824858,1.0,0,1.0,0,0,3,1,1308,92.0,0,6,0.0,0,0.0,Communist Party of India - Maoist (CPI-Maoist)
79973,0,92,6,130,2228,18.839444,83.232778,1.0,0,0.0,1,0,6,14,2918,92.0,0,9,1.0,0,1.0,Maoists
14768,0,159,3,277,2118,-11.967368,-76.978462,1.0,0,0.0,1,0,3,6,4832,45.0,0,6,0.0,1,0.0,Tupac Amaru Revolutionary Movement (MRTA)
66629,0,228,10,48,309,12.825647,44.846416,1.0,0,1.0,1,0,3,14,854,228.0,0,6,3.0,1,0.0,Houthi extremists (Ansar Allah)
58391,0,182,11,68,404,2.059819,45.326115,1.0,0,1.0,1,0,3,2,821,182.0,0,6,0.0,0,0.0,Al-Shabaab
57906,0,92,6,125,2199,24.871535,86.207106,1.0,0,0.0,1,0,7,1,112,92.0,0,8,0.0,1,0.0,Maoists
19010,0,159,3,491,3860,-6.774056,-79.843559,1.0,0,0.0,1,0,3,2,4789,159.0,0,6,0.0,1,0.0,Tupac Amaru Revolutionary Movement (MRTA)
64946,0,147,11,108,625,12.922965,13.563938,3.0,0,1.0,1,0,2,14,27,147.0,0,6,6.0,1,-9.0,Boko Haram
73430,0,95,10,38,1689,35.320671,43.767281,3.0,0,0.0,1,0,3,4,2287,95.0,0,6,2.0,1,0.0,Islamic State of Iraq and the Levant (ISIL)
9803,0,97,10,462,3093,32.800445,35.001584,1.0,1,0.0,1,0,3,14,3751,97.0,0,6,1.0,1,0.0,Palestinians
25272,0,92,6,125,3470,26.396678,85.662752,1.0,0,0.0,1,0,2,19,1254,92.0,0,5,3.0,1,0.0,Sikh Extremists
79731,0,95,10,37,254,36.354145,43.14357,1.0,0,0.0,1,0,3,4,1720,95.0,0,6,2.0,1,0.0,Islamic State of Iraq and the Levant (ISIL)
66337,0,214,9,145,1069,47.098835,37.81987,1.0,1,1.0,1,0,2,4,1697,214.0,0,6,0.0,0,0.0,Donetsk People's Republic
49127,0,92,6,126,797,23.075278,85.278889,3.0,0,0.0,1,0,1,14,1317,92.0,0,5,1.0,-9,1.0,Communist Party of India - Maoist (CPI-Maoist)
53225,0,95,10,37,254,36.354145,43.14357,1.0,0,1.0,1,0,3,14,13,95.0,0,6,2.0,0,0.0,Al-Qaida in Iraq
44899,0,45,3,367,3153,2.93303,-75.285828,1.0,0,1.0,1,0,3,1,3940,45.0,0,6,0.0,1,0.0,Revolutionary Armed Forces of Colombia (FARC)
76417,0,153,6,468,3732,28.002285,68.728009,1.0,0,1.0,1,1,3,15,215,153.0,0,6,2.0,-9,0.0,Tehrik-i-Taliban Pakistan (TTP)
67007,0,182,11,65,431,2.71581,44.511845,1.0,0,0.0,1,0,2,4,844,422.0,0,5,14.0,-9,0.0,Al-Shabaab
15171,0,160,5,407,2734,11.263605,122.688646,1.0,0,0.0,0,0,1,2,3410,160.0,0,5,0.0,0,0.0,New People's Army (NPA)
14155,0,69,8,135,24,41.918891,8.737554,4.0,0,1.0,1,0,3,3,1578,69.0,0,6,0.0,1,0.0,Corsican National Liberation Front (FLNC)
4312,0,155,10,456,3039,32.222271,35.253506,1.0,0,0.0,0,0,7,2,3621,97.0,0,8,0.0,1,0.0,Palestinians
3737,0,185,8,88,557,43.230556,-2.845833,1.0,0,0.0,1,0,5,14,1031,185.0,0,5,0.0,1,1.0,Basque Fatherland and Freedom (ETA)
30845,0,97,10,458,3043,31.771599,35.2034,1.0,0,0.0,1,0,3,14,3737,97.0,0,6,0.0,1,0.0,Palestinians
80526,0,92,6,126,839,23.90477,85.70469,1.0,0,0.0,1,0,6,14,1360,92.0,0,5,1.0,0,1.0,Communist Party of India - Maoist (CPI-Maoist)
10409,0,185,8,86,515,43.291618,-1.977903,1.0,0,0.0,1,0,3,3,414,185.0,0,6,1.0,1,0.0,Basque Fatherland and Freedom (ETA)
48253,0,45,3,362,3159,6.964565,-75.417688,1.0,0,0.0,1,0,7,1,3877,45.0,0,8,0.0,1,0.0,Revolutionary Armed Forces of Colombia (FARC)
13915,0,145,2,450,2961,12.16349,-84.218941,1.0,0,0.0,1,0,2,4,562,145.0,0,5,1.0,1,0.0,Nicaraguan Democratic Force (FDN)
5527,0,97,10,460,3100,32.08297,34.811886,1.0,0,0.0,1,0,3,2,3763,97.0,0,6,0.0,1,0.0,Palestinians
53067,0,147,11,110,704,12.87324,11.04634,1.0,0,0.0,1,0,3,2,219,147.0,0,6,2.0,0,0.0,Boko Haram
69150,0,228,10,56,24,14.802222,42.951111,4.0,0,0.0,1,0,2,14,13,228.0,0,5,2.0,0,0.0,Houthi extremists (Ansar Allah)
54717,0,147,11,110,676,12.187141,11.706829,2.0,0,0.0,1,0,2,17,1248,147.0,0,5,7.0,0,0.0,Boko Haram
17750,0,92,6,494,3421,28.690073,77.213982,1.0,0,1.0,0,0,3,2,1171,92.0,0,6,0.0,1,0.0,Sikh Extremists
27136,0,159,3,277,2118,-11.967368,-76.978462,1.0,0,1.0,1,0,3,1,1577,159.0,0,6,0.0,1,0.0,Tupac Amaru Revolutionary Movement (MRTA)
24259,0,159,3,277,2118,-11.967368,-76.978462,1.0,0,0.0,1,0,3,7,260,156.0,0,6,0.0,1,0.0,Tupac Amaru Revolutionary Movement (MRTA)
11130,0,45,3,362,3143,6.828333,-75.513056,2.0,0,0.0,0,0,1,1,3858,45.0,0,5,0.0,0,0.0,Revolutionary Armed Forces of Colombia (FARC)
67919,0,228,10,53,314,15.325443,44.211895,1.0,0,0.0,0,0,6,2,1965,228.0,0,5,2.0,0,1.0,Houthi extremists (Ansar Allah)
37494,0,45,3,370,2542,6.15518,-71.76813,1.0,0,1.0,1,0,2,3,3913,45.0,0,5,0.0,1,0.0,Revolutionary Armed Forces of Colombia (FARC)
64867,0,214,9,145,1102,47.26136,37.744514,1.0,0,0.0,1,0,3,4,1697,214.0,0,6,0.0,-9,0.0,Donetsk People's Republic
26912,0,92,6,494,3410,28.585836,77.153336,1.0,0,0.0,1,0,3,1,4298,92.0,0,6,1.0,1,0.0,Sikh Extremists
18384,0,159,3,155,3332,-8.145109,-78.17352,1.0,0,0.0,1,0,1,2,4128,159.0,0,5,1.0,0,0.0,Shining Path (SL)
31805,0,159,3,277,2118,-11.967368,-76.978462,1.0,0,0.0,1,0,3,1,4057,159.0,0,6,0.0,1,0.0,Shining Path (SL)
71563,0,228,10,48,356,12.867085,44.981911,1.0,0,0.0,1,0,1,2,744,228.0,0,5,4.0,1,0.0,Al-Qaida in the Arabian Peninsula (AQAP)
73057,0,160,5,412,2720,9.34203,125.516331,1.0,0,0.0,1,0,7,1,2964,160.0,0,8,0.0,1,0.0,New People's Army (NPA)
33753,0,160,5,0,24,6.703352,121.968689,4.0,0,0.0,1,0,6,2,128,160.0,0,9,2.0,0,1.0,Abu Sayyaf Group (ASG)
65573,0,160,5,0,29,6.41871,121.972443,1.0,0,0.0,1,0,3,1,37,160.0,0,6,0.0,-9,0.0,Abu Sayyaf Group (ASG)
29338,0,45,3,364,2493,9.56049,-73.33269,1.0,0,0.0,1,0,6,2,3142,45.0,0,5,0.0,0,1.0,National Liberation Army of Colombia (ELN)
80660,0,37,11,117,641,11.162543,14.013976,1.0,0,0.0,1,1,3,14,1240,37.0,0,6,11.0,-9,0.0,Boko Haram
57708,0,160,5,0,16,6.700414,121.972557,1.0,0,0.0,1,0,3,2,163,160.0,0,6,0.0,1,0.0,Abu Sayyaf Group (ASG)
29490,0,69,8,138,1023,48.113475,-1.675708,1.0,0,1.0,1,0,3,2,1570,69.0,0,6,0.0,1,0.0,Corsican National Liberation Front (FLNC)
21348,0,159,3,277,2118,-11.967368,-76.978462,1.0,0,0.0,1,0,3,1,4766,159.0,0,6,0.0,1,0.0,Tupac Amaru Revolutionary Movement (MRTA)
70108,0,209,10,232,1919,37.924973,40.210983,3.0,0,0.0,1,0,3,3,559,209.0,0,6,0.0,1,0.0,Kurdistan Workers' Party (PKK)
51051,0,182,11,68,422,2.027701,45.275927,2.0,0,0.0,1,0,2,4,577,422.0,0,6,1.0,1,0.0,Al-Shabaab
943,0,603,8,190,24,54.787715,-6.492314,4.0,0,0.0,0,0,1,3,2129,233.0,0,5,1.0,0,0.0,Irish Republican Army (IRA)
14117,0,45,3,368,24,6.547306,-71.002231,4.0,0,0.0,1,0,2,1,3231,45.0,0,5,1.0,1,0.0,National Liberation Army of Colombia (ELN)
60388,0,228,10,50,326,15.940011,48.789753,1.0,0,1.0,1,1,3,6,355,228.0,0,6,4.0,-9,0.0,Al-Qaida in the Arabian Peninsula (AQAP)
66405,0,153,6,352,3769,34.102074,71.47802,1.0,0,0.0,1,0,1,1,4603,153.0,0,5,1.0,1,0.0,Tehrik-i-Taliban Pakistan (TTP)
45716,0,153,6,534,3739,35.075339,72.854657,1.0,0,0.0,1,0,3,19,4573,153.0,0,6,0.0,1,0.0,Tehrik-i-Taliban Pakistan (TTP)
10069,0,145,2,448,2989,13.052295,-86.589121,1.0,0,0.0,1,0,2,14,3590,145.0,0,5,2.0,1,0.0,Nicaraguan Democratic Force (FDN)
28730,0,92,6,337,3405,30.898024,75.860077,1.0,1,1.0,1,0,7,1,1088,92.0,0,8,0.0,1,0.0,Sikh Extremists
77048,0,182,11,66,402,1.789637,44.529976,1.0,0,0.0,1,0,2,4,577,422.0,0,6,0.0,-9,0.0,Al-Shabaab
22725,0,183,11,25,175,-33.963038,18.501671,1.0,0,0.0,1,0,3,3,314,183.0,0,6,1.0,1,0.0,African National Congress (South Africa)
50387,0,4,6,524,3643,32.9833,67.9666,3.0,0,0.0,1,0,3,3,4523,4.0,0,6,0.0,1,0.0,Taliban
63840,0,95,10,37,1732,36.76321,42.602535,1.0,0,0.0,1,0,3,14,2307,95.0,0,6,1.0,1,0.0,Islamic State of Iraq and the Levant (ISIL)
78500,0,228,10,52,313,13.883333,45.866667,3.0,0,0.0,1,0,2,17,20,228.0,0,5,4.0,0,0.0,Al-Qaida in the Arabian Peninsula (AQAP)
49469,0,160,5,0,16,6.681959,121.985477,1.0,1,0.0,1,0,3,2,160,160.0,0,6,0.0,1,0.0,Abu Sayyaf Group (ASG)
6357,0,97,10,261,3076,32.9,35.33333,3.0,1,0.0,1,0,2,17,3699,97.0,0,5,0.0,1,0.0,Palestinians
9924,0,145,2,437,2935,13.713126,-86.127068,2.0,1,0.0,1,0,2,4,1762,145.0,0,5,1.0,1,0.0,Nicaraguan Democratic Force (FDN)
68573,0,182,11,68,404,2.059819,45.326115,1.0,0,0.0,1,0,3,4,48,182.0,0,6,3.0,0,0.0,Al-Shabaab
41980,0,95,10,33,247,33.303566,44.371773,1.0,0,0.0,1,0,3,2,545,95.0,0,6,3.0,1,0.0,Al-Qaida in Iraq
63044,0,147,11,166,1334,7.009482,9.492837,1.0,0,0.0,1,0,6,14,205,147.0,0,5,4.0,1,1.0,Fulani extremists
22362,0,155,10,456,3039,32.222271,35.253506,1.0,0,0.0,1,0,1,14,3747,155.0,0,5,1.0,0,0.0,Palestinians
36456,0,45,3,362,2531,7.07786,-74.70355,1.0,0,0.0,1,0,7,2,3221,45.0,0,8,0.0,1,0.0,National Liberation Army of Colombia (ELN)
10043,0,110,10,457,3040,33.888523,35.503513,1.0,0,0.0,1,0,2,4,3714,97.0,0,5,1.0,1,0.0,Palestinians
13771,0,69,8,135,24,41.919593,8.737687,4.0,0,1.0,1,0,3,1,1555,69.0,0,6,0.0,1,0.0,Corsican National Liberation Front (FLNC)
21759,0,92,6,337,3445,31.534899,75.910571,3.0,0,0.0,1,0,2,3,4289,92.0,0,5,3.0,1,0.0,Sikh Extremists
36553,0,45,3,361,3176,1.93514,-77.30609,1.0,0,0.0,1,0,2,3,432,45.0,0,5,1.0,1,0.0,Revolutionary Armed Forces of Colombia (FARC)
47087,0,92,6,129,904,22.124002,84.043175,1.0,0,1.0,1,0,3,3,576,92.0,0,6,0.0,1,0.0,Communist Party of India - Maoist (CPI-Maoist)
66930,0,45,3,376,3142,3.115381,-76.62609,1.0,0,0.0,1,0,3,4,12,45.0,0,6,13.0,0,0.0,Revolutionary Armed Forces of Colombia (FARC)
24371,1,45,3,366,2500,7.116294,-73.120026,1.0,0,0.0,1,0,6,2,3248,45.0,0,5,0.0,0,1.0,National Liberation Army of Colombia (ELN)
76849,0,200,10,200,2356,36.201721,37.14352,1.0,0,1.0,1,0,3,14,931,200.0,0,6,0.0,-9,0.0,Muslim extremists
23335,0,160,5,11,43,14.596051,120.978666,1.0,0,0.0,1,0,1,2,3444,160.0,0,5,1.0,0,0.0,New People's Army (NPA)
16605,0,183,11,25,197,-33.978578,18.580468,1.0,1,0.0,1,0,3,3,275,183.0,0,6,1.0,0,0.0,African National Congress (South Africa)
81967,0,182,11,80,453,11.000551,49.02069,1.0,1,0.0,1,0,2,4,577,182.0,0,6,1.0,0,0.0,Al-Shabaab
17820,0,61,2,158,1190,13.558889,-88.43,1.0,0,0.0,1,0,7,2,1825,61.0,0,5,0.0,1,0.0,Farabundo Marti National Liberation Front (FMLN)
49318,0,69,8,135,1047,42.36999,9.501176,1.0,0,0.0,1,0,3,1,1626,69.0,0,6,0.0,1,0.0,Corsican National Liberation Front (FLNC)
65705,0,147,11,166,1286,7.689167,9.250278,3.0,0,1.0,1,0,2,14,27,147.0,0,5,0.0,1,0.0,Fulani extremists
6229,0,185,8,94,531,42.815372,-1.653616,1.0,0,0.0,0,0,1,4,1118,185.0,0,5,0.0,0,0.0,Basque Fatherland and Freedom (ETA)
58252,0,147,11,112,860,9.632177,8.503456,1.0,0,0.0,1,0,2,1,1941,44.0,0,5,1.0,0,0.0,Fulani extremists
80830,1,147,11,108,652,10.902533,12.83032,2.0,0,1.0,1,0,6,14,27,147.0,0,5,2.0,1,1.0,Boko Haram
22986,0,159,3,277,2118,-11.967368,-76.978462,1.0,0,0.0,1,0,1,2,4784,159.0,0,5,1.0,1,0.0,Tupac Amaru Revolutionary Movement (MRTA)
20718,0,159,3,277,2118,-11.967368,-76.978462,1.0,0,0.0,1,0,7,14,4794,159.0,0,8,0.0,1,0.0,Tupac Amaru Revolutionary Movement (MRTA)
9214,0,61,2,151,1186,13.719546,-88.360633,1.0,0,0.0,1,0,2,4,1762,61.0,0,5,1.0,1,0.0,Farabundo Marti National Liberation Front (FMLN)
75977,0,228,10,52,335,13.357599,45.69648,1.0,0,0.0,1,1,3,4,20,228.0,0,6,4.0,-9,0.0,Al-Qaida in the Arabian Peninsula (AQAP)
62399,0,228,10,50,326,15.9486,48.750902,2.0,0,0.0,1,0,3,4,162,228.0,0,6,3.0,1,0.0,Al-Qaida in the Arabian Peninsula (AQAP)
20778,0,185,8,89,517,40.465595,-3.696263,1.0,0,0.0,1,0,3,3,1113,185.0,0,6,2.0,1,0.0,Basque Fatherland and Freedom (ETA)
51705,0,95,10,32,263,33.420948,43.295662,1.0,0,1.0,1,0,3,3,85,95.0,0,6,1.0,1,0.0,Al-Qaida in Iraq
19966,0,183,11,25,163,-33.995515,18.584543,1.0,0,0.0,1,0,2,3,308,183.0,0,5,1.0,1,0.0,African National Congress (South Africa)
13599,0,43,3,272,2110,-36.816006,-73.037659,1.0,0,0.0,1,0,3,19,2735,43.0,0,6,0.0,1,0.0,Manuel Rodriguez Patriotic Front (FPMR)
25975,0,159,3,277,2118,-11.967368,-76.978462,1.0,0,0.0,1,0,7,8,4779,159.0,0,8,0.0,1,0.0,Tupac Amaru Revolutionary Movement (MRTA)
75523,0,173,10,61,1534,17.554939,44.232357,1.0,0,0.0,1,0,3,3,167,173.0,0,6,0.0,-9,0.0,Houthi extremists (Ansar Allah)
12409,0,61,2,149,1150,13.69288,-89.199161,1.0,0,1.0,1,0,3,21,1761,61.0,0,6,1.0,1,0.0,Farabundo Marti National Liberation Front (FMLN)
49858,0,92,6,130,821,18.815236,82.712102,1.0,1,0.0,1,0,2,3,1390,92.0,0,5,2.0,-9,0.0,Communist Party of India - Maoist (CPI-Maoist)
18006,0,92,6,337,3414,31.345599,74.692032,1.0,0,0.0,1,0,2,3,4249,92.0,0,5,3.0,1,0.0,Sikh Extremists
73444,0,228,10,50,24,16.902582,49.36381,4.0,0,0.0,1,0,6,14,13,228.0,0,5,3.0,0,1.0,Al-Qaida in the Arabian Peninsula (AQAP)
9482,0,45,3,384,24,8.402925,-75.899867,4.0,0,0.0,1,0,1,14,3847,45.0,0,5,7.0,0,0.0,Revolutionary Armed Forces of Colombia (FARC)
13551,0,159,3,277,2118,-11.967368,-76.978462,1.0,0,0.0,1,0,3,1,4802,159.0,0,6,1.0,1,0.0,Tupac Amaru Revolutionary Movement (MRTA)
73283,0,182,11,70,407,-0.357847,42.54665,1.0,0,1.0,1,0,3,14,818,182.0,0,6,3.0,1,0.0,Al-Shabaab
60442,0,147,11,110,615,11.247069,12.01246,1.0,0,1.0,1,0,2,14,1226,147.0,0,5,3.0,1,0.0,Boko Haram
16536,0,159,3,277,2118,-11.967368,-76.978462,1.0,0,1.0,1,0,3,1,2132,159.0,0,6,1.0,1,0.0,Shining Path (SL)
71964,0,228,10,60,1527,13.181362,43.728558,3.0,0,0.0,1,0,3,14,890,228.0,0,6,2.0,-9,0.0,Houthi extremists (Ansar Allah)
77351,0,92,6,130,2154,19.583449,83.501022,1.0,0,0.0,1,0,3,3,85,92.0,0,6,0.0,1,0.0,Maoists
76616,0,95,10,36,1696,34.458684,43.795649,3.0,0,0.0,1,0,3,14,854,95.0,0,6,0.0,1,0.0,Islamic State of Iraq and the Levant (ISIL)
24705,0,159,3,277,2118,-11.967368,-76.978462,1.0,0,1.0,1,0,3,8,51,159.0,0,6,0.0,1,0.0,Shining Path (SL)
18186,0,159,3,277,2118,-11.967368,-76.978462,1.0,0,0.0,1,0,3,14,4161,159.0,0,6,2.0,1,0.0,Tupac Amaru Revolutionary Movement (MRTA)
74469,0,160,5,1,22,6.050458,121.012245,1.0,0,0.0,1,0,3,4,59,160.0,0,6,0.0,1,0.0,Abu Sayyaf Group (ASG)
26842,0,185,8,86,577,43.3331,-3.113229,1.0,0,0.0,1,0,3,3,1087,185.0,0,6,0.0,1,0.0,Basque Fatherland and Freedom (ETA)
4802,0,69,8,135,24,41.918891,8.737554,4.0,0,1.0,1,0,3,1,1088,69.0,0,6,0.0,1,0.0,Corsican National Liberation Front (FLNC)
70388,0,209,10,232,1864,38.142658,41.012292,3.0,0,0.0,1,0,2,4,2404,209.0,0,5,2.0,-9,0.0,Kurdistan Workers' Party (PKK)
61937,0,214,9,145,1116,48.06276,38.416573,1.0,0,0.0,1,0,2,14,1731,214.0,0,5,1.0,1,0.0,Donetsk People's Republic
31930,0,209,10,243,1859,40.039118,43.659959,1.0,0,0.0,1,0,2,14,2389,209.0,0,5,8.0,1,0.0,Kurdistan Workers' Party (PKK)
34291,0,45,3,377,3182,4.21557,-73.81502,1.0,0,0.0,1,0,2,19,3908,45.0,0,5,2.0,1,1.0,Revolutionary Armed Forces of Colombia (FARC)
40851,0,92,6,291,2384,33.931011,75.114212,1.0,0,0.0,1,0,2,4,3047,92.0,0,5,1.0,0,0.0,Muslim extremists
56608,0,160,5,424,2733,17.083333,120.9,1.0,0,0.0,1,0,2,3,3409,160.0,0,5,1.0,-9,0.0,New People's Army (NPA)
4992,0,603,8,190,1607,54.347539,-6.656108,1.0,0,0.0,1,0,3,3,2107,233.0,0,6,1.0,1,0.0,Irish Republican Army (IRA)
68667,0,147,11,110,613,11.704399,11.088539,1.0,0,0.0,1,1,3,15,1211,147.0,0,6,7.0,-9,0.0,Boko Haram
54960,0,147,11,110,682,10.897831,11.608189,1.0,0,1.0,1,0,2,3,175,147.0,0,6,1.0,1,0.0,Boko Haram
71409,0,95,10,36,1752,34.533753,43.483738,2.0,0,0.0,0,1,3,17,347,95.0,0,6,3.0,0,0.0,Islamic State of Iraq and the Levant (ISIL)
59522,0,92,6,125,2235,24.737557,86.300157,3.0,0,1.0,0,0,3,2,2895,92.0,0,6,0.0,0,0.0,Maoists
53006,0,95,10,34,249,33.74324,44.623825,1.0,0,0.0,1,0,3,4,12,95.0,0,6,4.0,0,0.0,Al-Qaida in Iraq
59200,0,147,11,166,1308,7.820035,8.860315,1.0,0,1.0,1,0,2,14,27,147.0,0,5,13.0,1,0.0,Fulani extremists
33338,0,69,8,135,24,41.918891,8.737554,4.0,0,1.0,1,0,3,2,1642,69.0,0,6,0.0,1,0.0,Corsican National Liberation Front (FLNC)
3973,0,185,8,88,509,43.258434,-2.921819,1.0,0,0.0,1,0,1,2,1054,185.0,0,5,1.0,0,0.0,Basque Fatherland and Freedom (ETA)
68623,0,147,11,108,626,10.737778,13.130556,1.0,0,0.0,1,0,3,14,27,147.0,0,6,31.0,1,0.0,Boko Haram
73163,0,95,10,199,1750,35.823377,43.372935,3.0,0,0.0,1,0,3,4,524,95.0,0,6,4.0,-9,0.0,Islamic State of Iraq and the Levant (ISIL)
70200,0,228,10,60,350,13.586484,44.024105,1.0,0,1.0,1,0,3,1,542,228.0,0,6,5.0,1,0.0,Houthi extremists (Ansar Allah)
26478,0,603,8,190,1603,54.607712,-5.95621,1.0,0,1.0,1,0,7,1,947,233.0,0,8,0.0,1,0.0,Irish Republican Army (IRA)
18842,0,159,3,535,3868,-16.609087,-71.215523,1.0,0,0.0,1,0,3,3,2184,159.0,0,5,0.0,1,0.0,Tupac Amaru Revolutionary Movement (MRTA)
56442,0,60,10,290,2361,31.126646,33.800865,1.0,0,1.0,1,0,3,4,1734,60.0,0,6,0.0,0,0.0,Muslim extremists
47499,0,92,6,125,883,24.781467,84.986412,1.0,0,0.0,1,0,3,16,1414,92.0,0,6,0.0,1,0.0,Communist Party of India - Maoist (CPI-Maoist)
27555,0,92,6,337,3471,31.124017,75.777846,1.0,0,0.0,1,0,1,22,4337,92.0,0,5,1.0,0,0.0,Sikh Extremists
65088,0,214,9,145,1073,48.064426,37.673248,1.0,0,0.0,1,0,3,14,205,214.0,0,6,0.0,-9,0.0,Donetsk People's Republic
29778,0,92,6,133,3443,19.075984,72.877656,1.0,0,0.0,1,0,2,3,4320,92.0,0,5,2.0,1,0.0,Sikh Extremists
40859,0,92,6,291,2433,34.211864,74.770804,1.0,0,0.0,0,0,1,2,3085,92.0,0,6,0.0,0,0.0,Muslim extremists
70161,0,92,6,133,2198,18.894734,80.193719,1.0,0,0.0,1,0,7,3,560,92.0,0,8,0.0,1,0.0,Maoists
64614,0,214,9,145,1101,48.396416,37.974052,1.0,1,0.0,1,0,2,4,1697,214.0,0,6,0.0,-9,0.0,Donetsk People's Republic
69482,0,95,10,38,1774,35.326885,44.244495,1.0,0,0.0,1,0,3,14,1274,95.0,0,6,4.0,1,0.0,Islamic State of Iraq and the Levant (ISIL)
81903,0,228,10,52,317,13.887403,45.863647,1.0,0,0.0,0,0,1,4,714,228.0,0,5,1.0,0,0.0,Al-Qaida in the Arabian Peninsula (AQAP)
60882,1,60,10,290,2361,31.126646,33.800865,1.0,0,0.0,1,0,6,1,3039,60.0,0,5,0.0,1,1.0,Muslim extremists
14855,0,43,3,271,2106,-33.366238,-70.505302,1.0,0,0.0,1,0,3,19,2740,43.0,0,6,0.0,1,0.0,Manuel Rodriguez Patriotic Front (FPMR)
82813,1,147,11,170,1293,7.855064,5.343466,1.0,1,0.0,1,0,6,15,1915,147.0,0,5,1.0,0,1.0,Fulani extremists
35626,0,186,6,215,2018,7.689011,81.72947,1.0,0,0.0,0,0,3,3,2584,186.0,0,6,0.0,1,0.0,Liberation Tigers of Tamil Eelam (LTTE)
74484,0,153,6,332,2428,30.200819,66.994354,1.0,0,0.0,1,0,3,3,4495,153.0,0,6,1.0,1,0.0,Tehrik-i-Taliban Pakistan (TTP)
65469,0,147,11,166,1435,7.715104,9.230054,2.0,0,1.0,1,0,2,14,27,147.0,0,5,2.0,1,0.0,Fulani extremists
67401,1,160,5,1,58,5.553923,120.913233,1.0,0,0.0,1,0,6,14,102,160.0,0,5,1.0,0,1.0,Abu Sayyaf Group (ASG)
5217,0,69,8,136,131,48.856644,2.34233,1.0,0,0.0,1,0,3,1,1562,69.0,0,6,0.0,1,0.0,Corsican National Liberation Front (FLNC)
65748,0,95,10,36,1753,33.460819,44.157433,1.0,1,0.0,1,0,3,14,925,95.0,0,6,3.0,-9,0.0,Islamic State of Iraq and the Levant (ISIL)
47310,0,153,6,534,682,33.915234,71.458679,1.0,0,0.0,1,0,3,8,4674,153.0,0,6,0.0,1,0.0,Tehrik-i-Taliban Pakistan (TTP)
48351,0,92,6,127,785,18.9,81.35,1.0,1,1.0,1,0,2,3,1476,92.0,0,5,0.0,-9,0.0,Communist Party of India - Maoist (CPI-Maoist)
1829,0,603,8,190,1603,54.607712,-5.95621,1.0,0,0.0,1,0,1,14,2177,233.0,0,5,1.0,0,0.0,Irish Republican Army (IRA)
5227,0,69,8,136,131,48.856644,2.34233,1.0,0,0.0,1,0,3,14,1564,69.0,0,6,0.0,1,0.0,Corsican National Liberation Front (FLNC)
18748,0,92,6,337,3418,31.633078,74.878288,1.0,0,0.0,1,0,1,3,4323,92.0,0,5,2.0,0,0.0,Sikh Extremists
45294,0,95,10,33,247,33.303566,44.371773,1.0,0,1.0,1,0,3,14,517,95.0,0,6,8.0,1,0.0,Al-Qaida in Iraq
9988,0,145,2,446,2945,13.22972,-85.55496,1.0,0,0.0,1,0,2,14,3570,145.0,0,5,5.0,1,0.0,Nicaraguan Democratic Force (FDN)
51440,0,92,6,130,2215,18.486587,82.237957,1.0,0,0.0,1,0,2,3,2913,92.0,0,5,1.0,0,0.0,Maoists
16898,0,45,3,359,2513,8.833351,-73.200031,2.0,0,0.0,1,0,2,4,1762,45.0,0,5,1.0,1,0.0,National Liberation Army of Colombia (ELN)
18341,0,69,8,135,1021,42.6042,8.929852,1.0,0,1.0,1,0,3,14,1567,21.0,0,6,0.0,1,0.0,Corsican National Liberation Front (FLNC)
42612,0,69,8,135,1013,41.930607,8.742907,1.0,0,0.0,1,0,3,3,1560,69.0,0,6,0.0,1,0.0,Corsican National Liberation Front (FLNC)
80419,1,200,10,213,1737,35.28798,40.308863,2.0,0,0.0,1,0,6,17,347,200.0,0,5,31.0,0,1.0,Islamic State of Iraq and the Levant (ISIL)
26284,0,69,8,135,1022,42.567651,8.757222,1.0,0,0.0,1,0,3,1,1598,69.0,0,6,0.0,1,0.0,Corsican National Liberation Front (FLNC)
64493,0,45,3,367,3170,2.3889,-75.89255,2.0,0,0.0,0,0,3,20,6,45.0,0,6,0.0,0,0.0,Revolutionary Armed Forces of Colombia (FARC)
29890,0,209,10,207,1711,41.106178,28.689863,1.0,0,1.0,1,0,7,1,765,209.0,0,8,0.0,1,0.0,Kurdistan Workers' Party (PKK)
31949,0,69,8,135,24,41.918891,8.737554,4.0,0,1.0,1,0,3,2,560,69.0,0,6,0.0,1,0.0,Corsican National Liberation Front (FLNC)
39281,0,141,6,266,2159,27.862527,85.113974,1.0,0,1.0,1,0,7,3,2869,141.0,0,5,0.0,1,0.0,Maoists
42067,0,95,10,42,264,32.469238,44.416637,1.0,0,0.0,1,1,3,3,507,95.0,0,6,34.0,-9,0.0,Al-Qaida in Iraq
19394,0,61,2,157,1230,13.916667,-88.233333,1.0,0,0.0,1,0,2,4,1849,61.0,0,5,2.0,1,0.0,Farabundo Marti National Liberation Front (FMLN)
73807,0,147,11,169,1426,7.366638,11.486789,2.0,0,1.0,1,0,2,14,27,147.0,0,5,22.0,1,0.0,Fulani extremists
61596,0,147,11,118,1320,9.538302,8.907022,2.0,0,0.0,1,0,2,14,27,147.0,0,5,5.0,0,0.0,Fulani extremists
41699,0,185,8,89,517,40.465595,-3.696263,1.0,0,1.0,1,0,3,1,965,185.0,0,6,0.0,1,0.0,Basque Fatherland and Freedom (ETA)
47203,0,92,6,133,897,19.639543,79.474959,1.0,0,0.0,0,0,9,2,1427,92.0,0,5,0.0,0,0.0,Communist Party of India - Maoist (CPI-Maoist)
4907,0,185,8,86,521,43.291618,-1.977903,1.0,0,0.0,1,0,3,1,958,69.0,0,6,0.0,1,0.0,Basque Fatherland and Freedom (ETA)
62321,1,160,5,4,15,6.929089,122.07885,1.0,0,0.0,1,0,6,1,54,160.0,0,5,0.0,1,1.0,Abu Sayyaf Group (ASG)
7441,0,69,8,139,1024,43.610769,3.876716,1.0,0,1.0,1,0,3,1,1571,69.0,0,6,0.0,1,0.0,Corsican National Liberation Front (FLNC)
46481,0,92,6,129,792,18.364195,81.892418,3.0,0,0.0,1,0,2,2,1472,92.0,0,5,0.0,-9,0.0,Communist Party of India - Maoist (CPI-Maoist)
76098,0,209,10,221,1906,39.179131,39.828445,1.0,0,1.0,1,0,2,2,1224,209.0,0,5,0.0,1,0.0,Kurdistan Workers' Party (PKK)
36314,0,603,8,190,1604,55.011562,-7.312045,1.0,0,0.0,0,0,2,4,1885,216.0,0,5,0.0,1,0.0,Irish Republican Army (IRA)
10877,0,45,3,367,24,2.535935,-75.52767,4.0,0,0.0,1,0,1,3,887,45.0,0,5,2.0,0,0.0,Revolutionary Armed Forces of Colombia (FARC)
73254,0,209,10,214,1758,36.71928,37.11557,1.0,0,0.0,1,0,3,14,925,209.0,0,6,0.0,1,0.0,Islamic State of Iraq and the Levant (ISIL)
67992,0,214,9,145,1069,47.098835,37.81987,1.0,1,0.0,1,0,3,4,48,214.0,0,6,1.0,-9,0.0,Donetsk People's Republic
69742,0,92,6,130,2274,18.108223,82.109026,1.0,0,0.0,1,0,3,4,12,92.0,0,6,4.0,-9,0.0,Maoists
79061,0,153,6,352,3818,34.14658,71.743538,1.0,0,0.0,1,1,3,2,4670,153.0,0,6,10.0,1,0.0,Tehrik-i-Taliban Pakistan (TTP)
15159,0,183,11,25,173,-33.98263,18.569386,1.0,0,0.0,1,0,3,4,291,183.0,0,6,0.0,1,0.0,African National Congress (South Africa)
42135,0,95,10,33,247,33.303566,44.371773,1.0,0,0.0,1,0,1,15,529,95.0,0,5,5.0,0,0.0,Al-Qaida in Iraq
22511,0,45,3,368,2508,6.46052,-71.72989,1.0,0,0.0,1,0,2,4,562,45.0,0,5,0.0,1,0.0,National Liberation Army of Colombia (ELN)
32797,0,603,8,190,1603,54.607712,-5.95621,1.0,0,0.0,0,0,3,3,2104,216.0,0,6,0.0,1,0.0,Irish Republican Army (IRA)
45759,0,4,6,521,3776,32.781111,69.329167,1.0,0,0.0,1,0,2,1,4608,4.0,0,5,0.0,0,0.0,Tehrik-i-Taliban Pakistan (TTP)
37151,0,160,5,13,60,8.304936,125.003254,3.0,0,0.0,1,0,3,19,106,160.0,0,6,1.0,1,0.0,Abu Sayyaf Group (ASG)
178,0,158,3,465,3091,-25.282773,-57.63561,1.0,0,0.0,1,0,1,7,3744,97.0,0,5,1.0,0,0.0,Palestinians
24388,0,43,3,271,2106,-33.366238,-70.505302,1.0,0,0.0,1,0,3,15,2747,217.0,0,6,0.0,1,0.0,Manuel Rodriguez Patriotic Front (FPMR)
14140,0,160,5,412,2786,8.948247,125.541107,1.0,0,1.0,1,0,2,2,3453,160.0,0,5,14.0,1,0.0,New People's Army (NPA)
66291,0,113,10,311,2388,31.927389,12.251627,1.0,0,1.0,1,0,3,8,51,113.0,0,6,0.0,1,0.0,Muslim extremists
52994,0,95,10,32,269,33.457222,44.086389,1.0,0,1.0,1,0,2,3,20,95.0,0,5,4.0,0,0.0,Al-Qaida in Iraq
75333,0,228,10,48,349,12.832581,45.027071,3.0,0,0.0,1,1,3,4,577,228.0,0,6,16.0,1,0.0,Al-Qaida in the Arabian Peninsula (AQAP)
14615,0,145,2,451,2942,10.912396,-83.908752,3.0,1,1.0,1,0,2,4,1762,145.0,0,5,1.0,1,0.0,Nicaraguan Democratic Force (FDN)
83435,0,182,11,74,421,4.787153,45.032951,1.0,0,0.0,1,0,7,1,825,182.0,0,8,0.0,1,0.0,Al-Shabaab
43697,1,160,5,1,24,6.05519,121.001323,4.0,0,0.0,1,0,6,2,149,160.0,0,5,7.0,0,1.0,Abu Sayyaf Group (ASG)
24374,0,186,6,215,2018,7.689011,81.72947,1.0,0,0.0,1,0,2,15,2565,186.0,0,5,112.0,1,0.0,Liberation Tigers of Tamil Eelam (LTTE)
47047,0,173,10,59,343,21.543155,39.174905,1.0,0,0.0,0,1,1,2,739,173.0,0,6,1.0,-9,0.0,Al-Qaida in the Arabian Peninsula (AQAP)
77532,0,147,11,112,1303,9.632177,8.503456,3.0,0,1.0,1,0,2,14,27,147.0,0,5,12.0,1,0.0,Fulani extremists
50019,0,182,11,73,479,3.32728,42.218563,1.0,1,0.0,1,0,7,9,903,182.0,0,8,0.0,1,0.0,Al-Shabaab
46867,0,92,6,128,786,22.609739,87.253142,1.0,0,0.0,1,0,7,22,347,92.0,0,11,0.0,1,0.0,Communist Party of India - Maoist (CPI-Maoist)
61825,0,92,6,130,2206,20.200051,83.916612,1.0,0,1.0,1,0,6,2,2907,92.0,0,5,1.0,0,1.0,Maoists
78351,0,200,10,212,1735,35.361572,35.927155,1.0,0,0.0,1,1,3,1,2309,200.0,0,6,12.0,1,0.0,Islamic State of Iraq and the Levant (ISIL)
54742,0,153,6,427,3737,34.565494,71.477429,3.0,0,1.0,1,0,3,8,4567,153.0,0,6,0.0,1,0.0,Tehrik-i-Taliban Pakistan (TTP)
31956,0,69,8,135,24,41.918891,8.737554,4.0,0,1.0,1,0,3,2,560,69.0,0,6,0.0,1,0.0,Corsican National Liberation Front (FLNC)
18615,0,603,8,190,1603,54.607712,-5.95621,1.0,0,0.0,1,0,3,2,2097,233.0,0,6,0.0,1,0.0,Irish Republican Army (IRA)
49176,0,153,6,352,3755,33.528893,71.056122,1.0,0,0.0,1,0,3,19,4687,153.0,0,6,17.0,1,0.0,Tehrik-i-Taliban Pakistan (TTP)
27525,0,159,3,277,2118,-11.967368,-76.978462,1.0,0,1.0,1,0,3,1,765,159.0,0,6,0.0,1,0.0,Tupac Amaru Revolutionary Movement (MRTA)
65164,0,4,6,522,3675,34.338022,63.367503,1.0,0,0.0,1,0,3,3,4524,4.0,0,6,0.0,1,0.0,Taliban
15426,0,159,3,277,2118,-11.967368,-76.978462,1.0,0,1.0,1,0,3,2,4750,159.0,0,6,1.0,1,0.0,Tupac Amaru Revolutionary Movement (MRTA)
77958,1,121,5,14,64,5.024206,118.330746,1.0,1,0.0,1,0,6,11,156,160.0,0,5,3.0,1,1.0,Abu Sayyaf Group (ASG)
74693,0,33,11,315,2393,14.100087,-0.149499,2.0,0,0.0,1,0,2,3,175,33.0,0,5,3.0,1,0.0,Muslim extremists
47116,0,160,5,396,2695,9.02111,126.23167,1.0,0,0.0,1,0,7,1,3374,160.0,0,8,0.0,1,0.0,New People's Army (NPA)
62579,0,147,11,167,1281,8.198372,8.295129,2.0,0,1.0,1,0,2,14,27,147.0,0,5,15.0,1,0.0,Fulani extremists
31945,0,69,8,135,24,41.918891,8.737554,4.0,0,1.0,1,0,3,2,560,69.0,0,6,0.0,1,0.0,Corsican National Liberation Front (FLNC)
40780,0,92,6,291,2402,34.153695,74.667536,2.0,0,0.0,1,0,2,14,3062,92.0,0,5,2.0,0,0.0,Muslim extremists
23232,0,97,10,456,3045,32.283429,35.384778,1.0,0,0.0,1,0,1,14,3631,155.0,0,9,1.0,0,0.0,Palestinians
52986,0,95,10,33,247,33.303566,44.371773,1.0,0,1.0,1,0,3,1,595,95.0,0,6,14.0,1,0.0,Al-Qaida in Iraq
16110,0,45,3,376,24,2.243589,-77.010385,4.0,0,0.0,1,0,2,4,1772,45.0,0,5,1.0,1,0.0,Revolutionary Armed Forces of Colombia (FARC)
21090,0,45,3,362,3237,6.18676,-74.58397,1.0,0,0.0,1,0,2,1,3979,45.0,0,5,4.0,1,0.0,Revolutionary Armed Forces of Colombia (FARC)
78969,0,173,10,188,1553,18.314753,42.725163,1.0,0,0.0,0,0,3,6,355,173.0,0,6,0.0,0,0.0,Houthi extremists (Ansar Allah)
34022,0,75,8,193,1897,51.512054,7.463573,1.0,0,0.0,1,0,7,1,2430,209.0,0,8,0.0,1,0.0,Kurdistan Workers' Party (PKK)
67825,0,147,11,166,1277,7.506095,9.35066,2.0,0,1.0,1,0,2,14,27,147.0,0,5,17.0,1,0.0,Fulani extremists
15260,0,183,11,19,208,-26.184113,28.033232,1.0,0,0.0,0,0,3,3,298,183.0,0,6,0.0,1,0.0,African National Congress (South Africa)
28290,0,603,8,49,1609,51.504387,-0.140041,1.0,0,0.0,0,0,7,1,2055,216.0,0,8,0.0,1,0.0,Irish Republican Army (IRA)
41940,0,95,10,33,247,33.303566,44.371773,1.0,0,0.0,1,1,3,7,511,167.0,0,6,1.0,-9,0.0,Al-Qaida in Iraq
5220,0,69,8,136,131,48.856644,2.34233,1.0,0,0.0,1,0,3,14,1585,69.0,0,6,0.0,1,0.0,Corsican National Liberation Front (FLNC)
13437,0,159,3,476,3348,-8.752234,-76.121658,1.0,1,0.0,1,0,2,14,4153,159.0,0,5,7.0,1,0.0,Shining Path (SL)
72720,0,147,11,166,1338,7.296636,9.250712,2.0,0,1.0,1,0,2,14,27,147.0,0,5,4.0,1,0.0,Fulani extremists
82394,1,92,6,126,879,23.486612,84.264193,1.0,0,0.0,1,0,6,14,1408,92.0,0,5,1.0,0,1.0,Communist Party of India - Maoist (CPI-Maoist)
52705,0,95,10,33,247,33.303566,44.371773,1.0,0,1.0,1,0,3,1,542,95.0,0,6,0.0,0,0.0,Al-Qaida in Iraq
66241,0,214,9,145,1069,47.098835,37.81987,1.0,1,1.0,1,0,2,4,48,214.0,0,6,0.0,0,0.0,Donetsk People's Republic
50118,0,228,10,48,309,12.825647,44.846416,1.0,0,0.0,0,1,1,2,654,228.0,0,6,1.0,1,0.0,Al-Qaida in the Arabian Peninsula (AQAP)
13052,0,145,2,452,2907,13.611277,-84.866885,3.0,1,0.0,1,0,3,2,3547,145.0,0,6,1.0,1,0.0,Nicaraguan Democratic Force (FDN)
72768,0,160,5,387,2759,10.779355,123.488764,2.0,0,0.0,1,0,1,14,3428,160.0,0,5,1.0,0,0.0,New People's Army (NPA)
68289,0,200,10,200,2356,36.201721,37.14352,1.0,0,1.0,1,0,3,14,925,200.0,0,6,4.0,-9,0.0,Muslim extremists
50182,0,228,10,48,309,12.825647,44.846416,1.0,0,0.0,1,0,3,21,711,228.0,0,6,0.0,1,0.0,Al-Qaida in the Arabian Peninsula (AQAP)
78867,0,92,6,130,2197,19.709905,83.365003,1.0,0,0.0,0,0,3,3,85,92.0,0,6,0.0,0,0.0,Maoists
24730,0,603,8,190,1622,54.183052,-6.341388,1.0,0,0.0,1,0,1,17,2205,233.0,0,5,1.0,0,0.0,Irish Republican Army (IRA)
67536,0,160,5,401,2738,13.7,123.066666,1.0,0,0.0,1,0,2,4,12,160.0,0,5,1.0,0,0.0,New People's Army (NPA)
81907,1,228,10,53,314,15.325443,44.211895,1.0,0,0.0,1,0,6,14,1967,228.0,0,5,0.0,0,1.0,Houthi extremists (Ansar Allah)
31688,0,69,8,135,1013,41.930607,8.742907,1.0,0,0.0,1,0,3,2,219,69.0,0,6,0.0,1,0.0,Corsican National Liberation Front (FLNC)
56141,0,147,11,121,679,10.99967,10.408503,1.0,0,0.0,1,0,2,3,92,147.0,0,5,1.0,-9,0.0,Boko Haram
15434,0,159,3,277,2118,-11.967368,-76.978462,1.0,0,0.0,1,0,3,1,4818,217.0,0,6,0.0,1,0.0,Tupac Amaru Revolutionary Movement (MRTA)
12620,0,145,2,446,2900,13.031591,-85.641009,1.0,0,0.0,1,0,2,14,3540,145.0,0,5,8.0,1,0.0,Nicaraguan Democratic Force (FDN)
15150,0,159,3,277,2118,-11.967368,-76.978462,1.0,0,1.0,1,0,3,1,765,159.0,0,6,0.0,1,0.0,Tupac Amaru Revolutionary Movement (MRTA)
48342,1,153,6,427,3759,33.68745,71.516037,1.0,1,0.0,1,0,1,14,4592,153.0,0,9,2.0,0,1.0,Tehrik-i-Taliban Pakistan (TTP)
71259,0,4,6,321,3605,34.263149,70.78821,3.0,0,1.0,1,0,3,16,4475,422.0,0,6,0.0,1,0.0,Taliban
32435,0,209,10,222,1827,37.522653,42.452637,1.0,0,0.0,1,0,2,4,1788,209.0,0,5,1.0,1,0.0,Kurdistan Workers' Party (PKK)
55774,0,147,11,108,616,11.840929,13.141459,1.0,0,0.0,1,0,2,8,1225,147.0,0,5,9.0,1,0.0,Boko Haram
45329,0,160,5,410,2753,12.918374,123.659351,1.0,0,0.0,1,0,7,16,3425,160.0,0,5,0.0,1,0.0,New People's Army (NPA)
17630,0,159,3,277,2118,-11.967368,-76.978462,1.0,0,0.0,1,0,3,2,4143,159.0,0,6,0.0,1,0.0,Shining Path (SL)
46779,0,92,6,129,888,18.815236,82.712102,3.0,0,0.0,1,0,2,14,1420,92.0,0,9,1.0,0,0.0,Communist Party of India - Maoist (CPI-Maoist)
14668,0,43,3,271,2106,-33.366238,-70.505302,1.0,0,0.0,1,0,3,2,2753,43.0,0,6,1.0,1,0.0,Manuel Rodriguez Patriotic Front (FPMR)
38018,0,160,5,1,22,6.050458,121.012245,1.0,0,0.0,1,0,3,1,130,160.0,0,6,0.0,0,0.0,Abu Sayyaf Group (ASG)
65686,0,147,11,110,722,12.562439,10.925608,1.0,0,0.0,1,0,6,3,175,147.0,0,6,1.0,0,1.0,Boko Haram
61122,0,147,11,108,687,10.839722,13.021944,2.0,0,1.0,1,0,2,14,27,147.0,0,6,9.0,1,0.0,Boko Haram
7019,0,61,2,153,1218,13.617851,-88.880287,1.0,0,0.0,1,0,2,4,1762,61.0,0,5,15.0,1,0.0,Farabundo Marti National Liberation Front (FMLN)
15889,0,183,11,18,205,-29.830168,30.924528,1.0,0,1.0,1,0,3,3,275,183.0,0,6,1.0,1,0.0,African National Congress (South Africa)
21664,0,43,3,278,2120,-19.204722,-68.901111,3.0,0,0.0,1,0,3,21,1761,43.0,0,6,0.0,1,0.0,Manuel Rodriguez Patriotic Front (FPMR)
28007,0,155,10,456,3047,31.907141,35.198219,1.0,0,0.0,1,0,1,14,3639,155.0,0,5,1.0,0,0.0,Palestinians
56724,0,228,10,48,309,12.83672,44.922062,1.0,0,0.0,0,0,3,2,659,228.0,0,6,0.0,0,0.0,Al-Qaida in the Arabian Peninsula (AQAP)
4805,0,69,8,135,24,41.918891,8.737554,4.0,0,1.0,1,0,3,1,1088,69.0,0,6,0.0,1,0.0,Corsican National Liberation Front (FLNC)
35592,0,69,8,135,24,41.918891,8.737554,4.0,0,1.0,1,0,3,2,1645,69.0,0,6,0.0,1,0.0,Corsican National Liberation Front (FLNC)
80757,1,182,11,80,434,9.757036,49.374049,2.0,0,0.0,1,1,6,4,577,182.0,0,6,77.0,1,1.0,Al-Shabaab
60220,0,104,11,67,432,3.935715,41.855167,3.0,0,1.0,1,0,2,3,175,104.0,0,6,0.0,-9,0.0,Al-Shabaab
27675,0,61,2,147,1174,13.95,-88.63333,1.0,0,0.0,1,0,2,3,562,61.0,0,5,2.0,1,0.0,Farabundo Marti National Liberation Front (FMLN)
45922,0,92,6,127,829,18.791667,80.816667,3.0,0,0.0,1,0,2,14,1351,92.0,0,5,3.0,0,0.0,Communist Party of India - Maoist (CPI-Maoist)
5304,0,69,8,135,24,41.918891,8.737554,4.0,0,0.0,1,0,3,20,1176,69.0,0,6,0.0,1,0.0,Corsican National Liberation Front (FLNC)
28498,0,159,3,277,2118,-11.967368,-76.978462,1.0,0,1.0,1,0,3,1,1577,159.0,0,6,0.0,1,0.0,Shining Path (SL)
57347,0,4,6,512,3539,32.100204,66.901016,1.0,1,0.0,1,0,3,19,56,4.0,0,6,8.0,1,0.0,Taliban
10221,0,61,2,150,24,14.191665,-89.1706,4.0,0,0.0,1,0,3,21,1761,61.0,0,6,1.0,1,0.0,Farabundo Marti National Liberation Front (FMLN)
48696,0,228,10,54,372,14.38252,47.399537,1.0,0,0.0,0,0,3,4,749,228.0,0,6,0.0,0,0.0,Al-Qaida in the Arabian Peninsula (AQAP)
13883,0,61,2,153,24,13.6,-88.85,1.0,0,0.0,1,0,2,4,1762,61.0,0,5,7.0,1,0.0,Farabundo Marti National Liberation Front (FMLN)
44985,0,4,6,512,3539,32.100204,66.901016,1.0,0,0.0,1,0,2,2,4492,4.0,0,5,2.0,-9,0.0,Taliban
35638,0,45,3,359,24,7.946283,-72.898807,4.0,0,0.0,1,0,3,21,3187,45.0,0,6,0.0,1,0.0,National Liberation Army of Colombia (ELN)
4984,0,97,10,458,3043,31.771599,35.2034,1.0,0,0.0,1,0,3,3,380,97.0,0,6,5.0,1,0.0,Palestinians
46058,0,92,6,127,785,18.9,81.35,1.0,0,0.0,1,0,7,14,1306,92.0,0,8,0.0,1,0.0,Communist Party of India - Maoist (CPI-Maoist)
10109,0,69,8,17,131,48.856644,2.34233,1.0,0,0.0,1,0,3,19,1639,69.0,0,6,0.0,1,0.0,Corsican National Liberation Front (FLNC)
55509,1,160,5,0,13,6.497216,122.105141,1.0,0,0.0,1,0,6,2,14,160.0,0,5,0.0,0,1.0,Abu Sayyaf Group (ASG)
7290,0,603,8,190,1604,55.011562,-7.312045,1.0,0,0.0,1,0,3,14,2074,216.0,0,6,1.0,1,0.0,Irish Republican Army (IRA)
35604,0,69,8,135,1045,41.387174,9.159269,1.0,0,0.0,1,0,3,2,1638,69.0,0,6,0.0,1,0.0,Corsican National Liberation Front (FLNC)
48872,1,92,6,126,862,24.428844,84.025995,1.0,0,0.0,1,0,3,19,1384,92.0,0,6,0.0,1,1.0,Communist Party of India - Maoist (CPI-Maoist)
12479,0,159,3,477,3359,-13.849845,-73.950661,1.0,0,0.0,1,0,2,14,4168,159.0,0,5,1.0,1,0.0,Shining Path (SL)
47534,0,182,11,68,404,2.059819,45.326115,1.0,0,0.0,1,0,3,4,862,182.0,0,6,4.0,1,0.0,Al-Shabaab
81842,0,95,10,37,254,36.354145,43.14357,1.0,0,0.0,1,0,2,14,13,95.0,0,5,2.0,0,0.0,Islamic State of Iraq and the Levant (ISIL)
37733,0,45,3,362,2564,6.270526,-75.572173,3.0,0,0.0,1,0,3,21,3921,45.0,0,6,0.0,1,0.0,Revolutionary Armed Forces of Colombia (FARC)
20264,0,43,3,271,2106,-33.366238,-70.505302,1.0,0,0.0,1,0,3,2,2731,43.0,0,6,0.0,1,0.0,Manuel Rodriguez Patriotic Front (FPMR)
40881,0,69,8,135,1051,41.846517,8.760627,1.0,0,0.0,1,0,3,1,1635,69.0,0,6,0.0,1,0.0,Corsican National Liberation Front (FLNC)
67828,0,214,9,145,1069,47.098835,37.81987,1.0,0,0.0,1,0,2,4,1697,214.0,0,6,1.0,-9,0.0,Donetsk People's Republic
28224,0,61,2,153,1250,13.594212,-88.774648,1.0,0,0.0,1,0,2,4,1865,61.0,0,5,0.0,1,0.0,Farabundo Marti National Liberation Front (FMLN)
15388,0,43,3,270,2107,-33.050125,-71.612251,1.0,0,1.0,1,0,3,1,2701,43.0,0,6,0.0,1,0.0,Manuel Rodriguez Patriotic Front (FPMR)
52688,0,95,10,37,265,35.713266,41.760647,1.0,0,1.0,1,1,3,3,85,95.0,0,6,1.0,1,0.0,Al-Qaida in Iraq
14357,0,145,2,440,2978,12.267322,-85.382162,1.0,0,0.0,1,0,2,4,562,145.0,0,5,0.0,1,0.0,Nicaraguan Democratic Force (FDN)
971,0,603,8,190,1604,55.011562,-7.312045,1.0,0,0.0,1,0,1,4,2175,216.0,0,5,1.0,0,0.0,Irish Republican Army (IRA)
49002,0,104,11,85,471,-1.28518,36.821107,1.0,0,1.0,1,0,2,3,887,104.0,0,5,2.0,-9,0.0,Al-Shabaab
60234,0,147,11,108,700,11.467248,13.756455,1.0,0,0.0,1,0,2,14,486,147.0,0,6,29.0,-9,0.0,Boko Haram
49058,0,92,6,128,876,22.451393,86.992203,1.0,1,0.0,1,0,7,14,1410,92.0,0,8,1.0,1,0.0,Communist Party of India - Maoist (CPI-Maoist)
10140,0,110,10,463,3104,33.647426,35.587334,1.0,1,0.0,1,0,3,4,3776,97.0,0,6,0.0,1,0.0,Palestinians
83367,0,147,11,113,1439,9.399048,11.915673,2.0,0,1.0,1,0,2,14,27,147.0,0,5,1.0,1,0.0,Fulani extremists
34905,1,160,5,3,9,10.338213,123.942398,1.0,0,0.0,1,0,6,14,10,160.0,0,5,0.0,0,1.0,Abu Sayyaf Group (ASG)
25682,0,185,8,86,559,43.353607,-2.907457,1.0,0,0.0,0,0,3,1,1085,185.0,0,6,1.0,1,0.0,Basque Fatherland and Freedom (ETA)
59853,0,45,3,359,24,7.946283,-72.898807,4.0,0,0.0,1,0,7,1,3197,45.0,0,8,0.0,1,0.0,National Liberation Army of Colombia (ELN)
71282,0,92,6,126,2178,23.384612,84.651881,1.0,1,0.0,0,0,3,20,6,92.0,0,6,0.0,0,0.0,Maoists
64813,0,214,9,145,1104,48.251964,38.323397,1.0,0,0.0,1,0,3,4,48,214.0,0,6,0.0,-9,0.0,Donetsk People's Republic
20809,0,43,3,272,2119,-37.029655,-73.144447,1.0,0,0.0,1,0,3,2,2787,43.0,0,6,0.0,1,0.0,Manuel Rodriguez Patriotic Front (FPMR)
82291,0,209,10,223,1835,37.3,44.566667,3.0,0,0.0,1,0,3,4,577,209.0,0,6,0.0,-9,0.0,Kurdistan Workers' Party (PKK)
59300,1,147,11,166,1391,7.889693,7.911945,2.0,0,1.0,1,0,6,14,27,147.0,0,5,5.0,1,1.0,Fulani extremists
21436,0,159,3,477,3284,-13.163874,-74.223564,2.0,1,1.0,1,0,3,21,1813,159.0,0,6,0.0,1,0.0,Shining Path (SL)
53003,0,45,3,376,3208,2.45,-76.616667,1.0,1,0.0,1,0,3,21,2871,45.0,0,6,0.0,1,0.0,Revolutionary Armed Forces of Colombia (FARC)
18034,0,159,3,277,2118,-11.967368,-76.978462,1.0,0,1.0,1,0,3,1,4749,159.0,0,6,0.0,1,0.0,Tupac Amaru Revolutionary Movement (MRTA)
50747,0,160,5,412,2776,9.053611,125.586667,1.0,0,0.0,1,0,2,4,3442,160.0,0,6,1.0,0,0.0,New People's Army (NPA)
78740,0,147,11,108,656,11.255011,14.150642,1.0,0,0.0,1,1,3,14,1240,147.0,0,6,1.0,0,0.0,Boko Haram
20887,0,61,2,157,1169,13.805691,-88.145787,1.0,0,0.0,1,0,2,14,1775,61.0,0,5,0.0,1,0.0,Farabundo Marti National Liberation Front (FMLN)
62417,0,214,9,145,1129,48.150642,38.362656,1.0,0,1.0,1,0,3,1,542,214.0,0,6,2.0,1,0.0,Donetsk People's Republic
66906,0,228,10,48,309,12.825647,44.846416,1.0,0,0.0,1,0,2,14,13,228.0,0,5,1.0,0,0.0,Houthi extremists (Ansar Allah)
6634,0,61,2,153,1206,13.536835,-88.780584,1.0,0,0.0,1,0,2,20,1176,61.0,0,5,9.0,0,0.0,Farabundo Marti National Liberation Front (FMLN)
16516,0,43,3,271,2106,-33.366238,-70.505302,1.0,0,0.0,1,0,3,15,2773,43.0,0,6,1.0,1,0.0,Manuel Rodriguez Patriotic Front (FPMR)
72509,0,92,6,130,2154,19.583711,83.500638,1.0,0,0.0,0,0,3,4,48,92.0,0,6,0.0,0,0.0,Maoists
30104,0,159,3,277,2118,-11.967368,-76.978462,1.0,0,0.0,1,0,3,4,4124,159.0,0,6,1.0,1,0.0,Shining Path (SL)
18809,0,186,6,261,2042,9.319927,80.696421,1.0,0,0.0,1,0,2,4,1853,92.0,0,5,8.0,1,0.0,Liberation Tigers of Tamil Eelam (LTTE)
62663,0,147,11,172,1410,12.091664,6.681905,1.0,0,1.0,1,0,6,14,27,147.0,0,5,1.0,1,1.0,Fulani extremists
83264,0,182,11,68,441,2.077409,45.248966,1.0,0,0.0,1,0,2,4,856,182.0,0,5,1.0,0,0.0,Al-Shabaab
7362,0,155,10,456,3047,31.907141,35.198219,1.0,0,0.0,1,0,2,14,3669,97.0,0,8,1.0,1,0.0,Palestinians
77394,0,147,11,108,653,10.869205,12.847621,2.0,0,0.0,1,0,2,14,27,147.0,0,6,2.0,1,0.0,Boko Haram
65086,0,214,9,145,1098,48.139713,37.643398,1.0,0,0.0,1,0,3,14,205,214.0,0,6,0.0,-9,0.0,Donetsk People's Republic
46359,0,159,3,477,24,-13.163874,-74.223564,4.0,0,1.0,1,0,3,4,4078,159.0,0,6,13.0,-9,0.0,Shining Path (SL)
28333,0,69,8,135,1029,42.63651,8.937046,1.0,0,0.0,1,0,3,2,1582,69.0,0,6,0.0,1,0.0,Corsican National Liberation Front (FLNC)
5655,0,97,10,458,3043,31.771599,35.2034,1.0,0,0.0,1,0,3,14,1150,97.0,0,6,0.0,1,0.0,Palestinians
47212,0,92,6,126,791,23.982774,86.030013,1.0,0,0.0,1,0,2,19,1311,92.0,0,5,0.0,1,0.0,Communist Party of India - Maoist (CPI-Maoist)
76388,0,92,6,130,858,19.191222,84.185712,3.0,0,0.0,0,0,3,20,6,92.0,0,6,0.0,0,0.0,Maoists
5615,0,603,8,190,1636,54.515694,-6.055724,1.0,0,0.0,1,0,3,14,2180,216.0,0,6,0.0,1,0.0,Irish Republican Army (IRA)
35730,0,45,3,362,2498,6.242026,-75.564766,1.0,0,0.0,1,0,3,19,3176,45.0,0,6,8.0,1,0.0,National Liberation Army of Colombia (ELN)
52917,0,4,6,511,3581,33.598633,69.228996,1.0,0,0.0,1,0,3,3,559,4.0,0,6,4.0,1,0.0,Taliban
66610,0,153,6,352,3785,33.976307,71.437157,1.0,0,0.0,1,0,1,4,4623,153.0,0,5,1.0,0,0.0,Tehrik-i-Taliban Pakistan (TTP)
51331,0,92,6,126,2155,23.91925,84.291076,2.0,0,0.0,1,0,3,3,559,92.0,0,6,0.0,1,0.0,Maoists
36987,1,45,3,362,2110,6.395033,-75.259437,1.0,0,1.0,1,0,6,2,3144,45.0,0,5,1.0,0,1.0,National Liberation Army of Colombia (ELN)
73377,0,147,11,166,24,7.350826,8.836276,4.0,0,1.0,1,0,2,14,27,147.0,0,5,0.0,1,0.0,Fulani extremists
63070,0,147,11,167,1402,8.513991,8.624032,2.0,0,1.0,1,0,2,14,27,147.0,0,5,10.0,1,0.0,Fulani extremists
26346,0,43,3,271,2106,-33.366238,-70.505302,1.0,0,0.0,1,0,3,15,2773,217.0,0,6,0.0,1,0.0,Manuel Rodriguez Patriotic Front (FPMR)
70784,0,92,6,130,2145,19.311728,84.691057,1.0,0,0.0,0,0,3,20,6,92.0,0,6,0.0,0,0.0,Maoists
57291,0,153,6,468,3130,24.891115,67.143311,1.0,0,0.0,1,0,2,1,4671,153.0,0,5,2.0,1,0.0,Tehrik-i-Taliban Pakistan (TTP)
54875,0,160,5,389,2631,7.578889,125.998056,1.0,0,1.0,1,0,3,3,85,160.0,0,6,0.0,0,0.0,New People's Army (NPA)
34007,0,75,8,193,1843,52.195807,8.581551,1.0,0,0.0,1,0,7,15,2376,209.0,0,8,0.0,1,0.0,Kurdistan Workers' Party (PKK)
21044,1,92,6,337,3418,31.633078,74.878288,1.0,1,0.0,1,0,6,19,4318,92.0,0,5,7.0,0,1.0,Sikh Extremists
66143,0,228,10,50,323,15.840202,48.45438,1.0,0,0.0,1,0,3,4,716,228.0,0,6,3.0,1,0.0,Al-Qaida in the Arabian Peninsula (AQAP)
6795,0,61,2,151,1164,13.491242,-88.173134,1.0,0,0.0,1,0,2,3,1819,61.0,0,5,1.0,1,0.0,Farabundo Marti National Liberation Front (FMLN)
19230,0,61,2,149,1150,13.69288,-89.199161,1.0,0,0.0,1,0,3,3,1763,61.0,0,5,2.0,1,0.0,Farabundo Marti National Liberation Front (FMLN)
11991,0,185,8,94,531,42.815372,-1.653616,1.0,0,0.0,1,0,3,3,1096,185.0,0,6,2.0,0,0.0,Basque Fatherland and Freedom (ETA)
59550,0,92,6,127,933,19.601869,81.426211,3.0,0,1.0,1,0,7,2,2895,92.0,0,5,0.0,-9,0.0,Maoists
12614,0,185,8,86,545,43.267454,-2.020169,1.0,0,0.0,1,0,7,19,56,69.0,0,8,0.0,1,0.0,Basque Fatherland and Freedom (ETA)
51245,1,228,10,52,327,13.129726,45.385571,1.0,1,0.0,1,0,6,4,718,228.0,0,5,210.0,0,1.0,Al-Qaida in the Arabian Peninsula (AQAP)
36643,0,186,6,260,1968,6.952452,79.877983,1.0,0,1.0,1,0,3,21,2516,186.0,0,6,0.0,1,0.0,Liberation Tigers of Tamil Eelam (LTTE)
10581,0,61,2,149,1204,13.79833,-89.17889,1.0,0,0.0,1,0,3,19,1843,61.0,0,6,1.0,1,0.0,Farabundo Marti National Liberation Front (FMLN)
14105,0,45,3,362,2539,7.57649,-75.350334,1.0,0,0.0,1,0,5,14,205,45.0,0,5,7.0,1,1.0,National Liberation Army of Colombia (ELN)
22894,0,61,2,156,1173,13.733333,-88.883333,1.0,0,1.0,1,0,3,21,1761,61.0,0,6,0.0,1,0.0,Farabundo Marti National Liberation Front (FMLN)
49703,0,147,11,112,620,11.08192,7.715956,1.0,0,1.0,1,0,3,14,13,147.0,0,6,0.0,1,0.0,Boko Haram
13997,0,159,3,277,2118,-11.967368,-76.978462,1.0,0,0.0,1,0,2,1,321,159.0,0,5,1.0,1,0.0,Tupac Amaru Revolutionary Movement (MRTA)
16953,0,159,3,482,3362,-18.006645,-70.246245,1.0,0,0.0,1,0,2,10,1907,159.0,0,5,0.0,1,0.0,Tupac Amaru Revolutionary Movement (MRTA)
49359,0,228,10,50,326,15.964205,48.78252,1.0,0,0.0,1,0,2,4,655,228.0,0,5,1.0,-9,0.0,Al-Qaida in the Arabian Peninsula (AQAP)
10495,0,45,3,363,2492,4.667128,-74.106056,1.0,0,0.0,1,0,5,10,3141,69.0,0,5,0.0,1,1.0,National Liberation Army of Colombia (ELN)
45141,1,4,6,513,3615,34.208849,69.143413,2.0,0,0.0,1,0,6,3,4486,4.0,0,9,2.0,0,1.0,Taliban
68508,0,228,10,48,1531,12.760069,44.890266,1.0,0,0.0,1,0,3,1,1973,228.0,0,6,1.0,1,0.0,Houthi extremists (Ansar Allah)
10718,0,145,2,439,2976,13.52796,-86.71346,1.0,0,0.0,1,0,2,4,1762,145.0,0,5,2.0,1,0.0,Nicaraguan Democratic Force (FDN)
31951,0,69,8,135,24,41.918891,8.737554,4.0,0,1.0,1,0,3,2,560,69.0,0,6,0.0,1,0.0,Corsican National Liberation Front (FLNC)
67249,0,228,10,48,309,12.825647,44.846416,1.0,0,0.0,1,0,2,14,925,228.0,0,6,12.0,1,0.0,Houthi extremists (Ansar Allah)
5100,0,69,8,140,1013,41.930607,8.742907,1.0,0,0.0,1,0,3,20,1641,69.0,0,6,0.0,1,0.0,Corsican National Liberation Front (FLNC)
72849,0,182,11,70,407,-0.379485,42.461986,1.0,1,0.0,1,0,3,6,355,182.0,0,6,0.0,-9,0.0,Al-Shabaab
24669,0,159,3,277,2118,-11.967368,-76.978462,1.0,0,0.0,1,0,3,9,283,159.0,0,6,0.0,1,0.0,Tupac Amaru Revolutionary Movement (MRTA)
12089,0,603,8,190,1604,55.011562,-7.312045,1.0,0,0.0,1,0,2,4,2092,233.0,0,5,1.0,1,0.0,Irish Republican Army (IRA)
75969,0,147,11,108,694,13.246771,13.501656,1.0,0,0.0,1,0,2,4,48,147.0,0,6,16.0,0,0.0,Boko Haram
73946,0,228,10,54,1554,15.052266,45.835899,3.0,0,1.0,1,0,3,4,1981,228.0,0,6,0.0,0,0.0,Houthi extremists (Ansar Allah)
28754,0,92,6,337,3420,30.245796,75.842072,1.0,1,1.0,1,0,7,1,1088,92.0,0,8,0.0,1,0.0,Sikh Extremists
36905,0,186,6,261,1974,9.666399,80.020477,1.0,0,0.0,1,0,1,2,2618,186.0,0,5,2.0,0,0.0,Liberation Tigers of Tamil Eelam (LTTE)
43647,0,186,6,263,1992,7.939525,81.000963,1.0,0,0.0,1,0,2,14,2553,186.0,0,5,4.0,-9,0.0,Liberation Tigers of Tamil Eelam (LTTE)
77578,0,45,3,359,2519,7.889097,-72.49669,1.0,0,0.0,1,0,3,3,59,45.0,0,6,0.0,1,0.0,National Liberation Army of Colombia (ELN)
24182,0,45,3,366,2550,7.060051,-73.853115,1.0,0,0.0,1,0,1,10,3271,45.0,0,5,1.0,0,0.0,National Liberation Army of Colombia (ELN)
515,0,603,8,190,1603,54.607712,-5.95621,1.0,0,0.0,1,0,1,4,2118,216.0,0,5,1.0,0,0.0,Irish Republican Army (IRA)
21190,0,603,8,190,1603,54.607712,-5.95621,1.0,0,0.0,1,0,3,2,2191,96.0,0,6,0.0,1,0.0,Irish Republican Army (IRA)
80760,0,160,5,426,2757,11.110724,125.445758,2.0,0,0.0,1,0,3,3,559,160.0,0,6,1.0,0,0.0,New People's Army (NPA)
79039,1,160,5,2,3,6.102634,118.446977,1.0,1,0.0,1,0,4,11,3,223.0,0,5,4.0,0,1.0,Abu Sayyaf Group (ASG)
74300,0,147,11,169,1342,8.586602,10.36172,2.0,0,1.0,1,0,2,14,27,147.0,0,5,2.0,1,0.0,Fulani extremists
69313,0,4,6,518,24,35.804295,69.287754,4.0,0,1.0,1,0,7,15,215,4.0,0,8,0.0,1,0.0,Taliban
26129,0,155,10,325,3048,31.346964,34.30143,1.0,0,0.0,1,0,1,14,3661,155.0,0,9,1.0,0,0.0,Palestinians
31892,0,97,10,458,3043,31.771599,35.2034,1.0,0,0.0,0,0,1,8,3625,97.0,0,9,0.0,0,0.0,Palestinians
46958,0,185,8,92,524,39.569505,2.649965,1.0,0,1.0,1,0,3,1,962,185.0,0,6,0.0,1,0.0,Basque Fatherland and Freedom (ETA)
32372,0,603,8,49,1609,51.504387,-0.140041,1.0,0,0.0,1,0,7,1,2150,216.0,0,8,0.0,1,0.0,Irish Republican Army (IRA)
26878,0,186,6,263,1992,7.939525,81.000963,1.0,0,0.0,1,0,3,19,2502,186.0,0,6,0.0,1,0.0,Liberation Tigers of Tamil Eelam (LTTE)
26510,0,97,10,458,3043,31.771599,35.2034,1.0,0,0.0,1,0,7,7,3703,217.0,0,8,0.0,1,0.0,Palestinians
13673,0,159,3,277,2118,-11.967368,-76.978462,1.0,0,0.0,1,0,3,2,4127,159.0,0,6,1.0,1,0.0,Shining Path (SL)
35403,0,185,8,86,515,43.291618,-1.977903,1.0,0,0.0,1,0,3,1,1073,185.0,0,6,0.0,1,0.0,Basque Fatherland and Freedom (ETA)
72360,0,160,5,0,88,6.66164,122.106423,2.0,0,1.0,0,0,3,3,175,160.0,0,6,0.0,0,0.0,Abu Sayyaf Group (ASG)
18567,0,45,3,383,3133,2.47973,-72.95746,2.0,0,0.0,1,0,6,4,3846,45.0,0,5,0.0,0,1.0,Revolutionary Armed Forces of Colombia (FARC)
42625,0,141,6,266,2172,26.782869,85.277592,1.0,0,0.0,1,0,3,2,2879,141.0,0,6,0.0,1,0.0,Maoists
29279,0,155,10,456,3039,32.222271,35.253506,1.0,0,0.0,1,0,2,19,3697,97.0,0,8,0.0,1,0.0,Palestinians
21833,0,61,2,149,1150,13.69288,-89.199161,1.0,0,1.0,1,0,3,1,1792,61.0,0,6,0.0,1,0.0,Farabundo Marti National Liberation Front (FMLN)
62879,0,37,11,117,710,11.155046,14.072689,1.0,0,1.0,1,0,2,14,27,37.0,0,5,4.0,0,0.0,Boko Haram
22679,0,92,6,493,3407,29.685693,76.990483,1.0,0,0.0,1,0,3,19,1153,92.0,0,6,13.0,1,0.0,Sikh Extremists
46745,0,4,6,319,3584,33.335258,69.928467,1.0,1,0.0,1,0,3,14,4465,4.0,0,6,1.0,1,0.0,Taliban
71093,0,228,10,60,350,13.586484,44.024105,1.0,0,1.0,1,0,3,14,1730,228.0,0,6,1.0,-9,0.0,Houthi extremists (Ansar Allah)
74504,0,153,6,352,3731,34.006004,71.53743,1.0,1,0.0,1,1,3,20,6,153.0,0,6,3.0,0,0.0,Tehrik-i-Taliban Pakistan (TTP)
66213,0,60,10,292,236,31.200092,29.918649,1.0,0,0.0,1,0,3,3,3101,60.0,0,6,0.0,0,0.0,Muslim extremists
40821,1,160,5,1,18,5.544054,120.815636,1.0,0,0.0,1,0,6,14,19,160.0,0,5,0.0,0,1.0,Abu Sayyaf Group (ASG)
54890,0,95,10,33,247,33.303566,44.371773,1.0,0,1.0,1,0,3,19,549,95.0,0,6,3.0,1,0.0,Al-Qaida in Iraq
14857,0,45,3,362,526,7.491752,-74.868183,1.0,0,0.0,1,0,2,3,2184,45.0,0,5,1.0,1,0.0,National Liberation Army of Colombia (ELN)
48601,0,92,6,127,785,18.9,81.35,1.0,1,0.0,1,0,7,1,1378,92.0,0,8,0.0,1,0.0,Communist Party of India - Maoist (CPI-Maoist)
69229,0,4,6,518,3576,35.760462,68.918177,2.0,0,1.0,1,0,7,15,215,4.0,0,8,0.0,1,0.0,Taliban
39701,0,45,3,372,1160,5.445543,-75.688443,1.0,0,0.0,1,0,2,14,3893,45.0,0,8,1.0,1,0.0,Revolutionary Armed Forces of Colombia (FARC)
75329,0,228,10,51,357,15.45639,45.324871,1.0,0,1.0,1,0,3,1,1249,228.0,0,6,0.0,1,0.0,Houthi extremists (Ansar Allah)
20873,0,43,3,275,2114,-38.734133,-72.584651,1.0,0,1.0,1,0,3,21,2764,43.0,0,6,0.0,1,0.0,Manuel Rodriguez Patriotic Front (FPMR)
70244,0,92,6,127,939,19.724344,81.24232,3.0,0,0.0,0,0,3,4,48,92.0,0,6,0.0,0,0.0,Communist Party of India - Maoist (CPI-Maoist)
52284,0,95,10,32,246,33.31065,44.038208,1.0,1,1.0,1,0,3,3,12,95.0,0,6,1.0,0,0.0,Al-Qaida in Iraq
71815,0,45,3,362,2499,7.605683,-74.806265,3.0,0,0.0,1,0,3,3,12,45.0,0,6,3.0,0,0.0,National Liberation Army of Colombia (ELN)
82831,1,160,5,0,24,6.570558,122.029527,4.0,0,0.0,1,0,1,2,26,160.0,0,9,1.0,0,1.0,Abu Sayyaf Group (ASG)
15515,0,69,8,135,1016,42.699997,9.447317,1.0,0,0.0,1,0,3,18,1561,69.0,0,6,0.0,1,0.0,Corsican National Liberation Front (FLNC)
52842,0,209,10,223,1821,37.294346,43.673306,3.0,0,1.0,1,0,2,4,93,209.0,0,6,0.0,0,0.0,Kurdistan Workers' Party (PKK)
77629,0,95,10,36,1746,35.485833,43.240556,3.0,0,1.0,1,0,2,3,85,95.0,0,5,7.0,0,0.0,Islamic State of Iraq and the Levant (ISIL)
75643,0,228,10,60,350,13.586484,44.024105,1.0,0,1.0,1,0,3,14,925,228.0,0,6,0.0,-9,0.0,Houthi extremists (Ansar Allah)
5776,0,97,10,460,3046,32.08297,34.811886,1.0,0,0.0,1,0,3,19,3781,97.0,0,6,0.0,1,0.0,Palestinians
62079,0,228,10,54,361,14.354522,47.075779,1.0,0,0.0,1,0,2,4,559,228.0,0,6,5.0,1,0.0,Al-Qaida in the Arabian Peninsula (AQAP)
12878,0,69,8,143,1043,45.764043,4.835659,1.0,0,0.0,1,0,3,2,1629,69.0,0,6,0.0,1,0.0,Corsican National Liberation Front (FLNC)
19097,0,69,8,135,1016,42.699997,9.447317,1.0,0,0.0,1,0,1,3,1653,69.0,0,5,1.0,0,0.0,Corsican National Liberation Front (FLNC)
26073,0,97,10,458,3043,31.771599,35.2034,1.0,0,0.0,0,0,1,3,1124,97.0,0,9,0.0,0,0.0,Palestinians
19413,0,185,8,86,540,43.222177,-2.885668,1.0,0,0.0,1,0,3,1,180,185.0,0,6,0.0,1,0.0,Basque Fatherland and Freedom (ETA)
75728,0,173,10,184,1576,16.601688,42.94059,1.0,0,0.0,1,0,3,14,27,173.0,0,6,4.0,1,0.0,Houthi extremists (Ansar Allah)
15063,0,159,3,277,2118,-11.967368,-76.978462,1.0,0,1.0,1,0,3,1,4762,159.0,0,6,0.0,1,0.0,Tupac Amaru Revolutionary Movement (MRTA)
29653,0,185,8,102,552,37.983445,-1.12989,1.0,0,0.0,1,0,3,14,1019,185.0,0,6,1.0,1,0.0,Basque Fatherland and Freedom (ETA)
16060,0,159,3,480,3299,-13.531688,-71.966924,1.0,0,1.0,1,0,5,10,4840,159.0,0,5,0.0,1,0.0,Tupac Amaru Revolutionary Movement (MRTA)
42786,0,141,6,266,2266,26.832262,86.013557,3.0,0,0.0,1,0,2,14,2945,141.0,0,5,1.0,0,0.0,Maoists
56092,0,60,10,290,2361,31.126646,33.800865,1.0,0,1.0,1,0,2,4,20,60.0,0,6,0.0,1,0.0,Muslim extremists
22677,0,92,6,291,2415,32.726602,74.857026,1.0,0,0.0,1,0,2,14,4263,92.0,0,5,6.0,1,0.0,Sikh Extremists
22497,0,97,10,458,3043,31.771599,35.2034,1.0,0,0.0,1,0,8,2,3676,97.0,0,2,0.0,1,0.0,Palestinians
67271,0,228,10,58,1579,13.369068,44.490955,1.0,0,0.0,1,0,3,14,27,228.0,0,6,0.0,-9,0.0,Houthi extremists (Ansar Allah)
43056,0,4,6,507,3556,31.617667,65.675942,4.0,0,0.0,1,1,3,14,4480,999.0,0,6,3.0,0,0.0,Taliban
25472,0,43,3,272,2123,-36.609282,-72.102064,1.0,0,1.0,1,0,3,15,259,217.0,0,6,0.0,1,0.0,Manuel Rodriguez Patriotic Front (FPMR)
49996,0,228,10,52,331,13.932036,46.083254,1.0,0,0.0,1,1,3,2,660,228.0,0,6,5.0,1,0.0,Al-Qaida in the Arabian Peninsula (AQAP)
77928,0,160,5,9,2110,6.463884,124.861177,1.0,0,0.0,1,0,7,1,1463,160.0,0,5,0.0,1,0.0,New People's Army (NPA)
12179,0,43,3,271,2106,-33.366238,-70.505302,1.0,0,0.0,1,0,3,1,2688,43.0,0,6,0.0,1,0.0,Manuel Rodriguez Patriotic Front (FPMR)
72568,0,228,10,60,1551,13.168248,43.742406,2.0,0,1.0,1,0,3,14,1291,228.0,0,6,0.0,-9,0.0,Houthi extremists (Ansar Allah)
4957,0,69,8,136,131,48.856644,2.34233,1.0,0,1.0,1,0,3,1,765,69.0,0,6,1.0,1,0.0,Corsican National Liberation Front (FLNC)
71034,0,214,9,145,1071,48.143208,37.753361,1.0,1,0.0,1,0,2,4,48,214.0,0,6,0.0,0,0.0,Donetsk People's Republic
29458,0,45,3,359,2527,8.833351,-73.200031,3.0,0,0.0,1,0,3,21,3148,45.0,0,6,0.0,1,0.0,National Liberation Army of Colombia (ELN)
60853,0,147,11,108,711,10.652655,12.911669,2.0,0,0.0,1,0,2,14,486,147.0,0,5,15.0,1,0.0,Boko Haram
54400,0,92,6,126,2252,23.420959,84.577897,1.0,1,0.0,1,0,7,2,2936,92.0,0,8,0.0,1,0.0,Maoists
63850,0,60,10,317,2399,30.084629,31.334314,1.0,0,0.0,1,0,3,14,814,60.0,0,6,0.0,1,0.0,Muslim extremists
56782,0,160,5,400,2770,11.188,124.782,1.0,0,0.0,1,0,2,4,3438,160.0,0,5,0.0,0,0.0,New People's Army (NPA)
15800,0,183,11,19,154,-25.412439,28.007093,1.0,0,0.0,1,0,3,4,291,183.0,0,6,3.0,1,0.0,African National Congress (South Africa)
67510,0,173,10,61,1534,17.554939,44.232357,1.0,0,1.0,1,0,3,8,51,173.0,0,6,1.0,1,0.0,Houthi extremists (Ansar Allah)
16998,0,145,2,437,2854,13.564251,-86.02984,1.0,0,0.0,1,0,2,14,3522,145.0,0,5,1.0,1,0.0,Nicaraguan Democratic Force (FDN)
64114,1,147,11,167,1420,8.396272,8.360304,2.0,0,0.0,1,0,1,14,27,147.0,0,5,1.0,1,1.0,Fulani extremists
47596,0,160,5,411,2677,13.416,120.4623,1.0,0,0.0,1,0,7,16,3360,160.0,0,8,0.0,1,0.0,New People's Army (NPA)
50623,0,147,11,119,642,5.900002,5.666517,1.0,0,0.0,1,0,3,15,1229,147.0,0,6,0.0,1,0.0,Boko Haram
61625,1,147,11,108,621,12.359468,14.210929,1.0,0,0.0,1,0,6,14,1215,147.0,0,5,1.0,0,1.0,Boko Haram
8385,0,69,8,135,24,41.918891,8.737554,4.0,0,0.0,1,0,3,14,1615,69.0,0,6,0.0,1,0.0,Corsican National Liberation Front (FLNC)
11731,0,603,8,190,1659,54.489224,-6.920883,1.0,0,0.0,1,0,3,1,2181,233.0,0,6,0.0,1,0.0,Irish Republican Army (IRA)
56732,0,228,10,52,317,13.887403,45.863647,1.0,0,0.0,1,0,3,17,352,228.0,0,6,0.0,1,0.0,Al-Qaida in the Arabian Peninsula (AQAP)
29900,0,186,6,215,2011,7.529372,81.794609,1.0,0,0.0,1,0,3,19,56,186.0,0,6,3.0,1,0.0,Liberation Tigers of Tamil Eelam (LTTE)
16046,0,45,3,371,3218,7.48008,-73.92076,1.0,0,0.0,1,0,2,14,3947,45.0,0,5,4.0,1,0.0,Revolutionary Armed Forces of Colombia (FARC)
25386,1,92,6,337,24,31.147131,75.341218,4.0,0,0.0,1,0,6,3,92,92.0,0,5,1.0,0,1.0,Sikh Extremists
33431,0,43,3,271,2106,-33.366238,-70.505302,1.0,0,0.0,1,0,3,14,2790,43.0,0,6,0.0,1,0.0,Manuel Rodriguez Patriotic Front (FPMR)
10094,0,145,2,436,2863,13.330532,-86.1624,3.0,1,0.0,1,0,2,4,1762,145.0,0,5,1.0,1,0.0,Nicaraguan Democratic Force (FDN)
44003,0,153,6,300,2370,33.671638,73.056068,1.0,0,0.0,1,0,6,15,3036,153.0,0,5,7.0,1,1.0,Muslim extremists
20904,0,61,2,149,1150,13.69288,-89.199161,1.0,0,1.0,1,0,3,1,1856,61.0,0,6,0.0,1,0.0,Farabundo Marti National Liberation Front (FMLN)
44300,0,95,10,39,256,31.98958,44.923775,1.0,0,1.0,1,0,7,17,347,95.0,0,5,10.0,1,0.0,Al-Qaida in Iraq
83550,0,92,6,131,2224,18.221027,82.703111,2.0,0,0.0,1,0,7,1,2917,92.0,0,8,0.0,1,0.0,Maoists
64054,0,4,6,319,3584,33.335258,69.928467,1.0,0,0.0,1,0,3,19,549,4.0,0,6,1.0,1,0.0,Taliban
67953,0,173,10,184,1568,16.889359,42.570567,4.0,0,0.0,1,0,3,3,12,173.0,0,6,1.0,-9,0.0,Houthi extremists (Ansar Allah)
25794,0,159,3,277,3360,-11.122722,-77.610568,1.0,0,0.0,1,0,3,1,4786,159.0,0,6,0.0,1,0.0,Tupac Amaru Revolutionary Movement (MRTA)
53062,0,153,6,352,3792,34.953611,71.685833,1.0,0,0.0,1,0,2,4,2901,153.0,0,6,5.0,0,0.0,Tehrik-i-Taliban Pakistan (TTP)
9894,0,61,2,157,1215,13.768375,-88.149036,1.0,0,0.0,1,0,2,4,1772,61.0,0,5,1.0,1,0.0,Farabundo Marti National Liberation Front (FMLN)
15396,0,43,3,270,2107,-33.050125,-71.612251,1.0,0,1.0,1,0,3,1,2701,43.0,0,6,0.0,1,0.0,Manuel Rodriguez Patriotic Front (FPMR)
13884,0,61,2,158,24,13.447063,-88.556531,4.0,0,0.0,1,0,2,4,1762,61.0,0,5,1.0,1,0.0,Farabundo Marti National Liberation Front (FMLN)
77416,0,92,6,127,2244,18.423073,81.190331,1.0,0,0.0,1,0,3,3,2929,92.0,0,6,0.0,0,0.0,Maoists
18953,0,61,2,149,1150,13.69288,-89.199161,1.0,0,1.0,1,0,3,21,1811,61.0,0,6,0.0,1,0.0,Farabundo Marti National Liberation Front (FMLN)
10894,0,88,2,454,2959,13.729643,-87.569391,1.0,0,0.0,1,0,2,4,1762,145.0,0,5,1.0,1,0.0,Nicaraguan Democratic Force (FDN)
33167,0,185,8,86,540,43.222177,-2.885668,1.0,0,0.0,1,0,3,3,1001,185.0,0,6,0.0,1,0.0,Basque Fatherland and Freedom (ETA)
10380,0,159,3,277,2118,-11.967368,-76.978462,1.0,0,0.0,1,0,3,1,4125,159.0,0,6,1.0,1,0.0,Shining Path (SL)
21095,0,92,6,337,3405,30.898024,75.860077,1.0,0,1.0,0,0,3,14,4332,92.0,0,6,0.0,1,0.0,Sikh Extremists
6244,0,155,10,325,1468,31.502407,34.459743,1.0,0,0.0,1,0,3,4,3682,97.0,0,6,3.0,1,0.0,Palestinians
15098,0,159,3,277,2118,-11.967368,-76.978462,1.0,0,0.0,1,0,3,1,4798,159.0,0,6,0.0,1,0.0,Tupac Amaru Revolutionary Movement (MRTA)
81568,0,228,10,60,350,13.586484,44.024105,1.0,0,0.0,1,0,3,14,1213,228.0,0,6,0.0,-9,0.0,Houthi extremists (Ansar Allah)
18337,0,69,8,135,1021,42.6042,8.929852,1.0,0,1.0,1,0,3,14,1567,21.0,0,6,0.0,1,0.0,Corsican National Liberation Front (FLNC)
67503,0,160,5,0,59,6.606469,122.192254,1.0,0,0.0,0,0,3,16,104,160.0,0,6,0.0,0,0.0,Abu Sayyaf Group (ASG)
5631,0,185,8,86,509,43.258434,-2.921819,1.0,0,0.0,1,0,1,19,1083,185.0,0,5,1.0,0,0.0,Basque Fatherland and Freedom (ETA)
19437,0,69,8,135,1012,42.016854,9.403982,1.0,0,1.0,1,0,3,1,1552,69.0,0,6,0.0,1,0.0,Corsican National Liberation Front (FLNC)
15779,0,159,3,475,3335,-12.068306,-75.210163,1.0,0,1.0,1,0,3,2,4792,159.0,0,6,1.0,1,0.0,Tupac Amaru Revolutionary Movement (MRTA)
56669,1,160,5,0,39,6.599402,121.904055,1.0,0,0.0,1,0,6,12,52,422.0,0,5,0.0,0,1.0,Abu Sayyaf Group (ASG)
52293,0,95,10,44,267,32.604393,44.007145,1.0,0,1.0,1,0,3,14,13,95.0,0,6,1.0,0,0.0,Al-Qaida in Iraq
32906,0,603,8,190,1603,54.607712,-5.95621,1.0,0,1.0,1,0,2,14,2072,216.0,0,5,0.0,0,0.0,Irish Republican Army (IRA)
29516,0,603,8,190,1604,55.011562,-7.312045,1.0,0,1.0,1,0,3,1,1088,233.0,0,6,0.0,1,0.0,Irish Republican Army (IRA)
79944,0,228,10,51,357,15.45639,45.324871,1.0,0,0.0,1,0,3,4,1720,422.0,0,6,12.0,1,0.0,Houthi extremists (Ansar Allah)
42967,0,186,6,260,1968,6.941837,79.861687,1.0,0,0.0,1,1,3,4,2539,186.0,0,6,11.0,0,0.0,Liberation Tigers of Tamil Eelam (LTTE)
77705,0,228,10,183,1515,16.321999,42.814075,1.0,0,0.0,1,0,2,4,48,228.0,0,5,3.0,0,0.0,Houthi extremists (Ansar Allah)
83599,0,4,6,514,3541,31.60063,64.369652,1.0,0,0.0,1,1,3,4,4439,4.0,0,6,1.0,1,0.0,Taliban
83031,0,147,11,118,1340,9.567963,8.731537,3.0,0,0.0,1,0,2,14,811,147.0,0,5,9.0,0,0.0,Fulani extremists
53674,0,147,11,110,613,11.704399,11.088539,1.0,0,1.0,1,0,7,8,51,147.0,0,8,0.0,1,0.0,Boko Haram
78708,0,160,5,0,76,6.493148,122.165911,1.0,0,0.0,1,0,3,14,150,160.0,0,6,2.0,0,0.0,Abu Sayyaf Group (ASG)
71301,0,182,11,83,449,4.684885,46.622807,1.0,0,0.0,0,0,2,4,860,422.0,0,5,0.0,0,0.0,Al-Shabaab
29199,0,97,10,456,3051,32.410221,35.281722,1.0,0,0.0,1,0,3,4,577,97.0,0,6,0.0,1,0.0,Palestinians
19665,0,45,3,364,2587,8.95736,-73.62346,1.0,0,0.0,1,0,2,4,3158,45.0,0,5,1.0,1,0.0,National Liberation Army of Colombia (ELN)
68448,0,45,3,359,2505,8.59674,-73.22737,2.0,0,0.0,1,0,3,4,3153,45.0,0,6,4.0,1,0.0,National Liberation Army of Colombia (ELN)
28107,0,92,6,131,3460,13.589583,80.03337,1.0,0,0.0,1,0,2,3,562,92.0,0,5,2.0,1,0.0,Sikh Extremists
80680,0,182,11,68,404,2.059819,45.326115,1.0,0,0.0,0,0,1,2,897,182.0,0,6,1.0,1,0.0,Al-Shabaab
58990,0,147,11,123,1436,11.721105,7.03656,2.0,0,1.0,1,0,2,14,27,147.0,0,5,7.0,1,0.0,Fulani extremists
46903,0,153,6,534,3758,34.793956,72.775814,3.0,0,0.0,1,0,1,14,4591,153.0,0,5,3.0,1,0.0,Tehrik-i-Taliban Pakistan (TTP)
63423,0,121,5,14,62,7.277091,117.458841,1.0,0,0.0,1,0,2,11,107,121.0,0,5,0.0,1,0.0,Abu Sayyaf Group (ASG)
41240,0,92,6,291,2432,33.721287,74.831062,1.0,0,0.0,0,0,2,3,909,92.0,0,5,1.0,0,0.0,Muslim extremists
50850,0,147,11,108,616,11.840929,13.141459,1.0,0,0.0,1,0,2,4,1223,147.0,0,5,4.0,0,0.0,Boko Haram
43666,0,4,6,507,3668,31.513958,64.926378,2.0,0,0.0,1,0,2,3,563,4.0,0,5,1.0,-9,0.0,Taliban
19932,0,186,6,261,2010,9.267091,80.814248,1.0,0,0.0,1,0,2,19,56,186.0,0,5,2.0,1,0.0,Liberation Tigers of Tamil Eelam (LTTE)
75463,0,160,5,1,4,5.965263,120.983076,1.0,0,0.0,1,0,2,4,4,160.0,0,5,3.0,0,0.0,Abu Sayyaf Group (ASG)
48154,0,92,6,127,836,18.791667,80.816667,1.0,1,0.0,1,0,7,2,1370,92.0,0,8,0.0,1,0.0,Communist Party of India - Maoist (CPI-Maoist)
57127,0,208,10,308,2381,36.449268,8.436416,1.0,0,0.0,1,0,2,3,175,208.0,0,5,0.0,-9,0.0,Muslim extremists
6957,0,185,8,86,527,43.3282,-3.031509,1.0,0,0.0,1,0,1,1,1048,185.0,0,5,1.0,0,0.0,Basque Fatherland and Freedom (ETA)
62716,1,160,5,4,24,7.548409,122.338157,4.0,0,0.0,1,0,6,14,136,44.0,0,5,0.0,1,1.0,Abu Sayyaf Group (ASG)
80443,0,92,6,126,830,23.770186,84.417259,2.0,0,0.0,1,0,7,1,1352,92.0,0,8,0.0,1,0.0,Communist Party of India - Maoist (CPI-Maoist)
45866,0,153,6,534,3731,34.006004,71.53743,1.0,0,0.0,1,0,3,14,4571,153.0,0,6,0.0,1,0.0,Tehrik-i-Taliban Pakistan (TTP)
55604,0,182,11,70,407,-0.357847,42.54665,1.0,0,0.0,0,0,1,10,832,182.0,0,5,0.0,0,0.0,Al-Shabaab
18756,0,92,6,337,3467,31.534899,75.910571,3.0,0,0.0,1,0,2,3,1873,92.0,0,5,1.0,1,0.0,Sikh Extremists
75784,0,228,10,48,309,12.825647,44.846416,1.0,0,1.0,1,0,3,3,175,228.0,0,6,0.0,1,0.0,Al-Qaida in the Arabian Peninsula (AQAP)
50226,0,92,6,126,797,23.075278,85.278889,3.0,0,0.0,1,0,8,14,1387,92.0,0,9,1.0,0,0.0,Communist Party of India - Maoist (CPI-Maoist)
62767,0,214,9,145,1068,47.981647,37.762325,1.0,0,1.0,1,0,3,14,925,214.0,0,6,3.0,1,0.0,Donetsk People's Republic
42159,0,186,6,215,1983,7.414383,81.830633,1.0,0,0.0,1,0,2,3,2497,186.0,0,5,0.0,0,0.0,Liberation Tigers of Tamil Eelam (LTTE)
20381,0,183,11,25,180,-34.057188,18.865482,1.0,0,0.0,1,0,3,2,333,183.0,0,6,0.0,1,0.0,African National Congress (South Africa)
66237,0,214,9,145,1069,47.098835,37.81987,1.0,0,1.0,1,0,2,4,48,214.0,0,6,0.0,0,0.0,Donetsk People's Republic
6564,0,185,8,86,559,43.353607,-2.907457,1.0,0,0.0,1,0,1,3,1117,185.0,0,5,1.0,0,0.0,Basque Fatherland and Freedom (ETA)
65905,0,228,10,50,318,14.54397,49.12458,1.0,0,0.0,1,0,1,3,658,228.0,0,5,2.0,1,0.0,Al-Qaida in the Arabian Peninsula (AQAP)
60790,0,147,11,118,1438,9.580896,8.780507,2.0,0,1.0,1,0,2,14,27,147.0,0,5,4.0,1,0.0,Fulani extremists
6680,0,97,10,266,3085,32.089161,34.88382,1.0,0,0.0,1,0,3,14,3717,97.0,0,6,1.0,1,0.0,Palestinians
11624,0,61,2,158,1187,13.616667,-88.4,1.0,0,0.0,1,0,2,4,1788,61.0,0,5,2.0,1,0.0,Farabundo Marti National Liberation Front (FMLN)
37718,0,69,8,135,1025,42.681855,9.303746,1.0,0,1.0,1,0,5,14,1572,69.0,0,9,0.0,0,1.0,Corsican National Liberation Front (FLNC)
74604,0,160,5,1,2,6.088221,121.109329,1.0,0,0.0,1,0,2,4,48,160.0,0,5,1.0,0,0.0,Abu Sayyaf Group (ASG)
36639,0,45,3,362,24,6.2675,-75.568611,4.0,0,0.0,1,0,1,14,3157,45.0,0,5,2.0,0,0.0,National Liberation Army of Colombia (ELN)
26844,0,61,2,147,1177,13.99,-88.758,1.0,0,0.0,1,0,2,21,1780,61.0,0,5,23.0,1,0.0,Farabundo Marti National Liberation Front (FMLN)
66257,0,228,10,50,311,15.959517,48.331755,3.0,0,0.0,1,0,2,2,717,228.0,0,5,1.0,0,0.0,Al-Qaida in the Arabian Peninsula (AQAP)
66719,0,228,10,50,318,14.54397,49.12458,1.0,0,1.0,1,0,7,10,750,228.0,0,8,0.0,1,0.0,Al-Qaida in the Arabian Peninsula (AQAP)
59350,0,228,10,48,309,12.825647,44.846416,1.0,0,0.0,1,1,3,4,524,228.0,0,6,11.0,1,0.0,Al-Qaida in the Arabian Peninsula (AQAP)
15140,0,603,8,190,1605,54.296399,-7.871465,1.0,0,0.0,1,0,3,4,2051,233.0,0,6,1.0,1,0.0,Irish Republican Army (IRA)
75084,0,95,10,36,1759,34.430824,44.0191,1.0,0,1.0,1,0,3,21,2320,95.0,0,6,0.0,1,0.0,Islamic State of Iraq and the Levant (ISIL)
76803,0,228,10,51,357,15.45639,45.324871,1.0,0,0.0,0,0,3,20,6,228.0,0,6,0.0,0,0.0,Houthi extremists (Ansar Allah)
67656,1,113,10,306,2377,32.867867,13.189067,1.0,0,0.0,1,0,6,14,13,208.0,0,5,0.0,0,1.0,Muslim extremists
51116,0,95,10,33,247,33.271403,44.493661,1.0,0,1.0,1,0,3,14,13,95.0,0,6,2.0,-9,0.0,Al-Qaida in Iraq
70319,0,200,10,217,2419,35.990086,36.677223,1.0,0,1.0,1,0,3,14,27,200.0,0,6,0.0,0,0.0,Muslim extremists
65311,0,160,5,4,15,6.929089,122.07885,1.0,0,0.0,1,0,3,1,180,160.0,0,6,2.0,1,0.0,Abu Sayyaf Group (ASG)
63757,0,214,9,145,1068,47.981647,37.762325,1.0,0,1.0,1,0,2,4,1700,214.0,0,6,1.0,-9,0.0,Donetsk People's Republic
23472,0,160,5,390,2634,15.153002,120.591942,1.0,0,0.0,1,0,2,3,3330,160.0,0,5,0.0,1,0.0,New People's Army (NPA)
40099,0,45,3,373,24,11.354774,-72.520483,4.0,0,0.0,1,0,3,19,3186,45.0,0,6,0.0,1,0.0,National Liberation Army of Colombia (ELN)
11917,0,145,2,437,2960,13.652701,-86.612806,1.0,0,0.0,1,0,2,4,1762,145.0,0,5,1.0,1,0.0,Nicaraguan Democratic Force (FDN)
63394,0,214,9,145,1067,47.117252,37.572659,1.0,0,1.0,1,0,3,4,1701,214.0,0,6,0.0,0,0.0,Donetsk People's Republic
35565,0,45,3,362,2540,5.74514,-75.97625,1.0,0,0.0,1,0,2,3,175,45.0,0,5,0.0,1,0.0,National Liberation Army of Colombia (ELN)
60772,0,182,11,68,404,2.059819,45.326115,1.0,0,0.0,1,0,2,4,577,182.0,0,5,1.0,-9,0.0,Al-Shabaab
34884,0,186,6,215,2011,7.529372,81.794609,1.0,0,0.0,1,0,3,21,2557,186.0,0,6,0.0,1,0.0,Liberation Tigers of Tamil Eelam (LTTE)
17210,0,183,11,26,162,-22.351154,30.039773,1.0,1,0.0,1,0,3,4,402,183.0,0,6,1.0,1,0.0,African National Congress (South Africa)
65998,0,214,9,145,1069,47.098835,37.81987,1.0,0,0.0,1,0,3,4,1697,214.0,0,6,2.0,0,0.0,Donetsk People's Republic
28345,0,97,10,458,3043,31.771599,35.2034,1.0,0,0.0,1,0,7,14,3777,97.0,0,8,0.0,1,0.0,Palestinians
25078,0,92,6,337,3415,30.34,76.38,1.0,0,0.0,1,0,3,14,4334,92.0,0,6,0.0,1,0.0,Sikh Extremists
4202,0,69,8,140,1045,41.387174,9.159269,1.0,0,0.0,1,0,3,14,1624,69.0,0,6,0.0,1,0.0,Corsican National Liberation Front (FLNC)
76409,0,45,3,368,2551,7.022091,-71.385222,1.0,0,0.0,0,0,3,20,6,45.0,0,6,0.0,0,0.0,National Liberation Army of Colombia (ELN)
33034,0,209,10,223,24,37.449429,43.750656,4.0,0,0.0,1,0,2,4,562,209.0,0,5,17.0,1,0.0,Kurdistan Workers' Party (PKK)
19976,0,183,11,19,155,-26.252697,27.870275,1.0,0,0.0,1,0,2,3,275,183.0,0,5,0.0,1,0.0,African National Congress (South Africa)
49482,0,92,6,128,876,22.451393,86.992203,1.0,1,0.0,1,0,2,2,1405,92.0,0,9,1.0,-9,0.0,Communist Party of India - Maoist (CPI-Maoist)
81684,0,160,5,13,2706,7.485713,125.044323,1.0,0,0.0,0,0,2,3,12,160.0,0,5,1.0,0,0.0,New People's Army (NPA)
77389,0,209,10,222,24,37.418748,42.491834,4.0,0,0.0,1,0,3,14,13,209.0,0,6,3.0,-9,0.0,Kurdistan Workers' Party (PKK)
60639,0,147,11,113,622,10.890928,13.627589,1.0,0,1.0,1,0,7,15,1208,147.0,0,8,0.0,1,0.0,Boko Haram
74574,1,182,11,73,24,3.503923,42.236244,4.0,0,0.0,1,0,6,1,895,182.0,0,5,1.0,-9,1.0,Al-Shabaab
52415,0,182,11,68,422,2.059819,45.326115,1.0,0,0.0,1,0,3,4,162,209.0,0,6,0.0,0,0.0,Al-Shabaab
71395,0,228,10,60,24,13.413117,43.637531,4.0,0,0.0,1,0,3,19,1978,228.0,0,6,0.0,1,0.0,Houthi extremists (Ansar Allah)
56118,0,228,10,48,309,12.825647,44.846416,1.0,0,0.0,1,0,1,17,721,228.0,0,5,1.0,0,0.0,Al-Qaida in the Arabian Peninsula (AQAP)
15427,0,159,3,277,2118,-11.967368,-76.978462,1.0,0,1.0,1,0,3,2,4750,159.0,0,6,1.0,1,0.0,Tupac Amaru Revolutionary Movement (MRTA)
70346,1,95,10,36,1738,34.834415,43.515133,1.0,0,1.0,1,0,6,14,13,95.0,0,5,1.0,0,1.0,Islamic State of Iraq and the Levant (ISIL)
50835,0,153,6,352,3756,31.834328,70.90905,1.0,0,0.0,1,1,3,3,85,153.0,0,6,8.0,1,0.0,Tehrik-i-Taliban Pakistan (TTP)
47946,1,92,6,128,854,22.424109,87.318986,1.0,0,0.0,1,0,6,14,1376,92.0,0,5,1.0,0,1.0,Communist Party of India - Maoist (CPI-Maoist)
48436,0,92,6,126,918,24.236881,84.074879,1.0,0,0.0,1,0,3,8,1347,92.0,0,6,0.0,1,0.0,Communist Party of India - Maoist (CPI-Maoist)
20193,0,92,6,337,3406,31.5325,75.093889,1.0,0,0.0,1,0,1,14,4242,92.0,0,5,3.0,0,0.0,Sikh Extremists
59958,1,4,6,517,3547,35.61831,64.249564,3.0,0,0.0,1,0,1,2,4443,4.0,0,5,1.0,0,1.0,Taliban
59835,1,214,9,145,1089,48.327225,38.025673,1.0,0,0.0,1,0,6,2,347,214.0,0,9,1.0,0,1.0,Donetsk People's Republic
46053,1,92,6,129,824,18.18151,81.948026,2.0,0,0.0,1,0,2,14,1346,92.0,0,5,1.0,0,1.0,Communist Party of India - Maoist (CPI-Maoist)
51997,0,147,11,115,705,11.887798,8.501951,1.0,0,1.0,0,0,3,8,51,147.0,0,6,0.0,0,0.0,Boko Haram
12407,0,61,2,149,1150,13.69288,-89.199161,1.0,0,1.0,1,0,3,21,1761,61.0,0,6,1.0,1,0.0,Farabundo Marti National Liberation Front (FMLN)
82779,0,147,11,118,1387,10.030051,8.799994,2.0,0,1.0,1,0,2,14,27,147.0,0,5,10.0,-9,0.0,Fulani extremists
13911,0,145,2,440,2889,12.10629,-85.36452,1.0,0,0.0,1,0,2,2,3535,145.0,0,5,1.0,1,0.0,Nicaraguan Democratic Force (FDN)
43604,0,95,10,32,263,33.420948,43.295662,1.0,1,1.0,1,1,3,4,527,217.0,0,2,2.0,-9,0.0,Al-Qaida in Iraq
28278,0,61,2,155,1154,13.678617,-89.268102,1.0,0,0.0,1,0,3,3,1765,61.0,0,6,0.0,1,0.0,Farabundo Marti National Liberation Front (FMLN)
19947,0,186,6,261,2000,9.304036,80.409705,1.0,0,0.0,1,0,3,4,2508,92.0,0,6,2.0,1,0.0,Liberation Tigers of Tamil Eelam (LTTE)
11046,0,45,3,362,2498,6.242026,-75.564766,1.0,0,0.0,1,0,3,7,3254,45.0,0,6,0.0,1,0.0,National Liberation Army of Colombia (ELN)
78233,0,45,3,363,2492,4.667128,-74.106056,1.0,0,1.0,1,0,3,3,85,45.0,0,6,0.0,-9,0.0,National Liberation Army of Colombia (ELN)
18176,0,43,3,271,2106,-33.366238,-70.505302,1.0,0,1.0,1,0,3,1,1573,43.0,0,6,0.0,1,0.0,Manuel Rodriguez Patriotic Front (FPMR)
62268,1,160,5,1,2,6.066812,121.100482,1.0,0,0.0,1,0,6,2,71,160.0,0,5,1.0,-9,1.0,Abu Sayyaf Group (ASG)
3713,0,603,8,190,1603,54.607712,-5.95621,1.0,0,0.0,1,0,3,1,1604,216.0,0,6,0.0,1,0.0,Irish Republican Army (IRA)
37670,1,160,5,0,35,6.51792,122.12822,1.0,0,0.0,1,0,6,1,46,160.0,0,5,1.0,0,1.0,Abu Sayyaf Group (ASG)
68125,0,160,5,393,2783,11.14579,122.514644,1.0,0,0.0,0,0,2,4,3351,160.0,0,5,0.0,0,0.0,New People's Army (NPA)
11361,0,145,2,445,2891,13.00583,-87.50278,1.0,0,0.0,1,0,3,11,3536,145.0,0,5,1.0,1,0.0,Nicaraguan Democratic Force (FDN)
65312,0,147,11,108,662,11.885962,12.801891,1.0,0,0.0,1,0,2,14,27,147.0,0,5,15.0,1,0.0,Boko Haram
9310,0,61,2,157,1212,13.89271,-88.043983,1.0,0,0.0,1,0,2,4,1762,61.0,0,5,1.0,1,0.0,Farabundo Marti National Liberation Front (FMLN)
20046,0,159,3,277,2118,-11.967368,-76.978462,1.0,0,1.0,1,0,3,1,2132,159.0,0,6,0.0,1,0.0,Shining Path (SL)
43471,0,160,5,6,61,6.697343,125.082779,1.0,0,0.0,1,0,3,14,6,160.0,0,6,0.0,-9,0.0,Abu Sayyaf Group (ASG)
77138,0,173,10,61,1534,17.554939,44.232357,1.0,0,0.0,1,0,2,14,1213,173.0,0,6,0.0,-9,0.0,Houthi extremists (Ansar Allah)
12651,0,183,11,19,165,-26.160098,27.872807,1.0,0,0.0,1,0,3,14,310,183.0,0,6,0.0,1,0.0,African National Congress (South Africa)
16106,0,145,2,444,2870,12.216667,-84.033333,1.0,0,0.0,1,0,2,14,3524,145.0,0,5,1.0,1,0.0,Nicaraguan Democratic Force (FDN)
4977,0,97,10,261,3103,33.098946,35.288591,1.0,0,0.0,1,0,2,14,3778,97.0,0,5,1.0,1,0.0,Palestinians
56499,1,182,11,66,459,2.667362,44.689036,4.0,1,0.0,1,0,6,14,867,182.0,0,5,1.0,1,1.0,Al-Shabaab
17504,0,43,3,271,2106,-33.366238,-70.505302,1.0,0,0.0,1,0,3,10,2698,43.0,0,6,0.0,1,0.0,Manuel Rodriguez Patriotic Front (FPMR)
14516,0,43,3,273,2111,-34.170331,-70.740822,1.0,0,0.0,1,0,3,21,1761,43.0,0,6,0.0,1,0.0,Manuel Rodriguez Patriotic Front (FPMR)
34765,0,186,6,215,1969,7.733107,81.68882,1.0,0,0.0,1,0,1,2,2495,186.0,0,5,1.0,0,0.0,Liberation Tigers of Tamil Eelam (LTTE)
45187,0,182,11,65,401,3.115641,43.64658,1.0,0,0.0,1,0,3,2,896,182.0,0,6,11.0,1,0.0,Al-Shabaab
55767,0,4,6,513,24,34.014552,69.192392,4.0,0,0.0,1,0,3,4,48,4.0,0,6,2.0,0,0.0,Taliban
28729,0,92,6,337,3405,30.898024,75.860077,1.0,1,1.0,1,0,7,1,1088,92.0,0,8,0.0,1,0.0,Sikh Extremists
50116,0,92,6,130,821,18.815236,82.712102,1.0,0,0.0,1,0,2,14,1342,92.0,0,9,1.0,0,0.0,Communist Party of India - Maoist (CPI-Maoist)
75386,1,121,5,14,64,5.024206,118.330746,1.0,1,0.0,1,0,6,11,117,93.0,0,6,0.0,0,1.0,Abu Sayyaf Group (ASG)
70867,0,228,10,48,309,12.825647,44.846416,1.0,0,0.0,0,0,2,3,672,228.0,0,5,0.0,0,0.0,Al-Qaida in the Arabian Peninsula (AQAP)
32152,0,159,3,277,2118,-11.967368,-76.978462,1.0,0,0.0,1,0,3,7,4137,44.0,0,6,0.0,1,0.0,Shining Path (SL)
51968,0,4,6,319,3584,33.335258,69.928467,1.0,0,1.0,1,0,3,3,92,4.0,0,6,0.0,0,0.0,Taliban
53954,0,147,11,108,671,12.359468,14.210929,1.0,0,1.0,1,0,7,2,1246,147.0,0,8,0.0,1,0.0,Boko Haram
75440,0,147,11,166,1432,7.367939,8.74654,1.0,0,1.0,1,0,2,14,13,147.0,0,5,1.0,-9,0.0,Fulani extremists
16466,0,160,5,11,43,14.596051,120.978666,1.0,0,0.0,1,0,1,2,3388,160.0,0,5,3.0,0,0.0,New People's Army (NPA)
37023,1,160,5,10,51,7.291386,122.064633,1.0,0,0.0,1,0,6,14,89,160.0,0,5,0.0,0,1.0,Abu Sayyaf Group (ASG)
65689,0,147,11,166,1286,7.689167,9.250278,3.0,0,1.0,1,0,2,14,27,147.0,0,5,1.0,1,0.0,Fulani extremists
17918,0,92,6,285,3499,29.928467,73.871423,1.0,0,1.0,1,0,1,3,1653,92.0,0,5,1.0,0,0.0,Sikh Extremists
15469,0,45,3,366,2500,7.116294,-73.120026,1.0,0,0.0,1,0,3,2,3175,45.0,0,6,1.0,1,0.0,National Liberation Army of Colombia (ELN)
49059,0,92,6,126,779,24.128611,84.185712,3.0,0,0.0,0,0,3,3,1457,92.0,0,6,0.0,0,0.0,Communist Party of India - Maoist (CPI-Maoist)
31917,0,159,3,477,3284,-13.152712,-74.218628,1.0,0,0.0,1,0,3,14,4167,159.0,0,5,6.0,1,0.0,Shining Path (SL)
18339,0,69,8,135,1021,42.6042,8.929852,1.0,0,1.0,1,0,3,14,1567,21.0,0,6,0.0,1,0.0,Corsican National Liberation Front (FLNC)
75454,0,147,11,166,1297,7.047112,8.591723,1.0,0,1.0,1,0,2,8,1916,147.0,0,5,2.0,-9,0.0,Fulani extremists
13178,0,159,3,484,3342,-12.787148,-74.973207,3.0,0,0.0,1,0,3,19,4144,159.0,0,6,0.0,1,0.0,Shining Path (SL)
21394,0,61,2,158,1184,13.36899,-88.658074,1.0,0,0.0,1,0,3,19,1786,61.0,0,6,0.0,1,0.0,Farabundo Marti National Liberation Front (FMLN)
55961,0,45,3,470,3231,1.029444,-76.616389,1.0,0,0.0,1,0,2,4,3969,45.0,0,5,1.0,0,0.0,Revolutionary Armed Forces of Colombia (FARC)
54635,0,95,10,33,247,33.303566,44.371773,1.0,0,1.0,1,0,3,14,13,95.0,0,6,4.0,-9,0.0,Al-Qaida in Iraq
51128,0,95,10,37,254,36.354145,43.14357,1.0,0,1.0,1,0,2,4,20,95.0,0,5,1.0,-9,0.0,Al-Qaida in Iraq
65868,1,160,5,1,22,6.050458,121.012245,1.0,0,0.0,1,0,6,14,31,44.0,0,5,0.0,0,1.0,Abu Sayyaf Group (ASG)
13552,0,159,3,277,2118,-11.967368,-76.978462,1.0,0,1.0,1,0,3,9,4811,159.0,0,6,1.0,1,0.0,Tupac Amaru Revolutionary Movement (MRTA)
74768,0,228,10,60,350,13.586484,44.024105,1.0,0,0.0,1,0,3,14,1213,228.0,0,6,0.0,-9,0.0,Houthi extremists (Ansar Allah)
51687,0,95,10,34,249,33.74324,44.623825,1.0,0,1.0,1,1,3,3,563,95.0,0,6,2.0,1,0.0,Al-Qaida in Iraq
29190,0,183,11,18,179,-29.221678,30.011627,1.0,0,0.0,1,0,2,22,290,183.0,0,5,16.0,1,0.0,African National Congress (South Africa)
48772,1,92,6,127,806,19.203477,81.934532,2.0,0,0.0,1,0,6,14,1324,92.0,0,5,1.0,-9,1.0,Communist Party of India - Maoist (CPI-Maoist)
79590,0,4,6,519,3673,35.58567,63.328087,1.0,0,1.0,1,0,2,3,2901,4.0,0,5,1.0,-9,0.0,Taliban
14021,0,61,2,158,1180,13.416667,-88.5,1.0,0,1.0,1,0,3,21,1782,61.0,0,6,0.0,1,0.0,Farabundo Marti National Liberation Front (FMLN)
25451,0,159,3,492,3871,-5.902332,-76.120399,1.0,0,0.0,1,0,2,14,4813,159.0,0,5,2.0,1,0.0,Tupac Amaru Revolutionary Movement (MRTA)
51819,0,153,6,332,2428,30.200819,66.994354,1.0,0,0.0,1,0,3,4,162,153.0,0,6,5.0,1,0.0,Tehrik-i-Taliban Pakistan (TTP)
14291,0,145,2,452,2910,13.69517,-84.85311,1.0,0,0.0,1,0,2,2,3548,145.0,0,5,3.0,1,0.0,Nicaraguan Democratic Force (FDN)
30337,0,160,5,391,2683,12.26919,123.540417,1.0,0,0.0,1,0,3,3,3363,160.0,0,6,4.0,1,0.0,New People's Army (NPA)
23620,0,159,3,277,2118,-11.967368,-76.978462,1.0,0,0.0,1,0,3,1,283,159.0,0,6,0.0,1,0.0,Tupac Amaru Revolutionary Movement (MRTA)
71681,0,160,5,13,2640,7.833119,124.813742,2.0,0,0.0,1,0,3,3,12,160.0,0,6,1.0,1,0.0,New People's Army (NPA)
52515,1,160,5,386,2752,8.312616,126.003615,1.0,1,0.0,1,0,6,1,52,160.0,0,5,0.0,1,1.0,New People's Army (NPA)
80698,0,92,6,130,878,20.309067,83.728802,1.0,1,0.0,1,0,3,3,162,92.0,0,6,1.0,1,0.0,Communist Party of India - Maoist (CPI-Maoist)
61283,0,147,11,169,1375,7.852721,10.962974,3.0,0,1.0,1,0,2,14,27,147.0,0,5,7.0,1,0.0,Fulani extremists
44443,0,160,5,9,2729,6.483545,125.066665,1.0,0,0.0,1,0,2,1,3403,14.0,0,5,0.0,1,0.0,New People's Army (NPA)
47725,0,160,5,1,26,5.9735,120.9698,1.0,0,0.0,1,0,2,12,168,153.0,0,5,0.0,1,0.0,Abu Sayyaf Group (ASG)
80323,0,160,5,386,2746,8.961028,125.759476,1.0,0,0.0,1,0,2,3,20,160.0,0,5,1.0,0,0.0,New People's Army (NPA)
46709,0,153,6,427,3754,34.856902,71.429936,3.0,0,0.0,1,0,3,8,4588,153.0,0,6,0.0,1,0.0,Tehrik-i-Taliban Pakistan (TTP)
80955,0,228,10,60,350,13.586484,44.024105,1.0,0,0.0,1,0,3,14,1213,228.0,0,6,1.0,-9,0.0,Houthi extremists (Ansar Allah)
53497,0,209,10,222,1861,37.3408,41.894,1.0,0,1.0,1,0,7,8,51,209.0,0,8,0.0,1,0.0,Kurdistan Workers' Party (PKK)
75637,0,209,10,232,1828,38.292876,41.022436,1.0,1,0.0,1,0,3,4,48,209.0,0,6,1.0,1,0.0,Kurdistan Workers' Party (PKK)
73458,0,209,10,225,1850,37.080181,41.220196,1.0,0,0.0,1,0,3,3,559,209.0,0,6,1.0,0,0.0,Kurdistan Workers' Party (PKK)
76274,0,153,6,427,3760,34.552243,71.257927,2.0,0,1.0,1,0,3,3,2949,153.0,0,6,1.0,0,0.0,Tehrik-i-Taliban Pakistan (TTP)
10126,0,61,2,148,1176,13.6,-87.76667,1.0,0,0.0,1,0,3,14,1779,61.0,0,5,58.0,1,1.0,Farabundo Marti National Liberation Front (FMLN)
18088,0,92,6,337,3418,31.633078,74.878288,1.0,0,0.0,1,0,1,1,4335,92.0,0,5,2.0,0,0.0,Sikh Extremists
24591,0,159,3,277,2118,-11.967368,-76.978462,1.0,0,1.0,1,0,3,1,1577,159.0,0,6,0.0,1,0.0,Shining Path (SL)
69270,0,147,11,108,725,11.650335,13.418321,3.0,0,1.0,1,0,2,14,13,147.0,0,5,1.0,-9,0.0,Boko Haram
58198,0,182,11,70,407,-0.357847,42.54665,1.0,0,0.0,0,0,2,4,879,422.0,0,5,0.0,0,0.0,Al-Shabaab
81296,0,209,10,238,1896,38.159069,41.732154,3.0,0,0.0,1,0,3,2,2429,209.0,0,6,0.0,1,0.0,Kurdistan Workers' Party (PKK)
83022,0,160,5,0,20,6.664973,122.154736,1.0,0,0.0,1,0,3,1,21,160.0,0,6,0.0,-9,0.0,Abu Sayyaf Group (ASG)
32525,0,209,10,222,1854,37.340288,41.892628,1.0,1,0.0,1,0,3,21,2408,209.0,0,6,0.0,1,0.0,Kurdistan Workers' Party (PKK)
11270,0,145,2,437,2887,13.759041,-86.017217,1.0,0,0.0,1,0,2,4,1768,145.0,0,5,3.0,1,0.0,Nicaraguan Democratic Force (FDN)
22893,0,61,2,156,1173,13.733333,-88.883333,1.0,0,1.0,1,0,3,21,1761,61.0,0,6,0.0,1,0.0,Farabundo Marti National Liberation Front (FMLN)
22574,0,159,3,277,2118,-11.967368,-76.978462,1.0,0,1.0,1,0,3,1,765,159.0,0,6,0.0,1,0.0,Tupac Amaru Revolutionary Movement (MRTA)
36867,0,186,6,261,1974,9.666399,80.020477,1.0,0,0.0,1,0,3,14,2590,186.0,0,6,1.0,-9,0.0,Liberation Tigers of Tamil Eelam (LTTE)
71845,0,160,5,391,2754,12.033378,123.200461,2.0,0,0.0,0,0,1,2,3426,160.0,0,6,0.0,1,0.0,New People's Army (NPA)
67941,0,214,9,145,1070,48.363186,37.891922,1.0,1,0.0,1,0,3,4,48,214.0,0,6,0.0,-9,0.0,Donetsk People's Republic
65305,0,214,9,145,1068,47.981647,37.762325,1.0,0,0.0,1,0,3,19,1704,214.0,0,6,13.0,1,0.0,Donetsk People's Republic
58370,0,92,6,127,2220,20.196479,81.064575,2.0,0,0.0,1,0,3,3,12,92.0,0,6,1.0,0,0.0,Maoists
37028,1,160,5,16,63,4.662801,119.399601,1.0,1,0.0,1,0,6,14,142,44.0,0,5,0.0,0,1.0,Abu Sayyaf Group (ASG)
28668,0,61,2,149,1150,13.69288,-89.199161,1.0,0,0.0,1,0,3,1,1789,61.0,0,6,0.0,1,0.0,Farabundo Marti National Liberation Front (FMLN)
3707,0,603,8,190,1603,54.607712,-5.95621,1.0,0,1.0,1,0,3,1,1604,216.0,0,6,0.0,1,0.0,Irish Republican Army (IRA)
16163,0,43,3,271,2106,-33.366238,-70.505302,1.0,0,0.0,0,0,3,19,2744,43.0,0,6,0.0,0,0.0,Manuel Rodriguez Patriotic Front (FPMR)
55290,1,160,5,389,2674,7.373618,125.949926,1.0,0,0.0,1,0,6,3,3357,160.0,0,5,1.0,0,1.0,New People's Army (NPA)
44472,0,4,6,507,3561,31.499713,65.000854,3.0,0,0.0,1,0,2,3,4450,4.0,0,5,11.0,1,0.0,Taliban
75539,0,603,8,49,2358,52.646771,0.552781,1.0,0,0.0,0,0,6,4,497,216.0,0,9,0.0,0,0.0,Muslim extremists
15037,0,183,11,18,205,-29.830168,30.924528,1.0,0,0.0,1,0,3,21,266,183.0,0,6,0.0,1,0.0,African National Congress (South Africa)
9175,0,45,3,362,2498,6.242026,-75.564766,1.0,0,0.0,1,0,2,1,3212,45.0,0,8,0.0,1,0.0,National Liberation Army of Colombia (ELN)
48314,0,95,10,32,246,33.31065,44.038208,1.0,0,1.0,1,0,3,14,493,95.0,0,6,0.0,1,0.0,Al-Qaida in Iraq
5114,0,69,8,142,1016,42.699997,9.447317,1.0,0,0.0,1,0,3,20,1176,69.0,0,6,0.0,1,0.0,Corsican National Liberation Front (FLNC)
71514,0,228,10,60,350,13.586484,44.024105,1.0,0,0.0,1,0,3,14,1730,228.0,0,6,0.0,-9,0.0,Houthi extremists (Ansar Allah)
13160,0,145,2,444,2966,12.35967,-86.05037,1.0,0,0.0,1,0,2,2,3580,145.0,0,5,9.0,1,0.0,Nicaraguan Democratic Force (FDN)
17037,0,43,3,271,2106,-33.469115,-70.641997,2.0,0,0.0,1,0,5,10,2775,43.0,0,5,0.0,1,1.0,Manuel Rodriguez Patriotic Front (FPMR)
14541,0,145,2,450,2896,12.34294,-83.67123,1.0,0,0.0,1,0,3,14,3539,145.0,0,5,0.0,1,0.0,Nicaraguan Democratic Force (FDN)
83432,0,160,5,404,2730,9.71623,125.504322,1.0,0,1.0,0,0,2,3,559,160.0,0,5,1.0,-9,0.0,New People's Army (NPA)
72935,0,209,10,232,1823,37.922218,40.184376,1.0,0,0.0,1,0,2,3,92,209.0,0,5,4.0,0,0.0,Kurdistan Workers' Party (PKK)
76589,0,95,10,36,1696,34.458684,43.795649,3.0,0,0.0,1,0,3,14,854,95.0,0,6,0.0,1,0.0,Islamic State of Iraq and the Levant (ISIL)
66671,0,4,6,504,3530,35.838223,66.234833,1.0,0,0.0,1,0,1,14,4433,4.0,0,5,2.0,0,0.0,Taliban
18977,0,43,3,276,2117,-35.43058,-71.65762,1.0,0,0.0,1,0,3,21,2695,43.0,0,6,0.0,1,0.0,Manuel Rodriguez Patriotic Front (FPMR)
47876,0,160,5,0,16,6.700414,121.972557,1.0,0,1.0,1,0,3,2,25,153.0,0,6,3.0,1,0.0,Abu Sayyaf Group (ASG)
79786,0,4,6,514,3575,31.825871,64.576431,1.0,0,0.0,1,1,3,4,20,4.0,0,6,1.0,-9,0.0,Taliban
9018,0,185,8,101,548,41.400635,2.150913,1.0,0,0.0,1,0,3,1,1044,217.0,0,6,1.0,1,0.0,Basque Fatherland and Freedom (ETA)
81512,0,160,5,406,2743,10.118769,123.2704,1.0,0,1.0,1,0,2,3,85,160.0,0,5,6.0,0,0.0,New People's Army (NPA)
58518,0,45,3,362,3175,6.906659,-75.686928,3.0,0,0.0,1,0,3,19,549,45.0,0,6,0.0,1,0.0,Revolutionary Armed Forces of Colombia (FARC)
83503,0,160,5,0,87,6.553941,122.154736,1.0,0,0.0,1,0,2,4,173,160.0,0,5,1.0,0,0.0,Abu Sayyaf Group (ASG)
26650,0,186,6,215,2004,9.719408,79.856688,1.0,0,0.0,0,0,3,4,1191,186.0,0,6,0.0,1,0.0,Liberation Tigers of Tamil Eelam (LTTE)
22691,0,92,6,337,3415,30.34,76.38,1.0,0,0.0,1,0,1,2,4321,92.0,0,5,2.0,0,0.0,Sikh Extremists
75165,0,92,6,127,2167,19.853635,80.635241,1.0,0,0.0,1,0,2,14,2874,92.0,0,5,1.0,0,0.0,Maoists
65543,0,92,6,127,831,20.27,81.49,3.0,0,0.0,1,0,2,4,12,92.0,0,5,2.0,0,0.0,Maoists
42410,0,186,6,215,2054,8.454354,81.291797,1.0,0,0.0,1,0,1,17,2573,186.0,0,5,1.0,0,0.0,Liberation Tigers of Tamil Eelam (LTTE)
38086,0,160,5,1,22,6.050458,121.012245,1.0,0,0.0,1,0,3,14,105,160.0,0,6,4.0,1,0.0,Abu Sayyaf Group (ASG)
28100,0,159,3,483,3354,-9.55916,-77.890553,1.0,0,0.0,1,0,1,15,4163,161.0,0,5,2.0,0,0.0,Shining Path (SL)
65731,0,214,9,145,1092,48.730804,37.574596,1.0,0,1.0,1,0,3,14,1291,214.0,0,6,3.0,1,0.0,Donetsk People's Republic
20098,0,183,11,26,203,-22.681683,29.102777,1.0,0,0.0,1,0,2,3,371,183.0,0,5,5.0,1,0.0,African National Congress (South Africa)
16193,0,145,2,446,2882,12.893423,-85.136456,1.0,0,0.0,1,0,2,4,1762,145.0,0,5,2.0,1,0.0,Nicaraguan Democratic Force (FDN)
71473,0,228,10,60,350,13.586484,44.024105,1.0,0,0.0,1,0,3,14,1213,228.0,0,6,3.0,-9,0.0,Houthi extremists (Ansar Allah)
51020,0,92,6,127,2150,18.184536,81.411415,1.0,0,0.0,1,0,3,3,2861,92.0,0,6,2.0,1,0.0,Maoists
29371,0,603,8,190,1603,54.607712,-5.95621,1.0,0,0.0,1,0,3,3,562,233.0,0,6,0.0,1,0.0,Irish Republican Army (IRA)
22339,0,155,10,325,24,31.356553,34.326901,4.0,0,0.0,1,0,2,4,3673,97.0,0,5,0.0,1,0.0,Palestinians
5779,0,155,10,456,3039,32.222271,35.253506,1.0,0,0.0,1,0,3,15,3626,97.0,0,6,0.0,1,0.0,Palestinians
16144,0,43,3,271,2106,-33.366238,-70.505302,1.0,0,0.0,1,0,2,4,2802,43.0,0,5,0.0,1,0.0,Manuel Rodriguez Patriotic Front (FPMR)
11144,0,145,2,445,2946,12.710919,-87.023859,2.0,1,0.0,1,0,3,4,3571,145.0,0,6,108.0,1,0.0,Nicaraguan Democratic Force (FDN)
9758,0,61,2,157,1236,13.716667,-88.116667,1.0,0,0.0,1,0,2,4,1762,61.0,0,5,1.0,1,0.0,Farabundo Marti National Liberation Front (FMLN)
82752,0,153,6,427,3733,33.831888,69.960989,1.0,0,1.0,1,0,3,4,4563,153.0,0,6,4.0,0,0.0,Tehrik-i-Taliban Pakistan (TTP)
19324,0,183,11,19,136,-26.184113,28.033232,1.0,0,0.0,1,0,3,2,324,183.0,0,6,0.0,1,0.0,African National Congress (South Africa)
66864,0,228,10,48,309,12.825647,44.846416,1.0,0,1.0,1,0,2,14,13,228.0,0,5,2.0,0,0.0,Houthi extremists (Ansar Allah)
17719,0,45,3,362,2498,6.242026,-75.564766,1.0,0,0.0,1,0,7,10,1907,45.0,0,5,0.0,1,0.0,National Liberation Army of Colombia (ELN)
14643,0,61,2,157,1161,14.050872,-88.994625,1.0,0,0.0,1,0,2,4,1762,61.0,0,5,5.0,1,0.0,Farabundo Marti National Liberation Front (FMLN)
55466,0,4,6,509,3582,32.37001,62.128456,1.0,1,0.0,1,0,2,3,4507,4.0,0,5,1.0,1,0.0,Taliban
76863,0,92,6,126,800,23.810237,85.7652,1.0,0,1.0,1,0,3,19,1319,92.0,0,6,0.0,1,0.0,Communist Party of India - Maoist (CPI-Maoist)
57735,0,160,5,357,2772,7.353767,125.147445,1.0,0,0.0,1,0,3,4,48,160.0,0,6,0.0,0,0.0,New People's Army (NPA)
50647,0,92,6,126,782,23.744186,84.504429,3.0,0,0.0,1,0,3,19,233,92.0,0,6,0.0,1,0.0,Maoists
24104,0,97,10,261,3105,32.974218,35.23297,1.0,0,0.0,0,0,1,19,3784,97.0,0,9,0.0,0,0.0,Palestinians
43632,1,4,6,507,3556,31.617667,65.675942,4.0,0,0.0,1,0,6,1,4477,4.0,0,5,0.0,-9,1.0,Taliban
36232,0,603,8,190,1604,55.011562,-7.312045,1.0,0,0.0,0,0,2,3,563,216.0,0,5,0.0,0,0.0,Irish Republican Army (IRA)
83590,0,4,6,514,3569,31.467463,64.092445,1.0,0,0.0,1,0,3,3,722,4.0,0,6,6.0,1,0.0,Taliban
20987,0,61,2,152,1243,13.607874,-89.095335,1.0,0,0.0,1,0,1,14,1863,61.0,0,5,1.0,0,0.0,Farabundo Marti National Liberation Front (FMLN)
11797,0,43,3,271,2106,-33.366238,-70.505302,1.0,0,1.0,1,0,3,21,2782,43.0,0,6,1.0,1,0.0,Manuel Rodriguez Patriotic Front (FPMR)
26972,0,155,10,456,3047,31.907141,35.198219,1.0,1,0.0,1,0,1,14,3691,97.0,0,5,1.0,0,0.0,Palestinians
49471,0,45,3,470,3151,0.667105,-76.871354,1.0,1,0.0,1,0,3,21,3872,45.0,0,6,0.0,1,0.0,Revolutionary Armed Forces of Colombia (FARC)
57391,0,92,6,127,829,18.813693,80.834286,3.0,0,1.0,1,0,2,3,0,92.0,0,5,0.0,-9,0.0,Maoists
64300,0,95,10,36,257,33.540672,44.251266,1.0,0,0.0,1,0,3,14,13,95.0,0,6,1.0,0,0.0,Islamic State of Iraq and the Levant (ISIL)
6579,0,155,10,456,3054,31.530243,35.094162,1.0,0,0.0,1,0,3,14,3653,97.0,0,5,4.0,1,0.0,Palestinians
21298,0,160,5,6,24,6.633477,124.600515,4.0,0,0.0,1,0,2,4,732,160.0,0,5,4.0,1,0.0,New People's Army (NPA)
59151,0,147,11,108,664,11.392607,12.913806,2.0,0,0.0,1,0,2,14,13,147.0,0,8,2.0,1,0.0,Boko Haram
75563,0,95,10,37,1776,35.739262,43.321033,1.0,0,1.0,0,1,3,14,27,95.0,0,6,3.0,0,0.0,Islamic State of Iraq and the Levant (ISIL)
62686,0,95,10,37,254,36.354145,43.14357,1.0,0,0.0,1,0,2,14,2327,95.0,0,5,1.0,0,0.0,Islamic State of Iraq and the Levant (ISIL)
83046,0,4,6,506,3570,36.70993,67.1157,1.0,0,0.0,1,1,1,2,4521,4.0,0,6,2.0,0,0.0,Taliban
20713,0,45,3,374,2578,6.407778,-72.444444,1.0,0,0.0,1,0,2,3,2184,45.0,0,5,0.0,1,0.0,National Liberation Army of Colombia (ELN)
40552,0,160,5,408,2768,13.192288,123.59917,1.0,0,0.0,1,0,1,17,3436,160.0,0,5,1.0,0,0.0,New People's Army (NPA)
18210,0,186,6,215,1972,8.577826,81.218719,1.0,1,0.0,1,0,2,14,27,186.0,0,5,27.0,1,0.0,Liberation Tigers of Tamil Eelam (LTTE)
82251,0,95,10,36,275,34.010471,44.148235,1.0,0,0.0,0,1,3,14,205,95.0,0,6,6.0,0,0.0,Islamic State of Iraq and the Levant (ISIL)
19985,0,159,3,477,3284,-13.163874,-74.223564,2.0,1,1.0,1,0,3,21,2751,159.0,0,6,0.0,1,0.0,Shining Path (SL)
20081,0,159,3,277,2118,-11.967368,-76.978462,1.0,0,0.0,1,0,3,1,560,159.0,0,6,0.0,1,0.0,Tupac Amaru Revolutionary Movement (MRTA)
48488,0,228,10,52,317,13.887403,45.863647,1.0,0,0.0,1,0,3,4,757,228.0,0,6,13.0,1,0.0,Al-Qaida in the Arabian Peninsula (AQAP)
61608,0,182,11,66,423,1.716188,44.768864,1.0,0,0.0,1,0,3,4,718,422.0,0,6,1.0,-9,0.0,Al-Shabaab
77378,0,92,6,127,2148,18.391134,81.659273,3.0,0,0.0,1,0,2,14,2860,92.0,0,5,1.0,0,0.0,Maoists
5660,0,185,8,94,531,42.815372,-1.653616,1.0,0,0.0,1,0,3,10,976,185.0,0,6,0.0,1,0.0,Basque Fatherland and Freedom (ETA)
38171,0,95,10,37,1872,36.868611,43.784444,2.0,0,1.0,1,0,3,1,2401,95.0,0,6,0.0,1,0.0,Kurdistan Workers' Party (PKK)
19729,0,159,3,277,2118,-11.967368,-76.978462,1.0,0,0.0,1,0,3,7,4833,217.0,0,6,0.0,1,0.0,Tupac Amaru Revolutionary Movement (MRTA)
82029,0,147,11,108,727,12.491701,13.212083,2.0,0,1.0,1,0,2,14,27,147.0,0,5,4.0,1,0.0,Boko Haram
21259,0,61,2,158,1168,13.516667,-88.383333,1.0,0,0.0,1,0,2,4,1773,61.0,0,5,0.0,1,0.0,Farabundo Marti National Liberation Front (FMLN)
68915,0,45,3,362,3134,7.583191,-75.399966,3.0,0,0.0,1,0,3,19,2948,45.0,0,6,0.0,-9,0.0,Revolutionary Armed Forces of Colombia (FARC)
45941,0,160,5,391,2671,12.290946,123.703737,1.0,0,0.0,0,0,2,16,3354,160.0,0,5,0.0,0,0.0,New People's Army (NPA)
80285,0,147,11,169,1294,7.8116,10.58387,1.0,0,1.0,1,0,2,14,27,147.0,0,5,3.0,-9,0.0,Fulani extremists
29016,0,603,8,190,1603,54.607712,-5.95621,1.0,0,1.0,0,0,7,1,2132,233.0,0,8,0.0,1,0.0,Irish Republican Army (IRA)
60145,1,214,9,145,24,48.015883,37.80285,4.0,0,0.0,1,0,6,4,1714,214.0,0,5,0.0,0,1.0,Donetsk People's Republic
41573,0,141,6,266,2251,27.416491,85.033562,1.0,0,0.0,1,0,3,1,2934,141.0,0,6,0.0,1,0.0,Maoists
19740,0,45,3,368,2508,6.46052,-71.72989,1.0,0,0.0,1,0,2,4,3158,45.0,0,5,1.0,1,0.0,National Liberation Army of Colombia (ELN)
9769,0,185,8,86,509,43.258434,-2.921819,1.0,0,0.0,1,0,3,1,1038,185.0,0,6,3.0,1,0.0,Basque Fatherland and Freedom (ETA)
74530,0,209,10,232,1903,37.928348,40.225487,3.0,0,0.0,0,0,3,20,6,209.0,0,6,1.0,0,0.0,Kurdistan Workers' Party (PKK)
4993,0,603,8,190,1603,54.607712,-5.95621,1.0,0,0.0,1,0,2,4,2153,216.0,0,5,1.0,1,0.0,Irish Republican Army (IRA)
8919,0,159,3,477,3298,-14.385277,-73.962606,1.0,0,0.0,1,0,2,3,1819,159.0,0,5,1.0,1,0.0,Shining Path (SL)
29842,0,92,6,337,3405,30.898024,75.860077,1.0,0,0.0,1,0,1,14,4330,92.0,0,5,9.0,0,0.0,Sikh Extremists
54908,0,95,10,33,247,33.303566,44.371773,1.0,0,1.0,1,0,3,8,546,95.0,0,6,0.0,0,0.0,Al-Qaida in Iraq
24340,0,45,3,364,2496,8.308585,-73.613541,1.0,0,0.0,1,0,6,10,3165,45.0,0,5,0.0,0,1.0,National Liberation Army of Colombia (ELN)
56603,0,95,10,33,247,33.303566,44.371773,1.0,0,1.0,1,1,3,14,13,95.0,0,6,6.0,0,0.0,Islamic State of Iraq and the Levant (ISIL)
63758,0,214,9,145,1068,47.981647,37.762325,1.0,0,1.0,1,0,2,4,1700,214.0,0,6,1.0,-9,0.0,Donetsk People's Republic
23983,0,43,3,271,2106,-33.366238,-70.505302,1.0,0,0.0,1,0,3,7,2778,43.0,0,6,0.0,1,0.0,Manuel Rodriguez Patriotic Front (FPMR)
70285,0,228,10,60,350,13.586484,44.024105,1.0,0,0.0,1,0,3,14,925,228.0,0,6,5.0,-9,0.0,Houthi extremists (Ansar Allah)
79401,0,95,10,32,1775,34.266661,42.528929,2.0,0,1.0,1,0,3,14,814,95.0,0,6,1.0,1,0.0,Islamic State of Iraq and the Levant (ISIL)
38067,0,186,6,215,1969,7.733107,81.68882,1.0,0,0.0,1,0,3,3,2534,186.0,0,6,29.0,-9,0.0,Liberation Tigers of Tamil Eelam (LTTE)
20340,0,183,11,19,157,-26.189151,28.31707,1.0,0,0.0,1,0,3,3,293,183.0,0,6,0.0,1,0.0,African National Congress (South Africa)
16093,0,159,3,277,2118,-11.967368,-76.978462,1.0,0,1.0,1,0,3,21,1126,159.0,0,6,0.0,1,0.0,Tupac Amaru Revolutionary Movement (MRTA)
43677,0,209,10,231,1892,39.309931,40.34977,1.0,0,0.0,1,0,3,4,2425,209.0,0,6,0.0,-9,0.0,Kurdistan Workers' Party (PKK)
17649,0,159,3,277,2118,-11.967368,-76.978462,1.0,0,0.0,1,0,3,14,4823,159.0,0,6,0.0,1,0.0,Tupac Amaru Revolutionary Movement (MRTA)
11400,0,45,3,366,3135,6.313712,-73.950146,1.0,0,0.0,1,0,2,4,1762,45.0,0,5,2.0,1,0.0,Revolutionary Armed Forces of Colombia (FARC)
26653,0,43,3,271,2106,-33.366238,-70.505302,1.0,0,0.0,1,0,3,15,2759,217.0,0,6,0.0,1,0.0,Manuel Rodriguez Patriotic Front (FPMR)
48029,0,92,6,128,810,22.032336,87.174696,1.0,1,0.0,1,0,6,14,1329,92.0,0,5,1.0,0,1.0,Communist Party of India - Maoist (CPI-Maoist)
14326,0,145,2,438,2988,13.1182,-86.22526,1.0,0,0.0,1,0,2,4,562,145.0,0,5,0.0,1,0.0,Nicaraguan Democratic Force (FDN)
46908,0,185,8,98,541,42.340892,-3.699762,1.0,0,0.0,1,0,3,3,1002,185.0,0,6,0.0,1,0.0,Basque Fatherland and Freedom (ETA)
18857,0,69,8,135,1013,41.930607,8.742907,1.0,0,0.0,1,0,3,1,560,69.0,0,6,0.0,1,0.0,Corsican National Liberation Front (FLNC)
42330,0,95,10,34,249,33.74324,44.623825,1.0,0,0.0,1,1,3,4,484,999.0,0,6,8.0,-9,0.0,Al-Qaida in Iraq
72289,0,160,5,412,2747,8.939052,125.247994,2.0,0,0.0,1,0,2,4,577,160.0,0,5,1.0,0,0.0,New People's Army (NPA)
17416,0,145,2,437,1195,13.6772,-86.3153,1.0,0,0.0,1,0,3,16,3543,145.0,0,6,0.0,1,0.0,Nicaraguan Democratic Force (FDN)
28759,0,159,3,486,3864,-7.794691,-76.196402,3.0,0,0.0,1,0,2,17,562,159.0,0,5,50.0,1,0.0,Tupac Amaru Revolutionary Movement (MRTA)
9181,0,159,3,481,3292,-14.083889,-73.588889,1.0,0,0.0,1,0,2,8,4067,159.0,0,5,1.0,1,0.0,Shining Path (SL)
11570,0,97,10,456,3055,32.004264,35.276546,1.0,0,0.0,1,0,2,19,1153,97.0,0,8,0.0,0,0.0,Palestinians
81635,1,113,10,295,2434,32.760742,21.757212,1.0,1,0.0,1,0,6,15,3087,113.0,0,5,1.0,0,1.0,Muslim extremists
4511,0,185,8,86,513,43.32412,-1.929857,1.0,0,0.0,1,0,1,3,1075,185.0,0,5,1.0,0,0.0,Basque Fatherland and Freedom (ETA)
81232,0,95,10,33,247,33.303566,44.371773,1.0,0,0.0,1,0,6,14,3089,95.0,0,9,1.0,0,1.0,Muslim extremists
66221,0,147,11,108,636,11.808727,12.495786,1.0,0,0.0,1,0,3,14,486,147.0,0,6,5.0,1,0.0,Boko Haram
14952,0,159,3,277,2118,-11.967368,-76.978462,1.0,0,0.0,1,0,3,2,4848,159.0,0,6,1.0,1,0.0,Tupac Amaru Revolutionary Movement (MRTA)
66432,0,228,10,55,330,14.413989,44.837418,1.0,0,0.0,1,0,1,4,665,228.0,0,5,1.0,0,0.0,Al-Qaida in the Arabian Peninsula (AQAP)
79172,0,182,11,82,455,6.774396,47.429031,1.0,0,0.0,0,0,1,2,863,182.0,0,5,0.0,0,0.0,Al-Shabaab
23905,0,186,6,215,1969,7.733107,81.68882,1.0,0,0.0,1,0,2,17,167,186.0,0,5,18.0,1,0.0,Liberation Tigers of Tamil Eelam (LTTE)
26566,0,61,2,147,24,13.864829,-88.7494,4.0,0,1.0,1,0,3,21,1842,61.0,0,6,0.0,1,0.0,Farabundo Marti National Liberation Front (FMLN)
14292,0,159,3,277,2118,-11.967368,-76.978462,1.0,0,0.0,1,0,7,14,4055,159.0,0,5,0.0,1,0.0,Shining Path (SL)
73139,0,182,11,66,417,2.050931,45.154106,1.0,0,0.0,1,0,3,4,162,182.0,0,6,4.0,1,0.0,Al-Shabaab
48911,0,153,6,352,3731,34.006004,71.53743,1.0,0,0.0,1,0,3,14,4691,153.0,0,6,2.0,1,0.0,Tehrik-i-Taliban Pakistan (TTP)
50142,1,160,5,404,2731,9.5725,125.73306,1.0,0,1.0,1,0,2,1,3405,160.0,0,8,3.0,-9,1.0,New People's Army (NPA)
48794,0,153,6,352,3823,34.511066,73.014408,1.0,0,0.0,1,0,3,8,4676,153.0,0,6,0.0,1,0.0,Tehrik-i-Taliban Pakistan (TTP)
26574,0,61,2,156,1175,13.84222,-89.09694,1.0,0,0.0,1,0,2,4,562,61.0,0,5,0.0,1,0.0,Farabundo Marti National Liberation Front (FMLN)
74742,0,209,10,232,1864,38.141007,41.009424,3.0,0,0.0,1,0,3,4,559,209.0,0,6,0.0,1,0.0,Kurdistan Workers' Party (PKK)
29435,0,159,3,277,2118,-11.967368,-76.978462,1.0,0,0.0,1,0,3,7,4805,59.0,0,6,0.0,1,0.0,Tupac Amaru Revolutionary Movement (MRTA)
27454,0,603,8,190,1638,54.647865,-6.618718,1.0,0,0.0,1,0,2,3,562,233.0,0,5,3.0,1,0.0,Irish Republican Army (IRA)
50187,0,147,11,108,616,11.840929,13.141459,1.0,0,0.0,1,0,2,2,1227,147.0,0,5,1.0,0,0.0,Boko Haram
79233,0,92,6,130,2222,19.924879,83.143859,3.0,0,0.0,1,0,3,20,6,92.0,0,6,0.0,0,0.0,Maoists
46103,0,153,6,534,3804,32.987347,70.602524,1.0,1,0.0,1,0,3,8,4648,153.0,0,6,0.0,1,0.0,Tehrik-i-Taliban Pakistan (TTP)
9895,0,61,2,157,1181,13.5,-88.9,1.0,0,0.0,1,0,2,4,1772,61.0,0,5,1.0,1,0.0,Farabundo Marti National Liberation Front (FMLN)
55958,0,60,10,290,2354,31.250196,34.24128,1.0,0,1.0,1,0,2,3,20,60.0,0,5,1.0,0,0.0,Muslim extremists
2389,0,603,8,190,1606,54.077313,-6.608787,1.0,0,0.0,1,0,3,4,2137,216.0,0,6,1.0,1,0.0,Irish Republican Army (IRA)
10271,0,159,3,277,2118,-11.967368,-76.978462,1.0,0,1.0,1,0,3,21,4051,159.0,0,6,0.0,1,0.0,Shining Path (SL)
39810,0,45,3,359,2519,7.894195,-72.503885,1.0,0,0.0,1,0,3,1,3250,45.0,0,6,0.0,1,0.0,National Liberation Army of Colombia (ELN)
75959,0,200,10,200,2356,36.201721,37.14352,1.0,0,1.0,1,0,3,14,925,200.0,0,6,3.0,-9,0.0,Muslim extremists
23980,0,155,10,325,1468,31.502407,34.459743,1.0,0,0.0,1,0,1,14,3634,155.0,0,9,1.0,0,0.0,Palestinians
77685,0,92,6,127,866,18.340368,81.18164,1.0,0,0.0,1,0,3,3,12,92.0,0,6,0.0,0,0.0,Maoists
1403,0,603,8,190,1603,54.607712,-5.95621,1.0,0,0.0,0,0,1,4,2128,216.0,0,5,1.0,0,0.0,Irish Republican Army (IRA)
54861,0,95,10,36,305,34.533753,43.483738,4.0,0,0.0,1,0,2,4,596,95.0,0,5,9.0,1,0.0,Al-Qaida in Iraq
38644,1,45,3,363,2492,4.667128,-74.106056,1.0,0,0.0,1,0,6,1,3885,45.0,0,5,0.0,0,1.0,Revolutionary Armed Forces of Colombia (FARC)
20041,0,186,6,261,1974,9.666399,80.020477,1.0,1,0.0,1,0,2,4,1762,92.0,0,5,4.0,1,0.0,Liberation Tigers of Tamil Eelam (LTTE)
67100,0,153,6,352,3731,34.006004,71.53743,1.0,0,0.0,1,0,3,3,12,153.0,0,6,1.0,1,0.0,Tehrik-i-Taliban Pakistan (TTP)
79690,0,160,5,357,2781,6.948108,125.159735,1.0,0,0.0,1,0,7,1,3447,160.0,0,5,0.0,1,0.0,New People's Army (NPA)
18805,0,603,8,190,1603,54.607712,-5.95621,1.0,0,0.0,1,0,3,3,2088,233.0,0,6,1.0,1,0.0,Irish Republican Army (IRA)
60347,0,92,6,127,912,18.898482,81.352973,3.0,0,0.0,0,0,3,4,852,92.0,0,6,0.0,0,0.0,Maoists
81776,0,4,6,321,3611,34.248831,70.907566,2.0,0,1.0,0,0,2,3,4481,4.0,0,5,2.0,0,0.0,Taliban
20518,0,183,11,23,181,-26.916982,27.484439,1.0,0,1.0,1,0,1,2,335,183.0,0,6,0.0,0,0.0,African National Congress (South Africa)
64616,0,41,11,178,1388,4.119087,15.134645,1.0,0,1.0,1,0,2,14,27,41.0,0,5,8.0,1,0.0,Fulani extremists
27834,0,97,10,266,3052,32.322744,34.853921,1.0,0,0.0,0,0,1,14,3644,97.0,0,9,0.0,0,0.0,Palestinians
82494,0,45,3,359,2562,8.43765,-73.286871,3.0,0,1.0,1,0,3,21,3240,45.0,0,6,0.0,1,0.0,National Liberation Army of Colombia (ELN)
52117,0,228,10,52,316,13.219398,45.307838,1.0,1,0.0,1,0,2,4,677,228.0,0,5,25.0,1,0.0,Al-Qaida in the Arabian Peninsula (AQAP)
58396,0,182,11,68,404,2.059819,45.326115,1.0,0,0.0,1,0,3,14,13,182.0,0,6,0.0,1,0.0,Al-Shabaab
76818,0,92,6,125,832,24.441105,84.548528,1.0,0,0.0,1,0,2,3,1354,92.0,0,5,1.0,0,0.0,Communist Party of India - Maoist (CPI-Maoist)
45508,0,160,5,407,2687,11.386903,122.780944,1.0,0,0.0,1,0,3,16,3367,160.0,0,6,0.0,1,0.0,New People's Army (NPA)
76406,0,228,10,60,350,13.586484,44.024105,1.0,0,0.0,1,0,3,14,1976,228.0,0,6,1.0,1,0.0,Houthi extremists (Ansar Allah)
70840,0,92,6,127,2190,18.973896,81.399096,1.0,1,0.0,1,0,7,1,2480,92.0,0,8,0.0,1,0.0,Maoists
19545,0,43,3,271,2106,-33.366238,-70.505302,1.0,0,0.0,1,0,3,21,2690,43.0,0,6,0.0,1,0.0,Manuel Rodriguez Patriotic Front (FPMR)
29194,0,92,6,287,3419,28.620794,79.812865,1.0,1,0.0,1,0,2,14,4255,92.0,0,5,24.0,0,0.0,Sikh Extremists
75274,0,160,5,202,1702,8.002912,124.26825,2.0,0,0.0,1,0,3,4,559,160.0,0,6,1.0,1,0.0,Islamic State of Iraq and the Levant (ISIL)
64450,0,147,11,118,640,9.932665,8.885476,1.0,0,1.0,1,1,3,1,1228,147.0,0,6,20.0,1,0.0,Boko Haram
14868,0,160,5,387,2715,10.099319,122.870788,1.0,0,0.0,1,0,5,1,3387,160.0,0,5,5.0,1,1.0,New People's Army (NPA)
20316,0,186,6,215,1994,6.872087,81.72263,1.0,0,0.0,1,0,3,3,414,186.0,0,6,8.0,1,0.0,Liberation Tigers of Tamil Eelam (LTTE)
64610,0,214,9,145,1068,47.981647,37.762325,1.0,0,1.0,1,0,2,4,1700,214.0,0,5,0.0,-9,0.0,Donetsk People's Republic
36557,0,45,3,361,24,1.637898,-77.745208,4.0,0,0.0,1,0,1,14,3184,45.0,0,5,5.0,0,0.0,National Liberation Army of Colombia (ELN)
53218,0,95,10,32,258,33.349159,43.784199,1.0,0,1.0,1,0,2,4,497,95.0,0,5,1.0,0,0.0,Al-Qaida in Iraq
26354,0,45,3,470,3231,1.03033,-76.61475,1.0,0,0.0,1,0,2,6,3982,45.0,0,8,0.0,1,0.0,Revolutionary Armed Forces of Colombia (FARC)
71677,0,92,6,126,2284,23.539264,84.52484,1.0,0,0.0,1,0,3,3,85,92.0,0,6,1.0,0,0.0,Maoists
15143,0,159,3,277,2118,-11.967368,-76.978462,1.0,0,0.0,1,0,3,2,4118,159.0,0,6,0.0,1,0.0,Shining Path (SL)
81752,0,4,6,514,3623,31.765215,64.694007,2.0,0,1.0,0,0,3,4,48,4.0,0,6,18.0,0,0.0,Taliban
60318,0,147,11,108,688,10.849199,12.215991,2.0,0,1.0,1,0,2,14,27,147.0,0,5,19.0,1,0.0,Boko Haram
53897,0,153,6,468,3130,24.891115,67.143311,1.0,0,1.0,1,0,3,15,4583,153.0,0,6,1.0,-9,0.0,Tehrik-i-Taliban Pakistan (TTP)
82147,0,95,10,37,1712,36.486149,42.418186,1.0,0,1.0,1,0,3,4,162,95.0,0,6,2.0,1,0.0,Islamic State of Iraq and the Levant (ISIL)
77945,0,182,11,66,468,2.398135,45.018703,1.0,0,0.0,1,0,2,4,718,182.0,0,5,3.0,-9,0.0,Al-Shabaab
74072,0,228,10,60,350,13.586484,44.024105,1.0,0,1.0,1,0,3,14,925,228.0,0,6,0.0,1,0.0,Houthi extremists (Ansar Allah)
6067,0,97,10,460,3046,32.08297,34.811886,1.0,0,0.0,0,0,3,14,3740,97.0,0,6,0.0,0,0.0,Palestinians
63101,0,153,6,427,3779,34.793385,71.503181,2.0,0,0.0,1,0,1,17,4613,153.0,0,5,1.0,1,0.0,Tehrik-i-Taliban Pakistan (TTP)
15768,0,159,3,277,2118,-11.967368,-76.978462,1.0,1,1.0,1,0,3,9,4775,159.0,0,6,0.0,1,0.0,Tupac Amaru Revolutionary Movement (MRTA)
55508,0,603,8,49,1609,51.504387,-0.140041,1.0,0,0.0,1,0,2,4,497,216.0,1,9,1.0,0,0.0,Muslim extremists
43679,0,160,5,404,2659,9.78472,125.489693,1.0,0,0.0,1,0,1,3,563,160.0,0,5,1.0,-9,0.0,New People's Army (NPA)
19434,0,69,8,135,1012,42.016854,9.403982,1.0,0,1.0,1,0,3,1,1552,69.0,0,6,0.0,1,0.0,Corsican National Liberation Front (FLNC)
27860,0,159,3,277,2118,-11.967368,-76.978462,1.0,0,0.0,1,0,3,2,4843,159.0,0,6,0.0,1,0.0,Tupac Amaru Revolutionary Movement (MRTA)
64309,0,228,10,60,350,13.586484,44.024105,1.0,0,0.0,1,0,2,4,728,228.0,0,5,1.0,-9,0.0,Al-Qaida in the Arabian Peninsula (AQAP)
17132,0,183,11,25,202,-33.923231,18.603113,1.0,0,0.0,0,0,1,3,275,183.0,0,6,1.0,1,0.0,African National Congress (South Africa)
25024,0,159,3,277,2118,-11.967368,-76.978462,1.0,0,0.0,1,0,1,4,4771,159.0,0,5,0.0,1,0.0,Tupac Amaru Revolutionary Movement (MRTA)
59441,0,4,6,517,3566,35.605071,64.120113,2.0,0,1.0,1,0,3,14,742,4.0,0,6,0.0,1,0.0,Taliban
14736,0,159,3,277,2118,-11.967368,-76.978462,1.0,0,0.0,1,0,3,7,260,217.0,0,6,0.0,1,0.0,Tupac Amaru Revolutionary Movement (MRTA)
82285,0,104,11,81,469,-1.703277,41.302943,1.0,0,0.0,1,0,3,3,885,104.0,0,6,1.0,0,0.0,Al-Shabaab
35468,0,185,8,101,581,41.076769,1.144041,1.0,0,0.0,0,0,3,18,1103,185.0,0,6,0.0,1,0.0,Basque Fatherland and Freedom (ETA)
25474,0,43,3,271,2106,-33.366238,-70.505302,1.0,0,0.0,1,0,3,1,1577,217.0,0,6,0.0,1,0.0,Manuel Rodriguez Patriotic Front (FPMR)
80451,0,228,10,53,314,15.325443,44.211895,1.0,0,0.0,0,0,1,7,2015,422.0,0,5,0.0,-9,0.0,Houthi extremists (Ansar Allah)
19680,0,183,11,19,136,-26.184113,28.033232,1.0,0,1.0,1,0,3,2,388,183.0,0,8,0.0,1,0.0,African National Congress (South Africa)
54311,0,95,10,37,254,36.340001,43.13,2.0,0,1.0,1,0,2,4,48,95.0,0,5,3.0,0,0.0,Al-Qaida in Iraq
16023,0,159,3,477,3284,-13.152712,-74.218628,1.0,0,0.0,1,0,3,21,4068,159.0,0,6,0.0,1,0.0,Shining Path (SL)
63040,0,122,6,301,2371,4.175278,73.508889,1.0,0,1.0,1,0,7,2,3037,122.0,0,8,0.0,1,0.0,Muslim extremists
10116,0,69,8,137,1030,43.529742,5.447427,1.0,0,1.0,1,0,3,1,1088,69.0,0,6,0.0,1,0.0,Corsican National Liberation Front (FLNC)
67245,0,4,6,505,3572,31.662415,62.935134,3.0,0,0.0,1,0,3,4,48,4.0,0,6,0.0,0,0.0,Taliban
5285,0,69,8,136,131,48.856644,2.34233,1.0,0,0.0,0,0,3,2,443,69.0,0,6,0.0,0,0.0,Corsican National Liberation Front (FLNC)
56615,0,4,6,321,3656,34.229213,70.193208,3.0,0,0.0,1,0,2,3,559,4.0,0,5,4.0,1,0.0,Taliban
78920,0,92,6,127,2166,18.792596,80.813556,1.0,0,0.0,1,0,3,4,12,92.0,0,6,1.0,0,0.0,Maoists
47346,0,4,6,509,3612,32.480918,62.028239,1.0,0,0.0,1,0,3,16,4482,4.0,0,6,0.0,1,0.0,Taliban
13785,0,92,6,494,3410,28.585836,77.153336,1.0,0,0.0,0,0,3,2,4268,92.0,0,6,0.0,0,0.0,Sikh Extremists
29978,0,186,6,215,1971,7.301756,81.67473,3.0,0,0.0,1,0,1,14,2484,186.0,0,5,2.0,0,0.0,Liberation Tigers of Tamil Eelam (LTTE)
47475,0,92,6,132,908,16.635664,82.097085,1.0,0,0.0,1,0,1,2,1438,92.0,0,5,2.0,-9,0.0,Communist Party of India - Maoist (CPI-Maoist)
10368,0,183,11,19,155,-26.252697,27.870275,1.0,0,0.0,1,0,3,3,406,183.0,0,6,0.0,0,0.0,African National Congress (South Africa)
26274,0,92,6,337,3408,32.040763,75.401886,3.0,0,0.0,1,0,1,3,4243,92.0,0,5,1.0,0,0.0,Sikh Extremists
52753,0,4,6,514,3575,31.825871,64.576431,1.0,0,0.0,1,0,2,3,172,4.0,0,5,6.0,0,0.0,Taliban
54887,0,95,10,33,247,33.303566,44.371773,1.0,0,1.0,1,0,3,2,219,95.0,0,6,7.0,0,0.0,Al-Qaida in Iraq
13671,0,159,3,277,2118,-11.967368,-76.978462,1.0,0,0.0,1,0,3,9,4133,159.0,0,6,1.0,1,0.0,Shining Path (SL)
61570,0,160,5,389,2653,7.833053,125.816497,1.0,0,1.0,1,0,3,4,3344,160.0,0,6,0.0,0,0.0,New People's Army (NPA)
74998,1,147,11,166,1286,7.691215,9.247731,3.0,0,1.0,1,0,2,14,27,147.0,0,5,59.0,1,-9.0,Fulani extremists
51150,0,95,10,34,249,33.74324,44.623825,1.0,0,1.0,1,1,3,3,175,95.0,0,6,2.0,-9,0.0,Al-Qaida in Iraq
41894,0,141,6,266,2278,27.677286,84.416928,1.0,0,0.0,1,0,3,8,2956,141.0,0,6,0.0,-9,0.0,Maoists
16591,0,159,3,277,2118,-11.967368,-76.978462,1.0,0,0.0,1,0,2,19,4807,159.0,0,8,0.0,1,0.0,Tupac Amaru Revolutionary Movement (MRTA)
30191,0,209,10,225,1850,37.080181,41.220196,1.0,0,0.0,1,0,2,4,743,209.0,0,5,1.0,1,0.0,Kurdistan Workers' Party (PKK)
70425,0,182,11,74,443,4.210529,45.56049,1.0,0,0.0,1,0,3,4,48,182.0,0,6,1.0,-9,0.0,Al-Shabaab
50672,0,153,6,352,3818,34.14658,71.743538,1.0,0,1.0,1,0,3,8,4668,153.0,0,6,0.0,1,0.0,Tehrik-i-Taliban Pakistan (TTP)
67011,0,228,10,182,1567,15.620833,44.1935,3.0,0,0.0,1,0,3,22,2010,228.0,0,6,0.0,1,0.0,Houthi extremists (Ansar Allah)
65818,0,160,5,396,2775,8.674814,126.137768,1.0,0,0.0,0,0,3,20,6,160.0,0,6,0.0,0,0.0,New People's Army (NPA)
61491,0,160,5,422,2712,14.67428,121.057495,1.0,0,0.0,1,0,2,4,3400,160.0,0,5,0.0,0,0.0,New People's Army (NPA)
21578,0,159,3,277,2118,-11.967368,-76.978462,1.0,0,0.0,1,0,2,3,414,159.0,0,5,1.0,1,0.0,Shining Path (SL)
61064,0,95,10,37,2398,36.269463,43.374397,1.0,0,0.0,1,0,3,14,205,95.0,0,6,0.0,-9,0.0,Muslim extremists
62956,0,147,11,108,668,12.672917,13.616014,1.0,0,0.0,1,0,2,14,486,147.0,0,5,9.0,-9,0.0,Boko Haram
73297,0,147,11,166,1357,7.719043,9.238704,2.0,0,1.0,1,0,2,14,1231,147.0,0,5,1.0,-9,0.0,Fulani extremists
8387,0,69,8,137,1030,43.529742,5.447427,1.0,0,0.0,1,0,3,14,1588,69.0,0,6,0.0,1,0.0,Corsican National Liberation Front (FLNC)
45604,0,45,3,367,3153,2.998638,-75.30562,1.0,0,1.0,1,0,3,1,3903,45.0,0,6,0.0,1,0.0,Revolutionary Armed Forces of Colombia (FARC)
56764,0,228,10,50,323,15.840202,48.45438,1.0,0,0.0,1,0,2,4,699,228.0,0,5,2.0,1,0.0,Al-Qaida in the Arabian Peninsula (AQAP)
77017,0,160,5,0,0,6.482905,122.015549,3.0,0,0.0,1,0,2,4,0,160.0,0,5,0.0,-9,0.0,Abu Sayyaf Group (ASG)
43282,0,186,6,263,1989,8.53839,80.49328,1.0,1,0.0,1,0,3,3,2500,186.0,0,6,0.0,1,0.0,Liberation Tigers of Tamil Eelam (LTTE)
25385,0,92,6,337,3498,30.34,76.38,3.0,0,0.0,1,0,2,8,4372,92.0,0,5,8.0,1,0.0,Sikh Extremists
18794,0,69,8,135,1013,41.930607,8.742907,1.0,0,1.0,1,0,3,14,1553,69.0,0,6,0.0,1,0.0,Corsican National Liberation Front (FLNC)
47877,0,160,5,0,16,6.681959,121.985477,1.0,0,1.0,1,0,3,15,101,160.0,0,6,0.0,1,0.0,Abu Sayyaf Group (ASG)
51694,0,95,10,33,247,33.303566,44.371773,1.0,0,1.0,1,0,3,1,579,95.0,0,6,3.0,-9,0.0,Al-Qaida in Iraq
39087,0,185,8,86,533,43.280364,-2.171588,1.0,0,0.0,1,0,3,10,985,185.0,0,6,0.0,-9,0.0,Basque Fatherland and Freedom (ETA)
61181,0,160,5,393,2638,10.663984,122.286655,1.0,0,0.0,1,0,3,4,59,160.0,0,6,0.0,1,0.0,New People's Army (NPA)
19330,0,43,3,273,2111,-34.170331,-70.740822,1.0,0,0.0,0,0,3,21,1813,43.0,0,6,0.0,1,0.0,Manuel Rodriguez Patriotic Front (FPMR)
72886,0,209,10,225,1850,37.080181,41.220196,1.0,0,1.0,1,0,7,8,2432,209.0,0,8,0.0,1,0.0,Kurdistan Workers' Party (PKK)
41846,0,69,8,135,1013,41.930607,8.742907,1.0,0,0.0,1,0,3,2,1611,69.0,0,6,0.0,1,0.0,Corsican National Liberation Front (FLNC)
80500,0,92,6,127,2242,19.15366,81.432457,2.0,0,0.0,1,0,3,3,85,92.0,0,6,0.0,0,0.0,Maoists
73960,0,153,6,427,3825,34.57135,71.351204,1.0,0,0.0,1,0,3,17,4678,153.0,0,6,2.0,1,0.0,Tehrik-i-Taliban Pakistan (TTP)
46425,0,92,6,126,779,24.128611,84.185712,3.0,0,0.0,1,0,3,19,1462,92.0,0,6,0.0,1,0.0,Communist Party of India - Maoist (CPI-Maoist)
50693,0,45,3,362,3217,7.07386,-75.14591,3.0,0,0.0,1,0,3,3,3945,45.0,0,6,1.0,0,0.0,Revolutionary Armed Forces of Colombia (FARC)
59473,0,45,3,376,24,2.45,-76.616667,4.0,0,0.0,1,0,3,3,12,45.0,0,6,0.0,-9,0.0,Revolutionary Armed Forces of Colombia (FARC)
21940,0,185,8,86,518,43.136978,-2.073914,1.0,0,0.0,1,0,7,19,1068,185.0,0,8,0.0,1,0.0,Basque Fatherland and Freedom (ETA)
2623,0,185,8,95,565,43.303261,-2.204363,1.0,0,0.0,1,0,1,1,1057,185.0,0,5,1.0,0,0.0,Basque Fatherland and Freedom (ETA)
40485,0,147,11,118,640,9.933381,8.885243,1.0,0,0.0,1,0,2,14,1914,147.0,0,5,14.0,0,0.0,Fulani extremists
53214,0,95,10,34,249,33.74324,44.623825,1.0,0,1.0,1,0,3,14,13,95.0,0,6,1.0,0,0.0,Al-Qaida in Iraq
43369,0,186,6,262,1980,6.022103,80.799766,1.0,0,0.0,1,1,3,4,2493,186.0,0,6,16.0,1,0.0,Liberation Tigers of Tamil Eelam (LTTE)
5481,0,97,10,266,3067,32.178344,34.907985,1.0,0,0.0,1,0,3,14,3683,97.0,0,6,0.0,1,0.0,Palestinians
42114,0,186,6,215,2002,8.324973,81.30074,1.0,0,0.0,1,0,2,3,2510,186.0,0,5,1.0,0,0.0,Liberation Tigers of Tamil Eelam (LTTE)
28489,0,159,3,277,2118,-11.967368,-76.978462,1.0,0,1.0,1,0,3,1,1577,159.0,0,6,0.0,1,0.0,Shining Path (SL)
50067,0,92,6,125,934,26.117863,85.963383,2.0,0,0.0,1,0,2,14,1468,92.0,0,5,1.0,-9,0.0,Communist Party of India - Maoist (CPI-Maoist)
35322,0,185,8,87,511,37.884727,-4.779152,1.0,0,1.0,0,0,3,3,946,185.0,0,6,0.0,1,0.0,Basque Fatherland and Freedom (ETA)
19612,0,183,11,19,195,-26.267342,28.121495,1.0,0,0.0,1,0,1,2,361,183.0,0,5,1.0,0,0.0,African National Congress (South Africa)
20162,0,186,6,215,1972,8.577826,81.218719,1.0,0,0.0,1,0,3,14,1065,186.0,0,6,6.0,1,0.0,Liberation Tigers of Tamil Eelam (LTTE)
15918,0,145,2,450,2984,10.892093,-84.78599,1.0,0,0.0,1,0,2,4,1762,145.0,0,5,1.0,1,0.0,Nicaraguan Democratic Force (FDN)
28595,0,209,10,223,1813,37.253172,43.612234,1.0,0,0.0,1,0,2,4,172,209.0,0,5,11.0,1,0.0,Kurdistan Workers' Party (PKK)
20727,0,159,3,277,2118,-11.967368,-76.978462,1.0,0,0.0,1,0,3,1,560,159.0,0,6,0.0,1,0.0,Tupac Amaru Revolutionary Movement (MRTA)
24534,0,159,3,277,2118,-11.967368,-76.978462,1.0,0,0.0,1,0,3,4,4071,159.0,0,5,0.0,1,0.0,Shining Path (SL)
41974,0,95,10,33,247,33.303566,44.371773,1.0,0,0.0,1,1,3,4,501,217.0,0,6,3.0,1,0.0,Al-Qaida in Iraq
19649,0,43,3,271,2106,-33.366238,-70.505302,1.0,0,0.0,0,0,1,4,2726,43.0,0,6,0.0,0,0.0,Manuel Rodriguez Patriotic Front (FPMR)
15428,0,159,3,277,2118,-11.967368,-76.978462,1.0,0,0.0,1,0,2,3,371,159.0,0,5,1.0,1,0.0,Tupac Amaru Revolutionary Movement (MRTA)
21603,0,92,6,337,3439,31.633979,74.872264,3.0,0,0.0,1,0,1,3,2788,92.0,0,5,2.0,0,0.0,Sikh Extremists
46158,0,160,5,398,2649,16.105772,121.746511,1.0,0,0.0,1,0,7,1,3339,160.0,0,8,0.0,1,0.0,New People's Army (NPA)
7436,0,45,3,384,3192,8.402925,-75.899867,4.0,0,0.0,1,0,2,4,1762,45.0,0,5,3.0,1,0.0,Revolutionary Armed Forces of Colombia (FARC)
78185,0,95,10,32,1694,33.036022,40.288158,1.0,0,0.0,1,0,3,14,1213,95.0,0,6,0.0,-9,0.0,Islamic State of Iraq and the Levant (ISIL)
47080,1,153,6,534,3798,35.839232,71.780106,1.0,0,0.0,1,0,6,12,4643,78.0,0,5,0.0,0,1.0,Tehrik-i-Taliban Pakistan (TTP)
30446,0,92,6,337,3405,30.898024,75.860077,1.0,1,0.0,1,0,3,3,559,92.0,0,6,6.0,1,0.0,Sikh Extremists
17041,0,183,11,18,137,-29.861824,31.008293,1.0,0,0.0,0,0,3,3,275,183.0,0,6,0.0,0,0.0,African National Congress (South Africa)
18827,0,183,11,19,155,-26.252697,27.870275,1.0,0,0.0,1,0,2,3,308,183.0,0,5,0.0,1,0.0,African National Congress (South Africa)
18528,0,43,3,271,2106,-33.366238,-70.505302,1.0,0,1.0,1,0,3,14,1065,43.0,0,6,0.0,1,0.0,Manuel Rodriguez Patriotic Front (FPMR)
53140,0,147,11,108,616,11.840929,13.141459,1.0,0,0.0,1,0,2,2,1266,147.0,0,5,2.0,0,0.0,Boko Haram
56348,0,60,10,290,2361,31.126646,33.800865,1.0,0,0.0,1,0,2,2,3103,60.0,0,5,1.0,0,0.0,Muslim extremists
58251,0,95,10,34,274,33.953167,44.921906,1.0,0,0.0,1,0,3,4,497,95.0,0,6,6.0,1,0.0,Islamic State of Iraq and the Levant (ISIL)
20458,0,155,10,456,3062,32.113445,35.077565,1.0,0,0.0,1,0,1,2,3666,97.0,0,5,1.0,0,0.0,Palestinians
26142,0,92,6,337,3412,30.210994,74.945474,1.0,0,0.0,1,0,1,14,4247,92.0,0,5,2.0,0,0.0,Sikh Extremists
68671,0,147,11,108,626,10.737778,13.130556,1.0,0,1.0,1,0,2,15,1241,147.0,0,5,6.0,1,0.0,Boko Haram
72143,0,92,6,127,977,17.812075,81.383041,1.0,0,0.0,1,0,2,14,2865,92.0,0,9,1.0,0,0.0,Maoists
59249,0,92,6,126,2237,24.139169,83.449942,1.0,0,0.0,1,0,2,3,852,92.0,0,5,0.0,0,0.0,Maoists
47419,0,95,10,33,247,33.303566,44.371773,1.0,0,1.0,1,1,3,2,506,95.0,0,6,26.0,-9,0.0,Al-Qaida in Iraq
69332,0,92,6,126,924,23.584152,84.053548,1.0,1,1.0,1,0,3,16,1419,92.0,0,6,0.0,1,0.0,Communist Party of India - Maoist (CPI-Maoist)
26300,0,159,3,475,3873,-10.925868,-74.873099,1.0,0,0.0,1,0,2,4,12,159.0,0,5,8.0,1,0.0,Tupac Amaru Revolutionary Movement (MRTA)
17608,0,92,6,337,3476,31.51655,75.28897,1.0,0,0.0,1,0,2,2,560,92.0,0,5,4.0,1,0.0,Sikh Extremists
28319,0,603,8,190,1603,54.607712,-5.95621,1.0,0,1.0,1,0,7,1,2126,233.0,0,8,0.0,1,0.0,Irish Republican Army (IRA)
82605,0,92,6,127,801,20.163111,80.531343,1.0,0,1.0,1,0,6,14,1320,92.0,0,9,1.0,-9,1.0,Communist Party of India - Maoist (CPI-Maoist)
81260,0,4,6,511,3538,33.97652,69.706658,2.0,0,0.0,1,0,2,3,12,4.0,0,5,14.0,0,0.0,Taliban
3435,0,603,8,190,1603,54.607712,-5.95621,1.0,0,1.0,1,0,7,1,2057,216.0,0,8,0.0,1,0.0,Irish Republican Army (IRA)
50391,0,45,3,376,1214,3.176146,-76.260556,1.0,0,0.0,1,0,3,1,3952,45.0,0,6,0.0,1,0.0,Revolutionary Armed Forces of Colombia (FARC)
54267,0,95,10,32,258,33.349159,43.784199,1.0,0,1.0,1,1,3,2,548,95.0,0,6,4.0,0,0.0,Al-Qaida in Iraq
53438,0,153,6,427,3742,34.567793,71.480221,2.0,0,0.0,1,0,2,4,2901,153.0,0,6,7.0,0,0.0,Tehrik-i-Taliban Pakistan (TTP)
20139,0,183,11,18,137,-29.861824,31.008293,1.0,0,0.0,1,0,3,2,330,183.0,0,6,0.0,1,0.0,African National Congress (South Africa)
52795,0,153,6,427,3801,32.667476,69.859741,1.0,0,0.0,1,0,2,4,2901,153.0,0,5,9.0,0,0.0,Tehrik-i-Taliban Pakistan (TTP)
15996,0,92,6,337,24,31.147131,75.341218,4.0,0,0.0,1,0,2,19,4279,92.0,0,5,15.0,1,0.0,Sikh Extremists
76777,0,228,10,60,1532,12.765967,43.5174,3.0,0,0.0,1,0,3,4,1979,422.0,0,6,0.0,1,0.0,Houthi extremists (Ansar Allah)
78004,0,4,6,512,3666,31.956494,67.429572,2.0,0,0.0,1,0,3,3,559,4.0,0,6,1.0,1,0.0,Taliban
59663,0,160,5,412,2680,9.000313,125.269224,1.0,0,0.0,1,0,2,3,93,160.0,0,6,0.0,-9,0.0,New People's Army (NPA)
19252,0,43,3,271,2106,-33.366238,-70.505302,1.0,0,1.0,1,0,2,19,56,43.0,0,8,0.0,1,0.0,Manuel Rodriguez Patriotic Front (FPMR)
20998,0,603,8,190,1648,54.371988,-6.551326,1.0,0,0.0,1,0,3,14,2155,233.0,0,6,0.0,1,0.0,Irish Republican Army (IRA)
2674,0,603,8,190,1647,54.50853,-6.763131,1.0,0,0.0,1,0,1,4,2151,233.0,0,5,2.0,0,0.0,Irish Republican Army (IRA)
51197,0,104,11,79,406,3.938715,41.844707,1.0,1,0.0,1,0,2,4,577,104.0,0,5,2.0,1,0.0,Al-Shabaab
10507,0,110,10,457,3040,33.888523,35.503513,1.0,0,0.0,1,0,3,4,3736,97.0,0,6,1.0,1,0.0,Palestinians
42699,0,141,6,266,2260,27.04477,84.867372,1.0,0,0.0,1,0,3,14,2940,141.0,0,6,0.0,1,0.0,Maoists
47984,0,4,6,521,3636,33.117778,69.015556,3.0,0,0.0,1,0,2,14,4502,4.0,0,5,1.0,0,0.0,Taliban
44020,0,186,6,261,1974,9.666399,80.020477,1.0,1,0.0,1,0,3,4,2562,186.0,0,6,1.0,-9,0.0,Liberation Tigers of Tamil Eelam (LTTE)
65082,0,214,9,145,1113,48.267222,37.642778,1.0,0,0.0,1,0,3,4,1697,214.0,0,6,0.0,-9,0.0,Donetsk People's Republic
72036,0,228,10,52,24,13.659076,46.030868,4.0,0,0.0,1,0,2,4,20,228.0,0,5,3.0,0,0.0,Al-Qaida in the Arabian Peninsula (AQAP)
62171,0,45,3,359,2524,8.435654,-73.28654,1.0,0,0.0,1,0,2,19,1720,45.0,0,5,4.0,1,0.0,National Liberation Army of Colombia (ELN)
10163,1,61,2,147,1156,13.883333,-88.966667,1.0,0,0.0,1,0,2,14,1851,61.0,0,5,120.0,1,1.0,Farabundo Marti National Liberation Front (FMLN)
54594,0,153,6,352,3770,32.929773,70.669266,3.0,0,0.0,1,1,3,3,175,153.0,0,6,6.0,1,0.0,Tehrik-i-Taliban Pakistan (TTP)
12819,0,145,2,438,2881,13.360614,-86.398154,1.0,0,0.0,1,0,2,4,1762,145.0,0,5,0.0,1,0.0,Nicaraguan Democratic Force (FDN)
7919,0,61,2,157,1165,13.949826,-88.146348,1.0,0,0.0,1,0,2,4,1762,61.0,0,5,1.0,1,0.0,Farabundo Marti National Liberation Front (FMLN)
24851,0,43,3,271,2106,-33.366238,-70.505302,1.0,0,0.0,1,0,3,1,2710,43.0,0,6,0.0,1,0.0,Manuel Rodriguez Patriotic Front (FPMR)
48666,0,92,6,128,944,22.616778,86.818269,1.0,0,0.0,1,0,2,2,1478,92.0,0,5,1.0,-9,0.0,Communist Party of India - Maoist (CPI-Maoist)
41863,0,95,10,35,250,35.45211,44.375465,1.0,1,0.0,0,0,3,2,485,95.0,0,6,0.0,0,0.0,Al-Qaida in Iraq
11327,0,155,10,456,3039,32.222271,35.253506,1.0,1,0.0,1,0,2,4,3659,97.0,0,8,0.0,0,0.0,Palestinians
78211,0,95,10,37,254,36.354145,43.14357,1.0,1,0.0,0,1,3,3,85,95.0,0,6,21.0,0,0.0,Islamic State of Iraq and the Levant (ISIL)
49959,0,160,5,1,22,6.050458,121.012245,1.0,0,0.0,0,0,3,14,72,160.0,0,6,0.0,0,0.0,Abu Sayyaf Group (ASG)
57929,0,45,3,359,2521,8.608345,-73.316615,1.0,0,1.0,1,0,3,21,3185,45.0,0,6,0.0,1,0.0,National Liberation Army of Colombia (ELN)
65385,0,92,6,127,912,18.883191,81.348675,3.0,0,0.0,1,0,7,19,2948,92.0,0,11,0.0,1,0.0,Maoists
14930,0,183,11,26,186,-22.191692,29.500886,1.0,1,0.0,1,0,3,4,291,183.0,0,6,0.0,1,0.0,African National Congress (South Africa)
66994,0,182,11,80,420,11.274796,49.179657,1.0,0,0.0,1,0,2,3,824,182.0,0,6,0.0,1,0.0,Al-Shabaab
31971,0,159,3,277,2118,-11.967368,-76.978462,1.0,0,0.0,1,0,5,10,4838,159.0,0,5,0.0,1,0.0,Tupac Amaru Revolutionary Movement (MRTA)
43057,1,95,10,33,247,33.303566,44.371773,1.0,0,0.0,1,0,6,7,586,167.0,0,5,1.0,0,1.0,Al-Qaida in Iraq
13248,0,61,2,153,1249,13.664223,-88.660622,1.0,0,0.0,1,0,2,4,1772,61.0,0,5,45.0,1,0.0,Farabundo Marti National Liberation Front (FMLN)
72437,0,95,10,32,24,32.559761,41.919647,4.0,0,0.0,1,1,3,3,718,95.0,0,6,46.0,1,0.0,Islamic State of Iraq and the Levant (ISIL)
69804,1,209,10,221,1812,39.022974,39.605467,3.0,0,0.0,1,0,6,14,2359,209.0,0,8,1.0,1,1.0,Kurdistan Workers' Party (PKK)
73236,0,160,5,426,2749,11.447279,125.491158,1.0,0,0.0,1,0,2,3,175,160.0,0,5,0.0,1,0.0,New People's Army (NPA)
60349,0,228,10,54,355,14.483333,46.416667,2.0,0,0.0,1,0,3,14,559,228.0,0,6,5.0,1,0.0,Al-Qaida in the Arabian Peninsula (AQAP)
64250,0,228,10,50,364,15.931111,48.748056,1.0,0,0.0,1,0,3,4,559,228.0,0,6,3.0,1,0.0,Al-Qaida in the Arabian Peninsula (AQAP)
49404,0,92,6,125,850,25.266107,85.08016,1.0,0,0.0,1,0,8,2,1372,92.0,0,9,0.0,1,0.0,Communist Party of India - Maoist (CPI-Maoist)
47751,0,92,6,132,872,18.302432,80.551997,1.0,0,0.0,1,0,2,14,1398,92.0,0,5,1.0,-9,0.0,Communist Party of India - Maoist (CPI-Maoist)
18460,0,61,2,151,1210,13.33,-88.15139,1.0,0,0.0,1,0,2,4,1772,61.0,0,5,9.0,1,0.0,Farabundo Marti National Liberation Front (FMLN)
65696,0,147,11,166,1286,7.689167,9.250278,3.0,0,1.0,1,0,2,14,27,147.0,0,5,1.0,1,0.0,Fulani extremists
28234,0,97,10,458,3050,31.783739,35.160804,1.0,0,0.0,0,0,3,14,3637,97.0,0,6,0.0,1,0.0,Palestinians
21459,0,159,3,483,3870,-9.365146,-77.580569,1.0,0,0.0,1,0,2,17,4804,159.0,0,5,3.0,1,0.0,Tupac Amaru Revolutionary Movement (MRTA)
15366,0,92,6,337,3436,31.234401,76.505465,1.0,0,0.0,1,0,2,14,27,92.0,0,9,7.0,1,0.0,Sikh Extremists
41278,0,160,5,11,43,14.601285,120.952293,1.0,0,0.0,1,0,3,11,61,160.0,0,6,116.0,1,0.0,Abu Sayyaf Group (ASG)
53304,0,153,6,352,3731,34.006004,71.53743,1.0,0,0.0,1,0,3,4,888,153.0,0,6,8.0,1,0.0,Tehrik-i-Taliban Pakistan (TTP)
46737,0,92,6,125,889,24.730152,84.953731,1.0,0,0.0,1,0,3,16,1421,92.0,0,6,0.0,1,0.0,Communist Party of India - Maoist (CPI-Maoist)
42088,0,45,3,470,3195,0.66643,-76.87192,3.0,0,0.0,1,0,3,21,3923,45.0,0,6,0.0,1,0.0,Revolutionary Armed Forces of Colombia (FARC)
60322,0,153,6,427,3808,32.975433,70.273735,1.0,0,0.0,1,0,2,4,162,153.0,0,5,15.0,1,0.0,Tehrik-i-Taliban Pakistan (TTP)
56879,0,4,6,510,24,32.879882,66.150174,4.0,0,0.0,1,0,3,14,13,4.0,0,6,2.0,1,0.0,Taliban
10180,0,603,8,190,1607,54.347539,-6.656108,1.0,0,0.0,1,0,3,4,2053,233.0,0,6,1.0,1,0.0,Irish Republican Army (IRA)
40243,0,97,10,458,3043,31.771599,35.2034,1.0,0,0.0,1,0,2,14,3693,97.0,0,9,2.0,0,0.0,Palestinians
38631,0,160,5,396,2695,9.02025,126.23322,1.0,0,0.0,1,0,2,1,3414,160.0,0,5,0.0,-9,0.0,New People's Army (NPA)
59637,0,200,10,201,2422,33.843739,36.547043,1.0,0,0.0,1,0,1,10,882,110.0,0,5,3.0,1,0.0,Muslim extremists
19563,0,45,3,368,24,6.547306,-71.002231,4.0,0,0.0,1,0,3,21,3148,45.0,0,6,0.0,1,0.0,National Liberation Army of Colombia (ELN)
1452,0,603,8,190,1607,54.347539,-6.656108,1.0,0,0.0,1,0,3,4,2066,216.0,0,6,1.0,1,0.0,Irish Republican Army (IRA)
5255,0,69,8,136,131,48.856644,2.34233,1.0,0,0.0,1,0,7,1,1569,69.0,0,8,0.0,1,0.0,Corsican National Liberation Front (FLNC)
3033,0,603,8,190,1644,54.42071,-6.443767,1.0,0,0.0,1,0,1,3,2194,233.0,0,5,1.0,0,0.0,Irish Republican Army (IRA)
16155,0,92,6,496,3424,30.733315,76.779418,1.0,0,0.0,1,0,1,2,4267,92.0,0,5,1.0,0,0.0,Sikh Extremists
51657,0,228,10,52,352,13.883333,45.866667,2.0,0,0.0,1,1,3,14,13,228.0,0,6,5.0,-9,0.0,Al-Qaida in the Arabian Peninsula (AQAP)
42796,0,92,6,128,844,22.424,87.319,3.0,0,0.0,1,0,3,3,1365,92.0,0,6,4.0,-9,0.0,Communist Party of India - Maoist (CPI-Maoist)
24699,0,97,10,458,3043,31.771599,35.2034,1.0,0,0.0,1,0,2,14,3692,97.0,0,8,0.0,1,0.0,Palestinians
68521,0,200,10,208,1719,36.503593,40.740627,1.0,0,1.0,1,0,3,4,48,200.0,0,6,7.0,-9,0.0,Islamic State of Iraq and the Levant (ISIL)
37157,0,160,5,5,23,7.083241,125.600998,1.0,0,1.0,1,0,3,19,24,160.0,0,6,0.0,1,0.0,Abu Sayyaf Group (ASG)
68842,0,147,11,108,681,11.831098,13.150967,2.0,0,0.0,1,1,3,19,56,147.0,0,6,2.0,-9,0.0,Boko Haram
46240,0,160,5,1,22,6.050458,121.012245,1.0,0,0.0,1,0,3,1,113,160.0,0,6,2.0,1,0.0,Abu Sayyaf Group (ASG)
80859,0,228,10,51,357,15.45639,45.324871,1.0,0,0.0,1,0,3,12,2009,422.0,0,6,0.0,1,0.0,Houthi extremists (Ansar Allah)
30461,0,186,6,215,1996,9.18158,80.846082,1.0,0,0.0,1,0,2,4,562,186.0,0,5,7.0,1,0.0,Liberation Tigers of Tamil Eelam (LTTE)
24207,0,155,10,325,1468,31.502407,34.459743,1.0,0,0.0,1,0,1,14,3667,155.0,0,9,1.0,0,0.0,Palestinians
14655,0,603,8,190,1604,55.011562,-7.312045,1.0,0,0.0,1,0,3,14,2196,233.0,0,6,0.0,1,0.0,Irish Republican Army (IRA)
17834,0,159,3,481,3368,-13.694444,-73.151944,1.0,0,0.0,1,0,2,14,4186,159.0,0,5,0.0,1,0.0,Shining Path (SL)
19737,0,160,5,390,2634,15.153002,120.591942,1.0,0,0.0,1,0,1,17,3434,160.0,0,5,1.0,0,0.0,New People's Army (NPA)
12742,0,603,8,190,1622,54.183052,-6.341388,1.0,0,0.0,1,0,3,19,2084,233.0,0,6,0.0,1,0.0,Irish Republican Army (IRA)
44305,0,160,5,11,70,14.67428,121.057495,1.0,0,0.0,1,0,3,2,129,160.0,0,6,3.0,-9,0.0,Abu Sayyaf Group (ASG)
10958,0,183,11,26,212,-24.88171,28.28263,1.0,0,0.0,0,0,3,3,396,183.0,0,6,0.0,1,0.0,African National Congress (South Africa)
26560,0,61,2,147,24,13.864829,-88.7494,4.0,0,1.0,1,0,3,21,1842,61.0,0,6,0.0,1,0.0,Farabundo Marti National Liberation Front (FMLN)
27772,0,45,3,384,560,8.25749,-76.14641,1.0,0,0.0,1,0,2,14,3901,45.0,0,5,2.0,1,0.0,Revolutionary Armed Forces of Colombia (FARC)
68038,0,147,11,108,616,11.840929,13.141459,1.0,0,0.0,1,0,3,1,1258,147.0,0,6,18.0,-9,0.0,Boko Haram
70304,0,173,10,184,1529,16.800006,43.149996,2.0,0,1.0,1,0,2,3,85,173.0,0,5,2.0,0,0.0,Houthi extremists (Ansar Allah)
75115,0,4,6,530,3628,33.534235,65.000854,3.0,0,0.0,1,0,2,3,1981,4.0,0,5,1.0,0,0.0,Taliban
57038,0,45,3,366,3212,7.100893,-73.846207,1.0,0,0.0,1,0,3,21,3187,45.0,0,6,0.0,1,0.0,Revolutionary Armed Forces of Colombia (FARC)
40783,0,45,3,469,3137,1.68448,-75.28659,1.0,0,0.0,1,0,3,21,3849,45.0,0,6,0.0,1,0.0,Revolutionary Armed Forces of Colombia (FARC)
74813,0,92,6,127,2139,19.595851,81.663777,3.0,0,0.0,0,0,3,20,6,92.0,0,6,0.0,0,0.0,Maoists
29114,0,45,3,359,2514,8.607983,-72.908887,1.0,0,0.0,1,0,3,21,3148,45.0,0,6,0.0,1,0.0,National Liberation Army of Colombia (ELN)
53258,0,228,10,53,314,15.325443,44.211895,1.0,0,0.0,0,0,1,2,737,228.0,0,6,12.0,-9,0.0,Al-Qaida in the Arabian Peninsula (AQAP)
79407,1,92,6,130,875,19.690278,83.118611,1.0,1,1.0,1,0,6,14,1402,92.0,0,5,0.0,0,1.0,Communist Party of India - Maoist (CPI-Maoist)
66270,0,214,9,145,1073,48.064426,37.673248,1.0,0,1.0,1,0,3,4,1708,214.0,0,6,0.0,0,0.0,Donetsk People's Republic
26514,0,61,2,153,1160,13.703735,-88.804566,1.0,0,0.0,1,0,2,3,562,61.0,0,5,0.0,1,0.0,Farabundo Marti National Liberation Front (FMLN)
15100,0,159,3,277,2118,-11.967368,-76.978462,1.0,0,1.0,1,0,3,1,4829,159.0,0,6,0.0,1,0.0,Tupac Amaru Revolutionary Movement (MRTA)
79321,0,160,5,0,5,6.660501,122.138992,1.0,0,0.0,1,0,3,21,132,160.0,0,6,0.0,1,0.0,Abu Sayyaf Group (ASG)
63210,1,147,11,118,1276,9.516667,8.7,2.0,0,1.0,1,0,2,14,27,147.0,0,5,3.0,1,-9.0,Fulani extremists
35348,0,186,6,215,2040,9.703001,80.033931,1.0,0,0.0,1,0,3,20,6,186.0,0,6,4.0,1,0.0,Liberation Tigers of Tamil Eelam (LTTE)
66271,0,214,9,145,1073,48.064426,37.673248,1.0,0,1.0,1,0,3,4,1708,214.0,0,6,0.0,0,0.0,Donetsk People's Republic
18229,0,92,6,337,24,31.147131,75.341218,4.0,0,1.0,1,0,1,14,4253,92.0,0,5,1.0,0,0.0,Sikh Extremists
79828,0,146,11,116,657,13.483374,12.843024,1.0,0,0.0,1,0,2,4,48,146.0,0,6,57.0,0,0.0,Boko Haram
73218,0,4,6,527,3591,37.459588,69.52422,3.0,0,1.0,1,0,2,14,27,4.0,0,6,2.0,0,0.0,Taliban
47164,0,160,5,10,94,7.798649,122.139514,1.0,0,0.0,1,0,3,2,189,160.0,0,6,0.0,-9,0.0,Abu Sayyaf Group (ASG)
14289,0,61,2,156,1225,14.0,-89.8333,1.0,0,0.0,1,0,3,4,1840,61.0,0,6,18.0,1,0.0,Farabundo Marti National Liberation Front (FMLN)
65361,0,147,11,166,1369,7.86797,8.09553,1.0,0,1.0,1,0,2,14,27,147.0,0,5,3.0,0,0.0,Fulani extremists
76376,0,185,8,94,2406,42.026548,-1.577787,1.0,0,0.0,1,0,7,15,1211,185.0,1,8,0.0,1,0.0,Muslim extremists
66503,0,182,11,66,411,2.14383,45.118061,1.0,0,0.0,1,0,3,2,841,182.0,0,6,2.0,1,0.0,Al-Shabaab
55588,0,228,10,181,1550,16.887823,43.442872,3.0,0,0.0,1,0,7,1,1997,228.0,0,5,0.0,-9,0.0,Houthi extremists (Ansar Allah)
47864,0,92,6,125,906,24.574312,83.640053,1.0,0,1.0,1,0,3,1,1436,92.0,0,6,0.0,1,0.0,Communist Party of India - Maoist (CPI-Maoist)
42661,0,186,6,260,1968,6.91218,79.882883,1.0,0,1.0,1,0,3,1,2619,186.0,0,6,0.0,-9,0.0,Liberation Tigers of Tamil Eelam (LTTE)
61674,0,113,10,306,2377,32.867867,13.189067,1.0,0,0.0,1,0,3,6,355,113.0,0,6,1.0,1,0.0,Muslim extremists
70303,0,173,10,184,1529,16.800006,43.149996,2.0,0,1.0,1,0,3,3,162,173.0,0,6,0.0,1,0.0,Houthi extremists (Ansar Allah)
56225,0,209,10,222,24,37.418748,42.491834,4.0,0,0.0,1,0,7,8,2417,209.0,0,8,0.0,1,0.0,Kurdistan Workers' Party (PKK)
28208,0,43,3,271,2106,-33.366238,-70.505302,1.0,0,0.0,0,0,3,22,283,43.0,0,6,0.0,1,0.0,Manuel Rodriguez Patriotic Front (FPMR)
20205,0,92,6,337,3455,31.448943,74.925262,1.0,0,0.0,1,0,1,1,1944,92.0,0,5,1.0,0,0.0,Sikh Extremists
23076,0,183,11,19,146,-25.718321,28.408798,1.0,0,0.0,1,0,3,3,314,183.0,0,6,0.0,1,0.0,African National Congress (South Africa)
47239,0,92,6,126,795,24.302783,85.005153,1.0,0,0.0,1,0,2,17,1315,92.0,0,5,3.0,0,0.0,Communist Party of India - Maoist (CPI-Maoist)
31682,0,69,8,135,1016,42.699997,9.447317,1.0,0,1.0,1,0,3,1,765,69.0,0,6,0.0,1,0.0,Corsican National Liberation Front (FLNC)
32425,0,45,3,366,2497,7.062532,-73.085812,1.0,0,0.0,1,0,3,2,3145,45.0,0,6,0.0,1,0.0,National Liberation Army of Colombia (ELN)
38822,0,92,6,291,2415,32.726602,74.857026,1.0,0,0.0,1,0,3,2,3073,92.0,0,6,0.0,1,0.0,Muslim extremists
5848,0,185,8,86,509,43.258434,-2.921819,1.0,0,0.0,1,0,2,3,1080,185.0,0,5,0.0,1,0.0,Basque Fatherland and Freedom (ETA)
81166,0,182,11,71,408,2.973305,45.535603,1.0,0,0.0,1,0,2,4,577,182.0,0,5,7.0,-9,0.0,Al-Shabaab
43035,0,4,6,514,24,32.603077,64.890852,4.0,0,0.0,1,0,2,3,4451,4.0,0,5,3.0,1,0.0,Taliban
57072,0,95,10,38,1689,35.323789,43.772096,3.0,0,1.0,1,0,3,3,2297,95.0,0,6,0.0,1,0.0,Islamic State of Iraq and the Levant (ISIL)
41241,0,45,3,372,3178,5.499147,-75.183126,1.0,0,0.0,1,0,2,14,3906,45.0,0,5,8.0,0,0.0,Revolutionary Armed Forces of Colombia (FARC)
51392,0,95,10,36,272,34.621521,43.668377,1.0,0,1.0,1,0,3,8,521,95.0,0,6,0.0,1,0.0,Al-Qaida in Iraq
17265,0,159,3,277,2118,-11.967368,-76.978462,1.0,0,1.0,1,0,3,19,56,159.0,0,6,0.0,1,0.0,Tupac Amaru Revolutionary Movement (MRTA)
10112,0,69,8,17,131,48.856644,2.34233,1.0,0,0.0,1,0,3,19,1651,69.0,0,6,0.0,1,0.0,Corsican National Liberation Front (FLNC)
15007,0,61,2,162,1200,13.841389,-89.745556,1.0,0,0.0,1,0,3,14,1808,61.0,0,6,0.0,1,0.0,Farabundo Marti National Liberation Front (FMLN)
74034,0,228,10,60,350,13.586484,44.024105,1.0,0,1.0,1,0,3,4,48,228.0,0,6,0.0,-9,0.0,Houthi extremists (Ansar Allah)
15384,0,43,3,272,2110,-36.816006,-73.037659,1.0,0,1.0,1,0,3,1,2696,43.0,0,6,0.0,1,0.0,Manuel Rodriguez Patriotic Front (FPMR)
13852,0,61,2,158,24,13.447063,-88.556531,4.0,0,1.0,1,0,3,21,1774,61.0,0,6,0.0,1,0.0,Farabundo Marti National Liberation Front (FMLN)
66316,0,147,11,166,1356,6.783539,9.069549,3.0,0,0.0,1,0,2,3,85,147.0,0,5,2.0,0,0.0,Fulani extremists
10803,0,183,11,19,136,-26.184113,28.033232,1.0,1,0.0,1,0,3,21,268,183.0,0,6,0.0,1,0.0,African National Congress (South Africa)
8240,0,45,3,368,2508,6.46052,-71.72989,1.0,0,0.0,1,0,2,4,1762,45.0,0,5,3.0,1,0.0,National Liberation Army of Colombia (ELN)
73665,0,228,10,51,357,15.45639,45.324871,1.0,0,0.0,1,0,3,1,542,228.0,0,6,3.0,1,0.0,Houthi extremists (Ansar Allah)
44415,0,160,5,1,24,6.05519,121.001323,4.0,0,0.0,1,0,3,2,148,160.0,0,6,0.0,1,0.0,Abu Sayyaf Group (ASG)
22719,0,209,10,222,1807,37.527015,43.008353,1.0,0,0.0,1,0,2,14,2356,209.0,0,5,6.0,1,0.0,Kurdistan Workers' Party (PKK)
77213,0,228,10,60,1532,12.741025,43.505749,3.0,0,0.0,1,0,3,11,2011,212.0,0,6,0.0,1,0.0,Houthi extremists (Ansar Allah)
78094,0,92,6,282,2185,17.742874,81.396271,1.0,0,0.0,0,0,3,20,6,92.0,0,6,0.0,0,0.0,Maoists
55213,0,182,11,66,472,1.781386,44.719677,3.0,0,0.0,1,0,3,4,162,422.0,0,6,1.0,1,0.0,Al-Shabaab
16055,0,159,3,277,2118,-11.967368,-76.978462,1.0,0,0.0,1,0,3,2,4790,159.0,0,6,0.0,1,0.0,Tupac Amaru Revolutionary Movement (MRTA)
17046,0,183,11,19,139,-25.988884,28.173653,1.0,0,1.0,1,0,2,19,269,183.0,0,8,0.0,1,0.0,African National Congress (South Africa)
72779,0,147,11,166,1403,7.90855,7.855358,2.0,0,1.0,1,0,2,14,27,147.0,0,5,1.0,0,0.0,Fulani extremists
75188,0,92,6,126,816,24.343467,84.264952,1.0,0,0.0,1,0,2,16,1336,92.0,0,5,0.0,1,0.0,Communist Party of India - Maoist (CPI-Maoist)
70222,0,200,10,200,2356,36.201721,37.14352,1.0,0,0.0,1,0,3,14,925,200.0,0,6,14.0,-9,0.0,Muslim extremists
28184,1,155,10,325,3048,31.346964,34.30143,1.0,0,0.0,1,0,6,14,3678,155.0,0,12,1.0,0,1.0,Palestinians
15096,0,159,3,277,2118,-11.967368,-76.978462,1.0,0,0.0,1,0,3,1,4782,159.0,0,6,0.0,1,0.0,Tupac Amaru Revolutionary Movement (MRTA)
12531,0,159,3,477,3284,-13.152712,-74.218628,1.0,0,1.0,1,0,3,14,4161,159.0,0,6,1.0,1,0.0,Shining Path (SL)
53668,0,95,10,37,254,36.354145,43.14357,1.0,0,0.0,0,0,3,15,508,95.0,0,6,0.0,0,0.0,Al-Qaida in Iraq
15092,0,159,3,277,2118,-11.967368,-76.978462,1.0,0,0.0,1,0,3,1,4820,217.0,0,6,0.0,1,0.0,Tupac Amaru Revolutionary Movement (MRTA)
52696,0,95,10,38,250,35.45211,44.375465,1.0,0,1.0,1,0,3,2,588,95.0,0,6,0.0,0,0.0,Al-Qaida in Iraq
83212,0,209,10,222,1900,37.305543,42.498322,3.0,0,0.0,1,0,2,4,559,209.0,0,6,0.0,1,0.0,Kurdistan Workers' Party (PKK)
16528,0,110,10,457,3040,33.888523,35.503513,1.0,0,0.0,1,0,2,7,3772,422.0,0,6,5.0,1,0.0,Palestinians
81352,0,147,11,108,616,11.840929,13.141459,1.0,0,1.0,1,1,3,17,172,147.0,0,6,6.0,1,0.0,Boko Haram
28732,0,92,6,337,3405,30.898024,75.860077,1.0,1,1.0,1,0,7,1,1088,92.0,0,8,0.0,1,0.0,Sikh Extremists
55040,0,228,10,52,24,13.634341,46.056321,4.0,0,0.0,1,0,3,4,167,228.0,0,6,0.0,1,0.0,Al-Qaida in the Arabian Peninsula (AQAP)
15431,0,159,3,277,2118,-11.967368,-76.978462,1.0,0,0.0,1,0,3,1,4788,217.0,0,6,1.0,1,0.0,Tupac Amaru Revolutionary Movement (MRTA)
19482,0,61,2,149,1150,13.69288,-89.199161,1.0,0,1.0,1,0,3,21,1813,61.0,0,6,0.0,1,0.0,Farabundo Marti National Liberation Front (FMLN)
44730,0,185,8,94,24,42.695391,-1.676069,4.0,0,0.0,1,0,3,16,977,185.0,0,6,0.0,1,0.0,Basque Fatherland and Freedom (ETA)
53228,0,95,10,32,246,33.31065,44.038208,1.0,0,1.0,1,0,2,4,20,95.0,0,5,5.0,0,0.0,Al-Qaida in Iraq
938,0,603,8,190,24,54.787715,-6.492314,4.0,0,0.0,1,0,1,4,2156,233.0,0,5,1.0,0,0.0,Irish Republican Army (IRA)
52241,0,95,10,33,247,33.303566,44.371773,1.0,0,0.0,1,0,3,14,491,95.0,0,6,6.0,0,0.0,Muslim extremists
70115,0,4,6,524,3622,33.373471,68.457719,1.0,0,0.0,1,0,2,4,48,4.0,0,5,6.0,1,0.0,Taliban
30217,0,159,3,485,3307,-5.8225,-79.512222,2.0,0,0.0,1,0,2,21,4098,159.0,0,5,0.0,1,0.0,Shining Path (SL)
71812,0,160,5,1,65,6.04343,120.994263,1.0,0,0.0,0,0,3,4,120,160.0,0,6,0.0,0,0.0,Abu Sayyaf Group (ASG)
14298,0,43,3,271,2106,-33.366238,-70.505302,1.0,0,0.0,1,0,3,1,2785,217.0,0,6,0.0,1,0.0,Manuel Rodriguez Patriotic Front (FPMR)
7997,0,603,8,190,1652,54.755402,-6.606029,1.0,0,0.0,1,0,1,3,2161,233.0,0,5,1.0,0,0.0,Irish Republican Army (IRA)
33065,0,603,8,190,1603,54.607712,-5.95621,1.0,0,0.0,1,0,1,4,2200,216.0,0,5,1.0,0,0.0,Irish Republican Army (IRA)
18271,0,186,6,264,2068,7.641944,80.083056,2.0,0,0.0,1,0,2,14,2597,186.0,0,5,9.0,1,0.0,Liberation Tigers of Tamil Eelam (LTTE)
65922,0,228,10,48,309,12.825647,44.846416,1.0,0,0.0,1,0,1,4,704,228.0,0,5,1.0,-9,0.0,Al-Qaida in the Arabian Peninsula (AQAP)
28049,0,69,8,135,1014,41.591369,9.278311,1.0,0,0.0,1,0,3,2,560,69.0,0,6,0.0,1,0.0,Corsican National Liberation Front (FLNC)
55769,0,4,6,523,24,36.734772,70.811995,4.0,0,0.0,1,0,3,4,48,4.0,0,6,1.0,0,0.0,Taliban
18780,0,61,2,150,1240,14.179294,-89.04989,1.0,0,0.0,0,0,3,14,1859,61.0,0,5,0.0,1,0.0,Farabundo Marti National Liberation Front (FMLN)
31305,0,159,3,277,2118,-11.967368,-76.978462,1.0,0,0.0,1,0,1,12,4048,159.0,0,5,1.0,0,0.0,Shining Path (SL)
71954,0,147,11,108,719,11.831098,13.150967,2.0,0,1.0,1,0,2,14,854,147.0,0,5,1.0,1,0.0,Boko Haram
24473,0,155,10,325,3048,31.346964,34.30143,1.0,0,0.0,1,0,1,14,3712,155.0,0,5,1.0,0,0.0,Palestinians
52935,0,92,6,130,932,21.3333,83.6167,2.0,0,0.0,1,0,2,3,1466,92.0,0,5,1.0,0,0.0,Communist Party of India - Maoist (CPI-Maoist)
54005,0,92,6,127,836,18.8,80.8167,1.0,0,0.0,1,0,1,17,2893,92.0,0,5,2.0,1,0.0,Maoists
21523,0,61,2,151,1183,13.5,-88.35,1.0,0,0.0,1,0,2,4,1762,61.0,0,5,0.0,1,0.0,Farabundo Marti National Liberation Front (FMLN)
82153,0,4,6,509,3642,32.131993,61.2802,3.0,0,0.0,1,0,3,3,85,4.0,0,6,3.0,0,0.0,Taliban
26710,0,45,3,366,24,6.643708,-73.653621,4.0,1,1.0,1,0,3,21,3857,45.0,0,6,0.0,1,0.0,Revolutionary Armed Forces of Colombia (FARC)
48979,1,4,6,515,3663,34.355833,69.555,1.0,0,0.0,1,0,2,1,4515,4.0,0,5,0.0,0,1.0,Taliban
50754,0,92,6,130,2275,19.764927,83.882024,1.0,1,0.0,1,0,3,14,13,92.0,0,6,0.0,0,0.0,Maoists
2880,0,69,8,140,1013,41.930607,8.742907,1.0,0,0.0,1,0,5,6,1594,69.0,0,5,0.0,1,1.0,Corsican National Liberation Front (FLNC)
17897,0,185,8,96,538,43.507604,-5.604447,1.0,0,0.0,1,0,3,3,943,185.0,0,6,0.0,1,0.0,Basque Fatherland and Freedom (ETA)
11027,0,183,11,18,178,-29.658879,30.855026,1.0,0,0.0,0,0,1,2,329,183.0,0,6,1.0,0,0.0,African National Congress (South Africa)
52327,0,95,10,33,247,33.303566,44.371773,1.0,0,1.0,1,0,3,14,491,95.0,0,6,14.0,0,0.0,Al-Qaida in Iraq
75177,0,182,11,68,404,2.059819,45.326115,1.0,0,0.0,1,0,1,4,840,182.0,0,5,1.0,0,0.0,Al-Shabaab
51565,0,147,11,112,618,10.516667,7.433333,1.0,0,1.0,1,1,3,15,1211,147.0,0,6,42.0,1,0.0,Boko Haram
33369,0,603,8,190,1603,54.607712,-5.95621,1.0,0,0.0,0,0,3,1,2149,216.0,0,6,0.0,1,0.0,Irish Republican Army (IRA)
78750,0,33,11,315,2413,14.280062,-1.687357,2.0,0,0.0,0,0,2,8,51,33.0,0,5,0.0,0,0.0,Muslim extremists
19794,0,185,8,86,536,43.272167,-2.832167,1.0,0,0.0,1,0,7,19,989,185.0,0,8,0.0,1,0.0,Basque Fatherland and Freedom (ETA)
40223,0,160,5,1,26,5.9735,120.9698,1.0,0,0.0,1,0,2,2,33,160.0,0,5,1.0,0,0.0,Abu Sayyaf Group (ASG)
65415,0,214,9,145,1091,48.434017,38.221252,1.0,0,0.0,1,0,3,1,542,214.0,0,6,1.0,1,0.0,Donetsk People's Republic
34193,0,186,6,215,2080,9.798238,80.089809,1.0,0,0.0,1,0,3,4,2621,186.0,0,6,4.0,1,0.0,Liberation Tigers of Tamil Eelam (LTTE)
26946,0,92,6,337,3405,30.898024,75.860077,1.0,1,0.0,0,0,1,2,4273,92.0,0,6,0.0,0,0.0,Sikh Extremists
47457,0,153,6,427,3810,34.110325,71.163803,1.0,0,0.0,1,0,3,8,4654,153.0,0,6,0.0,1,0.0,Tehrik-i-Taliban Pakistan (TTP)
57436,1,121,5,14,91,4.595695,118.865146,1.0,0,0.0,1,0,6,1,184,121.0,0,5,1.0,1,1.0,Abu Sayyaf Group (ASG)
52214,0,228,10,52,316,13.219398,45.307838,1.0,1,0.0,1,0,2,4,93,228.0,0,5,11.0,0,0.0,Al-Qaida in the Arabian Peninsula (AQAP)
22454,0,155,10,456,3039,32.222271,35.253506,1.0,0,0.0,1,0,1,14,3775,155.0,0,9,1.0,0,0.0,Palestinians
80848,1,45,3,359,2517,7.137932,-72.664123,1.0,0,0.0,1,0,6,1,3174,45.0,0,5,0.0,0,1.0,National Liberation Army of Colombia (ELN)
17880,0,43,3,271,2106,-33.366238,-70.505302,1.0,0,1.0,1,0,3,21,2768,43.0,0,6,0.0,1,0.0,Manuel Rodriguez Patriotic Front (FPMR)
67157,0,214,9,145,1069,47.098835,37.81987,1.0,1,0.0,1,0,3,13,1725,214.0,0,6,1.0,1,0.0,Donetsk People's Republic
42210,0,4,6,514,24,31.363647,63.958611,4.0,0,0.0,1,0,2,2,4489,4.0,0,5,2.0,0,0.0,Taliban
20101,0,183,11,19,136,-26.184113,28.033232,1.0,0,0.0,1,0,3,4,277,183.0,0,6,0.0,1,0.0,African National Congress (South Africa)
23788,0,61,2,149,1150,13.716943,-89.229126,1.0,0,0.0,1,0,2,4,562,61.0,0,5,0.0,1,0.0,Farabundo Marti National Liberation Front (FMLN)
37456,0,160,5,0,8,6.556828,121.883449,1.0,0,0.0,1,0,3,15,145,160.0,0,6,0.0,0,0.0,Abu Sayyaf Group (ASG)
5105,0,69,8,140,1013,41.930607,8.742907,1.0,0,0.0,1,0,3,1,1088,69.0,0,6,0.0,1,0.0,Corsican National Liberation Front (FLNC)
81762,0,95,10,32,1729,33.489536,43.22139,1.0,0,0.0,1,0,3,14,608,95.0,0,6,2.0,-9,0.0,Islamic State of Iraq and the Levant (ISIL)
81354,0,147,11,108,616,11.840929,13.141459,1.0,0,1.0,1,1,3,14,1255,147.0,0,6,6.0,1,0.0,Boko Haram
82715,0,92,6,127,2257,18.733745,81.000599,1.0,0,1.0,1,0,3,3,85,92.0,0,6,0.0,-9,0.0,Maoists
67735,1,4,6,528,24,34.351349,68.238534,4.0,0,0.0,1,0,6,8,4479,4.0,0,5,1.0,0,1.0,Taliban
81440,0,14,12,210,1730,-33.934491,151.179691,1.0,0,0.0,0,1,3,6,2305,14.0,0,6,0.0,0,0.0,Islamic State of Iraq and the Levant (ISIL)
32351,0,209,10,232,1823,37.922218,40.184376,1.0,0,0.0,1,0,3,2,2369,209.0,0,6,1.0,1,0.0,Kurdistan Workers' Party (PKK)
25458,0,45,3,370,3187,5.21389,-72.86952,1.0,0,0.0,1,0,5,14,3915,45.0,0,5,0.0,1,0.0,Revolutionary Armed Forces of Colombia (FARC)
62755,0,4,6,520,3554,34.920175,70.764424,3.0,0,1.0,1,0,2,4,4445,4.0,0,5,9.0,1,0.0,Taliban
10450,0,183,11,19,165,-26.160098,27.872807,1.0,0,0.0,1,0,3,2,375,183.0,0,6,1.0,1,0.0,African National Congress (South Africa)
72731,0,45,3,368,2506,7.081767,-70.753639,1.0,0,0.0,1,0,3,4,3195,45.0,0,6,0.0,1,0.0,National Liberation Army of Colombia (ELN)
41487,0,186,6,215,1981,7.716666,81.700188,3.0,0,0.0,1,0,3,15,2519,186.0,0,6,0.0,-9,0.0,Liberation Tigers of Tamil Eelam (LTTE)
55545,0,182,11,65,401,3.115641,43.64658,1.0,0,0.0,1,0,3,4,559,65.0,0,6,1.0,-9,0.0,Al-Shabaab
78545,0,228,10,60,350,13.586484,44.024105,1.0,0,1.0,1,0,3,14,925,228.0,0,6,3.0,1,0.0,Houthi extremists (Ansar Allah)
76110,0,160,5,0,0,6.448534,121.968092,3.0,0,0.0,1,0,2,4,48,160.0,0,5,1.0,0,0.0,Abu Sayyaf Group (ASG)
61112,0,113,10,306,2377,32.808412,13.150967,1.0,0,0.0,1,0,2,1,3076,113.0,0,8,0.0,1,0.0,Muslim extremists
8187,0,603,8,190,1606,54.077313,-6.608787,1.0,0,0.0,1,0,3,20,6,233.0,0,6,0.0,1,0.0,Irish Republican Army (IRA)
70264,0,160,5,1,2,6.067119,121.100362,1.0,0,0.0,1,0,3,20,6,160.0,0,6,1.0,0,0.0,Abu Sayyaf Group (ASG)
26412,0,45,3,376,3233,2.95485,-76.26825,3.0,0,0.0,1,0,3,3,3972,45.0,0,6,15.0,1,0.0,Revolutionary Armed Forces of Colombia (FARC)
29832,0,209,10,233,1824,37.755081,39.317331,1.0,0,1.0,1,0,2,3,1106,209.0,0,5,2.0,1,0.0,Kurdistan Workers' Party (PKK)
68237,0,4,6,514,3558,32.351956,64.779266,3.0,0,0.0,1,0,2,3,20,4.0,0,5,27.0,1,0.0,Taliban
17264,0,159,3,277,2118,-11.967368,-76.978462,1.0,0,1.0,1,0,3,19,56,159.0,0,6,0.0,1,0.0,Tupac Amaru Revolutionary Movement (MRTA)
80860,0,214,9,145,1071,48.143208,37.753361,1.0,0,0.0,1,0,3,14,1730,214.0,0,6,0.0,-9,0.0,Donetsk People's Republic
9617,0,603,8,190,1649,54.103436,-6.193593,1.0,0,0.0,1,0,2,3,2159,233.0,0,5,2.0,1,0.0,Irish Republican Army (IRA)
81767,0,123,11,168,1280,15.329201,-0.001457,2.0,0,0.0,1,0,6,14,27,123.0,0,5,4.0,0,1.0,Fulani extremists
64486,0,95,10,32,248,34.160587,42.37254,1.0,0,1.0,1,1,3,3,20,95.0,0,6,7.0,-9,0.0,Islamic State of Iraq and the Levant (ISIL)
18994,0,61,2,149,1182,13.808917,-89.228637,1.0,0,1.0,1,0,3,21,1107,61.0,0,6,0.0,1,0.0,Farabundo Marti National Liberation Front (FMLN)
9561,0,61,2,149,1150,13.69288,-89.199161,1.0,0,0.0,1,0,3,1,1845,61.0,0,6,0.0,1,0.0,Farabundo Marti National Liberation Front (FMLN)
21384,0,43,3,271,2106,-33.366238,-70.505302,1.0,0,0.0,1,0,3,3,2685,43.0,0,6,0.0,1,0.0,Manuel Rodriguez Patriotic Front (FPMR)
54069,0,153,6,352,3734,34.007206,71.983078,1.0,0,0.0,1,0,3,4,4565,153.0,0,6,0.0,-9,0.0,Tehrik-i-Taliban Pakistan (TTP)
30393,0,209,10,236,1833,37.69458,37.861114,1.0,0,0.0,1,0,2,4,562,209.0,0,5,3.0,1,0.0,Kurdistan Workers' Party (PKK)
64311,0,104,11,78,418,0.731673,39.172842,1.0,0,0.0,1,0,6,14,811,104.0,0,5,15.0,0,1.0,Al-Shabaab
72913,0,160,5,387,2643,9.826864,122.642296,1.0,0,0.0,1,0,2,3,732,160.0,0,5,2.0,0,0.0,New People's Army (NPA)
32517,0,603,8,190,1603,54.607712,-5.95621,1.0,0,0.0,0,0,7,1,2073,216.0,0,8,0.0,1,0.0,Irish Republican Army (IRA)
27329,0,61,2,147,24,13.864829,-88.7494,4.0,0,1.0,1,0,3,21,1761,61.0,0,6,0.0,1,0.0,Farabundo Marti National Liberation Front (FMLN)
31887,0,92,6,337,3486,31.749167,75.471389,1.0,0,0.0,1,0,1,14,4355,92.0,0,5,7.0,0,0.0,Sikh Extremists
55875,0,182,11,70,407,-0.357847,42.54665,1.0,0,0.0,1,0,3,4,577,182.0,0,6,1.0,-9,0.0,Al-Shabaab
7089,0,185,8,86,515,43.291618,-1.977903,1.0,0,0.0,1,0,1,1,1035,185.0,0,5,1.0,0,0.0,Basque Fatherland and Freedom (ETA)
1076,0,603,8,190,1603,54.607712,-5.95621,1.0,0,0.0,1,0,2,4,2128,216.0,0,5,1.0,0,0.0,Irish Republican Army (IRA)
69462,0,228,10,63,1575,14.795998,44.291952,1.0,0,0.0,1,0,2,14,814,228.0,0,5,1.0,0,0.0,Houthi extremists (Ansar Allah)
52627,0,4,6,510,3641,32.88216,66.127197,1.0,0,1.0,1,0,2,3,20,4.0,0,5,0.0,1,0.0,Taliban
83200,0,228,10,50,323,15.840202,48.45438,1.0,0,0.0,1,0,1,2,685,228.0,0,5,1.0,0,0.0,Al-Qaida in the Arabian Peninsula (AQAP)
48503,1,153,6,352,3798,35.838527,71.781052,1.0,1,0.0,1,0,6,14,4641,153.0,0,9,3.0,0,1.0,Tehrik-i-Taliban Pakistan (TTP)
68876,1,92,6,130,2226,19.575505,84.640013,1.0,0,1.0,1,0,6,14,13,92.0,0,5,0.0,0,1.0,Maoists
27791,0,159,3,277,2118,-11.967368,-76.978462,1.0,0,0.0,1,0,3,3,4793,159.0,0,5,2.0,1,0.0,Tupac Amaru Revolutionary Movement (MRTA)
55513,0,45,3,367,3153,2.998611,-75.304444,1.0,0,0.0,1,0,3,3,12,45.0,0,6,0.0,1,0.0,Revolutionary Armed Forces of Colombia (FARC)
3233,0,603,8,190,1603,54.607712,-5.95621,1.0,0,0.0,1,0,1,14,2048,233.0,0,5,1.0,0,0.0,Irish Republican Army (IRA)
12698,0,145,2,446,2952,12.90875,-85.951531,1.0,0,0.0,1,0,2,4,1762,145.0,0,5,12.0,1,0.0,Nicaraguan Democratic Force (FDN)
6517,0,183,11,19,136,-26.184113,28.033232,1.0,0,0.0,1,0,3,1,349,183.0,0,6,1.0,1,0.0,African National Congress (South Africa)
73710,0,92,6,127,2238,19.59336,81.663485,2.0,0,1.0,1,0,6,14,566,92.0,0,9,1.0,0,1.0,Maoists
32473,0,69,8,141,1033,44.517611,3.501873,1.0,0,0.0,1,0,3,2,1596,69.0,0,6,0.0,1,0.0,Corsican National Liberation Front (FLNC)
21332,0,43,3,271,2106,-33.366238,-70.505302,1.0,0,0.0,1,0,1,3,2724,43.0,0,5,2.0,0,0.0,Manuel Rodriguez Patriotic Front (FPMR)
75328,0,228,10,51,357,15.45639,45.324871,1.0,0,1.0,1,0,3,14,854,228.0,0,6,0.0,1,0.0,Houthi extremists (Ansar Allah)
44460,1,95,10,34,278,33.848618,44.522125,1.0,0,0.0,1,0,2,14,568,95.0,0,5,0.0,1,1.0,Al-Qaida in Iraq
1860,0,603,8,49,1609,51.504387,-0.140041,1.0,0,0.0,1,0,3,14,2125,216.0,0,6,0.0,1,0.0,Irish Republican Army (IRA)
26267,0,92,6,337,3408,32.040763,75.401886,3.0,0,0.0,1,0,1,3,4340,92.0,0,5,0.0,1,0.0,Sikh Extremists
64073,0,214,9,145,1068,47.981647,37.762325,1.0,0,0.0,1,0,3,4,1700,214.0,0,6,1.0,-9,0.0,Donetsk People's Republic
40928,0,92,6,291,2435,34.314996,74.345544,1.0,0,0.0,1,0,2,4,3088,92.0,0,5,1.0,0,0.0,Muslim extremists
69945,0,209,10,232,1836,37.912504,40.2391,3.0,0,0.0,1,0,3,3,559,209.0,0,6,2.0,1,0.0,Kurdistan Workers' Party (PKK)
39402,0,45,3,362,2498,6.242026,-75.564766,1.0,0,1.0,1,0,3,1,3234,45.0,0,6,0.0,1,0.0,National Liberation Army of Colombia (ELN)
75803,0,173,10,215,1765,26.573522,50.038563,1.0,0,0.0,0,1,3,1,512,173.0,0,6,0.0,0,0.0,Islamic State of Iraq and the Levant (ISIL)
51574,0,147,11,108,723,12.041981,13.917299,1.0,0,1.0,1,0,2,15,1211,147.0,0,5,2.0,1,0.0,Boko Haram
68439,0,160,5,0,5,6.660501,122.138992,1.0,0,0.0,1,0,3,1,181,160.0,0,6,0.0,1,0.0,Abu Sayyaf Group (ASG)
60765,0,228,10,51,24,15.46591,45.293941,4.0,0,1.0,1,0,3,21,638,228.0,0,6,0.0,1,0.0,Al-Qaida in the Arabian Peninsula (AQAP)
47090,0,45,3,359,2549,8.642183,-72.734823,1.0,0,0.0,1,0,3,2,3928,45.0,0,6,2.0,1,0.0,Revolutionary Armed Forces of Colombia (FARC)
41860,0,69,8,135,1013,41.930607,8.742907,1.0,0,0.0,1,0,3,1,1583,69.0,0,6,0.0,1,0.0,Corsican National Liberation Front (FLNC)
13057,0,145,2,436,2938,13.130707,-85.971684,3.0,1,0.0,1,0,7,1,3579,145.0,0,5,12.0,1,0.0,Nicaraguan Democratic Force (FDN)
55972,0,160,5,1,2,6.066667,121.1,1.0,0,0.0,1,0,3,4,83,160.0,0,6,0.0,1,0.0,Abu Sayyaf Group (ASG)
81130,0,37,11,117,670,10.911592,14.4209,1.0,0,0.0,1,0,2,4,48,37.0,0,5,1.0,1,0.0,Boko Haram
75015,0,92,6,125,896,24.750417,84.500395,1.0,0,0.0,1,0,3,3,1426,92.0,0,6,1.0,-9,0.0,Communist Party of India - Maoist (CPI-Maoist)
15666,0,38,1,497,3448,49.25,-123.133333,1.0,0,0.0,0,0,1,2,4291,92.0,0,5,0.0,0,0.0,Sikh Extremists
48420,0,228,10,48,351,12.838674,44.868883,4.0,0,0.0,1,1,3,4,707,228.0,0,6,1.0,1,0.0,Al-Qaida in the Arabian Peninsula (AQAP)
13764,0,69,8,135,24,41.919593,8.737687,4.0,0,1.0,1,0,3,1,1555,69.0,0,6,0.0,1,0.0,Corsican National Liberation Front (FLNC)
14647,0,183,11,19,146,-25.718321,28.408798,1.0,0,0.0,1,0,3,3,275,183.0,0,6,0.0,1,0.0,African National Congress (South Africa)
24327,0,92,6,283,24,22.258652,71.192381,4.0,0,0.0,1,0,6,2,2882,92.0,0,5,0.0,0,1.0,Maoists
50093,0,92,6,127,849,21.251384,81.629641,3.0,0,0.0,1,0,2,3,1371,92.0,0,5,0.0,-9,0.0,Communist Party of India - Maoist (CPI-Maoist)
19954,0,159,3,277,2118,-11.967368,-76.978462,1.0,0,0.0,1,0,3,2,4825,159.0,0,6,0.0,1,0.0,Tupac Amaru Revolutionary Movement (MRTA)
18018,0,603,8,190,1603,54.607712,-5.95621,1.0,0,0.0,1,0,1,14,2070,233.0,0,5,1.0,0,0.0,Irish Republican Army (IRA)
34739,0,186,6,264,2006,7.368333,80.0325,1.0,0,1.0,1,0,2,14,2518,186.0,0,5,31.0,1,0.0,Liberation Tigers of Tamil Eelam (LTTE)
15653,0,159,3,475,3322,-12.068306,-75.210163,3.0,0,0.0,1,0,3,1,4769,159.0,0,6,0.0,1,0.0,Tupac Amaru Revolutionary Movement (MRTA)
62739,0,228,10,50,318,14.54397,49.12458,1.0,0,0.0,1,0,2,3,92,228.0,0,5,1.0,0,0.0,Al-Qaida in the Arabian Peninsula (AQAP)
25335,0,185,8,86,24,43.003305,-2.612578,4.0,1,1.0,1,0,3,1,974,185.0,0,6,0.0,1,0.0,Basque Fatherland and Freedom (ETA)
20383,0,183,11,25,156,-33.951,18.554,1.0,0,0.0,1,0,3,2,333,183.0,0,6,0.0,1,0.0,African National Congress (South Africa)
31241,0,209,10,238,1913,37.874722,41.915278,1.0,0,0.0,1,0,2,4,172,209.0,0,5,2.0,1,0.0,Kurdistan Workers' Party (PKK)
16048,0,43,3,271,2106,-33.366238,-70.505302,1.0,0,0.0,1,0,3,4,2805,43.0,0,6,1.0,1,0.0,Manuel Rodriguez Patriotic Front (FPMR)
16212,0,145,2,447,2922,14.40704,-83.87698,1.0,0,0.0,1,0,2,4,1793,145.0,0,5,1.0,1,0.0,Nicaraguan Democratic Force (FDN)
79338,0,228,10,60,1555,13.323393,43.21091,1.0,1,0.0,1,0,3,4,2000,228.0,0,6,2.0,1,0.0,Houthi extremists (Ansar Allah)
74817,0,153,6,427,3748,34.565494,71.477429,2.0,0,1.0,1,0,6,4,4581,153.0,0,5,1.0,0,1.0,Tehrik-i-Taliban Pakistan (TTP)
72860,0,147,11,113,724,10.888939,13.629118,2.0,0,0.0,1,0,2,14,27,147.0,0,5,6.0,1,0.0,Boko Haram
83537,0,92,6,125,2287,24.442418,84.398754,1.0,0,0.0,1,0,7,1,2964,92.0,0,8,0.0,1,0.0,Maoists
13250,0,145,2,444,1220,11.984997,-86.384759,1.0,1,0.0,1,0,3,21,3553,145.0,0,6,0.0,1,0.0,Nicaraguan Democratic Force (FDN)
18841,0,43,3,272,2119,-37.029655,-73.144447,1.0,0,0.0,0,0,3,2,2806,43.0,0,6,0.0,1,0.0,Manuel Rodriguez Patriotic Front (FPMR)
28838,0,45,3,362,3145,7.198606,-75.341218,4.0,1,0.0,1,0,2,4,3865,45.0,0,5,3.0,1,0.0,Revolutionary Armed Forces of Colombia (FARC)
26675,0,159,3,277,2118,-11.967368,-76.978462,1.0,0,0.0,1,0,2,1,4851,159.0,0,5,0.0,1,0.0,Tupac Amaru Revolutionary Movement (MRTA)
31952,0,69,8,135,24,41.918891,8.737554,4.0,0,1.0,1,0,3,2,560,69.0,0,6,0.0,1,0.0,Corsican National Liberation Front (FLNC)
58903,0,147,11,166,1366,7.166667,9.283333,1.0,0,1.0,1,0,2,14,27,147.0,0,8,3.0,1,0.0,Fulani extremists
9789,0,61,2,149,1224,13.75,-89.16667,1.0,0,0.0,1,0,2,4,1839,61.0,0,5,20.0,1,0.0,Farabundo Marti National Liberation Front (FMLN)
68436,0,200,10,208,1719,36.503593,40.740627,1.0,0,1.0,1,1,3,4,20,200.0,0,6,2.0,-9,0.0,Islamic State of Iraq and the Levant (ISIL)
71730,0,228,10,60,350,13.586484,44.024105,1.0,0,1.0,1,0,3,14,1730,228.0,0,6,4.0,-9,0.0,Houthi extremists (Ansar Allah)
58125,1,228,10,55,330,14.413989,44.837418,1.0,0,1.0,1,0,6,4,20,228.0,0,5,4.0,1,1.0,Al-Qaida in the Arabian Peninsula (AQAP)
44690,0,186,6,261,1998,8.980118,79.912462,1.0,0,0.0,1,0,3,15,2506,186.0,0,6,0.0,1,0.0,Liberation Tigers of Tamil Eelam (LTTE)
49686,0,92,6,126,779,24.128611,84.185712,3.0,0,0.0,1,0,7,1,1303,92.0,0,8,0.0,1,0.0,Communist Party of India - Maoist (CPI-Maoist)
73760,1,45,3,360,2572,5.31112,-76.415456,1.0,0,0.0,1,0,6,19,1709,45.0,0,8,0.0,1,1.0,National Liberation Army of Colombia (ELN)
11746,0,603,8,190,1607,54.347539,-6.656108,1.0,0,0.0,0,0,3,4,2185,216.0,0,6,0.0,0,0.0,Irish Republican Army (IRA)
48744,0,228,10,52,24,13.683741,46.081752,4.0,0,0.0,1,0,3,3,697,228.0,0,6,0.0,1,0.0,Al-Qaida in the Arabian Peninsula (AQAP)
54303,0,95,10,44,267,32.625335,44.025134,1.0,0,1.0,1,0,3,14,491,999.0,0,6,1.0,1,0.0,Al-Qaida in Iraq
73041,0,147,11,166,1408,7.867093,8.094519,1.0,0,1.0,1,0,2,14,27,147.0,0,5,50.0,1,0.0,Fulani extremists
63883,0,37,11,117,693,11.184167,13.914167,1.0,0,0.0,1,0,2,14,205,37.0,0,5,41.0,-9,0.0,Boko Haram
33437,0,45,3,370,2528,5.17069,-72.546829,1.0,1,0.0,1,0,3,21,3273,69.0,0,6,0.0,1,0.0,National Liberation Army of Colombia (ELN)
73094,0,228,10,47,24,14.141572,44.247902,4.0,0,0.0,1,0,3,20,6,228.0,0,6,0.0,0,0.0,Houthi extremists (Ansar Allah)
17607,0,43,3,271,2106,-33.366238,-70.505302,1.0,0,0.0,1,0,2,3,2687,43.0,0,5,0.0,1,0.0,Manuel Rodriguez Patriotic Front (FPMR)
80617,1,160,5,10,41,7.706753,122.138522,1.0,0,0.0,1,0,6,4,57,160.0,0,5,1.0,0,1.0,Abu Sayyaf Group (ASG)
17344,0,92,6,337,3416,31.638549,75.135566,1.0,0,0.0,1,0,2,3,380,92.0,0,5,3.0,1,0.0,Sikh Extremists
74781,0,147,11,166,1394,7.661906,9.594033,3.0,0,1.0,1,0,2,14,1926,147.0,0,5,15.0,1,0.0,Fulani extremists
67232,0,153,6,352,3756,31.834328,70.90905,1.0,0,0.0,1,0,3,4,162,153.0,0,6,1.0,1,0.0,Tehrik-i-Taliban Pakistan (TTP)
60179,0,228,10,54,374,14.326655,47.447216,1.0,0,1.0,1,0,2,4,172,228.0,0,5,10.0,-9,0.0,Al-Qaida in the Arabian Peninsula (AQAP)
43112,0,4,6,520,3573,34.880556,70.896111,1.0,0,0.0,1,0,2,14,4456,4.0,0,5,5.0,-9,0.0,Taliban
52156,0,228,10,52,375,13.657844,45.8434,1.0,0,1.0,1,1,3,17,347,228.0,0,6,1.0,0,0.0,Al-Qaida in the Arabian Peninsula (AQAP)
59707,0,92,6,126,2245,23.806834,85.824463,1.0,1,0.0,1,0,3,3,852,92.0,0,6,0.0,1,0.0,Maoists
18601,1,43,3,276,2117,-35.431253,-71.657786,2.0,0,0.0,1,0,3,19,2770,43.0,0,6,0.0,1,0.0,Manuel Rodriguez Patriotic Front (FPMR)
55469,1,95,10,32,263,33.420948,43.295662,1.0,0,0.0,1,0,6,3,12,95.0,0,5,10.0,0,1.0,Muslim extremists
74149,0,228,10,60,350,13.586484,44.024105,1.0,0,1.0,1,0,3,14,925,228.0,0,6,0.0,-9,0.0,Houthi extremists (Ansar Allah)
58549,0,147,11,108,706,12.12052,13.174035,4.0,0,1.0,1,0,2,14,27,147.0,0,6,106.0,1,-9.0,Boko Haram
23014,0,155,10,456,3039,32.222271,35.253506,1.0,0,0.0,0,0,7,4,1788,97.0,0,8,1.0,1,0.0,Palestinians
15685,0,92,6,337,3418,31.633078,74.878288,1.0,0,0.0,1,0,2,15,4341,92.0,0,5,2.0,1,0.0,Sikh Extremists
80807,1,147,11,119,1379,5.668971,6.340234,3.0,0,0.0,1,0,6,8,1930,147.0,0,5,0.0,0,1.0,Fulani extremists
11362,0,145,2,444,2940,11.81788,-86.51557,1.0,0,0.0,1,0,3,4,3565,145.0,0,5,1.0,1,0.0,Nicaraguan Democratic Force (FDN)
56976,0,228,10,181,24,17.057623,43.970781,4.0,0,1.0,1,0,2,4,1995,228.0,0,5,1.0,-9,0.0,Houthi extremists (Ansar Allah)
52802,0,209,10,238,1871,37.891282,42.623138,3.0,0,1.0,1,0,2,4,20,209.0,0,5,2.0,0,0.0,Kurdistan Workers' Party (PKK)
15414,0,145,2,436,2986,13.212326,-86.110558,1.0,0,0.0,1,0,2,4,1762,145.0,0,5,1.0,1,0.0,Nicaraguan Democratic Force (FDN)
19695,0,92,6,337,3453,31.534899,75.910571,1.0,0,0.0,1,0,1,10,4300,92.0,0,5,1.0,0,0.0,Sikh Extremists
67058,0,214,9,145,1073,48.064426,37.673248,1.0,0,1.0,1,0,3,4,48,214.0,0,6,0.0,-9,0.0,Donetsk People's Republic
67296,0,153,6,468,3130,24.891115,67.143311,1.0,0,0.0,0,0,1,3,4595,153.0,0,6,5.0,1,0.0,Tehrik-i-Taliban Pakistan (TTP)
15091,0,159,3,277,2118,-11.967368,-76.978462,1.0,0,0.0,1,0,3,1,49,159.0,0,6,0.0,1,0.0,Tupac Amaru Revolutionary Movement (MRTA)
62040,0,228,10,50,315,15.914915,48.650745,1.0,0,0.0,0,0,1,4,640,228.0,0,5,0.0,0,0.0,Al-Qaida in the Arabian Peninsula (AQAP)
15884,0,45,3,363,2492,4.667128,-74.106056,1.0,1,0.0,1,0,3,21,3244,217.0,0,6,0.0,1,0.0,National Liberation Army of Colombia (ELN)
69468,0,209,10,222,1806,37.248644,42.469318,1.0,0,0.0,1,0,2,4,577,209.0,0,6,4.0,-9,0.0,Kurdistan Workers' Party (PKK)
63283,0,228,10,55,321,13.985013,45.558479,1.0,0,1.0,1,0,2,2,710,228.0,0,6,6.0,1,0.0,Al-Qaida in the Arabian Peninsula (AQAP)
83368,0,147,11,113,1437,9.449271,12.065854,1.0,1,0.0,1,0,2,3,85,147.0,0,5,6.0,0,0.0,Fulani extremists
13325,0,159,3,477,3353,-13.755419,-73.78756,1.0,0,1.0,1,0,3,14,4160,159.0,0,6,1.0,1,0.0,Shining Path (SL)
42853,0,160,5,391,2635,12.21814,123.50951,1.0,0,0.0,1,0,2,2,3331,160.0,0,5,0.0,1,1.0,New People's Army (NPA)
22424,0,159,3,478,3349,-10.504167,-76.621944,2.0,0,0.0,1,0,1,2,4155,159.0,0,5,1.0,0,0.0,Shining Path (SL)
22289,0,92,6,494,3410,28.585836,77.153336,1.0,0,0.0,1,0,3,19,2804,92.0,0,6,5.0,1,0.0,Sikh Extremists
59875,0,160,5,1,37,6.077377,121.082137,1.0,0,0.0,1,0,2,4,167,160.0,0,6,27.0,-9,0.0,Abu Sayyaf Group (ASG)
2327,0,185,8,95,535,43.189944,-2.052454,1.0,0,0.0,1,0,3,19,988,185.0,0,6,0.0,1,0.0,Basque Fatherland and Freedom (ETA)
37379,0,92,6,269,2369,13.08268,80.270718,1.0,0,1.0,1,0,3,1,3034,92.0,0,6,0.0,1,0.0,Muslim extremists
47666,0,92,6,132,838,18.286666,82.586806,1.0,0,0.0,1,0,7,16,1359,92.0,0,8,0.0,1,0.0,Communist Party of India - Maoist (CPI-Maoist)
8758,0,183,11,19,155,-26.252697,27.870275,1.0,0,0.0,1,0,3,2,292,183.0,0,6,0.0,1,0.0,African National Congress (South Africa)
11295,0,145,2,437,2913,13.564854,-86.028297,3.0,1,0.0,1,0,2,19,3589,145.0,0,5,1.0,1,0.0,Nicaraguan Democratic Force (FDN)
50615,0,153,6,468,3130,24.891115,67.143311,1.0,0,0.0,1,0,3,3,4680,153.0,0,6,3.0,0,0.0,Tehrik-i-Taliban Pakistan (TTP)
46119,0,182,11,68,404,2.059819,45.326115,1.0,0,0.0,1,0,3,7,861,182.0,0,6,4.0,1,0.0,Al-Shabaab
76936,0,228,10,60,350,13.586484,44.024105,1.0,0,1.0,1,0,3,14,925,228.0,0,6,2.0,1,0.0,Houthi extremists (Ansar Allah)
44820,0,92,6,128,841,23.332078,86.365208,3.0,0,0.0,1,0,2,2,1362,92.0,0,5,1.0,0,0.0,Communist Party of India - Maoist (CPI-Maoist)
62752,0,95,10,36,277,34.92485,43.491413,1.0,0,0.0,1,0,3,1,2291,95.0,0,6,0.0,1,0.0,Islamic State of Iraq and the Levant (ISIL)
21114,0,160,5,5,24,6.750046,125.35626,4.0,0,0.0,1,0,2,4,3355,160.0,0,5,8.0,1,0.0,New People's Army (NPA)
24712,0,43,3,271,2106,-33.366238,-70.505302,1.0,0,0.0,1,0,3,2,2713,43.0,0,6,0.0,1,0.0,Manuel Rodriguez Patriotic Front (FPMR)
21995,0,159,3,480,3299,-13.531688,-71.966924,1.0,0,0.0,1,0,3,2,4185,159.0,0,6,0.0,1,0.0,Shining Path (SL)
54150,0,153,6,468,3130,24.891115,67.143311,1.0,0,0.0,1,0,3,22,4658,153.0,0,6,4.0,1,0.0,Tehrik-i-Taliban Pakistan (TTP)
1477,0,603,8,190,1625,55.011562,-7.312045,1.0,0,0.0,1,0,1,14,2093,233.0,0,5,1.0,0,0.0,Irish Republican Army (IRA)
15788,0,159,3,277,2118,-11.967368,-76.978462,1.0,0,1.0,1,0,3,14,4785,159.0,0,6,0.0,1,0.0,Tupac Amaru Revolutionary Movement (MRTA)
25305,0,159,3,277,3293,-12.517373,-76.73399,1.0,0,0.0,1,0,1,2,4070,159.0,0,5,1.0,0,0.0,Shining Path (SL)
74172,0,228,10,60,350,13.586484,44.024105,1.0,0,1.0,1,0,3,14,1291,228.0,0,6,0.0,-9,0.0,Houthi extremists (Ansar Allah)
17240,0,145,2,438,2856,13.131923,-86.345742,3.0,0,1.0,1,0,3,21,1107,145.0,0,6,0.0,1,0.0,Nicaraguan Democratic Force (FDN)
63794,0,147,11,119,1405,5.787297,6.459671,1.0,0,0.0,1,0,6,14,1933,147.0,0,5,1.0,1,1.0,Fulani extremists
55953,0,60,10,290,2354,31.27591,34.217949,1.0,0,1.0,1,0,3,4,167,60.0,0,6,0.0,0,0.0,Muslim extremists
25946,0,159,3,277,2118,-11.967368,-76.978462,1.0,0,1.0,1,0,2,19,56,159.0,0,8,0.0,1,0.0,Shining Path (SL)
75429,0,95,10,33,247,33.303566,44.371773,1.0,0,0.0,1,1,3,14,2319,95.0,0,6,12.0,1,0.0,Islamic State of Iraq and the Levant (ISIL)
63000,0,147,11,166,1329,7.031136,7.777072,1.0,0,1.0,1,0,6,14,27,147.0,0,9,1.0,1,1.0,Fulani extremists
14813,0,43,3,272,2115,-36.748146,-73.11232,1.0,0,0.0,1,0,3,3,2712,43.0,0,6,1.0,1,0.0,Manuel Rodriguez Patriotic Front (FPMR)
16611,0,145,2,436,96,13.243611,-85.89596,1.0,0,0.0,1,0,2,4,1762,145.0,0,5,1.0,1,0.0,Nicaraguan Democratic Force (FDN)
64769,0,95,10,37,254,36.354145,43.14357,1.0,0,1.0,1,0,3,15,2301,95.0,0,6,0.0,1,0.0,Islamic State of Iraq and the Levant (ISIL)
53734,0,209,10,232,1878,38.457543,40.647071,1.0,0,0.0,1,0,2,4,577,209.0,0,5,3.0,-9,0.0,Kurdistan Workers' Party (PKK)
41885,0,186,6,79,2005,7.775413,81.606247,1.0,1,0.0,1,0,3,22,2514,186.0,0,6,0.0,0,0.0,Liberation Tigers of Tamil Eelam (LTTE)
65470,0,147,11,166,1358,7.560784,9.091568,1.0,0,1.0,1,0,2,14,27,147.0,0,5,2.0,1,0.0,Fulani extremists
16090,0,43,3,271,2106,-33.366238,-70.505302,1.0,0,1.0,1,0,7,1,2721,43.0,0,8,0.0,1,0.0,Manuel Rodriguez Patriotic Front (FPMR)
15689,0,145,2,438,2953,13.087135,-86.355572,4.0,1,0.0,1,0,2,4,1768,145.0,0,5,1.0,1,0.0,Nicaraguan Democratic Force (FDN)
54877,0,153,6,352,3731,34.006004,71.53743,1.0,0,0.0,1,1,3,2,4670,153.0,0,6,6.0,1,0.0,Tehrik-i-Taliban Pakistan (TTP)
76861,0,173,10,184,1520,16.529372,43.013416,1.0,0,0.0,1,0,3,4,1963,173.0,0,6,0.0,1,0.0,Houthi extremists (Ansar Allah)
16948,0,159,3,277,2118,-11.967368,-76.978462,1.0,0,0.0,1,0,3,2,524,159.0,0,6,0.0,1,0.0,Tupac Amaru Revolutionary Movement (MRTA)
4962,0,69,8,136,131,48.856644,2.34233,1.0,0,1.0,1,0,3,1,765,69.0,0,6,1.0,1,0.0,Corsican National Liberation Front (FLNC)
37885,1,160,5,1,54,5.977475,121.115015,1.0,1,0.0,1,0,6,12,94,160.0,0,5,0.0,0,1.0,Abu Sayyaf Group (ASG)
49362,1,45,3,472,3198,4.443287,-69.793424,1.0,1,0.0,1,0,6,1,3930,45.0,0,5,0.0,0,1.0,Revolutionary Armed Forces of Colombia (FARC)
13006,0,145,2,448,2516,12.298125,-86.596842,1.0,0,0.0,1,0,2,14,3573,145.0,0,5,1.0,1,0.0,Nicaraguan Democratic Force (FDN)
61933,0,214,9,145,1068,47.981647,37.762325,1.0,0,0.0,1,0,3,14,1705,214.0,0,6,1.0,1,0.0,Donetsk People's Republic
43820,0,186,6,261,2047,8.785598,80.41596,1.0,1,0.0,1,0,2,4,6,186.0,0,5,62.0,-9,0.0,Liberation Tigers of Tamil Eelam (LTTE)
12912,0,603,8,49,1654,50.819522,-0.13642,1.0,0,0.0,0,0,1,2,2169,216.0,0,6,4.0,0,0.0,Irish Republican Army (IRA)
48038,0,182,11,68,404,2.059819,45.326115,1.0,0,0.0,1,0,2,14,850,182.0,0,5,1.0,0,0.0,Al-Shabaab
32795,0,69,8,135,1013,41.930607,8.742907,1.0,0,0.0,1,0,3,1,587,69.0,0,6,0.0,1,0.0,Corsican National Liberation Front (FLNC)
39184,1,45,3,376,3215,2.61091,-76.37917,3.0,0,0.0,1,0,6,7,3941,75.0,0,5,0.0,0,1.0,Revolutionary Armed Forces of Colombia (FARC)
13665,0,92,6,496,3424,30.733315,76.779418,1.0,0,0.0,0,0,3,15,4262,92.0,0,6,0.0,0,0.0,Sikh Extremists
5299,0,69,8,135,24,41.918891,8.737554,4.0,0,0.0,1,0,3,20,1176,69.0,0,6,0.0,1,0.0,Corsican National Liberation Front (FLNC)
39962,0,45,3,381,3219,4.243193,-75.241121,1.0,0,0.0,1,0,3,1,3950,45.0,0,6,2.0,1,0.0,Revolutionary Armed Forces of Colombia (FARC)
16853,0,159,3,277,2118,-11.967368,-76.978462,1.0,0,1.0,1,0,3,1,4754,159.0,0,6,0.0,1,0.0,Tupac Amaru Revolutionary Movement (MRTA)
10807,0,183,11,19,136,-26.184113,28.033232,1.0,0,0.0,1,0,3,21,299,183.0,0,6,0.0,1,0.0,African National Congress (South Africa)
26708,0,45,3,366,24,6.643708,-73.653621,4.0,1,1.0,1,0,3,21,3857,45.0,0,6,0.0,1,0.0,Revolutionary Armed Forces of Colombia (FARC)
6647,0,183,11,23,148,-26.810437,27.827077,1.0,0,1.0,1,0,3,1,284,183.0,0,6,1.0,1,0.0,African National Congress (South Africa)
15180,0,603,8,190,1640,54.295497,-7.463576,1.0,0,0.0,1,0,1,3,2131,233.0,0,5,2.0,0,0.0,Irish Republican Army (IRA)
58006,0,160,5,413,2722,16.771234,121.098672,1.0,0,0.0,1,0,1,2,3397,160.0,0,5,1.0,0,0.0,New People's Army (NPA)
36373,0,45,3,362,3152,7.883605,-76.631923,1.0,1,1.0,1,0,2,19,56,45.0,0,8,0.0,1,0.0,Revolutionary Armed Forces of Colombia (FARC)
66682,0,92,6,127,2157,20.186773,81.081073,2.0,0,0.0,1,0,6,1,2867,92.0,0,5,0.0,0,1.0,Maoists
63551,0,95,10,37,1773,36.258704,43.281417,1.0,0,0.0,1,0,2,14,205,95.0,0,5,32.0,-9,0.0,Islamic State of Iraq and the Levant (ISIL)
39342,0,45,3,378,2566,3.382969,-76.586423,2.0,0,0.0,1,0,6,14,3243,45.0,0,5,0.0,0,1.0,National Liberation Army of Colombia (ELN)
24965,0,160,5,11,43,14.596051,120.978666,1.0,0,0.0,1,0,3,3,3404,160.0,0,6,0.0,1,0.0,New People's Army (NPA)
78715,0,160,5,412,2690,9.420658,125.620484,2.0,0,1.0,1,0,3,4,48,160.0,0,6,0.0,1,0.0,New People's Army (NPA)
47263,0,92,6,128,884,22.610613,87.254276,2.0,0,1.0,1,0,7,2,1415,92.0,0,8,0.0,1,0.0,Communist Party of India - Maoist (CPI-Maoist)
33157,0,45,3,362,2498,6.242026,-75.564766,1.0,0,1.0,1,0,3,1,3159,45.0,0,6,0.0,1,0.0,National Liberation Army of Colombia (ELN)
23597,0,92,6,494,3411,28.585836,77.153336,1.0,0,0.0,1,0,3,14,4246,92.0,0,6,3.0,1,0.0,Sikh Extremists
13980,0,61,2,159,24,13.447063,-88.556531,4.0,0,1.0,1,0,3,21,1848,61.0,0,6,1.0,1,0.0,Farabundo Marti National Liberation Front (FMLN)
63779,0,147,11,167,1278,8.6,8.85,1.0,0,1.0,1,0,7,14,27,147.0,0,8,1.0,1,0.0,Fulani extremists
30756,0,159,3,277,2118,-11.967368,-76.978462,1.0,0,0.0,1,0,7,1,4171,159.0,0,8,0.0,1,0.0,Shining Path (SL)
64197,0,113,10,297,2365,32.521721,11.916862,1.0,0,0.0,1,0,3,17,3031,113.0,0,6,1.0,-9,0.0,Muslim extremists
53343,0,228,10,53,314,15.325443,44.211895,1.0,0,0.0,1,0,1,2,92,228.0,0,5,1.0,0,0.0,Al-Qaida in the Arabian Peninsula (AQAP)
30349,0,92,6,291,3450,34.526179,74.254614,1.0,1,0.0,1,0,2,3,562,92.0,0,5,1.0,1,0.0,Sikh Extremists
18725,0,186,6,261,1987,8.738157,80.477147,3.0,0,0.0,1,0,2,22,562,186.0,0,5,3.0,1,0.0,Liberation Tigers of Tamil Eelam (LTTE)
58386,0,147,11,118,1381,9.570959,8.697883,2.0,0,0.0,1,0,2,14,27,147.0,0,5,19.0,1,0.0,Fulani extremists
27979,0,45,3,378,3171,3.420628,-76.522119,3.0,0,0.0,1,0,1,2,3892,45.0,0,5,2.0,0,0.0,Revolutionary Armed Forces of Colombia (FARC)
68599,0,45,3,383,24,3.27199,-73.087749,4.0,0,0.0,1,0,3,19,233,45.0,0,6,0.0,1,0.0,Revolutionary Armed Forces of Colombia (FARC)
61985,0,153,6,427,3754,34.856902,71.429936,3.0,0,0.0,1,0,2,4,4653,153.0,0,5,7.0,-9,0.0,Tehrik-i-Taliban Pakistan (TTP)
22080,0,159,3,477,3284,-13.152712,-74.218628,1.0,0,1.0,1,0,3,1,4158,159.0,0,6,0.0,1,0.0,Shining Path (SL)
19313,0,159,3,483,2661,-9.147417,-78.280093,1.0,0,0.0,1,0,2,3,12,159.0,0,5,1.0,1,0.0,Shining Path (SL)
30575,0,209,10,224,1808,38.576708,42.020709,1.0,1,0.0,1,0,1,14,2357,209.0,0,5,4.0,0,0.0,Kurdistan Workers' Party (PKK)
20451,0,61,2,149,1150,13.69288,-89.199161,1.0,0,1.0,1,0,3,21,1855,61.0,0,6,0.0,1,0.0,Farabundo Marti National Liberation Front (FMLN)
42290,0,45,3,469,3216,1.045,-76.274167,2.0,0,0.0,1,0,3,21,3942,45.0,0,6,0.0,1,0.0,Revolutionary Armed Forces of Colombia (FARC)
46675,0,92,6,126,926,23.669296,86.151112,1.0,0,0.0,1,0,3,3,1458,92.0,0,6,11.0,0,0.0,Communist Party of India - Maoist (CPI-Maoist)
27235,0,61,2,149,1150,13.69288,-89.199161,1.0,0,0.0,1,0,3,4,1861,61.0,0,6,0.0,1,0.0,Farabundo Marti National Liberation Front (FMLN)
4081,0,185,8,88,562,43.320664,-3.020252,1.0,0,0.0,1,0,7,1,1047,185.0,0,8,1.0,1,0.0,Basque Fatherland and Freedom (ETA)
15348,0,43,3,271,2106,-33.366238,-70.505302,1.0,0,1.0,1,0,3,1,2701,43.0,0,6,0.0,1,0.0,Manuel Rodriguez Patriotic Front (FPMR)
33018,0,155,10,325,3053,31.308194,34.287996,1.0,1,0.0,1,0,2,4,12,97.0,0,5,0.0,1,0.0,Palestinians
42633,0,69,8,137,1030,43.529742,5.447427,1.0,0,0.0,1,0,3,2,1646,69.0,0,6,1.0,1,0.0,Corsican National Liberation Front (FLNC)
59520,0,92,6,125,896,24.750985,84.374785,1.0,0,1.0,0,0,3,20,6,92.0,0,6,0.0,0,0.0,Maoists
5223,0,69,8,136,131,48.856644,2.34233,1.0,0,0.0,1,0,3,14,1564,69.0,0,6,0.0,1,0.0,Corsican National Liberation Front (FLNC)
4812,0,69,8,135,24,41.918891,8.737554,4.0,0,1.0,1,0,3,1,1088,69.0,0,6,0.0,1,0.0,Corsican National Liberation Front (FLNC)
8188,0,88,2,160,1189,14.060287,-88.695229,1.0,0,0.0,1,0,2,4,1772,88.0,0,5,2.0,1,0.0,Farabundo Marti National Liberation Front (FMLN)
65091,0,214,9,145,1109,47.827862,37.652819,1.0,0,1.0,1,0,3,14,205,214.0,0,6,0.0,-9,0.0,Donetsk People's Republic
18659,0,43,3,271,2106,-33.366238,-70.505302,1.0,0,0.0,1,0,3,21,1761,43.0,0,6,0.0,1,0.0,Manuel Rodriguez Patriotic Front (FPMR)
30872,0,155,10,325,1468,31.502407,34.459743,1.0,1,1.0,1,0,1,14,3707,155.0,0,5,1.0,0,0.0,Palestinians
49598,0,45,3,367,3140,2.650027,-75.649575,1.0,1,0.0,0,0,3,14,3855,45.0,0,6,0.0,0,0.0,Revolutionary Armed Forces of Colombia (FARC)
37755,0,185,8,86,512,42.84964,-2.692359,1.0,0,0.0,0,0,1,2,998,185.0,0,8,0.0,0,0.0,Basque Fatherland and Freedom (ETA)
14824,0,183,11,26,170,-23.00124,29.768678,1.0,0,0.0,1,0,3,14,316,183.0,0,6,0.0,1,0.0,African National Congress (South Africa)
76383,0,209,10,221,1920,39.108025,39.21867,3.0,0,1.0,1,0,3,14,559,209.0,0,6,1.0,1,0.0,Kurdistan Workers' Party (PKK)
40481,0,45,3,363,2492,4.667128,-74.106056,1.0,0,0.0,1,0,3,3,3981,45.0,0,6,0.0,1,0.0,Revolutionary Armed Forces of Colombia (FARC)
59234,0,95,10,36,257,33.540672,44.251266,1.0,0,0.0,1,1,3,4,12,95.0,0,6,5.0,-9,0.0,Muslim extremists
72071,0,160,5,0,13,6.582303,122.179241,1.0,0,0.0,1,0,6,19,97,160.0,0,5,0.0,1,1.0,Abu Sayyaf Group (ASG)
67222,0,214,9,145,1069,47.098835,37.81987,1.0,1,0.0,1,0,2,4,48,214.0,0,6,0.0,-9,0.0,Donetsk People's Republic
66159,0,160,5,1,56,6.052565,121.146487,1.0,1,0.0,1,0,3,4,96,160.0,0,6,3.0,1,0.0,Abu Sayyaf Group (ASG)
60956,0,214,9,145,1066,48.596962,37.998299,1.0,0,0.0,1,0,2,4,562,214.0,0,6,0.0,-9,0.0,Donetsk People's Republic
28582,0,209,10,230,1820,37.714618,41.418412,1.0,1,0.0,1,0,2,4,1106,209.0,0,5,1.0,1,0.0,Kurdistan Workers' Party (PKK)
60664,0,214,9,145,1107,48.851688,37.613808,1.0,1,0.0,1,0,2,4,1721,214.0,0,5,0.0,1,0.0,Donetsk People's Republic
70128,0,160,5,0,71,6.65877,122.13411,2.0,0,0.0,1,0,3,13,133,160.0,0,6,0.0,1,0.0,Abu Sayyaf Group (ASG)
29475,0,603,8,190,1604,55.011562,-7.312045,1.0,0,0.0,1,0,3,1,2079,233.0,0,6,0.0,1,0.0,Irish Republican Army (IRA)
30159,0,92,6,494,3410,28.585836,77.153336,1.0,0,0.0,1,0,3,19,56,92.0,0,6,0.0,1,0.0,Sikh Extremists
63204,0,182,11,74,412,3.381584,45.598389,1.0,0,0.0,1,0,2,14,13,182.0,0,5,2.0,0,0.0,Al-Shabaab
50759,0,95,10,46,2442,31.135535,45.861207,1.0,0,1.0,1,1,3,14,491,95.0,0,6,45.0,0,0.0,Muslim extremists
29355,0,45,3,379,2563,10.85887,-74.77304,1.0,0,0.0,0,0,3,4,3241,45.0,0,6,5.0,1,0.0,National Liberation Army of Colombia (ELN)
12624,0,183,11,19,136,-26.184113,28.033232,1.0,0,0.0,1,0,3,2,265,183.0,0,6,0.0,1,0.0,African National Congress (South Africa)
3934,0,185,8,88,509,43.258434,-2.921819,1.0,0,0.0,0,0,2,3,948,185.0,0,5,0.0,0,0.0,Basque Fatherland and Freedom (ETA)
18036,0,43,3,271,2106,-33.366238,-70.505302,1.0,0,0.0,1,0,3,3,414,43.0,0,6,1.0,1,0.0,Manuel Rodriguez Patriotic Front (FPMR)
52825,0,147,11,108,616,11.840929,13.141459,1.0,0,0.0,1,0,2,4,48,147.0,0,5,1.0,0,0.0,Boko Haram
63881,0,95,10,42,1745,33.07835,44.254719,1.0,0,0.0,1,0,3,3,12,95.0,0,6,1.0,0,0.0,Islamic State of Iraq and the Levant (ISIL)
57598,0,147,11,108,616,11.840929,13.141459,1.0,0,1.0,1,0,3,3,1222,147.0,0,6,1.0,1,0.0,Boko Haram
