,extended,country,region,provstate,city,latitude,longitude,specificity,vicinity,multiple,success,suicide,attacktype1,targtype1,target1,natlty1,individual,weaptype1,nkill,property,ishostkid,gname
50575,0,160,5,1,2,6.066693,121.100042,1.0,0,0.0,1,0,3,19,2,160.0,0,6,0.0,1,0.0,Abu Sayyaf Group (ASG)
49737,0,153,6,402,1569,34.006004,71.53743,1.0,1,0.0,1,0,3,14,13,153.0,0,6,6.0,1,0.0,Tehrik-i-Taliban Pakistan (TTP)
30571,0,183,11,15,56,-26.252697,27.870275,1.0,0,0.0,1,0,2,1,95,183.0,0,5,5.0,1,0.0,African National Congress (South Africa)
14809,0,43,3,218,914,-33.366238,-70.505302,1.0,0,1.0,1,0,3,1,1044,43.0,0,6,0.0,1,0.0,Manuel Rodriguez Patriotic Front (FPMR)
65086,0,214,9,118,491,48.139713,37.643398,1.0,0,0.0,1,0,3,14,459,214.0,0,6,0.0,-9,0.0,Donetsk People's Republic
7371,0,69,8,111,52,48.856644,2.34233,1.0,0,0.0,1,0,3,19,593,69.0,0,6,1.0,1,0.0,Corsican National Liberation Front (FLNC)
18018,0,603,8,161,694,54.607712,-5.95621,1.0,0,0.0,1,0,1,14,807,233.0,0,5,1.0,0,0.0,Irish Republican Army (IRA)
47239,0,92,6,102,359,24.302783,85.005153,1.0,0,0.0,1,0,2,17,501,92.0,0,5,3.0,0,0.0,Communist Party of India - Maoist (CPI-Maoist)
74351,0,228,10,40,155,16.902568,49.328913,1.0,0,0.0,0,1,1,4,240,228.0,0,6,9.0,-9,0.0,Al-Qaida in the Arabian Peninsula (AQAP)
55630,0,228,10,44,171,13.980025,48.189154,1.0,0,1.0,0,0,2,1,268,228.0,0,5,0.0,0,0.0,Al-Qaida in the Arabian Peninsula (AQAP)
28356,0,43,3,218,914,-33.366238,-70.505302,1.0,0,0.0,1,0,3,2,217,43.0,0,6,0.0,1,0.0,Manuel Rodriguez Patriotic Front (FPMR)
75668,0,173,10,155,662,16.893194,42.57526,1.0,0,0.0,1,0,3,14,447,173.0,0,6,0.0,-9,0.0,Houthi extremists (Ansar Allah)
76310,0,45,3,262,1066,8.251932,-73.353994,3.0,0,0.0,0,0,3,20,6,45.0,0,6,0.0,0,0.0,National Liberation Army of Colombia (ELN)
69327,0,209,10,181,813,37.331478,42.185897,3.0,0,0.0,1,0,3,14,921,209.0,0,6,1.0,-9,0.0,Kurdistan Workers' Party (PKK)
49510,0,45,3,262,1101,8.436226,-73.286661,1.0,1,0.0,1,0,3,21,1469,45.0,0,6,0.0,1,0.0,Revolutionary Armed Forces of Colombia (FARC)
16958,0,159,3,224,926,-11.967368,-76.978462,1.0,0,0.0,1,0,3,3,1075,159.0,0,6,0.0,1,0.0,Shining Path (SL)
5709,0,97,10,337,1283,31.771599,35.2034,1.0,0,0.0,1,0,3,7,1411,422.0,0,6,0.0,1,0.0,Palestinians
71645,0,160,5,307,1162,12.99271,124.014746,1.0,0,0.0,1,0,1,4,1299,160.0,0,5,1.0,0,0.0,New People's Army (NPA)
8142,0,603,8,161,701,54.253718,-7.44106,1.0,0,0.0,1,0,1,4,793,216.0,0,5,1.0,0,0.0,Irish Republican Army (IRA)
60765,0,228,10,41,24,15.46591,45.293941,4.0,0,1.0,1,0,3,21,231,228.0,0,6,0.0,1,0.0,Al-Qaida in the Arabian Peninsula (AQAP)
13814,0,183,11,15,55,-26.234679,28.370372,1.0,0,0.0,1,0,3,3,94,183.0,0,6,1.0,1,0.0,African National Congress (South Africa)
70494,0,182,11,53,186,2.059819,45.326115,1.0,0,0.0,1,0,2,2,316,182.0,0,5,2.0,1,0.0,Al-Shabaab
48445,0,45,3,271,1087,6.95894,-71.872647,1.0,1,0.0,0,0,3,4,1217,45.0,0,6,0.0,0,0.0,National Liberation Army of Colombia (ELN)
12523,0,145,2,318,1202,13.564251,-86.02984,1.0,0,0.0,1,0,2,4,672,145.0,0,5,12.0,1,0.0,Nicaraguan Democratic Force (FDN)
66432,0,228,10,45,165,14.413989,44.837418,1.0,0,0.0,1,0,1,4,262,228.0,0,5,1.0,0,0.0,Al-Qaida in the Arabian Peninsula (AQAP)
77025,0,95,10,26,737,34.021821,44.933508,1.0,0,0.0,1,0,3,4,189,95.0,0,6,1.0,0,0.0,Islamic State of Iraq and the Levant (ISIL)
68037,0,214,9,118,475,47.963322,37.440448,1.0,0,0.0,1,0,3,14,27,214.0,0,6,0.0,-9,0.0,Donetsk People's Republic
18942,0,159,3,355,1387,-10.680652,-76.259918,1.0,0,0.0,1,0,3,1,1813,159.0,0,6,0.0,1,0.0,Tupac Amaru Revolutionary Movement (MRTA)
67752,0,214,9,118,489,48.098675,37.663422,1.0,0,0.0,1,0,3,4,48,214.0,0,6,0.0,-9,0.0,Donetsk People's Republic
51716,0,95,10,26,114,33.593056,44.501111,1.0,0,1.0,1,0,3,14,13,95.0,0,6,0.0,1,0.0,Al-Qaida in Iraq
55554,0,4,6,380,1500,32.689845,62.732388,2.0,0,0.0,1,1,3,4,1682,422.0,0,6,1.0,1,0.0,Taliban
72913,0,160,5,282,1129,9.826864,122.642296,1.0,0,0.0,1,0,2,3,1276,160.0,0,5,2.0,0,0.0,New People's Army (NPA)
26948,0,186,6,207,859,7.219392,81.849757,1.0,0,0.0,1,0,3,14,962,186.0,0,6,8.0,1,0.0,Liberation Tigers of Tamil Eelam (LTTE)
39403,0,45,3,265,1075,6.242026,-75.564766,1.0,0,1.0,1,0,3,1,1227,45.0,0,6,0.0,1,0.0,National Liberation Army of Colombia (ELN)
32517,0,603,8,161,694,54.607712,-5.95621,1.0,0,0.0,0,0,7,1,810,216.0,0,8,0.0,1,0.0,Irish Republican Army (IRA)
58178,0,4,6,377,1490,31.784801,65.755234,3.0,0,0.0,1,1,3,4,1677,422.0,0,6,10.0,1,0.0,Taliban
62449,1,214,9,118,467,47.858047,38.221877,1.0,0,0.0,1,0,6,10,645,214.0,0,6,0.0,1,1.0,Donetsk People's Republic
7362,0,155,10,335,1288,31.907141,35.198219,1.0,0,0.0,1,0,2,14,1427,97.0,0,8,1.0,1,0.0,Palestinians
48270,0,153,6,366,1585,33.594013,73.069077,1.0,0,1.0,1,0,2,14,1744,153.0,0,5,3.0,1,0.0,Tehrik-i-Taliban Pakistan (TTP)
71929,0,182,11,53,186,2.059819,45.326115,1.0,0,0.0,1,0,1,4,330,182.0,0,5,1.0,0,0.0,Al-Shabaab
67184,0,182,11,53,186,2.059819,45.326115,1.0,0,0.0,1,0,2,2,334,182.0,0,5,1.0,0,0.0,Al-Shabaab
67074,0,123,11,234,1019,15.168486,-4.431083,1.0,0,0.0,1,0,1,2,1152,123.0,0,5,1.0,0,0.0,Muslim extremists
74089,0,228,10,38,144,12.825647,44.846416,1.0,0,0.0,0,1,1,3,247,228.0,0,6,1.0,1,0.0,Al-Qaida in the Arabian Peninsula (AQAP)
23472,0,160,5,285,1120,15.153002,120.591942,1.0,0,0.0,1,0,2,3,1269,160.0,0,5,0.0,1,0.0,New People's Army (NPA)
53894,0,153,6,404,1572,24.891115,67.143311,1.0,0,1.0,1,1,3,15,1749,153.0,0,6,3.0,-9,0.0,Tehrik-i-Taliban Pakistan (TTP)
20340,0,183,11,15,78,-26.189151,28.31707,1.0,0,0.0,1,0,3,3,124,183.0,0,6,0.0,1,0.0,African National Congress (South Africa)
38505,0,185,8,69,257,37.38264,-5.996295,1.0,0,1.0,1,0,1,4,404,185.0,0,5,2.0,0,0.0,Basque Fatherland and Freedom (ETA)
50335,0,160,5,1,42,6.021834,121.16568,1.0,0,0.0,1,0,3,2,58,160.0,0,6,0.0,-9,0.0,Abu Sayyaf Group (ASG)
64369,0,160,5,284,1116,7.149184,125.945636,1.0,0,0.0,0,0,2,4,48,160.0,0,5,0.0,0,0.0,New People's Army (NPA)
5765,0,69,8,111,52,48.856644,2.34233,1.0,0,0.0,1,0,3,4,609,69.0,0,6,0.0,1,0.0,Corsican National Liberation Front (FLNC)
3426,0,603,8,161,694,54.607712,-5.95621,1.0,0,1.0,1,0,7,1,794,216.0,0,8,0.0,1,0.0,Irish Republican Army (IRA)
75509,0,228,10,40,153,14.54397,49.12458,1.0,0,1.0,1,1,3,4,20,228.0,0,6,4.0,-9,0.0,Al-Qaida in the Arabian Peninsula (AQAP)
7127,0,185,8,68,233,43.32412,-1.929857,1.0,0,0.0,0,0,2,3,392,185.0,0,5,0.0,0,0.0,Basque Fatherland and Freedom (ETA)
7274,0,61,2,122,540,13.716667,-89.233333,1.0,0,0.0,1,0,2,4,672,61.0,0,5,1.0,1,0.0,Farabundo Marti National Liberation Front (FMLN)
51084,1,92,6,102,347,24.177863,86.306667,3.0,0,0.0,1,0,6,1,1129,92.0,0,5,0.0,1,1.0,Maoists
54121,0,95,10,34,125,32.469238,44.416637,1.0,0,1.0,1,0,3,2,195,95.0,0,6,2.0,1,0.0,Al-Qaida in Iraq
83193,0,182,11,51,184,1.789637,44.529976,1.0,0,0.0,1,0,3,4,249,182.0,0,6,1.0,0,0.0,Al-Shabaab
75827,0,92,6,104,363,22.408769,87.373316,3.0,0,1.0,0,0,3,20,6,92.0,0,6,0.0,0,0.0,Maoists
44300,0,95,10,31,117,31.98958,44.923775,1.0,0,1.0,1,0,7,17,186,95.0,0,5,10.0,1,0.0,Al-Qaida in Iraq
54497,0,147,11,138,589,8.455538,8.212538,1.0,0,1.0,1,0,7,14,27,147.0,0,5,5.0,1,0.0,Fulani extremists
34905,1,160,5,3,9,10.338213,123.942398,1.0,0,0.0,1,0,6,14,10,160.0,0,5,0.0,0,1.0,Abu Sayyaf Group (ASG)
74817,0,153,6,405,1587,34.565494,71.477429,2.0,0,1.0,1,0,6,4,1746,153.0,0,5,1.0,0,1.0,Tehrik-i-Taliban Pakistan (TTP)
9484,0,185,8,68,228,43.18418,-2.473289,1.0,0,0.0,1,0,3,3,351,185.0,0,6,1.0,1,0.0,Basque Fatherland and Freedom (ETA)
28199,0,61,2,120,511,13.883333,-88.966667,1.0,0,0.0,1,0,2,4,332,61.0,0,5,11.0,1,0.0,Farabundo Marti National Liberation Front (FMLN)
4788,0,69,8,111,52,48.856644,2.34233,1.0,0,0.0,1,0,3,1,606,69.0,0,6,0.0,1,0.0,Corsican National Liberation Front (FLNC)
19301,0,43,3,217,915,-33.050125,-71.612251,1.0,0,0.0,1,0,3,1,1033,43.0,0,6,0.0,1,0.0,Manuel Rodriguez Patriotic Front (FPMR)
49427,0,92,6,101,367,26.652335,85.272304,1.0,0,0.0,1,0,7,16,508,92.0,0,8,0.0,1,0.0,Communist Party of India - Maoist (CPI-Maoist)
14905,0,145,2,322,1224,11.88333,-86.01667,1.0,0,1.0,1,0,2,1,59,145.0,0,5,1.0,1,0.0,Nicaraguan Democratic Force (FDN)
28865,0,186,6,207,869,8.5922,81.196796,3.0,0,0.0,1,0,2,4,332,186.0,0,5,8.0,1,0.0,Liberation Tigers of Tamil Eelam (LTTE)
28952,0,97,10,335,1293,32.410221,35.281722,1.0,0,0.0,1,0,8,4,12,97.0,0,9,0.0,1,0.0,Palestinians
80767,0,209,10,182,795,37.293709,43.671189,3.0,0,0.0,1,0,3,4,667,209.0,0,6,0.0,1,0.0,Kurdistan Workers' Party (PKK)
58079,0,182,11,56,190,2.973305,45.535603,1.0,0,1.0,1,0,2,4,249,182.0,0,6,7.0,1,0.0,Al-Shabaab
12421,0,145,2,321,1215,11.95,-85.216667,1.0,0,0.0,1,0,2,14,1334,145.0,0,5,1.0,1,0.0,Nicaraguan Democratic Force (FDN)
78992,0,95,10,29,115,36.354145,43.14357,1.0,0,0.0,1,0,3,8,51,95.0,0,6,2.0,-9,0.0,Islamic State of Iraq and the Levant (ISIL)
80241,0,92,6,102,390,22.572048,85.460775,2.0,0,0.0,1,0,2,14,535,92.0,0,5,0.0,0,0.0,Communist Party of India - Maoist (CPI-Maoist)
68843,0,147,11,86,312,11.829979,12.630177,1.0,0,0.0,1,0,2,14,27,147.0,0,5,25.0,1,0.0,Boko Haram
17660,0,183,11,21,82,-33.941849,18.41964,1.0,0,0.0,0,0,3,4,136,183.0,0,6,0.0,0,0.0,African National Congress (South Africa)
49297,0,92,6,101,348,25.561362,84.309496,1.0,0,0.0,1,0,7,1,491,92.0,0,8,0.0,1,0.0,Communist Party of India - Maoist (CPI-Maoist)
45922,0,92,6,103,393,18.791667,80.816667,3.0,0,0.0,1,0,2,14,538,92.0,0,5,3.0,0,0.0,Communist Party of India - Maoist (CPI-Maoist)
45006,0,153,6,403,1582,33.590603,71.44062,1.0,0,0.0,1,0,3,1,1741,153.0,0,6,3.0,1,0.0,Tehrik-i-Taliban Pakistan (TTP)
53189,0,95,10,28,120,33.835629,44.247406,1.0,0,1.0,1,0,3,4,20,95.0,0,6,5.0,1,0.0,Al-Qaida in Iraq
54889,0,95,10,25,108,33.303566,44.371773,1.0,0,1.0,1,0,3,14,211,95.0,0,6,2.0,0,0.0,Al-Qaida in Iraq
79854,0,182,11,53,186,2.059819,45.326115,1.0,0,0.0,1,0,1,2,310,182.0,0,5,1.0,0,0.0,Al-Shabaab
51744,0,228,10,42,152,13.887403,45.863647,1.0,0,0.0,1,0,3,14,13,228.0,0,6,2.0,-9,0.0,Al-Qaida in the Arabian Peninsula (AQAP)
49996,0,228,10,42,166,13.932036,46.083254,1.0,0,0.0,1,1,3,2,256,228.0,0,6,5.0,1,0.0,Al-Qaida in the Arabian Peninsula (AQAP)
75208,0,182,11,56,209,2.777264,45.500641,1.0,1,0.0,1,0,2,4,258,422.0,0,5,1.0,0,0.0,Al-Shabaab
57103,0,65,11,61,197,8.984457,38.807635,1.0,0,0.0,1,1,3,14,307,65.0,0,6,2.0,1,0.0,Al-Shabaab
43252,0,186,6,208,849,6.91218,79.882883,1.0,0,0.0,0,0,3,20,961,186.0,0,6,0.0,0,0.0,Liberation Tigers of Tamil Eelam (LTTE)
21421,0,61,2,122,505,13.69288,-89.199161,1.0,0,0.0,0,0,3,3,707,61.0,0,6,0.0,1,0.0,Farabundo Marti National Liberation Front (FMLN)
48342,1,153,6,405,1598,33.68745,71.516037,1.0,1,0.0,1,0,1,14,1760,153.0,0,9,2.0,0,1.0,Tehrik-i-Taliban Pakistan (TTP)
74768,0,228,10,152,659,13.586484,44.024105,1.0,0,0.0,1,0,3,14,447,228.0,0,6,0.0,-9,0.0,Houthi extremists (Ansar Allah)
47302,0,173,10,159,679,16.893194,42.57526,1.0,0,0.0,1,0,2,4,761,173.0,0,5,1.0,1,0.0,Houthi extremists (Ansar Allah)
64180,0,214,9,118,461,47.981647,37.762325,1.0,0,0.0,1,0,2,4,646,214.0,0,6,2.0,1,0.0,Donetsk People's Republic
11365,0,145,2,326,1240,13.00583,-87.50278,1.0,0,0.0,1,0,3,11,1348,145.0,0,5,1.0,1,0.0,Nicaraguan Democratic Force (FDN)
75165,0,92,6,103,963,19.853635,80.635241,1.0,0,0.0,1,0,2,14,1112,92.0,0,5,1.0,0,0.0,Maoists
7766,0,185,8,76,251,42.815372,-1.653616,1.0,0,0.0,1,0,3,8,389,185.0,0,6,0.0,1,0.0,Basque Fatherland and Freedom (ETA)
20108,0,362,8,164,720,51.213924,6.780691,1.0,0,0.0,1,0,3,4,840,216.0,0,6,0.0,1,0.0,Irish Republican Army (IRA)
46709,0,153,6,405,1593,34.856902,71.429936,3.0,0,0.0,1,0,3,8,1756,153.0,0,6,0.0,1,0.0,Tehrik-i-Taliban Pakistan (TTP)
31603,0,97,10,209,1306,33.208716,35.572618,1.0,0,0.0,1,0,3,2,1429,97.0,0,6,1.0,1,0.0,Palestinians
17577,0,183,11,15,57,-26.184113,28.033232,1.0,0,0.0,1,0,3,1,110,183.0,0,6,0.0,1,0.0,African National Congress (South Africa)
23154,0,159,3,224,926,-11.967368,-76.978462,1.0,0,0.0,1,0,2,10,1805,69.0,0,5,0.0,1,0.0,Tupac Amaru Revolutionary Movement (MRTA)
16772,0,159,3,224,926,-11.967368,-76.978462,1.0,0,1.0,1,0,3,10,1804,159.0,0,5,0.0,1,0.0,Tupac Amaru Revolutionary Movement (MRTA)
59274,0,182,11,51,196,1.808302,44.695141,1.0,0,0.0,1,0,3,4,258,422.0,0,6,0.0,-9,0.0,Al-Shabaab
78061,0,92,6,103,349,18.9,81.35,1.0,0,0.0,1,0,2,14,1101,92.0,0,9,1.0,0,0.0,Maoists
78631,0,92,6,103,931,18.9,81.35,3.0,0,0.0,1,0,2,3,1090,92.0,0,12,0.0,0,0.0,Maoists
27525,0,159,3,224,926,-11.967368,-76.978462,1.0,0,1.0,1,0,3,1,399,159.0,0,6,0.0,1,0.0,Tupac Amaru Revolutionary Movement (MRTA)
14852,0,43,3,218,914,-33.366238,-70.505302,1.0,0,0.0,1,0,3,4,1032,43.0,0,6,0.0,1,0.0,Manuel Rodriguez Patriotic Front (FPMR)
52994,0,95,10,24,130,33.457222,44.086389,1.0,0,1.0,1,0,2,3,20,95.0,0,5,4.0,0,0.0,Al-Qaida in Iraq
77755,0,95,10,29,733,36.281666,42.40361,1.0,1,0.0,1,0,3,10,884,95.0,0,6,0.0,-9,0.0,Islamic State of Iraq and the Levant (ISIL)
64169,0,147,11,86,282,11.840929,13.141459,1.0,0,1.0,1,1,3,14,177,147.0,0,6,4.0,1,0.0,Boko Haram
29934,0,151,8,199,820,59.913869,10.752245,1.0,0,0.0,1,0,7,7,926,209.0,0,9,0.0,1,0.0,Kurdistan Workers' Party (PKK)
754,0,603,8,161,694,54.607712,-5.95621,1.0,0,0.0,1,0,3,1,801,233.0,0,6,1.0,1,0.0,Irish Republican Army (IRA)
57270,0,123,11,140,1012,16.273716,-0.050415,1.0,0,0.0,1,0,3,6,775,123.0,0,6,0.0,0,0.0,Muslim extremists
63044,0,147,11,137,627,7.009482,9.492837,1.0,0,0.0,1,0,6,14,459,147.0,0,5,4.0,1,1.0,Fulani extremists
58098,0,95,10,25,108,33.303566,44.371773,1.0,0,1.0,1,0,3,14,13,95.0,0,6,0.0,0,0.0,Islamic State of Iraq and the Levant (ISIL)
67428,0,182,11,53,186,2.059819,45.326115,1.0,0,0.0,1,0,3,3,20,182.0,0,6,1.0,-9,0.0,Al-Shabaab
4808,0,69,8,110,24,41.918891,8.737554,4.0,0,1.0,1,0,3,1,581,69.0,0,6,0.0,1,0.0,Corsican National Liberation Front (FLNC)
56483,0,60,10,230,1020,31.126646,33.800865,1.0,0,0.0,0,0,2,3,282,60.0,0,6,0.0,0,0.0,Muslim extremists
68508,0,228,10,38,680,12.760069,44.890266,1.0,0,0.0,1,0,3,1,762,228.0,0,6,1.0,1,0.0,Houthi extremists (Ansar Allah)
70303,0,173,10,155,677,16.800006,43.149996,2.0,0,1.0,1,0,3,3,258,173.0,0,6,0.0,1,0.0,Houthi extremists (Ansar Allah)
71630,0,200,10,176,760,36.657269,40.37056,1.0,0,1.0,1,1,3,17,291,200.0,0,6,9.0,1,0.0,Islamic State of Iraq and the Levant (ISIL)
48772,1,92,6,103,370,19.203477,81.934532,2.0,0,0.0,1,0,6,14,511,92.0,0,5,1.0,-9,1.0,Communist Party of India - Maoist (CPI-Maoist)
4814,0,69,8,110,24,41.918891,8.737554,4.0,0,1.0,1,0,3,1,581,69.0,0,6,0.0,1,0.0,Corsican National Liberation Front (FLNC)
26124,0,185,8,68,235,43.291618,-1.977903,1.0,0,0.0,0,0,3,19,396,185.0,0,6,0.0,1,0.0,Basque Fatherland and Freedom (ETA)
74511,0,147,11,137,630,7.487471,9.236722,1.0,0,0.0,1,0,2,14,27,147.0,0,5,5.0,0,0.0,Fulani extremists
32370,0,603,8,39,700,51.504387,-0.140041,1.0,0,0.0,1,0,7,1,834,216.0,0,8,0.0,1,0.0,Irish Republican Army (IRA)
64745,0,160,5,294,1134,14.283364,122.783469,1.0,0,0.0,1,0,7,1,1098,160.0,0,8,0.0,1,0.0,New People's Army (NPA)
80617,1,160,5,10,41,7.706753,122.138522,1.0,0,0.0,1,0,6,4,57,160.0,0,5,1.0,0,1.0,Abu Sayyaf Group (ASG)
12915,0,159,3,354,1398,-12.916667,-73.833333,3.0,0,0.0,1,0,2,9,1559,159.0,0,5,10.0,1,0.0,Shining Path (SL)
64402,0,228,10,43,149,15.325443,44.211895,1.0,0,0.0,0,0,3,2,270,228.0,0,6,0.0,0,0.0,Al-Qaida in the Arabian Peninsula (AQAP)
19265,0,69,8,13,52,48.856644,2.34233,1.0,0,0.0,1,0,3,7,91,183.0,0,6,0.0,1,0.0,African National Congress (South Africa)
21242,0,92,6,366,24,31.147131,75.341218,4.0,0,0.0,0,0,3,19,1646,92.0,0,6,0.0,1,0.0,Sikh Extremists
75177,0,182,11,53,186,2.059819,45.326115,1.0,0,0.0,1,0,1,4,331,182.0,0,5,1.0,0,0.0,Al-Shabaab
52636,0,45,3,262,24,7.946283,-72.898807,4.0,0,0.0,0,0,3,1,1491,45.0,0,6,0.0,1,0.0,Revolutionary Armed Forces of Colombia (FARC)
40783,0,45,3,344,1320,1.68448,-75.28659,1.0,0,0.0,1,0,3,21,1459,45.0,0,6,0.0,1,0.0,Revolutionary Armed Forces of Colombia (FARC)
76406,0,228,10,152,659,13.586484,44.024105,1.0,0,0.0,1,0,3,14,766,228.0,0,6,1.0,1,0.0,Houthi extremists (Ansar Allah)
73125,0,228,10,38,144,12.825647,44.846416,1.0,0,0.0,1,0,3,14,250,228.0,0,6,2.0,1,0.0,Houthi extremists (Ansar Allah)
17750,0,92,6,368,1448,28.690073,77.213982,1.0,0,1.0,0,0,3,2,1080,92.0,0,6,0.0,1,0.0,Sikh Extremists
54593,0,153,6,402,1605,33.370038,70.54496,1.0,0,0.0,1,1,3,4,451,153.0,0,6,8.0,1,0.0,Tehrik-i-Taliban Pakistan (TTP)
81260,0,4,6,383,1496,33.97652,69.706658,2.0,0,0.0,1,0,2,3,12,4.0,0,5,14.0,0,0.0,Taliban
61728,0,60,10,230,1011,31.250196,34.24128,1.0,0,1.0,1,0,1,14,1150,60.0,0,5,1.0,0,0.0,Muslim extremists
31805,0,159,3,224,926,-11.967368,-76.978462,1.0,0,0.0,1,0,3,1,1541,159.0,0,6,0.0,1,0.0,Shining Path (SL)
44701,0,92,6,105,356,18.364195,81.892418,3.0,0,0.0,1,0,2,14,498,92.0,0,5,1.0,0,0.0,Communist Party of India - Maoist (CPI-Maoist)
67829,0,95,10,26,734,33.693947,45.067425,1.0,0,1.0,1,0,3,3,872,95.0,0,6,0.0,1,0.0,Islamic State of Iraq and the Levant (ISIL)
47597,0,92,6,105,392,22.124002,84.043175,3.0,0,0.0,1,0,3,19,537,92.0,0,6,0.0,1,0.0,Communist Party of India - Maoist (CPI-Maoist)
17416,0,145,2,318,550,13.6772,-86.3153,1.0,0,0.0,1,0,3,16,1355,145.0,0,6,0.0,1,0.0,Nicaraguan Democratic Force (FDN)
35539,0,160,5,0,16,6.700414,121.972557,1.0,0,0.0,1,0,2,4,41,160.0,0,5,4.0,1,0.0,Abu Sayyaf Group (ASG)
61625,1,147,11,86,287,12.359468,14.210929,1.0,0,0.0,1,0,6,14,449,147.0,0,5,1.0,0,1.0,Boko Haram
80830,1,147,11,86,318,10.902533,12.83032,2.0,0,1.0,1,0,6,14,27,147.0,0,5,2.0,1,1.0,Boko Haram
42067,0,95,10,34,125,32.469238,44.416637,1.0,0,0.0,1,1,3,3,200,95.0,0,6,34.0,-9,0.0,Al-Qaida in Iraq
48314,0,95,10,24,107,33.31065,44.038208,1.0,0,1.0,1,0,3,14,184,95.0,0,6,0.0,1,0.0,Al-Qaida in Iraq
16750,0,45,3,349,1354,4.06052,-74.692318,1.0,0,0.0,1,0,2,3,1499,45.0,0,5,1.0,1,0.0,Revolutionary Armed Forces of Colombia (FARC)
61608,0,182,11,51,205,1.716188,44.768864,1.0,0,0.0,1,0,3,4,303,422.0,0,6,1.0,-9,0.0,Al-Shabaab
56727,0,182,11,53,186,2.059819,45.326115,1.0,0,1.0,1,0,3,2,318,182.0,0,6,0.0,-9,0.0,Al-Shabaab
11177,0,45,3,269,1077,7.116294,-73.120026,1.0,0,0.0,1,0,3,15,1203,45.0,0,6,0.0,1,0.0,National Liberation Army of Colombia (ELN)
4695,0,185,8,68,250,43.22048,-2.021122,1.0,0,0.0,1,0,2,3,382,185.0,0,5,1.0,1,0.0,Basque Fatherland and Freedom (ETA)
9663,0,61,2,132,24,13.447063,-88.556531,4.0,0,0.0,1,0,7,2,702,61.0,0,5,0.0,1,0.0,Farabundo Marti National Liberation Front (FMLN)
28170,0,98,8,72,240,41.890961,12.490069,1.0,0,0.0,1,0,3,7,378,185.0,0,6,0.0,1,0.0,Basque Fatherland and Freedom (ETA)
15155,0,159,3,224,926,-11.967368,-76.978462,1.0,0,1.0,1,0,3,21,1799,159.0,0,6,0.0,1,0.0,Tupac Amaru Revolutionary Movement (MRTA)
47419,0,95,10,25,108,33.303566,44.371773,1.0,0,1.0,1,1,3,2,199,95.0,0,6,26.0,-9,0.0,Al-Qaida in Iraq
42256,0,45,3,271,1083,7.08582,-70.75779,1.0,0,0.0,1,0,3,15,1219,45.0,0,6,1.0,-9,0.0,National Liberation Army of Colombia (ELN)
5655,0,97,10,337,1283,31.771599,35.2034,1.0,0,0.0,1,0,3,14,1403,97.0,0,6,0.0,1,0.0,Palestinians
14516,0,43,3,220,919,-34.170331,-70.740822,1.0,0,0.0,1,0,3,21,670,43.0,0,6,0.0,1,0.0,Manuel Rodriguez Patriotic Front (FPMR)
63777,0,147,11,138,581,8.75392,7.964677,1.0,0,1.0,1,0,7,14,27,147.0,0,8,2.0,1,0.0,Fulani extremists
78944,0,113,10,235,1021,32.831712,21.687634,1.0,0,0.0,0,0,1,4,1155,113.0,0,5,0.0,0,0.0,Muslim extremists
74437,0,147,11,137,625,7.9055,8.737323,2.0,0,0.0,1,0,2,14,466,147.0,0,5,7.0,1,0.0,Fulani extremists
47596,0,160,5,308,1163,13.416,120.4623,1.0,0,0.0,1,0,7,16,1300,160.0,0,8,0.0,1,0.0,New People's Army (NPA)
9576,0,69,8,110,451,41.785303,8.980413,1.0,0,0.0,1,0,3,1,621,69.0,0,6,1.0,1,0.0,Corsican National Liberation Front (FLNC)
66555,1,4,6,397,1536,33.239717,65.45986,3.0,0,0.0,1,0,6,14,1701,4.0,0,5,0.0,0,1.0,Taliban
39508,0,186,6,207,853,8.577826,81.218719,1.0,0,0.0,1,0,2,4,971,186.0,0,5,4.0,-9,0.0,Liberation Tigers of Tamil Eelam (LTTE)
12344,0,183,11,17,61,-26.456502,29.464917,1.0,0,0.0,1,0,3,2,101,183.0,0,6,1.0,1,0.0,African National Congress (South Africa)
23758,0,92,6,366,1456,31.633979,74.872264,3.0,0,0.0,1,0,2,4,1638,92.0,0,5,4.0,1,0.0,Sikh Extremists
57123,0,228,10,48,172,13.063399,44.880882,1.0,0,0.0,1,0,2,4,271,228.0,0,5,3.0,-9,0.0,Al-Qaida in the Arabian Peninsula (AQAP)
75441,0,147,11,137,594,7.345335,8.74172,2.0,0,1.0,1,0,2,14,13,147.0,0,5,1.0,-9,0.0,Fulani extremists
78051,0,182,11,53,186,2.059819,45.326115,1.0,0,1.0,0,1,1,1,205,182.0,0,6,1.0,1,0.0,Al-Shabaab
18040,0,43,3,218,914,-33.366238,-70.505302,1.0,0,0.0,1,0,3,19,1041,43.0,0,6,1.0,1,0.0,Manuel Rodriguez Patriotic Front (FPMR)
19230,0,61,2,122,505,13.69288,-89.199161,1.0,0,0.0,1,0,3,3,673,61.0,0,5,2.0,1,0.0,Farabundo Marti National Liberation Front (FMLN)
10494,0,45,3,265,1075,6.242026,-75.564766,1.0,0,0.0,1,0,2,2,1225,45.0,0,5,0.0,0,1.0,National Liberation Army of Colombia (ELN)
56275,0,153,6,404,1572,24.891115,67.143311,1.0,0,0.0,1,0,3,4,1762,153.0,0,6,0.0,1,0.0,Tehrik-i-Taliban Pakistan (TTP)
44690,0,186,6,209,879,8.980118,79.912462,1.0,0,0.0,1,0,3,15,979,186.0,0,6,0.0,1,0.0,Liberation Tigers of Tamil Eelam (LTTE)
24747,0,92,6,366,1440,31.8186,75.2028,1.0,0,0.0,1,0,2,14,1613,92.0,0,5,4.0,1,0.0,Sikh Extremists
16929,0,145,2,331,1243,12.069311,-84.539748,1.0,0,1.0,1,0,2,4,1349,145.0,0,5,1.0,1,0.0,Nicaraguan Democratic Force (FDN)
5225,0,69,8,111,52,48.856644,2.34233,1.0,0,0.0,1,0,3,14,615,69.0,0,6,0.0,1,0.0,Corsican National Liberation Front (FLNC)
82736,0,147,11,86,290,12.366749,13.828885,1.0,0,0.0,1,0,2,4,249,147.0,0,5,1.0,0,0.0,Boko Haram
53248,0,69,8,110,433,41.930607,8.742907,1.0,0,1.0,1,0,3,1,614,238.0,0,6,0.0,1,0.0,Corsican National Liberation Front (FLNC)
53940,0,4,6,391,1519,35.167134,63.769538,3.0,0,0.0,1,0,3,4,258,4.0,0,6,3.0,0,0.0,Taliban
34739,0,186,6,212,887,7.368333,80.0325,1.0,0,1.0,1,0,2,14,993,186.0,0,5,31.0,1,0.0,Liberation Tigers of Tamil Eelam (LTTE)
37972,0,45,3,347,1341,4.29692,-74.80707,1.0,0,0.0,1,0,3,14,1485,45.0,0,6,1.0,1,0.0,Revolutionary Armed Forces of Colombia (FARC)
19587,0,92,6,366,1452,31.326015,75.576183,1.0,0,0.0,1,0,1,14,1626,92.0,0,5,5.0,0,0.0,Sikh Extremists
62845,0,147,11,90,576,10.470701,7.779848,2.0,0,1.0,1,0,2,14,27,147.0,0,5,30.0,1,0.0,Fulani extremists
26116,0,155,10,335,1302,32.460617,35.301247,1.0,1,0.0,1,0,1,3,1428,155.0,0,5,1.0,0,0.0,Palestinians
2445,0,603,8,161,694,54.607712,-5.95621,1.0,0,0.0,1,0,1,17,786,233.0,0,5,1.0,0,0.0,Irish Republican Army (IRA)
41694,0,186,6,207,863,8.5922,81.196796,3.0,0,0.0,1,0,3,19,970,186.0,0,6,1.0,1,0.0,Liberation Tigers of Tamil Eelam (LTTE)
50245,0,45,3,270,1339,2.998638,-75.30562,1.0,1,0.0,1,0,3,4,1484,45.0,0,6,1.0,1,0.0,Revolutionary Armed Forces of Colombia (FARC)
36516,0,45,3,347,1334,4.877025,-74.437413,1.0,1,0.0,1,0,3,19,1479,45.0,0,6,3.0,1,0.0,Revolutionary Armed Forces of Colombia (FARC)
64937,0,113,10,233,1018,32.755737,12.723051,1.0,0,0.0,1,0,7,2,1151,113.0,0,8,0.0,1,0.0,Muslim extremists
17240,0,145,2,319,1204,13.131923,-86.345742,3.0,0,1.0,1,0,3,21,671,145.0,0,6,0.0,1,0.0,Nicaraguan Democratic Force (FDN)
48844,0,95,10,25,108,33.303566,44.371773,1.0,0,1.0,1,0,3,1,188,95.0,0,6,1.0,1,0.0,Al-Qaida in Iraq
33604,0,209,10,184,812,37.312903,40.733951,1.0,0,0.0,1,0,1,8,919,209.0,0,5,4.0,0,0.0,Kurdistan Workers' Party (PKK)
60161,0,4,6,384,1497,32.100204,66.901016,1.0,0,0.0,1,1,3,3,250,4.0,0,6,1.0,1,0.0,Taliban
57127,0,208,10,250,1041,36.449268,8.436416,1.0,0,0.0,1,0,2,3,282,208.0,0,5,0.0,-9,0.0,Muslim extremists
15032,0,159,3,224,926,-11.967368,-76.978462,1.0,0,0.0,1,0,5,10,1816,159.0,0,5,0.0,1,1.0,Tupac Amaru Revolutionary Movement (MRTA)
55753,0,95,10,29,115,36.354145,43.14357,1.0,0,1.0,1,0,3,1,205,95.0,0,6,1.0,0,0.0,Islamic State of Iraq and the Levant (ISIL)
45032,0,92,6,103,351,21.19,81.28,1.0,1,0.0,1,0,3,3,493,92.0,0,6,3.0,0,0.0,Communist Party of India - Maoist (CPI-Maoist)
56065,0,45,3,264,1335,2.47611,-78.1169,3.0,0,0.0,1,0,3,3,282,45.0,0,6,0.0,1,0.0,Revolutionary Armed Forces of Colombia (FARC)
6230,0,97,10,335,1281,31.704338,35.194355,1.0,0,0.0,1,0,2,3,1409,97.0,0,8,0.0,1,0.0,Palestinians
48352,0,92,6,104,399,22.35435,86.906606,1.0,0,0.0,1,0,6,14,342,92.0,0,5,1.0,0,1.0,Communist Party of India - Maoist (CPI-Maoist)
81616,0,209,10,191,797,37.922218,40.184376,1.0,0,0.0,1,0,2,3,908,209.0,0,6,0.0,0,0.0,Kurdistan Workers' Party (PKK)
18926,0,159,3,353,1631,-10.193333,-76.238889,1.0,0,0.0,1,0,2,4,1004,159.0,0,5,9.0,1,0.0,Tupac Amaru Revolutionary Movement (MRTA)
25466,0,43,3,218,914,-33.366238,-70.505302,1.0,0,0.0,1,0,3,1,425,43.0,0,6,0.0,1,0.0,Manuel Rodriguez Patriotic Front (FPMR)
66994,0,182,11,65,202,11.274796,49.179657,1.0,0,0.0,1,0,2,3,314,182.0,0,6,0.0,1,0.0,Al-Shabaab
26129,0,155,10,338,1289,31.346964,34.30143,1.0,0,0.0,1,0,1,14,1419,155.0,0,9,1.0,0,0.0,Palestinians
27531,0,159,3,224,926,-11.967368,-76.978462,1.0,0,1.0,1,0,3,1,399,159.0,0,6,0.0,1,0.0,Tupac Amaru Revolutionary Movement (MRTA)
47427,0,92,6,104,363,22.404193,87.379866,3.0,0,0.0,1,0,2,14,504,92.0,0,5,3.0,0,0.0,Communist Party of India - Maoist (CPI-Maoist)
40716,0,160,5,289,1125,7.437136,125.812182,1.0,0,1.0,1,0,7,8,1273,160.0,0,8,0.0,1,0.0,New People's Army (NPA)
13665,0,92,6,370,1451,30.733315,76.779418,1.0,0,0.0,0,0,3,15,1627,92.0,0,6,0.0,0,0.0,Sikh Extremists
50666,0,45,3,276,1349,12.228233,-71.992872,1.0,1,0.0,1,0,3,19,1493,45.0,0,6,0.0,1,0.0,Revolutionary Armed Forces of Colombia (FARC)
50066,0,153,6,402,1569,34.006004,71.53743,1.0,0,0.0,1,0,2,14,13,153.0,0,6,5.0,1,0.0,Tehrik-i-Taliban Pakistan (TTP)
76863,0,92,6,102,364,23.810237,85.7652,1.0,0,1.0,1,0,3,19,505,92.0,0,6,0.0,1,0.0,Communist Party of India - Maoist (CPI-Maoist)
19939,0,43,3,217,915,-33.050125,-71.612251,1.0,0,1.0,1,0,3,21,1052,43.0,0,6,0.0,1,0.0,Manuel Rodriguez Patriotic Front (FPMR)
7383,0,69,8,111,52,48.856644,2.34233,1.0,0,0.0,1,0,3,2,610,69.0,0,6,0.0,1,0.0,Corsican National Liberation Front (FLNC)
39569,0,160,5,4,15,6.929089,122.07885,1.0,0,1.0,0,0,3,18,43,160.0,0,6,0.0,0,0.0,Abu Sayyaf Group (ASG)
81746,0,95,10,29,115,36.354145,43.14357,1.0,0,0.0,1,1,3,4,217,95.0,0,6,4.0,1,0.0,Islamic State of Iraq and the Levant (ISIL)
41948,0,186,6,207,863,8.5922,81.196796,3.0,0,0.0,1,0,2,4,968,186.0,0,5,0.0,-9,0.0,Liberation Tigers of Tamil Eelam (LTTE)
63098,0,6,10,251,1042,34.789675,-0.553424,1.0,0,0.0,1,0,2,4,48,6.0,0,5,2.0,0,0.0,Muslim extremists
25258,0,186,6,207,895,7.331414,81.833366,1.0,0,0.0,1,0,2,14,1001,186.0,0,9,62.0,0,0.0,Liberation Tigers of Tamil Eelam (LTTE)
20472,0,61,2,122,505,13.69288,-89.199161,1.0,0,0.0,1,0,2,7,677,217.0,0,5,0.0,1,0.0,Farabundo Marti National Liberation Front (FMLN)
79524,0,173,10,160,685,17.651777,43.526192,1.0,0,0.0,1,0,3,3,249,173.0,0,6,1.0,-9,0.0,Houthi extremists (Ansar Allah)
58993,0,147,11,139,572,11.637489,7.107145,2.0,0,1.0,1,0,2,14,27,147.0,0,5,21.0,1,0.0,Fulani extremists
18034,0,159,3,224,926,-11.967368,-76.978462,1.0,0,1.0,1,0,3,1,1797,159.0,0,6,0.0,1,0.0,Tupac Amaru Revolutionary Movement (MRTA)
11470,0,159,3,354,1385,-13.152712,-74.218628,1.0,0,0.0,1,0,1,14,1571,159.0,0,5,1.0,0,0.0,Shining Path (SL)
57069,0,95,10,30,735,35.323789,43.772096,3.0,0,1.0,1,0,3,3,886,95.0,0,6,0.0,1,0.0,Islamic State of Iraq and the Levant (ISIL)
13785,0,92,6,368,1437,28.585836,77.153336,1.0,0,0.0,0,0,3,2,1634,92.0,0,6,0.0,0,0.0,Sikh Extremists
52797,0,160,5,5,23,7.190952,125.461578,1.0,0,0.0,1,0,3,4,1302,160.0,0,6,1.0,0,0.0,New People's Army (NPA)
58251,0,95,10,26,135,33.953167,44.921906,1.0,0,0.0,1,0,3,4,189,95.0,0,6,6.0,1,0.0,Islamic State of Iraq and the Levant (ISIL)
50107,0,95,10,36,128,32.604393,44.007145,1.0,0,1.0,1,0,3,2,208,95.0,0,6,3.0,1,0.0,Al-Qaida in Iraq
78531,1,160,5,2,24,6.078236,118.314049,4.0,0,0.0,1,0,6,11,32,121.0,0,5,1.0,0,1.0,Abu Sayyaf Group (ASG)
29595,0,186,6,209,856,8.980118,79.912462,3.0,0,0.0,1,0,2,4,332,186.0,0,5,7.0,1,0.0,Liberation Tigers of Tamil Eelam (LTTE)
20460,0,45,3,268,1071,4.809979,-75.849038,1.0,0,0.0,1,0,2,4,672,45.0,0,5,9.0,1,0.0,National Liberation Army of Colombia (ELN)
58969,0,147,11,86,294,11.167602,13.741359,3.0,0,0.0,0,0,1,2,452,147.0,0,5,5.0,1,0.0,Boko Haram
11237,0,183,11,15,57,-26.184113,28.033232,1.0,0,0.0,1,0,3,2,104,183.0,0,6,0.0,1,0.0,African National Congress (South Africa)
67460,1,92,6,103,928,19.175051,81.246376,2.0,0,1.0,1,0,6,1,1088,92.0,0,5,0.0,0,1.0,Maoists
19621,0,603,8,161,694,54.607712,-5.95621,1.0,0,0.0,1,0,2,3,822,233.0,0,5,0.0,1,0.0,Irish Republican Army (IRA)
63684,0,147,11,138,578,8.547469,7.7118,4.0,0,1.0,1,0,2,14,27,147.0,0,5,2.0,1,0.0,Fulani extremists
66629,0,228,10,38,144,12.825647,44.846416,1.0,0,1.0,1,0,3,14,346,228.0,0,6,3.0,1,0.0,Houthi extremists (Ansar Allah)
20499,0,603,8,161,694,54.607712,-5.95621,1.0,0,0.0,1,0,1,3,844,233.0,0,5,1.0,0,0.0,Irish Republican Army (IRA)
25566,1,186,6,207,862,7.730997,81.67473,3.0,0,0.0,1,0,6,14,966,186.0,0,5,18.0,0,1.0,Liberation Tigers of Tamil Eelam (LTTE)
68282,0,4,6,380,1522,32.443855,62.147739,2.0,0,1.0,1,0,2,4,48,4.0,0,6,1.0,1,0.0,Taliban
75496,0,60,10,228,1007,28.087597,30.761305,1.0,0,0.0,1,0,7,14,1148,60.0,0,8,0.0,1,0.0,Muslim extremists
28070,0,159,3,363,1633,-6.613881,-76.695042,1.0,0,0.0,1,0,2,14,1809,159.0,0,5,1.0,1,0.0,Tupac Amaru Revolutionary Movement (MRTA)
44003,0,153,6,242,1029,33.671638,73.056068,1.0,0,0.0,1,0,6,15,1162,153.0,0,5,7.0,1,1.0,Muslim extremists
59958,1,4,6,389,1505,35.61831,64.249564,3.0,0,0.0,1,0,1,2,1686,4.0,0,5,1.0,0,1.0,Taliban
6241,0,155,10,338,1284,31.502407,34.459743,1.0,0,0.0,1,0,3,14,1414,97.0,0,6,0.0,1,0.0,Palestinians
63412,0,4,6,387,1503,34.516895,69.147011,1.0,0,0.0,1,0,3,2,1684,4.0,0,6,2.0,1,0.0,Taliban
69405,0,214,9,118,488,47.541172,37.780678,1.0,1,0.0,1,0,3,4,48,214.0,0,6,143.0,-9,0.0,Donetsk People's Republic
53976,0,160,5,302,1148,12.05,125.067,1.0,0,0.0,1,0,2,2,1288,160.0,0,5,0.0,1,0.0,New People's Army (NPA)
40223,0,160,5,1,26,5.9735,120.9698,1.0,0,0.0,1,0,2,2,33,160.0,0,5,1.0,0,0.0,Abu Sayyaf Group (ASG)
2272,0,603,8,161,694,54.607712,-5.95621,1.0,0,0.0,1,0,2,4,815,233.0,0,5,1.0,0,0.0,Irish Republican Army (IRA)
64924,0,228,10,43,149,15.325443,44.211895,1.0,0,0.0,1,1,3,3,260,228.0,0,6,38.0,1,0.0,Al-Qaida in the Arabian Peninsula (AQAP)
42853,0,160,5,286,1121,12.21814,123.50951,1.0,0,0.0,1,0,2,2,1270,160.0,0,5,0.0,1,1.0,New People's Army (NPA)
58026,1,45,3,262,1090,8.833333,-73.2,1.0,0,0.0,1,0,6,1,1223,45.0,0,5,0.0,0,1.0,National Liberation Army of Colombia (ELN)
25474,0,43,3,218,914,-33.366238,-70.505302,1.0,0,0.0,1,0,3,1,605,217.0,0,6,0.0,1,0.0,Manuel Rodriguez Patriotic Front (FPMR)
11830,0,145,2,319,1208,13.37984,-86.48075,1.0,0,0.0,1,0,2,4,672,145.0,0,5,12.0,1,0.0,Nicaraguan Democratic Force (FDN)
17282,0,183,11,15,57,-26.184113,28.033232,1.0,0,0.0,1,0,3,2,138,183.0,0,6,3.0,1,0.0,African National Congress (South Africa)
64185,0,95,10,29,744,36.407394,42.964626,1.0,0,0.0,1,0,3,3,880,95.0,0,6,0.0,1,0.0,Islamic State of Iraq and the Levant (ISIL)
16089,0,43,3,218,914,-33.366238,-70.505302,1.0,0,1.0,1,0,7,1,1063,43.0,0,8,0.0,1,0.0,Manuel Rodriguez Patriotic Front (FPMR)
70291,0,92,6,103,970,18.257257,81.298996,1.0,1,0.0,1,0,3,4,1119,92.0,0,6,0.0,0,0.0,Maoists
20971,0,183,11,15,85,-26.1072,28.058292,1.0,0,0.0,1,0,3,21,140,183.0,0,6,0.0,1,0.0,African National Congress (South Africa)
32906,0,603,8,161,694,54.607712,-5.95621,1.0,0,1.0,1,0,2,14,809,216.0,0,5,0.0,0,0.0,Irish Republican Army (IRA)
15996,0,92,6,366,24,31.147131,75.341218,4.0,0,0.0,1,0,2,19,1645,92.0,0,5,15.0,1,0.0,Sikh Extremists
31957,0,69,8,110,24,41.918891,8.737554,4.0,0,1.0,1,0,3,2,425,69.0,0,6,0.0,1,0.0,Corsican National Liberation Front (FLNC)
14813,0,43,3,219,923,-36.748146,-73.11232,1.0,0,0.0,1,0,3,3,1053,43.0,0,6,1.0,1,0.0,Manuel Rodriguez Patriotic Front (FPMR)
30408,0,186,6,209,894,8.964041,80.787941,1.0,0,0.0,1,0,2,4,999,186.0,0,5,6.0,1,0.0,Liberation Tigers of Tamil Eelam (LTTE)
50973,0,92,6,102,939,23.846121,84.816828,1.0,0,0.0,1,0,3,3,1096,92.0,0,6,3.0,1,0.0,Maoists
77540,0,160,5,0,14,6.601768,122.17325,1.0,0,0.0,1,0,3,4,15,160.0,0,6,0.0,0,0.0,Abu Sayyaf Group (ASG)
6579,0,155,10,335,1296,31.530243,35.094162,1.0,0,0.0,1,0,3,14,1410,97.0,0,5,4.0,1,0.0,Palestinians
64356,0,92,6,107,935,17.408542,82.715443,1.0,1,0.0,1,0,3,3,1093,92.0,0,6,0.0,0,0.0,Maoists
29711,0,159,3,224,926,-11.967368,-76.978462,1.0,0,0.0,1,0,1,3,1582,159.0,0,5,1.0,0,0.0,Shining Path (SL)
40821,1,160,5,1,18,5.544054,120.815636,1.0,0,0.0,1,0,6,14,19,160.0,0,5,0.0,0,1.0,Abu Sayyaf Group (ASG)
12572,0,21,8,79,259,51.219062,4.40289,1.0,0,0.0,1,0,3,2,406,21.0,0,6,0.0,1,0.0,Basque Fatherland and Freedom (ETA)
58294,0,45,3,262,1088,8.533734,-73.456863,1.0,0,0.0,1,0,3,21,1220,45.0,0,6,0.0,1,0.0,National Liberation Army of Colombia (ELN)
37480,0,209,10,175,758,41.106178,28.689863,1.0,0,0.0,1,0,3,14,916,209.0,0,6,1.0,1,0.0,Kurdistan Workers' Party (PKK)
21394,0,61,2,131,539,13.36899,-88.658074,1.0,0,0.0,1,0,3,19,697,61.0,0,6,0.0,1,0.0,Farabundo Marti National Liberation Front (FMLN)
17585,0,185,8,68,235,43.291618,-1.977903,1.0,0,0.0,1,0,3,4,388,185.0,0,6,5.0,1,0.0,Basque Fatherland and Freedom (ETA)
51487,0,147,11,88,279,11.704399,11.088539,1.0,1,1.0,1,0,3,3,234,147.0,0,6,0.0,1,0.0,Boko Haram
69993,0,167,9,244,1035,42.855556,47.187222,1.0,0,0.0,1,0,2,15,1167,167.0,0,5,1.0,0,0.0,Muslim extremists
32641,0,159,3,224,926,-11.967368,-76.978462,1.0,0,0.0,1,0,3,10,1561,159.0,0,6,0.0,1,0.0,Shining Path (SL)
59342,0,92,6,104,957,22.451393,86.992203,1.0,0,0.0,0,0,2,3,1110,92.0,0,5,0.0,0,0.0,Maoists
81957,0,160,5,303,1151,10.117858,123.224263,1.0,0,0.0,1,0,1,14,1289,160.0,0,5,1.0,0,0.0,New People's Army (NPA)
11327,0,155,10,335,1279,32.222271,35.253506,1.0,1,0.0,1,0,2,4,1416,97.0,0,8,0.0,0,0.0,Palestinians
25644,0,209,10,188,792,39.54068,43.682701,3.0,0,0.0,1,0,2,4,332,209.0,0,5,19.0,1,0.0,Kurdistan Workers' Party (PKK)
4672,0,185,8,68,238,43.136978,-2.073914,1.0,0,0.0,1,0,3,3,363,185.0,0,6,1.0,1,0.0,Basque Fatherland and Freedom (ETA)
52190,1,209,10,191,825,38.426625,40.670188,3.0,0,0.0,1,0,6,4,189,209.0,0,5,1.0,0,1.0,Kurdistan Workers' Party (PKK)
20875,0,43,3,222,922,-38.734133,-72.584651,1.0,0,0.0,1,0,3,21,724,43.0,0,6,0.0,1,0.0,Manuel Rodriguez Patriotic Front (FPMR)
46903,0,153,6,403,1597,34.793956,72.775814,3.0,0,0.0,1,0,1,14,1759,153.0,0,5,3.0,1,0.0,Tehrik-i-Taliban Pakistan (TTP)
60193,0,92,6,106,356,18.343586,81.882528,3.0,0,0.0,1,0,3,4,781,92.0,0,6,0.0,0,0.0,Maoists
29514,0,603,8,161,695,55.011562,-7.312045,1.0,0,0.0,1,0,3,1,783,233.0,0,6,0.0,1,0.0,Irish Republican Army (IRA)
6392,0,97,10,337,1283,31.771599,35.2034,1.0,0,0.0,0,0,3,14,1412,97.0,0,6,0.0,0,0.0,Palestinians
11783,0,61,2,131,545,13.558889,-88.43,1.0,0,0.0,1,0,2,4,708,61.0,0,5,1.0,1,0.0,Farabundo Marti National Liberation Front (FMLN)
41611,0,209,10,187,791,36.802461,34.629759,1.0,0,0.0,1,0,3,14,906,209.0,0,6,0.0,1,0.0,Kurdistan Workers' Party (PKK)
53668,0,95,10,29,115,36.354145,43.14357,1.0,0,0.0,0,0,3,15,201,95.0,0,6,0.0,0,0.0,Al-Qaida in Iraq
44328,0,160,5,8,28,7.209594,124.241966,1.0,0,0.0,0,0,3,14,6,160.0,0,6,0.0,0,0.0,Abu Sayyaf Group (ASG)
64493,0,45,3,270,1357,2.3889,-75.89255,2.0,0,0.0,0,0,3,20,6,45.0,0,6,0.0,0,0.0,Revolutionary Armed Forces of Colombia (FARC)
11372,0,145,2,326,1240,13.00583,-87.50278,1.0,0,0.0,1,0,3,11,1348,145.0,0,5,1.0,1,0.0,Nicaraguan Democratic Force (FDN)
44551,0,4,6,377,1533,31.799835,65.062271,1.0,0,0.0,0,0,1,2,1700,4.0,0,6,3.0,0,0.0,Taliban
42614,0,69,8,110,431,42.113828,8.701548,1.0,0,0.0,0,0,3,14,617,69.0,0,6,0.0,0,0.0,Corsican National Liberation Front (FLNC)
63072,0,214,9,118,473,48.020912,37.529469,1.0,0,1.0,1,0,3,4,48,214.0,0,6,1.0,-9,0.0,Donetsk People's Republic
14293,0,159,3,224,926,-11.967368,-76.978462,1.0,0,0.0,1,0,3,1,1566,159.0,0,6,0.0,1,0.0,Shining Path (SL)
82813,1,147,11,142,586,7.855064,5.343466,1.0,1,0.0,1,0,6,15,732,147.0,0,5,1.0,0,1.0,Fulani extremists
65163,0,123,11,234,1022,14.457087,-4.917815,1.0,0,0.0,1,0,2,4,20,123.0,0,5,6.0,0,0.0,Muslim extremists
52049,0,45,3,276,1340,11.378289,-72.238173,1.0,1,0.0,1,0,2,4,48,45.0,0,5,12.0,0,0.0,Revolutionary Armed Forces of Colombia (FARC)
77638,0,228,10,154,661,16.321999,42.814075,1.0,0,0.0,1,0,3,4,48,228.0,0,6,2.0,-9,0.0,Houthi extremists (Ansar Allah)
83590,0,4,6,386,1528,31.467463,64.092445,1.0,0,0.0,1,0,3,3,300,4.0,0,6,6.0,1,0.0,Taliban
7919,0,61,2,130,520,13.949826,-88.146348,1.0,0,0.0,1,0,2,4,672,61.0,0,5,1.0,1,0.0,Farabundo Marti National Liberation Front (FMLN)
54519,0,45,3,263,24,5.233187,-76.829109,4.0,0,0.0,1,0,2,3,282,45.0,0,5,0.0,-9,0.0,Revolutionary Armed Forces of Colombia (FARC)
50460,0,153,6,378,1491,30.200819,66.994354,1.0,1,0.0,1,0,7,4,1678,422.0,0,5,0.0,1,0.0,Taliban
6759,0,61,2,122,505,13.69288,-89.199161,1.0,0,1.0,1,0,3,1,152,61.0,0,6,1.0,1,0.0,Farabundo Marti National Liberation Front (FMLN)
82087,0,153,6,405,1601,34.595278,71.461111,1.0,0,1.0,0,0,1,17,1767,153.0,0,6,0.0,1,0.0,Tehrik-i-Taliban Pakistan (TTP)
11179,0,159,3,354,1399,-14.385277,-73.962606,1.0,0,0.0,1,0,2,2,1562,159.0,0,8,4.0,1,0.0,Shining Path (SL)
47518,0,160,5,0,5,6.645308,122.10184,1.0,0,0.0,0,0,1,2,5,160.0,0,6,0.0,1,0.0,Abu Sayyaf Group (ASG)
24385,0,43,3,218,914,-33.366238,-70.505302,1.0,0,0.0,1,0,3,2,1040,43.0,0,6,0.0,1,0.0,Manuel Rodriguez Patriotic Front (FPMR)
52546,0,182,11,59,210,4.73538,45.2024,1.0,0,0.0,1,0,2,4,48,65.0,0,6,3.0,-9,0.0,Al-Shabaab
36254,0,186,6,207,871,7.921328,81.52467,1.0,0,0.0,1,0,2,3,859,186.0,0,5,1.0,0,0.0,Liberation Tigers of Tamil Eelam (LTTE)
34765,0,186,6,207,850,7.733107,81.68882,1.0,0,0.0,1,0,1,2,967,186.0,0,5,1.0,0,0.0,Liberation Tigers of Tamil Eelam (LTTE)
4798,0,69,8,110,24,41.918891,8.737554,4.0,0,1.0,1,0,3,1,581,69.0,0,6,0.0,1,0.0,Corsican National Liberation Front (FLNC)
14999,0,145,2,318,1212,13.746389,-86.709722,1.0,0,0.0,1,0,2,4,672,145.0,0,5,1.0,1,0.0,Nicaraguan Democratic Force (FDN)
42159,0,186,6,207,864,7.414383,81.830633,1.0,0,0.0,1,0,2,3,969,186.0,0,5,0.0,0,0.0,Liberation Tigers of Tamil Eelam (LTTE)
26946,0,92,6,366,1432,30.898024,75.860077,1.0,1,0.0,0,0,1,2,1639,92.0,0,6,0.0,0,0.0,Sikh Extremists
53949,0,160,5,297,1140,10.916619,124.699994,1.0,0,0.0,1,0,2,4,1285,160.0,0,5,1.0,1,0.0,New People's Army (NPA)
14876,0,145,2,318,1234,13.78108,-86.5534,1.0,0,0.0,1,0,2,4,672,145.0,0,5,1.0,1,0.0,Nicaraguan Democratic Force (FDN)
44329,0,95,10,28,113,34.208416,43.890713,1.0,0,0.0,0,0,2,4,178,217.0,0,5,6.0,0,0.0,Al-Qaida in Iraq
60680,0,37,11,95,305,10.93119,13.739053,1.0,0,0.0,1,0,2,14,27,37.0,0,5,2.0,1,0.0,Boko Haram
35322,0,185,8,69,231,37.884727,-4.779152,1.0,0,1.0,0,0,3,3,354,185.0,0,6,0.0,1,0.0,Basque Fatherland and Freedom (ETA)
62157,0,95,10,26,746,34.271034,45.163567,1.0,0,0.0,1,1,3,4,48,95.0,0,6,11.0,1,0.0,Islamic State of Iraq and the Levant (ISIL)
26075,0,155,10,335,1279,32.222271,35.253506,1.0,0,0.0,0,0,1,1,1389,97.0,0,9,1.0,0,0.0,Palestinians
10954,0,145,2,326,1250,12.481654,-87.173207,1.0,0,0.0,1,0,3,1,1358,145.0,0,5,0.0,1,0.0,Nicaraguan Democratic Force (FDN)
17454,0,145,2,321,24,11.727473,-86.21585,4.0,0,0.0,1,0,2,1,1343,145.0,0,5,8.0,1,0.0,Nicaraguan Democratic Force (FDN)
24596,0,96,8,162,709,52.663857,-8.626773,1.0,0,0.0,1,0,6,2,813,233.0,0,5,0.0,0,1.0,Irish Republican Army (IRA)
18979,0,43,3,217,916,-33.024705,-71.552216,2.0,0,1.0,1,0,3,21,1034,43.0,0,6,0.0,1,0.0,Manuel Rodriguez Patriotic Front (FPMR)
70493,0,95,10,25,108,33.303566,44.371773,1.0,0,0.0,1,0,3,1,205,95.0,0,6,1.0,-9,0.0,Islamic State of Iraq and the Levant (ISIL)
18736,0,92,6,366,1456,31.633979,74.872264,3.0,0,0.0,1,0,1,1,1633,92.0,0,5,1.0,0,0.0,Sikh Extremists
71088,0,95,10,28,756,34.933361,43.412552,1.0,0,1.0,0,1,3,17,186,95.0,0,6,1.0,0,0.0,Islamic State of Iraq and the Levant (ISIL)
59200,0,147,11,137,601,7.820035,8.860315,1.0,0,1.0,1,0,2,14,27,147.0,0,5,13.0,1,0.0,Fulani extremists
12089,0,603,8,161,695,55.011562,-7.312045,1.0,0,0.0,1,0,2,4,830,233.0,0,5,1.0,1,0.0,Irish Republican Army (IRA)
22053,0,159,3,224,926,-11.967368,-76.978462,1.0,0,0.0,1,0,3,4,1828,159.0,0,6,0.0,1,0.0,Tupac Amaru Revolutionary Movement (MRTA)
9420,0,183,11,17,72,-25.674634,31.875862,1.0,0,0.0,1,0,3,3,118,183.0,0,6,0.0,1,0.0,African National Congress (South Africa)
64042,0,160,5,0,38,6.643853,122.156371,1.0,0,0.0,0,0,3,8,51,160.0,0,6,0.0,0,0.0,Abu Sayyaf Group (ASG)
39842,0,160,5,1,2,6.089515,121.105521,1.0,0,0.0,1,0,2,4,30,160.0,0,5,5.0,-9,0.0,Abu Sayyaf Group (ASG)
30292,0,45,3,265,1075,6.242026,-75.564766,1.0,0,0.0,1,0,3,1,1464,198.0,0,6,0.0,1,0.0,Revolutionary Armed Forces of Colombia (FARC)
71395,0,228,10,152,24,13.413117,43.637531,4.0,0,0.0,1,0,3,19,768,228.0,0,6,0.0,1,0.0,Houthi extremists (Ansar Allah)
53073,0,113,10,248,1036,32.867867,13.189067,1.0,0,1.0,1,0,7,15,1170,113.0,0,10,0.0,1,0.0,Muslim extremists
4894,0,603,8,161,24,54.787715,-6.492314,4.0,0,0.0,1,0,3,1,399,233.0,0,6,1.0,1,0.0,Irish Republican Army (IRA)
12651,0,183,11,15,86,-26.160098,27.872807,1.0,0,0.0,1,0,3,14,141,183.0,0,6,0.0,1,0.0,African National Congress (South Africa)
9535,0,185,8,68,229,43.258434,-2.921819,1.0,0,0.0,1,0,3,1,380,217.0,0,6,0.0,1,0.0,Basque Fatherland and Freedom (ETA)
29403,0,92,6,366,1432,30.898024,75.860077,1.0,0,0.0,1,0,3,1,1642,92.0,0,6,0.0,1,0.0,Sikh Extremists
8919,0,159,3,354,1399,-14.385277,-73.962606,1.0,0,0.0,1,0,2,3,1579,159.0,0,5,1.0,1,0.0,Shining Path (SL)
55475,1,160,5,1,22,6.050458,121.012245,1.0,0,0.0,1,0,6,1,53,160.0,0,5,0.0,0,1.0,Abu Sayyaf Group (ASG)
55952,0,60,10,230,1020,31.126646,33.800865,1.0,1,1.0,1,0,3,6,775,60.0,0,6,1.0,0,0.0,Muslim extremists
63979,0,159,3,354,1386,-12.950153,-74.020741,3.0,0,0.0,0,0,2,4,12,159.0,0,5,0.0,0,0.0,Shining Path (SL)
26321,0,45,3,343,1330,3.24114,-74.35539,3.0,0,0.0,1,0,2,4,1474,45.0,0,5,0.0,1,0.0,Revolutionary Armed Forces of Colombia (FARC)
56437,0,160,5,291,1127,14.272535,121.453144,1.0,0,0.0,1,0,7,19,656,160.0,0,8,0.0,1,0.0,New People's Army (NPA)
74546,0,200,10,172,752,34.896112,35.886553,1.0,0,1.0,1,1,3,19,883,200.0,0,6,18.0,1,0.0,Islamic State of Iraq and the Levant (ISIL)
37405,0,603,8,161,695,55.011562,-7.312045,1.0,0,0.0,1,0,8,14,799,233.0,0,9,0.0,1,0.0,Irish Republican Army (IRA)
64812,0,214,9,118,474,48.372005,37.88657,1.0,1,0.0,1,0,3,4,48,214.0,0,6,0.0,-9,0.0,Donetsk People's Republic
16378,0,145,2,323,24,12.492724,-85.520024,4.0,0,0.0,1,0,2,4,672,145.0,0,5,22.0,1,0.0,Nicaraguan Democratic Force (FDN)
20158,0,43,3,221,920,-29.906897,-71.25103,1.0,0,0.0,1,0,3,14,1047,43.0,0,6,0.0,1,0.0,Manuel Rodriguez Patriotic Front (FPMR)
73065,0,160,5,293,1133,7.189447,124.92525,1.0,0,0.0,1,0,3,3,250,160.0,0,6,0.0,1,0.0,New People's Army (NPA)
8800,0,183,11,17,92,-25.439625,31.680998,1.0,0,0.0,1,0,3,21,149,183.0,0,6,0.0,1,0.0,African National Congress (South Africa)
51231,0,160,5,1,22,6.050458,121.012245,1.0,0,0.0,1,0,3,1,49,160.0,0,6,2.0,-9,0.0,Abu Sayyaf Group (ASG)
83338,0,228,10,43,149,15.325443,44.211895,1.0,0,0.0,1,0,2,2,750,228.0,0,6,1.0,-9,0.0,Houthi extremists (Ansar Allah)
2535,0,603,8,161,694,54.607712,-5.95621,1.0,0,0.0,1,0,1,14,817,233.0,0,5,1.0,0,0.0,Irish Republican Army (IRA)
48627,0,4,6,389,1527,36.420551,64.89389,1.0,0,0.0,1,0,3,2,1696,4.0,0,6,0.0,0,0.0,Taliban
42321,0,186,6,208,849,6.874658,79.860483,1.0,0,0.0,0,0,3,10,953,186.0,0,6,0.0,0,0.0,Liberation Tigers of Tamil Eelam (LTTE)
35111,0,186,6,209,889,7.115312,81.852488,1.0,0,0.0,1,0,1,14,996,186.0,0,5,1.0,0,0.0,Liberation Tigers of Tamil Eelam (LTTE)
64884,0,228,10,40,160,14.769764,49.374268,1.0,0,0.0,1,0,2,2,250,228.0,0,5,0.0,1,0.0,Al-Qaida in the Arabian Peninsula (AQAP)
46567,1,4,6,375,1488,30.280606,62.054597,2.0,0,0.0,1,0,6,3,1676,4.0,0,5,0.0,-9,1.0,Taliban
52279,0,95,10,25,108,33.303566,44.371773,1.0,0,1.0,1,0,3,15,198,95.0,0,6,1.0,0,0.0,Al-Qaida in Iraq
25946,0,159,3,224,926,-11.967368,-76.978462,1.0,0,1.0,1,0,2,19,56,159.0,0,8,0.0,1,0.0,Shining Path (SL)
6049,0,155,10,335,1279,32.222271,35.253506,1.0,0,0.0,0,0,3,8,1422,155.0,0,6,0.0,0,0.0,Palestinians
20073,0,92,6,231,1060,34.08374,74.789902,1.0,0,0.0,1,0,3,14,1621,92.0,0,6,0.0,1,0.0,Sikh Extremists
61627,0,214,9,118,490,47.905502,38.843531,1.0,1,0.0,1,0,3,4,654,214.0,0,6,1.0,1,0.0,Donetsk People's Republic
29649,0,155,10,335,1281,31.704338,35.194355,1.0,0,0.0,1,0,2,14,1376,97.0,0,8,0.0,1,0.0,Palestinians
22009,0,92,6,231,1453,32.726602,74.857026,1.0,0,0.0,1,0,2,8,1648,92.0,0,5,0.0,1,0.0,Sikh Extremists
68391,0,173,10,155,24,16.892213,42.56892,4.0,0,0.0,1,0,3,4,48,173.0,0,6,1.0,0,0.0,Houthi extremists (Ansar Allah)
37819,0,45,3,266,1069,4.667128,-74.106056,1.0,0,0.0,0,0,3,14,1202,45.0,0,6,0.0,0,0.0,National Liberation Army of Colombia (ELN)
46784,0,160,5,1,22,6.050458,121.012245,1.0,0,0.0,1,0,3,1,13,160.0,0,6,2.0,1,0.0,Abu Sayyaf Group (ASG)
8672,0,155,10,335,1302,32.460617,35.301247,1.0,0,0.0,1,0,2,4,1415,97.0,0,8,0.0,1,0.0,Palestinians
12639,0,159,3,360,1402,-8.872222,-77.893611,1.0,0,0.0,1,0,2,4,683,159.0,0,5,25.0,1,0.0,Shining Path (SL)
14695,0,43,3,218,914,-33.366238,-70.505302,1.0,0,0.0,1,0,3,3,1030,43.0,0,6,0.0,1,0.0,Manuel Rodriguez Patriotic Front (FPMR)
80725,1,160,5,1,22,6.051232,120.999851,1.0,0,0.0,1,0,6,14,23,160.0,0,5,0.0,0,1.0,Abu Sayyaf Group (ASG)
82605,0,92,6,103,365,20.163111,80.531343,1.0,0,1.0,1,0,6,14,506,92.0,0,9,1.0,-9,1.0,Communist Party of India - Maoist (CPI-Maoist)
64709,0,182,11,54,187,4.120602,43.890526,1.0,1,0.0,1,0,2,19,296,182.0,0,5,5.0,1,0.0,Al-Shabaab
19297,0,183,11,15,65,-25.748281,28.212069,1.0,0,0.0,1,0,3,2,109,183.0,0,6,0.0,1,0.0,African National Congress (South Africa)
82749,1,160,5,1,1,6.301814,120.583623,1.0,0,0.0,1,0,6,14,1,160.0,0,5,0.0,0,1.0,Abu Sayyaf Group (ASG)
77076,0,173,10,156,684,17.565604,44.228944,2.0,0,0.0,1,0,3,4,291,173.0,0,6,0.0,-9,0.0,Houthi extremists (Ansar Allah)
36515,0,45,3,270,24,2.535935,-75.52767,4.0,0,0.0,1,0,2,2,1498,45.0,0,5,0.0,1,0.0,Revolutionary Armed Forces of Colombia (FARC)
65711,0,214,9,118,492,48.346134,38.424828,1.0,0,0.0,1,0,3,14,459,214.0,0,6,0.0,-9,0.0,Donetsk People's Republic
58342,0,147,11,86,294,11.089722,13.688376,3.0,0,0.0,1,0,3,19,56,147.0,0,6,7.0,1,0.0,Boko Haram
52325,0,153,6,402,1588,33.47483,71.48759,1.0,0,0.0,1,0,3,3,250,153.0,0,6,6.0,1,0.0,Tehrik-i-Taliban Pakistan (TTP)
73627,0,95,10,24,24,33.982013,42.594834,4.0,0,1.0,1,1,3,4,0,95.0,0,6,23.0,0,0.0,Islamic State of Iraq and the Levant (ISIL)
25271,0,209,10,181,793,37.606967,42.748044,1.0,0,0.0,1,0,2,4,332,209.0,0,5,1.0,1,0.0,Kurdistan Workers' Party (PKK)
14021,0,61,2,131,535,13.416667,-88.5,1.0,0,1.0,1,0,3,21,693,61.0,0,6,0.0,1,0.0,Farabundo Marti National Liberation Front (FMLN)
77903,0,95,10,29,115,36.354145,43.14357,1.0,0,1.0,1,0,3,14,757,95.0,0,6,4.0,-9,0.0,Islamic State of Iraq and the Levant (ISIL)
13958,0,145,2,318,1222,13.62679,-85.8254,1.0,0,0.0,1,0,2,4,332,145.0,0,5,1.0,1,0.0,Nicaraguan Democratic Force (FDN)
55813,0,182,11,55,201,-0.100689,41.908362,2.0,0,0.0,1,0,3,4,312,422.0,0,6,0.0,1,0.0,Al-Shabaab
23853,0,45,3,274,1095,10.413711,-75.533549,1.0,0,0.0,1,0,3,3,250,45.0,0,6,0.0,1,0.0,National Liberation Army of Colombia (ELN)
14529,0,145,2,328,1227,13.84504,-84.67929,1.0,0,0.0,1,0,2,4,672,145.0,0,5,1.0,1,0.0,Nicaraguan Democratic Force (FDN)
69728,0,214,9,118,487,47.108201,37.750556,1.0,1,0.0,1,0,3,4,643,214.0,0,6,2.0,-9,0.0,Donetsk People's Republic
64577,0,228,10,43,149,15.325443,44.211895,1.0,0,0.0,1,0,6,14,760,228.0,0,5,0.0,0,1.0,Houthi extremists (Ansar Allah)
38496,1,59,3,350,1351,-0.879091,-76.085601,4.0,0,0.0,1,0,6,1,1495,999.0,0,5,0.0,0,1.0,Revolutionary Armed Forces of Colombia (FARC)
63898,0,95,10,24,747,33.633442,42.816579,3.0,0,0.0,1,0,6,14,13,95.0,0,5,71.0,0,1.0,Islamic State of Iraq and the Levant (ISIL)
74604,0,160,5,1,2,6.088221,121.109329,1.0,0,0.0,1,0,2,4,48,160.0,0,5,1.0,0,0.0,Abu Sayyaf Group (ASG)
29713,0,92,6,366,1432,30.898024,75.860077,1.0,0,0.0,1,0,3,2,1064,92.0,0,6,1.0,1,0.0,Sikh Extremists
58584,0,147,11,138,620,8.698664,8.666581,1.0,0,0.0,1,0,2,14,27,147.0,0,8,5.0,1,0.0,Fulani extremists
28065,0,155,10,335,1279,32.222271,35.253506,1.0,0,0.0,1,0,8,3,250,97.0,0,2,0.0,1,0.0,Palestinians
81189,0,228,10,152,659,13.586484,44.024105,1.0,0,0.0,1,0,2,14,302,228.0,0,5,1.0,0,0.0,Houthi extremists (Ansar Allah)
21809,0,61,2,122,505,13.69288,-89.199161,1.0,0,1.0,1,0,3,21,671,61.0,0,6,0.0,1,0.0,Farabundo Marti National Liberation Front (FMLN)
74188,0,153,6,378,1491,30.200819,66.994354,1.0,0,0.0,1,0,3,3,250,153.0,0,6,0.0,1,0.0,Tehrik-i-Taliban Pakistan (TTP)
64564,0,45,3,279,1321,2.796235,-76.483157,3.0,0,0.0,1,0,3,19,1456,45.0,0,6,0.0,1,0.0,Revolutionary Armed Forces of Colombia (FARC)
3975,0,185,8,70,229,43.258434,-2.921819,1.0,0,0.0,1,0,3,21,357,185.0,0,6,2.0,1,0.0,Basque Fatherland and Freedom (ETA)
5779,0,155,10,335,1279,32.222271,35.253506,1.0,0,0.0,1,0,3,15,1379,97.0,0,6,0.0,1,0.0,Palestinians
82479,0,209,10,188,821,39.547222,44.083333,3.0,0,0.0,1,0,2,19,928,4.0,0,5,3.0,1,0.0,Kurdistan Workers' Party (PKK)
73706,0,4,6,390,1509,36.035538,68.643112,1.0,0,0.0,1,0,2,3,1688,4.0,0,5,7.0,0,0.0,Taliban
47212,0,92,6,102,355,23.982774,86.030013,1.0,0,0.0,1,0,2,19,497,92.0,0,5,0.0,1,0.0,Communist Party of India - Maoist (CPI-Maoist)
63740,1,228,10,46,164,14.030833,43.627778,3.0,0,0.0,1,0,6,4,217,228.0,0,5,16.0,1,1.0,Al-Qaida in the Arabian Peninsula (AQAP)
59457,0,95,10,30,757,35.252529,43.906586,1.0,0,1.0,0,0,1,14,887,95.0,0,6,0.0,1,0.0,Islamic State of Iraq and the Levant (ISIL)
10676,0,61,2,120,522,13.85077,-88.90406,1.0,0,0.0,1,0,2,4,683,61.0,0,5,5.0,1,0.0,Farabundo Marti National Liberation Front (FMLN)
77138,0,173,10,156,683,17.554939,44.232357,1.0,0,0.0,1,0,2,14,447,173.0,0,6,0.0,-9,0.0,Houthi extremists (Ansar Allah)
30337,0,160,5,286,1169,12.26919,123.540417,1.0,0,0.0,1,0,3,3,1303,160.0,0,6,4.0,1,0.0,New People's Army (NPA)
14399,1,145,2,331,1233,11.695904,-84.446147,1.0,0,0.0,1,0,2,2,1345,145.0,0,5,4.0,1,1.0,Nicaraguan Democratic Force (FDN)
18615,0,603,8,161,694,54.607712,-5.95621,1.0,0,0.0,1,0,3,2,835,233.0,0,6,0.0,1,0.0,Irish Republican Army (IRA)
53079,0,4,6,377,1514,31.631083,65.742226,1.0,1,0.0,0,1,1,3,1710,4.0,0,6,5.0,1,0.0,Taliban
19892,0,183,11,15,57,-26.184113,28.033232,1.0,0,0.0,1,0,3,14,116,183.0,0,6,2.0,1,0.0,African National Congress (South Africa)
65847,0,214,9,118,484,48.434017,38.221252,1.0,1,0.0,1,0,3,14,459,214.0,0,6,0.0,1,0.0,Donetsk People's Republic
36364,0,45,3,265,1338,7.883605,-76.631923,1.0,1,1.0,1,0,2,19,56,45.0,0,8,0.0,1,0.0,Revolutionary Armed Forces of Colombia (FARC)
23014,0,155,10,335,1279,32.222271,35.253506,1.0,0,0.0,0,0,7,4,699,97.0,0,8,1.0,1,0.0,Palestinians
19545,0,43,3,218,914,-33.366238,-70.505302,1.0,0,0.0,1,0,3,21,1031,43.0,0,6,0.0,1,0.0,Manuel Rodriguez Patriotic Front (FPMR)
64867,0,214,9,118,495,47.26136,37.744514,1.0,0,0.0,1,0,3,4,643,214.0,0,6,0.0,-9,0.0,Donetsk People's Republic
29073,0,209,10,197,822,37.936623,42.547486,1.0,0,0.0,1,0,2,3,929,209.0,0,5,0.0,1,0.0,Kurdistan Workers' Party (PKK)
35755,0,45,3,262,1080,7.933383,-72.600048,3.0,0,0.0,1,0,2,4,804,45.0,0,5,2.0,1,0.0,National Liberation Army of Colombia (ELN)
28668,0,61,2,122,505,13.69288,-89.199161,1.0,0,0.0,1,0,3,1,700,61.0,0,6,0.0,1,0.0,Farabundo Marti National Liberation Front (FMLN)
47461,0,153,6,403,1569,34.006004,71.53743,1.0,0,0.0,1,0,3,8,1748,153.0,0,6,0.0,1,0.0,Tehrik-i-Taliban Pakistan (TTP)
57213,0,147,11,88,309,11.74464,11.970257,1.0,0,1.0,1,0,2,3,465,147.0,0,6,21.0,1,0.0,Boko Haram
3554,0,45,3,265,1075,6.242026,-75.564766,1.0,0,0.0,1,0,1,14,1230,45.0,0,5,2.0,0,0.0,National Liberation Army of Colombia (ELN)
61681,0,60,10,230,1020,31.126646,33.800865,1.0,1,0.0,1,0,3,21,1171,60.0,0,6,0.0,1,0.0,Muslim extremists
18324,0,159,3,224,926,-11.967368,-76.978462,1.0,0,0.0,1,0,3,2,1827,159.0,0,6,0.0,1,0.0,Tupac Amaru Revolutionary Movement (MRTA)
74504,0,153,6,402,1569,34.006004,71.53743,1.0,1,0.0,1,1,3,20,6,153.0,0,6,3.0,0,0.0,Tehrik-i-Taliban Pakistan (TTP)
15140,0,603,8,161,696,54.296399,-7.871465,1.0,0,0.0,1,0,3,4,787,233.0,0,6,1.0,1,0.0,Irish Republican Army (IRA)
43282,0,186,6,211,870,8.53839,80.49328,1.0,1,0.0,1,0,3,3,972,186.0,0,6,0.0,1,0.0,Liberation Tigers of Tamil Eelam (LTTE)
46786,0,92,6,102,346,23.744186,84.504429,3.0,1,0.0,1,0,2,3,513,92.0,0,5,1.0,-9,0.0,Communist Party of India - Maoist (CPI-Maoist)
19649,0,43,3,218,914,-33.366238,-70.505302,1.0,0,0.0,0,0,1,4,1069,43.0,0,6,0.0,0,0.0,Manuel Rodriguez Patriotic Front (FPMR)
63084,0,214,9,118,486,48.595274,37.699326,1.0,1,1.0,1,0,2,4,20,214.0,0,5,0.0,0,0.0,Donetsk People's Republic
73354,0,147,11,137,580,7.732297,9.210412,2.0,0,1.0,1,0,2,14,27,147.0,0,5,1.0,1,0.0,Fulani extremists
12193,0,183,11,14,58,-29.861824,31.008293,1.0,0,0.0,1,0,3,2,125,183.0,0,6,0.0,1,0.0,African National Congress (South Africa)
18567,0,45,3,343,1316,2.47973,-72.95746,2.0,0,0.0,1,0,6,4,1454,45.0,0,5,0.0,0,1.0,Revolutionary Armed Forces of Colombia (FARC)
42242,0,141,6,227,979,29.483192,81.400457,1.0,0,0.0,1,0,3,14,1130,141.0,0,6,1.0,1,0.0,Maoists
2650,0,603,8,161,706,54.596939,-7.050618,1.0,0,0.0,1,0,1,3,805,233.0,0,5,1.0,0,0.0,Irish Republican Army (IRA)
68395,0,92,6,103,430,18.340368,81.18164,1.0,1,0.0,1,0,2,3,1125,92.0,0,5,1.0,0,0.0,Maoists
34897,0,185,8,68,243,43.003305,-2.612578,3.0,0,0.0,1,0,2,4,369,185.0,0,5,0.0,1,0.0,Basque Fatherland and Freedom (ETA)
26142,0,92,6,366,1439,30.210994,74.945474,1.0,0,0.0,1,0,1,14,1612,92.0,0,5,2.0,0,0.0,Sikh Extremists
31640,0,603,8,161,694,54.607712,-5.95621,1.0,0,1.0,1,0,2,14,802,233.0,0,5,0.0,0,0.0,Irish Republican Army (IRA)
83321,0,182,11,59,212,4.391135,46.087469,2.0,0,0.0,0,0,1,2,335,182.0,0,5,12.0,1,0.0,Al-Shabaab
53676,0,147,11,88,279,11.704399,11.088539,1.0,0,1.0,1,0,7,8,51,147.0,0,8,0.0,1,0.0,Boko Haram
24327,0,92,6,226,24,22.258652,71.192381,4.0,0,0.0,1,0,6,2,1121,92.0,0,5,0.0,0,1.0,Maoists
24354,0,45,3,267,1073,8.308585,-73.613541,1.0,0,0.0,1,0,6,1,1197,45.0,0,5,0.0,0,1.0,National Liberation Army of Colombia (ELN)
64837,0,147,11,90,591,9.228089,8.460458,2.0,0,0.0,1,0,2,14,27,147.0,0,5,15.0,1,0.0,Fulani extremists
76449,0,200,10,168,1013,36.201721,37.14352,1.0,0,1.0,1,0,3,14,736,200.0,0,6,0.0,-9,0.0,Muslim extremists
73263,0,147,11,137,618,7.816253,7.948115,2.0,0,1.0,1,0,2,14,27,147.0,0,5,2.0,1,0.0,Fulani extremists
14184,0,43,3,219,918,-36.816006,-73.037659,1.0,0,0.0,1,0,3,1,1050,217.0,0,6,0.0,1,0.0,Manuel Rodriguez Patriotic Front (FPMR)
44694,0,95,10,26,110,33.74324,44.623825,1.0,0,0.0,1,0,3,14,190,95.0,0,6,0.0,1,0.0,Al-Qaida in Iraq
65696,0,147,11,137,579,7.689167,9.250278,3.0,0,1.0,1,0,2,14,27,147.0,0,5,1.0,1,0.0,Fulani extremists
25821,0,209,10,189,814,37.887824,41.13622,1.0,0,0.0,1,0,3,4,922,209.0,0,6,0.0,1,0.0,Kurdistan Workers' Party (PKK)
48390,0,228,10,44,154,14.52618,46.844932,1.0,0,0.0,1,0,2,4,238,228.0,0,5,5.0,-9,0.0,Al-Qaida in the Arabian Peninsula (AQAP)
46320,0,92,6,102,391,24.080548,85.486537,1.0,0,1.0,1,0,3,14,536,92.0,0,6,0.0,1,0.0,Communist Party of India - Maoist (CPI-Maoist)
57344,0,92,6,102,386,23.805921,86.415512,3.0,0,0.0,1,0,7,1,530,92.0,0,8,0.0,1,0.0,Communist Party of India - Maoist (CPI-Maoist)
55774,0,147,11,86,282,11.840929,13.141459,1.0,0,0.0,1,0,2,8,460,147.0,0,5,9.0,1,0.0,Boko Haram
21491,0,43,3,218,914,-33.366238,-70.505302,1.0,0,0.0,0,0,3,2,1068,43.0,0,6,0.0,1,0.0,Manuel Rodriguez Patriotic Front (FPMR)
65839,0,147,11,92,299,10.304167,11.498889,1.0,0,1.0,1,0,2,2,458,147.0,0,5,13.0,1,0.0,Boko Haram
71815,0,45,3,265,1076,7.605683,-74.806265,3.0,0,0.0,1,0,3,3,12,45.0,0,6,3.0,0,0.0,National Liberation Army of Colombia (ELN)
28290,0,603,8,39,700,51.504387,-0.140041,1.0,0,0.0,0,0,7,1,792,216.0,0,8,0.0,1,0.0,Irish Republican Army (IRA)
13193,0,145,2,317,24,13.091683,-86.000314,4.0,0,0.0,1,0,3,19,1332,145.0,0,6,1.0,1,0.0,Nicaraguan Democratic Force (FDN)
19352,0,186,6,209,876,9.814937,80.16608,1.0,0,0.0,1,0,2,4,672,186.0,0,5,0.0,1,0.0,Liberation Tigers of Tamil Eelam (LTTE)
63390,0,4,6,379,1492,34.783249,70.107997,3.0,0,0.0,1,0,3,1,1088,4.0,0,6,3.0,0,0.0,Taliban
18551,0,155,10,338,1284,31.502407,34.459743,1.0,0,0.0,1,0,3,4,12,97.0,0,6,0.0,1,0.0,Palestinians
52268,0,147,11,86,24,12.12052,13.174035,4.0,0,0.0,1,0,2,3,12,147.0,0,5,3.0,0,0.0,Boko Haram
51068,0,182,11,53,186,2.059819,45.326115,1.0,0,1.0,1,0,2,2,317,182.0,0,5,0.0,-9,0.0,Al-Shabaab
53438,0,153,6,405,1581,34.567793,71.480221,2.0,0,0.0,1,0,2,4,1140,153.0,0,6,7.0,0,0.0,Tehrik-i-Taliban Pakistan (TTP)
20592,0,185,8,68,232,42.84964,-2.692359,1.0,0,0.0,1,0,3,1,355,185.0,0,6,0.0,1,0.0,Basque Fatherland and Freedom (ETA)
24028,0,69,8,110,439,41.366667,9.266843,1.0,0,1.0,1,0,3,1,205,69.0,0,6,0.0,1,0.0,Corsican National Liberation Front (FLNC)
7068,0,61,2,122,505,13.69288,-89.199161,1.0,0,0.0,1,0,7,2,709,61.0,0,8,1.0,1,0.0,Farabundo Marti National Liberation Front (FMLN)
5999,0,603,8,39,700,51.504387,-0.140041,1.0,0,0.0,0,0,1,1,826,216.0,0,6,0.0,0,0.0,Irish Republican Army (IRA)
42279,0,160,5,4,15,6.929089,122.07885,1.0,0,1.0,1,0,3,19,36,160.0,0,6,0.0,1,0.0,Abu Sayyaf Group (ASG)
29976,0,75,8,202,554,52.50153,13.401851,1.0,0,1.0,1,0,7,6,425,209.0,0,9,0.0,1,0.0,Kurdistan Workers' Party (PKK)
22855,0,92,6,366,1460,30.193752,74.409326,1.0,0,0.0,1,0,2,19,1637,92.0,0,5,20.0,1,0.0,Sikh Extremists
77565,1,147,11,143,592,8.658925,7.259186,2.0,0,0.0,1,0,6,14,13,147.0,0,5,1.0,1,1.0,Fulani extremists
1799,0,603,8,161,702,54.446968,-6.39292,1.0,0,0.0,1,0,1,4,795,216.0,0,5,1.0,0,0.0,Irish Republican Army (IRA)
51696,0,95,10,25,108,33.303566,44.371773,1.0,0,1.0,1,0,3,14,13,95.0,0,6,1.0,0,0.0,Al-Qaida in Iraq
60733,0,214,9,119,471,49.181837,37.27858,3.0,0,0.0,1,0,2,4,258,214.0,0,5,0.0,1,0.0,Donetsk People's Republic
41464,0,4,6,381,1515,34.417122,70.449593,1.0,0,0.0,1,0,3,12,1691,4.0,0,6,2.0,1,0.0,Taliban
71761,0,123,11,238,1025,16.766589,-3.002562,1.0,0,0.0,1,0,1,7,1158,422.0,0,5,3.0,0,0.0,Muslim extremists
46394,0,45,3,271,1087,6.95284,-71.87514,1.0,0,0.0,1,0,2,3,1461,45.0,0,5,2.0,-9,0.0,Revolutionary Armed Forces of Colombia (FARC)
39353,1,45,3,275,1097,5.449497,-74.667911,3.0,0,0.0,1,0,6,14,1239,75.0,0,5,0.0,0,1.0,National Liberation Army of Colombia (ELN)
20345,0,45,3,346,1336,3.40001,-76.23336,2.0,0,0.0,1,0,2,3,1480,45.0,0,5,0.0,1,0.0,Revolutionary Armed Forces of Colombia (FARC)
64311,0,104,11,63,200,0.731673,39.172842,1.0,0,0.0,1,0,6,14,298,104.0,0,5,15.0,0,1.0,Al-Shabaab
45843,0,153,6,403,1586,34.76548,72.328087,1.0,1,0.0,1,0,7,8,1745,153.0,0,8,0.0,1,0.0,Tehrik-i-Taliban Pakistan (TTP)
54911,0,147,11,86,282,11.840929,13.141459,1.0,0,0.0,1,0,3,4,48,147.0,0,6,3.0,0,0.0,Boko Haram
13957,0,145,2,333,1248,13.333325,-85.372013,1.0,0,0.0,1,0,2,4,332,145.0,0,5,1.0,1,0.0,Nicaraguan Democratic Force (FDN)
41688,0,4,6,382,1547,32.623739,65.456432,1.0,0,0.0,1,0,1,4,1712,4.0,0,5,3.0,0,0.0,Taliban
12233,0,137,11,18,66,-26.199643,32.138373,1.0,0,0.0,1,0,2,19,111,197.0,0,5,0.0,1,0.0,African National Congress (South Africa)
18937,0,159,3,224,926,-11.967368,-76.978462,1.0,0,0.0,1,0,3,1,425,217.0,0,6,0.0,1,0.0,Tupac Amaru Revolutionary Movement (MRTA)
39725,0,155,10,338,1299,31.355579,34.274364,1.0,0,0.0,1,0,3,14,1405,155.0,0,6,0.0,-9,0.0,Palestinians
62825,0,200,10,32,121,33.515244,36.292084,1.0,0,1.0,1,0,3,14,736,200.0,0,6,1.0,-9,0.0,Muslim extremists
46990,0,160,5,298,1171,13.493886,123.325117,1.0,0,0.0,1,0,7,16,1305,160.0,0,8,0.0,1,0.0,New People's Army (NPA)
27025,0,603,8,39,712,53.757729,-2.703441,1.0,0,0.0,0,0,7,19,820,216.0,0,8,0.0,1,0.0,Irish Republican Army (IRA)
39215,0,69,8,110,434,41.591369,9.278311,1.0,0,0.0,0,0,3,3,580,69.0,0,6,0.0,0,0.0,Corsican National Liberation Front (FLNC)
37212,0,209,10,185,784,36.967762,35.258725,3.0,0,0.0,1,0,2,4,902,209.0,0,5,1.0,0,0.0,Kurdistan Workers' Party (PKK)
51697,0,182,11,58,192,3.503923,42.236244,2.0,0,0.0,1,0,1,2,323,182.0,0,9,1.0,0,0.0,Al-Shabaab
24591,0,159,3,224,926,-11.967368,-76.978462,1.0,0,1.0,1,0,3,1,605,159.0,0,6,0.0,1,0.0,Shining Path (SL)
33034,0,209,10,182,24,37.449429,43.750656,4.0,0,0.0,1,0,2,4,332,209.0,0,5,17.0,1,0.0,Kurdistan Workers' Party (PKK)
23378,0,159,3,356,1389,-14.220983,-69.153823,3.0,0,0.0,1,0,2,1,1543,159.0,0,5,0.0,1,0.0,Shining Path (SL)
52517,0,182,11,54,187,4.120602,43.890526,1.0,1,0.0,1,0,2,4,325,65.0,0,5,11.0,1,0.0,Al-Shabaab
29702,0,159,3,224,926,-11.967368,-76.978462,1.0,0,0.0,1,0,1,14,1573,159.0,0,5,1.0,0,0.0,Shining Path (SL)
15153,0,145,2,331,1241,12.293445,-84.411145,3.0,1,0.0,1,0,2,4,672,145.0,0,5,1.0,1,0.0,Nicaraguan Democratic Force (FDN)
20018,0,45,3,271,1087,6.95284,-71.87514,1.0,0,0.0,1,0,3,21,1237,45.0,0,6,0.0,1,0.0,National Liberation Army of Colombia (ELN)
74019,0,153,6,405,1606,34.458016,71.117305,2.0,0,1.0,1,0,3,4,12,153.0,0,6,1.0,0,0.0,Tehrik-i-Taliban Pakistan (TTP)
75188,0,92,6,102,380,24.343467,84.264952,1.0,0,0.0,1,0,2,16,523,92.0,0,5,0.0,1,0.0,Communist Party of India - Maoist (CPI-Maoist)
65241,0,214,9,118,466,48.064426,37.673248,1.0,0,1.0,1,0,3,4,48,214.0,0,6,1.0,-9,0.0,Donetsk People's Republic
41278,0,160,5,11,43,14.601285,120.952293,1.0,0,0.0,1,0,3,11,61,160.0,0,6,116.0,1,0.0,Abu Sayyaf Group (ASG)
56552,0,228,10,43,149,15.325443,44.211895,1.0,0,0.0,1,0,3,4,56,228.0,0,6,6.0,1,0.0,Al-Qaida in the Arabian Peninsula (AQAP)
76247,0,160,5,5,23,7.083241,125.600998,1.0,0,0.0,1,0,3,8,875,160.0,0,6,15.0,1,0.0,Islamic State of Iraq and the Levant (ISIL)
67059,0,214,9,118,463,48.363186,37.891922,1.0,1,0.0,1,0,2,4,48,214.0,0,6,0.0,-9,0.0,Donetsk People's Republic
82462,0,209,10,182,809,37.300035,44.572792,3.0,0,0.0,1,0,3,4,48,209.0,0,6,2.0,-9,0.0,Kurdistan Workers' Party (PKK)
79033,0,45,3,266,1069,4.667128,-74.106056,1.0,0,0.0,1,0,3,3,85,45.0,0,6,1.0,1,0.0,National Liberation Army of Colombia (ELN)
5690,0,185,8,73,242,43.46096,-3.807934,1.0,0,0.0,1,0,2,3,367,185.0,0,5,3.0,1,0.0,Basque Fatherland and Freedom (ETA)
7447,0,159,3,354,1385,-13.152712,-74.218628,1.0,0,0.0,1,0,1,2,1572,159.0,0,6,0.0,1,0.0,Shining Path (SL)
17495,0,160,5,280,1112,15.544809,120.763556,1.0,0,0.0,1,0,5,14,1265,160.0,0,5,0.0,1,1.0,New People's Army (NPA)
44118,0,160,5,292,1132,8.217759,126.314871,1.0,0,0.0,1,0,2,3,1278,160.0,0,5,1.0,0,0.0,New People's Army (NPA)
16020,0,145,2,318,1222,13.62679,-85.8254,1.0,0,0.0,1,0,2,2,1338,145.0,0,5,5.0,1,0.0,Nicaraguan Democratic Force (FDN)
28382,0,159,3,352,1406,-11.161067,-75.99309,3.0,0,0.0,1,0,2,11,1583,159.0,0,5,12.0,1,0.0,Shining Path (SL)
4813,0,69,8,110,24,41.918891,8.737554,4.0,0,1.0,1,0,3,1,581,69.0,0,6,0.0,1,0.0,Corsican National Liberation Front (FLNC)
75274,0,160,5,170,748,8.002912,124.26825,2.0,0,0.0,1,0,3,4,250,160.0,0,6,1.0,1,0.0,Islamic State of Iraq and the Levant (ISIL)
1567,0,603,8,161,694,54.607712,-5.95621,1.0,0,0.0,1,0,1,4,841,216.0,0,5,1.0,0,0.0,Irish Republican Army (IRA)
69146,0,113,10,245,1032,32.069286,20.151144,1.0,0,0.0,1,1,3,4,48,113.0,0,6,4.0,0,0.0,Muslim extremists
70736,0,92,6,109,933,19.29994,80.703422,1.0,0,0.0,1,0,2,3,1092,92.0,0,5,1.0,0,0.0,Maoists
47773,0,92,6,102,376,22.959166,85.965274,1.0,0,0.0,1,0,2,3,518,92.0,0,5,1.0,-9,0.0,Communist Party of India - Maoist (CPI-Maoist)
82263,0,147,11,96,597,9.85125,8.683428,1.0,0,1.0,1,0,2,14,27,147.0,0,5,10.0,0,0.0,Fulani extremists
4811,0,69,8,110,24,41.918891,8.737554,4.0,0,1.0,1,0,3,1,581,69.0,0,6,0.0,1,0.0,Corsican National Liberation Front (FLNC)
77922,0,200,10,168,1013,36.201721,37.14352,1.0,0,1.0,1,0,3,4,1172,167.0,0,6,2.0,1,0.0,Muslim extremists
58278,0,92,6,102,966,23.165614,84.516234,3.0,0,0.0,1,0,7,14,1115,92.0,0,8,0.0,1,0.0,Maoists
53398,0,95,10,26,110,33.74324,44.623825,1.0,1,1.0,1,0,3,3,212,95.0,0,6,0.0,1,0.0,Al-Qaida in Iraq
49656,0,153,6,402,1569,34.006004,71.53743,1.0,0,0.0,1,0,3,7,1733,217.0,0,6,1.0,1,0.0,Tehrik-i-Taliban Pakistan (TTP)
43340,0,186,6,207,860,6.875271,81.830633,1.0,0,0.0,1,0,2,3,986,186.0,0,5,1.0,0,0.0,Liberation Tigers of Tamil Eelam (LTTE)
65780,0,92,6,102,368,23.846212,86.136746,3.0,0,1.0,1,0,3,19,505,92.0,0,6,0.0,1,0.0,Communist Party of India - Maoist (CPI-Maoist)
64911,0,228,10,45,169,14.0475,45.381111,3.0,0,0.0,1,0,1,14,266,228.0,0,5,5.0,1,0.0,Al-Qaida in the Arabian Peninsula (AQAP)
48126,0,153,6,366,1583,31.50547,74.34288,1.0,0,1.0,1,1,5,15,1743,153.0,0,6,28.0,1,1.0,Tehrik-i-Taliban Pakistan (TTP)
71282,0,92,6,102,975,23.384612,84.651881,1.0,1,0.0,0,0,3,20,6,92.0,0,6,0.0,0,0.0,Maoists
57969,0,153,6,404,1572,24.891115,67.143311,1.0,0,0.0,1,0,2,3,85,153.0,0,6,2.0,1,0.0,Tehrik-i-Taliban Pakistan (TTP)
20458,0,155,10,335,1305,32.113445,35.077565,1.0,0,0.0,1,0,1,2,1424,97.0,0,5,1.0,0,0.0,Palestinians
63407,0,4,6,385,1498,33.967929,68.949888,3.0,0,0.0,1,0,2,3,291,4.0,0,5,6.0,-9,0.0,Taliban
82125,0,104,11,52,206,3.154299,41.015014,2.0,0,0.0,1,0,3,4,250,104.0,0,6,2.0,1,0.0,Al-Shabaab
77736,0,228,10,152,659,13.586484,44.024105,1.0,0,0.0,1,0,3,14,757,228.0,0,6,1.0,-9,0.0,Houthi extremists (Ansar Allah)
45646,0,92,6,104,363,22.404193,87.379866,3.0,0,0.0,1,0,3,14,527,92.0,0,6,3.0,1,0.0,Communist Party of India - Maoist (CPI-Maoist)
20492,0,92,6,366,1431,30.450829,74.882875,1.0,0,0.0,1,0,1,2,1605,92.0,0,5,2.0,0,0.0,Sikh Extremists
22308,0,183,11,15,88,-26.286807,28.400863,1.0,0,0.0,1,0,3,3,145,183.0,0,6,0.0,1,0.0,African National Congress (South Africa)
49869,1,160,5,4,10,6.887752,122.154588,1.0,0,0.0,1,0,6,14,11,217.0,0,5,0.0,0,1.0,Abu Sayyaf Group (ASG)
25052,0,160,5,11,43,14.596051,120.978666,1.0,0,0.0,1,0,1,14,1286,160.0,0,5,1.0,0,0.0,New People's Army (NPA)
10180,0,603,8,161,698,54.347539,-6.656108,1.0,0,0.0,1,0,3,4,790,233.0,0,6,1.0,1,0.0,Irish Republican Army (IRA)
45623,0,92,6,102,346,23.744186,84.504429,3.0,0,0.0,1,0,2,14,519,92.0,0,5,0.0,-9,0.0,Communist Party of India - Maoist (CPI-Maoist)
34007,0,75,8,164,817,52.195807,8.581551,1.0,0,0.0,1,0,7,15,923,209.0,0,8,0.0,1,0.0,Kurdistan Workers' Party (PKK)
30575,0,209,10,183,782,38.576708,42.020709,1.0,1,0.0,1,0,1,14,901,209.0,0,5,4.0,0,0.0,Kurdistan Workers' Party (PKK)
71768,0,95,10,29,763,36.229574,42.236244,2.0,0,0.0,0,1,3,4,48,95.0,0,6,15.0,0,0.0,Islamic State of Iraq and the Levant (ISIL)
66503,0,182,11,51,193,2.14383,45.118061,1.0,0,0.0,1,0,3,2,333,182.0,0,6,2.0,1,0.0,Al-Shabaab
22570,0,159,3,224,926,-11.967368,-76.978462,1.0,0,1.0,1,0,3,1,614,159.0,0,6,0.0,1,0.0,Tupac Amaru Revolutionary Movement (MRTA)
56879,0,4,6,382,24,32.879882,66.150174,4.0,0,0.0,1,0,3,14,13,4.0,0,6,2.0,1,0.0,Taliban
41873,0,95,10,29,115,36.354145,43.14357,1.0,0,0.0,1,1,1,3,179,95.0,0,6,4.0,1,0.0,Al-Qaida in Iraq
60430,1,214,9,118,461,47.981647,37.762325,1.0,0,0.0,1,0,6,7,657,422.0,0,5,0.0,0,1.0,Donetsk People's Republic
78385,0,147,11,86,293,11.831098,13.150967,2.0,0,1.0,1,1,3,4,451,147.0,0,6,4.0,0,0.0,Boko Haram
32406,0,45,3,265,1075,6.242026,-75.564766,1.0,0,0.0,1,0,3,1,1238,45.0,0,6,0.0,1,0.0,National Liberation Army of Colombia (ELN)
45207,0,92,6,101,375,24.744071,86.457931,1.0,1,0.0,1,0,3,19,517,92.0,0,6,0.0,1,0.0,Communist Party of India - Maoist (CPI-Maoist)
14647,0,183,11,15,67,-25.718321,28.408798,1.0,0,0.0,1,0,3,3,106,183.0,0,6,0.0,1,0.0,African National Congress (South Africa)
69217,0,228,10,45,156,13.985013,45.558479,1.0,0,0.0,1,1,3,22,217,228.0,0,6,1.0,0,0.0,Al-Qaida in the Arabian Peninsula (AQAP)
68389,0,104,11,60,195,1.736307,40.056176,3.0,0,0.0,1,0,1,2,305,104.0,0,5,1.0,0,0.0,Al-Shabaab
12285,0,92,6,366,1449,29.886653,76.019607,1.0,0,0.0,1,0,1,14,1623,92.0,0,5,1.0,0,0.0,Sikh Extremists
16106,0,145,2,325,1219,12.216667,-84.033333,1.0,0,0.0,1,0,2,14,1336,145.0,0,5,1.0,1,0.0,Nicaraguan Democratic Force (FDN)
65376,0,113,10,229,1008,30.491793,18.547119,1.0,0,0.0,1,0,3,14,752,113.0,0,6,0.0,1,0.0,Muslim extremists
28754,0,92,6,366,1447,30.245796,75.842072,1.0,1,1.0,1,0,7,1,581,92.0,0,8,0.0,1,0.0,Sikh Extremists
12506,0,183,11,15,57,-26.184113,28.033232,1.0,0,0.0,1,0,1,2,128,183.0,0,8,0.0,1,0.0,African National Congress (South Africa)
19370,0,69,8,110,442,42.567651,8.757222,1.0,0,0.0,1,0,3,1,205,69.0,0,6,0.0,1,0.0,Corsican National Liberation Front (FLNC)
15469,0,45,3,269,1077,7.116294,-73.120026,1.0,0,0.0,1,0,3,2,1232,45.0,0,6,1.0,1,0.0,National Liberation Army of Colombia (ELN)
40163,1,45,3,264,24,1.637898,-77.745208,4.0,0,0.0,1,0,6,14,1212,45.0,0,5,0.0,0,1.0,National Liberation Army of Colombia (ELN)
67245,0,4,6,375,1531,31.662415,62.935134,3.0,0,0.0,1,0,3,4,48,4.0,0,6,0.0,0,0.0,Taliban
71636,0,37,11,95,307,11.162543,14.013976,1.0,0,0.0,1,1,3,14,13,37.0,0,6,8.0,-9,0.0,Boko Haram
6243,0,185,8,68,235,43.291618,-1.977903,1.0,0,0.0,1,0,1,1,387,185.0,0,5,1.0,0,0.0,Basque Fatherland and Freedom (ETA)
21603,0,92,6,366,1467,31.633979,74.872264,3.0,0,0.0,1,0,1,3,1649,92.0,0,5,2.0,0,0.0,Sikh Extremists
17972,0,186,6,207,847,8.457907,81.268402,1.0,0,1.0,1,0,7,1,1164,186.0,0,8,0.0,1,0.0,Muslim extremists
60676,0,214,9,118,459,48.596962,37.998299,1.0,0,0.0,1,0,3,4,641,214.0,0,6,0.0,1,0.0,Donetsk People's Republic
48252,1,92,6,104,401,22.577189,87.004942,1.0,0,0.0,1,0,6,14,545,92.0,0,5,0.0,0,1.0,Communist Party of India - Maoist (CPI-Maoist)
29471,0,185,8,69,227,36.686562,-6.137173,1.0,0,0.0,0,0,1,3,350,185.0,0,6,0.0,0,0.0,Basque Fatherland and Freedom (ETA)
48029,0,92,6,104,374,22.032336,87.174696,1.0,1,0.0,1,0,6,14,516,92.0,0,5,1.0,0,1.0,Communist Party of India - Maoist (CPI-Maoist)
18799,0,69,8,110,433,41.930607,8.742907,1.0,0,1.0,1,0,3,14,579,69.0,0,6,0.0,1,0.0,Corsican National Liberation Front (FLNC)
17280,0,183,11,15,57,-26.184113,28.033232,1.0,0,0.0,1,0,3,2,143,183.0,0,6,3.0,1,0.0,African National Congress (South Africa)
80526,0,92,6,102,403,23.90477,85.70469,1.0,0,0.0,1,0,6,14,547,92.0,0,5,1.0,0,1.0,Communist Party of India - Maoist (CPI-Maoist)
68448,0,45,3,262,1082,8.59674,-73.22737,2.0,0,0.0,1,0,3,4,1209,45.0,0,6,4.0,1,0.0,National Liberation Army of Colombia (ELN)
18659,0,43,3,218,914,-33.366238,-70.505302,1.0,0,0.0,1,0,3,21,670,43.0,0,6,0.0,1,0.0,Manuel Rodriguez Patriotic Front (FPMR)
15372,0,43,3,219,918,-36.816006,-73.037659,1.0,0,1.0,1,0,3,1,1037,43.0,0,6,0.0,1,0.0,Manuel Rodriguez Patriotic Front (FPMR)
38644,1,45,3,266,1069,4.667128,-74.106056,1.0,0,0.0,1,0,6,1,1496,45.0,0,5,0.0,0,1.0,Revolutionary Armed Forces of Colombia (FARC)
41413,0,173,10,241,757,24.64732,46.714581,1.0,0,0.0,1,0,2,14,1161,75.0,0,5,1.0,0,0.0,Muslim extremists
73430,0,95,10,30,735,35.320671,43.767281,3.0,0,0.0,1,0,3,4,873,95.0,0,6,2.0,1,0.0,Islamic State of Iraq and the Levant (ISIL)
57929,0,45,3,262,1098,8.608345,-73.316615,1.0,0,1.0,1,0,3,21,1242,45.0,0,6,0.0,1,0.0,National Liberation Army of Colombia (ELN)
35368,0,186,6,207,874,9.745064,80.105822,1.0,0,0.0,1,0,3,14,975,186.0,0,6,8.0,1,0.0,Liberation Tigers of Tamil Eelam (LTTE)
19557,0,43,3,218,914,-33.366238,-70.505302,1.0,0,0.0,1,0,3,19,1041,43.0,0,6,0.0,1,0.0,Manuel Rodriguez Patriotic Front (FPMR)
22679,0,92,6,367,1434,29.685693,76.990483,1.0,0,0.0,1,0,3,19,1327,92.0,0,6,13.0,1,0.0,Sikh Extremists
65671,0,214,9,118,464,48.143208,37.753361,1.0,0,0.0,1,0,3,14,459,214.0,0,6,3.0,-9,0.0,Donetsk People's Republic
7637,0,97,10,210,1290,31.070501,35.030529,1.0,0,0.0,1,0,3,14,1390,97.0,0,6,0.0,1,0.0,Palestinians
29051,0,69,8,110,437,41.772597,8.771765,1.0,0,0.0,1,0,3,1,591,69.0,0,6,0.0,1,0.0,Corsican National Liberation Front (FLNC)
77223,0,173,10,155,662,16.893194,42.57526,1.0,0,0.0,1,0,3,14,746,173.0,0,6,0.0,0,0.0,Houthi extremists (Ansar Allah)
15378,0,43,3,219,918,-36.816006,-73.037659,1.0,0,1.0,1,0,3,1,1037,43.0,0,6,0.0,1,0.0,Manuel Rodriguez Patriotic Front (FPMR)
20727,0,159,3,224,926,-11.967368,-76.978462,1.0,0,0.0,1,0,3,1,425,159.0,0,6,0.0,1,0.0,Tupac Amaru Revolutionary Movement (MRTA)
15931,0,603,8,161,718,54.238631,-7.170908,1.0,0,0.0,1,0,1,3,836,233.0,0,5,1.0,0,0.0,Irish Republican Army (IRA)
16611,0,145,2,317,1251,13.243611,-85.89596,1.0,0,0.0,1,0,2,4,672,145.0,0,5,1.0,1,0.0,Nicaraguan Democratic Force (FDN)
46745,0,4,6,261,1543,33.335258,69.928467,1.0,1,0.0,1,0,3,14,1708,4.0,0,6,1.0,1,0.0,Taliban
18803,0,61,2,123,506,14.12458,-89.293171,1.0,0,0.0,1,0,2,4,672,61.0,0,5,15.0,1,0.0,Farabundo Marti National Liberation Front (FMLN)
81700,0,228,10,42,168,13.519865,46.711736,1.0,0,0.0,1,0,2,4,20,228.0,0,6,3.0,0,0.0,Al-Qaida in the Arabian Peninsula (AQAP)
51911,0,228,10,42,162,13.129726,45.385571,1.0,1,0.0,1,0,2,4,252,228.0,0,5,6.0,-9,0.0,Al-Qaida in the Arabian Peninsula (AQAP)
45238,0,185,8,68,229,43.258434,-2.921819,1.0,0,0.0,1,0,3,1,372,216.0,0,6,0.0,-9,0.0,Basque Fatherland and Freedom (ETA)
71047,0,4,6,383,1501,33.791877,69.911399,3.0,0,1.0,1,0,2,3,1140,4.0,0,5,16.0,0,0.0,Taliban
72795,0,160,5,1,37,6.066797,121.09839,2.0,0,0.0,1,0,2,4,50,160.0,0,9,1.0,0,0.0,Abu Sayyaf Group (ASG)
48313,0,95,10,24,107,33.31065,44.038208,1.0,0,1.0,1,0,3,17,180,95.0,0,6,0.0,1,0.0,Al-Qaida in Iraq
51508,0,147,11,86,282,11.840929,13.141459,1.0,0,0.0,1,0,1,2,470,147.0,0,5,1.0,-9,0.0,Boko Haram
19490,1,45,3,265,1075,6.242026,-75.564766,1.0,0,0.0,1,0,6,7,1218,45.0,0,5,0.0,0,1.0,National Liberation Army of Colombia (ELN)
52566,0,92,6,106,379,20.7167,83.4833,2.0,0,0.0,1,0,2,14,521,92.0,0,9,1.0,0,0.0,Communist Party of India - Maoist (CPI-Maoist)
74034,0,228,10,152,659,13.586484,44.024105,1.0,0,1.0,1,0,3,4,48,228.0,0,6,0.0,-9,0.0,Houthi extremists (Ansar Allah)
41974,0,95,10,25,108,33.303566,44.371773,1.0,0,0.0,1,1,3,4,193,217.0,0,6,3.0,1,0.0,Al-Qaida in Iraq
49359,0,228,10,40,161,15.964205,48.78252,1.0,0,0.0,1,0,2,4,251,228.0,0,5,1.0,-9,0.0,Al-Qaida in the Arabian Peninsula (AQAP)
22010,0,160,5,297,1154,10.974698,124.893489,1.0,0,0.0,1,0,2,3,258,160.0,0,5,6.0,1,0.0,New People's Army (NPA)
42330,0,95,10,26,110,33.74324,44.623825,1.0,0,0.0,1,1,3,4,175,999.0,0,6,8.0,-9,0.0,Al-Qaida in Iraq
52284,0,95,10,24,107,33.31065,44.038208,1.0,1,1.0,1,0,3,3,12,95.0,0,6,1.0,0,0.0,Al-Qaida in Iraq
24347,0,45,3,265,1079,6.15782,-75.6436,1.0,0,0.0,1,0,1,14,1205,45.0,0,5,1.0,0,0.0,National Liberation Army of Colombia (ELN)
83022,0,160,5,0,20,6.664973,122.154736,1.0,0,0.0,1,0,3,1,21,160.0,0,6,0.0,-9,0.0,Abu Sayyaf Group (ASG)
16526,0,159,3,224,926,-11.967368,-76.978462,1.0,0,1.0,1,0,3,1,1553,159.0,0,6,1.0,1,0.0,Shining Path (SL)
56161,0,60,10,230,1020,31.126646,33.800865,1.0,1,0.0,1,0,3,3,1153,60.0,0,6,3.0,0,0.0,Muslim extremists
18104,0,43,3,218,914,-33.366238,-70.505302,1.0,0,0.0,1,0,3,8,1043,43.0,0,6,0.0,1,0.0,Manuel Rodriguez Patriotic Front (FPMR)
30501,0,45,3,267,24,9.337295,-73.653621,4.0,0,0.0,1,0,3,21,1204,45.0,0,6,0.0,1,0.0,National Liberation Army of Colombia (ELN)
17339,0,145,2,321,1221,11.966667,-85.166667,1.0,0,0.0,1,0,2,4,672,145.0,0,5,7.0,1,0.0,Nicaraguan Democratic Force (FDN)
10012,0,145,2,321,1207,12.1,-84.9,1.0,0,0.0,1,0,2,4,678,145.0,0,5,41.0,1,0.0,Nicaraguan Democratic Force (FDN)
55219,0,4,6,386,1521,30.54807,63.791685,3.0,0,0.0,1,0,2,3,85,4.0,0,5,4.0,1,0.0,Taliban
63475,0,228,10,37,143,13.966953,44.002258,1.0,0,1.0,1,0,7,2,161,228.0,0,8,1.0,1,0.0,Al-Qaida in the Arabian Peninsula (AQAP)
66373,0,147,11,137,608,7.905833,7.854722,2.0,0,0.0,1,0,2,14,27,147.0,0,5,95.0,1,0.0,Fulani extremists
54875,0,160,5,284,1117,7.578889,125.998056,1.0,0,1.0,1,0,3,3,85,160.0,0,6,0.0,0,0.0,New People's Army (NPA)
19313,0,159,3,360,1147,-9.147417,-78.280093,1.0,0,0.0,1,0,2,3,12,159.0,0,5,1.0,1,0.0,Shining Path (SL)
67212,0,160,5,286,1137,12.622839,123.668206,1.0,0,0.0,1,0,2,14,1282,160.0,0,5,1.0,0,0.0,New People's Army (NPA)
75415,0,160,5,0,33,6.533689,122.166731,3.0,0,0.0,1,0,3,4,40,160.0,0,6,1.0,0,0.0,Abu Sayyaf Group (ASG)
57848,0,160,5,290,1149,8.455393,125.159241,1.0,0,0.0,1,0,2,4,234,160.0,0,5,1.0,-9,0.0,New People's Army (NPA)
14109,0,43,3,218,914,-33.366238,-70.505302,1.0,0,1.0,1,0,3,21,1055,43.0,0,6,0.0,1,0.0,Manuel Rodriguez Patriotic Front (FPMR)
57096,0,4,6,394,1518,34.340449,63.752884,3.0,0,0.0,1,0,2,3,12,4.0,0,5,3.0,0,0.0,Taliban
61335,0,228,10,157,24,16.256921,43.943679,4.0,0,0.0,1,0,2,10,758,228.0,0,5,0.0,1,0.0,Houthi extremists (Ansar Allah)
17256,0,61,2,122,512,13.69288,-89.199161,1.0,0,0.0,1,0,1,4,676,61.0,0,5,1.0,0,0.0,Farabundo Marti National Liberation Front (FMLN)
70236,0,209,10,181,780,37.248723,42.471501,1.0,0,0.0,1,0,2,17,899,209.0,0,5,1.0,0,0.0,Kurdistan Workers' Party (PKK)
22586,0,43,3,218,914,-33.366238,-70.505302,1.0,0,0.0,1,0,3,14,1038,43.0,0,6,0.0,1,0.0,Manuel Rodriguez Patriotic Front (FPMR)
32624,0,183,11,14,53,-29.965819,30.882976,1.0,0,0.0,1,0,2,14,92,183.0,0,5,1.0,1,0.0,African National Congress (South Africa)
14284,0,145,2,327,1239,12.836184,-85.934374,1.0,0,0.0,1,0,2,4,332,145.0,0,5,3.0,1,0.0,Nicaraguan Democratic Force (FDN)
41699,0,185,8,71,237,40.465595,-3.696263,1.0,0,1.0,1,0,3,1,373,185.0,0,6,0.0,1,0.0,Basque Fatherland and Freedom (ETA)
15384,0,43,3,219,918,-36.816006,-73.037659,1.0,0,1.0,1,0,3,1,1037,43.0,0,6,0.0,1,0.0,Manuel Rodriguez Patriotic Front (FPMR)
39701,0,45,3,275,515,5.445543,-75.688443,1.0,0,0.0,1,0,2,14,1505,45.0,0,8,1.0,1,0.0,Revolutionary Armed Forces of Colombia (FARC)
77155,0,92,6,102,944,23.047112,84.541155,2.0,0,1.0,1,0,6,14,1102,92.0,0,5,1.0,0,1.0,Maoists
61980,0,182,11,53,186,2.059819,45.326115,1.0,0,0.0,1,0,1,2,326,182.0,0,5,1.0,1,0.0,Al-Shabaab
7484,0,155,10,338,1284,31.502407,34.459743,1.0,0,0.0,1,0,3,4,1423,97.0,0,6,1.0,1,0.0,Palestinians
21833,0,61,2,122,505,13.69288,-89.199161,1.0,0,1.0,1,0,3,1,703,61.0,0,6,0.0,1,0.0,Farabundo Marti National Liberation Front (FMLN)
23580,0,45,3,262,24,7.946283,-72.898807,4.0,0,0.0,1,0,3,21,1240,45.0,0,6,0.0,1,0.0,National Liberation Army of Colombia (ELN)
19255,0,69,8,112,438,43.296482,5.36978,1.0,0,0.0,1,0,3,1,601,69.0,0,6,0.0,1,0.0,Corsican National Liberation Front (FLNC)
40851,0,92,6,231,1044,33.931011,75.114212,1.0,0,0.0,1,0,2,4,1175,92.0,0,5,1.0,0,0.0,Muslim extremists
76145,0,95,10,167,736,35.768353,43.588966,1.0,0,0.0,1,1,3,14,475,95.0,0,6,4.0,-9,0.0,Islamic State of Iraq and the Levant (ISIL)
28046,0,209,10,184,827,37.192877,40.581143,1.0,0,0.0,1,0,2,3,933,209.0,0,5,0.0,1,0.0,Kurdistan Workers' Party (PKK)
51392,0,95,10,28,133,34.621521,43.668377,1.0,0,1.0,1,0,3,8,214,95.0,0,6,0.0,1,0.0,Al-Qaida in Iraq
75437,0,147,11,137,588,7.350826,8.836276,4.0,0,1.0,1,0,2,14,13,147.0,0,5,2.0,-9,0.0,Fulani extremists
17504,0,43,3,218,914,-33.366238,-70.505302,1.0,0,0.0,1,0,3,10,1039,43.0,0,6,0.0,1,0.0,Manuel Rodriguez Patriotic Front (FPMR)
77079,0,173,10,155,676,16.759295,43.184751,2.0,0,0.0,1,0,3,4,291,173.0,0,6,0.0,-9,0.0,Houthi extremists (Ansar Allah)
21523,0,61,2,124,538,13.5,-88.35,1.0,0,0.0,1,0,2,4,672,61.0,0,5,0.0,1,0.0,Farabundo Marti National Liberation Front (FMLN)
48210,0,153,6,402,1594,33.528893,71.056122,1.0,0,0.0,1,0,1,2,1757,153.0,0,5,1.0,0,0.0,Tehrik-i-Taliban Pakistan (TTP)
78920,0,92,6,103,962,18.792596,80.813556,1.0,0,0.0,1,0,3,4,12,92.0,0,6,1.0,0,0.0,Maoists
25335,0,185,8,68,24,43.003305,-2.612578,4.0,1,1.0,1,0,3,1,383,185.0,0,6,0.0,1,0.0,Basque Fatherland and Freedom (ETA)
38617,1,160,5,0,32,6.720228,122.030205,2.0,0,0.0,1,0,6,14,39,160.0,0,5,0.0,0,1.0,Abu Sayyaf Group (ASG)
28733,0,92,6,366,1432,30.898024,75.860077,1.0,1,1.0,1,0,7,1,581,92.0,0,8,0.0,1,0.0,Sikh Extremists
53083,0,4,6,386,1506,32.248981,63.85825,3.0,0,0.0,1,0,2,4,291,4.0,0,5,10.0,1,0.0,Taliban
21384,0,43,3,218,914,-33.366238,-70.505302,1.0,0,0.0,1,0,3,3,1026,43.0,0,6,0.0,1,0.0,Manuel Rodriguez Patriotic Front (FPMR)
75688,0,214,9,118,483,47.351321,37.931012,1.0,0,1.0,1,0,6,7,258,422.0,0,5,0.0,1,1.0,Donetsk People's Republic
43503,0,45,3,262,1332,8.21121,-73.23843,1.0,0,0.0,1,0,3,3,1477,45.0,0,6,5.0,0,0.0,Revolutionary Armed Forces of Colombia (FARC)
19871,0,61,2,125,521,13.5,-88.866667,1.0,0,0.0,1,0,2,14,681,61.0,0,5,6.0,1,0.0,Farabundo Marti National Liberation Front (FMLN)
52286,0,95,10,24,107,33.31065,44.038208,1.0,1,1.0,1,0,3,3,12,95.0,0,6,1.0,0,0.0,Al-Qaida in Iraq
79912,0,173,10,156,683,17.554939,44.232357,1.0,0,0.0,1,0,3,14,13,173.0,0,6,0.0,-9,0.0,Houthi extremists (Ansar Allah)
53361,0,228,10,40,158,15.840202,48.45438,1.0,0,0.0,1,0,3,2,56,228.0,0,6,3.0,0,0.0,Al-Qaida in the Arabian Peninsula (AQAP)
36314,0,603,8,161,695,55.011562,-7.312045,1.0,0,0.0,0,0,2,4,788,216.0,0,5,0.0,1,0.0,Irish Republican Army (IRA)
35361,0,186,6,207,892,7.529372,81.794609,1.0,1,0.0,1,0,2,3,998,186.0,0,5,4.0,1,0.0,Liberation Tigers of Tamil Eelam (LTTE)
5299,0,69,8,110,24,41.918891,8.737554,4.0,0,0.0,1,0,3,20,582,69.0,0,6,0.0,1,0.0,Corsican National Liberation Front (FLNC)
710,0,603,8,161,694,54.607712,-5.95621,1.0,0,0.0,0,0,1,4,12,216.0,0,5,1.0,0,0.0,Irish Republican Army (IRA)
9895,0,61,2,130,536,13.5,-88.9,1.0,0,0.0,1,0,2,4,683,61.0,0,5,1.0,1,0.0,Farabundo Marti National Liberation Front (FMLN)
19947,0,186,6,209,881,9.304036,80.409705,1.0,0,0.0,1,0,3,4,982,92.0,0,6,2.0,1,0.0,Liberation Tigers of Tamil Eelam (LTTE)
77017,0,160,5,0,0,6.482905,122.015549,3.0,0,0.0,1,0,2,4,0,160.0,0,5,0.0,-9,0.0,Abu Sayyaf Group (ASG)
79240,0,92,6,102,378,23.505758,84.570792,2.0,0,1.0,0,0,3,3,85,92.0,0,6,0.0,0,0.0,Communist Party of India - Maoist (CPI-Maoist)
19336,0,159,3,224,926,-11.967368,-76.978462,1.0,0,0.0,1,0,3,7,1808,217.0,0,6,0.0,1,0.0,Tupac Amaru Revolutionary Movement (MRTA)
60442,0,147,11,88,281,11.247069,12.01246,1.0,0,1.0,1,0,2,14,461,147.0,0,5,3.0,1,0.0,Boko Haram
72679,0,147,11,86,298,11.512185,14.066288,2.0,0,1.0,1,0,2,14,27,147.0,0,5,4.0,1,0.0,Boko Haram
18211,0,186,6,207,852,7.301756,81.67473,3.0,0,0.0,1,0,2,19,56,186.0,0,5,20.0,1,0.0,Liberation Tigers of Tamil Eelam (LTTE)
53672,0,147,11,88,279,11.704399,11.088539,1.0,0,0.0,1,0,7,8,51,147.0,0,8,0.0,1,0.0,Boko Haram
49257,0,92,6,102,387,23.628333,85.521111,1.0,1,1.0,1,0,3,19,531,92.0,0,6,0.0,1,0.0,Communist Party of India - Maoist (CPI-Maoist)
14581,0,145,2,330,1229,12.93808,-86.27218,1.0,0,0.0,1,0,2,4,683,145.0,0,5,0.0,1,0.0,Nicaraguan Democratic Force (FDN)
4901,0,603,8,161,701,54.253718,-7.44106,1.0,0,0.0,1,0,3,20,828,233.0,0,6,1.0,1,0.0,Irish Republican Army (IRA)
40752,0,45,3,264,1360,1.210589,-77.993327,1.0,0,0.0,1,0,3,2,1507,45.0,0,6,0.0,1,0.0,Revolutionary Armed Forces of Colombia (FARC)
35099,0,45,3,265,24,6.2675,-75.568611,4.0,0,0.0,1,0,3,21,1228,45.0,0,6,0.0,1,0.0,National Liberation Army of Colombia (ELN)
77815,0,160,5,4,36,7.099262,122.237204,1.0,0,0.0,0,0,2,14,47,160.0,0,5,2.0,0,0.0,Abu Sayyaf Group (ASG)
50861,0,228,10,38,144,12.825647,44.846416,1.0,0,0.0,0,0,1,2,243,228.0,0,5,0.0,1,0.0,Al-Qaida in the Arabian Peninsula (AQAP)
52602,0,4,6,398,1539,36.705776,68.87706,1.0,0,0.0,0,0,1,2,1705,4.0,0,6,0.0,0,0.0,Taliban
18411,0,61,2,125,24,13.495364,-88.979678,4.0,0,0.0,1,0,3,21,674,61.0,0,6,0.0,1,0.0,Farabundo Marti National Liberation Front (FMLN)
2659,0,603,8,161,714,54.553417,-6.003314,1.0,0,0.0,1,0,1,3,824,233.0,0,5,1.0,0,0.0,Irish Republican Army (IRA)
33088,0,209,10,197,24,37.927404,41.941978,1.0,0,0.0,1,0,2,4,332,209.0,0,5,0.0,1,0.0,Kurdistan Workers' Party (PKK)
15795,0,183,11,15,89,-26.250692,28.441941,1.0,0,0.0,1,0,3,3,106,183.0,0,6,0.0,1,0.0,African National Congress (South Africa)
57672,0,228,10,40,24,16.930414,49.365315,4.0,0,0.0,1,0,2,4,48,228.0,0,5,2.0,1,0.0,Al-Qaida in the Arabian Peninsula (AQAP)
13182,0,43,3,218,914,-33.366238,-70.505302,1.0,0,0.0,1,0,3,1,152,43.0,0,6,1.0,1,0.0,Manuel Rodriguez Patriotic Front (FPMR)
51073,0,228,10,42,162,13.129726,45.385571,1.0,1,0.0,1,0,2,4,265,228.0,0,5,0.0,0,0.0,Al-Qaida in the Arabian Peninsula (AQAP)
24032,0,155,10,338,1284,31.502407,34.459743,1.0,0,0.0,1,0,1,14,1382,155.0,0,9,1.0,0,0.0,Palestinians
11130,0,45,3,265,1326,6.828333,-75.513056,2.0,0,0.0,0,0,1,1,1468,45.0,0,5,0.0,0,0.0,Revolutionary Armed Forces of Colombia (FARC)
15672,0,185,8,69,239,36.539004,-4.624353,1.0,0,0.0,1,0,3,1,364,185.0,0,6,1.0,1,0.0,Basque Fatherland and Freedom (ETA)
82831,1,160,5,0,24,6.570558,122.029527,4.0,0,0.0,1,0,1,2,26,160.0,0,9,1.0,0,1.0,Abu Sayyaf Group (ASG)
7001,0,61,2,122,505,13.69288,-89.199161,1.0,0,0.0,1,0,3,1,399,61.0,0,6,0.0,1,0.0,Farabundo Marti National Liberation Front (FMLN)
78807,0,92,6,225,929,17.806766,81.157827,1.0,0,0.0,1,0,6,14,1089,92.0,0,5,1.0,0,1.0,Maoists
6847,0,603,8,161,704,54.414416,-6.976641,1.0,0,0.0,1,0,3,4,797,216.0,0,6,1.0,1,0.0,Irish Republican Army (IRA)
25206,0,45,3,279,24,2.243589,-77.010385,4.0,0,0.0,1,0,1,14,1463,45.0,0,5,8.0,0,0.0,Revolutionary Armed Forces of Colombia (FARC)
74149,0,228,10,152,659,13.586484,44.024105,1.0,0,1.0,1,0,3,14,757,228.0,0,6,0.0,-9,0.0,Houthi extremists (Ansar Allah)
63000,0,147,11,137,622,7.031136,7.777072,1.0,0,1.0,1,0,6,14,27,147.0,0,9,1.0,1,1.0,Fulani extremists
61741,0,214,9,118,461,47.981647,37.762325,1.0,0,0.0,1,0,3,19,642,214.0,0,6,0.0,1,0.0,Donetsk People's Republic
18116,0,43,3,218,914,-33.366238,-70.505302,1.0,0,0.0,1,0,3,1,614,43.0,0,6,0.0,1,0.0,Manuel Rodriguez Patriotic Front (FPMR)
20424,0,43,3,218,914,-33.366238,-70.505302,1.0,0,1.0,1,0,3,21,1035,43.0,0,6,0.0,1,0.0,Manuel Rodriguez Patriotic Front (FPMR)
66682,0,92,6,103,950,20.186773,81.081073,2.0,0,0.0,1,0,6,1,1105,92.0,0,5,0.0,0,1.0,Maoists
63543,1,113,10,245,1032,32.069286,20.151144,1.0,0,0.0,1,0,1,12,1168,113.0,0,5,1.0,0,1.0,Muslim extremists
31325,0,209,10,192,826,37.235821,39.762058,1.0,0,0.0,1,0,2,14,932,209.0,0,5,1.0,0,0.0,Kurdistan Workers' Party (PKK)
27048,0,186,6,207,853,8.577826,81.218719,1.0,1,0.0,1,0,3,4,977,186.0,0,6,2.0,1,0.0,Liberation Tigers of Tamil Eelam (LTTE)
41553,0,4,6,387,1503,34.516895,69.147011,1.0,0,0.0,1,0,3,2,1704,4.0,0,6,0.0,-9,0.0,Taliban
47206,0,92,6,101,397,25.195693,86.541023,2.0,0,0.0,1,0,7,1,542,92.0,0,8,0.0,1,0.0,Communist Party of India - Maoist (CPI-Maoist)
15366,0,92,6,366,1464,31.234401,76.505465,1.0,0,0.0,1,0,2,14,27,92.0,0,9,7.0,1,0.0,Sikh Extremists
48567,0,92,6,105,353,17.864437,81.408409,1.0,0,0.0,1,0,3,2,495,92.0,0,6,0.0,1,0.0,Communist Party of India - Maoist (CPI-Maoist)
66913,0,160,5,284,1152,7.823071,126.055367,1.0,0,0.0,1,0,2,4,1290,160.0,0,5,1.0,0,0.0,New People's Army (NPA)
66955,0,173,10,156,24,18.520277,45.69972,4.0,0,0.0,1,0,3,3,641,173.0,0,6,3.0,-9,0.0,Houthi extremists (Ansar Allah)
64293,0,104,11,52,188,3.938715,41.844707,1.0,1,0.0,1,0,6,14,298,104.0,0,5,36.0,0,1.0,Al-Shabaab
56710,0,45,3,271,1087,6.956503,-71.859529,1.0,0,0.0,0,0,3,20,6,45.0,0,6,0.0,0,0.0,National Liberation Army of Colombia (ELN)
60383,0,228,10,40,161,15.940011,48.789753,1.0,0,1.0,1,0,3,4,217,228.0,0,6,3.0,-9,0.0,Al-Qaida in the Arabian Peninsula (AQAP)
23575,0,159,3,224,926,-11.967368,-76.978462,1.0,0,0.0,1,0,1,3,1574,159.0,0,5,1.0,0,0.0,Shining Path (SL)
30978,0,155,10,338,1289,31.346964,34.30143,1.0,0,0.0,0,0,1,14,1387,155.0,0,5,0.0,0,0.0,Palestinians
33824,0,69,8,110,436,42.699997,9.447317,1.0,0,0.0,1,0,3,1,586,69.0,0,6,0.0,1,0.0,Corsican National Liberation Front (FLNC)
9046,0,110,10,336,1280,33.888523,35.503513,1.0,0,0.0,1,0,3,2,1375,110.0,0,6,0.0,1,0.0,Palestinians
18089,0,92,6,369,1450,28.960965,79.515377,2.0,0,0.0,1,0,1,14,1624,92.0,0,5,4.0,0,0.0,Sikh Extremists
65590,0,228,10,46,24,14.802222,42.951111,4.0,0,0.0,1,0,2,14,759,228.0,0,5,0.0,0,0.0,Houthi extremists (Ansar Allah)
75977,0,228,10,42,170,13.357599,45.69648,1.0,0,0.0,1,1,3,4,20,228.0,0,6,4.0,-9,0.0,Al-Qaida in the Arabian Peninsula (AQAP)
70816,0,147,11,141,616,7.877574,9.779363,2.0,0,0.0,1,0,2,14,13,147.0,0,5,5.0,0,0.0,Fulani extremists
54074,0,153,6,404,1572,24.891115,67.143311,1.0,0,0.0,1,0,3,3,1736,153.0,0,6,1.0,-9,0.0,Tehrik-i-Taliban Pakistan (TTP)
16371,0,183,11,17,81,-25.474193,30.969455,1.0,1,0.0,1,0,3,4,134,183.0,0,6,1.0,1,0.0,African National Congress (South Africa)
5217,0,69,8,111,52,48.856644,2.34233,1.0,0,0.0,1,0,3,1,590,69.0,0,6,0.0,1,0.0,Corsican National Liberation Front (FLNC)
60208,0,214,9,118,460,47.117252,37.572659,1.0,0,0.0,0,0,2,4,48,214.0,0,5,0.0,0,0.0,Donetsk People's Republic
70650,0,123,11,238,1026,20.129129,-4.338905,2.0,0,1.0,1,0,7,7,1115,422.0,0,8,0.0,1,0.0,Muslim extremists
59964,0,214,9,118,485,48.730804,37.574596,1.0,0,0.0,1,0,7,19,656,214.0,0,8,0.0,1,0.0,Donetsk People's Republic
73748,0,182,11,59,24,4.483825,45.345751,4.0,0,0.0,1,0,3,4,325,422.0,0,6,1.0,-9,0.0,Al-Shabaab
59507,1,228,10,157,668,15.667495,43.950701,1.0,0,0.0,1,0,4,4,20,228.0,0,6,5.0,1,1.0,Houthi extremists (Ansar Allah)
58356,0,153,6,402,1589,33.91758,71.562035,1.0,0,1.0,1,0,2,17,186,153.0,0,5,4.0,0,0.0,Tehrik-i-Taliban Pakistan (TTP)
32166,0,603,8,161,694,54.607712,-5.95621,1.0,0,0.0,1,0,3,1,818,233.0,0,6,0.0,1,0.0,Irish Republican Army (IRA)
74813,0,92,6,103,930,19.595851,81.663777,3.0,0,0.0,0,0,3,20,6,92.0,0,6,0.0,0,0.0,Maoists
19985,0,159,3,354,1385,-13.163874,-74.223564,2.0,1,1.0,1,0,3,21,1575,159.0,0,6,0.0,1,0.0,Shining Path (SL)
49346,0,92,6,102,354,23.806818,84.296339,2.0,0,0.0,1,0,6,14,496,92.0,0,9,1.0,0,1.0,Communist Party of India - Maoist (CPI-Maoist)
48253,0,45,3,265,1345,6.964565,-75.417688,1.0,0,0.0,1,0,7,1,1488,45.0,0,8,0.0,1,0.0,Revolutionary Armed Forces of Colombia (FARC)
63093,0,228,10,41,159,15.8275,44.793889,1.0,0,0.0,1,1,3,17,249,228.0,0,6,16.0,1,0.0,Al-Qaida in the Arabian Peninsula (AQAP)
33007,0,209,10,181,801,37.522653,42.452637,1.0,1,0.0,1,0,2,4,332,209.0,0,5,2.0,1,0.0,Kurdistan Workers' Party (PKK)
47867,0,4,6,261,1537,33.279501,69.598588,2.0,0,0.0,1,0,7,1,1702,92.0,0,8,0.0,1,0.0,Taliban
58510,0,4,6,380,1493,32.690185,62.735282,3.0,0,0.0,1,0,2,4,189,4.0,0,5,1.0,0,0.0,Taliban
4606,0,185,8,68,225,43.178205,-2.31164,1.0,0,0.0,1,0,3,3,349,185.0,0,6,2.0,1,0.0,Basque Fatherland and Freedom (ETA)
14292,0,159,3,224,926,-11.967368,-76.978462,1.0,0,0.0,1,0,7,14,1539,159.0,0,5,0.0,1,0.0,Shining Path (SL)
36639,0,45,3,265,24,6.2675,-75.568611,4.0,0,0.0,1,0,1,14,1213,45.0,0,5,2.0,0,0.0,National Liberation Army of Colombia (ELN)
65305,0,214,9,118,461,47.981647,37.762325,1.0,0,0.0,1,0,3,19,650,214.0,0,6,13.0,1,0.0,Donetsk People's Republic
48366,0,4,6,388,1508,35.672778,71.343333,1.0,0,0.0,1,0,2,2,1687,4.0,0,5,11.0,-9,0.0,Taliban
13919,0,43,3,219,917,-36.823788,-72.668472,1.0,0,1.0,1,0,3,21,692,43.0,0,6,0.0,1,0.0,Manuel Rodriguez Patriotic Front (FPMR)
59663,0,160,5,309,1166,9.000313,125.269224,1.0,0,0.0,1,0,2,3,234,160.0,0,6,0.0,-9,0.0,New People's Army (NPA)
33022,0,159,3,224,926,-11.967368,-76.978462,1.0,0,0.0,1,0,3,1,1550,159.0,0,6,0.0,1,0.0,Shining Path (SL)
45542,0,185,8,68,249,43.320698,-2.420475,1.0,0,1.0,1,0,3,3,379,185.0,0,6,0.0,1,0.0,Basque Fatherland and Freedom (ETA)
30606,0,97,10,335,1304,32.246808,35.48904,1.0,0,0.0,0,0,1,14,1421,97.0,0,9,0.0,0,0.0,Palestinians
45828,0,92,6,102,366,23.264121,85.644772,1.0,0,0.0,1,0,2,3,507,92.0,0,5,5.0,0,0.0,Communist Party of India - Maoist (CPI-Maoist)
81767,0,123,11,140,573,15.329201,-0.001457,2.0,0,0.0,1,0,6,14,27,123.0,0,5,4.0,0,1.0,Fulani extremists
39281,0,141,6,214,952,27.862527,85.113974,1.0,0,1.0,1,0,7,3,1107,141.0,0,5,0.0,1,0.0,Maoists
67060,0,214,9,118,464,48.143208,37.753361,1.0,1,0.0,1,0,2,4,48,214.0,0,6,0.0,1,0.0,Donetsk People's Republic
3934,0,185,8,70,229,43.258434,-2.921819,1.0,0,0.0,0,0,2,3,356,185.0,0,5,0.0,0,0.0,Basque Fatherland and Freedom (ETA)
59905,0,160,5,283,1115,16.990875,120.73286,3.0,0,0.0,1,0,2,4,1267,160.0,0,5,3.0,0,0.0,New People's Army (NPA)
21247,0,209,10,181,808,37.157409,42.567582,1.0,1,0.0,1,0,7,1,918,209.0,0,5,0.0,1,0.0,Kurdistan Workers' Party (PKK)
68667,0,147,11,88,279,11.704399,11.088539,1.0,0,0.0,1,1,3,15,445,147.0,0,6,7.0,-9,0.0,Boko Haram
40390,0,160,5,4,15,6.929089,122.07885,1.0,0,0.0,1,0,3,14,60,160.0,0,6,1.0,1,0.0,Abu Sayyaf Group (ASG)
58326,0,200,10,168,1013,36.201721,37.14352,1.0,0,0.0,1,0,3,4,48,200.0,0,6,6.0,1,0.0,Muslim extremists
14739,0,43,3,218,914,-33.366238,-70.505302,1.0,0,0.0,1,0,3,2,1046,43.0,0,6,0.0,1,0.0,Manuel Rodriguez Patriotic Front (FPMR)
29351,0,45,3,265,1072,7.243889,-76.435556,1.0,0,0.0,1,0,2,4,332,45.0,0,5,3.0,1,0.0,National Liberation Army of Colombia (ELN)
71615,0,60,10,230,1011,31.250196,34.24128,1.0,0,0.0,1,0,2,4,189,60.0,0,5,1.0,0,0.0,Muslim extremists
45872,0,153,6,405,1591,32.306099,69.579956,1.0,1,0.0,1,0,2,14,1753,153.0,0,5,1.0,-9,0.0,Tehrik-i-Taliban Pakistan (TTP)
76152,0,209,10,182,831,37.377975,44.085653,1.0,0,0.0,1,0,2,1,911,209.0,0,5,2.0,0,0.0,Kurdistan Workers' Party (PKK)
24851,0,43,3,218,914,-33.366238,-70.505302,1.0,0,0.0,1,0,3,1,1051,43.0,0,6,0.0,1,0.0,Manuel Rodriguez Patriotic Front (FPMR)
4790,0,69,8,110,24,41.918891,8.737554,4.0,0,1.0,1,0,3,1,581,69.0,0,6,0.0,1,0.0,Corsican National Liberation Front (FLNC)
19890,0,159,3,224,926,-11.967368,-76.978462,1.0,0,0.0,1,0,7,1,1823,159.0,0,8,0.0,1,0.0,Tupac Amaru Revolutionary Movement (MRTA)
12981,0,92,6,368,1437,28.585836,77.153336,1.0,0,0.0,1,0,1,2,1610,92.0,0,5,1.0,0,0.0,Sikh Extremists
43180,0,186,6,64,888,9.718224,80.018501,1.0,0,0.0,1,0,2,14,995,186.0,0,5,1.0,0,0.0,Liberation Tigers of Tamil Eelam (LTTE)
64271,0,95,10,25,108,33.303566,44.371773,1.0,0,0.0,1,0,3,14,890,95.0,0,6,2.0,-9,0.0,Islamic State of Iraq and the Levant (ISIL)
53395,0,95,10,33,122,32.533287,45.829453,1.0,0,1.0,1,1,3,3,20,95.0,0,6,6.0,1,0.0,Al-Qaida in Iraq
41725,0,95,10,25,108,33.303566,44.371773,1.0,0,0.0,1,1,3,4,213,95.0,0,6,2.0,1,0.0,Al-Qaida in Iraq
67385,0,214,9,118,464,48.143208,37.753361,1.0,1,0.0,1,0,3,4,250,214.0,0,6,4.0,1,0.0,Donetsk People's Republic
32599,0,45,3,346,1329,3.429344,-76.516037,1.0,0,0.0,0,0,3,6,1473,45.0,0,6,0.0,1,0.0,Revolutionary Armed Forces of Colombia (FARC)
25975,0,159,3,224,926,-11.967368,-76.978462,1.0,0,0.0,1,0,7,8,1829,159.0,0,8,0.0,1,0.0,Tupac Amaru Revolutionary Movement (MRTA)
8758,0,183,11,15,76,-26.252697,27.870275,1.0,0,0.0,1,0,3,2,123,183.0,0,6,0.0,1,0.0,African National Congress (South Africa)
18092,0,45,3,270,24,2.535935,-75.52767,4.0,0,0.0,1,0,2,4,1455,45.0,0,5,2.0,1,0.0,Revolutionary Armed Forces of Colombia (FARC)
76274,0,153,6,405,1599,34.552243,71.257927,2.0,0,1.0,1,0,3,3,1761,153.0,0,6,1.0,0,0.0,Tehrik-i-Taliban Pakistan (TTP)
26149,0,160,5,280,1138,15.602634,121.051438,1.0,0,0.0,1,0,2,2,1283,160.0,0,5,3.0,1,0.0,New People's Army (NPA)
50784,0,95,10,34,1039,33.057991,44.354839,1.0,0,0.0,1,0,3,14,182,95.0,0,6,2.0,0,0.0,Muslim extremists
55604,0,182,11,55,189,-0.357847,42.54665,1.0,0,0.0,0,0,1,10,322,182.0,0,5,0.0,0,0.0,Al-Shabaab
51014,0,92,6,103,977,18.583752,80.769661,1.0,0,0.0,1,0,2,1,1128,92.0,0,5,0.0,1,0.0,Maoists
67828,0,214,9,118,462,47.098835,37.81987,1.0,0,0.0,1,0,2,4,643,214.0,0,6,1.0,-9,0.0,Donetsk People's Republic
47914,0,95,10,25,108,33.303566,44.371773,1.0,0,1.0,1,0,3,15,202,95.0,0,6,1.0,-9,0.0,Al-Qaida in Iraq
27979,0,45,3,346,1358,3.420628,-76.522119,3.0,0,0.0,1,0,1,2,1504,45.0,0,5,2.0,0,0.0,Revolutionary Armed Forces of Colombia (FARC)
80576,0,95,10,29,115,36.354145,43.14357,1.0,0,1.0,1,0,3,4,48,95.0,0,6,2.0,1,0.0,Islamic State of Iraq and the Levant (ISIL)
30187,0,209,10,200,829,40.93796,40.058001,1.0,0,0.0,1,0,1,8,935,209.0,0,5,1.0,0,0.0,Kurdistan Workers' Party (PKK)
68866,0,147,11,88,316,11.763937,12.263129,1.0,0,1.0,1,0,2,14,27,147.0,0,5,0.0,1,0.0,Boko Haram
51192,0,147,11,88,317,12.885844,11.930042,1.0,0,0.0,1,0,1,2,471,147.0,0,5,1.0,0,0.0,Boko Haram
14648,0,43,3,218,914,-33.366238,-70.505302,1.0,0,0.0,1,0,3,19,1065,43.0,0,6,0.0,1,0.0,Manuel Rodriguez Patriotic Front (FPMR)
57540,0,228,10,43,149,15.325443,44.211895,1.0,0,0.0,1,0,2,1,257,35.0,0,5,1.0,0,0.0,Al-Qaida in the Arabian Peninsula (AQAP)
62723,0,214,9,118,461,47.981647,37.762325,1.0,0,0.0,1,0,3,4,646,214.0,0,6,0.0,1,0.0,Donetsk People's Republic
30628,0,603,8,161,710,54.159548,-6.458147,1.0,0,0.0,1,0,1,14,814,233.0,0,5,1.0,0,0.0,Irish Republican Army (IRA)
70882,0,160,5,0,5,6.649966,122.133527,1.0,0,0.0,0,0,3,20,6,160.0,0,6,0.0,0,0.0,Abu Sayyaf Group (ASG)
33599,0,45,3,265,1084,6.978951,-75.296249,1.0,0,0.0,1,0,3,3,859,45.0,0,6,12.0,1,0.0,National Liberation Army of Colombia (ELN)
44142,0,95,10,24,124,33.420948,43.295662,1.0,0,0.0,1,0,3,14,194,95.0,0,6,3.0,0,0.0,Al-Qaida in Iraq
67100,0,153,6,402,1569,34.006004,71.53743,1.0,0,0.0,1,0,3,3,12,153.0,0,6,1.0,1,0.0,Tehrik-i-Taliban Pakistan (TTP)
55942,0,228,10,40,153,14.54397,49.12458,1.0,0,0.0,1,0,2,2,236,228.0,0,5,1.0,0,0.0,Al-Qaida in the Arabian Peninsula (AQAP)
27095,0,185,8,69,226,36.621787,-4.500273,1.0,0,0.0,1,0,3,3,273,185.0,0,6,0.0,1,0.0,Basque Fatherland and Freedom (ETA)
8956,0,159,3,355,1387,-10.680652,-76.259918,1.0,0,0.0,1,0,3,21,670,159.0,0,6,1.0,1,0.0,Shining Path (SL)
55290,1,160,5,284,1160,7.373618,125.949926,1.0,0,0.0,1,0,6,3,1297,160.0,0,5,1.0,0,1.0,New People's Army (NPA)
80443,0,92,6,102,394,23.770186,84.417259,2.0,0,0.0,1,0,7,1,539,92.0,0,8,0.0,1,0.0,Communist Party of India - Maoist (CPI-Maoist)
79359,0,95,10,29,733,36.289417,42.411853,1.0,1,0.0,0,1,3,6,775,95.0,0,6,18.0,0,0.0,Islamic State of Iraq and the Levant (ISIL)
70657,0,153,6,366,1604,30.705992,70.648447,1.0,0,0.0,1,1,3,22,1770,153.0,0,6,10.0,0,0.0,Tehrik-i-Taliban Pakistan (TTP)
64408,0,28,9,236,1023,45.183961,15.828342,1.0,0,0.0,0,0,1,15,1156,28.0,0,9,0.0,0,0.0,Muslim extremists
61708,0,113,10,248,1036,32.867867,13.189067,1.0,0,0.0,1,0,3,6,775,113.0,0,6,0.0,1,0.0,Muslim extremists
72409,0,228,10,40,24,16.930414,49.365315,4.0,0,0.0,1,0,3,4,250,228.0,0,6,4.0,1,0.0,Al-Qaida in the Arabian Peninsula (AQAP)
39070,0,185,8,75,246,41.656285,-0.876533,1.0,0,0.0,1,0,1,2,374,185.0,0,5,1.0,0,0.0,Basque Fatherland and Freedom (ETA)
41813,0,160,5,9,40,6.11622,125.169395,1.0,0,1.0,1,0,3,1,6,160.0,0,6,5.0,1,0.0,Abu Sayyaf Group (ASG)
76117,0,209,10,190,816,39.018605,40.574546,1.0,1,0.0,1,0,3,4,48,209.0,0,6,1.0,0,0.0,Kurdistan Workers' Party (PKK)
16155,0,92,6,370,1451,30.733315,76.779418,1.0,0,0.0,1,0,1,2,1632,92.0,0,5,1.0,0,0.0,Sikh Extremists
6581,0,185,8,68,235,43.291618,-1.977903,1.0,0,0.0,1,0,1,3,360,185.0,0,5,1.0,0,0.0,Basque Fatherland and Freedom (ETA)
27541,0,159,3,224,926,-11.967368,-76.978462,1.0,0,1.0,1,0,3,1,399,159.0,0,6,0.0,1,0.0,Tupac Amaru Revolutionary Movement (MRTA)
15090,0,159,3,224,926,-11.967368,-76.978462,1.0,0,0.0,1,0,3,1,1812,159.0,0,6,0.0,1,0.0,Tupac Amaru Revolutionary Movement (MRTA)
17046,0,183,11,15,60,-25.988884,28.173653,1.0,0,1.0,1,0,2,19,100,183.0,0,8,0.0,1,0.0,African National Congress (South Africa)
51655,0,153,6,405,1575,32.56699,69.831711,1.0,0,0.0,1,0,2,4,20,153.0,0,5,1.0,-9,0.0,Tehrik-i-Taliban Pakistan (TTP)
11624,0,61,2,131,542,13.616667,-88.4,1.0,0,0.0,1,0,2,4,699,61.0,0,5,2.0,1,0.0,Farabundo Marti National Liberation Front (FMLN)
28759,0,159,3,363,1637,-7.794691,-76.196402,3.0,0,0.0,1,0,2,17,332,159.0,0,5,50.0,1,0.0,Tupac Amaru Revolutionary Movement (MRTA)
77530,0,182,11,53,186,2.059819,45.326115,1.0,0,0.0,1,0,2,4,189,182.0,0,5,1.0,1,0.0,Al-Shabaab
13661,0,145,2,327,1254,12.822269,-86.002138,2.0,1,0.0,1,0,3,19,1357,145.0,0,5,3.0,1,0.0,Nicaraguan Democratic Force (FDN)
10495,0,45,3,266,1069,4.667128,-74.106056,1.0,0,0.0,1,0,5,10,1195,69.0,0,5,0.0,1,1.0,National Liberation Army of Colombia (ELN)
10661,0,61,2,126,515,13.703735,-88.804566,1.0,0,0.0,1,0,2,4,683,61.0,0,5,1.0,1,0.0,Farabundo Marti National Liberation Front (FMLN)
25332,0,209,10,181,788,37.330592,42.187274,1.0,0,0.0,1,0,2,3,250,209.0,0,5,1.0,1,0.0,Kurdistan Workers' Party (PKK)
16953,0,159,3,359,1634,-18.006645,-70.246245,1.0,0,0.0,1,0,2,10,1061,159.0,0,5,0.0,1,0.0,Tupac Amaru Revolutionary Movement (MRTA)
57639,0,228,10,151,682,17.04146,44.107291,3.0,0,1.0,1,0,3,15,198,228.0,0,6,0.0,1,0.0,Houthi extremists (Ansar Allah)
80168,0,92,6,104,1038,23.218062,88.09873,2.0,0,0.0,1,0,3,14,425,92.0,0,6,0.0,1,0.0,Muslim extremists
66405,0,153,6,402,1608,34.102074,71.47802,1.0,0,0.0,1,0,1,1,1772,153.0,0,5,1.0,1,0.0,Tehrik-i-Taliban Pakistan (TTP)
66760,0,228,10,38,144,12.825647,44.846416,1.0,0,0.0,1,0,3,14,752,228.0,0,6,0.0,-9,0.0,Houthi extremists (Ansar Allah)
75207,0,92,6,106,981,18.863646,82.876863,1.0,0,0.0,0,0,3,20,6,92.0,0,6,0.0,0,0.0,Maoists
18132,0,97,10,209,1282,32.581387,35.182465,1.0,0,0.0,1,0,1,4,1377,97.0,0,9,1.0,0,0.0,Palestinians
65081,0,214,9,118,469,47.805,37.576667,1.0,0,0.0,1,0,3,4,643,214.0,0,6,0.0,-9,0.0,Donetsk People's Republic
62687,0,95,10,24,743,33.391567,43.854069,1.0,0,0.0,1,0,2,4,273,95.0,0,5,2.0,-9,0.0,Islamic State of Iraq and the Levant (ISIL)
80516,0,160,5,0,17,6.491515,122.141717,1.0,0,0.0,1,0,2,3,18,160.0,0,6,2.0,-9,0.0,Abu Sayyaf Group (ASG)
9676,0,159,3,357,1392,-13.952269,-71.653815,1.0,0,0.0,1,0,1,14,1548,159.0,0,5,2.0,0,0.0,Shining Path (SL)
15188,0,61,2,124,519,13.491242,-88.173134,1.0,0,0.0,1,0,2,4,683,61.0,0,5,3.0,1,0.0,Farabundo Marti National Liberation Front (FMLN)
18854,0,92,6,371,1462,28.095366,74.984953,1.0,0,0.0,1,0,1,14,1641,92.0,0,5,2.0,0,0.0,Sikh Extremists
68042,0,160,5,0,12,6.550444,122.106467,2.0,0,0.0,0,0,2,14,13,160.0,0,5,0.0,0,0.0,Abu Sayyaf Group (ASG)
82150,0,228,10,43,149,15.325443,44.211895,1.0,0,0.0,0,0,1,2,744,228.0,0,5,0.0,0,0.0,Houthi extremists (Ansar Allah)
64831,0,214,9,118,470,47.313381,37.805458,1.0,0,0.0,1,0,2,4,48,214.0,0,6,0.0,-9,0.0,Donetsk People's Republic
23990,0,69,8,110,431,42.113828,8.701548,1.0,0,0.0,1,0,3,1,577,69.0,0,6,0.0,1,0.0,Corsican National Liberation Front (FLNC)
57389,0,92,6,103,395,20.261553,81.460083,3.0,0,1.0,0,0,3,2,1124,92.0,0,6,0.0,0,0.0,Maoists
5764,0,69,8,111,52,48.856644,2.34233,1.0,0,0.0,1,0,3,2,619,69.0,0,6,0.0,1,0.0,Corsican National Liberation Front (FLNC)
70304,0,173,10,155,677,16.800006,43.149996,2.0,0,1.0,1,0,2,3,85,173.0,0,5,2.0,0,0.0,Houthi extremists (Ansar Allah)
27446,0,159,3,352,918,-11.918478,-75.312889,1.0,0,0.0,1,0,1,3,1538,159.0,0,5,3.0,0,0.0,Shining Path (SL)
55211,0,92,6,102,345,23.395833,84.238515,1.0,0,0.0,1,0,3,14,488,92.0,0,6,0.0,1,0.0,Communist Party of India - Maoist (CPI-Maoist)
60386,0,228,10,40,161,15.940011,48.789753,1.0,0,1.0,1,0,3,2,161,228.0,0,6,3.0,-9,0.0,Al-Qaida in the Arabian Peninsula (AQAP)
51259,0,95,10,24,109,34.160587,42.37254,1.0,0,1.0,1,0,2,3,20,95.0,0,5,14.0,0,0.0,Al-Qaida in Iraq
56966,0,95,10,25,108,33.303566,44.371773,1.0,0,1.0,1,0,3,14,13,95.0,0,6,0.0,0,0.0,Islamic State of Iraq and the Levant (ISIL)
58357,0,147,11,90,286,11.063275,7.700373,1.0,0,0.0,1,0,2,15,446,147.0,0,5,3.0,1,0.0,Boko Haram
61090,0,214,9,118,485,48.740385,37.590927,2.0,1,0.0,1,0,2,4,249,214.0,0,6,4.0,1,0.0,Donetsk People's Republic
65905,0,228,10,40,153,14.54397,49.12458,1.0,0,0.0,1,0,1,3,254,228.0,0,5,2.0,1,0.0,Al-Qaida in the Arabian Peninsula (AQAP)
82737,0,147,11,89,313,7.561418,6.242905,1.0,0,0.0,1,0,2,3,12,147.0,0,5,3.0,0,0.0,Boko Haram
16436,0,61,2,131,523,13.516667,-88.383333,1.0,0,1.0,1,0,3,21,692,61.0,0,6,0.0,1,0.0,Farabundo Marti National Liberation Front (FMLN)
76627,0,95,10,28,742,34.458684,43.795649,3.0,0,0.0,1,0,3,14,346,95.0,0,6,0.0,1,0.0,Islamic State of Iraq and the Levant (ISIL)
59289,0,182,11,51,207,1.800153,44.907244,1.0,0,0.0,1,0,2,4,249,422.0,0,6,1.0,-9,0.0,Al-Shabaab
35140,0,159,3,224,926,-11.967368,-76.978462,1.0,0,0.0,1,0,3,1,1546,159.0,0,6,0.0,1,0.0,Shining Path (SL)
78545,0,228,10,152,659,13.586484,44.024105,1.0,0,1.0,1,0,3,14,757,228.0,0,6,3.0,1,0.0,Houthi extremists (Ansar Allah)
17768,0,183,11,15,57,-26.184113,28.033232,1.0,0,0.0,1,0,3,4,108,183.0,0,6,1.0,1,0.0,African National Congress (South Africa)
82930,0,147,11,86,282,11.868845,13.251158,1.0,1,0.0,1,1,3,3,217,147.0,0,6,2.0,0,0.0,Boko Haram
81648,0,95,10,26,135,33.953167,44.921906,1.0,0,0.0,1,1,3,1,885,95.0,0,6,1.0,-9,0.0,Islamic State of Iraq and the Levant (ISIL)
78551,0,182,11,51,193,2.14383,45.118061,1.0,0,0.0,1,0,2,4,303,182.0,0,6,6.0,-9,0.0,Al-Shabaab
54205,0,147,11,93,300,11.974328,8.50026,1.0,0,0.0,1,0,2,15,198,147.0,0,5,3.0,0,0.0,Boko Haram
64822,0,228,10,40,173,15.914915,48.650745,1.0,0,0.0,1,0,3,3,250,228.0,0,6,4.0,1,0.0,Al-Qaida in the Arabian Peninsula (AQAP)
71681,0,160,5,290,1126,7.833119,124.813742,2.0,0,0.0,1,0,3,3,12,160.0,0,6,1.0,1,0.0,New People's Army (NPA)
70784,0,92,6,106,937,19.311728,84.691057,1.0,0,0.0,0,0,3,20,6,92.0,0,6,0.0,0,0.0,Maoists
49759,0,153,6,402,1569,34.006004,71.53743,1.0,0,1.0,1,0,3,1,1763,153.0,0,6,18.0,1,0.0,Tehrik-i-Taliban Pakistan (TTP)
71593,1,4,6,377,1514,31.497145,65.838674,1.0,1,0.0,1,0,5,4,1690,422.0,0,5,73.0,-9,1.0,Taliban
61570,0,160,5,284,1139,7.833053,125.816497,1.0,0,1.0,1,0,3,4,1284,160.0,0,6,0.0,0,0.0,New People's Army (NPA)
81110,0,228,10,152,659,13.586484,44.024105,1.0,0,0.0,1,0,3,14,652,228.0,0,6,1.0,-9,0.0,Houthi extremists (Ansar Allah)
29758,0,97,10,337,1283,31.771599,35.2034,1.0,0,0.0,1,0,7,2,1413,97.0,0,8,0.0,1,0.0,Palestinians
10089,0,603,8,161,694,54.607712,-5.95621,1.0,0,0.0,0,0,1,3,789,233.0,0,5,0.0,0,0.0,Irish Republican Army (IRA)
64450,0,147,11,96,306,9.932665,8.885476,1.0,0,1.0,1,1,3,1,463,147.0,0,6,20.0,1,0.0,Boko Haram
45294,0,95,10,25,108,33.303566,44.371773,1.0,0,1.0,1,0,3,14,210,95.0,0,6,8.0,1,0.0,Al-Qaida in Iraq
63793,0,147,11,89,283,7.78811,6.729729,1.0,0,0.0,1,0,3,3,443,147.0,0,6,1.0,1,0.0,Boko Haram
31958,0,69,8,110,24,41.918891,8.737554,4.0,0,1.0,1,0,3,2,425,69.0,0,6,0.0,1,0.0,Corsican National Liberation Front (FLNC)
39205,1,160,5,0,34,6.62139,122.143825,1.0,0,0.0,1,0,6,14,42,160.0,0,9,4.0,1,1.0,Abu Sayyaf Group (ASG)
41863,0,95,10,27,111,35.45211,44.375465,1.0,1,0.0,0,0,3,2,176,95.0,0,6,0.0,0,0.0,Al-Qaida in Iraq
51249,0,153,6,402,1595,31.834328,70.90905,1.0,0,0.0,1,1,3,3,1747,153.0,0,6,1.0,1,0.0,Tehrik-i-Taliban Pakistan (TTP)
40449,0,45,3,266,1069,4.667128,-74.106056,1.0,0,0.0,1,0,3,2,1462,45.0,0,6,0.0,1,0.0,Revolutionary Armed Forces of Colombia (FARC)
52674,0,95,10,28,123,34.881348,44.62513,1.0,0,1.0,1,0,3,14,13,95.0,0,6,0.0,-9,0.0,Al-Qaida in Iraq
23075,0,183,11,15,90,-26.371483,28.408806,1.0,0,0.0,0,0,3,3,139,183.0,0,6,1.0,1,0.0,African National Congress (South Africa)
15998,0,185,8,68,234,43.054198,-2.178116,1.0,0,0.0,1,0,3,3,359,185.0,0,6,0.0,1,0.0,Basque Fatherland and Freedom (ETA)
53688,0,95,10,26,112,33.100529,44.584492,1.0,0,0.0,1,0,3,14,177,95.0,0,6,1.0,0,0.0,Al-Qaida in Iraq
48982,0,228,10,42,152,13.887403,45.863647,1.0,0,0.0,1,0,3,4,235,228.0,0,6,0.0,1,0.0,Al-Qaida in the Arabian Peninsula (AQAP)
34779,0,186,6,207,851,9.748074,79.882883,1.0,0,0.0,1,0,3,4,955,186.0,0,6,2.0,1,0.0,Liberation Tigers of Tamil Eelam (LTTE)
29062,0,92,6,365,24,26.846709,80.946159,4.0,0,0.0,1,0,1,14,1616,92.0,0,5,3.0,0,0.0,Sikh Extremists
8187,0,603,8,161,697,54.077313,-6.608787,1.0,0,0.0,1,0,3,20,6,233.0,0,6,0.0,1,0.0,Irish Republican Army (IRA)
31963,0,69,8,110,24,41.918891,8.737554,4.0,0,1.0,1,0,3,2,425,69.0,0,6,0.0,1,0.0,Corsican National Liberation Front (FLNC)
76416,0,153,6,404,1570,28.000466,68.728471,1.0,0,1.0,1,1,3,15,1752,153.0,0,6,1.0,-9,0.0,Tehrik-i-Taliban Pakistan (TTP)
68915,0,45,3,265,1317,7.583191,-75.399966,3.0,0,0.0,1,0,3,19,1456,45.0,0,6,0.0,-9,0.0,Revolutionary Armed Forces of Colombia (FARC)
69108,0,214,9,118,463,48.363186,37.891922,1.0,0,0.0,1,0,2,4,643,214.0,0,6,0.0,0,0.0,Donetsk People's Republic
50118,0,228,10,38,144,12.825647,44.846416,1.0,0,0.0,0,1,1,2,248,228.0,0,6,1.0,1,0.0,Al-Qaida in the Arabian Peninsula (AQAP)
20569,0,186,6,207,848,7.716666,81.700188,3.0,0,0.0,1,0,2,4,12,92.0,0,5,3.0,1,0.0,Liberation Tigers of Tamil Eelam (LTTE)
69384,0,209,10,180,24,39.10617,39.548259,4.0,0,0.0,0,0,2,4,927,209.0,0,5,0.0,-9,0.0,Kurdistan Workers' Party (PKK)
23041,0,155,10,338,1289,31.346964,34.30143,1.0,0,0.0,1,0,1,14,1401,155.0,0,9,1.0,0,0.0,Palestinians
43710,0,69,8,110,436,42.699997,9.447317,1.0,0,1.0,1,0,3,2,620,69.0,0,6,0.0,1,0.0,Corsican National Liberation Front (FLNC)
18337,0,69,8,110,441,42.6042,8.929852,1.0,0,1.0,1,0,3,14,595,21.0,0,6,0.0,1,0.0,Corsican National Liberation Front (FLNC)
11485,0,110,10,341,1292,33.550434,35.370964,1.0,0,0.0,1,0,3,4,1395,97.0,0,6,0.0,1,0.0,Palestinians
77040,0,147,11,90,609,10.26622,7.113044,3.0,0,0.0,1,0,2,14,27,147.0,0,5,2.0,1,0.0,Fulani extremists
25024,0,159,3,224,926,-11.967368,-76.978462,1.0,0,0.0,1,0,1,4,1821,159.0,0,5,0.0,1,0.0,Tupac Amaru Revolutionary Movement (MRTA)
50035,0,92,6,103,400,18.791667,80.816667,1.0,1,0.0,1,0,7,3,544,92.0,0,8,0.0,1,0.0,Communist Party of India - Maoist (CPI-Maoist)
59627,0,160,5,1,19,6.053166,121.042788,2.0,0,0.0,1,0,2,4,20,160.0,0,5,5.0,-9,0.0,Abu Sayyaf Group (ASG)
54077,0,228,10,38,144,12.825647,44.846416,1.0,0,0.0,1,0,2,14,13,228.0,0,5,1.0,-9,0.0,Muslim extremists
71252,0,228,10,46,678,14.781294,42.972851,1.0,0,1.0,1,0,3,2,161,228.0,0,6,1.0,-9,0.0,Houthi extremists (Ansar Allah)
22838,0,186,6,209,872,9.151898,80.64934,1.0,0,0.0,1,0,2,4,258,186.0,0,5,3.0,1,0.0,Liberation Tigers of Tamil Eelam (LTTE)
20061,0,183,11,15,68,-26.103533,28.097631,1.0,0,0.0,1,0,3,1,113,183.0,0,6,0.0,1,0.0,African National Congress (South Africa)
70975,0,214,9,118,466,48.064426,37.673248,1.0,0,0.0,1,0,2,4,48,214.0,0,6,1.0,0,0.0,Donetsk People's Republic
47199,0,92,6,102,347,24.179793,86.306772,3.0,0,0.0,1,0,3,19,532,92.0,0,6,0.0,1,0.0,Communist Party of India - Maoist (CPI-Maoist)
18629,0,159,3,406,1629,-17.192736,-70.932814,4.0,0,0.0,1,0,2,4,698,159.0,0,5,10.0,1,0.0,Tupac Amaru Revolutionary Movement (MRTA)
82752,0,153,6,405,1571,33.831888,69.960989,1.0,0,1.0,1,0,3,4,1727,153.0,0,6,4.0,0,0.0,Tehrik-i-Taliban Pakistan (TTP)
22677,0,92,6,231,1453,32.726602,74.857026,1.0,0,0.0,1,0,2,14,1628,92.0,0,5,6.0,1,0.0,Sikh Extremists
4812,0,69,8,110,24,41.918891,8.737554,4.0,0,1.0,1,0,3,1,581,69.0,0,6,0.0,1,0.0,Corsican National Liberation Front (FLNC)
9482,0,45,3,345,24,8.402925,-75.899867,4.0,0,0.0,1,0,1,14,1457,45.0,0,5,7.0,0,0.0,Revolutionary Armed Forces of Colombia (FARC)
70867,0,228,10,38,144,12.825647,44.846416,1.0,0,0.0,0,0,2,3,269,228.0,0,5,0.0,0,0.0,Al-Qaida in the Arabian Peninsula (AQAP)
16903,0,183,11,15,64,-26.160769,27.78543,1.0,0,0.0,1,0,3,3,106,183.0,0,6,0.0,1,0.0,African National Congress (South Africa)
34741,0,43,3,218,914,-33.366238,-70.505302,1.0,0,0.0,1,0,3,2,1048,43.0,0,6,0.0,1,0.0,Manuel Rodriguez Patriotic Front (FPMR)
15425,0,159,3,224,926,-11.967368,-76.978462,1.0,0,0.0,1,0,3,1,1800,217.0,0,6,0.0,1,0.0,Tupac Amaru Revolutionary Movement (MRTA)
15770,0,159,3,224,926,-11.967368,-76.978462,1.0,1,1.0,1,0,3,9,1825,159.0,0,6,0.0,1,0.0,Tupac Amaru Revolutionary Movement (MRTA)
50647,0,92,6,102,346,23.744186,84.504429,3.0,0,0.0,1,0,3,19,892,92.0,0,6,0.0,1,0.0,Maoists
12467,0,183,11,14,58,-29.861824,31.008293,1.0,0,0.0,1,0,3,1,142,183.0,0,6,5.0,1,0.0,African National Congress (South Africa)
30333,0,92,6,231,1060,34.08374,74.789902,1.0,0,0.0,1,0,2,3,1606,92.0,0,5,3.0,1,0.0,Sikh Extremists
46908,0,185,8,80,261,42.340892,-3.699762,1.0,0,0.0,1,0,3,3,413,185.0,0,6,0.0,1,0.0,Basque Fatherland and Freedom (ETA)
21123,0,92,6,371,1459,24.37938,73.338447,2.0,0,0.0,1,0,1,14,1636,92.0,0,5,3.0,0,0.0,Sikh Extremists
61181,0,160,5,288,1124,10.663984,122.286655,1.0,0,0.0,1,0,3,4,59,160.0,0,6,0.0,1,0.0,New People's Army (NPA)
76427,0,45,3,273,24,5.800014,-72.196155,4.0,0,0.0,1,0,7,19,56,45.0,0,8,0.0,1,0.0,National Liberation Army of Colombia (ELN)
13338,0,159,3,355,1387,-10.680652,-76.259918,1.0,0,0.0,1,0,3,21,1540,159.0,0,6,1.0,1,0.0,Shining Path (SL)
40500,0,141,6,214,972,27.708754,85.329498,1.0,1,0.0,1,0,3,2,1122,141.0,0,6,0.0,1,0.0,Maoists
47884,0,92,6,306,1159,24.817011,93.936844,3.0,0,0.0,1,0,7,1,1296,92.0,0,8,0.0,1,0.0,New People's Army (NPA)
74814,0,153,6,405,1600,34.595433,71.261751,2.0,0,0.0,0,0,1,17,1765,153.0,0,6,1.0,1,0.0,Tehrik-i-Taliban Pakistan (TTP)
81444,0,95,10,26,738,34.399525,45.142685,1.0,0,0.0,1,0,3,14,250,95.0,0,6,0.0,1,0.0,Islamic State of Iraq and the Levant (ISIL)
45224,0,92,6,105,356,18.364195,81.892418,3.0,0,0.0,1,0,7,14,1131,92.0,0,8,0.0,1,0.0,Maoists
22893,0,61,2,129,528,13.733333,-88.883333,1.0,0,1.0,1,0,3,21,670,61.0,0,6,0.0,1,0.0,Farabundo Marti National Liberation Front (FMLN)
66167,1,160,5,4,21,7.317287,122.875178,1.0,0,0.0,1,0,6,8,22,160.0,0,5,0.0,0,1.0,Abu Sayyaf Group (ASG)
80379,0,200,10,177,761,35.129299,37.275085,1.0,0,1.0,1,0,6,17,186,200.0,0,6,31.0,0,1.0,Islamic State of Iraq and the Levant (ISIL)
59778,0,214,9,118,477,48.526871,37.711357,1.0,0,0.0,1,0,7,10,425,214.0,0,8,0.0,1,0.0,Donetsk People's Republic
23612,0,97,10,337,1283,31.771599,35.2034,1.0,0,0.0,0,0,1,14,1381,97.0,0,9,0.0,0,0.0,Palestinians
22511,0,45,3,271,1085,6.46052,-71.72989,1.0,0,0.0,1,0,2,4,332,45.0,0,5,0.0,1,0.0,National Liberation Army of Colombia (ELN)
37031,0,186,6,207,850,7.733107,81.68882,1.0,0,0.0,1,0,3,4,963,186.0,0,6,1.0,1,0.0,Liberation Tigers of Tamil Eelam (LTTE)
46590,0,153,6,403,1569,34.006004,71.53743,1.0,0,0.0,1,0,3,14,13,153.0,0,6,7.0,1,0.0,Tehrik-i-Taliban Pakistan (TTP)
47010,0,4,6,383,1540,33.598633,69.228996,1.0,0,0.0,1,1,3,2,1706,4.0,0,6,2.0,0,0.0,Taliban
41940,0,95,10,25,108,33.303566,44.371773,1.0,0,0.0,1,1,3,7,204,167.0,0,6,1.0,-9,0.0,Al-Qaida in Iraq
28477,0,159,3,224,926,-11.967368,-76.978462,1.0,0,0.0,1,0,3,1,605,159.0,0,6,0.0,1,0.0,Shining Path (SL)
71732,0,228,10,152,672,13.548424,44.052176,3.0,0,0.0,1,0,3,4,48,228.0,0,6,0.0,-9,0.0,Houthi extremists (Ansar Allah)
58396,0,182,11,53,186,2.059819,45.326115,1.0,0,0.0,1,0,3,14,13,182.0,0,6,0.0,1,0.0,Al-Shabaab
59085,0,147,11,88,310,11.485018,12.311891,1.0,0,0.0,1,0,2,14,466,147.0,0,6,9.0,0,0.0,Boko Haram
41994,0,95,10,25,108,33.303566,44.371773,1.0,0,0.0,1,1,3,14,183,217.0,0,6,22.0,1,0.0,Al-Qaida in Iraq
62745,0,214,9,118,461,47.981647,37.762325,1.0,0,1.0,1,0,3,4,646,214.0,0,6,0.0,-9,0.0,Donetsk People's Republic
5427,0,185,8,68,228,43.18418,-2.473289,1.0,0,0.0,1,0,1,3,390,185.0,0,5,1.0,0,0.0,Basque Fatherland and Freedom (ETA)
55161,0,147,11,90,284,10.506041,7.432823,1.0,0,0.0,1,0,2,3,12,147.0,0,5,2.0,0,0.0,Boko Haram
55971,1,92,6,106,943,18.139245,81.852386,1.0,0,1.0,1,0,6,14,1100,92.0,0,5,1.0,0,1.0,Maoists
17940,0,43,3,218,914,-33.366238,-70.505302,1.0,0,0.0,1,0,2,3,1028,43.0,0,5,0.0,1,0.0,Manuel Rodriguez Patriotic Front (FPMR)
44033,0,209,10,182,787,37.253172,43.612234,1.0,0,0.0,1,0,3,4,904,209.0,0,6,2.0,-9,0.0,Kurdistan Workers' Party (PKK)
32536,0,159,3,352,1639,-11.057148,-75.061115,3.0,0,0.0,1,0,3,1,1833,159.0,0,5,1.0,1,0.0,Tupac Amaru Revolutionary Movement (MRTA)
29583,0,603,8,161,694,54.607712,-5.95621,1.0,0,0.0,1,0,7,1,800,233.0,0,8,0.0,1,0.0,Irish Republican Army (IRA)
40722,0,92,6,231,1010,33.371715,74.315313,1.0,0,0.0,1,0,3,19,1149,92.0,0,6,4.0,1,0.0,Muslim extremists
59045,0,147,11,90,615,9.627067,8.50424,2.0,0,1.0,1,0,2,14,27,147.0,0,5,33.0,1,0.0,Fulani extremists
31904,0,45,3,269,1077,7.116294,-73.120026,1.0,0,0.0,1,0,3,1,1216,45.0,0,6,0.0,1,0.0,National Liberation Army of Colombia (ELN)
37269,1,45,3,272,1350,10.411301,-74.405661,4.0,0,1.0,1,0,6,1,1494,45.0,0,5,1.0,0,1.0,Revolutionary Armed Forces of Colombia (FARC)
62763,0,147,11,141,582,7.913514,10.064535,1.0,0,0.0,1,0,2,14,298,147.0,0,5,20.0,1,0.0,Fulani extremists
18006,0,92,6,366,1441,31.345599,74.692032,1.0,0,0.0,1,0,2,3,1614,92.0,0,5,3.0,1,0.0,Sikh Extremists
56894,1,153,6,405,1603,34.345856,71.370506,1.0,0,1.0,1,0,6,1,1769,153.0,0,5,1.0,1,1.0,Tehrik-i-Taliban Pakistan (TTP)
64022,0,95,10,28,754,33.994591,44.357273,1.0,0,1.0,1,0,3,14,346,95.0,0,6,0.0,1,0.0,Islamic State of Iraq and the Levant (ISIL)
73139,0,182,11,51,199,2.050931,45.154106,1.0,0,0.0,1,0,3,4,258,182.0,0,6,4.0,1,0.0,Al-Shabaab
69134,0,173,10,155,665,16.576572,43.093524,1.0,0,0.0,1,0,3,14,652,173.0,0,6,0.0,-9,0.0,Houthi extremists (Ansar Allah)
37670,1,160,5,0,35,6.51792,122.12822,1.0,0,0.0,1,0,6,1,46,160.0,0,5,1.0,0,1.0,Abu Sayyaf Group (ASG)
20805,0,43,3,219,924,-37.092019,-73.154582,1.0,0,0.0,1,0,3,21,1058,43.0,0,6,0.0,1,0.0,Manuel Rodriguez Patriotic Front (FPMR)
29475,0,603,8,161,695,55.011562,-7.312045,1.0,0,0.0,1,0,3,1,816,233.0,0,6,0.0,1,0.0,Irish Republican Army (IRA)
72509,0,92,6,106,946,19.583711,83.500638,1.0,0,0.0,0,0,3,4,48,92.0,0,6,0.0,0,0.0,Maoists
71964,0,228,10,152,674,13.181362,43.728558,3.0,0,0.0,1,0,3,14,751,228.0,0,6,2.0,-9,0.0,Houthi extremists (Ansar Allah)
52166,0,153,6,405,1576,34.565494,71.477429,3.0,0,0.0,1,0,2,4,1739,153.0,0,5,21.0,0,0.0,Tehrik-i-Taliban Pakistan (TTP)
60363,0,147,11,86,311,10.82636,12.420727,1.0,0,1.0,1,0,2,14,27,147.0,0,5,8.0,1,0.0,Boko Haram
72147,0,214,9,118,482,48.327225,38.025673,1.0,0,0.0,1,0,6,7,649,422.0,0,5,0.0,0,1.0,Donetsk People's Republic
15096,0,159,3,224,926,-11.967368,-76.978462,1.0,0,0.0,1,0,3,1,1832,159.0,0,6,0.0,1,0.0,Tupac Amaru Revolutionary Movement (MRTA)
63917,0,228,10,40,146,15.840556,48.455556,3.0,0,0.0,1,0,3,4,230,228.0,0,6,3.0,1,0.0,Al-Qaida in the Arabian Peninsula (AQAP)
72183,0,200,10,168,1013,36.201721,37.14352,1.0,0,0.0,1,0,3,8,51,200.0,0,6,3.0,-9,0.0,Muslim extremists
26533,0,159,3,224,926,-11.967368,-76.978462,1.0,0,0.0,1,0,3,2,1831,159.0,0,6,1.0,1,0.0,Tupac Amaru Revolutionary Movement (MRTA)
58197,0,4,6,386,1530,31.826695,64.56407,2.0,0,0.0,1,0,2,14,1698,4.0,0,5,3.0,-9,0.0,Taliban
26494,0,92,6,104,1466,23.332078,86.365208,1.0,0,0.0,1,0,2,3,332,92.0,0,5,0.0,1,0.0,Sikh Extremists
60931,0,182,11,58,192,3.10111,42.240947,4.0,0,0.0,1,0,1,4,301,182.0,0,5,1.0,0,0.0,Al-Shabaab
68599,0,45,3,343,24,3.27199,-73.087749,4.0,0,0.0,1,0,3,19,892,45.0,0,6,0.0,1,0.0,Revolutionary Armed Forces of Colombia (FARC)
50623,0,147,11,97,308,5.900002,5.666517,1.0,0,0.0,1,0,3,15,464,147.0,0,6,0.0,1,0.0,Boko Haram
15023,0,145,2,319,1204,13.131923,-86.345742,3.0,0,0.0,1,0,2,2,1329,145.0,0,5,1.0,1,0.0,Nicaraguan Democratic Force (FDN)
74727,0,228,10,40,153,14.54397,49.12458,1.0,0,0.0,0,0,3,2,217,228.0,0,6,0.0,0,0.0,Al-Qaida in the Arabian Peninsula (AQAP)
20511,0,183,11,14,58,-29.861824,31.008293,1.0,0,0.0,1,0,3,2,127,183.0,0,6,0.0,1,0.0,African National Congress (South Africa)
76864,0,92,6,102,368,23.669296,86.151112,3.0,0,1.0,1,0,5,19,509,92.0,0,5,0.0,1,1.0,Communist Party of India - Maoist (CPI-Maoist)
57897,0,228,10,38,144,12.825647,44.846416,1.0,0,1.0,1,1,3,3,217,228.0,0,6,1.0,1,0.0,Al-Qaida in the Arabian Peninsula (AQAP)
63530,1,147,11,91,320,10.645108,13.484032,1.0,0,1.0,1,0,6,14,27,147.0,0,8,1.0,1,1.0,Boko Haram
48520,0,4,6,385,1513,33.969167,68.944722,1.0,0,0.0,1,0,2,14,1689,4.0,0,5,1.0,0,0.0,Taliban
40161,1,160,5,1,24,6.05519,121.001323,4.0,0,0.0,1,0,6,14,28,93.0,0,5,0.0,-9,1.0,Abu Sayyaf Group (ASG)
31252,0,183,11,14,71,-30.139609,30.835763,1.0,0,0.0,1,0,2,22,59,183.0,0,5,7.0,1,0.0,African National Congress (South Africa)
21610,0,92,6,366,1463,31.326015,75.576183,3.0,0,0.0,1,0,2,14,27,92.0,0,5,2.0,1,0.0,Sikh Extremists
5275,0,185,8,68,235,43.291618,-1.977903,1.0,0,0.0,1,0,3,14,402,185.0,0,6,0.0,1,0.0,Basque Fatherland and Freedom (ETA)
49453,0,228,10,42,151,13.219398,45.307838,1.0,1,0.0,1,0,3,1,263,228.0,0,6,110.0,1,0.0,Al-Qaida in the Arabian Peninsula (AQAP)
52671,0,95,10,25,108,33.303566,44.371773,1.0,0,1.0,1,0,3,1,205,95.0,0,6,3.0,1,0.0,Al-Qaida in Iraq
12620,0,145,2,327,1249,13.031591,-85.641009,1.0,0,0.0,1,0,2,14,1352,145.0,0,5,8.0,1,0.0,Nicaraguan Democratic Force (FDN)
33167,0,185,8,68,260,43.222177,-2.885668,1.0,0,0.0,1,0,3,3,412,185.0,0,6,0.0,1,0.0,Basque Fatherland and Freedom (ETA)
15968,0,185,8,68,235,43.291618,-1.977903,1.0,0,1.0,1,0,2,14,405,69.0,0,8,0.0,1,0.0,Basque Fatherland and Freedom (ETA)
51135,0,95,10,34,132,32.54855,44.545441,1.0,0,1.0,1,0,3,3,12,95.0,0,6,1.0,1,0.0,Al-Qaida in Iraq
64788,0,95,10,29,733,36.376823,42.448875,1.0,0,0.0,1,0,3,14,889,95.0,0,6,0.0,1,0.0,Islamic State of Iraq and the Levant (ISIL)
789,0,603,8,161,694,54.607712,-5.95621,1.0,0,0.0,1,0,1,4,782,216.0,0,5,1.0,0,0.0,Irish Republican Army (IRA)
65726,0,60,10,232,1016,31.210951,29.946908,1.0,0,1.0,1,0,3,3,628,60.0,0,6,0.0,-9,0.0,Muslim extremists
20326,0,183,11,15,54,-26.31468,27.828306,1.0,0,0.0,1,0,3,2,93,183.0,0,6,0.0,1,0.0,African National Congress (South Africa)
14824,0,183,11,22,91,-23.00124,29.768678,1.0,0,0.0,1,0,3,14,147,183.0,0,6,0.0,1,0.0,African National Congress (South Africa)
81811,0,153,6,366,1583,31.578721,74.268464,1.0,1,0.0,0,0,2,3,85,153.0,0,5,4.0,0,0.0,Tehrik-i-Taliban Pakistan (TTP)
17977,0,186,6,207,847,8.457907,81.268402,1.0,0,1.0,1,0,7,1,1164,186.0,0,8,0.0,1,0.0,Muslim extremists
68944,0,153,6,402,1595,31.834328,70.90905,1.0,0,1.0,1,1,3,4,781,153.0,0,6,2.0,-9,0.0,Tehrik-i-Taliban Pakistan (TTP)
5906,0,45,3,347,1342,3.99759,-74.4995,2.0,0,0.0,1,0,6,14,459,45.0,0,5,7.0,1,1.0,Revolutionary Armed Forces of Colombia (FARC)
20299,0,92,6,368,1437,28.585836,77.153336,1.0,0,0.0,1,0,3,19,56,92.0,0,6,1.0,1,0.0,Sikh Extremists
47666,0,92,6,108,402,18.286666,82.586806,1.0,0,0.0,1,0,7,16,546,92.0,0,8,0.0,1,0.0,Communist Party of India - Maoist (CPI-Maoist)
25283,0,159,3,353,1384,-9.642799,-76.773677,2.0,0,0.0,1,0,2,14,1536,159.0,0,5,0.0,1,0.0,Shining Path (SL)
30833,0,45,3,262,1096,7.894195,-72.503885,1.0,0,0.0,1,0,3,6,1235,45.0,0,6,0.0,1,0.0,National Liberation Army of Colombia (ELN)
60793,0,92,6,106,934,21.111097,85.825586,1.0,0,0.0,0,0,3,4,0,92.0,0,6,0.0,0,0.0,Maoists
64614,0,214,9,118,494,48.396416,37.974052,1.0,1,0.0,1,0,2,4,643,214.0,0,6,0.0,-9,0.0,Donetsk People's Republic
43112,0,4,6,392,1532,34.880556,70.896111,1.0,0,0.0,1,0,2,14,1699,4.0,0,5,5.0,-9,0.0,Taliban
16965,0,603,8,161,694,54.607712,-5.95621,1.0,0,0.0,1,0,1,14,833,233.0,0,5,2.0,0,0.0,Irish Republican Army (IRA)
21657,0,43,3,218,914,-33.366238,-70.505302,1.0,0,0.0,1,0,3,21,670,43.0,0,6,0.0,1,0.0,Manuel Rodriguez Patriotic Front (FPMR)
32470,0,160,5,6,27,6.637796,124.599145,1.0,0,0.0,1,0,3,14,34,160.0,0,6,11.0,1,0.0,Abu Sayyaf Group (ASG)
62762,0,147,11,96,568,9.27114,8.942915,1.0,0,0.0,1,0,2,14,27,147.0,0,5,5.0,1,0.0,Fulani extremists
25878,0,92,6,366,1452,31.326015,75.576183,1.0,0,0.0,1,0,3,3,291,92.0,0,6,2.0,1,0.0,Sikh Extremists
16768,0,159,3,224,926,-11.967368,-76.978462,1.0,0,1.0,1,0,3,10,1804,159.0,0,5,0.0,1,0.0,Tupac Amaru Revolutionary Movement (MRTA)
51273,0,147,11,86,277,11.655408,13.412932,1.0,0,1.0,1,0,3,15,442,147.0,0,6,0.0,1,0.0,Boko Haram
62321,1,160,5,4,15,6.929089,122.07885,1.0,0,0.0,1,0,6,1,54,160.0,0,5,0.0,1,1.0,Abu Sayyaf Group (ASG)
2880,0,69,8,115,433,41.930607,8.742907,1.0,0,0.0,1,0,5,6,624,69.0,0,5,0.0,1,1.0,Corsican National Liberation Front (FLNC)
67197,0,214,9,118,464,48.143208,37.753361,1.0,1,1.0,1,0,3,4,643,214.0,0,6,0.0,-9,0.0,Donetsk People's Republic
37027,0,186,6,209,855,9.666399,80.020477,1.0,0,0.0,1,1,3,2,960,186.0,0,6,21.0,0,0.0,Liberation Tigers of Tamil Eelam (LTTE)
44892,0,160,5,4,15,6.929089,122.07885,1.0,0,0.0,1,0,3,15,44,160.0,0,6,0.0,1,0.0,Abu Sayyaf Group (ASG)
68478,0,4,6,388,1504,35.183083,70.986575,3.0,0,0.0,1,0,2,2,1685,4.0,0,5,38.0,1,0.0,Taliban
58910,0,110,10,174,755,34.221798,36.376812,1.0,1,1.0,1,0,3,17,186,110.0,0,6,0.0,0,0.0,Islamic State of Iraq and the Levant (ISIL)
82147,0,95,10,29,759,36.486149,42.418186,1.0,0,1.0,1,0,3,4,258,95.0,0,6,2.0,1,0.0,Islamic State of Iraq and the Levant (ISIL)
71514,0,228,10,152,659,13.586484,44.024105,1.0,0,0.0,1,0,3,14,752,228.0,0,6,0.0,-9,0.0,Houthi extremists (Ansar Allah)
18973,0,43,3,217,916,-33.024705,-71.552216,2.0,0,1.0,1,0,3,21,1036,43.0,0,6,0.0,1,0.0,Manuel Rodriguez Patriotic Front (FPMR)
23723,0,185,8,71,237,40.465595,-3.696263,1.0,0,0.0,1,0,1,4,410,185.0,0,5,1.0,0,0.0,Basque Fatherland and Freedom (ETA)
62537,0,214,9,118,461,47.981647,37.762325,1.0,0,0.0,1,0,2,14,660,214.0,0,5,2.0,-9,0.0,Donetsk People's Republic
19740,0,45,3,271,1085,6.46052,-71.72989,1.0,0,0.0,1,0,2,4,1214,45.0,0,5,1.0,1,0.0,National Liberation Army of Colombia (ELN)
27131,0,159,3,224,926,-11.967368,-76.978462,1.0,0,1.0,1,0,3,1,605,159.0,0,6,0.0,1,0.0,Tupac Amaru Revolutionary Movement (MRTA)
68242,0,214,9,118,478,47.942608,37.505135,1.0,0,1.0,1,0,3,4,643,214.0,0,6,0.0,-9,0.0,Donetsk People's Republic
17529,0,209,10,184,800,37.170607,40.39375,1.0,0,0.0,1,0,7,1,911,209.0,0,5,1.0,1,0.0,Kurdistan Workers' Party (PKK)
66221,0,147,11,86,302,11.808727,12.495786,1.0,0,0.0,1,0,3,14,177,147.0,0,6,5.0,1,0.0,Boko Haram
4795,0,69,8,110,24,41.918891,8.737554,4.0,0,1.0,1,0,3,1,581,69.0,0,6,0.0,1,0.0,Corsican National Liberation Front (FLNC)
27675,0,61,2,120,529,13.95,-88.63333,1.0,0,0.0,1,0,2,3,332,61.0,0,5,2.0,1,0.0,Farabundo Marti National Liberation Front (FMLN)
55014,0,160,5,282,1123,10.840278,123.499167,1.0,0,0.0,1,0,2,3,1271,160.0,0,5,3.0,1,0.0,New People's Army (NPA)
15382,0,43,3,219,918,-36.816006,-73.037659,1.0,0,1.0,1,0,3,1,1037,43.0,0,6,0.0,1,0.0,Manuel Rodriguez Patriotic Front (FPMR)
12311,0,145,2,329,1235,12.509204,-86.661108,4.0,0,0.0,1,0,2,14,1346,145.0,0,5,0.0,1,0.0,Nicaraguan Democratic Force (FDN)
70260,0,104,11,52,188,3.938715,41.844707,1.0,0,0.0,1,0,3,4,250,104.0,0,6,3.0,1,0.0,Al-Shabaab
77048,0,182,11,51,184,1.789637,44.529976,1.0,0,0.0,1,0,2,4,249,422.0,0,6,0.0,-9,0.0,Al-Shabaab
14903,0,45,3,265,918,6.395033,-75.259437,1.0,0,0.0,1,0,1,14,1194,45.0,0,5,7.0,0,0.0,National Liberation Army of Colombia (ELN)
54120,0,95,10,34,129,32.777344,44.289352,1.0,0,1.0,1,0,3,14,209,95.0,0,6,2.0,1,0.0,Al-Qaida in Iraq
70871,0,228,10,152,659,13.586484,44.024105,1.0,0,1.0,1,0,3,1,764,228.0,0,6,3.0,1,0.0,Houthi extremists (Ansar Allah)
27368,0,159,3,224,926,-11.967368,-76.978462,1.0,0,0.0,1,0,3,2,1806,159.0,0,6,0.0,1,0.0,Tupac Amaru Revolutionary Movement (MRTA)
10877,0,45,3,270,24,2.535935,-75.52767,4.0,0,0.0,1,0,1,3,1503,45.0,0,5,2.0,0,0.0,Revolutionary Armed Forces of Colombia (FARC)
78552,0,123,11,234,1046,15.075623,-2.219977,1.0,0,0.0,1,0,1,2,1177,123.0,0,5,1.0,0,0.0,Muslim extremists
52998,0,160,5,4,15,7.024267,122.188903,1.0,0,0.0,1,0,3,19,56,160.0,0,6,0.0,1,0.0,Abu Sayyaf Group (ASG)
38841,0,185,8,68,236,43.170017,-2.575197,1.0,0,0.0,1,0,3,1,361,185.0,0,6,0.0,1,0.0,Basque Fatherland and Freedom (ETA)
29267,0,603,8,161,694,54.607712,-5.95621,1.0,0,0.0,1,0,3,14,812,216.0,0,6,0.0,1,0.0,Irish Republican Army (IRA)
19205,0,160,5,7,1146,6.929089,122.07885,1.0,0,1.0,1,0,3,3,425,160.0,0,6,0.0,1,0.0,New People's Army (NPA)
42695,0,69,8,110,447,42.121236,8.758887,1.0,0,1.0,0,0,3,14,604,69.0,0,6,0.0,0,0.0,Corsican National Liberation Front (FLNC)
15064,0,159,3,224,926,-11.967368,-76.978462,1.0,0,1.0,1,0,3,1,1810,159.0,0,6,0.0,1,0.0,Tupac Amaru Revolutionary Movement (MRTA)
49471,0,45,3,348,1337,0.667105,-76.871354,1.0,1,0.0,1,0,3,21,1483,45.0,0,6,0.0,1,0.0,Revolutionary Armed Forces of Colombia (FARC)
51698,0,95,10,26,110,33.74324,44.623825,1.0,0,1.0,1,1,3,3,85,95.0,0,6,3.0,-9,0.0,Al-Qaida in Iraq
15800,0,183,11,15,75,-25.412439,28.007093,1.0,0,0.0,1,0,3,4,122,183.0,0,6,3.0,1,0.0,African National Congress (South Africa)
43679,0,160,5,301,1145,9.78472,125.489693,1.0,0,0.0,1,0,1,3,1096,160.0,0,5,1.0,-9,0.0,New People's Army (NPA)
14929,0,603,8,161,708,54.706718,-7.592867,1.0,0,0.0,1,0,3,3,808,233.0,0,6,1.0,1,0.0,Irish Republican Army (IRA)
28539,0,209,10,184,823,37.415668,41.371505,1.0,0,0.0,1,0,2,4,332,209.0,0,5,0.0,1,0.0,Kurdistan Workers' Party (PKK)
68657,0,42,11,87,278,13.65,14.05,2.0,0,0.0,1,0,2,14,27,42.0,0,5,13.0,0,0.0,Boko Haram
27544,0,159,3,224,926,-11.967368,-76.978462,1.0,0,1.0,1,0,3,1,399,159.0,0,6,0.0,1,0.0,Tupac Amaru Revolutionary Movement (MRTA)
76818,0,92,6,101,396,24.441105,84.548528,1.0,0,0.0,1,0,2,3,541,92.0,0,5,1.0,0,0.0,Communist Party of India - Maoist (CPI-Maoist)
55330,1,147,11,86,282,11.840929,13.141459,1.0,0,0.0,1,0,6,2,472,147.0,0,5,0.0,0,1.0,Boko Haram
65963,0,214,9,118,476,47.097279,37.59901,1.0,0,0.0,1,0,3,4,48,214.0,0,6,0.0,-9,0.0,Donetsk People's Republic
72891,0,209,10,184,824,37.080181,41.220196,1.0,0,1.0,0,0,2,13,931,209.0,0,5,0.0,0,0.0,Kurdistan Workers' Party (PKK)
80955,0,228,10,152,659,13.586484,44.024105,1.0,0,0.0,1,0,3,14,447,228.0,0,6,1.0,-9,0.0,Houthi extremists (Ansar Allah)
32576,0,209,10,181,24,37.422746,42.492326,4.0,0,0.0,1,0,2,4,699,209.0,0,5,12.0,1,0.0,Kurdistan Workers' Party (PKK)
17019,0,145,2,318,1202,13.564251,-86.02984,1.0,0,1.0,1,0,3,21,1356,145.0,0,6,0.0,1,0.0,Nicaraguan Democratic Force (FDN)
42727,0,141,6,214,976,27.66897,85.319824,1.0,0,0.0,1,0,2,19,1127,141.0,0,5,1.0,0,0.0,Maoists
12239,0,183,11,15,73,-26.252697,27.870275,1.0,0,0.0,1,0,3,3,98,183.0,0,6,0.0,1,0.0,African National Congress (South Africa)
37755,0,185,8,68,232,42.84964,-2.692359,1.0,0,0.0,0,0,1,2,409,185.0,0,8,0.0,0,0.0,Basque Fatherland and Freedom (ETA)
52882,0,228,10,42,151,13.219398,45.307838,1.0,0,0.0,1,1,3,14,242,228.0,0,6,1.0,0,0.0,Al-Qaida in the Arabian Peninsula (AQAP)
18894,0,45,3,262,1089,8.638953,-72.918372,1.0,0,0.0,1,0,3,21,1221,45.0,0,6,0.0,1,0.0,National Liberation Army of Colombia (ELN)
36013,0,69,8,110,448,42.657985,9.414215,1.0,0,0.0,1,0,3,2,611,69.0,0,6,0.0,1,0.0,Corsican National Liberation Front (FLNC)
78355,0,228,10,43,149,15.325443,44.211895,1.0,0,0.0,1,0,5,14,13,228.0,0,5,0.0,0,1.0,Houthi extremists (Ansar Allah)
79293,0,92,6,103,978,19.596543,81.67261,2.0,1,0.0,0,0,3,20,6,92.0,0,6,0.0,0,0.0,Maoists
47668,0,92,6,101,360,24.749905,84.370896,2.0,1,1.0,1,0,7,1,502,92.0,0,8,0.0,1,0.0,Communist Party of India - Maoist (CPI-Maoist)
50679,0,95,10,25,108,33.303566,44.371773,1.0,0,0.0,1,0,3,14,13,95.0,0,6,2.0,0,0.0,Al-Qaida in Iraq
30384,0,186,6,209,856,8.980118,79.912462,3.0,0,0.0,1,0,2,4,12,186.0,0,5,6.0,1,0.0,Liberation Tigers of Tamil Eelam (LTTE)
40831,0,45,3,349,1343,3.538611,-74.896111,1.0,0,0.0,1,0,2,4,1486,45.0,0,5,3.0,0,0.0,Revolutionary Armed Forces of Colombia (FARC)
26283,0,69,8,110,436,42.699997,9.447317,1.0,0,0.0,1,0,3,1,614,69.0,0,6,0.0,1,0.0,Corsican National Liberation Front (FLNC)
13625,0,61,2,129,510,13.83553,-88.985462,1.0,0,0.0,1,0,2,4,672,61.0,0,5,1.0,1,0.0,Farabundo Marti National Liberation Front (FMLN)
27212,0,159,3,224,926,-11.967368,-76.978462,1.0,0,0.0,0,0,3,3,1811,159.0,0,6,0.0,1,0.0,Tupac Amaru Revolutionary Movement (MRTA)
72929,0,37,11,95,303,10.866518,14.150657,1.0,0,0.0,1,1,3,8,51,37.0,0,6,2.0,0,0.0,Boko Haram
29501,0,186,6,207,862,7.716666,81.700188,3.0,0,0.0,1,0,3,2,981,186.0,0,6,0.0,1,0.0,Liberation Tigers of Tamil Eelam (LTTE)
28582,0,209,10,189,794,37.714618,41.418412,1.0,1,0.0,1,0,2,4,628,209.0,0,5,1.0,1,0.0,Kurdistan Workers' Party (PKK)
16530,0,183,11,15,76,-26.252697,27.870275,1.0,0,0.0,1,0,3,2,151,183.0,0,6,0.0,1,0.0,African National Congress (South Africa)
60052,1,228,10,43,149,15.325443,44.211895,1.0,0,0.0,1,0,6,4,20,228.0,0,5,8.0,-9,1.0,Al-Qaida in the Arabian Peninsula (AQAP)
55955,0,60,10,230,1009,31.212225,34.117065,1.0,0,1.0,1,0,2,4,20,60.0,0,6,1.0,0,0.0,Muslim extremists
19966,0,183,11,21,84,-33.995515,18.584543,1.0,0,0.0,1,0,2,3,139,183.0,0,5,1.0,1,0.0,African National Congress (South Africa)
15789,0,159,3,224,926,-11.967368,-76.978462,1.0,0,1.0,1,0,3,14,1835,159.0,0,6,0.0,1,0.0,Tupac Amaru Revolutionary Movement (MRTA)
63754,0,214,9,118,461,47.981647,37.762325,1.0,0,1.0,1,0,2,4,646,214.0,0,6,1.0,-9,0.0,Donetsk People's Republic
74646,0,123,11,234,1043,14.524647,-4.095559,1.0,1,0.0,1,0,3,7,258,422.0,0,6,5.0,0,0.0,Muslim extremists
56302,0,93,5,247,1033,-6.170593,106.757476,1.0,0,0.0,1,0,3,15,1169,93.0,0,6,0.0,1,0.0,Muslim extremists
19546,0,43,3,218,914,-33.366238,-70.505302,1.0,0,1.0,1,0,2,19,56,43.0,0,8,0.0,1,0.0,Manuel Rodriguez Patriotic Front (FPMR)
83050,0,160,5,0,11,6.440039,122.080475,1.0,0,0.0,1,0,2,4,12,160.0,0,5,6.0,0,0.0,Abu Sayyaf Group (ASG)
4815,0,69,8,110,24,41.918891,8.737554,4.0,0,1.0,1,0,3,1,581,69.0,0,6,0.0,1,0.0,Corsican National Liberation Front (FLNC)
3435,0,603,8,161,694,54.607712,-5.95621,1.0,0,1.0,1,0,7,1,794,216.0,0,8,0.0,1,0.0,Irish Republican Army (IRA)
17214,0,61,2,126,517,13.64121,-88.785423,1.0,0,1.0,1,0,2,4,678,61.0,0,5,2.0,1,0.0,Farabundo Marti National Liberation Front (FMLN)
61227,0,228,10,45,24,14.358866,45.449806,4.0,0,0.0,1,0,2,2,241,228.0,0,6,2.0,1,0.0,Al-Qaida in the Arabian Peninsula (AQAP)
6793,0,155,10,335,1279,32.222271,35.253506,1.0,0,0.0,0,0,3,20,582,97.0,0,6,1.0,1,0.0,Palestinians
53214,0,95,10,26,110,33.74324,44.623825,1.0,0,1.0,1,0,3,14,13,95.0,0,6,1.0,0,0.0,Al-Qaida in Iraq
26037,0,43,3,218,914,-33.366238,-70.505302,1.0,0,0.0,1,0,5,10,1045,43.0,0,5,0.0,1,0.0,Manuel Rodriguez Patriotic Front (FPMR)
1477,0,603,8,161,716,55.011562,-7.312045,1.0,0,0.0,1,0,1,14,831,233.0,0,5,1.0,0,0.0,Irish Republican Army (IRA)
5660,0,185,8,76,251,42.815372,-1.653616,1.0,0,0.0,1,0,3,10,385,185.0,0,6,0.0,1,0.0,Basque Fatherland and Freedom (ETA)
45941,0,160,5,286,1157,12.290946,123.703737,1.0,0,0.0,0,0,2,16,1294,160.0,0,5,0.0,0,0.0,New People's Army (NPA)
82422,0,92,6,103,955,19.362415,81.181007,1.0,0,0.0,1,0,3,3,12,92.0,0,6,0.0,-9,0.0,Maoists
8880,0,183,11,14,62,-27.826803,30.705819,1.0,0,0.0,1,0,3,19,102,183.0,0,6,0.0,1,0.0,African National Congress (South Africa)
60553,1,153,6,404,1580,24.891115,67.143311,1.0,0,0.0,1,0,6,14,1740,153.0,0,5,0.0,0,1.0,Tehrik-i-Taliban Pakistan (TTP)
45678,0,45,3,263,1348,6.00283,-76.78047,2.0,0,0.0,1,0,1,2,1492,45.0,0,5,1.0,1,0.0,Revolutionary Armed Forces of Colombia (FARC)
14801,0,185,8,68,233,43.32412,-1.929857,1.0,0,0.0,1,0,1,3,358,185.0,0,5,1.0,0,0.0,Basque Fatherland and Freedom (ETA)
22231,0,159,3,360,1404,-9.120146,-78.194114,1.0,0,0.0,1,0,2,14,1578,159.0,0,5,6.0,1,0.0,Shining Path (SL)
63210,1,147,11,96,569,9.516667,8.7,2.0,0,1.0,1,0,2,14,27,147.0,0,5,3.0,1,-9.0,Fulani extremists
76070,0,209,10,192,805,37.23301,39.75998,3.0,0,0.0,1,0,3,4,250,209.0,0,6,1.0,1,0.0,Kurdistan Workers' Party (PKK)
66930,0,45,3,279,1325,3.115381,-76.62609,1.0,0,0.0,1,0,3,4,12,45.0,0,6,13.0,0,0.0,Revolutionary Armed Forces of Colombia (FARC)
22492,0,186,6,208,849,6.941837,79.861687,1.0,0,0.0,1,0,1,17,990,186.0,0,5,2.0,0,0.0,Liberation Tigers of Tamil Eelam (LTTE)
65358,0,147,11,86,282,11.840929,13.141459,1.0,0,1.0,1,0,2,14,447,147.0,0,6,32.0,-9,0.0,Boko Haram
19042,0,61,2,122,505,13.69288,-89.199161,1.0,0,0.0,1,0,3,1,695,61.0,0,6,0.0,1,0.0,Farabundo Marti National Liberation Front (FMLN)
57582,0,153,6,402,1592,34.552254,71.181984,1.0,0,0.0,1,0,2,4,1754,153.0,0,5,3.0,1,0.0,Tehrik-i-Taliban Pakistan (TTP)
65491,0,214,9,118,461,47.981647,37.762325,1.0,0,0.0,1,0,3,19,650,214.0,0,6,2.0,1,0.0,Donetsk People's Republic
42305,0,186,6,207,850,7.733107,81.68882,1.0,0,0.0,1,0,2,3,959,186.0,0,5,0.0,0,0.0,Liberation Tigers of Tamil Eelam (LTTE)
21525,0,159,3,224,1638,-12.003379,-76.918423,1.0,0,0.0,1,0,2,3,282,159.0,0,5,0.0,1,0.0,Tupac Amaru Revolutionary Movement (MRTA)
78094,0,92,6,225,983,17.742874,81.396271,1.0,0,0.0,0,0,3,20,6,92.0,0,6,0.0,0,0.0,Maoists
11229,0,145,2,326,1216,12.833333,-87.366667,1.0,0,0.0,1,0,6,4,672,145.0,0,5,1.0,1,1.0,Nicaraguan Democratic Force (FDN)
24340,0,45,3,267,1073,8.308585,-73.613541,1.0,0,0.0,1,0,6,10,1222,45.0,0,5,0.0,0,1.0,National Liberation Army of Colombia (ELN)
15880,0,43,3,218,914,-33.366238,-70.505302,1.0,0,1.0,1,0,3,21,1057,43.0,0,6,0.0,1,0.0,Manuel Rodriguez Patriotic Front (FPMR)
11270,0,145,2,318,1236,13.759041,-86.017217,1.0,0,0.0,1,0,2,4,678,145.0,0,5,3.0,1,0.0,Nicaraguan Democratic Force (FDN)
35730,0,45,3,265,1075,6.242026,-75.564766,1.0,0,0.0,1,0,3,19,1233,45.0,0,6,8.0,1,0.0,National Liberation Army of Colombia (ELN)
54635,0,95,10,25,108,33.303566,44.371773,1.0,0,1.0,1,0,3,14,13,95.0,0,6,4.0,-9,0.0,Al-Qaida in Iraq
45443,0,153,6,403,1574,34.398573,72.06038,1.0,0,0.0,1,0,3,14,1730,153.0,0,6,8.0,1,0.0,Tehrik-i-Taliban Pakistan (TTP)
80848,1,45,3,262,1094,7.137932,-72.664123,1.0,0,0.0,1,0,6,1,1231,45.0,0,5,0.0,0,1.0,National Liberation Army of Colombia (ELN)
61892,0,214,9,118,480,47.662817,38.064579,3.0,0,0.0,1,0,3,4,647,214.0,0,6,0.0,0,0.0,Donetsk People's Republic
39232,1,45,3,265,1356,5.657909,-75.837417,2.0,0,0.0,1,0,6,14,1501,45.0,0,5,0.0,0,1.0,Revolutionary Armed Forces of Colombia (FARC)
13654,0,61,2,124,513,13.779502,-88.349044,1.0,0,0.0,1,0,2,4,672,61.0,0,5,19.0,1,0.0,Farabundo Marti National Liberation Front (FMLN)
21114,0,160,5,5,24,6.750046,125.35626,4.0,0,0.0,1,0,2,4,1295,160.0,0,5,8.0,1,0.0,New People's Army (NPA)
43302,0,209,10,190,796,38.750384,40.554192,1.0,0,0.0,1,0,3,19,907,209.0,0,6,0.0,1,0.0,Kurdistan Workers' Party (PKK)
20887,0,61,2,130,524,13.805691,-88.145787,1.0,0,0.0,1,0,2,14,686,61.0,0,5,0.0,1,0.0,Farabundo Marti National Liberation Front (FMLN)
28490,0,159,3,224,926,-11.967368,-76.978462,1.0,0,1.0,1,0,3,1,605,159.0,0,6,0.0,1,0.0,Shining Path (SL)
48118,0,45,3,264,1324,1.212936,-77.27471,1.0,0,0.0,1,0,3,2,1466,45.0,0,6,5.0,1,0.0,Revolutionary Armed Forces of Colombia (FARC)
14643,0,61,2,130,516,14.050872,-88.994625,1.0,0,0.0,1,0,2,4,672,61.0,0,5,5.0,1,0.0,Farabundo Marti National Liberation Front (FMLN)
34473,0,75,8,164,819,51.482917,7.211808,1.0,0,0.0,1,0,7,1,925,209.0,0,8,0.0,1,0.0,Kurdistan Workers' Party (PKK)
13772,0,69,8,110,24,41.919593,8.737687,4.0,0,1.0,1,0,3,1,583,69.0,0,6,0.0,1,0.0,Corsican National Liberation Front (FLNC)
81777,0,147,11,142,599,7.95745,5.547937,1.0,0,0.0,1,0,1,2,735,147.0,0,5,1.0,0,0.0,Fulani extremists
44593,0,95,10,30,116,35.271023,43.458084,1.0,0,0.0,1,1,3,17,181,95.0,0,6,4.0,0,0.0,Al-Qaida in Iraq
26650,0,186,6,207,885,9.719408,79.856688,1.0,0,0.0,0,0,3,4,987,186.0,0,6,0.0,1,0.0,Liberation Tigers of Tamil Eelam (LTTE)
10225,0,61,2,123,24,14.191665,-89.1706,4.0,0,0.0,1,0,3,21,670,61.0,0,6,1.0,1,0.0,Farabundo Marti National Liberation Front (FMLN)
37147,0,160,5,0,16,6.681959,121.985477,1.0,0,0.0,1,0,3,4,17,160.0,0,6,0.0,1,0.0,Abu Sayyaf Group (ASG)
18828,0,43,3,218,914,-33.366238,-70.505302,1.0,0,0.0,1,0,3,3,346,43.0,0,6,1.0,1,0.0,Manuel Rodriguez Patriotic Front (FPMR)
22990,0,603,8,161,719,54.951082,-6.558998,1.0,0,0.0,1,0,1,14,839,233.0,0,5,1.0,0,0.0,Irish Republican Army (IRA)
22339,0,155,10,338,24,31.356553,34.326901,4.0,0,0.0,1,0,2,4,1431,97.0,0,5,0.0,1,0.0,Palestinians
15191,0,183,11,14,58,-29.861824,31.008293,1.0,0,0.0,1,0,3,21,97,183.0,0,6,1.0,1,0.0,African National Congress (South Africa)
64656,0,228,10,43,149,15.325443,44.211895,1.0,0,0.0,1,0,3,14,237,228.0,0,6,0.0,1,0.0,Al-Qaida in the Arabian Peninsula (AQAP)
43303,0,186,6,207,853,8.577826,81.218719,1.0,0,0.0,1,0,3,3,957,186.0,0,6,0.0,1,0.0,Liberation Tigers of Tamil Eelam (LTTE)
50364,0,182,11,53,186,2.059819,45.326115,1.0,0,1.0,1,0,2,4,319,182.0,0,5,3.0,-9,0.0,Al-Shabaab
60922,0,228,10,153,660,15.176541,44.081017,2.0,0,1.0,1,0,3,14,745,228.0,0,6,3.0,1,0.0,Houthi extremists (Ansar Allah)
54719,0,95,10,26,131,33.573486,44.547424,1.0,0,0.0,1,0,3,14,177,95.0,0,6,4.0,1,0.0,Al-Qaida in Iraq
46186,0,4,6,393,1516,32.853333,68.449722,1.0,0,0.0,1,0,3,1,1692,4.0,0,6,1.0,1,0.0,Taliban
43267,0,186,6,207,862,7.716666,81.700188,3.0,0,0.0,1,0,2,14,302,186.0,0,5,1.0,0,0.0,Liberation Tigers of Tamil Eelam (LTTE)
68620,0,209,10,194,806,38.395649,27.135641,1.0,0,0.0,0,0,3,20,6,209.0,0,6,0.0,0,0.0,Kurdistan Workers' Party (PKK)
22301,0,183,11,15,90,-26.371483,28.408806,1.0,0,0.0,1,0,3,3,146,183.0,0,6,0.0,1,0.0,African National Congress (South Africa)
57040,1,228,10,45,165,14.413989,44.837418,1.0,0,0.0,1,0,6,4,20,228.0,0,5,4.0,-9,1.0,Al-Qaida in the Arabian Peninsula (AQAP)
45866,0,153,6,403,1569,34.006004,71.53743,1.0,0,0.0,1,0,3,14,1735,153.0,0,6,0.0,1,0.0,Tehrik-i-Taliban Pakistan (TTP)
62258,0,160,5,284,1144,7.28489,125.857258,1.0,0,0.0,1,0,3,4,59,160.0,0,6,0.0,1,0.0,New People's Army (NPA)
76417,0,153,6,404,1570,28.002285,68.728009,1.0,0,1.0,1,1,3,15,198,153.0,0,6,2.0,-9,0.0,Tehrik-i-Taliban Pakistan (TTP)
14626,0,61,2,124,519,13.491242,-88.173134,1.0,0,1.0,1,0,2,4,680,61.0,0,5,10.0,1,0.0,Farabundo Marti National Liberation Front (FMLN)
76996,0,209,10,184,804,37.477368,40.486736,1.0,1,0.0,1,0,3,4,250,209.0,0,6,3.0,1,0.0,Kurdistan Workers' Party (PKK)
59741,0,147,11,137,617,6.783611,9.069722,1.0,0,0.0,1,0,3,15,445,147.0,0,6,0.0,-9,0.0,Fulani extremists
15515,0,69,8,110,436,42.699997,9.447317,1.0,0,0.0,1,0,3,18,589,69.0,0,6,0.0,1,0.0,Corsican National Liberation Front (FLNC)
51953,0,153,6,402,1569,34.006004,71.53743,1.0,0,0.0,1,0,3,3,1140,153.0,0,6,0.0,1,0.0,Tehrik-i-Taliban Pakistan (TTP)
56579,0,182,11,59,210,4.73538,45.2024,1.0,0,0.0,1,0,3,4,332,65.0,0,6,0.0,1,0.0,Al-Shabaab
81537,1,160,5,0,44,6.596997,121.907486,1.0,0,1.0,1,0,6,14,63,160.0,0,5,5.0,0,1.0,Abu Sayyaf Group (ASG)
18298,0,92,6,368,1448,28.690073,77.213982,1.0,0,0.0,1,0,2,14,1624,92.0,0,5,10.0,0,0.0,Sikh Extremists
52688,0,95,10,29,126,35.713266,41.760647,1.0,0,1.0,1,1,3,3,85,95.0,0,6,1.0,1,0.0,Al-Qaida in Iraq
79121,0,200,10,168,741,36.432888,37.442127,1.0,0,0.0,1,1,3,17,876,200.0,0,6,78.0,1,0.0,Islamic State of Iraq and the Levant (ISIL)
52214,0,228,10,42,151,13.219398,45.307838,1.0,1,0.0,1,0,2,4,234,228.0,0,5,11.0,0,0.0,Al-Qaida in the Arabian Peninsula (AQAP)
7204,0,97,10,210,1297,31.670221,34.576403,2.0,1,0.0,1,0,3,4,1400,97.0,0,6,0.0,0,0.0,Palestinians
27515,0,186,6,207,852,7.301756,81.67473,3.0,0,0.0,1,0,2,4,332,186.0,0,5,6.0,1,0.0,Liberation Tigers of Tamil Eelam (LTTE)
28333,0,69,8,110,449,42.63651,8.937046,1.0,0,0.0,1,0,3,2,612,69.0,0,6,0.0,1,0.0,Corsican National Liberation Front (FLNC)
53927,0,153,6,242,1029,33.671638,73.056068,1.0,0,0.0,0,0,3,10,1766,153.0,0,6,0.0,0,0.0,Tehrik-i-Taliban Pakistan (TTP)
21774,0,159,3,224,926,-11.967368,-76.978462,1.0,0,0.0,1,0,3,1,205,159.0,0,6,0.0,1,0.0,Tupac Amaru Revolutionary Movement (MRTA)
17897,0,185,8,78,258,43.507604,-5.604447,1.0,0,0.0,1,0,3,3,351,185.0,0,6,0.0,1,0.0,Basque Fatherland and Freedom (ETA)
2261,0,603,8,161,699,54.446614,-6.690752,1.0,0,0.0,1,0,1,4,791,233.0,0,5,1.0,0,0.0,Irish Republican Army (IRA)
10110,0,69,8,13,52,48.856644,2.34233,1.0,0,0.0,1,0,3,19,587,69.0,0,6,0.0,1,0.0,Corsican National Liberation Front (FLNC)
39143,0,160,5,282,1114,10.185557,123.11749,1.0,0,0.0,1,0,2,4,1266,160.0,0,5,2.0,-9,0.0,New People's Army (NPA)
61905,0,92,6,103,951,17.938513,81.133357,2.0,1,0.0,1,0,2,4,1106,92.0,0,5,10.0,0,0.0,Maoists
58781,0,182,11,55,189,-0.357847,42.54665,1.0,0,0.0,1,0,3,17,309,182.0,0,6,3.0,1,0.0,Al-Shabaab
53024,0,4,6,380,1541,32.37001,62.128456,1.0,0,0.0,1,0,2,2,1707,4.0,0,5,2.0,1,0.0,Taliban
51565,0,147,11,90,284,10.516667,7.433333,1.0,0,1.0,1,1,3,15,445,147.0,0,6,42.0,1,0.0,Boko Haram
13567,0,43,3,218,914,-33.366238,-70.505302,1.0,0,0.0,1,0,2,3,1027,43.0,0,5,1.0,1,0.0,Manuel Rodriguez Patriotic Front (FPMR)
15899,0,43,3,218,914,-33.366238,-70.505302,1.0,0,0.0,1,0,3,3,273,43.0,0,6,0.0,1,0.0,Manuel Rodriguez Patriotic Front (FPMR)
11672,0,183,11,14,63,-29.156284,31.407625,1.0,0,0.0,1,0,3,3,105,183.0,0,6,1.0,1,0.0,African National Congress (South Africa)
63040,0,122,6,243,1030,4.175278,73.508889,1.0,0,1.0,1,0,7,2,1163,122.0,0,8,0.0,1,0.0,Muslim extremists
63196,0,214,9,118,461,47.981647,37.762325,1.0,0,0.0,1,0,3,12,425,422.0,0,6,1.0,1,0.0,Donetsk People's Republic
22135,0,97,10,337,1283,31.771599,35.2034,1.0,0,0.0,1,0,3,14,1386,97.0,0,6,1.0,1,0.0,Palestinians
77689,1,147,11,143,610,8.660257,7.260114,2.0,0,0.0,1,0,6,14,27,147.0,0,5,1.0,1,1.0,Fulani extremists
21992,0,185,8,75,254,41.634202,-1.27299,1.0,0,0.0,1,0,3,19,395,185.0,0,6,0.0,1,0.0,Basque Fatherland and Freedom (ETA)
13725,0,145,2,323,1210,12.538409,-85.573921,3.0,0,0.0,1,0,2,4,1214,145.0,0,5,9.0,1,0.0,Nicaraguan Democratic Force (FDN)
56536,0,182,11,51,196,1.808302,44.695141,1.0,0,1.0,1,0,2,4,320,422.0,0,6,3.0,-9,0.0,Al-Shabaab
38651,0,69,8,110,433,41.930607,8.742907,1.0,0,0.0,0,0,3,4,602,69.0,0,6,0.0,0,0.0,Corsican National Liberation Front (FLNC)
26574,0,61,2,129,530,13.84222,-89.09694,1.0,0,0.0,1,0,2,4,332,61.0,0,5,0.0,1,0.0,Farabundo Marti National Liberation Front (FMLN)
70832,0,147,11,86,282,11.840929,13.141459,1.0,0,0.0,1,1,3,15,198,147.0,0,6,11.0,1,0.0,Boko Haram
16512,0,183,11,17,80,-25.785669,31.051162,1.0,1,0.0,1,0,3,3,132,183.0,0,6,0.0,1,0.0,African National Congress (South Africa)
62752,0,95,10,28,138,34.92485,43.491413,1.0,0,0.0,1,0,3,1,878,95.0,0,6,0.0,1,0.0,Islamic State of Iraq and the Levant (ISIL)
54698,0,95,10,26,110,33.74324,44.623825,1.0,0,0.0,1,1,3,2,187,95.0,0,6,3.0,1,0.0,Al-Qaida in Iraq
79627,0,104,11,52,185,2.809093,40.927444,1.0,0,0.0,1,0,4,2,250,104.0,0,5,0.0,1,1.0,Al-Shabaab
49467,0,45,3,271,1333,6.820856,-71.324402,2.0,0,0.0,1,0,3,21,1478,45.0,0,6,0.0,1,0.0,Revolutionary Armed Forces of Colombia (FARC)
72041,0,92,6,101,352,25.740541,84.824858,1.0,0,1.0,0,0,3,1,494,92.0,0,6,0.0,0,0.0,Communist Party of India - Maoist (CPI-Maoist)
47048,0,185,8,68,230,43.15256,-3.028622,1.0,0,0.0,1,0,7,14,353,185.0,0,8,0.0,1,0.0,Basque Fatherland and Freedom (ETA)
12788,0,145,2,318,1222,13.62679,-85.8254,1.0,0,0.0,1,0,2,4,672,145.0,0,5,93.0,1,0.0,Nicaraguan Democratic Force (FDN)
80259,0,214,9,118,464,48.143208,37.753361,1.0,0,0.0,1,0,3,14,459,214.0,0,6,4.0,1,0.0,Donetsk People's Republic
19548,0,43,3,218,914,-33.366238,-70.505302,1.0,0,1.0,1,0,2,19,56,43.0,0,8,0.0,1,0.0,Manuel Rodriguez Patriotic Front (FPMR)
73416,0,182,11,62,198,7.968031,49.821148,2.0,0,1.0,1,0,2,14,27,182.0,0,6,5.0,0,0.0,Al-Shabaab
65655,0,228,10,43,149,15.325443,44.211895,1.0,0,0.0,1,0,3,22,244,228.0,0,6,0.0,-9,0.0,Al-Qaida in the Arabian Peninsula (AQAP)
61731,0,214,9,118,472,48.04668,37.942146,1.0,1,0.0,1,0,3,20,6,214.0,0,6,0.0,0,0.0,Donetsk People's Republic
77435,0,228,10,44,167,14.360278,47.341944,1.0,0,0.0,1,0,3,14,261,228.0,0,6,2.0,1,0.0,Al-Qaida in the Arabian Peninsula (AQAP)
69532,0,95,10,25,108,33.303566,44.371773,1.0,0,0.0,1,0,3,14,652,95.0,0,6,2.0,0,0.0,Islamic State of Iraq and the Levant (ISIL)
74350,0,123,11,140,1012,16.272278,-0.048965,1.0,1,0.0,1,0,3,4,258,123.0,0,6,2.0,1,0.0,Muslim extremists
77069,0,173,10,155,670,16.546944,42.979444,1.0,0,0.0,1,0,3,4,0,173.0,0,6,0.0,-9,0.0,Houthi extremists (Ansar Allah)
10271,0,159,3,224,926,-11.967368,-76.978462,1.0,0,1.0,1,0,3,21,1535,159.0,0,6,0.0,1,0.0,Shining Path (SL)
14946,0,159,3,224,926,-11.967368,-76.978462,1.0,1,0.0,1,0,3,1,1814,159.0,0,6,1.0,1,0.0,Tupac Amaru Revolutionary Movement (MRTA)
17951,0,159,3,354,1385,-13.152712,-74.218628,1.0,0,0.0,1,0,2,2,1576,159.0,0,5,1.0,1,0.0,Shining Path (SL)
46091,0,182,11,53,186,2.059819,45.326115,1.0,0,0.0,1,0,2,10,327,182.0,0,5,1.0,-9,0.0,Al-Shabaab
22244,0,92,6,366,1468,30.679722,76.721944,1.0,0,0.0,1,0,1,10,1650,92.0,0,5,2.0,0,0.0,Sikh Extremists
71473,0,228,10,152,659,13.586484,44.024105,1.0,0,0.0,1,0,3,14,447,228.0,0,6,3.0,-9,0.0,Houthi extremists (Ansar Allah)
55747,0,95,10,29,115,36.354145,43.14357,1.0,1,1.0,1,0,2,3,85,95.0,0,5,4.0,0,0.0,Islamic State of Iraq and the Levant (ISIL)
82522,0,123,11,234,1034,14.929512,-3.889058,2.0,0,0.0,1,0,5,14,13,123.0,0,5,0.0,0,1.0,Muslim extremists
22248,0,185,8,68,235,43.291618,-1.977903,1.0,0,0.0,1,0,3,1,400,217.0,0,6,0.0,1,0.0,Basque Fatherland and Freedom (ETA)
51474,0,160,5,5,1168,6.809045,125.192555,1.0,0,0.0,1,0,7,1,911,44.0,0,8,0.0,1,0.0,New People's Army (NPA)
4312,0,155,10,335,1279,32.222271,35.253506,1.0,0,0.0,0,0,7,2,1374,97.0,0,8,0.0,1,0.0,Palestinians
36643,0,186,6,208,849,6.952452,79.877983,1.0,0,1.0,1,0,3,21,991,186.0,0,6,0.0,1,0.0,Liberation Tigers of Tamil Eelam (LTTE)
14948,0,159,3,407,1630,-12.050934,-77.126044,1.0,0,0.0,1,0,3,1,399,159.0,0,6,1.0,1,0.0,Tupac Amaru Revolutionary Movement (MRTA)
80440,1,95,10,28,133,34.621521,43.668377,1.0,0,0.0,1,0,6,4,879,95.0,0,5,1.0,0,1.0,Islamic State of Iraq and the Levant (ISIL)
47421,0,95,10,25,108,33.303566,44.371773,1.0,0,1.0,1,1,3,2,185,95.0,0,6,27.0,-9,0.0,Al-Qaida in Iraq
52097,0,153,6,402,1590,32.41304,70.46611,1.0,0,1.0,1,0,2,3,1751,153.0,0,6,2.0,1,0.0,Tehrik-i-Taliban Pakistan (TTP)
46958,0,185,8,74,244,39.569505,2.649965,1.0,0,1.0,1,0,3,1,370,185.0,0,6,0.0,1,0.0,Basque Fatherland and Freedom (ETA)
22671,0,92,6,366,1445,31.633078,74.878288,1.0,0,0.0,1,0,1,22,1640,92.0,0,5,1.0,0,0.0,Sikh Extremists
64204,1,4,6,386,1548,31.859575,64.200998,3.0,0,0.0,1,1,3,4,1713,4.0,0,6,26.0,1,0.0,Taliban
77765,0,228,10,152,659,13.586484,44.024105,1.0,0,0.0,1,0,3,14,743,228.0,0,6,2.0,1,0.0,Houthi extremists (Ansar Allah)
1452,0,603,8,161,698,54.347539,-6.656108,1.0,0,0.0,1,0,3,4,803,216.0,0,6,1.0,1,0.0,Irish Republican Army (IRA)
50431,0,92,6,102,346,23.744186,84.504429,3.0,0,0.0,1,0,3,3,522,92.0,0,6,0.0,1,0.0,Communist Party of India - Maoist (CPI-Maoist)
48959,0,228,10,47,24,16.249994,45.478097,4.0,0,0.0,1,1,3,15,264,228.0,0,6,16.0,1,0.0,Al-Qaida in the Arabian Peninsula (AQAP)
82926,0,209,10,175,758,41.106178,28.689863,1.0,0,0.0,0,1,3,1,888,209.0,0,6,0.0,0,0.0,Islamic State of Iraq and the Levant (ISIL)
47386,0,153,6,405,1607,34.856902,71.429936,3.0,0,0.0,1,0,3,8,1771,153.0,0,6,0.0,1,0.0,Tehrik-i-Taliban Pakistan (TTP)
71341,0,160,5,299,1142,5.856886,125.006194,1.0,0,0.0,1,0,7,1,665,160.0,0,8,0.0,1,0.0,New People's Army (NPA)
71709,1,92,6,103,949,21.096881,81.030341,2.0,0,1.0,1,0,6,14,1104,92.0,0,5,1.0,0,1.0,Maoists
78025,0,147,11,86,291,12.922965,13.563938,3.0,0,0.0,1,0,1,4,450,147.0,0,6,3.0,1,0.0,Boko Haram
28730,0,92,6,366,1432,30.898024,75.860077,1.0,1,1.0,1,0,7,1,581,92.0,0,8,0.0,1,0.0,Sikh Extremists
7224,0,185,8,68,235,43.291618,-1.977903,1.0,0,0.0,0,0,1,2,408,185.0,0,8,0.0,0,0.0,Basque Fatherland and Freedom (ETA)
29274,0,155,10,338,1011,31.278791,34.256435,1.0,0,0.0,0,0,1,4,1380,97.0,0,5,0.0,0,0.0,Palestinians
40116,0,45,3,265,1075,6.242026,-75.564766,1.0,0,0.0,0,0,1,2,1502,45.0,0,5,0.0,-9,0.0,Revolutionary Armed Forces of Colombia (FARC)
63776,0,147,11,138,621,8.699823,7.982974,2.0,0,1.0,1,0,2,14,27,147.0,0,5,2.0,1,0.0,Fulani extremists
59441,0,4,6,389,1525,35.605071,64.120113,2.0,0,1.0,1,0,3,14,307,4.0,0,6,0.0,1,0.0,Taliban
25991,0,159,3,224,926,-11.967368,-76.978462,1.0,0,1.0,0,0,3,1,355,159.0,0,6,0.0,1,0.0,Shining Path (SL)
12764,0,159,3,354,1391,-12.983333,-74.183333,2.0,0,0.0,1,0,2,14,1547,159.0,0,5,17.0,1,1.0,Shining Path (SL)
80383,0,147,11,144,593,4.807169,7.341951,1.0,0,0.0,1,0,2,14,13,147.0,0,5,2.0,0,0.0,Fulani extremists
33262,0,45,3,344,1353,0.74522,-75.23414,1.0,0,0.0,1,0,2,3,282,45.0,0,8,0.0,1,0.0,Revolutionary Armed Forces of Colombia (FARC)
83589,0,95,10,30,750,35.198963,43.793133,1.0,0,0.0,1,0,3,4,12,95.0,0,6,2.0,0,0.0,Islamic State of Iraq and the Levant (ISIL)
20426,0,43,3,218,914,-33.366238,-70.505302,1.0,0,1.0,1,0,3,21,1035,43.0,0,6,0.0,1,0.0,Manuel Rodriguez Patriotic Front (FPMR)
25862,0,159,3,224,926,-11.967368,-76.978462,1.0,0,0.0,1,0,6,2,1824,159.0,0,5,1.0,0,1.0,Tupac Amaru Revolutionary Movement (MRTA)
65363,0,147,11,137,624,7.894399,7.785072,1.0,0,1.0,1,0,2,14,27,147.0,0,5,4.0,0,0.0,Fulani extremists
32351,0,209,10,191,797,37.922218,40.184376,1.0,0,0.0,1,0,3,2,915,209.0,0,6,1.0,1,0.0,Kurdistan Workers' Party (PKK)
65703,0,147,11,137,579,7.689167,9.250278,3.0,0,1.0,1,0,2,14,27,147.0,0,5,1.0,1,0.0,Fulani extremists
50850,0,147,11,86,282,11.840929,13.141459,1.0,0,0.0,1,0,2,4,457,147.0,0,5,4.0,0,0.0,Boko Haram
42155,0,95,10,25,108,33.303566,44.371773,1.0,1,0.0,0,0,2,7,206,153.0,0,5,0.0,-9,0.0,Al-Qaida in Iraq
79669,0,147,11,86,285,11.922882,13.281358,2.0,0,1.0,1,1,3,14,444,147.0,0,6,1.0,1,0.0,Boko Haram
10337,0,145,2,318,1228,14.065404,-86.024135,1.0,0,0.0,1,0,2,14,1342,145.0,0,5,18.0,1,1.0,Nicaraguan Democratic Force (FDN)
1418,0,603,8,161,715,54.409928,-7.172562,1.0,0,0.0,1,0,1,14,829,233.0,0,5,1.0,0,0.0,Irish Republican Army (IRA)
17426,0,92,6,368,1437,28.585836,77.153336,1.0,0,0.0,1,0,1,14,1647,92.0,0,5,2.0,0,0.0,Sikh Extremists
46058,0,92,6,103,349,18.9,81.35,1.0,0,0.0,1,0,7,14,492,92.0,0,8,0.0,1,0.0,Communist Party of India - Maoist (CPI-Maoist)
19932,0,186,6,209,891,9.267091,80.814248,1.0,0,0.0,1,0,2,19,56,186.0,0,5,2.0,1,0.0,Liberation Tigers of Tamil Eelam (LTTE)
22719,0,209,10,181,781,37.527015,43.008353,1.0,0,0.0,1,0,2,14,900,209.0,0,5,6.0,1,0.0,Kurdistan Workers' Party (PKK)
63462,0,214,9,118,479,47.460209,37.86647,1.0,0,0.0,1,0,3,4,48,214.0,0,6,0.0,0,0.0,Donetsk People's Republic
13140,0,69,8,112,438,43.296482,5.36978,1.0,0,0.0,1,0,3,3,608,69.0,0,6,0.0,1,0.0,Corsican National Liberation Front (FLNC)
6496,0,97,10,337,1283,31.771599,35.2034,1.0,0,0.0,1,0,3,14,1397,97.0,0,6,0.0,1,0.0,Palestinians
23232,0,97,10,335,1286,32.283429,35.384778,1.0,0,0.0,1,0,1,14,1384,155.0,0,9,1.0,0,0.0,Palestinians
33215,0,69,8,110,440,41.795233,8.741819,1.0,0,1.0,1,0,3,14,594,69.0,0,6,0.0,1,0.0,Corsican National Liberation Front (FLNC)
16110,0,45,3,279,24,2.243589,-77.010385,4.0,0,0.0,1,0,2,4,683,45.0,0,5,1.0,1,0.0,Revolutionary Armed Forces of Colombia (FARC)
7290,0,603,8,161,695,55.011562,-7.312045,1.0,0,0.0,1,0,3,14,811,216.0,0,6,1.0,1,0.0,Irish Republican Army (IRA)
55067,0,92,6,101,956,24.92326,86.220238,1.0,0,0.0,1,0,3,21,1109,92.0,0,6,0.0,1,0.0,Maoists
14980,0,159,3,224,926,-11.967368,-76.978462,1.0,0,0.0,1,0,2,2,1569,159.0,0,5,0.0,1,0.0,Shining Path (SL)
43035,0,4,6,386,24,32.603077,64.890852,4.0,0,0.0,1,0,2,3,1694,4.0,0,5,3.0,1,0.0,Taliban
9720,0,159,3,359,1397,-17.360278,-69.701111,2.0,0,0.0,0,0,3,19,1558,159.0,0,6,17.0,0,0.0,Shining Path (SL)
53225,0,95,10,29,115,36.354145,43.14357,1.0,0,1.0,1,0,3,14,13,95.0,0,6,2.0,0,0.0,Al-Qaida in Iraq
79643,0,92,6,106,356,18.16408,81.953482,3.0,0,1.0,1,0,6,14,1116,92.0,0,9,1.0,0,1.0,Maoists
67383,0,228,10,48,669,13.057677,44.883764,3.0,0,0.0,1,0,3,14,13,228.0,0,6,1.0,-9,0.0,Houthi extremists (Ansar Allah)
12422,0,145,2,325,1232,12.17609,-86.03771,1.0,0,0.0,1,0,2,14,1344,145.0,0,5,4.0,1,0.0,Nicaraguan Democratic Force (FDN)
17379,0,159,3,224,926,-11.967368,-76.978462,1.0,0,1.0,1,0,5,10,1061,159.0,0,5,0.0,1,0.0,Tupac Amaru Revolutionary Movement (MRTA)
69313,0,4,6,390,24,35.804295,69.287754,4.0,0,1.0,1,0,7,15,198,4.0,0,8,0.0,1,0.0,Taliban
19437,0,69,8,110,432,42.016854,9.403982,1.0,0,1.0,1,0,3,1,578,69.0,0,6,0.0,1,0.0,Corsican National Liberation Front (FLNC)
49750,0,45,3,279,1347,2.116667,-76.983333,1.0,1,0.0,1,0,2,14,1490,45.0,0,5,1.0,0,0.0,Revolutionary Armed Forces of Colombia (FARC)
35063,0,186,6,209,866,8.349393,81.285949,1.0,0,0.0,1,0,2,4,804,186.0,0,5,3.0,1,0.0,Liberation Tigers of Tamil Eelam (LTTE)
40485,0,147,11,96,306,9.933381,8.885243,1.0,0,0.0,1,0,2,14,731,147.0,0,5,14.0,0,0.0,Fulani extremists
26710,0,45,3,269,24,6.643708,-73.653621,4.0,1,1.0,1,0,3,21,1467,45.0,0,6,0.0,1,0.0,Revolutionary Armed Forces of Colombia (FARC)
21040,0,61,2,122,505,13.69288,-89.199161,1.0,0,0.0,1,0,3,2,694,61.0,0,6,1.0,1,0.0,Farabundo Marti National Liberation Front (FMLN)
75758,0,147,11,90,603,9.434235,8.350026,1.0,1,1.0,1,0,2,14,27,147.0,0,5,2.0,0,0.0,Fulani extremists
20437,0,186,6,209,855,9.666399,80.020477,1.0,0,0.0,1,0,3,4,992,186.0,0,6,3.0,1,0.0,Liberation Tigers of Tamil Eelam (LTTE)
47352,0,95,10,26,110,33.74324,44.623825,1.0,0,0.0,1,0,1,17,174,95.0,0,5,2.0,-9,0.0,Al-Qaida in Iraq
41487,0,186,6,207,862,7.716666,81.700188,3.0,0,0.0,1,0,3,15,994,186.0,0,6,0.0,-9,0.0,Liberation Tigers of Tamil Eelam (LTTE)
12512,0,183,11,15,76,-26.252697,27.870275,1.0,0,0.0,1,0,2,14,148,183.0,0,8,0.0,1,0.0,African National Congress (South Africa)
44472,0,4,6,377,1520,31.499713,65.000854,3.0,0,0.0,1,0,2,3,1693,4.0,0,5,11.0,1,0.0,Taliban
14155,0,69,8,110,24,41.918891,8.737554,4.0,0,1.0,1,0,3,3,607,69.0,0,6,0.0,1,0.0,Corsican National Liberation Front (FLNC)
62655,0,147,11,145,598,12.275292,6.929635,1.0,0,1.0,1,0,6,14,27,147.0,0,5,2.0,1,1.0,Fulani extremists
66666,0,147,11,137,614,7.689167,9.250278,2.0,0,1.0,1,0,2,14,27,147.0,0,5,6.0,1,0.0,Fulani extremists
68581,0,92,6,106,964,20.937726,85.089076,2.0,0,0.0,1,0,8,14,1113,92.0,0,9,1.0,0,1.0,Maoists
12819,0,145,2,319,1230,13.360614,-86.398154,1.0,0,0.0,1,0,2,4,672,145.0,0,5,0.0,1,0.0,Nicaraguan Democratic Force (FDN)
73996,0,147,11,141,575,7.657429,9.771966,1.0,0,1.0,1,0,2,14,27,147.0,0,5,2.0,1,0.0,Fulani extremists
11246,0,183,11,15,57,-26.184113,28.033232,1.0,0,0.0,1,0,3,2,119,183.0,0,6,0.0,1,0.0,African National Congress (South Africa)
26708,0,45,3,269,24,6.643708,-73.653621,4.0,1,1.0,1,0,3,21,1467,45.0,0,6,0.0,1,0.0,Revolutionary Armed Forces of Colombia (FARC)
31853,0,159,3,224,926,-11.967368,-76.978462,1.0,0,0.0,1,0,3,7,1822,217.0,0,6,0.0,1,0.0,Tupac Amaru Revolutionary Movement (MRTA)
61362,0,182,11,53,186,2.059819,45.326115,1.0,0,0.0,1,0,1,2,321,182.0,0,5,1.0,0,0.0,Al-Shabaab
29011,0,92,6,107,1436,15.478569,78.483093,3.0,0,0.0,1,0,3,2,1609,92.0,0,6,2.0,1,0.0,Sikh Extremists
52287,0,95,10,24,107,33.31065,44.038208,1.0,1,1.0,1,0,3,3,12,95.0,0,6,0.0,0,0.0,Al-Qaida in Iraq
4984,0,97,10,337,1283,31.771599,35.2034,1.0,0,0.0,1,0,3,3,1408,97.0,0,6,5.0,1,0.0,Palestinians
12742,0,603,8,161,713,54.183052,-6.341388,1.0,0,0.0,1,0,3,19,821,233.0,0,6,0.0,1,0.0,Irish Republican Army (IRA)
14491,0,61,2,125,514,13.505945,-88.897676,1.0,0,0.0,1,0,2,4,672,61.0,0,5,1.0,1,0.0,Farabundo Marti National Liberation Front (FMLN)
12272,0,92,6,366,24,31.147131,75.341218,4.0,0,0.0,1,0,1,4,1622,92.0,0,10,2.0,0,0.0,Sikh Extremists
73284,0,182,11,55,189,-0.357847,42.54665,1.0,0,1.0,1,0,3,14,308,182.0,0,6,3.0,1,0.0,Al-Shabaab
75127,0,182,11,53,186,2.059819,45.326115,1.0,0,1.0,1,0,3,2,289,182.0,0,6,1.0,-9,0.0,Al-Shabaab
60648,0,147,11,90,577,9.998184,7.956361,1.0,0,1.0,1,0,2,2,730,147.0,0,5,2.0,1,0.0,Fulani extremists
76865,0,147,11,86,297,11.083983,13.693092,1.0,0,0.0,1,1,3,4,48,147.0,0,6,3.0,0,0.0,Boko Haram
80398,0,160,5,300,1143,16.670136,121.717106,2.0,0,0.0,1,0,4,1,425,160.0,0,8,0.0,1,1.0,New People's Army (NPA)
23980,0,155,10,338,1284,31.502407,34.459743,1.0,0,0.0,1,0,1,14,1388,155.0,0,9,1.0,0,0.0,Palestinians
31834,0,159,3,224,926,-11.967368,-76.978462,1.0,0,0.0,1,0,3,2,1533,159.0,0,6,0.0,1,0.0,Shining Path (SL)
35141,0,160,5,7,15,6.929089,122.07885,1.0,0,0.0,1,0,3,15,35,160.0,0,6,1.0,1,0.0,Abu Sayyaf Group (ASG)
69975,0,182,11,51,184,1.789637,44.529976,1.0,0,0.0,1,0,6,4,249,182.0,0,5,19.0,0,1.0,Al-Shabaab
19253,0,43,3,218,914,-33.366238,-70.505302,1.0,0,1.0,1,0,2,19,56,43.0,0,8,0.0,1,0.0,Manuel Rodriguez Patriotic Front (FPMR)
65689,0,147,11,137,579,7.689167,9.250278,3.0,0,1.0,1,0,2,14,27,147.0,0,5,1.0,1,0.0,Fulani extremists
67919,0,228,10,43,149,15.325443,44.211895,1.0,0,0.0,0,0,6,2,753,228.0,0,5,2.0,0,1.0,Houthi extremists (Ansar Allah)
48127,0,92,6,102,343,24.128611,84.185712,3.0,0,0.0,1,0,3,3,486,92.0,0,6,1.0,-9,0.0,Communist Party of India - Maoist (CPI-Maoist)
55303,0,4,6,386,1502,31.766705,64.618607,3.0,0,0.0,1,0,3,4,1683,422.0,0,6,12.0,0,0.0,Taliban
51138,0,95,10,26,112,33.100529,44.584492,1.0,0,1.0,1,0,3,3,85,95.0,0,6,0.0,0,0.0,Al-Qaida in Iraq
17654,0,603,8,161,705,54.482055,-8.088244,1.0,0,0.0,1,0,2,4,804,216.0,0,5,1.0,1,0.0,Irish Republican Army (IRA)
8188,0,88,2,133,544,14.060287,-88.695229,1.0,0,0.0,1,0,2,4,683,88.0,0,5,2.0,1,0.0,Farabundo Marti National Liberation Front (FMLN)
13964,0,145,2,334,1253,13.835758,-85.869174,1.0,0,0.0,1,0,2,4,332,145.0,0,5,0.0,1,0.0,Nicaraguan Democratic Force (FDN)
17355,0,61,2,122,505,13.69288,-89.199161,1.0,0,1.0,1,0,3,16,706,61.0,0,6,0.0,1,0.0,Farabundo Marti National Liberation Front (FMLN)
62870,0,228,10,43,149,15.325443,44.211895,1.0,0,0.0,1,0,3,2,765,228.0,0,6,0.0,-9,0.0,Houthi extremists (Ansar Allah)
49470,0,45,3,271,1322,6.788008,-71.025959,1.0,0,0.0,1,0,7,19,1460,45.0,0,8,0.0,1,0.0,Revolutionary Armed Forces of Colombia (FARC)
5501,0,603,8,161,703,54.102813,-6.259412,1.0,0,0.0,1,0,3,4,796,216.0,0,6,0.0,1,0.0,Irish Republican Army (IRA)
56309,0,167,9,244,1031,42.98542,47.450668,1.0,0,1.0,1,0,3,1,1164,167.0,0,6,0.0,0,0.0,Muslim extremists
71093,0,228,10,152,659,13.586484,44.024105,1.0,0,1.0,1,0,3,14,752,228.0,0,6,1.0,-9,0.0,Houthi extremists (Ansar Allah)
78211,0,95,10,29,115,36.354145,43.14357,1.0,1,0.0,0,1,3,3,85,95.0,0,6,21.0,0,0.0,Islamic State of Iraq and the Levant (ISIL)
13594,0,43,3,218,914,-33.366238,-70.505302,1.0,0,1.0,1,0,3,19,56,43.0,0,6,0.0,1,0.0,Manuel Rodriguez Patriotic Front (FPMR)
63725,0,228,10,42,157,14.058333,46.913056,1.0,0,0.0,1,0,2,4,246,228.0,0,5,1.0,0,0.0,Al-Qaida in the Arabian Peninsula (AQAP)
29529,0,159,3,352,1635,-11.254239,-74.636893,1.0,0,0.0,1,0,2,4,699,159.0,0,5,7.0,1,0.0,Tupac Amaru Revolutionary Movement (MRTA)
45000,0,186,6,207,850,7.733107,81.68882,1.0,0,0.0,1,0,2,22,954,186.0,0,5,2.0,0,0.0,Liberation Tigers of Tamil Eelam (LTTE)
43769,0,4,6,377,1510,31.550039,65.45263,3.0,0,0.0,1,0,3,3,6,4.0,0,6,4.0,1,0.0,Taliban
41782,0,69,8,110,436,42.699997,9.447317,1.0,0,0.0,1,0,3,1,585,69.0,0,6,0.0,1,0.0,Corsican National Liberation Front (FLNC)
54742,0,153,6,405,1576,34.565494,71.477429,3.0,0,1.0,1,0,3,8,1731,153.0,0,6,0.0,1,0.0,Tehrik-i-Taliban Pakistan (TTP)
3233,0,603,8,161,694,54.607712,-5.95621,1.0,0,0.0,1,0,1,14,784,233.0,0,5,1.0,0,0.0,Irish Republican Army (IRA)
48487,0,209,10,182,24,37.445932,43.744984,4.0,0,0.0,1,0,2,15,920,209.0,0,5,1.0,0,0.0,Kurdistan Workers' Party (PKK)
22802,0,43,3,221,920,-29.906897,-71.25103,1.0,0,0.0,1,0,5,10,1059,43.0,0,5,0.0,1,1.0,Manuel Rodriguez Patriotic Front (FPMR)
53304,0,153,6,402,1569,34.006004,71.53743,1.0,0,0.0,1,0,3,4,1750,153.0,0,6,8.0,1,0.0,Tehrik-i-Taliban Pakistan (TTP)
51794,0,228,10,48,172,13.148959,44.85055,1.0,0,0.0,1,0,1,2,224,228.0,0,5,1.0,0,0.0,Al-Qaida in the Arabian Peninsula (AQAP)
48717,0,153,6,402,1577,34.965592,71.822004,1.0,0,0.0,1,0,2,14,1732,153.0,0,5,1.0,0,0.0,Tehrik-i-Taliban Pakistan (TTP)
83599,0,4,6,386,1499,31.60063,64.369652,1.0,0,0.0,1,1,3,4,1681,4.0,0,6,1.0,1,0.0,Taliban
47897,0,153,6,405,1602,33.908578,71.070055,3.0,0,0.0,1,0,6,3,1768,153.0,0,5,0.0,0,1.0,Tehrik-i-Taliban Pakistan (TTP)
77248,0,173,10,49,666,21.416667,39.816667,1.0,1,0.0,0,0,3,14,447,173.0,0,6,0.0,0,0.0,Houthi extremists (Ansar Allah)
56627,1,45,3,271,1087,6.953691,-71.878846,1.0,0,0.0,1,0,6,3,1224,45.0,0,5,1.0,0,1.0,National Liberation Army of Colombia (ELN)
16846,0,159,3,224,926,-11.967368,-76.978462,1.0,0,1.0,1,0,3,1,1802,159.0,0,6,0.0,1,0.0,Tupac Amaru Revolutionary Movement (MRTA)
6352,0,97,10,337,1307,31.830866,34.955151,1.0,0,0.0,1,0,3,14,1430,97.0,0,6,0.0,1,0.0,Palestinians
49506,1,92,6,102,346,23.744186,84.504429,3.0,1,0.0,1,0,6,14,490,92.0,0,5,2.0,0,1.0,Communist Party of India - Maoist (CPI-Maoist)
77754,0,160,5,4,31,7.601144,122.428098,1.0,0,0.0,0,0,2,4,20,160.0,0,5,2.0,0,0.0,Abu Sayyaf Group (ASG)
14550,0,183,11,14,58,-29.861824,31.008293,1.0,0,0.0,1,0,3,1,120,183.0,0,6,0.0,1,0.0,African National Congress (South Africa)
71688,0,160,5,288,1131,10.786173,122.206377,1.0,0,1.0,1,0,7,1,1098,160.0,0,8,0.0,1,0.0,New People's Army (NPA)
38811,0,45,3,263,1319,7.10577,-77.76488,1.0,0,0.0,1,0,1,2,1458,45.0,0,5,1.0,0,0.0,Revolutionary Armed Forces of Colombia (FARC)
38923,0,185,8,68,235,43.291618,-1.977903,1.0,0,0.0,1,0,1,2,381,185.0,0,6,2.0,-9,0.0,Basque Fatherland and Freedom (ETA)
63764,0,153,6,366,1584,31.590166,74.575894,1.0,0,0.0,1,1,3,14,13,153.0,0,6,62.0,1,0.0,Tehrik-i-Taliban Pakistan (TTP)
3294,0,185,8,70,229,43.258434,-2.921819,1.0,0,0.0,1,0,2,14,250,185.0,0,8,0.0,1,0.0,Basque Fatherland and Freedom (ETA)
58654,0,153,6,404,1572,24.891115,67.143311,1.0,0,0.0,0,0,3,22,1734,153.0,0,6,0.0,0,0.0,Tehrik-i-Taliban Pakistan (TTP)
50187,0,147,11,86,282,11.840929,13.141459,1.0,0,0.0,1,0,2,2,462,147.0,0,5,1.0,0,0.0,Boko Haram
12743,0,183,11,20,70,-25.661361,27.247563,1.0,0,0.0,1,0,3,21,117,183.0,0,6,0.0,1,0.0,African National Congress (South Africa)
11570,0,97,10,335,1298,32.004264,35.276546,1.0,0,0.0,1,0,2,19,1327,97.0,0,8,0.0,0,0.0,Palestinians
28049,0,69,8,110,434,41.591369,9.278311,1.0,0,0.0,1,0,3,2,425,69.0,0,6,0.0,1,0.0,Corsican National Liberation Front (FLNC)
7491,0,185,8,68,247,43.3282,-3.031509,1.0,0,0.0,1,0,3,21,375,185.0,0,6,1.0,1,0.0,Basque Fatherland and Freedom (ETA)
16849,0,159,3,224,926,-11.967368,-76.978462,1.0,0,1.0,1,0,3,1,1802,159.0,0,6,0.0,1,0.0,Tupac Amaru Revolutionary Movement (MRTA)
42238,0,160,5,286,1147,12.5677,123.7337,1.0,0,0.0,1,0,2,3,1287,160.0,0,5,0.0,1,0.0,New People's Army (NPA)
28949,0,61,2,121,504,13.802046,-87.896732,1.0,0,0.0,1,0,2,4,332,61.0,0,5,7.0,1,0.0,Farabundo Marti National Liberation Front (FMLN)
69452,0,209,10,182,790,37.570354,44.282055,3.0,0,0.0,0,0,3,20,6,209.0,0,6,0.0,0,0.0,Kurdistan Workers' Party (PKK)
34059,0,75,8,201,832,52.152262,10.331013,1.0,0,0.0,1,0,7,1,936,209.0,0,8,0.0,1,0.0,Kurdistan Workers' Party (PKK)
26896,0,185,8,68,235,43.291618,-1.977903,1.0,0,0.0,1,0,3,3,384,185.0,0,6,1.0,1,0.0,Basque Fatherland and Freedom (ETA)
55509,1,160,5,0,13,6.497216,122.105141,1.0,0,0.0,1,0,6,2,14,160.0,0,5,0.0,0,1.0,Abu Sayyaf Group (ASG)
21121,0,186,6,207,857,8.499728,81.094412,1.0,0,0.0,1,0,2,4,672,186.0,0,5,3.0,1,0.0,Liberation Tigers of Tamil Eelam (LTTE)
79632,0,95,10,29,115,36.354145,43.14357,1.0,0,0.0,1,0,3,14,177,95.0,0,6,7.0,1,0.0,Islamic State of Iraq and the Levant (ISIL)
24534,0,159,3,224,926,-11.967368,-76.978462,1.0,0,0.0,1,0,3,4,1555,159.0,0,5,0.0,1,0.0,Shining Path (SL)
25305,0,159,3,224,1394,-12.517373,-76.73399,1.0,0,0.0,1,0,1,2,1554,159.0,0,5,1.0,0,0.0,Shining Path (SL)
33157,0,45,3,265,1075,6.242026,-75.564766,1.0,0,1.0,1,0,3,1,1215,45.0,0,6,0.0,1,0.0,National Liberation Army of Colombia (ELN)
76777,0,228,10,152,681,12.765967,43.5174,3.0,0,0.0,1,0,3,4,769,422.0,0,6,0.0,1,0.0,Houthi extremists (Ansar Allah)
49316,0,92,6,108,381,17.72726,81.189156,1.0,1,0.0,1,0,7,1,524,92.0,0,8,0.0,1,0.0,Communist Party of India - Maoist (CPI-Maoist)
62150,0,214,9,118,461,47.981647,37.762325,1.0,0,0.0,1,0,3,1,114,214.0,0,6,0.0,1,0.0,Donetsk People's Republic
59202,0,147,11,96,306,9.933421,8.88309,1.0,0,0.0,1,0,2,15,477,147.0,0,5,0.0,-9,0.0,Fulani extremists
51682,0,228,10,38,174,12.8,45.033333,2.0,0,0.0,1,1,3,4,273,228.0,0,6,1.0,0,0.0,Al-Qaida in the Arabian Peninsula (AQAP)
10212,0,183,11,15,87,-25.748281,28.212069,1.0,0,0.0,1,0,3,4,144,183.0,0,6,19.0,1,0.0,African National Congress (South Africa)
11346,0,145,2,318,1205,13.642491,-86.309214,1.0,0,0.0,1,0,2,14,1330,145.0,0,5,1.0,1,0.0,Nicaraguan Democratic Force (FDN)
73749,0,92,6,102,347,24.19173,86.299815,3.0,0,0.0,1,0,3,3,85,92.0,0,6,0.0,0,0.0,Communist Party of India - Maoist (CPI-Maoist)
72658,0,160,5,1,6,5.97972,121.054829,1.0,0,1.0,0,0,3,20,6,160.0,0,6,0.0,0,0.0,Abu Sayyaf Group (ASG)
19497,0,159,3,354,1388,-12.939782,-74.247478,1.0,0,0.0,1,0,1,3,1542,159.0,0,5,1.0,0,0.0,Shining Path (SL)
46500,0,45,3,264,1068,1.338227,-77.592617,1.0,0,0.0,1,0,3,2,1193,45.0,0,6,0.0,1,0.0,National Liberation Army of Colombia (ELN)
74957,0,92,6,106,384,19.758767,83.19422,2.0,0,1.0,1,0,6,1,528,92.0,0,8,0.0,1,1.0,Communist Party of India - Maoist (CPI-Maoist)
21692,0,160,5,286,24,12.367922,123.620761,4.0,0,0.0,1,0,1,2,1272,160.0,0,5,1.0,0,0.0,New People's Army (NPA)
35841,0,45,3,265,24,6.2675,-75.568611,4.0,0,1.0,1,0,3,21,1201,45.0,0,6,0.0,1,0.0,National Liberation Army of Colombia (ELN)
65573,0,160,5,0,29,6.41871,121.972443,1.0,0,0.0,1,0,3,1,37,160.0,0,6,0.0,-9,0.0,Abu Sayyaf Group (ASG)
61450,0,95,10,29,762,36.158558,43.2551,1.0,0,1.0,1,0,3,3,886,95.0,0,6,0.0,1,0.0,Islamic State of Iraq and the Levant (ISIL)
20055,0,186,6,209,867,9.338416,80.303394,1.0,0,0.0,1,0,2,4,672,92.0,0,5,0.0,1,0.0,Liberation Tigers of Tamil Eelam (LTTE)
32377,0,217,1,339,1285,41.842602,-87.681229,1.0,0,0.0,1,0,7,8,1383,217.0,0,8,0.0,1,0.0,Palestinians
16193,0,145,2,327,1231,12.893423,-85.136456,1.0,0,0.0,1,0,2,4,672,145.0,0,5,2.0,1,0.0,Nicaraguan Democratic Force (FDN)
6086,0,185,8,68,245,43.130387,-2.542155,1.0,0,0.0,1,0,1,3,371,185.0,0,5,1.0,0,0.0,Basque Fatherland and Freedom (ETA)
50255,0,104,11,64,185,2.809093,40.927444,1.0,0,0.0,1,0,3,1,313,104.0,0,5,0.0,1,0.0,Al-Shabaab
28019,0,92,6,366,1461,30.672393,74.755048,1.0,1,0.0,1,0,2,3,332,92.0,0,5,2.0,1,0.0,Sikh Extremists
53166,0,147,11,86,282,11.840929,13.141459,1.0,0,1.0,1,0,7,16,448,147.0,0,8,4.0,1,0.0,Boko Haram
20034,0,183,11,15,76,-26.252697,27.870275,1.0,0,0.0,1,0,1,2,133,183.0,0,6,1.0,1,0.0,African National Congress (South Africa)
83248,0,95,10,25,108,33.303566,44.371773,1.0,0,0.0,0,0,3,20,6,95.0,0,6,0.0,0,0.0,Islamic State of Iraq and the Levant (ISIL)
17907,0,159,3,358,1396,-14.105709,-72.615117,3.0,0,1.0,1,0,2,14,1557,159.0,0,5,0.0,1,0.0,Shining Path (SL)
63759,0,147,11,138,571,8.5983,8.849614,1.0,0,0.0,1,0,2,14,27,147.0,0,5,8.0,1,0.0,Fulani extremists
14246,0,183,11,16,59,-32.985771,27.866086,1.0,1,0.0,1,0,2,3,98,183.0,0,5,3.0,1,0.0,African National Congress (South Africa)
47954,0,160,5,292,1130,8.280488,126.255202,1.0,0,0.0,1,0,2,3,1277,160.0,0,5,2.0,-9,0.0,New People's Army (NPA)
25077,0,97,10,209,24,32.83333,35.33333,4.0,0,0.0,1,0,2,14,1420,97.0,0,8,0.0,1,0.0,Palestinians
53785,0,4,6,386,1517,32.363889,64.781443,3.0,0,0.0,1,0,3,14,13,4.0,0,6,10.0,1,0.0,Taliban
25480,0,43,3,218,914,-33.366238,-70.505302,1.0,0,0.0,1,0,2,1,1062,43.0,0,5,0.0,1,0.0,Manuel Rodriguez Patriotic Front (FPMR)
42612,0,69,8,110,433,41.930607,8.742907,1.0,0,0.0,1,0,3,3,588,69.0,0,6,0.0,1,0.0,Corsican National Liberation Front (FLNC)
9214,0,61,2,124,541,13.719546,-88.360633,1.0,0,0.0,1,0,2,4,672,61.0,0,5,1.0,1,0.0,Farabundo Marti National Liberation Front (FMLN)
64733,0,214,9,118,479,47.460209,37.86647,1.0,0,1.0,1,0,3,14,459,214.0,0,6,0.0,-9,0.0,Donetsk People's Republic
69900,0,209,10,180,779,39.106709,39.545246,1.0,0,0.0,1,0,2,3,282,209.0,0,5,3.0,0,0.0,Kurdistan Workers' Party (PKK)
38154,0,186,6,208,890,6.978143,79.889327,1.0,0,0.0,0,1,3,4,997,186.0,0,6,3.0,-9,0.0,Liberation Tigers of Tamil Eelam (LTTE)
21948,0,92,6,366,1444,31.787766,75.601895,1.0,0,0.0,1,0,1,14,1617,92.0,0,5,4.0,0,0.0,Sikh Extremists
10239,0,145,2,318,516,13.841425,-86.193928,1.0,0,0.0,1,0,2,4,672,145.0,0,5,1.0,1,0.0,Nicaraguan Democratic Force (FDN)
29328,0,45,3,265,24,6.2675,-75.568611,4.0,0,0.0,1,0,2,1,1236,45.0,0,5,3.0,1,0.0,National Liberation Army of Colombia (ELN)
42532,0,45,3,270,1352,2.68523,-75.32598,1.0,0,0.0,1,0,2,3,1497,45.0,0,5,4.0,-9,0.0,Revolutionary Armed Forces of Colombia (FARC)
26514,0,61,2,126,515,13.703735,-88.804566,1.0,0,0.0,1,0,2,3,332,61.0,0,5,0.0,1,0.0,Farabundo Marti National Liberation Front (FMLN)
49487,0,45,3,265,1327,6.81699,-75.243998,1.0,1,0.0,0,0,3,21,1470,45.0,0,6,0.0,0,0.0,Revolutionary Armed Forces of Colombia (FARC)
23734,0,92,6,366,24,31.147131,75.341218,4.0,0,0.0,1,0,1,8,1643,92.0,0,5,2.0,0,0.0,Sikh Extremists
46882,0,4,6,381,1507,34.623611,70.603333,2.0,1,0.0,1,0,2,14,13,4.0,0,5,0.0,-9,0.0,Taliban
76991,0,113,10,248,1036,32.867867,13.189067,1.0,0,0.0,0,0,2,2,289,113.0,0,5,0.0,0,0.0,Muslim extremists
11394,0,61,2,123,534,13.8222,-89.25389,1.0,0,0.0,1,0,2,4,683,61.0,0,5,5.0,1,0.0,Farabundo Marti National Liberation Front (FMLN)
65868,1,160,5,1,22,6.050458,121.012245,1.0,0,0.0,1,0,6,14,31,44.0,0,5,0.0,0,1.0,Abu Sayyaf Group (ASG)
52089,0,92,6,106,969,18.363526,81.895253,2.0,0,0.0,1,0,3,3,250,92.0,0,6,0.0,1,0.0,Maoists
63782,0,147,11,138,584,8.460129,8.200711,1.0,0,1.0,1,0,7,14,27,147.0,0,8,1.0,1,0.0,Fulani extremists
83435,0,182,11,59,203,4.787153,45.032951,1.0,0,0.0,1,0,7,1,315,182.0,0,8,0.0,1,0.0,Al-Shabaab
41058,0,69,8,110,435,42.104248,9.512429,1.0,0,0.0,1,0,3,14,584,69.0,0,6,0.0,1,0.0,Corsican National Liberation Front (FLNC)
25816,0,69,8,110,433,41.930607,8.742907,1.0,0,0.0,1,0,3,1,605,69.0,0,6,0.0,1,0.0,Corsican National Liberation Front (FLNC)
53218,0,95,10,24,119,33.349159,43.784199,1.0,0,1.0,1,0,2,4,189,95.0,0,5,1.0,0,0.0,Al-Qaida in Iraq
52415,0,182,11,53,204,2.059819,45.326115,1.0,0,0.0,1,0,3,4,258,209.0,0,6,0.0,0,0.0,Al-Shabaab
60535,0,147,11,86,295,10.488333,12.419444,2.0,0,0.0,1,0,1,14,454,147.0,0,5,3.0,1,0.0,Boko Haram
83330,0,147,11,86,276,10.612148,12.19127,1.0,0,1.0,1,1,3,14,177,147.0,0,6,8.0,-9,0.0,Boko Haram
4791,0,69,8,110,24,41.918891,8.737554,4.0,0,1.0,1,0,3,1,581,69.0,0,6,0.0,1,0.0,Corsican National Liberation Front (FLNC)
51276,0,147,11,88,279,11.704399,11.088539,1.0,0,0.0,1,0,1,2,467,147.0,0,5,2.0,1,0.0,Boko Haram
12179,0,43,3,218,914,-33.366238,-70.505302,1.0,0,0.0,1,0,3,1,1029,43.0,0,6,0.0,1,0.0,Manuel Rodriguez Patriotic Front (FPMR)
72787,0,147,11,148,619,6.835866,7.234769,1.0,0,0.0,1,0,2,14,27,147.0,0,5,2.0,1,0.0,Fulani extremists
10946,0,159,3,356,1403,-15.65083,-70.321899,1.0,0,1.0,1,0,1,8,935,159.0,0,5,1.0,0,0.0,Shining Path (SL)
6648,0,183,11,19,69,-26.810437,27.827077,1.0,0,1.0,1,0,3,1,115,183.0,0,6,1.0,1,0.0,African National Congress (South Africa)
24207,0,155,10,338,1284,31.502407,34.459743,1.0,0,0.0,1,0,1,14,1425,155.0,0,9,1.0,0,0.0,Palestinians
37379,0,92,6,240,1028,13.08268,80.270718,1.0,0,1.0,1,0,3,1,1160,92.0,0,6,0.0,1,0.0,Muslim extremists
77803,0,153,6,404,1572,24.891115,67.143311,1.0,0,1.0,1,0,1,3,1755,153.0,0,5,1.0,0,0.0,Tehrik-i-Taliban Pakistan (TTP)
19330,0,43,3,220,919,-34.170331,-70.740822,1.0,0,0.0,0,0,3,21,724,43.0,0,6,0.0,1,0.0,Manuel Rodriguez Patriotic Front (FPMR)
82744,0,95,10,28,739,33.953178,44.206818,1.0,0,0.0,0,1,3,14,27,95.0,0,6,2.0,0,0.0,Islamic State of Iraq and the Levant (ISIL)
60420,0,45,3,265,24,7.198606,-75.341218,4.0,0,0.0,0,0,3,21,1508,45.0,0,6,0.0,0,0.0,Revolutionary Armed Forces of Colombia (FARC)
80632,0,104,11,57,191,-0.393767,40.326616,1.0,0,1.0,1,0,3,3,300,104.0,0,6,0.0,1,0.0,Al-Shabaab
18820,0,43,3,219,918,-36.816006,-73.037659,1.0,0,0.0,1,0,3,2,1049,43.0,0,6,0.0,1,0.0,Manuel Rodriguez Patriotic Front (FPMR)
41271,0,160,5,286,1121,12.21814,123.50951,1.0,1,1.0,1,0,2,3,1274,160.0,0,5,10.0,0,0.0,New People's Army (NPA)
69860,0,147,11,86,280,11.156907,12.756605,2.0,0,1.0,1,0,2,14,13,147.0,0,6,17.0,0,0.0,Boko Haram
14089,0,61,2,124,507,13.814197,-88.34682,1.0,0,0.0,1,0,2,4,672,61.0,0,5,4.0,1,0.0,Farabundo Marti National Liberation Front (FMLN)
52668,0,95,10,28,118,33.540672,44.251266,1.0,0,1.0,1,1,3,3,85,95.0,0,6,12.0,0,0.0,Al-Qaida in Iraq
10136,0,61,2,129,533,13.947352,-89.120181,1.0,0,0.0,1,0,2,4,683,61.0,0,5,1.0,1,0.0,Farabundo Marti National Liberation Front (FMLN)
42221,0,69,8,110,434,41.591369,9.278311,1.0,0,1.0,1,0,3,14,623,69.0,0,6,0.0,1,0.0,Corsican National Liberation Front (FLNC)
74101,0,209,10,171,749,36.833508,38.000553,1.0,1,0.0,1,0,3,4,882,209.0,0,6,0.0,1,0.0,Islamic State of Iraq and the Levant (ISIL)
50696,0,200,10,32,121,33.515244,36.292084,1.0,0,1.0,1,1,3,2,191,200.0,0,6,23.0,0,0.0,Al-Qaida in Iraq
28838,0,45,3,265,1331,7.198606,-75.341218,4.0,1,0.0,1,0,2,4,1476,45.0,0,5,3.0,1,0.0,Revolutionary Armed Forces of Colombia (FARC)
51302,0,228,10,42,163,13.928919,46.079398,3.0,0,0.0,1,0,3,17,253,228.0,0,6,3.0,0,0.0,Al-Qaida in the Arabian Peninsula (AQAP)
83017,0,147,11,91,304,10.806326,13.458091,1.0,0,0.0,1,0,3,4,250,147.0,0,6,45.0,-9,0.0,Boko Haram
21289,0,45,3,266,1069,4.667128,-74.106056,1.0,0,0.0,1,0,2,4,1206,45.0,0,5,5.0,1,1.0,National Liberation Army of Colombia (ELN)
14751,0,159,3,356,1390,-16.466667,-69.916667,2.0,0,0.0,1,0,2,1,1545,159.0,0,5,1.0,1,0.0,Shining Path (SL)
65998,0,214,9,118,462,47.098835,37.81987,1.0,0,0.0,1,0,3,4,643,214.0,0,6,2.0,0,0.0,Donetsk People's Republic
75231,0,4,6,387,1503,34.516895,69.147011,1.0,0,1.0,1,1,3,3,300,4.0,0,6,17.0,1,0.0,Taliban
81904,0,209,10,182,809,37.3,44.566667,3.0,0,0.0,1,0,3,1,250,209.0,0,6,2.0,1,0.0,Kurdistan Workers' Party (PKK)
67680,0,200,10,173,753,34.558525,38.293671,1.0,0,1.0,1,0,3,14,751,200.0,0,6,5.0,-9,0.0,Islamic State of Iraq and the Levant (ISIL)
34731,0,75,8,198,818,48.139126,11.580186,1.0,0,0.0,1,0,7,1,924,209.0,0,8,0.0,1,0.0,Kurdistan Workers' Party (PKK)
6401,0,185,8,68,262,43.169068,-2.632655,1.0,0,0.0,1,0,1,1,414,185.0,0,5,1.0,0,0.0,Basque Fatherland and Freedom (ETA)
12903,0,69,8,112,438,43.296482,5.36978,1.0,0,1.0,1,0,3,2,403,69.0,0,6,0.0,1,0.0,Corsican National Liberation Front (FLNC)
14513,0,145,2,322,1209,11.76115,-85.893944,1.0,0,0.0,1,0,2,4,332,145.0,0,5,0.0,1,0.0,Nicaraguan Democratic Force (FDN)
15559,0,45,3,266,1069,4.667128,-74.106056,1.0,0,0.0,1,0,2,3,332,45.0,0,5,1.0,1,0.0,National Liberation Army of Colombia (ELN)
49686,0,92,6,102,343,24.128611,84.185712,3.0,0,0.0,1,0,7,1,489,92.0,0,8,0.0,1,0.0,Communist Party of India - Maoist (CPI-Maoist)
52327,0,95,10,25,108,33.303566,44.371773,1.0,0,1.0,1,0,3,14,182,95.0,0,6,14.0,0,0.0,Al-Qaida in Iraq
57129,0,4,6,388,1545,35.411438,71.336533,3.0,0,0.0,1,0,2,3,771,4.0,0,6,1.0,-9,0.0,Taliban
30716,0,209,10,181,828,37.340288,41.892628,1.0,1,0.0,1,0,2,19,934,209.0,0,5,3.0,1,0.0,Kurdistan Workers' Party (PKK)
64414,0,214,9,118,461,47.981647,37.762325,1.0,0,0.0,1,0,2,4,646,214.0,0,6,0.0,-9,0.0,Donetsk People's Republic
46308,0,153,6,366,1596,32.5539,72.131987,1.0,0,0.0,1,0,2,3,1758,153.0,0,6,12.0,1,1.0,Tehrik-i-Taliban Pakistan (TTP)
5304,0,69,8,110,24,41.918891,8.737554,4.0,0,0.0,1,0,3,20,582,69.0,0,6,0.0,1,0.0,Corsican National Liberation Front (FLNC)
65263,0,228,10,43,149,15.325443,44.211895,1.0,0,0.0,0,0,1,2,747,228.0,0,5,0.0,-9,0.0,Houthi extremists (Ansar Allah)
25354,0,160,5,280,1119,15.319526,120.937717,1.0,0,0.0,1,0,6,14,302,160.0,0,5,0.0,0,1.0,New People's Army (NPA)
66864,0,228,10,38,144,12.825647,44.846416,1.0,0,1.0,1,0,2,14,13,228.0,0,5,2.0,0,0.0,Houthi extremists (Ansar Allah)
55957,0,60,10,230,1015,31.082872,34.146267,1.0,0,1.0,1,0,2,4,20,60.0,0,6,1.0,0,0.0,Muslim extremists
15146,0,159,3,224,926,-11.967368,-76.978462,1.0,0,1.0,1,0,3,2,1819,159.0,0,6,0.0,1,0.0,Tupac Amaru Revolutionary Movement (MRTA)
58909,0,182,11,54,187,4.396972,43.908638,1.0,0,0.0,1,0,3,4,297,422.0,0,6,1.0,0,0.0,Al-Shabaab
53932,0,92,6,109,974,19.414501,80.590422,1.0,1,0.0,0,0,2,3,12,92.0,0,5,0.0,0,0.0,Maoists
27677,0,45,3,272,24,10.411301,-74.405661,4.0,0,0.0,1,0,3,19,892,45.0,0,6,0.0,1,0.0,National Liberation Army of Colombia (ELN)
79731,0,95,10,29,115,36.354145,43.14357,1.0,0,0.0,1,0,3,4,667,95.0,0,6,2.0,1,0.0,Islamic State of Iraq and the Levant (ISIL)
53228,0,95,10,24,107,33.31065,44.038208,1.0,0,1.0,1,0,2,4,20,95.0,0,5,5.0,0,0.0,Al-Qaida in Iraq
61576,0,214,9,118,481,47.927954,37.371645,3.0,0,1.0,1,0,7,1,658,214.0,0,5,1.0,1,0.0,Donetsk People's Republic
46039,0,92,6,100,341,14.097995,77.280925,1.0,1,0.0,0,0,3,19,484,92.0,0,6,0.0,0,0.0,Communist Party of India - Maoist (CPI-Maoist)
62657,0,147,11,145,629,12.166918,6.674397,2.0,0,1.0,1,0,6,14,27,147.0,0,5,2.0,1,1.0,Fulani extremists
57598,0,147,11,86,282,11.840929,13.141459,1.0,0,1.0,1,0,3,3,456,147.0,0,6,1.0,1,0.0,Boko Haram
74319,0,173,10,160,24,17.700589,43.604145,4.0,0,0.0,0,0,3,4,249,173.0,0,6,0.0,0,0.0,Houthi extremists (Ansar Allah)
62193,0,45,3,271,1093,6.33336,-71.48332,2.0,0,0.0,1,0,3,21,1229,45.0,0,6,0.0,1,0.0,National Liberation Army of Colombia (ELN)
36995,0,45,3,265,1075,6.242026,-75.564766,1.0,0,1.0,1,0,3,4,1200,45.0,0,6,0.0,1,0.0,National Liberation Army of Colombia (ELN)
66814,1,4,6,376,1529,36.70993,67.1157,1.0,0,0.0,1,1,5,2,1697,4.0,0,6,14.0,1,1.0,Taliban
21714,0,92,6,366,24,31.147131,75.341218,4.0,0,0.0,1,0,2,3,332,92.0,0,5,1.0,1,0.0,Sikh Extremists
26274,0,92,6,366,1435,32.040763,75.401886,3.0,0,0.0,1,0,1,3,1608,92.0,0,5,1.0,0,0.0,Sikh Extremists
12082,0,145,2,317,1217,13.367126,-85.672322,1.0,0,0.0,1,0,2,4,672,145.0,0,5,1.0,1,0.0,Nicaraguan Democratic Force (FDN)
67247,0,4,6,391,24,35.170056,63.76864,4.0,0,0.0,1,0,2,3,1140,4.0,0,8,3.0,1,0.0,Taliban
29338,0,45,3,267,1070,9.56049,-73.33269,1.0,0,0.0,1,0,6,2,1196,45.0,0,5,0.0,0,1.0,National Liberation Army of Colombia (ELN)
14325,0,145,2,319,1242,12.96589,-86.231407,1.0,0,0.0,1,0,2,4,332,145.0,0,5,12.0,1,0.0,Nicaraguan Democratic Force (FDN)
17641,0,92,6,365,1430,25.47283,82.570528,1.0,0,0.0,1,0,1,2,1604,92.0,0,5,3.0,0,0.0,Sikh Extremists
44730,0,185,8,76,24,42.695391,-1.676069,4.0,0,0.0,1,0,3,16,386,185.0,0,6,0.0,1,0.0,Basque Fatherland and Freedom (ETA)
78435,0,60,10,230,1009,31.212225,34.117065,1.0,1,1.0,1,0,2,4,20,60.0,0,5,5.0,-9,0.0,Muslim extremists
17909,1,159,3,224,926,-11.967368,-76.978462,1.0,0,0.0,1,0,6,2,1544,159.0,0,5,0.0,0,1.0,Shining Path (SL)
24058,0,186,6,207,878,7.301756,81.67473,3.0,0,0.0,1,0,1,2,978,186.0,0,5,4.0,0,0.0,Liberation Tigers of Tamil Eelam (LTTE)
68623,0,147,11,86,292,10.737778,13.130556,1.0,0,0.0,1,0,3,14,27,147.0,0,6,31.0,1,0.0,Boko Haram
22544,0,159,3,352,1383,-11.419301,-75.688882,3.0,0,0.0,1,0,2,1,1531,159.0,0,5,0.0,1,0.0,Shining Path (SL)
74376,0,147,11,86,282,11.840929,13.141459,1.0,0,0.0,1,1,3,2,468,147.0,0,6,6.0,-9,0.0,Boko Haram
18651,0,61,2,128,543,13.876111,-89.359722,1.0,0,0.0,1,0,2,4,704,61.0,0,5,0.0,1,0.0,Farabundo Marti National Liberation Front (FMLN)
46359,0,159,3,354,24,-13.163874,-74.223564,4.0,0,1.0,1,0,3,4,1563,159.0,0,6,13.0,-9,0.0,Shining Path (SL)
60723,0,182,11,53,186,2.059819,45.326115,1.0,0,0.0,1,0,2,14,302,182.0,0,5,1.0,0,0.0,Al-Shabaab
14907,0,183,11,22,83,-22.351154,30.039773,1.0,0,0.0,1,0,3,4,137,183.0,0,6,0.0,1,0.0,African National Congress (South Africa)
51275,0,228,10,44,154,14.536389,46.833056,1.0,0,0.0,1,0,2,4,20,228.0,0,5,1.0,0,0.0,Al-Qaida in the Arabian Peninsula (AQAP)
7441,0,69,8,114,444,43.610769,3.876716,1.0,0,1.0,1,0,3,1,599,69.0,0,6,0.0,1,0.0,Corsican National Liberation Front (FLNC)
60546,0,147,11,86,289,12.342068,14.185827,3.0,0,1.0,1,0,2,14,27,147.0,0,6,14.0,1,0.0,Boko Haram
52960,0,60,10,230,1009,31.1279,34.161843,1.0,0,0.0,0,0,2,21,1154,60.0,0,5,0.0,0,0.0,Muslim extremists
13997,0,159,3,224,926,-11.967368,-76.978462,1.0,0,0.0,1,0,2,1,152,159.0,0,5,1.0,1,0.0,Tupac Amaru Revolutionary Movement (MRTA)
18204,0,43,3,217,913,-33.010693,-71.527794,1.0,0,0.0,1,0,3,2,1025,43.0,0,6,0.0,1,0.0,Manuel Rodriguez Patriotic Front (FPMR)
23693,0,155,10,338,1284,31.502407,34.459743,1.0,0,0.0,1,0,2,4,332,97.0,0,5,2.0,1,0.0,Palestinians
66614,0,160,5,304,1153,11.216977,122.434284,2.0,0,0.0,1,0,2,4,1291,160.0,0,5,0.0,0,0.0,New People's Army (NPA)
42188,0,186,6,207,847,8.457907,81.268402,1.0,0,0.0,1,0,3,12,6,186.0,0,6,0.0,-9,0.0,Liberation Tigers of Tamil Eelam (LTTE)
26573,0,603,8,161,694,54.607712,-5.95621,1.0,0,0.0,1,0,1,3,827,233.0,0,5,1.0,0,0.0,Irish Republican Army (IRA)
30103,0,159,3,407,1630,-12.050934,-77.126044,1.0,0,0.0,1,0,3,3,628,159.0,0,6,4.0,1,0.0,Tupac Amaru Revolutionary Movement (MRTA)
46053,1,92,6,105,388,18.18151,81.948026,2.0,0,0.0,1,0,2,14,533,92.0,0,5,1.0,0,1.0,Communist Party of India - Maoist (CPI-Maoist)
21348,0,159,3,224,926,-11.967368,-76.978462,1.0,0,0.0,1,0,3,1,1815,159.0,0,6,0.0,1,0.0,Tupac Amaru Revolutionary Movement (MRTA)
22574,0,159,3,224,926,-11.967368,-76.978462,1.0,0,1.0,1,0,3,1,399,159.0,0,6,0.0,1,0.0,Tupac Amaru Revolutionary Movement (MRTA)
65859,0,95,10,26,110,33.787583,44.668683,1.0,0,0.0,0,0,3,4,871,95.0,0,6,1.0,0,0.0,Islamic State of Iraq and the Levant (ISIL)
44844,0,186,6,209,880,8.757816,80.487907,1.0,0,0.0,1,0,2,14,980,186.0,0,5,1.0,0,0.0,Liberation Tigers of Tamil Eelam (LTTE)
22986,0,159,3,224,926,-11.967368,-76.978462,1.0,0,0.0,1,0,1,2,1834,159.0,0,5,1.0,1,0.0,Tupac Amaru Revolutionary Movement (MRTA)
66449,0,153,6,404,1572,24.891115,67.143311,1.0,0,0.0,1,1,3,4,1728,153.0,0,6,4.0,1,0.0,Tehrik-i-Taliban Pakistan (TTP)
81166,0,182,11,56,190,2.973305,45.535603,1.0,0,0.0,1,0,2,4,249,182.0,0,5,7.0,-9,0.0,Al-Shabaab
56838,0,147,11,88,281,11.247069,12.01246,1.0,0,0.0,1,0,2,14,459,147.0,0,5,1.0,-9,0.0,Boko Haram
73545,0,4,6,376,1489,36.967715,67.056002,1.0,0,1.0,0,0,2,4,291,4.0,0,5,2.0,0,0.0,Taliban
81571,0,173,10,158,673,24.08554,38.063286,1.0,0,0.0,1,0,3,1,754,173.0,0,6,0.0,1,0.0,Houthi extremists (Ansar Allah)
76786,1,92,6,106,965,21.4088,83.609535,1.0,0,0.0,1,0,6,14,1114,92.0,0,9,1.0,0,1.0,Maoists
69804,1,209,10,180,786,39.022974,39.605467,3.0,0,0.0,1,0,6,14,903,209.0,0,8,1.0,1,1.0,Kurdistan Workers' Party (PKK)
10094,0,145,2,317,1211,13.330532,-86.1624,3.0,1,0.0,1,0,2,4,672,145.0,0,5,1.0,1,0.0,Nicaraguan Democratic Force (FDN)
16023,0,159,3,354,1385,-13.152712,-74.218628,1.0,0,0.0,1,0,3,21,1552,159.0,0,6,0.0,1,0.0,Shining Path (SL)
77905,0,95,10,29,115,36.354145,43.14357,1.0,0,1.0,1,0,3,14,757,95.0,0,6,3.0,-9,0.0,Islamic State of Iraq and the Levant (ISIL)
69229,0,4,6,390,1535,35.760462,68.918177,2.0,0,1.0,1,0,7,15,198,4.0,0,8,0.0,1,0.0,Taliban
46783,0,209,10,181,780,37.248935,42.470654,1.0,0,0.0,1,0,3,19,905,209.0,0,6,4.0,-9,0.0,Kurdistan Workers' Party (PKK)
33014,0,159,3,224,926,-11.967368,-76.978462,1.0,0,0.0,1,0,3,1,1062,159.0,0,6,0.0,1,0.0,Shining Path (SL)
20193,0,92,6,366,1433,31.5325,75.093889,1.0,0,0.0,1,0,1,14,1607,92.0,0,5,3.0,0,0.0,Sikh Extremists
82005,0,160,5,0,25,6.516151,121.910015,1.0,0,1.0,1,0,2,14,27,160.0,0,5,5.0,1,0.0,Abu Sayyaf Group (ASG)
56893,1,160,5,5,1156,7.188989,125.456432,2.0,0,0.0,1,0,6,14,1293,160.0,0,5,1.0,0,1.0,New People's Army (NPA)
37595,1,107,7,252,1045,39.632764,70.973749,1.0,0,0.0,1,0,6,1,1176,101.0,0,5,0.0,-9,1.0,Muslim extremists
50116,0,92,6,106,385,18.815236,82.712102,1.0,0,0.0,1,0,2,14,529,92.0,0,9,1.0,0,0.0,Communist Party of India - Maoist (CPI-Maoist)
30787,0,159,3,224,926,-11.967368,-76.978462,1.0,0,0.0,1,0,3,19,1534,159.0,0,6,0.0,1,0.0,Shining Path (SL)
43400,0,186,6,207,865,8.692733,81.188529,1.0,0,0.0,1,0,2,14,13,186.0,0,5,2.0,0,0.0,Liberation Tigers of Tamil Eelam (LTTE)
79029,0,95,10,29,115,36.354145,43.14357,1.0,0,0.0,1,0,3,14,177,95.0,0,6,3.0,-9,0.0,Islamic State of Iraq and the Levant (ISIL)
5252,0,69,8,111,52,48.856644,2.34233,1.0,0,0.0,1,0,7,1,597,69.0,0,8,0.0,1,0.0,Corsican National Liberation Front (FLNC)
42114,0,186,6,207,883,8.324973,81.30074,1.0,0,0.0,1,0,2,3,984,186.0,0,5,1.0,0,0.0,Liberation Tigers of Tamil Eelam (LTTE)
31369,0,209,10,183,811,38.405134,42.109333,1.0,1,0.0,1,0,2,4,258,209.0,0,5,11.0,1,0.0,Kurdistan Workers' Party (PKK)
871,0,603,8,161,707,54.293235,-6.842351,1.0,0,0.0,1,0,1,4,806,233.0,0,5,1.0,0,0.0,Irish Republican Army (IRA)
67175,0,147,11,137,628,7.908288,8.793912,2.0,0,1.0,1,0,2,14,27,147.0,0,5,3.0,0,0.0,Fulani extremists
66009,0,228,10,48,172,13.063399,44.880882,1.0,0,0.0,1,0,1,3,272,228.0,0,5,1.0,0,0.0,Al-Qaida in the Arabian Peninsula (AQAP)
35921,0,45,3,267,1344,10.47692,-73.25049,1.0,0,0.0,1,0,3,2,1487,45.0,0,6,0.0,1,0.0,Revolutionary Armed Forces of Colombia (FARC)
52158,0,160,5,305,1155,13.132009,123.89089,1.0,0,0.0,1,0,2,4,1292,160.0,0,5,1.0,0,0.0,New People's Army (NPA)
77379,0,147,11,86,296,13.674846,13.338515,1.0,0,0.0,1,0,2,4,455,147.0,0,5,15.0,0,0.0,Boko Haram
83523,0,92,6,101,342,25.078006,86.222193,1.0,0,0.0,1,0,1,2,485,92.0,0,9,1.0,-9,1.0,Communist Party of India - Maoist (CPI-Maoist)
64754,0,4,6,379,1492,34.783249,70.107997,3.0,0,0.0,1,0,2,4,48,4.0,0,5,2.0,0,0.0,Taliban
49598,0,45,3,270,1323,2.650027,-75.649575,1.0,1,0.0,0,0,3,14,1465,45.0,0,6,0.0,0,0.0,Revolutionary Armed Forces of Colombia (FARC)
51338,0,182,11,53,186,2.059819,45.326115,1.0,0,0.0,1,1,3,2,311,182.0,0,6,6.0,1,0.0,Al-Shabaab
56443,0,60,10,230,1020,31.126646,33.800865,1.0,0,1.0,1,0,3,3,282,60.0,0,6,0.0,0,0.0,Muslim extremists
67249,0,228,10,38,144,12.825647,44.846416,1.0,0,0.0,1,0,2,14,757,228.0,0,6,12.0,1,0.0,Houthi extremists (Ansar Allah)
59301,1,147,11,137,595,7.888747,7.908966,2.0,0,1.0,1,0,6,14,27,147.0,0,5,5.0,1,1.0,Fulani extremists
26199,0,159,3,224,926,-11.967368,-76.978462,1.0,0,0.0,1,0,6,1,1826,159.0,0,5,0.0,0,1.0,Tupac Amaru Revolutionary Movement (MRTA)
69404,0,228,10,42,664,13.674095,46.133053,4.0,0,0.0,1,0,1,2,748,228.0,0,6,5.0,1,0.0,Houthi extremists (Ansar Allah)
21259,0,61,2,131,523,13.516667,-88.383333,1.0,0,0.0,1,0,2,4,684,61.0,0,5,0.0,1,0.0,Farabundo Marti National Liberation Front (FMLN)
18033,0,159,3,224,926,-11.967368,-76.978462,1.0,0,1.0,1,0,3,1,1797,159.0,0,6,0.0,1,0.0,Tupac Amaru Revolutionary Movement (MRTA)
27542,0,159,3,224,926,-11.967368,-76.978462,1.0,0,1.0,1,0,3,1,399,159.0,0,6,0.0,1,0.0,Tupac Amaru Revolutionary Movement (MRTA)
33018,0,155,10,338,1295,31.308194,34.287996,1.0,1,0.0,1,0,2,4,12,97.0,0,5,0.0,1,0.0,Palestinians
54494,0,92,6,104,954,22.585272,87.049698,1.0,1,0.0,0,0,3,20,6,92.0,0,6,0.0,0,0.0,Maoists
25073,0,97,10,337,1283,31.771599,35.2034,1.0,0,0.0,1,0,2,14,1394,97.0,0,8,0.0,1,0.0,Palestinians
78916,0,95,10,29,115,36.354145,43.14357,1.0,0,1.0,1,0,3,14,652,95.0,0,6,1.0,-9,0.0,Islamic State of Iraq and the Levant (ISIL)
16968,0,145,2,325,1246,12.49104,-86.28169,1.0,0,0.0,1,0,2,4,672,145.0,0,5,10.0,1,0.0,Nicaraguan Democratic Force (FDN)
31239,0,209,10,188,815,39.550266,44.077301,1.0,0,0.0,1,0,2,4,332,209.0,0,5,4.0,1,0.0,Kurdistan Workers' Party (PKK)
1205,0,603,8,161,694,54.607712,-5.95621,1.0,0,0.0,1,0,2,4,843,216.0,0,5,1.0,0,0.0,Irish Republican Army (IRA)
45564,1,153,6,366,1568,33.766336,72.357344,1.0,0,0.0,1,0,2,14,1725,161.0,0,5,4.0,0,1.0,Tehrik-i-Taliban Pakistan (TTP)
3713,0,603,8,161,694,54.607712,-5.95621,1.0,0,0.0,1,0,3,1,635,216.0,0,6,0.0,1,0.0,Irish Republican Army (IRA)
75454,0,147,11,137,590,7.047112,8.591723,1.0,0,1.0,1,0,2,8,733,147.0,0,5,2.0,-9,0.0,Fulani extremists
7399,0,61,2,126,508,13.433333,-88.7,1.0,0,0.0,1,0,2,4,672,61.0,0,5,50.0,1,0.0,Farabundo Marti National Liberation Front (FMLN)
27527,0,159,3,224,926,-11.967368,-76.978462,1.0,0,1.0,1,0,3,1,399,159.0,0,6,0.0,1,0.0,Tupac Amaru Revolutionary Movement (MRTA)
10969,0,145,2,329,1226,12.19896,-86.7622,1.0,0,0.0,1,0,3,21,1341,145.0,0,6,1.0,1,0.0,Nicaraguan Democratic Force (FDN)
27657,0,159,3,357,1628,-13.105251,-72.044649,2.0,0,0.0,1,0,2,3,699,159.0,0,5,6.0,1,0.0,Tupac Amaru Revolutionary Movement (MRTA)
66149,0,214,9,118,464,48.143208,37.753361,1.0,0,0.0,1,0,2,4,48,214.0,0,6,0.0,0,0.0,Donetsk People's Republic
6431,0,97,10,209,1301,32.788284,35.521675,1.0,0,0.0,1,0,3,14,433,97.0,0,6,0.0,1,0.0,Palestinians
27380,0,98,8,72,240,41.890961,12.490069,1.0,0,0.0,1,0,3,7,365,185.0,0,6,0.0,1,0.0,Basque Fatherland and Freedom (ETA)
20510,0,186,6,207,893,7.482869,81.76503,1.0,0,0.0,1,0,3,4,788,92.0,0,6,5.0,1,0.0,Liberation Tigers of Tamil Eelam (LTTE)
12797,0,69,8,13,52,48.856644,2.34233,1.0,0,0.0,1,0,3,2,616,69.0,0,6,0.0,1,0.0,Corsican National Liberation Front (FLNC)
16249,0,45,3,265,1109,6.43711,-75.3313,1.0,0,0.0,1,0,1,2,1471,45.0,0,5,1.0,0,0.0,Revolutionary Armed Forces of Colombia (FARC)
61578,0,214,9,118,481,47.927954,37.371645,3.0,0,1.0,1,0,7,9,648,214.0,0,5,1.0,1,0.0,Donetsk People's Republic
19833,0,92,6,366,1432,30.898024,75.860077,1.0,0,0.0,1,0,1,3,859,92.0,0,5,2.0,0,0.0,Sikh Extremists
29114,0,45,3,262,1091,8.607983,-72.908887,1.0,0,0.0,1,0,3,21,1204,45.0,0,6,0.0,1,0.0,National Liberation Army of Colombia (ELN)
51708,0,95,10,28,120,33.835629,44.247406,1.0,0,1.0,1,0,3,20,6,95.0,0,6,0.0,0,0.0,Al-Qaida in Iraq
79786,0,4,6,386,1534,31.825871,64.576431,1.0,0,0.0,1,1,3,4,20,4.0,0,6,1.0,-9,0.0,Taliban
27862,0,159,3,407,1630,-12.050894,-77.126074,1.0,0,0.0,1,0,3,21,1796,159.0,0,6,0.0,1,0.0,Tupac Amaru Revolutionary Movement (MRTA)
66271,0,214,9,118,466,48.064426,37.673248,1.0,0,1.0,1,0,3,4,655,214.0,0,6,0.0,0,0.0,Donetsk People's Republic
28234,0,97,10,337,1291,31.783739,35.160804,1.0,0,0.0,0,0,3,14,1391,97.0,0,6,0.0,1,0.0,Palestinians
68452,0,214,9,118,465,48.092945,37.609921,1.0,0,0.0,1,0,3,14,27,214.0,0,6,0.0,-9,0.0,Donetsk People's Republic
74469,0,160,5,1,22,6.050458,121.012245,1.0,0,0.0,1,0,3,4,59,160.0,0,6,0.0,1,0.0,Abu Sayyaf Group (ASG)
39087,0,185,8,68,253,43.280364,-2.171588,1.0,0,0.0,1,0,3,10,394,185.0,0,6,0.0,-9,0.0,Basque Fatherland and Freedom (ETA)
46980,1,153,6,405,1579,32.320237,69.859741,3.0,0,0.0,1,0,2,17,1738,153.0,0,8,70.0,1,1.0,Tehrik-i-Taliban Pakistan (TTP)
1541,0,603,8,161,694,54.607712,-5.95621,1.0,0,0.0,1,0,1,14,823,233.0,0,5,1.0,0,0.0,Irish Republican Army (IRA)
13412,0,159,3,224,926,-11.967368,-76.978462,1.0,0,0.0,1,0,3,2,1567,159.0,0,6,0.0,1,0.0,Shining Path (SL)
10842,0,145,2,325,1214,11.948379,-86.300271,1.0,0,0.0,1,0,2,4,672,145.0,0,5,1.0,1,0.0,Nicaraguan Democratic Force (FDN)
10803,0,183,11,15,57,-26.184113,28.033232,1.0,1,0.0,1,0,3,21,99,183.0,0,6,0.0,1,0.0,African National Congress (South Africa)
14243,0,183,11,14,58,-29.861824,31.008293,1.0,0,0.0,1,0,3,21,97,183.0,0,6,0.0,1,0.0,African National Congress (South Africa)
61057,0,45,3,266,1069,4.667128,-74.106056,1.0,0,1.0,1,0,3,20,6,45.0,0,6,0.0,1,0.0,Revolutionary Armed Forces of Colombia (FARC)
39829,0,6,10,249,1040,36.164211,0.440826,1.0,1,0.0,1,0,2,14,1173,6.0,0,5,9.0,0,0.0,Muslim extremists
6000,0,603,8,39,700,51.504387,-0.140041,1.0,0,0.0,0,0,1,1,798,216.0,0,6,0.0,0,0.0,Irish Republican Army (IRA)
45716,0,153,6,403,1578,35.075339,72.854657,1.0,0,0.0,1,0,3,19,1737,153.0,0,6,0.0,1,0.0,Tehrik-i-Taliban Pakistan (TTP)
51591,0,4,6,377,1511,32.047646,65.012009,1.0,0,0.0,1,0,2,3,12,4.0,0,5,2.0,0,0.0,Taliban
19647,0,186,6,207,884,8.410029,81.26737,1.0,0,0.0,1,0,3,4,985,92.0,0,6,6.0,1,0.0,Liberation Tigers of Tamil Eelam (LTTE)
46158,0,160,5,295,1135,16.105772,121.746511,1.0,0,0.0,1,0,7,1,1279,160.0,0,8,0.0,1,0.0,New People's Army (NPA)
40386,0,160,5,4,15,6.929089,122.07885,1.0,0,1.0,1,0,3,14,16,160.0,0,6,3.0,1,0.0,Abu Sayyaf Group (ASG)
20821,0,185,8,68,229,43.258434,-2.921819,1.0,0,0.0,1,0,3,3,377,185.0,0,6,0.0,1,0.0,Basque Fatherland and Freedom (ETA)
13598,0,43,3,218,921,-33.686068,-71.216633,1.0,0,0.0,1,0,3,19,56,43.0,0,6,0.0,1,0.0,Manuel Rodriguez Patriotic Front (FPMR)
5418,0,185,8,71,237,40.465595,-3.696263,1.0,0,0.0,1,0,3,19,401,185.0,0,6,2.0,1,0.0,Basque Fatherland and Freedom (ETA)
48648,0,4,6,381,1538,34.467964,70.491493,1.0,0,0.0,1,0,3,2,1703,4.0,0,6,0.0,1,0.0,Taliban
77394,0,147,11,86,319,10.869205,12.847621,2.0,0,0.0,1,0,2,14,27,147.0,0,6,2.0,1,0.0,Boko Haram
7105,0,61,2,122,537,13.808917,-89.228637,1.0,0,0.0,1,0,2,14,696,61.0,0,5,1.0,1,1.0,Farabundo Marti National Liberation Front (FMLN)
5463,0,97,10,340,1287,32.08297,34.811886,1.0,1,0.0,1,0,3,4,1402,97.0,0,6,7.0,1,0.0,Palestinians
75519,1,214,9,239,1027,50.4501,30.5234,1.0,0,0.0,1,0,6,2,1159,214.0,0,5,0.0,1,1.0,Muslim extremists
51117,0,95,10,25,108,33.303566,44.371773,1.0,0,1.0,1,0,3,14,13,95.0,0,6,6.0,1,0.0,Al-Qaida in Iraq
25034,0,142,8,163,717,51.192442,5.994695,1.0,0,0.0,1,0,1,1,832,14.0,0,5,2.0,0,0.0,Irish Republican Army (IRA)
36557,0,45,3,264,24,1.637898,-77.745208,4.0,0,0.0,1,0,1,14,1241,45.0,0,5,5.0,0,0.0,National Liberation Army of Colombia (ELN)
23597,0,92,6,368,1438,28.585836,77.153336,1.0,0,0.0,1,0,3,14,1611,92.0,0,6,3.0,1,0.0,Sikh Extremists
60763,0,228,10,41,24,15.46591,45.293941,4.0,0,1.0,1,0,3,21,231,228.0,0,6,0.0,1,0.0,Al-Qaida in the Arabian Peninsula (AQAP)
75328,0,228,10,41,663,15.45639,45.324871,1.0,0,1.0,1,0,3,14,346,228.0,0,6,0.0,1,0.0,Houthi extremists (Ansar Allah)
15472,0,43,3,218,914,-33.366238,-70.505302,1.0,0,0.0,1,0,3,14,1060,43.0,0,6,0.0,1,0.0,Manuel Rodriguez Patriotic Front (FPMR)
64769,0,95,10,29,115,36.354145,43.14357,1.0,0,1.0,1,0,3,15,891,95.0,0,6,0.0,1,0.0,Islamic State of Iraq and the Levant (ISIL)
13862,0,61,2,131,24,13.447063,-88.556531,4.0,0,1.0,1,0,3,21,685,61.0,0,6,0.0,1,0.0,Farabundo Marti National Liberation Front (FMLN)
25479,0,43,3,218,914,-33.366238,-70.505302,1.0,0,0.0,1,0,2,1,1064,43.0,0,5,0.0,1,0.0,Manuel Rodriguez Patriotic Front (FPMR)
67296,0,153,6,404,1572,24.891115,67.143311,1.0,0,0.0,0,0,1,3,1764,153.0,0,6,5.0,1,0.0,Tehrik-i-Taliban Pakistan (TTP)
21904,0,43,3,219,923,-36.748146,-73.11232,1.0,0,0.0,1,0,2,3,1056,43.0,0,5,0.0,1,0.0,Manuel Rodriguez Patriotic Front (FPMR)
77415,0,92,6,102,372,22.907721,85.935565,1.0,0,0.0,1,0,7,1,514,92.0,0,5,0.0,1,0.0,Communist Party of India - Maoist (CPI-Maoist)
7701,0,183,11,14,58,-29.861824,31.008293,1.0,0,0.0,1,0,3,4,126,183.0,0,6,0.0,1,0.0,African National Congress (South Africa)
42625,0,141,6,214,968,26.782869,85.277592,1.0,0,0.0,1,0,3,2,1118,141.0,0,6,0.0,1,0.0,Maoists
58962,0,160,5,5,1164,6.748065,125.262741,1.0,0,1.0,1,0,2,3,282,160.0,0,5,3.0,-9,0.0,New People's Army (NPA)
24712,0,43,3,218,914,-33.366238,-70.505302,1.0,0,0.0,1,0,3,2,1054,43.0,0,6,0.0,1,0.0,Manuel Rodriguez Patriotic Front (FPMR)
33149,0,45,3,265,1075,6.242026,-75.564766,1.0,0,1.0,1,0,3,1,1215,45.0,0,6,0.0,1,0.0,National Liberation Army of Colombia (ELN)
57950,0,182,11,53,186,2.059819,45.326115,1.0,0,0.0,1,0,3,2,306,182.0,0,6,2.0,-9,0.0,Al-Shabaab
13998,0,159,3,224,926,-11.967368,-76.978462,1.0,0,0.0,1,0,5,8,1817,159.0,0,5,0.0,1,0.0,Tupac Amaru Revolutionary Movement (MRTA)
64839,0,147,11,90,596,9.636866,8.499615,3.0,0,0.0,1,0,1,14,734,147.0,0,5,1.0,1,0.0,Fulani extremists
27749,0,603,8,161,694,54.607712,-5.95621,1.0,0,0.0,1,0,3,3,785,233.0,0,6,0.0,1,0.0,Irish Republican Army (IRA)
78500,0,228,10,42,148,13.883333,45.866667,3.0,0,0.0,1,0,2,17,20,228.0,0,5,4.0,0,0.0,Al-Qaida in the Arabian Peninsula (AQAP)
42494,0,102,10,35,127,31.950001,35.933331,1.0,0,1.0,1,1,3,1,203,999.0,0,6,20.0,1,0.0,Al-Qaida in Iraq
62399,0,228,10,40,161,15.9486,48.750902,2.0,0,0.0,1,0,3,4,258,228.0,0,6,3.0,1,0.0,Al-Qaida in the Arabian Peninsula (AQAP)
25845,0,209,10,184,783,37.306944,41.178056,1.0,1,0.0,1,0,3,4,250,209.0,0,6,13.0,1,0.0,Kurdistan Workers' Party (PKK)
70098,0,147,11,96,583,9.542234,8.899672,2.0,0,1.0,1,0,2,14,13,147.0,0,5,2.0,0,0.0,Fulani extremists
68022,0,160,5,298,1141,13.832023,122.877813,1.0,0,0.0,0,0,2,4,48,160.0,0,5,1.0,0,0.0,New People's Army (NPA)
46342,0,92,6,101,389,24.749905,84.370896,2.0,1,0.0,1,0,3,8,534,92.0,0,6,0.0,0,0.0,Communist Party of India - Maoist (CPI-Maoist)
54807,0,147,11,86,282,11.840929,13.141459,1.0,0,1.0,1,0,3,20,6,147.0,0,6,0.0,-9,0.0,Boko Haram
5843,0,183,11,15,93,-26.252697,27.870275,1.0,0,0.0,1,0,3,3,150,183.0,0,5,2.0,1,0.0,African National Congress (South Africa)
12952,0,145,2,317,1252,13.16888,-85.97565,1.0,0,0.0,1,0,2,1,1354,145.0,0,5,12.0,1,0.0,Nicaraguan Democratic Force (FDN)
51331,0,92,6,102,948,23.91925,84.291076,2.0,0,0.0,1,0,3,3,250,92.0,0,6,0.0,1,0.0,Maoists
48873,0,92,6,102,357,24.168873,84.039211,1.0,0,1.0,1,0,3,2,499,92.0,0,6,0.0,1,0.0,Communist Party of India - Maoist (CPI-Maoist)
22751,0,61,2,121,504,13.802046,-87.896732,1.0,0,0.0,1,0,2,4,332,61.0,0,5,14.0,1,0.0,Farabundo Marti National Liberation Front (FMLN)
31305,0,159,3,224,926,-11.967368,-76.978462,1.0,0,0.0,1,0,1,12,1532,159.0,0,5,1.0,0,0.0,Shining Path (SL)
13520,0,61,2,131,525,13.437973,-88.460995,1.0,0,0.0,1,0,3,2,687,61.0,0,5,1.0,1,0.0,Farabundo Marti National Liberation Front (FMLN)
60507,0,228,10,40,153,14.533328,49.133252,1.0,0,0.0,1,0,2,2,239,228.0,0,5,2.0,1,0.0,Al-Qaida in the Arabian Peninsula (AQAP)
55469,1,95,10,24,124,33.420948,43.295662,1.0,0,0.0,1,0,6,3,12,95.0,0,5,10.0,0,1.0,Muslim extremists
10031,0,145,2,327,1237,12.810234,-85.786635,1.0,0,0.0,1,0,2,4,672,145.0,0,5,75.0,1,0.0,Nicaraguan Democratic Force (FDN)
19535,0,160,5,296,24,16.030344,120.229921,4.0,0,0.0,1,0,1,3,1280,160.0,0,5,1.0,0,0.0,New People's Army (NPA)
58838,0,147,11,139,1037,12.357456,7.903555,1.0,0,0.0,1,0,2,3,20,147.0,0,5,3.0,0,0.0,Muslim extremists
76303,0,200,10,169,745,33.514722,36.124722,1.0,0,1.0,1,1,3,14,13,200.0,0,6,3.0,-9,0.0,Islamic State of Iraq and the Levant (ISIL)
66176,0,214,9,118,462,47.098835,37.81987,1.0,0,0.0,1,0,2,4,48,214.0,0,6,0.0,0,0.0,Donetsk People's Republic
51384,0,95,10,25,108,33.303566,44.371773,1.0,0,1.0,1,0,2,3,85,95.0,0,5,3.0,0,0.0,Al-Qaida in Iraq
61197,0,113,10,245,1032,32.069286,20.151144,1.0,0,1.0,1,0,2,15,1174,113.0,0,5,1.0,0,0.0,Muslim extremists
66223,0,153,6,404,1572,24.891115,67.143311,1.0,0,0.0,1,0,2,3,12,153.0,0,5,3.0,0,0.0,Tehrik-i-Taliban Pakistan (TTP)
16648,0,145,2,321,1221,11.966667,-85.166667,1.0,0,0.0,1,0,6,1,1337,145.0,0,5,1.0,1,1.0,Nicaraguan Democratic Force (FDN)
56669,1,160,5,0,39,6.599402,121.904055,1.0,0,0.0,1,0,6,12,52,422.0,0,5,0.0,0,1.0,Abu Sayyaf Group (ASG)
18224,0,92,6,366,24,31.147131,75.341218,4.0,0,1.0,1,0,1,14,1618,92.0,0,5,1.0,0,0.0,Sikh Extremists
80638,0,228,10,152,681,12.683549,43.458797,3.0,0,0.0,1,0,3,11,763,126.0,0,6,0.0,0,0.0,Houthi extremists (Ansar Allah)
55958,0,60,10,230,1011,31.250196,34.24128,1.0,0,1.0,1,0,2,3,20,60.0,0,5,1.0,0,0.0,Muslim extremists
77378,0,92,6,103,940,18.391134,81.659273,3.0,0,0.0,1,0,2,14,1097,92.0,0,5,1.0,0,0.0,Maoists
18735,0,92,6,366,1435,32.040763,75.401886,3.0,0,0.0,1,0,1,2,1630,92.0,0,5,2.0,0,0.0,Sikh Extremists
75463,0,160,5,1,4,5.965263,120.983076,1.0,0,0.0,1,0,2,4,4,160.0,0,5,3.0,0,0.0,Abu Sayyaf Group (ASG)
4692,0,97,10,337,1283,31.771599,35.2034,1.0,0,0.0,1,0,3,14,1392,97.0,0,6,1.0,1,0.0,Palestinians
56058,0,182,11,53,186,2.059819,45.326115,1.0,0,0.0,1,0,3,21,299,182.0,0,6,0.0,1,0.0,Al-Shabaab
48807,0,603,8,39,145,52.829397,-1.332046,1.0,0,1.0,0,0,3,6,229,217.0,0,6,0.0,0,0.0,Al-Qaida in the Arabian Peninsula (AQAP)
26636,0,186,6,211,882,8.8341,80.760739,1.0,0,0.0,1,0,2,4,983,186.0,0,5,7.0,1,0.0,Liberation Tigers of Tamil Eelam (LTTE)
63077,0,214,9,118,493,48.240883,38.525669,1.0,0,1.0,1,0,3,4,48,214.0,0,6,0.0,-9,0.0,Donetsk People's Republic
80163,0,95,10,30,111,35.45211,44.375465,1.0,0,0.0,1,1,3,4,874,95.0,0,6,7.0,-9,0.0,Islamic State of Iraq and the Levant (ISIL)
63208,1,147,11,96,604,9.504524,8.704164,1.0,0,1.0,1,0,2,14,27,147.0,0,5,2.0,1,-9.0,Fulani extremists
55995,0,160,5,305,1165,13.071,123.598,1.0,0,1.0,1,0,2,4,1301,160.0,0,5,0.0,0,0.0,New People's Army (NPA)
75062,0,147,11,137,566,7.761622,9.087509,1.0,0,1.0,1,0,2,14,27,147.0,0,5,1.0,1,0.0,Fulani extremists
49859,1,92,6,102,344,24.204235,84.870937,3.0,0,0.0,1,0,6,14,487,92.0,0,9,2.0,0,1.0,Communist Party of India - Maoist (CPI-Maoist)
75621,0,173,10,156,24,17.658138,45.261024,4.0,0,0.0,1,0,3,3,85,173.0,0,6,5.0,-9,0.0,Houthi extremists (Ansar Allah)
18228,0,92,6,366,24,31.147131,75.341218,4.0,0,1.0,1,0,1,14,1618,92.0,0,5,1.0,0,0.0,Sikh Extremists
75539,0,603,8,39,1017,52.646771,0.552781,1.0,0,0.0,0,0,6,4,189,216.0,0,9,0.0,0,0.0,Muslim extremists
32099,0,45,3,267,1086,10.333818,-73.181276,1.0,0,0.0,1,0,2,3,628,45.0,0,5,0.0,1,0.0,National Liberation Army of Colombia (ELN)
31042,0,209,10,192,798,37.755081,39.317331,1.0,0,0.0,1,0,3,8,909,209.0,0,6,1.0,1,0.0,Kurdistan Workers' Party (PKK)
55052,1,160,5,310,1172,16.753657,121.03983,1.0,0,0.0,1,0,6,3,85,160.0,0,5,3.0,0,-9.0,New People's Army (NPA)
22000,0,155,10,335,1279,32.222271,35.253506,1.0,0,0.0,1,0,1,14,1417,97.0,0,9,1.0,0,0.0,Palestinians
76861,0,173,10,155,667,16.529372,43.013416,1.0,0,0.0,1,0,3,4,749,173.0,0,6,0.0,1,0.0,Houthi extremists (Ansar Allah)
63976,0,4,6,392,1512,34.956583,70.754129,3.0,0,0.0,1,0,2,4,291,4.0,0,5,9.0,0,0.0,Taliban
20316,0,186,6,207,875,6.872087,81.72263,1.0,0,0.0,1,0,3,3,377,186.0,0,6,8.0,1,0.0,Liberation Tigers of Tamil Eelam (LTTE)
41737,0,141,6,207,967,27.021345,87.470224,1.0,0,0.0,1,0,3,4,1117,141.0,0,6,12.0,0,0.0,Maoists
6803,0,185,8,68,235,43.291618,-1.977903,1.0,0,0.0,1,0,3,3,407,185.0,0,5,2.0,1,0.0,Basque Fatherland and Freedom (ETA)
51751,0,92,6,102,941,24.165471,86.223142,1.0,0,0.0,1,0,5,1,1098,92.0,0,5,0.0,1,1.0,Maoists
52294,0,95,10,26,110,33.749892,44.633421,2.0,0,1.0,1,1,3,3,20,95.0,0,6,3.0,0,0.0,Al-Qaida in Iraq
77603,0,60,10,230,24,30.608472,33.617577,4.0,0,0.0,0,0,3,20,6,60.0,0,6,0.0,0,0.0,Muslim extremists
28498,0,159,3,224,926,-11.967368,-76.978462,1.0,0,1.0,1,0,3,1,605,159.0,0,6,0.0,1,0.0,Shining Path (SL)
50563,0,92,6,102,398,22.672439,85.072696,1.0,0,0.0,1,0,1,14,543,92.0,0,5,1.0,0,1.0,Communist Party of India - Maoist (CPI-Maoist)
25162,0,186,6,209,858,8.834273,80.051047,1.0,0,0.0,1,0,6,3,929,186.0,0,5,90.0,1,0.0,Liberation Tigers of Tamil Eelam (LTTE)
29194,0,92,6,365,1446,28.620794,79.812865,1.0,1,0.0,1,0,2,14,1620,92.0,0,5,24.0,0,0.0,Sikh Extremists
34004,0,69,8,110,446,42.874404,9.471427,1.0,0,0.0,1,0,3,14,603,69.0,0,6,0.0,1,0.0,Corsican National Liberation Front (FLNC)
20101,0,183,11,15,57,-26.184113,28.033232,1.0,0,0.0,1,0,3,4,108,183.0,0,6,0.0,1,0.0,African National Congress (South Africa)
37628,1,45,3,265,1092,6.04278,-74.99493,3.0,0,0.0,1,0,6,19,1226,45.0,0,5,0.0,1,1.0,National Liberation Army of Colombia (ELN)
72143,0,92,6,103,947,17.812075,81.383041,1.0,0,0.0,1,0,2,14,1103,92.0,0,9,1.0,0,0.0,Maoists
61795,0,182,11,53,186,2.059819,45.326115,1.0,0,0.0,1,0,2,4,303,182.0,0,6,4.0,-9,0.0,Al-Shabaab
61663,0,147,11,90,626,9.688993,8.165353,2.0,0,0.0,1,0,2,14,27,147.0,0,5,5.0,0,0.0,Fulani extremists
43335,0,186,6,64,854,7.785857,81.589802,1.0,0,0.0,1,0,3,4,958,186.0,0,6,3.0,-9,0.0,Liberation Tigers of Tamil Eelam (LTTE)
51628,0,4,6,381,1494,34.229213,70.193208,2.0,0,1.0,1,0,2,4,1679,422.0,0,5,0.0,1,0.0,Taliban
27329,0,61,2,120,24,13.864829,-88.7494,4.0,0,1.0,1,0,3,21,670,61.0,0,6,0.0,1,0.0,Farabundo Marti National Liberation Front (FMLN)
6257,0,185,8,68,235,43.291618,-1.977903,1.0,0,0.0,1,0,1,4,368,185.0,0,5,1.0,0,0.0,Basque Fatherland and Freedom (ETA)
30757,0,159,3,224,926,-11.967368,-76.978462,1.0,0,0.0,1,0,7,1,1584,159.0,0,8,0.0,1,0.0,Shining Path (SL)
82139,0,92,6,103,959,19.102975,81.949115,3.0,0,0.0,1,0,2,14,1111,92.0,0,12,1.0,0,1.0,Maoists
60762,0,214,9,118,485,48.785413,37.599078,4.0,0,0.0,1,0,2,4,654,214.0,0,5,1.0,1,0.0,Donetsk People's Republic
14541,0,145,2,331,1245,12.34294,-83.67123,1.0,0,0.0,1,0,3,14,1351,145.0,0,5,0.0,1,0.0,Nicaraguan Democratic Force (FDN)
73357,0,147,11,137,585,7.258787,8.805645,1.0,0,1.0,1,0,2,14,27,147.0,0,5,0.0,1,0.0,Fulani extremists
12113,0,145,2,317,1244,13.45327,-86.029633,1.0,0,0.0,1,0,2,14,1350,145.0,0,5,13.0,1,0.0,Nicaraguan Democratic Force (FDN)
32358,0,185,8,76,251,42.815372,-1.653616,1.0,0,1.0,1,0,3,1,399,185.0,0,6,0.0,1,0.0,Basque Fatherland and Freedom (ETA)
25386,1,92,6,366,24,31.147131,75.341218,4.0,0,0.0,1,0,6,3,224,92.0,0,5,1.0,0,1.0,Sikh Extremists
22561,0,159,3,352,1405,-11.520494,-75.899782,1.0,0,0.0,1,0,3,19,1580,159.0,0,6,0.0,1,0.0,Shining Path (SL)
55350,0,182,11,51,211,1.789637,44.529976,1.0,0,0.0,1,0,2,14,329,182.0,0,5,2.0,0,0.0,Al-Shabaab
83125,1,160,5,1,7,6.063022,121.102294,2.0,0,0.0,1,0,6,14,8,160.0,0,5,0.0,0,1.0,Abu Sayyaf Group (ASG)
5224,0,69,8,111,52,48.856644,2.34233,1.0,0,0.0,1,0,3,14,592,69.0,0,6,0.0,1,0.0,Corsican National Liberation Front (FLNC)
49364,0,153,6,402,1569,34.006004,71.53743,1.0,1,0.0,1,1,3,14,1726,153.0,0,6,26.0,0,0.0,Tehrik-i-Taliban Pakistan (TTP)
69102,0,160,5,1,2,6.088221,121.109329,1.0,0,0.0,0,0,6,4,7,160.0,0,5,0.0,0,0.0,Abu Sayyaf Group (ASG)
56611,0,60,10,230,1020,31.126646,33.800865,1.0,0,0.0,1,0,3,1,601,60.0,0,6,0.0,1,0.0,Muslim extremists
25676,0,61,2,122,505,13.69288,-89.199161,1.0,0,0.0,1,0,2,4,705,61.0,0,5,0.0,1,0.0,Farabundo Marti National Liberation Front (FMLN)
15350,0,43,3,218,914,-33.366238,-70.505302,1.0,0,1.0,1,0,3,1,1042,43.0,0,6,0.0,1,0.0,Manuel Rodriguez Patriotic Front (FPMR)
80432,0,95,10,28,765,33.669458,44.381155,2.0,0,0.0,1,0,3,4,48,95.0,0,6,1.0,0,0.0,Islamic State of Iraq and the Levant (ISIL)
53662,0,95,10,28,123,34.881348,44.62513,1.0,0,0.0,1,0,3,15,192,95.0,0,6,0.0,0,0.0,Al-Qaida in Iraq
16472,0,45,3,266,1069,4.667128,-74.106056,1.0,0,0.0,1,0,3,21,1234,45.0,0,6,0.0,1,0.0,National Liberation Army of Colombia (ELN)
1545,0,97,10,337,1283,31.771599,35.2034,1.0,0,0.0,1,0,3,14,1418,97.0,0,6,2.0,1,0.0,Palestinians
10192,0,145,2,328,1225,14.60296,-84.03756,1.0,0,0.0,1,0,2,4,672,145.0,0,5,1.0,1,0.0,Nicaraguan Democratic Force (FDN)
60508,0,228,10,157,671,15.823405,44.038661,1.0,0,0.0,1,0,3,22,217,228.0,0,6,0.0,1,0.0,Houthi extremists (Ansar Allah)
40361,0,160,5,4,15,6.929089,122.07885,1.0,0,0.0,1,0,3,15,62,160.0,0,6,0.0,1,0.0,Abu Sayyaf Group (ASG)
31066,0,92,6,365,1465,28.263681,78.403733,1.0,0,0.0,1,0,1,3,1644,92.0,0,5,7.0,0,0.0,Sikh Extremists
22705,0,61,2,122,505,13.69288,-89.199161,1.0,0,0.0,1,0,1,2,701,61.0,0,5,0.0,1,0.0,Farabundo Marti National Liberation Front (FMLN)
61573,0,147,11,145,611,12.765936,12.765936,3.0,0,0.0,1,0,2,14,736,147.0,0,5,7.0,0,0.0,Fulani extremists
41885,0,186,6,64,886,7.775413,81.606247,1.0,1,0.0,1,0,3,22,989,186.0,0,6,0.0,0,0.0,Liberation Tigers of Tamil Eelam (LTTE)
61575,0,214,9,118,481,47.927954,37.371645,3.0,0,1.0,1,0,7,1,659,214.0,0,5,1.0,1,0.0,Donetsk People's Republic
26137,0,155,10,338,1284,31.502407,34.459743,1.0,0,1.0,1,0,1,14,1404,155.0,0,5,1.0,0,0.0,Palestinians
47736,1,160,5,284,1150,7.364962,125.853401,1.0,0,0.0,1,0,2,14,13,160.0,0,5,1.0,0,1.0,New People's Army (NPA)
74622,0,146,11,94,301,13.695975,13.322427,1.0,1,0.0,1,0,2,4,48,146.0,0,6,10.0,0,0.0,Boko Haram
38900,0,141,6,207,938,26.809932,88.009847,1.0,0,0.0,1,0,2,8,1095,141.0,0,9,0.0,0,0.0,Maoists
71376,0,92,6,106,936,20.883056,83.336111,1.0,0,0.0,1,0,1,2,1094,92.0,0,5,1.0,0,1.0,Maoists
48935,0,45,3,262,1346,8.637411,-72.734019,1.0,1,1.0,1,0,3,19,1489,45.0,0,6,0.0,1,0.0,Revolutionary Armed Forces of Colombia (FARC)
53390,0,95,10,28,118,33.540672,44.251266,1.0,0,1.0,1,0,3,14,13,95.0,0,6,2.0,-9,0.0,Al-Qaida in Iraq
79039,1,160,5,2,3,6.102634,118.446977,1.0,1,0.0,1,0,4,11,3,223.0,0,5,4.0,0,1.0,Abu Sayyaf Group (ASG)
12194,0,183,11,14,58,-29.861824,31.008293,1.0,0,0.0,1,0,3,3,112,183.0,0,6,0.0,1,0.0,African National Congress (South Africa)
27938,0,155,10,335,1300,32.405292,35.201729,1.0,1,0.0,1,0,2,19,1406,97.0,0,5,0.0,1,0.0,Palestinians
55105,0,92,6,101,960,24.656056,84.435647,2.0,1,1.0,1,0,3,3,289,92.0,0,6,0.0,1,0.0,Maoists
60475,0,182,11,53,186,2.059819,45.326115,1.0,0,0.0,0,0,1,4,328,182.0,0,6,0.0,1,0.0,Al-Shabaab
15819,0,159,3,224,926,-11.967368,-76.978462,1.0,0,0.0,1,0,3,1,1577,159.0,0,6,1.0,1,0.0,Shining Path (SL)
68877,0,182,11,58,192,3.03626,41.867161,1.0,1,0.0,1,0,3,4,324,422.0,0,6,1.0,1,0.0,Al-Shabaab
28278,0,61,2,128,509,13.678617,-89.268102,1.0,0,0.0,1,0,3,3,675,61.0,0,6,0.0,1,0.0,Farabundo Marti National Liberation Front (FMLN)
37314,0,186,6,207,871,7.921328,81.52467,1.0,1,0.0,1,0,3,4,1000,186.0,0,6,5.0,-9,0.0,Liberation Tigers of Tamil Eelam (LTTE)
37037,0,45,3,265,1355,7.00063,-76.26572,1.0,0,0.0,1,0,3,14,1500,45.0,0,6,6.0,1,0.0,Revolutionary Armed Forces of Colombia (FARC)
10807,0,183,11,15,57,-26.184113,28.033232,1.0,0,0.0,1,0,3,21,130,183.0,0,6,0.0,1,0.0,African National Congress (South Africa)
15719,0,159,3,224,926,-11.967368,-76.978462,1.0,0,0.0,1,0,3,14,1581,159.0,0,6,1.0,1,0.0,Shining Path (SL)
51258,0,95,10,24,109,34.160587,42.37254,1.0,0,1.0,1,0,1,3,173,95.0,0,5,2.0,0,0.0,Al-Qaida in Iraq
41860,0,69,8,110,433,41.930607,8.742907,1.0,0,0.0,1,0,3,1,613,69.0,0,6,0.0,1,0.0,Corsican National Liberation Front (FLNC)
8867,0,45,3,269,1318,6.313712,-73.950146,1.0,0,0.0,1,0,1,14,1457,45.0,0,5,3.0,0,0.0,Revolutionary Armed Forces of Colombia (FARC)
22224,0,45,3,267,24,9.337295,-73.653621,4.0,0,0.0,1,0,3,21,1204,45.0,0,6,0.0,1,0.0,National Liberation Army of Colombia (ELN)
7558,0,183,11,14,58,-29.861824,31.008293,1.0,0,0.0,1,0,3,21,107,183.0,0,6,0.0,1,0.0,African National Congress (South Africa)
6640,0,185,8,68,235,43.291618,-1.977903,1.0,0,0.0,1,0,3,3,411,185.0,0,5,0.0,1,0.0,Basque Fatherland and Freedom (ETA)
41711,0,185,8,81,263,38.34521,-0.480995,3.0,0,1.0,1,0,3,20,6,185.0,0,6,0.0,1,0.0,Basque Fatherland and Freedom (ETA)
6180,0,155,10,335,1296,31.530243,35.094162,1.0,0,0.0,1,0,3,15,1399,97.0,0,6,0.0,1,0.0,Palestinians
36987,1,45,3,265,918,6.395033,-75.259437,1.0,0,1.0,1,0,6,2,1198,45.0,0,5,1.0,0,1.0,National Liberation Army of Colombia (ELN)
42209,0,186,6,207,860,6.875271,81.830633,1.0,0,0.0,1,0,2,3,964,186.0,0,5,2.0,-9,0.0,Liberation Tigers of Tamil Eelam (LTTE)
32797,0,603,8,161,694,54.607712,-5.95621,1.0,0,0.0,0,0,3,3,842,216.0,0,6,0.0,1,0.0,Irish Republican Army (IRA)
18341,0,69,8,110,441,42.6042,8.929852,1.0,0,1.0,1,0,3,14,595,21.0,0,6,0.0,1,0.0,Corsican National Liberation Front (FLNC)
35094,0,185,8,68,229,43.258434,-2.921819,1.0,0,0.0,0,0,3,2,403,185.0,0,6,0.0,1,0.0,Basque Fatherland and Freedom (ETA)
25624,0,209,10,193,803,40.001744,42.3441,1.0,0,0.0,1,0,2,4,914,209.0,0,5,4.0,1,0.0,Kurdistan Workers' Party (PKK)
48757,0,92,6,104,382,22.86775,86.944884,1.0,0,0.0,1,0,2,2,525,92.0,0,5,1.0,0,0.0,Communist Party of India - Maoist (CPI-Maoist)
15825,0,159,3,224,926,-11.967368,-76.978462,1.0,0,0.0,1,0,2,4,1570,159.0,0,8,1.0,1,0.0,Shining Path (SL)
45310,1,45,3,346,1329,3.429344,-76.516037,1.0,0,0.0,1,0,6,1,1481,45.0,0,5,0.0,0,1.0,Revolutionary Armed Forces of Colombia (FARC)
79594,0,95,10,29,115,36.354145,43.14357,1.0,0,0.0,0,0,1,2,877,95.0,0,5,1.0,-9,0.0,Islamic State of Iraq and the Levant (ISIL)
77693,0,153,6,402,1569,34.006004,71.53743,1.0,0,0.0,1,0,3,3,250,153.0,0,6,3.0,1,0.0,Tehrik-i-Taliban Pakistan (TTP)
68289,0,200,10,168,1013,36.201721,37.14352,1.0,0,1.0,1,0,3,14,757,200.0,0,6,4.0,-9,0.0,Muslim extremists
63649,0,92,6,102,961,24.357421,87.422726,1.0,1,0.0,0,0,2,4,12,92.0,0,5,0.0,0,0.0,Maoists
45849,0,160,5,282,1144,10.801934,123.488506,1.0,0,0.0,1,0,3,16,1304,160.0,0,6,0.0,1,0.0,New People's Army (NPA)
81907,1,228,10,43,149,15.325443,44.211895,1.0,0,0.0,1,0,6,14,755,228.0,0,5,0.0,0,1.0,Houthi extremists (Ansar Allah)
26844,0,61,2,120,532,13.99,-88.758,1.0,0,0.0,1,0,2,21,691,61.0,0,5,23.0,1,0.0,Farabundo Marti National Liberation Front (FMLN)
2327,0,185,8,77,255,43.189944,-2.052454,1.0,0,0.0,1,0,3,19,397,185.0,0,6,0.0,1,0.0,Basque Fatherland and Freedom (ETA)
16040,0,145,2,318,1202,13.564251,-86.02984,1.0,0,0.0,1,0,2,4,1328,145.0,0,5,1.0,1,0.0,Nicaraguan Democratic Force (FDN)
69486,0,160,5,1,2,6.066531,121.100068,1.0,0,0.0,1,0,2,4,55,160.0,0,5,2.0,0,0.0,Abu Sayyaf Group (ASG)
32696,0,155,10,335,1279,32.222271,35.253506,1.0,0,0.0,1,0,8,4,699,97.0,0,9,1.0,1,0.0,Palestinians
74512,0,147,11,142,607,7.950747,5.545281,1.0,0,0.0,1,0,2,14,466,147.0,0,5,2.0,0,0.0,Fulani extremists
5223,0,69,8,111,52,48.856644,2.34233,1.0,0,0.0,1,0,3,14,592,69.0,0,6,0.0,1,0.0,Corsican National Liberation Front (FLNC)
8418,0,45,3,271,1087,6.95284,-71.87514,1.0,0,0.0,1,0,3,2,1475,45.0,0,6,0.0,1,0.0,Revolutionary Armed Forces of Colombia (FARC)
60464,0,147,11,88,281,11.247069,12.01246,1.0,0,1.0,1,0,2,4,249,147.0,0,5,3.0,-9,0.0,Boko Haram
17344,0,92,6,366,1443,31.638549,75.135566,1.0,0,0.0,1,0,2,3,1408,92.0,0,5,3.0,1,0.0,Sikh Extremists
65265,0,92,6,103,953,19.984386,80.719147,1.0,0,0.0,1,0,3,3,1108,92.0,0,6,0.0,0,0.0,Maoists
17535,0,92,6,366,1455,31.84,74.76,1.0,0,0.0,1,0,2,15,1631,92.0,0,5,5.0,1,0.0,Sikh Extremists
26315,0,159,3,357,1400,-13.531688,-71.966924,1.0,0,0.0,1,0,1,2,1564,159.0,0,5,1.0,0,0.0,Shining Path (SL)
14070,0,183,11,14,53,-29.965819,30.882976,1.0,0,0.0,1,0,3,3,129,183.0,0,6,1.0,1,0.0,African National Congress (South Africa)
22823,0,61,2,122,505,13.69288,-89.199161,1.0,0,0.0,1,0,2,19,56,61.0,0,5,1.0,1,0.0,Farabundo Marti National Liberation Front (FMLN)
62660,0,147,11,145,605,12.101014,6.724175,2.0,0,1.0,1,0,6,14,27,147.0,0,5,1.0,1,1.0,Fulani extremists
81113,0,147,11,86,282,11.840929,13.141459,1.0,0,1.0,1,1,3,8,453,147.0,0,6,1.0,-9,0.0,Boko Haram
80077,1,160,5,1,19,6.055578,121.039629,1.0,0,0.0,1,0,6,2,45,160.0,0,5,0.0,0,1.0,Abu Sayyaf Group (ASG)
21656,0,43,3,218,914,-33.366238,-70.505302,1.0,0,0.0,1,0,7,19,56,43.0,0,8,0.0,1,0.0,Manuel Rodriguez Patriotic Front (FPMR)
61934,0,214,9,118,461,47.981647,37.762325,1.0,0,0.0,1,0,3,2,644,214.0,0,6,1.0,1,0.0,Donetsk People's Republic
5797,0,97,10,340,1287,32.08297,34.811886,1.0,0,0.0,1,0,3,19,1385,97.0,0,6,0.0,1,0.0,Palestinians
56957,0,95,10,25,108,33.303566,44.371773,1.0,0,1.0,1,0,3,14,881,95.0,0,6,6.0,-9,0.0,Islamic State of Iraq and the Levant (ISIL)
15150,0,159,3,224,926,-11.967368,-76.978462,1.0,0,1.0,1,0,3,1,399,159.0,0,6,0.0,1,0.0,Tupac Amaru Revolutionary Movement (MRTA)
64177,0,214,9,118,468,48.187149,38.342617,1.0,1,0.0,1,0,2,4,48,214.0,0,6,0.0,-9,0.0,Donetsk People's Republic
12094,0,145,2,317,1201,13.45396,-85.64027,1.0,0,0.0,1,0,2,4,672,145.0,0,5,0.0,1,0.0,Nicaraguan Democratic Force (FDN)
25359,0,209,10,181,830,37.392896,43.10688,1.0,1,0.0,1,0,2,3,934,209.0,0,5,4.0,1,0.0,Kurdistan Workers' Party (PKK)
76827,0,182,11,55,189,-0.357847,42.54665,1.0,0,0.0,1,0,3,2,249,182.0,0,6,0.0,1,0.0,Al-Shabaab
56506,0,160,5,293,1136,7.435278,125.225278,1.0,0,0.0,1,0,7,1,1281,160.0,0,8,0.0,1,0.0,New People's Army (NPA)
10242,0,145,2,327,1220,12.73797,-86.21399,1.0,0,0.0,1,0,2,4,672,145.0,0,5,1.0,1,0.0,Nicaraguan Democratic Force (FDN)
60076,1,92,6,106,362,18.564658,82.963632,1.0,1,0.0,1,0,6,14,27,92.0,0,8,2.0,1,1.0,Communist Party of India - Maoist (CPI-Maoist)
70145,0,95,10,25,108,33.303566,44.371773,1.0,0,1.0,1,1,3,3,20,95.0,0,6,6.0,-9,0.0,Islamic State of Iraq and the Levant (ISIL)
29729,0,45,3,267,1078,8.69053,-73.66254,3.0,0,0.0,1,0,3,21,1204,45.0,0,6,0.0,1,0.0,National Liberation Army of Colombia (ELN)
39617,1,160,5,5,24,7.075778,125.587755,4.0,0,0.0,1,0,6,14,29,38.0,0,5,0.0,0,1.0,Abu Sayyaf Group (ASG)
64823,0,104,11,66,208,-1.749689,41.192947,1.0,0,0.0,1,0,2,4,59,104.0,0,5,3.0,-9,0.0,Al-Shabaab
20115,0,92,6,366,1432,30.898024,75.860077,1.0,0,0.0,1,0,3,8,1651,92.0,0,6,0.0,1,0.0,Sikh Extremists
15610,0,159,3,224,926,-11.967368,-76.978462,1.0,0,1.0,1,0,7,1,1565,159.0,0,8,0.0,1,0.0,Shining Path (SL)
17130,0,183,11,21,77,-33.951,18.554,1.0,0,0.0,0,0,1,3,106,183.0,0,6,1.0,1,0.0,African National Congress (South Africa)
80363,0,160,5,287,1122,14.15551,121.566027,3.0,0,0.0,1,0,2,3,85,160.0,0,5,0.0,0,0.0,New People's Army (NPA)
78804,0,182,11,59,194,3.381584,45.598389,1.0,1,0.0,1,0,3,4,304,422.0,0,6,1.0,-9,0.0,Al-Shabaab
41478,0,141,6,214,972,27.708754,85.329498,1.0,0,0.0,0,0,2,3,1123,141.0,0,5,0.0,0,0.0,Maoists
27299,0,92,6,366,1445,31.633078,74.878288,1.0,0,0.0,1,0,1,2,1619,92.0,0,5,1.0,0,0.0,Sikh Extremists
57724,0,160,5,282,1118,10.3725,123.123611,1.0,0,0.0,1,0,7,1,1268,160.0,0,8,0.0,1,0.0,New People's Army (NPA)
58425,1,160,5,2,45,7.037435,118.511496,1.0,0,0.0,1,0,6,1,64,160.0,0,5,0.0,0,1.0,Abu Sayyaf Group (ASG)
9181,0,159,3,358,1393,-14.083889,-73.588889,1.0,0,0.0,1,0,2,8,1551,159.0,0,5,1.0,1,0.0,Shining Path (SL)
40557,0,45,3,265,24,7.198606,-75.341218,4.0,0,0.0,1,0,2,19,1482,45.0,0,5,4.0,1,0.0,Revolutionary Armed Forces of Colombia (FARC)
28007,0,155,10,335,1288,31.907141,35.198219,1.0,0,0.0,1,0,1,14,1393,155.0,0,5,1.0,0,0.0,Palestinians
56603,0,95,10,25,108,33.303566,44.371773,1.0,0,1.0,1,1,3,14,13,95.0,0,6,6.0,0,0.0,Islamic State of Iraq and the Levant (ISIL)
4907,0,185,8,68,241,43.291618,-1.977903,1.0,0,0.0,1,0,3,1,366,69.0,0,6,0.0,1,0.0,Basque Fatherland and Freedom (ETA)
19015,0,159,3,224,926,-11.967368,-76.978462,1.0,0,0.0,1,0,3,1,1033,199.0,0,6,0.0,1,0.0,Tupac Amaru Revolutionary Movement (MRTA)
72749,0,209,10,181,785,37.222085,42.498922,1.0,0,0.0,1,0,3,3,250,209.0,0,6,1.0,1,0.0,Kurdistan Workers' Party (PKK)
72720,0,147,11,137,631,7.296636,9.250712,2.0,0,1.0,1,0,2,14,27,147.0,0,5,4.0,1,0.0,Fulani extremists
48914,0,92,6,105,358,18.924224,83.010623,1.0,0,0.0,1,0,3,3,500,92.0,0,6,0.0,1,0.0,Communist Party of India - Maoist (CPI-Maoist)
67194,0,214,9,118,466,48.064426,37.673248,1.0,1,1.0,1,0,3,4,48,214.0,0,6,0.0,-9,0.0,Donetsk People's Republic
53391,0,95,10,28,118,33.540672,44.251266,1.0,0,1.0,1,0,3,14,13,95.0,0,6,2.0,-9,0.0,Al-Qaida in Iraq
4992,0,603,8,161,698,54.347539,-6.656108,1.0,0,0.0,1,0,3,3,845,233.0,0,6,1.0,1,0.0,Irish Republican Army (IRA)
4391,0,185,8,68,229,43.258434,-2.921819,1.0,0,0.0,1,0,1,3,352,185.0,0,5,2.0,0,0.0,Basque Fatherland and Freedom (ETA)
19373,0,159,3,408,1632,-6.779131,-79.83942,1.0,0,0.0,1,0,3,1,1807,159.0,0,6,0.0,1,0.0,Tupac Amaru Revolutionary Movement (MRTA)
65731,0,214,9,118,485,48.730804,37.574596,1.0,0,1.0,1,0,3,14,652,214.0,0,6,3.0,1,0.0,Donetsk People's Republic
4459,0,185,8,68,248,43.090476,-2.31322,1.0,0,0.0,1,0,2,3,376,185.0,0,5,1.0,1,0.0,Basque Fatherland and Freedom (ETA)
37268,1,45,3,272,1359,11.3,-74.183333,2.0,0,1.0,1,0,6,14,1506,45.0,0,5,1.0,0,1.0,Revolutionary Armed Forces of Colombia (FARC)
83138,0,147,11,86,314,11.53955,13.155654,2.0,0,1.0,1,1,3,14,346,147.0,0,6,5.0,1,0.0,Boko Haram
6247,0,183,11,23,24,-29.601439,30.376695,4.0,0,0.0,1,0,2,1,152,183.0,0,5,0.0,1,0.0,African National Congress (South Africa)
61933,0,214,9,118,461,47.981647,37.762325,1.0,0,0.0,1,0,3,14,651,214.0,0,6,1.0,1,0.0,Donetsk People's Republic
8600,0,97,10,335,1303,32.243008,35.456097,1.0,0,0.0,1,0,2,4,788,97.0,0,5,1.0,1,0.0,Palestinians
21162,0,61,2,125,521,13.5,-88.866667,1.0,0,0.0,1,0,3,4,698,61.0,0,6,0.0,1,0.0,Farabundo Marti National Liberation Front (FMLN)
19986,0,159,3,224,926,-11.967368,-76.978462,1.0,0,0.0,1,0,3,4,1820,159.0,0,6,0.0,1,0.0,Tupac Amaru Revolutionary Movement (MRTA)
51618,0,92,6,109,932,19.598623,80.226578,1.0,0,0.0,1,0,1,14,1091,92.0,0,5,1.0,0,0.0,Maoists
80283,0,147,11,147,606,9.270173,5.105799,2.0,0,0.0,1,0,2,15,198,147.0,0,5,27.0,-9,0.0,Fulani extremists
46305,0,92,6,102,373,23.893139,85.894669,1.0,0,0.0,1,0,3,14,515,92.0,0,6,0.0,1,0.0,Communist Party of India - Maoist (CPI-Maoist)
18540,0,69,8,110,442,42.567651,8.757222,1.0,0,0.0,1,0,2,2,596,69.0,0,8,0.0,1,0.0,Corsican National Liberation Front (FLNC)
55038,0,228,10,151,658,16.8884,44.2738,3.0,0,0.0,1,0,8,8,742,228.0,0,9,0.0,0,0.0,Houthi extremists (Ansar Allah)
47876,0,160,5,0,16,6.700414,121.972557,1.0,0,1.0,1,0,3,2,25,153.0,0,6,3.0,1,0.0,Abu Sayyaf Group (ASG)
69698,0,228,10,152,659,13.586484,44.024105,1.0,0,0.0,1,0,3,14,307,228.0,0,6,13.0,1,0.0,Houthi extremists (Ansar Allah)
57022,0,228,10,43,149,15.325443,44.211895,1.0,0,0.0,0,0,6,7,245,75.0,0,5,1.0,0,0.0,Al-Qaida in the Arabian Peninsula (AQAP)
37502,0,209,10,175,758,41.106178,28.689863,1.0,0,0.0,1,0,3,19,913,209.0,0,6,0.0,1,0.0,Kurdistan Workers' Party (PKK)
13256,0,145,2,318,1212,13.746389,-86.709722,1.0,0,0.0,1,0,2,4,672,145.0,0,5,34.0,1,0.0,Nicaraguan Democratic Force (FDN)
62630,0,228,10,45,156,13.985013,45.558479,1.0,0,0.0,1,0,2,3,250,228.0,0,5,2.0,1,0.0,Al-Qaida in the Arabian Peninsula (AQAP)
10725,0,159,3,354,1395,-13.65311,-73.95396,1.0,0,0.0,1,0,1,8,1556,159.0,0,5,1.0,0,0.0,Shining Path (SL)
81639,0,95,10,34,732,32.867008,44.220455,1.0,0,0.0,1,1,3,4,20,95.0,0,6,1.0,0,0.0,Islamic State of Iraq and the Levant (ISIL)
43369,0,186,6,210,861,6.022103,80.799766,1.0,0,0.0,1,1,3,4,965,186.0,0,6,16.0,1,0.0,Liberation Tigers of Tamil Eelam (LTTE)
10586,0,145,2,323,1218,12.538409,-85.573921,2.0,1,0.0,1,0,7,19,1335,145.0,0,5,1.0,1,0.0,Nicaraguan Democratic Force (FDN)
24705,0,159,3,224,926,-11.967368,-76.978462,1.0,0,1.0,1,0,3,8,51,159.0,0,6,0.0,1,0.0,Shining Path (SL)
16498,0,159,3,224,926,-11.967368,-76.978462,1.0,0,0.0,1,0,2,3,1560,159.0,0,5,1.0,1,0.0,Shining Path (SL)
64063,0,160,5,281,1113,8.818475,125.69826,1.0,0,0.0,1,0,2,4,12,160.0,0,5,2.0,0,0.0,New People's Army (NPA)
57443,1,160,5,0,8,6.545399,121.873756,1.0,1,0.0,1,0,6,2,9,160.0,0,5,1.0,0,1.0,Abu Sayyaf Group (ASG)
28672,0,61,2,128,527,13.597728,-89.418532,1.0,0,0.0,1,0,2,14,689,61.0,0,5,0.0,1,0.0,Farabundo Marti National Liberation Front (FMLN)
29589,0,92,6,367,1469,30.378179,76.776697,1.0,1,0.0,1,0,1,2,1652,92.0,0,5,5.0,0,0.0,Sikh Extremists
67343,1,4,6,395,1523,36.781832,71.076543,3.0,0,1.0,1,0,2,3,20,4.0,0,5,1.0,1,-9.0,Taliban
56724,0,228,10,38,144,12.83672,44.922062,1.0,0,0.0,0,0,3,2,255,228.0,0,6,0.0,0,0.0,Al-Qaida in the Arabian Peninsula (AQAP)
18171,0,43,3,218,914,-33.366238,-70.505302,1.0,0,0.0,1,0,2,10,1061,43.0,0,5,0.0,1,0.0,Manuel Rodriguez Patriotic Front (FPMR)
15426,0,159,3,224,926,-11.967368,-76.978462,1.0,0,1.0,1,0,3,2,1798,159.0,0,6,1.0,1,0.0,Tupac Amaru Revolutionary Movement (MRTA)
83493,0,92,6,106,973,18.464464,82.355801,1.0,1,0.0,1,0,7,1,514,92.0,0,5,0.0,1,0.0,Maoists
33380,0,185,8,68,252,43.365899,-2.996356,1.0,0,0.0,1,0,1,3,393,185.0,0,5,1.0,0,0.0,Basque Fatherland and Freedom (ETA)
75828,0,92,6,104,363,22.408769,87.373316,3.0,0,1.0,0,0,3,20,6,92.0,0,6,0.0,0,0.0,Maoists
28814,0,155,10,335,1288,31.907141,35.198219,1.0,0,0.0,1,0,2,4,12,97.0,0,8,0.0,1,0.0,Palestinians
69945,0,209,10,191,810,37.912504,40.2391,3.0,0,0.0,1,0,3,3,250,209.0,0,6,2.0,1,0.0,Kurdistan Workers' Party (PKK)
65761,1,45,3,263,1067,6.067805,-77.164991,2.0,1,0.0,1,0,6,14,13,45.0,0,5,1.0,0,1.0,National Liberation Army of Colombia (ELN)
80285,0,147,11,141,587,7.8116,10.58387,1.0,0,1.0,1,0,2,14,27,147.0,0,5,3.0,-9,0.0,Fulani extremists
64768,0,4,6,396,1526,32.903333,67.649722,2.0,0,0.0,1,0,3,17,1695,4.0,0,6,4.0,1,0.0,Taliban
78185,0,95,10,24,740,33.036022,40.288158,1.0,0,0.0,1,0,3,14,447,95.0,0,6,0.0,-9,0.0,Islamic State of Iraq and the Levant (ISIL)
67362,0,147,11,96,567,9.542607,8.896159,2.0,0,1.0,1,0,2,14,13,147.0,0,5,17.0,0,0.0,Fulani extremists
14419,0,61,2,122,505,13.69288,-89.199161,1.0,0,0.0,1,0,2,14,682,61.0,0,8,0.0,1,0.0,Farabundo Marti National Liberation Front (FMLN)
16935,0,362,8,164,721,51.148407,6.357643,1.0,0,0.0,1,0,3,4,846,216.0,0,6,0.0,1,0.0,Irish Republican Army (IRA)
66671,0,4,6,374,1487,35.838223,66.234833,1.0,0,0.0,1,0,1,14,1675,4.0,0,5,2.0,0,0.0,Taliban
57911,0,95,10,28,1014,33.669689,44.381317,1.0,0,1.0,1,0,2,3,282,95.0,0,5,4.0,1,0.0,Muslim extremists
39937,0,141,6,214,972,27.708754,85.329498,1.0,0,0.0,1,0,3,10,1126,141.0,0,6,0.0,1,0.0,Maoists
70584,0,214,9,118,461,47.981647,37.762325,1.0,1,0.0,1,0,2,4,48,214.0,0,6,1.0,0,0.0,Donetsk People's Republic
17748,1,43,3,218,914,-33.366238,-70.505302,1.0,0,0.0,1,0,3,2,425,43.0,0,6,0.0,1,0.0,Manuel Rodriguez Patriotic Front (FPMR)
67825,0,147,11,137,570,7.506095,9.35066,2.0,0,1.0,1,0,2,14,27,147.0,0,5,17.0,1,0.0,Fulani extremists
80411,0,92,6,103,980,18.673653,80.987938,1.0,0,0.0,1,0,7,1,1098,92.0,0,5,0.0,1,0.0,Maoists
26052,0,92,6,370,1451,30.733315,76.779418,1.0,0,0.0,1,0,2,14,1625,92.0,0,5,7.0,1,0.0,Sikh Extremists
36409,0,186,6,207,853,8.577826,81.218719,1.0,1,0.0,1,0,2,2,988,186.0,0,5,6.0,1,0.0,Liberation Tigers of Tamil Eelam (LTTE)
45904,0,160,5,1,30,6.066693,121.100042,1.0,0,0.0,1,0,7,8,38,160.0,0,8,0.0,1,0.0,Abu Sayyaf Group (ASG)
61596,0,147,11,96,613,9.538302,8.907022,2.0,0,0.0,1,0,2,14,27,147.0,0,5,5.0,0,0.0,Fulani extremists
65733,0,214,9,118,485,48.730804,37.574596,1.0,0,1.0,1,0,3,14,652,214.0,0,6,3.0,1,0.0,Donetsk People's Republic
81384,0,95,10,29,115,36.354145,43.14357,1.0,0,1.0,1,1,3,4,48,95.0,0,6,2.0,1,0.0,Islamic State of Iraq and the Levant (ISIL)
999,0,603,8,161,694,54.607712,-5.95621,1.0,0,0.0,1,0,1,17,838,233.0,0,5,1.0,0,0.0,Irish Republican Army (IRA)
71816,0,228,10,41,663,15.45639,45.324871,1.0,0,0.0,1,0,3,4,217,228.0,0,6,0.0,0,0.0,Houthi extremists (Ansar Allah)
37718,0,69,8,110,445,42.681855,9.303746,1.0,0,1.0,1,0,5,14,600,69.0,0,9,0.0,0,1.0,Corsican National Liberation Front (FLNC)
71267,1,160,5,292,1128,8.892579,126.300309,2.0,0,0.0,1,0,6,14,1275,160.0,0,5,1.0,0,1.0,New People's Army (NPA)
54065,0,92,6,101,945,24.528349,84.590579,1.0,1,0.0,1,0,3,4,48,92.0,0,6,0.0,0,0.0,Maoists
60427,0,113,10,245,1032,32.069286,20.151144,1.0,0,0.0,1,0,1,10,1165,113.0,0,5,1.0,0,0.0,Muslim extremists
77291,0,228,10,41,663,15.45639,45.324871,1.0,0,0.0,0,0,3,14,767,228.0,0,6,0.0,0,0.0,Houthi extremists (Ansar Allah)
80169,0,160,5,300,1170,16.983334,122.01667,1.0,0,0.0,0,0,2,4,55,160.0,0,5,0.0,0,0.0,New People's Army (NPA)
15867,0,61,2,128,518,13.676944,-89.279722,1.0,0,0.0,1,0,1,2,679,61.0,0,5,1.0,0,0.0,Farabundo Marti National Liberation Front (FMLN)
19444,0,159,3,224,926,-11.967368,-76.978462,1.0,0,1.0,1,0,3,2,1080,159.0,0,6,0.0,1,0.0,Shining Path (SL)
82107,0,153,6,402,1569,34.006004,71.53743,1.0,0,0.0,1,0,3,3,1742,153.0,0,6,0.0,1,0.0,Tehrik-i-Taliban Pakistan (TTP)
45287,0,95,10,25,108,33.303566,44.371773,1.0,0,0.0,1,0,2,14,196,95.0,0,5,7.0,0,0.0,Al-Qaida in Iraq
20071,0,92,6,226,1458,20.946702,72.952035,1.0,0,0.0,1,0,1,2,1635,92.0,0,5,7.0,0,0.0,Sikh Extremists
18805,0,603,8,161,694,54.607712,-5.95621,1.0,0,0.0,1,0,3,3,825,233.0,0,6,1.0,1,0.0,Irish Republican Army (IRA)
13040,0,145,2,319,1203,12.933056,-86.348611,1.0,0,0.0,1,0,2,4,678,145.0,0,5,1.0,1,0.0,Nicaraguan Democratic Force (FDN)
73959,0,153,6,404,1572,24.891115,67.143311,1.0,0,1.0,1,0,2,3,250,153.0,0,5,4.0,0,0.0,Tehrik-i-Taliban Pakistan (TTP)
16215,0,145,2,332,1247,11.676334,-84.702872,1.0,0,0.0,1,0,2,4,683,145.0,0,5,1.0,1,0.0,Nicaraguan Democratic Force (FDN)
32404,0,45,3,265,1075,6.242026,-75.564766,1.0,0,0.0,1,0,3,8,1207,45.0,0,6,0.0,1,0.0,National Liberation Army of Colombia (ELN)
68288,0,200,10,168,1013,36.201721,37.14352,1.0,0,1.0,1,0,3,14,757,200.0,0,6,4.0,-9,0.0,Muslim extremists
48109,0,92,6,103,395,20.271944,81.493056,3.0,0,0.0,1,0,7,1,540,92.0,0,8,0.0,1,0.0,Communist Party of India - Maoist (CPI-Maoist)
27834,0,97,10,214,1294,32.322744,34.853921,1.0,0,0.0,0,0,1,14,1398,97.0,0,9,0.0,0,0.0,Palestinians
67500,0,228,10,38,675,12.867085,44.981911,1.0,0,0.0,1,0,3,14,756,228.0,0,6,1.0,-9,0.0,Houthi extremists (Ansar Allah)
20181,0,92,6,371,1454,26.338056,76.151944,1.0,0,0.0,1,0,1,1,1629,92.0,0,5,1.0,0,0.0,Sikh Extremists
11174,0,45,3,269,1077,7.116294,-73.120026,1.0,0,1.0,1,0,3,15,1203,45.0,0,6,0.0,1,0.0,National Liberation Army of Colombia (ELN)
25632,0,92,6,368,1448,28.690073,77.213982,1.0,0,0.0,1,0,3,15,1615,92.0,0,6,5.0,1,0.0,Sikh Extremists
14961,0,145,2,318,1222,13.62679,-85.8254,1.0,0,0.0,1,0,2,4,672,145.0,0,5,1.0,1,0.0,Nicaraguan Democratic Force (FDN)
29978,0,186,6,207,852,7.301756,81.67473,3.0,0,0.0,1,0,1,14,956,186.0,0,5,2.0,0,0.0,Liberation Tigers of Tamil Eelam (LTTE)
32425,0,45,3,269,1074,7.062532,-73.085812,1.0,0,0.0,1,0,3,2,1199,45.0,0,6,0.0,1,0.0,National Liberation Army of Colombia (ELN)
75637,0,209,10,191,802,38.292876,41.022436,1.0,1,0.0,1,0,3,4,48,209.0,0,6,1.0,1,0.0,Kurdistan Workers' Party (PKK)
21332,0,43,3,218,914,-33.366238,-70.505302,1.0,0,0.0,1,0,1,3,1067,43.0,0,5,2.0,0,0.0,Manuel Rodriguez Patriotic Front (FPMR)
70195,0,95,10,24,751,33.397812,43.706276,1.0,0,0.0,1,1,3,4,48,95.0,0,6,1.0,0,0.0,Islamic State of Iraq and the Levant (ISIL)
46483,0,4,6,380,1495,32.625149,62.479768,3.0,0,0.0,1,0,2,14,1680,4.0,0,5,3.0,-9,0.0,Taliban
60882,1,60,10,230,1020,31.126646,33.800865,1.0,0,0.0,1,0,6,1,1166,60.0,0,5,0.0,1,1.0,Muslim extremists
32857,0,183,11,15,74,-26.353159,28.132727,1.0,0,0.0,1,0,2,14,121,183.0,0,5,6.0,1,0.0,African National Congress (South Africa)
46867,0,92,6,104,350,22.609739,87.253142,1.0,0,0.0,1,0,7,22,186,92.0,0,11,0.0,1,0.0,Communist Party of India - Maoist (CPI-Maoist)
11881,0,145,2,326,1250,12.481654,-87.173207,1.0,0,0.0,1,0,7,1,1353,145.0,0,5,0.0,1,0.0,Nicaraguan Democratic Force (FDN)
19794,0,185,8,68,256,43.272167,-2.832167,1.0,0,0.0,1,0,7,19,398,185.0,0,8,0.0,1,0.0,Basque Fatherland and Freedom (ETA)
13954,0,183,11,15,57,-26.184113,28.033232,1.0,0,0.0,1,0,3,1,114,183.0,0,6,0.0,1,0.0,African National Congress (South Africa)
63602,0,41,11,146,600,5.965833,20.528484,1.0,0,1.0,1,0,2,14,459,41.0,0,5,15.0,1,0.0,Fulani extremists
7708,0,603,8,161,694,54.607712,-5.95621,1.0,0,0.0,1,0,2,3,837,233.0,0,5,1.0,0,0.0,Irish Republican Army (IRA)
61923,0,160,5,289,1161,7.837468,125.611574,2.0,0,0.0,1,0,3,4,1298,160.0,0,6,2.0,0,0.0,New People's Army (NPA)
77549,0,60,10,230,1009,31.212225,34.117065,1.0,1,0.0,0,0,3,20,6,60.0,0,6,0.0,0,0.0,Muslim extremists
25965,0,159,3,224,926,-11.967368,-76.978462,1.0,0,1.0,1,0,2,19,56,159.0,0,8,0.0,1,0.0,Shining Path (SL)
18322,0,159,3,224,926,-11.967368,-76.978462,1.0,0,0.0,1,0,3,2,1801,159.0,0,6,0.0,1,0.0,Tupac Amaru Revolutionary Movement (MRTA)
81531,0,95,10,24,764,33.423328,41.125052,3.0,0,0.0,0,1,3,20,6,95.0,0,6,0.0,0,0.0,Islamic State of Iraq and the Levant (ISIL)
30715,0,209,10,182,787,37.253172,43.612234,1.0,1,0.0,1,0,2,4,291,209.0,0,5,3.0,1,0.0,Kurdistan Workers' Party (PKK)
36828,0,186,6,207,853,8.577826,81.218719,1.0,0,0.0,1,0,3,3,973,186.0,0,6,3.0,1,0.0,Liberation Tigers of Tamil Eelam (LTTE)
8387,0,69,8,112,450,43.529742,5.447427,1.0,0,0.0,1,0,3,14,618,69.0,0,6,0.0,1,0.0,Corsican National Liberation Front (FLNC)
80687,0,95,10,29,115,36.354145,43.14357,1.0,0,0.0,1,1,3,4,48,95.0,0,6,13.0,1,0.0,Islamic State of Iraq and the Levant (ISIL)
20473,0,45,3,270,1081,1.878548,-76.267099,3.0,0,0.0,1,0,3,19,1208,45.0,0,6,0.0,1,0.0,National Liberation Army of Colombia (ELN)
15949,0,45,3,271,1083,7.08582,-70.75779,1.0,0,1.0,1,0,7,21,1210,45.0,0,8,2.0,1,0.0,National Liberation Army of Colombia (ELN)
32763,0,209,10,175,758,41.106178,28.689863,1.0,0,0.0,1,0,3,14,917,209.0,0,6,2.0,1,0.0,Kurdistan Workers' Party (PKK)
58391,0,182,11,53,186,2.059819,45.326115,1.0,0,1.0,1,0,3,2,311,182.0,0,6,0.0,0,0.0,Al-Shabaab
30393,0,209,10,195,807,37.69458,37.861114,1.0,0,0.0,1,0,2,4,332,209.0,0,5,3.0,1,0.0,Kurdistan Workers' Party (PKK)
36991,1,45,3,265,1084,6.978951,-75.296249,1.0,0,1.0,1,0,6,2,1211,45.0,0,5,1.0,0,1.0,National Liberation Army of Colombia (ELN)
40346,0,93,5,246,1033,-6.208821,106.846046,1.0,0,0.0,0,0,3,7,1033,217.0,0,6,1.0,-9,0.0,Muslim extremists
35175,0,185,8,71,237,40.465595,-3.696263,1.0,0,0.0,0,0,3,1,362,69.0,0,6,0.0,1,0.0,Basque Fatherland and Freedom (ETA)
26878,0,186,6,211,873,7.939525,81.000963,1.0,0,0.0,1,0,3,19,974,186.0,0,6,0.0,1,0.0,Liberation Tigers of Tamil Eelam (LTTE)
21298,0,160,5,6,24,6.633477,124.600515,4.0,0,0.0,1,0,2,4,1276,160.0,0,5,4.0,1,0.0,New People's Army (NPA)
21946,0,43,3,218,914,-33.366238,-70.505302,1.0,0,0.0,1,0,2,2,1066,43.0,0,5,0.0,1,0.0,Manuel Rodriguez Patriotic Front (FPMR)
16036,0,159,3,353,1401,-9.929478,-76.239738,1.0,0,0.0,1,0,3,2,1568,159.0,0,6,1.0,1,0.0,Shining Path (SL)
52117,0,228,10,42,151,13.219398,45.307838,1.0,1,0.0,1,0,2,4,274,228.0,0,5,25.0,1,0.0,Al-Qaida in the Arabian Peninsula (AQAP)
30175,0,183,11,14,79,-30.050385,30.881266,1.0,1,0.0,1,0,2,22,131,183.0,0,5,6.0,1,0.0,African National Congress (South Africa)
31053,0,209,10,181,801,37.522653,42.452637,1.0,0,0.0,1,0,2,4,912,209.0,0,5,2.0,1,0.0,Kurdistan Workers' Party (PKK)
60639,0,147,11,91,288,10.890928,13.627589,1.0,0,1.0,1,0,7,15,442,147.0,0,8,0.0,1,0.0,Boko Haram
62040,0,228,10,40,150,15.914915,48.650745,1.0,0,0.0,0,0,1,4,233,228.0,0,5,0.0,0,0.0,Al-Qaida in the Arabian Peninsula (AQAP)
67026,0,147,11,141,623,7.408062,10.0759,2.0,0,1.0,1,0,2,14,27,147.0,0,5,5.0,1,0.0,Fulani extremists
54069,0,153,6,402,1573,34.007206,71.983078,1.0,0,0.0,1,0,3,4,1729,153.0,0,6,0.0,-9,0.0,Tehrik-i-Taliban Pakistan (TTP)
17464,0,145,2,317,24,13.091683,-86.000314,4.0,0,0.0,1,0,3,4,1340,145.0,0,6,18.0,1,0.0,Nicaraguan Democratic Force (FDN)
16263,0,159,3,354,1385,-13.152712,-74.218628,1.0,0,0.0,1,0,3,2,1537,159.0,0,6,0.0,1,0.0,Shining Path (SL)
59817,0,92,6,103,982,18.701834,80.994267,1.0,0,0.0,1,0,2,3,85,92.0,0,5,1.0,0,0.0,Maoists
13655,0,145,2,320,1206,13.41367,-86.398163,1.0,0,0.0,1,0,3,2,1331,145.0,0,5,1.0,1,0.0,Nicaraguan Democratic Force (FDN)
46988,0,4,6,394,1546,34.346722,62.197315,1.0,0,0.0,1,0,3,6,1711,4.0,0,6,0.0,0,0.0,Taliban
53095,0,228,10,43,149,15.325443,44.211895,1.0,0,0.0,1,0,1,2,267,228.0,0,5,1.0,0,0.0,Al-Qaida in the Arabian Peninsula (AQAP)
13516,0,159,3,224,926,-11.967368,-76.978462,1.0,0,0.0,0,0,7,1,1803,159.0,0,8,0.0,1,0.0,Tupac Amaru Revolutionary Movement (MRTA)
54941,0,228,10,42,147,13.560833,46.156389,1.0,0,0.0,1,0,2,17,232,228.0,0,5,1.0,0,0.0,Al-Qaida in the Arabian Peninsula (AQAP)
22040,0,186,6,207,850,7.733107,81.68882,1.0,0,0.0,1,0,3,1,976,186.0,0,6,0.0,1,0.0,Liberation Tigers of Tamil Eelam (LTTE)
69309,0,147,11,88,315,11.640027,11.335048,1.0,0,1.0,1,0,3,2,469,147.0,0,6,0.0,1,0.0,Boko Haram
23290,1,159,3,224,926,-11.967368,-76.978462,1.0,0,0.0,1,0,6,10,1830,159.0,0,5,1.0,0,1.0,Tupac Amaru Revolutionary Movement (MRTA)
68608,0,160,5,281,1158,8.058913,125.861375,1.0,0,0.0,1,0,3,4,12,160.0,0,6,0.0,0,0.0,New People's Army (NPA)
72107,0,92,6,103,958,18.487408,80.974881,1.0,1,0.0,1,0,3,4,12,92.0,0,6,0.0,0,0.0,Maoists
55545,0,182,11,50,183,3.115641,43.64658,1.0,0,0.0,1,0,3,4,250,65.0,0,6,1.0,-9,0.0,Al-Shabaab
59350,0,228,10,38,144,12.825647,44.846416,1.0,0,0.0,1,1,3,4,217,228.0,0,6,11.0,1,0.0,Al-Qaida in the Arabian Peninsula (AQAP)
10126,0,61,2,121,531,13.6,-87.76667,1.0,0,0.0,1,0,3,14,690,61.0,0,5,58.0,1,1.0,Farabundo Marti National Liberation Front (FMLN)
48652,0,4,6,381,1542,34.417538,70.323938,1.0,0,0.0,1,0,3,2,1696,4.0,0,6,0.0,0,0.0,Taliban
62276,0,147,11,86,290,12.394185,13.830873,2.0,1,1.0,1,0,2,14,27,147.0,0,5,2.0,1,0.0,Boko Haram
13770,0,69,8,110,24,41.919593,8.737687,4.0,0,1.0,1,0,3,1,583,69.0,0,6,0.0,1,0.0,Corsican National Liberation Front (FLNC)
9351,0,61,2,127,24,13.864829,-88.7494,4.0,0,0.0,1,0,2,4,672,61.0,0,5,76.0,1,0.0,Farabundo Marti National Liberation Front (FMLN)
67858,0,160,5,294,1167,14.276771,122.705349,1.0,0,1.0,1,0,2,3,85,160.0,0,5,0.0,1,0.0,New People's Army (NPA)
22472,0,92,6,366,1445,31.633078,74.878288,1.0,1,0.0,1,0,2,3,332,92.0,0,5,1.0,1,0.0,Sikh Extremists
42204,1,95,10,25,108,33.303566,44.371773,1.0,0,0.0,1,0,6,7,197,6.0,0,5,2.0,0,1.0,Al-Qaida in Iraq
78859,0,92,6,107,369,18.13776,82.686184,2.0,0,0.0,1,0,6,14,510,92.0,0,5,1.0,0,1.0,Communist Party of India - Maoist (CPI-Maoist)
72410,0,228,10,152,659,13.586484,44.024105,1.0,0,0.0,1,0,3,14,751,228.0,0,6,5.0,-9,0.0,Houthi extremists (Ansar Allah)
62579,0,147,11,138,574,8.198372,8.295129,2.0,0,1.0,1,0,2,14,27,147.0,0,5,15.0,1,0.0,Fulani extremists
53620,0,209,10,196,24,38.685904,43.875794,4.0,0,0.0,1,0,7,8,51,209.0,0,8,0.0,1,0.0,Kurdistan Workers' Party (PKK)
64197,0,113,10,237,1024,32.521721,11.916862,1.0,0,0.0,1,0,3,17,1157,113.0,0,6,1.0,-9,0.0,Muslim extremists
12857,0,159,3,224,926,-11.967368,-76.978462,1.0,0,0.0,1,0,5,10,425,217.0,0,5,0.0,1,1.0,Tupac Amaru Revolutionary Movement (MRTA)
42319,0,209,10,171,799,36.976667,36.738466,3.0,1,0.0,1,0,3,19,910,209.0,0,6,0.0,1,0.0,Kurdistan Workers' Party (PKK)
28068,0,159,3,352,1636,-11.253812,-75.580068,1.0,0,0.0,1,0,2,4,332,159.0,0,5,8.0,1,0.0,Tupac Amaru Revolutionary Movement (MRTA)
74484,0,153,6,378,1491,30.200819,66.994354,1.0,0,0.0,1,0,3,3,1747,153.0,0,6,1.0,1,0.0,Tehrik-i-Taliban Pakistan (TTP)
49235,0,147,11,86,276,10.6111,12.195,1.0,0,0.0,1,0,2,3,441,147.0,0,5,1.0,-9,0.0,Boko Haram
15500,0,183,11,15,57,-26.184113,28.033232,1.0,0,0.0,1,0,3,14,103,183.0,0,6,0.0,1,0.0,African National Congress (South Africa)
73039,0,147,11,137,602,7.871944,8.008333,1.0,0,1.0,1,0,2,14,27,147.0,0,5,50.0,1,0.0,Fulani extremists
8742,0,110,10,336,1280,33.888523,35.503513,1.0,0,0.0,1,0,3,7,1426,69.0,0,6,0.0,1,0.0,Palestinians
53206,0,95,10,30,111,35.45211,44.375465,1.0,1,1.0,1,0,3,14,13,95.0,0,6,3.0,0,0.0,Al-Qaida in Iraq
29170,0,97,10,335,1293,32.409504,35.28063,1.0,0,0.0,1,0,1,14,1396,155.0,0,5,1.0,0,0.0,Palestinians
28693,0,61,2,123,526,13.938518,-88.901366,1.0,0,1.0,1,0,3,21,688,61.0,0,6,0.0,1,0.0,Farabundo Marti National Liberation Front (FMLN)
18889,0,92,6,365,1457,29.420166,77.784542,1.0,0,0.0,1,0,2,3,1579,92.0,0,5,0.0,1,0.0,Sikh Extremists
47085,0,92,6,103,377,18.446111,81.166667,1.0,0,0.0,1,0,3,3,520,92.0,0,6,0.0,-9,0.0,Communist Party of India - Maoist (CPI-Maoist)
61075,0,4,6,386,1544,31.889889,64.750946,1.0,0,0.0,1,0,2,3,1709,4.0,0,5,6.0,0,0.0,Taliban
69357,0,209,10,184,823,37.420683,41.350359,1.0,0,0.0,1,0,2,3,930,209.0,0,5,1.0,0,0.0,Kurdistan Workers' Party (PKK)
43945,0,95,10,28,113,34.208416,43.890713,1.0,0,1.0,1,0,3,15,207,95.0,0,6,0.0,1,0.0,Al-Qaida in Iraq
62658,0,147,11,145,612,12.166918,6.674397,1.0,0,1.0,1,0,6,14,27,147.0,0,5,2.0,1,1.0,Fulani extremists
11748,0,145,2,326,1223,12.96361,-86.81472,1.0,0,0.0,1,0,3,21,1339,145.0,0,6,1.0,1,0.0,Nicaraguan Democratic Force (FDN)
73283,0,182,11,55,189,-0.357847,42.54665,1.0,0,1.0,1,0,3,14,308,182.0,0,6,3.0,1,0.0,Al-Shabaab
12946,0,145,2,324,1213,11.949718,-86.128692,1.0,1,0.0,1,0,2,14,1333,145.0,0,5,0.0,1,0.0,Nicaraguan Democratic Force (FDN)
18725,0,186,6,209,868,8.738157,80.477147,3.0,0,0.0,1,0,2,22,332,186.0,0,5,3.0,1,0.0,Liberation Tigers of Tamil Eelam (LTTE)
25079,0,92,6,366,1442,30.34,76.38,1.0,0,0.0,1,0,3,15,1615,92.0,0,6,4.0,1,0.0,Sikh Extremists
16465,0,183,11,15,76,-26.252697,27.870275,1.0,0,0.0,1,0,3,2,135,183.0,0,6,0.0,1,0.0,African National Congress (South Africa)
53253,0,69,8,110,24,41.918891,8.737554,4.0,0,1.0,1,0,3,1,614,238.0,0,6,0.0,1,0.0,Corsican National Liberation Front (FLNC)
78557,0,4,6,377,1524,31.619314,65.050156,1.0,0,1.0,1,0,2,3,234,4.0,0,5,22.0,-9,0.0,Taliban
35125,0,159,3,224,926,-11.967368,-76.978462,1.0,0,0.0,1,0,1,14,1549,159.0,0,5,1.0,0,0.0,Shining Path (SL)
15653,0,159,3,352,1425,-12.068306,-75.210163,3.0,0,0.0,1,0,3,1,1818,159.0,0,6,0.0,1,0.0,Tupac Amaru Revolutionary Movement (MRTA)
61622,0,214,9,118,482,48.327225,38.025673,1.0,1,0.0,1,0,3,4,653,214.0,0,6,0.0,1,0.0,Donetsk People's Republic
32101,0,45,3,348,914,1.14646,-77.00389,1.0,0,0.0,1,0,2,4,332,45.0,0,5,8.0,1,0.0,Revolutionary Armed Forces of Colombia (FARC)
12624,0,183,11,15,57,-26.184113,28.033232,1.0,0,0.0,1,0,3,2,96,183.0,0,6,0.0,1,0.0,African National Congress (South Africa)
37157,0,160,5,5,23,7.083241,125.600998,1.0,0,1.0,1,0,3,19,24,160.0,0,6,0.0,1,0.0,Abu Sayyaf Group (ASG)
1911,0,603,8,39,711,52.405838,-1.512661,1.0,0,0.0,0,0,3,17,819,233.0,0,6,1.0,1,0.0,Irish Republican Army (IRA)
10204,0,61,2,130,524,13.805691,-88.145787,1.0,0,0.0,1,0,2,4,683,61.0,0,5,1.0,1,0.0,Farabundo Marti National Liberation Front (FMLN)
73006,1,228,10,40,153,14.54397,49.12458,1.0,0,0.0,1,0,6,2,259,228.0,0,5,1.0,0,1.0,Al-Qaida in the Arabian Peninsula (AQAP)
49127,0,92,6,102,361,23.075278,85.278889,3.0,0,0.0,1,0,1,14,503,92.0,0,5,1.0,-9,1.0,Communist Party of India - Maoist (CPI-Maoist)
78555,0,92,6,103,383,18.391012,81.656929,1.0,0,0.0,1,0,2,14,526,92.0,0,9,1.0,0,0.0,Communist Party of India - Maoist (CPI-Maoist)
19085,0,160,5,7,1111,7.515731,123.172442,3.0,0,0.0,1,0,2,4,1264,160.0,0,5,4.0,1,0.0,New People's Army (NPA)
5767,0,69,8,111,52,48.856644,2.34233,1.0,0,0.0,1,0,3,8,622,69.0,0,6,0.0,1,0.0,Corsican National Liberation Front (FLNC)
61815,0,182,11,53,186,2.059819,45.326115,1.0,0,0.0,1,0,2,4,189,182.0,0,5,1.0,0,0.0,Al-Shabaab
39993,0,141,6,208,971,29.231273,80.650008,1.0,0,0.0,1,0,3,2,1120,141.0,0,6,0.0,1,0.0,Maoists
13852,0,61,2,131,24,13.447063,-88.556531,4.0,0,1.0,1,0,3,21,685,61.0,0,6,0.0,1,0.0,Farabundo Marti National Liberation Front (FMLN)
47281,0,92,6,103,371,20.514853,80.904182,2.0,0,0.0,1,0,2,3,512,92.0,0,5,1.0,0,0.0,Communist Party of India - Maoist (CPI-Maoist)
77351,0,92,6,106,946,19.583449,83.501022,1.0,0,0.0,1,0,3,3,85,92.0,0,6,0.0,1,0.0,Maoists
30461,0,186,6,207,877,9.18158,80.846082,1.0,0,0.0,1,0,2,4,332,186.0,0,5,7.0,1,0.0,Liberation Tigers of Tamil Eelam (LTTE)
69538,0,209,10,186,789,40.871254,43.458685,1.0,1,0.0,1,0,3,4,48,209.0,0,6,4.0,-9,0.0,Kurdistan Workers' Party (PKK)
67667,0,228,10,38,144,12.825647,44.846416,1.0,0,0.0,1,0,7,22,217,228.0,0,5,0.0,1,0.0,Houthi extremists (Ansar Allah)
13910,0,145,2,321,1238,12.10629,-85.36452,1.0,0,0.0,1,0,2,2,1347,145.0,0,5,0.0,1,0.0,Nicaraguan Democratic Force (FDN)
51020,0,92,6,103,942,18.184536,81.411415,1.0,0,0.0,1,0,3,3,1099,92.0,0,6,2.0,1,0.0,Maoists
5444,0,97,10,337,1283,31.771599,35.2034,1.0,0,0.0,1,0,3,2,1407,97.0,0,6,1.0,1,0.0,Palestinians
33404,0,185,8,76,24,42.695391,-1.676069,4.0,0,0.0,1,0,3,19,391,185.0,0,6,0.0,1,0.0,Basque Fatherland and Freedom (ETA)
29490,0,69,8,113,443,48.113475,-1.675708,1.0,0,1.0,1,0,3,2,598,69.0,0,6,0.0,1,0.0,Corsican National Liberation Front (FLNC)
42551,0,45,3,265,1328,6.1429,-75.18417,1.0,0,0.0,1,0,3,4,1472,45.0,0,6,4.0,-9,0.0,Revolutionary Armed Forces of Colombia (FARC)
31892,0,97,10,337,1283,31.771599,35.2034,1.0,0,0.0,0,0,1,8,1378,97.0,0,9,0.0,0,0.0,Palestinians
