,extended,vicinity,multiple,success,suicide,attacktype1,targtype1,target1,individual,weaptype1,nkill,property,ishostkid,gname
0,0,0,0.0,1,0,3,2,1533,0,6,0.0,1,0.0,Shining Path (SL)
1,0,0,0.0,0,0,3,20,6,0,6,0.0,0,0.0,Abu Sayyaf Group (ASG)
2,0,0,0.0,1,0,2,4,672,0,5,0.0,1,0.0,Liberation Tigers of Tamil Eelam (LTTE)
3,0,1,1.0,1,0,2,19,56,0,8,0.0,1,0.0,Revolutionary Armed Forces of Colombia (FARC)
4,0,0,0.0,1,0,1,2,485,0,9,1.0,-9,1.0,Communist Party of India - Maoist (CPI-Maoist)
5,0,0,0.0,1,0,2,1,1236,0,5,3.0,1,0.0,National Liberation Army of Colombia (ELN)
6,0,0,0.0,1,0,3,2,125,0,6,0.0,1,0.0,African National Congress (South Africa)
7,0,0,0.0,1,0,7,1,1353,0,5,0.0,1,0.0,Nicaraguan Democratic Force (FDN)
8,0,0,0.0,1,0,3,3,349,0,6,2.0,1,0.0,Basque Fatherland and Freedom (ETA)
9,0,0,0.0,1,0,5,14,1265,0,5,0.0,1,1.0,New People's Army (NPA)
10,0,0,0.0,0,0,1,2,408,0,8,0.0,0,0.0,Basque Fatherland and Freedom (ETA)
11,0,0,0.0,1,0,3,21,1540,0,6,1.0,1,0.0,Shining Path (SL)
12,0,0,0.0,0,0,3,14,1391,0,6,0.0,1,0.0,Palestinians
13,0,0,0.0,1,0,3,4,0,0,6,0.0,-9,0.0,Houthi extremists (Ansar Allah)
14,0,0,0.0,1,0,3,14,906,0,6,0.0,1,0.0,Kurdistan Workers' Party (PKK)
15,0,0,1.0,1,0,2,14,13,0,5,2.0,0,0.0,Fulani extremists
16,0,0,0.0,1,0,3,15,192,0,6,0.0,0,0.0,Al-Qaida in Iraq
17,0,0,0.0,1,0,3,1,120,0,6,0.0,1,0.0,African National Congress (South Africa)
18,0,0,0.0,1,1,3,4,273,0,6,1.0,0,0.0,Al-Qaida in the Arabian Peninsula (AQAP)
19,0,0,1.0,1,1,3,1,203,0,6,20.0,1,0.0,Al-Qaida in Iraq
20,0,0,0.0,1,0,1,2,1630,0,5,2.0,0,0.0,Sikh Extremists
21,0,0,0.0,1,0,3,3,1030,0,6,0.0,1,0.0,Manuel Rodriguez Patriotic Front (FPMR)
22,0,0,1.0,1,0,7,6,425,0,9,0.0,1,0.0,Kurdistan Workers' Party (PKK)
23,0,0,1.0,0,0,2,1,268,0,5,0.0,0,0.0,Al-Qaida in the Arabian Peninsula (AQAP)
24,0,1,0.0,1,0,3,19,1357,0,5,3.0,1,0.0,Nicaraguan Democratic Force (FDN)
25,0,0,0.0,1,0,1,8,919,0,5,4.0,0,0.0,Kurdistan Workers' Party (PKK)
26,0,0,1.0,0,0,3,18,43,0,6,0.0,0,0.0,Abu Sayyaf Group (ASG)
27,0,0,0.0,1,0,3,2,495,0,6,0.0,1,0.0,Communist Party of India - Maoist (CPI-Maoist)
28,0,0,0.0,1,0,7,1,1268,0,8,0.0,1,0.0,New People's Army (NPA)
29,0,0,0.0,1,0,3,1,635,0,6,0.0,1,0.0,Irish Republican Army (IRA)
30,0,1,0.0,1,0,3,2,1122,0,6,0.0,1,0.0,Maoists
31,0,0,1.0,1,0,3,10,1804,0,5,0.0,1,0.0,Tupac Amaru Revolutionary Movement (MRTA)
32,0,0,0.0,0,1,3,4,48,0,6,15.0,0,0.0,Islamic State of Iraq and the Levant (ISIL)
33,1,0,0.0,1,0,6,1,1496,0,5,0.0,0,1.0,Revolutionary Armed Forces of Colombia (FARC)
34,0,0,0.0,1,0,2,3,1140,0,8,3.0,1,0.0,Taliban
35,0,0,0.0,1,0,3,3,486,0,6,1.0,-9,0.0,Communist Party of India - Maoist (CPI-Maoist)
36,0,0,0.0,1,0,2,14,447,0,6,0.0,-9,0.0,Houthi extremists (Ansar Allah)
37,0,0,0.0,1,0,2,4,678,0,5,1.0,1,0.0,Nicaraguan Democratic Force (FDN)
38,0,0,1.0,1,0,3,2,403,0,6,0.0,1,0.0,Corsican National Liberation Front (FLNC)
39,0,0,0.0,1,0,1,1,1633,0,5,1.0,0,0.0,Sikh Extremists
40,0,0,0.0,1,0,3,4,769,0,6,0.0,1,0.0,Houthi extremists (Ansar Allah)
41,0,0,0.0,1,0,3,19,650,0,6,2.0,1,0.0,Donetsk People's Republic
42,0,0,0.0,1,0,3,21,674,0,6,0.0,1,0.0,Farabundo Marti National Liberation Front (FMLN)
43,0,0,0.0,1,0,3,4,108,0,6,0.0,1,0.0,African National Congress (South Africa)
44,0,0,0.0,1,0,3,14,890,0,6,2.0,-9,0.0,Islamic State of Iraq and the Levant (ISIL)
45,0,0,0.0,1,0,3,14,190,0,6,0.0,1,0.0,Al-Qaida in Iraq
46,0,0,1.0,1,0,7,14,27,0,8,2.0,1,0.0,Fulani extremists
47,0,0,0.0,1,0,1,14,784,0,5,1.0,0,0.0,Irish Republican Army (IRA)
48,0,1,0.0,1,0,2,19,296,0,5,5.0,1,0.0,Al-Shabaab
49,0,0,0.0,0,1,3,1,888,0,6,0.0,0,0.0,Islamic State of Iraq and the Levant (ISIL)
50,0,0,0.0,1,0,3,4,787,0,6,1.0,1,0.0,Irish Republican Army (IRA)
51,0,0,0.0,1,0,3,19,395,0,6,0.0,1,0.0,Basque Fatherland and Freedom (ETA)
52,0,0,0.0,1,0,2,4,369,0,5,0.0,1,0.0,Basque Fatherland and Freedom (ETA)
53,0,0,0.0,1,0,2,14,1732,0,5,1.0,0,0.0,Tehrik-i-Taliban Pakistan (TTP)
54,0,0,0.0,1,0,2,3,1480,0,5,0.0,1,0.0,Revolutionary Armed Forces of Colombia (FARC)
55,0,0,0.0,1,0,3,21,97,0,6,1.0,1,0.0,African National Congress (South Africa)
56,0,0,0.0,1,0,2,3,507,0,5,5.0,0,0.0,Communist Party of India - Maoist (CPI-Maoist)
57,0,0,0.0,1,0,7,1,514,0,5,0.0,1,0.0,Communist Party of India - Maoist (CPI-Maoist)
58,0,0,1.0,1,0,3,3,872,0,6,0.0,1,0.0,Islamic State of Iraq and the Levant (ISIL)
59,0,0,0.0,1,0,1,14,817,0,5,1.0,0,0.0,Irish Republican Army (IRA)
60,0,0,1.0,1,0,2,3,234,0,5,22.0,-9,0.0,Taliban
61,0,0,0.0,1,0,3,14,1735,0,6,0.0,1,0.0,Tehrik-i-Taliban Pakistan (TTP)
62,0,0,0.0,1,0,2,4,672,0,5,1.0,1,0.0,Farabundo Marti National Liberation Front (FMLN)
63,0,0,1.0,1,0,2,8,733,0,5,2.0,-9,0.0,Fulani extremists
64,0,0,0.0,1,0,2,8,1648,0,5,0.0,1,0.0,Sikh Extremists
65,0,0,0.0,1,0,1,3,1503,0,5,2.0,0,0.0,Revolutionary Armed Forces of Colombia (FARC)
66,0,0,1.0,1,0,2,4,1679,0,5,0.0,1,0.0,Taliban
67,0,0,1.0,1,0,3,10,1804,0,5,0.0,1,0.0,Tupac Amaru Revolutionary Movement (MRTA)
68,0,0,1.0,1,0,3,1,6,0,6,5.0,1,0.0,Abu Sayyaf Group (ASG)
69,0,0,0.0,1,0,3,4,250,0,6,45.0,-9,0.0,Boko Haram
70,0,0,0.0,1,0,2,4,332,0,5,4.0,1,0.0,Kurdistan Workers' Party (PKK)
71,0,0,0.0,1,0,3,15,1203,0,6,0.0,1,0.0,National Liberation Army of Colombia (ELN)
72,0,0,0.0,1,0,3,1,590,0,6,0.0,1,0.0,Corsican National Liberation Front (FLNC)
73,0,0,0.0,1,0,1,7,1158,0,5,3.0,0,0.0,Muslim extremists
74,0,0,1.0,1,0,2,4,48,0,6,1.0,1,0.0,Taliban
75,0,0,0.0,1,0,3,8,51,0,6,3.0,-9,0.0,Muslim extremists
76,0,1,0.0,1,0,3,3,1093,0,6,0.0,0,0.0,Maoists
77,1,0,0.0,1,0,6,14,545,0,5,0.0,0,1.0,Communist Party of India - Maoist (CPI-Maoist)
78,0,0,1.0,1,0,3,1,1164,0,6,0.0,0,0.0,Muslim extremists
79,0,0,0.0,1,0,3,1,37,0,6,0.0,-9,0.0,Abu Sayyaf Group (ASG)
80,0,0,1.0,1,0,2,3,20,0,5,4.0,0,0.0,Al-Qaida in Iraq
81,0,0,0.0,1,0,3,21,1228,0,6,0.0,1,0.0,National Liberation Army of Colombia (ELN)
82,0,0,1.0,1,0,3,21,231,0,6,0.0,1,0.0,Al-Qaida in the Arabian Peninsula (AQAP)
83,0,1,0.0,1,0,3,4,882,0,6,0.0,1,0.0,Islamic State of Iraq and the Levant (ISIL)
84,0,0,0.0,1,0,2,3,282,0,5,0.0,-9,0.0,Muslim extremists
85,0,0,1.0,1,0,3,1,1037,0,6,0.0,1,0.0,Manuel Rodriguez Patriotic Front (FPMR)
86,0,0,0.0,1,0,2,4,672,0,5,75.0,1,0.0,Nicaraguan Democratic Force (FDN)
87,0,0,0.0,1,0,3,14,447,0,6,1.0,-9,0.0,Houthi extremists (Ansar Allah)
88,0,0,0.0,1,0,2,4,672,0,5,34.0,1,0.0,Nicaraguan Democratic Force (FDN)
89,0,0,0.0,1,0,3,7,1808,0,6,0.0,1,0.0,Tupac Amaru Revolutionary Movement (MRTA)
90,0,0,0.0,1,0,3,1,816,0,6,0.0,1,0.0,Irish Republican Army (IRA)
91,0,0,1.0,1,0,3,1,578,0,6,0.0,1,0.0,Corsican National Liberation Front (FLNC)
92,0,0,0.0,1,0,1,4,368,0,5,1.0,0,0.0,Basque Fatherland and Freedom (ETA)
93,0,0,1.0,1,0,3,1,399,0,6,0.0,1,0.0,Tupac Amaru Revolutionary Movement (MRTA)
94,0,0,0.0,1,0,3,3,880,0,6,0.0,1,0.0,Islamic State of Iraq and the Levant (ISIL)
95,0,0,0.0,1,0,3,4,803,0,6,1.0,1,0.0,Irish Republican Army (IRA)
96,0,0,0.0,1,1,3,4,217,0,6,11.0,1,0.0,Al-Qaida in the Arabian Peninsula (AQAP)
97,1,0,0.0,1,0,6,14,1114,0,9,1.0,0,1.0,Maoists
98,0,1,0.0,1,0,2,4,1106,0,5,10.0,0,0.0,Maoists
99,0,0,0.0,1,0,3,4,59,0,6,0.0,1,0.0,New People's Army (NPA)
100,0,0,1.0,1,0,3,21,1035,0,6,0.0,1,0.0,Manuel Rodriguez Patriotic Front (FPMR)
101,0,0,1.0,1,1,3,14,177,0,6,4.0,1,0.0,Boko Haram
102,0,0,0.0,1,0,1,14,1616,0,5,3.0,0,0.0,Sikh Extremists
103,0,0,0.0,1,0,3,3,291,0,6,2.0,1,0.0,Sikh Extremists
104,0,1,1.0,1,0,3,9,1825,0,6,0.0,1,0.0,Tupac Amaru Revolutionary Movement (MRTA)
105,0,0,1.0,1,0,3,4,20,0,6,5.0,1,0.0,Al-Qaida in Iraq
106,0,0,0.0,1,0,2,4,672,0,5,10.0,1,0.0,Nicaraguan Democratic Force (FDN)
107,0,1,0.0,1,0,2,4,234,0,5,11.0,0,0.0,Al-Qaida in the Arabian Peninsula (AQAP)
108,0,0,0.0,1,0,3,1,695,0,6,0.0,1,0.0,Farabundo Marti National Liberation Front (FMLN)
109,0,0,0.0,1,1,3,3,200,0,6,34.0,-9,0.0,Al-Qaida in Iraq
110,0,0,1.0,1,0,2,3,20,0,5,1.0,0,0.0,Muslim extremists
111,0,0,1.0,1,0,3,21,685,0,6,0.0,1,0.0,Farabundo Marti National Liberation Front (FMLN)
112,1,0,1.0,1,0,6,14,27,0,8,1.0,1,1.0,Boko Haram
113,0,0,0.0,1,0,2,3,12,0,5,3.0,0,0.0,Boko Haram
114,0,1,0.0,1,1,3,20,6,0,6,3.0,0,0.0,Tehrik-i-Taliban Pakistan (TTP)
115,0,0,0.0,1,0,2,4,699,0,5,2.0,1,0.0,Farabundo Marti National Liberation Front (FMLN)
116,0,0,0.0,1,0,3,4,698,0,6,0.0,1,0.0,Farabundo Marti National Liberation Front (FMLN)
117,0,0,0.0,1,0,1,14,823,0,5,1.0,0,0.0,Irish Republican Army (IRA)
118,0,0,0.0,1,0,8,8,742,0,9,0.0,0,0.0,Houthi extremists (Ansar Allah)
119,0,0,0.0,1,1,3,17,876,0,6,78.0,1,0.0,Islamic State of Iraq and the Levant (ISIL)
120,0,0,0.0,1,0,1,2,1504,0,5,2.0,0,0.0,Revolutionary Armed Forces of Colombia (FARC)
121,0,0,1.0,1,0,3,1,399,0,6,0.0,1,0.0,Tupac Amaru Revolutionary Movement (MRTA)
122,0,0,1.0,1,0,3,14,182,0,6,14.0,0,0.0,Al-Qaida in Iraq
123,0,0,0.0,1,0,2,4,672,0,5,3.0,1,0.0,Liberation Tigers of Tamil Eelam (LTTE)
124,0,0,1.0,1,0,3,14,13,0,6,0.0,0,0.0,Islamic State of Iraq and the Levant (ISIL)
125,0,0,0.0,1,0,2,4,1214,0,5,1.0,1,0.0,National Liberation Army of Colombia (ELN)
126,0,0,0.0,1,0,3,14,515,0,6,0.0,1,0.0,Communist Party of India - Maoist (CPI-Maoist)
127,0,0,0.0,1,0,3,4,48,0,6,0.0,0,0.0,Taliban
128,0,0,0.0,0,1,1,2,248,0,6,1.0,1,0.0,Al-Qaida in the Arabian Peninsula (AQAP)
129,0,1,0.0,1,0,2,4,258,0,5,11.0,1,0.0,Kurdistan Workers' Party (PKK)
130,0,0,0.0,1,0,2,4,332,0,5,8.0,1,0.0,Liberation Tigers of Tamil Eelam (LTTE)
131,0,0,0.0,1,0,3,4,312,0,6,0.0,1,0.0,Al-Shabaab
132,0,0,0.0,1,0,2,4,189,0,5,1.0,1,0.0,Al-Shabaab
133,0,0,0.0,1,0,3,12,1691,0,6,2.0,1,0.0,Taliban
134,0,0,1.0,1,0,3,14,13,0,6,6.0,1,0.0,Al-Qaida in Iraq
135,0,0,0.0,1,0,1,14,734,0,5,1.0,1,0.0,Fulani extremists
136,0,0,0.0,1,0,3,1,1051,0,6,0.0,1,0.0,Manuel Rodriguez Patriotic Front (FPMR)
137,0,0,1.0,1,0,2,14,27,0,5,2.0,1,0.0,Fulani extremists
138,0,0,0.0,1,0,7,1,315,0,8,0.0,1,0.0,Al-Shabaab
139,0,0,0.0,1,0,3,3,1026,0,6,0.0,1,0.0,Manuel Rodriguez Patriotic Front (FPMR)
140,0,0,0.0,1,0,3,1,400,0,6,0.0,1,0.0,Basque Fatherland and Freedom (ETA)
141,0,0,1.0,1,0,3,1,581,0,6,0.0,1,0.0,Corsican National Liberation Front (FLNC)
142,0,0,0.0,1,0,3,2,1064,0,6,1.0,1,0.0,Sikh Extremists
143,0,0,0.0,1,0,3,1,372,0,6,0.0,-9,0.0,Basque Fatherland and Freedom (ETA)
144,0,0,1.0,1,0,3,3,886,0,6,0.0,1,0.0,Islamic State of Iraq and the Levant (ISIL)
145,0,0,1.0,1,0,3,2,25,0,6,3.0,1,0.0,Abu Sayyaf Group (ASG)
146,0,0,1.0,1,0,3,1,1160,0,6,0.0,1,0.0,Muslim extremists
147,0,1,0.0,1,0,2,14,13,0,5,0.0,-9,0.0,Taliban
148,0,0,0.0,1,0,2,3,441,0,5,1.0,-9,0.0,Boko Haram
149,0,0,0.0,1,0,2,3,512,0,5,1.0,0,0.0,Communist Party of India - Maoist (CPI-Maoist)
150,0,0,0.0,1,0,3,2,104,0,6,0.0,1,0.0,African National Congress (South Africa)
151,0,0,0.0,1,0,3,1,13,0,6,2.0,1,0.0,Abu Sayyaf Group (ASG)
152,0,0,0.0,1,0,7,19,398,0,8,0.0,1,0.0,Basque Fatherland and Freedom (ETA)
153,0,0,0.0,1,0,7,1,800,0,8,0.0,1,0.0,Irish Republican Army (IRA)
154,0,0,0.0,1,0,2,2,525,0,5,1.0,0,0.0,Communist Party of India - Maoist (CPI-Maoist)
155,0,0,0.0,1,0,3,2,249,0,6,0.0,1,0.0,Al-Shabaab
156,0,0,0.0,1,0,1,3,352,0,5,2.0,0,0.0,Basque Fatherland and Freedom (ETA)
157,0,0,0.0,0,0,2,3,1110,0,5,0.0,0,0.0,Maoists
158,0,0,0.0,1,0,3,3,146,0,6,0.0,1,0.0,African National Congress (South Africa)
159,0,0,1.0,1,0,7,1,658,0,5,1.0,1,0.0,Donetsk People's Republic
160,0,1,0.0,1,0,2,4,48,0,6,0.0,-9,0.0,Donetsk People's Republic
161,0,0,0.0,1,0,2,4,234,0,5,1.0,-9,0.0,New People's Army (NPA)
162,0,0,0.0,1,0,3,4,12,0,6,1.0,0,0.0,Maoists
163,0,0,0.0,1,0,2,14,1376,0,8,0.0,1,0.0,Palestinians
164,0,0,0.0,1,0,3,20,582,0,6,0.0,1,0.0,Corsican National Liberation Front (FLNC)
165,0,0,0.0,1,0,3,3,85,0,6,0.0,1,0.0,Maoists
166,0,0,0.0,1,0,2,4,20,0,5,1.0,-9,0.0,Tehrik-i-Taliban Pakistan (TTP)
167,0,0,0.0,0,0,7,2,1374,0,8,0.0,1,0.0,Palestinians
168,1,0,0.0,1,0,1,12,1168,0,5,1.0,0,1.0,Muslim extremists
169,0,1,0.0,1,0,3,3,132,0,6,0.0,1,0.0,African National Congress (South Africa)
170,0,1,0.0,0,0,2,7,206,0,5,0.0,-9,0.0,Al-Qaida in Iraq
171,0,0,0.0,1,0,3,21,1234,0,6,0.0,1,0.0,National Liberation Army of Colombia (ELN)
172,0,0,1.0,1,0,2,4,20,0,6,1.0,0,0.0,Muslim extremists
173,0,0,1.0,1,0,3,14,346,0,6,0.0,1,0.0,Islamic State of Iraq and the Levant (ISIL)
174,0,0,1.0,1,1,3,3,217,0,6,1.0,1,0.0,Al-Qaida in the Arabian Peninsula (AQAP)
175,0,0,0.0,1,0,3,1,399,0,6,1.0,1,0.0,Irish Republican Army (IRA)
176,0,0,0.0,1,0,2,14,696,0,5,1.0,1,1.0,Farabundo Marti National Liberation Front (FMLN)
177,0,0,0.0,1,0,3,2,915,0,6,1.0,1,0.0,Kurdistan Workers' Party (PKK)
178,0,0,0.0,0,0,1,2,243,0,5,0.0,1,0.0,Al-Qaida in the Arabian Peninsula (AQAP)
179,0,0,0.0,1,0,7,1,1296,0,8,0.0,1,0.0,New People's Army (NPA)
180,0,0,0.0,1,0,3,15,1399,0,6,0.0,1,0.0,Palestinians
181,0,0,0.0,1,0,2,2,1338,0,5,5.0,1,0.0,Nicaraguan Democratic Force (FDN)
182,0,0,0.0,1,0,2,4,189,0,5,1.0,0,0.0,Taliban
183,0,0,1.0,0,0,3,3,354,0,6,0.0,1,0.0,Basque Fatherland and Freedom (ETA)
184,0,0,0.0,1,0,3,1,49,0,6,2.0,-9,0.0,Abu Sayyaf Group (ASG)
185,0,0,1.0,1,0,2,14,13,0,6,17.0,0,0.0,Boko Haram
186,0,0,0.0,1,0,2,14,27,0,5,5.0,0,0.0,Fulani extremists
187,0,0,0.0,1,0,2,4,332,0,5,3.0,1,0.0,National Liberation Army of Colombia (ELN)
188,0,0,0.0,1,0,2,4,672,0,5,1.0,1,0.0,Farabundo Marti National Liberation Front (FMLN)
189,0,0,0.0,1,0,6,3,929,0,5,90.0,1,0.0,Liberation Tigers of Tamil Eelam (LTTE)
190,0,0,0.0,1,0,3,7,1411,0,6,0.0,1,0.0,Palestinians
191,0,1,0.0,1,0,7,1,918,0,5,0.0,1,0.0,Kurdistan Workers' Party (PKK)
192,0,0,1.0,1,0,1,14,1404,0,5,1.0,0,0.0,Palestinians
193,0,0,0.0,0,0,3,20,6,0,6,0.0,0,0.0,Maoists
194,0,0,0.0,0,0,3,20,6,0,6,0.0,0,0.0,Islamic State of Iraq and the Levant (ISIL)
195,0,0,0.0,1,0,2,4,291,0,5,9.0,0,0.0,Taliban
196,0,0,0.0,1,0,2,4,332,0,5,19.0,1,0.0,Kurdistan Workers' Party (PKK)
197,0,0,0.0,1,0,3,4,217,0,6,0.0,0,0.0,Houthi extremists (Ansar Allah)
198,0,0,1.0,1,0,2,14,27,0,5,2.0,1,0.0,Fulani extremists
199,0,0,1.0,1,0,2,14,802,0,5,0.0,0,0.0,Irish Republican Army (IRA)
200,0,0,0.0,1,0,3,3,825,0,6,1.0,1,0.0,Irish Republican Army (IRA)
201,0,0,0.0,1,0,3,1,818,0,6,0.0,1,0.0,Irish Republican Army (IRA)
202,0,0,0.0,1,0,3,14,1414,0,6,0.0,1,0.0,Palestinians
203,0,0,0.0,1,0,3,14,1390,0,6,0.0,1,0.0,Palestinians
204,0,0,0.0,1,0,2,4,332,0,5,1.0,1,0.0,Kurdistan Workers' Party (PKK)
205,0,1,0.0,1,0,3,4,1119,0,6,0.0,0,0.0,Maoists
206,0,0,0.0,1,0,3,14,962,0,6,8.0,1,0.0,Liberation Tigers of Tamil Eelam (LTTE)
207,0,0,0.0,1,0,6,2,1121,0,5,0.0,0,1.0,Maoists
208,1,0,0.0,1,0,6,14,1293,0,5,1.0,0,1.0,New People's Army (NPA)
209,0,0,1.0,1,0,2,14,1557,0,5,0.0,1,0.0,Shining Path (SL)
210,0,0,0.0,1,0,3,3,12,0,6,0.0,-9,0.0,Maoists
211,0,0,1.0,1,0,7,9,648,0,5,1.0,1,0.0,Donetsk People's Republic
212,0,0,1.0,1,0,1,14,1618,0,5,1.0,0,0.0,Sikh Extremists
213,0,0,0.0,1,0,2,14,27,0,5,5.0,0,0.0,Fulani extremists
214,0,0,0.0,1,0,1,14,1382,0,9,1.0,0,0.0,Palestinians
215,0,0,1.0,1,0,3,21,693,0,6,0.0,1,0.0,Farabundo Marti National Liberation Front (FMLN)
216,0,1,0.0,1,0,2,3,332,0,5,1.0,1,0.0,Sikh Extremists
217,0,0,1.0,1,0,3,14,595,0,6,0.0,1,0.0,Corsican National Liberation Front (FLNC)
218,0,0,0.0,1,0,3,3,957,0,6,0.0,1,0.0,Liberation Tigers of Tamil Eelam (LTTE)
219,0,0,0.0,1,0,2,14,1112,0,5,1.0,0,0.0,Maoists
220,0,0,0.0,1,0,3,4,641,0,6,0.0,1,0.0,Donetsk People's Republic
221,0,0,0.0,0,0,2,4,927,0,5,0.0,-9,0.0,Kurdistan Workers' Party (PKK)
222,0,0,1.0,1,0,2,14,27,0,5,4.0,0,0.0,Fulani extremists
223,0,0,1.0,1,0,2,19,56,0,8,0.0,1,0.0,Shining Path (SL)
224,0,0,0.0,1,0,1,2,1152,0,5,1.0,0,0.0,Muslim extremists
225,0,0,0.0,0,0,3,20,6,0,6,0.0,0,0.0,Maoists
226,0,0,0.0,1,0,3,4,12,0,6,0.0,0,0.0,New People's Army (NPA)
227,0,0,0.0,1,0,3,4,258,0,6,0.0,0,0.0,Al-Shabaab
228,0,0,0.0,1,0,3,19,970,0,6,1.0,1,0.0,Liberation Tigers of Tamil Eelam (LTTE)
229,0,0,0.0,1,0,3,3,1099,0,6,2.0,1,0.0,Maoists
230,0,0,0.0,1,0,3,14,250,0,6,0.0,1,0.0,Islamic State of Iraq and the Levant (ISIL)
231,0,0,1.0,1,0,3,15,1203,0,6,0.0,1,0.0,National Liberation Army of Colombia (ELN)
232,0,0,0.0,1,0,2,2,239,0,5,2.0,1,0.0,Al-Qaida in the Arabian Peninsula (AQAP)
233,0,0,0.0,1,0,2,4,672,0,5,12.0,1,0.0,Nicaraguan Democratic Force (FDN)
234,0,0,0.0,1,0,2,2,1498,0,5,0.0,1,0.0,Revolutionary Armed Forces of Colombia (FARC)
235,0,0,0.0,1,0,2,4,1264,0,5,4.0,1,0.0,New People's Army (NPA)
236,0,0,0.0,1,0,3,3,384,0,6,1.0,1,0.0,Basque Fatherland and Freedom (ETA)
237,0,0,0.0,1,0,3,3,377,0,6,8.0,1,0.0,Liberation Tigers of Tamil Eelam (LTTE)
238,0,0,0.0,1,1,3,4,1677,0,6,10.0,1,0.0,Taliban
239,1,0,0.0,1,0,6,14,966,0,5,18.0,0,1.0,Liberation Tigers of Tamil Eelam (LTTE)
240,0,0,1.0,1,1,3,14,177,0,6,8.0,-9,0.0,Boko Haram
241,0,0,0.0,1,0,3,3,106,0,6,0.0,1,0.0,African National Congress (South Africa)
242,0,0,1.0,1,0,3,1,373,0,6,0.0,1,0.0,Basque Fatherland and Freedom (ETA)
243,0,0,0.0,1,1,3,2,1706,0,6,2.0,0,0.0,Taliban
244,1,0,1.0,1,0,6,14,1506,0,5,1.0,0,1.0,Revolutionary Armed Forces of Colombia (FARC)
245,0,0,0.0,1,0,3,21,1796,0,6,0.0,1,0.0,Tupac Amaru Revolutionary Movement (MRTA)
246,0,0,0.0,1,0,1,14,1624,0,5,4.0,0,0.0,Sikh Extremists
247,0,0,0.0,1,0,1,8,935,0,5,1.0,0,0.0,Kurdistan Workers' Party (PKK)
248,0,0,0.0,1,0,2,14,526,0,9,1.0,0,0.0,Communist Party of India - Maoist (CPI-Maoist)
249,0,0,0.0,1,0,3,19,650,0,6,13.0,1,0.0,Donetsk People's Republic
250,0,0,1.0,1,0,3,4,12,0,6,1.0,0,0.0,Tehrik-i-Taliban Pakistan (TTP)
251,0,0,0.0,1,0,7,15,923,0,8,0.0,1,0.0,Kurdistan Workers' Party (PKK)
252,0,0,1.0,1,0,3,1,1797,0,6,0.0,1,0.0,Tupac Amaru Revolutionary Movement (MRTA)
253,0,0,1.0,1,0,3,21,231,0,6,0.0,1,0.0,Al-Qaida in the Arabian Peninsula (AQAP)
254,0,0,0.0,1,0,1,14,1384,0,9,1.0,0,0.0,Palestinians
255,0,1,0.0,1,0,3,4,1484,0,6,1.0,1,0.0,Revolutionary Armed Forces of Colombia (FARC)
256,0,0,1.0,1,0,2,14,27,0,5,3.0,0,0.0,Fulani extremists
257,0,0,1.0,1,0,1,14,1618,0,5,1.0,0,0.0,Sikh Extremists
258,0,0,1.0,1,0,3,14,623,0,6,0.0,1,0.0,Corsican National Liberation Front (FLNC)
259,0,0,0.0,1,0,3,17,1157,0,6,1.0,-9,0.0,Muslim extremists
260,0,0,1.0,1,0,2,14,27,0,5,2.0,1,0.0,Fulani extremists
261,0,0,0.0,1,0,3,14,402,0,6,0.0,1,0.0,Basque Fatherland and Freedom (ETA)
262,0,0,1.0,1,0,3,1,399,0,6,0.0,1,0.0,Basque Fatherland and Freedom (ETA)
263,1,0,1.0,1,0,6,14,27,0,5,5.0,1,1.0,Fulani extremists
264,0,0,0.0,1,0,2,4,1276,0,5,4.0,1,0.0,New People's Army (NPA)
265,0,0,0.0,0,0,3,6,1473,0,6,0.0,1,0.0,Revolutionary Armed Forces of Colombia (FARC)
266,0,0,0.0,1,0,6,4,249,0,5,19.0,0,1.0,Al-Shabaab
267,0,0,0.0,1,0,8,14,1113,0,9,1.0,0,1.0,Maoists
268,0,0,0.0,1,0,2,14,27,0,5,5.0,1,0.0,Fulani extremists
269,1,0,0.0,1,0,6,7,1218,0,5,0.0,0,1.0,National Liberation Army of Colombia (ELN)
270,0,0,0.0,1,1,3,14,13,0,6,62.0,1,0.0,Tehrik-i-Taliban Pakistan (TTP)
271,0,0,0.0,1,0,3,4,1117,0,6,12.0,0,0.0,Maoists
272,0,0,0.0,1,0,3,2,217,0,6,0.0,1,0.0,Manuel Rodriguez Patriotic Front (FPMR)
273,0,0,0.0,1,0,3,4,108,0,6,1.0,1,0.0,African National Congress (South Africa)
274,0,0,1.0,1,0,3,8,51,0,6,0.0,1,0.0,Shining Path (SL)
275,0,0,0.0,1,0,3,10,1561,0,6,0.0,1,0.0,Shining Path (SL)
276,0,0,0.0,1,0,3,4,291,0,6,0.0,-9,0.0,Houthi extremists (Ansar Allah)
277,0,0,0.0,1,0,3,7,365,0,6,0.0,1,0.0,Basque Fatherland and Freedom (ETA)
278,0,0,0.0,1,0,3,3,346,0,6,1.0,1,0.0,Manuel Rodriguez Patriotic Front (FPMR)
279,0,0,0.0,1,0,2,14,1282,0,5,1.0,0,0.0,New People's Army (NPA)
280,0,0,0.0,1,0,3,21,1204,0,6,0.0,1,0.0,National Liberation Army of Colombia (ELN)
281,0,0,0.0,0,0,3,10,1766,0,6,0.0,0,0.0,Tehrik-i-Taliban Pakistan (TTP)
282,0,0,0.0,1,0,3,14,975,0,6,8.0,1,0.0,Liberation Tigers of Tamil Eelam (LTTE)
283,0,0,0.0,1,0,2,4,249,0,6,1.0,-9,0.0,Al-Shabaab
284,0,0,1.0,1,0,2,14,27,0,5,5.0,1,0.0,Fulani extremists
285,1,0,0.0,1,0,6,2,259,0,5,1.0,0,1.0,Al-Qaida in the Arabian Peninsula (AQAP)
286,0,0,0.0,1,0,3,3,250,0,6,6.0,1,0.0,Tehrik-i-Taliban Pakistan (TTP)
287,0,0,0.0,1,0,3,14,459,0,6,0.0,-9,0.0,Donetsk People's Republic
288,0,0,1.0,1,0,3,1,1215,0,6,0.0,1,0.0,National Liberation Army of Colombia (ELN)
289,0,0,0.0,0,0,1,4,233,0,5,0.0,0,0.0,Al-Qaida in the Arabian Peninsula (AQAP)
290,0,0,0.0,1,0,3,3,1736,0,6,1.0,-9,0.0,Tehrik-i-Taliban Pakistan (TTP)
291,0,0,0.0,0,0,2,4,48,0,5,0.0,0,0.0,Donetsk People's Republic
292,0,0,0.0,1,0,1,1,1629,0,5,1.0,0,0.0,Sikh Extremists
293,0,0,0.0,0,0,1,2,1502,0,5,0.0,-9,0.0,Revolutionary Armed Forces of Colombia (FARC)
294,1,0,0.0,1,0,6,14,19,0,5,0.0,0,1.0,Abu Sayyaf Group (ASG)
295,0,0,0.0,1,0,3,20,582,0,6,0.0,1,0.0,Corsican National Liberation Front (FLNC)
296,0,0,0.0,1,0,3,1,113,0,6,0.0,1,0.0,African National Congress (South Africa)
297,0,0,0.0,0,0,2,16,1294,0,5,0.0,0,0.0,New People's Army (NPA)
298,0,0,0.0,1,0,7,1,489,0,8,0.0,1,0.0,Communist Party of India - Maoist (CPI-Maoist)
299,0,0,0.0,1,0,3,3,250,0,6,4.0,1,0.0,Al-Qaida in the Arabian Peninsula (AQAP)
300,0,0,0.0,1,0,3,1,783,0,6,0.0,1,0.0,Irish Republican Army (IRA)
301,0,0,1.0,1,0,3,1,614,0,6,0.0,1,0.0,Tupac Amaru Revolutionary Movement (MRTA)
302,0,0,0.0,1,0,3,1,399,0,6,0.0,1,0.0,Farabundo Marti National Liberation Front (FMLN)
303,0,0,0.0,0,0,1,2,1700,0,6,3.0,0,0.0,Taliban
304,0,0,0.0,1,0,2,4,249,0,6,0.0,-9,0.0,Al-Shabaab
305,0,1,1.0,1,0,2,4,20,0,5,0.0,0,0.0,Donetsk People's Republic
306,0,0,1.0,1,1,3,4,451,0,6,4.0,0,0.0,Boko Haram
307,0,0,0.0,0,0,1,1,1468,0,5,0.0,0,0.0,Revolutionary Armed Forces of Colombia (FARC)
308,0,1,0.0,1,0,2,4,12,0,5,0.0,1,0.0,Palestinians
309,0,0,0.0,1,0,2,3,12,0,5,2.0,0,0.0,Taliban
310,0,1,1.0,1,0,7,1,581,0,8,0.0,1,0.0,Sikh Extremists
311,1,0,0.0,1,0,6,1,1166,0,5,0.0,1,1.0,Muslim extremists
312,0,0,1.0,1,0,3,1,581,0,6,0.0,1,0.0,Corsican National Liberation Front (FLNC)
313,0,0,1.0,1,0,3,14,308,0,6,3.0,1,0.0,Al-Shabaab
314,0,0,0.0,1,0,3,3,407,0,5,2.0,1,0.0,Basque Fatherland and Freedom (ETA)
315,0,0,0.0,1,0,3,2,333,0,6,2.0,1,0.0,Al-Shabaab
316,0,0,0.0,1,0,3,19,697,0,6,0.0,1,0.0,Farabundo Marti National Liberation Front (FMLN)
317,0,0,0.0,1,0,3,2,1429,0,6,1.0,1,0.0,Palestinians
318,0,0,0.0,1,0,3,4,643,0,6,0.0,-9,0.0,Donetsk People's Republic
319,0,0,0.0,1,0,3,14,1397,0,6,0.0,1,0.0,Palestinians
320,0,0,1.0,1,0,3,1,581,0,6,0.0,1,0.0,Corsican National Liberation Front (FLNC)
321,0,0,0.0,1,0,3,1,1216,0,6,0.0,1,0.0,National Liberation Army of Colombia (ELN)
322,0,0,0.0,1,0,3,21,1204,0,6,0.0,1,0.0,National Liberation Army of Colombia (ELN)
323,0,0,0.0,0,0,3,20,6,0,6,0.0,0,0.0,National Liberation Army of Colombia (ELN)
324,0,0,0.0,1,0,2,4,1455,0,5,2.0,1,0.0,Revolutionary Armed Forces of Colombia (FARC)
325,0,0,0.0,1,0,3,15,44,0,6,0.0,1,0.0,Abu Sayyaf Group (ASG)
326,0,0,0.0,1,0,2,14,932,0,5,1.0,0,0.0,Kurdistan Workers' Party (PKK)
327,0,0,0.0,1,0,1,14,1548,0,5,2.0,0,0.0,Shining Path (SL)
328,0,0,0.0,0,0,1,14,1387,0,5,0.0,0,0.0,Palestinians
329,1,0,0.0,1,0,2,14,533,0,5,1.0,0,1.0,Communist Party of India - Maoist (CPI-Maoist)
330,0,0,0.0,1,0,3,2,1475,0,6,0.0,1,0.0,Revolutionary Armed Forces of Colombia (FARC)
331,0,0,0.0,1,1,3,4,874,0,6,7.0,-9,0.0,Islamic State of Iraq and the Levant (ISIL)
332,0,0,0.0,1,0,2,4,20,0,5,5.0,-9,0.0,Abu Sayyaf Group (ASG)
333,0,0,0.0,0,0,2,4,20,0,5,2.0,0,0.0,Abu Sayyaf Group (ASG)
334,0,0,0.0,0,0,1,3,350,0,6,0.0,0,0.0,Basque Fatherland and Freedom (ETA)
335,0,0,1.0,1,0,3,14,757,0,6,4.0,-9,0.0,Muslim extremists
336,0,0,0.0,0,0,2,3,1123,0,5,0.0,0,0.0,Maoists
337,0,0,0.0,1,0,1,14,1457,0,5,3.0,0,0.0,Revolutionary Armed Forces of Colombia (FARC)
338,0,1,0.0,0,0,2,3,85,0,5,4.0,0,0.0,Tehrik-i-Taliban Pakistan (TTP)
339,0,0,0.0,1,0,3,14,13,0,6,1.0,-9,0.0,Houthi extremists (Ansar Allah)
340,0,0,0.0,1,0,3,2,612,0,6,0.0,1,0.0,Corsican National Liberation Front (FLNC)
341,1,0,1.0,1,0,2,14,27,0,5,3.0,1,-9.0,Fulani extremists
342,0,0,0.0,1,0,2,15,198,0,5,3.0,0,0.0,Boko Haram
343,0,0,0.0,1,0,2,3,1287,0,5,0.0,1,0.0,New People's Army (NPA)
344,0,0,0.0,1,0,3,1,1833,0,5,1.0,1,0.0,Tupac Amaru Revolutionary Movement (MRTA)
345,0,0,0.0,1,0,2,4,654,0,5,1.0,1,0.0,Donetsk People's Republic
346,0,0,1.0,1,0,2,14,27,0,5,15.0,1,0.0,Fulani extremists
347,0,0,0.0,1,0,1,14,996,0,5,1.0,0,0.0,Liberation Tigers of Tamil Eelam (LTTE)
348,0,0,1.0,0,0,3,20,6,0,6,0.0,0,0.0,Abu Sayyaf Group (ASG)
349,0,0,0.0,0,0,2,3,392,0,5,0.0,0,0.0,Basque Fatherland and Freedom (ETA)
350,0,0,0.0,1,0,2,14,1680,0,5,3.0,-9,0.0,Taliban
351,0,0,1.0,1,0,1,3,173,0,5,2.0,0,0.0,Al-Qaida in Iraq
352,0,0,0.0,1,0,3,2,425,0,6,0.0,1,0.0,Corsican National Liberation Front (FLNC)
353,0,0,0.0,1,1,3,22,1770,0,6,10.0,0,0.0,Tehrik-i-Taliban Pakistan (TTP)
354,0,0,1.0,1,0,3,1,205,0,6,0.0,1,0.0,Corsican National Liberation Front (FLNC)
355,0,0,0.0,1,0,2,4,332,0,5,12.0,1,0.0,Nicaraguan Democratic Force (FDN)
356,0,0,0.0,1,0,8,3,250,0,2,0.0,1,0.0,Palestinians
357,0,1,0.0,1,0,3,21,1469,0,6,0.0,1,0.0,Revolutionary Armed Forces of Colombia (FARC)
358,0,1,0.0,1,0,3,21,1483,0,6,0.0,1,0.0,Revolutionary Armed Forces of Colombia (FARC)
359,0,0,0.0,0,0,3,20,6,0,6,0.0,0,0.0,Maoists
360,0,0,0.0,1,0,2,10,1805,0,5,0.0,1,0.0,Tupac Amaru Revolutionary Movement (MRTA)
361,0,0,0.0,1,0,7,1,491,0,8,0.0,1,0.0,Communist Party of India - Maoist (CPI-Maoist)
362,0,0,1.0,1,0,2,4,320,0,6,3.0,-9,0.0,Al-Shabaab
363,0,0,0.0,1,0,3,14,1621,0,6,0.0,1,0.0,Sikh Extremists
364,0,0,1.0,1,0,3,4,1200,0,6,0.0,1,0.0,National Liberation Army of Colombia (ELN)
365,0,0,0.0,1,0,7,19,656,0,8,0.0,1,0.0,Donetsk People's Republic
366,0,0,0.0,1,0,6,14,496,0,9,1.0,0,1.0,Communist Party of India - Maoist (CPI-Maoist)
367,0,1,0.0,1,0,3,4,304,0,6,1.0,-9,0.0,Al-Shabaab
368,0,0,0.0,1,0,3,11,1348,0,5,1.0,1,0.0,Nicaraguan Democratic Force (FDN)
369,0,0,0.0,1,0,3,1,399,0,6,1.0,1,0.0,Tupac Amaru Revolutionary Movement (MRTA)
370,0,0,0.0,1,0,3,3,1075,0,6,0.0,1,0.0,Shining Path (SL)
371,0,1,0.0,1,0,3,4,653,0,6,0.0,1,0.0,Donetsk People's Republic
372,0,0,0.0,1,0,1,12,1532,0,5,1.0,0,0.0,Shining Path (SL)
373,0,0,0.0,1,0,3,21,1237,0,6,0.0,1,0.0,National Liberation Army of Colombia (ELN)
374,0,0,1.0,1,0,3,1,581,0,6,0.0,1,0.0,Corsican National Liberation Front (FLNC)
375,0,0,0.0,1,0,3,19,532,0,6,0.0,1,0.0,Communist Party of India - Maoist (CPI-Maoist)
376,0,1,1.0,1,0,3,3,212,0,6,0.0,1,0.0,Al-Qaida in Iraq
377,0,0,1.0,1,0,3,1,605,0,6,0.0,1,0.0,Shining Path (SL)
378,0,0,0.0,1,0,2,14,1334,0,5,1.0,1,0.0,Nicaraguan Democratic Force (FDN)
379,0,0,1.0,1,0,2,4,1349,0,5,1.0,1,0.0,Nicaraguan Democratic Force (FDN)
380,0,0,0.0,1,0,2,14,736,0,5,7.0,0,0.0,Fulani extremists
381,1,0,0.0,1,0,6,2,45,0,5,0.0,0,1.0,Abu Sayyaf Group (ASG)
382,0,0,0.0,1,0,4,1,425,0,8,0.0,1,1.0,New People's Army (NPA)
383,0,0,0.0,1,0,3,19,974,0,6,0.0,1,0.0,Liberation Tigers of Tamil Eelam (LTTE)
384,0,0,0.0,1,0,2,14,1625,0,5,7.0,1,0.0,Sikh Extremists
385,0,0,0.0,1,0,2,3,1028,0,5,0.0,1,0.0,Manuel Rodriguez Patriotic Front (FPMR)
386,0,0,0.0,0,0,3,14,6,0,6,0.0,0,0.0,Abu Sayyaf Group (ASG)
387,0,1,0.0,1,0,3,1,263,0,6,110.0,1,0.0,Al-Qaida in the Arabian Peninsula (AQAP)
388,0,0,1.0,1,1,3,8,453,0,6,1.0,-9,0.0,Boko Haram
389,0,0,0.0,1,0,3,14,592,0,6,0.0,1,0.0,Corsican National Liberation Front (FLNC)
390,0,0,0.0,0,0,2,21,1154,0,5,0.0,0,0.0,Muslim extremists
391,0,0,1.0,1,0,3,15,198,0,6,0.0,1,0.0,Houthi extremists (Ansar Allah)
392,0,0,0.0,1,0,2,4,672,0,5,1.0,1,0.0,Nicaraguan Democratic Force (FDN)
393,0,0,0.0,1,1,1,3,179,0,6,4.0,1,0.0,Al-Qaida in Iraq
394,0,0,1.0,1,0,7,15,198,0,8,0.0,1,0.0,Taliban
395,0,0,0.0,1,0,2,4,1175,0,5,1.0,0,0.0,Muslim extremists
396,0,0,0.0,1,0,3,1,1029,0,6,0.0,1,0.0,Manuel Rodriguez Patriotic Front (FPMR)
397,0,0,0.0,0,0,3,7,1033,0,6,1.0,-9,0.0,Muslim extremists
398,0,1,0.0,1,0,3,1,1814,0,6,1.0,1,0.0,Tupac Amaru Revolutionary Movement (MRTA)
399,0,0,1.0,1,0,2,19,56,0,8,0.0,1,0.0,Shining Path (SL)
400,0,0,1.0,1,0,2,3,282,0,5,4.0,1,0.0,Muslim extremists
401,0,0,1.0,1,0,2,14,461,0,5,3.0,1,0.0,Boko Haram
402,0,0,0.0,1,0,2,4,332,0,5,1.0,1,0.0,Nicaraguan Democratic Force (FDN)
403,0,0,0.0,1,0,2,17,332,0,5,50.0,1,0.0,Tupac Amaru Revolutionary Movement (MRTA)
404,0,0,0.0,1,0,2,4,1754,0,5,3.0,1,0.0,Tehrik-i-Taliban Pakistan (TTP)
405,0,0,0.0,1,0,3,8,1043,0,6,0.0,1,0.0,Manuel Rodriguez Patriotic Front (FPMR)
406,0,0,0.0,1,0,2,3,1694,0,5,3.0,1,0.0,Taliban
407,0,0,0.0,1,0,1,14,1623,0,5,1.0,0,0.0,Sikh Extremists
408,0,0,0.0,1,0,3,21,117,0,6,0.0,1,0.0,African National Congress (South Africa)
409,0,0,0.0,1,0,7,1,597,0,8,0.0,1,0.0,Corsican National Liberation Front (FLNC)
410,1,0,0.0,1,0,1,2,1686,0,5,1.0,0,1.0,Taliban
411,0,0,0.0,1,0,3,14,1485,0,6,1.0,1,0.0,Revolutionary Armed Forces of Colombia (FARC)
412,0,0,1.0,1,0,3,1,205,0,6,1.0,0,0.0,Islamic State of Iraq and the Levant (ISIL)
413,0,0,1.0,1,0,3,14,13,0,6,1.0,0,0.0,Al-Qaida in Iraq
414,0,0,0.0,1,0,2,4,684,0,5,0.0,1,0.0,Farabundo Marti National Liberation Front (FMLN)
415,0,0,0.0,1,0,7,14,1539,0,5,0.0,1,0.0,Shining Path (SL)
416,0,0,0.0,1,0,2,8,460,0,5,9.0,1,0.0,Boko Haram
417,0,0,0.0,1,0,2,4,646,0,6,2.0,1,0.0,Donetsk People's Republic
418,0,0,0.0,1,1,3,2,468,0,6,6.0,-9,0.0,Boko Haram
419,0,1,0.0,0,0,3,14,1465,0,6,0.0,0,0.0,Revolutionary Armed Forces of Colombia (FARC)
420,0,0,0.0,1,0,3,14,177,0,6,1.0,0,0.0,Al-Qaida in Iraq
421,0,0,0.0,1,0,3,2,1609,0,6,2.0,1,0.0,Sikh Extremists
422,0,0,1.0,1,0,2,4,20,0,6,1.0,0,0.0,Muslim extremists
423,0,0,1.0,0,0,1,17,1767,0,6,0.0,1,0.0,Tehrik-i-Taliban Pakistan (TTP)
424,0,0,1.0,1,0,3,4,1172,0,6,2.0,1,0.0,Muslim extremists
425,0,0,0.0,1,0,1,1,1772,0,5,1.0,1,0.0,Tehrik-i-Taliban Pakistan (TTP)
426,0,0,0.0,1,0,2,15,1167,0,5,1.0,0,0.0,Muslim extremists
427,0,0,1.0,1,0,3,21,1057,0,6,0.0,1,0.0,Manuel Rodriguez Patriotic Front (FPMR)
428,0,0,1.0,1,0,3,14,13,0,6,2.0,-9,0.0,Al-Qaida in Iraq
429,0,0,1.0,1,0,3,14,736,0,6,0.0,-9,0.0,Muslim extremists
430,0,0,1.0,1,0,3,4,1563,0,6,13.0,-9,0.0,Shining Path (SL)
431,0,0,0.0,1,0,3,4,325,0,6,1.0,-9,0.0,Al-Shabaab
432,0,0,0.0,1,0,3,4,258,0,6,0.0,-9,0.0,Al-Shabaab
433,0,0,0.0,1,0,2,14,980,0,5,1.0,0,0.0,Liberation Tigers of Tamil Eelam (LTTE)
434,0,0,0.0,1,0,2,4,1140,0,6,7.0,0,0.0,Tehrik-i-Taliban Pakistan (TTP)
435,0,0,0.0,1,0,3,19,1332,0,6,1.0,1,0.0,Nicaraguan Democratic Force (FDN)
436,0,0,0.0,1,0,3,2,981,0,6,0.0,1,0.0,Liberation Tigers of Tamil Eelam (LTTE)
437,1,0,0.0,1,0,6,2,1544,0,5,0.0,0,1.0,Shining Path (SL)
438,0,0,1.0,1,0,2,14,27,0,5,2.0,1,0.0,Fulani extremists
439,0,0,0.0,1,0,3,3,1408,0,6,5.0,1,0.0,Palestinians
440,0,0,0.0,1,0,3,4,48,0,6,1.0,0,0.0,Houthi extremists (Ansar Allah)
441,0,0,0.0,1,0,3,7,91,0,6,0.0,1,0.0,African National Congress (South Africa)
442,0,0,0.0,1,0,1,2,679,0,5,1.0,0,0.0,Farabundo Marti National Liberation Front (FMLN)
443,0,0,0.0,1,0,2,11,1583,0,5,12.0,1,0.0,Shining Path (SL)
444,0,0,0.0,1,0,3,19,1534,0,6,0.0,1,0.0,Shining Path (SL)
445,0,0,0.0,1,0,6,14,547,0,5,1.0,0,1.0,Communist Party of India - Maoist (CPI-Maoist)
446,0,0,0.0,1,0,2,3,1277,0,5,2.0,-9,0.0,New People's Army (NPA)
447,0,0,0.0,1,0,2,14,459,0,5,1.0,-9,0.0,Boko Haram
448,1,0,0.0,1,0,2,14,1725,0,5,4.0,0,1.0,Tehrik-i-Taliban Pakistan (TTP)
449,1,0,0.0,1,0,6,7,657,0,5,0.0,0,1.0,Donetsk People's Republic
450,0,0,1.0,1,0,2,14,459,0,5,15.0,1,0.0,Fulani extremists
451,0,0,0.0,1,0,3,1,114,0,6,0.0,1,0.0,Donetsk People's Republic
452,0,0,0.0,1,0,2,2,1283,0,5,3.0,1,0.0,New People's Army (NPA)
453,0,0,0.0,1,1,3,4,20,0,6,1.0,-9,0.0,Taliban
454,0,0,1.0,1,0,3,1,1802,0,6,0.0,1,0.0,Tupac Amaru Revolutionary Movement (MRTA)
455,0,0,0.0,1,0,3,4,189,0,6,6.0,1,0.0,Islamic State of Iraq and the Levant (ISIL)
456,0,1,0.0,1,0,7,19,1335,0,5,1.0,1,0.0,Nicaraguan Democratic Force (FDN)
457,0,0,0.0,1,0,3,21,107,0,6,0.0,1,0.0,African National Congress (South Africa)
458,0,0,0.0,1,0,2,4,683,0,5,5.0,1,0.0,Farabundo Marti National Liberation Front (FMLN)
459,0,1,0.0,1,0,2,14,1620,0,5,24.0,0,0.0,Sikh Extremists
460,1,0,0.0,1,0,3,2,425,0,6,0.0,1,0.0,Manuel Rodriguez Patriotic Front (FPMR)
461,0,0,0.0,1,0,2,4,912,0,5,2.0,1,0.0,Kurdistan Workers' Party (PKK)
462,0,0,0.0,1,0,2,14,27,0,5,15.0,1,0.0,Fulani extremists
463,0,1,1.0,1,0,3,19,1489,0,6,0.0,1,0.0,Revolutionary Armed Forces of Colombia (FARC)
464,0,0,0.0,1,0,2,3,332,0,5,1.0,1,0.0,Sikh Extremists
465,0,0,0.0,1,0,3,14,751,0,6,2.0,-9,0.0,Houthi extremists (Ansar Allah)
466,0,0,0.0,1,0,3,14,182,0,6,2.0,0,0.0,Muslim extremists
467,0,1,1.0,1,0,3,21,1467,0,6,0.0,1,0.0,Revolutionary Armed Forces of Colombia (FARC)
468,0,0,0.0,1,0,3,4,250,0,6,1.0,1,0.0,Kurdistan Workers' Party (PKK)
469,0,0,0.0,1,0,3,4,955,0,6,2.0,1,0.0,Liberation Tigers of Tamil Eelam (LTTE)
470,0,0,0.0,1,0,2,4,698,0,5,10.0,1,0.0,Tupac Amaru Revolutionary Movement (MRTA)
471,0,1,0.0,1,0,3,3,493,0,6,3.0,0,0.0,Communist Party of India - Maoist (CPI-Maoist)
472,0,0,0.0,1,0,3,3,808,0,6,1.0,1,0.0,Irish Republican Army (IRA)
473,0,0,0.0,1,0,3,15,1379,0,6,0.0,1,0.0,Palestinians
474,0,0,0.0,1,0,2,4,455,0,5,15.0,0,0.0,Boko Haram
475,0,0,1.0,1,0,7,2,1163,0,8,0.0,1,0.0,Muslim extremists
476,0,0,0.0,1,0,2,10,327,0,5,1.0,-9,0.0,Al-Shabaab
477,0,0,0.0,1,0,2,2,750,0,6,1.0,-9,0.0,Houthi extremists (Ansar Allah)
478,1,0,0.0,1,0,6,14,8,0,5,0.0,0,1.0,Abu Sayyaf Group (ASG)
479,0,0,1.0,1,1,3,3,300,0,6,17.0,1,0.0,Taliban
480,0,0,0.0,1,0,3,2,109,0,6,0.0,1,0.0,African National Congress (South Africa)
481,0,0,0.0,1,0,2,4,59,0,5,3.0,-9,0.0,Al-Shabaab
482,1,0,1.0,1,0,6,1,1769,0,5,1.0,1,1.0,Tehrik-i-Taliban Pakistan (TTP)
483,0,0,0.0,1,0,7,1,1488,0,8,0.0,1,0.0,Revolutionary Armed Forces of Colombia (FARC)
484,0,0,0.0,1,0,3,2,616,0,6,0.0,1,0.0,Corsican National Liberation Front (FLNC)
485,0,1,0.0,1,0,3,19,517,0,6,0.0,1,0.0,Communist Party of India - Maoist (CPI-Maoist)
486,0,0,0.0,1,0,2,3,1497,0,5,4.0,-9,0.0,Revolutionary Armed Forces of Colombia (FARC)
487,0,0,1.0,1,0,2,14,27,0,5,6.0,1,0.0,Fulani extremists
488,0,0,1.0,1,0,3,1,399,0,6,0.0,1,0.0,Tupac Amaru Revolutionary Movement (MRTA)
489,0,0,0.0,1,0,2,4,291,0,5,10.0,1,0.0,Taliban
490,0,0,0.0,0,0,6,4,7,0,5,0.0,0,0.0,Abu Sayyaf Group (ASG)
491,0,1,1.0,1,0,3,14,13,0,6,3.0,0,0.0,Al-Qaida in Iraq
492,0,0,0.0,1,0,3,1,1642,0,6,0.0,1,0.0,Sikh Extremists
493,0,0,0.0,1,0,3,3,250,0,6,0.0,1,0.0,Tehrik-i-Taliban Pakistan (TTP)
494,0,0,0.0,1,0,3,1,1832,0,6,0.0,1,0.0,Tupac Amaru Revolutionary Movement (MRTA)
495,0,0,0.0,1,0,3,4,189,0,6,1.0,0,0.0,Islamic State of Iraq and the Levant (ISIL)
496,0,0,0.0,1,0,3,4,40,0,6,1.0,0,0.0,Abu Sayyaf Group (ASG)
497,0,0,0.0,1,0,2,4,20,0,5,1.0,0,0.0,Al-Qaida in the Arabian Peninsula (AQAP)
498,0,0,0.0,1,0,2,17,20,0,5,4.0,0,0.0,Al-Qaida in the Arabian Peninsula (AQAP)
499,0,0,1.0,1,0,5,10,1061,0,5,0.0,1,0.0,Tupac Amaru Revolutionary Movement (MRTA)
500,0,0,0.0,1,0,3,11,1348,0,5,1.0,1,0.0,Nicaraguan Democratic Force (FDN)
501,0,0,0.0,1,0,3,1,976,0,6,0.0,1,0.0,Liberation Tigers of Tamil Eelam (LTTE)
502,0,0,0.0,1,0,7,8,1829,0,8,0.0,1,0.0,Tupac Amaru Revolutionary Movement (MRTA)
503,0,0,0.0,1,0,3,12,6,0,6,0.0,-9,0.0,Liberation Tigers of Tamil Eelam (LTTE)
504,0,0,1.0,1,0,3,1,1215,0,6,0.0,1,0.0,National Liberation Army of Colombia (ELN)
505,0,0,0.0,1,0,1,14,807,0,5,1.0,0,0.0,Irish Republican Army (IRA)
506,1,0,0.0,1,0,6,14,1740,0,5,0.0,0,1.0,Tehrik-i-Taliban Pakistan (TTP)
507,0,0,0.0,1,0,3,19,1041,0,6,1.0,1,0.0,Manuel Rodriguez Patriotic Front (FPMR)
508,0,0,0.0,0,0,1,2,409,0,8,0.0,0,0.0,Basque Fatherland and Freedom (ETA)
509,0,0,0.0,1,0,3,14,1130,0,6,1.0,1,0.0,Maoists
510,0,1,0.0,1,0,7,3,544,0,8,0.0,1,0.0,Communist Party of India - Maoist (CPI-Maoist)
511,0,0,0.0,1,0,3,1,1577,0,6,1.0,1,0.0,Shining Path (SL)
512,0,0,1.0,1,0,3,2,318,0,6,0.0,-9,0.0,Al-Shabaab
513,0,0,1.0,1,0,7,1,1098,0,8,0.0,1,0.0,New People's Army (NPA)
514,0,1,0.0,1,0,2,14,1333,0,5,0.0,1,0.0,Nicaraguan Democratic Force (FDN)
515,0,0,0.0,1,0,7,1,924,0,8,0.0,1,0.0,Kurdistan Workers' Party (PKK)
516,0,0,1.0,1,0,3,1,205,0,6,3.0,1,0.0,Al-Qaida in Iraq
517,0,0,0.0,1,0,2,10,1061,0,5,0.0,1,0.0,Manuel Rodriguez Patriotic Front (FPMR)
518,0,1,0.0,1,0,3,21,99,0,6,0.0,1,0.0,African National Congress (South Africa)
519,0,0,1.0,1,0,5,14,600,0,9,0.0,0,1.0,Corsican National Liberation Front (FLNC)
520,0,0,0.0,1,0,1,2,1424,0,5,1.0,0,0.0,Palestinians
521,0,0,0.0,1,0,2,3,85,0,5,1.0,0,0.0,Maoists
522,0,0,1.0,1,0,3,1,614,0,6,0.0,1,0.0,Corsican National Liberation Front (FLNC)
523,0,0,0.0,1,0,2,4,788,0,5,1.0,1,0.0,Palestinians
524,0,0,0.0,1,0,2,4,999,0,5,6.0,1,0.0,Liberation Tigers of Tamil Eelam (LTTE)
525,0,0,0.0,1,0,3,4,250,0,6,1.0,1,0.0,Islamic State of Iraq and the Levant (ISIL)
526,0,0,0.0,1,0,7,1,1098,0,8,0.0,1,0.0,New People's Army (NPA)
527,0,0,0.0,1,1,3,4,451,0,6,8.0,1,0.0,Tehrik-i-Taliban Pakistan (TTP)
528,0,0,1.0,1,0,3,8,1731,0,6,0.0,1,0.0,Tehrik-i-Taliban Pakistan (TTP)
529,0,0,0.0,1,0,2,14,92,0,5,1.0,1,0.0,African National Congress (South Africa)
530,0,0,0.0,1,0,2,2,1066,0,5,0.0,1,0.0,Manuel Rodriguez Patriotic Front (FPMR)
531,0,0,0.0,1,0,1,3,1608,0,5,1.0,0,0.0,Sikh Extremists
532,0,0,0.0,1,0,3,14,261,0,6,2.0,1,0.0,Al-Qaida in the Arabian Peninsula (AQAP)
533,0,1,1.0,1,0,3,21,1575,0,6,0.0,1,0.0,Shining Path (SL)
534,0,1,0.0,0,0,3,21,1470,0,6,0.0,0,0.0,Revolutionary Armed Forces of Colombia (FARC)
535,0,1,0.0,1,0,7,4,1678,0,5,0.0,1,0.0,Taliban
536,0,0,0.0,1,1,3,4,965,0,6,16.0,1,0.0,Liberation Tigers of Tamil Eelam (LTTE)
537,0,1,1.0,1,0,3,17,186,0,6,0.0,0,0.0,Islamic State of Iraq and the Levant (ISIL)
538,0,0,0.0,1,0,2,2,236,0,5,1.0,0,0.0,Al-Qaida in the Arabian Peninsula (AQAP)
539,0,0,0.0,1,0,3,19,1456,0,6,0.0,1,0.0,Revolutionary Armed Forces of Colombia (FARC)
540,0,0,0.0,1,0,2,3,1271,0,5,3.0,1,0.0,New People's Army (NPA)
541,0,0,0.0,1,0,2,1,1062,0,5,0.0,1,0.0,Manuel Rodriguez Patriotic Front (FPMR)
542,0,0,1.0,0,0,3,14,604,0,6,0.0,0,0.0,Corsican National Liberation Front (FLNC)
543,0,0,1.0,1,0,3,21,1535,0,6,0.0,1,0.0,Shining Path (SL)
544,0,0,0.0,1,0,2,4,332,0,5,0.0,1,0.0,Nicaraguan Democratic Force (FDN)
545,0,0,1.0,1,0,2,4,249,0,6,7.0,1,0.0,Al-Shabaab
546,0,0,0.0,1,0,3,14,651,0,6,1.0,1,0.0,Donetsk People's Republic
547,0,0,0.0,0,0,3,2,270,0,6,0.0,0,0.0,Al-Qaida in the Arabian Peninsula (AQAP)
548,0,1,0.0,1,0,1,14,901,0,5,4.0,0,0.0,Kurdistan Workers' Party (PKK)
549,0,0,0.0,1,0,3,4,249,0,6,1.0,0,0.0,Al-Shabaab
550,0,0,0.0,1,1,3,3,250,0,6,1.0,1,0.0,Taliban
551,0,0,0.0,1,0,2,1,1531,0,5,0.0,1,0.0,Shining Path (SL)
552,0,0,0.0,1,0,3,3,250,0,6,2.0,1,0.0,Kurdistan Workers' Party (PKK)
553,0,0,0.0,1,0,3,1,606,0,6,0.0,1,0.0,Corsican National Liberation Front (FLNC)
554,0,0,0.0,1,0,7,1,911,0,8,0.0,1,0.0,New People's Army (NPA)
555,0,0,0.0,1,0,7,2,1151,0,8,0.0,1,0.0,Muslim extremists
556,0,0,0.0,1,0,3,8,1756,0,6,0.0,1,0.0,Tehrik-i-Taliban Pakistan (TTP)
557,0,0,0.0,1,0,2,15,198,0,5,27.0,-9,0.0,Fulani extremists
558,0,0,0.0,1,0,1,2,748,0,6,5.0,1,0.0,Houthi extremists (Ansar Allah)
559,0,1,0.0,0,0,3,20,6,0,6,0.0,0,0.0,Maoists
560,0,0,0.0,0,0,6,4,189,0,9,0.0,0,0.0,Muslim extremists
561,0,0,0.0,1,0,2,2,334,0,5,1.0,0,0.0,Al-Shabaab
562,0,0,0.0,1,0,3,14,447,0,6,0.0,-9,0.0,Houthi extremists (Ansar Allah)
563,0,0,1.0,0,0,3,1,494,0,6,0.0,0,0.0,Communist Party of India - Maoist (CPI-Maoist)
564,0,0,1.0,1,0,3,2,1080,0,6,0.0,1,0.0,Shining Path (SL)
565,0,0,0.0,1,0,2,14,689,0,5,0.0,1,0.0,Farabundo Marti National Liberation Front (FMLN)
566,0,0,0.0,1,1,3,14,183,0,6,22.0,1,0.0,Al-Qaida in Iraq
567,0,0,1.0,1,0,3,1,605,0,6,0.0,1,0.0,Shining Path (SL)
568,0,0,0.0,0,0,3,20,961,0,6,0.0,0,0.0,Liberation Tigers of Tamil Eelam (LTTE)
569,0,0,1.0,1,0,7,3,1107,0,5,0.0,1,0.0,Maoists
570,0,0,0.0,1,0,2,4,332,0,5,2.0,1,0.0,Palestinians
571,1,0,0.0,1,0,6,1,1129,0,5,0.0,1,1.0,Maoists
572,0,0,0.0,1,0,1,8,1643,0,5,2.0,0,0.0,Sikh Extremists
573,0,0,0.0,0,0,3,4,136,0,6,0.0,0,0.0,African National Congress (South Africa)
574,0,1,0.0,1,0,2,4,643,0,6,0.0,-9,0.0,Donetsk People's Republic
575,0,0,0.0,1,0,3,14,459,0,6,0.0,-9,0.0,Donetsk People's Republic
576,0,0,1.0,1,0,3,1,614,0,6,0.0,1,0.0,Corsican National Liberation Front (FLNC)
577,0,1,0.0,1,0,3,3,972,0,6,0.0,1,0.0,Liberation Tigers of Tamil Eelam (LTTE)
578,0,0,0.0,1,0,3,19,913,0,6,0.0,1,0.0,Kurdistan Workers' Party (PKK)
579,0,1,1.0,1,0,2,4,20,0,5,5.0,-9,0.0,Muslim extremists
580,0,0,0.0,1,0,3,2,619,0,6,0.0,1,0.0,Corsican National Liberation Front (FLNC)
581,0,0,0.0,1,1,3,4,193,0,6,3.0,1,0.0,Al-Qaida in Iraq
582,0,0,0.0,1,0,1,14,1241,0,5,5.0,0,0.0,National Liberation Army of Colombia (ELN)
583,0,0,0.0,1,0,3,4,235,0,6,0.0,1,0.0,Al-Qaida in the Arabian Peninsula (AQAP)
584,0,0,0.0,1,1,3,14,13,0,6,8.0,-9,0.0,Boko Haram
585,0,0,0.0,0,0,1,17,1765,0,6,1.0,1,0.0,Tehrik-i-Taliban Pakistan (TTP)
586,0,0,0.0,0,0,3,2,403,0,6,0.0,1,0.0,Basque Fatherland and Freedom (ETA)
587,0,0,0.0,1,0,2,3,258,0,5,6.0,1,0.0,New People's Army (NPA)
588,0,0,0.0,1,0,5,10,1816,0,5,0.0,1,1.0,Tupac Amaru Revolutionary Movement (MRTA)
589,0,0,0.0,1,0,2,4,332,0,5,8.0,1,0.0,Tupac Amaru Revolutionary Movement (MRTA)
590,0,0,0.0,0,0,2,4,788,0,5,0.0,1,0.0,Irish Republican Army (IRA)
591,0,0,0.0,1,0,3,15,35,0,6,1.0,1,0.0,Abu Sayyaf Group (ASG)
592,0,0,1.0,1,0,2,14,27,0,5,1.0,1,0.0,Fulani extremists
593,0,0,0.0,0,0,3,17,819,0,6,1.0,1,0.0,Irish Republican Army (IRA)
594,0,0,0.0,1,0,3,4,1302,0,6,1.0,0,0.0,New People's Army (NPA)
595,0,0,0.0,1,0,3,19,102,0,6,0.0,1,0.0,African National Congress (South Africa)
596,0,0,0.0,1,0,2,4,332,0,5,0.0,1,0.0,National Liberation Army of Colombia (ELN)
597,0,0,0.0,1,0,3,4,1820,0,6,0.0,1,0.0,Tupac Amaru Revolutionary Movement (MRTA)
598,0,0,0.0,1,0,2,14,759,0,5,0.0,0,0.0,Houthi extremists (Ansar Allah)
599,0,0,0.0,1,0,2,4,672,0,5,0.0,1,0.0,Farabundo Marti National Liberation Front (FMLN)
600,0,0,0.0,1,0,2,4,708,0,5,1.0,1,0.0,Farabundo Marti National Liberation Front (FMLN)
601,0,0,0.0,1,0,5,8,1817,0,5,0.0,1,0.0,Tupac Amaru Revolutionary Movement (MRTA)
602,0,0,0.0,1,0,3,3,105,0,6,1.0,1,0.0,African National Congress (South Africa)
603,0,0,0.0,1,0,3,19,1327,0,6,13.0,1,0.0,Sikh Extremists
604,1,0,0.0,1,0,1,2,26,0,9,1.0,0,1.0,Abu Sayyaf Group (ASG)
605,1,0,0.0,1,0,6,14,903,0,8,1.0,1,1.0,Kurdistan Workers' Party (PKK)
606,0,0,1.0,1,0,3,21,670,0,6,0.0,1,0.0,Farabundo Marti National Liberation Front (FMLN)
607,0,0,1.0,1,0,3,14,210,0,6,8.0,1,0.0,Al-Qaida in Iraq
608,0,1,1.0,1,0,2,14,27,0,5,2.0,0,0.0,Fulani extremists
609,0,0,0.0,1,0,2,14,27,0,5,25.0,1,0.0,Boko Haram
610,0,0,0.0,1,0,3,14,1410,0,5,4.0,1,0.0,Palestinians
611,0,0,1.0,1,0,7,8,1273,0,8,0.0,1,0.0,New People's Army (NPA)
612,0,0,0.0,1,0,1,14,1457,0,5,7.0,0,0.0,Revolutionary Armed Forces of Colombia (FARC)
613,0,0,0.0,1,0,2,4,704,0,5,0.0,1,0.0,Farabundo Marti National Liberation Front (FMLN)
614,0,0,0.0,1,0,7,1,1098,0,5,0.0,1,0.0,Maoists
615,0,0,1.0,1,0,3,1,581,0,6,0.0,1,0.0,Corsican National Liberation Front (FLNC)
616,0,0,0.0,1,0,1,2,133,0,6,1.0,1,0.0,African National Congress (South Africa)
617,0,0,0.0,1,0,3,3,411,0,5,0.0,1,0.0,Basque Fatherland and Freedom (ETA)
618,0,0,1.0,1,0,3,3,258,0,6,0.0,1,0.0,Houthi extremists (Ansar Allah)
619,0,0,1.0,1,0,3,21,671,0,6,0.0,1,0.0,Nicaraguan Democratic Force (FDN)
620,0,0,0.0,1,0,1,14,839,0,5,1.0,0,0.0,Irish Republican Army (IRA)
621,0,0,0.0,1,0,3,14,652,0,6,2.0,0,0.0,Islamic State of Iraq and the Levant (ISIL)
622,0,0,0.0,1,0,2,1,152,0,5,0.0,1,0.0,African National Congress (South Africa)
623,0,0,0.0,1,0,3,4,788,0,6,5.0,1,0.0,Liberation Tigers of Tamil Eelam (LTTE)
624,0,0,1.0,1,0,3,3,425,0,6,0.0,1,0.0,New People's Army (NPA)
625,0,0,0.0,1,0,2,4,332,0,5,14.0,1,0.0,Farabundo Marti National Liberation Front (FMLN)
626,0,0,0.0,1,0,3,1,355,0,6,0.0,1,0.0,Basque Fatherland and Freedom (ETA)
627,0,0,0.0,1,0,3,3,85,0,6,5.0,-9,0.0,Houthi extremists (Ansar Allah)
628,0,0,0.0,1,0,3,8,622,0,6,0.0,1,0.0,Corsican National Liberation Front (FLNC)
629,0,0,0.0,1,0,7,1,1281,0,8,0.0,1,0.0,New People's Army (NPA)
630,0,0,0.0,1,0,1,14,1388,0,9,1.0,0,0.0,Palestinians
631,0,0,1.0,1,0,3,4,217,0,6,3.0,-9,0.0,Al-Qaida in the Arabian Peninsula (AQAP)
632,0,0,0.0,1,0,8,4,12,0,9,0.0,1,0.0,Palestinians
633,0,0,0.0,1,0,2,4,643,0,6,1.0,-9,0.0,Donetsk People's Republic
634,0,0,0.0,1,0,3,1,110,0,6,0.0,1,0.0,African National Congress (South Africa)
635,0,1,0.0,0,0,3,2,176,0,6,0.0,0,0.0,Al-Qaida in Iraq
636,0,0,1.0,1,0,3,14,757,0,6,4.0,-9,0.0,Islamic State of Iraq and the Levant (ISIL)
637,0,0,0.0,1,0,2,4,332,0,5,7.0,1,0.0,Liberation Tigers of Tamil Eelam (LTTE)
638,0,0,0.0,1,0,3,1,1088,0,6,3.0,0,0.0,Taliban
639,0,0,0.0,1,0,2,14,682,0,8,0.0,1,0.0,Farabundo Marti National Liberation Front (FMLN)
640,0,0,0.0,1,0,3,4,48,0,6,2.0,-9,0.0,Houthi extremists (Ansar Allah)
641,0,0,0.0,1,0,2,14,121,0,5,6.0,1,0.0,African National Congress (South Africa)
642,0,0,0.0,1,0,1,14,1230,0,5,2.0,0,0.0,National Liberation Army of Colombia (ELN)
643,0,0,0.0,1,0,3,14,889,0,6,0.0,1,0.0,Islamic State of Iraq and the Levant (ISIL)
644,1,0,1.0,1,0,2,3,20,0,5,1.0,1,-9.0,Taliban
645,0,0,0.0,1,0,2,1,1543,0,5,0.0,1,0.0,Shining Path (SL)
646,0,0,1.0,1,0,3,2,469,0,6,0.0,1,0.0,Boko Haram
647,0,0,1.0,1,1,3,15,198,0,6,2.0,-9,0.0,Tehrik-i-Taliban Pakistan (TTP)
648,0,0,1.0,1,1,3,15,1752,0,6,1.0,-9,0.0,Tehrik-i-Taliban Pakistan (TTP)
649,0,0,0.0,1,0,2,4,804,0,5,1.0,1,0.0,Irish Republican Army (IRA)
650,0,0,1.0,1,0,2,14,27,0,5,5.0,1,0.0,Abu Sayyaf Group (ASG)
651,0,0,0.0,1,0,1,14,1393,0,5,1.0,0,0.0,Palestinians
652,0,0,0.0,1,0,3,19,892,0,6,0.0,1,0.0,National Liberation Army of Colombia (ELN)
653,0,0,0.0,1,0,6,1,1826,0,5,0.0,0,1.0,Tupac Amaru Revolutionary Movement (MRTA)
654,0,0,0.0,1,0,2,2,33,0,5,1.0,0,0.0,Abu Sayyaf Group (ASG)
655,0,0,0.0,1,0,6,2,1824,0,5,1.0,0,1.0,Tupac Amaru Revolutionary Movement (MRTA)
656,0,0,0.0,1,0,1,2,1619,0,5,1.0,0,0.0,Sikh Extremists
657,0,0,1.0,1,0,6,14,27,0,5,2.0,1,1.0,Fulani extremists
658,0,0,0.0,1,0,3,21,1221,0,6,0.0,1,0.0,National Liberation Army of Colombia (ELN)
659,0,0,0.0,1,0,3,1,1692,0,6,1.0,1,0.0,Taliban
660,0,0,0.0,0,0,2,4,48,0,5,1.0,0,0.0,New People's Army (NPA)
661,0,0,1.0,0,0,2,13,931,0,5,0.0,0,0.0,Kurdistan Workers' Party (PKK)
662,0,0,0.0,1,0,3,11,61,0,6,116.0,1,0.0,Abu Sayyaf Group (ASG)
663,0,0,1.0,1,1,3,14,13,0,6,3.0,-9,0.0,Islamic State of Iraq and the Levant (ISIL)
664,1,0,0.0,1,0,6,3,1297,0,5,1.0,0,1.0,New People's Army (NPA)
665,0,0,1.0,1,0,3,14,652,0,6,3.0,1,0.0,Donetsk People's Republic
666,0,0,1.0,1,0,3,20,6,0,6,0.0,1,0.0,Revolutionary Armed Forces of Colombia (FARC)
667,0,0,0.0,1,0,3,21,1109,0,6,0.0,1,0.0,Maoists
668,0,0,1.0,0,0,3,3,85,0,6,0.0,0,0.0,Communist Party of India - Maoist (CPI-Maoist)
669,0,0,0.0,1,0,2,3,1269,0,5,0.0,1,0.0,New People's Army (NPA)
670,0,0,1.0,1,0,3,14,184,0,6,0.0,1,0.0,Al-Qaida in Iraq
671,0,0,0.0,0,0,3,3,580,0,6,0.0,0,0.0,Corsican National Liberation Front (FLNC)
672,0,0,0.0,1,0,2,4,672,0,5,1.0,1,0.0,Nicaraguan Democratic Force (FDN)
673,1,0,0.0,1,0,6,12,52,0,5,0.0,0,1.0,Abu Sayyaf Group (ASG)
674,0,0,0.0,1,0,7,19,56,0,8,0.0,1,0.0,National Liberation Army of Colombia (ELN)
675,0,0,0.0,1,0,3,2,101,0,6,1.0,1,0.0,African National Congress (South Africa)
676,0,0,1.0,1,0,3,21,1052,0,6,0.0,1,0.0,Manuel Rodriguez Patriotic Front (FPMR)
677,0,0,0.0,0,0,3,20,6,0,6,0.0,0,0.0,Revolutionary Armed Forces of Colombia (FARC)
678,0,0,1.0,1,0,7,15,1170,0,10,0.0,1,0.0,Muslim extremists
679,0,0,0.0,1,0,3,14,751,0,6,5.0,-9,0.0,Houthi extremists (Ansar Allah)
680,0,0,0.0,1,0,3,1,364,0,6,1.0,1,0.0,Basque Fatherland and Freedom (ETA)
681,0,0,0.0,1,0,3,10,385,0,6,0.0,1,0.0,Basque Fatherland and Freedom (ETA)
682,0,0,0.0,1,0,3,7,378,0,6,0.0,1,0.0,Basque Fatherland and Freedom (ETA)
683,0,0,0.0,1,0,3,4,1395,0,6,0.0,1,0.0,Palestinians
684,0,0,0.0,1,0,2,4,672,0,5,15.0,1,0.0,Farabundo Marti National Liberation Front (FMLN)
685,0,0,1.0,1,0,3,14,459,0,6,0.0,-9,0.0,Donetsk People's Republic
686,0,0,0.0,1,0,3,19,1149,0,6,4.0,1,0.0,Muslim extremists
687,0,0,0.0,1,0,3,1,152,0,6,1.0,1,0.0,Manuel Rodriguez Patriotic Front (FPMR)
688,0,0,0.0,1,0,3,1,1033,0,6,0.0,1,0.0,Manuel Rodriguez Patriotic Front (FPMR)
689,0,1,0.0,1,0,2,4,258,0,5,1.0,0,0.0,Al-Shabaab
690,0,0,0.0,1,0,7,1,1823,0,8,0.0,1,0.0,Tupac Amaru Revolutionary Movement (MRTA)
691,0,0,0.0,1,0,2,8,1551,0,5,1.0,1,0.0,Shining Path (SL)
692,0,0,0.0,1,0,2,4,672,0,5,1.0,1,0.0,Farabundo Marti National Liberation Front (FMLN)
693,0,0,1.0,1,0,2,4,20,0,5,5.0,0,0.0,Al-Qaida in Iraq
694,0,0,1.0,1,0,3,19,505,0,6,0.0,1,0.0,Communist Party of India - Maoist (CPI-Maoist)
695,0,0,0.0,0,0,1,8,1378,0,9,0.0,0,0.0,Palestinians
696,0,0,0.0,1,0,2,4,672,0,5,76.0,1,0.0,Farabundo Marti National Liberation Front (FMLN)
697,0,0,0.0,1,0,3,3,845,0,6,1.0,1,0.0,Irish Republican Army (IRA)
698,0,0,0.0,1,0,2,14,1097,0,5,1.0,0,0.0,Maoists
699,0,0,1.0,1,0,3,1,583,0,6,0.0,1,0.0,Corsican National Liberation Front (FLNC)
700,0,0,0.0,1,0,3,4,1472,0,6,4.0,-9,0.0,Revolutionary Armed Forces of Colombia (FARC)
701,0,0,0.0,0,0,7,19,820,0,8,0.0,1,0.0,Irish Republican Army (IRA)
702,0,0,0.0,1,0,2,4,48,0,5,1.0,0,0.0,Abu Sayyaf Group (ASG)
703,0,0,0.0,1,0,3,4,922,0,6,0.0,1,0.0,Kurdistan Workers' Party (PKK)
704,0,0,0.0,1,0,3,3,641,0,6,3.0,-9,0.0,Houthi extremists (Ansar Allah)
705,0,0,1.0,1,0,3,14,745,0,6,3.0,1,0.0,Houthi extremists (Ansar Allah)
706,0,0,0.0,1,0,2,2,1270,0,5,0.0,1,1.0,New People's Army (NPA)
707,0,0,0.0,1,0,3,4,59,0,6,0.0,1,0.0,New People's Army (NPA)
708,0,0,0.0,1,0,2,3,85,0,5,4.0,1,0.0,Taliban
709,0,0,1.0,0,1,3,17,186,0,6,1.0,0,0.0,Islamic State of Iraq and the Levant (ISIL)
710,0,0,0.0,1,1,3,2,960,0,6,21.0,0,0.0,Liberation Tigers of Tamil Eelam (LTTE)
711,0,0,0.0,1,0,3,4,797,0,6,1.0,1,0.0,Irish Republican Army (IRA)
712,0,0,0.0,1,0,2,4,804,0,5,2.0,1,0.0,National Liberation Army of Colombia (ELN)
713,0,0,1.0,1,0,7,15,198,0,8,0.0,1,0.0,Taliban
714,0,0,0.0,1,0,2,2,1576,0,5,1.0,1,0.0,Shining Path (SL)
715,0,0,0.0,1,0,2,4,332,0,5,0.0,1,0.0,Kurdistan Workers' Party (PKK)
716,0,0,0.0,1,0,3,21,1229,0,6,0.0,1,0.0,National Liberation Army of Colombia (ELN)
717,0,0,0.0,1,0,2,4,12,0,5,6.0,1,0.0,Liberation Tigers of Tamil Eelam (LTTE)
718,0,0,0.0,1,0,3,2,1232,0,6,1.0,1,0.0,National Liberation Army of Colombia (ELN)
719,0,0,0.0,1,0,3,19,1385,0,6,0.0,1,0.0,Palestinians
720,0,0,0.0,1,1,3,4,20,0,6,1.0,0,0.0,Islamic State of Iraq and the Levant (ISIL)
721,1,1,0.0,1,0,5,4,1690,0,5,73.0,-9,1.0,Taliban
722,0,0,1.0,1,0,7,14,27,0,8,1.0,1,0.0,Fulani extremists
723,0,0,0.0,1,0,3,4,303,0,6,1.0,-9,0.0,Al-Shabaab
724,0,0,0.0,1,0,3,1,1358,0,5,0.0,1,0.0,Nicaraguan Democratic Force (FDN)
725,0,1,0.0,1,0,3,19,1493,0,6,0.0,1,0.0,Revolutionary Armed Forces of Colombia (FARC)
726,0,0,0.0,1,0,2,4,332,0,5,7.0,1,0.0,Liberation Tigers of Tamil Eelam (LTTE)
727,1,0,1.0,1,0,6,14,1100,0,5,1.0,0,1.0,Maoists
728,0,1,0.0,1,0,1,2,1652,0,5,5.0,0,0.0,Sikh Extremists
729,0,0,1.0,1,0,3,8,214,0,6,0.0,1,0.0,Al-Qaida in Iraq
730,0,0,0.0,0,0,3,4,0,0,6,0.0,0,0.0,Maoists
731,0,0,0.0,1,0,2,3,959,0,5,0.0,0,0.0,Liberation Tigers of Tamil Eelam (LTTE)
732,0,0,0.0,1,0,3,3,250,0,6,1.0,1,0.0,Kurdistan Workers' Party (PKK)
733,0,0,1.0,1,0,3,21,1035,0,6,0.0,1,0.0,Manuel Rodriguez Patriotic Front (FPMR)
734,0,0,0.0,1,0,2,15,920,0,5,1.0,0,0.0,Kurdistan Workers' Party (PKK)
735,0,0,0.0,0,0,3,21,724,0,6,0.0,1,0.0,Manuel Rodriguez Patriotic Front (FPMR)
736,0,1,0.0,1,0,3,4,48,0,6,143.0,-9,0.0,Donetsk People's Republic
737,0,0,0.0,1,0,2,19,56,0,5,1.0,1,0.0,Farabundo Marti National Liberation Front (FMLN)
738,0,0,1.0,1,0,2,1,59,0,5,1.0,1,0.0,Nicaraguan Democratic Force (FDN)
739,0,0,0.0,1,0,3,21,1478,0,6,0.0,1,0.0,Revolutionary Armed Forces of Colombia (FARC)
740,0,0,0.0,1,0,3,21,357,0,6,2.0,1,0.0,Basque Fatherland and Freedom (ETA)
741,1,0,0.0,1,0,6,14,28,0,5,0.0,-9,1.0,Abu Sayyaf Group (ASG)
742,0,0,1.0,1,0,3,14,579,0,6,0.0,1,0.0,Corsican National Liberation Front (FLNC)
743,0,0,0.0,1,0,3,21,1031,0,6,0.0,1,0.0,Manuel Rodriguez Patriotic Front (FPMR)
744,0,0,0.0,1,0,3,4,1340,0,6,18.0,1,0.0,Nicaraguan Democratic Force (FDN)
745,0,0,0.0,1,0,3,15,445,0,6,0.0,-9,0.0,Fulani extremists
746,0,0,0.0,1,0,3,14,812,0,6,0.0,1,0.0,Irish Republican Army (IRA)
747,0,0,0.0,1,1,3,15,198,0,6,11.0,1,0.0,Boko Haram
748,0,0,0.0,1,0,2,14,466,0,5,7.0,1,0.0,Fulani extremists
749,0,0,0.0,1,0,1,2,374,0,5,1.0,0,0.0,Basque Fatherland and Freedom (ETA)
750,0,0,0.0,1,0,1,4,791,0,5,1.0,0,0.0,Irish Republican Army (IRA)
751,0,0,0.0,1,0,2,3,332,0,5,0.0,1,0.0,Sikh Extremists
752,0,0,0.0,1,0,6,7,649,0,5,0.0,0,1.0,Donetsk People's Republic
753,1,0,0.0,1,0,6,2,472,0,5,0.0,0,1.0,Boko Haram
754,0,0,1.0,1,1,3,2,199,0,6,26.0,-9,0.0,Al-Qaida in Iraq
755,0,0,1.0,1,1,3,17,291,0,6,9.0,1,0.0,Islamic State of Iraq and the Levant (ISIL)
756,0,0,1.0,1,0,2,14,809,0,5,0.0,0,0.0,Irish Republican Army (IRA)
757,0,0,0.0,1,0,2,14,504,0,5,3.0,0,0.0,Communist Party of India - Maoist (CPI-Maoist)
758,0,1,0.0,1,0,6,14,516,0,5,1.0,0,1.0,Communist Party of India - Maoist (CPI-Maoist)
759,0,0,0.0,1,0,2,3,1276,0,5,2.0,0,0.0,New People's Army (NPA)
760,0,0,1.0,1,0,3,1,1044,0,6,0.0,1,0.0,Manuel Rodriguez Patriotic Front (FPMR)
761,0,0,1.0,1,0,7,1,794,0,8,0.0,1,0.0,Irish Republican Army (IRA)
762,0,0,1.0,1,0,2,3,282,0,5,3.0,-9,0.0,New People's Army (NPA)
763,0,0,0.0,1,0,2,14,1101,0,9,1.0,0,0.0,Maoists
764,0,0,0.0,1,0,1,2,224,0,5,1.0,0,0.0,Al-Qaida in the Arabian Peninsula (AQAP)
765,0,0,0.0,1,0,3,1,1062,0,6,0.0,1,0.0,Shining Path (SL)
766,0,0,0.0,1,0,3,14,13,0,6,0.0,1,0.0,Al-Shabaab
767,0,0,1.0,1,0,3,1,583,0,6,0.0,1,0.0,Corsican National Liberation Front (FLNC)
768,0,0,0.0,1,0,3,4,48,0,6,0.0,-9,0.0,Houthi extremists (Ansar Allah)
769,0,0,1.0,1,0,3,15,202,0,6,1.0,-9,0.0,Al-Qaida in Iraq
770,0,0,1.0,1,0,3,19,36,0,6,0.0,1,0.0,Abu Sayyaf Group (ASG)
771,0,0,0.0,0,0,1,15,1156,0,9,0.0,0,0.0,Muslim extremists
772,0,0,0.0,0,0,1,2,744,0,5,0.0,0,0.0,Houthi extremists (Ansar Allah)
773,0,0,0.0,1,0,2,4,672,0,5,9.0,1,0.0,National Liberation Army of Colombia (ELN)
774,0,0,0.0,1,0,1,14,1617,0,5,4.0,0,0.0,Sikh Extremists
775,0,0,0.0,1,0,1,4,301,0,5,1.0,0,0.0,Al-Shabaab
776,0,0,0.0,1,1,3,2,311,0,6,6.0,1,0.0,Al-Shabaab
777,0,0,0.0,1,0,2,4,1486,0,5,3.0,0,0.0,Revolutionary Armed Forces of Colombia (FARC)
778,0,0,0.0,1,0,3,6,1711,0,6,0.0,0,0.0,Taliban
779,0,0,0.0,1,0,2,22,332,0,5,3.0,1,0.0,Liberation Tigers of Tamil Eelam (LTTE)
780,0,0,0.0,1,0,2,3,12,0,5,3.0,0,0.0,Tehrik-i-Taliban Pakistan (TTP)
781,0,0,0.0,1,0,1,3,393,0,5,1.0,0,0.0,Basque Fatherland and Freedom (ETA)
782,0,0,0.0,0,0,3,4,871,0,6,1.0,0,0.0,Islamic State of Iraq and the Levant (ISIL)
783,1,1,0.0,1,0,6,15,732,0,5,1.0,0,1.0,Fulani extremists
784,0,0,0.0,1,0,3,4,1423,0,6,1.0,1,0.0,Palestinians
785,0,0,1.0,1,0,3,14,307,0,6,0.0,1,0.0,Taliban
786,0,0,1.0,1,0,3,20,6,0,6,0.0,0,0.0,Al-Qaida in Iraq
787,0,0,0.0,1,0,2,14,27,0,5,2.0,1,0.0,Fulani extremists
788,0,0,0.0,1,0,2,4,1291,0,5,0.0,0,0.0,New People's Army (NPA)
789,0,0,0.0,1,0,2,14,13,0,5,1.0,-9,0.0,Muslim extremists
790,0,0,0.0,1,0,3,14,917,0,6,2.0,1,0.0,Kurdistan Workers' Party (PKK)
791,1,0,0.0,1,1,5,2,1697,0,6,14.0,1,1.0,Taliban
792,0,0,0.0,1,0,3,14,34,0,6,11.0,1,0.0,Abu Sayyaf Group (ASG)
793,0,0,0.0,1,0,3,2,1331,0,5,1.0,1,0.0,Nicaraguan Democratic Force (FDN)
794,0,0,1.0,1,0,3,3,85,0,6,0.0,0,0.0,Al-Qaida in Iraq
795,0,0,0.0,1,0,3,1,605,0,6,0.0,1,0.0,Corsican National Liberation Front (FLNC)
796,0,0,0.0,1,0,2,1,1064,0,5,0.0,1,0.0,Manuel Rodriguez Patriotic Front (FPMR)
797,0,0,0.0,1,0,5,14,13,0,5,0.0,0,1.0,Muslim extremists
798,0,0,1.0,1,1,3,4,48,0,6,2.0,1,0.0,Islamic State of Iraq and the Levant (ISIL)
799,0,0,0.0,1,0,3,1,425,0,6,0.0,1,0.0,Tupac Amaru Revolutionary Movement (MRTA)
800,0,0,0.0,1,0,2,19,56,0,5,20.0,1,0.0,Liberation Tigers of Tamil Eelam (LTTE)
801,0,0,0.0,1,0,2,4,1292,0,5,1.0,0,0.0,New People's Army (NPA)
802,0,0,0.0,1,1,3,22,217,0,6,1.0,0,0.0,Al-Qaida in the Arabian Peninsula (AQAP)
803,0,0,0.0,1,0,2,14,1578,0,5,6.0,1,0.0,Shining Path (SL)
804,0,0,0.0,1,0,2,14,1547,0,5,17.0,1,1.0,Shining Path (SL)
805,0,0,0.0,1,0,3,19,1580,0,6,0.0,1,0.0,Shining Path (SL)
806,0,0,0.0,1,0,1,3,1538,0,5,3.0,0,0.0,Shining Path (SL)
807,0,0,0.0,1,0,4,2,250,0,5,0.0,1,1.0,Al-Shabaab
808,0,0,0.0,1,0,3,14,194,0,6,3.0,0,0.0,Al-Qaida in Iraq
809,0,0,0.0,1,0,3,1,114,0,6,0.0,1,0.0,African National Congress (South Africa)
810,0,0,0.0,1,0,2,14,900,0,5,6.0,1,0.0,Kurdistan Workers' Party (PKK)
811,0,0,0.0,1,0,3,2,694,0,6,1.0,1,0.0,Farabundo Marti National Liberation Front (FMLN)
812,0,0,0.0,1,0,2,14,1536,0,5,0.0,1,0.0,Shining Path (SL)
813,0,0,1.0,1,0,2,14,27,0,5,10.0,0,0.0,Fulani extremists
814,1,0,0.0,1,0,6,10,645,0,6,0.0,1,1.0,Donetsk People's Republic
815,0,0,0.0,1,0,2,4,1415,0,8,0.0,1,0.0,Palestinians
816,0,0,1.0,1,0,3,1,581,0,6,0.0,1,0.0,Corsican National Liberation Front (FLNC)
817,0,0,0.0,1,0,2,2,1347,0,5,0.0,1,0.0,Nicaraguan Democratic Force (FDN)
818,0,0,0.0,1,0,2,3,1409,0,8,0.0,1,0.0,Palestinians
819,0,0,0.0,1,0,3,2,58,0,6,0.0,-9,0.0,Abu Sayyaf Group (ASG)
820,0,0,1.0,1,0,3,16,706,0,6,0.0,1,0.0,Farabundo Marti National Liberation Front (FMLN)
821,0,0,0.0,1,0,1,3,390,0,5,1.0,0,0.0,Basque Fatherland and Freedom (ETA)
822,0,0,0.0,0,0,3,20,6,0,6,0.0,0,0.0,National Liberation Army of Colombia (ELN)
823,0,0,0.0,0,0,3,21,1508,0,6,0.0,0,0.0,Revolutionary Armed Forces of Colombia (FARC)
824,0,0,0.0,1,0,2,3,1461,0,5,2.0,-9,0.0,Revolutionary Armed Forces of Colombia (FARC)
825,0,0,0.0,1,0,3,3,145,0,6,0.0,1,0.0,African National Congress (South Africa)
826,0,0,0.0,1,0,2,4,50,0,9,1.0,0,0.0,Abu Sayyaf Group (ASG)
827,0,0,0.0,1,0,3,1,1815,0,6,0.0,1,0.0,Tupac Amaru Revolutionary Movement (MRTA)
828,0,0,1.0,1,0,3,1,581,0,6,0.0,1,0.0,Corsican National Liberation Front (FLNC)
829,0,0,0.0,1,0,3,14,921,0,6,1.0,-9,0.0,Kurdistan Workers' Party (PKK)
830,0,0,0.0,0,0,3,10,953,0,6,0.0,0,0.0,Liberation Tigers of Tamil Eelam (LTTE)
831,0,0,0.0,1,0,3,3,282,0,6,0.0,1,0.0,Revolutionary Armed Forces of Colombia (FARC)
832,0,0,0.0,1,0,2,3,282,0,5,0.0,1,0.0,Tupac Amaru Revolutionary Movement (MRTA)
833,0,0,0.0,1,0,1,3,1582,0,5,1.0,0,0.0,Shining Path (SL)
834,0,0,0.0,1,0,3,14,13,0,6,2.0,1,0.0,Taliban
835,0,1,0.0,1,0,2,4,1476,0,5,3.0,1,0.0,Revolutionary Armed Forces of Colombia (FARC)
836,0,0,0.0,1,0,3,4,56,0,6,6.0,1,0.0,Al-Qaida in the Arabian Peninsula (AQAP)
837,1,0,0.0,1,0,6,14,13,0,5,1.0,1,1.0,Fulani extremists
838,0,0,0.0,1,0,2,4,332,0,5,0.0,1,0.0,Farabundo Marti National Liberation Front (FMLN)
839,0,0,1.0,1,0,3,14,13,0,6,2.0,0,0.0,Al-Qaida in Iraq
840,0,0,0.0,1,0,2,3,908,0,6,0.0,0,0.0,Kurdistan Workers' Party (PKK)
841,0,0,0.0,1,0,1,2,735,0,5,1.0,0,0.0,Fulani extremists
842,0,0,0.0,1,0,3,3,522,0,6,0.0,1,0.0,Communist Party of India - Maoist (CPI-Maoist)
843,0,0,0.0,1,0,3,4,985,0,6,6.0,1,0.0,Liberation Tigers of Tamil Eelam (LTTE)
844,0,0,0.0,1,0,3,3,363,0,6,1.0,1,0.0,Basque Fatherland and Freedom (ETA)
845,0,0,0.0,1,0,3,2,119,0,6,0.0,1,0.0,African National Congress (South Africa)
846,0,0,0.0,0,0,3,2,255,0,6,0.0,0,0.0,Al-Qaida in the Arabian Peninsula (AQAP)
847,0,0,1.0,1,0,3,14,308,0,6,3.0,1,0.0,Al-Shabaab
848,1,0,1.0,1,0,6,1,1088,0,5,0.0,0,1.0,Maoists
849,0,0,0.0,1,0,3,14,603,0,6,0.0,1,0.0,Corsican National Liberation Front (FLNC)
850,0,0,0.0,1,0,2,4,643,0,6,0.0,0,0.0,Donetsk People's Republic
851,0,0,0.0,1,0,1,4,795,0,5,1.0,0,0.0,Irish Republican Army (IRA)
852,0,0,0.0,1,0,2,3,282,0,5,3.0,0,0.0,Kurdistan Workers' Party (PKK)
853,0,0,1.0,1,0,2,4,646,0,6,1.0,-9,0.0,Donetsk People's Republic
854,0,0,1.0,1,0,3,21,685,0,6,0.0,1,0.0,Farabundo Marti National Liberation Front (FMLN)
855,0,0,0.0,1,0,3,14,177,0,6,5.0,1,0.0,Boko Haram
856,0,0,0.0,1,0,2,14,27,0,5,2.0,1,0.0,Sikh Extremists
857,0,0,0.0,0,0,3,2,217,0,6,0.0,0,0.0,Al-Qaida in the Arabian Peninsula (AQAP)
858,0,1,0.0,0,1,3,6,775,0,6,18.0,0,0.0,Islamic State of Iraq and the Levant (ISIL)
859,0,0,0.0,1,0,2,4,332,0,5,17.0,1,0.0,Kurdistan Workers' Party (PKK)
860,0,0,0.0,1,0,2,4,1328,0,5,1.0,1,0.0,Nicaraguan Democratic Force (FDN)
861,0,0,1.0,1,0,3,21,671,0,6,0.0,1,0.0,Farabundo Marti National Liberation Front (FMLN)
862,0,0,0.0,1,0,3,21,670,0,6,1.0,1,0.0,Shining Path (SL)
863,0,0,0.0,1,0,1,2,1635,0,5,7.0,0,0.0,Sikh Extremists
864,0,0,0.0,1,0,3,4,48,0,6,0.0,-9,0.0,Donetsk People's Republic
865,0,0,0.0,1,0,2,3,1090,0,12,0.0,0,0.0,Maoists
866,1,1,0.0,1,0,6,2,9,0,5,1.0,0,1.0,Abu Sayyaf Group (ASG)
867,0,0,0.0,1,0,1,3,827,0,5,1.0,0,0.0,Irish Republican Army (IRA)
868,0,0,0.0,1,0,2,4,672,0,5,22.0,1,0.0,Nicaraguan Democratic Force (FDN)
869,0,0,0.0,1,0,1,3,1649,0,5,2.0,0,0.0,Sikh Extremists
870,0,0,0.0,1,0,3,4,230,0,6,3.0,1,0.0,Al-Qaida in the Arabian Peninsula (AQAP)
871,0,0,1.0,1,0,3,4,48,0,6,0.0,-9,0.0,Donetsk People's Republic
872,0,0,0.0,1,0,2,4,48,0,6,1.0,0,0.0,Donetsk People's Republic
873,0,0,0.0,1,0,3,19,391,0,6,0.0,1,0.0,Basque Fatherland and Freedom (ETA)
874,0,0,1.0,1,0,3,3,886,0,6,0.0,1,0.0,Islamic State of Iraq and the Levant (ISIL)
875,0,0,0.0,1,0,2,3,139,0,5,1.0,1,0.0,African National Congress (South Africa)
876,0,0,1.0,1,0,3,4,48,0,6,0.0,-9,0.0,Houthi extremists (Ansar Allah)
877,0,0,0.0,1,0,3,2,93,0,6,0.0,1,0.0,African National Congress (South Africa)
878,0,0,0.0,1,0,2,14,27,0,5,5.0,0,0.0,Fulani extremists
879,0,0,1.0,1,0,3,1,1763,0,6,18.0,1,0.0,Tehrik-i-Taliban Pakistan (TTP)
880,0,0,0.0,1,0,1,22,1640,0,5,1.0,0,0.0,Sikh Extremists
881,0,1,0.0,1,0,2,2,988,0,5,6.0,1,0.0,Liberation Tigers of Tamil Eelam (LTTE)
882,0,0,0.0,1,0,3,3,85,0,6,1.0,1,0.0,National Liberation Army of Colombia (ELN)
883,0,0,1.0,1,0,3,21,1799,0,6,0.0,1,0.0,Tupac Amaru Revolutionary Movement (MRTA)
884,0,1,0.0,1,0,2,4,291,0,5,3.0,1,0.0,Kurdistan Workers' Party (PKK)
885,0,0,0.0,1,0,2,4,683,0,5,0.0,1,0.0,Nicaraguan Democratic Force (FDN)
886,0,0,0.0,1,0,2,4,672,0,5,1.0,1,0.0,Nicaraguan Democratic Force (FDN)
887,0,0,0.0,1,0,2,4,4,0,5,3.0,0,0.0,Abu Sayyaf Group (ASG)
888,0,0,0.0,1,0,2,4,672,0,5,1.0,1,0.0,Nicaraguan Democratic Force (FDN)
889,0,0,0.0,1,0,3,3,412,0,6,0.0,1,0.0,Basque Fatherland and Freedom (ETA)
890,0,0,0.0,1,1,3,17,249,0,6,16.0,1,0.0,Al-Qaida in the Arabian Peninsula (AQAP)
891,0,0,0.0,1,0,3,19,56,0,6,7.0,1,0.0,Boko Haram
892,0,0,0.0,1,0,3,14,116,0,6,2.0,1,0.0,African National Congress (South Africa)
893,0,0,0.0,1,0,2,4,672,0,5,1.0,1,0.0,Nicaraguan Democratic Force (FDN)
894,0,0,0.0,1,0,3,1,1741,0,6,3.0,1,0.0,Tehrik-i-Taliban Pakistan (TTP)
895,0,0,0.0,1,0,3,4,1209,0,6,4.0,1,0.0,National Liberation Army of Colombia (ELN)
896,1,0,1.0,1,0,6,2,1198,0,5,1.0,0,1.0,National Liberation Army of Colombia (ELN)
897,0,1,1.0,1,0,3,4,643,0,6,0.0,-9,0.0,Donetsk People's Republic
898,0,0,0.0,1,0,3,4,126,0,6,0.0,1,0.0,African National Congress (South Africa)
899,0,0,0.0,1,0,3,14,237,0,6,0.0,1,0.0,Al-Qaida in the Arabian Peninsula (AQAP)
900,0,0,0.0,1,0,3,11,763,0,6,0.0,0,0.0,Houthi extremists (Ansar Allah)
901,0,0,0.0,1,0,3,7,1733,0,6,1.0,1,0.0,Tehrik-i-Taliban Pakistan (TTP)
902,0,0,0.0,1,0,2,4,12,0,5,3.0,1,0.0,Liberation Tigers of Tamil Eelam (LTTE)
903,0,0,0.0,1,0,5,14,13,0,5,0.0,0,1.0,Houthi extremists (Ansar Allah)
904,0,0,1.0,1,0,2,19,56,0,8,0.0,1,0.0,Manuel Rodriguez Patriotic Front (FPMR)
905,0,0,0.0,0,0,3,22,1734,0,6,0.0,0,0.0,Tehrik-i-Taliban Pakistan (TTP)
906,0,0,1.0,1,0,7,1,1164,0,8,0.0,1,0.0,Muslim extremists
907,0,0,1.0,1,0,6,14,506,0,9,1.0,-9,1.0,Communist Party of India - Maoist (CPI-Maoist)
908,0,0,0.0,1,0,3,1,605,0,6,0.0,1,0.0,Manuel Rodriguez Patriotic Front (FPMR)
909,0,1,0.0,1,0,3,14,1708,0,6,1.0,1,0.0,Taliban
910,1,0,0.0,1,0,6,3,1676,0,5,0.0,-9,1.0,Taliban
911,0,0,0.0,1,0,1,1,414,0,5,1.0,0,0.0,Basque Fatherland and Freedom (ETA)
912,1,1,0.0,1,0,6,14,27,0,8,2.0,1,1.0,Communist Party of India - Maoist (CPI-Maoist)
913,0,0,0.0,1,0,3,19,1065,0,6,0.0,1,0.0,Manuel Rodriguez Patriotic Front (FPMR)
914,0,1,0.0,1,0,3,4,1402,0,6,7.0,1,0.0,Palestinians
915,0,1,0.0,1,0,3,3,1153,0,6,3.0,0,0.0,Muslim extremists
916,0,0,0.0,0,0,3,4,249,0,6,0.0,0,0.0,Houthi extremists (Ansar Allah)
917,0,0,0.0,0,0,3,4,602,0,6,0.0,0,0.0,Corsican National Liberation Front (FLNC)
918,0,0,0.0,1,1,3,14,242,0,6,1.0,0,0.0,Al-Qaida in the Arabian Peninsula (AQAP)
919,0,0,0.0,1,0,2,3,1560,0,5,1.0,1,0.0,Shining Path (SL)
920,0,0,0.0,1,0,1,3,371,0,5,1.0,0,0.0,Basque Fatherland and Freedom (ETA)
921,1,0,0.0,1,0,6,14,1212,0,5,0.0,0,1.0,National Liberation Army of Colombia (ELN)
922,0,0,0.0,1,0,3,4,12,0,6,2.0,0,0.0,Islamic State of Iraq and the Levant (ISIL)
923,0,0,1.0,1,0,3,14,211,0,6,2.0,0,0.0,Al-Qaida in Iraq
924,1,0,0.0,1,0,6,3,224,0,5,1.0,0,1.0,Sikh Extremists
925,0,0,0.0,1,0,2,4,672,0,5,0.0,1,0.0,Nicaraguan Democratic Force (FDN)
926,0,0,0.0,1,0,3,1,366,0,6,0.0,1,0.0,Basque Fatherland and Freedom (ETA)
927,0,0,1.0,1,0,3,2,195,0,6,2.0,1,0.0,Al-Qaida in Iraq
928,0,0,0.0,1,0,3,4,144,0,6,19.0,1,0.0,African National Congress (South Africa)
929,0,0,0.0,1,0,1,14,1425,0,9,1.0,0,0.0,Palestinians
930,0,0,0.0,1,0,1,2,471,0,5,1.0,0,0.0,Boko Haram
931,0,0,0.0,1,0,2,3,291,0,5,6.0,-9,0.0,Taliban
932,0,0,1.0,1,0,3,1,1037,0,6,0.0,1,0.0,Manuel Rodriguez Patriotic Front (FPMR)
933,0,0,0.0,1,0,7,19,56,0,8,0.0,1,0.0,Manuel Rodriguez Patriotic Front (FPMR)
934,0,0,1.0,1,0,3,1,1042,0,6,0.0,1,0.0,Manuel Rodriguez Patriotic Front (FPMR)
935,0,0,0.0,1,0,6,2,1196,0,5,0.0,0,1.0,National Liberation Army of Colombia (ELN)
936,0,0,1.0,1,0,3,3,628,0,6,0.0,-9,0.0,Muslim extremists
937,0,0,0.0,0,0,3,20,6,0,6,0.0,0,0.0,Maoists
938,0,0,1.0,1,0,3,14,536,0,6,0.0,1,0.0,Communist Party of India - Maoist (CPI-Maoist)
939,0,0,0.0,1,0,3,1,361,0,6,0.0,1,0.0,Basque Fatherland and Freedom (ETA)
940,0,0,0.0,1,0,2,4,672,0,5,1.0,1,0.0,Nicaraguan Democratic Force (FDN)
941,0,0,0.0,1,0,1,4,793,0,5,1.0,0,0.0,Irish Republican Army (IRA)
942,0,0,0.0,1,0,1,2,305,0,5,1.0,0,0.0,Al-Shabaab
943,0,0,0.0,1,0,3,14,743,0,6,2.0,1,0.0,Houthi extremists (Ansar Allah)
944,0,0,0.0,1,0,3,2,123,0,6,0.0,1,0.0,African National Congress (South Africa)
945,0,0,0.0,1,0,3,3,1742,0,6,0.0,1,0.0,Tehrik-i-Taliban Pakistan (TTP)
946,0,0,0.0,1,0,2,14,731,0,5,14.0,0,0.0,Fulani extremists
947,0,0,0.0,1,0,2,4,683,0,5,1.0,1,0.0,Farabundo Marti National Liberation Front (FMLN)
948,0,0,0.0,1,1,3,3,1747,0,6,1.0,1,0.0,Tehrik-i-Taliban Pakistan (TTP)
949,0,0,1.0,1,0,3,1,1802,0,6,0.0,1,0.0,Tupac Amaru Revolutionary Movement (MRTA)
950,0,0,0.0,1,0,3,3,588,0,6,0.0,1,0.0,Corsican National Liberation Front (FLNC)
951,0,0,1.0,1,0,3,14,736,0,6,1.0,-9,0.0,Muslim extremists
952,0,0,0.0,1,0,2,3,12,0,5,3.0,0,0.0,Taliban
953,0,0,0.0,1,0,2,14,1628,0,5,6.0,1,0.0,Sikh Extremists
954,1,0,0.0,1,0,2,2,1345,0,5,4.0,1,1.0,Nicaraguan Democratic Force (FDN)
955,0,0,0.0,1,0,2,3,837,0,5,1.0,0,0.0,Irish Republican Army (IRA)
956,0,0,0.0,1,0,3,8,875,0,6,15.0,1,0.0,Islamic State of Iraq and the Levant (ISIL)
957,0,0,0.0,1,0,3,1,591,0,6,0.0,1,0.0,Corsican National Liberation Front (FLNC)
958,0,0,0.0,1,0,1,3,254,0,5,2.0,1,0.0,Al-Qaida in the Arabian Peninsula (AQAP)
959,1,0,0.0,1,0,6,10,1830,0,5,1.0,0,1.0,Tupac Amaru Revolutionary Movement (MRTA)
960,0,0,1.0,1,0,3,1,599,0,6,0.0,1,0.0,Corsican National Liberation Front (FLNC)
961,0,1,0.0,0,0,2,3,12,0,5,0.0,0,0.0,Maoists
962,0,0,0.0,1,0,2,4,12,0,5,2.0,0,0.0,New People's Army (NPA)
963,0,0,0.0,1,0,2,3,85,0,6,2.0,1,0.0,Tehrik-i-Taliban Pakistan (TTP)
964,0,0,0.0,1,0,1,2,967,0,5,1.0,0,0.0,Liberation Tigers of Tamil Eelam (LTTE)
965,0,0,0.0,1,0,2,14,1342,0,5,18.0,1,1.0,Nicaraguan Democratic Force (FDN)
966,0,0,0.0,1,0,3,1,205,0,6,0.0,1,0.0,Tupac Amaru Revolutionary Movement (MRTA)
967,0,0,0.0,1,0,3,1,700,0,6,0.0,1,0.0,Farabundo Marti National Liberation Front (FMLN)
968,0,0,1.0,1,0,3,1,605,0,6,0.0,1,0.0,Shining Path (SL)
969,0,0,0.0,1,0,5,10,425,0,5,0.0,1,1.0,Tupac Amaru Revolutionary Movement (MRTA)
970,0,0,0.0,1,0,3,15,979,0,6,0.0,1,0.0,Liberation Tigers of Tamil Eelam (LTTE)
971,0,0,0.0,0,0,3,4,987,0,6,0.0,1,0.0,Liberation Tigers of Tamil Eelam (LTTE)
972,0,0,0.0,1,0,2,4,332,0,5,0.0,1,0.0,Nicaraguan Democratic Force (FDN)
973,0,0,0.0,1,0,3,14,527,0,6,3.0,1,0.0,Communist Party of India - Maoist (CPI-Maoist)
974,0,0,0.0,1,0,3,14,1038,0,6,0.0,1,0.0,Manuel Rodriguez Patriotic Front (FPMR)
975,1,0,0.0,1,0,6,3,1224,0,5,1.0,0,1.0,National Liberation Army of Colombia (ELN)
976,0,0,0.0,1,0,3,4,15,0,6,0.0,0,0.0,Abu Sayyaf Group (ASG)
977,0,0,1.0,1,0,2,14,27,0,5,4.0,1,0.0,Boko Haram
978,0,0,0.0,1,0,7,16,1300,0,8,0.0,1,0.0,New People's Army (NPA)
979,0,0,0.0,1,0,2,3,1278,0,5,1.0,0,0.0,New People's Army (NPA)
980,1,0,0.0,1,0,6,1,46,0,5,1.0,0,1.0,Abu Sayyaf Group (ASG)
981,1,0,0.0,1,0,6,14,1701,0,5,0.0,0,1.0,Taliban
982,0,0,0.0,1,0,3,14,1500,0,6,6.0,1,0.0,Revolutionary Armed Forces of Colombia (FARC)
983,0,0,0.0,1,0,2,14,27,0,5,2.0,1,0.0,Fulani extremists
984,0,0,0.0,1,0,2,14,250,0,8,0.0,1,0.0,Basque Fatherland and Freedom (ETA)
985,0,0,0.0,1,1,3,7,204,0,6,1.0,-9,0.0,Al-Qaida in Iraq
986,0,0,0.0,1,0,3,19,642,0,6,0.0,1,0.0,Donetsk People's Republic
987,0,0,1.0,0,0,3,1,355,0,6,0.0,1,0.0,Shining Path (SL)
988,0,0,0.0,1,0,6,14,302,0,5,0.0,0,1.0,New People's Army (NPA)
989,0,0,0.0,1,0,2,14,1352,0,5,8.0,1,0.0,Nicaraguan Democratic Force (FDN)
990,0,0,0.0,1,0,3,4,48,0,6,6.0,1,0.0,Muslim extremists
991,1,0,0.0,1,0,6,1,1231,0,5,0.0,0,1.0,National Liberation Army of Colombia (ELN)
992,0,0,0.0,1,0,3,19,1208,0,6,0.0,1,0.0,National Liberation Army of Colombia (ELN)
993,0,0,1.0,1,0,3,2,620,0,6,0.0,1,0.0,Corsican National Liberation Front (FLNC)
994,0,0,1.0,1,1,3,3,20,0,6,6.0,-9,0.0,Islamic State of Iraq and the Levant (ISIL)
995,0,0,0.0,1,0,1,14,1289,0,5,1.0,0,0.0,New People's Army (NPA)
996,0,0,0.0,1,0,3,14,13,0,6,2.0,-9,0.0,Al-Qaida in the Arabian Peninsula (AQAP)
997,0,0,0.0,1,0,1,14,1626,0,5,5.0,0,0.0,Sikh Extremists
998,0,0,0.0,1,0,3,1,1812,0,6,0.0,1,0.0,Tupac Amaru Revolutionary Movement (MRTA)
999,0,0,0.0,0,0,1,1,798,0,6,0.0,0,0.0,Irish Republican Army (IRA)
1000,0,0,1.0,1,0,2,3,85,0,5,3.0,0,0.0,Al-Qaida in Iraq
1001,0,0,0.0,1,0,3,21,1058,0,6,0.0,1,0.0,Manuel Rodriguez Patriotic Front (FPMR)
1002,0,0,0.0,1,0,1,3,1067,0,5,2.0,0,0.0,Manuel Rodriguez Patriotic Front (FPMR)
1003,0,0,1.0,1,0,3,21,1034,0,6,0.0,1,0.0,Manuel Rodriguez Patriotic Front (FPMR)
1004,0,0,0.0,1,0,3,17,1695,0,6,4.0,1,0.0,Taliban
1005,0,0,0.0,1,0,3,14,447,0,6,0.0,-9,0.0,Houthi extremists (Ansar Allah)
1006,0,1,1.0,1,0,3,3,12,0,6,1.0,0,0.0,Al-Qaida in Iraq
1007,0,0,0.0,1,0,1,4,1622,0,10,2.0,0,0.0,Sikh Extremists
1008,0,0,1.0,1,0,2,14,13,0,5,2.0,-9,0.0,Fulani extremists
1009,1,0,0.0,1,0,6,14,10,0,5,0.0,0,1.0,Abu Sayyaf Group (ASG)
1010,0,0,0.0,0,0,1,2,452,0,5,5.0,1,0.0,Boko Haram
1011,0,0,0.0,1,0,3,14,1351,0,5,0.0,1,0.0,Nicaraguan Democratic Force (FDN)
1012,0,0,0.0,0,0,7,1,810,0,8,0.0,1,0.0,Irish Republican Army (IRA)
1013,0,1,0.0,1,0,3,19,1479,0,6,3.0,1,0.0,Revolutionary Armed Forces of Colombia (FARC)
1014,0,0,1.0,1,0,3,14,757,0,6,3.0,-9,0.0,Islamic State of Iraq and the Levant (ISIL)
1015,0,0,0.0,1,0,3,10,1039,0,6,0.0,1,0.0,Manuel Rodriguez Patriotic Front (FPMR)
1016,0,0,0.0,1,0,2,14,466,0,6,9.0,0,0.0,Boko Haram
1017,0,0,1.0,1,0,6,1,528,0,8,0.0,1,1.0,Communist Party of India - Maoist (CPI-Maoist)
1018,0,0,0.0,1,0,2,4,683,0,5,2.0,1,0.0,Farabundo Marti National Liberation Front (FMLN)
1019,0,1,0.0,1,1,3,14,1726,0,6,26.0,0,0.0,Tehrik-i-Taliban Pakistan (TTP)
1020,1,1,0.0,1,0,1,14,1760,0,9,2.0,0,1.0,Tehrik-i-Taliban Pakistan (TTP)
1021,0,0,1.0,1,0,2,14,27,0,5,30.0,1,0.0,Fulani extremists
1022,0,0,1.0,1,0,6,14,27,0,5,1.0,1,1.0,Fulani extremists
1023,0,0,0.0,1,0,2,4,1267,0,5,3.0,0,0.0,New People's Army (NPA)
1024,0,0,1.0,1,0,3,4,48,0,6,1.0,-9,0.0,Donetsk People's Republic
1025,0,0,0.0,1,0,2,3,282,0,5,0.0,-9,0.0,Revolutionary Armed Forces of Colombia (FARC)
1026,0,0,0.0,1,0,1,4,262,0,5,1.0,0,0.0,Al-Qaida in the Arabian Peninsula (AQAP)
1027,0,1,0.0,1,1,3,3,217,0,6,2.0,0,0.0,Boko Haram
1028,0,0,0.0,1,0,1,2,267,0,5,1.0,0,0.0,Al-Qaida in the Arabian Peninsula (AQAP)
1029,0,1,1.0,1,0,7,1,581,0,8,0.0,1,0.0,Sikh Extremists
1030,0,0,0.0,1,0,2,14,302,0,5,1.0,0,0.0,Houthi extremists (Ansar Allah)
1031,0,0,0.0,0,0,1,2,747,0,5,0.0,-9,0.0,Houthi extremists (Ansar Allah)
1032,0,0,0.0,0,0,3,4,48,0,6,0.0,0,0.0,Maoists
1033,0,0,1.0,1,0,3,2,425,0,6,0.0,1,0.0,Corsican National Liberation Front (FLNC)
1034,1,0,0.0,1,0,6,4,189,0,5,1.0,0,1.0,Kurdistan Workers' Party (PKK)
1035,0,0,0.0,1,0,2,3,332,0,5,0.0,1,0.0,Farabundo Marti National Liberation Front (FMLN)
1036,0,0,0.0,1,0,3,19,1041,0,6,0.0,1,0.0,Manuel Rodriguez Patriotic Front (FPMR)
1037,0,0,0.0,1,0,2,3,314,0,6,0.0,1,0.0,Al-Shabaab
1038,0,0,0.0,1,0,1,4,450,0,6,3.0,1,0.0,Boko Haram
1039,1,0,0.0,1,0,6,19,1226,0,5,0.0,1,1.0,National Liberation Army of Colombia (ELN)
1040,0,0,0.0,1,0,2,14,1001,0,9,62.0,0,0.0,Liberation Tigers of Tamil Eelam (LTTE)
1041,0,0,0.0,1,0,1,17,990,0,5,2.0,0,0.0,Liberation Tigers of Tamil Eelam (LTTE)
1042,0,0,0.0,1,0,3,2,1466,0,6,5.0,1,0.0,Revolutionary Armed Forces of Colombia (FARC)
1043,0,0,0.0,1,0,3,14,690,0,5,58.0,1,1.0,Farabundo Marti National Liberation Front (FMLN)
1044,1,0,0.0,1,0,6,14,1501,0,5,0.0,0,1.0,Revolutionary Armed Forces of Colombia (FARC)
1045,0,0,1.0,1,0,2,14,27,0,5,17.0,1,0.0,Fulani extremists
1046,1,0,0.0,1,0,6,3,85,0,5,3.0,0,-9.0,New People's Army (NPA)
1047,0,0,1.0,1,0,3,21,1036,0,6,0.0,1,0.0,Manuel Rodriguez Patriotic Front (FPMR)
1048,0,0,1.0,1,0,3,1,115,0,6,1.0,1,0.0,African National Congress (South Africa)
1049,0,0,0.0,1,0,2,4,1295,0,5,8.0,1,0.0,New People's Army (NPA)
1050,0,0,0.0,1,0,2,14,329,0,5,2.0,0,0.0,Al-Shabaab
1051,0,0,0.0,1,0,2,4,332,0,5,8.0,1,0.0,Revolutionary Armed Forces of Colombia (FARC)
1052,0,0,1.0,1,0,3,2,425,0,6,0.0,1,0.0,Corsican National Liberation Front (FLNC)
1053,0,0,0.0,1,0,6,14,1089,0,5,1.0,0,1.0,Maoists
1054,0,0,0.0,1,0,3,4,48,0,6,0.0,-9,0.0,Donetsk People's Republic
1055,0,0,0.0,1,0,2,4,672,0,5,5.0,1,0.0,Farabundo Marti National Liberation Front (FMLN)
1056,0,0,0.0,1,0,3,3,129,0,6,1.0,1,0.0,African National Congress (South Africa)
1057,0,0,0.0,1,0,1,14,1647,0,5,2.0,0,0.0,Sikh Extremists
1058,0,0,0.0,1,0,6,14,760,0,5,0.0,0,1.0,Houthi extremists (Ansar Allah)
1059,0,0,0.0,1,0,2,3,822,0,5,0.0,1,0.0,Irish Republican Army (IRA)
1060,0,0,0.0,1,0,2,14,1336,0,5,1.0,1,0.0,Nicaraguan Democratic Force (FDN)
1061,0,0,0.0,1,0,3,3,413,0,6,0.0,1,0.0,Basque Fatherland and Freedom (ETA)
1062,0,0,0.0,1,0,2,4,830,0,5,1.0,1,0.0,Irish Republican Army (IRA)
1063,0,0,0.0,1,0,3,15,464,0,6,0.0,1,0.0,Boko Haram
1064,0,0,0.0,1,0,2,14,27,0,5,8.0,1,0.0,Fulani extremists
1065,0,0,1.0,1,0,2,14,27,0,5,8.0,1,0.0,Boko Haram
1066,0,0,0.0,1,0,2,4,672,0,5,12.0,1,0.0,Nicaraguan Democratic Force (FDN)
1067,0,0,0.0,1,0,3,15,1615,0,6,5.0,1,0.0,Sikh Extremists
1068,0,0,0.0,1,0,2,14,148,0,8,0.0,1,0.0,African National Congress (South Africa)
1069,0,1,1.0,1,0,3,3,12,0,6,1.0,0,0.0,Al-Qaida in Iraq
1070,0,0,0.0,1,0,2,14,13,0,5,5.0,0,0.0,Fulani extremists
1071,0,0,0.0,1,0,2,4,48,0,6,3.0,-9,0.0,Al-Shabaab
1072,0,0,0.0,1,0,1,3,1644,0,5,7.0,0,0.0,Sikh Extremists
1073,0,0,1.0,0,0,3,20,6,0,6,0.0,0,0.0,Maoists
1074,0,0,0.0,1,0,2,4,48,0,6,0.0,0,0.0,Donetsk People's Republic
1075,0,0,0.0,1,0,3,21,1204,0,6,0.0,1,0.0,National Liberation Army of Colombia (ELN)
1076,0,0,1.0,1,0,2,14,27,0,5,21.0,1,0.0,Fulani extremists
1077,1,0,0.0,1,0,6,4,20,0,5,8.0,-9,1.0,Al-Qaida in the Arabian Peninsula (AQAP)
1078,1,0,0.0,1,0,6,1,53,0,5,0.0,0,1.0,Abu Sayyaf Group (ASG)
1079,0,0,1.0,1,0,6,14,27,0,5,2.0,1,1.0,Fulani extremists
1080,0,0,0.0,1,0,3,15,1615,0,6,4.0,1,0.0,Sikh Extremists
1081,0,0,0.0,1,0,3,2,1696,0,6,0.0,0,0.0,Taliban
1082,0,0,0.0,1,0,2,1,1545,0,5,1.0,1,0.0,Shining Path (SL)
1083,0,0,0.0,1,0,3,3,675,0,6,0.0,1,0.0,Farabundo Marti National Liberation Front (FMLN)
1084,0,0,0.0,1,0,1,4,806,0,5,1.0,0,0.0,Irish Republican Army (IRA)
1085,0,0,1.0,1,0,7,17,186,0,5,10.0,1,0.0,Al-Qaida in Iraq
1086,0,0,0.0,1,0,3,4,258,0,6,4.0,1,0.0,Al-Shabaab
1087,0,0,1.0,1,0,3,3,1761,0,6,1.0,0,0.0,Tehrik-i-Taliban Pakistan (TTP)
1088,0,0,0.0,1,0,2,4,30,0,5,5.0,-9,0.0,Abu Sayyaf Group (ASG)
1089,0,1,0.0,0,0,3,20,6,0,6,0.0,0,0.0,Muslim extremists
1090,0,0,0.0,0,0,1,14,1398,0,9,0.0,0,0.0,Palestinians
1091,0,0,1.0,1,0,3,21,1055,0,6,0.0,1,0.0,Manuel Rodriguez Patriotic Front (FPMR)
1092,0,0,1.0,1,0,3,4,48,0,6,1.0,-9,0.0,Donetsk People's Republic
1093,0,0,0.0,1,0,3,14,488,0,6,0.0,1,0.0,Communist Party of India - Maoist (CPI-Maoist)
1094,1,1,0.0,1,0,6,14,13,0,5,1.0,0,1.0,National Liberation Army of Colombia (ELN)
1095,0,0,1.0,1,0,3,4,48,0,6,2.0,1,0.0,Islamic State of Iraq and the Levant (ISIL)
1096,1,0,0.0,1,0,6,1,1176,0,5,0.0,-9,1.0,Muslim extremists
1097,0,0,0.0,1,0,3,19,2,0,6,0.0,1,0.0,Abu Sayyaf Group (ASG)
1098,0,0,0.0,1,0,2,4,683,0,5,1.0,1,0.0,Revolutionary Armed Forces of Colombia (FARC)
1099,0,0,0.0,0,0,1,2,1705,0,6,0.0,0,0.0,Taliban
1100,0,1,0.0,1,0,2,3,513,0,5,1.0,-9,0.0,Communist Party of India - Maoist (CPI-Maoist)
1101,0,0,0.0,1,0,7,1,936,0,8,0.0,1,0.0,Kurdistan Workers' Party (PKK)
1102,0,0,0.0,1,0,2,4,902,0,5,1.0,0,0.0,Kurdistan Workers' Party (PKK)
1103,0,0,1.0,1,1,5,15,1743,0,6,28.0,1,1.0,Tehrik-i-Taliban Pakistan (TTP)
1104,0,0,0.0,1,0,2,4,672,0,5,1.0,1,0.0,Nicaraguan Democratic Force (FDN)
1105,0,0,0.0,0,0,1,2,335,0,5,12.0,1,0.0,Al-Shabaab
1106,0,0,0.0,1,0,3,2,1684,0,6,2.0,1,0.0,Taliban
1107,0,0,0.0,1,0,3,19,892,0,6,0.0,1,0.0,Maoists
1108,0,0,0.0,1,0,2,3,1499,0,5,1.0,1,0.0,Revolutionary Armed Forces of Colombia (FARC)
1109,0,0,0.0,1,0,7,2,702,0,5,0.0,1,0.0,Farabundo Marti National Liberation Front (FMLN)
1110,0,0,1.0,1,0,7,7,1115,0,8,0.0,1,0.0,Muslim extremists
1111,1,0,1.0,1,0,6,1,1494,0,5,1.0,0,1.0,Revolutionary Armed Forces of Colombia (FARC)
1112,0,0,0.0,1,0,3,21,670,0,6,1.0,1,0.0,Farabundo Marti National Liberation Front (FMLN)
1113,0,0,0.0,1,0,2,14,498,0,5,1.0,0,0.0,Communist Party of India - Maoist (CPI-Maoist)
1114,0,0,0.0,1,0,3,1,1541,0,6,0.0,1,0.0,Shining Path (SL)
1115,0,0,0.0,1,0,2,4,683,0,5,1.0,1,0.0,Farabundo Marti National Liberation Front (FMLN)
1116,0,0,1.0,1,0,2,14,13,0,5,2.0,0,0.0,Houthi extremists (Ansar Allah)
1117,0,0,0.0,1,0,1,14,1675,0,5,2.0,0,0.0,Taliban
1118,0,0,0.0,1,0,1,4,1299,0,5,1.0,0,0.0,New People's Army (NPA)
1119,0,0,0.0,1,0,3,4,982,0,6,2.0,1,0.0,Liberation Tigers of Tamil Eelam (LTTE)
1120,0,0,0.0,1,0,3,3,12,0,6,3.0,0,0.0,National Liberation Army of Colombia (ELN)
1121,0,0,1.0,1,0,6,14,1116,0,9,1.0,0,1.0,Maoists
1122,1,0,0.0,1,0,6,14,23,0,5,0.0,0,1.0,Abu Sayyaf Group (ASG)
1123,0,0,0.0,1,0,2,4,672,0,5,4.0,1,0.0,Farabundo Marti National Liberation Front (FMLN)
1124,0,0,0.0,0,1,3,4,997,0,6,3.0,-9,0.0,Liberation Tigers of Tamil Eelam (LTTE)
1125,1,0,1.0,1,0,6,14,27,0,5,2.0,1,1.0,Boko Haram
1126,0,0,0.0,1,0,2,4,843,0,5,1.0,0,0.0,Irish Republican Army (IRA)
1127,0,0,0.0,0,0,3,20,582,0,6,1.0,1,0.0,Palestinians
1128,0,0,0.0,1,0,3,21,1341,0,6,1.0,1,0.0,Nicaraguan Democratic Force (FDN)
1129,0,0,1.0,0,0,1,14,887,0,6,0.0,1,0.0,Islamic State of Iraq and the Levant (ISIL)
1130,0,0,0.0,1,0,3,8,1771,0,6,0.0,1,0.0,Tehrik-i-Taliban Pakistan (TTP)
1131,0,0,0.0,1,0,2,14,1344,0,5,4.0,1,0.0,Nicaraguan Democratic Force (FDN)
1132,0,0,0.0,1,0,3,2,151,0,6,0.0,1,0.0,African National Congress (South Africa)
1133,0,0,1.0,1,0,3,2,161,0,6,3.0,-9,0.0,Al-Qaida in the Arabian Peninsula (AQAP)
1134,0,0,0.0,1,0,1,2,1471,0,5,1.0,0,0.0,Revolutionary Armed Forces of Colombia (FARC)
1135,0,0,1.0,1,0,3,1,399,0,6,0.0,1,0.0,Tupac Amaru Revolutionary Movement (MRTA)
1136,0,0,0.0,1,1,3,4,175,0,6,8.0,-9,0.0,Al-Qaida in Iraq
1137,0,1,0.0,0,0,1,2,1639,0,6,0.0,0,0.0,Sikh Extremists
1138,0,0,0.0,1,0,2,4,705,0,5,0.0,1,0.0,Farabundo Marti National Liberation Front (FMLN)
1139,0,1,0.0,1,0,3,4,250,0,6,4.0,1,0.0,Donetsk People's Republic
1140,0,0,0.0,1,0,3,21,670,0,6,0.0,1,0.0,Manuel Rodriguez Patriotic Front (FPMR)
1141,0,0,0.0,1,0,2,14,995,0,5,1.0,0,0.0,Liberation Tigers of Tamil Eelam (LTTE)
1142,0,0,0.0,0,1,1,3,247,0,6,1.0,1,0.0,Al-Qaida in the Arabian Peninsula (AQAP)
1143,0,0,0.0,1,0,3,2,1827,0,6,0.0,1,0.0,Tupac Amaru Revolutionary Movement (MRTA)
1144,0,0,0.0,1,0,3,3,785,0,6,0.0,1,0.0,Irish Republican Army (IRA)
1145,0,0,1.0,1,0,6,7,258,0,5,0.0,1,1.0,Donetsk People's Republic
1146,0,0,0.0,1,0,3,3,20,0,6,1.0,-9,0.0,Al-Shabaab
1147,0,0,0.0,1,0,3,1,1818,0,6,0.0,1,0.0,Tupac Amaru Revolutionary Movement (MRTA)
1148,0,0,0.0,1,0,2,22,59,0,5,7.0,1,0.0,African National Congress (South Africa)
1149,0,0,1.0,1,0,2,3,465,0,6,21.0,1,0.0,Boko Haram
1150,0,0,0.0,1,0,2,4,55,0,5,2.0,0,0.0,Abu Sayyaf Group (ASG)
1151,1,0,0.0,1,0,6,14,31,0,5,0.0,0,1.0,Abu Sayyaf Group (ASG)
1152,0,1,0.0,0,0,3,20,6,0,6,0.0,0,0.0,Maoists
1153,0,0,1.0,1,1,3,19,883,0,6,18.0,1,0.0,Islamic State of Iraq and the Levant (ISIL)
1154,0,0,0.0,1,0,3,4,48,0,6,3.0,0,0.0,Boko Haram
1155,0,0,0.0,1,0,3,2,1487,0,6,0.0,1,0.0,Revolutionary Armed Forces of Colombia (FARC)
1156,0,0,0.0,1,0,2,4,271,0,5,3.0,-9,0.0,Al-Qaida in the Arabian Peninsula (AQAP)
1157,0,0,0.0,0,0,7,1,1803,0,8,0.0,1,0.0,Tupac Amaru Revolutionary Movement (MRTA)
1158,0,0,0.0,1,0,3,4,137,0,6,0.0,1,0.0,African National Congress (South Africa)
1159,0,0,1.0,1,0,3,14,757,0,6,3.0,1,0.0,Houthi extremists (Ansar Allah)
1160,0,0,0.0,1,0,2,2,1685,0,5,38.0,1,0.0,Taliban
1161,0,0,0.0,1,0,1,14,1205,0,5,1.0,0,0.0,National Liberation Army of Colombia (ELN)
1162,0,0,0.0,1,0,2,14,466,0,5,2.0,0,0.0,Fulani extremists
1163,0,0,0.0,0,0,3,3,842,0,6,0.0,1,0.0,Irish Republican Army (IRA)
1164,0,0,0.0,1,0,2,4,189,0,5,1.0,0,0.0,Al-Shabaab
1165,0,0,1.0,0,0,3,20,6,0,6,0.0,0,0.0,Maoists
1166,0,0,1.0,1,0,6,14,27,0,5,2.0,1,1.0,Fulani extremists
1167,0,0,0.0,1,0,2,3,1693,0,5,11.0,1,0.0,Taliban
1168,0,0,0.0,1,0,3,14,1418,0,6,2.0,1,0.0,Palestinians
1169,1,0,0.0,1,0,6,14,755,0,5,0.0,0,1.0,Houthi extremists (Ansar Allah)
1170,0,0,0.0,1,0,3,6,1235,0,6,0.0,1,0.0,National Liberation Army of Colombia (ELN)
1171,0,0,0.0,1,0,3,4,1729,0,6,0.0,-9,0.0,Tehrik-i-Taliban Pakistan (TTP)
1172,0,0,0.0,1,0,3,14,1581,0,6,1.0,1,0.0,Shining Path (SL)
1173,0,0,0.0,0,0,7,4,699,0,8,1.0,1,0.0,Palestinians
1174,0,0,1.0,1,0,3,15,198,0,6,1.0,0,0.0,Al-Qaida in Iraq
1175,0,0,1.0,1,0,2,14,27,0,5,13.0,1,0.0,Fulani extremists
1176,0,0,0.0,1,0,2,4,678,0,5,3.0,1,0.0,Nicaraguan Democratic Force (FDN)
1177,0,0,0.0,1,0,3,16,386,0,6,0.0,1,0.0,Basque Fatherland and Freedom (ETA)
1178,0,0,0.0,1,0,3,3,106,0,6,0.0,1,0.0,African National Congress (South Africa)
1179,1,0,0.0,1,0,6,14,1,0,5,0.0,0,1.0,Abu Sayyaf Group (ASG)
1180,0,0,1.0,1,0,3,3,282,0,6,0.0,0,0.0,Muslim extremists
1181,0,0,0.0,1,0,2,7,677,0,5,0.0,1,0.0,Farabundo Marti National Liberation Front (FMLN)
1182,0,0,1.0,1,0,3,4,1727,0,6,4.0,0,0.0,Tehrik-i-Taliban Pakistan (TTP)
1183,1,0,0.0,1,0,6,3,12,0,5,10.0,0,1.0,Muslim extremists
1184,0,0,0.0,1,0,1,4,782,0,5,1.0,0,0.0,Irish Republican Army (IRA)
1185,0,1,1.0,1,0,2,3,1274,0,5,10.0,0,0.0,New People's Army (NPA)
1186,1,1,0.0,1,0,6,14,490,0,5,2.0,0,1.0,Communist Party of India - Maoist (CPI-Maoist)
1187,0,0,0.0,1,0,2,2,1329,0,5,1.0,1,0.0,Nicaraguan Democratic Force (FDN)
1188,0,1,0.0,0,0,3,19,484,0,6,0.0,0,0.0,Communist Party of India - Maoist (CPI-Maoist)
1189,0,0,1.0,1,0,6,14,27,0,9,1.0,1,1.0,Fulani extremists
1190,0,0,0.0,1,0,3,4,846,0,6,0.0,1,0.0,Irish Republican Army (IRA)
1191,0,0,0.0,1,0,2,1,152,0,5,1.0,1,0.0,Tupac Amaru Revolutionary Movement (MRTA)
1192,0,0,0.0,1,0,1,14,266,0,5,5.0,1,0.0,Al-Qaida in the Arabian Peninsula (AQAP)
1193,0,1,0.0,1,0,2,14,1490,0,5,1.0,0,0.0,Revolutionary Armed Forces of Colombia (FARC)
1194,0,0,0.0,1,0,7,8,51,0,8,0.0,1,0.0,Boko Haram
1195,0,0,0.0,1,0,2,14,529,0,9,1.0,0,0.0,Communist Party of India - Maoist (CPI-Maoist)
1196,0,0,1.0,1,0,3,20,6,0,6,0.0,1,0.0,Basque Fatherland and Freedom (ETA)
1197,0,0,0.0,1,0,3,3,1747,0,6,1.0,1,0.0,Tehrik-i-Taliban Pakistan (TTP)
1198,0,0,0.0,1,0,1,2,128,0,8,0.0,1,0.0,African National Congress (South Africa)
1199,0,0,0.0,1,0,7,1,530,0,8,0.0,1,0.0,Communist Party of India - Maoist (CPI-Maoist)
1200,0,0,0.0,1,0,2,4,20,0,6,3.0,0,0.0,Al-Qaida in the Arabian Peninsula (AQAP)
1201,0,0,1.0,1,0,3,14,13,0,6,1.0,0,0.0,Al-Qaida in Iraq
1202,0,0,0.0,1,0,2,14,1161,0,5,1.0,0,0.0,Muslim extremists
1203,0,0,0.0,1,0,2,14,535,0,5,0.0,0,0.0,Communist Party of India - Maoist (CPI-Maoist)
1204,0,0,0.0,1,0,3,3,351,0,6,0.0,1,0.0,Basque Fatherland and Freedom (ETA)
1205,0,1,1.0,1,0,3,3,234,0,6,0.0,1,0.0,Boko Haram
1206,0,0,0.0,1,0,3,1,205,0,6,1.0,-9,0.0,Islamic State of Iraq and the Levant (ISIL)
1207,0,0,0.0,1,0,2,17,899,0,5,1.0,0,0.0,Kurdistan Workers' Party (PKK)
1208,0,0,0.0,1,0,3,16,1355,0,6,0.0,1,0.0,Nicaraguan Democratic Force (FDN)
1209,0,0,0.0,1,0,3,1,762,0,6,1.0,1,0.0,Houthi extremists (Ansar Allah)
1210,0,0,0.0,1,0,3,4,647,0,6,0.0,0,0.0,Donetsk People's Republic
1211,0,0,0.0,1,0,2,4,914,0,5,4.0,1,0.0,Kurdistan Workers' Party (PKK)
1212,0,1,0.0,1,0,2,4,48,0,5,12.0,0,0.0,Revolutionary Armed Forces of Colombia (FARC)
1213,0,0,0.0,1,1,3,4,48,0,6,11.0,1,0.0,Islamic State of Iraq and the Levant (ISIL)
1214,0,1,0.0,1,0,3,7,258,0,6,5.0,0,0.0,Muslim extremists
1215,0,0,1.0,1,0,7,16,448,0,8,4.0,1,0.0,Boko Haram
1216,0,0,0.0,1,0,3,10,394,0,6,0.0,-9,0.0,Basque Fatherland and Freedom (ETA)
1217,0,0,0.0,1,0,2,14,1689,0,5,1.0,0,0.0,Taliban
1218,0,0,1.0,1,0,3,1,581,0,6,0.0,1,0.0,Corsican National Liberation Front (FLNC)
1219,0,0,0.0,0,0,3,20,6,0,6,0.0,0,0.0,Muslim extremists
1220,0,0,1.0,1,0,1,3,1755,0,5,1.0,0,0.0,Tehrik-i-Taliban Pakistan (TTP)
1221,1,0,0.0,1,0,6,14,487,0,9,2.0,0,1.0,Communist Party of India - Maoist (CPI-Maoist)
1222,0,0,0.0,1,0,3,1,577,0,6,0.0,1,0.0,Corsican National Liberation Front (FLNC)
1223,0,0,0.0,1,0,3,14,425,0,6,0.0,1,0.0,Muslim extremists
1224,0,0,0.0,1,0,3,19,1233,0,6,8.0,1,0.0,National Liberation Army of Colombia (ELN)
1225,0,0,0.0,0,0,3,19,1558,0,6,17.0,0,0.0,Shining Path (SL)
1226,1,0,0.0,1,0,6,14,449,0,5,1.0,0,1.0,Boko Haram
1227,1,0,0.0,1,0,6,1,1495,0,5,0.0,0,1.0,Revolutionary Armed Forces of Colombia (FARC)
1228,0,0,0.0,1,0,1,2,1564,0,5,1.0,0,0.0,Shining Path (SL)
1229,0,0,0.0,1,0,1,8,1556,0,5,1.0,0,0.0,Shining Path (SL)
1230,0,0,0.0,1,0,2,14,1330,0,5,1.0,1,0.0,Nicaraguan Democratic Force (FDN)
1231,0,0,1.0,1,0,3,1,370,0,6,0.0,1,0.0,Basque Fatherland and Freedom (ETA)
1232,0,0,0.0,1,0,3,1,614,0,6,0.0,1,0.0,Corsican National Liberation Front (FLNC)
1233,0,0,0.0,1,0,7,1,542,0,8,0.0,1,0.0,Communist Party of India - Maoist (CPI-Maoist)
1234,0,0,0.0,1,0,2,4,1570,0,8,1.0,1,0.0,Shining Path (SL)
1235,0,0,0.0,1,0,3,14,13,0,6,2.0,0,0.0,Al-Qaida in Iraq
1236,0,0,0.0,1,0,3,14,13,0,6,7.0,1,0.0,Tehrik-i-Taliban Pakistan (TTP)
1237,0,0,0.0,1,0,3,14,459,0,6,3.0,-9,0.0,Donetsk People's Republic
1238,0,0,0.0,1,0,3,1,1050,0,6,0.0,1,0.0,Manuel Rodriguez Patriotic Front (FPMR)
1239,0,1,0.0,1,0,3,4,258,0,6,2.0,1,0.0,Muslim extremists
1240,0,0,0.0,1,0,3,4,963,0,6,1.0,1,0.0,Liberation Tigers of Tamil Eelam (LTTE)
1241,0,1,1.0,1,0,7,1,502,0,8,0.0,1,0.0,Communist Party of India - Maoist (CPI-Maoist)
1242,0,0,0.0,1,0,3,14,757,0,6,1.0,-9,0.0,Houthi extremists (Ansar Allah)
1243,0,0,0.0,1,0,3,3,520,0,6,0.0,-9,0.0,Communist Party of India - Maoist (CPI-Maoist)
1244,0,0,0.0,1,0,3,19,1456,0,6,0.0,-9,0.0,Revolutionary Armed Forces of Colombia (FARC)
1245,0,0,0.0,1,0,2,4,683,0,5,3.0,1,0.0,Farabundo Marti National Liberation Front (FMLN)
1246,0,1,0.0,1,0,7,1,514,0,5,0.0,1,0.0,Maoists
1247,0,0,1.0,1,0,3,2,311,0,6,0.0,0,0.0,Al-Shabaab
1248,0,0,0.0,1,0,3,2,1806,0,6,0.0,1,0.0,Tupac Amaru Revolutionary Movement (MRTA)
1249,0,0,0.0,1,0,3,4,12,0,6,0.0,1,0.0,Palestinians
1250,0,0,0.0,1,0,3,2,138,0,6,3.0,1,0.0,African National Congress (South Africa)
1251,0,0,0.0,1,0,3,8,389,0,6,0.0,1,0.0,Basque Fatherland and Freedom (ETA)
1252,0,0,0.0,1,0,3,1,601,0,6,0.0,1,0.0,Corsican National Liberation Front (FLNC)
1253,0,0,0.0,1,0,3,4,258,0,6,3.0,1,0.0,Al-Qaida in the Arabian Peninsula (AQAP)
1254,1,0,0.0,1,0,6,1,54,0,5,0.0,1,1.0,Abu Sayyaf Group (ASG)
1255,0,0,0.0,1,1,3,4,1681,0,6,1.0,1,0.0,Taliban
1256,0,0,0.0,1,0,2,14,1346,0,5,0.0,1,0.0,Nicaraguan Democratic Force (FDN)
1257,0,0,0.0,1,0,2,4,672,0,5,1.0,1,0.0,Nicaraguan Democratic Force (FDN)
1258,0,0,0.0,1,0,3,14,1047,0,6,0.0,1,0.0,Manuel Rodriguez Patriotic Front (FPMR)
1259,0,0,1.0,1,0,2,15,1174,0,5,1.0,0,0.0,Muslim extremists
1260,0,0,1.0,1,0,3,14,757,0,6,4.0,-9,0.0,Muslim extremists
1261,0,0,0.0,1,0,3,1,1238,0,6,0.0,1,0.0,National Liberation Army of Colombia (ELN)
1262,0,0,0.0,1,0,2,14,521,0,9,1.0,0,0.0,Communist Party of India - Maoist (CPI-Maoist)
1263,0,0,0.0,1,0,2,14,27,0,5,2.0,1,0.0,Boko Haram
1264,0,0,0.0,1,0,2,3,969,0,5,0.0,0,0.0,Liberation Tigers of Tamil Eelam (LTTE)
1265,0,0,0.0,1,0,3,3,250,0,6,0.0,1,0.0,Maoists
1266,0,0,1.0,1,0,3,3,379,0,6,0.0,1,0.0,Basque Fatherland and Freedom (ETA)
1267,0,0,0.0,1,0,3,14,1060,0,6,0.0,1,0.0,Manuel Rodriguez Patriotic Front (FPMR)
1268,0,0,1.0,1,0,3,2,1819,0,6,0.0,1,0.0,Tupac Amaru Revolutionary Movement (MRTA)
1269,0,0,0.0,1,0,1,14,814,0,5,1.0,0,0.0,Irish Republican Army (IRA)
1270,0,0,0.0,1,0,7,8,38,0,8,0.0,1,0.0,Abu Sayyaf Group (ASG)
1271,0,1,1.0,1,0,2,3,85,0,5,4.0,0,0.0,Islamic State of Iraq and the Levant (ISIL)
1272,0,0,0.0,1,0,3,14,752,0,6,0.0,1,0.0,Muslim extremists
1273,0,0,0.0,1,0,3,2,1046,0,6,0.0,1,0.0,Manuel Rodriguez Patriotic Front (FPMR)
1274,0,0,0.0,1,0,2,4,332,0,5,3.0,1,0.0,Nicaraguan Democratic Force (FDN)
1275,0,0,0.0,1,0,3,19,768,0,6,0.0,1,0.0,Houthi extremists (Ansar Allah)
1276,0,0,1.0,1,0,2,2,458,0,5,13.0,1,0.0,Boko Haram
1277,0,0,0.0,1,0,3,1,205,0,6,0.0,1,0.0,Corsican National Liberation Front (FLNC)
1278,0,0,0.0,1,0,1,14,1286,0,5,1.0,0,0.0,New People's Army (NPA)
1279,0,0,0.0,1,0,3,4,250,0,6,2.0,1,0.0,Al-Shabaab
1280,0,0,1.0,1,0,1,4,404,0,5,2.0,0,0.0,Basque Fatherland and Freedom (ETA)
1281,1,0,0.0,1,1,3,4,1713,0,6,26.0,1,0.0,Taliban
1282,0,0,0.0,1,0,3,14,447,0,6,0.0,-9,0.0,Islamic State of Iraq and the Levant (ISIL)
1283,0,0,1.0,1,1,3,14,13,0,6,6.0,0,0.0,Islamic State of Iraq and the Levant (ISIL)
1284,1,0,1.0,1,0,6,14,1104,0,5,1.0,0,1.0,Maoists
1285,0,0,0.0,1,0,1,4,331,0,5,1.0,0,0.0,Al-Shabaab
1286,0,0,0.0,1,0,3,4,840,0,6,0.0,1,0.0,Irish Republican Army (IRA)
1287,0,0,0.0,1,0,3,3,250,0,6,0.0,1,0.0,Maoists
1288,0,0,0.0,1,0,3,4,258,0,6,3.0,0,0.0,Taliban
1289,0,0,0.0,1,0,2,14,13,0,5,2.0,0,0.0,Fulani extremists
1290,0,0,0.0,1,0,3,21,97,0,6,0.0,1,0.0,African National Congress (South Africa)
1291,1,0,0.0,1,0,6,4,879,0,5,1.0,0,1.0,Islamic State of Iraq and the Levant (ISIL)
1292,0,0,0.0,1,0,6,4,672,0,5,1.0,1,1.0,Nicaraguan Democratic Force (FDN)
1293,0,0,0.0,1,0,1,14,503,0,5,1.0,-9,1.0,Communist Party of India - Maoist (CPI-Maoist)
1294,0,0,0.0,1,0,2,19,1645,0,5,15.0,1,0.0,Sikh Extremists
1295,0,0,0.0,1,0,3,4,781,0,6,0.0,0,0.0,Maoists
1296,0,0,0.0,1,0,3,15,1169,0,6,0.0,1,0.0,Muslim extremists
1297,0,0,0.0,1,0,3,2,1025,0,6,0.0,1,0.0,Manuel Rodriguez Patriotic Front (FPMR)
1298,0,0,1.0,1,0,3,14,594,0,6,0.0,1,0.0,Corsican National Liberation Front (FLNC)
1299,0,0,0.0,1,0,2,14,538,0,5,3.0,0,0.0,Communist Party of India - Maoist (CPI-Maoist)
1300,0,0,0.0,1,0,2,2,1288,0,5,0.0,1,0.0,New People's Army (NPA)
1301,0,0,0.0,1,0,3,14,27,0,6,0.0,-9,0.0,Donetsk People's Republic
1302,0,0,1.0,1,0,2,19,100,0,8,0.0,1,0.0,African National Congress (South Africa)
1303,0,0,0.0,1,0,2,4,672,0,5,1.0,1,0.0,Nicaraguan Democratic Force (FDN)
1304,0,0,0.0,1,0,6,14,459,0,5,7.0,1,1.0,Revolutionary Armed Forces of Colombia (FARC)
1305,0,0,0.0,1,0,2,1,257,0,5,1.0,0,0.0,Al-Qaida in the Arabian Peninsula (AQAP)
1306,0,0,0.0,1,0,2,2,1687,0,5,11.0,-9,0.0,Taliban
1307,1,0,0.0,1,0,6,8,22,0,5,0.0,0,1.0,Abu Sayyaf Group (ASG)
1308,0,0,1.0,1,1,3,3,85,0,6,1.0,1,0.0,Al-Qaida in Iraq
1309,0,0,0.0,1,0,3,2,610,0,6,0.0,1,0.0,Corsican National Liberation Front (FLNC)
1310,0,0,0.0,1,0,3,14,307,0,6,13.0,1,0.0,Houthi extremists (Ansar Allah)
1311,0,0,1.0,1,0,3,21,991,0,6,0.0,1,0.0,Liberation Tigers of Tamil Eelam (LTTE)
1312,0,0,0.0,1,0,2,14,1613,0,5,4.0,1,0.0,Sikh Extremists
1313,0,0,1.0,1,0,6,4,1746,0,5,1.0,0,1.0,Tehrik-i-Taliban Pakistan (TTP)
1314,0,0,1.0,1,1,3,4,0,0,6,23.0,0,0.0,Islamic State of Iraq and the Levant (ISIL)
1315,0,0,0.0,1,0,1,3,1574,0,5,1.0,0,0.0,Shining Path (SL)
1316,0,0,0.0,1,0,7,1,925,0,8,0.0,1,0.0,Kurdistan Workers' Party (PKK)
1317,0,0,0.0,1,0,3,4,790,0,6,1.0,1,0.0,Irish Republican Army (IRA)
1318,0,0,0.0,1,0,1,14,956,0,5,2.0,0,0.0,Liberation Tigers of Tamil Eelam (LTTE)
1319,0,0,0.0,1,0,3,19,593,0,6,1.0,1,0.0,Corsican National Liberation Front (FLNC)
1320,0,0,0.0,1,0,3,4,667,0,6,0.0,1,0.0,Kurdistan Workers' Party (PKK)
1321,0,0,1.0,1,0,2,4,189,0,5,1.0,0,0.0,Al-Qaida in Iraq
1322,1,0,0.0,1,0,6,14,11,0,5,0.0,0,1.0,Abu Sayyaf Group (ASG)
1323,0,0,0.0,1,0,2,3,964,0,5,2.0,-9,0.0,Liberation Tigers of Tamil Eelam (LTTE)
1324,0,0,0.0,1,0,7,1,911,0,5,1.0,1,0.0,Kurdistan Workers' Party (PKK)
1325,0,0,0.0,1,0,1,14,1419,0,9,1.0,0,0.0,Palestinians
1326,0,1,0.0,1,0,2,3,1125,0,5,1.0,0,0.0,Maoists
1327,0,0,0.0,1,0,2,14,1394,0,8,0.0,1,0.0,Palestinians
1328,0,1,0.0,0,0,3,20,6,0,6,0.0,0,0.0,Maoists
1329,0,0,0.0,1,0,3,1,605,0,6,0.0,1,0.0,Shining Path (SL)
1330,0,0,1.0,1,0,5,19,509,0,5,0.0,1,1.0,Communist Party of India - Maoist (CPI-Maoist)
1331,0,0,1.0,1,0,3,14,346,0,6,3.0,1,0.0,Houthi extremists (Ansar Allah)
1332,0,0,0.0,1,0,2,10,1061,0,5,0.0,1,0.0,Tupac Amaru Revolutionary Movement (MRTA)
1333,0,0,0.0,0,0,3,15,1627,0,6,0.0,0,0.0,Sikh Extremists
1334,0,0,0.0,1,0,1,14,1607,0,5,3.0,0,0.0,Sikh Extremists
1335,0,0,0.0,1,0,1,14,1417,0,9,1.0,0,0.0,Palestinians
1336,0,0,0.0,1,0,1,2,701,0,5,0.0,1,0.0,Farabundo Marti National Liberation Front (FMLN)
1337,0,0,1.0,1,0,3,15,207,0,6,0.0,1,0.0,Al-Qaida in Iraq
1338,0,0,0.0,1,0,3,21,1240,0,6,0.0,1,0.0,National Liberation Army of Colombia (ELN)
1339,0,0,0.0,1,0,3,16,1304,0,6,0.0,1,0.0,New People's Army (NPA)
1340,0,0,0.0,1,0,1,2,1492,0,5,1.0,1,0.0,Revolutionary Armed Forces of Colombia (FARC)
1341,0,0,0.0,1,0,1,3,1096,0,5,1.0,-9,0.0,New People's Army (NPA)
1342,0,0,0.0,1,0,2,4,332,0,5,11.0,1,0.0,Farabundo Marti National Liberation Front (FMLN)
1343,0,0,0.0,0,0,1,1,1389,0,9,1.0,0,0.0,Palestinians
1344,0,0,1.0,0,0,3,6,229,0,6,0.0,0,0.0,Al-Qaida in the Arabian Peninsula (AQAP)
1345,0,0,0.0,1,0,3,21,130,0,6,0.0,1,0.0,African National Congress (South Africa)
1346,0,0,0.0,1,0,3,1,801,0,6,1.0,1,0.0,Irish Republican Army (IRA)
1347,0,0,0.0,1,0,2,4,273,0,5,2.0,-9,0.0,Islamic State of Iraq and the Levant (ISIL)
1348,0,0,0.0,0,0,2,4,55,0,5,0.0,0,0.0,New People's Army (NPA)
1349,0,0,1.0,1,0,3,19,56,0,6,0.0,1,0.0,Manuel Rodriguez Patriotic Front (FPMR)
1350,0,0,0.0,1,0,2,4,48,0,6,0.0,-9,0.0,Donetsk People's Republic
1351,0,0,0.0,1,0,3,21,1459,0,6,0.0,1,0.0,Revolutionary Armed Forces of Colombia (FARC)
1352,0,0,1.0,1,0,3,14,1835,0,6,0.0,1,0.0,Tupac Amaru Revolutionary Movement (MRTA)
1353,0,0,0.0,1,0,2,4,1266,0,5,2.0,-9,0.0,New People's Army (NPA)
1354,0,0,0.0,1,0,7,16,508,0,8,0.0,1,0.0,Communist Party of India - Maoist (CPI-Maoist)
1355,0,0,1.0,1,1,3,3,85,0,6,3.0,-9,0.0,Al-Qaida in Iraq
1356,0,0,0.0,1,0,2,3,699,0,5,6.0,1,0.0,Tupac Amaru Revolutionary Movement (MRTA)
1357,0,1,0.0,1,0,3,4,12,0,6,0.0,0,0.0,Maoists
1358,0,0,0.0,1,0,1,14,1573,0,5,1.0,0,0.0,Shining Path (SL)
1359,0,1,0.0,1,0,2,4,325,0,5,11.0,1,0.0,Al-Shabaab
1360,0,0,1.0,1,0,6,17,186,0,6,31.0,0,1.0,Islamic State of Iraq and the Levant (ISIL)
1361,0,0,0.0,1,0,2,14,27,0,5,13.0,0,0.0,Boko Haram
1362,0,0,0.0,1,0,3,21,299,0,6,0.0,1,0.0,Al-Shabaab
1363,0,0,1.0,1,0,2,14,1744,0,5,3.0,1,0.0,Tehrik-i-Taliban Pakistan (TTP)
1364,0,0,0.0,1,0,1,2,1094,0,5,1.0,0,1.0,Maoists
1365,0,0,0.0,1,0,2,3,771,0,6,1.0,-9,0.0,Taliban
1366,0,0,0.0,1,0,2,3,984,0,5,1.0,0,0.0,Liberation Tigers of Tamil Eelam (LTTE)
1367,0,0,0.0,1,0,3,4,122,0,6,3.0,1,0.0,African National Congress (South Africa)
1368,0,0,0.0,1,0,3,3,12,0,6,1.0,1,0.0,New People's Army (NPA)
1369,0,0,1.0,1,0,3,1,1227,0,6,0.0,1,0.0,National Liberation Army of Colombia (ELN)
1370,0,0,1.0,1,0,2,14,27,0,5,1.0,1,0.0,Fulani extremists
1371,1,1,0.0,1,0,4,11,3,0,5,4.0,0,1.0,Abu Sayyaf Group (ASG)
1372,0,0,0.0,0,0,1,3,1764,0,6,5.0,1,0.0,Tehrik-i-Taliban Pakistan (TTP)
1373,0,0,0.0,1,0,2,15,477,0,5,0.0,-9,0.0,Fulani extremists
1374,0,0,0.0,1,0,3,1,754,0,6,0.0,1,0.0,Houthi extremists (Ansar Allah)
1375,0,0,0.0,1,0,2,14,1809,0,5,1.0,1,0.0,Tupac Amaru Revolutionary Movement (MRTA)
1376,0,0,1.0,1,1,3,1,463,0,6,20.0,1,0.0,Boko Haram
1377,0,0,0.0,1,0,3,2,611,0,6,0.0,1,0.0,Corsican National Liberation Front (FLNC)
1378,0,0,0.0,1,0,3,1,21,0,6,0.0,-9,0.0,Abu Sayyaf Group (ASG)
1379,0,0,0.0,0,0,1,3,106,0,6,1.0,1,0.0,African National Congress (South Africa)
1380,0,0,0.0,1,0,3,15,994,0,6,0.0,-9,0.0,Liberation Tigers of Tamil Eelam (LTTE)
1381,0,0,0.0,1,0,3,2,1507,0,6,0.0,1,0.0,Revolutionary Armed Forces of Colombia (FARC)
1382,0,0,0.0,1,0,3,4,958,0,6,3.0,-9,0.0,Liberation Tigers of Tamil Eelam (LTTE)
1383,0,0,0.0,1,0,3,2,1040,0,6,0.0,1,0.0,Manuel Rodriguez Patriotic Front (FPMR)
1384,0,0,0.0,1,0,2,3,85,0,5,0.0,0,0.0,New People's Army (NPA)
1385,0,0,0.0,1,0,2,3,1688,0,5,7.0,0,0.0,Taliban
1386,0,0,1.0,1,0,2,14,27,0,6,14.0,1,0.0,Boko Haram
1387,0,1,0.0,1,0,7,1,524,0,8,0.0,1,0.0,Communist Party of India - Maoist (CPI-Maoist)
1388,0,0,0.0,0,0,3,2,1634,0,6,0.0,0,0.0,Sikh Extremists
1389,0,0,0.0,1,0,2,1,1343,0,5,8.0,1,0.0,Nicaraguan Democratic Force (FDN)
1390,0,0,0.0,1,0,3,3,6,0,6,4.0,1,0.0,Taliban
1391,0,1,0.0,1,0,3,4,48,0,6,1.0,0,0.0,Kurdistan Workers' Party (PKK)
1392,0,0,0.0,1,1,3,4,48,0,6,13.0,1,0.0,Islamic State of Iraq and the Levant (ISIL)
1393,0,0,0.0,1,0,3,3,608,0,6,0.0,1,0.0,Corsican National Liberation Front (FLNC)
1394,0,0,0.0,1,0,3,3,273,0,6,0.0,1,0.0,Manuel Rodriguez Patriotic Front (FPMR)
1395,0,0,0.0,1,0,2,14,27,0,8,5.0,1,0.0,Fulani extremists
1396,0,0,0.0,0,0,3,14,617,0,6,0.0,0,0.0,Corsican National Liberation Front (FLNC)
1397,0,0,0.0,1,0,1,3,1280,0,5,1.0,0,0.0,New People's Army (NPA)
1398,0,1,0.0,1,0,3,4,134,0,6,1.0,1,0.0,African National Congress (South Africa)
1399,0,0,0.0,1,0,2,14,27,0,6,2.0,1,0.0,Boko Haram
1400,0,0,0.0,1,0,3,21,1552,0,6,0.0,1,0.0,Shining Path (SL)
1401,0,0,0.0,1,0,3,4,1032,0,6,0.0,1,0.0,Manuel Rodriguez Patriotic Front (FPMR)
1402,1,0,0.0,1,0,6,4,217,0,5,16.0,1,1.0,Al-Qaida in the Arabian Peninsula (AQAP)
1403,0,0,1.0,1,0,3,1,605,0,6,0.0,1,0.0,Tupac Amaru Revolutionary Movement (MRTA)
1404,0,0,0.0,1,0,3,7,1426,0,6,0.0,1,0.0,Palestinians
1405,0,0,0.0,1,0,3,3,98,0,6,0.0,1,0.0,African National Congress (South Africa)
1406,0,0,1.0,1,0,3,14,595,0,6,0.0,1,0.0,Corsican National Liberation Front (FLNC)
1407,0,0,0.0,1,0,3,14,1392,0,6,1.0,1,0.0,Palestinians
1408,0,0,0.0,1,0,3,15,1219,0,6,1.0,-9,0.0,National Liberation Army of Colombia (ELN)
1409,0,0,0.0,1,0,7,1,539,0,8,0.0,1,0.0,Communist Party of India - Maoist (CPI-Maoist)
1410,0,0,0.0,0,0,3,3,139,0,6,1.0,1,0.0,African National Congress (South Africa)
1411,0,0,0.0,1,0,2,4,1739,0,5,21.0,0,0.0,Tehrik-i-Taliban Pakistan (TTP)
1412,0,0,0.0,1,0,3,4,667,0,6,2.0,1,0.0,Islamic State of Iraq and the Levant (ISIL)
1413,0,0,0.0,1,0,3,14,916,0,6,1.0,1,0.0,Kurdistan Workers' Party (PKK)
1414,0,0,0.0,1,0,3,4,1750,0,6,8.0,1,0.0,Tehrik-i-Taliban Pakistan (TTP)
1415,0,0,0.0,0,0,2,3,356,0,5,0.0,0,0.0,Basque Fatherland and Freedom (ETA)
1416,0,0,0.0,1,0,2,14,1103,0,9,1.0,0,0.0,Maoists
1417,0,0,0.0,1,0,2,10,758,0,5,0.0,1,0.0,Houthi extremists (Ansar Allah)
1418,0,0,0.0,1,0,2,4,672,0,5,0.0,1,0.0,Nicaraguan Democratic Force (FDN)
1419,0,1,0.0,1,0,2,3,98,0,5,3.0,1,0.0,African National Congress (South Africa)
1420,0,0,1.0,1,0,3,15,442,0,6,0.0,1,0.0,Boko Haram
1421,0,0,1.0,1,0,3,3,85,0,6,0.0,0,0.0,New People's Army (NPA)
1422,0,0,0.0,1,0,7,1,834,0,8,0.0,1,0.0,Irish Republican Army (IRA)
1423,0,0,0.0,1,0,5,10,1045,0,5,0.0,1,0.0,Manuel Rodriguez Patriotic Front (FPMR)
1424,0,0,0.0,1,0,5,1,1098,0,5,0.0,1,1.0,Maoists
1425,0,0,0.0,1,0,2,14,302,0,5,1.0,0,0.0,Al-Shabaab
1426,0,0,0.0,1,0,1,2,1605,0,5,2.0,0,0.0,Sikh Extremists
1427,0,0,0.0,1,0,3,2,1407,0,6,1.0,1,0.0,Palestinians
1428,0,0,0.0,1,0,6,1,1105,0,5,0.0,0,1.0,Maoists
1429,0,0,0.0,1,0,3,1,621,0,6,1.0,1,0.0,Corsican National Liberation Front (FLNC)
1430,0,0,1.0,1,0,3,14,13,0,6,0.0,-9,0.0,Al-Qaida in Iraq
1431,0,1,0.0,1,0,2,19,934,0,5,3.0,1,0.0,Kurdistan Workers' Party (PKK)
1432,0,1,1.0,1,0,3,21,1467,0,6,0.0,1,0.0,Revolutionary Armed Forces of Colombia (FARC)
1433,0,0,0.0,1,0,2,1,95,0,5,5.0,1,0.0,African National Congress (South Africa)
1434,1,0,0.0,1,0,6,1,1223,0,5,0.0,0,1.0,National Liberation Army of Colombia (ELN)
1435,0,0,0.0,1,0,2,3,628,0,5,0.0,1,0.0,National Liberation Army of Colombia (ELN)
1436,0,0,0.0,1,0,3,2,835,0,6,0.0,1,0.0,Irish Republican Army (IRA)
1437,0,0,0.0,1,0,2,19,111,0,5,0.0,1,0.0,African National Congress (South Africa)
1438,0,0,0.0,1,0,3,4,643,0,6,0.0,-9,0.0,Donetsk People's Republic
1439,0,0,0.0,1,0,7,19,1460,0,8,0.0,1,0.0,Revolutionary Armed Forces of Colombia (FARC)
1440,0,0,0.0,1,0,2,4,332,0,5,6.0,1,0.0,Liberation Tigers of Tamil Eelam (LTTE)
1441,0,0,0.0,1,0,6,14,459,0,5,4.0,1,1.0,Fulani extremists
1442,0,0,0.0,1,0,3,3,973,0,6,3.0,1,0.0,Liberation Tigers of Tamil Eelam (LTTE)
1443,0,0,0.0,1,0,3,4,1683,0,6,12.0,0,0.0,Taliban
1444,0,0,0.0,1,0,3,1,380,0,6,0.0,1,0.0,Basque Fatherland and Freedom (ETA)
1445,0,0,1.0,1,0,3,21,1242,0,6,0.0,1,0.0,National Liberation Army of Colombia (ELN)
1446,0,0,0.0,1,0,2,3,20,0,5,3.0,0,0.0,Muslim extremists
1447,0,0,1.0,1,0,3,1,188,0,6,1.0,1,0.0,Al-Qaida in Iraq
1448,0,0,0.0,1,0,2,2,462,0,5,1.0,0,0.0,Boko Haram
1449,0,0,0.0,1,0,3,3,1140,0,6,0.0,1,0.0,Tehrik-i-Taliban Pakistan (TTP)
1450,0,0,0.0,1,0,6,15,1162,0,5,7.0,1,1.0,Muslim extremists
1451,0,0,0.0,1,0,3,3,250,0,6,3.0,1,0.0,Tehrik-i-Taliban Pakistan (TTP)
1452,0,1,1.0,1,0,3,19,531,0,6,0.0,1,0.0,Communist Party of India - Maoist (CPI-Maoist)
1453,0,0,1.0,1,0,3,14,13,0,6,2.0,-9,0.0,Al-Qaida in Iraq
1454,0,0,0.0,0,0,1,4,12,0,5,1.0,0,0.0,Irish Republican Army (IRA)
1455,0,0,0.0,1,1,3,2,187,0,6,3.0,1,0.0,Al-Qaida in Iraq
1456,0,0,0.0,1,0,1,14,454,0,5,3.0,1,0.0,Boko Haram
1457,1,0,0.0,1,0,6,14,39,0,5,0.0,0,1.0,Abu Sayyaf Group (ASG)
1458,0,0,0.0,1,0,3,6,775,0,6,0.0,0,0.0,Muslim extremists
1459,1,0,0.0,1,0,6,1,1481,0,5,0.0,0,1.0,Revolutionary Armed Forces of Colombia (FARC)
1460,0,0,0.0,1,0,1,14,1571,0,5,1.0,0,0.0,Shining Path (SL)
1461,0,0,0.0,1,0,3,2,1704,0,6,0.0,-9,0.0,Taliban
1462,0,0,0.0,0,0,1,4,328,0,6,0.0,1,0.0,Al-Shabaab
1463,0,0,0.0,1,0,7,19,656,0,8,0.0,1,0.0,New People's Army (NPA)
1464,0,0,1.0,1,0,3,21,1356,0,6,0.0,1,0.0,Nicaraguan Democratic Force (FDN)
1465,0,0,0.0,1,0,2,4,249,0,5,1.0,0,0.0,Boko Haram
1466,0,1,0.0,0,0,3,4,1217,0,6,0.0,0,0.0,National Liberation Army of Colombia (ELN)
1467,0,0,0.0,1,0,2,4,761,0,5,1.0,1,0.0,Houthi extremists (Ansar Allah)
1468,0,0,0.0,0,0,3,15,201,0,6,0.0,0,0.0,Al-Qaida in Iraq
1469,0,0,0.0,1,0,3,14,1386,0,6,1.0,1,0.0,Palestinians
1470,0,0,0.0,1,0,3,14,250,0,6,2.0,1,0.0,Houthi extremists (Ansar Allah)
1471,0,0,0.0,1,0,1,2,978,0,5,4.0,0,0.0,Liberation Tigers of Tamil Eelam (LTTE)
1472,0,0,1.0,1,0,7,1,1565,0,8,0.0,1,0.0,Shining Path (SL)
1473,0,1,0.0,1,0,2,4,672,0,5,1.0,1,0.0,Nicaraguan Democratic Force (FDN)
1474,0,0,1.0,1,0,3,2,1798,0,6,1.0,1,0.0,Tupac Amaru Revolutionary Movement (MRTA)
1475,0,0,0.0,1,1,3,17,181,0,6,4.0,0,0.0,Al-Qaida in Iraq
1476,0,0,0.0,1,0,2,4,683,0,5,25.0,1,0.0,Shining Path (SL)
1477,0,0,0.0,1,0,3,2,1703,0,6,0.0,1,0.0,Taliban
1478,0,0,0.0,1,0,2,4,699,0,5,7.0,1,0.0,Tupac Amaru Revolutionary Movement (MRTA)
1479,0,0,0.0,1,0,2,3,12,0,5,2.0,0,0.0,Boko Haram
1480,0,1,0.0,1,0,3,4,324,0,6,1.0,1,0.0,Al-Shabaab
1481,0,0,0.0,1,0,3,14,13,0,6,10.0,1,0.0,Taliban
1482,0,0,0.0,1,0,1,2,323,0,9,1.0,0,0.0,Al-Shabaab
1483,0,0,0.0,1,0,1,17,786,0,5,1.0,0,0.0,Irish Republican Army (IRA)
1484,0,0,0.0,1,0,3,2,143,0,6,3.0,1,0.0,African National Congress (South Africa)
1485,0,0,0.0,1,0,3,3,112,0,6,0.0,1,0.0,African National Congress (South Africa)
1486,0,0,0.0,1,0,2,14,1505,0,8,1.0,1,0.0,Revolutionary Armed Forces of Colombia (FARC)
1487,0,0,0.0,1,0,1,4,330,0,5,1.0,0,0.0,Al-Shabaab
1488,0,0,0.0,1,0,3,14,459,0,6,4.0,1,0.0,Donetsk People's Republic
1489,0,0,0.0,0,0,3,3,707,0,6,0.0,1,0.0,Farabundo Marti National Liberation Front (FMLN)
1490,0,0,0.0,1,0,3,2,1462,0,6,0.0,1,0.0,Revolutionary Armed Forces of Colombia (FARC)
1491,0,0,0.0,1,0,2,3,1579,0,5,1.0,1,0.0,Shining Path (SL)
1492,0,0,0.0,1,0,3,8,51,0,6,2.0,-9,0.0,Islamic State of Iraq and the Levant (ISIL)
1493,0,0,0.0,1,0,1,2,1757,0,5,1.0,0,0.0,Tehrik-i-Taliban Pakistan (TTP)
1494,0,0,0.0,1,0,3,14,177,0,6,3.0,-9,0.0,Islamic State of Iraq and the Levant (ISIL)
1495,0,1,0.0,1,0,3,22,989,0,6,0.0,0,0.0,Liberation Tigers of Tamil Eelam (LTTE)
1496,0,0,0.0,1,0,2,3,12,0,5,1.0,1,0.0,Shining Path (SL)
1497,0,0,0.0,1,0,3,14,1405,0,6,0.0,-9,0.0,Palestinians
1498,0,0,0.0,1,0,2,14,1111,0,12,1.0,0,1.0,Maoists
1499,0,0,0.0,1,0,2,4,332,0,5,0.0,1,0.0,Kurdistan Workers' Party (PKK)
1500,0,0,0.0,1,0,3,3,377,0,6,0.0,1,0.0,Basque Fatherland and Freedom (ETA)
1501,0,0,0.0,1,0,7,1,540,0,8,0.0,1,0.0,Communist Party of India - Maoist (CPI-Maoist)
1502,0,0,0.0,1,0,3,2,1120,0,6,0.0,1,0.0,Maoists
1503,0,0,0.0,1,0,3,12,425,0,6,1.0,1,0.0,Donetsk People's Republic
1504,0,0,0.0,1,0,3,3,859,0,6,12.0,1,0.0,National Liberation Army of Colombia (ELN)
1505,0,0,0.0,1,0,2,19,928,0,5,3.0,1,0.0,Kurdistan Workers' Party (PKK)
1506,0,0,0.0,1,0,1,2,1834,0,5,1.0,1,0.0,Tupac Amaru Revolutionary Movement (MRTA)
1507,0,0,0.0,0,0,2,14,13,0,5,0.0,0,0.0,Abu Sayyaf Group (ASG)
1508,1,0,0.0,1,0,6,1,64,0,5,0.0,0,1.0,Abu Sayyaf Group (ASG)
1509,0,0,0.0,1,0,2,3,1027,0,5,1.0,1,0.0,Manuel Rodriguez Patriotic Front (FPMR)
1510,0,0,0.0,1,0,3,14,147,0,6,0.0,1,0.0,African National Congress (South Africa)
1511,0,0,0.0,1,0,3,20,6,0,6,0.0,1,0.0,Irish Republican Army (IRA)
1512,0,0,0.0,1,0,2,14,302,0,5,1.0,0,0.0,Liberation Tigers of Tamil Eelam (LTTE)
1513,0,0,0.0,1,0,1,14,1636,0,5,3.0,0,0.0,Sikh Extremists
1514,0,0,0.0,1,0,2,19,1637,0,5,20.0,1,0.0,Sikh Extremists
1515,0,0,0.0,1,0,2,4,968,0,5,0.0,-9,0.0,Liberation Tigers of Tamil Eelam (LTTE)
1516,0,0,0.0,1,0,3,3,249,0,6,1.0,-9,0.0,Houthi extremists (Ansar Allah)
1517,0,1,0.0,1,0,3,4,654,0,6,1.0,1,0.0,Donetsk People's Republic
1518,0,0,0.0,1,1,3,4,48,0,6,4.0,0,0.0,Muslim extremists
1519,0,0,0.0,1,0,2,4,1474,0,5,0.0,1,0.0,Revolutionary Armed Forces of Colombia (FARC)
1520,0,0,0.0,1,0,1,4,676,0,5,1.0,0,0.0,Farabundo Marti National Liberation Front (FMLN)
1521,0,0,0.0,1,0,3,19,1737,0,6,0.0,1,0.0,Tehrik-i-Taliban Pakistan (TTP)
1522,0,0,0.0,1,0,3,3,250,0,6,0.0,1,0.0,National Liberation Army of Colombia (ELN)
1523,0,0,0.0,1,0,2,14,196,0,5,7.0,0,0.0,Al-Qaida in Iraq
1524,0,0,0.0,1,0,3,3,118,0,6,0.0,1,0.0,African National Congress (South Africa)
1525,0,0,1.0,1,0,2,14,27,0,5,1.0,1,0.0,Fulani extremists
1526,0,0,0.0,1,0,2,3,376,0,5,1.0,1,0.0,Basque Fatherland and Freedom (ETA)
1527,0,0,0.0,0,0,2,4,48,0,5,0.0,0,0.0,New People's Army (NPA)
1528,0,0,0.0,1,1,3,8,51,0,6,2.0,0,0.0,Boko Haram
1529,0,0,0.0,1,0,1,17,838,0,5,1.0,0,0.0,Irish Republican Army (IRA)
1530,0,0,0.0,1,0,1,14,543,0,5,1.0,0,1.0,Communist Party of India - Maoist (CPI-Maoist)
1531,0,1,0.0,1,0,2,4,332,0,5,2.0,1,0.0,Kurdistan Workers' Party (PKK)
1532,0,0,0.0,1,0,2,4,332,0,5,3.0,1,0.0,Kurdistan Workers' Party (PKK)
1533,0,0,0.0,1,0,3,14,346,0,6,0.0,1,0.0,Islamic State of Iraq and the Levant (ISIL)
1534,0,0,1.0,1,0,3,4,643,0,6,0.0,-9,0.0,Donetsk People's Republic
1535,0,0,0.0,1,0,3,17,253,0,6,3.0,0,0.0,Al-Qaida in the Arabian Peninsula (AQAP)
1536,0,0,0.0,0,0,1,3,789,0,5,0.0,0,0.0,Irish Republican Army (IRA)
1537,0,0,0.0,1,0,2,4,1214,0,5,9.0,1,0.0,Nicaraguan Democratic Force (FDN)
1538,0,0,0.0,1,0,3,1,142,0,6,5.0,1,0.0,African National Congress (South Africa)
1539,0,0,0.0,1,0,2,4,672,0,5,1.0,1,0.0,Farabundo Marti National Liberation Front (FMLN)
1540,0,0,0.0,0,0,3,19,1646,0,6,0.0,1,0.0,Sikh Extremists
1541,0,0,0.0,1,0,3,21,149,0,6,0.0,1,0.0,African National Congress (South Africa)
1542,0,0,1.0,1,0,3,1,764,0,6,3.0,1,0.0,Houthi extremists (Ansar Allah)
1543,0,0,0.0,1,0,3,14,1430,0,6,0.0,1,0.0,Palestinians
1544,0,0,0.0,1,0,3,19,892,0,6,0.0,1,0.0,Revolutionary Armed Forces of Colombia (FARC)
1545,0,0,0.0,1,0,3,3,300,0,6,6.0,1,0.0,Taliban
1546,0,1,1.0,1,0,3,4,48,0,6,0.0,-9,0.0,Donetsk People's Republic
1547,0,0,0.0,1,0,2,4,0,0,5,0.0,-9,0.0,Abu Sayyaf Group (ASG)
1548,1,0,0.0,1,0,6,11,32,0,5,1.0,0,1.0,Abu Sayyaf Group (ASG)
1549,0,0,0.0,1,0,2,3,986,0,5,1.0,0,0.0,Liberation Tigers of Tamil Eelam (LTTE)
1550,0,0,1.0,1,0,3,1,581,0,6,0.0,1,0.0,Corsican National Liberation Front (FLNC)
1551,0,0,0.0,1,0,3,14,177,0,6,4.0,1,0.0,Al-Qaida in Iraq
1552,0,0,0.0,1,0,3,2,1054,0,6,0.0,1,0.0,Manuel Rodriguez Patriotic Front (FPMR)
1553,0,0,0.0,1,0,7,8,51,0,8,0.0,1,0.0,Kurdistan Workers' Party (PKK)
1554,0,0,0.0,1,0,2,3,282,0,8,0.0,1,0.0,Revolutionary Armed Forces of Colombia (FARC)
1555,0,0,0.0,1,0,3,4,388,0,6,5.0,1,0.0,Basque Fatherland and Freedom (ETA)
1556,0,0,0.0,1,0,3,14,1611,0,6,3.0,1,0.0,Sikh Extremists
1557,0,0,0.0,1,0,2,4,672,0,5,0.0,1,0.0,Liberation Tigers of Tamil Eelam (LTTE)
1558,0,1,0.0,1,0,6,14,298,0,5,36.0,0,1.0,Al-Shabaab
1559,0,0,1.0,1,0,2,14,27,0,5,4.0,1,0.0,Fulani extremists
1560,0,0,1.0,1,0,3,3,456,0,6,1.0,1,0.0,Boko Haram
1561,0,0,0.0,1,0,3,1,878,0,6,0.0,1,0.0,Islamic State of Iraq and the Levant (ISIL)
1562,0,0,1.0,1,0,3,3,300,0,6,0.0,1,0.0,Al-Shabaab
1563,0,0,0.0,1,0,7,22,217,0,5,0.0,1,0.0,Houthi extremists (Ansar Allah)
1564,0,0,0.0,1,0,3,22,244,0,6,0.0,-9,0.0,Al-Qaida in the Arabian Peninsula (AQAP)
1565,0,0,0.0,1,0,5,6,624,0,5,0.0,1,1.0,Corsican National Liberation Front (FLNC)
1566,0,0,1.0,1,0,2,3,85,0,5,0.0,1,0.0,New People's Army (NPA)
1567,0,0,0.0,1,0,3,14,447,0,6,3.0,-9,0.0,Houthi extremists (Ansar Allah)
1568,1,0,1.0,1,0,6,2,1211,0,5,1.0,0,1.0,National Liberation Army of Colombia (ELN)
1569,0,0,0.0,1,0,2,1,1354,0,5,12.0,1,0.0,Nicaraguan Democratic Force (FDN)
1570,0,0,0.0,1,0,2,4,258,0,5,3.0,1,0.0,Liberation Tigers of Tamil Eelam (LTTE)
1571,0,1,1.0,1,0,3,1,383,0,6,0.0,1,0.0,Basque Fatherland and Freedom (ETA)
1572,0,0,1.0,1,0,3,14,13,0,6,0.0,0,0.0,Islamic State of Iraq and the Levant (ISIL)
1573,0,0,0.0,1,0,2,2,1707,0,5,2.0,1,0.0,Taliban
1574,1,0,0.0,1,0,6,4,57,0,5,1.0,0,1.0,Abu Sayyaf Group (ASG)
1575,0,0,0.0,1,0,1,14,831,0,5,1.0,0,0.0,Irish Republican Army (IRA)
1576,0,0,0.0,1,0,2,4,48,0,5,2.0,0,0.0,Muslim extremists
1577,0,0,0.0,1,0,3,6,775,0,6,0.0,1,0.0,Muslim extremists
1578,0,0,0.0,1,0,1,1,387,0,5,1.0,0,0.0,Basque Fatherland and Freedom (ETA)
1579,0,0,0.0,1,1,3,15,445,0,6,7.0,-9,0.0,Boko Haram
1580,0,0,0.0,1,0,2,4,1285,0,5,1.0,1,0.0,New People's Army (NPA)
1581,0,0,0.0,1,0,3,19,587,0,6,0.0,1,0.0,Corsican National Liberation Front (FLNC)
1582,0,0,1.0,1,1,3,3,85,0,6,12.0,0,0.0,Al-Qaida in Iraq
1583,0,0,0.0,0,0,1,1,826,0,6,0.0,0,0.0,Irish Republican Army (IRA)
1584,0,0,0.0,1,0,3,14,1403,0,6,0.0,1,0.0,Palestinians
1585,0,0,0.0,1,0,3,19,56,0,6,0.0,1,0.0,Manuel Rodriguez Patriotic Front (FPMR)
1586,0,0,0.0,1,0,2,4,303,0,6,6.0,-9,0.0,Al-Shabaab
1587,0,1,0.0,1,0,2,14,1753,0,5,1.0,-9,0.0,Tehrik-i-Taliban Pakistan (TTP)
1588,0,0,0.0,1,0,3,14,433,0,6,0.0,1,0.0,Palestinians
1589,0,0,0.0,1,0,2,19,1127,0,5,1.0,0,0.0,Maoists
1590,0,0,0.0,1,0,7,14,492,0,8,0.0,1,0.0,Communist Party of India - Maoist (CPI-Maoist)
1591,0,0,1.0,1,1,3,3,20,0,6,3.0,0,0.0,Al-Qaida in Iraq
1592,0,0,0.0,1,0,7,14,1131,0,8,0.0,1,0.0,Maoists
1593,0,0,1.0,1,0,2,4,678,0,5,2.0,1,0.0,Farabundo Marti National Liberation Front (FMLN)
1594,0,0,0.0,1,0,2,3,1579,0,5,0.0,1,0.0,Sikh Extremists
1595,0,0,0.0,1,0,2,14,681,0,5,6.0,1,0.0,Farabundo Marti National Liberation Front (FMLN)
1596,0,0,0.0,1,0,3,14,618,0,6,0.0,1,0.0,Corsican National Liberation Front (FLNC)
1597,0,0,0.0,1,0,2,4,258,0,5,0.0,1,0.0,Donetsk People's Republic
1598,0,0,1.0,1,0,3,3,607,0,6,0.0,1,0.0,Corsican National Liberation Front (FLNC)
1599,0,0,0.0,1,0,2,4,683,0,5,1.0,1,0.0,Nicaraguan Democratic Force (FDN)
1600,0,0,0.0,1,0,1,2,1458,0,5,1.0,0,0.0,Revolutionary Armed Forces of Colombia (FARC)
1601,0,0,0.0,1,0,3,15,62,0,6,0.0,1,0.0,Abu Sayyaf Group (ASG)
1602,0,0,1.0,1,0,2,3,250,0,5,4.0,0,0.0,Tehrik-i-Taliban Pakistan (TTP)
1603,0,0,0.0,1,0,3,8,1207,0,6,0.0,1,0.0,National Liberation Army of Colombia (ELN)
1604,0,0,1.0,1,0,2,14,27,0,5,50.0,1,0.0,Fulani extremists
1605,0,0,0.0,0,0,2,4,12,0,5,0.0,0,0.0,Shining Path (SL)
1606,0,0,0.0,1,0,3,1,1550,0,6,0.0,1,0.0,Shining Path (SL)
1607,0,1,0.0,1,0,3,4,48,0,6,0.0,0,0.0,Maoists
1608,0,0,0.0,1,0,3,2,135,0,6,0.0,1,0.0,African National Congress (South Africa)
1609,0,0,0.0,1,0,3,22,217,0,6,0.0,1,0.0,Houthi extremists (Ansar Allah)
1610,0,0,0.0,1,0,7,7,926,0,9,0.0,1,0.0,Kurdistan Workers' Party (PKK)
1611,0,0,0.0,1,0,1,14,1463,0,5,8.0,0,0.0,Revolutionary Armed Forces of Colombia (FARC)
1612,0,0,0.0,1,0,6,3,1768,0,5,0.0,0,1.0,Tehrik-i-Taliban Pakistan (TTP)
1613,0,0,0.0,1,0,3,19,397,0,6,0.0,1,0.0,Basque Fatherland and Freedom (ETA)
1614,0,0,0.0,1,0,3,21,1339,0,6,1.0,1,0.0,Nicaraguan Democratic Force (FDN)
1615,0,0,0.0,1,0,3,19,401,0,6,2.0,1,0.0,Basque Fatherland and Freedom (ETA)
1616,0,0,0.0,1,0,3,19,907,0,6,0.0,1,0.0,Kurdistan Workers' Party (PKK)
1617,0,0,0.0,1,1,3,4,1728,0,6,4.0,1,0.0,Tehrik-i-Taliban Pakistan (TTP)
1618,0,0,0.0,1,0,3,3,85,0,6,0.0,0,0.0,Communist Party of India - Maoist (CPI-Maoist)
1619,0,0,0.0,1,0,3,14,27,0,6,31.0,1,0.0,Boko Haram
1620,0,0,0.0,1,0,1,10,1165,0,5,1.0,0,0.0,Muslim extremists
1621,0,0,1.0,1,0,3,4,258,0,6,2.0,1,0.0,Islamic State of Iraq and the Levant (ISIL)
1622,0,0,0.0,1,0,3,2,644,0,6,1.0,1,0.0,Donetsk People's Republic
1623,0,0,0.0,1,0,3,19,56,0,6,0.0,1,0.0,Abu Sayyaf Group (ASG)
1624,0,0,0.0,1,0,1,3,358,0,5,1.0,0,0.0,Basque Fatherland and Freedom (ETA)
1625,0,0,0.0,1,0,3,4,291,0,6,0.0,-9,0.0,Houthi extremists (Ansar Allah)
1626,0,0,0.0,1,0,3,2,765,0,6,0.0,-9,0.0,Houthi extremists (Ansar Allah)
1627,0,0,0.0,1,0,3,3,94,0,6,1.0,1,0.0,African National Congress (South Africa)
1628,0,0,0.0,1,0,3,1,585,0,6,0.0,1,0.0,Corsican National Liberation Front (FLNC)
1629,0,0,0.0,1,0,2,3,1408,0,5,3.0,1,0.0,Sikh Extremists
1630,0,0,0.0,1,0,2,3,859,0,5,1.0,0,0.0,Liberation Tigers of Tamil Eelam (LTTE)
1631,0,0,1.0,1,0,7,2,161,0,8,1.0,1,0.0,Al-Qaida in the Arabian Peninsula (AQAP)
1632,0,0,0.0,1,0,2,3,367,0,5,3.0,1,0.0,Basque Fatherland and Freedom (ETA)
1633,0,0,0.0,0,0,3,19,396,0,6,0.0,1,0.0,Basque Fatherland and Freedom (ETA)
1634,0,0,0.0,0,0,1,10,322,0,5,0.0,0,0.0,Al-Shabaab
1635,0,0,0.0,1,0,1,2,321,0,5,1.0,0,0.0,Al-Shabaab
1636,0,0,0.0,1,0,3,4,1555,0,5,0.0,1,0.0,Shining Path (SL)
1637,0,0,0.0,1,0,1,14,1213,0,5,2.0,0,0.0,National Liberation Army of Colombia (ELN)
1638,0,1,0.0,1,0,3,4,48,0,6,4.0,-9,0.0,Kurdistan Workers' Party (PKK)
1639,0,0,0.0,1,0,3,3,351,0,6,1.0,1,0.0,Basque Fatherland and Freedom (ETA)
1640,0,0,0.0,1,0,1,3,1542,0,5,1.0,0,0.0,Shining Path (SL)
1641,0,0,0.0,1,0,3,4,796,0,6,0.0,1,0.0,Irish Republican Army (IRA)
1642,0,0,1.0,1,0,3,19,24,0,6,0.0,1,0.0,Abu Sayyaf Group (ASG)
1643,0,0,1.0,1,0,3,1,1037,0,6,0.0,1,0.0,Manuel Rodriguez Patriotic Front (FPMR)
1644,0,0,0.0,1,0,6,14,13,0,5,71.0,0,1.0,Islamic State of Iraq and the Levant (ISIL)
1645,0,0,0.0,1,0,2,4,683,0,5,1.0,1,0.0,Farabundo Marti National Liberation Front (FMLN)
1646,0,0,0.0,1,0,6,14,27,0,5,4.0,0,1.0,Fulani extremists
1647,0,0,0.0,1,0,3,3,1108,0,6,0.0,0,0.0,Maoists
1648,0,0,0.0,0,0,3,20,6,0,6,0.0,0,0.0,Kurdistan Workers' Party (PKK)
1649,0,0,0.0,1,0,2,4,672,0,5,19.0,1,0.0,Farabundo Marti National Liberation Front (FMLN)
1650,0,0,0.0,1,1,3,2,256,0,6,5.0,1,0.0,Al-Qaida in the Arabian Peninsula (AQAP)
1651,0,0,1.0,1,0,3,4,646,0,6,0.0,-9,0.0,Donetsk People's Republic
1652,0,0,0.0,1,0,3,4,332,0,6,0.0,1,0.0,Al-Shabaab
1653,0,0,1.0,1,0,7,21,1210,0,8,2.0,1,0.0,National Liberation Army of Colombia (ELN)
1654,0,0,0.0,1,0,2,4,699,0,5,12.0,1,0.0,Kurdistan Workers' Party (PKK)
1655,0,0,0.0,1,0,3,3,359,0,6,0.0,1,0.0,Basque Fatherland and Freedom (ETA)
1656,0,0,0.0,1,0,3,14,615,0,6,0.0,1,0.0,Corsican National Liberation Front (FLNC)
1657,0,0,0.0,1,0,3,1,313,0,5,0.0,1,0.0,Al-Shabaab
1658,1,0,0.0,1,0,4,4,20,0,6,5.0,1,1.0,Houthi extremists (Ansar Allah)
1659,0,0,0.0,1,0,2,14,1420,0,8,0.0,1,0.0,Palestinians
1660,0,1,0.0,1,0,2,3,998,0,5,4.0,1,0.0,Liberation Tigers of Tamil Eelam (LTTE)
1661,0,0,0.0,1,0,2,2,596,0,8,0.0,1,0.0,Corsican National Liberation Front (FLNC)
1662,0,0,1.0,1,0,7,1,1063,0,8,0.0,1,0.0,Manuel Rodriguez Patriotic Front (FPMR)
1663,0,0,0.0,1,0,1,14,1759,0,5,3.0,1,0.0,Tehrik-i-Taliban Pakistan (TTP)
1664,0,0,0.0,1,0,1,2,310,0,5,1.0,0,0.0,Al-Shabaab
1665,0,0,0.0,1,0,1,14,1549,0,5,1.0,0,0.0,Shining Path (SL)
1666,0,0,1.0,1,0,3,21,688,0,6,0.0,1,0.0,Farabundo Marti National Liberation Front (FMLN)
1667,0,0,0.0,1,0,3,21,140,0,6,0.0,1,0.0,African National Congress (South Africa)
1668,0,0,0.0,1,0,1,3,824,0,5,1.0,0,0.0,Irish Republican Army (IRA)
1669,0,0,0.0,1,0,7,16,1305,0,8,0.0,1,0.0,New People's Army (NPA)
1670,0,0,0.0,1,0,7,2,709,0,8,1.0,1,0.0,Farabundo Marti National Liberation Front (FMLN)
1671,0,0,0.0,1,1,3,14,307,0,6,2.0,1,0.0,Al-Shabaab
1672,0,0,0.0,1,0,7,14,1115,0,8,0.0,1,0.0,Maoists
1673,0,0,1.0,1,0,3,19,505,0,6,0.0,1,0.0,Communist Party of India - Maoist (CPI-Maoist)
1674,0,1,1.0,1,0,3,6,775,0,6,1.0,0,0.0,Muslim extremists
1675,0,0,0.0,1,0,2,19,497,0,5,0.0,1,0.0,Communist Party of India - Maoist (CPI-Maoist)
1676,1,0,0.0,1,0,6,14,29,0,5,0.0,0,1.0,Abu Sayyaf Group (ASG)
1677,0,0,0.0,1,0,3,14,1730,0,6,8.0,1,0.0,Tehrik-i-Taliban Pakistan (TTP)
1678,0,0,0.0,1,0,1,3,805,0,5,1.0,0,0.0,Irish Republican Army (IRA)
1679,0,0,0.0,1,1,3,4,20,0,6,4.0,-9,0.0,Al-Qaida in the Arabian Peninsula (AQAP)
1680,0,0,0.0,1,0,2,4,20,0,5,6.0,0,0.0,Muslim extremists
1681,0,0,0.0,1,0,3,14,60,0,6,1.0,1,0.0,Abu Sayyaf Group (ASG)
1682,0,0,0.0,1,0,1,14,1401,0,9,1.0,0,0.0,Palestinians
1683,0,0,0.0,1,0,7,8,1383,0,8,0.0,1,0.0,Palestinians
1684,0,0,1.0,1,0,2,14,993,0,5,31.0,1,0.0,Liberation Tigers of Tamil Eelam (LTTE)
1685,0,0,0.0,1,0,2,3,12,0,5,3.0,0,0.0,Boko Haram
1686,0,0,0.0,1,0,2,4,238,0,5,5.0,-9,0.0,Al-Qaida in the Arabian Peninsula (AQAP)
1687,0,0,0.0,0,0,7,1,792,0,8,0.0,1,0.0,Irish Republican Army (IRA)
1688,0,0,0.0,1,0,1,14,829,0,5,1.0,0,0.0,Irish Republican Army (IRA)
1689,0,0,0.0,1,0,3,2,56,0,6,3.0,0,0.0,Al-Qaida in the Arabian Peninsula (AQAP)
1690,0,0,0.0,1,0,3,4,48,0,6,0.0,0,0.0,Donetsk People's Republic
1691,0,0,0.0,1,0,2,15,446,0,5,3.0,1,0.0,Boko Haram
1692,0,0,0.0,1,0,2,2,1225,0,5,0.0,0,1.0,National Liberation Army of Colombia (ELN)
1693,0,0,0.0,1,0,3,4,643,0,6,2.0,0,0.0,Donetsk People's Republic
1694,0,0,0.0,1,0,3,3,443,0,6,1.0,1,0.0,Boko Haram
1695,0,0,0.0,1,0,3,4,1298,0,6,2.0,0,0.0,New People's Army (NPA)
1696,0,0,0.0,1,0,3,2,1568,0,6,1.0,1,0.0,Shining Path (SL)
1697,0,0,0.0,1,0,2,3,250,0,5,2.0,1,0.0,Al-Qaida in the Arabian Peninsula (AQAP)
1698,0,0,0.0,1,0,2,2,250,0,5,0.0,1,0.0,Al-Qaida in the Arabian Peninsula (AQAP)
1699,0,1,0.0,1,0,2,19,1406,0,5,0.0,1,0.0,Palestinians
1700,0,0,0.0,1,0,3,2,1375,0,6,0.0,1,0.0,Palestinians
1701,0,0,0.0,1,0,1,2,1572,0,6,0.0,1,0.0,Shining Path (SL)
1702,0,0,0.0,0,0,3,3,1811,0,6,0.0,1,0.0,Tupac Amaru Revolutionary Movement (MRTA)
1703,0,0,1.0,1,0,3,17,180,0,6,0.0,1,0.0,Al-Qaida in Iraq
1704,0,1,0.0,0,0,3,14,447,0,6,0.0,0,0.0,Houthi extremists (Ansar Allah)
1705,0,0,1.0,1,0,2,19,56,0,8,0.0,1,0.0,Manuel Rodriguez Patriotic Front (FPMR)
1706,0,0,0.0,1,0,3,3,250,0,6,0.0,1,0.0,New People's Army (NPA)
1707,0,0,0.0,1,0,2,4,1290,0,5,1.0,0,0.0,New People's Army (NPA)
1708,0,0,0.0,1,0,3,3,124,0,6,0.0,1,0.0,African National Congress (South Africa)
1709,0,0,1.0,1,0,3,2,598,0,6,0.0,1,0.0,Corsican National Liberation Front (FLNC)
1710,0,0,0.0,1,0,2,14,1699,0,5,5.0,-9,0.0,Taliban
1711,0,0,0.0,1,0,3,14,103,0,6,0.0,1,0.0,African National Congress (South Africa)
1712,0,0,0.0,1,0,2,3,1092,0,5,1.0,0,0.0,Maoists
1713,0,0,0.0,1,0,1,2,467,0,5,2.0,1,0.0,Boko Haram
1714,0,0,1.0,1,0,3,2,161,0,6,1.0,-9,0.0,Houthi extremists (Ansar Allah)
1715,0,0,0.0,0,1,1,4,240,0,6,9.0,-9,0.0,Al-Qaida in the Arabian Peninsula (AQAP)
1716,0,1,0.0,1,0,3,14,459,0,6,0.0,1,0.0,Donetsk People's Republic
1717,0,1,0.0,1,0,2,22,131,0,5,6.0,1,0.0,African National Congress (South Africa)
1718,0,0,0.0,1,0,2,3,250,0,5,1.0,1,0.0,Kurdistan Workers' Party (PKK)
1719,0,0,0.0,1,0,2,4,48,0,5,2.0,1,0.0,Al-Qaida in the Arabian Peninsula (AQAP)
1720,0,0,0.0,1,0,3,3,673,0,5,2.0,1,0.0,Farabundo Marti National Liberation Front (FMLN)
1721,0,0,0.0,1,1,3,4,48,0,6,3.0,0,0.0,Boko Haram
1722,0,1,0.0,1,0,2,4,48,0,6,1.0,0,0.0,Donetsk People's Republic
1723,0,1,0.0,1,0,3,4,1000,0,6,5.0,-9,0.0,Liberation Tigers of Tamil Eelam (LTTE)
1724,0,0,0.0,1,0,3,4,59,0,6,0.0,1,0.0,Abu Sayyaf Group (ASG)
1725,0,0,0.0,1,0,3,21,375,0,6,1.0,1,0.0,Basque Fatherland and Freedom (ETA)
1726,0,0,1.0,1,0,2,14,27,0,5,1.0,1,0.0,Fulani extremists
1727,0,1,1.0,1,0,3,3,289,0,6,0.0,1,0.0,Maoists
1728,0,0,0.0,1,0,3,19,537,0,6,0.0,1,0.0,Communist Party of India - Maoist (CPI-Maoist)
1729,0,0,0.0,1,0,2,1,1128,0,5,0.0,1,0.0,Maoists
1730,0,0,0.0,1,0,2,3,1758,0,6,12.0,1,1.0,Tehrik-i-Taliban Pakistan (TTP)
1731,0,0,1.0,1,0,2,14,27,0,5,0.0,1,0.0,Boko Haram
1732,0,0,0.0,1,0,6,10,1222,0,5,0.0,0,1.0,National Liberation Army of Colombia (ELN)
1733,0,0,0.0,1,0,3,14,766,0,6,1.0,1,0.0,Houthi extremists (Ansar Allah)
1734,0,0,0.0,1,0,3,2,306,0,6,2.0,-9,0.0,Al-Shabaab
1735,1,0,0.0,1,0,6,14,1275,0,5,1.0,0,1.0,New People's Army (NPA)
1736,0,0,0.0,1,0,2,1,911,0,5,2.0,0,0.0,Kurdistan Workers' Party (PKK)
1737,0,0,0.0,1,0,2,3,541,0,5,1.0,0,0.0,Communist Party of India - Maoist (CPI-Maoist)
1738,0,0,0.0,1,0,2,4,672,0,5,1.0,1,0.0,Farabundo Marti National Liberation Front (FMLN)
1739,1,0,0.0,1,0,6,14,1239,0,5,0.0,0,1.0,National Liberation Army of Colombia (ELN)
1740,0,0,0.0,1,0,2,4,1206,0,5,5.0,1,1.0,National Liberation Army of Colombia (ELN)
1741,0,0,0.0,1,0,3,1,250,0,6,2.0,1,0.0,Kurdistan Workers' Party (PKK)
1742,0,0,0.0,1,0,3,14,652,0,6,1.0,-9,0.0,Houthi extremists (Ansar Allah)
1743,0,0,1.0,1,0,3,21,670,0,6,0.0,1,0.0,Farabundo Marti National Liberation Front (FMLN)
1744,0,0,0.0,1,0,6,1,1337,0,5,1.0,1,1.0,Nicaraguan Democratic Force (FDN)
1745,0,0,1.0,1,0,3,1,399,0,6,0.0,1,0.0,Tupac Amaru Revolutionary Movement (MRTA)
1746,0,0,0.0,1,0,2,4,672,0,5,7.0,1,0.0,Nicaraguan Democratic Force (FDN)
1747,0,0,1.0,1,0,2,4,249,0,5,3.0,-9,0.0,Boko Haram
1748,0,0,1.0,1,0,3,1,399,0,6,0.0,1,0.0,Tupac Amaru Revolutionary Movement (MRTA)
1749,0,0,0.0,0,0,1,2,877,0,5,1.0,-9,0.0,Islamic State of Iraq and the Levant (ISIL)
1750,0,0,0.0,0,0,3,14,767,0,6,0.0,0,0.0,Houthi extremists (Ansar Allah)
1751,0,0,0.0,1,0,1,4,410,0,5,1.0,0,0.0,Basque Fatherland and Freedom (ETA)
1752,0,0,0.0,1,1,3,4,1682,0,6,1.0,1,0.0,Taliban
1753,0,0,0.0,1,0,2,4,332,0,5,7.0,1,0.0,Farabundo Marti National Liberation Front (FMLN)
1754,0,0,0.0,1,0,3,14,177,0,6,7.0,1,0.0,Islamic State of Iraq and the Levant (ISIL)
1755,0,0,1.0,1,0,3,1,152,0,6,1.0,1,0.0,Farabundo Marti National Liberation Front (FMLN)
1756,0,1,0.0,1,0,3,4,1400,0,6,0.0,0,0.0,Palestinians
1757,0,0,0.0,1,0,2,17,501,0,5,3.0,0,0.0,Communist Party of India - Maoist (CPI-Maoist)
1758,0,0,0.0,1,0,2,4,672,0,5,93.0,1,0.0,Nicaraguan Democratic Force (FDN)
1759,0,0,0.0,1,0,1,2,1272,0,5,1.0,0,0.0,New People's Army (NPA)
1760,0,0,1.0,1,0,2,14,13,0,5,17.0,0,0.0,Fulani extremists
1761,0,0,0.0,1,0,3,3,1303,0,6,4.0,1,0.0,New People's Army (NPA)
1762,0,0,0.0,1,0,3,4,250,0,6,4.0,1,0.0,Al-Qaida in the Arabian Peninsula (AQAP)
1763,0,1,0.0,1,0,3,21,1171,0,6,0.0,1,0.0,Muslim extremists
1764,0,0,0.0,0,0,6,7,245,0,5,1.0,0,0.0,Al-Qaida in the Arabian Peninsula (AQAP)
1765,0,0,0.0,1,0,3,2,1199,0,6,0.0,1,0.0,National Liberation Army of Colombia (ELN)
1766,0,0,0.0,1,0,1,2,1604,0,5,3.0,0,0.0,Sikh Extremists
1767,0,0,0.0,1,0,2,4,683,0,5,1.0,1,0.0,Farabundo Marti National Liberation Front (FMLN)
1768,0,0,0.0,1,0,1,3,844,0,5,1.0,0,0.0,Irish Republican Army (IRA)
1769,0,0,1.0,1,0,3,21,1201,0,6,0.0,1,0.0,National Liberation Army of Colombia (ELN)
1770,0,0,0.0,1,0,2,4,249,0,5,7.0,-9,0.0,Al-Shabaab
1771,0,0,0.0,1,0,3,4,1762,0,6,0.0,1,0.0,Tehrik-i-Taliban Pakistan (TTP)
1772,0,0,0.0,1,0,2,8,1095,0,9,0.0,0,0.0,Maoists
1773,0,0,1.0,1,0,3,14,13,0,6,4.0,-9,0.0,Al-Qaida in Iraq
1774,0,0,0.0,1,0,3,14,752,0,6,0.0,-9,0.0,Houthi extremists (Ansar Allah)
1775,0,0,0.0,1,0,2,4,678,0,5,41.0,1,0.0,Nicaraguan Democratic Force (FDN)
1776,0,1,1.0,1,0,2,14,27,0,5,2.0,1,0.0,Boko Haram
1777,0,0,0.0,1,0,3,2,687,0,5,1.0,1,0.0,Farabundo Marti National Liberation Front (FMLN)
1778,0,0,0.0,1,0,2,4,457,0,5,4.0,0,0.0,Boko Haram
1779,0,0,1.0,1,0,3,1,1037,0,6,0.0,1,0.0,Manuel Rodriguez Patriotic Front (FPMR)
1780,0,0,0.0,1,0,3,8,1748,0,6,0.0,1,0.0,Tehrik-i-Taliban Pakistan (TTP)
1781,0,0,0.0,0,0,1,2,5,0,6,0.0,1,0.0,Abu Sayyaf Group (ASG)
1782,0,1,0.0,1,0,3,4,250,0,6,13.0,1,0.0,Kurdistan Workers' Party (PKK)
1783,0,0,0.0,1,0,3,4,17,0,6,0.0,1,0.0,Abu Sayyaf Group (ASG)
1784,0,0,0.0,0,0,2,14,47,0,5,2.0,0,0.0,Abu Sayyaf Group (ASG)
1785,0,0,0.0,1,1,3,14,475,0,6,4.0,-9,0.0,Islamic State of Iraq and the Levant (ISIL)
1786,0,0,0.0,0,1,3,20,6,0,6,0.0,0,0.0,Islamic State of Iraq and the Levant (ISIL)
1787,0,1,0.0,0,0,2,4,12,0,5,0.0,0,0.0,Maoists
1788,0,0,1.0,1,0,7,15,442,0,8,0.0,1,0.0,Boko Haram
1789,0,0,1.0,1,0,2,3,20,0,5,14.0,0,0.0,Al-Qaida in Iraq
1790,0,0,0.0,1,0,3,7,1822,0,6,0.0,1,0.0,Tupac Amaru Revolutionary Movement (MRTA)
1791,0,0,0.0,1,0,3,2,406,0,6,0.0,1,0.0,Basque Fatherland and Freedom (ETA)
1792,0,0,0.0,1,0,3,14,752,0,6,0.0,-9,0.0,Houthi extremists (Ansar Allah)
1793,0,0,0.0,1,0,1,2,381,0,6,2.0,-9,0.0,Basque Fatherland and Freedom (ETA)
1794,0,0,0.0,1,0,2,3,382,0,5,1.0,1,0.0,Basque Fatherland and Freedom (ETA)
1795,0,0,0.0,1,0,2,3,18,0,6,2.0,-9,0.0,Abu Sayyaf Group (ASG)
1796,0,1,0.0,1,0,2,4,48,0,6,0.0,-9,0.0,Donetsk People's Republic
1797,1,0,0.0,1,0,6,2,1159,0,5,0.0,1,1.0,Muslim extremists
1798,0,0,0.0,0,0,1,4,1069,0,6,0.0,0,0.0,Manuel Rodriguez Patriotic Front (FPMR)
1799,0,0,1.0,1,0,2,14,27,0,5,33.0,1,0.0,Fulani extremists
1800,0,0,0.0,1,0,3,19,56,0,6,1.0,1,0.0,Sikh Extremists
1801,0,0,0.0,1,0,3,4,609,0,6,0.0,1,0.0,Corsican National Liberation Front (FLNC)
1802,0,0,0.0,1,0,3,2,1801,0,6,0.0,1,0.0,Tupac Amaru Revolutionary Movement (MRTA)
1803,0,0,0.0,1,0,1,2,470,0,5,1.0,-9,0.0,Boko Haram
1804,0,0,0.0,1,0,3,4,12,0,6,13.0,0,0.0,Revolutionary Armed Forces of Colombia (FARC)
1805,0,1,0.0,1,0,3,4,48,0,6,1.0,1,0.0,Kurdistan Workers' Party (PKK)
1806,0,0,0.0,1,0,2,4,303,0,6,4.0,-9,0.0,Al-Shabaab
1807,0,0,0.0,1,0,1,2,1610,0,5,1.0,0,0.0,Sikh Extremists
1808,1,0,0.0,1,0,6,4,20,0,5,4.0,-9,1.0,Al-Qaida in the Arabian Peninsula (AQAP)
1809,0,0,0.0,0,0,3,2,1068,0,6,0.0,1,0.0,Manuel Rodriguez Patriotic Front (FPMR)
1810,0,0,0.0,1,0,2,3,933,0,5,0.0,1,0.0,Kurdistan Workers' Party (PKK)
1811,0,0,0.0,1,0,3,10,1126,0,6,0.0,1,0.0,Maoists
1812,0,0,0.0,1,0,3,1,1464,0,6,0.0,1,0.0,Revolutionary Armed Forces of Colombia (FARC)
1813,0,0,1.0,1,0,3,14,346,0,6,0.0,1,0.0,Houthi extremists (Ansar Allah)
1814,0,0,0.0,1,0,2,4,48,0,6,0.0,0,0.0,Donetsk People's Republic
1815,1,0,0.0,1,0,2,17,1738,0,8,70.0,1,1.0,Tehrik-i-Taliban Pakistan (TTP)
1816,0,0,0.0,1,0,1,14,1091,0,5,1.0,0,0.0,Maoists
1817,0,0,0.0,1,0,2,14,27,0,9,7.0,1,0.0,Sikh Extremists
1818,0,0,0.0,1,0,2,22,954,0,5,2.0,0,0.0,Liberation Tigers of Tamil Eelam (LTTE)
1819,0,0,0.0,0,0,3,8,51,0,6,0.0,0,0.0,Abu Sayyaf Group (ASG)
1820,0,0,0.0,0,0,1,14,1421,0,9,0.0,0,0.0,Palestinians
1821,0,0,0.0,1,0,3,3,273,0,6,0.0,1,0.0,Basque Fatherland and Freedom (ETA)
1822,0,0,1.0,1,0,7,1,1164,0,8,0.0,1,0.0,Muslim extremists
1823,0,0,0.0,1,0,3,19,821,0,6,0.0,1,0.0,Irish Republican Army (IRA)
1824,0,0,0.0,1,0,2,21,691,0,5,23.0,1,0.0,Farabundo Marti National Liberation Front (FMLN)
1825,0,0,0.0,1,0,3,14,811,0,6,1.0,1,0.0,Irish Republican Army (IRA)
1826,0,0,1.0,1,1,3,4,20,0,6,4.0,-9,0.0,Al-Qaida in the Arabian Peninsula (AQAP)
1827,0,0,1.0,1,0,2,3,1140,0,5,16.0,0,0.0,Taliban
1828,0,0,0.0,1,0,2,4,189,0,5,1.0,0,0.0,Muslim extremists
1829,0,0,0.0,0,0,2,3,282,0,6,0.0,0,0.0,Muslim extremists
1830,0,0,1.0,1,0,2,14,447,0,6,32.0,-9,0.0,Boko Haram
1831,0,0,1.0,1,0,3,14,209,0,6,2.0,1,0.0,Al-Qaida in Iraq
1832,0,0,1.0,1,0,7,1,659,0,5,1.0,1,0.0,Donetsk People's Republic
1833,0,0,0.0,1,0,2,14,13,0,6,5.0,1,0.0,Tehrik-i-Taliban Pakistan (TTP)
1834,0,0,0.0,1,0,3,4,904,0,6,2.0,-9,0.0,Kurdistan Workers' Party (PKK)
1835,0,0,0.0,1,0,3,2,127,0,6,0.0,1,0.0,African National Congress (South Africa)
1836,0,0,0.0,1,0,6,1,1197,0,5,0.0,0,1.0,National Liberation Army of Colombia (ELN)
1837,0,0,0.0,1,0,3,3,1053,0,6,1.0,1,0.0,Manuel Rodriguez Patriotic Front (FPMR)
1838,0,0,0.0,1,0,1,10,1650,0,5,2.0,0,0.0,Sikh Extremists
1839,0,0,1.0,1,1,3,2,191,0,6,23.0,0,0.0,Al-Qaida in Iraq
1840,0,0,0.0,1,0,2,14,660,0,5,2.0,-9,0.0,Donetsk People's Republic
1841,0,0,0.0,1,0,2,2,316,0,5,2.0,1,0.0,Al-Shabaab
1842,1,0,1.0,1,0,6,14,63,0,5,5.0,0,1.0,Abu Sayyaf Group (ASG)
1843,0,0,0.0,1,0,3,14,652,0,6,0.0,-9,0.0,Houthi extremists (Ansar Allah)
1844,0,0,0.0,1,0,3,3,1096,0,6,3.0,1,0.0,Maoists
1845,0,0,0.0,1,0,3,3,106,0,6,0.0,1,0.0,African National Congress (South Africa)
1846,0,0,0.0,1,0,2,14,686,0,5,0.0,1,0.0,Farabundo Marti National Liberation Front (FMLN)
1847,0,0,0.0,0,0,3,1,362,0,6,0.0,1,0.0,Basque Fatherland and Freedom (ETA)
1848,0,0,0.0,1,0,2,3,1614,0,5,3.0,1,0.0,Sikh Extremists
1849,0,1,0.0,1,0,2,14,1173,0,5,9.0,0,0.0,Muslim extremists
1850,0,0,0.0,1,0,3,21,670,0,6,0.0,1,0.0,Manuel Rodriguez Patriotic Front (FPMR)
1851,0,0,0.0,1,0,2,3,332,0,5,1.0,1,0.0,National Liberation Army of Colombia (ELN)
1852,0,1,0.0,1,0,3,8,534,0,6,0.0,0,0.0,Communist Party of India - Maoist (CPI-Maoist)
1853,0,0,0.0,1,1,3,1,885,0,6,1.0,-9,0.0,Islamic State of Iraq and the Levant (ISIL)
1854,0,0,0.0,1,1,3,4,48,0,6,1.0,0,0.0,Islamic State of Iraq and the Levant (ISIL)
1855,0,0,0.0,1,0,3,1,1800,0,6,0.0,1,0.0,Tupac Amaru Revolutionary Movement (MRTA)
1856,0,0,1.0,1,0,2,14,27,0,5,1.0,1,0.0,Fulani extremists
1857,1,0,0.0,1,0,6,14,511,0,5,1.0,-9,1.0,Communist Party of India - Maoist (CPI-Maoist)
1858,0,0,0.0,0,0,6,2,753,0,5,2.0,0,1.0,Houthi extremists (Ansar Allah)
1859,0,0,0.0,1,0,3,20,828,0,6,1.0,1,0.0,Irish Republican Army (IRA)
1860,0,0,0.0,1,0,3,2,1048,0,6,0.0,1,0.0,Manuel Rodriguez Patriotic Front (FPMR)
1861,0,0,0.0,1,0,2,14,1624,0,5,10.0,0,0.0,Sikh Extremists
1862,0,0,0.0,1,0,2,14,757,0,6,12.0,1,0.0,Houthi extremists (Ansar Allah)
1863,0,0,0.0,1,0,2,14,1350,0,5,13.0,1,0.0,Nicaraguan Democratic Force (FDN)
1864,0,0,1.0,1,0,3,1,399,0,6,0.0,1,0.0,Tupac Amaru Revolutionary Movement (MRTA)
1865,0,0,0.0,1,0,2,4,971,0,5,4.0,-9,0.0,Liberation Tigers of Tamil Eelam (LTTE)
1866,0,0,0.0,1,0,2,4,251,0,5,1.0,-9,0.0,Al-Qaida in the Arabian Peninsula (AQAP)
1867,0,0,0.0,1,1,3,4,213,0,6,2.0,1,0.0,Al-Qaida in Iraq
1868,1,0,0.0,1,0,6,14,42,0,9,4.0,1,1.0,Abu Sayyaf Group (ASG)
1869,0,0,0.0,1,0,2,19,1482,0,5,4.0,1,0.0,Revolutionary Armed Forces of Colombia (FARC)
1870,0,0,0.0,1,0,2,3,930,0,5,1.0,0,0.0,Kurdistan Workers' Party (PKK)
1871,0,0,1.0,1,0,3,4,1284,0,6,0.0,0,0.0,New People's Army (NPA)
1872,0,0,0.0,1,0,2,3,929,0,5,0.0,1,0.0,Kurdistan Workers' Party (PKK)
1873,0,0,0.0,1,0,2,4,12,0,8,0.0,1,0.0,Palestinians
1874,0,0,0.0,1,0,2,4,672,0,5,50.0,1,0.0,Farabundo Marti National Liberation Front (FMLN)
1875,0,0,1.0,1,0,3,2,208,0,6,3.0,1,0.0,Al-Qaida in Iraq
1876,0,0,0.0,0,0,3,1,1491,0,6,0.0,1,0.0,Revolutionary Armed Forces of Colombia (FARC)
1877,0,0,0.0,1,0,3,14,27,0,6,0.0,-9,0.0,Donetsk People's Republic
1878,0,0,0.0,1,0,2,2,1569,0,5,0.0,1,0.0,Shining Path (SL)
1879,0,0,1.0,1,0,2,4,319,0,5,3.0,-9,0.0,Al-Shabaab
1880,0,0,0.0,1,0,3,2,1537,0,6,0.0,1,0.0,Shining Path (SL)
1881,0,0,0.0,1,0,2,15,1631,0,5,5.0,1,0.0,Sikh Extremists
1882,0,1,1.0,1,0,7,1,581,0,8,0.0,1,0.0,Sikh Extremists
1883,0,1,0.0,0,1,1,3,1710,0,6,5.0,1,0.0,Taliban
1884,0,0,0.0,1,0,1,17,174,0,5,2.0,-9,0.0,Al-Qaida in Iraq
1885,1,0,1.0,1,0,2,14,27,0,5,2.0,1,-9.0,Fulani extremists
1886,0,0,1.0,1,0,3,1,581,0,6,0.0,1,0.0,Corsican National Liberation Front (FLNC)
1887,0,0,0.0,1,0,3,3,500,0,6,0.0,1,0.0,Communist Party of India - Maoist (CPI-Maoist)
1888,0,0,1.0,1,0,3,1,1797,0,6,0.0,1,0.0,Tupac Amaru Revolutionary Movement (MRTA)
1889,0,0,1.0,1,0,3,21,692,0,6,0.0,1,0.0,Manuel Rodriguez Patriotic Front (FPMR)
1890,0,0,0.0,1,0,3,21,1204,0,6,0.0,1,0.0,National Liberation Army of Colombia (ELN)
1891,0,0,0.0,0,0,3,20,6,0,6,0.0,0,0.0,Kurdistan Workers' Party (PKK)
1892,0,1,0.0,1,0,3,4,250,0,6,3.0,1,0.0,Kurdistan Workers' Party (PKK)
1893,0,0,0.0,1,0,1,2,1632,0,5,1.0,0,0.0,Sikh Extremists
1894,0,0,1.0,1,1,3,15,1749,0,6,3.0,-9,0.0,Tehrik-i-Taliban Pakistan (TTP)
1895,0,0,1.0,1,0,3,20,6,0,6,0.0,-9,0.0,Boko Haram
1896,0,0,0.0,1,0,3,4,749,0,6,0.0,1,0.0,Houthi extremists (Ansar Allah)
1897,0,0,0.0,1,0,1,3,360,0,5,1.0,0,0.0,Basque Fatherland and Freedom (ETA)
1898,0,0,0.0,1,0,6,14,298,0,5,15.0,0,1.0,Al-Shabaab
1899,0,0,0.0,1,0,3,1,1807,0,6,0.0,1,0.0,Tupac Amaru Revolutionary Movement (MRTA)
1900,0,0,0.0,1,0,6,4,1454,0,5,0.0,0,1.0,Revolutionary Armed Forces of Colombia (FARC)
1901,0,0,0.0,1,0,3,21,670,0,6,0.0,1,0.0,Manuel Rodriguez Patriotic Front (FPMR)
1902,0,0,1.0,1,1,3,3,20,0,6,6.0,1,0.0,Al-Qaida in Iraq
1903,0,1,0.0,1,0,3,19,910,0,6,0.0,1,0.0,Kurdistan Workers' Party (PKK)
1904,0,0,0.0,1,0,3,1,425,0,6,0.0,1,0.0,Manuel Rodriguez Patriotic Front (FPMR)
1905,0,0,0.0,1,0,3,14,746,0,6,0.0,0,0.0,Houthi extremists (Ansar Allah)
1906,0,1,0.0,1,0,3,10,884,0,6,0.0,-9,0.0,Islamic State of Iraq and the Levant (ISIL)
1907,0,0,0.0,1,0,3,4,250,0,6,1.0,-9,0.0,Al-Shabaab
1908,0,1,0.0,1,0,7,8,1745,0,8,0.0,1,0.0,Tehrik-i-Taliban Pakistan (TTP)
1909,0,1,0.0,1,0,2,4,628,0,5,1.0,1,0.0,Kurdistan Workers' Party (PKK)
1910,0,0,1.0,1,0,3,1,399,0,6,0.0,1,0.0,Tupac Amaru Revolutionary Movement (MRTA)
1911,0,1,0.0,1,0,3,4,643,0,6,2.0,-9,0.0,Donetsk People's Republic
1912,0,0,0.0,1,0,2,16,523,0,5,0.0,1,0.0,Communist Party of India - Maoist (CPI-Maoist)
1913,0,0,0.0,1,0,3,14,141,0,6,0.0,1,0.0,African National Congress (South Africa)
1914,0,0,0.0,0,0,3,8,1422,0,6,0.0,0,0.0,Palestinians
1915,0,0,0.0,1,0,2,4,41,0,5,4.0,1,0.0,Abu Sayyaf Group (ASG)
1916,0,1,0.0,0,1,3,3,85,0,6,21.0,0,0.0,Islamic State of Iraq and the Levant (ISIL)
1917,0,0,1.0,1,0,3,14,16,0,6,3.0,1,0.0,Abu Sayyaf Group (ASG)
1918,0,0,0.0,1,0,1,4,1821,0,5,0.0,1,0.0,Tupac Amaru Revolutionary Movement (MRTA)
1919,0,0,0.0,1,1,3,3,260,0,6,38.0,1,0.0,Al-Qaida in the Arabian Peninsula (AQAP)
1920,0,0,0.0,1,0,7,2,1413,0,8,0.0,1,0.0,Palestinians
1921,0,0,1.0,1,0,3,14,652,0,6,3.0,1,0.0,Donetsk People's Republic
1922,0,0,0.0,1,0,3,2,1193,0,6,0.0,1,0.0,National Liberation Army of Colombia (ELN)
1923,0,0,1.0,1,0,2,3,1751,0,6,2.0,1,0.0,Tehrik-i-Taliban Pakistan (TTP)
1924,0,0,0.0,1,0,2,4,983,0,5,7.0,1,0.0,Liberation Tigers of Tamil Eelam (LTTE)
1925,0,0,0.0,1,0,3,18,589,0,6,0.0,1,0.0,Corsican National Liberation Front (FLNC)
1926,1,0,0.0,1,0,2,14,13,0,5,1.0,0,1.0,New People's Army (NPA)
1927,0,0,0.0,1,0,2,3,1606,0,5,3.0,1,0.0,Sikh Extremists
1928,0,0,1.0,1,0,2,2,730,0,5,2.0,1,0.0,Fulani extremists
1929,0,1,0.0,1,0,2,4,249,0,6,4.0,1,0.0,Donetsk People's Republic
1930,0,0,1.0,1,0,1,8,935,0,5,1.0,0,0.0,Shining Path (SL)
1931,0,0,0.0,1,1,3,15,264,0,6,16.0,1,0.0,Al-Qaida in the Arabian Peninsula (AQAP)
1932,0,0,1.0,1,1,3,4,781,0,6,2.0,-9,0.0,Tehrik-i-Taliban Pakistan (TTP)
1933,0,0,0.0,1,0,2,2,241,0,6,2.0,1,0.0,Al-Qaida in the Arabian Peninsula (AQAP)
1934,0,0,0.0,1,0,2,3,12,0,5,14.0,0,0.0,Taliban
1935,0,0,0.0,1,0,3,2,1118,0,6,0.0,1,0.0,Maoists
1936,0,0,0.0,1,0,2,4,48,0,5,2.0,0,0.0,Taliban
1937,0,1,0.0,1,0,3,14,13,0,6,6.0,1,0.0,Tehrik-i-Taliban Pakistan (TTP)
1938,0,0,0.0,1,0,2,14,13,0,5,2.0,0,0.0,Liberation Tigers of Tamil Eelam (LTTE)
1939,0,0,1.0,1,0,7,1,794,0,8,0.0,1,0.0,Irish Republican Army (IRA)
1940,0,0,0.0,1,0,3,21,1220,0,6,0.0,1,0.0,National Liberation Army of Colombia (ELN)
1941,0,0,0.0,0,0,3,14,1412,0,6,0.0,0,0.0,Palestinians
1942,0,0,0.0,1,0,3,14,584,0,6,0.0,1,0.0,Corsican National Liberation Front (FLNC)
1943,0,0,0.0,1,0,7,1,1584,0,8,0.0,1,0.0,Shining Path (SL)
1944,0,0,0.0,0,0,3,14,1202,0,6,0.0,0,0.0,National Liberation Army of Colombia (ELN)
1945,0,0,0.0,1,0,5,10,1195,0,5,0.0,1,1.0,National Liberation Army of Colombia (ELN)
1946,0,0,1.0,1,0,2,4,1301,0,5,0.0,0,0.0,New People's Army (NPA)
1947,1,0,0.0,1,0,6,14,27,0,5,1.0,1,1.0,Fulani extremists
1948,0,0,1.0,1,0,3,1,703,0,6,0.0,1,0.0,Farabundo Marti National Liberation Front (FMLN)
1949,0,0,0.0,1,0,2,19,56,0,5,2.0,1,0.0,Liberation Tigers of Tamil Eelam (LTTE)
1950,0,0,1.0,1,0,3,14,881,0,6,6.0,-9,0.0,Islamic State of Iraq and the Levant (ISIL)
1951,0,0,0.0,1,0,7,14,1148,0,8,0.0,1,0.0,Muslim extremists
1952,0,0,0.0,1,0,6,2,813,0,5,0.0,0,1.0,Irish Republican Army (IRA)
1953,0,0,0.0,1,0,7,10,425,0,8,0.0,1,0.0,Donetsk People's Republic
1954,0,1,0.0,1,0,2,4,252,0,5,6.0,-9,0.0,Al-Qaida in the Arabian Peninsula (AQAP)
1955,0,0,0.0,1,0,1,2,1554,0,5,1.0,0,0.0,Shining Path (SL)
1956,0,1,0.0,1,0,2,4,48,0,6,10.0,0,0.0,Boko Haram
1957,0,0,0.0,1,0,3,4,250,0,6,3.0,1,0.0,Al-Shabaab
1958,0,0,0.0,1,0,1,3,272,0,5,1.0,0,0.0,Al-Qaida in the Arabian Peninsula (AQAP)
1959,0,0,0.0,1,0,1,1,832,0,5,2.0,0,0.0,Irish Republican Army (IRA)
1960,0,1,0.0,1,0,3,20,6,0,6,0.0,0,0.0,Donetsk People's Republic
1961,0,0,0.0,1,0,3,4,1828,0,6,0.0,1,0.0,Tupac Amaru Revolutionary Movement (MRTA)
1962,0,0,0.0,1,0,2,4,332,0,5,1.0,1,0.0,Nicaraguan Democratic Force (FDN)
1963,0,0,0.0,1,0,3,1,1033,0,6,0.0,1,0.0,Tupac Amaru Revolutionary Movement (MRTA)
1964,0,0,1.0,1,0,2,19,56,0,8,0.0,1,0.0,Manuel Rodriguez Patriotic Front (FPMR)
1965,0,0,0.0,0,0,1,4,1380,0,5,0.0,0,0.0,Palestinians
1966,0,0,1.0,1,1,3,14,346,0,6,5.0,1,0.0,Boko Haram
1967,0,0,0.0,1,0,3,8,909,0,6,1.0,1,0.0,Kurdistan Workers' Party (PKK)
1968,0,0,0.0,0,0,1,14,1381,0,9,0.0,0,0.0,Palestinians
1969,0,1,0.0,1,0,3,4,48,0,6,0.0,-9,0.0,Donetsk People's Republic
1970,0,1,0.0,1,0,2,4,48,0,6,0.0,1,0.0,Donetsk People's Republic
1971,0,0,0.0,1,0,2,3,518,0,5,1.0,-9,0.0,Communist Party of India - Maoist (CPI-Maoist)
1972,0,0,0.0,1,0,7,14,353,0,8,0.0,1,0.0,Basque Fatherland and Freedom (ETA)
1973,0,0,1.0,1,0,3,15,891,0,6,0.0,1,0.0,Islamic State of Iraq and the Levant (ISIL)
1974,0,0,1.0,1,0,2,3,85,0,5,2.0,0,0.0,Houthi extremists (Ansar Allah)
1975,0,0,0.0,1,0,2,4,815,0,5,1.0,0,0.0,Irish Republican Army (IRA)
1976,0,0,0.0,1,0,3,1,586,0,6,0.0,1,0.0,Corsican National Liberation Front (FLNC)
1977,0,0,0.0,1,0,3,1,425,0,6,0.0,1,0.0,Tupac Amaru Revolutionary Movement (MRTA)
1978,0,0,0.0,1,0,2,4,12,0,5,6.0,0,0.0,Abu Sayyaf Group (ASG)
1979,0,0,1.0,0,0,3,2,1124,0,6,0.0,0,0.0,Maoists
1980,0,0,0.0,1,0,2,4,1431,0,5,0.0,1,0.0,Palestinians
1981,0,1,0.0,1,0,2,4,265,0,5,0.0,0,0.0,Al-Qaida in the Arabian Peninsula (AQAP)
1982,0,0,0.0,1,0,2,3,332,0,5,2.0,1,0.0,Farabundo Marti National Liberation Front (FMLN)
1983,0,0,1.0,1,0,3,4,655,0,6,0.0,0,0.0,Donetsk People's Republic
1984,0,0,0.0,1,0,2,14,298,0,5,20.0,1,0.0,Fulani extremists
1985,0,0,0.0,1,0,3,17,309,0,6,3.0,1,0.0,Al-Shabaab
1986,0,0,0.0,1,0,3,3,12,0,6,1.0,1,0.0,Tehrik-i-Taliban Pakistan (TTP)
1987,0,0,0.0,1,0,1,3,836,0,5,1.0,0,0.0,Irish Republican Army (IRA)
1988,0,0,0.0,1,0,3,4,992,0,6,3.0,1,0.0,Liberation Tigers of Tamil Eelam (LTTE)
1989,0,0,0.0,1,0,6,14,510,0,5,1.0,0,1.0,Communist Party of India - Maoist (CPI-Maoist)
1990,0,0,0.0,1,0,3,2,1567,0,6,0.0,1,0.0,Shining Path (SL)
1991,0,0,0.0,1,0,1,3,859,0,5,2.0,0,0.0,Sikh Extremists
1992,0,0,0.0,1,0,7,1,1702,0,8,0.0,1,0.0,Taliban
1993,0,0,0.0,1,0,2,4,672,0,5,1.0,1,0.0,Nicaraguan Democratic Force (FDN)
1994,0,0,0.0,1,0,2,4,804,0,5,3.0,1,0.0,Liberation Tigers of Tamil Eelam (LTTE)
1995,0,0,0.0,1,0,3,4,48,0,6,2.0,-9,0.0,Kurdistan Workers' Party (PKK)
1996,0,0,0.0,1,0,2,19,1327,0,8,0.0,0,0.0,Palestinians
1997,0,1,0.0,1,0,2,4,1416,0,8,0.0,0,0.0,Palestinians
1998,0,0,1.0,0,1,1,1,205,0,6,1.0,1,0.0,Al-Shabaab
1999,0,0,0.0,1,0,3,3,1477,0,6,5.0,0,0.0,Revolutionary Armed Forces of Colombia (FARC)
2000,0,0,0.0,1,0,1,4,1712,0,5,3.0,0,0.0,Taliban
2001,0,0,0.0,1,0,3,2,1696,0,6,0.0,0,0.0,Taliban
2002,0,0,1.0,1,0,2,2,317,0,5,0.0,-9,0.0,Al-Shabaab
2003,0,0,0.0,1,0,3,3,628,0,6,4.0,1,0.0,Tupac Amaru Revolutionary Movement (MRTA)
2004,0,0,0.0,1,0,2,4,1638,0,5,4.0,1,0.0,Sikh Extremists
2005,0,0,0.0,1,0,1,4,841,0,5,1.0,0,0.0,Irish Republican Army (IRA)
2006,0,0,0.0,1,0,3,1,1546,0,6,0.0,1,0.0,Shining Path (SL)
2007,0,0,1.0,1,0,3,3,12,0,6,1.0,1,0.0,Al-Qaida in Iraq
2008,0,0,1.0,1,0,3,14,752,0,6,1.0,-9,0.0,Houthi extremists (Ansar Allah)
2009,0,0,0.0,1,0,3,14,592,0,6,0.0,1,0.0,Corsican National Liberation Front (FLNC)
2010,0,0,0.0,1,0,2,14,27,0,5,95.0,1,0.0,Fulani extremists
2011,0,0,1.0,1,0,3,14,652,0,6,1.0,-9,0.0,Islamic State of Iraq and the Levant (ISIL)
2012,0,0,1.0,1,1,3,14,444,0,6,1.0,1,0.0,Boko Haram
2013,0,1,0.0,1,0,2,4,672,0,5,1.0,1,0.0,Nicaraguan Democratic Force (FDN)
2014,0,0,1.0,1,0,3,2,499,0,6,0.0,1,0.0,Communist Party of India - Maoist (CPI-Maoist)
2015,0,0,1.0,1,0,2,14,405,0,8,0.0,1,0.0,Basque Fatherland and Freedom (ETA)
2016,0,0,1.0,0,0,2,4,291,0,5,2.0,0,0.0,Taliban
2017,0,0,0.0,1,0,3,1,614,0,6,0.0,1,0.0,Manuel Rodriguez Patriotic Front (FPMR)
2018,0,0,0.0,1,0,1,14,833,0,5,2.0,0,0.0,Irish Republican Army (IRA)
2019,0,0,0.0,1,0,2,4,672,0,5,2.0,1,0.0,Nicaraguan Democratic Force (FDN)
2020,0,0,0.0,1,0,1,2,1177,0,5,1.0,0,0.0,Muslim extremists
2021,0,0,1.0,1,0,2,14,27,0,6,5.0,0,0.0,Al-Shabaab
2022,0,0,0.0,1,0,3,1,601,0,6,0.0,1,0.0,Muslim extremists
2023,0,1,0.0,1,0,2,4,274,0,5,25.0,1,0.0,Al-Qaida in the Arabian Peninsula (AQAP)
2024,0,0,0.0,1,0,2,3,234,0,6,0.0,-9,0.0,New People's Army (NPA)
2025,0,0,0.0,1,0,3,2,1831,0,6,1.0,1,0.0,Tupac Amaru Revolutionary Movement (MRTA)
2026,0,0,0.0,1,0,2,4,646,0,6,0.0,-9,0.0,Donetsk People's Republic
2027,0,0,0.0,0,0,2,2,289,0,5,0.0,0,0.0,Muslim extremists
2028,0,0,1.0,1,0,2,17,186,0,5,4.0,0,0.0,Tehrik-i-Taliban Pakistan (TTP)
2029,0,0,1.0,1,0,3,2,289,0,6,1.0,-9,0.0,Al-Shabaab
2030,0,0,0.0,1,0,6,14,342,0,5,1.0,0,1.0,Communist Party of India - Maoist (CPI-Maoist)
2031,0,0,0.0,0,0,1,4,1155,0,5,0.0,0,0.0,Muslim extremists
2032,0,0,0.0,1,0,3,4,297,0,6,1.0,0,0.0,Al-Shabaab
2033,0,1,0.0,1,0,2,3,934,0,5,4.0,1,0.0,Kurdistan Workers' Party (PKK)
2034,0,0,0.0,1,0,3,14,756,0,6,1.0,-9,0.0,Houthi extremists (Ansar Allah)
2035,0,0,0.0,1,0,2,4,246,0,5,1.0,0,0.0,Al-Qaida in the Arabian Peninsula (AQAP)
2036,0,0,0.0,1,0,3,1,613,0,6,0.0,1,0.0,Corsican National Liberation Front (FLNC)
2037,0,0,0.0,1,1,3,4,217,0,6,4.0,1,0.0,Islamic State of Iraq and the Levant (ISIL)
2038,0,0,0.0,1,0,7,22,186,0,11,0.0,1,0.0,Communist Party of India - Maoist (CPI-Maoist)
2039,0,1,1.0,1,0,3,3,12,0,6,0.0,0,0.0,Al-Qaida in Iraq
2040,0,0,0.0,1,0,2,14,519,0,5,0.0,-9,0.0,Communist Party of India - Maoist (CPI-Maoist)
2041,0,0,0.0,1,0,8,14,799,0,9,0.0,1,0.0,Irish Republican Army (IRA)
2042,0,0,1.0,0,0,3,2,1080,0,6,0.0,1,0.0,Sikh Extremists
2043,0,0,0.0,1,0,7,16,546,0,8,0.0,1,0.0,Communist Party of India - Maoist (CPI-Maoist)
2044,0,1,0.0,1,0,2,3,332,0,5,2.0,1,0.0,Sikh Extremists
2045,0,0,1.0,1,0,3,2,425,0,6,0.0,1,0.0,Corsican National Liberation Front (FLNC)
2046,0,0,1.0,1,1,3,2,185,0,6,27.0,-9,0.0,Al-Qaida in Iraq
2047,0,0,1.0,1,0,1,14,1150,0,5,1.0,0,0.0,Muslim extremists
2048,0,0,0.0,0,0,2,3,269,0,5,0.0,0,0.0,Al-Qaida in the Arabian Peninsula (AQAP)
2049,0,0,1.0,1,0,6,14,1102,0,5,1.0,0,1.0,Maoists
2050,0,0,0.0,1,0,1,14,1396,0,5,1.0,0,0.0,Palestinians
2051,0,0,0.0,1,0,1,14,1641,0,5,2.0,0,0.0,Sikh Extremists
2052,1,0,0.0,1,0,6,2,14,0,5,0.0,0,1.0,Abu Sayyaf Group (ASG)
2053,0,0,0.0,0,0,2,4,178,0,5,6.0,0,0.0,Al-Qaida in Iraq
2054,0,0,1.0,1,0,7,8,51,0,8,0.0,1,0.0,Boko Haram
2055,0,1,0.0,1,0,1,3,1428,0,5,1.0,0,0.0,Palestinians
2056,0,0,0.0,1,0,3,4,646,0,6,0.0,1,0.0,Donetsk People's Republic
2057,0,0,1.0,1,0,2,14,27,0,5,3.0,-9,0.0,Fulani extremists
2058,0,0,0.0,1,0,2,14,1427,0,8,1.0,1,0.0,Palestinians
2059,0,0,0.0,1,0,1,2,326,0,5,1.0,1,0.0,Al-Shabaab
2060,0,0,0.0,1,0,1,14,1194,0,5,7.0,0,0.0,National Liberation Army of Colombia (ELN)
2061,0,0,1.0,1,0,7,14,27,0,5,5.0,1,0.0,Fulani extremists
2062,0,0,0.0,1,0,3,8,1651,0,6,0.0,1,0.0,Sikh Extremists
2063,0,0,0.0,1,0,2,9,1559,0,5,10.0,1,0.0,Shining Path (SL)
2064,0,0,0.0,1,0,2,3,1709,0,5,6.0,0,0.0,Taliban
2065,0,0,0.0,1,0,3,14,13,0,6,0.0,-9,0.0,Houthi extremists (Ansar Allah)
2066,0,0,1.0,1,0,3,1,1810,0,6,0.0,1,0.0,Tupac Amaru Revolutionary Movement (MRTA)
2067,0,0,0.0,0,1,3,14,27,0,6,2.0,0,0.0,Islamic State of Iraq and the Levant (ISIL)
2068,0,0,0.0,1,0,2,4,1004,0,5,9.0,1,0.0,Tupac Amaru Revolutionary Movement (MRTA)
2069,0,0,0.0,1,0,7,1,665,0,8,0.0,1,0.0,New People's Army (NPA)
2070,0,0,0.0,1,0,2,2,1562,0,8,4.0,1,0.0,Shining Path (SL)
2071,0,0,0.0,1,0,2,14,1698,0,5,3.0,-9,0.0,Taliban
2072,0,0,0.0,1,0,3,4,873,0,6,2.0,1,0.0,Islamic State of Iraq and the Levant (ISIL)
2073,0,0,0.0,1,0,5,10,1059,0,5,0.0,1,1.0,Manuel Rodriguez Patriotic Front (FPMR)
2074,0,0,0.0,1,0,2,4,683,0,5,5.0,1,0.0,Farabundo Marti National Liberation Front (FMLN)
2075,0,0,0.0,1,0,1,4,1377,0,9,1.0,0,0.0,Palestinians
2076,0,0,0.0,1,0,3,2,1049,0,6,0.0,1,0.0,Manuel Rodriguez Patriotic Front (FPMR)
2077,0,0,1.0,1,0,3,21,692,0,6,0.0,1,0.0,Farabundo Marti National Liberation Front (FMLN)
2078,1,0,0.0,1,0,6,7,197,0,5,2.0,0,1.0,Al-Qaida in Iraq
2079,0,0,0.0,1,0,3,19,905,0,6,4.0,-9,0.0,Kurdistan Workers' Party (PKK)
2080,0,0,1.0,1,0,3,14,751,0,6,5.0,-9,0.0,Islamic State of Iraq and the Levant (ISIL)
2081,0,0,0.0,1,0,3,1,1813,0,6,0.0,1,0.0,Tupac Amaru Revolutionary Movement (MRTA)
2082,0,0,1.0,1,1,3,15,445,0,6,42.0,1,0.0,Boko Haram
2083,0,0,0.0,1,0,3,21,724,0,6,0.0,1,0.0,Manuel Rodriguez Patriotic Front (FPMR)
2084,0,0,0.0,1,0,7,1,1279,0,8,0.0,1,0.0,New People's Army (NPA)
2085,0,0,1.0,1,0,2,4,680,0,5,10.0,1,0.0,Farabundo Marti National Liberation Front (FMLN)
2086,0,0,0.0,1,0,1,14,1612,0,5,2.0,0,0.0,Sikh Extremists
2087,0,0,0.0,1,0,3,2,96,0,6,0.0,1,0.0,African National Congress (South Africa)
2088,0,0,1.0,1,0,3,14,13,0,6,0.0,1,0.0,Al-Qaida in Iraq
2089,0,0,0.0,1,0,8,4,699,0,9,1.0,1,0.0,Palestinians
2090,0,0,0.0,1,0,2,3,1056,0,5,0.0,1,0.0,Manuel Rodriguez Patriotic Front (FPMR)
2091,0,0,1.0,1,0,2,14,13,0,5,1.0,-9,0.0,Fulani extremists
2092,0,1,0.0,1,0,3,4,977,0,6,2.0,1,0.0,Liberation Tigers of Tamil Eelam (LTTE)
2093,0,0,0.0,1,0,3,4,48,0,6,1.0,0,0.0,Islamic State of Iraq and the Levant (ISIL)
2094,0,0,1.0,1,0,3,14,757,0,6,0.0,-9,0.0,Houthi extremists (Ansar Allah)
2095,0,0,0.0,1,0,3,1,1566,0,6,0.0,1,0.0,Shining Path (SL)
2096,0,0,1.0,1,0,2,14,27,0,5,0.0,1,0.0,Fulani extremists
2097,0,0,1.0,1,0,3,1,1553,0,6,1.0,1,0.0,Shining Path (SL)
2098,0,0,0.0,1,0,3,3,150,0,5,2.0,1,0.0,African National Congress (South Africa)
2099,0,0,0.0,1,0,2,17,232,0,5,1.0,0,0.0,Al-Qaida in the Arabian Peninsula (AQAP)
