,extended,vicinity,multiple,success,suicide,attacktype1,targtype1,target1,individual,weaptype1,nkill,property,ishostkid,gname
0,0,0,0.0,1,0,2,8,6147,0,5,1.0,1,0.0,Shining Path (SL)
1,0,0,0.0,1,0,3,1,2487,0,5,0.0,1,0.0,Tupac Amaru Revolutionary Movement (MRTA)
2,0,0,0.0,1,0,3,14,1871,0,6,4.0,1,0.0,Islamic State of Iraq and the Levant (ISIL)
3,0,0,0.0,1,0,3,14,1951,0,6,5.0,1,0.0,Donetsk People's Republic
4,1,0,0.0,1,0,6,4,20,0,5,8.0,-9,1.0,Al-Qaida in the Arabian Peninsula (AQAP)
5,0,0,0.0,1,0,1,14,3163,0,5,1.0,0,0.0,Irish Republican Army (IRA)
6,0,0,0.0,1,0,2,19,7245,0,8,0.0,1,0.0,Tupac Amaru Revolutionary Movement (MRTA)
7,0,0,0.0,1,0,2,3,514,0,5,11.0,1,0.0,National Liberation Army of Colombia (ELN)
8,0,0,0.0,1,0,2,14,3665,0,5,1.0,0,0.0,Kurdistan Workers' Party (PKK)
9,0,0,0.0,1,0,3,2,7227,0,6,0.0,1,0.0,Tupac Amaru Revolutionary Movement (MRTA)
10,0,0,0.0,1,0,3,8,1865,0,6,15.0,1,0.0,Islamic State of Iraq and the Levant (ISIL)
11,1,0,0.0,1,0,6,14,5859,0,5,0.0,0,1.0,Revolutionary Armed Forces of Colombia (FARC)
12,0,0,0.0,1,0,2,4,12,0,5,0.0,1,0.0,Palestinians
13,0,0,1.0,1,0,3,14,2468,0,6,0.0,1,0.0,Corsican National Liberation Front (FLNC)
14,0,0,0.0,1,0,1,14,6321,0,5,4.0,0,0.0,Shining Path (SL)
15,0,0,0.0,1,0,2,4,4346,0,6,3.0,0,0.0,Tehrik-i-Taliban Pakistan (TTP)
16,0,0,0.0,1,0,6,10,3019,0,5,0.0,0,1.0,Houthi extremists (Ansar Allah)
17,0,0,0.0,1,1,1,2,6797,0,6,2.0,0,0.0,Taliban
18,0,0,1.0,1,0,1,8,7296,0,5,1.0,0,0.0,Tupac Amaru Revolutionary Movement (MRTA)
19,0,0,1.0,1,0,2,14,27,0,5,2.0,0,0.0,Fulani extremists
20,0,0,0.0,1,0,1,1,2709,0,6,0.0,1,0.0,Farabundo Marti National Liberation Front (FMLN)
21,0,0,0.0,1,0,3,11,5358,0,5,1.0,1,0.0,Nicaraguan Democratic Force (FDN)
22,0,1,0.0,0,0,2,14,27,0,5,0.0,0,0.0,Boko Haram
23,0,1,0.0,1,0,2,4,238,0,5,2.0,1,0.0,Abu Sayyaf Group (ASG)
24,1,0,0.0,1,0,2,14,6899,0,5,4.0,0,1.0,Tehrik-i-Taliban Pakistan (TTP)
25,0,0,1.0,1,0,3,1,1557,0,6,0.0,1,0.0,Corsican National Liberation Front (FLNC)
26,0,0,0.0,0,0,1,14,5531,0,9,0.0,0,0.0,Palestinians
27,0,0,0.0,1,0,1,14,985,0,5,5.0,1,0.0,Al-Qaida in the Arabian Peninsula (AQAP)
28,0,0,0.0,1,0,3,22,2176,0,6,0.0,-9,0.0,Communist Party of India - Maoist (CPI-Maoist)
29,0,0,0.0,1,0,2,4,3631,0,5,1.0,0,0.0,Kurdistan Workers' Party (PKK)
30,0,1,0.0,1,0,2,14,5601,0,5,0.0,0,0.0,Palestinians
31,0,0,0.0,1,0,2,4,6924,0,5,3.0,1,0.0,Tehrik-i-Taliban Pakistan (TTP)
32,0,0,0.0,1,0,2,3,20,0,5,1.0,1,0.0,Tehrik-i-Taliban Pakistan (TTP)
33,0,0,0.0,1,0,2,22,595,0,5,20.0,1,0.0,African National Congress (South Africa)
34,0,0,0.0,1,0,3,21,4835,0,6,0.0,1,0.0,National Liberation Army of Colombia (ELN)
35,0,0,0.0,1,0,1,3,2432,0,5,1.0,0,0.0,New People's Army (NPA)
36,0,0,0.0,1,0,3,6,5627,0,6,0.0,1,0.0,Palestinians
37,0,0,0.0,1,0,3,2,481,0,6,0.0,1,0.0,African National Congress (South Africa)
38,1,1,0.0,1,0,6,14,1270,0,5,1.0,1,1.0,Al-Shabaab
39,0,0,0.0,1,0,2,3,6402,0,5,1.0,1,0.0,Tupac Amaru Revolutionary Movement (MRTA)
40,0,0,0.0,1,0,2,3,4392,0,5,2.0,0,0.0,Maoists
41,0,0,0.0,1,0,3,3,330,0,6,1.0,1,0.0,Kurdistan Workers' Party (PKK)
42,0,0,0.0,1,0,3,2,5432,0,5,2.0,1,0.0,Nicaraguan Democratic Force (FDN)
43,0,0,0.0,1,0,2,4,2685,0,5,10.0,1,0.0,Tupac Amaru Revolutionary Movement (MRTA)
44,0,0,0.0,1,0,1,2,1235,0,5,1.0,0,0.0,Al-Shabaab
45,0,0,0.0,0,0,6,4,268,0,9,0.0,0,0.0,Muslim extremists
46,0,0,0.0,1,0,1,14,3146,0,5,1.0,0,0.0,Irish Republican Army (IRA)
47,0,0,1.0,1,0,3,4,48,0,6,1.0,0,0.0,Kurdistan Workers' Party (PKK)
48,0,0,0.0,1,0,2,14,6243,0,5,1.0,1,0.0,Shining Path (SL)
49,0,0,1.0,1,0,3,3,767,0,6,7.0,-9,0.0,Al-Qaida in Iraq
50,0,0,0.0,1,0,7,19,4391,0,11,0.0,1,0.0,Maoists
51,0,0,1.0,1,0,3,1,755,0,6,4.0,1,0.0,Al-Qaida in Iraq
52,0,0,0.0,1,0,2,14,4850,0,5,1.0,1,1.0,National Liberation Army of Colombia (ELN)
53,0,0,0.0,1,0,2,3,514,0,5,4.0,1,0.0,Sikh Extremists
54,0,0,0.0,1,0,3,21,4800,0,6,0.0,1,0.0,Revolutionary Armed Forces of Colombia (FARC)
55,0,0,0.0,1,0,2,14,2781,0,5,1.0,1,0.0,Farabundo Marti National Liberation Front (FMLN)
56,0,0,0.0,1,0,3,2,3946,0,6,0.0,1,0.0,Liberation Tigers of Tamil Eelam (LTTE)
57,0,0,0.0,1,0,3,4,167,0,6,0.0,0,0.0,Maoists
58,0,0,0.0,1,0,3,14,205,0,6,0.0,-9,0.0,Donetsk People's Republic
59,0,0,0.0,1,0,2,3,12,0,5,1.0,0,0.0,Maoists
60,0,0,0.0,1,0,3,3,172,0,6,48.0,1,0.0,Taliban
61,0,0,0.0,1,0,1,4,3186,0,5,1.0,0,0.0,Irish Republican Army (IRA)
62,0,0,0.0,1,0,2,4,5140,0,5,2.0,-9,0.0,New People's Army (NPA)
63,0,0,1.0,1,0,2,17,305,0,5,1.0,0,0.0,Kurdistan Workers' Party (PKK)
64,0,0,0.0,1,0,2,14,6268,0,5,6.0,1,0.0,Shining Path (SL)
65,0,0,0.0,1,0,3,14,330,0,6,5.0,1,0.0,Al-Qaida in the Arabian Peninsula (AQAP)
66,0,0,0.0,1,0,3,2,330,0,6,1.0,1,0.0,Al-Shabaab
67,0,0,0.0,1,0,3,21,6029,0,6,0.0,1,0.0,Revolutionary Armed Forces of Colombia (FARC)
68,1,0,0.0,1,0,6,2,6777,0,5,1.0,0,1.0,Taliban
69,0,0,0.0,1,0,3,15,5494,0,6,0.0,1,0.0,Palestinians
70,0,0,0.0,1,0,6,14,2599,0,9,0.0,0,1.0,Donetsk People's Republic
71,0,0,0.0,1,1,3,3,767,0,6,12.0,1,0.0,Islamic State of Iraq and the Levant (ISIL)
72,0,0,1.0,0,0,2,14,27,0,5,0.0,0,0.0,Fulani extremists
73,0,0,0.0,1,0,3,4,3881,0,6,2.0,1,0.0,Liberation Tigers of Tamil Eelam (LTTE)
74,0,0,0.0,1,0,3,4,2956,0,6,0.0,1,0.0,Houthi extremists (Ansar Allah)
75,0,0,0.0,0,0,1,1,5828,0,5,0.0,0,0.0,Revolutionary Armed Forces of Colombia (FARC)
76,0,0,0.0,1,0,2,4,912,0,6,0.0,1,0.0,Al-Qaida in the Arabian Peninsula (AQAP)
77,0,0,1.0,1,0,3,21,1575,0,6,0.0,1,0.0,Farabundo Marti National Liberation Front (FMLN)
78,1,0,1.0,1,0,6,1,6938,0,5,1.0,1,1.0,Tehrik-i-Taliban Pakistan (TTP)
79,0,0,1.0,1,0,7,19,56,0,8,0.0,1,0.0,Manuel Rodriguez Patriotic Front (FPMR)
80,0,0,0.0,1,0,3,21,410,0,6,0.0,1,0.0,African National Congress (South Africa)
81,0,0,0.0,1,0,2,4,12,0,5,5.0,1,0.0,Liberation Tigers of Tamil Eelam (LTTE)
82,0,0,1.0,1,1,3,3,20,0,6,6.0,1,0.0,Al-Qaida in Iraq
83,0,0,0.0,1,0,3,14,5539,0,6,0.0,1,0.0,Palestinians
84,0,0,0.0,0,0,1,3,625,0,9,0.0,0,0.0,Palestinians
85,1,0,0.0,1,0,6,14,4829,0,5,0.0,0,1.0,National Liberation Army of Colombia (ELN)
86,0,0,0.0,1,0,3,2,2401,0,6,0.0,1,0.0,Corsican National Liberation Front (FLNC)
87,0,1,0.0,1,0,3,16,2108,0,6,0.0,1,0.0,Communist Party of India - Maoist (CPI-Maoist)
88,0,0,1.0,1,0,3,1,1557,0,6,0.0,1,0.0,Corsican National Liberation Front (FLNC)
89,0,0,0.0,1,0,3,14,205,0,6,0.0,-9,0.0,Donetsk People's Republic
90,1,1,0.0,1,0,6,4,3470,0,6,1.0,1,1.0,Islamic State of Iraq and the Levant (ISIL)
91,0,1,0.0,1,0,2,19,6602,0,5,8.0,0,0.0,Sikh Extremists
92,0,0,0.0,1,0,3,3,512,0,6,0.0,1,0.0,African National Congress (South Africa)
93,0,0,0.0,0,0,1,15,4631,0,5,0.0,1,0.0,Muslim extremists
94,0,0,1.0,1,0,3,15,215,0,6,1.0,0,0.0,Al-Qaida in Iraq
95,0,0,1.0,1,0,2,19,5138,0,8,0.0,1,0.0,New People's Army (NPA)
96,0,0,0.0,0,1,3,1,3015,0,6,0.0,0,0.0,Islamic State of Iraq and the Levant (ISIL)
97,0,0,0.0,1,0,3,4,1033,0,6,1.0,-9,0.0,Al-Shabaab
98,0,0,1.0,1,0,2,14,27,0,5,1.0,1,0.0,Fulani extremists
99,0,0,0.0,0,0,3,1,1557,0,6,0.0,0,0.0,Corsican National Liberation Front (FLNC)
100,1,0,0.0,1,0,6,14,2023,0,5,1.0,0,1.0,Communist Party of India - Maoist (CPI-Maoist)
101,0,0,0.0,1,0,2,3,3195,0,5,2.0,1,0.0,Shining Path (SL)
102,0,0,0.0,1,0,8,14,5695,0,9,1.0,1,0.0,Palestinians
103,0,0,0.0,1,0,2,4,803,0,5,9.0,1,0.0,Farabundo Marti National Liberation Front (FMLN)
104,0,0,0.0,1,0,7,1,5169,0,5,0.0,1,0.0,New People's Army (NPA)
105,0,0,0.0,1,0,2,4,0,0,5,1.0,0,0.0,New People's Army (NPA)
106,0,0,1.0,1,0,2,2,3568,0,5,1.0,1,0.0,Kurdistan Workers' Party (PKK)
107,0,0,0.0,1,0,2,4,4314,0,5,0.0,0,0.0,Maoists
108,0,0,0.0,1,0,1,4,1469,0,5,1.0,0,0.0,Basque Fatherland and Freedom (ETA)
109,1,0,0.0,1,0,6,14,239,0,5,0.0,0,1.0,Abu Sayyaf Group (ASG)
110,0,0,0.0,1,0,3,3,6804,0,6,1.0,1,0.0,Taliban
111,0,0,0.0,1,1,3,14,367,0,6,2.0,1,0.0,Al-Shabaab
112,0,0,1.0,1,0,3,20,6,0,6,0.0,1,0.0,Basque Fatherland and Freedom (ETA)
113,0,0,0.0,0,0,3,18,5670,0,6,0.0,1,0.0,Palestinians
114,0,0,1.0,1,0,3,4,48,0,6,1.0,-9,0.0,Donetsk People's Republic
115,0,1,0.0,1,0,3,3,12,0,6,2.0,0,0.0,Maoists
116,0,0,0.0,0,0,1,2,3788,0,6,0.0,1,0.0,Liberation Tigers of Tamil Eelam (LTTE)
117,0,0,1.0,1,0,3,14,2953,0,6,2.0,1,0.0,Houthi extremists (Ansar Allah)
118,0,0,0.0,0,0,1,18,5711,0,9,0.0,0,0.0,Palestinians
119,0,0,0.0,1,0,2,14,27,0,5,5.0,1,0.0,Fulani extremists
120,1,0,0.0,1,0,6,14,209,0,5,1.0,0,1.0,Abu Sayyaf Group (ASG)
121,0,0,0.0,0,0,1,2,1247,0,5,12.0,1,0.0,Al-Shabaab
122,0,0,0.0,1,0,2,21,3629,0,6,3.0,1,0.0,Kurdistan Workers' Party (PKK)
123,0,0,0.0,1,0,2,4,2660,0,5,5.0,1,0.0,Revolutionary Armed Forces of Colombia (FARC)
124,0,0,0.0,1,1,3,4,1390,0,6,8.0,0,0.0,Islamic State of Iraq and the Levant (ISIL)
125,0,0,1.0,1,1,3,8,1818,0,6,1.0,-9,0.0,Boko Haram
126,0,0,0.0,1,0,2,3,4300,0,12,0.0,0,0.0,Maoists
127,0,0,0.0,1,0,3,6,2486,0,6,1.0,1,0.0,Corsican National Liberation Front (FLNC)
128,0,0,0.0,1,0,2,14,2964,0,5,3.0,-9,0.0,Houthi extremists (Ansar Allah)
129,0,0,0.0,1,0,1,14,3294,0,5,1.0,0,0.0,Irish Republican Army (IRA)
130,0,0,0.0,1,0,3,14,27,0,6,3.0,1,0.0,Donetsk People's Republic
131,0,0,0.0,1,0,1,14,6519,0,5,1.0,0,0.0,Sikh Extremists
132,0,0,0.0,1,0,3,4,59,0,6,0.0,0,0.0,Abu Sayyaf Group (ASG)
133,1,0,0.0,1,0,6,4,268,0,5,1.0,0,1.0,Kurdistan Workers' Party (PKK)
134,0,0,0.0,1,0,2,4,402,0,6,5.0,-9,0.0,Al-Shabaab
135,0,0,0.0,1,0,3,19,5647,0,6,0.0,1,0.0,Palestinians
136,0,0,1.0,1,0,3,14,13,0,6,2.0,-9,0.0,Al-Qaida in Iraq
137,0,0,0.0,1,0,2,4,1498,0,5,1.0,-9,0.0,Basque Fatherland and Freedom (ETA)
138,0,0,0.0,1,0,1,2,6206,0,5,1.0,0,0.0,Shining Path (SL)
139,0,0,1.0,1,0,3,4,12,0,6,4.0,-9,0.0,Al-Qaida in the Arabian Peninsula (AQAP)
140,0,0,0.0,1,0,2,21,2772,0,5,1.0,1,0.0,Farabundo Marti National Liberation Front (FMLN)
141,0,1,0.0,1,0,7,8,6918,0,8,0.0,1,0.0,Tehrik-i-Taliban Pakistan (TTP)
142,0,0,0.0,1,0,3,4,2958,0,6,0.0,-9,0.0,Houthi extremists (Ansar Allah)
143,0,0,0.0,1,0,3,4,48,0,6,2.0,0,0.0,Al-Shabaab
144,0,0,1.0,1,0,7,14,27,0,8,0.0,1,0.0,Boko Haram
145,0,0,0.0,1,0,2,2,4782,0,5,0.0,0,1.0,National Liberation Army of Colombia (ELN)
146,0,0,0.0,1,0,3,2,5871,0,6,0.0,1,0.0,Revolutionary Armed Forces of Colombia (FARC)
147,0,0,0.0,1,0,2,14,2781,0,5,24.0,1,1.0,Farabundo Marti National Liberation Front (FMLN)
148,0,0,0.0,1,0,1,2,2768,0,5,1.0,0,0.0,Farabundo Marti National Liberation Front (FMLN)
149,0,0,0.0,1,0,3,1,2171,0,6,0.0,1,0.0,Communist Party of India - Maoist (CPI-Maoist)
150,0,0,0.0,1,0,2,3,330,0,5,5.0,1,0.0,Tehrik-i-Taliban Pakistan (TTP)
151,0,0,0.0,1,0,3,1,1635,0,6,0.0,1,0.0,Basque Fatherland and Freedom (ETA)
152,0,0,0.0,1,0,2,14,5944,0,5,10.0,1,0.0,Revolutionary Armed Forces of Colombia (FARC)
153,0,0,1.0,1,0,3,17,3486,0,6,1.0,-9,0.0,Islamic State of Iraq and the Levant (ISIL)
154,0,0,0.0,1,0,2,14,1222,0,5,7.0,-9,0.0,Boko Haram
155,0,0,0.0,1,0,1,2,6248,0,5,1.0,0,0.0,Shining Path (SL)
156,0,0,0.0,1,0,2,1,4612,0,8,0.0,1,0.0,Muslim extremists
157,0,0,0.0,1,0,2,3,2906,0,5,2.0,0,0.0,Fulani extremists
158,0,0,1.0,1,0,7,1,1847,0,8,0.0,1,0.0,Muslim extremists
159,0,0,0.0,1,0,3,4,4138,0,6,0.0,1,0.0,Manuel Rodriguez Patriotic Front (FPMR)
160,0,0,1.0,1,0,3,1,2338,0,6,0.0,1,0.0,Corsican National Liberation Front (FLNC)
161,0,1,0.0,1,0,2,3,803,0,5,2.0,1,0.0,Sikh Extremists
162,0,0,0.0,0,0,2,2,2114,0,5,0.0,0,0.0,Communist Party of India - Maoist (CPI-Maoist)
163,0,1,0.0,1,0,3,14,330,0,6,0.0,1,0.0,Al-Shabaab
164,0,0,1.0,1,0,3,2,778,0,6,8.0,1,0.0,Al-Qaida in Iraq
165,0,0,0.0,1,0,1,4,5199,0,5,1.0,0,0.0,New People's Army (NPA)
166,0,0,0.0,0,0,3,21,6189,0,6,0.0,0,0.0,Shining Path (SL)
167,0,1,0.0,1,0,1,22,6618,0,5,6.0,0,0.0,Sikh Extremists
168,0,0,0.0,1,0,7,1,3266,0,8,1.0,1,0.0,Irish Republican Army (IRA)
169,0,0,0.0,1,0,6,14,4354,0,5,0.0,0,1.0,Maoists
170,0,0,1.0,1,0,3,14,768,0,6,1.0,-9,0.0,Al-Qaida in Iraq
171,0,0,1.0,0,0,3,20,6,0,6,0.0,0,0.0,Kurdistan Workers' Party (PKK)
172,0,0,0.0,1,0,1,14,5699,0,5,1.0,0,0.0,Palestinians
173,0,0,1.0,1,0,6,14,4350,0,5,1.0,0,1.0,Maoists
174,0,0,0.0,1,0,3,14,1292,0,6,2.0,-9,0.0,Houthi extremists (Ansar Allah)
175,0,1,0.0,1,0,3,2,5431,0,6,2.0,1,0.0,Nicaraguan Democratic Force (FDN)
176,0,0,0.0,1,0,7,19,5123,0,8,0.0,1,0.0,New People's Army (NPA)
177,0,0,0.0,1,1,1,3,6802,0,6,2.0,1,0.0,Taliban
178,0,1,0.0,1,1,5,1,826,0,6,25.0,1,1.0,Taliban
179,0,0,1.0,1,0,3,21,6131,0,6,0.0,1,0.0,Shining Path (SL)
180,0,0,0.0,1,0,2,4,2660,0,5,3.0,1,0.0,Nicaraguan Democratic Force (FDN)
181,0,0,1.0,1,0,3,21,4927,0,6,0.0,1,0.0,National Liberation Army of Colombia (ELN)
182,0,0,0.0,0,0,2,4,48,0,5,1.0,0,0.0,New People's Army (NPA)
183,1,0,0.0,1,0,6,14,31,0,5,0.0,0,1.0,Abu Sayyaf Group (ASG)
184,0,0,0.0,1,0,1,19,3565,0,5,10.0,0,0.0,Kurdistan Workers' Party (PKK)
185,0,0,0.0,1,0,3,4,3149,0,6,1.0,1,0.0,Irish Republican Army (IRA)
186,0,0,0.0,1,0,1,11,1674,0,5,1.0,0,0.0,Basque Fatherland and Freedom (ETA)
187,0,0,0.0,1,0,2,4,2660,0,5,3.0,1,0.0,Farabundo Marti National Liberation Front (FMLN)
188,0,0,0.0,1,0,3,14,5719,0,6,1.0,1,0.0,Palestinians
189,0,1,0.0,1,0,2,3,4462,0,5,0.0,0,0.0,Maoists
190,0,0,0.0,1,1,3,3,330,0,6,1.0,1,0.0,Taliban
191,0,0,1.0,1,0,3,2,1232,0,6,0.0,-9,0.0,Al-Shabaab
192,0,0,0.0,1,0,3,1,4378,0,6,0.0,1,0.0,Maoists
193,0,0,1.0,1,0,2,14,27,0,5,40.0,1,0.0,Fulani extremists
194,0,0,0.0,1,0,6,14,27,0,5,4.0,0,1.0,Fulani extremists
195,0,0,0.0,1,0,6,14,2213,0,9,2.0,0,1.0,Communist Party of India - Maoist (CPI-Maoist)
196,0,0,1.0,1,0,2,14,27,0,6,9.0,1,0.0,Boko Haram
197,0,1,0.0,0,0,3,20,6,0,6,0.0,0,0.0,Maoists
198,0,0,1.0,1,1,3,14,13,0,6,32.0,1,0.0,Al-Qaida in Iraq
199,0,0,0.0,1,0,3,1,251,0,6,0.0,0,0.0,Abu Sayyaf Group (ASG)
200,0,0,0.0,1,1,3,15,843,0,6,90.0,1,0.0,Al-Qaida in Iraq
201,0,0,0.0,0,0,1,3,1642,0,5,0.0,0,0.0,Basque Fatherland and Freedom (ETA)
202,0,0,0.0,1,0,3,2,1225,0,6,1.0,1,0.0,Al-Shabaab
203,0,0,0.0,1,0,2,4,2670,0,5,9.0,1,0.0,Farabundo Marti National Liberation Front (FMLN)
204,0,0,0.0,1,0,3,21,714,0,6,0.0,1,0.0,Sikh Extremists
205,0,0,1.0,1,0,2,14,27,0,5,1.0,1,0.0,Fulani extremists
206,1,0,0.0,1,0,5,2,2611,0,5,0.0,0,1.0,Donetsk People's Republic
207,0,0,0.0,1,0,3,4,17,0,6,0.0,1,0.0,Abu Sayyaf Group (ASG)
208,0,0,1.0,1,0,2,3,4650,0,5,1.0,0,0.0,Muslim extremists
209,0,0,0.0,1,1,3,4,1022,0,6,1.0,1,0.0,Al-Qaida in the Arabian Peninsula (AQAP)
210,0,0,0.0,1,0,2,3,411,0,5,1.0,1,0.0,African National Congress (South Africa)
211,0,0,0.0,1,0,7,10,801,0,8,0.0,1,0.0,Donetsk People's Republic
212,0,0,0.0,1,0,2,4,48,0,5,1.0,0,0.0,Al-Shabaab
213,0,0,1.0,1,0,3,17,172,0,6,0.0,0,0.0,Houthi extremists (Ansar Allah)
214,0,0,0.0,1,0,2,14,27,0,5,11.0,-9,-9.0,Fulani extremists
215,0,0,1.0,1,0,1,2,479,0,6,0.0,0,0.0,African National Congress (South Africa)
216,0,0,0.0,1,0,2,4,3538,0,5,4.0,1,0.0,Kurdistan Workers' Party (PKK)
217,0,1,1.0,1,0,3,19,1968,0,6,0.0,1,0.0,Maoists
218,0,0,0.0,1,0,2,17,20,0,5,2.0,0,0.0,Houthi extremists (Ansar Allah)
219,0,0,1.0,1,0,2,3,20,0,5,14.0,0,0.0,Al-Qaida in Iraq
220,0,0,0.0,0,0,3,20,6,0,6,0.0,0,0.0,Maoists
221,0,0,0.0,1,0,3,3,1471,0,6,0.0,1,0.0,Basque Fatherland and Freedom (ETA)
222,0,0,0.0,1,1,3,14,13,0,6,14.0,0,0.0,Boko Haram
223,1,0,0.0,1,0,6,1,143,0,5,1.0,0,1.0,Abu Sayyaf Group (ASG)
224,0,0,0.0,0,0,3,20,4807,0,6,3.0,1,0.0,Palestinians
225,0,1,0.0,1,0,3,21,3639,0,6,0.0,-9,0.0,Kurdistan Workers' Party (PKK)
226,0,0,0.0,1,0,2,3,85,0,5,2.0,0,0.0,Fulani extremists
227,0,0,0.0,1,0,3,4,3873,0,5,8.0,1,0.0,Liberation Tigers of Tamil Eelam (LTTE)
228,0,0,0.0,1,0,3,15,3781,0,6,0.0,1,0.0,Liberation Tigers of Tamil Eelam (LTTE)
229,0,0,0.0,1,0,2,4,803,0,5,3.0,1,0.0,Revolutionary Armed Forces of Colombia (FARC)
230,0,0,0.0,1,0,2,17,6752,0,5,1.0,0,0.0,Taliban
231,0,0,0.0,1,0,1,2,6414,0,5,2.0,0,0.0,Sikh Extremists
232,0,0,0.0,1,0,3,4,2586,0,6,18.0,1,0.0,Donetsk People's Republic
233,0,0,1.0,1,0,3,1,740,0,6,1.0,1,0.0,Al-Qaida in Iraq
234,0,0,1.0,1,0,7,1,3139,0,8,0.0,1,0.0,Irish Republican Army (IRA)
235,0,0,0.0,1,1,3,4,1263,0,6,7.0,0,0.0,Al-Shabaab
236,0,0,1.0,1,0,3,3,92,0,6,0.0,1,0.0,Islamic State of Iraq and the Levant (ISIL)
237,0,1,0.0,1,0,3,19,2028,0,6,0.0,0,0.0,Communist Party of India - Maoist (CPI-Maoist)
238,0,0,0.0,1,0,3,14,1270,0,6,1.0,0,0.0,Taliban
239,1,0,0.0,1,0,6,4,4675,0,5,0.0,0,1.0,Muslim extremists
240,0,0,0.0,1,0,3,19,106,0,6,1.0,1,0.0,Abu Sayyaf Group (ASG)
241,0,0,1.0,1,0,3,4,48,0,6,0.0,-9,0.0,Donetsk People's Republic
242,0,0,0.0,1,0,7,1,2110,0,8,0.0,1,0.0,New People's Army (NPA)
243,0,0,0.0,0,0,2,2,767,0,5,0.0,0,0.0,Muslim extremists
244,0,0,0.0,1,0,3,1,6142,0,6,0.0,1,0.0,Shining Path (SL)
245,0,0,0.0,0,0,1,4,1241,0,6,0.0,1,0.0,Al-Shabaab
246,0,0,1.0,1,0,7,2,2062,0,8,0.0,1,0.0,Communist Party of India - Maoist (CPI-Maoist)
247,0,0,0.0,1,1,3,4,48,0,6,4.0,0,0.0,Muslim extremists
248,0,0,0.0,1,0,1,1,2901,0,5,1.0,0,0.0,Sikh Extremists
249,0,0,0.0,1,0,2,4,48,0,6,0.0,-9,0.0,Donetsk People's Republic
250,0,0,0.0,1,0,3,8,4353,0,6,0.0,1,0.0,Maoists
251,0,0,0.0,1,0,3,3,411,0,6,0.0,1,0.0,African National Congress (South Africa)
252,0,0,0.0,1,0,3,21,541,0,6,0.0,1,0.0,African National Congress (South Africa)
253,0,0,0.0,1,0,2,4,20,0,6,4.0,1,0.0,Al-Qaida in the Arabian Peninsula (AQAP)
254,0,0,0.0,1,0,3,14,4145,0,6,0.0,1,0.0,Manuel Rodriguez Patriotic Front (FPMR)
255,0,0,1.0,1,0,2,19,413,0,8,0.0,1,0.0,African National Congress (South Africa)
256,0,0,0.0,1,0,1,3,1495,0,5,3.0,0,0.0,Basque Fatherland and Freedom (ETA)
257,0,0,0.0,1,1,3,3,1033,0,6,46.0,1,0.0,Islamic State of Iraq and the Levant (ISIL)
258,0,1,0.0,1,0,2,4,2660,0,5,1.0,1,0.0,Nicaraguan Democratic Force (FDN)
259,0,0,0.0,1,1,3,2,219,0,6,3.0,1,0.0,Al-Qaida in the Arabian Peninsula (AQAP)
260,0,0,0.0,1,0,3,3,162,0,6,1.0,-9,0.0,Muslim extremists
261,0,0,0.0,1,0,3,16,6214,0,6,0.0,1,0.0,Shining Path (SL)
262,0,0,0.0,1,0,2,4,12,0,5,11.0,0,0.0,Tehrik-i-Taliban Pakistan (TTP)
263,0,0,0.0,1,0,2,14,2575,0,5,2.0,-9,0.0,Donetsk People's Republic
264,0,0,0.0,1,0,7,8,51,0,8,0.0,1,0.0,Boko Haram
265,0,1,0.0,1,0,3,21,4800,0,6,0.0,1,0.0,National Liberation Army of Colombia (ELN)
266,0,0,0.0,1,1,3,17,495,0,6,2.0,0,0.0,Boko Haram
267,0,0,1.0,1,0,3,19,1488,0,6,0.0,1,0.0,Basque Fatherland and Freedom (ETA)
268,0,0,0.0,1,0,2,15,4576,0,5,1.0,0,0.0,Muslim extremists
269,0,0,1.0,1,0,2,14,1257,0,5,1.0,1,0.0,Boko Haram
270,0,1,1.0,1,0,7,1,1557,0,8,0.0,1,0.0,Sikh Extremists
271,1,0,0.0,1,0,6,1,125,0,5,0.0,0,1.0,Abu Sayyaf Group (ASG)
272,0,0,1.0,1,0,2,14,3086,0,5,0.0,0,0.0,Irish Republican Army (IRA)
273,0,0,0.0,1,0,3,4,3776,0,6,10.0,1,0.0,Liberation Tigers of Tamil Eelam (LTTE)
274,0,0,1.0,1,0,3,14,4629,1,6,2.0,1,0.0,Muslim extremists
275,1,0,0.0,1,0,6,7,5909,0,5,0.0,0,1.0,Revolutionary Armed Forces of Colombia (FARC)
276,0,0,0.0,1,0,3,4,48,0,6,11.0,0,0.0,Taliban
277,1,1,0.0,1,0,6,1,5898,0,5,0.0,0,1.0,Revolutionary Armed Forces of Colombia (FARC)
278,0,0,0.0,1,0,7,14,3884,0,5,0.0,1,0.0,Liberation Tigers of Tamil Eelam (LTTE)
279,0,0,0.0,1,0,2,8,842,0,5,0.0,1,0.0,Boko Haram
280,0,0,0.0,1,0,2,4,3574,0,5,2.0,-9,0.0,Kurdistan Workers' Party (PKK)
281,0,0,1.0,1,0,3,21,2752,0,6,0.0,1,0.0,Farabundo Marti National Liberation Front (FMLN)
282,0,0,0.0,1,0,3,4,6931,0,6,0.0,1,0.0,Tehrik-i-Taliban Pakistan (TTP)
283,0,0,0.0,1,0,6,2,864,0,5,0.0,0,1.0,Al-Qaida in Iraq
284,0,0,0.0,1,0,3,4,48,0,6,0.0,0,0.0,Abu Sayyaf Group (ASG)
285,0,1,0.0,1,0,2,4,48,0,6,0.0,0,0.0,Donetsk People's Republic
286,0,0,1.0,1,0,3,15,215,0,6,0.0,1,0.0,Houthi extremists (Ansar Allah)
287,0,0,0.0,1,0,3,2,6205,0,6,1.0,1,0.0,Shining Path (SL)
288,0,0,0.0,1,0,1,4,6430,0,10,2.0,0,0.0,Sikh Extremists
289,0,0,0.0,1,0,2,4,5216,0,5,4.0,1,0.0,New People's Army (NPA)
290,0,0,0.0,1,0,1,14,3692,0,5,3.0,0,0.0,New People's Army (NPA)
291,0,0,0.0,1,0,2,4,2670,0,5,2.0,1,0.0,Shining Path (SL)
292,0,0,1.0,1,0,3,14,1327,0,6,3.0,1,0.0,Muslim extremists
293,0,0,1.0,1,0,3,16,6753,0,6,0.0,1,0.0,Taliban
294,0,0,0.0,1,0,2,4,5991,0,6,1.0,0,0.0,Revolutionary Armed Forces of Colombia (FARC)
295,0,0,1.0,1,0,3,14,13,0,6,7.0,-9,0.0,Muslim extremists
296,1,0,0.0,1,0,6,18,137,0,5,5.0,0,1.0,Abu Sayyaf Group (ASG)
297,1,1,0.0,1,0,2,4,2036,0,5,33.0,-9,1.0,Communist Party of India - Maoist (CPI-Maoist)
298,0,0,0.0,1,0,1,17,3064,0,5,1.0,0,0.0,Irish Republican Army (IRA)
299,0,0,0.0,1,0,3,14,5716,0,6,0.0,1,0.0,Palestinians
300,0,0,0.0,0,0,3,14,730,0,6,0.0,0,0.0,Maoists
301,0,0,0.0,1,0,2,4,803,0,5,20.0,1,0.0,New People's Army (NPA)
302,0,1,0.0,1,0,2,4,5420,0,5,10.0,1,0.0,Nicaraguan Democratic Force (FDN)
303,0,0,0.0,1,0,3,19,1993,0,6,0.0,1,0.0,Communist Party of India - Maoist (CPI-Maoist)
304,0,0,0.0,1,0,3,1,6978,0,6,0.0,1,0.0,Tehrik-i-Taliban Pakistan (TTP)
305,0,0,0.0,1,0,3,1,5956,0,6,11.0,-9,0.0,Revolutionary Armed Forces of Colombia (FARC)
306,0,1,0.0,1,0,2,4,984,0,5,0.0,0,0.0,Al-Qaida in the Arabian Peninsula (AQAP)
307,0,0,0.0,1,0,7,1,2110,0,8,0.0,1,0.0,New People's Army (NPA)
308,0,0,0.0,1,0,2,4,48,0,5,6.0,1,0.0,Taliban
309,0,0,1.0,0,0,3,2,4340,0,6,0.0,0,0.0,Maoists
310,0,1,0.0,1,0,2,3,803,0,5,4.0,1,0.0,Sikh Extremists
311,0,1,0.0,1,1,3,17,0,0,6,16.0,0,0.0,Islamic State of Iraq and the Levant (ISIL)
312,0,0,0.0,1,0,3,17,305,0,6,6.0,1,0.0,Al-Qaida in the Arabian Peninsula (AQAP)
313,0,0,0.0,1,0,2,11,4638,0,5,0.0,0,0.0,Muslim extremists
314,0,0,0.0,1,0,3,1,566,0,6,0.0,1,0.0,African National Congress (South Africa)
315,0,0,0.0,1,0,3,14,2465,0,6,2.0,1,0.0,Corsican National Liberation Front (FLNC)
316,0,0,0.0,1,0,2,4,2690,0,5,1.0,1,0.0,Nicaraguan Democratic Force (FDN)
317,0,0,1.0,1,0,3,19,56,0,6,3.0,1,0.0,Al-Qaida in Iraq
318,0,0,1.0,1,0,6,14,1969,0,9,1.0,-9,1.0,Communist Party of India - Maoist (CPI-Maoist)
319,0,0,1.0,1,0,3,14,13,0,6,1.0,-9,0.0,Al-Qaida in Iraq
320,0,0,1.0,1,1,3,4,20,0,6,6.0,0,0.0,Al-Qaida in the Arabian Peninsula (AQAP)
321,0,0,0.0,1,0,7,1,7194,0,8,0.0,1,0.0,Tupac Amaru Revolutionary Movement (MRTA)
322,0,0,1.0,1,0,2,14,27,0,5,3.0,1,0.0,Boko Haram
323,0,0,0.0,1,0,3,8,6992,0,6,0.0,1,0.0,Tehrik-i-Taliban Pakistan (TTP)
324,0,1,0.0,1,0,3,22,3763,0,6,0.0,0,0.0,Liberation Tigers of Tamil Eelam (LTTE)
325,0,0,0.0,1,0,1,3,1509,0,5,1.0,0,0.0,Basque Fatherland and Freedom (ETA)
326,0,0,0.0,1,0,2,4,2660,0,5,93.0,1,0.0,Nicaraguan Democratic Force (FDN)
327,0,0,0.0,1,0,2,3,3233,0,5,1.0,1,0.0,Irish Republican Army (IRA)
328,0,0,0.0,1,0,3,1,755,0,6,0.0,1,0.0,Corsican National Liberation Front (FLNC)
329,1,0,1.0,1,0,6,14,2063,0,9,1.0,-9,1.0,Communist Party of India - Maoist (CPI-Maoist)
330,0,0,0.0,1,0,2,4,2671,0,5,0.0,1,0.0,Farabundo Marti National Liberation Front (FMLN)
331,0,0,0.0,1,0,3,4,48,0,6,2.0,-9,0.0,Houthi extremists (Ansar Allah)
332,0,1,0.0,1,0,2,3,6460,0,5,6.0,0,0.0,Sikh Extremists
333,0,0,1.0,1,0,6,14,27,0,5,2.0,1,1.0,Fulani extremists
334,0,0,0.0,0,0,3,1,1188,0,6,0.0,0,0.0,Irish Republican Army (IRA)
335,0,0,1.0,1,0,7,1,5389,0,5,1.0,1,0.0,Nicaraguan Democratic Force (FDN)
336,0,0,0.0,1,0,3,21,2659,0,6,1.0,1,0.0,Nicaraguan Democratic Force (FDN)
337,0,0,0.0,1,0,3,4,48,0,6,1.0,0,0.0,Taliban
338,0,0,1.0,1,1,3,14,735,0,6,45.0,0,0.0,Muslim extremists
339,0,0,0.0,0,0,3,20,6,0,6,0.0,0,0.0,Muslim extremists
340,0,1,0.0,1,0,2,19,1619,0,5,0.0,1,0.0,Palestinians
341,0,0,0.0,1,0,3,2,4908,0,6,0.0,1,0.0,National Liberation Army of Colombia (ELN)
342,0,0,0.0,1,0,3,2,641,0,6,0.0,1,0.0,African National Congress (South Africa)
343,0,0,0.0,1,0,3,1,153,0,6,0.0,0,0.0,Abu Sayyaf Group (ASG)
344,0,0,0.0,1,0,2,1,465,0,5,0.0,1,0.0,African National Congress (South Africa)
345,0,0,0.0,1,0,2,4,803,0,5,3.0,1,0.0,New People's Army (NPA)
346,0,0,0.0,1,0,7,1,5220,0,8,0.0,1,0.0,New People's Army (NPA)
347,0,0,0.0,1,0,2,4,2730,0,5,6.0,1,0.0,Farabundo Marti National Liberation Front (FMLN)
348,0,0,0.0,0,0,3,20,6,0,6,0.0,0,0.0,Revolutionary Armed Forces of Colombia (FARC)
349,0,0,0.0,1,0,8,4,3242,0,9,0.0,1,0.0,Palestinians
350,0,0,0.0,1,0,3,2,1693,0,6,0.0,1,0.0,Basque Fatherland and Freedom (ETA)
351,0,1,0.0,1,0,2,4,20,0,5,1.0,0,0.0,Muslim extremists
352,0,0,0.0,1,0,2,4,4449,0,5,2.0,0,0.0,Maoists
353,0,0,0.0,1,0,2,4,803,0,5,0.0,1,0.0,National Liberation Army of Colombia (ELN)
354,0,0,0.0,0,0,3,20,6,0,6,0.0,0,0.0,Maoists
355,0,0,0.0,1,0,3,8,7084,0,6,0.0,1,0.0,Tehrik-i-Taliban Pakistan (TTP)
356,0,0,0.0,1,0,1,22,2982,0,5,1.0,0,0.0,Houthi extremists (Ansar Allah)
357,0,0,0.0,1,0,2,1,755,1,9,1.0,0,0.0,Muslim extremists
358,0,0,1.0,1,0,3,21,4133,0,6,0.0,1,0.0,Shining Path (SL)
359,0,0,1.0,1,0,3,1,1557,0,6,0.0,1,0.0,Corsican National Liberation Front (FLNC)
360,0,0,0.0,0,0,3,20,6,0,6,0.0,0,0.0,New People's Army (NPA)
361,0,0,0.0,1,0,2,3,1438,0,5,1.0,1,0.0,Basque Fatherland and Freedom (ETA)
362,0,0,0.0,1,0,2,3,175,0,6,0.0,0,0.0,Kurdistan Workers' Party (PKK)
363,0,1,1.0,1,0,3,4,2564,0,6,0.0,0,0.0,Donetsk People's Republic
364,0,0,0.0,1,1,3,4,162,0,6,4.0,1,0.0,Tehrik-i-Taliban Pakistan (TTP)
365,0,1,0.0,1,0,2,3,803,0,5,5.0,1,0.0,Liberation Tigers of Tamil Eelam (LTTE)
366,0,0,0.0,1,0,2,14,1875,0,5,1.0,-9,0.0,Boko Haram
367,0,0,1.0,1,0,3,4,20,0,6,0.0,1,0.0,Islamic State of Iraq and the Levant (ISIL)
368,0,0,0.0,0,0,2,3,419,0,5,1.0,1,0.0,African National Congress (South Africa)
369,0,0,0.0,1,0,1,14,3733,0,5,2.0,0,0.0,Liberation Tigers of Tamil Eelam (LTTE)
370,0,0,0.0,1,0,2,4,2741,0,5,0.0,1,0.0,Farabundo Marti National Liberation Front (FMLN)
371,1,0,1.0,1,0,6,14,245,0,5,0.0,0,1.0,Abu Sayyaf Group (ASG)
372,0,0,0.0,1,0,3,21,2659,0,6,0.0,1,0.0,Manuel Rodriguez Patriotic Front (FPMR)
373,0,0,0.0,1,0,2,14,205,0,5,10.0,0,0.0,Boko Haram
374,0,0,1.0,1,0,3,8,842,0,6,1.0,-9,0.0,Al-Qaida in Iraq
375,0,0,0.0,1,0,2,14,5348,0,5,1.0,1,0.0,Nicaraguan Democratic Force (FDN)
376,0,0,0.0,1,0,1,17,4905,0,5,1.0,0,0.0,National Liberation Army of Colombia (ELN)
377,0,0,0.0,1,0,2,4,1098,0,5,1.0,1,0.0,Tehrik-i-Taliban Pakistan (TTP)
378,0,1,1.0,1,0,2,4,20,0,5,5.0,-9,0.0,Muslim extremists
379,0,0,0.0,1,0,3,4,2563,0,6,1.0,-9,0.0,Donetsk People's Republic
380,0,0,0.0,1,0,2,3,4812,0,5,3.0,1,0.0,National Liberation Army of Colombia (ELN)
381,0,0,0.0,1,0,2,14,3662,0,5,1.0,1,0.0,Kurdistan Workers' Party (PKK)
382,0,0,0.0,1,0,2,3,3212,0,8,0.0,1,0.0,Palestinians
383,0,0,0.0,1,0,3,3,514,0,6,0.0,1,0.0,Basque Fatherland and Freedom (ETA)
384,0,0,0.0,1,0,2,2,1300,0,5,1.0,0,0.0,Al-Shabaab
385,0,0,0.0,1,0,3,14,205,0,6,4.0,1,0.0,Donetsk People's Republic
386,0,0,1.0,1,0,1,3,726,0,5,2.0,0,0.0,Al-Qaida in Iraq
387,0,0,0.0,1,0,1,4,1121,0,5,1.0,0,0.0,Al-Qaida in the Arabian Peninsula (AQAP)
388,0,0,0.0,1,0,2,4,2670,0,5,25.0,1,0.0,Shining Path (SL)
389,1,0,0.0,1,0,6,2,4355,0,5,0.0,0,1.0,Maoists
390,0,0,0.0,1,0,2,18,5714,0,9,0.0,0,0.0,Palestinians
391,0,1,0.0,1,0,3,19,2617,0,6,0.0,1,0.0,Donetsk People's Republic
392,0,0,1.0,1,0,3,3,853,0,6,4.0,1,0.0,Al-Qaida in Iraq
393,0,0,1.0,1,0,3,21,2679,0,6,0.0,1,0.0,Manuel Rodriguez Patriotic Front (FPMR)
394,0,0,1.0,1,0,1,14,5517,0,5,1.0,0,0.0,Palestinians
395,0,0,0.0,1,1,3,3,20,0,6,10.0,-9,0.0,Islamic State of Iraq and the Levant (ISIL)
396,0,0,1.0,1,0,2,14,27,0,5,4.0,0,0.0,Fulani extremists
397,0,0,0.0,1,0,2,14,4456,0,5,1.0,0,0.0,Maoists
398,0,0,1.0,1,0,2,14,27,0,5,0.0,1,0.0,Fulani extremists
399,0,0,0.0,1,1,3,22,767,0,6,1.0,0,0.0,Al-Qaida in the Arabian Peninsula (AQAP)
400,0,0,0.0,1,0,3,8,7076,0,6,0.0,1,0.0,Tehrik-i-Taliban Pakistan (TTP)
401,0,0,1.0,1,0,3,14,1257,0,6,1.0,1,0.0,Islamic State of Iraq and the Levant (ISIL)
402,0,0,1.0,1,0,6,14,88,0,5,0.0,0,1.0,Abu Sayyaf Group (ASG)
403,0,0,0.0,1,0,3,20,2399,0,6,0.0,1,0.0,Corsican National Liberation Front (FLNC)
404,0,0,0.0,1,0,2,15,4627,0,9,0.0,0,0.0,Muslim extremists
405,1,1,0.0,1,0,6,14,2904,0,5,0.0,0,1.0,Fulani extremists
406,0,0,1.0,1,0,3,14,737,0,6,0.0,1,0.0,Al-Qaida in Iraq
407,0,0,0.0,1,0,2,19,2771,0,5,0.0,1,0.0,Farabundo Marti National Liberation Front (FMLN)
408,0,0,1.0,1,0,3,19,1535,0,6,1.0,-9,0.0,Muslim extremists
409,0,0,1.0,1,0,2,14,2969,0,5,1.0,0,0.0,Houthi extremists (Ansar Allah)
410,0,0,0.0,0,0,3,14,1812,0,6,0.0,0,0.0,Houthi extremists (Ansar Allah)
411,0,0,1.0,1,0,2,4,20,0,6,0.0,0,0.0,Al-Qaida in the Arabian Peninsula (AQAP)
412,0,0,0.0,1,0,2,3,2770,0,5,1.0,1,0.0,Sikh Extremists
413,0,0,0.0,1,0,3,2,2451,0,6,0.0,1,0.0,Corsican National Liberation Front (FLNC)
414,0,0,0.0,1,0,2,3,20,0,5,37.0,-9,0.0,Taliban
415,0,0,0.0,1,0,3,2,4072,0,6,0.0,1,0.0,Manuel Rodriguez Patriotic Front (FPMR)
416,0,0,0.0,1,0,2,4,4686,1,5,3.0,0,0.0,Muslim extremists
417,1,0,0.0,1,0,6,4,7050,0,5,1.0,0,1.0,Tehrik-i-Taliban Pakistan (TTP)
418,0,0,1.0,1,1,3,15,215,0,6,2.0,-9,0.0,Islamic State of Iraq and the Levant (ISIL)
419,0,0,1.0,1,0,3,4,48,0,6,7.0,-9,0.0,Islamic State of Iraq and the Levant (ISIL)
420,0,0,0.0,1,0,2,4,330,0,6,0.0,1,0.0,Kurdistan Workers' Party (PKK)
421,1,0,0.0,1,0,6,14,807,0,9,1.0,0,1.0,Islamic State of Iraq and the Levant (ISIL)
422,0,0,0.0,1,0,3,1,1915,0,6,0.0,1,0.0,Muslim extremists
423,0,0,0.0,1,0,7,14,4559,0,8,0.0,1,0.0,Muslim extremists
424,0,1,0.0,1,0,7,4,6715,0,5,0.0,1,0.0,Taliban
425,0,0,0.0,1,0,2,14,205,0,5,5.0,0,0.0,Boko Haram
426,0,0,0.0,1,0,1,2,6813,0,5,1.0,0,0.0,Taliban
427,1,0,0.0,1,0,6,14,4468,0,5,1.0,0,1.0,Maoists
428,0,0,1.0,1,0,2,14,27,0,5,3.0,1,0.0,Fulani extremists
429,0,0,0.0,1,0,3,20,6,0,6,1.0,0,0.0,Al-Qaida in Iraq
430,0,0,0.0,0,0,3,20,6,0,6,0.0,0,0.0,Houthi extremists (Ansar Allah)
431,0,0,0.0,1,0,2,4,2690,0,5,60.0,1,0.0,Farabundo Marti National Liberation Front (FMLN)
432,0,0,0.0,1,0,2,14,2866,0,5,14.0,0,0.0,Shining Path (SL)
433,0,0,0.0,1,0,3,14,3138,0,6,0.0,1,0.0,Irish Republican Army (IRA)
434,0,0,0.0,1,0,3,3,1345,0,6,1.0,1,0.0,Al-Shabaab
435,0,0,0.0,1,0,2,14,1672,0,8,0.0,1,0.0,Palestinians
436,0,1,1.0,1,0,3,19,2093,0,6,0.0,1,0.0,Communist Party of India - Maoist (CPI-Maoist)
437,0,0,0.0,1,0,3,14,5684,0,6,0.0,1,0.0,Palestinians
438,0,0,0.0,1,0,2,3,4302,0,5,1.0,0,0.0,Maoists
439,0,0,0.0,1,0,3,4,3919,0,6,11.0,-9,0.0,Liberation Tigers of Tamil Eelam (LTTE)
440,0,0,0.0,1,0,2,2,3940,0,5,0.0,1,0.0,Liberation Tigers of Tamil Eelam (LTTE)
441,0,0,1.0,1,0,3,21,2659,0,6,0.0,1,0.0,Shining Path (SL)
442,0,0,0.0,1,0,2,3,2024,0,9,2.0,0,0.0,Communist Party of India - Maoist (CPI-Maoist)
443,0,0,0.0,1,0,1,1,6437,0,5,1.0,0,0.0,Sikh Extremists
444,0,0,0.0,1,0,3,14,7351,0,6,0.0,1,0.0,Tupac Amaru Revolutionary Movement (MRTA)
445,0,0,0.0,1,0,3,1,1077,0,6,0.0,1,0.0,Basque Fatherland and Freedom (ETA)
446,0,0,0.0,1,0,3,2,4074,0,6,0.0,1,0.0,Manuel Rodriguez Patriotic Front (FPMR)
447,0,0,0.0,0,0,1,2,533,0,6,0.0,0,0.0,African National Congress (South Africa)
448,0,1,1.0,1,0,2,14,3841,0,5,25.0,1,0.0,Liberation Tigers of Tamil Eelam (LTTE)
449,0,0,0.0,1,0,3,14,730,0,6,3.0,-9,0.0,Islamic State of Iraq and the Levant (ISIL)
450,0,1,0.0,1,0,2,3,5399,0,5,1.0,1,0.0,Nicaraguan Democratic Force (FDN)
451,0,0,0.0,1,0,3,14,205,0,6,0.0,1,0.0,Donetsk People's Republic
452,0,0,0.0,1,0,2,3,4158,0,5,0.0,1,0.0,Manuel Rodriguez Patriotic Front (FPMR)
453,0,0,1.0,1,0,5,14,1829,0,5,0.0,1,1.0,New People's Army (NPA)
454,0,0,0.0,1,0,3,2,6328,0,6,0.0,1,0.0,Shining Path (SL)
455,0,0,1.0,1,0,3,21,5941,0,6,0.0,1,0.0,Revolutionary Armed Forces of Colombia (FARC)
456,0,0,0.0,1,0,5,16,7265,0,5,0.0,0,0.0,Tupac Amaru Revolutionary Movement (MRTA)
457,0,0,0.0,1,0,1,1,1448,0,5,1.0,0,0.0,Basque Fatherland and Freedom (ETA)
458,0,0,0.0,1,0,3,3,459,0,6,0.0,1,0.0,African National Congress (South Africa)
459,0,1,0.0,1,0,3,4,237,0,6,0.0,1,0.0,Abu Sayyaf Group (ASG)
460,0,0,0.0,1,0,2,14,6533,0,5,6.0,1,0.0,Sikh Extremists
461,0,0,0.0,1,0,2,3,6729,0,5,11.0,1,0.0,Taliban
462,1,0,0.0,1,0,6,8,4678,0,5,1.0,0,1.0,Muslim extremists
463,0,0,0.0,1,0,6,15,4572,0,5,7.0,1,1.0,Muslim extremists
464,0,0,0.0,1,0,2,14,2885,0,9,6.0,0,0.0,Fulani extremists
465,0,1,0.0,1,0,3,14,13,0,6,4.0,-9,0.0,Taliban
466,0,0,0.0,1,0,3,4,5687,0,6,1.0,1,0.0,Palestinians
467,0,0,0.0,1,0,2,14,5346,0,5,1.0,1,0.0,Nicaraguan Democratic Force (FDN)
468,0,0,0.0,1,0,2,2,1280,0,5,0.0,0,0.0,Taliban
469,0,0,0.0,1,0,3,3,3195,0,6,0.0,1,0.0,National Liberation Army of Colombia (ELN)
470,0,0,0.0,1,0,3,7,7243,0,6,0.0,1,0.0,Tupac Amaru Revolutionary Movement (MRTA)
471,0,0,0.0,1,0,3,1,6201,0,6,0.0,1,0.0,Shining Path (SL)
472,0,0,0.0,1,0,3,14,3637,0,5,16.0,1,0.0,Kurdistan Workers' Party (PKK)
473,0,0,1.0,1,0,3,2,801,0,6,0.0,1,0.0,Corsican National Liberation Front (FLNC)
474,0,0,1.0,1,0,3,4,20,0,6,5.0,1,0.0,Al-Qaida in Iraq
475,0,0,1.0,1,0,3,19,649,0,6,0.0,1,0.0,Irish Republican Army (IRA)
476,0,0,0.0,1,0,2,14,13,0,5,1.0,-9,0.0,Muslim extremists
477,0,0,1.0,1,1,3,17,305,0,6,3.0,0,0.0,Boko Haram
478,0,0,1.0,1,0,3,3,20,0,6,2.0,-9,0.0,Al-Qaida in Iraq
479,0,0,0.0,1,0,3,4,5708,0,6,4.0,1,0.0,Revolutionary Armed Forces of Colombia (FARC)
480,0,0,0.0,1,0,3,16,5075,0,6,0.0,1,0.0,New People's Army (NPA)
481,0,0,0.0,1,0,3,22,6996,0,6,4.0,1,0.0,Tehrik-i-Taliban Pakistan (TTP)
482,0,0,0.0,0,0,1,2,3177,0,5,0.0,0,0.0,Irish Republican Army (IRA)
483,0,0,0.0,1,0,3,14,427,0,6,0.0,1,0.0,Shining Path (SL)
484,0,0,0.0,0,1,3,4,0,0,6,2.0,0,0.0,Islamic State of Iraq and the Levant (ISIL)
485,0,0,0.0,1,0,3,4,2385,0,5,0.0,1,1.0,Corsican National Liberation Front (FLNC)
486,0,0,1.0,1,0,3,1,1077,0,6,0.0,1,0.0,Al-Qaida in the Arabian Peninsula (AQAP)
487,0,0,0.0,1,0,2,3,4057,0,5,1.0,1,0.0,Manuel Rodriguez Patriotic Front (FPMR)
488,0,0,0.0,1,0,3,19,274,0,6,3.0,1,0.0,Abu Sayyaf Group (ASG)
489,1,0,1.0,1,0,6,1,123,0,5,0.0,0,1.0,Maoists
490,0,0,0.0,1,0,3,4,5594,0,6,1.0,1,0.0,Palestinians
491,0,0,0.0,1,0,3,12,6772,0,6,1.0,1,0.0,Taliban
492,0,0,0.0,1,0,3,21,1217,0,6,0.0,1,0.0,Al-Shabaab
493,0,1,0.0,1,0,7,1,5390,0,5,5.0,1,0.0,Nicaraguan Democratic Force (FDN)
494,1,0,0.0,1,0,6,14,262,0,5,1.0,0,1.0,Abu Sayyaf Group (ASG)
495,0,0,1.0,1,0,3,14,1327,0,6,4.0,-9,0.0,Muslim extremists
496,0,1,0.0,1,0,2,4,2560,0,6,0.0,-9,0.0,Donetsk People's Republic
497,0,1,0.0,1,0,3,4,48,0,6,0.0,0,0.0,Maoists
498,0,0,0.0,1,0,2,4,48,0,5,1.0,0,0.0,Abu Sayyaf Group (ASG)
499,0,0,0.0,1,0,2,3,6422,0,5,3.0,1,0.0,Sikh Extremists
500,0,0,0.0,1,1,3,14,730,0,6,4.0,-9,0.0,Boko Haram
501,0,0,0.0,0,0,1,4,4092,0,6,0.0,0,0.0,Manuel Rodriguez Patriotic Front (FPMR)
502,0,1,0.0,1,0,3,4,48,0,6,1.0,0,0.0,Kurdistan Workers' Party (PKK)
503,0,0,0.0,0,0,3,14,5592,0,6,1.0,1,0.0,Palestinians
504,1,0,0.0,1,0,6,14,27,0,5,3.0,0,1.0,Boko Haram
505,0,0,1.0,1,0,3,21,2672,0,6,0.0,1,0.0,Farabundo Marti National Liberation Front (FMLN)
506,0,0,1.0,1,0,2,3,175,0,5,4.0,1,0.0,Muslim extremists
507,0,0,0.0,0,0,3,20,6,0,6,0.0,0,0.0,Maoists
508,0,0,1.0,1,0,2,4,402,0,5,3.0,-9,0.0,Boko Haram
509,0,1,0.0,1,0,2,4,1134,0,5,2.0,0,0.0,Al-Qaida in the Arabian Peninsula (AQAP)
510,0,0,0.0,1,0,3,14,3498,0,6,0.0,1,0.0,Islamic State of Iraq and the Levant (ISIL)
511,0,0,0.0,1,0,3,14,13,0,6,0.0,0,0.0,Taliban
512,0,0,0.0,1,0,3,21,2659,0,6,1.0,1,0.0,Farabundo Marti National Liberation Front (FMLN)
513,0,0,0.0,1,0,1,2,5973,0,5,1.0,0,0.0,Revolutionary Armed Forces of Colombia (FARC)
514,0,0,0.0,1,0,2,14,3845,0,5,0.0,1,0.0,Liberation Tigers of Tamil Eelam (LTTE)
515,1,0,1.0,1,0,6,14,1856,0,5,1.0,1,1.0,Boko Haram
516,0,0,1.0,0,0,3,20,6,0,6,0.0,0,0.0,Maoists
517,0,0,0.0,0,0,1,2,3590,0,6,0.0,1,0.0,Kurdistan Workers' Party (PKK)
518,0,0,0.0,0,0,3,21,5865,0,6,0.0,0,0.0,Revolutionary Armed Forces of Colombia (FARC)
519,0,0,0.0,1,0,3,19,4210,0,6,0.0,1,0.0,Palestinians
520,0,0,0.0,1,0,3,4,2941,0,6,0.0,1,0.0,Houthi extremists (Ansar Allah)
521,0,0,0.0,0,1,3,2,1079,0,6,0.0,0,0.0,Al-Qaida in the Arabian Peninsula (AQAP)
522,0,0,0.0,1,0,3,2,627,0,6,0.0,1,0.0,African National Congress (South Africa)
523,0,0,0.0,1,0,3,1,4122,0,6,0.0,1,0.0,Manuel Rodriguez Patriotic Front (FPMR)
524,0,0,0.0,0,0,3,19,5371,0,6,0.0,0,0.0,Nicaraguan Democratic Force (FDN)
525,0,0,0.0,1,0,2,14,6032,0,5,2.0,-9,0.0,Revolutionary Armed Forces of Colombia (FARC)
526,0,0,0.0,0,0,3,19,6453,0,6,0.0,0,0.0,Sikh Extremists
527,0,0,0.0,1,0,3,15,6423,0,6,1.0,1,0.0,Sikh Extremists
528,0,0,0.0,1,0,2,4,1348,0,6,1.0,-9,0.0,Al-Shabaab
529,0,0,0.0,1,0,3,8,2621,0,6,2.0,1,0.0,Donetsk People's Republic
530,0,0,0.0,1,0,3,19,561,0,6,0.0,1,0.0,Manuel Rodriguez Patriotic Front (FPMR)
531,0,0,0.0,1,0,1,14,5551,0,5,1.0,0,0.0,Palestinians
532,0,0,0.0,1,0,3,2,3006,0,6,0.0,1,0.0,Houthi extremists (Ansar Allah)
533,0,1,0.0,1,0,3,3,4356,0,6,0.0,0,0.0,Maoists
534,0,0,0.0,1,0,5,10,7302,0,5,0.0,1,0.0,Tupac Amaru Revolutionary Movement (MRTA)
535,0,0,0.0,1,0,3,1,515,0,5,5.0,1,1.0,African National Congress (South Africa)
536,0,0,0.0,1,0,2,4,2782,0,5,1.0,1,0.0,Palestinians
537,0,0,0.0,1,0,3,1,1603,0,6,0.0,1,0.0,Basque Fatherland and Freedom (ETA)
538,1,1,0.0,1,0,6,14,7021,0,5,0.0,0,1.0,Tehrik-i-Taliban Pakistan (TTP)
539,0,0,0.0,1,0,3,8,6949,0,6,0.0,1,0.0,Tehrik-i-Taliban Pakistan (TTP)
540,0,0,0.0,1,0,2,2,5381,0,5,2.0,1,0.0,Nicaraguan Democratic Force (FDN)
541,0,1,0.0,1,0,2,14,218,0,9,3.0,0,0.0,Abu Sayyaf Group (ASG)
542,0,0,0.0,1,0,3,7,6284,0,6,0.0,1,0.0,Tupac Amaru Revolutionary Movement (MRTA)
543,0,0,0.0,1,0,3,8,4659,0,6,1.0,1,0.0,Muslim extremists
544,0,0,0.0,1,0,3,1,7307,0,6,0.0,1,0.0,Tupac Amaru Revolutionary Movement (MRTA)
545,0,0,0.0,1,0,3,3,1574,0,6,0.0,1,0.0,Shining Path (SL)
546,0,0,1.0,1,0,3,21,4078,0,6,0.0,1,0.0,Manuel Rodriguez Patriotic Front (FPMR)
547,0,0,1.0,1,1,3,4,48,0,6,44.0,-9,0.0,Islamic State of Iraq and the Levant (ISIL)
548,0,0,0.0,0,0,1,2,270,0,6,4.0,1,0.0,Abu Sayyaf Group (ASG)
549,0,0,0.0,1,0,7,7,404,0,5,0.0,1,0.0,Houthi extremists (Ansar Allah)
550,0,0,0.0,0,1,3,1,819,0,6,0.0,-9,0.0,Al-Qaida in Iraq
551,0,0,1.0,1,0,3,15,215,0,6,4.0,-9,0.0,Muslim extremists
552,0,0,0.0,0,0,2,3,12,0,5,1.0,0,0.0,New People's Army (NPA)
553,0,0,1.0,1,0,3,4,2563,0,6,0.0,-9,0.0,Donetsk People's Republic
554,0,0,0.0,1,0,3,1,5704,0,6,0.0,1,0.0,Palestinians
555,0,0,0.0,1,0,3,22,966,0,6,0.0,-9,0.0,Al-Qaida in the Arabian Peninsula (AQAP)
556,0,0,0.0,1,0,2,4,2660,0,5,1.0,1,0.0,Nicaraguan Democratic Force (FDN)
557,0,0,0.0,1,0,3,7,1264,0,6,4.0,1,0.0,Al-Shabaab
558,0,0,1.0,1,0,2,14,27,0,5,6.0,1,0.0,Fulani extremists
559,0,0,0.0,1,0,3,4,6151,0,5,0.0,1,0.0,Shining Path (SL)
560,0,0,0.0,1,0,3,2,4418,0,6,1.0,1,0.0,Maoists
561,0,0,0.0,1,0,3,3,330,0,6,3.0,1,0.0,Tehrik-i-Taliban Pakistan (TTP)
562,0,0,1.0,1,0,3,14,801,0,6,0.0,-9,0.0,Al-Qaida in Iraq
563,0,0,0.0,1,0,2,19,291,0,8,0.0,1,0.0,Revolutionary Armed Forces of Colombia (FARC)
564,0,0,1.0,1,0,3,4,0,0,6,1.0,0,0.0,Islamic State of Iraq and the Levant (ISIL)
565,0,0,0.0,1,0,3,1,1077,0,6,0.0,1,0.0,Corsican National Liberation Front (FLNC)
566,0,0,0.0,1,0,3,1,2415,0,6,0.0,1,0.0,Corsican National Liberation Front (FLNC)
567,0,0,1.0,1,0,3,8,220,0,6,0.0,0,0.0,Abu Sayyaf Group (ASG)
568,0,0,0.0,1,0,3,21,4870,0,6,48.0,1,0.0,National Liberation Army of Colombia (ELN)
569,0,0,0.0,1,0,3,1,826,0,6,1.0,-9,0.0,Al-Shabaab
570,0,0,0.0,1,0,2,4,2563,0,6,0.0,-9,0.0,Donetsk People's Republic
571,0,0,1.0,1,0,3,14,1327,0,6,2.0,1,0.0,Al-Shabaab
572,0,0,0.0,0,0,3,14,241,0,6,0.0,0,0.0,Abu Sayyaf Group (ASG)
573,0,0,0.0,1,0,3,4,480,0,6,0.0,1,0.0,African National Congress (South Africa)
574,0,0,0.0,1,0,2,4,48,0,6,57.0,0,0.0,Boko Haram
575,0,0,0.0,1,0,1,3,3112,0,5,1.0,0,0.0,Irish Republican Army (IRA)
576,0,0,0.0,1,0,3,1,5205,0,6,0.0,1,0.0,New People's Army (NPA)
577,0,0,0.0,1,0,2,4,4822,0,5,1.0,0,0.0,National Liberation Army of Colombia (ELN)
578,0,0,0.0,1,0,3,1,1077,0,6,0.0,1,0.0,Shining Path (SL)
579,0,0,0.0,1,0,7,1,5927,0,8,0.0,1,0.0,Revolutionary Armed Forces of Colombia (FARC)
580,1,0,0.0,1,0,1,2,26,0,9,1.0,0,1.0,Abu Sayyaf Group (ASG)
581,0,0,0.0,1,0,7,1,5155,0,5,0.0,1,0.0,New People's Army (NPA)
582,0,0,0.0,1,0,1,3,6168,0,5,1.0,0,0.0,Shining Path (SL)
583,0,0,0.0,0,0,3,3,2104,0,6,0.0,0,0.0,Communist Party of India - Maoist (CPI-Maoist)
584,0,0,1.0,1,0,3,21,2659,0,6,0.0,1,0.0,Shining Path (SL)
585,0,0,0.0,1,0,7,6,3625,0,9,0.0,1,0.0,Kurdistan Workers' Party (PKK)
586,0,0,0.0,1,1,3,15,6787,0,6,19.0,1,0.0,Taliban
587,0,0,0.0,1,0,3,7,4653,0,6,4.0,1,0.0,Muslim extremists
588,0,0,0.0,1,0,3,19,281,0,6,0.0,1,0.0,Abu Sayyaf Group (ASG)
589,0,0,0.0,1,0,3,9,2721,0,6,1.0,1,0.0,Farabundo Marti National Liberation Front (FMLN)
590,0,0,0.0,1,0,2,4,59,0,5,3.0,-9,0.0,Al-Shabaab
591,0,1,1.0,1,0,1,14,5574,0,5,1.0,0,0.0,Palestinians
592,0,0,0.0,1,0,3,14,4684,0,6,7.0,1,0.0,Muslim extremists
593,1,0,0.0,1,0,6,14,154,0,5,0.0,0,1.0,Abu Sayyaf Group (ASG)
594,0,0,1.0,1,0,3,14,13,0,6,2.0,-9,0.0,Al-Qaida in Iraq
595,0,0,0.0,1,0,5,1,3596,0,8,0.0,1,1.0,Kurdistan Workers' Party (PKK)
596,0,0,1.0,1,0,2,4,2563,0,6,1.0,-9,0.0,Donetsk People's Republic
597,0,0,0.0,0,0,1,1,1542,0,5,0.0,0,0.0,Basque Fatherland and Freedom (ETA)
598,0,0,0.0,1,0,3,21,535,0,6,3.0,1,0.0,African National Congress (South Africa)
599,0,0,0.0,1,0,1,2,5963,0,5,1.0,0,0.0,Revolutionary Armed Forces of Colombia (FARC)
600,1,0,0.0,1,0,6,3,85,0,5,3.0,1,1.0,Taliban
601,0,0,1.0,1,0,3,14,1327,0,6,1.0,-9,0.0,Muslim extremists
602,0,0,0.0,1,0,3,4,421,0,6,1.0,1,0.0,African National Congress (South Africa)
603,0,0,0.0,1,0,2,3,681,0,5,8.0,1,0.0,Liberation Tigers of Tamil Eelam (LTTE)
604,0,0,0.0,1,0,2,3,172,0,5,0.0,1,0.0,Corsican National Liberation Front (FLNC)
605,0,0,1.0,1,0,2,14,27,0,5,0.0,0,0.0,Boko Haram
606,0,0,0.0,1,0,6,1,7309,0,5,0.0,0,1.0,Tupac Amaru Revolutionary Movement (MRTA)
607,0,0,0.0,1,0,2,14,6019,0,5,1.0,1,0.0,Revolutionary Armed Forces of Colombia (FARC)
608,0,0,0.0,1,0,3,4,20,0,6,8.0,1,-9.0,Al-Qaida in the Arabian Peninsula (AQAP)
609,1,0,0.0,1,0,6,14,4923,0,5,0.0,0,1.0,National Liberation Army of Colombia (ELN)
610,0,0,0.0,1,0,3,4,330,0,6,0.0,1,0.0,New People's Army (NPA)
611,1,0,0.0,1,0,6,12,87,0,5,0.0,-9,1.0,Abu Sayyaf Group (ASG)
612,0,0,0.0,1,0,3,4,0,0,6,2.0,-9,0.0,Abu Sayyaf Group (ASG)
613,0,0,0.0,1,0,2,14,3471,0,5,1.0,0,0.0,Islamic State of Iraq and the Levant (ISIL)
614,0,0,0.0,1,0,1,14,5622,0,5,1.0,0,0.0,Palestinians
615,0,0,1.0,1,0,3,21,4131,0,6,0.0,1,0.0,Manuel Rodriguez Patriotic Front (FPMR)
616,0,0,0.0,1,0,3,19,56,0,6,0.0,1,0.0,Manuel Rodriguez Patriotic Front (FPMR)
617,0,0,0.0,1,0,3,20,6,0,6,0.0,1,0.0,Kurdistan Workers' Party (PKK)
618,0,0,0.0,0,0,3,3,12,0,6,0.0,0,0.0,Maoists
619,0,1,0.0,1,0,2,3,803,0,5,1.0,1,0.0,Sikh Extremists
620,0,0,0.0,1,0,3,20,1642,0,6,0.0,1,0.0,Corsican National Liberation Front (FLNC)
621,0,0,1.0,1,0,3,21,2710,0,6,0.0,1,0.0,Shining Path (SL)
622,0,0,0.0,1,0,3,4,402,0,6,0.0,1,0.0,Islamic State of Iraq and the Levant (ISIL)
623,0,0,0.0,1,0,2,3,514,0,5,5.0,1,0.0,African National Congress (South Africa)
624,0,0,0.0,1,0,2,3,12,0,5,2.0,1,0.0,Revolutionary Armed Forces of Colombia (FARC)
625,0,0,0.0,1,0,3,1,7226,0,6,1.0,1,0.0,Tupac Amaru Revolutionary Movement (MRTA)
626,0,0,0.0,1,0,2,4,803,0,5,8.0,1,0.0,Tupac Amaru Revolutionary Movement (MRTA)
627,0,1,0.0,1,0,7,1,2014,0,8,0.0,1,0.0,Communist Party of India - Maoist (CPI-Maoist)
628,0,0,0.0,0,0,3,20,6,0,6,0.0,0,0.0,Islamic State of Iraq and the Levant (ISIL)
629,0,0,1.0,1,0,2,4,20,0,6,2.0,0,0.0,Muslim extremists
630,0,0,0.0,1,0,3,1,6016,0,6,0.0,1,0.0,Revolutionary Armed Forces of Colombia (FARC)
631,0,0,0.0,1,0,7,1,3274,0,8,0.0,1,0.0,Irish Republican Army (IRA)
632,0,1,0.0,1,0,2,4,2660,0,5,1.0,1,0.0,Nicaraguan Democratic Force (FDN)
633,0,0,0.0,1,0,2,4,2729,0,5,0.0,1,0.0,Farabundo Marti National Liberation Front (FMLN)
634,0,0,0.0,1,0,2,7,5702,0,5,1.0,1,0.0,Palestinians
635,0,0,0.0,0,0,3,20,6,0,6,0.0,1,0.0,Liberation Tigers of Tamil Eelam (LTTE)
636,0,0,0.0,1,0,3,4,5214,0,6,0.0,-9,0.0,New People's Army (NPA)
637,0,0,0.0,0,0,2,14,1888,0,5,11.0,0,0.0,Houthi extremists (Ansar Allah)
638,0,0,1.0,1,0,2,14,13,0,5,2.0,0,0.0,Houthi extremists (Ansar Allah)
639,0,0,0.0,1,0,3,4,2360,0,6,0.0,1,0.0,Corsican National Liberation Front (FLNC)
640,0,0,0.0,1,0,2,4,6294,0,5,0.0,-9,0.0,Shining Path (SL)
641,0,0,0.0,1,0,3,14,1977,0,6,0.0,1,0.0,Communist Party of India - Maoist (CPI-Maoist)
642,0,0,0.0,0,0,1,14,1353,0,6,2.0,-9,0.0,Al-Shabaab
643,0,0,0.0,1,0,3,14,3295,0,6,0.0,1,0.0,Irish Republican Army (IRA)
644,0,0,1.0,0,0,3,14,4177,0,6,0.0,0,0.0,Manuel Rodriguez Patriotic Front (FPMR)
645,0,0,0.0,1,0,3,14,5907,0,6,2.0,1,0.0,Revolutionary Armed Forces of Colombia (FARC)
646,0,0,0.0,1,0,3,21,2788,0,6,0.0,1,0.0,Farabundo Marti National Liberation Front (FMLN)
647,0,0,0.0,1,0,2,4,2660,0,5,7.0,1,0.0,Nicaraguan Democratic Force (FDN)
648,0,0,0.0,1,0,2,4,2660,0,5,4.0,1,0.0,Revolutionary Armed Forces of Colombia (FARC)
649,0,0,0.0,1,0,3,21,4838,0,6,0.0,1,0.0,National Liberation Army of Colombia (ELN)
650,0,0,0.0,1,0,1,14,2731,0,5,1.0,0,0.0,Farabundo Marti National Liberation Front (FMLN)
651,0,0,0.0,1,0,7,2,6974,0,8,0.0,1,0.0,Tehrik-i-Taliban Pakistan (TTP)
652,0,0,0.0,1,0,3,14,1503,0,6,3.0,-9,0.0,Basque Fatherland and Freedom (ETA)
653,0,0,0.0,1,0,2,4,2670,0,5,1.0,1,0.0,Nicaraguan Democratic Force (FDN)
654,0,0,0.0,1,0,3,3,1413,0,6,1.0,1,0.0,Basque Fatherland and Freedom (ETA)
655,1,0,0.0,1,0,6,14,2032,0,5,1.0,0,1.0,Communist Party of India - Maoist (CPI-Maoist)
656,0,0,0.0,1,0,3,4,48,0,6,1.0,0,0.0,Islamic State of Iraq and the Levant (ISIL)
657,1,1,0.0,1,0,6,14,330,0,5,4.0,1,1.0,Boko Haram
658,0,1,1.0,1,0,2,4,2660,0,5,1.0,1,0.0,Nicaraguan Democratic Force (FDN)
659,1,0,0.0,1,0,6,3,2042,0,5,1.0,0,1.0,Communist Party of India - Maoist (CPI-Maoist)
660,0,0,1.0,1,0,7,14,27,0,8,2.0,1,0.0,Fulani extremists
661,0,0,0.0,1,0,3,4,12,0,6,1.0,0,0.0,Al-Shabaab
662,0,0,1.0,1,0,3,14,2387,0,6,0.0,1,0.0,Corsican National Liberation Front (FLNC)
663,0,0,0.0,1,0,3,1,4949,0,6,0.0,1,0.0,New People's Army (NPA)
664,0,0,0.0,1,0,3,4,435,0,6,0.0,1,0.0,African National Congress (South Africa)
665,0,0,0.0,1,0,1,8,1281,0,5,4.0,0,0.0,Kurdistan Workers' Party (PKK)
666,0,0,0.0,0,0,2,4,20,0,5,0.0,0,0.0,Al-Qaida in the Arabian Peninsula (AQAP)
667,0,0,1.0,1,0,1,14,6426,0,5,1.0,0,0.0,Sikh Extremists
668,0,0,0.0,1,0,1,4,1013,0,5,1.0,0,0.0,Al-Qaida in the Arabian Peninsula (AQAP)
669,0,0,1.0,1,0,3,14,1812,0,6,7.0,-9,0.0,Houthi extremists (Ansar Allah)
670,0,0,1.0,1,0,5,10,6281,0,5,0.0,1,0.0,Shining Path (SL)
671,0,0,0.0,1,0,2,14,2914,0,5,6.0,1,0.0,Fulani extremists
672,0,0,0.0,1,0,2,14,2715,0,5,0.0,1,0.0,Farabundo Marti National Liberation Front (FMLN)
673,0,0,0.0,0,0,1,4,4565,0,5,1.0,0,0.0,Muslim extremists
674,0,0,0.0,1,1,3,3,3921,0,6,15.0,1,0.0,Liberation Tigers of Tamil Eelam (LTTE)
675,0,0,0.0,1,0,3,1,7316,0,6,0.0,1,0.0,Tupac Amaru Revolutionary Movement (MRTA)
676,0,0,1.0,1,0,3,2,474,0,6,3.0,-9,0.0,Al-Qaida in the Arabian Peninsula (AQAP)
677,0,0,1.0,1,0,2,14,27,0,5,30.0,1,0.0,Fulani extremists
678,0,0,0.0,1,0,3,4,2560,0,6,0.0,-9,0.0,Donetsk People's Republic
679,0,0,1.0,1,0,3,2,219,0,6,1.0,-9,0.0,Al-Shabaab
680,0,0,0.0,1,0,2,15,3543,0,5,1.0,0,0.0,Kurdistan Workers' Party (PKK)
681,0,0,0.0,1,0,2,1,3178,0,5,0.0,0,0.0,Irish Republican Army (IRA)
682,0,0,0.0,1,0,3,1,280,0,6,0.0,1,0.0,Abu Sayyaf Group (ASG)
683,0,0,0.0,1,1,3,4,402,0,6,31.0,1,0.0,Al-Shabaab
684,0,0,0.0,1,1,3,14,882,0,6,56.0,1,0.0,Al-Qaida in Iraq
685,0,0,0.0,1,0,3,9,6211,0,6,1.0,1,0.0,Shining Path (SL)
686,0,0,0.0,1,0,1,1,5226,0,5,1.0,0,0.0,New People's Army (NPA)
687,0,1,0.0,1,0,3,21,5375,0,6,0.0,1,0.0,Nicaraguan Democratic Force (FDN)
688,0,0,0.0,1,0,2,2,801,0,5,4.0,1,0.0,Sikh Extremists
689,0,0,1.0,1,0,3,1,465,0,6,1.0,1,0.0,Farabundo Marti National Liberation Front (FMLN)
690,0,0,0.0,1,0,3,4,12,0,6,1.0,-9,0.0,Islamic State of Iraq and the Levant (ISIL)
691,0,0,0.0,1,0,1,3,6138,0,5,1.0,0,0.0,Shining Path (SL)
692,0,1,1.0,1,0,7,1,1557,0,8,0.0,1,0.0,Sikh Extremists
693,0,0,1.0,1,0,2,14,4370,0,5,2.0,0,0.0,Maoists
694,0,0,0.0,1,0,2,14,6606,0,5,4.0,1,0.0,Sikh Extremists
695,0,0,1.0,1,1,3,2,749,0,6,26.0,-9,0.0,Al-Qaida in Iraq
696,0,0,1.0,1,0,3,1,3571,0,6,0.0,1,0.0,Kurdistan Workers' Party (PKK)
697,0,0,0.0,1,0,2,14,4319,0,12,1.0,0,1.0,Maoists
698,0,0,0.0,1,0,2,2,2119,0,5,2.0,-9,0.0,Communist Party of India - Maoist (CPI-Maoist)
699,0,1,1.0,1,0,7,1,1557,0,8,0.0,1,0.0,Sikh Extremists
700,0,0,0.0,1,0,7,3,801,0,8,0.0,1,0.0,Maoists
701,0,0,0.0,1,0,2,3,85,0,5,0.0,0,0.0,New People's Army (NPA)
702,0,1,0.0,1,0,2,4,402,0,5,3.0,0,0.0,Al-Shabaab
703,0,0,0.0,0,0,3,4,0,0,6,0.0,0,0.0,Maoists
704,0,0,0.0,1,0,3,17,495,0,6,0.0,1,0.0,Al-Qaida in the Arabian Peninsula (AQAP)
705,0,0,0.0,1,0,7,16,5073,0,8,0.0,1,0.0,New People's Army (NPA)
706,0,0,0.0,1,0,2,4,2691,0,5,0.0,1,0.0,Farabundo Marti National Liberation Front (FMLN)
707,0,0,0.0,1,0,2,4,7229,0,5,77.0,1,0.0,Tupac Amaru Revolutionary Movement (MRTA)
708,0,0,1.0,1,0,2,3,1290,0,5,2.0,-9,0.0,Al-Shabaab
709,0,0,1.0,1,1,3,14,13,0,6,2.0,-9,0.0,Boko Haram
710,0,0,0.0,0,1,3,3,85,0,6,1.0,0,0.0,Islamic State of Iraq and the Levant (ISIL)
711,0,0,0.0,0,0,1,1,3075,0,6,0.0,0,0.0,Irish Republican Army (IRA)
712,0,0,0.0,1,0,3,14,5569,0,5,20.0,1,0.0,Sikh Extremists
713,0,0,1.0,1,0,2,14,27,0,5,9.0,0,0.0,Fulani extremists
714,0,0,0.0,1,0,1,10,1314,0,5,1.0,0,0.0,Al-Shabaab
715,0,0,0.0,1,0,3,4,5124,0,6,0.0,1,0.0,New People's Army (NPA)
716,0,0,1.0,1,0,2,4,2563,0,6,1.0,-9,0.0,Donetsk People's Republic
717,0,0,0.0,0,0,2,14,1101,0,5,0.0,0,0.0,Al-Qaida in the Arabian Peninsula (AQAP)
718,0,0,1.0,1,0,3,4,2560,0,6,0.0,-9,0.0,Donetsk People's Republic
719,0,0,0.0,1,0,2,3,1550,0,5,0.0,1,0.0,Basque Fatherland and Freedom (ETA)
720,0,0,0.0,1,0,3,21,1575,0,6,1.0,1,0.0,Farabundo Marti National Liberation Front (FMLN)
721,0,0,0.0,1,0,2,3,6724,0,5,4.0,0,0.0,Taliban
722,0,0,1.0,0,0,2,4,4346,0,5,0.0,0,0.0,Tehrik-i-Taliban Pakistan (TTP)
723,0,0,1.0,1,0,6,14,4310,0,5,1.0,0,1.0,Maoists
724,0,0,1.0,1,0,3,14,2589,0,6,1.0,-9,0.0,Houthi extremists (Ansar Allah)
725,0,0,0.0,1,0,1,2,4406,0,5,1.0,0,1.0,Maoists
726,0,1,0.0,0,0,1,2,6749,0,6,0.0,1,0.0,Taliban
727,0,0,1.0,1,0,3,1,1077,0,6,0.0,1,0.0,Tupac Amaru Revolutionary Movement (MRTA)
728,1,1,0.0,1,0,4,11,69,0,5,0.0,0,1.0,Abu Sayyaf Group (ASG)
729,0,0,0.0,1,0,3,1,2481,0,6,1.0,1,0.0,Tupac Amaru Revolutionary Movement (MRTA)
730,0,0,1.0,1,0,7,22,801,0,8,0.0,1,0.0,Muslim extremists
731,0,0,0.0,1,0,1,4,3070,0,5,1.0,0,0.0,Irish Republican Army (IRA)
732,0,0,1.0,1,0,3,14,13,0,6,2.0,0,0.0,Islamic State of Iraq and the Levant (ISIL)
733,0,0,0.0,1,0,3,12,6,0,6,0.0,-9,0.0,Liberation Tigers of Tamil Eelam (LTTE)
734,0,0,0.0,1,0,2,1,5400,0,5,1.0,1,0.0,Nicaraguan Democratic Force (FDN)
735,0,0,0.0,1,0,3,21,5867,0,6,0.0,1,0.0,Revolutionary Armed Forces of Colombia (FARC)
736,0,0,0.0,1,0,2,4,186,0,5,2.0,1,0.0,Abu Sayyaf Group (ASG)
737,0,0,0.0,1,0,3,14,5656,0,6,0.0,1,0.0,Palestinians
738,0,0,1.0,1,1,3,3,85,0,6,3.0,-9,0.0,Al-Qaida in Iraq
739,0,0,0.0,1,0,3,2,1301,0,6,3.0,1,0.0,Al-Shabaab
740,0,0,0.0,1,0,5,14,5036,0,5,0.0,1,1.0,New People's Army (NPA)
741,0,0,0.0,1,0,3,21,4916,0,6,0.0,1,0.0,National Liberation Army of Colombia (ELN)
742,1,0,0.0,1,0,6,14,6540,0,5,11.0,0,1.0,Sikh Extremists
743,0,0,0.0,1,0,3,1,577,0,6,0.0,1,0.0,African National Congress (South Africa)
744,0,0,0.0,1,0,2,14,3605,0,5,0.0,1,0.0,Kurdistan Workers' Party (PKK)
745,0,0,1.0,1,0,3,1,755,0,6,20.0,-9,0.0,Al-Qaida in Iraq
746,0,0,1.0,1,0,2,4,2666,0,5,2.0,1,0.0,Farabundo Marti National Liberation Front (FMLN)
747,0,0,0.0,1,0,1,14,6461,0,5,1.0,0,0.0,Sikh Extremists
748,0,0,0.0,1,0,1,2,1483,0,5,1.0,0,0.0,Basque Fatherland and Freedom (ETA)
749,0,1,0.0,1,0,3,4,5594,0,6,0.0,1,0.0,Palestinians
750,1,1,0.0,1,0,4,11,3,0,5,4.0,0,1.0,Abu Sayyaf Group (ASG)
751,0,0,0.0,1,0,3,4,3116,0,6,0.0,1,0.0,Irish Republican Army (IRA)
752,0,0,0.0,1,0,2,3,2001,0,5,1.0,0,0.0,Communist Party of India - Maoist (CPI-Maoist)
753,0,0,0.0,0,0,3,14,2954,0,6,0.0,0,0.0,Houthi extremists (Ansar Allah)
754,0,0,1.0,1,0,3,4,2560,0,6,0.0,-9,0.0,Donetsk People's Republic
755,0,0,1.0,1,0,2,14,27,0,8,3.0,1,0.0,Fulani extremists
756,0,0,0.0,1,0,3,8,3558,0,6,0.0,1,0.0,Kurdistan Workers' Party (PKK)
757,0,1,0.0,0,0,3,19,478,0,6,0.0,1,0.0,African National Congress (South Africa)
758,0,0,0.0,1,0,2,4,803,0,6,0.0,-9,0.0,Donetsk People's Republic
759,0,0,0.0,1,0,1,15,6556,0,5,2.0,0,0.0,Sikh Extremists
760,0,0,0.0,1,0,2,4,93,0,5,0.0,1,0.0,Palestinians
761,0,0,0.0,1,0,8,10,2596,0,9,0.0,0,0.0,Donetsk People's Republic
762,0,0,0.0,1,0,1,14,6929,0,5,3.0,1,0.0,Tehrik-i-Taliban Pakistan (TTP)
763,0,0,0.0,1,0,3,4,4893,0,6,0.0,1,0.0,National Liberation Army of Colombia (ELN)
764,0,0,1.0,1,0,3,14,1888,0,6,3.0,1,0.0,Donetsk People's Republic
765,0,0,1.0,1,0,3,15,4837,0,6,0.0,1,0.0,National Liberation Army of Colombia (ELN)
766,0,0,0.0,1,1,3,17,305,0,6,5.0,1,0.0,Al-Qaida in the Arabian Peninsula (AQAP)
767,0,0,0.0,1,0,1,4,3173,0,5,1.0,0,0.0,Irish Republican Army (IRA)
768,0,0,0.0,1,0,2,3,12,0,5,1.0,1,0.0,Tehrik-i-Taliban Pakistan (TTP)
769,0,0,0.0,0,0,2,4,48,0,5,2.0,1,0.0,Liberation Tigers of Tamil Eelam (LTTE)
770,0,0,1.0,1,0,3,21,2659,0,6,0.0,1,0.0,Shining Path (SL)
771,0,0,1.0,1,0,2,2,1357,0,5,24.0,1,0.0,Boko Haram
772,0,0,0.0,1,0,1,2,1224,0,5,1.0,0,0.0,Al-Shabaab
773,0,0,0.0,1,1,3,8,1865,0,6,25.0,0,0.0,Tehrik-i-Taliban Pakistan (TTP)
774,0,0,0.0,1,0,2,4,2670,0,5,1.0,1,0.0,Revolutionary Armed Forces of Colombia (FARC)
775,0,0,0.0,1,0,2,4,402,0,5,1.0,0,0.0,Boko Haram
776,0,0,1.0,1,0,2,4,48,0,6,0.0,0,0.0,Donetsk People's Republic
777,0,0,0.0,1,0,2,2,5419,0,5,0.0,1,0.0,Nicaraguan Democratic Force (FDN)
778,0,0,0.0,0,0,1,2,1310,0,5,2.0,1,0.0,Al-Shabaab
779,0,0,0.0,1,0,2,12,1280,0,5,1.0,0,0.0,Al-Shabaab
780,0,0,1.0,1,0,3,14,305,0,6,2.0,0,0.0,Al-Qaida in Iraq
781,0,0,0.0,1,0,2,3,1897,0,5,1.0,1,0.0,Boko Haram
782,0,0,0.0,1,0,3,19,1933,0,6,12.0,1,0.0,Tehrik-i-Taliban Pakistan (TTP)
783,0,0,1.0,1,0,3,14,2336,0,6,0.0,1,0.0,Corsican National Liberation Front (FLNC)
784,0,0,0.0,1,0,1,14,3312,0,5,1.0,0,0.0,Irish Republican Army (IRA)
785,0,0,0.0,1,0,3,4,4887,0,6,5.0,1,0.0,National Liberation Army of Colombia (ELN)
786,1,0,0.0,1,0,6,10,2600,0,5,0.0,0,1.0,Donetsk People's Republic
787,0,0,0.0,1,0,3,2,6221,0,6,0.0,1,0.0,Shining Path (SL)
788,0,0,0.0,1,0,3,2,219,0,6,2.0,0,0.0,Boko Haram
789,0,0,0.0,1,0,3,3,4346,0,6,0.0,1,0.0,Tehrik-i-Taliban Pakistan (TTP)
790,0,0,0.0,1,0,2,2,5438,0,5,3.0,1,0.0,Nicaraguan Democratic Force (FDN)
791,0,0,1.0,1,0,3,14,1222,0,6,3.0,1,0.0,Al-Shabaab
792,0,0,0.0,1,1,3,4,3742,0,6,16.0,1,0.0,Liberation Tigers of Tamil Eelam (LTTE)
793,0,0,1.0,1,0,3,1,755,0,6,3.0,1,0.0,Al-Qaida in Iraq
794,0,0,0.0,1,0,3,2,2806,0,6,0.0,1,0.0,Farabundo Marti National Liberation Front (FMLN)
795,0,0,0.0,1,0,3,4,56,0,6,2.0,1,0.0,Al-Qaida in the Arabian Peninsula (AQAP)
796,0,0,0.0,1,0,3,3,4476,0,6,0.0,0,0.0,Maoists
797,0,0,0.0,1,0,2,1,5743,0,5,0.0,1,0.0,Tupac Amaru Revolutionary Movement (MRTA)
798,1,1,0.0,1,0,6,14,6979,0,9,3.0,0,1.0,Tehrik-i-Taliban Pakistan (TTP)
799,0,0,0.0,1,0,3,2,2469,0,6,0.0,1,0.0,Corsican National Liberation Front (FLNC)
800,0,0,0.0,1,0,1,2,3744,0,5,1.0,0,0.0,Liberation Tigers of Tamil Eelam (LTTE)
801,0,0,1.0,1,0,3,14,735,0,6,1.0,1,0.0,Al-Qaida in Iraq
802,0,0,1.0,1,0,3,19,869,0,6,7.0,1,0.0,Al-Qaida in Iraq
803,0,0,0.0,0,0,3,14,2756,0,5,0.0,1,0.0,Farabundo Marti National Liberation Front (FMLN)
804,1,0,0.0,1,0,4,14,183,0,5,2.0,0,1.0,Abu Sayyaf Group (ASG)
805,0,0,1.0,1,0,3,2,801,0,6,0.0,1,0.0,Corsican National Liberation Front (FLNC)
806,0,0,0.0,1,0,3,2,2363,0,6,0.0,1,0.0,Corsican National Liberation Front (FLNC)
807,0,0,0.0,1,0,3,2,7260,0,6,0.0,1,0.0,Tupac Amaru Revolutionary Movement (MRTA)
808,0,0,1.0,1,0,3,14,1327,0,6,0.0,-9,0.0,Houthi extremists (Ansar Allah)
809,0,0,0.0,1,0,3,2,2674,0,6,0.0,1,0.0,Manuel Rodriguez Patriotic Front (FPMR)
810,0,0,0.0,1,0,2,3,175,0,5,5.0,1,1.0,National Liberation Army of Colombia (ELN)
811,0,0,0.0,1,0,1,3,4199,0,5,2.0,0,0.0,Manuel Rodriguez Patriotic Front (FPMR)
812,0,0,1.0,1,0,3,1,2753,0,6,0.0,1,0.0,Farabundo Marti National Liberation Front (FMLN)
813,0,0,1.0,1,0,3,1,4070,0,6,0.0,1,0.0,Manuel Rodriguez Patriotic Front (FPMR)
814,0,0,1.0,1,0,3,14,13,0,6,0.0,1,0.0,Al-Qaida in Iraq
815,0,0,0.0,1,1,3,4,3853,0,6,3.0,1,0.0,Liberation Tigers of Tamil Eelam (LTTE)
816,0,0,1.0,1,0,7,14,27,0,8,1.0,1,0.0,Fulani extremists
817,0,0,0.0,1,0,2,19,6624,0,5,4.0,1,0.0,Sikh Extremists
818,0,0,1.0,1,0,3,1,2338,0,6,0.0,1,0.0,Corsican National Liberation Front (FLNC)
819,0,0,0.0,1,0,3,14,27,0,6,4.0,-9,0.0,Islamic State of Iraq and the Levant (ISIL)
820,0,0,0.0,1,0,3,1,2457,0,6,1.0,1,0.0,Corsican National Liberation Front (FLNC)
821,0,0,0.0,1,0,2,4,803,0,5,12.0,1,0.0,Nicaraguan Democratic Force (FDN)
822,0,0,0.0,1,0,2,4,2660,0,5,1.0,1,0.0,Nicaraguan Democratic Force (FDN)
823,0,0,1.0,1,0,3,14,3442,0,6,6.0,-9,0.0,Islamic State of Iraq and the Levant (ISIL)
824,0,0,0.0,1,0,2,4,1055,0,5,1.0,1,0.0,Kurdistan Workers' Party (PKK)
825,0,0,0.0,1,0,1,4,4205,0,5,1.0,0,0.0,Manuel Rodriguez Patriotic Front (FPMR)
826,0,0,0.0,1,0,3,4,3868,0,6,4.0,1,0.0,Liberation Tigers of Tamil Eelam (LTTE)
827,0,0,0.0,1,0,3,1,2461,0,6,0.0,1,0.0,Corsican National Liberation Front (FLNC)
828,0,0,0.0,1,0,3,4,162,0,6,16.0,0,0.0,Tehrik-i-Taliban Pakistan (TTP)
829,0,0,0.0,1,0,3,21,4852,0,6,0.0,1,0.0,National Liberation Army of Colombia (ELN)
830,0,0,1.0,1,0,3,1,6349,0,6,0.0,1,0.0,Tupac Amaru Revolutionary Movement (MRTA)
831,0,0,0.0,1,0,2,4,803,0,5,14.0,1,0.0,Farabundo Marti National Liberation Front (FMLN)
832,0,0,0.0,1,0,3,14,454,0,6,0.0,1,0.0,African National Congress (South Africa)
833,0,0,1.0,1,0,3,19,1643,0,6,0.0,-9,0.0,Basque Fatherland and Freedom (ETA)
834,0,0,0.0,1,0,3,2,432,0,6,0.0,1,0.0,African National Congress (South Africa)
835,0,0,0.0,1,0,3,20,3247,0,6,0.0,1,0.0,Irish Republican Army (IRA)
836,0,0,0.0,1,0,3,14,1812,0,6,0.0,1,0.0,Donetsk People's Republic
837,0,0,0.0,1,0,2,14,13,0,5,5.0,1,0.0,Boko Haram
838,0,0,0.0,1,0,3,2,2426,0,6,1.0,1,0.0,Corsican National Liberation Front (FLNC)
839,0,0,0.0,1,0,3,19,904,0,6,8.0,-9,0.0,Donetsk People's Republic
840,0,0,0.0,1,0,3,14,139,0,6,10.0,1,0.0,Abu Sayyaf Group (ASG)
841,0,0,0.0,0,0,4,6,4931,0,5,0.0,0,0.0,National Liberation Army of Colombia (ELN)
842,0,0,1.0,1,0,2,14,27,0,5,2.0,1,0.0,Fulani extremists
843,0,0,0.0,1,0,3,21,4800,0,6,0.0,1,0.0,National Liberation Army of Colombia (ELN)
844,0,0,1.0,1,1,3,14,13,0,6,6.0,0,0.0,Islamic State of Iraq and the Levant (ISIL)
845,0,0,0.0,1,0,2,2,1093,0,5,1.0,-9,0.0,Al-Qaida in the Arabian Peninsula (AQAP)
846,0,0,0.0,1,0,3,14,3011,0,6,0.0,1,0.0,Houthi extremists (Ansar Allah)
847,0,0,1.0,1,0,3,21,2739,0,6,0.0,1,0.0,Farabundo Marti National Liberation Front (FMLN)
848,0,1,0.0,1,0,2,14,1903,0,5,10.0,0,0.0,Boko Haram
849,0,1,1.0,0,1,3,20,6,0,6,2.0,0,0.0,Boko Haram
850,0,0,1.0,1,0,3,14,1327,0,6,0.0,1,0.0,Houthi extremists (Ansar Allah)
851,0,0,0.0,0,0,3,14,730,0,6,0.0,0,0.0,Palestinians
852,0,0,0.0,1,0,1,1,3193,0,5,1.0,0,0.0,Irish Republican Army (IRA)
853,0,0,0.0,1,0,3,20,2399,0,6,0.0,1,0.0,Corsican National Liberation Front (FLNC)
854,0,0,0.0,1,0,2,1,2802,0,5,11.0,1,0.0,Farabundo Marti National Liberation Front (FMLN)
855,0,0,0.0,1,0,3,3,2490,0,6,1.0,1,0.0,Tehrik-i-Taliban Pakistan (TTP)
856,0,0,0.0,1,0,3,14,13,0,6,0.0,1,0.0,Liberation Tigers of Tamil Eelam (LTTE)
857,0,0,1.0,1,0,3,14,4897,0,6,0.0,1,0.0,National Liberation Army of Colombia (ELN)
858,0,0,0.0,1,0,2,3,878,0,5,12.0,-9,0.0,Al-Qaida in Iraq
859,0,0,0.0,1,0,1,3,6416,0,5,1.0,0,0.0,Sikh Extremists
860,0,0,0.0,1,0,3,2,76,0,6,0.0,1,0.0,Abu Sayyaf Group (ASG)
861,0,0,1.0,1,0,3,21,4081,0,6,0.0,1,0.0,Manuel Rodriguez Patriotic Front (FPMR)
862,0,0,0.0,1,0,2,15,2902,0,5,1.0,0,0.0,Fulani extremists
863,0,0,0.0,1,0,3,4,4346,0,6,19.0,0,0.0,Tehrik-i-Taliban Pakistan (TTP)
864,0,0,0.0,1,0,3,2,1620,0,6,0.0,1,0.0,Basque Fatherland and Freedom (ETA)
865,0,0,1.0,1,0,2,3,93,0,5,22.0,-9,0.0,Taliban
866,0,0,0.0,1,0,2,3,20,0,6,3.0,0,0.0,Muslim extremists
867,0,0,0.0,1,0,1,4,3122,0,5,2.0,0,0.0,Irish Republican Army (IRA)
868,0,0,0.0,1,0,4,19,4120,0,5,1.0,1,1.0,Manuel Rodriguez Patriotic Front (FPMR)
869,0,0,0.0,1,0,1,3,1059,0,5,1.0,-9,0.0,Al-Qaida in the Arabian Peninsula (AQAP)
870,0,0,0.0,1,0,3,1,1536,0,6,0.0,1,0.0,Basque Fatherland and Freedom (ETA)
871,0,0,0.0,1,0,6,7,2566,0,5,0.0,0,1.0,Donetsk People's Republic
872,0,0,0.0,1,0,2,14,27,0,5,3.0,0,0.0,Fulani extremists
873,0,0,0.0,1,0,2,3,5204,0,5,0.0,0,0.0,New People's Army (NPA)
874,0,0,0.0,1,0,2,4,193,0,5,9.0,0,0.0,Abu Sayyaf Group (ASG)
875,0,1,0.0,1,0,2,14,5849,0,5,1.0,0,0.0,Revolutionary Armed Forces of Colombia (FARC)
876,0,0,0.0,1,0,7,1,1188,0,8,0.0,1,0.0,Farabundo Marti National Liberation Front (FMLN)
877,0,0,0.0,0,0,2,4,803,0,9,1.0,1,0.0,Palestinians
878,0,0,0.0,1,0,3,2,3891,0,6,1.0,1,0.0,Liberation Tigers of Tamil Eelam (LTTE)
879,0,0,0.0,1,0,2,14,5378,0,5,1.0,1,0.0,Nicaraguan Democratic Force (FDN)
880,1,0,0.0,1,0,6,15,134,0,5,2.0,0,1.0,Abu Sayyaf Group (ASG)
881,0,0,1.0,1,0,3,1,387,0,6,5.0,1,0.0,Houthi extremists (Ansar Allah)
882,0,0,0.0,1,0,2,17,2142,0,5,1.0,0,0.0,Communist Party of India - Maoist (CPI-Maoist)
883,0,0,1.0,0,0,3,16,4415,0,6,0.0,0,0.0,Maoists
884,0,0,1.0,1,0,3,15,259,0,6,0.0,1,0.0,Manuel Rodriguez Patriotic Front (FPMR)
885,0,0,0.0,1,0,3,3,330,0,6,4.0,1,0.0,Al-Qaida in the Arabian Peninsula (AQAP)
886,0,0,0.0,1,0,7,1,6738,0,8,0.0,1,0.0,Taliban
887,0,0,0.0,1,0,5,10,2706,0,5,0.0,0,0.0,Manuel Rodriguez Patriotic Front (FPMR)
888,0,0,1.0,1,0,2,3,1872,0,5,2.0,1,0.0,Boko Haram
889,0,0,0.0,1,0,3,4,48,0,6,1.0,-9,0.0,Houthi extremists (Ansar Allah)
890,0,0,0.0,1,0,3,21,506,0,6,0.0,1,0.0,African National Congress (South Africa)
891,0,0,1.0,1,0,5,10,7276,0,5,0.0,1,0.0,Tupac Amaru Revolutionary Movement (MRTA)
892,0,0,0.0,1,0,2,19,424,0,5,0.0,1,0.0,African National Congress (South Africa)
893,0,0,0.0,1,0,7,14,2186,0,5,0.0,1,0.0,Communist Party of India - Maoist (CPI-Maoist)
894,0,0,0.0,1,0,2,4,2660,0,5,1.0,1,0.0,Revolutionary Armed Forces of Colombia (FARC)
895,0,0,1.0,1,0,3,14,1896,0,6,0.0,-9,0.0,Houthi extremists (Ansar Allah)
896,0,0,1.0,1,0,2,14,27,0,5,2.0,1,0.0,Fulani extremists
897,0,0,0.0,1,0,3,1,1915,0,6,0.0,1,0.0,Corsican National Liberation Front (FLNC)
898,0,0,0.0,1,0,2,1,52,0,5,2.0,1,0.0,Al-Qaida in the Arabian Peninsula (AQAP)
899,0,0,1.0,1,0,2,3,767,0,5,2.0,1,0.0,Al-Qaida in the Arabian Peninsula (AQAP)
900,0,0,0.0,1,0,3,15,810,0,6,0.0,1,0.0,Al-Qaida in Iraq
901,0,0,0.0,0,0,3,20,6,0,6,0.0,0,0.0,National Liberation Army of Colombia (ELN)
902,0,1,0.0,1,0,3,8,1995,0,6,0.0,0,0.0,Communist Party of India - Maoist (CPI-Maoist)
903,0,0,1.0,1,0,3,3,6273,0,6,0.0,1,0.0,Shining Path (SL)
904,0,0,0.0,1,0,3,4,20,0,6,0.0,0,0.0,Donetsk People's Republic
905,0,0,0.0,1,0,3,19,4209,0,6,0.0,1,0.0,Manuel Rodriguez Patriotic Front (FPMR)
906,0,1,0.0,1,0,3,17,6977,0,6,0.0,0,0.0,Tehrik-i-Taliban Pakistan (TTP)
907,0,0,0.0,1,0,3,1,2384,0,6,0.0,1,0.0,Irish Republican Army (IRA)
908,0,0,0.0,1,0,3,1,181,0,6,0.0,1,0.0,Abu Sayyaf Group (ASG)
909,0,0,1.0,1,0,2,3,6993,0,5,0.0,0,0.0,Tehrik-i-Taliban Pakistan (TTP)
910,0,0,0.0,1,0,2,10,2804,0,5,0.0,1,0.0,Manuel Rodriguez Patriotic Front (FPMR)
911,0,0,0.0,1,0,3,21,4143,0,6,0.0,1,0.0,Manuel Rodriguez Patriotic Front (FPMR)
912,0,0,0.0,1,0,3,3,330,0,6,0.0,1,0.0,Tehrik-i-Taliban Pakistan (TTP)
913,0,0,1.0,1,0,7,1,5168,0,8,0.0,1,0.0,New People's Army (NPA)
914,0,0,0.0,1,0,3,21,4835,0,6,0.0,1,0.0,National Liberation Army of Colombia (ELN)
915,0,0,0.0,1,0,3,2,456,0,6,0.0,1,0.0,African National Congress (South Africa)
916,0,0,0.0,1,0,2,1,3609,0,6,3.0,1,0.0,Kurdistan Workers' Party (PKK)
917,0,0,0.0,1,0,3,14,2814,0,6,0.0,1,0.0,Tupac Amaru Revolutionary Movement (MRTA)
918,1,0,0.0,1,0,6,8,51,0,8,1.0,1,1.0,Muslim extremists
919,0,0,0.0,1,0,2,19,56,0,5,0.0,1,0.0,Manuel Rodriguez Patriotic Front (FPMR)
920,0,0,0.0,1,0,2,2,7317,0,5,0.0,1,0.0,Tupac Amaru Revolutionary Movement (MRTA)
921,0,0,0.0,1,0,2,14,5409,0,5,1.0,1,0.0,Nicaraguan Democratic Force (FDN)
922,0,0,0.0,1,0,6,8,4411,0,5,0.0,-9,1.0,Maoists
923,0,0,1.0,0,0,3,20,4807,0,6,0.0,1,0.0,National Liberation Army of Colombia (ELN)
924,0,1,0.0,1,0,2,14,4581,0,5,9.0,0,0.0,Muslim extremists
925,0,0,0.0,1,1,3,15,7000,0,6,52.0,1,0.0,Tehrik-i-Taliban Pakistan (TTP)
926,0,0,0.0,0,0,6,7,1001,0,5,0.0,0,0.0,Al-Qaida in the Arabian Peninsula (AQAP)
927,0,0,1.0,1,1,3,4,883,0,6,23.0,0,0.0,Al-Qaida in Iraq
928,0,0,1.0,1,0,3,14,13,0,6,1.0,0,0.0,Al-Shabaab
929,1,0,0.0,1,0,6,14,5971,0,9,1.0,0,1.0,Revolutionary Armed Forces of Colombia (FARC)
930,0,0,0.0,1,0,2,3,4453,0,5,1.0,0,0.0,Maoists
931,0,0,0.0,1,0,2,4,681,0,5,2.0,1,0.0,Farabundo Marti National Liberation Front (FMLN)
932,0,0,1.0,1,0,3,1,7352,0,6,0.0,1,0.0,Tupac Amaru Revolutionary Movement (MRTA)
933,0,0,0.0,1,0,2,4,162,0,5,1.0,-9,0.0,Taliban
934,0,0,1.0,1,0,3,4,48,0,6,0.0,-9,0.0,Donetsk People's Republic
935,0,0,0.0,1,0,3,7,5535,0,6,0.0,1,0.0,Palestinians
936,0,0,0.0,1,0,3,15,145,0,6,0.0,0,0.0,Abu Sayyaf Group (ASG)
937,0,0,1.0,1,0,3,2,7190,0,6,1.0,1,0.0,Tupac Amaru Revolutionary Movement (MRTA)
938,0,0,0.0,1,0,2,2,59,0,5,1.0,1,0.0,Nicaraguan Democratic Force (FDN)
939,0,0,0.0,1,0,3,19,3793,0,6,0.0,1,0.0,Liberation Tigers of Tamil Eelam (LTTE)
940,0,0,0.0,1,0,3,1,7336,0,6,0.0,1,0.0,Tupac Amaru Revolutionary Movement (MRTA)
941,0,0,0.0,1,0,1,4,3141,0,5,1.0,0,0.0,Irish Republican Army (IRA)
942,0,0,0.0,1,0,1,14,6566,0,5,3.0,0,0.0,Sikh Extremists
943,0,0,0.0,1,0,3,1,801,0,6,0.0,1,0.0,Manuel Rodriguez Patriotic Front (FPMR)
944,0,1,0.0,1,0,3,3,4360,0,6,0.0,0,0.0,Maoists
945,0,0,0.0,1,0,5,10,7274,0,5,0.0,1,0.0,Tupac Amaru Revolutionary Movement (MRTA)
946,0,0,0.0,1,0,2,1,5232,0,5,1.0,0,0.0,New People's Army (NPA)
947,0,0,0.0,1,0,3,15,1087,0,6,0.0,1,0.0,Muslim extremists
948,0,0,0.0,1,0,3,1,5959,0,6,1.0,-9,0.0,Revolutionary Armed Forces of Colombia (FARC)
949,0,0,1.0,1,0,3,1,1077,0,6,1.0,1,0.0,Corsican National Liberation Front (FLNC)
950,0,0,0.0,1,0,1,2,5533,0,5,1.0,0,0.0,Palestinians
951,0,0,0.0,1,0,2,14,27,0,5,5.0,1,0.0,Fulani extremists
952,0,0,1.0,0,0,1,14,7002,0,6,5.0,1,0.0,Tehrik-i-Taliban Pakistan (TTP)
953,0,0,0.0,1,0,2,14,2669,0,8,0.0,1,0.0,Farabundo Marti National Liberation Front (FMLN)
954,1,0,0.0,1,0,6,2,6942,0,5,2.0,-9,1.0,Tehrik-i-Taliban Pakistan (TTP)
955,0,1,0.0,1,0,3,21,4886,0,6,0.0,1,0.0,National Liberation Army of Colombia (ELN)
956,0,0,0.0,1,0,3,1,2382,0,6,0.0,1,0.0,Corsican National Liberation Front (FLNC)
957,0,0,0.0,1,0,3,3,20,0,6,1.0,-9,0.0,Al-Shabaab
958,0,0,1.0,1,0,2,14,27,0,5,0.0,1,0.0,Fulani extremists
959,0,0,0.0,1,0,2,4,330,0,5,4.0,1,0.0,Al-Qaida in the Arabian Peninsula (AQAP)
960,0,0,0.0,1,0,3,4,162,0,6,0.0,1,0.0,Al-Shabaab
961,0,0,1.0,1,0,2,14,27,0,5,10.0,-9,0.0,Fulani extremists
962,0,0,0.0,1,0,2,3,2792,0,5,4.0,1,0.0,Farabundo Marti National Liberation Front (FMLN)
963,0,0,1.0,1,0,2,14,27,0,5,4.0,1,0.0,Fulani extremists
964,0,0,0.0,1,0,5,1,5095,0,5,5.0,1,1.0,New People's Army (NPA)
965,0,0,0.0,0,0,2,4,12,0,5,0.0,0,0.0,Shining Path (SL)
966,0,0,0.0,1,0,3,14,4385,0,6,5.0,0,0.0,Maoists
967,0,1,0.0,1,0,3,14,13,0,6,2.0,0,0.0,Al-Shabaab
968,1,0,0.0,1,0,6,14,6515,0,5,20.0,0,1.0,Sikh Extremists
969,0,0,0.0,1,0,2,4,12,0,5,2.0,0,0.0,Al-Qaida in the Arabian Peninsula (AQAP)
970,0,0,0.0,1,0,3,3,1574,0,6,0.0,1,0.0,Basque Fatherland and Freedom (ETA)
971,0,0,0.0,1,0,2,4,2750,0,5,5.0,1,0.0,New People's Army (NPA)
972,0,0,0.0,1,0,2,14,27,0,5,1.0,0,0.0,Boko Haram
973,0,1,1.0,1,0,2,4,167,0,6,7.0,0,0.0,Tehrik-i-Taliban Pakistan (TTP)
974,0,0,0.0,1,1,3,4,219,0,6,3.0,1,0.0,Kurdistan Workers' Party (PKK)
975,0,0,0.0,1,0,1,4,1082,0,5,1.0,0,0.0,Al-Qaida in the Arabian Peninsula (AQAP)
976,0,0,0.0,1,0,5,21,5149,0,5,0.0,1,1.0,New People's Army (NPA)
977,0,0,0.0,1,0,3,2,4080,0,6,0.0,1,0.0,Manuel Rodriguez Patriotic Front (FPMR)
978,0,0,0.0,1,0,3,4,162,0,6,1.0,-9,0.0,Al-Shabaab
979,0,0,0.0,1,0,3,14,222,0,6,3.0,1,0.0,Abu Sayyaf Group (ASG)
980,0,0,0.0,0,0,3,2,1515,0,6,0.0,1,0.0,Basque Fatherland and Freedom (ETA)
981,0,1,0.0,1,0,2,19,272,0,5,0.0,0,0.0,Abu Sayyaf Group (ASG)
982,0,0,1.0,1,0,3,14,13,0,6,4.0,-9,0.0,Islamic State of Iraq and the Levant (ISIL)
983,0,0,0.0,1,0,2,14,27,0,5,2.0,1,0.0,Fulani extremists
984,0,0,0.0,1,0,3,4,48,0,6,2.0,0,0.0,Al-Shabaab
985,0,0,0.0,1,0,2,3,175,0,6,59.0,1,0.0,Boko Haram
986,0,0,0.0,1,0,3,4,1055,0,6,3.0,1,0.0,Al-Qaida in the Arabian Peninsula (AQAP)
987,0,0,0.0,1,0,3,2,1357,0,6,0.0,1,0.0,Communist Party of India - Maoist (CPI-Maoist)
988,0,0,0.0,1,0,3,1,6326,0,6,1.0,1,0.0,Shining Path (SL)
989,0,0,0.0,0,0,1,7,2992,0,5,0.0,-9,0.0,Houthi extremists (Ansar Allah)
990,0,0,0.0,1,0,7,1,5145,0,8,0.0,-9,0.0,New People's Army (NPA)
991,0,0,1.0,1,0,2,3,4869,0,6,0.0,1,0.0,National Liberation Army of Colombia (ELN)
992,0,1,0.0,1,0,2,4,12,0,5,0.0,1,0.0,Palestinians
993,0,1,0.0,1,0,3,4,12,0,6,0.0,0,0.0,Maoists
994,0,0,0.0,1,0,7,16,3649,0,5,2.0,1,0.0,Kurdistan Workers' Party (PKK)
995,0,0,0.0,1,0,1,14,3798,0,9,10.0,0,0.0,Liberation Tigers of Tamil Eelam (LTTE)
996,0,0,1.0,1,0,3,4,48,0,6,0.0,-9,0.0,Donetsk People's Republic
997,0,0,0.0,1,0,1,2,5160,0,5,2.0,0,0.0,New People's Army (NPA)
998,0,0,0.0,1,0,3,2,1637,0,6,0.0,1,0.0,Basque Fatherland and Freedom (ETA)
999,0,0,0.0,1,0,3,7,6907,0,6,1.0,1,0.0,Tehrik-i-Taliban Pakistan (TTP)
1000,0,0,0.0,1,0,7,19,5821,0,8,0.0,1,0.0,Revolutionary Armed Forces of Colombia (FARC)
1001,0,0,0.0,1,0,2,3,6818,0,5,0.0,0,0.0,Taliban
1002,0,0,1.0,1,0,3,14,730,0,6,1.0,1,0.0,Sikh Extremists
1003,0,0,0.0,1,0,1,2,3819,0,5,1.0,0,0.0,Liberation Tigers of Tamil Eelam (LTTE)
1004,0,0,0.0,0,0,3,21,1656,0,6,0.0,1,0.0,Basque Fatherland and Freedom (ETA)
1005,1,0,0.0,1,0,6,14,13,0,5,3.0,0,1.0,Abu Sayyaf Group (ASG)
1006,0,0,0.0,1,0,3,14,5521,0,5,4.0,1,0.0,Palestinians
1007,0,1,1.0,1,0,3,9,7213,0,6,0.0,1,0.0,Tupac Amaru Revolutionary Movement (MRTA)
1008,0,0,0.0,1,0,3,14,1535,0,6,0.0,1,0.0,Shining Path (SL)
1009,0,0,0.0,1,0,2,3,4660,0,5,1.0,1,0.0,Muslim extremists
1010,0,0,1.0,1,0,3,2,801,0,6,0.0,1,0.0,Corsican National Liberation Front (FLNC)
1011,0,0,0.0,1,0,3,21,4762,0,6,0.0,1,0.0,National Liberation Army of Colombia (ELN)
1012,0,0,0.0,1,0,1,4,3083,0,5,1.0,0,0.0,Irish Republican Army (IRA)
1013,0,0,0.0,1,0,3,19,3564,0,6,0.0,1,0.0,Kurdistan Workers' Party (PKK)
1014,1,0,0.0,1,0,6,14,4770,0,5,0.0,0,1.0,National Liberation Army of Colombia (ELN)
1015,0,0,0.0,1,0,1,3,419,0,6,1.0,0,0.0,African National Congress (South Africa)
1016,0,0,0.0,1,0,2,1,6570,0,5,0.0,1,0.0,Sikh Extremists
1017,0,0,0.0,1,0,2,7,7072,0,5,0.0,1,0.0,Tehrik-i-Taliban Pakistan (TTP)
1018,0,0,0.0,1,0,2,4,260,0,5,2.0,0,0.0,Abu Sayyaf Group (ASG)
1019,0,0,0.0,1,0,3,2,1958,0,6,0.0,1,0.0,Communist Party of India - Maoist (CPI-Maoist)
1020,0,0,0.0,1,1,3,4,815,0,6,3.0,1,0.0,Al-Qaida in Iraq
1021,0,0,0.0,1,0,3,1,2334,0,6,0.0,1,0.0,Corsican National Liberation Front (FLNC)
1022,0,0,0.0,0,0,3,20,6,0,6,0.0,0,0.0,Revolutionary Armed Forces of Colombia (FARC)
1023,0,0,0.0,1,0,3,14,6,0,6,9.0,1,0.0,Abu Sayyaf Group (ASG)
1024,0,0,0.0,1,0,3,11,7323,0,6,1.0,1,0.0,Tupac Amaru Revolutionary Movement (MRTA)
1025,0,0,0.0,1,0,3,2,474,0,6,0.0,1,0.0,African National Congress (South Africa)
1026,0,0,1.0,1,0,3,1,4570,0,6,0.0,1,0.0,Muslim extremists
1027,0,0,1.0,1,0,2,14,27,0,5,1.0,0,0.0,Fulani extremists
1028,0,0,0.0,1,0,3,14,2589,0,6,0.0,-9,0.0,Donetsk People's Republic
1029,0,0,0.0,1,0,7,1,2110,0,8,0.0,1,0.0,Communist Party of India - Maoist (CPI-Maoist)
1030,0,0,0.0,1,0,3,3,4213,0,6,0.0,1,0.0,Manuel Rodriguez Patriotic Front (FPMR)
1031,0,0,1.0,1,0,3,1,755,0,6,1.0,0,0.0,Islamic State of Iraq and the Levant (ISIL)
1032,0,0,0.0,1,0,2,4,1030,0,5,1.0,0,0.0,Al-Qaida in the Arabian Peninsula (AQAP)
1033,0,0,0.0,1,0,1,1,6600,0,5,1.0,0,0.0,Sikh Extremists
1034,0,0,0.0,0,0,1,2,6736,0,6,3.0,0,0.0,Taliban
1035,0,0,0.0,1,0,3,14,5726,0,6,0.0,0,0.0,Palestinians
1036,0,0,1.0,1,0,2,4,162,0,5,9.0,-9,0.0,Taliban
1037,0,1,1.0,1,0,2,19,56,0,8,0.0,1,0.0,Revolutionary Armed Forces of Colombia (FARC)
1038,0,0,0.0,1,0,3,4,330,0,6,1.0,-9,0.0,Al-Shabaab
1039,0,0,1.0,1,0,3,4,12,0,6,0.0,-9,0.0,Al-Qaida in Iraq
1040,0,0,0.0,1,0,3,14,13,0,6,0.0,-9,0.0,Houthi extremists (Ansar Allah)
1041,0,0,0.0,1,0,3,14,279,0,6,0.0,1,0.0,Abu Sayyaf Group (ASG)
1042,0,0,0.0,1,0,2,3,6195,0,5,0.0,1,0.0,Shining Path (SL)
1043,0,0,0.0,1,0,3,7,7325,0,6,0.0,1,0.0,Tupac Amaru Revolutionary Movement (MRTA)
1044,1,0,0.0,1,0,6,14,205,0,5,1.0,1,1.0,Al-Shabaab
1045,0,0,0.0,1,0,2,4,48,0,6,9.0,0,0.0,Islamic State of Iraq and the Levant (ISIL)
1046,0,0,0.0,1,0,2,4,2660,0,5,0.0,1,0.0,Nicaraguan Democratic Force (FDN)
1047,0,0,0.0,1,0,2,4,2660,0,5,1.0,1,0.0,Farabundo Marti National Liberation Front (FMLN)
1048,0,0,1.0,1,0,3,2,531,0,8,0.0,1,0.0,African National Congress (South Africa)
1049,0,0,1.0,1,0,3,8,51,0,6,1.0,1,0.0,Houthi extremists (Ansar Allah)
1050,0,0,0.0,1,0,3,21,100,0,6,0.0,1,0.0,Abu Sayyaf Group (ASG)
1051,0,0,0.0,0,0,3,19,1968,0,6,0.0,0,0.0,Communist Party of India - Maoist (CPI-Maoist)
1052,0,0,0.0,1,0,2,4,803,0,5,1.0,1,0.0,Nicaraguan Democratic Force (FDN)
1053,0,0,0.0,1,0,3,1,341,0,6,0.0,1,0.0,Tupac Amaru Revolutionary Movement (MRTA)
1054,0,0,0.0,0,0,3,1,4949,0,6,0.0,1,0.0,National Liberation Army of Colombia (ELN)
1055,0,0,0.0,1,0,3,19,6172,0,6,0.0,1,0.0,Shining Path (SL)
1056,0,0,0.0,1,0,2,4,2660,0,5,1.0,1,0.0,Nicaraguan Democratic Force (FDN)
1057,0,0,0.0,1,0,3,19,2430,0,6,0.0,1,0.0,Corsican National Liberation Front (FLNC)
1058,0,0,0.0,1,0,1,3,6174,0,5,1.0,0,0.0,Shining Path (SL)
1059,0,0,1.0,1,0,3,1,75,0,6,0.0,0,0.0,Abu Sayyaf Group (ASG)
1060,0,0,0.0,1,0,2,14,27,0,6,5.0,1,0.0,Fulani extremists
1061,0,0,1.0,1,0,7,1,465,0,8,0.0,1,0.0,Irish Republican Army (IRA)
1062,0,0,0.0,1,0,6,14,3785,0,5,0.0,0,1.0,Liberation Tigers of Tamil Eelam (LTTE)
1063,0,0,1.0,1,0,3,1,4070,0,6,0.0,1,0.0,Manuel Rodriguez Patriotic Front (FPMR)
1064,0,0,1.0,1,0,3,1,1915,0,6,0.0,1,0.0,Manuel Rodriguez Patriotic Front (FPMR)
1065,0,0,0.0,1,0,2,14,2909,0,5,2.0,0,0.0,Fulani extremists
1066,0,0,0.0,1,0,2,4,20,0,5,4.0,0,0.0,Al-Qaida in the Arabian Peninsula (AQAP)
1067,0,0,0.0,0,0,6,14,2580,0,5,0.0,0,0.0,Donetsk People's Republic
1068,0,0,0.0,1,0,1,14,6472,0,5,4.0,0,0.0,Sikh Extremists
1069,0,0,0.0,0,0,3,7,341,0,6,1.0,-9,0.0,Muslim extremists
1070,0,0,0.0,1,0,3,14,3838,0,6,1.0,-9,0.0,Liberation Tigers of Tamil Eelam (LTTE)
1071,0,0,1.0,1,0,3,21,1575,0,6,1.0,1,0.0,Farabundo Marti National Liberation Front (FMLN)
1072,0,0,0.0,1,0,3,1,130,0,6,0.0,0,0.0,Abu Sayyaf Group (ASG)
1073,0,0,0.0,1,0,2,14,205,0,6,37.0,1,0.0,Boko Haram
1074,0,0,0.0,1,0,3,14,3644,0,6,0.0,-9,0.0,Kurdistan Workers' Party (PKK)
1075,0,0,1.0,1,0,3,1,2553,0,6,0.0,1,0.0,Tupac Amaru Revolutionary Movement (MRTA)
1076,0,0,0.0,0,0,1,10,1612,0,5,0.0,0,0.0,Basque Fatherland and Freedom (ETA)
1077,0,0,0.0,1,0,2,3,5587,0,8,1.0,1,0.0,Palestinians
1078,0,0,0.0,1,0,6,3,175,0,6,1.0,0,1.0,Boko Haram
1079,0,0,0.0,1,0,2,3,330,0,5,2.0,1,0.0,Al-Qaida in the Arabian Peninsula (AQAP)
1080,0,0,1.0,1,0,2,8,1892,0,5,3.0,0,0.0,Boko Haram
1081,0,0,0.0,1,0,3,3,330,0,6,1.0,-9,0.0,Kurdistan Workers' Party (PKK)
1082,0,1,0.0,1,0,2,3,803,0,5,2.0,1,0.0,Sikh Extremists
1083,0,0,1.0,1,0,3,2,6247,0,6,0.0,1,0.0,Shining Path (SL)
1084,0,0,0.0,1,0,7,7,2601,0,8,0.0,1,0.0,Donetsk People's Republic
1085,0,0,0.0,1,0,2,14,2067,0,9,1.0,0,0.0,Communist Party of India - Maoist (CPI-Maoist)
1086,0,1,0.0,1,0,2,4,20,0,5,2.0,0,0.0,Donetsk People's Republic
1087,0,0,0.0,1,0,7,1,2033,0,8,0.0,1,0.0,Communist Party of India - Maoist (CPI-Maoist)
1088,0,0,1.0,1,0,3,14,6309,0,6,0.0,1,0.0,Shining Path (SL)
1089,0,0,1.0,1,0,3,14,1888,0,6,0.0,-9,0.0,Houthi extremists (Ansar Allah)
1090,0,0,0.0,1,0,2,2,801,0,5,3.0,0,0.0,Islamic State of Iraq and the Levant (ISIL)
1091,0,0,0.0,1,0,3,2,7253,0,6,0.0,1,0.0,Tupac Amaru Revolutionary Movement (MRTA)
1092,0,0,0.0,1,0,3,4,167,0,6,50.0,1,0.0,Houthi extremists (Ansar Allah)
1093,0,0,1.0,1,0,2,14,1829,0,5,2.0,-9,0.0,Fulani extremists
1094,0,0,1.0,1,0,3,14,730,0,6,4.0,1,0.0,Al-Qaida in Iraq
1095,0,0,1.0,1,1,3,14,730,0,6,5.0,1,0.0,Boko Haram
1096,0,0,0.0,1,0,3,3,12,0,6,0.0,-9,0.0,Revolutionary Armed Forces of Colombia (FARC)
1097,0,0,0.0,1,0,2,14,2703,0,5,5.0,1,0.0,Farabundo Marti National Liberation Front (FMLN)
1098,0,0,0.0,1,0,7,10,2804,0,5,0.0,1,0.0,National Liberation Army of Colombia (ELN)
1099,0,1,0.0,1,0,3,21,6994,0,6,0.0,1,0.0,Tehrik-i-Taliban Pakistan (TTP)
1100,0,0,0.0,1,0,3,8,131,0,6,0.0,1,0.0,Abu Sayyaf Group (ASG)
1101,0,0,0.0,1,0,2,11,107,0,5,0.0,1,0.0,Abu Sayyaf Group (ASG)
1102,1,0,0.0,1,0,6,1,64,0,5,0.0,0,1.0,Abu Sayyaf Group (ASG)
1103,0,0,0.0,1,0,2,4,268,0,5,1.0,1,0.0,Al-Shabaab
1104,0,0,0.0,1,0,6,14,908,0,5,1.0,-9,1.0,Al-Shabaab
1105,0,0,0.0,1,0,6,2,4859,0,5,0.0,0,1.0,National Liberation Army of Colombia (ELN)
1106,0,0,0.0,1,0,3,4,1481,0,6,1.0,1,0.0,Basque Fatherland and Freedom (ETA)
1107,0,0,0.0,0,0,2,4,1263,0,5,0.0,0,0.0,Al-Shabaab
1108,0,0,0.0,1,0,2,1,1308,0,5,5.0,1,0.0,Al-Shabaab
1109,0,0,0.0,1,0,3,21,2662,0,6,0.0,1,0.0,Farabundo Marti National Liberation Front (FMLN)
1110,0,0,0.0,1,0,3,14,13,0,6,2.0,-9,0.0,Al-Qaida in the Arabian Peninsula (AQAP)
1111,0,0,0.0,1,0,3,18,1571,0,6,0.0,1,0.0,Shining Path (SL)
1112,0,0,0.0,1,0,2,4,3823,0,5,0.0,1,0.0,Liberation Tigers of Tamil Eelam (LTTE)
1113,0,0,0.0,1,0,2,4,803,0,5,1.0,1,0.0,Kurdistan Workers' Party (PKK)
1114,0,0,0.0,1,0,3,2,4075,0,6,0.0,1,0.0,Manuel Rodriguez Patriotic Front (FPMR)
1115,0,0,0.0,1,0,3,1,1915,0,6,0.0,1,0.0,Manuel Rodriguez Patriotic Front (FPMR)
1116,1,0,0.0,1,0,6,2,4404,0,5,1.0,0,1.0,Maoists
1117,0,0,1.0,1,0,2,14,27,0,5,4.0,0,0.0,Fulani extremists
1118,0,0,0.0,1,0,3,2,6957,0,6,1.0,1,0.0,Tehrik-i-Taliban Pakistan (TTP)
1119,0,0,1.0,1,0,2,12,801,0,5,0.0,1,0.0,Houthi extremists (Ansar Allah)
1120,0,0,0.0,1,0,2,4,3209,0,5,2.0,1,0.0,Revolutionary Armed Forces of Colombia (FARC)
1121,0,1,0.0,1,0,3,4,435,0,6,0.0,1,0.0,African National Congress (South Africa)
1122,0,0,0.0,1,0,2,14,27,0,5,6.0,1,0.0,Fulani extremists
1123,0,1,1.0,1,0,3,3,12,0,6,0.0,0,0.0,Al-Qaida in Iraq
1124,0,0,1.0,1,0,2,14,796,0,5,3.0,1,0.0,Tehrik-i-Taliban Pakistan (TTP)
1125,0,0,0.0,0,0,3,19,1619,0,6,0.0,0,0.0,Palestinians
1126,0,0,0.0,0,0,1,2,3438,0,5,1.0,-9,0.0,Islamic State of Iraq and the Levant (ISIL)
1127,0,0,1.0,1,0,7,14,27,0,5,5.0,1,0.0,Fulani extremists
1128,0,0,0.0,1,0,3,1,1601,0,6,0.0,1,0.0,Basque Fatherland and Freedom (ETA)
1129,0,0,1.0,1,0,3,1,6349,0,6,0.0,1,0.0,Tupac Amaru Revolutionary Movement (MRTA)
1130,0,0,0.0,1,0,2,3,12,0,5,1.0,1,0.0,Sikh Extremists
1131,0,0,0.0,1,0,3,1,427,0,6,0.0,1,0.0,Corsican National Liberation Front (FLNC)
1132,1,0,0.0,1,0,6,3,1063,0,5,1.0,0,1.0,Al-Qaida in the Arabian Peninsula (AQAP)
1133,0,0,0.0,1,0,2,14,1336,0,5,4.0,0,0.0,Al-Shabaab
1134,0,0,0.0,1,0,3,4,219,0,6,1.0,-9,0.0,Al-Qaida in the Arabian Peninsula (AQAP)
1135,0,0,0.0,0,0,3,14,205,0,6,0.0,0,0.0,Houthi extremists (Ansar Allah)
1136,1,0,0.0,1,0,1,15,1274,0,5,1.0,0,1.0,Al-Shabaab
1137,0,0,0.0,1,0,3,2,6133,0,6,0.0,1,0.0,Shining Path (SL)
1138,0,1,0.0,1,0,3,3,692,0,6,0.0,1,0.0,Maoists
1139,0,0,0.0,1,0,1,2,1340,0,6,1.0,1,0.0,Al-Shabaab
1140,0,0,0.0,1,0,1,14,5534,0,9,1.0,0,0.0,Palestinians
1141,0,0,0.0,1,0,3,1,2345,0,6,0.0,1,0.0,Corsican National Liberation Front (FLNC)
1142,0,0,1.0,1,1,3,17,172,0,6,6.0,1,0.0,Boko Haram
1143,0,0,0.0,1,0,6,2,2130,0,5,0.0,0,1.0,Communist Party of India - Maoist (CPI-Maoist)
1144,0,0,0.0,1,1,1,3,732,0,6,4.0,1,0.0,Al-Qaida in Iraq
1145,1,0,0.0,1,0,6,14,5689,0,5,1.0,0,1.0,Palestinians
1146,0,0,0.0,1,1,3,20,6,0,6,3.0,0,0.0,Boko Haram
1147,0,0,0.0,1,0,3,1,2345,0,6,0.0,1,0.0,Corsican National Liberation Front (FLNC)
1148,0,0,0.0,1,0,8,14,7098,0,9,1.0,0,0.0,Tehrik-i-Taliban Pakistan (TTP)
1149,0,0,0.0,0,0,3,14,4179,0,6,0.0,1,0.0,Manuel Rodriguez Patriotic Front (FPMR)
1150,0,0,0.0,0,0,3,2,5554,0,6,0.0,0,0.0,Palestinians
1151,0,0,1.0,1,0,2,14,27,0,5,5.0,1,0.0,Abu Sayyaf Group (ASG)
1152,0,0,0.0,1,0,3,2,219,0,6,0.0,1,0.0,Corsican National Liberation Front (FLNC)
1153,0,0,0.0,1,0,3,1,755,0,6,0.0,1,0.0,Sikh Extremists
1154,0,0,0.0,0,0,3,4,644,0,6,0.0,1,0.0,Liberation Tigers of Tamil Eelam (LTTE)
1155,0,0,0.0,1,0,3,17,973,0,6,3.0,0,0.0,Al-Qaida in the Arabian Peninsula (AQAP)
1156,0,0,1.0,1,0,2,14,27,0,5,1.0,1,0.0,Fulani extremists
1157,0,0,0.0,1,0,3,1,4124,0,6,0.0,1,0.0,Manuel Rodriguez Patriotic Front (FPMR)
1158,0,0,0.0,1,0,2,3,3551,0,5,1.0,0,0.0,Kurdistan Workers' Party (PKK)
1159,0,0,0.0,1,0,1,4,6746,0,5,3.0,0,0.0,Taliban
1160,0,0,1.0,1,0,2,3,175,0,5,3.0,-9,0.0,New People's Army (NPA)
1161,0,0,0.0,1,0,3,15,4139,0,6,1.0,1,0.0,Manuel Rodriguez Patriotic Front (FPMR)
1162,0,0,0.0,1,0,2,2,1986,0,5,1.0,0,0.0,Communist Party of India - Maoist (CPI-Maoist)
1163,0,0,0.0,1,0,7,15,318,0,8,0.0,1,0.0,Shining Path (SL)
1164,0,1,1.0,1,0,7,1,1557,0,8,0.0,1,0.0,Sikh Extremists
1165,1,0,0.0,1,0,2,14,666,0,5,0.0,1,1.0,Al-Qaida in Iraq
1166,0,0,0.0,1,1,3,3,4564,0,6,82.0,1,0.0,Tehrik-i-Taliban Pakistan (TTP)
1167,0,0,0.0,1,1,3,4,3478,0,6,12.0,1,0.0,Islamic State of Iraq and the Levant (ISIL)
1168,0,1,0.0,1,0,7,1,5137,0,8,0.0,1,0.0,New People's Army (NPA)
1169,0,0,0.0,1,0,2,4,803,0,5,1.0,1,0.0,Nicaraguan Democratic Force (FDN)
1170,0,0,0.0,1,0,3,2,966,0,6,0.0,1,0.0,Farabundo Marti National Liberation Front (FMLN)
1171,0,1,1.0,1,0,2,4,48,0,6,0.0,-9,0.0,Donetsk People's Republic
1172,0,0,1.0,1,0,3,14,730,0,6,7.0,-9,0.0,Boko Haram
1173,0,0,0.0,1,0,6,1,4846,0,5,0.0,0,1.0,National Liberation Army of Colombia (ELN)
1174,0,0,0.0,1,0,1,14,4595,0,5,1.0,0,0.0,Muslim extremists
1175,0,0,1.0,1,0,3,1,1557,0,6,0.0,1,0.0,Corsican National Liberation Front (FLNC)
1176,0,0,0.0,1,0,3,2,464,0,6,0.0,1,0.0,African National Congress (South Africa)
1177,0,0,0.0,1,0,1,14,5722,0,5,1.0,0,0.0,Palestinians
1178,0,0,0.0,1,0,3,4,330,0,6,2.0,1,0.0,Kurdistan Workers' Party (PKK)
1179,1,0,0.0,1,0,6,14,6737,0,5,0.0,0,1.0,Taliban
1180,0,0,0.0,1,0,3,1,1588,0,6,0.0,1,0.0,Basque Fatherland and Freedom (ETA)
1181,0,0,1.0,1,0,3,1,5908,0,6,0.0,1,0.0,Revolutionary Armed Forces of Colombia (FARC)
1182,0,0,1.0,1,0,3,3,3195,0,6,0.0,1,0.0,Manuel Rodriguez Patriotic Front (FPMR)
1183,0,0,0.0,1,0,3,14,1888,0,6,1.0,-9,0.0,Houthi extremists (Ansar Allah)
1184,0,0,0.0,1,0,2,14,2668,0,5,6.0,1,0.0,Farabundo Marti National Liberation Front (FMLN)
1185,0,0,0.0,1,0,3,3,1413,0,6,0.0,1,0.0,Basque Fatherland and Freedom (ETA)
1186,0,0,0.0,1,0,2,4,3748,0,5,4.0,-9,0.0,Liberation Tigers of Tamil Eelam (LTTE)
1187,0,0,1.0,1,0,3,11,79,0,6,0.0,1,0.0,Abu Sayyaf Group (ASG)
1188,0,0,0.0,0,0,7,14,2424,0,5,0.0,0,0.0,Corsican National Liberation Front (FLNC)
1189,0,0,0.0,0,1,3,4,48,0,6,1.0,0,0.0,Islamic State of Iraq and the Levant (ISIL)
1190,0,1,1.0,1,0,2,1,5386,0,5,0.0,1,0.0,Nicaraguan Democratic Force (FDN)
1191,0,0,0.0,1,0,3,14,6944,0,6,7.0,0,0.0,Tehrik-i-Taliban Pakistan (TTP)
1192,0,0,0.0,1,0,3,4,327,0,6,4.0,1,0.0,Islamic State of Iraq and the Levant (ISIL)
1193,0,0,0.0,1,0,1,2,3562,0,5,2.0,0,0.0,Kurdistan Workers' Party (PKK)
1194,0,0,1.0,1,0,3,3,85,0,6,1.0,1,0.0,Al-Qaida in Iraq
1195,0,1,0.0,1,1,3,4,3886,0,6,1.0,-9,0.0,Liberation Tigers of Tamil Eelam (LTTE)
1196,0,0,0.0,1,0,3,14,13,0,6,1.0,0,0.0,Islamic State of Iraq and the Levant (ISIL)
1197,0,0,0.0,1,0,2,1,826,0,5,2.0,1,0.0,Muslim extremists
1198,0,0,0.0,1,0,2,14,6271,0,5,25.0,1,0.0,Shining Path (SL)
1199,0,0,1.0,1,0,3,14,1888,0,6,0.0,-9,0.0,Houthi extremists (Ansar Allah)
1200,0,0,0.0,1,0,1,8,6152,0,5,1.0,0,0.0,Shining Path (SL)
1201,0,0,1.0,1,0,2,4,402,0,5,1.0,-9,0.0,Al-Shabaab
1202,0,0,0.0,1,0,3,19,56,0,6,3.0,1,0.0,Liberation Tigers of Tamil Eelam (LTTE)
1203,0,0,0.0,0,0,2,17,2990,0,5,1.0,0,0.0,Houthi extremists (Ansar Allah)
1204,0,0,0.0,1,0,2,3,804,0,5,1.0,-9,0.0,Taliban
1205,0,0,0.0,1,0,1,14,6467,0,5,3.0,0,0.0,Sikh Extremists
1206,0,0,1.0,1,0,4,3,20,0,5,1.0,1,0.0,Islamic State of Iraq and the Levant (ISIL)
1207,1,0,0.0,1,0,2,4,2670,0,5,1.0,1,0.0,Farabundo Marti National Liberation Front (FMLN)
1208,0,0,0.0,1,0,2,4,2660,0,5,10.0,1,0.0,Nicaraguan Democratic Force (FDN)
1209,0,0,0.0,1,0,1,3,6276,0,5,1.0,0,0.0,Shining Path (SL)
1210,0,0,0.0,1,0,2,14,1329,0,5,1.0,0,0.0,Al-Shabaab
1211,0,0,0.0,1,0,3,4,617,0,6,0.0,1,0.0,African National Congress (South Africa)
1212,0,0,0.0,1,0,3,14,730,0,6,4.0,1,0.0,Al-Qaida in Iraq
1213,0,0,0.0,1,0,3,14,6419,0,6,3.0,1,0.0,Sikh Extremists
1214,0,0,1.0,1,0,3,1,1769,0,6,0.0,1,0.0,Tupac Amaru Revolutionary Movement (MRTA)
1215,0,0,0.0,1,0,1,14,6929,0,5,1.0,0,0.0,Tehrik-i-Taliban Pakistan (TTP)
1216,0,0,0.0,0,0,3,14,4196,0,6,0.0,1,0.0,Manuel Rodriguez Patriotic Front (FPMR)
1217,0,0,1.0,1,0,2,3,20,0,5,2.0,0,0.0,Taliban
1218,1,0,0.0,1,1,6,4,402,0,6,77.0,1,1.0,Al-Shabaab
1219,0,0,0.0,1,0,1,14,5664,0,5,1.0,0,0.0,Palestinians
1220,0,0,0.0,1,0,3,2,2396,0,6,0.0,1,0.0,Corsican National Liberation Front (FLNC)
1221,0,0,0.0,1,0,3,2,4789,0,6,1.0,1,0.0,National Liberation Army of Colombia (ELN)
1222,0,0,0.0,1,0,3,3,3817,0,6,1.0,-9,0.0,Liberation Tigers of Tamil Eelam (LTTE)
1223,0,0,0.0,1,0,3,4,5070,0,6,1.0,0,0.0,New People's Army (NPA)
1224,0,0,0.0,1,0,2,4,803,0,5,5.0,1,0.0,Kurdistan Workers' Party (PKK)
1225,0,0,0.0,1,0,3,4,2563,0,6,1.0,-9,0.0,Donetsk People's Republic
1226,0,0,0.0,1,0,2,4,3826,0,5,13.0,1,0.0,Liberation Tigers of Tamil Eelam (LTTE)
1227,0,0,1.0,1,0,7,1,465,0,8,0.0,1,0.0,Irish Republican Army (IRA)
1228,0,0,1.0,1,0,7,14,27,0,8,1.0,1,0.0,Fulani extremists
1229,0,0,0.0,1,0,3,4,3121,0,6,0.0,1,0.0,Irish Republican Army (IRA)
1230,0,0,0.0,1,0,1,3,625,0,5,1.0,0,0.0,Sikh Extremists
1231,0,0,0.0,1,0,6,2,4328,0,5,0.0,0,1.0,Maoists
1232,0,0,1.0,1,1,3,14,13,0,6,8.0,1,0.0,Al-Qaida in Iraq
1233,1,0,1.0,1,0,6,14,807,0,5,1.0,0,1.0,Communist Party of India - Maoist (CPI-Maoist)
1234,0,0,1.0,1,0,3,1,1557,0,6,0.0,1,0.0,Corsican National Liberation Front (FLNC)
1235,0,0,0.0,1,0,2,14,205,0,5,3.0,-9,0.0,Fulani extremists
1236,0,0,0.0,1,0,2,2,5041,0,5,0.0,1,1.0,New People's Army (NPA)
1237,0,0,1.0,1,0,3,14,13,0,6,1.0,0,0.0,Al-Qaida in Iraq
1238,0,0,0.0,1,0,2,8,1086,0,5,2.0,0,0.0,Al-Qaida in the Arabian Peninsula (AQAP)
1239,1,1,0.0,1,0,6,14,13,0,5,1.0,0,1.0,National Liberation Army of Colombia (ELN)
1240,0,0,0.0,1,0,1,2,2876,0,5,1.0,0,0.0,Fulani extremists
1241,0,0,1.0,1,0,3,14,13,0,6,1.0,-9,0.0,Al-Qaida in Iraq
1242,0,0,0.0,1,0,3,2,7031,0,6,0.0,-9,0.0,Tehrik-i-Taliban Pakistan (TTP)
1243,0,0,1.0,0,0,3,2,4340,0,6,0.0,0,0.0,Maoists
1244,0,0,1.0,1,0,3,1,1769,0,6,0.0,1,0.0,Shining Path (SL)
1245,0,1,0.0,1,0,3,21,1154,0,6,0.0,1,0.0,Donetsk People's Republic
1246,0,0,0.0,1,0,2,4,803,0,5,0.0,1,0.0,National Liberation Army of Colombia (ELN)
1247,0,0,0.0,1,1,3,3,771,0,6,36.0,-9,0.0,Al-Qaida in Iraq
1248,0,0,0.0,1,0,7,2,2175,0,8,0.0,1,0.0,Communist Party of India - Maoist (CPI-Maoist)
1249,0,0,1.0,1,0,7,13,133,0,8,2.0,1,0.0,Boko Haram
1250,0,0,0.0,1,0,3,1,1769,0,6,0.0,1,0.0,Manuel Rodriguez Patriotic Front (FPMR)
1251,0,0,0.0,1,0,1,3,4090,0,5,2.0,0,0.0,Manuel Rodriguez Patriotic Front (FPMR)
1252,0,0,1.0,0,0,1,4,812,0,6,0.0,0,0.0,Al-Qaida in Iraq
1253,0,1,0.0,1,0,2,4,2584,0,6,1.0,-9,0.0,Donetsk People's Republic
1254,0,0,0.0,1,0,3,14,4389,0,6,3.0,0,0.0,Maoists
1255,0,0,0.0,1,0,3,4,48,0,6,1.0,0,0.0,Kurdistan Workers' Party (PKK)
1256,0,0,0.0,1,0,3,21,2659,0,6,1.0,1,0.0,Shining Path (SL)
1257,1,1,0.0,1,0,6,4,48,0,5,2.0,0,1.0,Donetsk People's Republic
1258,0,0,0.0,1,0,2,17,803,0,5,50.0,1,0.0,Tupac Amaru Revolutionary Movement (MRTA)
1259,0,0,0.0,1,0,3,1,4617,0,6,0.0,1,0.0,Muslim extremists
1260,0,0,0.0,1,0,3,2,451,0,6,3.0,1,0.0,African National Congress (South Africa)
1261,0,0,0.0,1,0,3,14,4186,0,6,0.0,1,0.0,Manuel Rodriguez Patriotic Front (FPMR)
1262,0,0,0.0,1,0,3,4,3074,0,6,1.0,1,0.0,Irish Republican Army (IRA)
1263,1,0,0.0,1,0,6,15,1839,0,6,8.0,1,1.0,Boko Haram
1264,0,0,0.0,1,0,3,21,4133,0,6,0.0,1,0.0,Manuel Rodriguez Patriotic Front (FPMR)
1265,1,0,1.0,1,0,6,14,13,0,5,0.0,0,1.0,Maoists
1266,0,0,0.0,1,0,3,19,2445,0,6,0.0,1,0.0,Corsican National Liberation Front (FLNC)
1267,0,0,0.0,1,0,3,3,4664,0,6,0.0,1,0.0,Muslim extremists
1268,0,0,0.0,1,0,3,3,85,0,6,0.0,-9,0.0,Abu Sayyaf Group (ASG)
1269,0,0,0.0,0,0,1,2,1083,0,5,0.0,1,0.0,Al-Qaida in the Arabian Peninsula (AQAP)
1270,0,0,1.0,1,1,3,2,742,0,6,23.0,0,0.0,Al-Qaida in Iraq
1271,0,0,0.0,1,0,3,1,7271,0,6,0.0,1,0.0,Tupac Amaru Revolutionary Movement (MRTA)
1272,0,0,1.0,1,0,2,14,27,0,5,0.0,1,0.0,Fulani extremists
1273,0,0,0.0,1,0,3,12,2986,0,6,0.0,1,0.0,Houthi extremists (Ansar Allah)
1274,0,0,0.0,1,0,3,3,899,0,6,0.0,1,0.0,Basque Fatherland and Freedom (ETA)
1275,0,0,0.0,1,0,1,17,3273,0,5,1.0,0,0.0,Irish Republican Army (IRA)
1276,0,0,1.0,1,0,2,14,27,0,5,50.0,1,0.0,Fulani extremists
1277,0,0,0.0,1,0,3,19,3807,0,6,0.0,1,0.0,Liberation Tigers of Tamil Eelam (LTTE)
1278,0,0,0.0,1,0,3,19,56,0,6,12.0,1,0.0,Sikh Extremists
1279,0,0,0.0,1,0,3,2,6732,0,6,0.0,0,0.0,Taliban
1280,0,1,0.0,1,0,3,3,162,0,6,1.0,1,0.0,Communist Party of India - Maoist (CPI-Maoist)
1281,0,0,0.0,1,0,1,4,1037,0,6,1.0,1,0.0,Al-Qaida in the Arabian Peninsula (AQAP)
1282,0,0,0.0,1,0,3,14,6909,0,6,0.0,1,0.0,Tehrik-i-Taliban Pakistan (TTP)
1283,0,0,0.0,1,0,6,2,1118,0,5,1.0,0,1.0,Al-Qaida in the Arabian Peninsula (AQAP)
1284,0,0,0.0,1,0,3,3,574,0,5,1.0,1,0.0,African National Congress (South Africa)
1285,0,0,0.0,1,0,7,10,801,0,9,0.0,1,0.0,Muslim extremists
1286,0,0,1.0,1,0,3,1,4068,0,6,0.0,1,0.0,Manuel Rodriguez Patriotic Front (FPMR)
1287,0,0,0.0,1,0,3,11,5358,0,5,1.0,1,0.0,Nicaraguan Democratic Force (FDN)
1288,0,0,0.0,1,0,3,14,908,0,6,0.0,1,0.0,Muslim extremists
1289,0,1,0.0,1,0,2,2,2052,0,9,1.0,-9,0.0,Communist Party of India - Maoist (CPI-Maoist)
1290,0,0,0.0,1,0,2,4,803,0,5,19.0,1,0.0,Nicaraguan Democratic Force (FDN)
1291,0,0,0.0,1,0,1,4,3316,0,5,1.0,0,0.0,Irish Republican Army (IRA)
1292,0,0,0.0,1,0,3,4,162,0,6,5.0,1,0.0,National Liberation Army of Colombia (ELN)
1293,0,0,0.0,0,1,3,4,48,0,6,1.0,0,0.0,Islamic State of Iraq and the Levant (ISIL)
1294,0,0,1.0,1,0,3,14,2387,0,6,0.0,1,0.0,Corsican National Liberation Front (FLNC)
1295,0,0,1.0,1,0,7,14,27,0,8,1.0,1,0.0,Fulani extremists
1296,0,0,1.0,1,0,2,4,5359,0,5,1.0,1,0.0,Nicaraguan Democratic Force (FDN)
1297,0,0,0.0,1,0,1,2,2793,0,6,0.0,1,0.0,Farabundo Marti National Liberation Front (FMLN)
1298,0,1,0.0,1,0,2,1,5960,0,8,0.0,1,0.0,Revolutionary Armed Forces of Colombia (FARC)
1299,0,0,0.0,1,0,3,3,175,0,6,1.0,0,0.0,Kurdistan Workers' Party (PKK)
1300,0,0,0.0,1,0,1,14,5661,0,5,1.0,0,0.0,Palestinians
1301,0,0,0.0,1,0,3,4,450,0,6,0.0,1,0.0,African National Congress (South Africa)
1302,0,0,0.0,1,0,2,4,268,0,5,1.0,1,0.0,Al-Shabaab
1303,0,0,1.0,1,0,3,1,6943,0,6,0.0,1,0.0,Tehrik-i-Taliban Pakistan (TTP)
1304,0,0,0.0,0,0,3,20,6,0,6,0.0,0,0.0,New People's Army (NPA)
1305,0,0,1.0,1,0,2,14,27,0,5,4.0,1,0.0,Fulani extremists
1306,0,0,0.0,1,1,3,14,1327,0,6,9.0,0,0.0,Islamic State of Iraq and the Levant (ISIL)
1307,0,0,0.0,0,0,3,20,6,0,6,0.0,0,0.0,Maoists
1308,0,1,0.0,1,0,3,4,2560,0,6,0.0,-9,0.0,Donetsk People's Republic
1309,0,0,0.0,1,0,2,14,6561,0,5,6.0,0,0.0,Sikh Extremists
1310,0,0,0.0,1,0,7,10,801,0,8,0.0,1,0.0,Donetsk People's Republic
1311,0,0,0.0,1,0,3,18,5654,0,6,0.0,1,0.0,Palestinians
1312,0,0,0.0,1,0,2,4,6991,0,5,7.0,-9,0.0,Tehrik-i-Taliban Pakistan (TTP)
1313,0,1,0.0,1,0,3,3,330,0,6,3.0,1,0.0,Muslim extremists
1314,0,0,0.0,1,0,1,14,6443,0,5,3.0,0,0.0,Sikh Extremists
1315,1,0,0.0,1,0,6,2,4920,0,5,0.0,0,1.0,National Liberation Army of Colombia (ELN)
1316,0,0,0.0,1,0,2,3,3935,0,5,1.0,0,0.0,Liberation Tigers of Tamil Eelam (LTTE)
1317,0,0,0.0,1,0,1,3,419,0,5,3.0,0,0.0,African National Congress (South Africa)
1318,0,0,1.0,1,0,3,14,1327,0,6,0.0,-9,0.0,Houthi extremists (Ansar Allah)
1319,0,1,0.0,1,0,3,4,330,0,6,0.0,0,0.0,Muslim extremists
1320,0,0,0.0,1,0,2,3,1096,0,5,6.0,1,0.0,Al-Qaida in the Arabian Peninsula (AQAP)
1321,0,0,0.0,1,0,3,1,6228,0,6,0.0,1,0.0,Shining Path (SL)
1322,0,0,0.0,1,0,3,14,1292,0,6,2.0,-9,0.0,Houthi extremists (Ansar Allah)
1323,0,0,0.0,1,0,1,14,3188,0,5,1.0,0,0.0,Irish Republican Army (IRA)
1324,0,0,0.0,1,0,2,4,6724,0,5,7.0,0,0.0,Taliban
1325,0,0,0.0,1,0,1,17,5676,0,5,3.0,0,0.0,Palestinians
1326,0,0,0.0,1,0,2,4,803,0,5,3.0,1,0.0,Revolutionary Armed Forces of Colombia (FARC)
1327,0,0,1.0,1,0,3,14,2349,0,6,0.0,1,0.0,Corsican National Liberation Front (FLNC)
1328,0,0,0.0,1,0,2,3,175,0,5,0.0,1,0.0,Tupac Amaru Revolutionary Movement (MRTA)
1329,0,0,0.0,1,0,2,3,2717,0,5,1.0,1,0.0,Farabundo Marti National Liberation Front (FMLN)
1330,0,0,1.0,1,0,3,2,1832,0,6,0.0,1,0.0,Boko Haram
1331,0,0,0.0,1,0,3,14,730,0,6,8.0,1,0.0,Sikh Extremists
1332,0,0,0.0,1,0,3,2,2466,0,6,0.0,0,0.0,Corsican National Liberation Front (FLNC)
1333,0,0,0.0,0,0,3,21,4943,0,6,0.0,1,0.0,National Liberation Army of Colombia (ELN)
1334,0,0,0.0,1,0,2,14,205,0,5,1.0,1,0.0,Farabundo Marti National Liberation Front (FMLN)
1335,0,0,0.0,1,0,3,7,579,0,6,0.0,1,0.0,African National Congress (South Africa)
1336,0,0,0.0,1,0,3,17,3012,0,6,7.0,1,0.0,Houthi extremists (Ansar Allah)
1337,0,0,0.0,1,1,3,15,215,0,6,2.0,0,0.0,Boko Haram
1338,1,0,1.0,1,0,6,14,4308,0,5,1.0,0,1.0,Maoists
1339,0,1,0.0,1,0,2,4,972,0,5,6.0,-9,0.0,Al-Qaida in the Arabian Peninsula (AQAP)
1340,0,0,0.0,0,0,3,20,6,0,6,1.0,0,0.0,Kurdistan Workers' Party (PKK)
1341,0,0,1.0,1,0,3,1,1077,0,6,0.0,1,0.0,Corsican National Liberation Front (FLNC)
1342,0,0,0.0,1,0,5,10,801,0,5,0.0,1,1.0,Tupac Amaru Revolutionary Movement (MRTA)
1343,0,0,0.0,1,0,3,2,5343,0,5,1.0,1,0.0,Nicaraguan Democratic Force (FDN)
1344,0,0,0.0,1,0,3,14,13,0,6,7.0,1,0.0,Tehrik-i-Taliban Pakistan (TTP)
1345,0,0,0.0,1,0,3,20,6208,0,6,0.0,1,0.0,Shining Path (SL)
1346,0,0,0.0,1,0,2,14,5569,0,5,13.0,1,0.0,Sikh Extremists
1347,0,0,0.0,1,0,3,3,4637,0,6,0.0,0,0.0,Muslim extremists
1348,0,0,0.0,1,0,2,3,514,0,5,1.0,1,0.0,Tupac Amaru Revolutionary Movement (MRTA)
1349,0,0,1.0,0,0,7,1,2553,0,8,0.0,1,0.0,Irish Republican Army (IRA)
1350,0,0,0.0,1,0,2,4,20,0,5,4.0,0,0.0,Tehrik-i-Taliban Pakistan (TTP)
1351,0,0,0.0,1,0,3,21,4800,0,6,0.0,1,0.0,Revolutionary Armed Forces of Colombia (FARC)
1352,0,0,0.0,1,0,3,4,1352,0,6,1.0,1,0.0,Al-Shabaab
1353,0,0,0.0,1,0,6,3,6937,0,5,0.0,0,1.0,Tehrik-i-Taliban Pakistan (TTP)
1354,0,0,1.0,1,0,3,3,12,0,6,0.0,1,0.0,Al-Qaida in Iraq
1355,0,0,0.0,1,0,2,12,1112,0,5,0.0,1,0.0,Al-Qaida in the Arabian Peninsula (AQAP)
1356,0,0,0.0,1,0,7,14,59,0,8,0.0,1,0.0,National Liberation Army of Colombia (ELN)
1357,1,0,0.0,1,0,6,1,5854,0,5,0.0,0,1.0,Revolutionary Armed Forces of Colombia (FARC)
1358,0,0,0.0,1,0,1,2,1524,0,5,1.0,0,0.0,Basque Fatherland and Freedom (ETA)
1359,0,1,0.0,1,0,2,14,27,0,5,27.0,1,0.0,Liberation Tigers of Tamil Eelam (LTTE)
1360,0,0,1.0,1,0,3,4,48,0,6,0.0,-9,0.0,Donetsk People's Republic
1361,1,0,0.0,1,0,6,3,4781,0,5,1.0,0,1.0,National Liberation Army of Colombia (ELN)
1362,0,0,0.0,1,0,2,14,27,0,5,2.0,1,0.0,Fulani extremists
1363,0,0,0.0,1,0,2,4,803,0,5,3.0,1,0.0,Kurdistan Workers' Party (PKK)
1364,0,0,0.0,1,0,3,1,826,0,6,4.0,1,0.0,Islamic State of Iraq and the Levant (ISIL)
1365,0,0,0.0,1,0,3,16,2485,0,6,0.0,1,0.0,Corsican National Liberation Front (FLNC)
1366,0,0,0.0,1,0,3,3,85,0,6,1.0,0,0.0,Maoists
1367,0,0,0.0,1,0,3,14,1812,0,6,0.0,-9,0.0,Donetsk People's Republic
1368,0,0,0.0,1,0,3,1,605,0,6,0.0,1,0.0,African National Congress (South Africa)
1369,0,0,0.0,1,0,1,2,4442,0,9,1.0,0,0.0,Maoists
1370,0,0,0.0,0,0,3,1,204,0,6,0.0,0,0.0,Abu Sayyaf Group (ASG)
1371,0,1,0.0,1,0,2,4,48,0,6,0.0,-9,0.0,Donetsk People's Republic
1372,0,0,0.0,1,0,2,1,2851,0,5,3.0,1,0.0,National Liberation Army of Colombia (ELN)
1373,0,0,0.0,1,0,6,2,3827,0,5,0.0,0,1.0,Liberation Tigers of Tamil Eelam (LTTE)
1374,0,0,0.0,1,0,1,8,3555,0,5,1.0,0,0.0,Kurdistan Workers' Party (PKK)
1375,0,0,0.0,1,0,3,1,801,0,6,0.0,1,0.0,Manuel Rodriguez Patriotic Front (FPMR)
1376,0,1,0.0,1,0,1,3,6524,0,5,1.0,0,0.0,Sikh Extremists
1377,1,0,0.0,1,0,6,14,5678,0,5,1.0,0,1.0,Palestinians
1378,0,0,0.0,1,0,3,1,1769,0,6,0.0,1,0.0,Manuel Rodriguez Patriotic Front (FPMR)
1379,0,0,1.0,1,0,3,19,1968,0,6,0.0,1,0.0,Communist Party of India - Maoist (CPI-Maoist)
1380,0,0,0.0,1,1,3,3,6,0,6,4.0,-9,0.0,Al-Qaida in Iraq
1381,0,0,1.0,1,0,3,1,1077,0,6,0.0,1,0.0,Tupac Amaru Revolutionary Movement (MRTA)
1382,0,0,0.0,1,0,3,14,1812,0,6,7.0,1,0.0,Houthi extremists (Ansar Allah)
1383,0,0,0.0,1,0,2,19,1960,0,5,0.0,1,0.0,Communist Party of India - Maoist (CPI-Maoist)
1384,0,0,0.0,1,0,2,19,6463,0,5,62.0,1,0.0,Sikh Extremists
1385,1,0,0.0,1,0,6,10,7284,0,5,1.0,0,1.0,Tupac Amaru Revolutionary Movement (MRTA)
1386,0,0,0.0,1,1,1,4,851,0,6,6.0,-9,0.0,Al-Qaida in Iraq
1387,0,0,0.0,1,0,3,19,233,0,6,0.0,1,0.0,National Liberation Army of Colombia (ELN)
1388,0,1,0.0,1,0,2,4,2660,0,5,30.0,1,0.0,Nicaraguan Democratic Force (FDN)
1389,0,0,0.0,1,0,7,14,3303,0,8,0.0,1,0.0,Irish Republican Army (IRA)
1390,0,0,0.0,1,0,1,1,1531,0,5,1.0,0,0.0,Basque Fatherland and Freedom (ETA)
1391,0,0,1.0,1,1,3,14,730,0,6,6.0,0,0.0,Boko Haram
1392,0,0,0.0,1,0,2,3,175,0,5,0.0,1,0.0,Palestinians
1393,0,0,0.0,1,0,1,2,2687,0,5,0.0,1,0.0,Farabundo Marti National Liberation Front (FMLN)
1394,0,0,0.0,1,0,2,4,3292,0,5,1.0,0,0.0,Irish Republican Army (IRA)
1395,0,0,0.0,1,0,2,4,3628,0,5,1.0,0,0.0,Kurdistan Workers' Party (PKK)
1396,0,0,1.0,1,1,3,3,20,0,6,6.0,1,0.0,Al-Qaida in Iraq
1397,0,0,0.0,1,0,3,14,7334,0,6,0.0,1,0.0,Tupac Amaru Revolutionary Movement (MRTA)
1398,0,0,0.0,1,0,7,16,5080,0,8,0.0,1,0.0,New People's Army (NPA)
1399,0,0,1.0,1,0,3,3,777,0,6,2.0,-9,0.0,Al-Qaida in Iraq
1400,0,0,0.0,1,0,3,1,492,0,6,1.0,1,0.0,African National Congress (South Africa)
1401,0,0,0.0,1,0,3,3,2050,0,6,1.0,1,0.0,Communist Party of India - Maoist (CPI-Maoist)
1402,0,0,0.0,1,0,3,19,791,0,6,11.0,1,0.0,Taliban
1403,0,0,1.0,1,0,2,14,27,0,5,0.0,1,0.0,Fulani extremists
1404,0,0,1.0,1,0,2,14,2883,0,9,3.0,0,0.0,Fulani extremists
1405,0,0,0.0,1,0,2,4,4875,0,5,1.0,1,0.0,National Liberation Army of Colombia (ELN)
1406,0,0,0.0,1,0,2,19,56,0,8,0.0,1,0.0,Manuel Rodriguez Patriotic Front (FPMR)
1407,0,0,0.0,1,0,1,2,1028,0,5,1.0,0,0.0,Al-Qaida in the Arabian Peninsula (AQAP)
1408,0,0,0.0,1,0,8,4,12,0,9,0.0,1,0.0,Palestinians
1409,1,0,0.0,1,0,6,2,978,0,5,1.0,0,1.0,Al-Qaida in the Arabian Peninsula (AQAP)
1410,0,0,0.0,1,0,3,3,458,0,6,0.0,1,0.0,African National Congress (South Africa)
1411,0,0,0.0,1,0,2,4,5121,0,5,0.0,1,0.0,New People's Army (NPA)
1412,0,0,0.0,0,0,4,11,119,0,5,0.0,1,0.0,Abu Sayyaf Group (ASG)
1413,0,0,0.0,1,0,3,14,3447,0,6,0.0,1,0.0,Islamic State of Iraq and the Levant (ISIL)
1414,0,0,1.0,1,0,3,14,7223,0,6,0.0,1,0.0,Tupac Amaru Revolutionary Movement (MRTA)
1415,0,0,0.0,1,0,1,2,6166,0,6,0.0,1,0.0,Shining Path (SL)
1416,0,0,0.0,1,0,2,2,5370,0,5,3.0,1,0.0,Nicaraguan Democratic Force (FDN)
1417,0,0,0.0,1,0,5,14,13,0,5,0.0,0,1.0,Muslim extremists
1418,0,1,1.0,1,0,2,4,48,0,6,0.0,-9,0.0,Donetsk People's Republic
1419,0,0,0.0,1,0,2,3,681,0,5,1.0,1,0.0,Kurdistan Workers' Party (PKK)
1420,0,0,0.0,1,0,3,14,1257,0,6,0.0,1,0.0,Houthi extremists (Ansar Allah)
1421,0,0,0.0,1,0,3,14,6807,0,6,4.0,1,0.0,Taliban
1422,0,0,0.0,1,0,8,8,2935,0,9,0.0,0,0.0,Houthi extremists (Ansar Allah)
1423,0,0,0.0,0,0,1,2,5597,0,6,0.0,0,0.0,Palestinians
1424,0,0,1.0,0,0,2,4,172,0,5,2.0,0,0.0,Taliban
1425,0,0,0.0,1,0,3,4,3735,0,6,3.0,-9,0.0,Liberation Tigers of Tamil Eelam (LTTE)
1426,0,0,1.0,1,0,3,14,1222,0,6,1.0,1,0.0,Houthi extremists (Ansar Allah)
1427,0,0,0.0,1,0,2,3,5869,0,5,2.0,0,0.0,Revolutionary Armed Forces of Colombia (FARC)
1428,0,0,0.0,1,0,3,3,330,0,6,10.0,1,0.0,Revolutionary Armed Forces of Colombia (FARC)
1429,0,0,0.0,1,0,3,14,27,0,6,3.0,-9,0.0,Islamic State of Iraq and the Levant (ISIL)
1430,0,0,0.0,1,0,3,1,113,0,6,2.0,1,0.0,Abu Sayyaf Group (ASG)
1431,0,1,0.0,1,0,3,21,5926,0,6,0.0,1,0.0,Revolutionary Armed Forces of Colombia (FARC)
1432,0,1,0.0,1,0,2,19,56,0,5,4.0,1,0.0,Revolutionary Armed Forces of Colombia (FARC)
1433,0,0,0.0,1,0,1,14,1318,0,6,1.0,-9,0.0,Al-Shabaab
1434,0,0,0.0,1,0,2,2,5191,0,5,1.0,0,0.0,New People's Army (NPA)
1435,0,0,0.0,1,0,3,15,5513,0,6,0.0,1,0.0,Palestinians
1436,0,1,0.0,1,0,3,2,160,0,6,0.0,1,0.0,Abu Sayyaf Group (ASG)
1437,0,0,0.0,1,0,3,4,162,0,6,0.0,-9,0.0,Al-Shabaab
1438,0,0,0.0,1,0,2,22,510,0,5,0.0,1,0.0,African National Congress (South Africa)
1439,0,0,0.0,1,0,2,3,5969,0,5,0.0,-9,0.0,Revolutionary Armed Forces of Colombia (FARC)
1440,0,0,0.0,1,0,1,14,5681,0,9,1.0,0,0.0,Palestinians
1441,1,1,0.0,1,0,6,14,4603,0,5,1.0,0,1.0,Muslim extremists
1442,0,0,0.0,1,0,2,15,1842,0,5,8.0,1,0.0,Boko Haram
1443,0,0,0.0,1,0,3,3,1538,0,6,0.0,1,0.0,Irish Republican Army (IRA)
1444,0,0,0.0,1,0,2,4,4346,0,5,5.0,-9,0.0,Tehrik-i-Taliban Pakistan (TTP)
1445,0,0,0.0,1,0,3,1,755,0,6,1.0,-9,0.0,Islamic State of Iraq and the Levant (ISIL)
1446,0,0,1.0,1,0,3,2,6265,0,6,0.0,1,0.0,Shining Path (SL)
1447,0,0,0.0,1,0,3,4,48,0,6,2.0,1,0.0,Islamic State of Iraq and the Levant (ISIL)
1448,0,0,0.0,0,0,1,14,5578,0,9,0.0,0,0.0,Palestinians
1449,0,0,0.0,0,0,7,1,3087,0,8,0.0,1,0.0,Irish Republican Army (IRA)
1450,0,0,0.0,1,0,2,14,6021,0,5,1.0,1,0.0,Revolutionary Armed Forces of Colombia (FARC)
1451,0,0,0.0,1,0,3,4,1303,0,6,1.0,1,0.0,Al-Shabaab
1452,0,0,0.0,1,0,2,2,2910,0,5,0.0,1,0.0,Fulani extremists
1453,0,0,0.0,1,0,2,4,5099,0,5,1.0,0,0.0,New People's Army (NPA)
1454,0,0,0.0,0,0,3,14,5659,0,6,0.0,0,0.0,Palestinians
1455,0,0,1.0,1,0,3,4,4760,0,6,0.0,1,0.0,National Liberation Army of Colombia (ELN)
1456,0,0,0.0,1,0,3,4,167,0,6,0.0,0,0.0,Al-Qaida in the Arabian Peninsula (AQAP)
1457,0,0,1.0,1,0,3,1,755,0,6,6.0,1,0.0,Al-Qaida in Iraq
1458,0,0,1.0,1,0,3,4,2690,0,6,1.0,1,0.0,Farabundo Marti National Liberation Front (FMLN)
1459,0,0,0.0,1,0,3,3,557,0,6,8.0,1,0.0,Liberation Tigers of Tamil Eelam (LTTE)
1460,0,0,1.0,1,0,3,21,4083,0,6,0.0,1,0.0,Manuel Rodriguez Patriotic Front (FPMR)
1461,0,0,1.0,1,0,3,14,13,0,6,0.0,-9,0.0,Al-Qaida in Iraq
1462,0,0,0.0,1,0,3,14,1888,0,6,2.0,0,0.0,Islamic State of Iraq and the Levant (ISIL)
1463,0,0,0.0,1,0,1,14,3302,0,5,1.0,0,0.0,Irish Republican Army (IRA)
1464,0,0,0.0,1,0,2,3,4683,0,5,1.0,0,0.0,Muslim extremists
1465,0,0,0.0,1,0,2,3,1597,0,5,2.0,0,0.0,Basque Fatherland and Freedom (ETA)
1466,0,0,0.0,1,0,2,14,1254,0,5,1.0,0,0.0,Al-Shabaab
1467,0,0,0.0,1,0,2,14,27,0,5,4.0,1,0.0,Boko Haram
1468,0,0,0.0,0,0,3,2,4222,0,6,0.0,1,0.0,Manuel Rodriguez Patriotic Front (FPMR)
1469,0,0,0.0,1,0,1,4,5723,0,9,1.0,0,0.0,Palestinians
1470,0,0,1.0,1,0,3,21,4117,0,6,1.0,1,0.0,Manuel Rodriguez Patriotic Front (FPMR)
1471,0,0,0.0,1,0,2,4,5690,0,8,0.0,1,0.0,Palestinians
1472,0,0,1.0,1,0,3,21,4129,0,6,0.0,1,0.0,Manuel Rodriguez Patriotic Front (FPMR)
1473,0,0,0.0,1,0,1,1,3182,0,5,1.0,0,0.0,Irish Republican Army (IRA)
1474,0,0,0.0,1,0,1,2,1486,0,5,3.0,0,0.0,Basque Fatherland and Freedom (ETA)
1475,0,0,1.0,1,0,2,14,27,0,5,3.0,1,0.0,Fulani extremists
1476,0,0,0.0,1,0,2,4,5224,0,5,1.0,0,0.0,New People's Army (NPA)
1477,0,0,0.0,0,0,2,16,5063,0,5,0.0,0,0.0,New People's Army (NPA)
1478,0,0,1.0,1,0,2,1,5398,0,5,1.0,1,0.0,Nicaraguan Democratic Force (FDN)
1479,0,1,1.0,1,0,7,1,1557,0,8,0.0,1,0.0,Sikh Extremists
1480,0,0,0.0,1,0,2,2,6169,0,5,1.0,1,0.0,Shining Path (SL)
1481,0,0,0.0,1,0,2,3,419,0,5,0.0,1,0.0,African National Congress (South Africa)
1482,0,0,1.0,1,0,3,1,1077,0,6,0.0,1,0.0,Shining Path (SL)
1483,0,0,1.0,1,0,4,3,20,0,5,2.0,1,0.0,Islamic State of Iraq and the Levant (ISIL)
1484,0,0,1.0,1,0,2,14,13,0,5,6.0,1,0.0,Fulani extremists
1485,0,0,0.0,1,0,3,10,801,0,6,0.0,1,0.0,Islamic State of Iraq and the Levant (ISIL)
1486,0,0,0.0,1,0,2,4,5060,0,5,0.0,0,0.0,New People's Army (NPA)
1487,0,0,1.0,1,0,2,14,27,0,5,8.0,1,0.0,Donetsk People's Republic
1488,0,0,0.0,0,0,1,2,5994,0,6,0.0,0,0.0,Revolutionary Armed Forces of Colombia (FARC)
1489,0,0,0.0,1,0,1,14,6502,0,5,9.0,0,0.0,Sikh Extremists
1490,0,0,1.0,1,0,3,10,7195,0,5,0.0,1,0.0,Tupac Amaru Revolutionary Movement (MRTA)
1491,0,0,0.0,1,0,2,2,327,0,5,0.0,1,0.0,Maoists
1492,0,0,0.0,1,0,2,3,6724,0,5,7.0,0,0.0,Taliban
1493,0,0,1.0,1,0,3,17,172,0,6,0.0,0,0.0,Houthi extremists (Ansar Allah)
1494,0,0,0.0,1,0,3,21,4225,0,6,1.0,1,0.0,Manuel Rodriguez Patriotic Front (FPMR)
1495,0,0,0.0,1,0,1,2,2011,0,5,1.0,-9,0.0,Communist Party of India - Maoist (CPI-Maoist)
1496,0,0,0.0,1,0,2,21,2678,0,5,23.0,1,0.0,Farabundo Marti National Liberation Front (FMLN)
1497,0,1,0.0,1,0,2,22,305,0,5,6.0,0,0.0,African National Congress (South Africa)
1498,0,0,1.0,1,0,3,14,1257,0,6,0.0,1,0.0,Houthi extremists (Ansar Allah)
1499,0,0,0.0,1,0,7,19,2162,0,5,0.0,1,1.0,Communist Party of India - Maoist (CPI-Maoist)
1500,0,0,0.0,1,0,2,13,2595,0,5,1.0,1,0.0,Donetsk People's Republic
1501,0,0,0.0,1,0,2,4,5035,0,5,4.0,1,0.0,New People's Army (NPA)
1502,0,0,0.0,1,0,3,8,4137,0,6,1.0,1,0.0,Manuel Rodriguez Patriotic Front (FPMR)
1503,0,0,0.0,1,0,3,4,2390,0,6,0.0,1,0.0,Corsican National Liberation Front (FLNC)
1504,0,0,0.0,1,0,2,3,803,0,5,0.0,1,0.0,Revolutionary Armed Forces of Colombia (FARC)
1505,0,0,0.0,1,0,2,1,2221,0,5,1.0,0,0.0,Communist Party of India - Maoist (CPI-Maoist)
1506,0,0,1.0,1,0,3,3,85,0,6,2.0,-9,0.0,Al-Qaida in Iraq
1507,0,0,1.0,1,0,2,4,20,0,5,2.0,0,0.0,Kurdistan Workers' Party (PKK)
1508,0,0,0.0,1,0,3,8,1450,0,6,0.0,1,0.0,Basque Fatherland and Freedom (ETA)
1509,0,0,0.0,1,0,2,14,6552,0,5,3.0,1,0.0,Sikh Extremists
1510,0,0,0.0,1,0,2,4,2149,0,5,2.0,0,0.0,Communist Party of India - Maoist (CPI-Maoist)
1511,0,0,0.0,1,0,3,2,801,0,6,0.0,1,0.0,Corsican National Liberation Front (FLNC)
1512,0,0,0.0,1,0,3,1,2403,0,6,0.0,1,0.0,Corsican National Liberation Front (FLNC)
1513,0,0,0.0,1,0,3,2,1286,0,6,0.0,1,0.0,Al-Shabaab
1514,0,0,0.0,1,0,2,14,908,0,9,1.0,0,0.0,Taliban
1515,0,0,1.0,1,0,3,4,3227,0,6,1.0,1,0.0,Irish Republican Army (IRA)
1516,0,0,0.0,1,0,2,3,4446,0,5,1.0,1,0.0,Sikh Extremists
1517,0,0,0.0,1,0,2,4,20,0,5,27.0,0,0.0,Taliban
1518,0,1,0.0,1,0,3,14,766,0,6,7.0,1,0.0,Al-Qaida in Iraq
1519,0,0,0.0,1,0,7,8,6965,0,8,0.0,1,0.0,Tehrik-i-Taliban Pakistan (TTP)
1520,0,0,0.0,1,0,1,4,3129,0,5,1.0,0,0.0,Irish Republican Army (IRA)
1521,0,0,0.0,1,0,2,3,6155,0,5,1.0,1,0.0,Shining Path (SL)
1522,0,0,0.0,1,0,3,14,4146,0,6,0.0,1,0.0,Manuel Rodriguez Patriotic Front (FPMR)
1523,0,0,1.0,0,0,3,6,1113,0,6,0.0,0,0.0,Al-Qaida in the Arabian Peninsula (AQAP)
1524,0,0,1.0,1,0,3,2,5101,0,6,0.0,1,0.0,New People's Army (NPA)
1525,0,1,0.0,1,0,2,4,12,0,5,7.0,0,0.0,Al-Qaida in the Arabian Peninsula (AQAP)
1526,0,0,0.0,1,0,3,1,755,0,6,0.0,1,0.0,Al-Shabaab
1527,1,1,0.0,1,0,6,11,117,0,6,0.0,0,1.0,Abu Sayyaf Group (ASG)
1528,0,0,1.0,1,0,3,4,12,0,6,0.0,-9,0.0,Islamic State of Iraq and the Levant (ISIL)
1529,0,0,0.0,1,0,3,4,3256,0,6,2.0,1,0.0,Irish Republican Army (IRA)
1530,0,0,0.0,1,0,3,4,12,0,6,1.0,0,0.0,Al-Shabaab
1531,0,0,1.0,1,0,3,4,48,0,6,1.0,0,0.0,Taliban
1532,0,0,0.0,1,0,2,4,5054,0,5,1.0,1,0.0,New People's Army (NPA)
1533,0,0,0.0,1,0,1,3,6615,0,5,1.0,0,0.0,Sikh Extremists
1534,0,0,0.0,0,0,3,20,6,0,6,0.0,0,0.0,Al-Qaida in the Arabian Peninsula (AQAP)
1535,0,1,0.0,1,0,2,19,6581,0,5,1.0,1,0.0,Sikh Extremists
1536,0,0,1.0,1,0,3,14,2349,0,6,0.0,1,0.0,Corsican National Liberation Front (FLNC)
1537,0,0,1.0,1,0,2,14,27,0,5,4.0,0,0.0,Fulani extremists
1538,0,1,0.0,1,0,2,4,48,0,5,2.0,0,0.0,Al-Shabaab
1539,0,0,0.0,1,0,1,14,3848,0,5,5.0,0,0.0,Sikh Extremists
1540,0,0,0.0,1,0,3,4,12,0,6,4.0,-9,0.0,Maoists
1541,0,0,1.0,1,0,3,21,2700,0,6,0.0,1,0.0,Farabundo Marti National Liberation Front (FMLN)
1542,0,1,0.0,1,0,2,4,48,0,5,0.0,0,0.0,New People's Army (NPA)
1543,0,0,1.0,1,0,7,14,27,0,8,1.0,1,0.0,Fulani extremists
1544,0,0,0.0,1,0,3,3,1279,0,6,1.0,0,0.0,Al-Shabaab
1545,0,0,0.0,1,0,2,3,1850,0,5,7.0,0,0.0,Boko Haram
1546,0,0,0.0,1,0,3,4,803,0,6,0.0,1,0.0,Al-Shabaab
1547,0,0,0.0,1,0,2,4,2660,0,5,1.0,1,0.0,Nicaraguan Democratic Force (FDN)
1548,0,0,0.0,1,0,3,4,3757,0,6,2.0,1,0.0,Liberation Tigers of Tamil Eelam (LTTE)
1549,0,0,0.0,0,0,3,20,6,0,6,0.0,0,0.0,Abu Sayyaf Group (ASG)
1550,0,0,0.0,1,0,2,2,1307,0,5,2.0,0,0.0,Al-Shabaab
1551,0,0,0.0,1,0,2,4,803,0,5,4.0,1,0.0,Kurdistan Workers' Party (PKK)
1552,0,0,1.0,1,0,3,1,1557,0,6,0.0,1,0.0,Corsican National Liberation Front (FLNC)
1553,0,0,0.0,1,0,3,1,2463,0,6,0.0,1,0.0,Corsican National Liberation Front (FLNC)
1554,0,0,0.0,1,0,3,14,1332,0,6,1.0,1,0.0,Al-Shabaab
1555,0,0,0.0,1,0,2,14,6601,0,5,14.0,0,0.0,Sikh Extremists
1556,0,0,0.0,1,0,3,21,4800,0,6,0.0,1,0.0,National Liberation Army of Colombia (ELN)
1557,0,0,0.0,1,1,3,4,20,0,6,2.0,0,0.0,Islamic State of Iraq and the Levant (ISIL)
1558,0,0,1.0,1,0,3,21,1575,0,6,0.0,1,0.0,Farabundo Marti National Liberation Front (FMLN)
1559,0,0,0.0,1,0,3,2,2561,0,6,1.0,1,0.0,Donetsk People's Republic
1560,0,0,1.0,1,0,3,21,1575,0,6,0.0,1,0.0,Shining Path (SL)
1561,0,1,0.0,1,0,2,14,13,0,5,19.0,1,0.0,Boko Haram
1562,0,0,0.0,1,0,7,8,6965,0,8,0.0,1,0.0,Tehrik-i-Taliban Pakistan (TTP)
1563,1,0,0.0,1,0,6,14,6033,0,5,0.0,0,1.0,Revolutionary Armed Forces of Colombia (FARC)
1564,0,0,0.0,0,0,3,14,4611,0,6,1.0,-9,0.0,Muslim extremists
1565,0,0,0.0,1,0,3,2,3660,0,6,0.0,1,0.0,Kurdistan Workers' Party (PKK)
1566,0,0,0.0,1,0,3,14,3197,0,6,0.0,1,0.0,Irish Republican Army (IRA)
1567,0,0,1.0,1,0,2,14,27,0,6,5.0,0,0.0,Al-Shabaab
1568,0,1,0.0,1,0,2,4,4314,0,5,10.0,0,0.0,Maoists
1569,0,0,0.0,1,0,3,14,3541,0,6,2.0,1,0.0,Kurdistan Workers' Party (PKK)
1570,0,0,1.0,1,0,2,4,48,0,6,14.0,-9,0.0,Houthi extremists (Ansar Allah)
1571,1,0,0.0,1,0,6,1,184,0,5,1.0,1,1.0,Abu Sayyaf Group (ASG)
1572,0,0,0.0,1,0,3,14,745,0,6,3.0,0,0.0,Al-Qaida in Iraq
1573,0,0,0.0,1,0,2,3,2716,0,5,0.0,1,0.0,Sikh Extremists
1574,0,0,0.0,1,0,3,1,6170,0,6,1.0,1,0.0,Shining Path (SL)
1575,0,0,0.0,1,0,2,14,3575,0,5,3.0,1,0.0,Kurdistan Workers' Party (PKK)
1576,0,0,0.0,1,0,3,3,291,0,6,6.0,1,0.0,Taliban
1577,0,0,0.0,1,0,2,17,20,0,5,4.0,0,0.0,Al-Qaida in Iraq
1578,0,0,0.0,1,0,3,4,4446,0,6,0.0,1,0.0,Palestinians
1579,0,0,1.0,1,0,7,22,801,0,8,0.0,1,0.0,Communist Party of India - Maoist (CPI-Maoist)
1580,1,1,0.0,1,0,2,4,2591,0,5,10.0,0,-9.0,Donetsk People's Republic
1581,0,0,0.0,1,0,1,2,524,0,6,0.0,0,0.0,African National Congress (South Africa)
1582,0,0,0.0,1,0,3,2,219,0,6,0.0,1,0.0,Communist Party of India - Maoist (CPI-Maoist)
1583,0,0,0.0,1,0,2,4,2660,0,5,1.0,1,0.0,Nicaraguan Democratic Force (FDN)
1584,1,0,0.0,1,0,6,14,5677,0,9,1.0,0,1.0,Palestinians
1585,0,0,0.0,1,0,3,3,516,0,6,3.0,1,0.0,African National Congress (South Africa)
1586,0,0,0.0,1,0,3,4,520,0,6,0.0,1,0.0,African National Congress (South Africa)
1587,0,1,1.0,1,0,2,14,13,0,5,9.0,1,0.0,Fulani extremists
1588,0,0,1.0,1,0,3,14,1327,0,6,3.0,-9,0.0,Islamic State of Iraq and the Levant (ISIL)
1589,0,0,0.0,1,0,2,14,6304,0,5,3.0,1,0.0,Shining Path (SL)
1590,0,0,1.0,1,0,3,21,2710,0,6,1.0,1,0.0,Shining Path (SL)
1591,0,0,0.0,1,0,3,1,2402,0,6,0.0,1,0.0,Corsican National Liberation Front (FLNC)
1592,0,0,1.0,1,0,3,16,2431,0,6,0.0,1,0.0,Corsican National Liberation Front (FLNC)
1593,0,0,1.0,1,0,2,4,5069,0,5,0.0,0,0.0,New People's Army (NPA)
1594,0,0,0.0,1,0,3,4,327,0,6,2.0,1,0.0,Islamic State of Iraq and the Levant (ISIL)
1595,0,0,0.0,1,0,3,15,3483,0,6,0.0,1,0.0,Islamic State of Iraq and the Levant (ISIL)
1596,0,0,0.0,1,0,3,3,330,0,6,4.0,1,0.0,Taliban
1597,0,0,1.0,1,0,2,4,20,0,5,9.0,1,0.0,Tehrik-i-Taliban Pakistan (TTP)
1598,0,0,0.0,1,0,1,3,1115,0,5,2.0,1,0.0,Al-Qaida in the Arabian Peninsula (AQAP)
1599,0,1,0.0,1,0,2,3,2037,0,5,2.0,-9,0.0,Communist Party of India - Maoist (CPI-Maoist)
1600,0,0,1.0,1,0,3,14,1888,0,6,3.0,1,0.0,Donetsk People's Republic
1601,0,0,0.0,1,0,3,4,1107,0,6,0.0,1,0.0,Al-Qaida in the Arabian Peninsula (AQAP)
1602,0,0,1.0,1,0,3,3,175,0,6,5.0,0,0.0,Al-Qaida in Iraq
1603,0,1,0.0,0,0,1,14,5648,0,9,0.0,0,0.0,Palestinians
1604,0,0,0.0,1,0,1,3,1644,0,5,1.0,0,0.0,Basque Fatherland and Freedom (ETA)
1605,0,0,0.0,1,0,2,2,5445,0,5,4.0,1,1.0,Nicaraguan Democratic Force (FDN)
1606,0,0,0.0,1,0,3,3,3861,0,6,0.0,-9,0.0,Liberation Tigers of Tamil Eelam (LTTE)
1607,0,0,0.0,1,0,3,7,4867,0,6,0.0,1,0.0,National Liberation Army of Colombia (ELN)
1608,0,0,1.0,1,0,3,2,746,0,6,2.0,1,0.0,Al-Qaida in Iraq
1609,0,0,1.0,1,0,2,2,1025,0,6,6.0,1,0.0,Al-Qaida in the Arabian Peninsula (AQAP)
1610,0,0,0.0,1,0,2,10,7287,0,5,0.0,1,0.0,Tupac Amaru Revolutionary Movement (MRTA)
1611,0,0,1.0,1,0,3,9,7249,0,6,1.0,1,0.0,Tupac Amaru Revolutionary Movement (MRTA)
1612,0,0,0.0,1,0,6,14,908,0,9,1.0,0,1.0,Al-Shabaab
1613,0,0,0.0,1,0,2,4,2660,0,5,1.0,1,0.0,Farabundo Marti National Liberation Front (FMLN)
1614,0,0,0.0,0,0,3,22,427,0,6,0.0,1,0.0,Manuel Rodriguez Patriotic Front (FPMR)
1615,0,0,0.0,1,0,2,14,13,0,5,2.0,0,0.0,Tehrik-i-Taliban Pakistan (TTP)
1616,0,0,0.0,1,0,1,14,5055,0,5,1.0,0,0.0,New People's Army (NPA)
1617,0,0,0.0,1,0,3,21,483,0,6,0.0,1,0.0,African National Congress (South Africa)
1618,0,0,0.0,0,0,3,3,85,0,6,0.0,0,0.0,Maoists
1619,0,1,1.0,1,1,3,4,2958,0,6,23.0,0,0.0,Islamic State of Iraq and the Levant (ISIL)
1620,0,0,1.0,1,0,7,8,51,0,8,0.0,1,0.0,Kurdistan Workers' Party (PKK)
1621,0,0,0.0,1,0,2,4,2741,0,5,0.0,1,0.0,Revolutionary Armed Forces of Colombia (FARC)
1622,0,0,0.0,1,0,3,14,150,0,6,2.0,0,0.0,Abu Sayyaf Group (ASG)
1623,0,0,0.0,1,0,8,14,6769,0,9,2.0,0,0.0,Taliban
1624,1,0,0.0,1,0,6,14,11,0,5,0.0,0,1.0,Abu Sayyaf Group (ASG)
1625,0,0,0.0,1,0,1,2,4585,0,5,1.0,0,0.0,Muslim extremists
1626,0,0,0.0,1,0,2,4,48,0,5,2.0,0,0.0,Taliban
1627,0,0,0.0,1,0,1,3,1623,0,5,1.0,0,0.0,Basque Fatherland and Freedom (ETA)
1628,0,0,0.0,1,0,3,14,3010,0,6,2.0,-9,0.0,Houthi extremists (Ansar Allah)
1629,0,0,1.0,1,0,7,1,4087,0,8,0.0,1,0.0,Manuel Rodriguez Patriotic Front (FPMR)
1630,0,0,0.0,1,0,1,4,3123,0,5,1.0,0,0.0,Irish Republican Army (IRA)
1631,0,0,0.0,1,0,2,4,5340,0,5,1.0,1,0.0,Nicaraguan Democratic Force (FDN)
1632,0,0,0.0,1,0,3,14,5569,0,6,6.0,1,0.0,Sikh Extremists
1633,0,0,0.0,0,0,3,4,48,0,6,0.0,0,0.0,Maoists
1634,0,0,0.0,1,0,2,4,2808,0,5,124.0,1,0.0,Farabundo Marti National Liberation Front (FMLN)
1635,0,0,0.0,1,0,1,7,1072,0,5,1.0,1,0.0,Al-Qaida in the Arabian Peninsula (AQAP)
1636,0,1,0.0,1,0,3,4,330,0,6,4.0,1,0.0,Donetsk People's Republic
1637,0,1,1.0,1,0,3,9,7213,0,6,0.0,1,0.0,Tupac Amaru Revolutionary Movement (MRTA)
1638,0,0,0.0,1,0,1,4,48,0,5,2.0,0,0.0,Liberation Tigers of Tamil Eelam (LTTE)
1639,0,0,1.0,1,0,3,4,162,0,6,2.0,1,0.0,Islamic State of Iraq and the Levant (ISIL)
1640,0,0,0.0,1,0,2,4,2660,0,5,1.0,1,0.0,Nicaraguan Democratic Force (FDN)
1641,0,0,1.0,1,0,3,21,1539,0,6,0.0,1,0.0,Basque Fatherland and Freedom (ETA)
1642,0,0,0.0,1,0,1,14,3848,0,5,2.0,0,0.0,Sikh Extremists
1643,0,1,1.0,1,0,2,4,48,0,6,0.0,-9,0.0,Donetsk People's Republic
1644,0,0,0.0,0,0,3,18,1571,0,6,0.0,1,0.0,Basque Fatherland and Freedom (ETA)
1645,0,0,0.0,1,0,3,14,1988,0,6,3.0,1,0.0,Communist Party of India - Maoist (CPI-Maoist)
1646,0,1,0.0,1,0,4,19,5954,0,6,0.0,1,0.0,Revolutionary Armed Forces of Colombia (FARC)
1647,0,0,0.0,1,0,3,14,2589,0,6,3.0,-9,0.0,Donetsk People's Republic
1648,0,0,0.0,1,0,3,2,1482,0,6,0.0,1,0.0,Basque Fatherland and Freedom (ETA)
1649,1,0,0.0,1,0,6,2,71,0,5,1.0,-9,1.0,Abu Sayyaf Group (ASG)
1650,0,0,0.0,1,0,3,1,2553,0,6,0.0,1,0.0,Tupac Amaru Revolutionary Movement (MRTA)
1651,0,0,0.0,1,0,3,1,801,0,6,0.0,1,0.0,Shining Path (SL)
1652,0,0,0.0,1,0,2,4,5110,0,5,1.0,1,0.0,New People's Army (NPA)
1653,0,0,1.0,1,0,2,14,27,0,5,0.0,1,0.0,Fulani extremists
1654,0,0,0.0,1,0,7,14,5643,0,8,0.0,1,0.0,Palestinians
1655,0,0,0.0,0,0,1,2,5118,0,5,0.0,0,0.0,New People's Army (NPA)
1656,1,0,0.0,1,0,6,2,1902,0,5,69.0,1,1.0,Boko Haram
1657,0,0,0.0,1,0,1,14,6454,0,5,2.0,0,0.0,Sikh Extremists
1658,0,0,0.0,1,0,3,2,3927,0,6,0.0,1,0.0,Liberation Tigers of Tamil Eelam (LTTE)
1659,0,0,0.0,1,0,3,7,5172,0,5,0.0,1,0.0,New People's Army (NPA)
1660,0,0,0.0,1,0,2,1,1558,0,5,0.0,0,0.0,Basque Fatherland and Freedom (ETA)
1661,0,0,0.0,1,0,6,14,13,0,5,71.0,0,1.0,Islamic State of Iraq and the Levant (ISIL)
1662,0,0,0.0,1,0,2,4,3579,0,5,1.0,-9,0.0,Kurdistan Workers' Party (PKK)
1663,0,0,0.0,1,0,2,14,461,0,8,0.0,1,0.0,African National Congress (South Africa)
1664,0,0,0.0,1,0,3,3,330,0,6,6.0,1,0.0,Tehrik-i-Taliban Pakistan (TTP)
1665,0,0,0.0,1,1,3,3,85,0,6,8.0,1,0.0,Tehrik-i-Taliban Pakistan (TTP)
1666,0,0,0.0,1,0,5,10,7298,0,5,0.0,1,1.0,Tupac Amaru Revolutionary Movement (MRTA)
1667,1,0,0.0,1,0,6,14,2578,0,5,0.0,0,1.0,Donetsk People's Republic
1668,0,1,0.0,1,0,2,14,5703,0,5,1.0,0,0.0,Palestinians
1669,0,0,0.0,1,0,2,14,6906,0,5,1.0,0,0.0,Tehrik-i-Taliban Pakistan (TTP)
1670,0,0,0.0,1,0,2,4,6821,0,5,10.0,0,0.0,Taliban
1671,0,0,1.0,1,0,3,8,7088,0,6,0.0,1,0.0,Tehrik-i-Taliban Pakistan (TTP)
1672,0,0,0.0,1,0,2,14,4466,0,5,1.0,0,0.0,Maoists
1673,0,0,0.0,1,0,6,14,1328,0,5,1.0,0,1.0,Al-Shabaab
1674,0,0,0.0,1,0,2,2,1068,0,5,0.0,0,0.0,Al-Qaida in the Arabian Peninsula (AQAP)
1675,0,0,0.0,1,0,3,2,6161,0,6,0.0,1,0.0,Shining Path (SL)
1676,0,1,0.0,1,0,7,1,2156,0,8,0.0,1,0.0,Communist Party of India - Maoist (CPI-Maoist)
1677,0,0,1.0,1,0,3,13,856,0,6,8.0,-9,0.0,Al-Qaida in Iraq
1678,0,0,0.0,1,0,2,4,5688,0,5,1.0,1,0.0,Palestinians
1679,0,0,1.0,1,0,2,15,4582,0,5,1.0,0,0.0,Muslim extremists
1680,0,0,0.0,1,0,2,19,4333,0,5,1.0,0,0.0,Maoists
1681,0,0,0.0,0,0,1,2,3136,0,6,0.0,0,0.0,Irish Republican Army (IRA)
1682,0,0,0.0,0,1,1,2,1052,0,6,1.0,-9,0.0,Al-Qaida in the Arabian Peninsula (AQAP)
1683,0,0,0.0,1,0,3,2,6009,0,6,0.0,-9,0.0,Revolutionary Armed Forces of Colombia (FARC)
1684,1,0,0.0,1,0,6,1,4788,0,5,0.0,0,1.0,National Liberation Army of Colombia (ELN)
1685,0,0,0.0,1,0,2,4,3926,0,5,4.0,1,0.0,Liberation Tigers of Tamil Eelam (LTTE)
1686,0,0,0.0,1,0,3,3,5183,0,6,0.0,0,0.0,New People's Army (NPA)
1687,0,0,1.0,1,0,2,3,175,0,6,1.0,1,0.0,Boko Haram
1688,0,1,1.0,1,0,3,14,1332,0,6,0.0,-9,0.0,Muslim extremists
1689,0,0,0.0,1,0,3,21,453,0,6,0.0,1,0.0,African National Congress (South Africa)
1690,0,1,0.0,1,0,7,1,4419,0,8,0.0,1,0.0,Maoists
1691,0,0,0.0,1,0,2,1,6946,0,5,0.0,0,0.0,Tehrik-i-Taliban Pakistan (TTP)
1692,0,0,0.0,1,0,3,1,37,0,6,0.0,-9,0.0,Abu Sayyaf Group (ASG)
1693,0,0,0.0,1,0,3,2,1637,0,6,0.0,1,0.0,Manuel Rodriguez Patriotic Front (FPMR)
1694,0,0,0.0,1,0,2,4,2660,0,5,1.0,1,0.0,Nicaraguan Democratic Force (FDN)
1695,0,0,0.0,1,1,3,1,755,0,6,2.0,-9,0.0,Al-Shabaab
1696,0,0,1.0,1,0,3,1,1188,0,6,0.0,1,0.0,Corsican National Liberation Front (FLNC)
1697,1,0,0.0,1,0,3,2,2443,0,6,0.0,1,0.0,Corsican National Liberation Front (FLNC)
1698,0,0,1.0,1,0,3,1,7250,0,6,0.0,1,0.0,Tupac Amaru Revolutionary Movement (MRTA)
1699,0,0,1.0,1,0,3,14,1888,0,6,3.0,1,0.0,Donetsk People's Republic
1700,0,0,0.0,0,0,1,2,4641,0,5,7.0,-9,0.0,Muslim extremists
1701,0,0,0.0,1,0,2,14,730,0,5,2.0,0,0.0,Al-Shabaab
1702,0,0,0.0,0,0,3,3,2337,0,6,0.0,0,0.0,Corsican National Liberation Front (FLNC)
1703,0,0,1.0,1,0,2,14,27,0,6,2.0,0,0.0,Taliban
1704,0,0,1.0,0,1,3,4,48,0,6,0.0,0,0.0,Al-Qaida in Iraq
1705,0,0,0.0,1,0,3,1,3333,0,6,0.0,1,0.0,Shining Path (SL)
1706,1,0,1.0,1,0,6,14,4312,0,5,1.0,0,1.0,Maoists
1707,0,0,0.0,1,1,3,17,873,0,6,8.0,1,0.0,Al-Qaida in Iraq
1708,0,0,0.0,0,0,3,1,78,0,6,0.0,0,0.0,Abu Sayyaf Group (ASG)
1709,0,1,0.0,1,0,3,4,330,0,6,13.0,1,0.0,Kurdistan Workers' Party (PKK)
1710,0,0,0.0,1,0,3,1,387,0,6,0.0,1,0.0,Houthi extremists (Ansar Allah)
1711,0,0,0.0,0,0,2,3,4330,0,5,0.0,0,0.0,Maoists
1712,0,0,1.0,1,0,2,14,27,0,5,1.0,1,0.0,Fulani extremists
1713,0,0,0.0,1,0,2,15,320,0,5,1.0,1,0.0,Fulani extremists
1714,0,0,0.0,1,1,3,4,6719,0,6,1.0,1,0.0,Taliban
1715,0,0,0.0,0,0,1,3,6498,0,5,7.0,0,0.0,Sikh Extremists
1716,0,0,0.0,1,0,2,14,6594,0,5,2.0,1,0.0,Sikh Extremists
1717,0,0,0.0,1,0,2,4,2670,0,5,5.0,1,0.0,Tupac Amaru Revolutionary Movement (MRTA)
1718,0,0,0.0,1,0,2,3,2124,0,5,4.0,0,0.0,Communist Party of India - Maoist (CPI-Maoist)
1719,0,0,0.0,1,0,3,14,4179,0,6,0.0,1,0.0,Manuel Rodriguez Patriotic Front (FPMR)
1720,0,0,0.0,1,0,3,2,5449,0,6,0.0,1,0.0,Nicaraguan Democratic Force (FDN)
1721,0,0,0.0,1,0,1,14,3130,0,5,1.0,0,0.0,Irish Republican Army (IRA)
1722,0,0,1.0,1,0,2,14,13,0,5,3.0,0,0.0,Fulani extremists
1723,0,0,1.0,1,1,3,4,881,0,6,11.0,-9,0.0,Al-Qaida in Iraq
1724,0,1,0.0,1,0,2,3,6010,0,5,8.0,0,0.0,Revolutionary Armed Forces of Colombia (FARC)
1725,0,0,0.0,1,0,3,4,176,0,6,1.0,-9,0.0,Abu Sayyaf Group (ASG)
1726,0,0,0.0,1,0,4,2,330,0,5,0.0,1,1.0,Al-Shabaab
1727,0,0,0.0,1,0,1,17,6951,0,5,1.0,1,0.0,Tehrik-i-Taliban Pakistan (TTP)
1728,0,0,0.0,1,0,2,14,13,0,5,3.0,0,0.0,Islamic State of Iraq and the Levant (ISIL)
1729,0,0,1.0,1,0,2,14,13,0,5,1.0,-9,0.0,Fulani extremists
1730,0,0,0.0,1,0,2,2,330,0,5,0.0,1,0.0,Al-Qaida in the Arabian Peninsula (AQAP)
1731,0,0,0.0,1,0,3,19,2109,0,6,0.0,1,0.0,Communist Party of India - Maoist (CPI-Maoist)
1732,0,0,1.0,1,0,3,21,4913,0,6,0.0,1,0.0,National Liberation Army of Colombia (ELN)
1733,0,0,0.0,1,0,1,14,6181,0,5,1.0,0,0.0,Shining Path (SL)
1734,0,0,0.0,1,0,2,10,1271,0,5,0.0,-9,0.0,Al-Shabaab
1735,0,0,0.0,1,0,2,14,205,0,5,1.0,1,0.0,National Liberation Army of Colombia (ELN)
1736,0,0,0.0,1,0,6,1,4757,0,5,0.0,0,1.0,National Liberation Army of Colombia (ELN)
1737,0,0,1.0,1,0,3,14,1257,0,6,3.0,1,0.0,Houthi extremists (Ansar Allah)
1738,1,0,0.0,1,0,5,7,5591,0,5,0.0,1,1.0,Palestinians
1739,0,0,1.0,1,0,3,1,4068,0,6,0.0,1,0.0,Manuel Rodriguez Patriotic Front (FPMR)
1740,0,0,1.0,0,0,3,3,1416,0,6,0.0,1,0.0,Basque Fatherland and Freedom (ETA)
1741,0,0,0.0,1,0,3,4,2782,0,6,5.0,1,0.0,Liberation Tigers of Tamil Eelam (LTTE)
1742,0,0,0.0,1,0,3,15,6249,0,6,0.0,1,0.0,Shining Path (SL)
1743,0,0,0.0,1,0,1,4,3126,0,5,2.0,0,0.0,Irish Republican Army (IRA)
1744,0,0,0.0,1,0,3,2,1624,0,6,0.0,1,0.0,Basque Fatherland and Freedom (ETA)
1745,0,0,1.0,1,0,3,14,13,0,6,6.0,1,0.0,Islamic State of Iraq and the Levant (ISIL)
1746,0,0,0.0,1,0,2,3,3835,0,5,2.0,1,0.0,Liberation Tigers of Tamil Eelam (LTTE)
1747,1,0,0.0,1,0,6,8,4341,0,5,0.0,0,1.0,Maoists
1748,0,0,0.0,1,0,3,1,123,0,6,3.0,0,0.0,Taliban
1749,0,0,0.0,1,0,1,14,6822,0,6,5.0,1,0.0,Taliban
1750,0,0,0.0,1,0,3,14,1535,0,6,6.0,1,0.0,Liberation Tigers of Tamil Eelam (LTTE)
1751,0,0,0.0,1,0,2,3,20,0,5,1.0,0,0.0,Taliban
1752,0,0,0.0,1,0,3,22,3009,0,6,4.0,1,0.0,Houthi extremists (Ansar Allah)
1753,0,1,0.0,0,0,3,20,6,0,6,0.0,0,0.0,Maoists
1754,0,0,0.0,1,0,2,4,5416,0,5,6.0,1,0.0,Nicaraguan Democratic Force (FDN)
1755,0,0,0.0,1,0,3,8,4901,0,6,0.0,1,0.0,National Liberation Army of Colombia (ELN)
1756,0,0,0.0,1,0,3,4,2979,0,6,0.0,0,0.0,Houthi extremists (Ansar Allah)
1757,0,1,0.0,1,0,7,14,291,0,8,0.0,1,0.0,National Liberation Army of Colombia (ELN)
1758,0,0,0.0,1,0,3,14,6429,0,6,0.0,1,0.0,Sikh Extremists
1759,0,0,0.0,1,0,3,4,12,0,6,0.0,-9,0.0,Al-Qaida in the Arabian Peninsula (AQAP)
1760,0,0,0.0,1,0,2,14,3553,0,5,1.0,0,0.0,Kurdistan Workers' Party (PKK)
1761,0,0,0.0,1,0,1,14,7080,0,5,2.0,1,0.0,Tehrik-i-Taliban Pakistan (TTP)
1762,0,0,0.0,1,0,3,2,1511,0,6,1.0,1,0.0,Basque Fatherland and Freedom (ETA)
1763,0,0,0.0,1,0,3,1,1915,0,6,0.0,1,0.0,National Liberation Army of Colombia (ELN)
1764,0,0,1.0,1,0,3,17,172,0,6,0.0,0,0.0,Houthi extremists (Ansar Allah)
1765,0,0,0.0,1,1,3,14,13,0,6,5.0,0,0.0,Boko Haram
1766,0,0,0.0,1,0,3,4,402,0,6,0.0,1,0.0,Palestinians
1767,0,0,1.0,1,0,2,14,27,0,5,1.0,1,0.0,Fulani extremists
1768,0,0,0.0,1,0,3,1,550,0,6,0.0,1,0.0,African National Congress (South Africa)
1769,0,1,0.0,1,0,3,3,12,0,6,0.0,0,0.0,Abu Sayyaf Group (ASG)
1770,0,1,0.0,0,0,1,14,5531,0,5,0.0,0,0.0,Palestinians
1771,0,0,0.0,1,0,3,1,1536,0,6,0.0,1,0.0,Basque Fatherland and Freedom (ETA)
1772,0,0,0.0,1,0,3,7,404,0,6,0.0,1,0.0,African National Congress (South Africa)
1773,0,0,0.0,1,0,1,14,3132,0,5,1.0,0,0.0,Irish Republican Army (IRA)
1774,0,0,0.0,1,0,3,4,172,0,6,0.0,-9,0.0,Houthi extremists (Ansar Allah)
1775,0,0,1.0,1,0,3,21,4063,0,6,0.0,1,0.0,Manuel Rodriguez Patriotic Front (FPMR)
1776,0,0,0.0,1,0,3,4,330,0,6,1.0,1,0.0,Kurdistan Workers' Party (PKK)
1777,1,1,1.0,1,0,6,11,127,0,5,1.0,1,1.0,Abu Sayyaf Group (ASG)
1778,0,0,0.0,1,0,2,19,1619,0,5,1.0,1,0.0,Nicaraguan Democratic Force (FDN)
1779,0,0,0.0,1,0,3,1,6322,0,6,0.0,1,0.0,Shining Path (SL)
1780,0,0,0.0,1,0,2,9,6154,0,5,10.0,1,0.0,Shining Path (SL)
1781,0,0,0.0,1,0,3,2,4891,0,6,0.0,1,0.0,National Liberation Army of Colombia (ELN)
1782,0,0,0.0,1,0,7,2,1650,0,8,0.0,1,0.0,Basque Fatherland and Freedom (ETA)
1783,0,0,1.0,1,0,3,1,3485,0,6,7.0,1,0.0,Islamic State of Iraq and the Levant (ISIL)
1784,0,0,1.0,1,0,3,21,4083,0,6,0.0,1,0.0,Manuel Rodriguez Patriotic Front (FPMR)
1785,0,0,1.0,1,0,3,1,1077,0,6,0.0,1,0.0,Basque Fatherland and Freedom (ETA)
1786,0,0,0.0,1,0,2,4,2660,0,5,1.0,1,0.0,Nicaraguan Democratic Force (FDN)
1787,0,0,0.0,1,0,1,4,3296,0,5,1.0,0,0.0,Irish Republican Army (IRA)
1788,0,0,0.0,1,0,1,4,1035,0,5,1.0,0,0.0,Al-Qaida in the Arabian Peninsula (AQAP)
1789,0,0,1.0,1,0,3,21,2679,0,6,0.0,1,0.0,Farabundo Marti National Liberation Front (FMLN)
1790,0,0,0.0,1,0,7,1,1976,0,8,0.0,1,0.0,Maoists
1791,0,0,0.0,1,0,2,4,162,0,5,8.0,-9,0.0,Al-Shabaab
1792,0,0,0.0,1,0,2,4,50,0,9,1.0,0,0.0,Abu Sayyaf Group (ASG)
1793,0,0,1.0,1,0,2,14,27,0,5,4.0,0,0.0,Fulani extremists
1794,0,0,0.0,1,0,2,4,20,0,5,1.0,0,0.0,Muslim extremists
1795,0,0,0.0,1,0,3,21,3805,0,6,0.0,1,0.0,Liberation Tigers of Tamil Eelam (LTTE)
1796,0,0,0.0,1,0,3,3,12,0,6,1.0,0,0.0,Maoists
1797,0,0,0.0,1,0,2,4,48,0,5,3.0,0,0.0,Houthi extremists (Ansar Allah)
1798,0,0,0.0,1,0,2,4,2660,0,5,18.0,1,0.0,Farabundo Marti National Liberation Front (FMLN)
1799,0,0,0.0,1,1,3,4,162,0,6,1.0,1,0.0,Taliban
1800,0,0,0.0,1,1,3,14,1136,0,6,41.0,1,0.0,Al-Qaida in the Arabian Peninsula (AQAP)
1801,0,0,1.0,1,0,3,3,6948,0,6,0.0,0,0.0,Tehrik-i-Taliban Pakistan (TTP)
1802,0,0,0.0,1,0,3,19,233,0,6,0.0,-9,0.0,Donetsk People's Republic
1803,0,0,1.0,1,0,2,4,402,0,6,0.0,-9,0.0,Al-Shabaab
1804,0,0,0.0,1,0,2,14,5915,0,5,4.0,1,0.0,Revolutionary Armed Forces of Colombia (FARC)
1805,0,0,0.0,1,0,3,14,205,0,6,0.0,-9,0.0,Muslim extremists
1806,0,0,0.0,1,0,2,14,27,0,5,2.0,1,0.0,Fulani extremists
1807,0,0,0.0,1,0,3,4,3595,0,6,0.0,-9,0.0,Kurdistan Workers' Party (PKK)
1808,0,0,0.0,1,0,3,3,330,0,6,0.0,-9,0.0,Kurdistan Workers' Party (PKK)
1809,0,0,0.0,1,0,7,14,4643,0,12,0.0,1,0.0,Muslim extremists
1810,0,0,0.0,1,0,2,4,2660,0,5,75.0,1,0.0,Nicaraguan Democratic Force (FDN)
1811,0,0,1.0,1,0,3,1,4068,0,6,0.0,1,0.0,Manuel Rodriguez Patriotic Front (FPMR)
1812,0,0,0.0,1,0,3,4,219,0,6,0.0,1,0.0,Al-Qaida in the Arabian Peninsula (AQAP)
1813,0,0,0.0,1,0,3,21,4858,0,6,0.0,1,0.0,National Liberation Army of Colombia (ELN)
1814,0,0,1.0,1,0,2,14,27,0,5,1.0,1,0.0,Fulani extremists
1815,0,0,0.0,1,0,2,14,4376,0,9,1.0,1,0.0,Maoists
1816,0,0,0.0,1,0,3,3,574,0,6,1.0,1,0.0,Revolutionary Armed Forces of Colombia (FARC)
1817,0,0,1.0,1,0,3,1,1769,0,6,0.0,1,0.0,Shining Path (SL)
1818,0,1,0.0,1,0,2,2,3762,0,5,6.0,1,0.0,Liberation Tigers of Tamil Eelam (LTTE)
1819,0,0,0.0,1,0,3,2,2681,0,6,1.0,1,0.0,Farabundo Marti National Liberation Front (FMLN)
1820,0,0,1.0,1,0,3,8,7083,0,6,0.0,1,0.0,Tehrik-i-Taliban Pakistan (TTP)
1821,0,0,0.0,1,0,3,1,180,0,6,0.0,1,0.0,Basque Fatherland and Freedom (ETA)
1822,0,0,0.0,1,0,3,4,421,0,6,1.0,1,0.0,African National Congress (South Africa)
1823,0,0,0.0,1,0,7,1,6176,0,8,0.0,1,0.0,Shining Path (SL)
1824,0,0,0.0,1,0,2,2,5057,0,5,0.0,1,0.0,New People's Army (NPA)
1825,0,0,0.0,1,0,2,4,2660,0,5,50.0,1,0.0,Farabundo Marti National Liberation Front (FMLN)
1826,0,0,0.0,1,0,3,21,4762,0,6,0.0,1,0.0,National Liberation Army of Colombia (ELN)
1827,0,0,0.0,1,0,3,4,5403,0,5,65.0,1,0.0,Nicaraguan Democratic Force (FDN)
1828,0,0,0.0,1,0,3,3,4099,0,6,0.0,1,0.0,Manuel Rodriguez Patriotic Front (FPMR)
1829,0,1,1.0,1,0,3,4,48,0,6,0.0,0,0.0,Muslim extremists
1830,0,0,1.0,0,1,1,1,755,0,6,1.0,1,0.0,Al-Shabaab
1831,0,0,0.0,1,0,1,14,5544,0,5,1.0,0,0.0,Palestinians
1832,0,0,0.0,1,0,1,4,3257,0,5,1.0,0,0.0,Irish Republican Army (IRA)
1833,0,0,0.0,1,0,3,4,2597,0,6,1.0,1,0.0,Donetsk People's Republic
1834,0,0,1.0,1,0,3,18,118,0,6,0.0,1,0.0,Abu Sayyaf Group (ASG)
1835,0,0,1.0,1,0,3,2,2427,0,6,0.0,1,0.0,Corsican National Liberation Front (FLNC)
1836,0,0,0.0,1,0,2,3,6492,0,5,2.0,1,0.0,Sikh Extremists
1837,0,0,0.0,1,0,3,3,442,0,6,3.0,1,0.0,African National Congress (South Africa)
1838,1,0,1.0,1,0,6,14,27,0,5,5.0,1,1.0,Fulani extremists
1839,0,0,0.0,1,0,2,14,3621,0,5,1.0,-9,0.0,Kurdistan Workers' Party (PKK)
1840,0,0,0.0,1,0,3,4,782,0,6,3.0,-9,0.0,Al-Qaida in Iraq
1841,0,0,0.0,1,1,3,4,767,0,6,4.0,1,0.0,Islamic State of Iraq and the Levant (ISIL)
1842,0,0,0.0,1,0,3,16,2061,0,6,0.0,1,0.0,Communist Party of India - Maoist (CPI-Maoist)
1843,0,0,1.0,1,0,2,14,27,0,5,0.0,1,0.0,Fulani extremists
1844,0,0,0.0,1,0,1,14,2760,0,5,1.0,0,0.0,Farabundo Marti National Liberation Front (FMLN)
1845,0,0,0.0,1,0,2,4,2660,0,5,1.0,1,0.0,Nicaraguan Democratic Force (FDN)
1846,1,0,0.0,1,0,6,14,4918,0,5,0.0,0,1.0,National Liberation Army of Colombia (ELN)
1847,0,0,0.0,1,0,2,3,4346,0,5,3.0,0,0.0,Taliban
1848,0,0,0.0,1,0,3,21,6023,0,6,0.0,1,0.0,Revolutionary Armed Forces of Colombia (FARC)
1849,0,0,0.0,1,0,3,4,402,0,6,0.0,-9,0.0,Al-Qaida in the Arabian Peninsula (AQAP)
1850,0,0,1.0,1,0,3,1,4068,0,6,0.0,1,0.0,Manuel Rodriguez Patriotic Front (FPMR)
1851,0,0,0.0,1,0,7,1,5051,0,8,0.0,1,0.0,New People's Army (NPA)
1852,0,0,0.0,1,0,3,14,13,0,6,0.0,1,0.0,Houthi extremists (Ansar Allah)
1853,1,0,0.0,1,0,6,14,4427,0,9,1.0,0,1.0,Maoists
1854,0,0,0.0,1,0,3,2,2361,0,6,0.0,1,0.0,Corsican National Liberation Front (FLNC)
1855,1,0,0.0,1,0,6,2,14,0,5,0.0,0,1.0,Abu Sayyaf Group (ASG)
1856,0,1,0.0,0,0,3,20,6,0,6,0.0,0,0.0,Maoists
1857,0,0,1.0,1,1,3,1,753,0,6,20.0,1,0.0,Al-Qaida in Iraq
1858,0,0,1.0,1,0,3,1,1077,0,6,0.0,1,0.0,Shining Path (SL)
1859,0,0,1.0,1,0,2,3,2123,0,5,0.0,-9,0.0,Communist Party of India - Maoist (CPI-Maoist)
1860,0,0,0.0,0,0,3,1,601,0,6,0.0,1,0.0,African National Congress (South Africa)
1861,0,0,1.0,1,0,3,1,4068,0,6,0.0,1,0.0,Manuel Rodriguez Patriotic Front (FPMR)
1862,0,0,0.0,1,0,1,7,5610,0,5,1.0,0,0.0,Palestinians
1863,0,0,0.0,1,0,3,14,2953,0,6,1.0,-9,0.0,Houthi extremists (Ansar Allah)
1864,0,1,0.0,1,0,1,2,3618,0,5,3.0,0,0.0,Kurdistan Workers' Party (PKK)
1865,0,0,0.0,0,0,1,3,1667,0,6,1.0,0,0.0,Basque Fatherland and Freedom (ETA)
1866,0,0,0.0,1,0,2,4,803,0,5,8.0,1,0.0,National Liberation Army of Colombia (ELN)
1867,0,0,1.0,1,0,3,2,801,0,6,0.0,1,0.0,Corsican National Liberation Front (FLNC)
1868,0,0,0.0,1,0,3,14,5637,0,6,1.0,1,0.0,Palestinians
1869,0,0,0.0,1,0,3,4,2563,0,6,0.0,0,0.0,Donetsk People's Republic
1870,0,0,0.0,1,0,2,3,514,0,5,4.0,1,0.0,Sikh Extremists
1871,0,1,0.0,1,0,2,19,4830,0,8,0.0,1,0.0,National Liberation Army of Colombia (ELN)
1872,0,0,0.0,1,0,1,3,1673,0,5,1.0,0,0.0,Basque Fatherland and Freedom (ETA)
1873,1,0,0.0,1,0,3,19,2031,0,6,0.0,1,1.0,Communist Party of India - Maoist (CPI-Maoist)
1874,0,0,0.0,1,0,3,3,2446,0,6,0.0,1,0.0,Corsican National Liberation Front (FLNC)
1875,0,0,0.0,1,0,1,14,6165,0,5,1.0,0,0.0,Shining Path (SL)
1876,0,0,0.0,1,0,6,18,3601,0,5,0.0,0,1.0,Kurdistan Workers' Party (PKK)
1877,0,0,0.0,1,0,1,1,1527,0,5,1.0,0,0.0,Basque Fatherland and Freedom (ETA)
1878,0,0,0.0,1,0,2,4,172,0,5,9.0,0,0.0,Taliban
1879,0,0,0.0,1,0,2,4,2660,0,5,5.0,1,0.0,Revolutionary Armed Forces of Colombia (FARC)
1880,0,0,0.0,0,1,3,4,48,0,6,15.0,0,0.0,Islamic State of Iraq and the Levant (ISIL)
1881,0,0,0.0,1,0,2,2,857,0,5,2.0,1,0.0,Al-Qaida in Iraq
1882,0,0,0.0,1,0,3,2,540,0,6,0.0,1,0.0,African National Congress (South Africa)
1883,0,0,0.0,1,0,3,14,1870,0,6,6.0,1,0.0,Tehrik-i-Taliban Pakistan (TTP)
1884,1,0,0.0,1,0,6,14,6233,0,5,1.0,0,1.0,Shining Path (SL)
1885,0,0,1.0,1,0,3,14,13,0,6,0.0,-9,0.0,Al-Qaida in Iraq
1886,0,0,0.0,1,0,1,4,1591,0,5,1.0,0,1.0,Basque Fatherland and Freedom (ETA)
1887,0,0,0.0,1,0,3,14,558,0,6,0.0,1,0.0,African National Congress (South Africa)
1888,0,0,0.0,1,0,3,7,6215,0,6,0.0,1,0.0,Shining Path (SL)
1889,1,0,0.0,1,0,6,14,4322,0,9,1.0,0,1.0,Maoists
1890,0,0,0.0,1,0,3,3,330,0,6,0.0,1,0.0,Maoists
1891,0,0,0.0,1,0,7,19,2091,0,8,0.0,1,0.0,Communist Party of India - Maoist (CPI-Maoist)
1892,0,0,0.0,1,0,2,4,803,0,5,3.0,1,0.0,Liberation Tigers of Tamil Eelam (LTTE)
1893,0,0,1.0,1,0,3,16,5365,0,6,0.0,1,0.0,Nicaraguan Democratic Force (FDN)
1894,0,0,1.0,1,0,3,21,2700,0,6,0.0,1,0.0,Farabundo Marti National Liberation Front (FMLN)
1895,0,0,0.0,0,0,3,14,1677,0,6,0.0,1,0.0,Basque Fatherland and Freedom (ETA)
1896,0,0,1.0,1,0,3,14,2953,0,6,3.0,-9,0.0,Houthi extremists (Ansar Allah)
1897,0,0,0.0,1,0,1,4,2801,0,5,2.0,0,0.0,Farabundo Marti National Liberation Front (FMLN)
1898,0,0,0.0,1,0,7,19,1538,0,8,0.0,1,0.0,Basque Fatherland and Freedom (ETA)
1899,0,1,0.0,1,0,3,19,5366,0,5,3.0,1,0.0,Nicaraguan Democratic Force (FDN)
1900,0,0,0.0,1,0,3,4,1060,0,6,5.0,1,0.0,Al-Qaida in the Arabian Peninsula (AQAP)
1901,0,0,0.0,1,0,3,1,4217,0,6,0.0,1,0.0,Manuel Rodriguez Patriotic Front (FPMR)
1902,0,0,1.0,1,0,3,1,1077,0,6,0.0,1,0.0,Tupac Amaru Revolutionary Movement (MRTA)
1903,0,0,0.0,1,0,3,1,1576,0,6,0.0,1,0.0,Basque Fatherland and Freedom (ETA)
1904,0,0,0.0,1,0,3,21,1026,0,6,0.0,1,0.0,Al-Qaida in the Arabian Peninsula (AQAP)
1905,0,0,0.0,1,0,3,3,330,0,6,2.0,1,0.0,Kurdistan Workers' Party (PKK)
1906,0,0,0.0,1,0,2,2,1280,0,5,1.0,0,0.0,Al-Shabaab
1907,0,0,0.0,1,0,3,14,4218,0,6,0.0,1,0.0,Manuel Rodriguez Patriotic Front (FPMR)
1908,0,0,0.0,1,0,1,14,5928,0,5,1.0,0,0.0,Revolutionary Armed Forces of Colombia (FARC)
1909,0,0,0.0,1,0,3,19,233,0,6,0.0,1,0.0,Farabundo Marti National Liberation Front (FMLN)
1910,0,0,0.0,1,0,2,3,6244,0,5,0.0,1,0.0,Shining Path (SL)
1911,0,0,0.0,1,0,2,14,4956,0,5,0.0,1,0.0,National Liberation Army of Colombia (ELN)
1912,0,0,0.0,1,0,6,14,2065,0,5,1.0,1,1.0,Communist Party of India - Maoist (CPI-Maoist)
1913,0,0,1.0,1,0,3,14,13,0,6,0.0,-9,0.0,Al-Qaida in Iraq
1914,0,0,0.0,1,0,3,4,3209,0,6,0.0,1,0.0,Palestinians
1915,0,0,1.0,1,0,3,21,4143,0,6,0.0,1,0.0,National Liberation Army of Colombia (ELN)
1916,0,0,0.0,1,0,3,1,2408,0,6,0.0,1,0.0,Corsican National Liberation Front (FLNC)
1917,0,0,0.0,1,0,3,14,13,0,6,1.0,1,0.0,Liberation Tigers of Tamil Eelam (LTTE)
1918,0,0,1.0,1,0,3,14,1327,0,6,1.0,1,0.0,Houthi extremists (Ansar Allah)
1919,0,0,0.0,1,0,2,3,175,0,5,3.0,1,0.0,Muslim extremists
1920,0,0,0.0,1,0,1,2,469,0,6,0.0,1,0.0,African National Congress (South Africa)
1921,0,0,1.0,1,0,3,1,740,0,6,2.0,1,0.0,Al-Qaida in Iraq
1922,0,0,0.0,1,0,1,2,1249,0,5,1.0,0,0.0,Al-Shabaab
1923,0,0,0.0,1,0,2,1,2713,0,5,0.0,1,0.0,Farabundo Marti National Liberation Front (FMLN)
1924,0,0,0.0,1,0,1,2,528,0,5,5.0,0,0.0,African National Congress (South Africa)
1925,0,0,0.0,1,0,2,4,59,0,5,4.0,1,0.0,New People's Army (NPA)
1926,0,0,1.0,1,0,3,1,2338,0,6,0.0,1,0.0,Corsican National Liberation Front (FLNC)
1927,1,0,0.0,1,0,6,1,1297,0,5,1.0,-9,1.0,Al-Shabaab
1928,0,1,0.0,1,0,2,4,2660,0,5,1.0,1,0.0,Nicaraguan Democratic Force (FDN)
1929,0,0,1.0,1,0,2,14,27,0,6,14.0,1,0.0,Boko Haram
1930,0,0,0.0,1,0,3,3,103,0,6,0.0,1,0.0,Abu Sayyaf Group (ASG)
1931,0,0,0.0,1,0,7,16,2066,0,8,0.0,1,0.0,Communist Party of India - Maoist (CPI-Maoist)
1932,0,0,0.0,0,0,3,20,6,0,6,0.0,0,0.0,New People's Army (NPA)
1933,0,0,0.0,1,0,3,14,13,0,6,3.0,-9,0.0,Kurdistan Workers' Party (PKK)
1934,0,0,0.0,1,1,3,14,730,0,6,48.0,0,0.0,Boko Haram
1935,0,0,0.0,1,0,2,14,27,0,5,1.0,0,0.0,Fulani extremists
1936,0,0,0.0,1,0,3,1,2420,0,6,0.0,1,0.0,Corsican National Liberation Front (FLNC)
1937,0,0,0.0,1,0,1,14,3109,0,5,2.0,0,0.0,Irish Republican Army (IRA)
1938,0,0,0.0,1,0,3,3,330,0,6,0.0,1,0.0,Kurdistan Workers' Party (PKK)
1939,0,0,0.0,1,0,2,4,2660,0,5,4.0,1,0.0,National Liberation Army of Colombia (ELN)
1940,0,0,0.0,1,0,3,6,6591,0,6,2.0,1,0.0,Sikh Extremists
1941,0,0,0.0,1,0,3,4,48,0,6,0.0,0,0.0,New People's Army (NPA)
1942,0,1,0.0,1,0,2,3,523,0,5,0.0,1,0.0,African National Congress (South Africa)
1943,0,1,1.0,1,0,3,3,93,0,6,0.0,1,0.0,Boko Haram
1944,0,0,1.0,0,0,1,17,6936,0,6,0.0,1,0.0,Tehrik-i-Taliban Pakistan (TTP)
1945,0,0,0.0,0,0,3,21,4828,0,6,1.0,1,0.0,National Liberation Army of Colombia (ELN)
1946,0,0,0.0,1,0,3,3,547,0,6,1.0,1,0.0,African National Congress (South Africa)
1947,0,1,1.0,1,0,3,19,2082,0,6,0.0,1,0.0,Communist Party of India - Maoist (CPI-Maoist)
1948,0,0,0.0,1,0,3,4,5594,0,6,0.0,1,0.0,Palestinians
1949,0,0,0.0,1,0,2,14,5415,0,5,13.0,1,0.0,Nicaraguan Democratic Force (FDN)
1950,0,0,0.0,1,0,3,4,2787,0,6,0.0,1,0.0,Farabundo Marti National Liberation Front (FMLN)
1951,0,0,0.0,1,0,1,2,6239,0,5,1.0,0,0.0,Shining Path (SL)
1952,0,0,0.0,1,0,7,4,2666,0,5,1.0,1,0.0,Nicaraguan Democratic Force (FDN)
1953,0,0,0.0,1,0,3,8,51,0,6,0.0,-9,0.0,Donetsk People's Republic
1954,0,0,0.0,1,0,2,14,1812,0,6,1.0,0,0.0,Islamic State of Iraq and the Levant (ISIL)
1955,0,0,0.0,1,0,6,14,13,0,5,2.0,0,1.0,Fulani extremists
1956,0,0,0.0,1,0,3,2,2483,0,6,0.0,1,0.0,Corsican National Liberation Front (FLNC)
1957,0,0,0.0,1,0,3,1,2345,0,6,0.0,1,0.0,Corsican National Liberation Front (FLNC)
1958,0,0,0.0,1,0,3,1,1561,0,6,0.0,1,0.0,Basque Fatherland and Freedom (ETA)
1959,0,0,0.0,1,0,2,2,5948,0,5,1.0,-9,0.0,Revolutionary Armed Forces of Colombia (FARC)
1960,0,0,0.0,1,0,2,15,3813,0,5,112.0,1,0.0,Liberation Tigers of Tamil Eelam (LTTE)
1961,0,0,0.0,1,0,1,4,5104,0,5,1.0,0,0.0,New People's Army (NPA)
1962,0,0,0.0,1,0,3,14,1081,0,6,0.0,1,0.0,Al-Qaida in the Arabian Peninsula (AQAP)
1963,0,0,0.0,1,0,7,1,5174,0,8,1.0,1,0.0,New People's Army (NPA)
1964,0,0,0.0,1,0,3,3,12,0,6,1.0,-9,0.0,Houthi extremists (Ansar Allah)
1965,0,0,0.0,1,0,3,4,2963,0,6,6.0,1,0.0,Houthi extremists (Ansar Allah)
1966,1,1,0.0,1,0,6,4,1033,0,5,210.0,0,1.0,Al-Qaida in the Arabian Peninsula (AQAP)
1967,0,0,0.0,1,0,2,4,1033,0,6,4.0,0,0.0,Al-Shabaab
1968,0,0,0.0,1,0,2,4,7054,0,6,13.0,-9,0.0,Tehrik-i-Taliban Pakistan (TTP)
1969,0,0,0.0,1,0,3,14,2589,0,6,1.0,-9,0.0,Houthi extremists (Ansar Allah)
1970,0,0,1.0,0,0,3,20,6,0,6,0.0,0,0.0,Kurdistan Workers' Party (PKK)
1971,0,0,0.0,1,0,3,21,5422,0,6,2.0,1,0.0,Nicaraguan Democratic Force (FDN)
1972,0,1,0.0,1,1,3,4,767,0,6,10.0,-9,0.0,Islamic State of Iraq and the Levant (ISIL)
1973,0,1,0.0,1,0,7,1,5929,0,8,0.0,1,0.0,Revolutionary Armed Forces of Colombia (FARC)
1974,0,0,0.0,1,0,2,14,27,0,5,24.0,1,0.0,Boko Haram
1975,0,0,0.0,0,0,1,2,6762,0,5,1.0,1,0.0,Taliban
1976,0,0,0.0,1,1,3,4,20,0,6,9.0,-9,0.0,Al-Qaida in the Arabian Peninsula (AQAP)
1977,0,0,0.0,1,0,5,8,7206,0,5,0.0,1,0.0,Tupac Amaru Revolutionary Movement (MRTA)
1978,0,0,0.0,1,0,2,4,681,0,5,3.0,1,0.0,Kurdistan Workers' Party (PKK)
1979,0,0,0.0,1,0,3,21,526,0,6,0.0,1,0.0,African National Congress (South Africa)
1980,0,0,0.0,1,0,3,1,4863,0,6,0.0,1,0.0,National Liberation Army of Colombia (ELN)
1981,0,0,0.0,1,0,5,10,4071,0,5,0.0,1,0.0,Manuel Rodriguez Patriotic Front (FPMR)
1982,0,0,0.0,1,0,3,4,2484,0,6,0.0,1,0.0,Corsican National Liberation Front (FLNC)
1983,0,0,1.0,1,0,6,1,1989,0,8,0.0,1,1.0,Communist Party of India - Maoist (CPI-Maoist)
1984,0,0,0.0,1,0,2,3,3864,0,5,3.0,0,0.0,Liberation Tigers of Tamil Eelam (LTTE)
1985,0,0,0.0,1,0,3,1,2345,0,6,0.0,1,0.0,Corsican National Liberation Front (FLNC)
1986,0,0,0.0,1,0,3,14,330,0,6,2.0,1,0.0,Houthi extremists (Ansar Allah)
1987,0,0,0.0,1,0,3,14,1856,0,6,0.0,-9,0.0,Kurdistan Workers' Party (PKK)
1988,0,0,1.0,1,0,3,1,1769,0,6,0.0,1,0.0,Shining Path (SL)
1989,1,0,0.0,1,0,6,14,27,0,5,1.0,1,1.0,Boko Haram
1990,0,0,0.0,1,0,3,4,20,0,6,1.0,1,0.0,Donetsk People's Republic
1991,0,0,1.0,1,1,3,14,1883,0,6,19.0,1,0.0,Boko Haram
1992,0,0,1.0,1,0,2,3,85,0,5,2.0,0,0.0,Houthi extremists (Ansar Allah)
1993,1,0,0.0,1,0,6,17,1313,0,5,1.0,1,1.0,Al-Shabaab
1994,0,1,0.0,1,0,7,2,2017,0,8,0.0,1,0.0,Communist Party of India - Maoist (CPI-Maoist)
1995,0,0,1.0,1,0,3,14,5128,0,6,1.0,-9,0.0,New People's Army (NPA)
1996,0,0,0.0,1,0,2,3,6308,0,5,0.0,1,0.0,Shining Path (SL)
1997,0,0,0.0,1,0,2,2,2351,0,8,0.0,1,0.0,Corsican National Liberation Front (FLNC)
1998,0,0,1.0,1,0,3,14,1535,0,6,0.0,1,0.0,Manuel Rodriguez Patriotic Front (FPMR)
1999,0,0,1.0,1,0,3,16,5646,0,6,0.0,1,0.0,Shining Path (SL)
2000,0,0,0.0,1,0,2,3,3736,0,5,0.0,0,0.0,Liberation Tigers of Tamil Eelam (LTTE)
2001,0,0,1.0,1,0,2,14,27,0,6,106.0,1,-9.0,Boko Haram
2002,0,0,0.0,1,0,3,14,730,0,6,3.0,-9,0.0,Islamic State of Iraq and the Levant (ISIL)
2003,0,0,0.0,1,0,2,3,20,0,5,4.0,1,0.0,National Liberation Army of Colombia (ELN)
2004,0,0,1.0,1,0,2,14,27,0,5,2.0,1,0.0,Fulani extremists
2005,0,0,0.0,1,0,1,3,1534,0,5,1.0,0,0.0,Basque Fatherland and Freedom (ETA)
2006,0,0,1.0,1,0,3,21,2662,0,6,0.0,1,0.0,Farabundo Marti National Liberation Front (FMLN)
2007,0,0,1.0,1,0,2,3,20,0,5,0.0,1,0.0,Taliban
2008,0,0,0.0,1,0,3,2,409,0,6,0.0,1,0.0,African National Congress (South Africa)
2009,0,0,0.0,0,0,1,3,5640,0,9,0.0,0,0.0,Palestinians
2010,0,0,0.0,0,0,1,2,6776,0,5,0.0,-9,0.0,Taliban
2011,0,0,0.0,1,0,3,3,4373,0,6,0.0,0,0.0,Maoists
2012,0,1,0.0,1,0,3,4,542,0,6,0.0,1,0.0,African National Congress (South Africa)
2013,0,0,0.0,0,0,1,4,1506,0,6,0.0,0,0.0,Basque Fatherland and Freedom (ETA)
2014,0,0,0.0,1,0,1,4,4094,0,5,1.0,0,0.0,Manuel Rodriguez Patriotic Front (FPMR)
2015,1,0,0.0,1,0,2,14,13,0,5,1.0,0,1.0,New People's Army (NPA)
2016,0,0,0.0,1,0,3,1,7240,0,6,1.0,1,0.0,Tupac Amaru Revolutionary Movement (MRTA)
2017,0,0,0.0,1,0,3,3,330,0,6,0.0,1,0.0,Kurdistan Workers' Party (PKK)
2018,0,0,1.0,1,0,3,4,20,0,6,0.0,0,0.0,Tehrik-i-Taliban Pakistan (TTP)
2019,0,0,0.0,1,0,2,4,162,0,5,2.0,0,0.0,Kurdistan Workers' Party (PKK)
2020,0,0,0.0,1,0,3,1,6915,0,6,3.0,1,0.0,Tehrik-i-Taliban Pakistan (TTP)
2021,0,0,0.0,1,0,1,14,6503,0,5,3.0,0,0.0,Sikh Extremists
2022,0,0,1.0,1,0,3,21,4134,0,6,0.0,1,0.0,Manuel Rodriguez Patriotic Front (FPMR)
2023,0,0,0.0,1,0,3,14,27,0,6,22.0,1,0.0,Liberation Tigers of Tamil Eelam (LTTE)
2024,0,1,0.0,1,0,2,3,884,0,5,50.0,1,0.0,Al-Qaida in Iraq
2025,0,1,0.0,1,0,2,4,5373,0,5,1.0,1,0.0,Nicaraguan Democratic Force (FDN)
2026,0,0,0.0,1,0,8,2,4417,0,9,1.0,0,0.0,Maoists
2027,0,0,0.0,1,0,3,8,7013,0,6,0.0,1,0.0,Tehrik-i-Taliban Pakistan (TTP)
2028,0,0,0.0,1,0,3,1,4904,0,6,0.0,1,0.0,National Liberation Army of Colombia (ELN)
2029,0,1,0.0,1,0,3,16,2127,0,6,0.0,1,0.0,Communist Party of India - Maoist (CPI-Maoist)
2030,0,0,0.0,1,0,2,19,6444,0,5,20.0,1,0.0,Sikh Extremists
2031,0,0,0.0,0,0,3,14,1535,0,6,0.0,1,0.0,Basque Fatherland and Freedom (ETA)
2032,0,0,0.0,1,0,2,3,602,0,5,0.0,1,0.0,African National Congress (South Africa)
2033,0,0,0.0,1,0,3,4,12,0,6,4.0,0,0.0,Al-Qaida in Iraq
2034,0,0,1.0,1,0,2,19,56,0,8,0.0,1,0.0,Revolutionary Armed Forces of Colombia (FARC)
2035,0,0,0.0,1,0,2,4,268,0,5,1.0,0,0.0,Abu Sayyaf Group (ASG)
2036,0,0,0.0,1,0,3,2,402,0,6,0.0,1,0.0,Al-Shabaab
2037,0,0,1.0,1,0,3,14,16,0,6,3.0,1,0.0,Abu Sayyaf Group (ASG)
2038,0,0,0.0,1,0,3,2,6739,0,6,0.0,1,0.0,Taliban
2039,0,0,0.0,1,0,3,2,2450,0,6,0.0,1,0.0,Corsican National Liberation Front (FLNC)
2040,0,0,0.0,1,0,2,3,767,0,5,2.0,1,0.0,Kurdistan Workers' Party (PKK)
2041,0,0,1.0,1,0,2,3,3840,0,5,0.0,1,0.0,Manuel Rodriguez Patriotic Front (FPMR)
2042,0,0,0.0,1,0,2,4,2670,0,5,0.0,1,0.0,Tupac Amaru Revolutionary Movement (MRTA)
2043,0,0,0.0,1,0,2,14,3659,0,5,0.0,1,0.0,Kurdistan Workers' Party (PKK)
2044,0,0,0.0,1,0,3,8,7012,0,6,0.0,1,0.0,Tehrik-i-Taliban Pakistan (TTP)
2045,0,0,0.0,1,0,2,4,3528,0,5,1.0,0,0.0,Kurdistan Workers' Party (PKK)
2046,0,0,0.0,1,0,3,4,162,0,6,1.0,1,0.0,Kurdistan Workers' Party (PKK)
2047,0,0,0.0,1,0,2,4,2750,0,5,9.0,1,0.0,Tupac Amaru Revolutionary Movement (MRTA)
2048,0,0,0.0,1,0,3,14,2589,0,6,0.0,-9,0.0,Houthi extremists (Ansar Allah)
2049,0,0,0.0,1,0,1,2,888,0,5,2.0,-9,0.0,Al-Qaida in Iraq
2050,0,0,0.0,0,0,6,2,2943,0,5,2.0,0,1.0,Houthi extremists (Ansar Allah)
2051,0,0,0.0,1,1,1,2,6792,0,6,15.0,1,0.0,Taliban
2052,0,0,0.0,0,0,3,19,1457,0,6,0.0,1,0.0,Basque Fatherland and Freedom (ETA)
2053,0,0,0.0,1,0,3,2,406,0,6,0.0,1,0.0,African National Congress (South Africa)
2054,0,0,0.0,1,0,3,3,1600,0,6,0.0,1,0.0,Basque Fatherland and Freedom (ETA)
2055,0,0,1.0,1,0,3,21,2727,0,6,0.0,1,0.0,Farabundo Marti National Liberation Front (FMLN)
2056,0,0,0.0,0,0,1,1,5653,0,5,1.0,0,0.0,Palestinians
2057,0,0,0.0,0,0,7,1,3069,0,8,0.0,1,0.0,Irish Republican Army (IRA)
2058,0,0,0.0,1,0,6,2,4944,0,5,0.0,0,1.0,National Liberation Army of Colombia (ELN)
2059,0,0,0.0,1,0,2,14,13,0,5,1.0,0,0.0,Islamic State of Iraq and the Levant (ISIL)
2060,0,0,0.0,1,0,2,14,5942,0,5,15.0,0,0.0,Revolutionary Armed Forces of Colombia (FARC)
2061,0,0,0.0,1,0,2,14,3468,0,5,3.0,0,0.0,Taliban
2062,0,0,0.0,1,0,2,2,1032,0,5,1.0,0,0.0,Al-Qaida in the Arabian Peninsula (AQAP)
2063,0,0,0.0,1,0,2,2,6767,0,5,2.0,0,0.0,Taliban
2064,0,0,0.0,0,0,3,20,6,0,6,0.0,0,0.0,Islamic State of Iraq and the Levant (ISIL)
2065,0,1,0.0,1,0,2,4,330,0,5,1.0,-9,0.0,Kurdistan Workers' Party (PKK)
2066,0,0,0.0,0,0,3,3,5934,0,6,0.0,0,0.0,Revolutionary Armed Forces of Colombia (FARC)
2067,0,0,0.0,1,0,3,14,5621,0,6,0.0,1,0.0,Palestinians
2068,0,0,0.0,1,0,3,3,2012,0,6,4.0,-9,0.0,Communist Party of India - Maoist (CPI-Maoist)
2069,0,0,0.0,1,0,3,4,5066,0,6,2.0,0,0.0,New People's Army (NPA)
2070,0,0,0.0,1,0,3,7,7281,0,6,1.0,1,0.0,Tupac Amaru Revolutionary Movement (MRTA)
2071,0,0,1.0,1,0,2,15,1839,0,5,6.0,1,0.0,Boko Haram
2072,0,1,1.0,0,1,3,4,767,0,6,2.0,0,0.0,Islamic State of Iraq and the Levant (ISIL)
2073,0,0,1.0,1,0,2,14,3767,0,5,31.0,1,0.0,Liberation Tigers of Tamil Eelam (LTTE)
2074,0,0,0.0,1,0,3,21,4800,0,6,0.0,-9,0.0,National Liberation Army of Colombia (ELN)
2075,0,1,0.0,1,0,3,22,305,0,6,3.0,1,0.0,Maoists
2076,1,0,0.0,1,0,6,14,3469,0,5,1.0,0,1.0,Islamic State of Iraq and the Levant (ISIL)
2077,0,0,1.0,1,0,3,14,13,0,6,4.0,1,0.0,Islamic State of Iraq and the Levant (ISIL)
2078,0,0,1.0,1,0,3,2,2425,0,6,0.0,1,0.0,Corsican National Liberation Front (FLNC)
2079,0,0,1.0,1,0,3,21,1575,0,6,0.0,1,0.0,Farabundo Marti National Liberation Front (FMLN)
2080,1,0,0.0,1,0,6,12,6748,0,5,1.0,0,1.0,Taliban
2081,0,0,0.0,1,0,2,3,5056,0,5,0.0,1,0.0,New People's Army (NPA)
2082,0,0,1.0,1,0,3,1,1499,0,6,0.0,1,0.0,Basque Fatherland and Freedom (ETA)
2083,0,0,0.0,1,0,3,14,2954,0,6,0.0,-9,0.0,Houthi extremists (Ansar Allah)
2084,0,0,0.0,1,0,3,2,7332,0,6,0.0,1,0.0,Tupac Amaru Revolutionary Movement (MRTA)
2085,0,0,0.0,1,0,3,21,4762,0,6,0.0,1,0.0,National Liberation Army of Colombia (ELN)
2086,0,0,1.0,1,0,3,14,2589,0,6,2.0,-9,0.0,Houthi extremists (Ansar Allah)
2087,0,0,0.0,1,0,3,3,3267,0,6,0.0,1,0.0,Irish Republican Army (IRA)
2088,0,0,0.0,1,0,3,14,195,0,6,1.0,0,0.0,Abu Sayyaf Group (ASG)
2089,0,0,1.0,1,0,3,1,4068,0,6,0.0,1,0.0,Manuel Rodriguez Patriotic Front (FPMR)
2090,0,0,0.0,1,0,2,14,2889,0,5,8.0,0,0.0,Fulani extremists
2091,0,0,1.0,0,0,2,13,3552,0,5,0.0,0,0.0,Kurdistan Workers' Party (PKK)
2092,0,1,0.0,1,0,2,14,13,0,5,3.0,0,0.0,Maoists
2093,0,1,0.0,1,0,3,4,12,0,6,0.0,-9,0.0,New People's Army (NPA)
2094,0,0,1.0,1,1,3,2,790,0,6,4.0,0,0.0,Al-Qaida in Iraq
2095,0,0,1.0,1,0,3,14,13,0,6,7.0,1,0.0,Al-Qaida in Iraq
2096,0,0,1.0,1,0,3,21,2659,0,6,0.0,1,0.0,Manuel Rodriguez Patriotic Front (FPMR)
2097,0,0,0.0,1,0,5,10,4755,0,5,0.0,1,1.0,National Liberation Army of Colombia (ELN)
2098,0,0,0.0,1,0,3,14,2448,0,6,0.0,1,1.0,Corsican National Liberation Front (FLNC)
2099,0,0,0.0,1,0,3,1,13,0,6,2.0,1,0.0,Abu Sayyaf Group (ASG)
2100,0,1,0.0,1,0,2,4,803,0,5,2.0,1,0.0,Kurdistan Workers' Party (PKK)
2101,0,0,0.0,1,0,2,4,2660,0,5,12.0,1,0.0,Farabundo Marti National Liberation Front (FMLN)
2102,0,0,0.0,1,0,3,14,1951,0,6,0.0,1,0.0,Communist Party of India - Maoist (CPI-Maoist)
2103,1,0,0.0,1,0,6,14,5561,0,5,1.0,0,1.0,Palestinians
2104,0,0,0.0,1,0,3,14,1871,0,6,4.0,0,0.0,Islamic State of Iraq and the Levant (ISIL)
2105,0,0,0.0,1,0,2,14,6529,0,5,10.0,0,0.0,Sikh Extremists
2106,0,0,1.0,1,0,6,14,13,0,5,2.0,0,1.0,Muslim extremists
2107,0,0,0.0,1,0,3,4,172,0,6,0.0,-9,0.0,Houthi extremists (Ansar Allah)
2108,0,0,0.0,1,0,2,14,5876,0,5,12.0,0,0.0,Revolutionary Armed Forces of Colombia (FARC)
2109,0,0,1.0,1,0,3,2,4102,0,6,0.0,1,0.0,Manuel Rodriguez Patriotic Front (FPMR)
2110,0,0,0.0,1,0,2,4,20,0,5,3.0,1,0.0,Islamic State of Iraq and the Levant (ISIL)
2111,0,1,0.0,0,0,1,14,5616,0,9,0.0,0,0.0,Palestinians
2112,0,0,0.0,1,0,2,2,4639,0,5,1.0,0,0.0,Muslim extremists
2113,0,0,0.0,1,0,6,19,97,0,5,0.0,1,1.0,Abu Sayyaf Group (ASG)
2114,0,0,0.0,1,0,2,14,6779,0,5,1.0,0,0.0,Taliban
2115,0,1,0.0,1,0,3,21,1109,0,6,0.0,1,0.0,Al-Qaida in the Arabian Peninsula (AQAP)
2116,0,0,0.0,1,0,3,3,5112,0,6,0.0,1,0.0,New People's Army (NPA)
2117,0,0,1.0,1,0,7,1,2553,0,8,0.0,1,0.0,Irish Republican Army (IRA)
2118,0,0,0.0,1,0,7,19,56,0,8,0.0,1,0.0,Basque Fatherland and Freedom (ETA)
2119,0,0,0.0,1,0,7,1,4810,0,8,0.0,1,0.0,National Liberation Army of Colombia (ELN)
2120,0,0,0.0,1,0,3,3,1574,0,6,0.0,1,0.0,Corsican National Liberation Front (FLNC)
2121,0,1,1.0,1,0,1,14,5574,0,5,1.0,0,0.0,Palestinians
2122,0,0,0.0,1,0,1,7,5635,0,9,1.0,0,0.0,Palestinians
2123,0,0,0.0,1,0,3,1,5918,0,6,2.0,1,0.0,Revolutionary Armed Forces of Colombia (FARC)
2124,0,0,1.0,1,0,2,19,56,0,8,0.0,1,0.0,Shining Path (SL)
2125,0,0,0.0,0,0,3,20,6,0,6,0.0,0,0.0,National Liberation Army of Colombia (ELN)
2126,0,0,1.0,1,0,2,14,27,0,5,34.0,1,0.0,Fulani extremists
2127,0,0,0.0,0,0,3,7,7353,0,6,0.0,1,0.0,Tupac Amaru Revolutionary Movement (MRTA)
2128,0,0,0.0,1,0,2,3,803,0,5,2.0,1,0.0,Farabundo Marti National Liberation Front (FMLN)
2129,0,0,0.0,1,0,3,21,2659,0,6,0.0,1,0.0,Manuel Rodriguez Patriotic Front (FPMR)
2130,0,0,1.0,1,0,3,16,4434,0,6,0.0,1,0.0,Maoists
2131,0,0,1.0,1,0,3,14,205,0,6,0.0,-9,0.0,Donetsk People's Republic
2132,1,0,0.0,1,0,6,14,258,0,5,0.0,0,1.0,Abu Sayyaf Group (ASG)
2133,0,0,0.0,1,0,2,4,2670,0,5,3.0,1,0.0,Revolutionary Armed Forces of Colombia (FARC)
2134,0,0,0.0,0,1,1,2,1251,0,6,7.0,1,0.0,Al-Shabaab
2135,0,0,0.0,1,0,3,2,3476,0,6,2.0,1,0.0,Islamic State of Iraq and the Levant (ISIL)
2136,0,0,0.0,1,0,6,14,3647,0,5,1.0,1,1.0,Kurdistan Workers' Party (PKK)
2137,0,0,0.0,1,0,3,21,503,0,6,0.0,1,0.0,African National Congress (South Africa)
2138,0,0,0.0,1,0,3,14,13,0,6,4.0,-9,0.0,Islamic State of Iraq and the Levant (ISIL)
2139,0,0,0.0,1,0,3,14,1812,0,6,0.0,-9,0.0,Houthi extremists (Ansar Allah)
2140,0,0,0.0,1,0,3,20,6,0,6,2.0,0,0.0,Houthi extremists (Ansar Allah)
2141,0,0,1.0,1,0,3,1,6349,0,6,0.0,1,0.0,Tupac Amaru Revolutionary Movement (MRTA)
2142,0,0,0.0,1,0,2,4,803,0,5,6.0,1,0.0,Kurdistan Workers' Party (PKK)
2143,0,0,1.0,1,0,2,3,175,0,6,0.0,-9,0.0,Al-Shabaab
2144,0,0,0.0,1,0,3,14,5710,0,6,0.0,1,0.0,Palestinians
2145,0,0,0.0,1,0,3,21,5890,0,6,0.0,1,0.0,Revolutionary Armed Forces of Colombia (FARC)
2146,0,0,1.0,1,0,2,14,27,0,5,1.0,1,0.0,Fulani extremists
2147,0,0,0.0,0,0,3,3,1574,0,6,0.0,1,0.0,Basque Fatherland and Freedom (ETA)
2148,0,0,0.0,1,0,1,2,4423,0,5,1.0,0,0.0,Maoists
2149,0,0,0.0,0,0,1,2,2939,0,5,0.0,-9,0.0,Houthi extremists (Ansar Allah)
2150,0,0,0.0,1,0,2,14,27,0,5,13.0,0,0.0,Boko Haram
2151,0,0,0.0,1,0,1,14,4301,0,5,1.0,0,0.0,Maoists
2152,0,1,0.0,1,0,2,4,48,0,6,0.0,-9,0.0,Donetsk People's Republic
2153,0,0,0.0,1,0,2,4,2660,0,5,1.0,1,0.0,Farabundo Marti National Liberation Front (FMLN)
2154,0,0,0.0,1,0,2,2,5857,0,5,0.0,1,0.0,Revolutionary Armed Forces of Colombia (FARC)
2155,0,0,0.0,1,0,2,3,2770,0,5,4.0,1,0.0,Sikh Extremists
2156,0,0,0.0,1,0,2,4,5581,0,5,1.0,1,0.0,Palestinians
2157,0,0,0.0,1,0,2,4,2660,0,5,1.0,1,0.0,Farabundo Marti National Liberation Front (FMLN)
2158,0,0,0.0,1,0,2,4,172,0,5,3.0,-9,0.0,Taliban
2159,0,0,0.0,1,0,2,3,5048,0,5,1.0,0,0.0,New People's Army (NPA)
2160,0,1,1.0,1,0,7,1,1557,0,8,0.0,1,0.0,Sikh Extremists
2161,0,0,0.0,1,0,2,4,996,0,5,20.0,1,0.0,Al-Qaida in the Arabian Peninsula (AQAP)
2162,0,1,0.0,1,0,2,4,3826,0,5,23.0,1,0.0,Liberation Tigers of Tamil Eelam (LTTE)
2163,0,0,0.0,1,0,3,14,3207,0,6,0.0,1,0.0,Irish Republican Army (IRA)
2164,0,0,0.0,1,0,3,3,5715,0,6,1.0,1,0.0,Palestinians
2165,0,0,0.0,1,0,3,1,1769,0,6,0.0,1,0.0,Tupac Amaru Revolutionary Movement (MRTA)
2166,0,0,1.0,1,0,3,14,13,0,6,2.0,0,0.0,Al-Qaida in Iraq
2167,0,0,0.0,1,0,2,4,2690,0,5,12.0,1,0.0,Farabundo Marti National Liberation Front (FMLN)
2168,0,0,1.0,1,0,2,4,1816,0,5,2.0,-9,0.0,Boko Haram
2169,0,0,1.0,1,0,3,1,2743,0,6,0.0,1,0.0,Farabundo Marti National Liberation Front (FMLN)
2170,0,0,0.0,1,0,2,4,803,0,5,3.0,1,0.0,Revolutionary Armed Forces of Colombia (FARC)
2171,0,0,0.0,1,0,3,2,3791,0,6,0.0,0,0.0,Liberation Tigers of Tamil Eelam (LTTE)
2172,0,0,0.0,1,0,1,1,6481,0,5,3.0,0,0.0,Sikh Extremists
2173,0,0,1.0,1,0,3,14,730,0,6,7.0,0,0.0,Islamic State of Iraq and the Levant (ISIL)
2174,0,0,0.0,1,0,3,15,215,0,6,2.0,1,0.0,Al-Shabaab
2175,0,0,0.0,1,0,2,4,1346,0,5,1.0,-9,0.0,Al-Shabaab
2176,0,0,0.0,1,0,2,4,2660,0,5,0.0,1,0.0,Liberation Tigers of Tamil Eelam (LTTE)
2177,0,0,0.0,1,0,3,4,5581,0,6,1.0,1,0.0,Palestinians
2178,0,1,0.0,1,1,3,15,6982,0,6,31.0,-9,0.0,Tehrik-i-Taliban Pakistan (TTP)
2179,0,0,0.0,1,0,3,15,4139,0,6,0.0,1,0.0,National Liberation Army of Colombia (ELN)
2180,0,0,1.0,1,0,3,3,12,0,6,1.0,1,0.0,Al-Qaida in Iraq
2181,0,0,0.0,1,0,3,3,1478,0,6,0.0,1,0.0,Basque Fatherland and Freedom (ETA)
2182,0,1,1.0,1,0,3,14,13,0,6,3.0,0,0.0,Al-Qaida in Iraq
2183,0,1,0.0,1,0,3,21,5413,0,6,0.0,1,0.0,Nicaraguan Democratic Force (FDN)
2184,0,0,0.0,1,0,6,1,5974,0,5,0.0,0,1.0,Revolutionary Armed Forces of Colombia (FARC)
2185,1,1,0.0,1,0,7,1,3634,0,8,0.0,1,1.0,Kurdistan Workers' Party (PKK)
2186,0,0,0.0,1,1,3,8,51,0,6,2.0,0,0.0,Boko Haram
2187,0,0,0.0,1,0,2,4,803,0,5,1.0,1,0.0,Kurdistan Workers' Party (PKK)
2188,0,0,0.0,1,0,2,4,2660,0,5,12.0,1,0.0,Nicaraguan Democratic Force (FDN)
2189,0,0,0.0,1,0,2,17,305,0,5,1.0,0,0.0,Houthi extremists (Ansar Allah)
2190,0,0,0.0,1,0,3,21,2710,0,6,0.0,1,0.0,Shining Path (SL)
2191,0,0,0.0,1,0,3,2,4197,0,6,0.0,1,0.0,Manuel Rodriguez Patriotic Front (FPMR)
2192,0,0,0.0,1,0,7,1,351,0,8,0.0,1,0.0,New People's Army (NPA)
2193,0,0,0.0,1,0,2,14,2763,0,5,1.0,1,0.0,Farabundo Marti National Liberation Front (FMLN)
2194,1,0,0.0,1,0,6,1,126,0,9,1.0,0,1.0,Abu Sayyaf Group (ASG)
2195,0,0,1.0,1,0,2,14,27,0,5,7.0,1,0.0,Boko Haram
2196,0,0,1.0,1,0,7,14,27,0,8,1.0,1,0.0,Fulani extremists
2197,0,0,0.0,1,0,2,3,85,0,5,1.0,0,0.0,Maoists
2198,0,0,1.0,1,0,3,21,2710,0,6,0.0,1,0.0,Farabundo Marti National Liberation Front (FMLN)
2199,0,0,0.0,1,0,2,4,3777,0,5,0.0,1,0.0,Liberation Tigers of Tamil Eelam (LTTE)
2200,0,0,0.0,1,0,3,14,1292,0,6,5.0,-9,0.0,Houthi extremists (Ansar Allah)
2201,0,0,1.0,1,0,2,14,27,0,5,7.0,1,0.0,Fulani extremists
2202,0,0,0.0,1,0,3,1,6833,0,6,0.0,1,0.0,Tupac Amaru Revolutionary Movement (MRTA)
2203,0,0,0.0,1,0,3,21,4800,0,6,0.0,1,0.0,National Liberation Army of Colombia (ELN)
2204,0,0,0.0,1,0,3,3,3627,0,6,0.0,1,0.0,Kurdistan Workers' Party (PKK)
2205,0,0,0.0,1,0,1,3,3119,0,5,1.0,0,0.0,Irish Republican Army (IRA)
2206,0,0,1.0,1,0,2,14,27,0,5,2.0,1,0.0,Fulani extremists
2207,0,0,0.0,1,0,3,19,4391,0,6,0.0,-9,0.0,Revolutionary Armed Forces of Colombia (FARC)
2208,0,0,0.0,1,0,7,19,3612,0,8,0.0,1,0.0,Kurdistan Workers' Party (PKK)
2209,0,0,0.0,1,0,5,15,5663,0,5,3.0,1,0.0,Palestinians
2210,0,0,0.0,1,0,1,14,3692,0,5,3.0,0,0.0,Sikh Extremists
2211,0,0,0.0,1,0,2,3,12,0,5,14.0,0,0.0,Taliban
2212,0,0,0.0,1,0,2,15,4607,0,5,2.0,1,0.0,Muslim extremists
2213,0,0,0.0,1,0,1,14,3084,0,5,1.0,0,0.0,Irish Republican Army (IRA)
2214,0,0,0.0,1,0,6,14,2094,0,5,1.0,0,1.0,Communist Party of India - Maoist (CPI-Maoist)
2215,0,0,0.0,1,0,2,7,2711,0,5,0.0,1,0.0,Farabundo Marti National Liberation Front (FMLN)
2216,0,0,1.0,1,0,2,14,1829,0,5,1.0,-9,0.0,Fulani extremists
2217,0,0,0.0,1,0,6,8,214,0,5,0.0,0,1.0,Abu Sayyaf Group (ASG)
2218,0,0,0.0,1,0,1,14,5632,0,9,1.0,0,0.0,Palestinians
2219,0,0,0.0,1,0,3,2,1610,0,6,0.0,1,0.0,Basque Fatherland and Freedom (ETA)
2220,0,0,0.0,1,0,3,4,48,0,6,0.0,0,0.0,Donetsk People's Republic
2221,0,1,0.0,0,0,2,3,85,0,5,4.0,0,0.0,Tehrik-i-Taliban Pakistan (TTP)
2222,1,0,0.0,1,0,6,1,46,0,5,1.0,0,1.0,Abu Sayyaf Group (ASG)
2223,0,0,0.0,1,0,3,1,3238,0,6,0.0,1,0.0,Irish Republican Army (IRA)
2224,0,0,0.0,1,0,3,14,13,0,6,9.0,0,0.0,Al-Qaida in the Arabian Peninsula (AQAP)
2225,0,0,0.0,1,0,2,14,1216,0,5,9.0,0,0.0,Fulani extremists
2226,0,0,0.0,1,0,7,7,5570,0,8,0.0,1,0.0,Palestinians
2227,0,1,0.0,1,0,2,4,803,0,5,15.0,1,0.0,Kurdistan Workers' Party (PKK)
2228,0,0,0.0,1,0,3,2,5912,0,6,0.0,1,0.0,Revolutionary Armed Forces of Colombia (FARC)
2229,0,0,1.0,1,0,3,4,48,0,6,1.0,-9,0.0,Donetsk People's Republic
2230,0,0,0.0,1,0,3,3,2470,0,5,1.0,1,0.0,Corsican National Liberation Front (FLNC)
2231,0,0,0.0,1,0,2,4,5153,0,5,1.0,0,0.0,New People's Army (NPA)
2232,0,0,1.0,1,0,3,1,1077,0,6,3.0,-9,0.0,Al-Qaida in the Arabian Peninsula (AQAP)
2233,0,0,0.0,1,0,3,14,3279,0,6,1.0,1,0.0,Irish Republican Army (IRA)
2234,0,0,0.0,1,0,2,3,514,0,5,1.0,1,0.0,Manuel Rodriguez Patriotic Front (FPMR)
2235,0,0,0.0,1,0,6,14,1216,0,5,15.0,0,1.0,Al-Shabaab
2236,0,0,0.0,1,0,3,21,4063,0,6,0.0,1,0.0,Manuel Rodriguez Patriotic Front (FPMR)
2237,0,0,1.0,1,0,3,14,367,0,6,0.0,1,0.0,Al-Qaida in the Arabian Peninsula (AQAP)
2238,0,0,1.0,1,0,2,14,27,0,5,10.0,1,0.0,Fulani extremists
2239,0,0,0.0,1,0,3,1,1769,0,6,0.0,1,0.0,Corsican National Liberation Front (FLNC)
2240,0,0,0.0,1,0,2,4,48,0,5,4.0,1,0.0,Al-Shabaab
2241,0,0,0.0,0,0,3,20,6,0,6,0.0,0,0.0,Maoists
2242,0,0,0.0,1,0,2,14,5406,0,5,0.0,1,0.0,Nicaraguan Democratic Force (FDN)
2243,0,0,0.0,1,0,7,1,1952,0,8,0.0,1,0.0,Communist Party of India - Maoist (CPI-Maoist)
2244,0,0,0.0,0,0,3,20,6,0,6,0.0,0,0.0,National Liberation Army of Colombia (ELN)
2245,0,0,0.0,1,0,2,2,1866,0,5,1.0,0,0.0,Boko Haram
2246,0,0,0.0,1,0,3,2,7308,0,6,0.0,1,0.0,Tupac Amaru Revolutionary Movement (MRTA)
2247,0,0,0.0,1,0,3,4,521,0,6,0.0,1,0.0,African National Congress (South Africa)
2248,0,0,0.0,1,0,2,4,2660,0,5,23.0,1,0.0,Nicaraguan Democratic Force (FDN)
2249,0,0,1.0,1,0,3,1,1188,0,6,0.0,1,0.0,Tupac Amaru Revolutionary Movement (MRTA)
2250,0,0,0.0,1,0,7,8,6786,0,8,0.0,1,0.0,Taliban
2251,0,0,0.0,1,0,3,19,3533,0,6,0.0,1,0.0,Kurdistan Workers' Party (PKK)
2252,0,0,0.0,0,0,1,1,3103,0,6,0.0,0,0.0,Irish Republican Army (IRA)
2253,0,0,0.0,1,0,3,4,20,0,6,9.0,-9,0.0,Islamic State of Iraq and the Levant (ISIL)
2254,0,1,0.0,1,0,7,14,2057,0,8,1.0,1,0.0,Communist Party of India - Maoist (CPI-Maoist)
2255,0,0,0.0,1,0,3,4,20,0,6,1.0,-9,0.0,Al-Qaida in the Arabian Peninsula (AQAP)
2256,0,0,0.0,1,0,2,4,2690,0,5,1.0,1,0.0,Nicaraguan Democratic Force (FDN)
2257,0,0,0.0,1,0,2,4,291,0,5,2.0,0,0.0,Al-Qaida in the Arabian Peninsula (AQAP)
2258,0,0,0.0,1,0,2,4,48,0,5,3.0,1,0.0,Muslim extremists
2259,0,0,0.0,1,0,3,2,564,0,6,0.0,1,0.0,African National Congress (South Africa)
2260,0,0,0.0,1,0,2,14,27,0,5,5.0,0,0.0,Fulani extremists
2261,0,0,1.0,1,1,3,4,48,0,6,10.0,0,0.0,Islamic State of Iraq and the Levant (ISIL)
2262,0,0,0.0,1,0,3,4,4808,0,6,0.0,1,0.0,National Liberation Army of Colombia (ELN)
2263,0,0,0.0,1,0,3,2,4098,0,6,0.0,1,0.0,Manuel Rodriguez Patriotic Front (FPMR)
2264,0,0,1.0,1,0,3,2,2425,0,6,0.0,1,0.0,Corsican National Liberation Front (FLNC)
2265,0,0,1.0,1,0,3,14,1257,0,6,0.0,1,0.0,Islamic State of Iraq and the Levant (ISIL)
2266,0,0,0.0,1,0,3,21,2659,0,6,1.0,1,0.0,Farabundo Marti National Liberation Front (FMLN)
2267,1,0,0.0,1,0,6,1,81,0,5,0.0,0,1.0,Abu Sayyaf Group (ASG)
2268,0,0,0.0,1,0,1,14,5672,0,9,1.0,0,0.0,Palestinians
2269,0,0,1.0,1,0,3,1,1557,0,6,0.0,1,0.0,Corsican National Liberation Front (FLNC)
2270,0,0,1.0,1,0,3,1,1557,0,6,0.0,1,0.0,Corsican National Liberation Front (FLNC)
2271,0,0,0.0,1,0,2,4,803,0,5,1.0,1,0.0,Nicaraguan Democratic Force (FDN)
2272,0,0,0.0,1,0,2,4,12,0,5,2.0,0,0.0,Maoists
2273,0,0,0.0,1,0,2,3,175,0,5,0.0,0,0.0,Maoists
2274,0,0,0.0,1,0,3,4,3306,0,6,3.0,1,0.0,Irish Republican Army (IRA)
2275,0,0,0.0,1,0,2,4,162,0,5,0.0,1,0.0,Donetsk People's Republic
2276,1,0,0.0,1,0,6,4,767,0,5,16.0,1,1.0,Al-Qaida in the Arabian Peninsula (AQAP)
2277,1,0,0.0,1,0,6,2,2888,0,5,1.0,0,1.0,Fulani extremists
2278,1,0,1.0,1,0,6,14,27,0,8,1.0,1,1.0,Boko Haram
2279,0,0,1.0,1,0,3,3,356,0,6,1.0,0,0.0,Tehrik-i-Taliban Pakistan (TTP)
2280,0,0,1.0,1,0,3,4,6158,0,6,13.0,-9,0.0,Shining Path (SL)
2281,0,0,0.0,1,0,2,3,12,0,5,0.0,0,0.0,Maoists
2282,0,0,0.0,1,0,3,1,3192,0,6,0.0,1,0.0,Irish Republican Army (IRA)
2283,0,0,0.0,1,0,2,2,1324,0,5,0.0,0,0.0,Al-Shabaab
2284,0,0,0.0,1,0,2,4,93,0,5,1.0,-9,0.0,New People's Army (NPA)
2285,0,0,1.0,1,0,3,1,4064,0,6,0.0,1,0.0,Manuel Rodriguez Patriotic Front (FPMR)
2286,0,0,1.0,1,0,3,3,3950,0,6,2.0,1,0.0,Liberation Tigers of Tamil Eelam (LTTE)
2287,0,0,0.0,1,0,2,3,3185,0,5,1.0,0,0.0,Irish Republican Army (IRA)
2288,0,0,0.0,1,0,3,14,2347,0,6,0.0,1,0.0,Corsican National Liberation Front (FLNC)
2289,0,1,0.0,0,0,3,14,13,0,6,0.0,0,0.0,Maoists
2290,0,0,0.0,1,0,3,19,4560,0,6,4.0,1,0.0,Muslim extremists
2291,0,0,1.0,1,0,3,1,1847,0,6,0.0,0,0.0,Muslim extremists
2292,0,0,0.0,1,0,2,14,3526,0,5,6.0,1,0.0,Kurdistan Workers' Party (PKK)
2293,0,0,0.0,1,0,3,14,669,0,6,0.0,1,0.0,Tupac Amaru Revolutionary Movement (MRTA)
2294,0,0,0.0,1,0,1,4,3171,0,5,1.0,0,0.0,Irish Republican Army (IRA)
2295,0,0,1.0,1,0,3,1,1557,0,6,0.0,1,0.0,Corsican National Liberation Front (FLNC)
2296,0,1,0.0,1,0,2,14,2169,0,9,0.0,1,0.0,Communist Party of India - Maoist (CPI-Maoist)
2297,0,1,1.0,1,0,3,3,219,0,6,0.0,1,0.0,Maoists
2298,0,0,0.0,1,0,2,4,2660,0,5,0.0,1,0.0,Nicaraguan Democratic Force (FDN)
2299,0,0,1.0,1,0,2,14,27,0,5,21.0,-9,0.0,Fulani extremists
2300,0,0,0.0,1,0,3,15,3661,0,6,0.0,1,0.0,Kurdistan Workers' Party (PKK)
2301,0,0,0.0,1,0,1,14,5696,0,9,1.0,0,0.0,Palestinians
2302,0,0,0.0,1,0,1,3,6616,0,5,4.0,0,0.0,Sikh Extremists
2303,0,0,1.0,1,0,2,2,775,0,5,0.0,0,0.0,Al-Qaida in Iraq
2304,0,0,1.0,1,0,6,17,305,0,6,31.0,0,1.0,Islamic State of Iraq and the Levant (ISIL)
2305,0,0,0.0,0,0,3,4,402,0,6,0.0,0,0.0,Houthi extremists (Ansar Allah)
2306,0,0,0.0,1,0,1,14,3124,0,6,1.0,0,0.0,Irish Republican Army (IRA)
2307,0,0,0.0,1,0,2,14,1812,0,6,0.0,-9,0.0,Houthi extremists (Ansar Allah)
2308,0,0,1.0,1,0,3,14,2387,0,6,0.0,1,0.0,Corsican National Liberation Front (FLNC)
2309,1,0,0.0,1,0,6,14,111,0,5,0.0,-9,1.0,Abu Sayyaf Group (ASG)
2310,0,0,0.0,1,0,1,14,6535,0,5,8.0,0,0.0,Sikh Extremists
2311,0,0,0.0,1,0,1,14,6167,0,5,1.0,0,0.0,Shining Path (SL)
2312,0,0,1.0,1,0,3,21,2672,0,6,0.0,1,0.0,Farabundo Marti National Liberation Front (FMLN)
2313,0,0,0.0,0,0,1,14,5555,0,9,0.0,0,0.0,Palestinians
2314,0,0,1.0,1,0,3,15,1845,0,6,6.0,1,0.0,Boko Haram
2315,0,1,1.0,1,0,3,21,5827,0,6,0.0,1,0.0,Revolutionary Armed Forces of Colombia (FARC)
2316,0,0,0.0,1,0,2,2,2016,0,5,1.0,1,0.0,Communist Party of India - Maoist (CPI-Maoist)
2317,0,0,0.0,1,0,2,4,2660,0,5,1.0,1,0.0,Nicaraguan Democratic Force (FDN)
2318,0,0,0.0,1,0,3,1,1769,0,6,0.0,1,0.0,Corsican National Liberation Front (FLNC)
2319,0,0,0.0,1,0,2,4,2690,0,5,4.0,1,0.0,Nicaraguan Democratic Force (FDN)
2320,0,0,0.0,1,0,3,4,330,0,6,4.0,1,0.0,Al-Qaida in the Arabian Peninsula (AQAP)
2321,0,0,0.0,1,0,3,17,1223,0,6,3.0,1,0.0,Al-Shabaab
2322,0,0,1.0,1,0,2,14,205,0,5,15.0,1,0.0,Fulani extremists
2323,0,0,1.0,0,0,7,2,767,0,5,0.0,0,0.0,Donetsk People's Republic
2324,0,0,0.0,1,0,2,14,3189,0,8,0.0,0,0.0,Irish Republican Army (IRA)
2325,0,0,0.0,1,0,1,1,1602,0,5,1.0,0,0.0,Basque Fatherland and Freedom (ETA)
2326,0,0,0.0,1,0,3,21,707,0,6,0.0,1,0.0,Manuel Rodriguez Patriotic Front (FPMR)
2327,0,0,0.0,1,0,3,1,1519,0,6,2.0,1,0.0,Basque Fatherland and Freedom (ETA)
2328,0,1,0.0,1,0,2,17,305,0,5,2.0,0,0.0,Al-Qaida in the Arabian Peninsula (AQAP)
2329,0,0,1.0,1,0,3,14,1292,0,6,2.0,-9,0.0,Houthi extremists (Ansar Allah)
2330,0,0,0.0,1,0,2,14,27,0,5,4.0,1,0.0,Fulani extremists
2331,0,0,0.0,1,0,1,2,986,0,5,1.0,0,0.0,Al-Qaida in the Arabian Peninsula (AQAP)
2332,0,0,0.0,1,0,3,14,13,0,6,3.0,1,0.0,Al-Qaida in Iraq
2333,0,0,0.0,1,1,3,2,802,0,6,2.0,0,0.0,Al-Qaida in Iraq
2334,0,0,0.0,0,1,3,4,3878,0,6,1.0,1,0.0,Liberation Tigers of Tamil Eelam (LTTE)
2335,0,0,1.0,1,0,3,19,56,0,6,0.0,1,0.0,Manuel Rodriguez Patriotic Front (FPMR)
2336,0,0,0.0,1,0,2,4,2670,0,5,1.0,1,0.0,Farabundo Marti National Liberation Front (FMLN)
2337,0,0,1.0,1,0,7,8,51,0,8,0.0,1,0.0,Kurdistan Workers' Party (PKK)
2338,0,0,0.0,1,0,2,4,2670,0,5,22.0,1,1.0,Farabundo Marti National Liberation Front (FMLN)
2339,0,0,0.0,1,0,1,7,7278,0,6,0.0,1,0.0,Tupac Amaru Revolutionary Movement (MRTA)
2340,0,0,1.0,1,0,3,1,1769,0,6,0.0,1,0.0,Shining Path (SL)
2341,0,0,1.0,1,0,3,21,2659,0,6,0.0,1,0.0,Shining Path (SL)
2342,0,0,0.0,1,0,2,3,803,0,5,3.0,1,0.0,Irish Republican Army (IRA)
2343,0,0,0.0,1,0,1,3,3148,0,5,1.0,0,0.0,Irish Republican Army (IRA)
2344,0,0,1.0,1,0,2,14,13,0,5,5.0,1,0.0,Fulani extremists
2345,0,0,1.0,1,0,2,14,27,0,5,4.0,0,0.0,Fulani extremists
2346,0,0,0.0,1,0,3,2,525,0,6,1.0,1,0.0,African National Congress (South Africa)
2347,0,1,0.0,1,0,2,4,992,0,5,25.0,1,0.0,Al-Qaida in the Arabian Peninsula (AQAP)
2348,0,0,1.0,1,0,3,1,1557,0,6,0.0,1,0.0,Corsican National Liberation Front (FLNC)
2349,0,0,0.0,1,0,7,2,2722,0,5,0.0,1,0.0,Farabundo Marti National Liberation Front (FMLN)
2350,1,0,0.0,1,0,6,1,5840,0,5,0.0,0,1.0,Revolutionary Armed Forces of Colombia (FARC)
2351,0,0,1.0,1,0,3,4,4606,0,6,4.0,0,0.0,Muslim extremists
2352,0,0,0.0,1,0,2,4,2737,0,5,6.0,1,0.0,Revolutionary Armed Forces of Colombia (FARC)
2353,1,0,0.0,1,0,6,14,2055,0,5,1.0,0,1.0,Communist Party of India - Maoist (CPI-Maoist)
2354,0,1,0.0,1,0,3,19,56,0,6,0.0,1,0.0,Maoists
2355,0,0,1.0,1,0,7,1,2151,0,8,0.0,1,0.0,Communist Party of India - Maoist (CPI-Maoist)
2356,0,0,0.0,1,0,3,4,1215,0,6,1.0,0,0.0,Al-Shabaab
2357,0,0,0.0,1,0,1,2,6508,0,6,1.0,0,0.0,Sikh Extremists
2358,0,0,1.0,1,0,2,14,27,0,5,1.0,1,0.0,Fulani extremists
2359,0,0,1.0,1,0,3,14,1327,0,6,1.0,0,0.0,Islamic State of Iraq and the Levant (ISIL)
2360,0,0,0.0,0,0,3,4,4854,0,6,5.0,1,0.0,National Liberation Army of Colombia (ELN)
2361,0,0,0.0,1,0,2,4,2660,0,5,10.0,1,0.0,Nicaraguan Democratic Force (FDN)
2362,0,0,0.0,1,0,3,4,6825,0,6,0.0,1,0.0,Taliban
2363,0,0,0.0,1,0,7,14,27,0,8,5.0,1,0.0,Boko Haram
2364,0,1,0.0,1,0,3,19,5838,0,6,3.0,1,0.0,Revolutionary Armed Forces of Colombia (FARC)
2365,0,0,0.0,1,0,3,22,7079,0,6,2.0,1,0.0,Tehrik-i-Taliban Pakistan (TTP)
2366,0,0,0.0,1,0,2,1,5364,0,5,12.0,1,0.0,Nicaraguan Democratic Force (FDN)
2367,0,0,0.0,1,0,3,14,205,0,6,1.0,0,0.0,Houthi extremists (Ansar Allah)
2368,0,0,0.0,0,0,3,19,1599,0,6,0.0,1,0.0,Basque Fatherland and Freedom (ETA)
2369,0,0,0.0,1,0,1,14,5201,0,5,1.0,0,0.0,New People's Army (NPA)
2370,0,0,1.0,0,0,3,3,85,0,6,0.0,0,0.0,Communist Party of India - Maoist (CPI-Maoist)
2371,0,0,0.0,1,0,2,4,268,0,5,1.0,0,0.0,Muslim extremists
2372,0,0,0.0,1,0,3,8,4765,0,6,0.0,1,0.0,National Liberation Army of Colombia (ELN)
2373,0,0,0.0,1,0,2,14,13,0,5,174.0,1,0.0,Boko Haram
2374,0,0,1.0,1,0,3,14,2938,0,6,3.0,1,0.0,Houthi extremists (Ansar Allah)
2375,0,0,1.0,1,0,3,14,1257,0,6,0.0,1,0.0,Islamic State of Iraq and the Levant (ISIL)
2376,0,0,1.0,1,0,7,15,215,0,8,0.0,1,0.0,Taliban
2377,0,0,0.0,1,0,1,14,4948,0,5,8.0,0,0.0,National Liberation Army of Colombia (ELN)
2378,0,0,0.0,1,0,2,14,7011,0,5,1.0,0,0.0,Tehrik-i-Taliban Pakistan (TTP)
2379,0,0,1.0,1,0,3,8,764,0,6,0.0,1,0.0,Al-Qaida in Iraq
2380,0,0,0.0,1,0,2,4,5241,0,5,11.0,0,0.0,New People's Army (NPA)
2381,0,0,0.0,1,0,3,8,2592,0,6,1.0,1,0.0,Donetsk People's Republic
2382,0,0,1.0,1,0,3,21,4143,0,6,0.0,1,0.0,National Liberation Army of Colombia (ELN)
2383,0,0,0.0,0,0,3,4,3283,0,5,0.0,1,0.0,Irish Republican Army (IRA)
2384,0,0,1.0,1,0,3,2,4438,0,6,0.0,1,0.0,Maoists
2385,0,0,0.0,1,0,3,19,6222,0,6,0.0,1,0.0,Shining Path (SL)
2386,0,0,1.0,1,0,2,2,2871,0,5,2.0,1,0.0,Fulani extremists
2387,0,1,0.0,1,0,3,14,13,0,6,3.0,-9,0.0,Maoists
2388,1,0,0.0,1,0,6,3,5958,0,6,1.0,1,1.0,Revolutionary Armed Forces of Colombia (FARC)
2389,0,0,0.0,1,1,3,14,730,0,6,10.0,-9,0.0,Islamic State of Iraq and the Levant (ISIL)
2390,0,0,0.0,1,0,2,4,2800,0,5,0.0,1,0.0,Farabundo Marti National Liberation Front (FMLN)
2391,0,0,1.0,1,1,3,14,1852,0,6,6.0,1,0.0,Boko Haram
2392,0,0,0.0,1,0,2,19,56,0,5,1.0,1,0.0,Farabundo Marti National Liberation Front (FMLN)
2393,0,0,0.0,1,0,5,14,13,0,5,0.0,0,1.0,Houthi extremists (Ansar Allah)
2394,0,0,1.0,1,0,2,14,27,0,5,1.0,0,0.0,Fulani extremists
2395,0,0,0.0,1,0,3,2,2379,0,6,0.0,1,0.0,Corsican National Liberation Front (FLNC)
2396,0,0,0.0,1,0,3,4,638,0,6,8.0,1,0.0,African National Congress (South Africa)
2397,0,0,0.0,1,0,3,3,3212,0,6,1.0,1,0.0,Irish Republican Army (IRA)
2398,0,0,0.0,1,0,3,14,2404,0,6,0.0,1,0.0,Corsican National Liberation Front (FLNC)
2399,0,0,1.0,1,0,3,8,788,0,6,0.0,0,0.0,Al-Qaida in Iraq
2400,0,1,0.0,1,0,3,14,13,0,6,3.0,-9,0.0,Tehrik-i-Taliban Pakistan (TTP)
2401,0,0,0.0,1,0,7,19,4371,0,8,0.0,1,0.0,Maoists
2402,1,0,1.0,1,0,6,14,5863,0,5,1.0,0,1.0,Revolutionary Armed Forces of Colombia (FARC)
2403,0,0,0.0,1,0,3,1,2494,0,6,0.0,1,0.0,National Liberation Army of Colombia (ELN)
2404,0,0,0.0,1,0,7,2,2452,0,5,0.0,1,0.0,Corsican National Liberation Front (FLNC)
2405,0,0,0.0,1,0,2,4,5211,0,5,0.0,0,0.0,New People's Army (NPA)
2406,0,0,0.0,1,0,2,14,4444,0,5,1.0,0,0.0,Maoists
2407,0,0,0.0,1,0,3,14,2705,0,6,0.0,1,0.0,Farabundo Marti National Liberation Front (FMLN)
2408,0,0,0.0,0,0,3,3,574,0,6,0.0,0,0.0,Palestinians
2409,0,0,0.0,1,0,2,3,803,0,5,1.0,1,0.0,Sikh Extremists
2410,0,0,0.0,1,0,3,1,433,0,6,0.0,1,0.0,African National Congress (South Africa)
2411,0,0,0.0,0,0,3,20,6,0,6,0.0,0,0.0,Islamic State of Iraq and the Levant (ISIL)
2412,0,0,0.0,1,0,2,14,1327,0,5,5.0,1,0.0,Fulani extremists
2413,0,1,0.0,1,0,3,4,48,0,6,1.0,-9,0.0,Donetsk People's Republic
2414,0,0,0.0,1,0,3,15,259,0,6,7.0,1,0.0,Abu Sayyaf Group (ASG)
2415,0,0,0.0,1,0,3,15,4578,0,6,0.0,1,0.0,Muslim extremists
2416,0,0,0.0,1,0,2,14,6559,0,5,11.0,0,0.0,Sikh Extremists
2417,0,0,0.0,1,0,2,14,6620,0,5,4.0,1,0.0,Sikh Extremists
2418,0,0,0.0,1,0,2,1,1580,0,5,0.0,0,0.0,Basque Fatherland and Freedom (ETA)
2419,0,0,0.0,0,0,3,14,5666,0,6,0.0,0,0.0,Palestinians
2420,0,0,1.0,1,0,6,2,4352,0,5,1.0,0,1.0,Maoists
2421,0,0,0.0,1,0,2,7,2967,0,5,0.0,0,0.0,Houthi extremists (Ansar Allah)
2422,0,0,0.0,1,0,2,19,6452,0,5,15.0,1,0.0,Sikh Extremists
2423,0,0,0.0,1,0,2,19,3589,0,8,0.0,1,0.0,National Liberation Army of Colombia (ELN)
2424,0,0,0.0,1,0,3,1,387,0,6,1.0,1,0.0,Donetsk People's Republic
2425,0,0,0.0,1,0,3,3,3839,0,6,0.0,-9,0.0,Liberation Tigers of Tamil Eelam (LTTE)
2426,0,0,0.0,1,0,2,3,6213,0,5,0.0,1,0.0,Shining Path (SL)
2427,0,0,0.0,1,0,2,4,5385,0,5,0.0,1,0.0,Nicaraguan Democratic Force (FDN)
2428,0,0,0.0,1,0,2,4,20,0,5,3.0,0,0.0,Al-Qaida in the Arabian Peninsula (AQAP)
2429,0,0,0.0,1,0,2,3,20,0,5,1.0,0,0.0,New People's Army (NPA)
2430,0,1,1.0,1,0,7,1,1557,0,8,0.0,1,0.0,Sikh Extremists
2431,0,0,0.0,1,0,7,8,7074,0,8,0.0,1,0.0,Tehrik-i-Taliban Pakistan (TTP)
2432,0,0,0.0,1,0,3,4,402,0,6,0.0,0,0.0,National Liberation Army of Colombia (ELN)
2433,0,0,0.0,1,0,2,4,7291,0,5,6.0,1,0.0,Tupac Amaru Revolutionary Movement (MRTA)
2434,1,0,0.0,1,0,6,4,5092,0,5,1.0,0,1.0,New People's Army (NPA)
2435,0,1,0.0,1,0,2,4,648,0,5,10.0,1,0.0,Liberation Tigers of Tamil Eelam (LTTE)
2436,0,0,0.0,1,0,8,14,2034,0,9,1.0,0,0.0,Communist Party of India - Maoist (CPI-Maoist)
2437,0,0,0.0,1,1,3,4,7024,0,6,5.0,1,0.0,Tehrik-i-Taliban Pakistan (TTP)
2438,1,0,0.0,1,0,6,1,6755,0,5,0.0,-9,1.0,Taliban
2439,1,0,0.0,1,0,6,14,114,0,9,1.0,0,1.0,Abu Sayyaf Group (ASG)
2440,0,0,0.0,1,0,3,3,2473,0,6,0.0,1,0.0,Corsican National Liberation Front (FLNC)
2441,0,1,0.0,1,0,2,3,162,0,6,4.0,1,0.0,Revolutionary Armed Forces of Colombia (FARC)
2442,1,1,0.0,1,0,7,1,3636,0,8,0.0,1,1.0,Kurdistan Workers' Party (PKK)
2443,0,0,0.0,1,0,2,1,4396,0,5,0.0,1,0.0,Maoists
2444,0,0,0.0,1,0,2,3,1891,0,5,1.0,-9,0.0,Boko Haram
2445,0,0,0.0,1,0,3,4,421,0,6,0.0,1,0.0,African National Congress (South Africa)
2446,1,0,1.0,1,0,6,14,27,0,5,3.0,0,1.0,Fulani extremists
2447,0,0,0.0,1,0,3,4,402,0,6,0.0,-9,0.0,Al-Shabaab
2448,0,0,0.0,1,0,3,14,730,0,6,1.0,0,0.0,Al-Qaida in Iraq
2449,0,0,1.0,1,0,2,14,13,0,5,1.0,-9,0.0,Fulani extremists
2450,0,1,0.0,1,0,3,19,609,0,6,0.0,1,0.0,African National Congress (South Africa)
2451,0,0,0.0,1,0,2,14,4666,0,5,12.0,1,0.0,Muslim extremists
2452,0,0,0.0,1,0,3,3,2013,0,6,0.0,1,0.0,Communist Party of India - Maoist (CPI-Maoist)
2453,0,0,0.0,1,0,2,4,2660,0,5,3.0,1,0.0,Farabundo Marti National Liberation Front (FMLN)
2454,0,0,0.0,1,0,3,1,1077,0,6,1.0,1,0.0,Manuel Rodriguez Patriotic Front (FPMR)
2455,0,0,0.0,1,0,2,14,6511,0,5,6.0,1,0.0,Sikh Extremists
2456,0,0,0.0,1,0,3,21,1692,0,6,0.0,1,0.0,Basque Fatherland and Freedom (ETA)
2457,0,0,0.0,1,0,7,1,630,0,8,0.0,1,0.0,African National Congress (South Africa)
2458,0,0,1.0,1,0,3,4,0,0,6,1.0,0,0.0,Islamic State of Iraq and the Levant (ISIL)
2459,0,1,0.0,1,0,2,3,2048,0,9,1.0,0,0.0,Communist Party of India - Maoist (CPI-Maoist)
2460,0,0,1.0,1,0,3,3,162,0,6,0.0,1,0.0,Houthi extremists (Ansar Allah)
2461,0,0,0.0,1,0,7,14,27,0,8,0.0,1,0.0,Al-Shabaab
2462,0,1,0.0,0,0,2,4,48,0,5,0.0,0,0.0,Donetsk People's Republic
2463,0,1,0.0,0,0,3,14,5825,0,6,0.0,0,0.0,Revolutionary Armed Forces of Colombia (FARC)
2464,0,0,0.0,0,0,1,3,625,0,5,0.0,0,0.0,Irish Republican Army (IRA)
2465,0,0,0.0,1,0,3,2,536,0,6,0.0,1,0.0,African National Congress (South Africa)
2466,0,0,0.0,1,0,6,14,1972,0,5,1.0,0,1.0,Communist Party of India - Maoist (CPI-Maoist)
2467,0,1,0.0,1,0,2,4,48,0,6,0.0,-9,0.0,Donetsk People's Republic
2468,0,0,0.0,1,0,3,14,205,0,6,14.0,1,0.0,Revolutionary Armed Forces of Colombia (FARC)
2469,0,0,0.0,1,0,3,4,330,0,6,2.0,1,0.0,Al-Shabaab
2470,0,0,1.0,1,0,2,4,172,0,5,7.0,-9,0.0,Taliban
2471,0,0,0.0,1,0,3,21,7188,0,6,0.0,1,0.0,Tupac Amaru Revolutionary Movement (MRTA)
2472,0,0,0.0,0,0,1,2,1320,0,6,2.0,1,0.0,Al-Shabaab
2473,0,0,0.0,1,1,3,7,870,0,6,1.0,1,0.0,Al-Qaida in Iraq
2474,0,0,0.0,1,0,2,14,908,0,5,1.0,0,0.0,Al-Shabaab
2475,0,0,1.0,1,0,3,14,2199,0,6,1.0,1,0.0,Communist Party of India - Maoist (CPI-Maoist)
2476,0,1,0.0,1,0,3,4,1248,0,6,1.0,1,0.0,Al-Shabaab
2477,0,0,0.0,1,0,3,1,2723,0,6,1.0,1,0.0,Farabundo Marti National Liberation Front (FMLN)
2478,1,0,0.0,1,0,6,2,1857,0,6,61.0,1,1.0,Boko Haram
2479,0,0,0.0,1,0,6,2,2183,0,5,1.0,-9,1.0,Communist Party of India - Maoist (CPI-Maoist)
2480,0,0,0.0,1,0,3,4,13,0,6,0.0,1,0.0,Liberation Tigers of Tamil Eelam (LTTE)
2481,0,0,0.0,1,0,2,3,514,0,5,1.0,1,0.0,Sikh Extremists
2482,0,0,0.0,1,0,3,2,3202,0,6,0.0,1,0.0,Irish Republican Army (IRA)
2483,0,0,0.0,1,0,3,1,427,0,6,0.0,1,0.0,Manuel Rodriguez Patriotic Front (FPMR)
2484,0,0,0.0,0,0,2,4,979,0,5,0.0,0,0.0,Houthi extremists (Ansar Allah)
2485,0,0,0.0,1,0,3,14,1535,0,6,1.0,1,0.0,Palestinians
2486,0,0,0.0,1,0,2,14,27,0,5,11.0,1,0.0,Fulani extremists
2487,0,0,0.0,1,0,7,14,3650,0,8,0.0,1,0.0,Kurdistan Workers' Party (PKK)
2488,0,0,0.0,1,0,2,14,5870,0,5,2.0,1,0.0,Revolutionary Armed Forces of Colombia (FARC)
2489,1,0,0.0,1,0,6,1,54,0,5,0.0,1,1.0,Abu Sayyaf Group (ASG)
2490,0,0,0.0,1,0,2,4,48,0,6,3.0,-9,0.0,Al-Shabaab
2491,0,1,1.0,1,0,3,21,2710,0,6,0.0,1,0.0,Shining Path (SL)
2492,0,1,0.0,1,0,7,2,2190,0,8,0.0,1,0.0,Communist Party of India - Maoist (CPI-Maoist)
2493,0,0,0.0,1,0,3,1,6301,0,6,0.0,0,0.0,Shining Path (SL)
2494,0,0,1.0,1,0,3,3,85,0,6,1.0,0,0.0,Al-Qaida in Iraq
2495,0,0,0.0,1,1,3,4,402,0,6,7.0,-9,0.0,Al-Qaida in the Arabian Peninsula (AQAP)
2496,0,0,0.0,1,0,2,14,27,0,5,15.0,1,0.0,Fulani extremists
2497,0,0,0.0,1,0,3,3,12,0,6,0.0,0,0.0,Maoists
2498,0,0,0.0,1,0,3,2,7227,0,6,0.0,1,0.0,Tupac Amaru Revolutionary Movement (MRTA)
2499,0,0,0.0,1,0,1,14,6488,0,5,1.0,0,0.0,Sikh Extremists
2500,0,0,0.0,1,0,3,14,3854,0,6,2.0,1,0.0,Liberation Tigers of Tamil Eelam (LTTE)
2501,0,0,0.0,1,0,2,4,2660,0,5,1.0,1,0.0,Nicaraguan Democratic Force (FDN)
2502,0,0,0.0,1,0,1,14,6015,0,5,3.0,0,0.0,Revolutionary Armed Forces of Colombia (FARC)
2503,0,0,0.0,1,0,3,2,7248,0,6,0.0,1,0.0,Tupac Amaru Revolutionary Movement (MRTA)
2504,0,0,0.0,1,0,1,4,3231,0,5,1.0,0,0.0,Irish Republican Army (IRA)
2505,0,0,0.0,1,0,7,2,5524,0,8,0.0,1,0.0,Palestinians
2506,0,1,0.0,1,0,3,4,48,0,6,0.0,-9,0.0,Donetsk People's Republic
2507,0,0,0.0,0,0,3,20,6,0,6,0.0,0,0.0,Abu Sayyaf Group (ASG)
2508,1,0,0.0,1,0,6,1,4820,0,5,0.0,0,1.0,National Liberation Army of Colombia (ELN)
2509,0,1,0.0,1,0,3,3,445,0,6,0.0,1,0.0,African National Congress (South Africa)
2510,0,0,0.0,1,0,3,2,129,0,6,3.0,-9,0.0,Abu Sayyaf Group (ASG)
2511,0,0,0.0,1,0,3,14,1491,0,6,0.0,1,0.0,Manuel Rodriguez Patriotic Front (FPMR)
2512,0,0,0.0,1,0,3,4,2563,0,6,0.0,1,0.0,Donetsk People's Republic
2513,0,0,0.0,1,0,3,14,1292,0,6,10.0,-9,0.0,Houthi extremists (Ansar Allah)
2514,0,0,0.0,1,0,6,10,3000,0,5,0.0,1,1.0,Houthi extremists (Ansar Allah)
2515,0,0,0.0,1,0,2,14,3622,0,5,0.0,1,0.0,Kurdistan Workers' Party (PKK)
2516,0,0,1.0,1,0,2,19,56,0,8,0.0,1,0.0,Shining Path (SL)
2517,0,0,0.0,1,0,3,8,1475,0,6,0.0,1,0.0,Basque Fatherland and Freedom (ETA)
2518,0,0,0.0,1,0,3,21,4133,0,6,0.0,1,0.0,Manuel Rodriguez Patriotic Front (FPMR)
2519,0,0,1.0,1,0,3,14,13,0,6,3.0,0,0.0,Houthi extremists (Ansar Allah)
2520,0,0,0.0,1,0,1,3,1091,0,6,1.0,1,0.0,Al-Qaida in the Arabian Peninsula (AQAP)
2521,0,0,0.0,1,0,3,14,1896,0,6,3.0,1,0.0,Houthi extremists (Ansar Allah)
2522,0,0,0.0,1,0,3,21,4107,0,6,0.0,1,0.0,Manuel Rodriguez Patriotic Front (FPMR)
2523,0,0,0.0,0,0,3,1,2411,0,6,0.0,0,0.0,Corsican National Liberation Front (FLNC)
2524,0,0,1.0,1,0,3,14,7223,0,6,0.0,1,0.0,Tupac Amaru Revolutionary Movement (MRTA)
2525,0,0,1.0,1,0,2,3,330,0,5,4.0,0,0.0,Tehrik-i-Taliban Pakistan (TTP)
2526,0,0,0.0,1,0,2,4,5150,0,6,0.0,-9,0.0,New People's Army (NPA)
2527,0,0,0.0,0,1,3,4,402,0,6,14.0,0,0.0,Islamic State of Iraq and the Levant (ISIL)
2528,0,0,1.0,1,0,2,4,93,0,6,0.0,0,0.0,Kurdistan Workers' Party (PKK)
2529,0,0,0.0,1,0,6,14,4412,0,5,2.0,0,1.0,Maoists
2530,0,0,0.0,1,0,2,3,3113,0,5,1.0,0,0.0,Irish Republican Army (IRA)
2531,0,0,0.0,1,0,2,14,2045,0,5,1.0,-9,0.0,Communist Party of India - Maoist (CPI-Maoist)
2532,0,0,0.0,1,0,2,15,4566,0,9,0.0,0,0.0,Muslim extremists
2533,0,0,1.0,1,0,2,14,27,0,5,7.0,1,0.0,Fulani extremists
2534,0,0,0.0,1,0,2,3,20,0,5,27.0,1,0.0,Taliban
2535,0,0,1.0,1,0,3,14,4629,1,6,1.0,1,0.0,Muslim extremists
2536,0,0,0.0,1,1,3,14,27,0,6,25.0,1,0.0,Boko Haram
2537,0,0,0.0,1,0,3,19,3653,0,6,0.0,1,0.0,Kurdistan Workers' Party (PKK)
2538,0,0,0.0,1,0,3,8,6920,0,6,0.0,1,0.0,Tehrik-i-Taliban Pakistan (TTP)
2539,0,0,0.0,1,0,3,4,327,0,6,0.0,1,0.0,Kurdistan Workers' Party (PKK)
2540,0,0,0.0,1,0,7,2,4834,0,8,0.0,1,0.0,National Liberation Army of Colombia (ELN)
2541,0,0,1.0,1,0,3,14,2589,0,6,4.0,-9,0.0,Houthi extremists (Ansar Allah)
2542,0,0,0.0,1,0,1,2,4685,0,5,1.0,0,0.0,Muslim extremists
2543,0,0,0.0,1,1,3,1,184,0,6,10.0,1,0.0,Tehrik-i-Taliban Pakistan (TTP)
2544,0,0,0.0,1,0,2,14,847,0,5,1.0,0,0.0,Fulani extremists
2545,0,0,0.0,1,0,1,4,5236,0,5,1.0,0,0.0,New People's Army (NPA)
2546,0,0,0.0,1,0,3,1,1915,0,6,0.0,1,0.0,Manuel Rodriguez Patriotic Front (FPMR)
2547,0,0,0.0,0,0,3,1,1424,0,6,0.0,1,0.0,Basque Fatherland and Freedom (ETA)
2548,0,0,1.0,1,0,3,14,7223,0,6,0.0,1,0.0,Tupac Amaru Revolutionary Movement (MRTA)
2549,0,0,1.0,1,0,3,14,13,0,6,16.0,1,0.0,Al-Shabaab
2550,0,0,1.0,1,0,2,3,767,0,6,0.0,-9,0.0,Al-Qaida in the Arabian Peninsula (AQAP)
2551,0,0,1.0,1,0,3,14,1222,0,6,1.0,1,0.0,Islamic State of Iraq and the Levant (ISIL)
2552,0,0,0.0,0,0,2,14,5709,0,9,0.0,0,0.0,Palestinians
2553,0,0,0.0,1,0,3,2,7294,0,6,0.0,1,0.0,Tupac Amaru Revolutionary Movement (MRTA)
2554,0,1,1.0,1,0,3,4,2564,0,6,0.0,1,0.0,Donetsk People's Republic
2555,0,0,0.0,0,0,3,14,5607,0,6,0.0,0,0.0,Palestinians
2556,0,0,0.0,1,0,3,14,1535,0,6,0.0,1,0.0,Manuel Rodriguez Patriotic Front (FPMR)
2557,0,0,0.0,1,0,1,14,6420,0,5,2.0,0,0.0,Sikh Extremists
2558,0,0,0.0,1,0,3,3,162,0,6,3.0,0,0.0,National Liberation Army of Colombia (ELN)
2559,0,0,1.0,1,0,2,14,27,0,5,4.0,1,0.0,Boko Haram
2560,0,0,0.0,1,0,2,3,167,0,5,0.0,-9,0.0,Maoists
2561,0,0,0.0,1,0,2,4,2660,0,5,4.0,1,0.0,Nicaraguan Democratic Force (FDN)
2562,0,0,1.0,0,0,3,4,48,0,6,18.0,0,0.0,Taliban
2563,0,1,0.0,1,0,3,4,162,0,6,0.0,0,0.0,Tehrik-i-Taliban Pakistan (TTP)
2564,0,0,0.0,1,0,1,14,3260,0,5,1.0,0,0.0,Irish Republican Army (IRA)
2565,0,0,0.0,1,0,2,14,1242,0,5,2.0,0,0.0,Al-Shabaab
2566,0,0,0.0,1,0,3,14,2589,0,6,0.0,1,0.0,Muslim extremists
2567,0,0,0.0,1,1,3,2,3852,0,6,2.0,-9,0.0,Liberation Tigers of Tamil Eelam (LTTE)
2568,0,0,0.0,1,0,3,4,402,0,6,1.0,-9,0.0,Al-Shabaab
2569,1,0,0.0,1,0,6,14,1,0,5,0.0,0,1.0,Abu Sayyaf Group (ASG)
2570,0,0,0.0,1,0,2,3,6928,0,6,12.0,1,1.0,Tehrik-i-Taliban Pakistan (TTP)
2571,0,0,0.0,1,0,2,15,6423,0,5,6.0,1,0.0,Sikh Extremists
2572,0,0,1.0,1,0,2,2,5161,0,5,14.0,1,0.0,New People's Army (NPA)
2573,0,0,0.0,1,0,3,2,3228,0,6,1.0,1,0.0,Irish Republican Army (IRA)
2574,0,0,0.0,1,0,2,14,5392,0,5,5.0,1,0.0,Nicaraguan Democratic Force (FDN)
2575,0,0,0.0,1,0,2,14,5508,0,8,0.0,1,0.0,Palestinians
2576,0,0,0.0,1,0,6,4,6955,0,5,3.0,0,1.0,Tehrik-i-Taliban Pakistan (TTP)
2577,0,0,0.0,1,0,3,2,414,0,6,1.0,1,0.0,African National Congress (South Africa)
2578,0,0,0.0,1,0,3,15,6476,0,6,3.0,1,0.0,Sikh Extremists
2579,0,0,0.0,1,0,3,7,6765,0,6,0.0,1,0.0,Taliban
2580,0,0,1.0,1,0,2,14,13,0,5,10.0,0,0.0,Fulani extremists
2581,0,1,0.0,0,0,3,4,48,0,6,0.0,0,0.0,Maoists
2582,0,0,0.0,1,0,1,3,5163,0,5,1.0,0,0.0,New People's Army (NPA)
2583,0,0,0.0,1,0,2,4,2660,0,5,4.0,1,0.0,Nicaraguan Democratic Force (FDN)
2584,0,0,0.0,1,0,3,4,48,0,6,5.0,0,0.0,Al-Shabaab
2585,0,0,1.0,1,0,3,3,12,0,6,0.0,0,0.0,Al-Qaida in Iraq
2586,0,0,1.0,1,0,3,14,1327,0,6,2.0,1,0.0,Houthi extremists (Ansar Allah)
2587,0,0,0.0,1,0,1,3,3144,0,5,2.0,0,0.0,Irish Republican Army (IRA)
2588,0,0,1.0,1,0,2,3,175,0,5,0.0,1,0.0,Islamic State of Iraq and the Levant (ISIL)
2589,0,0,0.0,1,0,3,4,1681,0,6,1.0,1,0.0,Basque Fatherland and Freedom (ETA)
2590,0,0,0.0,1,0,3,3,1288,0,6,1.0,0,0.0,Al-Shabaab
2591,0,0,0.0,1,0,1,14,6484,0,5,2.0,0,0.0,Sikh Extremists
2592,0,0,1.0,1,0,3,21,2675,0,6,0.0,1,0.0,Farabundo Marti National Liberation Front (FMLN)
2593,0,0,1.0,1,0,3,1,2338,0,6,0.0,1,0.0,Corsican National Liberation Front (FLNC)
2594,0,0,1.0,1,1,3,1,780,0,6,21.0,1,0.0,Al-Qaida in Iraq
2595,0,0,1.0,1,0,3,3,3445,0,6,0.0,1,0.0,Islamic State of Iraq and the Levant (ISIL)
2596,0,0,0.0,1,0,3,1,801,0,6,0.0,1,0.0,Tupac Amaru Revolutionary Movement (MRTA)
2597,0,0,0.0,1,0,3,14,1888,0,6,0.0,-9,0.0,Houthi extremists (Ansar Allah)
2598,0,0,0.0,1,0,7,1,112,0,8,0.0,1,0.0,Communist Party of India - Maoist (CPI-Maoist)
2599,0,0,1.0,1,0,3,1,755,0,6,0.0,1,0.0,Corsican National Liberation Front (FLNC)
2600,0,0,0.0,1,0,3,4,435,0,6,0.0,1,0.0,African National Congress (South Africa)
2601,0,0,0.0,1,0,7,1,3154,0,8,0.0,1,0.0,Irish Republican Army (IRA)
2602,0,0,0.0,1,0,2,3,1963,0,5,5.0,1,0.0,Shining Path (SL)
2603,0,0,1.0,1,0,3,2,1962,0,6,0.0,1,0.0,Communist Party of India - Maoist (CPI-Maoist)
2604,0,0,1.0,1,0,3,14,1327,0,6,2.0,1,0.0,Houthi extremists (Ansar Allah)
2605,1,0,0.0,1,0,6,8,227,0,9,1.0,-9,1.0,Abu Sayyaf Group (ASG)
2606,0,0,1.0,1,0,3,1,1077,0,6,0.0,1,0.0,Tupac Amaru Revolutionary Movement (MRTA)
2607,0,0,0.0,1,0,2,14,4571,0,5,1.0,0,0.0,Muslim extremists
2608,0,0,1.0,1,0,3,11,7323,0,6,1.0,1,0.0,Tupac Amaru Revolutionary Movement (MRTA)
2609,0,0,0.0,1,0,3,14,5673,0,6,1.0,1,0.0,Palestinians
2610,0,1,0.0,0,0,1,2,86,0,6,0.0,0,0.0,Abu Sayyaf Group (ASG)
2611,0,0,1.0,1,0,7,1,2110,0,8,0.0,1,0.0,New People's Army (NPA)
2612,0,0,1.0,1,0,3,2,814,0,6,20.0,-9,0.0,Al-Qaida in Iraq
2613,0,0,1.0,1,0,3,2,2388,0,6,0.0,1,0.0,Corsican National Liberation Front (FLNC)
2614,0,0,0.0,1,0,3,3,1662,0,6,3.0,1,0.0,Taliban
2615,0,0,1.0,1,1,3,3,767,0,6,11.0,-9,0.0,Al-Qaida in Iraq
2616,0,0,0.0,1,0,2,3,1574,0,5,0.0,1,0.0,National Liberation Army of Colombia (ELN)
2617,0,0,0.0,1,0,2,4,2660,0,5,0.0,1,0.0,Nicaraguan Democratic Force (FDN)
2618,0,0,0.0,1,0,3,19,5984,0,6,0.0,1,0.0,Revolutionary Armed Forces of Colombia (FARC)
2619,0,0,0.0,0,0,3,21,4819,0,6,2.0,1,0.0,National Liberation Army of Colombia (ELN)
2620,0,0,1.0,1,0,3,21,2659,0,6,0.0,1,0.0,Manuel Rodriguez Patriotic Front (FPMR)
2621,0,0,0.0,1,0,3,2,3619,0,6,2.0,-9,0.0,Kurdistan Workers' Party (PKK)
2622,0,0,0.0,1,0,2,14,6002,0,5,0.0,1,1.0,Revolutionary Armed Forces of Colombia (FARC)
2623,0,0,1.0,1,0,7,1,4087,0,8,0.0,1,0.0,Manuel Rodriguez Patriotic Front (FPMR)
2624,0,0,0.0,1,0,1,2,3678,0,5,1.0,0,0.0,Shining Path (SL)
2625,0,0,0.0,1,1,3,4,3936,0,6,30.0,1,0.0,Liberation Tigers of Tamil Eelam (LTTE)
2626,0,0,0.0,1,0,3,2,163,0,6,0.0,1,0.0,Abu Sayyaf Group (ASG)
2627,0,0,0.0,1,0,3,20,1642,0,6,0.0,1,0.0,Corsican National Liberation Front (FLNC)
2628,0,0,0.0,1,0,8,14,4618,0,2,0.0,0,0.0,Muslim extremists
2629,0,0,1.0,1,0,3,21,2779,0,6,0.0,1,0.0,Farabundo Marti National Liberation Front (FMLN)
2630,0,0,1.0,1,0,3,15,101,0,6,0.0,1,0.0,Abu Sayyaf Group (ASG)
2631,0,1,0.0,1,0,2,3,3195,0,5,6.0,1,0.0,Liberation Tigers of Tamil Eelam (LTTE)
2632,0,0,0.0,1,0,2,15,318,0,5,2.0,1,0.0,Fulani extremists
2633,0,0,1.0,1,0,2,19,1619,0,8,0.0,1,0.0,New People's Army (NPA)
2634,0,1,0.0,1,0,7,3,2004,0,8,0.0,1,0.0,Communist Party of India - Maoist (CPI-Maoist)
2635,0,0,0.0,1,0,3,1,4162,0,6,0.0,1,0.0,Manuel Rodriguez Patriotic Front (FPMR)
2636,0,0,0.0,1,0,3,3,2064,0,6,0.0,-9,0.0,Communist Party of India - Maoist (CPI-Maoist)
2637,0,0,0.0,0,0,1,2,6809,0,6,0.0,1,0.0,Taliban
2638,0,0,0.0,1,0,2,4,2593,0,5,15.0,0,0.0,Donetsk People's Republic
2639,0,0,0.0,1,0,3,14,1327,0,6,1.0,-9,0.0,Islamic State of Iraq and the Levant (ISIL)
2640,0,0,0.0,1,0,2,15,1839,0,5,0.0,-9,0.0,Fulani extremists
2641,0,0,0.0,1,0,1,15,6238,0,5,2.0,0,0.0,Shining Path (SL)
2642,0,0,0.0,1,0,2,4,4632,0,5,6.0,1,0.0,Muslim extremists
2643,0,0,0.0,1,0,2,3,162,0,5,0.0,-9,0.0,Abu Sayyaf Group (ASG)
2644,0,0,0.0,1,0,2,4,3657,0,5,6.0,1,0.0,Kurdistan Workers' Party (PKK)
2645,0,0,0.0,1,0,2,3,2894,0,5,1.0,0,0.0,Fulani extremists
2646,0,0,0.0,1,0,2,7,5638,0,6,5.0,1,0.0,Palestinians
2647,1,0,0.0,1,1,3,4,6747,0,6,26.0,1,0.0,Taliban
2648,0,0,0.0,0,0,1,14,5496,0,9,0.0,0,0.0,Palestinians
2649,0,0,0.0,1,1,3,4,845,0,6,8.0,0,0.0,Al-Qaida in Iraq
2650,0,0,0.0,1,1,3,4,3467,0,6,2.0,0,0.0,Islamic State of Iraq and the Levant (ISIL)
2651,0,0,0.0,1,0,3,2,4116,0,6,0.0,1,0.0,Manuel Rodriguez Patriotic Front (FPMR)
2652,0,0,1.0,1,0,3,14,13,0,6,4.0,-9,0.0,Al-Qaida in Iraq
2653,0,0,1.0,1,0,3,4,2593,0,6,0.0,0,0.0,Muslim extremists
2654,0,0,0.0,1,0,2,4,116,0,5,4.0,1,0.0,Abu Sayyaf Group (ASG)
2655,0,0,0.0,1,1,3,14,887,0,6,23.0,1,0.0,Al-Qaida in Iraq
2656,0,0,0.0,1,0,3,19,1574,0,6,0.0,1,0.0,Sikh Extremists
2657,0,0,0.0,1,0,3,4,1493,0,6,0.0,1,0.0,Basque Fatherland and Freedom (ETA)
2658,0,0,0.0,1,0,8,14,2102,0,9,0.0,1,0.0,Communist Party of India - Maoist (CPI-Maoist)
2659,0,0,0.0,0,0,1,3,1691,0,6,0.0,0,0.0,Basque Fatherland and Freedom (ETA)
2660,0,0,1.0,1,0,2,4,2607,0,6,1.0,1,0.0,Donetsk People's Republic
2661,0,0,0.0,1,0,1,14,3640,0,5,2.0,0,0.0,Sikh Extremists
2662,0,0,0.0,1,1,3,17,734,0,6,4.0,0,0.0,Al-Qaida in Iraq
2663,0,0,1.0,1,0,2,10,2973,0,5,0.0,0,0.0,Houthi extremists (Ansar Allah)
2664,0,0,0.0,1,0,2,14,6501,0,5,10.0,1,0.0,Sikh Extremists
2665,0,0,1.0,1,0,3,4,1480,0,6,0.0,1,0.0,Basque Fatherland and Freedom (ETA)
2666,0,0,0.0,1,0,2,4,5114,0,5,1.0,0,0.0,New People's Army (NPA)
2667,0,0,0.0,1,0,2,12,3897,0,5,15.0,-9,0.0,Liberation Tigers of Tamil Eelam (LTTE)
2668,0,0,1.0,1,0,3,2,2363,0,6,0.0,1,0.0,Corsican National Liberation Front (FLNC)
2669,0,0,0.0,1,0,4,1,801,0,8,0.0,1,1.0,New People's Army (NPA)
2670,0,0,0.0,1,0,1,2,6766,0,5,2.0,0,0.0,Taliban
2671,0,0,0.0,1,0,7,1,4344,0,8,0.0,1,0.0,Maoists
2672,0,0,0.0,1,0,7,14,5430,0,8,1.0,1,0.0,Nicaraguan Democratic Force (FDN)
2673,0,0,0.0,1,1,3,14,787,0,6,15.0,1,0.0,Al-Qaida in Iraq
2674,0,0,0.0,1,0,2,4,2746,0,5,2.0,1,0.0,Farabundo Marti National Liberation Front (FMLN)
2675,0,0,1.0,1,0,3,14,6230,0,6,0.0,1,0.0,Shining Path (SL)
2676,0,0,0.0,1,0,3,2,436,0,6,0.0,1,0.0,African National Congress (South Africa)
2677,0,0,0.0,1,0,2,14,13,0,5,2.0,1,0.0,Boko Haram
2678,0,0,1.0,1,0,7,9,2565,0,5,1.0,1,0.0,Donetsk People's Republic
2679,0,0,0.0,1,0,2,4,681,0,5,0.0,1,0.0,Nicaraguan Democratic Force (FDN)
2680,0,0,0.0,1,0,3,2,2392,0,6,0.0,1,0.0,Corsican National Liberation Front (FLNC)
2681,0,0,1.0,1,0,3,14,1332,0,6,1.0,-9,0.0,Muslim extremists
2682,0,0,1.0,1,0,2,3,20,0,5,4.0,0,0.0,Al-Qaida in Iraq
2683,0,0,0.0,1,0,2,3,2132,0,5,26.0,-9,0.0,Communist Party of India - Maoist (CPI-Maoist)
2684,0,1,1.0,1,0,3,8,6953,0,6,0.0,1,0.0,Tehrik-i-Taliban Pakistan (TTP)
2685,0,0,1.0,1,0,1,4,1463,0,5,2.0,0,0.0,Basque Fatherland and Freedom (ETA)
2686,0,0,0.0,1,0,3,1,5106,0,6,2.0,1,0.0,New People's Army (NPA)
2687,0,0,1.0,0,0,7,3,1126,0,8,0.0,0,0.0,Basque Fatherland and Freedom (ETA)
2688,0,1,0.0,1,0,2,14,13,0,5,1.0,0,0.0,Muslim extremists
2689,0,0,0.0,1,0,3,14,13,0,6,10.0,0,0.0,Islamic State of Iraq and the Levant (ISIL)
2690,0,0,0.0,1,0,3,2,586,0,6,0.0,1,0.0,African National Congress (South Africa)
2691,0,0,1.0,1,0,1,1,6319,0,5,1.0,0,0.0,Shining Path (SL)
2692,0,0,0.0,1,0,3,14,1856,0,6,2.0,0,0.0,Taliban
2693,0,0,0.0,1,0,2,4,2660,0,5,1.0,1,0.0,Nicaraguan Democratic Force (FDN)
2694,0,0,0.0,1,0,3,1,2364,0,6,0.0,1,0.0,Corsican National Liberation Front (FLNC)
2695,0,1,0.0,0,0,1,14,4429,0,6,0.0,1,0.0,Maoists
2696,0,0,0.0,1,0,2,3,85,0,5,3.0,0,0.0,Kurdistan Workers' Party (PKK)
2697,0,0,0.0,1,0,2,4,2660,0,5,6.0,1,0.0,Revolutionary Armed Forces of Colombia (FARC)
2698,0,0,0.0,0,0,3,16,5646,0,6,0.0,0,0.0,Palestinians
2699,0,0,0.0,1,0,3,15,90,0,6,1.0,1,0.0,Shining Path (SL)
2700,0,0,0.0,1,0,3,1,1562,0,6,1.0,1,0.0,Basque Fatherland and Freedom (ETA)
2701,0,0,0.0,1,0,3,3,2027,0,6,0.0,-9,0.0,Communist Party of India - Maoist (CPI-Maoist)
2702,0,0,0.0,1,0,2,4,803,0,5,7.0,1,0.0,Liberation Tigers of Tamil Eelam (LTTE)
2703,0,0,0.0,1,0,2,4,3242,0,5,1.0,1,0.0,Irish Republican Army (IRA)
2704,0,1,0.0,1,0,6,3,3493,0,5,130.0,0,1.0,Islamic State of Iraq and the Levant (ISIL)
2705,1,0,0.0,1,0,6,8,2887,0,5,0.0,0,1.0,Fulani extremists
2706,0,0,0.0,1,0,7,1,7211,0,8,0.0,1,0.0,Tupac Amaru Revolutionary Movement (MRTA)
2707,0,0,0.0,1,0,3,10,427,0,6,0.0,1,0.0,Manuel Rodriguez Patriotic Front (FPMR)
2708,0,0,0.0,1,1,3,14,841,0,6,14.0,1,0.0,Al-Qaida in Iraq
2709,0,1,0.0,1,0,3,8,6952,0,6,0.0,1,0.0,Tehrik-i-Taliban Pakistan (TTP)
2710,0,0,0.0,1,0,2,4,2660,0,5,1.0,1,0.0,Nicaraguan Democratic Force (FDN)
2711,0,0,0.0,1,0,1,2,5105,0,5,1.0,0,0.0,New People's Army (NPA)
2712,0,0,0.0,1,0,3,1,1769,0,6,0.0,1,0.0,Corsican National Liberation Front (FLNC)
2713,1,0,1.0,1,0,2,14,27,0,5,2.0,1,-9.0,Fulani extremists
2714,0,0,0.0,1,0,1,4,5164,0,5,1.0,0,0.0,New People's Army (NPA)
2715,0,1,0.0,1,0,7,2,4380,0,8,0.0,1,0.0,Maoists
2716,0,0,0.0,1,0,3,4,162,0,6,5.0,1,0.0,Tehrik-i-Taliban Pakistan (TTP)
2717,0,1,1.0,1,1,3,4,770,0,2,2.0,-9,0.0,Al-Qaida in Iraq
2718,0,0,0.0,0,0,1,3,6027,0,5,0.0,0,0.0,Revolutionary Armed Forces of Colombia (FARC)
2719,0,0,1.0,1,0,1,14,6426,0,5,1.0,0,0.0,Sikh Extremists
2720,0,0,0.0,1,1,3,7,754,0,6,1.0,-9,0.0,Al-Qaida in Iraq
2721,0,0,0.0,1,0,6,14,4463,0,5,2.0,0,1.0,Maoists
2722,0,0,1.0,1,0,3,1,1557,0,6,0.0,1,0.0,Corsican National Liberation Front (FLNC)
2723,0,1,0.0,1,0,2,1,5880,0,5,8.0,-9,0.0,Revolutionary Armed Forces of Colombia (FARC)
2724,0,0,0.0,1,0,3,19,56,0,6,5.0,1,0.0,Houthi extremists (Ansar Allah)
2725,0,0,0.0,1,0,1,2,5189,0,5,2.0,0,0.0,New People's Army (NPA)
2726,0,0,0.0,1,0,2,4,2660,0,5,1.0,1,0.0,Nicaraguan Democratic Force (FDN)
2727,0,0,0.0,1,0,2,14,848,0,5,2.0,-9,0.0,Al-Shabaab
2728,0,0,0.0,1,0,2,4,2660,0,5,1.0,1,0.0,Farabundo Marti National Liberation Front (FMLN)
2729,0,0,0.0,1,0,1,3,3490,0,5,1.0,0,0.0,Islamic State of Iraq and the Levant (ISIL)
2730,0,0,0.0,0,0,1,14,5680,0,6,0.0,0,0.0,Palestinians
2731,0,0,0.0,1,0,3,4,12,0,6,0.0,0,0.0,New People's Army (NPA)
2732,0,0,1.0,1,0,7,1,2622,0,5,1.0,1,0.0,Donetsk People's Republic
2733,0,0,0.0,1,0,1,1,4172,0,5,1.0,0,0.0,Manuel Rodriguez Patriotic Front (FPMR)
2734,0,0,0.0,1,0,2,3,681,0,5,6.0,1,0.0,Tupac Amaru Revolutionary Movement (MRTA)
2735,0,0,1.0,1,0,3,3,2359,0,6,0.0,1,0.0,Corsican National Liberation Front (FLNC)
2736,0,0,1.0,1,0,7,1,2573,0,5,1.0,1,0.0,Donetsk People's Republic
2737,0,0,0.0,1,0,3,1,1077,0,6,0.0,1,0.0,Corsican National Liberation Front (FLNC)
2738,0,0,0.0,1,0,1,8,5557,0,5,1.0,0,0.0,Palestinians
2739,0,0,0.0,1,0,3,14,60,0,6,1.0,1,0.0,Abu Sayyaf Group (ASG)
2740,0,0,0.0,1,0,2,4,803,0,5,7.0,1,0.0,Liberation Tigers of Tamil Eelam (LTTE)
2741,0,0,0.0,0,1,3,14,1812,0,6,0.0,0,0.0,Islamic State of Iraq and the Levant (ISIL)
2742,0,0,0.0,1,0,3,2,505,0,6,4.0,1,0.0,African National Congress (South Africa)
2743,0,0,0.0,1,0,2,4,5209,0,5,0.0,0,0.0,New People's Army (NPA)
2744,0,0,0.0,1,0,3,3,4227,0,6,1.0,1,0.0,Manuel Rodriguez Patriotic Front (FPMR)
2745,0,0,0.0,1,0,1,2,1830,0,5,2.0,1,0.0,Boko Haram
2746,0,0,1.0,1,0,3,14,1535,0,6,0.0,1,0.0,Kurdistan Workers' Party (PKK)
2747,0,0,0.0,1,0,3,14,1462,0,6,0.0,1,0.0,Basque Fatherland and Freedom (ETA)
2748,0,0,0.0,1,0,3,1,7322,0,6,0.0,1,0.0,Tupac Amaru Revolutionary Movement (MRTA)
2749,0,0,0.0,1,0,2,14,5818,0,5,14.0,0,0.0,Revolutionary Armed Forces of Colombia (FARC)
2750,0,0,0.0,1,0,3,14,7033,0,6,4.0,1,0.0,Tehrik-i-Taliban Pakistan (TTP)
2751,0,0,0.0,0,0,2,3,988,0,5,0.0,0,0.0,Al-Qaida in the Arabian Peninsula (AQAP)
2752,0,0,0.0,1,0,3,1,7280,0,5,0.0,1,0.0,Tupac Amaru Revolutionary Movement (MRTA)
2753,0,0,0.0,0,0,1,4,3141,0,5,1.0,0,0.0,Irish Republican Army (IRA)
2754,0,0,0.0,1,0,3,4,2563,0,6,11.0,1,0.0,Donetsk People's Republic
2755,0,0,1.0,1,0,3,4,48,0,6,0.0,-9,0.0,Houthi extremists (Ansar Allah)
2756,0,0,0.0,1,0,2,4,4772,0,5,1.0,1,0.0,National Liberation Army of Colombia (ELN)
2757,0,0,0.0,1,0,2,1,4614,0,5,0.0,-9,0.0,Muslim extremists
2758,0,0,1.0,1,0,3,14,7223,0,6,0.0,1,0.0,Tupac Amaru Revolutionary Movement (MRTA)
2759,0,0,0.0,1,0,2,1,3288,0,5,1.0,0,0.0,Irish Republican Army (IRA)
2760,0,0,0.0,1,0,3,14,5995,0,6,4.0,1,0.0,Revolutionary Armed Forces of Colombia (FARC)
2761,0,0,0.0,1,0,3,2,4816,0,6,0.0,1,0.0,National Liberation Army of Colombia (ELN)
2762,0,0,0.0,1,0,3,21,4786,0,6,0.0,1,0.0,National Liberation Army of Colombia (ELN)
2763,0,0,0.0,1,0,2,14,2676,0,5,0.0,1,0.0,Farabundo Marti National Liberation Front (FMLN)
2764,0,0,0.0,1,0,3,14,13,0,6,0.0,1,0.0,Al-Shabaab
2765,0,0,0.0,1,0,2,4,0,0,5,2.0,-9,0.0,Houthi extremists (Ansar Allah)
2766,0,0,0.0,1,0,1,2,6595,0,5,1.0,0,0.0,Sikh Extremists
2767,0,0,0.0,1,0,2,4,2660,0,5,0.0,1,0.0,Nicaraguan Democratic Force (FDN)
2768,0,0,1.0,1,0,2,14,27,0,5,7.0,1,0.0,Fulani extremists
2769,0,0,0.0,1,0,3,14,1646,0,6,1.0,1,0.0,Basque Fatherland and Freedom (ETA)
2770,0,0,0.0,1,0,3,2,2674,0,6,0.0,1,0.0,Manuel Rodriguez Patriotic Front (FPMR)
2771,0,0,0.0,1,0,2,4,2660,0,5,10.0,1,0.0,Revolutionary Armed Forces of Colombia (FARC)
2772,0,0,0.0,1,0,2,3,4348,0,5,0.0,0,0.0,Maoists
2773,0,0,0.0,1,0,3,4,330,0,6,1.0,1,0.0,Muslim extremists
2774,0,0,0.0,1,0,1,3,2432,0,5,1.0,0,0.0,Shining Path (SL)
2775,0,1,0.0,1,0,3,19,2185,0,6,0.0,1,0.0,Communist Party of India - Maoist (CPI-Maoist)
2776,0,0,0.0,1,0,2,3,803,0,5,2.0,1,0.0,Sikh Extremists
2777,0,1,0.0,1,0,6,19,1890,0,9,1.0,0,1.0,Boko Haram
2778,1,0,0.0,1,0,5,14,4942,0,5,1.0,0,1.0,National Liberation Army of Colombia (ELN)
2779,1,0,0.0,1,0,6,14,6810,0,5,1.0,0,1.0,Taliban
2780,0,0,0.0,0,0,1,4,4565,0,5,0.0,0,0.0,Muslim extremists
2781,0,0,1.0,1,0,3,21,2659,0,6,1.0,1,0.0,Farabundo Marti National Liberation Front (FMLN)
2782,0,0,0.0,1,0,3,1,223,0,6,11.0,1,0.0,Abu Sayyaf Group (ASG)
2783,0,0,1.0,0,0,3,2,1637,0,6,0.0,1,0.0,Sikh Extremists
2784,0,1,0.0,1,0,7,14,1343,0,8,0.0,1,0.0,Al-Shabaab
2785,0,0,0.0,1,0,3,4,330,0,6,0.0,1,0.0,Kurdistan Workers' Party (PKK)
2786,0,0,0.0,1,0,3,14,5844,0,6,1.0,1,0.0,Revolutionary Armed Forces of Colombia (FARC)
2787,0,0,0.0,0,0,3,1,486,0,6,0.0,1,0.0,African National Congress (South Africa)
2788,0,0,1.0,1,0,3,1,6349,0,6,0.0,1,0.0,Tupac Amaru Revolutionary Movement (MRTA)
2789,0,0,0.0,1,0,3,3,4316,0,6,0.0,0,0.0,Maoists
2790,0,0,1.0,1,0,2,14,27,0,5,2.0,1,0.0,Fulani extremists
2791,0,0,0.0,1,0,3,8,3028,0,6,1.0,-9,0.0,Houthi extremists (Ansar Allah)
2792,0,0,0.0,1,0,3,1,1680,0,6,1.0,1,0.0,Basque Fatherland and Freedom (ETA)
2793,0,0,0.0,1,0,3,4,957,0,6,0.0,1,0.0,Communist Party of India - Maoist (CPI-Maoist)
2794,0,0,0.0,1,0,3,4,2957,0,6,1.0,0,0.0,Houthi extremists (Ansar Allah)
2795,0,0,0.0,1,0,2,4,172,0,5,10.0,1,0.0,Taliban
2796,0,0,0.0,0,0,3,2,586,0,6,0.0,0,0.0,Corsican National Liberation Front (FLNC)
2797,0,0,0.0,1,0,7,1,5082,0,8,0.0,1,0.0,New People's Army (NPA)
2798,0,0,0.0,0,0,1,2,6530,0,6,0.0,0,0.0,Sikh Extremists
2799,0,0,0.0,1,0,3,19,56,0,6,26.0,1,0.0,Liberation Tigers of Tamil Eelam (LTTE)
2800,0,0,0.0,1,0,3,19,233,0,6,0.0,1,0.0,Maoists
2801,0,0,0.0,1,0,3,4,48,0,6,0.0,0,0.0,Donetsk People's Republic
2802,0,1,0.0,1,0,3,19,2184,0,6,0.0,1,0.0,Communist Party of India - Maoist (CPI-Maoist)
2803,0,0,0.0,1,0,7,19,56,0,8,0.0,1,0.0,National Liberation Army of Colombia (ELN)
2804,0,0,1.0,1,0,3,2,801,0,6,0.0,1,0.0,Corsican National Liberation Front (FLNC)
2805,0,0,0.0,1,1,3,4,48,0,6,14.0,-9,0.0,Tehrik-i-Taliban Pakistan (TTP)
2806,0,0,0.0,1,0,7,1,3600,0,8,0.0,1,0.0,Kurdistan Workers' Party (PKK)
2807,0,0,0.0,0,1,1,2,1103,0,6,4.0,1,0.0,Al-Qaida in the Arabian Peninsula (AQAP)
2808,0,0,0.0,1,0,2,4,2660,0,5,30.0,1,0.0,Nicaraguan Democratic Force (FDN)
2809,0,0,1.0,1,0,2,17,2958,0,6,0.0,-9,0.0,Houthi extremists (Ansar Allah)
2810,0,0,0.0,1,0,3,3,2343,0,6,0.0,1,0.0,Corsican National Liberation Front (FLNC)
2811,0,0,0.0,0,0,1,14,5512,0,9,0.0,0,0.0,Palestinians
2812,0,0,0.0,1,0,3,21,2659,0,6,0.0,1,0.0,Shining Path (SL)
2813,1,0,0.0,1,0,6,3,4447,0,5,35.0,0,1.0,Maoists
2814,0,0,0.0,1,0,3,2,5107,0,6,0.0,0,0.0,New People's Army (NPA)
2815,0,0,0.0,1,0,1,2,6198,0,5,2.0,0,0.0,Shining Path (SL)
2816,0,0,0.0,1,0,2,3,3179,0,5,1.0,0,0.0,Irish Republican Army (IRA)
2817,0,1,0.0,1,0,3,4,3611,0,6,2.0,1,0.0,Kurdistan Workers' Party (PKK)
2818,0,0,0.0,1,0,2,4,2660,0,5,2.0,1,0.0,Revolutionary Armed Forces of Colombia (FARC)
2819,0,0,0.0,1,0,2,14,7341,0,5,0.0,1,0.0,Tupac Amaru Revolutionary Movement (MRTA)
2820,0,0,0.0,1,1,3,2,7006,0,6,10.0,1,0.0,Tehrik-i-Taliban Pakistan (TTP)
2821,0,0,0.0,1,0,3,14,1812,0,6,0.0,-9,0.0,Houthi extremists (Ansar Allah)
2822,0,0,1.0,1,0,3,14,1327,0,6,4.0,-9,0.0,Muslim extremists
2823,1,0,0.0,1,0,6,14,13,0,5,1.0,-9,1.0,Houthi extremists (Ansar Allah)
2824,0,0,0.0,1,0,2,4,20,0,5,0.0,0,0.0,Muslim extremists
2825,0,1,0.0,1,0,2,3,803,0,5,10.0,1,0.0,Sikh Extremists
2826,0,0,0.0,1,0,2,1,180,0,5,1.0,-9,0.0,Muslim extremists
2827,0,0,1.0,1,0,2,3,85,0,5,6.0,0,0.0,New People's Army (NPA)
2828,0,0,0.0,1,0,2,14,5360,0,5,13.0,1,0.0,Nicaraguan Democratic Force (FDN)
2829,0,0,0.0,1,0,6,14,2948,0,5,0.0,0,1.0,Houthi extremists (Ansar Allah)
2830,0,0,0.0,1,0,2,3,3746,0,5,0.0,0,0.0,Liberation Tigers of Tamil Eelam (LTTE)
2831,0,0,0.0,1,0,1,4,3252,0,5,1.0,0,0.0,Irish Republican Army (IRA)
2832,0,0,0.0,1,0,3,3,4099,0,6,0.0,1,0.0,National Liberation Army of Colombia (ELN)
2833,0,1,0.0,1,0,2,19,56,0,5,3.0,1,0.0,Nicaraguan Democratic Force (FDN)
2834,0,0,0.0,1,0,7,1,5049,0,8,0.0,1,0.0,New People's Army (NPA)
2835,0,0,0.0,1,0,3,1,1339,0,6,0.0,1,0.0,Al-Shabaab
2836,0,0,0.0,0,0,3,2,4170,0,6,0.0,1,0.0,Manuel Rodriguez Patriotic Front (FPMR)
2837,0,0,0.0,1,0,3,7,7349,0,6,0.0,1,0.0,Tupac Amaru Revolutionary Movement (MRTA)
2838,0,0,0.0,0,0,3,2,507,0,6,0.0,1,0.0,African National Congress (South Africa)
2839,0,0,0.0,1,0,2,9,3593,0,5,2.0,1,0.0,Kurdistan Workers' Party (PKK)
2840,1,0,0.0,1,0,6,4,57,0,5,1.0,0,1.0,Abu Sayyaf Group (ASG)
2841,0,0,0.0,0,0,3,10,6935,0,6,0.0,0,0.0,Tehrik-i-Taliban Pakistan (TTP)
2842,0,1,0.0,1,0,2,1,5428,0,5,0.0,1,0.0,Nicaraguan Democratic Force (FDN)
2843,0,0,1.0,1,0,2,14,27,0,5,51.0,1,0.0,Fulani extremists
2844,0,1,1.0,1,0,3,4,20,0,6,2.0,0,0.0,Revolutionary Armed Forces of Colombia (FARC)
2845,0,0,0.0,1,0,3,2,1009,0,6,2.0,1,0.0,Taliban
2846,0,0,1.0,1,0,3,2,801,0,6,0.0,1,0.0,Corsican National Liberation Front (FLNC)
2847,0,0,1.0,1,0,3,19,56,0,6,0.0,1,0.0,Tupac Amaru Revolutionary Movement (MRTA)
2848,0,0,0.0,1,0,3,2,7227,0,6,0.0,1,0.0,Tupac Amaru Revolutionary Movement (MRTA)
2849,0,0,0.0,1,0,3,3,419,0,6,0.0,1,0.0,African National Congress (South Africa)
2850,0,0,1.0,1,0,1,2,6266,0,5,1.0,0,0.0,Shining Path (SL)
2851,0,1,0.0,1,0,2,4,5700,0,5,0.0,1,0.0,Palestinians
2852,0,0,0.0,1,0,2,4,803,0,5,0.0,1,0.0,Nicaraguan Democratic Force (FDN)
2853,0,0,0.0,1,0,3,21,5631,0,6,0.0,1,0.0,Palestinians
2854,0,0,0.0,1,0,3,4,3929,0,6,2.0,1,0.0,Liberation Tigers of Tamil Eelam (LTTE)
2855,0,0,1.0,1,0,3,14,759,0,6,2.0,1,0.0,Al-Qaida in Iraq
2856,0,1,0.0,1,0,3,14,4443,0,6,0.0,0,0.0,Maoists
2857,0,0,1.0,1,0,2,4,116,0,5,10.0,1,0.0,Farabundo Marti National Liberation Front (FMLN)
2858,0,0,0.0,1,0,2,4,48,0,6,0.0,0,0.0,Donetsk People's Republic
2859,0,0,0.0,1,0,3,1,1188,0,6,1.0,1,0.0,Muslim extremists
2860,0,0,1.0,1,0,2,4,2958,0,5,1.0,-9,0.0,Taliban
2861,1,0,0.0,1,0,2,14,2207,0,5,1.0,0,1.0,Communist Party of India - Maoist (CPI-Maoist)
2862,0,0,0.0,1,0,3,3,3896,0,6,2.0,0,0.0,Liberation Tigers of Tamil Eelam (LTTE)
2863,0,0,0.0,1,0,3,1,4103,0,6,0.0,1,0.0,Manuel Rodriguez Patriotic Front (FPMR)
2864,0,0,0.0,1,0,2,14,6734,0,5,3.0,-9,0.0,Taliban
2865,0,0,0.0,1,0,6,14,205,0,5,4.0,1,1.0,Fulani extremists
2866,0,1,0.0,1,0,3,4,48,0,6,0.0,-9,0.0,Donetsk People's Republic
2867,0,1,0.0,1,0,3,19,478,0,6,0.0,1,0.0,African National Congress (South Africa)
2868,0,0,1.0,1,0,3,21,2680,0,6,0.0,1,0.0,Farabundo Marti National Liberation Front (FMLN)
2869,0,0,0.0,1,0,3,8,3598,0,6,8.0,1,0.0,Kurdistan Workers' Party (PKK)
2870,0,0,0.0,1,0,1,3,1092,0,5,1.0,1,0.0,Al-Qaida in the Arabian Peninsula (AQAP)
2871,0,0,0.0,1,0,2,3,175,0,5,2.0,0,0.0,Boko Haram
2872,0,1,0.0,0,0,2,3,4421,0,5,0.0,0,0.0,Maoists
2873,0,0,1.0,1,0,2,1,2699,0,8,0.0,1,0.0,Farabundo Marti National Liberation Front (FMLN)
2874,0,0,0.0,1,0,5,10,4135,0,5,1.0,1,1.0,Manuel Rodriguez Patriotic Front (FPMR)
2875,0,0,0.0,1,0,3,2,2148,0,6,0.0,1,0.0,Communist Party of India - Maoist (CPI-Maoist)
2876,0,0,0.0,0,0,1,2,604,0,6,0.0,0,0.0,African National Congress (South Africa)
2877,0,0,0.0,1,0,3,1,2408,0,6,0.0,1,0.0,Corsican National Liberation Front (FLNC)
2878,0,0,0.0,1,0,3,1,180,0,6,2.0,1,0.0,Abu Sayyaf Group (ASG)
2879,0,0,1.0,1,0,2,14,27,0,5,18.0,1,0.0,Fulani extremists
2880,0,0,0.0,1,0,2,4,48,0,6,0.0,0,0.0,Donetsk People's Republic
2881,0,0,0.0,1,0,2,4,167,0,6,27.0,-9,0.0,Boko Haram
2882,0,0,0.0,1,0,3,14,3015,0,6,0.0,1,0.0,Tupac Amaru Revolutionary Movement (MRTA)
2883,0,0,1.0,1,0,2,8,1893,0,5,1.0,0,0.0,Boko Haram
2884,0,0,0.0,1,0,1,4,1244,0,5,1.0,0,0.0,Al-Shabaab
2885,0,0,0.0,1,0,2,2,1078,0,6,0.0,1,0.0,Al-Qaida in the Arabian Peninsula (AQAP)
2886,0,0,0.0,1,0,5,10,1538,0,5,0.0,1,0.0,Tupac Amaru Revolutionary Movement (MRTA)
2887,0,1,0.0,1,0,2,14,5552,0,5,0.0,1,0.0,Palestinians
2888,0,1,0.0,1,0,3,19,1979,0,6,0.0,1,0.0,Communist Party of India - Maoist (CPI-Maoist)
2889,0,0,0.0,1,0,2,4,2660,0,5,2.0,1,0.0,Nicaraguan Democratic Force (FDN)
2890,0,0,0.0,1,0,3,14,13,0,6,1.0,-9,0.0,Islamic State of Iraq and the Levant (ISIL)
2891,0,0,1.0,1,0,3,3,3195,0,6,0.0,1,0.0,Manuel Rodriguez Patriotic Front (FPMR)
2892,0,1,0.0,1,0,1,14,6612,0,5,4.0,0,0.0,Sikh Extremists
2893,0,0,0.0,1,0,1,3,1128,0,5,1.0,0,0.0,Al-Qaida in the Arabian Peninsula (AQAP)
2894,0,0,0.0,1,0,3,4,48,0,6,0.0,1,0.0,National Liberation Army of Colombia (ELN)
2895,0,0,0.0,1,0,1,14,2882,0,5,1.0,1,0.0,Fulani extremists
2896,0,0,1.0,1,1,3,15,318,0,6,42.0,1,0.0,Boko Haram
2897,0,0,0.0,1,0,3,1,2553,0,6,0.0,1,0.0,Liberation Tigers of Tamil Eelam (LTTE)
2898,0,0,0.0,1,0,2,4,1851,0,5,3.0,1,0.0,Boko Haram
2899,0,0,0.0,1,1,3,14,730,0,6,47.0,-9,0.0,Boko Haram
2900,0,0,0.0,1,0,3,14,2589,0,6,30.0,1,0.0,Donetsk People's Republic
2901,0,1,0.0,1,0,2,4,2660,0,5,14.0,1,0.0,Nicaraguan Democratic Force (FDN)
2902,0,0,0.0,1,0,3,3,442,0,6,0.0,1,0.0,African National Congress (South Africa)
2903,0,0,0.0,1,1,3,3,805,0,6,20.0,-9,0.0,Al-Qaida in Iraq
2904,0,0,0.0,1,0,1,14,5818,0,5,4.0,0,0.0,Shining Path (SL)
2905,0,0,0.0,1,0,3,4,330,0,6,1.0,1,0.0,Kurdistan Workers' Party (PKK)
2906,0,0,1.0,1,0,2,14,27,0,5,33.0,1,0.0,Fulani extremists
2907,0,0,0.0,1,0,3,3,517,0,6,1.0,1,0.0,African National Congress (South Africa)
2908,1,0,1.0,1,0,6,14,4369,0,5,1.0,0,1.0,Maoists
2909,0,0,0.0,1,0,1,14,3091,0,5,1.0,0,0.0,Irish Republican Army (IRA)
2910,0,1,0.0,1,0,2,4,2660,0,5,1.0,1,0.0,Nicaraguan Democratic Force (FDN)
2911,0,0,0.0,1,0,1,14,5577,0,9,1.0,0,0.0,Palestinians
2912,0,0,1.0,1,0,7,16,1813,0,8,4.0,1,0.0,Boko Haram
2913,0,0,0.0,1,0,2,14,13,0,5,6.0,0,0.0,Taliban
2914,0,0,0.0,1,0,3,1,455,0,6,5.0,1,0.0,African National Congress (South Africa)
2915,0,0,1.0,1,0,3,14,1535,0,6,0.0,1,0.0,Manuel Rodriguez Patriotic Front (FPMR)
2916,0,0,0.0,0,0,1,2,3180,0,6,4.0,0,0.0,Irish Republican Army (IRA)
2917,0,0,0.0,1,0,2,3,1880,0,5,2.0,0,0.0,Boko Haram
2918,0,0,1.0,1,0,2,14,27,0,5,1.0,1,0.0,Fulani extremists
2919,0,0,1.0,1,0,3,2,801,0,6,0.0,1,0.0,Corsican National Liberation Front (FLNC)
2920,0,0,0.0,1,0,2,14,2071,0,9,1.0,0,0.0,Communist Party of India - Maoist (CPI-Maoist)
2921,0,0,1.0,1,0,3,4,2571,0,6,0.0,0,0.0,Donetsk People's Republic
2922,0,0,0.0,1,0,1,3,1585,0,5,1.0,0,0.0,Basque Fatherland and Freedom (ETA)
2923,0,0,0.0,0,0,3,3,2693,0,6,0.0,1,0.0,Farabundo Marti National Liberation Front (FMLN)
2924,1,0,0.0,1,0,6,1,387,0,5,1.0,1,1.0,Houthi extremists (Ansar Allah)
2925,0,0,0.0,1,0,3,14,1535,0,6,0.0,1,0.0,Irish Republican Army (IRA)
2926,0,0,0.0,1,0,2,14,5965,0,5,3.0,1,0.0,Revolutionary Armed Forces of Colombia (FARC)
2927,0,0,0.0,1,0,2,14,27,0,5,2.0,0,0.0,Fulani extremists
2928,0,0,0.0,1,0,3,3,175,0,6,1.0,1,0.0,Revolutionary Armed Forces of Colombia (FARC)
2929,0,0,0.0,0,0,3,3,1552,0,6,0.0,0,0.0,Basque Fatherland and Freedom (ETA)
2930,0,0,1.0,1,0,3,14,730,0,6,1.0,-9,0.0,Islamic State of Iraq and the Levant (ISIL)
2931,0,1,0.0,1,0,2,4,1033,0,5,4.0,0,0.0,Al-Shabaab
2932,0,0,0.0,1,0,2,15,4827,0,5,1.0,1,0.0,National Liberation Army of Colombia (ELN)
2933,0,0,0.0,1,0,1,3,6495,0,5,2.0,0,0.0,Sikh Extremists
2934,0,0,0.0,1,0,3,3,452,0,6,0.0,1,0.0,African National Congress (South Africa)
2935,0,0,0.0,1,0,3,2,2474,0,6,0.0,1,0.0,Corsican National Liberation Front (FLNC)
2936,1,0,0.0,1,0,6,14,5046,0,5,1.0,0,1.0,New People's Army (NPA)
2937,0,0,0.0,1,0,2,4,5098,0,5,5.0,1,0.0,New People's Army (NPA)
2938,0,0,0.0,1,0,3,2,6129,0,6,0.0,1,0.0,Shining Path (SL)
2939,0,0,0.0,1,0,7,15,3546,0,8,0.0,1,0.0,Kurdistan Workers' Party (PKK)
2940,0,0,0.0,1,0,2,3,4459,0,5,1.0,0,0.0,Maoists
2941,0,0,0.0,1,0,3,14,735,0,6,2.0,0,0.0,Muslim extremists
2942,0,0,0.0,1,0,3,4,48,0,6,0.0,-9,0.0,Donetsk People's Republic
2943,0,0,1.0,1,0,7,2,6794,0,8,0.0,1,0.0,Taliban
2944,0,0,1.0,1,0,7,15,215,0,8,0.0,1,0.0,Taliban
2945,0,0,0.0,1,0,1,2,4563,0,5,1.0,0,0.0,Muslim extremists
2946,0,0,1.0,1,0,2,2,1900,0,5,3.0,1,0.0,Boko Haram
2947,0,0,0.0,1,0,3,4,330,0,6,2.0,1,0.0,Taliban
2948,0,0,0.0,0,0,8,2,2612,0,9,0.0,0,0.0,Donetsk People's Republic
2949,0,0,0.0,1,0,3,1,6286,0,6,1.0,1,0.0,Shining Path (SL)
2950,0,0,0.0,1,0,2,4,2660,0,5,1.0,1,0.0,Farabundo Marti National Liberation Front (FMLN)
2951,0,0,0.0,1,0,2,10,2804,0,5,0.0,1,0.0,Tupac Amaru Revolutionary Movement (MRTA)
2952,0,0,1.0,1,0,3,1,174,0,6,14.0,1,0.0,Abu Sayyaf Group (ASG)
2953,0,0,0.0,1,0,7,1,3576,0,8,0.0,1,0.0,Kurdistan Workers' Party (PKK)
2954,0,0,0.0,1,0,3,3,162,0,6,14.0,1,0.0,Tehrik-i-Taliban Pakistan (TTP)
2955,0,0,0.0,1,0,7,1,112,0,8,0.0,1,0.0,New People's Army (NPA)
2956,0,0,0.0,0,0,3,3,687,0,6,0.0,1,0.0,Irish Republican Army (IRA)
2957,0,0,1.0,1,0,3,14,162,0,6,6.0,1,0.0,Muslim extremists
2958,0,0,0.0,1,0,1,14,6425,0,5,4.0,0,0.0,Sikh Extremists
2959,0,0,0.0,1,0,1,14,3834,0,5,1.0,0,0.0,Liberation Tigers of Tamil Eelam (LTTE)
2960,0,0,1.0,1,1,3,14,13,0,6,3.0,-9,0.0,Islamic State of Iraq and the Levant (ISIL)
2961,0,0,0.0,1,0,2,14,27,0,5,8.0,1,0.0,Fulani extremists
2962,0,0,1.0,1,0,2,14,27,0,5,2.0,-9,0.0,Fulani extremists
2963,0,0,0.0,1,0,7,1,2201,0,8,0.0,1,0.0,Communist Party of India - Maoist (CPI-Maoist)
2964,0,0,0.0,1,0,2,4,268,0,5,1.0,0,0.0,Muslim extremists
2965,0,0,1.0,1,0,3,3,3445,0,6,0.0,1,0.0,Islamic State of Iraq and the Levant (ISIL)
2966,0,0,0.0,1,0,3,1,7224,0,6,0.0,1,0.0,Tupac Amaru Revolutionary Movement (MRTA)
2967,0,0,0.0,1,0,2,14,3938,0,5,17.0,1,0.0,Liberation Tigers of Tamil Eelam (LTTE)
2968,0,0,0.0,0,0,3,20,6,0,6,0.0,0,0.0,Islamic State of Iraq and the Levant (ISIL)
2969,0,0,0.0,1,0,5,10,4085,0,5,0.0,1,1.0,Manuel Rodriguez Patriotic Front (FPMR)
2970,0,0,0.0,1,0,3,4,3209,0,6,0.0,1,0.0,Irish Republican Army (IRA)
2971,0,0,1.0,1,1,3,14,27,0,6,4.0,1,0.0,Islamic State of Iraq and the Levant (ISIL)
2972,0,0,1.0,0,1,3,20,6,0,6,4.0,0,0.0,Boko Haram
2973,1,1,0.0,1,0,6,15,2873,0,5,1.0,0,1.0,Fulani extremists
2974,0,1,1.0,1,0,3,16,2066,0,6,0.0,1,0.0,Communist Party of India - Maoist (CPI-Maoist)
2975,0,0,0.0,1,0,3,7,404,0,6,0.0,1,0.0,Tupac Amaru Revolutionary Movement (MRTA)
2976,0,0,0.0,1,1,3,2,7006,0,6,6.0,1,0.0,Tehrik-i-Taliban Pakistan (TTP)
2977,0,0,1.0,1,0,2,15,1877,0,5,0.0,1,0.0,Boko Haram
2978,0,0,0.0,1,0,3,1,1915,0,6,0.0,1,0.0,Corsican National Liberation Front (FLNC)
2979,0,0,0.0,1,0,3,4,0,0,2,0.0,0,0.0,Islamic State of Iraq and the Levant (ISIL)
2980,0,0,0.0,1,0,3,2,4173,0,6,0.0,1,0.0,Manuel Rodriguez Patriotic Front (FPMR)
2981,0,0,0.0,1,0,2,10,2804,0,5,0.0,1,0.0,Manuel Rodriguez Patriotic Front (FPMR)
2982,0,0,0.0,1,0,2,2,2942,0,6,1.0,-9,0.0,Houthi extremists (Ansar Allah)
2983,0,0,0.0,1,0,3,3,431,0,6,0.0,1,0.0,African National Congress (South Africa)
2984,0,0,1.0,0,0,3,14,1812,0,6,0.0,0,0.0,Muslim extremists
2985,0,0,0.0,1,0,2,19,6225,0,9,0.0,0,0.0,Shining Path (SL)
2986,0,0,0.0,1,0,3,1,7192,0,6,0.0,1,0.0,Tupac Amaru Revolutionary Movement (MRTA)
2987,0,0,0.0,1,0,2,4,2660,0,5,5.0,1,0.0,Farabundo Marti National Liberation Front (FMLN)
2988,0,0,0.0,1,0,2,4,960,0,5,5.0,-9,0.0,Al-Qaida in the Arabian Peninsula (AQAP)
2989,1,0,0.0,1,0,6,12,52,0,5,0.0,0,1.0,Abu Sayyaf Group (ASG)
2990,0,0,1.0,1,0,2,3,175,0,5,0.0,0,0.0,New People's Army (NPA)
2991,0,0,1.0,1,0,3,14,1327,0,6,0.0,-9,0.0,Houthi extremists (Ansar Allah)
2992,0,0,0.0,1,0,3,1,112,0,6,0.0,1,0.0,Abu Sayyaf Group (ASG)
2993,0,0,0.0,1,0,3,17,3775,0,6,5.0,1,0.0,Liberation Tigers of Tamil Eelam (LTTE)
2994,0,0,1.0,1,0,2,4,172,0,5,10.0,-9,0.0,Al-Qaida in the Arabian Peninsula (AQAP)
2995,0,0,0.0,1,0,3,14,3597,0,6,0.0,-9,0.0,Kurdistan Workers' Party (PKK)
2996,0,0,0.0,1,0,2,4,1135,0,5,1.0,1,0.0,Al-Qaida in the Arabian Peninsula (AQAP)
2997,0,0,1.0,1,0,2,14,1464,0,8,0.0,1,0.0,Basque Fatherland and Freedom (ETA)
2998,0,0,1.0,1,0,3,1,1077,0,6,1.0,1,0.0,Shining Path (SL)
2999,0,0,0.0,1,0,7,1,4866,0,8,0.0,1,0.0,National Liberation Army of Colombia (ELN)
3000,0,0,1.0,1,0,2,14,27,0,5,7.0,1,0.0,Fulani extremists
3001,0,0,0.0,0,0,1,14,5624,0,5,0.0,0,0.0,Palestinians
3002,0,0,0.0,0,0,2,4,5903,0,5,0.0,0,0.0,Revolutionary Armed Forces of Colombia (FARC)
3003,0,0,0.0,1,0,6,14,908,0,5,1.0,0,1.0,Taliban
3004,0,0,0.0,1,0,2,3,20,0,5,1.0,0,0.0,Kurdistan Workers' Party (PKK)
3005,0,0,0.0,1,0,1,2,6298,0,5,1.0,0,0.0,Shining Path (SL)
3006,0,0,0.0,1,0,3,2,5823,0,6,0.0,1,0.0,Revolutionary Armed Forces of Colombia (FARC)
3007,0,0,1.0,1,1,3,17,219,0,6,4.0,-9,0.0,Al-Qaida in the Arabian Peninsula (AQAP)
3008,0,0,0.0,1,0,3,15,3768,0,6,0.0,-9,0.0,Liberation Tigers of Tamil Eelam (LTTE)
3009,0,0,0.0,1,0,2,4,681,0,5,1.0,1,0.0,Kurdistan Workers' Party (PKK)
3010,0,0,1.0,1,0,7,3,767,0,8,0.0,1,0.0,Taliban
3011,0,0,1.0,1,1,3,3,85,0,6,6.0,-9,0.0,Taliban
3012,1,0,0.0,1,0,6,1,4806,0,5,0.0,0,1.0,National Liberation Army of Colombia (ELN)
3013,0,1,0.0,0,0,2,4,2571,0,5,0.0,0,0.0,Donetsk People's Republic
3014,0,0,1.0,1,0,2,14,27,0,5,4.0,1,0.0,Fulani extremists
3015,1,0,0.0,1,0,6,14,1349,0,5,1.0,0,1.0,Al-Shabaab
3016,0,0,0.0,1,0,3,1,1546,0,6,0.0,1,0.0,Basque Fatherland and Freedom (ETA)
3017,0,0,0.0,0,0,1,3,6781,0,5,0.0,0,0.0,Taliban
3018,0,0,1.0,1,1,3,4,3460,0,6,1.0,0,0.0,Islamic State of Iraq and the Levant (ISIL)
3019,0,0,0.0,1,0,2,3,12,0,5,5.0,1,0.0,Revolutionary Armed Forces of Colombia (FARC)
3020,0,0,1.0,1,0,5,14,2355,0,9,0.0,0,1.0,Corsican National Liberation Front (FLNC)
3021,0,0,0.0,1,0,1,14,5595,0,5,1.0,0,0.0,Palestinians
3022,0,0,0.0,0,1,3,20,6,0,6,1.0,0,0.0,Islamic State of Iraq and the Levant (ISIL)
3023,0,0,0.0,1,0,2,14,27,0,5,10.0,1,0.0,Fulani extremists
3024,0,0,0.0,1,0,3,14,3454,0,6,1.0,1,0.0,Islamic State of Iraq and the Levant (ISIL)
3025,0,0,1.0,1,0,3,14,367,0,6,0.0,1,0.0,Al-Qaida in the Arabian Peninsula (AQAP)
3026,0,0,1.0,1,0,3,21,4143,0,6,0.0,1,0.0,National Liberation Army of Colombia (ELN)
3027,0,0,0.0,1,1,3,13,931,0,6,4.0,1,0.0,Taliban
3028,0,0,0.0,1,1,3,14,2629,0,6,79.0,1,0.0,Tehrik-i-Taliban Pakistan (TTP)
3029,0,0,0.0,1,0,1,1,5727,0,5,1.0,0,0.0,Palestinians
3030,0,0,0.0,1,1,3,19,56,0,6,2.0,-9,0.0,Boko Haram
3031,0,0,0.0,1,0,2,14,2776,0,5,1.0,1,0.0,Farabundo Marti National Liberation Front (FMLN)
3032,0,0,1.0,1,0,2,4,2560,0,6,1.0,-9,0.0,Donetsk People's Republic
3033,0,0,0.0,1,0,2,8,6593,0,5,3.0,0,0.0,Sikh Extremists
3034,0,1,1.0,1,0,3,4,0,0,6,0.0,-9,0.0,Islamic State of Iraq and the Levant (ISIL)
3035,0,0,0.0,0,0,2,4,48,0,5,0.0,0,0.0,Abu Sayyaf Group (ASG)
3036,0,0,1.0,1,0,2,14,2916,0,5,1.0,0,0.0,Fulani extremists
3037,0,0,0.0,1,0,3,2,58,0,6,0.0,-9,0.0,Abu Sayyaf Group (ASG)
3038,0,0,0.0,1,0,2,14,1980,0,5,0.0,-9,0.0,Communist Party of India - Maoist (CPI-Maoist)
3039,0,0,0.0,1,1,3,4,3846,0,6,2.0,1,0.0,Liberation Tigers of Tamil Eelam (LTTE)
3040,0,0,0.0,1,0,2,14,5436,0,5,120.0,1,0.0,Nicaraguan Democratic Force (FDN)
3041,0,0,1.0,1,0,3,16,2810,0,6,0.0,1,0.0,Farabundo Marti National Liberation Front (FMLN)
3042,0,0,0.0,1,0,1,2,5043,0,5,1.0,0,0.0,New People's Army (NPA)
3043,0,0,0.0,1,0,3,14,27,0,6,4.0,1,0.0,Houthi extremists (Ansar Allah)
3044,0,0,0.0,1,1,3,4,162,0,6,4.0,-9,0.0,Al-Shabaab
3045,0,0,1.0,1,0,3,1,4896,0,6,0.0,1,0.0,National Liberation Army of Colombia (ELN)
3046,0,0,0.0,1,0,1,4,3060,0,5,1.0,0,0.0,Irish Republican Army (IRA)
3047,0,0,0.0,1,0,3,20,2399,0,6,0.0,1,0.0,Corsican National Liberation Front (FLNC)
3048,0,0,0.0,1,0,3,4,162,0,6,3.0,0,0.0,Taliban
3049,0,0,0.0,1,0,3,4,5902,0,6,1.0,0,0.0,Revolutionary Armed Forces of Colombia (FARC)
3050,0,0,0.0,1,1,3,14,7065,0,6,40.0,1,0.0,Tehrik-i-Taliban Pakistan (TTP)
3051,0,0,1.0,1,0,3,1,1769,0,6,0.0,1,0.0,Shining Path (SL)
3052,0,0,0.0,0,0,3,14,5964,0,6,0.0,1,0.0,Revolutionary Armed Forces of Colombia (FARC)
3053,0,0,0.0,1,0,2,3,411,0,5,3.0,1,0.0,African National Congress (South Africa)
3054,0,0,0.0,1,0,3,19,904,0,6,71.0,1,0.0,Boko Haram
3055,0,0,0.0,1,0,2,4,2660,0,5,4.0,1,0.0,Nicaraguan Democratic Force (FDN)
3056,0,0,0.0,1,0,2,2,1315,0,5,1.0,0,0.0,Al-Shabaab
3057,1,0,0.0,1,0,6,2,149,0,5,7.0,0,1.0,Abu Sayyaf Group (ASG)
3058,0,0,0.0,1,0,3,19,4106,0,6,0.0,1,0.0,Manuel Rodriguez Patriotic Front (FPMR)
3059,0,0,0.0,0,0,3,14,1595,0,6,0.0,1,0.0,Basque Fatherland and Freedom (ETA)
3060,0,1,0.0,1,0,2,4,48,0,5,0.0,-9,0.0,Donetsk People's Republic
3061,0,0,1.0,0,0,2,3,172,0,5,2.0,0,0.0,Taliban
3062,0,0,0.0,1,0,6,14,170,0,5,0.0,0,1.0,Abu Sayyaf Group (ASG)
3063,0,0,1.0,1,0,2,2,2918,0,5,2.0,0,0.0,Fulani extremists
3064,0,0,0.0,1,0,1,2,4940,0,5,1.0,0,0.0,National Liberation Army of Colombia (ELN)
3065,0,0,0.0,1,0,2,4,681,0,5,15.0,1,0.0,Kurdistan Workers' Party (PKK)
3066,0,0,0.0,1,0,3,4,48,0,6,87.0,1,0.0,Donetsk People's Republic
3067,0,0,1.0,1,0,3,2,801,0,6,0.0,1,0.0,Corsican National Liberation Front (FLNC)
3068,0,0,0.0,1,0,3,4,3883,0,6,1.0,1,0.0,Liberation Tigers of Tamil Eelam (LTTE)
3069,0,0,0.0,1,0,3,1,4900,0,6,0.0,1,0.0,National Liberation Army of Colombia (ELN)
3070,0,0,0.0,1,0,3,1,250,0,6,0.0,1,0.0,Abu Sayyaf Group (ASG)
3071,0,0,1.0,1,0,3,22,801,0,6,5.0,1,0.0,Al-Qaida in Iraq
3072,0,0,0.0,1,0,3,3,3234,0,6,2.0,1,0.0,Irish Republican Army (IRA)
3073,0,0,0.0,1,0,3,14,2453,0,6,0.0,1,0.0,Corsican National Liberation Front (FLNC)
3074,0,0,0.0,1,0,2,3,162,0,5,1.0,1,0.0,Taliban
3075,0,0,0.0,1,0,3,4,3836,0,6,2.0,-9,0.0,Liberation Tigers of Tamil Eelam (LTTE)
3076,0,0,0.0,1,0,3,1,1077,0,6,0.0,1,0.0,Corsican National Liberation Front (FLNC)
3077,0,0,1.0,1,1,3,15,215,0,6,2.0,-9,0.0,Tehrik-i-Taliban Pakistan (TTP)
3078,0,0,0.0,1,0,3,4,162,0,6,3.0,1,0.0,Tehrik-i-Taliban Pakistan (TTP)
3079,0,0,1.0,1,0,2,4,93,0,5,3.0,1,0.0,Abu Sayyaf Group (ASG)
3080,0,0,1.0,1,0,3,14,13,0,6,3.0,0,0.0,Al-Qaida in Iraq
3081,0,0,0.0,0,0,3,4,3829,0,6,1.0,1,0.0,Revolutionary Armed Forces of Colombia (FARC)
3082,0,0,0.0,1,0,3,7,6197,0,6,9.0,1,0.0,Shining Path (SL)
3083,0,0,0.0,1,0,6,1,5085,0,8,0.0,1,1.0,New People's Army (NPA)
3084,0,1,0.0,0,0,4,11,240,0,5,0.0,0,0.0,Abu Sayyaf Group (ASG)
3085,0,0,0.0,1,0,3,21,1419,0,6,2.0,1,0.0,Basque Fatherland and Freedom (ETA)
3086,0,1,0.0,1,1,3,4,3894,0,6,1.0,-9,0.0,Liberation Tigers of Tamil Eelam (LTTE)
3087,0,1,0.0,1,0,3,4,48,0,6,1.0,0,0.0,Donetsk People's Republic
3088,0,0,0.0,1,0,1,8,532,0,5,6.0,0,0.0,African National Congress (South Africa)
3089,1,0,0.0,1,0,2,4,2660,0,5,1.0,1,0.0,Farabundo Marti National Liberation Front (FMLN)
3090,0,1,0.0,1,0,2,14,273,0,9,3.0,0,0.0,Abu Sayyaf Group (ASG)
3091,1,0,0.0,1,0,6,3,85,0,5,3.0,0,-9.0,New People's Army (NPA)
3092,0,1,0.0,1,0,3,21,4762,0,6,0.0,1,0.0,National Liberation Army of Colombia (ELN)
3093,0,0,1.0,1,1,3,4,167,0,6,2.0,-9,0.0,Tehrik-i-Taliban Pakistan (TTP)
3094,0,1,1.0,1,0,3,1,3464,0,6,0.0,1,0.0,Islamic State of Iraq and the Levant (ISIL)
3095,0,0,0.0,1,0,3,22,6990,0,6,0.0,1,0.0,Tehrik-i-Taliban Pakistan (TTP)
3096,0,0,0.0,1,0,2,3,514,0,5,2.0,1,0.0,Basque Fatherland and Freedom (ETA)
3097,0,0,1.0,1,0,7,14,1896,0,8,3.0,1,0.0,Boko Haram
3098,0,0,0.0,1,0,3,1,2456,0,6,0.0,1,0.0,Corsican National Liberation Front (FLNC)
3099,0,0,0.0,1,0,3,3,3195,0,5,0.0,1,0.0,Tupac Amaru Revolutionary Movement (MRTA)
3100,0,0,0.0,1,0,2,4,402,0,5,1.0,0,0.0,New People's Army (NPA)
3101,0,0,0.0,1,0,3,2,4097,0,6,0.0,1,0.0,Manuel Rodriguez Patriotic Front (FPMR)
3102,0,0,0.0,1,0,2,14,730,0,5,4.0,1,0.0,Muslim extremists
3103,1,0,0.0,1,0,6,18,4954,0,5,0.0,0,1.0,National Liberation Army of Colombia (ELN)
3104,1,0,1.0,1,0,2,14,27,0,5,7.0,1,-9.0,Fulani extremists
3105,0,0,0.0,1,0,3,11,3857,0,6,0.0,0,0.0,Liberation Tigers of Tamil Eelam (LTTE)
3106,0,0,0.0,1,0,3,4,3815,0,6,1.0,1,0.0,Liberation Tigers of Tamil Eelam (LTTE)
3107,0,0,0.0,1,0,2,14,27,0,5,0.0,1,0.0,Fulani extremists
3108,0,1,0.0,1,0,2,3,803,0,5,3.0,1,0.0,Sikh Extremists
3109,0,0,0.0,1,0,2,4,268,0,5,1.0,0,0.0,Taliban
3110,1,0,0.0,1,0,2,1,6791,0,5,0.0,0,1.0,Taliban
3111,0,0,1.0,1,0,3,4,2958,0,6,0.0,0,0.0,Houthi extremists (Ansar Allah)
3112,0,0,0.0,1,0,1,2,504,0,5,1.0,0,0.0,African National Congress (South Africa)
3113,0,0,1.0,1,0,3,1,1077,0,6,0.0,1,0.0,Corsican National Liberation Front (FLNC)
3114,0,0,1.0,1,0,3,14,13,0,6,0.0,1,0.0,Boko Haram
3115,1,0,0.0,1,0,6,1,4335,0,5,0.0,1,1.0,Maoists
3116,0,0,0.0,1,0,3,1,7204,0,6,1.0,1,0.0,Tupac Amaru Revolutionary Movement (MRTA)
3117,0,1,0.0,1,0,3,4,3443,0,6,0.0,1,0.0,Islamic State of Iraq and the Levant (ISIL)
3118,0,0,0.0,0,0,3,20,6,0,6,0.0,0,0.0,Maoists
3119,0,0,0.0,1,0,7,14,7232,0,8,0.0,1,0.0,Tupac Amaru Revolutionary Movement (MRTA)
3120,1,0,0.0,1,0,1,2,4941,0,5,1.0,0,1.0,National Liberation Army of Colombia (ELN)
3121,0,0,0.0,1,0,3,3,175,0,6,0.0,1,0.0,Corsican National Liberation Front (FLNC)
3122,0,0,0.0,1,0,3,21,443,0,6,0.0,1,0.0,African National Congress (South Africa)
3123,0,0,0.0,1,0,2,14,1982,0,9,1.0,0,0.0,Communist Party of India - Maoist (CPI-Maoist)
3124,0,0,0.0,1,0,3,1,7236,0,6,0.0,1,0.0,Tupac Amaru Revolutionary Movement (MRTA)
3125,0,0,0.0,1,0,2,1,5244,0,5,0.0,1,0.0,New People's Army (NPA)
3126,0,0,0.0,1,0,3,4,59,0,6,0.0,1,0.0,New People's Army (NPA)
3127,0,0,0.0,1,1,3,4,330,0,6,2.0,1,0.0,Taliban
3128,1,1,0.0,1,0,6,14,70,0,9,2.0,0,1.0,Abu Sayyaf Group (ASG)
3129,0,0,0.0,1,0,1,3,469,0,6,0.0,0,0.0,African National Congress (South Africa)
3130,1,0,0.0,1,0,6,8,6757,0,5,1.0,0,1.0,Taliban
3131,0,0,0.0,1,0,3,1,7022,0,6,0.0,1,0.0,Tehrik-i-Taliban Pakistan (TTP)
3132,0,0,1.0,1,0,3,21,2659,0,6,0.0,1,0.0,Farabundo Marti National Liberation Front (FMLN)
3133,0,0,1.0,1,0,3,21,4143,0,6,0.0,1,0.0,National Liberation Army of Colombia (ELN)
3134,0,0,0.0,1,0,2,11,5433,0,5,1.0,1,0.0,Nicaraguan Democratic Force (FDN)
3135,0,1,0.0,1,0,2,4,162,0,6,1.0,1,0.0,Al-Shabaab
3136,0,0,0.0,1,0,3,1,6489,0,6,3.0,1,0.0,Sikh Extremists
3137,0,0,0.0,1,0,2,4,244,0,6,1.0,0,0.0,Abu Sayyaf Group (ASG)
3138,0,0,1.0,1,0,3,14,2336,0,6,0.0,1,0.0,Corsican National Liberation Front (FLNC)
3139,0,0,1.0,1,0,3,21,3466,0,6,0.0,1,0.0,Islamic State of Iraq and the Levant (ISIL)
3140,0,1,0.0,1,0,2,4,681,0,5,4.0,1,0.0,Revolutionary Armed Forces of Colombia (FARC)
3141,0,0,0.0,1,0,2,19,5877,0,5,2.0,1,1.0,Revolutionary Armed Forces of Colombia (FARC)
3142,0,0,1.0,1,0,3,20,6,0,6,0.0,1,0.0,Basque Fatherland and Freedom (ETA)
3143,0,0,0.0,1,0,1,17,3114,0,5,1.0,0,0.0,Irish Republican Army (IRA)
3144,0,0,0.0,1,0,2,4,2789,0,5,2.0,1,0.0,Revolutionary Armed Forces of Colombia (FARC)
3145,1,0,0.0,1,0,6,2,7062,0,6,2.0,0,1.0,Tehrik-i-Taliban Pakistan (TTP)
3146,0,0,1.0,1,1,3,1,755,0,6,5.0,0,0.0,Al-Shabaab
3147,0,0,1.0,0,0,3,20,6,0,6,0.0,0,0.0,Kurdistan Workers' Party (PKK)
3148,0,0,0.0,1,0,3,4,268,0,6,1.0,0,0.0,Tehrik-i-Taliban Pakistan (TTP)
3149,0,1,0.0,1,0,3,4,48,0,6,143.0,-9,0.0,Donetsk People's Republic
3150,1,0,0.0,1,0,6,14,2893,0,5,0.0,0,1.0,Fulani extremists
3151,0,0,0.0,1,0,3,4,48,0,6,7.0,1,0.0,Donetsk People's Republic
3152,0,0,0.0,1,0,3,2,481,0,6,0.0,1,0.0,African National Congress (South Africa)
3153,0,0,0.0,0,0,1,2,5194,0,5,1.0,0,0.0,New People's Army (NPA)
3154,0,0,0.0,1,0,3,16,5365,0,6,0.0,1,0.0,Nicaraguan Democratic Force (FDN)
3155,0,0,0.0,1,0,3,20,6,0,6,1.0,0,0.0,Islamic State of Iraq and the Levant (ISIL)
3156,1,0,0.0,1,0,6,2,4917,0,5,0.0,0,1.0,National Liberation Army of Colombia (ELN)
3157,0,0,0.0,1,0,1,14,3496,0,5,1.0,1,0.0,Islamic State of Iraq and the Levant (ISIL)
3158,0,0,0.0,1,0,3,3,1981,0,6,0.0,-9,0.0,Communist Party of India - Maoist (CPI-Maoist)
3159,0,0,0.0,1,0,3,14,4086,0,6,0.0,1,0.0,Manuel Rodriguez Patriotic Front (FPMR)
3160,0,0,0.0,0,0,1,3,419,0,6,1.0,1,0.0,African National Congress (South Africa)
3161,0,0,1.0,1,0,3,4,2958,0,6,0.0,0,0.0,Houthi extremists (Ansar Allah)
3162,0,0,0.0,1,0,3,21,5943,0,6,0.0,1,0.0,Revolutionary Armed Forces of Colombia (FARC)
3163,0,0,0.0,1,0,3,1,426,0,6,0.0,1,0.0,African National Congress (South Africa)
3164,0,0,0.0,1,0,3,3,1556,0,6,0.0,1,0.0,Basque Fatherland and Freedom (ETA)
3165,0,0,0.0,1,0,2,4,3872,0,5,10.0,1,0.0,Liberation Tigers of Tamil Eelam (LTTE)
3166,0,0,0.0,1,0,2,4,2670,0,5,1.0,1,0.0,Farabundo Marti National Liberation Front (FMLN)
3167,0,0,1.0,1,0,7,1,1847,0,8,0.0,1,0.0,Muslim extremists
3168,0,1,0.0,1,0,2,4,3944,0,5,1.0,1,0.0,Liberation Tigers of Tamil Eelam (LTTE)
3169,0,0,0.0,1,0,3,1,1077,0,6,1.0,1,0.0,Tupac Amaru Revolutionary Movement (MRTA)
3170,0,0,0.0,1,0,2,2,1071,0,5,1.0,0,0.0,Al-Qaida in the Arabian Peninsula (AQAP)
3171,0,0,0.0,1,0,1,2,3156,0,6,2.0,1,0.0,Irish Republican Army (IRA)
3172,0,0,0.0,1,0,2,4,2660,0,5,0.0,1,0.0,Farabundo Marti National Liberation Front (FMLN)
3173,0,0,0.0,1,0,2,3,85,0,5,6.0,-9,0.0,Al-Qaida in the Arabian Peninsula (AQAP)
3174,0,0,0.0,1,0,3,15,44,0,6,0.0,1,0.0,Abu Sayyaf Group (ASG)
3175,0,0,1.0,1,0,4,14,4651,1,9,1.0,1,1.0,Muslim extremists
3176,1,0,0.0,1,0,6,2,4569,0,5,0.0,1,1.0,Muslim extremists
3177,1,0,0.0,1,0,6,2,2010,0,5,2.0,0,1.0,Communist Party of India - Maoist (CPI-Maoist)
3178,0,0,0.0,1,0,3,19,1619,0,6,13.0,1,0.0,Sikh Extremists
3179,0,0,0.0,1,0,8,14,5559,0,9,1.0,1,0.0,Palestinians
3180,1,0,0.0,1,0,6,4,48,0,5,1.0,0,1.0,Taliban
3181,0,0,0.0,1,0,2,14,27,0,8,0.0,-9,0.0,Donetsk People's Republic
3182,0,0,1.0,1,0,3,14,1888,0,6,0.0,-9,0.0,Houthi extremists (Ansar Allah)
3183,0,0,0.0,1,0,3,4,4193,0,6,0.0,1,0.0,Manuel Rodriguez Patriotic Front (FPMR)
3184,0,1,1.0,1,0,2,4,48,0,6,0.0,0,0.0,Donetsk People's Republic
3185,0,0,1.0,1,0,2,3,1574,0,5,2.0,1,0.0,Kurdistan Workers' Party (PKK)
3186,0,1,1.0,1,0,2,4,48,0,6,0.0,-9,0.0,Donetsk People's Republic
3187,0,0,0.0,1,0,3,20,6,0,6,0.0,0,0.0,Houthi extremists (Ansar Allah)
3188,0,0,0.0,1,0,3,4,48,0,6,2.0,0,0.0,Kurdistan Workers' Party (PKK)
3189,0,0,0.0,0,1,3,19,3484,0,6,3.0,0,0.0,Islamic State of Iraq and the Levant (ISIL)
3190,0,0,1.0,1,0,3,2,758,0,6,3.0,1,0.0,Al-Qaida in Iraq
3191,0,1,0.0,1,1,3,11,3939,0,6,10.0,1,0.0,Liberation Tigers of Tamil Eelam (LTTE)
3192,0,0,1.0,1,0,3,3,12,0,6,0.0,1,0.0,New People's Army (NPA)
3193,0,0,0.0,1,0,2,1,6141,0,5,1.0,1,0.0,Shining Path (SL)
3194,0,0,0.0,1,0,3,1,1607,0,6,0.0,1,0.0,Basque Fatherland and Freedom (ETA)
3195,0,0,1.0,1,0,2,17,1273,0,5,6.0,0,0.0,Al-Shabaab
3196,0,1,0.0,1,0,3,19,6576,0,6,0.0,1,0.0,Sikh Extremists
3197,0,1,0.0,1,0,2,4,7095,0,6,2.0,1,0.0,Tehrik-i-Taliban Pakistan (TTP)
3198,0,0,1.0,1,0,2,14,27,0,6,100.0,1,0.0,Boko Haram
3199,0,0,0.0,1,0,2,4,2660,0,5,1.0,1,0.0,Farabundo Marti National Liberation Front (FMLN)
3200,0,0,0.0,1,0,3,3,330,0,6,1.0,1,0.0,Taliban
3201,0,0,0.0,0,0,3,4,2958,0,6,0.0,0,0.0,Houthi extremists (Ansar Allah)
3202,0,0,0.0,1,0,1,3,3082,0,5,1.0,0,0.0,Irish Republican Army (IRA)
3203,0,0,0.0,1,0,3,14,205,0,6,1.0,-9,0.0,Al-Qaida in the Arabian Peninsula (AQAP)
3204,0,0,0.0,1,1,3,4,1816,0,6,10.0,1,0.0,Taliban
3205,0,0,0.0,0,0,3,20,6,0,6,0.0,0,0.0,Abu Sayyaf Group (ASG)
3206,0,0,0.0,0,0,3,2,2188,0,6,0.0,0,0.0,Communist Party of India - Maoist (CPI-Maoist)
3207,0,0,0.0,1,0,3,4,3255,0,6,4.0,1,0.0,Irish Republican Army (IRA)
3208,0,0,0.0,1,0,3,21,2659,0,6,0.0,1,0.0,Manuel Rodriguez Patriotic Front (FPMR)
3209,0,0,0.0,0,0,1,3,2432,0,9,0.0,0,0.0,Palestinians
3210,0,0,1.0,1,0,2,4,48,0,5,0.0,1,0.0,New People's Army (NPA)
3211,0,1,0.0,1,0,3,21,4762,0,6,0.0,0,0.0,National Liberation Army of Colombia (ELN)
3212,0,0,0.0,1,1,3,3,85,0,6,2.0,0,0.0,Taliban
3213,0,0,0.0,1,0,2,14,165,0,5,3.0,0,0.0,Abu Sayyaf Group (ASG)
3214,1,0,0.0,1,0,6,4,1131,0,5,1.0,0,1.0,Al-Qaida in the Arabian Peninsula (AQAP)
3215,1,0,0.0,1,0,4,11,69,0,5,0.0,0,1.0,Abu Sayyaf Group (ASG)
3216,0,0,1.0,1,0,3,1,1077,0,6,1.0,1,0.0,Corsican National Liberation Front (FLNC)
3217,0,0,0.0,1,0,2,3,803,0,5,2.0,1,0.0,Sikh Extremists
3218,0,0,0.0,1,0,3,3,5913,0,6,1.0,0,0.0,Revolutionary Armed Forces of Colombia (FARC)
3219,0,0,1.0,1,0,2,14,13,0,5,17.0,0,0.0,Fulani extremists
3220,0,0,0.0,1,0,2,14,27,0,5,95.0,1,0.0,Fulani extremists
3221,0,0,0.0,1,0,3,4,7262,0,6,0.0,1,0.0,Tupac Amaru Revolutionary Movement (MRTA)
3222,0,0,0.0,0,0,3,4,1590,0,6,0.0,0,0.0,Basque Fatherland and Freedom (ETA)
3223,0,0,0.0,1,0,3,14,99,0,6,0.0,0,0.0,Abu Sayyaf Group (ASG)
3224,0,0,0.0,1,0,3,4,48,0,6,0.0,0,0.0,Donetsk People's Republic
3225,0,0,0.0,1,0,1,3,3204,0,5,1.0,0,0.0,Irish Republican Army (IRA)
3226,0,1,0.0,1,0,1,2,2217,0,5,1.0,-9,0.0,Communist Party of India - Maoist (CPI-Maoist)
3227,0,0,0.0,1,0,7,10,2606,0,8,0.0,1,0.0,Donetsk People's Republic
3228,0,0,0.0,1,0,6,14,6,0,5,2.0,-9,1.0,Maoists
3229,0,0,0.0,1,0,2,1,2173,0,5,3.0,0,0.0,Communist Party of India - Maoist (CPI-Maoist)
3230,0,0,0.0,1,0,6,1,3561,0,9,0.0,0,1.0,Kurdistan Workers' Party (PKK)
3231,0,0,0.0,1,0,3,1,7288,0,6,0.0,1,0.0,Tupac Amaru Revolutionary Movement (MRTA)
3232,0,0,0.0,1,0,1,14,3208,0,5,1.0,0,0.0,Irish Republican Army (IRA)
3233,0,0,0.0,1,0,3,14,221,0,6,3.0,1,0.0,Abu Sayyaf Group (ASG)
3234,0,0,0.0,1,0,4,11,4882,0,5,0.0,1,1.0,National Liberation Army of Colombia (ELN)
3235,0,0,0.0,1,0,3,3,330,0,6,0.0,0,0.0,Muslim extremists
3236,0,0,0.0,1,0,3,15,3755,0,6,0.0,1,0.0,Liberation Tigers of Tamil Eelam (LTTE)
3237,0,0,1.0,1,0,3,14,1292,0,6,2.0,-9,0.0,Muslim extremists
3238,0,0,0.0,1,0,2,4,2660,0,5,2.0,1,0.0,Nicaraguan Democratic Force (FDN)
3239,0,1,0.0,1,0,3,8,6970,0,6,0.0,1,0.0,Tehrik-i-Taliban Pakistan (TTP)
3240,0,0,0.0,0,0,3,3,7202,0,6,0.0,1,0.0,Tupac Amaru Revolutionary Movement (MRTA)
3241,0,0,1.0,1,0,3,21,2708,0,6,0.0,1,0.0,Farabundo Marti National Liberation Front (FMLN)
3242,0,0,0.0,1,0,1,14,6522,0,5,5.0,0,0.0,Sikh Extremists
3243,0,0,0.0,1,0,3,4,435,0,6,6.0,1,0.0,African National Congress (South Africa)
3244,0,0,0.0,1,1,3,14,3450,0,6,35.0,1,0.0,Islamic State of Iraq and the Levant (ISIL)
3245,0,0,0.0,1,0,1,3,1516,0,5,1.0,0,0.0,Basque Fatherland and Freedom (ETA)
3246,0,0,0.0,1,0,2,19,56,0,5,126.0,1,0.0,Liberation Tigers of Tamil Eelam (LTTE)
3247,0,0,1.0,1,0,2,14,27,0,5,5.0,1,0.0,Fulani extremists
3248,0,0,0.0,1,0,2,3,330,0,5,4.0,1,0.0,Taliban
3249,0,0,0.0,1,0,2,14,3017,0,5,0.0,0,0.0,Houthi extremists (Ansar Allah)
3250,0,0,1.0,1,0,3,21,4164,0,6,0.0,1,0.0,Manuel Rodriguez Patriotic Front (FPMR)
3251,0,0,0.0,1,1,3,4,20,0,6,4.0,-9,0.0,Boko Haram
3252,0,0,1.0,1,0,3,3,3195,0,5,0.0,1,0.0,Irish Republican Army (IRA)
3253,0,0,0.0,1,0,7,14,3650,0,8,0.0,1,0.0,Maoists
3254,0,0,0.0,0,0,8,4,3092,0,9,0.0,0,0.0,Palestinians
3255,0,0,1.0,1,0,3,14,1327,0,6,3.0,1,0.0,Donetsk People's Republic
3256,0,1,0.0,1,0,2,4,12,0,6,6.0,0,0.0,National Liberation Army of Colombia (ELN)
3257,0,0,0.0,1,0,3,4,20,0,6,1.0,0,0.0,Al-Shabaab
3258,0,1,0.0,1,1,3,4,402,0,6,8.0,0,0.0,Islamic State of Iraq and the Levant (ISIL)
3259,0,0,1.0,1,0,2,14,27,0,5,13.0,1,0.0,Fulani extremists
3260,0,0,1.0,1,0,3,1,1557,0,6,0.0,1,0.0,Corsican National Liberation Front (FLNC)
3261,0,0,0.0,1,0,2,4,172,0,5,5.0,0,0.0,Boko Haram
3262,0,0,0.0,1,0,8,14,5662,0,9,1.0,1,0.0,Palestinians
3263,0,1,0.0,1,0,3,20,6,0,6,0.0,0,0.0,Donetsk People's Republic
3264,0,0,0.0,1,0,2,3,2770,0,5,1.0,1,0.0,Farabundo Marti National Liberation Front (FMLN)
3265,0,1,0.0,1,0,3,19,519,0,6,0.0,1,0.0,African National Congress (South Africa)
3266,0,0,0.0,1,1,1,17,886,0,6,5.0,1,0.0,Al-Qaida in Iraq
3267,0,0,0.0,1,0,3,4,330,0,6,0.0,1,0.0,Al-Qaida in the Arabian Peninsula (AQAP)
3268,0,0,0.0,1,0,2,14,1181,0,5,1.0,1,0.0,Al-Shabaab
3269,0,0,0.0,1,0,3,3,3800,0,6,1.0,1,0.0,Liberation Tigers of Tamil Eelam (LTTE)
3270,0,0,0.0,1,0,3,14,1257,0,6,0.0,1,0.0,Islamic State of Iraq and the Levant (ISIL)
3271,0,0,0.0,1,0,3,14,1015,0,6,0.0,0,0.0,Al-Qaida in the Arabian Peninsula (AQAP)
3272,0,0,0.0,1,0,3,14,147,0,6,1.0,0,0.0,Abu Sayyaf Group (ASG)
3273,0,0,0.0,0,0,3,4,48,0,6,0.0,0,0.0,Maoists
3274,0,0,1.0,1,0,3,1,6932,0,6,18.0,1,0.0,Tehrik-i-Taliban Pakistan (TTP)
3275,0,1,0.0,1,0,3,4,48,0,6,0.0,-9,0.0,Donetsk People's Republic
3276,0,0,0.0,1,1,3,3,799,0,6,61.0,1,0.0,Al-Qaida in Iraq
3277,0,0,0.0,1,0,3,12,801,0,6,1.0,1,0.0,Donetsk People's Republic
3278,0,0,1.0,1,0,2,14,27,0,5,1.0,1,0.0,Fulani extremists
3279,0,0,1.0,0,0,3,20,4807,0,6,0.0,1,0.0,National Liberation Army of Colombia (ELN)
3280,0,0,1.0,1,0,3,4,402,0,6,0.0,-9,0.0,Al-Shabaab
3281,0,0,0.0,1,0,2,14,4674,0,9,0.0,0,0.0,Muslim extremists
3282,0,0,0.0,1,0,2,14,27,0,5,6.0,1,0.0,Boko Haram
3283,0,0,0.0,1,0,1,1,5997,0,5,5.0,1,0.0,Revolutionary Armed Forces of Colombia (FARC)
3284,0,1,1.0,1,0,3,9,7213,0,6,0.0,1,0.0,Tupac Amaru Revolutionary Movement (MRTA)
3285,0,0,0.0,1,0,3,1,5993,0,6,0.0,1,0.0,Revolutionary Armed Forces of Colombia (FARC)
3286,0,0,0.0,1,0,7,19,2090,0,11,0.0,1,0.0,Communist Party of India - Maoist (CPI-Maoist)
3287,0,0,0.0,0,0,1,2,5,0,6,0.0,1,0.0,Abu Sayyaf Group (ASG)
3288,0,0,0.0,1,0,3,2,7283,0,6,1.0,1,0.0,Tupac Amaru Revolutionary Movement (MRTA)
3289,0,0,1.0,1,0,3,19,3816,0,6,1.0,1,0.0,Liberation Tigers of Tamil Eelam (LTTE)
3290,0,0,0.0,0,0,1,22,6468,0,6,4.0,0,0.0,Sikh Extremists
3291,0,0,0.0,1,0,2,2,4657,0,5,1.0,-9,0.0,Muslim extremists
3292,0,0,0.0,1,0,2,4,41,0,5,4.0,1,0.0,Abu Sayyaf Group (ASG)
3293,0,0,0.0,0,0,3,20,6,0,6,0.0,0,0.0,Maoists
3294,0,0,0.0,1,0,3,14,5900,0,6,0.0,1,0.0,Revolutionary Armed Forces of Colombia (FARC)
3295,0,0,0.0,0,0,1,3,1507,0,6,0.0,0,0.0,Basque Fatherland and Freedom (ETA)
3296,0,0,0.0,1,0,2,14,6459,0,5,1.0,1,0.0,Sikh Extremists
3297,0,0,0.0,1,0,6,14,6,0,5,0.0,0,1.0,Basque Fatherland and Freedom (ETA)
3298,0,0,1.0,1,0,3,9,7285,0,6,0.0,1,0.0,Tupac Amaru Revolutionary Movement (MRTA)
3299,0,0,0.0,0,0,3,1,4903,0,6,0.0,1,0.0,National Liberation Army of Colombia (ELN)
3300,0,0,1.0,1,0,3,14,13,0,6,2.0,0,0.0,Al-Qaida in Iraq
3301,0,0,0.0,1,0,3,4,3080,0,6,1.0,1,0.0,Irish Republican Army (IRA)
3302,0,0,0.0,1,0,3,2,5713,0,6,0.0,1,0.0,Palestinians
3303,0,0,0.0,1,0,3,3,5949,0,6,0.0,1,0.0,Revolutionary Armed Forces of Colombia (FARC)
3304,0,1,0.0,1,0,3,4,330,0,6,2.0,1,0.0,Tehrik-i-Taliban Pakistan (TTP)
3305,0,0,0.0,1,0,3,3,419,0,6,0.0,1,0.0,African National Congress (South Africa)
3306,0,0,0.0,1,0,1,2,5831,0,5,1.0,0,0.0,Revolutionary Armed Forces of Colombia (FARC)
3307,0,0,0.0,1,0,3,2,2767,0,6,0.0,1,0.0,Farabundo Marti National Liberation Front (FMLN)
3308,0,0,0.0,1,0,1,15,6541,0,5,1.0,0,0.0,Sikh Extremists
3309,0,0,1.0,1,0,3,21,955,0,6,0.0,1,0.0,Al-Qaida in the Arabian Peninsula (AQAP)
3310,0,0,0.0,0,0,6,7,1018,0,5,0.0,1,0.0,Al-Qaida in the Arabian Peninsula (AQAP)
3311,0,0,0.0,1,0,2,1,1594,0,5,0.0,1,0.0,Basque Fatherland and Freedom (ETA)
3312,0,0,0.0,1,0,2,14,3844,0,5,9.0,1,0.0,Liberation Tigers of Tamil Eelam (LTTE)
3313,0,0,0.0,1,0,3,4,803,0,6,0.0,1,0.0,Palestinians
3314,0,0,0.0,1,0,7,16,2066,0,8,0.0,1,0.0,Maoists
3315,0,0,0.0,1,0,3,14,1393,0,6,0.0,1,0.0,Corsican National Liberation Front (FLNC)
3316,0,0,0.0,1,0,3,14,1896,0,6,1.0,-9,0.0,Houthi extremists (Ansar Allah)
3317,0,0,0.0,1,0,2,4,4764,0,5,5.0,1,1.0,National Liberation Army of Colombia (ELN)
3318,0,0,1.0,1,0,3,16,2138,0,6,0.0,1,0.0,Communist Party of India - Maoist (CPI-Maoist)
3319,0,0,1.0,1,0,3,1,4773,0,6,0.0,1,0.0,National Liberation Army of Colombia (ELN)
3320,0,0,1.0,1,0,3,4,402,0,6,1.0,-9,0.0,Al-Shabaab
3321,0,0,0.0,1,0,6,14,2077,0,5,1.0,0,1.0,Communist Party of India - Maoist (CPI-Maoist)
3322,0,1,0.0,1,0,3,14,13,0,6,6.0,1,0.0,Tehrik-i-Taliban Pakistan (TTP)
3323,0,1,0.0,1,0,3,4,2991,0,6,1.0,-9,0.0,Houthi extremists (Ansar Allah)
3324,1,0,0.0,1,0,3,14,124,0,5,2.0,-9,1.0,Abu Sayyaf Group (ASG)
3325,0,0,1.0,1,0,3,4,48,0,6,0.0,-9,0.0,Donetsk People's Republic
3326,0,0,0.0,1,0,2,4,803,0,5,0.0,1,0.0,National Liberation Army of Colombia (ELN)
3327,0,0,0.0,1,0,2,3,85,0,6,6.0,0,0.0,Taliban
3328,0,1,1.0,1,0,3,19,5848,0,6,0.0,1,0.0,Revolutionary Armed Forces of Colombia (FARC)
3329,0,0,0.0,1,0,2,4,803,0,5,7.0,1,0.0,Farabundo Marti National Liberation Front (FMLN)
3330,0,0,1.0,0,0,2,13,3552,0,5,0.0,0,0.0,Kurdistan Workers' Party (PKK)
3331,0,0,0.0,1,0,3,4,2560,0,6,2.0,0,0.0,Donetsk People's Republic
3332,0,0,0.0,1,0,6,3,1538,0,5,90.0,1,0.0,Liberation Tigers of Tamil Eelam (LTTE)
3333,0,0,0.0,1,0,3,2,2426,0,6,0.0,1,0.0,National Liberation Army of Colombia (ELN)
3334,0,0,0.0,1,0,1,14,5582,0,9,1.0,0,0.0,Palestinians
3335,0,0,0.0,1,0,2,2,5198,0,5,4.0,1,0.0,New People's Army (NPA)
3336,0,0,0.0,1,0,3,3,1520,0,6,0.0,1,0.0,Basque Fatherland and Freedom (ETA)
3337,0,0,0.0,1,0,3,4,330,0,6,1.0,1,0.0,Kurdistan Workers' Party (PKK)
3338,0,0,0.0,1,0,2,8,4305,0,9,0.0,0,0.0,Maoists
3339,0,1,0.0,1,0,3,4,0,0,6,1.0,0,0.0,Donetsk People's Republic
3340,0,0,0.0,1,0,3,1,3078,0,6,1.0,1,0.0,Irish Republican Army (IRA)
3341,0,0,1.0,0,0,3,14,6547,0,6,0.0,1,0.0,Sikh Extremists
3342,0,0,0.0,1,0,2,2,7009,0,5,1.0,0,0.0,Tehrik-i-Taliban Pakistan (TTP)
3343,0,0,0.0,0,0,6,1,68,0,5,0.0,0,0.0,Abu Sayyaf Group (ASG)
3344,0,0,0.0,0,0,3,2,4340,0,6,0.0,0,0.0,Maoists
3345,0,0,0.0,1,0,3,4,1282,0,6,1.0,-9,0.0,Al-Shabaab
3346,0,0,0.0,1,0,3,4,4955,0,6,1.0,1,0.0,National Liberation Army of Colombia (ELN)
3347,0,0,0.0,1,0,3,14,205,0,6,0.0,1,0.0,Revolutionary Armed Forces of Colombia (FARC)
3348,0,0,0.0,1,0,2,4,803,0,5,42.0,1,0.0,New People's Army (NPA)
3349,0,0,1.0,1,0,2,14,2912,0,5,2.0,1,0.0,Fulani extremists
3350,0,0,1.0,1,0,2,2,1135,0,5,2.0,0,0.0,Boko Haram
3351,0,0,0.0,1,0,3,19,3795,0,6,0.0,1,0.0,Liberation Tigers of Tamil Eelam (LTTE)
3352,0,0,0.0,1,0,3,4,4169,0,6,1.0,1,0.0,Manuel Rodriguez Patriotic Front (FPMR)
3353,0,0,0.0,1,0,3,4,3301,0,6,1.0,1,0.0,Palestinians
3354,0,0,0.0,1,0,1,4,5170,0,5,1.0,0,0.0,New People's Army (NPA)
3355,0,0,0.0,1,0,6,2,2155,0,5,0.0,0,1.0,Communist Party of India - Maoist (CPI-Maoist)
3356,0,0,0.0,1,0,2,3,4154,0,5,1.0,1,0.0,Manuel Rodriguez Patriotic Front (FPMR)
3357,0,0,0.0,1,0,3,2,613,0,6,0.0,1,0.0,African National Congress (South Africa)
3358,0,0,0.0,1,0,3,3,6799,0,6,0.0,1,0.0,Taliban
3359,0,0,0.0,1,0,1,14,5528,0,9,1.0,0,0.0,Palestinians
3360,1,0,0.0,1,0,6,15,2896,0,5,0.0,0,1.0,Fulani extremists
3361,0,0,0.0,1,0,2,4,681,0,5,2.0,1,0.0,Farabundo Marti National Liberation Front (FMLN)
3362,0,1,0.0,0,0,2,4,12,0,5,1.0,0,0.0,Maoists
3363,0,0,0.0,0,0,2,3,1963,0,5,0.0,0,0.0,Communist Party of India - Maoist (CPI-Maoist)
3364,0,0,1.0,1,0,2,3,20,0,5,3.0,0,0.0,Al-Qaida in Iraq
3365,0,0,0.0,1,0,3,21,6020,0,6,0.0,1,0.0,Revolutionary Armed Forces of Colombia (FARC)
3366,0,0,1.0,1,0,1,2,479,0,6,0.0,0,0.0,African National Congress (South Africa)
3367,0,0,0.0,1,0,3,20,3833,0,6,1.0,1,0.0,Liberation Tigers of Tamil Eelam (LTTE)
3368,0,0,0.0,1,0,3,20,6,0,6,1.0,0,0.0,Abu Sayyaf Group (ASG)
3369,0,0,0.0,0,0,3,15,751,0,6,0.0,0,0.0,Al-Qaida in Iraq
3370,0,0,1.0,1,0,3,1,387,0,6,0.0,0,0.0,Al-Qaida in Iraq
3371,1,0,0.0,1,0,6,1,4584,0,5,0.0,-9,1.0,Muslim extremists
3372,0,0,1.0,1,0,2,14,27,0,5,4.0,0,0.0,Boko Haram
3373,0,0,0.0,1,0,2,4,2660,0,5,1.0,1,0.0,Nicaraguan Democratic Force (FDN)
3374,0,0,0.0,0,0,3,4,1590,0,6,0.0,0,0.0,Basque Fatherland and Freedom (ETA)
3375,0,0,0.0,1,0,3,2,4114,0,6,0.0,1,0.0,Manuel Rodriguez Patriotic Front (FPMR)
3376,0,0,0.0,1,0,3,14,27,0,6,2.0,-9,0.0,Islamic State of Iraq and the Levant (ISIL)
3377,0,0,1.0,1,0,2,14,27,0,5,4.0,1,0.0,Fulani extremists
3378,0,0,1.0,1,0,2,14,27,0,5,2.0,1,0.0,Fulani extremists
3379,0,0,0.0,1,0,3,2,3599,0,6,0.0,1,0.0,Kurdistan Workers' Party (PKK)
3380,0,1,0.0,1,0,2,3,6474,0,5,14.0,0,0.0,Sikh Extremists
3381,0,0,0.0,1,0,3,3,7231,0,5,2.0,1,0.0,Tupac Amaru Revolutionary Movement (MRTA)
3382,0,1,0.0,1,0,3,14,207,0,6,0.0,1,0.0,Abu Sayyaf Group (ASG)
3383,1,0,0.0,1,0,2,17,6912,0,8,70.0,1,1.0,Tehrik-i-Taliban Pakistan (TTP)
3384,0,0,0.0,1,1,3,17,995,0,6,1.0,0,0.0,Al-Qaida in the Arabian Peninsula (AQAP)
3385,0,0,0.0,1,0,3,21,2659,0,6,0.0,1,0.0,Nicaraguan Democratic Force (FDN)
3386,0,0,0.0,1,0,1,3,6597,0,5,2.0,0,0.0,Sikh Extremists
3387,0,0,0.0,1,0,2,14,3913,0,5,0.0,0,0.0,Liberation Tigers of Tamil Eelam (LTTE)
3388,0,0,0.0,1,0,3,4,3226,0,6,0.0,1,0.0,Irish Republican Army (IRA)
3389,0,0,0.0,1,0,1,2,472,0,6,0.0,1,0.0,African National Congress (South Africa)
3390,0,0,0.0,1,0,2,14,13,0,5,10.0,1,-9.0,Boko Haram
3391,0,0,0.0,1,0,3,4,48,0,6,1.0,-9,0.0,Kurdistan Workers' Party (PKK)
3392,0,0,0.0,1,0,2,1,1650,0,5,0.0,1,0.0,Manuel Rodriguez Patriotic Front (FPMR)
3393,0,0,0.0,1,0,2,3,1228,0,6,0.0,1,0.0,Al-Shabaab
3394,0,0,0.0,0,0,1,3,6588,0,6,2.0,0,0.0,Sikh Extremists
3395,0,0,0.0,1,0,3,4,48,0,6,2.0,1,0.0,Donetsk People's Republic
3396,1,0,0.0,1,0,3,19,4136,0,6,0.0,1,0.0,Manuel Rodriguez Patriotic Front (FPMR)
3397,0,0,1.0,1,0,3,1,5933,0,6,0.0,1,0.0,Revolutionary Armed Forces of Colombia (FARC)
3398,0,0,0.0,1,0,2,3,3301,0,5,1.0,1,0.0,Irish Republican Army (IRA)
3399,0,0,0.0,1,0,1,2,7038,0,5,4.0,1,0.0,Tehrik-i-Taliban Pakistan (TTP)
3400,0,0,0.0,1,0,1,3,4194,0,5,1.0,0,0.0,Manuel Rodriguez Patriotic Front (FPMR)
3401,0,0,0.0,1,0,3,14,13,0,6,1.0,1,0.0,Al-Shabaab
3402,0,0,0.0,1,0,2,14,2047,0,5,1.0,-9,0.0,Communist Party of India - Maoist (CPI-Maoist)
3403,0,0,0.0,1,0,3,20,1642,0,6,0.0,1,0.0,Corsican National Liberation Front (FLNC)
3404,0,0,0.0,1,0,2,4,2660,0,5,12.0,1,0.0,Nicaraguan Democratic Force (FDN)
3405,1,0,0.0,1,0,6,14,28,0,5,0.0,-9,1.0,Abu Sayyaf Group (ASG)
3406,0,0,0.0,1,0,3,3,4432,0,6,0.0,0,0.0,Maoists
3407,0,0,0.0,1,0,3,8,4656,0,6,0.0,1,0.0,Muslim extremists
3408,0,0,0.0,1,0,3,11,2975,0,6,86.0,1,0.0,Houthi extremists (Ansar Allah)
3409,1,0,1.0,1,0,6,3,1858,0,6,1.0,1,1.0,Boko Haram
3410,0,0,0.0,1,0,5,1,1598,0,5,0.0,1,1.0,Basque Fatherland and Freedom (ETA)
3411,0,0,0.0,1,0,3,19,3249,0,6,0.0,1,0.0,Irish Republican Army (IRA)
3412,0,1,0.0,1,1,3,15,7036,0,6,57.0,1,0.0,Tehrik-i-Taliban Pakistan (TTP)
3413,0,0,1.0,1,0,3,2,305,0,6,17.0,1,0.0,Boko Haram
3414,0,0,0.0,1,0,2,3,92,0,5,1.0,0,0.0,Muslim extremists
3415,0,0,0.0,1,0,2,14,6171,0,5,6.0,1,0.0,Shining Path (SL)
3416,0,0,1.0,1,0,2,14,13,0,5,1.0,-9,0.0,Fulani extremists
3417,0,0,1.0,1,0,2,19,6538,0,5,7.0,0,0.0,Taliban
3418,0,0,0.0,1,0,2,3,20,0,5,8.0,0,0.0,Taliban
3419,0,0,0.0,1,0,7,1,4383,0,5,0.0,1,0.0,Maoists
3420,1,1,0.0,1,0,6,14,284,0,5,6.0,0,1.0,Abu Sayyaf Group (ASG)
3421,0,0,1.0,0,0,2,1,987,0,5,0.0,0,0.0,Al-Qaida in the Arabian Peninsula (AQAP)
3422,0,0,0.0,1,0,7,1,5868,0,8,0.0,1,0.0,Revolutionary Armed Forces of Colombia (FARC)
3423,0,0,0.0,1,0,2,4,681,0,5,1.0,1,0.0,Farabundo Marti National Liberation Front (FMLN)
3424,0,0,0.0,1,0,2,3,3195,0,5,1.0,1,0.0,National Liberation Army of Colombia (ELN)
3425,0,0,1.0,1,0,2,4,20,0,6,1.0,0,0.0,Muslim extremists
3426,1,0,0.0,1,0,2,14,6220,0,5,40.0,1,1.0,Shining Path (SL)
3427,1,0,1.0,1,0,6,14,13,0,5,0.0,0,1.0,Maoists
3428,0,0,0.0,0,1,3,4,48,0,6,1.0,0,0.0,Boko Haram
3429,0,0,1.0,1,0,3,20,6837,0,6,0.0,-9,0.0,Taliban
3430,0,0,0.0,1,0,1,14,3258,0,5,1.0,0,0.0,Irish Republican Army (IRA)
3431,0,0,0.0,1,0,3,1,4059,0,6,0.0,1,0.0,Manuel Rodriguez Patriotic Front (FPMR)
3432,0,0,0.0,1,0,3,14,4065,0,6,0.0,1,0.0,Manuel Rodriguez Patriotic Front (FPMR)
3433,1,0,0.0,1,0,6,4,252,0,9,1.0,0,1.0,Abu Sayyaf Group (ASG)
3434,0,0,1.0,1,1,3,14,730,0,6,19.0,1,0.0,Boko Haram
3435,0,0,0.0,1,0,3,3,20,0,6,1.0,0,0.0,Al-Shabaab
3436,0,1,0.0,1,0,3,21,3473,0,6,7.0,-9,0.0,Islamic State of Iraq and the Levant (ISIL)
3437,0,0,0.0,1,0,2,14,6432,0,5,10.0,0,0.0,Sikh Extremists
3438,0,0,1.0,1,0,3,21,2679,0,6,0.0,1,0.0,Manuel Rodriguez Patriotic Front (FPMR)
3439,0,0,0.0,1,1,3,3,771,0,6,16.0,1,0.0,Al-Qaida in Iraq
3440,0,0,1.0,1,0,3,1,1077,0,6,0.0,1,0.0,Tupac Amaru Revolutionary Movement (MRTA)
3441,0,0,0.0,1,0,2,4,2666,0,5,1.0,1,0.0,Palestinians
3442,0,0,0.0,1,0,7,1,5658,0,8,1.0,1,0.0,Palestinians
3443,0,0,1.0,1,0,2,16,2211,0,5,3.0,1,0.0,Communist Party of India - Maoist (CPI-Maoist)
3444,0,0,1.0,0,0,3,18,43,0,6,0.0,0,0.0,Abu Sayyaf Group (ASG)
3445,0,0,1.0,1,0,3,14,330,0,6,1.0,1,0.0,Kurdistan Workers' Party (PKK)
3446,0,0,0.0,1,0,3,14,1812,0,6,0.0,0,0.0,Muslim extremists
3447,0,1,0.0,1,0,3,1,982,0,6,110.0,1,0.0,Al-Qaida in the Arabian Peninsula (AQAP)
3448,0,0,0.0,1,0,3,14,3088,0,6,1.0,1,0.0,Irish Republican Army (IRA)
3449,0,0,0.0,1,0,7,1,5234,0,5,0.0,1,0.0,New People's Army (NPA)
3450,0,0,0.0,1,0,5,14,6287,0,5,0.0,1,1.0,Shining Path (SL)
3451,0,0,0.0,1,0,2,4,681,0,5,8.0,1,0.0,Tupac Amaru Revolutionary Movement (MRTA)
3452,0,0,0.0,1,0,2,14,6132,0,5,0.0,1,0.0,Shining Path (SL)
3453,0,0,0.0,1,0,3,4,3610,0,6,1.0,0,0.0,Kurdistan Workers' Party (PKK)
3454,0,0,0.0,1,0,1,3,6134,0,5,3.0,0,0.0,Shining Path (SL)
3455,0,0,1.0,0,0,3,1,6332,0,6,0.0,0,0.0,Shining Path (SL)
3456,0,1,0.0,1,0,2,4,2670,0,5,2.0,1,0.0,Sikh Extremists
3457,0,0,0.0,1,0,3,14,13,0,6,4.0,1,0.0,Taliban
3458,0,0,0.0,1,0,3,3,425,0,6,0.0,1,0.0,African National Congress (South Africa)
3459,0,0,1.0,1,0,3,1,6250,0,6,0.0,1,0.0,Shining Path (SL)
3460,0,0,1.0,1,0,3,1,2203,0,6,0.0,1,0.0,Communist Party of India - Maoist (CPI-Maoist)
3461,0,0,1.0,1,0,3,14,13,0,6,1.0,0,0.0,Al-Qaida in Iraq
3462,0,0,0.0,1,0,3,1,6235,0,6,1.0,1,0.0,Shining Path (SL)
3463,0,0,0.0,1,0,3,4,1108,0,6,0.0,1,0.0,Al-Qaida in the Arabian Peninsula (AQAP)
3464,0,0,0.0,1,0,2,4,2670,0,5,2.0,1,0.0,Revolutionary Armed Forces of Colombia (FARC)
3465,0,0,1.0,1,0,6,4,268,0,6,1.0,1,1.0,Islamic State of Iraq and the Levant (ISIL)
3466,1,0,1.0,1,0,6,4,5077,0,5,0.0,0,1.0,New People's Army (NPA)
3467,0,0,1.0,1,0,2,3,172,0,5,2.0,1,0.0,Liberation Tigers of Tamil Eelam (LTTE)
3468,0,0,0.0,1,0,3,14,908,0,6,1.0,0,0.0,Taliban
3469,0,0,1.0,0,0,3,20,6,0,6,0.0,0,0.0,Islamic State of Iraq and the Levant (ISIL)
3470,0,1,0.0,1,0,2,3,803,0,5,3.0,1,0.0,Sikh Extremists
3471,0,0,0.0,0,0,3,14,5878,0,6,2.0,1,0.0,Revolutionary Armed Forces of Colombia (FARC)
3472,0,0,0.0,1,0,2,4,2660,0,5,15.0,1,0.0,Farabundo Marti National Liberation Front (FMLN)
3473,0,0,0.0,1,1,3,4,20,0,6,3.0,-9,0.0,Islamic State of Iraq and the Levant (ISIL)
3474,0,0,0.0,1,0,3,4,48,0,6,3.0,0,0.0,Boko Haram
3475,0,0,0.0,1,0,2,3,1582,0,6,1.0,1,0.0,Basque Fatherland and Freedom (ETA)
3476,0,0,0.0,1,0,1,2,6553,0,5,2.0,0,0.0,Sikh Extremists
3477,0,0,0.0,1,0,3,1,7032,0,6,0.0,1,0.0,Tehrik-i-Taliban Pakistan (TTP)
3478,0,0,0.0,1,0,3,4,48,0,6,3.0,1,0.0,Revolutionary Armed Forces of Colombia (FARC)
3479,0,0,0.0,1,0,3,3,84,0,6,0.0,0,0.0,Abu Sayyaf Group (ASG)
3480,0,0,0.0,1,0,3,16,2594,0,6,0.0,-9,0.0,Donetsk People's Republic
3481,0,0,0.0,0,0,2,6,7254,0,5,0.0,1,0.0,Tupac Amaru Revolutionary Movement (MRTA)
3482,0,0,0.0,1,0,2,2,606,0,5,3.0,1,0.0,African National Congress (South Africa)
3483,0,0,1.0,1,0,3,2,4340,0,6,0.0,1,0.0,Muslim extremists
3484,0,1,0.0,1,0,2,19,5411,0,5,1.0,1,0.0,Nicaraguan Democratic Force (FDN)
3485,0,0,0.0,0,0,1,2,1485,0,6,0.0,0,0.0,Basque Fatherland and Freedom (ETA)
3486,0,0,0.0,0,0,3,14,6,0,6,0.0,0,0.0,Abu Sayyaf Group (ASG)
3487,0,0,1.0,0,1,3,17,305,0,6,1.0,0,0.0,Islamic State of Iraq and the Levant (ISIL)
3488,0,0,0.0,0,0,1,3,6933,0,6,5.0,1,0.0,Tehrik-i-Taliban Pakistan (TTP)
3489,0,0,0.0,1,0,3,19,2342,0,6,0.0,1,0.0,Corsican National Liberation Front (FLNC)
3490,0,1,0.0,0,0,2,4,2571,0,5,0.0,0,0.0,Donetsk People's Republic
3491,0,0,0.0,1,0,2,2,59,0,5,1.0,1,0.0,Nicaraguan Democratic Force (FDN)
3492,0,0,1.0,1,0,2,14,2097,0,5,1.0,-9,0.0,Communist Party of India - Maoist (CPI-Maoist)
3493,0,0,0.0,1,0,2,4,20,0,5,4.0,-9,0.0,Al-Qaida in the Arabian Peninsula (AQAP)
3494,0,0,0.0,1,0,1,2,1239,0,5,1.0,1,0.0,Al-Shabaab
3495,0,0,0.0,1,0,3,21,4762,0,6,0.0,1,0.0,National Liberation Army of Colombia (ELN)
3496,0,0,0.0,1,0,2,4,20,0,5,1.0,-9,0.0,Tehrik-i-Taliban Pakistan (TTP)
3497,0,0,0.0,1,0,2,14,7003,0,5,1.0,-9,0.0,Tehrik-i-Taliban Pakistan (TTP)
3498,0,0,1.0,1,0,1,14,6426,0,5,1.0,0,0.0,Sikh Extremists
3499,0,0,1.0,1,1,3,14,855,0,6,5.0,-9,0.0,Al-Qaida in Iraq
3500,0,0,0.0,1,0,2,4,681,0,5,0.0,1,0.0,Farabundo Marti National Liberation Front (FMLN)
3501,0,0,0.0,1,0,3,1,3225,0,6,0.0,1,0.0,Irish Republican Army (IRA)
3502,0,0,0.0,1,1,3,20,6,0,6,4.0,-9,0.0,Islamic State of Iraq and the Levant (ISIL)
3503,0,0,0.0,1,1,3,14,1216,0,6,5.0,-9,0.0,Boko Haram
3504,0,1,1.0,1,0,2,3,20,0,5,1.0,0,0.0,Muslim extremists
3505,0,0,0.0,1,0,2,14,2913,0,5,1.0,0,0.0,Fulani extremists
3506,0,0,0.0,0,0,1,2,1050,0,5,0.0,1,0.0,Al-Shabaab
3507,0,0,0.0,0,0,3,3,419,0,6,0.0,0,0.0,African National Congress (South Africa)
3508,0,0,1.0,1,0,3,2,4433,0,6,1.0,-9,0.0,Maoists
3509,0,0,0.0,1,0,3,7,6962,0,6,2.0,0,0.0,Tehrik-i-Taliban Pakistan (TTP)
3510,0,0,0.0,1,0,2,3,2015,0,5,1.0,0,0.0,Communist Party of India - Maoist (CPI-Maoist)
3511,0,0,0.0,1,0,2,4,2660,0,5,9.0,1,0.0,Farabundo Marti National Liberation Front (FMLN)
3512,0,0,0.0,1,0,2,14,27,0,5,0.0,1,0.0,Fulani extremists
3513,0,0,0.0,1,0,2,2,330,0,5,4.0,1,0.0,Nicaraguan Democratic Force (FDN)
3514,0,0,1.0,1,0,3,1,4773,0,6,0.0,1,0.0,National Liberation Army of Colombia (ELN)
3515,0,0,0.0,1,0,3,14,3488,0,6,4.0,-9,0.0,Islamic State of Iraq and the Levant (ISIL)
3516,1,0,0.0,1,0,2,3,85,0,5,1.0,1,1.0,Maoists
3517,0,0,0.0,1,0,2,4,2660,0,5,20.0,1,0.0,Shining Path (SL)
3518,0,0,0.0,0,0,2,14,47,0,5,2.0,0,0.0,Abu Sayyaf Group (ASG)
3519,0,0,0.0,1,0,2,7,1089,0,5,1.0,0,0.0,Al-Qaida in the Arabian Peninsula (AQAP)
3520,0,0,1.0,1,0,3,21,1154,0,6,0.0,1,0.0,Donetsk People's Republic
3521,0,0,0.0,1,0,3,3,3808,0,6,0.0,1,0.0,Sikh Extremists
3522,0,0,0.0,1,0,3,20,6,0,6,3.0,0,0.0,Islamic State of Iraq and the Levant (ISIL)
3523,0,0,0.0,1,0,3,1,4464,0,6,0.0,1,0.0,Maoists
3524,0,0,0.0,1,0,3,3,3210,0,6,1.0,1,0.0,Irish Republican Army (IRA)
3525,0,0,1.0,1,0,3,14,1332,0,6,0.0,-9,0.0,Muslim extremists
3526,0,0,0.0,0,0,2,21,714,0,5,0.0,0,0.0,Muslim extremists
3527,0,0,0.0,1,0,3,3,3236,0,6,0.0,1,0.0,Irish Republican Army (IRA)
3528,0,0,0.0,1,0,3,2,5846,0,6,0.0,1,0.0,Revolutionary Armed Forces of Colombia (FARC)
3529,0,1,1.0,1,0,2,14,3841,0,5,25.0,1,0.0,Liberation Tigers of Tamil Eelam (LTTE)
3530,0,0,0.0,1,0,2,4,162,0,5,35.0,1,0.0,Donetsk People's Republic
3531,0,0,1.0,1,0,3,1,1077,0,6,0.0,1,0.0,Tupac Amaru Revolutionary Movement (MRTA)
3532,0,0,0.0,1,0,3,14,7037,0,6,1.0,1,0.0,Tehrik-i-Taliban Pakistan (TTP)
3533,0,0,1.0,1,0,3,14,3245,0,6,0.0,1,0.0,Irish Republican Army (IRA)
3534,0,0,0.0,1,0,2,3,4082,0,5,0.0,1,0.0,Manuel Rodriguez Patriotic Front (FPMR)
3535,0,0,0.0,1,0,3,12,4425,0,6,0.0,1,0.0,Maoists
3536,0,0,0.0,1,0,2,3,3410,0,5,1.0,1,0.0,Revolutionary Armed Forces of Colombia (FARC)
3537,0,0,0.0,1,0,3,14,2368,0,6,0.0,1,0.0,Corsican National Liberation Front (FLNC)
3538,0,0,0.0,1,1,3,17,3437,0,6,78.0,1,0.0,Islamic State of Iraq and the Levant (ISIL)
3539,0,0,0.0,1,0,2,4,4583,0,5,1.0,0,0.0,Muslim extremists
3540,0,0,0.0,1,0,2,4,20,0,5,4.0,0,0.0,Al-Qaida in the Arabian Peninsula (AQAP)
3541,0,0,0.0,1,0,1,2,1220,0,5,1.0,0,0.0,Al-Shabaab
3542,0,0,0.0,1,0,2,15,1854,0,5,144.0,1,0.0,Boko Haram
3543,1,0,0.0,1,0,6,7,4776,0,5,0.0,0,1.0,National Liberation Army of Colombia (ELN)
3544,0,0,0.0,1,0,3,4,402,0,6,0.0,-9,0.0,Kurdistan Workers' Party (PKK)
3545,0,0,1.0,1,0,3,21,4143,0,6,0.0,1,0.0,National Liberation Army of Colombia (ELN)
3546,0,0,0.0,1,0,2,4,2660,0,5,1.0,1,0.0,National Liberation Army of Colombia (ELN)
3547,0,0,0.0,1,0,2,14,1254,0,9,0.0,0,0.0,Al-Shabaab
3548,0,0,0.0,1,0,3,1,3439,0,6,0.0,1,0.0,Islamic State of Iraq and the Levant (ISIL)
3549,0,0,0.0,1,0,3,3,167,0,6,0.0,1,0.0,Maoists
3550,0,0,0.0,1,0,3,4,2560,0,6,0.0,-9,0.0,Donetsk People's Republic
3551,0,1,0.0,1,0,3,4,4326,0,6,0.0,0,0.0,Maoists
3552,0,0,0.0,1,0,3,11,61,0,6,116.0,1,0.0,Abu Sayyaf Group (ASG)
3553,0,0,0.0,1,0,2,4,5126,0,5,2.0,1,0.0,New People's Army (NPA)
3554,0,0,0.0,1,0,3,1,2384,0,6,0.0,1,0.0,Corsican National Liberation Front (FLNC)
3555,0,0,0.0,1,0,3,21,572,0,6,0.0,1,0.0,African National Congress (South Africa)
3556,0,0,0.0,1,0,1,2,1056,0,5,4.0,1,0.0,Al-Qaida in the Arabian Peninsula (AQAP)
3557,0,0,0.0,1,0,2,4,12,0,5,0.0,0,0.0,Abu Sayyaf Group (ASG)
3558,0,0,0.0,1,0,3,4,48,0,6,4.0,1,0.0,Muslim extremists
3559,0,0,0.0,0,0,1,3,3142,0,5,1.0,0,0.0,Irish Republican Army (IRA)
3560,0,0,0.0,0,0,1,17,6934,0,6,1.0,1,0.0,Tehrik-i-Taliban Pakistan (TTP)
3561,0,0,0.0,1,0,2,14,4450,0,5,0.0,0,0.0,Maoists
3562,0,0,1.0,1,0,3,14,13,0,6,4.0,-9,0.0,Al-Qaida in Iraq
3563,0,0,1.0,1,0,3,4,2564,0,6,0.0,0,0.0,Donetsk People's Republic
3564,0,0,1.0,1,0,2,3,6724,0,5,12.0,0,0.0,Taliban
3565,0,0,0.0,1,0,3,1,4161,0,6,0.0,1,0.0,Manuel Rodriguez Patriotic Front (FPMR)
3566,0,1,0.0,1,0,2,4,803,0,5,15.0,1,0.0,Kurdistan Workers' Party (PKK)
3567,0,0,1.0,1,0,3,21,4081,0,6,0.0,1,0.0,Manuel Rodriguez Patriotic Front (FPMR)
3568,0,0,0.0,1,0,3,21,2659,0,6,1.0,1,0.0,Shining Path (SL)
3569,0,0,0.0,1,0,2,14,1860,0,6,1.0,-9,0.0,Boko Haram
3570,0,0,1.0,1,0,3,21,2710,0,6,0.0,1,0.0,Farabundo Marti National Liberation Front (FMLN)
3571,0,0,0.0,1,0,2,14,5721,0,8,1.0,1,0.0,Palestinians
3572,0,0,0.0,1,0,2,14,3916,0,5,9.0,1,0.0,Liberation Tigers of Tamil Eelam (LTTE)
3573,0,0,0.0,1,0,1,2,1948,0,9,1.0,-9,1.0,Communist Party of India - Maoist (CPI-Maoist)
3574,0,0,0.0,1,0,1,4,4658,0,5,1.0,0,0.0,Muslim extremists
3575,0,0,0.0,1,0,8,14,13,1,10,1.0,0,0.0,Muslim extremists
3576,0,0,0.0,1,0,1,2,2724,0,5,1.0,0,0.0,Farabundo Marti National Liberation Front (FMLN)
3577,0,1,1.0,1,0,2,4,2917,0,5,1.0,1,0.0,Fulani extremists
3578,0,0,0.0,1,0,3,4,48,0,6,0.0,0,0.0,Al-Shabaab
3579,0,1,0.0,0,0,3,19,152,0,6,0.0,0,0.0,Communist Party of India - Maoist (CPI-Maoist)
3580,0,0,0.0,1,0,2,3,5117,0,5,1.0,-9,0.0,New People's Army (NPA)
3581,0,0,0.0,1,0,1,3,3104,0,5,1.0,0,0.0,Irish Republican Army (IRA)
3582,0,0,0.0,1,0,2,14,4320,0,5,1.0,0,0.0,Maoists
3583,0,1,0.0,1,0,2,14,6028,0,5,9.0,0,0.0,Revolutionary Armed Forces of Colombia (FARC)
3584,0,0,0.0,1,0,3,4,767,0,6,0.0,1,0.0,Al-Qaida in the Arabian Peninsula (AQAP)
3585,0,0,0.0,1,0,3,4,327,0,6,12.0,1,0.0,Houthi extremists (Ansar Allah)
3586,0,0,0.0,1,0,3,14,980,0,6,2.0,1,0.0,Al-Qaida in the Arabian Peninsula (AQAP)
3587,0,0,0.0,1,0,3,16,5072,0,6,0.0,1,0.0,New People's Army (NPA)
3588,0,0,1.0,1,0,2,4,1233,0,5,3.0,-9,0.0,Al-Shabaab
3589,0,1,0.0,1,0,2,4,803,0,5,0.0,1,0.0,Kurdistan Workers' Party (PKK)
3590,0,0,0.0,1,0,7,1,3194,0,8,0.0,1,0.0,Irish Republican Army (IRA)
3591,0,0,0.0,1,0,2,14,5410,0,5,5.0,1,0.0,Nicaraguan Democratic Force (FDN)
3592,0,0,0.0,1,0,2,1,2879,0,5,1.0,1,0.0,Fulani extremists
3593,1,1,0.0,1,0,6,14,27,0,8,2.0,1,1.0,Communist Party of India - Maoist (CPI-Maoist)
3594,0,0,0.0,1,0,2,4,2660,0,5,2.0,1,0.0,Revolutionary Armed Forces of Colombia (FARC)
3595,0,0,0.0,1,0,3,8,2960,0,6,0.0,1,0.0,Houthi extremists (Ansar Allah)
3596,0,0,0.0,1,0,1,14,3640,0,5,1.0,0,0.0,Kurdistan Workers' Party (PKK)
3597,0,0,0.0,1,0,3,4,4181,0,6,0.0,1,0.0,Manuel Rodriguez Patriotic Front (FPMR)
3598,0,0,0.0,1,0,2,2,1084,0,5,1.0,-9,0.0,Al-Qaida in the Arabian Peninsula (AQAP)
3599,0,0,0.0,0,0,7,2,5489,0,8,0.0,1,0.0,Palestinians
3600,0,0,0.0,1,0,2,4,2660,0,5,1.0,1,0.0,Nicaraguan Democratic Force (FDN)
3601,1,0,0.0,1,0,6,14,5545,0,12,1.0,0,1.0,Palestinians
3602,0,0,1.0,1,0,3,14,1327,0,6,0.0,-9,0.0,Houthi extremists (Ansar Allah)
3603,0,0,0.0,1,0,3,14,1639,0,6,0.0,1,0.0,Basque Fatherland and Freedom (ETA)
3604,0,0,0.0,1,0,2,14,2008,0,5,6.0,0,0.0,Communist Party of India - Maoist (CPI-Maoist)
3605,0,0,1.0,0,0,2,3,6759,0,5,2.0,0,0.0,Taliban
3606,0,0,0.0,1,0,2,2,5408,0,8,0.0,1,0.0,Nicaraguan Democratic Force (FDN)
3607,0,0,0.0,1,0,2,4,3141,0,5,1.0,0,0.0,Irish Republican Army (IRA)
3608,0,0,0.0,0,1,1,3,625,0,5,1.0,0,0.0,African National Congress (South Africa)
3609,0,0,0.0,1,0,7,8,38,0,8,0.0,1,0.0,Abu Sayyaf Group (ASG)
3610,0,0,1.0,1,0,3,14,2589,0,6,2.0,-9,0.0,Houthi extremists (Ansar Allah)
3611,0,0,0.0,1,0,3,3,574,0,6,0.0,1,0.0,New People's Army (NPA)
3612,0,0,1.0,0,0,2,3,175,0,5,0.0,0,0.0,Taliban
3613,0,1,0.0,1,0,3,14,367,0,6,0.0,1,0.0,Islamic State of Iraq and the Levant (ISIL)
3614,0,0,0.0,1,0,3,2,2158,0,6,0.0,1,0.0,Communist Party of India - Maoist (CPI-Maoist)
3615,1,0,1.0,1,0,6,2,1881,0,5,2.0,-9,1.0,Boko Haram
3616,0,0,1.0,1,0,3,10,7195,0,5,0.0,1,0.0,Tupac Amaru Revolutionary Movement (MRTA)
3617,0,0,1.0,0,0,1,14,3446,0,6,0.0,1,0.0,Islamic State of Iraq and the Levant (ISIL)
3618,0,0,1.0,1,0,3,14,13,0,6,0.0,1,0.0,Al-Qaida in Iraq
3619,0,0,0.0,0,0,1,2,1317,0,6,0.0,1,0.0,Al-Shabaab
3620,0,0,0.0,1,0,2,4,2670,0,5,1.0,1,0.0,Farabundo Marti National Liberation Front (FMLN)
3621,0,0,0.0,0,0,1,3,6185,0,5,0.0,0,0.0,Shining Path (SL)
3622,0,0,1.0,1,0,3,14,1535,0,6,0.0,1,0.0,Kurdistan Workers' Party (PKK)
3623,0,0,0.0,1,1,3,4,20,0,6,74.0,-9,0.0,Boko Haram
3624,0,1,1.0,1,0,7,1,1557,0,8,0.0,1,0.0,Sikh Extremists
3625,0,0,1.0,1,0,3,21,4800,0,6,0.0,1,0.0,National Liberation Army of Colombia (ELN)
3626,0,0,0.0,1,0,2,4,2660,0,5,5.0,1,0.0,Revolutionary Armed Forces of Colombia (FARC)
3627,0,0,0.0,1,0,3,19,631,0,6,5.0,1,0.0,Sikh Extremists
3628,0,0,1.0,1,0,2,14,13,0,5,1.0,-9,0.0,Boko Haram
3629,0,0,0.0,1,0,1,14,7087,0,5,3.0,-9,0.0,Tehrik-i-Taliban Pakistan (TTP)
3630,0,0,0.0,1,0,2,3,3195,0,5,12.0,1,0.0,Shining Path (SL)
3631,0,0,0.0,1,0,3,2,801,0,6,0.0,1,0.0,Muslim extremists
3632,0,0,1.0,1,0,3,1,7348,0,6,0.0,1,0.0,Tupac Amaru Revolutionary Movement (MRTA)
3633,0,0,0.0,0,0,1,2,4467,0,5,0.0,1,0.0,Maoists
3634,0,1,0.0,1,0,2,14,13,0,5,0.0,-9,0.0,Taliban
3635,0,0,0.0,1,0,6,14,205,0,5,23.0,1,1.0,Boko Haram
3636,0,0,0.0,1,0,3,4,3856,0,6,3.0,1,0.0,Liberation Tigers of Tamil Eelam (LTTE)
3637,0,0,0.0,1,0,2,14,6580,0,5,4.0,1,0.0,Sikh Extremists
3638,0,0,1.0,1,0,3,21,4130,0,6,0.0,1,0.0,Manuel Rodriguez Patriotic Front (FPMR)
3639,0,1,0.0,1,0,3,19,5852,0,6,0.0,1,0.0,Revolutionary Armed Forces of Colombia (FARC)
3640,0,0,0.0,1,0,3,3,1538,0,6,0.0,1,0.0,Irish Republican Army (IRA)
3641,0,0,0.0,1,0,3,15,3174,0,6,0.0,1,0.0,Irish Republican Army (IRA)
3642,0,0,0.0,0,0,1,2,1085,0,6,0.0,1,0.0,Al-Qaida in the Arabian Peninsula (AQAP)
3643,0,1,0.0,1,0,2,19,4951,0,5,3.0,1,0.0,National Liberation Army of Colombia (ELN)
3644,0,0,0.0,0,0,3,20,1642,0,6,1.0,1,0.0,Palestinians
3645,0,0,1.0,1,0,2,14,27,0,6,6.0,1,-9.0,Boko Haram
3646,1,1,1.0,1,0,6,14,1856,0,5,1.0,0,1.0,Muslim extremists
3647,0,0,0.0,1,0,3,1,4597,0,6,0.0,1,0.0,Muslim extremists
3648,0,0,1.0,1,0,2,4,2563,0,5,3.0,-9,0.0,Donetsk People's Republic
3649,0,0,0.0,1,0,1,3,419,0,6,1.0,0,0.0,African National Congress (South Africa)
3650,1,0,0.0,1,0,6,3,12,0,5,10.0,0,1.0,Muslim extremists
3651,0,0,1.0,1,0,2,3,85,0,5,3.0,0,0.0,Al-Qaida in Iraq
3652,0,0,0.0,1,0,2,1,5443,0,5,0.0,1,0.0,Nicaraguan Democratic Force (FDN)
3653,0,0,0.0,1,0,2,14,5353,0,5,18.0,1,1.0,Nicaraguan Democratic Force (FDN)
3654,1,0,1.0,1,0,6,22,2040,0,5,1.0,-9,1.0,Communist Party of India - Maoist (CPI-Maoist)
3655,0,0,1.0,1,0,2,4,2972,0,5,1.0,-9,0.0,Houthi extremists (Ansar Allah)
3656,0,0,0.0,1,0,2,4,12,0,5,0.0,1,0.0,Liberation Tigers of Tamil Eelam (LTTE)
3657,0,1,0.0,1,0,3,20,6,0,6,0.0,-9,0.0,Donetsk People's Republic
3658,0,0,0.0,1,0,3,4,0,0,6,2.0,0,0.0,Kurdistan Workers' Party (PKK)
3659,0,1,0.0,1,0,3,7,162,0,6,5.0,0,0.0,Muslim extremists
3660,0,0,0.0,1,0,2,14,6436,0,5,6.0,1,0.0,Sikh Extremists
3661,0,0,0.0,1,0,2,3,1405,0,5,1.0,-9,0.0,Communist Party of India - Maoist (CPI-Maoist)
3662,0,0,0.0,1,0,2,14,5407,0,5,0.0,1,0.0,Nicaraguan Democratic Force (FDN)
3663,0,0,1.0,1,0,2,4,2577,0,6,0.0,-9,0.0,Donetsk People's Republic
3664,0,1,0.0,1,0,3,4,1238,0,6,1.0,1,0.0,Al-Shabaab
3665,0,0,1.0,1,0,3,4,48,0,6,0.0,1,0.0,New People's Army (NPA)
3666,0,1,0.0,1,0,2,4,1574,0,5,1.0,1,0.0,Kurdistan Workers' Party (PKK)
3667,0,0,0.0,1,0,2,3,1478,0,5,0.0,1,0.0,Basque Fatherland and Freedom (ETA)
3668,0,0,0.0,1,0,3,14,6586,0,6,2.0,1,0.0,Sikh Extremists
3669,0,0,1.0,1,0,7,8,5044,0,8,0.0,1,0.0,New People's Army (NPA)
3670,0,0,0.0,1,0,3,4,248,0,6,0.0,0,0.0,Abu Sayyaf Group (ASG)
3671,0,0,0.0,1,1,3,14,6971,0,6,6.0,1,0.0,Tehrik-i-Taliban Pakistan (TTP)
3672,0,0,0.0,1,0,2,3,175,0,5,0.0,-9,0.0,Revolutionary Armed Forces of Colombia (FARC)
3673,0,0,1.0,0,0,3,8,51,0,6,0.0,0,0.0,Boko Haram
3674,0,0,0.0,1,0,2,4,172,0,5,1.0,-9,0.0,Al-Qaida in the Arabian Peninsula (AQAP)
3675,0,0,0.0,1,0,2,4,3980,0,5,8.0,1,0.0,New People's Army (NPA)
3676,0,0,0.0,1,0,3,1,2438,0,6,0.0,1,0.0,Corsican National Liberation Front (FLNC)
3677,0,0,1.0,1,0,3,1,1188,0,6,0.0,1,0.0,Corsican National Liberation Front (FLNC)
3678,0,0,1.0,1,0,3,3,574,0,6,0.0,1,0.0,Corsican National Liberation Front (FLNC)
3679,0,0,0.0,1,0,3,1,6330,0,6,0.0,1,0.0,Shining Path (SL)
3680,0,0,0.0,1,0,2,4,2660,0,5,1.0,1,0.0,Nicaraguan Democratic Force (FDN)
3681,0,0,1.0,1,0,2,2,1231,0,5,0.0,-9,0.0,Al-Shabaab
3682,0,0,0.0,1,0,2,1,3633,0,8,0.0,1,0.0,Kurdistan Workers' Party (PKK)
3683,0,0,0.0,1,0,3,14,1578,0,6,0.0,-9,0.0,Basque Fatherland and Freedom (ETA)
3684,0,0,0.0,1,0,3,14,1812,0,6,0.0,-9,0.0,Houthi extremists (Ansar Allah)
3685,0,0,0.0,1,0,2,14,767,0,5,0.0,1,0.0,Kurdistan Workers' Party (PKK)
3686,0,0,1.0,1,0,2,14,13,0,5,5.0,1,0.0,Fulani extremists
3687,0,0,0.0,0,0,3,2,2168,0,6,0.0,0,0.0,Communist Party of India - Maoist (CPI-Maoist)
3688,0,0,0.0,1,0,2,4,20,0,5,6.0,0,0.0,Muslim extremists
3689,0,0,0.0,1,0,2,4,803,0,5,0.0,1,0.0,Nicaraguan Democratic Force (FDN)
3690,0,0,0.0,1,0,2,4,2660,0,5,4.0,1,0.0,Farabundo Marti National Liberation Front (FMLN)
3691,0,0,0.0,1,0,3,2,5904,0,6,1.0,1,0.0,Revolutionary Armed Forces of Colombia (FARC)
3692,0,0,0.0,1,0,2,4,3159,0,5,1.0,0,0.0,Irish Republican Army (IRA)
3693,0,0,0.0,1,0,2,14,5560,0,9,2.0,0,0.0,Palestinians
3694,0,0,0.0,1,0,3,3,12,0,6,1.0,0,0.0,Islamic State of Iraq and the Levant (ISIL)
3695,0,0,0.0,1,0,3,2,666,0,6,0.0,1,0.0,Shining Path (SL)
3696,0,0,0.0,1,0,2,14,5425,0,5,8.0,1,0.0,Nicaraguan Democratic Force (FDN)
3697,0,0,0.0,1,0,3,2,3837,0,6,2.0,-9,0.0,Liberation Tigers of Tamil Eelam (LTTE)
3698,0,0,1.0,1,0,3,21,2719,0,6,0.0,1,0.0,Farabundo Marti National Liberation Front (FMLN)
3699,0,0,0.0,0,0,2,4,2615,0,5,0.0,0,0.0,Donetsk People's Republic
3700,0,0,1.0,1,0,2,3,85,0,5,7.0,0,0.0,Islamic State of Iraq and the Levant (ISIL)
3701,0,0,0.0,1,0,3,1,2405,0,6,0.0,1,0.0,Corsican National Liberation Front (FLNC)
3702,0,0,0.0,0,0,1,2,6741,0,6,0.0,0,0.0,Taliban
3703,1,0,0.0,1,0,6,3,85,0,5,17.0,0,1.0,Taliban
3704,0,0,0.0,1,0,2,14,6735,0,5,5.0,-9,0.0,Taliban
3705,0,0,1.0,1,0,2,14,27,0,5,15.0,1,0.0,Fulani extremists
3706,0,0,0.0,1,0,2,19,1533,0,5,1.0,0,0.0,Basque Fatherland and Freedom (ETA)
3707,0,0,1.0,1,1,3,17,172,0,6,9.0,1,0.0,Islamic State of Iraq and the Levant (ISIL)
3708,0,0,0.0,0,0,3,4,0,0,6,0.0,0,0.0,Taliban
3709,0,0,0.0,1,0,3,6,7269,0,6,0.0,1,0.0,Tupac Amaru Revolutionary Movement (MRTA)
3710,1,0,0.0,0,0,3,3,5888,0,6,25.0,1,0.0,Revolutionary Armed Forces of Colombia (FARC)
3711,0,0,0.0,1,0,1,14,5652,0,9,1.0,0,0.0,Palestinians
3712,0,0,1.0,1,0,3,1,4784,0,6,0.0,1,0.0,National Liberation Army of Colombia (ELN)
3713,0,0,0.0,1,0,2,14,27,0,9,7.0,1,0.0,Sikh Extremists
3714,0,0,0.0,1,0,3,4,3530,0,6,2.0,-9,0.0,Kurdistan Workers' Party (PKK)
3715,0,0,1.0,0,0,3,14,6504,0,6,0.0,1,0.0,Sikh Extremists
3716,0,0,1.0,1,0,2,14,27,0,5,3.0,0,0.0,Fulani extremists
3717,0,0,0.0,1,0,3,1,6,0,6,2.0,1,0.0,Liberation Tigers of Tamil Eelam (LTTE)
3718,0,0,0.0,1,0,1,3,1545,0,5,1.0,0,0.0,Basque Fatherland and Freedom (ETA)
3719,0,0,0.0,1,0,3,2,148,0,6,0.0,1,0.0,Abu Sayyaf Group (ASG)
3720,1,0,1.0,1,0,3,2,2674,0,6,0.0,1,0.0,Manuel Rodriguez Patriotic Front (FPMR)
3721,0,1,1.0,1,0,2,4,20,0,5,0.0,0,0.0,Donetsk People's Republic
3722,0,0,1.0,0,0,3,1,1417,0,6,0.0,1,0.0,Shining Path (SL)
3723,0,1,0.0,1,0,3,19,1992,0,6,0.0,1,0.0,Liberation Tigers of Tamil Eelam (LTTE)
3724,0,0,0.0,1,0,2,3,175,0,5,0.0,1,0.0,Liberation Tigers of Tamil Eelam (LTTE)
3725,0,0,0.0,1,0,3,4,2472,0,6,1.0,1,0.0,Corsican National Liberation Front (FLNC)
3726,0,0,0.0,1,0,2,4,48,0,5,1.0,0,0.0,New People's Army (NPA)
3727,0,0,0.0,1,0,3,4,2966,0,6,10.0,1,0.0,Houthi extremists (Ansar Allah)
3728,0,0,0.0,1,0,2,19,56,0,8,0.0,1,0.0,Manuel Rodriguez Patriotic Front (FPMR)
3729,0,0,0.0,1,1,3,2,976,0,6,5.0,1,0.0,Al-Qaida in the Arabian Peninsula (AQAP)
3730,0,0,0.0,1,0,2,3,2490,0,5,2.0,-9,0.0,Tehrik-i-Taliban Pakistan (TTP)
3731,0,0,0.0,1,0,2,3,1559,0,5,2.0,1,0.0,Basque Fatherland and Freedom (ETA)
3732,0,0,0.0,1,0,7,1,2110,0,8,0.0,1,0.0,Maoists
3733,0,0,1.0,1,0,3,14,2814,0,6,1.0,1,0.0,Shining Path (SL)
3734,0,0,0.0,1,0,2,4,681,0,5,1.0,1,0.0,Farabundo Marti National Liberation Front (FMLN)
3735,0,0,1.0,1,0,7,1,1417,0,8,0.0,1,0.0,Irish Republican Army (IRA)
3736,0,0,0.0,1,0,3,2,4753,0,6,0.0,1,0.0,National Liberation Army of Colombia (ELN)
3737,0,0,0.0,1,0,3,19,2617,0,6,0.0,1,0.0,Liberation Tigers of Tamil Eelam (LTTE)
3738,0,0,0.0,1,0,2,1,5355,0,5,5.0,1,0.0,Nicaraguan Democratic Force (FDN)
3739,0,0,0.0,0,0,7,19,3097,0,8,0.0,1,0.0,Irish Republican Army (IRA)
3740,0,0,0.0,1,1,3,19,904,0,6,39.0,1,0.0,Boko Haram
3741,0,0,1.0,0,1,3,21,3475,0,6,14.0,0,0.0,Islamic State of Iraq and the Levant (ISIL)
3742,0,0,0.0,1,0,2,14,13,0,5,5.0,0,0.0,Fulani extremists
3743,0,0,1.0,1,0,3,14,13,0,6,2.0,-9,0.0,Al-Qaida in Iraq
3744,0,0,0.0,1,0,1,14,4763,0,5,1.0,0,0.0,National Liberation Army of Colombia (ELN)
3745,0,0,0.0,1,0,3,14,2116,0,6,0.0,1,0.0,Communist Party of India - Maoist (CPI-Maoist)
3746,0,0,0.0,1,0,2,4,48,0,5,2.0,0,0.0,Kurdistan Workers' Party (PKK)
3747,0,0,0.0,0,0,3,3,767,0,6,0.0,0,0.0,Al-Shabaab
3748,0,0,1.0,1,0,7,1,6160,0,8,0.0,1,0.0,Shining Path (SL)
3749,0,0,0.0,0,0,2,4,5184,0,5,0.0,0,0.0,New People's Army (NPA)
3750,0,0,0.0,1,0,3,2,2369,0,6,0.0,1,0.0,Corsican National Liberation Front (FLNC)
3751,0,0,0.0,1,0,2,4,2785,0,5,1.0,1,0.0,Farabundo Marti National Liberation Front (FMLN)
3752,0,0,1.0,1,0,3,14,1327,0,6,0.0,1,0.0,Houthi extremists (Ansar Allah)
3753,0,1,0.0,1,0,7,1,3645,0,8,0.0,1,1.0,Kurdistan Workers' Party (PKK)
3754,0,0,0.0,1,0,3,2,468,0,6,0.0,1,0.0,African National Congress (South Africa)
3755,0,0,0.0,1,0,3,14,13,0,6,2.0,1,0.0,Islamic State of Iraq and the Levant (ISIL)
3756,0,0,0.0,1,0,2,14,5052,0,5,1.0,0,0.0,New People's Army (NPA)
3757,0,0,0.0,0,0,3,20,6,0,6,0.0,0,0.0,Islamic State of Iraq and the Levant (ISIL)
3758,0,1,0.0,1,0,3,4,48,0,6,1.0,1,0.0,Kurdistan Workers' Party (PKK)
3759,0,0,1.0,1,0,3,2,801,0,6,0.0,1,0.0,Corsican National Liberation Front (FLNC)
3760,0,0,0.0,1,0,1,10,1294,0,6,1.0,1,0.0,Al-Shabaab
3761,0,0,0.0,1,0,2,4,162,0,5,3.0,1,0.0,Liberation Tigers of Tamil Eelam (LTTE)
3762,0,0,1.0,1,0,2,14,27,0,5,8.0,1,0.0,Fulani extremists
3763,0,0,0.0,1,0,2,3,172,0,5,6.0,0,0.0,Taliban
3764,0,0,0.0,1,1,1,2,3451,0,6,6.0,1,0.0,Islamic State of Iraq and the Levant (ISIL)
3765,0,0,0.0,1,0,2,4,2666,0,5,3.0,1,0.0,Nicaraguan Democratic Force (FDN)
3766,1,0,1.0,1,0,5,3,2579,0,5,1.0,1,1.0,Donetsk People's Republic
3767,0,0,0.0,1,0,2,4,2736,0,5,20.0,1,0.0,Farabundo Marti National Liberation Front (FMLN)
3768,0,0,0.0,1,0,3,4,2766,0,6,14.0,1,0.0,Farabundo Marti National Liberation Front (FMLN)
3769,0,0,0.0,1,0,3,4,1291,0,6,2.0,1,0.0,Al-Shabaab
3770,0,0,0.0,1,0,1,2,6413,0,5,3.0,0,0.0,Sikh Extremists
3771,0,0,0.0,1,0,3,14,13,0,6,0.0,-9,0.0,Houthi extremists (Ansar Allah)
3772,0,0,0.0,1,0,2,2,6163,0,5,0.0,1,0.0,Shining Path (SL)
3773,0,0,0.0,1,0,2,1,7007,0,5,2.0,1,0.0,Tehrik-i-Taliban Pakistan (TTP)
3774,0,0,1.0,1,0,3,14,730,0,6,8.0,1,0.0,Islamic State of Iraq and the Levant (ISIL)
3775,0,0,0.0,1,0,3,16,2749,0,6,0.0,1,0.0,Farabundo Marti National Liberation Front (FMLN)
3776,1,0,0.0,1,0,6,2,2604,0,5,0.0,0,1.0,Donetsk People's Republic
3777,0,0,0.0,1,0,2,4,6018,0,5,2.0,1,0.0,Revolutionary Armed Forces of Colombia (FARC)
3778,0,0,0.0,0,0,1,4,5495,0,5,0.0,0,0.0,Palestinians
3779,0,0,0.0,1,0,3,1,1510,0,6,0.0,1,0.0,Basque Fatherland and Freedom (ETA)
3780,0,0,1.0,1,1,3,4,402,0,6,3.0,1,0.0,Taliban
3781,0,0,0.0,1,0,1,22,495,0,6,1.0,0,0.0,African National Congress (South Africa)
3782,0,0,0.0,1,0,2,4,2660,0,5,1.0,1,0.0,Farabundo Marti National Liberation Front (FMLN)
3783,0,0,0.0,0,0,3,1,5556,0,6,0.0,0,0.0,Palestinians
3784,0,0,0.0,1,1,3,20,6,0,6,2.0,0,0.0,Boko Haram
3785,0,0,0.0,1,1,3,4,6805,0,6,11.0,1,0.0,Taliban
3786,0,0,1.0,1,0,3,21,2700,0,6,0.0,1,0.0,Farabundo Marti National Liberation Front (FMLN)
3787,0,0,1.0,1,0,3,21,4130,0,6,0.0,1,0.0,Manuel Rodriguez Patriotic Front (FPMR)
3788,0,1,0.0,1,0,3,4,162,0,6,5.0,1,0.0,Kurdistan Workers' Party (PKK)
3789,0,0,0.0,1,0,1,2,538,0,5,3.0,0,0.0,African National Congress (South Africa)
3790,0,0,0.0,1,0,2,4,48,0,5,1.0,0,0.0,Abu Sayyaf Group (ASG)
3791,0,0,0.0,0,1,1,2,970,0,6,1.0,1,0.0,Al-Qaida in the Arabian Peninsula (AQAP)
3792,0,0,1.0,1,1,3,15,6921,0,6,3.0,-9,0.0,Tehrik-i-Taliban Pakistan (TTP)
3793,0,0,1.0,1,0,7,1,4087,0,8,0.0,1,0.0,Manuel Rodriguez Patriotic Front (FPMR)
3794,0,1,0.0,1,0,2,14,6999,0,5,2.0,0,0.0,Tehrik-i-Taliban Pakistan (TTP)
3795,0,0,0.0,1,0,7,1,4408,0,5,0.0,1,0.0,Maoists
3796,0,0,0.0,0,0,3,1,1536,0,6,0.0,1,0.0,Basque Fatherland and Freedom (ETA)
3797,0,0,0.0,1,0,3,19,56,0,6,0.0,1,0.0,Sikh Extremists
3798,0,0,0.0,1,0,1,15,772,0,5,5.0,0,0.0,Al-Qaida in Iraq
3799,0,0,1.0,1,0,3,8,7081,0,6,0.0,1,0.0,Tehrik-i-Taliban Pakistan (TTP)
3800,0,0,0.0,1,0,3,14,5636,0,5,1.0,1,0.0,Palestinians
3801,0,1,0.0,1,0,6,14,3603,0,5,0.0,0,1.0,Kurdistan Workers' Party (PKK)
3802,0,0,0.0,1,0,3,3,2984,0,6,2.0,0,0.0,Houthi extremists (Ansar Allah)
3803,0,0,0.0,1,0,1,12,6128,0,5,1.0,0,0.0,Shining Path (SL)
3804,0,0,1.0,1,0,3,3,1440,0,6,0.0,1,0.0,Basque Fatherland and Freedom (ETA)
3805,0,0,1.0,1,0,7,3,1631,0,8,0.0,0,0.0,Basque Fatherland and Freedom (ETA)
3806,0,0,0.0,1,0,3,4,5642,0,6,1.0,1,0.0,Palestinians
3807,0,0,0.0,1,0,2,4,172,0,5,1.0,0,0.0,Kurdistan Workers' Party (PKK)
3808,0,0,0.0,1,0,6,10,4779,0,5,0.0,0,1.0,National Liberation Army of Colombia (ELN)
3809,0,0,0.0,1,0,2,3,12,0,5,2.0,0,0.0,Al-Qaida in the Arabian Peninsula (AQAP)
3810,0,0,0.0,1,0,3,4,1122,0,6,1.0,1,0.0,Al-Qaida in the Arabian Peninsula (AQAP)
3811,0,0,0.0,1,0,1,2,5157,0,5,1.0,1,0.0,New People's Army (NPA)
3812,0,0,0.0,1,1,3,3,805,0,6,8.0,-9,0.0,Al-Qaida in Iraq
3813,0,0,0.0,0,0,3,14,5630,0,6,0.0,0,0.0,Palestinians
3814,0,0,0.0,0,0,3,4,3301,0,6,0.0,0,0.0,Palestinians
3815,0,1,0.0,1,0,2,14,2883,0,5,2.0,0,0.0,National Liberation Army of Colombia (ELN)
3816,0,1,0.0,0,0,3,20,6,0,6,0.0,0,0.0,Maoists
3817,0,0,1.0,1,0,3,1,1077,0,6,1.0,1,0.0,Boko Haram
3818,0,0,0.0,1,0,7,1,5217,0,8,0.0,1,0.0,New People's Army (NPA)
3819,0,0,1.0,0,0,3,3,175,0,6,0.0,0,0.0,Abu Sayyaf Group (ASG)
3820,0,0,1.0,1,0,2,4,5359,0,5,1.0,1,0.0,Nicaraguan Democratic Force (FDN)
3821,0,0,0.0,1,0,2,19,5564,0,8,0.0,1,0.0,Palestinians
3822,0,0,1.0,1,0,3,4,48,0,6,0.0,-9,0.0,Donetsk People's Republic
3823,0,0,0.0,1,0,3,8,7070,0,6,0.0,1,0.0,Tehrik-i-Taliban Pakistan (TTP)
3824,0,0,0.0,0,0,1,3,1053,0,5,0.0,0,0.0,New People's Army (NPA)
3825,0,0,1.0,1,0,3,4,48,0,6,1.0,-9,0.0,Donetsk People's Republic
3826,0,0,0.0,1,0,3,2,7300,0,6,0.0,1,0.0,Tupac Amaru Revolutionary Movement (MRTA)
3827,0,0,0.0,1,0,1,14,5507,0,5,1.0,0,0.0,Palestinians
3828,0,0,0.0,1,0,3,21,5891,0,6,0.0,1,0.0,Revolutionary Armed Forces of Colombia (FARC)
3829,0,0,0.0,1,0,3,2,2434,0,6,0.0,1,0.0,Corsican National Liberation Front (FLNC)
3830,0,0,0.0,1,0,3,22,6966,0,6,6.0,0,0.0,Tehrik-i-Taliban Pakistan (TTP)
3831,0,0,1.0,1,0,7,1,1991,0,8,0.0,1,0.0,Communist Party of India - Maoist (CPI-Maoist)
3832,0,1,0.0,1,0,3,3,1126,0,6,0.0,1,0.0,Communist Party of India - Maoist (CPI-Maoist)
3833,0,0,0.0,0,0,3,4,3298,0,6,0.0,1,0.0,Irish Republican Army (IRA)
3834,0,0,0.0,1,0,7,16,1970,0,8,0.0,1,0.0,Communist Party of India - Maoist (CPI-Maoist)
3835,0,0,0.0,1,0,2,4,681,0,5,0.0,1,0.0,Farabundo Marti National Liberation Front (FMLN)
3836,0,0,0.0,1,0,2,2,5341,0,5,1.0,1,0.0,Nicaraguan Democratic Force (FDN)
3837,0,0,1.0,1,0,3,19,233,0,6,0.0,1,0.0,Communist Party of India - Maoist (CPI-Maoist)
3838,0,0,1.0,1,0,3,21,875,0,6,1.0,-9,0.0,Al-Qaida in Iraq
3839,0,0,0.0,1,0,1,4,1064,0,5,1.0,0,0.0,Al-Qaida in the Arabian Peninsula (AQAP)
3840,0,0,1.0,1,0,3,14,13,0,6,1.0,0,0.0,Al-Qaida in Iraq
3841,0,0,1.0,1,0,3,1,6149,0,6,1.0,1,0.0,Shining Path (SL)
3842,0,0,0.0,1,0,2,2,2020,0,5,1.0,0,0.0,Communist Party of India - Maoist (CPI-Maoist)
3843,0,1,0.0,1,0,2,19,1214,0,5,5.0,1,0.0,Al-Shabaab
3844,0,0,0.0,1,0,2,4,1350,0,5,0.0,-9,0.0,Tehrik-i-Taliban Pakistan (TTP)
3845,0,0,0.0,1,0,2,3,681,0,5,1.0,1,0.0,National Liberation Army of Colombia (ELN)
3846,1,0,0.0,1,0,6,11,243,0,5,0.0,0,1.0,Abu Sayyaf Group (ASG)
3847,0,0,1.0,1,0,3,3,4339,0,6,6.0,1,0.0,Maoists
3848,0,0,0.0,1,0,3,7,6200,0,6,0.0,1,0.0,Shining Path (SL)
3849,0,0,0.0,1,1,3,22,219,0,6,8.0,-9,0.0,Al-Qaida in the Arabian Peninsula (AQAP)
3850,0,0,1.0,1,0,3,14,2336,0,6,0.0,1,0.0,Corsican National Liberation Front (FLNC)
3851,0,0,0.0,1,0,3,14,13,0,6,0.0,-9,0.0,Houthi extremists (Ansar Allah)
3852,0,0,0.0,1,0,2,3,5040,0,5,0.0,1,0.0,New People's Army (NPA)
3853,1,0,0.0,1,0,6,1,98,0,5,0.0,0,1.0,Abu Sayyaf Group (ASG)
3854,0,0,1.0,1,0,3,2,1579,0,6,0.0,1,0.0,Basque Fatherland and Freedom (ETA)
3855,0,0,1.0,1,0,2,4,5233,0,5,1.0,0,0.0,New People's Army (NPA)
3856,0,0,0.0,0,0,3,14,5523,0,6,0.0,0,0.0,Palestinians
3857,0,0,1.0,1,0,3,1,801,0,6,0.0,1,0.0,Shining Path (SL)
3858,0,0,1.0,1,0,7,8,7069,0,8,0.0,1,0.0,Tehrik-i-Taliban Pakistan (TTP)
3859,0,0,0.0,1,0,3,1,179,0,6,0.0,1,0.0,Abu Sayyaf Group (ASG)
3860,0,0,0.0,1,0,3,4,1645,0,6,1.0,1,0.0,Basque Fatherland and Freedom (ETA)
3861,0,0,0.0,1,0,3,4,2563,0,6,0.0,-9,0.0,Donetsk People's Republic
3862,0,0,1.0,1,0,3,14,1327,0,6,7.0,-9,0.0,Houthi extremists (Ansar Allah)
3863,0,0,0.0,1,0,3,3,175,0,6,1.0,1,0.0,National Liberation Army of Colombia (ELN)
3864,0,0,0.0,1,0,1,22,305,0,5,2.0,0,0.0,Sikh Extremists
3865,0,0,0.0,0,0,2,4,172,0,5,1.0,0,0.0,Islamic State of Iraq and the Levant (ISIL)
3866,0,0,1.0,1,0,2,14,3662,0,5,0.0,1,0.0,Shining Path (SL)
3867,0,0,0.0,1,1,3,6,4843,0,6,38.0,1,0.0,Tehrik-i-Taliban Pakistan (TTP)
3868,0,0,0.0,0,0,3,4,2976,0,6,0.0,0,0.0,Houthi extremists (Ansar Allah)
3869,0,0,1.0,1,0,2,14,27,0,5,1.0,0,0.0,Fulani extremists
3870,0,1,0.0,1,0,3,21,5842,0,6,0.0,1,0.0,Revolutionary Armed Forces of Colombia (FARC)
3871,0,1,0.0,1,0,3,4,48,0,6,19.0,-9,0.0,Donetsk People's Republic
3872,0,0,0.0,1,0,2,2,5368,0,5,0.0,1,0.0,Nicaraguan Democratic Force (FDN)
3873,0,1,0.0,1,0,3,8,1281,0,6,6.0,1,0.0,Tehrik-i-Taliban Pakistan (TTP)
3874,0,0,0.0,1,0,3,19,6798,0,6,14.0,1,0.0,Taliban
3875,0,0,0.0,1,0,3,4,172,0,6,0.0,0,0.0,Tehrik-i-Taliban Pakistan (TTP)
3876,0,0,0.0,1,1,3,14,1899,0,6,22.0,0,0.0,Boko Haram
3877,0,0,0.0,1,0,3,2,6279,0,6,0.0,1,0.0,Shining Path (SL)
3878,0,0,0.0,1,0,2,4,402,0,6,4.0,-9,0.0,Kurdistan Workers' Party (PKK)
3879,0,0,0.0,0,0,2,4,5130,0,5,0.0,0,0.0,New People's Army (NPA)
3880,0,0,1.0,1,0,3,1,6349,0,6,0.0,1,0.0,Tupac Amaru Revolutionary Movement (MRTA)
3881,0,0,0.0,0,0,3,19,56,0,6,0.0,1,0.0,Sikh Extremists
3882,0,0,0.0,1,1,1,4,1334,0,6,6.0,1,0.0,Al-Shabaab
3883,0,0,0.0,1,0,1,17,7015,0,6,1.0,0,0.0,Tehrik-i-Taliban Pakistan (TTP)
3884,0,0,0.0,1,0,2,4,2660,0,5,76.0,1,0.0,Farabundo Marti National Liberation Front (FMLN)
3885,0,0,0.0,1,0,3,19,6,0,6,0.0,1,0.0,Kurdistan Workers' Party (PKK)
3886,0,0,1.0,1,0,7,1,1847,0,8,0.0,1,0.0,Muslim extremists
3887,1,0,0.0,1,0,6,2,6140,0,5,0.0,0,1.0,Shining Path (SL)
3888,0,0,0.0,1,0,5,10,801,0,5,0.0,1,1.0,Tupac Amaru Revolutionary Movement (MRTA)
3889,0,0,0.0,1,0,2,19,3550,0,5,3.0,1,0.0,Kurdistan Workers' Party (PKK)
3890,0,1,0.0,1,0,3,4,48,0,6,0.0,0,0.0,Donetsk People's Republic
3891,0,0,0.0,1,0,2,15,2905,0,9,1.0,0,0.0,Fulani extremists
3892,0,0,1.0,1,0,3,1,7189,0,6,0.0,1,0.0,Tupac Amaru Revolutionary Movement (MRTA)
3893,0,0,0.0,1,0,3,1,49,0,6,0.0,1,0.0,Tupac Amaru Revolutionary Movement (MRTA)
3894,0,0,1.0,1,0,3,14,1535,0,6,1.0,1,0.0,Manuel Rodriguez Patriotic Front (FPMR)
3895,0,0,0.0,1,0,3,20,2399,0,6,0.0,1,0.0,Corsican National Liberation Front (FLNC)
3896,0,0,1.0,1,0,3,15,232,0,6,0.0,-9,0.0,Abu Sayyaf Group (ASG)
3897,0,0,0.0,1,0,1,3,6209,0,9,9.0,0,0.0,Shining Path (SL)
3898,0,0,0.0,1,0,8,9,1323,0,2,32.0,0,0.0,Al-Shabaab
3899,0,0,1.0,1,1,3,6,498,0,6,4.0,-9,0.0,Al-Qaida in the Arabian Peninsula (AQAP)
3900,1,1,1.0,1,0,6,3,4346,0,6,8.0,-9,1.0,Tehrik-i-Taliban Pakistan (TTP)
3901,0,0,1.0,1,0,2,14,27,0,5,10.0,1,0.0,Boko Haram
3902,0,0,0.0,1,0,7,1,1517,0,8,1.0,1,0.0,Basque Fatherland and Freedom (ETA)
3903,0,0,0.0,1,0,3,2,7197,0,6,0.0,1,0.0,Tupac Amaru Revolutionary Movement (MRTA)
3904,0,0,1.0,1,0,3,14,1327,0,6,0.0,-9,0.0,Houthi extremists (Ansar Allah)
3905,0,0,0.0,1,0,3,4,3067,0,6,1.0,1,0.0,Irish Republican Army (IRA)
3906,0,0,0.0,1,0,3,3,330,0,6,1.0,1,0.0,Kurdistan Workers' Party (PKK)
3907,0,0,1.0,1,0,2,14,27,0,5,0.0,1,0.0,Fulani extremists
3908,0,0,0.0,1,0,5,10,7306,0,5,0.0,1,1.0,Tupac Amaru Revolutionary Movement (MRTA)
3909,0,0,0.0,1,0,2,3,4446,0,5,1.0,1,0.0,New People's Army (NPA)
3910,0,0,0.0,1,0,2,14,6567,0,5,5.0,1,0.0,Sikh Extremists
3911,0,1,0.0,1,0,2,4,48,0,6,0.0,-9,0.0,Donetsk People's Republic
3912,0,0,0.0,1,0,3,2,3293,0,6,0.0,1,0.0,Irish Republican Army (IRA)
3913,0,1,0.0,0,0,3,20,6,0,6,0.0,0,0.0,Maoists
3914,0,0,0.0,1,0,2,4,1014,0,5,2.0,1,0.0,Al-Qaida in the Arabian Peninsula (AQAP)
3915,0,0,0.0,1,0,1,14,5215,0,5,1.0,0,0.0,New People's Army (NPA)
3916,0,0,1.0,1,0,3,21,2679,0,6,0.0,1,0.0,Farabundo Marti National Liberation Front (FMLN)
3917,0,0,0.0,1,0,3,4,767,0,6,0.0,0,0.0,Houthi extremists (Ansar Allah)
3918,0,0,0.0,1,0,3,3,622,0,6,1.0,1,0.0,African National Congress (South Africa)
3919,0,0,0.0,1,0,3,6,427,0,6,0.0,1,0.0,Shining Path (SL)
3920,0,0,0.0,1,0,1,14,6542,0,5,2.0,0,0.0,Sikh Extremists
3921,0,0,0.0,1,0,2,4,2670,0,5,15.0,1,0.0,Farabundo Marti National Liberation Front (FMLN)
3922,0,0,0.0,1,0,2,3,1492,0,5,2.0,0,0.0,Basque Fatherland and Freedom (ETA)
3923,0,0,0.0,1,0,2,3,167,0,5,1.0,0,0.0,Maoists
3924,0,0,1.0,1,0,3,3,192,0,6,0.0,1,0.0,Abu Sayyaf Group (ASG)
3925,0,0,0.0,1,0,2,4,2670,0,5,1.0,1,0.0,Farabundo Marti National Liberation Front (FMLN)
3926,0,0,0.0,1,0,2,14,6546,0,5,2.0,1,0.0,Sikh Extremists
3927,0,0,1.0,1,0,3,2,2423,0,6,0.0,1,0.0,Corsican National Liberation Front (FLNC)
3928,0,0,0.0,0,0,2,14,1860,0,5,0.0,0,0.0,Kurdistan Workers' Party (PKK)
3929,0,0,0.0,0,0,3,4,513,0,6,0.0,1,0.0,African National Congress (South Africa)
3930,0,0,0.0,1,0,3,19,56,0,6,2.0,1,0.0,Sikh Extremists
3931,0,0,0.0,1,0,2,3,12,0,5,3.0,0,0.0,Boko Haram
3932,0,0,1.0,1,0,2,14,13,0,5,3.0,0,0.0,Fulani extremists
3933,0,0,0.0,1,0,3,2,4224,0,6,0.0,1,0.0,Manuel Rodriguez Patriotic Front (FPMR)
3934,0,0,0.0,1,0,1,14,3770,0,5,1.0,0,0.0,Liberation Tigers of Tamil Eelam (LTTE)
3935,0,1,0.0,1,0,2,3,4359,0,9,1.0,0,0.0,Maoists
3936,0,0,0.0,0,1,3,17,305,0,6,3.0,0,0.0,Islamic State of Iraq and the Levant (ISIL)
3937,0,1,0.0,1,0,2,4,162,0,5,11.0,1,0.0,Kurdistan Workers' Party (PKK)
3938,0,0,0.0,1,0,3,7,2815,0,6,0.0,1,0.0,Farabundo Marti National Liberation Front (FMLN)
3939,0,1,0.0,0,0,2,3,1293,0,5,2.0,-9,0.0,Al-Shabaab
3940,0,0,0.0,1,0,2,14,27,0,5,10.0,1,0.0,Sikh Extremists
3941,0,0,0.0,1,0,2,3,2136,0,5,2.0,1,0.0,Communist Party of India - Maoist (CPI-Maoist)
3942,0,1,0.0,1,0,2,17,4381,0,5,1.0,0,0.0,Maoists
3943,0,0,0.0,1,0,3,2,436,0,6,0.0,1,0.0,African National Congress (South Africa)
3944,0,0,0.0,1,0,3,2,2458,0,6,0.0,1,0.0,Corsican National Liberation Front (FLNC)
3945,0,0,0.0,1,0,3,15,3885,0,6,2.0,1,0.0,Liberation Tigers of Tamil Eelam (LTTE)
3946,0,0,0.0,1,0,7,8,842,0,8,0.0,1,0.0,Kurdistan Workers' Party (PKK)
3947,0,0,0.0,1,0,1,2,2940,0,6,5.0,1,0.0,Houthi extremists (Ansar Allah)
3948,0,0,0.0,1,0,3,14,1812,0,6,3.0,-9,0.0,Houthi extremists (Ansar Allah)
3949,0,0,1.0,1,0,2,14,27,0,5,4.0,1,0.0,Boko Haram
3950,0,0,0.0,1,0,3,14,6,0,6,0.0,-9,0.0,Abu Sayyaf Group (ASG)
3951,0,1,0.0,1,0,2,3,5945,0,5,10.0,-9,0.0,Revolutionary Armed Forces of Colombia (FARC)
3952,0,0,0.0,1,0,2,4,2666,0,5,9.0,1,0.0,Revolutionary Armed Forces of Colombia (FARC)
3953,0,0,0.0,1,0,2,14,27,0,5,5.0,0,0.0,Fulani extremists
3954,0,0,0.0,1,0,2,14,747,0,5,7.0,0,0.0,Al-Qaida in Iraq
3955,0,1,0.0,0,0,1,2,6446,0,6,0.0,0,0.0,Sikh Extremists
3956,0,0,0.0,1,0,3,8,6940,0,6,0.0,1,0.0,Tehrik-i-Taliban Pakistan (TTP)
3957,0,0,0.0,0,0,1,2,5955,0,6,0.0,1,0.0,Revolutionary Armed Forces of Colombia (FARC)
3958,0,0,0.0,1,0,3,3,330,0,6,1.0,0,0.0,Kurdistan Workers' Party (PKK)
3959,0,0,0.0,1,1,3,1,2481,0,6,2.0,-9,0.0,Taliban
3960,0,0,0.0,1,0,3,4,48,0,6,2.0,0,0.0,Kurdistan Workers' Party (PKK)
3961,1,0,0.0,1,0,6,14,4795,0,5,0.0,0,1.0,National Liberation Army of Colombia (ELN)
3962,0,0,1.0,1,0,7,2,2165,0,8,0.0,1,0.0,Communist Party of India - Maoist (CPI-Maoist)
3963,0,0,0.0,1,0,3,14,3656,0,6,1.0,1,0.0,Kurdistan Workers' Party (PKK)
3964,0,0,0.0,1,0,3,11,5414,0,6,1.0,1,0.0,Nicaraguan Democratic Force (FDN)
3965,0,0,0.0,1,0,3,2,474,0,6,0.0,1,0.0,Corsican National Liberation Front (FLNC)
3966,0,0,0.0,1,0,1,1,3108,0,5,2.0,0,0.0,Irish Republican Army (IRA)
3967,0,0,0.0,1,0,3,1,4077,0,6,0.0,1,0.0,Manuel Rodriguez Patriotic Front (FPMR)
3968,0,0,0.0,1,0,3,20,2421,0,6,0.0,1,0.0,Corsican National Liberation Front (FLNC)
3969,0,0,0.0,1,0,2,14,7064,0,9,1.0,0,0.0,Tehrik-i-Taliban Pakistan (TTP)
3970,0,0,0.0,1,0,3,14,1654,0,6,0.0,1,0.0,Basque Fatherland and Freedom (ETA)
3971,0,0,0.0,1,0,1,22,6026,0,5,5.0,0,0.0,Sikh Extremists
3972,0,0,0.0,1,0,3,4,172,0,6,0.0,-9,0.0,Houthi extremists (Ansar Allah)
3973,0,0,0.0,1,0,3,3,6910,0,6,1.0,-9,0.0,Tehrik-i-Taliban Pakistan (TTP)
3974,0,0,0.0,1,0,3,1,6554,0,6,2.0,1,0.0,Sikh Extremists
3975,0,0,1.0,1,0,2,4,1054,0,6,8.0,-9,0.0,Al-Qaida in the Arabian Peninsula (AQAP)
3976,0,0,0.0,1,0,3,3,1574,0,6,0.0,1,0.0,Irish Republican Army (IRA)
3977,0,0,1.0,1,0,3,2,1024,0,5,2.0,1,0.0,Al-Qaida in the Arabian Peninsula (AQAP)
3978,0,1,0.0,1,0,1,2,5953,0,5,1.0,0,0.0,Revolutionary Armed Forces of Colombia (FARC)
3979,0,0,0.0,1,0,3,14,4212,0,6,0.0,1,0.0,Manuel Rodriguez Patriotic Front (FPMR)
3980,0,0,0.0,1,0,2,3,330,0,5,4.0,1,0.0,Taliban
3981,0,0,1.0,1,0,2,14,27,0,9,1.0,1,0.0,Fulani extremists
3982,0,0,1.0,1,0,3,21,2659,0,6,0.0,1,0.0,Farabundo Marti National Liberation Front (FMLN)
3983,0,0,0.0,1,0,7,14,5188,0,8,0.0,1,0.0,New People's Army (NPA)
3984,0,0,0.0,1,0,2,14,205,0,6,1.0,0,0.0,Donetsk People's Republic
3985,0,1,0.0,1,0,3,4,1057,0,6,5.0,0,0.0,Al-Qaida in the Arabian Peninsula (AQAP)
3986,0,0,0.0,1,0,3,3,85,0,6,0.0,1,0.0,Taliban
3987,0,0,0.0,1,0,3,11,1309,0,6,2.0,1,0.0,Al-Shabaab
3988,0,0,1.0,1,0,3,2,2422,0,6,0.0,1,0.0,Corsican National Liberation Front (FLNC)
3989,0,0,1.0,1,0,3,14,27,0,6,0.0,0,0.0,Muslim extremists
3990,0,0,0.0,1,1,3,4,7056,0,6,6.0,1,0.0,Tehrik-i-Taliban Pakistan (TTP)
3991,1,0,1.0,1,0,6,14,4801,0,5,0.0,0,1.0,National Liberation Army of Colombia (ELN)
3992,0,0,0.0,1,0,3,1,3093,0,6,0.0,1,0.0,Irish Republican Army (IRA)
3993,0,0,0.0,1,1,3,4,1020,0,6,6.0,-9,0.0,Al-Qaida in the Arabian Peninsula (AQAP)
3994,0,0,1.0,1,0,1,3,2432,0,5,1.0,0,0.0,Sikh Extremists
3995,0,0,0.0,1,0,3,2,4885,0,6,0.0,1,0.0,National Liberation Army of Colombia (ELN)
3996,0,0,0.0,1,0,3,12,6727,0,6,2.0,1,0.0,Taliban
3997,0,0,0.0,1,0,2,1,4825,0,8,0.0,1,0.0,National Liberation Army of Colombia (ELN)
3998,1,0,0.0,1,0,6,3,6551,0,5,1.0,0,1.0,Sikh Extremists
3999,0,1,0.0,1,0,2,4,2660,0,5,50.0,1,0.0,Nicaraguan Democratic Force (FDN)
4000,0,0,1.0,1,0,3,14,7223,0,6,0.0,1,0.0,Tupac Amaru Revolutionary Movement (MRTA)
4001,0,0,1.0,0,0,3,14,1535,0,6,0.0,1,0.0,Shining Path (SL)
4002,0,1,0.0,1,0,2,4,48,0,6,1.0,0,0.0,Donetsk People's Republic
4003,0,0,0.0,1,0,5,14,2462,0,5,0.0,1,1.0,Corsican National Liberation Front (FLNC)
4004,0,0,0.0,1,0,1,14,6945,0,5,1.0,-9,0.0,Tehrik-i-Taliban Pakistan (TTP)
4005,0,1,0.0,1,0,3,16,485,0,6,0.0,1,0.0,African National Congress (South Africa)
4006,0,0,0.0,1,0,3,14,5506,0,6,1.0,1,0.0,Palestinians
4007,0,0,0.0,1,1,3,4,3787,0,6,11.0,0,0.0,Liberation Tigers of Tamil Eelam (LTTE)
4008,0,0,0.0,1,0,3,1,1769,0,6,0.0,1,0.0,Shining Path (SL)
4009,0,0,0.0,1,0,3,21,7239,0,6,0.0,1,0.0,Tupac Amaru Revolutionary Movement (MRTA)
4010,0,0,0.0,1,0,2,4,2660,0,5,1.0,1,0.0,Nicaraguan Democratic Force (FDN)
4011,0,0,0.0,1,0,3,16,4127,0,6,0.0,1,0.0,Manuel Rodriguez Patriotic Front (FPMR)
4012,0,0,1.0,1,0,2,4,20,0,5,1.0,0,0.0,Al-Shabaab
4013,0,1,1.0,1,0,2,4,172,0,5,0.0,-9,0.0,Muslim extremists
4014,0,0,0.0,1,0,3,4,48,0,6,0.0,0,0.0,Donetsk People's Republic
4015,0,0,0.0,1,0,3,3,523,0,6,5.0,1,0.0,Palestinians
4016,0,0,0.0,1,0,3,4,268,0,6,3.0,0,0.0,New People's Army (NPA)
4017,0,0,0.0,1,0,2,4,2660,0,5,10.0,1,0.0,Nicaraguan Democratic Force (FDN)
4018,0,0,0.0,1,0,6,14,4367,0,5,1.0,0,1.0,Maoists
4019,0,0,0.0,1,0,3,8,7225,0,6,0.0,1,0.0,Tupac Amaru Revolutionary Movement (MRTA)
4020,0,0,1.0,1,0,3,1,7201,0,6,0.0,1,0.0,Tupac Amaru Revolutionary Movement (MRTA)
4021,1,0,0.0,1,0,6,4,20,0,5,4.0,-9,1.0,Al-Qaida in the Arabian Peninsula (AQAP)
4022,0,0,0.0,1,0,6,8,2208,0,5,1.0,0,1.0,Communist Party of India - Maoist (CPI-Maoist)
4023,0,1,0.0,1,0,2,4,2660,0,5,1.0,1,0.0,Nicaraguan Democratic Force (FDN)
4024,0,0,0.0,1,0,3,3,1472,0,6,0.0,1,0.0,Basque Fatherland and Freedom (ETA)
4025,0,0,1.0,1,0,7,14,27,0,8,0.0,1,0.0,Al-Shabaab
4026,0,0,0.0,1,0,2,4,12,0,5,6.0,0,0.0,Abu Sayyaf Group (ASG)
4027,0,0,0.0,1,0,2,14,27,0,5,8.0,0,0.0,Boko Haram
4028,0,0,0.0,1,0,2,14,27,0,6,9.0,1,0.0,Boko Haram
4029,0,0,0.0,1,0,2,4,2660,0,5,1.0,1,0.0,Nicaraguan Democratic Force (FDN)
4030,0,0,1.0,0,0,3,2,1551,0,6,0.0,1,0.0,Basque Fatherland and Freedom (ETA)
4031,0,0,0.0,1,0,6,14,146,0,5,1.0,0,1.0,Abu Sayyaf Group (ASG)
4032,0,0,0.0,1,0,3,4,330,0,6,0.0,1,0.0,Taliban
4033,0,0,0.0,1,0,3,16,1572,0,6,0.0,1,0.0,Basque Fatherland and Freedom (ETA)
4034,0,0,0.0,1,0,3,4,48,0,6,1.0,0,0.0,National Liberation Army of Colombia (ELN)
4035,0,1,0.0,1,0,3,3,4921,0,6,2.0,1,0.0,National Liberation Army of Colombia (ELN)
4036,0,1,1.0,1,0,2,19,56,0,8,0.0,1,0.0,Revolutionary Armed Forces of Colombia (FARC)
4037,0,0,0.0,1,0,6,14,13,0,5,2.0,0,1.0,Islamic State of Iraq and the Levant (ISIL)
4038,0,0,0.0,1,0,3,2,767,0,6,0.0,1,0.0,Tupac Amaru Revolutionary Movement (MRTA)
4039,0,0,0.0,1,1,3,4,402,0,6,29.0,1,0.0,Al-Qaida in Iraq
4040,0,0,0.0,1,0,3,19,233,0,6,0.0,1,0.0,Revolutionary Armed Forces of Colombia (FARC)
4041,0,0,0.0,1,0,2,3,3215,0,5,0.0,1,0.0,Irish Republican Army (IRA)
4042,0,0,1.0,1,0,6,14,807,0,9,1.0,0,1.0,Maoists
4043,0,0,0.0,1,0,2,1,5122,0,5,0.0,-9,0.0,New People's Army (NPA)
4044,0,0,1.0,1,0,3,1,1915,0,6,0.0,1,0.0,Tupac Amaru Revolutionary Movement (MRTA)
4045,0,0,0.0,1,0,1,14,5579,0,5,1.0,0,0.0,Palestinians
4046,0,0,0.0,1,0,7,1,5905,0,8,0.0,1,0.0,Revolutionary Armed Forces of Colombia (FARC)
4047,0,1,1.0,1,0,3,14,13,0,6,0.0,1,0.0,Al-Qaida in Iraq
4048,0,1,0.0,1,0,3,14,5924,0,6,2.0,-9,0.0,Revolutionary Armed Forces of Colombia (FARC)
4049,1,0,0.0,1,0,6,14,3743,0,5,18.0,0,1.0,Liberation Tigers of Tamil Eelam (LTTE)
4050,0,0,0.0,1,0,2,4,4876,0,5,2.0,0,0.0,National Liberation Army of Colombia (ELN)
4051,0,0,0.0,1,0,3,1,226,0,6,1.0,1,0.0,Abu Sayyaf Group (ASG)
4052,0,0,0.0,1,0,1,14,6521,0,5,5.0,0,0.0,Sikh Extremists
4053,0,0,0.0,1,0,2,17,20,0,5,0.0,0,0.0,Al-Qaida in the Arabian Peninsula (AQAP)
4054,0,0,0.0,1,0,3,4,5148,0,6,0.0,0,0.0,New People's Army (NPA)
4055,0,0,1.0,1,0,3,14,795,0,6,0.0,-9,0.0,Al-Qaida in Iraq
4056,0,0,1.0,1,0,7,1,5389,0,5,1.0,1,0.0,Nicaraguan Democratic Force (FDN)
4057,0,0,0.0,1,0,3,1,7244,0,5,0.0,1,0.0,Tupac Amaru Revolutionary Movement (MRTA)
4058,0,0,1.0,1,0,7,10,1062,0,8,0.0,1,0.0,Al-Qaida in the Arabian Peninsula (AQAP)
4059,0,0,0.0,1,0,3,1,6137,0,6,0.0,1,0.0,Shining Path (SL)
4060,0,0,0.0,1,1,3,3,12,0,6,3.0,1,0.0,Tehrik-i-Taliban Pakistan (TTP)
4061,0,0,0.0,1,0,1,14,6432,0,5,4.0,0,0.0,Sikh Extremists
4062,0,0,0.0,1,0,3,1,330,0,6,2.0,1,0.0,Kurdistan Workers' Party (PKK)
4063,0,0,0.0,1,0,2,1,5355,0,5,10.0,1,0.0,Nicaraguan Democratic Force (FDN)
4064,0,0,0.0,1,0,2,19,3572,0,5,1.0,1,0.0,Kurdistan Workers' Party (PKK)
4065,0,0,0.0,1,0,3,4,48,0,6,0.0,0,0.0,Taliban
4066,0,0,1.0,1,0,3,16,2692,0,6,0.0,1,0.0,Farabundo Marti National Liberation Front (FMLN)
4067,0,0,0.0,1,0,2,4,648,0,5,2.0,1,0.0,Revolutionary Armed Forces of Colombia (FARC)
4068,0,0,0.0,1,0,2,4,12,0,5,0.0,1,0.0,Sikh Extremists
4069,0,0,1.0,1,0,3,3,2359,0,6,0.0,1,0.0,Corsican National Liberation Front (FLNC)
4070,0,0,0.0,1,1,3,4,48,0,6,13.0,1,0.0,Islamic State of Iraq and the Levant (ISIL)
4071,0,0,0.0,1,0,2,4,1033,0,5,3.0,-9,0.0,Al-Shabaab
4072,0,0,0.0,1,0,3,2,7310,0,6,0.0,1,0.0,Tupac Amaru Revolutionary Movement (MRTA)
4073,0,0,0.0,1,0,2,4,327,0,5,1.0,1,0.0,Liberation Tigers of Tamil Eelam (LTTE)
4074,0,1,0.0,1,0,2,4,2782,0,5,4.0,1,0.0,Nicaraguan Democratic Force (FDN)
4075,0,0,0.0,1,0,2,4,2660,0,5,1.0,1,0.0,Nicaraguan Democratic Force (FDN)
4076,0,0,0.0,1,0,1,2,4461,0,5,1.0,0,0.0,Maoists
4077,0,0,0.0,1,0,3,21,4762,0,6,0.0,1,0.0,National Liberation Army of Colombia (ELN)
4078,0,0,0.0,0,0,3,14,1605,0,6,0.0,1,0.0,Basque Fatherland and Freedom (ETA)
4079,0,0,0.0,1,0,3,2,6196,0,6,0.0,1,0.0,Shining Path (SL)
4080,0,0,0.0,0,0,1,2,5127,0,5,0.0,1,0.0,New People's Army (NPA)
4081,0,0,0.0,1,0,3,3,175,0,6,0.0,1,0.0,Revolutionary Armed Forces of Colombia (FARC)
4082,0,0,0.0,0,1,3,4,3786,0,6,1.0,1,0.0,Liberation Tigers of Tamil Eelam (LTTE)
4083,0,1,0.0,1,0,2,4,803,0,5,0.0,1,0.0,Nicaraguan Democratic Force (FDN)
4084,0,0,0.0,1,0,2,3,514,0,5,2.0,1,0.0,Manuel Rodriguez Patriotic Front (FPMR)
4085,0,0,1.0,1,0,3,14,2336,0,6,0.0,1,0.0,Corsican National Liberation Front (FLNC)
4086,0,0,0.0,1,0,1,3,1433,0,5,1.0,0,0.0,Basque Fatherland and Freedom (ETA)
4087,0,0,0.0,1,0,3,19,56,0,6,7.0,1,0.0,Boko Haram
4088,0,0,0.0,0,0,3,4,402,0,6,0.0,0,0.0,Al-Qaida in the Arabian Peninsula (AQAP)
4089,0,0,0.0,1,0,3,3,20,0,6,1.0,-9,0.0,Tehrik-i-Taliban Pakistan (TTP)
4090,0,0,0.0,1,0,2,10,2603,0,6,1.0,-9,0.0,Donetsk People's Republic
4091,0,1,0.0,1,0,2,4,1060,0,5,9.0,1,0.0,Al-Qaida in the Arabian Peninsula (AQAP)
4092,0,0,0.0,1,0,2,2,1230,0,5,2.0,1,0.0,Al-Shabaab
4093,0,0,0.0,1,0,3,3,3063,0,6,0.0,1,0.0,Irish Republican Army (IRA)
4094,0,0,0.0,1,0,2,4,2660,0,5,1.0,1,0.0,Nicaraguan Democratic Force (FDN)
4095,0,0,0.0,1,0,3,1,755,0,6,1.0,1,0.0,Al-Shabaab
4096,0,0,0.0,1,0,2,4,803,0,5,0.0,1,0.0,Nicaraguan Democratic Force (FDN)
4097,0,0,0.0,1,0,3,4,767,0,6,4.0,-9,0.0,Islamic State of Iraq and the Levant (ISIL)
4098,0,0,1.0,1,0,3,3,85,0,6,0.0,0,0.0,New People's Army (NPA)
4099,0,0,0.0,1,0,2,4,5424,0,5,1.0,1,0.0,Nicaraguan Democratic Force (FDN)
4100,0,0,0.0,1,0,6,14,2166,0,5,1.0,0,1.0,Communist Party of India - Maoist (CPI-Maoist)
4101,0,0,0.0,1,0,3,1,7277,0,6,0.0,0,0.0,Tupac Amaru Revolutionary Movement (MRTA)
4102,0,0,1.0,1,0,7,14,27,0,8,1.0,1,0.0,Fulani extremists
4103,0,0,0.0,1,0,3,3,565,0,6,1.0,1,0.0,African National Congress (South Africa)
4104,0,0,0.0,1,0,3,14,4384,0,6,0.0,1,0.0,Maoists
4105,0,0,0.0,1,0,7,16,2066,0,8,0.0,1,0.0,Maoists
4106,0,0,0.0,1,0,3,4,4677,0,6,1.0,0,0.0,Muslim extremists
4107,1,0,0.0,1,0,6,14,2196,0,5,1.0,0,1.0,Communist Party of India - Maoist (CPI-Maoist)
4108,0,0,0.0,1,0,7,1,2352,0,8,0.0,1,0.0,Corsican National Liberation Front (FLNC)
4109,0,0,0.0,1,0,2,22,2141,0,5,2.0,0,1.0,Communist Party of India - Maoist (CPI-Maoist)
4110,0,0,0.0,1,0,3,8,3874,0,6,10.0,-9,0.0,Liberation Tigers of Tamil Eelam (LTTE)
4111,0,0,0.0,1,0,3,14,959,0,6,0.0,1,0.0,Al-Qaida in the Arabian Peninsula (AQAP)
4112,0,0,0.0,1,0,3,2,3623,0,6,0.0,1,0.0,Kurdistan Workers' Party (PKK)
4113,0,0,0.0,1,0,2,14,4311,0,9,1.0,0,0.0,Maoists
4114,0,0,0.0,1,0,2,1,4198,0,5,3.0,1,0.0,Manuel Rodriguez Patriotic Front (FPMR)
4115,0,0,0.0,1,0,2,4,2670,0,5,0.0,1,0.0,Nicaraguan Democratic Force (FDN)
4116,0,0,0.0,1,0,3,3,5919,0,6,13.0,-9,0.0,Revolutionary Armed Forces of Colombia (FARC)
4117,0,0,0.0,1,0,2,4,1058,0,5,6.0,1,0.0,Al-Qaida in the Arabian Peninsula (AQAP)
4118,0,0,0.0,1,0,3,2,588,0,6,1.0,1,0.0,African National Congress (South Africa)
4119,0,0,0.0,1,0,3,2,4055,0,6,0.0,1,0.0,Manuel Rodriguez Patriotic Front (FPMR)
4120,0,0,0.0,1,0,6,20,2137,0,5,1.0,-9,1.0,Communist Party of India - Maoist (CPI-Maoist)
4121,0,0,1.0,1,0,3,20,6,0,6,2.0,0,0.0,Al-Qaida in Iraq
4122,0,0,0.0,1,0,3,3,644,0,6,7.0,1,0.0,Tupac Amaru Revolutionary Movement (MRTA)
4123,0,1,1.0,1,0,3,21,6232,0,6,0.0,1,0.0,Shining Path (SL)
4124,0,1,1.0,1,0,3,4,48,0,6,0.0,-9,0.0,Donetsk People's Republic
4125,0,0,0.0,1,1,3,15,983,0,6,16.0,1,0.0,Al-Qaida in the Arabian Peninsula (AQAP)
4126,0,0,0.0,1,1,3,2,3843,0,6,60.0,1,0.0,Liberation Tigers of Tamil Eelam (LTTE)
4127,0,0,0.0,1,0,3,7,4208,0,6,0.0,1,0.0,Tupac Amaru Revolutionary Movement (MRTA)
4128,0,0,0.0,1,0,3,11,5358,0,5,1.0,1,0.0,Nicaraguan Democratic Force (FDN)
4129,0,0,0.0,0,0,1,4,268,0,5,0.0,0,0.0,Palestinians
4130,0,0,0.0,1,0,2,4,2660,0,5,2.0,1,0.0,Farabundo Marti National Liberation Front (FMLN)
4131,0,0,0.0,1,0,2,3,2018,0,5,16.0,0,0.0,Communist Party of India - Maoist (CPI-Maoist)
4132,0,0,0.0,1,0,1,2,2436,0,6,0.0,1,0.0,Corsican National Liberation Front (FLNC)
4133,0,0,1.0,1,0,2,4,402,0,6,7.0,1,0.0,Al-Shabaab
4134,1,0,0.0,1,0,4,12,330,0,5,1.0,1,1.0,Muslim extremists
4135,0,0,0.0,0,0,3,20,6,0,6,0.0,0,0.0,Abu Sayyaf Group (ASG)
4136,0,0,0.0,1,0,3,14,2953,0,6,24.0,1,0.0,Houthi extremists (Ansar Allah)
4137,0,0,0.0,0,0,1,2,4813,0,6,0.0,1,0.0,National Liberation Army of Colombia (ELN)
4138,0,0,0.0,1,0,2,14,2191,0,5,0.0,1,0.0,Communist Party of India - Maoist (CPI-Maoist)
4139,0,0,0.0,1,0,3,14,5567,0,6,0.0,1,0.0,Palestinians
4140,0,0,0.0,1,0,3,14,2460,0,6,0.0,1,0.0,Corsican National Liberation Front (FLNC)
4141,0,0,1.0,1,1,3,15,6923,0,6,1.0,-9,0.0,Tehrik-i-Taliban Pakistan (TTP)
4142,0,0,0.0,1,0,3,3,476,0,6,0.0,1,0.0,African National Congress (South Africa)
4143,0,0,0.0,1,0,3,21,5417,0,6,1.0,1,0.0,Nicaraguan Democratic Force (FDN)
4144,0,0,0.0,1,0,7,4,5192,0,5,0.0,1,0.0,New People's Army (NPA)
4145,0,0,0.0,1,0,3,19,233,0,6,1.0,1,0.0,Shining Path (SL)
4146,0,0,1.0,1,0,3,4,48,0,6,0.0,-9,0.0,Donetsk People's Republic
4147,0,0,0.0,1,0,2,4,681,0,5,20.0,1,0.0,Tupac Amaru Revolutionary Movement (MRTA)
4148,0,0,1.0,1,0,6,14,13,0,5,10.0,0,1.0,Boko Haram
4149,0,0,0.0,1,0,3,4,330,0,6,0.0,1,0.0,Kurdistan Workers' Party (PKK)
4150,0,0,0.0,1,0,2,3,3195,0,5,29.0,1,0.0,Liberation Tigers of Tamil Eelam (LTTE)
4151,0,0,0.0,1,0,2,15,6014,0,5,1.0,0,0.0,Revolutionary Armed Forces of Colombia (FARC)
4152,0,0,0.0,1,1,3,4,56,0,6,8.0,1,0.0,Taliban
4153,0,0,1.0,1,0,3,8,51,0,6,0.0,1,0.0,Shining Path (SL)
4154,0,0,0.0,1,0,2,4,2670,0,5,1.0,1,0.0,Nicaraguan Democratic Force (FDN)
4155,0,0,1.0,1,0,2,14,13,0,5,2.0,-9,0.0,Fulani extremists
4156,0,0,0.0,1,0,8,4,681,0,9,1.0,1,0.0,Palestinians
4157,0,1,0.0,1,0,3,21,6034,0,6,0.0,1,0.0,Revolutionary Armed Forces of Colombia (FARC)
4158,0,0,1.0,1,0,3,1,6349,0,6,0.0,1,0.0,Tupac Amaru Revolutionary Movement (MRTA)
4159,0,0,0.0,1,0,2,3,1012,0,5,1.0,-9,0.0,Al-Qaida in the Arabian Peninsula (AQAP)
4160,0,0,0.0,0,0,3,14,5655,0,6,0.0,1,0.0,Palestinians
4161,0,0,0.0,1,0,2,2,1105,0,5,1.0,1,0.0,Al-Qaida in the Arabian Peninsula (AQAP)
4162,0,0,0.0,1,0,2,14,6421,0,5,4.0,1,0.0,Sikh Extremists
4163,0,0,0.0,0,0,2,3,4346,0,5,4.0,0,0.0,Tehrik-i-Taliban Pakistan (TTP)
4164,0,0,0.0,1,0,2,4,803,0,5,7.0,1,0.0,Kurdistan Workers' Party (PKK)
4165,0,0,0.0,1,0,3,21,6204,0,6,1.0,1,0.0,Shining Path (SL)
4166,1,0,0.0,1,0,6,11,32,0,5,1.0,0,1.0,Abu Sayyaf Group (ASG)
4167,0,0,0.0,1,0,2,4,2750,0,5,0.0,1,0.0,Shining Path (SL)
4168,0,0,0.0,1,0,3,1,7275,0,6,0.0,1,0.0,Tupac Amaru Revolutionary Movement (MRTA)
4169,0,0,1.0,1,1,3,3,803,0,6,1.0,-9,0.0,Al-Qaida in Iraq
4170,0,0,0.0,1,0,2,3,5222,0,5,6.0,1,0.0,New People's Army (NPA)
4171,0,0,0.0,1,0,3,16,3922,0,6,0.0,1,0.0,Liberation Tigers of Tamil Eelam (LTTE)
4172,0,0,0.0,1,0,3,4,435,0,6,0.0,1,0.0,African National Congress (South Africa)
4173,0,0,0.0,1,0,3,19,415,0,6,0.0,1,0.0,African National Congress (South Africa)
4174,0,0,0.0,1,0,3,4,330,0,6,45.0,-9,0.0,Boko Haram
4175,0,0,0.0,1,0,3,1,2636,0,6,0.0,1,0.0,Tupac Amaru Revolutionary Movement (MRTA)
4176,0,0,0.0,0,0,1,19,5650,0,9,0.0,0,0.0,Palestinians
4177,0,0,0.0,1,0,2,14,2099,0,9,0.0,-9,0.0,Communist Party of India - Maoist (CPI-Maoist)
4178,0,0,0.0,1,0,3,4,327,0,6,2.0,1,0.0,Islamic State of Iraq and the Levant (ISIL)
4179,0,0,0.0,1,0,3,4,12,0,6,13.0,0,0.0,Revolutionary Armed Forces of Colombia (FARC)
4180,1,0,0.0,1,0,6,10,2623,0,5,0.0,0,1.0,Donetsk People's Republic
4181,0,0,0.0,1,0,1,3,991,0,5,1.0,0,0.0,Al-Qaida in the Arabian Peninsula (AQAP)
4182,1,0,0.0,1,0,6,2,1608,0,5,1.0,0,1.0,Basque Fatherland and Freedom (ETA)
4183,0,0,0.0,1,0,2,4,12,0,8,0.0,1,0.0,Palestinians
4184,0,0,0.0,1,0,2,3,12,0,5,4.0,0,0.0,Muslim extremists
4185,0,0,0.0,0,0,3,4,2985,0,6,0.0,0,0.0,Houthi extremists (Ansar Allah)
4186,0,0,0.0,1,0,2,4,2660,0,5,3.0,1,0.0,Farabundo Marti National Liberation Front (FMLN)
4187,0,0,0.0,1,0,3,9,3802,0,6,7.0,1,0.0,Liberation Tigers of Tamil Eelam (LTTE)
4188,0,1,0.0,1,0,1,14,6499,0,5,5.0,0,0.0,Sikh Extremists
4189,0,0,1.0,1,0,3,3,3434,0,6,0.0,1,0.0,Islamic State of Iraq and the Levant (ISIL)
4190,0,0,0.0,1,0,3,14,6242,0,5,6.0,1,0.0,Shining Path (SL)
4191,0,1,0.0,1,0,3,21,496,0,6,0.0,1,0.0,African National Congress (South Africa)
4192,0,0,0.0,1,0,2,4,48,0,6,1.0,0,0.0,Kurdistan Workers' Party (PKK)
4193,0,0,0.0,1,0,1,2,3271,0,5,1.0,0,0.0,Irish Republican Army (IRA)
4194,0,0,1.0,1,0,7,3,4315,0,5,0.0,1,0.0,Maoists
4195,0,0,0.0,1,1,3,2,950,0,6,16.0,1,0.0,Al-Shabaab
4196,0,0,0.0,1,0,2,4,803,0,5,0.0,1,0.0,Nicaraguan Democratic Force (FDN)
4197,0,0,0.0,1,0,3,1,1649,0,6,1.0,1,0.0,Basque Fatherland and Freedom (ETA)
4198,0,0,1.0,1,0,1,8,3555,0,5,1.0,0,0.0,Shining Path (SL)
4199,0,0,0.0,1,0,2,1,6571,0,5,4.0,1,0.0,Sikh Extremists
4200,0,0,0.0,1,0,2,4,402,0,5,23.0,-9,0.0,Al-Shabaab
4201,0,0,0.0,1,1,3,4,48,0,6,19.0,1,0.0,Islamic State of Iraq and the Levant (ISIL)
4202,0,0,0.0,1,0,2,4,2660,0,5,9.0,1,0.0,National Liberation Army of Colombia (ELN)
4203,0,1,0.0,1,0,3,4,48,0,6,2.0,-9,0.0,Donetsk People's Republic
4204,0,1,0.0,1,0,2,14,6231,0,5,7.0,1,0.0,Shining Path (SL)
4205,0,0,0.0,1,0,7,2,2180,0,8,0.0,1,0.0,Communist Party of India - Maoist (CPI-Maoist)
4206,0,0,0.0,1,0,3,19,4391,0,6,0.0,1,0.0,Revolutionary Armed Forces of Colombia (FARC)
4207,0,0,0.0,1,0,3,14,5571,0,6,0.0,1,0.0,Palestinians
4208,0,1,0.0,1,0,3,3,3840,0,6,10.0,1,0.0,Liberation Tigers of Tamil Eelam (LTTE)
4209,0,0,0.0,1,0,6,14,4856,0,5,0.0,0,1.0,National Liberation Army of Colombia (ELN)
4210,0,0,0.0,1,0,2,17,20,0,5,4.0,0,0.0,Al-Qaida in the Arabian Peninsula (AQAP)
4211,0,0,1.0,1,0,3,21,2752,0,6,0.0,1,0.0,Farabundo Marti National Liberation Front (FMLN)
4212,0,0,1.0,1,0,3,14,6236,0,6,1.0,1,0.0,Shining Path (SL)
4213,0,0,0.0,1,0,3,3,3195,0,6,1.0,1,0.0,Shining Path (SL)
4214,0,0,1.0,1,0,3,1,7250,0,6,0.0,1,0.0,Tupac Amaru Revolutionary Movement (MRTA)
4215,0,0,1.0,1,0,2,4,4590,1,5,0.0,1,0.0,Muslim extremists
4216,0,0,1.0,1,0,3,2,4102,0,6,0.0,1,0.0,Manuel Rodriguez Patriotic Front (FPMR)
4217,0,0,0.0,1,0,1,14,6448,0,5,2.0,0,0.0,Sikh Extremists
4218,1,0,0.0,1,0,6,19,701,0,8,0.0,1,1.0,National Liberation Army of Colombia (ELN)
4219,0,0,0.0,1,0,7,1,2352,0,8,0.0,1,0.0,Corsican National Liberation Front (FLNC)
4220,0,0,0.0,1,1,3,2,6833,0,6,5.0,1,0.0,Taliban
4221,0,0,0.0,1,0,2,4,2670,0,5,2.0,1,0.0,Farabundo Marti National Liberation Front (FMLN)
4222,0,0,1.0,1,0,2,4,93,0,6,0.0,0,0.0,Kurdistan Workers' Party (PKK)
4223,0,0,0.0,1,0,3,1,1679,0,6,1.0,1,0.0,Basque Fatherland and Freedom (ETA)
4224,0,0,0.0,1,0,3,2,4178,0,6,0.0,1,0.0,Manuel Rodriguez Patriotic Front (FPMR)
4225,0,0,0.0,0,0,1,14,7093,0,6,0.0,-9,0.0,Tehrik-i-Taliban Pakistan (TTP)
4226,0,0,0.0,1,0,2,4,48,0,6,1.0,0,0.0,Revolutionary Armed Forces of Colombia (FARC)
4227,0,0,0.0,0,0,3,1,1532,0,6,0.0,1,0.0,Basque Fatherland and Freedom (ETA)
4228,0,0,0.0,1,0,2,4,5845,0,5,3.0,0,0.0,Revolutionary Armed Forces of Colombia (FARC)
4229,0,0,0.0,1,0,2,22,7063,0,5,1.0,0,0.0,Tehrik-i-Taliban Pakistan (TTP)
4230,0,0,0.0,0,0,2,4,2597,0,5,0.0,-9,0.0,Kurdistan Workers' Party (PKK)
4231,0,0,0.0,1,0,2,2,1284,0,5,1.0,0,0.0,Al-Shabaab
4232,0,0,0.0,1,0,3,19,2101,0,6,0.0,1,0.0,Communist Party of India - Maoist (CPI-Maoist)
4233,0,0,0.0,1,0,3,19,4210,0,5,1.0,1,0.0,Manuel Rodriguez Patriotic Front (FPMR)
4234,0,0,0.0,1,0,3,14,205,0,6,0.0,-9,0.0,Donetsk People's Republic
4235,0,0,0.0,1,0,1,2,6224,0,5,1.0,0,0.0,Shining Path (SL)
4236,0,0,0.0,1,0,2,3,4346,0,8,3.0,1,0.0,Taliban
4237,0,0,0.0,1,0,2,4,803,0,5,1.0,1,0.0,Revolutionary Armed Forces of Colombia (FARC)
4238,0,0,0.0,1,0,2,3,6838,0,5,5.0,0,0.0,Taliban
4239,0,0,1.0,1,0,3,2,1637,0,6,0.0,1,0.0,Shining Path (SL)
4240,1,0,0.0,1,0,6,10,4840,0,5,0.0,0,1.0,National Liberation Army of Colombia (ELN)
4241,0,0,0.0,1,0,2,3,12,0,5,2.0,0,0.0,Al-Qaida in Iraq
4242,0,0,0.0,1,0,2,3,162,0,5,6.0,1,0.0,New People's Army (NPA)
4243,0,0,0.0,1,0,2,4,12,0,5,1.0,0,0.0,New People's Army (NPA)
4244,0,1,1.0,1,0,3,3,85,0,6,0.0,1,0.0,Al-Shabaab
4245,0,0,0.0,1,0,2,15,4608,0,5,1.0,0,0.0,Muslim extremists
4246,0,0,1.0,1,0,3,3,2359,0,6,0.0,1,0.0,Corsican National Liberation Front (FLNC)
4247,0,0,1.0,1,0,3,3,291,0,6,0.0,1,0.0,Al-Shabaab
4248,0,0,0.0,1,0,3,1,427,0,6,0.0,1,0.0,Donetsk People's Republic
4249,0,0,0.0,1,0,3,4,3899,0,6,2.0,-9,0.0,Liberation Tigers of Tamil Eelam (LTTE)
4250,0,0,1.0,1,0,6,4,6919,0,5,1.0,0,1.0,Tehrik-i-Taliban Pakistan (TTP)
4251,0,0,1.0,1,0,3,21,2659,0,6,1.0,1,0.0,Farabundo Marti National Liberation Front (FMLN)
4252,0,0,0.0,1,0,2,3,5200,0,5,3.0,1,0.0,New People's Army (NPA)
4253,1,0,1.0,1,0,6,1,123,0,5,0.0,0,1.0,Maoists
4254,0,0,1.0,1,0,3,1,1557,0,6,0.0,1,0.0,Basque Fatherland and Freedom (ETA)
4255,0,0,0.0,1,1,3,4,20,0,6,9.0,0,0.0,Boko Haram
4256,0,0,0.0,1,0,1,4,1076,0,5,1.0,0,0.0,Al-Qaida in the Arabian Peninsula (AQAP)
4257,0,0,0.0,1,0,2,14,434,0,5,6.0,1,0.0,African National Congress (South Africa)
4258,0,0,0.0,1,0,2,4,2660,0,5,1.0,1,0.0,Nicaraguan Democratic Force (FDN)
4259,0,0,0.0,1,0,2,4,2660,0,5,3.0,1,0.0,Revolutionary Armed Forces of Colombia (FARC)
4260,0,1,1.0,1,0,3,4,48,0,6,0.0,-9,0.0,Donetsk People's Republic
4261,0,1,0.0,1,0,2,3,803,0,5,2.0,1,0.0,Sikh Extremists
4262,0,0,0.0,1,0,3,14,367,0,6,13.0,1,0.0,Houthi extremists (Ansar Allah)
4263,0,0,0.0,0,0,1,2,3616,0,5,0.0,0,0.0,Kurdistan Workers' Party (PKK)
4264,0,0,1.0,1,0,3,14,13,0,6,3.0,0,0.0,Islamic State of Iraq and the Levant (ISIL)
4265,0,0,1.0,1,0,3,21,4143,0,6,0.0,1,0.0,National Liberation Army of Colombia (ELN)
4266,0,0,0.0,1,0,3,3,1497,0,6,0.0,1,0.0,Basque Fatherland and Freedom (ETA)
4267,0,0,0.0,1,0,3,4,7345,0,6,4.0,1,0.0,Tupac Amaru Revolutionary Movement (MRTA)
4268,0,0,0.0,1,0,2,3,681,0,5,1.0,1,0.0,Shining Path (SL)
4269,0,0,0.0,1,0,3,21,2867,0,6,1.0,1,0.0,Nicaraguan Democratic Force (FDN)
4270,1,0,0.0,1,0,6,14,908,0,5,0.0,0,1.0,Donetsk People's Republic
4271,0,1,0.0,0,0,2,4,12,0,5,0.0,0,0.0,Maoists
4272,0,0,1.0,1,0,7,1,3071,0,8,0.0,1,0.0,Irish Republican Army (IRA)
4273,0,0,0.0,1,0,1,2,4304,0,5,1.0,0,1.0,Maoists
4274,0,0,0.0,1,0,2,3,2770,0,5,19.0,1,0.0,Shining Path (SL)
4275,0,1,0.0,1,0,8,19,56,0,9,0.0,1,0.0,Palestinians
4276,0,0,0.0,1,0,3,4,228,0,6,4.0,0,0.0,Kurdistan Workers' Party (PKK)
4277,0,0,0.0,1,0,2,3,833,0,5,1.0,0,0.0,Al-Qaida in Iraq
4278,0,0,0.0,1,0,1,2,4663,0,5,1.0,0,0.0,Muslim extremists
4279,0,1,0.0,0,0,2,2,5097,0,5,0.0,0,0.0,New People's Army (NPA)
4280,0,0,0.0,1,0,7,8,80,0,8,1.0,1,0.0,Abu Sayyaf Group (ASG)
4281,0,1,1.0,1,0,3,4,48,0,6,1.0,1,0.0,Al-Qaida in the Arabian Peninsula (AQAP)
4282,0,1,0.0,1,0,2,4,2660,0,5,1.0,1,0.0,Nicaraguan Democratic Force (FDN)
4283,0,0,0.0,1,0,2,4,0,0,5,0.0,-9,0.0,Abu Sayyaf Group (ASG)
4284,1,0,0.0,1,0,6,14,27,0,5,2.0,0,1.0,Fulani extremists
4285,0,0,0.0,1,0,1,14,5576,0,9,1.0,0,0.0,Palestinians
4286,0,0,0.0,0,0,3,2,4091,0,6,0.0,1,0.0,Manuel Rodriguez Patriotic Front (FPMR)
4287,0,0,0.0,1,0,3,3,175,0,6,0.0,1,0.0,Corsican National Liberation Front (FLNC)
4288,0,1,0.0,1,0,3,4,2620,0,6,1.0,1,-9.0,Donetsk People's Republic
4289,0,0,0.0,1,1,3,4,20,0,6,1.0,0,0.0,Islamic State of Iraq and the Levant (ISIL)
4290,0,0,0.0,1,0,3,2,477,0,6,0.0,1,0.0,African National Congress (South Africa)
4291,0,0,1.0,1,0,3,14,1327,0,6,7.0,-9,0.0,Houthi extremists (Ansar Allah)
4292,0,0,1.0,1,0,3,2,7230,0,6,1.0,1,0.0,Tupac Amaru Revolutionary Movement (MRTA)
4293,0,0,0.0,1,0,2,1,465,0,5,1.0,1,0.0,Tupac Amaru Revolutionary Movement (MRTA)
4294,0,0,0.0,1,0,5,1,4881,0,5,0.0,1,1.0,New People's Army (NPA)
4295,0,0,0.0,1,0,2,4,2670,0,5,3.0,1,0.0,Farabundo Marti National Liberation Front (FMLN)
4296,0,0,0.0,1,0,3,4,3905,0,6,7.0,1,0.0,Liberation Tigers of Tamil Eelam (LTTE)
4297,0,0,0.0,1,0,3,1,852,0,6,0.0,1,0.0,Tehrik-i-Taliban Pakistan (TTP)
4298,0,0,0.0,1,0,7,2,3624,0,5,0.0,1,0.0,Kurdistan Workers' Party (PKK)
4299,0,1,0.0,0,0,3,20,6,0,6,0.0,1,0.0,Maoists
4300,0,0,0.0,1,0,3,14,13,0,6,10.0,1,0.0,Taliban
4301,1,1,0.0,1,0,4,11,263,0,5,0.0,1,1.0,Abu Sayyaf Group (ASG)
4302,0,0,0.0,0,1,3,14,27,0,6,2.0,0,0.0,Islamic State of Iraq and the Levant (ISIL)
4303,0,0,0.0,1,0,7,19,1479,0,8,0.0,1,0.0,Basque Fatherland and Freedom (ETA)
4304,0,0,0.0,1,0,3,3,407,0,6,1.0,1,0.0,African National Congress (South Africa)
4305,0,0,1.0,1,0,3,14,205,0,6,0.0,-9,0.0,Donetsk People's Republic
4306,0,0,0.0,1,0,3,19,3348,0,6,0.0,1,0.0,Palestinians
4307,0,0,0.0,1,0,3,15,4113,0,6,0.0,1,0.0,Manuel Rodriguez Patriotic Front (FPMR)
4308,0,0,1.0,1,1,3,4,1816,0,6,4.0,0,0.0,Boko Haram
4309,0,0,0.0,1,0,2,2,6723,0,5,11.0,-9,0.0,Taliban
4310,0,0,0.0,1,0,3,14,584,0,6,0.0,1,0.0,African National Congress (South Africa)
4311,0,0,0.0,1,0,3,14,13,0,6,2.0,1,0.0,Al-Qaida in Iraq
4312,0,0,0.0,1,0,2,4,172,0,5,1.0,1,0.0,Islamic State of Iraq and the Levant (ISIL)
4313,0,0,0.0,1,0,3,1,2753,0,6,1.0,1,0.0,Shining Path (SL)
4314,0,0,0.0,1,0,3,19,233,0,6,0.0,1,0.0,National Liberation Army of Colombia (ELN)
4315,0,0,1.0,1,0,3,1,1769,0,6,0.0,1,0.0,Tupac Amaru Revolutionary Movement (MRTA)
4316,0,0,0.0,0,0,1,10,1236,0,5,0.0,0,0.0,Al-Shabaab
4317,0,0,0.0,1,0,2,14,908,0,5,1.0,0,0.0,Houthi extremists (Ansar Allah)
4318,0,0,1.0,1,0,3,14,13,0,6,1.0,0,0.0,Al-Qaida in Iraq
4319,0,0,0.0,0,0,3,4,48,0,6,0.0,0,0.0,Communist Party of India - Maoist (CPI-Maoist)
4320,0,0,0.0,1,0,2,14,6323,0,5,0.0,1,0.0,Shining Path (SL)
4321,0,0,0.0,1,0,2,4,2660,0,5,1.0,1,0.0,Nicaraguan Democratic Force (FDN)
4322,0,0,1.0,1,0,2,14,2915,0,9,2.0,0,0.0,Fulani extremists
4323,0,0,1.0,1,0,3,2,2363,0,6,0.0,1,0.0,Corsican National Liberation Front (FLNC)
4324,0,0,0.0,1,0,2,4,4591,0,5,1.0,0,0.0,Muslim extremists
4325,0,1,1.0,1,0,3,21,4117,0,6,0.0,1,0.0,Shining Path (SL)
4326,0,0,0.0,0,0,1,2,6843,0,5,1.0,-9,0.0,Taliban
4327,0,0,0.0,1,0,1,4,1592,0,5,1.0,0,0.0,Basque Fatherland and Freedom (ETA)
4328,0,0,0.0,1,0,2,4,161,0,5,0.0,0,0.0,Abu Sayyaf Group (ASG)
4329,0,1,0.0,1,0,3,14,5617,0,6,1.0,1,0.0,Palestinians
4330,0,1,0.0,1,0,3,4,48,0,6,1.0,-9,0.0,Donetsk People's Republic
4331,0,0,0.0,1,0,2,3,574,0,5,0.0,1,0.0,Irish Republican Army (IRA)
4332,0,0,0.0,1,0,3,4,5120,0,6,0.0,1,0.0,New People's Army (NPA)
4333,0,0,0.0,1,0,7,14,4880,0,8,0.0,1,0.0,National Liberation Army of Colombia (ELN)
4334,0,0,0.0,1,0,2,3,1017,0,5,1.0,1,0.0,Al-Qaida in the Arabian Peninsula (AQAP)
4335,0,0,1.0,1,0,3,14,1888,0,6,0.0,-9,0.0,Houthi extremists (Ansar Allah)
4336,0,0,0.0,0,0,2,14,5182,0,5,0.0,0,0.0,New People's Army (NPA)
4337,0,0,0.0,0,0,3,14,2954,0,6,0.0,0,0.0,Houthi extremists (Ansar Allah)
4338,0,0,0.0,1,0,2,14,6954,0,5,3.0,0,0.0,Tehrik-i-Taliban Pakistan (TTP)
4339,1,0,0.0,1,1,5,2,6733,0,6,14.0,1,1.0,Taliban
4340,0,0,0.0,1,0,3,14,27,0,6,0.0,-9,0.0,Houthi extremists (Ansar Allah)
4341,0,0,0.0,1,0,2,4,20,0,5,5.0,-9,0.0,Abu Sayyaf Group (ASG)
4342,0,0,0.0,1,0,1,20,5623,0,9,1.0,0,0.0,Palestinians
4343,0,0,1.0,1,0,3,1,3015,0,6,5.0,1,0.0,Houthi extremists (Ansar Allah)
4344,0,0,0.0,1,0,3,14,5612,0,6,1.0,1,0.0,Palestinians
4345,0,0,0.0,1,0,1,3,3573,0,5,1.0,0,0.0,Kurdistan Workers' Party (PKK)
4346,0,0,0.0,1,0,3,1,1687,0,6,0.0,1,0.0,Basque Fatherland and Freedom (ETA)
4347,0,1,0.0,1,0,3,4,48,0,6,3.0,0,0.0,Revolutionary Armed Forces of Colombia (FARC)
4348,0,0,0.0,1,0,3,4,6202,0,6,1.0,1,0.0,Shining Path (SL)
4349,0,0,0.0,1,0,3,2,56,0,6,3.0,0,0.0,Al-Qaida in the Arabian Peninsula (AQAP)
4350,0,0,1.0,1,0,3,18,158,0,6,0.0,1,0.0,Abu Sayyaf Group (ASG)
4351,0,0,0.0,1,0,3,14,2389,0,6,0.0,1,0.0,Corsican National Liberation Front (FLNC)
4352,0,0,1.0,1,0,2,4,20,0,5,1.0,-9,0.0,Al-Qaida in Iraq
4353,0,0,1.0,1,0,2,14,27,0,5,1.0,-9,0.0,Taliban
4354,0,0,0.0,1,0,1,17,993,0,5,4.0,0,0.0,Al-Qaida in the Arabian Peninsula (AQAP)
4355,0,0,1.0,1,0,3,14,6997,0,6,0.0,1,0.0,Tehrik-i-Taliban Pakistan (TTP)
4356,0,0,1.0,1,0,3,14,1327,0,6,3.0,-9,0.0,Muslim extremists
4357,1,0,0.0,1,0,6,15,2907,0,5,0.0,0,1.0,Fulani extremists
4358,0,0,0.0,1,0,3,6,6550,0,6,329.0,1,0.0,Sikh Extremists
4359,0,0,0.0,0,0,1,14,5531,0,9,0.0,0,0.0,Palestinians
4360,0,0,0.0,0,0,3,3,330,0,6,2.0,1,0.0,Tupac Amaru Revolutionary Movement (MRTA)
4361,0,0,0.0,1,1,3,4,744,0,6,3.0,1,0.0,Al-Qaida in Iraq
4362,0,0,0.0,1,0,2,14,2895,0,5,10.0,1,0.0,Fulani extremists
4363,0,0,0.0,1,0,2,3,3534,0,6,0.0,0,0.0,Kurdistan Workers' Party (PKK)
4364,0,0,0.0,1,0,6,21,4800,0,5,0.0,0,1.0,National Liberation Army of Colombia (ELN)
4365,0,0,1.0,1,0,2,14,1928,0,5,4.0,1,0.0,Fulani extremists
4366,0,0,0.0,1,0,2,14,5617,0,5,0.0,1,0.0,Palestinians
4367,0,0,0.0,1,0,3,4,48,0,6,1.0,0,0.0,Taliban
4368,0,0,0.0,1,0,1,2,6217,0,5,1.0,0,0.0,Shining Path (SL)
4369,0,0,0.0,1,0,2,4,2660,0,5,0.0,1,0.0,Shining Path (SL)
4370,0,0,0.0,1,0,3,4,5866,0,6,0.0,1,0.0,Revolutionary Armed Forces of Colombia (FARC)
4371,0,1,1.0,1,0,3,14,330,0,6,9.0,0,0.0,Al-Qaida in Iraq
4372,0,0,0.0,1,0,3,1,49,0,6,0.0,1,0.0,African National Congress (South Africa)
4373,0,0,0.0,1,0,3,3,563,0,6,4.0,1,0.0,African National Congress (South Africa)
4374,0,1,0.0,1,0,1,2,589,0,5,2.0,0,0.0,African National Congress (South Africa)
4375,0,0,0.0,1,0,3,4,162,0,6,0.0,0,0.0,Al-Shabaab
4376,0,1,0.0,1,0,3,4,1358,0,6,2.0,1,0.0,Al-Shabaab
4377,0,0,1.0,1,0,2,14,27,0,5,9.0,-9,0.0,Fulani extremists
4378,0,0,0.0,1,0,2,3,3195,0,5,1.0,1,0.0,Nicaraguan Democratic Force (FDN)
4379,0,0,0.0,1,0,7,8,3587,0,8,0.0,1,0.0,Kurdistan Workers' Party (PKK)
4380,0,0,0.0,1,0,2,3,20,0,5,3.0,0,0.0,Muslim extremists
4381,0,0,1.0,1,0,3,16,2106,0,6,0.0,1,0.0,Communist Party of India - Maoist (CPI-Maoist)
4382,0,0,0.0,1,0,2,17,2892,0,5,200.0,1,0.0,Fulani extremists
4383,0,0,0.0,1,0,3,21,546,0,6,0.0,0,0.0,African National Congress (South Africa)
4384,0,0,0.0,0,0,1,2,592,0,6,0.0,0,0.0,African National Congress (South Africa)
4385,0,0,0.0,1,0,3,19,499,0,6,0.0,1,0.0,Palestinians
4386,0,0,0.0,1,0,2,4,2660,0,5,58.0,1,0.0,Liberation Tigers of Tamil Eelam (LTTE)
4387,0,0,0.0,1,0,3,4,162,0,6,0.0,1,0.0,New People's Army (NPA)
4388,0,0,1.0,1,0,3,19,56,0,6,0.0,1,0.0,Tupac Amaru Revolutionary Movement (MRTA)
4389,0,0,1.0,1,0,7,14,27,0,8,1.0,1,0.0,Fulani extremists
4390,0,0,0.0,1,0,2,3,3554,0,5,0.0,1,0.0,Kurdistan Workers' Party (PKK)
4391,0,0,1.0,1,0,2,14,27,0,5,3.0,0,0.0,Fulani extremists
4392,0,1,0.0,1,0,2,3,85,0,5,6.0,0,0.0,Fulani extremists
4393,0,0,1.0,1,0,3,21,2680,0,6,0.0,1,0.0,Farabundo Marti National Liberation Front (FMLN)
4394,0,0,0.0,1,0,1,14,6431,0,5,1.0,0,0.0,Sikh Extremists
4395,0,0,0.0,0,0,6,2,92,0,5,2.0,0,0.0,Al-Qaida in the Arabian Peninsula (AQAP)
4396,0,0,0.0,1,0,3,8,6457,0,6,0.0,1,0.0,Sikh Extremists
4397,0,0,1.0,1,0,3,3,330,0,6,0.0,1,0.0,Al-Qaida in Iraq
4398,0,0,0.0,1,0,2,14,905,0,5,3.0,0,0.0,Communist Party of India - Maoist (CPI-Maoist)
4399,0,0,0.0,1,0,3,21,551,0,6,0.0,1,0.0,African National Congress (South Africa)
4400,0,0,0.0,1,0,3,3,172,0,6,2.0,1,0.0,Sikh Extremists
4401,0,0,0.0,1,0,3,2,2393,0,6,0.0,1,0.0,Corsican National Liberation Front (FLNC)
4402,0,0,0.0,1,0,2,1,6291,0,5,0.0,1,0.0,Shining Path (SL)
4403,0,0,0.0,1,0,2,14,13,1,9,1.0,0,0.0,Muslim extremists
4404,0,0,0.0,1,0,1,2,637,0,8,0.0,1,0.0,African National Congress (South Africa)
4405,0,0,0.0,1,0,2,4,4167,0,5,0.0,1,0.0,Manuel Rodriguez Patriotic Front (FPMR)
4406,1,0,0.0,1,0,6,8,22,0,5,0.0,0,1.0,Abu Sayyaf Group (ASG)
4407,0,1,0.0,1,0,3,4,5514,0,6,0.0,0,0.0,Palestinians
4408,1,0,0.0,1,0,6,14,10,0,5,0.0,0,1.0,Abu Sayyaf Group (ASG)
4409,1,0,0.0,1,0,6,1,4883,0,5,0.0,0,1.0,National Liberation Army of Colombia (ELN)
4410,0,0,0.0,1,0,7,4,1262,0,5,1.0,-9,0.0,Al-Shabaab
4411,0,0,0.0,0,0,2,14,2999,0,5,0.0,0,0.0,Houthi extremists (Ansar Allah)
4412,0,1,0.0,0,0,3,14,1812,0,6,0.0,0,0.0,Houthi extremists (Ansar Allah)
4413,0,0,1.0,1,0,2,14,27,0,5,1.0,1,0.0,Fulani extremists
4414,0,0,0.0,1,0,3,14,13,0,6,9.0,-9,0.0,Islamic State of Iraq and the Levant (ISIL)
4415,0,0,1.0,1,0,2,14,27,0,5,2.0,1,0.0,Fulani extremists
4416,0,1,0.0,1,0,2,4,2660,0,5,1.0,1,0.0,Nicaraguan Democratic Force (FDN)
4417,0,0,0.0,1,0,3,1,1682,0,6,0.0,1,0.0,Basque Fatherland and Freedom (ETA)
4418,0,0,0.0,1,0,3,3,3734,0,6,0.0,1,0.0,Liberation Tigers of Tamil Eelam (LTTE)
4419,0,0,0.0,1,0,1,2,6150,0,5,1.0,0,0.0,Shining Path (SL)
4420,0,1,0.0,1,0,2,3,893,0,5,4.0,1,0.0,Liberation Tigers of Tamil Eelam (LTTE)
4421,0,0,1.0,1,0,3,4,2989,0,6,1.0,-9,0.0,Houthi extremists (Ansar Allah)
4422,0,0,0.0,1,0,3,19,2955,0,6,0.0,1,0.0,Houthi extremists (Ansar Allah)
4423,0,0,1.0,1,0,2,14,13,0,5,2.0,0,0.0,Fulani extremists
4424,0,0,0.0,1,0,3,14,1292,0,6,0.0,-9,0.0,Houthi extremists (Ansar Allah)
4425,0,0,0.0,1,0,2,2,1882,0,5,1.0,0,0.0,Boko Haram
4426,0,0,0.0,1,0,3,2,1898,0,6,0.0,1,0.0,Boko Haram
4427,0,0,1.0,1,0,7,4,5546,0,8,0.0,1,0.0,Palestinians
4428,0,0,1.0,1,1,3,3,1963,0,6,4.0,1,0.0,Taliban
4429,0,0,1.0,1,0,2,4,268,0,5,1.0,0,0.0,Al-Qaida in Iraq
4430,0,0,0.0,1,0,3,14,6819,0,6,1.0,1,0.0,Taliban
4431,0,1,0.0,1,0,7,9,1305,0,8,0.0,1,0.0,Al-Shabaab
4432,0,0,0.0,1,0,3,1,2981,0,6,0.0,1,0.0,Houthi extremists (Ansar Allah)
4433,0,0,0.0,1,0,1,14,6520,0,5,2.0,0,0.0,Sikh Extremists
4434,0,0,0.0,1,0,2,2,2145,0,5,1.0,0,0.0,Communist Party of India - Maoist (CPI-Maoist)
4435,0,0,0.0,1,0,3,14,735,0,6,6.0,0,0.0,Muslim extremists
4436,0,0,0.0,1,0,2,14,2673,0,5,0.0,1,0.0,Farabundo Marti National Liberation Front (FMLN)
4437,0,0,0.0,1,0,1,3,5050,0,5,1.0,0,0.0,New People's Army (NPA)
4438,0,0,0.0,1,0,2,3,4688,0,5,1.0,0,0.0,Muslim extremists
4439,0,1,0.0,0,0,7,19,6180,0,5,3.0,1,0.0,Shining Path (SL)
4440,0,0,0.0,0,0,3,19,5565,0,6,0.0,1,0.0,Palestinians
4441,0,0,1.0,1,0,1,2,6568,0,5,1.0,0,0.0,Sikh Extremists
4442,0,0,0.0,1,0,1,4,2664,0,5,1.0,0,0.0,Farabundo Marti National Liberation Front (FMLN)
4443,0,0,0.0,0,0,1,2,1526,0,6,0.0,0,0.0,Basque Fatherland and Freedom (ETA)
4444,0,0,0.0,1,0,2,4,48,0,5,3.0,0,0.0,Abu Sayyaf Group (ASG)
4445,0,0,1.0,1,0,3,21,2710,0,6,0.0,1,0.0,Shining Path (SL)
4446,0,0,1.0,1,0,2,14,3086,0,5,0.0,0,0.0,Irish Republican Army (IRA)
4447,0,0,0.0,1,0,3,1,1632,0,6,0.0,1,0.0,Corsican National Liberation Front (FLNC)
4448,0,0,1.0,1,0,7,8,51,0,8,0.0,1,0.0,Kurdistan Workers' Party (PKK)
4449,0,0,1.0,1,0,2,4,48,0,6,0.0,-9,0.0,Donetsk People's Republic
4450,0,0,0.0,1,0,2,4,803,0,5,3.0,1,0.0,National Liberation Army of Colombia (ELN)
4451,0,0,1.0,1,0,3,4,2563,0,6,0.0,1,0.0,Donetsk People's Republic
4452,0,0,0.0,0,0,2,4,5089,0,5,0.0,0,0.0,New People's Army (NPA)
4453,0,0,0.0,1,0,2,14,2818,0,5,1.0,1,0.0,Farabundo Marti National Liberation Front (FMLN)
4454,0,0,0.0,1,0,3,14,1327,0,6,5.0,-9,0.0,Houthi extremists (Ansar Allah)
4455,0,0,1.0,1,0,3,21,2659,0,6,0.0,1,0.0,Farabundo Marti National Liberation Front (FMLN)
4456,0,0,1.0,1,0,3,3,85,0,6,0.0,-9,0.0,National Liberation Army of Colombia (ELN)
4457,1,1,1.0,1,0,6,11,127,0,5,1.0,1,1.0,Abu Sayyaf Group (ASG)
4458,0,0,0.0,1,0,3,7,6840,0,6,0.0,1,0.0,Taliban
4459,0,1,0.0,1,0,2,3,803,0,5,1.0,1,0.0,Sikh Extremists
4460,0,0,1.0,1,0,3,14,1257,0,6,0.0,1,0.0,Houthi extremists (Ansar Allah)
4461,0,0,0.0,1,0,3,1,4774,0,6,0.0,1,0.0,National Liberation Army of Colombia (ELN)
4462,0,0,1.0,1,0,3,14,1888,0,6,1.0,-9,0.0,Islamic State of Iraq and the Levant (ISIL)
4463,0,0,0.0,1,0,3,4,20,0,6,0.0,0,0.0,Al-Qaida in the Arabian Peninsula (AQAP)
4464,1,0,0.0,1,0,6,2,4950,0,5,0.0,0,1.0,National Liberation Army of Colombia (ELN)
4465,0,0,0.0,1,0,2,3,803,0,5,1.0,1,0.0,Sikh Extremists
4466,0,0,1.0,1,0,3,2,2353,0,6,0.0,1,0.0,Corsican National Liberation Front (FLNC)
4467,0,0,0.0,1,0,2,14,7200,0,5,1.0,1,0.0,Tupac Amaru Revolutionary Movement (MRTA)
4468,0,1,0.0,1,0,2,4,2660,0,5,4.0,1,0.0,Liberation Tigers of Tamil Eelam (LTTE)
4469,0,0,0.0,1,0,3,3,618,0,6,0.0,1,0.0,African National Congress (South Africa)
4470,0,0,0.0,1,0,3,2,2362,0,6,0.0,1,0.0,Corsican National Liberation Front (FLNC)
4471,0,0,0.0,1,1,3,15,318,0,6,3.0,1,0.0,Boko Haram
4472,0,0,0.0,1,0,2,8,5132,0,5,0.0,0,0.0,New People's Army (NPA)
4473,0,0,0.0,1,0,3,1,4211,0,6,0.0,1,0.0,Manuel Rodriguez Patriotic Front (FPMR)
4474,0,0,0.0,1,0,2,4,2690,0,5,0.0,1,0.0,Farabundo Marti National Liberation Front (FMLN)
4475,0,0,0.0,1,0,1,14,3094,0,5,1.0,0,0.0,Irish Republican Army (IRA)
4476,0,0,0.0,1,0,2,4,2762,0,5,0.0,1,0.0,Farabundo Marti National Liberation Front (FMLN)
4477,0,0,1.0,1,0,3,19,36,0,6,0.0,1,0.0,Abu Sayyaf Group (ASG)
4478,0,0,0.0,1,0,2,14,5362,0,5,8.0,1,0.0,Nicaraguan Democratic Force (FDN)
4479,0,0,1.0,1,0,3,3,816,0,6,21.0,1,0.0,Al-Qaida in Iraq
4480,0,0,1.0,1,0,2,3,85,0,5,3.0,0,0.0,Al-Qaida in Iraq
4481,0,0,0.0,1,0,3,21,4862,0,6,0.0,1,0.0,National Liberation Army of Colombia (ELN)
4482,0,0,0.0,1,1,3,2,219,0,6,3.0,1,0.0,Taliban
4483,0,1,0.0,1,0,3,14,3463,0,2,3.0,1,0.0,Islamic State of Iraq and the Levant (ISIL)
4484,0,0,0.0,1,0,3,3,4446,0,6,7.0,1,0.0,Sikh Extremists
4485,0,0,0.0,0,0,3,19,6299,0,6,0.0,1,0.0,Shining Path (SL)
4486,0,0,0.0,1,0,3,2,1090,0,6,0.0,1,0.0,Al-Qaida in the Arabian Peninsula (AQAP)
4487,0,1,0.0,1,0,3,19,561,0,6,0.0,1,0.0,African National Congress (South Africa)
4488,0,0,0.0,1,0,1,14,5876,0,5,8.0,0,0.0,Revolutionary Armed Forces of Colombia (FARC)
4489,0,0,1.0,1,1,3,17,305,0,6,1.0,0,0.0,Al-Qaida in the Arabian Peninsula (AQAP)
4490,0,0,0.0,1,0,2,4,803,0,5,6.0,1,0.0,Kurdistan Workers' Party (PKK)
4491,0,0,0.0,1,0,1,14,3848,0,5,4.0,0,0.0,Liberation Tigers of Tamil Eelam (LTTE)
4492,0,0,0.0,0,0,1,2,469,0,6,0.0,1,0.0,African National Congress (South Africa)
4493,0,0,1.0,1,0,2,3,6922,0,6,2.0,1,0.0,Tehrik-i-Taliban Pakistan (TTP)
4494,0,0,0.0,1,0,2,4,5937,0,5,1.0,0,0.0,Revolutionary Armed Forces of Colombia (FARC)
4495,0,0,0.0,1,0,2,14,5436,0,5,38.0,1,1.0,Nicaraguan Democratic Force (FDN)
4496,0,0,1.0,1,0,3,2,6247,0,6,0.0,1,0.0,Tupac Amaru Revolutionary Movement (MRTA)
4497,0,0,0.0,1,0,3,4,1069,0,6,13.0,1,0.0,Al-Qaida in the Arabian Peninsula (AQAP)
4498,0,0,1.0,1,0,3,15,1845,0,6,6.0,1,0.0,Boko Haram
4499,0,0,0.0,1,0,1,4,6275,0,5,1.0,0,0.0,Shining Path (SL)
4500,0,0,0.0,1,0,1,3,3586,0,5,1.0,0,0.0,Kurdistan Workers' Party (PKK)
4501,0,0,0.0,1,0,2,14,4388,0,5,1.0,0,0.0,Maoists
4502,0,0,0.0,1,0,3,2,456,0,6,3.0,1,0.0,African National Congress (South Africa)
4503,0,0,0.0,1,0,3,19,56,0,6,1.0,1,0.0,Sikh Extremists
4504,0,0,0.0,1,0,3,19,499,0,6,0.0,1,0.0,Palestinians
4505,0,0,0.0,1,0,2,3,523,0,5,1.0,1,0.0,Tupac Amaru Revolutionary Movement (MRTA)
4506,0,0,0.0,1,0,1,8,4914,0,5,1.0,0,0.0,National Liberation Army of Colombia (ELN)
4507,0,0,1.0,1,0,3,2,474,0,6,0.0,1,0.0,Al-Qaida in the Arabian Peninsula (AQAP)
4508,0,0,0.0,1,0,3,9,2582,0,6,0.0,0,0.0,Donetsk People's Republic
4509,0,0,0.0,1,0,2,4,5240,0,5,11.0,1,0.0,New People's Army (NPA)
4510,0,1,0.0,1,0,7,1,3650,0,8,0.0,1,0.0,Maoists
4511,0,0,0.0,1,0,3,2,474,0,6,0.0,1,0.0,Basque Fatherland and Freedom (ETA)
4512,0,0,0.0,1,0,7,8,5391,0,5,1.0,1,0.0,Nicaraguan Democratic Force (FDN)
4513,0,0,0.0,1,0,8,19,56,0,9,0.0,1,0.0,Palestinians
4514,0,0,1.0,1,0,1,2,6572,0,5,1.0,0,0.0,Sikh Extremists
4515,0,0,0.0,1,0,3,19,1998,0,6,0.0,1,0.0,Communist Party of India - Maoist (CPI-Maoist)
4516,0,0,0.0,1,0,2,14,144,0,5,5.0,0,0.0,Abu Sayyaf Group (ASG)
4517,0,0,0.0,1,0,2,4,2670,0,5,5.0,1,0.0,Farabundo Marti National Liberation Front (FMLN)
4518,1,0,1.0,1,0,6,14,13,0,5,1.0,0,1.0,Fulani extremists
4519,0,1,1.0,1,0,2,4,48,0,6,0.0,0,0.0,Donetsk People's Republic
4520,0,0,1.0,1,0,2,14,27,0,5,1.0,1,0.0,Fulani extremists
4521,0,0,0.0,1,0,2,14,6514,0,5,13.0,0,0.0,Sikh Extremists
4522,0,0,0.0,1,0,3,21,1325,0,6,1.0,1,0.0,Al-Shabaab
4523,1,0,0.0,1,0,2,2,1252,0,5,0.0,-9,1.0,Al-Shabaab
4524,0,0,0.0,1,0,1,19,1553,0,5,1.0,0,0.0,Basque Fatherland and Freedom (ETA)
4525,0,0,1.0,1,0,3,14,730,0,6,1.0,-9,0.0,Al-Qaida in Iraq
4526,0,0,1.0,1,0,2,19,56,0,8,0.0,1,0.0,Tupac Amaru Revolutionary Movement (MRTA)
4527,0,0,0.0,1,0,1,17,5931,0,5,1.0,0,0.0,Revolutionary Armed Forces of Colombia (FARC)
4528,1,0,0.0,1,0,6,14,13,0,5,20.0,0,1.0,Islamic State of Iraq and the Levant (ISIL)
4529,0,0,0.0,1,0,3,4,12,0,6,2.0,0,0.0,Revolutionary Armed Forces of Colombia (FARC)
4530,0,0,0.0,1,0,2,3,92,0,5,1.0,0,0.0,Al-Qaida in the Arabian Peninsula (AQAP)
4531,0,0,0.0,1,0,3,4,15,0,6,0.0,0,0.0,Abu Sayyaf Group (ASG)
4532,0,0,0.0,1,0,2,4,2660,0,5,16.0,1,0.0,Nicaraguan Democratic Force (FDN)
4533,0,0,0.0,1,0,3,14,3219,0,6,1.0,1,0.0,Irish Republican Army (IRA)
4534,0,0,0.0,1,0,3,2,4180,0,6,0.0,1,0.0,Manuel Rodriguez Patriotic Front (FPMR)
4535,0,0,1.0,1,0,2,4,402,0,5,2.0,-9,0.0,Al-Shabaab
4536,0,0,0.0,1,0,3,14,5720,0,6,1.0,1,0.0,Palestinians
4537,0,0,0.0,1,0,2,1,6127,0,5,0.0,1,0.0,Shining Path (SL)
4538,0,0,0.0,1,0,1,14,6574,0,5,1.0,0,0.0,Sikh Extremists
4539,0,0,0.0,1,0,3,14,590,0,6,0.0,1,0.0,African National Congress (South Africa)
4540,0,0,1.0,1,0,3,14,13,0,6,5.0,-9,0.0,Islamic State of Iraq and the Levant (ISIL)
4541,0,0,0.0,1,0,2,1,544,0,5,1.0,1,0.0,African National Congress (South Africa)
4542,0,0,1.0,1,0,3,14,1327,0,6,0.0,-9,0.0,Muslim extremists
4543,0,0,0.0,1,0,2,4,2755,0,5,0.0,1,0.0,Farabundo Marti National Liberation Front (FMLN)
4544,0,0,0.0,1,0,7,4,402,0,5,3.0,1,0.0,Donetsk People's Republic
4545,0,0,1.0,1,0,3,14,2589,0,6,4.0,-9,0.0,Houthi extremists (Ansar Allah)
4546,0,0,1.0,1,0,3,1,196,0,6,1.0,-9,0.0,Abu Sayyaf Group (ASG)
4547,0,0,1.0,1,0,3,1,755,0,6,23.0,1,0.0,Al-Qaida in Iraq
4548,0,0,0.0,1,0,2,4,2958,0,5,36.0,0,0.0,Taliban
4549,0,0,0.0,1,0,3,3,1421,0,6,0.0,1,0.0,Basque Fatherland and Freedom (ETA)
4550,0,0,0.0,0,0,3,4,1061,0,6,0.0,0,0.0,Al-Qaida in the Arabian Peninsula (AQAP)
4551,1,0,1.0,1,0,2,3,20,0,5,1.0,1,-9.0,Taliban
4552,0,1,0.0,1,0,2,4,48,0,6,10.0,0,0.0,Boko Haram
4553,0,0,0.0,1,0,2,4,1033,0,5,1.0,-9,0.0,Al-Shabaab
4554,0,1,0.0,1,0,3,1,178,0,6,0.0,1,0.0,Abu Sayyaf Group (ASG)
4555,0,0,1.0,1,0,3,20,6,0,6,1.0,0,0.0,Al-Qaida in Iraq
4556,0,1,0.0,1,0,7,19,6013,0,8,0.0,1,0.0,Revolutionary Armed Forces of Colombia (FARC)
4557,0,0,0.0,1,0,3,1,2112,0,6,5.0,0,0.0,Communist Party of India - Maoist (CPI-Maoist)
4558,0,0,0.0,1,0,3,21,4215,0,6,0.0,1,0.0,Manuel Rodriguez Patriotic Front (FPMR)
4559,0,0,1.0,1,0,3,21,2659,0,6,0.0,1,0.0,Farabundo Marti National Liberation Front (FMLN)
4560,0,0,1.0,1,0,3,14,730,0,6,25.0,-9,0.0,Boko Haram
4561,0,0,0.0,0,0,3,20,6,0,6,0.0,0,0.0,Abu Sayyaf Group (ASG)
4562,0,0,0.0,1,0,3,21,4195,0,6,0.0,1,0.0,Manuel Rodriguez Patriotic Front (FPMR)
4563,0,0,0.0,1,0,2,4,1051,0,5,0.0,1,0.0,Al-Qaida in the Arabian Peninsula (AQAP)
4564,0,0,1.0,1,0,3,1,1077,0,6,0.0,1,0.0,Tupac Amaru Revolutionary Movement (MRTA)
4565,0,0,0.0,1,0,2,4,3536,0,5,2.0,1,0.0,Kurdistan Workers' Party (PKK)
4566,0,0,0.0,1,0,2,14,4436,0,5,1.0,-9,0.0,Maoists
4567,0,0,0.0,1,0,3,2,6528,0,6,0.0,1,0.0,Sikh Extremists
4568,0,0,0.0,1,0,7,1,3547,0,8,0.0,1,0.0,Kurdistan Workers' Party (PKK)
4569,0,0,1.0,1,0,3,14,796,0,6,0.0,0,0.0,Al-Qaida in Iraq
4570,0,0,0.0,1,0,3,4,7295,0,6,0.0,1,0.0,Tupac Amaru Revolutionary Movement (MRTA)
4571,0,0,0.0,1,0,3,1,1322,0,6,11.0,1,0.0,Al-Shabaab
4572,0,1,0.0,0,0,2,4,2571,0,5,0.0,0,0.0,Donetsk People's Republic
4573,0,0,1.0,1,0,2,3,3840,0,5,0.0,1,0.0,Manuel Rodriguez Patriotic Front (FPMR)
4574,0,0,0.0,1,0,3,3,3120,0,6,1.0,1,0.0,Irish Republican Army (IRA)
4575,0,0,0.0,1,0,3,14,13,0,6,0.0,1,0.0,Revolutionary Armed Forces of Colombia (FARC)
4576,0,0,0.0,1,0,3,1,4932,0,6,0.0,1,0.0,National Liberation Army of Colombia (ELN)
4577,0,0,1.0,1,0,2,19,56,0,8,0.0,1,0.0,Manuel Rodriguez Patriotic Front (FPMR)
4578,0,0,0.0,1,0,2,12,168,0,5,0.0,1,0.0,Abu Sayyaf Group (ASG)
4579,0,0,1.0,1,0,3,1,1077,0,6,0.0,1,0.0,Shining Path (SL)
4580,0,0,0.0,1,0,3,4,4919,0,6,0.0,1,0.0,National Liberation Army of Colombia (ELN)
4581,0,0,1.0,1,0,2,19,56,0,8,0.0,1,0.0,Shining Path (SL)
4582,0,0,0.0,1,1,3,1,3456,0,6,12.0,1,0.0,Islamic State of Iraq and the Levant (ISIL)
4583,0,0,0.0,1,0,2,3,3606,0,5,3.0,1,0.0,Kurdistan Workers' Party (PKK)
4584,0,0,0.0,1,1,3,3,12,0,6,10.0,1,0.0,Al-Qaida in Iraq
4585,0,0,0.0,1,0,3,2,4609,0,6,0.0,1,0.0,Muslim extremists
4586,0,0,0.0,1,0,2,14,4470,0,5,0.0,-9,0.0,Maoists
4587,0,0,1.0,1,0,3,1,831,0,6,5.0,-9,0.0,Al-Qaida in Iraq
4588,0,0,0.0,1,0,1,14,3133,0,5,1.0,0,0.0,Irish Republican Army (IRA)
4589,0,0,0.0,1,0,2,17,20,0,6,10.0,0,0.0,Kurdistan Workers' Party (PKK)
4590,0,0,0.0,1,0,3,2,1465,0,6,0.0,1,0.0,Basque Fatherland and Freedom (ETA)
4591,0,0,0.0,1,0,3,14,2397,0,6,0.0,1,0.0,Corsican National Liberation Front (FLNC)
4592,0,0,0.0,1,0,3,3,3509,0,6,0.0,1,0.0,Sikh Extremists
4593,0,0,0.0,1,1,3,14,3465,0,6,12.0,1,0.0,Islamic State of Iraq and the Levant (ISIL)
4594,0,0,0.0,1,0,2,4,803,0,5,19.0,1,0.0,Kurdistan Workers' Party (PKK)
4595,0,0,1.0,1,0,2,14,13,0,5,4.0,0,0.0,Fulani extremists
4596,0,0,0.0,1,0,3,21,4785,0,6,0.0,1,0.0,National Liberation Army of Colombia (ELN)
4597,0,0,1.0,1,0,2,14,27,0,5,6.0,1,0.0,Fulani extremists
4598,0,0,1.0,1,0,3,21,2745,0,6,1.0,1,0.0,Farabundo Marti National Liberation Front (FMLN)
4599,0,1,0.0,1,0,3,1,568,0,6,0.0,1,0.0,African National Congress (South Africa)
4600,0,0,0.0,1,0,3,3,899,0,6,0.0,1,0.0,Manuel Rodriguez Patriotic Front (FPMR)
4601,0,0,0.0,1,0,2,3,2178,0,5,5.0,0,0.0,Communist Party of India - Maoist (CPI-Maoist)
4602,0,0,0.0,1,0,1,3,1420,0,5,1.0,0,0.0,Basque Fatherland and Freedom (ETA)
4603,0,0,0.0,1,0,6,14,4395,0,5,1.0,-9,1.0,Maoists
4604,0,0,0.0,1,0,7,19,701,0,8,0.0,1,0.0,Donetsk People's Republic
4605,0,0,0.0,1,0,2,4,2670,0,5,1.0,1,0.0,Farabundo Marti National Liberation Front (FMLN)
4606,0,0,1.0,0,1,3,14,27,0,6,3.0,0,0.0,Islamic State of Iraq and the Levant (ISIL)
4607,0,0,0.0,1,0,7,1,3110,0,8,0.0,1,0.0,Irish Republican Army (IRA)
4608,0,0,1.0,1,0,3,14,13,0,6,2.0,0,0.0,Al-Qaida in Iraq
4609,0,0,0.0,1,0,1,14,5613,0,5,1.0,0,0.0,Palestinians
4610,0,0,0.0,1,0,3,14,1327,0,6,0.0,1,0.0,Islamic State of Iraq and the Levant (ISIL)
4611,0,0,0.0,0,0,3,4,48,0,6,0.0,0,0.0,Maoists
4612,0,0,1.0,1,0,3,7,828,0,6,1.0,1,0.0,Al-Qaida in Iraq
4613,0,0,0.0,0,0,3,14,2367,0,6,0.0,0,0.0,Corsican National Liberation Front (FLNC)
4614,1,0,1.0,1,0,6,14,13,0,5,1.0,0,1.0,Islamic State of Iraq and the Levant (ISIL)
4615,0,0,0.0,1,0,3,2,1135,0,6,2.0,1,0.0,Liberation Tigers of Tamil Eelam (LTTE)
4616,0,0,0.0,0,0,3,20,6,0,6,0.0,0,0.0,Kurdistan Workers' Party (PKK)
4617,0,0,1.0,1,0,7,2,4340,0,5,0.0,-9,0.0,Maoists
4618,0,0,0.0,0,0,3,1,6480,0,6,2.0,1,0.0,Sikh Extremists
4619,0,0,0.0,1,1,3,2,1355,0,6,11.0,1,0.0,Al-Shabaab
4620,0,1,0.0,1,0,3,4,5516,0,6,7.0,1,0.0,Palestinians
4621,0,0,0.0,1,0,2,4,803,0,5,1.0,1,0.0,Kurdistan Workers' Party (PKK)
4622,0,0,0.0,1,0,2,4,912,0,5,4.0,1,0.0,New People's Army (NPA)
4623,0,0,0.0,0,0,2,4,48,0,5,0.0,0,0.0,Taliban
4624,0,0,0.0,1,0,2,4,2660,0,5,1.0,1,0.0,Farabundo Marti National Liberation Front (FMLN)
4625,0,0,1.0,1,0,3,21,2778,0,6,0.0,1,0.0,Farabundo Marti National Liberation Front (FMLN)
4626,0,0,1.0,1,0,3,21,2710,0,6,0.0,1,0.0,Shining Path (SL)
4627,0,0,0.0,1,0,2,4,4602,0,5,10.0,0,0.0,Muslim extremists
4628,0,0,0.0,1,0,3,21,4216,0,6,1.0,1,0.0,Manuel Rodriguez Patriotic Front (FPMR)
4629,0,0,0.0,1,0,2,2,874,0,5,2.0,0,0.0,Al-Qaida in Iraq
4630,0,1,0.0,1,0,3,4,2560,0,6,0.0,-9,0.0,Donetsk People's Republic
4631,1,1,0.0,1,0,6,14,2588,0,5,0.0,0,1.0,Donetsk People's Republic
4632,1,0,0.0,1,0,6,8,2971,0,5,0.0,0,1.0,Houthi extremists (Ansar Allah)
4633,0,0,0.0,1,0,1,4,1255,0,6,1.0,1,0.0,Al-Shabaab
4634,0,1,1.0,1,0,3,9,4586,0,6,0.0,-9,0.0,Muslim extremists
4635,0,0,0.0,1,0,2,4,20,0,6,2.0,-9,0.0,Al-Shabaab
4636,0,1,0.0,1,0,3,16,1690,0,6,0.0,1,0.0,Basque Fatherland and Freedom (ETA)
4637,0,0,1.0,1,0,3,14,2589,0,6,1.0,-9,0.0,Houthi extremists (Ansar Allah)
4638,0,0,0.0,1,0,3,10,1285,0,6,4.0,1,0.0,Al-Shabaab
4639,0,0,0.0,1,0,3,8,2372,0,6,0.0,1,0.0,Corsican National Liberation Front (FLNC)
4640,0,0,0.0,1,0,3,3,1600,0,5,0.0,1,0.0,Manuel Rodriguez Patriotic Front (FPMR)
4641,0,0,0.0,1,0,3,4,5883,0,6,31.0,1,0.0,Revolutionary Armed Forces of Colombia (FARC)
4642,0,0,0.0,1,0,2,14,5412,0,5,2.0,1,0.0,Nicaraguan Democratic Force (FDN)
4643,0,0,0.0,0,0,3,1,1077,0,6,0.0,1,0.0,Corsican National Liberation Front (FLNC)
4644,0,0,0.0,1,0,2,4,2563,0,6,201.0,-9,0.0,Donetsk People's Republic
4645,0,0,0.0,1,0,2,3,3840,0,5,7.0,1,0.0,Liberation Tigers of Tamil Eelam (LTTE)
4646,0,0,0.0,1,0,3,3,4096,0,6,0.0,1,0.0,Manuel Rodriguez Patriotic Front (FPMR)
4647,0,0,1.0,1,1,3,4,48,0,6,2.0,1,0.0,Islamic State of Iraq and the Levant (ISIL)
4648,0,0,0.0,1,0,3,19,56,0,6,1.0,1,0.0,Sikh Extremists
4649,0,0,0.0,1,0,2,4,3246,0,5,1.0,1,0.0,Irish Republican Army (IRA)
4650,0,0,0.0,1,0,3,19,3531,0,6,4.0,-9,0.0,Kurdistan Workers' Party (PKK)
4651,0,0,0.0,1,0,3,14,6173,0,6,1.0,1,0.0,Shining Path (SL)
4652,0,0,0.0,1,0,2,3,6462,0,5,3.0,1,0.0,Sikh Extremists
4653,0,0,1.0,1,0,3,2,801,0,6,0.0,1,0.0,Corsican National Liberation Front (FLNC)
4654,0,0,0.0,1,0,2,3,6526,0,5,3.0,1,0.0,Sikh Extremists
4655,0,0,0.0,1,0,5,1,2110,0,5,0.0,1,1.0,Maoists
4656,0,0,0.0,1,0,7,1,5039,0,8,0.0,1,0.0,New People's Army (NPA)
4657,0,0,1.0,1,0,7,14,27,0,8,1.0,1,0.0,Fulani extremists
4658,0,0,0.0,1,0,3,1,7319,0,6,0.0,1,0.0,Tupac Amaru Revolutionary Movement (MRTA)
4659,0,0,0.0,1,0,2,4,4,0,5,3.0,0,0.0,Abu Sayyaf Group (ASG)
4660,0,0,0.0,1,0,2,14,6725,0,5,1.0,0,0.0,Taliban
4661,0,0,0.0,1,0,7,16,5068,0,8,0.0,1,0.0,New People's Army (NPA)
4662,0,0,0.0,1,0,3,14,2589,0,6,1.0,1,0.0,Houthi extremists (Ansar Allah)
4663,0,1,0.0,1,0,2,4,5527,0,8,0.0,0,0.0,Palestinians
4664,0,0,1.0,1,0,3,21,1575,0,6,0.0,1,0.0,Farabundo Marti National Liberation Front (FMLN)
4665,0,0,0.0,1,0,2,14,1327,0,6,12.0,1,0.0,Houthi extremists (Ansar Allah)
4666,0,0,0.0,1,0,3,3,12,0,6,0.0,1,0.0,New People's Army (NPA)
4667,0,1,0.0,1,0,3,4,803,0,6,0.0,1,0.0,Palestinians
4668,0,0,0.0,1,0,2,3,692,0,5,0.0,0,0.0,Maoists
4669,0,0,0.0,0,0,3,8,51,0,6,0.0,0,0.0,Abu Sayyaf Group (ASG)
4670,0,1,0.0,0,1,3,6,498,0,6,18.0,0,0.0,Islamic State of Iraq and the Levant (ISIL)
4671,0,0,0.0,0,0,3,3,4099,0,6,3.0,1,0.0,Manuel Rodriguez Patriotic Front (FPMR)
4672,0,0,0.0,1,0,1,2,6270,0,5,1.0,0,0.0,Shining Path (SL)
4673,0,0,0.0,1,0,3,7,404,1,6,0.0,1,0.0,Muslim extremists
4674,1,0,0.0,1,0,6,1,53,0,5,0.0,0,1.0,Abu Sayyaf Group (ASG)
4675,0,0,0.0,1,1,3,13,885,0,6,8.0,1,0.0,Al-Qaida in Iraq
4676,0,0,0.0,1,0,2,1,112,0,5,2.0,0,0.0,Kurdistan Workers' Party (PKK)
4677,0,0,0.0,1,0,3,2,6199,0,6,1.0,1,0.0,Shining Path (SL)
4678,0,0,0.0,1,0,2,4,5088,0,5,1.0,0,0.0,New People's Army (NPA)
4679,0,0,0.0,1,0,3,1,1621,0,6,0.0,1,0.0,Basque Fatherland and Freedom (ETA)
4680,0,0,0.0,1,0,6,14,5207,0,5,1.0,0,1.0,New People's Army (NPA)
4681,0,0,0.0,1,0,2,14,6026,0,5,5.0,0,1.0,Revolutionary Armed Forces of Colombia (FARC)
4682,0,0,0.0,1,0,3,1,180,0,6,0.0,1,0.0,Abu Sayyaf Group (ASG)
4683,0,0,1.0,1,0,3,16,2174,0,6,0.0,1,0.0,Communist Party of India - Maoist (CPI-Maoist)
4684,0,0,1.0,1,0,2,14,27,0,5,1.0,1,0.0,Fulani extremists
4685,0,0,0.0,1,1,3,2,806,0,6,68.0,1,0.0,Al-Qaida in Iraq
4686,0,0,0.0,1,0,1,3,6258,0,5,0.0,0,0.0,Shining Path (SL)
4687,0,0,0.0,0,0,3,2,4189,0,6,0.0,1,0.0,Manuel Rodriguez Patriotic Front (FPMR)
4688,0,0,0.0,1,0,2,14,4309,0,9,1.0,0,0.0,Maoists
4689,0,1,0.0,1,0,3,2,5405,0,6,2.0,1,0.0,Nicaraguan Democratic Force (FDN)
4690,0,0,0.0,1,0,2,4,2660,0,5,34.0,1,0.0,Nicaraguan Democratic Force (FDN)
4691,0,0,0.0,0,0,3,4,3183,0,6,0.0,1,0.0,Irish Republican Army (IRA)
4692,0,0,0.0,0,0,3,19,2617,0,6,0.0,0,0.0,Maoists
4693,0,0,0.0,1,0,2,3,305,0,5,0.0,1,0.0,Maoists
4694,0,0,0.0,1,0,3,3,1012,0,6,0.0,1,0.0,Al-Qaida in the Arabian Peninsula (AQAP)
4695,0,0,0.0,0,0,1,4,3263,0,6,0.0,0,0.0,Irish Republican Army (IRA)
4696,0,0,0.0,1,0,2,1,1306,0,5,1.0,0,0.0,Al-Shabaab
4697,0,0,0.0,1,0,2,4,48,0,5,1.0,0,0.0,Boko Haram
4698,0,0,0.0,1,0,2,4,2660,0,5,2.0,1,0.0,Nicaraguan Democratic Force (FDN)
4699,0,0,0.0,1,1,3,2,877,0,6,8.0,-9,0.0,Al-Qaida in Iraq
4700,0,0,1.0,1,0,3,11,7323,0,6,1.0,1,0.0,Tupac Amaru Revolutionary Movement (MRTA)
4701,0,0,0.0,1,0,1,4,3223,0,5,1.0,0,0.0,Irish Republican Army (IRA)
4702,0,0,0.0,1,0,2,4,3287,0,5,2.0,0,0.0,Irish Republican Army (IRA)
4703,0,0,1.0,1,1,3,17,219,0,6,5.0,1,0.0,Al-Qaida in the Arabian Peninsula (AQAP)
4704,0,0,0.0,1,0,2,14,27,0,5,1.0,1,0.0,Boko Haram
4705,0,0,0.0,0,0,3,1,1566,0,6,0.0,0,0.0,Basque Fatherland and Freedom (ETA)
4706,0,0,0.0,1,0,2,3,681,0,5,9.0,1,0.0,Tupac Amaru Revolutionary Movement (MRTA)
4707,0,0,0.0,1,1,3,3,783,0,6,1.0,0,0.0,Al-Qaida in Iraq
4708,0,0,0.0,1,0,3,10,3900,0,6,1.0,-9,0.0,Liberation Tigers of Tamil Eelam (LTTE)
4709,0,0,0.0,1,0,1,3,1007,0,6,1.0,1,0.0,Al-Qaida in the Arabian Peninsula (AQAP)
4710,0,0,0.0,1,0,3,14,3739,0,6,8.0,1,0.0,Liberation Tigers of Tamil Eelam (LTTE)
4711,0,0,0.0,1,0,3,19,7259,0,6,0.0,1,0.0,Tupac Amaru Revolutionary Movement (MRTA)
4712,0,0,1.0,1,0,3,3,5208,0,6,0.0,1,0.0,New People's Army (NPA)
4713,0,0,0.0,1,0,2,14,3803,0,5,1.0,0,0.0,Liberation Tigers of Tamil Eelam (LTTE)
4714,0,0,1.0,1,0,1,8,7296,0,5,1.0,0,0.0,Tupac Amaru Revolutionary Movement (MRTA)
4715,0,0,0.0,1,0,3,3,458,0,6,1.0,1,0.0,African National Congress (South Africa)
4716,0,0,0.0,1,0,3,3,92,0,6,2.0,-9,0.0,Islamic State of Iraq and the Levant (ISIL)
4717,0,0,0.0,1,0,3,16,1647,0,6,0.0,1,0.0,Basque Fatherland and Freedom (ETA)
4718,0,0,0.0,1,0,2,4,2670,0,5,6.0,1,0.0,Nicaraguan Democratic Force (FDN)
4719,0,0,1.0,0,0,7,1,2553,0,8,0.0,1,0.0,Irish Republican Army (IRA)
4720,0,0,0.0,1,0,3,14,13,0,6,0.0,-9,0.0,Taliban
4721,0,0,1.0,1,0,3,1,1077,0,6,0.0,1,0.0,Tupac Amaru Revolutionary Movement (MRTA)
4722,0,0,0.0,1,0,1,14,5497,0,9,1.0,0,0.0,Palestinians
4723,0,0,0.0,1,0,2,14,13,0,5,1.0,0,0.0,Houthi extremists (Ansar Allah)
4724,0,0,0.0,1,0,2,4,681,0,5,0.0,1,0.0,Farabundo Marti National Liberation Front (FMLN)
4725,0,0,0.0,1,0,2,4,2670,0,5,0.0,1,0.0,Shining Path (SL)
4726,0,0,0.0,1,0,3,4,2560,0,6,0.0,-9,0.0,Donetsk People's Republic
4727,1,0,0.0,1,0,6,14,13,0,5,2.0,0,1.0,Taliban
4728,0,0,1.0,1,0,3,1,4773,0,6,0.0,1,0.0,National Liberation Army of Colombia (ELN)
4729,0,0,0.0,1,0,3,3,85,0,6,3.0,0,0.0,Taliban
4730,0,1,0.0,1,0,2,3,2209,0,5,0.0,0,0.0,Communist Party of India - Maoist (CPI-Maoist)
4731,0,0,1.0,1,0,3,14,1332,0,6,0.0,-9,0.0,Muslim extremists
4732,0,0,0.0,1,0,3,14,2482,0,6,0.0,1,0.0,Corsican National Liberation Front (FLNC)
4733,0,0,1.0,1,0,3,3,175,0,6,0.0,1,0.0,Kurdistan Workers' Party (PKK)
4734,0,0,0.0,1,0,1,4,1430,0,5,1.0,0,0.0,Basque Fatherland and Freedom (ETA)
4735,0,0,0.0,0,0,3,14,730,0,6,0.0,0,0.0,Muslim extremists
4736,0,0,0.0,1,0,2,4,2660,0,5,3.0,1,0.0,Liberation Tigers of Tamil Eelam (LTTE)
4737,0,0,1.0,1,0,3,21,4108,0,6,0.0,1,0.0,Manuel Rodriguez Patriotic Front (FPMR)
4738,0,0,0.0,1,0,3,14,5361,0,5,0.0,1,0.0,Nicaraguan Democratic Force (FDN)
4739,0,1,0.0,1,0,2,4,803,0,5,30.0,1,0.0,Nicaraguan Democratic Force (FDN)
4740,0,0,0.0,1,0,2,1,5380,0,5,16.0,1,0.0,Nicaraguan Democratic Force (FDN)
4741,0,0,0.0,0,0,3,8,51,0,6,0.0,1,0.0,Palestinians
4742,0,0,0.0,1,0,3,1,1008,0,6,0.0,1,0.0,Houthi extremists (Ansar Allah)
4743,0,0,0.0,1,0,3,8,6965,0,6,0.0,1,0.0,Tehrik-i-Taliban Pakistan (TTP)
4744,0,0,0.0,1,0,3,2,785,0,6,2.0,-9,0.0,Al-Qaida in Iraq
4745,0,0,0.0,1,0,3,19,56,0,6,0.0,1,0.0,Palestinians
4746,0,0,1.0,1,0,2,3,20,0,5,4.0,0,0.0,Tehrik-i-Taliban Pakistan (TTP)
4747,0,0,0.0,1,0,2,3,92,0,5,1.0,0,0.0,Muslim extremists
4748,0,0,0.0,1,0,2,4,1664,0,5,0.0,1,1.0,Basque Fatherland and Freedom (ETA)
4749,0,0,1.0,0,0,3,19,1490,0,6,0.0,0,0.0,Basque Fatherland and Freedom (ETA)
4750,0,0,0.0,1,0,2,19,5841,0,5,4.0,1,0.0,Revolutionary Armed Forces of Colombia (FARC)
4751,0,0,0.0,1,0,1,2,1319,0,6,1.0,1,0.0,Al-Shabaab
4752,0,0,1.0,1,0,2,17,2958,0,6,0.0,-9,0.0,Houthi extremists (Ansar Allah)
4753,0,0,1.0,1,0,3,14,1327,0,6,2.0,-9,0.0,Muslim extremists
4754,0,0,0.0,1,0,3,1,423,0,6,0.0,1,0.0,African National Congress (South Africa)
4755,0,0,0.0,1,0,2,3,4058,0,5,0.0,1,0.0,Manuel Rodriguez Patriotic Front (FPMR)
4756,0,0,0.0,0,0,3,14,429,0,6,0.0,1,0.0,Palestinians
4757,0,0,0.0,1,0,2,3,2958,0,6,3.0,0,0.0,Houthi extremists (Ansar Allah)
4758,0,0,0.0,1,0,2,22,305,0,5,17.0,0,0.0,African National Congress (South Africa)
4759,0,1,0.0,1,0,6,4,7077,0,5,1.0,0,1.0,Tehrik-i-Taliban Pakistan (TTP)
4760,0,0,0.0,1,0,3,2,4153,0,6,0.0,1,0.0,Manuel Rodriguez Patriotic Front (FPMR)
4761,0,0,0.0,1,0,3,14,3752,0,6,8.0,1,0.0,Liberation Tigers of Tamil Eelam (LTTE)
4762,0,0,0.0,1,0,3,17,6731,0,6,4.0,1,0.0,Taliban
4763,0,0,0.0,1,0,2,3,5221,0,5,3.0,0,0.0,New People's Army (NPA)
4764,0,0,0.0,1,0,7,1,1077,0,8,0.0,1,0.0,Basque Fatherland and Freedom (ETA)
4765,0,0,1.0,1,0,3,14,16,0,6,3.0,1,0.0,Abu Sayyaf Group (ASG)
4766,0,0,0.0,1,1,3,3,3494,0,6,3.0,0,0.0,Islamic State of Iraq and the Levant (ISIL)
4767,0,0,1.0,1,0,3,1,1557,0,6,0.0,1,0.0,Corsican National Liberation Front (FLNC)
4768,0,0,0.0,1,0,2,4,2690,0,5,0.0,1,0.0,Farabundo Marti National Liberation Front (FMLN)
4769,0,0,0.0,1,0,3,19,4766,0,6,0.0,1,0.0,National Liberation Army of Colombia (ELN)
4770,0,0,0.0,1,0,6,14,2150,0,5,1.0,0,1.0,Communist Party of India - Maoist (CPI-Maoist)
4771,0,0,0.0,1,0,2,3,523,0,5,3.0,1,0.0,Sikh Extremists
4772,0,0,1.0,1,0,2,14,205,0,5,1.0,-9,0.0,Boko Haram
4773,0,0,1.0,1,0,3,1,1188,0,6,0.0,1,0.0,Corsican National Liberation Front (FLNC)
4774,0,0,0.0,1,0,2,4,803,0,5,0.0,1,0.0,Nicaraguan Democratic Force (FDN)
4775,0,0,0.0,1,0,2,3,893,0,5,1.0,1,0.0,Shining Path (SL)
4776,0,0,1.0,1,0,2,14,27,0,5,6.0,1,0.0,Boko Haram
4777,0,0,0.0,1,0,1,14,3792,0,5,3.0,0,0.0,Liberation Tigers of Tamil Eelam (LTTE)
4778,0,0,0.0,1,0,2,4,2660,0,5,2.0,1,0.0,Revolutionary Armed Forces of Colombia (FARC)
4779,0,0,0.0,1,0,2,14,1491,0,8,0.0,1,0.0,Basque Fatherland and Freedom (ETA)
4780,0,0,0.0,1,0,3,8,7091,0,6,0.0,1,0.0,Tehrik-i-Taliban Pakistan (TTP)
4781,0,0,0.0,0,1,3,2,7060,0,6,0.0,0,0.0,Tehrik-i-Taliban Pakistan (TTP)
4782,0,0,0.0,1,0,1,2,1312,0,5,1.0,1,0.0,Al-Shabaab
4783,0,0,0.0,1,0,2,14,27,0,5,15.0,1,0.0,Fulani extremists
4784,0,0,1.0,1,0,2,14,27,0,5,6.0,1,0.0,Fulani extremists
4785,0,0,0.0,1,0,1,2,1129,0,5,1.0,0,0.0,Al-Qaida in the Arabian Peninsula (AQAP)
4786,0,0,1.0,1,0,3,1,1661,0,6,0.0,1,0.0,Basque Fatherland and Freedom (ETA)
4787,0,0,0.0,1,0,2,14,330,0,8,0.0,1,0.0,Basque Fatherland and Freedom (ETA)
4788,0,0,1.0,1,0,3,1,2384,0,6,0.0,1,0.0,Irish Republican Army (IRA)
4789,0,0,0.0,1,0,3,1,4245,0,6,0.0,1,0.0,Tupac Amaru Revolutionary Movement (MRTA)
4790,0,0,1.0,0,0,3,14,2358,0,6,0.0,0,0.0,Corsican National Liberation Front (FLNC)
4791,0,0,1.0,1,0,7,15,4579,0,10,0.0,1,0.0,Muslim extremists
4792,0,0,1.0,1,0,3,15,318,0,6,0.0,1,0.0,Boko Haram
4793,0,0,1.0,1,0,3,21,4174,0,6,0.0,1,0.0,Nicaraguan Democratic Force (FDN)
4794,0,0,0.0,1,0,2,1,6139,0,5,0.0,1,0.0,Shining Path (SL)
4795,0,0,1.0,1,0,3,21,2659,0,6,0.0,1,0.0,Shining Path (SL)
4796,0,0,0.0,1,0,3,14,2995,0,6,0.0,1,0.0,Houthi extremists (Ansar Allah)
4797,0,0,0.0,1,0,3,14,7017,0,6,2.0,1,0.0,Tehrik-i-Taliban Pakistan (TTP)
4798,0,0,0.0,1,0,3,2,189,0,6,0.0,-9,0.0,Abu Sayyaf Group (ASG)
4799,0,0,0.0,1,0,2,4,2660,0,5,7.0,1,0.0,Farabundo Marti National Liberation Front (FMLN)
4800,0,0,0.0,1,0,3,14,13,0,6,5.0,1,0.0,Liberation Tigers of Tamil Eelam (LTTE)
4801,0,0,0.0,0,0,2,3,2206,0,5,0.0,0,0.0,Communist Party of India - Maoist (CPI-Maoist)
4802,0,0,0.0,0,0,3,3,1625,0,6,0.0,1,0.0,Basque Fatherland and Freedom (ETA)
4803,0,1,0.0,1,0,6,18,187,0,5,0.0,0,1.0,Abu Sayyaf Group (ASG)
4804,0,0,0.0,1,0,7,1,3157,0,8,0.0,1,0.0,Irish Republican Army (IRA)
4805,0,1,0.0,1,0,2,14,2187,0,5,1.0,0,0.0,Communist Party of India - Maoist (CPI-Maoist)
4806,0,0,0.0,1,0,3,2,2451,0,6,0.0,1,0.0,Manuel Rodriguez Patriotic Front (FPMR)
4807,0,0,0.0,1,0,3,15,215,0,6,0.0,-9,0.0,Abu Sayyaf Group (ASG)
4808,0,0,1.0,1,0,2,3,219,0,6,21.0,1,0.0,Boko Haram
4809,0,0,0.0,1,0,3,2,509,0,6,0.0,1,0.0,African National Congress (South Africa)
4810,0,0,0.0,1,0,2,3,803,0,5,3.0,1,0.0,Sikh Extremists
4811,0,0,0.0,1,0,3,2,422,0,6,0.0,1,0.0,African National Congress (South Africa)
4812,0,0,0.0,1,0,7,1,112,0,5,0.0,1,0.0,New People's Army (NPA)
4813,0,0,0.0,1,0,2,3,6272,0,5,0.0,1,0.0,Shining Path (SL)
4814,0,0,1.0,1,0,3,1,387,0,6,2.0,1,0.0,Donetsk People's Republic
4815,0,0,0.0,1,0,3,19,5706,0,6,0.0,1,0.0,Palestinians
4816,0,0,0.0,1,0,2,14,27,0,5,9.0,1,0.0,Kurdistan Workers' Party (PKK)
4817,0,0,0.0,1,0,3,4,40,0,6,1.0,0,0.0,Abu Sayyaf Group (ASG)
4818,0,0,0.0,1,0,5,1,2608,0,5,0.0,1,1.0,Donetsk People's Republic
4819,0,0,1.0,0,0,7,2,295,0,5,0.0,0,0.0,Donetsk People's Republic
4820,0,0,0.0,1,0,2,3,816,0,5,0.0,1,0.0,Revolutionary Armed Forces of Colombia (FARC)
4821,0,0,0.0,1,0,1,22,6623,0,5,1.0,0,0.0,Sikh Extremists
4822,0,1,0.0,1,0,3,19,6564,0,6,0.0,1,0.0,Sikh Extremists
4823,0,0,0.0,1,0,1,8,6450,0,5,2.0,0,0.0,Sikh Extremists
4824,0,0,0.0,1,0,3,15,254,0,6,0.0,-9,0.0,Abu Sayyaf Group (ASG)
4825,0,0,0.0,1,0,1,3,6548,0,5,6.0,0,0.0,Sikh Extremists
4826,0,0,0.0,1,0,3,19,1461,0,6,2.0,1,0.0,Basque Fatherland and Freedom (ETA)
4827,0,0,0.0,1,0,2,2,6817,0,5,1.0,0,0.0,Taliban
4828,0,0,1.0,1,0,3,1,755,0,6,0.0,1,0.0,Basque Fatherland and Freedom (ETA)
4829,0,0,0.0,1,0,3,4,2464,0,6,0.0,1,0.0,Corsican National Liberation Front (FLNC)
4830,0,0,0.0,1,0,3,10,3218,0,6,0.0,1,0.0,Irish Republican Army (IRA)
4831,0,0,1.0,1,0,3,3,2359,0,6,0.0,1,0.0,Corsican National Liberation Front (FLNC)
4832,0,1,0.0,1,0,2,3,12,0,5,2.0,0,0.0,New People's Army (NPA)
4833,0,0,0.0,1,0,2,4,48,0,6,0.0,0,0.0,Donetsk People's Republic
4834,0,0,0.0,1,0,2,4,330,0,5,2.0,1,0.0,Tehrik-i-Taliban Pakistan (TTP)
4835,0,0,0.0,0,0,1,4,268,0,9,0.0,0,0.0,Palestinians
4836,0,0,0.0,0,0,2,3,804,0,5,0.0,0,0.0,Irish Republican Army (IRA)
4837,0,0,0.0,1,0,3,14,4203,0,6,0.0,1,0.0,Manuel Rodriguez Patriotic Front (FPMR)
4838,0,0,0.0,1,0,3,4,0,0,6,40.0,-9,0.0,Donetsk People's Republic
4839,1,1,0.0,1,0,6,14,2616,0,9,0.0,0,1.0,Donetsk People's Republic
4840,0,0,0.0,1,0,3,16,6280,0,6,0.0,1,0.0,Shining Path (SL)
4841,0,0,0.0,1,0,3,21,132,0,6,0.0,1,0.0,Abu Sayyaf Group (ASG)
4842,0,1,0.0,1,0,3,19,56,0,6,8.0,1,0.0,Taliban
4843,0,0,0.0,1,0,2,4,5059,0,5,1.0,0,0.0,New People's Army (NPA)
4844,0,0,0.0,1,0,3,21,5820,0,6,0.0,1,0.0,Revolutionary Armed Forces of Colombia (FARC)
4845,0,0,1.0,1,0,3,21,2710,0,6,0.0,1,0.0,Farabundo Marti National Liberation Front (FMLN)
4846,0,0,0.0,1,0,3,14,1812,0,6,1.0,-9,0.0,Islamic State of Iraq and the Levant (ISIL)
4847,0,0,0.0,1,0,3,2,6732,0,6,0.0,0,0.0,Taliban
4848,0,0,0.0,0,0,2,2,219,0,5,0.0,0,0.0,Muslim extremists
4849,0,0,0.0,1,0,3,21,491,0,6,0.0,1,0.0,African National Congress (South Africa)
4850,0,0,0.0,1,0,3,4,5216,0,6,0.0,1,0.0,Palestinians
4851,0,1,1.0,1,0,3,4,48,0,6,0.0,0,0.0,Muslim extremists
4852,0,0,0.0,0,0,1,2,4430,0,5,1.0,0,0.0,Maoists
4853,0,0,0.0,1,0,7,1,1229,0,8,0.0,1,0.0,Al-Shabaab
4854,0,0,0.0,1,0,3,21,4762,0,6,0.0,1,0.0,National Liberation Army of Colombia (ELN)
4855,0,0,1.0,1,0,3,14,1327,0,6,4.0,-9,0.0,Islamic State of Iraq and the Levant (ISIL)
4856,0,0,0.0,1,0,7,10,2804,0,5,0.0,1,0.0,National Liberation Army of Colombia (ELN)
4857,0,0,0.0,1,0,2,14,3642,0,5,2.0,1,0.0,Kurdistan Workers' Party (PKK)
4858,0,0,0.0,1,0,2,4,173,0,5,1.0,0,0.0,Abu Sayyaf Group (ASG)
4859,0,0,0.0,1,0,2,4,2702,0,5,0.0,1,0.0,Farabundo Marti National Liberation Front (FMLN)
4860,0,0,0.0,1,0,3,1,7338,0,6,0.0,1,0.0,Tupac Amaru Revolutionary Movement (MRTA)
4861,0,0,0.0,1,0,3,14,821,0,6,127.0,1,0.0,Al-Qaida in Iraq
4862,0,0,1.0,1,0,2,3,92,0,5,1.0,1,0.0,Al-Qaida in the Arabian Peninsula (AQAP)
4863,0,0,0.0,1,0,2,3,3410,0,5,9.0,1,0.0,Shining Path (SL)
4864,0,0,1.0,0,0,3,3,175,0,6,0.0,0,0.0,Kurdistan Workers' Party (PKK)
4865,0,0,0.0,1,0,2,3,20,0,5,4.0,-9,0.0,Taliban
4866,0,0,1.0,1,0,7,1,465,0,8,0.0,1,0.0,Irish Republican Army (IRA)
4867,0,0,1.0,1,0,3,1,191,0,6,0.0,1,0.0,Abu Sayyaf Group (ASG)
4868,0,0,0.0,1,0,3,3,3862,0,6,1.0,0,0.0,Liberation Tigers of Tamil Eelam (LTTE)
4869,0,0,0.0,1,1,2,6,800,0,8,1.0,1,0.0,Al-Qaida in Iraq
4870,0,0,0.0,1,0,2,14,1829,0,5,35.0,1,0.0,Fulani extremists
4871,0,0,0.0,1,0,3,3,557,0,6,0.0,1,0.0,Basque Fatherland and Freedom (ETA)
4872,0,0,1.0,1,0,3,14,6997,0,6,0.0,1,0.0,Tehrik-i-Taliban Pakistan (TTP)
4873,0,0,0.0,1,0,2,4,2660,0,5,1.0,1,0.0,Nicaraguan Democratic Force (FDN)
4874,0,0,0.0,1,0,3,3,6497,0,6,0.0,1,0.0,Sikh Extremists
4875,0,0,0.0,1,0,3,4,2685,0,6,0.0,1,0.0,Farabundo Marti National Liberation Front (FMLN)
4876,0,1,0.0,1,1,3,4,808,0,6,1.0,0,0.0,Al-Qaida in Iraq
4877,0,0,0.0,1,0,2,4,2660,0,5,1.0,1,0.0,Nicaraguan Democratic Force (FDN)
4878,0,0,0.0,0,0,1,2,6555,0,5,0.0,0,0.0,Sikh Extremists
4879,1,0,1.0,1,0,6,14,7067,0,5,1.0,0,1.0,Tehrik-i-Taliban Pakistan (TTP)
4880,0,0,0.0,1,0,3,21,2659,0,6,0.0,1,0.0,Manuel Rodriguez Patriotic Front (FPMR)
4881,0,0,0.0,1,0,2,1,1684,0,5,0.0,1,0.0,Basque Fatherland and Freedom (ETA)
4882,1,0,0.0,1,0,6,3,6764,0,9,2.0,0,1.0,Taliban
4883,0,0,0.0,1,0,6,1,123,0,5,0.0,0,1.0,Abu Sayyaf Group (ASG)
4884,0,0,0.0,1,0,3,2,7215,0,6,0.0,1,0.0,Tupac Amaru Revolutionary Movement (MRTA)
4885,0,0,0.0,1,0,7,2,5978,0,8,0.0,1,0.0,Revolutionary Armed Forces of Colombia (FARC)
4886,0,0,0.0,1,0,3,1,4655,0,6,0.0,0,0.0,Muslim extremists
4887,0,0,0.0,1,0,3,14,5518,0,6,0.0,-9,0.0,Palestinians
4888,0,0,0.0,1,0,3,3,591,0,6,0.0,1,0.0,African National Congress (South Africa)
4889,0,0,1.0,1,0,3,1,6349,0,6,0.0,1,0.0,Tupac Amaru Revolutionary Movement (MRTA)
4890,0,0,1.0,1,1,3,3,175,0,6,2.0,-9,0.0,Al-Qaida in Iraq
4891,0,0,0.0,1,0,3,4,1100,0,6,0.0,1,0.0,Al-Qaida in the Arabian Peninsula (AQAP)
4892,0,0,1.0,1,0,3,21,1575,0,6,1.0,1,0.0,Farabundo Marti National Liberation Front (FMLN)
4893,0,1,0.0,1,0,1,2,3024,0,6,4.0,1,0.0,Houthi extremists (Ansar Allah)
4894,0,0,0.0,1,0,1,4,3262,0,5,1.0,0,0.0,Irish Republican Army (IRA)
4895,0,0,1.0,1,0,3,1,387,0,6,7.0,1,0.0,Houthi extremists (Ansar Allah)
4896,0,0,0.0,0,0,3,4,48,0,6,0.0,0,0.0,Maoists
4897,0,0,0.0,1,0,3,15,4121,0,6,0.0,1,0.0,Manuel Rodriguez Patriotic Front (FPMR)
4898,0,0,0.0,1,0,3,3,1478,0,6,0.0,1,0.0,Basque Fatherland and Freedom (ETA)
4899,0,0,0.0,1,0,3,3,419,0,6,0.0,1,0.0,African National Congress (South Africa)
4900,0,0,1.0,1,0,3,21,4835,0,6,0.0,1,0.0,National Liberation Army of Colombia (ELN)
4901,0,1,0.0,1,0,2,4,48,0,6,0.0,-9,0.0,Donetsk People's Republic
4902,0,0,0.0,1,0,3,3,514,0,6,3.0,1,0.0,African National Congress (South Africa)
4903,1,1,0.0,1,0,6,17,172,0,9,3.0,0,1.0,Tehrik-i-Taliban Pakistan (TTP)
4904,0,0,0.0,1,0,3,4,2560,0,6,0.0,-9,0.0,Donetsk People's Republic
4905,0,0,0.0,1,0,1,10,2980,0,6,1.0,0,0.0,Houthi extremists (Ansar Allah)
4906,0,0,0.0,1,0,1,14,6145,0,5,1.0,0,0.0,Shining Path (SL)
4907,0,0,0.0,1,0,3,21,4317,0,6,0.0,1,0.0,Maoists
4908,0,1,1.0,1,0,3,4,330,0,6,0.0,0,0.0,Tehrik-i-Taliban Pakistan (TTP)
4909,0,0,0.0,0,1,3,14,205,0,6,6.0,0,0.0,Islamic State of Iraq and the Levant (ISIL)
4910,0,0,0.0,1,0,3,1,4171,0,6,0.0,1,0.0,Manuel Rodriguez Patriotic Front (FPMR)
4911,0,0,0.0,0,0,1,2,1467,0,8,0.0,0,0.0,Basque Fatherland and Freedom (ETA)
4912,0,0,1.0,1,0,7,17,305,0,5,10.0,1,0.0,Al-Qaida in Iraq
4913,0,0,0.0,1,0,3,3,59,0,6,0.0,1,0.0,National Liberation Army of Colombia (ELN)
4914,0,0,1.0,1,0,2,19,56,0,8,0.0,1,0.0,Manuel Rodriguez Patriotic Front (FPMR)
4915,0,0,1.0,1,0,3,4,48,0,6,0.0,-9,0.0,Donetsk People's Republic
4916,0,1,0.0,0,0,3,4,0,0,6,1.0,0,0.0,Muslim extremists
4917,0,0,0.0,1,0,2,3,514,0,5,3.0,1,0.0,New People's Army (NPA)
4918,0,0,1.0,1,0,3,21,2672,0,6,0.0,1,0.0,Farabundo Marti National Liberation Front (FMLN)
4919,0,0,0.0,1,0,6,2,128,0,9,2.0,0,1.0,Abu Sayyaf Group (ASG)
4920,0,0,0.0,1,0,3,14,6313,0,6,1.0,1,0.0,Shining Path (SL)
4921,0,0,0.0,1,0,3,4,1265,0,6,4.0,1,0.0,Al-Shabaab
4922,0,0,0.0,1,0,1,3,1414,0,5,2.0,0,0.0,Basque Fatherland and Freedom (ETA)
4923,0,0,0.0,1,0,3,14,6806,0,6,1.0,-9,0.0,Taliban
4924,0,0,0.0,1,0,3,20,1642,0,6,0.0,1,0.0,Corsican National Liberation Front (FLNC)
4925,0,0,0.0,1,0,3,1,49,0,6,2.0,-9,0.0,Abu Sayyaf Group (ASG)
4926,0,0,1.0,1,0,3,1,1557,0,6,0.0,1,0.0,Corsican National Liberation Front (FLNC)
4927,0,0,0.0,1,0,2,4,6913,0,5,21.0,0,0.0,Tehrik-i-Taliban Pakistan (TTP)
4928,0,0,1.0,1,0,2,4,5212,0,5,0.0,1,0.0,New People's Army (NPA)
4929,0,0,1.0,1,0,3,14,4105,0,6,0.0,1,0.0,Manuel Rodriguez Patriotic Front (FPMR)
4930,0,1,0.0,0,0,3,14,1812,0,6,0.0,-9,0.0,Houthi extremists (Ansar Allah)
4931,0,0,1.0,1,0,2,19,413,0,8,0.0,1,0.0,African National Congress (South Africa)
4932,0,0,1.0,1,0,3,20,6,0,6,0.0,-9,0.0,Boko Haram
4933,0,1,0.0,1,0,3,4,48,0,6,4.0,-9,0.0,Kurdistan Workers' Party (PKK)
4934,0,0,0.0,1,0,3,21,4111,0,6,1.0,1,0.0,Manuel Rodriguez Patriotic Front (FPMR)
4935,0,1,0.0,1,0,1,14,5558,0,5,1.0,0,0.0,Palestinians
4936,0,0,1.0,1,0,3,1,5079,0,6,1.0,1,0.0,New People's Army (NPA)
4937,0,0,0.0,0,0,1,1,2901,0,5,0.0,0,0.0,Irish Republican Army (IRA)
4938,0,0,1.0,0,0,3,16,1813,0,6,0.0,0,0.0,Boko Haram
4939,0,0,0.0,1,0,2,4,803,0,5,0.0,1,0.0,Nicaraguan Democratic Force (FDN)
4940,0,0,0.0,1,0,2,14,13,0,5,2.0,0,0.0,Islamic State of Iraq and the Levant (ISIL)
4941,0,0,0.0,1,0,3,2,6532,0,6,1.0,1,0.0,Sikh Extremists
4942,0,0,0.0,1,0,2,3,92,0,5,1.0,-9,0.0,Boko Haram
4943,0,0,0.0,1,0,3,2,5834,0,6,0.0,1,0.0,Revolutionary Armed Forces of Colombia (FARC)
4944,0,0,0.0,1,0,2,3,6462,0,5,4.0,1,0.0,Sikh Extremists
4945,0,1,0.0,0,0,3,3,85,0,6,0.0,0,0.0,Maoists
4946,0,0,0.0,1,0,2,2,7045,0,5,0.0,-9,0.0,Tehrik-i-Taliban Pakistan (TTP)
4947,0,0,0.0,1,0,3,1,2340,0,6,0.0,1,0.0,Corsican National Liberation Front (FLNC)
4948,0,0,1.0,1,0,3,14,1327,0,6,0.0,1,0.0,Muslim extremists
4949,0,0,0.0,1,0,3,19,3297,0,6,0.0,1,0.0,Manuel Rodriguez Patriotic Front (FPMR)
4950,0,0,0.0,1,0,1,17,7100,0,6,6.0,1,0.0,Tehrik-i-Taliban Pakistan (TTP)
4951,0,0,1.0,1,0,3,15,215,0,6,2.0,1,0.0,Islamic State of Iraq and the Levant (ISIL)
4952,0,0,0.0,1,0,2,4,3106,0,5,1.0,1,0.0,Irish Republican Army (IRA)
4953,0,0,0.0,1,0,2,3,175,0,5,0.0,0,0.0,Al-Qaida in the Arabian Peninsula (AQAP)
4954,0,0,0.0,1,0,3,3,330,0,6,0.0,1,0.0,Taliban
4955,0,0,0.0,1,0,3,4,327,0,6,13.0,1,0.0,Kurdistan Workers' Party (PKK)
4956,0,0,0.0,1,0,2,14,5239,0,5,0.0,0,0.0,New People's Army (NPA)
4957,0,1,1.0,1,0,3,4,2560,0,6,0.0,-9,0.0,Donetsk People's Republic
4958,0,0,0.0,1,0,3,1,5181,0,6,0.0,1,0.0,New People's Army (NPA)
4959,0,0,1.0,0,0,3,14,1677,0,6,0.0,0,0.0,Basque Fatherland and Freedom (ETA)
4960,0,0,0.0,1,0,2,4,12,0,5,2.0,0,0.0,Al-Qaida in the Arabian Peninsula (AQAP)
4961,0,0,0.0,1,0,2,14,3949,0,5,3.0,0,0.0,Liberation Tigers of Tamil Eelam (LTTE)
4962,0,0,0.0,1,0,1,2,1331,0,6,5.0,1,0.0,Al-Shabaab
4963,0,0,0.0,1,0,3,17,0,0,6,0.0,0,0.0,Muslim extremists
4964,0,1,1.0,1,0,3,9,7213,0,6,0.0,1,0.0,Tupac Amaru Revolutionary Movement (MRTA)
4965,0,0,0.0,1,0,3,4,2569,0,6,0.0,1,0.0,Donetsk People's Republic
4966,0,0,1.0,1,0,3,1,465,0,6,1.0,1,0.0,Farabundo Marti National Liberation Front (FMLN)
4967,0,0,0.0,1,0,3,4,48,0,6,0.0,-9,0.0,Donetsk People's Republic
4968,0,0,0.0,1,0,2,4,2750,0,5,1.0,1,0.0,Farabundo Marti National Liberation Front (FMLN)
4969,0,0,0.0,1,0,1,2,640,0,8,0.0,0,0.0,African National Congress (South Africa)
4970,0,1,0.0,1,0,3,3,610,0,6,4.0,1,0.0,African National Congress (South Africa)
4971,0,0,0.0,1,0,7,14,27,0,8,0.0,1,0.0,Al-Shabaab
4972,0,0,0.0,1,0,3,2,477,0,6,0.0,1,0.0,African National Congress (South Africa)
4973,0,0,0.0,1,0,2,3,459,0,8,1.0,1,0.0,Palestinians
4974,0,0,0.0,1,0,3,2,4416,0,6,0.0,1,0.0,Maoists
4975,0,0,1.0,1,0,3,14,13,0,6,0.0,0,0.0,Islamic State of Iraq and the Levant (ISIL)
4976,0,0,0.0,1,0,2,14,2198,0,5,2.0,0,0.0,Communist Party of India - Maoist (CPI-Maoist)
4977,1,0,0.0,1,0,6,10,832,0,5,0.0,1,1.0,Al-Qaida in Iraq
4978,0,0,0.0,1,0,3,7,404,0,6,0.0,1,0.0,Shining Path (SL)
4979,0,0,0.0,1,0,3,15,318,0,6,0.0,1,0.0,Manuel Rodriguez Patriotic Front (FPMR)
4980,0,0,0.0,1,0,1,4,3270,0,5,1.0,0,0.0,Irish Republican Army (IRA)
4981,0,0,0.0,1,0,2,4,2666,0,5,45.0,1,0.0,Nicaraguan Democratic Force (FDN)
4982,0,0,1.0,1,0,2,14,27,0,5,1.0,1,0.0,Fulani extremists
4983,0,0,0.0,1,0,1,2,3865,0,5,2.0,0,0.0,Liberation Tigers of Tamil Eelam (LTTE)
4984,0,0,0.0,1,0,3,4,48,0,6,2.0,-9,0.0,Kurdistan Workers' Party (PKK)
4985,0,0,0.0,1,0,1,2,6927,0,5,1.0,0,0.0,Tehrik-i-Taliban Pakistan (TTP)
4986,0,0,0.0,1,1,3,14,13,0,6,8.0,-9,0.0,Boko Haram
4987,0,0,0.0,1,0,3,1,852,0,6,1.0,-9,0.0,Islamic State of Iraq and the Levant (ISIL)
4988,0,0,1.0,1,0,3,1,3866,0,6,0.0,-9,0.0,Liberation Tigers of Tamil Eelam (LTTE)
4989,0,0,0.0,1,0,2,4,172,0,5,11.0,1,0.0,Kurdistan Workers' Party (PKK)
4990,0,0,1.0,1,0,2,17,2958,0,6,0.0,-9,0.0,Houthi extremists (Ansar Allah)
4991,0,0,0.0,1,0,2,17,1277,0,5,3.0,-9,0.0,Al-Shabaab
4992,0,0,0.0,1,0,3,1,2757,0,6,0.0,1,0.0,Farabundo Marti National Liberation Front (FMLN)
4993,0,0,0.0,1,0,3,15,259,0,6,0.0,1,0.0,Manuel Rodriguez Patriotic Front (FPMR)
4994,0,0,0.0,0,0,3,15,4690,0,6,0.0,1,0.0,Muslim extremists
4995,0,0,0.0,1,0,3,2,2096,0,6,0.0,1,0.0,Communist Party of India - Maoist (CPI-Maoist)
4996,0,0,0.0,1,0,3,4,3829,0,6,5.0,1,0.0,Liberation Tigers of Tamil Eelam (LTTE)
4997,0,0,1.0,0,0,3,20,6,0,6,0.0,0,0.0,Maoists
4998,0,0,1.0,1,0,2,14,27,0,5,2.0,1,0.0,Fulani extremists
4999,0,1,0.0,1,0,2,3,7001,0,5,1.0,0,0.0,Tehrik-i-Taliban Pakistan (TTP)
5000,0,0,0.0,1,0,1,4,3790,0,5,1.0,0,0.0,Liberation Tigers of Tamil Eelam (LTTE)
5001,0,0,1.0,1,0,3,1,4068,0,6,0.0,1,0.0,Manuel Rodriguez Patriotic Front (FPMR)
5002,0,0,0.0,1,0,2,14,5939,0,5,0.0,1,0.0,Revolutionary Armed Forces of Colombia (FARC)
5003,0,0,1.0,1,0,3,14,4682,0,6,0.0,1,0.0,Muslim extremists
5004,0,0,0.0,1,0,3,4,1114,0,6,0.0,1,0.0,Al-Qaida in the Arabian Peninsula (AQAP)
5005,0,0,1.0,1,0,3,18,2467,0,6,0.0,1,0.0,Corsican National Liberation Front (FLNC)
5006,0,0,0.0,1,0,3,14,730,0,6,17.0,1,0.0,Houthi extremists (Ansar Allah)
5007,0,0,0.0,1,0,3,3,4377,0,6,4.0,0,0.0,Maoists
5008,0,0,0.0,1,0,3,2,6829,0,6,0.0,1,0.0,Taliban
5009,0,0,0.0,0,0,1,3,5159,0,5,0.0,0,0.0,New People's Army (NPA)
5010,0,0,0.0,1,0,3,4,327,0,6,6.0,1,0.0,Taliban
5011,0,1,0.0,1,0,3,4,48,0,6,0.0,0,0.0,Donetsk People's Republic
5012,0,0,1.0,1,0,2,3,5882,0,5,0.0,1,0.0,Revolutionary Armed Forces of Colombia (FARC)
5013,0,0,0.0,1,0,3,3,6289,0,5,2.0,1,0.0,Shining Path (SL)
5014,1,0,0.0,1,0,6,1,1046,0,5,0.0,0,1.0,Al-Qaida in the Arabian Peninsula (AQAP)
5015,0,0,0.0,0,0,3,1,801,0,6,0.0,1,0.0,Corsican National Liberation Front (FLNC)
5016,0,0,0.0,1,0,3,14,4640,0,6,2.0,-9,0.0,Muslim extremists
5017,0,0,0.0,1,1,3,7,7055,0,6,3.0,1,0.0,Tehrik-i-Taliban Pakistan (TTP)
5018,0,0,0.0,1,0,7,1,3556,0,8,0.0,1,0.0,Kurdistan Workers' Party (PKK)
5019,0,0,0.0,1,0,2,4,2660,0,5,13.0,1,0.0,Farabundo Marti National Liberation Front (FMLN)
5020,1,0,0.0,1,0,6,18,213,0,5,0.0,0,1.0,Abu Sayyaf Group (ASG)
5021,0,0,0.0,1,0,2,14,2172,0,5,1.0,0,0.0,Communist Party of India - Maoist (CPI-Maoist)
5022,0,0,0.0,1,0,3,19,2684,0,6,0.0,1,0.0,Farabundo Marti National Liberation Front (FMLN)
5023,0,0,0.0,1,0,3,2,6761,0,6,0.0,0,0.0,Taliban
5024,0,1,0.0,1,0,2,4,2660,0,5,1.0,1,0.0,Nicaraguan Democratic Force (FDN)
5025,0,0,0.0,0,0,3,14,7238,0,6,0.0,1,0.0,Tupac Amaru Revolutionary Movement (MRTA)
5026,0,0,0.0,1,0,3,14,5547,0,6,0.0,1,0.0,Palestinians
5027,0,0,0.0,1,0,2,12,6820,0,5,2.0,1,0.0,Taliban
5028,0,0,0.0,1,0,3,1,7220,0,6,0.0,1,0.0,Tupac Amaru Revolutionary Movement (MRTA)
5029,0,0,0.0,1,0,3,4,48,0,6,2.0,-9,0.0,Houthi extremists (Ansar Allah)
5030,0,0,0.0,1,0,3,14,3254,0,6,0.0,1,0.0,Irish Republican Army (IRA)
5031,0,0,0.0,1,0,3,16,6760,0,6,0.0,1,0.0,Taliban
5032,0,0,1.0,1,0,2,19,56,0,5,0.0,1,0.0,Farabundo Marti National Liberation Front (FMLN)
5033,0,0,0.0,1,0,3,6,498,0,6,0.0,0,0.0,Muslim extremists
5034,0,0,1.0,1,0,3,4,2563,0,6,0.0,1,0.0,Donetsk People's Republic
5035,0,0,1.0,1,0,3,19,1968,0,6,0.0,1,0.0,Communist Party of India - Maoist (CPI-Maoist)
5036,0,0,0.0,1,0,3,21,4800,0,6,0.0,1,0.0,National Liberation Army of Colombia (ELN)
5037,0,0,1.0,1,0,3,21,2672,0,6,0.0,1,0.0,Farabundo Marti National Liberation Front (FMLN)
5038,0,0,0.0,1,0,3,14,730,0,6,0.0,1,0.0,Islamic State of Iraq and the Levant (ISIL)
5039,0,0,0.0,1,0,3,21,2659,0,6,1.0,1,0.0,Tupac Amaru Revolutionary Movement (MRTA)
5040,0,0,0.0,1,0,2,4,1049,0,5,3.0,0,0.0,Al-Qaida in the Arabian Peninsula (AQAP)
5041,0,0,0.0,0,0,1,3,1004,0,5,0.0,1,0.0,Al-Qaida in the Arabian Peninsula (AQAP)
5042,0,0,0.0,1,0,2,4,5091,0,5,3.0,-9,0.0,New People's Army (NPA)
5043,0,0,0.0,1,0,7,21,5966,0,8,0.0,1,0.0,Revolutionary Armed Forces of Colombia (FARC)
5044,0,0,0.0,0,0,3,20,6,0,6,0.0,0,0.0,Abu Sayyaf Group (ASG)
5045,0,0,0.0,0,0,2,4,5634,0,8,0.0,1,0.0,Palestinians
5046,0,0,0.0,1,1,3,2,6742,0,6,2.0,0,0.0,Taliban
5047,0,0,0.0,1,0,2,1,3801,0,5,6.0,1,0.0,Liberation Tigers of Tamil Eelam (LTTE)
5048,0,0,0.0,0,0,1,3,6947,0,5,2.0,1,0.0,Tehrik-i-Taliban Pakistan (TTP)
5049,0,0,0.0,1,0,2,3,803,0,5,0.0,1,0.0,Sikh Extremists
5050,0,0,1.0,1,0,3,14,13,0,6,1.0,0,0.0,Al-Qaida in Iraq
5051,0,0,0.0,1,0,3,7,1733,0,6,1.0,1,0.0,Tupac Amaru Revolutionary Movement (MRTA)
5052,0,0,0.0,1,0,2,3,5185,0,5,2.0,1,0.0,New People's Army (NPA)
5053,0,0,0.0,1,0,6,14,4299,0,5,1.0,0,1.0,Maoists
5054,1,0,0.0,1,0,6,12,6774,0,5,1.0,0,1.0,Taliban
5055,0,0,1.0,1,0,7,3,175,0,5,0.0,-9,0.0,Donetsk People's Republic
5056,0,0,0.0,1,0,6,14,4465,0,5,1.0,0,1.0,Maoists
5057,0,0,0.0,1,0,1,3,4910,0,5,1.0,0,0.0,National Liberation Army of Colombia (ELN)
5058,0,0,0.0,1,0,2,2,1878,0,5,1.0,0,0.0,Boko Haram
5059,0,0,0.0,1,0,3,2,3022,0,6,0.0,1,0.0,Houthi extremists (Ansar Allah)
5060,0,0,0.0,1,0,3,3,459,0,6,0.0,1,0.0,African National Congress (South Africa)
5061,0,0,1.0,1,0,3,1,1077,0,6,0.0,1,0.0,Corsican National Liberation Front (FLNC)
5062,0,0,0.0,1,0,6,16,4393,0,6,0.0,1,1.0,Maoists
5063,0,0,0.0,1,0,3,14,611,0,6,0.0,1,0.0,African National Congress (South Africa)
5064,0,0,0.0,1,0,2,14,27,0,5,2.0,1,0.0,Sikh Extremists
5065,0,0,0.0,1,0,2,4,20,0,5,10.0,0,0.0,Al-Qaida in Iraq
5066,0,1,1.0,1,1,3,4,48,0,6,9.0,1,0.0,Islamic State of Iraq and the Levant (ISIL)
5067,0,0,0.0,1,0,3,7,581,0,6,0.0,1,0.0,African National Congress (South Africa)
5068,0,0,0.0,1,0,3,21,1073,0,6,0.0,1,0.0,National Liberation Army of Colombia (ELN)
5069,0,0,0.0,1,0,3,22,612,0,6,2.0,1,0.0,African National Congress (South Africa)
5070,0,0,0.0,1,0,2,1,1876,0,5,2.0,1,0.0,Boko Haram
5071,0,0,0.0,1,0,3,14,13,0,6,1.0,-9,0.0,Houthi extremists (Ansar Allah)
5072,0,0,0.0,1,0,2,4,803,0,5,0.0,1,0.0,Farabundo Marti National Liberation Front (FMLN)
5073,0,0,0.0,1,0,3,4,20,0,6,0.0,0,0.0,Al-Qaida in the Arabian Peninsula (AQAP)
5074,0,0,0.0,1,0,3,14,1257,0,6,0.0,1,0.0,Islamic State of Iraq and the Levant (ISIL)
5075,0,0,1.0,1,0,3,20,6,0,6,0.0,0,0.0,National Liberation Army of Colombia (ELN)
5076,0,0,0.0,1,0,2,2,2125,0,5,1.0,-9,0.0,Communist Party of India - Maoist (CPI-Maoist)
5077,0,0,0.0,1,0,3,19,4088,0,6,0.0,1,0.0,Manuel Rodriguez Patriotic Front (FPMR)
5078,0,0,1.0,1,0,2,14,27,0,6,6.0,1,-9.0,Boko Haram
5079,0,1,0.0,1,0,1,14,3527,0,5,4.0,0,0.0,Kurdistan Workers' Party (PKK)
5080,0,0,1.0,1,0,3,1,6812,0,6,2.0,-9,0.0,Taliban
5081,0,0,0.0,1,0,3,4,954,0,6,3.0,1,0.0,Al-Qaida in the Arabian Peninsula (AQAP)
5082,0,0,0.0,1,0,2,14,3831,0,5,2.0,0,0.0,Liberation Tigers of Tamil Eelam (LTTE)
5083,0,1,0.0,0,1,3,20,6,0,6,3.0,0,0.0,Islamic State of Iraq and the Levant (ISIL)
5084,0,0,0.0,1,0,3,14,205,0,6,1.0,-9,0.0,Houthi extremists (Ansar Allah)
5085,0,0,0.0,1,0,7,1,4375,0,8,0.0,1,0.0,Maoists
5086,0,0,0.0,1,0,3,7,7210,0,6,0.0,1,0.0,Tupac Amaru Revolutionary Movement (MRTA)
5087,0,0,1.0,1,0,1,14,4561,0,5,1.0,0,0.0,Muslim extremists
5088,0,0,0.0,1,0,2,3,2170,0,5,2.0,-9,0.0,Communist Party of India - Maoist (CPI-Maoist)
5089,0,0,0.0,1,0,3,2,7263,0,6,0.0,1,0.0,Tupac Amaru Revolutionary Movement (MRTA)
5090,0,0,1.0,1,0,7,2,1844,0,8,0.0,1,0.0,Boko Haram
5091,0,0,1.0,1,0,2,14,27,0,5,0.0,1,0.0,Fulani extremists
5092,0,0,0.0,1,0,3,14,5603,0,6,0.0,1,0.0,Palestinians
5093,0,0,0.0,1,0,3,3,560,0,6,0.0,1,0.0,African National Congress (South Africa)
5094,0,0,1.0,1,0,3,19,233,0,6,0.0,1,0.0,Shining Path (SL)
5095,0,0,0.0,1,0,2,4,3209,0,5,1.0,1,0.0,Irish Republican Army (IRA)
5096,0,0,0.0,0,0,2,14,2901,0,5,0.0,0,0.0,Fulani extremists
5097,0,1,0.0,1,0,3,4,48,0,6,0.0,-9,0.0,Donetsk People's Republic
5098,1,0,0.0,1,0,6,3,175,0,5,3.0,1,1.0,New People's Army (NPA)
5099,0,1,0.0,1,0,2,3,6790,0,5,2.0,0,0.0,Taliban
5100,0,0,0.0,1,0,2,3,3195,0,5,0.0,1,0.0,Tupac Amaru Revolutionary Movement (MRTA)
5101,0,0,0.0,1,0,3,1,6008,0,6,0.0,1,0.0,Revolutionary Armed Forces of Colombia (FARC)
5102,0,1,0.0,1,0,2,4,2660,0,5,1.0,1,0.0,Nicaraguan Democratic Force (FDN)
5103,0,0,0.0,1,0,1,2,1614,0,5,1.0,0,0.0,Basque Fatherland and Freedom (ETA)
5104,0,0,0.0,1,0,1,3,1530,0,5,1.0,0,0.0,Basque Fatherland and Freedom (ETA)
5105,0,0,0.0,1,0,2,3,803,0,5,0.0,1,0.0,Farabundo Marti National Liberation Front (FMLN)
5106,0,0,0.0,1,0,3,14,2953,0,6,11.0,1,0.0,Houthi extremists (Ansar Allah)
5107,0,0,1.0,1,0,3,1,826,0,6,2.0,0,0.0,Al-Qaida in Iraq
5108,0,0,0.0,1,0,3,7,1427,0,6,0.0,1,0.0,Basque Fatherland and Freedom (ETA)
5109,0,0,1.0,1,1,3,14,730,0,6,15.0,1,0.0,Islamic State of Iraq and the Levant (ISIL)
5110,0,0,0.0,1,0,2,4,5066,0,5,0.0,-9,0.0,New People's Army (NPA)
5111,0,0,0.0,1,0,2,4,3141,0,5,1.0,0,0.0,Irish Republican Army (IRA)
5112,0,0,0.0,1,0,3,1,6277,0,6,0.0,1,0.0,Shining Path (SL)
5113,0,0,0.0,1,0,3,3,2917,0,6,0.0,1,0.0,Taliban
5114,0,0,0.0,1,0,2,4,2660,0,5,1.0,1,0.0,Revolutionary Armed Forces of Colombia (FARC)
5115,0,0,0.0,1,0,3,19,6130,0,6,0.0,1,0.0,Shining Path (SL)
5116,0,0,0.0,0,0,2,3,1418,0,5,0.0,0,0.0,Basque Fatherland and Freedom (ETA)
5117,1,0,0.0,1,0,6,18,271,0,5,0.0,0,1.0,Abu Sayyaf Group (ASG)
5118,0,1,0.0,0,1,3,3,85,0,6,21.0,0,0.0,Islamic State of Iraq and the Levant (ISIL)
5119,0,0,1.0,1,0,3,14,1888,0,6,1.0,-9,0.0,Islamic State of Iraq and the Levant (ISIL)
5120,0,0,1.0,1,1,5,15,6917,0,6,28.0,1,1.0,Tehrik-i-Taliban Pakistan (TTP)
5121,0,0,1.0,1,0,3,3,175,0,6,0.0,1,0.0,Al-Qaida in the Arabian Peninsula (AQAP)
5122,0,0,1.0,1,0,2,4,1033,0,5,2.0,-9,0.0,Al-Shabaab
5123,0,0,0.0,1,0,1,4,3092,0,5,1.0,0,0.0,Palestinians
5124,0,0,0.0,1,0,3,2,6260,0,6,0.0,1,0.0,Shining Path (SL)
5125,0,0,0.0,1,0,3,4,2853,0,6,0.0,1,0.0,Tupac Amaru Revolutionary Movement (MRTA)
5126,0,1,0.0,1,0,3,4,48,0,6,1.0,0,0.0,Donetsk People's Republic
5127,0,0,0.0,1,1,3,4,950,0,6,7.0,-9,0.0,Al-Shabaab
5128,0,0,0.0,1,0,2,4,803,0,5,3.0,1,0.0,Kurdistan Workers' Party (PKK)
5129,0,0,0.0,1,0,3,14,730,0,6,7.0,1,0.0,Al-Qaida in Iraq
5130,0,0,0.0,1,0,2,4,2666,0,5,41.0,1,0.0,Nicaraguan Democratic Force (FDN)
5131,0,0,0.0,1,0,1,14,6712,0,5,2.0,0,0.0,Taliban
5132,0,1,0.0,1,0,2,4,2782,0,5,5.0,1,0.0,Nicaraguan Democratic Force (FDN)
5133,0,0,0.0,1,0,3,2,966,0,6,0.0,1,0.0,Shining Path (SL)
5134,0,0,0.0,1,0,3,14,3089,0,6,0.0,1,0.0,Irish Republican Army (IRA)
5135,0,0,1.0,0,0,3,2,1923,0,6,0.0,0,0.0,Maoists
5136,0,0,0.0,1,0,3,3,3195,0,6,1.0,1,0.0,Sikh Extremists
5137,0,0,0.0,1,0,2,2,6969,0,5,1.0,0,0.0,Tehrik-i-Taliban Pakistan (TTP)
5138,0,0,1.0,1,0,2,14,13,0,6,17.0,0,0.0,Boko Haram
5139,0,0,1.0,1,0,3,14,2373,0,6,0.0,1,0.0,Corsican National Liberation Front (FLNC)
5140,0,0,0.0,1,0,3,1,801,0,6,0.0,1,0.0,Tupac Amaru Revolutionary Movement (MRTA)
5141,0,1,0.0,1,0,3,4,487,0,6,0.0,1,0.0,African National Congress (South Africa)
5142,0,0,1.0,1,0,6,14,3468,0,5,1.0,0,1.0,Islamic State of Iraq and the Levant (ISIL)
5143,0,0,0.0,1,0,2,3,3195,0,5,0.0,1,0.0,Liberation Tigers of Tamil Eelam (LTTE)
5144,0,0,1.0,1,0,3,21,1575,0,6,0.0,1,0.0,Nicaraguan Democratic Force (FDN)
5145,0,0,1.0,1,0,2,4,48,0,6,1.0,1,0.0,Taliban
5146,0,0,0.0,1,0,3,14,548,0,6,0.0,1,0.0,African National Congress (South Africa)
5147,0,0,0.0,1,0,3,15,4644,0,6,0.0,0,0.0,Muslim extremists
5148,0,0,0.0,1,0,2,1,3882,0,5,1.0,-9,0.0,Liberation Tigers of Tamil Eelam (LTTE)
5149,0,0,0.0,1,1,3,4,3933,0,6,9.0,0,0.0,Liberation Tigers of Tamil Eelam (LTTE)
5150,0,0,0.0,1,0,3,4,1272,0,6,0.0,1,0.0,Al-Shabaab
5151,0,0,0.0,1,0,2,4,30,0,5,5.0,-9,0.0,Abu Sayyaf Group (ASG)
5152,0,0,0.0,1,0,2,4,5999,0,5,6.0,1,0.0,Revolutionary Armed Forces of Colombia (FARC)
5153,0,0,0.0,1,0,3,15,823,0,6,45.0,1,0.0,Tehrik-i-Taliban Pakistan (TTP)
5154,0,0,1.0,1,0,3,15,752,0,6,1.0,-9,0.0,Al-Qaida in Iraq
5155,0,0,0.0,1,0,3,1,635,0,6,0.0,1,0.0,African National Congress (South Africa)
5156,0,0,0.0,1,0,6,2,5243,0,5,0.0,0,1.0,New People's Army (NPA)
5157,0,0,1.0,1,0,3,21,4174,0,6,0.0,1,0.0,Shining Path (SL)
5158,0,0,0.0,1,0,3,19,779,0,6,7.0,1,0.0,Al-Qaida in Iraq
5159,0,0,1.0,1,0,3,21,6290,0,6,0.0,1,0.0,Shining Path (SL)
5160,0,0,1.0,1,0,3,14,1327,0,6,7.0,-9,0.0,Houthi extremists (Ansar Allah)
5161,0,0,0.0,1,0,3,3,1963,0,6,15.0,1,0.0,Tehrik-i-Taliban Pakistan (TTP)
5162,0,0,0.0,1,1,3,2,739,0,6,3.0,1,0.0,Al-Qaida in Iraq
5163,1,0,0.0,1,0,6,14,13,0,9,1.0,0,1.0,Maoists
5164,0,0,0.0,1,1,3,4,6751,0,6,10.0,1,0.0,Taliban
5165,0,0,0.0,0,0,3,2,1579,0,6,0.0,1,0.0,Irish Republican Army (IRA)
5166,0,0,0.0,1,0,3,3,1552,0,6,0.0,1,0.0,Irish Republican Army (IRA)
5167,0,0,0.0,1,0,3,15,166,0,6,0.0,-9,0.0,Abu Sayyaf Group (ASG)
5168,0,0,1.0,1,0,3,9,7249,0,6,1.0,1,0.0,Tupac Amaru Revolutionary Movement (MRTA)
5169,0,0,0.0,1,0,3,1,387,0,6,0.0,1,0.0,Islamic State of Iraq and the Levant (ISIL)
5170,0,0,0.0,1,0,7,14,5196,0,8,0.0,1,0.0,New People's Army (NPA)
5171,0,0,1.0,1,1,3,2,3932,0,6,15.0,1,0.0,Liberation Tigers of Tamil Eelam (LTTE)
5172,0,0,1.0,1,0,2,4,4379,0,5,0.0,1,0.0,Maoists
5173,0,0,0.0,1,0,1,3,6512,0,5,0.0,1,0.0,Sikh Extremists
5174,0,0,0.0,1,0,3,19,2740,0,6,1.0,1,0.0,Farabundo Marti National Liberation Front (FMLN)
5175,0,0,0.0,1,0,3,21,4906,0,6,1.0,1,0.0,National Liberation Army of Colombia (ELN)
5176,0,0,1.0,1,0,3,1,1557,0,6,0.0,1,0.0,Corsican National Liberation Front (FLNC)
5177,0,0,0.0,1,0,3,3,619,0,6,0.0,1,0.0,African National Congress (South Africa)
5178,0,0,0.0,1,0,3,14,3448,0,6,2.0,-9,0.0,Islamic State of Iraq and the Levant (ISIL)
5179,0,0,0.0,1,0,3,1,6203,0,6,1.0,1,0.0,Shining Path (SL)
5180,0,0,0.0,1,0,3,8,7078,0,6,0.0,1,0.0,Tehrik-i-Taliban Pakistan (TTP)
5181,0,0,0.0,1,0,3,4,330,0,6,8.0,1,0.0,Taliban
5182,0,0,0.0,1,1,3,4,219,0,6,12.0,1,0.0,Al-Qaida in the Arabian Peninsula (AQAP)
5183,0,0,0.0,1,0,2,3,912,0,5,2.0,0,0.0,New People's Army (NPA)
5184,1,0,1.0,1,0,6,2,4758,0,5,1.0,0,1.0,National Liberation Army of Colombia (ELN)
5185,0,0,0.0,0,0,3,1,721,0,6,1.0,1,0.0,Basque Fatherland and Freedom (ETA)
5186,0,0,0.0,1,0,1,17,6302,0,5,2.0,0,0.0,Shining Path (SL)
5187,0,0,0.0,1,0,1,14,4864,0,5,2.0,0,0.0,National Liberation Army of Colombia (ELN)
5188,0,0,0.0,1,0,3,4,12,0,6,0.0,-9,0.0,Islamic State of Iraq and the Levant (ISIL)
5189,0,0,1.0,1,1,3,14,730,0,6,8.0,-9,0.0,Boko Haram
5190,0,0,0.0,1,0,2,2,2548,0,5,3.0,1,0.0,New People's Army (NPA)
5191,0,0,0.0,1,0,3,4,3760,0,6,6.0,1,0.0,Liberation Tigers of Tamil Eelam (LTTE)
5192,0,0,1.0,1,0,2,4,5359,0,5,1.0,1,0.0,Nicaraguan Democratic Force (FDN)
5193,0,0,0.0,1,0,2,4,2660,0,5,1.0,1,0.0,Nicaraguan Democratic Force (FDN)
5194,0,0,0.0,0,0,3,2,3181,0,6,0.0,1,0.0,Irish Republican Army (IRA)
5195,0,0,0.0,1,0,7,2,801,0,8,0.0,1,0.0,Maoists
5196,0,0,1.0,1,0,3,8,6965,0,6,0.0,1,0.0,Tehrik-i-Taliban Pakistan (TTP)
5197,0,0,0.0,1,0,2,4,1895,0,5,3.0,1,0.0,Boko Haram
5198,0,0,0.0,1,0,3,21,2759,0,6,0.0,1,0.0,Farabundo Marti National Liberation Front (FMLN)
5199,0,0,0.0,1,0,2,4,5962,0,5,0.0,-9,0.0,Revolutionary Armed Forces of Colombia (FARC)
5200,0,0,1.0,1,0,3,14,13,0,6,0.0,0,0.0,Islamic State of Iraq and the Levant (ISIL)
5201,1,0,0.0,1,0,6,3,5065,0,5,1.0,0,1.0,New People's Army (NPA)
5202,0,0,0.0,1,0,6,14,908,0,5,0.0,0,1.0,New People's Army (NPA)
5203,0,0,0.0,1,0,3,3,5071,0,6,4.0,1,0.0,New People's Army (NPA)
5204,0,0,1.0,1,0,3,14,1327,0,6,3.0,-9,0.0,Muslim extremists
5205,0,0,0.0,1,0,3,2,3003,0,6,0.0,1,0.0,Houthi extremists (Ansar Allah)
5206,0,0,0.0,1,0,3,4,402,0,6,2.0,-9,0.0,Al-Shabaab
5207,0,0,0.0,1,0,2,19,5396,0,5,1.0,1,0.0,Nicaraguan Democratic Force (FDN)
5208,0,0,0.0,1,0,3,2,489,0,6,0.0,1,0.0,African National Congress (South Africa)
5209,0,0,1.0,1,0,3,1,1077,0,6,0.0,1,0.0,Tupac Amaru Revolutionary Movement (MRTA)
5210,0,0,0.0,1,0,2,17,162,0,5,5.0,1,0.0,Al-Qaida in the Arabian Peninsula (AQAP)
5211,0,0,1.0,1,0,7,1,5389,0,5,1.0,1,0.0,Nicaraguan Democratic Force (FDN)
5212,0,0,0.0,0,0,2,14,1888,0,5,0.0,0,0.0,Taliban
5213,0,1,0.0,1,0,3,4,48,0,6,0.0,-9,0.0,Donetsk People's Republic
5214,0,1,0.0,1,0,3,4,2583,0,6,4.0,-9,0.0,Donetsk People's Republic
5215,0,0,0.0,1,0,2,4,2660,0,5,12.0,1,0.0,Nicaraguan Democratic Force (FDN)
5216,0,0,0.0,1,0,2,3,12,0,5,1.0,0,0.0,Maoists
5217,0,0,0.0,1,0,3,1,1855,0,6,18.0,-9,0.0,Boko Haram
5218,0,0,0.0,1,0,2,4,2765,0,5,6.0,1,0.0,Farabundo Marti National Liberation Front (FMLN)
5219,0,0,1.0,1,0,3,19,56,0,6,0.0,1,0.0,Tupac Amaru Revolutionary Movement (MRTA)
5220,0,0,0.0,1,0,7,14,2959,0,8,7.0,1,0.0,Houthi extremists (Ansar Allah)
5221,0,0,0.0,1,0,3,4,48,0,6,0.0,0,0.0,New People's Army (NPA)
5222,0,0,0.0,1,0,3,6,498,0,6,1.0,1,0.0,Muslim extremists
5223,0,0,0.0,1,0,2,4,803,0,5,0.0,1,0.0,Liberation Tigers of Tamil Eelam (LTTE)
5224,0,0,0.0,1,0,7,1,2164,0,8,0.0,1,0.0,Communist Party of India - Maoist (CPI-Maoist)
5225,1,0,1.0,1,0,6,2,4769,0,5,1.0,0,1.0,National Liberation Army of Colombia (ELN)
5226,0,0,0.0,1,0,3,4,12,0,6,0.0,1,0.0,Palestinians
5227,0,0,1.0,1,0,2,4,5546,0,8,0.0,1,0.0,Palestinians
5228,0,0,0.0,1,0,3,8,7354,0,6,0.0,1,0.0,Tupac Amaru Revolutionary Movement (MRTA)
5229,0,0,0.0,1,0,1,4,5683,0,9,1.0,0,0.0,Palestinians
5230,0,1,0.0,0,0,3,14,1812,0,6,0.0,0,0.0,Houthi extremists (Ansar Allah)
5231,0,0,0.0,1,0,2,14,27,0,5,5.0,1,0.0,Fulani extremists
5232,0,0,0.0,1,0,2,4,803,0,5,7.0,1,0.0,Revolutionary Armed Forces of Colombia (FARC)
5233,0,0,0.0,1,0,3,3,418,0,6,1.0,1,0.0,African National Congress (South Africa)
5234,0,0,0.0,1,0,1,14,6478,0,5,6.0,0,0.0,Sikh Extremists
5235,0,0,0.0,1,0,3,4,59,0,6,0.0,1,0.0,Abu Sayyaf Group (ASG)
5236,0,0,0.0,1,0,3,21,410,0,6,0.0,1,0.0,African National Congress (South Africa)
5237,0,0,1.0,1,1,3,4,20,0,6,4.0,-9,0.0,Al-Qaida in the Arabian Peninsula (AQAP)
5238,0,0,1.0,1,0,3,2,531,0,8,0.0,1,0.0,African National Congress (South Africa)
5239,0,1,0.0,1,0,3,4,12,0,6,5.0,1,0.0,Muslim extremists
5240,0,0,0.0,1,0,3,4,48,0,6,6.0,1,0.0,Muslim extremists
5241,0,0,0.0,1,0,3,4,2440,0,6,0.0,1,0.0,Corsican National Liberation Front (FLNC)
5242,1,1,0.0,1,0,6,2,249,0,5,0.0,-9,1.0,Abu Sayyaf Group (ASG)
5243,0,0,0.0,1,0,1,2,1278,0,5,1.0,1,1.0,Al-Shabaab
5244,0,0,1.0,1,0,3,1,1188,0,6,0.0,1,0.0,Corsican National Liberation Front (FLNC)
5245,0,0,0.0,1,0,2,4,4593,1,9,0.0,0,0.0,Muslim extremists
5246,0,0,0.0,1,0,3,3,2105,0,6,11.0,0,0.0,Communist Party of India - Maoist (CPI-Maoist)
5247,0,0,0.0,1,0,3,2,1295,0,6,0.0,1,0.0,Al-Shabaab
5248,0,0,0.0,1,0,2,1,5141,0,5,6.0,1,0.0,New People's Army (NPA)
5249,0,0,0.0,1,0,3,4,495,0,6,1.0,1,0.0,Islamic State of Iraq and the Levant (ISIL)
5250,0,0,1.0,1,0,2,14,27,0,5,1.0,1,0.0,Fulani extremists
5251,0,0,0.0,1,0,2,4,2660,0,5,16.0,1,0.0,Nicaraguan Democratic Force (FDN)
5252,0,0,1.0,1,0,3,14,1327,0,6,4.0,-9,0.0,Muslim extremists
5253,0,0,0.0,0,0,1,3,4175,0,5,0.0,0,0.0,Manuel Rodriguez Patriotic Front (FPMR)
5254,0,0,1.0,1,0,3,20,6,0,6,0.0,0,0.0,Al-Qaida in Iraq
5255,1,0,0.0,1,0,6,14,23,0,5,0.0,0,1.0,Abu Sayyaf Group (ASG)
5256,1,0,0.0,1,0,6,14,276,0,5,0.0,0,1.0,Abu Sayyaf Group (ASG)
5257,0,0,0.0,1,0,3,14,847,0,6,2.0,-9,0.0,Islamic State of Iraq and the Levant (ISIL)
5258,0,0,0.0,1,0,3,3,12,0,6,0.0,0,0.0,Maoists
5259,0,0,1.0,1,0,3,21,4062,0,6,0.0,1,0.0,Manuel Rodriguez Patriotic Front (FPMR)
5260,0,0,1.0,1,0,3,10,3004,0,6,0.0,1,0.0,Houthi extremists (Ansar Allah)
5261,0,0,0.0,1,0,1,3,3265,0,5,2.0,0,0.0,Irish Republican Army (IRA)
5262,0,1,0.0,1,0,2,19,4946,0,5,3.0,1,0.0,National Liberation Army of Colombia (ELN)
5263,0,1,0.0,1,0,3,3,12,0,6,0.0,0,0.0,Maoists
5264,0,0,0.0,1,0,1,2,1436,0,5,1.0,0,0.0,Basque Fatherland and Freedom (ETA)
5265,0,0,1.0,1,0,3,14,2589,0,6,4.0,-9,0.0,Houthi extremists (Ansar Allah)
5266,0,0,0.0,1,0,7,1,4874,0,8,0.0,1,0.0,National Liberation Army of Colombia (ELN)
5267,0,0,0.0,1,0,2,14,344,0,5,0.0,0,0.0,Tehrik-i-Taliban Pakistan (TTP)
5268,0,0,0.0,1,0,2,4,2735,0,5,1.0,1,0.0,Farabundo Marti National Liberation Front (FMLN)
5269,0,0,0.0,1,0,2,4,162,0,5,15.0,1,0.0,Tehrik-i-Taliban Pakistan (TTP)
5270,0,0,0.0,1,0,1,2,3569,0,5,1.0,0,0.0,Kurdistan Workers' Party (PKK)
5271,0,0,0.0,1,0,2,14,2197,0,5,1.0,0,0.0,Communist Party of India - Maoist (CPI-Maoist)
5272,0,0,1.0,1,0,3,1,1616,0,6,0.0,1,0.0,Basque Fatherland and Freedom (ETA)
5273,0,0,0.0,1,0,3,4,172,0,6,0.0,-9,0.0,Houthi extremists (Ansar Allah)
5274,0,0,1.0,1,0,7,1,1989,0,5,0.0,1,0.0,Communist Party of India - Maoist (CPI-Maoist)
5275,0,0,0.0,1,0,1,2,446,0,6,1.0,1,0.0,African National Congress (South Africa)
5276,0,0,0.0,0,0,3,14,3253,0,6,0.0,1,0.0,Irish Republican Army (IRA)
5277,0,0,0.0,1,0,3,1,5961,0,6,0.0,1,0.0,Revolutionary Armed Forces of Colombia (FARC)
5278,0,0,0.0,1,0,2,3,162,0,6,0.0,1,0.0,Al-Shabaab
5279,0,0,0.0,1,0,3,14,3313,0,6,0.0,1,0.0,Irish Republican Army (IRA)
5280,0,0,0.0,1,0,1,22,1487,0,5,1.0,0,0.0,Basque Fatherland and Freedom (ETA)
5281,0,0,1.0,1,0,3,1,4068,0,6,0.0,1,0.0,Manuel Rodriguez Patriotic Front (FPMR)
5282,0,1,0.0,1,0,3,1,112,0,6,0.0,1,0.0,Muslim extremists
5283,0,0,0.0,1,0,3,14,1292,0,6,7.0,1,0.0,Houthi extremists (Ansar Allah)
5284,0,0,0.0,1,0,1,14,6536,0,5,4.0,0,0.0,Sikh Extremists
5285,0,0,0.0,1,0,2,14,13,0,5,146.0,1,0.0,Liberation Tigers of Tamil Eelam (LTTE)
5286,0,0,0.0,1,0,2,2,5135,0,5,6.0,1,0.0,New People's Army (NPA)
5287,0,0,0.0,1,0,2,1,4407,0,5,1.0,0,0.0,Maoists
5288,0,0,0.0,1,0,3,19,631,0,6,0.0,1,0.0,African National Congress (South Africa)
5289,0,0,0.0,1,0,2,2,2092,0,9,1.0,0,0.0,Communist Party of India - Maoist (CPI-Maoist)
5290,0,0,0.0,1,0,7,2,295,0,8,0.0,1,0.0,Shining Path (SL)
5291,0,0,1.0,1,0,2,14,27,0,5,2.0,1,0.0,Fulani extremists
5292,0,0,0.0,1,0,2,8,4647,1,5,4.0,0,0.0,Muslim extremists
5293,0,0,0.0,1,0,1,3,419,0,6,0.0,1,0.0,African National Congress (South Africa)
5294,0,0,0.0,1,0,2,1,1326,0,5,1.0,0,0.0,Al-Shabaab
5295,0,0,0.0,1,0,3,14,1491,0,6,0.0,1,0.0,Palestinians
5296,0,0,0.0,1,0,6,14,908,0,9,0.0,0,0.0,Al-Shabaab
5297,0,0,0.0,1,1,3,14,795,0,6,3.0,1,0.0,Boko Haram
5298,0,0,0.0,1,0,2,15,6513,0,5,2.0,1,0.0,Sikh Extremists
5299,0,0,0.0,1,0,3,2,2493,0,6,0.0,1,0.0,Manuel Rodriguez Patriotic Front (FPMR)
5300,0,1,0.0,1,0,3,3,5665,0,6,1.0,1,0.0,Palestinians
5301,0,0,0.0,1,0,2,15,4672,0,5,0.0,1,0.0,Muslim extremists
5302,0,0,1.0,1,0,2,14,27,0,5,3.0,1,0.0,Fulani extremists
5303,0,0,1.0,1,0,3,1,740,0,6,1.0,1,0.0,Al-Qaida in Iraq
5304,0,0,0.0,1,0,1,3,1609,0,6,1.0,0,0.0,Basque Fatherland and Freedom (ETA)
5305,0,0,0.0,0,0,1,17,1002,0,5,0.0,0,0.0,Al-Qaida in the Arabian Peninsula (AQAP)
5306,0,0,0.0,1,0,2,1,5346,0,5,5.0,1,0.0,Nicaraguan Democratic Force (FDN)
5307,0,0,1.0,1,0,3,1,2553,0,6,0.0,1,0.0,Shining Path (SL)
5308,0,0,0.0,1,0,3,21,2659,0,6,0.0,1,0.0,Farabundo Marti National Liberation Front (FMLN)
5309,0,0,0.0,1,0,6,14,13,0,5,1.0,1,1.0,Tehrik-i-Taliban Pakistan (TTP)
5310,0,0,1.0,1,0,3,4,811,0,6,0.0,1,0.0,Al-Qaida in Iraq
5311,0,0,0.0,1,0,1,2,2725,0,5,1.0,0,0.0,Farabundo Marti National Liberation Front (FMLN)
5312,0,0,0.0,1,0,3,15,318,0,6,0.0,1,0.0,Muslim extremists
5313,0,0,0.0,0,0,3,2,493,0,6,0.0,1,0.0,African National Congress (South Africa)
5314,0,0,1.0,1,0,3,14,1888,0,6,0.0,-9,0.0,Houthi extremists (Ansar Allah)
5315,0,0,0.0,1,0,2,14,6261,0,5,0.0,1,0.0,Shining Path (SL)
5316,0,0,0.0,1,0,3,10,3018,0,6,2.0,1,0.0,Houthi extremists (Ansar Allah)
5317,0,0,0.0,1,0,1,14,5707,0,9,1.0,0,0.0,Palestinians
5318,0,0,0.0,1,0,3,4,48,0,6,20.0,-9,0.0,Donetsk People's Republic
5319,0,0,0.0,1,0,3,7,7289,0,6,0.0,1,0.0,Tupac Amaru Revolutionary Movement (MRTA)
5320,0,0,0.0,1,0,7,1,2352,0,8,0.0,1,0.0,Corsican National Liberation Front (FLNC)
5321,0,0,0.0,1,0,3,15,277,0,8,1.0,1,0.0,Abu Sayyaf Group (ASG)
5322,0,0,0.0,1,0,2,4,931,0,5,0.0,-9,0.0,Donetsk People's Republic
5323,0,0,0.0,0,0,3,6,5833,0,6,0.0,1,0.0,Revolutionary Armed Forces of Colombia (FARC)
5324,0,0,0.0,1,0,1,4,6967,0,5,1.0,0,0.0,Tehrik-i-Taliban Pakistan (TTP)
5325,0,0,0.0,1,0,3,21,2659,0,6,0.0,1,0.0,Farabundo Marti National Liberation Front (FMLN)
5326,0,0,0.0,1,0,3,8,80,0,6,1.0,1,0.0,Basque Fatherland and Freedom (ETA)
5327,0,0,0.0,1,0,1,14,7097,0,5,1.0,1,0.0,Tehrik-i-Taliban Pakistan (TTP)
5328,0,0,0.0,1,0,3,21,3125,0,6,0.0,1,0.0,Irish Republican Army (IRA)
5329,0,0,1.0,1,0,3,21,2710,0,6,0.0,1,0.0,Shining Path (SL)
5330,0,0,0.0,1,1,3,15,1884,0,6,2.0,-9,0.0,Boko Haram
5331,0,0,0.0,1,0,2,14,2147,0,5,3.0,0,0.0,Communist Party of India - Maoist (CPI-Maoist)
5332,0,0,0.0,1,0,7,7,3608,0,9,0.0,-9,0.0,Kurdistan Workers' Party (PKK)
5333,0,0,1.0,1,0,3,14,1888,0,6,0.0,-9,0.0,Houthi extremists (Ansar Allah)
5334,0,0,0.0,1,0,2,14,13,0,6,5.0,1,0.0,Tehrik-i-Taliban Pakistan (TTP)
5335,0,0,0.0,1,0,3,4,803,0,6,0.0,1,0.0,Liberation Tigers of Tamil Eelam (LTTE)
5336,0,0,0.0,1,0,2,14,908,0,5,1.0,0,0.0,Houthi extremists (Ansar Allah)
5337,0,0,1.0,1,0,3,1,4692,0,6,2.0,1,0.0,Muslim extremists
5338,0,0,0.0,0,0,3,21,597,0,6,0.0,1,0.0,African National Congress (South Africa)
5339,0,0,0.0,0,0,2,4,3880,0,5,0.0,1,0.0,Liberation Tigers of Tamil Eelam (LTTE)
5340,0,0,0.0,1,0,6,17,7344,0,5,8.0,0,1.0,Tupac Amaru Revolutionary Movement (MRTA)
5341,0,0,0.0,1,0,7,14,27,0,8,1.0,1,0.0,Fulani extremists
5342,0,1,0.0,1,0,2,4,2660,0,5,1.0,1,0.0,Nicaraguan Democratic Force (FDN)
5343,0,0,0.0,1,0,2,3,452,0,5,1.0,1,0.0,African National Congress (South Africa)
5344,0,0,0.0,1,0,2,14,730,0,5,15.0,1,0.0,Boko Haram
5345,0,1,0.0,1,0,3,21,4809,0,6,0.0,1,0.0,National Liberation Army of Colombia (ELN)
5346,0,0,0.0,1,1,3,14,730,0,6,37.0,1,0.0,Islamic State of Iraq and the Levant (ISIL)
5347,0,0,0.0,1,0,3,4,957,0,6,0.0,1,0.0,Al-Qaida in the Arabian Peninsula (AQAP)
5348,0,0,0.0,1,0,3,4,3023,0,6,1.0,1,0.0,Houthi extremists (Ansar Allah)
5349,0,0,0.0,1,0,7,2,2695,0,8,1.0,1,0.0,Farabundo Marti National Liberation Front (FMLN)
5350,0,0,0.0,1,0,1,14,2886,0,5,3.0,1,0.0,Fulani extremists
5351,0,0,0.0,1,0,3,4,4670,0,6,7.0,1,0.0,Muslim extremists
5352,0,0,0.0,1,0,3,19,5917,0,6,0.0,1,0.0,Revolutionary Armed Forces of Colombia (FARC)
5353,0,0,0.0,1,0,2,14,13,0,5,3.0,0,0.0,Houthi extremists (Ansar Allah)
5354,0,0,0.0,1,0,2,14,1216,0,5,20.0,1,0.0,Fulani extremists
5355,0,0,0.0,1,0,3,19,5923,0,6,2.0,-9,0.0,Revolutionary Armed Forces of Colombia (FARC)
5356,0,1,0.0,1,0,2,4,93,0,5,11.0,0,0.0,Al-Qaida in the Arabian Peninsula (AQAP)
5357,0,0,0.0,1,0,2,1,852,0,5,27.0,1,0.0,Boko Haram
5358,0,0,0.0,1,0,3,1,1638,0,6,0.0,1,0.0,Basque Fatherland and Freedom (ETA)
5359,0,0,1.0,1,0,3,1,2335,0,6,0.0,1,0.0,Corsican National Liberation Front (FLNC)
5360,1,0,0.0,1,0,6,4,1065,0,6,0.0,0,1.0,Al-Qaida in the Arabian Peninsula (AQAP)
5361,0,0,0.0,1,0,2,4,2670,0,5,1.0,1,0.0,Farabundo Marti National Liberation Front (FMLN)
5362,0,0,0.0,1,0,3,14,2814,0,6,1.0,1,0.0,Farabundo Marti National Liberation Front (FMLN)
5363,0,0,1.0,1,1,3,2,219,0,6,8.0,1,0.0,Al-Qaida in Iraq
5364,0,0,0.0,0,0,3,4,895,0,6,4.0,0,0.0,Taliban
5365,0,0,0.0,1,0,3,16,2068,0,6,0.0,1,0.0,Communist Party of India - Maoist (CPI-Maoist)
5366,0,0,1.0,1,0,3,21,2775,0,6,0.0,1,0.0,Farabundo Marti National Liberation Front (FMLN)
5367,0,0,0.0,1,0,3,20,1642,0,6,0.0,1,0.0,Corsican National Liberation Front (FLNC)
5368,0,0,0.0,1,0,3,3,12,0,6,5.0,1,0.0,Taliban
5369,0,0,0.0,0,0,3,16,104,0,6,0.0,0,0.0,Abu Sayyaf Group (ASG)
5370,0,0,0.0,1,0,7,14,530,0,8,0.0,1,0.0,Irish Republican Army (IRA)
5371,0,1,1.0,1,0,2,4,2560,0,6,0.0,0,0.0,Donetsk People's Republic
5372,0,0,0.0,1,0,3,21,420,0,6,0.0,1,0.0,African National Congress (South Africa)
5373,0,1,0.0,1,0,3,14,367,0,6,0.0,1,0.0,Islamic State of Iraq and the Levant (ISIL)
5374,0,0,0.0,0,0,3,14,3011,0,6,0.0,0,0.0,Houthi extremists (Ansar Allah)
5375,0,0,0.0,1,0,3,20,2399,0,6,0.0,1,0.0,Corsican National Liberation Front (FLNC)
5376,0,0,1.0,1,0,3,16,2066,0,6,0.0,1,0.0,Maoists
5377,0,0,0.0,1,1,3,8,1865,0,6,1.0,0,0.0,Boko Haram
5378,0,0,0.0,1,0,3,14,2605,0,6,0.0,0,0.0,Houthi extremists (Ansar Allah)
5379,0,0,1.0,1,0,3,21,2659,0,6,0.0,1,0.0,Shining Path (SL)
5380,0,0,1.0,1,0,2,14,13,0,5,2.0,0,0.0,New People's Army (NPA)
5381,0,0,0.0,1,0,3,4,167,0,6,0.0,1,0.0,Al-Qaida in the Arabian Peninsula (AQAP)
5382,0,1,0.0,1,0,1,3,1067,0,5,1.0,1,0.0,Al-Qaida in the Arabian Peninsula (AQAP)
5383,0,0,0.0,0,0,1,2,211,0,6,0.0,1,0.0,Abu Sayyaf Group (ASG)
5384,0,0,0.0,1,0,2,15,6439,0,5,5.0,1,0.0,Sikh Extremists
5385,0,0,0.0,1,0,2,4,2660,0,5,1.0,1,0.0,Nicaraguan Democratic Force (FDN)
5386,0,0,0.0,1,0,3,4,767,0,6,0.0,0,0.0,Taliban
5387,0,0,0.0,1,0,2,3,514,0,5,3.0,1,0.0,Manuel Rodriguez Patriotic Front (FPMR)
5388,0,0,0.0,1,1,3,3,85,0,6,14.0,1,0.0,Islamic State of Iraq and the Levant (ISIL)
5389,0,0,1.0,1,0,3,4,48,0,6,1.0,-9,0.0,Donetsk People's Republic
5390,0,0,0.0,1,0,8,2,2019,0,9,0.0,1,0.0,Communist Party of India - Maoist (CPI-Maoist)
5391,0,0,0.0,1,0,2,10,1240,0,5,1.0,-9,0.0,Al-Shabaab
5392,0,0,0.0,1,0,2,4,2268,0,5,7.0,0,0.0,Tehrik-i-Taliban Pakistan (TTP)
5393,0,0,0.0,1,0,1,2,3232,0,6,0.0,1,0.0,Irish Republican Army (IRA)
5394,0,0,0.0,1,0,6,1,7214,0,5,0.0,0,1.0,Tupac Amaru Revolutionary Movement (MRTA)
5395,0,0,0.0,1,0,3,2,1568,0,6,0.0,1,0.0,Basque Fatherland and Freedom (ETA)
5396,0,0,1.0,1,0,5,15,215,0,5,0.0,0,1.0,Al-Shabaab
5397,0,0,0.0,1,0,1,4,981,0,5,1.0,0,0.0,Al-Qaida in the Arabian Peninsula (AQAP)
5398,0,0,1.0,1,0,7,1,2553,0,8,0.0,1,0.0,Irish Republican Army (IRA)
5399,0,0,1.0,1,0,2,14,27,0,5,0.0,1,0.0,Fulani extremists
5400,0,0,0.0,1,0,2,3,85,0,5,5.0,0,0.0,Tehrik-i-Taliban Pakistan (TTP)
5401,0,0,0.0,1,0,3,8,2029,0,6,0.0,1,0.0,Communist Party of India - Maoist (CPI-Maoist)
5402,0,0,1.0,1,0,3,19,791,0,6,3.0,1,0.0,Al-Qaida in Iraq
5403,0,0,0.0,1,0,3,21,4877,0,6,0.0,1,0.0,National Liberation Army of Colombia (ELN)
5404,0,0,0.0,1,0,3,15,62,0,6,0.0,1,0.0,Abu Sayyaf Group (ASG)
5405,0,0,0.0,0,0,2,4,20,0,5,2.0,0,0.0,Abu Sayyaf Group (ASG)
5406,0,0,0.0,1,0,3,3,3948,0,6,0.0,0,0.0,Liberation Tigers of Tamil Eelam (LTTE)
5407,0,0,1.0,1,0,3,1,6349,0,6,0.0,1,0.0,Tupac Amaru Revolutionary Movement (MRTA)
5408,0,0,0.0,1,0,2,3,92,0,5,0.0,0,0.0,Abu Sayyaf Group (ASG)
5409,0,0,0.0,1,0,1,1,6255,0,5,1.0,0,0.0,Shining Path (SL)
5410,0,1,1.0,1,0,3,4,2560,0,6,0.0,-9,0.0,Donetsk People's Republic
5411,0,0,0.0,1,0,7,7,3549,0,9,0.0,1,0.0,Kurdistan Workers' Party (PKK)
5412,0,0,0.0,1,0,3,1,801,0,6,0.0,1,0.0,Tupac Amaru Revolutionary Movement (MRTA)
5413,0,0,0.0,1,0,2,4,803,0,5,0.0,1,0.0,Nicaraguan Democratic Force (FDN)
5414,0,0,0.0,0,0,1,2,3615,0,6,0.0,0,0.0,Kurdistan Workers' Party (PKK)
5415,0,0,0.0,0,0,3,3,452,0,6,1.0,1,0.0,African National Congress (South Africa)
5416,0,0,0.0,1,0,3,1,1077,0,6,0.0,1,0.0,Tupac Amaru Revolutionary Movement (MRTA)
5417,0,0,0.0,1,0,3,3,4346,0,6,6.0,1,0.0,Tehrik-i-Taliban Pakistan (TTP)
5418,0,0,0.0,1,0,6,2,4374,0,5,1.0,0,1.0,Maoists
5419,0,0,1.0,1,1,3,14,1873,0,6,9.0,-9,0.0,Boko Haram
5420,0,0,0.0,0,0,3,4,48,0,6,0.0,0,0.0,Maoists
5421,0,0,0.0,1,0,2,4,2750,0,5,8.0,1,0.0,Liberation Tigers of Tamil Eelam (LTTE)
5422,0,0,0.0,0,0,3,20,6,0,6,0.0,0,0.0,Maoists
5423,0,0,0.0,1,0,2,17,734,0,5,5.0,0,0.0,Al-Qaida in Iraq
5424,0,0,0.0,1,1,3,2,1025,0,6,68.0,1,0.0,Al-Qaida in the Arabian Peninsula (AQAP)
5425,0,0,0.0,1,0,1,14,1304,0,5,1.0,0,0.0,Al-Shabaab
5426,0,0,0.0,1,0,6,14,13,0,8,12.0,0,1.0,Islamic State of Iraq and the Levant (ISIL)
5427,0,0,1.0,1,1,3,4,793,0,6,4.0,-9,0.0,Al-Qaida in Iraq
5428,0,0,0.0,1,0,3,8,7046,0,6,0.0,1,0.0,Tehrik-i-Taliban Pakistan (TTP)
5429,0,0,0.0,1,0,2,4,681,0,5,0.0,1,0.0,Farabundo Marti National Liberation Front (FMLN)
5430,0,1,0.0,1,0,2,14,2129,0,5,1.0,0,0.0,Communist Party of India - Maoist (CPI-Maoist)
5431,0,0,1.0,1,1,3,7,6828,0,6,1.0,1,0.0,Taliban
5432,0,1,1.0,1,0,2,14,27,0,5,2.0,1,0.0,Boko Haram
5433,0,0,1.0,1,0,3,14,1257,0,6,0.0,1,0.0,Islamic State of Iraq and the Levant (ISIL)
5434,0,0,0.0,1,1,3,3,846,0,6,0.0,1,0.0,Al-Qaida in Iraq
5435,0,0,0.0,1,0,3,4,3065,0,6,1.0,1,0.0,Irish Republican Army (IRA)
5436,0,0,0.0,1,0,3,14,6,0,6,0.0,0,0.0,Revolutionary Armed Forces of Colombia (FARC)
5437,1,0,0.0,1,0,3,4,291,0,6,117.0,1,-9.0,Boko Haram
5438,0,0,0.0,1,0,3,1,6306,0,6,0.0,1,0.0,Shining Path (SL)
5439,0,1,0.0,1,1,3,4,20,0,6,2.0,-9,0.0,Al-Shabaab
5440,0,0,0.0,0,0,2,4,172,0,5,0.0,0,0.0,Kurdistan Workers' Party (PKK)
5441,0,0,1.0,1,0,3,1,5154,0,6,0.0,1,0.0,New People's Army (NPA)
5442,0,1,0.0,0,1,3,4,3477,0,6,4.0,0,0.0,Islamic State of Iraq and the Levant (ISIL)
5443,0,0,0.0,0,0,3,1,4147,0,6,1.0,1,0.0,Manuel Rodriguez Patriotic Front (FPMR)
5444,0,0,0.0,1,0,3,4,5076,0,6,0.0,0,0.0,New People's Army (NPA)
5445,0,0,1.0,1,0,3,14,1888,0,6,0.0,1,0.0,Muslim extremists
5446,0,0,0.0,1,0,2,3,803,0,5,2.0,1,0.0,Sikh Extremists
5447,0,0,0.0,1,0,3,6,498,0,6,0.0,1,0.0,Muslim extremists
5448,1,0,0.0,1,0,6,1,200,0,5,0.0,-9,1.0,Abu Sayyaf Group (ASG)
5449,0,0,1.0,1,0,1,1,6975,0,5,1.0,0,0.0,Tehrik-i-Taliban Pakistan (TTP)
5450,0,0,1.0,1,0,2,14,27,0,5,8.0,1,0.0,Donetsk People's Republic
5451,0,0,0.0,1,0,2,3,3195,0,5,0.0,1,0.0,Shining Path (SL)
5452,0,1,0.0,0,0,3,4,1248,0,6,0.0,0,0.0,Al-Shabaab
5453,0,0,0.0,1,0,3,1,1494,0,6,0.0,1,0.0,Basque Fatherland and Freedom (ETA)
5454,0,0,0.0,1,0,1,2,6307,0,5,1.0,0,0.0,Shining Path (SL)
5455,0,0,0.0,1,0,3,19,3297,0,6,0.0,1,0.0,Irish Republican Army (IRA)
5456,0,0,0.0,0,0,1,2,5223,0,6,1.0,0,0.0,New People's Army (NPA)
5457,0,0,0.0,1,0,3,14,2441,0,6,0.0,1,0.0,Corsican National Liberation Front (FLNC)
5458,0,0,0.0,0,0,3,20,6,0,6,0.0,0,0.0,Maoists
5459,0,0,0.0,1,0,2,4,3164,0,5,1.0,1,0.0,Irish Republican Army (IRA)
5460,0,0,0.0,1,1,3,4,172,0,6,1.0,0,0.0,Al-Qaida in the Arabian Peninsula (AQAP)
5461,0,0,1.0,1,0,3,2,801,0,6,0.0,1,0.0,Corsican National Liberation Front (FLNC)
5462,0,0,0.0,1,0,2,4,2660,0,5,15.0,1,0.0,Farabundo Marti National Liberation Front (FMLN)
5463,0,0,0.0,1,0,2,3,164,0,5,1.0,1,0.0,Abu Sayyaf Group (ASG)
5464,1,0,1.0,1,0,6,2,1889,0,5,1.0,0,1.0,Boko Haram
5465,0,0,0.0,1,0,3,14,730,0,6,7.0,1,0.0,Islamic State of Iraq and the Levant (ISIL)
5466,0,0,0.0,1,0,2,3,4303,0,5,2.0,0,0.0,Maoists
5467,0,0,0.0,1,0,2,4,5526,0,5,0.0,1,0.0,Palestinians
5468,0,0,1.0,1,0,3,3,3445,0,6,0.0,1,0.0,Islamic State of Iraq and the Levant (ISIL)
5469,0,0,0.0,1,0,2,4,5089,0,5,1.0,1,0.0,New People's Army (NPA)
5470,0,0,0.0,1,0,1,1,1634,0,5,1.0,0,0.0,Basque Fatherland and Freedom (ETA)
5471,0,0,0.0,1,0,3,2,4214,0,6,1.0,1,0.0,Manuel Rodriguez Patriotic Front (FPMR)
5472,1,0,1.0,1,0,6,1,5853,0,5,1.0,0,1.0,Revolutionary Armed Forces of Colombia (FARC)
5473,0,0,0.0,0,0,1,1,3244,0,6,0.0,0,0.0,Irish Republican Army (IRA)
5474,0,0,0.0,1,0,3,21,6003,0,6,0.0,1,0.0,Revolutionary Armed Forces of Colombia (FARC)
5475,0,0,0.0,1,0,3,14,4182,0,6,0.0,1,0.0,Manuel Rodriguez Patriotic Front (FPMR)
5476,0,0,0.0,1,0,2,4,56,0,5,5.0,1,0.0,Muslim extremists
5477,0,0,0.0,1,0,3,21,4762,0,6,0.0,1,0.0,National Liberation Army of Colombia (ELN)
5478,0,0,0.0,1,0,3,3,2490,0,6,0.0,1,0.0,Taliban
5479,0,0,0.0,1,0,3,1,1583,0,6,0.0,1,0.0,Basque Fatherland and Freedom (ETA)
5480,0,1,0.0,1,0,3,4,5393,0,6,108.0,1,0.0,Nicaraguan Democratic Force (FDN)
5481,0,0,1.0,1,1,3,3,85,0,6,12.0,0,0.0,Al-Qaida in Iraq
5482,0,0,1.0,1,0,3,19,233,0,6,0.0,1,0.0,Taliban
5483,1,1,1.0,1,0,6,14,1856,0,5,1.0,0,1.0,Muslim extremists
5484,0,0,0.0,1,0,2,14,5357,0,5,0.0,1,0.0,Nicaraguan Democratic Force (FDN)
5485,0,1,1.0,1,0,2,14,27,0,5,2.0,0,0.0,Fulani extremists
5486,0,0,0.0,1,0,3,4,330,0,6,3.0,1,0.0,Taliban
5487,0,0,0.0,1,0,3,15,90,0,6,0.0,1,0.0,Abu Sayyaf Group (ASG)
5488,0,0,1.0,1,0,2,14,27,0,5,7.0,1,0.0,Fulani extremists
5489,0,0,0.0,1,1,3,1,1077,0,6,90.0,1,0.0,Liberation Tigers of Tamil Eelam (LTTE)
5490,0,0,0.0,1,0,1,2,6303,0,5,1.0,0,0.0,Shining Path (SL)
5491,0,0,0.0,1,0,3,2,3002,0,6,0.0,1,0.0,Houthi extremists (Ansar Allah)
5492,0,0,0.0,0,0,1,2,5860,0,5,0.0,-9,0.0,Revolutionary Armed Forces of Colombia (FARC)
5493,0,0,0.0,1,0,2,14,5981,0,5,0.0,1,1.0,Revolutionary Armed Forces of Colombia (FARC)
5494,0,0,0.0,1,0,3,1,2454,0,6,0.0,1,0.0,Corsican National Liberation Front (FLNC)
5495,0,0,0.0,1,0,2,4,2670,0,5,5.0,1,0.0,Farabundo Marti National Liberation Front (FMLN)
5496,0,0,0.0,1,0,3,4,268,0,6,1.0,0,0.0,National Liberation Army of Colombia (ELN)
5497,0,0,1.0,1,0,7,14,27,0,8,1.0,1,0.0,Fulani extremists
5498,0,1,0.0,1,0,2,14,27,0,5,0.0,1,0.0,Liberation Tigers of Tamil Eelam (LTTE)
5499,0,0,1.0,1,0,3,21,6223,0,6,0.0,1,0.0,Shining Path (SL)
5500,0,0,0.0,1,0,3,17,305,0,6,10.0,-9,0.0,Houthi extremists (Ansar Allah)
5501,0,0,0.0,1,0,2,2,4600,0,5,1.0,0,0.0,Muslim extremists
5502,0,0,0.0,1,0,3,14,6251,0,6,0.0,1,0.0,Shining Path (SL)
5503,0,0,1.0,1,0,3,1,1557,0,6,0.0,1,0.0,Corsican National Liberation Front (FLNC)
5504,0,0,0.0,1,0,2,14,6958,0,5,1.0,0,0.0,Tehrik-i-Taliban Pakistan (TTP)
5505,0,0,0.0,1,0,3,19,1619,0,6,0.0,1,0.0,Farabundo Marti National Liberation Front (FMLN)
5506,0,0,0.0,1,0,2,19,791,0,5,8.0,1,0.0,Kurdistan Workers' Party (PKK)
5507,0,0,1.0,1,0,3,1,2338,0,6,0.0,1,0.0,Corsican National Liberation Front (FLNC)
5508,0,0,0.0,1,0,1,14,6587,0,5,1.0,0,0.0,Sikh Extremists
5509,0,0,0.0,1,0,2,3,12,0,5,3.0,0,0.0,Muslim extremists
5510,1,0,0.0,1,0,1,17,2021,0,6,17.0,0,1.0,Communist Party of India - Maoist (CPI-Maoist)
5511,0,0,0.0,1,0,3,14,2347,0,6,0.0,1,0.0,Corsican National Liberation Front (FLNC)
5512,0,0,0.0,1,0,2,4,681,0,5,4.0,1,0.0,Kurdistan Workers' Party (PKK)
5513,0,0,0.0,1,0,2,14,5242,0,5,1.0,0,0.0,New People's Army (NPA)
5514,0,0,0.0,1,0,2,20,1642,0,5,9.0,0,0.0,Farabundo Marti National Liberation Front (FMLN)
5515,1,0,0.0,1,0,6,14,13,0,5,0.0,0,1.0,Muslim extremists
5516,0,0,1.0,1,0,3,4,20,0,6,1.0,0,0.0,Al-Qaida in Iraq
5517,0,0,0.0,1,0,3,14,27,0,6,31.0,1,0.0,Boko Haram
5518,0,0,1.0,0,0,2,4,4346,0,5,0.0,0,0.0,Tehrik-i-Taliban Pakistan (TTP)
5519,0,0,0.0,1,0,3,21,3652,0,6,0.0,1,0.0,Kurdistan Workers' Party (PKK)
5520,0,0,0.0,1,0,3,3,2490,0,6,0.0,1,0.0,Corsican National Liberation Front (FLNC)
5521,0,0,0.0,0,0,1,3,1053,0,6,0.0,1,0.0,Al-Qaida in the Arabian Peninsula (AQAP)
5522,0,0,0.0,1,0,7,2,2688,0,5,0.0,1,0.0,Farabundo Marti National Liberation Front (FMLN)
5523,0,0,0.0,1,0,1,2,6025,0,5,1.0,0,0.0,Revolutionary Armed Forces of Colombia (FARC)
5524,0,0,0.0,1,0,2,4,2670,0,5,1.0,1,0.0,Revolutionary Armed Forces of Colombia (FARC)
5525,0,0,0.0,0,0,3,14,5894,0,6,0.0,0,0.0,Revolutionary Armed Forces of Colombia (FARC)
5526,0,0,1.0,1,0,2,14,27,0,5,10.0,1,0.0,Fulani extremists
5527,0,0,0.0,1,0,3,2,1476,0,6,1.0,1,0.0,Basque Fatherland and Freedom (ETA)
5528,0,0,0.0,1,0,2,1,6282,0,5,2.0,1,0.0,Shining Path (SL)
5529,1,0,1.0,1,0,2,14,27,0,5,3.0,1,-9.0,Fulani extremists
5530,0,0,0.0,1,0,3,1,1077,0,6,0.0,1,0.0,Basque Fatherland and Freedom (ETA)
5531,1,0,0.0,1,0,6,3,4428,0,5,1.0,0,1.0,Maoists
5532,0,0,0.0,1,0,2,4,7299,0,5,0.0,1,0.0,Tupac Amaru Revolutionary Movement (MRTA)
5533,0,0,0.0,1,0,2,4,2798,0,5,0.0,1,0.0,Farabundo Marti National Liberation Front (FMLN)
5534,0,0,0.0,1,0,3,3,1155,0,6,2.0,0,0.0,Houthi extremists (Ansar Allah)
5535,0,0,0.0,0,0,3,20,6,0,6,0.0,0,0.0,Revolutionary Armed Forces of Colombia (FARC)
5536,0,0,0.0,1,0,1,14,7321,0,5,7.0,0,0.0,Tupac Amaru Revolutionary Movement (MRTA)
5537,0,0,0.0,1,0,3,14,416,0,6,0.0,1,0.0,African National Congress (South Africa)
5538,1,0,0.0,1,0,3,2,801,0,6,0.0,1,0.0,Manuel Rodriguez Patriotic Front (FPMR)
5539,0,0,0.0,1,0,1,14,1819,0,5,3.0,1,0.0,Boko Haram
5540,0,0,0.0,0,0,3,21,4762,0,6,0.0,1,0.0,National Liberation Army of Colombia (ELN)
5541,0,0,0.0,1,0,3,14,2365,0,6,0.0,1,0.0,Corsican National Liberation Front (FLNC)
5542,0,0,0.0,1,0,3,19,6325,0,6,0.0,1,0.0,Shining Path (SL)
5543,0,0,1.0,1,0,3,14,4596,0,6,0.0,1,0.0,Muslim extremists
5544,0,0,0.0,1,0,1,14,4797,0,5,5.0,0,0.0,National Liberation Army of Colombia (ELN)
5545,0,0,1.0,1,0,3,14,5881,0,6,0.0,1,0.0,Revolutionary Armed Forces of Colombia (FARC)
5546,0,0,0.0,1,0,3,4,2968,0,6,0.0,-9,0.0,Houthi extremists (Ansar Allah)
5547,0,0,0.0,1,0,1,3,1618,0,5,1.0,0,0.0,Basque Fatherland and Freedom (ETA)
5548,0,0,0.0,1,0,2,3,1429,0,5,3.0,1,0.0,Basque Fatherland and Freedom (ETA)
5549,1,1,0.0,1,0,6,2,5985,0,5,0.0,0,1.0,Revolutionary Armed Forces of Colombia (FARC)
5550,0,0,0.0,1,0,3,13,133,0,6,0.0,1,0.0,Abu Sayyaf Group (ASG)
5551,0,0,0.0,1,0,2,4,899,0,5,2.0,-9,0.0,Islamic State of Iraq and the Levant (ISIL)
5552,0,0,0.0,1,0,2,22,20,0,6,9.0,0,0.0,Al-Qaida in the Arabian Peninsula (AQAP)
5553,0,0,0.0,1,0,2,4,899,0,6,57.0,1,0.0,Al-Qaida in the Arabian Peninsula (AQAP)
5554,0,1,0.0,1,0,2,4,48,0,5,12.0,0,0.0,Revolutionary Armed Forces of Colombia (FARC)
5555,0,0,0.0,1,0,2,4,268,0,5,1.0,0,0.0,New People's Army (NPA)
5556,1,0,0.0,1,0,6,3,2117,0,5,1.0,0,1.0,Communist Party of India - Maoist (CPI-Maoist)
5557,0,0,0.0,1,0,3,2,3756,0,6,0.0,1,0.0,Liberation Tigers of Tamil Eelam (LTTE)
5558,0,0,0.0,0,0,1,3,1655,0,6,0.0,1,0.0,Basque Fatherland and Freedom (ETA)
5559,0,0,0.0,1,0,3,1,4206,0,6,0.0,1,0.0,Manuel Rodriguez Patriotic Front (FPMR)
5560,0,0,0.0,1,0,2,3,2716,0,5,2.0,1,0.0,Shining Path (SL)
5561,0,0,0.0,1,0,2,3,4058,0,5,0.0,1,0.0,Manuel Rodriguez Patriotic Front (FPMR)
5562,0,0,0.0,1,0,2,3,5206,0,5,0.0,1,0.0,New People's Army (NPA)
5563,0,0,0.0,1,0,2,3,803,0,5,1.0,1,0.0,National Liberation Army of Colombia (ELN)
5564,0,0,0.0,1,0,1,3,6582,0,5,5.0,0,0.0,Sikh Extremists
5565,0,0,0.0,1,0,3,11,5418,0,6,0.0,1,0.0,Nicaraguan Democratic Force (FDN)
5566,0,0,1.0,1,0,6,14,27,0,5,2.0,1,1.0,Fulani extremists
5567,0,0,0.0,1,0,3,2,4679,0,6,16.0,1,0.0,Muslim extremists
5568,0,0,0.0,1,0,2,4,2660,0,5,1.0,1,0.0,Nicaraguan Democratic Force (FDN)
5569,0,0,1.0,1,0,3,14,1888,0,6,1.0,-9,0.0,Boko Haram
5570,0,0,0.0,1,0,2,2,219,0,6,10.0,1,0.0,Houthi extremists (Ansar Allah)
5571,0,0,0.0,1,0,2,14,6486,0,5,10.0,1,0.0,Sikh Extremists
5572,0,0,1.0,1,0,7,15,320,0,8,0.0,1,0.0,Boko Haram
5573,0,0,0.0,1,0,3,4,3918,0,6,8.0,1,0.0,Liberation Tigers of Tamil Eelam (LTTE)
5574,0,0,1.0,1,0,3,1,1557,0,6,0.0,1,0.0,Corsican National Liberation Front (FLNC)
5575,0,0,1.0,1,0,2,14,27,0,5,2.0,1,0.0,Fulani extremists
5576,0,0,1.0,1,0,2,14,27,0,5,4.0,1,0.0,Boko Haram
5577,0,0,0.0,1,0,3,20,6768,0,6,4.0,-9,0.0,Taliban
5578,0,0,0.0,1,0,2,8,1823,0,5,9.0,1,0.0,Boko Haram
5579,0,0,0.0,0,0,3,20,6,0,6,0.0,0,0.0,Islamic State of Iraq and the Levant (ISIL)
5580,0,0,1.0,0,0,2,4,3460,0,5,3.0,0,0.0,Taliban
5581,0,1,0.0,1,0,2,2,6585,0,5,3.0,1,0.0,Sikh Extremists
5582,1,0,0.0,1,0,6,10,4849,0,5,0.0,0,1.0,National Liberation Army of Colombia (ELN)
5583,0,0,0.0,1,0,3,14,216,0,6,0.0,1,0.0,Abu Sayyaf Group (ASG)
5584,0,0,1.0,1,0,3,2,820,0,6,3.0,1,0.0,Al-Qaida in Iraq
5585,0,0,0.0,1,0,2,14,5395,0,5,1.0,1,0.0,Nicaraguan Democratic Force (FDN)
5586,0,0,0.0,1,0,3,21,4762,0,6,0.0,1,0.0,National Liberation Army of Colombia (ELN)
5587,0,0,0.0,1,0,7,1,1976,0,8,0.0,1,0.0,Communist Party of India - Maoist (CPI-Maoist)
5588,0,0,0.0,1,0,3,20,2399,0,6,1.0,1,0.0,Irish Republican Army (IRA)
5589,0,0,0.0,1,0,3,2,2418,0,6,0.0,1,0.0,Corsican National Liberation Front (FLNC)
5590,0,0,0.0,1,0,3,14,6218,0,6,3.0,1,0.0,Shining Path (SL)
5591,0,0,0.0,1,1,3,3,20,0,6,16.0,1,0.0,Islamic State of Iraq and the Levant (ISIL)
5592,0,0,0.0,1,0,6,1,4872,0,5,0.0,0,1.0,National Liberation Army of Colombia (ELN)
5593,0,0,1.0,1,0,3,2,2422,0,6,0.0,1,0.0,Corsican National Liberation Front (FLNC)
5594,0,0,0.0,1,1,3,2,255,0,6,2.0,1,0.0,Abu Sayyaf Group (ASG)
5595,0,0,0.0,1,0,3,6,1351,0,6,0.0,1,0.0,Al-Shabaab
5596,0,0,1.0,1,0,3,1,1077,0,6,0.0,1,0.0,Tupac Amaru Revolutionary Movement (MRTA)
5597,0,0,0.0,0,0,3,14,530,0,6,0.0,0,0.0,Palestinians
5598,0,0,0.0,1,0,3,3,419,0,6,0.0,1,0.0,African National Congress (South Africa)
5599,0,0,1.0,1,0,6,2,2058,0,9,1.0,0,1.0,Communist Party of India - Maoist (CPI-Maoist)
5600,0,0,0.0,1,0,2,14,27,0,5,19.0,1,0.0,Fulani extremists
5601,0,0,0.0,1,0,7,19,701,0,8,0.0,1,0.0,New People's Army (NPA)
5602,0,0,0.0,1,0,3,19,3902,0,6,0.0,1,0.0,Liberation Tigers of Tamil Eelam (LTTE)
5603,0,0,0.0,1,0,1,2,2085,0,5,2.0,-9,0.0,Communist Party of India - Maoist (CPI-Maoist)
5604,0,0,1.0,1,0,3,2,801,0,6,0.0,1,0.0,Corsican National Liberation Front (FLNC)
5605,0,0,0.0,1,0,2,14,27,0,5,6.0,1,0.0,Fulani extremists
5606,0,0,1.0,1,1,3,2,738,0,6,27.0,-9,0.0,Al-Qaida in Iraq
5607,0,0,0.0,1,0,2,4,6445,0,5,2.0,1,0.0,Sikh Extremists
5608,0,0,0.0,0,1,1,3,969,0,6,1.0,1,0.0,Al-Qaida in the Arabian Peninsula (AQAP)
5609,0,1,0.0,1,0,3,19,2059,0,6,36.0,1,0.0,Communist Party of India - Maoist (CPI-Maoist)
5610,0,0,0.0,1,0,3,21,955,0,6,0.0,1,0.0,Houthi extremists (Ansar Allah)
5611,0,0,0.0,1,0,2,14,27,0,5,4.0,1,0.0,Fulani extremists
5612,0,0,1.0,1,0,2,14,27,0,5,0.0,1,0.0,Boko Haram
5613,0,0,0.0,1,0,3,1,854,0,6,43.0,1,0.0,Al-Qaida in Iraq
5614,0,0,0.0,1,0,3,4,4123,0,6,0.0,0,0.0,Manuel Rodriguez Patriotic Front (FPMR)
5615,0,0,1.0,1,0,2,14,27,0,5,10.0,1,0.0,Fulani extremists
5616,0,0,0.0,1,0,2,14,796,0,5,9.0,0,0.0,Sikh Extremists
5617,0,0,0.0,1,0,3,14,1292,0,6,1.0,-9,0.0,Houthi extremists (Ansar Allah)
5618,0,0,0.0,1,0,2,4,803,0,5,0.0,1,0.0,Nicaraguan Democratic Force (FDN)
5619,0,0,0.0,1,0,3,2,6778,0,6,6.0,1,0.0,Taliban
5620,0,0,0.0,1,0,1,2,1038,0,5,1.0,0,0.0,Al-Qaida in the Arabian Peninsula (AQAP)
5621,0,1,0.0,1,0,3,4,162,0,6,3.0,1,0.0,Tehrik-i-Taliban Pakistan (TTP)
5622,0,0,0.0,1,0,2,3,3799,0,5,0.0,1,0.0,Liberation Tigers of Tamil Eelam (LTTE)
5623,0,0,0.0,1,0,2,14,27,0,5,1.0,1,0.0,Fulani extremists
5624,0,0,0.0,1,0,1,2,1622,0,5,1.0,0,0.0,Basque Fatherland and Freedom (ETA)
5625,0,1,0.0,1,0,2,3,803,0,5,1.0,1,0.0,Sikh Extremists
5626,0,0,1.0,1,0,6,14,27,0,9,1.0,1,1.0,Fulani extremists
5627,0,0,0.0,1,0,1,22,6509,0,5,1.0,0,0.0,Sikh Extremists
5628,0,0,1.0,1,0,3,1,740,0,6,1.0,1,0.0,Al-Qaida in Iraq
5629,0,0,0.0,1,0,3,3,437,0,6,0.0,1,0.0,African National Congress (South Africa)
5630,0,0,0.0,1,0,3,1,1077,0,6,0.0,1,0.0,Manuel Rodriguez Patriotic Front (FPMR)
5631,0,0,0.0,1,0,2,14,13,0,5,2.0,0,0.0,Al-Shabaab
5632,1,0,0.0,1,0,6,10,285,0,5,0.0,0,1.0,Abu Sayyaf Group (ASG)
5633,0,0,0.0,1,0,1,14,4771,0,5,2.0,0,0.0,National Liberation Army of Colombia (ELN)
5634,0,0,0.0,1,0,3,3,557,0,6,0.0,1,0.0,African National Congress (South Africa)
5635,0,0,0.0,1,0,3,14,13,0,6,0.0,1,0.0,Al-Shabaab
5636,0,0,0.0,1,0,2,3,3195,0,5,5.0,0,0.0,Taliban
5637,0,0,0.0,1,0,3,1,7198,0,6,0.0,1,0.0,Tupac Amaru Revolutionary Movement (MRTA)
5638,0,0,1.0,1,0,2,4,2563,0,5,3.0,-9,0.0,Donetsk People's Republic
5639,0,0,0.0,1,0,3,1,4890,0,6,0.0,1,0.0,National Liberation Army of Colombia (ELN)
5640,0,0,1.0,1,1,3,14,13,0,6,3.0,0,0.0,Al-Qaida in Iraq
5641,0,0,1.0,1,0,7,1,1077,0,8,0.0,1,0.0,Basque Fatherland and Freedom (ETA)
5642,0,0,0.0,1,0,3,3,1470,0,5,0.0,1,0.0,Basque Fatherland and Freedom (ETA)
5643,0,0,0.0,1,0,2,3,3195,0,5,5.0,1,0.0,Shining Path (SL)
5644,0,0,0.0,1,0,3,11,5358,0,5,1.0,1,0.0,Nicaraguan Democratic Force (FDN)
5645,0,0,1.0,1,1,3,4,56,0,6,9.0,1,0.0,Taliban
5646,0,0,0.0,1,0,3,1,1417,0,6,0.0,1,0.0,Basque Fatherland and Freedom (ETA)
5647,0,0,0.0,1,0,2,4,20,0,5,1.0,-9,0.0,Boko Haram
5648,0,0,1.0,1,0,2,14,6,0,5,14.0,1,0.0,Al-Qaida in Iraq
5649,0,0,0.0,1,0,3,21,5897,0,6,0.0,1,0.0,Revolutionary Armed Forces of Colombia (FARC)
5650,0,0,0.0,1,0,3,16,4163,0,6,0.0,1,0.0,Manuel Rodriguez Patriotic Front (FPMR)
5651,0,0,0.0,1,0,1,4,1512,0,5,1.0,0,0.0,Basque Fatherland and Freedom (ETA)
5652,0,0,0.0,1,0,3,19,5427,0,6,0.0,1,0.0,Nicaraguan Democratic Force (FDN)
5653,0,0,0.0,1,0,2,14,1672,0,5,1.0,1,0.0,Palestinians
5654,0,0,0.0,1,0,3,7,4144,0,6,0.0,1,0.0,Manuel Rodriguez Patriotic Front (FPMR)
5655,0,0,0.0,1,0,3,3,330,0,6,0.0,1,0.0,National Liberation Army of Colombia (ELN)
5656,0,0,0.0,1,0,2,6,498,0,6,40.0,1,0.0,Donetsk People's Republic
5657,0,0,1.0,1,0,3,4,20,0,6,1.0,1,0.0,Muslim extremists
5658,0,0,0.0,1,0,1,14,7057,0,6,1.0,0,0.0,Tehrik-i-Taliban Pakistan (TTP)
5659,0,0,0.0,1,0,2,4,681,0,5,12.0,1,0.0,Kurdistan Workers' Party (PKK)
5660,0,0,0.0,0,0,3,15,5718,0,6,0.0,0,0.0,Palestinians
5661,0,1,0.0,1,0,2,19,791,0,5,3.0,1,0.0,Kurdistan Workers' Party (PKK)
5662,1,0,0.0,1,0,6,4,48,0,6,85.0,-9,1.0,Donetsk People's Republic
5663,0,0,0.0,1,0,3,4,5452,0,5,1.0,1,0.0,Nicaraguan Democratic Force (FDN)
5664,0,0,0.0,1,0,2,4,2660,0,5,2.0,1,0.0,National Liberation Army of Colombia (ELN)
5665,0,0,0.0,1,0,3,4,1316,0,6,1.0,0,0.0,Al-Shabaab
5666,0,0,0.0,1,0,3,1,7286,0,6,0.0,1,0.0,Tupac Amaru Revolutionary Movement (MRTA)
5667,0,1,1.0,1,0,7,1,1557,0,8,0.0,1,0.0,Sikh Extremists
5668,0,0,0.0,1,1,3,14,13,0,6,5.0,-9,0.0,Al-Qaida in the Arabian Peninsula (AQAP)
5669,0,0,0.0,1,0,2,3,803,0,5,1.0,1,0.0,Kurdistan Workers' Party (PKK)
5670,0,0,0.0,1,0,2,3,6845,0,5,1.0,-9,0.0,Taliban
5671,0,0,0.0,1,1,3,14,7092,0,6,45.0,1,0.0,Tehrik-i-Taliban Pakistan (TTP)
5672,0,0,1.0,1,0,3,21,2805,0,6,1.0,1,0.0,Farabundo Marti National Liberation Front (FMLN)
5673,0,0,0.0,1,0,2,4,2660,0,5,1.0,1,0.0,Nicaraguan Democratic Force (FDN)
5674,0,0,0.0,1,0,3,21,6017,0,6,0.0,1,0.0,Revolutionary Armed Forces of Colombia (FARC)
5675,0,0,0.0,1,0,3,1,7343,0,6,0.0,1,0.0,Tupac Amaru Revolutionary Movement (MRTA)
5676,0,0,0.0,1,0,3,20,1642,0,6,0.0,1,0.0,Corsican National Liberation Front (FLNC)
5677,0,0,0.0,0,1,3,20,6,0,6,0.0,0,0.0,Al-Qaida in the Arabian Peninsula (AQAP)
5678,0,0,0.0,0,0,1,14,5599,0,9,0.0,0,0.0,Palestinians
5679,0,1,0.0,1,0,3,4,12,0,6,0.0,0,0.0,New People's Army (NPA)
5680,0,0,0.0,1,0,2,4,2666,0,5,1.0,1,0.0,Nicaraguan Democratic Force (FDN)
5681,0,0,0.0,1,0,2,4,2660,0,5,5.0,1,0.0,New People's Army (NPA)
5682,0,0,0.0,1,0,2,4,330,0,5,3.0,1,0.0,Al-Qaida in the Arabian Peninsula (AQAP)
5683,0,0,0.0,1,1,3,8,6841,0,6,4.0,1,0.0,Taliban
5684,0,1,0.0,1,0,3,4,2587,0,6,1.0,1,0.0,Donetsk People's Republic
5685,0,0,1.0,1,0,3,15,4837,0,6,0.0,1,0.0,National Liberation Army of Colombia (ELN)
5686,0,0,1.0,1,0,3,21,4853,0,6,0.0,1,0.0,National Liberation Army of Colombia (ELN)
5687,0,0,0.0,0,0,7,4,681,0,8,1.0,1,0.0,Palestinians
5688,0,0,0.0,1,0,3,1,527,0,6,0.0,1,0.0,African National Congress (South Africa)
5689,0,0,0.0,1,0,2,14,3937,0,5,0.0,1,0.0,Liberation Tigers of Tamil Eelam (LTTE)
5690,0,0,0.0,1,0,3,2,5864,0,6,0.0,1,0.0,Revolutionary Armed Forces of Colombia (FARC)
5691,0,0,0.0,1,0,3,1,2613,0,6,3.0,1,0.0,Donetsk People's Republic
5692,0,0,1.0,1,0,3,2,801,0,6,0.0,1,0.0,Corsican National Liberation Front (FLNC)
5693,0,0,0.0,1,0,5,14,1501,0,5,0.0,1,1.0,Basque Fatherland and Freedom (ETA)
5694,0,0,1.0,1,0,7,21,4768,0,8,2.0,1,0.0,National Liberation Army of Colombia (ELN)
5695,0,0,0.0,1,0,3,1,2384,0,6,1.0,1,0.0,Tupac Amaru Revolutionary Movement (MRTA)
5696,0,0,1.0,1,0,2,14,13,0,5,3.0,0,0.0,Fulani extremists
5697,0,0,0.0,1,0,2,14,27,0,5,68.0,1,0.0,Boko Haram
5698,0,0,0.0,1,0,1,2,6427,0,5,1.0,0,0.0,Sikh Extremists
5699,0,0,1.0,1,0,2,4,2563,0,5,0.0,-9,0.0,Donetsk People's Republic
5700,0,0,0.0,0,0,2,4,2660,0,5,0.0,1,0.0,Shining Path (SL)
5701,0,1,0.0,1,0,2,14,6598,0,5,12.0,1,0.0,Sikh Extremists
5702,0,0,0.0,1,1,3,4,872,0,6,21.0,-9,0.0,Al-Qaida in Iraq
5703,0,0,0.0,1,0,3,21,4174,0,6,0.0,1,0.0,Manuel Rodriguez Patriotic Front (FPMR)
5704,0,0,0.0,0,0,3,1,1660,0,6,0.0,0,0.0,Basque Fatherland and Freedom (ETA)
5705,0,0,0.0,1,0,2,4,2670,0,5,1.0,1,0.0,Farabundo Marti National Liberation Front (FMLN)
5706,0,1,1.0,1,0,2,4,48,0,6,0.0,-9,0.0,Donetsk People's Republic
5707,0,0,0.0,1,0,2,15,858,0,5,5.0,-9,0.0,Al-Qaida in Iraq
5708,0,0,1.0,1,0,3,14,1888,0,6,13.0,-9,0.0,Houthi extremists (Ansar Allah)
5709,0,0,1.0,1,0,3,14,13,0,6,3.0,0,0.0,Al-Qaida in Iraq
5710,0,1,0.0,1,0,3,8,6986,0,6,0.0,1,0.0,Tehrik-i-Taliban Pakistan (TTP)
5711,0,0,0.0,1,0,3,3,4056,0,6,0.0,1,0.0,Manuel Rodriguez Patriotic Front (FPMR)
5712,0,0,0.0,0,0,1,3,3066,0,5,0.0,0,0.0,Irish Republican Army (IRA)
5713,0,0,0.0,1,0,2,14,2881,0,5,6.0,0,0.0,Fulani extremists
5714,1,0,0.0,1,0,6,10,2994,0,5,1.0,0,1.0,Houthi extremists (Ansar Allah)
5715,0,0,1.0,1,1,3,7,20,0,6,1.0,1,0.0,Muslim extremists
5716,0,0,0.0,1,0,3,14,5572,0,6,7.0,1,0.0,Palestinians
5717,0,1,1.0,1,0,3,3,12,0,6,0.0,0,0.0,Al-Shabaab
5718,0,0,0.0,1,0,3,4,48,0,6,1.0,0,0.0,Islamic State of Iraq and the Levant (ISIL)
5719,0,0,0.0,1,0,2,4,1574,0,5,8.0,1,0.0,Kurdistan Workers' Party (PKK)
5720,0,0,0.0,1,0,3,4,162,0,6,5.0,1,0.0,Kurdistan Workers' Party (PKK)
5721,0,0,0.0,1,0,3,12,1302,0,6,1.0,1,0.0,Al-Shabaab
5722,0,0,0.0,1,0,3,14,13,0,6,4.0,0,0.0,Taliban
5723,0,0,0.0,1,0,1,3,1689,0,5,1.0,0,0.0,Basque Fatherland and Freedom (ETA)
5724,0,0,0.0,1,0,3,3,804,0,6,3.0,1,0.0,Maoists
5725,0,0,0.0,1,0,3,19,7331,0,6,0.0,1,0.0,Tupac Amaru Revolutionary Movement (MRTA)
5726,0,0,0.0,1,0,2,3,1413,0,5,0.0,1,0.0,Basque Fatherland and Freedom (ETA)
5727,0,0,0.0,1,0,2,19,56,0,5,20.0,1,0.0,Liberation Tigers of Tamil Eelam (LTTE)
5728,0,0,0.0,1,0,2,4,5388,0,5,80.0,1,0.0,Nicaraguan Democratic Force (FDN)
5729,0,0,0.0,1,0,2,14,5384,0,5,1.0,1,0.0,Nicaraguan Democratic Force (FDN)
5730,0,0,1.0,1,0,3,15,1845,0,6,6.0,1,0.0,Boko Haram
5731,0,0,1.0,1,0,2,14,27,0,5,3.0,-9,0.0,Fulani extremists
5732,0,0,0.0,1,0,3,16,891,0,6,0.0,1,0.0,Liberation Tigers of Tamil Eelam (LTTE)
5733,0,0,0.0,1,0,2,14,6292,0,5,10.0,1,0.0,Shining Path (SL)
5734,0,0,0.0,1,1,3,7,863,0,6,3.0,0,0.0,Al-Qaida in Iraq
5735,0,0,1.0,1,0,3,1,4687,0,6,0.0,1,0.0,Muslim extremists
5736,0,0,0.0,1,0,2,3,622,0,5,1.0,1,0.0,Corsican National Liberation Front (FLNC)
5737,0,0,1.0,1,0,3,4,12,0,6,3.0,0,0.0,Islamic State of Iraq and the Levant (ISIL)
5738,0,0,1.0,1,0,3,14,4105,0,6,0.0,1,0.0,Manuel Rodriguez Patriotic Front (FPMR)
5739,0,0,1.0,0,0,7,1,2553,0,8,0.0,1,0.0,Irish Republican Army (IRA)
5740,0,0,0.0,1,0,3,6,498,0,6,1.0,1,0.0,Corsican National Liberation Front (FLNC)
5741,0,0,1.0,1,0,3,1,2338,0,6,0.0,1,0.0,Corsican National Liberation Front (FLNC)
5742,0,0,0.0,1,0,2,14,2720,0,5,1.0,1,0.0,Farabundo Marti National Liberation Front (FMLN)
5743,0,0,0.0,1,0,2,4,5921,0,5,1.0,0,0.0,Revolutionary Armed Forces of Colombia (FARC)
5744,0,1,0.0,1,0,3,16,6004,0,6,0.0,1,0.0,Revolutionary Armed Forces of Colombia (FARC)
5745,0,0,0.0,1,0,2,1,716,0,5,0.0,1,0.0,Manuel Rodriguez Patriotic Front (FPMR)
5746,0,0,0.0,1,0,2,4,2660,0,5,1.0,1,0.0,Nicaraguan Democratic Force (FDN)
5747,0,0,1.0,1,0,2,14,27,0,5,3.0,1,0.0,Boko Haram
5748,0,0,0.0,1,0,2,4,330,0,6,0.0,1,0.0,New People's Army (NPA)
5749,0,1,1.0,1,0,3,3,219,0,6,0.0,1,0.0,Maoists
5750,0,0,0.0,1,0,2,14,6998,0,6,2.0,1,0.0,Tehrik-i-Taliban Pakistan (TTP)
5751,0,1,0.0,0,0,3,21,5830,0,6,0.0,0,0.0,Revolutionary Armed Forces of Colombia (FARC)
5752,0,0,0.0,1,0,2,4,2660,0,5,1.0,1,0.0,Nicaraguan Democratic Force (FDN)
5753,0,0,0.0,1,0,2,14,47,0,5,22.0,0,0.0,Boko Haram
5754,0,0,1.0,1,1,3,19,56,0,6,13.0,1,0.0,Boko Haram
5755,0,0,1.0,1,0,7,15,215,0,8,0.0,1,0.0,Taliban
5756,0,0,0.0,1,0,2,14,27,0,6,2.0,1,0.0,Boko Haram
5757,0,0,1.0,1,0,3,16,6245,0,6,0.0,1,0.0,Shining Path (SL)
5758,0,0,0.0,1,0,3,14,2339,0,6,0.0,1,0.0,Corsican National Liberation Front (FLNC)
5759,0,0,0.0,1,0,2,14,2786,0,5,1.0,1,0.0,Farabundo Marti National Liberation Front (FMLN)
5760,0,0,0.0,1,0,2,22,803,0,5,3.0,1,0.0,Liberation Tigers of Tamil Eelam (LTTE)
5761,0,0,0.0,1,0,3,2,1650,0,6,1.0,1,0.0,Sikh Extremists
5762,0,0,0.0,1,0,2,14,1996,0,5,0.0,0,0.0,Communist Party of India - Maoist (CPI-Maoist)
5763,0,0,0.0,1,0,1,2,495,0,5,4.0,0,0.0,Farabundo Marti National Liberation Front (FMLN)
5764,0,0,0.0,1,0,3,3,1885,0,6,0.0,0,0.0,Boko Haram
5765,0,0,0.0,1,0,2,22,59,0,5,7.0,1,0.0,African National Congress (South Africa)
5766,0,0,0.0,1,0,2,4,803,0,5,0.0,1,0.0,Farabundo Marti National Liberation Front (FMLN)
5767,0,0,1.0,1,0,3,14,6012,0,6,1.0,0,0.0,Revolutionary Armed Forces of Colombia (FARC)
5768,0,0,0.0,1,0,2,4,2666,0,5,1.0,1,0.0,Nicaraguan Democratic Force (FDN)
5769,1,0,0.0,1,0,6,2,4861,0,5,0.0,0,1.0,National Liberation Army of Colombia (ELN)
5770,0,0,1.0,0,0,2,3,167,0,5,0.0,0,0.0,Maoists
5771,0,0,1.0,1,0,2,4,228,0,5,1.0,1,0.0,Al-Shabaab
5772,0,0,1.0,1,0,2,4,2958,0,5,8.0,1,0.0,Tehrik-i-Taliban Pakistan (TTP)
5773,0,0,0.0,1,0,3,21,2659,0,6,0.0,1,0.0,Manuel Rodriguez Patriotic Front (FPMR)
5774,0,0,1.0,1,0,3,4,701,0,6,0.0,1,0.0,Al-Qaida in the Arabian Peninsula (AQAP)
5775,0,0,0.0,1,0,2,14,3567,0,5,2.0,1,0.0,Kurdistan Workers' Party (PKK)
5776,0,0,0.0,1,0,6,14,3314,0,5,1.0,0,0.0,Irish Republican Army (IRA)
5777,0,0,0.0,1,0,3,20,1642,0,6,0.0,1,0.0,Corsican National Liberation Front (FLNC)
5778,0,0,0.0,0,0,3,4,120,0,6,0.0,0,0.0,Abu Sayyaf Group (ASG)
5779,0,1,0.0,1,0,3,14,13,0,6,0.0,0,0.0,Maoists
5780,0,0,0.0,1,0,3,3,2100,0,6,0.0,0,0.0,Communist Party of India - Maoist (CPI-Maoist)
5781,0,0,0.0,1,1,3,17,849,0,6,43.0,1,0.0,Al-Qaida in Iraq
5782,0,0,0.0,1,0,2,3,330,0,5,1.0,1,0.0,Kurdistan Workers' Party (PKK)
5783,0,0,1.0,1,0,3,8,51,0,6,0.0,1,0.0,Shining Path (SL)
5784,0,0,0.0,1,0,3,2,6417,0,6,2.0,1,0.0,Sikh Extremists
5785,0,0,0.0,1,0,3,8,7044,0,6,0.0,1,0.0,Tehrik-i-Taliban Pakistan (TTP)
5786,0,0,0.0,1,0,2,3,172,0,5,0.0,1,0.0,Shining Path (SL)
5787,0,0,0.0,1,0,3,14,558,0,6,2.0,1,0.0,Palestinians
5788,0,0,0.0,1,0,3,3,445,0,6,1.0,1,0.0,African National Congress (South Africa)
5789,0,1,0.0,1,0,3,14,1327,0,6,3.0,-9,0.0,Islamic State of Iraq and the Levant (ISIL)
5790,0,0,0.0,1,0,2,4,2949,0,5,1.0,1,0.0,Houthi extremists (Ansar Allah)
5791,0,0,0.0,1,0,2,4,162,0,5,1.0,-9,0.0,Tehrik-i-Taliban Pakistan (TTP)
5792,0,0,0.0,1,0,3,14,1812,0,6,0.0,-9,0.0,Donetsk People's Republic
5793,0,0,0.0,1,0,3,21,4892,0,6,0.0,1,0.0,National Liberation Army of Colombia (ELN)
5794,0,0,0.0,1,0,1,2,1577,0,5,1.0,0,0.0,Basque Fatherland and Freedom (ETA)
5795,0,0,0.0,1,0,2,3,3170,0,5,2.0,1,0.0,Irish Republican Army (IRA)
5796,0,0,0.0,0,0,1,3,4645,0,6,0.0,1,0.0,Muslim extremists
5797,0,0,1.0,1,0,2,4,48,0,6,0.0,0,0.0,Donetsk People's Republic
5798,0,0,0.0,1,0,7,1,5889,0,8,0.0,1,0.0,Revolutionary Armed Forces of Colombia (FARC)
5799,0,0,0.0,1,0,3,14,2901,0,6,1.0,0,0.0,Islamic State of Iraq and the Levant (ISIL)
5800,0,0,0.0,1,0,3,4,138,0,6,6.0,-9,0.0,Abu Sayyaf Group (ASG)
5801,0,0,1.0,1,0,7,19,56,0,8,0.0,1,0.0,Manuel Rodriguez Patriotic Front (FPMR)
5802,1,0,0.0,1,0,6,1,135,0,5,1.0,0,1.0,Abu Sayyaf Group (ASG)
5803,0,0,0.0,1,0,1,2,1237,0,9,1.0,0,0.0,Al-Shabaab
5804,0,0,0.0,1,0,3,1,4687,0,6,0.0,1,0.0,Palestinians
5805,0,0,0.0,1,0,3,14,1327,0,6,1.0,-9,0.0,Houthi extremists (Ansar Allah)
5806,0,0,0.0,1,0,3,2,4119,0,6,1.0,1,0.0,Manuel Rodriguez Patriotic Front (FPMR)
5807,0,1,0.0,1,0,3,4,190,0,6,1.0,1,0.0,Abu Sayyaf Group (ASG)
5808,0,0,1.0,1,1,3,4,767,0,6,10.0,1,0.0,Al-Qaida in the Arabian Peninsula (AQAP)
5809,0,0,1.0,1,0,3,21,5980,0,6,0.0,1,0.0,Revolutionary Armed Forces of Colombia (FARC)
5810,1,0,0.0,1,0,4,4,20,0,6,5.0,1,1.0,Houthi extremists (Ansar Allah)
5811,0,0,0.0,1,0,1,2,6985,0,5,3.0,1,0.0,Tehrik-i-Taliban Pakistan (TTP)
5812,0,0,0.0,1,0,2,4,2660,0,5,1.0,1,0.0,Farabundo Marti National Liberation Front (FMLN)
5813,0,0,0.0,1,0,3,14,1257,0,6,5.0,-9,0.0,Houthi extremists (Ansar Allah)
5814,0,0,0.0,1,0,3,14,1672,0,6,0.0,1,0.0,Tupac Amaru Revolutionary Movement (MRTA)
5815,0,0,0.0,1,0,3,14,4372,0,6,0.0,1,0.0,Maoists
5816,0,1,0.0,0,0,3,20,6,0,6,0.0,0,0.0,Muslim extremists
5817,0,0,0.0,1,0,3,21,430,0,6,0.0,1,0.0,African National Congress (South Africa)
5818,0,0,1.0,1,0,3,1,4588,0,6,0.0,0,0.0,Muslim extremists
5819,0,0,1.0,1,0,2,15,318,0,5,6.0,1,0.0,Boko Haram
5820,0,0,0.0,1,0,2,2,1341,0,5,1.0,0,0.0,Al-Shabaab
5821,0,0,0.0,1,0,2,3,5988,0,5,1.0,0,0.0,Revolutionary Armed Forces of Colombia (FARC)
5822,0,0,0.0,1,0,3,4,435,0,6,1.0,1,0.0,African National Congress (South Africa)
5823,0,0,0.0,1,0,3,14,1257,0,6,1.0,1,0.0,Donetsk People's Republic
5824,0,0,0.0,1,1,1,2,6801,0,6,24.0,-9,0.0,Taliban
5825,0,0,0.0,1,0,7,8,51,0,8,0.0,1,0.0,Kurdistan Workers' Party (PKK)
5826,0,0,1.0,1,0,3,15,757,0,6,0.0,1,0.0,Al-Qaida in Iraq
5827,0,0,0.0,1,0,2,14,3559,0,5,8.0,1,0.0,Kurdistan Workers' Party (PKK)
5828,0,0,0.0,1,0,7,19,701,0,5,0.0,1,0.0,New People's Army (NPA)
5829,0,0,0.0,1,0,3,4,2809,0,6,0.0,1,0.0,Farabundo Marti National Liberation Front (FMLN)
5830,0,0,0.0,1,0,2,4,2694,0,5,1.0,1,0.0,Farabundo Marti National Liberation Front (FMLN)
5831,0,1,0.0,1,0,7,1,1985,0,8,0.0,1,0.0,Communist Party of India - Maoist (CPI-Maoist)
5832,0,0,1.0,1,0,3,1,4881,0,6,2.0,1,0.0,National Liberation Army of Colombia (ELN)
5833,0,0,0.0,1,0,1,14,3240,0,5,1.0,0,0.0,Irish Republican Army (IRA)
5834,0,0,0.0,1,0,2,4,2563,0,6,0.0,-9,0.0,Donetsk People's Republic
5835,0,0,0.0,1,0,1,1,1569,0,5,1.0,0,0.0,Basque Fatherland and Freedom (ETA)
5836,0,1,1.0,1,0,7,1,1965,0,8,0.0,1,0.0,Communist Party of India - Maoist (CPI-Maoist)
5837,0,0,0.0,1,0,3,10,4066,0,6,0.0,1,0.0,Manuel Rodriguez Patriotic Front (FPMR)
5838,0,0,0.0,1,0,3,4,12,0,6,2.0,0,0.0,Islamic State of Iraq and the Levant (ISIL)
5839,0,1,1.0,1,0,3,21,5827,0,6,0.0,1,0.0,Revolutionary Armed Forces of Colombia (FARC)
5840,0,0,0.0,1,0,1,14,2875,0,5,1.0,1,0.0,Fulani extremists
5841,0,0,0.0,1,0,2,3,3140,0,5,1.0,1,0.0,Irish Republican Army (IRA)
5842,0,0,0.0,1,0,2,2,6327,0,5,0.0,1,0.0,Shining Path (SL)
5843,0,0,0.0,1,0,3,19,791,0,6,0.0,1,0.0,Revolutionary Armed Forces of Colombia (FARC)
5844,0,0,1.0,1,1,3,3,85,0,6,1.0,1,0.0,Al-Qaida in Iraq
5845,0,0,0.0,1,0,3,3,85,0,6,0.0,0,0.0,Communist Party of India - Maoist (CPI-Maoist)
5846,0,0,0.0,1,0,2,4,2660,0,5,5.0,1,0.0,Farabundo Marti National Liberation Front (FMLN)
5847,0,0,1.0,1,0,2,3,1574,0,5,0.0,1,0.0,Corsican National Liberation Front (FLNC)
5848,0,0,0.0,1,0,2,3,1974,0,5,1.0,0,0.0,Communist Party of India - Maoist (CPI-Maoist)
5849,0,1,1.0,1,0,3,21,2659,0,6,0.0,1,0.0,Shining Path (SL)
5850,0,0,0.0,1,0,3,14,1327,0,6,1.0,-9,0.0,Islamic State of Iraq and the Levant (ISIL)
5851,0,0,0.0,1,0,3,4,2758,0,6,0.0,1,0.0,Farabundo Marti National Liberation Front (FMLN)
5852,0,0,0.0,1,0,2,2,5227,0,5,0.0,1,0.0,Nicaraguan Democratic Force (FDN)
5853,0,0,0.0,1,0,2,3,4346,0,5,4.0,1,0.0,Taliban
5854,0,0,0.0,1,0,1,7,4426,0,5,1.0,-9,0.0,Maoists
5855,0,0,0.0,1,0,3,14,5550,0,6,0.0,1,0.0,Palestinians
5856,0,0,0.0,1,0,2,3,85,0,5,2.0,0,0.0,Maoists
5857,0,0,0.0,1,0,3,14,6285,0,5,3.0,1,0.0,Shining Path (SL)
5858,0,0,0.0,1,0,2,15,4654,0,9,1.0,0,0.0,Muslim extremists
5859,1,0,0.0,1,0,7,1,5195,0,8,0.0,1,1.0,New People's Army (NPA)
5860,0,1,0.0,0,0,2,3,12,0,5,1.0,0,0.0,Maoists
5861,0,0,0.0,1,0,2,1,6573,0,5,1.0,1,0.0,Sikh Extremists
5862,0,0,0.0,1,0,2,2,1825,0,5,1.0,0,0.0,Boko Haram
5863,0,0,0.0,1,0,3,4,48,0,6,3.0,0,0.0,Al-Shabaab
5864,0,0,1.0,1,0,2,14,27,0,5,33.0,1,0.0,Fulani extremists
5865,0,0,0.0,1,0,7,16,5133,0,5,0.0,1,0.0,New People's Army (NPA)
5866,0,0,0.0,1,0,6,14,1959,0,9,1.0,0,1.0,Communist Party of India - Maoist (CPI-Maoist)
5867,0,0,0.0,0,0,3,6,498,0,6,0.0,0,0.0,Houthi extremists (Ansar Allah)
5868,0,0,0.0,0,0,3,3,330,0,6,0.0,1,0.0,Irish Republican Army (IRA)
5869,0,0,0.0,1,0,1,14,1253,0,5,2.0,1,0.0,Al-Shabaab
5870,0,0,1.0,1,0,3,14,1222,0,6,3.0,1,0.0,Al-Shabaab
5871,0,0,0.0,1,0,2,4,2660,0,5,0.0,1,0.0,Farabundo Marti National Liberation Front (FMLN)
5872,0,0,0.0,1,0,2,4,1033,0,6,1.0,-9,0.0,Al-Shabaab
5873,0,0,0.0,1,0,1,4,3117,0,5,1.0,0,0.0,Irish Republican Army (IRA)
5874,0,0,0.0,1,0,3,4,5642,0,6,0.0,1,0.0,Palestinians
5875,0,0,0.0,1,0,3,1,1665,0,6,0.0,1,0.0,Basque Fatherland and Freedom (ETA)
5876,1,0,0.0,1,0,6,18,203,0,6,1.0,0,1.0,Abu Sayyaf Group (ASG)
5877,0,0,0.0,1,0,2,14,3472,0,5,1.0,0,0.0,Islamic State of Iraq and the Levant (ISIL)
5878,1,0,0.0,1,0,6,1,4833,0,5,0.0,0,1.0,National Liberation Army of Colombia (ELN)
5879,0,1,0.0,1,0,5,4,402,0,6,15.0,1,1.0,Al-Shabaab
5880,0,0,0.0,1,0,1,22,4342,0,5,1.0,0,0.0,Maoists
5881,0,0,0.0,1,0,3,1,1652,0,6,1.0,1,0.0,Basque Fatherland and Freedom (ETA)
5882,0,0,0.0,1,0,2,3,20,0,5,4.0,0,0.0,Taliban
5883,0,0,0.0,1,0,3,21,6136,0,6,1.0,1,0.0,Shining Path (SL)
5884,0,0,0.0,1,0,2,10,7196,0,5,0.0,1,0.0,Tupac Amaru Revolutionary Movement (MRTA)
5885,0,0,0.0,1,0,3,2,501,0,6,0.0,1,0.0,African National Congress (South Africa)
5886,0,0,1.0,1,0,3,3,2359,0,6,0.0,1,0.0,Corsican National Liberation Front (FLNC)
5887,0,1,0.0,1,0,2,2,5381,0,5,0.0,1,0.0,Nicaraguan Democratic Force (FDN)
5888,0,0,0.0,0,0,3,14,5590,0,6,0.0,1,0.0,Palestinians
5889,0,0,1.0,1,0,2,17,2958,0,6,0.0,-9,0.0,Houthi extremists (Ansar Allah)
5890,0,0,1.0,1,0,3,2,827,0,6,0.0,0,0.0,Al-Qaida in Iraq
5891,0,0,1.0,1,0,3,14,13,0,6,2.0,0,0.0,Al-Qaida in Iraq
5892,1,0,0.0,1,0,6,7,2572,0,5,0.0,0,1.0,Donetsk People's Republic
5893,0,0,0.0,1,0,7,1,1847,0,8,0.0,1,0.0,Farabundo Marti National Liberation Front (FMLN)
5894,0,0,0.0,1,0,2,14,6717,0,5,3.0,-9,0.0,Taliban
5895,0,0,0.0,1,0,3,1,427,0,6,0.0,1,0.0,Manuel Rodriguez Patriotic Front (FPMR)
5896,0,1,0.0,1,0,2,4,2660,0,5,8.0,1,0.0,Nicaraguan Democratic Force (FDN)
5897,0,0,1.0,1,0,2,14,27,0,5,50.0,1,0.0,Fulani extremists
5898,0,0,1.0,1,0,3,1,1188,0,6,0.0,1,0.0,Tupac Amaru Revolutionary Movement (MRTA)
5899,0,0,0.0,0,0,1,2,6464,0,5,0.0,0,0.0,Sikh Extremists
5900,0,0,0.0,1,0,3,14,5667,0,6,0.0,1,0.0,Palestinians
5901,0,0,0.0,0,0,3,4,2356,0,6,0.0,0,0.0,Corsican National Liberation Front (FLNC)
5902,0,0,1.0,1,0,3,21,6223,0,6,0.0,1,0.0,Shining Path (SL)
5903,0,0,0.0,1,0,2,3,175,0,5,7.0,-9,0.0,Fulani extremists
5904,0,0,1.0,1,0,7,2,1867,0,8,0.0,1,0.0,Boko Haram
5905,0,0,1.0,1,0,2,14,13,0,5,3.0,0,0.0,Fulani extremists
5906,0,0,1.0,1,1,3,3,804,0,6,2.0,1,0.0,Al-Qaida in Iraq
5907,0,0,0.0,1,0,1,14,4948,0,5,8.0,0,0.0,Revolutionary Armed Forces of Colombia (FARC)
5908,0,0,0.0,1,0,3,14,4128,0,6,1.0,1,0.0,Manuel Rodriguez Patriotic Front (FPMR)
5909,0,0,0.0,1,0,3,2,2111,0,6,0.0,-9,0.0,Communist Party of India - Maoist (CPI-Maoist)
5910,0,1,0.0,1,0,3,4,3869,0,6,12.0,1,0.0,Liberation Tigers of Tamil Eelam (LTTE)
5911,0,0,0.0,1,0,3,14,4192,0,6,0.0,1,0.0,Manuel Rodriguez Patriotic Front (FPMR)
5912,0,0,0.0,0,0,1,2,1817,0,5,5.0,1,0.0,Boko Haram
5913,0,0,0.0,1,0,3,14,730,0,6,3.0,1,0.0,Tupac Amaru Revolutionary Movement (MRTA)
5914,0,0,1.0,1,0,2,14,27,0,5,3.0,0,0.0,Fulani extremists
5915,0,1,0.0,1,0,2,14,13,0,5,2.0,1,0.0,Abu Sayyaf Group (ASG)
5916,0,0,0.0,1,0,3,4,1477,0,6,0.0,1,0.0,Basque Fatherland and Freedom (ETA)
5917,0,0,0.0,1,0,2,4,908,0,5,0.0,0,0.0,Liberation Tigers of Tamil Eelam (LTTE)
5918,0,0,0.0,1,0,7,1,5447,0,5,0.0,1,0.0,Nicaraguan Democratic Force (FDN)
5919,0,0,0.0,1,0,2,2,5229,0,5,1.0,-9,0.0,New People's Army (NPA)
5920,0,1,1.0,1,0,2,14,774,0,5,8.0,0,0.0,Al-Qaida in Iraq
5921,0,0,1.0,1,0,3,21,198,0,6,0.0,1,0.0,National Liberation Army of Colombia (ELN)
5922,0,0,0.0,1,0,1,3,3310,0,5,1.0,0,1.0,Irish Republican Army (IRA)
5923,0,0,0.0,1,0,3,4,48,0,6,0.0,-9,0.0,Donetsk People's Republic
5924,0,0,0.0,1,0,3,1,755,0,6,6.0,1,0.0,Al-Shabaab
5925,0,0,0.0,1,0,3,4,435,0,6,0.0,1,0.0,African National Congress (South Africa)
5926,0,0,0.0,1,0,2,4,48,0,5,5.0,0,0.0,Muslim extremists
5927,0,0,0.0,1,0,1,14,6527,0,5,7.0,0,0.0,Sikh Extremists
5928,0,0,0.0,1,0,2,3,5042,0,5,3.0,1,0.0,New People's Army (NPA)
5929,0,0,0.0,1,0,7,1,3556,0,8,0.0,1,0.0,Kurdistan Workers' Party (PKK)
5930,0,0,0.0,0,0,3,3,1548,0,6,0.0,1,0.0,Basque Fatherland and Freedom (ETA)
5931,0,0,0.0,1,0,2,1,59,0,5,2.0,1,0.0,Nicaraguan Democratic Force (FDN)
5932,0,0,1.0,1,0,2,3,20,0,5,14.0,0,0.0,Al-Qaida in Iraq
5933,1,0,0.0,1,0,6,4,5957,0,5,0.0,0,1.0,Revolutionary Armed Forces of Colombia (FARC)
5934,0,0,0.0,1,0,2,4,55,0,5,2.0,0,0.0,Abu Sayyaf Group (ASG)
5935,0,0,0.0,1,0,3,1,6240,0,6,1.0,1,0.0,Shining Path (SL)
5936,0,0,0.0,1,0,3,2,2126,0,6,1.0,-9,0.0,Communist Party of India - Maoist (CPI-Maoist)
5937,0,0,0.0,1,0,3,2,7330,0,6,0.0,1,0.0,Tupac Amaru Revolutionary Movement (MRTA)
5938,0,0,0.0,1,0,3,1,7318,0,6,0.0,1,0.0,Tupac Amaru Revolutionary Movement (MRTA)
5939,0,0,1.0,1,0,3,19,6005,0,8,1.0,1,0.0,Revolutionary Armed Forces of Colombia (FARC)
5940,0,0,1.0,1,0,3,3,92,0,6,0.0,1,0.0,Al-Shabaab
5941,0,0,0.0,1,0,3,4,162,0,6,3.0,1,0.0,Al-Qaida in the Arabian Peninsula (AQAP)
5942,0,0,0.0,0,0,2,14,3620,0,5,0.0,1,0.0,Kurdistan Workers' Party (PKK)
5943,0,1,0.0,1,0,2,14,3630,0,5,1.0,1,0.0,Kurdistan Workers' Party (PKK)
5944,0,1,0.0,1,0,2,22,444,0,5,6.0,1,0.0,African National Congress (South Africa)
5945,0,0,0.0,1,1,3,22,6939,0,6,10.0,0,0.0,Tehrik-i-Taliban Pakistan (TTP)
5946,0,0,0.0,1,0,3,20,6,0,6,0.0,1,0.0,Revolutionary Armed Forces of Colombia (FARC)
5947,0,0,0.0,1,0,3,2,822,0,6,0.0,0,0.0,Al-Qaida in Iraq
5948,0,0,0.0,1,0,2,3,2018,0,5,0.0,-9,0.0,Communist Party of India - Maoist (CPI-Maoist)
5949,0,0,0.0,1,0,3,19,499,0,6,0.0,1,0.0,African National Congress (South Africa)
5950,0,0,0.0,1,0,2,14,4601,0,9,0.0,0,0.0,Muslim extremists
5951,0,0,0.0,1,0,3,2,543,0,6,1.0,0,0.0,African National Congress (South Africa)
5952,0,0,0.0,1,0,3,4,3870,0,6,0.0,1,0.0,Liberation Tigers of Tamil Eelam (LTTE)
5953,0,0,0.0,1,0,3,8,7029,0,6,0.0,1,0.0,Tehrik-i-Taliban Pakistan (TTP)
5954,0,0,1.0,1,0,3,16,5646,0,6,0.0,1,0.0,Shining Path (SL)
5955,0,0,0.0,1,0,2,4,681,0,5,1.0,1,0.0,Farabundo Marti National Liberation Front (FMLN)
5956,0,0,0.0,1,0,3,1,78,0,6,0.0,1,0.0,Abu Sayyaf Group (ASG)
5957,0,0,0.0,1,0,5,16,2066,0,5,0.0,1,1.0,Communist Party of India - Maoist (CPI-Maoist)
5958,0,0,0.0,0,0,3,21,3222,0,6,1.0,1,0.0,Irish Republican Army (IRA)
5959,0,0,1.0,1,0,6,14,13,0,5,2.0,0,1.0,Muslim extremists
5960,0,0,0.0,1,0,3,19,3203,0,6,1.0,1,0.0,Irish Republican Army (IRA)
5961,0,0,0.0,0,0,3,3,419,0,6,0.0,1,0.0,African National Congress (South Africa)
5962,0,1,0.0,1,0,3,4,2569,0,6,0.0,1,0.0,Donetsk People's Republic
5963,0,0,0.0,1,0,3,21,4800,0,6,0.0,1,0.0,National Liberation Army of Colombia (ELN)
5964,0,0,0.0,1,0,3,14,13,0,6,0.0,1,0.0,Abu Sayyaf Group (ASG)
5965,0,0,0.0,1,0,1,3,419,0,5,1.0,0,0.0,African National Congress (South Africa)
5966,0,0,0.0,1,0,3,1,1628,0,6,0.0,1,0.0,Basque Fatherland and Freedom (ETA)
5967,0,0,0.0,1,0,3,14,1812,0,6,1.0,-9,0.0,Houthi extremists (Ansar Allah)
5968,0,1,0.0,1,0,3,4,2560,0,6,0.0,-9,0.0,Donetsk People's Republic
5969,0,0,1.0,1,0,3,17,305,0,6,7.0,1,0.0,Tehrik-i-Taliban Pakistan (TTP)
5970,0,0,0.0,1,0,3,21,2679,0,6,0.0,1,0.0,Farabundo Marti National Liberation Front (FMLN)
5971,0,0,0.0,1,0,3,21,2659,0,6,0.0,1,0.0,Manuel Rodriguez Patriotic Front (FPMR)
5972,0,0,0.0,1,0,3,3,593,0,6,1.0,1,0.0,African National Congress (South Africa)
5973,0,0,0.0,1,0,1,14,4787,0,5,2.0,0,0.0,National Liberation Army of Colombia (ELN)
5974,0,0,0.0,1,0,2,4,1841,0,5,4.0,0,0.0,Boko Haram
5975,0,0,0.0,1,0,2,4,2660,0,5,1.0,1,0.0,Shining Path (SL)
5976,0,0,1.0,1,0,3,14,1332,0,6,0.0,-9,0.0,Muslim extremists
5977,0,0,0.0,0,0,2,3,1453,0,5,0.0,0,0.0,Basque Fatherland and Freedom (ETA)
5978,0,0,1.0,1,0,3,3,2359,0,6,0.0,1,0.0,Corsican National Liberation Front (FLNC)
5979,0,1,1.0,1,0,2,3,5045,0,5,10.0,0,0.0,New People's Army (NPA)
5980,0,0,1.0,1,0,3,14,2336,0,6,0.0,1,0.0,Corsican National Liberation Front (FLNC)
5981,0,0,1.0,1,0,7,8,51,0,8,0.0,1,0.0,Boko Haram
5982,0,0,1.0,1,0,3,1,1853,0,6,3.0,0,0.0,Boko Haram
5983,0,0,0.0,1,0,3,19,534,0,6,0.0,1,0.0,African National Congress (South Africa)
5984,0,0,0.0,1,0,3,14,794,0,6,1.0,-9,0.0,Al-Qaida in Iraq
5985,0,0,1.0,1,0,3,4,5053,0,6,0.0,0,0.0,New People's Army (NPA)
5986,0,0,0.0,1,0,3,3,6916,0,6,0.0,1,0.0,Tehrik-i-Taliban Pakistan (TTP)
5987,0,0,0.0,1,0,5,1,2400,0,5,0.0,1,1.0,Corsican National Liberation Front (FLNC)
5988,0,0,0.0,1,0,1,4,5946,0,5,1.0,0,0.0,Revolutionary Armed Forces of Colombia (FARC)
5989,0,1,1.0,1,0,3,3,219,0,6,0.0,1,0.0,Maoists
5990,0,0,0.0,1,0,2,4,12,0,8,0.0,1,0.0,Palestinians
5991,0,0,0.0,1,0,3,3,175,0,6,63.0,1,0.0,Islamic State of Iraq and the Levant (ISIL)
5992,1,0,0.0,1,0,6,3,92,0,5,1.0,0,1.0,Sikh Extremists
5993,0,0,0.0,1,0,2,14,205,0,5,2.0,1,0.0,Abu Sayyaf Group (ASG)
5994,0,0,0.0,1,0,2,4,2660,0,5,1.0,1,0.0,Nicaraguan Democratic Force (FDN)
5995,0,0,1.0,1,0,3,15,320,0,6,0.0,1,0.0,Boko Haram
5996,0,0,0.0,1,0,2,3,85,0,5,0.0,0,0.0,Al-Qaida in the Arabian Peninsula (AQAP)
5997,0,0,0.0,1,0,3,4,48,0,6,0.0,0,0.0,Taliban
5998,0,0,0.0,1,0,3,4,5628,0,6,1.0,1,0.0,Palestinians
5999,0,0,0.0,1,0,2,3,92,0,5,1.0,1,0.0,Taliban
6000,0,0,1.0,1,0,3,1,4070,0,6,0.0,1,0.0,Manuel Rodriguez Patriotic Front (FPMR)
6001,0,0,1.0,1,0,2,4,5235,0,5,0.0,1,0.0,New People's Army (NPA)
6002,0,1,0.0,1,0,3,14,4628,0,6,6.0,1,0.0,Muslim extremists
6003,0,1,1.0,1,0,3,4,0,0,6,5.0,-9,0.0,Al-Qaida in Iraq
6004,0,0,1.0,0,0,3,20,6,0,6,0.0,0,0.0,Muslim extremists
6005,0,0,0.0,1,0,2,3,85,0,5,4.0,0,0.0,Muslim extremists
6006,0,0,0.0,1,0,1,4,3269,0,5,1.0,0,0.0,Irish Republican Army (IRA)
6007,0,1,0.0,1,1,3,3,6824,0,6,2.0,-9,0.0,Taliban
6008,0,0,0.0,1,0,2,2,4089,0,5,0.0,1,0.0,Manuel Rodriguez Patriotic Front (FPMR)
6009,0,0,0.0,1,0,3,4,4324,0,6,12.0,0,0.0,Maoists
6010,0,0,0.0,1,0,7,14,291,0,8,0.0,1,0.0,Maoists
6011,0,0,0.0,1,0,1,4,3248,0,5,1.0,0,0.0,Irish Republican Army (IRA)
6012,0,0,0.0,0,0,3,3,1538,0,6,1.0,1,0.0,New People's Army (NPA)
6013,0,0,0.0,1,0,2,3,175,0,5,2.0,0,0.0,Muslim extremists
6014,0,1,0.0,0,1,3,17,305,0,6,1.0,0,0.0,Islamic State of Iraq and the Levant (ISIL)
6015,1,0,0.0,1,0,6,14,19,0,5,0.0,0,1.0,Abu Sayyaf Group (ASG)
6016,0,0,1.0,1,0,3,4,402,0,6,0.0,-9,0.0,Al-Shabaab
6017,0,1,0.0,1,0,2,4,172,0,5,2.0,0,0.0,Al-Qaida in the Arabian Peninsula (AQAP)
6018,0,0,1.0,1,0,3,1,6775,0,6,0.0,1,0.0,Taliban
6019,0,0,1.0,1,0,3,9,7249,0,6,1.0,1,0.0,Tupac Amaru Revolutionary Movement (MRTA)
6020,0,0,0.0,1,0,7,1,4410,0,8,0.0,1,0.0,Maoists
6021,0,0,0.0,1,0,3,4,1606,0,6,0.0,1,0.0,Basque Fatherland and Freedom (ETA)
6022,0,0,1.0,1,0,3,20,6,0,6,0.0,1,0.0,Revolutionary Armed Forces of Colombia (FARC)
6023,0,0,0.0,1,0,2,3,85,0,5,4.0,1,0.0,Taliban
6024,0,1,0.0,1,0,3,3,2140,0,6,12.0,-9,0.0,Communist Party of India - Maoist (CPI-Maoist)
6025,0,0,1.0,1,1,3,4,1011,0,6,3.0,1,0.0,Al-Qaida in the Arabian Peninsula (AQAP)
6026,0,0,0.0,1,0,2,4,2660,0,5,10.0,1,0.0,Nicaraguan Democratic Force (FDN)
6027,0,0,0.0,1,0,5,6,2374,0,5,0.0,1,1.0,Corsican National Liberation Front (FLNC)
6028,0,0,1.0,1,0,2,14,27,0,5,2.0,1,0.0,Fulani extremists
6029,1,0,0.0,1,0,6,22,6989,0,5,2.0,0,1.0,Tehrik-i-Taliban Pakistan (TTP)
6030,0,0,0.0,1,0,2,4,12,0,5,0.0,0,0.0,National Liberation Army of Colombia (ELN)
6031,0,0,1.0,1,0,8,14,13,1,10,14.0,-9,0.0,Muslim extremists
6032,0,1,0.0,1,0,2,4,2560,0,6,0.0,-9,0.0,Donetsk People's Republic
6033,0,0,0.0,1,0,2,14,1491,0,8,0.0,1,0.0,Farabundo Marti National Liberation Front (FMLN)
6034,0,0,1.0,1,1,3,14,1869,0,6,1.0,-9,0.0,Boko Haram
6035,0,0,0.0,0,0,3,8,51,0,6,0.0,0,0.0,Palestinians
6036,0,0,0.0,1,0,3,2,6305,0,6,0.0,1,0.0,Shining Path (SL)
6037,0,1,0.0,1,0,2,4,3863,0,5,2.0,1,0.0,Liberation Tigers of Tamil Eelam (LTTE)
6038,0,0,1.0,1,0,3,2,801,0,6,0.0,1,0.0,Corsican National Liberation Front (FLNC)
6039,0,1,1.0,1,0,3,16,891,0,6,0.0,1,0.0,Al-Qaida in Iraq
6040,0,0,1.0,1,0,3,21,4143,0,6,0.0,1,0.0,National Liberation Army of Colombia (ELN)
6041,0,0,0.0,1,0,3,14,3544,0,6,1.0,-9,0.0,Kurdistan Workers' Party (PKK)
6042,0,0,0.0,1,0,3,21,4174,0,6,1.0,1,0.0,Nicaraguan Democratic Force (FDN)
6043,0,0,0.0,1,0,1,3,6599,0,5,2.0,0,0.0,Sikh Extremists
6044,0,0,0.0,1,0,3,19,3098,0,6,0.0,1,0.0,Irish Republican Army (IRA)
6045,0,0,0.0,1,0,3,21,4762,0,6,0.0,0,0.0,National Liberation Army of Colombia (ELN)
6046,0,1,0.0,1,0,3,10,3444,0,6,0.0,-9,0.0,Islamic State of Iraq and the Levant (ISIL)
6047,0,0,0.0,1,0,2,14,2773,0,5,0.0,1,0.0,Farabundo Marti National Liberation Front (FMLN)
6048,0,0,0.0,1,0,8,4,5542,0,9,0.0,1,0.0,Palestinians
6049,0,0,0.0,1,0,2,4,4624,0,5,1.0,0,0.0,Muslim extremists
6050,0,0,0.0,1,0,2,3,514,0,5,1.0,1,0.0,Sikh Extremists
6051,0,0,1.0,1,0,3,2,801,0,6,0.0,1,0.0,Corsican National Liberation Front (FLNC)
6052,1,0,0.0,1,0,6,14,27,0,5,0.0,1,1.0,Fulani extremists
6053,0,0,0.0,1,0,1,2,837,0,5,1.0,-9,0.0,Al-Qaida in Iraq
6054,0,0,1.0,0,0,2,14,13,0,5,0.0,0,0.0,New People's Army (NPA)
6055,1,0,0.0,1,0,6,14,5692,0,5,1.0,0,1.0,Palestinians
6056,0,0,1.0,1,0,7,1,1077,0,8,0.0,1,0.0,Kurdistan Workers' Party (PKK)
6057,0,0,0.0,1,0,7,2,2080,0,8,0.0,1,0.0,Communist Party of India - Maoist (CPI-Maoist)
6058,0,0,0.0,1,0,2,22,434,0,5,16.0,1,0.0,African National Congress (South Africa)
6059,0,0,1.0,1,0,2,14,27,0,5,4.0,0,0.0,Fulani extremists
6060,0,0,1.0,1,0,3,14,7223,0,6,0.0,1,0.0,Tupac Amaru Revolutionary Movement (MRTA)
6061,0,0,0.0,1,0,3,4,1849,0,6,3.0,1,0.0,Boko Haram
6062,0,0,0.0,1,0,3,14,4471,0,6,0.0,0,0.0,Maoists
6063,0,0,0.0,1,0,2,4,3745,0,5,0.0,-9,0.0,Liberation Tigers of Tamil Eelam (LTTE)
6064,1,0,0.0,1,0,6,14,13,0,5,0.0,0,1.0,Abu Sayyaf Group (ASG)
6065,0,0,1.0,1,0,2,14,27,0,6,6.0,1,-9.0,Boko Haram
6066,0,0,0.0,1,0,3,21,4149,0,6,0.0,1,0.0,Manuel Rodriguez Patriotic Front (FPMR)
6067,0,0,0.0,1,1,3,4,12,0,6,5.0,-9,0.0,Muslim extremists
6068,0,0,1.0,1,0,7,1,2574,0,5,1.0,1,0.0,Donetsk People's Republic
6069,0,0,0.0,1,0,3,3,4307,0,6,2.0,1,0.0,Maoists
6070,0,0,0.0,1,0,3,20,6,0,6,0.0,-9,0.0,Al-Qaida in the Arabian Peninsula (AQAP)
6071,0,0,0.0,1,0,2,14,13,0,5,2.0,0,0.0,Fulani extremists
6072,0,0,1.0,1,0,3,1,1077,0,6,1.0,1,0.0,Corsican National Liberation Front (FLNC)
6073,0,0,1.0,1,0,3,21,2775,0,6,0.0,1,0.0,Farabundo Marti National Liberation Front (FMLN)
6074,0,0,0.0,1,0,1,4,3162,0,5,2.0,0,0.0,Irish Republican Army (IRA)
6075,0,0,0.0,1,0,2,3,18,0,6,2.0,-9,0.0,Abu Sayyaf Group (ASG)
6076,0,1,0.0,0,0,3,20,6,0,6,1.0,0,0.0,Islamic State of Iraq and the Levant (ISIL)
6077,0,0,0.0,1,0,2,4,3081,0,5,1.0,1,0.0,Irish Republican Army (IRA)
6078,0,1,0.0,1,0,3,4,96,0,6,3.0,1,0.0,Abu Sayyaf Group (ASG)
6079,0,0,0.0,1,0,3,1,219,0,6,0.0,1,0.0,Abu Sayyaf Group (ASG)
6080,0,0,0.0,1,0,3,10,2398,0,6,0.0,1,0.0,Corsican National Liberation Front (FLNC)
6081,0,0,1.0,1,0,7,8,51,0,8,0.0,1,0.0,Kurdistan Workers' Party (PKK)
6082,0,0,1.0,1,0,2,3,816,0,6,6.0,1,0.0,Boko Haram
6083,0,0,1.0,1,0,3,14,2953,0,6,2.0,1,0.0,Houthi extremists (Ansar Allah)
6084,0,0,1.0,1,0,3,1,5970,0,6,0.0,1,0.0,Revolutionary Armed Forces of Colombia (FARC)
6085,0,0,0.0,1,0,2,14,3284,0,5,1.0,1,0.0,Irish Republican Army (IRA)
6086,0,0,0.0,1,0,3,4,5583,0,6,0.0,1,0.0,Palestinians
6087,0,1,1.0,1,0,3,3,792,0,6,9.0,1,0.0,Al-Qaida in Iraq
6088,0,0,0.0,1,0,3,3,175,0,6,0.0,1,0.0,Kurdistan Workers' Party (PKK)
6089,0,0,0.0,1,0,3,4,48,0,6,0.0,-9,0.0,Donetsk People's Republic
6090,0,0,0.0,1,0,2,8,2134,0,8,0.0,1,0.0,Communist Party of India - Maoist (CPI-Maoist)
6091,0,0,0.0,0,1,3,14,730,0,6,1.0,0,0.0,Islamic State of Iraq and the Levant (ISIL)
6092,0,0,1.0,1,0,2,2,5951,0,5,3.0,1,0.0,Revolutionary Armed Forces of Colombia (FARC)
6093,0,0,0.0,1,0,3,4,5685,0,6,0.0,1,0.0,Palestinians
6094,0,0,1.0,1,0,3,3,175,0,6,0.0,-9,0.0,Muslim extremists
6095,0,0,0.0,1,0,3,14,2978,0,6,1.0,-9,0.0,Houthi extremists (Ansar Allah)
6096,0,0,0.0,1,0,3,1,1426,0,6,1.0,1,0.0,Basque Fatherland and Freedom (ETA)
6097,0,0,0.0,1,0,3,4,6563,0,6,5.0,1,0.0,Sikh Extremists
6098,0,0,0.0,1,0,3,3,1604,0,6,1.0,1,0.0,Basque Fatherland and Freedom (ETA)
6099,0,0,0.0,1,0,3,4,48,0,6,0.0,-9,0.0,Donetsk People's Republic
6100,0,0,0.0,1,0,3,3,419,0,6,1.0,0,0.0,African National Congress (South Africa)
6101,0,0,0.0,1,0,2,3,681,0,5,0.0,1,0.0,Tupac Amaru Revolutionary Movement (MRTA)
6102,0,0,0.0,1,0,2,14,2883,0,5,4.0,0,0.0,Liberation Tigers of Tamil Eelam (LTTE)
6103,0,0,0.0,0,0,2,3,85,0,5,2.0,0,0.0,Taliban
6104,0,0,0.0,1,0,2,4,803,0,5,0.0,1,0.0,Nicaraguan Democratic Force (FDN)
6105,0,0,0.0,1,0,3,3,576,0,6,0.0,1,0.0,African National Congress (South Africa)
6106,0,0,0.0,1,0,7,18,1484,0,8,0.0,1,0.0,Basque Fatherland and Freedom (ETA)
6107,0,0,0.0,1,0,3,3,330,0,6,1.0,0,0.0,New People's Army (NPA)
6108,0,0,1.0,1,1,3,1,1826,0,6,20.0,1,0.0,Boko Haram
6109,0,0,0.0,1,0,1,3,2820,0,5,1.0,0,0.0,Farabundo Marti National Liberation Front (FMLN)
6110,0,0,0.0,1,0,3,1,191,0,6,0.0,1,0.0,Abu Sayyaf Group (ASG)
6111,0,1,0.0,1,0,3,14,6744,0,6,1.0,1,0.0,Taliban
6112,1,0,0.0,1,0,6,1,212,0,5,1.0,1,1.0,Abu Sayyaf Group (ASG)
6113,0,0,0.0,1,0,2,4,2998,0,6,15.0,-9,0.0,Houthi extremists (Ansar Allah)
6114,0,1,0.0,1,0,3,4,545,0,6,1.0,1,0.0,African National Congress (South Africa)
6115,0,1,1.0,1,0,2,19,56,0,8,0.0,1,0.0,Revolutionary Armed Forces of Colombia (FARC)
6116,0,0,0.0,1,0,2,4,402,0,5,3.0,-9,0.0,Kurdistan Workers' Party (PKK)
6117,0,0,0.0,1,0,2,4,116,0,5,1.0,1,0.0,Farabundo Marti National Liberation Front (FMLN)
6118,0,0,0.0,1,0,2,4,2570,0,5,4.0,1,0.0,National Liberation Army of Colombia (ELN)
6119,0,0,0.0,1,0,3,19,2,0,6,0.0,1,0.0,Abu Sayyaf Group (ASG)
6120,0,0,0.0,1,0,2,17,4420,0,5,8.0,1,0.0,Maoists
6121,0,0,0.0,1,0,7,14,291,0,5,0.0,1,0.0,Kurdistan Workers' Party (PKK)
6122,0,0,0.0,1,1,3,4,2564,0,6,4.0,0,0.0,Donetsk People's Republic
6123,1,0,0.0,1,0,6,14,4368,0,5,1.0,0,1.0,Maoists
6124,0,0,0.0,1,0,6,15,4448,0,9,1.0,0,1.0,Maoists
6125,0,0,1.0,1,0,6,14,27,0,5,2.0,1,1.0,Fulani extremists
6126,1,0,0.0,1,0,6,8,3014,0,5,1.0,-9,1.0,Houthi extremists (Ansar Allah)
6127,0,0,0.0,1,0,3,14,6617,0,6,2.0,1,0.0,Sikh Extremists
6128,0,0,0.0,1,0,3,1,636,0,6,0.0,1,0.0,African National Congress (South Africa)
6129,0,0,1.0,1,0,2,14,27,0,5,12.0,1,0.0,Fulani extremists
6130,0,0,0.0,1,0,3,14,3299,0,6,1.0,1,0.0,Irish Republican Army (IRA)
6131,0,0,0.0,0,0,1,2,1299,0,6,1.0,1,0.0,Al-Shabaab
6132,0,0,0.0,1,0,3,19,2348,0,6,1.0,1,0.0,Corsican National Liberation Front (FLNC)
6133,0,0,0.0,1,0,1,2,6418,0,5,1.0,0,0.0,Sikh Extremists
6134,0,0,0.0,1,0,2,2,6756,0,9,1.0,0,0.0,Taliban
6135,0,0,0.0,0,0,3,3,85,0,6,0.0,0,0.0,Maoists
6136,0,0,1.0,1,0,2,14,27,0,5,1.0,1,0.0,Fulani extremists
6137,0,0,0.0,1,0,2,17,868,0,5,5.0,0,0.0,Al-Qaida in Iraq
6138,0,0,1.0,1,0,3,21,3765,0,6,0.0,1,0.0,Liberation Tigers of Tamil Eelam (LTTE)
6139,0,0,0.0,1,0,1,14,5529,0,9,1.0,0,0.0,Palestinians
6140,0,0,1.0,1,1,3,4,172,0,6,4.0,-9,0.0,Al-Qaida in the Arabian Peninsula (AQAP)
6141,0,0,0.0,1,0,3,21,4800,0,6,0.0,1,0.0,National Liberation Army of Colombia (ELN)
6142,0,0,1.0,1,0,2,4,20,0,5,5.0,0,0.0,Al-Qaida in Iraq
6143,1,0,0.0,1,0,6,14,7085,0,9,1.0,0,1.0,Tehrik-i-Taliban Pakistan (TTP)
6144,0,0,0.0,1,0,2,14,4598,0,5,2.0,0,0.0,Muslim extremists
6145,0,0,1.0,1,0,2,14,27,0,5,7.0,1,0.0,Fulani extremists
6146,0,0,0.0,1,0,2,14,6538,0,5,8.0,1,0.0,Sikh Extremists
6147,0,0,1.0,1,0,3,1,740,0,6,1.0,1,0.0,Al-Qaida in Iraq
6148,0,1,0.0,1,0,2,17,2035,0,5,1.0,0,0.0,Communist Party of India - Maoist (CPI-Maoist)
6149,0,0,0.0,1,0,2,4,2598,0,5,0.0,-9,0.0,Donetsk People's Republic
6150,0,1,0.0,1,0,2,14,7042,0,5,1.0,-9,0.0,Tehrik-i-Taliban Pakistan (TTP)
6151,0,0,0.0,1,0,3,2,3111,0,6,0.0,1,0.0,Irish Republican Army (IRA)
6152,0,0,0.0,1,0,3,19,4140,0,6,0.0,1,0.0,Manuel Rodriguez Patriotic Front (FPMR)
6153,0,0,0.0,1,0,2,14,27,0,5,2.0,1,0.0,Boko Haram
6154,0,0,0.0,0,0,3,4,3196,0,6,0.0,0,0.0,Irish Republican Army (IRA)
6155,0,0,0.0,1,0,7,1,5139,0,8,0.0,1,0.0,New People's Army (NPA)
6156,0,0,0.0,1,0,3,21,634,0,6,0.0,1,0.0,African National Congress (South Africa)
6157,0,0,1.0,1,0,2,14,648,0,8,0.0,1,0.0,Basque Fatherland and Freedom (ETA)
6158,1,0,0.0,1,0,6,11,47,0,5,0.0,0,1.0,Abu Sayyaf Group (ASG)
6159,0,0,0.0,1,0,1,2,1125,0,5,1.0,0,0.0,Al-Qaida in the Arabian Peninsula (AQAP)
6160,0,0,1.0,1,0,3,21,2672,0,6,0.0,1,0.0,Farabundo Marti National Liberation Front (FMLN)
6161,0,0,0.0,1,1,3,15,3780,0,6,26.0,1,0.0,Liberation Tigers of Tamil Eelam (LTTE)
6162,0,0,0.0,1,0,2,4,2660,0,5,1.0,1,0.0,Nicaraguan Democratic Force (FDN)
6163,0,0,0.0,1,0,1,3,3135,0,5,1.0,0,0.0,Irish Republican Army (IRA)
6164,0,0,0.0,1,0,3,4,435,0,6,3.0,1,0.0,African National Congress (South Africa)
6165,0,0,0.0,1,0,2,4,268,0,5,1.0,0,0.0,Al-Shabaab
6166,0,0,1.0,1,0,3,3,85,0,6,3.0,1,0.0,Al-Qaida in Iraq
6167,0,0,0.0,1,0,2,14,6143,0,5,17.0,1,1.0,Shining Path (SL)
6168,0,0,0.0,1,0,3,19,6252,0,6,1.0,1,0.0,Shining Path (SL)
6169,0,0,0.0,1,1,3,2,4616,0,6,8.0,1,0.0,Muslim extremists
6170,0,0,0.0,1,0,3,2,468,0,6,0.0,1,0.0,African National Congress (South Africa)
6171,0,0,1.0,1,0,2,14,27,0,5,3.0,1,0.0,Fulani extremists
6172,0,0,0.0,1,0,3,2,529,0,6,0.0,1,0.0,African National Congress (South Africa)
6173,0,0,1.0,0,0,3,2,141,0,6,0.0,0,0.0,Abu Sayyaf Group (ASG)
6174,0,0,0.0,1,0,3,2,6011,0,6,12.0,1,0.0,Revolutionary Armed Forces of Colombia (FARC)
6175,0,0,0.0,1,0,3,3,803,0,6,11.0,1,0.0,Al-Qaida in Iraq
6176,0,0,0.0,1,0,2,3,12,0,5,3.0,0,0.0,Tehrik-i-Taliban Pakistan (TTP)
6177,0,0,0.0,1,0,3,21,4929,0,6,0.0,1,0.0,National Liberation Army of Colombia (ELN)
6178,0,0,0.0,1,0,3,19,1560,0,6,1.0,1,0.0,Basque Fatherland and Freedom (ETA)
6179,0,0,1.0,1,0,3,22,801,0,6,2.0,1,0.0,Tehrik-i-Taliban Pakistan (TTP)
6180,0,0,0.0,1,0,3,8,7030,0,6,0.0,1,0.0,Tehrik-i-Taliban Pakistan (TTP)
6181,0,0,0.0,1,0,1,15,6614,0,5,1.0,0,0.0,Sikh Extremists
6182,0,1,1.0,1,0,2,4,2560,0,5,1.0,0,0.0,Donetsk People's Republic
6183,0,0,0.0,0,0,3,1,6267,0,6,0.0,1,0.0,Shining Path (SL)
6184,1,0,1.0,1,0,6,14,27,0,5,2.0,1,1.0,Boko Haram
6185,0,0,0.0,1,0,2,4,2660,0,5,1.0,1,0.0,Farabundo Marti National Liberation Front (FMLN)
6186,0,0,0.0,1,0,2,4,1132,0,5,1.0,1,0.0,Al-Qaida in the Arabian Peninsula (AQAP)
6187,0,0,0.0,1,0,3,14,1087,0,6,0.0,1,0.0,Al-Qaida in the Arabian Peninsula (AQAP)
6188,0,0,0.0,1,0,2,4,4346,0,6,7.0,0,0.0,Tehrik-i-Taliban Pakistan (TTP)
6189,0,0,0.0,1,0,1,2,824,0,5,3.0,-9,0.0,Al-Qaida in Iraq
6190,0,0,0.0,1,0,2,19,272,0,5,0.0,1,0.0,Shining Path (SL)
6191,0,0,1.0,1,0,1,7,6973,0,5,1.0,-9,0.0,Tehrik-i-Taliban Pakistan (TTP)
6192,0,0,0.0,1,0,3,1,387,0,6,3.0,1,0.0,Houthi extremists (Ansar Allah)
6193,0,0,0.0,1,0,2,4,1041,0,6,1.0,-9,0.0,Al-Qaida in the Arabian Peninsula (AQAP)
6194,0,0,0.0,1,0,3,4,644,0,6,1.0,1,0.0,Liberation Tigers of Tamil Eelam (LTTE)
6195,0,0,1.0,1,1,3,3,175,0,6,18.0,1,0.0,Boko Haram
6196,0,0,0.0,1,0,3,3,12,0,6,3.0,0,0.0,National Liberation Army of Colombia (ELN)
6197,0,0,0.0,1,0,3,4,12,0,6,3.0,1,0.0,Al-Shabaab
6198,0,0,0.0,1,0,2,14,13,0,5,3.0,0,0.0,Fulani extremists
6199,0,0,1.0,1,0,3,3,2359,0,6,0.0,1,0.0,Corsican National Liberation Front (FLNC)
6200,0,0,1.0,1,0,2,14,27,0,6,9.0,1,0.0,Boko Haram
6201,0,0,0.0,1,0,2,14,13,0,5,10.0,0,0.0,Islamic State of Iraq and the Levant (ISIL)
6202,0,0,0.0,1,0,3,14,1489,0,6,1.0,1,0.0,Basque Fatherland and Freedom (ETA)
6203,0,0,0.0,1,0,3,14,13,0,6,1.0,0,0.0,Muslim extremists
6204,0,0,1.0,1,0,3,21,2679,0,6,0.0,1,0.0,Farabundo Marti National Liberation Front (FMLN)
6205,0,0,0.0,1,0,1,4,4831,0,5,2.0,0,0.0,National Liberation Army of Colombia (ELN)
6206,0,0,0.0,1,0,6,2,5083,0,5,1.0,0,1.0,New People's Army (NPA)
6207,0,0,0.0,1,0,2,12,2079,0,5,0.0,1,0.0,Communist Party of India - Maoist (CPI-Maoist)
6208,0,0,1.0,1,0,3,21,2700,0,6,0.0,1,0.0,Farabundo Marti National Liberation Front (FMLN)
6209,0,0,1.0,1,0,3,19,233,0,6,0.0,1,0.0,Communist Party of India - Maoist (CPI-Maoist)
6210,0,0,0.0,1,0,1,20,3824,0,5,1.0,0,0.0,Liberation Tigers of Tamil Eelam (LTTE)
6211,0,0,0.0,1,0,3,1,1474,0,6,0.0,1,0.0,Basque Fatherland and Freedom (ETA)
6212,0,0,0.0,1,0,1,2,5819,0,5,1.0,0,0.0,Revolutionary Armed Forces of Colombia (FARC)
6213,0,0,1.0,1,0,3,3,2471,0,6,0.0,1,0.0,Corsican National Liberation Front (FLNC)
6214,0,0,0.0,1,0,3,8,7010,0,6,0.0,1,0.0,Tehrik-i-Taliban Pakistan (TTP)
6215,0,0,1.0,1,0,3,1,4473,0,6,0.0,1,0.0,Maoists
6216,0,0,0.0,1,0,3,14,5541,0,6,0.0,1,0.0,Palestinians
6217,0,0,1.0,1,0,3,14,2349,0,6,0.0,1,0.0,Corsican National Liberation Front (FLNC)
6218,0,0,0.0,1,0,3,11,2988,0,6,0.0,1,0.0,Houthi extremists (Ansar Allah)
6219,0,0,0.0,1,0,1,2,92,0,5,1.0,0,0.0,Al-Qaida in the Arabian Peninsula (AQAP)
6220,0,0,0.0,1,0,2,4,402,0,5,35.0,1,0.0,Al-Shabaab
6221,0,0,0.0,1,1,3,15,215,0,6,14.0,-9,0.0,Tehrik-i-Taliban Pakistan (TTP)
6222,0,0,0.0,1,0,3,14,1812,0,6,0.0,-9,0.0,Houthi extremists (Ansar Allah)
6223,0,0,0.0,1,0,2,3,681,0,5,0.0,1,0.0,Manuel Rodriguez Patriotic Front (FPMR)
6224,0,0,0.0,1,0,2,14,330,0,5,2.0,1,0.0,Muslim extremists
6225,0,0,0.0,1,0,2,3,3198,0,5,0.0,1,0.0,Irish Republican Army (IRA)
6226,0,0,0.0,1,0,2,4,12,0,8,0.0,1,0.0,Boko Haram
6227,0,0,0.0,1,0,7,19,56,0,8,0.0,1,0.0,Manuel Rodriguez Patriotic Front (FPMR)
6228,0,0,0.0,1,0,2,4,5037,0,5,2.0,-9,0.0,New People's Army (NPA)
6229,0,0,0.0,0,0,3,14,72,0,6,0.0,0,0.0,Abu Sayyaf Group (ASG)
6230,1,0,0.0,1,0,6,14,3529,0,8,1.0,1,1.0,Kurdistan Workers' Party (PKK)
6231,0,0,0.0,1,0,3,4,162,0,6,2.0,1,0.0,Al-Shabaab
6232,0,0,0.0,1,0,2,4,162,0,5,6.0,-9,0.0,Taliban
6233,0,0,1.0,1,0,3,19,1905,0,6,0.0,0,0.0,Boko Haram
6234,0,0,0.0,1,0,1,14,3155,0,5,1.0,0,0.0,Irish Republican Army (IRA)
6235,0,1,0.0,1,0,3,4,59,0,6,7.0,1,0.0,Donetsk People's Republic
6236,0,0,0.0,1,0,2,4,268,0,5,1.0,0,0.0,Al-Shabaab
6237,0,0,1.0,1,0,3,14,2350,0,6,0.0,1,0.0,Corsican National Liberation Front (FLNC)
6238,0,0,0.0,1,0,2,4,2660,0,5,1.0,1,0.0,Nicaraguan Democratic Force (FDN)
6239,1,0,0.0,1,0,6,3,6713,0,5,0.0,-9,1.0,Taliban
6240,0,0,0.0,0,0,3,14,4761,0,6,0.0,0,0.0,National Liberation Army of Colombia (ELN)
6241,0,0,0.0,1,1,3,4,6995,0,6,32.0,1,0.0,Tehrik-i-Taliban Pakistan (TTP)
6242,0,0,0.0,1,0,3,1,465,0,6,1.0,1,0.0,Manuel Rodriguez Patriotic Front (FPMR)
6243,0,1,0.0,1,0,3,4,162,0,6,2.0,1,0.0,Muslim extremists
6244,0,0,0.0,1,0,3,3,2146,0,6,1.0,1,0.0,Communist Party of India - Maoist (CPI-Maoist)
6245,0,0,0.0,1,0,1,4,1243,0,5,1.0,0,0.0,Al-Shabaab
6246,0,0,1.0,1,0,3,14,1327,0,6,0.0,1,0.0,Muslim extremists
6247,0,0,0.0,1,0,3,4,435,0,6,1.0,1,0.0,African National Congress (South Africa)
6248,0,0,1.0,1,0,7,2,2133,0,8,0.0,1,0.0,Communist Party of India - Maoist (CPI-Maoist)
6249,0,0,0.0,1,0,1,4,3137,0,5,1.0,0,0.0,Irish Republican Army (IRA)
6250,0,1,0.0,1,0,2,4,402,0,5,2.0,1,0.0,Al-Shabaab
6251,0,0,0.0,1,0,3,4,1031,0,6,3.0,1,0.0,Al-Qaida in the Arabian Peninsula (AQAP)
6252,0,0,0.0,1,0,3,7,6229,0,6,1.0,1,0.0,Shining Path (SL)
6253,0,0,1.0,1,0,3,3,4587,0,6,0.0,-9,0.0,Muslim extremists
6254,0,0,0.0,1,0,3,19,4799,0,6,0.0,1,0.0,National Liberation Army of Colombia (ELN)
6255,0,0,0.0,1,1,1,4,3482,0,6,6.0,0,0.0,Islamic State of Iraq and the Levant (ISIL)
6256,0,0,0.0,1,0,2,14,5225,0,5,1.0,0,0.0,New People's Army (NPA)
6257,0,0,1.0,1,0,3,1,1077,0,6,0.0,1,0.0,Tupac Amaru Revolutionary Movement (MRTA)
6258,0,0,0.0,1,1,3,14,13,0,6,10.0,1,0.0,Liberation Tigers of Tamil Eelam (LTTE)
6259,0,0,0.0,1,0,3,19,415,0,6,0.0,1,0.0,African National Congress (South Africa)
6260,0,1,0.0,1,0,2,3,1975,0,5,1.0,-9,0.0,Communist Party of India - Maoist (CPI-Maoist)
6261,0,1,0.0,1,0,2,4,48,0,6,0.0,-9,0.0,Donetsk People's Republic
6262,0,0,0.0,1,0,1,3,625,0,5,1.0,0,0.0,Basque Fatherland and Freedom (ETA)
6263,0,0,1.0,1,0,3,1,2384,0,6,0.0,1,0.0,Irish Republican Army (IRA)
6264,0,0,0.0,1,0,3,8,51,0,6,6.0,1,0.0,Islamic State of Iraq and the Levant (ISIL)
6265,0,0,0.0,1,0,2,14,27,0,5,13.0,0,0.0,Fulani extremists
6266,0,0,0.0,1,0,2,4,3808,0,5,0.0,1,0.0,Liberation Tigers of Tamil Eelam (LTTE)
6267,0,0,0.0,1,0,8,4,5588,0,10,2.0,0,0.0,Palestinians
6268,0,0,0.0,1,1,3,4,6,0,6,25.0,-9,0.0,Al-Qaida in Iraq
6269,0,0,0.0,1,0,2,14,5875,0,5,8.0,0,0.0,Revolutionary Armed Forces of Colombia (FARC)
6270,0,0,0.0,1,0,2,3,1837,0,6,1.0,1,0.0,Boko Haram
6271,0,1,0.0,1,0,3,19,1459,0,6,0.0,1,0.0,Maoists
6272,0,0,0.0,1,0,1,17,3764,0,5,2.0,0,0.0,Liberation Tigers of Tamil Eelam (LTTE)
6273,0,0,0.0,1,0,2,2,6803,0,5,1.0,-9,0.0,Taliban
6274,0,0,0.0,1,0,3,1,1596,0,6,0.0,1,0.0,Basque Fatherland and Freedom (ETA)
6275,0,0,0.0,0,0,3,20,6,0,6,0.0,0,0.0,Maoists
6276,0,0,0.0,1,0,2,4,2660,0,5,1.0,1,0.0,Farabundo Marti National Liberation Front (FMLN)
6277,0,0,0.0,1,1,3,14,4605,0,6,6.0,-9,0.0,Muslim extremists
6278,0,0,0.0,1,0,1,2,6207,0,5,3.0,0,0.0,Shining Path (SL)
6279,0,0,0.0,1,0,3,14,105,0,6,4.0,1,0.0,Abu Sayyaf Group (ASG)
6280,0,0,0.0,1,0,2,14,2118,0,8,0.0,1,0.0,Communist Party of India - Maoist (CPI-Maoist)
6281,0,0,0.0,1,0,2,20,2095,0,5,0.0,-9,0.0,Communist Party of India - Maoist (CPI-Maoist)
6282,0,0,1.0,0,0,3,14,6547,0,6,0.0,1,0.0,Sikh Extremists
6283,0,0,1.0,1,0,3,2,219,0,6,7.0,0,0.0,Al-Qaida in Iraq
6284,0,0,0.0,1,1,3,4,48,0,6,4.0,0,0.0,Islamic State of Iraq and the Levant (ISIL)
6285,0,0,0.0,1,0,2,2,5423,0,5,3.0,1,0.0,Nicaraguan Democratic Force (FDN)
6286,0,0,0.0,1,0,2,14,848,0,5,1.0,0,0.0,Liberation Tigers of Tamil Eelam (LTTE)
6287,0,0,1.0,1,0,2,14,27,0,5,0.0,1,0.0,Fulani extremists
6288,0,0,0.0,0,0,2,4,402,0,6,0.0,0,0.0,Donetsk People's Republic
6289,0,0,0.0,1,0,3,3,12,0,6,0.0,0,0.0,Maoists
6290,0,0,0.0,1,0,3,1,3095,0,6,0.0,1,0.0,Irish Republican Army (IRA)
6291,0,0,0.0,1,0,2,3,6724,0,5,6.0,0,0.0,Taliban
6292,1,0,0.0,1,0,6,14,205,0,5,2.0,1,1.0,Boko Haram
6293,0,0,0.0,0,0,3,2,975,0,6,0.0,0,0.0,Al-Qaida in the Arabian Peninsula (AQAP)
6294,0,0,0.0,1,1,1,14,3491,0,6,13.0,1,0.0,Islamic State of Iraq and the Levant (ISIL)
6295,0,0,1.0,1,0,3,3,175,0,6,2.0,1,0.0,Boko Haram
6296,1,0,0.0,1,0,6,14,6523,0,5,5.0,0,1.0,Sikh Extremists
6297,0,0,0.0,1,0,1,14,5502,0,9,1.0,0,0.0,Palestinians
6298,0,0,0.0,1,0,3,2,1848,0,6,0.0,1,0.0,Boko Haram
6299,0,0,0.0,1,0,7,1,6246,0,8,0.0,1,0.0,Shining Path (SL)
6300,0,0,0.0,1,0,1,2,5851,0,5,1.0,1,0.0,Revolutionary Armed Forces of Colombia (FARC)
6301,0,1,0.0,0,0,2,4,48,0,5,0.0,0,0.0,Donetsk People's Republic
6302,0,0,0.0,1,0,2,17,6988,0,5,1.0,0,0.0,Tehrik-i-Taliban Pakistan (TTP)
6303,0,0,1.0,1,1,3,4,402,0,6,12.0,-9,0.0,Al-Shabaab
6304,0,0,0.0,1,0,3,6,1351,0,6,0.0,0,0.0,Taliban
6305,0,0,1.0,1,0,3,1,2203,0,6,0.0,1,0.0,Communist Party of India - Maoist (CPI-Maoist)
6306,0,0,0.0,1,0,3,14,735,0,6,5.0,1,0.0,Al-Qaida in Iraq
6307,0,0,0.0,1,0,2,4,5202,0,5,6.0,1,0.0,New People's Army (NPA)
6308,0,0,0.0,1,0,7,14,2087,0,8,0.0,1,0.0,Communist Party of India - Maoist (CPI-Maoist)
6309,0,0,0.0,1,0,3,1,6193,0,6,1.0,1,0.0,Shining Path (SL)
6310,0,0,0.0,1,0,3,1,7340,0,6,0.0,1,0.0,Tupac Amaru Revolutionary Movement (MRTA)
6311,0,0,0.0,1,0,3,8,1281,0,6,1.0,1,0.0,Al-Shabaab
6312,0,0,0.0,1,0,3,3,2073,0,6,1.0,-9,0.0,Communist Party of India - Maoist (CPI-Maoist)
6313,0,0,0.0,1,0,3,2,5538,0,6,1.0,1,0.0,Palestinians
6314,0,0,0.0,0,0,1,3,1691,0,6,0.0,0,0.0,Basque Fatherland and Freedom (ETA)
6315,0,0,1.0,1,0,4,19,4936,0,5,0.0,0,0.0,National Liberation Army of Colombia (ELN)
6316,0,0,0.0,1,0,2,3,4382,0,5,3.0,0,0.0,Maoists
6317,0,0,0.0,1,0,3,4,1342,0,6,6.0,1,0.0,Al-Shabaab
6318,0,0,0.0,1,0,3,4,4767,0,6,4.0,1,0.0,National Liberation Army of Colombia (ELN)
6319,0,1,0.0,1,0,2,3,791,0,5,4.0,1,0.0,Kurdistan Workers' Party (PKK)
6320,0,0,0.0,1,0,1,3,1422,0,5,1.0,0,0.0,Basque Fatherland and Freedom (ETA)
6321,0,0,0.0,0,0,3,20,6,0,6,0.0,0,0.0,Abu Sayyaf Group (ASG)
6322,0,0,0.0,1,0,2,2,2121,0,5,1.0,-9,0.0,Communist Party of India - Maoist (CPI-Maoist)
6323,0,0,0.0,0,1,3,14,1870,0,6,1.0,0,0.0,Boko Haram
6324,0,0,0.0,1,0,1,4,3272,0,6,1.0,0,0.0,Irish Republican Army (IRA)
6325,0,0,0.0,1,0,3,17,4567,0,6,1.0,-9,0.0,Muslim extremists
6326,0,0,0.0,1,0,2,3,85,0,6,1.0,0,0.0,Kurdistan Workers' Party (PKK)
6327,0,0,1.0,1,0,3,21,2726,0,6,0.0,1,0.0,Farabundo Marti National Liberation Front (FMLN)
6328,0,0,0.0,1,1,3,2,1831,0,6,6.0,-9,0.0,Boko Haram
6329,0,0,0.0,1,0,3,14,3673,0,6,0.0,1,0.0,Tupac Amaru Revolutionary Movement (MRTA)
6330,0,0,0.0,1,0,3,14,6789,0,6,1.0,0,0.0,Taliban
6331,0,0,0.0,1,0,1,8,5725,0,9,0.0,0,0.0,Palestinians
6332,0,0,1.0,1,0,2,14,27,0,5,1.0,1,0.0,Fulani extremists
6333,0,0,0.0,1,0,2,3,12,0,5,2.0,0,0.0,Boko Haram
6334,0,0,0.0,1,0,3,4,950,0,6,8.0,1,0.0,Tehrik-i-Taliban Pakistan (TTP)
6335,0,0,0.0,1,0,3,2,4325,0,6,0.0,1,0.0,Maoists
6336,0,0,0.0,1,0,2,4,20,0,6,12.0,-9,0.0,Al-Qaida in the Arabian Peninsula (AQAP)
6337,0,0,0.0,1,0,2,4,5146,0,5,0.0,0,0.0,New People's Army (NPA)
6338,0,0,1.0,1,0,3,14,2349,0,6,0.0,1,0.0,Corsican National Liberation Front (FLNC)
6339,0,0,0.0,1,0,8,14,3076,0,9,0.0,1,0.0,Irish Republican Army (IRA)
6340,0,0,0.0,1,0,2,14,2210,0,5,1.0,-9,0.0,Communist Party of India - Maoist (CPI-Maoist)
6341,1,0,0.0,1,0,6,2,2877,0,5,1.0,0,1.0,Fulani extremists
6342,0,0,0.0,1,0,3,2,6300,0,6,1.0,1,0.0,Shining Path (SL)
6343,0,0,0.0,1,1,3,4,6718,0,6,1.0,1,0.0,Taliban
6344,0,1,0.0,1,0,7,21,4933,0,5,13.0,1,0.0,National Liberation Army of Colombia (ELN)
6345,0,0,0.0,1,0,2,14,205,0,5,1.0,1,0.0,Boko Haram
6346,0,0,0.0,1,0,3,2,7228,0,5,0.0,1,0.0,Tupac Amaru Revolutionary Movement (MRTA)
6347,0,0,0.0,1,0,2,4,48,0,5,2.0,0,0.0,Muslim extremists
6348,0,0,0.0,1,0,3,19,56,0,6,3.0,1,0.0,Sikh Extremists
6349,0,0,0.0,1,0,2,14,6000,0,5,1.0,1,1.0,Revolutionary Armed Forces of Colombia (FARC)
6350,0,0,0.0,1,0,7,8,5498,0,8,0.0,1,0.0,Palestinians
6351,0,0,0.0,1,0,2,4,48,0,6,0.0,-9,0.0,Donetsk People's Republic
6352,0,0,0.0,1,0,3,4,162,0,6,1.0,1,0.0,Tehrik-i-Taliban Pakistan (TTP)
6353,0,0,0.0,1,0,3,9,5429,0,5,0.0,1,0.0,Nicaraguan Democratic Force (FDN)
6354,0,0,0.0,1,0,3,14,1896,0,6,3.0,1,0.0,Houthi extremists (Ansar Allah)
6355,0,0,0.0,1,0,3,2,6740,0,6,0.0,-9,0.0,Taliban
6356,0,0,0.0,1,0,2,4,48,0,5,1.0,0,0.0,Boko Haram
6357,0,1,0.0,1,0,3,4,48,0,6,0.0,-9,0.0,Donetsk People's Republic
6358,0,0,0.0,1,0,3,14,7329,0,6,0.0,1,0.0,Tupac Amaru Revolutionary Movement (MRTA)
6359,0,0,0.0,1,0,2,14,3947,0,5,1.0,0,0.0,Liberation Tigers of Tamil Eelam (LTTE)
6360,0,0,0.0,1,0,1,3,6311,0,5,2.0,0,0.0,Shining Path (SL)
6361,0,0,0.0,1,0,3,14,1812,0,6,0.0,-9,0.0,Islamic State of Iraq and the Levant (ISIL)
6362,0,0,0.0,0,0,3,3,3832,0,6,0.0,1,0.0,Liberation Tigers of Tamil Eelam (LTTE)
6363,0,0,0.0,1,0,3,14,13,0,6,0.0,1,0.0,Taliban
6364,1,0,0.0,1,0,6,1,4811,0,5,0.0,0,1.0,National Liberation Army of Colombia (ELN)
6365,0,0,0.0,1,0,3,1,7292,0,6,0.0,1,0.0,Tupac Amaru Revolutionary Movement (MRTA)
6366,0,0,0.0,1,0,8,14,887,0,9,0.0,0,0.0,Muslim extremists
6367,0,1,0.0,1,0,2,3,85,0,6,8.0,0,0.0,Revolutionary Armed Forces of Colombia (FARC)
6368,0,0,0.0,1,0,3,4,48,0,6,1.0,1,0.0,Al-Shabaab
6369,0,0,0.0,1,1,3,4,3474,0,6,1.0,-9,0.0,Islamic State of Iraq and the Levant (ISIL)
6370,0,0,0.0,1,0,1,3,1454,0,5,1.0,0,0.0,Basque Fatherland and Freedom (ETA)
6371,0,0,0.0,1,0,3,8,4398,0,6,0.0,-9,0.0,Maoists
6372,0,0,0.0,1,0,2,2,6157,0,8,4.0,1,0.0,Shining Path (SL)
6373,0,0,1.0,1,0,3,1,2354,0,6,0.0,1,0.0,Corsican National Liberation Front (FLNC)
6374,0,0,0.0,1,0,3,4,3073,0,6,0.0,1,0.0,Irish Republican Army (IRA)
6375,0,0,1.0,1,0,2,14,27,0,5,8.0,1,0.0,Fulani extremists
6376,0,0,0.0,1,0,3,3,3782,0,6,29.0,-9,0.0,Liberation Tigers of Tamil Eelam (LTTE)
6377,1,0,0.0,1,0,6,14,8,0,5,0.0,0,1.0,Abu Sayyaf Group (ASG)
6378,0,0,0.0,1,0,2,1,5354,0,5,8.0,1,0.0,Nicaraguan Democratic Force (FDN)
6379,0,0,0.0,1,0,2,4,2666,0,5,1.0,1,0.0,Nicaraguan Democratic Force (FDN)
6380,0,1,0.0,1,0,2,4,681,0,5,14.0,1,0.0,Shining Path (SL)
6381,0,1,0.0,1,0,7,1,5886,0,8,0.0,1,0.0,Revolutionary Armed Forces of Colombia (FARC)
6382,0,0,1.0,1,0,3,1,1077,0,6,1.0,1,0.0,Corsican National Liberation Front (FLNC)
6383,0,0,0.0,1,0,1,22,666,0,5,6.0,0,0.0,Sikh Extremists
6384,0,0,0.0,1,0,3,14,1888,0,6,0.0,-9,0.0,Houthi extremists (Ansar Allah)
6385,0,0,0.0,1,0,2,4,268,0,5,1.0,1,0.0,Al-Shabaab
6386,0,0,1.0,1,0,3,14,847,0,6,0.0,1,0.0,Al-Qaida in Iraq
6387,0,0,0.0,1,0,3,2,2391,0,6,0.0,1,0.0,Corsican National Liberation Front (FLNC)
6388,0,0,0.0,1,0,3,14,6904,0,6,8.0,1,0.0,Tehrik-i-Taliban Pakistan (TTP)
6389,0,0,0.0,1,0,3,1,3309,0,6,0.0,1,0.0,Irish Republican Army (IRA)
6390,0,0,1.0,1,0,3,1,7328,0,6,1.0,1,0.0,Tupac Amaru Revolutionary Movement (MRTA)
6391,0,0,0.0,1,0,3,4,1110,0,6,2.0,-9,0.0,Al-Qaida in the Arabian Peninsula (AQAP)
6392,0,0,0.0,1,0,2,4,803,0,5,3.0,1,0.0,Nicaraguan Democratic Force (FDN)
6393,0,0,1.0,1,0,2,7,6972,0,5,1.0,-9,0.0,Tehrik-i-Taliban Pakistan (TTP)
6394,1,0,0.0,1,0,6,14,140,0,5,0.0,1,1.0,Abu Sayyaf Group (ASG)
6395,0,0,0.0,1,0,2,4,48,0,6,0.0,-9,0.0,Donetsk People's Republic
6396,0,0,0.0,1,0,2,19,56,0,5,2.0,1,0.0,Liberation Tigers of Tamil Eelam (LTTE)
6397,0,1,1.0,1,0,3,16,2066,0,6,0.0,1,0.0,Communist Party of India - Maoist (CPI-Maoist)
6398,0,0,0.0,1,0,1,2,1023,0,5,1.0,0,0.0,Al-Qaida in the Arabian Peninsula (AQAP)
6399,0,0,0.0,1,0,3,14,18,0,6,0.0,1,0.0,Irish Republican Army (IRA)
6400,0,0,0.0,1,0,3,4,48,0,6,0.0,0,0.0,Donetsk People's Republic
6401,0,0,0.0,1,0,1,2,4804,0,5,2.0,0,0.0,National Liberation Army of Colombia (ELN)
6402,0,1,0.0,1,0,2,17,803,0,5,1.0,1,0.0,Palestinians
6403,0,0,0.0,1,0,3,1,1536,0,6,0.0,1,0.0,Basque Fatherland and Freedom (ETA)
6404,0,0,0.0,1,0,2,3,5620,0,8,0.0,1,0.0,Palestinians
6405,0,1,0.0,1,0,7,1,5401,0,5,12.0,1,0.0,Nicaraguan Democratic Force (FDN)
6406,0,0,0.0,0,0,1,4,12,0,5,1.0,0,0.0,Irish Republican Army (IRA)
6407,0,0,0.0,1,0,1,3,5074,0,5,3.0,0,0.0,New People's Army (NPA)
6408,0,0,0.0,1,0,3,4,435,0,6,0.0,1,0.0,African National Congress (South Africa)
6409,0,0,0.0,1,0,3,21,5998,0,6,0.0,1,0.0,Revolutionary Armed Forces of Colombia (FARC)
6410,0,0,0.0,1,0,2,14,405,0,5,1.0,1,0.0,African National Congress (South Africa)
6411,0,0,0.0,1,0,3,3,463,0,5,2.0,1,0.0,African National Congress (South Africa)
6412,0,0,0.0,1,0,2,14,3974,0,5,0.0,1,0.0,Sikh Extremists
6413,0,0,0.0,1,0,2,10,1659,0,8,0.0,1,0.0,Basque Fatherland and Freedom (ETA)
6414,0,0,0.0,1,0,3,2,505,0,6,0.0,1,0.0,African National Congress (South Africa)
6415,0,0,0.0,1,0,3,14,4156,0,6,0.0,1,0.0,Manuel Rodriguez Patriotic Front (FPMR)
6416,0,0,1.0,1,0,3,14,730,0,6,2.0,0,0.0,Islamic State of Iraq and the Levant (ISIL)
6417,0,0,0.0,1,0,2,4,5671,0,8,0.0,1,0.0,Palestinians
6418,0,0,0.0,1,0,3,14,205,0,6,101.0,-9,0.0,Boko Haram
6419,0,0,1.0,1,0,3,21,4117,0,6,1.0,1,0.0,Manuel Rodriguez Patriotic Front (FPMR)
6420,0,0,0.0,1,0,2,17,20,0,5,1.0,0,0.0,Al-Qaida in the Arabian Peninsula (AQAP)
6421,0,0,0.0,1,0,3,1,500,0,6,0.0,1,0.0,African National Congress (South Africa)
6422,0,1,1.0,1,0,7,1,1557,0,8,0.0,1,0.0,Sikh Extremists
6423,0,1,0.0,1,0,1,14,5668,0,5,1.0,0,0.0,Palestinians
6424,0,0,1.0,1,0,7,14,27,0,8,2.0,1,0.0,Fulani extremists
6425,0,0,0.0,1,0,3,20,6,0,6,0.0,1,0.0,Revolutionary Armed Forces of Colombia (FARC)
6426,0,1,0.0,1,0,3,4,20,0,6,1.0,0,0.0,Donetsk People's Republic
6427,0,0,0.0,1,0,3,4,3221,0,6,1.0,1,0.0,Irish Republican Army (IRA)
6428,0,0,0.0,1,0,3,14,879,0,6,1.0,0,0.0,Al-Qaida in Iraq
6429,0,0,0.0,1,0,2,14,5346,0,5,1.0,1,0.0,Nicaraguan Democratic Force (FDN)
6430,0,0,0.0,1,0,3,14,5596,0,6,0.0,1,0.0,Palestinians
6431,0,0,0.0,1,0,2,4,2660,0,5,0.0,1,0.0,Nicaraguan Democratic Force (FDN)
6432,0,0,0.0,1,0,3,7,6284,0,6,0.0,1,0.0,Shining Path (SL)
6433,0,0,0.0,1,0,3,1,3127,0,6,1.0,1,0.0,Irish Republican Army (IRA)
6434,0,0,0.0,1,0,2,4,2660,0,5,2.0,1,0.0,Farabundo Marti National Liberation Front (FMLN)
6435,0,0,0.0,0,0,1,1,4879,0,5,0.0,0,0.0,National Liberation Army of Colombia (ELN)
6436,0,0,0.0,1,0,3,14,2478,0,6,0.0,1,0.0,Corsican National Liberation Front (FLNC)
6437,0,0,0.0,1,0,6,2,6500,0,5,5.0,1,1.0,Sikh Extremists
6438,0,0,0.0,1,0,1,2,246,0,5,2.0,0,0.0,Abu Sayyaf Group (ASG)
6439,0,0,0.0,1,0,3,4,1528,0,6,0.0,1,0.0,Basque Fatherland and Freedom (ETA)
6440,0,1,0.0,1,1,3,14,6900,0,6,26.0,0,0.0,Tehrik-i-Taliban Pakistan (TTP)
6441,0,0,0.0,1,0,2,4,803,0,5,20.0,1,0.0,Kurdistan Workers' Party (PKK)
6442,0,0,0.0,1,0,1,3,871,0,5,2.0,0,0.0,Al-Qaida in Iraq
6443,0,0,0.0,1,0,3,4,48,0,6,0.0,0,0.0,Donetsk People's Republic
6444,0,0,0.0,1,0,3,19,152,0,6,1.0,1,0.0,Communist Party of India - Maoist (CPI-Maoist)
6445,0,0,0.0,1,0,3,4,268,0,6,6.0,1,0.0,Islamic State of Iraq and the Levant (ISIL)
6446,0,0,0.0,1,0,3,1,1769,0,6,0.0,1,0.0,Corsican National Liberation Front (FLNC)
6447,0,0,0.0,1,0,2,7,1003,0,6,9.0,-9,0.0,Al-Qaida in the Arabian Peninsula (AQAP)
6448,0,0,0.0,1,0,2,4,3904,0,5,3.0,-9,0.0,Liberation Tigers of Tamil Eelam (LTTE)
6449,0,0,0.0,1,0,2,4,1060,0,5,3.0,-9,0.0,Al-Qaida in the Arabian Peninsula (AQAP)
6450,0,0,0.0,1,0,3,1,4200,0,6,1.0,1,0.0,Manuel Rodriguez Patriotic Front (FPMR)
6451,0,0,0.0,1,0,2,4,803,0,5,16.0,1,0.0,Nicaraguan Democratic Force (FDN)
6452,0,0,0.0,1,0,3,14,5511,0,6,1.0,1,0.0,Tupac Amaru Revolutionary Movement (MRTA)
6453,0,0,0.0,1,0,2,14,205,0,5,41.0,-9,0.0,Boko Haram
6454,0,0,1.0,1,0,3,1,3276,0,6,11.0,1,0.0,Irish Republican Army (IRA)
6455,0,1,0.0,1,0,2,4,167,0,5,40.0,1,0.0,Liberation Tigers of Tamil Eelam (LTTE)
6456,0,0,0.0,1,0,2,4,4772,0,5,9.0,1,0.0,Nicaraguan Democratic Force (FDN)
6457,0,0,0.0,0,0,1,14,5604,0,9,0.0,0,0.0,Palestinians
6458,1,0,0.0,1,0,6,4,1021,0,5,1.0,-9,1.0,Al-Qaida in the Arabian Peninsula (AQAP)
6459,0,0,0.0,1,0,2,2,5450,0,5,3.0,1,0.0,Nicaraguan Democratic Force (FDN)
6460,0,1,0.0,1,0,3,21,3654,0,6,3.0,1,0.0,Kurdistan Workers' Party (PKK)
6461,0,0,0.0,1,0,1,2,1442,0,6,2.0,-9,0.0,Basque Fatherland and Freedom (ETA)
6462,0,0,0.0,1,0,3,2,4178,0,6,0.0,1,0.0,Shining Path (SL)
6463,0,0,1.0,1,0,3,3,85,0,6,0.0,-9,0.0,Maoists
6464,0,0,0.0,1,0,3,1,2742,0,6,0.0,1,0.0,Farabundo Marti National Liberation Front (FMLN)
6465,1,1,0.0,1,0,6,14,1953,0,5,2.0,0,1.0,Communist Party of India - Maoist (CPI-Maoist)
6466,0,0,1.0,1,0,3,3,85,0,6,0.0,0,0.0,Al-Qaida in Iraq
6467,0,0,0.0,1,0,7,4,48,0,8,0.0,1,0.0,Al-Shabaab
6468,0,0,0.0,1,0,5,10,4141,0,5,0.0,1,1.0,Manuel Rodriguez Patriotic Front (FPMR)
6469,0,0,1.0,1,0,3,3,85,0,6,0.0,-9,0.0,Al-Qaida in Iraq
6470,0,0,0.0,1,0,3,14,7305,0,6,1.0,1,0.0,Tupac Amaru Revolutionary Movement (MRTA)
6471,0,0,0.0,1,0,2,14,2043,0,5,1.0,0,0.0,Communist Party of India - Maoist (CPI-Maoist)
6472,0,0,0.0,1,1,2,3,3892,0,5,57.0,1,0.0,Liberation Tigers of Tamil Eelam (LTTE)
6473,0,0,0.0,0,0,2,3,3825,0,5,3.0,1,0.0,Liberation Tigers of Tamil Eelam (LTTE)
6474,0,0,1.0,1,0,3,14,2491,0,6,0.0,1,0.0,Corsican National Liberation Front (FLNC)
6475,0,0,0.0,1,0,3,15,171,0,6,0.0,1,0.0,Abu Sayyaf Group (ASG)
6476,0,0,1.0,1,0,3,1,2377,0,6,0.0,1,0.0,Corsican National Liberation Front (FLNC)
6477,0,0,0.0,1,0,2,14,27,0,5,15.0,1,0.0,Boko Haram
6478,0,0,0.0,1,0,3,14,1181,0,6,5.0,1,0.0,Taliban
6479,0,0,0.0,1,0,2,4,2660,0,5,1.0,1,0.0,Nicaraguan Democratic Force (FDN)
6480,0,0,0.0,1,0,1,2,6333,0,5,2.0,0,0.0,Shining Path (SL)
6481,0,0,0.0,1,0,3,14,4073,0,6,0.0,1,0.0,Manuel Rodriguez Patriotic Front (FPMR)
6482,0,0,0.0,0,0,3,20,6,0,6,0.0,0,0.0,Muslim extremists
6483,0,0,0.0,1,0,2,2,4401,0,5,0.0,1,0.0,Maoists
6484,0,0,0.0,1,0,1,3,2432,0,5,1.0,0,0.0,Corsican National Liberation Front (FLNC)
6485,0,0,0.0,0,0,1,2,3201,0,6,0.0,0,0.0,Irish Republican Army (IRA)
6486,0,0,0.0,1,0,7,1,5064,0,8,0.0,1,0.0,New People's Army (NPA)
6487,0,1,0.0,1,0,3,4,48,0,6,0.0,-9,0.0,Donetsk People's Republic
6488,0,0,0.0,1,0,3,20,6,0,6,0.0,1,0.0,Irish Republican Army (IRA)
6489,0,0,0.0,1,0,3,2,219,0,6,0.0,1,0.0,Al-Qaida in the Arabian Peninsula (AQAP)
6490,0,0,0.0,1,0,1,14,6424,0,5,3.0,0,0.0,Sikh Extremists
6491,0,0,1.0,1,0,3,2,4894,0,6,0.0,1,0.0,National Liberation Army of Colombia (ELN)
6492,0,0,1.0,1,0,3,1,1077,0,6,0.0,1,0.0,Tupac Amaru Revolutionary Movement (MRTA)
6493,0,0,0.0,1,0,6,14,813,0,5,1.0,-9,1.0,Al-Qaida in Iraq
6494,0,0,0.0,1,0,2,4,12,0,5,3.0,1,0.0,Liberation Tigers of Tamil Eelam (LTTE)
6495,0,0,0.0,1,0,2,14,5536,0,8,1.0,1,0.0,Palestinians
6496,0,0,0.0,1,0,3,3,7327,0,6,0.0,1,0.0,Tupac Amaru Revolutionary Movement (MRTA)
6497,0,1,0.0,1,0,3,21,4272,0,6,0.0,1,0.0,Nicaraguan Democratic Force (FDN)
6498,0,0,0.0,1,0,3,14,13,0,6,0.0,-9,0.0,Muslim extremists
6499,0,1,0.0,1,0,3,4,330,0,6,5.0,1,0.0,Houthi extremists (Ansar Allah)
6500,0,0,0.0,0,0,3,20,6,0,6,0.0,0,0.0,Maoists
6501,0,0,0.0,1,0,3,2,4327,0,6,0.0,1,0.0,Maoists
6502,0,0,0.0,1,0,2,14,13,0,5,3.0,0,0.0,Muslim extremists
6503,0,0,1.0,1,0,2,4,6716,0,5,0.0,1,0.0,Taliban
6504,0,0,0.0,1,0,3,3,3441,0,6,0.0,1,0.0,Islamic State of Iraq and the Levant (ISIL)
6505,0,0,0.0,1,0,2,4,5359,0,5,1.0,1,0.0,Nicaraguan Democratic Force (FDN)
6506,0,0,0.0,1,0,2,3,514,0,5,1.0,1,0.0,Revolutionary Armed Forces of Colombia (FARC)
6507,0,1,0.0,1,0,1,2,6458,0,5,5.0,0,0.0,Sikh Extremists
6508,0,0,0.0,1,0,3,19,4790,0,6,8.0,1,0.0,National Liberation Army of Colombia (ELN)
6509,1,0,0.0,1,0,2,14,27,0,5,2.0,0,-9.0,Fulani extremists
6510,0,0,0.0,1,0,3,4,1296,0,6,1.0,-9,0.0,Al-Shabaab
6511,0,0,0.0,1,0,2,2,6179,0,5,8.0,1,0.0,Shining Path (SL)
6512,0,0,0.0,1,0,1,22,2222,0,5,1.0,-9,0.0,Communist Party of India - Maoist (CPI-Maoist)
6513,0,0,0.0,0,0,1,4,1586,0,5,0.0,0,0.0,Basque Fatherland and Freedom (ETA)
6514,0,0,1.0,1,0,3,14,13,0,6,2.0,-9,0.0,Al-Qaida in Iraq
6515,0,0,0.0,1,0,1,2,5701,0,9,1.0,0,0.0,Palestinians
6516,0,0,0.0,1,0,2,14,730,0,5,9.0,-9,0.0,Boko Haram
6517,0,0,0.0,1,0,3,4,162,0,6,3.0,-9,0.0,Al-Shabaab
6518,0,0,0.0,1,0,3,2,4118,0,6,1.0,1,0.0,Manuel Rodriguez Patriotic Front (FPMR)
6519,0,0,0.0,1,0,3,14,741,0,6,0.0,1,0.0,Al-Qaida in Iraq
6520,0,0,0.0,1,0,3,2,427,0,6,0.0,1,0.0,Kurdistan Workers' Party (PKK)
6521,0,0,0.0,1,1,3,4,48,0,6,3.0,0,0.0,Boko Haram
6522,0,0,1.0,1,0,3,19,4843,0,6,0.0,1,0.0,National Liberation Army of Colombia (ELN)
6523,0,0,1.0,1,0,3,3,1821,0,6,1.0,1,0.0,Boko Haram
6524,0,0,0.0,1,0,8,2,5543,0,2,0.0,1,0.0,Palestinians
6525,0,0,1.0,1,0,3,2,474,0,6,1.0,-9,0.0,Houthi extremists (Ansar Allah)
6526,0,1,0.0,1,0,2,4,402,0,6,4.0,1,0.0,Donetsk People's Republic
6527,0,0,0.0,1,0,7,17,2167,0,5,10.0,1,0.0,Communist Party of India - Maoist (CPI-Maoist)
6528,0,0,0.0,1,0,2,15,3888,0,5,0.0,1,0.0,Liberation Tigers of Tamil Eelam (LTTE)
6529,0,0,0.0,1,0,3,3,12,0,6,0.0,1,0.0,Revolutionary Armed Forces of Colombia (FARC)
6530,0,0,0.0,1,0,3,3,175,0,6,6.0,1,0.0,Revolutionary Armed Forces of Colombia (FARC)
6531,0,0,0.0,1,0,3,14,1896,0,6,1.0,1,0.0,Houthi extremists (Ansar Allah)
6532,0,0,0.0,1,0,2,4,1075,0,5,4.0,1,0.0,Al-Qaida in the Arabian Peninsula (AQAP)
6533,0,0,0.0,1,0,3,1,2950,0,6,1.0,1,0.0,Houthi extremists (Ansar Allah)
6534,0,0,1.0,1,0,2,14,13,0,5,1.0,0,0.0,Houthi extremists (Ansar Allah)
6535,0,0,0.0,1,0,2,19,2214,0,5,0.0,-9,0.0,Communist Party of India - Maoist (CPI-Maoist)
6536,0,0,0.0,1,0,2,2,2009,0,5,1.0,0,0.0,Communist Party of India - Maoist (CPI-Maoist)
6537,0,0,0.0,1,0,1,14,6434,0,5,5.0,0,0.0,Sikh Extremists
6538,0,0,0.0,1,0,7,1,1954,0,8,0.0,1,0.0,Communist Party of India - Maoist (CPI-Maoist)
6539,0,0,0.0,1,0,7,1,2352,0,8,0.0,1,0.0,Corsican National Liberation Front (FLNC)
6540,1,0,0.0,1,0,2,14,27,0,5,2.0,0,0.0,Fulani extremists
6541,0,0,0.0,1,0,3,20,6,0,6,4.0,1,0.0,Liberation Tigers of Tamil Eelam (LTTE)
6542,0,0,0.0,1,0,3,4,2714,0,6,0.0,1,0.0,Tupac Amaru Revolutionary Movement (MRTA)
6543,0,0,0.0,1,0,3,14,3532,0,6,0.0,1,0.0,Kurdistan Workers' Party (PKK)
6544,0,0,0.0,1,0,3,14,59,0,6,0.0,1,0.0,Palestinians
6545,0,1,0.0,1,0,7,19,2086,0,8,0.0,1,0.0,Communist Party of India - Maoist (CPI-Maoist)
6546,0,0,0.0,1,0,2,4,20,0,5,1.0,0,0.0,Al-Qaida in the Arabian Peninsula (AQAP)
6547,0,0,1.0,1,1,3,3,402,0,6,24.0,-9,0.0,Islamic State of Iraq and the Levant (ISIL)
6548,0,0,0.0,1,0,3,1,1640,0,6,0.0,1,0.0,Basque Fatherland and Freedom (ETA)
6549,0,0,1.0,1,0,1,14,6426,0,5,1.0,0,0.0,Sikh Extremists
6550,0,0,0.0,1,0,3,17,305,0,6,0.0,-9,0.0,Houthi extremists (Ansar Allah)
6551,0,0,0.0,1,0,2,3,6796,0,5,0.0,-9,0.0,Taliban
6552,0,0,1.0,1,0,2,14,27,0,5,1.0,1,0.0,Fulani extremists
6553,0,0,0.0,1,0,2,4,971,0,5,1.0,-9,0.0,Al-Qaida in the Arabian Peninsula (AQAP)
6554,0,1,0.0,0,0,1,17,2223,0,6,0.0,1,0.0,Communist Party of India - Maoist (CPI-Maoist)
6555,0,0,0.0,1,0,2,4,1350,0,5,2.0,-9,0.0,Al-Shabaab
6556,0,0,0.0,1,0,2,14,27,0,5,3.0,1,0.0,Fulani extremists
6557,0,0,1.0,1,0,3,1,5872,0,6,0.0,1,0.0,Revolutionary Armed Forces of Colombia (FARC)
6558,0,1,0.0,1,0,8,4,4970,0,9,0.0,1,0.0,Palestinians
6559,0,0,0.0,1,0,3,3,1662,0,6,0.0,1,0.0,Basque Fatherland and Freedom (ETA)
6560,0,0,0.0,1,0,3,14,1257,0,6,0.0,1,0.0,Islamic State of Iraq and the Levant (ISIL)
6561,0,0,1.0,1,0,3,2,7230,0,6,1.0,1,0.0,Tupac Amaru Revolutionary Movement (MRTA)
6562,0,0,1.0,1,0,3,21,6035,0,6,0.0,1,0.0,Revolutionary Armed Forces of Colombia (FARC)
6563,0,0,0.0,1,0,3,21,4778,0,6,0.0,1,0.0,National Liberation Army of Colombia (ELN)
6564,0,0,0.0,0,0,1,14,6590,0,5,0.0,0,0.0,Sikh Extremists
6565,0,0,0.0,1,0,3,19,233,0,6,0.0,1,0.0,Maoists
6566,0,0,1.0,1,0,7,1,4087,0,8,0.0,1,0.0,Manuel Rodriguez Patriotic Front (FPMR)
6567,0,0,0.0,1,0,3,4,48,0,6,1.0,-9,0.0,Al-Shabaab
6568,0,0,0.0,1,0,8,4,681,0,9,1.0,1,0.0,Palestinians
6569,0,0,0.0,1,0,2,4,55,0,5,1.0,0,0.0,New People's Army (NPA)
6570,0,0,1.0,1,0,3,22,801,0,6,3.0,1,0.0,Tehrik-i-Taliban Pakistan (TTP)
6571,0,0,0.0,1,0,3,2,7264,0,6,1.0,1,0.0,Tupac Amaru Revolutionary Movement (MRTA)
6572,0,0,1.0,1,0,3,1,4064,0,6,0.0,1,0.0,Manuel Rodriguez Patriotic Front (FPMR)
6573,0,0,1.0,1,0,3,4,1027,0,6,1.0,0,0.0,Al-Qaida in the Arabian Peninsula (AQAP)
6574,0,0,0.0,1,0,3,9,5382,0,6,1.0,1,0.0,Nicaraguan Democratic Force (FDN)
6575,0,0,0.0,1,0,3,3,2661,0,5,2.0,1,0.0,Farabundo Marti National Liberation Front (FMLN)
6576,0,0,0.0,1,0,2,4,835,0,5,9.0,1,0.0,Al-Qaida in Iraq
6577,0,0,1.0,1,0,3,1,2553,0,6,1.0,1,0.0,Shining Path (SL)
6578,0,0,0.0,1,0,2,4,681,0,5,1.0,1,0.0,Farabundo Marti National Liberation Front (FMLN)
6579,0,0,0.0,1,0,3,14,7027,0,6,2.0,1,0.0,Tehrik-i-Taliban Pakistan (TTP)
6580,0,0,0.0,0,0,1,2,2937,0,5,0.0,0,0.0,Houthi extremists (Ansar Allah)
6581,0,0,1.0,1,0,3,1,834,0,6,14.0,1,0.0,Al-Qaida in Iraq
6582,0,0,0.0,1,0,2,1,5111,0,5,0.0,1,0.0,New People's Army (NPA)
6583,0,0,0.0,1,0,3,4,1045,0,6,0.0,1,0.0,Al-Qaida in the Arabian Peninsula (AQAP)
6584,0,0,0.0,1,0,7,19,4100,0,8,0.0,1,0.0,Manuel Rodriguez Patriotic Front (FPMR)
6585,0,0,0.0,1,0,2,4,2660,0,5,19.0,1,0.0,Farabundo Marti National Liberation Front (FMLN)
6586,0,0,0.0,1,0,3,1,1441,0,6,0.0,1,0.0,Basque Fatherland and Freedom (ETA)
6587,0,0,0.0,1,0,3,8,1995,0,6,0.0,1,0.0,Communist Party of India - Maoist (CPI-Maoist)
6588,0,1,0.0,1,0,3,4,692,0,6,1.0,1,0.0,Maoists
6589,0,0,0.0,1,0,3,21,4794,0,6,0.0,1,0.0,National Liberation Army of Colombia (ELN)
6590,0,0,0.0,1,0,2,14,4306,0,5,1.0,0,0.0,Maoists
6591,0,0,0.0,1,0,2,14,5376,0,5,1.0,1,0.0,Nicaraguan Democratic Force (FDN)
6592,0,0,0.0,1,0,2,14,27,0,5,59.0,1,0.0,Liberation Tigers of Tamil Eelam (LTTE)
6593,0,0,0.0,1,0,3,3,557,0,6,1.0,1,0.0,Manuel Rodriguez Patriotic Front (FPMR)
6594,0,0,0.0,1,0,1,14,3259,0,5,1.0,0,0.0,Irish Republican Army (IRA)
6595,0,0,0.0,1,0,2,4,2660,0,5,3.0,1,0.0,Nicaraguan Democratic Force (FDN)
6596,0,0,0.0,0,0,1,2,1468,0,8,0.0,0,0.0,Basque Fatherland and Freedom (ETA)
6597,0,0,1.0,1,0,3,14,1257,0,6,3.0,1,0.0,Houthi extremists (Ansar Allah)
6598,0,1,0.0,1,0,3,19,3583,0,6,0.0,1,0.0,Kurdistan Workers' Party (PKK)
6599,0,0,0.0,1,0,3,2,440,0,6,0.0,1,0.0,African National Congress (South Africa)
6600,0,0,1.0,1,0,3,1,6349,0,6,0.0,1,0.0,Tupac Amaru Revolutionary Movement (MRTA)
6601,0,0,1.0,1,0,2,19,1459,0,8,0.0,1,0.0,Manuel Rodriguez Patriotic Front (FPMR)
6602,0,0,1.0,1,0,2,3,6836,0,5,3.0,0,0.0,Taliban
6603,0,0,0.0,1,0,3,3,330,0,6,0.0,1,0.0,Muslim extremists
6604,0,0,0.0,0,0,3,21,522,0,6,0.0,1,0.0,African National Congress (South Africa)
6605,0,0,1.0,1,0,3,4,3847,0,6,9.0,1,0.0,Liberation Tigers of Tamil Eelam (LTTE)
6606,0,0,0.0,1,0,3,4,48,0,6,1.0,-9,0.0,Al-Shabaab
6607,0,0,1.0,1,0,3,14,801,0,6,0.0,0,0.0,Al-Qaida in Iraq
6608,0,0,0.0,1,0,7,1,2110,0,8,0.0,1,0.0,New People's Army (NPA)
6609,0,1,0.0,1,0,7,1,3542,0,5,0.0,1,0.0,Kurdistan Workers' Party (PKK)
6610,0,0,0.0,1,0,3,1,77,0,6,1.0,1,0.0,Abu Sayyaf Group (ASG)
6611,0,0,0.0,1,0,1,2,5861,0,5,2.0,0,0.0,Revolutionary Armed Forces of Colombia (FARC)
6612,0,0,0.0,1,0,2,14,205,0,5,25.0,1,0.0,Boko Haram
6613,1,0,0.0,1,0,6,14,265,0,5,0.0,0,1.0,Abu Sayyaf Group (ASG)
6614,0,0,0.0,1,0,3,1,6331,0,6,0.0,1,0.0,Shining Path (SL)
6615,0,0,0.0,1,0,3,4,3732,0,6,2.0,1,0.0,Liberation Tigers of Tamil Eelam (LTTE)
6616,0,0,0.0,1,0,2,3,12,0,5,3.0,0,0.0,Boko Haram
6617,0,0,0.0,1,0,1,3,1451,0,5,1.0,0,0.0,Basque Fatherland and Freedom (ETA)
6618,0,0,0.0,1,0,3,3,4435,0,6,0.0,0,0.0,Maoists
6619,0,0,0.0,1,0,2,4,2666,0,6,4.0,1,1.0,Kurdistan Workers' Party (PKK)
6620,0,0,0.0,1,0,3,17,3461,0,6,1.0,0,0.0,Islamic State of Iraq and the Levant (ISIL)
6621,0,0,1.0,1,0,2,3,4346,0,5,1.0,-9,0.0,Taliban
6622,0,0,0.0,1,0,2,3,175,0,5,3.0,0,0.0,Kurdistan Workers' Party (PKK)
6623,0,0,0.0,1,0,2,2,59,0,5,1.0,1,1.0,Nicaraguan Democratic Force (FDN)
6624,0,1,0.0,0,1,1,3,6745,0,6,5.0,1,0.0,Taliban
6625,0,0,0.0,1,0,3,2,2475,0,6,0.0,1,0.0,Corsican National Liberation Front (FLNC)
6626,0,0,0.0,1,0,2,17,1964,0,5,3.0,0,0.0,Communist Party of India - Maoist (CPI-Maoist)
6627,0,0,0.0,1,0,6,4,5817,0,5,0.0,0,1.0,Revolutionary Armed Forces of Colombia (FARC)
6628,0,0,1.0,1,0,3,14,13,0,6,2.0,-9,0.0,Al-Qaida in Iraq
6629,0,0,0.0,1,0,3,14,5500,0,6,1.0,1,0.0,Palestinians
6630,0,0,1.0,1,0,2,14,27,0,5,15.0,1,0.0,Fulani extremists
6631,0,0,0.0,0,0,3,3,4939,0,6,0.0,1,0.0,National Liberation Army of Colombia (ELN)
6632,0,0,0.0,1,0,2,3,92,0,5,4.0,0,0.0,Kurdistan Workers' Party (PKK)
6633,0,0,0.0,1,0,3,2,4219,0,6,1.0,1,0.0,Manuel Rodriguez Patriotic Front (FPMR)
6634,0,0,0.0,1,0,3,14,6750,0,6,2.0,1,0.0,Taliban
6635,0,0,1.0,1,0,3,1,1435,0,6,0.0,1,0.0,Basque Fatherland and Freedom (ETA)
6636,0,0,0.0,1,0,3,17,305,0,6,12.0,0,0.0,Houthi extremists (Ansar Allah)
6637,0,1,0.0,1,0,2,4,20,0,5,2.0,0,0.0,Al-Qaida in the Arabian Peninsula (AQAP)
6638,0,0,0.0,1,0,2,2,1496,0,5,1.0,1,0.0,Shining Path (SL)
6639,0,0,0.0,1,0,3,4,12,0,6,0.0,0,0.0,Islamic State of Iraq and the Levant (ISIL)
6640,0,0,0.0,1,0,3,3,574,0,6,1.0,1,0.0,New People's Army (NPA)
6641,0,0,0.0,1,0,2,4,228,0,5,2.0,0,0.0,Abu Sayyaf Group (ASG)
6642,0,0,0.0,0,0,3,1,632,0,6,0.0,1,0.0,African National Congress (South Africa)
6643,0,0,0.0,1,0,2,4,3808,0,5,0.0,1,0.0,Liberation Tigers of Tamil Eelam (LTTE)
6644,0,0,0.0,1,0,2,3,803,0,5,0.0,1,0.0,Revolutionary Armed Forces of Colombia (FARC)
6645,0,1,0.0,0,0,3,20,2095,0,6,0.0,0,0.0,Communist Party of India - Maoist (CPI-Maoist)
6646,0,0,0.0,1,0,3,4,2560,0,6,0.0,-9,0.0,Donetsk People's Republic
6647,0,0,0.0,1,0,2,4,2811,0,5,1.0,1,1.0,Farabundo Marti National Liberation Front (FMLN)
6648,0,0,0.0,1,0,2,14,6608,0,5,1.0,1,0.0,Sikh Extremists
6649,0,0,0.0,1,0,2,4,4346,0,5,5.0,0,0.0,Tehrik-i-Taliban Pakistan (TTP)
6650,0,0,0.0,1,0,2,4,2755,0,5,0.0,1,0.0,Farabundo Marti National Liberation Front (FMLN)
6651,0,0,0.0,1,0,3,1,5892,0,6,0.0,1,0.0,Revolutionary Armed Forces of Colombia (FARC)
6652,0,0,0.0,1,0,1,2,2897,0,5,1.0,0,0.0,Fulani extremists
6653,0,0,0.0,1,0,3,4,330,0,6,3.0,1,0.0,Al-Shabaab
6654,0,0,0.0,1,0,2,4,3581,0,5,1.0,1,0.0,Kurdistan Workers' Party (PKK)
6655,0,0,0.0,1,0,2,4,1820,0,5,15.0,0,0.0,Boko Haram
6656,0,0,0.0,0,0,3,20,6,0,6,0.0,0,0.0,Maoists
6657,0,0,0.0,1,0,2,4,2564,0,6,1.0,1,0.0,Donetsk People's Republic
6658,0,0,0.0,1,0,2,14,13,0,5,6.0,1,0.0,Taliban
6659,0,0,1.0,1,0,3,14,13,0,6,4.0,0,0.0,Al-Qaida in Iraq
6660,0,0,1.0,1,0,3,4,4947,0,6,0.0,1,0.0,National Liberation Army of Colombia (ELN)
6661,0,0,1.0,1,0,3,1,7266,0,6,0.0,1,0.0,Tupac Amaru Revolutionary Movement (MRTA)
6662,0,0,0.0,0,0,3,14,5606,0,6,0.0,0,0.0,Palestinians
6663,0,0,0.0,1,0,7,1,2060,0,8,0.0,1,0.0,Communist Party of India - Maoist (CPI-Maoist)
6664,0,0,0.0,1,0,3,1,7240,0,6,0.0,1,0.0,Tupac Amaru Revolutionary Movement (MRTA)
6665,0,1,0.0,1,0,7,3,4346,0,5,0.0,1,0.0,Maoists
6666,0,0,0.0,1,0,2,4,12,0,5,2.0,0,0.0,New People's Army (NPA)
6667,0,0,0.0,1,0,3,4,494,0,6,0.0,1,0.0,African National Congress (South Africa)
6668,1,0,0.0,1,0,6,7,748,0,5,2.0,0,1.0,Al-Qaida in Iraq
6669,0,0,0.0,1,0,2,3,330,0,5,2.0,1,0.0,Tehrik-i-Taliban Pakistan (TTP)
6670,0,0,0.0,1,0,2,4,48,0,6,1.0,0,0.0,Donetsk People's Republic
6671,0,0,0.0,0,1,3,4,0,0,6,1.0,0,0.0,Islamic State of Iraq and the Levant (ISIL)
6672,0,0,0.0,1,0,3,1,716,0,6,0.0,1,0.0,Shining Path (SL)
6673,0,0,0.0,1,0,3,1,5605,0,6,1.0,1,0.0,Palestinians
6674,0,0,1.0,1,0,2,4,20,0,6,1.0,1,0.0,Muslim extremists
6675,0,0,0.0,0,0,3,19,631,0,6,0.0,1,0.0,Sikh Extremists
6676,0,0,0.0,1,0,3,3,330,0,6,1.0,1,0.0,Kurdistan Workers' Party (PKK)
6677,0,0,1.0,1,0,3,21,5922,0,6,1.0,1,0.0,Revolutionary Armed Forces of Colombia (FARC)
6678,0,0,0.0,1,0,2,4,48,0,5,2.0,0,0.0,Muslim extremists
6679,0,0,0.0,1,0,3,3,167,0,6,0.0,-9,0.0,Maoists
6680,0,0,0.0,1,0,3,14,1327,0,6,3.0,-9,0.0,Donetsk People's Republic
6681,0,0,0.0,0,0,2,4,48,0,5,0.0,0,0.0,Donetsk People's Republic
6682,0,0,1.0,1,0,2,14,3662,0,5,7.0,1,0.0,Liberation Tigers of Tamil Eelam (LTTE)
6683,0,0,0.0,0,0,1,4,1047,0,5,0.0,1,0.0,Al-Qaida in the Arabian Peninsula (AQAP)
6684,0,0,0.0,1,0,3,19,6,0,6,0.0,1,0.0,Liberation Tigers of Tamil Eelam (LTTE)
6685,0,0,0.0,1,0,6,14,4625,0,9,1.0,0,1.0,Muslim extremists
6686,0,0,1.0,1,0,3,14,4105,0,6,0.0,1,0.0,Manuel Rodriguez Patriotic Front (FPMR)
6687,0,0,0.0,1,0,3,3,411,0,6,2.0,0,0.0,African National Congress (South Africa)
6688,0,0,0.0,1,0,7,8,7020,0,8,0.0,1,0.0,Tehrik-i-Taliban Pakistan (TTP)
6689,0,0,1.0,1,0,3,14,730,0,6,59.0,1,0.0,Boko Haram
6690,0,0,1.0,1,0,2,14,13,0,5,3.0,0,0.0,Fulani extremists
6691,0,1,1.0,1,0,2,4,48,0,6,15.0,-9,0.0,Donetsk People's Republic
6692,0,0,0.0,1,0,2,2,5441,0,5,9.0,1,0.0,Nicaraguan Democratic Force (FDN)
6693,0,0,1.0,0,0,3,20,4807,0,6,0.0,1,0.0,National Liberation Army of Colombia (ELN)
6694,0,0,0.0,1,0,6,2,860,0,5,1.0,0,1.0,Al-Qaida in Iraq
6695,0,0,0.0,1,0,2,3,4058,0,5,0.0,1,0.0,Manuel Rodriguez Patriotic Front (FPMR)
6696,0,0,0.0,1,0,7,3,175,0,8,1.0,1,0.0,Palestinians
6697,0,0,0.0,1,0,1,2,92,0,5,1.0,0,0.0,Al-Qaida in the Arabian Peninsula (AQAP)
6698,0,0,1.0,1,0,7,14,27,0,8,6.0,1,0.0,Boko Haram
6699,1,0,0.0,1,0,6,3,2878,0,5,1.0,0,1.0,Fulani extremists
6700,1,0,0.0,1,0,6,10,3007,0,5,0.0,1,1.0,Houthi extremists (Ansar Allah)
6701,0,0,0.0,0,0,3,4,3433,0,6,1.0,0,0.0,Islamic State of Iraq and the Levant (ISIL)
6702,0,0,0.0,0,0,2,3,85,0,5,0.0,0,0.0,Islamic State of Iraq and the Levant (ISIL)
6703,1,0,0.0,1,0,6,1,201,0,5,0.0,0,1.0,Abu Sayyaf Group (ASG)
6704,0,0,0.0,1,0,2,1,977,0,5,1.0,0,0.0,Al-Qaida in the Arabian Peninsula (AQAP)
6705,0,0,0.0,1,0,2,2,1863,0,5,2.0,0,0.0,Boko Haram
6706,0,0,0.0,1,0,2,4,12,0,5,1.0,0,0.0,Al-Qaida in the Arabian Peninsula (AQAP)
6707,0,0,0.0,1,0,2,4,2660,0,5,1.0,1,0.0,Farabundo Marti National Liberation Front (FMLN)
6708,1,0,0.0,1,1,6,4,48,0,6,6.0,1,1.0,Al-Qaida in the Arabian Peninsula (AQAP)
6709,0,0,0.0,1,0,2,4,2660,0,5,1.0,1,0.0,Revolutionary Armed Forces of Colombia (FARC)
6710,0,0,0.0,1,0,2,3,2056,0,5,1.0,0,0.0,Communist Party of India - Maoist (CPI-Maoist)
6711,0,0,1.0,1,0,3,20,6,0,6,0.0,0,0.0,National Liberation Army of Colombia (ELN)
6712,0,0,0.0,1,1,3,3,175,0,6,6.0,1,0.0,Tehrik-i-Taliban Pakistan (TTP)
6713,0,0,0.0,1,0,2,4,330,0,6,5.0,1,0.0,Al-Qaida in the Arabian Peninsula (AQAP)
6714,0,0,0.0,1,0,3,3,1564,0,6,2.0,0,0.0,Basque Fatherland and Freedom (ETA)
6715,0,0,0.0,1,0,3,4,803,0,6,0.0,1,0.0,Irish Republican Army (IRA)
6716,0,0,0.0,1,0,3,1,502,0,6,0.0,1,0.0,African National Congress (South Africa)
6717,0,1,1.0,1,0,3,4,2614,0,6,0.0,-9,0.0,Donetsk People's Republic
6718,0,0,1.0,1,0,3,21,2796,0,6,0.0,1,0.0,Farabundo Marti National Liberation Front (FMLN)
6719,0,0,1.0,1,0,3,4,2560,0,6,0.0,0,0.0,Donetsk People's Republic
6720,0,0,0.0,1,0,2,4,2660,0,5,1.0,1,0.0,Farabundo Marti National Liberation Front (FMLN)
6721,0,0,1.0,1,0,7,19,56,0,8,0.0,1,0.0,Manuel Rodriguez Patriotic Front (FPMR)
6722,0,0,0.0,1,1,3,4,330,0,6,1.0,1,0.0,Taliban
6723,0,1,0.0,1,0,2,4,1098,0,5,6.0,1,0.0,Al-Qaida in the Arabian Peninsula (AQAP)
6724,1,0,0.0,1,0,6,1,6831,0,5,1.0,0,1.0,Taliban
6725,0,0,0.0,1,0,3,2,6247,0,6,0.0,1,0.0,Tupac Amaru Revolutionary Movement (MRTA)
6726,0,0,0.0,1,0,3,4,5602,0,6,1.0,1,0.0,Palestinians
6727,0,1,0.0,1,0,2,3,803,0,5,1.0,1,0.0,Sikh Extremists
6728,0,0,0.0,1,0,2,17,880,0,5,1.0,0,0.0,Al-Qaida in the Arabian Peninsula (AQAP)
6729,0,1,1.0,1,0,7,1,1557,0,8,0.0,1,0.0,Sikh Extremists
6730,0,0,0.0,0,0,3,4,3646,0,6,0.0,0,0.0,Kurdistan Workers' Party (PKK)
6731,0,0,0.0,1,0,3,4,48,0,6,0.0,0,0.0,Donetsk People's Republic
6732,0,0,1.0,1,0,3,3,767,0,6,6.0,1,0.0,Al-Qaida in Iraq
6733,0,0,0.0,1,0,7,19,272,0,8,0.0,1,0.0,Maoists
6734,0,0,1.0,1,0,2,14,27,0,5,2.0,1,0.0,Fulani extremists
6735,0,0,0.0,1,0,3,1,755,0,6,0.0,1,0.0,Palestinians
6736,0,0,0.0,1,0,2,2,6721,0,5,38.0,1,0.0,Taliban
6737,0,0,0.0,1,0,3,1,1557,0,6,0.0,1,0.0,Corsican National Liberation Front (FLNC)
6738,0,0,0.0,1,0,3,1,21,0,6,0.0,-9,0.0,Abu Sayyaf Group (ASG)
6739,0,0,0.0,1,0,3,19,6911,0,6,0.0,1,0.0,Tehrik-i-Taliban Pakistan (TTP)
6740,0,0,0.0,1,0,3,3,3445,0,6,0.0,1,0.0,Islamic State of Iraq and the Levant (ISIL)
6741,0,0,0.0,1,0,2,1,2219,0,8,0.0,1,0.0,Communist Party of India - Maoist (CPI-Maoist)
6742,0,0,0.0,1,0,3,2,838,0,6,6.0,0,0.0,Al-Qaida in Iraq
6743,0,0,0.0,1,0,2,4,803,0,5,4.0,1,0.0,Liberation Tigers of Tamil Eelam (LTTE)
6744,0,0,0.0,1,0,2,4,1248,0,5,14.0,-9,0.0,Al-Shabaab
6745,0,0,0.0,0,0,3,4,48,0,6,0.0,0,0.0,Abu Sayyaf Group (ASG)
6746,0,0,1.0,1,0,2,19,56,0,8,0.0,1,0.0,Manuel Rodriguez Patriotic Front (FPMR)
6747,0,0,1.0,1,0,2,7,7053,0,5,2.0,-9,0.0,Tehrik-i-Taliban Pakistan (TTP)
6748,0,1,0.0,1,0,2,4,48,0,6,0.0,-9,0.0,Donetsk People's Republic
6749,0,0,0.0,1,0,1,4,5573,0,9,0.0,0,0.0,Palestinians
6750,0,0,0.0,1,0,1,3,3101,0,5,1.0,0,0.0,Irish Republican Army (IRA)
6751,0,0,0.0,1,0,3,3,167,0,6,0.0,1,0.0,Maoists
6752,0,0,0.0,1,0,1,2,6234,0,5,1.0,0,0.0,Shining Path (SL)
6753,0,0,1.0,1,0,3,14,205,0,6,0.0,-9,0.0,Donetsk People's Republic
6754,0,0,0.0,1,0,2,3,803,0,5,1.0,1,0.0,Basque Fatherland and Freedom (ETA)
6755,0,0,0.0,1,0,3,1,7221,0,5,1.0,1,0.0,Tupac Amaru Revolutionary Movement (MRTA)
6756,0,0,0.0,1,0,3,21,4150,0,6,0.0,1,0.0,Manuel Rodriguez Patriotic Front (FPMR)
6757,0,0,0.0,1,0,3,2,6,0,6,1.0,-9,0.0,Houthi extremists (Ansar Allah)
6758,0,0,0.0,1,0,3,14,1928,0,6,0.0,-9,0.0,Houthi extremists (Ansar Allah)
6759,1,0,0.0,1,0,6,14,27,0,5,1.0,1,1.0,Fulani extremists
6760,0,0,0.0,1,0,2,14,6545,0,5,15.0,0,0.0,Sikh Extremists
6761,0,0,0.0,1,0,3,8,6950,0,6,0.0,1,0.0,Tehrik-i-Taliban Pakistan (TTP)
6762,0,0,0.0,1,0,3,1,1077,0,6,0.0,1,0.0,Corsican National Liberation Front (FLNC)
6763,0,0,0.0,1,0,3,1,2553,0,6,0.0,1,0.0,Shining Path (SL)
6764,0,0,0.0,1,0,3,14,3166,0,6,0.0,1,0.0,Irish Republican Army (IRA)
6765,0,0,1.0,1,0,2,14,27,0,5,2.0,1,0.0,Fulani extremists
6766,0,0,1.0,0,0,2,7,162,0,5,0.0,0,0.0,Donetsk People's Republic
6767,0,0,0.0,1,0,7,1,5372,0,5,18.0,1,0.0,Nicaraguan Democratic Force (FDN)
6768,0,0,1.0,1,0,2,4,48,0,6,0.0,0,0.0,Donetsk People's Republic
6769,1,0,1.0,1,0,6,11,266,0,5,0.0,0,1.0,Abu Sayyaf Group (ASG)
6770,0,0,0.0,1,0,2,3,172,0,5,1.0,1,0.0,Shining Path (SL)
6771,0,0,0.0,1,0,3,4,3766,0,6,3.0,1,0.0,Liberation Tigers of Tamil Eelam (LTTE)
6772,0,0,0.0,0,0,1,3,2432,0,5,0.0,0,0.0,Shining Path (SL)
6773,0,0,0.0,1,0,1,14,3230,0,5,1.0,0,0.0,Irish Republican Army (IRA)
6774,0,0,0.0,1,0,2,2,5446,0,5,1.0,1,0.0,Nicaraguan Democratic Force (FDN)
6775,0,0,0.0,1,0,1,14,6604,0,5,5.0,0,0.0,Sikh Extremists
6776,0,0,0.0,1,0,3,4,0,0,6,0.0,0,0.0,Maoists
6777,0,0,0.0,1,0,2,4,2714,0,5,1.0,1,0.0,Farabundo Marti National Liberation Front (FMLN)
6778,0,0,0.0,1,1,3,19,3809,0,6,8.0,1,0.0,Liberation Tigers of Tamil Eelam (LTTE)
6779,0,0,0.0,1,0,3,14,205,0,6,0.0,-9,0.0,Donetsk People's Republic
6780,0,0,0.0,1,0,3,3,7016,0,6,3.0,0,0.0,Tehrik-i-Taliban Pakistan (TTP)
6781,0,0,0.0,1,0,3,14,1812,0,6,0.0,-9,0.0,Houthi extremists (Ansar Allah)
6782,0,0,0.0,0,0,3,3,539,0,6,0.0,1,0.0,African National Congress (South Africa)
6783,0,0,0.0,1,0,2,4,6283,0,5,1.0,1,0.0,Shining Path (SL)
6784,0,0,0.0,1,0,2,9,3903,0,5,1.0,1,0.0,Liberation Tigers of Tamil Eelam (LTTE)
6785,0,0,1.0,1,1,3,14,13,0,6,13.0,-9,0.0,Taliban
6786,0,0,1.0,1,0,6,14,27,0,5,2.0,1,1.0,Fulani extremists
6787,0,0,0.0,1,0,6,12,1361,0,5,0.0,0,1.0,Donetsk People's Republic
6788,0,1,0.0,1,0,2,14,6428,0,5,24.0,0,0.0,Sikh Extremists
6789,0,0,0.0,1,0,5,16,4142,0,5,0.0,1,1.0,Manuel Rodriguez Patriotic Front (FPMR)
6790,0,0,0.0,1,0,3,14,4390,0,6,0.0,1,0.0,Maoists
6791,0,0,1.0,1,0,3,9,7249,0,6,1.0,1,0.0,Tupac Amaru Revolutionary Movement (MRTA)
6792,1,1,1.0,1,0,6,14,2049,0,5,0.0,0,1.0,Communist Party of India - Maoist (CPI-Maoist)
6793,0,0,0.0,1,0,3,21,6148,0,6,0.0,1,0.0,Shining Path (SL)
6794,0,0,1.0,1,0,3,14,1327,0,6,1.0,1,0.0,Houthi extremists (Ansar Allah)
6795,0,0,0.0,1,0,2,14,13,0,5,4.0,0,0.0,Al-Shabaab
6796,1,0,0.0,1,0,6,4,48,0,5,1.0,0,1.0,Taliban
6797,0,0,0.0,1,0,2,4,2660,0,5,9.0,1,0.0,Farabundo Marti National Liberation Front (FMLN)
6798,0,0,0.0,1,0,2,14,908,0,5,1.0,0,0.0,Fulani extremists
6799,0,0,0.0,0,0,2,7,162,0,5,6.0,-9,0.0,Taliban
6800,0,0,0.0,1,0,2,4,172,0,5,3.0,0,0.0,Kurdistan Workers' Party (PKK)
6801,0,0,0.0,1,0,3,4,12,0,6,40.0,1,0.0,Boko Haram
6802,0,0,1.0,1,0,7,2,474,0,8,1.0,1,0.0,Al-Qaida in the Arabian Peninsula (AQAP)
6803,0,0,0.0,1,0,3,4,3187,0,6,2.0,1,0.0,Irish Republican Army (IRA)
6804,0,0,0.0,1,0,3,2,4067,0,6,0.0,1,0.0,Manuel Rodriguez Patriotic Front (FPMR)
6805,0,0,0.0,1,0,2,17,4633,0,8,4.0,0,0.0,Muslim extremists
6806,0,1,0.0,1,0,2,4,48,0,5,15.0,0,0.0,Islamic State of Iraq and the Levant (ISIL)
6807,0,0,0.0,1,0,1,14,5996,0,5,5.0,0,0.0,Revolutionary Armed Forces of Colombia (FARC)
6808,0,0,0.0,1,0,2,19,3563,0,8,1.0,1,0.0,Kurdistan Workers' Party (PKK)
6809,0,0,0.0,1,0,2,4,1106,0,5,1.0,0,0.0,Al-Qaida in the Arabian Peninsula (AQAP)
6810,0,0,1.0,1,0,3,17,733,0,6,0.0,1,0.0,Al-Qaida in Iraq
6811,0,0,0.0,1,0,1,4,3134,0,5,1.0,0,0.0,Irish Republican Army (IRA)
6812,0,0,0.0,1,0,2,19,1619,0,8,0.0,0,0.0,Palestinians
6813,0,0,0.0,1,0,3,14,1181,0,6,0.0,1,0.0,Palestinians
6814,0,0,0.0,1,0,2,3,1155,0,5,7.0,0,0.0,Muslim extremists
6815,0,1,0.0,1,0,3,17,12,0,6,1.0,-9,0.0,Islamic State of Iraq and the Levant (ISIL)
6816,0,1,1.0,1,0,3,3,762,0,6,0.0,1,0.0,Al-Qaida in Iraq
6817,0,0,1.0,1,0,3,14,1257,0,6,0.0,1,0.0,Houthi extremists (Ansar Allah)
6818,0,0,0.0,1,0,2,14,5818,0,5,7.0,0,0.0,Revolutionary Armed Forces of Colombia (FARC)
6819,0,0,0.0,1,0,2,14,5374,0,5,1.0,1,0.0,Nicaraguan Democratic Force (FDN)
6820,0,0,0.0,1,0,2,4,2797,0,5,1.0,1,0.0,Farabundo Marti National Liberation Front (FMLN)
6821,0,0,0.0,1,0,3,2,6259,0,6,0.0,1,0.0,Shining Path (SL)
6822,0,1,0.0,1,0,2,4,12,0,5,1.0,1,0.0,Liberation Tigers of Tamil Eelam (LTTE)
6823,0,0,1.0,1,0,3,4,4580,0,6,2.0,1,0.0,Muslim extremists
6824,0,0,0.0,1,0,3,19,233,0,6,0.0,1,0.0,Islamic State of Iraq and the Levant (ISIL)
6825,0,0,0.0,1,0,3,19,4207,0,6,0.0,1,0.0,Manuel Rodriguez Patriotic Front (FPMR)
6826,0,0,1.0,1,0,2,1,59,0,5,1.0,1,0.0,Nicaraguan Democratic Force (FDN)
6827,0,0,0.0,1,0,2,4,330,0,5,0.0,1,0.0,Farabundo Marti National Liberation Front (FMLN)
6828,0,1,0.0,1,0,3,19,4349,0,6,2.0,1,0.0,Maoists
6829,0,0,1.0,1,0,3,1,4068,0,6,0.0,1,0.0,Manuel Rodriguez Patriotic Front (FPMR)
6830,0,0,0.0,1,0,3,15,4777,0,6,1.0,-9,0.0,National Liberation Army of Colombia (ELN)
6831,0,1,0.0,1,0,2,19,5519,0,5,0.0,1,0.0,Palestinians
6832,0,0,0.0,1,0,3,2,6296,0,6,0.0,1,0.0,Shining Path (SL)
6833,0,1,1.0,1,1,3,19,7028,0,6,1.0,1,0.0,Tehrik-i-Taliban Pakistan (TTP)
6834,0,0,0.0,1,0,2,4,803,0,5,1.0,1,0.0,Kurdistan Workers' Party (PKK)
6835,0,0,0.0,1,0,3,8,2070,0,6,0.0,1,0.0,Communist Party of India - Maoist (CPI-Maoist)
6836,0,0,0.0,1,0,3,19,1933,0,6,3.0,1,0.0,Palestinians
6837,0,1,0.0,1,0,2,4,20,0,5,1.0,0,0.0,Donetsk People's Republic
6838,0,0,0.0,1,0,2,3,2698,0,5,3.0,1,0.0,Farabundo Marti National Liberation Front (FMLN)
6839,0,0,1.0,1,0,3,14,13,0,6,0.0,0,0.0,Al-Qaida in Iraq
6840,0,0,0.0,1,0,1,15,6537,0,9,1.0,0,0.0,Sikh Extremists
6841,0,0,0.0,1,0,3,4,4060,0,6,0.0,1,0.0,Manuel Rodriguez Patriotic Front (FPMR)
6842,0,0,0.0,0,0,1,3,6835,0,6,0.0,1,0.0,Taliban
6843,0,1,1.0,1,0,3,9,7213,0,6,0.0,1,0.0,Tupac Amaru Revolutionary Movement (MRTA)
6844,0,0,0.0,0,0,3,20,6,0,6,0.0,0,0.0,Abu Sayyaf Group (ASG)
6845,0,0,1.0,1,0,3,21,4108,0,6,0.0,1,0.0,Manuel Rodriguez Patriotic Front (FPMR)
6846,0,1,0.0,1,0,2,4,803,0,5,2.0,1,0.0,Sikh Extremists
6847,0,0,0.0,1,0,2,14,6570,0,5,4.0,1,0.0,Sikh Extremists
6848,0,0,0.0,1,0,2,4,5186,0,5,10.0,-9,0.0,New People's Army (NPA)
6849,0,0,1.0,1,0,2,14,27,0,5,21.0,1,0.0,Fulani extremists
6850,0,0,0.0,0,0,1,14,5625,0,5,0.0,0,0.0,Palestinians
6851,0,0,0.0,1,0,3,1,7297,0,6,0.0,1,0.0,Tupac Amaru Revolutionary Movement (MRTA)
6852,1,0,0.0,1,0,6,4,3440,0,5,1.0,0,1.0,Islamic State of Iraq and the Levant (ISIL)
6853,0,0,0.0,0,0,3,1,1651,0,6,0.0,1,0.0,Basque Fatherland and Freedom (ETA)
6854,0,0,0.0,1,0,2,2,692,0,5,1.0,0,0.0,Al-Shabaab
6855,0,0,0.0,1,0,3,7,4642,0,6,0.0,1,0.0,Muslim extremists
6856,0,0,0.0,1,0,3,3,12,0,6,1.0,1,0.0,Tehrik-i-Taliban Pakistan (TTP)
6857,0,0,0.0,1,0,7,21,3492,0,8,0.0,1,0.0,Islamic State of Iraq and the Levant (ISIL)
6858,0,0,0.0,1,0,3,14,1099,0,6,1.0,1,0.0,Al-Qaida in the Arabian Peninsula (AQAP)
6859,0,0,0.0,1,0,3,14,2189,0,6,0.0,1,0.0,Communist Party of India - Maoist (CPI-Maoist)
6860,0,0,0.0,1,0,6,4,5156,0,5,0.0,0,1.0,New People's Army (NPA)
6861,0,1,0.0,0,0,1,2,3008,0,5,0.0,0,0.0,Houthi extremists (Ansar Allah)
6862,0,0,0.0,1,0,3,2,2366,0,6,0.0,1,0.0,Corsican National Liberation Front (FLNC)
6863,0,0,0.0,1,0,1,3,5548,0,9,0.0,0,0.0,Palestinians
6864,0,0,0.0,1,0,2,4,2660,0,5,3.0,1,0.0,Nicaraguan Democratic Force (FDN)
6865,0,0,0.0,1,0,3,19,5344,0,6,1.0,1,0.0,Nicaraguan Democratic Force (FDN)
6866,0,0,0.0,0,0,3,19,4110,0,6,0.0,0,0.0,Manuel Rodriguez Patriotic Front (FPMR)
6867,0,0,1.0,1,0,2,14,27,0,5,8.0,1,0.0,Fulani extremists
6868,0,0,0.0,1,0,1,2,5444,0,5,3.0,0,0.0,Nicaraguan Democratic Force (FDN)
6869,0,0,0.0,1,0,2,4,803,0,5,10.0,1,0.0,New People's Army (NPA)
6870,0,0,0.0,1,1,3,2,829,0,6,2.0,-9,0.0,Al-Qaida in Iraq
6871,0,0,1.0,1,0,6,14,27,0,5,1.0,1,1.0,Fulani extremists
6872,0,0,1.0,1,0,2,17,305,0,5,4.0,0,0.0,Tehrik-i-Taliban Pakistan (TTP)
6873,0,0,1.0,1,0,1,14,4832,0,5,1.0,0,0.0,National Liberation Army of Colombia (ELN)
6874,0,0,0.0,1,0,2,14,6771,0,5,1.0,0,0.0,Taliban
6875,0,0,1.0,1,0,3,1,3309,0,6,0.0,1,0.0,Shining Path (SL)
6876,0,1,0.0,1,0,2,14,5686,0,5,1.0,1,0.0,Palestinians
6877,0,0,0.0,1,0,2,14,3887,0,5,19.0,-9,0.0,Liberation Tigers of Tamil Eelam (LTTE)
6878,0,0,1.0,1,0,3,21,2719,0,6,0.0,1,0.0,Farabundo Marti National Liberation Front (FMLN)
6879,0,0,0.0,1,0,3,2,1541,0,6,0.0,1,0.0,Basque Fatherland and Freedom (ETA)
6880,0,0,0.0,1,0,2,22,801,0,5,15.0,0,0.0,Communist Party of India - Maoist (CPI-Maoist)
6881,0,0,0.0,1,0,3,21,198,0,6,0.0,1,0.0,Abu Sayyaf Group (ASG)
6882,0,1,0.0,1,0,3,4,172,0,6,0.0,-9,0.0,Donetsk People's Republic
6883,0,0,0.0,1,0,3,1,267,0,6,0.0,1,0.0,Abu Sayyaf Group (ASG)
6884,0,0,0.0,1,0,3,3,20,0,6,3.0,0,0.0,Al-Qaida in the Arabian Peninsula (AQAP)
6885,0,1,0.0,0,0,3,3,12,0,6,2.0,0,0.0,Communist Party of India - Maoist (CPI-Maoist)
6886,0,0,0.0,1,0,3,14,7261,0,6,0.0,1,0.0,Tupac Amaru Revolutionary Movement (MRTA)
6887,1,0,1.0,1,0,2,14,27,0,5,59.0,1,-9.0,Fulani extremists
6888,0,0,0.0,1,0,2,14,5383,0,5,1.0,1,0.0,Nicaraguan Democratic Force (FDN)
6889,0,0,1.0,1,0,3,1,2449,0,6,0.0,1,0.0,Corsican National Liberation Front (FLNC)
6890,0,0,0.0,1,0,1,2,6823,0,5,1.0,0,0.0,Taliban
6891,0,0,0.0,1,0,2,4,2660,0,5,18.0,1,0.0,Nicaraguan Democratic Force (FDN)
6892,0,0,0.0,1,0,3,8,4610,0,6,0.0,1,0.0,Muslim extremists
6893,0,0,0.0,0,1,3,14,1332,0,6,13.0,0,0.0,Islamic State of Iraq and the Levant (ISIL)
6894,0,0,0.0,1,0,7,1,2352,0,8,0.0,1,0.0,Corsican National Liberation Front (FLNC)
6895,0,0,1.0,1,0,3,21,4800,0,6,0.0,1,0.0,National Liberation Army of Colombia (ELN)
6896,0,0,0.0,1,0,3,1,5367,0,5,0.0,1,0.0,Nicaraguan Democratic Force (FDN)
6897,0,0,0.0,1,0,2,3,3140,0,5,2.0,1,0.0,Irish Republican Army (IRA)
6898,0,0,1.0,1,0,3,14,1888,0,6,0.0,1,0.0,Houthi extremists (Ansar Allah)
6899,0,0,0.0,1,0,2,4,5162,0,5,2.0,1,0.0,New People's Army (NPA)
6900,0,0,0.0,1,0,2,4,3081,0,5,3.0,1,0.0,Liberation Tigers of Tamil Eelam (LTTE)
6901,0,0,0.0,1,0,3,1,2345,0,6,0.0,1,0.0,Corsican National Liberation Front (FLNC)
6902,0,1,0.0,1,0,3,4,435,0,6,2.0,1,0.0,African National Congress (South Africa)
6903,0,0,0.0,1,0,3,14,5584,0,6,1.0,1,0.0,Palestinians
6904,0,0,0.0,1,0,2,4,162,0,5,12.0,1,0.0,Al-Shabaab
6905,0,0,0.0,1,0,2,4,5177,0,5,8.0,1,0.0,New People's Army (NPA)
6906,0,0,0.0,1,0,2,14,3849,0,5,40.0,1,0.0,Liberation Tigers of Tamil Eelam (LTTE)
6907,0,0,1.0,1,0,3,4,2571,0,6,0.0,0,0.0,Donetsk People's Republic
6908,0,0,1.0,1,0,2,4,20,0,6,1.0,0,0.0,Muslim extremists
6909,0,0,0.0,1,0,3,14,6278,0,6,0.0,1,0.0,Shining Path (SL)
6910,0,0,0.0,1,0,3,1,4912,0,6,0.0,1,0.0,National Liberation Army of Colombia (ELN)
6911,0,0,0.0,1,0,3,1,4265,0,6,0.0,1,0.0,Tupac Amaru Revolutionary Movement (MRTA)
6912,0,0,0.0,1,0,3,21,2659,0,6,1.0,1,0.0,Farabundo Marti National Liberation Front (FMLN)
6913,0,0,0.0,1,0,3,1,4204,0,6,0.0,1,0.0,Manuel Rodriguez Patriotic Front (FPMR)
6914,0,0,0.0,1,0,3,8,51,0,6,1.0,0,0.0,Kurdistan Workers' Party (PKK)
6915,0,0,0.0,1,0,3,3,1983,0,6,0.0,1,0.0,Communist Party of India - Maoist (CPI-Maoist)
6916,0,0,1.0,1,0,3,20,2399,0,6,1.0,1,0.0,Irish Republican Army (IRA)
6917,0,1,1.0,1,1,3,3,20,0,2,1.0,-9,0.0,Al-Qaida in Iraq
6918,0,0,0.0,1,0,2,4,803,0,5,0.0,1,0.0,Nicaraguan Democratic Force (FDN)
6919,0,0,0.0,1,0,1,22,6447,0,5,1.0,0,0.0,Sikh Extremists
6920,0,0,0.0,1,0,2,14,5938,0,5,7.0,1,0.0,Revolutionary Armed Forces of Colombia (FARC)
6921,0,0,0.0,1,0,1,3,2432,0,5,0.0,0,0.0,Manuel Rodriguez Patriotic Front (FPMR)
6922,0,0,0.0,0,0,2,14,13,0,5,0.0,0,0.0,Abu Sayyaf Group (ASG)
6923,0,0,0.0,1,0,5,14,205,0,5,7.0,1,1.0,National Liberation Army of Colombia (ELN)
6924,0,1,0.0,1,1,3,3,20,0,6,2.0,0,0.0,Muslim extremists
6925,0,0,0.0,1,0,3,21,562,0,6,0.0,1,0.0,African National Congress (South Africa)
6926,0,0,1.0,1,0,2,14,27,0,6,6.0,1,-9.0,Boko Haram
6927,0,0,0.0,1,0,3,1,2944,0,6,0.0,1,0.0,Houthi extremists (Ansar Allah)
6928,0,0,0.0,1,0,3,1,1077,0,6,1.0,1,0.0,Irish Republican Army (IRA)
6929,0,0,0.0,1,0,2,4,2660,0,5,1.0,1,0.0,Nicaraguan Democratic Force (FDN)
6930,0,0,0.0,1,0,3,15,5893,0,6,119.0,1,0.0,Revolutionary Armed Forces of Colombia (FARC)
6931,1,0,0.0,1,0,6,14,247,0,5,0.0,0,1.0,Abu Sayyaf Group (ASG)
6932,0,0,0.0,1,0,2,14,2856,0,5,0.0,1,0.0,Nicaraguan Democratic Force (FDN)
6933,0,0,1.0,1,0,3,21,4108,0,6,0.0,1,0.0,Manuel Rodriguez Patriotic Front (FPMR)
6934,0,0,1.0,1,0,7,19,56,0,8,0.0,1,0.0,Manuel Rodriguez Patriotic Front (FPMR)
6935,0,0,0.0,0,0,3,3,442,0,6,0.0,1,0.0,African National Congress (South Africa)
6936,0,0,0.0,1,0,2,4,681,0,5,0.0,1,0.0,Farabundo Marti National Liberation Front (FMLN)
6937,0,0,0.0,1,1,3,4,899,0,6,1.0,0,0.0,Al-Qaida in the Arabian Peninsula (AQAP)
6938,0,0,1.0,1,0,3,21,4634,0,6,4.0,1,0.0,Muslim extremists
6939,0,0,0.0,1,1,3,14,847,0,6,16.0,0,0.0,Al-Qaida in Iraq
6940,0,1,0.0,0,0,3,4,895,0,6,0.0,0,0.0,Maoists
6941,0,0,1.0,1,0,2,14,27,0,5,2.0,-9,0.0,Fulani extremists
6942,0,0,0.0,1,0,3,1,1769,0,6,0.0,1,0.0,Tupac Amaru Revolutionary Movement (MRTA)
6943,0,0,1.0,1,0,3,1,206,0,6,1.0,-9,0.0,Abu Sayyaf Group (ASG)
6944,0,0,0.0,1,0,2,3,6483,0,5,3.0,1,0.0,Sikh Extremists
6945,0,1,0.0,1,0,3,4,5967,0,6,1.0,0,0.0,Revolutionary Armed Forces of Colombia (FARC)
6946,0,0,0.0,0,0,2,4,1282,0,5,0.0,0,0.0,Al-Shabaab
6947,0,0,0.0,1,0,3,3,175,0,6,0.0,1,0.0,Abu Sayyaf Group (ASG)
6948,0,0,0.0,1,0,3,6,3928,0,6,14.0,1,0.0,Liberation Tigers of Tamil Eelam (LTTE)
6949,0,0,0.0,1,0,3,9,427,0,6,0.0,1,0.0,Tupac Amaru Revolutionary Movement (MRTA)
6950,0,0,0.0,1,0,3,8,51,0,6,5.0,1,0.0,Houthi extremists (Ansar Allah)
6951,0,0,0.0,0,0,1,17,1016,0,6,0.0,-9,0.0,Al-Qaida in the Arabian Peninsula (AQAP)
6952,0,0,0.0,1,0,1,3,608,0,5,1.0,0,0.0,African National Congress (South Africa)
6953,0,0,0.0,1,0,3,3,411,0,6,0.0,1,0.0,African National Congress (South Africa)
6954,0,0,1.0,1,0,3,14,1327,0,6,2.0,-9,0.0,Houthi extremists (Ansar Allah)
6955,0,0,0.0,1,0,7,19,1619,0,8,1.0,1,0.0,Palestinians
6956,0,0,0.0,1,0,3,3,12,0,6,0.0,1,0.0,Maoists
6957,0,0,0.0,1,0,2,14,27,0,5,2.0,0,0.0,Fulani extremists
6958,0,0,0.0,1,0,3,4,5568,0,6,1.0,1,0.0,Palestinians
6959,0,0,0.0,1,0,1,4,5087,0,5,2.0,0,0.0,New People's Army (NPA)
6960,0,0,0.0,1,0,3,12,6026,0,6,4.0,-9,0.0,Taliban
6961,0,0,0.0,1,0,3,4,6188,0,6,0.0,1,0.0,Shining Path (SL)
6962,1,0,0.0,1,0,6,14,1814,0,5,1.0,0,1.0,Boko Haram
6963,0,0,0.0,0,0,3,20,6,0,6,0.0,0,0.0,Maoists
6964,0,0,0.0,1,0,3,4,439,0,6,0.0,1,0.0,African National Congress (South Africa)
6965,0,0,1.0,1,0,3,14,1327,0,6,0.0,-9,0.0,Houthi extremists (Ansar Allah)
6966,0,0,0.0,1,0,3,4,228,0,6,1.0,-9,0.0,Al-Shabaab
6967,0,0,1.0,1,0,3,14,1327,0,6,3.0,1,0.0,Houthi extremists (Ansar Allah)
6968,0,0,0.0,1,0,1,2,643,0,5,1.0,0,0.0,African National Congress (South Africa)
6969,0,0,0.0,1,0,3,3,2202,0,6,0.0,1,0.0,Communist Party of India - Maoist (CPI-Maoist)
6970,0,0,0.0,1,0,2,1,4844,0,5,1.0,1,0.0,National Liberation Army of Colombia (ELN)
6971,0,0,0.0,1,0,2,4,5090,0,5,1.0,1,0.0,New People's Army (NPA)
6972,0,0,0.0,1,0,2,14,27,0,5,1.0,1,0.0,Fulani extremists
6973,0,0,0.0,1,0,3,1,7233,0,6,0.0,1,0.0,Tupac Amaru Revolutionary Movement (MRTA)
6974,0,0,0.0,1,0,3,2,3539,0,6,1.0,1,0.0,Kurdistan Workers' Party (PKK)
6975,0,0,0.0,1,0,1,22,3889,0,5,1.0,0,0.0,Liberation Tigers of Tamil Eelam (LTTE)
6976,0,0,1.0,1,0,3,1,6349,0,6,0.0,1,0.0,Tupac Amaru Revolutionary Movement (MRTA)
6977,0,0,1.0,1,0,3,1,1077,0,6,0.0,1,0.0,Tupac Amaru Revolutionary Movement (MRTA)
6978,0,0,0.0,1,0,3,14,1636,0,6,0.0,1,0.0,Basque Fatherland and Freedom (ETA)
6979,0,0,1.0,1,0,3,21,2719,0,6,0.0,1,0.0,Farabundo Marti National Liberation Front (FMLN)
6980,0,0,0.0,1,0,2,4,1033,0,6,6.0,-9,0.0,Al-Shabaab
6981,0,0,1.0,1,0,2,4,2563,0,5,0.0,-9,0.0,Donetsk People's Republic
6982,0,1,0.0,1,0,2,3,803,0,5,1.0,1,0.0,Sikh Extremists
6983,0,0,0.0,1,0,3,3,330,0,6,0.0,1,0.0,Kurdistan Workers' Party (PKK)
6984,0,0,0.0,0,0,1,4,956,0,5,0.0,0,0.0,Al-Qaida in the Arabian Peninsula (AQAP)
6985,0,0,0.0,0,0,3,9,6219,0,6,0.0,0,0.0,Shining Path (SL)
6986,0,0,0.0,1,0,2,14,6539,0,5,13.0,1,0.0,Sikh Extremists
6987,0,0,1.0,1,0,3,3,3930,0,6,4.0,1,0.0,Liberation Tigers of Tamil Eelam (LTTE)
6988,0,0,0.0,1,0,3,2,5629,0,6,0.0,1,0.0,Palestinians
6989,0,0,0.0,1,0,7,1,2110,0,5,0.0,1,0.0,Maoists
6990,0,0,0.0,1,0,3,1,4151,0,6,0.0,1,0.0,Manuel Rodriguez Patriotic Front (FPMR)
6991,0,0,0.0,1,0,3,14,13,0,6,3.0,0,0.0,Taliban
6992,0,0,0.0,1,0,1,14,3115,0,5,1.0,0,0.0,Irish Republican Army (IRA)
6993,0,0,0.0,1,0,3,4,2571,0,6,0.0,0,0.0,Donetsk People's Republic
6994,0,0,0.0,1,0,3,20,2399,0,6,0.0,1,0.0,Corsican National Liberation Front (FLNC)
6995,0,0,0.0,1,0,1,3,1686,0,5,1.0,0,0.0,Basque Fatherland and Freedom (ETA)
6996,0,0,0.0,1,0,3,3,3261,0,6,2.0,1,0.0,Irish Republican Army (IRA)
6997,0,0,0.0,1,0,3,4,48,0,6,1.0,0,0.0,Maoists
6998,0,0,0.0,1,0,3,1,1077,0,6,0.0,1,0.0,Corsican National Liberation Front (FLNC)
6999,0,0,0.0,1,0,2,3,1311,0,5,1.0,0,0.0,Al-Shabaab
7000,0,0,1.0,1,0,3,20,6,0,6,0.0,1,0.0,Abu Sayyaf Group (ASG)
7001,0,0,0.0,1,0,1,2,2667,0,5,1.0,0,0.0,Farabundo Marti National Liberation Front (FMLN)
7002,0,1,0.0,1,0,3,21,412,0,6,0.0,1,0.0,African National Congress (South Africa)
7003,0,0,0.0,1,0,2,4,2660,0,5,1.0,1,0.0,Liberation Tigers of Tamil Eelam (LTTE)
7004,0,0,0.0,1,0,3,14,2030,0,6,6.0,1,0.0,Communist Party of India - Maoist (CPI-Maoist)
7005,0,0,1.0,1,0,3,14,1257,0,6,0.0,1,0.0,Islamic State of Iraq and the Levant (ISIL)
7006,0,0,0.0,1,1,3,15,215,0,6,11.0,1,0.0,Boko Haram
7007,0,0,0.0,1,0,3,3,12,0,6,1.0,1,0.0,Tehrik-i-Taliban Pakistan (TTP)
7008,0,0,1.0,1,1,3,20,6,0,6,2.0,0,0.0,Boko Haram
7009,0,0,0.0,1,0,3,8,2291,0,6,0.0,1,0.0,Tehrik-i-Taliban Pakistan (TTP)
7010,0,1,0.0,1,0,2,4,4475,0,5,0.0,0,0.0,Maoists
7011,0,0,1.0,1,0,1,2,1347,0,5,1.0,0,0.0,Al-Shabaab
7012,0,0,0.0,1,0,3,4,162,0,6,4.0,1,0.0,Al-Shabaab
7013,0,0,1.0,1,0,1,2,1333,0,5,1.0,1,0.0,Al-Shabaab
7014,0,0,0.0,1,0,2,14,3769,0,5,1.0,0,0.0,Liberation Tigers of Tamil Eelam (LTTE)
7015,0,0,0.0,1,0,3,2,6162,0,6,1.0,1,0.0,Shining Path (SL)
7016,0,0,0.0,1,0,2,3,175,0,5,0.0,-9,0.0,Muslim extremists
7017,0,0,0.0,1,0,1,3,4154,0,5,2.0,0,0.0,Sikh Extremists
7018,0,0,0.0,1,0,3,22,305,0,6,15.0,-9,0.0,Al-Qaida in the Arabian Peninsula (AQAP)
7019,0,0,1.0,1,0,2,14,27,0,5,0.0,1,0.0,Fulani extremists
7020,0,0,0.0,1,0,2,14,5421,0,5,88.0,1,0.0,Nicaraguan Democratic Force (FDN)
7021,1,0,0.0,1,0,6,2,3643,0,5,2.0,0,1.0,Kurdistan Workers' Party (PKK)
7022,0,0,0.0,1,0,3,14,3253,0,6,0.0,1,0.0,Irish Republican Army (IRA)
7023,0,0,0.0,1,0,1,14,3100,0,5,1.0,0,0.0,Irish Republican Army (IRA)
7024,0,0,0.0,1,0,3,2,931,0,6,0.0,0,0.0,Houthi extremists (Ansar Allah)
7025,0,0,1.0,1,0,3,1,2335,0,6,0.0,1,0.0,Corsican National Liberation Front (FLNC)
7026,0,0,0.0,1,0,3,20,6,0,6,0.0,0,0.0,Maoists
7027,0,0,0.0,1,0,3,4,1449,0,6,5.0,1,0.0,Basque Fatherland and Freedom (ETA)
7028,0,0,0.0,1,0,1,14,6625,0,5,3.0,0,0.0,Sikh Extremists
7029,0,0,0.0,1,0,3,21,2697,0,5,2.0,1,0.0,Farabundo Marti National Liberation Front (FMLN)
7030,0,0,0.0,0,0,2,4,48,0,5,0.0,0,0.0,New People's Army (NPA)
7031,1,0,0.0,1,0,6,14,6914,0,5,0.0,0,1.0,Tehrik-i-Taliban Pakistan (TTP)
7032,0,1,1.0,1,0,3,1,1444,0,6,0.0,1,0.0,Basque Fatherland and Freedom (ETA)
7033,0,0,0.0,0,0,3,8,6782,0,6,2.0,-9,0.0,Taliban
7034,0,0,0.0,1,0,3,14,2347,0,6,0.0,1,0.0,Corsican National Liberation Front (FLNC)
7035,0,0,0.0,1,0,4,2,4635,0,5,0.0,1,0.0,Muslim extremists
7036,0,0,0.0,1,0,3,14,205,0,6,18.0,1,0.0,Boko Haram
7037,0,0,0.0,1,0,5,2,5210,0,8,0.0,1,1.0,New People's Army (NPA)
7038,0,0,0.0,1,0,3,20,6,0,6,6.0,1,0.0,Liberation Tigers of Tamil Eelam (LTTE)
7039,0,0,0.0,1,1,3,4,763,0,6,2.0,1,0.0,Al-Qaida in Iraq
7040,1,0,0.0,1,0,6,2,6980,0,5,1.0,0,1.0,Tehrik-i-Taliban Pakistan (TTP)
7041,0,0,0.0,1,0,1,2,1123,0,5,1.0,1,0.0,Al-Qaida in the Arabian Peninsula (AQAP)
7042,0,0,0.0,1,0,2,19,4455,0,5,4.0,1,0.0,Maoists
7043,0,0,0.0,1,0,2,4,4403,0,5,1.0,0,0.0,Maoists
7044,0,0,0.0,1,0,2,14,5346,0,5,1.0,1,0.0,Nicaraguan Democratic Force (FDN)
7045,0,0,0.0,1,0,3,15,215,0,6,0.0,0,0.0,Abu Sayyaf Group (ASG)
7046,0,0,0.0,1,0,2,3,12,0,5,3.0,0,0.0,Taliban
7047,0,0,0.0,1,0,3,3,411,0,6,4.0,1,0.0,African National Congress (South Africa)
7048,0,0,1.0,1,0,3,1,1432,0,6,0.0,1,0.0,Basque Fatherland and Freedom (ETA)
7049,1,0,0.0,1,0,6,7,997,0,5,0.0,0,1.0,Al-Qaida in the Arabian Peninsula (AQAP)
7050,0,0,0.0,1,0,2,4,2660,0,5,0.0,1,0.0,Nicaraguan Democratic Force (FDN)
7051,0,0,0.0,1,0,3,4,3545,0,6,0.0,1,0.0,Kurdistan Workers' Party (PKK)
7052,0,0,1.0,1,0,3,1,755,0,6,6.0,-9,0.0,Islamic State of Iraq and the Levant (ISIL)
7053,0,0,0.0,1,0,1,17,5144,0,5,1.0,0,0.0,New People's Army (NPA)
7054,1,1,0.0,1,0,6,1,7052,0,5,0.0,0,1.0,Tehrik-i-Taliban Pakistan (TTP)
7055,0,0,0.0,1,0,1,2,6465,0,5,1.0,0,0.0,Sikh Extremists
7056,0,0,0.0,1,0,3,4,3934,0,6,11.0,1,0.0,Liberation Tigers of Tamil Eelam (LTTE)
7057,0,0,0.0,1,0,2,14,3588,0,5,0.0,1,0.0,Kurdistan Workers' Party (PKK)
7058,0,1,1.0,0,0,3,20,6,0,6,0.0,0,0.0,Boko Haram
7059,0,0,0.0,1,0,2,14,6466,0,5,8.0,1,0.0,Sikh Extremists
7060,0,0,0.0,1,0,3,14,5569,0,6,0.0,0,0.0,Palestinians
7061,0,0,1.0,1,0,3,4,6901,0,6,4.0,0,0.0,Tehrik-i-Taliban Pakistan (TTP)
7062,0,0,1.0,1,0,7,1,2777,0,5,0.0,1,0.0,Farabundo Marti National Liberation Front (FMLN)
7063,0,0,0.0,1,0,2,18,5614,0,5,1.0,1,0.0,Palestinians
7064,0,0,0.0,1,0,3,21,2659,0,6,0.0,1,0.0,Manuel Rodriguez Patriotic Front (FPMR)
7065,0,0,0.0,1,0,3,2,121,0,6,0.0,0,0.0,Abu Sayyaf Group (ASG)
7066,1,0,0.0,1,0,6,2,4440,0,5,1.0,0,1.0,Maoists
7067,0,0,0.0,1,0,3,19,7023,0,6,17.0,1,0.0,Tehrik-i-Taliban Pakistan (TTP)
7068,0,0,0.0,1,0,3,14,2953,0,6,1.0,-9,0.0,Houthi extremists (Ansar Allah)
7069,0,0,0.0,1,0,2,2,2072,0,5,2.0,-9,0.0,Communist Party of India - Maoist (CPI-Maoist)
7070,0,0,1.0,1,0,3,2,25,0,6,3.0,1,0.0,Abu Sayyaf Group (ASG)
7071,0,0,1.0,1,0,3,1,4899,0,6,0.0,1,0.0,National Liberation Army of Colombia (ELN)
7072,0,0,0.0,1,0,3,3,1525,0,6,1.0,1,0.0,Basque Fatherland and Freedom (ETA)
7073,0,0,0.0,1,0,3,3,490,0,5,7.0,1,0.0,African National Congress (South Africa)
7074,0,0,1.0,1,0,6,14,27,0,5,1.0,1,1.0,Fulani extremists
7075,0,0,0.0,1,0,2,4,402,0,5,7.0,-9,0.0,Al-Shabaab
7076,1,0,0.0,1,0,6,3,6964,0,9,1.0,0,1.0,Tehrik-i-Taliban Pakistan (TTP)
7077,0,0,0.0,1,0,2,3,330,0,5,0.0,1,0.0,Boko Haram
7078,0,0,0.0,1,0,3,1,6001,0,6,0.0,1,0.0,Revolutionary Armed Forces of Colombia (FARC)
7079,0,0,1.0,1,0,7,1,5193,0,8,0.0,1,0.0,New People's Army (NPA)
7080,0,0,0.0,1,0,7,1,3556,0,8,0.0,1,0.0,Kurdistan Workers' Party (PKK)
7081,0,0,0.0,1,1,3,3,876,0,6,44.0,1,0.0,Al-Qaida in Iraq
7082,0,0,0.0,1,0,1,4,3239,0,5,1.0,0,0.0,Irish Republican Army (IRA)
7083,0,0,0.0,1,0,2,4,2660,0,5,0.0,1,0.0,Farabundo Marti National Liberation Front (FMLN)
7084,0,0,0.0,1,0,3,3,1411,0,6,2.0,1,0.0,Basque Fatherland and Freedom (ETA)
7085,0,0,0.0,1,0,2,15,318,0,5,0.0,0,0.0,Muslim extremists
7086,0,0,0.0,1,0,3,14,205,0,6,0.0,-9,0.0,Donetsk People's Republic
7087,0,0,0.0,0,0,1,3,488,0,5,0.0,0,0.0,African National Congress (South Africa)
7088,0,0,0.0,1,0,3,1,3300,0,6,0.0,1,0.0,Irish Republican Army (IRA)
7089,0,0,0.0,1,0,2,3,12,0,5,7.0,0,0.0,Taliban
7090,0,0,0.0,1,0,3,3,419,0,5,1.0,0,0.0,African National Congress (South Africa)
7091,1,0,1.0,1,0,6,14,4926,0,5,0.0,0,1.0,National Liberation Army of Colombia (ELN)
7092,0,0,1.0,1,0,2,14,27,0,5,18.0,1,0.0,Fulani extremists
7093,0,0,0.0,1,0,3,14,13,0,6,2.0,0,0.0,Islamic State of Iraq and the Levant (ISIL)
7094,0,0,0.0,1,0,3,4,3264,0,5,1.0,1,0.0,Irish Republican Army (IRA)
7095,0,1,0.0,1,0,3,4,20,0,6,12.0,1,0.0,Donetsk People's Republic
7096,0,0,0.0,1,0,3,1,4842,0,6,0.0,1,0.0,National Liberation Army of Colombia (ELN)
7097,0,0,0.0,1,1,3,4,402,0,6,1.0,-9,0.0,Al-Shabaab
7098,0,0,0.0,1,0,1,14,5611,0,9,1.0,0,0.0,Palestinians
7099,0,0,0.0,1,0,3,14,13,0,6,5.0,0,0.0,Islamic State of Iraq and the Levant (ISIL)
7100,0,0,0.0,1,0,3,14,2347,0,6,0.0,1,0.0,Corsican National Liberation Front (FLNC)
7101,0,0,0.0,0,0,1,4,3224,0,6,0.0,1,0.0,Irish Republican Army (IRA)
7102,0,0,0.0,1,0,2,3,85,0,5,1.0,0,0.0,Communist Party of India - Maoist (CPI-Maoist)
7103,0,0,0.0,1,0,2,3,12,0,5,1.0,1,0.0,Shining Path (SL)
7104,0,0,0.0,1,0,2,3,4745,0,5,1.0,1,0.0,Revolutionary Armed Forces of Colombia (FARC)
7105,0,0,0.0,1,0,3,4,7216,0,6,0.0,1,0.0,Tupac Amaru Revolutionary Movement (MRTA)
7106,0,0,0.0,1,0,1,2,1648,0,6,1.0,0,0.0,Basque Fatherland and Freedom (ETA)
7107,0,0,0.0,0,0,1,2,1266,0,5,0.0,0,0.0,Al-Shabaab
7108,0,0,1.0,1,0,3,1,1557,0,6,0.0,1,0.0,Corsican National Liberation Front (FLNC)
7109,0,0,1.0,1,0,3,1,6938,0,6,3.0,1,0.0,Tehrik-i-Taliban Pakistan (TTP)
7110,0,0,0.0,1,0,2,2,559,0,5,1.0,1,0.0,African National Congress (South Africa)
7111,0,0,0.0,1,0,3,19,6543,0,6,0.0,1,0.0,Sikh Extremists
7112,0,0,0.0,1,0,2,8,7337,0,5,0.0,1,0.0,Tupac Amaru Revolutionary Movement (MRTA)
7113,0,0,0.0,0,0,7,8,3584,0,8,0.0,1,0.0,Kurdistan Workers' Party (PKK)
7114,0,0,0.0,1,0,2,1,3566,0,5,1.0,0,0.0,Kurdistan Workers' Party (PKK)
7115,0,0,1.0,1,0,7,19,56,0,8,0.0,1,0.0,Manuel Rodriguez Patriotic Front (FPMR)
7116,0,0,0.0,0,0,1,11,5691,0,5,0.0,0,0.0,Palestinians
7117,0,0,0.0,1,0,3,4,402,0,6,0.0,1,0.0,Houthi extremists (Ansar Allah)
7118,0,0,0.0,1,0,2,4,2670,0,5,4.0,1,0.0,Revolutionary Armed Forces of Colombia (FARC)
7119,0,0,0.0,1,0,1,22,495,0,5,1.0,0,0.0,Liberation Tigers of Tamil Eelam (LTTE)
7120,0,0,0.0,1,0,2,3,4346,0,5,3.0,0,0.0,Taliban
7121,0,0,0.0,1,0,5,10,4168,0,5,0.0,1,1.0,Manuel Rodriguez Patriotic Front (FPMR)
7122,0,1,0.0,1,0,3,3,4564,0,6,3.0,0,0.0,Muslim extremists
7123,0,0,1.0,1,0,3,14,13,0,6,7.0,1,0.0,Al-Qaida in Iraq
7124,0,0,0.0,1,0,3,3,330,0,6,1.0,1,0.0,Taliban
7125,0,0,0.0,1,0,2,2,5426,0,5,1.0,1,0.0,Nicaraguan Democratic Force (FDN)
7126,0,0,0.0,1,0,2,3,7019,0,5,1.0,-9,0.0,Tehrik-i-Taliban Pakistan (TTP)
7127,1,0,0.0,1,0,6,14,29,0,5,0.0,0,1.0,Abu Sayyaf Group (ASG)
7128,0,0,0.0,1,0,1,3,603,0,5,1.0,0,0.0,African National Congress (South Africa)
7129,1,0,0.0,1,0,6,18,867,0,5,1.0,0,1.0,Al-Qaida in Iraq
7130,0,0,0.0,1,0,3,14,460,0,6,0.0,1,0.0,African National Congress (South Africa)
7131,0,1,0.0,1,0,3,4,2560,0,6,2.0,-9,0.0,Donetsk People's Republic
7132,0,0,1.0,1,0,3,14,1332,0,6,0.0,-9,0.0,Muslim extremists
7133,0,1,0.0,1,0,2,14,4667,0,9,2.0,0,0.0,Muslim extremists
7134,0,0,0.0,1,0,2,2,33,0,5,1.0,0,0.0,Abu Sayyaf Group (ASG)
7135,0,0,0.0,1,0,3,1,755,0,6,0.0,1,0.0,Al-Shabaab
7136,0,0,0.0,1,0,2,17,167,0,5,18.0,1,0.0,Liberation Tigers of Tamil Eelam (LTTE)
7137,0,0,0.0,1,1,3,3,2490,0,6,1.0,1,0.0,Tehrik-i-Taliban Pakistan (TTP)
7138,0,0,0.0,1,0,3,4,402,0,6,1.0,0,0.0,Al-Shabaab
7139,0,0,0.0,1,0,1,3,6451,0,5,7.0,0,0.0,Sikh Extremists
7140,0,0,0.0,1,0,2,2,6770,0,5,2.0,-9,0.0,Taliban
7141,0,0,0.0,1,0,3,4,6903,0,6,0.0,-9,0.0,Tehrik-i-Taliban Pakistan (TTP)
7142,0,0,0.0,1,0,3,19,56,0,5,2.0,1,0.0,Liberation Tigers of Tamil Eelam (LTTE)
7143,0,0,1.0,1,0,3,22,801,0,6,6.0,0,0.0,Tehrik-i-Taliban Pakistan (TTP)
7144,0,0,0.0,1,0,3,2,767,0,6,0.0,1,0.0,Taliban
7145,0,0,0.0,1,0,1,17,727,0,5,2.0,-9,0.0,Al-Qaida in Iraq
7146,0,0,1.0,1,0,7,1,3071,0,8,0.0,1,0.0,Irish Republican Army (IRA)
7147,1,0,0.0,1,0,6,2,305,0,9,1.0,0,1.0,Donetsk People's Republic
7148,0,0,0.0,0,1,1,4,962,0,6,9.0,-9,0.0,Al-Qaida in the Arabian Peninsula (AQAP)
7149,0,1,0.0,1,0,2,4,2560,0,5,0.0,-9,0.0,Donetsk People's Republic
7150,0,0,1.0,1,0,3,2,2416,0,6,0.0,1,0.0,Corsican National Liberation Front (FLNC)
7151,0,0,0.0,1,0,2,4,2799,0,5,0.0,1,0.0,Farabundo Marti National Liberation Front (FMLN)
7152,0,0,1.0,1,0,3,1,1557,0,6,0.0,1,0.0,Corsican National Liberation Front (FLNC)
7153,0,0,1.0,1,0,7,2,3150,0,8,1.0,1,0.0,Irish Republican Army (IRA)
7154,0,0,0.0,1,0,2,14,807,0,5,4.0,1,0.0,Al-Qaida in Iraq
7155,0,0,0.0,1,0,3,1,4157,0,6,0.0,1,0.0,Manuel Rodriguez Patriotic Front (FPMR)
7156,0,0,0.0,1,0,7,1,2110,0,5,0.0,1,0.0,New People's Army (NPA)
7157,0,0,1.0,1,0,3,21,2710,0,6,0.0,1,0.0,Farabundo Marti National Liberation Front (FMLN)
7158,0,0,0.0,1,0,2,4,2660,0,5,1.0,1,0.0,Nicaraguan Democratic Force (FDN)
7159,0,0,0.0,1,0,3,1,3061,0,6,0.0,1,0.0,Irish Republican Army (IRA)
7160,0,0,0.0,1,0,3,4,3237,0,6,0.0,1,0.0,Irish Republican Army (IRA)
7161,0,0,0.0,1,0,2,4,2660,0,5,3.0,1,0.0,National Liberation Army of Colombia (ELN)
7162,0,0,0.0,1,0,2,2,5968,0,5,2.0,1,0.0,Revolutionary Armed Forces of Colombia (FARC)
7163,0,0,0.0,1,0,2,14,2683,0,5,1.0,1,1.0,Farabundo Marti National Liberation Front (FMLN)
7164,0,0,0.0,1,0,2,14,3907,0,5,9.0,0,0.0,Liberation Tigers of Tamil Eelam (LTTE)
7165,0,0,0.0,1,0,2,4,4346,0,6,5.0,0,0.0,Tehrik-i-Taliban Pakistan (TTP)
7166,0,0,0.0,1,0,3,4,2564,0,6,0.0,0,0.0,Donetsk People's Republic
7167,0,0,0.0,1,0,3,1,1188,0,6,0.0,1,0.0,Manuel Rodriguez Patriotic Front (FPMR)
7168,0,0,0.0,0,1,3,4,3771,0,6,3.0,-9,0.0,Liberation Tigers of Tamil Eelam (LTTE)
7169,0,0,0.0,1,0,2,4,402,0,6,1.0,-9,0.0,Al-Shabaab
7170,0,0,0.0,1,0,2,4,20,0,6,3.0,0,0.0,Al-Qaida in the Arabian Peninsula (AQAP)
7171,0,0,0.0,1,0,3,19,631,0,6,0.0,1,0.0,Manuel Rodriguez Patriotic Front (FPMR)
7172,0,0,0.0,1,0,3,1,1615,0,6,0.0,1,0.0,Basque Fatherland and Freedom (ETA)
7173,0,0,0.0,1,0,2,4,2685,0,5,0.0,1,0.0,Tupac Amaru Revolutionary Movement (MRTA)
7174,0,0,0.0,1,0,2,8,6455,0,5,0.0,1,0.0,Sikh Extremists
7175,0,0,0.0,1,0,3,1,7301,0,6,0.0,1,0.0,Tupac Amaru Revolutionary Movement (MRTA)
7176,0,0,0.0,1,0,2,14,13,0,9,2.0,0,0.0,Fulani extremists
7177,0,0,0.0,1,0,3,14,4187,0,6,0.0,1,0.0,Manuel Rodriguez Patriotic Front (FPMR)
7178,0,0,1.0,0,0,1,17,6936,0,6,0.0,1,0.0,Tehrik-i-Taliban Pakistan (TTP)
7179,0,0,0.0,1,0,3,1,427,0,6,0.0,1,0.0,Tupac Amaru Revolutionary Movement (MRTA)
7180,1,0,0.0,1,0,6,14,102,0,5,1.0,0,1.0,Abu Sayyaf Group (ASG)
7181,0,0,0.0,1,0,2,4,5061,0,5,1.0,0,0.0,New People's Army (NPA)
7182,0,1,0.0,1,0,2,3,256,0,5,9.0,-9,0.0,Abu Sayyaf Group (ASG)
7183,0,0,0.0,1,0,3,4,162,0,6,3.0,1,0.0,Kurdistan Workers' Party (PKK)
7184,0,0,0.0,0,0,1,2,473,0,6,1.0,0,0.0,African National Congress (South Africa)
7185,0,0,1.0,1,0,5,10,7276,0,5,0.0,1,0.0,Tupac Amaru Revolutionary Movement (MRTA)
7186,0,1,0.0,1,0,5,4,268,1,5,1.0,0,1.0,Muslim extremists
7187,0,0,0.0,1,0,8,4,803,0,9,1.0,1,0.0,Palestinians
7188,0,0,0.0,1,0,3,19,904,0,6,9.0,1,0.0,Muslim extremists
7189,0,0,0.0,1,0,7,1,4397,0,8,0.0,1,0.0,Maoists
7190,0,0,1.0,1,0,3,15,3449,0,6,0.0,1,0.0,Islamic State of Iraq and the Levant (ISIL)
7191,0,0,1.0,1,0,3,14,1257,0,6,0.0,1,0.0,Islamic State of Iraq and the Levant (ISIL)
7192,0,0,0.0,1,0,1,10,6456,0,5,2.0,0,0.0,Sikh Extremists
7193,0,0,1.0,1,0,3,1,224,0,6,2.0,1,0.0,Al-Qaida in Iraq
7194,0,0,1.0,1,0,3,1,1557,0,6,0.0,1,0.0,Irish Republican Army (IRA)
7195,0,0,1.0,1,0,7,1,1847,0,8,0.0,1,0.0,Muslim extremists
7196,1,0,0.0,1,0,2,14,1994,0,5,1.0,0,1.0,Communist Party of India - Maoist (CPI-Maoist)
7197,0,0,0.0,1,0,3,14,4159,0,6,0.0,1,0.0,Manuel Rodriguez Patriotic Front (FPMR)
7198,0,0,0.0,1,0,3,14,1359,0,6,0.0,1,0.0,Tehrik-i-Taliban Pakistan (TTP)
7199,0,0,1.0,1,0,2,3,1538,0,5,0.0,1,0.0,Liberation Tigers of Tamil Eelam (LTTE)
7200,0,0,0.0,1,0,2,7,404,0,5,0.0,1,0.0,Tupac Amaru Revolutionary Movement (MRTA)
7201,0,0,0.0,1,0,3,21,2103,0,6,0.0,1,0.0,Communist Party of India - Maoist (CPI-Maoist)
7202,0,0,0.0,1,0,3,14,3540,0,6,1.0,1,0.0,Kurdistan Workers' Party (PKK)
7203,0,0,0.0,1,0,2,3,5047,0,5,2.0,-9,0.0,New People's Army (NPA)
7204,0,0,0.0,1,0,1,22,6983,0,5,1.0,0,0.0,Tehrik-i-Taliban Pakistan (TTP)
7205,0,0,0.0,1,0,3,14,13,0,6,0.0,0,0.0,Islamic State of Iraq and the Levant (ISIL)
7206,0,0,0.0,1,0,3,14,3858,0,6,0.0,1,0.0,Liberation Tigers of Tamil Eelam (LTTE)
7207,0,0,0.0,1,0,3,14,2589,0,6,0.0,-9,0.0,Houthi extremists (Ansar Allah)
7208,0,0,1.0,1,0,7,3,3519,0,8,0.0,1,0.0,Taliban
7209,0,0,0.0,1,1,3,14,6758,0,6,3.0,0,0.0,Taliban
7210,0,0,0.0,1,0,3,14,2365,0,6,0.0,1,0.0,Corsican National Liberation Front (FLNC)
7211,0,0,1.0,1,0,6,14,27,0,5,1.0,1,1.0,Fulani extremists
7212,0,0,0.0,1,0,2,3,2903,0,5,3.0,1,0.0,Fulani extremists
7213,0,0,0.0,1,0,3,14,2347,0,6,0.0,1,0.0,Corsican National Liberation Front (FLNC)
7214,0,0,0.0,1,0,2,14,27,0,5,20.0,1,0.0,Boko Haram
7215,0,0,1.0,1,0,3,14,1327,0,6,2.0,1,0.0,Houthi extremists (Ansar Allah)
7216,0,0,0.0,1,0,2,14,205,0,5,32.0,-9,0.0,Islamic State of Iraq and the Levant (ISIL)
7217,0,0,0.0,1,0,1,14,5553,0,5,1.0,0,0.0,Palestinians
7218,0,0,0.0,1,0,3,3,3195,0,6,0.0,1,0.0,Shining Path (SL)
7219,0,0,0.0,1,0,3,1,2433,0,6,0.0,1,0.0,Corsican National Liberation Front (FLNC)
7220,0,0,0.0,1,0,3,2,7219,0,6,1.0,1,0.0,Tupac Amaru Revolutionary Movement (MRTA)
7221,0,0,0.0,0,0,3,3,557,0,6,0.0,1,0.0,Irish Republican Army (IRA)
7222,0,0,0.0,1,0,3,2,4184,0,6,0.0,1,0.0,Manuel Rodriguez Patriotic Front (FPMR)
7223,0,0,0.0,1,0,3,1,6297,0,6,0.0,1,0.0,Shining Path (SL)
7224,0,0,0.0,1,0,3,9,7018,0,6,2.0,-9,0.0,Tehrik-i-Taliban Pakistan (TTP)
7225,0,0,0.0,1,0,1,4,7209,0,5,0.0,1,0.0,Tupac Amaru Revolutionary Movement (MRTA)
7226,0,0,1.0,1,0,3,8,2053,0,6,0.0,-9,0.0,Communist Party of India - Maoist (CPI-Maoist)
7227,0,0,0.0,1,0,2,4,1259,0,5,1.0,0,0.0,Al-Shabaab
7228,0,0,0.0,1,0,3,21,1073,0,6,0.0,1,0.0,Al-Qaida in the Arabian Peninsula (AQAP)
7229,0,1,0.0,1,0,3,4,48,0,6,1.0,0,0.0,Communist Party of India - Maoist (CPI-Maoist)
7230,1,0,1.0,1,0,6,14,27,0,5,2.0,0,1.0,Fulani extremists
7231,0,0,0.0,1,0,2,15,215,0,6,4.0,-9,0.0,Muslim extremists
7232,0,1,0.0,1,0,3,3,419,0,6,1.0,0,0.0,African National Congress (South Africa)
7233,0,0,0.0,1,0,3,3,574,0,6,0.0,1,0.0,Corsican National Liberation Front (FLNC)
7234,0,0,0.0,1,0,2,14,27,0,5,0.0,1,0.0,Fulani extremists
7235,0,0,0.0,1,0,2,1,2898,0,5,1.0,0,0.0,Fulani extremists
7236,0,0,0.0,0,0,3,20,6,0,6,0.0,0,0.0,Houthi extremists (Ansar Allah)
7237,0,0,0.0,1,0,1,2,6438,0,5,2.0,0,0.0,Sikh Extremists
7238,0,0,0.0,1,0,3,7,6963,0,6,2.0,1,0.0,Tehrik-i-Taliban Pakistan (TTP)
7239,0,0,1.0,1,0,3,3,1861,0,6,0.0,1,0.0,Boko Haram
7240,0,0,1.0,1,0,3,14,759,0,6,2.0,1,0.0,Al-Qaida in Iraq
7241,0,0,1.0,1,0,3,21,2700,0,6,0.0,1,0.0,Farabundo Marti National Liberation Front (FMLN)
7242,0,0,0.0,1,0,3,14,1332,0,6,8.0,-9,0.0,Houthi extremists (Ansar Allah)
7243,0,0,0.0,1,0,1,2,4814,0,5,1.0,0,0.0,National Liberation Army of Colombia (ELN)
7244,0,0,0.0,0,0,2,4,4457,0,5,0.0,0,0.0,Maoists
7245,0,0,0.0,1,0,3,4,330,0,6,0.0,1,0.0,Taliban
7246,0,0,0.0,1,0,2,4,5150,0,6,1.0,0,0.0,New People's Army (NPA)
7247,0,1,0.0,0,0,8,14,13,0,2,0.0,0,0.0,Communist Party of India - Maoist (CPI-Maoist)
7248,0,0,0.0,0,0,1,3,1658,0,6,0.0,0,0.0,Basque Fatherland and Freedom (ETA)
7249,0,0,0.0,1,0,5,10,7255,0,5,0.0,1,1.0,Tupac Amaru Revolutionary Movement (MRTA)
7250,0,0,1.0,1,0,3,4,387,0,6,0.0,1,0.0,Houthi extremists (Ansar Allah)
7251,0,0,0.0,1,0,3,4,4226,0,6,0.0,1,0.0,Manuel Rodriguez Patriotic Front (FPMR)
7252,0,0,0.0,1,0,3,19,791,0,6,1.0,1,0.0,Taliban
7253,0,0,0.0,1,0,2,3,1657,0,5,0.0,1,0.0,Basque Fatherland and Freedom (ETA)
7254,0,1,0.0,1,0,3,4,1219,0,6,1.0,-9,0.0,Al-Shabaab
7255,0,0,0.0,1,0,2,14,6516,0,5,16.0,0,0.0,Sikh Extremists
7256,0,0,1.0,1,0,3,1,4064,0,6,0.0,1,0.0,Manuel Rodriguez Patriotic Front (FPMR)
7257,0,0,0.0,1,1,3,14,736,0,6,22.0,1,0.0,Al-Qaida in Iraq
7258,0,0,0.0,1,0,2,14,2590,0,5,1.0,1,0.0,Donetsk People's Republic
7259,0,0,0.0,0,0,3,8,1196,0,6,0.0,1,0.0,Irish Republican Army (IRA)
7260,0,0,0.0,1,0,3,21,582,0,6,0.0,1,0.0,African National Congress (South Africa)
7261,0,0,1.0,1,0,3,2,586,0,6,0.0,1,0.0,Corsican National Liberation Front (FLNC)
7262,0,0,0.0,1,0,6,14,205,0,5,7.0,1,1.0,Revolutionary Armed Forces of Colombia (FARC)
7263,0,0,1.0,1,0,2,14,1812,0,6,33.0,-9,0.0,Boko Haram
7264,0,0,1.0,1,0,2,2,1357,0,5,0.0,1,0.0,Kurdistan Workers' Party (PKK)
7265,0,0,1.0,0,0,3,1,1957,0,6,0.0,0,0.0,Communist Party of India - Maoist (CPI-Maoist)
7266,0,0,0.0,1,0,2,4,162,0,5,1.0,-9,0.0,Al-Shabaab
7267,1,0,0.0,1,0,6,1,7282,0,5,1.0,0,1.0,Tupac Amaru Revolutionary Movement (MRTA)
7268,0,0,0.0,1,0,3,3,1445,0,6,1.0,1,0.0,Basque Fatherland and Freedom (ETA)
7269,0,0,0.0,1,0,2,4,2660,0,5,12.0,1,0.0,Nicaraguan Democratic Force (FDN)
7270,0,0,0.0,1,0,1,3,4109,0,5,1.0,0,0.0,Manuel Rodriguez Patriotic Front (FPMR)
7271,0,0,0.0,1,0,3,14,1670,0,6,0.0,1,0.0,Basque Fatherland and Freedom (ETA)
7272,0,0,1.0,1,0,3,1,1557,0,6,0.0,1,0.0,Corsican National Liberation Front (FLNC)
7273,0,0,0.0,1,0,2,4,2660,0,5,1.0,1,0.0,Nicaraguan Democratic Force (FDN)
7274,0,0,0.0,0,0,3,3,2204,0,6,0.0,-9,0.0,Communist Party of India - Maoist (CPI-Maoist)
7275,0,0,0.0,1,0,7,1,7194,0,8,0.0,1,0.0,Tupac Amaru Revolutionary Movement (MRTA)
7276,0,0,0.0,1,0,3,3,555,0,6,0.0,1,0.0,African National Congress (South Africa)
7277,0,0,1.0,1,0,3,4,2563,0,6,2.0,-9,0.0,Donetsk People's Republic
7278,1,0,0.0,1,0,6,1,286,0,5,0.0,0,1.0,Abu Sayyaf Group (ASG)
7279,0,0,0.0,1,0,3,1,755,0,6,1.0,0,0.0,Al-Shabaab
7280,0,0,1.0,1,0,3,2,866,0,6,0.0,1,0.0,Al-Qaida in Iraq
7281,0,0,0.0,0,0,3,20,6,0,6,0.0,0,0.0,Maoists
7282,0,0,1.0,1,0,3,14,13,0,6,13.0,1,0.0,Al-Qaida in Iraq
7283,0,0,1.0,1,0,3,21,2775,0,6,0.0,1,0.0,Farabundo Marti National Liberation Front (FMLN)
7284,0,0,0.0,1,0,1,14,6518,0,5,4.0,0,0.0,Sikh Extremists
7285,0,0,0.0,1,0,2,14,27,0,5,15.0,1,0.0,Boko Haram
7286,0,0,1.0,1,0,3,15,1894,0,6,37.0,1,0.0,Boko Haram
7287,0,1,0.0,1,0,3,14,13,0,6,5.0,0,0.0,Al-Shabaab
7288,0,0,1.0,1,0,7,1,1188,0,8,0.0,1,0.0,Farabundo Marti National Liberation Front (FMLN)
7289,0,0,0.0,0,0,3,2,6557,0,6,0.0,1,0.0,Sikh Extremists
7290,0,0,0.0,1,0,2,4,12,0,5,6.0,1,0.0,Revolutionary Armed Forces of Colombia (FARC)
7291,0,0,0.0,1,0,7,1,1976,0,5,0.0,1,0.0,Communist Party of India - Maoist (CPI-Maoist)
7292,0,0,0.0,1,0,2,4,402,0,5,0.0,1,0.0,Boko Haram
7293,0,0,1.0,1,0,3,4,12,0,6,1.0,0,0.0,Tehrik-i-Taliban Pakistan (TTP)
7294,0,0,0.0,1,0,6,4,402,0,5,19.0,0,1.0,Al-Shabaab
7295,0,0,0.0,1,0,1,1,6941,0,5,1.0,1,0.0,Tehrik-i-Taliban Pakistan (TTP)
7296,0,0,0.0,1,0,2,4,402,0,5,0.0,-9,0.0,Al-Shabaab
7297,0,0,0.0,1,0,3,1,5920,0,6,0.0,1,0.0,Revolutionary Armed Forces of Colombia (FARC)
7298,0,1,0.0,1,0,3,14,4452,0,6,1.0,0,0.0,Maoists
7299,0,0,1.0,1,0,3,1,7201,0,6,0.0,1,0.0,Tupac Amaru Revolutionary Movement (MRTA)
7300,0,0,1.0,1,0,3,21,4911,0,6,0.0,1,0.0,National Liberation Army of Colombia (ELN)
7301,0,0,1.0,1,0,3,21,7191,0,6,0.0,1,0.0,Tupac Amaru Revolutionary Movement (MRTA)
7302,0,0,0.0,1,0,1,14,7026,0,5,2.0,0,0.0,Tehrik-i-Taliban Pakistan (TTP)
7303,0,0,0.0,0,0,1,3,2432,0,9,0.0,0,0.0,Palestinians
7304,0,0,1.0,1,0,3,3,3434,0,6,0.0,1,0.0,Islamic State of Iraq and the Levant (ISIL)
7305,0,0,0.0,0,0,1,3,804,0,5,0.0,0,0.0,Basque Fatherland and Freedom (ETA)
7306,0,0,0.0,1,0,3,17,7014,0,6,2.0,1,0.0,Tehrik-i-Taliban Pakistan (TTP)
7307,0,0,0.0,1,0,5,3,52,0,8,0.0,1,1.0,Maoists
7308,0,0,0.0,1,0,6,2,275,0,5,0.0,0,1.0,Abu Sayyaf Group (ASG)
7309,0,0,0.0,1,0,7,22,767,0,5,0.0,1,0.0,Houthi extremists (Ansar Allah)
7310,0,1,0.0,1,0,2,4,5190,0,5,3.0,0,0.0,New People's Army (NPA)
7311,1,0,0.0,1,0,6,2,4945,0,5,0.0,0,1.0,National Liberation Army of Colombia (ELN)
7312,0,0,0.0,1,0,1,3,2432,0,5,1.0,0,0.0,Shining Path (SL)
7313,0,0,1.0,1,0,3,8,51,0,6,0.0,1,0.0,Muslim extremists
7314,0,0,0.0,1,0,3,14,7008,0,6,0.0,1,0.0,Tehrik-i-Taliban Pakistan (TTP)
7315,0,0,0.0,1,0,2,4,2690,0,5,2.0,1,0.0,Nicaraguan Democratic Force (FDN)
7316,0,0,1.0,1,0,3,2,4340,0,6,0.0,1,0.0,Muslim extremists
7317,0,0,0.0,1,0,7,3,2192,0,8,0.0,1,0.0,Communist Party of India - Maoist (CPI-Maoist)
7318,0,0,0.0,0,0,1,3,1412,0,6,0.0,0,0.0,Basque Fatherland and Freedom (ETA)
7319,0,0,1.0,1,0,3,14,13,0,6,3.0,0,0.0,Islamic State of Iraq and the Levant (ISIL)
7320,0,0,0.0,1,0,1,2,6310,0,5,1.0,0,0.0,Shining Path (SL)
7321,0,0,0.0,1,0,3,1,1077,0,6,0.0,1,0.0,Farabundo Marti National Liberation Front (FMLN)
7322,0,0,0.0,1,0,3,1,755,0,6,0.0,1,0.0,Tupac Amaru Revolutionary Movement (MRTA)
7323,0,0,0.0,1,0,1,2,3754,0,5,4.0,0,0.0,Liberation Tigers of Tamil Eelam (LTTE)
7324,0,0,0.0,1,0,2,4,2660,0,5,1.0,1,0.0,Nicaraguan Democratic Force (FDN)
7325,0,0,1.0,1,0,2,3,20,0,5,6.0,-9,0.0,Al-Qaida in Iraq
7326,0,0,0.0,1,0,2,4,48,0,6,0.0,0,0.0,Donetsk People's Republic
7327,0,0,0.0,1,0,3,4,330,0,6,3.0,-9,0.0,Taliban
7328,0,0,0.0,1,0,3,3,4454,0,6,0.0,0,0.0,Maoists
7329,0,0,0.0,1,0,2,2,1208,0,5,1.0,0,0.0,Muslim extremists
7330,0,0,0.0,1,0,3,14,1181,0,6,2.0,1,0.0,Irish Republican Army (IRA)
7331,0,0,0.0,1,0,7,19,4841,0,8,0.0,1,0.0,National Liberation Army of Colombia (ELN)
7332,0,0,0.0,1,1,3,4,728,0,6,8.0,-9,0.0,Al-Qaida in Iraq
7333,0,0,0.0,1,0,3,3,552,0,6,0.0,1,0.0,African National Congress (South Africa)
7334,0,0,1.0,1,0,3,4,48,0,6,0.0,0,0.0,Al-Qaida in Iraq
7335,0,0,1.0,1,0,3,4,48,0,6,0.0,-9,0.0,Houthi extremists (Ansar Allah)
7336,0,0,0.0,1,0,3,1,1094,0,6,13.0,1,0.0,Houthi extremists (Ansar Allah)
7337,1,0,0.0,1,0,1,14,27,0,5,1.0,1,1.0,Fulani extremists
7338,0,0,0.0,1,0,3,3,442,0,6,1.0,1,0.0,African National Congress (South Africa)
7339,0,0,0.0,1,0,3,6,4792,0,6,0.0,1,0.0,National Liberation Army of Colombia (ELN)
7340,0,0,1.0,1,0,7,1,1077,0,8,0.0,1,0.0,Kurdistan Workers' Party (PKK)
7341,0,0,0.0,1,0,1,2,623,0,8,0.0,1,0.0,African National Congress (South Africa)
7342,0,1,0.0,1,0,3,14,4405,0,6,1.0,1,0.0,Maoists
7343,0,0,0.0,1,0,1,14,1966,0,5,1.0,-9,1.0,Communist Party of India - Maoist (CPI-Maoist)
7344,0,0,0.0,1,0,3,1,1513,0,6,0.0,1,0.0,Basque Fatherland and Freedom (ETA)
7345,0,0,1.0,1,0,3,1,4064,0,6,0.0,1,0.0,Manuel Rodriguez Patriotic Front (FPMR)
7346,0,0,0.0,1,0,5,10,2804,0,5,0.0,1,1.0,Farabundo Marti National Liberation Front (FMLN)
7347,1,0,0.0,1,0,6,3,85,0,2,1.0,1,1.0,Taliban
7348,0,0,1.0,1,0,3,3,2359,0,6,0.0,1,0.0,Corsican National Liberation Front (FLNC)
7349,0,0,0.0,1,0,2,4,48,0,5,2.0,0,0.0,Kurdistan Workers' Party (PKK)
7350,0,0,0.0,1,0,1,1,6288,0,5,2.0,0,0.0,Shining Path (SL)
7351,0,0,1.0,1,0,3,21,4061,0,6,0.0,1,0.0,Manuel Rodriguez Patriotic Front (FPMR)
7352,0,0,0.0,1,0,2,4,803,0,5,11.0,1,0.0,Kurdistan Workers' Party (PKK)
7353,0,0,0.0,1,0,3,16,5119,0,6,1.0,1,0.0,New People's Army (NPA)
7354,0,0,0.0,1,0,3,21,1678,0,6,0.0,1,0.0,Basque Fatherland and Freedom (ETA)
7355,0,1,0.0,1,0,1,1,6324,0,5,1.0,0,0.0,Shining Path (SL)
7356,0,0,0.0,1,0,3,19,6192,0,6,0.0,1,0.0,Shining Path (SL)
7357,0,0,0.0,1,0,3,1,1632,0,6,0.0,1,0.0,Basque Fatherland and Freedom (ETA)
7358,0,0,0.0,1,0,6,1,4313,0,5,0.0,0,1.0,Maoists
7359,0,0,0.0,1,0,3,4,172,0,6,0.0,-9,0.0,Houthi extremists (Ansar Allah)
7360,0,0,0.0,1,0,1,2,6269,0,5,1.0,0,0.0,Shining Path (SL)
7361,0,1,0.0,1,0,2,14,3879,0,5,1.0,1,0.0,Liberation Tigers of Tamil Eelam (LTTE)
7362,0,0,0.0,1,0,2,3,1070,0,5,1.0,0,0.0,Al-Qaida in the Arabian Peninsula (AQAP)
7363,0,0,0.0,1,0,3,3,5116,0,6,0.0,1,0.0,New People's Army (NPA)
7364,0,0,0.0,1,0,1,14,6579,0,5,2.0,0,0.0,Sikh Extremists
7365,0,0,0.0,1,0,2,4,48,0,5,2.0,1,0.0,Al-Qaida in the Arabian Peninsula (AQAP)
7366,0,0,0.0,1,0,6,1,5349,0,5,1.0,1,1.0,Nicaraguan Democratic Force (FDN)
7367,0,1,0.0,1,0,2,2,59,0,5,1.0,1,0.0,Nicaraguan Democratic Force (FDN)
7368,0,0,0.0,1,0,2,14,4366,0,5,1.0,0,0.0,Maoists
7369,0,0,0.0,1,0,7,1,1976,0,8,0.0,1,0.0,Maoists
7370,0,0,0.0,0,0,3,20,6,0,6,0.0,0,0.0,Kurdistan Workers' Party (PKK)
7371,0,0,0.0,1,0,3,4,6024,0,6,1.0,0,0.0,Revolutionary Armed Forces of Colombia (FARC)
7372,0,0,1.0,1,0,2,2,765,0,5,0.0,1,0.0,Al-Qaida in Iraq
7373,0,0,0.0,0,0,6,7,967,0,5,1.0,0,0.0,Al-Qaida in the Arabian Peninsula (AQAP)
7374,0,0,0.0,1,0,1,4,3078,0,5,1.0,0,0.0,Irish Republican Army (IRA)
7375,0,0,0.0,1,0,2,4,2660,0,5,31.0,1,0.0,Nicaraguan Democratic Force (FDN)
7376,0,0,0.0,1,0,2,4,2670,0,5,1.0,1,0.0,National Liberation Army of Colombia (ELN)
7377,0,0,0.0,1,0,3,14,205,0,6,1.0,1,0.0,Houthi extremists (Ansar Allah)
7378,0,0,1.0,1,0,3,2,7283,0,6,1.0,1,0.0,Tupac Amaru Revolutionary Movement (MRTA)
7379,0,0,0.0,1,0,2,14,1864,0,5,1.0,0,0.0,Boko Haram
7380,0,1,0.0,1,0,3,4,5628,0,6,1.0,1,0.0,Palestinians
7381,0,0,1.0,1,0,3,1,3243,0,6,0.0,1,0.0,Irish Republican Army (IRA)
7382,0,0,0.0,1,0,2,1,4402,0,5,1.0,0,0.0,Maoists
7383,0,0,1.0,1,0,2,14,27,0,5,2.0,1,0.0,Boko Haram
7384,0,0,0.0,1,0,3,1,2682,0,6,0.0,1,0.0,Farabundo Marti National Liberation Front (FMLN)
7385,0,0,1.0,1,0,3,2,2410,0,6,0.0,1,0.0,Corsican National Liberation Front (FLNC)
7386,0,0,0.0,1,0,1,14,5818,0,5,7.0,0,0.0,Revolutionary Armed Forces of Colombia (FARC)
7387,0,0,0.0,1,0,3,14,13,0,6,2.0,1,0.0,Tehrik-i-Taliban Pakistan (TTP)
7388,0,0,1.0,1,0,3,19,233,0,6,0.0,1,0.0,Islamic State of Iraq and the Levant (ISIL)
7389,0,0,0.0,0,0,2,4,731,0,5,6.0,0,0.0,Al-Qaida in Iraq
7390,0,0,0.0,0,0,3,20,6,0,6,0.0,0,0.0,Maoists
7391,0,0,0.0,1,0,7,2,2394,0,5,0.0,1,0.0,Corsican National Liberation Front (FLNC)
7392,0,1,0.0,1,0,3,13,2585,0,6,1.0,1,0.0,Donetsk People's Republic
7393,0,0,0.0,1,0,2,14,27,0,5,6.0,1,0.0,Boko Haram
7394,0,0,0.0,1,1,3,4,0,0,6,38.0,-9,0.0,Islamic State of Iraq and the Levant (ISIL)
7395,0,0,1.0,1,0,7,8,3602,0,8,0.0,1,0.0,Kurdistan Workers' Party (PKK)
7396,0,0,0.0,1,0,2,3,523,0,5,1.0,1,0.0,Revolutionary Armed Forces of Colombia (FARC)
7397,0,0,1.0,1,1,3,14,1871,0,6,2.0,0,0.0,Boko Haram
7398,0,1,0.0,1,0,2,14,27,0,5,0.0,1,0.0,Boko Haram
7399,0,0,0.0,1,0,6,14,1254,0,5,1.0,0,1.0,Communist Party of India - Maoist (CPI-Maoist)
7400,0,0,1.0,1,0,3,1,1557,0,6,0.0,1,0.0,Corsican National Liberation Front (FLNC)
7401,0,1,0.0,0,0,2,4,48,0,5,0.0,0,0.0,Donetsk People's Republic
7402,0,0,1.0,1,0,3,1,2481,0,6,1.0,-9,0.0,Islamic State of Iraq and the Levant (ISIL)
7403,0,0,0.0,1,0,3,1,1567,0,6,0.0,1,0.0,Basque Fatherland and Freedom (ETA)
7404,0,0,0.0,1,0,1,2,6329,0,5,1.0,0,0.0,Shining Path (SL)
7405,0,0,0.0,0,0,3,21,3005,0,6,0.0,0,0.0,Houthi extremists (Ansar Allah)
7406,0,0,1.0,1,0,7,2,3462,0,5,0.0,-9,-9.0,Islamic State of Iraq and the Levant (ISIL)
7407,0,0,1.0,1,0,3,4,48,0,6,0.0,-9,0.0,Donetsk People's Republic
7408,0,0,0.0,1,0,3,14,2936,0,6,2.0,1,0.0,Houthi extremists (Ansar Allah)
7409,0,0,1.0,1,0,1,3,6925,0,5,1.0,0,0.0,Tehrik-i-Taliban Pakistan (TTP)
7410,0,0,1.0,1,0,3,19,6005,0,8,2.0,1,0.0,Revolutionary Armed Forces of Colombia (FARC)
7411,0,0,0.0,1,0,3,8,219,0,6,2.0,1,0.0,Muslim extremists
7412,0,0,0.0,1,0,3,7,7335,0,6,0.0,1,0.0,Tupac Amaru Revolutionary Movement (MRTA)
7413,0,0,1.0,1,0,2,14,27,0,5,2.0,1,0.0,Fulani extremists
7414,0,0,0.0,1,0,3,8,6603,0,6,1.0,1,0.0,Sikh Extremists
7415,0,0,0.0,1,0,7,1,2000,0,8,0.0,1,0.0,Communist Party of India - Maoist (CPI-Maoist)
7416,0,0,0.0,1,0,3,3,85,0,6,0.0,-9,0.0,Taliban
7417,0,0,0.0,1,0,3,4,2383,0,6,0.0,1,0.0,Corsican National Liberation Front (FLNC)
7418,1,0,0.0,1,0,4,11,110,0,5,0.0,1,1.0,Abu Sayyaf Group (ASG)
7419,0,0,1.0,1,0,7,14,27,0,8,0.0,1,0.0,Muslim extremists
7420,0,0,1.0,1,0,3,1,7250,0,6,0.0,1,0.0,Tupac Amaru Revolutionary Movement (MRTA)
7421,0,0,0.0,1,0,3,8,6763,0,6,0.0,1,0.0,Taliban
7422,0,0,0.0,1,0,3,14,6006,0,6,0.0,1,0.0,Revolutionary Armed Forces of Colombia (FARC)
7423,0,0,0.0,0,1,1,2,3842,0,6,2.0,0,0.0,Liberation Tigers of Tamil Eelam (LTTE)
7424,0,0,0.0,1,0,1,4,5492,0,9,1.0,0,0.0,Palestinians
7425,0,0,1.0,1,0,3,21,2672,0,6,0.0,1,0.0,Farabundo Marti National Liberation Front (FMLN)
7426,0,0,0.0,1,0,2,14,5131,0,5,1.0,0,0.0,New People's Army (NPA)
7427,0,1,0.0,1,0,3,4,2560,0,6,0.0,0,0.0,Donetsk People's Republic
7428,0,0,1.0,1,1,3,14,730,0,6,3.0,1,0.0,Boko Haram
7429,0,1,0.0,1,1,3,1,2102,0,6,25.0,1,0.0,Taliban
7430,0,1,0.0,1,0,2,3,411,0,5,3.0,1,0.0,African National Congress (South Africa)
7431,0,0,1.0,1,0,2,14,27,0,5,8.0,1,0.0,Boko Haram
7432,0,0,0.0,1,0,3,4,402,0,6,3.0,1,0.0,Irish Republican Army (IRA)
7433,0,0,0.0,1,0,2,2,963,0,6,2.0,1,0.0,Al-Qaida in the Arabian Peninsula (AQAP)
7434,0,0,0.0,1,0,3,4,899,0,6,0.0,1,0.0,Irish Republican Army (IRA)
7435,0,0,1.0,1,0,3,15,318,0,6,0.0,0,0.0,Muslim extremists
7436,0,0,1.0,1,0,3,10,7195,0,5,0.0,1,0.0,Tupac Amaru Revolutionary Movement (MRTA)
7437,0,0,0.0,1,0,3,4,268,0,6,1.0,0,0.0,Islamic State of Iraq and the Levant (ISIL)
7438,0,0,0.0,1,0,2,14,7082,0,5,1.0,0,0.0,Tehrik-i-Taliban Pakistan (TTP)
7439,0,0,0.0,1,0,3,1,7203,0,6,0.0,1,0.0,Tupac Amaru Revolutionary Movement (MRTA)
7440,0,0,0.0,1,0,1,4,6212,0,5,1.0,0,0.0,Shining Path (SL)
7441,1,1,0.0,1,0,6,1,52,0,5,0.0,1,1.0,New People's Army (NPA)
7442,0,0,0.0,1,0,2,4,2660,0,5,40.0,1,0.0,Shining Path (SL)
7443,0,1,0.0,1,0,2,4,48,0,6,0.0,1,0.0,Donetsk People's Republic
7444,0,1,0.0,1,0,3,19,798,0,6,6.0,0,0.0,Al-Qaida in Iraq
7445,0,0,0.0,1,0,5,10,2706,0,5,0.0,1,0.0,Farabundo Marti National Liberation Front (FMLN)
7446,0,0,0.0,1,0,3,4,0,0,6,0.0,-9,0.0,Houthi extremists (Ansar Allah)
7447,0,0,0.0,1,0,3,1,3169,0,6,1.0,1,0.0,Irish Republican Army (IRA)
7448,0,0,0.0,1,0,2,3,2044,0,5,1.0,0,0.0,Communist Party of India - Maoist (CPI-Maoist)
7449,0,0,0.0,1,0,2,14,5972,0,5,4.0,1,1.0,Revolutionary Armed Forces of Colombia (FARC)
7450,0,0,0.0,1,0,3,17,1043,0,6,14.0,1,0.0,Al-Qaida in the Arabian Peninsula (AQAP)
7451,0,0,0.0,1,0,2,4,162,0,5,1.0,1,0.0,Abu Sayyaf Group (ASG)
7452,0,1,0.0,1,0,2,17,840,0,5,1.0,0,0.0,Al-Qaida in Iraq
7453,0,0,0.0,1,0,2,3,6621,0,5,2.0,1,0.0,Sikh Extremists
7454,0,0,0.0,1,0,2,4,5176,0,5,0.0,0,0.0,New People's Army (NPA)
7455,0,0,0.0,1,0,2,14,6433,0,5,7.0,1,0.0,Sikh Extremists
7456,0,0,0.0,1,0,1,2,6610,0,5,1.0,0,0.0,Sikh Extremists
7457,0,0,0.0,1,0,3,15,35,0,6,1.0,1,0.0,Abu Sayyaf Group (ASG)
7458,0,0,0.0,1,0,3,4,3867,0,6,7.0,0,0.0,Liberation Tigers of Tamil Eelam (LTTE)
7459,0,0,0.0,1,0,2,4,3808,0,5,0.0,1,0.0,Liberation Tigers of Tamil Eelam (LTTE)
7460,0,0,0.0,1,0,3,4,4589,0,6,5.0,1,0.0,Muslim extremists
7461,0,0,1.0,1,0,3,14,1327,0,6,0.0,0,0.0,Houthi extremists (Ansar Allah)
7462,1,0,0.0,1,0,6,12,52,0,5,1.0,0,1.0,Donetsk People's Republic
7463,0,0,1.0,1,0,2,14,27,0,5,0.0,1,0.0,Fulani extremists
7464,0,1,0.0,1,0,7,1,1976,0,8,0.0,1,0.0,Maoists
7465,1,0,0.0,1,0,2,14,27,0,5,15.0,1,-9.0,Fulani extremists
7466,0,0,0.0,1,0,2,14,1829,0,5,2.0,0,0.0,Fulani extremists
7467,0,0,1.0,1,0,7,14,27,0,5,5.0,1,0.0,Fulani extremists
7468,0,0,1.0,1,0,3,14,1997,0,6,0.0,1,0.0,Communist Party of India - Maoist (CPI-Maoist)
7469,0,0,1.0,1,0,3,14,367,0,6,0.0,1,0.0,Al-Qaida in the Arabian Peninsula (AQAP)
7470,0,0,1.0,1,0,2,14,27,0,5,0.0,1,0.0,Fulani extremists
7471,0,0,0.0,1,0,3,21,2710,0,6,0.0,1,0.0,Manuel Rodriguez Patriotic Front (FPMR)
7472,0,0,0.0,1,0,3,2,5826,0,6,5.0,1,0.0,Revolutionary Armed Forces of Colombia (FARC)
7473,0,0,0.0,1,0,3,4,2718,0,5,1.0,1,0.0,Farabundo Marti National Liberation Front (FMLN)
7474,0,1,1.0,1,0,1,3,6482,0,5,5.0,0,0.0,Sikh Extremists
7475,0,0,0.0,1,0,3,4,12,0,6,0.0,1,0.0,Palestinians
7476,0,0,0.0,1,0,2,4,2962,0,5,18.0,0,0.0,Houthi extremists (Ansar Allah)
7477,0,0,0.0,1,0,7,1,1991,0,8,0.0,1,0.0,Communist Party of India - Maoist (CPI-Maoist)
7478,0,1,0.0,1,0,2,4,2660,0,5,13.0,1,0.0,Nicaraguan Democratic Force (FDN)
7479,0,0,0.0,1,0,2,4,2660,0,5,1.0,1,0.0,Nicaraguan Democratic Force (FDN)
7480,0,0,0.0,0,0,3,1,5705,0,6,0.0,0,0.0,Palestinians
7481,0,0,0.0,1,0,2,14,2041,0,5,1.0,0,0.0,Communist Party of India - Maoist (CPI-Maoist)
7482,0,0,0.0,1,0,2,2,5377,0,5,0.0,1,0.0,Nicaraguan Democratic Force (FDN)
7483,0,0,0.0,1,0,2,4,803,0,5,52.0,1,0.0,Tupac Amaru Revolutionary Movement (MRTA)
7484,0,0,0.0,1,0,3,2,3570,0,6,0.0,0,0.0,Kurdistan Workers' Party (PKK)
7485,0,0,0.0,1,0,3,3,85,0,6,0.0,0,0.0,Maoists
7486,0,0,0.0,1,0,3,2,570,0,6,0.0,1,0.0,African National Congress (South Africa)
7487,0,0,0.0,1,0,3,4,3016,0,6,1.0,1,0.0,Houthi extremists (Ansar Allah)
7488,0,0,1.0,1,0,3,14,1327,0,6,0.0,-9,0.0,Houthi extremists (Ansar Allah)
7489,0,0,1.0,1,0,3,3,3445,0,6,0.0,1,0.0,Islamic State of Iraq and the Levant (ISIL)
7490,0,0,0.0,1,0,2,3,803,0,5,1.0,1,0.0,Sikh Extremists
7491,0,0,0.0,1,0,2,3,175,0,5,3.0,1,0.0,Donetsk People's Republic
7492,0,0,0.0,1,0,2,4,402,0,6,3.0,-9,0.0,Al-Shabaab
7493,0,0,0.0,1,0,3,3,2917,0,6,2.0,1,0.0,Tehrik-i-Taliban Pakistan (TTP)
7494,0,0,0.0,1,0,7,14,1415,0,8,0.0,1,0.0,Basque Fatherland and Freedom (ETA)
7495,0,0,0.0,1,0,3,1,1587,0,6,0.0,1,0.0,Basque Fatherland and Freedom (ETA)
7496,0,0,0.0,1,0,2,4,5197,0,5,1.0,0,0.0,New People's Army (NPA)
7497,0,0,0.0,1,0,2,4,803,0,5,6.0,1,0.0,Liberation Tigers of Tamil Eelam (LTTE)
7498,0,0,0.0,1,0,3,14,1327,0,6,0.0,-9,0.0,Houthi extremists (Ansar Allah)
7499,0,0,0.0,1,0,2,4,3304,0,5,0.0,1,0.0,Irish Republican Army (IRA)
7500,0,0,0.0,1,0,3,3,411,0,6,1.0,1,0.0,African National Congress (South Africa)
7501,0,0,0.0,1,0,3,8,51,0,6,3.0,-9,0.0,Muslim extremists
7502,0,0,0.0,1,0,2,14,5976,0,5,1.0,1,1.0,Revolutionary Armed Forces of Colombia (FARC)
7503,0,1,0.0,1,0,2,4,2670,0,5,1.0,1,0.0,Nicaraguan Democratic Force (FDN)
7504,0,0,0.0,1,0,2,14,2182,0,5,1.0,0,0.0,Communist Party of India - Maoist (CPI-Maoist)
7505,0,0,0.0,1,0,3,14,1535,0,6,8.0,1,0.0,Liberation Tigers of Tamil Eelam (LTTE)
7506,0,0,0.0,1,0,1,17,1036,0,5,1.0,0,0.0,Al-Qaida in the Arabian Peninsula (AQAP)
7507,0,0,0.0,1,0,3,14,3165,0,6,1.0,1,0.0,Irish Republican Army (IRA)
7508,0,0,0.0,1,0,6,21,4938,0,6,0.0,1,1.0,National Liberation Army of Colombia (ELN)
7509,0,0,0.0,1,0,3,4,6720,0,6,12.0,0,0.0,Taliban
7510,0,0,1.0,1,0,3,3,786,0,6,1.0,1,0.0,Al-Qaida in Iraq
7511,1,1,0.0,1,0,6,2,5175,0,5,0.0,0,1.0,New People's Army (NPA)
7512,0,0,0.0,1,0,3,1,6264,0,6,0.0,1,0.0,Shining Path (SL)
7513,0,0,0.0,1,0,2,2,620,0,5,8.0,1,0.0,African National Congress (South Africa)
7514,0,0,0.0,1,0,3,1,1077,0,6,0.0,1,0.0,Corsican National Liberation Front (FLNC)
7515,1,0,0.0,1,0,6,14,74,0,5,1.0,0,1.0,Abu Sayyaf Group (ASG)
7516,0,0,0.0,1,0,3,2,6839,0,6,0.0,1,0.0,Taliban
7517,0,0,1.0,1,0,2,14,3086,0,5,0.0,0,0.0,Irish Republican Army (IRA)
7518,0,0,0.0,1,0,3,1,2026,0,6,0.0,1,0.0,Communist Party of India - Maoist (CPI-Maoist)
7519,0,0,0.0,1,0,3,14,2350,0,6,0.0,1,0.0,Irish Republican Army (IRA)
7520,0,0,0.0,1,0,3,14,1535,0,6,0.0,1,0.0,Basque Fatherland and Freedom (ETA)
7521,0,0,0.0,1,0,1,3,2609,0,6,1.0,1,0.0,Donetsk People's Republic
7522,0,1,0.0,1,0,2,4,4346,0,5,8.0,0,0.0,Tehrik-i-Taliban Pakistan (TTP)
7523,0,0,0.0,1,0,3,14,13,0,6,1.0,0,0.0,Islamic State of Iraq and the Levant (ISIL)
7524,0,0,0.0,1,0,1,3,6183,0,5,1.0,0,0.0,Shining Path (SL)
7525,0,0,1.0,1,0,2,14,27,0,5,0.0,1,0.0,Fulani extremists
7526,0,0,0.0,1,0,7,1,2002,0,8,0.0,1,0.0,Communist Party of India - Maoist (CPI-Maoist)
7527,0,0,0.0,1,0,3,14,6793,0,6,3.0,-9,0.0,Taliban
7528,0,0,0.0,1,0,2,4,3859,0,5,35.0,1,0.0,Liberation Tigers of Tamil Eelam (LTTE)
7529,0,0,0.0,1,0,2,4,12,0,5,35.0,-9,0.0,Tehrik-i-Taliban Pakistan (TTP)
7530,0,1,0.0,1,0,3,20,6,0,6,2.0,0,0.0,Islamic State of Iraq and the Levant (ISIL)
7531,0,0,0.0,0,0,2,4,5219,0,5,0.0,0,0.0,New People's Army (NPA)
7532,0,0,0.0,1,1,3,6,3855,0,6,21.0,1,0.0,Liberation Tigers of Tamil Eelam (LTTE)
7533,0,0,1.0,1,0,7,8,51,0,8,0.0,1,0.0,Kurdistan Workers' Party (PKK)
7534,0,0,0.0,1,0,2,4,20,0,5,4.0,-9,0.0,Al-Qaida in the Arabian Peninsula (AQAP)
7535,0,1,1.0,1,0,3,1,852,0,6,13.0,1,0.0,Al-Qaida in Iraq
7536,0,0,0.0,1,0,2,1,2866,0,5,9.0,0,0.0,Revolutionary Armed Forces of Colombia (FARC)
7537,0,0,0.0,1,0,3,2,767,0,6,0.0,1,0.0,Manuel Rodriguez Patriotic Front (FPMR)
7538,0,0,0.0,0,0,1,2,1275,0,6,0.0,1,0.0,Al-Shabaab
7539,0,0,0.0,1,0,3,2,580,0,6,0.0,1,0.0,African National Congress (South Africa)
7540,0,0,1.0,1,0,3,3,816,0,6,0.0,1,0.0,Communist Party of India - Maoist (CPI-Maoist)
7541,0,0,0.0,1,0,2,4,268,1,9,1.0,0,0.0,Muslim extremists
7542,0,0,0.0,1,0,2,14,4351,0,9,1.0,0,0.0,Maoists
7543,0,0,0.0,1,1,3,4,20,0,6,1.0,-9,0.0,Taliban
7544,0,0,0.0,1,0,1,14,4754,0,5,7.0,0,0.0,National Liberation Army of Colombia (ELN)
7545,0,0,0.0,1,0,2,21,6177,0,5,0.0,1,0.0,Shining Path (SL)
7546,0,0,0.0,1,0,3,22,801,0,6,0.0,-9,0.0,Liberation Tigers of Tamil Eelam (LTTE)
7547,0,0,0.0,1,0,7,1,1077,0,8,0.0,1,0.0,Kurdistan Workers' Party (PKK)
7548,0,0,0.0,1,0,7,1,3229,0,8,0.0,1,0.0,Irish Republican Army (IRA)
7549,0,0,0.0,1,0,3,14,5930,0,6,0.0,1,0.0,Revolutionary Armed Forces of Colombia (FARC)
7550,0,0,0.0,1,0,1,17,666,0,6,1.0,0,0.0,Tehrik-i-Taliban Pakistan (TTP)
7551,0,0,0.0,1,0,2,4,402,0,5,1.0,-9,0.0,Al-Shabaab
7552,0,0,0.0,1,0,3,2,1298,0,6,11.0,1,0.0,Al-Shabaab
7553,0,1,0.0,1,0,3,1,7204,0,6,1.0,1,0.0,Tupac Amaru Revolutionary Movement (MRTA)
7554,0,0,1.0,1,0,7,1,1417,0,8,0.0,1,0.0,Irish Republican Army (IRA)
7555,0,0,0.0,1,0,2,14,5342,0,5,1.0,1,0.0,Nicaraguan Democratic Force (FDN)
7556,0,1,0.0,1,0,3,4,3753,0,6,2.0,1,0.0,Liberation Tigers of Tamil Eelam (LTTE)
7557,0,0,0.0,1,0,3,15,6423,0,6,5.0,1,0.0,Sikh Extremists
7558,0,0,0.0,1,0,1,2,5152,0,5,1.0,0,0.0,New People's Army (NPA)
7559,0,0,1.0,1,0,3,1,5227,0,6,0.0,1,0.0,Revolutionary Armed Forces of Colombia (FARC)
7560,0,0,1.0,1,0,3,2,2353,0,6,0.0,1,0.0,Corsican National Liberation Front (FLNC)
7561,0,0,1.0,1,0,7,16,1813,0,8,1.0,1,0.0,Boko Haram
7562,0,0,0.0,1,0,1,2,6315,0,5,1.0,0,0.0,Shining Path (SL)
7563,1,0,0.0,1,0,6,10,4909,0,5,0.0,0,1.0,National Liberation Army of Colombia (ELN)
7564,0,0,0.0,1,0,3,3,4673,0,6,1.0,1,0.0,Muslim extremists
7565,0,0,0.0,1,0,2,3,4358,0,5,1.0,0,0.0,Maoists
7566,0,0,1.0,1,0,3,3,1879,0,6,6.0,1,0.0,Boko Haram
7567,0,0,0.0,1,1,3,3,1356,0,6,19.0,-9,0.0,Al-Shabaab
7568,0,0,1.0,1,0,3,14,1327,0,6,0.0,1,0.0,Muslim extremists
7569,0,0,1.0,1,0,3,1,1627,0,6,0.0,1,0.0,Basque Fatherland and Freedom (ETA)
7570,0,0,1.0,1,0,3,1,1557,0,6,0.0,1,0.0,Corsican National Liberation Front (FLNC)
7571,0,0,0.0,1,0,2,4,2660,0,5,1.0,1,0.0,Nicaraguan Democratic Force (FDN)
7572,0,0,1.0,1,0,2,4,48,0,5,9.0,0,0.0,Boko Haram
7573,0,0,1.0,1,0,3,1,1077,0,6,0.0,1,0.0,Tupac Amaru Revolutionary Movement (MRTA)
7574,0,0,0.0,0,1,3,4,3877,0,6,2.0,-9,0.0,Liberation Tigers of Tamil Eelam (LTTE)
7575,1,0,0.0,1,0,6,12,4604,0,5,0.0,0,1.0,Muslim extremists
7576,0,0,1.0,1,0,3,2,6808,0,6,0.0,1,0.0,Taliban
7577,0,0,0.0,1,0,3,4,56,0,6,0.0,1,0.0,Al-Qaida in the Arabian Peninsula (AQAP)
7578,0,0,0.0,1,0,3,1,2371,0,6,1.0,1,0.0,Corsican National Liberation Front (FLNC)
7579,0,0,1.0,1,1,3,4,20,0,6,4.0,1,0.0,Al-Qaida in the Arabian Peninsula (AQAP)
7580,0,0,0.0,1,1,3,4,402,0,6,16.0,1,0.0,Al-Qaida in the Arabian Peninsula (AQAP)
7581,0,0,0.0,1,0,3,21,2084,0,6,0.0,1,0.0,Communist Party of India - Maoist (CPI-Maoist)
7582,0,0,0.0,1,0,3,3,85,0,6,0.0,0,0.0,Kurdistan Workers' Party (PKK)
7583,0,0,1.0,1,1,3,19,904,0,6,18.0,1,0.0,Islamic State of Iraq and the Levant (ISIL)
7584,0,0,0.0,1,0,2,19,56,0,5,3.0,1,0.0,Fulani extremists
7585,0,0,0.0,1,0,1,3,6560,0,5,1.0,0,0.0,Sikh Extremists
7586,0,0,0.0,1,0,2,4,803,0,5,0.0,1,0.0,Nicaraguan Democratic Force (FDN)
7587,0,0,0.0,1,0,2,4,282,0,5,1.0,0,0.0,Abu Sayyaf Group (ASG)
7588,0,0,0.0,1,0,1,3,6575,0,6,5.0,0,0.0,Sikh Extremists
7589,0,0,1.0,1,0,3,14,2444,0,6,0.0,1,0.0,Corsican National Liberation Front (FLNC)
7590,0,0,0.0,1,0,2,4,5213,0,5,4.0,0,0.0,New People's Army (NPA)
7591,1,0,1.0,1,0,2,2,1231,0,5,1.0,0,0.0,Taliban
7592,0,0,0.0,1,0,3,14,1393,0,6,0.0,1,0.0,Irish Republican Army (IRA)
7593,0,0,0.0,1,0,3,14,27,0,6,0.0,-9,0.0,Donetsk People's Republic
7594,0,0,0.0,1,0,2,3,3741,0,5,2.0,-9,0.0,Liberation Tigers of Tamil Eelam (LTTE)
7595,0,0,0.0,1,0,1,4,1565,0,6,3.0,0,0.0,Basque Fatherland and Freedom (ETA)
7596,0,0,0.0,1,0,8,1,123,0,8,0.0,1,0.0,Communist Party of India - Maoist (CPI-Maoist)
7597,0,0,0.0,1,0,1,10,1285,0,5,3.0,1,0.0,Muslim extremists
7598,0,0,0.0,1,0,2,3,92,0,5,1.0,0,0.0,Al-Shabaab
7599,0,0,0.0,1,0,2,4,692,0,5,5.0,0,0.0,Houthi extremists (Ansar Allah)
7600,0,0,0.0,1,0,3,2,2054,0,6,0.0,1,0.0,Communist Party of India - Maoist (CPI-Maoist)
7601,0,0,0.0,1,0,3,19,1452,0,6,0.0,1,0.0,Basque Fatherland and Freedom (ETA)
7602,0,0,0.0,1,0,3,4,48,0,6,2.0,0,0.0,Taliban
7603,0,0,0.0,1,0,3,20,2399,0,6,0.0,1,0.0,Corsican National Liberation Front (FLNC)
7604,0,0,1.0,1,0,3,1,4070,0,6,0.0,1,0.0,Manuel Rodriguez Patriotic Front (FPMR)
7605,0,0,0.0,1,0,2,4,12,0,5,2.0,0,0.0,Houthi extremists (Ansar Allah)
7606,0,0,0.0,1,0,7,16,2006,0,8,0.0,1,0.0,Communist Party of India - Maoist (CPI-Maoist)
7607,0,0,0.0,1,0,2,4,1042,0,5,1.0,-9,0.0,Al-Qaida in the Arabian Peninsula (AQAP)
7608,0,0,0.0,1,1,3,4,1816,0,6,8.0,1,0.0,Tehrik-i-Taliban Pakistan (TTP)
7609,0,1,0.0,1,0,3,4,3951,0,6,1.0,1,0.0,Liberation Tigers of Tamil Eelam (LTTE)
7610,0,0,0.0,1,0,3,1,2380,0,6,0.0,1,0.0,Corsican National Liberation Front (FLNC)
7611,0,0,0.0,1,0,2,4,1573,0,5,2.0,1,0.0,Basque Fatherland and Freedom (ETA)
7612,0,0,0.0,1,0,2,3,4158,0,5,0.0,1,0.0,Manuel Rodriguez Patriotic Front (FPMR)
7613,0,0,0.0,1,0,3,4,162,0,6,2.0,0,0.0,Muslim extremists
7614,0,0,0.0,1,0,6,14,13,0,5,3.0,0,1.0,Al-Qaida in the Arabian Peninsula (AQAP)
7615,0,0,0.0,1,0,2,4,6445,0,5,4.0,1,0.0,Sikh Extremists
7616,0,0,1.0,1,0,3,3,12,0,6,0.0,-9,0.0,Al-Qaida in Iraq
7617,0,0,0.0,1,0,2,17,3525,0,5,1.0,0,0.0,Kurdistan Workers' Party (PKK)
7618,0,0,0.0,1,0,2,14,3801,0,5,4.0,-9,0.0,Liberation Tigers of Tamil Eelam (LTTE)
7619,0,1,0.0,1,0,2,4,162,0,5,1.0,0,0.0,Al-Shabaab
7620,0,0,0.0,1,0,6,14,108,0,9,1.0,0,1.0,Abu Sayyaf Group (ASG)
7621,0,0,0.0,1,0,2,4,2660,0,5,70.0,1,0.0,Nicaraguan Democratic Force (FDN)
7622,0,0,0.0,1,0,3,11,3585,0,6,0.0,1,0.0,Kurdistan Workers' Party (PKK)
7623,0,0,0.0,1,0,2,3,3209,0,5,1.0,1,0.0,Muslim extremists
7624,0,0,1.0,1,0,3,3,3445,0,6,0.0,1,0.0,Islamic State of Iraq and the Levant (ISIL)
7625,0,0,0.0,1,0,2,4,48,0,5,1.0,0,0.0,Kurdistan Workers' Party (PKK)
7626,0,0,0.0,1,0,3,3,5887,0,6,0.0,-9,0.0,Revolutionary Armed Forces of Colombia (FARC)
7627,0,0,0.0,1,0,3,3,3213,0,6,1.0,1,0.0,Irish Republican Army (IRA)
7628,0,0,0.0,1,0,3,14,6609,0,6,0.0,1,0.0,Sikh Extremists
7629,0,0,1.0,1,0,3,15,215,0,6,0.0,1,0.0,Houthi extremists (Ansar Allah)
7630,0,0,0.0,1,0,1,14,6415,0,5,3.0,0,0.0,Sikh Extremists
7631,0,0,0.0,1,0,3,14,13,0,6,0.0,1,0.0,Boko Haram
7632,0,0,0.0,1,0,2,14,27,0,5,5.0,0,0.0,Fulani extremists
7633,0,0,0.0,1,0,3,1,1543,0,6,0.0,1,0.0,Basque Fatherland and Freedom (ETA)
7634,0,0,0.0,0,0,3,19,3830,0,6,0.0,0,0.0,Liberation Tigers of Tamil Eelam (LTTE)
7635,0,1,0.0,1,0,3,4,447,0,6,1.0,1,0.0,African National Congress (South Africa)
7636,0,0,0.0,1,0,3,3,1155,0,6,3.0,-9,0.0,Houthi extremists (Ansar Allah)
7637,0,0,0.0,1,0,2,3,4414,0,5,5.0,0,0.0,Maoists
7638,0,1,1.0,1,0,1,14,5574,0,5,1.0,0,0.0,Palestinians
7639,0,0,0.0,1,0,1,3,3275,0,5,1.0,0,0.0,Irish Republican Army (IRA)
7640,0,0,0.0,1,0,5,10,2706,0,5,0.0,0,1.0,Manuel Rodriguez Patriotic Front (FPMR)
7641,0,0,1.0,1,0,1,14,6426,0,5,1.0,0,0.0,Sikh Extremists
7642,0,0,0.0,0,0,2,10,1283,0,5,0.0,-9,0.0,Al-Shabaab
7643,0,0,0.0,1,0,3,14,2365,0,6,0.0,1,0.0,Corsican National Liberation Front (FLNC)
7644,0,0,0.0,1,1,3,14,1838,0,6,1.0,0,0.0,Boko Haram
7645,0,0,0.0,1,0,1,14,4826,0,5,2.0,0,0.0,National Liberation Army of Colombia (ELN)
7646,0,0,0.0,1,0,3,21,4762,0,6,0.0,1,0.0,National Liberation Army of Colombia (ELN)
7647,0,0,0.0,1,0,2,3,12,0,5,5.0,0,0.0,Communist Party of India - Maoist (CPI-Maoist)
7648,0,0,0.0,1,0,2,1,4793,0,5,3.0,1,0.0,National Liberation Army of Colombia (ELN)
7649,0,0,0.0,1,0,3,4,172,0,6,1.0,1,0.0,Kurdistan Workers' Party (PKK)
7650,0,0,0.0,1,0,1,14,6589,0,5,1.0,0,0.0,Sikh Extremists
7651,0,0,0.0,1,0,3,1,2386,0,6,0.0,1,0.0,Corsican National Liberation Front (FLNC)
7652,0,0,1.0,1,0,2,14,27,0,5,8.0,1,0.0,Fulani extremists
7653,0,0,0.0,1,0,6,14,2163,0,5,1.0,0,1.0,Communist Party of India - Maoist (CPI-Maoist)
7654,1,0,0.0,1,0,6,14,2157,0,5,1.0,0,1.0,Communist Party of India - Maoist (CPI-Maoist)
7655,0,0,0.0,1,0,3,14,839,0,6,160.0,1,0.0,Al-Qaida in Iraq
7656,0,1,0.0,1,0,6,14,2908,0,9,0.0,0,1.0,Fulani extremists
7657,0,1,1.0,1,0,7,1,1557,0,8,0.0,1,0.0,Sikh Extremists
7658,0,0,0.0,1,0,1,14,5136,0,5,1.0,0,0.0,New People's Army (NPA)
7659,0,0,0.0,1,0,1,1,1518,0,5,1.0,0,0.0,Basque Fatherland and Freedom (ETA)
7660,0,0,0.0,1,1,3,15,6897,0,6,5.0,1,0.0,Tehrik-i-Taliban Pakistan (TTP)
7661,0,0,0.0,1,0,3,4,12,0,6,1.0,0,0.0,Maoists
7662,0,1,0.0,1,0,2,4,803,0,5,8.0,1,0.0,Kurdistan Workers' Party (PKK)
7663,0,0,0.0,1,0,3,1,2488,0,6,0.0,1,0.0,Corsican National Liberation Front (FLNC)
7664,0,0,0.0,1,0,2,14,3871,0,5,1.0,0,0.0,Liberation Tigers of Tamil Eelam (LTTE)
7665,0,0,0.0,1,0,2,1,6592,0,5,9.0,1,0.0,Sikh Extremists
7666,0,0,1.0,1,0,3,20,6,0,6,0.0,0,0.0,Al-Qaida in Iraq
7667,0,0,0.0,0,0,7,1,7303,0,8,1.0,1,0.0,Tupac Amaru Revolutionary Movement (MRTA)
7668,0,0,0.0,1,0,2,14,5171,0,5,2.0,1,0.0,New People's Army (NPA)
7669,0,0,0.0,0,0,3,1,1688,0,6,0.0,0,0.0,Basque Fatherland and Freedom (ETA)
7670,0,0,0.0,1,0,2,14,2817,0,5,1.0,1,0.0,Farabundo Marti National Liberation Front (FMLN)
7671,0,0,0.0,1,0,6,14,5938,0,5,1.0,1,1.0,Revolutionary Armed Forces of Colombia (FARC)
7672,0,0,0.0,1,0,3,14,1888,0,6,0.0,-9,0.0,Houthi extremists (Ansar Allah)
7673,0,0,0.0,1,0,2,14,467,0,5,2.0,1,0.0,African National Congress (South Africa)
7674,0,0,0.0,1,0,1,2,4437,0,5,1.0,0,0.0,Maoists
7675,0,0,0.0,1,0,3,14,5694,0,6,0.0,1,0.0,Palestinians
7676,0,0,1.0,1,0,3,17,2996,0,6,1.0,1,0.0,Houthi extremists (Ansar Allah)
7677,0,0,0.0,1,0,2,4,803,0,5,0.0,1,0.0,Kurdistan Workers' Party (PKK)
7678,0,0,0.0,1,0,7,8,51,0,8,0.0,1,0.0,Boko Haram
7679,0,0,0.0,1,0,3,1,1428,0,6,0.0,1,0.0,Basque Fatherland and Freedom (ETA)
7680,0,0,0.0,1,0,3,14,13,0,6,1.0,1,0.0,Tehrik-i-Taliban Pakistan (TTP)
7681,0,0,0.0,1,0,2,4,803,0,5,0.0,1,0.0,Farabundo Marti National Liberation Front (FMLN)
7682,0,1,1.0,1,0,2,14,27,0,5,0.0,1,0.0,Fulani extremists
7683,0,0,0.0,1,0,5,14,5884,0,5,0.0,1,0.0,Revolutionary Armed Forces of Colombia (FARC)
7684,0,0,0.0,1,0,2,4,1088,0,5,1.0,0,0.0,Al-Qaida in the Arabian Peninsula (AQAP)
7685,0,0,0.0,1,0,2,14,13,0,5,2.0,0,0.0,Houthi extremists (Ansar Allah)
7686,0,1,0.0,1,0,3,21,4857,0,6,0.0,1,0.0,National Liberation Army of Colombia (ELN)
7687,0,0,0.0,1,0,2,4,4346,0,5,23.0,0,0.0,Tehrik-i-Taliban Pakistan (TTP)
7688,0,0,1.0,1,0,3,4,767,0,6,3.0,-9,0.0,Al-Qaida in the Arabian Peninsula (AQAP)
7689,0,0,1.0,1,0,2,14,27,0,5,1.0,0,0.0,Fulani extremists
7690,0,0,1.0,1,0,2,14,13,0,5,1.0,-9,0.0,Fulani extremists
7691,1,1,0.0,1,0,6,14,4474,0,9,2.0,0,1.0,Maoists
7692,0,0,1.0,1,0,3,3,12,0,6,2.0,1,0.0,Al-Qaida in Iraq
7693,0,0,0.0,1,1,3,2,767,0,6,26.0,1,0.0,Al-Qaida in Iraq
7694,0,0,1.0,1,0,2,14,1267,0,5,1.0,0,0.0,Al-Shabaab
7695,0,0,1.0,1,0,3,4,48,0,6,0.0,-9,0.0,Donetsk People's Republic
7696,0,0,0.0,0,0,1,4,5615,0,9,1.0,0,0.0,Palestinians
7697,0,0,0.0,1,0,3,14,530,0,6,6.0,1,0.0,African National Congress (South Africa)
7698,0,0,0.0,1,0,2,3,2113,0,5,1.0,0,0.0,Communist Party of India - Maoist (CPI-Maoist)
7699,0,0,0.0,0,0,2,4,1886,0,5,0.0,0,0.0,Boko Haram
7700,0,0,0.0,1,0,2,3,1006,0,5,1.0,-9,0.0,Al-Qaida in the Arabian Peninsula (AQAP)
7701,0,0,1.0,1,0,3,14,2358,0,6,0.0,1,0.0,Corsican National Liberation Front (FLNC)
7702,0,1,0.0,1,0,3,2,4329,0,6,0.0,1,0.0,Maoists
7703,0,0,1.0,1,0,3,2,2442,0,6,0.0,1,0.0,Corsican National Liberation Front (FLNC)
7704,1,0,0.0,1,0,6,14,2945,0,5,0.0,0,1.0,Houthi extremists (Ansar Allah)
7705,0,0,0.0,1,0,3,3,2428,0,6,0.0,1,0.0,Corsican National Liberation Front (FLNC)
7706,0,0,0.0,1,0,2,3,514,0,5,0.0,1,0.0,Basque Fatherland and Freedom (ETA)
7707,0,0,0.0,1,0,2,17,1846,0,5,7.0,0,0.0,Boko Haram
7708,0,0,0.0,1,0,1,3,2432,0,6,1.0,0,0.0,Irish Republican Army (IRA)
7709,0,0,1.0,1,0,7,7,3650,0,8,0.0,1,0.0,Muslim extremists
7710,0,0,1.0,1,0,2,14,27,0,5,2.0,1,0.0,Fulani extremists
7711,0,1,0.0,1,0,2,14,27,0,5,15.0,1,0.0,Fulani extremists
7712,0,0,0.0,1,0,3,19,6487,0,6,2.0,1,0.0,Sikh Extremists
7713,0,0,0.0,1,0,3,3,6844,0,6,1.0,0,0.0,Taliban
7714,0,0,0.0,1,0,1,4,268,0,5,1.0,0,0.0,Sikh Extremists
7715,0,0,1.0,1,0,1,8,3555,0,5,1.0,0,0.0,Shining Path (SL)
7716,0,0,0.0,1,0,2,2,1330,0,5,2.0,1,0.0,Al-Shabaab
7717,1,0,0.0,1,0,6,2,2602,0,9,0.0,0,1.0,Donetsk People's Republic
7718,0,0,0.0,1,0,8,3,411,0,9,2.0,1,0.0,African National Congress (South Africa)
7719,0,0,0.0,0,0,2,4,3477,0,5,0.0,-9,0.0,New People's Army (NPA)
7720,0,0,0.0,1,0,3,21,2863,0,6,1.0,1,0.0,Manuel Rodriguez Patriotic Front (FPMR)
7721,0,0,1.0,1,0,3,15,259,0,6,0.0,1,0.0,Manuel Rodriguez Patriotic Front (FPMR)
7722,0,0,0.0,1,0,3,4,6773,0,6,5.0,-9,0.0,Taliban
7723,0,0,0.0,1,0,3,15,6423,0,6,4.0,1,0.0,Sikh Extremists
7724,0,0,0.0,1,0,2,3,3814,0,5,1.0,-9,0.0,Liberation Tigers of Tamil Eelam (LTTE)
7725,0,0,0.0,1,0,3,14,6619,0,6,4.0,1,0.0,Sikh Extremists
7726,0,0,1.0,1,0,3,14,13,0,6,0.0,0,0.0,Al-Qaida in Iraq
7727,0,0,0.0,1,0,2,14,205,0,6,0.0,-9,0.0,Donetsk People's Republic
7728,0,0,0.0,1,0,3,3,330,0,6,0.0,1,0.0,Al-Shabaab
7729,0,0,0.0,1,0,3,3,1574,0,6,4.0,1,0.0,Tupac Amaru Revolutionary Movement (MRTA)
7730,0,0,0.0,1,0,6,1,52,0,5,4.0,0,1.0,Taliban
7731,0,0,0.0,1,0,3,4,162,0,6,1.0,1,0.0,Al-Shabaab
7732,0,0,1.0,1,0,3,21,4798,0,6,0.0,1,0.0,National Liberation Army of Colombia (ELN)
7733,0,0,0.0,1,0,3,14,59,0,6,0.0,1,0.0,Kurdistan Workers' Party (PKK)
7734,0,0,0.0,1,0,7,14,13,0,5,0.0,1,0.0,New People's Army (NPA)
7735,0,0,1.0,1,0,5,3,175,0,5,0.0,1,1.0,New People's Army (NPA)
7736,0,1,0.0,1,0,7,1,5404,0,5,1.0,1,0.0,Nicaraguan Democratic Force (FDN)
7737,0,0,0.0,1,0,5,14,13,0,9,0.0,0,1.0,Fulani extremists
7738,0,0,1.0,1,1,3,13,3479,0,6,6.0,0,0.0,Islamic State of Iraq and the Levant (ISIL)
7739,0,0,0.0,0,0,1,2,1050,0,6,12.0,-9,0.0,Al-Qaida in the Arabian Peninsula (AQAP)
7740,0,0,0.0,1,0,1,2,1833,0,5,1.0,-9,0.0,Boko Haram
7741,0,0,1.0,1,0,3,21,2659,0,6,0.0,1,0.0,Manuel Rodriguez Patriotic Front (FPMR)
7742,0,0,0.0,1,0,2,3,93,0,6,0.0,-9,0.0,New People's Army (NPA)
7743,0,1,0.0,1,0,2,4,327,0,5,0.0,1,0.0,Taliban
7744,0,0,0.0,1,0,5,10,7205,0,5,0.0,1,1.0,Tupac Amaru Revolutionary Movement (MRTA)
7745,0,0,0.0,0,0,3,20,6,0,6,0.0,0,0.0,Al-Qaida in the Arabian Peninsula (AQAP)
7746,0,0,0.0,1,0,2,4,2660,0,5,4.0,1,0.0,Nicaraguan Democratic Force (FDN)
7747,1,0,0.0,1,0,6,14,13,0,9,1.0,0,1.0,Communist Party of India - Maoist (CPI-Maoist)
7748,0,0,0.0,1,0,6,3,7311,0,5,0.0,0,1.0,Tupac Amaru Revolutionary Movement (MRTA)
7749,0,0,0.0,1,1,3,4,6902,0,6,4.0,1,0.0,Tehrik-i-Taliban Pakistan (TTP)
7750,0,0,1.0,1,0,3,1,1557,0,6,1.0,1,0.0,National Liberation Army of Colombia (ELN)
7751,0,0,1.0,1,0,3,14,1327,0,6,0.0,-9,0.0,Al-Shabaab
7752,0,0,1.0,1,0,3,14,13,0,6,0.0,-9,0.0,Al-Qaida in Iraq
7753,0,0,0.0,1,0,2,4,681,0,5,1.0,1,0.0,Liberation Tigers of Tamil Eelam (LTTE)
7754,0,0,0.0,1,0,2,4,2570,0,5,1.0,1,0.0,Donetsk People's Republic
7755,0,1,0.0,0,0,3,20,6,0,6,0.0,0,0.0,Maoists
7756,0,0,0.0,1,0,3,14,2814,0,6,2.0,1,0.0,Tupac Amaru Revolutionary Movement (MRTA)
7757,0,0,0.0,1,0,3,14,1222,0,6,0.0,1,0.0,Al-Shabaab
7758,0,0,1.0,1,0,3,21,2710,0,6,0.0,1,0.0,Farabundo Marti National Liberation Front (FMLN)
7759,0,0,0.0,0,0,3,4,692,0,6,0.0,0,0.0,Maoists
7760,0,0,0.0,1,0,1,14,1626,0,5,1.0,0,0.0,Basque Fatherland and Freedom (ETA)
7761,0,0,0.0,1,0,1,14,3632,0,5,1.0,-9,0.0,Kurdistan Workers' Party (PKK)
7762,0,0,0.0,1,0,2,4,803,0,5,0.0,1,0.0,Nicaraguan Democratic Force (FDN)
7763,0,0,0.0,1,0,3,15,215,0,6,0.0,1,0.0,Islamic State of Iraq and the Levant (ISIL)
7764,0,0,0.0,1,0,2,4,2660,0,5,1.0,1,0.0,Nicaraguan Democratic Force (FDN)
7765,0,1,0.0,1,0,2,4,5179,0,5,1.0,0,0.0,New People's Army (NPA)
7766,0,0,0.0,1,0,3,14,3175,0,6,3.0,1,0.0,Irish Republican Army (IRA)
7767,0,0,1.0,1,0,2,14,205,0,5,15.0,1,0.0,Fulani extremists
7768,0,0,0.0,0,0,3,20,6,0,6,0.0,0,0.0,Maoists
7769,0,0,0.0,1,0,3,1,1077,0,6,0.0,1,0.0,Basque Fatherland and Freedom (ETA)
7770,0,0,0.0,1,0,1,14,3062,0,5,1.0,0,0.0,Irish Republican Army (IRA)
7771,0,0,1.0,1,0,3,3,801,0,6,0.0,1,0.0,New People's Army (NPA)
7772,0,0,0.0,1,0,2,14,27,0,5,25.0,1,0.0,Boko Haram
7773,0,0,1.0,1,0,3,1,2689,0,6,0.0,1,0.0,Farabundo Marti National Liberation Front (FMLN)
7774,0,0,0.0,1,0,2,4,2782,0,5,4.0,1,0.0,New People's Army (NPA)
7775,0,0,1.0,1,0,3,21,4148,0,6,1.0,1,0.0,Manuel Rodriguez Patriotic Front (FPMR)
7776,0,0,0.0,1,0,2,4,20,0,5,7.0,0,0.0,Al-Shabaab
7777,0,0,0.0,1,0,3,2,7267,0,6,0.0,1,0.0,Tupac Amaru Revolutionary Movement (MRTA)
7778,0,0,0.0,1,0,7,8,6785,0,8,0.0,1,0.0,Taliban
7779,0,1,0.0,0,0,3,20,6,0,6,0.0,0,0.0,Maoists
7780,0,0,1.0,1,0,3,1,6349,0,6,0.0,1,0.0,Tupac Amaru Revolutionary Movement (MRTA)
7781,0,0,0.0,1,0,3,3,56,0,6,8.0,0,0.0,Kurdistan Workers' Party (PKK)
7782,0,0,0.0,1,0,2,4,2660,0,5,1.0,1,0.0,Nicaraguan Democratic Force (FDN)
7783,0,0,0.0,0,0,2,21,1008,0,5,0.0,0,0.0,Al-Qaida in the Arabian Peninsula (AQAP)
7784,0,0,0.0,0,0,3,1,3250,0,6,0.0,0,0.0,Irish Republican Army (IRA)
7785,0,0,0.0,1,0,3,2,438,0,6,0.0,1,0.0,African National Congress (South Africa)
7786,0,0,1.0,1,0,7,1,1357,0,8,0.0,1,0.0,New People's Army (NPA)
7787,0,0,1.0,1,0,3,4,48,0,6,1.0,-9,0.0,Donetsk People's Republic
7788,0,0,0.0,1,0,2,3,3195,0,5,0.0,1,0.0,National Liberation Army of Colombia (ELN)
7789,0,0,0.0,1,0,2,4,968,0,5,1.0,0,0.0,Al-Qaida in the Arabian Peninsula (AQAP)
7790,0,0,0.0,1,0,2,3,514,0,5,0.0,1,0.0,Revolutionary Armed Forces of Colombia (FARC)
7791,0,1,0.0,1,0,3,19,6,0,6,0.0,1,0.0,Al-Qaida in Iraq
7792,0,0,0.0,1,0,3,4,3289,0,6,1.0,1,0.0,Irish Republican Army (IRA)
7793,0,0,0.0,1,0,7,14,5626,0,8,0.0,1,0.0,Palestinians
7794,0,0,0.0,1,0,3,2,2375,0,6,0.0,1,0.0,Corsican National Liberation Front (FLNC)
7795,0,0,1.0,1,0,2,4,2563,0,6,1.0,-9,0.0,Donetsk People's Republic
7796,0,0,0.0,0,0,1,2,4649,0,5,1.0,-9,0.0,Muslim extremists
7797,0,0,0.0,1,0,2,3,1126,0,5,1.0,-9,0.0,Al-Qaida in the Arabian Peninsula (AQAP)
7798,0,1,0.0,1,0,3,8,7058,0,6,0.0,1,0.0,Tehrik-i-Taliban Pakistan (TTP)
7799,0,0,0.0,0,0,3,2,2459,0,6,0.0,1,0.0,Corsican National Liberation Front (FLNC)
7800,0,0,1.0,1,0,3,4,48,0,6,10.0,1,0.0,Al-Shabaab
7801,0,0,0.0,1,0,2,4,2670,0,5,1.0,1,0.0,Farabundo Marti National Liberation Front (FMLN)
7802,0,0,0.0,1,0,3,3,2716,0,6,1.0,1,0.0,Irish Republican Army (IRA)
7803,0,0,0.0,1,0,2,4,2812,0,5,0.0,1,0.0,Farabundo Marti National Liberation Front (FMLN)
7804,0,0,0.0,1,0,3,7,404,0,6,0.0,1,0.0,Al-Qaida in the Arabian Peninsula (AQAP)
7805,0,0,0.0,1,1,3,17,305,0,6,6.0,-9,0.0,Islamic State of Iraq and the Levant (ISIL)
7806,0,0,1.0,1,0,7,1,2110,0,8,0.0,1,0.0,New People's Army (NPA)
7807,0,0,0.0,1,0,3,1,2712,0,6,1.0,1,0.0,Farabundo Marti National Liberation Front (FMLN)
7808,0,0,1.0,1,0,2,14,27,0,5,2.0,1,0.0,Fulani extremists
7809,0,0,0.0,0,0,3,14,5679,0,6,0.0,0,0.0,Palestinians
7810,0,0,0.0,1,0,3,10,4332,0,6,0.0,1,0.0,Maoists
7811,0,0,0.0,1,0,2,3,12,0,5,2.0,0,0.0,Taliban
7812,0,0,0.0,1,0,3,17,330,0,6,1.0,1,0.0,Tehrik-i-Taliban Pakistan (TTP)
7813,0,0,0.0,1,0,3,14,330,0,6,0.0,1,0.0,Islamic State of Iraq and the Levant (ISIL)
7814,0,1,0.0,1,0,2,19,6262,0,5,1.0,1,0.0,Shining Path (SL)
7815,0,0,0.0,1,0,3,4,5387,0,5,1.0,1,0.0,Nicaraguan Democratic Force (FDN)
7816,0,0,0.0,1,0,3,4,92,0,6,1.0,0,0.0,Al-Qaida in Iraq
7817,0,1,1.0,1,0,2,4,2560,0,6,0.0,0,0.0,Donetsk People's Republic
7818,0,0,0.0,1,0,3,2,6237,0,6,0.0,1,0.0,Shining Path (SL)
7819,0,0,0.0,1,0,3,14,13,0,6,0.0,0,0.0,Al-Qaida in Iraq
7820,0,0,1.0,1,0,2,4,48,0,5,3.0,0,0.0,Al-Qaida in Iraq
7821,0,0,0.0,1,0,3,1,2479,0,6,1.0,1,0.0,Corsican National Liberation Front (FLNC)
7822,0,1,0.0,1,0,3,4,162,0,6,1.0,-9,0.0,Al-Shabaab
7823,0,0,0.0,1,0,2,4,402,0,6,0.0,-9,0.0,Al-Shabaab
7824,0,0,1.0,1,0,3,2,7190,0,6,1.0,1,0.0,Tupac Amaru Revolutionary Movement (MRTA)
7825,0,0,1.0,1,0,3,21,2710,0,6,0.0,1,0.0,Shining Path (SL)
7826,0,0,0.0,1,0,2,4,2750,0,5,0.0,1,0.0,Liberation Tigers of Tamil Eelam (LTTE)
7827,0,0,0.0,1,0,3,4,330,0,6,0.0,1,0.0,Kurdistan Workers' Party (PKK)
7828,1,0,1.0,1,1,6,4,402,0,6,97.0,1,1.0,Al-Shabaab
7829,0,0,0.0,1,0,3,14,6613,0,6,1.0,1,0.0,Sikh Extremists
7830,0,0,0.0,1,0,2,3,175,0,5,0.0,-9,0.0,Donetsk People's Republic
7831,0,0,0.0,1,1,3,4,3436,0,6,7.0,-9,0.0,Islamic State of Iraq and the Levant (ISIL)
7832,0,0,0.0,1,0,3,3,1809,0,6,1.0,1,0.0,Boko Haram
7833,0,0,0.0,1,0,3,14,4104,0,6,0.0,1,0.0,Manuel Rodriguez Patriotic Front (FPMR)
7834,0,0,1.0,1,0,3,14,1812,0,6,4.0,1,0.0,Houthi extremists (Ansar Allah)
7835,0,1,0.0,1,0,2,14,2153,0,9,1.0,0,0.0,Communist Party of India - Maoist (CPI-Maoist)
7836,0,0,0.0,1,0,2,4,167,0,6,27.0,-9,0.0,Abu Sayyaf Group (ASG)
7837,0,0,0.0,1,0,1,2,6442,0,5,7.0,0,0.0,Sikh Extremists
7838,1,0,1.0,1,0,2,1,5113,0,8,3.0,-9,1.0,New People's Army (NPA)
7839,0,0,0.0,1,0,1,10,4599,0,5,1.0,1,0.0,Muslim extremists
7840,0,0,0.0,1,0,1,3,862,0,5,1.0,-9,0.0,Al-Qaida in Iraq
7841,0,0,0.0,1,0,3,4,6826,0,6,0.0,0,0.0,Taliban
7842,0,0,0.0,1,0,3,14,2395,0,6,0.0,1,0.0,Corsican National Liberation Front (FLNC)
7843,0,0,0.0,1,0,7,14,1955,0,8,0.0,1,0.0,Communist Party of India - Maoist (CPI-Maoist)
7844,0,0,0.0,1,0,3,1,826,0,6,11.0,1,0.0,Boko Haram
7845,0,0,1.0,1,0,7,1,465,0,8,0.0,1,0.0,Irish Republican Army (IRA)
7846,0,0,0.0,0,0,2,3,2038,0,5,0.0,0,0.0,Communist Party of India - Maoist (CPI-Maoist)
7847,0,1,0.0,0,0,3,14,1812,0,6,0.0,0,0.0,Houthi extremists (Ansar Allah)
7848,0,0,1.0,1,0,2,4,3199,0,5,0.0,1,0.0,Irish Republican Army (IRA)
7849,0,0,0.0,1,0,3,4,5832,0,6,4.0,-9,0.0,Revolutionary Armed Forces of Colombia (FARC)
7850,1,0,0.0,1,0,6,19,4783,0,5,0.0,1,1.0,National Liberation Army of Colombia (ELN)
7851,0,0,0.0,1,1,3,3,7099,0,6,3.0,1,0.0,Tehrik-i-Taliban Pakistan (TTP)
7852,0,0,0.0,1,0,2,14,2078,0,5,1.0,-9,0.0,Communist Party of India - Maoist (CPI-Maoist)
7853,0,0,0.0,1,0,2,4,5895,0,5,0.0,1,1.0,Revolutionary Armed Forces of Colombia (FARC)
7854,0,1,0.0,1,0,1,19,6596,0,5,2.0,0,0.0,Sikh Extremists
7855,1,0,0.0,1,0,6,14,1973,0,5,1.0,-9,1.0,Communist Party of India - Maoist (CPI-Maoist)
7856,0,0,0.0,1,0,1,3,3172,0,5,1.0,0,0.0,Irish Republican Army (IRA)
7857,0,0,0.0,1,0,2,14,5093,0,5,1.0,0,0.0,New People's Army (NPA)
7858,0,0,1.0,1,0,2,4,228,0,5,82.0,1,0.0,Taliban
7859,0,1,0.0,0,0,3,19,5439,0,6,0.0,0,0.0,Nicaraguan Democratic Force (FDN)
7860,0,0,1.0,1,0,3,14,1257,0,6,0.0,1,0.0,Houthi extremists (Ansar Allah)
7861,0,0,1.0,1,0,3,14,6236,0,6,1.0,1,0.0,Shining Path (SL)
7862,0,0,0.0,1,0,3,2,3910,0,6,0.0,-9,0.0,Liberation Tigers of Tamil Eelam (LTTE)
7863,0,0,0.0,1,0,3,4,231,0,6,2.0,0,0.0,Abu Sayyaf Group (ASG)
7864,0,1,1.0,1,0,3,17,305,0,6,0.0,0,0.0,Islamic State of Iraq and the Levant (ISIL)
7865,1,0,0.0,1,0,6,14,5600,0,9,1.0,0,1.0,Palestinians
7866,1,1,0.0,1,0,6,18,7051,0,5,0.0,0,1.0,Tehrik-i-Taliban Pakistan (TTP)
7867,0,0,1.0,1,0,7,8,1874,0,8,0.0,1,0.0,Boko Haram
7868,0,0,0.0,1,0,7,14,56,0,8,0.0,1,0.0,Maoists
7869,0,0,0.0,1,1,3,3,769,0,6,2.0,0,0.0,Al-Qaida in Iraq
7870,1,0,0.0,1,0,6,14,39,0,5,0.0,0,1.0,Abu Sayyaf Group (ASG)
7871,0,0,0.0,1,0,3,1,1188,0,6,0.0,1,0.0,Manuel Rodriguez Patriotic Front (FPMR)
7872,0,0,0.0,1,0,1,4,3131,0,5,1.0,0,0.0,Irish Republican Army (IRA)
7873,0,0,1.0,1,0,2,19,56,0,8,0.0,1,0.0,Manuel Rodriguez Patriotic Front (FPMR)
7874,0,0,0.0,1,0,3,3,162,0,6,0.0,1,0.0,Al-Shabaab
7875,0,0,0.0,0,0,1,1,4176,0,5,0.0,0,0.0,Manuel Rodriguez Patriotic Front (FPMR)
7876,0,0,0.0,1,0,2,3,411,0,5,3.0,1,0.0,African National Congress (South Africa)
7877,0,0,0.0,1,0,2,2,5437,0,5,1.0,1,0.0,Nicaraguan Democratic Force (FDN)
7878,0,0,1.0,1,0,3,1,2335,0,6,0.0,1,0.0,Corsican National Liberation Front (FLNC)
7879,0,0,0.0,1,0,3,3,172,0,6,1.0,-9,0.0,Houthi extremists (Ansar Allah)
7880,0,0,0.0,1,0,6,8,261,0,5,0.0,0,1.0,Abu Sayyaf Group (ASG)
7881,0,0,0.0,1,0,7,19,56,0,8,0.0,1,0.0,National Liberation Army of Colombia (ELN)
7882,0,0,1.0,1,0,6,14,27,0,5,1.0,1,1.0,Fulani extremists
7883,0,0,0.0,1,0,2,4,48,0,6,0.0,-9,0.0,Donetsk People's Republic
7884,0,0,0.0,1,0,2,2,1256,0,5,1.0,1,0.0,Al-Shabaab
7885,0,0,0.0,1,0,3,2,4191,0,6,1.0,1,0.0,Manuel Rodriguez Patriotic Front (FPMR)
7886,0,0,1.0,1,0,3,21,4129,0,6,0.0,1,0.0,Manuel Rodriguez Patriotic Front (FPMR)
7887,0,0,0.0,1,0,2,4,681,0,5,28.0,1,0.0,Farabundo Marti National Liberation Front (FMLN)
7888,0,0,0.0,0,0,3,2,2455,0,6,0.0,1,0.0,Corsican National Liberation Front (FLNC)
7889,0,0,0.0,1,0,1,2,7222,0,5,1.0,1,0.0,Tupac Amaru Revolutionary Movement (MRTA)
7890,0,0,1.0,0,0,3,14,4177,0,6,0.0,0,0.0,Manuel Rodriguez Patriotic Front (FPMR)
7891,0,0,0.0,1,0,1,14,5580,0,9,1.0,0,0.0,Palestinians
7892,0,0,0.0,0,0,1,14,3582,0,5,0.0,0,0.0,Kurdistan Workers' Party (PKK)
7893,0,0,0.0,1,0,2,3,162,0,5,1.0,0,0.0,Boko Haram
7894,0,0,0.0,1,0,3,8,4069,0,6,0.0,1,0.0,Manuel Rodriguez Patriotic Front (FPMR)
7895,0,0,0.0,1,0,2,14,27,0,5,11.0,1,0.0,Boko Haram
7896,0,0,0.0,1,0,2,4,185,0,5,1.0,0,0.0,Abu Sayyaf Group (ASG)
7897,0,0,1.0,1,0,3,14,908,0,6,0.0,1,0.0,Islamic State of Iraq and the Levant (ISIL)
7898,1,0,0.0,1,0,6,14,2005,0,5,0.0,0,1.0,Communist Party of India - Maoist (CPI-Maoist)
7899,0,0,0.0,1,0,2,4,3808,0,5,0.0,1,0.0,Liberation Tigers of Tamil Eelam (LTTE)
7900,0,0,1.0,1,0,7,16,1813,0,8,1.0,1,0.0,Boko Haram
7901,0,1,0.0,1,0,3,19,2181,0,6,0.0,1,0.0,Communist Party of India - Maoist (CPI-Maoist)
7902,0,0,0.0,1,0,2,2,56,0,5,12.0,1,0.0,Liberation Tigers of Tamil Eelam (LTTE)
7903,0,1,1.0,0,0,2,4,402,0,5,0.0,0,0.0,Muslim extremists
7904,0,0,1.0,1,0,2,19,3589,0,8,0.0,1,0.0,Shining Path (SL)
7905,0,0,0.0,1,0,3,14,27,0,6,1.0,-9,0.0,Muslim extremists
7906,0,0,0.0,1,0,2,14,4924,0,5,2.0,1,0.0,National Liberation Army of Colombia (ELN)
7907,0,0,0.0,1,0,2,4,5108,0,5,0.0,0,0.0,New People's Army (NPA)
7908,0,0,0.0,1,0,3,1,3911,0,6,11.0,1,0.0,Liberation Tigers of Tamil Eelam (LTTE)
7909,0,0,0.0,1,0,2,3,2160,0,9,1.0,0,0.0,Communist Party of India - Maoist (CPI-Maoist)
7910,0,0,0.0,1,0,3,21,2659,0,6,0.0,1,0.0,Manuel Rodriguez Patriotic Front (FPMR)
7911,0,0,0.0,0,0,2,4,3658,0,5,0.0,0,0.0,Kurdistan Workers' Party (PKK)
7912,0,0,0.0,1,0,7,1,351,0,8,0.0,1,0.0,Maoists
7913,0,0,0.0,1,0,3,21,6293,0,6,0.0,1,0.0,Shining Path (SL)
7914,0,0,0.0,1,0,2,3,172,0,5,1.0,0,0.0,Houthi extremists (Ansar Allah)
7915,0,0,0.0,1,0,1,3,1584,0,5,1.0,0,0.0,Basque Fatherland and Freedom (ETA)
7916,0,1,0.0,1,0,1,1,4671,0,5,3.0,0,0.0,Muslim extremists
7917,0,0,0.0,1,0,1,14,5499,0,9,1.0,0,0.0,Palestinians
7918,0,0,0.0,1,0,3,19,4115,0,6,0.0,1,0.0,Manuel Rodriguez Patriotic Front (FPMR)
7919,0,0,0.0,1,0,3,1,5231,0,6,0.0,1,0.0,New People's Army (NPA)
7920,0,0,0.0,1,0,3,4,162,0,6,1.0,-9,0.0,Al-Shabaab
7921,0,0,0.0,1,0,2,3,1039,0,5,1.0,-9,0.0,Al-Qaida in the Arabian Peninsula (AQAP)
7922,0,0,0.0,1,0,3,3,497,0,6,0.0,1,0.0,African National Congress (South Africa)
7923,0,0,0.0,1,0,2,4,2670,0,5,45.0,1,0.0,Farabundo Marti National Liberation Front (FMLN)
7924,0,0,0.0,1,0,3,2,2381,0,6,0.0,1,0.0,Corsican National Liberation Front (FLNC)
7925,0,0,0.0,0,0,3,14,633,0,6,0.0,1,0.0,African National Congress (South Africa)
7926,0,0,0.0,1,0,3,14,1327,0,6,7.0,-9,0.0,Muslim extremists
7927,0,0,0.0,1,0,1,4,3153,0,5,1.0,0,0.0,Irish Republican Army (IRA)
7928,0,0,0.0,1,0,3,4,48,0,6,1.0,0,0.0,Kurdistan Workers' Party (PKK)
7929,0,0,0.0,1,0,7,14,2075,0,8,0.0,1,0.0,Communist Party of India - Maoist (CPI-Maoist)
7930,0,0,0.0,1,0,2,4,2660,0,5,1.0,1,0.0,New People's Army (NPA)
7931,0,0,1.0,1,0,3,3,175,0,6,0.0,0,0.0,Muslim extremists
7932,0,0,0.0,1,0,3,4,931,0,6,25.0,1,0.0,Tehrik-i-Taliban Pakistan (TTP)
7933,0,0,0.0,1,0,2,14,5355,0,5,4.0,1,0.0,Nicaraguan Democratic Force (FDN)
7934,0,0,0.0,1,0,3,2,436,0,6,0.0,1,0.0,African National Congress (South Africa)
7935,0,0,0.0,1,0,3,1,1188,0,6,0.0,1,0.0,Corsican National Liberation Front (FLNC)
7936,0,0,0.0,1,0,2,4,2660,0,5,1.0,1,0.0,Nicaraguan Democratic Force (FDN)
7937,0,0,0.0,1,0,2,2,167,0,5,5.0,1,0.0,Liberation Tigers of Tamil Eelam (LTTE)
7938,0,0,0.0,1,0,2,14,2774,0,5,3.0,1,1.0,Farabundo Marti National Liberation Front (FMLN)
7939,0,1,0.0,1,0,3,4,48,0,6,0.0,0,0.0,Donetsk People's Republic
7940,0,0,0.0,1,0,2,14,3774,0,9,62.0,0,0.0,Liberation Tigers of Tamil Eelam (LTTE)
7941,0,0,0.0,1,0,2,15,3943,0,5,6.0,0,0.0,Liberation Tigers of Tamil Eelam (LTTE)
7942,0,1,0.0,1,0,3,14,6,0,6,64.0,0,0.0,Liberation Tigers of Tamil Eelam (LTTE)
7943,0,0,0.0,1,0,3,4,899,0,6,2.0,-9,0.0,Islamic State of Iraq and the Levant (ISIL)
7944,0,0,1.0,1,0,3,1,6349,0,6,0.0,1,0.0,Tupac Amaru Revolutionary Movement (MRTA)
7945,0,0,1.0,1,0,6,14,3468,0,5,1.0,0,1.0,Islamic State of Iraq and the Levant (ISIL)
7946,0,0,1.0,1,0,3,2,1276,0,6,3.0,1,0.0,Al-Shabaab
7947,0,0,0.0,1,0,2,14,5559,0,8,0.0,1,0.0,Palestinians
7948,0,0,0.0,1,0,5,1,1653,0,6,0.0,1,1.0,Basque Fatherland and Freedom (ETA)
7949,0,0,0.0,1,0,2,8,1119,0,5,1.0,0,0.0,Al-Qaida in the Arabian Peninsula (AQAP)
7950,0,1,0.0,1,0,3,21,1154,0,6,0.0,1,0.0,Muslim extremists
7951,0,0,0.0,1,0,2,4,803,0,5,0.0,1,0.0,Farabundo Marti National Liberation Front (FMLN)
7952,0,0,0.0,1,0,2,14,4824,0,5,3.0,1,0.0,National Liberation Army of Colombia (ELN)
7953,0,0,0.0,1,0,2,4,5936,0,5,0.0,1,0.0,Revolutionary Armed Forces of Colombia (FARC)
7954,1,0,0.0,1,0,6,10,7218,0,5,1.0,0,1.0,Tupac Amaru Revolutionary Movement (MRTA)
7955,0,0,0.0,0,0,3,3,291,0,6,0.0,0,0.0,Maoists
7956,0,0,0.0,1,0,3,2,2429,0,6,0.0,1,0.0,Corsican National Liberation Front (FLNC)
7957,0,0,0.0,0,0,3,20,6,0,6,0.0,0,0.0,National Liberation Army of Colombia (ELN)
7958,0,0,1.0,1,0,3,19,791,0,6,1.0,1,0.0,Islamic State of Iraq and the Levant (ISIL)
7959,0,1,0.0,0,0,1,2,6584,0,5,5.0,0,0.0,Sikh Extremists
7960,0,0,0.0,1,0,2,22,3731,0,5,2.0,0,0.0,Liberation Tigers of Tamil Eelam (LTTE)
7961,0,0,1.0,1,0,2,4,2560,0,6,1.0,-9,0.0,Donetsk People's Republic
7962,0,0,0.0,1,0,2,4,5526,0,8,0.0,1,0.0,Palestinians
7963,0,0,0.0,1,0,1,2,6493,0,5,2.0,0,0.0,Sikh Extremists
7964,0,0,0.0,1,0,3,2,1250,0,6,20.0,1,0.0,Al-Shabaab
7965,0,0,1.0,1,0,2,4,172,0,5,2.0,0,0.0,Taliban
7966,0,0,0.0,1,0,2,3,514,0,5,2.0,1,0.0,Basque Fatherland and Freedom (ETA)
7967,0,0,0.0,1,0,1,1,3241,0,5,1.0,0,0.0,Irish Republican Army (IRA)
7968,0,0,1.0,1,0,3,14,1327,0,6,0.0,-9,0.0,Houthi extremists (Ansar Allah)
7969,0,0,1.0,1,1,3,4,0,0,6,23.0,0,0.0,Islamic State of Iraq and the Levant (ISIL)
7970,0,0,1.0,1,0,3,3,419,0,6,1.0,1,0.0,African National Congress (South Africa)
7971,0,1,0.0,1,0,2,14,600,0,5,9.0,1,0.0,African National Congress (South Africa)
7972,0,0,0.0,1,0,3,1,554,0,6,4.0,1,0.0,African National Congress (South Africa)
7973,0,0,0.0,1,0,2,14,2807,0,5,39.0,1,0.0,Farabundo Marti National Liberation Front (FMLN)
7974,0,0,0.0,1,0,3,4,219,0,6,0.0,1,0.0,Al-Qaida in the Arabian Peninsula (AQAP)
7975,0,0,1.0,1,0,3,14,13,0,6,3.0,1,0.0,Tehrik-i-Taliban Pakistan (TTP)
7976,0,0,0.0,1,0,3,1,471,0,6,0.0,1,0.0,African National Congress (South Africa)
7977,0,0,1.0,1,0,2,14,27,0,5,10.0,1,0.0,Fulani extremists
7978,0,0,0.0,1,0,2,4,268,0,5,1.0,0,0.0,Al-Shabaab
7979,0,0,0.0,1,0,1,17,5142,0,5,1.0,0,0.0,New People's Army (NPA)
7980,0,0,0.0,1,0,2,4,257,0,5,3.0,0,0.0,Abu Sayyaf Group (ASG)
7981,0,0,0.0,1,0,3,4,4802,0,5,3.0,1,0.0,National Liberation Army of Colombia (ELN)
7982,0,0,0.0,1,0,3,3,419,0,6,0.0,1,0.0,African National Congress (South Africa)
7983,0,0,0.0,1,0,3,3,330,0,6,0.0,1,0.0,New People's Army (NPA)
7984,0,0,0.0,1,0,3,4,20,0,6,3.0,-9,0.0,Al-Shabaab
7985,0,0,0.0,1,0,3,7,4208,0,6,1.0,1,0.0,Manuel Rodriguez Patriotic Front (FPMR)
7986,0,0,0.0,1,0,2,14,5987,0,5,0.0,1,1.0,Revolutionary Armed Forces of Colombia (FARC)
7987,0,0,0.0,1,0,1,3,511,0,5,1.0,0,0.0,African National Congress (South Africa)
7988,0,1,1.0,1,0,3,14,735,0,6,5.0,0,0.0,Al-Qaida in Iraq
7989,0,0,1.0,1,0,3,21,955,0,6,0.0,1,0.0,Al-Qaida in the Arabian Peninsula (AQAP)
7990,0,0,0.0,1,0,2,3,575,0,5,1.0,1,0.0,Revolutionary Armed Forces of Colombia (FARC)
7991,0,0,1.0,1,0,2,15,1839,0,5,6.0,1,0.0,Boko Haram
7992,0,0,0.0,1,0,3,14,4223,0,6,0.0,1,0.0,Manuel Rodriguez Patriotic Front (FPMR)
7993,0,0,1.0,1,0,7,1,2553,0,8,0.0,1,0.0,Irish Republican Army (IRA)
7994,1,0,0.0,1,0,6,2,2076,0,5,2.0,0,1.0,Communist Party of India - Maoist (CPI-Maoist)
7995,0,0,1.0,1,0,3,14,767,0,6,5.0,-9,0.0,Al-Qaida in Iraq
7996,0,0,0.0,1,0,2,4,1135,0,5,1.0,0,0.0,Al-Shabaab
7997,0,0,1.0,1,0,3,14,1292,0,6,5.0,-9,0.0,Islamic State of Iraq and the Levant (ISIL)
7998,0,0,0.0,1,0,2,4,681,0,5,1.0,1,0.0,Farabundo Marti National Liberation Front (FMLN)
7999,0,0,0.0,1,0,6,14,1836,0,6,0.0,0,1.0,Boko Haram
8000,0,0,0.0,1,0,3,15,4139,0,6,0.0,1,0.0,Manuel Rodriguez Patriotic Front (FPMR)
8001,0,0,0.0,1,0,3,21,4796,0,6,0.0,1,0.0,National Liberation Army of Colombia (ELN)
8002,0,0,0.0,1,0,2,14,7273,0,5,0.0,1,0.0,Tupac Amaru Revolutionary Movement (MRTA)
8003,0,0,0.0,1,0,1,8,6525,0,5,1.0,0,0.0,Sikh Extremists
8004,0,0,0.0,1,0,3,2,3898,0,6,0.0,1,0.0,Liberation Tigers of Tamil Eelam (LTTE)
8005,0,0,1.0,1,0,3,1,7189,0,6,0.0,1,0.0,Tupac Amaru Revolutionary Movement (MRTA)
8006,0,0,1.0,1,0,3,1,428,0,6,1.0,1,0.0,African National Congress (South Africa)
8007,0,0,0.0,0,0,3,19,1968,0,6,0.0,0,0.0,Communist Party of India - Maoist (CPI-Maoist)
8008,0,0,0.0,1,0,3,3,1650,0,6,0.0,1,0.0,Manuel Rodriguez Patriotic Front (FPMR)
8009,0,0,0.0,1,0,2,2,6743,0,5,2.0,1,0.0,Taliban
8010,0,0,0.0,1,0,3,4,960,0,6,0.0,0,0.0,Boko Haram
8011,0,0,0.0,1,0,2,4,803,0,5,0.0,1,0.0,Kurdistan Workers' Party (PKK)
8012,0,0,0.0,1,1,3,17,305,0,6,13.0,-9,0.0,Islamic State of Iraq and the Levant (ISIL)
8013,0,0,0.0,1,0,3,19,3747,0,6,1.0,1,0.0,Liberation Tigers of Tamil Eelam (LTTE)
8014,0,0,0.0,1,0,3,4,330,0,6,3.0,1,0.0,Al-Qaida in the Arabian Peninsula (AQAP)
8015,0,0,0.0,1,0,2,3,1500,0,6,0.0,1,0.0,Basque Fatherland and Freedom (ETA)
8016,0,0,0.0,1,1,3,2,3737,0,6,21.0,0,0.0,Liberation Tigers of Tamil Eelam (LTTE)
8017,0,0,0.0,0,0,3,2,3924,0,5,0.0,1,0.0,Liberation Tigers of Tamil Eelam (LTTE)
8018,0,0,0.0,1,0,2,4,2660,0,5,18.0,1,0.0,Nicaraguan Democratic Force (FDN)
8019,0,0,0.0,1,0,3,22,3021,0,6,0.0,-9,0.0,Houthi extremists (Ansar Allah)
8020,0,0,0.0,1,0,3,1,2380,0,6,0.0,1,0.0,Corsican National Liberation Front (FLNC)
8021,0,0,1.0,1,0,2,14,27,0,6,6.0,1,-9.0,Boko Haram
8022,0,0,0.0,1,0,3,19,157,0,6,0.0,1,0.0,Abu Sayyaf Group (ASG)
8023,0,0,0.0,1,0,3,2,1221,0,6,2.0,-9,0.0,Al-Shabaab
8024,0,0,0.0,1,0,2,4,2660,0,5,15.0,1,0.0,Nicaraguan Democratic Force (FDN)
8025,0,0,1.0,1,0,2,14,13,0,5,3.0,0,0.0,Fulani extremists
8026,0,0,0.0,0,0,3,19,6453,0,6,0.0,1,0.0,Sikh Extremists
8027,0,0,0.0,1,0,2,4,2660,0,5,0.0,1,0.0,Farabundo Marti National Liberation Front (FMLN)
8028,0,0,0.0,1,0,3,4,12,0,6,2.0,0,0.0,National Liberation Army of Colombia (ELN)
8029,0,0,0.0,1,0,2,3,4346,0,5,1.0,0,0.0,Tehrik-i-Taliban Pakistan (TTP)
8030,0,0,1.0,1,0,2,3,2123,0,5,0.0,-9,0.0,Communist Party of India - Maoist (CPI-Maoist)
8031,0,0,1.0,1,1,3,3,789,0,6,2.0,1,0.0,Al-Qaida in Iraq
8032,0,0,0.0,1,0,3,21,4791,0,6,0.0,1,0.0,National Liberation Army of Colombia (ELN)
8033,1,0,0.0,1,0,6,3,4422,0,5,1.0,0,1.0,Maoists
8034,0,0,0.0,1,0,2,14,330,0,5,2.0,1,0.0,Al-Qaida in the Arabian Peninsula (AQAP)
8035,0,0,0.0,1,0,3,1,569,0,6,0.0,1,0.0,African National Congress (South Africa)
8036,0,0,0.0,1,0,2,4,803,0,5,17.0,1,0.0,Kurdistan Workers' Party (PKK)
8037,0,0,0.0,1,0,2,4,2660,0,5,7.0,1,0.0,Nicaraguan Democratic Force (FDN)
8038,0,0,1.0,1,0,2,3,3648,0,6,0.0,0,0.0,Kurdistan Workers' Party (PKK)
8039,0,0,0.0,1,0,1,3,3291,0,5,1.0,0,0.0,Irish Republican Army (IRA)
8040,0,0,0.0,1,0,3,1,1434,0,6,0.0,-9,0.0,Basque Fatherland and Freedom (ETA)
8041,0,0,0.0,1,0,3,3,3750,0,6,3.0,1,0.0,Liberation Tigers of Tamil Eelam (LTTE)
8042,0,0,0.0,1,0,3,19,152,0,6,0.0,1,0.0,Communist Party of India - Maoist (CPI-Maoist)
8043,0,0,0.0,1,0,6,14,13,0,5,8.0,0,1.0,Boko Haram
8044,0,1,1.0,1,0,7,1,1557,0,8,0.0,1,0.0,Sikh Extremists
8045,0,1,0.0,0,0,3,4,5932,0,6,0.0,0,0.0,Revolutionary Armed Forces of Colombia (FARC)
8046,0,0,0.0,1,0,1,17,4676,1,5,1.0,0,0.0,Muslim extremists
8047,0,1,0.0,0,0,3,4,4775,0,6,0.0,0,0.0,National Liberation Army of Colombia (ELN)
8048,0,0,0.0,0,0,2,3,2146,0,5,0.0,0,0.0,Communist Party of India - Maoist (CPI-Maoist)
8049,0,0,0.0,1,0,2,11,6175,0,5,12.0,1,0.0,Shining Path (SL)
8050,0,0,0.0,1,0,3,3,2447,0,6,0.0,1,0.0,Corsican National Liberation Front (FLNC)
8051,0,0,0.0,1,0,2,14,4446,0,5,0.0,1,0.0,Maoists
8052,0,0,0.0,1,0,1,4,6961,0,5,1.0,0,0.0,Tehrik-i-Taliban Pakistan (TTP)
8053,0,0,0.0,1,0,2,14,6227,0,5,8.0,0,0.0,Shining Path (SL)
8054,0,0,0.0,1,0,3,2,787,0,6,3.0,1,0.0,Al-Qaida in Iraq
8055,0,0,0.0,0,0,3,4,449,0,6,0.0,0,0.0,African National Congress (South Africa)
8056,0,0,0.0,1,0,2,14,730,0,5,73.0,1,0.0,Fulani extremists
8057,0,0,0.0,1,0,1,7,4568,0,5,3.0,0,0.0,Muslim extremists
8058,0,0,1.0,1,0,3,14,13,0,6,0.0,0,0.0,Al-Qaida in Iraq
8059,0,0,0.0,0,0,1,17,2154,0,5,0.0,0,0.0,Communist Party of India - Maoist (CPI-Maoist)
8060,0,0,0.0,1,0,8,14,4636,1,10,0.0,0,0.0,Muslim extremists
8061,0,0,0.0,1,0,3,21,410,0,6,1.0,1,0.0,African National Congress (South Africa)
8062,0,0,1.0,1,0,3,21,4164,0,6,0.0,1,0.0,Manuel Rodriguez Patriotic Front (FPMR)
8063,0,0,0.0,1,0,2,4,2660,0,5,0.0,1,0.0,Nicaraguan Democratic Force (FDN)
8064,1,0,1.0,1,0,6,14,27,0,5,4.0,1,1.0,Boko Haram
8065,0,0,0.0,1,0,3,2,448,0,6,0.0,1,0.0,African National Congress (South Africa)
8066,0,0,0.0,1,0,2,4,2660,0,5,1.0,1,0.0,Nicaraguan Democratic Force (FDN)
8067,0,0,0.0,1,0,2,4,2670,0,5,4.0,1,0.0,National Liberation Army of Colombia (ELN)
8068,0,0,0.0,1,0,1,4,3487,0,6,1.0,1,0.0,Islamic State of Iraq and the Levant (ISIL)
8069,0,0,0.0,1,0,2,4,5442,0,5,1.0,1,0.0,Nicaraguan Democratic Force (FDN)
8070,0,1,0.0,1,0,3,21,3578,0,6,0.0,1,0.0,Kurdistan Workers' Party (PKK)
8071,0,0,0.0,1,0,2,3,85,0,5,3.0,0,0.0,Taliban
8072,0,0,0.0,1,0,3,1,826,0,6,0.0,1,0.0,Corsican National Liberation Front (FLNC)
8073,0,0,0.0,0,0,3,3,622,0,6,0.0,1,0.0,National Liberation Army of Colombia (ELN)
8074,0,0,1.0,1,0,2,4,48,0,5,0.0,-9,0.0,Donetsk People's Republic
8075,0,1,0.0,0,0,3,20,6,0,6,0.0,0,0.0,Kurdistan Workers' Party (PKK)
8076,1,0,0.0,1,0,6,1,242,0,5,0.0,0,1.0,Abu Sayyaf Group (ASG)
8077,0,0,0.0,1,0,2,1,5346,0,5,1.0,1,0.0,Nicaraguan Democratic Force (FDN)
8078,0,0,0.0,1,0,3,4,330,0,6,1.0,0,0.0,Muslim extremists
8079,1,1,0.0,1,0,6,19,6490,0,5,7.0,0,1.0,Sikh Extremists
8080,0,0,1.0,1,0,3,4,48,0,6,0.0,-9,0.0,Houthi extremists (Ansar Allah)
8081,0,0,0.0,0,0,1,2,567,0,6,1.0,0,0.0,African National Congress (South Africa)
8082,0,0,0.0,1,0,2,4,2732,0,5,0.0,1,0.0,Farabundo Marti National Liberation Front (FMLN)
8083,1,0,0.0,1,0,6,4,3604,0,5,0.0,0,1.0,Kurdistan Workers' Party (PKK)
8084,0,0,0.0,1,0,3,1,3912,0,6,0.0,1,0.0,Liberation Tigers of Tamil Eelam (LTTE)
8085,0,0,0.0,1,0,3,3,330,0,6,4.0,1,0.0,Taliban
8086,0,0,0.0,1,1,3,3,6754,0,6,2.0,1,0.0,Taliban
8087,0,0,0.0,1,0,2,1,2200,0,5,1.0,1,0.0,Communist Party of India - Maoist (CPI-Maoist)
8088,0,0,1.0,1,0,2,3,4346,0,5,16.0,0,0.0,Taliban
8089,0,0,0.0,1,0,3,21,6210,0,6,0.0,1,0.0,Shining Path (SL)
8090,0,0,1.0,1,0,3,1,224,0,6,0.0,1,0.0,Abu Sayyaf Group (ASG)
8091,0,0,0.0,1,0,2,14,865,0,5,14.0,-9,0.0,Al-Qaida in Iraq
8092,0,0,0.0,0,0,1,12,3220,0,6,0.0,0,0.0,Irish Republican Army (IRA)
8093,0,0,0.0,1,0,2,1,4622,0,5,12.0,0,0.0,Muslim extremists
8094,0,0,0.0,1,0,2,4,2660,0,5,3.0,1,0.0,Revolutionary Armed Forces of Colombia (FARC)
8095,0,0,1.0,1,0,2,3,85,0,5,0.0,1,0.0,New People's Army (NPA)
8096,0,0,0.0,1,1,3,1,755,0,6,1.0,1,0.0,Al-Shabaab
8097,0,0,0.0,1,0,2,4,2813,0,5,0.0,1,0.0,Farabundo Marti National Liberation Front (FMLN)
8098,0,0,0.0,1,0,2,14,3580,0,5,3.0,1,0.0,Kurdistan Workers' Party (PKK)
8099,0,0,0.0,1,0,2,3,1290,0,5,4.0,0,0.0,Boko Haram
8100,0,0,1.0,1,0,3,14,13,0,6,2.0,-9,0.0,Al-Qaida in Iraq
8101,0,0,1.0,1,0,3,21,2710,0,6,0.0,1,0.0,Shining Path (SL)
8102,0,0,0.0,1,0,3,14,3176,0,6,0.0,1,0.0,Irish Republican Army (IRA)
8103,0,0,0.0,1,0,3,14,7246,0,5,7.0,1,0.0,Tupac Amaru Revolutionary Movement (MRTA)
8104,0,0,0.0,1,0,3,4,48,0,6,3.0,0,0.0,Al-Shabaab
8105,0,0,0.0,1,0,3,14,2453,0,6,0.0,1,0.0,Corsican National Liberation Front (FLNC)
8106,0,0,0.0,1,0,7,1,1077,0,5,0.0,1,0.0,Shining Path (SL)
8107,0,0,1.0,1,0,2,14,27,0,5,1.0,1,0.0,Fulani extremists
8108,0,0,0.0,1,0,2,14,2891,0,9,1.0,-9,0.0,Fulani extremists
8109,0,0,0.0,1,0,3,1,6216,0,5,0.0,1,0.0,Shining Path (SL)
8110,0,0,0.0,1,0,3,21,4817,0,6,0.0,1,0.0,National Liberation Army of Colombia (ELN)
8111,0,0,0.0,1,0,2,2,5227,0,5,1.0,1,0.0,Nicaraguan Democratic Force (FDN)
8112,0,0,1.0,1,0,1,14,3613,0,5,1.0,0,0.0,Kurdistan Workers' Party (PKK)
8113,0,1,1.0,1,0,2,14,3841,0,5,25.0,1,0.0,Liberation Tigers of Tamil Eelam (LTTE)
8114,0,0,1.0,1,0,2,4,2958,0,5,1.0,0,0.0,Taliban
8115,0,0,0.0,1,0,2,15,215,0,5,3.0,0,0.0,Boko Haram
8116,0,0,0.0,1,0,3,3,167,0,6,0.0,1,0.0,Maoists
8117,0,0,1.0,1,0,2,14,27,0,5,1.0,0,0.0,Fulani extremists
8118,0,0,0.0,0,0,1,2,1130,0,6,0.0,1,0.0,Al-Qaida in the Arabian Peninsula (AQAP)
8119,0,0,0.0,1,0,3,19,904,0,6,10.0,0,0.0,Boko Haram
8120,0,0,0.0,1,0,3,1,7207,0,6,0.0,1,0.0,Tupac Amaru Revolutionary Movement (MRTA)
8121,0,0,0.0,1,0,3,1,7312,0,6,0.0,1,0.0,Tupac Amaru Revolutionary Movement (MRTA)
8122,0,0,1.0,1,0,3,15,823,0,6,1.0,-9,0.0,Al-Qaida in Iraq
8123,0,0,1.0,1,0,3,2,1225,0,6,0.0,0,0.0,Al-Shabaab
8124,0,1,0.0,1,0,3,4,3810,0,6,1.0,-9,0.0,Liberation Tigers of Tamil Eelam (LTTE)
8125,0,0,0.0,1,0,3,1,2481,0,6,0.0,1,0.0,Corsican National Liberation Front (FLNC)
8126,0,0,0.0,1,0,3,3,3783,0,6,0.0,1,0.0,Liberation Tigers of Tamil Eelam (LTTE)
8127,0,0,0.0,1,0,3,1,1557,0,6,0.0,1,0.0,Tupac Amaru Revolutionary Movement (MRTA)
8128,0,0,0.0,1,0,3,14,205,0,6,1.0,1,0.0,Boko Haram
8129,0,0,0.0,1,0,2,3,6830,0,5,2.0,-9,0.0,Taliban
8130,0,0,0.0,1,0,2,17,1269,0,6,1.0,-9,0.0,Al-Shabaab
8131,0,0,0.0,1,1,3,4,48,0,6,19.0,0,0.0,Islamic State of Iraq and the Levant (ISIL)
8132,0,0,0.0,1,0,2,4,2744,0,5,0.0,1,0.0,Farabundo Marti National Liberation Front (FMLN)
8133,0,0,1.0,1,0,2,14,4889,0,5,1.0,0,-9.0,National Liberation Army of Colombia (ELN)
8134,0,0,0.0,1,0,3,14,27,0,6,2.0,1,0.0,Liberation Tigers of Tamil Eelam (LTTE)
8135,1,0,0.0,1,0,6,2,1835,0,5,0.0,0,1.0,Boko Haram
8136,1,0,0.0,1,0,6,14,89,0,5,0.0,0,1.0,Abu Sayyaf Group (ASG)
8137,0,0,0.0,1,0,3,2,5896,0,6,2.0,1,0.0,Revolutionary Armed Forces of Colombia (FARC)
8138,0,0,0.0,1,0,2,3,4592,0,5,1.0,0,0.0,Muslim extremists
8139,0,0,0.0,1,0,2,3,115,0,5,2.0,1,0.0,Abu Sayyaf Group (ASG)
8140,0,0,0.0,1,0,3,1,1675,0,6,0.0,1,0.0,Basque Fatherland and Freedom (ETA)
8141,0,0,0.0,1,0,1,3,7290,0,5,1.0,0,0.0,Tupac Amaru Revolutionary Movement (MRTA)
8142,0,0,0.0,1,0,3,2,2952,0,6,0.0,-9,0.0,Houthi extremists (Ansar Allah)
8143,0,0,0.0,1,0,1,14,3614,0,5,2.0,0,0.0,Kurdistan Workers' Party (PKK)
8144,0,0,0.0,1,0,2,14,889,0,9,2.0,0,0.0,Al-Qaida in Iraq
8145,0,0,0.0,1,0,1,14,5660,0,8,1.0,0,0.0,Palestinians
8146,0,0,0.0,1,0,3,19,56,0,6,0.0,1,0.0,Abu Sayyaf Group (ASG)
8147,0,0,0.0,1,0,3,14,27,0,6,0.0,-9,0.0,Donetsk People's Republic
8148,0,0,0.0,1,0,3,3,175,0,6,1.0,1,0.0,Revolutionary Armed Forces of Colombia (FARC)
8149,0,0,0.0,1,0,2,19,2701,0,5,1.0,1,0.0,Farabundo Marti National Liberation Front (FMLN)
8150,0,0,0.0,0,0,3,20,6,0,6,0.0,0,0.0,New People's Army (NPA)
8151,0,0,0.0,1,0,2,4,3092,0,5,1.0,0,0.0,Irish Republican Army (IRA)
8152,0,0,0.0,1,0,3,3,1257,0,6,1.0,1,0.0,Manuel Rodriguez Patriotic Front (FPMR)
8153,0,0,0.0,1,0,2,4,1574,0,6,0.0,0,0.0,Kurdistan Workers' Party (PKK)
8154,0,0,0.0,1,0,2,4,48,1,5,2.0,1,0.0,Muslim extremists
8155,0,0,0.0,1,0,3,19,233,0,6,0.0,1,0.0,Abu Sayyaf Group (ASG)
8156,0,0,0.0,1,0,2,14,13,0,5,2.0,0,0.0,Abu Sayyaf Group (ASG)
8157,0,0,0.0,1,0,1,4,1218,0,5,1.0,0,0.0,Al-Shabaab
8158,0,0,0.0,1,0,2,4,12,0,5,8.0,1,0.0,Tupac Amaru Revolutionary Movement (MRTA)
8159,0,0,0.0,1,0,3,4,3285,0,6,0.0,1,0.0,Irish Republican Army (IRA)
8160,0,0,0.0,1,0,2,1,4669,0,5,0.0,1,0.0,Muslim extremists
8161,0,0,0.0,0,0,3,20,6,0,6,0.0,0,0.0,New People's Army (NPA)
8162,0,0,0.0,1,0,2,4,402,0,6,1.0,1,0.0,Al-Shabaab
8163,0,0,0.0,1,0,3,14,13,0,6,0.0,-9,0.0,Houthi extremists (Ansar Allah)
8164,0,0,0.0,1,0,3,4,2790,0,6,0.0,1,0.0,Farabundo Marti National Liberation Front (FMLN)
8165,0,0,0.0,1,0,3,2,6834,0,6,1.0,0,0.0,Taliban
8166,0,0,0.0,1,0,3,19,2567,0,6,13.0,1,0.0,Donetsk People's Republic
8167,0,0,0.0,1,0,2,1,408,0,5,5.0,1,0.0,African National Congress (South Africa)
8168,0,0,0.0,1,0,3,1,1460,0,6,0.0,1,0.0,Basque Fatherland and Freedom (ETA)
8169,0,0,0.0,1,0,3,19,4445,0,6,0.0,1,0.0,Maoists
8170,0,0,0.0,0,0,1,7,2784,0,5,0.0,0,0.0,Farabundo Marti National Liberation Front (FMLN)
8171,0,0,1.0,1,0,3,4,2965,0,6,0.0,1,0.0,Houthi extremists (Ansar Allah)
8172,0,0,0.0,1,0,3,3,4079,0,6,1.0,1,0.0,Manuel Rodriguez Patriotic Front (FPMR)
8173,0,0,0.0,1,0,2,14,27,0,8,5.0,1,0.0,Fulani extremists
8174,0,0,0.0,1,0,2,3,20,0,5,5.0,0,0.0,Taliban
8175,0,0,0.0,1,0,3,15,743,0,6,0.0,0,0.0,Al-Qaida in Iraq
8176,0,0,0.0,1,0,3,4,1544,0,6,0.0,1,0.0,Basque Fatherland and Freedom (ETA)
8177,0,0,1.0,1,1,3,3,20,0,6,3.0,0,0.0,Al-Qaida in Iraq
8178,0,0,0.0,0,0,2,4,994,0,5,0.0,0,0.0,Al-Qaida in the Arabian Peninsula (AQAP)
8179,0,0,0.0,1,0,2,4,4112,0,5,2.0,1,0.0,Manuel Rodriguez Patriotic Front (FPMR)
8180,0,0,1.0,1,0,7,2,3150,0,8,1.0,1,0.0,Irish Republican Army (IRA)
8181,0,0,1.0,1,0,3,14,1327,0,6,0.0,-9,0.0,Houthi extremists (Ansar Allah)
8182,0,0,0.0,1,0,3,1,6622,0,6,2.0,1,0.0,Sikh Extremists
8183,0,0,0.0,1,1,3,2,6788,0,6,8.0,1,0.0,Taliban
8184,0,0,0.0,1,0,2,3,4213,0,5,0.0,1,0.0,Manuel Rodriguez Patriotic Front (FPMR)
8185,0,0,0.0,1,0,3,2,219,0,6,0.0,1,0.0,Maoists
8186,0,0,0.0,1,0,3,3,4851,0,6,0.0,0,0.0,National Liberation Army of Colombia (ELN)
8187,0,0,0.0,1,0,3,1,1915,0,6,0.0,1,0.0,Corsican National Liberation Front (FLNC)
8188,0,0,1.0,1,0,2,14,27,0,5,4.0,1,0.0,Fulani extremists
8189,0,0,0.0,1,0,2,3,3890,0,5,0.0,0,0.0,Liberation Tigers of Tamil Eelam (LTTE)
8190,0,0,0.0,1,0,1,14,6577,0,5,5.0,0,0.0,Sikh Extremists
8191,0,0,0.0,1,0,3,7,1439,0,6,0.0,1,0.0,Basque Fatherland and Freedom (ETA)
8192,0,0,1.0,1,0,3,1,5979,0,6,1.0,1,0.0,Revolutionary Armed Forces of Colombia (FARC)
8193,0,0,0.0,1,0,7,19,56,0,8,0.0,1,0.0,Revolutionary Armed Forces of Colombia (FARC)
8194,0,0,0.0,1,0,2,4,2660,0,5,6.0,1,0.0,Nicaraguan Democratic Force (FDN)
8195,0,0,0.0,1,0,1,2,4815,0,5,1.0,0,0.0,National Liberation Army of Colombia (ELN)
8196,0,0,0.0,1,0,3,1,2487,0,6,0.0,1,0.0,Corsican National Liberation Front (FLNC)
8197,0,0,1.0,1,0,3,4,48,0,6,0.0,-9,0.0,Donetsk People's Republic
8198,0,0,0.0,1,0,3,1,1669,0,6,0.0,1,0.0,Basque Fatherland and Freedom (ETA)
8199,0,0,0.0,1,0,2,4,5618,0,5,2.0,1,0.0,Palestinians
8200,0,0,1.0,1,0,3,14,1888,0,6,0.0,-9,0.0,Houthi extremists (Ansar Allah)
8201,0,0,0.0,1,0,2,14,1181,0,5,2.0,1,0.0,Donetsk People's Republic
8202,0,0,1.0,1,0,3,14,367,0,6,0.0,1,0.0,Al-Qaida in the Arabian Peninsula (AQAP)
8203,0,0,0.0,1,0,7,10,7066,0,8,0.0,1,0.0,Tehrik-i-Taliban Pakistan (TTP)
8204,0,0,0.0,1,0,2,4,2660,0,5,20.0,1,0.0,Nicaraguan Democratic Force (FDN)
8205,0,0,0.0,1,0,3,14,5525,0,6,0.0,1,0.0,Palestinians
8206,0,0,0.0,1,0,2,4,1097,0,5,5.0,-9,0.0,Al-Qaida in the Arabian Peninsula (AQAP)
8207,0,0,1.0,1,0,3,1,2083,0,6,0.0,1,0.0,Communist Party of India - Maoist (CPI-Maoist)
8208,0,0,1.0,1,0,3,14,1327,0,6,4.0,-9,0.0,Muslim extremists
8209,0,0,0.0,1,0,2,4,5167,0,5,1.0,0,0.0,New People's Army (NPA)
8210,0,0,1.0,1,0,2,14,1824,0,5,3.0,1,0.0,Boko Haram
8211,0,0,0.0,1,0,1,3,644,0,6,2.0,1,0.0,Sikh Extremists
8212,0,0,0.0,1,0,2,14,2115,0,5,1.0,-9,0.0,Communist Party of India - Maoist (CPI-Maoist)
8213,0,0,0.0,1,0,3,1,4902,0,6,0.0,1,0.0,National Liberation Army of Colombia (ELN)
8214,0,0,0.0,1,0,1,14,3206,0,5,1.0,0,0.0,Irish Republican Army (IRA)
8215,0,0,0.0,1,0,2,3,4409,0,9,1.0,0,0.0,Maoists
8216,0,0,0.0,1,0,2,3,1443,0,5,1.0,1,0.0,Basque Fatherland and Freedom (ETA)
8217,0,1,0.0,1,1,3,20,6,0,6,4.0,0,0.0,Boko Haram
8218,0,0,0.0,1,0,8,14,4321,0,9,1.0,0,1.0,Maoists
8219,0,0,0.0,1,0,3,2,578,0,6,0.0,1,0.0,African National Congress (South Africa)
8220,0,0,0.0,1,0,3,14,1327,0,6,14.0,-9,0.0,Muslim extremists
8221,0,0,1.0,1,0,3,20,6,0,6,0.0,1,0.0,Abu Sayyaf Group (ASG)
8222,0,0,0.0,1,0,3,2,7193,0,6,0.0,1,0.0,Tupac Amaru Revolutionary Movement (MRTA)
8223,0,0,0.0,1,0,2,4,2660,0,5,1.0,1,0.0,Farabundo Marti National Liberation Front (FMLN)
8224,0,0,0.0,1,0,3,2,1280,0,6,2.0,1,0.0,Taliban
8225,0,0,0.0,1,0,1,4,3167,0,5,1.0,0,0.0,Irish Republican Army (IRA)
8226,0,0,0.0,1,0,2,3,92,0,5,2.0,0,0.0,Tehrik-i-Taliban Pakistan (TTP)
8227,0,0,0.0,1,0,2,4,1268,0,5,1.0,0,0.0,Al-Shabaab
8228,0,0,0.0,1,0,7,1,3655,0,8,0.0,1,0.0,Kurdistan Workers' Party (PKK)
8229,0,0,0.0,1,0,3,4,162,0,6,1.0,1,0.0,Revolutionary Armed Forces of Colombia (FARC)
8230,0,0,0.0,1,0,2,4,2920,0,5,1.0,0,0.0,Islamic State of Iraq and the Levant (ISIL)
8231,0,0,0.0,1,0,3,8,7094,0,6,0.0,1,0.0,Tehrik-i-Taliban Pakistan (TTP)
8232,0,0,0.0,1,1,3,14,1838,0,6,4.0,-9,0.0,Islamic State of Iraq and the Levant (ISIL)
8233,0,0,0.0,1,0,3,1,1508,0,6,3.0,1,0.0,Basque Fatherland and Freedom (ETA)
8234,0,0,0.0,1,0,2,3,20,0,5,10.0,0,0.0,Taliban
8235,0,0,0.0,1,0,2,7,2665,0,5,0.0,1,0.0,Farabundo Marti National Liberation Front (FMLN)
8236,0,0,0.0,0,0,3,19,4836,0,6,0.0,1,0.0,National Liberation Army of Colombia (ELN)
8237,0,0,1.0,1,0,3,3,816,0,6,0.0,1,0.0,Communist Party of India - Maoist (CPI-Maoist)
8238,0,0,1.0,1,0,2,19,56,0,8,0.0,1,0.0,Manuel Rodriguez Patriotic Front (FPMR)
8239,0,0,0.0,0,0,3,20,6,0,6,0.0,0,0.0,Maoists
8240,1,0,0.0,1,0,2,14,27,0,5,12.0,0,-9.0,Fulani extremists
8241,0,0,0.0,1,0,2,14,5435,0,5,180.0,1,1.0,Nicaraguan Democratic Force (FDN)
8242,0,0,0.0,1,0,3,14,3641,0,6,0.0,0,0.0,Kurdistan Workers' Party (PKK)
8243,0,0,0.0,1,0,2,3,3931,0,5,1.0,1,0.0,Liberation Tigers of Tamil Eelam (LTTE)
8244,0,0,1.0,1,0,2,14,3662,0,5,0.0,1,0.0,Shining Path (SL)
8245,0,0,0.0,1,0,2,19,56,0,8,0.0,1,0.0,Manuel Rodriguez Patriotic Front (FPMR)
8246,0,0,0.0,1,0,3,19,1456,0,6,0.0,1,0.0,Basque Fatherland and Freedom (ETA)
8247,0,0,0.0,1,0,3,8,842,0,6,1.0,1,0.0,Kurdistan Workers' Party (PKK)
8248,0,0,0.0,1,0,2,3,411,0,5,1.0,0,0.0,African National Congress (South Africa)
8249,0,0,0.0,1,0,3,11,2951,0,6,0.0,0,0.0,Houthi extremists (Ansar Allah)
8250,0,0,0.0,1,0,1,4,6186,0,5,2.0,0,0.0,Shining Path (SL)
8251,0,0,1.0,1,0,3,1,465,0,6,1.0,1,0.0,Farabundo Marti National Liberation Front (FMLN)
8252,0,0,1.0,1,0,2,14,27,0,5,10.0,0,0.0,Fulani extremists
8253,0,0,1.0,1,0,7,14,1257,0,8,0.0,1,0.0,Communist Party of India - Maoist (CPI-Maoist)
8254,0,0,1.0,1,0,3,3,175,0,6,0.0,1,0.0,Boko Haram
8255,0,0,0.0,1,0,3,4,2563,0,6,0.0,1,0.0,Donetsk People's Republic
8256,0,0,0.0,1,0,3,10,614,0,6,0.0,1,0.0,African National Congress (South Africa)
8257,0,1,0.0,1,0,2,4,4661,0,6,0.0,-9,0.0,Muslim extremists
8258,0,0,0.0,1,0,3,1,609,0,6,0.0,1,0.0,Revolutionary Armed Forces of Colombia (FARC)
8259,0,0,0.0,0,0,3,20,6,0,6,0.0,0,0.0,Islamic State of Iraq and the Levant (ISIL)
8260,0,0,0.0,1,1,3,4,767,0,6,11.0,1,0.0,Al-Qaida in the Arabian Peninsula (AQAP)
8261,0,0,0.0,0,0,3,2,587,0,6,0.0,1,0.0,African National Congress (South Africa)
8262,0,0,0.0,1,0,3,14,205,0,6,0.0,-9,0.0,Donetsk People's Republic
8263,0,0,0.0,1,0,3,4,56,0,6,6.0,1,0.0,Al-Qaida in the Arabian Peninsula (AQAP)
8264,0,0,0.0,1,0,2,4,2660,0,5,16.0,1,0.0,Nicaraguan Democratic Force (FDN)
8265,0,0,0.0,1,0,2,4,803,0,5,1.0,1,-9.0,Muslim extremists
8266,0,1,0.0,1,1,3,3,6795,0,6,13.0,1,0.0,Taliban
8267,0,0,1.0,1,0,3,15,6921,0,6,1.0,-9,0.0,Tehrik-i-Taliban Pakistan (TTP)
8268,0,0,0.0,1,0,1,3,3205,0,5,1.0,0,0.0,Irish Republican Army (IRA)
8269,0,0,0.0,1,0,1,3,6562,0,5,1.0,0,0.0,Sikh Extremists
8270,0,0,0.0,1,0,3,4,2660,0,5,4.0,1,0.0,Farabundo Marti National Liberation Front (FMLN)
8271,0,0,0.0,1,0,2,14,6190,0,5,25.0,1,1.0,Shining Path (SL)
8272,0,0,1.0,1,0,3,17,880,0,6,4.0,1,0.0,Al-Qaida in Iraq
8273,0,0,0.0,0,0,2,8,51,0,5,0.0,0,0.0,Muslim extremists
8274,0,0,0.0,1,0,2,19,4441,0,8,0.0,1,1.0,Maoists
8275,0,0,0.0,1,0,3,14,2568,0,6,1.0,1,0.0,Donetsk People's Republic
8276,0,0,0.0,1,0,2,4,1066,0,5,1.0,0,0.0,Al-Qaida in the Arabian Peninsula (AQAP)
8277,0,0,0.0,1,0,3,14,5504,0,6,0.0,1,0.0,Palestinians
8278,0,0,0.0,1,0,3,14,2619,0,6,0.0,1,0.0,Donetsk People's Republic
8279,0,0,0.0,1,0,3,2,466,0,6,1.0,1,0.0,African National Congress (South Africa)
8280,0,0,1.0,1,0,2,3,0,0,5,0.0,-9,0.0,Maoists
8281,0,0,0.0,1,0,3,14,205,0,6,0.0,0,0.0,Donetsk People's Republic
8282,0,0,0.0,1,0,3,20,6,0,6,0.0,-9,0.0,New People's Army (NPA)
8283,0,0,0.0,1,0,2,2,5129,0,5,0.0,0,0.0,New People's Army (NPA)
8284,0,0,0.0,0,0,3,3,85,0,6,0.0,0,0.0,Maoists
8285,0,0,0.0,1,0,2,4,803,0,5,19.0,1,0.0,Liberation Tigers of Tamil Eelam (LTTE)
8286,0,0,0.0,1,0,3,14,5990,0,6,2.0,-9,0.0,Revolutionary Armed Forces of Colombia (FARC)
8287,0,0,0.0,1,0,2,14,6816,0,5,1.0,0,0.0,Taliban
8288,0,0,0.0,1,0,3,21,5899,0,6,0.0,1,0.0,Revolutionary Armed Forces of Colombia (FARC)
8289,0,0,0.0,1,0,3,4,537,0,6,0.0,1,0.0,African National Congress (South Africa)
8290,0,0,0.0,0,1,3,20,6,0,6,1.0,0,0.0,Islamic State of Iraq and the Levant (ISIL)
8291,0,0,0.0,0,0,2,4,692,0,5,4.0,0,0.0,Kurdistan Workers' Party (PKK)
8292,0,0,0.0,1,0,3,4,7208,0,6,0.0,1,0.0,Tupac Amaru Revolutionary Movement (MRTA)
8293,0,0,1.0,1,0,3,1,428,0,6,1.0,1,0.0,African National Congress (South Africa)
8294,0,1,0.0,1,0,3,4,5642,0,6,1.0,1,0.0,Palestinians
8295,0,0,0.0,1,0,7,1,112,0,8,0.0,1,0.0,Maoists
8296,0,0,0.0,1,1,3,7,162,0,6,4.0,1,0.0,Al-Shabaab
8297,0,0,0.0,1,0,2,4,2660,0,5,3.0,1,0.0,New People's Army (NPA)
8298,0,0,0.0,1,0,1,3,804,0,5,1.0,-9,0.0,New People's Army (NPA)
8299,0,0,0.0,1,0,3,2,4630,0,6,1.0,0,0.0,Muslim extremists
8300,0,0,0.0,1,0,3,14,205,0,6,0.0,-9,0.0,Donetsk People's Republic
8301,0,0,0.0,1,0,3,14,1257,0,6,0.0,1,0.0,Islamic State of Iraq and the Levant (ISIL)
8302,0,0,1.0,1,0,3,21,4845,0,6,0.0,1,0.0,National Liberation Army of Colombia (ELN)
8303,0,0,0.0,0,0,3,2,586,0,6,0.0,1,0.0,Basque Fatherland and Freedom (ETA)
8304,0,1,1.0,1,0,3,6,498,0,6,1.0,0,0.0,Muslim extremists
8305,0,0,0.0,1,0,3,3,402,0,6,1.0,-9,0.0,Houthi extremists (Ansar Allah)
8306,0,0,0.0,1,0,3,1,2110,0,6,0.0,1,0.0,New People's Army (NPA)
8307,0,0,0.0,1,0,2,1,1650,0,5,0.0,1,0.0,Manuel Rodriguez Patriotic Front (FPMR)
8308,0,0,0.0,1,1,3,4,20,0,6,19.0,1,0.0,Kurdistan Workers' Party (PKK)
8309,0,0,0.0,1,0,3,19,56,0,6,13.0,1,0.0,Shining Path (SL)
8310,0,0,0.0,0,0,3,19,478,0,6,0.0,1,0.0,African National Congress (South Africa)
8311,0,0,1.0,1,0,2,14,27,0,5,0.0,1,0.0,Fulani extremists
8312,0,0,0.0,1,1,3,3,979,0,6,38.0,1,0.0,Al-Qaida in the Arabian Peninsula (AQAP)
8313,0,0,0.0,1,1,3,4,20,0,6,1.0,0,0.0,Boko Haram
8314,0,0,0.0,1,0,2,4,2660,0,5,30.0,1,0.0,Nicaraguan Democratic Force (FDN)
8315,0,0,0.0,1,0,3,16,3214,0,6,1.0,1,0.0,Irish Republican Army (IRA)
8316,0,0,1.0,1,0,3,1,1557,0,6,0.0,1,0.0,Corsican National Liberation Front (FLNC)
8317,0,0,0.0,1,0,1,14,6144,0,5,2.0,0,0.0,Shining Path (SL)
8318,0,0,1.0,1,0,3,21,2761,0,6,0.0,1,0.0,Farabundo Marti National Liberation Front (FMLN)
8319,0,0,1.0,1,0,2,14,27,0,5,0.0,1,0.0,Fulani extremists
8320,0,0,0.0,1,0,3,21,573,0,6,0.0,1,0.0,African National Congress (South Africa)
8321,0,0,1.0,1,1,3,2,219,0,6,3.0,-9,0.0,Al-Qaida in Iraq
8322,0,0,0.0,0,0,3,14,3280,0,6,0.0,1,0.0,Irish Republican Army (IRA)
8323,0,0,0.0,1,1,3,3,3648,0,6,6.0,0,0.0,Taliban
8324,0,0,1.0,1,0,3,21,4129,0,6,0.0,1,0.0,Manuel Rodriguez Patriotic Front (FPMR)
8325,0,0,0.0,1,0,3,14,5975,0,6,0.0,-9,0.0,Revolutionary Armed Forces of Colombia (FARC)
8326,0,0,0.0,1,1,3,4,6,0,6,6.0,-9,0.0,Al-Qaida in Iraq
8327,0,0,0.0,1,0,3,21,6226,0,6,1.0,1,0.0,Shining Path (SL)
8328,0,0,0.0,1,0,2,1,188,0,5,3.0,0,0.0,Abu Sayyaf Group (ASG)
8329,0,0,1.0,1,0,2,15,318,0,5,2.0,1,0.0,Boko Haram
8330,0,0,1.0,1,0,3,19,1488,0,6,0.0,1,0.0,Basque Fatherland and Freedom (ETA)
8331,0,0,0.0,1,0,3,3,1949,0,6,1.0,-9,0.0,Communist Party of India - Maoist (CPI-Maoist)
8332,0,0,0.0,1,0,2,3,2212,0,5,22.0,1,0.0,Communist Party of India - Maoist (CPI-Maoist)
8333,0,0,0.0,1,0,3,1,7293,0,6,0.0,1,0.0,Tupac Amaru Revolutionary Movement (MRTA)
8334,0,0,1.0,1,0,2,4,172,0,6,0.0,0,0.0,Abu Sayyaf Group (ASG)
8335,0,0,0.0,1,0,3,14,1327,0,6,4.0,-9,0.0,Taliban
8336,0,0,0.0,1,0,2,14,4668,0,9,0.0,0,0.0,Muslim extremists
8337,1,0,0.0,1,0,6,10,2562,0,6,0.0,1,1.0,Donetsk People's Republic
8338,0,0,1.0,1,0,3,1,4068,0,6,0.0,1,0.0,Manuel Rodriguez Patriotic Front (FPMR)
8339,0,0,1.0,1,0,3,1,1557,0,6,1.0,1,0.0,National Liberation Army of Colombia (ELN)
8340,0,0,0.0,0,0,1,4,3143,0,6,0.0,0,0.0,Irish Republican Army (IRA)
8341,0,0,0.0,1,0,2,17,1010,0,5,0.0,0,0.0,Al-Qaida in the Arabian Peninsula (AQAP)
8342,0,0,1.0,1,0,7,14,3607,0,8,0.0,1,0.0,Kurdistan Workers' Party (PKK)
8343,0,0,0.0,1,0,2,14,67,0,9,2.0,-9,0.0,Abu Sayyaf Group (ASG)
8344,0,1,1.0,1,0,1,2,2899,0,5,2.0,1,0.0,Fulani extremists
8345,0,1,1.0,1,0,2,3,85,0,5,4.0,0,0.0,Islamic State of Iraq and the Levant (ISIL)
8346,0,0,0.0,1,0,2,8,51,0,9,2.0,0,0.0,Boko Haram
8347,0,0,1.0,1,0,3,1,2338,0,6,0.0,1,0.0,Corsican National Liberation Front (FLNC)
8348,0,0,0.0,1,0,2,14,6178,0,5,5.0,1,0.0,Shining Path (SL)
8349,0,0,0.0,1,0,3,3,12,0,6,1.0,1,0.0,Al-Shabaab
8350,0,0,1.0,1,0,3,14,27,0,6,11.0,1,0.0,Boko Haram
8351,0,0,1.0,1,1,3,4,20,0,6,3.0,0,0.0,Al-Qaida in the Arabian Peninsula (AQAP)
8352,0,0,0.0,1,0,2,3,1538,0,5,0.0,1,0.0,Kurdistan Workers' Party (PKK)
8353,0,0,0.0,1,0,3,21,1044,0,6,0.0,1,0.0,Al-Qaida in the Arabian Peninsula (AQAP)
8354,0,0,0.0,1,0,2,4,327,0,6,0.0,1,0.0,Donetsk People's Republic
8355,0,0,1.0,1,0,3,14,926,0,6,3.0,0,0.0,Islamic State of Iraq and the Levant (ISIL)
8356,0,0,1.0,1,0,3,1,2384,0,6,0.0,1,0.0,Irish Republican Army (IRA)
8357,0,0,0.0,1,0,3,4,3518,0,6,3.0,-9,0.0,Taliban
8358,0,0,0.0,0,0,6,1,7089,0,5,1.0,0,0.0,Tehrik-i-Taliban Pakistan (TTP)
8359,0,0,0.0,1,0,2,14,809,0,5,1.0,-9,0.0,Al-Qaida in Iraq
8360,0,0,1.0,1,0,3,1,5992,0,6,0.0,0,0.0,Revolutionary Armed Forces of Colombia (FARC)
8361,0,0,0.0,1,0,6,2,6241,0,5,0.0,0,1.0,Shining Path (SL)
8362,0,0,0.0,1,0,6,14,4424,0,5,3.0,0,1.0,Maoists
8363,0,0,1.0,1,0,2,3,85,0,6,1.0,0,0.0,Taliban
8364,0,0,0.0,1,0,1,2,6159,0,5,1.0,0,0.0,Shining Path (SL)
8365,0,0,1.0,1,0,7,8,7035,0,8,0.0,1,0.0,Tehrik-i-Taliban Pakistan (TTP)
8366,0,0,0.0,1,0,3,4,48,0,6,0.0,-9,0.0,Houthi extremists (Ansar Allah)
8367,0,0,0.0,1,0,3,4,644,0,6,4.0,1,0.0,Liberation Tigers of Tamil Eelam (LTTE)
8368,1,0,0.0,1,0,6,14,2900,0,5,1.0,0,1.0,Fulani extremists
8369,0,0,0.0,1,0,1,15,82,0,5,2.0,0,0.0,Abu Sayyaf Group (ASG)
8370,0,0,1.0,1,0,3,21,4220,0,6,0.0,1,0.0,Manuel Rodriguez Patriotic Front (FPMR)
8371,0,0,0.0,1,0,3,14,3317,0,6,0.0,1,0.0,Irish Republican Army (IRA)
8372,0,0,0.0,0,0,3,19,6558,0,6,0.0,1,0.0,Sikh Extremists
8373,0,0,0.0,1,0,3,2,2409,0,6,0.0,1,0.0,Corsican National Liberation Front (FLNC)
8374,0,0,0.0,1,0,1,14,5598,0,5,0.0,0,0.0,Palestinians
8375,0,0,0.0,1,0,8,6,801,0,9,0.0,1,0.0,Kurdistan Workers' Party (PKK)
8376,0,0,0.0,1,0,2,4,5230,0,5,1.0,0,0.0,New People's Army (NPA)
8377,0,0,0.0,1,0,3,19,4095,0,6,0.0,1,0.0,Manuel Rodriguez Patriotic Front (FPMR)
8378,0,0,0.0,1,0,1,4,5067,0,5,1.0,0,0.0,New People's Army (NPA)
8379,0,0,0.0,1,0,3,1,3235,0,6,0.0,1,0.0,Irish Republican Army (IRA)
8380,0,0,0.0,1,0,3,3,330,0,6,2.0,1,0.0,Kurdistan Workers' Party (PKK)
8381,0,0,0.0,1,0,2,3,12,0,5,2.0,1,0.0,Revolutionary Armed Forces of Colombia (FARC)
8382,0,0,0.0,1,0,3,4,48,0,6,1.0,0,0.0,Houthi extremists (Ansar Allah)
8383,0,0,0.0,1,0,3,3,330,0,6,1.0,1,0.0,Houthi extremists (Ansar Allah)
8384,0,0,1.0,1,0,3,8,842,0,6,0.0,1,0.0,Boko Haram
8385,0,0,1.0,1,1,3,3,767,0,6,1.0,1,0.0,Al-Qaida in the Arabian Peninsula (AQAP)
8386,1,0,0.0,1,0,6,3,4431,0,9,1.0,0,1.0,Maoists
8387,0,0,0.0,1,0,3,2,4759,0,6,0.0,1,0.0,National Liberation Army of Colombia (ELN)
8388,0,0,1.0,1,0,3,14,13,0,6,6.0,1,0.0,Al-Qaida in Iraq
8389,0,1,0.0,1,1,3,3,767,0,6,2.0,0,0.0,Boko Haram
8390,0,0,1.0,1,0,3,14,730,0,6,1.0,1,0.0,Sikh Extremists
8391,0,0,0.0,0,0,1,2,1260,0,6,0.0,1,0.0,Al-Shabaab
8392,0,0,0.0,1,0,2,14,5862,0,8,1.0,1,0.0,Revolutionary Armed Forces of Colombia (FARC)
8393,0,0,0.0,1,0,3,1,2406,0,6,0.0,1,0.0,Corsican National Liberation Front (FLNC)
8394,0,0,1.0,1,0,7,1,1077,0,8,0.0,1,0.0,Kurdistan Workers' Party (PKK)
8395,0,0,0.0,1,0,1,3,4848,0,5,1.0,0,0.0,National Liberation Army of Colombia (ELN)
8396,0,1,1.0,1,0,3,19,1992,0,6,0.0,1,0.0,Communist Party of India - Maoist (CPI-Maoist)
8397,0,0,0.0,1,0,2,3,20,0,5,1.0,0,0.0,Al-Qaida in Iraq
8398,0,0,0.0,0,0,3,4,402,0,6,0.0,0,0.0,Al-Shabaab
8399,0,0,0.0,1,0,3,3,3085,0,6,1.0,1,0.0,Irish Republican Army (IRA)
8400,0,1,0.0,1,0,1,14,13,0,6,1.0,0,0.0,African National Congress (South Africa)
8401,0,0,0.0,1,0,2,4,2660,0,5,1.0,1,0.0,Nicaraguan Democratic Force (FDN)
8402,0,0,0.0,1,0,2,4,5125,0,5,1.0,0,0.0,New People's Army (NPA)
8403,0,0,0.0,1,0,3,3,4221,0,6,0.0,1,0.0,Manuel Rodriguez Patriotic Front (FPMR)
8404,0,0,0.0,1,0,1,4,1111,0,5,1.0,0,0.0,Al-Qaida in the Arabian Peninsula (AQAP)
8405,0,1,0.0,1,0,2,4,5078,0,5,3.0,0,0.0,New People's Army (NPA)
8406,0,1,0.0,1,0,3,4,12,0,6,10.0,1,0.0,Taliban
8407,0,0,0.0,1,0,3,3,85,0,6,0.0,1,0.0,Maoists
8408,0,1,0.0,1,0,2,19,56,0,5,12.0,1,0.0,Nicaraguan Democratic Force (FDN)
8409,0,0,0.0,1,0,2,4,681,0,5,26.0,1,0.0,Liberation Tigers of Tamil Eelam (LTTE)
8410,0,0,0.0,1,0,3,21,1575,0,6,0.0,1,0.0,Basque Fatherland and Freedom (ETA)
8411,1,0,1.0,1,0,6,1,1843,0,5,1.0,1,1.0,Boko Haram
8412,0,1,1.0,1,0,3,8,7061,0,6,0.0,1,0.0,Tehrik-i-Taliban Pakistan (TTP)
8413,0,0,0.0,1,0,6,2,4756,0,5,0.0,0,1.0,National Liberation Army of Colombia (ELN)
8414,0,0,0.0,1,0,7,1,2110,0,8,0.0,1,0.0,New People's Army (NPA)
8415,0,0,0.0,1,0,1,14,5641,0,9,1.0,0,0.0,Palestinians
8416,0,0,0.0,1,0,2,3,85,0,6,2.0,1,0.0,Tehrik-i-Taliban Pakistan (TTP)
8417,0,0,0.0,1,0,3,3,557,0,6,1.0,1,0.0,Basque Fatherland and Freedom (ETA)
8418,0,0,0.0,1,0,3,14,594,0,6,5.0,1,0.0,African National Congress (South Africa)
8419,0,0,1.0,1,0,7,14,27,0,8,1.0,1,0.0,Fulani extremists
8420,0,0,0.0,1,0,3,21,2710,0,6,0.0,1,0.0,Manuel Rodriguez Patriotic Front (FPMR)
8421,0,0,0.0,1,1,3,4,92,0,6,1.0,0,0.0,Al-Shabaab
8422,0,0,1.0,1,0,3,14,2350,0,6,0.0,1,0.0,Corsican National Liberation Front (FLNC)
8423,0,0,1.0,1,0,2,3,2152,0,5,1.0,0,0.0,Communist Party of India - Maoist (CPI-Maoist)
8424,0,0,0.0,1,0,3,14,1812,0,6,1.0,-9,0.0,Donetsk People's Republic
8425,0,0,0.0,1,0,3,15,4139,0,6,1.0,1,0.0,Manuel Rodriguez Patriotic Front (FPMR)
8426,0,1,1.0,1,0,2,4,48,0,6,0.0,0,0.0,Donetsk People's Republic
8427,0,0,0.0,1,0,3,4,48,0,6,1.0,1,0.0,Boko Haram
8428,0,0,1.0,0,0,1,2,91,0,6,0.0,1,0.0,Abu Sayyaf Group (ASG)
8429,0,0,0.0,1,0,1,2,1009,0,5,1.0,0,0.0,Al-Qaida in the Arabian Peninsula (AQAP)
8430,0,0,0.0,1,0,3,4,402,0,6,0.0,0,0.0,Kurdistan Workers' Party (PKK)
8431,0,1,0.0,1,0,7,1,4399,0,8,0.0,1,0.0,Maoists
8432,0,0,1.0,1,0,2,14,27,0,5,22.0,1,0.0,Fulani extremists
8433,0,0,0.0,1,0,1,2,1127,0,5,1.0,-9,0.0,Al-Qaida in the Arabian Peninsula (AQAP)
8434,0,0,0.0,1,0,1,3,1504,0,5,1.0,0,0.0,Basque Fatherland and Freedom (ETA)
8435,0,0,0.0,1,0,3,3,5836,0,6,5.0,0,0.0,Revolutionary Armed Forces of Colombia (FARC)
8436,0,1,0.0,1,0,3,1,484,0,6,0.0,1,0.0,African National Congress (South Africa)
8437,0,0,1.0,1,0,7,2,2220,0,8,0.0,1,0.0,Communist Party of India - Maoist (CPI-Maoist)
8438,0,0,0.0,1,0,3,14,1292,0,6,4.0,-9,0.0,Houthi extremists (Ansar Allah)
8439,0,0,0.0,1,0,1,3,2432,0,5,2.0,0,0.0,Sikh Extremists
8440,0,0,0.0,1,0,1,4,1815,0,6,3.0,1,0.0,Boko Haram
8441,0,0,0.0,1,0,2,4,2660,0,5,1.0,1,0.0,Nicaraguan Democratic Force (FDN)
8442,0,0,1.0,1,1,3,14,1873,0,6,8.0,-9,0.0,Boko Haram
8443,0,1,0.0,1,0,2,4,2560,0,6,0.0,-9,0.0,Donetsk People's Republic
8444,0,0,1.0,1,0,3,14,13,0,6,0.0,0,0.0,Al-Qaida in Iraq
8445,1,0,0.0,1,0,6,14,95,0,5,1.0,0,1.0,Abu Sayyaf Group (ASG)
8446,0,0,0.0,1,0,3,20,2399,0,6,0.0,1,0.0,Corsican National Liberation Front (FLNC)
8447,0,0,0.0,1,0,6,14,4394,0,9,1.0,0,1.0,Maoists
8448,0,0,0.0,1,0,3,3,2803,0,6,0.0,1,0.0,Farabundo Marti National Liberation Front (FMLN)
8449,0,0,0.0,1,0,3,1,1423,0,6,0.0,1,0.0,Basque Fatherland and Freedom (ETA)
8450,0,0,0.0,1,0,2,4,2670,0,5,0.0,1,0.0,Farabundo Marti National Liberation Front (FMLN)
8451,0,0,0.0,1,0,2,3,12,0,5,2.0,0,0.0,Al-Shabaab
8452,0,0,0.0,1,0,3,1,5586,0,6,0.0,1,0.0,Palestinians
8453,0,0,0.0,1,0,2,4,2563,0,6,0.0,-9,0.0,Donetsk People's Republic
8454,0,0,0.0,1,0,3,14,6348,0,6,1.0,1,0.0,Tupac Amaru Revolutionary Movement (MRTA)
8455,0,0,0.0,0,0,3,11,3915,0,6,10.0,1,0.0,Liberation Tigers of Tamil Eelam (LTTE)
8456,0,0,1.0,1,1,3,2,1124,0,6,2.0,-9,0.0,Al-Qaida in the Arabian Peninsula (AQAP)
8457,0,0,0.0,1,1,3,14,1836,0,6,6.0,1,0.0,Boko Haram
8458,0,0,1.0,1,0,3,1,1077,0,6,0.0,1,0.0,Manuel Rodriguez Patriotic Front (FPMR)
8459,0,0,0.0,1,0,2,2,1074,0,5,2.0,0,0.0,Al-Qaida in the Arabian Peninsula (AQAP)
8460,0,0,0.0,1,0,3,19,4343,0,6,0.0,1,0.0,Maoists
8461,0,0,1.0,1,0,3,1,387,0,6,3.0,1,0.0,Houthi extremists (Ansar Allah)
8462,0,1,0.0,1,0,3,3,3749,0,6,0.0,1,0.0,Liberation Tigers of Tamil Eelam (LTTE)
8463,0,0,1.0,1,0,3,1,1321,0,6,1.0,1,0.0,Al-Shabaab
8464,0,0,0.0,1,0,3,14,3158,0,6,0.0,1,0.0,Irish Republican Army (IRA)
8465,0,0,0.0,1,0,3,15,318,0,6,0.0,-9,0.0,Fulani extremists
8466,0,0,0.0,1,0,3,1,4183,0,6,1.0,1,0.0,Manuel Rodriguez Patriotic Front (FPMR)
8467,0,0,0.0,1,0,2,14,3945,0,5,14.0,0,0.0,Liberation Tigers of Tamil Eelam (LTTE)
8468,0,0,0.0,1,0,3,6,498,0,6,0.0,1,0.0,African National Congress (South Africa)
8469,0,0,0.0,0,0,1,2,7096,0,5,0.0,1,0.0,Tehrik-i-Taliban Pakistan (TTP)
8470,0,0,0.0,0,0,3,21,482,0,6,0.0,1,0.0,African National Congress (South Africa)
8471,0,0,0.0,1,0,2,4,2666,0,5,0.0,1,0.0,Farabundo Marti National Liberation Front (FMLN)
8472,0,0,0.0,1,0,2,3,7247,0,5,1.0,1,0.0,Tupac Amaru Revolutionary Movement (MRTA)
8473,0,0,0.0,0,1,3,6,3452,0,6,0.0,0,0.0,Islamic State of Iraq and the Levant (ISIL)
8474,0,0,0.0,1,0,2,4,2660,0,5,1.0,1,0.0,Nicaraguan Democratic Force (FDN)
8475,0,0,0.0,0,0,3,1,5850,0,6,0.0,1,0.0,Revolutionary Armed Forces of Colombia (FARC)
8476,0,0,0.0,1,0,7,1,2110,0,8,0.0,1,0.0,New People's Army (NPA)
8477,0,0,0.0,1,0,3,4,4387,0,6,0.0,0,0.0,Maoists
8478,0,0,0.0,1,0,2,3,5822,0,5,2.0,-9,0.0,Revolutionary Armed Forces of Colombia (FARC)
8479,0,0,0.0,1,0,3,19,2131,0,6,0.0,1,0.0,Communist Party of India - Maoist (CPI-Maoist)
8480,0,0,0.0,1,0,2,21,784,0,5,4.0,1,0.0,Al-Qaida in Iraq
8481,0,0,0.0,1,0,7,19,1459,0,8,0.0,1,0.0,Basque Fatherland and Freedom (ETA)
8482,0,0,0.0,1,0,2,2,2218,0,5,1.0,-9,0.0,Communist Party of India - Maoist (CPI-Maoist)
8483,0,0,0.0,1,0,3,2,4759,0,6,0.0,1,0.0,National Liberation Army of Colombia (ELN)
8484,0,0,0.0,1,0,6,2,5952,0,6,0.0,1,1.0,Revolutionary Armed Forces of Colombia (FARC)
8485,0,0,0.0,1,0,2,19,327,0,5,4.0,1,0.0,National Liberation Army of Colombia (ELN)
8486,0,0,0.0,1,0,3,14,1257,0,6,0.0,1,0.0,Islamic State of Iraq and the Levant (ISIL)
8487,0,0,1.0,1,0,3,21,1575,0,6,0.0,1,0.0,Manuel Rodriguez Patriotic Front (FPMR)
8488,0,0,0.0,1,0,3,3,628,0,6,1.0,1,0.0,African National Congress (South Africa)
8489,0,0,1.0,1,0,2,14,27,0,5,2.0,1,0.0,Fulani extremists
8490,0,1,0.0,1,0,3,17,880,0,6,3.0,1,0.0,Tehrik-i-Taliban Pakistan (TTP)
8491,0,0,0.0,1,0,1,2,1683,0,5,1.0,0,0.0,Basque Fatherland and Freedom (ETA)
8492,0,0,1.0,1,0,3,3,330,0,6,0.0,-9,0.0,Taliban
8493,0,0,0.0,1,0,3,2,4458,0,6,0.0,1,0.0,Maoists
8494,0,0,0.0,1,0,3,2,518,0,6,1.0,1,0.0,African National Congress (South Africa)
8495,0,0,0.0,1,0,3,7,7270,0,6,0.0,1,0.0,Tupac Amaru Revolutionary Movement (MRTA)
8496,0,0,0.0,0,0,3,21,4133,0,6,0.0,1,0.0,Manuel Rodriguez Patriotic Front (FPMR)
8497,0,0,1.0,1,0,2,4,356,0,5,0.0,0,0.0,Maoists
8498,0,0,1.0,1,1,3,3,20,0,6,6.0,-9,0.0,Islamic State of Iraq and the Levant (ISIL)
8499,0,0,0.0,1,0,3,14,616,0,6,2.0,1,0.0,African National Congress (South Africa)
8500,0,0,1.0,1,0,2,3,988,0,5,18.0,1,0.0,Boko Haram
8501,0,0,0.0,1,0,2,4,172,0,6,0.0,-9,0.0,Kurdistan Workers' Party (PKK)
8502,0,0,0.0,1,0,3,2,7257,0,6,0.0,1,0.0,Tupac Amaru Revolutionary Movement (MRTA)
8503,0,0,0.0,1,0,7,1,3655,0,8,0.0,1,0.0,Maoists
8504,0,0,0.0,1,0,3,1,6254,0,6,0.0,1,0.0,Shining Path (SL)
8505,0,0,0.0,1,0,3,16,2707,0,6,1.0,1,0.0,Farabundo Marti National Liberation Front (FMLN)
8506,0,0,0.0,1,0,2,4,2660,0,5,1.0,1,0.0,Nicaraguan Democratic Force (FDN)
8507,0,0,1.0,1,0,3,17,733,0,6,1.0,1,0.0,Al-Qaida in Iraq
8508,0,0,0.0,1,0,7,2,2738,0,5,1.0,1,0.0,Farabundo Marti National Liberation Front (FMLN)
8509,0,0,0.0,1,0,2,3,1126,0,5,1.0,0,0.0,Taliban
8510,0,1,1.0,1,0,3,3,12,0,6,1.0,0,0.0,Al-Qaida in Iraq
8511,0,0,1.0,1,1,3,3,291,0,6,17.0,1,0.0,Taliban
8512,0,0,0.0,1,0,6,14,7272,0,5,0.0,0,1.0,Tupac Amaru Revolutionary Movement (MRTA)
8513,0,0,0.0,0,0,1,8,5493,0,9,0.0,0,0.0,Palestinians
8514,0,1,0.0,0,0,3,14,4922,0,6,2.0,0,0.0,National Liberation Army of Colombia (ELN)
8515,0,0,1.0,1,0,6,1,2110,0,5,1.0,1,1.0,New People's Army (NPA)
8516,0,0,0.0,1,0,2,14,5986,0,8,0.0,-9,0.0,Revolutionary Armed Forces of Colombia (FARC)
8517,0,0,0.0,1,0,3,4,2737,0,6,18.0,1,0.0,Farabundo Marti National Liberation Front (FMLN)
8518,0,0,0.0,1,0,3,1,2780,0,6,0.0,1,0.0,Farabundo Marti National Liberation Front (FMLN)
8519,0,0,0.0,1,0,1,2,6491,0,5,6.0,0,0.0,Sikh Extremists
8520,0,1,0.0,1,0,2,4,20,0,5,3.0,-9,0.0,Donetsk People's Republic
8521,0,0,0.0,1,0,3,2,5490,0,6,0.0,1,0.0,Palestinians
8522,0,0,0.0,1,0,2,4,3810,0,5,11.0,1,0.0,New People's Army (NPA)
8523,0,0,0.0,1,0,2,10,2946,0,5,0.0,1,0.0,Houthi extremists (Ansar Allah)
8524,0,0,1.0,1,1,5,2,3453,0,6,9.0,1,1.0,Islamic State of Iraq and the Levant (ISIL)
8525,0,0,0.0,1,0,3,14,3191,0,6,0.0,1,0.0,Irish Republican Army (IRA)
8526,0,0,1.0,1,0,3,1,1435,0,6,0.0,1,0.0,Basque Fatherland and Freedom (ETA)
8527,0,0,1.0,1,0,3,1,1077,0,6,0.0,1,0.0,Tupac Amaru Revolutionary Movement (MRTA)
8528,0,0,0.0,1,0,3,1,1227,0,5,0.0,1,0.0,Al-Shabaab
8529,0,1,0.0,1,0,7,1,5434,0,5,1.0,1,0.0,Nicaraguan Democratic Force (FDN)
8530,0,0,1.0,1,0,7,1,1417,0,8,0.0,1,0.0,Irish Republican Army (IRA)
8531,0,0,0.0,0,0,3,20,6,0,6,0.0,0,0.0,New People's Army (NPA)
8532,0,0,1.0,1,0,7,1,5925,0,8,0.0,1,0.0,Revolutionary Armed Forces of Colombia (FARC)
8533,1,1,0.0,1,0,4,11,151,0,5,3.0,0,1.0,Abu Sayyaf Group (ASG)
8534,0,0,0.0,1,0,2,20,2039,0,5,1.0,0,0.0,Communist Party of India - Maoist (CPI-Maoist)
8535,0,0,0.0,1,0,3,1,387,0,6,0.0,1,0.0,Kurdistan Workers' Party (PKK)
8536,0,0,1.0,1,0,3,1,1557,0,6,0.0,1,0.0,Corsican National Liberation Front (FLNC)
8537,0,0,0.0,1,0,1,10,3651,0,5,1.0,0,0.0,Kurdistan Workers' Party (PKK)
8538,0,0,0.0,1,0,7,15,318,0,8,0.0,1,0.0,Manuel Rodriguez Patriotic Front (FPMR)
8539,0,1,0.0,1,0,2,2,5381,0,5,4.0,1,0.0,Nicaraguan Democratic Force (FDN)
8540,0,0,0.0,1,0,2,3,3460,0,5,6.0,0,0.0,Taliban
8541,0,1,0.0,1,0,3,14,13,0,6,3.0,0,0.0,Communist Party of India - Maoist (CPI-Maoist)
8542,0,0,0.0,0,0,2,15,318,1,5,0.0,0,0.0,Muslim extremists
8543,0,0,0.0,1,0,2,3,175,0,5,0.0,1,0.0,National Liberation Army of Colombia (ELN)
8544,0,0,0.0,0,0,1,4,7268,0,5,0.0,0,0.0,Tupac Amaru Revolutionary Movement (MRTA)
8545,0,0,0.0,1,0,7,1,5103,0,5,0.0,1,0.0,New People's Army (NPA)
8546,0,0,0.0,1,0,3,2,615,0,6,0.0,1,0.0,African National Congress (South Africa)
8547,0,0,1.0,1,0,3,3,85,0,6,1.0,1,0.0,Al-Qaida in Iraq
8548,0,0,0.0,1,0,2,3,5856,0,5,4.0,-9,0.0,Revolutionary Armed Forces of Colombia (FARC)
8549,0,0,0.0,1,1,3,4,20,0,6,4.0,-9,0.0,Al-Qaida in the Arabian Peninsula (AQAP)
8550,1,1,0.0,1,0,6,14,142,0,5,0.0,0,1.0,Abu Sayyaf Group (ASG)
8551,0,0,0.0,0,0,3,19,609,0,6,0.0,1,0.0,African National Congress (South Africa)
8552,0,0,0.0,1,1,3,2,931,0,6,7.0,0,0.0,Tehrik-i-Taliban Pakistan (TTP)
8553,0,0,0.0,1,0,2,3,1538,0,5,0.0,1,0.0,Liberation Tigers of Tamil Eelam (LTTE)
8554,0,0,0.0,1,1,3,4,20,0,6,8.0,0,0.0,Boko Haram
8555,0,0,0.0,1,0,2,4,2660,0,5,7.0,1,0.0,Farabundo Marti National Liberation Front (FMLN)
8556,0,0,0.0,1,0,3,21,1073,0,6,0.0,1,0.0,Al-Qaida in the Arabian Peninsula (AQAP)
8557,0,0,0.0,1,0,3,14,2677,0,5,58.0,1,1.0,Farabundo Marti National Liberation Front (FMLN)
8558,0,0,0.0,1,0,3,14,1257,0,6,0.0,1,0.0,Islamic State of Iraq and the Levant (ISIL)
8559,0,0,0.0,1,0,3,14,205,0,6,1.0,-9,0.0,Donetsk People's Republic
8560,0,1,0.0,1,1,3,20,6,0,6,3.0,0,0.0,Tehrik-i-Taliban Pakistan (TTP)
8561,0,0,1.0,1,0,3,3,1574,0,6,0.0,-9,0.0,Muslim extremists
8562,0,0,0.0,1,0,3,3,330,0,6,3.0,1,0.0,Al-Qaida in the Arabian Peninsula (AQAP)
8563,0,0,1.0,1,0,3,1,1557,0,6,0.0,1,0.0,Corsican National Liberation Front (FLNC)
8564,0,0,1.0,1,0,6,7,162,0,5,0.0,1,1.0,Donetsk People's Republic
8565,0,0,0.0,1,0,3,1,4076,0,6,0.0,1,0.0,Manuel Rodriguez Patriotic Front (FPMR)
8566,0,0,0.0,0,0,1,3,2432,0,9,0.0,0,0.0,Palestinians
8567,0,0,0.0,1,0,3,14,801,0,6,0.0,1,0.0,Muslim extremists
8568,0,0,0.0,1,0,2,12,162,0,6,0.0,0,0.0,Donetsk People's Republic
8569,0,0,0.0,0,0,3,4,2685,0,6,0.0,1,0.0,Irish Republican Army (IRA)
8570,0,0,0.0,1,0,7,1,2107,0,8,0.0,1,0.0,Communist Party of India - Maoist (CPI-Maoist)
8571,0,0,0.0,1,0,3,3,2663,0,6,0.0,1,0.0,Farabundo Marti National Liberation Front (FMLN)
8572,0,0,1.0,1,0,3,14,1327,0,6,2.0,1,0.0,Houthi extremists (Ansar Allah)
8573,0,0,0.0,1,0,3,3,407,0,6,0.0,1,0.0,African National Congress (South Africa)
8574,0,0,0.0,1,0,3,4,5173,0,6,1.0,0,0.0,New People's Army (NPA)
8575,0,0,0.0,1,0,3,21,2659,0,6,0.0,1,0.0,Manuel Rodriguez Patriotic Front (FPMR)
8576,1,0,0.0,1,0,6,14,136,0,5,0.0,1,1.0,Abu Sayyaf Group (ASG)
8577,0,0,1.0,1,0,3,14,761,0,6,2.0,0,0.0,Al-Qaida in Iraq
8578,0,0,0.0,1,0,3,6,498,0,6,0.0,-9,0.0,Muslim extremists
8579,0,0,0.0,1,0,3,4,48,0,6,0.0,0,0.0,New People's Army (NPA)
8580,0,0,0.0,1,0,6,4,2660,0,5,1.0,1,1.0,Nicaraguan Democratic Force (FDN)
8581,0,0,0.0,1,0,3,2,7228,0,6,0.0,1,0.0,Tupac Amaru Revolutionary Movement (MRTA)
8582,0,0,0.0,1,0,2,4,1005,0,5,4.0,0,0.0,Al-Qaida in the Arabian Peninsula (AQAP)
8583,0,0,0.0,1,0,2,3,175,0,5,0.0,1,0.0,New People's Army (NPA)
8584,0,1,0.0,1,0,3,4,48,0,6,1.0,1,0.0,National Liberation Army of Colombia (ELN)
8585,0,0,1.0,1,0,2,14,27,0,5,2.0,1,0.0,Fulani extremists
8586,0,0,1.0,1,0,3,14,13,0,6,7.0,-9,0.0,Al-Qaida in Iraq
8587,0,0,0.0,1,0,3,1,6146,0,6,0.0,1,0.0,Shining Path (SL)
8588,1,0,0.0,1,0,6,14,42,0,9,4.0,1,1.0,Abu Sayyaf Group (ASG)
8589,0,0,0.0,1,0,3,1,508,0,6,0.0,1,0.0,African National Congress (South Africa)
8590,0,0,0.0,1,0,2,14,6256,0,5,6.0,0,0.0,Shining Path (SL)
8591,0,0,0.0,1,0,3,18,2344,0,6,0.0,1,0.0,Corsican National Liberation Front (FLNC)
8592,0,1,0.0,1,0,3,4,2977,0,6,2.0,1,0.0,Houthi extremists (Ansar Allah)
8593,0,0,0.0,1,0,6,3,6611,0,5,0.0,0,1.0,Sikh Extremists
8594,0,0,0.0,1,0,3,4,5594,0,6,0.0,1,0.0,Palestinians
8595,0,0,0.0,1,0,3,3,6031,0,5,1.0,1,0.0,Revolutionary Armed Forces of Colombia (FARC)
8596,0,0,0.0,1,0,3,14,5409,0,6,1.0,1,0.0,Nicaraguan Democratic Force (FDN)
8597,1,0,0.0,1,0,1,2,6722,0,5,1.0,0,1.0,Taliban
8598,0,1,1.0,1,0,2,19,56,0,8,0.0,1,0.0,Revolutionary Armed Forces of Colombia (FARC)
8599,0,0,0.0,1,1,3,3,6960,0,6,5.0,1,0.0,Tehrik-i-Taliban Pakistan (TTP)
8600,0,0,0.0,1,0,2,4,767,0,6,1.0,-9,0.0,Islamic State of Iraq and the Levant (ISIL)
8601,0,0,0.0,1,0,3,3,5618,0,6,1.0,1,0.0,Palestinians
8602,0,0,0.0,1,0,3,1,2480,0,6,0.0,1,0.0,Corsican National Liberation Front (FLNC)
8603,0,0,0.0,1,0,2,4,3184,0,5,1.0,0,0.0,Irish Republican Army (IRA)
8604,0,0,0.0,0,0,3,3,85,0,6,0.0,0,0.0,Maoists
8605,0,0,0.0,1,0,1,4,3200,0,5,1.0,0,0.0,Irish Republican Army (IRA)
8606,1,0,0.0,1,0,6,2,2625,0,9,1.0,0,1.0,Donetsk People's Republic
8607,0,0,1.0,1,0,3,14,1327,0,6,3.0,1,0.0,Houthi extremists (Ansar Allah)
8608,0,0,1.0,1,0,3,21,700,0,6,0.0,1,0.0,Islamic State of Iraq and the Levant (ISIL)
8609,0,0,0.0,1,0,3,1,2346,0,6,0.0,1,0.0,Corsican National Liberation Front (FLNC)
8610,0,0,0.0,1,0,3,3,85,0,6,5.0,-9,0.0,Houthi extremists (Ansar Allah)
8611,0,0,0.0,0,0,3,22,6908,0,6,0.0,0,0.0,Tehrik-i-Taliban Pakistan (TTP)
8612,0,0,0.0,1,0,3,1,801,0,6,0.0,1,0.0,Corsican National Liberation Front (FLNC)
8613,0,0,1.0,1,0,7,8,5238,0,8,0.0,1,0.0,New People's Army (NPA)
8614,0,0,0.0,1,0,3,3,803,0,6,0.0,1,0.0,Irish Republican Army (IRA)
8615,0,0,0.0,1,0,7,1,6263,0,5,1.0,1,0.0,Shining Path (SL)
8616,0,0,0.0,1,0,2,3,55,0,5,2.0,1,0.0,Tupac Amaru Revolutionary Movement (MRTA)
8617,0,0,0.0,1,0,5,10,7320,0,5,0.0,1,0.0,Tupac Amaru Revolutionary Movement (MRTA)
8618,0,0,1.0,1,0,2,14,27,0,5,3.0,-9,0.0,Fulani extremists
8619,0,0,1.0,1,0,7,8,51,0,8,0.0,1,0.0,Boko Haram
8620,0,0,0.0,1,0,3,19,2098,0,6,0.0,1,0.0,Communist Party of India - Maoist (CPI-Maoist)
8621,0,0,0.0,1,0,3,8,7047,0,6,0.0,1,0.0,Tehrik-i-Taliban Pakistan (TTP)
8622,0,0,0.0,0,0,3,14,5698,0,6,0.0,1,0.0,Palestinians
8623,0,0,0.0,1,0,3,3,5940,0,6,15.0,1,0.0,Revolutionary Armed Forces of Colombia (FARC)
8624,0,0,0.0,0,0,3,21,2710,0,6,0.0,1,0.0,Manuel Rodriguez Patriotic Front (FPMR)
8625,0,0,0.0,1,0,3,1,1514,0,6,1.0,1,0.0,Basque Fatherland and Freedom (ETA)
8626,0,0,0.0,0,0,3,21,4915,0,6,0.0,1,0.0,National Liberation Army of Colombia (ELN)
8627,0,0,0.0,1,0,2,4,12,0,5,1.0,1,0.0,National Liberation Army of Colombia (ELN)
8628,1,0,0.0,1,0,6,7,825,0,5,1.0,0,1.0,Al-Qaida in Iraq
8629,0,0,0.0,1,0,2,4,990,0,5,3.0,-9,0.0,Al-Qaida in the Arabian Peninsula (AQAP)
8630,0,0,0.0,1,0,1,2,3876,0,5,1.0,0,0.0,Liberation Tigers of Tamil Eelam (LTTE)
8631,0,0,0.0,1,0,3,4,48,0,6,2.0,-9,0.0,Houthi extremists (Ansar Allah)
8632,0,0,0.0,1,0,3,1,585,0,6,0.0,1,0.0,African National Congress (South Africa)
8633,0,0,1.0,1,0,5,10,2804,0,5,0.0,1,0.0,Tupac Amaru Revolutionary Movement (MRTA)
8634,1,1,0.0,1,0,6,15,4623,0,5,1.0,0,1.0,Muslim extremists
8635,0,0,1.0,1,0,3,14,2350,0,6,0.0,1,0.0,Corsican National Liberation Front (FLNC)
8636,0,1,0.0,1,0,2,4,3594,0,5,0.0,-9,0.0,Kurdistan Workers' Party (PKK)
8637,0,0,0.0,1,0,3,3,549,0,6,0.0,0,0.0,African National Congress (South Africa)
8638,0,0,1.0,1,0,3,21,2710,0,6,0.0,1,0.0,Farabundo Marti National Liberation Front (FMLN)
8639,0,0,0.0,1,0,2,4,2789,0,5,19.0,1,0.0,Farabundo Marti National Liberation Front (FMLN)
8640,0,0,0.0,1,0,3,4,1248,0,6,1.0,1,0.0,Al-Shabaab
8641,0,0,0.0,1,1,3,4,6022,0,6,6.0,1,0.0,Revolutionary Armed Forces of Colombia (FARC)
8642,0,0,0.0,1,0,3,19,904,0,6,2.0,1,0.0,Sikh Extremists
8643,0,0,1.0,1,0,3,21,1575,0,6,0.0,1,0.0,Manuel Rodriguez Patriotic Front (FPMR)
8644,0,0,0.0,1,0,3,1,2384,0,6,0.0,1,0.0,Irish Republican Army (IRA)
8645,0,0,0.0,1,0,3,3,560,0,6,0.0,1,0.0,African National Congress (South Africa)
8646,0,0,1.0,1,0,2,19,56,0,8,1.0,1,0.0,Shining Path (SL)
8647,0,0,1.0,1,0,3,4,0,0,2,0.0,-9,0.0,Islamic State of Iraq and the Levant (ISIL)
8648,0,0,0.0,1,1,3,4,998,0,6,13.0,0,0.0,Al-Qaida in the Arabian Peninsula (AQAP)
8649,0,0,1.0,1,0,3,14,735,0,6,14.0,0,0.0,Al-Qaida in Iraq
8650,0,0,0.0,1,0,3,4,7314,0,6,0.0,1,0.0,Tupac Amaru Revolutionary Movement (MRTA)
8651,0,0,1.0,1,0,2,14,27,0,5,1.0,1,0.0,Fulani extremists
8652,0,0,1.0,0,1,3,4,48,0,6,11.0,0,0.0,Islamic State of Iraq and the Levant (ISIL)
8653,0,0,1.0,1,0,3,14,13,0,6,2.0,-9,0.0,Al-Qaida in Iraq
8654,0,1,1.0,1,0,7,1,1557,0,8,0.0,1,0.0,Sikh Extremists
8655,0,0,0.0,1,0,3,2,417,0,6,0.0,1,0.0,African National Congress (South Africa)
8656,1,0,0.0,1,0,6,15,4895,0,5,1.0,0,1.0,National Liberation Army of Colombia (ELN)
8657,0,0,0.0,1,0,1,3,6956,0,5,1.0,0,0.0,Tehrik-i-Taliban Pakistan (TTP)
8658,0,0,0.0,1,0,3,6,498,0,6,0.0,0,0.0,Houthi extremists (Ansar Allah)
8659,1,0,0.0,1,0,6,10,4855,0,6,0.0,1,1.0,National Liberation Army of Colombia (ELN)
8660,0,1,1.0,1,0,2,19,56,0,8,0.0,1,0.0,Revolutionary Armed Forces of Colombia (FARC)
8661,0,0,0.0,0,0,3,1,1570,0,6,1.0,1,0.0,Basque Fatherland and Freedom (ETA)
8662,0,0,0.0,1,0,3,1,2437,0,6,0.0,1,0.0,Corsican National Liberation Front (FLNC)
8663,0,0,0.0,1,0,3,21,5910,0,6,0.0,1,0.0,Revolutionary Armed Forces of Colombia (FARC)
8664,0,0,1.0,1,0,3,2,4805,0,6,0.0,1,0.0,National Liberation Army of Colombia (ELN)
8665,0,0,0.0,1,0,2,3,3761,0,5,1.0,0,0.0,Liberation Tigers of Tamil Eelam (LTTE)
8666,0,0,0.0,1,0,2,4,159,0,5,1.0,1,0.0,Abu Sayyaf Group (ASG)
8667,0,0,0.0,1,0,2,14,6316,0,5,54.0,1,0.0,Shining Path (SL)
8668,0,0,0.0,0,0,1,3,599,0,5,0.0,0,0.0,African National Congress (South Africa)
8669,0,0,0.0,1,0,3,21,4133,0,6,0.0,1,0.0,Manuel Rodriguez Patriotic Front (FPMR)
8670,0,0,0.0,1,0,3,1,4152,0,6,0.0,1,0.0,Manuel Rodriguez Patriotic Front (FPMR)
8671,0,0,0.0,0,0,1,14,5657,0,9,0.0,0,0.0,Palestinians
8672,0,0,1.0,1,0,7,14,3027,0,8,1.0,1,0.0,Houthi extremists (Ansar Allah)
8673,0,0,0.0,1,0,3,4,4952,0,5,2.0,1,0.0,National Liberation Army of Colombia (ELN)
8674,0,0,1.0,1,0,3,21,4143,0,6,0.0,1,0.0,National Liberation Army of Colombia (ELN)
8675,0,0,0.0,1,0,3,10,4160,0,6,0.0,1,0.0,Manuel Rodriguez Patriotic Front (FPMR)
8676,0,0,0.0,1,0,3,14,205,0,6,3.0,-9,0.0,Donetsk People's Republic
8677,0,0,1.0,0,0,2,4,48,0,5,0.0,0,0.0,New People's Army (NPA)
8678,0,0,1.0,1,0,3,15,4139,0,6,0.0,1,0.0,National Liberation Army of Colombia (ELN)
8679,0,0,0.0,1,0,3,14,2368,0,6,0.0,1,0.0,Corsican National Liberation Front (FLNC)
8680,0,0,0.0,1,0,2,14,1332,0,5,13.0,0,0.0,Taliban
8681,0,0,0.0,0,0,3,2,553,0,6,0.0,0,0.0,African National Congress (South Africa)
8682,1,0,0.0,1,0,6,14,2624,0,5,0.0,0,1.0,Donetsk People's Republic
8683,1,0,0.0,1,0,6,2,2997,0,5,1.0,0,1.0,Houthi extremists (Ansar Allah)
8684,0,0,1.0,1,0,7,2,4573,0,8,0.0,1,0.0,Muslim extremists
8685,0,0,1.0,1,0,3,1,2338,0,6,0.0,1,0.0,Corsican National Liberation Front (FLNC)
8686,0,0,0.0,1,0,3,3,1425,0,6,1.0,1,0.0,Basque Fatherland and Freedom (ETA)
8687,0,1,0.0,1,0,6,12,1258,0,5,0.0,1,1.0,Al-Shabaab
8688,0,0,0.0,1,0,3,14,1257,0,6,0.0,1,0.0,Islamic State of Iraq and the Levant (ISIL)
8689,0,0,1.0,1,0,3,14,1327,0,6,1.0,1,0.0,Houthi extremists (Ansar Allah)
8690,0,0,0.0,1,0,3,2,3128,0,6,0.0,1,0.0,Irish Republican Army (IRA)
8691,0,0,0.0,1,0,2,4,2660,0,5,1.0,1,0.0,Farabundo Marti National Liberation Front (FMLN)
8692,0,0,0.0,1,0,1,1,6507,0,5,2.0,0,0.0,Sikh Extremists
8693,0,0,0.0,1,0,3,14,2453,0,6,0.0,1,0.0,Corsican National Liberation Front (FLNC)
8694,0,0,0.0,1,0,2,4,2660,0,5,33.0,1,0.0,Nicaraguan Democratic Force (FDN)
8695,0,0,1.0,1,0,7,3,1840,0,8,0.0,1,0.0,Boko Haram
8696,0,0,1.0,1,0,3,21,2728,0,6,0.0,1,0.0,Farabundo Marti National Liberation Front (FMLN)
8697,0,0,0.0,1,0,1,14,3105,0,5,1.0,0,0.0,Irish Republican Army (IRA)
8698,0,0,0.0,1,0,3,14,1327,0,6,1.0,-9,0.0,Donetsk People's Republic
8699,0,0,0.0,1,0,1,1,1473,0,5,1.0,0,0.0,Basque Fatherland and Freedom (ETA)
8700,0,0,0.0,1,0,1,2,6314,0,5,1.0,0,0.0,Shining Path (SL)
8701,0,0,0.0,1,1,3,4,402,0,6,6.0,-9,0.0,Islamic State of Iraq and the Levant (ISIL)
8702,0,0,0.0,1,0,2,2,2119,0,5,0.0,-9,0.0,Communist Party of India - Maoist (CPI-Maoist)
8703,0,0,0.0,1,0,3,7,167,0,6,0.0,1,0.0,Muslim extremists
8704,0,0,0.0,1,0,1,2,7049,0,5,1.0,0,0.0,Tehrik-i-Taliban Pakistan (TTP)
8705,0,0,1.0,1,0,3,14,730,0,6,25.0,-9,0.0,Boko Haram
8706,0,0,0.0,1,0,3,4,330,0,6,1.0,1,0.0,Muslim extremists
8707,0,0,0.0,1,0,2,3,12,0,6,5.0,0,0.0,Communist Party of India - Maoist (CPI-Maoist)
8708,0,0,0.0,1,0,7,14,1629,0,8,0.0,1,0.0,Basque Fatherland and Freedom (ETA)
8709,0,0,1.0,1,0,2,14,27,0,5,6.0,1,0.0,Fulani extremists
8710,0,0,1.0,1,0,3,1,1077,0,6,0.0,1,0.0,Shining Path (SL)
8711,0,0,0.0,1,0,3,1,4648,0,6,0.0,-9,0.0,Muslim extremists
8712,0,1,0.0,1,0,3,3,1956,0,6,3.0,0,0.0,Communist Party of India - Maoist (CPI-Maoist)
8713,0,0,0.0,1,0,2,4,644,0,5,1.0,1,0.0,Kurdistan Workers' Party (PKK)
8714,0,0,0.0,1,0,3,3,2769,0,5,1.0,1,0.0,Farabundo Marti National Liberation Front (FMLN)
8715,0,0,0.0,1,0,3,19,5609,0,5,0.0,1,0.0,Palestinians
8716,0,0,0.0,1,0,7,15,318,1,8,0.0,1,0.0,Muslim extremists
8717,0,0,0.0,1,0,2,3,175,0,5,2.0,0,0.0,Boko Haram
8718,0,0,0.0,1,0,2,14,2794,0,5,3.0,1,0.0,Farabundo Marti National Liberation Front (FMLN)
8719,0,0,0.0,1,0,1,2,5935,0,5,1.0,0,0.0,Revolutionary Armed Forces of Colombia (FARC)
8720,0,0,0.0,1,0,2,3,1808,0,5,1.0,-9,0.0,Boko Haram
8721,0,1,0.0,1,0,2,4,402,0,6,1.0,0,0.0,Al-Shabaab
8722,0,0,0.0,1,0,2,4,681,0,5,7.0,1,0.0,Farabundo Marti National Liberation Front (FMLN)
8723,0,0,0.0,0,0,3,20,6,0,6,0.0,0,0.0,Revolutionary Armed Forces of Colombia (FARC)
8724,0,0,0.0,1,0,7,1,2352,0,8,0.0,1,0.0,Corsican National Liberation Front (FLNC)
8725,0,0,0.0,1,0,2,14,13,0,5,12.0,1,0.0,Houthi extremists (Ansar Allah)
8726,0,0,0.0,1,0,3,7,7252,0,6,0.0,1,0.0,Tupac Amaru Revolutionary Movement (MRTA)
8727,0,0,0.0,1,0,3,3,899,0,6,0.0,1,0.0,Basque Fatherland and Freedom (ETA)
8728,0,0,0.0,1,0,3,21,4188,0,6,0.0,1,0.0,Manuel Rodriguez Patriotic Front (FPMR)
8729,0,0,0.0,1,0,2,3,681,0,5,1.0,1,0.0,Kurdistan Workers' Party (PKK)
8730,0,0,0.0,0,0,3,1,122,0,6,0.0,0,0.0,Abu Sayyaf Group (ASG)
8731,0,0,0.0,1,0,2,3,2432,0,5,1.0,0,0.0,Liberation Tigers of Tamil Eelam (LTTE)
8732,0,0,0.0,1,0,7,16,1694,0,8,0.0,1,0.0,Basque Fatherland and Freedom (ETA)
8733,0,1,0.0,1,0,3,19,152,0,6,0.0,1,0.0,Abu Sayyaf Group (ASG)
8734,0,0,0.0,1,0,3,21,462,0,6,0.0,1,0.0,African National Congress (South Africa)
8735,0,0,0.0,1,0,1,3,1522,0,5,1.0,0,0.0,Basque Fatherland and Freedom (ETA)
8736,0,0,0.0,1,0,2,14,6,0,5,5.0,0,0.0,Maoists
8737,1,0,0.0,1,0,2,14,2748,0,5,120.0,1,1.0,Farabundo Marti National Liberation Front (FMLN)
8738,0,0,0.0,1,0,7,7,1335,0,5,0.0,1,0.0,Al-Shabaab
8739,0,0,0.0,1,0,2,3,225,0,5,1.0,0,0.0,Abu Sayyaf Group (ASG)
8740,0,0,0.0,1,0,3,4,3828,0,6,16.0,1,0.0,Liberation Tigers of Tamil Eelam (LTTE)
8741,0,0,1.0,1,0,2,1,4881,0,5,2.0,1,0.0,New People's Army (NPA)
8742,0,0,1.0,1,0,3,1,2354,0,6,0.0,1,0.0,Corsican National Liberation Front (FLNC)
8743,1,0,0.0,1,0,6,8,177,0,5,0.0,0,1.0,Abu Sayyaf Group (ASG)
8744,0,0,1.0,1,0,3,1,4064,0,6,0.0,1,0.0,Manuel Rodriguez Patriotic Front (FPMR)
8745,1,0,0.0,1,0,6,1,5855,0,5,0.0,0,1.0,Revolutionary Armed Forces of Colombia (FARC)
8746,0,0,0.0,1,0,6,14,197,0,9,2.0,0,1.0,Abu Sayyaf Group (ASG)
8747,0,0,0.0,1,0,3,1,427,0,6,0.0,1,0.0,Tupac Amaru Revolutionary Movement (MRTA)
8748,0,0,0.0,1,0,3,21,1575,0,6,0.0,1,0.0,Farabundo Marti National Liberation Front (FMLN)
8749,0,0,0.0,1,1,3,4,48,0,6,11.0,1,0.0,Islamic State of Iraq and the Levant (ISIL)
8750,0,0,0.0,1,0,3,3,330,0,6,3.0,1,0.0,Taliban
8751,0,1,0.0,0,0,3,4,48,0,6,0.0,0,0.0,Maoists
8752,0,0,1.0,1,0,3,21,4063,0,6,0.0,1,0.0,Manuel Rodriguez Patriotic Front (FPMR)
8753,0,0,0.0,1,0,2,4,2660,0,5,59.0,1,0.0,Nicaraguan Democratic Force (FDN)
8754,0,0,0.0,1,0,2,4,4594,0,9,0.0,0,0.0,Muslim extremists
8755,0,0,0.0,1,0,2,4,3906,0,5,0.0,1,0.0,Liberation Tigers of Tamil Eelam (LTTE)
8756,0,0,0.0,1,0,2,4,1431,0,5,0.0,1,0.0,Basque Fatherland and Freedom (ETA)
8757,0,0,1.0,1,0,2,14,3086,0,5,0.0,0,0.0,Irish Republican Army (IRA)
8758,0,0,0.0,0,0,3,19,6800,0,6,1.0,1,0.0,Taliban
8759,0,1,0.0,1,0,3,3,85,0,6,2.0,1,0.0,Revolutionary Armed Forces of Colombia (FARC)
8760,0,0,0.0,1,0,3,14,1327,0,6,3.0,-9,0.0,Houthi extremists (Ansar Allah)
8761,0,0,0.0,1,0,2,14,2881,0,5,0.0,1,0.0,Fulani extremists
8762,0,0,0.0,1,1,3,14,13,0,6,62.0,1,0.0,Tehrik-i-Taliban Pakistan (TTP)
8763,0,0,0.0,1,0,1,3,1630,0,5,1.0,0,0.0,Basque Fatherland and Freedom (ETA)
8764,0,0,0.0,1,0,3,3,1466,0,5,2.0,1,0.0,Basque Fatherland and Freedom (ETA)
8765,0,0,0.0,1,1,3,4,3923,0,6,109.0,1,0.0,Liberation Tigers of Tamil Eelam (LTTE)
8766,0,0,0.0,1,0,3,1,6534,0,6,0.0,1,0.0,Sikh Extremists
8767,0,0,0.0,1,0,3,14,5682,0,6,0.0,1,0.0,Palestinians
8768,0,0,0.0,1,0,7,1,3556,0,8,0.0,1,0.0,Kurdistan Workers' Party (PKK)
8769,0,0,0.0,1,0,3,14,13,0,6,2.0,-9,0.0,Islamic State of Iraq and the Levant (ISIL)
8770,0,0,0.0,1,0,3,3,419,0,6,0.0,1,0.0,African National Congress (South Africa)
8771,0,0,1.0,1,0,3,1,4773,0,6,0.0,1,0.0,National Liberation Army of Colombia (ELN)
8772,0,0,1.0,1,0,3,19,24,0,6,0.0,1,0.0,Abu Sayyaf Group (ASG)
8773,0,1,0.0,1,0,3,4,48,0,6,2.0,1,0.0,Taliban
8774,0,0,0.0,1,0,3,7,7199,0,6,0.0,1,0.0,Tupac Amaru Revolutionary Movement (MRTA)
8775,0,0,0.0,1,0,2,4,3141,0,5,1.0,0,0.0,Irish Republican Army (IRA)
8776,0,0,0.0,1,0,3,3,4868,0,6,0.0,1,0.0,National Liberation Army of Colombia (ELN)
8777,0,0,1.0,1,0,2,19,56,0,8,0.0,1,0.0,Tupac Amaru Revolutionary Movement (MRTA)
8778,0,0,1.0,1,0,3,21,4800,0,6,0.0,1,0.0,National Liberation Army of Colombia (ELN)
8779,0,0,1.0,1,0,2,14,3079,0,5,0.0,0,0.0,Irish Republican Army (IRA)
8780,1,1,0.0,1,0,1,2,6968,0,6,9.0,1,1.0,Tehrik-i-Taliban Pakistan (TTP)
8781,0,0,1.0,1,0,3,21,2696,0,6,0.0,1,0.0,Farabundo Marti National Liberation Front (FMLN)
8782,0,0,0.0,1,1,3,4,48,0,6,1.0,0,0.0,Islamic State of Iraq and the Levant (ISIL)
8783,0,0,0.0,1,0,7,14,2193,0,8,0.0,1,0.0,Communist Party of India - Maoist (CPI-Maoist)
8784,0,0,1.0,1,0,3,1,1847,0,6,0.0,1,0.0,Houthi extremists (Ansar Allah)
8785,0,0,0.0,1,0,3,3,5180,0,6,1.0,-9,0.0,New People's Army (NPA)
8786,0,0,0.0,1,0,2,4,4646,0,5,2.0,1,0.0,Muslim extremists
8787,0,0,1.0,1,0,3,21,1575,0,6,0.0,1,0.0,Farabundo Marti National Liberation Front (FMLN)
8788,0,0,0.0,1,0,2,4,803,0,5,30.0,1,0.0,Farabundo Marti National Liberation Front (FMLN)
8789,0,0,0.0,1,0,2,14,5530,0,8,0.0,1,0.0,Palestinians
8790,0,0,0.0,1,0,3,19,4619,0,6,4.0,1,0.0,Muslim extremists
8791,0,0,1.0,1,0,2,3,4346,0,5,2.0,1,0.0,Taliban
8792,0,0,0.0,1,0,3,3,2716,0,6,0.0,1,0.0,Liberation Tigers of Tamil Eelam (LTTE)
8793,0,0,0.0,1,0,3,3,7347,0,6,1.0,1,0.0,Tupac Amaru Revolutionary Movement (MRTA)
8794,0,0,0.0,1,0,2,1,3557,0,5,0.0,1,0.0,Kurdistan Workers' Party (PKK)
8795,0,0,0.0,1,0,3,8,6926,0,6,0.0,1,0.0,Tehrik-i-Taliban Pakistan (TTP)
8796,0,0,1.0,1,0,3,1,6349,0,6,0.0,1,0.0,Tupac Amaru Revolutionary Movement (MRTA)
8797,0,0,0.0,1,0,7,1,387,0,8,0.0,1,0.0,Islamic State of Iraq and the Levant (ISIL)
8798,0,0,1.0,1,1,3,4,3459,0,6,9.0,-9,0.0,Islamic State of Iraq and the Levant (ISIL)
8799,0,0,0.0,0,0,3,19,2617,0,6,0.0,1,0.0,National Liberation Army of Colombia (ELN)
8800,1,0,0.0,1,0,6,17,305,0,5,31.0,0,1.0,Islamic State of Iraq and the Levant (ISIL)
8801,0,0,0.0,1,0,3,3,1549,0,6,0.0,1,0.0,Basque Fatherland and Freedom (ETA)
8802,0,0,0.0,1,0,3,2,556,0,6,1.0,1,0.0,African National Congress (South Africa)
8803,0,0,0.0,1,0,7,1,3161,0,8,0.0,1,0.0,Irish Republican Army (IRA)
8804,0,0,0.0,0,0,2,3,2143,0,5,0.0,1,0.0,Communist Party of India - Maoist (CPI-Maoist)
8805,1,0,0.0,1,0,6,2,230,0,5,0.0,0,1.0,Abu Sayyaf Group (ASG)
8806,0,0,1.0,1,0,3,1,2553,0,6,0.0,1,0.0,Tupac Amaru Revolutionary Movement (MRTA)
8807,1,0,1.0,1,0,6,1,4823,0,5,0.0,0,1.0,National Liberation Army of Colombia (ELN)
8808,0,0,0.0,1,0,2,14,2284,0,5,1.0,0,0.0,Liberation Tigers of Tamil Eelam (LTTE)
8809,0,0,0.0,1,0,2,4,2660,0,5,1.0,1,0.0,Farabundo Marti National Liberation Front (FMLN)
8810,0,1,0.0,1,0,6,19,2135,0,5,0.0,1,1.0,Communist Party of India - Maoist (CPI-Maoist)
8811,0,1,0.0,0,0,3,2,729,0,6,0.0,0,0.0,Al-Qaida in Iraq
8812,0,0,0.0,1,0,1,14,5633,0,5,1.0,1,0.0,Palestinians
8813,0,0,0.0,1,0,3,14,4190,0,6,0.0,1,0.0,Manuel Rodriguez Patriotic Front (FPMR)
8814,0,0,0.0,1,0,2,3,1671,0,5,4.0,0,0.0,Basque Fatherland and Freedom (ETA)
8815,0,0,0.0,1,0,7,1,2974,0,5,0.0,-9,0.0,Houthi extremists (Ansar Allah)
8816,0,1,1.0,1,0,3,4,330,0,6,3.0,1,0.0,Al-Qaida in the Arabian Peninsula (AQAP)
8817,0,0,1.0,1,0,3,1,1077,0,6,0.0,1,0.0,Tupac Amaru Revolutionary Movement (MRTA)
8818,0,0,1.0,1,0,3,14,27,0,6,0.0,1,0.0,Islamic State of Iraq and the Levant (ISIL)
8819,0,0,0.0,1,0,2,4,2670,0,5,7.0,1,0.0,Shining Path (SL)
8820,0,0,0.0,1,0,3,16,453,0,6,0.0,1,0.0,Revolutionary Armed Forces of Colombia (FARC)
8821,0,0,1.0,1,0,3,4,3925,0,6,1.0,1,0.0,Liberation Tigers of Tamil Eelam (LTTE)
8822,0,0,1.0,1,0,3,4,2560,0,6,0.0,-9,0.0,Donetsk People's Republic
8823,0,0,0.0,1,0,3,4,5549,0,6,3.0,1,0.0,Palestinians
8824,0,0,1.0,1,0,3,14,3442,0,6,0.0,-9,0.0,Muslim extremists
8825,0,1,0.0,1,0,6,14,1978,0,5,1.0,0,1.0,Communist Party of India - Maoist (CPI-Maoist)
8826,0,0,0.0,1,0,1,3,1048,0,5,1.0,-9,0.0,Al-Qaida in the Arabian Peninsula (AQAP)
8827,0,0,0.0,1,0,2,6,5950,0,8,0.0,1,0.0,Revolutionary Armed Forces of Colombia (FARC)
8828,0,0,0.0,1,0,2,2,958,0,5,1.0,0,0.0,Al-Qaida in the Arabian Peninsula (AQAP)
8829,0,0,1.0,1,0,3,1,1769,0,6,0.0,1,0.0,Tupac Amaru Revolutionary Movement (MRTA)
8830,0,1,0.0,1,0,2,14,5345,0,5,0.0,1,0.0,Nicaraguan Democratic Force (FDN)
8831,0,0,1.0,1,0,3,2,4413,0,6,0.0,1,0.0,Maoists
8832,0,0,0.0,1,0,2,3,1574,0,5,0.0,1,0.0,Kurdistan Workers' Party (PKK)
8833,0,0,1.0,1,0,7,2,4340,0,5,0.0,-9,0.0,Maoists
8834,0,0,0.0,1,0,3,3,4201,0,6,0.0,1,0.0,Manuel Rodriguez Patriotic Front (FPMR)
8835,0,1,0.0,1,0,6,14,1216,0,5,36.0,0,1.0,Al-Shabaab
8836,0,0,0.0,1,0,2,4,5593,0,8,1.0,1,0.0,Palestinians
8837,0,0,0.0,1,0,3,2,1523,0,6,0.0,1,0.0,Basque Fatherland and Freedom (ETA)
8838,0,0,0.0,0,1,3,4,48,0,6,3.0,0,0.0,Islamic State of Iraq and the Levant (ISIL)
8839,0,0,1.0,1,0,3,14,13,0,6,5.0,1,0.0,Islamic State of Iraq and the Levant (ISIL)
8840,1,0,0.0,1,0,6,1,4575,0,5,0.0,1,1.0,Muslim extremists
8841,0,0,0.0,1,0,6,7,776,0,5,0.0,0,1.0,Al-Qaida in Iraq
8842,0,0,0.0,1,0,1,10,6473,0,5,1.0,0,0.0,Sikh Extremists
8843,0,0,0.0,1,1,3,3,767,0,6,7.0,0,0.0,Taliban
8844,0,0,0.0,1,0,1,17,6607,0,5,1.0,0,0.0,Sikh Extremists
8845,0,0,1.0,1,0,2,14,3662,0,5,0.0,1,0.0,Shining Path (SL)
8846,0,0,0.0,1,0,3,3,3931,0,6,0.0,1,0.0,Manuel Rodriguez Patriotic Front (FPMR)
8847,0,1,0.0,1,0,2,3,4331,0,5,1.0,0,0.0,Maoists
8848,0,0,0.0,1,0,2,3,4865,0,6,0.0,1,0.0,National Liberation Army of Colombia (ELN)
8849,0,1,0.0,1,1,3,4,3013,0,6,3.0,1,0.0,Houthi extremists (Ansar Allah)
8850,0,0,0.0,1,0,3,22,3001,0,6,0.0,1,0.0,Houthi extremists (Ansar Allah)
8851,0,0,0.0,0,0,1,15,4566,0,9,0.0,0,0.0,Muslim extremists
8852,0,0,0.0,1,0,2,4,194,0,5,2.0,0,0.0,Abu Sayyaf Group (ASG)
8853,0,0,0.0,1,0,3,4,3796,0,6,5.0,1,0.0,Liberation Tigers of Tamil Eelam (LTTE)
8854,0,0,0.0,1,0,2,14,908,0,5,1.0,0,0.0,Muslim extremists
8855,0,0,0.0,1,1,3,4,162,0,6,1.0,0,0.0,Al-Shabaab
8856,0,1,0.0,1,0,7,16,5084,0,8,0.0,1,0.0,New People's Army (NPA)
8857,0,1,0.0,1,0,3,11,3789,0,6,37.0,1,0.0,Liberation Tigers of Tamil Eelam (LTTE)
8858,0,0,0.0,1,0,2,18,5589,0,8,0.0,1,0.0,Palestinians
8859,0,0,0.0,1,0,2,3,3638,0,5,0.0,1,0.0,Kurdistan Workers' Party (PKK)
8860,1,0,0.0,1,0,6,14,4451,0,9,1.0,0,1.0,Maoists
8861,0,0,0.0,1,0,1,3,6470,0,5,2.0,0,0.0,Sikh Extremists
8862,0,0,0.0,1,0,1,3,974,0,5,2.0,1,0.0,Al-Qaida in the Arabian Peninsula (AQAP)
8863,0,1,1.0,1,0,2,4,2660,0,5,1.0,1,0.0,Nicaraguan Democratic Force (FDN)
8864,0,0,0.0,1,0,2,14,2912,0,5,12.0,1,0.0,Nicaraguan Democratic Force (FDN)
8865,0,0,0.0,1,0,3,19,2419,0,6,0.0,1,0.0,Corsican National Liberation Front (FLNC)
8866,0,0,1.0,1,0,3,2,1537,0,6,0.0,1,0.0,Basque Fatherland and Freedom (ETA)
8867,0,0,0.0,1,0,2,4,803,0,5,1.0,1,0.0,Kurdistan Workers' Party (PKK)
8868,0,0,0.0,1,0,3,3,1538,0,6,0.0,1,0.0,Irish Republican Army (IRA)
8869,0,0,0.0,1,0,3,19,1458,0,6,0.0,1,0.0,Basque Fatherland and Freedom (ETA)
8870,0,0,0.0,1,0,3,4,330,0,6,0.0,1,0.0,Al-Shabaab
8871,0,0,1.0,1,0,2,14,27,0,5,2.0,0,0.0,Fulani extremists
8872,0,0,1.0,1,0,2,4,6724,0,5,9.0,1,0.0,Taliban
8873,0,0,1.0,1,0,7,1,4934,0,8,0.0,1,0.0,National Liberation Army of Colombia (ELN)
8874,0,0,1.0,1,0,2,2,5218,0,5,0.0,1,0.0,New People's Army (NPA)
8875,0,0,0.0,1,0,2,14,2819,0,5,1.0,1,0.0,Farabundo Marti National Liberation Front (FMLN)
8876,0,0,0.0,1,0,3,19,3297,0,6,1.0,1,0.0,Manuel Rodriguez Patriotic Front (FPMR)
8877,0,0,0.0,0,0,3,2,6441,0,6,0.0,0,0.0,Sikh Extremists
8878,0,1,0.0,1,0,2,12,5879,0,5,0.0,1,0.0,Revolutionary Armed Forces of Colombia (FARC)
8879,0,1,0.0,0,0,3,20,6,0,6,0.0,0,0.0,Muslim extremists
8880,0,0,0.0,1,0,1,4,3068,0,5,1.0,0,0.0,Irish Republican Army (IRA)
8881,0,1,0.0,1,0,3,14,205,0,6,0.0,1,0.0,Donetsk People's Republic
8882,0,0,0.0,1,0,2,3,3179,0,5,1.0,0,0.0,Irish Republican Army (IRA)
8883,0,0,0.0,1,0,2,2,1280,0,5,0.0,0,0.0,Al-Shabaab
8884,0,1,0.0,1,0,3,21,5829,0,6,0.0,1,0.0,Revolutionary Armed Forces of Colombia (FARC)
8885,0,0,0.0,1,0,3,19,1619,0,6,2.0,1,0.0,Palestinians
8886,0,0,0.0,1,1,3,4,6714,0,6,10.0,1,0.0,Taliban
8887,0,0,0.0,1,0,2,4,2660,0,5,21.0,1,0.0,Nicaraguan Democratic Force (FDN)
8888,0,1,0.0,1,0,7,1,1976,0,5,0.0,1,0.0,Maoists
8889,0,1,0.0,1,0,3,4,48,0,6,1.0,0,0.0,Kurdistan Workers' Party (PKK)
8890,0,0,0.0,1,0,3,4,172,0,6,0.0,-9,0.0,Houthi extremists (Ansar Allah)
8891,0,0,0.0,1,0,2,14,6194,0,5,6.0,1,0.0,Shining Path (SL)
8892,0,0,0.0,1,0,3,2,7279,0,6,0.0,1,0.0,Tupac Amaru Revolutionary Movement (MRTA)
8893,0,0,0.0,1,0,7,1,3077,0,8,0.0,1,0.0,Irish Republican Army (IRA)
8894,0,0,1.0,1,0,3,14,278,0,6,0.0,0,0.0,Abu Sayyaf Group (ASG)
8895,0,0,1.0,0,0,2,3,167,0,5,0.0,0,0.0,Maoists
8896,0,0,0.0,1,0,3,14,4155,0,6,0.0,1,0.0,Manuel Rodriguez Patriotic Front (FPMR)
8897,0,0,0.0,1,0,2,14,13,0,5,4.0,0,0.0,Al-Shabaab
8898,0,0,0.0,1,0,3,2,1289,0,6,0.0,-9,0.0,Al-Shabaab
8899,0,0,0.0,1,0,1,3,1521,0,5,1.0,0,0.0,Basque Fatherland and Freedom (ETA)
8900,0,0,0.0,1,0,2,14,2872,0,5,14.0,0,0.0,Fulani extremists
8901,0,1,0.0,1,0,1,3,6780,0,5,1.0,0,0.0,Taliban
8902,0,0,0.0,1,0,8,3,330,0,2,0.0,1,0.0,Palestinians
8903,0,0,1.0,1,0,3,2,219,0,6,7.0,0,0.0,Al-Qaida in Iraq
8904,0,0,0.0,1,0,1,4,1019,0,5,1.0,-9,0.0,Al-Qaida in the Arabian Peninsula (AQAP)
8905,0,0,0.0,0,0,3,14,1535,0,6,0.0,1,0.0,Manuel Rodriguez Patriotic Front (FPMR)
8906,0,0,0.0,1,0,2,14,2069,0,5,2.0,0,0.0,Communist Party of India - Maoist (CPI-Maoist)
8907,0,0,0.0,1,0,3,4,48,0,6,10.0,1,0.0,Al-Shabaab
8908,0,1,0.0,1,0,2,3,6783,0,5,1.0,1,0.0,Taliban
8909,0,0,0.0,1,0,1,3,3573,0,5,1.0,0,0.0,Kurdistan Workers' Party (PKK)
8910,0,1,0.0,1,0,3,4,435,0,6,5.0,1,0.0,African National Congress (South Africa)
8911,0,0,0.0,1,0,3,14,2953,0,6,1.0,1,0.0,Houthi extremists (Ansar Allah)
8912,0,0,0.0,1,0,2,4,2670,0,5,1.0,1,0.0,Farabundo Marti National Liberation Front (FMLN)
8913,0,0,0.0,1,0,2,4,803,0,5,13.0,1,0.0,Liberation Tigers of Tamil Eelam (LTTE)
8914,0,0,0.0,1,0,3,14,4365,0,6,0.0,1,0.0,Maoists
8915,0,1,0.0,1,0,2,4,803,0,5,0.0,1,0.0,Nicaraguan Democratic Force (FDN)
8916,0,0,0.0,1,0,3,1,341,0,6,0.0,1,0.0,Manuel Rodriguez Patriotic Front (FPMR)
8917,0,0,0.0,1,0,3,14,2357,0,6,0.0,1,0.0,Corsican National Liberation Front (FLNC)
8918,0,0,1.0,0,0,2,4,6959,0,5,1.0,0,0.0,Tehrik-i-Taliban Pakistan (TTP)
8919,0,1,0.0,1,0,3,21,453,0,6,0.0,1,0.0,African National Congress (South Africa)
8920,0,0,0.0,1,0,2,14,6253,0,5,0.0,1,0.0,Shining Path (SL)
8921,0,0,0.0,1,0,6,10,4953,0,5,0.0,0,1.0,National Liberation Army of Colombia (ELN)
8922,0,0,0.0,0,0,3,3,85,0,6,0.0,0,0.0,Maoists
8923,0,0,0.0,1,0,2,14,27,0,5,4.0,0,0.0,Fulani extremists
8924,0,1,1.0,1,0,7,1,1557,0,8,0.0,1,0.0,Sikh Extremists
8925,0,0,1.0,1,0,7,14,2435,0,5,0.0,1,0.0,Corsican National Liberation Front (FLNC)
8926,0,0,0.0,1,0,7,19,56,0,8,0.0,1,0.0,Kurdistan Workers' Party (PKK)
8927,0,0,0.0,1,0,3,4,83,0,6,0.0,1,0.0,Abu Sayyaf Group (ASG)
8928,0,0,0.0,1,0,1,14,5818,0,5,3.0,0,0.0,Revolutionary Armed Forces of Colombia (FARC)
8929,0,0,1.0,1,0,3,14,1327,0,6,3.0,-9,0.0,Muslim extremists
8930,0,0,0.0,1,0,2,4,2660,0,5,46.0,1,0.0,Nicaraguan Democratic Force (FDN)
8931,0,0,1.0,1,1,3,14,730,0,6,4.0,1,0.0,Boko Haram
8932,0,0,0.0,1,0,3,1,5989,0,6,0.0,1,0.0,Revolutionary Armed Forces of Colombia (FARC)
8933,0,1,0.0,1,0,2,3,3917,0,5,1.0,-9,0.0,Liberation Tigers of Tamil Eelam (LTTE)
8934,0,0,0.0,1,0,3,14,6784,0,6,0.0,1,0.0,Taliban
8935,0,0,0.0,1,0,2,4,20,0,6,4.0,1,0.0,Boko Haram
8936,0,0,0.0,1,0,2,14,3895,0,5,4.0,0,0.0,Liberation Tigers of Tamil Eelam (LTTE)
8937,0,0,0.0,1,0,6,4,229,0,5,1.0,0,1.0,Abu Sayyaf Group (ASG)
8938,0,0,0.0,1,0,2,4,2660,0,5,7.0,1,0.0,Farabundo Marti National Liberation Front (FMLN)
8939,0,0,1.0,1,0,3,4,12,0,6,3.0,-9,0.0,Al-Qaida in Iraq
8940,0,1,0.0,1,0,3,19,6312,0,5,0.0,1,0.0,Shining Path (SL)
8941,0,0,0.0,1,0,2,2,6814,0,5,2.0,1,0.0,Taliban
8942,0,0,1.0,1,0,3,1,1557,0,6,0.0,1,0.0,Corsican National Liberation Front (FLNC)
8943,0,0,0.0,1,0,3,1,2412,0,6,0.0,1,0.0,Corsican National Liberation Front (FLNC)
8944,0,0,0.0,1,0,3,14,3463,0,2,3.0,1,0.0,Islamic State of Iraq and the Levant (ISIL)
8945,0,0,0.0,1,0,3,4,457,0,6,19.0,1,0.0,African National Congress (South Africa)
8946,0,0,1.0,0,0,3,14,6504,0,6,0.0,1,0.0,Sikh Extremists
8947,0,0,1.0,1,0,3,14,13,0,6,3.0,0,0.0,Islamic State of Iraq and the Levant (ISIL)
8948,0,0,0.0,1,0,1,3,3152,0,5,1.0,0,0.0,Irish Republican Army (IRA)
8949,0,0,0.0,1,0,2,3,803,0,5,4.0,1,0.0,Sikh Extremists
8950,0,0,1.0,1,0,2,14,27,0,5,19.0,1,0.0,Boko Haram
8951,0,0,0.0,0,0,3,1,5982,0,6,0.0,0,0.0,Revolutionary Armed Forces of Colombia (FARC)
8952,0,0,1.0,1,0,3,21,4062,0,6,0.0,1,0.0,Manuel Rodriguez Patriotic Front (FPMR)
8953,0,0,0.0,1,0,3,15,4125,0,6,0.0,1,0.0,Manuel Rodriguez Patriotic Front (FPMR)
8954,0,1,0.0,1,0,3,21,1575,0,6,1.0,1,0.0,Manuel Rodriguez Patriotic Front (FPMR)
8955,0,0,0.0,0,0,2,4,55,0,5,0.0,0,0.0,New People's Army (NPA)
8956,0,0,1.0,1,0,3,9,7249,0,6,1.0,1,0.0,Tupac Amaru Revolutionary Movement (MRTA)
8957,1,0,0.0,1,0,6,14,13,0,5,2.0,0,1.0,Taliban
8958,0,0,1.0,1,0,2,14,27,0,5,0.0,1,0.0,Boko Haram
8959,0,0,1.0,1,0,3,2,1357,0,6,0.0,-9,0.0,Al-Shabaab
8960,0,0,0.0,0,0,3,3,1478,0,6,0.0,1,0.0,Basque Fatherland and Freedom (ETA)
8961,0,0,0.0,0,0,3,20,3738,0,6,0.0,0,0.0,Liberation Tigers of Tamil Eelam (LTTE)
8962,0,1,0.0,1,0,1,3,5537,0,5,1.0,0,0.0,Palestinians
8963,0,0,0.0,1,0,1,14,6257,0,5,1.0,0,0.0,Shining Path (SL)
8964,0,0,0.0,1,0,2,3,6818,0,5,6.0,1,0.0,Taliban
8965,0,0,1.0,1,0,2,14,13,0,5,10.0,0,0.0,Fulani extremists
8966,0,0,0.0,1,0,2,4,803,0,5,0.0,1,0.0,Nicaraguan Democratic Force (FDN)
8967,0,0,0.0,1,0,3,15,4113,0,6,0.0,1,0.0,Manuel Rodriguez Patriotic Front (FPMR)
8968,0,0,0.0,1,0,1,2,5096,0,5,3.0,0,0.0,New People's Army (NPA)
8969,0,0,0.0,1,0,3,14,598,0,6,0.0,1,0.0,African National Congress (South Africa)
8970,0,0,0.0,1,0,3,4,1040,0,6,0.0,1,0.0,Al-Qaida in the Arabian Peninsula (AQAP)
8971,0,0,0.0,1,0,2,1,52,0,5,1.0,0,0.0,Abu Sayyaf Group (ASG)
8972,0,0,1.0,1,0,2,14,27,0,5,0.0,1,0.0,Fulani extremists
8973,0,0,0.0,1,0,3,1,3305,0,6,1.0,1,0.0,Irish Republican Army (IRA)
8974,0,0,0.0,1,0,2,14,1672,0,8,1.0,1,0.0,Basque Fatherland and Freedom (ETA)
8975,0,0,0.0,1,0,3,2,6732,0,6,0.0,0,0.0,Taliban
8976,0,0,0.0,1,0,1,1,5102,0,5,1.0,0,0.0,New People's Army (NPA)
8977,0,0,0.0,1,0,3,14,642,0,6,6.0,1,0.0,African National Congress (South Africa)
8978,0,0,0.0,1,0,2,4,5649,0,8,1.0,1,0.0,Palestinians
8979,0,0,1.0,1,0,2,3,175,0,6,3.0,1,0.0,Boko Haram
8980,0,0,0.0,1,0,2,3,3759,0,5,1.0,0,0.0,Liberation Tigers of Tamil Eelam (LTTE)
8981,0,0,0.0,1,0,3,4,859,0,6,3.0,1,0.0,Al-Qaida in Iraq
8982,0,0,0.0,1,0,2,14,6184,0,5,15.0,1,0.0,Shining Path (SL)
8983,0,0,0.0,1,1,3,3,7068,0,6,9.0,1,0.0,Tehrik-i-Taliban Pakistan (TTP)
8984,0,0,0.0,1,0,3,14,5536,0,6,0.0,1,0.0,Palestinians
8985,0,0,0.0,1,0,2,4,5038,0,5,3.0,0,0.0,New People's Army (NPA)
8986,0,1,0.0,1,0,2,4,3872,0,5,0.0,1,0.0,Liberation Tigers of Tamil Eelam (LTTE)
8987,0,0,1.0,1,0,3,21,2679,0,6,0.0,1,0.0,Farabundo Marti National Liberation Front (FMLN)
8988,1,0,1.0,1,0,2,14,27,0,5,1.0,1,-9.0,Fulani extremists
8989,0,0,0.0,0,0,3,2,5645,0,6,0.0,1,0.0,Palestinians
8990,0,0,0.0,1,0,3,1,4093,0,6,0.0,1,0.0,Manuel Rodriguez Patriotic Front (FPMR)
8991,0,0,0.0,1,0,1,14,5147,0,5,1.0,-9,0.0,New People's Army (NPA)
8992,0,0,0.0,1,0,1,1,2901,0,5,1.0,0,0.0,Sikh Extremists
8993,0,0,0.0,1,0,6,14,2007,0,5,1.0,0,1.0,Communist Party of India - Maoist (CPI-Maoist)
8994,0,0,1.0,1,1,3,14,1257,0,6,5.0,1,0.0,Boko Haram
8995,0,0,1.0,1,0,3,14,735,0,6,18.0,0,0.0,Al-Qaida in Iraq
8996,0,0,0.0,1,0,2,14,1332,0,5,7.0,0,0.0,Fulani extremists
8997,0,0,0.0,1,0,3,19,1619,0,8,1.0,1,0.0,Farabundo Marti National Liberation Front (FMLN)
8998,0,1,0.0,1,0,2,4,6,0,5,62.0,-9,0.0,Liberation Tigers of Tamil Eelam (LTTE)
8999,0,1,0.0,1,0,3,15,2983,0,6,4.0,1,0.0,Houthi extremists (Ansar Allah)
9000,0,0,1.0,1,0,2,4,48,0,6,0.0,0,0.0,Donetsk People's Republic
9001,0,0,0.0,1,0,3,14,5639,0,6,1.0,1,0.0,Palestinians
9002,0,0,0.0,0,0,2,4,2782,0,5,0.0,1,0.0,Irish Republican Army (IRA)
9003,0,0,0.0,1,0,1,14,3307,0,5,1.0,0,0.0,Irish Republican Army (IRA)
9004,0,0,0.0,1,0,1,2,1834,0,5,1.0,0,0.0,Boko Haram
9005,0,0,0.0,1,0,2,14,13,0,5,8.0,1,0.0,Boko Haram
9006,0,0,0.0,1,0,6,1,2144,0,5,1.0,0,1.0,Communist Party of India - Maoist (CPI-Maoist)
9007,0,0,0.0,1,0,3,4,162,0,6,4.0,1,0.0,Taliban
9008,0,0,0.0,1,0,3,2,1354,0,6,1.0,-9,0.0,Al-Shabaab
9009,0,0,0.0,1,0,3,1,5563,0,6,1.0,1,0.0,Palestinians
9010,0,0,0.0,1,0,7,1,4957,0,8,0.0,1,0.0,National Liberation Army of Colombia (ELN)
9011,0,0,0.0,0,0,3,20,2421,0,6,0.0,1,0.0,Sikh Extremists
9012,0,0,0.0,1,0,3,14,1181,0,6,2.0,1,0.0,Basque Fatherland and Freedom (ETA)
9013,0,0,1.0,0,0,2,4,6724,0,5,17.0,0,0.0,Taliban
9014,0,0,0.0,1,0,1,14,3107,0,5,1.0,0,0.0,Irish Republican Army (IRA)
9015,0,1,0.0,1,0,3,4,5712,0,6,0.0,0,0.0,Palestinians
9016,1,0,0.0,1,0,6,11,202,0,5,1.0,1,1.0,Abu Sayyaf Group (ASG)
9017,0,0,0.0,1,0,3,14,3908,0,6,3.0,1,0.0,Liberation Tigers of Tamil Eelam (LTTE)
9018,0,0,0.0,1,0,1,10,3617,0,5,1.0,0,0.0,Kurdistan Workers' Party (PKK)
9019,0,0,0.0,1,0,3,4,1133,0,6,0.0,0,0.0,Al-Qaida in the Arabian Peninsula (AQAP)
9020,0,0,0.0,1,0,2,4,681,0,5,1.0,1,0.0,Liberation Tigers of Tamil Eelam (LTTE)
9021,0,0,0.0,1,0,7,1,2414,0,8,0.0,1,0.0,Corsican National Liberation Front (FLNC)
9022,0,0,1.0,1,0,7,8,51,0,8,0.0,1,0.0,Kurdistan Workers' Party (PKK)
9023,0,0,0.0,1,0,2,4,2660,0,5,1.0,1,0.0,Nicaraguan Democratic Force (FDN)
9024,0,1,0.0,1,0,3,10,5675,0,6,1.0,1,0.0,Palestinians
9025,0,0,0.0,1,0,2,14,908,0,9,1.0,0,0.0,Fulani extremists
9026,0,0,0.0,1,0,3,3,458,0,6,0.0,1,0.0,African National Congress (South Africa)
9027,0,0,0.0,1,0,3,1,801,0,6,0.0,1,0.0,Corsican National Liberation Front (FLNC)
9028,0,0,0.0,1,0,2,4,172,0,5,3.0,0,0.0,Al-Qaida in the Arabian Peninsula (AQAP)
9029,0,0,0.0,1,0,3,3,5608,0,6,1.0,1,0.0,Palestinians
9030,0,0,0.0,1,0,3,1,1116,0,6,1.0,1,0.0,Al-Qaida in the Arabian Peninsula (AQAP)
9031,0,1,0.0,1,0,2,14,1287,0,9,0.0,0,0.0,Al-Shabaab
9032,0,0,0.0,1,0,7,14,4337,0,8,0.0,1,0.0,Maoists
9033,0,0,0.0,1,0,7,2,1563,0,8,0.0,1,0.0,Basque Fatherland and Freedom (ETA)
9034,0,0,1.0,1,0,3,14,13,0,6,0.0,1,0.0,Al-Qaida in Iraq
9035,0,0,0.0,1,0,3,4,7241,0,6,0.0,1,0.0,Tupac Amaru Revolutionary Movement (MRTA)
9036,0,0,0.0,1,0,3,21,5885,0,6,0.0,-9,0.0,Revolutionary Armed Forces of Colombia (FARC)
9037,0,0,1.0,1,0,7,1,465,0,8,0.0,1,0.0,Irish Republican Army (IRA)
9038,0,0,0.0,1,0,3,8,7333,0,6,0.0,1,0.0,Tupac Amaru Revolutionary Movement (MRTA)
9039,0,0,0.0,0,0,3,14,1812,0,6,0.0,0,0.0,Houthi extremists (Ansar Allah)
9040,0,0,0.0,1,0,1,2,6517,0,5,1.0,0,0.0,Sikh Extremists
9041,0,0,0.0,1,0,2,4,172,0,5,2.0,1,0.0,Kurdistan Workers' Party (PKK)
9042,0,0,0.0,1,0,1,14,5165,0,5,1.0,0,0.0,New People's Army (NPA)
9043,0,0,0.0,1,0,3,6,498,0,6,0.0,1,0.0,Muslim extremists
9044,0,0,0.0,1,0,3,1,755,0,6,2.0,1,0.0,Al-Shabaab
9045,0,0,1.0,1,0,3,1,5916,0,6,1.0,1,0.0,Revolutionary Armed Forces of Colombia (FARC)
9046,0,0,0.0,1,0,3,14,583,0,6,0.0,1,0.0,African National Congress (South Africa)
9047,0,0,1.0,1,0,3,14,908,0,6,1.0,1,0.0,Islamic State of Iraq and the Levant (ISIL)
9048,0,0,0.0,1,0,2,14,330,0,5,1.0,1,0.0,Boko Haram
9049,0,0,0.0,1,0,2,1,5947,0,5,4.0,1,0.0,Revolutionary Armed Forces of Colombia (FARC)
9050,0,0,0.0,1,0,3,20,1642,0,6,0.0,1,0.0,Corsican National Liberation Front (FLNC)
9051,0,1,0.0,1,0,2,3,803,0,5,9.0,1,0.0,Kurdistan Workers' Party (PKK)
9052,0,0,1.0,1,0,3,8,7048,0,6,0.0,1,0.0,Tehrik-i-Taliban Pakistan (TTP)
9053,0,0,0.0,0,0,2,3,1311,0,5,1.0,0,0.0,Muslim extremists
9054,0,0,1.0,1,0,2,3,830,0,5,1.0,0,0.0,Al-Qaida in Iraq
9055,0,0,0.0,0,0,1,1,6510,0,5,0.0,0,0.0,Sikh Extremists
9056,0,0,1.0,1,0,3,2,7230,0,6,1.0,1,0.0,Tupac Amaru Revolutionary Movement (MRTA)
9057,1,0,0.0,1,0,6,3,85,0,5,2.0,0,1.0,Taliban
9058,0,0,0.0,1,0,3,1,1077,0,6,0.0,1,0.0,Manuel Rodriguez Patriotic Front (FPMR)
9059,0,0,1.0,1,0,3,8,7059,0,6,0.0,1,0.0,Tehrik-i-Taliban Pakistan (TTP)
9060,0,0,0.0,1,0,2,1,629,0,5,1.0,1,0.0,African National Congress (South Africa)
9061,0,0,0.0,1,0,2,4,2795,0,5,1.0,1,0.0,Farabundo Marti National Liberation Front (FMLN)
9062,0,0,0.0,1,0,3,6,2439,0,6,1.0,1,0.0,Corsican National Liberation Front (FLNC)
9063,0,1,0.0,1,0,2,14,27,0,5,10.0,1,0.0,Fulani extremists
9064,0,0,1.0,1,0,3,21,4143,0,6,0.0,1,0.0,National Liberation Army of Colombia (ELN)
9065,0,0,0.0,1,0,3,14,13,0,6,2.0,1,0.0,Al-Shabaab
9066,0,0,1.0,1,0,3,2,6247,0,6,0.0,1,0.0,Tupac Amaru Revolutionary Movement (MRTA)
9067,1,1,0.0,1,0,4,11,3875,0,5,0.0,1,1.0,Liberation Tigers of Tamil Eelam (LTTE)
9068,0,0,0.0,1,0,2,14,4361,0,5,1.0,0,0.0,Maoists
9069,1,0,0.0,1,0,2,2,5356,0,5,4.0,1,1.0,Nicaraguan Democratic Force (FDN)
9070,0,0,0.0,1,0,3,1,427,0,6,0.0,1,0.0,African National Congress (South Africa)
9071,0,0,0.0,1,0,3,3,12,0,6,1.0,1,0.0,New People's Army (NPA)
9072,0,0,0.0,1,0,2,14,6320,0,5,12.0,1,0.0,Shining Path (SL)
9073,0,0,1.0,1,0,3,1,7201,0,6,0.0,1,0.0,Tupac Amaru Revolutionary Movement (MRTA)
9074,0,0,0.0,1,1,3,15,215,0,6,38.0,1,0.0,Tehrik-i-Taliban Pakistan (TTP)
9075,0,0,1.0,0,0,3,20,6,0,6,0.0,0,0.0,Maoists
9076,0,0,1.0,0,0,3,2,3277,0,6,0.0,1,0.0,Irish Republican Army (IRA)
9077,0,1,1.0,1,0,2,14,5086,0,5,1.0,-9,0.0,New People's Army (NPA)
9078,0,0,0.0,1,0,3,8,51,0,6,4.0,1,0.0,Muslim extremists
9079,1,0,0.0,1,0,6,7,2970,0,5,0.0,0,1.0,Houthi extremists (Ansar Allah)
9080,0,1,0.0,0,0,2,7,756,0,5,0.0,-9,0.0,Al-Qaida in Iraq
9081,0,1,0.0,1,0,2,4,2618,0,6,3.0,-9,0.0,Donetsk People's Republic
9082,0,0,0.0,1,0,1,14,5510,0,5,1.0,0,0.0,Palestinians
9083,0,0,1.0,1,0,2,17,20,0,5,2.0,0,0.0,Al-Qaida in Iraq
9084,0,0,1.0,1,0,3,21,3455,0,6,0.0,1,0.0,Islamic State of Iraq and the Levant (ISIL)
9085,0,0,0.0,1,0,2,14,1961,0,5,1.0,0,0.0,Communist Party of India - Maoist (CPI-Maoist)
9086,0,0,0.0,1,0,1,3,1663,0,5,1.0,0,0.0,Basque Fatherland and Freedom (ETA)
9087,0,0,1.0,1,0,3,1,4888,0,6,0.0,1,0.0,National Liberation Army of Colombia (ELN)
9088,1,0,0.0,1,0,6,1,4780,0,5,0.0,0,1.0,National Liberation Army of Colombia (ELN)
9089,0,1,1.0,1,0,2,4,48,0,6,0.0,0,0.0,Donetsk People's Republic
9090,0,0,0.0,1,0,3,1,826,0,6,0.0,1,0.0,Irish Republican Army (IRA)
9091,0,0,0.0,0,0,3,4,48,0,6,0.0,0,0.0,Abu Sayyaf Group (ASG)
9092,0,0,0.0,1,0,2,4,402,0,5,1.0,-9,0.0,Al-Shabaab
9093,0,0,0.0,1,0,7,1,1769,0,8,0.0,1,0.0,Kurdistan Workers' Party (PKK)
9094,1,0,0.0,1,0,6,2,6842,0,9,2.0,0,1.0,Taliban
9095,0,0,0.0,1,0,1,2,6187,0,5,1.0,0,0.0,Shining Path (SL)
9096,0,0,0.0,1,0,2,4,2660,0,5,1.0,1,0.0,Nicaraguan Democratic Force (FDN)
9097,0,0,0.0,1,0,1,14,3560,0,5,1.0,0,0.0,Kurdistan Workers' Party (PKK)
9098,0,0,0.0,1,0,2,14,6605,0,5,4.0,1,0.0,Sikh Extremists
9099,0,0,0.0,1,0,2,3,4165,0,5,0.0,1,0.0,Manuel Rodriguez Patriotic Front (FPMR)
9100,0,0,0.0,1,0,3,8,2179,0,6,0.0,1,0.0,Communist Party of India - Maoist (CPI-Maoist)
9101,0,0,0.0,1,0,2,4,1822,0,5,4.0,0,0.0,Boko Haram
9102,0,0,0.0,1,0,2,3,2958,0,6,1.0,-9,0.0,Taliban
9103,0,0,0.0,1,0,3,4,3942,0,6,14.0,1,0.0,Liberation Tigers of Tamil Eelam (LTTE)
9104,0,0,0.0,1,0,2,3,557,0,5,0.0,1,0.0,African National Congress (South Africa)
9105,0,0,0.0,1,0,2,4,2660,0,5,1.0,1,0.0,Nicaraguan Democratic Force (FDN)
9106,0,0,0.0,1,0,3,3,330,0,6,0.0,1,0.0,Kurdistan Workers' Party (PKK)
9107,0,0,0.0,1,0,2,16,1984,0,5,0.0,1,0.0,Communist Party of India - Maoist (CPI-Maoist)
9108,0,0,1.0,0,0,7,1,2553,0,8,0.0,1,0.0,Irish Republican Army (IRA)
9109,0,0,0.0,1,1,3,2,219,0,6,3.0,1,0.0,Taliban
9110,0,0,0.0,0,0,3,14,5505,0,6,0.0,1,0.0,Palestinians
9111,0,0,0.0,1,0,2,4,5873,0,5,1.0,1,0.0,Revolutionary Armed Forces of Colombia (FARC)
9112,0,0,0.0,1,0,3,3,411,0,6,1.0,1,0.0,African National Congress (South Africa)
9113,0,1,0.0,1,0,3,1,470,0,6,0.0,1,0.0,African National Congress (South Africa)
9114,0,0,1.0,1,0,3,19,56,0,6,0.0,1,0.0,Manuel Rodriguez Patriotic Front (FPMR)
9115,1,0,0.0,1,0,6,2,4839,0,5,0.0,0,1.0,National Liberation Army of Colombia (ELN)
9116,0,0,0.0,1,0,3,4,402,0,6,0.0,0,0.0,Al-Shabaab
9117,0,0,0.0,1,0,3,14,13,0,6,0.0,0,0.0,Abu Sayyaf Group (ASG)
9118,0,0,0.0,1,1,3,14,964,0,6,1.0,0,0.0,Al-Qaida in the Arabian Peninsula (AQAP)
9119,0,0,0.0,1,1,3,15,318,0,6,7.0,-9,0.0,Boko Haram
9120,0,0,0.0,1,0,3,4,12,0,6,0.0,0,0.0,New People's Army (NPA)
9121,0,0,0.0,1,0,1,4,3211,0,5,1.0,0,0.0,Irish Republican Army (IRA)
9122,0,0,0.0,1,0,3,16,5977,0,6,0.0,1,0.0,Revolutionary Armed Forces of Colombia (FARC)
9123,0,0,1.0,1,1,3,3,20,0,6,7.0,-9,0.0,Islamic State of Iraq and the Levant (ISIL)
9124,0,0,1.0,1,0,2,14,13,0,5,2.0,1,0.0,Boko Haram
9125,0,0,1.0,1,0,3,15,773,0,6,2.0,0,0.0,Al-Qaida in Iraq
9126,0,0,0.0,1,0,6,14,2890,0,5,1.0,1,1.0,Fulani extremists
9127,0,0,0.0,1,0,3,3,411,0,6,3.0,1,0.0,African National Congress (South Africa)
9128,0,1,0.0,1,0,7,1,2025,0,8,0.0,1,0.0,Communist Party of India - Maoist (CPI-Maoist)
9129,0,0,1.0,0,0,3,20,4807,0,6,0.0,1,0.0,National Liberation Army of Colombia (ELN)
9130,0,0,0.0,1,0,3,21,198,0,6,0.0,1,0.0,Revolutionary Armed Forces of Colombia (FARC)
9131,0,0,1.0,1,1,3,14,1810,0,6,1.0,1,0.0,Boko Haram
9132,0,0,0.0,1,0,2,14,3901,0,5,20.0,1,0.0,Liberation Tigers of Tamil Eelam (LTTE)
9133,0,0,0.0,1,0,2,4,3081,0,5,2.0,1,0.0,National Liberation Army of Colombia (ELN)
9134,0,0,0.0,1,0,2,3,175,0,5,5.0,1,0.0,Tupac Amaru Revolutionary Movement (MRTA)
9135,0,0,0.0,1,0,2,4,4898,0,5,3.0,0,0.0,National Liberation Army of Colombia (ELN)
9136,0,1,0.0,1,0,3,21,4803,0,6,0.0,1,0.0,National Liberation Army of Colombia (ELN)
9137,0,0,0.0,1,0,2,14,2764,0,5,0.0,1,0.0,Farabundo Marti National Liberation Front (FMLN)
9138,0,0,0.0,1,0,3,10,6156,0,6,0.0,1,0.0,Shining Path (SL)
9139,0,0,0.0,1,0,3,3,85,0,6,1.0,1,0.0,National Liberation Army of Colombia (ELN)
9140,0,0,0.0,1,0,1,4,5158,0,5,1.0,-9,0.0,New People's Army (NPA)
9141,0,0,0.0,1,0,3,2,6505,0,6,1.0,1,0.0,Sikh Extremists
9142,0,0,0.0,1,0,2,4,2782,0,5,0.0,1,0.0,Farabundo Marti National Liberation Front (FMLN)
9143,0,0,0.0,1,0,3,3,1668,0,6,1.0,1,0.0,Basque Fatherland and Freedom (ETA)
9144,0,0,0.0,1,0,2,3,5839,0,5,0.0,1,0.0,Revolutionary Armed Forces of Colombia (FARC)
9145,0,0,0.0,1,0,2,4,4772,0,5,1.0,1,0.0,National Liberation Army of Colombia (ELN)
9146,0,0,0.0,0,0,1,2,965,0,5,0.0,1,0.0,Al-Qaida in the Arabian Peninsula (AQAP)
9147,0,0,0.0,1,0,7,8,7217,0,8,0.0,1,0.0,Tupac Amaru Revolutionary Movement (MRTA)
9148,0,0,0.0,1,0,2,14,1666,0,8,0.0,1,0.0,Basque Fatherland and Freedom (ETA)
9149,0,0,0.0,1,1,3,14,1838,0,6,11.0,-9,0.0,Boko Haram
9150,0,0,0.0,1,0,3,14,3268,0,6,0.0,1,0.0,Irish Republican Army (IRA)
9151,0,0,0.0,1,0,3,1,2341,0,6,0.0,1,0.0,Corsican National Liberation Front (FLNC)
9152,1,0,0.0,1,0,6,1,155,0,5,0.0,0,1.0,Abu Sayyaf Group (ASG)
9153,0,0,0.0,1,0,1,14,3640,0,5,2.0,0,0.0,Sikh Extremists
9154,0,0,1.0,1,0,3,14,2953,0,6,1.0,1,0.0,Houthi extremists (Ansar Allah)
9155,0,0,0.0,1,0,2,2,7339,0,5,0.0,1,0.0,Tupac Amaru Revolutionary Movement (MRTA)
9156,0,0,0.0,1,1,3,14,3497,0,6,41.0,1,0.0,Islamic State of Iraq and the Levant (ISIL)
9157,0,0,0.0,1,0,6,14,7034,0,5,1.0,0,1.0,Tehrik-i-Taliban Pakistan (TTP)
9158,0,0,0.0,1,0,7,15,215,0,8,0.0,1,0.0,Muslim extremists
9159,0,0,1.0,1,0,3,21,4185,0,6,0.0,1,0.0,Manuel Rodriguez Patriotic Front (FPMR)
9160,0,0,0.0,1,0,2,2,961,0,5,2.0,1,0.0,Al-Qaida in the Arabian Peninsula (AQAP)
9161,0,0,0.0,1,0,3,14,34,0,6,11.0,1,0.0,Abu Sayyaf Group (ASG)
9162,0,0,0.0,1,0,1,3,7326,0,5,2.0,0,0.0,Tupac Amaru Revolutionary Movement (MRTA)
9163,0,0,1.0,1,0,2,14,27,0,5,8.0,1,0.0,Fulani extremists
9164,0,0,1.0,1,0,3,1,1077,0,6,1.0,1,0.0,Corsican National Liberation Front (FLNC)
9165,0,0,0.0,1,0,3,14,5511,0,6,0.0,1,0.0,Palestinians
9166,0,0,0.0,1,0,7,1,2352,0,8,0.0,1,0.0,Corsican National Liberation Front (FLNC)
9167,0,0,0.0,1,0,2,14,1292,0,6,4.0,0,0.0,Al-Shabaab
9168,0,0,0.0,1,0,2,15,318,0,5,0.0,-9,0.0,Fulani extremists
9169,0,0,0.0,0,0,7,19,1619,0,8,0.0,1,0.0,Basque Fatherland and Freedom (ETA)
9170,0,0,0.0,1,0,2,14,6274,0,5,8.0,1,0.0,Shining Path (SL)
9171,0,0,0.0,1,0,3,3,5151,0,6,0.0,1,0.0,New People's Army (NPA)
9172,0,0,0.0,1,0,2,4,48,0,6,16.0,0,0.0,Boko Haram
9173,0,0,1.0,1,0,2,8,2874,0,5,2.0,-9,0.0,Fulani extremists
9174,0,0,0.0,1,0,3,3,330,0,6,2.0,1,0.0,Tehrik-i-Taliban Pakistan (TTP)
9175,0,0,1.0,1,0,3,21,1575,0,6,0.0,1,0.0,Nicaraguan Democratic Force (FDN)
9176,0,0,0.0,1,0,2,3,5587,0,8,1.0,1,0.0,Palestinians
9177,0,0,0.0,1,0,3,1,6728,0,6,1.0,1,0.0,Taliban
9178,0,0,0.0,1,0,2,4,1104,0,5,0.0,-9,0.0,Al-Qaida in the Arabian Peninsula (AQAP)
9179,0,0,0.0,1,0,3,1,1557,0,6,0.0,1,0.0,Corsican National Liberation Front (FLNC)
9180,0,0,0.0,1,0,2,2,2195,0,5,1.0,0,0.0,Communist Party of India - Maoist (CPI-Maoist)
9181,0,0,0.0,1,0,1,2,4925,0,5,1.0,0,0.0,National Liberation Army of Colombia (ELN)
9182,0,0,1.0,1,0,3,14,1332,0,6,0.0,0,0.0,Al-Shabaab
9183,0,0,0.0,1,0,2,4,2560,0,6,0.0,0,0.0,Donetsk People's Republic
9184,0,0,0.0,1,0,3,14,13,0,6,2.0,1,0.0,Islamic State of Iraq and the Levant (ISIL)
9185,0,0,0.0,1,0,2,14,205,0,5,0.0,-9,0.0,Muslim extremists
9186,0,0,1.0,1,0,3,14,13,0,6,1.0,0,0.0,Al-Qaida in Iraq
9187,0,0,0.0,1,0,2,3,7086,0,5,2.0,0,0.0,Tehrik-i-Taliban Pakistan (TTP)
9188,0,0,1.0,1,0,2,4,4652,0,6,2.0,0,0.0,Muslim extremists
9189,0,0,1.0,1,0,3,2,801,0,6,0.0,1,0.0,Corsican National Liberation Front (FLNC)
9190,0,0,0.0,0,0,2,3,988,0,5,1.0,0,0.0,Al-Shabaab
9191,0,0,0.0,1,0,2,1,465,0,5,1.0,1,0.0,Tupac Amaru Revolutionary Movement (MRTA)
9192,0,0,0.0,1,0,1,4,6565,0,5,3.0,0,0.0,Sikh Extremists
9193,0,0,0.0,1,0,3,21,1437,0,6,1.0,1,0.0,Basque Fatherland and Freedom (ETA)
9194,0,0,0.0,1,0,2,4,681,0,5,7.0,1,0.0,Tupac Amaru Revolutionary Movement (MRTA)
9195,0,0,0.0,1,1,3,15,215,0,6,3.0,-9,0.0,Boko Haram
9196,0,0,0.0,1,0,2,4,3209,0,5,5.0,1,0.0,Tupac Amaru Revolutionary Movement (MRTA)
9197,1,0,1.0,1,0,6,14,27,0,5,5.0,1,1.0,Fulani extremists
9198,0,0,1.0,1,0,2,4,5178,0,5,1.0,-9,0.0,New People's Army (NPA)
9199,0,0,0.0,1,0,2,4,4346,0,5,9.0,0,0.0,Tehrik-i-Taliban Pakistan (TTP)
9200,0,0,0.0,1,0,3,14,1812,0,6,2.0,-9,0.0,Muslim extremists
9201,0,0,0.0,1,0,3,4,3278,0,6,2.0,1,0.0,Irish Republican Army (IRA)
9202,0,0,0.0,0,0,3,4,4873,0,6,0.0,0,0.0,National Liberation Army of Colombia (ELN)
9203,0,0,0.0,1,0,2,2,1120,0,5,1.0,0,0.0,Al-Qaida in the Arabian Peninsula (AQAP)
9204,0,0,0.0,1,0,2,4,48,0,5,2.0,1,0.0,Abu Sayyaf Group (ASG)
9205,0,0,0.0,1,0,1,4,1337,0,5,1.0,0,0.0,Al-Shabaab
9206,0,0,0.0,1,0,3,4,1155,0,6,0.0,1,0.0,Donetsk People's Republic
9207,0,0,0.0,1,0,3,4,5708,0,6,1.0,1,0.0,Palestinians
9208,0,0,0.0,1,0,2,3,172,0,5,6.0,-9,0.0,Taliban
9209,0,0,0.0,0,0,3,2,1613,0,6,1.0,0,0.0,Basque Fatherland and Freedom (ETA)
9210,0,0,1.0,1,0,2,14,27,0,5,17.0,1,0.0,Fulani extremists
9211,0,0,0.0,1,0,2,19,904,0,5,3.0,1,0.0,Sikh Extremists
9212,0,0,0.0,0,0,2,14,13,0,5,2.0,0,0.0,New People's Army (NPA)
9213,0,1,0.0,1,0,7,19,5347,0,5,1.0,1,0.0,Nicaraguan Democratic Force (FDN)
9214,0,0,0.0,1,0,3,1,624,0,6,0.0,1,0.0,African National Congress (South Africa)
9215,0,0,1.0,1,0,3,21,1154,0,6,0.0,1,0.0,Donetsk People's Republic
9216,0,1,1.0,1,0,3,4,48,0,6,0.0,-9,0.0,Donetsk People's Republic
9217,0,0,0.0,1,0,8,8,6827,0,2,0.0,-9,0.0,Taliban
9218,0,0,1.0,1,0,2,14,13,0,5,21.0,-9,0.0,Boko Haram
9219,0,0,1.0,1,0,2,4,20,0,6,0.0,1,0.0,Muslim extremists
9220,0,0,0.0,1,0,1,3,1676,0,5,1.0,0,0.0,Basque Fatherland and Freedom (ETA)
9221,0,0,0.0,1,0,2,14,305,0,5,1.0,0,0.0,Tehrik-i-Taliban Pakistan (TTP)
9222,0,0,0.0,1,0,2,3,175,0,8,0.0,1,0.0,Revolutionary Armed Forces of Colombia (FARC)
9223,0,0,0.0,1,0,3,21,4762,0,6,0.0,1,0.0,National Liberation Army of Colombia (ELN)
9224,0,0,0.0,1,0,7,1,3548,0,8,0.0,1,0.0,Kurdistan Workers' Party (PKK)
9225,0,1,0.0,1,0,3,16,2159,0,6,0.0,1,0.0,Communist Party of India - Maoist (CPI-Maoist)
9226,0,0,0.0,1,0,3,4,2694,0,6,0.0,1,0.0,Irish Republican Army (IRA)
9227,0,0,1.0,1,0,2,14,27,0,5,8.0,1,0.0,Donetsk People's Republic
9228,0,0,0.0,1,0,2,3,4681,1,9,6.0,-9,0.0,Muslim extremists
9229,0,1,0.0,1,0,3,1,2177,0,6,0.0,1,0.0,Communist Party of India - Maoist (CPI-Maoist)
9230,0,0,0.0,1,0,6,2,7212,0,5,1.0,0,1.0,Tupac Amaru Revolutionary Movement (MRTA)
9231,0,0,0.0,1,0,1,17,3821,0,5,1.0,0,0.0,Liberation Tigers of Tamil Eelam (LTTE)
9232,0,0,0.0,1,0,3,1,4687,0,6,0.0,1,0.0,Revolutionary Armed Forces of Colombia (FARC)
9233,0,0,0.0,1,0,3,1,7235,0,6,0.0,1,0.0,Tupac Amaru Revolutionary Movement (MRTA)
9234,0,0,0.0,1,0,2,14,5491,0,8,0.0,1,0.0,Palestinians
9235,0,0,0.0,1,0,3,21,410,0,6,0.0,1,0.0,African National Congress (South Africa)
9236,0,0,1.0,1,0,3,1,1557,0,6,0.0,1,0.0,Corsican National Liberation Front (FLNC)
9237,0,0,0.0,1,0,7,3,2139,0,8,0.0,1,0.0,Communist Party of India - Maoist (CPI-Maoist)
9238,0,0,0.0,1,0,2,14,1829,0,5,7.0,1,0.0,Fulani extremists
9239,0,1,0.0,1,0,3,4,435,0,6,0.0,1,0.0,African National Congress (South Africa)
9240,0,0,1.0,1,0,3,14,1327,0,6,1.0,1,0.0,Houthi extremists (Ansar Allah)
9241,0,0,0.0,1,0,2,4,48,0,5,1.0,1,0.0,Boko Haram
9242,0,0,0.0,1,0,2,4,93,0,6,0.0,0,0.0,Kurdistan Workers' Party (PKK)
9243,0,0,0.0,0,0,3,4,3812,0,6,0.0,0,0.0,Liberation Tigers of Tamil Eelam (LTTE)
9244,0,0,0.0,1,0,1,14,5058,0,5,1.0,0,0.0,New People's Army (NPA)
9245,0,0,0.0,1,0,3,14,13,0,6,2.0,0,0.0,Al-Qaida in Iraq
9246,0,0,0.0,0,0,3,20,6,0,6,0.0,0,0.0,Houthi extremists (Ansar Allah)
9247,0,0,1.0,0,0,3,14,205,0,6,41.0,-9,0.0,Boko Haram
9248,0,0,0.0,1,0,2,4,1033,0,6,4.0,-9,0.0,Al-Shabaab
9249,0,0,0.0,1,0,2,1,5674,0,5,0.0,1,0.0,Palestinians
9250,0,0,0.0,1,0,2,3,12,0,5,0.0,1,0.0,National Liberation Army of Colombia (ELN)
9251,0,0,0.0,1,0,7,4,5240,0,8,0.0,1,0.0,Palestinians
9252,0,0,0.0,1,0,3,1,6471,0,6,1.0,1,0.0,Sikh Extremists
9253,0,0,0.0,1,0,2,3,3460,0,5,29.0,1,0.0,Taliban
9254,0,0,0.0,1,0,3,14,1535,0,6,1.0,1,0.0,Palestinians
9255,0,0,0.0,1,0,6,3,6469,0,5,0.0,0,1.0,Sikh Extremists
9256,0,0,0.0,1,0,3,1,1557,0,6,0.0,1,0.0,Corsican National Liberation Front (FLNC)
9257,0,1,0.0,1,0,2,3,175,0,5,5.0,0,0.0,Kurdistan Workers' Party (PKK)
9258,0,0,0.0,1,0,2,4,681,0,5,18.0,1,0.0,Farabundo Marti National Liberation Front (FMLN)
9259,0,0,0.0,1,0,3,3,4364,0,6,1.0,-9,0.0,Maoists
9260,0,0,0.0,1,0,7,1,5081,0,5,0.0,1,0.0,New People's Army (NPA)
9261,0,0,0.0,0,0,3,20,6,0,6,0.0,0,0.0,Maoists
9262,0,0,0.0,0,0,3,19,1968,0,6,0.0,0,0.0,Maoists
9263,0,0,0.0,1,0,1,4,3072,0,5,1.0,0,0.0,Irish Republican Army (IRA)
9264,0,0,0.0,1,0,7,1,1999,0,8,0.0,1,0.0,Communist Party of India - Maoist (CPI-Maoist)
9265,0,0,0.0,1,0,2,4,2670,0,5,1.0,1,0.0,Farabundo Marti National Liberation Front (FMLN)
9266,0,0,0.0,1,0,3,4,2961,0,6,4.0,0,0.0,Houthi extremists (Ansar Allah)
9267,0,0,0.0,1,0,2,4,6164,0,8,1.0,1,0.0,Shining Path (SL)
9268,0,0,1.0,1,0,3,4,2571,0,6,0.0,0,0.0,Donetsk People's Republic
9269,0,0,1.0,1,1,3,1,1847,0,6,3.0,-9,0.0,Boko Haram
9270,0,0,0.0,1,0,3,3,4345,0,6,4.0,1,0.0,Maoists
9271,0,0,0.0,1,0,3,4,48,0,6,2.0,0,0.0,Kurdistan Workers' Party (PKK)
9272,0,0,0.0,1,0,3,19,791,0,6,3.0,1,0.0,Kurdistan Workers' Party (PKK)
9273,0,1,0.0,1,0,2,1,5394,0,5,47.0,1,0.0,Nicaraguan Democratic Force (FDN)
9274,0,0,0.0,0,0,6,4,7,0,5,0.0,0,0.0,Abu Sayyaf Group (ASG)
9275,0,0,1.0,1,0,3,3,92,0,6,0.0,0,0.0,Taliban
9276,0,1,0.0,1,0,3,2,5369,0,6,1.0,1,0.0,Nicaraguan Democratic Force (FDN)
9277,0,0,0.0,1,0,1,3,3168,0,5,1.0,0,0.0,Irish Republican Army (IRA)
9278,0,0,1.0,1,0,3,8,7004,0,6,0.0,1,0.0,Tehrik-i-Taliban Pakistan (TTP)
9279,0,0,1.0,1,0,3,14,1327,0,6,7.0,1,0.0,Muslim extremists
9280,0,0,0.0,1,0,2,4,3772,0,5,6.0,1,0.0,Liberation Tigers of Tamil Eelam (LTTE)
9281,0,0,0.0,1,0,1,14,3804,0,5,5.0,0,0.0,Liberation Tigers of Tamil Eelam (LTTE)
9282,0,0,1.0,1,0,4,19,5911,0,8,0.0,1,0.0,Revolutionary Armed Forces of Colombia (FARC)
9283,0,1,0.0,1,0,2,4,2666,0,5,1.0,1,0.0,Nicaraguan Democratic Force (FDN)
9284,0,0,1.0,1,0,3,2,3251,0,6,1.0,1,0.0,Irish Republican Army (IRA)
9285,0,0,0.0,1,0,2,4,2670,0,5,47.0,1,0.0,Farabundo Marti National Liberation Front (FMLN)
9286,0,0,0.0,1,0,2,4,172,0,6,2.0,1,0.0,Taliban
9287,0,0,0.0,1,0,1,2,441,0,8,0.0,1,0.0,African National Congress (South Africa)
9288,1,0,0.0,1,0,6,4,2576,0,5,0.0,0,1.0,Donetsk People's Republic
9289,0,0,0.0,1,0,3,4,3740,0,6,1.0,1,0.0,Liberation Tigers of Tamil Eelam (LTTE)
9290,0,0,0.0,0,0,3,19,152,0,6,0.0,0,0.0,Communist Party of India - Maoist (CPI-Maoist)
9291,0,0,0.0,1,0,2,14,7071,0,9,0.0,0,0.0,Tehrik-i-Taliban Pakistan (TTP)
9292,0,1,0.0,1,1,3,4,3811,0,6,12.0,1,0.0,Liberation Tigers of Tamil Eelam (LTTE)
9293,0,0,0.0,1,0,3,3,12,0,6,0.0,-9,0.0,Maoists
9294,0,0,0.0,1,0,1,4,169,0,5,1.0,1,0.0,Abu Sayyaf Group (ASG)
9295,0,0,0.0,0,0,1,3,419,0,6,1.0,1,0.0,African National Congress (South Africa)
9296,0,1,0.0,1,0,3,4,5843,0,6,1.0,1,0.0,Revolutionary Armed Forces of Colombia (FARC)
9297,0,0,0.0,1,0,1,2,6191,0,5,1.0,0,0.0,Shining Path (SL)
9298,0,0,0.0,1,0,2,17,6811,0,5,2.0,0,0.0,Taliban
9299,0,0,0.0,0,0,2,4,48,0,5,0.0,0,0.0,New People's Army (NPA)
9300,0,0,0.0,1,0,3,14,730,0,6,3.0,-9,0.0,Islamic State of Iraq and the Levant (ISIL)
9301,0,0,1.0,1,0,3,1,6349,0,6,0.0,1,0.0,Tupac Amaru Revolutionary Movement (MRTA)
9302,0,0,0.0,1,0,4,11,3909,0,5,1.0,-9,0.0,Liberation Tigers of Tamil Eelam (LTTE)
9303,0,0,1.0,1,0,3,21,2739,0,6,0.0,1,0.0,Farabundo Marti National Liberation Front (FMLN)
9304,0,1,0.0,1,0,2,4,5835,0,5,3.0,1,0.0,Revolutionary Armed Forces of Colombia (FARC)
9305,0,0,0.0,1,0,3,3,1963,0,6,0.0,1,0.0,Communist Party of India - Maoist (CPI-Maoist)
9306,0,0,0.0,1,0,1,14,3281,0,5,1.0,0,0.0,Irish Republican Army (IRA)
9307,0,0,1.0,1,0,7,2,2128,0,11,0.0,1,0.0,Communist Party of India - Maoist (CPI-Maoist)
9308,0,0,1.0,1,0,2,14,27,0,5,10.0,1,0.0,Fulani extremists
9309,0,0,1.0,1,0,2,2,1357,0,5,13.0,1,0.0,Boko Haram
9310,0,0,0.0,1,0,3,2,7313,0,6,0.0,1,0.0,Tupac Amaru Revolutionary Movement (MRTA)
9311,0,0,0.0,1,0,3,15,7342,0,6,0.0,1,0.0,Tupac Amaru Revolutionary Movement (MRTA)
9312,0,1,0.0,1,0,2,4,2666,0,5,1.0,1,0.0,Nicaraguan Democratic Force (FDN)
9313,0,0,0.0,1,0,7,1,3548,0,8,0.0,1,0.0,Kurdistan Workers' Party (PKK)
9314,0,1,0.0,1,0,2,19,5693,0,9,0.0,1,0.0,Palestinians
9315,0,0,0.0,1,1,3,4,162,0,6,1.0,1,0.0,Taliban
9316,0,0,0.0,1,0,2,4,12,0,5,2.0,0,0.0,Abu Sayyaf Group (ASG)
9317,0,1,1.0,1,0,3,3,330,0,6,10.0,1,0.0,Taliban
9318,0,0,0.0,1,0,2,12,283,0,5,2.0,1,0.0,Abu Sayyaf Group (ASG)
9319,0,0,0.0,1,0,1,2,6440,0,5,1.0,0,0.0,Sikh Extremists
9320,0,0,1.0,1,0,3,21,1575,0,6,0.0,1,0.0,Farabundo Marti National Liberation Front (FMLN)
9321,0,0,0.0,1,0,3,3,7234,0,6,0.0,1,0.0,Tupac Amaru Revolutionary Movement (MRTA)
9322,0,0,0.0,1,0,3,3,7005,0,6,6.0,1,0.0,Tehrik-i-Taliban Pakistan (TTP)
9323,0,0,0.0,1,0,3,21,6295,0,6,3.0,1,0.0,Shining Path (SL)
9324,0,0,0.0,1,0,3,2,2476,0,6,0.0,1,0.0,Corsican National Liberation Front (FLNC)
9325,0,0,0.0,1,0,3,4,5440,0,6,14.0,1,0.0,Nicaraguan Democratic Force (FDN)
9326,0,0,0.0,1,0,3,10,1455,0,6,0.0,-9,0.0,Basque Fatherland and Freedom (ETA)
9327,0,0,0.0,1,0,3,14,1327,0,6,7.0,1,0.0,Houthi extremists (Ansar Allah)
9328,0,0,0.0,1,0,1,3,4680,0,5,1.0,0,0.0,Muslim extremists
9329,0,0,0.0,1,0,2,14,1344,0,6,2.0,1,0.0,Al-Shabaab
9330,1,0,0.0,1,0,6,11,182,0,5,0.0,0,1.0,Abu Sayyaf Group (ASG)
9331,1,0,0.0,1,0,2,1,1188,0,5,0.0,1,1.0,Irish Republican Army (IRA)
9332,0,0,0.0,0,0,3,1,475,0,6,1.0,1,0.0,African National Congress (South Africa)
9333,0,0,0.0,1,0,2,3,85,0,6,3.0,-9,0.0,Kurdistan Workers' Party (PKK)
9334,0,0,0.0,1,0,3,14,1327,0,6,1.0,0,0.0,Houthi extremists (Ansar Allah)
9335,0,0,0.0,1,0,2,14,4930,0,5,3.0,1,0.0,National Liberation Army of Colombia (ELN)
9336,0,0,0.0,1,0,3,4,4166,0,6,0.0,1,0.0,Manuel Rodriguez Patriotic Front (FPMR)
9337,0,0,0.0,1,0,3,4,1633,0,6,0.0,1,0.0,Basque Fatherland and Freedom (ETA)
9338,0,0,0.0,1,0,2,14,2734,0,5,1.0,1,1.0,Farabundo Marti National Liberation Front (FMLN)
9339,0,0,0.0,1,0,2,4,2666,0,5,3.0,1,0.0,Farabundo Marti National Liberation Front (FMLN)
9340,0,0,0.0,1,0,2,4,2660,0,5,4.0,1,0.0,Farabundo Marti National Liberation Front (FMLN)
9341,0,0,0.0,1,0,3,14,1496,0,6,0.0,1,0.0,Basque Fatherland and Freedom (ETA)
9342,1,0,0.0,1,0,1,12,4577,0,5,1.0,0,1.0,Muslim extremists
9343,0,1,0.0,1,0,2,4,803,0,5,7.0,1,0.0,Kurdistan Workers' Party (PKK)
9344,0,0,0.0,1,0,2,14,3011,0,6,0.0,-9,0.0,Houthi extremists (Ansar Allah)
9345,0,0,0.0,1,0,2,4,2660,0,5,1.0,1,0.0,Nicaraguan Democratic Force (FDN)
9346,0,0,0.0,1,0,2,14,1987,0,9,1.0,0,0.0,Communist Party of India - Maoist (CPI-Maoist)
9347,0,0,1.0,1,0,3,1,4064,0,6,0.0,1,0.0,Manuel Rodriguez Patriotic Front (FPMR)
9348,0,0,0.0,1,0,2,3,3195,0,5,16.0,1,0.0,Liberation Tigers of Tamil Eelam (LTTE)
9349,0,0,0.0,1,0,3,4,12,0,6,0.0,1,0.0,Palestinians
9350,0,0,0.0,1,0,3,1,1094,0,6,0.0,-9,0.0,Al-Qaida in the Arabian Peninsula (AQAP)
9351,0,1,0.0,1,0,3,4,3773,0,6,5.0,-9,0.0,Liberation Tigers of Tamil Eelam (LTTE)
9352,0,1,0.0,1,0,2,3,162,0,5,1.0,0,0.0,Taliban
9353,0,0,0.0,1,0,3,15,1827,0,6,0.0,1,0.0,Boko Haram
9354,0,0,0.0,1,0,2,20,5448,0,5,13.0,1,0.0,Nicaraguan Democratic Force (FDN)
9355,0,0,0.0,1,0,1,17,3216,0,5,1.0,0,0.0,Irish Republican Army (IRA)
9356,0,0,1.0,0,0,3,2,1637,0,6,0.0,1,0.0,Sikh Extremists
9357,0,1,0.0,0,0,3,4,435,0,6,0.0,1,0.0,African National Congress (South Africa)
9358,0,1,0.0,1,0,3,4,5642,0,6,0.0,1,0.0,Palestinians
9359,0,0,0.0,0,0,3,1,3160,0,6,0.0,1,0.0,Irish Republican Army (IRA)
9360,0,0,0.0,1,0,3,4,5351,0,6,18.0,1,0.0,Nicaraguan Democratic Force (FDN)
9361,0,0,0.0,1,0,3,3,85,0,6,0.0,1,0.0,Revolutionary Armed Forces of Colombia (FARC)
9362,0,0,0.0,1,0,6,14,13,0,5,16.0,0,1.0,Islamic State of Iraq and the Levant (ISIL)
9363,0,0,0.0,1,0,2,14,1967,0,5,3.0,0,0.0,Communist Party of India - Maoist (CPI-Maoist)
9364,0,1,0.0,1,0,3,4,167,0,6,12.0,-9,0.0,Al-Qaida in the Arabian Peninsula (AQAP)
9365,0,0,0.0,1,0,1,1,5237,0,5,2.0,0,0.0,New People's Army (NPA)
9366,0,0,0.0,1,0,2,4,2660,0,5,1.0,1,0.0,Nicaraguan Democratic Force (FDN)
9367,0,0,0.0,1,0,2,2,5350,0,5,5.0,1,0.0,Nicaraguan Democratic Force (FDN)
9368,0,1,0.0,1,0,2,4,172,0,5,3.0,1,0.0,Kurdistan Workers' Party (PKK)
9369,0,0,0.0,1,0,2,4,803,0,5,8.0,1,0.0,Revolutionary Armed Forces of Colombia (FARC)
9370,0,0,0.0,1,0,3,4,1226,0,6,0.0,1,0.0,Al-Shabaab
9371,1,0,0.0,1,0,6,14,27,0,9,1.0,0,1.0,Fulani extremists
9372,0,0,0.0,1,1,3,17,3860,0,6,4.0,-9,0.0,Liberation Tigers of Tamil Eelam (LTTE)
9373,0,0,0.0,1,0,3,3,1581,0,6,2.0,1,0.0,Basque Fatherland and Freedom (ETA)
9374,0,0,0.0,1,1,3,2,3850,0,6,2.0,1,0.0,Liberation Tigers of Tamil Eelam (LTTE)
9375,0,0,0.0,1,0,2,15,3784,0,5,30.0,1,0.0,Liberation Tigers of Tamil Eelam (LTTE)
9376,0,0,0.0,0,0,3,9,199,0,6,0.0,0,0.0,Abu Sayyaf Group (ASG)
9377,0,0,0.0,0,0,1,3,1611,0,5,0.0,0,0.0,Basque Fatherland and Freedom (ETA)
9378,0,0,0.0,1,0,3,4,48,0,6,3.0,-9,0.0,Houthi extremists (Ansar Allah)
9379,0,0,0.0,1,0,3,22,3481,0,6,0.0,1,0.0,Islamic State of Iraq and the Levant (ISIL)
9380,0,0,0.0,1,1,3,4,899,0,6,15.0,1,0.0,Al-Qaida in the Arabian Peninsula (AQAP)
9381,0,0,0.0,1,0,2,4,3851,0,5,2.0,1,0.0,Liberation Tigers of Tamil Eelam (LTTE)
9382,0,0,0.0,0,1,3,20,6,0,6,0.0,0,0.0,Islamic State of Iraq and the Levant (ISIL)
9383,0,0,0.0,1,0,3,1,2345,0,6,0.0,1,0.0,Corsican National Liberation Front (FLNC)
9384,0,0,0.0,1,0,1,14,5724,0,5,1.0,0,0.0,Palestinians
9385,0,0,1.0,1,0,2,19,56,0,8,0.0,1,0.0,Manuel Rodriguez Patriotic Front (FPMR)
9386,0,0,0.0,1,1,3,1,826,0,6,23.0,1,0.0,Al-Shabaab
9387,0,0,0.0,1,0,2,12,7039,0,5,1.0,0,0.0,Tehrik-i-Taliban Pakistan (TTP)
9388,0,0,0.0,1,0,2,3,4928,0,5,0.0,1,0.0,National Liberation Army of Colombia (ELN)
9389,0,0,0.0,1,0,3,3,3102,0,6,1.0,1,0.0,Irish Republican Army (IRA)
9390,0,0,0.0,1,0,2,14,5203,0,5,1.0,0,0.0,New People's Army (NPA)
9391,0,0,0.0,0,0,6,3,1904,0,5,17.0,0,0.0,Boko Haram
9392,0,0,0.0,1,0,2,4,803,0,5,28.0,1,0.0,Liberation Tigers of Tamil Eelam (LTTE)
9393,1,0,0.0,1,0,6,14,3920,0,9,3.0,1,1.0,Liberation Tigers of Tamil Eelam (LTTE)
9394,1,0,0.0,1,0,6,14,5062,0,5,1.0,0,1.0,New People's Army (NPA)
9395,0,0,1.0,1,0,2,14,27,0,5,2.0,1,0.0,Fulani extremists
9396,0,1,0.0,1,0,3,19,3535,0,6,0.0,1,0.0,Kurdistan Workers' Party (PKK)
9397,0,0,0.0,1,0,2,14,7251,0,5,2.0,1,0.0,Tupac Amaru Revolutionary Movement (MRTA)
9398,0,0,1.0,1,0,2,14,27,0,5,1.0,1,0.0,Fulani extremists
9399,0,0,0.0,1,0,3,3,644,0,6,1.0,1,0.0,Basque Fatherland and Freedom (ETA)
9400,0,0,1.0,1,0,3,2,801,0,6,0.0,1,0.0,Corsican National Liberation Front (FLNC)
9401,0,0,0.0,1,0,3,4,330,0,6,0.0,1,0.0,Taliban
9402,0,0,0.0,1,0,3,10,219,0,6,0.0,1,0.0,Islamic State of Iraq and the Levant (ISIL)
9403,0,0,0.0,1,0,2,3,2716,0,5,1.0,1,0.0,Farabundo Marti National Liberation Front (FMLN)
9404,0,0,0.0,1,0,3,3,167,0,6,0.0,-9,0.0,Houthi extremists (Ansar Allah)
9405,0,1,0.0,1,0,3,3,4357,0,6,1.0,-9,0.0,Maoists
9406,0,0,0.0,1,0,3,21,2659,0,6,0.0,1,0.0,Shining Path (SL)
9407,0,0,0.0,1,0,3,14,6583,0,6,4.0,1,0.0,Sikh Extremists
9408,0,0,0.0,1,0,7,1,4362,0,8,0.0,1,0.0,Maoists
9409,0,0,0.0,1,0,2,4,2660,0,5,8.0,1,0.0,Nicaraguan Democratic Force (FDN)
9410,0,0,0.0,0,0,3,1,236,0,6,0.0,0,0.0,Abu Sayyaf Group (ASG)
9411,0,0,0.0,1,0,2,4,3592,0,5,2.0,-9,0.0,Kurdistan Workers' Party (PKK)
9412,0,0,0.0,1,0,2,3,2958,0,5,1.0,0,0.0,Taliban
9413,0,0,1.0,1,0,2,4,2610,0,6,0.0,-9,0.0,Donetsk People's Republic
9414,0,0,0.0,1,0,3,22,767,0,6,0.0,1,0.0,Houthi extremists (Ansar Allah)
9415,0,1,0.0,1,0,2,4,1261,0,5,1.0,-9,0.0,Al-Shabaab
9416,0,0,0.0,1,0,3,14,3020,0,6,0.0,1,0.0,Houthi extremists (Ansar Allah)
9417,0,0,0.0,1,0,1,17,4338,0,5,2.0,1,0.0,Maoists
9418,0,0,0.0,1,0,3,8,51,0,6,0.0,1,0.0,Tehrik-i-Taliban Pakistan (TTP)
9419,0,0,0.0,1,1,3,14,13,0,6,6.0,1,0.0,Islamic State of Iraq and the Levant (ISIL)
9420,0,0,0.0,1,0,2,4,2660,0,5,3.0,1,0.0,National Liberation Army of Colombia (ELN)
9421,0,0,0.0,1,0,3,4,4613,0,6,1.0,-9,0.0,Muslim extremists
9422,1,0,0.0,1,0,6,1,767,0,5,3.0,1,1.0,Al-Qaida in Iraq
9423,0,0,0.0,1,0,2,4,1080,0,5,1.0,1,0.0,Al-Qaida in the Arabian Peninsula (AQAP)
9424,0,0,0.0,1,0,2,3,452,0,5,0.0,1,0.0,African National Congress (South Africa)
9425,0,0,0.0,1,0,3,14,6506,0,6,0.0,1,0.0,Sikh Extremists
9426,0,0,0.0,0,0,2,4,48,0,5,0.0,0,0.0,Donetsk People's Republic
9427,0,0,0.0,1,0,3,2,1095,0,6,2.0,1,0.0,Al-Qaida in the Arabian Peninsula (AQAP)
9428,0,0,0.0,1,0,2,3,557,0,5,1.0,1,0.0,Shining Path (SL)
9429,0,0,0.0,1,0,3,1,2753,0,6,0.0,1,0.0,Manuel Rodriguez Patriotic Front (FPMR)
9430,0,0,1.0,1,0,2,14,27,0,5,15.0,1,0.0,Fulani extremists
9431,0,0,1.0,1,0,3,1,1557,0,6,1.0,1,0.0,National Liberation Army of Colombia (ELN)
9432,0,0,0.0,1,0,2,4,3118,0,5,1.0,0,0.0,Irish Republican Army (IRA)
9433,0,0,0.0,1,0,1,17,6479,0,5,1.0,0,0.0,Sikh Extremists
9434,0,0,0.0,1,0,3,4,3435,0,6,2.0,1,0.0,Islamic State of Iraq and the Levant (ISIL)
9435,0,0,0.0,1,1,3,4,20,0,6,2.0,0,0.0,Islamic State of Iraq and the Levant (ISIL)
9436,0,0,0.0,1,0,3,14,1257,0,6,1.0,0,0.0,Al-Shabaab
9437,0,0,0.0,1,0,3,3,3778,0,6,2.0,1,0.0,Liberation Tigers of Tamil Eelam (LTTE)
9438,0,0,0.0,1,0,3,14,1901,0,6,16.0,1,0.0,Boko Haram
9439,0,0,0.0,1,0,1,2,4460,0,5,1.0,0,1.0,Maoists
9440,0,0,0.0,1,0,3,14,429,0,6,2.0,1,0.0,African National Congress (South Africa)
9441,0,0,0.0,1,0,1,14,5515,0,9,1.0,0,0.0,Palestinians
9442,0,0,0.0,1,0,3,2,2376,0,6,0.0,1,0.0,Corsican National Liberation Front (FLNC)
9443,0,1,0.0,1,0,3,6,498,0,6,0.0,-9,0.0,Al-Shabaab
9444,0,0,0.0,1,0,3,1,4126,0,6,0.0,1,0.0,Manuel Rodriguez Patriotic Front (FPMR)
9445,0,0,0.0,1,1,3,2,1225,0,6,6.0,1,0.0,Al-Shabaab
9446,0,0,0.0,1,0,3,19,2816,0,6,0.0,1,0.0,Farabundo Marti National Liberation Front (FMLN)
9447,0,0,0.0,0,0,3,15,5619,0,6,1.0,1,0.0,Palestinians
9448,0,0,1.0,1,0,3,1,1557,0,6,0.0,1,0.0,Corsican National Liberation Front (FLNC)
9449,0,0,1.0,1,0,7,1,1077,0,8,0.0,1,0.0,Basque Fatherland and Freedom (ETA)
9450,0,0,0.0,1,0,2,4,803,0,5,8.0,1,0.0,Liberation Tigers of Tamil Eelam (LTTE)
9451,0,0,1.0,1,0,6,14,2187,0,9,1.0,0,1.0,Communist Party of India - Maoist (CPI-Maoist)
9452,0,0,0.0,1,0,1,14,4860,0,5,2.0,0,0.0,National Liberation Army of Colombia (ELN)
9453,0,0,0.0,1,0,3,14,5562,0,6,1.0,1,0.0,Palestinians
9454,0,0,0.0,1,0,3,10,4202,0,6,0.0,1,0.0,Manuel Rodriguez Patriotic Front (FPMR)
9455,0,0,1.0,1,0,3,9,7249,0,6,1.0,1,0.0,Tupac Amaru Revolutionary Movement (MRTA)
9456,0,0,0.0,0,0,7,1,3147,0,8,0.0,1,0.0,Irish Republican Army (IRA)
9457,0,0,0.0,1,0,3,3,639,0,6,0.0,0,0.0,African National Congress (South Africa)
9458,0,0,0.0,1,0,3,3,2205,0,6,2.0,-9,0.0,Communist Party of India - Maoist (CPI-Maoist)
9459,0,0,0.0,1,1,3,17,402,0,6,16.0,1,0.0,Al-Qaida in the Arabian Peninsula (AQAP)
9460,0,0,0.0,1,0,3,1,6449,0,6,0.0,1,0.0,Sikh Extremists
9461,0,0,0.0,1,0,2,4,268,0,5,1.0,0,0.0,Al-Shabaab
9462,0,0,0.0,1,0,3,2,4620,0,6,0.0,-9,0.0,Muslim extremists
9463,0,0,0.0,1,0,3,4,3025,0,6,3.0,1,0.0,Houthi extremists (Ansar Allah)
9464,0,0,0.0,1,1,3,17,20,0,6,4.0,0,0.0,Al-Qaida in the Arabian Peninsula (AQAP)
9465,0,0,0.0,1,0,1,14,797,0,5,2.0,0,0.0,Al-Qaida in Iraq
9466,0,0,0.0,1,1,3,17,995,0,6,3.0,0,0.0,Al-Qaida in the Arabian Peninsula (AQAP)
9467,0,0,0.0,0,1,3,4,3460,0,6,5.0,0,0.0,Islamic State of Iraq and the Levant (ISIL)
9468,0,0,0.0,1,0,2,4,803,0,5,15.0,1,0.0,Nicaraguan Democratic Force (FDN)
9469,0,0,0.0,1,0,2,4,2660,0,5,0.0,1,0.0,Liberation Tigers of Tamil Eelam (LTTE)
9470,0,0,0.0,1,0,3,3,2432,0,6,12.0,1,0.0,National Liberation Army of Colombia (ELN)
9471,1,1,0.0,1,0,6,2,9,0,5,1.0,0,1.0,Abu Sayyaf Group (ASG)
9472,0,1,0.0,1,0,2,3,12,0,6,1.0,0,0.0,Maoists
9473,0,0,0.0,1,0,3,4,3893,0,6,18.0,1,0.0,Liberation Tigers of Tamil Eelam (LTTE)
9474,0,0,0.0,1,0,3,14,13,0,6,0.0,0,0.0,Islamic State of Iraq and the Levant (ISIL)
9475,0,1,0.0,1,0,2,3,4469,0,5,1.0,0,0.0,Maoists
9476,0,0,1.0,1,0,2,14,27,0,5,1.0,0,0.0,Boko Haram
9477,0,1,0.0,1,0,3,21,453,0,6,0.0,1,0.0,African National Congress (South Africa)
9478,0,0,0.0,1,0,3,20,6,0,6,2.0,0,0.0,Maoists
9479,0,0,0.0,1,0,2,4,803,0,5,4.0,1,0.0,Liberation Tigers of Tamil Eelam (LTTE)
9480,0,0,0.0,1,1,3,17,6,0,6,3.0,1,0.0,Al-Qaida in Iraq
9481,0,0,0.0,1,0,3,4,5100,0,6,0.0,-9,0.0,New People's Army (NPA)
9482,0,0,1.0,1,0,3,14,13,0,6,1.0,0,0.0,Al-Qaida in Iraq
9483,0,0,1.0,1,0,3,2,2489,0,6,0.0,1,0.0,Corsican National Liberation Front (FLNC)
9484,0,0,0.0,1,0,7,1,2194,0,8,0.0,1,0.0,Communist Party of India - Maoist (CPI-Maoist)
9485,0,0,0.0,0,0,3,6,264,0,6,0.0,0,0.0,Abu Sayyaf Group (ASG)
9486,1,0,0.0,1,0,6,3,219,0,5,1.0,1,1.0,Donetsk People's Republic
9487,1,0,0.0,1,0,6,8,7025,0,5,0.0,0,1.0,Tehrik-i-Taliban Pakistan (TTP)
9488,0,0,0.0,1,0,3,2,1245,0,6,2.0,1,0.0,Al-Shabaab
9489,0,0,0.0,1,0,2,4,20,0,5,3.0,0,0.0,Muslim extremists
9490,0,0,0.0,1,0,2,19,2771,0,8,0.0,1,0.0,Manuel Rodriguez Patriotic Front (FPMR)
9491,0,0,0.0,1,0,2,4,12,0,5,3.0,1,0.0,Al-Qaida in the Arabian Peninsula (AQAP)
9492,0,0,1.0,1,0,7,1,1989,0,5,0.0,1,0.0,Communist Party of India - Maoist (CPI-Maoist)
9493,0,0,1.0,1,0,3,15,3495,0,6,0.0,1,0.0,Islamic State of Iraq and the Levant (ISIL)
9494,0,0,0.0,1,0,3,4,2642,0,6,0.0,0,0.0,Kurdistan Workers' Party (PKK)
9495,0,0,0.0,1,0,3,14,13,0,6,3.0,0,0.0,Taliban
9496,0,0,0.0,1,0,3,14,1812,0,6,0.0,-9,0.0,Houthi extremists (Ansar Allah)
9497,0,0,0.0,1,1,3,4,836,0,6,7.0,-9,0.0,Al-Qaida in Iraq
9498,0,0,0.0,1,0,3,14,1292,0,6,58.0,1,0.0,Houthi extremists (Ansar Allah)
9499,0,1,1.0,1,0,3,17,305,0,6,0.0,1,0.0,Tehrik-i-Taliban Pakistan (TTP)
9500,0,1,0.0,1,0,3,4,48,0,6,1.0,1,0.0,Kurdistan Workers' Party (PKK)
9501,0,0,1.0,1,0,2,14,27,0,5,0.0,0,0.0,Boko Haram
9502,0,0,0.0,1,0,2,14,1990,0,9,1.0,0,0.0,Communist Party of India - Maoist (CPI-Maoist)
9503,0,1,0.0,1,0,1,14,66,0,9,1.0,0,0.0,Abu Sayyaf Group (ASG)
9504,0,0,1.0,1,0,3,4,167,0,6,0.0,0,0.0,Muslim extremists
9505,0,0,1.0,1,0,2,14,1812,0,6,32.0,-9,0.0,Boko Haram
9506,1,0,0.0,1,0,6,2,3914,0,5,0.0,0,1.0,Liberation Tigers of Tamil Eelam (LTTE)
9507,0,0,0.0,1,0,2,4,2733,0,5,0.0,1,0.0,Farabundo Marti National Liberation Front (FMLN)
9508,0,0,0.0,1,0,2,14,27,0,5,27.0,1,0.0,Fulani extremists
9509,0,0,1.0,1,0,2,14,13,0,5,2.0,0,0.0,Fulani extremists
9510,0,1,1.0,1,0,3,21,6007,0,6,0.0,1,0.0,Revolutionary Armed Forces of Colombia (FARC)
9511,0,0,0.0,1,0,3,4,48,0,6,0.0,-9,0.0,Donetsk People's Republic
9512,0,0,0.0,1,0,2,3,3961,0,5,3.0,1,0.0,Sikh Extremists
9513,0,0,0.0,1,0,2,3,1126,0,5,5.0,0,0.0,Communist Party of India - Maoist (CPI-Maoist)
9514,0,0,1.0,0,0,3,3,4662,0,6,0.0,0,0.0,Muslim extremists
9515,0,0,0.0,1,0,2,3,20,0,5,3.0,0,0.0,Taliban
9516,0,0,1.0,1,0,2,14,27,0,5,2.0,0,0.0,Fulani extremists
9517,0,1,0.0,1,0,2,3,803,0,5,3.0,1,0.0,Sikh Extremists
9518,0,0,0.0,1,0,3,1,2686,0,6,0.0,1,0.0,Farabundo Marti National Liberation Front (FMLN)
9519,0,0,0.0,1,0,3,20,6,0,6,3.0,0,0.0,Muslim extremists
9520,0,0,0.0,1,0,3,19,2081,0,6,0.0,1,0.0,Communist Party of India - Maoist (CPI-Maoist)
9521,0,0,0.0,1,0,3,15,2407,0,6,0.0,1,0.0,Corsican National Liberation Front (FLNC)
9522,0,0,1.0,1,0,3,1,1077,0,6,0.0,1,0.0,Corsican National Liberation Front (FLNC)
9523,0,0,0.0,1,0,1,14,6815,0,5,1.0,0,0.0,Taliban
9524,0,0,0.0,1,0,2,14,4472,0,9,1.0,0,0.0,Maoists
9525,0,0,0.0,1,0,2,4,12,0,5,6.0,1,0.0,Liberation Tigers of Tamil Eelam (LTTE)
9526,0,0,1.0,1,0,3,20,6,0,6,0.0,-9,0.0,Boko Haram
9527,0,0,0.0,1,0,2,8,6544,0,5,8.0,1,0.0,Sikh Extremists
9528,0,1,0.0,1,0,2,22,2215,0,5,1.0,0,1.0,Communist Party of India - Maoist (CPI-Maoist)
9529,0,0,0.0,0,0,3,2,989,0,6,0.0,0,0.0,Al-Qaida in the Arabian Peninsula (AQAP)
9530,0,0,0.0,0,0,1,17,3026,0,6,0.0,1,0.0,Houthi extremists (Ansar Allah)
9531,0,1,0.0,0,1,1,2,7090,0,6,7.0,1,0.0,Tehrik-i-Taliban Pakistan (TTP)
9532,0,0,0.0,1,0,2,1,1077,0,5,1.0,1,1.0,Revolutionary Armed Forces of Colombia (FARC)
9533,0,0,0.0,1,0,2,4,2563,0,6,0.0,-9,0.0,Donetsk People's Republic
9534,0,0,0.0,0,0,2,4,65,0,5,0.0,0,0.0,Abu Sayyaf Group (ASG)
9535,0,0,0.0,1,0,3,4,59,0,6,0.0,1,0.0,New People's Army (NPA)
9536,0,0,0.0,1,0,1,22,6578,0,5,4.0,0,0.0,Sikh Extremists
9537,0,0,0.0,1,0,2,4,3290,0,5,1.0,0,0.0,Irish Republican Army (IRA)
9538,0,0,0.0,1,0,3,8,2216,0,6,0.0,1,0.0,Communist Party of India - Maoist (CPI-Maoist)
9539,0,0,1.0,1,0,2,4,2610,0,6,3.0,1,0.0,Tehrik-i-Taliban Pakistan (TTP)
9540,0,0,0.0,1,0,2,19,4818,0,8,0.0,1,0.0,National Liberation Army of Colombia (ELN)
9541,0,0,0.0,1,0,7,14,2911,0,8,0.0,1,0.0,Fulani extremists
9542,0,0,0.0,1,0,3,1,208,0,6,3.0,1,0.0,Abu Sayyaf Group (ASG)
9543,0,0,0.0,1,0,1,4,3308,0,5,1.0,0,0.0,Irish Republican Army (IRA)
9544,0,0,0.0,1,0,1,15,6531,0,5,3.0,0,0.0,Sikh Extremists
9545,0,0,0.0,1,0,6,4,3635,0,5,0.0,0,1.0,Kurdistan Workers' Party (PKK)
9546,0,0,0.0,1,0,1,3,1290,0,5,2.0,0,0.0,Revolutionary Armed Forces of Colombia (FARC)
9547,0,0,1.0,1,0,2,3,1828,0,6,21.0,1,0.0,Boko Haram
9548,0,0,0.0,1,0,1,14,2751,0,5,1.0,0,0.0,Farabundo Marti National Liberation Front (FMLN)
9549,0,0,0.0,1,0,2,14,908,0,5,1.0,0,0.0,Liberation Tigers of Tamil Eelam (LTTE)
9550,0,0,0.0,1,0,2,17,2089,0,5,1.0,0,0.0,Communist Party of India - Maoist (CPI-Maoist)
9551,0,0,0.0,0,0,1,4,3190,0,6,0.0,0,0.0,Irish Republican Army (IRA)
9552,1,0,1.0,1,0,2,14,27,0,5,2.0,0,-9.0,Fulani extremists
9553,0,0,0.0,1,0,3,14,5607,0,6,0.0,1,0.0,Shining Path (SL)
9554,0,0,0.0,1,0,7,1,5363,0,5,0.0,1,0.0,Nicaraguan Democratic Force (FDN)
9555,0,0,1.0,1,0,3,1,740,0,6,1.0,1,0.0,Al-Qaida in Iraq
9556,0,1,0.0,0,0,1,2,4958,0,5,0.0,0,0.0,National Liberation Army of Colombia (ELN)
9557,0,0,0.0,1,1,3,4,402,0,6,3.0,0,0.0,Al-Shabaab
9558,0,0,1.0,1,0,3,14,1812,0,6,1.0,-9,0.0,Houthi extremists (Ansar Allah)
9559,0,0,0.0,1,0,3,1,3480,0,6,2.0,-9,0.0,Islamic State of Iraq and the Levant (ISIL)
9560,0,0,0.0,0,0,2,3,175,0,6,0.0,0,0.0,Muslim extremists
9561,0,0,0.0,1,0,2,1,3779,0,5,8.0,0,0.0,Liberation Tigers of Tamil Eelam (LTTE)
9562,0,0,0.0,1,0,2,18,3499,0,9,0.0,0,0.0,Palestinians
9563,0,0,1.0,1,0,2,14,2883,0,5,15.0,1,0.0,Fulani extremists
9564,0,0,0.0,1,0,3,3,575,0,6,0.0,1,0.0,African National Congress (South Africa)
9565,0,0,0.0,1,0,3,14,2953,0,6,5.0,-9,0.0,Houthi extremists (Ansar Allah)
9566,1,0,0.0,1,0,6,12,6981,0,5,0.0,0,1.0,Tehrik-i-Taliban Pakistan (TTP)
9567,0,0,0.0,1,1,3,7,13,0,6,5.0,1,0.0,Tehrik-i-Taliban Pakistan (TTP)
9568,0,0,0.0,0,0,1,2,6832,0,5,0.0,1,0.0,Taliban
9569,0,0,1.0,1,1,3,4,20,0,6,2.0,-9,0.0,Islamic State of Iraq and the Levant (ISIL)
9570,0,0,0.0,1,0,2,4,681,0,5,6.0,1,0.0,Farabundo Marti National Liberation Front (FMLN)
9571,0,0,0.0,1,0,3,8,51,0,6,2.0,-9,0.0,Islamic State of Iraq and the Levant (ISIL)
9572,0,0,0.0,1,0,3,19,3751,0,6,0.0,1,0.0,Liberation Tigers of Tamil Eelam (LTTE)
9573,0,1,1.0,1,0,2,3,20,0,5,0.0,0,0.0,Muslim extremists
9574,0,0,0.0,1,0,7,1,4386,0,8,0.0,1,0.0,Maoists
9575,1,0,0.0,1,0,6,14,1950,0,9,2.0,0,1.0,Communist Party of India - Maoist (CPI-Maoist)
9576,0,0,1.0,0,0,3,20,6,0,6,0.0,0,0.0,Abu Sayyaf Group (ASG)
9577,0,0,1.0,1,0,3,4,402,0,6,0.0,-9,0.0,Donetsk People's Republic
9578,0,0,0.0,1,0,3,1,7304,0,6,0.0,1,0.0,Tupac Amaru Revolutionary Movement (MRTA)
9579,0,0,0.0,1,0,3,6,7315,0,6,0.0,1,0.0,Tupac Amaru Revolutionary Movement (MRTA)
9580,0,1,0.0,1,0,2,4,2581,0,5,0.0,1,0.0,Donetsk People's Republic
9581,0,0,0.0,1,0,3,3,85,0,6,0.0,-9,0.0,Muslim extremists
9582,0,0,1.0,1,0,2,3,2958,0,6,3.0,-9,0.0,Taliban
9583,0,0,0.0,1,0,2,2,5402,0,5,9.0,1,0.0,Nicaraguan Democratic Force (FDN)
9584,0,0,0.0,1,0,2,4,803,0,5,2.0,1,0.0,Palestinians
9585,0,0,0.0,1,0,3,20,1642,0,6,1.0,1,0.0,Irish Republican Army (IRA)
9586,0,0,0.0,1,0,2,3,5187,0,5,1.0,0,0.0,New People's Army (NPA)
9587,0,0,0.0,1,0,3,14,848,0,6,1.0,0,0.0,Al-Qaida in Iraq
9588,0,0,1.0,1,0,3,16,2749,0,6,0.0,1,0.0,Farabundo Marti National Liberation Front (FMLN)
9589,0,0,0.0,1,0,3,1,5824,0,6,0.0,1,0.0,Revolutionary Armed Forces of Colombia (FARC)
9590,0,0,0.0,0,0,3,4,402,0,6,1.0,0,0.0,Al-Shabaab
9591,0,0,0.0,1,0,3,19,2559,0,6,0.0,1,0.0,Donetsk People's Republic
9592,0,0,0.0,1,0,3,21,4084,0,6,0.0,1,0.0,Manuel Rodriguez Patriotic Front (FPMR)
9593,0,0,0.0,1,0,3,6,4439,0,6,0.0,1,0.0,Maoists
9594,0,0,0.0,1,0,2,4,234,0,5,0.0,1,0.0,Abu Sayyaf Group (ASG)
9595,0,0,0.0,0,0,3,15,6435,0,6,0.0,0,0.0,Sikh Extremists
9596,0,0,1.0,1,0,2,4,2563,0,6,1.0,-9,0.0,Donetsk People's Republic
9597,0,1,0.0,1,0,3,21,5874,0,6,0.0,1,0.0,Revolutionary Armed Forces of Colombia (FARC)
9598,0,0,0.0,1,0,2,4,56,0,5,0.0,1,0.0,Muslim extremists
9599,0,0,0.0,1,0,1,1,6475,0,5,1.0,0,0.0,Sikh Extremists
9600,0,0,0.0,1,1,3,1,834,0,6,1.0,-9,0.0,Islamic State of Iraq and the Levant (ISIL)
9601,0,0,1.0,1,0,3,14,2336,0,6,0.0,1,0.0,Corsican National Liberation Front (FLNC)
9602,0,0,1.0,1,0,5,19,1971,0,5,0.0,1,1.0,Communist Party of India - Maoist (CPI-Maoist)
9603,0,0,0.0,1,0,3,19,1554,0,6,0.0,1,0.0,Basque Fatherland and Freedom (ETA)
9604,0,0,0.0,1,0,3,1,2413,0,6,0.0,1,0.0,Corsican National Liberation Front (FLNC)
9605,0,1,0.0,1,0,2,4,1868,0,5,208.0,-9,0.0,Boko Haram
9606,0,0,0.0,1,0,2,4,2660,0,5,0.0,1,0.0,Nicaraguan Democratic Force (FDN)
9607,0,0,0.0,1,0,3,14,2122,0,6,0.0,1,0.0,Communist Party of India - Maoist (CPI-Maoist)
9608,0,0,1.0,1,0,6,14,4323,0,9,1.0,0,1.0,Maoists
9609,0,0,0.0,1,0,2,15,215,0,5,27.0,-9,0.0,Fulani extremists
9610,0,0,0.0,1,0,3,14,4336,0,6,1.0,1,0.0,Maoists
9611,0,0,0.0,1,0,1,2,1641,0,5,1.0,0,0.0,Basque Fatherland and Freedom (ETA)
9612,0,0,0.0,0,0,2,4,48,0,5,0.0,0,0.0,New People's Army (NPA)
9613,0,0,1.0,1,0,3,14,367,0,6,0.0,1,0.0,Taliban
9614,0,0,0.0,1,0,2,3,1589,0,5,0.0,1,0.0,Basque Fatherland and Freedom (ETA)
9615,0,1,0.0,1,0,2,3,4665,0,5,2.0,0,0.0,Muslim extremists
9616,0,0,0.0,1,0,2,14,6477,0,5,5.0,1,0.0,Sikh Extremists
9617,0,1,0.0,1,0,3,3,85,0,6,0.0,0,0.0,Maoists
9618,0,0,1.0,1,0,3,16,5109,0,6,0.0,1,0.0,New People's Army (NPA)
9619,0,0,0.0,1,0,3,3,175,0,6,1.0,1,0.0,Al-Shabaab
9620,0,0,0.0,1,0,7,1,5115,0,8,0.0,1,0.0,New People's Army (NPA)
9621,0,0,0.0,1,0,2,4,2660,0,5,9.0,1,0.0,Nicaraguan Democratic Force (FDN)
9622,0,0,0.0,1,0,2,3,6422,0,5,2.0,1,0.0,Sikh Extremists
9623,0,0,0.0,1,0,2,4,2560,0,6,1.0,-9,0.0,Donetsk People's Republic
9624,0,1,1.0,1,0,2,2,781,0,5,1.0,-9,0.0,Al-Qaida in Iraq
9625,0,0,0.0,0,0,1,2,3489,0,6,0.0,1,0.0,Islamic State of Iraq and the Levant (ISIL)
9626,0,0,0.0,1,0,3,19,13,0,6,2.0,-9,0.0,Liberation Tigers of Tamil Eelam (LTTE)
9627,0,0,0.0,1,0,2,14,3457,0,5,1.0,0,0.0,Islamic State of Iraq and the Levant (ISIL)
9628,0,0,0.0,1,0,3,3,175,0,6,0.0,-9,0.0,Al-Shabaab
9629,0,0,1.0,1,0,2,4,1234,0,6,3.0,-9,0.0,Al-Shabaab
9630,0,0,1.0,1,0,3,14,13,0,6,0.0,0,0.0,Al-Qaida in Iraq
9631,0,0,0.0,1,0,7,8,73,0,8,0.0,1,0.0,Abu Sayyaf Group (ASG)
9632,0,0,0.0,1,0,3,21,2710,0,6,0.0,1,0.0,Manuel Rodriguez Patriotic Front (FPMR)
9633,0,0,0.0,1,0,1,2,6318,0,5,1.0,0,0.0,Shining Path (SL)
9634,0,0,0.0,1,0,2,4,5540,0,5,0.0,1,0.0,Palestinians
9635,0,0,1.0,1,0,2,19,56,0,8,0.0,1,0.0,Manuel Rodriguez Patriotic Front (FPMR)
9636,1,0,1.0,1,0,6,2,4937,0,5,1.0,0,1.0,National Liberation Army of Colombia (ELN)
9637,0,0,1.0,0,1,3,4,0,0,6,15.0,0,0.0,Islamic State of Iraq and the Levant (ISIL)
9638,0,0,0.0,1,0,6,4,2277,0,5,12.0,0,1.0,Liberation Tigers of Tamil Eelam (LTTE)
9639,0,0,0.0,1,0,3,14,205,0,6,0.0,-9,0.0,Donetsk People's Republic
9640,0,0,0.0,1,0,2,4,803,0,5,11.0,1,0.0,Farabundo Marti National Liberation Front (FMLN)
9641,0,0,0.0,0,0,1,2,3315,0,5,0.0,0,0.0,Irish Republican Army (IRA)
9642,0,0,1.0,1,0,2,1,999,0,8,9.0,1,0.0,Al-Qaida in the Arabian Peninsula (AQAP)
9643,0,0,0.0,1,0,3,21,5837,0,6,0.0,1,0.0,Revolutionary Armed Forces of Colombia (FARC)
9644,0,0,0.0,1,0,3,4,330,0,6,1.0,-9,0.0,Muslim extremists
9645,0,0,0.0,1,0,3,3,12,0,6,0.0,0,0.0,Islamic State of Iraq and the Levant (ISIL)
9646,0,0,0.0,1,0,3,1,626,0,6,0.0,1,0.0,African National Congress (South Africa)
9647,0,1,0.0,1,0,3,4,2570,0,6,1.0,1,0.0,Donetsk People's Republic
9648,0,0,0.0,1,0,1,10,4626,0,5,1.0,0,0.0,Muslim extremists
9649,0,0,0.0,1,0,3,1,5227,0,6,0.0,1,0.0,New People's Army (NPA)
9650,0,0,0.0,1,0,3,2,1844,0,6,0.0,1,0.0,Muslim extremists
9651,0,0,0.0,1,0,3,3,2716,0,6,1.0,1,0.0,Shining Path (SL)
9652,0,0,0.0,1,0,7,3,767,0,5,0.0,1,0.0,Donetsk People's Republic
9653,0,0,0.0,1,0,2,14,6182,0,5,79.0,1,0.0,Shining Path (SL)
9654,1,0,0.0,1,0,6,3,5094,0,5,0.0,0,1.0,New People's Army (NPA)
9655,0,0,0.0,1,0,3,2,596,0,6,0.0,1,0.0,African National Congress (South Africa)
9656,0,0,0.0,1,0,2,14,1829,0,6,9.0,0,0.0,Boko Haram
9657,0,0,0.0,1,0,2,14,2747,0,5,10.0,1,0.0,Farabundo Marti National Liberation Front (FMLN)
9658,0,0,0.0,1,0,3,14,5858,0,6,6.0,1,0.0,Revolutionary Armed Forces of Colombia (FARC)
9659,0,0,0.0,1,0,2,3,1181,0,5,2.0,1,0.0,Kurdistan Workers' Party (PKK)
9660,0,0,0.0,1,0,7,19,2046,0,8,0.0,1,0.0,Communist Party of India - Maoist (CPI-Maoist)
9661,0,0,0.0,1,0,3,3,1574,0,6,0.0,1,0.0,Shining Path (SL)
9662,0,0,0.0,1,0,7,7,6317,0,8,0.0,1,0.0,Shining Path (SL)
9663,0,0,0.0,1,0,3,19,2567,0,6,2.0,1,0.0,Donetsk People's Republic
9664,0,0,1.0,1,0,3,14,1888,0,6,4.0,0,0.0,Taliban
9665,0,0,1.0,1,0,3,9,7249,0,6,1.0,1,0.0,Tupac Amaru Revolutionary Movement (MRTA)
9666,1,0,0.0,1,0,6,3,6030,0,5,10.0,1,1.0,Revolutionary Armed Forces of Colombia (FARC)
9667,0,0,0.0,1,0,3,19,2783,0,6,5.0,1,0.0,Farabundo Marti National Liberation Front (FMLN)
9668,0,0,0.0,1,0,2,4,2660,0,5,0.0,1,0.0,Nicaraguan Democratic Force (FDN)
9669,1,1,0.0,1,0,6,2,253,0,5,0.0,0,1.0,Abu Sayyaf Group (ASG)
9670,0,0,0.0,1,0,2,14,5644,0,5,1.0,1,0.0,Palestinians
9671,0,1,0.0,1,0,3,19,6976,0,6,0.0,1,0.0,Tehrik-i-Taliban Pakistan (TTP)
9672,0,0,0.0,0,0,1,14,3797,0,5,0.0,0,0.0,Liberation Tigers of Tamil Eelam (LTTE)
9673,0,0,0.0,1,0,7,2,4562,0,8,0.0,1,0.0,Muslim extremists
9674,0,1,0.0,1,0,2,4,228,0,5,11.0,1,0.0,Al-Shabaab
9675,0,0,0.0,1,0,2,4,48,0,5,0.0,0,0.0,Donetsk People's Republic
9676,0,0,0.0,1,0,3,4,3818,0,6,1.0,0,0.0,Liberation Tigers of Tamil Eelam (LTTE)
9677,1,0,0.0,1,0,6,2,4400,0,5,1.0,0,1.0,Maoists
9678,0,1,0.0,1,0,2,17,5566,0,5,0.0,1,0.0,Palestinians
9679,0,0,1.0,1,0,3,20,6,0,6,0.0,1,0.0,Revolutionary Armed Forces of Colombia (FARC)
9680,0,0,0.0,1,0,3,4,2993,0,6,15.0,0,0.0,Houthi extremists (Ansar Allah)
9681,0,1,0.0,1,0,3,3,330,0,6,6.0,1,0.0,Sikh Extremists
9682,0,0,1.0,1,0,3,3,330,0,6,1.0,1,0.0,Al-Qaida in Iraq
9683,0,0,0.0,0,1,3,12,3591,0,6,0.0,0,0.0,Kurdistan Workers' Party (PKK)
9684,0,0,0.0,1,0,2,14,2947,0,5,0.0,0,0.0,Houthi extremists (Ansar Allah)
9685,0,0,0.0,1,0,3,1,7258,0,6,0.0,1,0.0,Tupac Amaru Revolutionary Movement (MRTA)
9686,0,1,0.0,1,0,3,21,5906,0,6,0.0,1,0.0,Revolutionary Armed Forces of Colombia (FARC)
9687,0,0,0.0,1,0,2,4,3758,0,5,7.0,1,0.0,Liberation Tigers of Tamil Eelam (LTTE)
9688,0,1,0.0,1,0,3,4,12,0,6,0.0,1,0.0,National Liberation Army of Colombia (ELN)
9689,0,0,0.0,1,0,7,1,5901,0,8,0.0,1,0.0,Revolutionary Armed Forces of Colombia (FARC)
9690,0,0,0.0,1,0,2,4,2660,0,5,1.0,1,0.0,Nicaraguan Democratic Force (FDN)
9691,1,0,1.0,1,0,6,14,63,0,5,5.0,0,1.0,Abu Sayyaf Group (ASG)
9692,0,0,0.0,1,0,2,4,2660,0,5,1.0,1,0.0,Farabundo Marti National Liberation Front (FMLN)
9693,0,0,0.0,0,0,3,17,3096,0,6,1.0,1,0.0,Irish Republican Army (IRA)
9694,0,0,0.0,1,0,3,4,48,0,6,3.0,0,0.0,Al-Shabaab
9695,0,0,0.0,1,0,3,4,20,0,6,0.0,0,0.0,Donetsk People's Republic
9696,0,1,0.0,1,0,2,14,2099,0,5,1.0,-9,0.0,Tehrik-i-Taliban Pakistan (TTP)
9697,0,0,0.0,1,0,3,14,2605,0,6,0.0,1,0.0,Donetsk People's Republic
9698,0,0,0.0,1,0,2,4,2660,0,5,30.0,1,0.0,Nicaraguan Democratic Force (FDN)
9699,0,1,0.0,1,0,2,4,48,0,6,0.0,-9,0.0,Donetsk People's Republic
9700,0,1,0.0,1,0,2,4,2660,0,5,1.0,1,0.0,Nicaraguan Democratic Force (FDN)
9701,0,0,0.0,1,0,2,14,730,0,6,29.0,-9,0.0,Boko Haram
9702,0,0,1.0,1,0,3,1,1435,0,6,0.0,1,0.0,Basque Fatherland and Freedom (ETA)
9703,0,0,0.0,1,0,7,19,3151,0,8,0.0,1,0.0,Irish Republican Army (IRA)
9704,0,0,1.0,1,0,3,1,7189,0,6,0.0,1,0.0,Tupac Amaru Revolutionary Movement (MRTA)
9705,0,0,0.0,1,0,3,7,571,0,6,0.0,1,0.0,African National Congress (South Africa)
9706,0,0,0.0,0,0,7,1,7194,0,8,0.0,1,0.0,Tupac Amaru Revolutionary Movement (MRTA)
9707,0,0,0.0,1,0,3,7,4208,0,6,0.0,1,0.0,Tupac Amaru Revolutionary Movement (MRTA)
9708,0,0,0.0,1,1,3,3,844,0,6,13.0,1,0.0,Al-Qaida in Iraq
9709,0,0,0.0,0,0,3,1,1555,0,6,0.0,0,0.0,Basque Fatherland and Freedom (ETA)
9710,1,1,0.0,1,0,1,14,6930,0,9,2.0,0,1.0,Tehrik-i-Taliban Pakistan (TTP)
9711,0,0,0.0,0,0,9,2,2074,0,5,0.0,0,0.0,Communist Party of India - Maoist (CPI-Maoist)
9712,0,0,0.0,1,0,2,3,3663,0,5,1.0,0,0.0,Kurdistan Workers' Party (PKK)
9713,0,1,1.0,1,0,2,4,48,0,6,0.0,-9,0.0,Donetsk People's Republic
9714,0,0,0.0,1,0,2,4,2563,0,6,2.0,1,0.0,Donetsk People's Republic
9715,0,0,0.0,1,0,2,4,93,0,5,2.0,1,0.0,New People's Army (NPA)
9716,0,0,1.0,1,0,7,8,3558,0,8,0.0,1,0.0,Kurdistan Workers' Party (PKK)
9717,0,1,0.0,0,0,2,3,12,0,5,0.0,0,0.0,Maoists
9718,0,0,0.0,1,0,7,22,305,0,11,0.0,1,0.0,Communist Party of India - Maoist (CPI-Maoist)
9719,0,0,0.0,1,0,3,21,5352,0,6,1.0,1,0.0,Nicaraguan Democratic Force (FDN)
9720,0,0,0.0,0,0,1,1,5503,0,9,1.0,0,0.0,Palestinians
9721,0,0,0.0,1,0,3,17,305,0,6,9.0,-9,0.0,Houthi extremists (Ansar Allah)
9722,0,0,0.0,1,0,3,3,1574,0,6,4.0,1,0.0,National Liberation Army of Colombia (ELN)
9723,0,0,0.0,1,0,7,15,4121,0,8,0.0,1,0.0,National Liberation Army of Colombia (ELN)
9724,0,1,1.0,1,0,7,1,1557,0,8,0.0,1,0.0,Sikh Extremists
9725,0,0,0.0,1,0,7,1,5697,0,8,0.0,1,0.0,Palestinians
9726,0,0,0.0,1,0,3,14,1812,0,6,0.0,1,0.0,Houthi extremists (Ansar Allah)
9727,0,0,1.0,0,0,3,6,953,0,6,0.0,0,0.0,Al-Qaida in the Arabian Peninsula (AQAP)
9728,0,0,0.0,1,0,2,4,1034,0,5,2.0,0,0.0,Al-Qaida in the Arabian Peninsula (AQAP)
9729,0,0,0.0,1,0,3,21,2796,0,6,1.0,1,0.0,Shining Path (SL)
9730,0,0,0.0,1,0,2,4,2660,0,5,1.0,1,0.0,Nicaraguan Democratic Force (FDN)
9731,0,0,0.0,0,0,3,21,5914,0,6,0.0,0,0.0,Revolutionary Armed Forces of Colombia (FARC)
9732,0,0,0.0,1,0,2,4,4871,0,5,0.0,1,0.0,National Liberation Army of Colombia (ELN)
9733,0,0,0.0,1,0,7,10,801,0,8,0.0,1,0.0,Houthi extremists (Ansar Allah)
9734,0,0,0.0,1,0,3,1,1540,0,6,0.0,1,0.0,Basque Fatherland and Freedom (ETA)
9735,0,0,0.0,1,0,3,21,4174,0,6,1.0,1,0.0,Shining Path (SL)
9736,0,1,0.0,1,0,2,4,20,0,5,1.0,-9,0.0,Al-Qaida in the Arabian Peninsula (AQAP)
9737,0,0,0.0,1,0,3,2,767,0,6,0.0,1,0.0,Tupac Amaru Revolutionary Movement (MRTA)
9738,0,1,0.0,0,0,3,19,3589,0,6,0.0,1,0.0,Kurdistan Workers' Party (PKK)
9739,0,0,0.0,1,0,3,3,2022,0,6,0.0,1,0.0,Communist Party of India - Maoist (CPI-Maoist)
9740,0,0,0.0,0,0,3,1,1529,0,6,0.0,0,0.0,Basque Fatherland and Freedom (ETA)
9741,0,0,0.0,1,0,3,14,730,0,6,1.0,-9,0.0,Islamic State of Iraq and the Levant (ISIL)
9742,0,0,0.0,1,0,2,14,205,0,5,1.0,-9,0.0,Boko Haram
9743,0,0,0.0,1,0,2,14,7043,0,5,2.0,-9,0.0,Tehrik-i-Taliban Pakistan (TTP)
9744,0,0,0.0,1,0,3,2,5520,0,6,1.0,1,0.0,Palestinians
9745,0,0,1.0,1,0,3,1,4064,0,6,0.0,1,0.0,Manuel Rodriguez Patriotic Front (FPMR)
9746,0,0,1.0,1,0,3,14,13,0,6,3.0,1,0.0,Al-Qaida in Iraq
9747,1,0,1.0,1,0,6,14,27,0,5,5.0,1,1.0,Fulani extremists
9748,0,0,1.0,1,0,7,13,3664,0,8,0.0,1,0.0,Kurdistan Workers' Party (PKK)
9749,0,0,0.0,1,0,2,14,13,0,5,3.0,0,0.0,New People's Army (NPA)
9750,0,0,0.0,1,1,3,14,1862,0,6,2.0,-9,0.0,Boko Haram
9751,0,0,0.0,1,0,2,1,4380,0,5,0.0,1,0.0,Maoists
9752,0,0,0.0,1,0,3,4,5651,0,6,0.0,1,0.0,Palestinians
9753,0,1,0.0,1,0,3,19,233,0,6,0.0,1,0.0,Islamic State of Iraq and the Levant (ISIL)
9754,0,0,0.0,0,0,3,2,966,0,6,0.0,1,0.0,Tupac Amaru Revolutionary Movement (MRTA)
9755,0,0,1.0,1,0,2,14,27,0,5,1.0,0,0.0,Fulani extremists
9756,0,0,0.0,1,0,3,1,7346,0,6,0.0,1,0.0,Tupac Amaru Revolutionary Movement (MRTA)
9757,0,0,0.0,1,1,3,14,7041,0,6,100.0,1,0.0,Tehrik-i-Taliban Pakistan (TTP)
9758,0,0,0.0,1,0,1,10,4574,0,5,1.0,0,0.0,Muslim extremists
9759,0,0,0.0,1,0,2,3,2716,0,5,1.0,1,0.0,Shining Path (SL)
9760,0,0,0.0,1,0,2,4,12,0,5,1.0,-9,0.0,National Liberation Army of Colombia (ELN)
9761,0,0,1.0,1,0,3,1,1769,0,6,0.0,1,0.0,Shining Path (SL)
9762,0,0,0.0,1,0,2,4,803,0,5,0.0,1,0.0,Nicaraguan Democratic Force (FDN)
9763,0,0,1.0,1,0,3,14,13,0,6,2.0,-9,0.0,Al-Qaida in Iraq
9764,0,0,1.0,1,0,6,14,27,0,5,2.0,1,1.0,Fulani extremists
9765,0,0,0.0,1,0,3,21,1073,0,6,0.0,1,0.0,Al-Qaida in the Arabian Peninsula (AQAP)
9766,0,0,1.0,1,0,2,14,27,0,5,2.0,1,0.0,Fulani extremists
9767,0,0,1.0,1,0,6,14,908,0,5,1.0,0,1.0,Muslim extremists
9768,0,0,0.0,1,0,3,3,1617,0,6,0.0,1,0.0,Basque Fatherland and Freedom (ETA)
9769,0,0,0.0,1,0,3,1,2477,0,5,0.0,1,0.0,Corsican National Liberation Front (FLNC)
9770,0,0,1.0,1,0,3,14,27,0,6,0.0,1,0.0,Boko Haram
9771,0,0,0.0,1,0,2,1,4334,0,5,0.0,1,0.0,Maoists
9772,0,0,0.0,1,0,1,2,3626,0,5,2.0,0,0.0,Kurdistan Workers' Party (PKK)
9773,0,0,0.0,0,0,3,2,7350,0,6,0.0,1,0.0,Tupac Amaru Revolutionary Movement (MRTA)
9774,0,0,0.0,1,0,2,14,3794,0,5,5.0,1,0.0,Liberation Tigers of Tamil Eelam (LTTE)
9775,0,0,0.0,1,0,2,4,2660,0,5,40.0,1,0.0,Nicaraguan Democratic Force (FDN)
9776,0,0,0.0,1,0,3,4,621,0,6,0.0,1,0.0,African National Congress (South Africa)
9777,0,0,1.0,1,0,2,14,1332,0,5,3.0,0,0.0,Fulani extremists
9778,0,0,1.0,1,1,3,14,27,0,6,43.0,-9,0.0,Islamic State of Iraq and the Levant (ISIL)
9779,0,0,0.0,1,0,3,20,6,0,6,0.0,0,0.0,Abu Sayyaf Group (ASG)
9780,0,1,0.0,1,0,2,4,2660,0,5,6.0,1,0.0,Nicaraguan Democratic Force (FDN)
9781,0,0,1.0,1,0,3,4,2563,0,6,0.0,1,0.0,Donetsk People's Republic
9782,0,0,0.0,1,0,2,4,2660,0,5,22.0,1,0.0,Nicaraguan Democratic Force (FDN)
9783,1,0,0.0,1,0,6,14,4689,0,5,1.0,0,1.0,Muslim extremists
9784,1,0,0.0,1,0,6,14,27,0,5,28.0,1,1.0,Boko Haram
9785,0,0,0.0,1,0,2,4,803,0,5,2.0,1,0.0,Kurdistan Workers' Party (PKK)
9786,0,1,1.0,1,0,2,3,172,0,5,5.0,-9,0.0,Taliban
9787,0,1,0.0,1,0,1,2,6569,0,5,2.0,0,0.0,Sikh Extremists
9788,1,0,0.0,1,0,6,14,13,0,5,1.0,1,1.0,Fulani extremists
9789,0,0,0.0,1,0,2,14,3806,0,5,1.0,0,0.0,Liberation Tigers of Tamil Eelam (LTTE)
9790,0,0,0.0,1,0,1,3,2432,0,5,2.0,0,0.0,Irish Republican Army (IRA)
9791,0,0,0.0,1,0,2,19,56,0,5,2.0,1,0.0,Farabundo Marti National Liberation Front (FMLN)
9792,0,0,0.0,1,0,2,19,1459,0,5,0.0,1,0.0,New People's Army (NPA)
9793,0,1,0.0,0,0,2,14,5669,0,5,0.0,1,0.0,Palestinians
9794,0,0,0.0,1,0,7,14,6135,0,5,0.0,1,0.0,Shining Path (SL)
9795,0,0,0.0,0,0,1,2,4621,0,6,0.0,0,0.0,Muslim extremists
9796,0,0,0.0,1,0,3,19,3537,0,6,0.0,1,0.0,Kurdistan Workers' Party (PKK)
9797,0,0,1.0,1,0,2,3,20,0,5,1.0,0,0.0,Muslim extremists
9798,1,0,0.0,1,0,6,8,235,0,5,0.0,0,1.0,Abu Sayyaf Group (ASG)
9799,0,0,0.0,1,0,2,14,13,0,5,2.0,0,0.0,Boko Haram
9800,0,0,1.0,1,0,7,14,3607,0,8,0.0,1,0.0,Kurdistan Workers' Party (PKK)
9801,0,0,0.0,1,0,2,14,890,0,5,1.0,-9,0.0,Al-Qaida in Iraq
9802,0,0,0.0,0,0,3,10,3730,0,6,0.0,0,0.0,Liberation Tigers of Tamil Eelam (LTTE)
9803,0,0,0.0,1,0,2,4,20,0,5,3.0,0,0.0,Al-Qaida in the Arabian Peninsula (AQAP)
9804,1,0,1.0,1,0,6,4,20,0,5,4.0,1,1.0,Al-Qaida in the Arabian Peninsula (AQAP)
9805,0,0,0.0,1,0,3,19,4101,0,6,0.0,1,0.0,Manuel Rodriguez Patriotic Front (FPMR)
9806,0,0,0.0,1,0,3,1,801,0,6,0.0,1,0.0,Basque Fatherland and Freedom (ETA)
9807,0,0,0.0,1,0,3,22,2987,0,6,0.0,1,0.0,Houthi extremists (Ansar Allah)
9808,0,1,0.0,1,0,3,21,4317,0,6,0.0,1,0.0,Revolutionary Armed Forces of Colombia (FARC)
9809,0,0,0.0,1,1,3,14,3458,0,6,36.0,1,0.0,Islamic State of Iraq and the Levant (ISIL)
9810,0,1,0.0,1,0,3,4,5585,0,6,0.0,0,0.0,Palestinians
9811,0,0,1.0,1,0,2,14,27,0,5,2.0,-9,0.0,Fulani extremists
9812,0,0,1.0,1,0,3,1,817,0,6,2.0,1,0.0,Al-Qaida in Iraq
9813,0,0,0.0,0,0,3,19,6153,0,6,17.0,0,0.0,Shining Path (SL)
9814,0,0,0.0,0,0,2,3,419,0,5,1.0,1,0.0,African National Congress (South Africa)
9815,0,0,1.0,1,0,2,14,27,0,5,10.0,1,0.0,Fulani extremists
9816,0,0,0.0,1,0,3,17,305,0,6,5.0,0,0.0,Islamic State of Iraq and the Levant (ISIL)
9817,0,1,0.0,1,0,3,14,13,0,6,2.0,0,0.0,Islamic State of Iraq and the Levant (ISIL)
9818,0,0,0.0,1,0,3,1,3941,0,6,0.0,1,0.0,Liberation Tigers of Tamil Eelam (LTTE)
9819,0,0,0.0,1,0,3,3,175,0,6,0.0,1,0.0,African National Congress (South Africa)
9820,0,0,1.0,1,0,3,1,6,0,6,5.0,1,0.0,Abu Sayyaf Group (ASG)
9821,0,0,0.0,1,0,3,1,7256,0,6,0.0,1,0.0,Tupac Amaru Revolutionary Movement (MRTA)
9822,0,0,0.0,1,0,3,6,498,0,6,0.0,0,0.0,Muslim extremists
9823,0,0,1.0,1,0,3,21,1593,0,6,0.0,1,0.0,Tupac Amaru Revolutionary Movement (MRTA)
9824,0,0,0.0,1,0,2,4,402,0,6,20.0,0,0.0,Kurdistan Workers' Party (PKK)
9825,0,0,0.0,1,0,3,10,1446,0,6,0.0,1,0.0,Basque Fatherland and Freedom (ETA)
9826,0,0,0.0,1,0,2,4,172,0,5,0.0,1,0.0,Farabundo Marti National Liberation Front (FMLN)
9827,0,0,1.0,1,0,3,21,2680,0,6,0.0,1,0.0,Farabundo Marti National Liberation Front (FMLN)
9828,0,0,0.0,1,0,3,21,1593,0,6,0.0,1,0.0,Basque Fatherland and Freedom (ETA)
9829,0,0,0.0,1,0,3,2,456,0,6,1.0,1,0.0,African National Congress (South Africa)
9830,0,0,0.0,1,0,2,14,5143,0,5,1.0,0,0.0,New People's Army (NPA)
9831,0,0,0.0,1,0,1,14,2003,0,5,1.0,0,1.0,Communist Party of India - Maoist (CPI-Maoist)
9832,0,0,0.0,1,0,2,3,3099,0,5,0.0,1,0.0,Irish Republican Army (IRA)
9833,0,0,0.0,1,0,2,14,3822,0,5,21.0,1,0.0,Liberation Tigers of Tamil Eelam (LTTE)
9834,0,0,0.0,1,0,3,11,5397,0,6,0.0,1,0.0,Nicaraguan Democratic Force (FDN)
9835,0,0,0.0,1,0,2,14,2088,0,5,1.0,0,0.0,Communist Party of India - Maoist (CPI-Maoist)
9836,0,0,0.0,1,0,2,17,7242,0,5,3.0,1,0.0,Tupac Amaru Revolutionary Movement (MRTA)
9837,0,0,0.0,0,0,3,2,767,0,6,0.0,0,0.0,Al-Qaida in the Arabian Peninsula (AQAP)
9838,0,0,0.0,1,0,2,3,899,0,6,0.0,1,0.0,Boko Haram
9839,0,0,0.0,1,0,3,19,56,0,6,0.0,1,0.0,Maoists
9840,0,0,1.0,1,0,3,2,801,0,6,0.0,1,0.0,Corsican National Liberation Front (FLNC)
9841,0,0,0.0,1,1,3,2,767,0,6,12.0,1,0.0,Islamic State of Iraq and the Levant (ISIL)
9842,0,0,1.0,1,0,3,8,51,0,6,0.0,1,0.0,Shining Path (SL)
9843,0,0,0.0,1,0,2,2,1246,0,5,1.0,0,0.0,Al-Shabaab
9844,0,0,0.0,1,0,6,2,3090,0,5,0.0,0,1.0,Irish Republican Army (IRA)
9845,0,0,1.0,1,0,3,4,2563,0,6,2.0,-9,0.0,Donetsk People's Republic
9846,0,0,0.0,1,0,3,3,3820,0,6,1.0,1,0.0,Liberation Tigers of Tamil Eelam (LTTE)
9847,0,0,0.0,1,0,1,1,1505,0,5,1.0,0,0.0,Basque Fatherland and Freedom (ETA)
9848,0,0,0.0,1,0,7,1,112,0,5,1.0,1,0.0,Kurdistan Workers' Party (PKK)
9849,0,0,0.0,1,0,2,4,2660,0,5,21.0,1,0.0,Nicaraguan Democratic Force (FDN)
9850,0,0,0.0,1,1,3,2,2451,0,6,13.0,1,0.0,Tehrik-i-Taliban Pakistan (TTP)
9851,0,0,0.0,1,0,3,2,2363,0,6,0.0,1,0.0,Corsican National Liberation Front (FLNC)
9852,0,1,0.0,0,0,3,20,6,0,6,0.0,0,0.0,Maoists
9853,0,0,0.0,1,0,3,14,730,0,6,5.0,1,0.0,Boko Haram
9854,0,0,0.0,0,0,1,4,1029,0,5,1.0,0,0.0,Al-Qaida in the Arabian Peninsula (AQAP)
9855,0,0,0.0,1,0,3,8,51,0,6,0.0,1,0.0,Donetsk People's Republic
9856,0,1,0.0,1,0,2,4,2660,0,5,3.0,1,0.0,Nicaraguan Democratic Force (FDN)
9857,0,0,0.0,1,0,3,4,4691,0,6,1.0,1,0.0,Muslim extremists
9858,0,0,1.0,1,0,3,3,4821,0,6,0.0,1,0.0,National Liberation Army of Colombia (ELN)
9859,0,0,0.0,1,0,1,3,2432,0,5,2.0,0,0.0,Shining Path (SL)
9860,0,0,0.0,1,1,3,4,402,0,6,9.0,-9,0.0,Al-Qaida in the Arabian Peninsula (AQAP)
9861,0,0,0.0,1,0,1,3,5228,0,5,2.0,-9,0.0,New People's Army (NPA)
9862,0,0,0.0,1,0,2,1,6496,0,5,18.0,0,0.0,Sikh Extremists
9863,0,0,1.0,1,0,3,1,740,0,6,2.0,1,0.0,Al-Qaida in Iraq
9864,0,0,0.0,0,0,2,14,3650,0,8,0.0,1,0.0,Revolutionary Armed Forces of Colombia (FARC)
9865,0,0,1.0,1,0,3,1,4068,0,6,0.0,1,0.0,Manuel Rodriguez Patriotic Front (FPMR)
9866,0,1,0.0,1,0,3,2,5379,0,6,1.0,1,0.0,Nicaraguan Democratic Force (FDN)
9867,0,0,0.0,0,0,1,14,5501,0,5,0.0,0,0.0,Palestinians
9868,0,0,0.0,1,0,6,2,4907,0,5,0.0,0,1.0,National Liberation Army of Colombia (ELN)
9869,0,0,0.0,1,0,1,15,6549,0,5,7.0,0,0.0,Sikh Extremists
9870,0,0,0.0,1,0,3,14,2791,0,6,0.0,1,0.0,Farabundo Marti National Liberation Front (FMLN)
9871,0,0,1.0,1,0,2,14,4615,0,9,0.0,1,0.0,Muslim extremists
9872,0,0,0.0,1,0,1,14,5717,0,5,1.0,0,0.0,Palestinians
9873,0,0,0.0,1,0,2,3,93,0,6,2.0,1,0.0,Al-Qaida in the Arabian Peninsula (AQAP)
9874,0,0,0.0,1,0,3,4,402,0,6,1.0,-9,0.0,Al-Shabaab
9875,0,0,0.0,1,0,2,4,330,0,5,6.0,1,0.0,Al-Qaida in the Arabian Peninsula (AQAP)
9876,0,0,1.0,1,0,7,6,801,0,9,0.0,1,0.0,Kurdistan Workers' Party (PKK)
9877,0,0,1.0,1,0,3,3,175,0,6,0.0,1,0.0,Boko Haram
9878,0,0,0.0,1,0,7,1,5847,0,8,0.0,1,0.0,Revolutionary Armed Forces of Colombia (FARC)
9879,0,0,0.0,1,0,3,16,2051,0,6,0.0,1,0.0,Communist Party of India - Maoist (CPI-Maoist)
9880,0,0,0.0,1,0,2,19,56,0,8,0.0,1,0.0,Palestinians
9881,0,0,0.0,1,0,2,4,20,0,5,8.0,0,0.0,Tehrik-i-Taliban Pakistan (TTP)
9882,0,0,0.0,1,0,2,3,3577,0,5,1.0,-9,0.0,Kurdistan Workers' Party (PKK)
9883,0,0,0.0,1,0,3,10,7073,0,6,0.0,1,0.0,Tehrik-i-Taliban Pakistan (TTP)
9884,0,0,1.0,1,0,3,4,20,0,6,0.0,1,0.0,Muslim extremists
9885,0,0,1.0,1,0,3,14,1888,0,6,3.0,1,0.0,Donetsk People's Republic
9886,0,1,1.0,1,0,3,3,12,0,6,1.0,0,0.0,Al-Qaida in Iraq
9887,0,1,0.0,1,0,2,4,162,0,6,7.0,1,0.0,Donetsk People's Republic
9888,1,0,0.0,1,0,6,2,45,0,5,0.0,0,1.0,Abu Sayyaf Group (ASG)
9889,0,0,0.0,1,0,3,14,27,0,6,1.0,1,0.0,Boko Haram
9890,0,0,0.0,1,0,3,2,7075,0,6,0.0,1,0.0,Tehrik-i-Taliban Pakistan (TTP)
9891,0,0,0.0,1,0,3,1,2417,0,6,0.0,1,0.0,Corsican National Liberation Front (FLNC)
9892,0,0,0.0,1,0,3,4,1117,0,6,0.0,1,0.0,Al-Qaida in the Arabian Peninsula (AQAP)
9893,0,0,0.0,1,0,3,1,2378,0,6,0.0,1,0.0,Corsican National Liberation Front (FLNC)
9894,0,0,1.0,1,0,3,21,2680,0,6,1.0,1,0.0,New People's Army (NPA)
9895,0,1,0.0,1,0,3,4,13,0,6,0.0,0,0.0,Liberation Tigers of Tamil Eelam (LTTE)
9896,0,0,0.0,1,0,3,3,574,0,6,0.0,1,0.0,Corsican National Liberation Front (FLNC)
9897,0,0,0.0,1,0,2,14,13,0,8,2.0,1,0.0,Boko Haram
9898,0,0,0.0,1,0,2,14,6494,0,5,18.0,0,0.0,Sikh Extremists
9899,0,0,0.0,1,0,3,3,330,0,6,0.0,1,0.0,Maoists
9900,0,1,0.0,1,0,2,2,5451,0,5,0.0,1,0.0,Nicaraguan Democratic Force (FDN)
9901,0,0,0.0,1,0,3,9,1547,0,6,1.0,1,0.0,Basque Fatherland and Freedom (ETA)
9902,0,1,0.0,1,0,2,4,3470,0,5,1.0,1,0.0,Islamic State of Iraq and the Levant (ISIL)
9903,0,0,0.0,1,0,3,3,6,0,6,4.0,1,0.0,Taliban
9904,0,0,1.0,1,0,3,1,818,0,6,3.0,-9,0.0,Al-Qaida in Iraq
9905,0,0,0.0,1,0,2,14,13,0,5,2.0,0,0.0,Liberation Tigers of Tamil Eelam (LTTE)
9906,0,0,0.0,1,0,3,14,5575,0,6,1.0,1,0.0,Palestinians
9907,0,0,0.0,1,0,2,14,6485,0,5,5.0,1,0.0,Sikh Extremists
9908,0,1,0.0,1,0,2,4,48,0,6,0.0,-9,0.0,Donetsk People's Republic
9909,0,0,1.0,1,0,3,4,767,0,6,4.0,1,0.0,Donetsk People's Republic
9910,0,0,1.0,1,0,3,1,2553,0,6,0.0,1,0.0,Shining Path (SL)
9911,0,0,0.0,1,0,3,7,7325,0,6,0.0,1,0.0,Tupac Amaru Revolutionary Movement (MRTA)
9912,0,0,0.0,1,0,2,3,175,0,5,1.0,1,0.0,African National Congress (South Africa)
9913,0,0,1.0,1,0,2,14,1859,0,5,1.0,-9,0.0,Boko Haram
9914,0,1,0.0,1,0,3,3,4303,0,6,0.0,0,0.0,Maoists
9915,0,0,0.0,1,1,3,4,330,0,6,7.0,1,0.0,Tehrik-i-Taliban Pakistan (TTP)
9916,1,1,0.0,1,0,5,4,6726,0,5,73.0,-9,1.0,Taliban
9917,0,0,0.0,1,0,3,4,6724,0,6,4.0,1,0.0,Taliban
9918,1,0,0.0,1,0,2,14,1254,0,5,1.0,0,1.0,Communist Party of India - Maoist (CPI-Maoist)
9919,0,0,1.0,1,0,3,8,6905,0,6,0.0,1,0.0,Tehrik-i-Taliban Pakistan (TTP)
9920,0,0,1.0,1,0,2,14,27,0,5,4.0,1,0.0,Boko Haram
9921,0,0,0.0,1,0,5,10,7237,0,5,0.0,1,1.0,Tupac Amaru Revolutionary Movement (MRTA)
9922,0,0,0.0,1,0,7,1,931,0,8,0.0,1,0.0,New People's Army (NPA)
9923,0,1,1.0,1,0,3,19,217,0,6,0.0,1,0.0,Abu Sayyaf Group (ASG)
9924,0,0,1.0,1,0,3,1,4847,0,6,0.0,1,0.0,National Liberation Army of Colombia (ELN)
9925,0,0,1.0,1,0,3,14,1257,0,6,0.0,1,0.0,Houthi extremists (Ansar Allah)
9926,0,0,0.0,1,0,3,1,3145,0,6,0.0,1,0.0,Irish Republican Army (IRA)
9927,0,0,0.0,1,0,3,3,85,0,6,1.0,0,0.0,New People's Army (NPA)
9928,0,0,0.0,1,0,1,10,4884,0,5,1.0,0,0.0,National Liberation Army of Colombia (ELN)
9929,1,0,0.0,1,0,6,3,2880,0,5,0.0,0,1.0,Fulani extremists
9930,0,0,1.0,1,0,2,14,1887,0,5,8.0,1,0.0,Boko Haram
9931,1,0,0.0,1,0,6,14,27,0,5,1.0,1,1.0,Boko Haram
9932,0,0,1.0,1,0,3,3,92,0,6,1.0,-9,0.0,Al-Qaida in Iraq
9933,0,0,0.0,1,0,3,14,13,0,6,2.0,1,0.0,Taliban
9934,0,1,1.0,1,1,3,20,6,0,6,2.0,1,0.0,Boko Haram
9935,0,0,0.0,0,0,3,4,12,0,6,0.0,0,0.0,Communist Party of India - Maoist (CPI-Maoist)
9936,0,0,0.0,0,0,2,3,4318,0,5,0.0,0,0.0,Maoists
9937,1,0,0.0,1,0,6,14,7040,0,5,1.0,0,1.0,Tehrik-i-Taliban Pakistan (TTP)
9938,0,0,0.0,0,0,1,2,5134,0,6,0.0,1,0.0,New People's Army (NPA)
9939,0,0,0.0,1,0,2,4,803,0,5,1.0,1,0.0,Kurdistan Workers' Party (PKK)
9940,0,0,0.0,0,0,3,3,3282,0,6,0.0,-9,0.0,Irish Republican Army (IRA)
9941,0,0,0.0,1,1,3,3,750,0,6,34.0,-9,0.0,Al-Qaida in Iraq
9942,0,0,0.0,1,0,8,14,13,0,2,15.0,0,0.0,Fulani extremists
9943,0,0,1.0,1,0,3,14,13,0,6,1.0,1,0.0,Al-Qaida in Iraq
9944,0,0,0.0,1,0,1,14,5166,0,5,1.0,0,0.0,New People's Army (NPA)
9945,0,1,0.0,1,0,2,14,4935,0,5,3.0,1,0.0,National Liberation Army of Colombia (ELN)
9946,0,0,0.0,1,0,3,14,2120,0,6,13.0,1,0.0,Communist Party of India - Maoist (CPI-Maoist)
9947,0,0,0.0,0,0,2,4,2642,0,5,1.0,0,0.0,Islamic State of Iraq and the Levant (ISIL)
9948,0,0,0.0,1,0,6,17,2161,0,9,2.0,0,1.0,Communist Party of India - Maoist (CPI-Maoist)
9949,0,0,1.0,1,0,3,3,85,0,6,0.0,0,0.0,Al-Qaida in Iraq
9950,0,1,1.0,1,0,3,1,861,0,6,6.0,-9,0.0,Al-Qaida in Iraq
9951,0,0,0.0,0,0,3,8,5532,0,6,0.0,0,0.0,Palestinians
9952,0,0,0.0,1,0,1,14,607,0,5,1.0,0,0.0,African National Congress (South Africa)
9953,0,0,0.0,0,0,2,4,5060,0,5,0.0,0,0.0,New People's Army (NPA)
9954,0,0,1.0,1,0,3,1,7201,0,6,0.0,1,0.0,Tupac Amaru Revolutionary Movement (MRTA)
9955,0,0,0.0,1,0,3,4,1338,0,6,0.0,1,0.0,Al-Shabaab
9956,0,0,0.0,1,0,3,4,48,0,6,1.0,0,0.0,Houthi extremists (Ansar Allah)
9957,0,0,1.0,1,0,3,2,850,0,6,12.0,-9,0.0,Al-Qaida in Iraq
9958,0,0,1.0,1,0,3,1,1077,0,6,0.0,1,0.0,Tupac Amaru Revolutionary Movement (MRTA)
9959,0,0,0.0,1,0,3,21,4862,0,6,0.0,1,0.0,National Liberation Army of Colombia (ELN)
9960,1,0,0.0,1,0,6,14,1101,0,5,1.0,0,1.0,Houthi extremists (Ansar Allah)
9961,0,0,0.0,1,0,7,1,2110,0,8,0.0,1,0.0,New People's Army (NPA)
9962,0,0,0.0,1,0,3,4,2704,0,6,0.0,1,0.0,Farabundo Marti National Liberation Front (FMLN)
9963,1,0,0.0,1,0,6,3,109,0,5,0.0,0,1.0,Abu Sayyaf Group (ASG)
9964,0,0,0.0,1,0,2,14,2754,0,5,0.0,1,0.0,Farabundo Marti National Liberation Front (FMLN)
9965,0,0,1.0,1,0,3,14,1888,0,6,1.0,-9,0.0,Islamic State of Iraq and the Levant (ISIL)
9966,0,0,0.0,1,0,3,4,5509,0,6,0.0,1,0.0,Palestinians
9967,0,0,0.0,1,0,6,14,4363,0,9,1.0,0,1.0,Maoists
9968,0,0,1.0,1,0,3,4,48,0,6,2.0,1,0.0,Islamic State of Iraq and the Levant (ISIL)
9969,0,0,0.0,1,0,1,17,3311,0,5,1.0,0,0.0,Irish Republican Army (IRA)
9970,0,0,0.0,0,0,3,12,3217,0,6,0.0,0,0.0,Irish Republican Army (IRA)
9971,0,0,0.0,1,0,3,4,330,0,6,1.0,1,0.0,Islamic State of Iraq and the Levant (ISIL)
9972,1,1,0.0,1,0,6,12,94,0,5,0.0,0,1.0,Abu Sayyaf Group (ASG)
9973,0,0,0.0,1,0,3,8,210,0,6,5.0,1,0.0,Abu Sayyaf Group (ASG)
9974,0,0,0.0,1,0,3,4,2660,0,5,0.0,1,0.0,Farabundo Marti National Liberation Front (FMLN)
9975,1,1,0.0,1,0,6,11,156,0,5,3.0,1,1.0,Abu Sayyaf Group (ASG)
9976,0,0,0.0,1,0,3,14,269,0,6,2.0,1,0.0,Abu Sayyaf Group (ASG)
9977,0,0,0.0,1,0,3,14,27,0,6,0.0,-9,0.0,Houthi extremists (Ansar Allah)
9978,0,0,0.0,1,0,3,2,2674,0,5,1.0,1,0.0,Farabundo Marti National Liberation Front (FMLN)
9979,0,0,0.0,1,0,3,4,162,0,6,1.0,-9,0.0,Kurdistan Workers' Party (PKK)
9980,0,0,0.0,1,0,2,6,6987,0,5,1.0,1,0.0,Tehrik-i-Taliban Pakistan (TTP)
9981,0,0,0.0,1,0,2,15,1811,0,5,3.0,1,0.0,Boko Haram
9982,0,0,1.0,1,0,3,2,2370,0,6,0.0,1,0.0,Corsican National Liberation Front (FLNC)
9983,0,0,1.0,1,1,5,1,3015,0,6,3.0,-9,1.0,Islamic State of Iraq and the Levant (ISIL)
9984,0,0,1.0,1,0,2,14,27,0,6,5.0,0,0.0,Al-Shabaab
9985,0,0,0.0,1,0,2,14,27,0,5,5.0,0,0.0,Fulani extremists
9986,0,0,1.0,1,1,3,3,175,0,6,6.0,1,0.0,Boko Haram
9987,0,0,0.0,1,0,3,14,13,0,6,1.0,-9,0.0,Houthi extremists (Ansar Allah)
9988,0,0,0.0,1,0,1,3,3286,0,5,1.0,0,0.0,Irish Republican Army (IRA)
9989,0,0,0.0,1,0,3,4,12,0,6,10.0,1,0.0,Boko Haram
9990,0,1,0.0,1,0,3,4,330,0,6,3.0,1,0.0,Kurdistan Workers' Party (PKK)
9991,0,0,0.0,1,0,3,16,1447,0,6,0.0,1,0.0,Basque Fatherland and Freedom (ETA)
9992,0,0,0.0,1,0,2,10,7324,0,5,0.0,1,0.0,Tupac Amaru Revolutionary Movement (MRTA)
9993,0,0,1.0,0,0,2,3,330,0,5,1.0,-9,0.0,New People's Army (NPA)
9994,0,0,0.0,1,0,3,4,0,0,6,0.0,-9,0.0,Houthi extremists (Ansar Allah)
9995,0,0,1.0,1,0,3,14,205,0,6,0.0,-9,0.0,Donetsk People's Republic
9996,0,0,0.0,1,0,1,2,4878,0,5,3.0,1,0.0,National Liberation Army of Colombia (ELN)
9997,0,1,0.0,0,0,1,2,6984,0,5,1.0,1,0.0,Tehrik-i-Taliban Pakistan (TTP)
9998,0,0,1.0,1,0,3,14,760,0,6,8.0,1,0.0,Al-Qaida in Iraq
9999,0,1,0.0,1,0,3,3,5983,0,6,0.0,0,0.0,Revolutionary Armed Forces of Colombia (FARC)
10000,0,0,1.0,1,0,2,4,92,0,5,2.0,0,0.0,Al-Qaida in Iraq
10001,0,0,0.0,0,1,3,1,755,0,6,0.0,0,0.0,Islamic State of Iraq and the Levant (ISIL)
10002,0,1,1.0,1,0,2,3,2123,0,5,0.0,-9,0.0,Communist Party of India - Maoist (CPI-Maoist)
10003,0,0,0.0,1,0,3,1,4132,0,6,0.0,1,0.0,Manuel Rodriguez Patriotic Front (FPMR)
10004,0,0,0.0,1,0,1,4,1102,0,5,1.0,0,0.0,Al-Qaida in the Arabian Peninsula (AQAP)
10005,0,0,0.0,0,0,3,4,48,0,6,0.0,0,0.0,Islamic State of Iraq and the Levant (ISIL)
10006,0,0,1.0,1,0,7,19,56,0,8,0.0,1,0.0,Manuel Rodriguez Patriotic Front (FPMR)
10007,0,0,0.0,1,0,2,14,2883,0,5,2.0,0,0.0,Muslim extremists
10008,0,0,1.0,1,0,3,21,1575,0,6,0.0,1,0.0,Farabundo Marti National Liberation Front (FMLN)
10009,0,0,1.0,1,0,2,2,2884,0,5,4.0,1,0.0,Fulani extremists
10010,0,0,1.0,1,0,3,14,13,0,6,7.0,1,0.0,Al-Qaida in Iraq
10011,0,0,0.0,1,0,3,3,452,0,6,0.0,1,0.0,African National Congress (South Africa)
10012,0,0,0.0,1,0,3,7,5522,0,6,0.0,1,0.0,Palestinians
10013,0,0,0.0,1,0,2,3,6730,0,5,3.0,1,0.0,Taliban
10014,0,0,1.0,1,0,3,3,2359,0,6,0.0,1,0.0,Corsican National Liberation Front (FLNC)
10015,0,0,0.0,1,0,3,2,1685,0,6,0.0,1,0.0,Basque Fatherland and Freedom (ETA)
10016,0,0,0.0,1,0,3,7,404,0,6,0.0,1,0.0,Tupac Amaru Revolutionary Movement (MRTA)
10017,0,0,0.0,1,0,1,2,1000,0,5,1.0,0,0.0,Al-Qaida in the Arabian Peninsula (AQAP)
10018,0,0,0.0,1,0,1,3,1502,0,6,1.0,0,0.0,Basque Fatherland and Freedom (ETA)
10019,0,0,0.0,1,0,3,1,4347,0,6,0.0,1,0.0,Maoists
