,iyear,imonth,iday,extended,country,region,provstate,city,latitude,longitude,specificity,vicinity,multiple,success,suicide,attacktype1,targtype1,target1,natlty1,individual,weaptype1,nkill,property,ishostkid,gname
48253,2010,6,24,0,45,3,264,1343,6.964565,-75.417688,1.0,0,0.0,1,0,7,1,1498,45.0,0,8,0.0,1,0.0,Revolutionary Armed Forces of Colombia (FARC)
45866,2008,12,16,0,153,6,400,1564,34.006004,71.53743,1.0,0,0.0,1,0,3,14,1743,153.0,0,6,0.0,1,0.0,Tehrik-i-Taliban Pakistan (TTP)
58197,2014,1,21,0,4,6,383,1527,31.826695,64.56407,2.0,0,0.0,1,0,2,14,1708,4.0,0,5,3.0,-9,0.0,Taliban
67184,2015,4,26,0,182,11,52,188,2.059819,45.326115,1.0,0,0.0,1,0,2,2,335,182.0,0,5,1.0,0,0.0,Al-Shabaab
65305,2015,1,22,0,214,9,117,468,47.981647,37.762325,1.0,0,0.0,1,0,3,19,650,214.0,0,6,13.0,1,0.0,Donetsk People's Republic
78920,2017,2,12,0,92,6,102,961,18.792596,80.813556,1.0,0,0.0,1,0,3,4,12,92.0,0,6,1.0,0,0.0,Maoists
15899,1986,7,4,0,43,3,217,913,-33.366238,-70.505302,1.0,0,0.0,1,0,3,3,273,43.0,0,6,0.0,1,0.0,Manuel Rodriguez Patriotic Front (FPMR)
57095,2013,10,12,0,4,6,379,1513,34.417122,70.449593,1.0,0,0.0,1,1,3,3,1704,4.0,0,6,3.0,1,0.0,Taliban
25305,1990,6,30,0,159,3,223,1392,-12.517373,-76.73399,1.0,0,0.0,1,0,1,2,1564,159.0,0,5,1.0,0,0.0,Shining Path (SL)
58026,2014,1,10,1,45,3,261,1087,8.833333,-73.2,1.0,0,0.0,1,0,6,1,1229,45.0,0,5,0.0,0,1.0,National Liberation Army of Colombia (ELN)
53214,2012,9,9,0,95,10,25,110,33.74324,44.623825,1.0,0,1.0,1,0,3,14,13,95.0,0,6,1.0,0,0.0,Al-Qaida in Iraq
46867,2009,7,23,0,92,6,103,357,22.609739,87.253142,1.0,0,0.0,1,0,7,22,186,92.0,0,11,0.0,1,0.0,Communist Party of India - Maoist (CPI-Maoist)
62658,2014,9,9,0,147,11,145,617,12.166918,6.674397,1.0,0,1.0,1,0,6,14,27,147.0,0,5,2.0,1,1.0,Fulani extremists
10969,1983,10,14,0,145,2,327,1223,12.19896,-86.7622,1.0,0,0.0,1,0,3,21,1349,145.0,0,6,1.0,1,0.0,Nicaraguan Democratic Force (FDN)
72409,2016,1,21,0,228,10,39,24,16.930414,49.365315,4.0,0,0.0,1,0,3,4,250,228.0,0,6,4.0,1,0.0,Al-Qaida in the Arabian Peninsula (AQAP)
77603,2016,11,17,0,60,10,229,24,30.608472,33.617577,4.0,0,0.0,0,0,3,20,6,60.0,0,6,0.0,0,0.0,Muslim extremists
78916,2017,2,12,0,95,10,28,115,36.354145,43.14357,1.0,0,1.0,1,0,3,14,652,95.0,0,6,1.0,-9,0.0,Islamic State of Iraq and the Levant (ISIL)
56627,2013,8,31,1,45,3,270,1084,6.953691,-71.878846,1.0,0,0.0,1,0,6,3,1230,45.0,0,5,1.0,0,1.0,National Liberation Army of Colombia (ELN)
39829,2002,2,4,0,6,10,248,1038,36.164211,0.440826,1.0,1,0.0,1,0,2,14,1180,6.0,0,5,9.0,0,0.0,Muslim extremists
52668,2012,7,23,0,95,10,27,118,33.540672,44.251266,1.0,0,1.0,1,1,3,3,85,95.0,0,6,12.0,0,0.0,Al-Qaida in Iraq
21809,1989,4,4,0,61,2,121,511,13.69288,-89.199161,1.0,0,1.0,1,0,3,21,671,61.0,0,6,0.0,1,0.0,Farabundo Marti National Liberation Front (FMLN)
43381,2006,10,23,0,186,6,209,866,8.757816,80.487907,1.0,0,0.0,1,0,2,14,968,186.0,0,5,1.0,0,0.0,Liberation Tigers of Tamil Eelam (LTTE)
63777,2014,11,2,0,147,11,137,587,8.75392,7.964677,1.0,0,1.0,1,0,7,14,27,147.0,0,8,2.0,1,0.0,Fulani extremists
71688,2015,12,13,0,160,5,286,1128,10.786173,122.206377,1.0,0,1.0,1,0,7,1,1101,160.0,0,8,0.0,1,0.0,New People's Army (NPA)
22492,1989,7,13,0,186,6,208,855,6.941837,79.861687,1.0,0,0.0,1,0,1,17,993,186.0,0,5,2.0,0,0.0,Liberation Tigers of Tamil Eelam (LTTE)
30333,1992,5,15,0,92,6,230,1057,34.08374,74.789902,1.0,0,0.0,1,0,2,3,1616,92.0,0,5,3.0,1,0.0,Sikh Extremists
44329,2007,11,17,0,95,10,27,113,34.208416,43.890713,1.0,0,0.0,0,0,2,4,178,217.0,0,5,6.0,0,0.0,Al-Qaida in Iraq
14643,1985,10,15,0,61,2,129,522,14.050872,-88.994625,1.0,0,0.0,1,0,2,4,672,61.0,0,5,5.0,1,0.0,Farabundo Marti National Liberation Front (FMLN)
18805,1988,1,25,0,603,8,161,697,54.607712,-5.95621,1.0,0,0.0,1,0,3,3,827,233.0,0,6,1.0,1,0.0,Irish Republican Army (IRA)
6086,1980,1,14,0,185,8,67,250,43.130387,-2.542155,1.0,0,0.0,1,0,1,3,371,185.0,0,5,1.0,0,0.0,Basque Fatherland and Freedom (ETA)
10877,1983,9,27,0,45,3,269,24,2.535935,-75.52767,4.0,0,0.0,1,0,1,3,1513,45.0,0,5,2.0,0,0.0,Revolutionary Armed Forces of Colombia (FARC)
47736,2010,3,12,1,160,5,283,1147,7.364962,125.853401,1.0,0,0.0,1,0,2,14,13,160.0,0,5,1.0,0,1.0,New People's Army (NPA)
70493,2015,10,7,0,95,10,24,108,33.303566,44.371773,1.0,0,0.0,1,0,3,1,205,95.0,0,6,1.0,-9,0.0,Islamic State of Iraq and the Levant (ISIL)
77765,2016,11,25,0,228,10,151,664,13.586484,44.024105,1.0,0,0.0,1,0,3,14,742,228.0,0,6,2.0,1,0.0,Houthi extremists (Ansar Allah)
45904,2008,12,24,0,160,5,1,30,6.066693,121.100042,1.0,0,0.0,1,0,7,8,38,160.0,0,8,0.0,1,0.0,Abu Sayyaf Group (ASG)
5843,1979,11,15,0,183,11,14,93,-26.252697,27.870275,1.0,0,0.0,1,0,3,3,150,183.0,0,5,2.0,1,0.0,African National Congress (South Africa)
54074,2012,12,18,0,153,6,401,1567,24.891115,67.143311,1.0,0,0.0,1,0,3,3,1744,153.0,0,6,1.0,-9,0.0,Tehrik-i-Taliban Pakistan (TTP)
22671,1989,8,8,0,92,6,364,1443,31.633078,74.878288,1.0,0,0.0,1,0,1,22,1650,92.0,0,5,1.0,0,0.0,Sikh Extremists
19621,1988,5,23,0,603,8,161,697,54.607712,-5.95621,1.0,0,0.0,1,0,2,3,824,233.0,0,5,0.0,1,0.0,Irish Republican Army (IRA)
14419,1985,8,19,0,61,2,121,511,13.69288,-89.199161,1.0,0,0.0,1,0,2,14,682,61.0,0,8,0.0,1,0.0,Farabundo Marti National Liberation Front (FMLN)
52546,2012,7,8,0,182,11,58,214,4.73538,45.2024,1.0,0,0.0,1,0,2,4,48,65.0,0,6,3.0,-9,0.0,Al-Shabaab
43035,2006,5,22,0,4,6,383,24,32.603077,64.890852,4.0,0,0.0,1,0,2,3,1706,4.0,0,5,3.0,1,0.0,Taliban
1799,1974,8,26,0,603,8,161,705,54.446968,-6.39292,1.0,0,0.0,1,0,1,4,797,216.0,0,5,1.0,0,0.0,Irish Republican Army (IRA)
68915,2015,7,16,0,45,3,264,1315,7.583191,-75.399966,3.0,0,0.0,1,0,3,19,1464,45.0,0,6,0.0,-9,0.0,Revolutionary Armed Forces of Colombia (FARC)
65703,2015,2,9,0,147,11,136,585,7.689167,9.250278,3.0,0,1.0,1,0,2,14,27,147.0,0,5,1.0,1,0.0,Fulani extremists
25024,1990,5,26,0,159,3,223,925,-11.967368,-76.978462,1.0,0,0.0,1,0,1,4,1830,159.0,0,5,0.0,1,0.0,Tupac Amaru Revolutionary Movement (MRTA)
68288,2015,6,15,0,200,10,167,1011,36.201721,37.14352,1.0,0,1.0,1,0,3,14,758,200.0,0,6,4.0,-9,0.0,Muslim extremists
60076,2014,5,10,1,92,6,105,369,18.564658,82.963632,1.0,1,0.0,1,0,6,14,27,92.0,0,8,2.0,1,1.0,Communist Party of India - Maoist (CPI-Maoist)
27131,1991,4,25,0,159,3,223,925,-11.967368,-76.978462,1.0,0,1.0,1,0,3,1,605,159.0,0,6,0.0,1,0.0,Tupac Amaru Revolutionary Movement (MRTA)
18651,1987,12,28,0,61,2,127,549,13.876111,-89.359722,1.0,0,0.0,1,0,2,4,704,61.0,0,5,0.0,1,0.0,Farabundo Marti National Liberation Front (FMLN)
45542,2008,9,21,0,185,8,67,254,43.320698,-2.420475,1.0,0,1.0,1,0,3,3,379,185.0,0,6,0.0,1,0.0,Basque Fatherland and Freedom (ETA)
77081,2016,10,19,0,228,10,151,664,13.586484,44.024105,1.0,0,0.0,1,0,3,14,760,228.0,0,6,1.0,-9,0.0,Houthi extremists (Ansar Allah)
23154,1989,9,23,0,159,3,223,925,-11.967368,-76.978462,1.0,0,0.0,1,0,2,10,1814,69.0,0,5,0.0,1,0.0,Tupac Amaru Revolutionary Movement (MRTA)
78531,2017,1,19,1,160,5,2,24,6.078236,118.314049,4.0,0,0.0,1,0,6,11,32,121.0,0,5,1.0,0,1.0,Abu Sayyaf Group (ASG)
51014,2012,2,7,0,92,6,102,976,18.583752,80.769661,1.0,0,0.0,1,0,2,1,1133,92.0,0,5,0.0,1,0.0,Maoists
66864,2015,4,11,0,228,10,37,144,12.825647,44.846416,1.0,0,1.0,1,0,2,14,13,228.0,0,5,2.0,0,0.0,Houthi extremists (Ansar Allah)
25386,1990,7,14,1,92,6,364,24,31.147131,75.341218,4.0,0,0.0,1,0,6,3,224,92.0,0,5,1.0,0,1.0,Sikh Extremists
42188,2005,7,13,0,186,6,207,853,8.457907,81.268402,1.0,0,0.0,1,0,3,12,6,186.0,0,6,0.0,-9,0.0,Liberation Tigers of Tamil Eelam (LTTE)
62723,2014,9,12,0,214,9,117,468,47.981647,37.762325,1.0,0,0.0,1,0,3,4,646,214.0,0,6,0.0,1,0.0,Donetsk People's Republic
30501,1992,6,9,0,45,3,266,24,9.337295,-73.653621,4.0,0,0.0,1,0,3,21,1210,45.0,0,6,0.0,1,0.0,National Liberation Army of Colombia (ELN)
75621,2016,7,25,0,173,10,155,24,17.658138,45.261024,4.0,0,0.0,1,0,3,3,85,173.0,0,6,5.0,-9,0.0,Houthi extremists (Ansar Allah)
15146,1986,2,4,0,159,3,223,925,-11.967368,-76.978462,1.0,0,1.0,1,0,3,2,1828,159.0,0,6,0.0,1,0.0,Tupac Amaru Revolutionary Movement (MRTA)
82752,2017,10,15,0,153,6,402,1566,33.831888,69.960989,1.0,0,1.0,1,0,3,4,1735,153.0,0,6,4.0,0,0.0,Tehrik-i-Taliban Pakistan (TTP)
6230,1980,2,14,0,97,10,333,1278,31.704338,35.194355,1.0,0,0.0,1,0,2,3,1417,97.0,0,8,0.0,1,0.0,Palestinians
37379,1999,5,30,0,92,6,239,1026,13.08268,80.270718,1.0,0,1.0,1,0,3,1,1167,92.0,0,6,0.0,1,0.0,Muslim extremists
16110,1986,8,19,0,45,3,278,24,2.243589,-77.010385,4.0,0,0.0,1,0,2,4,683,45.0,0,5,1.0,1,0.0,Revolutionary Armed Forces of Colombia (FARC)
21692,1989,3,17,0,160,5,285,24,12.367922,123.620761,4.0,0,0.0,1,0,1,2,1278,160.0,0,5,1.0,0,0.0,New People's Army (NPA)
24327,1990,2,28,0,92,6,225,24,22.258652,71.192381,4.0,0,0.0,1,0,6,2,1125,92.0,0,5,0.0,0,1.0,Maoists
15770,1986,6,13,0,159,3,223,925,-11.967368,-76.978462,1.0,1,1.0,1,0,3,9,1834,159.0,0,6,0.0,1,0.0,Tupac Amaru Revolutionary Movement (MRTA)
6401,1980,3,25,0,185,8,67,267,43.169068,-2.632655,1.0,0,0.0,1,0,1,1,414,185.0,0,5,1.0,0,0.0,Basque Fatherland and Freedom (ETA)
50066,2011,9,13,0,153,6,399,1564,34.006004,71.53743,1.0,0,0.0,1,0,2,14,13,153.0,0,6,5.0,1,0.0,Tehrik-i-Taliban Pakistan (TTP)
77291,2016,10,29,0,228,10,40,668,15.45639,45.324871,1.0,0,0.0,0,0,3,14,769,228.0,0,6,0.0,0,0.0,Houthi extremists (Ansar Allah)
3934,1978,3,3,0,185,8,69,234,43.258434,-2.921819,1.0,0,0.0,0,0,2,3,356,185.0,0,5,0.0,0,0.0,Basque Fatherland and Freedom (ETA)
36516,1997,9,16,0,45,3,344,1331,4.877025,-74.437413,1.0,1,0.0,1,0,3,19,1488,45.0,0,6,3.0,1,0.0,Revolutionary Armed Forces of Colombia (FARC)
35125,1996,3,6,0,159,3,223,925,-11.967368,-76.978462,1.0,0,0.0,1,0,1,14,1559,159.0,0,5,1.0,0,0.0,Shining Path (SL)
5225,1979,5,31,0,69,8,110,52,48.856644,2.34233,1.0,0,0.0,1,0,3,14,615,69.0,0,6,0.0,1,0.0,Corsican National Liberation Front (FLNC)
5418,1979,7,29,0,185,8,70,242,40.465595,-3.696263,1.0,0,0.0,1,0,3,19,401,185.0,0,6,2.0,1,0.0,Basque Fatherland and Freedom (ETA)
20326,1988,9,15,0,183,11,14,54,-26.31468,27.828306,1.0,0,0.0,1,0,3,2,93,183.0,0,6,0.0,1,0.0,African National Congress (South Africa)
78555,2017,1,19,0,92,6,102,390,18.391012,81.656929,1.0,0,0.0,1,0,2,14,525,92.0,0,9,1.0,0,0.0,Communist Party of India - Maoist (CPI-Maoist)
41278,2004,2,27,0,160,5,11,43,14.601285,120.952293,1.0,0,0.0,1,0,3,11,61,160.0,0,6,116.0,1,0.0,Abu Sayyaf Group (ASG)
48935,2010,11,20,0,45,3,261,1344,8.637411,-72.734019,1.0,1,1.0,1,0,3,19,1499,45.0,0,6,0.0,1,0.0,Revolutionary Armed Forces of Colombia (FARC)
25676,1990,8,21,0,61,2,121,511,13.69288,-89.199161,1.0,0,0.0,1,0,2,4,705,61.0,0,5,0.0,1,0.0,Farabundo Marti National Liberation Front (FMLN)
23990,1989,12,30,0,69,8,109,438,42.113828,8.701548,1.0,0,0.0,1,0,3,1,577,69.0,0,6,0.0,1,0.0,Corsican National Liberation Front (FLNC)
52960,2012,8,14,0,60,10,229,1007,31.1279,34.161843,1.0,0,0.0,0,0,2,21,1161,60.0,0,5,0.0,0,0.0,Muslim extremists
22000,1989,4,25,0,155,10,333,1276,32.222271,35.253506,1.0,0,0.0,1,0,1,14,1425,97.0,0,9,1.0,0,0.0,Palestinians
49759,2011,6,11,0,153,6,399,1564,34.006004,71.53743,1.0,0,1.0,1,0,3,1,1771,153.0,0,6,18.0,1,0.0,Tehrik-i-Taliban Pakistan (TTP)
60680,2014,6,7,0,37,11,94,312,10.93119,13.739053,1.0,0,0.0,1,0,2,14,27,37.0,0,5,2.0,1,0.0,Boko Haram
50245,2011,11,2,0,45,3,269,1336,2.998638,-75.30562,1.0,1,0.0,1,0,3,4,1493,45.0,0,6,1.0,1,0.0,Revolutionary Armed Forces of Colombia (FARC)
20158,1988,8,15,0,43,3,220,919,-29.906897,-71.25103,1.0,0,0.0,1,0,3,14,1050,43.0,0,6,0.0,1,0.0,Manuel Rodriguez Patriotic Front (FPMR)
6640,1980,5,29,0,185,8,67,240,43.291618,-1.977903,1.0,0,0.0,1,0,3,3,411,185.0,0,5,0.0,1,0.0,Basque Fatherland and Freedom (ETA)
77815,2016,11,28,0,160,5,4,36,7.099262,122.237204,1.0,0,0.0,0,0,2,14,47,160.0,0,5,2.0,0,0.0,Abu Sayyaf Group (ASG)
54719,2013,2,26,0,95,10,25,131,33.573486,44.547424,1.0,0,0.0,1,0,3,14,177,95.0,0,6,4.0,1,0.0,Al-Qaida in Iraq
65263,2015,1,20,0,228,10,42,149,15.325443,44.211895,1.0,0,0.0,0,0,1,2,746,228.0,0,5,0.0,-9,0.0,Houthi extremists (Ansar Allah)
63725,2014,10,30,0,228,10,41,158,14.058333,46.913056,1.0,0,0.0,1,0,2,4,246,228.0,0,5,1.0,0,0.0,Al-Qaida in the Arabian Peninsula (AQAP)
44472,2008,1,13,0,4,6,375,1517,31.499713,65.000854,3.0,0,0.0,1,0,2,3,1705,4.0,0,5,11.0,1,0.0,Taliban
56275,2013,7,31,0,153,6,401,1567,24.891115,67.143311,1.0,0,0.0,1,0,3,4,1770,153.0,0,6,0.0,1,0.0,Tehrik-i-Taliban Pakistan (TTP)
27677,1991,7,3,0,45,3,271,24,10.411301,-74.405661,4.0,0,0.0,1,0,3,19,1115,45.0,0,6,0.0,1,0.0,National Liberation Army of Colombia (ELN)
59441,2014,4,6,0,4,6,386,1522,35.605071,64.120113,2.0,0,1.0,1,0,3,14,308,4.0,0,6,0.0,1,0.0,Taliban
37037,1998,9,25,0,45,3,264,1353,7.00063,-76.26572,1.0,0,0.0,1,0,3,14,1510,45.0,0,6,6.0,1,0.0,Revolutionary Armed Forces of Colombia (FARC)
18926,1988,2,12,0,159,3,351,1626,-10.193333,-76.238889,1.0,0,0.0,1,0,2,4,1007,159.0,0,5,9.0,1,0.0,Tupac Amaru Revolutionary Movement (MRTA)
46039,2009,1,18,0,92,6,99,348,14.097995,77.280925,1.0,1,0.0,0,0,3,19,483,92.0,0,6,0.0,0,0.0,Communist Party of India - Maoist (CPI-Maoist)
45849,2008,12,13,0,160,5,281,1141,10.801934,123.488506,1.0,0,0.0,1,0,3,16,1312,160.0,0,6,0.0,1,0.0,New People's Army (NPA)
7371,1981,2,13,0,69,8,110,52,48.856644,2.34233,1.0,0,0.0,1,0,3,19,593,69.0,0,6,1.0,1,0.0,Corsican National Liberation Front (FLNC)
75231,2016,6,30,0,4,6,374,1487,34.516895,69.147011,1.0,0,1.0,1,1,3,3,301,4.0,0,6,17.0,1,0.0,Taliban
45006,2008,6,4,0,153,6,400,1577,33.590603,71.44062,1.0,0,0.0,1,0,3,1,1749,153.0,0,6,3.0,1,0.0,Tehrik-i-Taliban Pakistan (TTP)
32470,1994,2,18,0,160,5,6,27,6.637796,124.599145,1.0,0,0.0,1,0,3,14,34,160.0,0,6,11.0,1,0.0,Abu Sayyaf Group (ASG)
68389,2015,6,20,0,104,11,59,197,1.736307,40.056176,3.0,0,0.0,1,0,1,2,305,104.0,0,5,1.0,0,0.0,Al-Shabaab
64831,2015,1,2,0,214,9,117,477,47.313381,37.805458,1.0,0,0.0,1,0,2,4,48,214.0,0,6,0.0,-9,0.0,Donetsk People's Republic
49996,2011,8,21,0,228,10,41,167,13.932036,46.083254,1.0,0,0.0,1,1,3,2,256,228.0,0,6,5.0,1,0.0,Al-Qaida in the Arabian Peninsula (AQAP)
22009,1989,4,26,0,92,6,230,1451,32.726602,74.857026,1.0,0,0.0,1,0,2,8,1658,92.0,0,5,0.0,1,0.0,Sikh Extremists
12624,1984,8,12,0,183,11,14,57,-26.184113,28.033232,1.0,0,0.0,1,0,3,2,96,183.0,0,6,0.0,1,0.0,African National Congress (South Africa)
18735,1988,1,13,0,92,6,364,1433,32.040763,75.401886,3.0,0,0.0,1,0,1,2,1640,92.0,0,5,2.0,0,0.0,Sikh Extremists
9214,1982,10,3,0,61,2,123,547,13.719546,-88.360633,1.0,0,0.0,1,0,2,4,672,61.0,0,5,1.0,1,0.0,Farabundo Marti National Liberation Front (FMLN)
59627,2014,4,13,0,160,5,1,19,6.053166,121.042788,2.0,0,0.0,1,0,2,4,20,160.0,0,5,5.0,-9,0.0,Abu Sayyaf Group (ASG)
16040,1986,8,1,0,145,2,316,1199,13.564251,-86.02984,1.0,0,0.0,1,0,2,4,1336,145.0,0,5,1.0,1,0.0,Nicaraguan Democratic Force (FDN)
69229,2015,8,1,0,4,6,388,1531,35.760462,68.918177,2.0,0,1.0,1,0,7,15,198,4.0,0,8,0.0,1,0.0,Taliban
26075,1990,10,30,0,155,10,333,1276,32.222271,35.253506,1.0,0,0.0,0,0,1,1,1397,97.0,0,9,1.0,0,0.0,Palestinians
35141,1996,3,10,0,160,5,7,15,6.929089,122.07885,1.0,0,0.0,1,0,3,15,35,160.0,0,6,1.0,1,0.0,Abu Sayyaf Group (ASG)
27525,1991,6,12,0,159,3,223,925,-11.967368,-76.978462,1.0,0,1.0,1,0,3,1,399,159.0,0,6,0.0,1,0.0,Tupac Amaru Revolutionary Movement (MRTA)
15188,1986,2,14,0,61,2,123,525,13.491242,-88.173134,1.0,0,0.0,1,0,2,4,683,61.0,0,5,3.0,1,0.0,Farabundo Marti National Liberation Front (FMLN)
78549,2017,1,19,0,60,10,229,1009,31.250196,34.24128,1.0,0,0.0,1,0,3,4,250,60.0,0,6,1.0,1,0.0,Muslim extremists
32425,1994,2,7,0,45,3,268,1071,7.062532,-73.085812,1.0,0,0.0,1,0,3,2,1205,45.0,0,6,0.0,1,0.0,National Liberation Army of Colombia (ELN)
16465,1986,11,23,0,183,11,14,76,-26.252697,27.870275,1.0,0,0.0,1,0,3,2,135,183.0,0,6,0.0,1,0.0,African National Congress (South Africa)
18228,1987,10,7,0,92,6,364,24,31.147131,75.341218,4.0,0,1.0,1,0,1,14,1628,92.0,0,5,1.0,0,0.0,Sikh Extremists
55211,2013,4,21,0,92,6,101,352,23.395833,84.238515,1.0,0,0.0,1,0,3,14,487,92.0,0,6,0.0,1,0.0,Communist Party of India - Maoist (CPI-Maoist)
54593,2013,2,14,0,153,6,399,1600,33.370038,70.54496,1.0,0,0.0,1,1,3,4,452,153.0,0,6,8.0,1,0.0,Tehrik-i-Taliban Pakistan (TTP)
62845,2014,9,17,0,147,11,89,582,10.470701,7.779848,2.0,0,1.0,1,0,2,14,27,147.0,0,5,30.0,1,0.0,Fulani extremists
61570,2014,7,14,0,160,5,283,1136,7.833053,125.816497,1.0,0,1.0,1,0,3,4,1292,160.0,0,6,0.0,0,0.0,New People's Army (NPA)
3975,1978,3,17,0,185,8,69,234,43.258434,-2.921819,1.0,0,0.0,1,0,3,21,357,185.0,0,6,2.0,1,0.0,Basque Fatherland and Freedom (ETA)
79627,2017,3,30,0,104,11,51,187,2.809093,40.927444,1.0,0,0.0,1,0,4,2,250,104.0,0,5,0.0,1,1.0,Al-Shabaab
61575,2014,7,15,0,214,9,117,488,47.927954,37.371645,3.0,0,1.0,1,0,7,1,659,214.0,0,5,1.0,1,0.0,Donetsk People's Republic
7441,1981,3,7,0,69,8,113,451,43.610769,3.876716,1.0,0,1.0,1,0,3,1,599,69.0,0,6,0.0,1,0.0,Corsican National Liberation Front (FLNC)
64812,2015,1,1,0,214,9,117,481,48.372005,37.88657,1.0,1,0.0,1,0,3,4,48,214.0,0,6,0.0,-9,0.0,Donetsk People's Republic
33022,1994,5,16,0,159,3,223,925,-11.967368,-76.978462,1.0,0,0.0,1,0,3,1,1560,159.0,0,6,0.0,1,0.0,Shining Path (SL)
63764,2014,11,2,0,153,6,364,1579,31.590166,74.575894,1.0,0,0.0,1,1,3,14,13,153.0,0,6,62.0,1,0.0,Tehrik-i-Taliban Pakistan (TTP)
37755,1999,12,3,0,185,8,67,237,42.84964,-2.692359,1.0,0,0.0,0,0,1,2,409,185.0,0,8,0.0,0,0.0,Basque Fatherland and Freedom (ETA)
31640,1992,10,30,0,603,8,161,697,54.607712,-5.95621,1.0,0,1.0,1,0,2,14,804,233.0,0,5,0.0,0,0.0,Irish Republican Army (IRA)
55942,2013,7,3,0,228,10,39,153,14.54397,49.12458,1.0,0,0.0,1,0,2,2,236,228.0,0,5,1.0,0,0.0,Al-Qaida in the Arabian Peninsula (AQAP)
12572,1984,8,5,0,21,8,78,264,51.219062,4.40289,1.0,0,0.0,1,0,3,2,406,21.0,0,6,0.0,1,0.0,Basque Fatherland and Freedom (ETA)
74511,2016,5,13,0,147,11,136,630,7.487471,9.236722,1.0,0,0.0,1,0,2,14,27,147.0,0,5,5.0,0,0.0,Fulani extremists
60430,2014,5,26,1,214,9,117,468,47.981647,37.762325,1.0,0,0.0,1,0,6,7,657,422.0,0,5,0.0,0,1.0,Donetsk People's Republic
27544,1991,6,12,0,159,3,223,925,-11.967368,-76.978462,1.0,0,1.0,1,0,3,1,399,159.0,0,6,0.0,1,0.0,Tupac Amaru Revolutionary Movement (MRTA)
22040,1989,5,2,0,186,6,207,856,7.733107,81.68882,1.0,0,0.0,1,0,3,1,979,186.0,0,6,0.0,1,0.0,Liberation Tigers of Tamil Eelam (LTTE)
42209,2005,7,21,0,186,6,207,860,6.875271,81.830633,1.0,0,0.0,1,0,2,3,967,186.0,0,5,2.0,-9,0.0,Liberation Tigers of Tamil Eelam (LTTE)
36515,1997,9,16,0,45,3,269,24,2.535935,-75.52767,4.0,0,0.0,1,0,2,2,1508,45.0,0,5,0.0,1,0.0,Revolutionary Armed Forces of Colombia (FARC)
13338,1985,1,28,0,159,3,353,1385,-10.680652,-76.259918,1.0,0,0.0,1,0,3,21,1550,159.0,0,6,1.0,1,0.0,Shining Path (SL)
26636,1991,1,29,0,186,6,210,884,8.8341,80.760739,1.0,0,0.0,1,0,2,4,986,186.0,0,5,7.0,1,0.0,Liberation Tigers of Tamil Eelam (LTTE)
46990,2009,8,15,0,160,5,295,1168,13.493886,123.325117,1.0,0,0.0,1,0,7,16,1313,160.0,0,8,0.0,1,0.0,New People's Army (NPA)
71514,2015,12,1,0,228,10,151,664,13.586484,44.024105,1.0,0,0.0,1,0,3,14,753,228.0,0,6,0.0,-9,0.0,Houthi extremists (Ansar Allah)
4391,1978,10,14,0,185,8,67,234,43.258434,-2.921819,1.0,0,0.0,1,0,1,3,352,185.0,0,5,2.0,0,0.0,Basque Fatherland and Freedom (ETA)
75328,2016,7,5,0,228,10,40,668,15.45639,45.324871,1.0,0,1.0,1,0,3,14,345,228.0,0,6,0.0,1,0.0,Houthi extremists (Ansar Allah)
10094,1983,4,22,0,145,2,315,1208,13.330532,-86.1624,3.0,1,0.0,1,0,2,4,672,145.0,0,5,1.0,1,0.0,Nicaraguan Democratic Force (FDN)
69102,2015,7,26,0,160,5,1,2,6.088221,121.109329,1.0,0,0.0,0,0,6,4,7,160.0,0,5,0.0,0,0.0,Abu Sayyaf Group (ASG)
62825,2014,9,16,0,200,10,31,121,33.515244,36.292084,1.0,0,1.0,1,0,3,14,297,200.0,0,6,1.0,-9,0.0,Muslim extremists
33149,1994,6,17,0,45,3,264,1072,6.242026,-75.564766,1.0,0,1.0,1,0,3,1,1221,45.0,0,6,0.0,1,0.0,National Liberation Army of Colombia (ELN)
75977,2016,8,15,0,228,10,41,171,13.357599,45.69648,1.0,0,0.0,1,1,3,4,20,228.0,0,6,4.0,-9,0.0,Al-Qaida in the Arabian Peninsula (AQAP)
48313,2010,7,7,0,95,10,23,107,33.31065,44.038208,1.0,0,1.0,1,0,3,17,180,95.0,0,6,0.0,1,0.0,Al-Qaida in Iraq
63898,2014,11,9,0,95,10,23,750,33.633442,42.816579,3.0,0,0.0,1,0,6,14,13,95.0,0,5,71.0,0,1.0,Islamic State of Iraq and the Levant (ISIL)
66176,2015,3,5,0,214,9,117,469,47.098835,37.81987,1.0,0,0.0,1,0,2,4,48,214.0,0,6,0.0,0,0.0,Donetsk People's Republic
11394,1984,1,12,0,61,2,122,540,13.8222,-89.25389,1.0,0,0.0,1,0,2,4,683,61.0,0,5,5.0,1,0.0,Farabundo Marti National Liberation Front (FMLN)
15819,1986,6,19,0,159,3,223,925,-11.967368,-76.978462,1.0,0,0.0,1,0,3,1,1587,159.0,0,6,1.0,1,0.0,Shining Path (SL)
43402,2006,11,7,0,186,6,207,864,7.716666,81.700188,3.0,0,0.0,1,0,3,3,974,186.0,0,6,0.0,-9,0.0,Liberation Tigers of Tamil Eelam (LTTE)
52286,2012,6,13,0,95,10,23,107,33.31065,44.038208,1.0,1,1.0,1,0,3,3,12,95.0,0,6,1.0,0,0.0,Al-Qaida in Iraq
41940,2005,4,15,0,95,10,24,108,33.303566,44.371773,1.0,0,0.0,1,1,3,7,204,167.0,0,6,1.0,-9,0.0,Al-Qaida in Iraq
57540,2013,11,26,0,228,10,42,149,15.325443,44.211895,1.0,0,0.0,1,0,2,1,257,35.0,0,5,1.0,0,0.0,Al-Qaida in the Arabian Peninsula (AQAP)
16935,1987,3,23,0,362,8,164,724,51.148407,6.357643,1.0,0,0.0,1,0,3,4,848,216.0,0,6,0.0,1,0.0,Irish Republican Army (IRA)
46709,2009,6,19,0,153,6,402,1588,34.856902,71.429936,3.0,0,0.0,1,0,3,8,1764,153.0,0,6,0.0,1,0.0,Tehrik-i-Taliban Pakistan (TTP)
14648,1985,10,16,0,43,3,217,913,-33.366238,-70.505302,1.0,0,0.0,1,0,3,19,1068,43.0,0,6,0.0,1,0.0,Manuel Rodriguez Patriotic Front (FPMR)
59803,2014,4,28,0,92,6,101,350,24.119145,84.187981,3.0,0,0.0,1,0,2,14,1137,92.0,0,5,1.0,0,0.0,Maoists
52517,2012,7,5,0,182,11,53,189,4.120602,43.890526,1.0,1,0.0,1,0,2,4,326,65.0,0,5,11.0,1,0.0,Al-Shabaab
70261,2015,9,22,0,147,11,141,589,10.326373,6.656488,1.0,0,0.0,1,0,2,14,465,147.0,0,5,35.0,1,0.0,Fulani extremists
10946,1983,10,10,0,159,3,354,1401,-15.65083,-70.321899,1.0,0,1.0,1,0,1,8,938,159.0,0,5,1.0,0,0.0,Shining Path (SL)
16929,1987,3,22,0,145,2,329,1240,12.069311,-84.539748,1.0,0,1.0,1,0,2,4,1357,145.0,0,5,1.0,1,0.0,Nicaraguan Democratic Force (FDN)
59905,2014,5,1,0,160,5,282,1112,16.990875,120.73286,3.0,0,0.0,1,0,2,4,1273,160.0,0,5,3.0,0,0.0,New People's Army (NPA)
45623,2008,10,18,0,92,6,101,353,23.744186,84.504429,3.0,0,0.0,1,0,2,14,518,92.0,0,5,0.0,-9,0.0,Communist Party of India - Maoist (CPI-Maoist)
14070,1985,6,15,0,183,11,13,53,-29.965819,30.882976,1.0,0,0.0,1,0,3,3,129,183.0,0,6,1.0,1,0.0,African National Congress (South Africa)
33157,1994,6,17,0,45,3,264,1072,6.242026,-75.564766,1.0,0,1.0,1,0,3,1,1221,45.0,0,6,0.0,1,0.0,National Liberation Army of Colombia (ELN)
74351,2016,5,11,0,228,10,39,155,16.902568,49.328913,1.0,0,0.0,0,1,1,4,240,228.0,0,6,9.0,-9,0.0,Al-Qaida in the Arabian Peninsula (AQAP)
20055,1988,7,28,0,186,6,209,871,9.338416,80.303394,1.0,0,0.0,1,0,2,4,672,92.0,0,5,0.0,1,0.0,Liberation Tigers of Tamil Eelam (LTTE)
47085,2009,9,9,0,92,6,102,384,18.446111,81.166667,1.0,0,0.0,1,0,3,3,519,92.0,0,6,0.0,-9,0.0,Communist Party of India - Maoist (CPI-Maoist)
41688,2004,11,23,0,4,6,377,1543,32.623739,65.456432,1.0,0,0.0,1,0,1,4,1723,4.0,0,5,3.0,0,0.0,Taliban
31053,1992,8,23,0,209,10,182,807,37.522653,42.452637,1.0,0,0.0,1,0,2,4,915,209.0,0,5,2.0,1,0.0,Kurdistan Workers' Party (PKK)
51708,2012,4,19,0,95,10,27,120,33.835629,44.247406,1.0,0,1.0,1,0,3,20,6,95.0,0,6,0.0,0,0.0,Al-Qaida in Iraq
77693,2016,11,22,0,153,6,399,1564,34.006004,71.53743,1.0,0,0.0,1,0,3,3,250,153.0,0,6,3.0,1,0.0,Tehrik-i-Taliban Pakistan (TTP)
12194,1984,5,12,0,183,11,13,58,-29.861824,31.008293,1.0,0,0.0,1,0,3,3,112,183.0,0,6,0.0,1,0.0,African National Congress (South Africa)
46988,2009,8,15,0,4,6,393,1542,34.346722,62.197315,1.0,0,0.0,1,0,3,6,1722,4.0,0,6,0.0,0,0.0,Taliban
63977,2014,11,13,0,4,6,381,1509,31.979603,67.05043,1.0,0,0.0,0,0,1,14,1699,4.0,0,5,0.0,0,0.0,Taliban
22244,1989,6,1,0,92,6,364,1466,30.679722,76.721944,1.0,0,0.0,1,0,1,10,1660,92.0,0,5,2.0,0,0.0,Sikh Extremists
1911,1974,11,14,0,603,8,38,714,52.405838,-1.512661,1.0,0,0.0,0,0,3,17,821,233.0,0,6,1.0,1,0.0,Irish Republican Army (IRA)
82744,2017,10,14,0,95,10,27,742,33.953178,44.206818,1.0,0,0.0,0,1,3,14,27,95.0,0,6,2.0,0,0.0,Islamic State of Iraq and the Levant (ISIL)
74957,2016,6,15,0,92,6,105,391,19.758767,83.19422,2.0,0,1.0,1,0,6,1,527,92.0,0,8,0.0,1,1.0,Communist Party of India - Maoist (CPI-Maoist)
52325,2012,6,16,0,153,6,399,1583,33.47483,71.48759,1.0,0,0.0,1,0,3,3,250,153.0,0,6,6.0,1,0.0,Tehrik-i-Taliban Pakistan (TTP)
51697,2012,4,19,0,182,11,57,194,3.503923,42.236244,2.0,0,0.0,1,0,1,2,323,182.0,0,9,1.0,0,0.0,Al-Shabaab
52190,2012,6,6,1,209,10,191,831,38.426625,40.670188,3.0,0,0.0,1,0,6,4,189,209.0,0,5,1.0,0,1.0,Kurdistan Workers' Party (PKK)
50623,2011,12,10,0,147,11,96,315,5.900002,5.666517,1.0,0,0.0,1,0,3,15,463,147.0,0,6,0.0,1,0.0,Boko Haram
34741,1995,10,21,0,43,3,217,913,-33.366238,-70.505302,1.0,0,0.0,1,0,3,2,1051,43.0,0,6,0.0,1,0.0,Manuel Rodriguez Patriotic Front (FPMR)
19330,1988,4,15,0,43,3,219,918,-34.170331,-70.740822,1.0,0,0.0,0,0,3,21,724,43.0,0,6,0.0,1,0.0,Manuel Rodriguez Patriotic Front (FPMR)
74319,2016,5,9,0,173,10,159,24,17.700589,43.604145,4.0,0,0.0,0,0,3,4,249,173.0,0,6,0.0,0,0.0,Houthi extremists (Ansar Allah)
73749,2016,4,7,0,92,6,101,354,24.19173,86.299815,3.0,0,0.0,1,0,3,3,85,92.0,0,6,0.0,0,0.0,Communist Party of India - Maoist (CPI-Maoist)
47518,2010,1,19,0,160,5,0,5,6.645308,122.10184,1.0,0,0.0,0,0,1,2,5,160.0,0,6,0.0,1,0.0,Abu Sayyaf Group (ASG)
28490,1991,9,26,0,159,3,223,925,-11.967368,-76.978462,1.0,0,1.0,1,0,3,1,605,159.0,0,6,0.0,1,0.0,Shining Path (SL)
60547,2014,5,31,0,147,11,85,295,12.34494,14.183417,2.0,0,1.0,1,0,2,14,27,147.0,0,6,14.0,1,0.0,Boko Haram
20115,1988,8,7,0,92,6,364,1430,30.898024,75.860077,1.0,0,0.0,1,0,3,8,1661,92.0,0,6,0.0,1,0.0,Sikh Extremists
20345,1988,9,20,0,45,3,343,1333,3.40001,-76.23336,2.0,0,0.0,1,0,2,3,1489,45.0,0,5,0.0,1,0.0,Revolutionary Armed Forces of Colombia (FARC)
10676,1983,8,9,0,61,2,119,528,13.85077,-88.90406,1.0,0,0.0,1,0,2,4,683,61.0,0,5,5.0,1,0.0,Farabundo Marti National Liberation Front (FMLN)
8188,1981,11,19,0,88,2,132,550,14.060287,-88.695229,1.0,0,0.0,1,0,2,4,683,88.0,0,5,2.0,1,0.0,Farabundo Marti National Liberation Front (FMLN)
83017,2017,11,6,0,147,11,90,311,10.806326,13.458091,1.0,0,0.0,1,0,3,4,250,147.0,0,6,45.0,-9,0.0,Boko Haram
36639,1997,11,11,0,45,3,264,24,6.2675,-75.568611,4.0,0,0.0,1,0,1,14,1219,45.0,0,5,2.0,0,0.0,National Liberation Army of Colombia (ELN)
51953,2012,5,13,0,153,6,399,1564,34.006004,71.53743,1.0,0,0.0,1,0,3,3,1147,153.0,0,6,0.0,1,0.0,Tehrik-i-Taliban Pakistan (TTP)
64675,2014,12,24,1,160,5,287,1131,7.308998,125.685896,1.0,0,0.0,1,0,6,3,1286,160.0,0,5,0.0,0,1.0,New People's Army (NPA)
18828,1988,1,28,0,43,3,217,913,-33.366238,-70.505302,1.0,0,0.0,1,0,3,3,345,43.0,0,6,1.0,1,0.0,Manuel Rodriguez Patriotic Front (FPMR)
60464,2014,5,26,0,147,11,87,286,11.247069,12.01246,1.0,0,1.0,1,0,2,4,249,147.0,0,5,3.0,-9,0.0,Boko Haram
27380,1991,5,28,0,98,8,71,245,41.890961,12.490069,1.0,0,0.0,1,0,3,7,365,185.0,0,6,0.0,1,0.0,Basque Fatherland and Freedom (ETA)
25479,1990,7,27,0,43,3,217,913,-33.366238,-70.505302,1.0,0,0.0,1,0,2,1,1067,43.0,0,5,0.0,1,0.0,Manuel Rodriguez Patriotic Front (FPMR)
83248,2017,11,26,0,95,10,24,108,33.303566,44.371773,1.0,0,0.0,0,0,3,20,6,95.0,0,6,0.0,0,0.0,Islamic State of Iraq and the Levant (ISIL)
62752,2014,9,13,0,95,10,27,138,34.92485,43.491413,1.0,0,0.0,1,0,3,1,879,95.0,0,6,0.0,1,0.0,Islamic State of Iraq and the Levant (ISIL)
25271,1990,6,24,0,209,10,182,799,37.606967,42.748044,1.0,0,0.0,1,0,2,4,333,209.0,0,5,1.0,1,0.0,Kurdistan Workers' Party (PKK)
65086,2015,1,14,0,214,9,117,497,48.139713,37.643398,1.0,0,0.0,1,0,3,14,458,214.0,0,6,0.0,-9,0.0,Donetsk People's Republic
61923,2014,7,29,0,160,5,287,1158,7.837468,125.611574,2.0,0,0.0,1,0,3,4,1306,160.0,0,6,2.0,0,0.0,New People's Army (NPA)
42532,2005,12,2,0,45,3,269,1350,2.68523,-75.32598,1.0,0,0.0,1,0,2,3,1507,45.0,0,5,4.0,-9,0.0,Revolutionary Armed Forces of Colombia (FARC)
5655,1979,10,3,0,97,10,335,1280,31.771599,35.2034,1.0,0,0.0,1,0,3,14,1411,97.0,0,6,0.0,1,0.0,Palestinians
56879,2013,9,23,0,4,6,377,24,32.879882,66.150174,4.0,0,0.0,1,0,3,14,13,4.0,0,6,2.0,1,0.0,Taliban
19265,1988,3,30,0,69,8,12,52,48.856644,2.34233,1.0,0,0.0,1,0,3,7,91,183.0,0,6,0.0,1,0.0,African National Congress (South Africa)
57672,2013,12,10,0,228,10,39,24,16.930414,49.365315,4.0,0,0.0,1,0,2,4,48,228.0,0,5,2.0,1,0.0,Al-Qaida in the Arabian Peninsula (AQAP)
21657,1989,3,11,0,43,3,217,913,-33.366238,-70.505302,1.0,0,0.0,1,0,3,21,670,43.0,0,6,0.0,1,0.0,Manuel Rodriguez Patriotic Front (FPMR)
29011,1991,11,15,0,92,6,106,1434,15.478569,78.483093,3.0,0,0.0,1,0,3,2,1619,92.0,0,6,2.0,1,0.0,Sikh Extremists
62657,2014,9,9,0,147,11,145,634,12.166918,6.674397,2.0,0,1.0,1,0,6,14,27,147.0,0,5,2.0,1,1.0,Fulani extremists
59507,2014,4,9,1,228,10,156,673,15.667495,43.950701,1.0,0,0.0,1,0,4,4,20,228.0,0,6,5.0,1,1.0,Houthi extremists (Ansar Allah)
81384,2017,7,13,0,95,10,28,115,36.354145,43.14357,1.0,0,1.0,1,1,3,4,48,95.0,0,6,2.0,1,0.0,Islamic State of Iraq and the Levant (ISIL)
18979,1988,2,17,0,43,3,216,915,-33.024705,-71.552216,2.0,0,1.0,1,0,3,21,1037,43.0,0,6,0.0,1,0.0,Manuel Rodriguez Patriotic Front (FPMR)
77351,2016,11,3,0,92,6,105,945,19.583449,83.501022,1.0,0,0.0,1,0,3,3,85,92.0,0,6,0.0,1,0.0,Maoists
13785,1985,5,11,0,92,6,366,1435,28.585836,77.153336,1.0,0,0.0,0,0,3,2,1644,92.0,0,6,0.0,0,0.0,Sikh Extremists
15867,1986,6,27,0,61,2,127,524,13.676944,-89.279722,1.0,0,0.0,1,0,1,2,679,61.0,0,5,1.0,0,0.0,Farabundo Marti National Liberation Front (FMLN)
13516,1985,3,20,0,159,3,223,925,-11.967368,-76.978462,1.0,0,0.0,0,0,7,1,1812,159.0,0,8,0.0,1,0.0,Tupac Amaru Revolutionary Movement (MRTA)
10110,1983,4,28,0,69,8,12,52,48.856644,2.34233,1.0,0,0.0,1,0,3,19,587,69.0,0,6,0.0,1,0.0,Corsican National Liberation Front (FLNC)
21394,1989,2,15,0,61,2,130,545,13.36899,-88.658074,1.0,0,0.0,1,0,3,19,697,61.0,0,6,0.0,1,0.0,Farabundo Marti National Liberation Front (FMLN)
60765,2014,6,10,0,228,10,40,24,15.46591,45.293941,4.0,0,1.0,1,0,3,21,231,228.0,0,6,0.0,1,0.0,Al-Qaida in the Arabian Peninsula (AQAP)
81537,2017,7,20,1,160,5,0,44,6.596997,121.907486,1.0,0,1.0,1,0,6,14,63,160.0,0,5,5.0,0,1.0,Abu Sayyaf Group (ASG)
80443,2017,5,21,0,92,6,101,401,23.770186,84.417259,2.0,0,0.0,1,0,7,1,538,92.0,0,8,0.0,1,0.0,Communist Party of India - Maoist (CPI-Maoist)
12903,1984,10,10,0,69,8,111,445,43.296482,5.36978,1.0,0,1.0,1,0,3,2,403,69.0,0,6,0.0,1,0.0,Corsican National Liberation Front (FLNC)
12523,1984,7,25,0,145,2,316,1199,13.564251,-86.02984,1.0,0,0.0,1,0,2,4,672,145.0,0,5,12.0,1,0.0,Nicaraguan Democratic Force (FDN)
78807,2017,2,5,0,92,6,224,928,17.806766,81.157827,1.0,0,0.0,1,0,6,14,1092,92.0,0,5,1.0,0,1.0,Maoists
43769,2007,5,24,0,4,6,375,1507,31.550039,65.45263,3.0,0,0.0,1,0,3,3,6,4.0,0,6,4.0,1,0.0,Taliban
65358,2015,1,25,0,147,11,85,287,11.840929,13.141459,1.0,0,1.0,1,0,2,14,447,147.0,0,6,32.0,-9,0.0,Boko Haram
47884,2010,4,15,0,92,6,303,1156,24.817011,93.936844,3.0,0,0.0,1,0,7,1,1304,92.0,0,8,0.0,1,0.0,New People's Army (NPA)
17585,1987,7,9,0,185,8,67,240,43.291618,-1.977903,1.0,0,0.0,1,0,3,4,388,185.0,0,6,5.0,1,0.0,Basque Fatherland and Freedom (ETA)
75668,2016,7,28,0,173,10,154,667,16.893194,42.57526,1.0,0,0.0,1,0,3,14,447,173.0,0,6,0.0,-9,0.0,Houthi extremists (Ansar Allah)
6648,1980,6,1,0,183,11,18,69,-26.810437,27.827077,1.0,0,1.0,1,0,3,1,115,183.0,0,6,1.0,1,0.0,African National Congress (South Africa)
27329,1991,5,22,0,61,2,119,24,13.864829,-88.7494,4.0,0,1.0,1,0,3,21,670,61.0,0,6,0.0,1,0.0,Farabundo Marti National Liberation Front (FMLN)
14021,1985,6,10,0,61,2,130,541,13.416667,-88.5,1.0,0,1.0,1,0,3,21,693,61.0,0,6,0.0,1,0.0,Farabundo Marti National Liberation Front (FMLN)
77155,2016,10,22,0,92,6,101,943,23.047112,84.541155,2.0,0,1.0,1,0,6,14,1105,92.0,0,5,1.0,0,1.0,Maoists
50107,2011,9,25,0,95,10,35,128,32.604393,44.007145,1.0,0,1.0,1,0,3,2,208,95.0,0,6,3.0,1,0.0,Al-Qaida in Iraq
36987,1998,8,4,1,45,3,264,917,6.395033,-75.259437,1.0,0,1.0,1,0,6,2,1204,45.0,0,5,1.0,0,1.0,National Liberation Army of Colombia (ELN)
77803,2016,11,27,0,153,6,401,1567,24.891115,67.143311,1.0,0,1.0,1,0,1,3,1763,153.0,0,5,1.0,0,0.0,Tehrik-i-Taliban Pakistan (TTP)
42551,2005,12,9,0,45,3,264,1325,6.1429,-75.18417,1.0,0,0.0,1,0,3,4,1481,45.0,0,6,4.0,-9,0.0,Revolutionary Armed Forces of Colombia (FARC)
60052,2014,5,9,1,228,10,42,149,15.325443,44.211895,1.0,0,0.0,1,0,6,4,20,228.0,0,5,8.0,-9,1.0,Al-Qaida in the Arabian Peninsula (AQAP)
64884,2015,1,4,0,228,10,39,161,14.769764,49.374268,1.0,0,0.0,1,0,2,2,250,228.0,0,5,0.0,1,0.0,Al-Qaida in the Arabian Peninsula (AQAP)
14089,1985,6,18,0,61,2,123,513,13.814197,-88.34682,1.0,0,0.0,1,0,2,4,672,61.0,0,5,4.0,1,0.0,Farabundo Marti National Liberation Front (FMLN)
67678,2015,5,18,0,209,10,171,756,36.991419,35.330828,1.0,0,1.0,1,0,3,14,217,209.0,0,6,0.0,1,0.0,Islamic State of Iraq and the Levant (ISIL)
9535,1982,12,22,0,185,8,67,234,43.258434,-2.921819,1.0,0,0.0,1,0,3,1,380,217.0,0,6,0.0,1,0.0,Basque Fatherland and Freedom (ETA)
8956,1982,7,20,0,159,3,353,1385,-10.680652,-76.259918,1.0,0,0.0,1,0,3,21,670,159.0,0,6,1.0,1,0.0,Shining Path (SL)
28730,1991,10,20,0,92,6,364,1430,30.898024,75.860077,1.0,1,1.0,1,0,7,1,581,92.0,0,8,0.0,1,0.0,Sikh Extremists
65376,2015,1,26,0,113,10,228,1006,30.491793,18.547119,1.0,0,0.0,1,0,3,14,753,113.0,0,6,0.0,1,0.0,Muslim extremists
27048,1991,4,5,0,186,6,207,859,8.577826,81.218719,1.0,1,0.0,1,0,3,4,980,186.0,0,6,2.0,1,0.0,Liberation Tigers of Tamil Eelam (LTTE)
67828,2015,5,24,0,214,9,117,469,47.098835,37.81987,1.0,0,0.0,1,0,2,4,643,214.0,0,6,1.0,-9,0.0,Donetsk People's Republic
25335,1990,7,6,0,185,8,67,24,43.003305,-2.612578,4.0,1,1.0,1,0,3,1,383,185.0,0,6,0.0,1,0.0,Basque Fatherland and Freedom (ETA)
32404,1994,2,3,0,45,3,264,1072,6.242026,-75.564766,1.0,0,0.0,1,0,3,8,1213,45.0,0,6,0.0,1,0.0,National Liberation Army of Colombia (ELN)
57069,2013,10,9,0,95,10,29,738,35.323789,43.772096,3.0,0,1.0,1,0,3,3,888,95.0,0,6,0.0,1,0.0,Islamic State of Iraq and the Levant (ISIL)
66503,2015,3,21,0,182,11,50,195,2.14383,45.118061,1.0,0,0.0,1,0,3,2,334,182.0,0,6,2.0,1,0.0,Al-Shabaab
13140,1984,12,9,0,69,8,111,445,43.296482,5.36978,1.0,0,0.0,1,0,3,3,608,69.0,0,6,0.0,1,0.0,Corsican National Liberation Front (FLNC)
65081,2015,1,14,0,214,9,117,476,47.805,37.576667,1.0,0,0.0,1,0,3,4,643,214.0,0,6,0.0,-9,0.0,Donetsk People's Republic
29711,1992,2,19,0,159,3,223,925,-11.967368,-76.978462,1.0,0,0.0,1,0,1,3,1592,159.0,0,5,1.0,0,0.0,Shining Path (SL)
65696,2015,2,9,0,147,11,136,585,7.689167,9.250278,3.0,0,1.0,1,0,2,14,27,147.0,0,5,1.0,1,0.0,Fulani extremists
15426,1986,4,3,0,159,3,223,925,-11.967368,-76.978462,1.0,0,1.0,1,0,3,2,1807,159.0,0,6,1.0,1,0.0,Tupac Amaru Revolutionary Movement (MRTA)
23290,1989,10,4,1,159,3,223,925,-11.967368,-76.978462,1.0,0,0.0,1,0,6,10,1839,159.0,0,5,1.0,0,1.0,Tupac Amaru Revolutionary Movement (MRTA)
21348,1989,2,9,0,159,3,223,925,-11.967368,-76.978462,1.0,0,0.0,1,0,3,1,1824,159.0,0,6,0.0,1,0.0,Tupac Amaru Revolutionary Movement (MRTA)
66555,2015,3,25,1,4,6,394,1532,33.239717,65.45986,3.0,0,0.0,1,0,6,14,1712,4.0,0,5,0.0,0,1.0,Taliban
5427,1979,8,4,0,185,8,67,233,43.18418,-2.473289,1.0,0,0.0,1,0,1,3,390,185.0,0,5,1.0,0,0.0,Basque Fatherland and Freedom (ETA)
30787,1992,7,21,0,159,3,223,925,-11.967368,-76.978462,1.0,0,0.0,1,0,3,19,1544,159.0,0,6,0.0,1,0.0,Shining Path (SL)
72720,2016,2,7,0,147,11,136,636,7.296636,9.250712,2.0,0,1.0,1,0,2,14,27,147.0,0,5,4.0,1,0.0,Fulani extremists
23580,1989,10,31,0,45,3,261,24,7.946283,-72.898807,4.0,0,0.0,1,0,3,21,1246,45.0,0,6,0.0,1,0.0,National Liberation Army of Colombia (ELN)
24534,1990,3,27,0,159,3,223,925,-11.967368,-76.978462,1.0,0,0.0,1,0,3,4,1565,159.0,0,5,0.0,1,0.0,Shining Path (SL)
74604,2016,5,26,0,160,5,1,2,6.088221,121.109329,1.0,0,0.0,1,0,2,4,48,160.0,0,5,1.0,0,0.0,Abu Sayyaf Group (ASG)
51618,2012,4,13,0,92,6,108,931,19.598623,80.226578,1.0,0,0.0,1,0,1,14,1094,92.0,0,5,1.0,0,0.0,Maoists
15140,1986,2,3,0,603,8,161,699,54.296399,-7.871465,1.0,0,0.0,1,0,3,4,789,233.0,0,6,1.0,1,0.0,Irish Republican Army (IRA)
58326,2014,1,30,0,200,10,167,1011,36.201721,37.14352,1.0,0,0.0,1,0,3,4,48,200.0,0,6,6.0,1,0.0,Muslim extremists
66373,2015,3,15,0,147,11,136,614,7.905833,7.854722,2.0,0,0.0,1,0,2,14,27,147.0,0,5,95.0,1,0.0,Fulani extremists
28234,1991,8,24,0,97,10,335,1288,31.783739,35.160804,1.0,0,0.0,0,0,3,14,1399,97.0,0,6,0.0,1,0.0,Palestinians
72658,2016,2,4,0,160,5,1,6,5.97972,121.054829,1.0,0,1.0,0,0,3,20,6,160.0,0,6,0.0,0,0.0,Abu Sayyaf Group (ASG)
57724,2013,12,15,0,160,5,281,1115,10.3725,123.123611,1.0,0,0.0,1,0,7,1,1274,160.0,0,8,0.0,1,0.0,New People's Army (NPA)
17940,1987,8,27,0,43,3,217,913,-33.366238,-70.505302,1.0,0,0.0,1,0,2,3,1031,43.0,0,5,0.0,1,0.0,Manuel Rodriguez Patriotic Front (FPMR)
1477,1973,8,24,0,603,8,161,719,55.011562,-7.312045,1.0,0,0.0,1,0,1,14,833,233.0,0,5,1.0,0,0.0,Irish Republican Army (IRA)
65363,2015,1,25,0,147,11,136,629,7.894399,7.785072,1.0,0,1.0,1,0,2,14,27,147.0,0,5,4.0,0,0.0,Fulani extremists
48873,2010,11,7,0,92,6,101,364,24.168873,84.039211,1.0,0,1.0,1,0,3,2,498,92.0,0,6,0.0,1,0.0,Communist Party of India - Maoist (CPI-Maoist)
47199,2009,10,12,0,92,6,101,354,24.179793,86.306772,3.0,0,0.0,1,0,3,19,531,92.0,0,6,0.0,1,0.0,Communist Party of India - Maoist (CPI-Maoist)
46783,2009,7,6,0,209,10,182,786,37.248935,42.470654,1.0,0,0.0,1,0,3,19,908,209.0,0,6,4.0,-9,0.0,Kurdistan Workers' Party (PKK)
21833,1989,4,5,0,61,2,121,511,13.69288,-89.199161,1.0,0,1.0,1,0,3,1,703,61.0,0,6,0.0,1,0.0,Farabundo Marti National Liberation Front (FMLN)
13594,1985,4,11,0,43,3,217,913,-33.366238,-70.505302,1.0,0,1.0,1,0,3,19,56,43.0,0,6,0.0,1,0.0,Manuel Rodriguez Patriotic Front (FPMR)
62193,2014,8,13,0,45,3,270,1090,6.33336,-71.48332,2.0,0,0.0,1,0,3,21,1235,45.0,0,6,0.0,1,0.0,National Liberation Army of Colombia (ELN)
70303,2015,9,25,0,173,10,154,681,16.800006,43.149996,2.0,0,1.0,1,0,3,3,258,173.0,0,6,0.0,1,0.0,Houthi extremists (Ansar Allah)
38496,2000,10,12,1,59,3,347,1349,-0.879091,-76.085601,4.0,0,0.0,1,0,6,1,1505,999.0,0,5,0.0,0,1.0,Revolutionary Armed Forces of Colombia (FARC)
54205,2013,1,7,0,147,11,92,307,11.974328,8.50026,1.0,0,0.0,1,0,2,15,198,147.0,0,5,3.0,0,0.0,Boko Haram
17977,1987,9,2,0,186,6,207,853,8.457907,81.268402,1.0,0,1.0,1,0,7,1,1171,186.0,0,8,0.0,1,0.0,Muslim extremists
64180,2014,11,26,0,214,9,117,468,47.981647,37.762325,1.0,0,0.0,1,0,2,4,646,214.0,0,6,2.0,1,0.0,Donetsk People's Republic
14852,1985,12,2,0,43,3,217,913,-33.366238,-70.505302,1.0,0,0.0,1,0,3,4,1035,43.0,0,6,0.0,1,0.0,Manuel Rodriguez Patriotic Front (FPMR)
79121,2017,2,24,0,200,10,167,744,36.432888,37.442127,1.0,0,0.0,1,1,3,17,878,200.0,0,6,78.0,1,0.0,Islamic State of Iraq and the Levant (ISIL)
12946,1984,10,20,0,145,2,322,1210,11.949718,-86.128692,1.0,1,0.0,1,0,2,14,1341,145.0,0,5,0.0,1,0.0,Nicaraguan Democratic Force (FDN)
56838,2013,9,18,0,147,11,87,286,11.247069,12.01246,1.0,0,0.0,1,0,2,14,458,147.0,0,5,1.0,-9,0.0,Boko Haram
47212,2009,10,13,0,92,6,101,362,23.982774,86.030013,1.0,0,0.0,1,0,2,19,496,92.0,0,5,0.0,1,0.0,Communist Party of India - Maoist (CPI-Maoist)
17256,1987,5,17,0,61,2,121,518,13.69288,-89.199161,1.0,0,0.0,1,0,1,4,676,61.0,0,5,1.0,0,0.0,Farabundo Marti National Liberation Front (FMLN)
47897,2010,4,19,0,153,6,402,1597,33.908578,71.070055,3.0,0,0.0,1,0,6,3,1776,153.0,0,5,0.0,0,1.0,Tehrik-i-Taliban Pakistan (TTP)
61622,2014,7,16,0,214,9,117,489,48.327225,38.025673,1.0,1,0.0,1,0,3,4,653,214.0,0,6,0.0,1,0.0,Donetsk People's Republic
57120,2013,10,15,0,4,6,393,1541,34.283333,62.616667,3.0,0,0.0,1,0,3,14,177,4.0,0,6,0.0,1,0.0,Taliban
5224,1979,5,31,0,69,8,110,52,48.856644,2.34233,1.0,0,0.0,1,0,3,14,592,69.0,0,6,0.0,1,0.0,Corsican National Liberation Front (FLNC)
55290,2013,4,28,1,160,5,283,1157,7.373618,125.949926,1.0,0,0.0,1,0,6,3,1305,160.0,0,5,1.0,0,1.0,New People's Army (NPA)
30716,1992,7,12,0,209,10,182,834,37.340288,41.892628,1.0,1,0.0,1,0,2,19,937,209.0,0,5,3.0,1,0.0,Kurdistan Workers' Party (PKK)
36828,1998,3,9,0,186,6,207,859,8.577826,81.218719,1.0,0,0.0,1,0,3,3,976,186.0,0,6,3.0,1,0.0,Liberation Tigers of Tamil Eelam (LTTE)
14948,1985,12,24,0,159,3,404,1625,-12.050934,-77.126044,1.0,0,0.0,1,0,3,1,399,159.0,0,6,1.0,1,0.0,Tupac Amaru Revolutionary Movement (MRTA)
19370,1988,4,22,0,69,8,109,449,42.567651,8.757222,1.0,0,0.0,1,0,3,1,205,69.0,0,6,0.0,1,0.0,Corsican National Liberation Front (FLNC)
78859,2017,2,8,0,92,6,106,376,18.13776,82.686184,2.0,0,0.0,1,0,6,14,509,92.0,0,5,1.0,0,1.0,Communist Party of India - Maoist (CPI-Maoist)
52327,2012,6,16,0,95,10,24,108,33.303566,44.371773,1.0,0,1.0,1,0,3,14,182,95.0,0,6,14.0,0,0.0,Al-Qaida in Iraq
63530,2014,10,18,1,147,11,90,327,10.645108,13.484032,1.0,0,1.0,1,0,6,14,27,147.0,0,8,1.0,1,1.0,Boko Haram
28007,1991,8,1,0,155,10,333,1285,31.907141,35.198219,1.0,0,0.0,1,0,1,14,1401,155.0,0,5,1.0,0,0.0,Palestinians
15515,1986,4,23,0,69,8,109,443,42.699997,9.447317,1.0,0,0.0,1,0,3,18,589,69.0,0,6,0.0,1,0.0,Corsican National Liberation Front (FLNC)
47954,2010,5,3,0,160,5,290,1127,8.280488,126.255202,1.0,0,0.0,1,0,2,3,1284,160.0,0,5,2.0,-9,0.0,New People's Army (NPA)
14581,1985,10,3,0,145,2,328,1226,12.93808,-86.27218,1.0,0,0.0,1,0,2,4,683,145.0,0,5,0.0,1,0.0,Nicaraguan Democratic Force (FDN)
6392,1980,3,24,0,97,10,335,1280,31.771599,35.2034,1.0,0,0.0,0,0,3,14,1420,97.0,0,6,0.0,0,0.0,Palestinians
35140,1996,3,10,0,159,3,223,925,-11.967368,-76.978462,1.0,0,0.0,1,0,3,1,1556,159.0,0,6,0.0,1,0.0,Shining Path (SL)
14824,1985,11,26,0,183,11,21,91,-23.00124,29.768678,1.0,0,0.0,1,0,3,14,147,183.0,0,6,0.0,1,0.0,African National Congress (South Africa)
51073,2012,2,16,0,228,10,41,163,13.129726,45.385571,1.0,1,0.0,1,0,2,4,265,228.0,0,5,0.0,0,0.0,Al-Qaida in the Arabian Peninsula (AQAP)
51794,2012,4,28,0,228,10,47,173,13.148959,44.85055,1.0,0,0.0,1,0,1,2,224,228.0,0,5,1.0,0,0.0,Al-Qaida in the Arabian Peninsula (AQAP)
40456,2002,11,25,1,45,3,264,24,7.198606,-75.341218,4.0,0,0.0,1,0,6,2,1471,45.0,0,5,0.0,0,1.0,Revolutionary Armed Forces of Colombia (FARC)
19230,1988,3,25,0,61,2,121,511,13.69288,-89.199161,1.0,0,0.0,1,0,3,3,673,61.0,0,5,2.0,1,0.0,Farabundo Marti National Liberation Front (FMLN)
60676,2014,6,7,0,214,9,117,466,48.596962,37.998299,1.0,0,0.0,1,0,3,4,641,214.0,0,6,0.0,1,0.0,Donetsk People's Republic
26321,1990,12,12,0,45,3,341,1327,3.24114,-74.35539,3.0,0,0.0,1,0,2,4,1483,45.0,0,5,0.0,1,0.0,Revolutionary Armed Forces of Colombia (FARC)
71645,2015,12,11,0,160,5,304,1159,12.99271,124.014746,1.0,0,0.0,1,0,1,4,1307,160.0,0,5,1.0,0,0.0,New People's Army (NPA)
30175,1992,4,27,0,183,11,13,79,-30.050385,30.881266,1.0,1,0.0,1,0,2,22,131,183.0,0,5,6.0,1,0.0,African National Congress (South Africa)
71636,2015,12,11,0,37,11,94,314,11.162543,14.013976,1.0,0,0.0,1,1,3,14,13,37.0,0,6,8.0,-9,0.0,Boko Haram
7127,1980,11,13,0,185,8,67,238,43.32412,-1.929857,1.0,0,0.0,0,0,2,3,392,185.0,0,5,0.0,0,0.0,Basque Fatherland and Freedom (ETA)
58654,2014,2,20,0,153,6,401,1567,24.891115,67.143311,1.0,0,0.0,0,0,3,22,1742,153.0,0,6,0.0,0,0.0,Tehrik-i-Taliban Pakistan (TTP)
20805,1988,11,25,0,43,3,218,923,-37.092019,-73.154582,1.0,0,0.0,1,0,3,21,1061,43.0,0,6,0.0,1,0.0,Manuel Rodriguez Patriotic Front (FPMR)
11783,1984,3,16,0,61,2,130,551,13.558889,-88.43,1.0,0,0.0,1,0,2,4,708,61.0,0,5,1.0,1,0.0,Farabundo Marti National Liberation Front (FMLN)
66149,2015,3,3,0,214,9,117,471,48.143208,37.753361,1.0,0,0.0,1,0,2,4,48,214.0,0,6,0.0,0,0.0,Donetsk People's Republic
11174,1983,11,28,0,45,3,268,1074,7.116294,-73.120026,1.0,0,1.0,1,0,3,15,1209,45.0,0,6,0.0,1,0.0,National Liberation Army of Colombia (ELN)
51231,2012,3,3,0,160,5,1,22,6.050458,121.012245,1.0,0,0.0,1,0,3,1,49,160.0,0,6,2.0,-9,0.0,Abu Sayyaf Group (ASG)
34905,1995,12,27,1,160,5,3,9,10.338213,123.942398,1.0,0,0.0,1,0,6,14,10,160.0,0,5,0.0,0,1.0,Abu Sayyaf Group (ASG)
76627,2016,9,21,0,95,10,27,745,34.458684,43.795649,3.0,0,0.0,1,0,3,14,345,95.0,0,6,0.0,1,0.0,Islamic State of Iraq and the Levant (ISIL)
17464,1987,6,19,0,145,2,315,24,13.091683,-86.000314,4.0,0,0.0,1,0,3,4,1348,145.0,0,6,18.0,1,0.0,Nicaraguan Democratic Force (FDN)
82605,2017,10,3,0,92,6,102,372,20.163111,80.531343,1.0,0,1.0,1,0,6,14,505,92.0,0,9,1.0,-9,1.0,Communist Party of India - Maoist (CPI-Maoist)
77736,2016,11,24,0,228,10,151,664,13.586484,44.024105,1.0,0,0.0,1,0,3,14,758,228.0,0,6,1.0,-9,0.0,Houthi extremists (Ansar Allah)
48520,2010,9,1,0,4,6,382,1510,33.969167,68.944722,1.0,0,0.0,1,0,2,14,1700,4.0,0,5,1.0,0,0.0,Taliban
75188,2016,6,27,0,92,6,101,387,24.343467,84.264952,1.0,0,0.0,1,0,2,16,522,92.0,0,5,0.0,1,0.0,Communist Party of India - Maoist (CPI-Maoist)
18615,1987,12,17,0,603,8,161,697,54.607712,-5.95621,1.0,0,0.0,1,0,3,2,837,233.0,0,6,0.0,1,0.0,Irish Republican Army (IRA)
55604,2013,5,29,0,182,11,54,191,-0.357847,42.54665,1.0,0,0.0,0,0,1,10,322,182.0,0,5,0.0,0,0.0,Al-Shabaab
56058,2013,7,15,0,182,11,52,188,2.059819,45.326115,1.0,0,0.0,1,0,3,21,300,182.0,0,6,0.0,1,0.0,Al-Shabaab
44300,2007,11,12,0,95,10,30,117,31.98958,44.923775,1.0,0,1.0,1,0,7,17,186,95.0,0,5,10.0,1,0.0,Al-Qaida in Iraq
21384,1989,2,14,0,43,3,217,913,-33.366238,-70.505302,1.0,0,0.0,1,0,3,3,1029,43.0,0,6,0.0,1,0.0,Manuel Rodriguez Patriotic Front (FPMR)
32377,1994,1,28,0,217,1,337,1282,41.842602,-87.681229,1.0,0,0.0,1,0,7,8,1391,217.0,0,8,0.0,1,0.0,Palestinians
59763,2014,4,21,1,214,9,117,484,48.730804,37.574596,1.0,0,0.0,1,0,6,3,324,214.0,0,5,1.0,1,1.0,Donetsk People's Republic
17529,1987,6,30,0,209,10,185,806,37.170607,40.39375,1.0,0,0.0,1,0,7,1,914,209.0,0,5,1.0,1,0.0,Kurdistan Workers' Party (PKK)
50666,2011,12,18,0,45,3,275,1347,12.228233,-71.992872,1.0,1,0.0,1,0,3,19,1503,45.0,0,6,0.0,1,0.0,Revolutionary Armed Forces of Colombia (FARC)
60793,2014,6,11,0,92,6,105,933,21.111097,85.825586,1.0,0,0.0,0,0,3,4,0,92.0,0,6,0.0,0,0.0,Maoists
77754,2016,11,25,0,160,5,4,31,7.601144,122.428098,1.0,0,0.0,0,0,2,4,20,160.0,0,5,2.0,0,0.0,Abu Sayyaf Group (ASG)
41782,2005,1,19,0,69,8,109,443,42.699997,9.447317,1.0,0,0.0,1,0,3,1,585,69.0,0,6,0.0,1,0.0,Corsican National Liberation Front (FLNC)
17240,1987,5,14,0,145,2,317,1201,13.131923,-86.345742,3.0,0,1.0,1,0,3,21,671,145.0,0,6,0.0,1,0.0,Nicaraguan Democratic Force (FDN)
16526,1986,12,19,0,159,3,223,925,-11.967368,-76.978462,1.0,0,1.0,1,0,3,1,1563,159.0,0,6,1.0,1,0.0,Shining Path (SL)
7204,1980,12,29,0,97,10,212,1294,31.670221,34.576403,2.0,1,0.0,1,0,3,4,1408,97.0,0,6,0.0,0,0.0,Palestinians
41948,2005,4,19,0,186,6,207,868,8.5922,81.196796,3.0,0,0.0,1,0,2,4,971,186.0,0,5,0.0,-9,0.0,Liberation Tigers of Tamil Eelam (LTTE)
79293,2017,3,7,0,92,6,102,977,19.596543,81.67261,2.0,1,0.0,0,0,3,20,6,92.0,0,6,0.0,0,0.0,Maoists
53024,2012,8,19,0,4,6,378,1537,32.37001,62.128456,1.0,0,0.0,1,0,2,2,1718,4.0,0,5,2.0,1,0.0,Taliban
27979,1991,7,30,0,45,3,343,1357,3.420628,-76.522119,3.0,0,0.0,1,0,1,2,1514,45.0,0,5,2.0,0,0.0,Revolutionary Armed Forces of Colombia (FARC)
53785,2012,11,8,0,4,6,383,1515,32.363889,64.781443,3.0,0,0.0,1,0,3,14,13,4.0,0,6,10.0,1,0.0,Taliban
64271,2014,12,1,0,95,10,24,108,33.303566,44.371773,1.0,0,0.0,1,0,3,14,892,95.0,0,6,2.0,-9,0.0,Islamic State of Iraq and the Levant (ISIL)
65733,2015,2,10,0,214,9,117,484,48.730804,37.574596,1.0,0,1.0,1,0,3,14,652,214.0,0,6,3.0,1,0.0,Donetsk People's Republic
82930,2017,10,29,0,147,11,85,287,11.868845,13.251158,1.0,1,0.0,1,1,3,3,217,147.0,0,6,2.0,0,0.0,Boko Haram
45872,2008,12,17,0,153,6,402,1586,32.306099,69.579956,1.0,1,0.0,1,0,2,14,1761,153.0,0,5,1.0,-9,0.0,Tehrik-i-Taliban Pakistan (TTP)
29729,1992,2,21,0,45,3,266,1075,8.69053,-73.66254,3.0,0,0.0,1,0,3,21,1210,45.0,0,6,0.0,1,0.0,National Liberation Army of Colombia (ELN)
24058,1990,1,12,0,186,6,207,881,7.301756,81.67473,3.0,0,0.0,1,0,1,2,981,186.0,0,5,4.0,0,0.0,Liberation Tigers of Tamil Eelam (LTTE)
10089,1983,4,21,0,603,8,161,697,54.607712,-5.95621,1.0,0,0.0,0,0,1,3,791,233.0,0,5,0.0,0,0.0,Irish Republican Army (IRA)
12788,1984,9,16,0,145,2,316,1219,13.62679,-85.8254,1.0,0,0.0,1,0,2,4,672,145.0,0,5,93.0,1,0.0,Nicaraguan Democratic Force (FDN)
6581,1980,5,3,0,185,8,67,240,43.291618,-1.977903,1.0,0,0.0,1,0,1,3,360,185.0,0,5,1.0,0,0.0,Basque Fatherland and Freedom (ETA)
17660,1987,7,19,0,183,11,20,82,-33.941849,18.41964,1.0,0,0.0,0,0,3,4,136,183.0,0,6,0.0,0,0.0,African National Congress (South Africa)
15096,1986,1,23,0,159,3,223,925,-11.967368,-76.978462,1.0,0,0.0,1,0,3,1,1841,159.0,0,6,0.0,1,0.0,Tupac Amaru Revolutionary Movement (MRTA)
72749,2016,2,9,0,209,10,182,791,37.222085,42.498922,1.0,0,0.0,1,0,3,3,250,209.0,0,6,1.0,1,0.0,Kurdistan Workers' Party (PKK)
67197,2015,4,26,0,214,9,117,471,48.143208,37.753361,1.0,1,1.0,1,0,3,4,643,214.0,0,6,0.0,-9,0.0,Donetsk People's Republic
39403,2001,8,23,0,45,3,264,1072,6.242026,-75.564766,1.0,0,1.0,1,0,3,1,1233,45.0,0,6,0.0,1,0.0,National Liberation Army of Colombia (ELN)
871,1972,3,8,0,603,8,161,710,54.293235,-6.842351,1.0,0,0.0,1,0,1,4,808,233.0,0,5,1.0,0,0.0,Irish Republican Army (IRA)
19444,1988,5,1,0,159,3,223,925,-11.967368,-76.978462,1.0,0,1.0,1,0,3,2,1083,159.0,0,6,0.0,1,0.0,Shining Path (SL)
41994,2005,5,7,0,95,10,24,108,33.303566,44.371773,1.0,0,0.0,1,1,3,14,183,217.0,0,6,22.0,1,0.0,Al-Qaida in Iraq
26037,1990,10,24,0,43,3,217,913,-33.366238,-70.505302,1.0,0,0.0,1,0,5,10,1048,43.0,0,5,0.0,1,0.0,Manuel Rodriguez Patriotic Front (FPMR)
82926,2017,10,28,0,209,10,173,762,41.106178,28.689863,1.0,0,0.0,0,1,3,1,890,209.0,0,6,0.0,0,0.0,Islamic State of Iraq and the Levant (ISIL)
71047,2015,11,2,0,4,6,384,1499,33.791877,69.911399,3.0,0,1.0,1,0,2,3,1147,4.0,0,5,16.0,0,0.0,Taliban
66167,2015,3,5,1,160,5,4,21,7.317287,122.875178,1.0,0,0.0,1,0,6,8,22,160.0,0,5,0.0,0,1.0,Abu Sayyaf Group (ASG)
14550,1985,9,27,0,183,11,13,58,-29.861824,31.008293,1.0,0,0.0,1,0,3,1,120,183.0,0,6,0.0,1,0.0,African National Congress (South Africa)
42279,2005,8,10,0,160,5,4,15,6.929089,122.07885,1.0,0,1.0,1,0,3,19,36,160.0,0,6,0.0,1,0.0,Abu Sayyaf Group (ASG)
78025,2016,12,12,0,147,11,85,297,12.922965,13.563938,3.0,0,0.0,1,0,1,4,451,147.0,0,6,3.0,1,0.0,Boko Haram
2659,1976,4,19,0,603,8,161,717,54.553417,-6.003314,1.0,0,0.0,1,0,1,3,826,233.0,0,5,1.0,0,0.0,Irish Republican Army (IRA)
21114,1989,1,9,0,160,5,5,24,6.750046,125.35626,4.0,0,0.0,1,0,2,4,1303,160.0,0,5,8.0,1,0.0,New People's Army (NPA)
60427,2014,5,26,0,113,10,244,1030,32.069286,20.151144,1.0,0,0.0,1,0,1,10,1172,113.0,0,5,1.0,0,0.0,Muslim extremists
65573,2015,2,3,0,160,5,0,29,6.41871,121.972443,1.0,0,0.0,1,0,3,1,37,160.0,0,6,0.0,-9,0.0,Abu Sayyaf Group (ASG)
54941,2013,3,22,0,228,10,41,147,13.560833,46.156389,1.0,0,0.0,1,0,2,17,232,228.0,0,5,1.0,0,0.0,Al-Qaida in the Arabian Peninsula (AQAP)
754,1971,10,24,0,603,8,161,697,54.607712,-5.95621,1.0,0,0.0,1,0,3,1,803,233.0,0,6,1.0,1,0.0,Irish Republican Army (IRA)
74101,2016,4,28,0,209,10,169,752,36.833508,38.000553,1.0,1,0.0,1,0,3,4,884,209.0,0,6,0.0,1,0.0,Islamic State of Iraq and the Levant (ISIL)
22705,1989,8,13,0,61,2,121,511,13.69288,-89.199161,1.0,0,0.0,1,0,1,2,701,61.0,0,5,0.0,1,0.0,Farabundo Marti National Liberation Front (FMLN)
67825,2015,5,24,0,147,11,136,576,7.506095,9.35066,2.0,0,1.0,1,0,2,14,27,147.0,0,5,17.0,1,0.0,Fulani extremists
46590,2009,5,28,0,153,6,400,1564,34.006004,71.53743,1.0,0,0.0,1,0,3,14,13,153.0,0,6,7.0,1,0.0,Tehrik-i-Taliban Pakistan (TTP)
48314,2010,7,7,0,95,10,23,107,33.31065,44.038208,1.0,0,1.0,1,0,3,14,184,95.0,0,6,0.0,1,0.0,Al-Qaida in Iraq
20073,1988,7,31,0,92,6,230,1057,34.08374,74.789902,1.0,0,0.0,1,0,3,14,1631,92.0,0,6,0.0,1,0.0,Sikh Extremists
15931,1986,7,9,0,603,8,161,721,54.238631,-7.170908,1.0,0,0.0,1,0,1,3,838,233.0,0,5,1.0,0,0.0,Irish Republican Army (IRA)
60442,2014,5,26,0,147,11,87,286,11.247069,12.01246,1.0,0,1.0,1,0,2,14,460,147.0,0,5,3.0,1,0.0,Boko Haram
48914,2010,11,16,0,92,6,104,365,18.924224,83.010623,1.0,0,0.0,1,0,3,3,499,92.0,0,6,0.0,1,0.0,Communist Party of India - Maoist (CPI-Maoist)
25079,1990,6,4,0,92,6,364,1440,30.34,76.38,1.0,0,0.0,1,0,3,15,1625,92.0,0,6,4.0,1,0.0,Sikh Extremists
72509,2016,1,27,0,92,6,105,945,19.583711,83.500638,1.0,0,0.0,0,0,3,4,48,92.0,0,6,0.0,0,0.0,Maoists
32906,1994,4,26,0,603,8,161,697,54.607712,-5.95621,1.0,0,1.0,1,0,2,14,811,216.0,0,5,0.0,0,0.0,Irish Republican Army (IRA)
42155,2005,7,5,0,95,10,24,108,33.303566,44.371773,1.0,1,0.0,0,0,2,7,206,153.0,0,5,0.0,-9,0.0,Al-Qaida in Iraq
72410,2016,1,21,0,228,10,151,664,13.586484,44.024105,1.0,0,0.0,1,0,3,14,752,228.0,0,6,5.0,-9,0.0,Houthi extremists (Ansar Allah)
41711,2004,12,6,0,185,8,80,268,38.34521,-0.480995,3.0,0,1.0,1,0,3,20,6,185.0,0,6,0.0,1,0.0,Basque Fatherland and Freedom (ETA)
27749,1991,7,7,0,603,8,161,697,54.607712,-5.95621,1.0,0,0.0,1,0,3,3,787,233.0,0,6,0.0,1,0.0,Irish Republican Army (IRA)
73354,2016,3,13,0,147,11,136,586,7.732297,9.210412,2.0,0,1.0,1,0,2,14,27,147.0,0,5,1.0,1,0.0,Fulani extremists
52097,2012,5,28,0,153,6,399,1585,32.41304,70.46611,1.0,0,1.0,1,0,2,3,1759,153.0,0,6,2.0,1,0.0,Tehrik-i-Taliban Pakistan (TTP)
60762,2014,6,10,0,214,9,117,484,48.785413,37.599078,4.0,0,0.0,1,0,2,4,654,214.0,0,5,1.0,1,0.0,Donetsk People's Republic
74188,2016,5,3,0,153,6,376,1489,30.200819,66.994354,1.0,0,0.0,1,0,3,3,250,153.0,0,6,0.0,1,0.0,Tehrik-i-Taliban Pakistan (TTP)
19740,1988,6,12,0,45,3,270,1082,6.46052,-71.72989,1.0,0,0.0,1,0,2,4,1220,45.0,0,5,1.0,1,0.0,National Liberation Army of Colombia (ELN)
39725,2001,12,14,0,155,10,336,1296,31.355579,34.274364,1.0,0,0.0,1,0,3,14,1413,155.0,0,6,0.0,-9,0.0,Palestinians
51655,2012,4,15,0,153,6,402,1570,32.56699,69.831711,1.0,0,0.0,1,0,2,4,20,153.0,0,5,1.0,-9,0.0,Tehrik-i-Taliban Pakistan (TTP)
73139,2016,3,1,0,182,11,50,202,2.050931,45.154106,1.0,0,0.0,1,0,3,4,258,182.0,0,6,4.0,1,0.0,Al-Shabaab
56065,2013,7,17,0,45,3,263,1332,2.47611,-78.1169,3.0,0,0.0,1,0,3,3,282,45.0,0,6,0.0,1,0.0,Revolutionary Armed Forces of Colombia (FARC)
53927,2012,11,26,0,153,6,241,1027,33.671638,73.056068,1.0,0,0.0,0,0,3,10,1774,153.0,0,6,0.0,0,0.0,Tehrik-i-Taliban Pakistan (TTP)
28952,1991,11,6,0,97,10,333,1290,32.410221,35.281722,1.0,0,0.0,1,0,8,4,12,97.0,0,9,0.0,1,0.0,Palestinians
29934,1992,3,21,0,151,8,199,826,59.913869,10.752245,1.0,0,0.0,1,0,7,7,929,209.0,0,9,0.0,1,0.0,Kurdistan Workers' Party (PKK)
37718,1999,11,11,0,69,8,109,452,42.681855,9.303746,1.0,0,1.0,1,0,5,14,600,69.0,0,9,0.0,0,1.0,Corsican National Liberation Front (FLNC)
39701,2001,12,3,0,45,3,274,521,5.445543,-75.688443,1.0,0,0.0,1,0,2,14,1515,45.0,0,8,1.0,1,0.0,Revolutionary Armed Forces of Colombia (FARC)
64178,2014,11,26,0,214,9,117,475,48.346134,38.424828,1.0,1,0.0,1,0,2,4,48,214.0,0,6,0.0,-9,0.0,Donetsk People's Republic
55038,2013,4,4,0,228,10,150,663,16.8884,44.2738,3.0,0,0.0,1,0,8,8,741,228.0,0,9,0.0,0,0.0,Houthi extremists (Ansar Allah)
18736,1988,1,13,0,92,6,364,1454,31.633979,74.872264,3.0,0,0.0,1,0,1,1,1643,92.0,0,5,1.0,0,0.0,Sikh Extremists
14647,1985,10,15,0,183,11,14,67,-25.718321,28.408798,1.0,0,0.0,1,0,3,3,106,183.0,0,6,0.0,1,0.0,African National Congress (South Africa)
13964,1985,6,2,0,145,2,332,1250,13.835758,-85.869174,1.0,0,0.0,1,0,2,4,333,145.0,0,5,0.0,1,0.0,Nicaraguan Democratic Force (FDN)
52166,2012,6,4,0,153,6,402,1571,34.565494,71.477429,3.0,0,0.0,1,0,2,4,1747,153.0,0,5,21.0,0,0.0,Tehrik-i-Taliban Pakistan (TTP)
50118,2011,9,27,0,228,10,37,144,12.825647,44.846416,1.0,0,0.0,0,1,1,2,248,228.0,0,6,1.0,1,0.0,Al-Qaida in the Arabian Peninsula (AQAP)
72147,2016,1,7,0,214,9,117,489,48.327225,38.025673,1.0,0,0.0,1,0,6,7,649,422.0,0,5,0.0,0,1.0,Donetsk People's Republic
62040,2014,8,4,0,228,10,39,150,15.914915,48.650745,1.0,0,0.0,0,0,1,4,233,228.0,0,5,0.0,0,0.0,Al-Qaida in the Arabian Peninsula (AQAP)
5906,1979,12,2,0,45,3,344,1340,3.99759,-74.4995,2.0,0,0.0,1,0,6,14,458,45.0,0,5,7.0,1,1.0,Revolutionary Armed Forces of Colombia (FARC)
22544,1989,7,21,0,159,3,350,1381,-11.419301,-75.688882,3.0,0,0.0,1,0,2,1,1541,159.0,0,5,0.0,1,0.0,Shining Path (SL)
62321,2014,8,19,1,160,5,4,15,6.929089,122.07885,1.0,0,0.0,1,0,6,1,54,160.0,0,5,0.0,1,1.0,Abu Sayyaf Group (ASG)
41699,2004,12,3,0,185,8,70,242,40.465595,-3.696263,1.0,0,1.0,1,0,3,1,373,185.0,0,6,0.0,1,0.0,Basque Fatherland and Freedom (ETA)
22893,1989,9,2,0,61,2,128,534,13.733333,-88.883333,1.0,0,1.0,1,0,3,21,670,61.0,0,6,0.0,1,0.0,Farabundo Marti National Liberation Front (FMLN)
19939,1988,7,13,0,43,3,216,914,-33.050125,-71.612251,1.0,0,1.0,1,0,3,21,1055,43.0,0,6,0.0,1,0.0,Manuel Rodriguez Patriotic Front (FPMR)
57582,2013,11,30,0,153,6,399,1587,34.552254,71.181984,1.0,0,0.0,1,0,2,4,1762,153.0,0,5,3.0,1,0.0,Tehrik-i-Taliban Pakistan (TTP)
63754,2014,11,1,0,214,9,117,468,47.981647,37.762325,1.0,0,1.0,1,0,2,4,646,214.0,0,6,1.0,-9,0.0,Donetsk People's Republic
48717,2010,10,2,0,153,6,399,1572,34.965592,71.822004,1.0,0,0.0,1,0,2,14,1740,153.0,0,5,1.0,0,0.0,Tehrik-i-Taliban Pakistan (TTP)
83590,2017,12,25,0,4,6,383,1525,31.467463,64.092445,1.0,0,0.0,1,0,3,3,301,4.0,0,6,6.0,1,0.0,Taliban
63684,2014,10,27,0,147,11,137,584,8.547469,7.7118,4.0,0,1.0,1,0,2,14,27,147.0,0,5,2.0,1,0.0,Fulani extremists
21259,1989,1,27,0,61,2,130,529,13.516667,-88.383333,1.0,0,0.0,1,0,2,4,684,61.0,0,5,0.0,1,0.0,Farabundo Marti National Liberation Front (FMLN)
68608,2015,7,2,0,160,5,280,1155,8.058913,125.861375,1.0,0,0.0,1,0,3,4,12,160.0,0,6,0.0,0,0.0,New People's Army (NPA)
33167,1994,6,18,0,185,8,67,265,43.222177,-2.885668,1.0,0,0.0,1,0,3,3,412,185.0,0,6,0.0,1,0.0,Basque Fatherland and Freedom (ETA)
63044,2014,9,26,0,147,11,136,632,7.009482,9.492837,1.0,0,0.0,1,0,6,14,458,147.0,0,5,4.0,1,1.0,Fulani extremists
5709,1979,10,12,0,97,10,335,1280,31.771599,35.2034,1.0,0,0.0,1,0,3,7,1419,422.0,0,6,0.0,1,0.0,Palestinians
19947,1988,7,14,0,186,6,209,883,9.304036,80.409705,1.0,0,0.0,1,0,3,4,985,92.0,0,6,2.0,1,0.0,Liberation Tigers of Tamil Eelam (LTTE)
74376,2016,5,12,0,147,11,85,287,11.840929,13.141459,1.0,0,0.0,1,1,3,2,467,147.0,0,6,6.0,-9,0.0,Boko Haram
46091,2009,2,4,0,182,11,52,188,2.059819,45.326115,1.0,0,0.0,1,0,2,10,328,182.0,0,5,1.0,-9,0.0,Al-Shabaab
28693,1991,10,17,0,61,2,122,532,13.938518,-88.901366,1.0,0,1.0,1,0,3,21,688,61.0,0,6,0.0,1,0.0,Farabundo Marti National Liberation Front (FMLN)
73748,2016,4,7,0,182,11,58,24,4.483825,45.345751,4.0,0,0.0,1,0,3,4,326,422.0,0,6,1.0,-9,0.0,Al-Shabaab
7558,1981,4,21,0,183,11,13,58,-29.861824,31.008293,1.0,0,0.0,1,0,3,21,107,183.0,0,6,0.0,1,0.0,African National Congress (South Africa)
46903,2009,7,29,0,153,6,400,1592,34.793956,72.775814,3.0,0,0.0,1,0,1,14,1767,153.0,0,5,3.0,1,0.0,Tehrik-i-Taliban Pakistan (TTP)
81746,2017,8,4,0,95,10,28,115,36.354145,43.14357,1.0,0,0.0,1,1,3,4,217,95.0,0,6,4.0,1,0.0,Islamic State of Iraq and the Levant (ISIL)
39617,2001,11,3,1,160,5,5,24,7.075778,125.587755,4.0,0,0.0,1,0,6,14,29,38.0,0,5,0.0,0,1.0,Abu Sayyaf Group (ASG)
31305,1992,9,20,0,159,3,223,925,-11.967368,-76.978462,1.0,0,0.0,1,0,1,12,1542,159.0,0,5,1.0,0,0.0,Shining Path (SL)
76996,2016,10,14,0,209,10,185,810,37.477368,40.486736,1.0,1,0.0,1,0,3,4,250,209.0,0,6,3.0,1,0.0,Kurdistan Workers' Party (PKK)
64656,2014,12,23,0,228,10,42,149,15.325443,44.211895,1.0,0,0.0,1,0,3,14,237,228.0,0,6,0.0,1,0.0,Al-Qaida in the Arabian Peninsula (AQAP)
12797,1984,9,18,0,69,8,12,52,48.856644,2.34233,1.0,0,0.0,1,0,3,2,616,69.0,0,6,0.0,1,0.0,Corsican National Liberation Front (FLNC)
61741,2014,7,21,0,214,9,117,468,47.981647,37.762325,1.0,0,0.0,1,0,3,19,642,214.0,0,6,0.0,1,0.0,Donetsk People's Republic
18894,1988,2,9,0,45,3,261,1086,8.638953,-72.918372,1.0,0,0.0,1,0,3,21,1227,45.0,0,6,0.0,1,0.0,National Liberation Army of Colombia (ELN)
14626,1985,10,9,0,61,2,123,525,13.491242,-88.173134,1.0,0,1.0,1,0,2,4,680,61.0,0,5,10.0,1,0.0,Farabundo Marti National Liberation Front (FMLN)
65241,2015,1,19,0,214,9,117,473,48.064426,37.673248,1.0,0,1.0,1,0,3,4,48,214.0,0,6,1.0,-9,0.0,Donetsk People's Republic
67194,2015,4,26,0,214,9,117,473,48.064426,37.673248,1.0,1,1.0,1,0,3,4,48,214.0,0,6,0.0,-9,0.0,Donetsk People's Republic
83330,2017,12,2,0,147,11,85,281,10.612148,12.19127,1.0,0,1.0,1,1,3,14,177,147.0,0,6,8.0,-9,0.0,Boko Haram
38811,2001,1,18,0,45,3,262,1317,7.10577,-77.76488,1.0,0,0.0,1,0,1,2,1466,45.0,0,5,1.0,0,0.0,Revolutionary Armed Forces of Colombia (FARC)
69357,2015,8,8,0,209,10,185,829,37.420683,41.350359,1.0,0,0.0,1,0,2,3,933,209.0,0,5,1.0,0,0.0,Kurdistan Workers' Party (PKK)
81571,2017,7,22,0,173,10,157,678,24.08554,38.063286,1.0,0,0.0,1,0,3,1,755,173.0,0,6,0.0,1,0.0,Houthi extremists (Ansar Allah)
66221,2015,3,8,0,147,11,85,309,11.808727,12.495786,1.0,0,0.0,1,0,3,14,177,147.0,0,6,5.0,1,0.0,Boko Haram
13625,1985,4,14,0,61,2,128,516,13.83553,-88.985462,1.0,0,0.0,1,0,2,4,672,61.0,0,5,1.0,1,0.0,Farabundo Marti National Liberation Front (FMLN)
22248,1989,6,1,0,185,8,67,240,43.291618,-1.977903,1.0,0,0.0,1,0,3,1,400,217.0,0,6,0.0,1,0.0,Basque Fatherland and Freedom (ETA)
69217,2015,8,1,0,228,10,44,156,13.985013,45.558479,1.0,0,0.0,1,1,3,22,217,228.0,0,6,1.0,0,0.0,Al-Qaida in the Arabian Peninsula (AQAP)
63979,2014,11,13,0,159,3,352,1384,-12.950153,-74.020741,3.0,0,0.0,0,0,2,4,12,159.0,0,5,0.0,0,0.0,Shining Path (SL)
69728,2015,8,25,0,214,9,117,493,47.108201,37.750556,1.0,1,0.0,1,0,3,4,643,214.0,0,6,2.0,-9,0.0,Donetsk People's Republic
41860,2005,3,13,0,69,8,109,440,41.930607,8.742907,1.0,0,0.0,1,0,3,1,613,69.0,0,6,0.0,1,0.0,Corsican National Liberation Front (FLNC)
83125,2017,11,14,1,160,5,1,7,6.063022,121.102294,2.0,0,0.0,1,0,6,14,8,160.0,0,5,0.0,0,1.0,Abu Sayyaf Group (ASG)
40386,2002,10,17,0,160,5,4,15,6.929089,122.07885,1.0,0,1.0,1,0,3,14,16,160.0,0,6,3.0,1,0.0,Abu Sayyaf Group (ASG)
49656,2011,5,20,0,153,6,399,1564,34.006004,71.53743,1.0,0,0.0,1,0,3,7,1741,217.0,0,6,1.0,1,0.0,Tehrik-i-Taliban Pakistan (TTP)
79912,2017,4,18,0,173,10,155,676,17.554939,44.232357,1.0,0,0.0,1,0,3,14,13,173.0,0,6,0.0,-9,0.0,Houthi extremists (Ansar Allah)
48270,2010,6,27,0,153,6,364,1580,33.594013,73.069077,1.0,0,1.0,1,0,2,14,1752,153.0,0,5,3.0,1,0.0,Tehrik-i-Taliban Pakistan (TTP)
61815,2014,7,25,0,182,11,52,188,2.059819,45.326115,1.0,0,0.0,1,0,2,4,189,182.0,0,5,1.0,0,0.0,Al-Shabaab
19871,1988,6,29,0,61,2,124,527,13.5,-88.866667,1.0,0,0.0,1,0,2,14,681,61.0,0,5,6.0,1,0.0,Farabundo Marti National Liberation Front (FMLN)
44551,2008,2,24,0,4,6,375,1529,31.799835,65.062271,1.0,0,0.0,0,0,1,2,1710,4.0,0,6,3.0,0,0.0,Taliban
48210,2010,6,16,0,153,6,399,1589,33.528893,71.056122,1.0,0,0.0,1,0,1,2,1765,153.0,0,5,1.0,0,0.0,Tehrik-i-Taliban Pakistan (TTP)
12819,1984,9,22,0,145,2,317,1227,13.360614,-86.398154,1.0,0,0.0,1,0,2,4,672,145.0,0,5,0.0,1,0.0,Nicaraguan Democratic Force (FDN)
51273,2012,3,6,0,147,11,85,282,11.655408,13.412932,1.0,0,1.0,1,0,3,15,442,147.0,0,6,0.0,1,0.0,Boko Haram
79033,2017,2,19,0,45,3,265,1066,4.667128,-74.106056,1.0,0,0.0,1,0,3,3,85,45.0,0,6,1.0,1,0.0,National Liberation Army of Colombia (ELN)
39281,2001,8,12,0,141,6,213,951,27.862527,85.113974,1.0,0,1.0,1,0,7,3,1110,141.0,0,5,0.0,1,0.0,Maoists
66994,2015,4,18,0,182,11,63,205,11.274796,49.179657,1.0,0,0.0,1,0,2,3,314,182.0,0,6,0.0,1,0.0,Al-Shabaab
45000,2008,6,2,0,186,6,207,856,7.733107,81.68882,1.0,0,0.0,1,0,2,22,957,186.0,0,5,2.0,0,0.0,Liberation Tigers of Tamil Eelam (LTTE)
15996,1986,7,25,0,92,6,364,24,31.147131,75.341218,4.0,0,0.0,1,0,2,19,1655,92.0,0,5,15.0,1,0.0,Sikh Extremists
80077,2017,4,29,1,160,5,1,19,6.055578,121.039629,1.0,0,0.0,1,0,6,2,45,160.0,0,5,0.0,0,1.0,Abu Sayyaf Group (ASG)
74813,2016,6,7,0,92,6,102,929,19.595851,81.663777,3.0,0,0.0,0,0,3,20,6,92.0,0,6,0.0,0,0.0,Maoists
54120,2012,12,31,0,95,10,33,129,32.777344,44.289352,1.0,0,1.0,1,0,3,14,209,95.0,0,6,2.0,1,0.0,Al-Qaida in Iraq
61450,2014,7,11,0,95,10,28,766,36.158558,43.2551,1.0,0,1.0,1,0,3,3,888,95.0,0,6,0.0,1,0.0,Islamic State of Iraq and the Levant (ISIL)
80285,2017,5,14,0,147,11,140,593,7.8116,10.58387,1.0,0,1.0,1,0,2,14,27,147.0,0,5,3.0,-9,0.0,Fulani extremists
17909,1987,8,23,1,159,3,223,925,-11.967368,-76.978462,1.0,0,0.0,1,0,6,2,1554,159.0,0,5,0.0,0,1.0,Shining Path (SL)
4992,1979,4,19,0,603,8,161,701,54.347539,-6.656108,1.0,0,0.0,1,0,3,3,847,233.0,0,6,1.0,1,0.0,Irish Republican Army (IRA)
51474,2012,3,30,0,160,5,5,1165,6.809045,125.192555,1.0,0,0.0,1,0,7,1,914,44.0,0,8,0.0,1,0.0,New People's Army (NPA)
48252,2010,6,24,1,92,6,103,408,22.577189,87.004942,1.0,0,0.0,1,0,6,14,544,92.0,0,5,0.0,0,1.0,Communist Party of India - Maoist (CPI-Maoist)
69313,2015,8,5,0,4,6,388,24,35.804295,69.287754,4.0,0,1.0,1,0,7,15,198,4.0,0,8,0.0,1,0.0,Taliban
60383,2014,5,24,0,228,10,39,162,15.940011,48.789753,1.0,0,1.0,1,0,3,4,217,228.0,0,6,3.0,-9,0.0,Al-Qaida in the Arabian Peninsula (AQAP)
77378,2016,11,4,0,92,6,102,939,18.391134,81.659273,3.0,0,0.0,1,0,2,14,1100,92.0,0,5,1.0,0,0.0,Maoists
41611,2004,9,19,0,209,10,187,797,36.802461,34.629759,1.0,0,0.0,1,0,3,14,909,209.0,0,6,0.0,1,0.0,Kurdistan Workers' Party (PKK)
76416,2016,9,13,0,153,6,401,1565,28.000466,68.728471,1.0,0,1.0,1,1,3,15,1760,153.0,0,6,1.0,-9,0.0,Tehrik-i-Taliban Pakistan (TTP)
59301,2014,3,29,1,147,11,136,601,7.888747,7.908966,2.0,0,1.0,1,0,6,14,27,147.0,0,5,5.0,1,1.0,Fulani extremists
25359,1990,7,9,0,209,10,182,836,37.392896,43.10688,1.0,1,0.0,1,0,2,3,937,209.0,0,5,4.0,1,0.0,Kurdistan Workers' Party (PKK)
73357,2016,3,13,0,147,11,136,591,7.258787,8.805645,1.0,0,1.0,1,0,2,14,27,147.0,0,5,0.0,1,0.0,Fulani extremists
52287,2012,6,13,0,95,10,23,107,33.31065,44.038208,1.0,1,1.0,1,0,3,3,12,95.0,0,6,0.0,0,0.0,Al-Qaida in Iraq
40161,2002,6,17,1,160,5,1,24,6.05519,121.001323,4.0,0,0.0,1,0,6,14,28,93.0,0,5,0.0,-9,1.0,Abu Sayyaf Group (ASG)
57443,2013,11,16,1,160,5,0,8,6.545399,121.873756,1.0,1,0.0,1,0,6,2,9,160.0,0,5,1.0,0,1.0,Abu Sayyaf Group (ASG)
3294,1977,6,7,0,185,8,69,234,43.258434,-2.921819,1.0,0,0.0,1,0,2,14,250,185.0,0,8,0.0,1,0.0,Basque Fatherland and Freedom (ETA)
26844,1991,3,1,0,61,2,119,538,13.99,-88.758,1.0,0,0.0,1,0,2,21,691,61.0,0,5,23.0,1,0.0,Farabundo Marti National Liberation Front (FMLN)
67175,2015,4,26,0,147,11,136,633,7.908288,8.793912,2.0,0,1.0,1,0,2,14,27,147.0,0,5,3.0,0,0.0,Fulani extremists
72929,2016,2,19,0,37,11,94,310,10.866518,14.150657,1.0,0,0.0,1,1,3,8,51,37.0,0,6,2.0,0,0.0,Boko Haram
26315,1990,12,11,0,159,3,355,1398,-13.531688,-71.966924,1.0,0,0.0,1,0,1,2,1574,159.0,0,5,1.0,0,0.0,Shining Path (SL)
22838,1989,8,27,0,186,6,209,875,9.151898,80.64934,1.0,0,0.0,1,0,2,4,258,186.0,0,5,3.0,1,0.0,Liberation Tigers of Tamil Eelam (LTTE)
18973,1988,2,17,0,43,3,216,915,-33.024705,-71.552216,2.0,0,1.0,1,0,3,21,1039,43.0,0,6,0.0,1,0.0,Manuel Rodriguez Patriotic Front (FPMR)
31853,1992,11,18,0,159,3,223,925,-11.967368,-76.978462,1.0,0,0.0,1,0,3,7,1831,217.0,0,6,0.0,1,0.0,Tupac Amaru Revolutionary Movement (MRTA)
55014,2013,4,1,0,160,5,281,1120,10.840278,123.499167,1.0,0,0.0,1,0,2,3,1277,160.0,0,5,3.0,1,0.0,New People's Army (NPA)
18942,1988,2,14,0,159,3,353,1385,-10.680652,-76.259918,1.0,0,0.0,1,0,3,1,1822,159.0,0,6,0.0,1,0.0,Tupac Amaru Revolutionary Movement (MRTA)
63437,2014,10,15,0,113,10,244,1030,32.069286,20.151144,1.0,0,0.0,0,0,3,4,1175,113.0,0,6,1.0,0,0.0,Muslim extremists
65868,2015,2,15,1,160,5,1,22,6.050458,121.012245,1.0,0,0.0,1,0,6,14,31,44.0,0,5,0.0,0,1.0,Abu Sayyaf Group (ASG)
19535,1988,5,8,0,160,5,293,24,16.030344,120.229921,4.0,0,0.0,1,0,1,3,1288,160.0,0,5,1.0,0,0.0,New People's Army (NPA)
25146,1990,6,9,0,186,6,207,864,7.716666,81.700188,3.0,0,1.0,1,0,2,3,932,186.0,0,5,0.0,1,0.0,Liberation Tigers of Tamil Eelam (LTTE)
65998,2015,2,23,0,214,9,117,469,47.098835,37.81987,1.0,0,0.0,1,0,3,4,643,214.0,0,6,2.0,0,0.0,Donetsk People's Republic
66629,2015,3,30,0,228,10,37,144,12.825647,44.846416,1.0,0,1.0,1,0,3,14,345,228.0,0,6,3.0,1,0.0,Houthi extremists (Ansar Allah)
7447,1981,3,9,0,159,3,352,1383,-13.152712,-74.218628,1.0,0,0.0,1,0,1,2,1582,159.0,0,6,0.0,1,0.0,Shining Path (SL)
52294,2012,6,13,0,95,10,25,110,33.749892,44.633421,2.0,0,1.0,1,1,3,3,20,95.0,0,6,3.0,0,0.0,Al-Qaida in Iraq
7708,1981,5,31,0,603,8,161,697,54.607712,-5.95621,1.0,0,0.0,1,0,2,3,839,233.0,0,5,1.0,0,0.0,Irish Republican Army (IRA)
18540,1987,11,28,0,69,8,109,449,42.567651,8.757222,1.0,0,0.0,1,0,2,2,596,69.0,0,8,0.0,1,0.0,Corsican National Liberation Front (FLNC)
17379,1987,6,8,0,159,3,223,925,-11.967368,-76.978462,1.0,0,1.0,1,0,5,10,1064,159.0,0,5,0.0,1,0.0,Tupac Amaru Revolutionary Movement (MRTA)
41813,2005,2,14,0,160,5,9,40,6.11622,125.169395,1.0,0,1.0,1,0,3,1,6,160.0,0,6,5.0,1,0.0,Abu Sayyaf Group (ASG)
16968,1987,4,4,0,145,2,323,1243,12.49104,-86.28169,1.0,0,0.0,1,0,2,4,672,145.0,0,5,10.0,1,0.0,Nicaraguan Democratic Force (FDN)
65655,2015,2,7,0,228,10,42,149,15.325443,44.211895,1.0,0,0.0,1,0,3,22,244,228.0,0,6,0.0,-9,0.0,Al-Qaida in the Arabian Peninsula (AQAP)
82749,2017,10,14,1,160,5,1,1,6.301814,120.583623,1.0,0,0.0,1,0,6,14,1,160.0,0,5,0.0,0,1.0,Abu Sayyaf Group (ASG)
53228,2012,9,9,0,95,10,23,107,33.31065,44.038208,1.0,0,1.0,1,0,2,4,20,95.0,0,5,5.0,0,0.0,Al-Qaida in Iraq
13040,1984,11,13,0,145,2,317,1200,12.933056,-86.348611,1.0,0,0.0,1,0,2,4,678,145.0,0,5,1.0,1,0.0,Nicaraguan Democratic Force (FDN)
83599,2017,12,27,0,4,6,383,1497,31.60063,64.369652,1.0,0,0.0,1,1,3,4,1692,4.0,0,6,1.0,1,0.0,Taliban
68022,2015,6,2,0,160,5,295,1138,13.832023,122.877813,1.0,0,0.0,0,0,2,4,48,160.0,0,5,1.0,0,0.0,New People's Army (NPA)
54807,2013,3,8,0,147,11,85,287,11.840929,13.141459,1.0,0,1.0,1,0,3,20,6,147.0,0,6,0.0,-9,0.0,Boko Haram
74019,2016,4,24,0,153,6,402,1601,34.458016,71.117305,2.0,0,1.0,1,0,3,4,12,153.0,0,6,1.0,0,0.0,Tehrik-i-Taliban Pakistan (TTP)
56309,2013,8,4,0,167,9,243,1029,42.98542,47.450668,1.0,0,1.0,1,0,3,1,1171,167.0,0,6,0.0,0,0.0,Muslim extremists
41464,2004,6,27,0,4,6,379,1513,34.417122,70.449593,1.0,0,0.0,1,0,3,12,1702,4.0,0,6,2.0,1,0.0,Taliban
78061,2016,12,15,0,92,6,102,356,18.9,81.35,1.0,0,0.0,1,0,2,14,1104,92.0,0,9,1.0,0,0.0,Maoists
42695,2006,2,2,0,69,8,109,454,42.121236,8.758887,1.0,0,1.0,0,0,3,14,604,69.0,0,6,0.0,0,0.0,Corsican National Liberation Front (FLNC)
40485,2002,12,13,0,147,11,95,313,9.933381,8.885243,1.0,0,0.0,1,0,2,14,731,147.0,0,5,14.0,0,0.0,Fulani extremists
47914,2010,4,23,0,95,10,24,108,33.303566,44.371773,1.0,0,1.0,1,0,3,15,202,95.0,0,6,1.0,-9,0.0,Al-Qaida in Iraq
66955,2015,4,16,0,173,10,155,24,18.520277,45.69972,4.0,0,0.0,1,0,3,3,641,173.0,0,6,3.0,-9,0.0,Houthi extremists (Ansar Allah)
12179,1984,5,8,0,43,3,217,913,-33.366238,-70.505302,1.0,0,0.0,1,0,3,1,1032,43.0,0,6,0.0,1,0.0,Manuel Rodriguez Patriotic Front (FPMR)
4907,1979,3,23,0,185,8,67,246,43.291618,-1.977903,1.0,0,0.0,1,0,3,1,366,69.0,0,6,0.0,1,0.0,Basque Fatherland and Freedom (ETA)
42256,2005,8,6,0,45,3,270,1080,7.08582,-70.75779,1.0,0,0.0,1,0,3,15,1225,45.0,0,6,1.0,-9,0.0,National Liberation Army of Colombia (ELN)
56710,2013,9,7,0,45,3,270,1084,6.956503,-71.859529,1.0,0,0.0,0,0,3,20,6,45.0,0,6,0.0,0,0.0,National Liberation Army of Colombia (ELN)
15800,1986,6,16,0,183,11,14,75,-25.412439,28.007093,1.0,0,0.0,1,0,3,4,122,183.0,0,6,3.0,1,0.0,African National Congress (South Africa)
39569,2001,10,8,0,160,5,4,15,6.929089,122.07885,1.0,0,1.0,0,0,3,18,43,160.0,0,6,0.0,0,0.0,Abu Sayyaf Group (ASG)
9420,1982,11,21,0,183,11,16,72,-25.674634,31.875862,1.0,0,0.0,1,0,3,3,118,183.0,0,6,0.0,1,0.0,African National Congress (South Africa)
21603,1989,3,4,0,92,6,364,1465,31.633979,74.872264,3.0,0,0.0,1,0,1,3,1659,92.0,0,5,2.0,0,0.0,Sikh Extremists
68944,2015,7,19,0,153,6,399,1590,31.834328,70.90905,1.0,0,1.0,1,1,3,4,783,153.0,0,6,2.0,-9,0.0,Tehrik-i-Taliban Pakistan (TTP)
7637,1981,5,7,0,97,10,212,1287,31.070501,35.030529,1.0,0,0.0,1,0,3,14,1398,97.0,0,6,0.0,1,0.0,Palestinians
17355,1987,6,4,0,61,2,121,511,13.69288,-89.199161,1.0,0,1.0,1,0,3,16,706,61.0,0,6,0.0,1,0.0,Farabundo Marti National Liberation Front (FMLN)
10239,1983,5,23,0,145,2,316,522,13.841425,-86.193928,1.0,0,0.0,1,0,2,4,672,145.0,0,5,1.0,1,0.0,Nicaraguan Democratic Force (FDN)
22301,1989,6,15,0,183,11,14,90,-26.371483,28.408806,1.0,0,0.0,1,0,3,3,146,183.0,0,6,0.0,1,0.0,African National Congress (South Africa)
42853,2006,4,1,0,160,5,285,1118,12.21814,123.50951,1.0,0,0.0,1,0,2,2,1276,160.0,0,5,0.0,1,1.0,New People's Army (NPA)
22574,1989,7,25,0,159,3,223,925,-11.967368,-76.978462,1.0,0,1.0,1,0,3,1,399,159.0,0,6,0.0,1,0.0,Tupac Amaru Revolutionary Movement (MRTA)
42114,2005,6,18,0,186,6,207,885,8.324973,81.30074,1.0,0,0.0,1,0,2,3,987,186.0,0,5,1.0,0,0.0,Liberation Tigers of Tamil Eelam (LTTE)
76865,2016,10,6,0,147,11,85,304,11.083983,13.693092,1.0,0,0.0,1,1,3,4,48,147.0,0,6,3.0,0,0.0,Boko Haram
46784,2009,7,7,0,160,5,1,22,6.050458,121.012245,1.0,0,0.0,1,0,3,1,13,160.0,0,6,2.0,1,0.0,Abu Sayyaf Group (ASG)
6000,1979,12,19,0,603,8,38,703,51.504387,-0.140041,1.0,0,0.0,0,0,1,1,800,216.0,0,6,0.0,0,0.0,Irish Republican Army (IRA)
76786,2016,10,1,1,92,6,105,964,21.4088,83.609535,1.0,0,0.0,1,0,6,14,1118,92.0,0,9,1.0,0,1.0,Maoists
45443,2008,8,25,0,153,6,400,1569,34.398573,72.06038,1.0,0,0.0,1,0,3,14,1738,153.0,0,6,8.0,1,0.0,Tehrik-i-Taliban Pakistan (TTP)
74646,2016,5,29,0,123,11,233,1041,14.524647,-4.095559,1.0,1,0.0,1,0,3,7,258,422.0,0,6,5.0,0,0.0,Muslim extremists
74089,2016,4,28,0,228,10,37,144,12.825647,44.846416,1.0,0,0.0,0,1,1,3,247,228.0,0,6,1.0,1,0.0,Al-Qaida in the Arabian Peninsula (AQAP)
10725,1983,8,24,0,159,3,352,1393,-13.65311,-73.95396,1.0,0,0.0,1,0,1,8,1566,159.0,0,5,1.0,0,0.0,Shining Path (SL)
61708,2014,7,20,0,113,10,247,1034,32.867867,13.189067,1.0,0,0.0,1,0,3,6,777,113.0,0,6,0.0,1,0.0,Muslim extremists
60476,2014,5,28,0,182,11,57,215,3.162307,42.493771,1.0,0,0.0,1,0,3,4,249,182.0,0,6,1.0,-9,0.0,Al-Shabaab
28068,1991,8,7,0,159,3,350,1631,-11.253812,-75.580068,1.0,0,0.0,1,0,2,4,333,159.0,0,5,8.0,1,0.0,Tupac Amaru Revolutionary Movement (MRTA)
31066,1992,8,26,0,92,6,363,1463,28.263681,78.403733,1.0,0,0.0,1,0,1,3,1654,92.0,0,5,7.0,0,0.0,Sikh Extremists
20299,1988,9,12,0,92,6,366,1435,28.585836,77.153336,1.0,0,0.0,1,0,3,19,56,92.0,0,6,1.0,1,0.0,Sikh Extremists
25565,1990,8,4,0,186,6,207,867,9.106313,79.73087,1.0,1,0.0,1,0,2,4,969,186.0,0,5,0.0,1,0.0,Liberation Tigers of Tamil Eelam (LTTE)
52998,2012,8,16,0,160,5,4,15,7.024267,122.188903,1.0,0,0.0,1,0,3,19,56,160.0,0,6,0.0,1,0.0,Abu Sayyaf Group (ASG)
82422,2017,9,20,0,92,6,102,954,19.362415,81.181007,1.0,0,0.0,1,0,3,3,12,92.0,0,6,0.0,-9,0.0,Maoists
25878,1990,9,28,0,92,6,364,1450,31.326015,75.576183,1.0,0,0.0,1,0,3,3,290,92.0,0,6,2.0,1,0.0,Sikh Extremists
44003,2007,7,4,0,153,6,241,1027,33.671638,73.056068,1.0,0,0.0,1,0,6,15,1169,153.0,0,5,7.0,1,1.0,Muslim extremists
60931,2014,6,20,0,182,11,57,194,3.10111,42.240947,4.0,0,0.0,1,0,1,4,302,182.0,0,5,1.0,0,0.0,Al-Shabaab
44701,2008,4,4,0,92,6,104,363,18.364195,81.892418,3.0,0,0.0,1,0,2,14,497,92.0,0,5,1.0,0,0.0,Communist Party of India - Maoist (CPI-Maoist)
38651,2000,12,2,0,69,8,109,440,41.930607,8.742907,1.0,0,0.0,0,0,3,4,602,69.0,0,6,0.0,0,0.0,Corsican National Liberation Front (FLNC)
64311,2014,12,3,0,104,11,61,203,0.731673,39.172842,1.0,0,0.0,1,0,6,14,299,104.0,0,5,15.0,0,1.0,Al-Shabaab
23014,1989,9,10,0,155,10,333,1276,32.222271,35.253506,1.0,0,0.0,0,0,7,4,699,97.0,0,8,1.0,1,0.0,Palestinians
4695,1979,2,3,0,185,8,67,255,43.22048,-2.021122,1.0,0,0.0,1,0,2,3,382,185.0,0,5,1.0,1,0.0,Basque Fatherland and Freedom (ETA)
75165,2016,6,26,0,92,6,102,962,19.853635,80.635241,1.0,0,0.0,1,0,2,14,1116,92.0,0,5,1.0,0,0.0,Maoists
67362,2015,5,3,0,147,11,95,573,9.542607,8.896159,2.0,0,1.0,1,0,2,14,13,147.0,0,5,17.0,0,0.0,Fulani extremists
14399,1985,8,15,1,145,2,329,1230,11.695904,-84.446147,1.0,0,0.0,1,0,2,2,1353,145.0,0,5,4.0,1,1.0,Nicaraguan Democratic Force (FDN)
10807,1983,9,11,0,183,11,14,57,-26.184113,28.033232,1.0,0,0.0,1,0,3,21,130,183.0,0,6,0.0,1,0.0,African National Congress (South Africa)
74817,2016,6,7,0,153,6,402,1582,34.565494,71.477429,2.0,0,1.0,1,0,6,4,1754,153.0,0,5,1.0,0,1.0,Tehrik-i-Taliban Pakistan (TTP)
48390,2010,7,22,0,228,10,43,154,14.52618,46.844932,1.0,0,0.0,1,0,2,4,238,228.0,0,5,5.0,-9,0.0,Al-Qaida in the Arabian Peninsula (AQAP)
57389,2013,11,11,0,92,6,102,402,20.261553,81.460083,3.0,0,1.0,0,0,3,2,1129,92.0,0,6,0.0,0,0.0,Maoists
38644,2000,11,28,1,45,3,265,1066,4.667128,-74.106056,1.0,0,0.0,1,0,6,1,1506,45.0,0,5,0.0,0,1.0,Revolutionary Armed Forces of Colombia (FARC)
12651,1984,8,16,0,183,11,14,86,-26.160098,27.872807,1.0,0,0.0,1,0,3,14,141,183.0,0,6,0.0,1,0.0,African National Congress (South Africa)
29170,1991,11,30,0,97,10,333,1290,32.409504,35.28063,1.0,0,0.0,1,0,1,14,1404,155.0,0,5,1.0,0,0.0,Palestinians
18034,1987,9,11,0,159,3,223,925,-11.967368,-76.978462,1.0,0,1.0,1,0,3,1,1806,159.0,0,6,0.0,1,0.0,Tupac Amaru Revolutionary Movement (MRTA)
28672,1991,10,15,0,61,2,127,533,13.597728,-89.418532,1.0,0,0.0,1,0,2,14,689,61.0,0,5,0.0,1,0.0,Farabundo Marti National Liberation Front (FMLN)
25965,1990,10,16,0,159,3,223,925,-11.967368,-76.978462,1.0,0,1.0,1,0,2,19,56,159.0,0,8,0.0,1,0.0,Shining Path (SL)
52688,2012,7,23,0,95,10,28,126,35.713266,41.760647,1.0,0,1.0,1,1,3,3,85,95.0,0,6,1.0,1,0.0,Al-Qaida in Iraq
51698,2012,4,19,0,95,10,25,110,33.74324,44.623825,1.0,0,1.0,1,1,3,3,85,95.0,0,6,3.0,-9,0.0,Al-Qaida in Iraq
81811,2017,8,7,0,153,6,364,1578,31.578721,74.268464,1.0,1,0.0,0,0,2,3,85,153.0,0,5,4.0,0,0.0,Tehrik-i-Taliban Pakistan (TTP)
78500,2017,1,15,0,228,10,41,148,13.883333,45.866667,3.0,0,0.0,1,0,2,17,20,228.0,0,5,4.0,0,0.0,Al-Qaida in the Arabian Peninsula (AQAP)
30575,1992,6,22,0,209,10,184,788,38.576708,42.020709,1.0,1,0.0,1,0,1,14,904,209.0,0,5,4.0,0,0.0,Kurdistan Workers' Party (PKK)
62579,2014,9,2,0,147,11,137,580,8.198372,8.295129,2.0,0,1.0,1,0,2,14,27,147.0,0,5,15.0,1,0.0,Fulani extremists
31325,1992,9,22,0,209,10,192,832,37.235821,39.762058,1.0,0,0.0,1,0,2,14,935,209.0,0,5,1.0,0,0.0,Kurdistan Workers' Party (PKK)
44690,2008,4,1,0,186,6,209,882,8.980118,79.912462,1.0,0,0.0,1,0,3,15,982,186.0,0,6,0.0,1,0.0,Liberation Tigers of Tamil Eelam (LTTE)
55554,2013,5,27,0,4,6,378,1498,32.689845,62.732388,2.0,0,0.0,1,1,3,4,1693,422.0,0,6,1.0,1,0.0,Taliban
68667,2015,7,5,0,147,11,87,284,11.704399,11.088539,1.0,0,0.0,1,1,3,15,445,147.0,0,6,7.0,-9,0.0,Boko Haram
45287,2008,7,27,0,95,10,24,108,33.303566,44.371773,1.0,0,0.0,1,0,2,14,196,95.0,0,5,7.0,0,0.0,Al-Qaida in Iraq
55971,2013,7,6,1,92,6,105,942,18.139245,81.852386,1.0,0,1.0,1,0,6,14,1103,92.0,0,5,1.0,0,1.0,Maoists
82736,2017,10,13,0,147,11,85,296,12.366749,13.828885,1.0,0,0.0,1,0,2,4,249,147.0,0,5,1.0,0,0.0,Boko Haram
44033,2007,7,18,0,209,10,183,793,37.253172,43.612234,1.0,0,0.0,1,0,3,4,907,209.0,0,6,2.0,-9,0.0,Kurdistan Workers' Party (PKK)
22719,1989,8,15,0,209,10,182,787,37.527015,43.008353,1.0,0,0.0,1,0,2,14,903,209.0,0,5,6.0,1,0.0,Kurdistan Workers' Party (PKK)
22224,1989,5,27,0,45,3,266,24,9.337295,-73.653621,4.0,0,0.0,1,0,3,21,1210,45.0,0,6,0.0,1,0.0,National Liberation Army of Colombia (ELN)
10661,1983,8,7,0,61,2,125,521,13.703735,-88.804566,1.0,0,0.0,1,0,2,4,683,61.0,0,5,1.0,1,0.0,Farabundo Marti National Liberation Front (FMLN)
77379,2016,11,4,0,147,11,85,303,13.674846,13.338515,1.0,0,0.0,1,0,2,4,454,147.0,0,5,15.0,0,0.0,Boko Haram
58962,2014,3,10,0,160,5,5,1161,6.748065,125.262741,1.0,0,1.0,1,0,2,3,282,160.0,0,5,3.0,-9,0.0,New People's Army (NPA)
7484,1981,3,19,0,155,10,336,1281,31.502407,34.459743,1.0,0,0.0,1,0,3,4,1431,97.0,0,6,1.0,1,0.0,Palestinians
65905,2015,2,17,0,228,10,39,153,14.54397,49.12458,1.0,0,0.0,1,0,1,3,254,228.0,0,5,2.0,1,0.0,Al-Qaida in the Arabian Peninsula (AQAP)
20181,1988,8,19,0,92,6,369,1452,26.338056,76.151944,1.0,0,0.0,1,0,1,1,1639,92.0,0,5,1.0,0,0.0,Sikh Extremists
42221,2005,7,28,0,69,8,109,441,41.591369,9.278311,1.0,0,1.0,1,0,3,14,623,69.0,0,6,0.0,1,0.0,Corsican National Liberation Front (FLNC)
9482,1982,12,8,0,45,3,342,24,8.402925,-75.899867,4.0,0,0.0,1,0,1,14,1465,45.0,0,5,7.0,0,0.0,Revolutionary Armed Forces of Colombia (FARC)
63740,2014,11,1,1,228,10,45,165,14.030833,43.627778,3.0,0,0.0,1,0,6,4,217,228.0,0,5,16.0,1,1.0,Al-Qaida in the Arabian Peninsula (AQAP)
71629,2015,12,10,0,200,10,174,764,36.657269,40.37056,1.0,0,1.0,1,1,3,1,766,200.0,0,6,8.0,1,0.0,Islamic State of Iraq and the Levant (ISIL)
69945,2015,9,6,0,209,10,191,816,37.912504,40.2391,3.0,0,0.0,1,0,3,3,250,209.0,0,6,2.0,1,0.0,Kurdistan Workers' Party (PKK)
75207,2016,6,28,0,92,6,105,980,18.863646,82.876863,1.0,0,0.0,0,0,3,20,6,92.0,0,6,0.0,0,0.0,Maoists
45310,2008,8,1,1,45,3,343,1326,3.429344,-76.516037,1.0,0,0.0,1,0,6,1,1490,45.0,0,5,0.0,0,1.0,Revolutionary Armed Forces of Colombia (FARC)
55545,2013,5,25,0,182,11,49,185,3.115641,43.64658,1.0,0,0.0,1,0,3,4,250,65.0,0,6,1.0,-9,0.0,Al-Shabaab
73263,2016,3,8,0,147,11,136,623,7.816253,7.948115,2.0,0,1.0,1,0,2,14,27,147.0,0,5,2.0,1,0.0,Fulani extremists
19437,1988,5,1,0,69,8,109,439,42.016854,9.403982,1.0,0,1.0,1,0,3,1,578,69.0,0,6,0.0,1,0.0,Corsican National Liberation Front (FLNC)
70871,2015,10,25,0,228,10,151,664,13.586484,44.024105,1.0,0,1.0,1,0,3,1,766,228.0,0,6,3.0,1,0.0,Houthi extremists (Ansar Allah)
12272,1984,5,29,0,92,6,364,24,31.147131,75.341218,4.0,0,0.0,1,0,1,4,1632,92.0,0,10,2.0,0,0.0,Sikh Extremists
70975,2015,10,30,0,214,9,117,473,48.064426,37.673248,1.0,0,0.0,1,0,2,4,48,214.0,0,6,1.0,0,0.0,Donetsk People's Republic
48118,2010,5,27,0,45,3,263,1321,1.212936,-77.27471,1.0,0,0.0,1,0,3,2,1475,45.0,0,6,5.0,1,0.0,Revolutionary Armed Forces of Colombia (FARC)
55630,2013,6,2,0,228,10,43,172,13.980025,48.189154,1.0,0,1.0,0,0,2,1,268,228.0,0,5,0.0,0,0.0,Al-Qaida in the Arabian Peninsula (AQAP)
68037,2015,6,3,0,214,9,117,482,47.963322,37.440448,1.0,0,0.0,1,0,3,14,27,214.0,0,6,0.0,-9,0.0,Donetsk People's Republic
15610,1986,5,16,0,159,3,223,925,-11.967368,-76.978462,1.0,0,1.0,1,0,7,1,1575,159.0,0,8,0.0,1,0.0,Shining Path (SL)
61663,2014,7,18,0,147,11,89,631,9.688993,8.165353,2.0,0,0.0,1,0,2,14,27,147.0,0,5,5.0,0,0.0,Fulani extremists
35361,1996,5,31,0,186,6,207,891,7.529372,81.794609,1.0,1,0.0,1,0,2,3,1001,186.0,0,5,4.0,1,0.0,Liberation Tigers of Tamil Eelam (LTTE)
36314,1997,6,10,0,603,8,161,698,55.011562,-7.312045,1.0,0,0.0,0,0,2,4,790,216.0,0,5,0.0,1,0.0,Irish Republican Army (IRA)
27515,1991,6,9,0,186,6,207,858,7.301756,81.67473,3.0,0,0.0,1,0,2,4,333,186.0,0,5,6.0,1,0.0,Liberation Tigers of Tamil Eelam (LTTE)
16215,1986,9,16,0,145,2,330,1244,11.676334,-84.702872,1.0,0,0.0,1,0,2,4,683,145.0,0,5,1.0,1,0.0,Nicaraguan Democratic Force (FDN)
19587,1988,5,18,0,92,6,364,1450,31.326015,75.576183,1.0,0,0.0,1,0,1,14,1636,92.0,0,5,5.0,0,0.0,Sikh Extremists
67428,2015,5,7,0,182,11,52,188,2.059819,45.326115,1.0,0,0.0,1,0,3,3,20,182.0,0,6,1.0,-9,0.0,Al-Shabaab
41553,2004,8,20,0,4,6,374,1487,34.516895,69.147011,1.0,0,0.0,1,0,3,2,1715,4.0,0,6,0.0,-9,0.0,Taliban
37314,1999,4,6,0,186,6,207,874,7.921328,81.52467,1.0,1,0.0,1,0,3,4,1003,186.0,0,6,5.0,-9,0.0,Liberation Tigers of Tamil Eelam (LTTE)
52797,2012,8,1,0,160,5,5,23,7.190952,125.461578,1.0,0,0.0,1,0,3,4,1310,160.0,0,6,1.0,0,0.0,New People's Army (NPA)
46745,2009,6,26,0,4,6,260,1539,33.335258,69.928467,1.0,1,0.0,1,0,3,14,1719,4.0,0,6,1.0,1,0.0,Taliban
31369,1992,9,27,0,209,10,184,817,38.405134,42.109333,1.0,1,0.0,1,0,2,4,258,209.0,0,5,11.0,1,0.0,Kurdistan Workers' Party (PKK)
65163,2015,1,16,0,123,11,233,1020,14.457087,-4.917815,1.0,0,0.0,1,0,2,4,20,123.0,0,5,6.0,0,0.0,Muslim extremists
12743,1984,9,5,0,183,11,19,70,-25.661361,27.247563,1.0,0,0.0,1,0,3,21,117,183.0,0,6,0.0,1,0.0,African National Congress (South Africa)
37819,2000,1,9,0,45,3,265,1066,4.667128,-74.106056,1.0,0,0.0,0,0,3,14,1208,45.0,0,6,0.0,0,0.0,National Liberation Army of Colombia (ELN)
64911,2015,1,6,0,228,10,44,170,14.0475,45.381111,3.0,0,0.0,1,0,1,14,266,228.0,0,5,5.0,1,0.0,Al-Qaida in the Arabian Peninsula (AQAP)
12742,1984,9,4,0,603,8,161,716,54.183052,-6.341388,1.0,0,0.0,1,0,3,19,823,233.0,0,6,0.0,1,0.0,Irish Republican Army (IRA)
47419,2009,12,8,0,95,10,24,108,33.303566,44.371773,1.0,0,1.0,1,1,3,2,199,95.0,0,6,26.0,-9,0.0,Al-Qaida in Iraq
17339,1987,6,2,0,145,2,319,1218,11.966667,-85.166667,1.0,0,0.0,1,0,2,4,672,145.0,0,5,7.0,1,0.0,Nicaraguan Democratic Force (FDN)
68479,2015,6,25,0,4,6,385,1501,37.067603,69.422293,3.0,0,1.0,1,0,2,3,20,4.0,0,5,4.0,-9,0.0,Taliban
55303,2013,4,30,0,4,6,383,1500,31.766705,64.618607,3.0,0,0.0,1,0,3,4,1694,422.0,0,6,12.0,0,0.0,Taliban
76863,2016,10,6,0,92,6,101,371,23.810237,85.7652,1.0,0,1.0,1,0,3,19,504,92.0,0,6,0.0,1,0.0,Communist Party of India - Maoist (CPI-Maoist)
18224,1987,10,7,0,92,6,364,24,31.147131,75.341218,4.0,0,1.0,1,0,1,14,1628,92.0,0,5,1.0,0,0.0,Sikh Extremists
53620,2012,10,22,0,209,10,196,24,38.685904,43.875794,4.0,0,0.0,1,0,7,8,51,209.0,0,8,0.0,1,0.0,Kurdistan Workers' Party (PKK)
78435,2017,1,11,0,60,10,229,1007,31.212225,34.117065,1.0,1,1.0,1,0,2,4,20,60.0,0,5,5.0,-9,0.0,Muslim extremists
44844,2008,5,8,0,186,6,209,866,8.757816,80.487907,1.0,0,0.0,1,0,2,14,983,186.0,0,5,1.0,0,0.0,Liberation Tigers of Tamil Eelam (LTTE)
6180,1980,1,31,0,155,10,333,1293,31.530243,35.094162,1.0,0,0.0,1,0,3,15,1407,97.0,0,6,0.0,1,0.0,Palestinians
15559,1986,5,8,0,45,3,265,1066,4.667128,-74.106056,1.0,0,0.0,1,0,2,3,333,45.0,0,5,1.0,1,0.0,National Liberation Army of Colombia (ELN)
68448,2015,6,22,0,45,3,261,1079,8.59674,-73.22737,2.0,0,0.0,1,0,3,4,1215,45.0,0,6,4.0,1,0.0,National Liberation Army of Colombia (ELN)
32857,1994,4,19,0,183,11,14,74,-26.353159,28.132727,1.0,0,0.0,1,0,2,14,121,183.0,0,5,6.0,1,0.0,African National Congress (South Africa)
82107,2017,8,26,0,153,6,399,1564,34.006004,71.53743,1.0,0,0.0,1,0,3,3,1750,153.0,0,6,0.0,1,0.0,Tehrik-i-Taliban Pakistan (TTP)
45678,2008,10,27,0,45,3,262,1346,6.00283,-76.78047,2.0,0,0.0,1,0,1,2,1502,45.0,0,5,1.0,1,0.0,Revolutionary Armed Forces of Colombia (FARC)
60922,2014,6,17,0,228,10,152,665,15.176541,44.081017,2.0,0,1.0,1,0,3,14,744,228.0,0,6,3.0,1,0.0,Houthi extremists (Ansar Allah)
17897,1987,8,22,0,185,8,77,263,43.507604,-5.604447,1.0,0,0.0,1,0,3,3,351,185.0,0,6,0.0,1,0.0,Basque Fatherland and Freedom (ETA)
35730,1996,9,22,0,45,3,264,1072,6.242026,-75.564766,1.0,0,0.0,1,0,3,19,1239,45.0,0,6,8.0,1,0.0,National Liberation Army of Colombia (ELN)
15949,1986,7,14,0,45,3,270,1080,7.08582,-70.75779,1.0,0,1.0,1,0,7,21,1216,45.0,0,8,2.0,1,0.0,National Liberation Army of Colombia (ELN)
81767,2017,8,5,0,123,11,139,579,15.329201,-0.001457,2.0,0,0.0,1,0,6,14,27,123.0,0,5,4.0,0,1.0,Fulani extremists
23758,1989,11,21,0,92,6,364,1454,31.633979,74.872264,3.0,0,0.0,1,0,2,4,1648,92.0,0,5,4.0,1,0.0,Sikh Extremists
12506,1984,7,20,0,183,11,14,57,-26.184113,28.033232,1.0,0,0.0,1,0,1,2,128,183.0,0,8,0.0,1,0.0,African National Congress (South Africa)
24705,1990,4,11,0,159,3,223,925,-11.967368,-76.978462,1.0,0,1.0,1,0,3,8,51,159.0,0,6,0.0,1,0.0,Shining Path (SL)
14243,1985,7,15,0,183,11,13,58,-29.861824,31.008293,1.0,0,0.0,1,0,3,21,97,183.0,0,6,0.0,1,0.0,African National Congress (South Africa)
24032,1990,1,8,0,155,10,336,1281,31.502407,34.459743,1.0,0,0.0,1,0,1,14,1390,155.0,0,9,1.0,0,0.0,Palestinians
37670,1999,10,13,1,160,5,0,35,6.51792,122.12822,1.0,0,0.0,1,0,6,1,46,160.0,0,5,1.0,0,1.0,Abu Sayyaf Group (ASG)
36409,1997,7,20,0,186,6,207,859,8.577826,81.218719,1.0,1,0.0,1,0,2,2,991,186.0,0,5,6.0,1,0.0,Liberation Tigers of Tamil Eelam (LTTE)
63759,2014,11,1,0,147,11,137,577,8.5983,8.849614,1.0,0,0.0,1,0,2,14,27,147.0,0,5,8.0,1,0.0,Fulani extremists
52415,2012,6,25,0,182,11,52,207,2.059819,45.326115,1.0,0,0.0,1,0,3,4,258,209.0,0,6,0.0,0,0.0,Al-Shabaab
25845,1990,9,18,0,209,10,185,789,37.306944,41.178056,1.0,1,0.0,1,0,3,4,250,209.0,0,6,13.0,1,0.0,Kurdistan Workers' Party (PKK)
14184,1985,7,4,0,43,3,218,917,-36.816006,-73.037659,1.0,0,0.0,1,0,3,1,1053,217.0,0,6,0.0,1,0.0,Manuel Rodriguez Patriotic Front (FPMR)
6247,1980,2,16,0,183,11,22,24,-29.601439,30.376695,4.0,0,0.0,1,0,2,1,152,183.0,0,5,0.0,1,0.0,African National Congress (South Africa)
30461,1992,6,1,0,186,6,207,880,9.18158,80.846082,1.0,0,0.0,1,0,2,4,333,186.0,0,5,7.0,1,0.0,Liberation Tigers of Tamil Eelam (LTTE)
79029,2017,2,18,0,95,10,28,115,36.354145,43.14357,1.0,0,0.0,1,0,3,14,177,95.0,0,6,3.0,-9,0.0,Islamic State of Iraq and the Levant (ISIL)
4606,1979,1,13,0,185,8,67,230,43.178205,-2.31164,1.0,0,0.0,1,0,3,3,349,185.0,0,6,2.0,1,0.0,Basque Fatherland and Freedom (ETA)
18341,1987,10,29,0,69,8,109,448,42.6042,8.929852,1.0,0,1.0,1,0,3,14,595,21.0,0,6,0.0,1,0.0,Corsican National Liberation Front (FLNC)
69309,2015,8,5,0,147,11,87,322,11.640027,11.335048,1.0,0,1.0,1,0,3,2,468,147.0,0,6,0.0,1,0.0,Boko Haram
69993,2015,9,9,0,167,9,243,1033,42.855556,47.187222,1.0,0,0.0,1,0,2,15,1174,167.0,0,5,1.0,0,0.0,Muslim extremists
42238,2005,8,1,0,160,5,285,1144,12.5677,123.7337,1.0,0,0.0,1,0,2,3,1295,160.0,0,5,0.0,1,0.0,New People's Army (NPA)
19557,1988,5,13,0,43,3,217,913,-33.366238,-70.505302,1.0,0,0.0,1,0,3,19,1044,43.0,0,6,0.0,1,0.0,Manuel Rodriguez Patriotic Front (FPMR)
16953,1987,4,1,0,159,3,357,1629,-18.006645,-70.246245,1.0,0,0.0,1,0,2,10,1064,159.0,0,5,0.0,1,0.0,Tupac Amaru Revolutionary Movement (MRTA)
27542,1991,6,12,0,159,3,223,925,-11.967368,-76.978462,1.0,0,1.0,1,0,3,1,399,159.0,0,6,0.0,1,0.0,Tupac Amaru Revolutionary Movement (MRTA)
57103,2013,10,13,0,65,11,60,199,8.984457,38.807635,1.0,0,0.0,1,1,3,14,308,65.0,0,6,2.0,1,0.0,Al-Shabaab
40346,2002,9,23,0,93,5,245,1031,-6.208821,106.846046,1.0,0,0.0,0,0,3,7,1036,217.0,0,6,1.0,-9,0.0,Muslim extremists
73039,2016,2,24,0,147,11,136,608,7.871944,8.008333,1.0,0,1.0,1,0,2,14,27,147.0,0,5,50.0,1,0.0,Fulani extremists
7274,1981,1,21,0,61,2,121,546,13.716667,-89.233333,1.0,0,0.0,1,0,2,4,672,61.0,0,5,1.0,1,0.0,Farabundo Marti National Liberation Front (FMLN)
61892,2014,7,27,0,214,9,117,487,47.662817,38.064579,3.0,0,0.0,1,0,3,4,647,214.0,0,6,0.0,0,0.0,Donetsk People's Republic
40821,2003,4,13,1,160,5,1,18,5.544054,120.815636,1.0,0,0.0,1,0,6,14,19,160.0,0,5,0.0,0,1.0,Abu Sayyaf Group (ASG)
28382,1991,9,14,0,159,3,350,1404,-11.161067,-75.99309,3.0,0,0.0,1,0,2,11,1593,159.0,0,5,12.0,1,0.0,Shining Path (SL)
26573,1991,1,21,0,603,8,161,697,54.607712,-5.95621,1.0,0,0.0,1,0,1,3,829,233.0,0,5,1.0,0,0.0,Irish Republican Army (IRA)
5690,1979,10,8,0,185,8,72,247,43.46096,-3.807934,1.0,0,0.0,1,0,2,3,367,185.0,0,5,3.0,1,0.0,Basque Fatherland and Freedom (ETA)
13567,1985,3,31,0,43,3,217,913,-33.366238,-70.505302,1.0,0,0.0,1,0,2,3,1030,43.0,0,5,1.0,1,0.0,Manuel Rodriguez Patriotic Front (FPMR)
67858,2015,5,25,0,160,5,307,1164,14.276771,122.705349,1.0,0,1.0,1,0,2,3,85,160.0,0,5,0.0,1,0.0,New People's Army (NPA)
32763,1994,4,2,0,209,10,173,762,41.106178,28.689863,1.0,0,0.0,1,0,3,14,920,209.0,0,6,2.0,1,0.0,Kurdistan Workers' Party (PKK)
54497,2013,2,2,0,147,11,137,595,8.455538,8.212538,1.0,0,1.0,1,0,7,14,27,147.0,0,5,5.0,1,0.0,Fulani extremists
77248,2016,10,27,0,173,10,48,671,21.416667,39.816667,1.0,1,0.0,0,0,3,14,447,173.0,0,6,0.0,0,0.0,Houthi extremists (Ansar Allah)
45941,2008,12,30,0,160,5,285,1154,12.290946,123.703737,1.0,0,0.0,0,0,2,16,1302,160.0,0,5,0.0,0,0.0,New People's Army (NPA)
81907,2017,8,14,1,228,10,42,149,15.325443,44.211895,1.0,0,0.0,1,0,6,14,756,228.0,0,5,0.0,0,1.0,Houthi extremists (Ansar Allah)
80259,2017,5,13,0,214,9,117,471,48.143208,37.753361,1.0,0,0.0,1,0,3,14,458,214.0,0,6,4.0,1,0.0,Donetsk People's Republic
33014,1994,5,15,0,159,3,223,925,-11.967368,-76.978462,1.0,0,0.0,1,0,3,1,1065,159.0,0,6,0.0,1,0.0,Shining Path (SL)
57929,2014,1,1,0,45,3,261,1095,8.608345,-73.316615,1.0,0,1.0,1,0,3,21,1248,45.0,0,6,0.0,1,0.0,National Liberation Army of Colombia (ELN)
48352,2010,7,13,0,92,6,103,406,22.35435,86.906606,1.0,0,0.0,1,0,6,14,343,92.0,0,5,1.0,0,1.0,Communist Party of India - Maoist (CPI-Maoist)
29267,1991,12,18,0,603,8,161,697,54.607712,-5.95621,1.0,0,0.0,1,0,3,14,814,216.0,0,6,0.0,1,0.0,Irish Republican Army (IRA)
42625,2006,1,21,0,141,6,213,967,26.782869,85.277592,1.0,0,0.0,1,0,3,2,1122,141.0,0,6,0.0,1,0.0,Maoists
6759,1980,7,2,0,61,2,121,511,13.69288,-89.199161,1.0,0,1.0,1,0,3,1,152,61.0,0,6,1.0,1,0.0,Farabundo Marti National Liberation Front (FMLN)
82263,2017,9,8,0,147,11,95,603,9.85125,8.683428,1.0,0,1.0,1,0,2,14,27,147.0,0,5,10.0,0,0.0,Fulani extremists
71674,2015,12,13,0,160,5,288,1123,11.387,122.781991,1.0,0,0.0,1,0,3,3,250,160.0,0,6,0.0,0,0.0,New People's Army (NPA)
15968,1986,7,19,0,185,8,67,240,43.291618,-1.977903,1.0,0,1.0,1,0,2,14,405,69.0,0,8,0.0,1,0.0,Basque Fatherland and Freedom (ETA)
10031,1983,4,8,0,145,2,325,1234,12.810234,-85.786635,1.0,0,0.0,1,0,2,4,672,145.0,0,5,75.0,1,0.0,Nicaraguan Democratic Force (FDN)
48127,2010,5,28,0,92,6,101,350,24.128611,84.185712,3.0,0,0.0,1,0,3,3,485,92.0,0,6,1.0,-9,0.0,Communist Party of India - Maoist (CPI-Maoist)
63040,2014,9,26,0,122,6,242,1028,4.175278,73.508889,1.0,0,1.0,1,0,7,2,1170,122.0,0,8,0.0,1,0.0,Muslim extremists
30715,1992,7,12,0,209,10,183,793,37.253172,43.612234,1.0,1,0.0,1,0,2,4,290,209.0,0,5,3.0,1,0.0,Kurdistan Workers' Party (PKK)
61627,2014,7,16,0,214,9,117,496,47.905502,38.843531,1.0,1,0.0,1,0,3,4,654,214.0,0,6,1.0,1,0.0,Donetsk People's Republic
79593,2017,3,28,0,95,10,28,746,36.319386,41.861473,1.0,0,0.0,1,1,3,4,0,95.0,0,6,4.0,0,0.0,Islamic State of Iraq and the Levant (ISIL)
31042,1992,8,22,0,209,10,192,804,37.755081,39.317331,1.0,0,0.0,1,0,3,8,912,209.0,0,6,1.0,1,0.0,Kurdistan Workers' Party (PKK)
20426,1988,10,4,0,43,3,217,913,-33.366238,-70.505302,1.0,0,1.0,1,0,3,21,1038,43.0,0,6,0.0,1,0.0,Manuel Rodriguez Patriotic Front (FPMR)
58838,2014,3,3,0,147,11,138,1035,12.357456,7.903555,1.0,0,0.0,1,0,2,3,20,147.0,0,5,3.0,0,0.0,Muslim extremists
52117,2012,5,30,0,228,10,41,151,13.219398,45.307838,1.0,1,0.0,1,0,2,4,274,228.0,0,5,25.0,1,0.0,Al-Qaida in the Arabian Peninsula (AQAP)
8800,1982,5,28,0,183,11,16,92,-25.439625,31.680998,1.0,0,0.0,1,0,3,21,149,183.0,0,6,0.0,1,0.0,African National Congress (South Africa)
6803,1980,7,13,0,185,8,67,240,43.291618,-1.977903,1.0,0,0.0,1,0,3,3,407,185.0,0,5,2.0,1,0.0,Basque Fatherland and Freedom (ETA)
28290,1991,8,31,0,603,8,38,703,51.504387,-0.140041,1.0,0,0.0,0,0,7,1,794,216.0,0,8,0.0,1,0.0,Irish Republican Army (IRA)
20821,1988,11,26,0,185,8,67,234,43.258434,-2.921819,1.0,0,0.0,1,0,3,3,377,185.0,0,6,0.0,1,0.0,Basque Fatherland and Freedom (ETA)
24851,1990,5,2,0,43,3,217,913,-33.366238,-70.505302,1.0,0,0.0,1,0,3,1,1054,43.0,0,6,0.0,1,0.0,Manuel Rodriguez Patriotic Front (FPMR)
27299,1991,5,17,0,92,6,364,1443,31.633078,74.878288,1.0,0,0.0,1,0,1,2,1629,92.0,0,5,1.0,0,0.0,Sikh Extremists
23980,1989,12,29,0,155,10,336,1281,31.502407,34.459743,1.0,0,0.0,1,0,1,14,1396,155.0,0,9,1.0,0,0.0,Palestinians
48807,2010,10,29,0,603,8,38,145,52.829397,-1.332046,1.0,0,1.0,0,0,3,6,229,217.0,0,6,0.0,0,0.0,Al-Qaida in the Arabian Peninsula (AQAP)
25975,1990,10,17,0,159,3,223,925,-11.967368,-76.978462,1.0,0,0.0,1,0,7,8,1838,159.0,0,8,0.0,1,0.0,Tupac Amaru Revolutionary Movement (MRTA)
19352,1988,4,18,0,186,6,209,879,9.814937,80.16608,1.0,0,0.0,1,0,2,4,672,186.0,0,5,0.0,1,0.0,Liberation Tigers of Tamil Eelam (LTTE)
71797,2015,12,19,0,173,10,155,676,17.554939,44.232357,1.0,0,0.0,1,0,3,14,751,92.0,0,6,3.0,0,0.0,Houthi extremists (Ansar Allah)
53079,2012,8,27,0,4,6,375,1516,31.631083,65.742226,1.0,1,0.0,0,1,1,3,1721,4.0,0,6,5.0,1,0.0,Taliban
51751,2012,4,21,0,92,6,101,940,24.165471,86.223142,1.0,0,0.0,1,0,5,1,1101,92.0,0,5,0.0,1,1.0,Maoists
23232,1989,10,1,0,97,10,333,1283,32.283429,35.384778,1.0,0,0.0,1,0,1,14,1392,155.0,0,9,1.0,0,0.0,Palestinians
44142,2007,9,14,0,95,10,23,124,33.420948,43.295662,1.0,0,0.0,1,0,3,14,194,95.0,0,6,3.0,0,0.0,Al-Qaida in Iraq
31958,1992,12,3,0,69,8,109,24,41.918891,8.737554,4.0,0,1.0,1,0,3,2,425,69.0,0,6,0.0,1,0.0,Corsican National Liberation Front (FLNC)
53253,2012,9,9,0,69,8,109,24,41.918891,8.737554,4.0,0,1.0,1,0,3,1,614,238.0,0,6,0.0,1,0.0,Corsican National Liberation Front (FLNC)
62537,2014,8,30,0,214,9,117,468,47.981647,37.762325,1.0,0,0.0,1,0,2,14,660,214.0,0,5,2.0,-9,0.0,Donetsk People's Republic
14695,1985,10,31,0,43,3,217,913,-33.366238,-70.505302,1.0,0,0.0,1,0,3,3,1033,43.0,0,6,0.0,1,0.0,Manuel Rodriguez Patriotic Front (FPMR)
12512,1984,7,21,0,183,11,14,76,-26.252697,27.870275,1.0,0,0.0,1,0,2,14,148,183.0,0,8,0.0,1,0.0,African National Congress (South Africa)
58294,2014,1,27,0,45,3,261,1085,8.533734,-73.456863,1.0,0,0.0,1,0,3,21,1226,45.0,0,6,0.0,1,0.0,National Liberation Army of Colombia (ELN)
68289,2015,6,15,0,200,10,167,1011,36.201721,37.14352,1.0,0,1.0,1,0,3,14,758,200.0,0,6,4.0,-9,0.0,Muslim extremists
42159,2005,7,6,0,186,6,207,869,7.414383,81.830633,1.0,0,0.0,1,0,2,3,972,186.0,0,5,0.0,0,0.0,Liberation Tigers of Tamil Eelam (LTTE)
48959,2010,11,24,0,228,10,46,24,16.249994,45.478097,4.0,0,0.0,1,1,3,15,264,228.0,0,6,16.0,1,0.0,Al-Qaida in the Arabian Peninsula (AQAP)
73419,2016,3,15,1,182,11,57,200,2.448348,41.967613,1.0,0,0.0,1,0,6,12,310,422.0,0,5,0.0,0,1.0,Al-Shabaab
29713,1992,2,19,0,92,6,364,1430,30.898024,75.860077,1.0,0,0.0,1,0,3,2,1067,92.0,0,6,1.0,1,0.0,Sikh Extremists
46359,2009,4,9,0,159,3,352,24,-13.163874,-74.223564,4.0,0,1.0,1,0,3,4,1573,159.0,0,6,13.0,-9,0.0,Shining Path (SL)
49869,2011,7,11,1,160,5,4,10,6.887752,122.154588,1.0,0,0.0,1,0,6,14,11,217.0,0,5,0.0,0,1.0,Abu Sayyaf Group (ASG)
33604,1994,11,5,0,209,10,185,818,37.312903,40.733951,1.0,0,0.0,1,0,1,8,922,209.0,0,5,4.0,0,0.0,Kurdistan Workers' Party (PKK)
25862,1990,9,23,0,159,3,223,925,-11.967368,-76.978462,1.0,0,0.0,1,0,6,2,1833,159.0,0,5,1.0,0,1.0,Tupac Amaru Revolutionary Movement (MRTA)
10271,1983,5,27,0,159,3,223,925,-11.967368,-76.978462,1.0,0,1.0,1,0,3,21,1545,159.0,0,6,0.0,1,0.0,Shining Path (SL)
12764,1984,9,10,0,159,3,352,1389,-12.983333,-74.183333,2.0,0,0.0,1,0,2,14,1557,159.0,0,5,17.0,1,1.0,Shining Path (SL)
81113,2017,6,26,0,147,11,85,287,11.840929,13.141459,1.0,0,1.0,1,1,3,8,453,147.0,0,6,1.0,-9,0.0,Boko Haram
64414,2014,12,9,0,214,9,117,468,47.981647,37.762325,1.0,0,0.0,1,0,2,4,646,214.0,0,6,0.0,-9,0.0,Donetsk People's Republic
4812,1979,3,10,0,69,8,109,24,41.918891,8.737554,4.0,0,1.0,1,0,3,1,581,69.0,0,6,0.0,1,0.0,Corsican National Liberation Front (FLNC)
52674,2012,7,23,0,95,10,27,123,34.881348,44.62513,1.0,0,1.0,1,0,3,14,13,95.0,0,6,0.0,-9,0.0,Al-Qaida in Iraq
22053,1989,5,6,0,159,3,223,925,-11.967368,-76.978462,1.0,0,0.0,1,0,3,4,1837,159.0,0,6,0.0,1,0.0,Tupac Amaru Revolutionary Movement (MRTA)
55350,2013,5,5,0,182,11,50,216,1.789637,44.529976,1.0,0,0.0,1,0,2,14,330,182.0,0,5,2.0,0,0.0,Al-Shabaab
48757,2010,10,13,0,92,6,103,389,22.86775,86.944884,1.0,0,0.0,1,0,2,2,524,92.0,0,5,1.0,0,0.0,Communist Party of India - Maoist (CPI-Maoist)
21714,1989,3,19,0,92,6,364,24,31.147131,75.341218,4.0,0,0.0,1,0,2,3,333,92.0,0,5,1.0,1,0.0,Sikh Extremists
20458,1988,10,6,0,155,10,333,1302,32.113445,35.077565,1.0,0,0.0,1,0,1,2,1432,97.0,0,5,1.0,0,0.0,Palestinians
61728,2014,7,21,0,60,10,229,1009,31.250196,34.24128,1.0,0,1.0,1,0,1,14,1157,60.0,0,5,1.0,0,0.0,Muslim extremists
17535,1987,7,1,0,92,6,364,1453,31.84,74.76,1.0,0,0.0,1,0,2,15,1641,92.0,0,5,5.0,1,0.0,Sikh Extremists
21040,1988,12,23,0,61,2,121,511,13.69288,-89.199161,1.0,0,0.0,1,0,3,2,694,61.0,0,6,1.0,1,0.0,Farabundo Marti National Liberation Front (FMLN)
65590,2015,2,4,0,228,10,45,24,14.802222,42.951111,4.0,0,0.0,1,0,2,14,761,228.0,0,5,0.0,0,0.0,Houthi extremists (Ansar Allah)
57123,2013,10,15,0,228,10,47,173,13.063399,44.880882,1.0,0,0.0,1,0,2,4,271,228.0,0,5,3.0,-9,0.0,Al-Qaida in the Arabian Peninsula (AQAP)
30384,1992,5,21,0,186,6,209,862,8.980118,79.912462,3.0,0,0.0,1,0,2,4,12,186.0,0,5,6.0,1,0.0,Liberation Tigers of Tamil Eelam (LTTE)
27095,1991,4,15,0,185,8,68,231,36.621787,-4.500273,1.0,0,0.0,1,0,3,3,273,185.0,0,6,0.0,1,0.0,Basque Fatherland and Freedom (ETA)
77549,2016,11,14,0,60,10,229,1007,31.212225,34.117065,1.0,1,0.0,0,0,3,20,6,60.0,0,6,0.0,0,0.0,Muslim extremists
22561,1989,7,24,0,159,3,350,1403,-11.520494,-75.899782,1.0,0,0.0,1,0,3,19,1590,159.0,0,6,0.0,1,0.0,Shining Path (SL)
13862,1985,5,16,0,61,2,130,24,13.447063,-88.556531,4.0,0,1.0,1,0,3,21,685,61.0,0,6,0.0,1,0.0,Farabundo Marti National Liberation Front (FMLN)
63407,2014,10,14,0,4,6,382,1496,33.967929,68.949888,3.0,0,0.0,1,0,2,3,290,4.0,0,5,6.0,-9,0.0,Taliban
52049,2012,5,21,0,45,3,275,1337,11.378289,-72.238173,1.0,1,0.0,1,0,2,4,48,45.0,0,5,12.0,0,0.0,Revolutionary Armed Forces of Colombia (FARC)
33599,1994,11,2,0,45,3,264,1081,6.978951,-75.296249,1.0,0,0.0,1,0,3,3,861,45.0,0,6,12.0,1,0.0,National Liberation Army of Colombia (ELN)
37212,1999,3,2,0,209,10,171,790,36.967762,35.258725,3.0,0,0.0,1,0,2,4,905,209.0,0,5,1.0,0,0.0,Kurdistan Workers' Party (PKK)
74768,2016,6,5,0,228,10,151,664,13.586484,44.024105,1.0,0,0.0,1,0,3,14,447,228.0,0,6,0.0,-9,0.0,Houthi extremists (Ansar Allah)
43256,2006,8,23,0,186,6,207,864,7.716666,81.700188,3.0,0,0.0,1,0,3,3,964,186.0,0,6,1.0,-9,0.0,Liberation Tigers of Tamil Eelam (LTTE)
41058,2003,8,3,0,69,8,109,442,42.104248,9.512429,1.0,0,0.0,1,0,3,14,584,69.0,0,6,0.0,1,0.0,Corsican National Liberation Front (FLNC)
2272,1975,8,11,0,603,8,161,697,54.607712,-5.95621,1.0,0,0.0,1,0,2,4,817,233.0,0,5,1.0,0,0.0,Irish Republican Army (IRA)
14155,1985,7,1,0,69,8,109,24,41.918891,8.737554,4.0,0,1.0,1,0,3,3,607,69.0,0,6,0.0,1,0.0,Corsican National Liberation Front (FLNC)
61578,2014,7,15,0,214,9,117,488,47.927954,37.371645,3.0,0,1.0,1,0,7,9,648,214.0,0,5,1.0,1,0.0,Donetsk People's Republic
40829,2003,4,19,0,45,3,273,24,8.670438,-74.030012,4.0,0,0.0,1,0,3,14,1467,45.0,0,6,0.0,-9,0.0,Revolutionary Armed Forces of Colombia (FARC)
39993,2002,4,24,0,141,6,208,970,29.231273,80.650008,1.0,0,0.0,1,0,3,2,1124,141.0,0,6,0.0,1,0.0,Maoists
81700,2017,8,1,0,228,10,41,169,13.519865,46.711736,1.0,0,0.0,1,0,2,4,20,228.0,0,6,3.0,0,0.0,Al-Qaida in the Arabian Peninsula (AQAP)
16958,1987,4,2,0,159,3,223,925,-11.967368,-76.978462,1.0,0,0.0,1,0,3,3,1078,159.0,0,6,0.0,1,0.0,Shining Path (SL)
13770,1985,5,10,0,69,8,109,24,41.919593,8.737687,4.0,0,1.0,1,0,3,1,583,69.0,0,6,0.0,1,0.0,Corsican National Liberation Front (FLNC)
13520,1985,3,22,0,61,2,130,531,13.437973,-88.460995,1.0,0,0.0,1,0,3,2,687,61.0,0,5,1.0,1,0.0,Farabundo Marti National Liberation Front (FMLN)
16530,1986,12,19,0,183,11,14,76,-26.252697,27.870275,1.0,0,0.0,1,0,3,2,151,183.0,0,6,0.0,1,0.0,African National Congress (South Africa)
20018,1988,7,24,0,45,3,270,1084,6.95284,-71.87514,1.0,0,0.0,1,0,3,21,1243,45.0,0,6,0.0,1,0.0,National Liberation Army of Colombia (ELN)
80516,2017,5,25,0,160,5,0,17,6.491515,122.141717,1.0,0,0.0,1,0,2,3,18,160.0,0,6,2.0,-9,0.0,Abu Sayyaf Group (ASG)
21525,1989,2,22,0,159,3,223,1633,-12.003379,-76.918423,1.0,0,0.0,1,0,2,3,282,159.0,0,5,0.0,1,0.0,Tupac Amaru Revolutionary Movement (MRTA)
82125,2017,8,28,0,104,11,51,209,3.154299,41.015014,2.0,0,0.0,1,0,3,4,250,104.0,0,6,2.0,1,0.0,Al-Shabaab
7105,1980,11,4,0,61,2,121,543,13.808917,-89.228637,1.0,0,0.0,1,0,2,14,696,61.0,0,5,1.0,1,1.0,Farabundo Marti National Liberation Front (FMLN)
7919,1981,8,16,0,61,2,129,526,13.949826,-88.146348,1.0,0,0.0,1,0,2,4,672,61.0,0,5,1.0,1,0.0,Farabundo Marti National Liberation Front (FMLN)
11624,1984,2,19,0,61,2,130,548,13.616667,-88.4,1.0,0,0.0,1,0,2,4,699,61.0,0,5,2.0,1,0.0,Farabundo Marti National Liberation Front (FMLN)
12467,1984,7,12,0,183,11,13,58,-29.861824,31.008293,1.0,0,0.0,1,0,3,1,142,183.0,0,6,5.0,1,0.0,African National Congress (South Africa)
38923,2001,2,22,0,185,8,67,240,43.291618,-1.977903,1.0,0,0.0,1,0,1,2,381,185.0,0,6,2.0,-9,0.0,Basque Fatherland and Freedom (ETA)
51020,2012,2,9,0,92,6,102,941,18.184536,81.411415,1.0,0,0.0,1,0,3,3,1102,92.0,0,6,2.0,1,0.0,Maoists
52882,2012,8,8,0,228,10,41,151,13.219398,45.307838,1.0,0,0.0,1,1,3,14,242,228.0,0,6,1.0,0,0.0,Al-Qaida in the Arabian Peninsula (AQAP)
32358,1994,1,26,0,185,8,75,256,42.815372,-1.653616,1.0,0,1.0,1,0,3,1,399,185.0,0,6,0.0,1,0.0,Basque Fatherland and Freedom (ETA)
49316,2011,2,22,0,92,6,107,388,17.72726,81.189156,1.0,1,0.0,1,0,7,1,523,92.0,0,8,0.0,1,0.0,Communist Party of India - Maoist (CPI-Maoist)
59200,2014,3,23,0,147,11,136,607,7.820035,8.860315,1.0,0,1.0,1,0,2,14,27,147.0,0,5,13.0,1,0.0,Fulani extremists
22990,1989,9,9,0,603,8,161,722,54.951082,-6.558998,1.0,0,0.0,1,0,1,14,841,233.0,0,5,1.0,0,0.0,Irish Republican Army (IRA)
57598,2013,12,2,0,147,11,85,287,11.840929,13.141459,1.0,0,1.0,1,0,3,3,455,147.0,0,6,1.0,1,0.0,Boko Haram
53894,2012,11,21,0,153,6,401,1567,24.891115,67.143311,1.0,0,1.0,1,1,3,15,1757,153.0,0,6,3.0,-9,0.0,Tehrik-i-Taliban Pakistan (TTP)
25474,1990,7,26,0,43,3,217,913,-33.366238,-70.505302,1.0,0,0.0,1,0,3,1,605,217.0,0,6,0.0,1,0.0,Manuel Rodriguez Patriotic Front (FPMR)
2445,1975,11,9,0,603,8,161,697,54.607712,-5.95621,1.0,0,0.0,1,0,1,17,788,233.0,0,5,1.0,0,0.0,Irish Republican Army (IRA)
77070,2016,10,19,0,173,10,154,675,16.524263,42.967896,1.0,0,0.0,1,0,3,4,0,173.0,0,6,0.0,-9,0.0,Houthi extremists (Ansar Allah)
47048,2009,8,27,0,185,8,67,235,43.15256,-3.028622,1.0,0,0.0,1,0,7,14,353,185.0,0,8,0.0,1,0.0,Basque Fatherland and Freedom (ETA)
77040,2016,10,16,0,147,11,89,615,10.26622,7.113044,3.0,0,0.0,1,0,2,14,27,147.0,0,5,2.0,1,0.0,Fulani extremists
70832,2015,10,23,0,147,11,85,287,11.840929,13.141459,1.0,0,0.0,1,1,3,15,198,147.0,0,6,11.0,1,0.0,Boko Haram
13919,1985,5,24,0,43,3,218,916,-36.823788,-72.668472,1.0,0,1.0,1,0,3,21,692,43.0,0,6,0.0,1,0.0,Manuel Rodriguez Patriotic Front (FPMR)
81957,2017,8,17,0,160,5,301,1148,10.117858,123.224263,1.0,0,0.0,1,0,1,14,1297,160.0,0,5,1.0,0,0.0,New People's Army (NPA)
76274,2016,9,4,0,153,6,402,1594,34.552243,71.257927,2.0,0,1.0,1,0,3,3,1769,153.0,0,6,1.0,0,0.0,Tehrik-i-Taliban Pakistan (TTP)
18204,1987,10,5,0,43,3,216,912,-33.010693,-71.527794,1.0,0,0.0,1,0,3,2,1028,43.0,0,6,0.0,1,0.0,Manuel Rodriguez Patriotic Front (FPMR)
20061,1988,7,29,0,183,11,14,68,-26.103533,28.097631,1.0,0,0.0,1,0,3,1,113,183.0,0,6,0.0,1,0.0,African National Congress (South Africa)
82522,2017,9,27,0,123,11,233,1032,14.929512,-3.889058,2.0,0,0.0,1,0,5,14,13,123.0,0,5,0.0,0,1.0,Muslim extremists
64197,2014,11,26,0,113,10,236,1022,32.521721,11.916862,1.0,0,0.0,1,0,3,17,1164,113.0,0,6,1.0,-9,0.0,Muslim extremists
50187,2011,10,16,0,147,11,85,287,11.840929,13.141459,1.0,0,0.0,1,0,2,2,461,147.0,0,5,1.0,0,0.0,Boko Haram
51302,2012,3,9,0,228,10,41,164,13.928919,46.079398,3.0,0,0.0,1,0,3,17,253,228.0,0,6,3.0,0,0.0,Al-Qaida in the Arabian Peninsula (AQAP)
57040,2013,10,7,1,228,10,44,166,14.413989,44.837418,1.0,0,0.0,1,0,6,4,20,228.0,0,5,4.0,-9,1.0,Al-Qaida in the Arabian Peninsula (AQAP)
21904,1989,4,14,0,43,3,218,922,-36.748146,-73.11232,1.0,0,0.0,1,0,2,3,1059,43.0,0,5,0.0,1,0.0,Manuel Rodriguez Patriotic Front (FPMR)
25480,1990,7,27,0,43,3,217,913,-33.366238,-70.505302,1.0,0,0.0,1,0,2,1,1065,43.0,0,5,0.0,1,0.0,Manuel Rodriguez Patriotic Front (FPMR)
66405,2015,3,17,0,153,6,399,1603,34.102074,71.47802,1.0,0,0.0,1,0,1,1,1780,153.0,0,5,1.0,1,0.0,Tehrik-i-Taliban Pakistan (TTP)
80358,2017,5,17,0,160,5,6,1119,6.721638,124.113104,1.0,0,0.0,1,0,3,4,258,160.0,0,6,0.0,-9,0.0,New People's Army (NPA)
15880,1986,6,29,0,43,3,217,913,-33.366238,-70.505302,1.0,0,1.0,1,0,3,21,1060,43.0,0,6,0.0,1,0.0,Manuel Rodriguez Patriotic Front (FPMR)
28070,1991,8,7,0,159,3,361,1628,-6.613881,-76.695042,1.0,0,0.0,1,0,2,14,1818,159.0,0,5,1.0,1,0.0,Tupac Amaru Revolutionary Movement (MRTA)
73546,2016,3,25,0,4,6,374,1487,34.516895,69.147011,1.0,0,0.0,1,0,3,2,1687,4.0,0,6,0.0,-9,0.0,Taliban
56966,2013,9,30,0,95,10,24,108,33.303566,44.371773,1.0,0,1.0,1,0,3,14,13,95.0,0,6,0.0,0,0.0,Islamic State of Iraq and the Levant (ISIL)
78185,2016,12,24,0,95,10,23,743,33.036022,40.288158,1.0,0,0.0,1,0,3,14,447,95.0,0,6,0.0,-9,0.0,Islamic State of Iraq and the Levant (ISIL)
15372,1986,3,26,0,43,3,218,917,-36.816006,-73.037659,1.0,0,1.0,1,0,3,1,1040,43.0,0,6,0.0,1,0.0,Manuel Rodriguez Patriotic Front (FPMR)
33404,1994,8,30,0,185,8,75,24,42.695391,-1.676069,4.0,0,0.0,1,0,3,19,391,185.0,0,6,0.0,1,0.0,Basque Fatherland and Freedom (ETA)
79738,2017,4,6,0,4,6,393,1530,33.696641,63.092771,3.0,0,0.0,1,0,3,8,1711,4.0,0,6,2.0,1,0.0,Taliban
32536,1994,2,26,0,159,3,350,1634,-11.057148,-75.061115,3.0,0,0.0,1,0,3,1,1842,159.0,0,5,1.0,1,0.0,Tupac Amaru Revolutionary Movement (MRTA)
26116,1990,11,6,0,155,10,333,1299,32.460617,35.301247,1.0,1,0.0,1,0,1,3,1436,155.0,0,5,1.0,0,0.0,Palestinians
17577,1987,7,8,0,183,11,14,57,-26.184113,28.033232,1.0,0,0.0,1,0,3,1,110,183.0,0,6,0.0,1,0.0,African National Congress (South Africa)
43288,2006,9,8,0,186,6,207,856,7.733107,81.68882,1.0,0,0.0,1,0,3,1,6,186.0,0,6,2.0,1,0.0,Liberation Tigers of Tamil Eelam (LTTE)
14907,1985,12,13,0,183,11,21,83,-22.351154,30.039773,1.0,0,0.0,1,0,3,4,137,183.0,0,6,0.0,1,0.0,African National Congress (South Africa)
19545,1988,5,12,0,43,3,217,913,-33.366238,-70.505302,1.0,0,0.0,1,0,3,21,1034,43.0,0,6,0.0,1,0.0,Manuel Rodriguez Patriotic Front (FPMR)
54077,2012,12,20,0,228,10,37,144,12.825647,44.846416,1.0,0,0.0,1,0,2,14,13,228.0,0,5,1.0,-9,0.0,Muslim extremists
13772,1985,5,10,0,69,8,109,24,41.919593,8.737687,4.0,0,1.0,1,0,3,1,583,69.0,0,6,0.0,1,0.0,Corsican National Liberation Front (FLNC)
68391,2015,6,20,0,173,10,154,24,16.892213,42.56892,4.0,0,0.0,1,0,3,4,48,173.0,0,6,1.0,0,0.0,Houthi extremists (Ansar Allah)
43112,2006,7,3,0,4,6,390,1528,34.880556,70.896111,1.0,0,0.0,1,0,2,14,1709,4.0,0,5,5.0,-9,0.0,Taliban
37157,1999,1,12,0,160,5,5,23,7.083241,125.600998,1.0,0,1.0,1,0,3,19,24,160.0,0,6,0.0,1,0.0,Abu Sayyaf Group (ASG)
66608,2015,3,29,0,160,5,9,1150,6.213642,124.822629,1.0,0,0.0,1,0,3,4,1299,160.0,0,6,1.0,0,0.0,New People's Army (NPA)
13655,1985,4,28,0,145,2,318,1203,13.41367,-86.398163,1.0,0,0.0,1,0,3,2,1339,145.0,0,5,1.0,1,0.0,Nicaraguan Democratic Force (FDN)
14516,1985,9,18,0,43,3,219,918,-34.170331,-70.740822,1.0,0,0.0,1,0,3,21,670,43.0,0,6,0.0,1,0.0,Manuel Rodriguez Patriotic Front (FPMR)
53361,2012,9,27,0,228,10,39,159,15.840202,48.45438,1.0,0,0.0,1,0,3,2,56,228.0,0,6,3.0,0,0.0,Al-Qaida in the Arabian Peninsula (AQAP)
4815,1979,3,10,0,69,8,109,24,41.918891,8.737554,4.0,0,1.0,1,0,3,1,581,69.0,0,6,0.0,1,0.0,Corsican National Liberation Front (FLNC)
80398,2017,5,19,0,160,5,297,1140,16.670136,121.717106,2.0,0,0.0,1,0,4,1,425,160.0,0,8,0.0,1,1.0,New People's Army (NPA)
10242,1983,5,23,0,145,2,325,1217,12.73797,-86.21399,1.0,0,0.0,1,0,2,4,672,145.0,0,5,1.0,1,0.0,Nicaraguan Democratic Force (FDN)
27025,1991,4,4,0,603,8,38,715,53.757729,-2.703441,1.0,0,0.0,0,0,7,19,822,216.0,0,8,0.0,1,0.0,Irish Republican Army (IRA)
49737,2011,6,5,0,153,6,399,1564,34.006004,71.53743,1.0,1,0.0,1,0,3,14,13,153.0,0,6,6.0,1,0.0,Tehrik-i-Taliban Pakistan (TTP)
26708,1991,2,6,0,45,3,268,24,6.643708,-73.653621,4.0,1,1.0,1,0,3,21,1476,45.0,0,6,0.0,1,0.0,Revolutionary Armed Forces of Colombia (FARC)
64022,2014,11,16,0,95,10,27,757,33.994591,44.357273,1.0,0,1.0,1,0,3,14,345,95.0,0,6,0.0,1,0.0,Islamic State of Iraq and the Levant (ISIL)
14946,1985,12,24,0,159,3,223,925,-11.967368,-76.978462,1.0,1,0.0,1,0,3,1,1823,159.0,0,6,1.0,1,0.0,Tupac Amaru Revolutionary Movement (MRTA)
10954,1983,10,10,0,145,2,324,1247,12.481654,-87.173207,1.0,0,0.0,1,0,3,1,1366,145.0,0,5,0.0,1,0.0,Nicaraguan Democratic Force (FDN)
55747,2013,6,16,0,95,10,28,115,36.354145,43.14357,1.0,1,1.0,1,0,2,3,85,95.0,0,5,4.0,0,0.0,Islamic State of Iraq and the Levant (ISIL)
28065,1991,8,7,0,155,10,333,1276,32.222271,35.253506,1.0,0,0.0,1,0,8,3,250,97.0,0,2,0.0,1,0.0,Palestinians
32797,1994,4,9,0,603,8,161,697,54.607712,-5.95621,1.0,0,0.0,0,0,3,3,844,216.0,0,6,0.0,1,0.0,Irish Republican Army (IRA)
64763,2014,12,30,0,4,6,377,1490,32.626487,65.450773,3.0,0,0.0,1,0,2,3,85,4.0,0,5,3.0,0,0.0,Taliban
16155,1986,9,1,0,92,6,368,1449,30.733315,76.779418,1.0,0,0.0,1,0,1,2,1642,92.0,0,5,1.0,0,0.0,Sikh Extremists
54698,2013,2,23,0,95,10,25,110,33.74324,44.623825,1.0,0,0.0,1,1,3,2,187,95.0,0,6,3.0,1,0.0,Al-Qaida in Iraq
59958,2014,5,3,1,4,6,386,1502,35.61831,64.249564,3.0,0,0.0,1,0,1,2,1696,4.0,0,5,1.0,0,1.0,Taliban
53304,2012,9,19,0,153,6,399,1564,34.006004,71.53743,1.0,0,0.0,1,0,3,4,1758,153.0,0,6,8.0,1,0.0,Tehrik-i-Taliban Pakistan (TTP)
56536,2013,8,22,0,182,11,50,210,1.808302,44.695141,1.0,0,1.0,1,0,2,4,320,422.0,0,6,3.0,-9,0.0,Al-Shabaab
5999,1979,12,19,0,603,8,38,703,51.504387,-0.140041,1.0,0,0.0,0,0,1,1,828,216.0,0,6,0.0,0,0.0,Irish Republican Army (IRA)
26283,1990,12,6,0,69,8,109,443,42.699997,9.447317,1.0,0,0.0,1,0,3,1,614,69.0,0,6,0.0,1,0.0,Corsican National Liberation Front (FLNC)
7491,1981,3,24,0,185,8,67,252,43.3282,-3.031509,1.0,0,0.0,1,0,3,21,375,185.0,0,6,1.0,1,0.0,Basque Fatherland and Freedom (ETA)
29471,1992,1,16,0,185,8,68,232,36.686562,-6.137173,1.0,0,0.0,0,0,1,3,350,185.0,0,6,0.0,0,0.0,Basque Fatherland and Freedom (ETA)
71088,2015,11,5,0,95,10,27,759,34.933361,43.412552,1.0,0,1.0,0,1,3,17,186,95.0,0,6,1.0,0,0.0,Islamic State of Iraq and the Levant (ISIL)
53225,2012,9,9,0,95,10,28,115,36.354145,43.14357,1.0,0,1.0,1,0,3,14,13,95.0,0,6,2.0,0,0.0,Al-Qaida in Iraq
71282,2015,11,17,0,92,6,101,974,23.384612,84.651881,1.0,1,0.0,0,0,3,20,6,92.0,0,6,0.0,0,0.0,Maoists
12233,1984,5,16,0,137,11,17,66,-26.199643,32.138373,1.0,0,0.0,1,0,2,19,111,197.0,0,5,0.0,1,0.0,African National Congress (South Africa)
20569,1988,10,23,0,186,6,207,854,7.716666,81.700188,3.0,0,0.0,1,0,2,4,12,92.0,0,5,3.0,1,0.0,Liberation Tigers of Tamil Eelam (LTTE)
35755,1996,9,27,0,45,3,261,1077,7.933383,-72.600048,3.0,0,0.0,1,0,2,4,806,45.0,0,5,2.0,1,0.0,National Liberation Army of Colombia (ELN)
77017,2016,10,15,0,160,5,0,0,6.482905,122.015549,3.0,0,0.0,1,0,2,4,0,160.0,0,5,0.0,-9,0.0,Abu Sayyaf Group (ASG)
71473,2015,11,28,0,228,10,151,664,13.586484,44.024105,1.0,0,0.0,1,0,3,14,447,228.0,0,6,3.0,-9,0.0,Houthi extremists (Ansar Allah)
74484,2016,5,19,0,153,6,376,1489,30.200819,66.994354,1.0,0,0.0,1,0,3,3,1755,153.0,0,6,1.0,1,0.0,Tehrik-i-Taliban Pakistan (TTP)
63462,2014,10,15,0,214,9,117,486,47.460209,37.86647,1.0,0,0.0,1,0,3,4,48,214.0,0,6,0.0,0,0.0,Donetsk People's Republic
39232,2001,8,7,1,45,3,264,1354,5.657909,-75.837417,2.0,0,0.0,1,0,6,14,1511,45.0,0,5,0.0,0,1.0,Revolutionary Armed Forces of Colombia (FARC)
6847,1980,7,27,0,603,8,161,707,54.414416,-6.976641,1.0,0,0.0,1,0,3,4,799,216.0,0,6,1.0,1,0.0,Irish Republican Army (IRA)
52636,2012,7,20,0,45,3,261,24,7.946283,-72.898807,4.0,0,0.0,0,0,3,1,1501,45.0,0,6,0.0,1,0.0,Revolutionary Armed Forces of Colombia (FARC)
25644,1990,8,16,0,209,10,188,798,39.54068,43.682701,3.0,0,0.0,1,0,2,4,333,209.0,0,5,19.0,1,0.0,Kurdistan Workers' Party (PKK)
30571,1992,6,21,0,183,11,14,56,-26.252697,27.870275,1.0,0,0.0,1,0,2,1,95,183.0,0,5,5.0,1,0.0,African National Congress (South Africa)
26124,1990,11,7,0,185,8,67,240,43.291618,-1.977903,1.0,0,0.0,0,0,3,19,396,185.0,0,6,0.0,1,0.0,Basque Fatherland and Freedom (ETA)
64402,2014,12,8,0,228,10,42,149,15.325443,44.211895,1.0,0,0.0,0,0,3,2,270,228.0,0,6,0.0,0,0.0,Al-Qaida in the Arabian Peninsula (AQAP)
63397,2014,10,12,0,4,6,390,1511,34.780288,71.109676,3.0,0,0.0,1,0,2,14,1701,4.0,0,5,1.0,0,0.0,Taliban
57848,2013,12,26,0,160,5,300,1146,8.455393,125.159241,1.0,0,0.0,1,0,2,4,234,160.0,0,5,1.0,-9,0.0,New People's Army (NPA)
40223,2002,7,20,0,160,5,1,26,5.9735,120.9698,1.0,0,0.0,1,0,2,2,33,160.0,0,5,1.0,0,0.0,Abu Sayyaf Group (ASG)
13725,1985,5,7,0,145,2,321,1207,12.538409,-85.573921,3.0,0,0.0,1,0,2,4,1220,145.0,0,5,9.0,1,0.0,Nicaraguan Democratic Force (FDN)
55813,2013,6,22,0,182,11,54,204,-0.100689,41.908362,2.0,0,0.0,1,0,3,4,312,422.0,0,6,0.0,1,0.0,Al-Shabaab
83050,2017,11,9,0,160,5,0,11,6.440039,122.080475,1.0,0,0.0,1,0,2,4,12,160.0,0,5,6.0,0,0.0,Abu Sayyaf Group (ASG)
28865,1991,10,29,0,186,6,207,873,8.5922,81.196796,3.0,0,0.0,1,0,2,4,333,186.0,0,5,8.0,1,0.0,Liberation Tigers of Tamil Eelam (LTTE)
11246,1983,12,12,0,183,11,14,57,-26.184113,28.033232,1.0,0,0.0,1,0,3,2,119,183.0,0,6,0.0,1,0.0,African National Congress (South Africa)
34739,1995,10,21,0,186,6,211,890,7.368333,80.0325,1.0,0,1.0,1,0,2,14,996,186.0,0,5,31.0,1,0.0,Liberation Tigers of Tamil Eelam (LTTE)
53688,2012,10,28,0,95,10,25,112,33.100529,44.584492,1.0,0,0.0,1,0,3,14,177,95.0,0,6,1.0,0,0.0,Al-Qaida in Iraq
37031,1998,9,14,0,186,6,207,856,7.733107,81.68882,1.0,0,0.0,1,0,3,4,966,186.0,0,6,1.0,1,0.0,Liberation Tigers of Tamil Eelam (LTTE)
70195,2015,9,19,0,95,10,23,754,33.397812,43.706276,1.0,0,0.0,1,1,3,4,48,95.0,0,6,1.0,0,0.0,Islamic State of Iraq and the Levant (ISIL)
13412,1985,2,21,0,159,3,223,925,-11.967368,-76.978462,1.0,0,0.0,1,0,3,2,1577,159.0,0,6,0.0,1,0.0,Shining Path (SL)
14999,1986,1,7,0,145,2,316,1209,13.746389,-86.709722,1.0,0,0.0,1,0,2,4,672,145.0,0,5,1.0,1,0.0,Nicaraguan Democratic Force (FDN)
19890,1988,7,2,0,159,3,223,925,-11.967368,-76.978462,1.0,0,0.0,1,0,7,1,1832,159.0,0,8,0.0,1,0.0,Tupac Amaru Revolutionary Movement (MRTA)
55957,2013,7,5,0,60,10,229,1013,31.082872,34.146267,1.0,0,1.0,1,0,2,4,20,60.0,0,6,1.0,0,0.0,Muslim extremists
14325,1985,8,1,0,145,2,317,1239,12.96589,-86.231407,1.0,0,0.0,1,0,2,4,333,145.0,0,5,12.0,1,0.0,Nicaraguan Democratic Force (FDN)
73996,2016,4,22,0,147,11,140,581,7.657429,9.771966,1.0,0,1.0,1,0,2,14,27,147.0,0,5,2.0,1,0.0,Fulani extremists
1418,1973,6,5,0,603,8,161,718,54.409928,-7.172562,1.0,0,0.0,1,0,1,14,831,233.0,0,5,1.0,0,0.0,Irish Republican Army (IRA)
77775,2016,11,26,0,95,10,28,115,36.354145,43.14357,1.0,0,1.0,1,0,3,14,758,95.0,0,6,4.0,1,0.0,Islamic State of Iraq and the Levant (ISIL)
49297,2011,2,17,0,92,6,100,355,25.561362,84.309496,1.0,0,0.0,1,0,7,1,490,92.0,0,8,0.0,1,0.0,Communist Party of India - Maoist (CPI-Maoist)
17654,1987,7,18,0,603,8,161,708,54.482055,-8.088244,1.0,0,0.0,1,0,2,4,806,216.0,0,5,1.0,1,0.0,Irish Republican Army (IRA)
63917,2014,11,11,0,228,10,39,146,15.840556,48.455556,3.0,0,0.0,1,0,3,4,230,228.0,0,6,3.0,1,0.0,Al-Qaida in the Arabian Peninsula (AQAP)
76427,2016,9,12,0,45,3,272,24,5.800014,-72.196155,4.0,0,0.0,1,0,7,19,56,45.0,0,8,0.0,1,0.0,National Liberation Army of Colombia (ELN)
69404,2015,8,10,0,228,10,41,669,13.674095,46.133053,4.0,0,0.0,1,0,1,2,747,228.0,0,6,5.0,1,0.0,Houthi extremists (Ansar Allah)
48772,2010,10,19,1,92,6,102,377,19.203477,81.934532,2.0,0,0.0,1,0,6,14,510,92.0,0,5,1.0,-9,1.0,Communist Party of India - Maoist (CPI-Maoist)
11270,1983,12,16,0,145,2,316,1233,13.759041,-86.017217,1.0,0,0.0,1,0,2,4,678,145.0,0,5,3.0,1,0.0,Nicaraguan Democratic Force (FDN)
67667,2015,5,16,0,228,10,37,144,12.825647,44.846416,1.0,0,0.0,1,0,7,22,217,228.0,0,5,0.0,1,0.0,Houthi extremists (Ansar Allah)
28333,1991,9,6,0,69,8,109,456,42.63651,8.937046,1.0,0,0.0,1,0,3,2,612,69.0,0,6,0.0,1,0.0,Corsican National Liberation Front (FLNC)
45294,2008,7,28,0,95,10,24,108,33.303566,44.371773,1.0,0,1.0,1,0,3,14,210,95.0,0,6,8.0,1,0.0,Al-Qaida in Iraq
67060,2015,4,21,0,214,9,117,471,48.143208,37.753361,1.0,1,0.0,1,0,2,4,48,214.0,0,6,0.0,1,0.0,Donetsk People's Republic
5444,1979,8,9,0,97,10,335,1280,31.771599,35.2034,1.0,0,0.0,1,0,3,2,1415,97.0,0,6,1.0,1,0.0,Palestinians
7399,1981,2,22,0,61,2,125,514,13.433333,-88.7,1.0,0,0.0,1,0,2,4,672,61.0,0,5,50.0,1,0.0,Farabundo Marti National Liberation Front (FMLN)
58915,2014,3,7,0,147,11,85,300,11.923489,13.607649,1.0,0,0.0,1,0,2,14,27,147.0,0,5,17.0,1,0.0,Boko Haram
10136,1983,5,2,0,61,2,128,539,13.947352,-89.120181,1.0,0,0.0,1,0,2,4,683,61.0,0,5,1.0,1,0.0,Farabundo Marti National Liberation Front (FMLN)
51068,2012,2,16,0,182,11,52,188,2.059819,45.326115,1.0,0,1.0,1,0,2,2,317,182.0,0,5,0.0,-9,0.0,Al-Shabaab
16965,1987,4,3,0,603,8,161,697,54.607712,-5.95621,1.0,0,0.0,1,0,1,14,835,233.0,0,5,2.0,0,0.0,Irish Republican Army (IRA)
59350,2014,4,2,0,228,10,37,144,12.825647,44.846416,1.0,0,0.0,1,1,3,4,217,228.0,0,6,11.0,1,0.0,Al-Qaida in the Arabian Peninsula (AQAP)
17426,1987,6,13,0,92,6,366,1435,28.585836,77.153336,1.0,0,0.0,1,0,1,14,1657,92.0,0,5,2.0,0,0.0,Sikh Extremists
16903,1987,3,16,0,183,11,14,64,-26.160769,27.78543,1.0,0,0.0,1,0,3,3,106,183.0,0,6,0.0,1,0.0,African National Congress (South Africa)
40390,2002,10,20,0,160,5,4,15,6.929089,122.07885,1.0,0,0.0,1,0,3,14,60,160.0,0,6,1.0,1,0.0,Abu Sayyaf Group (ASG)
42321,2005,8,20,0,186,6,208,855,6.874658,79.860483,1.0,0,0.0,0,0,3,10,956,186.0,0,6,0.0,0,0.0,Liberation Tigers of Tamil Eelam (LTTE)
81110,2017,6,26,0,228,10,151,664,13.586484,44.024105,1.0,0,0.0,1,0,3,14,652,228.0,0,6,1.0,-9,0.0,Houthi extremists (Ansar Allah)
44328,2007,11,17,0,160,5,8,28,7.209594,124.241966,1.0,0,0.0,0,0,3,14,6,160.0,0,6,0.0,0,0.0,Abu Sayyaf Group (ASG)
68395,2015,6,20,0,92,6,102,437,18.340368,81.18164,1.0,1,0.0,1,0,2,3,1130,92.0,0,5,1.0,0,0.0,Maoists
62660,2014,9,9,0,147,11,145,611,12.101014,6.724175,2.0,0,1.0,1,0,6,14,27,147.0,0,5,1.0,1,1.0,Fulani extremists
51259,2012,3,5,0,95,10,23,109,34.160587,42.37254,1.0,0,1.0,1,0,2,3,20,95.0,0,5,14.0,0,0.0,Al-Qaida in Iraq
18803,1988,1,24,0,61,2,122,512,14.12458,-89.293171,1.0,0,0.0,1,0,2,4,672,61.0,0,5,15.0,1,0.0,Farabundo Marti National Liberation Front (FMLN)
14929,1985,12,19,0,603,8,161,711,54.706718,-7.592867,1.0,0,0.0,1,0,3,3,810,233.0,0,6,1.0,1,0.0,Irish Republican Army (IRA)
41885,2005,3,30,0,186,6,62,889,7.775413,81.606247,1.0,1,0.0,1,0,3,22,992,186.0,0,6,0.0,0,0.0,Liberation Tigers of Tamil Eelam (LTTE)
10337,1983,6,9,0,145,2,316,1225,14.065404,-86.024135,1.0,0,0.0,1,0,2,14,1350,145.0,0,5,18.0,1,1.0,Nicaraguan Democratic Force (FDN)
53438,2012,10,4,0,153,6,402,1576,34.567793,71.480221,2.0,0,0.0,1,0,2,4,1147,153.0,0,6,7.0,0,0.0,Tehrik-i-Taliban Pakistan (TTP)
27212,1991,5,6,0,159,3,223,925,-11.967368,-76.978462,1.0,0,0.0,0,0,3,3,1820,159.0,0,6,0.0,1,0.0,Tupac Amaru Revolutionary Movement (MRTA)
15350,1986,3,26,0,43,3,217,913,-33.366238,-70.505302,1.0,0,1.0,1,0,3,1,1045,43.0,0,6,0.0,1,0.0,Manuel Rodriguez Patriotic Front (FPMR)
57897,2013,12,31,0,228,10,37,144,12.825647,44.846416,1.0,0,1.0,1,1,3,3,217,228.0,0,6,1.0,1,0.0,Al-Qaida in the Arabian Peninsula (AQAP)
7290,1981,1,26,0,603,8,161,698,55.011562,-7.312045,1.0,0,0.0,1,0,3,14,813,216.0,0,6,1.0,1,0.0,Irish Republican Army (IRA)
24591,1990,3,30,0,159,3,223,925,-11.967368,-76.978462,1.0,0,1.0,1,0,3,1,605,159.0,0,6,0.0,1,0.0,Shining Path (SL)
54069,2012,12,18,0,153,6,399,1568,34.007206,71.983078,1.0,0,0.0,1,0,3,4,1737,153.0,0,6,0.0,-9,0.0,Tehrik-i-Taliban Pakistan (TTP)
80169,2017,5,7,0,160,5,297,1167,16.983334,122.01667,1.0,0,0.0,0,0,2,4,55,160.0,0,5,0.0,0,0.0,New People's Army (NPA)
71395,2015,11,23,0,228,10,151,24,13.413117,43.637531,4.0,0,0.0,1,0,3,19,770,228.0,0,6,0.0,1,0.0,Houthi extremists (Ansar Allah)
5217,1979,5,31,0,69,8,110,52,48.856644,2.34233,1.0,0,0.0,1,0,3,1,590,69.0,0,6,0.0,1,0.0,Corsican National Liberation Front (FLNC)
51276,2012,3,6,0,147,11,87,284,11.704399,11.088539,1.0,0,0.0,1,0,1,2,466,147.0,0,5,2.0,1,0.0,Boko Haram
20511,1988,10,15,0,183,11,13,58,-29.861824,31.008293,1.0,0,0.0,1,0,3,2,127,183.0,0,6,0.0,1,0.0,African National Congress (South Africa)
82462,2017,9,23,0,209,10,183,815,37.300035,44.572792,3.0,0,0.0,1,0,3,4,48,209.0,0,6,2.0,-9,0.0,Kurdistan Workers' Party (PKK)
43945,2007,6,13,0,95,10,27,113,34.208416,43.890713,1.0,0,1.0,1,0,3,15,207,95.0,0,6,0.0,1,0.0,Al-Qaida in Iraq
21162,1989,1,15,0,61,2,124,527,13.5,-88.866667,1.0,0,0.0,1,0,3,4,698,61.0,0,6,0.0,1,0.0,Farabundo Marti National Liberation Front (FMLN)
64169,2014,11,25,0,147,11,85,287,11.840929,13.141459,1.0,0,1.0,1,1,3,14,177,147.0,0,6,4.0,1,0.0,Boko Haram
21332,1989,2,8,0,43,3,217,913,-33.366238,-70.505302,1.0,0,0.0,1,0,1,3,1070,43.0,0,5,2.0,0,0.0,Manuel Rodriguez Patriotic Front (FPMR)
14293,1985,7,23,0,159,3,223,925,-11.967368,-76.978462,1.0,0,0.0,1,0,3,1,1576,159.0,0,6,0.0,1,0.0,Shining Path (SL)
34004,1995,3,13,0,69,8,109,453,42.874404,9.471427,1.0,0,0.0,1,0,3,14,603,69.0,0,6,0.0,1,0.0,Corsican National Liberation Front (FLNC)
15064,1986,1,20,0,159,3,223,925,-11.967368,-76.978462,1.0,0,1.0,1,0,3,1,1819,159.0,0,6,0.0,1,0.0,Tupac Amaru Revolutionary Movement (MRTA)
75177,2016,6,27,0,182,11,52,188,2.059819,45.326115,1.0,0,0.0,1,0,1,4,332,182.0,0,5,1.0,0,0.0,Al-Shabaab
29475,1992,1,16,0,603,8,161,698,55.011562,-7.312045,1.0,0,0.0,1,0,3,1,818,233.0,0,6,0.0,1,0.0,Irish Republican Army (IRA)
23612,1989,11,5,0,97,10,335,1280,31.771599,35.2034,1.0,0,0.0,0,0,1,14,1389,97.0,0,9,0.0,0,0.0,Palestinians
75271,2016,7,2,0,95,10,27,751,34.934021,44.732433,2.0,0,0.0,1,1,3,20,6,95.0,0,6,2.0,0,0.0,Islamic State of Iraq and the Levant (ISIL)
18725,1988,1,12,0,186,6,209,872,8.738157,80.477147,3.0,0,0.0,1,0,2,22,333,186.0,0,5,3.0,1,0.0,Liberation Tigers of Tamil Eelam (LTTE)
61573,2014,7,14,0,147,11,145,616,12.765936,12.765936,3.0,0,0.0,1,0,2,14,297,147.0,0,5,7.0,0,0.0,Fulani extremists
67752,2015,5,21,0,214,9,117,495,48.098675,37.663422,1.0,0,0.0,1,0,3,4,48,214.0,0,6,0.0,-9,0.0,Donetsk People's Republic
11346,1984,1,2,0,145,2,316,1202,13.642491,-86.309214,1.0,0,0.0,1,0,2,14,1338,145.0,0,5,1.0,1,0.0,Nicaraguan Democratic Force (FDN)
64823,2015,1,1,0,104,11,64,212,-1.749689,41.192947,1.0,0,0.0,1,0,2,4,59,104.0,0,5,3.0,-9,0.0,Al-Shabaab
80168,2017,5,7,0,92,6,103,1036,23.218062,88.09873,2.0,0,0.0,1,0,3,14,425,92.0,0,6,0.0,1,0.0,Muslim extremists
70494,2015,10,7,0,182,11,52,188,2.059819,45.326115,1.0,0,0.0,1,0,2,2,316,182.0,0,5,2.0,1,0.0,Al-Shabaab
42204,2005,7,21,1,95,10,24,108,33.303566,44.371773,1.0,0,0.0,1,0,6,7,197,6.0,0,5,2.0,0,1.0,Al-Qaida in Iraq
17641,1987,7,16,0,92,6,363,1428,25.47283,82.570528,1.0,0,0.0,1,0,1,2,1614,92.0,0,5,3.0,0,0.0,Sikh Extremists
29403,1992,1,6,0,92,6,364,1430,30.898024,75.860077,1.0,0,0.0,1,0,3,1,1652,92.0,0,6,0.0,1,0.0,Sikh Extremists
71595,2015,12,6,0,4,6,375,1512,32.076694,65.173805,1.0,0,0.0,1,0,2,3,20,4.0,0,5,12.0,1,0.0,Taliban
46342,2009,4,6,0,92,6,100,396,24.749905,84.370896,2.0,1,0.0,1,0,3,8,533,92.0,0,6,0.0,0,0.0,Communist Party of India - Maoist (CPI-Maoist)
51744,2012,4,21,0,228,10,41,152,13.887403,45.863647,1.0,0,0.0,1,0,3,14,13,228.0,0,6,2.0,-9,0.0,Al-Qaida in the Arabian Peninsula (AQAP)
35175,1996,3,21,0,185,8,70,242,40.465595,-3.696263,1.0,0,0.0,0,0,3,1,362,69.0,0,6,0.0,1,0.0,Basque Fatherland and Freedom (ETA)
26650,1991,2,1,0,186,6,207,888,9.719408,79.856688,1.0,0,0.0,0,0,3,4,990,186.0,0,6,0.0,1,0.0,Liberation Tigers of Tamil Eelam (LTTE)
49598,2011,5,7,0,45,3,269,1320,2.650027,-75.649575,1.0,1,0.0,0,0,3,14,1474,45.0,0,6,0.0,0,0.0,Revolutionary Armed Forces of Colombia (FARC)
48648,2010,9,18,0,4,6,379,1534,34.467964,70.491493,1.0,0,0.0,1,0,3,2,1714,4.0,0,6,0.0,1,0.0,Taliban
28498,1991,9,26,0,159,3,223,925,-11.967368,-76.978462,1.0,0,1.0,1,0,3,1,605,159.0,0,6,0.0,1,0.0,Shining Path (SL)
29758,1992,2,29,0,97,10,335,1280,31.771599,35.2034,1.0,0,0.0,1,0,7,2,1421,97.0,0,8,0.0,1,0.0,Palestinians
7766,1981,6,24,0,185,8,75,256,42.815372,-1.653616,1.0,0,0.0,1,0,3,8,389,185.0,0,6,0.0,1,0.0,Basque Fatherland and Freedom (ETA)
69384,2015,8,9,0,209,10,181,24,39.10617,39.548259,4.0,0,0.0,0,0,2,4,930,209.0,0,5,0.0,-9,0.0,Kurdistan Workers' Party (PKK)
16193,1986,9,13,0,145,2,325,1228,12.893423,-85.136456,1.0,0,0.0,1,0,2,4,672,145.0,0,5,2.0,1,0.0,Nicaraguan Democratic Force (FDN)
36643,1997,11,14,0,186,6,208,855,6.952452,79.877983,1.0,0,1.0,1,0,3,21,994,186.0,0,6,0.0,1,0.0,Liberation Tigers of Tamil Eelam (LTTE)
71929,2015,12,26,0,182,11,52,188,2.059819,45.326115,1.0,0,0.0,1,0,1,4,331,182.0,0,5,1.0,0,0.0,Al-Shabaab
81777,2017,8,5,0,147,11,142,605,7.95745,5.547937,1.0,0,0.0,1,0,1,2,735,147.0,0,5,1.0,0,0.0,Fulani extremists
27368,1991,5,27,0,159,3,223,925,-11.967368,-76.978462,1.0,0,0.0,1,0,3,2,1815,159.0,0,6,0.0,1,0.0,Tupac Amaru Revolutionary Movement (MRTA)
19313,1988,4,12,0,159,3,358,1144,-9.147417,-78.280093,1.0,0,0.0,1,0,2,3,12,159.0,0,5,1.0,1,0.0,Shining Path (SL)
75463,2016,7,14,0,160,5,1,4,5.965263,120.983076,1.0,0,0.0,1,0,2,4,4,160.0,0,5,3.0,0,0.0,Abu Sayyaf Group (ASG)
6243,1980,2,16,0,185,8,67,240,43.291618,-1.977903,1.0,0,0.0,1,0,1,1,387,185.0,0,5,1.0,0,0.0,Basque Fatherland and Freedom (ETA)
76303,2016,9,5,0,200,10,168,749,33.514722,36.124722,1.0,0,1.0,1,1,3,14,13,200.0,0,6,3.0,-9,0.0,Islamic State of Iraq and the Levant (ISIL)
17495,1987,6,23,0,160,5,279,1109,15.544809,120.763556,1.0,0,0.0,1,0,5,14,1271,160.0,0,5,0.0,1,1.0,New People's Army (NPA)
8387,1982,2,12,0,69,8,111,457,43.529742,5.447427,1.0,0,0.0,1,0,3,14,618,69.0,0,6,0.0,1,0.0,Corsican National Liberation Front (FLNC)
62449,2014,8,25,1,214,9,117,474,47.858047,38.221877,1.0,0,0.0,1,0,6,10,645,214.0,0,6,0.0,1,1.0,Donetsk People's Republic
21992,1989,4,24,0,185,8,74,259,41.634202,-1.27299,1.0,0,0.0,1,0,3,19,395,185.0,0,6,0.0,1,0.0,Basque Fatherland and Freedom (ETA)
6579,1980,5,2,0,155,10,333,1293,31.530243,35.094162,1.0,0,0.0,1,0,3,14,1418,97.0,0,5,4.0,1,0.0,Palestinians
47668,2010,2,23,0,92,6,100,367,24.749905,84.370896,2.0,1,1.0,1,0,7,1,501,92.0,0,8,0.0,1,0.0,Communist Party of India - Maoist (CPI-Maoist)
9351,1982,10,27,0,61,2,126,24,13.864829,-88.7494,4.0,0,0.0,1,0,2,4,672,61.0,0,5,76.0,1,0.0,Farabundo Marti National Liberation Front (FMLN)
18411,1987,11,6,0,61,2,124,24,13.495364,-88.979678,4.0,0,0.0,1,0,3,21,674,61.0,0,6,0.0,1,0.0,Farabundo Marti National Liberation Front (FMLN)
59457,2014,4,7,0,95,10,29,761,35.252529,43.906586,1.0,0,1.0,0,0,1,14,889,95.0,0,6,0.0,1,0.0,Islamic State of Iraq and the Levant (ISIL)
7701,1981,5,27,0,183,11,13,58,-29.861824,31.008293,1.0,0,0.0,1,0,3,4,126,183.0,0,6,0.0,1,0.0,African National Congress (South Africa)
82005,2017,8,21,0,160,5,0,25,6.516151,121.910015,1.0,0,1.0,1,0,2,14,27,160.0,0,5,5.0,1,0.0,Abu Sayyaf Group (ASG)
37972,2000,3,26,0,45,3,344,1339,4.29692,-74.80707,1.0,0,0.0,1,0,3,14,1495,45.0,0,6,1.0,1,0.0,Revolutionary Armed Forces of Colombia (FARC)
18089,1987,9,18,0,92,6,367,1448,28.960965,79.515377,2.0,0,0.0,1,0,1,14,1634,92.0,0,5,4.0,0,0.0,Sikh Extremists
5501,1979,8,27,0,603,8,161,706,54.102813,-6.259412,1.0,0,0.0,1,0,3,4,798,216.0,0,6,0.0,1,0.0,Irish Republican Army (IRA)
50784,2012,1,7,0,95,10,33,1037,33.057991,44.354839,1.0,0,0.0,1,0,3,14,182,95.0,0,6,2.0,0,0.0,Muslim extremists
16849,1987,3,6,0,159,3,223,925,-11.967368,-76.978462,1.0,0,1.0,1,0,3,1,1811,159.0,0,6,0.0,1,0.0,Tupac Amaru Revolutionary Movement (MRTA)
35539,1996,7,28,0,160,5,0,16,6.700414,121.972557,1.0,0,0.0,1,0,2,4,41,160.0,0,5,4.0,1,0.0,Abu Sayyaf Group (ASG)
64867,2015,1,3,0,214,9,117,500,47.26136,37.744514,1.0,0,0.0,1,0,3,4,643,214.0,0,6,0.0,-9,0.0,Donetsk People's Republic
30833,1992,7,25,0,45,3,261,1093,7.894195,-72.503885,1.0,0,0.0,1,0,3,6,1241,45.0,0,6,0.0,1,0.0,National Liberation Army of Colombia (ELN)
45564,2008,9,28,1,153,6,364,1563,33.766336,72.357344,1.0,0,0.0,1,0,2,14,1733,161.0,0,5,4.0,0,1.0,Tehrik-i-Taliban Pakistan (TTP)
10212,1983,5,20,0,183,11,14,87,-25.748281,28.212069,1.0,0,0.0,1,0,3,4,144,183.0,0,6,19.0,1,0.0,African National Congress (South Africa)
41478,2004,7,6,0,141,6,213,971,27.708754,85.329498,1.0,0,0.0,0,0,2,3,1128,141.0,0,5,0.0,0,0.0,Maoists
43503,2007,1,14,0,45,3,261,1329,8.21121,-73.23843,1.0,0,0.0,1,0,3,3,1486,45.0,0,6,5.0,0,0.0,Revolutionary Armed Forces of Colombia (FARC)
64204,2014,11,27,1,4,6,383,1544,31.859575,64.200998,3.0,0,0.0,1,1,3,4,1724,4.0,0,6,26.0,1,0.0,Taliban
55995,2013,7,7,0,160,5,302,1162,13.071,123.598,1.0,0,1.0,1,0,2,4,1309,160.0,0,5,0.0,0,0.0,New People's Army (NPA)
46908,2009,7,29,0,185,8,79,266,42.340892,-3.699762,1.0,0,0.0,1,0,3,3,413,185.0,0,6,0.0,1,0.0,Basque Fatherland and Freedom (ETA)
35099,1996,2,25,0,45,3,264,24,6.2675,-75.568611,4.0,0,0.0,1,0,3,21,1234,45.0,0,6,0.0,1,0.0,National Liberation Army of Colombia (ELN)
51249,2012,3,4,0,153,6,399,1590,31.834328,70.90905,1.0,0,0.0,1,1,3,3,1755,153.0,0,6,1.0,1,0.0,Tehrik-i-Taliban Pakistan (TTP)
39070,2001,5,6,0,185,8,74,251,41.656285,-0.876533,1.0,0,0.0,1,0,1,2,374,185.0,0,5,1.0,0,0.0,Basque Fatherland and Freedom (ETA)
63072,2014,9,27,0,214,9,117,480,48.020912,37.529469,1.0,0,1.0,1,0,3,4,48,214.0,0,6,1.0,-9,0.0,Donetsk People's Republic
21610,1989,3,4,0,92,6,364,1461,31.326015,75.576183,3.0,0,0.0,1,0,2,14,27,92.0,0,5,2.0,1,0.0,Sikh Extremists
17019,1987,4,12,0,145,2,316,1199,13.564251,-86.02984,1.0,0,1.0,1,0,3,21,1364,145.0,0,6,0.0,1,0.0,Nicaraguan Democratic Force (FDN)
36995,1998,8,4,0,45,3,264,1072,6.242026,-75.564766,1.0,0,1.0,1,0,3,4,1206,45.0,0,6,0.0,1,0.0,National Liberation Army of Colombia (ELN)
42612,2006,1,19,0,69,8,109,440,41.930607,8.742907,1.0,0,0.0,1,0,3,3,588,69.0,0,6,0.0,1,0.0,Corsican National Liberation Front (FLNC)
22472,1989,7,7,0,92,6,364,1443,31.633078,74.878288,1.0,1,0.0,1,0,2,3,333,92.0,0,5,1.0,1,0.0,Sikh Extremists
15090,1986,1,22,0,159,3,223,925,-11.967368,-76.978462,1.0,0,0.0,1,0,3,1,1821,159.0,0,6,0.0,1,0.0,Tupac Amaru Revolutionary Movement (MRTA)
35063,1996,2,11,0,186,6,209,870,8.349393,81.285949,1.0,0,0.0,1,0,2,4,806,186.0,0,5,3.0,1,0.0,Liberation Tigers of Tamil Eelam (LTTE)
18337,1987,10,29,0,69,8,109,448,42.6042,8.929852,1.0,0,1.0,1,0,3,14,595,21.0,0,6,0.0,1,0.0,Corsican National Liberation Front (FLNC)
78992,2017,2,16,0,95,10,28,115,36.354145,43.14357,1.0,0,0.0,1,0,3,8,51,95.0,0,6,2.0,-9,0.0,Islamic State of Iraq and the Levant (ISIL)
789,1971,12,4,0,603,8,161,697,54.607712,-5.95621,1.0,0,0.0,1,0,1,4,784,216.0,0,5,1.0,0,0.0,Irish Republican Army (IRA)
47421,2009,12,8,0,95,10,24,108,33.303566,44.371773,1.0,0,1.0,1,1,3,2,185,95.0,0,6,27.0,-9,0.0,Al-Qaida in Iraq
22679,1989,8,9,0,92,6,365,1432,29.685693,76.990483,1.0,0,0.0,1,0,3,19,1335,92.0,0,6,13.0,1,0.0,Sikh Extremists
30292,1992,5,10,0,45,3,264,1072,6.242026,-75.564766,1.0,0,0.0,1,0,3,1,1473,198.0,0,6,0.0,1,0.0,Revolutionary Armed Forces of Colombia (FARC)
63793,2014,11,2,0,147,11,88,288,7.78811,6.729729,1.0,0,0.0,1,0,3,3,443,147.0,0,6,1.0,1,0.0,Boko Haram
16436,1986,11,15,0,61,2,130,529,13.516667,-88.383333,1.0,0,1.0,1,0,3,21,692,61.0,0,6,0.0,1,0.0,Farabundo Marti National Liberation Front (FMLN)
19649,1988,5,28,0,43,3,217,913,-33.366238,-70.505302,1.0,0,0.0,0,0,1,4,1072,43.0,0,6,0.0,0,0.0,Manuel Rodriguez Patriotic Front (FPMR)
76818,2016,10,3,0,92,6,100,403,24.441105,84.548528,1.0,0,0.0,1,0,2,3,540,92.0,0,5,1.0,0,0.0,Communist Party of India - Maoist (CPI-Maoist)
74350,2016,5,11,0,123,11,139,1010,16.272278,-0.048965,1.0,1,0.0,1,0,3,4,258,123.0,0,6,2.0,1,0.0,Muslim extremists
36364,1997,7,4,0,45,3,264,1335,7.883605,-76.631923,1.0,1,1.0,1,0,2,19,56,45.0,0,8,0.0,1,0.0,Revolutionary Armed Forces of Colombia (FARC)
62399,2014,8,23,0,228,10,39,162,15.9486,48.750902,2.0,0,0.0,1,0,3,4,258,228.0,0,6,3.0,1,0.0,Al-Qaida in the Arabian Peninsula (AQAP)
67074,2015,4,23,0,123,11,233,1017,15.168486,-4.431083,1.0,0,0.0,1,0,1,2,1159,123.0,0,5,1.0,0,0.0,Muslim extremists
26533,1991,1,14,0,159,3,223,925,-11.967368,-76.978462,1.0,0,0.0,1,0,3,2,1840,159.0,0,6,1.0,1,0.0,Tupac Amaru Revolutionary Movement (MRTA)
61608,2014,7,16,0,182,11,50,208,1.716188,44.768864,1.0,0,0.0,1,0,3,4,298,422.0,0,6,1.0,-9,0.0,Al-Shabaab
65761,2015,2,11,1,45,3,262,1064,6.067805,-77.164991,2.0,1,0.0,1,0,6,14,13,45.0,0,5,1.0,0,1.0,National Liberation Army of Colombia (ELN)
13910,1985,5,20,0,145,2,319,1235,12.10629,-85.36452,1.0,0,0.0,1,0,2,2,1355,145.0,0,5,0.0,1,0.0,Nicaraguan Democratic Force (FDN)
51488,2012,3,31,0,147,11,87,289,11.864978,11.070571,1.0,0,1.0,1,0,2,3,282,147.0,0,5,1.0,1,0.0,Boko Haram
28278,1991,8,29,0,61,2,127,515,13.678617,-89.268102,1.0,0,0.0,1,0,3,3,675,61.0,0,6,0.0,1,0.0,Farabundo Marti National Liberation Front (FMLN)
81444,2017,7,16,0,95,10,25,741,34.399525,45.142685,1.0,0,0.0,1,0,3,14,250,95.0,0,6,0.0,1,0.0,Islamic State of Iraq and the Levant (ISIL)
64565,2014,12,19,1,45,3,278,1318,3.012639,-76.482881,2.0,0,0.0,1,0,6,4,1468,45.0,0,6,5.0,0,1.0,Revolutionary Armed Forces of Colombia (FARC)
19985,1988,7,18,0,159,3,352,1383,-13.163874,-74.223564,2.0,1,1.0,1,0,3,21,1585,159.0,0,6,0.0,1,0.0,Shining Path (SL)
69134,2015,7,27,0,173,10,154,670,16.576572,43.093524,1.0,0,0.0,1,0,3,14,652,173.0,0,6,0.0,-9,0.0,Houthi extremists (Ansar Allah)
54875,2013,3,18,0,160,5,283,1114,7.578889,125.998056,1.0,0,1.0,1,0,3,3,85,160.0,0,6,0.0,0,0.0,New People's Army (NPA)
20101,1988,8,3,0,183,11,14,57,-26.184113,28.033232,1.0,0,0.0,1,0,3,4,108,183.0,0,6,0.0,1,0.0,African National Congress (South Africa)
76406,2016,9,12,0,228,10,151,664,13.586484,44.024105,1.0,0,0.0,1,0,3,14,768,228.0,0,6,1.0,1,0.0,Houthi extremists (Ansar Allah)
57270,2013,10,30,0,123,11,139,1010,16.273716,-0.050415,1.0,0,0.0,1,0,3,6,777,123.0,0,6,0.0,0,0.0,Muslim extremists
73706,2016,4,5,0,4,6,388,1506,36.035538,68.643112,1.0,0,0.0,1,0,2,3,1698,4.0,0,5,7.0,0,0.0,Taliban
2535,1976,1,17,0,603,8,161,697,54.607712,-5.95621,1.0,0,0.0,1,0,1,14,819,233.0,0,5,1.0,0,0.0,Irish Republican Army (IRA)
64063,2014,11,18,0,160,5,280,1110,8.818475,125.69826,1.0,0,0.0,1,0,2,4,12,160.0,0,5,2.0,0,0.0,New People's Army (NPA)
19892,1988,7,2,0,183,11,14,57,-26.184113,28.033232,1.0,0,0.0,1,0,3,14,116,183.0,0,6,2.0,1,0.0,African National Congress (South Africa)
79524,2017,3,23,0,173,10,159,687,17.651777,43.526192,1.0,0,0.0,1,0,3,3,249,173.0,0,6,1.0,-9,0.0,Houthi extremists (Ansar Allah)
24207,1990,2,9,0,155,10,336,1281,31.502407,34.459743,1.0,0,0.0,1,0,1,14,1433,155.0,0,9,1.0,0,0.0,Palestinians
20071,1988,7,30,0,92,6,225,1456,20.946702,72.952035,1.0,0,0.0,1,0,1,2,1645,92.0,0,5,7.0,0,0.0,Sikh Extremists
8600,1982,4,13,0,97,10,333,1300,32.243008,35.456097,1.0,0,0.0,1,0,2,4,790,97.0,0,5,1.0,1,0.0,Palestinians
57950,2014,1,4,0,182,11,52,188,2.059819,45.326115,1.0,0,0.0,1,0,3,2,307,182.0,0,6,2.0,-9,0.0,Al-Shabaab
35322,1996,5,20,0,185,8,68,236,37.884727,-4.779152,1.0,0,1.0,0,0,3,3,354,185.0,0,6,0.0,1,0.0,Basque Fatherland and Freedom (ETA)
53653,2012,10,26,0,147,11,85,287,11.840929,13.141459,1.0,0,0.0,1,0,2,2,449,147.0,0,5,1.0,1,0.0,Boko Haram
64924,2015,1,7,0,228,10,42,149,15.325443,44.211895,1.0,0,0.0,1,1,3,3,260,228.0,0,6,38.0,1,0.0,Al-Qaida in the Arabian Peninsula (AQAP)
60193,2014,5,14,0,92,6,105,363,18.343586,81.882528,3.0,0,0.0,1,0,3,4,783,92.0,0,6,0.0,0,0.0,Maoists
54065,2012,12,18,0,92,6,100,944,24.528349,84.590579,1.0,1,0.0,1,0,3,4,48,92.0,0,6,0.0,0,0.0,Maoists
32101,1992,12,16,0,45,3,345,913,1.14646,-77.00389,1.0,0,0.0,1,0,2,4,333,45.0,0,5,8.0,1,0.0,Revolutionary Armed Forces of Colombia (FARC)
12311,1984,6,8,0,145,2,327,1232,12.509204,-86.661108,4.0,0,0.0,1,0,2,14,1354,145.0,0,5,0.0,1,0.0,Nicaraguan Democratic Force (FDN)
30103,1992,4,13,0,159,3,404,1625,-12.050934,-77.126044,1.0,0,0.0,1,0,3,3,628,159.0,0,6,4.0,1,0.0,Tupac Amaru Revolutionary Movement (MRTA)
47206,2009,10,13,0,92,6,100,404,25.195693,86.541023,2.0,0,0.0,1,0,7,1,541,92.0,0,8,0.0,1,0.0,Communist Party of India - Maoist (CPI-Maoist)
70145,2015,9,17,0,95,10,24,108,33.303566,44.371773,1.0,0,1.0,1,1,3,3,20,95.0,0,6,6.0,-9,0.0,Islamic State of Iraq and the Levant (ISIL)
64837,2015,1,2,0,147,11,89,597,9.228089,8.460458,2.0,0,0.0,1,0,2,14,27,147.0,0,5,15.0,1,0.0,Fulani extremists
64784,2014,12,31,0,4,6,379,1523,34.289704,70.770203,3.0,0,0.0,1,1,3,2,317,4.0,0,6,5.0,-9,0.0,Taliban
15153,1986,2,4,0,145,2,329,1238,12.293445,-84.411145,3.0,1,0.0,1,0,2,4,672,145.0,0,5,1.0,1,0.0,Nicaraguan Democratic Force (FDN)
53206,2012,9,9,0,95,10,29,111,35.45211,44.375465,1.0,1,1.0,1,0,3,14,13,95.0,0,6,3.0,0,0.0,Al-Qaida in Iraq
57639,2013,12,7,0,228,10,150,685,17.04146,44.107291,3.0,0,1.0,1,0,3,15,198,228.0,0,6,0.0,1,0.0,Houthi extremists (Ansar Allah)
29501,1992,1,20,0,186,6,207,864,7.716666,81.700188,3.0,0,0.0,1,0,3,2,984,186.0,0,6,0.0,1,0.0,Liberation Tigers of Tamil Eelam (LTTE)
24347,1990,3,5,0,45,3,264,1076,6.15782,-75.6436,1.0,0,0.0,1,0,1,14,1211,45.0,0,5,1.0,0,0.0,National Liberation Army of Colombia (ELN)
58278,2014,1,26,0,92,6,101,965,23.165614,84.516234,3.0,0,0.0,1,0,7,14,1119,92.0,0,8,0.0,1,0.0,Maoists
83138,2017,11,15,0,147,11,85,321,11.53955,13.155654,2.0,0,1.0,1,1,3,14,345,147.0,0,6,5.0,1,0.0,Boko Haram
60507,2014,5,29,0,228,10,39,153,14.533328,49.133252,1.0,0,0.0,1,0,2,2,239,228.0,0,5,2.0,1,0.0,Al-Qaida in the Arabian Peninsula (AQAP)
31904,1992,11,25,0,45,3,268,1074,7.116294,-73.120026,1.0,0,0.0,1,0,3,1,1222,45.0,0,6,0.0,1,0.0,National Liberation Army of Colombia (ELN)
41271,2004,2,16,0,160,5,285,1118,12.21814,123.50951,1.0,1,1.0,1,0,2,3,1280,160.0,0,5,10.0,0,0.0,New People's Army (NPA)
20316,1988,9,13,0,186,6,207,878,6.872087,81.72263,1.0,0,0.0,1,0,3,3,377,186.0,0,6,8.0,1,0.0,Liberation Tigers of Tamil Eelam (LTTE)
31805,1992,11,12,0,159,3,223,925,-11.967368,-76.978462,1.0,0,0.0,1,0,3,1,1551,159.0,0,6,0.0,1,0.0,Shining Path (SL)
18322,1987,10,26,0,159,3,223,925,-11.967368,-76.978462,1.0,0,0.0,1,0,3,2,1810,159.0,0,6,0.0,1,0.0,Tupac Amaru Revolutionary Movement (MRTA)
69327,2015,8,6,0,209,10,182,819,37.331478,42.185897,3.0,0,0.0,1,0,3,14,924,209.0,0,6,1.0,-9,0.0,Kurdistan Workers' Party (PKK)
67026,2015,4,20,0,147,11,140,628,7.408062,10.0759,2.0,0,1.0,1,0,2,14,27,147.0,0,5,5.0,1,0.0,Fulani extremists
54635,2013,2,17,0,95,10,24,108,33.303566,44.371773,1.0,0,1.0,1,0,3,14,13,95.0,0,6,4.0,-9,0.0,Al-Qaida in Iraq
53674,2012,10,24,0,147,11,87,284,11.704399,11.088539,1.0,0,1.0,1,0,7,8,51,147.0,0,8,0.0,1,0.0,Boko Haram
8919,1982,7,12,0,159,3,352,1397,-14.385277,-73.962606,1.0,0,0.0,1,0,2,3,1589,159.0,0,5,1.0,1,0.0,Shining Path (SL)
52268,2012,6,12,0,147,11,85,24,12.12052,13.174035,4.0,0,0.0,1,0,2,3,12,147.0,0,5,3.0,0,0.0,Boko Haram
36013,1997,1,9,0,69,8,109,455,42.657985,9.414215,1.0,0,0.0,1,0,3,2,611,69.0,0,6,0.0,1,0.0,Corsican National Liberation Front (FLNC)
29514,1992,1,22,0,603,8,161,698,55.011562,-7.312045,1.0,0,0.0,1,0,3,1,785,233.0,0,6,0.0,1,0.0,Irish Republican Army (IRA)
11470,1984,1,26,0,159,3,352,1383,-13.152712,-74.218628,1.0,0,0.0,1,0,1,14,1581,159.0,0,5,1.0,0,0.0,Shining Path (SL)
17214,1987,5,5,0,61,2,125,523,13.64121,-88.785423,1.0,0,1.0,1,0,2,4,678,61.0,0,5,2.0,1,0.0,Farabundo Marti National Liberation Front (FMLN)
5252,1979,6,8,0,69,8,110,52,48.856644,2.34233,1.0,0,0.0,1,0,7,1,597,69.0,0,8,0.0,1,0.0,Corsican National Liberation Front (FLNC)
56611,2013,8,30,0,60,10,229,1018,31.126646,33.800865,1.0,0,0.0,1,0,3,1,601,60.0,0,6,0.0,1,0.0,Muslim extremists
50563,2011,11,30,0,92,6,101,405,22.672439,85.072696,1.0,0,0.0,1,0,1,14,542,92.0,0,5,1.0,0,1.0,Communist Party of India - Maoist (CPI-Maoist)
70882,2015,10,26,0,160,5,0,5,6.649966,122.133527,1.0,0,0.0,0,0,3,20,6,160.0,0,6,0.0,0,0.0,Abu Sayyaf Group (ASG)
49471,2011,4,2,0,45,3,345,1334,0.667105,-76.871354,1.0,1,0.0,1,0,3,21,1492,45.0,0,6,0.0,1,0.0,Revolutionary Armed Forces of Colombia (FARC)
72787,2016,2,11,0,147,11,147,624,6.835866,7.234769,1.0,0,0.0,1,0,2,14,27,147.0,0,5,2.0,1,0.0,Fulani extremists
69860,2015,9,1,0,147,11,85,285,11.156907,12.756605,2.0,0,1.0,1,0,2,14,13,147.0,0,6,17.0,0,0.0,Boko Haram
46058,2009,1,25,0,92,6,102,356,18.9,81.35,1.0,0,0.0,1,0,7,14,491,92.0,0,8,0.0,1,0.0,Communist Party of India - Maoist (CPI-Maoist)
61057,2014,6,25,0,45,3,265,1066,4.667128,-74.106056,1.0,0,1.0,1,0,3,20,6,45.0,0,6,0.0,1,0.0,Revolutionary Armed Forces of Colombia (FARC)
25332,1990,7,6,0,209,10,182,794,37.330592,42.187274,1.0,0,0.0,1,0,2,3,250,209.0,0,5,1.0,1,0.0,Kurdistan Workers' Party (PKK)
44694,2008,4,2,0,95,10,25,110,33.74324,44.623825,1.0,0,0.0,1,0,3,14,190,95.0,0,6,0.0,1,0.0,Al-Qaida in Iraq
58392,2014,2,3,0,182,11,52,188,2.059819,45.326115,1.0,0,1.0,1,0,3,14,297,182.0,0,6,0.0,0,0.0,Al-Shabaab
16371,1986,11,2,0,183,11,16,81,-25.474193,30.969455,1.0,1,0.0,1,0,3,4,134,183.0,0,6,1.0,1,0.0,African National Congress (South Africa)
20492,1988,10,11,0,92,6,364,1429,30.450829,74.882875,1.0,0,0.0,1,0,1,2,1615,92.0,0,5,2.0,0,0.0,Sikh Extremists
7068,1980,10,14,0,61,2,121,511,13.69288,-89.199161,1.0,0,0.0,1,0,7,2,709,61.0,0,8,1.0,1,0.0,Farabundo Marti National Liberation Front (FMLN)
16750,1987,2,15,0,45,3,346,1352,4.06052,-74.692318,1.0,0,0.0,1,0,2,3,1509,45.0,0,5,1.0,1,0.0,Revolutionary Armed Forces of Colombia (FARC)
50973,2012,2,1,0,92,6,101,938,23.846121,84.816828,1.0,0,0.0,1,0,3,3,1099,92.0,0,6,3.0,1,0.0,Maoists
46882,2009,7,27,0,4,6,379,1504,34.623611,70.603333,2.0,1,0.0,1,0,2,14,13,4.0,0,5,0.0,-9,0.0,Taliban
57022,2013,10,6,0,228,10,42,149,15.325443,44.211895,1.0,0,0.0,0,0,6,7,245,75.0,0,5,1.0,0,0.0,Al-Qaida in the Arabian Peninsula (AQAP)
69538,2015,8,16,0,209,10,186,795,40.871254,43.458685,1.0,1,0.0,1,0,3,4,48,209.0,0,6,4.0,-9,0.0,Kurdistan Workers' Party (PKK)
70784,2015,10,20,0,92,6,105,936,19.311728,84.691057,1.0,0,0.0,0,0,3,20,6,92.0,0,6,0.0,0,0.0,Maoists
19253,1988,3,29,0,43,3,217,913,-33.366238,-70.505302,1.0,0,1.0,1,0,2,19,56,43.0,0,8,0.0,1,0.0,Manuel Rodriguez Patriotic Front (FPMR)
46320,2009,4,2,0,92,6,101,398,24.080548,85.486537,1.0,0,1.0,1,0,3,14,535,92.0,0,6,0.0,1,0.0,Communist Party of India - Maoist (CPI-Maoist)
65689,2015,2,9,0,147,11,136,585,7.689167,9.250278,3.0,0,1.0,1,0,2,14,27,147.0,0,5,1.0,1,0.0,Fulani extremists
33088,1994,5,31,0,209,10,197,24,37.927404,41.941978,1.0,0,0.0,1,0,2,4,333,209.0,0,5,0.0,1,0.0,Kurdistan Workers' Party (PKK)
56579,2013,8,27,0,182,11,58,214,4.73538,45.2024,1.0,0,0.0,1,0,3,4,333,65.0,0,6,0.0,1,0.0,Al-Shabaab
67249,2015,4,29,0,228,10,37,144,12.825647,44.846416,1.0,0,0.0,1,0,2,14,758,228.0,0,6,12.0,1,0.0,Houthi extremists (Ansar Allah)
15425,1986,4,3,0,159,3,223,925,-11.967368,-76.978462,1.0,0,0.0,1,0,3,1,1809,217.0,0,6,0.0,1,0.0,Tupac Amaru Revolutionary Movement (MRTA)
9720,1983,1,27,0,159,3,357,1395,-17.360278,-69.701111,2.0,0,0.0,0,0,3,19,1568,159.0,0,6,17.0,0,0.0,Shining Path (SL)
80283,2017,5,14,0,147,11,141,612,9.270173,5.105799,2.0,0,0.0,1,0,2,15,198,147.0,0,5,27.0,-9,0.0,Fulani extremists
13665,1985,4,30,0,92,6,368,1449,30.733315,76.779418,1.0,0,0.0,0,0,3,15,1637,92.0,0,6,0.0,0,0.0,Sikh Extremists
55955,2013,7,5,0,60,10,229,1007,31.212225,34.117065,1.0,0,1.0,1,0,2,4,20,60.0,0,6,1.0,0,0.0,Muslim extremists
28733,1991,10,20,0,92,6,364,1430,30.898024,75.860077,1.0,1,1.0,1,0,7,1,581,92.0,0,8,0.0,1,0.0,Sikh Extremists
40831,2003,4,18,0,45,3,346,1341,3.538611,-74.896111,1.0,0,0.0,1,0,2,4,1496,45.0,0,5,3.0,0,0.0,Revolutionary Armed Forces of Colombia (FARC)
26494,1991,1,7,0,92,6,103,1464,23.332078,86.365208,1.0,0,0.0,1,0,2,3,333,92.0,0,5,0.0,1,0.0,Sikh Extremists
28199,1991,8,19,0,61,2,119,517,13.883333,-88.966667,1.0,0,0.0,1,0,2,4,333,61.0,0,5,11.0,1,0.0,Farabundo Marti National Liberation Front (FMLN)
20499,1988,10,12,0,603,8,161,697,54.607712,-5.95621,1.0,0,0.0,1,0,1,3,846,233.0,0,5,1.0,0,0.0,Irish Republican Army (IRA)
33262,1994,7,20,0,45,3,348,1351,0.74522,-75.23414,1.0,0,0.0,1,0,2,3,282,45.0,0,8,0.0,1,0.0,Revolutionary Armed Forces of Colombia (FARC)
22677,1989,8,8,0,92,6,230,1451,32.726602,74.857026,1.0,0,0.0,1,0,2,14,1638,92.0,0,5,6.0,1,0.0,Sikh Extremists
79632,2017,3,30,0,95,10,28,115,36.354145,43.14357,1.0,0,0.0,1,0,3,14,177,95.0,0,6,7.0,1,0.0,Islamic State of Iraq and the Levant (ISIL)
25283,1990,6,26,0,159,3,351,1382,-9.642799,-76.773677,2.0,0,0.0,1,0,2,14,1546,159.0,0,5,0.0,1,0.0,Shining Path (SL)
64839,2015,1,2,0,147,11,89,602,9.636866,8.499615,3.0,0,0.0,1,0,1,14,734,147.0,0,5,1.0,1,0.0,Fulani extremists
38154,2000,6,14,0,186,6,208,893,6.978143,79.889327,1.0,0,0.0,0,1,3,4,1000,186.0,0,6,3.0,-9,0.0,Liberation Tigers of Tamil Eelam (LTTE)
18092,1987,9,19,0,45,3,269,24,2.535935,-75.52767,4.0,0,0.0,1,0,2,4,1463,45.0,0,5,2.0,1,0.0,Revolutionary Armed Forces of Colombia (FARC)
75062,2016,6,21,0,147,11,136,572,7.761622,9.087509,1.0,0,1.0,1,0,2,14,27,147.0,0,5,1.0,1,0.0,Fulani extremists
31239,1992,9,12,0,209,10,188,821,39.550266,44.077301,1.0,0,0.0,1,0,2,4,333,209.0,0,5,4.0,1,0.0,Kurdistan Workers' Party (PKK)
68282,2015,6,15,0,4,6,378,1519,32.443855,62.147739,2.0,0,1.0,1,0,2,4,48,4.0,0,6,1.0,1,0.0,Taliban
16249,1986,9,30,0,45,3,264,1106,6.43711,-75.3313,1.0,0,0.0,1,0,1,2,1480,45.0,0,5,1.0,0,0.0,Revolutionary Armed Forces of Colombia (FARC)
43340,2006,10,2,0,186,6,207,860,6.875271,81.830633,1.0,0,0.0,1,0,2,3,961,186.0,0,5,1.0,0,0.0,Liberation Tigers of Tamil Eelam (LTTE)
17416,1987,6,13,0,145,2,316,556,13.6772,-86.3153,1.0,0,0.0,1,0,3,16,1363,145.0,0,6,0.0,1,0.0,Nicaraguan Democratic Force (FDN)
21774,1989,3,29,0,159,3,223,925,-11.967368,-76.978462,1.0,0,0.0,1,0,3,1,205,159.0,0,6,0.0,1,0.0,Tupac Amaru Revolutionary Movement (MRTA)
77138,2016,10,21,0,173,10,155,676,17.554939,44.232357,1.0,0,0.0,1,0,2,14,447,173.0,0,6,0.0,-9,0.0,Houthi extremists (Ansar Allah)
27675,1991,7,2,0,61,2,119,535,13.95,-88.63333,1.0,0,0.0,1,0,2,3,333,61.0,0,5,2.0,1,0.0,Farabundo Marti National Liberation Front (FMLN)
76136,2016,8,25,0,95,10,23,739,33.410797,43.561432,1.0,0,0.0,1,1,3,4,0,95.0,0,6,6.0,0,0.0,Islamic State of Iraq and the Levant (ISIL)
81282,2017,7,3,0,4,6,380,1494,36.529036,68.894971,3.0,0,0.0,1,0,2,14,13,4.0,0,5,3.0,0,0.0,Taliban
69975,2015,9,8,0,182,11,50,186,1.789637,44.529976,1.0,0,0.0,1,0,6,4,249,182.0,0,5,19.0,0,1.0,Al-Shabaab
78051,2016,12,15,0,182,11,52,188,2.059819,45.326115,1.0,0,1.0,0,1,1,1,205,182.0,0,6,1.0,1,0.0,Al-Shabaab
64937,2015,1,7,0,113,10,232,1016,32.755737,12.723051,1.0,0,0.0,1,0,7,2,1158,113.0,0,8,0.0,1,0.0,Muslim extremists
47666,2010,2,23,0,92,6,107,409,18.286666,82.586806,1.0,0,0.0,1,0,7,16,545,92.0,0,8,0.0,1,0.0,Communist Party of India - Maoist (CPI-Maoist)
77540,2016,11,14,0,160,5,0,14,6.601768,122.17325,1.0,0,0.0,1,0,3,4,15,160.0,0,6,0.0,0,0.0,Abu Sayyaf Group (ASG)
40722,2003,3,13,0,92,6,230,1008,33.371715,74.315313,1.0,0,0.0,1,0,3,19,1156,92.0,0,6,4.0,1,0.0,Muslim extremists
34897,1995,12,25,0,185,8,67,248,43.003305,-2.612578,3.0,0,0.0,1,0,2,4,369,185.0,0,5,0.0,1,0.0,Basque Fatherland and Freedom (ETA)
23575,1989,10,31,0,159,3,223,925,-11.967368,-76.978462,1.0,0,0.0,1,0,1,3,1584,159.0,0,5,1.0,0,0.0,Shining Path (SL)
61596,2014,7,15,0,147,11,95,618,9.538302,8.907022,2.0,0,0.0,1,0,2,14,27,147.0,0,5,5.0,0,0.0,Fulani extremists
56483,2013,8,16,0,60,10,229,1018,31.126646,33.800865,1.0,0,0.0,0,0,2,3,282,60.0,0,6,0.0,0,0.0,Muslim extremists
28754,1991,10,20,0,92,6,364,1445,30.245796,75.842072,1.0,1,1.0,1,0,7,1,581,92.0,0,8,0.0,1,0.0,Sikh Extremists
43710,2007,4,21,0,69,8,109,443,42.699997,9.447317,1.0,0,1.0,1,0,3,2,620,69.0,0,6,0.0,1,0.0,Corsican National Liberation Front (FLNC)
15382,1986,3,26,0,43,3,218,917,-36.816006,-73.037659,1.0,0,1.0,1,0,3,1,1040,43.0,0,6,0.0,1,0.0,Manuel Rodriguez Patriotic Front (FPMR)
54911,2013,3,19,0,147,11,85,287,11.840929,13.141459,1.0,0,0.0,1,0,3,4,48,147.0,0,6,3.0,0,0.0,Boko Haram
71761,2015,12,17,0,123,11,237,1023,16.766589,-3.002562,1.0,0,0.0,1,0,1,7,1165,422.0,0,5,3.0,0,0.0,Muslim extremists
18132,1987,9,24,0,97,10,209,1279,32.581387,35.182465,1.0,0,0.0,1,0,1,4,1385,97.0,0,9,1.0,0,0.0,Palestinians
22855,1989,8,29,0,92,6,364,1458,30.193752,74.409326,1.0,0,0.0,1,0,2,19,1647,92.0,0,5,20.0,1,0.0,Sikh Extremists
22823,1989,8,25,0,61,2,121,511,13.69288,-89.199161,1.0,0,0.0,1,0,2,19,56,61.0,0,5,1.0,1,0.0,Farabundo Marti National Liberation Front (FMLN)
50460,2011,11,20,0,153,6,376,1489,30.200819,66.994354,1.0,1,0.0,1,0,7,4,1689,422.0,0,5,0.0,1,0.0,Taliban
58357,2014,2,1,0,147,11,89,292,11.063275,7.700373,1.0,0,0.0,1,0,2,15,446,147.0,0,5,3.0,1,0.0,Boko Haram
43189,2006,7,29,0,186,6,207,891,7.529372,81.794609,1.0,0,0.0,1,0,3,3,998,186.0,0,6,0.0,-9,0.0,Liberation Tigers of Tamil Eelam (LTTE)
28046,1991,8,4,0,209,10,185,833,37.192877,40.581143,1.0,0,0.0,1,0,2,3,936,209.0,0,5,0.0,1,0.0,Kurdistan Workers' Party (PKK)
74437,2016,5,16,0,147,11,136,635,7.9055,8.737323,2.0,0,0.0,1,0,2,14,465,147.0,0,5,7.0,1,0.0,Fulani extremists
53398,2012,9,30,0,95,10,25,110,33.74324,44.623825,1.0,1,1.0,1,0,3,3,212,95.0,0,6,0.0,1,0.0,Al-Qaida in Iraq
66930,2015,4,15,0,45,3,278,1322,3.115381,-76.62609,1.0,0,0.0,1,0,3,4,12,45.0,0,6,13.0,0,0.0,Revolutionary Armed Forces of Colombia (FARC)
53390,2012,9,30,0,95,10,27,118,33.540672,44.251266,1.0,0,1.0,1,0,3,14,13,95.0,0,6,2.0,-9,0.0,Al-Qaida in Iraq
72143,2016,1,7,0,92,6,102,946,17.812075,81.383041,1.0,0,0.0,1,0,2,14,1106,92.0,0,9,1.0,0,0.0,Maoists
54494,2013,2,2,0,92,6,103,953,22.585272,87.049698,1.0,1,0.0,0,0,3,20,6,92.0,0,6,0.0,0,0.0,Maoists
7383,1981,2,16,0,69,8,110,52,48.856644,2.34233,1.0,0,0.0,1,0,3,2,610,69.0,0,6,0.0,1,0.0,Corsican National Liberation Front (FLNC)
82737,2017,10,13,0,147,11,88,320,7.561418,6.242905,1.0,0,0.0,1,0,2,3,12,147.0,0,5,3.0,0,0.0,Boko Haram
60208,2014,5,15,0,214,9,117,467,47.117252,37.572659,1.0,0,0.0,0,0,2,4,48,214.0,0,5,0.0,0,0.0,Donetsk People's Republic
46500,2009,5,9,0,45,3,263,1065,1.338227,-77.592617,1.0,0,0.0,1,0,3,2,1199,45.0,0,6,0.0,1,0.0,National Liberation Army of Colombia (ELN)
68623,2015,7,3,0,147,11,85,298,10.737778,13.130556,1.0,0,0.0,1,0,3,14,27,147.0,0,6,31.0,1,0.0,Boko Haram
65265,2015,1,20,0,92,6,102,952,19.984386,80.719147,1.0,0,0.0,1,0,3,3,1111,92.0,0,6,0.0,0,0.0,Maoists
63782,2014,11,2,0,147,11,137,590,8.460129,8.200711,1.0,0,1.0,1,0,7,14,27,147.0,0,8,1.0,1,0.0,Fulani extremists
64614,2014,12,21,0,214,9,117,499,48.396416,37.974052,1.0,1,0.0,1,0,2,4,643,214.0,0,6,0.0,-9,0.0,Donetsk People's Republic
71615,2015,12,9,0,60,10,229,1009,31.250196,34.24128,1.0,0,0.0,1,0,2,4,189,60.0,0,5,1.0,0,0.0,Muslim extremists
52994,2012,8,16,0,95,10,23,130,33.457222,44.086389,1.0,0,1.0,1,0,2,3,20,95.0,0,5,4.0,0,0.0,Al-Qaida in Iraq
71709,2015,12,15,1,92,6,102,948,21.096881,81.030341,2.0,0,1.0,1,0,6,14,1107,92.0,0,5,1.0,0,1.0,Maoists
57213,2013,10,24,0,147,11,87,316,11.74464,11.970257,1.0,0,1.0,1,0,2,3,464,147.0,0,6,21.0,1,0.0,Boko Haram
70736,2015,10,17,0,92,6,108,932,19.29994,80.703422,1.0,0,0.0,1,0,2,3,1095,92.0,0,5,1.0,0,0.0,Maoists
55509,2013,5,22,1,160,5,0,13,6.497216,122.105141,1.0,0,0.0,1,0,6,2,14,160.0,0,5,0.0,0,1.0,Abu Sayyaf Group (ASG)
48982,2010,11,30,0,228,10,41,152,13.887403,45.863647,1.0,0,0.0,1,0,3,4,235,228.0,0,6,0.0,1,0.0,Al-Qaida in the Arabian Peninsula (AQAP)
80638,2017,5,31,0,228,10,151,684,12.683549,43.458797,3.0,0,0.0,1,0,3,11,765,126.0,0,6,0.0,0,0.0,Houthi extremists (Ansar Allah)
70657,2015,10,14,0,153,6,364,1599,30.705992,70.648447,1.0,0,0.0,1,1,3,22,1778,153.0,0,6,10.0,0,0.0,Tehrik-i-Taliban Pakistan (TTP)
5299,1979,6,16,0,69,8,109,24,41.918891,8.737554,4.0,0,0.0,1,0,3,20,582,69.0,0,6,0.0,1,0.0,Corsican National Liberation Front (FLNC)
28838,1991,10,26,0,45,3,264,1328,7.198606,-75.341218,4.0,1,0.0,1,0,2,4,1485,45.0,0,5,3.0,1,0.0,Revolutionary Armed Forces of Colombia (FARC)
48342,2010,7,11,1,153,6,402,1593,33.68745,71.516037,1.0,1,0.0,1,0,1,14,1768,153.0,0,9,2.0,0,1.0,Tehrik-i-Taliban Pakistan (TTP)
63077,2014,9,27,0,214,9,117,498,48.240883,38.525669,1.0,0,1.0,1,0,3,4,48,214.0,0,6,0.0,-9,0.0,Donetsk People's Republic
21523,1989,2,22,0,61,2,123,544,13.5,-88.35,1.0,0,0.0,1,0,2,4,672,61.0,0,5,0.0,1,0.0,Farabundo Marti National Liberation Front (FMLN)
31603,1992,10,27,0,97,10,209,1303,33.208716,35.572618,1.0,0,0.0,1,0,3,2,1437,97.0,0,6,1.0,1,0.0,Palestinians
63776,2014,11,2,0,147,11,137,626,8.699823,7.982974,2.0,0,1.0,1,0,2,14,27,147.0,0,5,2.0,1,0.0,Fulani extremists
2880,1976,9,7,0,69,8,114,440,41.930607,8.742907,1.0,0,0.0,1,0,5,6,624,69.0,0,5,0.0,1,1.0,Corsican National Liberation Front (FLNC)
12422,1984,7,5,0,145,2,323,1229,12.17609,-86.03771,1.0,0,0.0,1,0,2,14,1352,145.0,0,5,4.0,1,0.0,Nicaraguan Democratic Force (FDN)
33824,1995,1,14,0,69,8,109,443,42.699997,9.447317,1.0,0,0.0,1,0,3,1,586,69.0,0,6,0.0,1,0.0,Corsican National Liberation Front (FLNC)
29114,1991,11,25,0,45,3,261,1088,8.607983,-72.908887,1.0,0,0.0,1,0,3,21,1210,45.0,0,6,0.0,1,0.0,National Liberation Army of Colombia (ELN)
66666,2015,3,31,0,147,11,136,619,7.689167,9.250278,2.0,0,1.0,1,0,2,14,27,147.0,0,5,6.0,1,0.0,Fulani extremists
31957,1992,12,3,0,69,8,109,24,41.918891,8.737554,4.0,0,1.0,1,0,3,2,425,69.0,0,6,0.0,1,0.0,Corsican National Liberation Front (FLNC)
80617,2017,5,30,1,160,5,10,41,7.706753,122.138522,1.0,0,0.0,1,0,6,4,57,160.0,0,5,1.0,0,1.0,Abu Sayyaf Group (ASG)
14751,1985,11,10,0,159,3,354,1388,-16.466667,-69.916667,2.0,0,0.0,1,0,2,1,1555,159.0,0,5,1.0,1,0.0,Shining Path (SL)
27541,1991,6,12,0,159,3,223,925,-11.967368,-76.978462,1.0,0,1.0,1,0,3,1,399,159.0,0,6,0.0,1,0.0,Tupac Amaru Revolutionary Movement (MRTA)
69804,2015,8,29,1,209,10,181,792,39.022974,39.605467,3.0,0,0.0,1,0,6,14,906,209.0,0,8,1.0,1,1.0,Kurdistan Workers' Party (PKK)
48487,2010,8,23,0,209,10,183,24,37.445932,43.744984,4.0,0,0.0,1,0,2,15,923,209.0,0,5,1.0,0,0.0,Kurdistan Workers' Party (PKK)
32599,1994,3,8,0,45,3,343,1326,3.429344,-76.516037,1.0,0,0.0,0,0,3,6,1482,45.0,0,6,0.0,1,0.0,Revolutionary Armed Forces of Colombia (FARC)
20727,1988,11,18,0,159,3,223,925,-11.967368,-76.978462,1.0,0,0.0,1,0,3,1,425,159.0,0,6,0.0,1,0.0,Tupac Amaru Revolutionary Movement (MRTA)
8742,1982,5,9,0,110,10,334,1277,33.888523,35.503513,1.0,0,0.0,1,0,3,7,1434,69.0,0,6,0.0,1,0.0,Palestinians
54519,2013,2,5,0,45,3,262,24,5.233187,-76.829109,4.0,0,0.0,1,0,2,3,282,45.0,0,5,0.0,-9,0.0,Revolutionary Armed Forces of Colombia (FARC)
81904,2017,8,14,0,209,10,183,815,37.3,44.566667,3.0,0,0.0,1,0,3,1,250,209.0,0,6,2.0,1,0.0,Kurdistan Workers' Party (PKK)
67243,2015,4,29,0,4,6,383,1497,31.60063,64.369652,1.0,0,0.0,1,0,3,3,250,4.0,0,6,0.0,1,0.0,Taliban
30393,1992,5,22,0,209,10,195,813,37.69458,37.861114,1.0,0,0.0,1,0,2,4,333,209.0,0,5,3.0,1,0.0,Kurdistan Workers' Party (PKK)
10803,1983,9,8,0,183,11,14,57,-26.184113,28.033232,1.0,1,0.0,1,0,3,21,99,183.0,0,6,0.0,1,0.0,African National Congress (South Africa)
38841,2001,1,26,0,185,8,67,241,43.170017,-2.575197,1.0,0,0.0,1,0,3,1,361,185.0,0,6,0.0,1,0.0,Basque Fatherland and Freedom (ETA)
14876,1985,12,3,0,145,2,316,1231,13.78108,-86.5534,1.0,0,0.0,1,0,2,4,672,145.0,0,5,1.0,1,0.0,Nicaraguan Democratic Force (FDN)
78094,2016,12,17,0,92,6,224,981,17.742874,81.396271,1.0,0,0.0,0,0,3,20,6,92.0,0,6,0.0,0,0.0,Maoists
17280,1987,5,20,0,183,11,14,57,-26.184113,28.033232,1.0,0,0.0,1,0,3,2,143,183.0,0,6,3.0,1,0.0,African National Congress (South Africa)
29595,1992,2,1,0,186,6,209,862,8.980118,79.912462,3.0,0,0.0,1,0,2,4,333,186.0,0,5,7.0,1,0.0,Liberation Tigers of Tamil Eelam (LTTE)
75827,2016,8,6,0,92,6,103,370,22.408769,87.373316,3.0,0,1.0,0,0,3,20,6,92.0,0,6,0.0,0,0.0,Maoists
26946,1991,3,23,0,92,6,364,1430,30.898024,75.860077,1.0,1,0.0,0,0,1,2,1649,92.0,0,6,0.0,0,0.0,Sikh Extremists
18551,1987,11,30,0,155,10,336,1281,31.502407,34.459743,1.0,0,0.0,1,0,3,4,12,97.0,0,6,0.0,1,0.0,Palestinians
68242,2015,6,13,0,214,9,117,485,47.942608,37.505135,1.0,0,1.0,1,0,3,4,643,214.0,0,6,0.0,-9,0.0,Donetsk People's Republic
65731,2015,2,10,0,214,9,117,484,48.730804,37.574596,1.0,0,1.0,1,0,3,14,652,214.0,0,6,3.0,1,0.0,Donetsk People's Republic
9676,1983,1,18,0,159,3,355,1390,-13.952269,-71.653815,1.0,0,0.0,1,0,1,14,1558,159.0,0,5,2.0,0,0.0,Shining Path (SL)
56506,2013,8,18,0,160,5,291,1133,7.435278,125.225278,1.0,0,0.0,1,0,7,1,1289,160.0,0,8,0.0,1,0.0,New People's Army (NPA)
35094,1996,2,22,0,185,8,67,234,43.258434,-2.921819,1.0,0,0.0,0,0,3,2,403,185.0,0,6,0.0,1,0.0,Basque Fatherland and Freedom (ETA)
63210,2014,10,3,1,147,11,95,575,9.516667,8.7,2.0,0,1.0,1,0,2,14,27,147.0,0,5,3.0,1,-9.0,Fulani extremists
32166,1992,12,30,0,603,8,161,697,54.607712,-5.95621,1.0,0,0.0,1,0,3,1,820,233.0,0,6,0.0,1,0.0,Irish Republican Army (IRA)
18211,1987,10,6,0,186,6,207,858,7.301756,81.67473,3.0,0,0.0,1,0,2,19,56,186.0,0,5,20.0,1,0.0,Liberation Tigers of Tamil Eelam (LTTE)
55958,2013,7,5,0,60,10,229,1009,31.250196,34.24128,1.0,0,1.0,1,0,2,3,20,60.0,0,5,1.0,0,0.0,Muslim extremists
72795,2016,2,12,0,160,5,1,37,6.066797,121.09839,2.0,0,0.0,1,0,2,4,50,160.0,0,9,1.0,0,0.0,Abu Sayyaf Group (ASG)
25077,1990,6,3,0,97,10,209,24,32.83333,35.33333,4.0,0,0.0,1,0,2,14,1428,97.0,0,8,0.0,1,0.0,Palestinians
45224,2008,7,15,0,92,6,104,363,18.364195,81.892418,3.0,0,0.0,1,0,7,14,1136,92.0,0,8,0.0,1,0.0,Maoists
50035,2011,9,5,0,92,6,102,407,18.791667,80.816667,1.0,1,0.0,1,0,7,3,543,92.0,0,8,0.0,1,0.0,Communist Party of India - Maoist (CPI-Maoist)
18033,1987,9,11,0,159,3,223,925,-11.967368,-76.978462,1.0,0,1.0,1,0,3,1,1806,159.0,0,6,0.0,1,0.0,Tupac Amaru Revolutionary Movement (MRTA)
18799,1988,1,24,0,69,8,109,440,41.930607,8.742907,1.0,0,1.0,1,0,3,14,579,69.0,0,6,0.0,1,0.0,Corsican National Liberation Front (FLNC)
9181,1982,9,23,0,159,3,356,1391,-14.083889,-73.588889,1.0,0,0.0,1,0,2,8,1561,159.0,0,5,1.0,1,0.0,Shining Path (SL)
50647,2011,12,15,0,92,6,101,353,23.744186,84.504429,3.0,0,0.0,1,0,3,19,1115,92.0,0,6,0.0,1,0.0,Maoists
28019,1991,8,2,0,92,6,364,1459,30.672393,74.755048,1.0,1,0.0,1,0,2,3,333,92.0,0,5,2.0,1,0.0,Sikh Extremists
72183,2016,1,11,0,200,10,167,1011,36.201721,37.14352,1.0,0,0.0,1,0,3,8,51,200.0,0,6,3.0,-9,0.0,Muslim extremists
19546,1988,5,12,0,43,3,217,913,-33.366238,-70.505302,1.0,0,1.0,1,0,2,19,56,43.0,0,8,0.0,1,0.0,Manuel Rodriguez Patriotic Front (FPMR)
49487,2011,4,5,0,45,3,264,1324,6.81699,-75.243998,1.0,1,0.0,0,0,3,21,1479,45.0,0,6,0.0,0,0.0,Revolutionary Armed Forces of Colombia (FARC)
20340,1988,9,19,0,183,11,14,78,-26.189151,28.31707,1.0,0,0.0,1,0,3,3,124,183.0,0,6,0.0,1,0.0,African National Congress (South Africa)
61795,2014,7,24,0,182,11,52,188,2.059819,45.326115,1.0,0,0.0,1,0,2,4,298,182.0,0,6,4.0,-9,0.0,Al-Shabaab
80955,2017,6,18,0,228,10,151,664,13.586484,44.024105,1.0,0,0.0,1,0,3,14,447,228.0,0,6,1.0,-9,0.0,Houthi extremists (Ansar Allah)
56894,2013,9,25,1,153,6,402,1598,34.345856,71.370506,1.0,0,1.0,1,0,6,1,1777,153.0,0,5,1.0,1,1.0,Tehrik-i-Taliban Pakistan (TTP)
32370,1994,1,27,0,603,8,38,703,51.504387,-0.140041,1.0,0,0.0,1,0,7,1,836,216.0,0,8,0.0,1,0.0,Irish Republican Army (IRA)
27527,1991,6,12,0,159,3,223,925,-11.967368,-76.978462,1.0,0,1.0,1,0,3,1,399,159.0,0,6,0.0,1,0.0,Tupac Amaru Revolutionary Movement (MRTA)
51192,2012,2,27,0,147,11,87,324,12.885844,11.930042,1.0,0,0.0,1,0,1,2,470,147.0,0,5,1.0,0,0.0,Boko Haram
53218,2012,9,9,0,95,10,23,119,33.349159,43.784199,1.0,0,1.0,1,0,2,4,189,95.0,0,5,1.0,0,0.0,Al-Qaida in Iraq
73125,2016,2,29,0,228,10,37,144,12.825647,44.846416,1.0,0,0.0,1,0,3,14,250,228.0,0,6,2.0,1,0.0,Houthi extremists (Ansar Allah)
65847,2015,2,14,0,214,9,117,491,48.434017,38.221252,1.0,1,0.0,1,0,3,14,458,214.0,0,6,0.0,1,0.0,Donetsk People's Republic
22751,1989,8,17,0,61,2,120,510,13.802046,-87.896732,1.0,0,0.0,1,0,2,4,333,61.0,0,5,14.0,1,0.0,Farabundo Marti National Liberation Front (FMLN)
8142,1981,11,9,0,603,8,161,704,54.253718,-7.44106,1.0,0,0.0,1,0,1,4,795,216.0,0,5,1.0,0,0.0,Irish Republican Army (IRA)
52279,2012,6,13,0,95,10,24,108,33.303566,44.371773,1.0,0,1.0,1,0,3,15,198,95.0,0,6,1.0,0,0.0,Al-Qaida in Iraq
30757,1992,7,19,0,159,3,223,925,-11.967368,-76.978462,1.0,0,0.0,1,0,7,1,1594,159.0,0,8,0.0,1,0.0,Shining Path (SL)
78211,2016,12,25,0,95,10,28,115,36.354145,43.14357,1.0,1,0.0,0,1,3,3,85,95.0,0,6,21.0,0,0.0,Islamic State of Iraq and the Levant (ISIL)
18820,1988,1,27,0,43,3,218,917,-36.816006,-73.037659,1.0,0,0.0,1,0,3,2,1052,43.0,0,6,0.0,1,0.0,Manuel Rodriguez Patriotic Front (FPMR)
65859,2015,2,15,0,95,10,25,110,33.787583,44.668683,1.0,0,0.0,0,0,3,4,873,95.0,0,6,1.0,0,0.0,Islamic State of Iraq and the Levant (ISIL)
47867,2010,4,10,0,4,6,260,1533,33.279501,69.598588,2.0,0,0.0,1,0,7,1,1713,92.0,0,8,0.0,1,0.0,Taliban
68508,2015,6,27,0,228,10,37,683,12.760069,44.890266,1.0,0,0.0,1,0,3,1,764,228.0,0,6,1.0,1,0.0,Houthi extremists (Ansar Allah)
58178,2014,1,20,0,4,6,375,1488,31.784801,65.755234,3.0,0,0.0,1,1,3,4,1688,422.0,0,6,10.0,1,0.0,Taliban
13661,1985,4,29,0,145,2,325,1251,12.822269,-86.002138,2.0,1,0.0,1,0,3,19,1365,145.0,0,5,3.0,1,0.0,Nicaraguan Democratic Force (FDN)
80767,2017,6,8,0,209,10,183,801,37.293709,43.671189,3.0,0,0.0,1,0,3,4,882,209.0,0,6,0.0,1,0.0,Kurdistan Workers' Party (PKK)
48029,2010,5,15,0,92,6,103,381,22.032336,87.174696,1.0,1,0.0,1,0,6,14,515,92.0,0,5,1.0,0,1.0,Communist Party of India - Maoist (CPI-Maoist)
33034,1994,5,17,0,209,10,183,24,37.449429,43.750656,4.0,0,0.0,1,0,2,4,333,209.0,0,5,17.0,1,0.0,Kurdistan Workers' Party (PKK)
4791,1979,3,10,0,69,8,109,24,41.918891,8.737554,4.0,0,1.0,1,0,3,1,581,69.0,0,6,0.0,1,0.0,Corsican National Liberation Front (FLNC)
37269,1999,3,19,1,45,3,271,1348,10.411301,-74.405661,4.0,0,1.0,1,0,6,1,1504,45.0,0,5,1.0,0,1.0,Revolutionary Armed Forces of Colombia (FARC)
5779,1979,10,27,0,155,10,333,1276,32.222271,35.253506,1.0,0,0.0,1,0,3,15,1387,97.0,0,6,0.0,1,0.0,Palestinians
55774,2013,6,17,0,147,11,85,287,11.840929,13.141459,1.0,0,0.0,1,0,2,8,459,147.0,0,5,9.0,1,0.0,Boko Haram
37027,1998,9,11,0,186,6,209,861,9.666399,80.020477,1.0,0,0.0,1,1,3,2,963,186.0,0,6,21.0,0,0.0,Liberation Tigers of Tamil Eelam (LTTE)
75437,2016,7,12,0,147,11,136,594,7.350826,8.836276,4.0,0,1.0,1,0,2,14,13,147.0,0,5,2.0,-9,0.0,Fulani extremists
56727,2013,9,9,0,182,11,52,188,2.059819,45.326115,1.0,0,1.0,1,0,3,2,318,182.0,0,6,0.0,-9,0.0,Al-Shabaab
10192,1983,5,15,0,145,2,326,1222,14.60296,-84.03756,1.0,0,0.0,1,0,2,4,672,145.0,0,5,1.0,1,0.0,Nicaraguan Democratic Force (FDN)
29194,1991,12,5,0,92,6,363,1444,28.620794,79.812865,1.0,1,0.0,1,0,2,14,1630,92.0,0,5,24.0,0,0.0,Sikh Extremists
35368,1996,6,2,0,186,6,207,877,9.745064,80.105822,1.0,0,0.0,1,0,3,14,978,186.0,0,6,8.0,1,0.0,Liberation Tigers of Tamil Eelam (LTTE)
40559,2003,1,16,0,45,3,264,1072,6.242026,-75.564766,1.0,0,0.0,1,0,3,2,1491,45.0,0,6,6.0,1,0.0,Revolutionary Armed Forces of Colombia (FARC)
70260,2015,9,22,0,104,11,51,190,3.938715,41.844707,1.0,0,0.0,1,0,3,4,250,104.0,0,6,3.0,1,0.0,Al-Shabaab
22231,1989,5,29,0,159,3,358,1402,-9.120146,-78.194114,1.0,0,0.0,1,0,2,14,1588,159.0,0,5,6.0,1,0.0,Shining Path (SL)
19085,1988,3,6,0,160,5,7,1108,7.515731,123.172442,3.0,0,0.0,1,0,2,4,1270,160.0,0,5,4.0,1,0.0,New People's Army (NPA)
48109,2010,5,25,0,92,6,102,402,20.271944,81.493056,3.0,0,0.0,1,0,7,1,539,92.0,0,8,0.0,1,0.0,Communist Party of India - Maoist (CPI-Maoist)
19255,1988,3,29,0,69,8,111,445,43.296482,5.36978,1.0,0,0.0,1,0,3,1,601,69.0,0,6,0.0,1,0.0,Corsican National Liberation Front (FLNC)
77638,2016,11,19,0,228,10,153,666,16.321999,42.814075,1.0,0,0.0,1,0,3,4,48,228.0,0,6,2.0,-9,0.0,Houthi extremists (Ansar Allah)
75127,2016,6,24,0,182,11,52,188,2.059819,45.326115,1.0,0,1.0,1,0,3,2,324,182.0,0,6,1.0,-9,0.0,Al-Shabaab
71815,2015,12,21,0,45,3,264,1073,7.605683,-74.806265,3.0,0,0.0,1,0,3,3,12,45.0,0,6,3.0,0,0.0,National Liberation Army of Colombia (ELN)
77048,2016,10,17,0,182,11,50,186,1.789637,44.529976,1.0,0,0.0,1,0,2,4,249,422.0,0,6,0.0,-9,0.0,Al-Shabaab
79643,2017,3,31,0,92,6,105,363,18.16408,81.953482,3.0,0,1.0,1,0,6,14,1120,92.0,0,9,1.0,0,1.0,Maoists
72679,2016,2,5,0,147,11,85,305,11.512185,14.066288,2.0,0,1.0,1,0,2,14,27,147.0,0,5,4.0,1,0.0,Boko Haram
50575,2011,12,3,0,160,5,1,2,6.066693,121.100042,1.0,0,0.0,1,0,3,19,2,160.0,0,6,0.0,1,0.0,Abu Sayyaf Group (ASG)
41863,2005,3,14,0,95,10,26,111,35.45211,44.375465,1.0,1,0.0,0,0,3,2,176,95.0,0,6,0.0,0,0.0,Al-Qaida in Iraq
67829,2015,5,24,0,95,10,25,737,33.693947,45.067425,1.0,0,1.0,1,0,3,3,874,95.0,0,6,0.0,1,0.0,Islamic State of Iraq and the Levant (ISIL)
17454,1987,6,18,0,145,2,319,24,11.727473,-86.21585,4.0,0,0.0,1,0,2,1,1351,145.0,0,5,8.0,1,0.0,Nicaraguan Democratic Force (FDN)
56893,2013,9,24,1,160,5,5,1153,7.188989,125.456432,2.0,0,0.0,1,0,6,14,1301,160.0,0,5,1.0,0,1.0,New People's Army (NPA)
8867,1982,6,21,0,45,3,268,1316,6.313712,-73.950146,1.0,0,0.0,1,0,1,14,1465,45.0,0,5,3.0,0,0.0,Revolutionary Armed Forces of Colombia (FARC)
25821,1990,9,13,0,209,10,189,820,37.887824,41.13622,1.0,0,0.0,1,0,3,4,925,209.0,0,6,0.0,1,0.0,Kurdistan Workers' Party (PKK)
79240,2017,3,3,0,92,6,101,385,23.505758,84.570792,2.0,0,1.0,0,0,3,3,85,92.0,0,6,0.0,0,0.0,Communist Party of India - Maoist (CPI-Maoist)
19833,1988,6,23,0,92,6,364,1430,30.898024,75.860077,1.0,0,0.0,1,0,1,3,861,92.0,0,5,2.0,0,0.0,Sikh Extremists
55067,2013,4,7,0,92,6,100,955,24.92326,86.220238,1.0,0,0.0,1,0,3,21,1112,92.0,0,6,0.0,1,0.0,Maoists
73430,2016,3,16,0,95,10,29,738,35.320671,43.767281,3.0,0,0.0,1,0,3,4,875,95.0,0,6,2.0,1,0.0,Islamic State of Iraq and the Levant (ISIL)
81531,2017,7,20,0,95,10,23,768,33.423328,41.125052,3.0,0,0.0,0,1,3,20,6,95.0,0,6,0.0,0,0.0,Islamic State of Iraq and the Levant (ISIL)
77435,2016,11,8,0,228,10,43,168,14.360278,47.341944,1.0,0,0.0,1,0,3,14,261,228.0,0,6,2.0,1,0.0,Al-Qaida in the Arabian Peninsula (AQAP)
17344,1987,6,3,0,92,6,364,1441,31.638549,75.135566,1.0,0,0.0,1,0,2,3,1416,92.0,0,5,3.0,1,0.0,Sikh Extremists
60363,2014,5,23,0,147,11,85,318,10.82636,12.420727,1.0,0,1.0,1,0,2,14,27,147.0,0,5,8.0,1,0.0,Boko Haram
8672,1982,4,24,0,155,10,333,1299,32.460617,35.301247,1.0,0,0.0,1,0,2,4,1423,97.0,0,8,0.0,1,0.0,Palestinians
25354,1990,7,8,0,160,5,279,1116,15.319526,120.937717,1.0,0,0.0,1,0,6,14,303,160.0,0,5,0.0,0,1.0,New People's Army (NPA)
30408,1992,5,24,0,186,6,209,896,8.964041,80.787941,1.0,0,0.0,1,0,2,4,1002,186.0,0,5,6.0,1,0.0,Liberation Tigers of Tamil Eelam (LTTE)
58510,2014,2,12,0,4,6,378,1491,32.690185,62.735282,3.0,0,0.0,1,0,2,4,189,4.0,0,5,1.0,0,0.0,Taliban
34007,1995,3,14,0,75,8,164,823,52.195807,8.581551,1.0,0,0.0,1,0,7,15,926,209.0,0,8,0.0,1,0.0,Kurdistan Workers' Party (PKK)
22586,1989,7,26,0,43,3,217,913,-33.366238,-70.505302,1.0,0,0.0,1,0,3,14,1041,43.0,0,6,0.0,1,0.0,Manuel Rodriguez Patriotic Front (FPMR)
39937,2002,3,25,0,141,6,213,971,27.708754,85.329498,1.0,0,0.0,1,0,3,10,1131,141.0,0,6,0.0,1,0.0,Maoists
38900,2001,2,12,0,141,6,207,937,26.809932,88.009847,1.0,0,0.0,1,0,2,8,1098,141.0,0,9,0.0,0,0.0,Maoists
21491,1989,2,21,0,43,3,217,913,-33.366238,-70.505302,1.0,0,0.0,0,0,3,2,1071,43.0,0,6,0.0,1,0.0,Manuel Rodriguez Patriotic Front (FPMR)
18854,1988,1,31,0,92,6,369,1460,28.095366,74.984953,1.0,0,0.0,1,0,1,14,1651,92.0,0,5,2.0,0,0.0,Sikh Extremists
1452,1973,7,20,0,603,8,161,701,54.347539,-6.656108,1.0,0,0.0,1,0,3,4,805,216.0,0,6,1.0,1,0.0,Irish Republican Army (IRA)
67343,2015,5,3,1,4,6,392,1520,36.781832,71.076543,3.0,0,1.0,1,0,2,3,20,4.0,0,5,1.0,1,-9.0,Taliban
52284,2012,6,13,0,95,10,23,107,33.31065,44.038208,1.0,1,1.0,1,0,3,3,12,95.0,0,6,1.0,0,0.0,Al-Qaida in Iraq
25816,1990,9,12,0,69,8,109,440,41.930607,8.742907,1.0,0,0.0,1,0,3,1,605,69.0,0,6,0.0,1,0.0,Corsican National Liberation Front (FLNC)
4692,1979,2,3,0,97,10,335,1280,31.771599,35.2034,1.0,0,0.0,1,0,3,14,1400,97.0,0,6,1.0,1,0.0,Palestinians
5797,1979,11,1,0,97,10,338,1284,32.08297,34.811886,1.0,0,0.0,1,0,3,19,1393,97.0,0,6,0.0,1,0.0,Palestinians
75828,2016,8,6,0,92,6,103,370,22.408769,87.373316,3.0,0,1.0,0,0,3,20,6,92.0,0,6,0.0,0,0.0,Maoists
49257,2011,2,7,0,92,6,101,394,23.628333,85.521111,1.0,1,1.0,1,0,3,19,530,92.0,0,6,0.0,1,0.0,Communist Party of India - Maoist (CPI-Maoist)
41974,2005,4,30,0,95,10,24,108,33.303566,44.371773,1.0,0,0.0,1,1,3,4,193,217.0,0,6,3.0,1,0.0,Al-Qaida in Iraq
56443,2013,8,13,0,60,10,229,1018,31.126646,33.800865,1.0,0,1.0,1,0,3,3,282,60.0,0,6,0.0,0,0.0,Muslim extremists
80439,2017,5,21,0,95,10,27,138,34.92485,43.491413,1.0,0,0.0,0,0,2,4,290,95.0,0,5,4.0,0,0.0,Islamic State of Iraq and the Levant (ISIL)
64356,2014,12,5,0,92,6,106,934,17.408542,82.715443,1.0,1,0.0,1,0,3,3,1096,92.0,0,6,0.0,0,0.0,Maoists
82831,2017,10,21,1,160,5,0,24,6.570558,122.029527,4.0,0,0.0,1,0,1,2,26,160.0,0,9,1.0,0,1.0,Abu Sayyaf Group (ASG)
46958,2009,8,9,0,185,8,73,249,39.569505,2.649965,1.0,0,1.0,1,0,3,1,370,185.0,0,6,0.0,1,0.0,Basque Fatherland and Freedom (ETA)
48366,2010,7,16,0,4,6,387,1505,35.672778,71.343333,1.0,0,0.0,1,0,2,2,1697,4.0,0,5,11.0,-9,0.0,Taliban
34473,1995,7,30,0,75,8,164,825,51.482917,7.211808,1.0,0,0.0,1,0,7,1,928,209.0,0,8,0.0,1,0.0,Kurdistan Workers' Party (PKK)
51682,2012,4,18,0,228,10,37,175,12.8,45.033333,2.0,0,0.0,1,1,3,4,273,228.0,0,6,1.0,0,0.0,Al-Qaida in the Arabian Peninsula (AQAP)
51508,2012,4,1,0,147,11,85,287,11.840929,13.141459,1.0,0,0.0,1,0,1,2,469,147.0,0,5,1.0,-9,0.0,Boko Haram
28949,1991,11,6,0,61,2,120,510,13.802046,-87.896732,1.0,0,0.0,1,0,2,4,333,61.0,0,5,7.0,1,0.0,Farabundo Marti National Liberation Front (FMLN)
5304,1979,6,16,0,69,8,109,24,41.918891,8.737554,4.0,0,0.0,1,0,3,20,582,69.0,0,6,0.0,1,0.0,Corsican National Liberation Front (FLNC)
81189,2017,6,30,0,228,10,151,664,13.586484,44.024105,1.0,0,0.0,1,0,2,14,303,228.0,0,5,1.0,0,0.0,Houthi extremists (Ansar Allah)
48652,2010,9,18,0,4,6,379,1538,34.417538,70.323938,1.0,0,0.0,1,0,3,2,1707,4.0,0,6,0.0,0,0.0,Taliban
49346,2011,3,2,0,92,6,101,361,23.806818,84.296339,2.0,0,0.0,1,0,6,14,495,92.0,0,9,1.0,0,1.0,Communist Party of India - Maoist (CPI-Maoist)
69146,2015,7,28,0,113,10,244,1030,32.069286,20.151144,1.0,0,0.0,1,1,3,4,48,113.0,0,6,4.0,0,0.0,Muslim extremists
50431,2011,11,16,0,92,6,101,353,23.744186,84.504429,3.0,0,0.0,1,0,3,3,521,92.0,0,6,0.0,1,0.0,Communist Party of India - Maoist (CPI-Maoist)
20971,1988,12,15,0,183,11,14,85,-26.1072,28.058292,1.0,0,0.0,1,0,3,21,140,183.0,0,6,0.0,1,0.0,African National Congress (South Africa)
71964,2015,12,28,0,228,10,151,679,13.181362,43.728558,3.0,0,0.0,1,0,3,14,752,228.0,0,6,2.0,-9,0.0,Houthi extremists (Ansar Allah)
48445,2010,8,9,0,45,3,270,1084,6.95894,-71.872647,1.0,1,0.0,0,0,3,4,1223,45.0,0,6,0.0,0,0.0,National Liberation Army of Colombia (ELN)
14541,1985,9,24,0,145,2,329,1242,12.34294,-83.67123,1.0,0,0.0,1,0,3,14,1359,145.0,0,5,0.0,1,0.0,Nicaraguan Democratic Force (FDN)
76310,2016,9,5,0,45,3,261,1063,8.251932,-73.353994,3.0,0,0.0,0,0,3,20,6,45.0,0,6,0.0,0,0.0,National Liberation Army of Colombia (ELN)
51117,2012,2,23,0,95,10,24,108,33.303566,44.371773,1.0,0,1.0,1,0,3,14,13,95.0,0,6,6.0,1,0.0,Al-Qaida in Iraq
20108,1988,8,5,0,362,8,164,723,51.213924,6.780691,1.0,0,0.0,1,0,3,4,842,216.0,0,6,0.0,1,0.0,Irish Republican Army (IRA)
41737,2005,1,1,0,141,6,207,966,27.021345,87.470224,1.0,0,0.0,1,0,3,4,1121,141.0,0,6,12.0,0,0.0,Maoists
64493,2014,12,14,0,45,3,269,1356,2.3889,-75.89255,2.0,0,0.0,0,0,3,20,6,45.0,0,6,0.0,0,0.0,Revolutionary Armed Forces of Colombia (FARC)
23041,1989,9,13,0,155,10,336,1286,31.346964,34.30143,1.0,0,0.0,1,0,1,14,1409,155.0,0,9,1.0,0,0.0,Palestinians
58425,2014,2,7,1,160,5,2,45,7.037435,118.511496,1.0,0,0.0,1,0,6,1,64,160.0,0,5,0.0,0,1.0,Abu Sayyaf Group (ASG)
7001,1980,9,19,0,61,2,121,511,13.69288,-89.199161,1.0,0,0.0,1,0,3,1,399,61.0,0,6,0.0,1,0.0,Farabundo Marti National Liberation Front (FMLN)
56552,2013,8,25,0,228,10,42,149,15.325443,44.211895,1.0,0,0.0,1,0,3,4,56,228.0,0,6,6.0,1,0.0,Al-Qaida in the Arabian Peninsula (AQAP)
29649,1992,2,10,0,155,10,333,1278,31.704338,35.194355,1.0,0,0.0,1,0,2,14,1384,97.0,0,8,0.0,1,0.0,Palestinians
20437,1988,10,4,0,186,6,209,861,9.666399,80.020477,1.0,0,0.0,1,0,3,4,995,186.0,0,6,3.0,1,0.0,Liberation Tigers of Tamil Eelam (LTTE)
59342,2014,4,1,0,92,6,103,956,22.451393,86.992203,1.0,0,0.0,0,0,2,3,1113,92.0,0,5,0.0,0,0.0,Maoists
64788,2014,12,31,0,95,10,28,736,36.376823,42.448875,1.0,0,0.0,1,0,3,14,891,95.0,0,6,0.0,1,0.0,Islamic State of Iraq and the Levant (ISIL)
57911,2014,1,1,0,95,10,27,1012,33.669689,44.381317,1.0,0,1.0,1,0,2,3,282,95.0,0,5,4.0,1,0.0,Muslim extremists
17748,1987,7,29,1,43,3,217,913,-33.366238,-70.505302,1.0,0,0.0,1,0,3,2,425,43.0,0,6,0.0,1,0.0,Manuel Rodriguez Patriotic Front (FPMR)
62745,2014,9,13,0,214,9,117,468,47.981647,37.762325,1.0,0,1.0,1,0,3,4,646,214.0,0,6,0.0,-9,0.0,Donetsk People's Republic
49750,2011,6,7,0,45,3,278,1345,2.116667,-76.983333,1.0,1,0.0,1,0,2,14,1500,45.0,0,5,1.0,0,0.0,Revolutionary Armed Forces of Colombia (FARC)
9046,1982,8,19,0,110,10,334,1277,33.888523,35.503513,1.0,0,0.0,1,0,3,2,1383,110.0,0,6,0.0,1,0.0,Palestinians
4312,1978,9,12,0,155,10,333,1276,32.222271,35.253506,1.0,0,0.0,0,0,7,2,1382,97.0,0,8,0.0,1,0.0,Palestinians
77905,2016,12,4,0,95,10,28,115,36.354145,43.14357,1.0,0,1.0,1,0,3,14,758,95.0,0,6,3.0,-9,0.0,Islamic State of Iraq and the Levant (ISIL)
7224,1981,1,5,0,185,8,67,240,43.291618,-1.977903,1.0,0,0.0,0,0,1,2,408,185.0,0,8,0.0,0,0.0,Basque Fatherland and Freedom (ETA)
23597,1989,11,2,0,92,6,366,1436,28.585836,77.153336,1.0,0,0.0,1,0,3,14,1621,92.0,0,6,3.0,1,0.0,Sikh Extremists
49364,2011,3,9,0,153,6,399,1564,34.006004,71.53743,1.0,1,0.0,1,1,3,14,1734,153.0,0,6,26.0,0,0.0,Tehrik-i-Taliban Pakistan (TTP)
77025,2016,10,16,0,95,10,25,740,34.021821,44.933508,1.0,0,0.0,1,0,3,4,189,95.0,0,6,1.0,0,0.0,Islamic State of Iraq and the Levant (ISIL)
5764,1979,10,25,0,69,8,110,52,48.856644,2.34233,1.0,0,0.0,1,0,3,2,619,69.0,0,6,0.0,1,0.0,Corsican National Liberation Front (FLNC)
45828,2008,12,5,0,92,6,101,373,23.264121,85.644772,1.0,0,0.0,1,0,2,3,506,92.0,0,5,5.0,0,0.0,Communist Party of India - Maoist (CPI-Maoist)
12239,1984,5,16,0,183,11,14,73,-26.252697,27.870275,1.0,0,0.0,1,0,3,3,98,183.0,0,6,0.0,1,0.0,African National Congress (South Africa)
69900,2015,9,4,0,209,10,181,785,39.106709,39.545246,1.0,0,0.0,1,0,2,3,282,209.0,0,5,3.0,0,0.0,Kurdistan Workers' Party (PKK)
26137,1990,11,10,0,155,10,336,1281,31.502407,34.459743,1.0,0,1.0,1,0,1,14,1412,155.0,0,5,1.0,0,0.0,Palestinians
42494,2005,11,9,0,102,10,34,127,31.950001,35.933331,1.0,0,1.0,1,1,3,1,203,999.0,0,6,20.0,1,0.0,Al-Qaida in Iraq
6496,1980,4,16,0,97,10,335,1280,31.771599,35.2034,1.0,0,0.0,1,0,3,14,1405,97.0,0,6,0.0,1,0.0,Palestinians
51565,2012,4,8,0,147,11,89,290,10.516667,7.433333,1.0,0,1.0,1,1,3,15,445,147.0,0,6,42.0,1,0.0,Boko Haram
22802,1989,8,23,0,43,3,220,919,-29.906897,-71.25103,1.0,0,0.0,1,0,5,10,1062,43.0,0,5,0.0,1,1.0,Manuel Rodriguez Patriotic Front (FPMR)
18116,1987,9,24,0,43,3,217,913,-33.366238,-70.505302,1.0,0,0.0,1,0,3,1,614,43.0,0,6,0.0,1,0.0,Manuel Rodriguez Patriotic Front (FPMR)
58993,2014,3,11,0,147,11,138,578,11.637489,7.107145,2.0,0,1.0,1,0,2,14,27,147.0,0,5,21.0,1,0.0,Fulani extremists
78355,2017,1,6,0,228,10,42,149,15.325443,44.211895,1.0,0,0.0,1,0,5,14,13,228.0,0,5,0.0,0,1.0,Houthi extremists (Ansar Allah)
80830,2017,6,11,1,147,11,85,325,10.902533,12.83032,2.0,0,1.0,1,0,6,14,27,147.0,0,5,2.0,1,1.0,Boko Haram
21946,1989,4,18,0,43,3,217,913,-33.366238,-70.505302,1.0,0,0.0,1,0,2,2,1069,43.0,0,5,0.0,1,0.0,Manuel Rodriguez Patriotic Front (FPMR)
55330,2013,5,3,1,147,11,85,287,11.840929,13.141459,1.0,0,0.0,1,0,6,2,471,147.0,0,5,0.0,0,1.0,Boko Haram
26129,1990,11,9,0,155,10,336,1286,31.346964,34.30143,1.0,0,0.0,1,0,1,14,1427,155.0,0,9,1.0,0,0.0,Palestinians
79854,2017,4,13,0,182,11,52,188,2.059819,45.326115,1.0,0,0.0,1,0,1,2,311,182.0,0,5,1.0,0,0.0,Al-Shabaab
61197,2014,7,2,0,113,10,244,1030,32.069286,20.151144,1.0,0,1.0,1,0,2,15,1181,113.0,0,5,1.0,0,0.0,Muslim extremists
68657,2015,7,4,0,42,11,86,283,13.65,14.05,2.0,0,0.0,1,0,2,14,27,42.0,0,5,13.0,0,0.0,Boko Haram
30187,1992,4,29,0,209,10,200,835,40.93796,40.058001,1.0,0,0.0,1,0,1,8,938,209.0,0,5,1.0,0,0.0,Kurdistan Workers' Party (PKK)
80241,2017,5,12,0,92,6,101,397,22.572048,85.460775,2.0,0,0.0,1,0,2,14,534,92.0,0,5,0.0,0,0.0,Communist Party of India - Maoist (CPI-Maoist)
22511,1989,7,16,0,45,3,270,1082,6.46052,-71.72989,1.0,0,0.0,1,0,2,4,333,45.0,0,5,0.0,1,0.0,National Liberation Army of Colombia (ELN)
59741,2014,4,20,0,147,11,136,622,6.783611,9.069722,1.0,0,0.0,1,0,3,15,445,147.0,0,6,0.0,-9,0.0,Fulani extremists
73959,2016,4,20,0,153,6,401,1567,24.891115,67.143311,1.0,0,1.0,1,0,2,3,250,153.0,0,5,4.0,0,0.0,Tehrik-i-Taliban Pakistan (TTP)
37628,1999,9,18,1,45,3,264,1089,6.04278,-74.99493,3.0,0,0.0,1,0,6,19,1232,45.0,0,5,0.0,1,1.0,National Liberation Army of Colombia (ELN)
1567,1973,12,31,0,603,8,161,697,54.607712,-5.95621,1.0,0,0.0,1,0,1,4,843,216.0,0,5,1.0,0,0.0,Irish Republican Army (IRA)
55219,2013,4,22,0,4,6,383,1518,30.54807,63.791685,3.0,0,0.0,1,0,2,3,85,4.0,0,5,4.0,1,0.0,Taliban
79359,2017,3,12,0,95,10,28,736,36.289417,42.411853,1.0,1,0.0,0,1,3,6,777,95.0,0,6,18.0,0,0.0,Islamic State of Iraq and the Levant (ISIL)
59202,2014,3,23,0,147,11,95,313,9.933421,8.88309,1.0,0,0.0,1,0,2,15,476,147.0,0,5,0.0,-9,0.0,Fulani extremists
43267,2006,8,27,0,186,6,207,864,7.716666,81.700188,3.0,0,0.0,1,0,2,14,303,186.0,0,5,1.0,0,0.0,Liberation Tigers of Tamil Eelam (LTTE)
23378,1989,10,10,0,159,3,354,1387,-14.220983,-69.153823,3.0,0,0.0,1,0,2,1,1553,159.0,0,5,0.0,1,0.0,Shining Path (SL)
12113,1984,4,26,0,145,2,315,1241,13.45327,-86.029633,1.0,0,0.0,1,0,2,14,1358,145.0,0,5,13.0,1,0.0,Nicaraguan Democratic Force (FDN)
4894,1979,3,23,0,603,8,161,24,54.787715,-6.492314,4.0,0,0.0,1,0,3,1,399,233.0,0,6,1.0,1,0.0,Irish Republican Army (IRA)
31252,1992,9,14,0,183,11,13,71,-30.139609,30.835763,1.0,0,0.0,1,0,2,22,59,183.0,0,5,7.0,1,0.0,African National Congress (South Africa)
75441,2016,7,12,0,147,11,136,600,7.345335,8.74172,2.0,0,1.0,1,0,2,14,13,147.0,0,5,1.0,-9,0.0,Fulani extremists
32641,1994,3,14,0,159,3,223,925,-11.967368,-76.978462,1.0,0,0.0,1,0,3,10,1571,159.0,0,6,0.0,1,0.0,Shining Path (SL)
24340,1990,3,3,0,45,3,266,1070,8.308585,-73.613541,1.0,0,0.0,1,0,6,10,1228,45.0,0,5,0.0,0,1.0,National Liberation Army of Colombia (ELN)
35841,1996,10,15,0,45,3,264,24,6.2675,-75.568611,4.0,0,1.0,1,0,3,21,1207,45.0,0,6,0.0,1,0.0,National Liberation Army of Colombia (ELN)
12344,1984,6,16,0,183,11,16,61,-26.456502,29.464917,1.0,0,0.0,1,0,3,2,101,183.0,0,6,1.0,1,0.0,African National Congress (South Africa)
16772,1987,2,19,0,159,3,223,925,-11.967368,-76.978462,1.0,0,1.0,1,0,3,10,1813,159.0,0,5,0.0,1,0.0,Tupac Amaru Revolutionary Movement (MRTA)
15150,1986,2,4,0,159,3,223,925,-11.967368,-76.978462,1.0,0,1.0,1,0,3,1,399,159.0,0,6,0.0,1,0.0,Tupac Amaru Revolutionary Movement (MRTA)
78557,2017,1,20,0,4,6,375,1521,31.619314,65.050156,1.0,0,1.0,1,0,2,3,234,4.0,0,5,22.0,-9,0.0,Taliban
16089,1986,8,15,0,43,3,217,913,-33.366238,-70.505302,1.0,0,1.0,1,0,7,1,1066,43.0,0,8,0.0,1,0.0,Manuel Rodriguez Patriotic Front (FPMR)
46186,2009,2,28,0,4,6,391,1514,32.853333,68.449722,1.0,0,0.0,1,0,3,1,1703,4.0,0,6,1.0,1,0.0,Taliban
10204,1983,5,18,0,61,2,129,530,13.805691,-88.145787,1.0,0,0.0,1,0,2,4,683,61.0,0,5,1.0,1,0.0,Farabundo Marti National Liberation Front (FMLN)
53391,2012,9,30,0,95,10,27,118,33.540672,44.251266,1.0,0,1.0,1,0,3,14,13,95.0,0,6,2.0,-9,0.0,Al-Qaida in Iraq
49427,2011,3,22,0,92,6,100,374,26.652335,85.272304,1.0,0,0.0,1,0,7,16,507,92.0,0,8,0.0,1,0.0,Communist Party of India - Maoist (CPI-Maoist)
11365,1984,1,7,0,145,2,324,1237,13.00583,-87.50278,1.0,0,0.0,1,0,3,11,1356,145.0,0,5,1.0,1,0.0,Nicaraguan Democratic Force (FDN)
9576,1983,1,1,0,69,8,109,458,41.785303,8.980413,1.0,0,0.0,1,0,3,1,621,69.0,0,6,1.0,1,0.0,Corsican National Liberation Front (FLNC)
28049,1991,8,5,0,69,8,109,441,41.591369,9.278311,1.0,0,0.0,1,0,3,2,425,69.0,0,6,0.0,1,0.0,Corsican National Liberation Front (FLNC)
42242,2005,8,2,0,141,6,226,978,29.483192,81.400457,1.0,0,0.0,1,0,3,14,1135,141.0,0,6,1.0,1,0.0,Maoists
11372,1984,1,8,0,145,2,324,1237,13.00583,-87.50278,1.0,0,0.0,1,0,3,11,1356,145.0,0,5,1.0,1,0.0,Nicaraguan Democratic Force (FDN)
83493,2017,12,17,0,92,6,105,972,18.464464,82.355801,1.0,1,0.0,1,0,7,1,1127,92.0,0,5,0.0,1,0.0,Maoists
74504,2016,5,20,0,153,6,399,1564,34.006004,71.53743,1.0,1,0.0,1,1,3,20,6,153.0,0,6,3.0,0,0.0,Tehrik-i-Taliban Pakistan (TTP)
47773,2010,3,22,0,92,6,101,383,22.959166,85.965274,1.0,0,0.0,1,0,2,3,517,92.0,0,5,1.0,-9,0.0,Communist Party of India - Maoist (CPI-Maoist)
52602,2012,7,16,0,4,6,380,1535,36.705776,68.87706,1.0,0,0.0,0,0,1,2,1716,4.0,0,6,0.0,0,0.0,Taliban
68600,2015,7,1,0,45,3,264,1338,6.885648,-75.335829,3.0,0,0.0,1,0,3,4,1494,45.0,0,6,1.0,0,0.0,Revolutionary Armed Forces of Colombia (FARC)
46980,2009,8,12,1,153,6,402,1574,32.320237,69.859741,3.0,0,0.0,1,0,2,17,1746,153.0,0,8,70.0,1,1.0,Tehrik-i-Taliban Pakistan (TTP)
76449,2016,9,15,0,200,10,167,1011,36.201721,37.14352,1.0,0,1.0,1,0,3,14,297,200.0,0,6,0.0,-9,0.0,Muslim extremists
10494,1983,7,7,0,45,3,264,1072,6.242026,-75.564766,1.0,0,0.0,1,0,2,2,1231,45.0,0,5,0.0,0,1.0,National Liberation Army of Colombia (ELN)
13997,1985,6,7,0,159,3,223,925,-11.967368,-76.978462,1.0,0,0.0,1,0,2,1,152,159.0,0,5,1.0,1,0.0,Tupac Amaru Revolutionary Movement (MRTA)
68620,2015,7,2,0,209,10,194,812,38.395649,27.135641,1.0,0,0.0,0,0,3,20,6,209.0,0,6,0.0,0,0.0,Kurdistan Workers' Party (PKK)
46394,2009,4,14,0,45,3,270,1084,6.95284,-71.87514,1.0,0,0.0,1,0,2,3,1470,45.0,0,5,2.0,-9,0.0,Revolutionary Armed Forces of Colombia (FARC)
15500,1986,4,21,0,183,11,14,57,-26.184113,28.033232,1.0,0,0.0,1,0,3,14,103,183.0,0,6,0.0,1,0.0,African National Congress (South Africa)
62276,2014,8,16,0,147,11,85,296,12.394185,13.830873,2.0,1,1.0,1,0,2,14,27,147.0,0,5,2.0,1,0.0,Boko Haram
80411,2017,5,19,0,92,6,102,979,18.673653,80.987938,1.0,0,0.0,1,0,7,1,1101,92.0,0,5,0.0,1,0.0,Maoists
56161,2013,7,24,0,60,10,229,1018,31.126646,33.800865,1.0,1,0.0,1,0,3,3,1160,60.0,0,6,3.0,0,0.0,Muslim extremists
20460,1988,10,6,0,45,3,267,1068,4.809979,-75.849038,1.0,0,0.0,1,0,2,4,672,45.0,0,5,9.0,1,0.0,National Liberation Army of Colombia (ELN)
11485,1984,1,29,0,110,10,339,1289,33.550434,35.370964,1.0,0,0.0,1,0,3,4,1403,97.0,0,6,0.0,1,0.0,Palestinians
24354,1990,3,6,0,45,3,266,1070,8.308585,-73.613541,1.0,0,0.0,1,0,6,1,1203,45.0,0,5,0.0,0,1.0,National Liberation Army of Colombia (ELN)
80576,2017,5,29,0,95,10,28,115,36.354145,43.14357,1.0,0,1.0,1,0,3,4,48,95.0,0,6,2.0,1,0.0,Islamic State of Iraq and the Levant (ISIL)
74469,2016,5,18,0,160,5,1,22,6.050458,121.012245,1.0,0,0.0,1,0,3,4,59,160.0,0,6,0.0,1,0.0,Abu Sayyaf Group (ASG)
16023,1986,7,29,0,159,3,352,1383,-13.152712,-74.218628,1.0,0,0.0,1,0,3,21,1562,159.0,0,6,0.0,1,0.0,Shining Path (SL)
55161,2013,4,16,0,147,11,89,290,10.506041,7.432823,1.0,0,0.0,1,0,2,3,12,147.0,0,5,2.0,0,0.0,Boko Haram
63412,2014,10,14,0,4,6,374,1487,34.516895,69.147011,1.0,0,0.0,1,0,3,2,1695,4.0,0,6,2.0,1,0.0,Taliban
78551,2017,1,19,0,182,11,50,195,2.14383,45.118061,1.0,0,0.0,1,0,2,4,298,182.0,0,6,6.0,-9,0.0,Al-Shabaab
29062,1991,11,16,0,92,6,363,24,26.846709,80.946159,4.0,0,0.0,1,0,1,14,1626,92.0,0,5,3.0,0,0.0,Sikh Extremists
12639,1984,8,14,0,159,3,358,1400,-8.872222,-77.893611,1.0,0,0.0,1,0,2,4,683,159.0,0,5,25.0,1,0.0,Shining Path (SL)
64769,2014,12,30,0,95,10,28,115,36.354145,43.14357,1.0,0,1.0,1,0,3,15,893,95.0,0,6,0.0,1,0.0,Islamic State of Iraq and the Levant (ISIL)
44892,2008,5,13,0,160,5,4,15,6.929089,122.07885,1.0,0,0.0,1,0,3,15,44,160.0,0,6,0.0,1,0.0,Abu Sayyaf Group (ASG)
34765,1995,10,26,0,186,6,207,856,7.733107,81.68882,1.0,0,0.0,1,0,1,2,970,186.0,0,5,1.0,0,0.0,Liberation Tigers of Tamil Eelam (LTTE)
39087,2001,5,15,0,185,8,67,258,43.280364,-2.171588,1.0,0,0.0,1,0,3,10,394,185.0,0,6,0.0,-9,0.0,Basque Fatherland and Freedom (ETA)
59045,2014,3,14,0,147,11,89,620,9.627067,8.50424,2.0,0,1.0,1,0,2,14,27,147.0,0,5,33.0,1,0.0,Fulani extremists
49359,2011,3,6,0,228,10,39,162,15.964205,48.78252,1.0,0,0.0,1,0,2,4,251,228.0,0,5,1.0,-9,0.0,Al-Qaida in the Arabian Peninsula (AQAP)
39842,2002,2,8,0,160,5,1,2,6.089515,121.105521,1.0,0,0.0,1,0,2,4,30,160.0,0,5,5.0,-9,0.0,Abu Sayyaf Group (ASG)
5463,1979,8,15,0,97,10,338,1284,32.08297,34.811886,1.0,1,0.0,1,0,3,4,1410,97.0,0,6,7.0,1,0.0,Palestinians
50850,2012,1,17,0,147,11,85,287,11.840929,13.141459,1.0,0,0.0,1,0,2,4,456,147.0,0,5,4.0,0,0.0,Boko Haram
29583,1992,1,31,0,603,8,161,697,54.607712,-5.95621,1.0,0,0.0,1,0,7,1,802,233.0,0,8,0.0,1,0.0,Irish Republican Army (IRA)
69108,2015,7,26,0,214,9,117,470,48.363186,37.891922,1.0,0,0.0,1,0,2,4,643,214.0,0,6,0.0,0,0.0,Donetsk People's Republic
37405,1999,6,9,0,603,8,161,698,55.011562,-7.312045,1.0,0,0.0,1,0,8,14,801,233.0,0,9,0.0,1,0.0,Irish Republican Army (IRA)
73284,2016,3,9,0,182,11,54,191,-0.357847,42.54665,1.0,0,1.0,1,0,3,14,309,182.0,0,6,3.0,1,0.0,Al-Shabaab
55105,2013,4,11,0,92,6,100,959,24.656056,84.435647,2.0,1,1.0,1,0,3,3,324,92.0,0,6,0.0,1,0.0,Maoists
66671,2015,3,31,0,4,6,372,1485,35.838223,66.234833,1.0,0,0.0,1,0,1,14,1685,4.0,0,5,2.0,0,0.0,Taliban
17972,1987,9,2,0,186,6,207,853,8.457907,81.268402,1.0,0,1.0,1,0,7,1,1171,186.0,0,8,0.0,1,0.0,Muslim extremists
68843,2015,7,13,0,147,11,85,319,11.829979,12.630177,1.0,0,0.0,1,0,2,14,27,147.0,0,5,25.0,1,0.0,Boko Haram
999,1972,7,9,0,603,8,161,697,54.607712,-5.95621,1.0,0,0.0,1,0,1,17,840,233.0,0,5,1.0,0,0.0,Irish Republican Army (IRA)
25624,1990,8,14,0,209,10,193,809,40.001744,42.3441,1.0,0,0.0,1,0,2,4,917,209.0,0,5,4.0,1,0.0,Kurdistan Workers' Party (PKK)
72913,2016,2,18,0,160,5,281,1126,9.826864,122.642296,1.0,0,0.0,1,0,2,3,1283,160.0,0,5,2.0,0,0.0,New People's Army (NPA)
710,1971,9,3,0,603,8,161,697,54.607712,-5.95621,1.0,0,0.0,0,0,1,4,12,216.0,0,5,1.0,0,0.0,Irish Republican Army (IRA)
53248,2012,9,9,0,69,8,109,440,41.930607,8.742907,1.0,0,1.0,1,0,3,1,614,238.0,0,6,0.0,1,0.0,Corsican National Liberation Front (FLNC)
13814,1985,5,15,0,183,11,14,55,-26.234679,28.370372,1.0,0,0.0,1,0,3,3,94,183.0,0,6,1.0,1,0.0,African National Congress (South Africa)
82147,2017,8,29,0,95,10,28,763,36.486149,42.418186,1.0,0,1.0,1,0,3,4,258,95.0,0,6,2.0,1,0.0,Islamic State of Iraq and the Levant (ISIL)
11237,1983,12,12,0,183,11,14,57,-26.184113,28.033232,1.0,0,0.0,1,0,3,2,104,183.0,0,6,0.0,1,0.0,African National Congress (South Africa)
12620,1984,8,10,0,145,2,325,1246,13.031591,-85.641009,1.0,0,0.0,1,0,2,14,1360,145.0,0,5,8.0,1,0.0,Nicaraguan Democratic Force (FDN)
58584,2014,2,17,0,147,11,137,625,8.698664,8.666581,1.0,0,0.0,1,0,2,14,27,147.0,0,8,5.0,1,0.0,Fulani extremists
20887,1988,12,5,0,61,2,129,530,13.805691,-88.145787,1.0,0,0.0,1,0,2,14,686,61.0,0,5,0.0,1,0.0,Farabundo Marti National Liberation Front (FMLN)
51392,2012,3,20,0,95,10,27,133,34.621521,43.668377,1.0,0,1.0,1,0,3,8,214,95.0,0,6,0.0,1,0.0,Al-Qaida in Iraq
74034,2016,4,25,0,228,10,151,664,13.586484,44.024105,1.0,0,1.0,1,0,3,4,48,228.0,0,6,0.0,-9,0.0,Houthi extremists (Ansar Allah)
19490,1988,5,3,1,45,3,264,1072,6.242026,-75.564766,1.0,0,0.0,1,0,6,7,1224,45.0,0,5,0.0,0,1.0,National Liberation Army of Colombia (ELN)
58910,2014,3,7,0,110,10,172,758,34.221798,36.376812,1.0,1,1.0,1,0,3,17,186,110.0,0,6,0.0,0,0.0,Islamic State of Iraq and the Levant (ISIL)
63098,2014,9,28,0,6,10,250,1040,34.789675,-0.553424,1.0,0,0.0,1,0,2,4,48,6.0,0,5,2.0,0,0.0,Muslim extremists
19986,1988,7,18,0,159,3,223,925,-11.967368,-76.978462,1.0,0,0.0,1,0,3,4,1829,159.0,0,6,0.0,1,0.0,Tupac Amaru Revolutionary Movement (MRTA)
28668,1991,10,15,0,61,2,121,511,13.69288,-89.199161,1.0,0,0.0,1,0,3,1,700,61.0,0,6,0.0,1,0.0,Farabundo Marti National Liberation Front (FMLN)
1545,1973,12,4,0,97,10,335,1280,31.771599,35.2034,1.0,0,0.0,1,0,3,14,1426,97.0,0,6,2.0,1,0.0,Palestinians
67059,2015,4,21,0,214,9,117,470,48.363186,37.891922,1.0,1,0.0,1,0,2,4,48,214.0,0,6,0.0,-9,0.0,Donetsk People's Republic
81166,2017,6,29,0,182,11,55,192,2.973305,45.535603,1.0,0,0.0,1,0,2,4,249,182.0,0,5,7.0,-9,0.0,Al-Shabaab
5275,1979,6,14,0,185,8,67,240,43.291618,-1.977903,1.0,0,0.0,1,0,3,14,402,185.0,0,6,0.0,1,0.0,Basque Fatherland and Freedom (ETA)
17046,1987,4,15,0,183,11,14,60,-25.988884,28.173653,1.0,0,1.0,1,0,2,19,100,183.0,0,8,0.0,1,0.0,African National Congress (South Africa)
63084,2014,9,27,0,214,9,117,492,48.595274,37.699326,1.0,1,1.0,1,0,2,4,20,214.0,0,5,0.0,0,0.0,Donetsk People's Republic
15472,1986,4,15,0,43,3,217,913,-33.366238,-70.505302,1.0,0,0.0,1,0,3,14,1063,43.0,0,6,0.0,1,0.0,Manuel Rodriguez Patriotic Front (FPMR)
77922,2016,12,5,0,200,10,167,1011,36.201721,37.14352,1.0,0,1.0,1,0,3,4,1179,167.0,0,6,2.0,1,0.0,Muslim extremists
80163,2017,5,7,0,95,10,29,111,35.45211,44.375465,1.0,0,0.0,1,1,3,4,876,95.0,0,6,7.0,-9,0.0,Islamic State of Iraq and the Levant (ISIL)
33018,1994,5,15,0,155,10,336,1292,31.308194,34.287996,1.0,1,0.0,1,0,2,4,12,97.0,0,5,0.0,1,0.0,Palestinians
70236,2015,9,21,0,209,10,182,786,37.248723,42.471501,1.0,0,0.0,1,0,2,17,902,209.0,0,5,1.0,0,0.0,Kurdistan Workers' Party (PKK)
13954,1985,5,31,0,183,11,14,57,-26.184113,28.033232,1.0,0,0.0,1,0,3,1,114,183.0,0,6,0.0,1,0.0,African National Congress (South Africa)
36557,1997,10,11,0,45,3,263,24,1.637898,-77.745208,4.0,0,0.0,1,0,1,14,1247,45.0,0,5,5.0,0,0.0,National Liberation Army of Colombia (ELN)
38617,2000,11,22,1,160,5,0,32,6.720228,122.030205,2.0,0,0.0,1,0,6,14,39,160.0,0,5,0.0,0,1.0,Abu Sayyaf Group (ASG)
19966,1988,7,16,0,183,11,20,84,-33.995515,18.584543,1.0,0,0.0,1,0,2,3,139,183.0,0,5,1.0,1,0.0,African National Congress (South Africa)
26149,1990,11,12,0,160,5,279,1135,15.602634,121.051438,1.0,0,0.0,1,0,2,2,1291,160.0,0,5,3.0,1,0.0,New People's Army (NPA)
19301,1988,4,11,0,43,3,216,914,-33.050125,-71.612251,1.0,0,0.0,1,0,3,1,1036,43.0,0,6,0.0,1,0.0,Manuel Rodriguez Patriotic Front (FPMR)
52671,2012,7,23,0,95,10,24,108,33.303566,44.371773,1.0,0,1.0,1,0,3,1,205,95.0,0,6,3.0,1,0.0,Al-Qaida in Iraq
20193,1988,8,22,0,92,6,364,1431,31.5325,75.093889,1.0,0,0.0,1,0,1,14,1617,92.0,0,5,3.0,0,0.0,Sikh Extremists
42330,2005,8,23,0,95,10,25,110,33.74324,44.623825,1.0,0,0.0,1,1,3,4,175,999.0,0,6,8.0,-9,0.0,Al-Qaida in Iraq
56669,2013,9,4,1,160,5,0,39,6.599402,121.904055,1.0,0,0.0,1,0,6,12,52,422.0,0,5,0.0,0,1.0,Abu Sayyaf Group (ASG)
18324,1987,10,26,0,159,3,223,925,-11.967368,-76.978462,1.0,0,0.0,1,0,3,2,1836,159.0,0,6,0.0,1,0.0,Tupac Amaru Revolutionary Movement (MRTA)
40150,2002,6,14,0,45,3,344,1355,5.336134,-74.303539,1.0,0,0.0,1,0,4,1,1512,45.0,0,5,5.0,-9,0.0,Revolutionary Armed Forces of Colombia (FARC)
2650,1976,4,8,0,603,8,161,709,54.596939,-7.050618,1.0,0,0.0,1,0,1,3,807,233.0,0,5,1.0,0,0.0,Irish Republican Army (IRA)
10225,1983,5,22,0,61,2,122,24,14.191665,-89.1706,4.0,0,0.0,1,0,3,21,670,61.0,0,6,1.0,1,0.0,Farabundo Marti National Liberation Front (FMLN)
61362,2014,7,8,0,182,11,52,188,2.059819,45.326115,1.0,0,0.0,1,0,1,2,321,182.0,0,5,1.0,0,0.0,Al-Shabaab
69532,2015,8,16,0,95,10,24,108,33.303566,44.371773,1.0,0,0.0,1,0,3,14,652,95.0,0,6,2.0,0,0.0,Islamic State of Iraq and the Levant (ISIL)
60553,2014,5,31,1,153,6,401,1575,24.891115,67.143311,1.0,0,0.0,1,0,6,14,1748,153.0,0,5,0.0,0,1.0,Tehrik-i-Taliban Pakistan (TTP)
74512,2016,5,20,0,147,11,142,613,7.950747,5.545281,1.0,0,0.0,1,0,2,14,465,147.0,0,5,2.0,0,0.0,Fulani extremists
72041,2016,1,1,0,92,6,100,359,25.740541,84.824858,1.0,0,1.0,0,0,3,1,493,92.0,0,6,0.0,0,0.0,Communist Party of India - Maoist (CPI-Maoist)
62150,2014,8,10,0,214,9,117,468,47.981647,37.762325,1.0,0,0.0,1,0,3,1,114,214.0,0,6,0.0,1,0.0,Donetsk People's Republic
12193,1984,5,12,0,183,11,13,58,-29.861824,31.008293,1.0,0,0.0,1,0,3,2,125,183.0,0,6,0.0,1,0.0,African National Congress (South Africa)
76070,2016,8,21,0,209,10,192,811,37.23301,39.75998,3.0,0,0.0,1,0,3,4,250,209.0,0,6,1.0,1,0.0,Kurdistan Workers' Party (PKK)
30628,1992,7,1,0,603,8,161,713,54.159548,-6.458147,1.0,0,0.0,1,0,1,14,816,233.0,0,5,1.0,0,0.0,Irish Republican Army (IRA)
80379,2017,5,18,0,200,10,175,765,35.129299,37.275085,1.0,0,1.0,1,0,6,17,186,200.0,0,6,31.0,0,1.0,Islamic State of Iraq and the Levant (ISIL)
61335,2014,7,6,0,228,10,156,24,16.256921,43.943679,4.0,0,0.0,1,0,2,10,759,228.0,0,5,0.0,1,0.0,Houthi extremists (Ansar Allah)
42614,2006,1,19,0,69,8,109,438,42.113828,8.701548,1.0,0,0.0,0,0,3,14,617,69.0,0,6,0.0,0,0.0,Corsican National Liberation Front (FLNC)
20875,1988,12,5,0,43,3,221,921,-38.734133,-72.584651,1.0,0,0.0,1,0,3,21,724,43.0,0,6,0.0,1,0.0,Manuel Rodriguez Patriotic Front (FPMR)
58356,2014,2,1,0,153,6,399,1584,33.91758,71.562035,1.0,0,1.0,1,0,2,17,186,153.0,0,5,4.0,0,0.0,Tehrik-i-Taliban Pakistan (TTP)
8187,1981,11,19,0,603,8,161,700,54.077313,-6.608787,1.0,0,0.0,1,0,3,20,6,233.0,0,6,0.0,1,0.0,Irish Republican Army (IRA)
54889,2013,3,19,0,95,10,24,108,33.303566,44.371773,1.0,0,1.0,1,0,3,14,211,95.0,0,6,2.0,0,0.0,Al-Qaida in Iraq
39215,2001,8,3,0,69,8,109,441,41.591369,9.278311,1.0,0,0.0,0,0,3,3,580,69.0,0,6,0.0,0,0.0,Corsican National Liberation Front (FLNC)
64450,2014,12,11,0,147,11,95,313,9.932665,8.885476,1.0,0,1.0,1,1,3,1,462,147.0,0,6,20.0,1,0.0,Boko Haram
76152,2016,8,26,0,209,10,183,837,37.377975,44.085653,1.0,0,0.0,1,0,2,1,914,209.0,0,5,2.0,0,0.0,Kurdistan Workers' Party (PKK)
47239,2009,10,20,0,92,6,101,366,24.302783,85.005153,1.0,0,0.0,1,0,2,17,500,92.0,0,5,3.0,0,0.0,Communist Party of India - Maoist (CPI-Maoist)
18889,1988,2,7,0,92,6,363,1455,29.420166,77.784542,1.0,0,0.0,1,0,2,3,1589,92.0,0,5,0.0,1,0.0,Sikh Extremists
25946,1990,10,15,0,159,3,223,925,-11.967368,-76.978462,1.0,0,1.0,1,0,2,19,56,159.0,0,8,0.0,1,0.0,Shining Path (SL)
15378,1986,3,26,0,43,3,218,917,-36.816006,-73.037659,1.0,0,1.0,1,0,3,1,1040,43.0,0,6,0.0,1,0.0,Manuel Rodriguez Patriotic Front (FPMR)
75496,2016,7,16,0,60,10,227,1005,28.087597,30.761305,1.0,0,0.0,1,0,7,14,1155,60.0,0,8,0.0,1,0.0,Muslim extremists
11830,1984,3,18,0,145,2,317,1205,13.37984,-86.48075,1.0,0,0.0,1,0,2,4,672,145.0,0,5,12.0,1,0.0,Nicaraguan Democratic Force (FDN)
67460,2015,5,8,1,92,6,102,927,19.175051,81.246376,2.0,0,1.0,1,0,6,1,1091,92.0,0,5,0.0,0,1.0,Maoists
80526,2017,5,26,0,92,6,101,410,23.90477,85.70469,1.0,0,0.0,1,0,6,14,546,92.0,0,5,1.0,0,1.0,Communist Party of India - Maoist (CPI-Maoist)
16378,1986,11,4,0,145,2,321,24,12.492724,-85.520024,4.0,0,0.0,1,0,2,4,672,145.0,0,5,22.0,1,0.0,Nicaraguan Democratic Force (FDN)
19042,1988,2,24,0,61,2,121,511,13.69288,-89.199161,1.0,0,0.0,1,0,3,1,695,61.0,0,6,0.0,1,0.0,Farabundo Marti National Liberation Front (FMLN)
56724,2013,9,9,0,228,10,37,144,12.83672,44.922062,1.0,0,0.0,0,0,3,2,255,228.0,0,6,0.0,0,0.0,Al-Qaida in the Arabian Peninsula (AQAP)
63602,2014,10,22,0,41,11,146,606,5.965833,20.528484,1.0,0,1.0,1,0,2,14,458,41.0,0,5,15.0,1,0.0,Fulani extremists
78545,2017,1,18,0,228,10,151,664,13.586484,44.024105,1.0,0,1.0,1,0,3,14,758,228.0,0,6,3.0,1,0.0,Houthi extremists (Ansar Allah)
71093,2015,11,5,0,228,10,151,664,13.586484,44.024105,1.0,0,1.0,1,0,3,14,753,228.0,0,6,1.0,-9,0.0,Houthi extremists (Ansar Allah)
46158,2009,2,19,0,160,5,292,1132,16.105772,121.746511,1.0,0,0.0,1,0,7,1,1287,160.0,0,8,0.0,1,0.0,New People's Army (NPA)
77077,2016,10,19,0,173,10,154,686,16.451439,42.904686,1.0,0,0.0,1,0,3,4,0,173.0,0,6,0.0,-9,0.0,Houthi extremists (Ansar Allah)
82479,2017,9,25,0,209,10,188,827,39.547222,44.083333,3.0,0,0.0,1,0,2,19,931,4.0,0,5,3.0,1,0.0,Kurdistan Workers' Party (PKK)
58920,2014,3,8,0,182,11,52,188,2.059819,45.326115,1.0,0,0.0,1,0,2,4,298,182.0,0,5,1.0,-9,0.0,Al-Shabaab
26574,1991,1,21,0,61,2,128,536,13.84222,-89.09694,1.0,0,0.0,1,0,2,4,333,61.0,0,5,0.0,1,0.0,Farabundo Marti National Liberation Front (FMLN)
46053,2009,1,22,1,92,6,104,395,18.18151,81.948026,2.0,0,0.0,1,0,2,14,532,92.0,0,5,1.0,0,1.0,Communist Party of India - Maoist (CPI-Maoist)
49467,2011,3,31,0,45,3,270,1330,6.820856,-71.324402,2.0,0,0.0,1,0,3,21,1487,45.0,0,6,0.0,1,0.0,Revolutionary Armed Forces of Colombia (FARC)
63649,2014,10,25,0,92,6,101,960,24.357421,87.422726,1.0,1,0.0,0,0,2,4,12,92.0,0,5,0.0,0,0.0,Maoists
66913,2015,4,14,0,160,5,283,1149,7.823071,126.055367,1.0,0,0.0,1,0,2,4,1298,160.0,0,5,1.0,0,0.0,New People's Army (NPA)
29978,1992,3,26,0,186,6,207,858,7.301756,81.67473,3.0,0,0.0,1,0,1,14,959,186.0,0,5,2.0,0,0.0,Liberation Tigers of Tamil Eelam (LTTE)
17504,1987,6,25,0,43,3,217,913,-33.366238,-70.505302,1.0,0,0.0,1,0,3,10,1042,43.0,0,6,0.0,1,0.0,Manuel Rodriguez Patriotic Front (FPMR)
41487,2004,7,8,0,186,6,207,864,7.716666,81.700188,3.0,0,0.0,1,0,3,15,997,186.0,0,6,0.0,-9,0.0,Liberation Tigers of Tamil Eelam (LTTE)
60639,2014,6,5,0,147,11,90,294,10.890928,13.627589,1.0,0,1.0,1,0,7,15,442,147.0,0,8,0.0,1,0.0,Boko Haram
60545,2014,5,31,0,147,11,85,301,12.342068,14.185827,3.0,0,1.0,1,0,2,14,27,147.0,0,6,14.0,1,0.0,Boko Haram
25632,1990,8,15,0,92,6,366,1446,28.690073,77.213982,1.0,0,0.0,1,0,3,15,1625,92.0,0,6,5.0,1,0.0,Sikh Extremists
40851,2003,5,1,0,92,6,230,1042,33.931011,75.114212,1.0,0,0.0,1,0,2,4,1182,92.0,0,5,1.0,0,0.0,Muslim extremists
50364,2011,11,11,0,182,11,52,188,2.059819,45.326115,1.0,0,1.0,1,0,2,4,319,182.0,0,5,3.0,-9,0.0,Al-Shabaab
5767,1979,10,25,0,69,8,110,52,48.856644,2.34233,1.0,0,0.0,1,0,3,8,622,69.0,0,6,0.0,1,0.0,Corsican National Liberation Front (FLNC)
71252,2015,11,14,0,228,10,45,181,14.781294,42.972851,1.0,0,1.0,1,0,3,2,161,228.0,0,6,1.0,-9,0.0,Houthi extremists (Ansar Allah)
22308,1989,6,15,0,183,11,14,88,-26.286807,28.400863,1.0,0,0.0,1,0,3,3,145,183.0,0,6,0.0,1,0.0,African National Congress (South Africa)
4814,1979,3,10,0,69,8,109,24,41.918891,8.737554,4.0,0,1.0,1,0,3,1,581,69.0,0,6,0.0,1,0.0,Corsican National Liberation Front (FLNC)
76247,2016,9,2,0,160,5,5,23,7.083241,125.600998,1.0,0,0.0,1,0,3,8,877,160.0,0,6,15.0,1,0.0,Islamic State of Iraq and the Levant (ISIL)
45032,2008,6,8,0,92,6,102,358,21.19,81.28,1.0,1,0.0,1,0,3,3,492,92.0,0,6,3.0,0,0.0,Communist Party of India - Maoist (CPI-Maoist)
65839,2015,2,14,0,147,11,91,306,10.304167,11.498889,1.0,0,1.0,1,0,2,2,457,147.0,0,5,13.0,1,0.0,Boko Haram
37502,1999,7,12,0,209,10,173,762,41.106178,28.689863,1.0,0,0.0,1,0,3,19,916,209.0,0,6,0.0,1,0.0,Kurdistan Workers' Party (PKK)
77903,2016,12,4,0,95,10,28,115,36.354145,43.14357,1.0,0,1.0,1,0,3,14,758,95.0,0,6,4.0,-9,0.0,Islamic State of Iraq and the Levant (ISIL)
23693,1989,11,13,0,155,10,336,1281,31.502407,34.459743,1.0,0,0.0,1,0,2,4,333,97.0,0,5,2.0,1,0.0,Palestinians
51911,2012,5,9,0,228,10,41,163,13.129726,45.385571,1.0,1,0.0,1,0,2,4,252,228.0,0,5,6.0,-9,0.0,Al-Qaida in the Arabian Peninsula (AQAP)
25073,1990,6,2,0,97,10,335,1280,31.771599,35.2034,1.0,0,0.0,1,0,2,14,1402,97.0,0,8,0.0,1,0.0,Palestinians
25034,1990,5,27,0,142,8,163,720,51.192442,5.994695,1.0,0,0.0,1,0,1,1,834,14.0,0,5,2.0,0,0.0,Irish Republican Army (IRA)
4984,1979,4,18,0,97,10,335,1280,31.771599,35.2034,1.0,0,0.0,1,0,3,3,1416,97.0,0,6,5.0,1,0.0,Palestinians
60420,2014,5,25,0,45,3,264,24,7.198606,-75.341218,4.0,0,0.0,0,0,3,21,1518,45.0,0,6,0.0,0,0.0,Revolutionary Armed Forces of Colombia (FARC)
18567,1987,12,7,0,45,3,341,1314,2.47973,-72.95746,2.0,0,0.0,1,0,6,4,1462,45.0,0,5,0.0,0,1.0,Revolutionary Armed Forces of Colombia (FARC)
18937,1988,2,13,0,159,3,223,925,-11.967368,-76.978462,1.0,0,0.0,1,0,3,1,425,217.0,0,6,0.0,1,0.0,Tupac Amaru Revolutionary Movement (MRTA)
29589,1992,2,1,0,92,6,365,1467,30.378179,76.776697,1.0,1,0.0,1,0,1,2,1662,92.0,0,5,5.0,0,0.0,Sikh Extremists
55475,2013,5,18,1,160,5,1,22,6.050458,121.012245,1.0,0,0.0,1,0,6,1,53,160.0,0,5,0.0,0,1.0,Abu Sayyaf Group (ASG)
13256,1985,1,10,0,145,2,316,1209,13.746389,-86.709722,1.0,0,0.0,1,0,2,4,672,145.0,0,5,34.0,1,0.0,Nicaraguan Democratic Force (FDN)
64408,2014,12,8,0,28,9,235,1021,45.183961,15.828342,1.0,0,0.0,0,0,1,15,1163,28.0,0,9,0.0,0,0.0,Muslim extremists
22135,1989,5,16,0,97,10,335,1280,31.771599,35.2034,1.0,0,0.0,1,0,3,14,1394,97.0,0,6,1.0,1,0.0,Palestinians
41694,2004,11,29,0,186,6,207,868,8.5922,81.196796,3.0,0,0.0,1,0,3,19,973,186.0,0,6,1.0,1,0.0,Liberation Tigers of Tamil Eelam (LTTE)
49686,2011,5,25,0,92,6,101,350,24.128611,84.185712,3.0,0,0.0,1,0,7,1,488,92.0,0,8,0.0,1,0.0,Communist Party of India - Maoist (CPI-Maoist)
14739,1985,11,8,0,43,3,217,913,-33.366238,-70.505302,1.0,0,0.0,1,0,3,2,1049,43.0,0,6,0.0,1,0.0,Manuel Rodriguez Patriotic Front (FPMR)
21247,1989,1,26,0,209,10,182,814,37.157409,42.567582,1.0,1,0.0,1,0,7,1,921,209.0,0,5,0.0,1,0.0,Kurdistan Workers' Party (PKK)
27657,1991,6,30,0,159,3,355,1623,-13.105251,-72.044649,2.0,0,0.0,1,0,2,3,699,159.0,0,5,6.0,1,0.0,Tupac Amaru Revolutionary Movement (MRTA)
37268,1999,3,19,1,45,3,271,1358,11.3,-74.183333,2.0,0,1.0,1,0,6,14,1516,45.0,0,5,1.0,0,1.0,Revolutionary Armed Forces of Colombia (FARC)
40716,2003,3,12,0,160,5,287,1122,7.437136,125.812182,1.0,0,1.0,1,0,7,8,1279,160.0,0,8,0.0,1,0.0,New People's Army (NPA)
47427,2009,12,10,0,92,6,103,370,22.404193,87.379866,3.0,0,0.0,1,0,2,14,503,92.0,0,5,3.0,0,0.0,Communist Party of India - Maoist (CPI-Maoist)
18006,1987,9,8,0,92,6,364,1439,31.345599,74.692032,1.0,0,0.0,1,0,2,3,1624,92.0,0,5,3.0,1,0.0,Sikh Extremists
82150,2017,8,29,0,228,10,42,149,15.325443,44.211895,1.0,0,0.0,0,0,1,2,743,228.0,0,5,0.0,0,0.0,Houthi extremists (Ansar Allah)
51696,2012,4,19,0,95,10,24,108,33.303566,44.371773,1.0,0,1.0,1,0,3,14,13,95.0,0,6,1.0,0,0.0,Al-Qaida in Iraq
24596,1990,3,31,0,96,8,162,712,52.663857,-8.626773,1.0,0,0.0,1,0,6,2,815,233.0,0,5,0.0,0,1.0,Irish Republican Army (IRA)
69698,2015,8,24,0,228,10,151,664,13.586484,44.024105,1.0,0,0.0,1,0,3,14,308,228.0,0,6,13.0,1,0.0,Houthi extremists (Ansar Allah)
29351,1991,12,28,0,45,3,264,1069,7.243889,-76.435556,1.0,0,0.0,1,0,2,4,333,45.0,0,5,3.0,1,0.0,National Liberation Army of Colombia (ELN)
53668,2012,10,27,0,95,10,28,115,36.354145,43.14357,1.0,0,0.0,0,0,3,15,201,95.0,0,6,0.0,0,0.0,Al-Qaida in Iraq
25052,1990,5,30,0,160,5,11,43,14.596051,120.978666,1.0,0,0.0,1,0,1,14,1294,160.0,0,5,1.0,0,0.0,New People's Army (NPA)
43344,2006,10,3,0,186,6,209,887,8.834273,80.051047,1.0,0,0.0,1,0,3,3,989,186.0,0,6,0.0,-9,0.0,Liberation Tigers of Tamil Eelam (LTTE)
42067,2005,5,30,0,95,10,33,125,32.469238,44.416637,1.0,0,0.0,1,1,3,3,200,95.0,0,6,34.0,-9,0.0,Al-Qaida in Iraq
48567,2010,9,9,0,92,6,104,360,17.864437,81.408409,1.0,0,0.0,1,0,3,2,494,92.0,0,6,0.0,1,0.0,Communist Party of India - Maoist (CPI-Maoist)
14813,1985,11,25,0,43,3,218,922,-36.748146,-73.11232,1.0,0,0.0,1,0,3,3,1056,43.0,0,6,1.0,1,0.0,Manuel Rodriguez Patriotic Front (FPMR)
3554,1977,10,11,0,45,3,264,1072,6.242026,-75.564766,1.0,0,0.0,1,0,1,14,1236,45.0,0,5,2.0,0,0.0,National Liberation Army of Colombia (ELN)
64577,2014,12,20,0,228,10,42,149,15.325443,44.211895,1.0,0,0.0,1,0,6,14,762,228.0,0,5,0.0,0,1.0,Houthi extremists (Ansar Allah)
45207,2008,7,11,0,92,6,100,382,24.744071,86.457931,1.0,1,0.0,1,0,3,19,516,92.0,0,6,0.0,1,0.0,Communist Party of India - Maoist (CPI-Maoist)
82139,2017,8,28,0,92,6,102,958,19.102975,81.949115,3.0,0,0.0,1,0,2,14,1114,92.0,0,12,1.0,0,1.0,Maoists
46483,2009,5,5,0,4,6,378,1493,32.625149,62.479768,3.0,0,0.0,1,0,2,14,1691,4.0,0,5,3.0,-9,0.0,Taliban
55753,2013,6,16,0,95,10,28,115,36.354145,43.14357,1.0,0,1.0,1,0,3,1,205,95.0,0,6,1.0,0,0.0,Islamic State of Iraq and the Levant (ISIL)
19548,1988,5,12,0,43,3,217,913,-33.366238,-70.505302,1.0,0,1.0,1,0,2,19,56,43.0,0,8,0.0,1,0.0,Manuel Rodriguez Patriotic Front (FPMR)
4808,1979,3,10,0,69,8,109,24,41.918891,8.737554,4.0,0,1.0,1,0,3,1,581,69.0,0,6,0.0,1,0.0,Corsican National Liberation Front (FLNC)
78631,2017,1,25,0,92,6,102,930,18.9,81.35,3.0,0,0.0,1,0,2,3,1093,92.0,0,12,0.0,0,0.0,Maoists
53662,2012,10,27,0,95,10,27,123,34.881348,44.62513,1.0,0,0.0,1,0,3,15,192,95.0,0,6,0.0,0,0.0,Al-Qaida in Iraq
66009,2015,2,24,0,228,10,47,173,13.063399,44.880882,1.0,0,0.0,1,0,1,3,272,228.0,0,5,1.0,0,0.0,Al-Qaida in the Arabian Peninsula (AQAP)
8880,1982,6,28,0,183,11,13,62,-27.826803,30.705819,1.0,0,0.0,1,0,3,19,102,183.0,0,6,0.0,1,0.0,African National Congress (South Africa)
29338,1991,12,26,0,45,3,266,1067,9.56049,-73.33269,1.0,0,0.0,1,0,6,2,1202,45.0,0,5,0.0,0,1.0,National Liberation Army of Colombia (ELN)
16472,1986,11,29,0,45,3,265,1066,4.667128,-74.106056,1.0,0,0.0,1,0,3,21,1240,45.0,0,6,0.0,1,0.0,National Liberation Army of Colombia (ELN)
3713,1977,12,21,0,603,8,161,697,54.607712,-5.95621,1.0,0,0.0,1,0,3,1,635,216.0,0,6,0.0,1,0.0,Irish Republican Army (IRA)
29490,1992,1,18,0,69,8,112,450,48.113475,-1.675708,1.0,0,1.0,1,0,3,2,598,69.0,0,6,0.0,1,0.0,Corsican National Liberation Front (FLNC)
67385,2015,5,5,0,214,9,117,471,48.143208,37.753361,1.0,1,0.0,1,0,3,4,250,214.0,0,6,4.0,1,0.0,Donetsk People's Republic
80725,2017,6,6,1,160,5,1,22,6.051232,120.999851,1.0,0,0.0,1,0,6,14,23,160.0,0,5,0.0,0,1.0,Abu Sayyaf Group (ASG)
15825,1986,6,20,0,159,3,223,925,-11.967368,-76.978462,1.0,0,0.0,1,0,2,4,1580,159.0,0,8,1.0,1,0.0,Shining Path (SL)
37480,1999,7,4,0,209,10,173,762,41.106178,28.689863,1.0,0,0.0,1,0,3,14,919,209.0,0,6,1.0,1,0.0,Kurdistan Workers' Party (PKK)
14491,1985,9,9,0,61,2,124,520,13.505945,-88.897676,1.0,0,0.0,1,0,2,4,672,61.0,0,5,1.0,1,0.0,Farabundo Marti National Liberation Front (FMLN)
9484,1982,12,9,0,185,8,67,233,43.18418,-2.473289,1.0,0,0.0,1,0,3,3,351,185.0,0,6,1.0,1,0.0,Basque Fatherland and Freedom (ETA)
30337,1992,5,15,0,160,5,285,1166,12.26919,123.540417,1.0,0,0.0,1,0,3,3,1311,160.0,0,6,4.0,1,0.0,New People's Army (NPA)
9663,1983,1,16,0,61,2,131,24,13.447063,-88.556531,4.0,0,0.0,1,0,7,2,702,61.0,0,5,0.0,1,0.0,Farabundo Marti National Liberation Front (FMLN)
51591,2012,4,10,0,4,6,375,1508,32.047646,65.012009,1.0,0,0.0,1,0,2,3,12,4.0,0,5,2.0,0,0.0,Taliban
74149,2016,5,1,0,228,10,151,664,13.586484,44.024105,1.0,0,1.0,1,0,3,14,758,228.0,0,6,0.0,-9,0.0,Houthi extremists (Ansar Allah)
51716,2012,4,19,0,95,10,25,114,33.593056,44.501111,1.0,0,1.0,1,0,3,14,13,95.0,0,6,0.0,1,0.0,Al-Qaida in Iraq
11748,1984,3,11,0,145,2,324,1220,12.96361,-86.81472,1.0,0,0.0,1,0,3,21,1347,145.0,0,6,1.0,1,0.0,Nicaraguan Democratic Force (FDN)
34059,1995,3,29,0,75,8,201,838,52.152262,10.331013,1.0,0,0.0,1,0,7,1,939,209.0,0,8,0.0,1,0.0,Kurdistan Workers' Party (PKK)
6257,1980,2,20,0,185,8,67,240,43.291618,-1.977903,1.0,0,0.0,1,0,1,4,368,185.0,0,5,1.0,0,0.0,Basque Fatherland and Freedom (ETA)
18629,1987,12,22,0,159,3,403,1624,-17.192736,-70.932814,4.0,0,0.0,1,0,2,4,698,159.0,0,5,10.0,1,0.0,Tupac Amaru Revolutionary Movement (MRTA)
39353,2001,8,18,1,45,3,274,1094,5.449497,-74.667911,3.0,0,0.0,1,0,6,14,1245,75.0,0,5,0.0,0,1.0,National Liberation Army of Colombia (ELN)
17750,1987,7,29,0,92,6,366,1446,28.690073,77.213982,1.0,0,1.0,0,0,3,2,1083,92.0,0,6,0.0,1,0.0,Sikh Extremists
47302,2009,11,3,0,173,10,158,682,16.893194,42.57526,1.0,0,0.0,1,0,2,4,763,173.0,0,5,1.0,1,0.0,Houthi extremists (Ansar Allah)
25991,1990,10,18,0,159,3,223,925,-11.967368,-76.978462,1.0,0,1.0,0,0,3,1,355,159.0,0,6,0.0,1,0.0,Shining Path (SL)
51331,2012,3,13,0,92,6,101,947,23.91925,84.291076,2.0,0,0.0,1,0,3,3,250,92.0,0,6,0.0,1,0.0,Maoists
14109,1985,6,21,0,43,3,217,913,-33.366238,-70.505302,1.0,0,1.0,1,0,3,21,1058,43.0,0,6,0.0,1,0.0,Manuel Rodriguez Patriotic Front (FPMR)
61576,2014,7,15,0,214,9,117,488,47.927954,37.371645,3.0,0,1.0,1,0,7,1,658,214.0,0,5,1.0,1,0.0,Donetsk People's Republic
63093,2014,9,28,0,228,10,40,160,15.8275,44.793889,1.0,0,0.0,1,1,3,17,249,228.0,0,6,16.0,1,0.0,Al-Qaida in the Arabian Peninsula (AQAP)
19015,1988,2,21,0,159,3,223,925,-11.967368,-76.978462,1.0,0,0.0,1,0,3,1,1036,199.0,0,6,0.0,1,0.0,Tupac Amaru Revolutionary Movement (MRTA)
30978,1992,8,13,0,155,10,336,1286,31.346964,34.30143,1.0,0,0.0,0,0,1,14,1395,155.0,0,5,0.0,0,0.0,Palestinians
61934,2014,7,29,0,214,9,117,468,47.981647,37.762325,1.0,0,0.0,1,0,3,2,644,214.0,0,6,1.0,1,0.0,Donetsk People's Republic
72891,2016,2,16,0,209,10,185,830,37.080181,41.220196,1.0,0,1.0,0,0,2,13,934,209.0,0,5,0.0,0,0.0,Kurdistan Workers' Party (PKK)
76861,2016,10,5,0,173,10,154,672,16.529372,43.013416,1.0,0,0.0,1,0,3,4,748,173.0,0,6,0.0,1,0.0,Houthi extremists (Ansar Allah)
13998,1985,6,7,0,159,3,223,925,-11.967368,-76.978462,1.0,0,0.0,1,0,5,8,1826,159.0,0,5,0.0,1,0.0,Tupac Amaru Revolutionary Movement (MRTA)
32517,1994,2,21,0,603,8,161,697,54.607712,-5.95621,1.0,0,0.0,0,0,7,1,812,216.0,0,8,0.0,1,0.0,Irish Republican Army (IRA)
32624,1994,3,13,0,183,11,13,53,-29.965819,30.882976,1.0,0,0.0,1,0,2,14,92,183.0,0,5,1.0,1,0.0,African National Congress (South Africa)
2327,1975,9,9,0,185,8,76,260,43.189944,-2.052454,1.0,0,0.0,1,0,3,19,397,185.0,0,6,0.0,1,0.0,Basque Fatherland and Freedom (ETA)
47010,2009,8,20,0,4,6,384,1536,33.598633,69.228996,1.0,0,0.0,1,1,3,2,1717,4.0,0,6,2.0,0,0.0,Taliban
28759,1991,10,20,0,159,3,361,1632,-7.794691,-76.196402,3.0,0,0.0,1,0,2,17,333,159.0,0,5,50.0,1,0.0,Tupac Amaru Revolutionary Movement (MRTA)
62870,2014,9,18,0,228,10,42,149,15.325443,44.211895,1.0,0,0.0,1,0,3,2,767,228.0,0,6,0.0,-9,0.0,Houthi extremists (Ansar Allah)
80632,2017,5,31,0,104,11,56,193,-0.393767,40.326616,1.0,0,1.0,1,0,3,3,301,104.0,0,6,0.0,1,0.0,Al-Shabaab
62176,2014,8,12,1,95,10,29,738,35.316667,43.766667,3.0,0,0.0,1,0,6,15,883,95.0,0,5,1.0,1,1.0,Islamic State of Iraq and the Levant (ISIL)
28539,1991,9,27,0,209,10,185,829,37.415668,41.371505,1.0,0,0.0,1,0,2,4,333,209.0,0,5,0.0,1,0.0,Kurdistan Workers' Party (PKK)
83321,2017,12,1,0,182,11,58,217,4.391135,46.087469,2.0,0,0.0,0,0,1,2,336,182.0,0,5,12.0,1,0.0,Al-Shabaab
17768,1987,7,30,0,183,11,14,57,-26.184113,28.033232,1.0,0,0.0,1,0,3,4,108,183.0,0,6,1.0,1,0.0,African National Congress (South Africa)
83589,2017,12,26,0,95,10,29,753,35.198963,43.793133,1.0,0,0.0,1,0,3,4,12,95.0,0,6,2.0,0,0.0,Islamic State of Iraq and the Levant (ISIL)
59663,2014,4,15,0,160,5,306,1163,9.000313,125.269224,1.0,0,0.0,1,0,2,3,234,160.0,0,6,0.0,-9,0.0,New People's Army (NPA)
58079,2014,1,14,0,182,11,55,192,2.973305,45.535603,1.0,0,1.0,1,0,2,4,249,182.0,0,6,7.0,1,0.0,Al-Shabaab
43679,2007,4,12,0,160,5,298,1142,9.78472,125.489693,1.0,0,0.0,1,0,1,3,1099,160.0,0,5,1.0,-9,0.0,New People's Army (NPA)
4459,1978,11,12,0,185,8,67,253,43.090476,-2.31322,1.0,0,0.0,1,0,2,3,376,185.0,0,5,1.0,1,0.0,Basque Fatherland and Freedom (ETA)
13193,1984,12,24,0,145,2,315,24,13.091683,-86.000314,4.0,0,0.0,1,0,3,19,1340,145.0,0,6,1.0,1,0.0,Nicaraguan Democratic Force (FDN)
41873,2005,3,20,0,95,10,28,115,36.354145,43.14357,1.0,0,0.0,1,1,1,3,179,95.0,0,6,4.0,1,0.0,Al-Qaida in Iraq
44593,2008,3,13,0,95,10,29,116,35.271023,43.458084,1.0,0,0.0,1,1,3,17,181,95.0,0,6,4.0,0,0.0,Al-Qaida in Iraq
53073,2012,8,25,0,113,10,247,1034,32.867867,13.189067,1.0,0,1.0,1,0,7,15,1177,113.0,0,10,0.0,1,0.0,Muslim extremists
24712,1990,4,12,0,43,3,217,913,-33.366238,-70.505302,1.0,0,0.0,1,0,3,2,1057,43.0,0,6,0.0,1,0.0,Manuel Rodriguez Patriotic Front (FPMR)
79039,2017,2,19,1,160,5,2,3,6.102634,118.446977,1.0,1,0.0,1,0,4,11,3,223.0,0,5,4.0,0,1.0,Abu Sayyaf Group (ASG)
15032,1986,1,16,0,159,3,223,925,-11.967368,-76.978462,1.0,0,0.0,1,0,5,10,1825,159.0,0,5,0.0,1,1.0,Tupac Amaru Revolutionary Movement (MRTA)
23853,1989,12,7,0,45,3,273,1092,10.413711,-75.533549,1.0,0,0.0,1,0,3,3,250,45.0,0,6,0.0,1,0.0,National Liberation Army of Colombia (ELN)
75758,2016,8,2,0,147,11,89,609,9.434235,8.350026,1.0,1,1.0,1,0,2,14,27,147.0,0,5,2.0,0,0.0,Fulani extremists
47386,2009,11,29,0,153,6,402,1602,34.856902,71.429936,3.0,0,0.0,1,0,3,8,1779,153.0,0,6,0.0,1,0.0,Tehrik-i-Taliban Pakistan (TTP)
21948,1989,4,19,0,92,6,364,1442,31.787766,75.601895,1.0,0,0.0,1,0,1,14,1627,92.0,0,5,4.0,0,0.0,Sikh Extremists
68042,2015,6,3,0,160,5,0,12,6.550444,122.106467,2.0,0,0.0,0,0,2,14,13,160.0,0,5,0.0,0,0.0,Abu Sayyaf Group (ASG)
14801,1985,11,24,0,185,8,67,238,43.32412,-1.929857,1.0,0,0.0,1,0,1,3,358,185.0,0,5,1.0,0,0.0,Basque Fatherland and Freedom (ETA)
21289,1989,1,30,0,45,3,265,1066,4.667128,-74.106056,1.0,0,0.0,1,0,2,4,1212,45.0,0,5,5.0,1,1.0,National Liberation Army of Colombia (ELN)
19497,1988,5,3,0,159,3,352,1386,-12.939782,-74.247478,1.0,0,0.0,1,0,1,3,1552,159.0,0,5,1.0,0,0.0,Shining Path (SL)
26896,1991,3,16,0,185,8,67,240,43.291618,-1.977903,1.0,0,0.0,1,0,3,3,384,185.0,0,6,1.0,1,0.0,Basque Fatherland and Freedom (ETA)
23723,1989,11,17,0,185,8,70,242,40.465595,-3.696263,1.0,0,0.0,1,0,1,4,410,185.0,0,5,1.0,0,0.0,Basque Fatherland and Freedom (ETA)
15155,1986,2,4,0,159,3,223,925,-11.967368,-76.978462,1.0,0,1.0,1,0,3,21,1808,159.0,0,6,0.0,1,0.0,Tupac Amaru Revolutionary Movement (MRTA)
11672,1984,2,29,0,183,11,13,63,-29.156284,31.407625,1.0,0,0.0,1,0,3,3,105,183.0,0,6,1.0,1,0.0,African National Congress (South Africa)
28356,1991,9,10,0,43,3,217,913,-33.366238,-70.505302,1.0,0,0.0,1,0,3,2,217,43.0,0,6,0.0,1,0.0,Manuel Rodriguez Patriotic Front (FPMR)
77223,2016,10,27,0,173,10,154,667,16.893194,42.57526,1.0,0,0.0,1,0,3,14,745,173.0,0,6,0.0,0,0.0,Houthi extremists (Ansar Allah)
75688,2016,7,29,0,214,9,117,490,47.351321,37.931012,1.0,0,1.0,1,0,6,7,258,422.0,0,5,0.0,1,1.0,Donetsk People's Republic
37147,1999,1,5,0,160,5,0,16,6.681959,121.985477,1.0,0,0.0,1,0,3,4,17,160.0,0,6,0.0,1,0.0,Abu Sayyaf Group (ASG)
12915,1984,10,14,0,159,3,352,1396,-12.916667,-73.833333,3.0,0,0.0,1,0,2,9,1569,159.0,0,5,10.0,1,0.0,Shining Path (SL)
48126,2010,5,28,0,153,6,364,1578,31.50547,74.34288,1.0,0,1.0,1,1,5,15,1751,153.0,0,6,28.0,1,1.0,Tehrik-i-Taliban Pakistan (TTP)
13852,1985,5,16,0,61,2,130,24,13.447063,-88.556531,4.0,0,1.0,1,0,3,21,685,61.0,0,6,0.0,1,0.0,Farabundo Marti National Liberation Front (FMLN)
61625,2014,7,16,1,147,11,85,293,12.359468,14.210929,1.0,0,0.0,1,0,6,14,450,147.0,0,5,1.0,0,1.0,Boko Haram
28477,1991,9,26,0,159,3,223,925,-11.967368,-76.978462,1.0,0,0.0,1,0,3,1,605,159.0,0,6,0.0,1,0.0,Shining Path (SL)
51135,2012,2,23,0,95,10,33,132,32.54855,44.545441,1.0,0,1.0,1,0,3,3,12,95.0,0,6,1.0,1,0.0,Al-Qaida in Iraq
64733,2014,12,28,0,214,9,117,486,47.460209,37.86647,1.0,0,1.0,1,0,3,14,458,214.0,0,6,0.0,-9,0.0,Donetsk People's Republic
70584,2015,10,10,0,214,9,117,468,47.981647,37.762325,1.0,1,0.0,1,0,2,4,48,214.0,0,6,1.0,0,0.0,Donetsk People's Republic
56302,2013,8,4,0,93,5,246,1031,-6.170593,106.757476,1.0,0,0.0,1,0,3,15,1176,93.0,0,6,0.0,1,0.0,Muslim extremists
47597,2010,2,10,0,92,6,104,399,22.124002,84.043175,3.0,0,0.0,1,0,3,19,536,92.0,0,6,0.0,1,0.0,Communist Party of India - Maoist (CPI-Maoist)
71732,2015,12,15,0,228,10,151,677,13.548424,44.052176,3.0,0,0.0,1,0,3,4,48,228.0,0,6,0.0,-9,0.0,Houthi extremists (Ansar Allah)
10495,1983,7,7,0,45,3,265,1066,4.667128,-74.106056,1.0,0,0.0,1,0,5,10,1201,69.0,0,5,0.0,1,1.0,National Liberation Army of Colombia (ELN)
75415,2016,7,12,0,160,5,0,33,6.533689,122.166731,3.0,0,0.0,1,0,3,4,40,160.0,0,6,1.0,0,0.0,Abu Sayyaf Group (ASG)
53189,2012,9,8,0,95,10,27,120,33.835629,44.247406,1.0,0,1.0,1,0,3,4,20,95.0,0,6,5.0,1,0.0,Al-Qaida in Iraq
65963,2015,2,20,0,214,9,117,483,47.097279,37.59901,1.0,0,0.0,1,0,3,4,48,214.0,0,6,0.0,-9,0.0,Donetsk People's Republic
20510,1988,10,15,0,186,6,207,895,7.482869,81.76503,1.0,0,0.0,1,0,3,4,790,92.0,0,6,5.0,1,0.0,Liberation Tigers of Tamil Eelam (LTTE)
62258,2014,8,15,0,160,5,283,1141,7.28489,125.857258,1.0,0,0.0,1,0,3,4,59,160.0,0,6,0.0,1,0.0,New People's Army (NPA)
61681,2014,7,19,0,60,10,229,1018,31.126646,33.800865,1.0,1,0.0,1,0,3,21,1178,60.0,0,6,0.0,1,0.0,Muslim extremists
14905,1985,12,13,0,145,2,320,1221,11.88333,-86.01667,1.0,0,1.0,1,0,2,1,59,145.0,0,5,1.0,1,0.0,Nicaraguan Democratic Force (FDN)
77644,2016,11,19,1,147,11,143,598,8.658925,7.259186,2.0,0,0.0,1,0,6,14,27,147.0,0,5,2.0,0,1.0,Fulani extremists
69486,2015,8,14,0,160,5,1,2,6.066531,121.100068,1.0,0,0.0,1,0,2,4,55,160.0,0,5,2.0,0,0.0,Abu Sayyaf Group (ASG)
46786,2009,7,7,0,92,6,101,353,23.744186,84.504429,3.0,1,0.0,1,0,2,3,512,92.0,0,5,1.0,-9,0.0,Communist Party of India - Maoist (CPI-Maoist)
61208,2014,7,4,0,228,10,39,157,16.934858,47.015415,1.0,0,0.0,1,0,2,4,241,228.0,0,6,1.0,1,0.0,Al-Qaida in the Arabian Peninsula (AQAP)
11179,1983,11,29,0,159,3,352,1397,-14.385277,-73.962606,1.0,0,0.0,1,0,2,2,1572,159.0,0,8,4.0,1,0.0,Shining Path (SL)
77485,2016,11,4,0,92,6,101,379,24.003563,86.147194,1.0,0,1.0,1,0,3,22,513,92.0,0,6,0.0,1,0.0,Communist Party of India - Maoist (CPI-Maoist)
33215,1994,7,5,0,69,8,109,447,41.795233,8.741819,1.0,0,1.0,1,0,3,14,594,69.0,0,6,0.0,1,0.0,Corsican National Liberation Front (FLNC)
49506,2011,4,10,1,92,6,101,353,23.744186,84.504429,3.0,1,0.0,1,0,6,14,489,92.0,0,5,2.0,0,1.0,Communist Party of India - Maoist (CPI-Maoist)
13598,1985,4,11,0,43,3,217,920,-33.686068,-71.216633,1.0,0,0.0,1,0,3,19,56,43.0,0,6,0.0,1,0.0,Manuel Rodriguez Patriotic Front (FPMR)
38505,2000,10,16,0,185,8,68,262,37.38264,-5.996295,1.0,0,1.0,1,0,1,4,404,185.0,0,5,2.0,0,0.0,Basque Fatherland and Freedom (ETA)
18018,1987,9,9,0,603,8,161,697,54.607712,-5.95621,1.0,0,0.0,1,0,1,14,809,233.0,0,5,1.0,0,0.0,Irish Republican Army (IRA)
62763,2014,9,14,0,147,11,140,588,7.913514,10.064535,1.0,0,0.0,1,0,2,14,299,147.0,0,5,20.0,1,0.0,Fulani extremists
61075,2014,6,26,0,4,6,383,1540,31.889889,64.750946,1.0,0,0.0,1,0,2,3,1720,4.0,0,5,6.0,0,0.0,Taliban
13654,1985,4,25,0,61,2,123,519,13.779502,-88.349044,1.0,0,0.0,1,0,2,4,672,61.0,0,5,19.0,1,0.0,Farabundo Marti National Liberation Front (FMLN)
21421,1989,2,16,0,61,2,121,511,13.69288,-89.199161,1.0,0,0.0,0,0,3,3,707,61.0,0,6,0.0,1,0.0,Farabundo Marti National Liberation Front (FMLN)
51338,2012,3,14,0,182,11,52,188,2.059819,45.326115,1.0,0,0.0,1,1,3,2,329,182.0,0,6,6.0,1,0.0,Al-Shabaab
51258,2012,3,5,0,95,10,23,109,34.160587,42.37254,1.0,0,1.0,1,0,1,3,173,95.0,0,5,2.0,0,0.0,Al-Qaida in Iraq
51384,2012,3,20,0,95,10,24,108,33.303566,44.371773,1.0,0,1.0,1,0,2,3,85,95.0,0,5,3.0,0,0.0,Al-Qaida in Iraq
39143,2001,6,20,0,160,5,281,1111,10.185557,123.11749,1.0,0,0.0,1,0,2,4,1272,160.0,0,5,2.0,-9,0.0,New People's Army (NPA)
22570,1989,7,25,0,159,3,223,925,-11.967368,-76.978462,1.0,0,1.0,1,0,3,1,614,159.0,0,6,0.0,1,0.0,Tupac Amaru Revolutionary Movement (MRTA)
15719,1986,6,8,0,159,3,223,925,-11.967368,-76.978462,1.0,0,0.0,1,0,3,14,1591,159.0,0,6,1.0,1,0.0,Shining Path (SL)
65711,2015,2,9,0,214,9,117,475,48.346134,38.424828,1.0,0,0.0,1,0,3,14,458,214.0,0,6,0.0,-9,0.0,Donetsk People's Republic
16768,1987,2,19,0,159,3,223,925,-11.967368,-76.978462,1.0,0,1.0,1,0,3,10,1813,159.0,0,5,0.0,1,0.0,Tupac Amaru Revolutionary Movement (MRTA)
64369,2014,12,6,0,160,5,283,1113,7.149184,125.945636,1.0,0,0.0,0,0,2,4,48,160.0,0,5,0.0,0,0.0,New People's Army (NPA)
29702,1992,2,18,0,159,3,223,925,-11.967368,-76.978462,1.0,0,0.0,1,0,1,14,1583,159.0,0,5,1.0,0,0.0,Shining Path (SL)
24028,1990,1,7,0,69,8,109,446,41.366667,9.266843,1.0,0,1.0,1,0,3,1,205,69.0,0,6,0.0,1,0.0,Corsican National Liberation Front (FLNC)
12089,1984,4,23,0,603,8,161,698,55.011562,-7.312045,1.0,0,0.0,1,0,2,4,832,233.0,0,5,1.0,1,0.0,Irish Republican Army (IRA)
16020,1986,7,28,0,145,2,316,1219,13.62679,-85.8254,1.0,0,0.0,1,0,2,2,1346,145.0,0,5,5.0,1,0.0,Nicaraguan Democratic Force (FDN)
19794,1988,6,17,0,185,8,67,261,43.272167,-2.832167,1.0,0,0.0,1,0,7,19,398,185.0,0,8,0.0,1,0.0,Basque Fatherland and Freedom (ETA)
20473,1988,10,9,0,45,3,269,1078,1.878548,-76.267099,3.0,0,0.0,1,0,3,19,1214,45.0,0,6,0.0,1,0.0,National Liberation Army of Colombia (ELN)
81616,2017,7,25,0,209,10,191,803,37.922218,40.184376,1.0,0,0.0,1,0,2,3,911,209.0,0,6,0.0,0,0.0,Kurdistan Workers' Party (PKK)
47281,2009,10,29,0,92,6,102,378,20.514853,80.904182,2.0,0,0.0,1,0,2,3,511,92.0,0,5,1.0,0,0.0,Communist Party of India - Maoist (CPI-Maoist)
22986,1989,9,8,0,159,3,223,925,-11.967368,-76.978462,1.0,0,0.0,1,0,1,2,1843,159.0,0,5,1.0,1,0.0,Tupac Amaru Revolutionary Movement (MRTA)
16611,1987,1,13,0,145,2,315,1248,13.243611,-85.89596,1.0,0,0.0,1,0,2,4,672,145.0,0,5,1.0,1,0.0,Nicaraguan Democratic Force (FDN)
16263,1986,10,4,0,159,3,352,1383,-13.152712,-74.218628,1.0,0,0.0,1,0,3,2,1547,159.0,0,6,0.0,1,0.0,Shining Path (SL)
53083,2012,8,27,0,4,6,383,1503,32.248981,63.85825,3.0,0,0.0,1,0,2,4,290,4.0,0,5,10.0,1,0.0,Taliban
74814,2016,6,7,0,153,6,402,1595,34.595433,71.261751,2.0,0,0.0,0,0,1,17,1773,153.0,0,6,1.0,1,0.0,Tehrik-i-Taliban Pakistan (TTP)
31963,1992,12,3,0,69,8,109,24,41.918891,8.737554,4.0,0,1.0,1,0,3,2,425,69.0,0,6,0.0,1,0.0,Corsican National Liberation Front (FLNC)
8418,1982,2,26,0,45,3,270,1084,6.95284,-71.87514,1.0,0,0.0,1,0,3,2,1484,45.0,0,6,0.0,1,0.0,Revolutionary Armed Forces of Colombia (FARC)
75539,2016,7,20,0,603,8,38,1015,52.646771,0.552781,1.0,0,0.0,0,0,6,4,189,216.0,0,9,0.0,0,0.0,Muslim extremists
41413,2004,5,22,0,173,10,240,761,24.64732,46.714581,1.0,0,0.0,1,0,2,14,1168,75.0,0,5,1.0,0,0.0,Muslim extremists
65780,2015,2,12,0,92,6,101,375,23.846212,86.136746,3.0,0,1.0,1,0,3,19,504,92.0,0,6,0.0,1,0.0,Communist Party of India - Maoist (CPI-Maoist)
27834,1991,7,15,0,97,10,213,1291,32.322744,34.853921,1.0,0,0.0,0,0,1,14,1406,97.0,0,9,0.0,0,0.0,Palestinians
21656,1989,3,11,0,43,3,217,913,-33.366238,-70.505302,1.0,0,0.0,1,0,7,19,56,43.0,0,8,0.0,1,0.0,Manuel Rodriguez Patriotic Front (FPMR)
79669,2017,4,2,0,147,11,85,291,11.922882,13.281358,2.0,0,1.0,1,1,3,14,444,147.0,0,6,1.0,1,0.0,Boko Haram
27531,1991,6,12,0,159,3,223,925,-11.967368,-76.978462,1.0,0,1.0,1,0,3,1,399,159.0,0,6,0.0,1,0.0,Tupac Amaru Revolutionary Movement (MRTA)
67296,2015,5,2,0,153,6,401,1567,24.891115,67.143311,1.0,0,0.0,0,0,1,3,1772,153.0,0,6,5.0,1,0.0,Tehrik-i-Taliban Pakistan (TTP)
14292,1985,7,23,0,159,3,223,925,-11.967368,-76.978462,1.0,0,0.0,1,0,7,14,1549,159.0,0,5,0.0,1,0.0,Shining Path (SL)
36991,1998,8,4,1,45,3,264,1081,6.978951,-75.296249,1.0,0,1.0,1,0,6,2,1217,45.0,0,5,1.0,0,1.0,National Liberation Army of Colombia (ELN)
62762,2014,9,14,0,147,11,95,574,9.27114,8.942915,1.0,0,0.0,1,0,2,14,27,147.0,0,5,5.0,1,0.0,Fulani extremists
76117,2016,8,24,0,209,10,190,822,39.018605,40.574546,1.0,1,0.0,1,0,3,4,48,209.0,0,6,1.0,0,0.0,Kurdistan Workers' Party (PKK)
46567,2009,5,23,1,4,6,373,1486,30.280606,62.054597,2.0,0,0.0,1,0,6,3,1686,4.0,0,5,0.0,-9,1.0,Taliban
65671,2015,2,8,0,214,9,117,471,48.143208,37.753361,1.0,0,0.0,1,0,3,14,458,214.0,0,6,3.0,-9,0.0,Donetsk People's Republic
57127,2013,10,16,0,208,10,249,1039,36.449268,8.436416,1.0,0,0.0,1,0,2,3,282,208.0,0,5,0.0,-9,0.0,Muslim extremists
15366,1986,3,26,0,92,6,364,1462,31.234401,76.505465,1.0,0,0.0,1,0,2,14,27,92.0,0,9,7.0,1,0.0,Sikh Extremists
29328,1991,12,25,0,45,3,264,24,6.2675,-75.568611,4.0,0,0.0,1,0,2,1,1242,45.0,0,5,3.0,1,0.0,National Liberation Army of Colombia (ELN)
4813,1979,3,10,0,69,8,109,24,41.918891,8.737554,4.0,0,1.0,1,0,3,1,581,69.0,0,6,0.0,1,0.0,Corsican National Liberation Front (FLNC)
68947,2015,7,19,0,182,11,49,211,2.407686,42.97077,3.0,0,0.0,1,1,3,4,325,422.0,0,6,7.0,0,0.0,Al-Shabaab
39205,2001,8,2,1,160,5,0,34,6.62139,122.143825,1.0,0,0.0,1,0,6,14,42,160.0,0,9,4.0,1,1.0,Abu Sayyaf Group (ASG)
73065,2016,2,26,0,160,5,291,1130,7.189447,124.92525,1.0,0,0.0,1,0,3,3,250,160.0,0,6,0.0,1,0.0,New People's Army (NPA)
79731,2017,4,6,0,95,10,28,115,36.354145,43.14357,1.0,0,0.0,1,0,3,4,882,95.0,0,6,2.0,1,0.0,Islamic State of Iraq and the Levant (ISIL)
43302,2006,9,12,0,209,10,190,802,38.750384,40.554192,1.0,0,0.0,1,0,3,19,910,209.0,0,6,0.0,1,0.0,Kurdistan Workers' Party (PKK)
68866,2015,7,14,0,147,11,87,323,11.763937,12.263129,1.0,0,1.0,1,0,2,14,27,147.0,0,5,0.0,1,0.0,Boko Haram
68581,2015,7,1,0,92,6,105,963,20.937726,85.089076,2.0,0,0.0,1,0,8,14,1117,92.0,0,9,1.0,0,1.0,Maoists
71267,2015,11,15,1,160,5,290,1125,8.892579,126.300309,2.0,0,0.0,1,0,6,14,1282,160.0,0,5,1.0,0,1.0,New People's Army (NPA)
51628,2012,4,14,0,4,6,379,1492,34.229213,70.193208,2.0,0,1.0,1,0,2,4,1690,422.0,0,5,0.0,1,0.0,Taliban
42727,2006,2,6,0,141,6,213,975,27.66897,85.319824,1.0,0,0.0,1,0,2,19,1132,141.0,0,5,1.0,0,0.0,Maoists
46308,2009,3,30,0,153,6,364,1591,32.5539,72.131987,1.0,0,0.0,1,0,2,3,1766,153.0,0,6,12.0,1,1.0,Tehrik-i-Taliban Pakistan (TTP)
19297,1988,4,9,0,183,11,14,65,-25.748281,28.212069,1.0,0,0.0,1,0,3,2,109,183.0,0,6,0.0,1,0.0,African National Congress (South Africa)
77530,2016,11,13,0,182,11,52,188,2.059819,45.326115,1.0,0,0.0,1,0,2,4,189,182.0,0,5,1.0,1,0.0,Al-Shabaab
51275,2012,3,6,0,228,10,43,154,14.536389,46.833056,1.0,0,0.0,1,0,2,4,20,228.0,0,5,1.0,0,0.0,Al-Qaida in the Arabian Peninsula (AQAP)
12094,1984,4,23,0,145,2,315,1198,13.45396,-85.64027,1.0,0,0.0,1,0,2,4,672,145.0,0,5,0.0,1,0.0,Nicaraguan Democratic Force (FDN)
74727,2016,6,2,0,228,10,39,153,14.54397,49.12458,1.0,0,0.0,0,0,3,2,217,228.0,0,6,0.0,0,0.0,Al-Qaida in the Arabian Peninsula (AQAP)
15384,1986,3,26,0,43,3,218,917,-36.816006,-73.037659,1.0,0,1.0,1,0,3,1,1040,43.0,0,6,0.0,1,0.0,Manuel Rodriguez Patriotic Front (FPMR)
52158,2012,5,30,0,160,5,302,1152,13.132009,123.89089,1.0,0,0.0,1,0,2,4,1300,160.0,0,5,1.0,0,0.0,New People's Army (NPA)
33380,1994,8,21,0,185,8,67,257,43.365899,-2.996356,1.0,0,0.0,1,0,1,3,393,185.0,0,5,1.0,0,0.0,Basque Fatherland and Freedom (ETA)
12082,1984,4,22,0,145,2,315,1214,13.367126,-85.672322,1.0,0,0.0,1,0,2,4,672,145.0,0,5,1.0,1,0.0,Nicaraguan Democratic Force (FDN)
2261,1975,8,2,0,603,8,161,702,54.446614,-6.690752,1.0,0,0.0,1,0,1,4,793,233.0,0,5,1.0,0,0.0,Irish Republican Army (IRA)
39508,2001,9,7,0,186,6,207,859,8.577826,81.218719,1.0,0,0.0,1,0,2,4,975,186.0,0,5,4.0,-9,0.0,Liberation Tigers of Tamil Eelam (LTTE)
81639,2017,7,26,0,95,10,33,735,32.867008,44.220455,1.0,0,0.0,1,1,3,4,20,95.0,0,6,1.0,0,0.0,Islamic State of Iraq and the Levant (ISIL)
21123,1989,1,11,0,92,6,369,1457,24.37938,73.338447,2.0,0,0.0,1,0,1,14,1646,92.0,0,5,3.0,0,0.0,Sikh Extremists
11130,1983,11,15,0,45,3,264,1323,6.828333,-75.513056,2.0,0,0.0,0,0,1,1,1477,45.0,0,5,0.0,0,0.0,Revolutionary Armed Forces of Colombia (FARC)
33007,1994,5,14,0,209,10,182,807,37.522653,42.452637,1.0,1,0.0,1,0,2,4,333,209.0,0,5,2.0,1,0.0,Kurdistan Workers' Party (PKK)
83435,2017,12,10,0,182,11,58,206,4.787153,45.032951,1.0,0,0.0,1,0,7,1,315,182.0,0,8,0.0,1,0.0,Al-Shabaab
45716,2008,11,8,0,153,6,400,1573,35.075339,72.854657,1.0,0,0.0,1,0,3,19,1745,153.0,0,6,0.0,1,0.0,Tehrik-i-Taliban Pakistan (TTP)
82087,2017,8,24,0,153,6,402,1596,34.595278,71.461111,1.0,0,1.0,0,0,1,17,1775,153.0,0,6,0.0,1,0.0,Tehrik-i-Taliban Pakistan (TTP)
11177,1983,11,28,0,45,3,268,1074,7.116294,-73.120026,1.0,0,0.0,1,0,3,15,1209,45.0,0,6,0.0,1,0.0,National Liberation Army of Colombia (ELN)
60356,2014,5,23,0,228,10,156,24,16.256921,43.943679,4.0,0,0.0,1,0,3,15,750,228.0,0,6,0.0,1,0.0,Houthi extremists (Ansar Allah)
3233,1977,5,5,0,603,8,161,697,54.607712,-5.95621,1.0,0,0.0,1,0,1,14,786,233.0,0,5,1.0,0,0.0,Irish Republican Army (IRA)
46305,2009,3,30,0,92,6,101,380,23.893139,85.894669,1.0,0,0.0,1,0,3,14,514,92.0,0,6,0.0,1,0.0,Communist Party of India - Maoist (CPI-Maoist)
56957,2013,9,30,0,95,10,24,108,33.303566,44.371773,1.0,0,1.0,1,0,3,14,881,95.0,0,6,6.0,-9,0.0,Islamic State of Iraq and the Levant (ISIL)
27938,1991,7,26,0,155,10,333,1297,32.405292,35.201729,1.0,1,0.0,1,0,2,19,1414,97.0,0,5,0.0,1,0.0,Palestinians
55052,2013,4,5,1,160,5,308,1169,16.753657,121.03983,1.0,0,0.0,1,0,6,3,85,160.0,0,5,3.0,0,-9.0,New People's Army (NPA)
15672,1986,5,27,0,185,8,68,244,36.539004,-4.624353,1.0,0,0.0,1,0,3,1,364,185.0,0,6,1.0,1,0.0,Basque Fatherland and Freedom (ETA)
43304,2006,9,12,0,186,6,207,859,8.577826,81.218719,1.0,0,0.0,1,0,2,3,960,186.0,0,5,1.0,0,0.0,Liberation Tigers of Tamil Eelam (LTTE)
36254,1997,4,21,0,186,6,207,874,7.921328,81.52467,1.0,0,0.0,1,0,2,3,861,186.0,0,5,1.0,0,0.0,Liberation Tigers of Tamil Eelam (LTTE)
25256,1990,6,22,0,186,6,207,897,7.331414,81.833366,1.0,0,0.0,1,0,2,14,1004,186.0,0,5,62.0,1,0.0,Liberation Tigers of Tamil Eelam (LTTE)
40361,2002,10,3,0,160,5,4,15,6.929089,122.07885,1.0,0,0.0,1,0,3,15,62,160.0,0,6,0.0,1,0.0,Abu Sayyaf Group (ASG)
15023,1986,1,14,0,145,2,317,1201,13.131923,-86.345742,3.0,0,0.0,1,0,2,2,1337,145.0,0,5,1.0,1,0.0,Nicaraguan Democratic Force (FDN)
78944,2017,2,13,0,113,10,234,1019,32.831712,21.687634,1.0,0,0.0,0,0,1,4,1162,113.0,0,5,0.0,0,0.0,Muslim extremists
4811,1979,3,10,0,69,8,109,24,41.918891,8.737554,4.0,0,1.0,1,0,3,1,581,69.0,0,6,0.0,1,0.0,Corsican National Liberation Front (FLNC)
30606,1992,6,27,0,97,10,333,1301,32.246808,35.48904,1.0,0,0.0,0,0,1,14,1429,97.0,0,9,0.0,0,0.0,Palestinians
22339,1989,6,18,0,155,10,336,24,31.356553,34.326901,4.0,0,0.0,1,0,2,4,1439,97.0,0,5,0.0,1,0.0,Palestinians
51138,2012,2,23,0,95,10,25,112,33.100529,44.584492,1.0,0,1.0,1,0,3,3,85,95.0,0,6,0.0,0,0.0,Al-Qaida in Iraq
53166,2012,9,5,0,147,11,85,287,11.840929,13.141459,1.0,0,1.0,1,0,7,16,448,147.0,0,8,4.0,1,0.0,Boko Haram
13957,1985,6,1,0,145,2,331,1245,13.333325,-85.372013,1.0,0,0.0,1,0,2,4,333,145.0,0,5,1.0,1,0.0,Nicaraguan Democratic Force (FDN)
48627,2010,9,18,0,4,6,386,1524,36.420551,64.89389,1.0,0,0.0,1,0,3,2,1707,4.0,0,6,0.0,0,0.0,Taliban
57969,2014,1,5,0,153,6,401,1567,24.891115,67.143311,1.0,0,0.0,1,0,2,3,85,153.0,0,6,2.0,1,0.0,Tehrik-i-Taliban Pakistan (TTP)
74546,2016,5,23,0,200,10,170,755,34.896112,35.886553,1.0,0,1.0,1,1,3,19,885,200.0,0,6,18.0,1,0.0,Islamic State of Iraq and the Levant (ISIL)
15795,1986,6,15,0,183,11,14,89,-26.250692,28.441941,1.0,0,0.0,1,0,3,3,106,183.0,0,6,0.0,1,0.0,African National Congress (South Africa)
75519,2016,7,18,1,214,9,238,1025,50.4501,30.5234,1.0,0,0.0,1,0,6,2,1166,214.0,0,5,0.0,1,1.0,Muslim extremists
40778,2003,3,26,0,45,3,278,1322,3.113889,-76.626111,1.0,0,0.0,0,0,3,21,1517,45.0,0,6,0.0,0,0.0,Revolutionary Armed Forces of Colombia (FARC)
27862,1991,7,17,0,159,3,404,1625,-12.050894,-77.126074,1.0,0,0.0,1,0,3,21,1805,159.0,0,6,0.0,1,0.0,Tupac Amaru Revolutionary Movement (MRTA)
20424,1988,10,4,0,43,3,217,913,-33.366238,-70.505302,1.0,0,1.0,1,0,3,21,1038,43.0,0,6,0.0,1,0.0,Manuel Rodriguez Patriotic Front (FPMR)
14284,1985,7,22,0,145,2,325,1236,12.836184,-85.934374,1.0,0,0.0,1,0,2,4,333,145.0,0,5,3.0,1,0.0,Nicaraguan Democratic Force (FDN)
31892,1992,11,22,0,97,10,335,1280,31.771599,35.2034,1.0,0,0.0,0,0,1,8,1386,97.0,0,9,0.0,0,0.0,Palestinians
28170,1991,8,16,0,98,8,71,245,41.890961,12.490069,1.0,0,0.0,1,0,3,7,378,185.0,0,6,0.0,1,0.0,Basque Fatherland and Freedom (ETA)
50116,2011,9,27,0,92,6,105,392,18.815236,82.712102,1.0,0,0.0,1,0,2,14,528,92.0,0,9,1.0,0,0.0,Communist Party of India - Maoist (CPI-Maoist)
61905,2014,7,28,0,92,6,102,950,17.938513,81.133357,2.0,1,0.0,1,0,2,4,1109,92.0,0,5,10.0,0,0.0,Maoists
34779,1995,11,2,0,186,6,207,857,9.748074,79.882883,1.0,0,0.0,1,0,3,4,958,186.0,0,6,2.0,1,0.0,Liberation Tigers of Tamil Eelam (LTTE)
80431,2017,5,21,0,95,10,176,769,31.300213,45.277092,1.0,0,0.0,0,0,3,20,6,95.0,0,6,0.0,0,0.0,Islamic State of Iraq and the Levant (ISIL)
63196,2014,10,2,0,214,9,117,468,47.981647,37.762325,1.0,0,0.0,1,0,3,12,425,422.0,0,6,1.0,1,0.0,Donetsk People's Republic
51084,2012,2,18,1,92,6,101,354,24.177863,86.306667,3.0,0,0.0,1,0,6,1,1134,92.0,0,5,0.0,1,1.0,Maoists
26142,1990,11,10,0,92,6,364,1437,30.210994,74.945474,1.0,0,0.0,1,0,1,14,1622,92.0,0,5,2.0,0,0.0,Sikh Extremists
4788,1979,3,10,0,69,8,110,52,48.856644,2.34233,1.0,0,0.0,1,0,3,1,606,69.0,0,6,0.0,1,0.0,Corsican National Liberation Front (FLNC)
29274,1991,12,18,0,155,10,336,1009,31.278791,34.256435,1.0,0,0.0,0,0,1,4,1388,97.0,0,5,0.0,0,0.0,Palestinians
50255,2011,11,2,0,104,11,62,187,2.809093,40.927444,1.0,0,0.0,1,0,3,1,313,104.0,0,5,0.0,1,0.0,Al-Shabaab
26710,1991,2,6,0,45,3,268,24,6.643708,-73.653621,4.0,1,1.0,1,0,3,21,1476,45.0,0,6,0.0,1,0.0,Revolutionary Armed Forces of Colombia (FARC)
27446,1991,6,2,0,159,3,350,917,-11.918478,-75.312889,1.0,0,0.0,1,0,1,3,1548,159.0,0,5,3.0,0,0.0,Shining Path (SL)
66271,2015,3,10,0,214,9,117,473,48.064426,37.673248,1.0,0,1.0,1,0,3,4,655,214.0,0,6,0.0,0,0.0,Donetsk People's Republic
14961,1985,12,26,0,145,2,316,1219,13.62679,-85.8254,1.0,0,0.0,1,0,2,4,672,145.0,0,5,1.0,1,0.0,Nicaraguan Democratic Force (FDN)
60386,2014,5,24,0,228,10,39,162,15.940011,48.789753,1.0,0,1.0,1,0,3,2,161,228.0,0,6,3.0,-9,0.0,Al-Qaida in the Arabian Peninsula (AQAP)
19336,1988,4,16,0,159,3,223,925,-11.967368,-76.978462,1.0,0,0.0,1,0,3,7,1817,217.0,0,6,0.0,1,0.0,Tupac Amaru Revolutionary Movement (MRTA)
13182,1984,12,19,0,43,3,217,913,-33.366238,-70.505302,1.0,0,0.0,1,0,3,1,152,43.0,0,6,1.0,1,0.0,Manuel Rodriguez Patriotic Front (FPMR)
58395,2014,2,2,0,182,11,52,188,2.059819,45.326115,1.0,0,0.0,1,0,3,4,0,182.0,0,6,1.0,-9,0.0,Al-Shabaab
32099,1992,12,16,0,45,3,266,1083,10.333818,-73.181276,1.0,0,0.0,1,0,2,3,628,45.0,0,5,0.0,1,0.0,National Liberation Army of Colombia (ELN)
24747,1990,4,20,0,92,6,364,1438,31.8186,75.2028,1.0,0,0.0,1,0,2,14,1623,92.0,0,5,4.0,1,0.0,Sikh Extremists
15789,1986,6,14,0,159,3,223,925,-11.967368,-76.978462,1.0,0,1.0,1,0,3,14,1844,159.0,0,6,0.0,1,0.0,Tupac Amaru Revolutionary Movement (MRTA)
45922,2008,12,28,0,92,6,102,400,18.791667,80.816667,3.0,0,0.0,1,0,2,14,537,92.0,0,5,3.0,0,0.0,Communist Party of India - Maoist (CPI-Maoist)
77565,2016,11,15,1,147,11,143,598,8.658925,7.259186,2.0,0,0.0,1,0,6,14,13,147.0,0,5,1.0,1,1.0,Fulani extremists
80848,2017,6,12,1,45,3,261,1091,7.137932,-72.664123,1.0,0,0.0,1,0,6,1,1237,45.0,0,5,0.0,0,1.0,National Liberation Army of Colombia (ELN)
6793,1980,7,9,0,155,10,333,1276,32.222271,35.253506,1.0,0,0.0,0,0,3,20,582,97.0,0,6,1.0,1,0.0,Palestinians
1541,1973,11,26,0,603,8,161,697,54.607712,-5.95621,1.0,0,0.0,1,0,1,14,825,233.0,0,5,1.0,0,0.0,Irish Republican Army (IRA)
18104,1987,9,23,0,43,3,217,913,-33.366238,-70.505302,1.0,0,0.0,1,0,3,8,1046,43.0,0,6,0.0,1,0.0,Manuel Rodriguez Patriotic Front (FPMR)
21242,1989,1,26,0,92,6,364,24,31.147131,75.341218,4.0,0,0.0,0,0,3,19,1656,92.0,0,6,0.0,1,0.0,Sikh Extremists
45238,2008,7,20,0,185,8,67,234,43.258434,-2.921819,1.0,0,0.0,1,0,3,1,372,216.0,0,6,0.0,-9,0.0,Basque Fatherland and Freedom (ETA)
35111,1996,3,1,0,186,6,209,892,7.115312,81.852488,1.0,0,0.0,1,0,1,14,999,186.0,0,5,1.0,0,0.0,Liberation Tigers of Tamil Eelam (LTTE)
75208,2016,6,28,0,182,11,55,213,2.777264,45.500641,1.0,1,0.0,1,0,2,4,258,422.0,0,5,1.0,0,0.0,Al-Shabaab
23075,1989,9,15,0,183,11,14,90,-26.371483,28.408806,1.0,0,0.0,0,0,3,3,139,183.0,0,6,1.0,1,0.0,African National Congress (South Africa)
19647,1988,5,27,0,186,6,207,886,8.410029,81.26737,1.0,0,0.0,1,0,3,4,988,92.0,0,6,6.0,1,0.0,Liberation Tigers of Tamil Eelam (LTTE)
62687,2014,9,9,0,95,10,23,747,33.391567,43.854069,1.0,0,0.0,1,0,2,4,273,95.0,0,5,2.0,-9,0.0,Islamic State of Iraq and the Levant (ISIL)
15191,1986,2,15,0,183,11,13,58,-29.861824,31.008293,1.0,0,0.0,1,0,3,21,97,183.0,0,6,1.0,1,0.0,African National Congress (South Africa)
64185,2014,11,26,0,95,10,28,748,36.407394,42.964626,1.0,0,0.0,1,0,3,3,880,95.0,0,6,0.0,1,0.0,Islamic State of Iraq and the Levant (ISIL)
6241,1980,2,16,0,155,10,336,1281,31.502407,34.459743,1.0,0,0.0,1,0,3,14,1422,97.0,0,6,0.0,1,0.0,Palestinians
53932,2012,11,27,0,92,6,108,973,19.414501,80.590422,1.0,1,0.0,0,0,2,3,12,92.0,0,5,0.0,0,0.0,Maoists
73627,2016,4,1,0,95,10,23,24,33.982013,42.594834,4.0,0,1.0,1,1,3,4,0,95.0,0,6,23.0,0,0.0,Islamic State of Iraq and the Levant (ISIL)
26052,1990,10,25,0,92,6,368,1449,30.733315,76.779418,1.0,0,0.0,1,0,2,14,1635,92.0,0,5,7.0,1,0.0,Sikh Extremists
20592,1988,10,26,0,185,8,67,237,42.84964,-2.692359,1.0,0,0.0,1,0,3,1,355,185.0,0,6,0.0,1,0.0,Basque Fatherland and Freedom (ETA)
80687,2017,6,3,0,95,10,28,115,36.354145,43.14357,1.0,0,0.0,1,1,3,4,48,95.0,0,6,13.0,1,0.0,Islamic State of Iraq and the Levant (ISIL)
10842,1983,9,17,0,145,2,323,1211,11.948379,-86.300271,1.0,0,0.0,1,0,2,4,672,145.0,0,5,1.0,1,0.0,Nicaraguan Democratic Force (FDN)
40500,2002,12,27,0,141,6,213,971,27.708754,85.329498,1.0,1,0.0,1,0,3,2,1126,141.0,0,6,0.0,1,0.0,Maoists
74622,2016,5,27,0,146,11,93,308,13.695975,13.322427,1.0,1,0.0,1,0,2,4,48,146.0,0,6,10.0,0,0.0,Boko Haram
53949,2012,11,30,0,160,5,294,1137,10.916619,124.699994,1.0,0,0.0,1,0,2,4,1293,160.0,0,5,1.0,1,0.0,New People's Army (NPA)
76827,2016,10,4,0,182,11,54,191,-0.357847,42.54665,1.0,0,0.0,1,0,3,2,249,182.0,0,6,0.0,1,0.0,Al-Shabaab
41725,2004,12,14,0,95,10,24,108,33.303566,44.371773,1.0,0,0.0,1,1,3,4,213,95.0,0,6,2.0,1,0.0,Al-Qaida in Iraq
47461,2009,12,25,0,153,6,400,1564,34.006004,71.53743,1.0,0,0.0,1,0,3,8,1756,153.0,0,6,0.0,1,0.0,Tehrik-i-Taliban Pakistan (TTP)
18298,1987,10,20,0,92,6,366,1446,28.690073,77.213982,1.0,0,0.0,1,0,2,14,1634,92.0,0,5,10.0,0,0.0,Sikh Extremists
76864,2016,10,6,0,92,6,101,375,23.669296,86.151112,3.0,0,1.0,1,0,5,19,508,92.0,0,5,0.0,1,1.0,Communist Party of India - Maoist (CPI-Maoist)
56379,2013,8,9,0,160,5,289,1124,14.975632,121.068392,1.0,0,0.0,1,0,2,4,1281,160.0,0,5,3.0,0,0.0,New People's Army (NPA)
75454,2016,7,13,0,147,11,136,596,7.047112,8.591723,1.0,0,1.0,1,0,2,8,733,147.0,0,5,2.0,-9,0.0,Fulani extremists
60161,2014,5,13,0,4,6,381,1495,32.100204,66.901016,1.0,0,0.0,1,1,3,3,250,4.0,0,6,1.0,1,0.0,Taliban
13958,1985,6,1,0,145,2,316,1219,13.62679,-85.8254,1.0,0,0.0,1,0,2,4,333,145.0,0,5,1.0,1,0.0,Nicaraguan Democratic Force (FDN)
7362,1981,2,10,0,155,10,333,1285,31.907141,35.198219,1.0,0,0.0,1,0,2,14,1435,97.0,0,8,1.0,1,0.0,Palestinians
19373,1988,4,22,0,159,3,405,1627,-6.779131,-79.83942,1.0,0,0.0,1,0,3,1,1816,159.0,0,6,0.0,1,0.0,Tupac Amaru Revolutionary Movement (MRTA)
15998,1986,7,26,0,185,8,67,239,43.054198,-2.178116,1.0,0,0.0,1,0,3,3,359,185.0,0,6,0.0,1,0.0,Basque Fatherland and Freedom (ETA)
11229,1983,12,11,0,145,2,324,1213,12.833333,-87.366667,1.0,0,0.0,1,0,6,4,672,145.0,0,5,1.0,1,1.0,Nicaraguan Democratic Force (FDN)
63475,2014,10,16,0,228,10,36,143,13.966953,44.002258,1.0,0,1.0,1,0,7,2,161,228.0,0,8,1.0,1,0.0,Al-Qaida in the Arabian Peninsula (AQAP)
61980,2014,8,1,0,182,11,52,188,2.059819,45.326115,1.0,0,0.0,1,0,1,2,327,182.0,0,5,1.0,1,0.0,Al-Shabaab
60733,2014,6,9,0,214,9,118,478,49.181837,37.27858,3.0,0,0.0,1,0,2,4,258,214.0,0,5,0.0,1,0.0,Donetsk People's Republic
49235,2011,2,2,0,147,11,85,281,10.6111,12.195,1.0,0,0.0,1,0,2,3,441,147.0,0,5,1.0,-9,0.0,Boko Haram
12285,1984,6,2,0,92,6,364,1447,29.886653,76.019607,1.0,0,0.0,1,0,1,14,1633,92.0,0,5,1.0,0,0.0,Sikh Extremists
10586,1983,7,24,0,145,2,321,1215,12.538409,-85.573921,2.0,1,0.0,1,0,7,19,1343,145.0,0,5,1.0,1,0.0,Nicaraguan Democratic Force (FDN)
67500,2015,5,10,0,228,10,37,680,12.867085,44.981911,1.0,0,0.0,1,0,3,14,757,228.0,0,6,1.0,-9,0.0,Houthi extremists (Ansar Allah)
83523,2017,12,19,0,92,6,100,349,25.078006,86.222193,1.0,0,0.0,1,0,1,2,484,92.0,0,9,1.0,-9,1.0,Communist Party of India - Maoist (CPI-Maoist)
54742,2013,2,28,0,153,6,402,1571,34.565494,71.477429,3.0,0,1.0,1,0,3,8,1739,153.0,0,6,0.0,1,0.0,Tehrik-i-Taliban Pakistan (TTP)
67919,2015,5,28,0,228,10,42,149,15.325443,44.211895,1.0,0,0.0,0,0,6,2,754,228.0,0,5,2.0,0,1.0,Houthi extremists (Ansar Allah)
6431,1980,4,1,0,97,10,209,1298,32.788284,35.521675,1.0,0,0.0,1,0,3,14,433,97.0,0,6,0.0,1,0.0,Palestinians
42305,2005,8,16,0,186,6,207,856,7.733107,81.68882,1.0,0,0.0,1,0,2,3,962,186.0,0,5,0.0,0,0.0,Liberation Tigers of Tamil Eelam (LTTE)
28814,1991,10,25,0,155,10,333,1285,31.907141,35.198219,1.0,0,0.0,1,0,2,4,12,97.0,0,8,0.0,1,0.0,Palestinians
4795,1979,3,10,0,69,8,109,24,41.918891,8.737554,4.0,0,1.0,1,0,3,1,581,69.0,0,6,0.0,1,0.0,Corsican National Liberation Front (FLNC)
53936,2012,11,28,0,4,6,375,1516,31.631083,65.742226,1.0,0,0.0,1,1,3,14,13,4.0,0,6,1.0,0,0.0,Taliban
20034,1988,7,26,0,183,11,14,76,-26.252697,27.870275,1.0,0,0.0,1,0,1,2,133,183.0,0,6,1.0,1,0.0,African National Congress (South Africa)
47352,2009,11,17,0,95,10,25,110,33.74324,44.623825,1.0,0,0.0,1,0,1,17,174,95.0,0,5,2.0,-9,0.0,Al-Qaida in Iraq
29976,1992,3,25,0,75,8,202,560,52.50153,13.401851,1.0,0,1.0,1,0,7,6,425,209.0,0,9,0.0,1,0.0,Kurdistan Workers' Party (PKK)
70291,2015,9,24,0,92,6,102,969,18.257257,81.298996,1.0,1,0.0,1,0,3,4,1123,92.0,0,6,0.0,0,0.0,Maoists
59964,2014,5,3,0,214,9,117,484,48.730804,37.574596,1.0,0,0.0,1,0,7,19,656,214.0,0,8,0.0,1,0.0,Donetsk People's Republic
35921,1996,11,28,0,45,3,266,1342,10.47692,-73.25049,1.0,0,0.0,1,0,3,2,1497,45.0,0,6,0.0,1,0.0,Revolutionary Armed Forces of Colombia (FARC)
65491,2015,1,30,0,214,9,117,468,47.981647,37.762325,1.0,0,0.0,1,0,3,19,650,214.0,0,6,2.0,1,0.0,Donetsk People's Republic
26199,1990,11,26,0,159,3,223,925,-11.967368,-76.978462,1.0,0,0.0,1,0,6,1,1835,159.0,0,5,0.0,0,1.0,Tupac Amaru Revolutionary Movement (MRTA)
9895,1983,3,6,0,61,2,129,542,13.5,-88.9,1.0,0,0.0,1,0,2,4,683,61.0,0,5,1.0,1,0.0,Farabundo Marti National Liberation Front (FMLN)
66449,2015,3,20,0,153,6,401,1567,24.891115,67.143311,1.0,0,0.0,1,1,3,4,1736,153.0,0,6,4.0,1,0.0,Tehrik-i-Taliban Pakistan (TTP)
64709,2014,12,27,0,182,11,53,189,4.120602,43.890526,1.0,1,0.0,1,0,2,19,296,182.0,0,5,5.0,1,0.0,Al-Shabaab
49510,2011,4,12,0,45,3,261,1098,8.436226,-73.286661,1.0,1,0.0,1,0,3,21,1478,45.0,0,6,0.0,1,0.0,Revolutionary Armed Forces of Colombia (FARC)
18040,1987,9,13,0,43,3,217,913,-33.366238,-70.505302,1.0,0,0.0,1,0,3,19,1044,43.0,0,6,1.0,1,0.0,Manuel Rodriguez Patriotic Front (FPMR)
37595,1999,8,23,1,107,7,251,1043,39.632764,70.973749,1.0,0,0.0,1,0,6,1,1183,101.0,0,5,0.0,-9,1.0,Muslim extremists
21121,1989,1,10,0,186,6,207,863,8.499728,81.094412,1.0,0,0.0,1,0,2,4,672,186.0,0,5,3.0,1,0.0,Liberation Tigers of Tamil Eelam (LTTE)
40163,2002,6,16,1,45,3,263,24,1.637898,-77.745208,4.0,0,0.0,1,0,6,14,1218,45.0,0,5,0.0,0,1.0,National Liberation Army of Colombia (ELN)
3435,1977,8,6,0,603,8,161,697,54.607712,-5.95621,1.0,0,1.0,1,0,7,1,796,216.0,0,8,0.0,1,0.0,Irish Republican Army (IRA)
67247,2015,4,29,0,4,6,389,24,35.170056,63.76864,4.0,0,0.0,1,0,2,3,1147,4.0,0,8,3.0,1,0.0,Taliban
45843,2008,12,11,0,153,6,400,1581,34.76548,72.328087,1.0,1,0.0,1,0,7,8,1753,153.0,0,8,0.0,1,0.0,Tehrik-i-Taliban Pakistan (TTP)
26948,1991,3,24,0,186,6,207,865,7.219392,81.849757,1.0,0,0.0,1,0,3,14,965,186.0,0,6,8.0,1,0.0,Liberation Tigers of Tamil Eelam (LTTE)
68452,2015,6,23,0,214,9,117,472,48.092945,37.609921,1.0,0,0.0,1,0,3,14,27,214.0,0,6,0.0,-9,0.0,Donetsk People's Republic
14529,1985,9,20,0,145,2,326,1224,13.84504,-84.67929,1.0,0,0.0,1,0,2,4,672,145.0,0,5,1.0,1,0.0,Nicaraguan Democratic Force (FDN)
49127,2011,1,6,0,92,6,101,368,23.075278,85.278889,3.0,0,0.0,1,0,1,14,502,92.0,0,5,1.0,-9,1.0,Communist Party of India - Maoist (CPI-Maoist)
19205,1988,3,23,0,160,5,7,1143,6.929089,122.07885,1.0,0,1.0,1,0,3,3,425,160.0,0,6,0.0,1,0.0,New People's Army (NPA)
44118,2007,9,2,0,160,5,290,1129,8.217759,126.314871,1.0,0,0.0,1,0,2,3,1285,160.0,0,5,1.0,0,0.0,New People's Army (NPA)
5765,1979,10,25,0,69,8,110,52,48.856644,2.34233,1.0,0,0.0,1,0,3,4,609,69.0,0,6,0.0,1,0.0,Corsican National Liberation Front (FLNC)
54121,2012,12,31,0,95,10,33,125,32.469238,44.416637,1.0,0,1.0,1,0,3,2,195,95.0,0,6,2.0,1,0.0,Al-Qaida in Iraq
26878,1991,3,14,0,186,6,210,876,7.939525,81.000963,1.0,0,0.0,1,0,3,19,977,186.0,0,6,0.0,1,0.0,Liberation Tigers of Tamil Eelam (LTTE)
59290,2014,3,29,0,182,11,50,208,1.716188,44.768864,1.0,0,0.0,1,0,2,4,189,182.0,0,5,1.0,0,0.0,Al-Shabaab
3426,1977,8,6,0,603,8,161,697,54.607712,-5.95621,1.0,0,1.0,1,0,7,1,796,216.0,0,8,0.0,1,0.0,Irish Republican Army (IRA)
16036,1986,7,31,0,159,3,351,1399,-9.929478,-76.239738,1.0,0,0.0,1,0,3,2,1578,159.0,0,6,1.0,1,0.0,Shining Path (SL)
53095,2012,8,30,0,228,10,42,149,15.325443,44.211895,1.0,0,0.0,1,0,1,2,267,228.0,0,5,1.0,0,0.0,Al-Qaida in the Arabian Peninsula (AQAP)
8758,1982,5,12,0,183,11,14,76,-26.252697,27.870275,1.0,0,0.0,1,0,3,2,123,183.0,0,6,0.0,1,0.0,African National Congress (South Africa)
21298,1989,1,31,0,160,5,6,24,6.633477,124.600515,4.0,0,0.0,1,0,2,4,1283,160.0,0,5,4.0,1,0.0,New People's Army (NPA)
58099,2014,1,15,0,95,10,25,760,33.716995,44.679516,1.0,0,1.0,1,1,3,14,886,95.0,0,6,17.0,1,0.0,Islamic State of Iraq and the Levant (ISIL)
29073,1991,11,17,0,209,10,197,828,37.936623,42.547486,1.0,0,0.0,1,0,2,3,932,209.0,0,5,0.0,1,0.0,Kurdistan Workers' Party (PKK)
26514,1991,1,10,0,61,2,125,521,13.703735,-88.804566,1.0,0,0.0,1,0,2,3,333,61.0,0,5,0.0,1,0.0,Farabundo Marti National Liberation Front (FMLN)
53976,2012,12,3,0,160,5,299,1145,12.05,125.067,1.0,0,0.0,1,0,2,2,1296,160.0,0,5,0.0,1,0.0,New People's Army (NPA)
19932,1988,7,10,0,186,6,209,894,9.267091,80.814248,1.0,0,0.0,1,0,2,19,56,186.0,0,5,2.0,1,0.0,Liberation Tigers of Tamil Eelam (LTTE)
62655,2014,9,9,0,147,11,145,604,12.275292,6.929635,1.0,0,1.0,1,0,6,14,27,147.0,0,5,2.0,1,1.0,Fulani extremists
14513,1985,9,17,0,145,2,320,1206,11.76115,-85.893944,1.0,0,0.0,1,0,2,4,333,145.0,0,5,0.0,1,0.0,Nicaraguan Democratic Force (FDN)
6352,1980,3,11,0,97,10,335,1304,31.830866,34.955151,1.0,0,0.0,1,0,3,14,1438,97.0,0,6,0.0,1,0.0,Palestinians
83193,2017,11,21,0,182,11,50,186,1.789637,44.529976,1.0,0,0.0,1,0,3,4,249,182.0,0,6,1.0,0,0.0,Al-Shabaab
60763,2014,6,10,0,228,10,40,24,15.46591,45.293941,4.0,0,1.0,1,0,3,21,231,228.0,0,6,0.0,1,0.0,Al-Qaida in the Arabian Peninsula (AQAP)
76777,2016,10,1,0,228,10,151,684,12.765967,43.5174,3.0,0,0.0,1,0,3,4,771,422.0,0,6,0.0,1,0.0,Houthi extremists (Ansar Allah)
52214,2012,6,8,0,228,10,41,151,13.219398,45.307838,1.0,1,0.0,1,0,2,4,234,228.0,0,5,11.0,0,0.0,Al-Qaida in the Arabian Peninsula (AQAP)
58788,2014,3,1,0,182,11,50,201,2.666984,44.693764,1.0,0,0.0,1,0,3,4,249,422.0,0,6,1.0,-9,0.0,Al-Shabaab
60723,2014,6,9,0,182,11,52,188,2.059819,45.326115,1.0,0,0.0,1,0,2,14,303,182.0,0,5,1.0,0,0.0,Al-Shabaab
15653,1986,5,22,0,159,3,350,1423,-12.068306,-75.210163,3.0,0,0.0,1,0,3,1,1827,159.0,0,6,0.0,1,0.0,Tupac Amaru Revolutionary Movement (MRTA)
70867,2015,10,25,0,228,10,37,144,12.825647,44.846416,1.0,0,0.0,0,0,2,3,269,228.0,0,5,0.0,0,0.0,Al-Qaida in the Arabian Peninsula (AQAP)
73283,2016,3,9,0,182,11,54,191,-0.357847,42.54665,1.0,0,1.0,1,0,3,14,309,182.0,0,6,3.0,1,0.0,Al-Shabaab
24385,1990,3,9,0,43,3,217,913,-33.366238,-70.505302,1.0,0,0.0,1,0,3,2,1043,43.0,0,6,0.0,1,0.0,Manuel Rodriguez Patriotic Front (FPMR)
66223,2015,3,8,0,153,6,401,1567,24.891115,67.143311,1.0,0,0.0,1,0,2,3,12,153.0,0,5,3.0,0,0.0,Tehrik-i-Taliban Pakistan (TTP)
72107,2016,1,5,0,92,6,102,957,18.487408,80.974881,1.0,1,0.0,1,0,3,4,12,92.0,0,6,0.0,0,0.0,Maoists
65726,2015,2,10,0,60,10,231,1014,31.210951,29.946908,1.0,0,1.0,1,0,3,3,628,60.0,0,6,0.0,-9,0.0,Muslim extremists
70650,2015,10,13,0,123,11,237,1024,20.129129,-4.338905,2.0,0,1.0,1,0,7,7,1119,422.0,0,8,0.0,1,0.0,Muslim extremists
80383,2017,5,18,0,147,11,144,599,4.807169,7.341951,1.0,0,0.0,1,0,2,14,13,147.0,0,5,2.0,0,0.0,Fulani extremists
15469,1986,4,14,0,45,3,268,1074,7.116294,-73.120026,1.0,0,0.0,1,0,3,2,1238,45.0,0,6,1.0,1,0.0,National Liberation Army of Colombia (ELN)
55952,2013,7,5,0,60,10,229,1018,31.126646,33.800865,1.0,1,1.0,1,0,3,6,777,60.0,0,6,1.0,0,0.0,Muslim extremists
75509,2016,7,18,0,228,10,39,153,14.54397,49.12458,1.0,0,1.0,1,1,3,4,20,228.0,0,6,4.0,-9,0.0,Al-Qaida in the Arabian Peninsula (AQAP)
28582,1991,10,5,0,209,10,189,800,37.714618,41.418412,1.0,1,0.0,1,0,2,4,628,209.0,0,5,1.0,1,0.0,Kurdistan Workers' Party (PKK)
76417,2016,9,13,0,153,6,401,1565,28.002285,68.728009,1.0,0,1.0,1,1,3,15,198,153.0,0,6,2.0,-9,0.0,Tehrik-i-Taliban Pakistan (TTP)
14809,1985,11,25,0,43,3,217,913,-33.366238,-70.505302,1.0,0,1.0,1,0,3,1,1047,43.0,0,6,0.0,1,0.0,Manuel Rodriguez Patriotic Front (FPMR)
82813,2017,10,19,1,147,11,142,592,7.855064,5.343466,1.0,1,0.0,1,0,6,15,732,147.0,0,5,1.0,0,1.0,Fulani extremists
50335,2011,11,8,0,160,5,1,42,6.021834,121.16568,1.0,0,0.0,1,0,3,2,58,160.0,0,6,0.0,-9,0.0,Abu Sayyaf Group (ASG)
52566,2012,7,11,0,92,6,105,386,20.7167,83.4833,2.0,0,0.0,1,0,2,14,520,92.0,0,9,1.0,0,0.0,Communist Party of India - Maoist (CPI-Maoist)
31834,1992,11,16,0,159,3,223,925,-11.967368,-76.978462,1.0,0,0.0,1,0,3,2,1543,159.0,0,6,0.0,1,0.0,Shining Path (SL)
12421,1984,7,5,0,145,2,319,1212,11.95,-85.216667,1.0,0,0.0,1,0,2,14,1342,145.0,0,5,1.0,1,0.0,Nicaraguan Democratic Force (FDN)
20472,1988,10,8,0,61,2,121,511,13.69288,-89.199161,1.0,0,0.0,1,0,2,7,677,217.0,0,5,0.0,1,0.0,Farabundo Marti National Liberation Front (FMLN)
45646,2008,10,22,0,92,6,103,370,22.404193,87.379866,3.0,0,0.0,1,0,3,14,526,92.0,0,6,3.0,1,0.0,Communist Party of India - Maoist (CPI-Maoist)
64293,2014,12,2,0,104,11,51,190,3.938715,41.844707,1.0,1,0.0,1,0,6,14,299,104.0,0,5,36.0,0,1.0,Al-Shabaab
47876,2010,4,13,0,160,5,0,16,6.700414,121.972557,1.0,0,1.0,1,0,3,2,25,153.0,0,6,3.0,1,0.0,Abu Sayyaf Group (ASG)
60882,2014,6,14,1,60,10,229,1018,31.126646,33.800865,1.0,0,0.0,1,0,6,1,1173,60.0,0,5,0.0,1,1.0,Muslim extremists
18659,1988,1,1,0,43,3,217,913,-33.366238,-70.505302,1.0,0,0.0,1,0,3,21,670,43.0,0,6,0.0,1,0.0,Manuel Rodriguez Patriotic Front (FPMR)
11881,1984,3,27,0,145,2,324,1247,12.481654,-87.173207,1.0,0,0.0,1,0,7,1,1361,145.0,0,5,0.0,1,0.0,Nicaraguan Democratic Force (FDN)
26274,1990,12,4,0,92,6,364,1433,32.040763,75.401886,3.0,0,0.0,1,0,1,3,1618,92.0,0,5,1.0,0,0.0,Sikh Extremists
17282,1987,5,21,0,183,11,14,57,-26.184113,28.033232,1.0,0,0.0,1,0,3,2,138,183.0,0,6,3.0,1,0.0,African National Congress (South Africa)
32406,1994,2,3,0,45,3,264,1072,6.242026,-75.564766,1.0,0,0.0,1,0,3,1,1244,45.0,0,6,0.0,1,0.0,National Liberation Army of Colombia (ELN)
17130,1987,4,23,0,183,11,20,77,-33.951,18.554,1.0,0,0.0,0,0,1,3,106,183.0,0,6,1.0,1,0.0,African National Congress (South Africa)
61933,2014,7,29,0,214,9,117,468,47.981647,37.762325,1.0,0,0.0,1,0,3,14,651,214.0,0,6,1.0,1,0.0,Donetsk People's Republic
47596,2010,2,9,0,160,5,305,1160,13.416,120.4623,1.0,0,0.0,1,0,7,16,1308,160.0,0,8,0.0,1,0.0,New People's Army (NPA)
49470,2011,4,2,0,45,3,270,1319,6.788008,-71.025959,1.0,0,0.0,1,0,7,19,1469,45.0,0,8,0.0,1,0.0,Revolutionary Armed Forces of Colombia (FARC)
14980,1986,1,1,0,159,3,223,925,-11.967368,-76.978462,1.0,0,0.0,1,0,2,2,1579,159.0,0,5,0.0,1,0.0,Shining Path (SL)
70304,2015,9,25,0,173,10,154,681,16.800006,43.149996,2.0,0,1.0,1,0,2,3,85,173.0,0,5,2.0,0,0.0,Houthi extremists (Ansar Allah)
23472,1989,10,20,0,160,5,284,1117,15.153002,120.591942,1.0,0,0.0,1,0,2,3,1275,160.0,0,5,0.0,1,0.0,New People's Army (NPA)
12857,1984,9,29,0,159,3,223,925,-11.967368,-76.978462,1.0,0,0.0,1,0,5,10,425,217.0,0,5,0.0,1,1.0,Tupac Amaru Revolutionary Movement (MRTA)
4672,1979,1,30,0,185,8,67,243,43.136978,-2.073914,1.0,0,0.0,1,0,3,3,363,185.0,0,6,1.0,1,0.0,Basque Fatherland and Freedom (ETA)
42319,2005,8,20,0,209,10,169,805,36.976667,36.738466,3.0,1,0.0,1,0,3,19,913,209.0,0,6,0.0,1,0.0,Kurdistan Workers' Party (PKK)
83338,2017,12,2,0,228,10,42,149,15.325443,44.211895,1.0,0,0.0,1,0,2,2,749,228.0,0,6,1.0,-9,0.0,Houthi extremists (Ansar Allah)
25466,1990,7,26,0,43,3,217,913,-33.366238,-70.505302,1.0,0,0.0,1,0,3,1,425,43.0,0,6,0.0,1,0.0,Manuel Rodriguez Patriotic Front (FPMR)
52089,2012,5,27,0,92,6,105,968,18.363526,81.895253,2.0,0,0.0,1,0,3,3,250,92.0,0,6,0.0,1,0.0,Maoists
16512,1986,12,15,0,183,11,16,80,-25.785669,31.051162,1.0,1,0.0,1,0,3,3,132,183.0,0,6,0.0,1,0.0,African National Congress (South Africa)
17951,1987,8,30,0,159,3,352,1383,-13.152712,-74.218628,1.0,0,0.0,1,0,2,2,1586,159.0,0,5,1.0,1,0.0,Shining Path (SL)
66822,2015,4,4,0,4,6,386,1526,35.571247,64.429814,2.0,0,1.0,1,0,2,3,20,4.0,0,5,1.0,0,0.0,Taliban
71768,2015,12,17,0,95,10,28,767,36.229574,42.236244,2.0,0,0.0,0,1,3,4,48,95.0,0,6,15.0,0,0.0,Islamic State of Iraq and the Levant (ISIL)
61090,2014,6,27,0,214,9,117,484,48.740385,37.590927,2.0,1,0.0,1,0,2,4,249,214.0,0,6,4.0,1,0.0,Donetsk People's Republic
32351,1994,1,25,0,209,10,191,803,37.922218,40.184376,1.0,0,0.0,1,0,3,2,918,209.0,0,6,1.0,1,0.0,Kurdistan Workers' Party (PKK)
22010,1989,4,26,0,160,5,294,1151,10.974698,124.893489,1.0,0,0.0,1,0,2,3,258,160.0,0,5,6.0,1,0.0,New People's Army (NPA)
57344,2013,11,7,0,92,6,101,393,23.805921,86.415512,3.0,0,0.0,1,0,7,1,529,92.0,0,8,0.0,1,0.0,Communist Party of India - Maoist (CPI-Maoist)
14903,1985,12,12,0,45,3,264,917,6.395033,-75.259437,1.0,0,0.0,1,0,1,14,1200,45.0,0,5,7.0,0,0.0,National Liberation Army of Colombia (ELN)
49453,2011,3,28,0,228,10,41,151,13.219398,45.307838,1.0,1,0.0,1,0,3,1,263,228.0,0,6,110.0,1,0.0,Al-Qaida in the Arabian Peninsula (AQAP)
78804,2017,2,5,0,182,11,58,196,3.381584,45.598389,1.0,1,0.0,1,0,3,4,304,422.0,0,6,1.0,-9,0.0,Al-Shabaab
61731,2014,7,21,0,214,9,117,479,48.04668,37.942146,1.0,1,0.0,1,0,3,20,6,214.0,0,6,0.0,0,0.0,Donetsk People's Republic
4798,1979,3,10,0,69,8,109,24,41.918891,8.737554,4.0,0,1.0,1,0,3,1,581,69.0,0,6,0.0,1,0.0,Corsican National Liberation Front (FLNC)
18171,1987,9,29,0,43,3,217,913,-33.366238,-70.505302,1.0,0,0.0,1,0,2,10,1064,43.0,0,5,0.0,1,0.0,Manuel Rodriguez Patriotic Front (FPMR)
23734,1989,11,18,0,92,6,364,24,31.147131,75.341218,4.0,0,0.0,1,0,1,8,1653,92.0,0,5,2.0,0,0.0,Sikh Extremists
77394,2016,11,5,0,147,11,85,326,10.869205,12.847621,2.0,0,0.0,1,0,2,14,27,147.0,0,6,2.0,1,0.0,Boko Haram
58251,2014,1,25,0,95,10,25,135,33.953167,44.921906,1.0,0,0.0,1,0,3,4,189,95.0,0,6,6.0,1,0.0,Islamic State of Iraq and the Levant (ISIL)
66432,2015,3,18,0,228,10,44,166,14.413989,44.837418,1.0,0,0.0,1,0,1,4,262,228.0,0,5,1.0,0,0.0,Al-Qaida in the Arabian Peninsula (AQAP)
59275,2014,3,28,0,182,11,50,198,1.730877,44.625446,1.0,1,0.0,1,0,3,4,306,182.0,0,6,11.0,1,0.0,Al-Shabaab
62630,2014,9,7,0,228,10,44,156,13.985013,45.558479,1.0,0,0.0,1,0,2,3,250,228.0,0,5,2.0,1,0.0,Al-Qaida in the Arabian Peninsula (AQAP)
67212,2015,4,27,0,160,5,285,1134,12.622839,123.668206,1.0,0,0.0,1,0,2,14,1290,160.0,0,5,1.0,0,0.0,New People's Army (NPA)
56603,2013,8,28,0,95,10,24,108,33.303566,44.371773,1.0,0,1.0,1,1,3,14,13,95.0,0,6,6.0,0,0.0,Islamic State of Iraq and the Levant (ISIL)
64822,2015,1,1,0,228,10,39,174,15.914915,48.650745,1.0,0,0.0,1,0,3,3,250,228.0,0,6,4.0,1,0.0,Al-Qaida in the Arabian Peninsula (AQAP)
50696,2011,12,23,0,200,10,31,121,33.515244,36.292084,1.0,0,1.0,1,1,3,2,191,200.0,0,6,23.0,0,0.0,Al-Qaida in Iraq
50679,2011,12,22,0,95,10,24,108,33.303566,44.371773,1.0,0,0.0,1,0,3,14,13,95.0,0,6,2.0,0,0.0,Al-Qaida in Iraq
60648,2014,6,5,0,147,11,89,583,9.998184,7.956361,1.0,0,1.0,1,0,2,2,730,147.0,0,5,2.0,1,0.0,Fulani extremists
4901,1979,3,23,0,603,8,161,704,54.253718,-7.44106,1.0,0,0.0,1,0,3,20,830,233.0,0,6,1.0,1,0.0,Irish Republican Army (IRA)
32576,1994,3,6,0,209,10,182,24,37.422746,42.492326,4.0,0,0.0,1,0,2,4,699,209.0,0,5,12.0,1,0.0,Kurdistan Workers' Party (PKK)
5660,1979,10,4,0,185,8,75,256,42.815372,-1.653616,1.0,0,0.0,1,0,3,10,385,185.0,0,6,0.0,1,0.0,Basque Fatherland and Freedom (ETA)
50861,2012,1,18,0,228,10,37,144,12.825647,44.846416,1.0,0,0.0,0,0,1,2,243,228.0,0,5,0.0,1,0.0,Al-Qaida in the Arabian Peninsula (AQAP)
66760,2015,4,5,0,228,10,37,144,12.825647,44.846416,1.0,0,0.0,1,0,3,14,753,228.0,0,6,0.0,-9,0.0,Houthi extremists (Ansar Allah)
6049,1980,1,3,0,155,10,333,1276,32.222271,35.253506,1.0,0,0.0,0,0,3,8,1430,155.0,0,6,0.0,0,0.0,Palestinians
11570,1984,2,10,0,97,10,333,1295,32.004264,35.276546,1.0,0,0.0,1,0,2,19,1335,97.0,0,8,0.0,0,0.0,Palestinians
55469,2013,5,18,1,95,10,23,124,33.420948,43.295662,1.0,0,0.0,1,0,6,3,12,95.0,0,5,10.0,0,1.0,Muslim extremists
32696,1994,3,22,0,155,10,333,1276,32.222271,35.253506,1.0,0,0.0,1,0,8,4,699,97.0,0,9,1.0,1,0.0,Palestinians
59085,2014,3,17,0,147,11,87,317,11.485018,12.311891,1.0,0,0.0,1,0,2,14,465,147.0,0,6,9.0,0,0.0,Boko Haram
14246,1985,7,15,0,183,11,15,59,-32.985771,27.866086,1.0,1,0.0,1,0,2,3,98,183.0,0,5,3.0,1,0.0,African National Congress (South Africa)
10180,1983,5,10,0,603,8,161,701,54.347539,-6.656108,1.0,0,0.0,1,0,3,4,792,233.0,0,6,1.0,1,0.0,Irish Republican Army (IRA)
81648,2017,7,27,0,95,10,25,135,33.953167,44.921906,1.0,0,0.0,1,1,3,1,887,95.0,0,6,1.0,-9,0.0,Islamic State of Iraq and the Levant (ISIL)
49859,2011,7,7,1,92,6,101,351,24.204235,84.870937,3.0,0,0.0,1,0,6,14,486,92.0,0,9,2.0,0,1.0,Communist Party of India - Maoist (CPI-Maoist)
48844,2010,11,2,0,95,10,24,108,33.303566,44.371773,1.0,0,1.0,1,0,3,1,188,95.0,0,6,1.0,1,0.0,Al-Qaida in Iraq
67383,2015,5,4,0,228,10,47,674,13.057677,44.883764,3.0,0,0.0,1,0,3,14,13,228.0,0,6,1.0,-9,0.0,Houthi extremists (Ansar Allah)
5223,1979,5,31,0,69,8,110,52,48.856644,2.34233,1.0,0,0.0,1,0,3,14,592,69.0,0,6,0.0,1,0.0,Corsican National Liberation Front (FLNC)
58342,2014,1,31,0,147,11,85,302,11.089722,13.688376,3.0,0,0.0,1,0,3,19,56,147.0,0,6,7.0,1,0.0,Boko Haram
12952,1984,10,22,0,145,2,315,1249,13.16888,-85.97565,1.0,0,0.0,1,0,2,1,1362,145.0,0,5,12.0,1,0.0,Nicaraguan Democratic Force (FDN)
69405,2015,8,10,0,214,9,117,494,47.541172,37.780678,1.0,1,0.0,1,0,3,4,48,214.0,0,6,143.0,-9,0.0,Donetsk People's Republic
76991,2016,10,14,0,113,10,247,1034,32.867867,13.189067,1.0,0,0.0,0,0,2,2,324,113.0,0,5,0.0,0,0.0,Muslim extremists
83022,2017,11,7,0,160,5,0,20,6.664973,122.154736,1.0,0,0.0,1,0,3,1,21,160.0,0,6,0.0,-9,0.0,Abu Sayyaf Group (ASG)
78385,2017,1,8,0,147,11,85,299,11.831098,13.150967,2.0,0,1.0,1,1,3,4,452,147.0,0,6,4.0,0,0.0,Boko Haram
67100,2015,4,24,0,153,6,399,1564,34.006004,71.53743,1.0,0,0.0,1,0,3,3,12,153.0,0,6,1.0,1,0.0,Tehrik-i-Taliban Pakistan (TTP)
17907,1987,8,23,0,159,3,356,1394,-14.105709,-72.615117,3.0,0,1.0,1,0,2,14,1567,159.0,0,5,0.0,1,0.0,Shining Path (SL)
1205,1972,11,10,0,603,8,161,697,54.607712,-5.95621,1.0,0,0.0,1,0,2,4,845,216.0,0,5,1.0,0,0.0,Irish Republican Army (IRA)
53395,2012,9,30,0,95,10,32,122,32.533287,45.829453,1.0,0,1.0,1,1,3,3,20,95.0,0,6,6.0,1,0.0,Al-Qaida in Iraq
64042,2014,11,17,0,160,5,0,38,6.643853,122.156371,1.0,0,0.0,0,0,3,8,51,160.0,0,6,0.0,0,0.0,Abu Sayyaf Group (ASG)
29529,1992,1,23,0,159,3,350,1630,-11.254239,-74.636893,1.0,0,0.0,1,0,2,4,699,159.0,0,5,7.0,1,0.0,Tupac Amaru Revolutionary Movement (MRTA)
44730,2008,4,12,0,185,8,75,24,42.695391,-1.676069,4.0,0,0.0,1,0,3,16,386,185.0,0,6,0.0,1,0.0,Basque Fatherland and Freedom (ETA)
61181,2014,7,1,0,160,5,286,1121,10.663984,122.286655,1.0,0,0.0,1,0,3,4,59,160.0,0,6,0.0,1,0.0,New People's Army (NPA)
69452,2015,8,12,0,209,10,183,796,37.570354,44.282055,3.0,0,0.0,0,0,3,20,6,209.0,0,6,0.0,0,0.0,Kurdistan Workers' Party (PKK)
63000,2014,9,23,0,147,11,136,627,7.031136,7.777072,1.0,0,1.0,1,0,6,14,27,147.0,0,9,1.0,1,1.0,Fulani extremists
66682,2015,4,1,0,92,6,102,949,20.186773,81.081073,2.0,0,0.0,1,0,6,1,1108,92.0,0,5,0.0,0,1.0,Maoists
16498,1986,12,10,0,159,3,223,925,-11.967368,-76.978462,1.0,0,0.0,1,0,2,3,1570,159.0,0,5,1.0,1,0.0,Shining Path (SL)
10126,1983,4,29,0,61,2,120,537,13.6,-87.76667,1.0,0,0.0,1,0,3,14,690,61.0,0,5,58.0,1,1.0,Farabundo Marti National Liberation Front (FMLN)
71376,2015,11,23,0,92,6,105,935,20.883056,83.336111,1.0,0,0.0,1,0,1,2,1097,92.0,0,5,1.0,0,1.0,Maoists
75637,2016,7,26,0,209,10,191,808,38.292876,41.022436,1.0,1,0.0,1,0,3,4,48,209.0,0,6,1.0,1,0.0,Kurdistan Workers' Party (PKK)
4790,1979,3,10,0,69,8,109,24,41.918891,8.737554,4.0,0,1.0,1,0,3,1,581,69.0,0,6,0.0,1,0.0,Corsican National Liberation Front (FLNC)
11327,1984,1,1,0,155,10,333,1276,32.222271,35.253506,1.0,1,0.0,1,0,2,4,1424,97.0,0,8,0.0,0,0.0,Palestinians
34731,1995,10,18,0,75,8,198,824,48.139126,11.580186,1.0,0,0.0,1,0,7,1,927,209.0,0,8,0.0,1,0.0,Kurdistan Workers' Party (PKK)
70816,2015,10,21,0,147,11,140,621,7.877574,9.779363,2.0,0,0.0,1,0,2,14,13,147.0,0,5,5.0,0,0.0,Fulani extremists
25206,1990,6,16,0,45,3,278,24,2.243589,-77.010385,4.0,0,0.0,1,0,1,14,1472,45.0,0,5,8.0,0,0.0,Revolutionary Armed Forces of Colombia (FARC)
63208,2014,10,3,1,147,11,95,610,9.504524,8.704164,1.0,0,1.0,1,0,2,14,27,147.0,0,5,2.0,1,-9.0,Fulani extremists
16106,1986,8,18,0,145,2,323,1216,12.216667,-84.033333,1.0,0,0.0,1,0,2,14,1344,145.0,0,5,1.0,1,0.0,Nicaraguan Democratic Force (FDN)
10012,1983,4,3,0,145,2,319,1204,12.1,-84.9,1.0,0,0.0,1,0,2,4,678,145.0,0,5,41.0,1,0.0,Nicaraguan Democratic Force (FDN)
16846,1987,3,6,0,159,3,223,925,-11.967368,-76.978462,1.0,0,1.0,1,0,3,1,1811,159.0,0,6,0.0,1,0.0,Tupac Amaru Revolutionary Movement (MRTA)
16648,1987,1,18,0,145,2,319,1218,11.966667,-85.166667,1.0,0,0.0,1,0,6,1,1345,145.0,0,5,1.0,1,1.0,Nicaraguan Democratic Force (FDN)
12981,1984,10,31,0,92,6,366,1435,28.585836,77.153336,1.0,0,0.0,1,0,1,2,1620,92.0,0,5,1.0,0,0.0,Sikh Extremists
73006,2016,2,22,1,228,10,39,153,14.54397,49.12458,1.0,0,0.0,1,0,6,2,259,228.0,0,5,1.0,0,1.0,Al-Qaida in the Arabian Peninsula (AQAP)
71341,2015,11,21,0,160,5,296,1139,5.856886,125.006194,1.0,0,0.0,1,0,7,1,665,160.0,0,8,0.0,1,0.0,New People's Army (NPA)
29051,1991,11,16,0,69,8,109,444,41.772597,8.771765,1.0,0,0.0,1,0,3,1,591,69.0,0,6,0.0,1,0.0,Corsican National Liberation Front (FLNC)
