,iyear,imonth,iday,extended,country,region,provstate,city,latitude,longitude,specificity,vicinity,multiple,success,suicide,attacktype1,targtype1,target1,natlty1,individual,weaptype1,nkill,property,ishostkid,gname
24032,1990,1,8,0,155,10,327,1474,31.502407,34.459743,1.0,0,0.0,1,0,1,14,3634,155.0,0,9,1.0,0,0.0,Palestinians
54523,2013,2,5,0,45,3,377,3216,3.034755,-76.408123,1.0,1,1.0,1,0,3,4,20,45.0,0,6,2.0,0,0.0,Revolutionary Armed Forces of Colombia (FARC)
83046,2017,11,9,0,4,6,527,3667,36.70993,67.1157,1.0,0,0.0,1,1,1,2,4529,4.0,0,6,2.0,0,0.0,Taliban
78025,2016,12,12,0,147,11,108,629,12.922965,13.563938,3.0,0,0.0,1,0,1,4,1217,147.0,0,6,3.0,1,0.0,Boko Haram
45238,2008,7,20,0,185,8,86,512,43.258434,-2.921819,1.0,0,0.0,1,0,3,1,964,216.0,0,6,0.0,-9,0.0,Basque Fatherland and Freedom (ETA)
46394,2009,4,14,0,45,3,369,2503,6.95284,-71.87514,1.0,0,0.0,1,0,2,3,3858,45.0,0,5,2.0,-9,0.0,Revolutionary Armed Forces of Colombia (FARC)
16316,1986,10,20,0,183,11,18,194,-29.941403,30.939766,1.0,0,0.0,1,0,3,3,298,183.0,0,6,0.0,1,0.0,African National Congress (South Africa)
51277,2012,3,7,0,95,10,37,282,36.373718,42.451778,2.0,0,1.0,1,0,3,14,13,95.0,0,6,7.0,1,0.0,Al-Qaida in Iraq
67678,2015,5,18,0,209,10,203,1713,36.991419,35.330828,1.0,0,1.0,1,0,3,14,524,209.0,0,6,0.0,1,0.0,Islamic State of Iraq and the Levant (ISIL)
17872,1987,8,19,0,92,6,339,3422,31.633979,74.872264,3.0,0,0.0,1,0,2,3,3004,92.0,0,5,1.0,1,0.0,Sikh Extremists
67385,2015,5,5,0,214,9,146,1079,48.143208,37.753361,1.0,1,0.0,1,0,3,4,559,214.0,0,6,4.0,1,0.0,Donetsk People's Republic
22763,1989,8,20,0,43,3,271,2099,-33.366238,-70.505302,1.0,0,0.0,1,0,3,4,2800,43.0,0,6,0.0,1,0.0,Manuel Rodriguez Patriotic Front (FPMR)
80240,2017,5,12,0,147,11,119,1407,5.92305,6.48853,1.0,0,0.0,1,0,2,14,27,147.0,0,5,5.0,0,0.0,Fulani extremists
13057,1984,11,16,0,145,2,436,2932,13.130707,-85.971684,3.0,1,0.0,1,0,7,1,3584,145.0,0,5,12.0,1,0.0,Nicaraguan Democratic Force (FDN)
67411,2015,5,6,0,200,10,206,1725,36.503593,40.740627,1.0,0,1.0,1,1,3,3,577,200.0,0,6,24.0,-9,0.0,Islamic State of Iraq and the Levant (ISIL)
17421,1987,6,13,0,43,3,271,2099,-33.366238,-70.505302,1.0,0,0.0,1,0,3,1,2756,43.0,0,6,0.0,1,0.0,Manuel Rodriguez Patriotic Front (FPMR)
47310,2009,11,5,0,153,6,534,688,33.915234,71.458679,1.0,0,0.0,1,0,3,8,4681,153.0,0,6,0.0,1,0.0,Tehrik-i-Taliban Pakistan (TTP)
60545,2014,5,31,0,147,11,108,633,12.342068,14.185827,3.0,0,1.0,1,0,2,14,27,147.0,0,6,14.0,1,0.0,Boko Haram
12953,1984,10,22,0,145,2,436,2932,13.130707,-85.971684,3.0,1,0.0,1,0,2,4,1762,145.0,0,5,1.0,1,0.0,Nicaraguan Democratic Force (FDN)
71761,2015,12,17,0,123,11,299,2359,16.766589,-3.002562,1.0,0,0.0,1,0,1,7,3031,422.0,0,5,3.0,0,0.0,Muslim extremists
55377,2013,5,7,0,147,11,108,679,11.526846,13.69271,1.0,0,1.0,1,0,2,3,672,147.0,0,5,18.0,1,0.0,Boko Haram
46766,2009,7,2,0,92,6,129,893,22.585272,87.049698,1.0,0,0.0,1,0,3,3,1454,92.0,0,6,0.0,0,0.0,Communist Party of India - Maoist (CPI-Maoist)
35638,1996,9,5,0,45,3,360,24,7.946283,-72.898807,4.0,0,0.0,1,0,3,21,3187,45.0,0,6,0.0,1,0.0,National Liberation Army of Colombia (ELN)
65263,2015,1,20,0,228,10,53,315,15.325443,44.211895,1.0,0,0.0,0,0,1,2,1959,228.0,0,5,0.0,-9,0.0,Houthi extremists (Ansar Allah)
61917,2014,7,29,0,45,3,364,2485,4.667128,-74.106056,1.0,0,1.0,1,0,3,20,6,45.0,0,6,0.0,0,0.0,National Liberation Army of Colombia (ELN)
61892,2014,7,27,0,214,9,146,1095,47.662817,38.064579,3.0,0,0.0,1,0,3,4,1702,214.0,0,6,0.0,0,0.0,Donetsk People's Republic
51135,2012,2,23,0,95,10,42,272,32.54855,44.545441,1.0,0,1.0,1,0,3,3,12,95.0,0,6,1.0,1,0.0,Al-Qaida in Iraq
78740,2017,1,31,0,147,11,108,661,11.255011,14.150642,1.0,0,0.0,1,1,3,14,1239,147.0,0,6,1.0,0,0.0,Boko Haram
46483,2009,5,5,0,4,6,509,3531,32.625149,62.479768,3.0,0,0.0,1,0,2,14,4445,4.0,0,5,3.0,-9,0.0,Taliban
23335,1989,10,9,0,160,5,11,43,14.596051,120.978666,1.0,0,0.0,1,0,1,2,3446,160.0,0,5,1.0,0,0.0,New People's Army (NPA)
57848,2013,12,26,0,160,5,12,2655,8.455393,125.159241,1.0,0,0.0,1,0,2,4,93,160.0,0,5,1.0,-9,0.0,New People's Army (NPA)
4815,1979,3,10,0,69,8,136,24,41.918891,8.737554,4.0,0,1.0,1,0,3,1,1088,69.0,0,6,0.0,1,0.0,Corsican National Liberation Front (FLNC)
82364,2017,9,15,0,92,6,134,2260,20.005278,80.080556,1.0,1,0.0,0,0,2,3,12,92.0,0,5,1.0,0,0.0,Maoists
39342,2001,8,17,0,45,3,379,2559,3.382969,-76.586423,2.0,0,0.0,1,0,6,14,3243,45.0,0,5,0.0,0,1.0,National Liberation Army of Colombia (ELN)
12272,1984,5,29,0,92,6,339,24,31.147131,75.341218,4.0,0,0.0,1,0,1,4,4264,92.0,0,10,2.0,0,0.0,Sikh Extremists
66392,2015,3,16,0,214,9,146,1077,47.098835,37.81987,1.0,1,1.0,1,0,2,4,48,214.0,0,6,0.0,0,0.0,Donetsk People's Republic
24066,1990,1,14,0,186,6,78,2024,9.00412,80.571145,1.0,0,0.0,1,0,6,14,2536,186.0,0,5,0.0,0,1.0,Liberation Tigers of Tamil Eelam (LTTE)
14751,1985,11,10,0,159,3,479,3283,-16.466667,-69.916667,2.0,0,0.0,1,0,2,1,4068,159.0,0,5,1.0,1,0.0,Shining Path (SL)
58079,2014,1,14,0,182,11,71,409,2.973305,45.535603,1.0,0,1.0,1,0,2,4,577,182.0,0,6,7.0,1,0.0,Al-Shabaab
44027,2007,7,16,0,186,6,218,1978,8.577826,81.218719,1.0,0,0.0,1,0,1,2,2562,186.0,0,5,1.0,0,0.0,Liberation Tigers of Tamil Eelam (LTTE)
67752,2015,5,21,0,214,9,146,1103,48.098675,37.663422,1.0,0,0.0,1,0,3,4,48,214.0,0,6,0.0,-9,0.0,Donetsk People's Republic
43606,2007,3,16,0,95,10,32,300,33.520717,44.024424,2.0,1,1.0,1,1,3,3,20,95.0,0,2,1.0,-9,0.0,Al-Qaida in Iraq
75094,2016,6,22,0,209,10,236,1895,38.220222,27.646235,1.0,0,1.0,1,0,3,3,175,209.0,0,6,0.0,1,0.0,Kurdistan Workers' Party (PKK)
52566,2012,7,11,0,92,6,131,822,20.7167,83.4833,2.0,0,0.0,1,0,2,14,1332,92.0,0,9,1.0,0,0.0,Communist Party of India - Maoist (CPI-Maoist)
30936,1992,8,6,0,209,10,227,1890,38.279124,42.198245,1.0,0,0.0,1,0,1,3,2413,209.0,0,5,1.0,0,0.0,Kurdistan Workers' Party (PKK)
67249,2015,4,29,0,228,10,48,310,12.825647,44.846416,1.0,0,0.0,1,0,2,14,926,228.0,0,6,12.0,1,0.0,Houthi extremists (Ansar Allah)
82863,2017,10,23,1,147,11,177,1368,7.353332,6.110294,3.0,0,0.0,1,0,6,3,1923,147.0,0,5,0.0,0,1.0,Fulani extremists
45310,2008,8,1,1,45,3,379,2528,3.429344,-76.516037,1.0,0,0.0,1,0,6,1,3877,45.0,0,5,0.0,0,1.0,Revolutionary Armed Forces of Colombia (FARC)
81760,2017,8,4,1,147,11,112,1437,9.415875,7.378685,3.0,0,0.0,1,0,6,15,1938,147.0,0,5,0.0,0,1.0,Fulani extremists
34300,1995,6,2,0,186,6,78,2008,7.775413,81.606247,1.0,0,0.0,0,0,1,14,2548,186.0,0,5,0.0,0,0.0,Liberation Tigers of Tamil Eelam (LTTE)
20493,1988,10,12,0,61,2,153,24,13.495364,-88.979678,4.0,0,0.0,1,0,3,1,1860,61.0,0,6,0.0,1,0.0,Farabundo Marti National Liberation Front (FMLN)
62913,2014,9,19,0,214,9,146,1087,48.04668,37.942146,1.0,0,0.0,1,0,3,14,1213,214.0,0,6,1.0,-9,0.0,Donetsk People's Republic
32857,1994,4,19,0,183,11,19,154,-26.353159,28.132727,1.0,0,0.0,1,0,2,14,290,183.0,0,5,6.0,1,0.0,African National Congress (South Africa)
74668,2016,5,30,0,228,10,62,1567,13.903266,44.746556,1.0,0,1.0,1,0,3,17,172,228.0,0,6,0.0,0,0.0,Houthi extremists (Ansar Allah)
11371,1984,1,8,0,145,2,452,2956,14.74189,-83.9717,1.0,0,0.0,1,0,2,4,1762,145.0,0,5,30.0,1,0.0,Nicaraguan Democratic Force (FDN)
18075,1987,9,17,0,92,6,339,3412,31.633078,74.878288,1.0,0,0.0,1,0,2,15,4257,92.0,0,5,6.0,1,0.0,Sikh Extremists
63208,2014,10,3,1,147,11,118,1317,9.504524,8.704164,1.0,0,1.0,1,0,2,14,27,147.0,0,5,2.0,1,-9.0,Fulani extremists
4959,1979,4,11,0,69,8,137,132,48.856644,2.34233,1.0,0,1.0,1,0,3,1,766,69.0,0,6,1.0,1,0.0,Corsican National Liberation Front (FLNC)
12639,1984,8,14,0,159,3,483,3295,-8.872222,-77.893611,1.0,0,0.0,1,0,2,4,1772,159.0,0,5,25.0,1,0.0,Shining Path (SL)
16090,1986,8,15,0,43,3,271,2099,-33.366238,-70.505302,1.0,0,1.0,1,0,7,1,2721,43.0,0,8,0.0,1,0.0,Manuel Rodriguez Patriotic Front (FPMR)
41413,2004,5,22,0,173,10,189,290,24.64732,46.714581,1.0,0,0.0,1,0,2,14,3034,75.0,0,5,1.0,0,0.0,Muslim extremists
8568,1982,4,4,0,155,10,456,3065,31.803923,35.325162,1.0,0,0.0,0,0,3,1,3694,97.0,0,6,0.0,0,0.0,Palestinians
33149,1994,6,17,0,45,3,363,2491,6.242026,-75.564766,1.0,0,1.0,1,0,3,1,3159,45.0,0,6,0.0,1,0.0,National Liberation Army of Colombia (ELN)
52842,2012,8,5,0,209,10,226,1826,37.294346,43.673306,3.0,0,1.0,1,0,2,4,93,209.0,0,6,0.0,0,0.0,Kurdistan Workers' Party (PKK)
63447,2014,10,15,0,104,11,67,407,3.938715,41.844707,1.0,0,0.0,0,0,1,2,857,104.0,0,6,0.0,1,0.0,Al-Shabaab
31640,1992,10,30,0,603,8,190,1609,54.607712,-5.95621,1.0,0,1.0,1,0,2,14,2065,233.0,0,5,0.0,0,0.0,Irish Republican Army (IRA)
60363,2014,5,23,0,147,11,108,650,10.82636,12.420727,1.0,0,1.0,1,0,2,14,27,147.0,0,5,8.0,1,0.0,Boko Haram
70469,2015,10,5,0,209,10,234,1914,37.935377,40.185566,3.0,0,1.0,1,0,3,4,48,209.0,0,6,1.0,0,0.0,Kurdistan Workers' Party (PKK)
4511,1978,12,13,0,185,8,86,516,43.32412,-1.929857,1.0,0,0.0,1,0,1,3,1075,185.0,0,5,1.0,0,0.0,Basque Fatherland and Freedom (ETA)
76110,2016,8,23,0,160,5,0,0,6.448534,121.968092,3.0,0,0.0,1,0,2,4,48,160.0,0,5,1.0,0,0.0,Abu Sayyaf Group (ASG)
62130,2014,8,9,0,95,10,36,1727,35.499439,43.234894,1.0,0,0.0,0,0,1,3,2301,95.0,0,6,0.0,1,0.0,Islamic State of Iraq and the Levant (ISIL)
74188,2016,5,3,0,153,6,334,2421,30.200819,66.994354,1.0,0,0.0,1,0,3,3,559,153.0,0,6,0.0,1,0.0,Tehrik-i-Taliban Pakistan (TTP)
74505,2016,5,20,0,146,11,116,640,13.700805,13.309,1.0,0,0.0,1,0,2,14,27,146.0,0,5,6.0,1,0.0,Boko Haram
81842,2017,8,10,0,95,10,37,255,36.354145,43.14357,1.0,0,0.0,1,0,2,14,13,95.0,0,5,2.0,0,0.0,Islamic State of Iraq and the Levant (ISIL)
61872,2014,7,27,0,228,10,52,324,14.061252,46.914978,1.0,0,1.0,1,1,3,4,172,228.0,0,6,4.0,-9,0.0,Al-Qaida in the Arabian Peninsula (AQAP)
26514,1991,1,10,0,61,2,154,1166,13.703735,-88.804566,1.0,0,0.0,1,0,2,3,562,61.0,0,5,0.0,1,0.0,Farabundo Marti National Liberation Front (FMLN)
52681,2012,7,23,0,95,10,34,298,33.571807,44.536067,1.0,0,1.0,1,0,3,1,592,95.0,0,6,5.0,-9,0.0,Al-Qaida in Iraq
32536,1994,2,26,0,159,3,475,3858,-11.057148,-75.061115,3.0,0,0.0,1,0,3,1,4790,159.0,0,5,1.0,1,0.0,Tupac Amaru Revolutionary Movement (MRTA)
30587,1992,6,23,0,92,6,292,979,34.08374,74.789902,1.0,0,0.0,1,0,2,3,4317,92.0,0,5,3.0,1,0.0,Sikh Extremists
64061,2014,11,18,0,4,6,513,3535,31.60063,64.369652,1.0,0,0.0,1,0,3,3,732,4.0,0,6,3.0,0,0.0,Taliban
51744,2012,4,21,0,228,10,52,318,13.887403,45.863647,1.0,0,0.0,1,0,3,14,13,228.0,0,6,2.0,-9,0.0,Al-Qaida in the Arabian Peninsula (AQAP)
27148,1991,4,26,0,92,6,496,3418,30.733315,76.779418,1.0,0,0.0,1,0,1,2,4298,92.0,0,5,1.0,0,0.0,Sikh Extremists
17256,1987,5,17,0,61,2,150,1163,13.69288,-89.199161,1.0,0,0.0,1,0,1,4,1766,61.0,0,5,1.0,0,0.0,Farabundo Marti National Liberation Front (FMLN)
5224,1979,5,31,0,69,8,137,132,48.856644,2.34233,1.0,0,0.0,1,0,3,14,1565,69.0,0,6,0.0,1,0.0,Corsican National Liberation Front (FLNC)
23995,1989,12,31,0,43,3,271,2099,-33.366238,-70.505302,1.0,0,0.0,1,0,3,3,1185,43.0,0,6,0.0,1,0.0,Manuel Rodriguez Patriotic Front (FPMR)
68736,2015,7,8,0,4,6,520,3597,35.216667,71.35,2.0,0,0.0,1,0,2,3,4451,4.0,0,5,6.0,0,0.0,Taliban
73917,2016,4,18,0,228,10,51,1552,15.450918,45.019948,3.0,0,0.0,1,0,3,4,1982,228.0,0,6,0.0,-9,0.0,Houthi extremists (Ansar Allah)
35698,1996,9,19,0,186,6,263,2071,8.2,80.483333,1.0,0,0.0,1,0,2,14,2603,186.0,0,5,40.0,1,0.0,Liberation Tigers of Tamil Eelam (LTTE)
70493,2015,10,7,0,95,10,33,248,33.303566,44.371773,1.0,0,0.0,1,0,3,1,512,95.0,0,6,1.0,-9,0.0,Islamic State of Iraq and the Levant (ISIL)
14615,1985,10,8,0,145,2,451,2936,10.912396,-83.908752,3.0,1,1.0,1,0,2,4,1762,145.0,0,5,1.0,1,0.0,Nicaraguan Democratic Force (FDN)
1477,1973,8,24,0,603,8,190,1631,55.011562,-7.312045,1.0,0,0.0,1,0,1,14,2093,233.0,0,5,1.0,0,0.0,Irish Republican Army (IRA)
75519,2016,7,18,1,214,9,300,2361,50.4501,30.5234,1.0,0,0.0,1,0,6,2,3032,214.0,0,5,0.0,1,1.0,Muslim extremists
14348,1985,8,7,0,159,3,277,2111,-11.967368,-76.978462,1.0,0,0.0,1,0,3,21,4139,159.0,0,6,0.0,1,0.0,Shining Path (SL)
59522,2014,4,9,0,92,6,126,2225,24.737557,86.300157,3.0,0,1.0,0,0,3,2,2895,92.0,0,6,0.0,0,0.0,Maoists
39055,2001,4,25,0,45,3,363,3227,7.198606,-75.341218,4.0,0,0.0,1,0,2,14,3981,45.0,0,5,15.0,0,0.0,Revolutionary Armed Forces of Colombia (FARC)
78859,2017,2,8,0,92,6,132,812,18.13776,82.686184,2.0,0,0.0,1,0,6,14,1321,92.0,0,5,1.0,0,1.0,Communist Party of India - Maoist (CPI-Maoist)
78549,2017,1,19,0,60,10,291,2347,31.250196,34.24128,1.0,0,0.0,1,0,3,4,559,60.0,0,6,1.0,1,0.0,Muslim extremists
76376,2016,9,10,0,185,8,94,2398,42.026548,-1.577787,1.0,0,0.0,1,0,7,15,1211,185.0,1,8,0.0,1,0.0,Muslim extremists
81433,2017,7,15,0,60,10,293,237,31.200092,29.918739,1.0,0,0.0,1,0,2,14,3063,60.0,0,9,0.0,0,0.0,Muslim extremists
20382,1988,9,28,0,183,11,25,181,-34.057188,18.865482,1.0,0,0.0,1,0,3,2,362,183.0,0,6,0.0,1,0.0,African National Congress (South Africa)
53330,2012,9,22,0,228,10,48,310,12.825647,44.846416,1.0,0,0.0,1,1,3,17,680,228.0,0,6,1.0,0,0.0,Al-Qaida in the Arabian Peninsula (AQAP)
12740,1984,9,4,0,145,2,452,2928,13.00504,-84.37076,1.0,0,0.0,1,0,2,4,1762,145.0,0,5,8.0,1,0.0,Nicaraguan Democratic Force (FDN)
32470,1994,2,18,0,160,5,6,27,6.637796,124.599145,1.0,0,0.0,1,0,3,14,34,160.0,0,6,11.0,1,0.0,Abu Sayyaf Group (ASG)
64164,2014,11,25,0,45,3,377,3229,3.173889,-76.259444,2.0,0,0.0,0,0,3,20,6,45.0,0,6,0.0,0,0.0,Revolutionary Armed Forces of Colombia (FARC)
80955,2017,6,18,0,228,10,60,353,13.586484,44.024105,1.0,0,0.0,1,0,3,14,1213,228.0,0,6,1.0,-9,0.0,Houthi extremists (Ansar Allah)
15394,1986,3,26,0,43,3,270,2100,-33.050125,-71.612251,1.0,0,1.0,1,0,3,1,2701,43.0,0,6,0.0,1,0.0,Manuel Rodriguez Patriotic Front (FPMR)
16530,1986,12,19,0,183,11,19,156,-26.252697,27.870275,1.0,0,0.0,1,0,3,2,320,183.0,0,6,0.0,1,0.0,African National Congress (South Africa)
79033,2017,2,19,0,45,3,364,2485,4.667128,-74.106056,1.0,0,0.0,1,0,3,3,85,45.0,0,6,1.0,1,0.0,National Liberation Army of Colombia (ELN)
57906,2013,12,31,0,92,6,126,2191,24.871535,86.207106,1.0,0,0.0,1,0,7,1,112,92.0,0,8,0.0,1,0.0,Maoists
28180,1991,8,17,0,185,8,98,581,42.635244,-3.110586,1.0,0,0.0,1,0,3,19,1092,185.0,0,6,1.0,1,0.0,Basque Fatherland and Freedom (ETA)
41271,2004,2,16,0,160,5,392,2628,12.21814,123.50951,1.0,1,1.0,1,0,2,3,3335,160.0,0,5,10.0,0,0.0,New People's Army (NPA)
47916,2010,4,23,0,95,10,33,248,33.303566,44.371773,1.0,0,1.0,1,0,3,2,574,95.0,0,6,20.0,-9,0.0,Al-Qaida in Iraq
65730,2015,2,10,0,214,9,146,1092,48.730804,37.574596,1.0,0,1.0,1,0,3,4,524,214.0,0,6,4.0,1,0.0,Donetsk People's Republic
29016,1991,11,15,0,603,8,190,1609,54.607712,-5.95621,1.0,0,1.0,0,0,7,1,2132,233.0,0,8,0.0,1,0.0,Irish Republican Army (IRA)
72036,2016,1,1,0,228,10,52,24,13.659076,46.030868,4.0,0,0.0,1,0,2,4,20,228.0,0,5,3.0,0,0.0,Al-Qaida in the Arabian Peninsula (AQAP)
36840,1998,3,20,1,160,5,0,67,6.486859,121.913314,1.0,0,0.0,1,0,3,14,124,160.0,0,5,2.0,-9,1.0,Abu Sayyaf Group (ASG)
48570,2010,9,11,0,95,10,41,262,32.533287,45.829453,1.0,0,0.0,0,1,3,1,580,95.0,0,6,0.0,-9,0.0,Al-Qaida in Iraq
62745,2014,9,13,0,214,9,146,1076,47.981647,37.762325,1.0,0,1.0,1,0,3,4,1701,214.0,0,6,0.0,-9,0.0,Donetsk People's Republic
75831,2016,8,7,0,160,5,1,78,6.064029,121.159058,1.0,0,0.0,1,0,2,4,48,160.0,0,5,2.0,1,0.0,Abu Sayyaf Group (ASG)
15918,1986,7,7,0,145,2,450,2978,10.892093,-84.78599,1.0,0,0.0,1,0,2,4,1762,145.0,0,5,1.0,1,0.0,Nicaraguan Democratic Force (FDN)
12309,1984,6,8,0,185,8,94,534,42.815372,-1.653616,1.0,0,0.0,1,0,1,3,1046,185.0,0,5,1.0,0,0.0,Basque Fatherland and Freedom (ETA)
51084,2012,2,18,1,92,6,127,790,24.177863,86.306667,3.0,0,0.0,1,0,6,1,2889,92.0,0,5,0.0,1,1.0,Maoists
63568,2014,10,21,0,228,10,55,332,14.413989,44.837418,1.0,0,0.0,1,0,3,4,1985,228.0,0,6,4.0,0,0.0,Houthi extremists (Ansar Allah)
59629,2014,4,13,0,214,9,146,1130,48.046528,38.606785,1.0,0,0.0,1,0,8,10,1737,214.0,0,9,0.0,0,0.0,Donetsk People's Republic
62752,2014,9,13,0,95,10,36,278,34.92485,43.491413,1.0,0,0.0,1,0,3,1,2290,95.0,0,6,0.0,1,0.0,Islamic State of Iraq and the Levant (ISIL)
58125,2014,1,16,1,228,10,55,332,14.413989,44.837418,1.0,0,1.0,1,0,6,4,20,228.0,0,5,4.0,1,1.0,Al-Qaida in the Arabian Peninsula (AQAP)
72849,2016,2,14,0,182,11,70,408,-0.379485,42.461986,1.0,1,0.0,1,0,3,6,355,182.0,0,6,0.0,-9,0.0,Al-Shabaab
17734,1987,7,28,0,43,3,270,2098,-33.010693,-71.527794,1.0,0,1.0,1,0,3,21,2763,43.0,0,6,0.0,1,0.0,Manuel Rodriguez Patriotic Front (FPMR)
70291,2015,9,24,0,92,6,128,981,18.257257,81.298996,1.0,1,0.0,1,0,3,4,2880,92.0,0,6,0.0,0,0.0,Maoists
18741,1988,1,13,0,186,6,262,2040,9.703001,80.033931,1.0,0,0.0,1,0,1,14,2587,186.0,0,5,1.0,0,0.0,Liberation Tigers of Tamil Eelam (LTTE)
29653,1992,2,10,0,185,8,102,555,37.983445,-1.12989,1.0,0,0.0,1,0,3,14,1019,185.0,0,6,1.0,1,0.0,Basque Fatherland and Freedom (ETA)
33262,1994,7,20,0,45,3,471,3161,0.74522,-75.23414,1.0,0,0.0,1,0,2,3,175,45.0,0,8,0.0,1,0.0,Revolutionary Armed Forces of Colombia (FARC)
7383,1981,2,16,0,69,8,137,132,48.856644,2.34233,1.0,0,0.0,1,0,3,2,1581,69.0,0,6,0.0,1,0.0,Corsican National Liberation Front (FLNC)
17587,1987,7,9,0,92,6,339,3412,31.633078,74.878288,1.0,0,0.0,1,0,1,2,4325,92.0,0,5,6.0,0,0.0,Sikh Extremists
11902,1984,4,1,0,43,3,271,2106,-33.686068,-71.216633,1.0,0,0.0,1,0,3,21,2784,43.0,0,6,0.0,1,0.0,Manuel Rodriguez Patriotic Front (FPMR)
24493,1990,3,23,0,159,3,277,2111,-11.967368,-76.978462,1.0,0,0.0,1,0,1,1,4187,159.0,0,5,1.0,0,0.0,Shining Path (SL)
73284,2016,3,9,0,182,11,70,408,-0.357847,42.54665,1.0,0,1.0,1,0,3,14,820,182.0,0,6,3.0,1,0.0,Al-Shabaab
5210,1979,5,31,0,69,8,137,132,48.856644,2.34233,1.0,0,0.0,1,0,3,1,766,69.0,0,6,0.0,1,0.0,Corsican National Liberation Front (FLNC)
39701,2001,12,3,0,45,3,373,1166,5.445543,-75.688443,1.0,0,0.0,1,0,2,14,3901,45.0,0,8,1.0,1,0.0,Revolutionary Armed Forces of Colombia (FARC)
72289,2016,1,14,0,160,5,411,2739,8.939052,125.247994,2.0,0,0.0,1,0,2,4,577,160.0,0,5,1.0,0,0.0,New People's Army (NPA)
29114,1991,11,25,0,45,3,360,2507,8.607983,-72.908887,1.0,0,0.0,1,0,3,21,3148,45.0,0,6,0.0,1,0.0,National Liberation Army of Colombia (ELN)
64178,2014,11,26,0,214,9,146,1083,48.346134,38.424828,1.0,1,0.0,1,0,2,4,48,214.0,0,6,0.0,-9,0.0,Donetsk People's Republic
11830,1984,3,18,0,145,2,438,2854,13.37984,-86.48075,1.0,0,0.0,1,0,2,4,1762,145.0,0,5,12.0,1,0.0,Nicaraguan Democratic Force (FDN)
24146,1990,1,25,0,45,3,360,2517,8.43557,-73.28742,1.0,0,0.0,1,0,3,21,3249,45.0,0,6,0.0,1,0.0,National Liberation Army of Colombia (ELN)
22339,1989,6,18,0,155,10,327,24,31.356553,34.326901,4.0,0,0.0,1,0,2,4,3678,97.0,0,5,0.0,1,0.0,Palestinians
10693,1983,8,15,0,145,2,436,2906,13.195382,-86.167644,1.0,0,0.0,1,0,2,4,1762,145.0,0,5,1.0,1,0.0,Nicaraguan Democratic Force (FDN)
47768,2010,3,21,0,92,6,129,934,22.45109,86.995289,3.0,0,1.0,1,0,7,22,560,92.0,0,8,0.0,1,0.0,Communist Party of India - Maoist (CPI-Maoist)
21167,1989,1,15,0,183,11,19,158,-26.189151,28.31707,1.0,0,0.0,1,0,1,2,328,183.0,0,6,0.0,1,0.0,African National Congress (South Africa)
75523,2016,7,19,0,173,10,61,1530,17.554939,44.232357,1.0,0,0.0,1,0,3,3,167,173.0,0,6,0.0,-9,0.0,Houthi extremists (Ansar Allah)
57040,2013,10,7,1,228,10,55,332,14.413989,44.837418,1.0,0,0.0,1,0,6,4,20,228.0,0,5,4.0,-9,1.0,Al-Qaida in the Arabian Peninsula (AQAP)
14801,1985,11,24,0,185,8,86,516,43.32412,-1.929857,1.0,0,0.0,1,0,1,3,950,185.0,0,5,1.0,0,0.0,Basque Fatherland and Freedom (ETA)
19688,1988,6,3,0,183,11,19,166,-26.160098,27.872807,1.0,0,0.0,1,0,3,1,411,183.0,0,6,4.0,1,0.0,African National Congress (South Africa)
8602,1982,4,14,0,97,10,456,3069,31.701906,35.22699,1.0,0,0.0,1,0,7,3,175,97.0,0,8,1.0,1,0.0,Palestinians
61573,2014,7,14,0,147,11,124,1323,12.765936,12.765936,3.0,0,0.0,1,0,2,14,810,147.0,0,5,7.0,0,0.0,Fulani extremists
54066,2012,12,18,0,153,6,353,3760,34.102074,71.47802,1.0,0,1.0,1,0,2,7,4640,422.0,0,5,1.0,-9,0.0,Tehrik-i-Taliban Pakistan (TTP)
11729,1984,3,8,0,145,2,444,2934,11.81788,-86.51557,1.0,0,0.0,1,0,7,4,1768,145.0,0,5,1.0,1,0.0,Nicaraguan Democratic Force (FDN)
16087,1986,8,15,0,43,3,271,2099,-33.366238,-70.505302,1.0,0,0.0,1,0,3,14,1021,43.0,0,6,0.0,1,0.0,Manuel Rodriguez Patriotic Front (FPMR)
53614,2012,10,21,0,147,11,110,616,11.704399,11.088539,1.0,0,0.0,1,0,3,4,48,147.0,0,6,1.0,1,0.0,Boko Haram
75977,2016,8,15,0,228,10,52,337,13.357599,45.69648,1.0,0,0.0,1,1,3,4,20,228.0,0,6,4.0,-9,0.0,Al-Qaida in the Arabian Peninsula (AQAP)
52546,2012,7,8,0,182,11,74,431,4.73538,45.2024,1.0,0,0.0,1,0,2,4,48,65.0,0,6,3.0,-9,0.0,Al-Shabaab
26574,1991,1,21,0,61,2,157,1181,13.84222,-89.09694,1.0,0,0.0,1,0,2,4,562,61.0,0,5,0.0,1,0.0,Farabundo Marti National Liberation Front (FMLN)
17341,1987,6,2,0,145,2,436,2941,14.152916,-85.07312,2.0,0,0.0,1,0,2,14,3576,145.0,0,5,12.0,1,0.0,Nicaraguan Democratic Force (FDN)
67222,2015,4,27,0,214,9,146,1077,47.098835,37.81987,1.0,1,0.0,1,0,2,4,48,214.0,0,6,0.0,-9,0.0,Donetsk People's Republic
20383,1988,9,28,0,183,11,25,157,-33.951,18.554,1.0,0,0.0,1,0,3,2,333,183.0,0,6,0.0,1,0.0,African National Congress (South Africa)
25632,1990,8,15,0,92,6,494,3415,28.690073,77.213982,1.0,0,0.0,1,0,3,15,4257,92.0,0,6,5.0,1,0.0,Sikh Extremists
28729,1991,10,20,0,92,6,339,3399,30.898024,75.860077,1.0,1,1.0,1,0,7,1,1088,92.0,0,8,0.0,1,0.0,Sikh Extremists
27048,1991,4,5,0,186,6,218,1978,8.577826,81.218719,1.0,1,0.0,1,0,3,4,2503,186.0,0,6,2.0,1,0.0,Liberation Tigers of Tamil Eelam (LTTE)
35975,1996,12,24,0,69,8,136,1024,42.699997,9.447317,1.0,0,0.0,1,0,3,2,1651,69.0,0,6,0.0,1,0.0,Corsican National Liberation Front (FLNC)
21236,1989,1,25,0,45,3,369,24,6.547306,-71.002231,4.0,0,0.0,1,0,3,21,3148,45.0,0,6,0.0,1,0.0,National Liberation Army of Colombia (ELN)
5637,1979,9,29,0,603,8,190,1609,54.607712,-5.95621,1.0,0,0.0,1,0,2,1,2167,233.0,0,5,0.0,0,0.0,Irish Republican Army (IRA)
26946,1991,3,23,0,92,6,339,3399,30.898024,75.860077,1.0,1,0.0,0,0,1,2,4280,92.0,0,6,0.0,0,0.0,Sikh Extremists
18040,1987,9,13,0,43,3,271,2099,-33.366238,-70.505302,1.0,0,0.0,1,0,3,19,2700,43.0,0,6,1.0,1,0.0,Manuel Rodriguez Patriotic Front (FPMR)
51192,2012,2,27,0,147,11,110,656,12.885844,11.930042,1.0,0,0.0,1,0,1,2,1235,147.0,0,5,1.0,0,0.0,Boko Haram
62870,2014,9,18,0,228,10,53,315,15.325443,44.211895,1.0,0,0.0,1,0,3,2,1976,228.0,0,6,0.0,-9,0.0,Houthi extremists (Ansar Allah)
69150,2015,7,28,0,228,10,56,24,14.802222,42.951111,4.0,0,0.0,1,0,2,14,13,228.0,0,5,2.0,0,0.0,Houthi extremists (Ansar Allah)
63383,2014,10,13,0,45,3,471,3203,2.11317,-74.76918,1.0,0,0.0,1,0,2,4,3960,45.0,0,5,1.0,0,0.0,Revolutionary Armed Forces of Colombia (FARC)
42256,2005,8,6,0,45,3,369,2499,7.08582,-70.75779,1.0,0,0.0,1,0,3,15,3163,45.0,0,6,1.0,-9,0.0,National Liberation Army of Colombia (ELN)
79521,2017,3,23,1,160,5,0,47,6.644703,122.299491,1.0,1,0.0,1,0,4,11,69,160.0,0,5,0.0,0,1.0,Abu Sayyaf Group (ASG)
51083,2012,2,19,0,95,10,34,250,33.74324,44.623825,1.0,0,0.0,1,0,2,14,566,95.0,0,5,4.0,1,0.0,Al-Qaida in Iraq
15625,1986,5,16,0,145,2,436,2932,13.130707,-85.971684,3.0,1,0.0,1,0,2,3,3582,145.0,0,5,1.0,1,0.0,Nicaraguan Democratic Force (FDN)
17522,1987,6,28,0,45,3,471,3203,2.116667,-74.766667,1.0,0,0.0,1,0,2,4,1772,45.0,0,5,1.0,1,0.0,Revolutionary Armed Forces of Colombia (FARC)
59086,2014,3,17,0,4,6,523,3607,34.468208,62.185609,3.0,0,0.0,1,0,1,2,4491,4.0,0,5,2.0,0,0.0,Taliban
54635,2013,2,17,0,95,10,33,248,33.303566,44.371773,1.0,0,1.0,1,0,3,14,13,95.0,0,6,4.0,-9,0.0,Al-Qaida in Iraq
61362,2014,7,8,0,182,11,68,405,2.059819,45.326115,1.0,0,0.0,1,0,1,2,832,182.0,0,5,1.0,0,0.0,Al-Shabaab
42532,2005,12,2,0,45,3,368,3160,2.68523,-75.32598,1.0,0,0.0,1,0,2,3,3894,45.0,0,5,4.0,-9,0.0,Revolutionary Armed Forces of Colombia (FARC)
25863,1990,9,23,0,603,8,190,1642,54.515694,-6.055724,1.0,0,0.0,1,0,1,1,2182,233.0,0,5,1.0,0,0.0,Irish Republican Army (IRA)
61815,2014,7,25,0,182,11,68,405,2.059819,45.326115,1.0,0,0.0,1,0,2,4,497,182.0,0,5,1.0,0,0.0,Al-Shabaab
32981,1994,5,11,0,185,8,86,512,43.258434,-2.921819,1.0,0,0.0,1,0,3,1,560,185.0,0,6,0.0,1,0.0,Basque Fatherland and Freedom (ETA)
59663,2014,4,15,0,160,5,411,2672,9.000313,125.269224,1.0,0,0.0,1,0,2,3,93,160.0,0,6,0.0,-9,0.0,New People's Army (NPA)
81907,2017,8,14,1,228,10,53,315,15.325443,44.211895,1.0,0,0.0,1,0,6,14,1967,228.0,0,5,0.0,0,1.0,Houthi extremists (Ansar Allah)
14019,1985,6,10,0,61,2,159,1186,13.416667,-88.5,1.0,0,1.0,1,0,3,21,1782,61.0,0,6,0.0,1,0.0,Farabundo Marti National Liberation Front (FMLN)
26283,1990,12,6,0,69,8,136,1024,42.699997,9.447317,1.0,0,0.0,1,0,3,1,1585,69.0,0,6,0.0,1,0.0,Corsican National Liberation Front (FLNC)
14243,1985,7,15,0,183,11,18,138,-29.861824,31.008293,1.0,0,0.0,1,0,3,21,266,183.0,0,6,0.0,1,0.0,African National Congress (South Africa)
14513,1985,9,17,0,145,2,441,2855,11.76115,-85.893944,1.0,0,0.0,1,0,2,4,562,145.0,0,5,0.0,1,0.0,Nicaraguan Democratic Force (FDN)
68516,2015,6,28,0,182,11,70,408,-0.357847,42.54665,1.0,1,0.0,1,0,5,4,577,422.0,0,6,15.0,1,1.0,Al-Shabaab
3713,1977,12,21,0,603,8,190,1609,54.607712,-5.95621,1.0,0,0.0,1,0,3,1,1605,216.0,0,6,0.0,1,0.0,Irish Republican Army (IRA)
14443,1985,8,26,0,61,2,151,1215,14.15695,-89.011475,1.0,0,1.0,1,0,3,4,1793,61.0,0,6,1.0,1,0.0,Farabundo Marti National Liberation Front (FMLN)
54278,2013,1,16,0,104,11,78,468,-0.45612,39.646123,1.0,0,0.0,1,0,2,1,909,104.0,0,5,5.0,1,0.0,Al-Shabaab
17585,1987,7,9,0,185,8,86,518,43.291618,-1.977903,1.0,0,0.0,1,0,3,4,979,185.0,0,6,5.0,1,0.0,Basque Fatherland and Freedom (ETA)
48029,2010,5,15,0,92,6,129,817,22.032336,87.174696,1.0,1,0.0,1,0,6,14,1327,92.0,0,5,1.0,0,1.0,Communist Party of India - Maoist (CPI-Maoist)
47158,2009,10,4,0,4,6,511,3533,32.100204,66.901016,1.0,0,0.0,0,0,1,3,4508,4.0,0,5,0.0,0,0.0,Taliban
15884,1986,6,30,0,45,3,364,2485,4.667128,-74.106056,1.0,1,0.0,1,0,3,21,3244,217.0,0,6,0.0,1,0.0,National Liberation Army of Colombia (ELN)
20235,1988,8,27,0,92,6,339,3433,31.633979,74.872264,3.0,0,0.0,1,0,2,3,371,92.0,0,5,4.0,1,0.0,Sikh Extremists
19986,1988,7,18,0,159,3,277,2111,-11.967368,-76.978462,1.0,0,0.0,1,0,3,4,4777,159.0,0,6,0.0,1,0.0,Tupac Amaru Revolutionary Movement (MRTA)
53250,2012,9,9,0,69,8,136,1058,42.260458,9.54235,1.0,0,1.0,1,0,3,1,1585,238.0,0,6,0.0,1,0.0,Corsican National Liberation Front (FLNC)
27563,1991,6,15,0,92,6,339,3440,30.860768,75.744748,1.0,0,0.0,1,0,2,19,4296,92.0,0,5,62.0,1,0.0,Sikh Extremists
3709,1977,12,21,0,603,8,190,1609,54.607712,-5.95621,1.0,0,1.0,1,0,3,1,1605,216.0,0,6,0.0,1,0.0,Irish Republican Army (IRA)
78350,2017,1,5,0,228,10,60,1547,12.725161,43.494482,2.0,0,0.0,1,0,3,4,1987,228.0,0,6,6.0,1,0.0,Houthi extremists (Ansar Allah)
17385,1987,6,9,0,159,3,277,2111,-11.967368,-76.978462,1.0,0,0.0,0,0,3,14,4807,159.0,0,6,0.0,1,0.0,Tupac Amaru Revolutionary Movement (MRTA)
57471,2013,11,18,0,92,6,125,2187,13.37129,75.198311,1.0,1,0.0,1,0,7,3,2901,92.0,0,5,0.0,1,0.0,Maoists
47491,2010,1,9,0,45,3,469,3218,1.148127,-76.646288,1.0,0,0.0,1,0,7,1,3966,45.0,0,8,0.0,1,0.0,Revolutionary Armed Forces of Colombia (FARC)
60991,2014,6,22,0,147,11,108,636,11.083983,13.693092,1.0,0,0.0,1,1,3,4,20,147.0,0,6,4.0,-9,0.0,Boko Haram
25624,1990,8,14,0,209,10,235,1834,40.001744,42.3441,1.0,0,0.0,1,0,2,4,2365,209.0,0,5,4.0,1,0.0,Kurdistan Workers' Party (PKK)
59532,2014,4,10,0,95,10,34,250,33.74324,44.623825,1.0,0,0.0,1,0,2,4,2321,95.0,0,5,1.0,0,0.0,Islamic State of Iraq and the Levant (ISIL)
78704,2017,1,29,0,19,6,325,2406,23.791275,90.418205,1.0,0,0.0,1,0,2,14,3068,19.0,0,9,1.0,0,0.0,Muslim extremists
52511,2012,7,4,0,228,10,53,315,15.325443,44.211895,1.0,0,0.0,0,0,1,3,740,228.0,0,6,0.0,1,0.0,Al-Qaida in the Arabian Peninsula (AQAP)
44605,2008,3,16,0,6,10,329,2407,36.77513,5.59993,1.0,0,0.0,1,0,3,4,3076,6.0,0,6,1.0,-9,0.0,Muslim extremists
76817,2016,10,3,0,182,11,74,478,4.193211,44.994213,1.0,0,0.0,1,0,3,4,856,422.0,0,6,1.0,1,0.0,Al-Shabaab
19042,1988,2,24,0,61,2,150,1156,13.69288,-89.199161,1.0,0,0.0,1,0,3,1,1784,61.0,0,6,0.0,1,0.0,Farabundo Marti National Liberation Front (FMLN)
47603,2010,2,10,0,228,10,185,1546,15.554965,48.1728,4.0,0,0.0,1,0,2,4,1986,228.0,0,5,18.0,0,0.0,Houthi extremists (Ansar Allah)
71364,2015,11,22,0,147,11,108,619,11.840929,13.141459,1.0,0,0.0,1,1,3,4,20,147.0,0,6,8.0,0,0.0,Boko Haram
60882,2014,6,14,1,60,10,291,2354,31.126646,33.800865,1.0,0,0.0,1,0,6,1,3038,60.0,0,5,0.0,1,1.0,Muslim extremists
23612,1989,11,5,0,97,10,458,3037,31.771599,35.2034,1.0,0,0.0,0,0,1,14,3633,97.0,0,9,0.0,0,0.0,Palestinians
60173,2014,5,14,1,4,6,523,3621,34.3425,61.746667,3.0,0,0.0,1,0,6,12,4501,422.0,0,5,1.0,0,1.0,Taliban
12874,1984,10,4,0,69,8,144,1051,45.764043,4.835659,1.0,0,0.0,1,0,3,1,1623,69.0,0,6,0.0,1,0.0,Corsican National Liberation Front (FLNC)
70471,2015,10,5,0,160,5,1,22,6.050458,121.012245,1.0,0,0.0,0,0,3,20,6,160.0,0,6,0.0,0,0.0,Abu Sayyaf Group (ASG)
36510,1997,9,9,0,186,6,218,2025,8.941674,80.986695,1.0,1,0.0,1,0,3,11,2540,44.0,0,6,37.0,1,0.0,Liberation Tigers of Tamil Eelam (LTTE)
64169,2014,11,25,0,147,11,108,619,11.840929,13.141459,1.0,0,1.0,1,1,3,14,486,147.0,0,6,4.0,1,0.0,Boko Haram
37143,1999,1,2,0,160,5,1,22,6.050458,121.012245,1.0,0,0.0,1,0,3,14,139,160.0,0,6,10.0,1,0.0,Abu Sayyaf Group (ASG)
15159,1986,2,4,0,183,11,25,174,-33.98263,18.569386,1.0,0,0.0,1,0,3,4,291,183.0,0,6,0.0,1,0.0,African National Congress (South Africa)
61090,2014,6,27,0,214,9,146,1092,48.740385,37.590927,2.0,1,0.0,1,0,2,4,577,214.0,0,6,4.0,1,0.0,Donetsk People's Republic
12491,1984,7,16,0,145,2,447,2926,14.13638,-83.944069,1.0,0,0.0,1,0,2,14,3566,145.0,0,5,1.0,1,0.0,Nicaraguan Democratic Force (FDN)
44328,2007,11,17,0,160,5,8,28,7.209594,124.241966,1.0,0,0.0,0,0,3,14,6,160.0,0,6,0.0,0,0.0,Abu Sayyaf Group (ASG)
62663,2014,9,9,0,147,11,124,1416,12.091664,6.681905,1.0,0,1.0,1,0,6,14,27,147.0,0,5,1.0,1,1.0,Fulani extremists
13915,1985,5,22,0,145,2,450,2955,12.16349,-84.218941,1.0,0,0.0,1,0,2,4,562,145.0,0,5,1.0,1,0.0,Nicaraguan Democratic Force (FDN)
67438,2015,5,7,0,173,10,61,1530,17.554939,44.232357,1.0,1,0.0,1,0,3,4,2015,173.0,0,6,1.0,-9,0.0,Houthi extremists (Ansar Allah)
18483,1987,11,18,0,159,3,277,2111,-11.967368,-76.978462,1.0,0,1.0,1,0,3,21,1761,159.0,0,6,0.0,1,0.0,Shining Path (SL)
64614,2014,12,21,0,214,9,146,1107,48.396416,37.974052,1.0,1,0.0,1,0,2,4,1698,214.0,0,6,0.0,-9,0.0,Donetsk People's Republic
72630,2016,2,3,0,95,10,38,1695,35.215491,43.713711,3.0,0,0.0,1,0,6,14,13,95.0,0,5,2.0,0,1.0,Islamic State of Iraq and the Levant (ISIL)
71495,2015,11,30,0,153,6,353,3785,34.062465,72.476053,1.0,0,1.0,1,0,1,7,4641,422.0,0,5,1.0,-9,0.0,Tehrik-i-Taliban Pakistan (TTP)
80527,2017,5,26,0,92,6,127,807,23.808075,85.763511,1.0,0,0.0,1,0,3,19,1455,92.0,0,6,0.0,1,0.0,Communist Party of India - Maoist (CPI-Maoist)
13949,1985,5,30,0,183,11,19,137,-26.184113,28.033232,1.0,0,0.0,1,0,3,4,394,183.0,0,6,0.0,1,0.0,African National Congress (South Africa)
16472,1986,11,29,0,45,3,364,2485,4.667128,-74.106056,1.0,0,0.0,1,0,3,21,3177,45.0,0,6,0.0,1,0.0,National Liberation Army of Colombia (ELN)
6496,1980,4,16,0,97,10,458,3037,31.771599,35.2034,1.0,0,0.0,1,0,3,14,3648,97.0,0,6,0.0,1,0.0,Palestinians
54861,2013,3,15,0,95,10,36,306,34.533753,43.483738,4.0,0,0.0,1,0,2,4,596,95.0,0,5,9.0,1,0.0,Al-Qaida in Iraq
60561,2014,6,1,0,160,5,401,2733,13.65625,122.985452,2.0,0,0.0,1,0,2,4,3419,160.0,0,5,1.0,0,0.0,New People's Army (NPA)
14327,1985,8,1,0,145,2,438,2984,13.157674,-86.37536,1.0,0,0.0,1,0,2,4,562,145.0,0,5,0.0,1,0.0,Nicaraguan Democratic Force (FDN)
74351,2016,5,11,0,228,10,50,321,16.902568,49.328913,1.0,0,0.0,0,1,1,4,646,228.0,0,6,9.0,-9,0.0,Al-Qaida in the Arabian Peninsula (AQAP)
2880,1976,9,7,0,69,8,141,1021,41.930607,8.742907,1.0,0,0.0,1,0,5,6,1595,69.0,0,5,0.0,1,1.0,Corsican National Liberation Front (FLNC)
67992,2015,5,31,0,214,9,146,1077,47.098835,37.81987,1.0,1,0.0,1,0,3,4,48,214.0,0,6,1.0,-9,0.0,Donetsk People's Republic
16574,1987,1,4,0,159,3,483,3350,-9.05621,-78.578613,1.0,0,0.0,1,0,3,1,4172,159.0,0,6,1.0,1,0.0,Shining Path (SL)
21901,1989,4,14,0,185,8,86,518,43.291618,-1.977903,1.0,0,0.0,1,0,3,3,1050,185.0,0,6,0.0,1,0.0,Basque Fatherland and Freedom (ETA)
48118,2010,5,27,0,45,3,362,3135,1.212936,-77.27471,1.0,0,0.0,1,0,3,2,3863,45.0,0,6,5.0,1,0.0,Revolutionary Armed Forces of Colombia (FARC)
46308,2009,3,30,0,153,6,339,3748,32.5539,72.131987,1.0,0,0.0,1,0,2,3,4595,153.0,0,6,12.0,1,1.0,Tehrik-i-Taliban Pakistan (TTP)
21225,1989,1,24,0,92,6,339,3443,31.770833,74.888333,1.0,0,0.0,1,0,1,14,4300,92.0,0,5,3.0,0,0.0,Sikh Extremists
81824,2017,8,8,0,209,10,228,1855,37.080181,41.220196,1.0,1,0.0,1,0,2,4,2421,209.0,0,5,0.0,-9,0.0,Kurdistan Workers' Party (PKK)
56732,2013,9,9,0,228,10,52,318,13.887403,45.863647,1.0,0,0.0,1,0,3,17,352,228.0,0,6,0.0,1,0.0,Al-Qaida in the Arabian Peninsula (AQAP)
28048,1991,8,5,0,69,8,136,1052,42.309409,9.149022,1.0,0,1.0,1,0,3,2,1583,69.0,0,6,0.0,1,0.0,Corsican National Liberation Front (FLNC)
72691,2016,2,3,0,95,10,37,255,36.354145,43.14357,1.0,1,0.0,1,0,2,4,12,422.0,0,6,30.0,0,0.0,Islamic State of Iraq and the Levant (ISIL)
72749,2016,2,9,0,209,10,225,1816,37.222085,42.498922,1.0,0,0.0,1,0,3,3,559,209.0,0,6,1.0,1,0.0,Kurdistan Workers' Party (PKK)
66116,2015,3,2,0,228,10,183,24,16.118063,43.329466,4.0,0,1.0,1,0,2,14,1993,228.0,0,5,1.0,0,0.0,Houthi extremists (Ansar Allah)
55300,2013,4,29,0,208,10,314,2383,35.239591,8.750597,1.0,1,1.0,1,0,3,4,48,208.0,0,6,0.0,0,0.0,Muslim extremists
77775,2016,11,26,0,95,10,37,255,36.354145,43.14357,1.0,0,1.0,1,0,3,14,926,95.0,0,6,4.0,1,0.0,Islamic State of Iraq and the Levant (ISIL)
49722,2011,6,2,0,45,3,367,2543,7.073165,-73.851015,1.0,1,0.0,1,0,4,19,3993,45.0,0,6,0.0,1,0.0,Revolutionary Armed Forces of Colombia (FARC)
20115,1988,8,7,0,92,6,339,3399,30.898024,75.860077,1.0,0,0.0,1,0,3,8,4290,92.0,0,6,0.0,1,0.0,Sikh Extremists
55545,2013,5,25,0,182,11,65,402,3.115641,43.64658,1.0,0,0.0,1,0,3,4,559,65.0,0,6,1.0,-9,0.0,Al-Shabaab
59905,2014,5,1,0,160,5,389,2622,16.990875,120.73286,3.0,0,0.0,1,0,2,4,3328,160.0,0,5,3.0,0,0.0,New People's Army (NPA)
53140,2012,9,4,0,147,11,108,619,11.840929,13.141459,1.0,0,0.0,1,0,2,2,1264,147.0,0,5,2.0,0,0.0,Boko Haram
25600,1990,8,11,0,186,6,78,2008,7.775413,81.606247,1.0,1,1.0,1,0,2,14,2594,186.0,0,5,25.0,1,0.0,Liberation Tigers of Tamil Eelam (LTTE)
18946,1988,2,14,0,159,3,277,2111,-11.967368,-76.978462,1.0,0,0.0,1,0,3,1,4804,159.0,0,6,0.0,1,0.0,Tupac Amaru Revolutionary Movement (MRTA)
66760,2015,4,5,0,228,10,48,310,12.825647,44.846416,1.0,0,0.0,1,0,3,14,1730,228.0,0,6,0.0,-9,0.0,Houthi extremists (Ansar Allah)
63902,2014,11,10,0,214,9,146,1079,48.143208,37.753361,1.0,1,0.0,1,0,3,4,1723,214.0,0,6,4.0,-9,0.0,Donetsk People's Republic
48314,2010,7,7,0,95,10,32,247,33.31065,44.038208,1.0,0,1.0,1,0,3,14,493,95.0,0,6,0.0,1,0.0,Al-Qaida in Iraq
11400,1984,1,13,0,45,3,367,3130,6.313712,-73.950146,1.0,0,0.0,1,0,2,4,1762,45.0,0,5,2.0,1,0.0,Revolutionary Armed Forces of Colombia (FARC)
83330,2017,12,2,0,147,11,108,613,10.612148,12.19127,1.0,0,1.0,1,1,3,14,486,147.0,0,6,8.0,-9,0.0,Boko Haram
41624,2004,9,28,0,141,6,266,2167,27.708754,85.329498,1.0,0,0.0,1,0,3,1,2902,141.0,0,6,0.0,1,0.0,Maoists
12282,1984,6,1,0,159,3,277,2111,-11.967368,-76.978462,1.0,0,0.0,1,0,5,10,4824,159.0,0,5,0.0,1,1.0,Tupac Amaru Revolutionary Movement (MRTA)
5278,1979,6,14,0,185,8,86,518,43.291618,-1.977903,1.0,0,0.0,1,0,3,14,1026,185.0,0,6,0.0,1,0.0,Basque Fatherland and Freedom (ETA)
50470,2011,11,22,0,4,6,518,24,36.05,69.083333,4.0,0,0.0,1,0,3,14,4514,95.0,0,6,0.0,1,0.0,Taliban
58127,2014,1,16,0,228,10,55,371,14.33094,44.887487,3.0,0,1.0,1,0,2,4,741,228.0,0,6,8.0,-9,0.0,Al-Qaida in the Arabian Peninsula (AQAP)
69493,2015,8,14,0,209,10,226,1821,37.570354,44.282055,3.0,0,0.0,1,0,2,3,2404,209.0,0,5,1.0,-9,0.0,Kurdistan Workers' Party (PKK)
30670,1992,7,6,0,159,3,490,3340,-5.707626,-78.809843,1.0,0,0.0,1,0,3,14,4815,159.0,0,5,7.0,1,0.0,Tupac Amaru Revolutionary Movement (MRTA)
10661,1983,8,7,0,61,2,154,1166,13.703735,-88.804566,1.0,0,0.0,1,0,2,4,1772,61.0,0,5,1.0,1,0.0,Farabundo Marti National Liberation Front (FMLN)
68056,2015,6,4,0,147,11,108,619,11.840929,13.141459,1.0,0,0.0,1,1,3,4,20,147.0,0,6,9.0,0,0.0,Boko Haram
1911,1974,11,14,0,603,8,49,1626,52.405838,-1.512661,1.0,0,0.0,0,0,3,17,2082,233.0,0,6,1.0,1,0.0,Irish Republican Army (IRA)
83022,2017,11,7,0,160,5,0,20,6.664973,122.154736,1.0,0,0.0,1,0,3,1,21,160.0,0,6,0.0,-9,0.0,Abu Sayyaf Group (ASG)
18023,1987,9,10,0,159,3,488,3331,-15.235833,-71.883889,2.0,0,1.0,1,0,3,21,1761,159.0,0,6,0.0,1,0.0,Shining Path (SL)
67503,2015,5,10,0,160,5,0,59,6.606469,122.192254,1.0,0,0.0,0,0,3,16,104,160.0,0,6,0.0,0,0.0,Abu Sayyaf Group (ASG)
53219,2012,9,9,0,95,10,46,305,31.044371,46.261452,1.0,0,1.0,1,0,3,7,589,69.0,0,6,1.0,1,0.0,Al-Qaida in Iraq
48366,2010,7,16,0,4,6,517,3543,35.672778,71.343333,1.0,0,0.0,1,0,2,2,4450,4.0,0,5,11.0,-9,0.0,Taliban
42204,2005,7,21,1,95,10,33,248,33.303566,44.371773,1.0,0,0.0,1,0,6,7,505,6.0,0,5,2.0,0,1.0,Al-Qaida in Iraq
80285,2017,5,14,0,147,11,170,1300,7.8116,10.58387,1.0,0,1.0,1,0,2,14,27,147.0,0,5,3.0,-9,0.0,Fulani extremists
14952,1985,12,24,0,159,3,277,2111,-11.967368,-76.978462,1.0,0,0.0,1,0,3,2,4855,159.0,0,6,1.0,1,0.0,Tupac Amaru Revolutionary Movement (MRTA)
77288,2016,10,29,0,147,11,111,620,7.78811,6.729729,1.0,0,0.0,1,0,1,14,1924,147.0,0,5,1.0,1,0.0,Fulani extremists
55509,2013,5,22,1,160,5,0,13,6.497216,122.105141,1.0,0,0.0,1,0,6,2,14,160.0,0,5,0.0,0,1.0,Abu Sayyaf Group (ASG)
13256,1985,1,10,0,145,2,437,2858,13.746389,-86.709722,1.0,0,0.0,1,0,2,4,1762,145.0,0,5,34.0,1,0.0,Nicaraguan Democratic Force (FDN)
56118,2013,7,19,0,228,10,48,310,12.825647,44.846416,1.0,0,0.0,1,0,1,17,721,228.0,0,5,1.0,0,0.0,Al-Qaida in the Arabian Peninsula (AQAP)
60322,2014,5,21,0,153,6,427,3800,32.975433,70.273735,1.0,0,0.0,1,0,2,4,162,153.0,0,5,15.0,1,0.0,Tehrik-i-Taliban Pakistan (TTP)
40386,2002,10,17,0,160,5,4,15,6.929089,122.07885,1.0,0,1.0,1,0,3,14,16,160.0,0,6,3.0,1,0.0,Abu Sayyaf Group (ASG)
12531,1984,7,27,0,159,3,477,3278,-13.152712,-74.218628,1.0,0,1.0,1,0,3,14,4168,159.0,0,6,1.0,1,0.0,Shining Path (SL)
29431,1992,1,10,0,603,8,190,1651,54.863117,-6.278343,1.0,0,1.0,1,0,7,1,321,233.0,0,8,0.0,1,0.0,Irish Republican Army (IRA)
62559,2014,9,1,0,95,10,42,1755,32.870514,44.29695,2.0,0,0.0,1,0,3,17,2316,95.0,0,6,1.0,0,0.0,Islamic State of Iraq and the Levant (ISIL)
61984,2014,8,1,1,214,9,146,1123,48.063515,38.417602,1.0,1,0.0,1,0,2,4,1732,214.0,0,5,10.0,0,-9.0,Donetsk People's Republic
8241,1981,12,14,0,61,2,159,1207,13.344322,-88.437463,1.0,0,0.0,1,0,2,14,1850,61.0,0,5,10.0,1,0.0,Farabundo Marti National Liberation Front (FMLN)
4202,1978,7,23,0,69,8,141,1053,41.387174,9.159269,1.0,0,0.0,1,0,3,14,1625,69.0,0,6,0.0,1,0.0,Corsican National Liberation Front (FLNC)
51488,2012,3,31,0,147,11,110,621,11.864978,11.070571,1.0,0,1.0,1,0,2,3,175,147.0,0,5,1.0,1,0.0,Boko Haram
19413,1988,4,28,0,185,8,86,543,43.222177,-2.885668,1.0,0,0.0,1,0,3,1,180,185.0,0,6,0.0,1,0.0,Basque Fatherland and Freedom (ETA)
47465,2009,12,26,0,45,3,363,2532,7.661469,-75.330292,1.0,0,0.0,0,0,3,14,3934,45.0,0,6,0.0,0,0.0,Revolutionary Armed Forces of Colombia (FARC)
23477,1989,10,22,0,159,3,488,3330,-15.836675,-71.755818,2.0,0,0.0,1,0,1,3,4138,159.0,0,9,9.0,0,0.0,Shining Path (SL)
49935,2011,8,3,0,92,6,126,951,25.288582,86.572856,1.0,0,0.0,1,0,3,14,1476,92.0,0,6,0.0,1,0.0,Communist Party of India - Maoist (CPI-Maoist)
5631,1979,9,27,0,185,8,86,512,43.258434,-2.921819,1.0,0,0.0,1,0,1,19,1083,185.0,0,5,1.0,0,0.0,Basque Fatherland and Freedom (ETA)
56302,2013,8,4,0,93,5,306,2367,-6.170593,106.757476,1.0,0,0.0,1,0,3,15,3041,93.0,0,6,0.0,1,0.0,Muslim extremists
69215,2015,8,1,0,209,10,228,1874,37.418099,41.268707,1.0,0,0.0,1,0,3,4,559,209.0,0,6,1.0,1,0.0,Kurdistan Workers' Party (PKK)
46590,2009,5,28,0,153,6,534,3722,34.006004,71.53743,1.0,0,0.0,1,0,3,14,13,153.0,0,6,7.0,1,0.0,Tehrik-i-Taliban Pakistan (TTP)
66159,2015,3,4,0,160,5,1,56,6.052565,121.146487,1.0,1,0.0,1,0,3,4,96,160.0,0,6,3.0,1,0.0,Abu Sayyaf Group (ASG)
50107,2011,9,25,0,95,10,44,268,32.604393,44.007145,1.0,0,1.0,1,0,3,2,515,95.0,0,6,3.0,1,0.0,Al-Qaida in Iraq
6581,1980,5,3,0,185,8,86,518,43.291618,-1.977903,1.0,0,0.0,1,0,1,3,952,185.0,0,5,1.0,0,0.0,Basque Fatherland and Freedom (ETA)
30872,1992,7,31,0,155,10,327,1474,31.502407,34.459743,1.0,1,1.0,1,0,1,14,3712,155.0,0,5,1.0,0,0.0,Palestinians
34779,1995,11,2,0,186,6,218,1976,9.748074,79.882883,1.0,0,0.0,1,0,3,4,2482,186.0,0,6,2.0,1,0.0,Liberation Tigers of Tamil Eelam (LTTE)
45866,2008,12,16,0,153,6,534,3722,34.006004,71.53743,1.0,0,0.0,1,0,3,14,4576,153.0,0,6,0.0,1,0.0,Tehrik-i-Taliban Pakistan (TTP)
44300,2007,11,12,0,95,10,39,257,31.98958,44.923775,1.0,0,1.0,1,0,7,17,347,95.0,0,5,10.0,1,0.0,Al-Qaida in Iraq
71287,2015,11,18,0,28,9,297,2384,43.878321,18.314335,1.0,0,0.0,1,0,2,4,48,28.0,1,5,2.0,1,0.0,Muslim extremists
9680,1983,1,18,0,61,2,158,1235,13.851327,-88.156206,1.0,0,0.0,1,0,2,14,205,61.0,0,5,1.0,1,0.0,Farabundo Marti National Liberation Front (FMLN)
17132,1987,4,23,0,183,11,25,203,-33.923231,18.603113,1.0,0,0.0,0,0,1,3,275,183.0,0,6,1.0,1,0.0,African National Congress (South Africa)
63196,2014,10,2,0,214,9,146,1076,47.981647,37.762325,1.0,0,0.0,1,0,3,12,560,422.0,0,6,1.0,1,0.0,Donetsk People's Republic
37996,2000,4,11,0,45,3,379,2528,3.429344,-76.516037,1.0,0,1.0,1,0,3,15,3224,217.0,0,6,0.0,1,0.0,National Liberation Army of Colombia (ELN)
48109,2010,5,25,0,92,6,128,838,20.271944,81.493056,3.0,0,0.0,1,0,7,1,1351,92.0,0,8,0.0,1,0.0,Communist Party of India - Maoist (CPI-Maoist)
45623,2008,10,18,0,92,6,127,789,23.744186,84.504429,3.0,0,0.0,1,0,2,14,1330,92.0,0,5,0.0,-9,0.0,Communist Party of India - Maoist (CPI-Maoist)
76991,2016,10,14,0,113,10,307,2370,32.867867,13.189067,1.0,0,0.0,0,0,2,2,219,113.0,0,5,0.0,0,0.0,Muslim extremists
14070,1985,6,15,0,183,11,18,133,-29.965819,30.882976,1.0,0,0.0,1,0,3,3,298,183.0,0,6,1.0,1,0.0,African National Congress (South Africa)
67932,2015,5,29,0,160,5,1,22,6.050458,121.012245,1.0,0,0.0,1,0,3,3,85,160.0,0,6,0.0,-9,0.0,Abu Sayyaf Group (ASG)
62334,2014,8,19,0,95,10,37,1747,36.543773,43.024066,1.0,0,1.0,0,0,3,20,6,95.0,0,6,0.0,0,0.0,Islamic State of Iraq and the Levant (ISIL)
18659,1988,1,1,0,43,3,271,2099,-33.366238,-70.505302,1.0,0,0.0,1,0,3,21,1761,43.0,0,6,0.0,1,0.0,Manuel Rodriguez Patriotic Front (FPMR)
50233,2011,10,31,0,104,11,78,448,0.349466,40.875992,1.0,1,0.0,1,0,2,4,858,104.0,0,5,1.0,-9,0.0,Al-Shabaab
61285,2014,7,5,0,147,11,170,1380,7.853282,10.963859,3.0,0,1.0,1,0,2,14,27,147.0,0,5,7.0,1,0.0,Fulani extremists
21259,1989,1,27,0,61,2,159,1174,13.516667,-88.383333,1.0,0,0.0,1,0,2,4,1773,61.0,0,5,0.0,1,0.0,Farabundo Marti National Liberation Front (FMLN)
58569,2014,2,16,0,160,5,418,2705,13.882276,120.913666,1.0,0,0.0,1,0,7,19,1710,160.0,0,5,0.0,1,0.0,New People's Army (NPA)
29021,1991,11,15,0,603,8,190,1609,54.607712,-5.95621,1.0,0,1.0,0,0,7,1,2132,233.0,0,8,0.0,1,0.0,Irish Republican Army (IRA)
15260,1986,3,7,0,183,11,19,209,-26.184113,28.033232,1.0,0,0.0,0,0,3,3,298,183.0,0,6,0.0,1,0.0,African National Congress (South Africa)
72250,2016,1,12,0,95,10,34,1770,33.773349,45.14945,2.0,0,0.0,1,0,3,14,13,95.0,0,6,0.0,0,0.0,Islamic State of Iraq and the Levant (ISIL)
14284,1985,7,22,0,145,2,446,2884,12.836184,-85.934374,1.0,0,0.0,1,0,2,4,562,145.0,0,5,3.0,1,0.0,Nicaraguan Democratic Force (FDN)
28018,1991,8,2,0,92,6,339,3412,31.633078,74.878288,1.0,1,0.0,1,0,2,3,562,92.0,0,5,2.0,1,0.0,Sikh Extremists
24454,1990,3,19,1,92,6,339,3482,30.8623,74.929006,1.0,0,0.0,1,0,6,14,4374,92.0,0,5,11.0,0,1.0,Sikh Extremists
4859,1979,3,22,0,21,8,196,1661,50.836426,4.367415,1.0,0,0.0,1,0,1,1,2171,21.0,0,5,1.0,0,0.0,Irish Republican Army (IRA)
72987,2016,2,22,0,228,10,60,353,13.586484,44.024105,1.0,0,1.0,1,0,3,14,1288,228.0,0,6,0.0,1,0.0,Houthi extremists (Ansar Allah)
22531,1989,7,20,0,43,3,279,2117,-40.57472,-73.131919,1.0,0,0.0,1,0,3,10,283,43.0,0,6,0.0,1,0.0,Manuel Rodriguez Patriotic Front (FPMR)
48270,2010,6,27,0,153,6,339,3737,33.594013,73.069077,1.0,0,1.0,1,0,2,14,554,153.0,0,5,3.0,1,0.0,Tehrik-i-Taliban Pakistan (TTP)
43868,2007,6,6,0,186,6,218,1975,7.733107,81.68882,1.0,0,0.0,1,0,3,19,6,186.0,0,6,0.0,1,0.0,Liberation Tigers of Tamil Eelam (LTTE)
66373,2015,3,15,0,147,11,167,1321,7.905833,7.854722,2.0,0,0.0,1,0,2,14,27,147.0,0,5,95.0,1,0.0,Fulani extremists
66671,2015,3,31,0,4,6,504,3524,35.838223,66.234833,1.0,0,0.0,1,0,1,14,4439,4.0,0,5,2.0,0,0.0,Taliban
82522,2017,9,27,0,123,11,295,2368,14.929512,-3.889058,2.0,0,0.0,1,0,5,14,13,123.0,0,5,0.0,0,1.0,Muslim extremists
11266,1983,12,15,0,183,11,19,137,-26.184113,28.033232,1.0,0,0.0,1,0,3,2,366,183.0,0,6,0.0,1,0.0,African National Congress (South Africa)
1403,1973,5,18,0,603,8,190,1609,54.607712,-5.95621,1.0,0,0.0,0,0,1,4,2128,216.0,0,5,1.0,0,0.0,Irish Republican Army (IRA)
871,1972,3,8,0,603,8,190,1622,54.293235,-6.842351,1.0,0,0.0,1,0,1,4,2069,233.0,0,5,1.0,0,0.0,Irish Republican Army (IRA)
26049,1990,10,25,0,160,5,11,43,14.596051,120.978666,1.0,0,1.0,1,0,2,19,3432,160.0,0,8,0.0,1,0.0,New People's Army (NPA)
41573,2004,8,27,0,141,6,266,2241,27.416491,85.033562,1.0,0,0.0,1,0,3,1,2934,141.0,0,6,0.0,1,0.0,Maoists
38900,2001,2,12,0,141,6,218,2139,26.809932,88.009847,1.0,0,0.0,1,0,2,8,2859,141.0,0,9,0.0,0,0.0,Maoists
49147,2011,1,11,0,92,6,131,896,18.815236,82.712102,3.0,0,0.0,1,0,3,2,1450,92.0,0,6,0.0,1,0.0,Communist Party of India - Maoist (CPI-Maoist)
61256,2014,7,4,0,95,10,333,257,31.98958,44.923775,1.0,1,1.0,1,0,2,3,20,95.0,0,5,1.0,0,0.0,Muslim extremists
48187,2010,6,12,0,153,6,427,3763,33.697271,71.144852,3.0,0,1.0,1,0,3,14,4665,153.0,0,6,0.0,1,0.0,Tehrik-i-Taliban Pakistan (TTP)
5843,1979,11,15,0,183,11,19,173,-26.252697,27.870275,1.0,0,0.0,1,0,3,3,319,183.0,0,5,2.0,1,0.0,African National Congress (South Africa)
55405,2013,5,11,0,153,6,468,3124,24.891115,67.143311,1.0,0,1.0,0,0,1,14,4671,153.0,0,6,5.0,1,0.0,Tehrik-i-Taliban Pakistan (TTP)
41696,2004,12,3,0,185,8,89,520,40.465595,-3.696263,1.0,0,1.0,1,0,3,1,965,185.0,0,6,0.0,1,0.0,Basque Fatherland and Freedom (ETA)
60876,2014,6,16,1,153,6,339,3791,30.163641,71.402035,1.0,0,0.0,1,0,6,2,4648,153.0,0,5,1.0,0,1.0,Tehrik-i-Taliban Pakistan (TTP)
31853,1992,11,18,0,159,3,277,2111,-11.967368,-76.978462,1.0,0,0.0,1,0,3,7,4779,217.0,0,6,0.0,1,0.0,Tupac Amaru Revolutionary Movement (MRTA)
65952,2015,2,19,0,214,9,146,1077,47.098835,37.81987,1.0,1,0.0,1,0,3,4,48,214.0,0,6,1.0,0,0.0,Donetsk People's Republic
63642,2014,11,1,0,182,11,70,437,0.249167,42.778889,3.0,0,0.0,1,0,3,4,162,422.0,0,6,7.0,0,0.0,Al-Shabaab
57120,2013,10,15,0,4,6,523,3578,34.283333,62.616667,3.0,0,0.0,1,0,3,14,486,4.0,0,6,0.0,1,0.0,Taliban
4173,1978,7,4,0,185,8,95,574,43.362532,-1.791497,1.0,0,0.0,1,0,3,2,1071,185.0,0,6,0.0,1,0.0,Basque Fatherland and Freedom (ETA)
21997,1989,4,25,0,92,6,339,3412,31.633078,74.878288,1.0,1,0.0,1,0,1,14,4333,92.0,0,5,5.0,0,0.0,Sikh Extremists
52648,2012,7,22,0,45,3,375,2515,7.033333,-72.066667,2.0,0,0.0,1,0,3,21,3187,45.0,0,6,0.0,1,0.0,Revolutionary Armed Forces of Colombia (FARC)
63256,2014,10,6,0,160,5,9,2755,6.388085,124.795647,2.0,0,0.0,1,0,7,1,3433,160.0,0,8,0.0,1,0.0,New People's Army (NPA)
44003,2007,7,4,0,153,6,301,2363,33.671638,73.056068,1.0,0,0.0,1,0,6,15,3035,153.0,0,5,7.0,1,1.0,Muslim extremists
77530,2016,11,13,0,182,11,68,405,2.059819,45.326115,1.0,0,0.0,1,0,2,4,497,182.0,0,5,1.0,1,0.0,Al-Shabaab
13073,1984,11,20,0,159,3,485,3324,-5.197037,-80.626621,1.0,0,0.0,1,0,3,7,4129,159.0,0,6,0.0,1,0.0,Shining Path (SL)
4169,1978,7,3,0,69,8,143,1056,42.467512,9.473267,1.0,0,0.0,1,0,3,1,1629,69.0,0,6,0.0,1,0.0,Corsican National Liberation Front (FLNC)
47080,2009,9,8,1,153,6,534,3790,35.839232,71.780106,1.0,0,0.0,1,0,6,12,4649,78.0,0,5,0.0,0,1.0,Tehrik-i-Taliban Pakistan (TTP)
3861,1978,2,14,0,97,10,458,3037,31.771599,35.2034,1.0,0,0.0,1,0,3,19,1153,97.0,0,6,2.0,1,0.0,Palestinians
13862,1985,5,16,0,61,2,159,24,13.447063,-88.556531,4.0,0,1.0,1,0,3,21,1774,61.0,0,6,0.0,1,0.0,Farabundo Marti National Liberation Front (FMLN)
35565,1996,8,14,0,45,3,363,2533,5.74514,-75.97625,1.0,0,0.0,1,0,2,3,175,45.0,0,5,0.0,1,0.0,National Liberation Army of Colombia (ELN)
22248,1989,6,1,0,185,8,86,518,43.291618,-1.977903,1.0,0,0.0,1,0,3,1,990,217.0,0,6,0.0,1,0.0,Basque Fatherland and Freedom (ETA)
19102,1988,3,9,0,92,6,339,3412,31.633078,74.878288,1.0,0,0.0,1,0,1,22,568,92.0,0,5,6.0,0,0.0,Sikh Extremists
64822,2015,1,1,0,228,10,50,340,15.914915,48.650745,1.0,0,0.0,1,0,3,3,559,228.0,0,6,4.0,1,0.0,Al-Qaida in the Arabian Peninsula (AQAP)
24232,1990,2,12,1,45,3,363,2491,6.242026,-75.564766,1.0,0,0.0,1,0,6,1,3198,217.0,0,5,0.0,0,1.0,National Liberation Army of Colombia (ELN)
69422,2015,8,11,0,37,11,117,691,11.135556,13.881944,1.0,0,0.0,1,0,2,14,205,37.0,0,5,10.0,0,0.0,Boko Haram
46429,2009,4,21,0,92,6,127,813,24.04573,86.614492,1.0,0,1.0,1,0,3,8,1406,92.0,0,6,0.0,-9,0.0,Communist Party of India - Maoist (CPI-Maoist)
1572,1974,1,6,0,603,8,49,1615,51.504387,-0.140041,1.0,0,0.0,0,0,1,4,2179,216.0,0,6,0.0,0,0.0,Irish Republican Army (IRA)
82462,2017,9,23,0,209,10,226,1840,37.300035,44.572792,3.0,0,0.0,1,0,3,4,48,209.0,0,6,2.0,-9,0.0,Kurdistan Workers' Party (PKK)
19548,1988,5,12,0,43,3,271,2099,-33.366238,-70.505302,1.0,0,1.0,1,0,2,19,56,43.0,0,8,0.0,1,0.0,Manuel Rodriguez Patriotic Front (FPMR)
60126,2014,5,13,1,214,9,146,1109,48.987865,37.797001,1.0,0,0.0,1,0,6,3,1715,214.0,0,5,1.0,0,1.0,Donetsk People's Republic
65808,2015,2,13,0,160,5,386,2767,15.677394,121.12882,2.0,0,0.0,1,0,7,1,3443,160.0,0,5,0.0,1,0.0,New People's Army (NPA)
78528,2017,1,16,0,200,10,220,1772,35.333061,40.138737,1.0,0,0.0,1,0,3,14,926,200.0,0,6,1.0,-9,0.0,Islamic State of Iraq and the Levant (ISIL)
51519,2012,4,3,0,182,11,73,24,3.503922,42.236243,4.0,0,0.0,1,0,3,12,903,422.0,0,6,1.0,1,0.0,Al-Shabaab
32152,1992,12,28,0,159,3,277,2111,-11.967368,-76.978462,1.0,0,0.0,1,0,3,7,4144,44.0,0,6,0.0,1,0.0,Shining Path (SL)
23750,1989,11,21,0,92,6,339,3419,31.326015,75.576183,1.0,0,0.0,1,0,1,22,347,92.0,0,5,2.0,0,0.0,Sikh Extremists
68907,2015,7,16,0,147,11,114,707,10.286653,11.163861,1.0,0,1.0,1,0,3,14,486,147.0,0,6,25.0,-9,0.0,Boko Haram
6000,1979,12,19,0,603,8,49,1615,51.504387,-0.140041,1.0,0,0.0,0,0,1,1,2061,216.0,0,6,0.0,0,0.0,Irish Republican Army (IRA)
52190,2012,6,6,1,209,10,234,1856,38.426625,40.670188,3.0,0,0.0,1,0,6,4,497,209.0,0,5,1.0,0,1.0,Kurdistan Workers' Party (PKK)
71093,2015,11,5,0,228,10,60,353,13.586484,44.024105,1.0,0,1.0,1,0,3,14,1730,228.0,0,6,1.0,-9,0.0,Houthi extremists (Ansar Allah)
78702,2017,1,29,0,95,10,37,255,36.354145,43.14357,1.0,0,1.0,1,0,3,14,815,95.0,0,6,0.0,1,0.0,Islamic State of Iraq and the Levant (ISIL)
20071,1988,7,30,0,92,6,283,3424,20.946702,72.952035,1.0,0,0.0,1,0,1,2,4276,92.0,0,5,7.0,0,0.0,Sikh Extremists
19635,1988,5,26,0,183,11,19,137,-26.184113,28.033232,1.0,0,0.0,1,0,3,3,412,183.0,0,6,0.0,1,0.0,African National Congress (South Africa)
21242,1989,1,26,0,92,6,339,24,31.147131,75.341218,4.0,0,0.0,0,0,3,19,2557,92.0,0,6,0.0,1,0.0,Sikh Extremists
43703,2007,4,18,0,95,10,33,248,33.303566,44.371773,1.0,0,0.0,1,0,3,14,582,95.0,0,6,127.0,1,0.0,Al-Qaida in Iraq
71674,2015,12,13,0,160,5,395,59,11.387,122.781991,1.0,0,0.0,1,0,3,3,559,160.0,0,6,0.0,0,0.0,New People's Army (NPA)
16898,1987,3,16,0,45,3,360,2506,8.833351,-73.200031,2.0,0,0.0,1,0,2,4,1762,45.0,0,5,1.0,1,0.0,National Liberation Army of Colombia (ELN)
20958,1988,12,15,0,43,3,271,2099,-33.366238,-70.505302,1.0,0,0.0,1,0,3,21,2777,43.0,0,6,0.0,1,0.0,Manuel Rodriguez Patriotic Front (FPMR)
30349,1992,5,16,0,92,6,292,3444,34.526179,74.254614,1.0,1,0.0,1,0,2,3,562,92.0,0,5,1.0,1,0.0,Sikh Extremists
73039,2016,2,24,0,147,11,167,1315,7.871944,8.008333,1.0,0,1.0,1,0,2,14,27,147.0,0,5,50.0,1,0.0,Fulani extremists
27377,1991,5,27,0,159,3,277,2111,-11.967368,-76.978462,1.0,0,0.0,1,0,3,1,4851,159.0,0,5,0.0,1,0.0,Tupac Amaru Revolutionary Movement (MRTA)
73807,2016,4,11,0,147,11,170,1432,7.366638,11.486789,2.0,0,1.0,1,0,2,14,27,147.0,0,5,22.0,1,0.0,Fulani extremists
63776,2014,11,2,0,147,11,168,1333,8.699823,7.982974,2.0,0,1.0,1,0,2,14,27,147.0,0,5,2.0,1,0.0,Fulani extremists
73081,2016,2,27,0,4,6,504,3666,36.217655,65.933037,1.0,0,1.0,1,0,2,19,4372,4.0,0,5,7.0,0,0.0,Taliban
63646,2014,10,25,1,95,10,37,1750,35.79813,43.294178,1.0,0,0.0,1,0,6,14,2323,95.0,0,5,1.0,0,1.0,Islamic State of Iraq and the Levant (ISIL)
71098,2015,11,5,0,228,10,60,353,13.586484,44.024105,1.0,0,1.0,1,0,3,14,1730,228.0,0,6,2.0,-9,0.0,Houthi extremists (Ansar Allah)
78992,2017,2,16,0,95,10,37,255,36.354145,43.14357,1.0,0,0.0,1,0,3,8,51,95.0,0,6,2.0,-9,0.0,Islamic State of Iraq and the Levant (ISIL)
48648,2010,9,18,0,4,6,322,3571,34.467964,70.491493,1.0,0,0.0,1,0,3,2,4466,4.0,0,6,0.0,1,0.0,Taliban
28824,1991,10,25,0,160,5,5,23,7.083241,125.600998,1.0,0,1.0,1,0,3,21,1782,160.0,0,6,1.0,1,0.0,New People's Army (NPA)
13052,1984,11,14,0,145,2,452,2901,13.611277,-84.866885,3.0,1,0.0,1,0,3,2,3551,145.0,0,6,1.0,1,0.0,Nicaraguan Democratic Force (FDN)
32351,1994,1,25,0,209,10,234,1828,37.922218,40.184376,1.0,0,0.0,1,0,3,2,2366,209.0,0,6,1.0,1,0.0,Kurdistan Workers' Party (PKK)
60578,2014,6,2,0,182,11,66,451,0.949595,43.556059,3.0,0,0.0,1,0,6,14,815,182.0,0,9,0.0,0,0.0,Al-Shabaab
69102,2015,7,26,0,160,5,1,2,6.088221,121.109329,1.0,0,0.0,0,0,6,4,7,160.0,0,5,0.0,0,0.0,Abu Sayyaf Group (ASG)
49422,2011,3,21,0,45,3,360,2529,8.04928,-73.0855,1.0,1,0.0,1,0,3,21,3913,45.0,0,6,0.0,1,0.0,Revolutionary Armed Forces of Colombia (FARC)
61283,2014,7,5,0,147,11,170,1380,7.852721,10.962974,3.0,0,1.0,1,0,2,14,27,147.0,0,5,7.0,1,0.0,Fulani extremists
19267,1988,3,30,0,45,3,368,24,2.535935,-75.52767,4.0,0,0.0,1,0,2,4,1762,45.0,0,5,6.0,1,0.0,Revolutionary Armed Forces of Colombia (FARC)
31305,1992,9,20,0,159,3,277,2111,-11.967368,-76.978462,1.0,0,0.0,1,0,1,12,4055,159.0,0,5,1.0,0,0.0,Shining Path (SL)
65703,2015,2,9,0,147,11,167,1292,7.689167,9.250278,3.0,0,1.0,1,0,2,14,27,147.0,0,5,1.0,1,0.0,Fulani extremists
17524,1987,6,29,0,43,3,276,2110,-35.43058,-71.65762,1.0,0,1.0,1,0,3,2,2736,43.0,0,6,0.0,1,0.0,Manuel Rodriguez Patriotic Front (FPMR)
7443,1981,3,7,0,69,8,140,1032,43.610769,3.876716,1.0,0,0.0,1,0,3,4,1611,69.0,0,6,0.0,1,0.0,Corsican National Liberation Front (FLNC)
70220,2015,9,20,0,92,6,128,2236,19.502879,81.259335,2.0,1,0.0,0,0,3,4,48,92.0,0,6,0.0,0,0.0,Maoists
63475,2014,10,16,0,228,10,47,309,13.966953,44.002258,1.0,0,1.0,1,0,7,2,330,228.0,0,8,1.0,1,0.0,Al-Qaida in the Arabian Peninsula (AQAP)
19125,1988,3,12,0,92,6,339,3451,30.672393,74.755048,3.0,0,0.0,1,0,1,1,4309,92.0,0,5,1.0,0,0.0,Sikh Extremists
74319,2016,5,9,0,173,10,188,24,17.700589,43.604145,4.0,0,0.0,0,0,3,4,577,173.0,0,6,0.0,0,0.0,Houthi extremists (Ansar Allah)
49297,2011,2,17,0,92,6,126,791,25.561362,84.309496,1.0,0,0.0,1,0,7,1,1303,92.0,0,8,0.0,1,0.0,Communist Party of India - Maoist (CPI-Maoist)
15310,1986,3,17,0,183,11,19,147,-25.718321,28.408798,1.0,0,0.0,1,0,1,3,275,183.0,0,5,1.0,0,0.0,African National Congress (South Africa)
69327,2015,8,6,0,209,10,225,1844,37.331478,42.185897,3.0,0,0.0,1,0,3,14,2371,209.0,0,6,1.0,-9,0.0,Kurdistan Workers' Party (PKK)
4739,1979,2,14,0,185,8,86,515,42.84964,-2.692359,1.0,0,0.0,1,0,1,4,1042,185.0,0,5,1.0,0,0.0,Basque Fatherland and Freedom (ETA)
63595,2014,10,22,1,92,6,131,2278,19.890014,84.981394,2.0,0,0.0,1,0,6,2,2961,92.0,0,5,1.0,0,1.0,Maoists
48127,2010,5,28,0,92,6,127,786,24.128611,84.185712,3.0,0,0.0,1,0,3,3,1298,92.0,0,6,1.0,-9,0.0,Communist Party of India - Maoist (CPI-Maoist)
17517,1987,6,27,0,43,3,271,2099,-33.366238,-70.505302,1.0,0,0.0,1,0,2,3,2687,43.0,0,5,0.0,1,0.0,Manuel Rodriguez Patriotic Front (FPMR)
73622,2016,3,31,0,182,11,74,431,4.73538,45.2024,1.0,0,0.0,1,0,3,15,215,182.0,0,6,2.0,1,0.0,Al-Shabaab
50182,2011,10,15,0,228,10,48,310,12.825647,44.846416,1.0,0,0.0,1,0,3,21,712,228.0,0,6,0.0,1,0.0,Al-Qaida in the Arabian Peninsula (AQAP)
21989,1989,4,24,0,185,8,86,512,43.258434,-2.921819,1.0,0,0.0,0,0,3,14,1065,185.0,0,6,0.0,1,0.0,Basque Fatherland and Freedom (ETA)
77073,2016,10,19,0,173,10,184,1550,16.756625,43.230939,2.0,0,0.0,1,0,3,4,172,173.0,0,6,0.0,-9,0.0,Houthi extremists (Ansar Allah)
37995,2000,4,11,0,45,3,379,2528,3.429344,-76.516037,1.0,0,1.0,1,0,3,15,3224,217.0,0,6,0.0,1,0.0,National Liberation Army of Colombia (ELN)
63117,2014,9,28,1,228,10,55,377,14.299835,45.219672,1.0,0,0.0,1,0,6,4,753,228.0,0,6,0.0,0,1.0,Al-Qaida in the Arabian Peninsula (AQAP)
6180,1980,1,31,0,155,10,456,3048,31.530243,35.094162,1.0,0,0.0,1,0,3,15,3650,97.0,0,6,0.0,1,0.0,Palestinians
60318,2014,5,21,0,147,11,108,693,10.849199,12.215991,2.0,0,1.0,1,0,2,14,27,147.0,0,5,19.0,1,0.0,Boko Haram
50373,2011,11,12,0,103,7,332,2418,42.9,71.366667,1.0,0,0.0,1,1,3,2,3079,103.0,0,6,8.0,1,0.0,Muslim extremists
29222,1991,12,9,0,69,8,136,1024,42.699997,9.447317,1.0,0,0.0,1,0,3,1,1578,69.0,0,6,0.0,1,0.0,Corsican National Liberation Front (FLNC)
48252,2010,6,24,1,92,6,129,844,22.577189,87.004942,1.0,0,0.0,1,0,6,14,1356,92.0,0,5,0.0,0,1.0,Communist Party of India - Maoist (CPI-Maoist)
63423,2014,10,14,0,121,5,13,62,7.277091,117.458841,1.0,0,0.0,1,0,2,11,107,121.0,0,5,0.0,1,0.0,Abu Sayyaf Group (ASG)
17983,1987,9,2,0,183,11,19,165,-26.1072,28.058292,1.0,0,0.0,1,0,3,3,267,183.0,0,6,1.0,1,0.0,African National Congress (South Africa)
75668,2016,7,28,0,173,10,184,1522,16.893194,42.57526,1.0,0,0.0,1,0,3,14,1213,173.0,0,6,0.0,-9,0.0,Houthi extremists (Ansar Allah)
52477,2012,7,1,1,92,6,285,2202,23.540541,74.442253,1.0,0,0.0,1,0,6,2,2910,92.0,0,5,0.0,0,1.0,Maoists
80417,2017,5,20,1,95,10,38,284,35.326122,43.780811,1.0,0,0.0,1,0,6,14,566,95.0,0,5,9.0,0,1.0,Islamic State of Iraq and the Levant (ISIL)
1724,1974,6,2,0,185,8,95,567,43.0,-2.166667,1.0,0,0.0,1,0,1,3,1052,185.0,0,5,1.0,0,0.0,Basque Fatherland and Freedom (ETA)
44256,2007,11,4,0,186,6,262,2078,9.66123,80.02558,3.0,0,0.0,1,0,3,4,2592,186.0,0,6,2.0,-9,0.0,Liberation Tigers of Tamil Eelam (LTTE)
27834,1991,7,15,0,97,10,266,3046,32.322744,34.853921,1.0,0,0.0,0,0,1,14,3649,97.0,0,9,0.0,0,0.0,Palestinians
38752,2000,12,28,0,160,5,1,22,6.050458,121.012245,1.0,0,0.0,1,0,1,15,82,160.0,0,5,2.0,0,0.0,Abu Sayyaf Group (ASG)
54958,2013,3,24,1,228,10,52,333,13.92892,46.079399,1.0,0,0.0,1,0,6,4,707,228.0,0,5,1.0,-9,1.0,Al-Qaida in the Arabian Peninsula (AQAP)
25385,1990,7,14,0,92,6,339,3492,30.34,76.38,3.0,0,0.0,1,0,2,8,4378,92.0,0,5,8.0,1,0.0,Sikh Extremists
50106,2011,9,25,0,95,10,44,268,32.604393,44.007145,1.0,0,1.0,1,0,3,2,581,95.0,0,6,3.0,1,0.0,Al-Qaida in Iraq
64154,2014,11,24,0,214,9,146,1112,48.312065,38.274979,1.0,1,0.0,1,0,2,4,48,214.0,0,6,0.0,-9,0.0,Donetsk People's Republic
66188,2015,3,6,0,214,9,146,1125,47.419884,37.696533,1.0,0,0.0,1,0,3,4,48,214.0,0,6,0.0,0,0.0,Donetsk People's Republic
68002,2015,5,31,0,160,5,0,12,6.482175,122.165286,1.0,0,0.0,0,0,3,4,48,160.0,0,6,0.0,0,0.0,Abu Sayyaf Group (ASG)
9262,1982,10,14,0,61,2,152,1238,13.46667,-88.38333,1.0,0,0.0,1,0,2,4,1762,61.0,0,5,3.0,1,0.0,Farabundo Marti National Liberation Front (FMLN)
20046,1988,7,28,0,159,3,277,2111,-11.967368,-76.978462,1.0,0,1.0,1,0,3,1,2132,159.0,0,6,0.0,1,0.0,Shining Path (SL)
19089,1988,3,6,0,97,10,262,3059,33.004219,35.092571,1.0,0,0.0,1,0,3,14,3679,97.0,0,6,0.0,1,0.0,Palestinians
54125,2012,12,31,0,95,10,34,250,33.74324,44.623825,1.0,1,1.0,1,0,2,2,538,95.0,0,5,1.0,-9,0.0,Al-Qaida in Iraq
61985,2014,8,1,0,153,6,427,3745,34.856902,71.429936,3.0,0,0.0,1,0,2,4,4659,153.0,0,5,7.0,-9,0.0,Tehrik-i-Taliban Pakistan (TTP)
9803,1983,2,15,0,97,10,462,3088,32.800445,35.001584,1.0,1,0.0,1,0,3,14,3756,97.0,0,6,1.0,1,0.0,Palestinians
10826,1983,9,14,0,145,2,437,2910,13.662336,-86.437449,1.0,0,0.0,1,0,2,4,1762,145.0,0,5,16.0,1,0.0,Nicaraguan Democratic Force (FDN)
56833,2013,9,18,0,95,10,33,248,33.303566,44.371773,1.0,0,0.0,1,0,3,2,2331,95.0,0,6,2.0,1,0.0,Islamic State of Iraq and the Levant (ISIL)
77905,2016,12,4,0,95,10,37,255,36.354145,43.14357,1.0,0,1.0,1,0,3,14,926,95.0,0,6,3.0,-9,0.0,Islamic State of Iraq and the Levant (ISIL)
16378,1986,11,4,0,145,2,442,24,12.492724,-85.520024,4.0,0,0.0,1,0,2,4,1762,145.0,0,5,22.0,1,0.0,Nicaraguan Democratic Force (FDN)
7766,1981,6,24,0,185,8,94,534,42.815372,-1.653616,1.0,0,0.0,1,0,3,8,980,185.0,0,6,0.0,1,0.0,Basque Fatherland and Freedom (ETA)
69445,2015,8,12,0,147,11,108,702,10.671237,12.543212,1.0,0,0.0,1,0,2,14,27,147.0,0,5,1.0,0,0.0,Boko Haram
71950,2015,12,27,0,147,11,108,738,11.831098,13.150967,3.0,0,1.0,1,1,3,14,1270,147.0,0,6,1.0,-9,0.0,Boko Haram
42155,2005,7,5,0,95,10,33,248,33.303566,44.371773,1.0,1,0.0,0,0,2,7,513,153.0,0,5,0.0,-9,0.0,Al-Qaida in Iraq
60970,2014,6,21,0,214,9,146,1113,48.145926,38.410415,2.0,0,0.0,1,0,5,1,1716,214.0,0,5,0.0,1,1.0,Donetsk People's Republic
49499,2011,4,9,0,92,6,129,938,22.66279,88.27653,1.0,0,0.0,1,0,3,2,1465,92.0,0,6,0.0,-9,0.0,Communist Party of India - Maoist (CPI-Maoist)
63828,2014,11,5,0,208,10,321,2402,36.299722,8.768333,1.0,0,0.0,1,0,2,4,56,208.0,0,5,5.0,1,0.0,Muslim extremists
32435,1994,2,10,0,209,10,225,1832,37.522653,42.452637,1.0,0,0.0,1,0,2,4,1788,209.0,0,5,1.0,1,0.0,Kurdistan Workers' Party (PKK)
31688,1992,11,4,0,69,8,136,1021,41.930607,8.742907,1.0,0,0.0,1,0,3,2,219,69.0,0,6,0.0,1,0.0,Corsican National Liberation Front (FLNC)
10507,1983,7,10,0,110,10,457,3034,33.888523,35.503513,1.0,0,0.0,1,0,3,4,3741,97.0,0,6,1.0,1,0.0,Palestinians
24040,1990,1,10,0,45,3,360,2569,8.292798,-73.385133,1.0,0,0.0,1,0,6,1,3259,45.0,0,5,0.0,0,1.0,National Liberation Army of Colombia (ELN)
42814,2006,3,3,0,217,1,344,2442,35.904912,-79.046913,1.0,0,0.0,1,0,8,14,3099,217.0,1,10,0.0,0,0.0,Muslim extremists
7483,1981,3,19,0,155,10,327,1474,31.502407,34.459743,1.0,0,0.0,0,0,3,4,3670,97.0,0,6,0.0,0,0.0,Palestinians
5299,1979,6,16,0,69,8,136,24,41.918891,8.737554,4.0,0,0.0,1,0,3,20,1176,69.0,0,6,0.0,1,0.0,Corsican National Liberation Front (FLNC)
54142,2012,12,31,0,182,11,70,408,-0.357847,42.54665,1.0,0,0.0,1,0,2,17,868,182.0,0,6,1.0,-9,0.0,Al-Shabaab
59473,2014,4,8,0,45,3,377,24,2.45,-76.616667,4.0,0,0.0,1,0,3,3,12,45.0,0,6,0.0,-9,0.0,Revolutionary Armed Forces of Colombia (FARC)
32406,1994,2,3,0,45,3,363,2491,6.242026,-75.564766,1.0,0,0.0,1,0,3,1,3181,45.0,0,6,0.0,1,0.0,National Liberation Army of Colombia (ELN)
16466,1986,11,24,0,160,5,11,43,14.596051,120.978666,1.0,0,0.0,1,0,1,2,3390,160.0,0,5,3.0,0,0.0,New People's Army (NPA)
56483,2013,8,16,0,60,10,291,2354,31.126646,33.800865,1.0,0,0.0,0,0,2,3,175,60.0,0,6,0.0,0,0.0,Muslim extremists
15372,1986,3,26,0,43,3,272,2103,-36.816006,-73.037659,1.0,0,1.0,1,0,3,1,2696,43.0,0,6,0.0,1,0.0,Manuel Rodriguez Patriotic Front (FPMR)
15685,1986,5,30,0,92,6,339,3412,31.633078,74.878288,1.0,0,0.0,1,0,2,15,4347,92.0,0,5,2.0,1,0.0,Sikh Extremists
58389,2014,2,3,0,147,11,112,1386,9.635277,8.505035,1.0,0,1.0,1,0,2,14,27,147.0,0,5,10.0,1,0.0,Fulani extremists
74101,2016,4,28,0,209,10,201,1709,36.833508,38.000553,1.0,1,0.0,1,0,3,4,2294,209.0,0,6,0.0,1,0.0,Islamic State of Iraq and the Levant (ISIL)
49656,2011,5,20,0,153,6,353,3722,34.006004,71.53743,1.0,0,0.0,1,0,3,7,4574,217.0,0,6,1.0,1,0.0,Tehrik-i-Taliban Pakistan (TTP)
17654,1987,7,18,0,603,8,190,1620,54.482055,-8.088244,1.0,0,0.0,1,0,2,4,2067,216.0,0,5,1.0,1,0.0,Irish Republican Army (IRA)
41994,2005,5,7,0,95,10,33,248,33.303566,44.371773,1.0,0,0.0,1,1,3,14,492,217.0,0,6,22.0,1,0.0,Al-Qaida in Iraq
29713,1992,2,19,0,92,6,339,3399,30.898024,75.860077,1.0,0,0.0,1,0,3,2,1185,92.0,0,6,1.0,1,0.0,Sikh Extremists
67751,2015,5,21,0,214,9,146,1078,48.363186,37.891922,1.0,0,0.0,1,0,3,4,48,214.0,0,6,0.0,-9,0.0,Donetsk People's Republic
51278,2012,3,7,0,95,10,37,282,36.373718,42.451778,2.0,0,1.0,1,1,3,14,13,95.0,0,6,8.0,1,0.0,Al-Qaida in Iraq
17608,1987,7,13,0,92,6,339,3470,31.51655,75.28897,1.0,0,0.0,1,0,2,2,560,92.0,0,5,4.0,1,0.0,Sikh Extremists
78319,2017,1,3,0,160,5,0,24,6.741797,122.398145,4.0,0,0.0,0,0,4,11,119,160.0,0,5,0.0,1,0.0,Abu Sayyaf Group (ASG)
33022,1994,5,16,0,159,3,277,2111,-11.967368,-76.978462,1.0,0,0.0,1,0,3,1,4073,159.0,0,6,0.0,1,0.0,Shining Path (SL)
36849,1998,3,27,0,185,8,86,518,43.291618,-1.977903,1.0,0,0.0,1,0,3,4,1074,185.0,0,6,0.0,1,0.0,Basque Fatherland and Freedom (ETA)
69783,2015,8,28,0,147,11,108,666,12.70277,13.217873,1.0,0,0.0,1,0,2,14,27,147.0,0,5,68.0,1,0.0,Boko Haram
1829,1974,9,16,0,603,8,190,1609,54.607712,-5.95621,1.0,0,0.0,1,0,1,14,2177,233.0,0,5,1.0,0,0.0,Irish Republican Army (IRA)
69409,2015,8,9,0,182,11,65,428,2.403678,42.9786,3.0,0,0.0,0,0,2,4,811,182.0,0,5,10.0,0,0.0,Al-Shabaab
65081,2015,1,14,0,214,9,146,1084,47.805,37.576667,1.0,0,0.0,1,0,3,4,1698,214.0,0,6,0.0,-9,0.0,Donetsk People's Republic
23766,1989,11,22,0,45,3,378,3191,4.79961,-74.74089,1.0,0,0.0,1,0,2,3,12,45.0,0,5,2.0,1,0.0,Revolutionary Armed Forces of Colombia (FARC)
25817,1990,9,12,0,69,8,136,1021,41.930607,8.742907,1.0,0,0.0,1,0,3,1,1578,69.0,0,6,0.0,1,0.0,Corsican National Liberation Front (FLNC)
18224,1987,10,7,0,92,6,339,24,31.147131,75.341218,4.0,0,1.0,1,0,1,14,4260,92.0,0,5,1.0,0,0.0,Sikh Extremists
19713,1988,6,7,0,43,3,271,2099,-33.366238,-70.505302,1.0,0,0.0,1,0,1,4,2728,43.0,0,5,1.0,0,0.0,Manuel Rodriguez Patriotic Front (FPMR)
48617,2010,9,18,0,4,6,527,3605,36.474539,66.951146,1.0,0,0.0,1,0,3,2,4486,4.0,0,6,0.0,0,0.0,Taliban
73419,2016,3,15,1,182,11,73,417,2.448348,41.967613,1.0,0,0.0,1,0,6,12,821,422.0,0,5,0.0,0,1.0,Al-Shabaab
78422,2017,1,10,0,95,10,37,255,36.354145,43.14357,1.0,0,1.0,1,0,6,14,2322,95.0,0,5,1.0,0,1.0,Islamic State of Iraq and the Levant (ISIL)
80788,2017,6,9,1,147,11,177,1373,7.084237,6.239724,1.0,0,1.0,1,0,6,14,13,147.0,0,5,1.0,0,1.0,Fulani extremists
36302,1997,5,29,0,45,3,360,2537,7.927696,-72.508479,1.0,0,0.0,1,0,3,3,175,45.0,0,6,1.0,1,0.0,National Liberation Army of Colombia (ELN)
15426,1986,4,3,0,159,3,277,2111,-11.967368,-76.978462,1.0,0,1.0,1,0,3,2,4756,159.0,0,6,1.0,1,0.0,Tupac Amaru Revolutionary Movement (MRTA)
46039,2009,1,18,0,92,6,125,784,14.097995,77.280925,1.0,1,0.0,0,0,3,19,152,92.0,0,6,0.0,0,0.0,Communist Party of India - Maoist (CPI-Maoist)
22570,1989,7,25,0,159,3,277,2111,-11.967368,-76.978462,1.0,0,1.0,1,0,3,1,1585,159.0,0,6,0.0,1,0.0,Tupac Amaru Revolutionary Movement (MRTA)
53533,2012,10,14,0,153,6,353,3801,33.796459,71.558487,1.0,0,0.0,1,0,3,3,2901,153.0,0,6,6.0,1,0.0,Tehrik-i-Taliban Pakistan (TTP)
37023,1998,9,7,1,160,5,10,51,7.291386,122.064633,1.0,0,0.0,1,0,6,14,89,160.0,0,5,0.0,0,1.0,Abu Sayyaf Group (ASG)
19695,1988,6,4,0,92,6,339,3447,31.534899,75.910571,1.0,0,0.0,1,0,1,10,4306,92.0,0,5,1.0,0,0.0,Sikh Extremists
17536,1987,7,1,0,160,5,11,43,14.596051,120.978666,1.0,0,0.0,1,0,1,3,3458,160.0,0,5,1.0,0,0.0,New People's Army (NPA)
61741,2014,7,21,0,214,9,146,1076,47.981647,37.762325,1.0,0,0.0,1,0,3,19,1697,214.0,0,6,0.0,1,0.0,Donetsk People's Republic
14291,1985,7,23,0,145,2,452,2904,13.69517,-84.85311,1.0,0,0.0,1,0,2,2,3552,145.0,0,5,3.0,1,0.0,Nicaraguan Democratic Force (FDN)
63551,2014,10,20,0,95,10,37,1775,36.258704,43.281417,1.0,0,0.0,1,0,2,14,205,95.0,0,5,32.0,-9,0.0,Islamic State of Iraq and the Levant (ISIL)
35877,1996,11,1,0,185,8,94,552,41.980462,-1.443253,1.0,0,0.0,1,0,3,3,1008,185.0,0,6,0.0,1,0.0,Basque Fatherland and Freedom (ETA)
29976,1992,3,25,0,75,8,243,1205,52.50153,13.401851,1.0,0,1.0,1,0,7,6,560,209.0,0,9,0.0,1,0.0,Kurdistan Workers' Party (PKK)
67239,2015,4,28,0,214,9,146,1085,47.313381,37.805458,1.0,0,1.0,1,0,2,4,48,214.0,0,5,0.0,-9,0.0,Donetsk People's Republic
46675,2009,6,15,0,92,6,127,935,23.669296,86.151112,1.0,0,0.0,1,0,3,3,1459,92.0,0,6,11.0,0,0.0,Communist Party of India - Maoist (CPI-Maoist)
24382,1990,3,9,0,43,3,271,2099,-33.366238,-70.505302,1.0,0,0.0,1,0,3,1,2791,43.0,0,6,0.0,1,0.0,Manuel Rodriguez Patriotic Front (FPMR)
37260,1999,3,17,0,186,6,261,2063,6.955747,79.923695,1.0,0,0.0,0,0,3,19,2583,186.0,0,6,0.0,0,0.0,Liberation Tigers of Tamil Eelam (LTTE)
53228,2012,9,9,0,95,10,32,247,33.31065,44.038208,1.0,0,1.0,1,0,2,4,20,95.0,0,5,5.0,0,0.0,Al-Qaida in Iraq
62276,2014,8,16,0,147,11,108,628,12.394185,13.830873,2.0,1,1.0,1,0,2,14,27,147.0,0,5,2.0,1,0.0,Boko Haram
51974,2012,5,13,0,4,6,513,3631,32.311872,64.811084,2.0,0,1.0,1,0,2,3,4509,4.0,0,5,1.0,0,0.0,Taliban
11731,1984,3,9,0,603,8,190,1665,54.489224,-6.920883,1.0,0,0.0,1,0,3,1,2181,233.0,0,6,0.0,1,0.0,Irish Republican Army (IRA)
22571,1989,7,25,0,159,3,277,2111,-11.967368,-76.978462,1.0,0,1.0,1,0,3,1,1585,159.0,0,6,0.0,1,0.0,Tupac Amaru Revolutionary Movement (MRTA)
51997,2012,5,16,0,147,11,115,711,11.887798,8.501951,1.0,0,1.0,0,0,3,8,51,147.0,0,6,0.0,0,0.0,Boko Haram
19153,1988,3,16,0,61,2,150,1199,13.65917,-89.1675,1.0,0,0.0,1,0,2,4,1762,61.0,0,5,1.0,1,0.0,Farabundo Marti National Liberation Front (FMLN)
36538,1997,9,30,0,45,3,360,2512,7.894195,-72.503885,1.0,0,1.0,1,0,3,2,3192,45.0,0,6,0.0,1,0.0,National Liberation Army of Colombia (ELN)
59315,2014,3,30,0,228,10,52,329,13.129726,45.385571,1.0,1,0.0,1,0,2,17,347,228.0,0,5,2.0,0,0.0,Al-Qaida in the Arabian Peninsula (AQAP)
50067,2011,9,13,0,92,6,126,943,26.117863,85.963383,2.0,0,0.0,1,0,2,14,1469,92.0,0,5,1.0,-9,0.0,Communist Party of India - Maoist (CPI-Maoist)
12194,1984,5,12,0,183,11,18,138,-29.861824,31.008293,1.0,0,0.0,1,0,3,3,281,183.0,0,6,0.0,1,0.0,African National Congress (South Africa)
17909,1987,8,23,1,159,3,277,2111,-11.967368,-76.978462,1.0,0,0.0,1,0,6,2,4067,159.0,0,5,0.0,0,1.0,Shining Path (SL)
26209,1990,11,27,0,160,5,5,2703,7.083241,125.600998,1.0,0,1.0,1,0,2,19,1153,160.0,0,8,0.0,1,0.0,New People's Army (NPA)
18973,1988,2,17,0,43,3,270,2101,-33.024705,-71.552216,2.0,0,1.0,1,0,3,21,2695,43.0,0,6,0.0,1,0.0,Manuel Rodriguez Patriotic Front (FPMR)
45843,2008,12,11,0,153,6,534,3738,34.76548,72.328087,1.0,1,0.0,1,0,7,8,4585,153.0,0,8,0.0,1,0.0,Tehrik-i-Taliban Pakistan (TTP)
48139,2010,6,1,0,153,6,427,3764,34.574856,71.276081,1.0,0,1.0,1,0,3,1,4610,153.0,0,6,0.0,1,0.0,Tehrik-i-Taliban Pakistan (TTP)
79338,2017,3,10,0,228,10,60,1561,13.323393,43.21091,1.0,1,0.0,1,0,3,4,2001,228.0,0,6,2.0,1,0.0,Houthi extremists (Ansar Allah)
59249,2014,3,26,0,92,6,127,2227,24.139169,83.449942,1.0,0,0.0,1,0,2,3,852,92.0,0,5,0.0,0,0.0,Maoists
14105,1985,6,20,0,45,3,363,2532,7.57649,-75.350334,1.0,0,0.0,1,0,5,14,205,45.0,0,5,7.0,1,1.0,National Liberation Army of Colombia (ELN)
83464,2017,12,13,0,209,10,205,1717,41.106178,28.689863,1.0,0,0.0,0,1,3,12,2418,422.0,0,6,0.0,0,0.0,Kurdistan Workers' Party (PKK)
64333,2014,12,4,0,147,11,114,682,10.850832,11.431111,1.0,0,1.0,1,0,2,2,1223,147.0,0,5,24.0,1,0.0,Boko Haram
56154,2013,7,23,0,4,6,526,3592,33.191738,68.102051,3.0,0,0.0,1,0,3,4,48,422.0,0,6,0.0,1,0.0,Taliban
16965,1987,4,3,0,603,8,190,1609,54.607712,-5.95621,1.0,0,0.0,1,0,1,14,2095,233.0,0,5,2.0,0,0.0,Irish Republican Army (IRA)
1860,1974,10,10,0,603,8,49,1615,51.504387,-0.140041,1.0,0,0.0,1,0,3,14,2125,216.0,0,6,0.0,1,0.0,Irish Republican Army (IRA)
6046,1980,1,2,0,155,10,456,3033,32.222271,35.253506,1.0,0,0.0,0,0,3,14,3769,97.0,0,6,0.0,0,0.0,Palestinians
30187,1992,4,29,0,209,10,242,1860,40.93796,40.058001,1.0,0,0.0,1,0,1,8,2382,209.0,0,5,1.0,0,0.0,Kurdistan Workers' Party (PKK)
62171,2014,8,12,0,45,3,360,2517,8.435654,-73.28654,1.0,0,0.0,1,0,2,19,2017,45.0,0,5,4.0,1,0.0,National Liberation Army of Colombia (ELN)
5655,1979,10,3,0,97,10,458,3037,31.771599,35.2034,1.0,0,0.0,1,0,3,14,1150,97.0,0,6,0.0,1,0.0,Palestinians
59958,2014,5,3,1,4,6,516,3540,35.61831,64.249564,3.0,0,0.0,1,0,1,2,4449,4.0,0,5,1.0,0,1.0,Taliban
69564,2015,8,17,0,209,10,224,1896,39.357044,39.216588,1.0,0,0.0,1,0,7,14,722,209.0,0,5,0.0,1,0.0,Kurdistan Workers' Party (PKK)
46053,2009,1,22,1,92,6,130,831,18.18151,81.948026,2.0,0,0.0,1,0,2,14,1344,92.0,0,5,1.0,0,1.0,Communist Party of India - Maoist (CPI-Maoist)
46882,2009,7,27,0,4,6,322,3542,34.623611,70.603333,2.0,1,0.0,1,0,2,14,13,4.0,0,5,0.0,-9,0.0,Taliban
28949,1991,11,6,0,61,2,149,1155,13.802046,-87.896732,1.0,0,0.0,1,0,2,4,562,61.0,0,5,7.0,1,0.0,Farabundo Marti National Liberation Front (FMLN)
72795,2016,2,12,0,160,5,1,37,6.066797,121.09839,2.0,0,0.0,1,0,2,4,50,160.0,0,9,1.0,0,0.0,Abu Sayyaf Group (ASG)
44443,2008,1,1,0,160,5,9,2721,6.483545,125.066665,1.0,0,0.0,1,0,2,1,3405,14.0,0,5,0.0,1,0.0,New People's Army (NPA)
62321,2014,8,19,1,160,5,4,15,6.929089,122.07885,1.0,0,0.0,1,0,6,1,54,160.0,0,5,0.0,1,1.0,Abu Sayyaf Group (ASG)
65083,2015,1,14,0,214,9,146,1105,48.139713,37.643398,1.0,1,0.0,1,0,3,4,1698,214.0,0,6,0.0,-9,0.0,Donetsk People's Republic
16215,1986,9,16,0,145,2,451,2892,11.676334,-84.702872,1.0,0,0.0,1,0,2,4,1772,145.0,0,5,1.0,1,0.0,Nicaraguan Democratic Force (FDN)
41725,2004,12,14,0,95,10,33,248,33.303566,44.371773,1.0,0,0.0,1,1,3,4,520,95.0,0,6,2.0,1,0.0,Al-Qaida in Iraq
51505,2012,4,2,1,4,6,522,3632,36.694386,71.145233,1.0,0,0.0,1,0,6,3,85,4.0,0,5,3.0,1,1.0,Taliban
13655,1985,4,28,0,145,2,439,2852,13.41367,-86.398163,1.0,0,0.0,1,0,3,2,3523,145.0,0,5,1.0,1,0.0,Nicaraguan Democratic Force (FDN)
3955,1978,3,10,0,183,11,20,217,-33.9585,25.600682,1.0,0,0.0,1,0,3,2,413,183.0,0,6,1.0,1,0.0,African National Congress (South Africa)
5538,1979,9,5,0,185,8,86,518,43.291618,-1.977903,1.0,0,0.0,0,0,3,1,1059,69.0,0,6,0.0,0,0.0,Basque Fatherland and Freedom (ETA)
72147,2016,1,7,0,214,9,146,1097,48.327225,38.025673,1.0,0,0.0,1,0,6,7,1704,422.0,0,5,0.0,0,1.0,Donetsk People's Republic
56499,2013,8,17,1,182,11,66,461,2.667362,44.689036,4.0,1,0.0,1,0,6,14,870,182.0,0,5,1.0,1,1.0,Al-Shabaab
65561,2015,2,3,0,153,6,353,3813,34.333882,73.201062,3.0,0,0.0,1,0,3,3,4677,153.0,0,6,2.0,1,0.0,Tehrik-i-Taliban Pakistan (TTP)
56014,2013,7,11,0,95,10,34,275,33.953167,44.921906,1.0,0,1.0,1,1,3,13,2334,95.0,0,6,6.0,0,0.0,Islamic State of Iraq and the Levant (ISIL)
65085,2015,1,14,0,214,9,146,1089,47.832344,37.689873,1.0,0,0.0,1,0,3,4,1698,214.0,0,6,0.0,-9,0.0,Donetsk People's Republic
68288,2015,6,15,0,200,10,199,2349,36.201721,37.14352,1.0,0,1.0,1,0,3,14,926,200.0,0,6,4.0,-9,0.0,Muslim extremists
45282,2008,7,27,0,160,5,424,2727,17.614973,121.406719,1.0,0,0.0,1,0,3,16,3413,160.0,0,6,1.0,1,0.0,New People's Army (NPA)
48979,2010,11,29,1,4,6,506,3656,34.355833,69.555,1.0,0,0.0,1,0,2,1,4522,4.0,0,5,0.0,0,1.0,Taliban
15819,1986,6,19,0,159,3,277,2111,-11.967368,-76.978462,1.0,0,0.0,1,0,3,1,4098,159.0,0,6,1.0,1,0.0,Shining Path (SL)
65298,2015,1,22,0,92,6,134,906,20.270312,80.310065,1.0,0,0.0,1,0,7,1,1464,92.0,0,8,0.0,1,0.0,Communist Party of India - Maoist (CPI-Maoist)
74448,2016,5,17,0,92,6,128,2181,18.79776,80.819957,2.0,0,0.0,1,0,2,3,167,92.0,0,5,1.0,0,0.0,Maoists
10545,1983,7,17,0,159,3,477,3278,-13.152712,-74.218628,1.0,0,0.0,1,0,3,21,4155,159.0,0,6,1.0,1,0.0,Shining Path (SL)
22308,1989,6,15,0,183,11,19,168,-26.286807,28.400863,1.0,0,0.0,1,0,3,3,314,183.0,0,6,0.0,1,0.0,African National Congress (South Africa)
29808,1992,3,8,1,159,3,475,3390,-11.161067,-75.99309,1.0,0,0.0,1,0,6,10,4856,159.0,0,5,1.0,0,1.0,Tupac Amaru Revolutionary Movement (MRTA)
71301,2015,11,18,0,182,11,83,452,4.684885,46.622807,1.0,0,0.0,0,0,2,4,835,422.0,0,5,0.0,0,0.0,Al-Shabaab
76415,2016,9,13,0,153,6,334,2421,30.200819,66.994354,1.0,0,0.0,1,0,3,3,559,153.0,0,6,2.0,1,0.0,Tehrik-i-Taliban Pakistan (TTP)
44721,2008,4,9,0,92,6,130,799,18.364195,81.892418,3.0,0,0.0,1,0,2,14,1394,92.0,0,5,1.0,0,0.0,Communist Party of India - Maoist (CPI-Maoist)
19076,1988,3,4,0,603,8,190,1609,54.607712,-5.95621,1.0,0,1.0,1,0,3,3,2184,233.0,0,5,0.0,1,0.0,Irish Republican Army (IRA)
60442,2014,5,26,0,147,11,110,618,11.247069,12.01246,1.0,0,1.0,1,0,2,14,1225,147.0,0,5,3.0,1,0.0,Boko Haram
68974,2015,7,20,0,160,5,409,2702,12.872289,124.009018,1.0,0,1.0,0,0,2,4,48,160.0,0,5,0.0,0,0.0,New People's Army (NPA)
79467,2017,3,19,0,92,6,127,894,24.075537,85.183586,1.0,0,0.0,1,0,6,14,1418,92.0,0,5,1.0,1,1.0,Communist Party of India - Maoist (CPI-Maoist)
83493,2017,12,17,0,92,6,131,2168,18.464464,82.355801,1.0,1,0.0,1,0,7,1,1391,92.0,0,5,0.0,1,0.0,Maoists
17976,1987,9,2,0,186,6,218,1972,8.457907,81.268402,1.0,0,1.0,1,0,7,1,1248,186.0,0,8,0.0,1,0.0,Muslim extremists
79039,2017,2,19,1,160,5,2,3,6.102634,118.446977,1.0,1,0.0,1,0,4,11,3,223.0,0,5,4.0,0,1.0,Abu Sayyaf Group (ASG)
73007,2016,2,24,0,228,10,58,339,13.063399,44.880882,1.0,0,0.0,1,0,3,2,219,228.0,0,6,0.0,1,0.0,Al-Qaida in the Arabian Peninsula (AQAP)
39348,2001,8,18,0,69,8,136,1021,41.930607,8.742907,1.0,0,0.0,0,0,7,14,1645,69.0,0,5,0.0,0,0.0,Corsican National Liberation Front (FLNC)
81444,2017,7,16,0,95,10,34,1698,34.399525,45.142685,1.0,0,0.0,1,0,3,14,559,95.0,0,6,0.0,1,0.0,Islamic State of Iraq and the Levant (ISIL)
36643,1997,11,14,0,186,6,261,1974,6.952452,79.877983,1.0,0,1.0,1,0,3,21,2515,186.0,0,6,0.0,1,0.0,Liberation Tigers of Tamil Eelam (LTTE)
30159,1992,4,25,0,92,6,494,3404,28.585836,77.153336,1.0,0,0.0,1,0,3,19,56,92.0,0,6,0.0,1,0.0,Sikh Extremists
51618,2012,4,13,0,92,6,134,2133,19.598623,80.226578,1.0,0,0.0,1,0,1,14,2855,92.0,0,5,1.0,0,0.0,Maoists
74024,2016,4,24,0,209,10,217,1763,36.71928,37.11557,1.0,0,1.0,1,0,3,15,215,209.0,0,6,2.0,1,0.0,Islamic State of Iraq and the Levant (ISIL)
78807,2017,2,5,0,92,6,282,2131,17.806766,81.157827,1.0,0,0.0,1,0,6,14,2853,92.0,0,5,1.0,0,1.0,Maoists
67324,2015,5,3,0,214,9,146,1077,47.098835,37.81987,1.0,1,1.0,1,0,2,4,48,214.0,0,6,0.0,-9,0.0,Donetsk People's Republic
77682,2016,11,21,0,228,10,52,318,13.887403,45.863647,1.0,0,0.0,0,0,1,17,702,228.0,0,6,0.0,-9,0.0,Al-Qaida in the Arabian Peninsula (AQAP)
40441,2002,11,21,0,6,10,340,2434,35.696111,4.539313,1.0,1,0.0,1,0,3,14,3092,6.0,0,6,6.0,1,0.0,Muslim extremists
10180,1983,5,10,0,603,8,190,1613,54.347539,-6.656108,1.0,0,0.0,1,0,3,4,2053,233.0,0,6,1.0,1,0.0,Irish Republican Army (IRA)
60192,2014,5,14,0,147,11,112,1415,10.152778,8.633611,2.0,0,0.0,1,0,2,14,1933,147.0,0,9,1.0,-9,0.0,Fulani extremists
31955,1992,12,3,0,69,8,136,24,41.918891,8.737554,4.0,0,1.0,1,0,3,2,560,69.0,0,6,0.0,1,0.0,Corsican National Liberation Front (FLNC)
45659,2008,10,23,0,45,3,364,2485,4.667128,-74.106056,1.0,0,1.0,1,0,3,14,3920,45.0,0,6,0.0,1,0.0,Revolutionary Armed Forces of Colombia (FARC)
8187,1981,11,19,0,603,8,190,1612,54.077313,-6.608787,1.0,0,0.0,1,0,3,20,6,233.0,0,6,0.0,1,0.0,Irish Republican Army (IRA)
27135,1991,4,25,0,159,3,277,2111,-11.967368,-76.978462,1.0,0,1.0,1,0,3,1,1578,159.0,0,6,0.0,1,0.0,Tupac Amaru Revolutionary Movement (MRTA)
24354,1990,3,6,0,45,3,365,2489,8.308585,-73.613541,1.0,0,0.0,1,0,6,1,3143,45.0,0,5,0.0,0,1.0,National Liberation Army of Colombia (ELN)
58643,2014,2,20,0,113,10,330,2416,32.760422,22.635265,1.0,0,1.0,1,0,3,2,2895,113.0,0,6,0.0,1,0.0,Muslim extremists
20041,1988,7,27,0,186,6,262,1980,9.666399,80.020477,1.0,1,0.0,1,0,2,4,1762,92.0,0,5,4.0,1,0.0,Liberation Tigers of Tamil Eelam (LTTE)
62513,2014,8,29,0,182,11,66,456,1.704184,44.692946,2.0,0,0.0,1,0,3,4,577,422.0,0,6,2.0,-9,0.0,Al-Shabaab
83070,2017,11,11,0,95,10,36,1735,34.030712,44.063866,1.0,0,1.0,1,0,3,4,12,95.0,0,6,0.0,-9,0.0,Islamic State of Iraq and the Levant (ISIL)
53390,2012,9,30,0,95,10,36,258,33.540672,44.251266,1.0,0,1.0,1,0,3,14,13,95.0,0,6,2.0,-9,0.0,Al-Qaida in Iraq
16788,1987,2,22,0,61,2,150,1156,13.69288,-89.199161,1.0,0,1.0,1,0,7,1,1585,61.0,0,8,0.0,1,0.0,Farabundo Marti National Liberation Front (FMLN)
35762,1996,9,30,0,186,6,262,2031,7.924677,81.544937,1.0,0,0.0,1,0,2,3,2551,186.0,0,5,0.0,1,0.0,Liberation Tigers of Tamil Eelam (LTTE)
51701,2012,4,19,0,95,10,38,251,35.45211,44.375465,1.0,0,1.0,1,0,3,3,85,95.0,0,6,2.0,-9,0.0,Al-Qaida in Iraq
12764,1984,9,10,0,159,3,477,3284,-12.983333,-74.183333,2.0,0,0.0,1,0,2,14,4070,159.0,0,5,17.0,1,1.0,Shining Path (SL)
76591,2016,9,21,0,95,10,36,1702,34.458684,43.795649,3.0,0,0.0,1,0,3,14,853,95.0,0,6,0.0,1,0.0,Islamic State of Iraq and the Levant (ISIL)
51379,2012,3,20,0,95,10,33,248,33.303566,44.371773,1.0,0,1.0,1,1,3,2,219,95.0,0,6,3.0,-9,0.0,Al-Qaida in Iraq
51705,2012,4,19,0,95,10,32,264,33.420948,43.295662,1.0,0,1.0,1,0,3,3,85,95.0,0,6,1.0,1,0.0,Al-Qaida in Iraq
9420,1982,11,21,0,183,11,21,152,-25.674634,31.875862,1.0,0,0.0,1,0,3,3,287,183.0,0,6,0.0,1,0.0,African National Congress (South Africa)
14075,1985,6,16,0,183,11,18,194,-29.941403,30.939766,1.0,0,0.0,1,0,3,2,393,183.0,0,6,0.0,1,0.0,African National Congress (South Africa)
6843,1980,7,25,0,97,10,460,3081,32.08297,34.811886,1.0,0,0.0,0,0,1,2,3735,97.0,0,6,0.0,0,0.0,Palestinians
14980,1986,1,1,0,159,3,277,2111,-11.967368,-76.978462,1.0,0,0.0,1,0,2,2,4091,159.0,0,5,0.0,1,0.0,Shining Path (SL)
81232,2017,7,3,0,95,10,33,248,33.303566,44.371773,1.0,0,0.0,1,0,6,14,3089,95.0,0,9,1.0,0,1.0,Muslim extremists
70285,2015,9,24,0,228,10,60,353,13.586484,44.024105,1.0,0,0.0,1,0,3,14,926,228.0,0,6,5.0,-9,0.0,Houthi extremists (Ansar Allah)
82087,2017,8,24,0,153,6,427,3753,34.595278,71.461111,1.0,0,1.0,0,0,1,17,4603,153.0,0,6,0.0,1,0.0,Tehrik-i-Taliban Pakistan (TTP)
78435,2017,1,11,0,60,10,291,2345,31.212225,34.117065,1.0,1,1.0,1,0,2,4,20,60.0,0,5,5.0,-9,0.0,Muslim extremists
73673,2016,4,4,0,95,10,219,1771,30.510054,47.778095,1.0,0,0.0,1,1,3,14,13,95.0,0,6,6.0,1,0.0,Islamic State of Iraq and the Levant (ISIL)
12407,1984,7,4,0,61,2,150,1156,13.69288,-89.199161,1.0,0,1.0,1,0,3,21,1761,61.0,0,6,1.0,1,0.0,Farabundo Marti National Liberation Front (FMLN)
55957,2013,7,5,0,60,10,291,2350,31.082872,34.146267,1.0,0,1.0,1,0,2,4,20,60.0,0,6,1.0,0,0.0,Muslim extremists
18070,1987,9,16,0,159,3,486,3308,-7.665171,-76.787363,1.0,0,0.0,1,0,2,14,4113,159.0,0,5,15.0,1,0.0,Shining Path (SL)
36991,1998,8,4,1,45,3,363,2500,6.978951,-75.296249,1.0,0,1.0,1,0,6,2,3155,45.0,0,5,1.0,0,1.0,National Liberation Army of Colombia (ELN)
31961,1992,12,3,0,69,8,136,24,41.918891,8.737554,4.0,0,1.0,1,0,3,2,560,69.0,0,6,0.0,1,0.0,Corsican National Liberation Front (FLNC)
63764,2014,11,2,0,153,6,339,3736,31.590166,74.575894,1.0,0,0.0,1,1,3,14,13,153.0,0,6,62.0,1,0.0,Tehrik-i-Taliban Pakistan (TTP)
31958,1992,12,3,0,69,8,136,24,41.918891,8.737554,4.0,0,1.0,1,0,3,2,560,69.0,0,6,0.0,1,0.0,Corsican National Liberation Front (FLNC)
59290,2014,3,29,0,182,11,66,425,1.716188,44.768864,1.0,0,0.0,1,0,2,4,497,182.0,0,5,1.0,0,0.0,Al-Shabaab
66241,2015,3,9,0,214,9,146,1077,47.098835,37.81987,1.0,1,1.0,1,0,2,4,48,214.0,0,6,0.0,0,0.0,Donetsk People's Republic
20805,1988,11,25,0,43,3,272,2109,-37.092019,-73.154582,1.0,0,0.0,1,0,3,21,2717,43.0,0,6,0.0,1,0.0,Manuel Rodriguez Patriotic Front (FPMR)
19497,1988,5,3,0,159,3,477,3281,-12.939782,-74.247478,1.0,0,0.0,1,0,1,3,4065,159.0,0,5,1.0,0,0.0,Shining Path (SL)
23449,1989,10,19,0,61,2,150,1156,13.69288,-89.199161,1.0,0,0.0,1,0,1,1,1812,61.0,0,6,0.0,1,0.0,Farabundo Marti National Liberation Front (FMLN)
68038,2015,6,3,0,147,11,108,619,11.840929,13.141459,1.0,0,0.0,1,0,3,1,1256,147.0,0,6,18.0,-9,0.0,Boko Haram
5100,1979,5,7,0,69,8,141,1021,41.930607,8.742907,1.0,0,0.0,1,0,3,20,1642,69.0,0,6,0.0,1,0.0,Corsican National Liberation Front (FLNC)
52802,2012,8,2,0,209,10,239,1876,37.891282,42.623138,3.0,0,1.0,1,0,2,4,20,209.0,0,5,2.0,0,0.0,Kurdistan Workers' Party (PKK)
1598,1974,2,4,0,603,8,49,1615,51.504387,-0.140041,1.0,0,0.0,1,0,3,10,2207,216.0,0,6,0.0,1,0.0,Irish Republican Army (IRA)
54288,2013,1,16,0,95,10,33,248,33.325375,44.421896,2.0,0,1.0,1,0,3,3,559,95.0,0,6,0.0,1,0.0,Al-Qaida in Iraq
37494,1999,7,9,0,45,3,371,2535,6.15518,-71.76813,1.0,0,1.0,1,0,2,3,3921,45.0,0,5,0.0,1,0.0,Revolutionary Armed Forces of Colombia (FARC)
27996,1991,7,31,0,61,2,159,1174,13.516667,-88.383333,1.0,0,0.0,1,0,2,4,1788,61.0,0,5,0.0,1,0.0,Farabundo Marti National Liberation Front (FMLN)
16028,1986,7,30,0,183,11,21,161,-25.474193,30.969455,1.0,1,0.0,0,0,3,4,291,183.0,0,6,0.0,1,0.0,African National Congress (South Africa)
79141,2017,2,25,0,200,10,214,1762,34.570353,37.194397,1.0,1,1.0,1,0,3,1,2318,200.0,0,6,0.0,1,0.0,Islamic State of Iraq and the Levant (ISIL)
42782,2006,2,22,0,95,10,36,253,34.208416,43.890713,1.0,0,0.0,1,0,3,15,570,95.0,0,6,0.0,1,0.0,Al-Qaida in Iraq
18504,1987,11,20,0,43,3,271,2099,-33.366238,-70.505302,1.0,0,0.0,1,0,3,21,2767,43.0,0,6,0.0,1,0.0,Manuel Rodriguez Patriotic Front (FPMR)
83406,2017,12,8,0,147,11,111,1353,7.860742,7.512218,2.0,1,0.0,1,0,2,14,27,147.0,0,5,10.0,1,0.0,Fulani extremists
74149,2016,5,1,0,228,10,60,353,13.586484,44.024105,1.0,0,1.0,1,0,3,14,926,228.0,0,6,0.0,-9,0.0,Houthi extremists (Ansar Allah)
19313,1988,4,12,0,159,3,483,2653,-9.147417,-78.280093,1.0,0,0.0,1,0,2,3,12,159.0,0,5,1.0,1,0.0,Shining Path (SL)
8385,1982,2,12,0,69,8,136,24,41.918891,8.737554,4.0,0,0.0,1,0,3,14,1616,69.0,0,6,0.0,1,0.0,Corsican National Liberation Front (FLNC)
12946,1984,10,20,0,145,2,443,2859,11.949718,-86.128692,1.0,1,0.0,1,0,2,14,3525,145.0,0,5,0.0,1,0.0,Nicaraguan Democratic Force (FDN)
23990,1989,12,30,0,69,8,136,1019,42.113828,8.701548,1.0,0,0.0,1,0,3,1,1552,69.0,0,6,0.0,1,0.0,Corsican National Liberation Front (FLNC)
81568,2017,7,22,0,228,10,60,353,13.586484,44.024105,1.0,0,0.0,1,0,3,14,1213,228.0,0,6,0.0,-9,0.0,Houthi extremists (Ansar Allah)
63098,2014,9,28,0,6,10,310,2375,34.789675,-0.553424,1.0,0,0.0,1,0,2,4,48,6.0,0,5,2.0,0,0.0,Muslim extremists
18629,1987,12,22,0,159,3,535,3849,-17.192736,-70.932814,4.0,0,0.0,1,0,2,4,1787,159.0,0,5,10.0,1,0.0,Tupac Amaru Revolutionary Movement (MRTA)
10094,1983,4,22,0,145,2,436,2857,13.330532,-86.1624,3.0,1,0.0,1,0,2,4,1762,145.0,0,5,1.0,1,0.0,Nicaraguan Democratic Force (FDN)
45941,2008,12,30,0,160,5,392,2663,12.290946,123.703737,1.0,0,0.0,0,0,2,16,3356,160.0,0,5,0.0,0,0.0,New People's Army (NPA)
1452,1973,7,20,0,603,8,190,1613,54.347539,-6.656108,1.0,0,0.0,1,0,3,4,2066,216.0,0,6,1.0,1,0.0,Irish Republican Army (IRA)
63779,2014,11,2,0,147,11,168,1284,8.6,8.85,1.0,0,1.0,1,0,7,14,27,147.0,0,8,1.0,1,0.0,Fulani extremists
69567,2015,8,17,0,209,10,235,1899,40.663175,42.380213,3.0,0,1.0,1,0,2,17,347,209.0,0,5,1.0,0,0.0,Kurdistan Workers' Party (PKK)
54497,2013,2,2,0,147,11,168,1302,8.455538,8.212538,1.0,0,1.0,1,0,7,14,27,147.0,0,5,5.0,1,0.0,Fulani extremists
42021,2005,5,15,0,185,8,86,24,43.07563,-2.223667,4.0,0,1.0,1,0,3,1,1029,185.0,0,6,0.0,1,0.0,Basque Fatherland and Freedom (ETA)
53395,2012,9,30,0,95,10,41,262,32.533287,45.829453,1.0,0,1.0,1,1,3,3,20,95.0,0,6,6.0,1,0.0,Al-Qaida in Iraq
72372,2016,1,18,0,228,10,48,358,12.867085,44.981911,1.0,0,0.0,1,0,1,2,724,228.0,0,5,1.0,0,0.0,Al-Qaida in the Arabian Peninsula (AQAP)
63044,2014,9,26,0,147,11,167,1339,7.009482,9.492837,1.0,0,0.0,1,0,6,14,205,147.0,0,5,4.0,1,1.0,Fulani extremists
30699,1992,7,9,0,92,6,292,979,34.08374,74.789902,1.0,0,0.0,1,0,2,3,562,92.0,0,5,4.0,1,0.0,Sikh Extremists
66627,2015,3,30,0,228,10,48,310,12.825647,44.846416,1.0,0,1.0,1,0,3,14,853,228.0,0,6,3.0,1,0.0,Houthi extremists (Ansar Allah)
51051,2012,2,13,0,182,11,68,424,2.027701,45.275927,2.0,0,0.0,1,0,2,4,577,422.0,0,6,1.0,1,0.0,Al-Shabaab
8384,1982,2,9,0,45,3,362,2607,1.207787,-77.2772,1.0,0,0.0,1,0,2,1,766,45.0,0,5,1.0,1,1.0,Revolutionary Armed Forces of Colombia (FARC)
60723,2014,6,9,0,182,11,68,405,2.059819,45.326115,1.0,0,0.0,1,0,2,14,815,182.0,0,5,1.0,0,0.0,Al-Shabaab
38370,2000,9,4,0,45,3,363,2557,6.270526,-75.572173,3.0,0,1.0,1,0,3,1,3972,45.0,0,6,0.0,1,0.0,Revolutionary Armed Forces of Colombia (FARC)
82294,2017,9,11,0,95,10,37,1781,36.50589,42.375995,1.0,0,0.0,1,1,3,4,2333,95.0,0,6,12.0,1,0.0,Islamic State of Iraq and the Levant (ISIL)
21436,1989,2,17,0,159,3,477,3278,-13.163874,-74.223564,2.0,1,1.0,1,0,3,21,1813,159.0,0,6,0.0,1,0.0,Shining Path (SL)
53860,2012,11,17,0,160,5,403,2740,16.983333,122.016667,1.0,0,0.0,0,0,2,4,3425,160.0,0,5,0.0,0,0.0,New People's Army (NPA)
75165,2016,6,26,0,92,6,128,2159,19.853635,80.635241,1.0,0,0.0,1,0,2,14,2874,92.0,0,5,1.0,0,0.0,Maoists
74484,2016,5,19,0,153,6,334,2421,30.200819,66.994354,1.0,0,0.0,1,0,3,3,4498,153.0,0,6,1.0,1,0.0,Tehrik-i-Taliban Pakistan (TTP)
66393,2015,3,16,0,214,9,146,1077,47.098835,37.81987,1.0,1,1.0,1,0,2,4,48,214.0,0,6,0.0,0,0.0,Donetsk People's Republic
67313,2015,5,3,1,160,5,2,49,5.010223,119.747485,1.0,0,0.0,1,0,6,1,81,160.0,0,5,0.0,0,1.0,Abu Sayyaf Group (ASG)
61576,2014,7,15,0,214,9,146,1096,47.927954,37.371645,3.0,0,1.0,1,0,7,1,1712,214.0,0,5,1.0,1,0.0,Donetsk People's Republic
70867,2015,10,25,0,228,10,48,310,12.825647,44.846416,1.0,0,0.0,0,0,2,3,672,228.0,0,5,0.0,0,0.0,Al-Qaida in the Arabian Peninsula (AQAP)
75643,2016,7,27,0,228,10,60,353,13.586484,44.024105,1.0,0,1.0,1,0,3,14,926,228.0,0,6,0.0,-9,0.0,Houthi extremists (Ansar Allah)
29935,1992,3,21,0,186,6,263,2060,7.939525,81.000963,3.0,0,0.0,1,0,2,4,12,186.0,0,5,0.0,1,0.0,Liberation Tigers of Tamil Eelam (LTTE)
79690,2017,4,3,0,160,5,358,2775,6.948108,125.159735,1.0,0,0.0,1,0,7,1,3449,160.0,0,5,0.0,1,0.0,New People's Army (NPA)
82831,2017,10,21,1,160,5,0,24,6.570558,122.029527,4.0,0,0.0,1,0,1,2,26,160.0,0,9,1.0,0,1.0,Abu Sayyaf Group (ASG)
46142,2009,2,16,0,92,6,130,865,19.191222,84.185712,3.0,0,0.0,1,0,3,3,1379,92.0,0,6,0.0,-9,0.0,Communist Party of India - Maoist (CPI-Maoist)
29245,1991,12,14,0,603,8,49,1615,51.504387,-0.140041,1.0,0,0.0,1,0,7,1,2183,216.0,0,8,0.0,1,0.0,Irish Republican Army (IRA)
25965,1990,10,16,0,159,3,277,2111,-11.967368,-76.978462,1.0,0,1.0,1,0,2,19,56,159.0,0,8,0.0,1,0.0,Shining Path (SL)
47897,2010,4,19,0,153,6,427,3754,33.908578,71.070055,3.0,0,0.0,1,0,6,3,4604,153.0,0,5,0.0,0,1.0,Tehrik-i-Taliban Pakistan (TTP)
39989,2002,4,21,0,160,5,9,40,6.11622,125.169395,1.0,0,1.0,1,0,3,1,75,160.0,0,6,0.0,0,0.0,Abu Sayyaf Group (ASG)
83523,2017,12,19,0,92,6,126,785,25.078006,86.222193,1.0,0,0.0,1,0,1,2,1297,92.0,0,9,1.0,-9,1.0,Communist Party of India - Maoist (CPI-Maoist)
60773,2014,6,11,0,95,10,33,248,33.303566,44.371773,1.0,0,0.0,1,1,3,3,20,95.0,0,6,20.0,1,0.0,Islamic State of Iraq and the Levant (ISIL)
71043,2015,11,2,0,228,10,47,1543,14.162848,43.943714,3.0,0,0.0,1,0,3,14,1920,228.0,0,6,0.0,-9,0.0,Houthi extremists (Ansar Allah)
82510,2017,9,27,0,182,11,68,405,2.059819,45.326115,1.0,0,0.0,1,0,1,14,850,182.0,0,5,2.0,1,0.0,Al-Shabaab
18034,1987,9,11,0,159,3,277,2111,-11.967368,-76.978462,1.0,0,1.0,1,0,3,1,4755,159.0,0,6,0.0,1,0.0,Tupac Amaru Revolutionary Movement (MRTA)
81811,2017,8,7,0,153,6,339,3735,31.578721,74.268464,1.0,1,0.0,0,0,2,3,85,153.0,0,5,4.0,0,0.0,Tehrik-i-Taliban Pakistan (TTP)
17344,1987,6,3,0,92,6,339,3410,31.638549,75.135566,1.0,0,0.0,1,0,2,3,380,92.0,0,5,3.0,1,0.0,Sikh Extremists
21162,1989,1,15,0,61,2,153,1172,13.5,-88.866667,1.0,0,0.0,1,0,3,4,1787,61.0,0,6,0.0,1,0.0,Farabundo Marti National Liberation Front (FMLN)
20018,1988,7,24,0,45,3,369,2503,6.95284,-71.87514,1.0,0,0.0,1,0,3,21,3180,45.0,0,6,0.0,1,0.0,National Liberation Army of Colombia (ELN)
80949,2017,6,18,0,160,5,390,2766,7.83,125.82,2.0,0,0.0,0,0,3,20,6,160.0,0,6,0.0,0,0.0,New People's Army (NPA)
42242,2005,8,2,0,141,6,284,2174,29.483192,81.400457,1.0,0,0.0,1,0,3,14,2890,141.0,0,6,1.0,1,0.0,Maoists
28605,1991,10,8,0,92,6,339,3399,30.898024,75.860077,1.0,1,0.0,1,0,2,3,4293,92.0,0,5,6.0,0,0.0,Sikh Extremists
13140,1984,12,9,0,69,8,138,1026,43.296482,5.36978,1.0,0,0.0,1,0,3,3,431,69.0,0,6,0.0,1,0.0,Corsican National Liberation Front (FLNC)
27612,1991,6,20,1,45,3,364,2485,4.667128,-74.106056,1.0,0,0.0,1,0,6,2,3226,45.0,0,5,0.0,0,1.0,National Liberation Army of Colombia (ELN)
26922,1991,3,20,0,92,6,339,24,31.147131,75.341218,4.0,0,0.0,0,0,1,2,4364,92.0,0,6,0.0,0,0.0,Sikh Extremists
34066,1995,3,29,0,75,8,193,1882,50.940664,6.959912,1.0,0,0.0,1,0,7,1,2383,209.0,0,8,0.0,1,0.0,Kurdistan Workers' Party (PKK)
76393,2016,9,11,0,228,10,52,329,13.129726,45.385571,1.0,0,0.0,1,0,3,4,219,228.0,0,6,1.0,-9,0.0,Al-Qaida in the Arabian Peninsula (AQAP)
74646,2016,5,29,0,123,11,295,2376,14.524647,-4.095559,1.0,1,0.0,1,0,3,7,162,422.0,0,6,5.0,0,0.0,Muslim extremists
76136,2016,8,25,0,95,10,32,1696,33.410797,43.561432,1.0,0,0.0,1,1,3,4,0,95.0,0,6,6.0,0,0.0,Islamic State of Iraq and the Levant (ISIL)
62407,2014,8,23,0,92,6,128,2194,18.889334,80.320046,2.0,0,0.0,1,0,2,3,2903,92.0,0,5,0.0,0,0.0,Maoists
71659,2015,12,12,0,228,10,53,315,15.325443,44.211895,1.0,0,0.0,1,0,2,7,1991,155.0,0,5,0.0,0,0.0,Houthi extremists (Ansar Allah)
15118,1986,1,31,0,145,2,436,2927,14.152916,-85.07312,2.0,1,0.0,1,0,2,4,1762,145.0,0,5,1.0,1,0.0,Nicaraguan Democratic Force (FDN)
54150,2013,1,1,0,153,6,468,3124,24.891115,67.143311,1.0,0,0.0,1,0,3,22,4664,153.0,0,6,4.0,1,0.0,Tehrik-i-Taliban Pakistan (TTP)
45006,2008,6,4,0,153,6,534,3734,33.590603,71.44062,1.0,0,0.0,1,0,3,1,4582,153.0,0,6,3.0,1,0.0,Tehrik-i-Taliban Pakistan (TTP)
50453,2011,11,19,0,228,10,50,368,14.54397,49.12458,1.0,0,0.0,1,0,1,3,735,228.0,0,5,1.0,-9,0.0,Al-Qaida in the Arabian Peninsula (AQAP)
56536,2013,8,22,0,182,11,66,427,1.808302,44.695141,1.0,0,1.0,1,0,2,4,831,422.0,0,6,3.0,-9,0.0,Al-Shabaab
15899,1986,7,4,0,43,3,271,2099,-33.366238,-70.505302,1.0,0,0.0,1,0,3,3,676,43.0,0,6,0.0,1,0.0,Manuel Rodriguez Patriotic Front (FPMR)
78673,2017,1,28,0,160,5,0,5,6.660501,122.138992,1.0,0,1.0,1,0,3,20,6,160.0,0,6,0.0,1,0.0,Abu Sayyaf Group (ASG)
16194,1986,9,13,0,145,2,450,2888,12.069311,-84.539748,1.0,0,0.0,1,0,2,14,3556,145.0,0,5,1.0,1,0.0,Nicaraguan Democratic Force (FDN)
23982,1989,12,29,0,43,3,271,2099,-33.366238,-70.505302,1.0,0,0.0,1,0,3,15,2755,43.0,0,6,0.0,1,0.0,Manuel Rodriguez Patriotic Front (FPMR)
19925,1988,7,9,0,92,6,339,3412,31.633078,74.878288,1.0,0,0.0,1,0,1,14,4322,92.0,0,5,1.0,0,0.0,Sikh Extremists
14293,1985,7,23,0,159,3,277,2111,-11.967368,-76.978462,1.0,0,0.0,1,0,3,1,4088,159.0,0,6,0.0,1,0.0,Shining Path (SL)
18799,1988,1,24,0,69,8,136,1021,41.930607,8.742907,1.0,0,1.0,1,0,3,14,1554,69.0,0,6,0.0,1,0.0,Corsican National Liberation Front (FLNC)
14021,1985,6,10,0,61,2,159,1186,13.416667,-88.5,1.0,0,1.0,1,0,3,21,1782,61.0,0,6,0.0,1,0.0,Farabundo Marti National Liberation Front (FMLN)
63778,2014,11,2,0,147,11,168,1413,8.33074,8.695979,1.0,0,1.0,1,0,7,14,27,147.0,0,8,2.0,1,0.0,Fulani extremists
58101,2014,1,15,0,95,10,33,248,33.303566,44.371773,1.0,0,1.0,1,0,3,14,13,95.0,0,6,3.0,0,0.0,Islamic State of Iraq and the Levant (ISIL)
4818,1979,3,10,0,69,8,136,24,41.918891,8.737554,4.0,0,1.0,1,0,3,1,1088,69.0,0,6,0.0,1,0.0,Corsican National Liberation Front (FLNC)
60931,2014,6,20,0,182,11,73,411,3.10111,42.240947,4.0,0,0.0,1,0,1,4,814,182.0,0,5,1.0,0,0.0,Al-Shabaab
36005,1997,1,6,0,185,8,91,573,43.35154,-3.81413,1.0,0,1.0,1,0,3,21,1069,185.0,0,6,0.0,1,0.0,Basque Fatherland and Freedom (ETA)
10807,1983,9,11,0,183,11,19,137,-26.184113,28.033232,1.0,0,0.0,1,0,3,21,299,183.0,0,6,0.0,1,0.0,African National Congress (South Africa)
48311,2010,7,7,0,95,10,32,247,33.31065,44.038208,1.0,0,1.0,1,0,3,3,544,95.0,0,6,1.0,1,0.0,Al-Qaida in Iraq
40998,2003,7,7,0,69,8,136,1045,42.066583,8.738397,1.0,0,1.0,1,0,3,14,1608,69.0,0,6,0.0,1,0.0,Corsican National Liberation Front (FLNC)
25618,1990,8,13,0,159,3,277,2111,-11.967368,-76.978462,1.0,0,0.0,1,0,3,2,650,159.0,0,6,0.0,1,0.0,Shining Path (SL)
37863,2000,1,29,0,45,3,369,2550,7.027345,-71.428555,1.0,0,0.0,1,0,3,21,3906,45.0,0,6,0.0,1,0.0,Revolutionary Armed Forces of Colombia (FARC)
49427,2011,3,22,0,92,6,126,810,26.652335,85.272304,1.0,0,0.0,1,0,7,16,1319,92.0,0,8,0.0,1,0.0,Communist Party of India - Maoist (CPI-Maoist)
51657,2012,4,15,0,228,10,52,355,13.883333,45.866667,2.0,0,0.0,1,1,3,14,13,228.0,0,6,5.0,-9,0.0,Al-Qaida in the Arabian Peninsula (AQAP)
25480,1990,7,27,0,43,3,271,2099,-33.366238,-70.505302,1.0,0,0.0,1,0,2,1,2720,43.0,0,5,0.0,1,0.0,Manuel Rodriguez Patriotic Front (FPMR)
57052,2013,10,8,1,4,6,508,3626,33.428297,66.214583,3.0,0,0.0,1,0,2,3,4451,4.0,0,5,17.0,-9,0.0,Taliban
710,1971,9,3,0,603,8,190,1609,54.607712,-5.95621,1.0,0,0.0,0,0,1,4,12,216.0,0,5,1.0,0,0.0,Irish Republican Army (IRA)
51946,2012,5,12,0,228,10,53,315,15.325443,44.211895,1.0,0,0.0,0,0,6,7,686,32.0,0,5,0.0,0,0.0,Al-Qaida in the Arabian Peninsula (AQAP)
12556,1984,7,29,0,159,3,477,3278,-13.152712,-74.218628,1.0,0,0.0,1,0,2,3,1873,159.0,0,5,19.0,1,0.0,Shining Path (SL)
11370,1984,1,8,0,145,2,445,2964,13.229233,-86.86908,1.0,0,0.0,1,0,3,4,3586,145.0,0,5,65.0,1,0.0,Nicaraguan Democratic Force (FDN)
7701,1981,5,27,0,183,11,18,138,-29.861824,31.008293,1.0,0,0.0,1,0,3,4,295,183.0,0,6,0.0,1,0.0,African National Congress (South Africa)
60179,2014,5,14,0,228,10,54,375,14.326655,47.447216,1.0,0,1.0,1,0,2,4,172,228.0,0,5,10.0,-9,0.0,Al-Qaida in the Arabian Peninsula (AQAP)
27585,1991,6,18,0,603,8,190,1666,54.594562,-6.931393,1.0,0,0.0,1,0,3,3,1068,233.0,0,6,0.0,1,0.0,Irish Republican Army (IRA)
48210,2010,6,16,0,153,6,353,3746,33.528893,71.056122,1.0,0,0.0,1,0,1,2,4594,153.0,0,5,1.0,0,0.0,Tehrik-i-Taliban Pakistan (TTP)
67318,2015,5,3,0,214,9,146,1077,47.098835,37.81987,1.0,1,1.0,1,0,2,4,48,214.0,0,6,0.0,-9,0.0,Donetsk People's Republic
13400,1985,2,15,0,61,2,150,1217,13.749885,-89.199936,1.0,0,0.0,1,0,2,4,1762,61.0,0,5,1.0,1,0.0,Farabundo Marti National Liberation Front (FMLN)
65082,2015,1,14,0,214,9,146,1120,48.267222,37.642778,1.0,0,0.0,1,0,3,4,1698,214.0,0,6,0.0,-9,0.0,Donetsk People's Republic
46709,2009,6,19,0,153,6,427,3745,34.856902,71.429936,3.0,0,0.0,1,0,3,8,4593,153.0,0,6,0.0,1,0.0,Tehrik-i-Taliban Pakistan (TTP)
17844,1987,8,13,0,45,3,368,3179,2.77772,-75.25743,1.0,0,0.0,0,0,3,14,3917,45.0,0,6,2.0,1,0.0,Revolutionary Armed Forces of Colombia (FARC)
66777,2015,4,5,0,182,11,79,422,11.274796,49.179657,1.0,0,1.0,1,0,2,4,20,182.0,0,5,1.0,0,0.0,Al-Shabaab
33191,1994,6,26,0,209,10,205,1717,41.106178,28.689863,1.0,0,1.0,1,0,3,14,1065,209.0,0,6,0.0,1,0.0,Kurdistan Workers' Party (PKK)
53206,2012,9,9,0,95,10,38,251,35.45211,44.375465,1.0,1,1.0,1,0,3,14,13,95.0,0,6,3.0,0,0.0,Al-Qaida in Iraq
16498,1986,12,10,0,159,3,277,2111,-11.967368,-76.978462,1.0,0,0.0,1,0,2,3,4082,159.0,0,5,1.0,1,0.0,Shining Path (SL)
1076,1972,8,28,0,603,8,190,1609,54.607712,-5.95621,1.0,0,0.0,1,0,2,4,2128,216.0,0,5,1.0,0,0.0,Irish Republican Army (IRA)
11130,1983,11,15,0,45,3,363,3137,6.828333,-75.513056,2.0,0,0.0,0,0,1,1,3865,45.0,0,5,0.0,0,0.0,Revolutionary Armed Forces of Colombia (FARC)
19939,1988,7,13,0,43,3,270,2100,-33.050125,-71.612251,1.0,0,1.0,1,0,3,21,2711,43.0,0,6,0.0,1,0.0,Manuel Rodriguez Patriotic Front (FPMR)
4268,1978,8,28,0,185,8,95,524,43.291618,-1.977903,1.0,0,0.0,1,0,1,3,1124,185.0,0,5,1.0,0,0.0,Basque Fatherland and Freedom (ETA)
62762,2014,9,14,0,147,11,118,1281,9.27114,8.942915,1.0,0,0.0,1,0,2,14,27,147.0,0,5,5.0,1,0.0,Fulani extremists
6592,1980,5,8,0,185,8,86,570,43.32422,-1.91447,1.0,0,0.0,1,0,1,1,1061,185.0,0,5,1.0,0,0.0,Basque Fatherland and Freedom (ETA)
9351,1982,10,27,0,61,2,155,24,13.864829,-88.7494,4.0,0,0.0,1,0,2,4,1762,61.0,0,5,76.0,1,0.0,Farabundo Marti National Liberation Front (FMLN)
31534,1992,10,20,0,209,10,228,1889,37.154504,41.339913,3.0,0,0.0,1,0,1,3,2400,209.0,0,5,1.0,0,0.0,Kurdistan Workers' Party (PKK)
55769,2013,6,17,0,4,6,522,24,36.734772,70.811995,4.0,0,0.0,1,0,3,4,48,4.0,0,6,1.0,0,0.0,Taliban
12186,1984,5,10,0,92,6,339,3412,31.633078,74.878288,1.0,0,0.0,1,0,1,15,4375,92.0,0,5,1.0,0,0.0,Sikh Extremists
37383,1999,5,30,0,6,10,342,2439,35.352153,3.361564,1.0,0,0.0,1,0,2,4,3096,6.0,0,5,6.0,1,0.0,Muslim extremists
25845,1990,9,18,0,209,10,228,1814,37.306944,41.178056,1.0,1,0.0,1,0,3,4,559,209.0,0,6,13.0,1,0.0,Kurdistan Workers' Party (PKK)
63784,2014,11,2,0,147,11,168,1365,8.914713,7.889945,1.0,0,1.0,1,0,7,14,27,147.0,0,8,1.0,1,0.0,Fulani extremists
24017,1990,1,6,0,45,3,360,2538,7.894195,-72.503885,3.0,0,0.0,1,0,2,3,1788,45.0,0,5,1.0,1,0.0,National Liberation Army of Colombia (ELN)
54888,2013,3,19,0,95,10,33,248,33.303566,44.371773,1.0,0,1.0,1,0,3,1,512,95.0,0,6,6.0,1,0.0,Al-Qaida in Iraq
14608,1985,10,7,0,145,2,448,2903,12.398896,-86.813327,1.0,0,0.0,1,0,2,19,1153,145.0,0,5,1.0,1,0.0,Nicaraguan Democratic Force (FDN)
54128,2012,12,31,0,95,10,36,263,34.881348,44.62513,1.0,0,1.0,1,0,3,3,12,95.0,0,6,0.0,-9,0.0,Al-Qaida in Iraq
67382,2015,5,4,0,228,10,52,314,13.883349,45.866662,3.0,0,0.0,1,0,3,14,13,228.0,0,6,1.0,-9,0.0,Houthi extremists (Ansar Allah)
16501,1986,12,11,0,185,8,101,551,41.400635,2.150913,1.0,0,0.0,1,0,3,1,1024,69.0,0,6,0.0,1,0.0,Basque Fatherland and Freedom (ETA)
13304,1985,1,20,0,185,8,98,575,42.599876,-5.571752,1.0,0,0.0,0,0,1,1,1072,185.0,0,5,0.0,0,0.0,Basque Fatherland and Freedom (ETA)
26688,1991,2,6,0,45,3,377,24,2.243589,-77.010385,4.0,0,1.0,1,0,7,1,3964,45.0,0,8,0.0,1,0.0,Revolutionary Armed Forces of Colombia (FARC)
6353,1980,3,11,0,185,8,86,512,43.258434,-2.921819,1.0,0,0.0,1,0,3,2,1100,185.0,0,6,0.0,1,0.0,Basque Fatherland and Freedom (ETA)
75439,2016,7,12,0,147,11,167,1395,7.350826,8.836276,2.0,0,1.0,1,0,2,14,13,147.0,0,5,1.0,-9,0.0,Fulani extremists
12512,1984,7,21,0,183,11,19,156,-26.252697,27.870275,1.0,0,0.0,1,0,2,14,317,183.0,0,8,0.0,1,0.0,African National Congress (South Africa)
78867,2017,2,9,0,92,6,131,2189,19.709905,83.365003,1.0,0,0.0,0,0,3,3,85,92.0,0,6,0.0,0,0.0,Maoists
77291,2016,10,29,0,228,10,51,359,15.45639,45.324871,1.0,0,0.0,0,0,3,14,1978,228.0,0,6,0.0,0,0.0,Houthi extremists (Ansar Allah)
50065,2011,9,13,0,153,6,353,3773,35.202293,71.873006,1.0,0,0.0,1,0,3,2,4625,153.0,0,6,1.0,1,0.0,Tehrik-i-Taliban Pakistan (TTP)
69975,2015,9,8,0,182,11,66,403,1.789637,44.529976,1.0,0,0.0,1,0,6,4,577,182.0,0,5,19.0,0,1.0,Al-Shabaab
6352,1980,3,11,0,97,10,458,3058,31.830866,34.955151,1.0,0,0.0,1,0,3,14,3677,97.0,0,6,0.0,1,0.0,Palestinians
13665,1985,4,30,0,92,6,496,3418,30.733315,76.779418,1.0,0,0.0,0,0,3,15,4269,92.0,0,6,0.0,0,0.0,Sikh Extremists
42141,2005,7,2,0,95,10,33,248,33.303566,44.371773,1.0,0,0.0,1,1,3,3,564,95.0,0,6,20.0,-9,0.0,Al-Qaida in Iraq
47246,2009,10,22,0,160,5,1,77,6.074574,121.134326,1.0,1,0.0,1,0,3,19,152,160.0,0,6,0.0,1,0.0,Abu Sayyaf Group (ASG)
44214,2007,10,21,0,209,10,226,1862,37.377382,44.085035,1.0,0,0.0,1,0,3,14,2424,209.0,0,6,0.0,-9,0.0,Kurdistan Workers' Party (PKK)
42146,2005,7,2,0,95,10,33,248,33.303566,44.371773,1.0,0,0.0,1,0,6,7,533,60.0,0,5,0.0,0,1.0,Al-Qaida in Iraq
48959,2010,11,24,0,228,10,57,24,16.249994,45.478097,4.0,0,0.0,1,1,3,15,667,228.0,0,6,16.0,1,0.0,Al-Qaida in the Arabian Peninsula (AQAP)
46064,2009,1,26,1,182,11,65,402,3.115641,43.64658,1.0,0,0.0,1,0,2,2,849,182.0,0,5,0.0,-9,1.0,Al-Shabaab
29340,1991,12,27,0,603,8,190,1628,54.183052,-6.341388,1.0,0,0.0,1,0,3,14,1065,233.0,0,6,0.0,1,0.0,Irish Republican Army (IRA)
20101,1988,8,3,0,183,11,19,137,-26.184113,28.033232,1.0,0,0.0,1,0,3,4,277,183.0,0,6,0.0,1,0.0,African National Congress (South Africa)
71409,2015,11,24,0,95,10,36,1758,34.533753,43.483738,2.0,0,0.0,0,1,3,17,347,95.0,0,6,3.0,0,0.0,Islamic State of Iraq and the Levant (ISIL)
62176,2014,8,12,1,95,10,38,1695,35.316667,43.766667,3.0,0,0.0,1,0,6,15,2293,95.0,0,5,1.0,1,1.0,Islamic State of Iraq and the Levant (ISIL)
71652,2015,12,12,0,153,6,468,3124,24.891115,67.143311,1.0,0,0.0,1,0,1,4,4635,153.0,0,5,1.0,0,0.0,Tehrik-i-Taliban Pakistan (TTP)
74172,2016,5,2,0,228,10,60,353,13.586484,44.024105,1.0,0,1.0,1,0,3,14,1288,228.0,0,6,0.0,-9,0.0,Houthi extremists (Ansar Allah)
3802,1978,1,14,0,69,8,143,1044,41.927466,9.394499,1.0,0,0.0,1,0,3,4,1606,69.0,0,5,0.0,1,1.0,Corsican National Liberation Front (FLNC)
15153,1986,2,4,0,145,2,450,2886,12.293445,-84.411145,3.0,1,0.0,1,0,2,4,1762,145.0,0,5,1.0,1,0.0,Nicaraguan Democratic Force (FDN)
34897,1995,12,25,0,185,8,86,526,43.003305,-2.612578,3.0,0,0.0,1,0,2,4,961,185.0,0,5,0.0,1,0.0,Basque Fatherland and Freedom (ETA)
37419,1999,6,13,0,160,5,7,15,6.929089,122.07885,1.0,1,0.0,1,0,6,18,187,21.0,0,5,0.0,0,1.0,Abu Sayyaf Group (ASG)
66270,2015,3,10,0,214,9,146,1081,48.064426,37.673248,1.0,0,1.0,1,0,3,4,1709,214.0,0,6,0.0,0,0.0,Donetsk People's Republic
80943,2017,6,18,0,95,10,37,255,36.354145,43.14357,1.0,0,0.0,0,1,3,3,85,95.0,0,6,1.0,0,0.0,Islamic State of Iraq and the Levant (ISIL)
11672,1984,2,29,0,183,11,18,143,-29.156284,31.407625,1.0,0,0.0,1,0,3,3,274,183.0,0,6,1.0,1,0.0,African National Congress (South Africa)
70584,2015,10,10,0,214,9,146,1076,47.981647,37.762325,1.0,1,0.0,1,0,2,4,48,214.0,0,6,1.0,0,0.0,Donetsk People's Republic
13980,1985,6,6,0,61,2,160,24,13.447063,-88.556531,4.0,0,1.0,1,0,3,21,1848,61.0,0,6,1.0,1,0.0,Farabundo Marti National Liberation Front (FMLN)
11394,1984,1,12,0,61,2,151,1185,13.8222,-89.25389,1.0,0,0.0,1,0,2,4,1772,61.0,0,5,5.0,1,0.0,Farabundo Marti National Liberation Front (FMLN)
75820,2016,8,3,0,147,11,113,1412,9.327579,12.019064,2.0,0,0.0,1,0,2,14,27,147.0,0,5,0.0,1,0.0,Fulani extremists
61097,2014,6,26,0,228,10,50,328,15.964205,48.78252,1.0,0,1.0,1,0,2,1,684,228.0,0,8,9.0,1,0.0,Al-Qaida in the Arabian Peninsula (AQAP)
71092,2015,11,5,0,228,10,60,353,13.586484,44.024105,1.0,0,1.0,1,0,3,14,1730,228.0,0,6,1.0,-9,0.0,Houthi extremists (Ansar Allah)
29604,1992,2,4,0,155,10,456,3033,32.222271,35.253506,1.0,0,0.0,0,0,2,4,3773,97.0,0,8,0.0,1,0.0,Palestinians
54887,2013,3,19,0,95,10,33,248,33.303566,44.371773,1.0,0,1.0,1,0,3,2,219,95.0,0,6,7.0,0,0.0,Al-Qaida in Iraq
23853,1989,12,7,0,45,3,372,2511,10.413711,-75.533549,1.0,0,0.0,1,0,3,3,559,45.0,0,6,0.0,1,0.0,National Liberation Army of Colombia (ELN)
42698,2006,2,2,0,141,6,284,2220,28.518126,81.11616,1.0,0,0.0,1,0,3,14,2920,141.0,0,6,0.0,1,0.0,Maoists
82646,2017,10,6,0,92,6,131,2266,18.088194,81.7043,2.0,0,0.0,1,0,6,14,2952,92.0,0,5,1.0,-9,1.0,Maoists
61450,2014,7,11,0,95,10,37,1721,36.158558,43.2551,1.0,0,1.0,1,0,3,3,2296,95.0,0,6,0.0,1,0.0,Islamic State of Iraq and the Levant (ISIL)
83321,2017,12,1,0,182,11,74,434,4.391135,46.087469,2.0,0,0.0,0,0,1,2,844,182.0,0,5,12.0,1,0.0,Al-Shabaab
13012,1984,11,8,0,61,2,152,1170,13.491242,-88.173134,1.0,0,0.0,1,0,2,4,1762,61.0,0,5,12.0,1,0.0,Farabundo Marti National Liberation Front (FMLN)
67401,2015,5,6,1,160,5,1,58,5.553923,120.913233,1.0,0,0.0,1,0,6,14,102,160.0,0,5,1.0,0,1.0,Abu Sayyaf Group (ASG)
66608,2015,3,29,0,160,5,9,2659,6.213642,124.822629,1.0,0,0.0,1,0,3,4,3353,160.0,0,6,1.0,0,0.0,New People's Army (NPA)
55964,2013,7,6,0,60,10,291,2354,31.126646,33.800865,1.0,0,0.0,1,0,2,15,3071,60.0,0,5,1.0,0,0.0,Muslim extremists
64362,2014,12,6,0,228,10,53,315,15.325443,44.211895,1.0,0,0.0,1,0,2,14,1988,228.0,0,5,3.0,-9,0.0,Houthi extremists (Ansar Allah)
25442,1990,7,24,0,209,10,226,1904,37.577039,43.736096,3.0,0,0.0,1,0,2,4,562,209.0,0,5,1.0,1,0.0,Kurdistan Workers' Party (PKK)
7491,1981,3,24,0,185,8,86,530,43.3282,-3.031509,1.0,0,0.0,1,0,3,21,967,185.0,0,6,1.0,1,0.0,Basque Fatherland and Freedom (ETA)
72768,2016,2,10,0,160,5,388,2751,10.779355,123.488764,2.0,0,0.0,1,0,1,14,3430,160.0,0,5,1.0,0,0.0,New People's Army (NPA)
50329,2011,11,7,0,92,6,132,2272,18.475168,82.427445,1.0,1,0.0,1,0,7,1,2956,92.0,0,8,0.0,1,0.0,Maoists
64311,2014,12,3,0,104,11,77,420,0.731673,39.172842,1.0,0,0.0,1,0,6,14,812,104.0,0,5,15.0,0,1.0,Al-Shabaab
70762,2015,10,19,0,92,6,128,843,18.792596,80.813556,1.0,0,0.0,1,0,3,4,2943,92.0,0,6,0.0,0,0.0,Maoists
51694,2012,4,19,0,95,10,33,248,33.303566,44.371773,1.0,0,1.0,1,0,3,1,579,95.0,0,6,3.0,-9,0.0,Al-Qaida in Iraq
4812,1979,3,10,0,69,8,136,24,41.918891,8.737554,4.0,0,1.0,1,0,3,1,1088,69.0,0,6,0.0,1,0.0,Corsican National Liberation Front (FLNC)
59085,2014,3,17,0,147,11,110,649,11.485018,12.311891,1.0,0,0.0,1,0,2,14,1230,147.0,0,6,9.0,0,0.0,Boko Haram
42029,2005,5,18,0,95,10,33,248,33.303566,44.371773,1.0,0,0.0,1,0,1,2,598,95.0,0,5,1.0,-9,0.0,Al-Qaida in Iraq
17529,1987,6,30,0,209,10,228,1831,37.170607,40.39375,1.0,0,0.0,1,0,7,1,112,209.0,0,5,1.0,1,0.0,Kurdistan Workers' Party (PKK)
58392,2014,2,3,0,182,11,68,405,2.059819,45.326115,1.0,0,1.0,1,0,3,14,810,182.0,0,6,0.0,0,0.0,Al-Shabaab
11327,1984,1,1,0,155,10,456,3033,32.222271,35.253506,1.0,1,0.0,1,0,2,4,3664,97.0,0,8,0.0,0,0.0,Palestinians
78560,2017,1,20,0,92,6,131,2193,18.821768,84.252903,1.0,1,0.0,0,0,3,20,6,92.0,0,6,0.0,0,0.0,Maoists
24388,1990,3,9,0,43,3,271,2099,-33.366238,-70.505302,1.0,0,0.0,1,0,3,15,2747,217.0,0,6,0.0,1,0.0,Manuel Rodriguez Patriotic Front (FPMR)
42695,2006,2,2,0,69,8,136,1035,42.121236,8.758887,1.0,0,1.0,0,0,3,14,1577,69.0,0,6,0.0,0,0.0,Corsican National Liberation Front (FLNC)
28100,1991,8,10,0,159,3,483,3348,-9.55916,-77.890553,1.0,0,0.0,1,0,1,15,4170,161.0,0,5,2.0,0,0.0,Shining Path (SL)
72071,2016,1,3,0,160,5,0,13,6.582303,122.179241,1.0,0,0.0,1,0,6,19,97,160.0,0,5,0.0,1,1.0,Abu Sayyaf Group (ASG)
17248,1987,5,16,0,183,11,18,208,-27.74358,29.935437,1.0,0,0.0,1,0,3,3,275,183.0,0,6,0.0,1,0.0,African National Congress (South Africa)
14822,1985,11,25,0,185,8,86,518,43.291618,-1.977903,1.0,0,0.0,1,0,2,4,1105,185.0,0,5,2.0,1,0.0,Basque Fatherland and Freedom (ETA)
71395,2015,11,23,0,228,10,60,24,13.413117,43.637531,4.0,0,0.0,1,0,3,19,1979,228.0,0,6,0.0,1,0.0,Houthi extremists (Ansar Allah)
52882,2012,8,8,0,228,10,52,317,13.219398,45.307838,1.0,0,0.0,1,1,3,14,648,228.0,0,6,1.0,0,0.0,Al-Qaida in the Arabian Peninsula (AQAP)
72585,2016,1,31,0,209,10,225,1844,37.342787,42.121717,3.0,0,0.0,1,0,3,4,48,209.0,0,6,2.0,0,0.0,Kurdistan Workers' Party (PKK)
43607,2007,3,16,0,186,6,262,1980,9.666399,80.020477,1.0,0,0.0,0,1,3,4,2615,186.0,0,6,1.0,0,0.0,Liberation Tigers of Tamil Eelam (LTTE)
56727,2013,9,9,0,182,11,68,405,2.059819,45.326115,1.0,0,1.0,1,0,3,2,829,182.0,0,6,0.0,-9,0.0,Al-Shabaab
68908,2015,7,16,0,147,11,114,707,10.286653,11.163861,1.0,0,1.0,1,0,3,14,486,147.0,0,6,25.0,-9,0.0,Boko Haram
9441,1982,11,30,0,61,2,149,1228,13.812778,-87.819167,1.0,0,0.0,1,0,2,14,1837,61.0,0,5,1.0,1,1.0,Farabundo Marti National Liberation Front (FMLN)
56092,2013,7,19,0,60,10,291,2354,31.126646,33.800865,1.0,0,1.0,1,0,2,4,20,60.0,0,6,0.0,1,0.0,Muslim extremists
7925,1981,8,18,0,61,2,158,1171,13.949826,-88.146348,1.0,0,0.0,1,0,2,4,116,61.0,0,5,1.0,1,0.0,Farabundo Marti National Liberation Front (FMLN)
25919,1990,10,11,0,209,10,226,1907,37.33226,43.713351,1.0,0,0.0,1,0,2,14,2433,209.0,0,5,0.0,1,0.0,Kurdistan Workers' Party (PKK)
68667,2015,7,5,0,147,11,110,616,11.704399,11.088539,1.0,0,0.0,1,1,3,15,1211,147.0,0,6,7.0,-9,0.0,Boko Haram
47079,2009,9,7,0,45,3,368,3232,2.58328,-75.449375,1.0,0,0.0,1,0,2,2,3987,45.0,0,5,1.0,-9,0.0,Revolutionary Armed Forces of Colombia (FARC)
64360,2014,12,6,0,160,5,425,2774,14.01344,122.522142,1.0,0,0.0,1,0,2,4,3444,160.0,0,6,0.0,-9,0.0,New People's Army (NPA)
39725,2001,12,14,0,155,10,327,3050,31.355579,34.274364,1.0,0,0.0,1,0,3,14,3655,155.0,0,6,0.0,-9,0.0,Palestinians
77434,2016,11,8,0,173,10,184,1548,16.552261,42.953253,1.0,0,1.0,1,0,3,4,1989,173.0,0,6,0.0,1,0.0,Houthi extremists (Ansar Allah)
16930,1987,3,22,0,145,2,450,2888,12.069311,-84.539748,1.0,0,1.0,1,0,2,4,3541,145.0,0,5,1.0,1,0.0,Nicaraguan Democratic Force (FDN)
49872,2011,7,12,0,147,11,108,619,11.840929,13.141459,1.0,0,0.0,1,0,3,2,1249,147.0,0,6,0.0,1,0.0,Boko Haram
20055,1988,7,28,0,186,6,262,1990,9.338416,80.303394,1.0,0,0.0,1,0,2,4,1762,92.0,0,5,0.0,1,0.0,Liberation Tigers of Tamil Eelam (LTTE)
81622,2017,7,25,0,4,6,514,3600,33.662383,69.785643,3.0,0,1.0,1,0,7,3,524,4.0,0,8,0.0,1,0.0,Taliban
75871,2016,8,8,0,209,10,238,1919,38.209894,43.563268,3.0,0,0.0,1,0,2,3,20,209.0,0,5,1.0,0,0.0,Kurdistan Workers' Party (PKK)
23693,1989,11,13,0,155,10,327,1474,31.502407,34.459743,1.0,0,0.0,1,0,2,4,562,97.0,0,5,2.0,1,0.0,Palestinians
72787,2016,2,11,0,147,11,175,1331,6.835866,7.234769,1.0,0,0.0,1,0,2,14,27,147.0,0,5,2.0,1,0.0,Fulani extremists
63758,2014,11,1,0,214,9,146,1076,47.981647,37.762325,1.0,0,1.0,1,0,2,4,1701,214.0,0,6,1.0,-9,0.0,Donetsk People's Republic
15348,1986,3,26,0,43,3,271,2099,-33.366238,-70.505302,1.0,0,1.0,1,0,3,1,2701,43.0,0,6,0.0,1,0.0,Manuel Rodriguez Patriotic Front (FPMR)
51444,2012,3,25,0,4,6,517,3786,35.409873,71.338644,3.0,0,0.0,1,0,7,2,4642,4.0,0,8,0.0,1,0.0,Tehrik-i-Taliban Pakistan (TTP)
13701,1985,5,4,0,145,2,440,2853,12.1,-84.9,1.0,0,0.0,1,0,2,4,1762,145.0,0,5,4.0,1,0.0,Nicaraguan Democratic Force (FDN)
81354,2017,7,11,0,147,11,108,619,11.840929,13.141459,1.0,0,1.0,1,1,3,14,1268,147.0,0,6,6.0,1,0.0,Boko Haram
18551,1987,11,30,0,155,10,327,1474,31.502407,34.459743,1.0,0,0.0,1,0,3,4,12,97.0,0,6,0.0,1,0.0,Palestinians
70138,2015,9,15,0,209,10,226,24,37.445932,43.744984,4.0,0,0.0,1,0,3,3,559,209.0,0,6,2.0,1,0.0,Kurdistan Workers' Party (PKK)
13403,1985,2,17,0,145,2,439,2938,13.28841,-86.6554,1.0,0,0.0,1,0,2,4,1762,145.0,0,5,18.0,1,0.0,Nicaraguan Democratic Force (FDN)
14749,1985,11,10,0,145,2,445,2909,13.27624,-86.87844,1.0,0,0.0,1,0,2,4,1762,145.0,0,5,10.0,1,0.0,Nicaraguan Democratic Force (FDN)
82260,2017,9,7,0,160,5,397,2681,9.05,125.9,1.0,0,0.0,1,0,2,4,0,160.0,0,5,1.0,0,0.0,New People's Army (NPA)
4459,1978,11,12,0,185,8,86,531,43.090476,-2.31322,1.0,0,0.0,1,0,2,3,968,185.0,0,5,1.0,1,0.0,Basque Fatherland and Freedom (ETA)
21520,1989,2,22,0,61,2,152,1208,13.557072,-88.349433,1.0,0,0.0,1,0,2,4,1768,61.0,0,5,0.0,1,0.0,Farabundo Marti National Liberation Front (FMLN)
15092,1986,1,22,0,159,3,277,2111,-11.967368,-76.978462,1.0,0,0.0,1,0,3,1,4827,217.0,0,6,0.0,1,0.0,Tupac Amaru Revolutionary Movement (MRTA)
67253,2015,4,29,0,92,6,127,2249,23.907766,85.513586,1.0,0,0.0,1,0,7,1,2939,92.0,0,5,0.0,1,0.0,Maoists
14664,1985,10,20,0,145,2,438,2950,13.362156,-86.39801,3.0,1,0.0,1,0,2,4,1885,145.0,0,5,5.0,1,0.0,Nicaraguan Democratic Force (FDN)
48835,2010,11,2,0,182,11,66,412,2.14383,45.118061,1.0,0,0.0,1,0,2,10,871,182.0,0,5,0.0,-9,0.0,Al-Shabaab
10718,1983,8,22,0,145,2,439,2970,13.52796,-86.71346,1.0,0,0.0,1,0,2,4,1762,145.0,0,5,2.0,1,0.0,Nicaraguan Democratic Force (FDN)
19373,1988,4,22,0,159,3,491,3852,-6.779131,-79.83942,1.0,0,0.0,1,0,3,1,4765,159.0,0,6,0.0,1,0.0,Tupac Amaru Revolutionary Movement (MRTA)
55988,2013,7,8,0,60,10,291,2354,31.126646,33.800865,1.0,0,0.0,1,0,2,4,3056,60.0,0,9,0.0,0,0.0,Muslim extremists
53973,2012,12,3,0,160,5,0,89,6.706642,121.973673,2.0,0,0.0,1,0,3,4,176,160.0,0,6,1.0,-9,0.0,Abu Sayyaf Group (ASG)
43080,2006,6,14,0,186,6,78,2049,9.795275,79.989203,1.0,0,0.0,1,0,3,3,2567,186.0,0,6,0.0,1,0.0,Liberation Tigers of Tamil Eelam (LTTE)
40163,2002,6,16,1,45,3,362,24,1.637898,-77.745208,4.0,0,0.0,1,0,6,14,3156,45.0,0,5,0.0,0,1.0,National Liberation Army of Colombia (ELN)
35099,1996,2,25,0,45,3,363,24,6.2675,-75.568611,4.0,0,0.0,1,0,3,21,3171,45.0,0,6,0.0,1,0.0,National Liberation Army of Colombia (ELN)
48488,2010,8,23,0,228,10,52,318,13.887403,45.863647,1.0,0,0.0,1,0,3,4,757,228.0,0,6,13.0,1,0.0,Al-Qaida in the Arabian Peninsula (AQAP)
32404,1994,2,3,0,45,3,363,2491,6.242026,-75.564766,1.0,0,0.0,1,0,3,8,3151,45.0,0,6,0.0,1,0.0,National Liberation Army of Colombia (ELN)
63000,2014,9,23,0,147,11,167,1334,7.031136,7.777072,1.0,0,1.0,1,0,6,14,27,147.0,0,9,1.0,1,1.0,Fulani extremists
24327,1990,2,28,0,92,6,283,24,22.258652,71.192381,4.0,0,0.0,1,0,6,2,2882,92.0,0,5,0.0,0,1.0,Maoists
77112,2016,10,20,0,228,10,182,1553,15.3875,44.836667,2.0,0,1.0,1,0,2,17,1982,228.0,0,6,0.0,-9,0.0,Houthi extremists (Ansar Allah)
36639,1997,11,11,0,45,3,363,24,6.2675,-75.568611,4.0,0,0.0,1,0,1,14,3157,45.0,0,5,2.0,0,0.0,National Liberation Army of Colombia (ELN)
61070,2014,6,26,0,228,10,50,328,15.964205,48.78252,1.0,0,1.0,1,1,3,4,697,228.0,0,6,3.0,1,0.0,Al-Qaida in the Arabian Peninsula (AQAP)
67362,2015,5,3,0,147,11,118,1280,9.542607,8.896159,2.0,0,1.0,1,0,2,14,13,147.0,0,5,17.0,0,0.0,Fulani extremists
5098,1979,5,7,0,69,8,141,1021,41.930607,8.742907,1.0,0,0.0,1,0,3,3,175,69.0,0,6,0.0,1,0.0,Corsican National Liberation Front (FLNC)
16163,1986,9,3,0,43,3,271,2099,-33.366238,-70.505302,1.0,0,0.0,0,0,3,19,2744,43.0,0,6,0.0,0,0.0,Manuel Rodriguez Patriotic Front (FPMR)
9924,1983,3,15,0,145,2,437,2929,13.713126,-86.127068,2.0,1,0.0,1,0,2,4,1762,145.0,0,5,1.0,1,0.0,Nicaraguan Democratic Force (FDN)
2623,1976,3,15,0,185,8,95,568,43.303261,-2.204363,1.0,0,0.0,1,0,1,1,1057,185.0,0,5,1.0,0,0.0,Basque Fatherland and Freedom (ETA)
6569,1980,4,29,0,69,8,143,1049,42.615508,8.907482,1.0,0,0.0,1,0,3,14,1618,69.0,0,6,0.0,1,0.0,Corsican National Liberation Front (FLNC)
72679,2016,2,5,0,147,11,108,637,11.512185,14.066288,2.0,0,1.0,1,0,2,14,27,147.0,0,5,4.0,1,0.0,Boko Haram
43679,2007,4,12,0,160,5,404,2651,9.78472,125.489693,1.0,0,0.0,1,0,1,3,563,160.0,0,5,1.0,-9,0.0,New People's Army (NPA)
57510,2013,11,22,0,153,6,468,3124,24.891115,67.143311,1.0,0,1.0,1,0,3,14,13,153.0,0,6,3.0,1,0.0,Tehrik-i-Taliban Pakistan (TTP)
63777,2014,11,2,0,147,11,168,1294,8.75392,7.964677,1.0,0,1.0,1,0,7,14,27,147.0,0,8,2.0,1,0.0,Fulani extremists
58838,2014,3,3,0,147,11,123,2371,12.357456,7.903555,1.0,0,0.0,1,0,2,3,20,147.0,0,5,3.0,0,0.0,Muslim extremists
6876,1980,8,7,0,61,2,151,1232,13.965554,-88.892274,1.0,0,0.0,1,0,2,4,1772,61.0,0,5,47.0,1,0.0,Farabundo Marti National Liberation Front (FMLN)
74246,2016,5,5,0,4,6,510,3637,36.728771,68.820206,1.0,0,0.0,1,0,3,4,4512,4.0,0,6,3.0,-9,0.0,Taliban
31949,1992,12,3,0,69,8,136,24,41.918891,8.737554,4.0,0,1.0,1,0,3,2,560,69.0,0,6,0.0,1,0.0,Corsican National Liberation Front (FLNC)
5256,1979,6,8,0,69,8,137,132,48.856644,2.34233,1.0,0,0.0,1,0,7,1,1570,69.0,0,8,0.0,1,0.0,Corsican National Liberation Front (FLNC)
46158,2009,2,19,0,160,5,398,2641,16.105772,121.746511,1.0,0,0.0,1,0,7,1,3341,160.0,0,8,0.0,1,0.0,New People's Army (NPA)
54519,2013,2,5,0,45,3,361,24,5.233187,-76.829109,4.0,0,0.0,1,0,2,3,175,45.0,0,5,0.0,-9,0.0,Revolutionary Armed Forces of Colombia (FARC)
18460,1987,11,16,0,61,2,152,1216,13.33,-88.15139,1.0,0,0.0,1,0,2,4,1772,61.0,0,5,9.0,1,0.0,Farabundo Marti National Liberation Front (FMLN)
80528,2017,5,26,0,160,5,358,2754,7.067748,125.033156,1.0,0,1.0,1,0,3,3,12,160.0,0,6,0.0,1,0.0,New People's Army (NPA)
25457,1990,7,25,0,186,6,218,2055,8.366369,81.072225,1.0,0,0.0,1,0,2,14,2574,186.0,0,9,9.0,0,0.0,Liberation Tigers of Tamil Eelam (LTTE)
79240,2017,3,3,0,92,6,127,821,23.505758,84.570792,2.0,0,1.0,0,0,3,3,85,92.0,0,6,0.0,0,0.0,Communist Party of India - Maoist (CPI-Maoist)
58496,2014,2,11,0,160,5,1,82,5.913349,120.907287,1.0,0,0.0,1,0,2,4,162,160.0,0,5,1.0,1,0.0,Abu Sayyaf Group (ASG)
65018,2015,1,10,0,95,10,37,1703,36.319386,41.861473,1.0,1,1.0,1,0,3,4,0,95.0,0,6,0.0,-9,0.0,Islamic State of Iraq and the Levant (ISIL)
49939,2011,8,5,0,92,6,127,908,23.041512,84.544486,1.0,1,0.0,1,0,7,19,1440,92.0,0,8,0.0,1,0.0,Communist Party of India - Maoist (CPI-Maoist)
19230,1988,3,25,0,61,2,150,1156,13.69288,-89.199161,1.0,0,0.0,1,0,3,3,1763,61.0,0,5,2.0,1,0.0,Farabundo Marti National Liberation Front (FMLN)
21613,1989,3,5,0,92,6,339,3478,31.503363,74.80977,2.0,0,0.0,1,0,1,8,4359,92.0,0,5,1.0,0,0.0,Sikh Extremists
16122,1986,8,22,0,183,11,18,133,-29.965819,30.882976,1.0,0,0.0,1,0,1,22,352,183.0,0,6,1.0,0,0.0,African National Congress (South Africa)
10070,1983,4,15,0,145,2,437,2851,13.642491,-86.309214,1.0,0,0.0,1,0,2,14,3593,145.0,0,5,5.0,1,0.0,Nicaraguan Democratic Force (FDN)
26315,1990,12,11,0,159,3,480,3293,-13.531688,-71.966924,1.0,0,0.0,1,0,1,2,4086,159.0,0,5,1.0,0,0.0,Shining Path (SL)
49318,2011,2,22,0,69,8,136,1055,42.36999,9.501176,1.0,0,0.0,1,0,3,1,1627,69.0,0,6,0.0,1,0.0,Corsican National Liberation Front (FLNC)
23287,1989,10,4,0,155,10,456,3078,31.862497,35.46188,1.0,0,0.0,1,0,1,14,3718,155.0,0,9,1.0,0,0.0,Palestinians
64764,2014,12,30,0,160,5,1,2,6.066398,121.099947,1.0,0,0.0,0,0,2,4,65,160.0,0,5,0.0,0,0.0,Abu Sayyaf Group (ASG)
62826,2014,9,16,0,200,10,40,261,33.515244,36.292084,1.0,1,1.0,1,0,3,14,810,200.0,0,6,0.0,-9,0.0,Muslim extremists
13594,1985,4,11,0,43,3,271,2099,-33.366238,-70.505302,1.0,0,1.0,1,0,3,19,56,43.0,0,6,0.0,1,0.0,Manuel Rodriguez Patriotic Front (FPMR)
57391,2013,11,11,0,92,6,128,836,18.813693,80.834286,3.0,0,1.0,1,0,2,3,0,92.0,0,5,0.0,-9,0.0,Maoists
16397,1986,11,9,0,159,3,477,3278,-13.152712,-74.218628,1.0,0,0.0,1,0,3,16,4143,159.0,0,6,0.0,1,0.0,Shining Path (SL)
62690,2014,9,9,0,214,9,146,1076,47.981647,37.762325,1.0,0,1.0,1,0,3,4,1701,214.0,0,6,0.0,1,0.0,Donetsk People's Republic
27196,1991,4,30,0,159,3,277,2111,-11.967368,-76.978462,1.0,0,0.0,1,0,2,10,4860,159.0,0,5,0.0,1,0.0,Tupac Amaru Revolutionary Movement (MRTA)
69860,2015,9,1,0,147,11,108,617,11.156907,12.756605,2.0,0,1.0,1,0,2,14,13,147.0,0,6,17.0,0,0.0,Boko Haram
67630,2015,5,24,0,92,6,128,897,18.769489,82.036771,1.0,0,0.0,1,0,1,2,1421,92.0,0,5,1.0,0,0.0,Communist Party of India - Maoist (CPI-Maoist)
66021,2015,2,24,0,147,11,108,735,12.359468,14.210929,1.0,1,0.0,1,0,2,4,1269,147.0,0,5,208.0,-9,0.0,Boko Haram
71464,2015,11,28,0,37,11,117,689,11.917996,14.644405,1.0,0,1.0,1,1,3,1,1248,37.0,0,6,3.0,-9,0.0,Boko Haram
6487,1980,4,15,0,603,8,190,1642,54.515694,-6.055724,1.0,0,0.0,1,0,3,1,587,216.0,0,6,0.0,1,0.0,Irish Republican Army (IRA)
14824,1985,11,26,0,183,11,26,171,-23.00124,29.768678,1.0,0,0.0,1,0,3,14,316,183.0,0,6,0.0,1,0.0,African National Congress (South Africa)
65437,2015,1,28,0,214,9,146,1076,47.981647,37.762325,1.0,0,0.0,1,0,3,19,1252,214.0,0,6,8.0,-9,0.0,Donetsk People's Republic
77237,2016,10,27,0,147,11,112,1450,9.507861,8.319892,1.0,1,1.0,1,0,1,2,1941,147.0,0,5,2.0,1,0.0,Fulani extremists
47346,2009,11,15,0,4,6,509,3603,32.480918,62.028239,1.0,0,0.0,1,0,3,16,4485,4.0,0,6,0.0,1,0.0,Taliban
25305,1990,6,30,0,159,3,277,3287,-12.517373,-76.73399,1.0,0,0.0,1,0,1,2,4077,159.0,0,5,1.0,0,0.0,Shining Path (SL)
22015,1989,4,27,0,185,8,86,548,43.267454,-2.020169,1.0,0,0.0,1,0,3,1,1040,69.0,0,6,0.0,1,0.0,Basque Fatherland and Freedom (ETA)
50440,2011,11,18,0,147,11,108,619,11.840929,13.141459,1.0,0,0.0,1,0,2,4,1251,147.0,0,5,3.0,1,0.0,Boko Haram
19794,1988,6,17,0,185,8,86,539,43.272167,-2.832167,1.0,0,0.0,1,0,7,19,989,185.0,0,8,0.0,1,0.0,Basque Fatherland and Freedom (ETA)
25469,1990,7,26,0,43,3,271,2099,-33.366238,-70.505302,1.0,0,0.0,1,0,3,15,259,217.0,0,6,0.0,1,0.0,Manuel Rodriguez Patriotic Front (FPMR)
54698,2013,2,23,0,95,10,34,250,33.74324,44.623825,1.0,0,0.0,1,1,3,2,495,95.0,0,6,3.0,1,0.0,Al-Qaida in Iraq
31941,1992,12,3,0,69,8,136,24,41.918891,8.737554,4.0,0,1.0,1,0,3,2,560,69.0,0,6,0.0,1,0.0,Corsican National Liberation Front (FLNC)
21251,1989,1,26,0,159,3,277,2111,-11.967368,-76.978462,1.0,0,0.0,1,0,3,1,4813,159.0,0,5,0.0,1,0.0,Tupac Amaru Revolutionary Movement (MRTA)
49412,2011,3,19,0,153,6,353,688,33.915234,71.458679,1.0,1,0.0,1,0,3,19,4644,153.0,0,6,0.0,1,0.0,Tehrik-i-Taliban Pakistan (TTP)
21342,1989,2,8,0,186,6,266,2021,7.29384,80.640669,1.0,0,0.0,1,0,2,4,2605,186.0,0,5,2.0,1,0.0,Liberation Tigers of Tamil Eelam (LTTE)
14463,1985,9,2,0,97,10,458,3037,31.771599,35.2034,1.0,0,0.0,1,0,3,19,356,97.0,0,6,0.0,1,0.0,Palestinians
72434,2016,1,23,0,92,6,128,2185,18.555289,81.345462,1.0,0,0.0,1,0,3,3,12,92.0,0,6,0.0,0,0.0,Maoists
13766,1985,5,10,0,69,8,136,24,41.919593,8.737687,4.0,0,1.0,1,0,3,1,1556,69.0,0,6,0.0,1,0.0,Corsican National Liberation Front (FLNC)
78440,2017,1,12,0,95,10,36,273,34.621521,43.668377,1.0,0,0.0,1,0,3,14,13,95.0,0,6,4.0,-9,0.0,Islamic State of Iraq and the Levant (ISIL)
58099,2014,1,15,0,95,10,34,302,33.716995,44.679516,1.0,0,1.0,1,1,3,14,2295,95.0,0,6,17.0,1,0.0,Islamic State of Iraq and the Levant (ISIL)
17751,1987,7,29,0,183,11,19,137,-26.184113,28.033232,1.0,0,0.0,1,0,3,4,378,183.0,0,6,0.0,1,0.0,African National Congress (South Africa)
29056,1991,11,16,0,155,10,456,3041,31.907141,35.198219,1.0,0,1.0,1,0,7,4,3684,97.0,0,8,0.0,1,0.0,Palestinians
64887,2015,1,4,0,214,9,146,1106,48.240883,38.525669,1.0,0,1.0,1,0,2,4,1698,214.0,0,6,1.0,-9,0.0,Donetsk People's Republic
81776,2017,8,5,0,4,6,322,3602,34.248831,70.907566,2.0,0,1.0,0,0,2,3,4484,4.0,0,5,2.0,0,0.0,Taliban
32171,1992,12,31,0,92,6,134,3479,18.174559,73.870354,1.0,1,0.0,1,0,2,3,562,92.0,0,5,2.0,1,0.0,Sikh Extremists
36905,1998,5,17,0,186,6,262,1980,9.666399,80.020477,1.0,0,0.0,1,0,1,2,2619,186.0,0,5,2.0,0,0.0,Liberation Tigers of Tamil Eelam (LTTE)
69017,2015,7,22,0,228,10,51,1577,15.709722,44.788611,2.0,0,0.0,0,0,2,17,2014,228.0,0,5,1.0,0,0.0,Houthi extremists (Ansar Allah)
54284,2013,1,16,0,95,10,36,263,34.881348,44.62513,1.0,0,1.0,1,0,3,22,560,95.0,0,6,5.0,1,0.0,Al-Qaida in Iraq
50019,2011,8,27,0,182,11,73,480,3.32728,42.218563,1.0,1,0.0,1,0,7,9,906,182.0,0,8,0.0,1,0.0,Al-Shabaab
9321,1982,10,23,0,61,2,158,1214,13.7,-88.1,1.0,0,0.0,1,0,2,4,1817,61.0,0,5,1.0,1,0.0,Farabundo Marti National Liberation Front (FMLN)
78094,2016,12,17,0,92,6,282,2177,17.742874,81.396271,1.0,0,0.0,0,0,3,20,6,92.0,0,6,0.0,0,0.0,Maoists
70207,2015,9,20,0,160,5,12,2753,7.595785,125.105121,2.0,0,0.0,1,0,3,4,48,160.0,0,6,0.0,0,0.0,New People's Army (NPA)
61309,2014,7,6,0,228,10,52,361,14.061524,46.914952,3.0,0,0.0,1,0,2,4,559,228.0,0,5,6.0,1,0.0,Al-Qaida in the Arabian Peninsula (AQAP)
80660,2017,6,2,0,37,11,117,646,11.162543,14.013976,1.0,0,0.0,1,1,3,14,1239,37.0,0,6,11.0,-9,0.0,Boko Haram
65704,2015,2,9,0,147,11,167,1292,7.689167,9.250278,3.0,0,1.0,1,0,2,14,27,147.0,0,5,1.0,1,0.0,Fulani extremists
14795,1985,11,22,0,92,6,339,24,31.147131,75.341218,4.0,0,0.0,1,0,3,19,4321,92.0,0,6,2.0,1,0.0,Sikh Extremists
8880,1982,6,28,0,183,11,18,142,-27.826803,30.705819,1.0,0,0.0,1,0,3,19,271,183.0,0,6,0.0,1,0.0,African National Congress (South Africa)
45780,2008,11,24,0,153,6,534,3772,34.774479,72.364052,1.0,0,0.0,1,0,2,2,4680,153.0,0,5,1.0,0,0.0,Tehrik-i-Taliban Pakistan (TTP)
48078,2010,5,20,0,182,11,68,405,2.059819,45.326115,1.0,0,0.0,1,0,3,11,910,182.0,0,6,2.0,1,0.0,Al-Shabaab
64000,2014,11,15,0,123,11,169,2348,16.266667,-0.05,1.0,0,0.0,1,0,2,1,180,123.0,0,5,1.0,-9,0.0,Muslim extremists
75188,2016,6,27,0,92,6,127,823,24.343467,84.264952,1.0,0,0.0,1,0,2,16,1334,92.0,0,5,0.0,1,0.0,Communist Party of India - Maoist (CPI-Maoist)
12723,1984,9,2,0,145,2,451,2943,11.683333,-84.95,1.0,0,0.0,1,0,2,4,1762,145.0,0,5,1.0,1,0.0,Nicaraguan Democratic Force (FDN)
80471,2017,5,23,0,92,6,127,866,23.80224,85.74643,1.0,1,0.0,1,0,3,19,1380,92.0,0,6,0.0,0,0.0,Communist Party of India - Maoist (CPI-Maoist)
29267,1991,12,18,0,603,8,190,1609,54.607712,-5.95621,1.0,0,0.0,1,0,3,14,2075,216.0,0,6,0.0,1,0.0,Irish Republican Army (IRA)
30446,1992,5,30,0,92,6,339,3399,30.898024,75.860077,1.0,1,0.0,1,0,3,3,559,92.0,0,6,6.0,1,0.0,Sikh Extremists
54009,2012,12,8,0,4,6,320,3598,33.509963,70.121765,1.0,0,0.0,1,0,2,14,815,4.0,0,9,1.0,0,0.0,Taliban
46481,2009,5,5,0,92,6,130,799,18.364195,81.892418,3.0,0,0.0,1,0,2,2,1473,92.0,0,5,0.0,-9,0.0,Communist Party of India - Maoist (CPI-Maoist)
65590,2015,2,4,0,228,10,56,24,14.802222,42.951111,4.0,0,0.0,1,0,2,14,1971,228.0,0,5,0.0,0,0.0,Houthi extremists (Ansar Allah)
76854,2016,10,4,0,228,10,60,353,13.586484,44.024105,1.0,0,1.0,1,0,3,14,926,228.0,0,6,0.0,-9,0.0,Houthi extremists (Ansar Allah)
48794,2010,10,25,0,153,6,353,3815,34.511066,73.014408,1.0,0,0.0,1,0,3,8,4683,153.0,0,6,0.0,1,0.0,Tehrik-i-Taliban Pakistan (TTP)
83054,2017,11,10,0,95,10,32,1742,34.303706,42.067211,2.0,0,0.0,1,0,3,4,12,95.0,0,6,0.0,-9,0.0,Islamic State of Iraq and the Levant (ISIL)
26227,1990,11,28,0,69,8,136,1024,42.699997,9.447317,1.0,0,0.0,1,0,7,2,1615,69.0,0,5,0.0,1,0.0,Corsican National Liberation Front (FLNC)
25176,1990,6,12,0,186,6,218,1975,7.733107,81.68882,1.0,1,0.0,1,0,6,19,2557,186.0,0,5,0.0,1,1.0,Liberation Tigers of Tamil Eelam (LTTE)
80632,2017,5,31,0,104,11,72,410,-0.393767,40.326616,1.0,0,1.0,1,0,3,3,722,104.0,0,6,0.0,1,0.0,Al-Shabaab
21612,1989,3,4,0,186,6,262,2044,9.267091,80.814248,3.0,0,0.0,1,0,2,4,1762,92.0,0,5,58.0,1,0.0,Liberation Tigers of Tamil Eelam (LTTE)
53304,2012,9,19,0,153,6,353,3722,34.006004,71.53743,1.0,0,0.0,1,0,3,4,890,153.0,0,6,8.0,1,0.0,Tehrik-i-Taliban Pakistan (TTP)
80431,2017,5,21,0,95,10,208,1724,31.300213,45.277092,1.0,0,0.0,0,0,3,20,6,95.0,0,6,0.0,0,0.0,Islamic State of Iraq and the Levant (ISIL)
50276,2011,11,4,0,147,11,110,680,11.74464,11.970257,1.0,0,1.0,1,0,3,15,1246,147.0,0,6,6.0,1,0.0,Boko Haram
18104,1987,9,23,0,43,3,271,2099,-33.366238,-70.505302,1.0,0,0.0,1,0,3,8,2702,43.0,0,6,0.0,1,0.0,Manuel Rodriguez Patriotic Front (FPMR)
81866,2017,8,12,0,95,10,36,273,34.621521,43.668377,1.0,0,0.0,0,1,3,14,486,95.0,0,6,1.0,0,0.0,Islamic State of Iraq and the Levant (ISIL)
77922,2016,12,5,0,200,10,199,2349,36.201721,37.14352,1.0,0,1.0,1,0,3,4,3043,167.0,0,6,2.0,1,0.0,Muslim extremists
83487,2017,12,16,0,95,10,34,1733,33.824244,44.789265,3.0,0,0.0,0,0,3,20,6,95.0,0,6,0.0,0,0.0,Islamic State of Iraq and the Levant (ISIL)
754,1971,10,24,0,603,8,190,1609,54.607712,-5.95621,1.0,0,0.0,1,0,3,1,2064,233.0,0,6,1.0,1,0.0,Irish Republican Army (IRA)
78792,2017,2,3,0,228,10,52,318,13.887403,45.863647,1.0,0,0.0,1,0,3,17,20,228.0,0,6,0.0,1,0.0,Al-Qaida in the Arabian Peninsula (AQAP)
18298,1987,10,20,0,92,6,494,3415,28.690073,77.213982,1.0,0,0.0,1,0,2,14,4266,92.0,0,5,10.0,0,0.0,Sikh Extremists
6148,1980,1,25,0,183,11,19,167,-25.748281,28.212069,1.0,0,0.0,1,0,3,1,372,183.0,0,5,5.0,1,1.0,African National Congress (South Africa)
18894,1988,2,9,0,45,3,360,2505,8.638953,-72.918372,1.0,0,0.0,1,0,3,21,3164,45.0,0,6,0.0,1,0.0,National Liberation Army of Colombia (ELN)
53166,2012,9,5,0,147,11,108,619,11.840929,13.141459,1.0,0,1.0,1,0,7,16,1214,147.0,0,8,4.0,1,0.0,Boko Haram
26303,1990,12,10,0,159,3,277,2111,-11.967368,-76.978462,1.0,0,0.0,1,0,3,7,4862,359.0,0,6,0.0,1,0.0,Tupac Amaru Revolutionary Movement (MRTA)
34689,1995,10,10,0,209,10,246,24,38.403111,37.956069,4.0,0,0.0,1,0,2,1,2437,209.0,0,6,3.0,1,0.0,Kurdistan Workers' Party (PKK)
59402,2014,4,4,0,92,6,126,2206,24.775486,84.918483,3.0,0,0.0,0,0,3,20,6,92.0,0,6,0.0,0,0.0,Maoists
51723,2012,4,19,0,95,10,33,248,33.303566,44.371773,1.0,0,1.0,1,0,3,3,534,95.0,0,6,2.0,-9,0.0,Al-Qaida in Iraq
18809,1988,1,26,0,186,6,262,2042,9.319927,80.696421,1.0,0,0.0,1,0,2,4,1853,92.0,0,5,8.0,1,0.0,Liberation Tigers of Tamil Eelam (LTTE)
45716,2008,11,8,0,153,6,534,3730,35.075339,72.854657,1.0,0,0.0,1,0,3,19,4578,153.0,0,6,0.0,1,0.0,Tehrik-i-Taliban Pakistan (TTP)
21358,1989,2,10,0,61,2,159,1207,13.344322,-88.437463,1.0,0,0.0,1,0,5,10,1809,61.0,0,5,0.0,1,0.0,Farabundo Marti National Liberation Front (FMLN)
45508,2008,9,15,0,160,5,395,2679,11.386903,122.780944,1.0,0,0.0,1,0,3,16,3369,160.0,0,6,0.0,1,0.0,New People's Army (NPA)
67177,2015,4,26,0,147,11,167,1383,6.898706,9.497113,1.0,0,1.0,1,0,2,14,27,147.0,0,5,4.0,0,0.0,Fulani extremists
25821,1990,9,13,0,209,10,232,1845,37.887824,41.13622,1.0,0,0.0,1,0,3,4,2372,209.0,0,6,0.0,1,0.0,Kurdistan Workers' Party (PKK)
70236,2015,9,21,0,209,10,225,1811,37.248723,42.471501,1.0,0,0.0,1,0,2,17,2352,209.0,0,5,1.0,0,0.0,Kurdistan Workers' Party (PKK)
55458,2013,5,16,0,147,11,123,713,13.036389,8.317778,1.0,0,1.0,1,0,3,3,175,147.0,0,6,2.0,1,0.0,Boko Haram
12209,1984,5,14,0,145,2,448,2900,12.333333,-86.783333,1.0,0,0.0,1,0,2,4,1762,145.0,0,5,1.0,1,0.0,Nicaraguan Democratic Force (FDN)
15787,1986,6,14,0,159,3,277,2111,-11.967368,-76.978462,1.0,0,1.0,1,0,3,14,4792,159.0,0,6,0.0,1,0.0,Tupac Amaru Revolutionary Movement (MRTA)
65884,2015,2,16,0,228,10,58,339,13.063399,44.880882,1.0,0,0.0,1,0,2,4,719,228.0,0,5,2.0,0,0.0,Al-Qaida in the Arabian Peninsula (AQAP)
48873,2010,11,7,0,92,6,127,800,24.168873,84.039211,1.0,0,1.0,1,0,3,2,1311,92.0,0,6,0.0,1,0.0,Communist Party of India - Maoist (CPI-Maoist)
34022,1995,3,16,0,75,8,193,1902,51.512054,7.463573,1.0,0,0.0,1,0,7,1,2428,209.0,0,8,0.0,1,0.0,Kurdistan Workers' Party (PKK)
35042,1996,1,30,0,186,6,218,1988,7.414383,81.830633,1.0,0,0.0,1,0,3,20,2586,186.0,0,6,1.0,1,0.0,Liberation Tigers of Tamil Eelam (LTTE)
81762,2017,8,5,0,95,10,32,1737,33.489536,43.22139,1.0,0,0.0,1,0,3,14,608,95.0,0,6,2.0,-9,0.0,Islamic State of Iraq and the Levant (ISIL)
59046,2014,3,14,0,147,11,112,1401,9.632431,8.502985,2.0,0,1.0,1,0,2,14,27,147.0,0,5,33.0,1,0.0,Fulani extremists
25256,1990,6,22,0,186,6,218,2016,7.331414,81.833366,1.0,0,0.0,1,0,2,14,2525,186.0,0,5,62.0,1,0.0,Liberation Tigers of Tamil Eelam (LTTE)
74512,2016,5,20,0,147,11,172,1320,7.950747,5.545281,1.0,0,0.0,1,0,2,14,1230,147.0,0,5,2.0,0,0.0,Fulani extremists
70274,2015,9,23,0,92,6,127,899,22.864585,85.326526,1.0,0,0.0,0,0,3,4,12,92.0,0,6,0.0,0,0.0,Communist Party of India - Maoist (CPI-Maoist)
4312,1978,9,12,0,155,10,456,3033,32.222271,35.253506,1.0,0,0.0,0,0,7,2,3626,97.0,0,8,0.0,1,0.0,Palestinians
45690,2008,10,30,0,160,5,425,2761,14.845045,121.969344,2.0,0,0.0,1,0,7,1,3439,160.0,0,8,0.0,-9,0.0,New People's Army (NPA)
49708,2011,5,31,0,92,6,126,902,24.522096,83.722629,1.0,0,0.0,1,0,3,8,1424,92.0,0,6,0.0,1,0.0,Communist Party of India - Maoist (CPI-Maoist)
42221,2005,7,28,0,69,8,136,1022,41.591369,9.278311,1.0,0,1.0,1,0,3,14,1594,69.0,0,6,0.0,1,0.0,Corsican National Liberation Front (FLNC)
16958,1987,4,2,0,159,3,277,2111,-11.967368,-76.978462,1.0,0,0.0,1,0,3,3,2184,159.0,0,6,0.0,1,0.0,Shining Path (SL)
46500,2009,5,9,0,45,3,362,2484,1.338227,-77.592617,1.0,0,0.0,1,0,3,2,3139,45.0,0,6,0.0,1,0.0,National Liberation Army of Colombia (ELN)
20139,1988,8,12,0,183,11,18,138,-29.861824,31.008293,1.0,0,0.0,1,0,3,2,330,183.0,0,6,0.0,1,0.0,African National Congress (South Africa)
46895,2009,7,28,0,45,3,360,2517,8.436159,-73.286109,1.0,1,0.0,1,0,3,21,3190,45.0,0,6,0.0,1,0.0,National Liberation Army of Colombia (ELN)
70702,2015,10,16,0,160,5,1,52,6.068588,121.034669,1.0,0,0.0,1,0,2,3,92,160.0,0,5,0.0,0,0.0,Abu Sayyaf Group (ASG)
65415,2015,1,27,0,214,9,146,1099,48.434017,38.221252,1.0,0,0.0,1,0,3,1,542,214.0,0,6,1.0,1,0.0,Donetsk People's Republic
39193,2001,7,24,0,186,6,261,2076,7.180155,79.884252,1.0,0,0.0,1,1,3,6,2609,186.0,0,6,21.0,1,0.0,Liberation Tigers of Tamil Eelam (LTTE)
15140,1986,2,3,0,603,8,190,1611,54.296399,-7.871465,1.0,0,0.0,1,0,3,4,2051,233.0,0,6,1.0,1,0.0,Irish Republican Army (IRA)
15666,1986,5,25,0,38,1,497,3442,49.25,-123.133333,1.0,0,0.0,0,0,1,2,4297,92.0,0,5,0.0,0,0.0,Sikh Extremists
81700,2017,8,1,0,228,10,52,335,13.519865,46.711736,1.0,0,0.0,1,0,2,4,20,228.0,0,6,3.0,0,0.0,Al-Qaida in the Arabian Peninsula (AQAP)
71730,2015,12,15,0,228,10,60,353,13.586484,44.024105,1.0,0,1.0,1,0,3,14,1730,228.0,0,6,4.0,-9,0.0,Houthi extremists (Ansar Allah)
35468,1996,7,20,0,185,8,101,584,41.076769,1.144041,1.0,0,0.0,0,0,3,18,1103,185.0,0,6,0.0,1,0.0,Basque Fatherland and Freedom (ETA)
51749,2012,4,22,0,228,10,50,319,14.54397,49.12458,1.0,0,0.0,1,0,2,3,85,228.0,0,5,6.0,-9,0.0,Al-Qaida in the Arabian Peninsula (AQAP)
69050,2015,7,24,0,209,10,234,1894,37.849762,40.668495,3.0,0,0.0,1,0,3,3,175,209.0,0,6,0.0,1,0.0,Kurdistan Workers' Party (PKK)
15252,1986,3,3,0,183,11,25,174,-33.98263,18.569386,1.0,0,0.0,1,0,3,3,346,183.0,0,5,7.0,1,0.0,African National Congress (South Africa)
77693,2016,11,22,0,153,6,353,3722,34.006004,71.53743,1.0,0,0.0,1,0,3,3,559,153.0,0,6,3.0,1,0.0,Tehrik-i-Taliban Pakistan (TTP)
72860,2016,2,15,0,147,11,113,731,10.888939,13.629118,2.0,0,0.0,1,0,2,14,27,147.0,0,5,6.0,1,0.0,Boko Haram
41241,2004,1,7,0,45,3,373,3173,5.499147,-75.183126,1.0,0,0.0,1,0,2,14,3914,45.0,0,5,8.0,0,0.0,Revolutionary Armed Forces of Colombia (FARC)
48813,2010,10,31,0,160,5,405,576,12.23686,124.37529,1.0,0,0.0,1,0,2,2,3424,160.0,0,5,0.0,0,0.0,New People's Army (NPA)
61092,2014,6,27,0,147,11,121,663,10.340723,9.854051,1.0,0,0.0,1,0,3,1,587,147.0,0,6,11.0,1,0.0,Boko Haram
68843,2015,7,13,0,147,11,108,651,11.829979,12.630177,1.0,0,0.0,1,0,2,14,27,147.0,0,5,25.0,1,0.0,Boko Haram
10627,1983,8,1,0,185,8,101,551,41.400635,2.150913,1.0,0,0.0,0,0,3,4,1122,185.0,0,6,0.0,0,0.0,Basque Fatherland and Freedom (ETA)
17973,1987,9,2,0,186,6,218,1972,8.457907,81.268402,1.0,0,1.0,1,0,7,1,1248,186.0,0,8,0.0,1,0.0,Muslim extremists
7919,1981,8,16,0,61,2,158,1171,13.949826,-88.146348,1.0,0,0.0,1,0,2,4,1762,61.0,0,5,1.0,1,0.0,Farabundo Marti National Liberation Front (FMLN)
5114,1979,5,7,0,69,8,143,1024,42.699997,9.447317,1.0,0,0.0,1,0,3,20,1176,69.0,0,6,0.0,1,0.0,Corsican National Liberation Front (FLNC)
62723,2014,9,12,0,214,9,146,1076,47.981647,37.762325,1.0,0,0.0,1,0,3,4,1701,214.0,0,6,0.0,1,0.0,Donetsk People's Republic
13785,1985,5,11,0,92,6,494,3404,28.585836,77.153336,1.0,0,0.0,0,0,3,2,4275,92.0,0,6,0.0,0,0.0,Sikh Extremists
82384,2017,9,17,0,4,6,518,3628,35.98822,68.635742,1.0,0,1.0,1,0,3,14,1288,4.0,0,6,4.0,0,0.0,Taliban
51397,2012,3,20,0,4,6,511,3533,32.100204,66.901016,1.0,0,0.0,1,0,2,14,4496,4.0,0,5,1.0,0,0.0,Taliban
19257,1988,3,29,0,69,8,138,1026,43.296482,5.36978,1.0,0,0.0,1,0,3,1,1574,69.0,0,6,0.0,1,0.0,Corsican National Liberation Front (FLNC)
79593,2017,3,28,0,95,10,37,1703,36.319386,41.861473,1.0,0,0.0,1,1,3,4,0,95.0,0,6,4.0,0,0.0,Islamic State of Iraq and the Levant (ISIL)
72794,2016,2,12,0,4,6,513,3604,32.137698,64.98576,1.0,0,1.0,0,0,2,3,175,4.0,0,5,0.0,0,0.0,Taliban
65088,2015,1,14,0,214,9,146,1081,48.064426,37.673248,1.0,0,0.0,1,0,3,14,205,214.0,0,6,0.0,-9,0.0,Donetsk People's Republic
43710,2007,4,21,0,69,8,136,1024,42.699997,9.447317,1.0,0,1.0,1,0,3,2,1591,69.0,0,6,0.0,1,0.0,Corsican National Liberation Front (FLNC)
79254,2017,3,4,0,153,6,353,3766,34.217285,71.561043,1.0,0,0.0,1,0,1,14,4613,153.0,0,5,1.0,-9,0.0,Tehrik-i-Taliban Pakistan (TTP)
51537,2012,4,5,0,4,6,522,3653,36.818111,70.097702,1.0,0,0.0,1,1,3,3,4521,4.0,0,6,3.0,0,0.0,Taliban
75438,2016,7,12,0,147,11,167,1397,7.350826,8.836276,4.0,0,1.0,1,0,2,14,13,147.0,0,5,1.0,-9,0.0,Fulani extremists
52124,2012,5,31,0,92,6,126,940,26.240677,85.217654,1.0,0,0.0,0,0,3,19,1317,92.0,0,6,0.0,0,0.0,Communist Party of India - Maoist (CPI-Maoist)
6357,1980,3,11,0,97,10,262,3071,32.9,35.33333,3.0,1,0.0,1,0,2,17,3704,97.0,0,5,0.0,1,0.0,Palestinians
15800,1986,6,16,0,183,11,19,155,-25.412439,28.007093,1.0,0,0.0,1,0,3,4,291,183.0,0,6,3.0,1,0.0,African National Congress (South Africa)
51406,2012,3,21,0,69,8,17,132,48.856644,2.34233,1.0,0,0.0,1,0,3,7,260,93.0,1,6,0.0,1,0.0,Muslim extremists
18857,1988,2,1,0,69,8,136,1021,41.930607,8.742907,1.0,0,0.0,1,0,3,1,560,69.0,0,6,0.0,1,0.0,Corsican National Liberation Front (FLNC)
51068,2012,2,16,0,182,11,68,405,2.059819,45.326115,1.0,0,1.0,1,0,2,2,828,182.0,0,5,0.0,-9,0.0,Al-Shabaab
55588,2013,5,28,0,228,10,181,1557,16.887823,43.442872,3.0,0,0.0,1,0,7,1,1998,228.0,0,5,0.0,-9,0.0,Houthi extremists (Ansar Allah)
23106,1989,9,18,0,209,10,225,1811,37.246602,42.479458,1.0,1,0.0,1,0,2,3,562,209.0,0,5,9.0,1,0.0,Kurdistan Workers' Party (PKK)
21692,1989,3,17,0,160,5,392,24,12.367922,123.620761,4.0,0,0.0,1,0,1,2,3333,160.0,0,5,1.0,0,0.0,New People's Army (NPA)
11361,1984,1,6,0,145,2,445,2885,13.00583,-87.50278,1.0,0,0.0,1,0,3,11,3540,145.0,0,5,1.0,1,0.0,Nicaraguan Democratic Force (FDN)
32425,1994,2,7,0,45,3,367,2490,7.062532,-73.085812,1.0,0,0.0,1,0,3,2,3145,45.0,0,6,0.0,1,0.0,National Liberation Army of Colombia (ELN)
15996,1986,7,25,0,92,6,339,24,31.147131,75.341218,4.0,0,0.0,1,0,2,19,4286,92.0,0,5,15.0,1,0.0,Sikh Extremists
4814,1979,3,10,0,69,8,136,24,41.918891,8.737554,4.0,0,1.0,1,0,3,1,1088,69.0,0,6,0.0,1,0.0,Corsican National Liberation Front (FLNC)
58518,2014,2,13,0,45,3,363,3170,6.906659,-75.686928,3.0,0,0.0,1,0,3,19,549,45.0,0,6,0.0,1,0.0,Revolutionary Armed Forces of Colombia (FARC)
8800,1982,5,28,0,183,11,21,172,-25.439625,31.680998,1.0,0,0.0,1,0,3,21,318,183.0,0,6,0.0,1,0.0,African National Congress (South Africa)
18223,1987,10,7,0,92,6,339,24,31.147131,75.341218,4.0,0,1.0,1,0,1,14,4260,92.0,0,5,1.0,0,0.0,Sikh Extremists
77565,2016,11,15,1,147,11,122,1305,8.658925,7.259186,2.0,0,0.0,1,0,6,14,13,147.0,0,5,1.0,1,1.0,Fulani extremists
35603,1996,8,27,0,45,3,363,3174,7.02104,-75.90933,1.0,0,0.0,1,0,3,14,205,45.0,0,6,0.0,1,0.0,Revolutionary Armed Forces of Colombia (FARC)
15719,1986,6,8,0,159,3,277,2111,-11.967368,-76.978462,1.0,0,0.0,1,0,3,14,4101,159.0,0,6,1.0,1,0.0,Shining Path (SL)
66737,2015,4,4,0,45,3,360,2563,8.412236,-72.457974,1.0,0,0.0,1,0,3,3,162,45.0,0,6,3.0,0,0.0,National Liberation Army of Colombia (ELN)
26896,1991,3,16,0,185,8,86,518,43.291618,-1.977903,1.0,0,0.0,1,0,3,3,975,185.0,0,6,1.0,1,0.0,Basque Fatherland and Freedom (ETA)
39478,2001,8,30,0,45,3,471,3180,1.90967,-75.15906,1.0,1,0.0,1,0,1,2,3992,45.0,0,5,1.0,0,0.0,Revolutionary Armed Forces of Colombia (FARC)
54719,2013,2,26,0,95,10,34,271,33.573486,44.547424,1.0,0,0.0,1,0,3,14,486,95.0,0,6,4.0,1,0.0,Al-Qaida in Iraq
32641,1994,3,14,0,159,3,277,2111,-11.967368,-76.978462,1.0,0,0.0,1,0,3,10,4083,159.0,0,6,0.0,1,0.0,Shining Path (SL)
45580,2008,10,3,0,92,6,127,786,24.128611,84.185712,3.0,0,0.0,1,0,3,16,1404,92.0,0,6,0.0,1,0.0,Communist Party of India - Maoist (CPI-Maoist)
10393,1983,6,18,0,145,2,438,2976,12.961756,-86.344276,1.0,0,0.0,1,0,2,4,1762,145.0,0,5,10.0,1,0.0,Nicaraguan Democratic Force (FDN)
51014,2012,2,7,0,92,6,128,2172,18.583752,80.769661,1.0,0,0.0,1,0,2,1,2888,92.0,0,5,0.0,1,0.0,Maoists
18410,1987,11,6,0,61,2,150,1191,13.716667,-89.233333,1.0,0,1.0,1,0,3,21,1764,61.0,0,6,0.0,1,0.0,Farabundo Marti National Liberation Front (FMLN)
18540,1987,11,28,0,69,8,136,1030,42.567651,8.757222,1.0,0,0.0,1,0,2,2,1569,69.0,0,8,0.0,1,0.0,Corsican National Liberation Front (FLNC)
9177,1982,9,23,0,185,8,86,543,43.222177,-2.885668,1.0,0,0.0,1,0,3,21,1126,185.0,0,6,0.0,1,0.0,Basque Fatherland and Freedom (ETA)
75637,2016,7,26,0,209,10,234,1833,38.292876,41.022436,1.0,1,0.0,1,0,3,4,48,209.0,0,6,1.0,1,0.0,Kurdistan Workers' Party (PKK)
5498,1979,8,26,0,97,10,458,3037,31.771599,35.2034,1.0,0,0.0,1,0,3,1,3744,97.0,0,6,1.0,1,0.0,Palestinians
63794,2014,11,2,0,147,11,119,1411,5.787297,6.459671,1.0,0,0.0,1,0,6,14,1932,147.0,0,5,1.0,1,1.0,Fulani extremists
81120,2017,6,26,0,209,10,251,1906,38.955652,40.036222,3.0,0,0.0,1,0,2,4,48,209.0,0,5,1.0,0,0.0,Kurdistan Workers' Party (PKK)
72113,2016,1,6,0,200,10,199,1766,36.380825,38.178571,1.0,1,0.0,1,0,3,21,2327,200.0,0,6,7.0,-9,0.0,Islamic State of Iraq and the Levant (ISIL)
67416,2015,5,6,0,228,10,48,310,12.825647,44.846416,1.0,0,0.0,1,0,3,11,1999,228.0,0,6,86.0,1,0.0,Houthi extremists (Ansar Allah)
55174,2013,4,18,0,228,10,58,339,13.063399,44.880882,1.0,0,0.0,1,0,3,4,559,228.0,0,6,0.0,1,0.0,Al-Qaida in the Arabian Peninsula (AQAP)
70261,2015,9,22,0,147,11,171,1296,10.326373,6.656488,1.0,0,0.0,1,0,2,14,1230,147.0,0,5,35.0,1,0.0,Fulani extremists
77145,2016,10,22,0,60,10,291,2413,31.163713,33.955925,1.0,1,0.0,0,0,3,4,0,60.0,0,6,1.0,0,0.0,Muslim extremists
64555,2014,12,18,0,45,3,369,2574,7.027336,-71.428494,3.0,0,0.0,1,0,2,4,3263,45.0,0,5,2.0,0,0.0,National Liberation Army of Colombia (ELN)
19135,1988,3,14,0,92,6,339,3486,31.140927,76.314519,1.0,0,0.0,1,0,1,14,4370,92.0,0,5,4.0,0,0.0,Sikh Extremists
59275,2014,3,28,0,182,11,66,415,1.730877,44.625446,1.0,1,0.0,1,0,3,4,818,182.0,0,6,11.0,1,0.0,Al-Shabaab
43677,2007,4,12,0,209,10,233,1897,39.309931,40.34977,1.0,0,0.0,1,0,3,4,2422,209.0,0,6,0.0,-9,0.0,Kurdistan Workers' Party (PKK)
77928,2016,12,6,0,160,5,9,2103,6.463884,124.861177,1.0,0,0.0,1,0,7,1,1464,160.0,0,5,0.0,1,0.0,New People's Army (NPA)
48357,2010,7,14,0,228,10,52,329,13.129726,45.385571,1.0,0,1.0,1,0,3,2,710,228.0,0,5,2.0,1,0.0,Al-Qaida in the Arabian Peninsula (AQAP)
48684,2010,9,22,0,153,6,353,3722,34.006004,71.53743,1.0,1,1.0,1,0,3,8,4621,153.0,0,6,0.0,1,0.0,Tehrik-i-Taliban Pakistan (TTP)
18932,1988,2,12,0,183,11,19,137,-26.184113,28.033232,1.0,0,0.0,0,0,1,3,344,183.0,0,5,0.0,0,0.0,African National Congress (South Africa)
61923,2014,7,29,0,160,5,394,2667,7.837468,125.611574,2.0,0,0.0,1,0,3,4,3360,160.0,0,6,2.0,0,0.0,New People's Army (NPA)
65312,2015,1,23,0,147,11,108,667,11.885962,12.801891,1.0,0,0.0,1,0,2,14,27,147.0,0,5,15.0,1,0.0,Boko Haram
24712,1990,4,12,0,43,3,271,2099,-33.366238,-70.505302,1.0,0,0.0,1,0,3,2,2713,43.0,0,6,0.0,1,0.0,Manuel Rodriguez Patriotic Front (FPMR)
20438,1988,10,5,0,43,3,271,2099,-33.366238,-70.505302,1.0,0,0.0,0,0,3,1,2781,43.0,0,6,1.0,1,0.0,Manuel Rodriguez Patriotic Front (FPMR)
67522,2015,5,11,0,228,10,60,1562,13.555918,44.016965,1.0,0,0.0,1,0,3,14,27,228.0,0,6,0.0,-9,0.0,Houthi extremists (Ansar Allah)
5906,1979,12,2,0,45,3,378,3151,3.99759,-74.4995,2.0,0,0.0,1,0,6,14,205,45.0,0,5,7.0,1,1.0,Revolutionary Armed Forces of Colombia (FARC)
38496,2000,10,12,1,59,3,470,3159,-0.879091,-76.085601,4.0,0,0.0,1,0,6,1,3892,999.0,0,5,0.0,0,1.0,Revolutionary Armed Forces of Colombia (FARC)
21913,1989,4,15,0,43,3,271,2099,-33.366238,-70.505302,1.0,0,0.0,1,0,2,3,2799,43.0,0,5,0.0,1,0.0,Manuel Rodriguez Patriotic Front (FPMR)
61639,2014,7,17,0,45,3,362,24,1.637898,-77.745208,4.0,0,0.0,1,0,6,2,3991,45.0,0,6,0.0,1,1.0,Revolutionary Armed Forces of Colombia (FARC)
75959,2016,8,13,0,200,10,199,2349,36.201721,37.14352,1.0,0,1.0,1,0,3,14,926,200.0,0,6,3.0,-9,0.0,Muslim extremists
31943,1992,12,3,0,69,8,136,24,41.918891,8.737554,4.0,0,1.0,1,0,3,2,560,69.0,0,6,0.0,1,0.0,Corsican National Liberation Front (FLNC)
14914,1985,12,15,0,183,11,26,163,-22.351154,30.039773,1.0,1,0.0,1,0,1,14,13,183.0,0,6,1.0,0,0.0,African National Congress (South Africa)
45863,2008,12,15,0,153,6,534,3746,33.528893,71.056122,1.0,0,0.0,1,0,6,14,13,153.0,0,5,1.0,1,1.0,Tehrik-i-Taliban Pakistan (TTP)
80236,2017,5,15,0,160,5,16,83,9.783552,124.301971,1.0,0,1.0,1,0,6,14,165,160.0,0,5,0.0,0,1.0,Abu Sayyaf Group (ASG)
21714,1989,3,19,0,92,6,339,24,31.147131,75.341218,4.0,0,0.0,1,0,2,3,562,92.0,0,5,1.0,1,0.0,Sikh Extremists
38067,2000,5,17,0,186,6,218,1975,7.733107,81.68882,1.0,0,0.0,1,0,3,3,2533,186.0,0,6,29.0,-9,0.0,Liberation Tigers of Tamil Eelam (LTTE)
51794,2012,4,28,0,228,10,58,339,13.148959,44.85055,1.0,0,0.0,1,0,1,2,92,228.0,0,5,1.0,0,0.0,Al-Qaida in the Arabian Peninsula (AQAP)
49696,2011,5,27,0,147,11,108,708,11.151905,12.758704,1.0,0,1.0,1,0,2,3,576,147.0,0,6,6.0,1,0.0,Boko Haram
15784,1986,6,14,0,159,3,277,2111,-11.967368,-76.978462,1.0,0,1.0,1,0,3,14,4792,159.0,0,6,0.0,1,0.0,Tupac Amaru Revolutionary Movement (MRTA)
73186,2016,3,4,0,95,10,32,270,33.403057,43.911865,1.0,1,1.0,0,1,3,4,524,95.0,0,6,2.0,0,0.0,Islamic State of Iraq and the Levant (ISIL)
12479,1984,7,13,0,159,3,477,3353,-13.849845,-73.950661,1.0,0,0.0,1,0,2,14,4175,159.0,0,5,1.0,1,0.0,Shining Path (SL)
25682,1990,8,21,0,185,8,86,562,43.353607,-2.907457,1.0,0,0.0,0,0,3,1,1085,185.0,0,6,1.0,1,0.0,Basque Fatherland and Freedom (ETA)
49461,2011,3,29,0,95,10,36,273,34.621521,43.668377,1.0,0,0.0,1,1,3,2,565,95.0,0,6,68.0,1,0.0,Al-Qaida in Iraq
76849,2016,10,5,0,200,10,199,2349,36.201721,37.14352,1.0,0,1.0,1,0,3,14,810,200.0,0,6,0.0,-9,0.0,Muslim extremists
61198,2014,7,2,0,160,5,12,2778,8.3061,125.093932,1.0,0,0.0,1,0,1,2,3452,160.0,0,5,1.0,1,0.0,New People's Army (NPA)
50066,2011,9,13,0,153,6,353,3722,34.006004,71.53743,1.0,0,0.0,1,0,2,14,13,153.0,0,6,5.0,1,0.0,Tehrik-i-Taliban Pakistan (TTP)
78557,2017,1,20,0,4,6,507,3558,31.619314,65.050156,1.0,0,1.0,1,0,2,3,93,4.0,0,5,22.0,-9,0.0,Taliban
33204,1994,6,30,0,155,10,456,24,31.995965,35.27111,4.0,1,0.0,0,0,1,14,3787,97.0,0,9,0.0,0,0.0,Palestinians
46045,2009,1,20,0,186,6,218,1975,7.733107,81.68882,1.0,0,0.0,1,0,2,14,2554,186.0,0,5,1.0,0,0.0,Liberation Tigers of Tamil Eelam (LTTE)
11174,1983,11,28,0,45,3,367,2493,7.116294,-73.120026,1.0,0,1.0,1,0,3,15,2773,45.0,0,6,0.0,1,0.0,National Liberation Army of Colombia (ELN)
4813,1979,3,10,0,69,8,136,24,41.918891,8.737554,4.0,0,1.0,1,0,3,1,1088,69.0,0,6,0.0,1,0.0,Corsican National Liberation Front (FLNC)
61934,2014,7,29,0,214,9,146,1076,47.981647,37.762325,1.0,0,0.0,1,0,3,2,1699,214.0,0,6,1.0,1,0.0,Donetsk People's Republic
16149,1986,9,1,0,43,3,271,2099,-33.366238,-70.505302,1.0,0,1.0,1,0,7,19,56,43.0,0,8,0.0,1,0.0,Manuel Rodriguez Patriotic Front (FPMR)
9975,1983,3,24,0,110,10,359,3094,33.266151,35.214058,1.0,0,0.0,1,0,3,4,3767,97.0,0,6,1.0,1,0.0,Palestinians
4634,1979,1,20,0,185,8,86,524,43.291618,-1.977903,1.0,0,0.0,0,0,1,2,1056,185.0,0,6,0.0,0,0.0,Basque Fatherland and Freedom (ETA)
40016,2002,5,2,0,45,3,363,2525,6.43711,-75.3313,1.0,0,0.0,1,0,2,19,3205,45.0,0,8,0.0,1,0.0,National Liberation Army of Colombia (ELN)
77958,2016,12,8,1,121,5,13,64,5.024206,118.330746,1.0,1,0.0,1,0,6,11,156,160.0,0,5,3.0,1,1.0,Abu Sayyaf Group (ASG)
76664,2016,9,23,0,153,6,427,3780,34.711784,71.171524,1.0,0,1.0,0,0,2,4,2901,153.0,0,5,0.0,0,0.0,Tehrik-i-Taliban Pakistan (TTP)
15032,1986,1,16,0,159,3,277,2111,-11.967368,-76.978462,1.0,0,0.0,1,0,5,10,4774,159.0,0,5,0.0,1,1.0,Tupac Amaru Revolutionary Movement (MRTA)
76777,2016,10,1,0,228,10,60,1537,12.765967,43.5174,3.0,0,0.0,1,0,3,4,1980,422.0,0,6,0.0,1,0.0,Houthi extremists (Ansar Allah)
76406,2016,9,12,0,228,10,60,353,13.586484,44.024105,1.0,0,0.0,1,0,3,14,1977,228.0,0,6,1.0,1,0.0,Houthi extremists (Ansar Allah)
55284,2013,4,28,0,4,6,322,3611,34.328694,70.407547,3.0,0,0.0,1,0,3,4,162,422.0,0,6,4.0,1,0.0,Taliban
7407,1981,2,24,0,97,10,327,3070,32.143792,35.496129,1.0,0,0.0,1,0,3,1,3701,97.0,0,6,1.0,1,0.0,Palestinians
29015,1991,11,15,0,603,8,190,1609,54.607712,-5.95621,1.0,0,1.0,0,0,7,1,2132,233.0,0,8,0.0,1,0.0,Irish Republican Army (IRA)
6972,1980,9,11,0,185,8,86,24,43.07563,-2.223667,4.0,0,0.0,0,0,3,2,1045,185.0,0,6,0.0,1,0.0,Basque Fatherland and Freedom (ETA)
11372,1984,1,8,0,145,2,445,2885,13.00583,-87.50278,1.0,0,0.0,1,0,3,11,3540,145.0,0,5,1.0,1,0.0,Nicaraguan Democratic Force (FDN)
60762,2014,6,10,0,214,9,146,1092,48.785413,37.599078,4.0,0,0.0,1,0,2,4,1708,214.0,0,5,1.0,1,0.0,Donetsk People's Republic
45633,2008,10,19,0,15,8,254,1913,47.80949,13.05501,1.0,0,0.0,1,0,7,7,2436,209.0,0,9,0.0,-9,0.0,Kurdistan Workers' Party (PKK)
36254,1997,4,21,0,186,6,218,1993,7.921328,81.52467,1.0,0,0.0,1,0,2,3,1654,186.0,0,5,1.0,0,0.0,Liberation Tigers of Tamil Eelam (LTTE)
66035,2015,2,25,0,147,11,108,721,12.081777,14.467963,2.0,0,1.0,1,0,2,14,1259,147.0,0,5,1.0,-9,0.0,Boko Haram
27454,1991,6,3,0,603,8,190,1644,54.647865,-6.618718,1.0,0,0.0,1,0,2,3,562,233.0,0,5,3.0,1,0.0,Irish Republican Army (IRA)
10857,1983,9,21,0,92,6,339,3419,31.326015,75.576183,1.0,0,0.0,1,0,3,15,4257,92.0,0,6,1.0,1,0.0,Sikh Extremists
13498,1985,3,15,0,61,2,154,1200,13.561416,-88.687385,1.0,0,0.0,1,0,2,3,1801,61.0,0,5,3.0,1,0.0,Farabundo Marti National Liberation Front (FMLN)
73354,2016,3,13,0,147,11,167,1293,7.732297,9.210412,2.0,0,1.0,1,0,2,14,27,147.0,0,5,1.0,1,0.0,Fulani extremists
4811,1979,3,10,0,69,8,136,24,41.918891,8.737554,4.0,0,1.0,1,0,3,1,1088,69.0,0,6,0.0,1,0.0,Corsican National Liberation Front (FLNC)
44694,2008,4,2,0,95,10,34,250,33.74324,44.623825,1.0,0,0.0,1,0,3,14,498,95.0,0,6,0.0,1,0.0,Al-Qaida in Iraq
51273,2012,3,6,0,147,11,108,614,11.655408,13.412932,1.0,0,1.0,1,0,3,15,1208,147.0,0,6,0.0,1,0.0,Boko Haram
25451,1990,7,25,0,159,3,492,3863,-5.902332,-76.120399,1.0,0,0.0,1,0,2,14,4820,159.0,0,5,2.0,1,0.0,Tupac Amaru Revolutionary Movement (MRTA)
9878,1983,3,2,0,45,3,471,3203,2.113188,-74.769206,1.0,0,0.0,1,0,2,4,1762,45.0,0,5,5.0,1,0.0,Revolutionary Armed Forces of Colombia (FARC)
20961,1988,12,15,0,61,2,159,1207,13.344322,-88.437463,1.0,0,1.0,1,0,3,1,1846,61.0,0,6,0.0,1,0.0,Farabundo Marti National Liberation Front (FMLN)
73748,2016,4,7,0,182,11,74,24,4.483825,45.345751,4.0,0,0.0,1,0,3,4,228,422.0,0,6,1.0,-9,0.0,Al-Shabaab
60808,2014,6,13,0,182,11,69,450,3.810951,43.246506,1.0,0,0.0,1,0,7,4,859,422.0,0,5,1.0,-9,0.0,Al-Shabaab
12359,1984,6,21,0,43,3,271,2099,-33.366238,-70.505302,1.0,0,0.0,1,0,4,19,2754,43.0,0,5,1.0,1,1.0,Manuel Rodriguez Patriotic Front (FPMR)
37465,1999,7,1,0,186,6,262,2077,9.675413,80.126109,1.0,0,0.0,1,0,3,4,2610,186.0,0,6,3.0,1,0.0,Liberation Tigers of Tamil Eelam (LTTE)
69230,2015,8,1,0,4,6,518,3568,35.761476,68.9166,2.0,0,1.0,1,0,7,15,215,4.0,0,8,0.0,1,0.0,Taliban
9214,1982,10,3,0,61,2,152,1192,13.719546,-88.360633,1.0,0,0.0,1,0,2,4,1762,61.0,0,5,1.0,1,0.0,Farabundo Marti National Liberation Front (FMLN)
45703,2008,11,4,0,92,6,133,845,18.286666,82.586806,1.0,0,0.0,1,0,7,14,1429,92.0,0,8,0.0,1,0.0,Communist Party of India - Maoist (CPI-Maoist)
41394,2004,5,17,0,141,6,266,2259,27.709889,85.870155,1.0,0,0.0,1,0,3,14,2946,141.0,0,6,3.0,0,0.0,Maoists
75189,2016,6,27,0,147,11,167,1448,7.689167,9.250278,2.0,0,1.0,1,0,2,14,27,147.0,0,5,1.0,0,0.0,Fulani extremists
41860,2005,3,13,0,69,8,136,1021,41.930607,8.742907,1.0,0,0.0,1,0,3,1,1584,69.0,0,6,0.0,1,0.0,Corsican National Liberation Front (FLNC)
12724,1984,9,2,0,145,2,437,2974,13.683333,-86.7,1.0,0,0.0,1,0,2,4,1762,145.0,0,5,4.0,1,0.0,Nicaraguan Democratic Force (FDN)
7660,1981,5,15,0,185,8,86,531,43.090476,-2.31322,1.0,0,0.0,1,0,3,21,1107,185.0,0,6,0.0,1,0.0,Basque Fatherland and Freedom (ETA)
46066,2009,1,26,0,153,6,427,2759,32.901089,69.749405,1.0,0,0.0,1,0,2,14,3437,160.0,0,5,1.0,0,0.0,New People's Army (NPA)
23782,1989,11,26,0,43,3,271,2099,-33.366238,-70.505302,1.0,0,0.0,1,0,3,10,2794,43.0,0,6,0.0,1,0.0,Manuel Rodriguez Patriotic Front (FPMR)
28456,1991,9,24,0,159,3,477,3278,-13.152712,-74.218628,1.0,0,1.0,1,0,3,21,1813,159.0,0,6,0.0,1,0.0,Shining Path (SL)
19105,1988,3,10,0,43,3,271,2099,-33.366238,-70.505302,1.0,0,0.0,1,0,3,14,2789,43.0,0,6,0.0,1,0.0,Manuel Rodriguez Patriotic Front (FPMR)
15037,1986,1,18,0,183,11,18,206,-29.830168,30.924528,1.0,0,0.0,1,0,3,21,266,183.0,0,6,0.0,1,0.0,African National Congress (South Africa)
58663,2014,2,21,0,160,5,402,2697,6.154806,125.29006,1.0,0,0.0,1,0,2,4,3383,160.0,0,5,1.0,1,0.0,New People's Army (NPA)
24890,1990,5,8,0,92,6,339,3474,30.475,74.515,1.0,0,0.0,1,0,1,14,4354,92.0,0,5,2.0,0,0.0,Sikh Extremists
17426,1987,6,13,0,92,6,494,3404,28.585836,77.153336,1.0,0,0.0,1,0,1,14,4287,92.0,0,5,2.0,0,0.0,Sikh Extremists
73057,2016,2,25,0,160,5,411,2712,9.34203,125.516331,1.0,0,0.0,1,0,7,1,2963,160.0,0,8,0.0,1,0.0,New People's Army (NPA)
35615,1996,8,29,0,186,6,261,2035,6.725196,79.918392,1.0,0,0.0,1,0,2,3,2184,186.0,0,5,29.0,1,0.0,Liberation Tigers of Tamil Eelam (LTTE)
10878,1983,9,27,0,145,2,437,2858,13.746389,-86.709722,1.0,0,0.0,0,0,3,19,3553,145.0,0,6,0.0,0,0.0,Nicaraguan Democratic Force (FDN)
77435,2016,11,8,0,228,10,54,334,14.360278,47.341944,1.0,0,0.0,1,0,3,14,664,228.0,0,6,2.0,1,0.0,Al-Qaida in the Arabian Peninsula (AQAP)
72658,2016,2,4,0,160,5,1,6,5.97972,121.054829,1.0,0,1.0,0,0,3,20,6,160.0,0,6,0.0,0,0.0,Abu Sayyaf Group (ASG)
77223,2016,10,27,0,173,10,184,1522,16.893194,42.57526,1.0,0,0.0,1,0,3,14,1747,173.0,0,6,0.0,0,0.0,Houthi extremists (Ansar Allah)
15399,1986,3,26,0,183,11,19,185,-26.355773,28.208044,1.0,0,0.0,1,0,3,3,267,183.0,0,6,1.0,1,0.0,African National Congress (South Africa)
55466,2013,5,17,0,4,6,509,3574,32.37001,62.128456,1.0,1,0.0,1,0,2,3,4513,4.0,0,5,1.0,1,0.0,Taliban
35403,1996,6,19,0,185,8,86,518,43.291618,-1.977903,1.0,0,0.0,1,0,3,1,1073,185.0,0,6,0.0,1,0.0,Basque Fatherland and Freedom (ETA)
31930,1992,12,1,0,209,10,244,1864,40.039118,43.659959,1.0,0,0.0,1,0,2,14,2386,209.0,0,5,8.0,1,0.0,Kurdistan Workers' Party (PKK)
62661,2014,9,9,0,147,11,124,1429,12.404778,6.614351,1.0,0,1.0,1,0,6,14,27,147.0,0,5,1.0,1,1.0,Fulani extremists
14932,1985,12,20,0,183,11,26,163,-22.351154,30.039773,1.0,0,0.0,1,0,3,4,291,183.0,0,6,6.0,1,0.0,African National Congress (South Africa)
42034,2005,5,20,0,186,6,267,2022,6.906671,81.559293,1.0,0,0.0,1,0,3,3,2534,186.0,0,6,0.0,1,0.0,Liberation Tigers of Tamil Eelam (LTTE)
20081,1988,8,2,0,159,3,277,2111,-11.967368,-76.978462,1.0,0,0.0,1,0,3,1,560,159.0,0,6,0.0,1,0.0,Tupac Amaru Revolutionary Movement (MRTA)
60052,2014,5,9,1,228,10,53,315,15.325443,44.211895,1.0,0,0.0,1,0,6,4,20,228.0,0,5,8.0,-9,1.0,Al-Qaida in the Arabian Peninsula (AQAP)
10411,1983,6,23,0,61,2,151,1241,14.135781,-89.029769,1.0,0,0.0,1,0,1,14,1854,61.0,0,5,1.0,0,0.0,Farabundo Marti National Liberation Front (FMLN)
18977,1988,2,17,0,43,3,276,2110,-35.43058,-71.65762,1.0,0,0.0,1,0,3,21,2695,43.0,0,6,0.0,1,0.0,Manuel Rodriguez Patriotic Front (FPMR)
30978,1992,8,13,0,155,10,327,3042,31.346964,34.30143,1.0,0,0.0,0,0,1,14,3638,155.0,0,5,0.0,0,0.0,Palestinians
34473,1995,7,30,0,75,8,193,1850,51.482917,7.211808,1.0,0,0.0,1,0,7,1,2375,209.0,0,8,0.0,1,0.0,Kurdistan Workers' Party (PKK)
77171,2016,10,23,0,147,11,118,1430,9.765259,8.85971,2.0,0,0.0,1,0,2,3,1936,147.0,0,5,1.0,0,0.0,Fulani extremists
20875,1988,12,5,0,43,3,275,2107,-38.734133,-72.584651,1.0,0,0.0,1,0,3,21,1813,43.0,0,6,0.0,1,0.0,Manuel Rodriguez Patriotic Front (FPMR)
63084,2014,9,27,0,214,9,146,1100,48.595274,37.699326,1.0,1,1.0,1,0,2,4,20,214.0,0,5,0.0,0,0.0,Donetsk People's Republic
66822,2015,4,4,0,4,6,516,3563,35.571247,64.429814,2.0,0,1.0,1,0,2,3,20,4.0,0,5,1.0,0,0.0,Taliban
13338,1985,1,28,0,159,3,478,3280,-10.680652,-76.259918,1.0,0,0.0,1,0,3,21,4063,159.0,0,6,1.0,1,0.0,Shining Path (SL)
63881,2014,11,8,0,95,10,42,1753,33.07835,44.254719,1.0,0,0.0,1,0,3,3,12,95.0,0,6,1.0,0,0.0,Islamic State of Iraq and the Levant (ISIL)
20213,1988,8,26,0,186,6,218,1977,7.301756,81.67473,3.0,0,0.0,1,0,1,14,2549,186.0,0,9,10.0,0,0.0,Liberation Tigers of Tamil Eelam (LTTE)
22675,1989,8,8,0,92,6,339,3438,31.560363,75.028988,3.0,0,0.0,1,0,2,3,562,92.0,0,5,1.0,1,0.0,Sikh Extremists
61164,2014,6,30,0,214,9,146,1114,48.850691,37.608076,2.0,1,0.0,1,0,2,4,20,214.0,0,5,3.0,-9,0.0,Donetsk People's Republic
83231,2017,11,24,0,182,11,66,412,2.14383,45.118061,1.0,0,0.0,1,0,3,4,12,182.0,0,6,3.0,1,0.0,Al-Shabaab
67417,2015,5,6,0,228,10,48,310,12.825647,44.846416,1.0,0,0.0,1,0,2,17,347,228.0,0,5,1.0,0,0.0,Houthi extremists (Ansar Allah)
24446,1990,3,18,1,92,6,339,3412,31.633078,74.878288,1.0,0,0.0,1,0,6,14,4357,92.0,0,5,5.0,0,1.0,Sikh Extremists
12144,1984,5,1,0,159,3,277,2111,-11.967368,-76.978462,1.0,0,0.0,0,0,1,3,4114,159.0,0,5,0.0,0,0.0,Shining Path (SL)
26533,1991,1,14,0,159,3,277,2111,-11.967368,-76.978462,1.0,0,0.0,1,0,3,2,4788,159.0,0,6,1.0,1,0.0,Tupac Amaru Revolutionary Movement (MRTA)
53927,2012,11,26,0,153,6,301,2363,33.671638,73.056068,1.0,0,0.0,0,0,3,10,4602,153.0,0,6,0.0,0,0.0,Tehrik-i-Taliban Pakistan (TTP)
6598,1980,5,11,0,97,10,458,3037,31.771599,35.2034,1.0,0,0.0,1,0,7,19,1153,97.0,0,8,1.0,1,0.0,Palestinians
53258,2012,9,11,0,228,10,53,315,15.325443,44.211895,1.0,0,0.0,0,0,1,2,737,228.0,0,6,12.0,-9,0.0,Al-Qaida in the Arabian Peninsula (AQAP)
19951,1988,7,15,0,183,11,19,134,-26.31468,27.828306,1.0,0,0.0,0,0,3,2,364,183.0,0,6,0.0,1,0.0,African National Congress (South Africa)
21298,1989,1,31,0,160,5,6,24,6.633477,124.600515,4.0,0,0.0,1,0,2,4,732,160.0,0,5,4.0,1,0.0,New People's Army (NPA)
27329,1991,5,22,0,61,2,148,24,13.864829,-88.7494,4.0,0,1.0,1,0,3,21,1761,61.0,0,6,0.0,1,0.0,Farabundo Marti National Liberation Front (FMLN)
56724,2013,9,9,0,228,10,48,310,12.83672,44.922062,1.0,0,0.0,0,0,3,2,659,228.0,0,6,0.0,0,0.0,Al-Qaida in the Arabian Peninsula (AQAP)
5370,1979,7,7,0,97,10,262,3097,32.811988,35.259513,1.0,0,0.0,1,0,3,14,3778,97.0,0,6,1.0,1,0.0,Palestinians
60520,2014,5,29,0,93,5,331,2417,-7.68892,110.348754,3.0,0,1.0,1,0,2,14,3078,93.0,0,9,0.0,1,0.0,Muslim extremists
58989,2014,3,11,0,147,11,123,1424,11.55106,7.021365,1.0,0,1.0,1,0,2,14,27,147.0,0,5,40.0,1,0.0,Fulani extremists
53990,2012,12,5,0,153,6,427,3743,32.306099,69.579956,1.0,0,0.0,1,1,3,4,4695,153.0,0,6,5.0,1,0.0,Tehrik-i-Taliban Pakistan (TTP)
53285,2012,9,16,0,228,10,50,319,14.54397,49.12458,1.0,1,1.0,1,0,3,4,48,228.0,0,6,1.0,1,0.0,Al-Qaida in the Arabian Peninsula (AQAP)
15082,1986,1,22,0,61,2,159,1202,13.483333,-88.466667,1.0,0,1.0,1,0,3,21,1803,61.0,0,6,0.0,1,0.0,Farabundo Marti National Liberation Front (FMLN)
22231,1989,5,29,0,159,3,483,2776,-9.120146,-78.194114,1.0,0,0.0,1,0,2,14,4099,159.0,0,5,6.0,1,0.0,Shining Path (SL)
31537,1992,10,20,0,209,10,225,1832,37.522653,42.452637,1.0,0,0.0,1,0,2,19,2390,209.0,0,8,1.0,1,0.0,Kurdistan Workers' Party (PKK)
28234,1991,8,24,0,97,10,458,3044,31.783739,35.160804,1.0,0,0.0,0,0,3,14,3642,97.0,0,6,0.0,1,0.0,Palestinians
74350,2016,5,11,0,123,11,169,2348,16.272278,-0.048965,1.0,1,0.0,1,0,3,4,162,123.0,0,6,2.0,1,0.0,Muslim extremists
34291,1995,5,28,0,45,3,378,3177,4.21557,-73.81502,1.0,0,0.0,1,0,2,19,3916,45.0,0,5,2.0,1,1.0,Revolutionary Armed Forces of Colombia (FARC)
78956,2017,2,14,0,160,5,404,2708,9.617466,125.40209,1.0,1,0.0,0,0,2,2,3391,160.0,0,5,0.0,0,0.0,New People's Army (NPA)
27525,1991,6,12,0,159,3,277,2111,-11.967368,-76.978462,1.0,0,1.0,1,0,3,1,766,159.0,0,6,0.0,1,0.0,Tupac Amaru Revolutionary Movement (MRTA)
23290,1989,10,4,1,159,3,277,2111,-11.967368,-76.978462,1.0,0,0.0,1,0,6,10,4787,159.0,0,5,1.0,0,1.0,Tupac Amaru Revolutionary Movement (MRTA)
46402,2009,4,16,0,92,6,126,954,24.795821,85.00252,2.0,0,0.0,1,0,2,2,1473,92.0,0,5,2.0,-9,0.0,Communist Party of India - Maoist (CPI-Maoist)
15653,1986,5,22,0,159,3,475,3316,-12.068306,-75.210163,3.0,0,0.0,1,0,3,1,4776,159.0,0,6,0.0,1,0.0,Tupac Amaru Revolutionary Movement (MRTA)
64636,2015,1,1,0,28,9,297,2357,45.183961,15.828342,1.0,0,0.0,1,0,2,15,3029,28.0,0,9,0.0,0,0.0,Muslim extremists
42199,2005,7,19,0,95,10,33,248,33.303566,44.371773,1.0,0,0.0,1,0,1,2,585,95.0,0,5,3.0,-9,0.0,Al-Qaida in Iraq
3128,1977,2,24,0,183,11,19,178,-26.141151,28.427501,1.0,0,0.0,1,0,3,3,267,183.0,0,6,0.0,1,0.0,African National Congress (South Africa)
33597,1994,11,1,0,209,10,226,1821,37.562515,44.293677,3.0,0,0.0,1,0,2,19,549,209.0,0,5,8.0,1,0.0,Kurdistan Workers' Party (PKK)
61625,2014,7,16,1,147,11,108,625,12.359468,14.210929,1.0,0,0.0,1,0,6,14,1216,147.0,0,5,1.0,0,1.0,Boko Haram
59677,2014,4,16,0,214,9,146,1075,47.117252,37.572659,1.0,0,0.0,1,0,7,4,577,214.0,0,5,3.0,1,0.0,Donetsk People's Republic
4962,1979,4,11,0,69,8,137,132,48.856644,2.34233,1.0,0,1.0,1,0,3,1,766,69.0,0,6,1.0,1,0.0,Corsican National Liberation Front (FLNC)
5205,1979,5,31,0,69,8,137,132,48.856644,2.34233,1.0,0,0.0,1,0,3,1,766,69.0,0,6,0.0,1,0.0,Corsican National Liberation Front (FLNC)
75744,2016,8,1,1,147,11,113,1412,9.349204,12.079094,2.0,0,0.0,1,0,2,14,27,147.0,0,5,15.0,1,-9.0,Fulani extremists
75415,2016,7,12,0,160,5,0,33,6.533689,122.166731,3.0,0,0.0,1,0,3,4,40,160.0,0,6,1.0,0,0.0,Abu Sayyaf Group (ASG)
77155,2016,10,22,0,92,6,127,2144,23.047112,84.541155,2.0,0,1.0,1,0,6,14,2864,92.0,0,5,1.0,0,1.0,Maoists
74072,2016,4,27,0,228,10,60,353,13.586484,44.024105,1.0,0,1.0,1,0,3,14,926,228.0,0,6,0.0,1,0.0,Houthi extremists (Ansar Allah)
68079,2015,6,5,0,173,10,61,24,17.567896,44.233563,4.0,0,1.0,1,0,2,4,48,173.0,0,6,14.0,-9,0.0,Houthi extremists (Ansar Allah)
61622,2014,7,16,0,214,9,146,1097,48.327225,38.025673,1.0,1,0.0,1,0,3,4,1707,214.0,0,6,0.0,1,0.0,Donetsk People's Republic
78153,2016,12,22,0,153,6,334,3821,29.455788,67.08039,2.0,0,0.0,1,0,3,3,20,153.0,0,6,1.0,-9,0.0,Tehrik-i-Taliban Pakistan (TTP)
49000,2010,12,3,0,92,6,126,925,25.419187,86.131449,1.0,1,1.0,1,0,3,19,1447,92.0,0,6,0.0,1,0.0,Communist Party of India - Maoist (CPI-Maoist)
15758,1986,6,10,0,183,11,21,175,-27.365132,29.880845,1.0,1,0.0,1,0,3,1,326,183.0,0,6,0.0,1,0.0,African National Congress (South Africa)
12233,1984,5,16,0,137,11,22,146,-26.199643,32.138373,1.0,0,0.0,1,0,2,19,280,197.0,0,5,0.0,1,0.0,African National Congress (South Africa)
49193,2011,1,24,0,228,10,51,359,15.45639,45.324871,1.0,0,0.0,1,0,2,3,725,228.0,0,5,1.0,-9,0.0,Al-Qaida in the Arabian Peninsula (AQAP)
30384,1992,5,21,0,186,6,262,1981,8.980118,79.912462,3.0,0,0.0,1,0,2,4,12,186.0,0,5,6.0,1,0.0,Liberation Tigers of Tamil Eelam (LTTE)
76655,2016,9,22,0,92,6,128,836,18.860831,80.721442,3.0,0,0.0,1,0,3,3,2919,92.0,0,6,1.0,-9,0.0,Maoists
44823,2008,5,4,0,182,11,79,422,11.274796,49.179657,1.0,0,0.0,0,0,2,10,883,334.0,0,5,0.0,-9,0.0,Al-Shabaab
31892,1992,11,22,0,97,10,458,3037,31.771599,35.2034,1.0,0,0.0,0,0,1,8,3630,97.0,0,9,0.0,0,0.0,Palestinians
20873,1988,12,5,0,43,3,275,2107,-38.734133,-72.584651,1.0,0,1.0,1,0,3,21,2764,43.0,0,6,0.0,1,0.0,Manuel Rodriguez Patriotic Front (FPMR)
30983,1992,8,14,0,155,10,327,3042,31.346964,34.30143,1.0,0,0.0,1,0,1,14,3733,155.0,0,5,1.0,0,0.0,Palestinians
14647,1985,10,15,0,183,11,19,147,-25.718321,28.408798,1.0,0,0.0,1,0,3,3,275,183.0,0,6,0.0,1,0.0,African National Congress (South Africa)
24737,1990,4,16,0,209,10,228,1843,37.322219,40.728335,1.0,0,0.0,1,0,3,19,549,209.0,0,6,3.0,1,0.0,Kurdistan Workers' Party (PKK)
9758,1983,2,3,0,61,2,158,1242,13.716667,-88.116667,1.0,0,0.0,1,0,2,4,1762,61.0,0,5,1.0,1,0.0,Farabundo Marti National Liberation Front (FMLN)
12614,1984,8,10,0,185,8,86,548,43.267454,-2.020169,1.0,0,0.0,1,0,7,19,56,69.0,0,8,0.0,1,0.0,Basque Fatherland and Freedom (ETA)
10894,1983,10,1,0,88,2,454,2953,13.729643,-87.569391,1.0,0,0.0,1,0,2,4,1762,145.0,0,5,1.0,1,0.0,Nicaraguan Democratic Force (FDN)
50126,2011,9,29,0,182,11,68,405,2.059819,45.326115,1.0,1,0.0,1,0,2,14,886,182.0,0,9,0.0,0,0.0,Al-Shabaab
17287,1987,5,21,0,603,8,190,1640,54.289445,-5.834789,1.0,0,0.0,1,0,1,3,2122,233.0,0,5,1.0,0,0.0,Irish Republican Army (IRA)
8722,1982,5,5,0,155,10,327,1474,31.502407,34.459743,1.0,0,0.0,1,0,2,4,3731,97.0,0,8,1.0,1,0.0,Palestinians
23721,1989,11,16,0,45,3,367,2551,7.472906,-73.203699,3.0,0,0.0,1,0,3,4,162,45.0,0,6,5.0,1,0.0,National Liberation Army of Colombia (ELN)
52674,2012,7,23,0,95,10,36,263,34.881348,44.62513,1.0,0,1.0,1,0,3,14,13,95.0,0,6,0.0,-9,0.0,Al-Qaida in Iraq
35094,1996,2,22,0,185,8,86,512,43.258434,-2.921819,1.0,0,0.0,0,0,3,2,443,185.0,0,6,0.0,1,0.0,Basque Fatherland and Freedom (ETA)
30084,1992,4,10,0,603,8,49,1615,51.504387,-0.140041,1.0,0,0.0,1,0,3,14,2164,216.0,0,6,3.0,1,0.0,Irish Republican Army (IRA)
74622,2016,5,27,0,146,11,116,640,13.695975,13.322427,1.0,1,0.0,1,0,2,4,48,146.0,0,6,10.0,0,0.0,Boko Haram
55812,2013,6,22,0,159,3,480,3314,-12.677856,-72.622833,1.0,0,0.0,0,0,3,21,4118,159.0,0,6,0.0,0,0.0,Shining Path (SL)
4977,1979,4,16,0,97,10,262,3098,33.098946,35.288591,1.0,0,0.0,1,0,2,14,3783,97.0,0,5,1.0,1,0.0,Palestinians
55767,2013,6,17,0,4,6,512,24,34.014552,69.192392,4.0,0,0.0,1,0,3,4,48,4.0,0,6,2.0,0,0.0,Taliban
76195,2016,8,29,0,92,6,127,2246,24.210278,84.655278,2.0,1,0.0,0,0,3,20,6,92.0,0,6,0.0,0,0.0,Maoists
8589,1982,4,10,0,155,10,456,3090,31.716644,35.185665,1.0,0,0.0,1,0,2,3,3759,97.0,0,8,0.0,1,0.0,Palestinians
46783,2009,7,6,0,209,10,225,1811,37.248935,42.470654,1.0,0,0.0,1,0,3,19,2358,209.0,0,6,4.0,-9,0.0,Kurdistan Workers' Party (PKK)
73631,2016,4,1,0,182,11,66,427,1.808302,44.695141,1.0,1,0.0,1,0,2,4,162,182.0,0,6,1.0,1,0.0,Al-Shabaab
65163,2015,1,16,0,123,11,295,2356,14.457087,-4.917815,1.0,0,0.0,1,0,2,4,20,123.0,0,5,6.0,0,0.0,Muslim extremists
55475,2013,5,18,1,160,5,1,22,6.050458,121.012245,1.0,0,0.0,1,0,6,1,53,160.0,0,5,0.0,0,1.0,Abu Sayyaf Group (ASG)
13412,1985,2,21,0,159,3,277,2111,-11.967368,-76.978462,1.0,0,0.0,1,0,3,2,4089,159.0,0,6,0.0,1,0.0,Shining Path (SL)
50116,2011,9,27,0,92,6,131,828,18.815236,82.712102,1.0,0,0.0,1,0,2,14,1340,92.0,0,9,1.0,0,0.0,Communist Party of India - Maoist (CPI-Maoist)
43134,2006,7,6,0,4,6,513,3665,30.550198,63.78606,1.0,0,0.0,1,0,2,3,4528,4.0,0,5,0.0,-9,0.0,Taliban
53466,2012,10,8,0,92,6,128,2219,18.153452,81.508949,1.0,1,0.0,0,0,3,4,48,92.0,0,6,0.0,0,0.0,Maoists
38841,2001,1,26,0,185,8,86,519,43.170017,-2.575197,1.0,0,0.0,1,0,3,1,953,185.0,0,6,0.0,1,0.0,Basque Fatherland and Freedom (ETA)
25991,1990,10,18,0,159,3,277,2111,-11.967368,-76.978462,1.0,0,1.0,0,0,3,1,947,159.0,0,6,0.0,1,0.0,Shining Path (SL)
7789,1981,7,13,0,61,2,151,1177,13.938518,-88.901366,1.0,0,0.0,1,0,2,4,1788,61.0,0,5,1.0,1,0.0,Farabundo Marti National Liberation Front (FMLN)
82651,2017,10,7,0,160,5,415,2692,18.220096,121.827532,1.0,0,1.0,1,0,5,14,1230,160.0,0,5,0.0,1,1.0,New People's Army (NPA)
27362,1991,5,26,0,92,6,339,3419,31.326015,75.576183,1.0,1,0.0,1,0,2,3,562,92.0,0,5,4.0,1,0.0,Sikh Extremists
60187,2014,5,15,0,167,9,303,2393,42.98542,47.450668,1.0,0,0.0,1,0,2,3,12,167.0,0,5,3.0,0,0.0,Muslim extremists
13250,1985,1,10,0,145,2,444,1226,11.984997,-86.384759,1.0,1,0.0,1,0,3,21,3557,145.0,0,6,0.0,1,0.0,Nicaraguan Democratic Force (FDN)
76759,2016,9,30,0,200,10,199,2349,36.201721,37.14352,1.0,0,1.0,1,0,3,14,926,200.0,0,6,3.0,1,0.0,Muslim extremists
67343,2015,5,3,1,4,6,522,3557,36.781832,71.076543,3.0,0,1.0,1,0,2,3,20,4.0,0,5,1.0,1,-9.0,Taliban
26311,1990,12,11,0,186,6,262,2013,9.267091,80.814248,1.0,0,0.0,1,0,2,3,1788,186.0,0,5,8.0,1,0.0,Liberation Tigers of Tamil Eelam (LTTE)
71845,2015,12,22,0,160,5,392,2746,12.033378,123.200461,2.0,0,0.0,0,0,1,2,3428,160.0,0,6,0.0,1,0.0,New People's Army (NPA)
53017,2012,8,18,0,153,6,427,3802,34.110325,71.163803,1.0,0,0.0,1,0,3,1,613,153.0,0,6,0.0,1,0.0,Tehrik-i-Taliban Pakistan (TTP)
49690,2011,5,26,0,45,3,377,3204,2.358296,-75.687919,1.0,0,0.0,1,0,7,1,3944,45.0,0,8,0.0,1,0.0,Revolutionary Armed Forces of Colombia (FARC)
1541,1973,11,26,0,603,8,190,1609,54.607712,-5.95621,1.0,0,0.0,1,0,1,14,2086,233.0,0,5,1.0,0,0.0,Irish Republican Army (IRA)
23611,1989,11,5,0,97,10,460,3040,32.08297,34.811886,1.0,0,0.0,1,0,1,3,3686,97.0,0,9,0.0,0,0.0,Palestinians
24370,1990,3,8,0,92,6,339,3488,31.280747,74.550722,1.0,0,0.0,1,0,2,14,4372,92.0,0,5,8.0,1,0.0,Sikh Extremists
83017,2017,11,6,0,147,11,113,643,10.806326,13.458091,1.0,0,0.0,1,0,3,4,559,147.0,0,6,45.0,-9,0.0,Boko Haram
65238,2015,1,19,0,214,9,146,1081,48.064426,37.673248,1.0,0,1.0,1,0,3,4,48,214.0,0,6,1.0,-9,0.0,Donetsk People's Republic
72031,2016,1,1,0,182,11,68,405,2.059819,45.326115,1.0,0,0.0,1,0,2,12,880,209.0,0,5,1.0,0,0.0,Al-Shabaab
56953,2013,9,29,0,228,10,60,353,13.586484,44.024105,1.0,0,0.0,1,0,2,3,703,228.0,0,5,1.0,1,0.0,Al-Qaida in the Arabian Peninsula (AQAP)
77898,2016,12,4,0,228,10,51,359,15.45639,45.324871,1.0,1,0.0,0,0,3,14,1213,228.0,0,6,0.0,0,0.0,Houthi extremists (Ansar Allah)
21095,1989,1,6,0,92,6,339,3399,30.898024,75.860077,1.0,0,1.0,0,0,3,14,4338,92.0,0,6,0.0,1,0.0,Sikh Extremists
62417,2014,8,23,0,214,9,146,1135,48.150642,38.362656,1.0,0,1.0,1,0,3,1,542,214.0,0,6,2.0,1,0.0,Donetsk People's Republic
48043,2010,5,17,0,92,6,127,855,22.610968,84.502431,3.0,0,0.0,1,0,2,2,1367,92.0,0,5,1.0,1,0.0,Communist Party of India - Maoist (CPI-Maoist)
25332,1990,7,6,0,209,10,225,1819,37.330592,42.187274,1.0,0,0.0,1,0,2,3,559,209.0,0,5,1.0,1,0.0,Kurdistan Workers' Party (PKK)
18216,1987,10,7,0,159,3,277,2111,-11.967368,-76.978462,1.0,0,0.0,1,0,3,7,2845,217.0,0,6,0.0,1,0.0,Tupac Amaru Revolutionary Movement (MRTA)
10012,1983,4,3,0,145,2,440,2853,12.1,-84.9,1.0,0,0.0,1,0,2,4,1768,145.0,0,5,41.0,1,0.0,Nicaraguan Democratic Force (FDN)
1205,1972,11,10,0,603,8,190,1609,54.607712,-5.95621,1.0,0,0.0,1,0,2,4,2105,216.0,0,5,1.0,0,0.0,Irish Republican Army (IRA)
28706,1991,10,17,0,61,2,152,1170,13.491242,-88.173134,1.0,0,1.0,1,0,3,21,1831,61.0,0,6,0.0,1,0.0,Farabundo Marti National Liberation Front (FMLN)
51275,2012,3,6,0,228,10,54,320,14.536389,46.833056,1.0,0,0.0,1,0,2,4,20,228.0,0,5,1.0,0,0.0,Al-Qaida in the Arabian Peninsula (AQAP)
61791,2014,7,23,0,95,10,34,1736,34.271034,45.163567,1.0,0,1.0,1,0,6,4,497,95.0,0,6,1.0,1,1.0,Islamic State of Iraq and the Levant (ISIL)
75510,2016,7,18,0,228,10,50,319,14.54397,49.12458,1.0,0,1.0,1,1,3,4,20,228.0,0,6,3.0,0,0.0,Al-Qaida in the Arabian Peninsula (AQAP)
9484,1982,12,9,0,185,8,86,511,43.18418,-2.473289,1.0,0,0.0,1,0,3,3,943,185.0,0,6,1.0,1,0.0,Basque Fatherland and Freedom (ETA)
65076,2015,1,13,0,160,5,0,35,6.497216,122.105141,1.0,0,0.0,1,0,3,1,112,160.0,0,6,0.0,1,0.0,Abu Sayyaf Group (ASG)
20387,1988,9,28,0,92,6,287,3472,27.261059,80.201454,1.0,0,0.0,1,0,1,14,4352,92.0,0,5,4.0,0,0.0,Sikh Extremists
34765,1995,10,26,0,186,6,218,1975,7.733107,81.68882,1.0,0,0.0,1,0,1,2,2494,186.0,0,5,1.0,0,0.0,Liberation Tigers of Tamil Eelam (LTTE)
27641,1991,6,26,0,159,3,476,3859,-9.929478,-76.239738,3.0,0,0.0,1,0,2,4,4798,159.0,0,5,77.0,1,0.0,Tupac Amaru Revolutionary Movement (MRTA)
57103,2013,10,13,0,65,11,76,416,8.984457,38.807635,1.0,0,0.0,1,1,3,14,742,65.0,0,6,2.0,1,0.0,Al-Shabaab
15084,1986,1,22,0,61,2,159,1202,13.483333,-88.466667,1.0,0,1.0,1,0,3,21,1803,61.0,0,6,0.0,1,0.0,Farabundo Marti National Liberation Front (FMLN)
4798,1979,3,10,0,69,8,136,24,41.918891,8.737554,4.0,0,1.0,1,0,3,1,1088,69.0,0,6,0.0,1,0.0,Corsican National Liberation Front (FLNC)
25034,1990,5,27,0,142,8,192,1632,51.192442,5.994695,1.0,0,0.0,1,0,1,1,2094,14.0,0,5,2.0,0,0.0,Irish Republican Army (IRA)
65305,2015,1,22,0,214,9,146,1076,47.981647,37.762325,1.0,0,0.0,1,0,3,19,1705,214.0,0,6,13.0,1,0.0,Donetsk People's Republic
44569,2008,3,5,0,45,3,469,3184,0.53636,-76.5875,3.0,0,0.0,1,0,3,21,3924,45.0,0,6,0.0,-9,0.0,Revolutionary Armed Forces of Colombia (FARC)
12258,1984,5,23,0,159,3,477,1170,-13.012617,-73.980897,1.0,0,0.0,1,0,3,2,4169,159.0,0,6,0.0,1,0.0,Shining Path (SL)
73706,2016,4,5,0,4,6,518,3544,36.035538,68.643112,1.0,0,0.0,1,0,2,3,4451,4.0,0,5,7.0,0,0.0,Taliban
43807,2007,6,2,0,95,10,38,303,35.303047,44.329933,1.0,1,0.0,1,0,3,19,6,95.0,0,6,0.0,1,0.0,Al-Qaida in Iraq
26189,1990,11,24,0,92,6,339,3449,31.448943,74.925262,1.0,0,0.0,1,0,1,3,1191,92.0,0,6,2.0,1,0.0,Sikh Extremists
15584,1986,5,14,0,43,3,270,2100,-33.050125,-71.612251,1.0,0,1.0,1,0,7,19,56,43.0,0,8,0.0,1,0.0,Manuel Rodriguez Patriotic Front (FPMR)
19993,1988,7,18,0,159,3,486,3307,-8.18885,-76.510838,1.0,0,0.0,1,0,2,3,4835,159.0,0,5,1.0,1,0.0,Tupac Amaru Revolutionary Movement (MRTA)
20510,1988,10,15,0,186,6,218,2014,7.482869,81.76503,1.0,0,0.0,1,0,3,4,1885,92.0,0,6,5.0,1,0.0,Liberation Tigers of Tamil Eelam (LTTE)
60820,2014,6,14,0,182,11,70,475,-1.013578,42.030766,1.0,1,0.0,1,0,3,14,13,182.0,0,6,5.0,0,0.0,Al-Shabaab
23472,1989,10,20,0,160,5,391,2627,15.153002,120.591942,1.0,0,0.0,1,0,2,3,3330,160.0,0,5,0.0,1,0.0,New People's Army (NPA)
18341,1987,10,29,0,69,8,136,1029,42.6042,8.929852,1.0,0,1.0,1,0,3,14,1568,21.0,0,6,0.0,1,0.0,Corsican National Liberation Front (FLNC)
22034,1989,5,1,0,159,3,483,3327,-9.529924,-77.5288,1.0,0,0.0,1,0,2,2,1026,159.0,0,5,1.0,1,0.0,Shining Path (SL)
73996,2016,4,22,0,147,11,170,1288,7.657429,9.771966,1.0,0,1.0,1,0,2,14,27,147.0,0,5,2.0,1,0.0,Fulani extremists
82125,2017,8,28,0,104,11,67,426,3.154299,41.015014,2.0,0,0.0,1,0,3,4,559,104.0,0,6,2.0,1,0.0,Al-Shabaab
72599,2016,2,1,0,209,10,234,1828,37.922218,40.184376,1.0,0,0.0,1,0,2,3,85,209.0,0,5,3.0,0,0.0,Kurdistan Workers' Party (PKK)
47048,2009,8,27,0,185,8,86,513,43.15256,-3.028622,1.0,0,0.0,1,0,7,14,945,185.0,0,8,0.0,1,0.0,Basque Fatherland and Freedom (ETA)
74693,2016,5,31,0,33,11,315,2385,14.100087,-0.149499,2.0,0,0.0,1,0,2,3,175,33.0,0,5,3.0,1,0.0,Muslim extremists
51953,2012,5,13,0,153,6,353,3722,34.006004,71.53743,1.0,0,0.0,1,0,3,3,2901,153.0,0,6,0.0,1,0.0,Tehrik-i-Taliban Pakistan (TTP)
60420,2014,5,25,0,45,3,363,24,7.198606,-75.341218,4.0,0,0.0,0,0,3,21,3904,45.0,0,6,0.0,0,0.0,Revolutionary Armed Forces of Colombia (FARC)
77351,2016,11,3,0,92,6,131,2146,19.583449,83.501022,1.0,0,0.0,1,0,3,3,85,92.0,0,6,0.0,1,0.0,Maoists
22497,1989,7,13,0,97,10,458,3037,31.771599,35.2034,1.0,0,0.0,1,0,8,2,3681,97.0,0,2,0.0,1,0.0,Palestinians
59268,2014,3,27,0,147,11,167,1451,7.652859,8.133545,2.0,0,0.0,1,0,8,14,13,147.0,0,2,15.0,0,0.0,Fulani extremists
16048,1986,8,5,0,43,3,271,2099,-33.366238,-70.505302,1.0,0,0.0,1,0,3,4,2805,43.0,0,6,1.0,1,0.0,Manuel Rodriguez Patriotic Front (FPMR)
31651,1992,10,31,0,155,10,327,3042,31.346964,34.30143,1.0,0,0.0,1,0,1,14,3691,155.0,0,5,1.0,0,0.0,Palestinians
2582,1976,2,16,0,45,3,363,2577,6.17346,-75.59278,1.0,0,0.0,0,0,1,1,3266,69.0,0,5,0.0,0,0.0,National Liberation Army of Colombia (ELN)
29328,1991,12,25,0,45,3,363,24,6.2675,-75.568611,4.0,0,0.0,1,0,2,1,3179,45.0,0,5,3.0,1,0.0,National Liberation Army of Colombia (ELN)
51682,2012,4,18,0,228,10,48,341,12.8,45.033333,2.0,0,0.0,1,1,3,4,676,228.0,0,6,1.0,0,0.0,Al-Qaida in the Arabian Peninsula (AQAP)
73528,2016,3,23,1,160,5,7,55,7.674924,123.152963,1.0,0,0.0,1,0,6,14,95,160.0,0,5,1.0,0,1.0,Abu Sayyaf Group (ASG)
36138,1997,2,11,0,186,6,218,2074,7.915712,81.521285,1.0,0,0.0,1,0,3,14,2608,186.0,0,6,2.0,1,0.0,Liberation Tigers of Tamil Eelam (LTTE)
65143,2015,1,15,0,214,9,146,1134,48.230583,38.205082,1.0,0,0.0,1,0,3,14,205,214.0,0,6,0.0,-9,0.0,Donetsk People's Republic
54791,2013,3,5,0,45,3,362,3175,1.813128,-78.754227,1.0,0,1.0,1,0,3,1,3539,45.0,0,6,0.0,1,0.0,Revolutionary Armed Forces of Colombia (FARC)
65478,2015,1,30,0,95,10,32,1729,32.04298,42.254261,1.0,0,0.0,1,1,1,2,2303,95.0,0,6,6.0,1,0.0,Islamic State of Iraq and the Levant (ISIL)
54158,2013,1,2,0,209,10,225,1819,37.33083,42.184602,1.0,0,0.0,1,0,3,8,2385,209.0,0,6,0.0,1,0.0,Kurdistan Workers' Party (PKK)
67055,2015,4,21,0,214,9,146,1081,48.064426,37.673248,1.0,0,1.0,1,0,3,4,48,214.0,0,6,0.0,-9,0.0,Donetsk People's Republic
52089,2012,5,27,0,92,6,131,2165,18.363526,81.895253,2.0,0,0.0,1,0,3,3,559,92.0,0,6,0.0,1,0.0,Maoists
29898,1992,3,18,0,92,6,339,3399,30.898024,75.860077,1.0,0,0.0,1,0,2,1,4330,92.0,0,5,18.0,0,0.0,Sikh Extremists
60118,2014,5,11,0,147,11,118,1390,9.248437,10.185178,2.0,0,0.0,1,0,2,14,27,147.0,0,5,4.0,1,0.0,Fulani extremists
22085,1989,5,10,0,159,3,277,2111,-11.967368,-76.978462,1.0,0,1.0,1,0,3,21,1813,159.0,0,6,0.0,1,0.0,Shining Path (SL)
19341,1988,4,18,0,43,3,270,2100,-33.050125,-71.612251,1.0,0,0.0,1,0,3,19,2804,43.0,0,6,0.0,1,0.0,Manuel Rodriguez Patriotic Front (FPMR)
57639,2013,12,7,0,228,10,181,1538,17.04146,44.107291,3.0,0,1.0,1,0,3,15,215,228.0,0,6,0.0,1,0.0,Houthi extremists (Ansar Allah)
23024,1989,9,11,0,43,3,271,2099,-33.366238,-70.505302,1.0,0,0.0,1,0,3,16,2761,43.0,0,6,0.0,1,0.0,Manuel Rodriguez Patriotic Front (FPMR)
63833,2014,11,5,0,45,3,362,24,1.637898,-77.745208,4.0,0,0.0,1,0,3,21,3937,45.0,0,6,0.0,1,0.0,Revolutionary Armed Forces of Colombia (FARC)
46746,2009,6,26,0,45,3,382,3235,3.7246,-75.4841,3.0,0,0.0,0,0,1,2,3994,45.0,0,6,0.0,1,0.0,Revolutionary Armed Forces of Colombia (FARC)
41033,2003,7,19,0,69,8,138,1048,43.696036,7.265592,1.0,0,1.0,1,0,3,2,1631,69.0,0,6,0.0,1,0.0,Corsican National Liberation Front (FLNC)
53391,2012,9,30,0,95,10,36,258,33.540672,44.251266,1.0,0,1.0,1,0,3,14,13,95.0,0,6,2.0,-9,0.0,Al-Qaida in Iraq
13920,1985,5,24,0,43,3,272,2102,-36.823788,-72.668472,1.0,0,1.0,1,0,3,21,1781,43.0,0,6,0.0,1,0.0,Manuel Rodriguez Patriotic Front (FPMR)
16040,1986,8,1,0,145,2,437,2848,13.564251,-86.02984,1.0,0,0.0,1,0,2,4,3520,145.0,0,5,1.0,1,0.0,Nicaraguan Democratic Force (FDN)
4901,1979,3,23,0,603,8,190,1616,54.253718,-7.44106,1.0,0,0.0,1,0,3,20,1620,233.0,0,6,1.0,1,0.0,Irish Republican Army (IRA)
21797,1989,4,3,0,159,3,483,3334,-10.140493,-77.44333,1.0,0,0.0,1,0,2,3,2184,159.0,0,5,5.0,1,0.0,Shining Path (SL)
13770,1985,5,10,0,69,8,136,24,41.919593,8.737687,4.0,0,1.0,1,0,3,1,1556,69.0,0,6,0.0,1,0.0,Corsican National Liberation Front (FLNC)
15559,1986,5,8,0,45,3,364,2485,4.667128,-74.106056,1.0,0,0.0,1,0,2,3,562,45.0,0,5,1.0,1,0.0,National Liberation Army of Colombia (ELN)
81282,2017,7,3,0,4,6,510,3532,36.529036,68.894971,3.0,0,0.0,1,0,2,14,13,4.0,0,5,3.0,0,0.0,Taliban
81957,2017,8,17,0,160,5,406,2657,10.117858,123.224263,1.0,0,0.0,1,0,1,14,3351,160.0,0,5,1.0,0,0.0,New People's Army (NPA)
16588,1987,1,8,0,159,3,277,2111,-11.967368,-76.978462,1.0,0,1.0,1,0,2,19,56,159.0,0,8,0.0,1,0.0,Tupac Amaru Revolutionary Movement (MRTA)
21619,1989,3,6,0,159,3,156,3349,-8.105863,-79.03802,1.0,0,0.0,1,0,1,2,4171,159.0,0,5,1.0,0,0.0,Shining Path (SL)
22691,1989,8,11,0,92,6,339,3409,30.34,76.38,1.0,0,0.0,1,0,1,2,4327,92.0,0,5,2.0,0,0.0,Sikh Extremists
63754,2014,11,1,0,214,9,146,1076,47.981647,37.762325,1.0,0,1.0,1,0,2,4,1701,214.0,0,6,1.0,-9,0.0,Donetsk People's Republic
31870,1992,11,20,0,159,3,277,2111,-11.967368,-76.978462,1.0,0,0.0,1,0,3,2,4817,159.0,0,6,0.0,1,0.0,Tupac Amaru Revolutionary Movement (MRTA)
7204,1980,12,29,0,97,10,265,2410,31.670221,34.576403,2.0,1,0.0,1,0,3,4,3651,97.0,0,6,0.0,0,0.0,Palestinians
15931,1986,7,9,0,603,8,190,1633,54.238631,-7.170908,1.0,0,0.0,1,0,1,3,2098,233.0,0,5,1.0,0,0.0,Irish Republican Army (IRA)
73236,2016,3,7,0,160,5,426,2741,11.447279,125.491158,1.0,0,0.0,1,0,2,3,175,160.0,0,5,0.0,1,0.0,New People's Army (NPA)
28730,1991,10,20,0,92,6,339,3399,30.898024,75.860077,1.0,1,1.0,1,0,7,1,1088,92.0,0,8,0.0,1,0.0,Sikh Extremists
64611,2014,12,21,0,214,9,146,1132,48.380714,37.934223,1.0,1,0.0,1,0,2,4,1698,214.0,0,6,0.0,-9,0.0,Donetsk People's Republic
48767,2010,10,17,0,92,6,127,920,24.42099,83.650803,1.0,0,0.0,1,0,2,17,1443,92.0,0,5,1.0,0,0.0,Communist Party of India - Maoist (CPI-Maoist)
63459,2014,10,15,0,214,9,146,1083,48.346134,38.424828,1.0,0,0.0,1,0,3,4,48,214.0,0,6,0.0,0,0.0,Donetsk People's Republic
55982,2013,7,6,0,160,5,397,2743,8.246064,126.229219,1.0,0,0.0,0,0,3,20,6,160.0,0,6,0.0,0,0.0,New People's Army (NPA)
76797,2016,10,3,0,95,10,36,1759,33.460819,44.157433,1.0,0,0.0,1,0,3,14,486,95.0,0,6,3.0,-9,0.0,Islamic State of Iraq and the Levant (ISIL)
21946,1989,4,18,0,43,3,271,2099,-33.366238,-70.505302,1.0,0,0.0,1,0,2,2,2723,43.0,0,5,0.0,1,0.0,Manuel Rodriguez Patriotic Front (FPMR)
14341,1985,8,4,0,145,2,437,1201,13.6772,-86.3153,1.0,0,0.0,1,0,2,4,562,145.0,0,5,0.0,1,0.0,Nicaraguan Democratic Force (FDN)
20645,1988,11,5,0,92,6,339,3399,30.898024,75.860077,1.0,0,0.0,1,0,2,14,4350,92.0,0,5,16.0,0,0.0,Sikh Extremists
18804,1988,1,25,0,43,3,270,2100,-33.050125,-71.612251,1.0,0,0.0,1,0,3,14,2780,43.0,0,6,0.0,1,0.0,Manuel Rodriguez Patriotic Front (FPMR)
70140,2015,9,16,0,209,10,205,1717,41.106178,28.689863,1.0,0,0.0,1,0,7,19,56,209.0,0,8,0.0,1,0.0,Kurdistan Workers' Party (PKK)
53221,2012,9,9,0,95,10,36,263,34.881348,44.62513,1.0,0,1.0,1,0,2,3,591,95.0,0,5,1.0,0,0.0,Al-Qaida in Iraq
11268,1983,12,15,0,183,11,27,24,-29.601439,30.376695,4.0,1,0.0,1,0,3,4,399,183.0,0,6,0.0,1,0.0,African National Congress (South Africa)
65699,2015,2,9,0,147,11,167,1292,7.689167,9.250278,3.0,0,1.0,1,0,2,14,27,147.0,0,5,1.0,1,0.0,Fulani extremists
26537,1991,1,15,0,45,3,471,3233,1.10091,-75.40091,1.0,0,0.0,1,0,2,4,562,45.0,0,5,1.0,1,0.0,Revolutionary Armed Forces of Colombia (FARC)
73906,2016,4,20,1,147,11,167,1364,7.905794,7.854562,1.0,0,0.0,1,0,6,3,1921,147.0,0,5,1.0,0,1.0,Fulani extremists
11663,1984,2,26,0,92,6,339,24,31.147131,75.341218,4.0,0,0.0,1,0,2,14,4311,92.0,0,5,5.0,1,0.0,Sikh Extremists
25078,1990,6,4,0,92,6,339,3409,30.34,76.38,1.0,0,0.0,1,0,3,14,4340,92.0,0,6,0.0,1,0.0,Sikh Extremists
64946,2015,1,7,0,147,11,108,629,12.922965,13.563938,3.0,0,1.0,1,0,2,14,27,147.0,0,6,6.0,1,-9.0,Boko Haram
50873,2012,1,20,0,147,11,115,639,11.974328,8.50026,1.0,0,1.0,1,1,3,3,175,147.0,0,6,18.0,1,0.0,Boko Haram
29358,1991,12,30,0,69,8,136,1054,42.476118,9.455497,1.0,0,0.0,1,0,3,1,1624,69.0,0,6,0.0,1,0.0,Corsican National Liberation Front (FLNC)
23135,1989,9,21,0,155,10,456,3035,31.704338,35.194355,1.0,0,0.0,1,0,2,18,3727,97.0,0,8,0.0,1,0.0,Palestinians
51716,2012,4,19,0,95,10,34,254,33.593056,44.501111,1.0,0,1.0,1,0,3,14,13,95.0,0,6,0.0,1,0.0,Al-Qaida in Iraq
29950,1992,3,23,0,21,8,196,1661,50.836426,4.367415,1.0,0,0.0,1,0,8,6,560,209.0,0,9,0.0,1,0.0,Kurdistan Workers' Party (PKK)
55955,2013,7,5,0,60,10,291,2345,31.212225,34.117065,1.0,0,1.0,1,0,2,4,20,60.0,0,6,1.0,0,0.0,Muslim extremists
27376,1991,5,27,0,61,2,152,1189,13.5,-88.35,1.0,0,0.0,1,0,2,4,1858,61.0,0,5,0.0,1,0.0,Farabundo Marti National Liberation Front (FMLN)
45325,2008,8,2,0,153,6,534,3811,34.800828,72.297569,1.0,0,0.0,1,0,3,3,4675,153.0,0,6,6.0,1,0.0,Tehrik-i-Taliban Pakistan (TTP)
14695,1985,10,31,0,43,3,271,2099,-33.366238,-70.505302,1.0,0,0.0,1,0,3,3,2689,43.0,0,6,0.0,1,0.0,Manuel Rodriguez Patriotic Front (FPMR)
13634,1985,4,18,0,159,3,277,2111,-11.967368,-76.978462,1.0,1,1.0,1,0,3,21,4161,159.0,0,6,0.0,1,0.0,Shining Path (SL)
43996,2007,7,2,0,95,10,36,285,34.533753,43.483738,2.0,0,0.0,1,1,3,3,540,95.0,0,6,1.0,0,0.0,Al-Qaida in Iraq
83081,2017,11,12,0,153,6,353,3812,32.90382,70.535789,1.0,1,0.0,1,0,3,4,162,153.0,0,6,0.0,0,0.0,Tehrik-i-Taliban Pakistan (TTP)
9124,1982,9,1,0,159,3,277,2111,-11.967368,-76.978462,1.0,0,0.0,1,0,3,21,2810,159.0,0,6,1.0,1,0.0,Shining Path (SL)
20607,1988,10,28,0,45,3,363,3207,7.75809,-76.65758,1.0,0,0.0,1,0,2,3,371,45.0,0,5,0.0,1,0.0,Revolutionary Armed Forces of Colombia (FARC)
66167,2015,3,5,1,160,5,4,21,7.317287,122.875178,1.0,0,0.0,1,0,6,8,22,160.0,0,5,0.0,0,1.0,Abu Sayyaf Group (ASG)
17030,1987,4,13,0,603,8,190,1639,55.199105,-6.654067,1.0,0,0.0,1,0,1,3,1654,233.0,0,5,2.0,0,0.0,Irish Republican Army (IRA)
27095,1991,4,15,0,185,8,87,509,36.621787,-4.500273,1.0,0,0.0,1,0,3,3,676,185.0,0,6,0.0,1,0.0,Basque Fatherland and Freedom (ETA)
7993,1981,9,12,0,183,11,18,138,-29.861824,31.008293,1.0,0,0.0,1,0,3,19,391,183.0,0,6,0.0,1,0.0,African National Congress (South Africa)
71466,2015,11,28,0,37,11,117,743,11.110399,14.038569,1.0,0,0.0,1,0,7,14,27,37.0,0,8,5.0,1,0.0,Boko Haram
46804,2009,7,11,0,4,6,520,3622,34.68611,70.915658,3.0,0,0.0,0,0,1,2,4503,4.0,0,5,0.0,-9,0.0,Taliban
4632,1979,1,20,0,97,10,458,3037,31.771599,35.2034,1.0,0,0.0,0,0,3,14,3728,97.0,0,6,0.0,1,0.0,Palestinians
83264,2017,11,27,0,182,11,68,445,2.077409,45.248966,1.0,0,0.0,1,0,2,4,855,182.0,0,5,1.0,0,0.0,Al-Shabaab
56295,2013,8,2,0,92,6,126,2226,24.808342,84.791702,1.0,1,0.0,1,0,3,19,989,92.0,0,6,0.0,1,0.0,Maoists
66143,2015,3,3,0,228,10,50,325,15.840202,48.45438,1.0,0,0.0,1,0,3,4,717,228.0,0,6,3.0,1,0.0,Al-Qaida in the Arabian Peninsula (AQAP)
41270,2004,2,16,0,45,3,371,3194,6.099066,-72.247791,1.0,0,0.0,1,0,3,14,3940,45.0,0,6,0.0,1,0.0,Revolutionary Armed Forces of Colombia (FARC)
59350,2014,4,2,0,228,10,48,310,12.825647,44.846416,1.0,0,0.0,1,1,3,4,524,228.0,0,6,11.0,1,0.0,Al-Qaida in the Arabian Peninsula (AQAP)
79055,2017,2,20,0,147,11,112,1446,10.34385,8.280515,2.0,0,1.0,1,0,2,14,27,147.0,0,5,7.0,1,0.0,Fulani extremists
25946,1990,10,15,0,159,3,277,2111,-11.967368,-76.978462,1.0,0,1.0,1,0,2,19,56,159.0,0,8,0.0,1,0.0,Shining Path (SL)
58462,2014,2,9,0,92,6,128,2188,17.941971,81.103753,1.0,1,0.0,1,0,3,3,12,92.0,0,6,2.0,0,0.0,Maoists
53434,2012,10,3,0,113,10,296,2438,32.896839,21.965679,1.0,0,0.0,1,0,2,3,20,113.0,0,6,3.0,0,0.0,Muslim extremists
20148,1988,8,13,0,186,6,262,1985,8.757816,80.487907,1.0,0,0.0,1,0,3,19,2550,186.0,0,6,0.0,1,0.0,Liberation Tigers of Tamil Eelam (LTTE)
81639,2017,7,26,0,95,10,42,1694,32.867008,44.220455,1.0,0,0.0,1,1,3,4,20,95.0,0,6,1.0,0,0.0,Islamic State of Iraq and the Levant (ISIL)
67058,2015,4,21,0,214,9,146,1081,48.064426,37.673248,1.0,0,1.0,1,0,3,4,48,214.0,0,6,0.0,-9,0.0,Donetsk People's Republic
21123,1989,1,11,0,92,6,285,3425,24.37938,73.338447,2.0,0,0.0,1,0,1,14,4277,92.0,0,5,3.0,0,0.0,Sikh Extremists
43503,2007,1,14,0,45,3,360,3140,8.21121,-73.23843,1.0,0,0.0,1,0,3,3,3873,45.0,0,6,5.0,0,0.0,Revolutionary Armed Forces of Colombia (FARC)
14941,1985,12,23,0,183,11,18,159,-30.050385,30.881266,1.0,0,0.0,1,0,3,14,387,183.0,0,6,6.0,1,0.0,African National Congress (South Africa)
42743,2006,2,10,0,160,5,1,24,6.05519,121.001323,4.0,0,0.0,1,0,2,3,164,160.0,0,5,1.0,1,0.0,Abu Sayyaf Group (ASG)
35841,1996,10,15,0,45,3,363,24,6.2675,-75.568611,4.0,0,1.0,1,0,3,21,2777,45.0,0,6,0.0,1,0.0,National Liberation Army of Colombia (ELN)
64831,2015,1,2,0,214,9,146,1085,47.313381,37.805458,1.0,0,0.0,1,0,2,4,48,214.0,0,6,0.0,-9,0.0,Donetsk People's Republic
13410,1985,2,20,0,145,2,447,2899,13.927562,-84.404596,1.0,0,0.0,1,0,2,2,3550,145.0,0,5,0.0,1,0.0,Nicaraguan Democratic Force (FDN)
15105,1986,1,24,0,183,11,19,147,-25.718321,28.408798,1.0,0,0.0,1,0,1,3,275,183.0,0,6,1.0,0,0.0,African National Congress (South Africa)
59029,2014,3,13,0,155,10,327,2409,31.53619,34.539574,1.0,0,0.0,1,0,3,14,13,155.0,0,6,0.0,-9,0.0,Muslim extremists
1895,1974,11,6,0,603,8,190,1612,54.077313,-6.608787,1.0,0,0.0,1,0,1,4,2109,216.0,0,5,2.0,0,0.0,Irish Republican Army (IRA)
6232,1980,2,14,0,83,2,164,1211,14.622869,-90.529068,1.0,0,0.0,1,0,2,7,1814,61.0,0,5,0.0,1,0.0,Farabundo Marti National Liberation Front (FMLN)
18554,1987,11,30,0,183,11,19,156,-26.252697,27.870275,1.0,0,0.0,1,0,3,3,275,183.0,0,6,0.0,1,0.0,African National Congress (South Africa)
22086,1989,5,10,0,159,3,277,2111,-11.967368,-76.978462,1.0,0,1.0,1,0,3,21,1813,159.0,0,6,0.0,1,0.0,Shining Path (SL)
65922,2015,2,18,0,228,10,48,310,12.825647,44.846416,1.0,0,0.0,1,0,1,4,705,228.0,0,5,1.0,-9,0.0,Al-Qaida in the Arabian Peninsula (AQAP)
999,1972,7,9,0,603,8,190,1609,54.607712,-5.95621,1.0,0,0.0,1,0,1,17,2100,233.0,0,5,1.0,0,0.0,Irish Republican Army (IRA)
29778,1992,3,4,0,92,6,134,3437,19.075984,72.877656,1.0,0,0.0,1,0,2,3,4326,92.0,0,5,2.0,1,0.0,Sikh Extremists
75758,2016,8,2,0,147,11,112,1316,9.434235,8.350026,1.0,1,1.0,1,0,2,14,27,147.0,0,5,2.0,0,0.0,Fulani extremists
80168,2017,5,7,0,92,6,129,2372,23.218062,88.09873,2.0,0,0.0,1,0,3,14,560,92.0,0,6,0.0,1,0.0,Muslim extremists
56838,2013,9,18,0,147,11,110,618,11.247069,12.01246,1.0,0,0.0,1,0,2,14,205,147.0,0,5,1.0,-9,0.0,Boko Haram
25073,1990,6,2,0,97,10,458,3037,31.771599,35.2034,1.0,0,0.0,1,0,2,14,3645,97.0,0,8,0.0,1,0.0,Palestinians
29842,1992,3,14,0,92,6,339,3399,30.898024,75.860077,1.0,0,0.0,1,0,1,14,4336,92.0,0,5,9.0,0,0.0,Sikh Extremists
22009,1989,4,26,0,92,6,292,2408,32.726602,74.857026,1.0,0,0.0,1,0,2,8,4288,92.0,0,5,0.0,1,0.0,Sikh Extremists
34741,1995,10,21,0,43,3,271,2099,-33.366238,-70.505302,1.0,0,0.0,1,0,3,2,2707,43.0,0,6,0.0,1,0.0,Manuel Rodriguez Patriotic Front (FPMR)
60617,2014,6,4,0,200,10,213,2430,35.785833,36.038056,1.0,0,0.0,1,0,3,14,27,200.0,0,6,1.0,-9,0.0,Muslim extremists
16239,1986,9,25,0,92,6,339,3471,31.175476,75.931082,1.0,0,0.0,1,0,1,2,4351,92.0,0,5,1.0,0,0.0,Sikh Extremists
25878,1990,9,28,0,92,6,339,3419,31.326015,75.576183,1.0,0,0.0,1,0,3,3,172,92.0,0,6,2.0,1,0.0,Sikh Extremists
79828,2017,4,9,0,146,11,116,662,13.483374,12.843024,1.0,0,0.0,1,0,2,4,48,146.0,0,6,57.0,0,0.0,Boko Haram
41890,2005,4,2,0,141,6,261,2279,27.645319,83.594926,1.0,1,0.0,1,0,3,14,2962,141.0,0,6,1.0,1,0.0,Maoists
68273,2015,6,15,0,95,10,36,1779,34.925074,43.809004,1.0,0,1.0,0,1,3,21,2329,95.0,0,6,14.0,0,0.0,Islamic State of Iraq and the Levant (ISIL)
49858,2011,7,7,0,92,6,131,828,18.815236,82.712102,1.0,1,0.0,1,0,2,3,1389,92.0,0,5,2.0,-9,0.0,Communist Party of India - Maoist (CPI-Maoist)
53062,2012,8,23,0,153,6,353,3783,34.953611,71.685833,1.0,0,0.0,1,0,2,4,2901,153.0,0,6,5.0,0,0.0,Tehrik-i-Taliban Pakistan (TTP)
76861,2016,10,5,0,173,10,184,1526,16.529372,43.013416,1.0,0,0.0,1,0,3,4,1961,173.0,0,6,0.0,1,0.0,Houthi extremists (Ansar Allah)
50679,2011,12,22,0,95,10,33,248,33.303566,44.371773,1.0,0,0.0,1,0,3,14,13,95.0,0,6,2.0,0,0.0,Al-Qaida in Iraq
53894,2012,11,21,0,153,6,468,3124,24.891115,67.143311,1.0,0,1.0,1,1,3,15,4588,153.0,0,6,3.0,-9,0.0,Tehrik-i-Taliban Pakistan (TTP)
58425,2014,2,7,1,160,5,2,45,7.037435,118.511496,1.0,0,0.0,1,0,6,1,64,160.0,0,5,0.0,0,1.0,Abu Sayyaf Group (ASG)
66149,2015,3,3,0,214,9,146,1079,48.143208,37.753361,1.0,0,0.0,1,0,2,4,48,214.0,0,6,0.0,0,0.0,Donetsk People's Republic
80862,2017,6,13,0,160,5,216,1754,8.000721,124.293111,1.0,0,0.0,0,0,2,3,85,160.0,0,5,0.0,0,0.0,Islamic State of Iraq and the Levant (ISIL)
19640,1988,5,27,0,159,3,477,3309,-13.597387,-74.154865,1.0,0,0.0,1,0,1,4,4115,159.0,0,5,2.0,0,0.0,Shining Path (SL)
60012,2014,5,6,0,147,11,122,736,9.008288,7.567349,1.0,0,0.0,1,0,2,8,603,147.0,0,5,0.0,1,0.0,Boko Haram
51359,2012,3,17,0,153,6,427,3727,32.56699,69.831711,1.0,0,0.0,1,0,2,4,20,153.0,0,5,4.0,0,0.0,Tehrik-i-Taliban Pakistan (TTP)
73293,2016,3,10,0,147,11,167,1410,7.596966,8.835927,2.0,0,1.0,1,0,2,14,27,147.0,0,5,2.0,1,0.0,Fulani extremists
5220,1979,5,31,0,69,8,137,132,48.856644,2.34233,1.0,0,0.0,1,0,3,14,1586,69.0,0,6,0.0,1,0.0,Corsican National Liberation Front (FLNC)
53688,2012,10,28,0,95,10,34,252,33.100529,44.584492,1.0,0,0.0,1,0,3,14,486,95.0,0,6,1.0,0,0.0,Al-Qaida in Iraq
59045,2014,3,14,0,147,11,112,1327,9.627067,8.50424,2.0,0,1.0,1,0,2,14,27,147.0,0,5,33.0,1,0.0,Fulani extremists
32924,1994,4,26,0,155,10,456,3048,31.530243,35.094162,1.0,0,0.0,0,0,1,4,3754,97.0,0,9,1.0,0,0.0,Palestinians
66221,2015,3,8,0,147,11,108,641,11.808727,12.495786,1.0,0,0.0,1,0,3,14,486,147.0,0,6,5.0,1,0.0,Boko Haram
73946,2016,4,19,0,228,10,54,1560,15.052266,45.835899,3.0,0,1.0,1,0,3,4,1982,228.0,0,6,0.0,0,0.0,Houthi extremists (Ansar Allah)
21948,1989,4,19,0,92,6,339,3411,31.787766,75.601895,1.0,0,0.0,1,0,1,14,4259,92.0,0,5,4.0,0,0.0,Sikh Extremists
10923,1983,10,6,0,603,8,190,1645,54.645861,-6.745149,1.0,0,0.0,1,0,3,14,1568,233.0,0,6,0.0,1,0.0,Irish Republican Army (IRA)
10069,1983,4,15,0,145,2,448,2983,13.052295,-86.589121,1.0,0,0.0,1,0,2,14,3595,145.0,0,5,2.0,1,0.0,Nicaraguan Democratic Force (FDN)
31959,1992,12,3,0,69,8,136,24,41.918891,8.737554,4.0,0,1.0,1,0,3,2,560,69.0,0,6,0.0,1,0.0,Corsican National Liberation Front (FLNC)
56080,2013,7,18,0,92,6,126,2281,25.051842,86.190081,1.0,0,0.0,1,0,3,3,167,92.0,0,6,0.0,1,0.0,Maoists
61491,2014,7,12,0,160,5,421,2704,14.67428,121.057495,1.0,0,0.0,1,0,2,4,3402,160.0,0,5,0.0,0,0.0,New People's Army (NPA)
64493,2014,12,14,0,45,3,368,3166,2.3889,-75.89255,2.0,0,0.0,0,0,3,20,6,45.0,0,6,0.0,0,0.0,Revolutionary Armed Forces of Colombia (FARC)
80830,2017,6,11,1,147,11,108,657,10.902533,12.83032,2.0,0,1.0,1,0,6,14,27,147.0,0,5,2.0,1,1.0,Boko Haram
48038,2010,5,17,0,182,11,68,405,2.059819,45.326115,1.0,0,0.0,1,0,2,14,851,182.0,0,5,1.0,0,0.0,Al-Shabaab
47499,2010,1,17,0,92,6,126,891,24.781467,84.986412,1.0,0,0.0,1,0,3,16,1414,92.0,0,6,0.0,1,0.0,Communist Party of India - Maoist (CPI-Maoist)
61803,2014,7,24,0,228,10,58,339,13.063399,44.880882,1.0,0,0.0,1,0,1,4,752,228.0,0,5,1.0,0,0.0,Al-Qaida in the Arabian Peninsula (AQAP)
71259,2015,11,15,0,4,6,322,3560,34.263149,70.78821,3.0,0,1.0,1,0,3,16,4479,422.0,0,6,0.0,1,0.0,Taliban
14726,1985,11,5,0,43,3,271,2099,-33.366238,-70.505302,1.0,0,1.0,1,0,3,21,2798,43.0,0,6,0.0,1,0.0,Manuel Rodriguez Patriotic Front (FPMR)
56721,2013,9,9,1,153,6,427,688,33.915234,71.458679,1.0,1,0.0,1,0,6,17,172,153.0,0,9,3.0,0,1.0,Tehrik-i-Taliban Pakistan (TTP)
40851,2003,5,1,0,92,6,292,2377,33.931011,75.114212,1.0,0,0.0,1,0,2,4,3046,92.0,0,5,1.0,0,0.0,Muslim extremists
10581,1983,7,22,0,61,2,150,1210,13.79833,-89.17889,1.0,0,0.0,1,0,3,19,1843,61.0,0,6,1.0,1,0.0,Farabundo Marti National Liberation Front (FMLN)
47364,2009,11,20,0,4,6,507,3553,31.631083,65.742226,1.0,0,0.0,0,0,3,19,4532,4.0,0,6,1.0,1,0.0,Taliban
75329,2016,7,5,0,228,10,51,359,15.45639,45.324871,1.0,0,1.0,1,0,3,1,1248,228.0,0,6,0.0,1,0.0,Houthi extremists (Ansar Allah)
46350,2009,4,8,0,95,10,33,248,33.303566,44.371773,1.0,1,0.0,1,0,3,14,523,95.0,0,6,7.0,1,0.0,Al-Qaida in Iraq
42136,2005,7,1,0,95,10,33,248,33.303566,44.371773,1.0,0,0.0,1,1,3,2,590,95.0,0,6,2.0,-9,0.0,Al-Qaida in Iraq
54129,2012,12,31,0,95,10,34,279,33.848618,44.522125,1.0,0,1.0,1,0,3,15,530,95.0,0,6,2.0,0,0.0,Al-Qaida in Iraq
19381,1988,4,22,0,183,11,19,190,-26.252697,27.870275,1.0,0,0.0,1,0,2,3,414,183.0,0,5,0.0,1,0.0,African National Congress (South Africa)
68965,2015,7,20,0,209,10,215,1751,36.975594,38.426399,1.0,0,0.0,1,1,3,14,2315,209.0,0,6,34.0,1,0.0,Islamic State of Iraq and the Levant (ISIL)
82880,2017,10,25,0,95,10,37,255,36.354145,43.14357,1.0,0,0.0,1,0,3,14,13,95.0,0,6,2.0,1,0.0,Islamic State of Iraq and the Levant (ISIL)
81110,2017,6,26,0,228,10,60,353,13.586484,44.024105,1.0,0,0.0,1,0,3,14,1288,228.0,0,6,1.0,-9,0.0,Houthi extremists (Ansar Allah)
5448,1979,8,10,0,45,3,367,3202,5.85936,-73.96559,1.0,0,0.0,1,0,2,4,2198,45.0,0,5,2.0,1,0.0,Revolutionary Armed Forces of Colombia (FARC)
46867,2009,7,23,0,92,6,129,793,22.609739,87.253142,1.0,0,0.0,1,0,7,22,347,92.0,0,11,0.0,1,0.0,Communist Party of India - Maoist (CPI-Maoist)
76409,2016,9,12,0,45,3,369,2544,7.022091,-71.385222,1.0,0,0.0,0,0,3,20,6,45.0,0,6,0.0,0,0.0,National Liberation Army of Colombia (ELN)
73782,2016,4,10,0,228,10,60,353,13.586484,44.024105,1.0,0,1.0,1,0,3,14,1288,228.0,0,6,0.0,-9,0.0,Houthi extremists (Ansar Allah)
65222,2015,1,19,0,228,10,53,315,15.325443,44.211895,1.0,0,0.0,1,0,2,4,0,228.0,0,5,2.0,-9,0.0,Houthi extremists (Ansar Allah)
46786,2009,7,7,0,92,6,127,789,23.744186,84.504429,3.0,1,0.0,1,0,2,3,1324,92.0,0,5,1.0,-9,0.0,Communist Party of India - Maoist (CPI-Maoist)
49598,2011,5,7,0,45,3,368,3134,2.650027,-75.649575,1.0,1,0.0,0,0,3,14,3862,45.0,0,6,0.0,0,0.0,Revolutionary Armed Forces of Colombia (FARC)
75437,2016,7,12,0,147,11,167,1301,7.350826,8.836276,4.0,0,1.0,1,0,2,14,13,147.0,0,5,2.0,-9,0.0,Fulani extremists
22000,1989,4,25,0,155,10,456,3033,32.222271,35.253506,1.0,0,0.0,1,0,1,14,3665,97.0,0,9,1.0,0,0.0,Palestinians
18151,1987,9,25,0,222,3,381,2567,7.919218,-72.442861,1.0,0,0.0,1,0,2,4,3258,222.0,0,5,0.0,1,0.0,National Liberation Army of Colombia (ELN)
13717,1985,5,7,0,145,2,442,24,12.492724,-85.520024,4.0,0,1.0,1,0,7,1,3571,145.0,0,5,1.0,1,0.0,Nicaraguan Democratic Force (FDN)
43056,2006,6,2,0,4,6,507,3553,31.617667,65.675942,4.0,0,0.0,1,1,3,14,4483,999.0,0,6,3.0,0,0.0,Taliban
37268,1999,3,19,1,45,3,370,3168,11.3,-74.183333,2.0,0,1.0,1,0,6,14,3902,45.0,0,5,1.0,0,1.0,Revolutionary Armed Forces of Colombia (FARC)
55038,2013,4,4,0,228,10,181,1519,16.8884,44.2738,3.0,0,0.0,1,0,8,8,1955,228.0,0,9,0.0,0,0.0,Houthi extremists (Ansar Allah)
54595,2013,2,14,0,153,6,427,3807,33.7075,71.002222,2.0,0,1.0,1,0,3,17,347,153.0,0,6,7.0,1,0.0,Tehrik-i-Taliban Pakistan (TTP)
34442,1995,7,26,0,75,8,193,1910,50.799859,6.486992,1.0,0,1.0,1,0,7,14,2435,209.0,0,8,0.0,1,0.0,Kurdistan Workers' Party (PKK)
42566,2005,12,17,0,141,6,218,2229,27.286093,87.009635,1.0,0,1.0,1,0,2,14,2925,141.0,0,5,2.0,0,0.0,Maoists
47534,2010,1,25,0,182,11,68,405,2.059819,45.326115,1.0,0,0.0,1,0,3,4,861,182.0,0,6,4.0,1,0.0,Al-Shabaab
5223,1979,5,31,0,69,8,137,132,48.856644,2.34233,1.0,0,0.0,1,0,3,14,1565,69.0,0,6,0.0,1,0.0,Corsican National Liberation Front (FLNC)
52917,2012,8,11,0,4,6,514,3573,33.598633,69.228996,1.0,0,0.0,1,0,3,3,559,4.0,0,6,4.0,1,0.0,Taliban
22053,1989,5,6,0,159,3,277,2111,-11.967368,-76.978462,1.0,0,0.0,1,0,3,4,4785,159.0,0,6,0.0,1,0.0,Tupac Amaru Revolutionary Movement (MRTA)
57389,2013,11,11,0,92,6,128,838,20.261553,81.460083,3.0,0,1.0,0,0,3,2,1260,92.0,0,6,0.0,0,0.0,Maoists
61980,2014,8,1,0,182,11,68,405,2.059819,45.326115,1.0,0,0.0,1,0,1,2,836,182.0,0,5,1.0,1,0.0,Al-Shabaab
15427,1986,4,3,0,159,3,277,2111,-11.967368,-76.978462,1.0,0,1.0,1,0,3,2,4756,159.0,0,6,1.0,1,0.0,Tupac Amaru Revolutionary Movement (MRTA)
51620,2012,4,14,0,228,10,48,369,12.8,45.033333,2.0,0,0.0,1,0,2,4,20,228.0,0,6,12.0,-9,0.0,Al-Qaida in the Arabian Peninsula (AQAP)
13592,1985,4,11,0,43,3,271,2099,-33.366238,-70.505302,1.0,0,1.0,1,0,3,21,2765,43.0,0,6,0.0,1,0.0,Manuel Rodriguez Patriotic Front (FPMR)
3884,1978,2,20,0,45,3,379,2583,3.583748,-76.495727,1.0,0,0.0,1,0,3,2,3272,45.0,0,6,0.0,1,0.0,National Liberation Army of Colombia (ELN)
83184,2017,11,20,0,37,11,117,646,11.162543,14.013976,1.0,0,0.0,1,1,3,14,553,37.0,0,6,3.0,1,0.0,Boko Haram
19363,1988,4,21,0,603,8,190,1613,54.347539,-6.656108,1.0,0,0.0,1,0,3,15,2163,233.0,0,6,0.0,1,0.0,Irish Republican Army (IRA)
48652,2010,9,18,0,4,6,322,3575,34.417538,70.323938,1.0,0,0.0,1,0,3,2,4459,4.0,0,6,0.0,0,0.0,Taliban
16605,1987,1,9,0,183,11,25,198,-33.978578,18.580468,1.0,1,0.0,1,0,3,3,275,183.0,0,6,1.0,0,0.0,African National Congress (South Africa)
82737,2017,10,13,0,147,11,111,652,7.561418,6.242905,1.0,0,0.0,1,0,2,3,12,147.0,0,5,3.0,0,0.0,Boko Haram
79930,2017,4,19,0,228,10,51,1552,15.325556,45.276111,3.0,0,0.0,1,0,3,14,13,228.0,0,6,0.0,-9,0.0,Houthi extremists (Ansar Allah)
72706,2016,2,6,0,228,10,52,337,13.357599,45.69648,1.0,0,0.0,1,0,3,4,219,228.0,0,6,0.0,1,0.0,Al-Qaida in the Arabian Peninsula (AQAP)
32077,1992,12,14,0,155,10,456,3033,32.222271,35.253506,1.0,0,0.0,1,0,2,4,12,97.0,0,5,0.0,1,0.0,Palestinians
19665,1988,5,31,0,45,3,365,2580,8.95736,-73.62346,1.0,0,0.0,1,0,2,4,3158,45.0,0,5,1.0,1,0.0,National Liberation Army of Colombia (ELN)
45000,2008,6,2,0,186,6,218,1975,7.733107,81.68882,1.0,0,0.0,1,0,2,22,2481,186.0,0,5,2.0,0,0.0,Liberation Tigers of Tamil Eelam (LTTE)
47666,2010,2,23,0,92,6,133,845,18.286666,82.586806,1.0,0,0.0,1,0,7,16,1357,92.0,0,8,0.0,1,0.0,Communist Party of India - Maoist (CPI-Maoist)
60109,2014,5,11,0,182,11,69,24,3.988741,43.699967,4.0,0,0.0,1,0,3,9,895,182.0,0,6,3.0,1,0.0,Al-Shabaab
79466,2017,3,19,0,160,5,0,75,6.611512,122.263054,1.0,0,0.0,1,0,3,14,147,160.0,0,6,1.0,0,0.0,Abu Sayyaf Group (ASG)
64402,2014,12,8,0,228,10,53,315,15.325443,44.211895,1.0,0,0.0,0,0,3,2,673,228.0,0,6,0.0,0,0.0,Al-Qaida in the Arabian Peninsula (AQAP)
62967,2014,9,22,0,182,11,65,463,3.312293,43.47213,1.0,0,0.0,1,0,2,4,577,182.0,0,5,0.0,-9,0.0,Al-Shabaab
59234,2014,3,25,0,95,10,36,258,33.540672,44.251266,1.0,0,0.0,1,1,3,4,12,95.0,0,6,5.0,-9,0.0,Muslim extremists
48744,2010,10,8,0,228,10,52,24,13.683741,46.081752,4.0,0,0.0,1,0,3,3,698,228.0,0,6,0.0,1,0.0,Al-Qaida in the Arabian Peninsula (AQAP)
4070,1978,5,11,0,185,8,88,512,43.258434,-2.921819,1.0,0,0.0,1,0,2,3,1091,185.0,0,5,2.0,1,0.0,Basque Fatherland and Freedom (ETA)
13182,1984,12,19,0,43,3,271,2099,-33.366238,-70.505302,1.0,0,0.0,1,0,3,1,321,43.0,0,6,1.0,1,0.0,Manuel Rodriguez Patriotic Front (FPMR)
54789,2013,3,5,0,153,6,353,2465,34.002579,71.382477,1.0,0,0.0,1,0,3,1,4703,153.0,0,6,0.0,1,0.0,Tehrik-i-Taliban Pakistan (TTP)
48987,2010,11,30,0,95,10,37,255,36.354145,43.14357,1.0,0,0.0,1,0,2,14,569,95.0,0,5,1.0,-9,0.0,Al-Qaida in Iraq
26267,1990,12,3,0,92,6,339,3402,32.040763,75.401886,3.0,0,0.0,1,0,1,3,4346,92.0,0,5,0.0,1,0.0,Sikh Extremists
50736,2012,1,3,0,147,11,120,660,12.78679,10.23771,1.0,0,0.0,1,0,2,3,1238,147.0,0,6,1.0,1,0.0,Boko Haram
7541,1981,4,14,0,185,8,86,518,43.291618,-1.977903,1.0,0,0.0,1,0,1,3,1051,185.0,0,5,1.0,0,0.0,Basque Fatherland and Freedom (ETA)
59337,2014,4,1,1,228,10,54,320,14.536389,46.833056,1.0,0,0.0,1,0,6,3,751,228.0,0,5,1.0,0,1.0,Al-Qaida in the Arabian Peninsula (AQAP)
54875,2013,3,18,0,160,5,390,2624,7.578889,125.998056,1.0,0,1.0,1,0,3,3,85,160.0,0,6,0.0,0,0.0,New People's Army (NPA)
52960,2012,8,14,0,60,10,291,2345,31.1279,34.161843,1.0,0,0.0,0,0,2,21,3027,60.0,0,5,0.0,0,0.0,Muslim extremists
54124,2012,12,31,0,95,10,42,265,32.469238,44.416637,1.0,0,1.0,1,0,3,15,584,95.0,0,6,1.0,-9,0.0,Al-Qaida in Iraq
49683,2011,5,25,0,209,10,234,1887,38.141497,41.011491,1.0,0,0.0,1,0,5,1,2423,209.0,0,8,0.0,1,1.0,Kurdistan Workers' Party (PKK)
19352,1988,4,18,0,186,6,262,1998,9.814937,80.16608,1.0,0,0.0,1,0,2,4,1762,186.0,0,5,0.0,1,0.0,Liberation Tigers of Tamil Eelam (LTTE)
73139,2016,3,1,0,182,11,66,419,2.050931,45.154106,1.0,0,0.0,1,0,3,4,162,182.0,0,6,4.0,1,0.0,Al-Shabaab
20643,1988,11,5,0,186,6,218,1978,8.577826,81.218719,1.0,0,0.0,1,0,3,3,1819,186.0,0,6,0.0,1,0.0,Liberation Tigers of Tamil Eelam (LTTE)
28477,1991,9,26,0,159,3,277,2111,-11.967368,-76.978462,1.0,0,0.0,1,0,3,1,1578,159.0,0,6,0.0,1,0.0,Shining Path (SL)
59599,2014,4,12,0,214,9,146,1109,48.987865,37.797001,1.0,0,0.0,1,0,2,3,175,214.0,0,5,0.0,-9,0.0,Donetsk People's Republic
55136,2013,4,15,0,217,1,341,2436,42.350265,-71.080976,1.0,0,1.0,1,0,3,14,3093,217.0,1,6,1.0,1,0.0,Muslim extremists
81684,2017,7,30,0,160,5,12,2698,7.485713,125.044323,1.0,0,0.0,0,0,2,3,12,160.0,0,5,1.0,0,0.0,New People's Army (NPA)
75496,2016,7,16,0,60,10,289,2343,28.087597,30.761305,1.0,0,0.0,1,0,7,14,3021,60.0,0,8,0.0,1,0.0,Muslim extremists
50784,2012,1,7,0,95,10,42,296,33.057991,44.354839,1.0,0,0.0,1,0,3,14,491,95.0,0,6,2.0,0,0.0,Muslim extremists
62490,2014,8,26,0,214,9,146,1118,47.119068,38.066851,1.0,0,0.0,1,0,3,14,1213,214.0,0,6,0.0,-9,0.0,Donetsk People's Republic
62658,2014,9,9,0,147,11,124,1324,12.166918,6.674397,1.0,0,1.0,1,0,6,14,27,147.0,0,5,2.0,1,1.0,Fulani extremists
23648,1989,11,9,0,159,3,277,3322,-10.754073,-77.760992,1.0,0,1.0,1,0,3,8,51,159.0,0,6,0.0,1,0.0,Shining Path (SL)
25052,1990,5,30,0,160,5,11,43,14.596051,120.978666,1.0,0,0.0,1,0,1,14,3348,160.0,0,5,1.0,0,0.0,New People's Army (NPA)
49331,2011,2,27,0,228,10,50,350,14.762732,49.605728,1.0,0,0.0,1,0,1,2,695,228.0,0,5,1.0,0,0.0,Al-Qaida in the Arabian Peninsula (AQAP)
74301,2016,5,8,0,147,11,170,1369,8.586602,10.36172,2.0,0,1.0,1,0,2,14,27,147.0,0,5,2.0,1,0.0,Fulani extremists
68543,2015,6,29,0,173,10,61,24,17.545372,44.222498,4.0,0,0.0,1,0,3,4,1981,173.0,0,6,1.0,0,0.0,Houthi extremists (Ansar Allah)
48757,2010,10,13,0,92,6,129,825,22.86775,86.944884,1.0,0,0.0,1,0,2,2,1336,92.0,0,5,1.0,0,0.0,Communist Party of India - Maoist (CPI-Maoist)
17977,1987,9,2,0,186,6,218,1972,8.457907,81.268402,1.0,0,1.0,1,0,7,1,1248,186.0,0,8,0.0,1,0.0,Muslim extremists
18210,1987,10,6,0,186,6,218,1978,8.577826,81.218719,1.0,1,0.0,1,0,2,14,27,186.0,0,5,27.0,1,0.0,Liberation Tigers of Tamil Eelam (LTTE)
47884,2010,4,15,0,92,6,408,2665,24.817011,93.936844,3.0,0,0.0,1,0,7,1,3358,92.0,0,8,0.0,1,0.0,New People's Army (NPA)
63168,2014,10,1,0,4,6,506,3526,34.516895,69.147011,1.0,0,1.0,1,1,3,4,56,4.0,0,6,9.0,1,0.0,Taliban
19892,1988,7,2,0,183,11,19,137,-26.184113,28.033232,1.0,0,0.0,1,0,3,14,285,183.0,0,6,2.0,1,0.0,African National Congress (South Africa)
26274,1990,12,4,0,92,6,339,3402,32.040763,75.401886,3.0,0,0.0,1,0,1,3,4250,92.0,0,5,1.0,0,0.0,Sikh Extremists
64565,2014,12,19,1,45,3,377,3132,3.012639,-76.482881,2.0,0,0.0,1,0,6,4,3856,45.0,0,6,5.0,0,1.0,Revolutionary Armed Forces of Colombia (FARC)
67706,2015,5,19,0,214,9,146,1103,48.098675,37.663422,1.0,0,0.0,1,0,3,14,205,214.0,0,6,0.0,-9,0.0,Donetsk People's Republic
17280,1987,5,20,0,183,11,19,137,-26.184113,28.033232,1.0,0,0.0,1,0,3,2,312,183.0,0,6,3.0,1,0.0,African National Congress (South Africa)
5444,1979,8,9,0,97,10,458,3037,31.771599,35.2034,1.0,0,0.0,1,0,3,2,3657,97.0,0,6,1.0,1,0.0,Palestinians
18204,1987,10,5,0,43,3,270,2098,-33.010693,-71.527794,1.0,0,0.0,1,0,3,2,2684,43.0,0,6,0.0,1,0.0,Manuel Rodriguez Patriotic Front (FPMR)
29274,1991,12,18,0,155,10,327,2347,31.278791,34.256435,1.0,0,0.0,0,0,1,4,3632,97.0,0,5,0.0,0,0.0,Palestinians
55161,2013,4,16,0,147,11,112,622,10.506041,7.432823,1.0,0,0.0,1,0,2,3,12,147.0,0,5,2.0,0,0.0,Boko Haram
15658,1986,5,23,0,159,3,277,2111,-11.967368,-76.978462,1.0,0,0.0,1,0,5,16,4834,159.0,0,5,0.0,0,0.0,Tupac Amaru Revolutionary Movement (MRTA)
58356,2014,2,1,0,153,6,353,3741,33.91758,71.562035,1.0,0,1.0,1,0,2,17,347,153.0,0,5,4.0,0,0.0,Tehrik-i-Taliban Pakistan (TTP)
78547,2017,1,18,0,228,10,60,353,13.586484,44.024105,1.0,0,1.0,1,0,3,14,926,228.0,0,6,3.0,1,0.0,Houthi extremists (Ansar Allah)
24473,1990,3,21,0,155,10,327,3042,31.346964,34.30143,1.0,0,0.0,1,0,1,14,3717,155.0,0,5,1.0,0,0.0,Palestinians
46784,2009,7,7,0,160,5,1,22,6.050458,121.012245,1.0,0,0.0,1,0,3,1,13,160.0,0,6,2.0,1,0.0,Abu Sayyaf Group (ASG)
65087,2015,1,14,0,214,9,146,1093,47.942608,37.505135,1.0,0,0.0,1,0,3,14,205,214.0,0,6,0.0,-9,0.0,Donetsk People's Republic
73256,2016,3,8,0,182,11,70,408,-0.357847,42.54665,1.0,0,0.0,1,0,3,14,820,182.0,0,6,0.0,1,0.0,Al-Shabaab
21774,1989,3,29,0,159,3,277,2111,-11.967368,-76.978462,1.0,0,0.0,1,0,3,1,512,159.0,0,6,0.0,1,0.0,Tupac Amaru Revolutionary Movement (MRTA)
77016,2016,10,15,0,95,10,33,248,33.303566,44.371773,1.0,0,0.0,1,1,3,14,2312,95.0,0,6,36.0,1,0.0,Islamic State of Iraq and the Levant (ISIL)
37852,2000,1,21,0,185,8,89,520,40.465595,-3.696263,1.0,0,0.0,1,0,3,14,1033,185.0,0,6,3.0,-9,0.0,Basque Fatherland and Freedom (ETA)
20424,1988,10,4,0,43,3,271,2099,-33.366238,-70.505302,1.0,0,1.0,1,0,3,21,2694,43.0,0,6,0.0,1,0.0,Manuel Rodriguez Patriotic Front (FPMR)
76294,2016,9,5,0,228,10,55,371,14.327928,44.90665,3.0,0,0.0,1,0,3,20,6,228.0,0,6,2.0,0,0.0,Houthi extremists (Ansar Allah)
19737,1988,6,11,0,160,5,391,2627,15.153002,120.591942,1.0,0,0.0,1,0,1,17,3436,160.0,0,5,1.0,0,0.0,New People's Army (NPA)
49494,2011,4,8,0,4,6,526,3629,33.099722,68.288056,1.0,1,0.0,1,0,1,3,4507,4.0,0,5,1.0,0,0.0,Taliban
17750,1987,7,29,0,92,6,494,3415,28.690073,77.213982,1.0,0,1.0,0,0,3,2,1171,92.0,0,6,0.0,1,0.0,Sikh Extremists
44279,2007,11,9,0,186,6,263,2003,8.8341,80.760739,1.0,0,0.0,1,0,3,4,2592,186.0,0,6,2.0,-9,0.0,Liberation Tigers of Tamil Eelam (LTTE)
55384,2013,5,9,0,113,10,324,2405,27.022867,14.441218,1.0,0,0.0,1,0,3,15,775,113.0,0,6,0.0,1,0.0,Muslim extremists
4802,1979,3,10,0,69,8,136,24,41.918891,8.737554,4.0,0,1.0,1,0,3,1,1088,69.0,0,6,0.0,1,0.0,Corsican National Liberation Front (FLNC)
56447,2013,8,14,0,160,5,1,22,6.050458,121.012245,1.0,0,0.0,1,0,3,15,90,160.0,0,6,0.0,1,0.0,Abu Sayyaf Group (ASG)
50255,2011,11,2,0,104,11,78,404,2.809093,40.927444,1.0,0,0.0,1,0,3,1,824,104.0,0,5,0.0,1,0.0,Al-Shabaab
82555,2017,9,30,0,95,10,32,259,33.349159,43.784199,1.0,0,0.0,1,0,3,14,13,95.0,0,6,4.0,0,0.0,Islamic State of Iraq and the Levant (ISIL)
30035,1992,4,2,0,92,6,339,3407,31.8186,75.2028,1.0,0,0.0,1,0,2,4,12,92.0,0,5,0.0,1,0.0,Sikh Extremists
48806,2010,10,29,0,45,3,363,3163,7.001284,-76.266,1.0,1,0.0,0,0,3,4,3971,45.0,0,6,0.0,0,0.0,Revolutionary Armed Forces of Colombia (FARC)
44641,2008,3,22,0,186,6,262,1981,8.980118,79.912462,3.0,0,0.0,1,0,3,4,2589,186.0,0,6,2.0,-9,0.0,Liberation Tigers of Tamil Eelam (LTTE)
11485,1984,1,29,0,110,10,359,2479,33.550434,35.370964,1.0,0,0.0,1,0,3,4,3646,97.0,0,6,0.0,1,0.0,Palestinians
48567,2010,9,9,0,92,6,130,796,17.864437,81.408409,1.0,0,0.0,1,0,3,2,1307,92.0,0,6,0.0,1,0.0,Communist Party of India - Maoist (CPI-Maoist)
51197,2012,2,28,0,104,11,78,407,3.938715,41.844707,1.0,1,0.0,1,0,2,4,577,104.0,0,5,2.0,1,0.0,Al-Shabaab
17955,1987,8,31,0,185,8,91,525,43.46096,-3.807934,1.0,0,0.0,1,0,3,1,1120,217.0,0,6,0.0,1,0.0,Basque Fatherland and Freedom (ETA)
65780,2015,2,12,0,92,6,127,811,23.846212,86.136746,3.0,0,1.0,1,0,3,19,1317,92.0,0,6,0.0,1,0.0,Communist Party of India - Maoist (CPI-Maoist)
62541,2014,8,31,0,228,10,54,344,14.739842,46.517463,3.0,0,1.0,1,1,3,4,20,228.0,0,6,4.0,1,0.0,Al-Qaida in the Arabian Peninsula (AQAP)
27424,1991,5,31,0,603,8,190,1652,54.239317,-6.502301,1.0,0,0.0,1,0,3,4,577,233.0,0,6,3.0,1,0.0,Irish Republican Army (IRA)
54876,2013,3,18,1,182,11,69,406,4.120602,43.890526,1.0,0,0.0,1,0,1,15,874,182.0,0,5,1.0,0,1.0,Al-Shabaab
60009,2014,5,6,1,121,5,13,68,4.945556,118.257222,1.0,0,0.0,1,0,6,1,125,44.0,0,5,0.0,0,1.0,Abu Sayyaf Group (ASG)
61436,2014,7,10,1,160,5,404,2697,9.467411,125.576506,1.0,0,0.0,1,0,6,3,175,160.0,0,5,3.0,1,1.0,New People's Army (NPA)
7904,1981,8,12,0,183,11,19,167,-25.748281,28.212069,1.0,1,0.0,1,0,3,4,343,183.0,0,6,0.0,1,0.0,African National Congress (South Africa)
37284,1999,3,21,0,603,8,190,1609,54.607712,-5.95621,1.0,0,0.0,0,0,3,12,2206,233.0,0,6,0.0,0,0.0,Irish Republican Army (IRA)
11512,1984,2,2,0,185,8,86,512,43.258434,-2.921819,1.0,0,0.0,1,0,3,1,1043,69.0,0,6,0.0,1,0.0,Basque Fatherland and Freedom (ETA)
75062,2016,6,21,0,147,11,167,1279,7.761622,9.087509,1.0,0,1.0,1,0,2,14,27,147.0,0,5,1.0,1,0.0,Fulani extremists
71376,2015,11,23,0,92,6,131,2137,20.883056,83.336111,1.0,0,0.0,1,0,1,2,2858,92.0,0,5,1.0,0,1.0,Maoists
66018,2015,2,24,0,147,11,110,616,11.704399,11.088539,1.0,0,1.0,1,1,3,19,56,147.0,0,6,13.0,1,0.0,Boko Haram
81903,2017,8,14,0,228,10,52,318,13.887403,45.863647,1.0,0,0.0,0,0,1,4,715,228.0,0,5,1.0,0,0.0,Al-Qaida in the Arabian Peninsula (AQAP)
12719,1984,8,31,0,159,3,277,2111,-11.967368,-76.978462,1.0,0,0.0,1,0,1,3,4111,159.0,0,5,1.0,0,0.0,Shining Path (SL)
74767,2016,6,5,0,228,10,55,1574,14.068985,45.420895,1.0,0,0.0,1,0,3,14,1968,228.0,0,6,3.0,1,0.0,Houthi extremists (Ansar Allah)
53083,2012,8,27,0,4,6,513,3541,32.248981,63.85825,3.0,0,0.0,1,0,2,4,172,4.0,0,5,10.0,1,0.0,Taliban
46288,2009,3,26,0,160,5,388,2685,9.77026,122.467818,1.0,0,0.0,1,0,7,16,3374,160.0,0,8,0.0,1,0.0,New People's Army (NPA)
71983,2015,12,28,0,95,10,209,1730,35.768353,43.588966,1.0,0,0.0,0,1,3,4,48,95.0,0,6,3.0,0,0.0,Islamic State of Iraq and the Levant (ISIL)
10486,1983,7,6,0,159,3,477,3305,-13.152712,-74.218628,1.0,0,0.0,1,0,1,14,4109,159.0,0,5,1.0,0,0.0,Shining Path (SL)
19085,1988,3,6,0,160,5,7,2618,7.515731,123.172442,3.0,0,0.0,1,0,2,4,3325,160.0,0,5,4.0,1,0.0,New People's Army (NPA)
33056,1994,5,20,0,155,10,327,3047,31.308194,34.287996,1.0,0,0.0,0,0,1,14,3763,97.0,0,5,0.0,0,0.0,Palestinians
23905,1989,12,12,0,186,6,218,1975,7.733107,81.68882,1.0,0,0.0,1,0,2,17,167,186.0,0,5,18.0,1,0.0,Liberation Tigers of Tamil Eelam (LTTE)
21504,1989,2,22,0,186,6,262,2015,8.964041,80.787941,1.0,0,0.0,1,0,1,14,2602,186.0,0,5,4.0,0,0.0,Liberation Tigers of Tamil Eelam (LTTE)
16089,1986,8,15,0,43,3,271,2099,-33.366238,-70.505302,1.0,0,1.0,1,0,7,1,2721,43.0,0,8,0.0,1,0.0,Manuel Rodriguez Patriotic Front (FPMR)
17476,1987,6,20,0,160,5,3,9,10.295334,123.87825,1.0,0,0.0,1,0,3,3,431,160.0,0,6,1.0,1,0.0,New People's Army (NPA)
66281,2015,3,10,0,214,9,146,1077,47.098835,37.81987,1.0,1,0.0,0,0,2,4,1709,214.0,0,5,0.0,0,0.0,Donetsk People's Republic
16846,1987,3,6,0,159,3,277,2111,-11.967368,-76.978462,1.0,0,1.0,1,0,3,1,4760,159.0,0,6,0.0,1,0.0,Tupac Amaru Revolutionary Movement (MRTA)
52753,2012,7,29,0,4,6,513,3661,31.825871,64.576431,1.0,0,0.0,1,0,2,3,172,4.0,0,5,6.0,0,0.0,Taliban
18211,1987,10,6,0,186,6,218,1977,7.301756,81.67473,3.0,0,0.0,1,0,2,19,56,186.0,0,5,20.0,1,0.0,Liberation Tigers of Tamil Eelam (LTTE)
18877,1988,2,5,0,186,6,262,2075,8.665596,80.296238,1.0,0,0.0,1,0,2,3,2593,186.0,0,5,7.0,1,0.0,Liberation Tigers of Tamil Eelam (LTTE)
13558,1985,3,28,0,159,3,277,2111,-11.967368,-76.978462,1.0,0,1.0,1,0,3,9,4818,159.0,0,6,1.0,1,0.0,Tupac Amaru Revolutionary Movement (MRTA)
14278,1985,7,19,0,159,3,277,2111,-11.967368,-76.978462,1.0,0,0.0,1,0,5,10,4806,159.0,0,5,0.0,1,1.0,Tupac Amaru Revolutionary Movement (MRTA)
67294,2015,5,1,0,160,5,0,59,6.606469,122.192254,1.0,0,0.0,1,0,6,14,108,160.0,0,9,1.0,0,1.0,Abu Sayyaf Group (ASG)
34057,1995,3,29,0,75,8,197,1662,52.372068,9.735686,1.0,0,0.0,1,0,7,1,2383,209.0,0,8,0.0,1,0.0,Kurdistan Workers' Party (PKK)
14863,1985,12,2,0,145,2,440,2987,12.21635,-85.16595,1.0,0,0.0,1,0,2,4,1762,145.0,0,5,1.0,1,0.0,Nicaraguan Democratic Force (FDN)
73575,2016,3,28,0,160,5,388,2709,10.299222,123.114941,1.0,0,0.0,1,0,2,4,3393,160.0,0,5,1.0,0,0.0,New People's Army (NPA)
52696,2012,7,23,0,95,10,38,251,35.45211,44.375465,1.0,0,1.0,1,0,3,2,588,95.0,0,6,0.0,0,0.0,Al-Qaida in Iraq
27938,1991,7,26,0,155,10,456,3051,32.405292,35.201729,1.0,1,0.0,1,0,2,19,3656,97.0,0,5,0.0,1,0.0,Palestinians
71563,2015,12,5,0,228,10,48,358,12.867085,44.981911,1.0,0,0.0,1,0,1,2,744,228.0,0,5,4.0,1,0.0,Al-Qaida in the Arabian Peninsula (AQAP)
27980,1991,7,30,0,155,10,327,2347,31.278791,34.256435,1.0,0,0.0,0,0,1,14,3743,97.0,0,9,0.0,0,0.0,Palestinians
63530,2014,10,18,1,147,11,113,659,10.645108,13.484032,1.0,0,1.0,1,0,6,14,27,147.0,0,8,1.0,1,1.0,Boko Haram
79973,2017,4,21,0,92,6,131,2218,18.839444,83.232778,1.0,0,0.0,1,0,6,14,2918,92.0,0,9,1.0,0,1.0,Maoists
65785,2015,2,12,0,147,11,108,664,11.930234,13.242173,3.0,0,1.0,1,0,3,14,27,147.0,0,6,11.0,1,0.0,Boko Haram
62763,2014,9,14,0,147,11,170,1295,7.913514,10.064535,1.0,0,0.0,1,0,2,14,812,147.0,0,5,20.0,1,0.0,Fulani extremists
81257,2017,7,3,0,209,10,238,1898,37.985293,44.045207,3.0,0,0.0,1,0,3,4,559,209.0,0,6,1.0,1,0.0,Kurdistan Workers' Party (PKK)
6671,1980,6,7,0,97,10,265,3063,30.933888,35.378208,1.0,1,0.0,1,0,2,14,3690,97.0,0,5,0.0,1,0.0,Palestinians
4788,1979,3,10,0,69,8,137,132,48.856644,2.34233,1.0,0,0.0,1,0,3,1,1166,69.0,0,6,0.0,1,0.0,Corsican National Liberation Front (FLNC)
49686,2011,5,25,0,92,6,127,786,24.128611,84.185712,3.0,0,0.0,1,0,7,1,1301,92.0,0,8,0.0,1,0.0,Communist Party of India - Maoist (CPI-Maoist)
9895,1983,3,6,0,61,2,158,1187,13.5,-88.9,1.0,0,0.0,1,0,2,4,1772,61.0,0,5,1.0,1,0.0,Farabundo Marti National Liberation Front (FMLN)
33432,1994,9,10,0,43,3,271,2099,-33.366238,-70.505302,1.0,0,0.0,1,0,3,1,283,43.0,0,6,0.0,1,0.0,Manuel Rodriguez Patriotic Front (FPMR)
51061,2012,2,15,0,153,6,427,3769,34.0,71.383333,2.0,0,0.0,1,0,3,14,13,153.0,0,6,1.0,1,0.0,Tehrik-i-Taliban Pakistan (TTP)
64130,2014,11,22,1,123,11,317,2397,18.442701,1.411332,1.0,1,1.0,1,0,6,14,1257,123.0,0,5,1.0,0,1.0,Muslim extremists
12804,1984,9,20,0,69,8,17,132,48.856644,2.34233,1.0,0,0.0,1,0,3,1,1607,69.0,0,6,0.0,1,0.0,Corsican National Liberation Front (FLNC)
61883,2014,7,27,0,160,5,14,2693,9.05,118.033333,1.0,0,0.0,1,0,7,1,3409,160.0,0,8,0.0,1,0.0,New People's Army (NPA)
76117,2016,8,24,0,209,10,233,1847,39.018605,40.574546,1.0,1,0.0,1,0,3,4,48,209.0,0,6,1.0,0,0.0,Kurdistan Workers' Party (PKK)
74034,2016,4,25,0,228,10,60,353,13.586484,44.024105,1.0,0,1.0,1,0,3,4,48,228.0,0,6,0.0,-9,0.0,Houthi extremists (Ansar Allah)
58471,2014,2,10,0,182,11,68,405,2.059819,45.326115,1.0,0,0.0,0,0,1,2,875,182.0,0,6,0.0,1,0.0,Al-Shabaab
19013,1988,2,21,0,159,3,277,2111,-11.967368,-76.978462,1.0,0,0.0,1,0,3,1,2727,159.0,0,6,0.0,1,0.0,Manuel Rodriguez Patriotic Front (FPMR)
69042,2015,7,23,0,228,10,48,310,12.825647,44.846416,1.0,0,0.0,1,0,3,6,355,228.0,0,6,0.0,0,0.0,Houthi extremists (Ansar Allah)
82653,2017,10,7,0,45,3,361,2547,5.695265,-76.64748,1.0,1,0.0,1,0,7,14,722,45.0,0,8,0.0,1,0.0,National Liberation Army of Colombia (ELN)
4473,1978,11,20,0,185,8,86,543,43.222177,-2.885668,1.0,0,0.0,1,0,2,3,1022,185.0,0,5,2.0,0,0.0,Basque Fatherland and Freedom (ETA)
41294,2004,3,10,0,141,6,286,2247,28.056065,81.628014,1.0,0,0.0,1,0,2,3,2938,141.0,0,5,3.0,0,0.0,Maoists
20247,1988,8,30,0,43,3,270,2098,-33.010693,-71.527794,1.0,0,0.0,1,0,3,2,2732,43.0,0,6,0.0,1,0.0,Manuel Rodriguez Patriotic Front (FPMR)
58178,2014,1,20,0,4,6,507,3527,31.784801,65.755234,3.0,0,0.0,1,1,3,4,4442,422.0,0,6,10.0,1,0.0,Taliban
52268,2012,6,12,0,147,11,108,24,12.12052,13.174035,4.0,0,0.0,1,0,2,3,12,147.0,0,5,3.0,0,0.0,Boko Haram
77394,2016,11,5,0,147,11,108,658,10.869205,12.847621,2.0,0,0.0,1,0,2,14,27,147.0,0,6,2.0,1,0.0,Boko Haram
12397,1984,7,2,0,61,2,152,1192,13.719546,-88.360633,1.0,0,0.0,1,0,2,4,1788,61.0,0,5,7.0,1,0.0,Farabundo Marti National Liberation Front (FMLN)
58549,2014,2,15,0,147,11,108,712,12.12052,13.174035,4.0,0,1.0,1,0,2,14,27,147.0,0,6,106.0,1,-9.0,Boko Haram
53208,2012,9,9,0,95,10,38,290,35.272076,43.915043,1.0,0,1.0,1,0,3,4,48,95.0,0,6,0.0,0,0.0,Al-Qaida in Iraq
20818,1988,11,26,0,43,3,271,2099,-33.366238,-70.505302,1.0,0,0.0,1,0,3,21,2741,43.0,0,6,0.0,1,0.0,Manuel Rodriguez Patriotic Front (FPMR)
60507,2014,5,29,0,228,10,50,319,14.533328,49.133252,1.0,0,0.0,1,0,2,2,645,228.0,0,5,2.0,1,0.0,Al-Qaida in the Arabian Peninsula (AQAP)
28763,1991,10,21,0,603,8,190,1609,54.607712,-5.95621,1.0,0,0.0,1,0,1,14,2111,233.0,0,6,1.0,0,0.0,Irish Republican Army (IRA)
13253,1985,1,10,0,145,2,447,2965,13.93412,-84.59281,1.0,0,0.0,1,0,2,4,1762,145.0,0,5,12.0,1,0.0,Nicaraguan Democratic Force (FDN)
9663,1983,1,16,0,61,2,160,24,13.447063,-88.556531,4.0,0,0.0,1,0,7,2,1791,61.0,0,5,0.0,1,0.0,Farabundo Marti National Liberation Front (FMLN)
32101,1992,12,16,0,45,3,469,2099,1.14646,-77.00389,1.0,0,0.0,1,0,2,4,562,45.0,0,5,8.0,1,0.0,Revolutionary Armed Forces of Colombia (FARC)
8491,1982,3,16,0,61,2,150,1156,13.69288,-89.199161,1.0,0,0.0,1,0,2,14,1823,61.0,0,5,1.0,1,0.0,Farabundo Marti National Liberation Front (FMLN)
40161,2002,6,17,1,160,5,1,24,6.05519,121.001323,4.0,0,0.0,1,0,6,14,28,93.0,0,5,0.0,-9,1.0,Abu Sayyaf Group (ASG)
17014,1987,4,10,0,61,2,162,1203,13.921389,-89.845,1.0,0,0.0,1,0,2,19,1804,61.0,0,5,1.0,1,0.0,Farabundo Marti National Liberation Front (FMLN)
18394,1987,11,4,0,43,3,271,2099,-33.366238,-70.505302,1.0,0,0.0,1,0,3,21,1813,43.0,0,6,0.0,1,0.0,Manuel Rodriguez Patriotic Front (FPMR)
48114,2010,5,26,0,92,6,129,806,22.404193,87.379866,3.0,0,0.0,1,0,2,14,1400,92.0,0,5,1.0,-9,0.0,Communist Party of India - Maoist (CPI-Maoist)
68581,2015,7,1,0,92,6,131,2160,20.937726,85.089076,2.0,0,0.0,1,0,8,14,2875,92.0,0,9,1.0,0,1.0,Maoists
9310,1982,10,20,0,61,2,158,1218,13.89271,-88.043983,1.0,0,0.0,1,0,2,4,1762,61.0,0,5,1.0,1,0.0,Farabundo Marti National Liberation Front (FMLN)
61930,2014,7,29,0,214,9,146,1097,48.327225,38.025673,1.0,0,0.0,1,0,2,13,1736,214.0,0,5,1.0,1,0.0,Donetsk People's Republic
66610,2015,3,29,0,153,6,353,3776,33.976307,71.437157,1.0,0,0.0,1,0,1,4,4629,153.0,0,5,1.0,0,0.0,Tehrik-i-Taliban Pakistan (TTP)
49608,2011,5,8,0,92,6,128,813,19.723535,81.242411,1.0,0,0.0,1,0,2,20,1449,92.0,0,5,0.0,-9,0.0,Communist Party of India - Maoist (CPI-Maoist)
25430,1990,7,23,1,155,10,456,3067,31.907141,35.198219,1.0,0,0.0,1,0,6,14,3699,155.0,0,5,1.0,0,1.0,Palestinians
44329,2007,11,17,0,95,10,36,253,34.208416,43.890713,1.0,0,0.0,0,0,2,4,487,217.0,0,5,6.0,0,0.0,Al-Qaida in Iraq
8793,1982,5,26,0,183,11,27,24,-29.601439,30.376695,4.0,0,0.0,1,0,3,2,358,183.0,0,6,0.0,1,0.0,African National Congress (South Africa)
19434,1988,5,1,0,69,8,136,1020,42.016854,9.403982,1.0,0,1.0,1,0,3,1,1553,69.0,0,6,0.0,1,0.0,Corsican National Liberation Front (FLNC)
51565,2012,4,8,0,147,11,112,622,10.516667,7.433333,1.0,0,1.0,1,1,3,15,1211,147.0,0,6,42.0,1,0.0,Boko Haram
13169,1984,12,17,0,145,2,446,2504,12.688718,-86.112515,2.0,1,0.0,1,0,7,1,3587,145.0,0,5,1.0,1,0.0,Nicaraguan Democratic Force (FDN)
77856,2016,11,30,0,45,3,360,2529,8.572842,-73.095568,1.0,0,0.0,1,0,2,4,3209,45.0,0,5,1.0,0,0.0,National Liberation Army of Colombia (ELN)
54303,2013,1,17,0,95,10,44,268,32.625335,44.025134,1.0,0,1.0,1,0,3,14,491,999.0,0,6,1.0,1,0.0,Al-Qaida in Iraq
46513,2009,5,11,0,153,6,427,3802,34.110325,71.163803,1.0,0,0.0,1,0,3,8,4684,153.0,0,6,0.0,1,0.0,Tehrik-i-Taliban Pakistan (TTP)
26650,1991,2,1,0,186,6,218,2007,9.719408,79.856688,1.0,0,0.0,0,0,3,4,1191,186.0,0,6,0.0,1,0.0,Liberation Tigers of Tamil Eelam (LTTE)
14739,1985,11,8,0,43,3,271,2099,-33.366238,-70.505302,1.0,0,0.0,1,0,3,2,2705,43.0,0,6,0.0,1,0.0,Manuel Rodriguez Patriotic Front (FPMR)
13997,1985,6,7,0,159,3,277,2111,-11.967368,-76.978462,1.0,0,0.0,1,0,2,1,321,159.0,0,5,1.0,1,0.0,Tupac Amaru Revolutionary Movement (MRTA)
74758,2016,6,5,0,147,11,167,1387,7.350826,8.836276,2.0,0,1.0,1,0,2,14,27,147.0,0,5,2.0,1,0.0,Fulani extremists
23417,1989,10,13,0,186,6,262,1980,9.666399,80.020477,1.0,1,0.0,1,0,2,3,562,186.0,0,5,5.0,1,0.0,Liberation Tigers of Tamil Eelam (LTTE)
28749,1991,10,20,0,92,6,339,3414,30.245796,75.842072,1.0,1,1.0,1,0,7,1,1088,92.0,0,8,0.0,1,0.0,Sikh Extremists
18780,1988,1,21,0,61,2,151,1246,14.179294,-89.04989,1.0,0,0.0,0,0,3,14,1859,61.0,0,5,0.0,1,0.0,Farabundo Marti National Liberation Front (FMLN)
14681,1985,10,27,0,45,3,368,24,2.535935,-75.52767,4.0,0,0.0,1,0,2,4,1772,45.0,0,5,4.0,1,0.0,National Liberation Army of Colombia (ELN)
47596,2010,2,9,0,160,5,410,2669,13.416,120.4623,1.0,0,0.0,1,0,7,16,3362,160.0,0,8,0.0,1,0.0,New People's Army (NPA)
26371,1990,12,19,0,160,5,421,70,14.67428,121.057495,1.0,0,0.0,0,0,1,3,3454,160.0,0,5,0.0,0,0.0,New People's Army (NPA)
66503,2015,3,21,0,182,11,66,412,2.14383,45.118061,1.0,0,0.0,1,0,3,2,842,182.0,0,6,2.0,1,0.0,Al-Shabaab
71666,2015,12,13,0,147,11,118,1431,9.756643,8.874665,1.0,0,1.0,1,0,2,14,13,147.0,0,5,2.0,0,0.0,Fulani extremists
63204,2014,10,3,0,182,11,74,413,3.381584,45.598389,1.0,0,0.0,1,0,2,14,13,182.0,0,5,2.0,0,0.0,Al-Shabaab
48352,2010,7,13,0,92,6,129,842,22.35435,86.906606,1.0,0,0.0,1,0,6,14,851,92.0,0,5,1.0,0,1.0,Communist Party of India - Maoist (CPI-Maoist)
11267,1983,12,15,0,183,11,19,137,-26.184113,28.033232,1.0,0,0.0,1,0,3,2,386,183.0,0,6,0.0,1,0.0,African National Congress (South Africa)
65859,2015,2,15,0,95,10,34,250,33.787583,44.668683,1.0,0,0.0,0,0,3,4,2285,95.0,0,6,1.0,0,0.0,Islamic State of Iraq and the Levant (ISIL)
43992,2007,6,30,0,603,8,45,295,55.863239,-4.427852,1.0,0,0.0,1,1,2,6,558,216.0,0,8,1.0,1,0.0,Al-Qaida in Iraq
75015,2016,6,19,0,92,6,126,905,24.750417,84.500395,1.0,0,0.0,1,0,3,3,1427,92.0,0,6,1.0,-9,0.0,Communist Party of India - Maoist (CPI-Maoist)
14935,1985,12,21,0,145,2,446,2931,12.84803,-85.23751,1.0,0,0.0,1,0,2,4,1762,145.0,0,5,1.0,1,0.0,Nicaraguan Democratic Force (FDN)
44926,2008,5,20,0,186,6,266,2027,7.323151,80.624843,1.0,0,0.0,1,0,3,19,2544,186.0,0,6,0.0,1,0.0,Liberation Tigers of Tamil Eelam (LTTE)
62476,2014,8,27,0,45,3,363,3178,6.961684,-75.426826,3.0,0,0.0,0,0,2,14,2479,45.0,0,8,0.0,1,0.0,Revolutionary Armed Forces of Colombia (FARC)
66751,2015,4,5,0,60,10,293,237,31.105773,29.764839,1.0,0,0.0,1,0,2,15,1211,60.0,0,5,0.0,0,0.0,Muslim extremists
24517,1990,3,26,0,160,5,11,43,14.596051,120.978666,1.0,0,0.0,1,0,1,1,3396,160.0,0,5,1.0,0,0.0,New People's Army (NPA)
40821,2003,4,13,1,160,5,1,18,5.544054,120.815636,1.0,0,0.0,1,0,6,14,19,160.0,0,5,0.0,0,1.0,Abu Sayyaf Group (ASG)
45242,2008,7,20,0,160,5,420,2713,6.61417,125.236669,1.0,0,0.0,1,0,7,1,3397,422.0,0,5,0.0,1,0.0,New People's Army (NPA)
10882,1983,9,28,0,45,3,363,2491,6.242026,-75.564766,1.0,0,0.0,1,0,1,2,3202,45.0,0,5,1.0,0,0.0,National Liberation Army of Colombia (ELN)
80241,2017,5,12,0,92,6,127,833,22.572048,85.460775,2.0,0,0.0,1,0,2,14,1346,92.0,0,5,0.0,0,0.0,Communist Party of India - Maoist (CPI-Maoist)
61284,2014,7,5,0,147,11,170,1380,7.853282,10.963859,3.0,0,1.0,1,0,2,14,27,147.0,0,5,7.0,1,0.0,Fulani extremists
69742,2015,8,26,0,92,6,131,2267,18.108223,82.109026,1.0,0,0.0,1,0,3,4,12,92.0,0,6,4.0,-9,0.0,Maoists
7723,1981,6,6,0,603,8,190,24,54.787715,-6.492314,4.0,0,0.0,1,0,2,3,2168,216.0,0,5,1.0,0,0.0,Irish Republican Army (IRA)
26636,1991,1,29,0,186,6,263,2003,8.8341,80.760739,1.0,0,0.0,1,0,2,4,2508,186.0,0,5,7.0,1,0.0,Liberation Tigers of Tamil Eelam (LTTE)
24316,1990,2,27,0,185,8,99,563,39.470239,-0.376805,1.0,0,0.0,0,0,1,4,1036,185.0,0,6,0.0,0,0.0,Basque Fatherland and Freedom (ETA)
47475,2009,12,28,0,92,6,133,917,16.635664,82.097085,1.0,0,0.0,1,0,1,2,1439,92.0,0,5,2.0,-9,0.0,Communist Party of India - Maoist (CPI-Maoist)
15191,1986,2,15,0,183,11,18,138,-29.861824,31.008293,1.0,0,0.0,1,0,3,21,266,183.0,0,6,1.0,1,0.0,African National Congress (South Africa)
46493,2009,5,8,0,92,6,129,955,23.687114,86.97355,1.0,0,0.0,1,0,3,2,1480,92.0,0,6,1.0,-9,0.0,Communist Party of India - Maoist (CPI-Maoist)
82813,2017,10,19,1,147,11,172,1299,7.855064,5.343466,1.0,1,0.0,1,0,6,15,1915,147.0,0,5,1.0,0,1.0,Fulani extremists
62956,2014,9,21,0,147,11,108,673,12.672917,13.616014,1.0,0,0.0,1,0,2,14,486,147.0,0,5,9.0,-9,0.0,Boko Haram
22362,1989,6,21,0,155,10,456,3033,32.222271,35.253506,1.0,0,0.0,1,0,1,14,3752,155.0,0,5,1.0,0,0.0,Palestinians
10225,1983,5,22,0,61,2,151,24,14.191665,-89.1706,4.0,0,0.0,1,0,3,21,1761,61.0,0,6,1.0,1,0.0,Farabundo Marti National Liberation Front (FMLN)
48743,2010,10,8,0,92,6,133,926,17.248678,80.147376,2.0,0,0.0,1,0,6,14,1448,92.0,0,5,1.0,0,1.0,Communist Party of India - Maoist (CPI-Maoist)
13775,1985,5,10,0,69,8,136,24,41.919593,8.737687,4.0,0,1.0,1,0,3,1,1556,69.0,0,6,0.0,1,0.0,Corsican National Liberation Front (FLNC)
70260,2015,9,22,0,104,11,67,407,3.938715,41.844707,1.0,0,0.0,1,0,3,4,559,104.0,0,6,3.0,1,0.0,Al-Shabaab
62079,2014,8,6,0,228,10,54,363,14.354522,47.075779,1.0,0,0.0,1,0,2,4,559,228.0,0,6,5.0,1,0.0,Al-Qaida in the Arabian Peninsula (AQAP)
21040,1988,12,23,0,61,2,150,1156,13.69288,-89.199161,1.0,0,0.0,1,0,3,2,1783,61.0,0,6,1.0,1,0.0,Farabundo Marti National Liberation Front (FMLN)
35863,1996,10,26,0,45,3,363,2545,5.59,-75.867222,2.0,0,0.0,1,0,7,19,3228,45.0,0,8,0.0,1,0.0,National Liberation Army of Colombia (ELN)
39617,2001,11,3,1,160,5,5,24,7.075778,125.587755,4.0,0,0.0,1,0,6,14,29,38.0,0,5,0.0,0,1.0,Abu Sayyaf Group (ASG)
30920,1992,8,4,0,186,6,262,2001,8.980118,79.912462,1.0,1,0.0,1,0,2,4,2527,186.0,0,5,4.0,1,0.0,Liberation Tigers of Tamil Eelam (LTTE)
65686,2015,2,9,0,147,11,110,728,12.562439,10.925608,1.0,0,0.0,1,0,6,3,175,147.0,0,6,1.0,0,1.0,Boko Haram
75341,2016,7,6,1,147,11,112,1346,10.57481,8.148878,2.0,0,0.0,1,0,6,14,27,147.0,0,5,0.0,1,1.0,Fulani extremists
32682,1994,3,20,0,75,8,255,1916,50.084284,8.238717,1.0,0,0.0,1,0,7,19,2440,75.0,0,8,0.0,1,0.0,Kurdistan Workers' Party (PKK)
15689,1986,5,31,0,145,2,438,2947,13.087135,-86.355572,4.0,1,0.0,1,0,2,4,1768,145.0,0,5,1.0,1,0.0,Nicaraguan Democratic Force (FDN)
27537,1991,6,12,0,159,3,277,2111,-11.967368,-76.978462,1.0,0,1.0,1,0,3,1,766,159.0,0,6,0.0,1,0.0,Tupac Amaru Revolutionary Movement (MRTA)
12409,1984,7,4,0,61,2,150,1156,13.69288,-89.199161,1.0,0,1.0,1,0,3,21,1761,61.0,0,6,1.0,1,0.0,Farabundo Marti National Liberation Front (FMLN)
14407,1985,8,17,0,145,2,436,2961,13.47277,-85.76709,1.0,0,0.0,1,0,2,4,562,145.0,0,5,0.0,1,0.0,Nicaraguan Democratic Force (FDN)
39087,2001,5,15,0,185,8,86,536,43.280364,-2.171588,1.0,0,0.0,1,0,3,10,985,185.0,0,6,0.0,-9,0.0,Basque Fatherland and Freedom (ETA)
11923,1984,4,1,0,43,3,271,2099,-33.366238,-70.505302,1.0,0,1.0,1,0,3,21,2751,43.0,0,6,1.0,1,0.0,Manuel Rodriguez Patriotic Front (FPMR)
33227,1994,7,9,0,45,3,365,2531,9.257778,-73.812222,1.0,0,0.0,0,0,3,21,3215,45.0,0,6,1.0,1,0.0,National Liberation Army of Colombia (ELN)
71021,2015,11,1,0,95,10,32,1726,33.365791,43.95932,1.0,0,0.0,0,1,3,4,48,95.0,0,6,1.0,0,0.0,Islamic State of Iraq and the Levant (ISIL)
44730,2008,4,12,0,185,8,94,24,42.695391,-1.676069,4.0,0,0.0,1,0,3,16,977,185.0,0,6,0.0,1,0.0,Basque Fatherland and Freedom (ETA)
33604,1994,11,5,0,209,10,228,1843,37.312903,40.733951,1.0,0,0.0,1,0,1,8,881,209.0,0,5,4.0,0,0.0,Kurdistan Workers' Party (PKK)
62785,2014,9,15,0,228,10,57,24,16.790182,45.299386,4.0,0,0.0,1,0,3,21,638,228.0,0,6,0.0,1,0.0,Houthi extremists (Ansar Allah)
26037,1990,10,24,0,43,3,271,2099,-33.366238,-70.505302,1.0,0,0.0,1,0,5,10,2704,43.0,0,5,0.0,1,0.0,Manuel Rodriguez Patriotic Front (FPMR)
7520,1981,4,2,0,603,8,190,1613,54.347539,-6.656108,1.0,0,0.0,1,0,3,3,2199,233.0,0,6,1.0,1,0.0,Irish Republican Army (IRA)
74295,2016,5,8,0,228,10,60,353,13.586484,44.024105,1.0,0,0.0,1,0,3,14,892,228.0,0,6,2.0,-9,0.0,Houthi extremists (Ansar Allah)
66836,2015,4,10,0,214,9,146,1081,48.064426,37.673248,1.0,1,0.0,1,0,2,4,48,214.0,0,6,0.0,-9,0.0,Donetsk People's Republic
4606,1979,1,13,0,185,8,86,508,43.178205,-2.31164,1.0,0,0.0,1,0,3,3,941,185.0,0,6,2.0,1,0.0,Basque Fatherland and Freedom (ETA)
4695,1979,2,3,0,185,8,86,533,43.22048,-2.021122,1.0,0,0.0,1,0,2,3,973,185.0,0,5,1.0,1,0.0,Basque Fatherland and Freedom (ETA)
75429,2016,7,12,0,95,10,33,248,33.303566,44.371773,1.0,0,0.0,1,1,3,14,2319,95.0,0,6,12.0,1,0.0,Islamic State of Iraq and the Levant (ISIL)
81384,2017,7,13,0,95,10,37,255,36.354145,43.14357,1.0,0,1.0,1,1,3,4,48,95.0,0,6,2.0,1,0.0,Islamic State of Iraq and the Levant (ISIL)
48551,2010,9,6,0,153,6,353,3722,34.006004,71.53743,1.0,1,0.0,1,0,3,8,4638,153.0,0,6,0.0,1,0.0,Tehrik-i-Taliban Pakistan (TTP)
53799,2012,11,9,0,92,6,127,2240,24.179793,86.306772,1.0,0,0.0,1,0,3,3,2933,92.0,0,6,4.0,0,0.0,Maoists
49389,2011,3,14,0,92,6,134,882,19.413354,80.00591,1.0,1,0.0,1,0,2,3,1401,92.0,0,9,1.0,0,0.0,Communist Party of India - Maoist (CPI-Maoist)
58370,2014,2,2,0,92,6,128,2211,20.196479,81.064575,2.0,0,0.0,1,0,3,3,12,92.0,0,6,1.0,0,0.0,Maoists
51133,2012,2,23,0,95,10,33,248,33.303566,44.371773,1.0,0,1.0,1,0,3,14,13,95.0,0,6,2.0,-9,0.0,Al-Qaida in Iraq
63496,2014,10,16,0,214,9,146,1079,48.143208,37.753361,1.0,1,0.0,0,0,2,4,48,214.0,0,5,0.0,0,0.0,Donetsk People's Republic
55614,2013,5,31,0,153,6,427,3763,33.726945,70.694618,3.0,0,0.0,1,0,2,4,2901,153.0,0,5,23.0,0,0.0,Tehrik-i-Taliban Pakistan (TTP)
71883,2015,12,24,0,95,10,33,248,33.303566,44.371773,1.0,0,0.0,1,0,3,14,486,95.0,0,6,1.0,-9,0.0,Islamic State of Iraq and the Levant (ISIL)
4894,1979,3,23,0,603,8,190,24,54.787715,-6.492314,4.0,0,0.0,1,0,3,1,766,233.0,0,6,1.0,1,0.0,Irish Republican Army (IRA)
17801,1987,8,5,0,183,11,20,212,-33.89969,25.57362,1.0,0,0.0,1,0,2,3,267,183.0,0,5,1.0,1,0.0,African National Congress (South Africa)
10842,1983,9,17,0,145,2,444,2860,11.948379,-86.300271,1.0,0,0.0,1,0,2,4,1762,145.0,0,5,1.0,1,0.0,Nicaraguan Democratic Force (FDN)
8850,1982,6,13,0,185,8,86,516,43.32412,-1.929857,1.0,0,0.0,1,0,1,3,1039,185.0,0,5,1.0,0,0.0,Basque Fatherland and Freedom (ETA)
81753,2017,8,2,0,4,6,507,3614,31.639774,64.968149,2.0,0,0.0,1,0,3,14,559,4.0,0,6,3.0,1,0.0,Taliban
56128,2013,7,21,1,228,10,53,315,15.325443,44.211895,1.0,0,0.0,1,0,6,7,682,94.0,0,5,0.0,0,1.0,Al-Qaida in the Arabian Peninsula (AQAP)
49101,2010,12,30,0,92,6,130,888,19.17,83.42,3.0,0,0.0,1,0,2,3,1409,92.0,0,5,1.0,0,0.0,Communist Party of India - Maoist (CPI-Maoist)
13032,1984,11,13,0,61,2,160,24,13.447063,-88.556531,4.0,0,1.0,1,0,2,1,1802,61.0,0,8,0.0,1,0.0,Farabundo Marti National Liberation Front (FMLN)
33041,1994,5,18,0,209,10,231,24,39.626922,43.021597,4.0,1,0.0,1,0,2,4,562,209.0,0,5,15.0,1,0.0,Kurdistan Workers' Party (PKK)
10337,1983,6,9,0,145,2,437,2873,14.065404,-86.024135,1.0,0,0.0,1,0,2,14,3534,145.0,0,5,18.0,1,1.0,Nicaraguan Democratic Force (FDN)
68608,2015,7,2,0,160,5,387,2664,8.058913,125.861375,1.0,0,0.0,1,0,3,4,12,160.0,0,6,0.0,0,0.0,New People's Army (NPA)
55339,2013,5,4,0,153,6,468,3124,24.891115,67.143311,1.0,0,1.0,1,0,3,22,560,153.0,0,6,3.0,1,0.0,Tehrik-i-Taliban Pakistan (TTP)
74019,2016,4,24,0,153,6,427,3758,34.458016,71.117305,2.0,0,1.0,1,0,3,4,12,153.0,0,6,1.0,0,0.0,Tehrik-i-Taliban Pakistan (TTP)
18157,1987,9,28,0,92,6,339,3467,31.432514,75.655905,1.0,0,0.0,1,0,2,14,4345,92.0,0,5,6.0,1,0.0,Sikh Extremists
5252,1979,6,8,0,69,8,137,132,48.856644,2.34233,1.0,0,0.0,1,0,7,1,1570,69.0,0,8,0.0,1,0.0,Corsican National Liberation Front (FLNC)
81244,2017,7,3,0,147,11,108,670,12.202892,14.017341,1.0,0,0.0,1,0,2,4,1242,147.0,0,5,4.0,0,0.0,Boko Haram
66380,2015,3,15,0,160,5,0,85,6.700414,121.972557,1.0,0,0.0,1,0,6,14,170,160.0,0,5,0.0,0,1.0,Abu Sayyaf Group (ASG)
76500,2016,9,19,1,160,5,10,80,7.585122,122.142525,1.0,0,0.0,1,0,6,1,155,160.0,0,5,0.0,0,1.0,Abu Sayyaf Group (ASG)
17369,1987,6,7,0,45,3,364,2485,4.667128,-74.106056,1.0,0,0.0,1,0,2,4,1772,45.0,0,5,1.0,1,0.0,National Liberation Army of Colombia (ELN)
32358,1994,1,26,0,185,8,94,534,42.815372,-1.653616,1.0,0,1.0,1,0,3,1,766,185.0,0,6,0.0,1,0.0,Basque Fatherland and Freedom (ETA)
65086,2015,1,14,0,214,9,146,1105,48.139713,37.643398,1.0,0,0.0,1,0,3,14,205,214.0,0,6,0.0,-9,0.0,Donetsk People's Republic
40431,2002,11,14,0,141,6,266,2195,27.666612,86.050411,1.0,1,0.0,1,0,3,19,2904,141.0,0,6,2.0,1,0.0,Maoists
58378,2014,2,3,1,228,10,53,315,15.325443,44.211895,1.0,0,0.0,1,0,6,1,733,216.0,0,5,0.0,0,1.0,Al-Qaida in the Arabian Peninsula (AQAP)
4391,1978,10,14,0,185,8,86,512,43.258434,-2.921819,1.0,0,0.0,1,0,1,3,944,185.0,0,5,2.0,0,0.0,Basque Fatherland and Freedom (ETA)
10212,1983,5,20,0,183,11,19,167,-25.748281,28.212069,1.0,0,0.0,1,0,3,4,313,183.0,0,6,19.0,1,0.0,African National Congress (South Africa)
53205,2012,9,9,0,95,10,38,251,35.45211,44.375465,1.0,1,1.0,1,0,3,3,550,95.0,0,6,9.0,1,0.0,Al-Qaida in Iraq
49712,2011,5,31,0,92,6,131,930,19.145379,84.65249,1.0,0,0.0,1,0,2,14,1453,92.0,0,9,0.0,-9,0.0,Communist Party of India - Maoist (CPI-Maoist)
33599,1994,11,2,0,45,3,363,2500,6.978951,-75.296249,1.0,0,0.0,1,0,3,3,1654,45.0,0,6,12.0,1,0.0,National Liberation Army of Colombia (ELN)
63461,2014,10,15,0,214,9,146,1133,48.268059,38.52132,1.0,0,0.0,1,0,3,4,48,214.0,0,6,0.0,0,0.0,Donetsk People's Republic
43340,2006,10,2,0,186,6,218,1979,6.875271,81.830633,1.0,0,0.0,1,0,2,3,2485,186.0,0,5,1.0,0,0.0,Liberation Tigers of Tamil Eelam (LTTE)
10293,1983,5,28,0,110,10,457,3034,33.888523,35.503513,1.0,0,0.0,1,0,3,4,3732,97.0,0,6,1.0,1,0.0,Palestinians
69328,2015,8,6,0,209,10,234,1828,37.922218,40.184376,1.0,0,0.0,0,0,2,14,2426,209.0,0,5,0.0,0,0.0,Kurdistan Workers' Party (PKK)
65761,2015,2,11,1,45,3,361,2483,6.067805,-77.164991,2.0,1,0.0,1,0,6,14,13,45.0,0,5,1.0,0,1.0,National Liberation Army of Colombia (ELN)
27791,1991,7,11,0,159,3,277,2111,-11.967368,-76.978462,1.0,0,0.0,1,0,3,3,4800,159.0,0,5,2.0,1,0.0,Tupac Amaru Revolutionary Movement (MRTA)
45224,2008,7,15,0,92,6,130,799,18.364195,81.892418,3.0,0,0.0,1,0,7,14,2891,92.0,0,8,0.0,1,0.0,Maoists
56457,2013,8,15,0,60,10,291,2354,31.126646,33.800865,1.0,0,1.0,1,0,2,4,20,60.0,0,6,2.0,0,0.0,Muslim extremists
55213,2013,4,21,0,182,11,66,474,1.781386,44.719677,3.0,0,0.0,1,0,3,4,162,422.0,0,6,1.0,1,0.0,Al-Shabaab
46103,2009,2,9,0,153,6,534,3796,32.987347,70.602524,1.0,1,0.0,1,0,3,8,4654,153.0,0,6,0.0,1,0.0,Tehrik-i-Taliban Pakistan (TTP)
50577,2011,12,4,0,228,10,52,329,13.129726,45.385571,1.0,1,0.0,1,0,3,4,745,228.0,0,6,5.0,0,0.0,Al-Qaida in the Arabian Peninsula (AQAP)
49316,2011,2,22,0,92,6,133,824,17.72726,81.189156,1.0,1,0.0,1,0,7,1,1335,92.0,0,8,0.0,1,0.0,Communist Party of India - Maoist (CPI-Maoist)
18134,1987,9,25,0,43,3,271,2099,-33.366238,-70.505302,1.0,0,0.0,1,0,2,19,1874,43.0,0,8,0.0,1,0.0,Manuel Rodriguez Patriotic Front (FPMR)
62756,2014,9,12,0,228,10,56,347,14.781294,42.972851,1.0,0,0.0,1,0,1,3,693,228.0,0,9,1.0,0,0.0,Al-Qaida in the Arabian Peninsula (AQAP)
36255,1997,4,21,0,45,3,364,2594,4.5981,-74.07603,3.0,0,0.0,0,0,3,4,2582,45.0,0,6,1.0,1,0.0,Revolutionary Armed Forces of Colombia (FARC)
82779,2017,10,16,0,147,11,118,1392,10.030051,8.799994,2.0,0,1.0,1,0,2,14,27,147.0,0,5,10.0,-9,0.0,Fulani extremists
63394,2014,10,13,0,214,9,146,1075,47.117252,37.572659,1.0,0,1.0,1,0,3,4,1702,214.0,0,6,0.0,0,0.0,Donetsk People's Republic
30616,1992,6,29,0,209,10,215,1870,37.199995,39.75422,1.0,0,0.0,1,0,1,19,2392,209.0,0,5,10.0,0,0.0,Kurdistan Workers' Party (PKK)
58436,2014,2,7,0,95,10,33,248,33.303566,44.371773,1.0,0,0.0,1,0,2,14,2311,95.0,0,5,1.0,0,0.0,Islamic State of Iraq and the Levant (ISIL)
80106,2017,4,30,0,160,5,393,2715,10.716667,122.266667,1.0,0,0.0,0,0,2,4,55,160.0,0,5,0.0,0,0.0,New People's Army (NPA)
54304,2013,1,17,0,95,10,42,265,32.469238,44.416637,1.0,1,1.0,1,0,3,14,491,95.0,0,6,5.0,0,0.0,Al-Qaida in Iraq
60932,2014,6,19,0,160,5,1,74,6.046389,121.078056,2.0,0,0.0,1,0,3,4,138,160.0,0,6,6.0,-9,0.0,Abu Sayyaf Group (ASG)
59545,2014,4,10,0,92,6,128,921,18.505515,81.555435,3.0,0,1.0,1,0,7,2,2895,92.0,0,5,0.0,-9,0.0,Maoists
11063,1983,11,3,0,183,11,19,218,-26.214336,28.167874,1.0,1,0.0,1,0,3,19,334,183.0,0,6,0.0,1,0.0,African National Congress (South Africa)
70650,2015,10,13,0,123,11,299,2360,20.129129,-4.338905,2.0,0,1.0,1,0,7,7,2479,422.0,0,8,0.0,1,0.0,Muslim extremists
22725,1989,8,15,0,183,11,25,176,-33.963038,18.501671,1.0,0,0.0,1,0,3,3,314,183.0,0,6,1.0,1,0.0,African National Congress (South Africa)
16512,1986,12,15,0,183,11,21,160,-25.785669,31.051162,1.0,1,0.0,1,0,3,3,301,183.0,0,6,0.0,1,0.0,African National Congress (South Africa)
29093,1991,11,20,0,159,3,277,2111,-11.967368,-76.978462,1.0,0,0.0,1,0,3,2,4826,159.0,0,6,0.0,1,0.0,Tupac Amaru Revolutionary Movement (MRTA)
16986,1987,4,6,0,603,8,190,1609,54.607712,-5.95621,1.0,0,0.0,1,0,3,14,2186,233.0,0,6,0.0,1,0.0,Irish Republican Army (IRA)
15768,1986,6,13,0,159,3,277,2111,-11.967368,-76.978462,1.0,1,1.0,1,0,3,9,4782,159.0,0,6,0.0,1,0.0,Tupac Amaru Revolutionary Movement (MRTA)
62250,2014,8,15,0,160,5,9,2752,6.471495,124.936372,2.0,1,0.0,1,0,7,1,3431,160.0,0,8,0.0,1,0.0,New People's Army (NPA)
72886,2016,2,16,0,209,10,228,1855,37.080181,41.220196,1.0,0,1.0,1,0,7,8,2430,209.0,0,8,0.0,1,0.0,Kurdistan Workers' Party (PKK)
1529,1973,11,13,0,603,8,190,1609,54.607712,-5.95621,1.0,0,0.0,1,0,1,14,2134,233.0,0,5,1.0,0,0.0,Irish Republican Army (IRA)
45692,2008,10,30,0,185,8,94,534,42.815372,-1.653616,1.0,0,0.0,1,0,3,8,1005,185.0,0,6,0.0,1,0.0,Basque Fatherland and Freedom (ETA)
54666,2013,2,19,0,160,5,12,2756,8.345058,124.976724,1.0,0,1.0,1,0,7,1,1223,160.0,0,8,0.0,1,0.0,New People's Army (NPA)
15769,1986,6,13,0,159,3,277,2111,-11.967368,-76.978462,1.0,1,1.0,1,0,3,9,4782,159.0,0,6,0.0,1,0.0,Tupac Amaru Revolutionary Movement (MRTA)
79359,2017,3,12,0,95,10,37,286,36.289417,42.411853,1.0,1,0.0,0,1,3,6,355,95.0,0,6,18.0,0,0.0,Islamic State of Iraq and the Levant (ISIL)
15837,1986,6,22,0,183,11,18,191,-29.943468,30.981181,1.0,0,0.0,1,0,3,21,348,183.0,0,6,0.0,1,0.0,African National Congress (South Africa)
38811,2001,1,18,0,45,3,361,3131,7.10577,-77.76488,1.0,0,0.0,1,0,1,2,3854,45.0,0,5,1.0,0,0.0,Revolutionary Armed Forces of Colombia (FARC)
70425,2015,10,3,0,182,11,74,447,4.210529,45.56049,1.0,0,0.0,1,0,3,4,48,182.0,0,6,1.0,-9,0.0,Al-Shabaab
41854,2005,3,10,0,69,8,136,1021,41.930607,8.742907,1.0,0,0.0,1,0,3,2,1617,69.0,0,6,0.0,1,0.0,Corsican National Liberation Front (FLNC)
22653,1989,8,2,0,186,6,262,1998,9.814937,80.16608,1.0,0,0.0,1,0,2,4,2612,92.0,0,5,35.0,1,0.0,Liberation Tigers of Tamil Eelam (LTTE)
22573,1989,7,25,0,159,3,277,2111,-11.967368,-76.978462,1.0,0,1.0,1,0,3,1,766,159.0,0,6,0.0,1,0.0,Tupac Amaru Revolutionary Movement (MRTA)
23910,1989,12,13,0,97,10,462,3092,32.486571,35.103314,1.0,0,0.0,1,0,3,14,3674,97.0,0,6,0.0,1,0.0,Palestinians
43471,2006,12,28,0,160,5,6,61,6.697343,125.082779,1.0,0,0.0,1,0,3,14,6,160.0,0,6,0.0,-9,0.0,Abu Sayyaf Group (ASG)
38253,2000,7,22,0,45,3,368,3179,2.77772,-75.25743,1.0,0,0.0,1,0,1,4,3985,45.0,0,5,1.0,0,0.0,Revolutionary Armed Forces of Colombia (FARC)
42796,2006,2,26,0,92,6,129,851,22.424,87.319,3.0,0,0.0,1,0,3,3,1363,92.0,0,6,4.0,-9,0.0,Communist Party of India - Maoist (CPI-Maoist)
36824,1998,3,5,0,186,6,218,2069,9.040794,80.582727,1.0,0,1.0,1,0,3,4,2601,186.0,0,6,9.0,1,0.0,Liberation Tigers of Tamil Eelam (LTTE)
78710,2017,1,30,0,160,5,402,2782,6.08525,125.272616,1.0,0,0.0,0,0,2,4,3383,160.0,0,5,0.0,0,0.0,New People's Army (NPA)
80807,2017,6,10,1,147,11,119,1384,5.668971,6.340234,3.0,0,0.0,1,0,6,8,1929,147.0,0,5,0.0,0,1.0,Fulani extremists
17241,1987,5,14,0,145,2,438,2850,13.131923,-86.345742,3.0,0,1.0,1,0,3,21,1107,145.0,0,6,0.0,1,0.0,Nicaraguan Democratic Force (FDN)
21848,1989,4,6,0,186,6,262,2020,8.738157,80.477147,3.0,0,0.0,1,0,2,4,562,92.0,0,5,28.0,1,0.0,Liberation Tigers of Tamil Eelam (LTTE)
82536,2017,9,28,1,160,5,397,2700,8.866664,126.036107,1.0,0,0.0,1,0,6,4,3386,160.0,0,5,1.0,0,1.0,New People's Army (NPA)
3851,1978,2,10,0,603,8,190,1609,54.607712,-5.95621,1.0,0,0.0,0,0,3,8,2142,233.0,0,6,0.0,1,0.0,Irish Republican Army (IRA)
24283,1990,2,21,0,45,3,363,24,6.2675,-75.568611,4.0,0,0.0,1,0,1,14,3213,45.0,0,5,2.0,0,0.0,National Liberation Army of Colombia (ELN)
60386,2014,5,24,0,228,10,50,328,15.940011,48.789753,1.0,0,1.0,1,0,3,2,330,228.0,0,6,3.0,-9,0.0,Al-Qaida in the Arabian Peninsula (AQAP)
67257,2015,4,29,1,214,9,146,1076,47.981647,37.762325,1.0,0,0.0,1,0,6,12,52,422.0,0,5,1.0,0,1.0,Donetsk People's Republic
12179,1984,5,8,0,43,3,271,2099,-33.366238,-70.505302,1.0,0,0.0,1,0,3,1,2688,43.0,0,6,0.0,1,0.0,Manuel Rodriguez Patriotic Front (FPMR)
16955,1987,4,1,0,183,11,19,136,-26.252697,27.870275,1.0,0,0.0,0,0,1,2,390,183.0,0,6,0.0,0,0.0,African National Congress (South Africa)
64733,2014,12,28,0,214,9,146,1094,47.460209,37.86647,1.0,0,1.0,1,0,3,14,205,214.0,0,6,0.0,-9,0.0,Donetsk People's Republic
43030,2006,5,22,0,4,6,523,3579,34.346722,62.197315,1.0,1,0.0,1,0,2,3,4520,4.0,0,5,2.0,0,0.0,Taliban
77387,2016,11,5,1,121,5,13,69,5.839444,118.117173,1.0,1,1.0,1,0,6,11,127,93.0,0,5,1.0,1,1.0,Abu Sayyaf Group (ASG)
71827,2015,12,21,0,104,11,67,404,2.809093,40.927444,1.0,0,0.0,1,0,2,19,56,104.0,0,5,3.0,0,0.0,Al-Shabaab
66176,2015,3,5,0,214,9,146,1077,47.098835,37.81987,1.0,0,0.0,1,0,2,4,48,214.0,0,6,0.0,0,0.0,Donetsk People's Republic
55875,2013,6,26,0,182,11,70,408,-0.357847,42.54665,1.0,0,0.0,1,0,3,4,577,182.0,0,6,1.0,-9,0.0,Al-Shabaab
18550,1987,11,30,0,43,3,271,2099,-33.366238,-70.505302,1.0,0,0.0,1,0,3,2,1776,43.0,0,6,0.0,1,0.0,Manuel Rodriguez Patriotic Front (FPMR)
47773,2010,3,22,0,92,6,127,819,22.959166,85.965274,1.0,0,0.0,1,0,2,3,1329,92.0,0,5,1.0,-9,0.0,Communist Party of India - Maoist (CPI-Maoist)
11054,1983,11,1,0,183,11,19,169,-26.250692,28.441941,1.0,0,0.0,0,0,3,19,334,183.0,0,6,0.0,1,0.0,African National Congress (South Africa)
32111,1992,12,19,0,209,10,225,24,37.422746,42.492326,4.0,0,0.0,1,0,2,4,2408,209.0,0,5,1.0,1,0.0,Kurdistan Workers' Party (PKK)
13964,1985,6,2,0,145,2,453,2896,13.835758,-85.869174,1.0,0,0.0,1,0,2,4,562,145.0,0,5,0.0,1,0.0,Nicaraguan Democratic Force (FDN)
31080,1992,8,28,0,209,10,205,1717,41.106178,28.689863,1.0,0,0.0,1,0,3,11,2412,209.0,0,6,0.0,1,0.0,Kurdistan Workers' Party (PKK)
15801,1986,6,17,0,185,8,87,509,36.621787,-4.500273,1.0,0,0.0,1,0,3,1,1094,185.0,0,6,1.0,1,0.0,Basque Fatherland and Freedom (ETA)
19265,1988,3,30,0,69,8,17,132,48.856644,2.34233,1.0,0,0.0,1,0,3,7,260,183.0,0,6,0.0,1,0.0,African National Congress (South Africa)
17791,1987,8,3,0,160,5,3,9,10.295334,123.87825,1.0,0,0.0,1,0,1,3,3368,160.0,0,5,3.0,0,0.0,New People's Army (NPA)
74090,2016,4,28,1,4,6,322,2403,34.417122,70.449593,1.0,0,0.0,1,0,6,12,3066,422.0,0,5,0.0,0,1.0,Muslim extremists
6393,1980,3,24,0,97,10,458,3037,31.771599,35.2034,1.0,0,0.0,1,0,3,21,3770,97.0,0,6,0.0,1,0.0,Palestinians
48601,2010,9,16,0,92,6,128,792,18.9,81.35,1.0,1,0.0,1,0,7,1,1377,92.0,0,8,0.0,1,0.0,Communist Party of India - Maoist (CPI-Maoist)
77437,2016,11,8,0,228,10,51,359,15.45639,45.324871,1.0,0,0.0,0,0,3,14,1213,228.0,0,6,0.0,0,0.0,Houthi extremists (Ansar Allah)
68059,2015,6,4,0,228,10,51,359,15.45639,45.324871,1.0,0,0.0,1,0,3,14,1977,228.0,0,6,1.0,-9,0.0,Houthi extremists (Ansar Allah)
64937,2015,1,7,0,113,10,294,2352,32.755737,12.723051,1.0,0,0.0,1,0,7,2,3024,113.0,0,8,0.0,1,0.0,Muslim extremists
18526,1987,11,25,0,43,3,271,2099,-33.366238,-70.505302,1.0,0,1.0,1,0,3,14,1065,43.0,0,6,0.0,1,0.0,Manuel Rodriguez Patriotic Front (FPMR)
64320,2014,12,3,0,214,9,146,1075,47.117252,37.572659,1.0,1,1.0,1,0,3,4,1698,214.0,0,6,0.0,-9,0.0,Donetsk People's Republic
29475,1992,1,16,0,603,8,190,1610,55.011562,-7.312045,1.0,0,0.0,1,0,3,1,2079,233.0,0,6,0.0,1,0.0,Irish Republican Army (IRA)
58404,2014,2,4,0,153,6,353,3722,34.006004,71.53743,1.0,0,0.0,1,1,3,1,184,153.0,0,6,10.0,1,0.0,Tehrik-i-Taliban Pakistan (TTP)
29351,1991,12,28,0,45,3,363,2488,7.243889,-76.435556,1.0,0,0.0,1,0,2,4,562,45.0,0,5,3.0,1,0.0,National Liberation Army of Colombia (ELN)
60992,2014,6,22,0,228,10,50,319,14.533289,49.133343,1.0,0,0.0,1,0,1,2,709,228.0,0,5,1.0,0,0.0,Al-Qaida in the Arabian Peninsula (AQAP)
70046,2015,9,11,0,92,6,128,836,18.803305,80.808911,3.0,0,0.0,1,0,7,1,2899,92.0,0,8,0.0,1,0.0,Maoists
14929,1985,12,19,0,603,8,190,1623,54.706718,-7.592867,1.0,0,0.0,1,0,3,3,2071,233.0,0,6,1.0,1,0.0,Irish Republican Army (IRA)
49729,2011,6,3,1,160,5,0,5,6.660501,122.138992,1.0,0,0.0,1,0,6,14,140,160.0,0,5,0.0,1,1.0,Abu Sayyaf Group (ASG)
75688,2016,7,29,0,214,9,146,1098,47.351321,37.931012,1.0,0,1.0,1,0,6,7,162,422.0,0,5,0.0,1,1.0,Donetsk People's Republic
47239,2009,10,20,0,92,6,127,802,24.302783,85.005153,1.0,0,0.0,1,0,2,17,1313,92.0,0,5,3.0,0,0.0,Communist Party of India - Maoist (CPI-Maoist)
56552,2013,8,25,0,228,10,53,315,15.325443,44.211895,1.0,0,0.0,1,0,3,4,56,228.0,0,6,6.0,1,0.0,Al-Qaida in the Arabian Peninsula (AQAP)
24058,1990,1,12,0,186,6,218,2000,7.301756,81.67473,3.0,0,0.0,1,0,1,2,2504,186.0,0,5,4.0,0,0.0,Liberation Tigers of Tamil Eelam (LTTE)
50977,2012,2,2,0,45,3,377,3234,3.178149,-76.467272,1.0,0,0.0,1,0,3,3,175,45.0,0,6,6.0,1,0.0,Revolutionary Armed Forces of Colombia (FARC)
68623,2015,7,3,0,147,11,108,630,10.737778,13.130556,1.0,0,0.0,1,0,3,14,27,147.0,0,6,31.0,1,0.0,Boko Haram
28356,1991,9,10,0,43,3,271,2099,-33.366238,-70.505302,1.0,0,0.0,1,0,3,2,524,43.0,0,6,0.0,1,0.0,Manuel Rodriguez Patriotic Front (FPMR)
72437,2016,1,23,0,95,10,32,24,32.559761,41.919647,4.0,0,0.0,1,1,3,3,811,95.0,0,6,46.0,1,0.0,Islamic State of Iraq and the Levant (ISIL)
22721,1989,8,15,0,43,3,271,2099,-33.366238,-70.505302,1.0,0,0.0,1,0,2,3,1788,43.0,0,5,0.0,1,0.0,Manuel Rodriguez Patriotic Front (FPMR)
67971,2015,5,29,0,228,10,48,358,12.867085,44.981911,1.0,0,0.0,1,0,3,17,347,228.0,0,6,10.0,-9,0.0,Houthi extremists (Ansar Allah)
56669,2013,9,4,1,160,5,0,39,6.599402,121.904055,1.0,0,0.0,1,0,6,12,52,422.0,0,5,0.0,0,1.0,Abu Sayyaf Group (ASG)
82291,2017,9,10,0,209,10,226,1840,37.3,44.566667,3.0,0,0.0,1,0,3,4,577,209.0,0,6,0.0,-9,0.0,Kurdistan Workers' Party (PKK)
78690,2017,1,28,0,228,10,52,318,13.887403,45.863647,1.0,0,0.0,1,0,1,17,678,228.0,0,5,4.0,0,0.0,Al-Qaida in the Arabian Peninsula (AQAP)
20660,1988,11,8,0,61,2,154,1201,13.487179,-88.765032,1.0,0,0.0,1,0,2,4,1762,61.0,0,5,3.0,1,0.0,Farabundo Marti National Liberation Front (FMLN)
39070,2001,5,6,0,185,8,93,529,41.656285,-0.876533,1.0,0,0.0,1,0,1,2,966,185.0,0,5,1.0,0,0.0,Basque Fatherland and Freedom (ETA)
77081,2016,10,19,0,228,10,60,353,13.586484,44.024105,1.0,0,0.0,1,0,3,14,1970,228.0,0,6,1.0,-9,0.0,Houthi extremists (Ansar Allah)
79684,2017,4,3,0,147,11,167,1406,6.820111,9.523894,2.0,0,0.0,1,0,2,14,1931,147.0,0,5,8.0,0,0.0,Fulani extremists
10818,1983,9,13,0,145,2,436,24,13.091683,-86.000314,4.0,0,0.0,1,0,2,4,1762,145.0,0,5,30.0,1,0.0,Nicaraguan Democratic Force (FDN)
74469,2016,5,18,0,160,5,1,22,6.050458,121.012245,1.0,0,0.0,1,0,3,4,59,160.0,0,6,0.0,1,0.0,Abu Sayyaf Group (ASG)
50672,2011,12,20,0,153,6,353,3810,34.14658,71.743538,1.0,0,1.0,1,0,3,8,4674,153.0,0,6,0.0,1,0.0,Tehrik-i-Taliban Pakistan (TTP)
25572,1990,8,5,0,160,5,421,70,14.67428,121.057495,1.0,0,0.0,1,0,1,2,3455,160.0,0,5,2.0,0,0.0,New People's Army (NPA)
20316,1988,9,13,0,186,6,218,1997,6.872087,81.72263,1.0,0,0.0,1,0,3,3,414,186.0,0,6,8.0,1,0.0,Liberation Tigers of Tamil Eelam (LTTE)
65091,2015,1,14,0,214,9,146,1116,47.827862,37.652819,1.0,0,1.0,1,0,3,14,205,214.0,0,6,0.0,-9,0.0,Donetsk People's Republic
73490,2016,3,21,0,4,6,511,3642,32.401287,66.813451,3.0,0,0.0,1,0,3,2,559,4.0,0,6,5.0,1,0.0,Taliban
79861,2017,4,13,0,4,6,514,24,33.706199,69.383108,4.0,0,0.0,1,0,3,4,48,4.0,0,6,3.0,0,0.0,Taliban
53003,2012,8,16,0,45,3,377,3201,2.45,-76.616667,1.0,1,0.0,1,0,3,21,2871,45.0,0,6,0.0,1,0.0,Revolutionary Armed Forces of Colombia (FARC)
77115,2016,10,20,0,228,10,182,1541,15.749972,44.499986,3.0,0,1.0,1,0,2,17,1982,228.0,0,6,0.0,-9,0.0,Houthi extremists (Ansar Allah)
42209,2005,7,21,0,186,6,218,1979,6.875271,81.830633,1.0,0,0.0,1,0,2,3,2491,186.0,0,5,2.0,-9,0.0,Liberation Tigers of Tamil Eelam (LTTE)
40485,2002,12,13,0,147,11,118,645,9.933381,8.885243,1.0,0,0.0,1,0,2,14,1914,147.0,0,5,14.0,0,0.0,Fulani extremists
12467,1984,7,12,0,183,11,18,138,-29.861824,31.008293,1.0,0,0.0,1,0,3,1,311,183.0,0,6,5.0,1,0.0,African National Congress (South Africa)
6230,1980,2,14,0,97,10,456,3035,31.704338,35.194355,1.0,0,0.0,1,0,2,3,2201,97.0,0,8,0.0,1,0.0,Palestinians
65680,2015,2,9,0,160,5,387,2664,8.050528,125.872222,1.0,1,0.0,1,0,2,3,12,160.0,0,5,2.0,0,0.0,New People's Army (NPA)
14086,1985,6,18,0,185,8,86,530,43.3282,-3.031509,1.0,0,0.0,1,0,1,3,1116,185.0,0,5,1.0,0,0.0,Basque Fatherland and Freedom (ETA)
79632,2017,3,30,0,95,10,37,255,36.354145,43.14357,1.0,0,0.0,1,0,3,14,486,95.0,0,6,7.0,1,0.0,Islamic State of Iraq and the Levant (ISIL)
37031,1998,9,14,0,186,6,218,1975,7.733107,81.68882,1.0,0,0.0,1,0,3,4,2490,186.0,0,6,1.0,1,0.0,Liberation Tigers of Tamil Eelam (LTTE)
47395,2009,12,1,0,153,6,534,3809,34.146668,72.386306,3.0,0,0.0,1,0,2,14,4673,153.0,0,5,1.0,-9,0.0,Tehrik-i-Taliban Pakistan (TTP)
37314,1999,4,6,0,186,6,218,1993,7.921328,81.52467,1.0,1,0.0,1,0,3,4,2524,186.0,0,6,5.0,-9,0.0,Liberation Tigers of Tamil Eelam (LTTE)
22218,1989,5,27,0,185,8,86,24,43.003305,-2.612578,4.0,0,1.0,1,0,7,1,766,185.0,0,8,0.0,1,0.0,Basque Fatherland and Freedom (ETA)
14648,1985,10,16,0,43,3,271,2099,-33.366238,-70.505302,1.0,0,0.0,1,0,3,19,2722,43.0,0,6,0.0,1,0.0,Manuel Rodriguez Patriotic Front (FPMR)
19255,1988,3,29,0,69,8,138,1026,43.296482,5.36978,1.0,0,0.0,1,0,3,1,1574,69.0,0,6,0.0,1,0.0,Corsican National Liberation Front (FLNC)
15384,1986,3,26,0,43,3,272,2103,-36.816006,-73.037659,1.0,0,1.0,1,0,3,1,2696,43.0,0,6,0.0,1,0.0,Manuel Rodriguez Patriotic Front (FPMR)
77377,2016,11,4,0,45,3,369,2501,6.457094,-71.745515,1.0,1,0.0,1,0,2,14,1925,45.0,0,5,2.0,0,0.0,National Liberation Army of Colombia (ELN)
26039,1990,10,24,0,159,3,475,3329,-12.068306,-75.210163,1.0,0,0.0,1,0,1,4,4141,159.0,0,5,1.0,0,0.0,Shining Path (SL)
51258,2012,3,5,0,95,10,32,249,34.160587,42.37254,1.0,0,1.0,1,0,1,3,482,95.0,0,5,2.0,0,0.0,Al-Qaida in Iraq
68508,2015,6,27,0,228,10,48,1536,12.760069,44.890266,1.0,0,0.0,1,0,3,1,1974,228.0,0,6,1.0,1,0.0,Houthi extremists (Ansar Allah)
17496,1987,6,23,0,92,6,339,3477,31.513241,75.983333,1.0,1,0.0,1,0,1,3,4358,92.0,0,5,1.0,0,0.0,Sikh Extremists
17379,1987,6,8,0,159,3,277,2111,-11.967368,-76.978462,1.0,0,1.0,1,0,5,10,1907,159.0,0,5,0.0,1,0.0,Tupac Amaru Revolutionary Movement (MRTA)
16768,1987,2,19,0,159,3,277,2111,-11.967368,-76.978462,1.0,0,1.0,1,0,3,10,4762,159.0,0,5,0.0,1,0.0,Tupac Amaru Revolutionary Movement (MRTA)
28158,1991,8,15,0,155,10,327,2347,31.278791,34.256435,1.0,0,0.0,1,0,3,1,3724,155.0,0,6,0.0,1,0.0,Palestinians
75454,2016,7,13,0,147,11,167,1303,7.047112,8.591723,1.0,0,1.0,1,0,2,8,1916,147.0,0,5,2.0,-9,0.0,Fulani extremists
40285,2002,8,20,1,160,5,1,22,6.050458,121.012245,1.0,1,0.0,1,0,6,14,70,160.0,0,9,2.0,0,1.0,Abu Sayyaf Group (ASG)
11046,1983,10,31,0,45,3,363,2491,6.242026,-75.564766,1.0,0,0.0,1,0,3,7,3254,45.0,0,6,0.0,1,0.0,National Liberation Army of Colombia (ELN)
74151,2016,5,1,0,228,10,60,353,13.586484,44.024105,1.0,0,1.0,1,0,3,14,926,228.0,0,6,0.0,-9,0.0,Houthi extremists (Ansar Allah)
77803,2016,11,27,0,153,6,468,3124,24.891115,67.143311,1.0,0,1.0,1,0,1,3,4592,153.0,0,5,1.0,0,0.0,Tehrik-i-Taliban Pakistan (TTP)
26145,1990,11,11,0,155,10,456,3041,31.907141,35.198219,1.0,0,0.0,0,0,1,4,497,97.0,0,5,0.0,0,0.0,Palestinians
62716,2014,9,11,1,160,5,4,24,7.548409,122.338157,4.0,0,0.0,1,0,6,14,136,44.0,0,5,0.0,1,1.0,Abu Sayyaf Group (ASG)
69217,2015,8,1,0,228,10,55,322,13.985013,45.558479,1.0,0,0.0,1,1,3,22,524,228.0,0,6,1.0,0,0.0,Al-Qaida in the Arabian Peninsula (AQAP)
66449,2015,3,20,0,153,6,468,3124,24.891115,67.143311,1.0,0,0.0,1,1,3,4,4569,153.0,0,6,4.0,1,0.0,Tehrik-i-Taliban Pakistan (TTP)
72935,2016,2,19,0,209,10,234,1828,37.922218,40.184376,1.0,0,0.0,1,0,2,3,92,209.0,0,5,4.0,0,0.0,Kurdistan Workers' Party (PKK)
1556,1973,12,21,0,603,8,49,1615,51.504387,-0.140041,1.0,0,0.0,1,0,3,1,2214,217.0,0,6,0.0,1,0.0,Irish Republican Army (IRA)
17880,1987,8,20,0,43,3,271,2099,-33.366238,-70.505302,1.0,0,1.0,1,0,3,21,2768,43.0,0,6,0.0,1,0.0,Manuel Rodriguez Patriotic Front (FPMR)
9526,1982,12,18,0,159,3,483,3315,-9.475874,-78.305075,1.0,0,0.0,1,0,7,1,766,159.0,0,5,0.0,1,0.0,Shining Path (SL)
16036,1986,7,31,0,159,3,476,3294,-9.929478,-76.239738,1.0,0,0.0,1,0,3,2,4090,159.0,0,6,1.0,1,0.0,Shining Path (SL)
26972,1991,3,27,0,155,10,456,3041,31.907141,35.198219,1.0,1,0.0,1,0,1,14,3696,97.0,0,5,1.0,0,0.0,Palestinians
18725,1988,1,12,0,186,6,262,1991,8.738157,80.477147,3.0,0,0.0,1,0,2,22,562,186.0,0,5,3.0,1,0.0,Liberation Tigers of Tamil Eelam (LTTE)
11294,1983,12,21,0,145,2,437,2945,13.631126,-86.528927,3.0,0,0.0,1,0,2,19,3579,145.0,0,5,1.0,1,0.0,Nicaraguan Democratic Force (FDN)
13673,1985,5,1,0,159,3,277,2111,-11.967368,-76.978462,1.0,0,0.0,1,0,3,2,4134,159.0,0,6,1.0,1,0.0,Shining Path (SL)
27331,1991,5,22,0,61,2,148,1162,13.883333,-88.966667,1.0,0,0.0,1,0,2,4,1847,61.0,0,5,0.0,1,0.0,Farabundo Marti National Liberation Front (FMLN)
28007,1991,8,1,0,155,10,456,3041,31.907141,35.198219,1.0,0,0.0,1,0,1,14,3644,155.0,0,5,1.0,0,0.0,Palestinians
14504,1985,9,15,0,145,2,444,2969,12.53345,-86.22788,1.0,0,0.0,1,0,2,4,562,145.0,0,5,0.0,1,0.0,Nicaraguan Democratic Force (FDN)
55330,2013,5,3,1,147,11,108,619,11.840929,13.141459,1.0,0,0.0,1,0,6,2,1236,147.0,0,5,0.0,0,1.0,Boko Haram
57652,2013,12,8,0,95,10,33,248,33.303566,44.371773,1.0,0,1.0,1,0,3,2,1639,95.0,0,6,4.0,-9,0.0,Islamic State of Iraq and the Levant (ISIL)
61591,2014,7,15,0,160,5,387,2763,8.510029,125.967587,1.0,0,0.0,1,0,1,14,3441,160.0,0,5,1.0,-9,0.0,New People's Army (NPA)
60146,2014,5,12,0,147,11,120,695,11.277037,9.882266,3.0,0,0.0,1,0,3,4,1250,147.0,0,6,3.0,1,0.0,Boko Haram
61570,2014,7,14,0,160,5,390,2645,7.833053,125.816497,1.0,0,1.0,1,0,3,4,3346,160.0,0,6,0.0,0,0.0,New People's Army (NPA)
28046,1991,8,4,0,209,10,228,1858,37.192877,40.581143,1.0,0,0.0,1,0,2,3,2381,209.0,0,5,0.0,1,0.0,Kurdistan Workers' Party (PKK)
69728,2015,8,25,0,214,9,146,1101,47.108201,37.750556,1.0,1,0.0,1,0,3,4,1698,214.0,0,6,2.0,-9,0.0,Donetsk People's Republic
70154,2015,9,17,0,228,10,55,372,14.158611,45.472778,3.0,0,0.0,1,0,3,14,13,228.0,0,6,9.0,0,0.0,Al-Qaida in the Arabian Peninsula (AQAP)
49467,2011,3,31,0,45,3,369,3141,6.820856,-71.324402,2.0,0,0.0,1,0,3,21,3874,45.0,0,6,0.0,1,0.0,Revolutionary Armed Forces of Colombia (FARC)
28864,1991,10,29,0,186,6,262,2020,8.738157,80.477147,3.0,0,0.0,1,0,2,4,2528,186.0,0,5,0.0,1,0.0,Liberation Tigers of Tamil Eelam (LTTE)
11274,1983,12,17,0,145,2,437,2881,13.759041,-86.017217,1.0,0,0.0,1,0,2,4,1762,145.0,0,5,1.0,1,0.0,Nicaraguan Democratic Force (FDN)
78779,2017,2,2,0,92,6,131,919,18.543452,82.223013,1.0,0,0.0,1,0,2,14,1442,92.0,0,5,1.0,0,0.0,Communist Party of India - Maoist (CPI-Maoist)
52287,2012,6,13,0,95,10,32,247,33.31065,44.038208,1.0,1,1.0,1,0,3,3,12,95.0,0,6,0.0,0,0.0,Al-Qaida in Iraq
49477,2011,4,3,0,153,6,339,3808,30.034319,70.639676,1.0,0,0.0,1,1,3,15,4669,153.0,0,6,52.0,1,0.0,Tehrik-i-Taliban Pakistan (TTP)
79854,2017,4,13,0,182,11,68,405,2.059819,45.326115,1.0,0,0.0,1,0,1,2,822,182.0,0,5,1.0,0,0.0,Al-Shabaab
51243,2012,3,3,0,228,10,50,319,14.54397,49.12458,1.0,0,1.0,1,0,3,4,713,228.0,0,6,1.0,0,0.0,Al-Qaida in the Arabian Peninsula (AQAP)
73376,2016,3,13,0,147,11,167,24,7.350826,8.836276,4.0,0,1.0,1,0,2,14,27,147.0,0,5,0.0,1,0.0,Fulani extremists
47263,2009,10,27,0,92,6,129,892,22.610613,87.254276,2.0,0,1.0,1,0,7,2,1415,92.0,0,8,0.0,1,0.0,Communist Party of India - Maoist (CPI-Maoist)
36060,1997,1,28,0,186,6,263,2032,7.946435,81.247846,1.0,0,0.0,1,0,3,20,6,186.0,0,6,6.0,1,0.0,Liberation Tigers of Tamil Eelam (LTTE)
51722,2012,4,19,0,95,10,33,248,33.303566,44.371773,1.0,0,1.0,1,0,3,14,347,95.0,0,6,2.0,0,0.0,Al-Qaida in Iraq
6431,1980,4,1,0,97,10,262,3052,32.788284,35.521675,1.0,0,0.0,1,0,3,14,1021,97.0,0,6,0.0,1,0.0,Palestinians
46908,2009,7,29,0,185,8,98,544,42.340892,-3.699762,1.0,0,0.0,1,0,3,3,1002,185.0,0,6,0.0,1,0.0,Basque Fatherland and Freedom (ETA)
73306,2016,3,11,0,209,10,226,1821,37.571716,44.282299,3.0,0,0.0,1,0,3,3,559,209.0,0,6,0.0,-9,0.0,Kurdistan Workers' Party (PKK)
60208,2014,5,15,0,214,9,146,1075,47.117252,37.572659,1.0,0,0.0,0,0,2,4,48,214.0,0,5,0.0,0,0.0,Donetsk People's Republic
41713,2004,12,6,0,173,10,59,345,21.543155,39.174905,1.0,0,0.0,1,0,2,7,688,217.0,0,6,9.0,-9,0.0,Al-Qaida in the Arabian Peninsula (AQAP)
74057,2016,4,25,0,92,6,134,2197,20.489143,80.374216,2.0,0,1.0,1,0,6,14,2905,92.0,0,5,1.0,0,1.0,Maoists
43735,2007,5,6,0,186,6,218,2048,7.612269,81.70897,1.0,0,0.0,1,0,3,3,2566,186.0,0,6,3.0,1,0.0,Liberation Tigers of Tamil Eelam (LTTE)
7373,1981,2,13,0,61,2,152,1170,13.491242,-88.173134,1.0,0,0.0,1,0,2,19,56,61.0,0,5,2.0,1,0.0,Farabundo Marti National Liberation Front (FMLN)
25175,1990,6,12,0,92,6,287,3448,28.21962,77.941739,1.0,0,0.0,1,0,3,3,4307,92.0,0,6,0.0,1,0.0,Sikh Extremists
21090,1989,1,5,0,45,3,363,3231,6.18676,-74.58397,1.0,0,0.0,1,0,2,1,3986,45.0,0,5,4.0,1,0.0,Revolutionary Armed Forces of Colombia (FARC)
40553,2003,1,14,0,92,6,292,979,34.08374,74.789902,1.0,0,0.0,1,0,1,14,3057,92.0,0,5,1.0,0,0.0,Muslim extremists
49492,2011,4,7,0,160,5,401,2742,13.515076,123.049149,1.0,0,0.0,1,0,2,14,3426,160.0,0,5,1.0,0,0.0,New People's Army (NPA)
25903,1990,10,6,0,155,10,456,3091,31.626705,35.104969,1.0,0,0.0,1,0,1,14,3761,155.0,0,5,1.0,0,0.0,Palestinians
24669,1990,4,6,0,159,3,277,2111,-11.967368,-76.978462,1.0,0,0.0,1,0,3,9,283,159.0,0,6,0.0,1,0.0,Tupac Amaru Revolutionary Movement (MRTA)
56091,2013,7,19,0,60,10,291,2354,31.126646,33.800865,1.0,0,1.0,1,0,2,4,20,60.0,0,6,1.0,1,0.0,Muslim extremists
18096,1987,9,20,0,159,3,477,3303,-12.955214,-74.252729,1.0,0,0.0,1,0,2,14,4185,159.0,0,5,0.0,1,0.0,Shining Path (SL)
18498,1987,11,18,0,183,11,19,137,-26.184113,28.033232,1.0,0,0.0,0,0,3,2,410,183.0,0,6,0.0,0,0.0,African National Congress (South Africa)
12301,1984,6,6,0,43,3,271,2099,-33.366238,-70.505302,1.0,0,0.0,1,0,3,2,2809,43.0,0,6,0.0,1,0.0,Manuel Rodriguez Patriotic Front (FPMR)
19168,1988,3,18,0,61,2,150,1210,13.79833,-89.17889,1.0,0,1.0,1,0,3,21,1813,61.0,0,6,0.0,1,0.0,Farabundo Marti National Liberation Front (FMLN)
77485,2016,11,4,0,92,6,127,815,24.003563,86.147194,1.0,0,1.0,1,0,3,22,1325,92.0,0,6,0.0,1,0.0,Communist Party of India - Maoist (CPI-Maoist)
15776,1986,6,13,0,159,3,475,3329,-12.068306,-75.210163,1.0,0,1.0,1,0,3,2,4799,159.0,0,6,1.0,1,0.0,Tupac Amaru Revolutionary Movement (MRTA)
18357,1987,11,1,0,92,6,498,3446,30.795441,77.069611,1.0,0,0.0,1,0,2,3,4295,92.0,0,5,4.0,1,0.0,Sikh Extremists
75827,2016,8,6,0,92,6,129,806,22.408769,87.373316,3.0,0,1.0,0,0,3,20,6,92.0,0,6,0.0,0,0.0,Maoists
64863,2015,1,3,0,228,10,50,380,15.944438,48.788861,3.0,0,0.0,1,0,2,3,758,228.0,0,5,1.0,0,0.0,Al-Qaida in the Arabian Peninsula (AQAP)
51471,2012,3,30,0,228,10,48,310,12.825647,44.846416,1.0,0,0.0,0,0,2,4,679,228.0,0,5,0.0,0,0.0,Al-Qaida in the Arabian Peninsula (AQAP)
64369,2014,12,6,0,160,5,390,2623,7.149184,125.945636,1.0,0,0.0,0,0,2,4,48,160.0,0,5,0.0,0,0.0,New People's Army (NPA)
9813,1983,2,17,0,155,10,456,3048,31.530243,35.094162,1.0,0,0.0,1,0,2,14,3756,97.0,0,5,0.0,1,0.0,Palestinians
22424,1989,6,30,0,159,3,478,3343,-10.504167,-76.621944,2.0,0,0.0,1,0,1,2,4162,159.0,0,5,1.0,0,0.0,Shining Path (SL)
59896,2014,4,30,0,4,6,509,3591,32.677261,61.981559,3.0,0,1.0,1,0,2,3,2901,4.0,0,5,2.0,1,0.0,Taliban
10116,1983,4,28,0,69,8,138,1038,43.529742,5.447427,1.0,0,1.0,1,0,3,1,1088,69.0,0,6,0.0,1,0.0,Corsican National Liberation Front (FLNC)
35824,1996,10,15,0,45,3,363,24,6.2675,-75.568611,4.0,0,1.0,1,0,3,21,2777,45.0,0,6,0.0,1,0.0,National Liberation Army of Colombia (ELN)
64812,2015,1,1,0,214,9,146,1089,48.372005,37.88657,1.0,1,0.0,1,0,3,4,48,214.0,0,6,0.0,-9,0.0,Donetsk People's Republic
76616,2016,9,21,0,95,10,36,1702,34.458684,43.795649,3.0,0,0.0,1,0,3,14,853,95.0,0,6,0.0,1,0.0,Islamic State of Iraq and the Levant (ISIL)
20408,1988,10,2,0,97,10,458,3037,31.771599,35.2034,1.0,0,0.0,1,0,3,1,3738,97.0,0,6,0.0,1,0.0,Palestinians
33215,1994,7,5,0,69,8,136,1028,41.795233,8.741819,1.0,0,1.0,1,0,3,14,1567,69.0,0,6,0.0,1,0.0,Corsican National Liberation Front (FLNC)
26878,1991,3,14,0,186,6,263,1995,7.939525,81.000963,1.0,0,0.0,1,0,3,19,2501,186.0,0,6,0.0,1,0.0,Liberation Tigers of Tamil Eelam (LTTE)
27615,1991,6,21,0,186,6,261,1974,6.941837,79.861687,1.0,0,0.0,1,1,3,2,2597,186.0,0,6,60.0,1,0.0,Liberation Tigers of Tamil Eelam (LTTE)
61574,2014,7,15,0,214,9,146,1119,47.79195,38.482245,3.0,0,1.0,1,0,3,4,577,214.0,0,6,0.0,-9,0.0,Donetsk People's Republic
24104,1990,1,19,0,97,10,262,3100,32.974218,35.23297,1.0,0,0.0,0,0,1,19,3789,97.0,0,9,0.0,0,0.0,Palestinians
16528,1986,12,19,0,110,10,457,3034,33.888523,35.503513,1.0,0,0.0,1,0,2,7,3777,422.0,0,6,5.0,1,0.0,Palestinians
78185,2016,12,24,0,95,10,32,1700,33.036022,40.288158,1.0,0,0.0,1,0,3,14,1213,95.0,0,6,0.0,-9,0.0,Islamic State of Iraq and the Levant (ISIL)
13725,1985,5,7,0,145,2,442,2856,12.538409,-85.573921,3.0,0,0.0,1,0,2,4,3158,145.0,0,5,9.0,1,0.0,Nicaraguan Democratic Force (FDN)
12422,1984,7,5,0,145,2,444,2877,12.17609,-86.03771,1.0,0,0.0,1,0,2,14,3536,145.0,0,5,4.0,1,0.0,Nicaraguan Democratic Force (FDN)
15056,1986,1,20,0,159,3,277,2111,-11.967368,-76.978462,1.0,0,0.0,1,0,3,1,4848,159.0,0,6,0.0,0,0.0,Tupac Amaru Revolutionary Movement (MRTA)
54889,2013,3,19,0,95,10,33,248,33.303566,44.371773,1.0,0,1.0,1,0,3,14,518,95.0,0,6,2.0,0,0.0,Al-Qaida in Iraq
60664,2014,6,6,0,214,9,146,1114,48.851688,37.613808,1.0,1,0.0,1,0,2,4,1721,214.0,0,5,0.0,1,0.0,Donetsk People's Republic
12285,1984,6,2,0,92,6,339,3416,29.886653,76.019607,1.0,0,0.0,1,0,1,14,4265,92.0,0,5,1.0,0,0.0,Sikh Extremists
83015,2017,11,6,0,104,11,67,442,2.609014,40.849056,1.0,0,0.0,1,0,2,3,162,104.0,0,6,0.0,1,0.0,Al-Shabaab
7484,1981,3,19,0,155,10,327,1474,31.502407,34.459743,1.0,0,0.0,1,0,3,4,3670,97.0,0,6,1.0,1,0.0,Palestinians
53095,2012,8,30,0,228,10,53,315,15.325443,44.211895,1.0,0,0.0,1,0,1,2,670,228.0,0,5,1.0,0,0.0,Al-Qaida in the Arabian Peninsula (AQAP)
10877,1983,9,27,0,45,3,368,24,2.535935,-75.52767,4.0,0,0.0,1,0,1,3,889,45.0,0,5,2.0,0,0.0,Revolutionary Armed Forces of Colombia (FARC)
9669,1983,1,17,0,159,3,481,3304,-14.054639,-73.088412,3.0,0,0.0,1,0,2,3,2522,159.0,0,5,1.0,1,0.0,Shining Path (SL)
15388,1986,3,26,0,43,3,270,2100,-33.050125,-71.612251,1.0,0,1.0,1,0,3,1,2701,43.0,0,6,0.0,1,0.0,Manuel Rodriguez Patriotic Front (FPMR)
78190,2016,12,25,0,37,11,117,687,11.046735,14.140454,1.0,0,1.0,1,1,3,14,486,37.0,0,6,3.0,1,0.0,Boko Haram
52928,2012,8,12,0,95,10,36,280,34.726269,44.584908,1.0,1,1.0,1,0,2,14,531,95.0,0,5,8.0,0,0.0,Al-Qaida in Iraq
26566,1991,1,21,0,61,2,148,24,13.864829,-88.7494,4.0,0,1.0,1,0,3,21,1842,61.0,0,6,0.0,1,0.0,Farabundo Marti National Liberation Front (FMLN)
57700,2013,12,12,1,92,6,131,2138,18.355422,81.833743,1.0,0,1.0,1,0,6,14,2924,92.0,0,5,1.0,0,1.0,Maoists
8672,1982,4,24,0,155,10,456,3053,32.460617,35.301247,1.0,0,0.0,1,0,2,4,3663,97.0,0,8,0.0,1,0.0,Palestinians
55350,2013,5,5,0,182,11,66,433,1.789637,44.529976,1.0,0,0.0,1,0,2,14,839,182.0,0,5,2.0,0,0.0,Al-Shabaab
72708,2016,2,6,0,228,10,53,315,15.325443,44.211895,1.0,0,1.0,1,0,2,10,1997,228.0,0,5,0.0,0,0.0,Houthi extremists (Ansar Allah)
11993,1984,4,14,0,92,6,339,3412,31.633078,74.878288,1.0,0,0.0,1,0,1,17,4313,92.0,0,5,1.0,0,0.0,Sikh Extremists
65847,2015,2,14,0,214,9,146,1099,48.434017,38.221252,1.0,1,0.0,1,0,3,14,205,214.0,0,6,0.0,1,0.0,Donetsk People's Republic
83503,2017,12,18,0,160,5,0,87,6.553941,122.154736,1.0,0,0.0,1,0,2,4,173,160.0,0,5,1.0,0,0.0,Abu Sayyaf Group (ASG)
40150,2002,6,14,0,45,3,378,3165,5.336134,-74.303539,1.0,0,0.0,1,0,4,1,3899,45.0,0,5,5.0,-9,0.0,Revolutionary Armed Forces of Colombia (FARC)
5115,1979,5,7,0,69,8,141,1022,41.591369,9.278311,1.0,0,0.0,1,0,3,20,1620,69.0,0,6,0.0,1,0.0,Corsican National Liberation Front (FLNC)
45329,2008,8,3,0,160,5,409,2745,12.918374,123.659351,1.0,0,0.0,1,0,7,16,3427,160.0,0,5,0.0,1,0.0,New People's Army (NPA)
49550,2011,4,24,0,147,11,108,619,11.840929,13.141459,1.0,0,1.0,1,0,3,1,1253,147.0,0,6,3.0,0,0.0,Boko Haram
77638,2016,11,19,0,228,10,183,1521,16.321999,42.814075,1.0,0,0.0,1,0,3,4,48,228.0,0,6,2.0,-9,0.0,Houthi extremists (Ansar Allah)
39925,2002,3,20,0,159,3,277,2111,-11.967368,-76.978462,1.0,0,0.0,1,0,3,7,4126,159.0,0,6,9.0,1,0.0,Shining Path (SL)
36012,1997,1,9,0,69,8,136,1060,41.716815,8.917616,1.0,0,0.0,1,0,3,14,1648,69.0,0,6,0.0,1,0.0,Corsican National Liberation Front (FLNC)
52379,2012,6,21,0,4,6,506,3648,34.55,69.05,1.0,1,0.0,1,1,5,1,587,4.0,0,6,25.0,1,1.0,Taliban
9184,1982,9,25,0,61,2,150,1254,13.957222,-89.189722,1.0,0,0.0,1,0,2,4,1762,61.0,0,5,1.0,1,0.0,Farabundo Marti National Liberation Front (FMLN)
69486,2015,8,14,0,160,5,1,2,6.066531,121.100068,1.0,0,0.0,1,0,2,4,55,160.0,0,5,2.0,0,0.0,Abu Sayyaf Group (ASG)
47120,2009,9,21,0,92,6,129,949,25.078282,87.934679,1.0,0,0.0,1,0,2,22,560,92.0,0,5,15.0,0,0.0,Communist Party of India - Maoist (CPI-Maoist)
74574,2016,5,24,1,182,11,73,24,3.503923,42.236244,4.0,0,0.0,1,0,6,1,898,182.0,0,5,1.0,-9,1.0,Al-Shabaab
4820,1979,3,10,0,69,8,136,24,41.918891,8.737554,4.0,0,1.0,1,0,3,1,1088,69.0,0,6,0.0,1,0.0,Corsican National Liberation Front (FLNC)
53620,2012,10,22,0,209,10,238,24,38.685904,43.875794,4.0,0,0.0,1,0,7,8,51,209.0,0,8,0.0,1,0.0,Kurdistan Workers' Party (PKK)
47206,2009,10,13,0,92,6,126,840,25.195693,86.541023,2.0,0,0.0,1,0,7,1,1353,92.0,0,8,0.0,1,0.0,Communist Party of India - Maoist (CPI-Maoist)
45564,2008,9,28,1,153,6,339,3721,33.766336,72.357344,1.0,0,0.0,1,0,2,14,4566,161.0,0,5,4.0,0,1.0,Tehrik-i-Taliban Pakistan (TTP)
20817,1988,11,26,0,43,3,271,2099,-33.366238,-70.505302,1.0,0,0.0,1,0,3,2,2750,43.0,0,6,0.0,1,0.0,Manuel Rodriguez Patriotic Front (FPMR)
45779,2008,11,24,0,92,6,128,942,19.203477,81.934532,3.0,0,0.0,0,0,2,2,1468,92.0,0,5,0.0,0,0.0,Communist Party of India - Maoist (CPI-Maoist)
10390,1983,6,17,0,183,11,19,156,-26.252697,27.870275,1.0,0,0.0,0,0,3,21,379,183.0,0,6,0.0,1,0.0,African National Congress (South Africa)
7932,1981,8,23,0,97,10,266,3101,31.951466,34.887821,1.0,0,0.0,1,0,3,4,3790,97.0,0,6,0.0,1,0.0,Palestinians
21421,1989,2,16,0,61,2,150,1156,13.69288,-89.199161,1.0,0,0.0,0,0,3,3,1796,61.0,0,6,0.0,1,0.0,Farabundo Marti National Liberation Front (FMLN)
47363,2009,11,19,0,153,6,427,3763,33.697271,71.144852,3.0,0,0.0,1,0,6,4,4623,153.0,0,5,3.0,0,1.0,Tehrik-i-Taliban Pakistan (TTP)
56919,2013,9,26,0,4,6,513,3535,31.60063,64.369652,1.0,0,0.0,1,1,3,3,85,4.0,0,6,2.0,0,0.0,Taliban
41532,2004,8,3,0,141,6,261,2230,27.626424,83.378939,3.0,0,0.0,1,0,7,19,2926,141.0,0,8,0.0,1,0.0,Maoists
46578,2009,5,26,0,153,6,534,3722,34.006004,71.53743,1.0,0,0.0,1,0,3,1,4693,153.0,0,6,0.0,1,0.0,Tehrik-i-Taliban Pakistan (TTP)
8742,1982,5,9,0,110,10,457,3034,33.888523,35.503513,1.0,0,0.0,1,0,3,7,3673,69.0,0,6,0.0,1,0.0,Palestinians
18744,1988,1,14,0,92,6,125,3485,12.855878,74.888724,1.0,0,0.0,1,0,1,14,4369,92.0,0,5,8.0,0,0.0,Sikh Extremists
5255,1979,6,8,0,69,8,137,132,48.856644,2.34233,1.0,0,0.0,1,0,7,1,1570,69.0,0,8,0.0,1,0.0,Corsican National Liberation Front (FLNC)
79880,2017,4,15,0,4,6,526,3670,33.286335,68.457687,1.0,0,0.0,1,0,3,4,4451,4.0,0,6,4.0,1,0.0,Taliban
13520,1985,3,22,0,61,2,159,1176,13.437973,-88.460995,1.0,0,0.0,1,0,3,2,1776,61.0,0,5,1.0,1,0.0,Farabundo Marti National Liberation Front (FMLN)
9175,1982,9,23,0,45,3,363,2491,6.242026,-75.564766,1.0,0,0.0,1,0,2,1,3212,45.0,0,8,0.0,1,0.0,National Liberation Army of Colombia (ELN)
15472,1986,4,15,0,43,3,271,2099,-33.366238,-70.505302,1.0,0,0.0,1,0,3,14,2719,43.0,0,6,0.0,1,0.0,Manuel Rodriguez Patriotic Front (FPMR)
20090,1988,8,3,0,183,11,19,137,-26.184113,28.033232,1.0,0,0.0,1,0,3,4,377,183.0,0,6,0.0,1,0.0,African National Congress (South Africa)
47864,2010,4,10,0,92,6,126,915,24.574312,83.640053,1.0,0,1.0,1,0,3,1,1437,92.0,0,6,0.0,1,0.0,Communist Party of India - Maoist (CPI-Maoist)
23620,1989,11,6,0,159,3,277,2111,-11.967368,-76.978462,1.0,0,0.0,1,0,3,1,283,159.0,0,6,0.0,1,0.0,Tupac Amaru Revolutionary Movement (MRTA)
74802,2016,6,7,0,95,10,44,268,32.604393,44.007145,1.0,0,0.0,1,1,3,14,1270,95.0,0,6,9.0,-9,0.0,Islamic State of Iraq and the Levant (ISIL)
44882,2008,5,12,0,4,6,507,3616,31.585831,67.028191,3.0,0,0.0,1,0,8,14,4494,4.0,0,9,2.0,0,0.0,Taliban
65573,2015,2,3,0,160,5,0,29,6.41871,121.972443,1.0,0,0.0,1,0,3,1,37,160.0,0,6,0.0,-9,0.0,Abu Sayyaf Group (ASG)
18018,1987,9,9,0,603,8,190,1609,54.607712,-5.95621,1.0,0,0.0,1,0,1,14,2070,233.0,0,5,1.0,0,0.0,Irish Republican Army (IRA)
29458,1992,1,14,0,45,3,360,2520,8.833351,-73.200031,3.0,0,0.0,1,0,3,21,3148,45.0,0,6,0.0,1,0.0,National Liberation Army of Colombia (ELN)
46425,2009,4,21,0,92,6,127,786,24.128611,84.185712,3.0,0,0.0,1,0,3,19,1463,92.0,0,6,0.0,1,0.0,Communist Party of India - Maoist (CPI-Maoist)
50615,2011,12,9,0,153,6,468,3124,24.891115,67.143311,1.0,0,0.0,1,0,3,3,4687,153.0,0,6,3.0,0,0.0,Tehrik-i-Taliban Pakistan (TTP)
47302,2009,11,3,0,173,10,187,1535,16.893194,42.57526,1.0,0,0.0,1,0,2,4,1973,173.0,0,5,1.0,1,0.0,Houthi extremists (Ansar Allah)
80163,2017,5,7,0,95,10,38,251,35.45211,44.375465,1.0,0,0.0,1,1,3,4,2288,95.0,0,6,7.0,-9,0.0,Islamic State of Iraq and the Levant (ISIL)
71636,2015,12,11,0,37,11,117,646,11.162543,14.013976,1.0,0,0.0,1,1,3,14,13,37.0,0,6,8.0,-9,0.0,Boko Haram
12211,1984,5,14,0,145,2,445,2952,12.833333,-86.8,1.0,0,0.0,1,0,2,4,1762,145.0,0,5,1.0,1,0.0,Nicaraguan Democratic Force (FDN)
58252,2014,1,25,0,147,11,112,867,9.632177,8.503456,1.0,0,0.0,1,0,2,1,1940,44.0,0,5,1.0,0,0.0,Fulani extremists
26768,1991,2,11,0,186,6,218,1983,7.716666,81.700188,3.0,0,0.0,1,0,2,4,1788,186.0,0,5,1.0,1,0.0,Liberation Tigers of Tamil Eelam (LTTE)
82956,2017,10,30,1,147,11,176,1427,7.250703,5.195011,1.0,0,0.0,1,0,6,14,1935,147.0,0,5,0.0,0,1.0,Fulani extremists
24063,1990,1,13,0,43,3,271,2099,-33.366238,-70.505302,1.0,0,0.0,1,0,3,19,2729,43.0,0,6,0.0,1,0.0,Manuel Rodriguez Patriotic Front (FPMR)
31956,1992,12,3,0,69,8,136,24,41.918891,8.737554,4.0,0,1.0,1,0,3,2,560,69.0,0,6,0.0,1,0.0,Corsican National Liberation Front (FLNC)
25077,1990,6,3,0,97,10,262,24,32.83333,35.33333,4.0,0,0.0,1,0,2,14,3667,97.0,0,8,0.0,1,0.0,Palestinians
11423,1984,1,17,1,159,3,477,3335,-13.604425,-74.753503,1.0,0,0.0,1,0,2,14,4149,159.0,0,5,40.0,1,1.0,Shining Path (SL)
12618,1984,8,10,0,185,8,87,588,36.529688,-6.292657,1.0,0,0.0,1,0,3,1,1115,185.0,0,6,0.0,1,0.0,Basque Fatherland and Freedom (ETA)
4791,1979,3,10,0,69,8,136,24,41.918891,8.737554,4.0,0,1.0,1,0,3,1,1088,69.0,0,6,0.0,1,0.0,Corsican National Liberation Front (FLNC)
6041,1980,1,1,0,155,10,456,3033,32.222271,35.253506,1.0,0,0.0,0,0,3,2,3692,97.0,0,6,0.0,0,0.0,Palestinians
60427,2014,5,26,0,113,10,304,2366,32.069286,20.151144,1.0,0,0.0,1,0,1,10,3037,113.0,0,5,1.0,0,0.0,Muslim extremists
25816,1990,9,12,0,69,8,136,1021,41.930607,8.742907,1.0,0,0.0,1,0,3,1,1578,69.0,0,6,0.0,1,0.0,Corsican National Liberation Front (FLNC)
17993,1987,9,6,0,92,6,339,3445,31.660681,75.12243,1.0,0,0.0,1,0,1,3,4303,92.0,0,5,2.0,0,0.0,Sikh Extremists
24347,1990,3,5,0,45,3,363,2495,6.15782,-75.6436,1.0,0,0.0,1,0,1,14,3149,45.0,0,5,1.0,0,0.0,National Liberation Army of Colombia (ELN)
71514,2015,12,1,0,228,10,60,353,13.586484,44.024105,1.0,0,0.0,1,0,3,14,1730,228.0,0,6,0.0,-9,0.0,Houthi extremists (Ansar Allah)
35111,1996,3,1,0,186,6,262,2011,7.115312,81.852488,1.0,0,0.0,1,0,1,14,2520,186.0,0,5,1.0,0,0.0,Liberation Tigers of Tamil Eelam (LTTE)
9260,1982,10,14,0,61,2,150,1156,13.69288,-89.199161,1.0,0,0.0,1,0,2,3,1820,61.0,0,5,1.0,1,0.0,Farabundo Marti National Liberation Front (FMLN)
62626,2014,9,6,0,214,9,146,1075,47.117252,37.572659,1.0,1,0.0,1,0,3,4,0,214.0,0,6,1.0,0,0.0,Donetsk People's Republic
23810,1989,11,30,0,155,10,456,3033,32.222271,35.253506,1.0,0,0.0,1,0,1,14,3715,155.0,0,9,1.0,0,0.0,Palestinians
42633,2006,1,22,0,69,8,138,1038,43.529742,5.447427,1.0,0,0.0,1,0,3,2,1647,69.0,0,6,1.0,1,0.0,Corsican National Liberation Front (FLNC)
46359,2009,4,9,0,159,3,477,24,-13.163874,-74.223564,4.0,0,1.0,1,0,3,4,4085,159.0,0,6,13.0,-9,0.0,Shining Path (SL)
58895,2014,3,6,0,95,10,34,1760,33.223203,44.540806,1.0,0,0.0,1,0,3,14,13,95.0,0,6,2.0,0,0.0,Islamic State of Iraq and the Levant (ISIL)
3256,1977,5,21,0,603,8,190,1609,54.607712,-5.95621,1.0,0,0.0,1,0,2,3,2174,233.0,0,5,1.0,0,0.0,Irish Republican Army (IRA)
17038,1987,4,14,0,43,3,271,2099,-33.366238,-70.505302,1.0,0,0.0,1,0,5,10,2803,43.0,0,5,0.0,1,1.0,Manuel Rodriguez Patriotic Front (FPMR)
24075,1990,1,15,0,159,3,277,2111,-11.967368,-76.978462,1.0,0,0.0,1,0,3,4,4810,217.0,0,6,0.0,1,0.0,Tupac Amaru Revolutionary Movement (MRTA)
71880,2015,12,23,0,173,10,188,24,19.118069,42.86235,4.0,0,0.0,1,0,3,4,2003,173.0,0,6,0.0,0,0.0,Houthi extremists (Ansar Allah)
45904,2008,12,24,0,160,5,1,30,6.066693,121.100042,1.0,0,0.0,1,0,7,8,38,160.0,0,8,0.0,1,0.0,Abu Sayyaf Group (ASG)
79280,2017,3,6,0,182,11,73,444,3.926858,41.877171,1.0,0,0.0,0,0,1,2,901,182.0,0,6,0.0,-9,0.0,Al-Shabaab
46687,2009,6,16,0,92,6,127,952,24.230248,84.405879,1.0,0,0.0,1,0,2,3,1478,92.0,0,5,4.0,0,0.0,Communist Party of India - Maoist (CPI-Maoist)
81874,2017,8,12,0,182,11,68,405,2.085523,45.40279,1.0,0,0.0,1,0,2,4,497,182.0,0,5,1.0,1,0.0,Al-Shabaab
26075,1990,10,30,0,155,10,456,3033,32.222271,35.253506,1.0,0,0.0,0,0,1,1,3640,97.0,0,9,1.0,0,0.0,Palestinians
25097,1990,6,4,0,61,2,154,1168,13.64121,-88.785423,1.0,0,1.0,1,0,3,21,1830,61.0,0,6,0.0,1,0.0,Farabundo Marti National Liberation Front (FMLN)
71821,2015,12,21,0,95,10,33,248,33.303566,44.371773,1.0,0,0.0,1,0,3,1,613,95.0,0,6,1.0,-9,0.0,Islamic State of Iraq and the Levant (ISIL)
36867,1998,4,12,0,186,6,262,1980,9.666399,80.020477,1.0,0,0.0,1,0,3,14,2591,186.0,0,6,1.0,-9,0.0,Liberation Tigers of Tamil Eelam (LTTE)
22289,1989,6,12,0,92,6,494,3404,28.585836,77.153336,1.0,0,0.0,1,0,3,19,2804,92.0,0,6,5.0,1,0.0,Sikh Extremists
79531,2017,3,23,0,95,10,38,1695,35.015846,43.722516,3.0,0,0.0,1,0,3,14,13,95.0,0,6,5.0,0,0.0,Islamic State of Iraq and the Levant (ISIL)
64776,2014,12,30,0,228,10,182,1564,15.635556,44.323889,2.0,0,1.0,1,0,3,14,853,228.0,0,6,0.0,1,0.0,Houthi extremists (Ansar Allah)
47116,2009,9,19,0,160,5,397,2687,9.02111,126.23167,1.0,0,0.0,1,0,7,1,3376,160.0,0,8,0.0,1,0.0,New People's Army (NPA)
42321,2005,8,20,0,186,6,261,1974,6.874658,79.860483,1.0,0,0.0,0,0,3,10,2480,186.0,0,6,0.0,0,0.0,Liberation Tigers of Tamil Eelam (LTTE)
28762,1991,10,21,0,97,10,458,3037,31.771599,35.2034,1.0,0,0.0,0,0,3,14,3730,97.0,0,6,1.0,1,0.0,Palestinians
57598,2013,12,2,0,147,11,108,619,11.840929,13.141459,1.0,0,1.0,1,0,3,3,1221,147.0,0,6,1.0,1,0.0,Boko Haram
44820,2008,5,4,0,92,6,129,848,23.332078,86.365208,3.0,0,0.0,1,0,2,2,1360,92.0,0,5,1.0,0,0.0,Communist Party of India - Maoist (CPI-Maoist)
3545,1977,10,8,0,185,8,88,512,43.258434,-2.921819,1.0,0,0.0,1,0,1,2,1016,185.0,0,5,3.0,0,0.0,Basque Fatherland and Freedom (ETA)
73263,2016,3,8,0,147,11,167,1330,7.816253,7.948115,2.0,0,1.0,1,0,2,14,27,147.0,0,5,2.0,1,0.0,Fulani extremists
10278,1983,5,27,0,159,3,277,2111,-11.967368,-76.978462,1.0,0,0.0,1,0,3,1,4122,217.0,0,6,1.0,1,0.0,Shining Path (SL)
69309,2015,8,5,0,147,11,110,654,11.640027,11.335048,1.0,0,1.0,1,0,3,2,1233,147.0,0,6,0.0,1,0.0,Boko Haram
35368,1996,6,2,0,186,6,218,1996,9.745064,80.105822,1.0,0,0.0,1,0,3,14,2502,186.0,0,6,8.0,1,0.0,Liberation Tigers of Tamil Eelam (LTTE)
57299,2013,11,2,0,228,10,52,346,13.850725,46.201563,3.0,0,0.0,1,0,2,4,690,228.0,0,5,4.0,0,0.0,Al-Qaida in the Arabian Peninsula (AQAP)
20108,1988,8,5,0,362,8,193,1635,51.213924,6.780691,1.0,0,0.0,1,0,3,4,2102,216.0,0,6,0.0,1,0.0,Irish Republican Army (IRA)
30500,1992,6,9,0,45,3,374,2558,11.698889,-72.612222,2.0,0,0.0,1,0,3,21,3222,45.0,0,6,0.0,1,0.0,National Liberation Army of Colombia (ELN)
33112,1994,6,11,0,209,10,225,24,37.422746,42.492326,4.0,0,0.0,1,0,2,4,562,209.0,0,5,11.0,1,0.0,Kurdistan Workers' Party (PKK)
58384,2014,2,3,0,95,10,33,248,33.303566,44.371773,1.0,0,1.0,1,0,3,19,549,95.0,0,6,1.0,1,0.0,Islamic State of Iraq and the Levant (ISIL)
64197,2014,11,26,0,113,10,298,2358,32.521721,11.916862,1.0,0,0.0,1,0,3,17,3030,113.0,0,6,1.0,-9,0.0,Muslim extremists
22969,1989,9,8,0,155,10,327,1474,31.502407,34.459743,1.0,0,0.0,1,0,1,14,3714,155.0,0,9,1.0,0,0.0,Palestinians
60535,2014,5,30,0,147,11,108,723,10.488333,12.419444,2.0,0,0.0,1,0,1,14,1261,147.0,0,5,3.0,1,0.0,Boko Haram
18315,1987,10,25,0,159,3,475,3329,-12.068306,-75.210163,1.0,0,0.0,1,0,3,14,486,159.0,0,6,3.0,1,0.0,Tupac Amaru Revolutionary Movement (MRTA)
68944,2015,7,19,0,153,6,353,3747,31.834328,70.90905,1.0,0,1.0,1,1,3,4,167,153.0,0,6,2.0,-9,0.0,Tehrik-i-Taliban Pakistan (TTP)
25887,1990,10,2,0,186,6,268,2028,7.236579,80.208017,1.0,0,0.0,1,0,2,14,2545,186.0,0,5,5.0,1,0.0,Liberation Tigers of Tamil Eelam (LTTE)
79032,2017,2,19,0,45,3,375,2515,6.9853,-72.0127,2.0,0,0.0,1,0,3,21,3187,45.0,0,6,0.0,-9,0.0,National Liberation Army of Colombia (ELN)
13325,1985,1,28,0,159,3,477,3347,-13.755419,-73.78756,1.0,0,1.0,1,0,3,14,4167,159.0,0,6,1.0,1,0.0,Shining Path (SL)
57022,2013,10,6,0,228,10,53,315,15.325443,44.211895,1.0,0,0.0,0,0,6,7,651,75.0,0,5,1.0,0,0.0,Al-Qaida in the Arabian Peninsula (AQAP)
1571,1974,1,6,0,603,8,49,1615,51.504387,-0.140041,1.0,0,0.0,0,0,1,4,2130,216.0,0,6,0.0,0,0.0,Irish Republican Army (IRA)
71077,2015,11,4,0,123,11,295,2356,14.45559,-4.917994,1.0,0,0.0,1,0,2,11,3101,123.0,0,5,0.0,0,0.0,Muslim extremists
11727,1984,3,7,0,43,3,271,2099,-33.366238,-70.505302,1.0,0,0.0,1,0,5,10,1809,43.0,0,5,0.0,0,1.0,Manuel Rodriguez Patriotic Front (FPMR)
51392,2012,3,20,0,95,10,36,273,34.621521,43.668377,1.0,0,1.0,1,0,3,8,521,95.0,0,6,0.0,1,0.0,Al-Qaida in Iraq
36515,1997,9,16,0,45,3,368,24,2.535935,-75.52767,4.0,0,0.0,1,0,2,2,3895,45.0,0,5,0.0,1,0.0,Revolutionary Armed Forces of Colombia (FARC)
24314,1990,2,27,0,185,8,89,520,40.465595,-3.696263,1.0,0,0.0,0,0,1,2,1015,185.0,0,6,0.0,0,0.0,Basque Fatherland and Freedom (ETA)
48342,2010,7,11,1,153,6,427,3750,33.68745,71.516037,1.0,1,0.0,1,0,1,14,4597,153.0,0,9,2.0,0,1.0,Tehrik-i-Taliban Pakistan (TTP)
17605,1987,7,13,0,159,3,477,3281,-12.939782,-74.247478,1.0,0,0.0,1,0,3,21,1761,159.0,0,6,0.0,1,0.0,Shining Path (SL)
19187,1988,3,20,0,61,2,151,1253,13.24111,-87.96,1.0,0,0.0,1,0,3,4,1762,61.0,0,5,0.0,1,0.0,Farabundo Marti National Liberation Front (FMLN)
63302,2014,10,9,0,95,10,34,250,33.74324,44.623825,1.0,0,0.0,1,1,3,3,20,95.0,0,6,10.0,-9,0.0,Islamic State of Iraq and the Levant (ISIL)
42290,2005,8,12,0,45,3,471,3209,1.045,-76.274167,2.0,0,0.0,1,0,3,21,3949,45.0,0,6,0.0,1,0.0,Revolutionary Armed Forces of Colombia (FARC)
64609,2014,12,21,0,214,9,146,1076,47.981647,37.762325,1.0,0,1.0,1,0,2,4,1701,214.0,0,5,0.0,-9,0.0,Donetsk People's Republic
42614,2006,1,19,0,69,8,136,1019,42.113828,8.701548,1.0,0,0.0,0,0,3,14,1588,69.0,0,6,0.0,0,0.0,Corsican National Liberation Front (FLNC)
35084,1996,2,16,0,45,3,363,2560,6.48927,-74.40176,3.0,0,0.0,1,0,3,21,3245,45.0,0,6,0.0,1,0.0,National Liberation Army of Colombia (ELN)
71076,2015,11,4,0,92,6,128,2210,18.398833,81.557328,1.0,0,0.0,0,0,3,4,48,92.0,0,6,0.0,0,0.0,Maoists
75288,2016,7,3,0,200,10,199,1766,36.528557,37.954094,1.0,0,0.0,1,0,2,14,1213,200.0,0,6,1.0,0,0.0,Islamic State of Iraq and the Levant (ISIL)
49493,2011,4,8,0,45,3,377,3216,3.05,-76.416667,1.0,0,0.0,1,0,3,14,3969,45.0,0,6,0.0,1,0.0,Revolutionary Armed Forces of Colombia (FARC)
75518,2016,7,18,0,147,11,118,1382,9.235087,9.716734,2.0,0,0.0,1,0,1,14,1928,147.0,0,5,3.0,1,0.0,Fulani extremists
61208,2014,7,4,0,228,10,50,323,16.934858,47.015415,1.0,0,0.0,1,0,2,4,647,228.0,0,6,1.0,1,0.0,Al-Qaida in the Arabian Peninsula (AQAP)
50693,2011,12,22,0,45,3,363,3211,7.07386,-75.14591,3.0,0,0.0,1,0,3,3,3952,45.0,0,6,1.0,0,0.0,Revolutionary Armed Forces of Colombia (FARC)
18841,1988,1,30,0,43,3,272,2112,-37.029655,-73.144447,1.0,0,0.0,0,0,3,2,2806,43.0,0,6,0.0,1,0.0,Manuel Rodriguez Patriotic Front (FPMR)
11963,1984,4,8,0,145,2,437,2922,13.564249,-86.029855,1.0,0,0.0,1,0,2,14,3565,145.0,0,5,1.0,1,0.0,Nicaraguan Democratic Force (FDN)
13852,1985,5,16,0,61,2,159,24,13.447063,-88.556531,4.0,0,1.0,1,0,3,21,1774,61.0,0,6,0.0,1,0.0,Farabundo Marti National Liberation Front (FMLN)
30690,1992,7,8,0,209,10,234,24,38.109458,40.567051,4.0,0,0.0,1,0,2,9,2420,209.0,0,5,2.0,1,0.0,Kurdistan Workers' Party (PKK)
28049,1991,8,5,0,69,8,136,1022,41.591369,9.278311,1.0,0,0.0,1,0,3,2,560,69.0,0,6,0.0,1,0.0,Corsican National Liberation Front (FLNC)
73960,2016,4,20,0,153,6,427,3817,34.57135,71.351204,1.0,0,0.0,1,0,3,17,4685,153.0,0,6,2.0,1,0.0,Tehrik-i-Taliban Pakistan (TTP)
48154,2010,6,5,0,92,6,128,843,18.791667,80.816667,1.0,1,0.0,1,0,7,2,1368,92.0,0,8,0.0,1,0.0,Communist Party of India - Maoist (CPI-Maoist)
79871,2017,4,16,1,147,11,112,1447,9.433333,8.166667,1.0,0,0.0,1,0,2,14,27,147.0,0,5,12.0,0,-9.0,Fulani extremists
44877,2008,5,10,0,186,6,218,1978,8.577826,81.218719,1.0,0,0.0,1,1,3,4,2530,186.0,0,6,1.0,1,0.0,Liberation Tigers of Tamil Eelam (LTTE)
7997,1981,9,14,0,603,8,190,1658,54.755402,-6.606029,1.0,0,0.0,1,0,1,3,2161,233.0,0,5,1.0,0,0.0,Irish Republican Army (IRA)
47267,2009,10,27,0,160,5,1,22,6.050458,121.012245,1.0,0,0.0,1,0,3,15,166,160.0,0,6,0.0,-9,0.0,Abu Sayyaf Group (ASG)
48302,2010,7,5,0,182,11,68,405,2.059819,45.326115,1.0,0,1.0,1,0,2,17,873,182.0,0,5,6.0,0,0.0,Al-Shabaab
37670,1999,10,13,1,160,5,0,35,6.51792,122.12822,1.0,0,0.0,1,0,6,1,46,160.0,0,5,1.0,0,1.0,Abu Sayyaf Group (ASG)
66600,2015,3,28,0,147,11,108,668,10.749466,12.151123,1.0,0,0.0,1,0,2,14,205,147.0,0,5,25.0,1,0.0,Boko Haram
73474,2016,3,20,0,228,10,60,353,13.586484,44.024105,1.0,0,1.0,1,0,3,14,1288,228.0,0,6,13.0,-9,0.0,Houthi extremists (Ansar Allah)
21247,1989,1,26,0,209,10,225,1839,37.157409,42.567582,1.0,1,0.0,1,0,7,1,2369,209.0,0,5,0.0,1,0.0,Kurdistan Workers' Party (PKK)
1196,1972,10,28,0,603,8,190,1631,55.011562,-7.312045,1.0,0,0.0,1,0,2,4,2148,216.0,0,5,1.0,0,0.0,Irish Republican Army (IRA)
35190,1996,3,30,0,186,6,218,2046,9.575,80.466111,1.0,1,0.0,1,1,3,4,2563,186.0,0,6,12.0,1,0.0,Liberation Tigers of Tamil Eelam (LTTE)
30692,1992,7,9,0,92,6,292,979,34.08374,74.789902,1.0,0,0.0,1,0,1,3,1124,92.0,0,5,1.0,0,0.0,Sikh Extremists
9720,1983,1,27,0,159,3,482,3290,-17.360278,-69.701111,2.0,0,0.0,0,0,3,19,4080,159.0,0,6,17.0,0,0.0,Shining Path (SL)
61660,2014,7,17,0,228,10,54,351,14.223866,47.082782,1.0,0,0.0,1,0,2,4,559,228.0,0,5,3.0,1,0.0,Al-Qaida in the Arabian Peninsula (AQAP)
25891,1990,10,3,0,97,10,458,3037,31.771599,35.2034,1.0,0,0.0,1,0,3,4,562,97.0,0,6,0.0,1,0.0,Palestinians
35854,1996,10,22,0,45,3,363,3146,7.882318,-76.630626,1.0,0,1.0,1,0,2,2,3990,45.0,0,5,3.0,1,0.0,Revolutionary Armed Forces of Colombia (FARC)
21603,1989,3,4,0,92,6,339,3433,31.633979,74.872264,3.0,0,0.0,1,0,1,3,2788,92.0,0,5,2.0,0,0.0,Sikh Extremists
5709,1979,10,12,0,97,10,458,3037,31.771599,35.2034,1.0,0,0.0,1,0,3,7,3659,422.0,0,6,0.0,1,0.0,Palestinians
60064,2014,5,9,0,214,9,146,1076,47.981647,37.762325,1.0,0,0.0,1,0,6,12,1740,422.0,0,5,0.0,0,1.0,Donetsk People's Republic
61931,2014,7,29,0,214,9,146,1097,48.327225,38.025673,1.0,0,0.0,1,0,3,14,205,214.0,0,6,1.0,-9,0.0,Donetsk People's Republic
14512,1985,9,17,0,145,2,440,2962,12.38105,-84.953908,3.0,1,0.0,1,0,2,4,562,145.0,0,5,0.0,1,0.0,Nicaraguan Democratic Force (FDN)
52837,2012,8,5,0,147,11,108,619,11.840929,13.141459,1.0,0,0.0,1,0,2,2,1266,147.0,0,5,1.0,0,0.0,Boko Haram
16060,1986,8,9,0,159,3,480,3293,-13.531688,-71.966924,1.0,0,1.0,1,0,5,10,4847,159.0,0,5,0.0,1,0.0,Tupac Amaru Revolutionary Movement (MRTA)
20624,1988,11,1,0,185,8,86,571,43.416667,-2.933333,1.0,0,0.0,1,0,3,1,1066,185.0,0,6,0.0,1,0.0,Basque Fatherland and Freedom (ETA)
14850,1985,12,2,0,43,3,270,2100,-33.050125,-71.612251,1.0,0,0.0,1,0,3,1,2766,43.0,0,6,0.0,1,0.0,Manuel Rodriguez Patriotic Front (FPMR)
57509,2013,11,21,0,228,10,181,1563,16.88981,43.807983,1.0,0,0.0,1,0,3,14,2002,228.0,0,6,1.0,-9,0.0,Houthi extremists (Ansar Allah)
20713,1988,11,16,0,45,3,375,2571,6.407778,-72.444444,1.0,0,0.0,1,0,2,3,2184,45.0,0,5,0.0,1,0.0,National Liberation Army of Colombia (ELN)
11179,1983,11,29,0,159,3,477,3292,-14.385277,-73.962606,1.0,0,0.0,1,0,2,2,4084,159.0,0,8,4.0,1,0.0,Shining Path (SL)
69942,2015,9,6,0,95,10,34,252,33.100529,44.584492,1.0,1,0.0,1,0,3,14,13,95.0,0,6,2.0,0,0.0,Islamic State of Iraq and the Levant (ISIL)
45471,2008,9,2,0,153,6,534,3789,34.92969,72.416834,1.0,0,0.0,1,0,3,1,4646,4.0,0,6,0.0,1,0.0,Tehrik-i-Taliban Pakistan (TTP)
12279,1984,5,29,0,92,6,339,24,31.147131,75.341218,4.0,0,0.0,0,0,3,19,2557,92.0,0,6,0.0,0,0.0,Sikh Extremists
17847,1987,8,13,0,183,11,19,190,-26.252697,27.870275,1.0,0,0.0,1,0,3,3,308,183.0,0,6,0.0,1,0.0,African National Congress (South Africa)
25829,1990,9,13,0,61,2,150,1156,13.69288,-89.199161,1.0,0,1.0,1,0,3,21,1822,61.0,0,6,0.0,1,0.0,Farabundo Marti National Liberation Front (FMLN)
32797,1994,4,9,0,603,8,190,1609,54.607712,-5.95621,1.0,0,0.0,0,0,3,3,2104,216.0,0,6,0.0,1,0.0,Irish Republican Army (IRA)
16591,1987,1,8,0,159,3,277,2111,-11.967368,-76.978462,1.0,0,0.0,1,0,2,19,4814,159.0,0,8,0.0,1,0.0,Tupac Amaru Revolutionary Movement (MRTA)
15440,1986,4,5,0,92,6,339,3419,31.326015,75.576183,1.0,0,0.0,1,0,6,2,4334,92.0,0,5,5.0,1,1.0,Sikh Extremists
18803,1988,1,24,0,61,2,151,1157,14.12458,-89.293171,1.0,0,0.0,1,0,2,4,1762,61.0,0,5,15.0,1,0.0,Farabundo Marti National Liberation Front (FMLN)
23997,1989,12,31,0,43,3,271,2099,-33.366238,-70.505302,1.0,0,0.0,1,0,3,1,2807,43.0,0,6,0.0,1,0.0,Manuel Rodriguez Patriotic Front (FPMR)
36170,1997,3,5,0,186,6,262,2030,8.541447,81.192318,1.0,0,0.0,1,0,3,4,2547,186.0,0,6,5.0,1,0.0,Liberation Tigers of Tamil Eelam (LTTE)
80767,2017,6,8,0,209,10,226,1826,37.293709,43.671189,3.0,0,0.0,1,0,3,4,2017,209.0,0,6,0.0,1,0.0,Kurdistan Workers' Party (PKK)
71267,2015,11,15,1,160,5,397,2634,8.892579,126.300309,2.0,0,0.0,1,0,6,14,3337,160.0,0,5,1.0,0,1.0,New People's Army (NPA)
73760,2016,4,6,1,45,3,361,2565,5.31112,-76.415456,1.0,0,0.0,1,0,6,19,1710,45.0,0,8,0.0,1,1.0,National Liberation Army of Colombia (ELN)
82997,2017,11,5,0,95,10,37,255,36.354145,43.14357,1.0,0,0.0,1,0,3,14,13,95.0,0,6,1.0,-9,0.0,Islamic State of Iraq and the Levant (ISIL)
77815,2016,11,28,0,160,5,4,36,7.099262,122.237204,1.0,0,0.0,0,0,2,14,47,160.0,0,5,2.0,0,0.0,Abu Sayyaf Group (ASG)
69108,2015,7,26,0,214,9,146,1078,48.363186,37.891922,1.0,0,0.0,1,0,2,4,1698,214.0,0,6,0.0,0,0.0,Donetsk People's Republic
2261,1975,8,2,0,603,8,190,1614,54.446614,-6.690752,1.0,0,0.0,1,0,1,4,2054,233.0,0,5,1.0,0,0.0,Irish Republican Army (IRA)
79551,2017,3,25,0,60,10,291,2354,31.126646,33.800865,1.0,1,0.0,1,0,3,3,559,60.0,0,6,3.0,1,0.0,Muslim extremists
75430,2016,7,12,0,95,10,33,248,33.303566,44.371773,1.0,0,0.0,1,0,3,14,13,95.0,0,6,2.0,-9,0.0,Islamic State of Iraq and the Levant (ISIL)
71250,2015,11,14,0,228,10,56,347,14.781294,42.972851,1.0,0,1.0,1,0,3,4,2013,228.0,0,6,1.0,-9,0.0,Houthi extremists (Ansar Allah)
53189,2012,9,8,0,95,10,36,260,33.835629,44.247406,1.0,0,1.0,1,0,3,4,20,95.0,0,6,5.0,1,0.0,Al-Qaida in Iraq
70975,2015,10,30,0,214,9,146,1081,48.064426,37.673248,1.0,0,0.0,1,0,2,4,48,214.0,0,6,1.0,0,0.0,Donetsk People's Republic
47876,2010,4,13,0,160,5,0,16,6.700414,121.972557,1.0,0,1.0,1,0,3,2,25,153.0,0,6,3.0,1,0.0,Abu Sayyaf Group (ASG)
67981,2015,5,31,0,153,6,339,3795,31.975063,74.223297,1.0,0,0.0,1,0,1,2,4653,153.0,0,5,3.0,1,0.0,Tehrik-i-Taliban Pakistan (TTP)
27212,1991,5,6,0,159,3,277,2111,-11.967368,-76.978462,1.0,0,0.0,0,0,3,3,4769,159.0,0,6,0.0,1,0.0,Tupac Amaru Revolutionary Movement (MRTA)
75809,2016,8,6,1,160,5,1,42,6.021834,121.16568,1.0,0,0.0,1,0,6,14,74,160.0,0,5,1.0,0,1.0,Abu Sayyaf Group (ASG)
32096,1992,12,16,0,45,3,360,2512,7.894195,-72.503885,1.0,0,1.0,0,0,3,20,3194,45.0,0,6,0.0,1,0.0,National Liberation Army of Colombia (ELN)
50759,2012,1,5,0,95,10,46,2435,31.135535,45.861207,1.0,0,1.0,1,1,3,14,491,95.0,0,6,45.0,0,0.0,Muslim extremists
33380,1994,8,21,0,185,8,86,535,43.365899,-2.996356,1.0,0,0.0,1,0,1,3,984,185.0,0,5,1.0,0,0.0,Basque Fatherland and Freedom (ETA)
28797,1991,10,23,0,209,10,247,24,38.943543,41.748498,4.0,0,0.0,1,0,2,19,2399,209.0,0,5,1.0,1,0.0,Kurdistan Workers' Party (PKK)
37027,1998,9,11,0,186,6,262,1980,9.666399,80.020477,1.0,0,0.0,1,1,3,2,2487,186.0,0,6,21.0,0,0.0,Liberation Tigers of Tamil Eelam (LTTE)
14165,1985,7,1,0,159,3,477,3357,-12.825945,-74.111516,1.0,0,0.0,1,0,2,4,1772,159.0,0,5,7.0,1,0.0,Shining Path (SL)
23040,1989,9,13,0,155,10,327,2347,31.278791,34.256435,1.0,0,0.0,0,0,1,14,3716,155.0,0,9,0.0,0,0.0,Palestinians
19941,1988,7,13,0,186,6,218,2019,7.686667,81.721389,1.0,0,0.0,1,0,2,4,1853,92.0,0,5,0.0,1,0.0,Liberation Tigers of Tamil Eelam (LTTE)
46671,2009,6,15,0,92,6,130,879,21.38345,84.264752,1.0,0,0.0,1,0,2,3,1397,92.0,0,5,1.0,0,0.0,Communist Party of India - Maoist (CPI-Maoist)
8238,1981,12,13,0,45,3,375,3220,5.975153,-74.586142,1.0,0,0.0,1,0,1,14,3967,45.0,0,5,1.0,0,0.0,Revolutionary Armed Forces of Colombia (FARC)
68289,2015,6,15,0,200,10,199,2349,36.201721,37.14352,1.0,0,1.0,1,0,3,14,926,200.0,0,6,4.0,-9,0.0,Muslim extremists
16023,1986,7,29,0,159,3,477,3278,-13.152712,-74.218628,1.0,0,0.0,1,0,3,21,4075,159.0,0,6,0.0,1,0.0,Shining Path (SL)
44068,2007,8,9,0,228,10,51,359,15.45639,45.324871,1.0,0,0.0,1,0,3,2,6,228.0,0,6,1.0,-9,0.0,Houthi extremists (Ansar Allah)
25820,1990,9,13,0,209,10,239,1875,37.993026,42.141265,1.0,1,0.0,1,0,2,4,562,209.0,0,5,8.0,1,0.0,Kurdistan Workers' Party (PKK)
28814,1991,10,25,0,155,10,456,3041,31.907141,35.198219,1.0,0,0.0,1,0,2,4,12,97.0,0,8,0.0,1,0.0,Palestinians
28419,1991,9,19,0,155,10,327,3042,31.346964,34.30143,1.0,0,0.0,1,0,1,14,3682,155.0,0,5,1.0,0,0.0,Palestinians
32624,1994,3,13,0,183,11,18,133,-29.965819,30.882976,1.0,0,0.0,1,0,2,14,261,183.0,0,5,1.0,1,0.0,African National Congress (South Africa)
30931,1992,8,5,0,69,8,138,1048,43.696036,7.265592,1.0,0,0.0,1,0,3,1,560,69.0,0,6,0.0,1,0.0,Corsican National Liberation Front (FLNC)
68670,2015,7,5,0,147,11,108,630,10.737778,13.130556,1.0,0,1.0,1,0,2,15,1240,147.0,0,5,6.0,1,0.0,Boko Haram
80687,2017,6,3,0,95,10,37,255,36.354145,43.14357,1.0,0,0.0,1,1,3,4,48,95.0,0,6,13.0,1,0.0,Islamic State of Iraq and the Levant (ISIL)
23758,1989,11,21,0,92,6,339,3422,31.633979,74.872264,3.0,0,0.0,1,0,2,4,4279,92.0,0,5,4.0,1,0.0,Sikh Extremists
74018,2016,4,24,0,153,6,427,3775,34.421209,71.117328,1.0,0,1.0,0,0,2,4,4627,153.0,0,5,1.0,0,0.0,Tehrik-i-Taliban Pakistan (TTP)
48971,2010,11,27,0,92,6,130,939,21.814946,84.959777,1.0,0,0.0,1,0,3,1,1466,92.0,0,6,5.0,0,0.0,Communist Party of India - Maoist (CPI-Maoist)
28668,1991,10,15,0,61,2,150,1156,13.69288,-89.199161,1.0,0,0.0,1,0,3,1,1789,61.0,0,6,0.0,1,0.0,Farabundo Marti National Liberation Front (FMLN)
55630,2013,6,2,0,228,10,54,338,13.980025,48.189154,1.0,0,1.0,0,0,2,1,671,228.0,0,5,0.0,0,0.0,Al-Qaida in the Arabian Peninsula (AQAP)
83050,2017,11,9,0,160,5,0,11,6.440039,122.080475,1.0,0,0.0,1,0,2,4,12,160.0,0,5,6.0,0,0.0,Abu Sayyaf Group (ASG)
33088,1994,5,31,0,209,10,239,24,37.927404,41.941978,1.0,0,0.0,1,0,2,4,562,209.0,0,5,0.0,1,0.0,Kurdistan Workers' Party (PKK)
71356,2015,11,22,0,4,6,515,3601,37.470481,69.624767,3.0,0,0.0,1,0,2,14,2322,4.0,0,5,3.0,0,0.0,Taliban
62545,2014,8,31,0,214,9,146,1075,47.117252,37.572659,1.0,1,0.0,1,0,3,4,1727,214.0,0,6,1.0,1,0.0,Donetsk People's Republic
32795,1994,4,8,0,69,8,136,1021,41.930607,8.742907,1.0,0,0.0,1,0,3,1,587,69.0,0,6,0.0,1,0.0,Corsican National Liberation Front (FLNC)
52281,2012,6,13,0,95,10,41,292,32.901412,45.077723,1.0,0,1.0,1,0,3,14,553,95.0,0,6,0.0,-9,0.0,Al-Qaida in Iraq
41894,2005,4,3,0,141,6,266,2271,27.677286,84.416928,1.0,0,0.0,1,0,3,8,2955,141.0,0,6,0.0,-9,0.0,Maoists
53051,2012,8,22,0,209,10,225,1880,37.317202,41.792458,3.0,0,0.0,1,0,2,4,93,209.0,0,6,0.0,0,0.0,Kurdistan Workers' Party (PKK)
5776,1979,10,26,0,97,10,460,3040,32.08297,34.811886,1.0,0,0.0,1,0,3,19,3786,97.0,0,6,0.0,1,0.0,Palestinians
68787,2015,7,11,0,228,10,60,1582,13.555278,43.962778,3.0,0,0.0,1,0,3,14,892,228.0,0,6,7.0,1,0.0,Houthi extremists (Ansar Allah)
71615,2015,12,9,0,60,10,291,2347,31.250196,34.24128,1.0,0,0.0,1,0,2,4,497,60.0,0,5,1.0,0,0.0,Muslim extremists
64692,2014,12,25,0,153,6,427,3774,33.885767,71.120431,1.0,0,0.0,1,0,2,14,4626,153.0,0,5,1.0,0,0.0,Tehrik-i-Taliban Pakistan (TTP)
37539,1999,7,29,0,186,6,261,1974,6.941837,79.861687,1.0,0,0.0,1,1,3,2,2604,186.0,0,6,2.0,1,0.0,Liberation Tigers of Tamil Eelam (LTTE)
83307,2017,11,30,0,228,10,54,320,14.529338,46.830488,1.0,0,0.0,1,0,2,17,162,228.0,0,5,5.0,1,0.0,Al-Qaida in the Arabian Peninsula (AQAP)
62013,2014,8,3,0,182,11,66,412,2.14383,45.118061,1.0,0,0.0,1,0,3,2,885,182.0,0,6,0.0,1,0.0,Al-Shabaab
63453,2014,10,15,0,228,10,55,24,14.358866,45.449806,4.0,0,1.0,1,0,3,14,742,228.0,0,6,0.0,1,0.0,Al-Qaida in the Arabian Peninsula (AQAP)
17365,1987,6,6,0,160,5,11,43,14.596051,120.978666,1.0,0,0.0,1,0,1,4,3398,160.0,0,5,1.0,0,0.0,New People's Army (NPA)
44708,2008,4,6,0,160,5,407,2779,13.240874,123.537612,1.0,0,0.0,1,0,1,4,3453,160.0,0,5,1.0,-9,0.0,New People's Army (NPA)
15006,1986,1,8,0,145,2,436,2927,14.152916,-85.07312,2.0,1,0.0,1,0,2,4,1762,145.0,0,5,1.0,1,0.0,Nicaraguan Democratic Force (FDN)
76139,2016,8,26,0,160,5,394,2689,7.734803,125.512622,1.0,0,0.0,0,0,2,4,2332,160.0,0,5,0.0,-9,0.0,New People's Army (NPA)
42753,2006,2,13,0,4,6,526,3638,32.747617,67.60778,1.0,0,0.0,1,0,7,8,4515,4.0,0,8,0.0,1,0.0,Taliban
27368,1991,5,27,0,159,3,277,2111,-11.967368,-76.978462,1.0,0,0.0,1,0,3,2,4764,159.0,0,6,0.0,1,0.0,Tupac Amaru Revolutionary Movement (MRTA)
48994,2010,12,2,0,92,6,132,928,18.435465,79.129664,1.0,0,1.0,1,0,2,14,1451,92.0,0,5,1.0,-9,0.0,Communist Party of India - Maoist (CPI-Maoist)
66555,2015,3,25,1,4,6,524,3569,33.239717,65.45986,3.0,0,0.0,1,0,6,14,4464,4.0,0,5,0.0,0,1.0,Taliban
63437,2014,10,15,0,113,10,304,2366,32.069286,20.151144,1.0,0,0.0,0,0,3,4,3040,113.0,0,6,1.0,0,0.0,Muslim extremists
49127,2011,1,6,0,92,6,127,804,23.075278,85.278889,3.0,0,0.0,1,0,1,14,1315,92.0,0,5,1.0,-9,1.0,Communist Party of India - Maoist (CPI-Maoist)
64271,2014,12,1,0,95,10,33,248,33.303566,44.371773,1.0,0,0.0,1,0,3,14,2299,95.0,0,6,2.0,-9,0.0,Islamic State of Iraq and the Levant (ISIL)
75115,2016,6,23,0,4,6,529,3619,33.534235,65.000854,3.0,0,0.0,1,0,2,3,1982,4.0,0,5,1.0,0,0.0,Taliban
59393,2014,4,4,0,4,6,320,2396,33.241542,69.82847,3.0,0,0.0,1,0,1,10,3061,38.0,0,5,1.0,1,0.0,Muslim extremists
71812,2015,12,20,0,160,5,1,65,6.04343,120.994263,1.0,0,0.0,0,0,3,4,120,160.0,0,6,0.0,0,0.0,Abu Sayyaf Group (ASG)
40928,2003,5,28,0,92,6,292,2428,34.314996,74.345544,1.0,0,0.0,1,0,2,4,3088,92.0,0,5,1.0,0,0.0,Muslim extremists
11177,1983,11,28,0,45,3,367,2493,7.116294,-73.120026,1.0,0,0.0,1,0,3,15,2773,45.0,0,6,0.0,1,0.0,National Liberation Army of Colombia (ELN)
7559,1981,4,21,0,183,11,18,138,-29.861824,31.008293,1.0,0,0.0,1,0,3,21,398,183.0,0,6,0.0,1,0.0,African National Congress (South Africa)
18567,1987,12,7,0,45,3,384,3128,2.47973,-72.95746,2.0,0,0.0,1,0,6,4,3851,45.0,0,5,0.0,0,1.0,Revolutionary Armed Forces of Colombia (FARC)
73296,2016,3,10,0,147,11,167,1362,7.719043,9.238704,2.0,0,1.0,1,0,2,14,1230,147.0,0,5,2.0,-9,0.0,Fulani extremists
49869,2011,7,11,1,160,5,4,10,6.887752,122.154588,1.0,0,0.0,1,0,6,14,11,217.0,0,5,0.0,0,1.0,Abu Sayyaf Group (ASG)
62580,2014,9,2,0,147,11,168,1291,8.547469,7.7118,4.0,0,1.0,1,0,2,14,27,147.0,0,5,15.0,1,0.0,Fulani extremists
68521,2015,6,28,0,200,10,206,1725,36.503593,40.740627,1.0,0,1.0,1,0,3,4,48,200.0,0,6,7.0,-9,0.0,Islamic State of Iraq and the Levant (ISIL)
11144,1983,11,17,0,145,2,445,2940,12.710919,-87.023859,2.0,1,0.0,1,0,3,4,3575,145.0,0,6,108.0,1,0.0,Nicaraguan Democratic Force (FDN)
14734,1985,11,6,0,159,3,277,2111,-11.967368,-76.978462,1.0,0,0.0,1,0,2,3,4816,159.0,0,5,1.0,1,0.0,Tupac Amaru Revolutionary Movement (MRTA)
81994,2017,8,20,0,60,10,291,2354,31.126646,33.800865,1.0,0,0.0,1,0,2,3,92,60.0,0,5,1.0,0,0.0,Muslim extremists
64577,2014,12,20,0,228,10,53,315,15.325443,44.211895,1.0,0,0.0,1,0,6,14,1972,228.0,0,5,0.0,0,1.0,Houthi extremists (Ansar Allah)
76207,2016,8,30,0,182,11,68,405,2.059819,45.326115,1.0,0,0.0,1,1,3,1,587,182.0,0,6,23.0,1,0.0,Al-Shabaab
48836,2010,11,2,0,95,10,33,248,33.303566,44.371773,1.0,0,1.0,1,0,3,3,576,95.0,0,6,21.0,1,0.0,Al-Qaida in Iraq
45594,2008,10,7,0,182,11,68,405,2.059819,45.326115,1.0,0,0.0,1,0,3,2,847,182.0,0,6,20.0,1,0.0,Al-Shabaab
4661,1979,1,27,0,185,8,94,550,42.907739,-2.064756,1.0,0,0.0,1,0,1,2,1013,185.0,0,5,1.0,0,0.0,Basque Fatherland and Freedom (ETA)
42210,2005,7,22,0,4,6,513,24,31.363647,63.958611,4.0,0,0.0,1,0,2,2,4492,4.0,0,5,2.0,0,0.0,Taliban
57719,2013,12,14,0,92,6,131,799,18.352486,81.953482,3.0,0,0.0,1,0,2,1,2959,92.0,0,5,1.0,0,0.0,Maoists
11068,1983,11,5,0,145,2,439,2918,13.45504,-86.405758,1.0,0,0.0,1,0,2,4,1762,145.0,0,5,1.0,1,0.0,Nicaraguan Democratic Force (FDN)
28348,1991,9,7,0,186,6,262,2053,8.980118,79.912462,3.0,0,0.0,1,0,3,4,1191,186.0,0,6,4.0,1,0.0,Liberation Tigers of Tamil Eelam (LTTE)
27614,1991,6,21,0,159,3,277,2111,-11.967368,-76.978462,1.0,0,0.0,1,0,3,2,4837,159.0,0,6,0.0,1,0.0,Tupac Amaru Revolutionary Movement (MRTA)
42595,2006,1,9,0,95,10,33,248,33.303566,44.371773,1.0,0,0.0,1,1,3,3,526,95.0,0,6,2.0,0,0.0,Al-Qaida in Iraq
42726,2006,2,6,0,141,6,261,2205,27.954031,84.135948,1.0,1,0.0,1,0,3,3,2912,141.0,0,6,1.0,-9,0.0,Maoists
59851,2014,4,28,0,214,9,146,1076,47.981647,37.762325,1.0,0,0.0,1,0,6,14,1741,214.0,0,9,0.0,0,1.0,Donetsk People's Republic
71415,2015,11,24,0,209,10,225,1819,37.332346,42.185474,1.0,0,0.0,1,0,2,1,2393,209.0,0,5,1.0,0,0.0,Kurdistan Workers' Party (PKK)
70045,2015,9,11,0,182,11,65,435,2.71581,44.511845,1.0,0,1.0,1,0,2,4,577,422.0,0,6,0.0,-9,0.0,Al-Shabaab
19518,1988,5,6,1,45,3,364,2485,4.667128,-74.106056,1.0,0,0.0,1,0,6,10,3236,45.0,0,5,0.0,0,1.0,National Liberation Army of Colombia (ELN)
68436,2015,6,23,0,200,10,206,1725,36.503593,40.740627,1.0,0,1.0,1,1,3,4,20,200.0,0,6,2.0,-9,0.0,Islamic State of Iraq and the Levant (ISIL)
79281,2017,3,6,0,182,11,68,405,2.059819,45.326115,1.0,0,0.0,1,0,2,2,866,182.0,0,5,1.0,0,0.0,Al-Shabaab
59922,2014,5,2,0,4,6,525,3582,34.648054,70.187406,1.0,0,0.0,1,0,3,3,4498,4.0,0,6,0.0,1,0.0,Taliban
18828,1988,1,28,0,43,3,271,2099,-33.366238,-70.505302,1.0,0,0.0,1,0,3,3,853,43.0,0,6,1.0,1,0.0,Manuel Rodriguez Patriotic Front (FPMR)
62630,2014,9,7,0,228,10,55,322,13.985013,45.558479,1.0,0,0.0,1,0,2,3,559,228.0,0,5,2.0,1,0.0,Al-Qaida in the Arabian Peninsula (AQAP)
39844,2002,2,9,0,45,3,360,24,7.907275,-72.968411,4.0,0,0.0,1,0,3,21,3239,45.0,0,6,0.0,1,0.0,National Liberation Army of Colombia (ELN)
63757,2014,11,1,0,214,9,146,1076,47.981647,37.762325,1.0,0,1.0,1,0,2,4,1701,214.0,0,6,1.0,-9,0.0,Donetsk People's Republic
24705,1990,4,11,0,159,3,277,2111,-11.967368,-76.978462,1.0,0,1.0,1,0,3,8,51,159.0,0,6,0.0,1,0.0,Shining Path (SL)
26412,1991,1,2,0,45,3,377,3226,2.95485,-76.26825,3.0,0,0.0,1,0,3,3,3979,45.0,0,6,15.0,1,0.0,Revolutionary Armed Forces of Colombia (FARC)
19898,1988,7,3,0,186,6,262,1985,8.757816,80.487907,1.0,1,0.0,1,0,2,4,2617,92.0,0,5,2.0,1,0.0,Liberation Tigers of Tamil Eelam (LTTE)
37157,1999,1,12,0,160,5,5,23,7.083241,125.600998,1.0,0,1.0,1,0,3,19,24,160.0,0,6,0.0,1,0.0,Abu Sayyaf Group (ASG)
29797,1992,3,6,0,159,3,536,3850,-12.050934,-77.126044,1.0,0,0.0,1,0,3,1,4843,159.0,0,5,0.0,1,0.0,Tupac Amaru Revolutionary Movement (MRTA)
29044,1991,11,15,0,92,6,339,3412,31.633078,74.878288,1.0,0,0.0,0,0,1,22,4301,92.0,0,6,4.0,0,0.0,Sikh Extremists
20518,1988,10,15,0,183,11,23,182,-26.916982,27.484439,1.0,0,1.0,1,0,1,2,335,183.0,0,6,0.0,0,0.0,African National Congress (South Africa)
65998,2015,2,23,0,214,9,146,1077,47.098835,37.81987,1.0,0,0.0,1,0,3,4,1698,214.0,0,6,2.0,0,0.0,Donetsk People's Republic
73253,2016,3,8,0,209,10,217,1763,36.71928,37.11557,1.0,0,0.0,1,0,3,2,2330,209.0,0,6,0.0,1,0.0,Islamic State of Iraq and the Levant (ISIL)
13160,1984,12,12,0,145,2,444,2960,12.35967,-86.05037,1.0,0,0.0,1,0,2,2,3585,145.0,0,5,9.0,1,0.0,Nicaraguan Democratic Force (FDN)
61335,2014,7,6,0,228,10,185,24,16.256921,43.943679,4.0,0,0.0,1,0,2,10,1969,228.0,0,5,0.0,1,0.0,Houthi extremists (Ansar Allah)
35252,1996,4,23,0,45,3,375,3206,5.19688,-73.14554,1.0,0,0.0,1,0,3,14,3946,45.0,0,6,2.0,1,0.0,Revolutionary Armed Forces of Colombia (FARC)
82639,2017,10,6,0,95,10,32,264,33.420948,43.295662,1.0,1,0.0,0,1,3,4,93,95.0,0,6,1.0,0,0.0,Islamic State of Iraq and the Levant (ISIL)
76255,2016,9,2,0,209,10,228,1922,37.546184,41.719601,3.0,0,0.0,1,0,2,4,172,209.0,0,5,3.0,0,0.0,Kurdistan Workers' Party (PKK)
55482,2013,5,20,0,4,6,518,3657,35.947552,68.710327,1.0,0,0.0,1,1,1,2,4523,4.0,0,6,15.0,1,0.0,Taliban
47831,2010,3,31,0,153,6,427,3763,33.697271,71.144852,3.0,0,0.0,1,0,7,8,4633,153.0,0,8,0.0,1,0.0,Tehrik-i-Taliban Pakistan (TTP)
45294,2008,7,28,0,95,10,33,248,33.303566,44.371773,1.0,0,1.0,1,0,3,14,517,95.0,0,6,8.0,1,0.0,Al-Qaida in Iraq
61026,2014,6,24,0,214,9,146,1076,47.981647,37.762325,1.0,0,0.0,1,0,2,4,1739,214.0,0,5,0.0,-9,0.0,Donetsk People's Republic
63883,2014,11,8,0,37,11,117,698,11.184167,13.914167,1.0,0,0.0,1,0,2,14,205,37.0,0,5,41.0,-9,0.0,Boko Haram
78382,2017,1,8,1,147,11,113,1434,9.398333,12.364167,1.0,0,1.0,1,0,6,14,27,147.0,0,5,3.0,0,1.0,Fulani extremists
57190,2013,10,22,1,160,5,1,2,6.066667,121.1,1.0,0,0.0,1,0,6,1,98,160.0,0,5,0.0,0,1.0,Abu Sayyaf Group (ASG)
50166,2011,10,11,0,228,10,58,339,13.063399,44.880882,1.0,0,0.0,1,0,1,4,723,228.0,0,6,1.0,1,0.0,Al-Qaida in the Arabian Peninsula (AQAP)
46958,2009,8,9,0,185,8,92,527,39.569505,2.649965,1.0,0,1.0,1,0,3,1,962,185.0,0,6,0.0,1,0.0,Basque Fatherland and Freedom (ETA)
82153,2017,8,30,0,4,6,509,3634,32.131993,61.2802,3.0,0,0.0,1,0,3,3,85,4.0,0,6,3.0,0,0.0,Taliban
57949,2014,1,3,0,153,6,301,2363,33.671638,73.056068,1.0,0,0.0,1,0,2,15,3070,153.0,0,5,2.0,1,0.0,Muslim extremists
5380,1979,7,9,0,97,10,458,3037,31.771599,35.2034,1.0,0,0.0,0,0,3,14,285,97.0,0,6,0.0,1,0.0,Palestinians
24207,1990,2,9,0,155,10,327,1474,31.502407,34.459743,1.0,0,0.0,1,0,1,14,3672,155.0,0,9,1.0,0,0.0,Palestinians
10368,1983,6,15,0,183,11,19,156,-26.252697,27.870275,1.0,0,0.0,1,0,3,3,406,183.0,0,6,0.0,0,0.0,African National Congress (South Africa)
30703,1992,7,10,0,98,8,100,547,45.469212,9.174508,1.0,0,0.0,1,0,3,1,1004,185.0,0,6,0.0,1,0.0,Basque Fatherland and Freedom (ETA)
27677,1991,7,3,0,45,3,370,24,10.411301,-74.405661,4.0,0,0.0,1,0,3,19,233,45.0,0,6,0.0,1,0.0,National Liberation Army of Colombia (ELN)
44692,2008,4,2,0,95,10,34,291,34.186336,45.126056,3.0,0,0.0,1,0,3,14,552,95.0,0,6,1.0,-9,0.0,Al-Qaida in Iraq
76431,2016,9,14,0,182,11,66,469,2.082062,45.207493,1.0,1,0.0,1,0,3,4,845,422.0,0,6,1.0,1,0.0,Al-Shabaab
65543,2015,2,2,0,92,6,128,838,20.27,81.49,3.0,0,0.0,1,0,2,4,12,92.0,0,5,2.0,0,0.0,Maoists
44258,2007,11,4,0,182,11,68,405,2.059819,45.326115,1.0,0,0.0,1,0,3,4,897,65.0,0,6,1.0,-9,0.0,Al-Shabaab
32193,1994,1,1,0,603,8,190,1609,54.607712,-5.95621,1.0,0,1.0,1,0,7,1,2132,216.0,0,8,0.0,1,0.0,Irish Republican Army (IRA)
80638,2017,5,31,0,228,10,60,1537,12.683549,43.458797,3.0,0,0.0,1,0,3,11,1975,126.0,0,6,0.0,0,0.0,Houthi extremists (Ansar Allah)
52158,2012,5,30,0,160,5,407,2661,13.132009,123.89089,1.0,0,0.0,1,0,2,4,3354,160.0,0,5,1.0,0,0.0,New People's Army (NPA)
31963,1992,12,3,0,69,8,136,24,41.918891,8.737554,4.0,0,1.0,1,0,3,2,560,69.0,0,6,0.0,1,0.0,Corsican National Liberation Front (FLNC)
76203,2016,8,29,0,182,11,66,476,1.996396,44.9884,1.0,0,1.0,1,0,2,4,811,182.0,0,5,2.0,-9,0.0,Al-Shabaab
12421,1984,7,5,0,145,2,440,1256,11.95,-85.216667,1.0,0,0.0,1,0,2,14,3526,145.0,0,5,1.0,1,0.0,Nicaraguan Democratic Force (FDN)
53936,2012,11,28,0,4,6,507,3553,31.631083,65.742226,1.0,0,0.0,1,1,3,14,13,4.0,0,6,1.0,0,0.0,Taliban
15690,1986,5,31,0,145,2,438,2947,13.087135,-86.355572,4.0,1,0.0,1,0,2,4,1768,145.0,0,5,1.0,1,0.0,Nicaraguan Democratic Force (FDN)
68896,2015,7,16,1,92,6,131,2216,19.575505,84.640013,1.0,0,1.0,1,0,6,14,13,92.0,0,5,0.0,0,1.0,Maoists
28378,1991,9,13,0,160,5,428,24,13.413213,121.175236,4.0,0,0.0,1,0,2,3,3004,160.0,0,5,1.0,1,0.0,New People's Army (NPA)
72515,2016,1,27,0,147,11,108,694,10.869414,12.850553,1.0,0,1.0,1,1,3,14,486,147.0,0,6,5.0,1,0.0,Boko Haram
11960,1984,4,8,0,145,2,438,2854,13.37984,-86.48075,1.0,0,0.0,1,0,2,14,3590,145.0,0,5,0.0,1,0.0,Nicaraguan Democratic Force (FDN)
25479,1990,7,27,0,43,3,271,2099,-33.366238,-70.505302,1.0,0,0.0,1,0,2,1,1185,43.0,0,5,0.0,1,0.0,Manuel Rodriguez Patriotic Front (FPMR)
69332,2015,8,6,0,92,6,127,933,23.584152,84.053548,1.0,1,1.0,1,0,3,16,1419,92.0,0,6,0.0,1,0.0,Communist Party of India - Maoist (CPI-Maoist)
15410,1986,3,30,0,145,2,445,2909,13.27624,-86.87844,1.0,0,0.0,1,0,2,4,1762,145.0,0,5,1.0,1,0.0,Nicaraguan Democratic Force (FDN)
65358,2015,1,25,0,147,11,108,619,11.840929,13.141459,1.0,0,1.0,1,0,2,14,1213,147.0,0,6,32.0,-9,0.0,Boko Haram
64293,2014,12,2,0,104,11,67,407,3.938715,41.844707,1.0,1,0.0,1,0,6,14,812,104.0,0,5,36.0,0,1.0,Al-Shabaab
60793,2014,6,11,0,92,6,131,2135,21.111097,85.825586,1.0,0,0.0,0,0,3,4,0,92.0,0,6,0.0,0,0.0,Maoists
20034,1988,7,26,0,183,11,19,156,-26.252697,27.870275,1.0,0,0.0,1,0,1,2,302,183.0,0,6,1.0,1,0.0,African National Congress (South Africa)
25644,1990,8,16,0,209,10,231,1823,39.54068,43.682701,3.0,0,0.0,1,0,2,4,562,209.0,0,5,19.0,1,0.0,Kurdistan Workers' Party (PKK)
79661,2017,4,2,0,95,10,34,1741,33.860659,44.792119,2.0,0,1.0,1,0,3,21,2309,95.0,0,6,0.0,1,0.0,Islamic State of Iraq and the Levant (ISIL)
45939,2008,12,29,0,182,11,68,405,2.059819,45.326115,1.0,0,0.0,1,0,3,2,896,182.0,0,6,0.0,1,0.0,Al-Shabaab
54089,2012,12,24,0,45,3,360,2529,8.673589,-73.040407,1.0,0,0.0,1,0,2,4,12,45.0,0,5,0.0,0,0.0,National Liberation Army of Colombia (ELN)
41800,2005,2,4,1,95,10,33,248,33.303566,44.371773,1.0,0,0.0,1,0,6,10,593,98.0,0,5,0.0,1,1.0,Al-Qaida in Iraq
53668,2012,10,27,0,95,10,37,255,36.354145,43.14357,1.0,0,0.0,0,0,3,15,508,95.0,0,6,0.0,0,0.0,Al-Qaida in Iraq
28747,1991,10,20,0,92,6,339,3414,30.245796,75.842072,1.0,1,1.0,1,0,7,1,1088,92.0,0,8,0.0,1,0.0,Sikh Extremists
15883,1986,6,30,0,186,6,268,2033,7.264167,80.396944,2.0,0,0.0,1,0,3,9,2553,186.0,0,6,7.0,1,0.0,Liberation Tigers of Tamil Eelam (LTTE)
76098,2016,8,22,0,209,10,224,1911,39.179131,39.828445,1.0,0,1.0,1,0,2,2,1223,209.0,0,5,0.0,1,0.0,Kurdistan Workers' Party (PKK)
61258,2014,7,4,0,95,10,333,257,31.98958,44.923775,1.0,1,1.0,1,0,2,3,20,95.0,0,5,0.0,0,0.0,Muslim extremists
49556,2011,4,26,0,153,6,353,3722,34.006004,71.53743,1.0,1,0.0,1,0,3,8,4620,153.0,0,6,0.0,1,0.0,Tehrik-i-Taliban Pakistan (TTP)
71473,2015,11,28,0,228,10,60,353,13.586484,44.024105,1.0,0,0.0,1,0,3,14,1213,228.0,0,6,3.0,-9,0.0,Houthi extremists (Ansar Allah)
78315,2017,1,3,0,228,10,52,314,13.883333,45.866667,3.0,0,0.0,1,0,2,4,722,228.0,0,5,2.0,0,0.0,Al-Qaida in the Arabian Peninsula (AQAP)
64788,2014,12,31,0,95,10,37,286,36.376823,42.448875,1.0,0,0.0,1,0,3,14,2298,95.0,0,6,0.0,1,0.0,Islamic State of Iraq and the Levant (ISIL)
65041,2015,1,11,0,92,6,288,2252,26.171689,91.743196,2.0,0,0.0,1,0,2,3,12,92.0,0,5,1.0,0,0.0,Maoists
43256,2006,8,23,0,186,6,218,1983,7.716666,81.700188,3.0,0,0.0,1,0,3,3,2488,186.0,0,6,1.0,-9,0.0,Liberation Tigers of Tamil Eelam (LTTE)
61766,2014,7,22,0,214,9,146,1126,47.663364,38.073215,1.0,0,0.0,1,0,3,4,20,214.0,0,6,0.0,0,0.0,Donetsk People's Republic
10505,1983,7,10,0,159,3,477,3278,-13.152712,-74.218628,1.0,0,0.0,1,0,3,14,4183,159.0,0,6,0.0,1,0.0,Shining Path (SL)
81945,2017,8,17,0,185,8,101,551,41.400635,2.150913,1.0,0,1.0,1,0,8,14,13,999.0,1,10,14.0,-9,0.0,Muslim extremists
42238,2005,8,1,0,160,5,392,2653,12.5677,123.7337,1.0,0,0.0,1,0,2,3,3349,160.0,0,5,0.0,1,0.0,New People's Army (NPA)
55971,2013,7,6,1,92,6,131,2143,18.139245,81.852386,1.0,0,1.0,1,0,6,14,2862,92.0,0,5,1.0,0,1.0,Maoists
37972,2000,3,26,0,45,3,378,3150,4.29692,-74.80707,1.0,0,0.0,1,0,3,14,3882,45.0,0,6,1.0,1,0.0,Revolutionary Armed Forces of Colombia (FARC)
29683,1992,2,15,0,92,6,339,3399,30.898024,75.860077,1.0,0,0.0,1,0,3,2,4366,92.0,0,6,1.0,1,0.0,Sikh Extremists
7089,1980,10,29,0,185,8,86,518,43.291618,-1.977903,1.0,0,0.0,1,0,1,1,1035,185.0,0,5,1.0,0,0.0,Basque Fatherland and Freedom (ETA)
28278,1991,8,29,0,61,2,156,1160,13.678617,-89.268102,1.0,0,0.0,1,0,3,3,1765,61.0,0,6,0.0,1,0.0,Farabundo Marti National Liberation Front (FMLN)
74546,2016,5,23,0,200,10,202,1712,34.896112,35.886553,1.0,0,1.0,1,1,3,19,1252,200.0,0,6,18.0,1,0.0,Islamic State of Iraq and the Levant (ISIL)
16436,1986,11,15,0,61,2,159,1174,13.516667,-88.383333,1.0,0,1.0,1,0,3,21,1781,61.0,0,6,0.0,1,0.0,Farabundo Marti National Liberation Front (FMLN)
37277,1999,3,20,0,6,10,326,2407,36.77513,5.59993,1.0,0,1.0,1,0,3,4,3069,6.0,0,6,4.0,0,0.0,Muslim extremists
25458,1990,7,26,0,45,3,371,3182,5.21389,-72.86952,1.0,0,0.0,1,0,5,14,3923,45.0,0,5,0.0,1,0.0,Revolutionary Armed Forces of Colombia (FARC)
50187,2011,10,16,0,147,11,108,619,11.840929,13.141459,1.0,0,0.0,1,0,2,2,1226,147.0,0,5,1.0,0,0.0,Boko Haram
28686,1991,10,16,0,97,10,460,3040,32.08297,34.811886,1.0,0,0.0,0,0,1,3,3779,155.0,0,9,0.0,0,0.0,Palestinians
36013,1997,1,9,0,69,8,136,1036,42.657985,9.414215,1.0,0,0.0,1,0,3,2,1582,69.0,0,6,0.0,1,0.0,Corsican National Liberation Front (FLNC)
59875,2014,4,29,0,160,5,1,37,6.077377,121.082137,1.0,0,0.0,1,0,2,4,167,160.0,0,6,27.0,-9,0.0,Abu Sayyaf Group (ASG)
12773,1984,9,11,0,159,3,277,3339,-11.967368,-76.978462,1.0,0,0.0,1,0,2,3,4176,159.0,0,5,0.0,1,0.0,Shining Path (SL)
63782,2014,11,2,0,147,11,168,1297,8.460129,8.200711,1.0,0,1.0,1,0,7,14,27,147.0,0,8,1.0,1,0.0,Fulani extremists
6647,1980,6,1,0,183,11,23,149,-26.810437,27.827077,1.0,0,1.0,1,0,3,1,284,183.0,0,6,1.0,1,0.0,African National Congress (South Africa)
56710,2013,9,7,0,45,3,369,2503,6.956503,-71.859529,1.0,0,0.0,0,0,3,20,6,45.0,0,6,0.0,0,0.0,National Liberation Army of Colombia (ELN)
5271,1979,6,13,0,97,10,462,3074,32.434788,34.92157,1.0,0,0.0,1,0,3,14,3707,97.0,0,6,0.0,0,0.0,Palestinians
47457,2009,12,24,0,153,6,427,3802,34.110325,71.163803,1.0,0,0.0,1,0,3,8,4660,153.0,0,6,0.0,1,0.0,Tehrik-i-Taliban Pakistan (TTP)
17019,1987,4,12,0,145,2,437,2848,13.564251,-86.02984,1.0,0,1.0,1,0,3,21,2810,145.0,0,6,0.0,1,0.0,Nicaraguan Democratic Force (FDN)
42174,2005,7,10,0,95,10,33,248,33.287345,44.319487,2.0,0,0.0,1,1,3,4,6,95.0,0,6,25.0,-9,0.0,Al-Qaida in Iraq
40456,2002,11,25,1,45,3,363,24,7.198606,-75.341218,4.0,0,0.0,1,0,6,2,3859,45.0,0,5,0.0,0,1.0,Revolutionary Armed Forces of Colombia (FARC)
4993,1979,4,19,0,603,8,190,1609,54.607712,-5.95621,1.0,0,0.0,1,0,2,4,2153,216.0,0,5,1.0,1,0.0,Irish Republican Army (IRA)
69065,2015,7,25,0,182,11,68,405,2.059819,45.326115,1.0,0,0.0,1,0,2,2,904,182.0,0,5,1.0,0,0.0,Al-Shabaab
15393,1986,3,26,0,43,3,270,2100,-33.050125,-71.612251,1.0,0,1.0,1,0,3,1,2701,43.0,0,6,0.0,1,0.0,Manuel Rodriguez Patriotic Front (FPMR)
51698,2012,4,19,0,95,10,34,250,33.74324,44.623825,1.0,0,1.0,1,1,3,3,85,95.0,0,6,3.0,-9,0.0,Al-Qaida in Iraq
69898,2015,9,4,0,147,11,108,696,11.185278,13.884167,1.0,0,0.0,1,1,3,14,486,147.0,0,6,48.0,0,0.0,Boko Haram
35140,1996,3,10,0,159,3,277,2111,-11.967368,-76.978462,1.0,0,0.0,1,0,3,1,4069,159.0,0,6,0.0,1,0.0,Shining Path (SL)
44844,2008,5,8,0,186,6,262,1985,8.757816,80.487907,1.0,0,0.0,1,0,2,14,609,186.0,0,5,1.0,0,0.0,Liberation Tigers of Tamil Eelam (LTTE)
15632,1986,5,18,0,159,3,490,3340,-5.707626,-78.809843,1.0,0,0.0,1,0,3,2,2814,159.0,0,6,0.0,1,0.0,Shining Path (SL)
81166,2017,6,29,0,182,11,71,409,2.973305,45.535603,1.0,0,0.0,1,0,2,4,577,182.0,0,5,7.0,-9,0.0,Al-Shabaab
54211,2013,1,7,1,4,6,516,3585,35.612064,64.750701,2.0,0,0.0,1,0,6,12,4476,422.0,0,5,1.0,0,1.0,Taliban
16082,1986,8,14,0,43,3,271,2099,-33.366238,-70.505302,1.0,0,0.0,1,0,3,14,1065,43.0,0,6,0.0,1,0.0,Manuel Rodriguez Patriotic Front (FPMR)
3737,1977,12,28,0,185,8,88,560,43.230556,-2.845833,1.0,0,0.0,1,0,5,14,1031,185.0,0,5,0.0,1,1.0,Basque Fatherland and Freedom (ETA)
14326,1985,8,1,0,145,2,438,2982,13.1182,-86.22526,1.0,0,0.0,1,0,2,4,562,145.0,0,5,0.0,1,0.0,Nicaraguan Democratic Force (FDN)
24371,1990,3,8,1,45,3,367,2493,7.116294,-73.120026,1.0,0,0.0,1,0,6,2,3248,45.0,0,5,0.0,0,1.0,National Liberation Army of Colombia (ELN)
57443,2013,11,16,1,160,5,0,8,6.545399,121.873756,1.0,1,0.0,1,0,6,2,9,160.0,0,5,1.0,0,1.0,Abu Sayyaf Group (ASG)
9988,1983,3,26,0,145,2,446,2939,13.22972,-85.55496,1.0,0,0.0,1,0,2,14,3574,145.0,0,5,5.0,1,0.0,Nicaraguan Democratic Force (FDN)
62755,2014,9,13,0,4,6,520,3645,34.920175,70.764424,3.0,0,1.0,1,0,2,4,4451,4.0,0,5,9.0,1,0.0,Taliban
53289,2012,9,17,0,160,5,0,93,6.487222,121.978333,2.0,0,0.0,1,0,2,1,188,160.0,0,5,3.0,0,0.0,Abu Sayyaf Group (ASG)
49027,2010,12,10,0,92,6,129,901,23.066347,87.403396,2.0,0,0.0,1,0,2,14,1423,92.0,0,5,2.0,0,0.0,Communist Party of India - Maoist (CPI-Maoist)
23162,1989,9,25,0,155,10,327,3042,31.346964,34.30143,1.0,0,0.0,1,0,1,20,3762,155.0,0,9,1.0,0,0.0,Palestinians
56569,2013,8,26,0,182,11,69,441,4.787206,43.947601,1.0,0,0.0,1,0,2,14,13,182.0,0,5,4.0,0,0.0,Al-Shabaab
21121,1989,1,10,0,186,6,218,1982,8.499728,81.094412,1.0,0,0.0,1,0,2,4,1762,186.0,0,5,3.0,1,0.0,Liberation Tigers of Tamil Eelam (LTTE)
27515,1991,6,9,0,186,6,218,1977,7.301756,81.67473,3.0,0,0.0,1,0,2,4,562,186.0,0,5,6.0,1,0.0,Liberation Tigers of Tamil Eelam (LTTE)
32377,1994,1,28,0,217,1,459,3038,41.842602,-87.681229,1.0,0,0.0,1,0,7,8,3635,217.0,0,8,0.0,1,0.0,Palestinians
81632,2017,7,26,0,160,5,0,8,6.549955,121.883153,1.0,0,0.0,1,0,2,4,185,160.0,0,5,1.0,0,0.0,Abu Sayyaf Group (ASG)
59202,2014,3,23,0,147,11,118,645,9.933421,8.88309,1.0,0,0.0,1,0,2,15,1240,147.0,0,5,0.0,-9,0.0,Fulani extremists
42929,2006,4,12,0,160,5,419,2732,8.861963,124.78942,1.0,0,0.0,1,0,7,19,3417,160.0,0,8,0.0,1,0.0,New People's Army (NPA)
72409,2016,1,21,0,228,10,50,24,16.930414,49.365315,4.0,0,0.0,1,0,3,4,559,228.0,0,6,4.0,1,0.0,Al-Qaida in the Arabian Peninsula (AQAP)
14961,1985,12,26,0,145,2,437,2867,13.62679,-85.8254,1.0,0,0.0,1,0,2,4,1762,145.0,0,5,1.0,1,0.0,Nicaraguan Democratic Force (FDN)
50204,2011,10,24,0,104,11,85,472,-1.28518,36.821107,1.0,0,0.0,1,0,3,14,13,104.0,0,6,2.0,1,0.0,Al-Shabaab
70882,2015,10,26,0,160,5,0,5,6.649966,122.133527,1.0,0,0.0,0,0,3,20,6,160.0,0,6,0.0,0,0.0,Abu Sayyaf Group (ASG)
72100,2016,1,5,0,95,10,32,264,33.420948,43.295662,1.0,0,0.0,1,0,3,1,542,95.0,0,6,0.0,1,0.0,Islamic State of Iraq and the Levant (ISIL)
18953,1988,2,15,0,61,2,150,1156,13.69288,-89.199161,1.0,0,1.0,1,0,3,21,1811,61.0,0,6,0.0,1,0.0,Farabundo Marti National Liberation Front (FMLN)
9770,1983,2,6,0,97,10,458,3037,31.771599,35.2034,1.0,0,0.0,1,0,3,14,3713,97.0,0,6,1.0,1,0.0,Palestinians
12795,1984,9,18,0,69,8,17,132,48.856644,2.34233,1.0,0,0.0,1,0,3,15,1628,69.0,0,6,0.0,1,0.0,Corsican National Liberation Front (FLNC)
19724,1988,6,9,0,43,3,271,2099,-33.366238,-70.505302,1.0,0,0.0,1,0,3,21,2767,43.0,0,6,0.0,1,0.0,Manuel Rodriguez Patriotic Front (FPMR)
18889,1988,2,7,0,92,6,287,3423,29.420166,77.784542,1.0,0,0.0,1,0,2,3,1819,92.0,0,5,0.0,1,0.0,Sikh Extremists
18827,1988,1,27,0,183,11,19,156,-26.252697,27.870275,1.0,0,0.0,1,0,2,3,308,183.0,0,5,0.0,1,0.0,African National Congress (South Africa)
64758,2014,12,30,0,113,10,290,2399,30.63179,18.351568,1.0,0,0.0,1,0,2,17,2017,113.0,0,6,0.0,-9,0.0,Muslim extremists
53225,2012,9,9,0,95,10,37,255,36.354145,43.14357,1.0,0,1.0,1,0,3,14,13,95.0,0,6,2.0,0,0.0,Al-Qaida in Iraq
63850,2014,11,6,0,60,10,318,2391,30.084629,31.334314,1.0,0,0.0,1,0,3,14,815,60.0,0,6,0.0,1,0.0,Muslim extremists
3311,1977,6,14,0,185,8,88,589,43.406384,-2.962425,1.0,0,0.0,1,0,3,1,1119,185.0,0,6,0.0,1,0.0,Basque Fatherland and Freedom (ETA)
19935,1988,7,12,0,45,3,363,2590,7.594178,-74.811951,1.0,0,0.0,1,0,2,4,3975,45.0,0,5,0.0,1,0.0,Revolutionary Armed Forces of Colombia (FARC)
60464,2014,5,26,0,147,11,110,618,11.247069,12.01246,1.0,0,1.0,1,0,2,4,577,147.0,0,5,3.0,-9,0.0,Boko Haram
26271,1990,12,4,0,92,6,134,3437,19.075984,72.877656,1.0,0,0.0,1,0,2,3,4360,92.0,0,5,3.0,1,0.0,Sikh Extremists
28329,1991,9,5,0,61,2,157,1229,13.75,-88.88333,1.0,0,0.0,1,0,2,4,1838,61.0,0,5,1.0,1,0.0,Farabundo Marti National Liberation Front (FMLN)
61064,2014,6,25,0,95,10,37,2390,36.269463,43.374397,1.0,0,0.0,1,0,3,14,205,95.0,0,6,0.0,-9,0.0,Muslim extremists
74768,2016,6,5,0,228,10,60,353,13.586484,44.024105,1.0,0,0.0,1,0,3,14,1213,228.0,0,6,0.0,-9,0.0,Houthi extremists (Ansar Allah)
60258,2014,5,19,0,104,11,67,407,3.938715,41.844707,1.0,0,0.0,1,0,2,14,869,104.0,0,5,12.0,1,0.0,Al-Shabaab
54074,2012,12,18,0,153,6,468,3124,24.891115,67.143311,1.0,0,0.0,1,0,3,3,4577,153.0,0,6,1.0,-9,0.0,Tehrik-i-Taliban Pakistan (TTP)
53158,2012,9,5,0,147,11,115,639,11.974328,8.50026,1.0,0,1.0,1,0,7,16,1214,147.0,0,8,1.0,1,0.0,Boko Haram
9576,1983,1,1,0,69,8,136,1039,41.785303,8.980413,1.0,0,0.0,1,0,3,1,1592,69.0,0,6,1.0,1,0.0,Corsican National Liberation Front (FLNC)
28614,1991,10,9,0,61,2,150,1210,13.79833,-89.17889,1.0,0,0.0,1,0,2,4,1833,61.0,0,5,6.0,1,0.0,Farabundo Marti National Liberation Front (FMLN)
67860,2015,5,25,0,228,10,60,1575,13.574698,44.010392,4.0,0,0.0,1,0,3,1,782,228.0,0,6,13.0,1,0.0,Houthi extremists (Ansar Allah)
48635,2010,9,18,0,4,6,506,3526,34.516895,69.147011,1.0,0,0.0,1,0,3,4,524,422.0,0,6,0.0,0,0.0,Taliban
11237,1983,12,12,0,183,11,19,137,-26.184113,28.033232,1.0,0,0.0,1,0,3,2,273,183.0,0,6,0.0,1,0.0,African National Congress (South Africa)
60853,2014,6,15,0,147,11,108,717,10.652655,12.911669,2.0,0,0.0,1,0,2,14,486,147.0,0,5,15.0,1,0.0,Boko Haram
72041,2016,1,1,0,92,6,126,795,25.740541,84.824858,1.0,0,1.0,0,0,3,1,1306,92.0,0,6,0.0,0,0.0,Communist Party of India - Maoist (CPI-Maoist)
17820,1987,8,9,0,61,2,159,1196,13.558889,-88.43,1.0,0,0.0,1,0,7,2,1825,61.0,0,5,0.0,1,0.0,Farabundo Marti National Liberation Front (FMLN)
28809,1991,10,24,0,159,3,536,3868,-12.058285,-77.105378,1.0,0,0.0,1,0,2,4,562,159.0,0,5,52.0,1,0.0,Tupac Amaru Revolutionary Movement (MRTA)
10078,1983,4,18,0,45,3,369,2501,6.46052,-71.72989,1.0,0,0.0,1,0,2,4,1762,45.0,0,5,5.0,1,0.0,Revolutionary Armed Forces of Colombia (FARC)
28733,1991,10,20,0,92,6,339,3399,30.898024,75.860077,1.0,1,1.0,1,0,7,1,1088,92.0,0,8,0.0,1,0.0,Sikh Extremists
53605,2012,10,18,0,147,11,108,619,11.840929,13.141459,1.0,0,0.0,1,0,7,14,13,147.0,0,8,0.0,1,0.0,Boko Haram
43769,2007,5,24,0,4,6,507,3545,31.550039,65.45263,3.0,0,0.0,1,0,3,3,6,4.0,0,6,4.0,1,0.0,Taliban
47867,2010,4,10,0,4,6,320,3570,33.279501,69.598588,2.0,0,0.0,1,0,7,1,4465,92.0,0,8,0.0,1,0.0,Taliban
57724,2013,12,15,0,160,5,388,2625,10.3725,123.123611,1.0,0,0.0,1,0,7,1,3329,160.0,0,8,0.0,1,0.0,New People's Army (NPA)
53646,2012,10,25,0,153,6,353,3799,34.833333,72.441667,1.0,0,0.0,1,0,2,17,4656,153.0,0,5,1.0,0,0.0,Tehrik-i-Taliban Pakistan (TTP)
36381,1997,7,5,0,186,6,218,1978,8.577826,81.218719,1.0,0,0.0,1,0,3,17,2526,186.0,0,6,5.0,1,0.0,Liberation Tigers of Tamil Eelam (LTTE)
22823,1989,8,25,0,61,2,150,1156,13.69288,-89.199161,1.0,0,0.0,1,0,2,19,56,61.0,0,5,1.0,1,0.0,Farabundo Marti National Liberation Front (FMLN)
13006,1984,11,6,0,145,2,448,2509,12.298125,-86.596842,1.0,0,0.0,1,0,2,14,3578,145.0,0,5,1.0,1,0.0,Nicaraguan Democratic Force (FDN)
32525,1994,2,23,0,209,10,225,1859,37.340288,41.892628,1.0,1,0.0,1,0,3,21,2405,209.0,0,6,0.0,1,0.0,Kurdistan Workers' Party (PKK)
14281,1985,7,21,0,145,2,439,2985,13.51031,-86.09602,1.0,0,0.0,1,0,2,4,562,145.0,0,5,19.0,1,0.0,Nicaraguan Democratic Force (FDN)
58387,2014,2,3,0,147,11,112,1355,9.634938,8.497185,2.0,0,1.0,1,0,2,14,27,147.0,0,5,10.0,1,0.0,Fulani extremists
14642,1985,10,15,0,43,3,272,2103,-36.816006,-73.037659,1.0,0,0.0,1,0,3,19,2774,43.0,0,6,0.0,1,0.0,Manuel Rodriguez Patriotic Front (FPMR)
72719,2016,2,7,0,147,11,167,1356,7.296636,9.250712,2.0,0,1.0,1,0,2,14,1920,147.0,0,5,4.0,1,0.0,Fulani extremists
15090,1986,1,22,0,159,3,277,2111,-11.967368,-76.978462,1.0,0,0.0,1,0,3,1,4770,159.0,0,6,0.0,1,0.0,Tupac Amaru Revolutionary Movement (MRTA)
64610,2014,12,21,0,214,9,146,1076,47.981647,37.762325,1.0,0,1.0,1,0,2,4,1701,214.0,0,5,0.0,-9,0.0,Donetsk People's Republic
41688,2004,11,23,0,4,6,508,3580,32.623739,65.456432,1.0,0,0.0,1,0,1,4,4474,4.0,0,5,3.0,0,0.0,Taliban
19536,1988,5,9,0,92,6,493,3468,29.390946,76.963502,1.0,0,0.0,1,0,2,14,4348,92.0,0,5,13.0,0,0.0,Sikh Extremists
80356,2017,5,17,0,95,10,37,255,36.354145,43.14357,1.0,0,0.0,1,0,3,14,13,95.0,0,6,2.0,1,0.0,Islamic State of Iraq and the Levant (ISIL)
30638,1992,7,2,0,209,10,238,1892,39.230556,43.876944,1.0,0,0.0,1,0,2,14,2415,209.0,0,5,0.0,1,0.0,Kurdistan Workers' Party (PKK)
27979,1991,7,30,0,45,3,379,3167,3.420628,-76.522119,3.0,0,0.0,1,0,1,2,3900,45.0,0,5,2.0,0,0.0,Revolutionary Armed Forces of Colombia (FARC)
70729,2015,10,17,0,182,11,66,425,1.716188,44.768864,1.0,0,0.0,1,0,3,4,577,422.0,0,6,1.0,-9,0.0,Al-Shabaab
51591,2012,4,10,0,4,6,507,3546,32.047646,65.012009,1.0,0,0.0,1,0,2,3,12,4.0,0,5,2.0,0,0.0,Taliban
68876,2015,7,15,1,92,6,131,2216,19.575505,84.640013,1.0,0,1.0,1,0,6,14,13,92.0,0,5,0.0,0,1.0,Maoists
22766,1989,8,20,0,43,3,271,2099,-33.366238,-70.505302,1.0,0,0.0,1,0,2,4,2746,43.0,0,5,2.0,1,0.0,Manuel Rodriguez Patriotic Front (FPMR)
11881,1984,3,27,0,145,2,445,1220,12.481654,-87.173207,1.0,0,0.0,1,0,7,1,3545,145.0,0,5,0.0,1,0.0,Nicaraguan Democratic Force (FDN)
62488,2014,8,27,0,214,9,146,1136,48.427444,37.835751,1.0,0,1.0,1,0,2,14,27,214.0,0,5,8.0,1,0.0,Donetsk People's Republic
47419,2009,12,8,0,95,10,33,248,33.303566,44.371773,1.0,0,1.0,1,1,3,2,506,95.0,0,6,26.0,-9,0.0,Al-Qaida in Iraq
74742,2016,6,3,0,209,10,234,1869,38.141007,41.009424,3.0,0,0.0,1,0,3,4,559,209.0,0,6,0.0,1,0.0,Kurdistan Workers' Party (PKK)
77317,2016,10,31,0,92,6,127,908,23.045863,84.541898,1.0,0,0.0,1,0,6,14,1431,92.0,0,5,1.0,0,1.0,Communist Party of India - Maoist (CPI-Maoist)
15968,1986,7,19,0,185,8,86,518,43.291618,-1.977903,1.0,0,1.0,1,0,2,14,994,69.0,0,8,0.0,1,0.0,Basque Fatherland and Freedom (ETA)
49176,2011,1,17,0,153,6,353,3746,33.528893,71.056122,1.0,0,0.0,1,0,3,19,4694,153.0,0,6,17.0,1,0.0,Tehrik-i-Taliban Pakistan (TTP)
53674,2012,10,24,0,147,11,110,616,11.704399,11.088539,1.0,0,1.0,1,0,7,8,51,147.0,0,8,0.0,1,0.0,Boko Haram
15889,1986,6,30,0,183,11,18,206,-29.830168,30.924528,1.0,0,1.0,1,0,3,3,275,183.0,0,6,1.0,1,0.0,African National Congress (South Africa)
8621,1982,4,18,0,155,10,456,3048,31.530243,35.094162,1.0,0,0.0,0,0,3,8,51,97.0,0,6,0.0,1,0.0,Palestinians
45667,2008,10,25,0,186,6,218,1975,7.733107,81.68882,1.0,0,0.0,1,0,3,15,2532,186.0,0,6,0.0,1,0.0,Liberation Tigers of Tamil Eelam (LTTE)
59071,2014,3,15,0,95,10,33,248,33.303566,44.371773,1.0,0,1.0,1,0,3,14,486,95.0,0,6,7.0,0,0.0,Islamic State of Iraq and the Levant (ISIL)
34857,1995,12,9,0,186,6,218,1973,7.716666,81.700188,3.0,0,0.0,1,0,2,2,2614,186.0,0,5,0.0,1,0.0,Liberation Tigers of Tamil Eelam (LTTE)
7902,1981,8,11,0,183,11,19,183,-25.790101,28.143739,1.0,0,0.0,1,0,3,4,336,183.0,0,6,0.0,1,0.0,African National Congress (South Africa)
28270,1991,8,28,1,45,3,363,2519,6.1876,-74.99429,1.0,0,0.0,1,0,6,1,3193,101.0,0,5,0.0,0,1.0,National Liberation Army of Colombia (ELN)
49750,2011,6,7,0,45,3,377,3155,2.116667,-76.983333,1.0,1,0.0,1,0,2,14,3887,45.0,0,5,1.0,0,0.0,Revolutionary Armed Forces of Colombia (FARC)
67980,2015,5,31,0,95,10,32,1761,33.864799,42.536385,1.0,1,0.0,1,0,3,14,2317,95.0,0,2,3.0,1,0.0,Islamic State of Iraq and the Levant (ISIL)
53067,2012,8,25,0,147,11,110,710,12.87324,11.04634,1.0,0,0.0,1,0,3,2,219,147.0,0,6,2.0,0,0.0,Boko Haram
19166,1988,3,17,0,183,11,19,205,-26.095841,27.758589,1.0,0,0.0,1,0,3,3,373,183.0,0,6,3.0,1,0.0,African National Congress (South Africa)
77213,2016,10,26,0,228,10,60,1537,12.741025,43.505749,3.0,0,0.0,1,0,3,11,2012,212.0,0,6,0.0,1,0.0,Houthi extremists (Ansar Allah)
53398,2012,9,30,0,95,10,34,250,33.74324,44.623825,1.0,1,1.0,1,0,3,3,519,95.0,0,6,0.0,1,0.0,Al-Qaida in Iraq
29371,1991,12,31,0,603,8,190,1609,54.607712,-5.95621,1.0,0,0.0,1,0,3,3,562,233.0,0,6,0.0,1,0.0,Irish Republican Army (IRA)
47969,2010,5,6,0,92,6,130,799,18.364195,81.892418,3.0,0,0.0,1,0,3,14,1470,92.0,0,6,0.0,1,0.0,Communist Party of India - Maoist (CPI-Maoist)
68042,2015,6,3,0,160,5,0,12,6.550444,122.106467,2.0,0,0.0,0,0,2,14,13,160.0,0,5,0.0,0,0.0,Abu Sayyaf Group (ASG)
5857,1979,11,19,0,97,10,458,3037,31.771599,35.2034,1.0,0,0.0,1,0,3,19,56,97.0,0,6,0.0,1,0.0,Palestinians
37574,1999,8,14,0,153,6,301,2363,33.671638,73.056068,1.0,0,0.0,1,0,3,2,3083,153.0,0,6,0.0,-9,0.0,Muslim extremists
27917,1991,7,25,0,61,2,156,1250,13.66667,-89.26667,1.0,0,0.0,1,0,2,4,1788,61.0,0,5,0.0,1,0.0,Farabundo Marti National Liberation Front (FMLN)
5218,1979,5,31,0,69,8,137,132,48.856644,2.34233,1.0,0,0.0,1,0,3,1,1563,69.0,0,6,0.0,1,0.0,Corsican National Liberation Front (FLNC)
15672,1986,5,27,0,185,8,87,522,36.539004,-4.624353,1.0,0,0.0,1,0,3,1,956,185.0,0,6,1.0,1,0.0,Basque Fatherland and Freedom (ETA)
53073,2012,8,25,0,113,10,307,2370,32.867867,13.189067,1.0,0,1.0,1,0,7,15,3042,113.0,0,10,0.0,1,0.0,Muslim extremists
53702,2012,10,29,0,4,6,530,3620,33.933668,68.383239,1.0,0,0.0,1,0,3,14,13,4.0,0,6,0.0,0,0.0,Taliban
19985,1988,7,18,0,159,3,477,3278,-13.163874,-74.223564,2.0,1,1.0,1,0,3,21,2751,159.0,0,6,0.0,1,0.0,Shining Path (SL)
17607,1987,7,13,0,43,3,271,2099,-33.366238,-70.505302,1.0,0,0.0,1,0,2,3,2687,43.0,0,5,0.0,1,0.0,Manuel Rodriguez Patriotic Front (FPMR)
17951,1987,8,30,0,159,3,477,3278,-13.152712,-74.218628,1.0,0,0.0,1,0,2,2,4097,159.0,0,5,1.0,1,0.0,Shining Path (SL)
35604,1996,8,27,0,69,8,136,1053,41.387174,9.159269,1.0,0,0.0,1,0,3,2,1639,69.0,0,6,0.0,1,0.0,Corsican National Liberation Front (FLNC)
61124,2014,6,29,0,147,11,108,705,10.885556,12.704167,2.0,0,1.0,1,0,2,14,27,147.0,0,6,9.0,1,0.0,Boko Haram
14903,1985,12,12,0,45,3,363,2103,6.395033,-75.259437,1.0,0,0.0,1,0,1,14,3140,45.0,0,5,7.0,0,0.0,National Liberation Army of Colombia (ELN)
15770,1986,6,13,0,159,3,277,2111,-11.967368,-76.978462,1.0,1,1.0,1,0,3,9,4782,159.0,0,6,0.0,1,0.0,Tupac Amaru Revolutionary Movement (MRTA)
25709,1990,8,28,0,186,6,218,2000,7.301756,81.67473,3.0,0,0.0,1,0,2,14,2599,186.0,0,5,0.0,1,0.0,Liberation Tigers of Tamil Eelam (LTTE)
26708,1991,2,6,0,45,3,367,24,6.643708,-73.653621,4.0,1,1.0,1,0,3,21,3864,45.0,0,6,0.0,1,0.0,Revolutionary Armed Forces of Colombia (FARC)
41980,2005,5,2,0,95,10,33,248,33.303566,44.371773,1.0,0,0.0,1,0,3,2,545,95.0,0,6,3.0,1,0.0,Al-Qaida in Iraq
4653,1979,1,26,0,155,10,456,3075,31.764162,35.2577,1.0,0,0.0,1,0,3,14,3709,97.0,0,6,0.0,1,0.0,Palestinians
48520,2010,9,1,0,4,6,512,3548,33.969167,68.944722,1.0,0,0.0,1,0,2,14,4453,4.0,0,5,1.0,0,0.0,Taliban
25334,1990,7,6,0,185,8,86,512,43.258434,-2.921819,1.0,0,0.0,0,0,1,3,1037,185.0,0,6,0.0,0,0.0,Basque Fatherland and Freedom (ETA)
21809,1989,4,4,0,61,2,150,1156,13.69288,-89.199161,1.0,0,1.0,1,0,3,21,1107,61.0,0,6,0.0,1,0.0,Farabundo Marti National Liberation Front (FMLN)
20262,1988,9,2,0,183,11,21,192,-26.947957,29.248645,1.0,0,0.0,0,0,3,2,350,183.0,0,6,0.0,1,0.0,African National Congress (South Africa)
28170,1991,8,16,0,98,8,90,523,41.890961,12.490069,1.0,0,0.0,1,0,3,7,969,185.0,0,6,0.0,1,0.0,Basque Fatherland and Freedom (ETA)
79086,2017,2,22,0,37,11,117,725,11.236522,14.126195,1.0,0,0.0,1,1,3,14,1263,37.0,0,6,2.0,-9,0.0,Boko Haram
18600,1987,12,14,0,43,3,276,2115,-35.383823,-71.447049,1.0,0,0.0,1,0,3,21,2783,43.0,0,6,0.0,1,0.0,Manuel Rodriguez Patriotic Front (FPMR)
67200,2015,4,26,0,214,9,146,1078,48.363186,37.891922,1.0,1,0.0,1,0,2,4,48,214.0,0,6,0.0,-9,0.0,Donetsk People's Republic
13771,1985,5,10,0,69,8,136,24,41.919593,8.737687,4.0,0,1.0,1,0,3,1,1556,69.0,0,6,0.0,1,0.0,Corsican National Liberation Front (FLNC)
2343,1975,9,15,1,185,8,89,520,40.465595,-3.696263,1.0,0,0.0,1,0,5,7,3729,60.0,0,5,0.0,1,1.0,Palestinians
8956,1982,7,20,0,159,3,478,3280,-10.680652,-76.259918,1.0,0,0.0,1,0,3,21,1761,159.0,0,6,1.0,1,0.0,Shining Path (SL)
12598,1984,8,8,0,92,6,339,24,31.147131,75.341218,4.0,0,0.0,1,0,1,14,4294,92.0,0,5,1.0,0,0.0,Sikh Extremists
60161,2014,5,13,0,4,6,511,3533,32.100204,66.901016,1.0,0,0.0,1,1,3,3,559,4.0,0,6,1.0,1,0.0,Taliban
61933,2014,7,29,0,214,9,146,1076,47.981647,37.762325,1.0,0,0.0,1,0,3,14,1706,214.0,0,6,1.0,1,0.0,Donetsk People's Republic
17462,1987,6,19,0,145,2,450,2949,12.82166,-84.203876,1.0,0,0.0,1,0,3,11,3580,145.0,0,6,0.0,1,0.0,Nicaraguan Democratic Force (FDN)
25994,1990,10,19,0,159,3,479,3341,-15.042001,-70.367966,1.0,0,0.0,1,0,2,14,4156,159.0,0,5,8.0,0,0.0,Shining Path (SL)
56533,2013,8,22,0,4,6,509,3574,32.37001,62.128456,1.0,0,0.0,0,0,1,2,4480,4.0,0,6,1.0,1,0.0,Taliban
13911,1985,5,20,0,145,2,440,2883,12.10629,-85.36452,1.0,0,0.0,1,0,2,2,3539,145.0,0,5,1.0,1,0.0,Nicaraguan Democratic Force (FDN)
45757,2008,11,17,1,153,6,427,3745,34.856902,71.429936,3.0,1,0.0,1,0,1,2,4636,153.0,0,6,9.0,1,1.0,Tehrik-i-Taliban Pakistan (TTP)
56972,2013,9,30,0,60,10,289,2437,27.929867,30.838026,1.0,0,0.0,0,0,1,15,3095,60.0,0,5,0.0,1,0.0,Muslim extremists
24730,1990,4,15,0,603,8,190,1628,54.183052,-6.341388,1.0,0,0.0,1,0,1,17,2205,233.0,0,5,1.0,0,0.0,Irish Republican Army (IRA)
48849,2010,11,2,0,95,10,33,248,33.303566,44.371773,1.0,0,1.0,1,0,3,1,496,95.0,0,6,1.0,1,0.0,Al-Qaida in Iraq
53976,2012,12,3,0,160,5,405,2654,12.05,125.067,1.0,0,0.0,1,0,2,2,3350,160.0,0,5,0.0,1,0.0,New People's Army (NPA)
54722,2013,2,26,0,182,11,65,473,3.115641,43.64658,1.0,0,0.0,1,0,2,14,892,182.0,0,6,4.0,0,0.0,Al-Shabaab
66955,2015,4,16,0,173,10,61,24,18.520277,45.69972,4.0,0,0.0,1,0,3,3,1696,173.0,0,6,3.0,-9,0.0,Houthi extremists (Ansar Allah)
41478,2004,7,6,0,141,6,266,2167,27.708754,85.329498,1.0,0,0.0,0,0,2,3,2884,141.0,0,5,0.0,0,0.0,Maoists
28490,1991,9,26,0,159,3,277,2111,-11.967368,-76.978462,1.0,0,1.0,1,0,3,1,1578,159.0,0,6,0.0,1,0.0,Shining Path (SL)
35654,1996,9,8,0,45,3,369,24,6.547306,-71.002231,4.0,0,0.0,0,0,3,21,3206,45.0,0,6,2.0,1,0.0,National Liberation Army of Colombia (ELN)
36893,1998,5,9,0,185,8,86,515,42.84964,-2.692359,1.0,0,0.0,1,0,2,4,1028,185.0,0,5,1.0,-9,0.0,Basque Fatherland and Freedom (ETA)
26577,1991,1,22,0,92,6,494,3404,28.585836,77.153336,1.0,0,0.0,1,0,3,2,4362,92.0,0,6,0.0,1,0.0,Sikh Extremists
14692,1985,10,30,0,145,2,450,2967,11.84402,-84.27144,1.0,0,0.0,1,0,2,4,1762,145.0,0,5,4.0,1,0.0,Nicaraguan Democratic Force (FDN)
18006,1987,9,8,0,92,6,339,3408,31.345599,74.692032,1.0,0,0.0,1,0,2,3,4256,92.0,0,5,3.0,1,0.0,Sikh Extremists
59863,2014,4,28,0,228,10,53,315,15.325443,44.211895,1.0,0,0.0,0,0,6,7,704,75.0,0,5,0.0,1,0.0,Al-Qaida in the Arabian Peninsula (AQAP)
75208,2016,6,28,0,182,11,71,430,2.777264,45.500641,1.0,1,0.0,1,0,2,4,162,422.0,0,5,1.0,0,0.0,Al-Shabaab
15064,1986,1,20,0,159,3,277,2111,-11.967368,-76.978462,1.0,0,1.0,1,0,3,1,4768,159.0,0,6,0.0,1,0.0,Tupac Amaru Revolutionary Movement (MRTA)
42668,2006,1,25,0,185,8,86,572,43.192806,-3.19688,1.0,0,1.0,1,0,3,2,1067,185.0,0,6,0.0,1,0.0,Basque Fatherland and Freedom (ETA)
43604,2007,3,16,0,95,10,32,264,33.420948,43.295662,1.0,1,1.0,1,1,3,4,527,217.0,0,2,2.0,-9,0.0,Al-Qaida in Iraq
80773,2017,6,9,0,209,10,232,1873,38.178403,41.495567,1.0,0,1.0,1,0,2,2,2395,209.0,0,5,1.0,1,0.0,Kurdistan Workers' Party (PKK)
64042,2014,11,17,0,160,5,0,38,6.643853,122.156371,1.0,0,0.0,0,0,3,8,51,160.0,0,6,0.0,0,0.0,Abu Sayyaf Group (ASG)
58278,2014,1,26,0,92,6,127,2162,23.165614,84.516234,3.0,0,0.0,1,0,7,14,2479,92.0,0,8,0.0,1,0.0,Maoists
28224,1991,8,22,0,61,2,154,1256,13.594212,-88.774648,1.0,0,0.0,1,0,2,4,1865,61.0,0,5,0.0,1,0.0,Farabundo Marti National Liberation Front (FMLN)
50884,2012,1,20,0,182,11,68,405,2.059819,45.326115,1.0,0,0.0,1,0,3,10,884,182.0,0,6,4.0,1,0.0,Al-Shabaab
40067,2002,5,10,0,45,3,372,3212,7.48008,-73.92076,1.0,0,0.0,1,0,1,14,3957,45.0,0,5,1.0,0,0.0,Revolutionary Armed Forces of Colombia (FARC)
26787,1991,2,15,0,185,8,87,576,36.719648,-4.420016,1.0,0,0.0,1,0,3,3,1079,185.0,0,6,0.0,1,0.0,Basque Fatherland and Freedom (ETA)
60221,2014,5,16,0,104,11,67,436,3.935715,41.855167,3.0,0,1.0,1,0,2,3,175,104.0,0,5,0.0,-9,0.0,Al-Shabaab
49308,2011,2,19,0,153,6,427,3754,34.080389,71.224365,3.0,0,0.0,1,0,3,8,4633,153.0,0,6,0.0,1,0.0,Tehrik-i-Taliban Pakistan (TTP)
24259,1990,2,15,0,159,3,277,2111,-11.967368,-76.978462,1.0,0,0.0,1,0,3,7,260,156.0,0,6,0.0,1,0.0,Tupac Amaru Revolutionary Movement (MRTA)
47454,2009,12,23,0,153,6,427,3754,33.908578,71.070055,3.0,0,0.0,1,0,3,8,4617,153.0,0,6,0.0,1,0.0,Tehrik-i-Taliban Pakistan (TTP)
19624,1988,5,24,0,92,6,339,3419,31.326015,75.576183,1.0,0,0.0,1,0,1,14,4305,92.0,0,5,4.0,0,0.0,Sikh Extremists
51020,2012,2,9,0,92,6,128,2142,18.184536,81.411415,1.0,0,0.0,1,0,3,3,2861,92.0,0,6,2.0,1,0.0,Maoists
15109,1986,1,25,0,145,2,450,2937,12.533333,-84.166667,1.0,0,0.0,1,0,2,4,1762,145.0,0,5,1.0,1,0.0,Nicaraguan Democratic Force (FDN)
42700,2006,2,2,0,141,6,261,2233,27.654188,82.993161,3.0,0,0.0,1,0,3,14,2928,141.0,0,6,0.0,1,0.0,Maoists
26509,1991,1,10,0,61,2,158,1197,13.61177,-88.026466,1.0,0,1.0,1,0,3,21,1799,61.0,0,6,0.0,1,0.0,Farabundo Marti National Liberation Front (FMLN)
31046,1992,8,23,0,97,10,458,3037,31.771599,35.2034,1.0,0,0.0,0,0,3,19,3703,97.0,0,6,0.0,1,0.0,Palestinians
11961,1984,4,8,0,145,2,439,2966,13.4138,-86.6111,1.0,0,0.0,1,0,2,14,3589,145.0,0,5,0.0,1,0.0,Nicaraguan Democratic Force (FDN)
12981,1984,10,31,0,92,6,494,3404,28.585836,77.153336,1.0,0,0.0,1,0,1,2,4252,92.0,0,5,1.0,0,0.0,Sikh Extremists
13954,1985,5,31,0,183,11,19,137,-26.184113,28.033232,1.0,0,0.0,1,0,3,1,283,183.0,0,6,0.0,1,0.0,African National Congress (South Africa)
25643,1990,8,16,0,209,10,228,1891,37.537556,40.887996,1.0,0,0.0,1,0,2,4,1788,209.0,0,5,4.0,1,0.0,Kurdistan Workers' Party (PKK)
70784,2015,10,20,0,92,6,131,2138,19.311728,84.691057,1.0,0,0.0,0,0,3,20,6,92.0,0,6,0.0,0,0.0,Maoists
13040,1984,11,13,0,145,2,438,2849,12.933056,-86.348611,1.0,0,0.0,1,0,2,4,1768,145.0,0,5,1.0,1,0.0,Nicaraguan Democratic Force (FDN)
31947,1992,12,3,0,69,8,136,24,41.918891,8.737554,4.0,0,1.0,1,0,3,2,560,69.0,0,6,0.0,1,0.0,Corsican National Liberation Front (FLNC)
60193,2014,5,14,0,92,6,131,799,18.343586,81.882528,3.0,0,0.0,1,0,3,4,167,92.0,0,6,0.0,0,0.0,Maoists
68093,2015,6,6,0,160,5,0,53,6.546997,121.880423,3.0,0,1.0,1,0,2,4,93,160.0,0,5,3.0,1,0.0,Abu Sayyaf Group (ASG)
16968,1987,4,4,0,145,2,444,2891,12.49104,-86.28169,1.0,0,0.0,1,0,2,4,1762,145.0,0,5,10.0,1,0.0,Nicaraguan Democratic Force (FDN)
67020,2015,4,20,0,95,10,34,1780,34.275066,44.537865,1.0,1,0.0,1,0,3,17,12,95.0,0,6,1.0,-9,0.0,Islamic State of Iraq and the Levant (ISIL)
48390,2010,7,22,0,228,10,54,320,14.52618,46.844932,1.0,0,0.0,1,0,2,4,644,228.0,0,5,5.0,-9,0.0,Al-Qaida in the Arabian Peninsula (AQAP)
6100,1980,1,15,0,185,8,86,512,43.258434,-2.921819,1.0,0,0.0,1,0,2,1,1127,185.0,0,5,0.0,1,0.0,Basque Fatherland and Freedom (ETA)
59342,2014,4,1,0,92,6,129,2154,22.451393,86.992203,1.0,0,0.0,0,0,2,3,2872,92.0,0,5,0.0,0,0.0,Maoists
23556,1989,10,29,0,159,3,277,3352,-12.00603,-76.904107,1.0,0,0.0,1,0,6,2,4173,159.0,0,5,0.0,0,1.0,Shining Path (SL)
74007,2016,4,23,0,92,6,128,942,19.121472,81.868666,3.0,0,0.0,1,0,1,2,2964,92.0,0,5,1.0,0,1.0,Maoists
58910,2014,3,7,0,110,10,204,1715,34.221798,36.376812,1.0,1,1.0,1,0,3,17,347,110.0,0,6,0.0,0,0.0,Islamic State of Iraq and the Levant (ISIL)
32775,1994,4,4,0,97,10,456,3060,31.418909,34.352605,1.0,0,0.0,1,0,8,4,3680,97.0,0,9,0.0,1,0.0,Palestinians
61731,2014,7,21,0,214,9,146,1087,48.04668,37.942146,1.0,1,0.0,1,0,3,20,6,214.0,0,6,0.0,0,0.0,Donetsk People's Republic
18228,1987,10,7,0,92,6,339,24,31.147131,75.341218,4.0,0,1.0,1,0,1,14,4260,92.0,0,5,1.0,0,0.0,Sikh Extremists
10969,1983,10,14,0,145,2,448,2871,12.19896,-86.7622,1.0,0,0.0,1,0,3,21,3533,145.0,0,6,1.0,1,0.0,Nicaraguan Democratic Force (FDN)
72442,2016,1,23,0,92,6,126,936,24.76008,86.336255,2.0,0,0.0,1,0,5,16,1419,92.0,0,5,0.0,1,1.0,Communist Party of India - Maoist (CPI-Maoist)
19136,1988,3,14,0,183,11,19,137,-26.184113,28.033232,1.0,0,0.0,1,0,3,2,324,183.0,0,6,0.0,1,0.0,African National Congress (South Africa)
82422,2017,9,20,0,92,6,128,2153,19.362415,81.181007,1.0,0,0.0,1,0,3,3,12,92.0,0,6,0.0,-9,0.0,Maoists
53361,2012,9,27,0,228,10,50,325,15.840202,48.45438,1.0,0,0.0,1,0,3,2,56,228.0,0,6,3.0,0,0.0,Al-Qaida in the Arabian Peninsula (AQAP)
14289,1985,7,23,0,61,2,157,1231,14.0,-89.8333,1.0,0,0.0,1,0,3,4,1840,61.0,0,6,18.0,1,0.0,Farabundo Marti National Liberation Front (FMLN)
33133,1994,6,14,0,209,10,205,1717,41.106178,28.689863,1.0,1,0.0,0,0,3,19,2416,209.0,0,6,0.0,1,0.0,Kurdistan Workers' Party (PKK)
59464,2014,4,7,0,92,6,126,2255,24.750985,84.374785,3.0,0,0.0,1,0,3,20,6,92.0,0,6,2.0,0,0.0,Maoists
4805,1979,3,10,0,69,8,136,24,41.918891,8.737554,4.0,0,1.0,1,0,3,1,1088,69.0,0,6,0.0,1,0.0,Corsican National Liberation Front (FLNC)
51302,2012,3,9,0,228,10,52,330,13.928919,46.079398,3.0,0,0.0,1,0,3,17,657,228.0,0,6,3.0,0,0.0,Al-Qaida in the Arabian Peninsula (AQAP)
26142,1990,11,10,0,92,6,339,3406,30.210994,74.945474,1.0,0,0.0,1,0,1,14,4254,92.0,0,5,2.0,0,0.0,Sikh Extremists
15004,1986,1,7,0,183,11,19,156,-26.252697,27.870275,1.0,0,0.0,1,0,3,3,369,183.0,0,6,0.0,1,0.0,African National Congress (South Africa)
62879,2014,9,18,0,37,11,117,716,11.155046,14.072689,1.0,0,1.0,1,0,2,14,27,37.0,0,5,4.0,0,0.0,Boko Haram
10495,1983,7,7,0,45,3,364,2485,4.667128,-74.106056,1.0,0,0.0,1,0,5,10,3141,69.0,0,5,0.0,1,1.0,National Liberation Army of Colombia (ELN)
16948,1987,3,31,0,159,3,277,2111,-11.967368,-76.978462,1.0,0,0.0,1,0,3,2,524,159.0,0,6,0.0,1,0.0,Tupac Amaru Revolutionary Movement (MRTA)
60913,2014,6,17,1,214,9,146,1076,47.981647,37.762325,1.0,1,0.0,1,0,6,14,1728,214.0,0,5,0.0,0,1.0,Donetsk People's Republic
52975,2012,8,15,0,153,6,427,3755,34.345856,71.370506,1.0,0,0.0,1,0,2,3,2901,153.0,0,5,1.0,0,0.0,Tehrik-i-Taliban Pakistan (TTP)
6243,1980,2,16,0,185,8,86,518,43.291618,-1.977903,1.0,0,0.0,1,0,1,1,978,185.0,0,5,1.0,0,0.0,Basque Fatherland and Freedom (ETA)
54555,2013,2,9,0,4,6,514,3586,33.770778,69.338842,3.0,0,0.0,1,0,3,2,524,4.0,0,6,0.0,1,0.0,Taliban
61394,2014,7,9,0,153,6,334,3788,30.370974,68.599319,1.0,0,0.0,1,0,2,4,2901,153.0,0,5,5.0,-9,0.0,Tehrik-i-Taliban Pakistan (TTP)
50335,2011,11,8,0,160,5,1,42,6.021834,121.16568,1.0,0,0.0,1,0,3,2,58,160.0,0,6,0.0,-9,0.0,Abu Sayyaf Group (ASG)
21573,1989,2,28,0,61,2,156,1243,13.842778,-89.447222,1.0,0,0.0,1,0,2,4,1762,61.0,0,5,1.0,1,0.0,Farabundo Marti National Liberation Front (FMLN)
18162,1987,9,29,0,43,3,271,2099,-33.366238,-70.505302,1.0,0,1.0,1,0,3,14,2739,43.0,0,6,0.0,1,0.0,Manuel Rodriguez Patriotic Front (FPMR)
60922,2014,6,17,0,228,10,182,1520,15.176541,44.081017,2.0,0,1.0,1,0,3,14,1958,228.0,0,6,3.0,1,0.0,Houthi extremists (Ansar Allah)
49326,2011,2,25,0,45,3,360,2517,8.438299,-73.285869,1.0,1,0.0,1,0,3,21,3965,45.0,0,6,0.0,1,0.0,Revolutionary Armed Forces of Colombia (FARC)
40559,2003,1,16,0,45,3,363,2491,6.242026,-75.564766,1.0,0,0.0,1,0,3,2,3878,45.0,0,6,6.0,1,0.0,Revolutionary Armed Forces of Colombia (FARC)
59603,2014,4,12,0,214,9,146,1114,48.851688,37.613808,1.0,0,1.0,0,0,7,2,524,214.0,0,5,0.0,0,0.0,Donetsk People's Republic
60234,2014,5,17,0,147,11,108,706,11.467248,13.756455,1.0,0,0.0,1,0,2,14,486,147.0,0,6,29.0,-9,0.0,Boko Haram
75728,2016,8,1,0,173,10,184,1580,16.601688,42.94059,1.0,0,0.0,1,0,3,14,27,173.0,0,6,4.0,1,0.0,Houthi extremists (Ansar Allah)
71964,2015,12,28,0,228,10,60,1533,13.181362,43.728558,3.0,0,0.0,1,0,3,14,892,228.0,0,6,2.0,-9,0.0,Houthi extremists (Ansar Allah)
66267,2015,3,10,0,147,11,118,1370,9.53955,8.899702,2.0,0,1.0,1,0,2,14,13,147.0,0,5,4.0,0,0.0,Fulani extremists
47199,2009,10,12,0,92,6,127,790,24.179793,86.306772,3.0,0,0.0,1,0,3,19,1343,92.0,0,6,0.0,1,0.0,Communist Party of India - Maoist (CPI-Maoist)
28078,1991,8,8,0,159,3,486,24,-7.244488,-76.825965,4.0,0,0.0,1,0,2,4,1788,159.0,0,5,20.0,1,0.0,Tupac Amaru Revolutionary Movement (MRTA)
15188,1986,2,14,0,61,2,152,1170,13.491242,-88.173134,1.0,0,0.0,1,0,2,4,1772,61.0,0,5,3.0,1,0.0,Farabundo Marti National Liberation Front (FMLN)
46058,2009,1,25,0,92,6,128,792,18.9,81.35,1.0,0,0.0,1,0,7,14,1304,92.0,0,8,0.0,1,0.0,Communist Party of India - Maoist (CPI-Maoist)
59507,2014,4,9,1,228,10,185,1527,15.667495,43.950701,1.0,0,0.0,1,0,4,4,20,228.0,0,6,5.0,1,1.0,Houthi extremists (Ansar Allah)
16214,1986,9,16,0,145,2,448,2908,12.3089,-86.78852,1.0,0,0.0,1,0,2,4,1762,145.0,0,5,1.0,1,0.0,Nicaraguan Democratic Force (FDN)
54737,2013,2,27,0,92,6,128,921,18.9,81.35,3.0,0,0.0,1,0,3,3,12,92.0,0,6,0.0,1,0.0,Maoists
22719,1989,8,15,0,209,10,225,1812,37.527015,43.008353,1.0,0,0.0,1,0,2,14,2353,209.0,0,5,6.0,1,0.0,Kurdistan Workers' Party (PKK)
22369,1989,6,22,0,209,10,226,1885,37.577041,43.737373,1.0,1,0.0,1,0,2,4,562,209.0,0,5,0.0,1,0.0,Kurdistan Workers' Party (PKK)
17464,1987,6,19,0,145,2,436,24,13.091683,-86.000314,4.0,0,0.0,1,0,3,4,3532,145.0,0,6,18.0,1,0.0,Nicaraguan Democratic Force (FDN)
67561,2015,5,13,0,92,6,128,2132,19.595851,81.663776,3.0,0,0.0,0,0,3,20,6,92.0,0,6,0.0,0,0.0,Maoists
53107,2012,8,31,0,147,11,108,619,11.840929,13.141459,1.0,0,0.0,1,0,2,4,12,147.0,0,8,0.0,1,0.0,Boko Haram
74698,2016,5,31,0,147,11,112,1385,9.401389,8.316275,2.0,0,0.0,1,0,2,14,27,147.0,0,5,2.0,1,0.0,Fulani extremists
18735,1988,1,13,0,92,6,339,3402,32.040763,75.401886,3.0,0,0.0,1,0,1,2,4272,92.0,0,5,2.0,0,0.0,Sikh Extremists
53209,2012,9,9,0,95,10,38,284,34.003712,44.395378,1.0,0,1.0,1,0,3,14,13,95.0,0,6,0.0,0,0.0,Al-Qaida in Iraq
65064,2015,1,12,0,92,6,127,811,23.806137,85.826501,3.0,0,0.0,0,0,3,19,1317,92.0,0,6,0.0,0,0.0,Maoists
82251,2017,9,7,0,95,10,36,276,34.010471,44.148235,1.0,0,0.0,0,1,3,14,205,95.0,0,6,6.0,0,0.0,Islamic State of Iraq and the Levant (ISIL)
24182,1990,2,3,0,45,3,367,2543,7.060051,-73.853115,1.0,0,0.0,1,0,1,10,3271,45.0,0,5,1.0,0,0.0,National Liberation Army of Colombia (ELN)
3568,1977,10,12,0,185,8,94,534,42.815372,-1.653616,1.0,0,0.0,1,0,3,2,1012,185.0,0,6,0.0,1,0.0,Basque Fatherland and Freedom (ETA)
11226,1983,12,10,0,603,8,190,1613,54.347539,-6.656108,1.0,0,0.0,1,0,3,1,2114,233.0,0,6,1.0,1,0.0,Irish Republican Army (IRA)
47518,2010,1,19,0,160,5,0,5,6.645308,122.10184,1.0,0,0.0,0,0,1,2,5,160.0,0,6,0.0,1,0.0,Abu Sayyaf Group (ASG)
64274,2014,12,1,1,147,11,110,680,11.74464,11.970257,1.0,0,0.0,1,0,6,2,1258,147.0,0,6,61.0,1,1.0,Boko Haram
22566,1989,7,24,0,45,3,382,1256,3.91272,-75.47591,1.0,0,0.0,1,0,2,4,562,45.0,0,5,3.0,1,0.0,Revolutionary Armed Forces of Colombia (FARC)
47954,2010,5,3,0,160,5,397,2636,8.280488,126.255202,1.0,0,0.0,1,0,2,3,3338,160.0,0,5,2.0,-9,0.0,New People's Army (NPA)
48762,2010,10,14,0,228,10,52,24,13.683741,46.081752,4.0,0,0.0,1,0,1,3,747,228.0,0,5,1.0,-9,0.0,Al-Qaida in the Arabian Peninsula (AQAP)
74727,2016,6,2,0,228,10,50,319,14.54397,49.12458,1.0,0,0.0,0,0,3,2,524,228.0,0,6,0.0,0,0.0,Al-Qaida in the Arabian Peninsula (AQAP)
48696,2010,9,25,0,228,10,54,373,14.38252,47.399537,1.0,0,0.0,0,0,3,4,749,228.0,0,6,0.0,0,0.0,Al-Qaida in the Arabian Peninsula (AQAP)
19297,1988,4,9,0,183,11,19,145,-25.748281,28.212069,1.0,0,0.0,1,0,3,2,278,183.0,0,6,0.0,1,0.0,African National Congress (South Africa)
21586,1989,3,1,0,61,2,150,1156,13.69288,-89.199161,1.0,0,1.0,1,0,3,21,1107,61.0,0,6,0.0,1,0.0,Farabundo Marti National Liberation Front (FMLN)
43666,2007,4,10,0,4,6,507,3662,31.513958,64.926378,2.0,0,0.0,1,0,2,3,563,4.0,0,5,1.0,-9,0.0,Taliban
8933,1982,7,16,0,185,8,94,534,42.815372,-1.653616,1.0,0,0.0,1,0,3,2,1041,185.0,0,6,1.0,1,0.0,Basque Fatherland and Freedom (ETA)
53253,2012,9,9,0,69,8,136,24,41.918891,8.737554,4.0,0,1.0,1,0,3,1,1585,238.0,0,6,0.0,1,0.0,Corsican National Liberation Front (FLNC)
26573,1991,1,21,0,603,8,190,1609,54.607712,-5.95621,1.0,0,0.0,1,0,1,3,2090,233.0,0,5,1.0,0,0.0,Irish Republican Army (IRA)
75743,2016,8,1,0,147,11,112,1316,9.4336,8.352937,1.0,1,1.0,1,0,2,14,13,147.0,0,5,9.0,1,0.0,Fulani extremists
5275,1979,6,14,0,185,8,86,518,43.291618,-1.977903,1.0,0,0.0,1,0,3,14,992,185.0,0,6,0.0,1,0.0,Basque Fatherland and Freedom (ETA)
32787,1994,4,7,0,155,10,327,1474,31.502407,34.459743,1.0,1,0.0,0,0,1,14,3755,97.0,0,9,0.0,0,0.0,Palestinians
18411,1987,11,6,0,61,2,153,24,13.495364,-88.979678,4.0,0,0.0,1,0,3,21,1764,61.0,0,6,0.0,1,0.0,Farabundo Marti National Liberation Front (FMLN)
55942,2013,7,3,0,228,10,50,319,14.54397,49.12458,1.0,0,0.0,1,0,2,2,642,228.0,0,5,1.0,0,0.0,Al-Qaida in the Arabian Peninsula (AQAP)
17852,1987,8,14,0,43,3,271,2099,-33.366238,-70.505302,1.0,0,1.0,1,0,3,1,766,43.0,0,6,0.0,1,0.0,Manuel Rodriguez Patriotic Front (FPMR)
62193,2014,8,13,0,45,3,369,2509,6.33336,-71.48332,2.0,0,0.0,1,0,3,21,3172,45.0,0,6,0.0,1,0.0,National Liberation Army of Colombia (ELN)
17649,1987,7,17,0,159,3,277,2111,-11.967368,-76.978462,1.0,0,0.0,1,0,3,14,4830,159.0,0,6,0.0,1,0.0,Tupac Amaru Revolutionary Movement (MRTA)
50095,2011,9,21,0,147,11,108,619,11.840929,13.141459,1.0,0,0.0,1,0,2,14,1265,147.0,0,5,1.0,0,0.0,Boko Haram
54985,2013,3,28,0,4,6,528,3647,36.533157,65.784839,1.0,1,0.0,1,0,2,3,162,4.0,0,5,1.0,0,0.0,Taliban
8610,1982,4,15,0,61,2,148,1173,13.85077,-88.90406,1.0,0,0.0,1,0,2,4,1832,61.0,0,5,0.0,1,0.0,Farabundo Marti National Liberation Front (FMLN)
58993,2014,3,11,0,147,11,123,1285,11.637489,7.107145,2.0,0,1.0,1,0,2,14,27,147.0,0,5,21.0,1,0.0,Fulani extremists
61072,2014,6,26,0,228,10,50,328,15.964205,48.78252,1.0,0,1.0,1,0,3,2,330,228.0,0,6,0.0,1,0.0,Al-Qaida in the Arabian Peninsula (AQAP)
30606,1992,6,27,0,97,10,456,3055,32.246808,35.48904,1.0,0,0.0,0,0,1,14,3668,97.0,0,9,0.0,0,0.0,Palestinians
67060,2015,4,21,0,214,9,146,1079,48.143208,37.753361,1.0,1,0.0,1,0,2,4,48,214.0,0,6,0.0,1,0.0,Donetsk People's Republic
51338,2012,3,14,0,182,11,68,405,2.059819,45.326115,1.0,0,0.0,1,1,3,2,838,182.0,0,6,6.0,1,0.0,Al-Shabaab
56225,2013,7,28,0,209,10,225,24,37.418748,42.491834,4.0,0,0.0,1,0,7,8,2414,209.0,0,8,0.0,1,0.0,Kurdistan Workers' Party (PKK)
30423,1992,5,26,0,26,3,153,3312,-15.53305,-69.252459,2.0,0,0.0,1,0,2,19,2927,26.0,0,5,0.0,1,0.0,Shining Path (SL)
8879,1982,6,28,0,183,11,18,197,-27.76828,30.797877,1.0,0,0.0,1,0,3,19,271,183.0,0,6,0.0,1,0.0,African National Congress (South Africa)
53749,2012,11,4,0,147,11,110,715,11.287643,11.307799,1.0,0,1.0,1,0,3,8,603,147.0,0,6,0.0,1,0.0,Boko Haram
67157,2015,4,25,0,214,9,146,1077,47.098835,37.81987,1.0,1,0.0,1,0,3,13,1725,214.0,0,6,1.0,1,0.0,Donetsk People's Republic
16371,1986,11,2,0,183,11,21,161,-25.474193,30.969455,1.0,1,0.0,1,0,3,4,303,183.0,0,6,1.0,1,0.0,African National Congress (South Africa)
4081,1978,5,15,0,185,8,88,565,43.320664,-3.020252,1.0,0,0.0,1,0,7,1,1047,185.0,0,8,1.0,1,0.0,Basque Fatherland and Freedom (ETA)
38923,2001,2,22,0,185,8,86,518,43.291618,-1.977903,1.0,0,0.0,1,0,1,2,972,185.0,0,6,2.0,-9,0.0,Basque Fatherland and Freedom (ETA)
29702,1992,2,18,0,159,3,277,2111,-11.967368,-76.978462,1.0,0,0.0,1,0,1,14,4095,159.0,0,5,1.0,0,0.0,Shining Path (SL)
7164,1980,12,6,0,603,8,190,1648,54.819164,-7.467909,1.0,0,0.0,1,0,1,14,2144,233.0,0,5,1.0,0,0.0,Irish Republican Army (IRA)
22183,1989,5,22,0,61,2,148,1245,13.888888,-88.901631,1.0,0,0.0,1,0,2,14,1857,61.0,0,5,0.0,1,0.0,Farabundo Marti National Liberation Front (FMLN)
82029,2017,8,23,0,147,11,108,734,12.491701,13.212083,2.0,0,1.0,1,0,2,14,27,147.0,0,5,4.0,1,0.0,Boko Haram
65491,2015,1,30,0,214,9,146,1076,47.981647,37.762325,1.0,0,0.0,1,0,3,19,1705,214.0,0,6,2.0,1,0.0,Donetsk People's Republic
56161,2013,7,24,0,60,10,291,2354,31.126646,33.800865,1.0,1,0.0,1,0,3,3,3026,60.0,0,6,3.0,0,0.0,Muslim extremists
12287,1984,6,2,0,145,2,439,2913,13.48082,-86.58208,1.0,0,0.0,1,0,2,14,3560,145.0,0,5,1.0,1,0.0,Nicaraguan Democratic Force (FDN)
77816,2016,11,28,0,153,6,353,3722,34.006004,71.53743,1.0,0,0.0,1,0,2,3,4690,153.0,0,5,1.0,-9,0.0,Tehrik-i-Taliban Pakistan (TTP)
45560,2008,9,28,0,95,10,33,248,33.303566,44.371773,1.0,0,1.0,1,0,3,14,525,95.0,0,6,1.0,-9,0.0,Al-Qaida in Iraq
30390,1992,5,22,0,45,3,365,2552,8.248571,-73.581628,1.0,0,0.0,0,0,3,21,3148,45.0,0,6,0.0,1,0.0,National Liberation Army of Colombia (ELN)
73810,2016,4,12,0,4,6,525,3582,34.674866,70.21344,1.0,0,0.0,1,0,2,4,172,4.0,0,6,2.0,1,0.0,Taliban
32288,1994,1,17,0,45,3,364,2485,4.667128,-74.106056,1.0,0,0.0,0,0,1,2,3200,45.0,0,6,0.0,1,0.0,National Liberation Army of Colombia (ELN)
62439,2014,8,25,0,228,10,57,1568,16.107723,44.680109,2.0,0,0.0,1,0,1,22,2006,228.0,0,5,1.0,0,0.0,Houthi extremists (Ansar Allah)
58536,2014,2,14,0,200,10,199,2349,36.201721,37.14352,1.0,0,0.0,1,0,3,4,3051,200.0,0,6,5.0,1,0.0,Muslim extremists
76303,2016,9,5,0,200,10,200,1706,33.514722,36.124722,1.0,0,1.0,1,1,3,14,13,200.0,0,6,3.0,-9,0.0,Islamic State of Iraq and the Levant (ISIL)
17535,1987,7,1,0,92,6,339,3421,31.84,74.76,1.0,0,0.0,1,0,2,15,4273,92.0,0,5,5.0,1,0.0,Sikh Extremists
65723,2015,2,10,0,60,10,293,237,31.282654,30.016884,1.0,0,1.0,1,0,3,3,3049,60.0,0,6,0.0,-9,0.0,Muslim extremists
81571,2017,7,22,0,173,10,186,1532,24.08554,38.063286,1.0,0,0.0,1,0,3,1,1966,173.0,0,6,0.0,1,0.0,Houthi extremists (Ansar Allah)
27830,1991,7,14,0,61,2,151,1239,14.050173,-88.837704,1.0,0,0.0,1,0,2,4,1788,61.0,0,5,0.0,1,0.0,Farabundo Marti National Liberation Front (FMLN)
46864,2009,7,22,0,4,6,515,3618,36.815075,69.423841,2.0,0,0.0,1,0,3,12,4497,75.0,0,6,1.0,1,0.0,Taliban
67919,2015,5,28,0,228,10,53,315,15.325443,44.211895,1.0,0,0.0,0,0,6,2,1965,228.0,0,5,2.0,0,1.0,Houthi extremists (Ansar Allah)
2659,1976,4,19,0,603,8,190,1629,54.553417,-6.003314,1.0,0,0.0,1,0,1,3,2087,233.0,0,5,1.0,0,0.0,Irish Republican Army (IRA)
20516,1988,10,15,0,183,11,19,154,-26.353159,28.132727,1.0,0,0.0,1,0,1,2,381,183.0,0,6,0.0,0,0.0,African National Congress (South Africa)
64867,2015,1,3,0,214,9,146,1108,47.26136,37.744514,1.0,0,0.0,1,0,3,4,1698,214.0,0,6,0.0,-9,0.0,Donetsk People's Republic
27749,1991,7,7,0,603,8,190,1609,54.607712,-5.95621,1.0,0,0.0,1,0,3,3,2049,233.0,0,6,0.0,1,0.0,Irish Republican Army (IRA)
39310,2001,8,14,0,45,3,363,2578,7.198606,-75.341218,4.0,0,0.0,1,0,7,14,3267,45.0,0,8,0.0,1,0.0,National Liberation Army of Colombia (ELN)
13654,1985,4,25,0,61,2,152,1164,13.779502,-88.349044,1.0,0,0.0,1,0,2,4,1762,61.0,0,5,19.0,1,0.0,Farabundo Marti National Liberation Front (FMLN)
72989,2016,2,22,0,228,10,60,353,13.586484,44.024105,1.0,0,1.0,1,0,3,14,926,228.0,0,6,1.0,1,0.0,Houthi extremists (Ansar Allah)
50277,2011,11,4,0,147,11,110,680,11.74464,11.970257,1.0,0,1.0,1,0,3,15,1246,147.0,0,6,6.0,1,0.0,Boko Haram
81513,2017,7,21,0,160,5,406,2757,10.118769,123.2704,1.0,0,1.0,0,0,1,2,3434,160.0,0,5,1.0,1,0.0,New People's Army (NPA)
50835,2012,1,14,0,153,6,353,3747,31.834328,70.90905,1.0,0,0.0,1,1,3,3,85,153.0,0,6,8.0,1,0.0,Tehrik-i-Taliban Pakistan (TTP)
60763,2014,6,10,0,228,10,51,24,15.46591,45.293941,4.0,0,1.0,1,0,3,21,638,228.0,0,6,0.0,1,0.0,Al-Qaida in the Arabian Peninsula (AQAP)
50772,2012,1,6,0,147,11,113,671,9.203496,12.49539,1.0,0,0.0,1,0,2,15,1243,147.0,0,5,8.0,1,0.0,Boko Haram
22838,1989,8,27,0,186,6,262,1994,9.151898,80.64934,1.0,0,0.0,1,0,2,4,162,186.0,0,5,3.0,1,0.0,Liberation Tigers of Tamil Eelam (LTTE)
64180,2014,11,26,0,214,9,146,1076,47.981647,37.762325,1.0,0,0.0,1,0,2,4,1701,214.0,0,6,2.0,1,0.0,Donetsk People's Republic
39215,2001,8,3,0,69,8,136,1022,41.591369,9.278311,1.0,0,0.0,0,0,3,3,1555,69.0,0,6,0.0,0,0.0,Corsican National Liberation Front (FLNC)
49364,2011,3,9,0,153,6,353,3722,34.006004,71.53743,1.0,1,0.0,1,1,3,14,4567,153.0,0,6,26.0,0,0.0,Tehrik-i-Taliban Pakistan (TTP)
51384,2012,3,20,0,95,10,33,248,33.303566,44.371773,1.0,0,1.0,1,0,2,3,85,95.0,0,5,3.0,0,0.0,Al-Qaida in Iraq
27136,1991,4,25,0,159,3,277,2111,-11.967368,-76.978462,1.0,0,1.0,1,0,3,1,1578,159.0,0,6,0.0,1,0.0,Tupac Amaru Revolutionary Movement (MRTA)
11761,1984,3,14,0,145,2,445,1220,12.481654,-87.173207,1.0,0,0.0,1,0,3,11,3597,156.0,0,6,1.0,1,0.0,Nicaraguan Democratic Force (FDN)
62449,2014,8,25,1,214,9,146,1082,47.858047,38.221877,1.0,0,0.0,1,0,6,10,1700,214.0,0,6,0.0,1,1.0,Donetsk People's Republic
16263,1986,10,4,0,159,3,477,3278,-13.152712,-74.218628,1.0,0,0.0,1,0,3,2,4060,159.0,0,6,0.0,1,0.0,Shining Path (SL)
11595,1984,2,15,0,185,8,86,586,43.311307,-1.900896,1.0,0,0.0,1,0,3,1,766,185.0,0,6,0.0,1,0.0,Basque Fatherland and Freedom (ETA)
41305,2004,3,16,0,160,5,1,22,6.050458,121.012245,1.0,0,0.0,1,0,3,2,121,160.0,0,6,0.0,0,0.0,Abu Sayyaf Group (ASG)
5999,1979,12,19,0,603,8,49,1615,51.504387,-0.140041,1.0,0,0.0,0,0,1,1,2089,216.0,0,6,0.0,0,0.0,Irish Republican Army (IRA)
43304,2006,9,12,0,186,6,218,1978,8.577826,81.218719,1.0,0,0.0,1,0,2,3,2484,186.0,0,5,1.0,0,0.0,Liberation Tigers of Tamil Eelam (LTTE)
33084,1994,5,30,0,603,8,190,1659,54.377802,-7.459455,1.0,0,0.0,1,0,3,3,1068,216.0,0,6,0.0,1,0.0,Irish Republican Army (IRA)
6244,1980,2,16,0,155,10,327,1474,31.502407,34.459743,1.0,0,0.0,1,0,3,4,3687,97.0,0,6,3.0,1,0.0,Palestinians
5227,1979,5,31,0,69,8,137,132,48.856644,2.34233,1.0,0,0.0,1,0,3,14,1565,69.0,0,6,0.0,1,0.0,Corsican National Liberation Front (FLNC)
47421,2009,12,8,0,95,10,33,248,33.303566,44.371773,1.0,0,1.0,1,1,3,2,494,95.0,0,6,27.0,-9,0.0,Al-Qaida in Iraq
18281,1987,10,17,0,92,6,339,3487,31.305986,75.63972,1.0,0,0.0,1,0,1,15,4371,92.0,0,9,1.0,0,0.0,Sikh Extremists
74636,2016,5,27,0,160,5,1,22,6.050458,121.012245,1.0,0,0.0,0,0,6,1,68,160.0,0,5,0.0,0,0.0,Abu Sayyaf Group (ASG)
67315,2015,5,3,0,60,10,291,2379,31.110285,33.932247,1.0,0,0.0,1,0,3,4,559,60.0,0,6,1.0,-9,0.0,Muslim extremists
5615,1979,9,25,0,603,8,190,1642,54.515694,-6.055724,1.0,0,0.0,1,0,3,14,2180,216.0,0,6,0.0,1,0.0,Irish Republican Army (IRA)
14930,1985,12,19,0,183,11,26,187,-22.191692,29.500886,1.0,1,0.0,1,0,3,4,291,183.0,0,6,0.0,1,0.0,African National Congress (South Africa)
72563,2016,1,31,0,228,10,60,353,13.586484,44.024105,1.0,0,0.0,1,0,3,14,926,228.0,0,6,3.0,-9,0.0,Houthi extremists (Ansar Allah)
55365,2013,5,6,0,160,5,1,22,6.050458,121.012245,1.0,0,0.0,1,0,2,4,159,160.0,0,5,1.0,1,0.0,Abu Sayyaf Group (ASG)
19833,1988,6,23,0,92,6,339,3399,30.898024,75.860077,1.0,0,0.0,1,0,1,3,1654,92.0,0,5,2.0,0,0.0,Sikh Extremists
70200,2015,9,19,0,228,10,60,353,13.586484,44.024105,1.0,0,1.0,1,0,3,1,542,228.0,0,6,5.0,1,0.0,Houthi extremists (Ansar Allah)
53772,2012,11,6,0,95,10,36,258,33.540672,44.251266,1.0,0,0.0,1,1,3,4,577,95.0,0,6,29.0,1,0.0,Al-Qaida in Iraq
14668,1985,10,22,0,43,3,271,2099,-33.366238,-70.505302,1.0,0,0.0,1,0,3,2,2753,43.0,0,6,1.0,1,0.0,Manuel Rodriguez Patriotic Front (FPMR)
71282,2015,11,17,0,92,6,127,2170,23.384612,84.651881,1.0,1,0.0,0,0,3,20,6,92.0,0,6,0.0,0,0.0,Maoists
20887,1988,12,5,0,61,2,158,1175,13.805691,-88.145787,1.0,0,0.0,1,0,2,14,1775,61.0,0,5,0.0,1,0.0,Farabundo Marti National Liberation Front (FMLN)
29636,1992,2,7,0,603,8,49,1615,51.504387,-0.140041,1.0,0,0.0,1,0,7,19,2139,216.0,0,8,0.0,1,0.0,Irish Republican Army (IRA)
5254,1979,6,8,0,69,8,137,132,48.856644,2.34233,1.0,0,0.0,1,0,7,1,1570,69.0,0,8,0.0,1,0.0,Corsican National Liberation Front (FLNC)
12875,1984,10,4,0,69,8,144,1051,45.764043,4.835659,1.0,0,0.0,1,0,3,1,1655,69.0,0,6,0.0,1,0.0,Corsican National Liberation Front (FLNC)
67826,2015,5,24,0,214,9,146,1085,47.313381,37.805458,1.0,1,0.0,1,0,3,4,1698,214.0,0,6,0.0,-9,0.0,Donetsk People's Republic
36516,1997,9,16,0,45,3,378,3142,4.877025,-74.437413,1.0,1,0.0,1,0,3,19,3875,45.0,0,6,3.0,1,0.0,Revolutionary Armed Forces of Colombia (FARC)
32210,1994,1,4,0,209,10,228,1858,37.192877,40.581143,1.0,0,0.0,1,0,2,4,562,209.0,0,5,1.0,1,0.0,Kurdistan Workers' Party (PKK)
19149,1988,3,16,0,159,3,476,3867,-8.606481,-77.149429,1.0,0,0.0,1,0,2,3,2184,159.0,0,5,0.0,1,0.0,Tupac Amaru Revolutionary Movement (MRTA)
49967,2011,8,14,0,228,10,57,364,16.199874,44.408998,3.0,0,0.0,1,0,3,17,729,228.0,0,6,14.0,1,0.0,Al-Qaida in the Arabian Peninsula (AQAP)
30408,1992,5,24,0,186,6,262,2015,8.964041,80.787941,1.0,0,0.0,1,0,2,4,2523,186.0,0,5,6.0,1,0.0,Liberation Tigers of Tamil Eelam (LTTE)
80730,2017,6,7,0,94,10,212,1739,35.724533,51.40519,1.0,0,1.0,1,1,5,2,2307,94.0,0,6,9.0,1,1.0,Islamic State of Iraq and the Levant (ISIL)
33369,1994,8,17,0,603,8,190,1609,54.607712,-5.95621,1.0,0,0.0,0,0,3,1,2149,216.0,0,6,0.0,1,0.0,Irish Republican Army (IRA)
28068,1991,8,7,0,159,3,475,3855,-11.253812,-75.580068,1.0,0,0.0,1,0,2,4,562,159.0,0,5,8.0,1,0.0,Tupac Amaru Revolutionary Movement (MRTA)
6392,1980,3,24,0,97,10,458,3037,31.771599,35.2034,1.0,0,0.0,0,0,3,14,3660,97.0,0,6,0.0,0,0.0,Palestinians
44973,2008,5,29,0,45,3,374,3148,11.377761,-72.238892,1.0,0,1.0,1,0,3,21,3980,45.0,0,6,0.0,1,0.0,Revolutionary Armed Forces of Colombia (FARC)
60733,2014,6,9,0,214,9,147,1086,49.181837,37.27858,3.0,0,0.0,1,0,2,4,162,214.0,0,5,0.0,1,0.0,Donetsk People's Republic
17265,1987,5,19,0,159,3,277,2111,-11.967368,-76.978462,1.0,0,1.0,1,0,3,19,56,159.0,0,6,0.0,1,0.0,Tupac Amaru Revolutionary Movement (MRTA)
58239,2014,1,24,1,92,6,131,2180,18.740279,82.642942,1.0,0,0.0,1,0,6,8,2896,92.0,0,5,0.0,0,1.0,Maoists
79726,2017,4,6,0,147,11,108,744,12.12052,13.174035,2.0,0,0.0,1,0,2,4,577,147.0,0,5,0.0,1,0.0,Boko Haram
9181,1982,9,23,0,159,3,481,3286,-14.083889,-73.588889,1.0,0,0.0,1,0,2,8,4074,159.0,0,5,1.0,1,0.0,Shining Path (SL)
18805,1988,1,25,0,603,8,190,1609,54.607712,-5.95621,1.0,0,0.0,1,0,3,3,2088,233.0,0,6,1.0,1,0.0,Irish Republican Army (IRA)
34884,1995,12,16,0,186,6,218,2010,7.529372,81.794609,1.0,0,0.0,1,0,3,21,2556,186.0,0,6,0.0,1,0.0,Liberation Tigers of Tamil Eelam (LTTE)
38082,2000,5,23,0,186,6,218,2067,8.351263,81.006993,1.0,0,0.0,0,1,1,2,2596,186.0,0,6,2.0,0,0.0,Liberation Tigers of Tamil Eelam (LTTE)
62825,2014,9,16,0,200,10,40,261,33.515244,36.292084,1.0,0,1.0,1,0,3,14,810,200.0,0,6,1.0,-9,0.0,Muslim extremists
58947,2014,3,9,0,182,11,73,432,3.154882,42.524631,1.0,0,0.0,1,0,3,6,905,182.0,0,6,1.0,-9,0.0,Al-Shabaab
10031,1983,4,8,0,145,2,446,2882,12.810234,-85.786635,1.0,0,0.0,1,0,2,4,1762,145.0,0,5,75.0,1,0.0,Nicaraguan Democratic Force (FDN)
36373,1997,7,4,0,45,3,363,3146,7.883605,-76.631923,1.0,1,1.0,1,0,2,19,56,45.0,0,8,0.0,1,0.0,Revolutionary Armed Forces of Colombia (FARC)
6793,1980,7,9,0,155,10,456,3033,32.222271,35.253506,1.0,0,0.0,0,0,3,20,1176,97.0,0,6,1.0,1,0.0,Palestinians
64482,2014,12,13,0,228,10,53,315,15.325443,44.211895,1.0,0,0.0,1,0,3,14,1977,228.0,0,6,24.0,1,0.0,Houthi extremists (Ansar Allah)
63023,2014,9,25,0,147,11,108,690,10.50095,12.356178,1.0,0,1.0,1,0,2,14,27,147.0,0,5,6.0,1,0.0,Boko Haram
30715,1992,7,12,0,209,10,226,1818,37.253172,43.612234,1.0,1,0.0,1,0,2,4,172,209.0,0,5,3.0,1,0.0,Kurdistan Workers' Party (PKK)
58326,2014,1,30,0,200,10,199,2349,36.201721,37.14352,1.0,0,0.0,1,0,3,4,48,200.0,0,6,6.0,1,0.0,Muslim extremists
19545,1988,5,12,0,43,3,271,2099,-33.366238,-70.505302,1.0,0,0.0,1,0,3,21,2690,43.0,0,6,0.0,1,0.0,Manuel Rodriguez Patriotic Front (FPMR)
38542,2000,10,21,0,185,8,86,579,43.066466,-2.489145,1.0,0,0.0,0,0,3,1,1086,185.0,0,6,0.0,0,0.0,Basque Fatherland and Freedom (ETA)
7068,1980,10,14,0,61,2,150,1156,13.69288,-89.199161,1.0,0,0.0,1,0,7,2,1798,61.0,0,8,1.0,1,0.0,Farabundo Marti National Liberation Front (FMLN)
54850,2013,3,14,0,95,10,33,248,33.303566,44.371773,1.0,0,1.0,1,0,3,2,535,95.0,0,6,8.0,1,0.0,Al-Qaida in Iraq
32851,1994,4,18,0,183,11,19,154,-26.353159,28.132727,1.0,0,0.0,1,0,2,14,323,183.0,0,5,2.0,1,0.0,African National Congress (South Africa)
39909,2002,3,12,0,45,3,384,3228,3.2694,-73.37616,1.0,0,0.0,1,0,3,14,3982,45.0,0,6,5.0,1,0.0,Revolutionary Armed Forces of Colombia (FARC)
52214,2012,6,8,0,228,10,52,317,13.219398,45.307838,1.0,1,0.0,1,0,2,4,93,228.0,0,5,11.0,0,0.0,Al-Qaida in the Arabian Peninsula (AQAP)
34720,1995,10,17,0,186,6,218,1978,8.577826,81.218719,1.0,0,0.0,0,1,3,4,2537,186.0,0,6,1.0,1,0.0,Liberation Tigers of Tamil Eelam (LTTE)
27657,1991,6,30,0,159,3,480,3848,-13.105251,-72.044649,2.0,0,0.0,1,0,2,3,1788,159.0,0,5,6.0,1,0.0,Tupac Amaru Revolutionary Movement (MRTA)
21491,1989,2,21,0,43,3,271,2099,-33.366238,-70.505302,1.0,0,0.0,0,0,3,2,2725,43.0,0,6,0.0,1,0.0,Manuel Rodriguez Patriotic Front (FPMR)
28184,1991,8,17,1,155,10,327,3042,31.346964,34.30143,1.0,0,0.0,1,0,6,14,3683,155.0,0,12,1.0,0,1.0,Palestinians
57344,2013,11,7,0,92,6,127,829,23.805921,86.415512,3.0,0,0.0,1,0,7,1,1341,92.0,0,8,0.0,1,0.0,Communist Party of India - Maoist (CPI-Maoist)
19563,1988,5,15,0,45,3,369,24,6.547306,-71.002231,4.0,0,0.0,1,0,3,21,3148,45.0,0,6,0.0,1,0.0,National Liberation Army of Colombia (ELN)
10176,1983,5,10,0,97,10,460,3040,32.08297,34.811886,1.0,0,0.0,0,0,3,14,387,97.0,0,6,0.0,0,0.0,Palestinians
53248,2012,9,9,0,69,8,136,1021,41.930607,8.742907,1.0,0,1.0,1,0,3,1,1585,238.0,0,6,0.0,1,0.0,Corsican National Liberation Front (FLNC)
17628,1987,7,15,0,183,11,20,202,-32.949255,27.734962,1.0,0,0.0,1,0,2,3,267,183.0,0,5,3.0,1,0.0,African National Congress (South Africa)
56101,2013,7,20,0,95,10,33,248,33.303566,44.371773,1.0,0,1.0,1,0,3,14,13,95.0,0,6,4.0,1,0.0,Islamic State of Iraq and the Levant (ISIL)
69384,2015,8,9,0,209,10,224,24,39.10617,39.548259,4.0,0,0.0,0,0,2,4,1738,209.0,0,5,0.0,-9,0.0,Kurdistan Workers' Party (PKK)
16929,1987,3,22,0,145,2,450,2888,12.069311,-84.539748,1.0,0,1.0,1,0,2,4,3541,145.0,0,5,1.0,1,0.0,Nicaraguan Democratic Force (FDN)
74817,2016,6,7,0,153,6,427,3739,34.565494,71.477429,2.0,0,1.0,1,0,6,4,4586,153.0,0,5,1.0,0,1.0,Tehrik-i-Taliban Pakistan (TTP)
15890,1986,7,1,0,183,11,19,137,-26.184113,28.033232,1.0,0,0.0,1,0,3,19,356,183.0,0,6,0.0,1,0.0,African National Congress (South Africa)
69031,2015,7,22,0,147,11,108,674,11.840929,13.141459,1.0,0,0.0,1,0,2,14,27,147.0,0,5,8.0,0,0.0,Boko Haram
70057,2015,9,12,0,214,9,146,1127,48.427444,37.835751,1.0,1,0.0,1,0,2,4,48,214.0,0,6,0.0,-9,0.0,Donetsk People's Republic
24398,1990,3,9,0,43,3,271,2099,-33.366238,-70.505302,1.0,0,0.0,1,0,3,15,2747,217.0,0,6,0.0,1,0.0,Manuel Rodriguez Patriotic Front (FPMR)
67126,2015,4,24,0,4,6,510,3623,37.116005,69.044067,1.0,0,1.0,1,0,2,3,4451,4.0,0,5,12.0,0,0.0,Taliban
19663,1988,5,31,0,92,6,494,3404,28.585836,77.153336,1.0,0,1.0,0,0,3,14,4381,92.0,0,6,0.0,1,0.0,Sikh Extremists
56564,2013,8,26,0,160,5,14,2710,10.817626,119.499057,1.0,0,0.0,1,0,3,4,3394,160.0,0,6,0.0,-9,0.0,New People's Army (NPA)
78805,2017,2,5,0,92,6,128,2217,18.813227,81.579399,1.0,1,0.0,1,0,3,3,85,92.0,0,6,0.0,0,0.0,Maoists
66411,2015,3,18,0,4,6,513,3535,31.60063,64.369652,1.0,0,0.0,1,1,3,2,4518,4.0,0,6,8.0,1,0.0,Taliban
1567,1973,12,31,0,603,8,190,1609,54.607712,-5.95621,1.0,0,0.0,1,0,1,4,2103,216.0,0,5,1.0,0,0.0,Irish Republican Army (IRA)
48627,2010,9,18,0,4,6,516,3561,36.420551,64.89389,1.0,0,0.0,1,0,3,2,4459,4.0,0,6,0.0,0,0.0,Taliban
82150,2017,8,29,0,228,10,53,315,15.325443,44.211895,1.0,0,0.0,0,0,1,2,1957,228.0,0,5,0.0,0,0.0,Houthi extremists (Ansar Allah)
61275,2014,7,4,0,147,11,108,708,11.151905,12.758704,1.0,0,0.0,1,0,2,3,175,147.0,0,6,59.0,1,0.0,Boko Haram
76940,2016,10,11,0,209,10,234,1865,38.373308,40.075578,1.0,0,0.0,1,0,1,14,2387,209.0,0,5,1.0,0,0.0,Kurdistan Workers' Party (PKK)
7001,1980,9,19,0,61,2,150,1156,13.69288,-89.199161,1.0,0,0.0,1,0,3,1,766,61.0,0,6,0.0,1,0.0,Farabundo Marti National Liberation Front (FMLN)
10494,1983,7,7,0,45,3,363,2491,6.242026,-75.564766,1.0,0,0.0,1,0,2,2,3168,45.0,0,5,0.0,0,1.0,National Liberation Army of Colombia (ELN)
60337,2014,5,22,0,228,10,57,357,16.033225,44.766555,3.0,0,0.0,1,1,3,17,20,228.0,0,6,4.0,0,0.0,Al-Qaida in the Arabian Peninsula (AQAP)
11362,1984,1,6,0,145,2,444,2934,11.81788,-86.51557,1.0,0,0.0,1,0,3,4,3569,145.0,0,5,1.0,1,0.0,Nicaraguan Democratic Force (FDN)
81621,2017,7,25,0,4,6,514,3600,33.662383,69.785643,3.0,0,1.0,1,0,7,2,4525,4.0,0,8,0.0,1,0.0,Taliban
79881,2017,4,15,0,92,6,128,2200,18.184536,81.411415,1.0,1,0.0,0,0,3,20,6,92.0,0,6,0.0,1,0.0,Maoists
46305,2009,3,30,0,92,6,127,816,23.893139,85.894669,1.0,0,0.0,1,0,3,14,1326,92.0,0,6,0.0,1,0.0,Communist Party of India - Maoist (CPI-Maoist)
57135,2013,10,17,0,45,3,369,2550,7.027175,-71.427448,1.0,0,0.0,1,0,6,21,3187,45.0,0,5,0.0,0,1.0,National Liberation Army of Colombia (ELN)
58900,2014,3,6,0,147,11,167,1292,7.689167,9.250278,3.0,0,1.0,1,0,2,14,27,147.0,0,5,6.0,1,0.0,Fulani extremists
26560,1991,1,21,0,61,2,148,24,13.864829,-88.7494,4.0,0,1.0,1,0,3,21,1842,61.0,0,6,0.0,1,0.0,Farabundo Marti National Liberation Front (FMLN)
54908,2013,3,19,0,95,10,33,248,33.303566,44.371773,1.0,0,1.0,1,0,3,8,546,95.0,0,6,0.0,0,0.0,Al-Qaida in Iraq
52156,2012,6,4,0,228,10,52,376,13.657844,45.8434,1.0,0,1.0,1,1,3,17,347,228.0,0,6,1.0,0,0.0,Al-Qaida in the Arabian Peninsula (AQAP)
35041,1996,1,30,0,186,6,218,2010,7.529372,81.794609,1.0,0,0.0,0,0,3,20,6,186.0,0,6,0.0,1,0.0,Liberation Tigers of Tamil Eelam (LTTE)
67721,2015,5,19,0,4,6,523,3599,34.338022,63.367503,1.0,0,0.0,1,0,2,3,1982,4.0,0,5,1.0,-9,0.0,Taliban
76421,2016,9,13,1,95,10,38,1767,35.430138,43.296707,1.0,0,0.0,1,0,6,14,566,95.0,0,9,1.0,0,1.0,Islamic State of Iraq and the Levant (ISIL)
80010,2017,4,24,0,95,10,36,278,34.92485,43.491413,1.0,1,0.0,0,1,3,4,2332,95.0,0,6,4.0,0,0.0,Islamic State of Iraq and the Levant (ISIL)
17495,1987,6,23,0,160,5,386,2619,15.544809,120.763556,1.0,0,0.0,1,0,5,14,3326,160.0,0,5,0.0,1,1.0,New People's Army (NPA)
21525,1989,2,22,0,159,3,277,3857,-12.003379,-76.918423,1.0,0,0.0,1,0,2,3,175,159.0,0,5,0.0,1,0.0,Tupac Amaru Revolutionary Movement (MRTA)
60618,2014,6,4,1,160,5,1,26,5.989123,120.953132,2.0,0,0.0,1,0,6,1,126,160.0,0,9,1.0,0,1.0,Abu Sayyaf Group (ASG)
54940,2013,3,22,0,92,6,127,918,24.035711,84.477637,1.0,0,0.0,1,0,7,14,1441,92.0,0,8,0.0,1,0.0,Communist Party of India - Maoist (CPI-Maoist)
59750,2014,4,21,0,228,10,53,315,15.325443,44.211895,1.0,0,0.0,0,0,1,3,689,228.0,0,5,0.0,1,0.0,Al-Qaida in the Arabian Peninsula (AQAP)
22511,1989,7,16,0,45,3,369,2501,6.46052,-71.72989,1.0,0,0.0,1,0,2,4,562,45.0,0,5,0.0,1,0.0,National Liberation Army of Colombia (ELN)
14184,1985,7,4,0,43,3,272,2103,-36.816006,-73.037659,1.0,0,0.0,1,0,3,1,2709,217.0,0,6,0.0,1,0.0,Manuel Rodriguez Patriotic Front (FPMR)
82715,2017,10,11,0,92,6,128,2248,18.733745,81.000599,1.0,0,1.0,1,0,3,3,85,92.0,0,6,0.0,-9,0.0,Maoists
48555,2010,9,7,1,153,6,353,3722,34.006004,71.53743,1.0,0,0.0,1,0,6,8,4696,153.0,0,5,0.0,0,1.0,Tehrik-i-Taliban Pakistan (TTP)
10271,1983,5,27,0,159,3,277,2111,-11.967368,-76.978462,1.0,0,1.0,1,0,3,21,4058,159.0,0,6,0.0,1,0.0,Shining Path (SL)
60884,2014,6,16,0,160,5,5,2776,6.413029,125.420269,2.0,0,1.0,0,0,2,14,13,160.0,0,5,0.0,0,0.0,New People's Army (NPA)
14089,1985,6,18,0,61,2,152,1158,13.814197,-88.34682,1.0,0,0.0,1,0,2,4,1762,61.0,0,5,4.0,1,0.0,Farabundo Marti National Liberation Front (FMLN)
79590,2017,3,28,0,4,6,519,3668,35.58567,63.328087,1.0,0,1.0,1,0,2,3,2901,4.0,0,5,1.0,-9,0.0,Taliban
15216,1986,2,21,0,61,2,157,1237,13.682638,-88.926466,1.0,0,1.0,1,0,3,21,1107,61.0,0,6,1.0,1,0.0,Farabundo Marti National Liberation Front (FMLN)
10114,1983,4,28,0,69,8,138,1026,43.296482,5.36978,1.0,0,0.0,1,0,3,3,175,69.0,0,6,0.0,1,0.0,Corsican National Liberation Front (FLNC)
76853,2016,10,4,0,228,10,60,353,13.586484,44.024105,1.0,0,1.0,1,0,3,14,926,228.0,0,6,0.0,-9,0.0,Houthi extremists (Ansar Allah)
21269,1989,1,28,0,603,8,190,1667,54.788077,-7.47303,1.0,0,0.0,1,0,3,3,2201,233.0,0,6,1.0,1,0.0,Irish Republican Army (IRA)
49646,2011,5,18,0,4,6,322,2403,34.417122,70.449593,1.0,1,0.0,1,1,3,3,4527,4.0,0,6,13.0,1,0.0,Taliban
52325,2012,6,16,0,153,6,353,3740,33.47483,71.48759,1.0,0,0.0,1,0,3,3,559,153.0,0,6,6.0,1,0.0,Tehrik-i-Taliban Pakistan (TTP)
80680,2017,6,3,0,182,11,68,405,2.059819,45.326115,1.0,0,0.0,0,0,1,2,900,182.0,0,6,1.0,1,0.0,Al-Shabaab
58928,2014,3,8,0,228,10,52,318,13.887403,45.863647,1.0,0,0.0,1,1,3,4,706,228.0,0,6,6.0,-9,0.0,Al-Qaida in the Arabian Peninsula (AQAP)
51418,2012,3,22,0,92,6,126,900,24.92326,86.220238,1.0,0,1.0,1,0,3,19,233,92.0,0,6,0.0,1,0.0,Communist Party of India - Maoist (CPI-Maoist)
16223,1986,9,18,0,159,3,277,2111,-11.967368,-76.978462,1.0,0,0.0,1,0,3,7,4852,43.0,0,6,1.0,1,0.0,Tupac Amaru Revolutionary Movement (MRTA)
53177,2012,9,6,0,182,11,65,402,3.115641,43.64658,1.0,0,0.0,1,0,3,14,853,182.0,0,6,1.0,0,0.0,Al-Shabaab
59763,2014,4,21,1,214,9,146,1092,48.730804,37.574596,1.0,0,0.0,1,0,6,3,219,214.0,0,5,1.0,1,1.0,Donetsk People's Republic
35125,1996,3,6,0,159,3,277,2111,-11.967368,-76.978462,1.0,0,0.0,1,0,1,14,4072,159.0,0,5,1.0,0,0.0,Shining Path (SL)
29900,1992,3,18,0,186,6,218,2010,7.529372,81.794609,1.0,0,0.0,1,0,3,19,56,186.0,0,6,3.0,1,0.0,Liberation Tigers of Tamil Eelam (LTTE)
50460,2011,11,20,0,153,6,334,2421,30.200819,66.994354,1.0,1,0.0,1,0,7,4,4443,422.0,0,5,0.0,1,0.0,Taliban
78631,2017,1,25,0,92,6,128,921,18.9,81.35,3.0,0,0.0,1,0,2,3,2854,92.0,0,12,0.0,0,0.0,Maoists
42330,2005,8,23,0,95,10,34,250,33.74324,44.623825,1.0,0,0.0,1,1,3,4,484,999.0,0,6,8.0,-9,0.0,Al-Qaida in Iraq
8418,1982,2,26,0,45,3,369,2503,6.95284,-71.87514,1.0,0,0.0,1,0,3,2,3871,45.0,0,6,0.0,1,0.0,Revolutionary Armed Forces of Colombia (FARC)
83407,2017,12,8,0,147,11,111,1375,8.215909,5.633592,1.0,0,0.0,1,0,2,14,933,147.0,0,5,0.0,1,0.0,Fulani extremists
20872,1988,12,5,0,43,3,275,2107,-38.734133,-72.584651,1.0,0,1.0,1,0,3,21,2764,43.0,0,6,0.0,1,0.0,Manuel Rodriguez Patriotic Front (FPMR)
18322,1987,10,26,0,159,3,277,2111,-11.967368,-76.978462,1.0,0,0.0,1,0,3,2,4759,159.0,0,6,0.0,1,0.0,Tupac Amaru Revolutionary Movement (MRTA)
38171,2000,6,22,0,95,10,37,1877,36.868611,43.784444,2.0,0,1.0,1,0,3,1,2398,95.0,0,6,0.0,1,0.0,Kurdistan Workers' Party (PKK)
74511,2016,5,13,0,147,11,167,1337,7.487471,9.236722,1.0,0,0.0,1,0,2,14,27,147.0,0,5,5.0,0,0.0,Fulani extremists
44892,2008,5,13,0,160,5,4,15,6.929089,122.07885,1.0,0,0.0,1,0,3,15,44,160.0,0,6,0.0,1,0.0,Abu Sayyaf Group (ASG)
76827,2016,10,4,0,182,11,70,408,-0.357847,42.54665,1.0,0,0.0,1,0,3,2,577,182.0,0,6,0.0,1,0.0,Al-Shabaab
12851,1984,9,28,0,159,3,277,2111,-11.967368,-76.978462,1.0,0,0.0,1,0,2,7,260,217.0,0,5,0.0,1,0.0,Tupac Amaru Revolutionary Movement (MRTA)
59322,2014,3,31,0,104,11,85,472,-1.267735,36.849607,1.0,0,1.0,1,0,3,1,512,104.0,0,6,2.0,1,0.0,Al-Shabaab
515,1971,2,15,0,603,8,190,1609,54.607712,-5.95621,1.0,0,0.0,1,0,1,4,2118,216.0,0,5,1.0,0,0.0,Irish Republican Army (IRA)
68448,2015,6,22,0,45,3,360,2498,8.59674,-73.22737,2.0,0,0.0,1,0,3,4,3153,45.0,0,6,4.0,1,0.0,National Liberation Army of Colombia (ELN)
50431,2011,11,16,0,92,6,127,789,23.744186,84.504429,3.0,0,0.0,1,0,3,3,1333,92.0,0,6,0.0,1,0.0,Communist Party of India - Maoist (CPI-Maoist)
22677,1989,8,8,0,92,6,292,2408,32.726602,74.857026,1.0,0,0.0,1,0,2,14,4270,92.0,0,5,6.0,1,0.0,Sikh Extremists
66913,2015,4,14,0,160,5,390,2658,7.823071,126.055367,1.0,0,0.0,1,0,2,4,3352,160.0,0,5,1.0,0,0.0,New People's Army (NPA)
69191,2015,7,30,0,153,6,353,3761,32.995865,70.687074,3.0,0,0.0,1,0,2,4,2901,153.0,0,5,5.0,0,0.0,Tehrik-i-Taliban Pakistan (TTP)
36553,1997,10,8,0,45,3,362,3171,1.93514,-77.30609,1.0,0,0.0,1,0,2,3,432,45.0,0,5,1.0,1,0.0,Revolutionary Armed Forces of Colombia (FARC)
75605,2016,7,24,0,147,11,111,620,7.78811,6.729729,1.0,0,0.0,1,0,2,14,815,147.0,0,9,1.0,0,0.0,Fulani extremists
76898,2016,10,9,0,173,10,59,1555,21.437273,40.512714,1.0,0,0.0,0,0,3,20,6,173.0,0,6,0.0,0,0.0,Houthi extremists (Ansar Allah)
74750,2016,6,4,0,95,10,32,1782,33.255924,43.839542,1.0,0,0.0,1,1,3,4,0,95.0,0,6,38.0,-9,0.0,Islamic State of Iraq and the Levant (ISIL)
53226,2012,9,9,0,95,10,37,255,36.354145,43.14357,1.0,0,1.0,1,0,3,3,85,95.0,0,6,0.0,0,0.0,Al-Qaida in Iraq
65265,2015,1,20,0,92,6,128,2152,19.984386,80.719147,1.0,0,0.0,1,0,3,3,2870,92.0,0,6,0.0,0,0.0,Maoists
74995,2016,6,18,0,95,10,32,259,33.349159,43.784199,1.0,0,0.0,1,0,3,4,48,95.0,0,6,1.0,0,0.0,Islamic State of Iraq and the Levant (ISIL)
47751,2010,3,18,0,92,6,133,880,18.302432,80.551997,1.0,0,0.0,1,0,2,14,1398,92.0,0,5,1.0,-9,0.0,Communist Party of India - Maoist (CPI-Maoist)
30833,1992,7,25,0,45,3,360,2512,7.894195,-72.503885,1.0,0,0.0,1,0,3,6,3178,45.0,0,6,0.0,1,0.0,National Liberation Army of Colombia (ELN)
51254,2012,3,4,0,228,10,53,315,15.325443,44.211895,1.0,0,0.0,1,0,3,4,731,228.0,0,6,0.0,1,0.0,Al-Qaida in the Arabian Peninsula (AQAP)
18032,1987,9,11,0,159,3,277,2111,-11.967368,-76.978462,1.0,0,1.0,1,0,3,1,4755,159.0,0,6,0.0,1,0.0,Tupac Amaru Revolutionary Movement (MRTA)
65711,2015,2,9,0,214,9,146,1083,48.346134,38.424828,1.0,0,0.0,1,0,3,14,205,214.0,0,6,0.0,-9,0.0,Donetsk People's Republic
57874,2013,12,29,0,182,11,70,408,-0.357847,42.54665,1.0,0,0.0,1,0,3,4,891,422.0,0,6,2.0,1,0.0,Al-Shabaab
78944,2017,2,13,0,113,10,296,2355,32.831712,21.687634,1.0,0,0.0,0,0,1,4,3028,113.0,0,5,0.0,0,0.0,Muslim extremists
28015,1991,8,1,0,155,10,456,3033,32.222271,35.253506,1.0,0,0.0,0,0,3,2,3784,97.0,0,6,0.0,1,0.0,Palestinians
36120,1997,2,6,0,185,8,86,582,43.311307,-1.900896,1.0,0,0.0,1,0,7,2,1095,185.0,0,8,0.0,1,0.0,Basque Fatherland and Freedom (ETA)
82479,2017,9,25,0,209,10,231,1852,39.547222,44.083333,3.0,0,0.0,1,0,2,19,2377,4.0,0,5,3.0,1,0.0,Kurdistan Workers' Party (PKK)
23232,1989,10,1,0,97,10,456,3039,32.283429,35.384778,1.0,0,0.0,1,0,1,14,3636,155.0,0,9,1.0,0,0.0,Palestinians
31241,1992,9,13,0,209,10,239,1918,37.874722,41.915278,1.0,0,0.0,1,0,2,4,172,209.0,0,5,2.0,1,0.0,Kurdistan Workers' Party (PKK)
51246,2012,3,4,0,228,10,52,329,13.129726,45.385571,1.0,0,1.0,1,1,3,4,93,228.0,0,6,22.0,0,0.0,Al-Qaida in the Arabian Peninsula (AQAP)
10744,1983,8,28,0,88,2,454,2953,13.729643,-87.569391,1.0,0,0.0,1,0,2,4,1762,145.0,0,5,16.0,1,0.0,Nicaraguan Democratic Force (FDN)
65357,2015,1,25,0,147,11,108,619,11.840929,13.141459,1.0,0,1.0,1,0,2,14,1213,147.0,0,6,33.0,-9,0.0,Boko Haram
57540,2013,11,26,0,228,10,53,315,15.325443,44.211895,1.0,0,0.0,1,0,2,1,661,35.0,0,5,1.0,0,0.0,Al-Qaida in the Arabian Peninsula (AQAP)
32887,1994,4,23,0,155,10,456,3033,32.222271,35.253506,1.0,0,0.0,1,0,2,3,175,97.0,0,5,0.0,1,0.0,Palestinians
5495,1979,8,25,0,110,10,457,3034,33.888523,35.503513,1.0,0,0.0,1,0,3,6,3766,75.0,0,6,0.0,1,0.0,Palestinians
40223,2002,7,20,0,160,5,1,26,5.9735,120.9698,1.0,0,0.0,1,0,2,2,33,160.0,0,5,1.0,0,0.0,Abu Sayyaf Group (ASG)
42983,2006,5,2,0,186,6,218,1978,8.577826,81.218719,1.0,0,0.0,1,0,3,4,2538,186.0,0,6,5.0,0,0.0,Liberation Tigers of Tamil Eelam (LTTE)
17210,1987,5,4,0,183,11,26,163,-22.351154,30.039773,1.0,1,0.0,1,0,3,4,402,183.0,0,6,1.0,1,0.0,African National Congress (South Africa)
21044,1988,12,25,1,92,6,339,3412,31.633078,74.878288,1.0,1,0.0,1,0,6,19,4324,92.0,0,5,7.0,0,1.0,Sikh Extremists
68452,2015,6,23,0,214,9,146,1080,48.092945,37.609921,1.0,0,0.0,1,0,3,14,27,214.0,0,6,0.0,-9,0.0,Donetsk People's Republic
51249,2012,3,4,0,153,6,353,3747,31.834328,70.90905,1.0,0,0.0,1,1,3,3,4498,153.0,0,6,1.0,1,0.0,Tehrik-i-Taliban Pakistan (TTP)
13764,1985,5,10,0,69,8,136,24,41.919593,8.737687,4.0,0,1.0,1,0,3,1,1556,69.0,0,6,0.0,1,0.0,Corsican National Liberation Front (FLNC)
28529,1991,9,26,0,61,2,151,1234,14.169631,-89.102686,1.0,0,0.0,1,0,2,4,559,61.0,0,5,0.0,1,0.0,Farabundo Marti National Liberation Front (FMLN)
12150,1984,5,3,0,61,2,157,1161,13.83553,-88.985462,1.0,0,0.0,1,0,2,4,1788,61.0,0,5,1.0,1,0.0,Farabundo Marti National Liberation Front (FMLN)
79356,2017,3,12,0,160,5,416,2694,17.568938,120.9834,1.0,0,1.0,1,0,5,3,175,160.0,0,5,0.0,1,1.0,New People's Army (NPA)
11287,1983,12,20,0,145,2,437,2944,13.853697,-85.593154,3.0,1,0.0,1,0,2,1,3577,145.0,0,5,47.0,1,0.0,Nicaraguan Democratic Force (FDN)
12587,1984,8,7,0,43,3,271,2099,-33.366238,-70.505302,1.0,0,1.0,1,0,3,21,1761,43.0,0,6,0.0,1,0.0,Manuel Rodriguez Patriotic Front (FPMR)
75192,2016,6,27,0,147,11,167,1354,7.350826,8.836276,2.0,0,1.0,1,0,2,14,27,147.0,0,5,1.0,0,0.0,Fulani extremists
7708,1981,5,31,0,603,8,190,1609,54.607712,-5.95621,1.0,0,0.0,1,0,2,3,2099,233.0,0,5,1.0,0,0.0,Irish Republican Army (IRA)
80363,2017,5,17,0,160,5,425,2768,14.15551,121.566027,3.0,0,0.0,1,0,2,3,85,160.0,0,5,0.0,0,0.0,New People's Army (NPA)
65106,2015,1,14,0,214,9,146,1076,47.981647,37.762325,1.0,0,0.0,1,0,2,14,27,214.0,0,8,0.0,-9,0.0,Donetsk People's Republic
51751,2012,4,21,0,92,6,127,2141,24.165471,86.223142,1.0,0,0.0,1,0,5,1,1464,92.0,0,5,0.0,1,1.0,Maoists
28143,1991,8,14,0,185,8,86,518,43.291618,-1.977903,1.0,0,0.0,0,0,3,1,1102,185.0,0,6,1.0,1,0.0,Basque Fatherland and Freedom (ETA)
64815,2015,1,1,0,214,9,146,1131,48.25189,38.41282,1.0,0,0.0,1,0,3,4,48,214.0,0,6,0.0,-9,0.0,Donetsk People's Republic
23723,1989,11,17,0,185,8,89,520,40.465595,-3.696263,1.0,0,0.0,1,0,1,4,999,185.0,0,5,1.0,0,0.0,Basque Fatherland and Freedom (ETA)
21963,1989,4,20,0,45,3,378,2527,4.17871,-74.42302,1.0,0,0.0,1,0,3,21,3148,45.0,0,6,0.0,1,0.0,National Liberation Army of Colombia (ELN)
18089,1987,9,18,0,92,6,495,3417,28.960965,79.515377,2.0,0,0.0,1,0,1,14,4266,92.0,0,5,4.0,0,0.0,Sikh Extremists
37147,1999,1,5,0,160,5,0,16,6.681959,121.985477,1.0,0,0.0,1,0,3,4,17,160.0,0,6,0.0,1,0.0,Abu Sayyaf Group (ASG)
74339,2016,5,10,0,75,8,240,2387,48.047381,11.963047,1.0,0,0.0,1,0,2,14,13,75.0,1,9,1.0,0,0.0,Muslim extremists
45949,2008,12,31,0,153,6,534,3722,34.006004,71.53743,1.0,1,0.0,1,0,3,21,4662,153.0,0,6,0.0,1,0.0,Tehrik-i-Taliban Pakistan (TTP)
12788,1984,9,16,0,145,2,437,2867,13.62679,-85.8254,1.0,0,0.0,1,0,2,4,1762,145.0,0,5,93.0,1,0.0,Nicaraguan Democratic Force (FDN)
77644,2016,11,19,1,147,11,122,1305,8.658925,7.259186,2.0,0,0.0,1,0,6,14,27,147.0,0,5,2.0,0,1.0,Fulani extremists
80077,2017,4,29,1,160,5,1,19,6.055578,121.039629,1.0,0,0.0,1,0,6,2,45,160.0,0,5,0.0,0,1.0,Abu Sayyaf Group (ASG)
15789,1986,6,14,0,159,3,277,2111,-11.967368,-76.978462,1.0,0,1.0,1,0,3,14,4792,159.0,0,6,0.0,1,0.0,Tupac Amaru Revolutionary Movement (MRTA)
62700,2014,9,10,0,160,5,401,2720,13.762966,122.963632,1.0,0,0.0,1,0,2,4,3404,160.0,0,5,1.0,1,0.0,New People's Army (NPA)
46745,2009,6,26,0,4,6,320,3576,33.335258,69.928467,1.0,1,0.0,1,0,3,14,4471,4.0,0,6,1.0,1,0.0,Taliban
51691,2012,4,19,0,95,10,38,251,35.45211,44.375465,1.0,0,1.0,1,0,3,1,578,95.0,0,6,2.0,1,0.0,Al-Qaida in Iraq
81369,2017,7,12,0,160,5,392,2773,12.040278,123.983056,1.0,0,1.0,1,0,3,1,3448,160.0,0,6,0.0,1,0.0,New People's Army (NPA)
15347,1986,3,26,0,43,3,271,2099,-33.366238,-70.505302,1.0,0,1.0,1,0,3,1,2701,43.0,0,6,0.0,1,0.0,Manuel Rodriguez Patriotic Front (FPMR)
12963,1984,10,23,0,145,2,439,2914,13.458317,-86.398527,2.0,1,0.0,1,0,2,4,1762,145.0,0,5,1.0,1,0.0,Nicaraguan Democratic Force (FDN)
36692,1997,12,4,0,159,3,277,2111,-11.967368,-76.978462,1.0,0,1.0,1,0,3,1,560,159.0,0,6,0.0,1,0.0,Shining Path (SL)
80324,2017,5,16,0,92,6,127,790,23.951419,86.1946,3.0,0,0.0,1,0,2,14,2906,92.0,0,9,1.0,0,0.0,Maoists
73163,2016,3,3,0,95,10,209,1756,35.823377,43.372935,3.0,0,0.0,1,0,3,4,524,95.0,0,6,4.0,-9,0.0,Islamic State of Iraq and the Levant (ISIL)
9769,1983,2,5,0,185,8,86,512,43.258434,-2.921819,1.0,0,0.0,1,0,3,1,1038,185.0,0,6,3.0,1,0.0,Basque Fatherland and Freedom (ETA)
33046,1994,5,18,0,155,10,327,1474,31.502407,34.459743,1.0,0,0.0,0,0,1,14,3764,97.0,0,5,0.0,0,0.0,Palestinians
62150,2014,8,10,0,214,9,146,1076,47.981647,37.762325,1.0,0,0.0,1,0,3,1,283,214.0,0,6,0.0,1,0.0,Donetsk People's Republic
10165,1983,5,8,0,110,10,457,3034,33.888523,35.503513,1.0,1,0.0,1,0,3,4,3732,97.0,0,6,0.0,1,0.0,Palestinians
19490,1988,5,3,1,45,3,363,2491,6.242026,-75.564766,1.0,0,0.0,1,0,6,7,3162,45.0,0,5,0.0,0,1.0,National Liberation Army of Colombia (ELN)
21253,1989,1,27,0,61,2,159,1196,13.558889,-88.43,1.0,0,0.0,1,0,1,2,1827,61.0,0,5,1.0,0,0.0,Farabundo Marti National Liberation Front (FMLN)
71688,2015,12,13,0,160,5,393,2637,10.786173,122.206377,1.0,0,1.0,1,0,7,1,1464,160.0,0,8,0.0,1,0.0,New People's Army (NPA)
83212,2017,11,23,0,209,10,225,1905,37.305543,42.498322,3.0,0,0.0,1,0,2,4,559,209.0,0,6,0.0,1,0.0,Kurdistan Workers' Party (PKK)
50345,2011,11,9,0,147,11,108,651,11.829979,12.630177,1.0,0,1.0,1,0,3,3,1262,147.0,0,6,0.0,1,0.0,Boko Haram
49526,2011,4,16,0,92,6,128,921,18.9,81.35,3.0,0,0.0,1,0,7,1,1461,92.0,0,8,0.0,1,0.0,Communist Party of India - Maoist (CPI-Maoist)
63979,2014,11,13,0,159,3,477,3279,-12.950153,-74.020741,3.0,0,0.0,0,0,2,4,12,159.0,0,5,0.0,0,0.0,Shining Path (SL)
77646,2016,11,19,0,95,10,37,255,36.354145,43.14357,1.0,0,0.0,1,1,3,4,48,95.0,0,6,2.0,-9,0.0,Islamic State of Iraq and the Levant (ISIL)
30845,1992,7,28,0,97,10,458,3037,31.771599,35.2034,1.0,0,0.0,1,0,3,14,3742,97.0,0,6,0.0,1,0.0,Palestinians
44504,2008,2,3,0,186,6,261,2041,7.256096,80.169284,1.0,0,0.0,1,1,3,19,2561,186.0,0,6,8.0,1,0.0,Liberation Tigers of Tamil Eelam (LTTE)
53714,2012,10,31,0,92,6,126,2196,25.156571,84.421409,1.0,1,0.0,0,0,3,3,85,92.0,0,6,0.0,0,0.0,Maoists
25565,1990,8,4,0,186,6,218,1986,9.106313,79.73087,1.0,1,0.0,1,0,2,4,2493,186.0,0,5,0.0,1,0.0,Liberation Tigers of Tamil Eelam (LTTE)
58006,2014,1,8,0,160,5,413,2714,16.771234,121.098672,1.0,0,0.0,1,0,1,2,3399,160.0,0,5,1.0,0,0.0,New People's Army (NPA)
4434,1978,11,5,0,185,8,86,512,43.258434,-2.921819,1.0,0,0.0,1,0,3,1,1070,185.0,0,6,0.0,1,0.0,Basque Fatherland and Freedom (ETA)
25568,1990,8,5,0,92,6,493,3460,29.969512,76.878282,1.0,0,0.0,1,0,3,1,4323,92.0,0,6,3.0,1,0.0,Sikh Extremists
66558,2015,3,25,0,214,9,146,1077,47.098835,37.81987,1.0,0,0.0,1,0,2,14,205,214.0,0,6,1.0,0,0.0,Donetsk People's Republic
36350,1997,7,1,0,45,3,379,2579,4.53581,-76.10659,3.0,0,1.0,1,0,3,1,3268,45.0,0,6,2.0,1,0.0,National Liberation Army of Colombia (ELN)
16570,1987,1,2,0,185,8,89,564,40.728933,-4.0151,1.0,0,1.0,1,0,3,1,512,185.0,0,6,0.0,1,0.0,Basque Fatherland and Freedom (ETA)
18036,1987,9,12,0,43,3,271,2099,-33.366238,-70.505302,1.0,0,0.0,1,0,3,3,414,43.0,0,6,1.0,1,0.0,Manuel Rodriguez Patriotic Front (FPMR)
5564,1979,9,14,0,97,10,460,3084,32.08297,34.811886,1.0,0,0.0,1,0,3,3,3747,97.0,0,6,1.0,1,0.0,Palestinians
30241,1992,5,5,0,45,3,363,2491,6.242026,-75.564766,1.0,0,1.0,1,0,3,1,1088,45.0,0,6,1.0,1,0.0,National Liberation Army of Colombia (ELN)
68294,2015,6,15,0,160,5,397,2718,9.216819,125.966701,1.0,0,0.0,0,0,3,20,6,160.0,0,6,0.0,0,0.0,New People's Army (NPA)
41737,2005,1,1,0,141,6,218,2163,27.021345,87.470224,1.0,0,0.0,1,0,3,4,2878,141.0,0,6,12.0,0,0.0,Maoists
14057,1985,6,13,0,45,3,369,2549,6.46052,-71.72989,3.0,0,0.0,1,0,1,3,3235,45.0,0,5,1.0,0,0.0,National Liberation Army of Colombia (ELN)
48889,2010,11,8,0,92,6,126,905,24.749905,84.370896,1.0,0,1.0,1,0,3,16,1460,92.0,0,6,0.0,1,0.0,Communist Party of India - Maoist (CPI-Maoist)
32696,1994,3,22,0,155,10,456,3033,32.222271,35.253506,1.0,0,0.0,1,0,8,4,1788,97.0,0,9,1.0,1,0.0,Palestinians
17328,1987,6,1,0,145,2,446,2917,12.879978,-85.412025,3.0,1,0.0,1,0,2,2,3563,145.0,0,5,0.0,1,0.0,Nicaraguan Democratic Force (FDN)
11624,1984,2,19,0,61,2,159,1193,13.616667,-88.4,1.0,0,0.0,1,0,2,4,1788,61.0,0,5,2.0,1,0.0,Farabundo Marti National Liberation Front (FMLN)
1555,1973,12,20,0,603,8,190,1609,54.607712,-5.95621,1.0,0,0.0,1,0,1,14,2195,233.0,0,5,1.0,0,0.0,Irish Republican Army (IRA)
31301,1992,9,19,0,209,10,232,1845,37.885793,41.130124,1.0,0,0.0,1,0,2,1,2384,209.0,0,5,0.0,1,0.0,Kurdistan Workers' Party (PKK)
64709,2014,12,27,0,182,11,69,406,4.120602,43.890526,1.0,1,0.0,1,0,2,19,809,182.0,0,5,5.0,1,0.0,Al-Shabaab
44270,2007,11,6,0,95,10,34,297,33.737099,44.490696,1.0,1,0.0,1,1,3,4,567,95.0,0,6,1.0,0,0.0,Al-Qaida in Iraq
21833,1989,4,5,0,61,2,150,1156,13.69288,-89.199161,1.0,0,1.0,1,0,3,1,1792,61.0,0,6,0.0,1,0.0,Farabundo Marti National Liberation Front (FMLN)
80576,2017,5,29,0,95,10,37,255,36.354145,43.14357,1.0,0,1.0,1,0,3,4,48,95.0,0,6,2.0,1,0.0,Islamic State of Iraq and the Levant (ISIL)
40472,2002,12,3,0,185,8,91,525,43.46096,-3.807934,1.0,0,0.0,1,0,3,14,1110,185.0,0,6,0.0,-9,0.0,Basque Fatherland and Freedom (ETA)
70494,2015,10,7,0,182,11,68,405,2.059819,45.326115,1.0,0,0.0,1,0,2,2,827,182.0,0,5,2.0,1,0.0,Al-Shabaab
54616,2013,2,16,0,160,5,394,2728,7.448212,125.809424,2.0,0,0.0,1,0,3,4,3414,160.0,0,6,0.0,1,0.0,New People's Army (NPA)
81189,2017,6,30,0,228,10,60,353,13.586484,44.024105,1.0,0,0.0,1,0,2,14,815,228.0,0,5,1.0,0,0.0,Houthi extremists (Ansar Allah)
10498,1983,7,7,0,183,11,19,166,-26.160098,27.872807,1.0,0,0.0,1,0,3,3,409,183.0,0,6,0.0,1,0.0,African National Congress (South Africa)
12553,1984,7,29,0,159,3,484,3325,-12.787148,-74.973207,1.0,0,0.0,1,0,3,14,3746,159.0,0,6,0.0,1,0.0,Shining Path (SL)
15715,1986,6,7,0,222,3,376,2516,7.14266,-71.971627,2.0,0,0.0,1,0,3,4,3189,222.0,0,5,3.0,1,0.0,National Liberation Army of Colombia (ELN)
37885,2000,2,15,1,160,5,1,54,5.977475,121.115015,1.0,1,0.0,1,0,6,12,94,160.0,0,5,0.0,0,1.0,Abu Sayyaf Group (ASG)
12952,1984,10,22,0,145,2,436,2895,13.16888,-85.97565,1.0,0,0.0,1,0,2,1,3546,145.0,0,5,12.0,1,0.0,Nicaraguan Democratic Force (FDN)
41487,2004,7,8,0,186,6,218,1983,7.716666,81.700188,3.0,0,0.0,1,0,3,15,2518,186.0,0,6,0.0,-9,0.0,Liberation Tigers of Tamil Eelam (LTTE)
50245,2011,11,2,0,45,3,368,3147,2.998638,-75.30562,1.0,1,0.0,1,0,3,4,3880,45.0,0,6,1.0,1,0.0,Revolutionary Armed Forces of Colombia (FARC)
61720,2014,7,21,0,153,6,334,2421,30.098261,66.944481,1.0,0,0.0,1,0,8,14,3081,153.0,0,2,0.0,0,0.0,Muslim extremists
28319,1991,9,4,0,603,8,190,1609,54.607712,-5.95621,1.0,0,1.0,1,0,7,1,2126,233.0,0,8,0.0,1,0.0,Irish Republican Army (IRA)
14733,1985,11,6,0,159,3,277,2111,-11.967368,-76.978462,1.0,0,0.0,1,0,2,4,1787,159.0,0,5,0.0,1,0.0,Tupac Amaru Revolutionary Movement (MRTA)
19977,1988,7,18,0,61,2,150,1156,13.69288,-89.199161,1.0,0,1.0,1,0,3,21,1813,61.0,0,6,0.0,1,0.0,Farabundo Marti National Liberation Front (FMLN)
77077,2016,10,19,0,173,10,184,1539,16.451439,42.904686,1.0,0,0.0,1,0,3,4,0,173.0,0,6,0.0,-9,0.0,Houthi extremists (Ansar Allah)
65241,2015,1,19,0,214,9,146,1081,48.064426,37.673248,1.0,0,1.0,1,0,3,4,48,214.0,0,6,1.0,-9,0.0,Donetsk People's Republic
50603,2011,12,7,0,92,6,127,931,22.486676,86.499655,3.0,0,0.0,1,0,8,14,1456,92.0,0,9,0.0,1,0.0,Communist Party of India - Maoist (CPI-Maoist)
13567,1985,3,31,0,43,3,271,2099,-33.366238,-70.505302,1.0,0,0.0,1,0,2,3,2686,43.0,0,5,1.0,1,0.0,Manuel Rodriguez Patriotic Front (FPMR)
12492,1984,7,16,0,145,2,438,2875,13.360614,-86.398154,1.0,0,0.0,1,0,7,8,3573,145.0,0,5,1.0,1,0.0,Nicaraguan Democratic Force (FDN)
19954,1988,7,16,0,159,3,277,2111,-11.967368,-76.978462,1.0,0,0.0,1,0,3,2,4832,159.0,0,6,0.0,1,0.0,Tupac Amaru Revolutionary Movement (MRTA)
55753,2013,6,16,0,95,10,37,255,36.354145,43.14357,1.0,0,1.0,1,0,3,1,512,95.0,0,6,1.0,0,0.0,Islamic State of Iraq and the Levant (ISIL)
60115,2014,5,8,0,147,11,108,625,12.359468,14.210929,1.0,0,0.0,1,0,3,19,233,147.0,0,6,30.0,1,0.0,Boko Haram
30876,1992,7,31,0,155,10,327,1474,31.502407,34.459743,1.0,0,0.0,1,0,3,4,3004,97.0,0,6,0.0,1,0.0,Palestinians
77248,2016,10,27,0,173,10,59,1525,21.416667,39.816667,1.0,1,0.0,0,0,3,14,1213,173.0,0,6,0.0,0,0.0,Houthi extremists (Ansar Allah)
38482,2000,10,6,1,45,3,363,2557,6.270526,-75.572173,3.0,0,0.0,1,0,6,10,3242,45.0,0,6,0.0,1,1.0,National Liberation Army of Colombia (ELN)
15905,1986,7,5,1,61,2,153,1219,13.515493,-88.902328,1.0,0,0.0,1,0,2,4,1762,61.0,0,5,1.0,1,0.0,Farabundo Marti National Liberation Front (FMLN)
66199,2015,3,7,0,147,11,108,641,11.808727,12.495786,1.0,0,0.0,1,1,3,4,20,147.0,0,6,1.0,0,0.0,Boko Haram
53227,2012,9,9,0,95,10,37,301,36.352145,43.379663,1.0,0,1.0,0,0,1,4,572,95.0,0,6,0.0,0,0.0,Al-Qaida in Iraq
68125,2015,6,7,0,160,5,393,2777,11.14579,122.514644,1.0,0,0.0,0,0,2,4,3451,160.0,0,5,0.0,0,0.0,New People's Army (NPA)
69904,2015,9,4,0,228,10,51,1576,15.566652,45.787139,1.0,0,0.0,1,0,3,4,167,422.0,0,6,50.0,1,0.0,Houthi extremists (Ansar Allah)
59707,2014,4,18,0,92,6,127,2235,23.806834,85.824463,1.0,1,0.0,1,0,3,3,852,92.0,0,6,0.0,1,0.0,Maoists
60630,2014,6,5,0,214,9,146,1104,47.942608,37.505135,1.0,0,0.0,1,0,2,4,1734,214.0,0,5,15.0,0,0.0,Donetsk People's Republic
67291,2015,5,1,0,4,6,320,3576,33.335258,69.928467,1.0,0,1.0,1,0,3,3,559,4.0,0,6,0.0,-9,0.0,Taliban
36368,1997,7,4,0,45,3,363,3146,7.883605,-76.631923,1.0,1,1.0,1,0,2,19,56,45.0,0,8,0.0,1,0.0,Revolutionary Armed Forces of Colombia (FARC)
15751,1986,6,10,0,45,3,382,2575,4.71365,-75.09733,1.0,0,0.0,1,0,3,21,3264,45.0,0,6,0.0,1,0.0,National Liberation Army of Colombia (ELN)
18171,1987,9,29,0,43,3,271,2099,-33.366238,-70.505302,1.0,0,0.0,1,0,2,10,1907,43.0,0,5,0.0,1,0.0,Manuel Rodriguez Patriotic Front (FPMR)
57616,2013,12,4,0,200,10,210,24,35.833402,36.696653,4.0,0,0.0,1,0,6,10,2304,95.0,0,5,1.0,0,1.0,Islamic State of Iraq and the Levant (ISIL)
79653,2017,4,1,0,95,10,37,255,36.354145,43.14357,1.0,0,0.0,1,0,6,14,13,95.0,0,5,16.0,0,1.0,Islamic State of Iraq and the Levant (ISIL)
59138,2014,3,20,0,104,11,81,440,-4.041179,39.677612,1.0,0,0.0,0,0,3,3,524,104.0,0,6,0.0,0,0.0,Al-Shabaab
53182,2012,9,7,0,160,5,0,24,6.524553,122.011764,4.0,0,0.0,1,0,2,1,52,160.0,0,5,1.0,0,0.0,Abu Sayyaf Group (ASG)
12624,1984,8,12,0,183,11,19,137,-26.184113,28.033232,1.0,0,0.0,1,0,3,2,265,183.0,0,6,0.0,1,0.0,African National Congress (South Africa)
9235,1982,10,8,0,61,2,152,1170,13.491242,-88.173134,1.0,0,0.0,1,0,3,16,1810,61.0,0,6,1.0,1,0.0,Farabundo Marti National Liberation Front (FMLN)
67074,2015,4,23,0,123,11,295,2353,15.168486,-4.431083,1.0,0,0.0,1,0,1,2,3025,123.0,0,5,1.0,0,0.0,Muslim extremists
44475,2007,1,14,0,186,6,262,1985,8.757816,80.487907,1.0,1,0.0,1,0,3,4,6,186.0,0,6,3.0,1,0.0,Liberation Tigers of Tamil Eelam (LTTE)
56074,2013,7,17,0,182,11,68,405,2.059819,45.326115,1.0,0,1.0,1,0,3,4,577,182.0,0,6,1.0,-9,0.0,Al-Shabaab
16993,1987,4,9,0,159,3,277,2111,-11.967368,-76.978462,1.0,0,1.0,0,0,3,14,1065,159.0,0,6,0.0,1,0.0,Shining Path (SL)
3876,1978,2,18,0,69,8,143,1024,42.699997,9.447317,1.0,0,0.0,1,0,3,10,1619,69.0,0,6,0.0,1,0.0,Corsican National Liberation Front (FLNC)
63977,2014,11,13,0,4,6,511,3547,31.979603,67.05043,1.0,0,0.0,0,0,1,14,4452,4.0,0,5,0.0,0,0.0,Taliban
66629,2015,3,30,0,228,10,48,310,12.825647,44.846416,1.0,0,1.0,1,0,3,14,853,228.0,0,6,3.0,1,0.0,Houthi extremists (Ansar Allah)
29375,1992,1,1,0,603,8,190,24,54.787715,-6.492314,4.0,0,1.0,1,0,7,1,321,233.0,0,8,0.0,1,0.0,Irish Republican Army (IRA)
74328,2016,5,9,0,92,6,128,836,18.811097,80.803694,3.0,0,0.0,0,0,3,4,48,92.0,0,6,0.0,0,0.0,Maoists
53212,2012,9,9,0,95,10,36,258,33.540672,44.251266,1.0,0,1.0,1,0,3,14,13,95.0,0,6,0.0,0,0.0,Al-Qaida in Iraq
49144,2011,1,9,0,45,3,469,1170,0.342871,-76.909656,1.0,0,0.0,0,0,3,21,3953,45.0,0,6,0.0,0,0.0,Revolutionary Armed Forces of Colombia (FARC)
6407,1980,3,27,0,97,10,464,3085,32.792264,34.999234,2.0,0,0.0,1,0,3,19,3748,97.0,0,5,0.0,1,0.0,Palestinians
70244,2015,9,21,0,92,6,128,948,19.724344,81.24232,3.0,0,0.0,0,0,3,4,48,92.0,0,6,0.0,0,0.0,Communist Party of India - Maoist (CPI-Maoist)
26355,1990,12,15,0,185,8,86,512,43.258434,-2.921819,1.0,0,0.0,1,0,3,3,1106,185.0,0,6,0.0,1,0.0,Basque Fatherland and Freedom (ETA)
56966,2013,9,30,0,95,10,33,248,33.303566,44.371773,1.0,0,1.0,1,0,3,14,13,95.0,0,6,0.0,0,0.0,Islamic State of Iraq and the Levant (ISIL)
53204,2012,9,9,0,95,10,33,248,33.303566,44.371773,1.0,0,1.0,1,0,3,14,13,95.0,0,6,7.0,1,0.0,Al-Qaida in Iraq
22574,1989,7,25,0,159,3,277,2111,-11.967368,-76.978462,1.0,0,1.0,1,0,3,1,766,159.0,0,6,0.0,1,0.0,Tupac Amaru Revolutionary Movement (MRTA)
69900,2015,9,4,0,209,10,224,1810,39.106709,39.545246,1.0,0,0.0,1,0,2,3,175,209.0,0,5,3.0,0,0.0,Kurdistan Workers' Party (PKK)
64117,2014,11,21,0,92,6,128,942,19.104306,81.955213,3.0,0,1.0,1,0,2,4,2948,92.0,0,5,0.0,0,0.0,Maoists
18176,1987,9,30,0,43,3,271,2099,-33.366238,-70.505302,1.0,0,1.0,1,0,3,1,1574,43.0,0,6,0.0,1,0.0,Manuel Rodriguez Patriotic Front (FPMR)
37480,1999,7,4,0,209,10,205,1717,41.106178,28.689863,1.0,0,0.0,1,0,3,14,2367,209.0,0,6,1.0,1,0.0,Kurdistan Workers' Party (PKK)
72568,2016,1,31,0,228,10,60,1558,13.168248,43.742406,2.0,0,1.0,1,0,3,14,1288,228.0,0,6,0.0,-9,0.0,Houthi extremists (Ansar Allah)
74740,2016,6,3,0,228,10,60,353,13.586484,44.024105,1.0,0,0.0,1,0,3,14,486,228.0,0,6,17.0,1,0.0,Houthi extremists (Ansar Allah)
18855,1988,1,31,0,92,6,339,3473,31.533333,74.983333,1.0,0,0.0,1,0,1,14,4353,92.0,0,5,1.0,0,0.0,Sikh Extremists
21105,1989,1,8,0,185,8,103,585,42.465776,-2.449995,1.0,0,0.0,1,0,3,1,1108,69.0,0,6,0.0,1,0.0,Basque Fatherland and Freedom (ETA)
27183,1991,4,29,0,159,3,277,2111,-11.967368,-76.978462,1.0,0,1.0,1,0,3,1,2132,159.0,0,6,0.0,1,0.0,Tupac Amaru Revolutionary Movement (MRTA)
19437,1988,5,1,0,69,8,136,1020,42.016854,9.403982,1.0,0,1.0,1,0,3,1,1553,69.0,0,6,0.0,1,0.0,Corsican National Liberation Front (FLNC)
76810,2016,10,3,0,200,10,206,1728,36.554444,40.748056,1.0,0,0.0,1,1,3,14,2302,200.0,0,6,35.0,1,0.0,Islamic State of Iraq and the Levant (ISIL)
64838,2015,1,2,0,147,11,118,1350,9.410207,9.21093,2.0,0,0.0,1,0,2,14,27,147.0,0,5,10.0,1,0.0,Fulani extremists
12254,1984,5,21,0,183,11,23,186,-27.982989,26.719899,1.0,1,0.0,1,0,3,1,340,183.0,0,6,0.0,1,0.0,African National Congress (South Africa)
69092,2015,7,26,0,160,5,390,2683,7.125629,125.963396,1.0,1,0.0,1,0,2,4,3372,160.0,0,5,3.0,0,0.0,New People's Army (NPA)
48462,2010,8,13,0,92,6,128,853,18.701641,81.248451,1.0,1,0.0,1,0,7,1,1365,92.0,0,8,0.0,1,0.0,Communist Party of India - Maoist (CPI-Maoist)
51017,2012,2,8,0,182,11,68,405,2.059819,45.326115,1.0,0,0.0,1,1,3,2,890,182.0,0,6,16.0,1,0.0,Al-Shabaab
9103,1982,8,29,0,61,2,150,1156,13.69288,-89.199161,1.0,0,0.0,1,0,3,16,1852,61.0,0,6,0.0,1,0.0,Farabundo Marti National Liberation Front (FMLN)
5219,1979,5,31,0,69,8,137,132,48.856644,2.34233,1.0,0,0.0,1,0,3,1,1563,69.0,0,6,0.0,1,0.0,Corsican National Liberation Front (FLNC)
59933,2014,5,2,0,214,9,146,1114,48.851688,37.613808,1.0,0,0.0,1,0,3,4,1738,214.0,0,6,1.0,1,0.0,Donetsk People's Republic
15382,1986,3,26,0,43,3,272,2103,-36.816006,-73.037659,1.0,0,1.0,1,0,3,1,2696,43.0,0,6,0.0,1,0.0,Manuel Rodriguez Patriotic Front (FPMR)
57285,2013,10,31,0,147,11,108,679,11.526846,13.69271,1.0,0,0.0,1,0,2,1,613,147.0,0,5,27.0,1,0.0,Boko Haram
64350,2014,12,5,0,228,10,53,315,15.325443,44.211895,1.0,0,0.0,0,0,2,4,663,228.0,0,5,0.0,0,0.0,Houthi extremists (Ansar Allah)
50680,2011,12,22,0,95,10,33,248,33.303566,44.371773,1.0,0,0.0,1,0,3,14,13,95.0,0,6,3.0,1,0.0,Al-Qaida in Iraq
14534,1985,9,22,0,61,2,152,1170,13.491242,-88.173134,1.0,0,0.0,1,0,2,1,1816,61.0,0,5,0.0,1,0.0,Farabundo Marti National Liberation Front (FMLN)
24574,1990,3,28,0,159,3,277,3354,-11.122722,-77.610568,1.0,0,1.0,1,0,3,16,4177,159.0,0,6,0.0,1,0.0,Shining Path (SL)
13552,1985,3,28,0,159,3,277,2111,-11.967368,-76.978462,1.0,0,1.0,1,0,3,9,4818,159.0,0,6,1.0,1,0.0,Tupac Amaru Revolutionary Movement (MRTA)
51150,2012,2,23,0,95,10,34,250,33.74324,44.623825,1.0,0,1.0,1,1,3,3,175,95.0,0,6,2.0,-9,0.0,Al-Qaida in Iraq
61385,2014,7,8,0,182,11,68,405,2.059819,45.326115,1.0,0,0.0,1,0,2,2,908,182.0,0,5,2.0,0,0.0,Al-Shabaab
78713,2017,1,30,0,160,5,411,2699,9.452928,125.574473,2.0,0,1.0,1,0,2,4,48,160.0,0,5,0.0,1,0.0,New People's Army (NPA)
63283,2014,10,8,0,228,10,55,322,13.985013,45.558479,1.0,0,1.0,1,0,2,2,711,228.0,0,6,6.0,1,0.0,Al-Qaida in the Arabian Peninsula (AQAP)
15902,1986,7,5,1,61,2,157,1237,13.682638,-88.926466,1.0,0,0.0,1,0,2,4,1772,61.0,0,5,1.0,1,0.0,Farabundo Marti National Liberation Front (FMLN)
16652,1987,1,19,0,45,3,360,2542,8.63781,-72.73464,1.0,0,0.0,1,0,3,21,3225,45.0,0,6,0.0,1,0.0,National Liberation Army of Colombia (ELN)
62083,2014,8,6,0,228,10,50,328,15.966742,48.783333,1.0,0,0.0,1,0,2,4,681,228.0,0,5,20.0,1,0.0,Al-Qaida in the Arabian Peninsula (AQAP)
62480,2014,8,27,0,45,3,382,3198,3.913644,-75.477196,2.0,0,0.0,0,0,2,4,3942,45.0,0,5,0.0,0,0.0,Revolutionary Armed Forces of Colombia (FARC)
51265,2012,3,5,0,228,10,55,322,13.985013,45.558479,1.0,0,0.0,1,0,2,4,716,228.0,0,5,1.0,0,0.0,Al-Qaida in the Arabian Peninsula (AQAP)
55303,2013,4,30,0,4,6,513,3538,31.766705,64.618607,3.0,0,0.0,1,0,3,4,4448,422.0,0,6,12.0,0,0.0,Taliban
61663,2014,7,18,0,147,11,112,1338,9.688993,8.165353,2.0,0,0.0,1,0,2,14,27,147.0,0,5,5.0,0,0.0,Fulani extremists
49046,2010,12,16,0,45,3,368,3222,3.221544,-75.237268,1.0,0,0.0,0,0,3,3,3973,45.0,0,6,0.0,0,0.0,Revolutionary Armed Forces of Colombia (FARC)
11136,1983,11,15,0,61,2,158,1248,13.697393,-88.007249,1.0,0,0.0,1,0,2,4,1772,61.0,0,5,22.0,1,1.0,Farabundo Marti National Liberation Front (FMLN)
45691,2008,9,15,1,160,5,0,24,6.704221,121.973842,4.0,0,0.0,1,0,6,12,87,160.0,0,5,0.0,-9,1.0,Abu Sayyaf Group (ASG)
69462,2015,8,13,0,228,10,63,1579,14.795998,44.291952,1.0,0,0.0,1,0,2,14,815,228.0,0,5,1.0,0,0.0,Houthi extremists (Ansar Allah)
37718,1999,11,11,0,69,8,136,1033,42.681855,9.303746,1.0,0,1.0,1,0,5,14,1573,69.0,0,9,0.0,0,1.0,Corsican National Liberation Front (FLNC)
51508,2012,4,1,0,147,11,108,619,11.840929,13.141459,1.0,0,0.0,1,0,1,2,1234,147.0,0,5,1.0,-9,0.0,Boko Haram
52166,2012,6,4,0,153,6,427,3728,34.565494,71.477429,3.0,0,0.0,1,0,2,4,4580,153.0,0,5,21.0,0,0.0,Tehrik-i-Taliban Pakistan (TTP)
10192,1983,5,15,0,145,2,447,2870,14.60296,-84.03756,1.0,0,0.0,1,0,2,4,1762,145.0,0,5,1.0,1,0.0,Nicaraguan Democratic Force (FDN)
3332,1977,6,22,0,603,8,190,1609,54.607712,-5.95621,1.0,0,0.0,1,0,1,14,2117,233.0,0,5,1.0,0,0.0,Irish Republican Army (IRA)
17312,1987,5,26,0,145,2,436,2979,13.2457,-85.96667,1.0,0,0.0,1,0,2,1,3536,145.0,0,5,10.0,1,0.0,Nicaraguan Democratic Force (FDN)
3681,1977,12,10,0,185,8,94,534,42.815372,-1.653616,1.0,0,0.0,1,0,1,3,1025,185.0,0,5,3.0,0,0.0,Basque Fatherland and Freedom (ETA)
47192,2009,10,12,0,92,6,129,858,23.390396,88.702469,1.0,0,0.0,1,0,2,2,1371,92.0,0,5,1.0,0,0.0,Communist Party of India - Maoist (CPI-Maoist)
75489,2016,7,18,1,121,5,13,24,4.799222,118.642842,4.0,0,0.0,1,0,6,11,114,121.0,0,5,0.0,0,1.0,Abu Sayyaf Group (ASG)
14626,1985,10,9,0,61,2,152,1170,13.491242,-88.173134,1.0,0,1.0,1,0,2,4,116,61.0,0,5,10.0,1,0.0,Farabundo Marti National Liberation Front (FMLN)
48955,2010,11,23,0,92,6,134,903,19.20001,80.338021,2.0,0,0.0,1,0,2,14,1425,92.0,0,9,1.0,0,0.0,Communist Party of India - Maoist (CPI-Maoist)
52168,2012,6,4,0,45,3,471,3200,1.406396,-75.453903,1.0,1,0.0,1,0,2,3,162,45.0,0,6,4.0,1,0.0,Revolutionary Armed Forces of Colombia (FARC)
32372,1994,1,27,0,603,8,49,1615,51.504387,-0.140041,1.0,0,0.0,1,0,7,1,2150,216.0,0,8,0.0,1,0.0,Irish Republican Army (IRA)
16400,1986,11,9,0,145,2,447,2923,13.52628,-84.89873,1.0,0,0.0,1,0,2,4,1762,145.0,0,5,1.0,1,0.0,Nicaraguan Democratic Force (FDN)
56309,2013,8,4,0,167,9,303,2365,42.98542,47.450668,1.0,0,1.0,1,0,3,1,1248,167.0,0,6,0.0,0,0.0,Muslim extremists
16908,1987,3,19,0,185,8,86,583,43.1839,-2.265466,1.0,0,0.0,0,0,3,1,1098,69.0,0,6,0.0,0,0.0,Basque Fatherland and Freedom (ETA)
16249,1986,9,30,0,45,3,363,2525,6.43711,-75.3313,1.0,0,0.0,1,0,1,2,3868,45.0,0,5,1.0,0,0.0,Revolutionary Armed Forces of Colombia (FARC)
79029,2017,2,18,0,95,10,37,255,36.354145,43.14357,1.0,0,0.0,1,0,3,14,486,95.0,0,6,3.0,-9,0.0,Islamic State of Iraq and the Levant (ISIL)
55316,2013,5,2,0,153,6,468,3124,24.891115,67.143311,1.0,0,0.0,1,0,3,22,4658,153.0,0,6,0.0,1,0.0,Tehrik-i-Taliban Pakistan (TTP)
13193,1984,12,24,0,145,2,436,24,13.091683,-86.000314,4.0,0,0.0,1,0,3,19,3524,145.0,0,6,1.0,1,0.0,Nicaraguan Democratic Force (FDN)
53980,2012,12,5,0,182,11,79,453,10.9833,49.1667,1.0,0,1.0,1,0,3,4,48,182.0,0,6,10.0,1,0.0,Al-Shabaab
33438,1994,9,12,0,45,3,371,2521,5.17069,-72.546829,1.0,1,0.0,1,0,3,21,3196,69.0,0,6,0.0,1,0.0,National Liberation Army of Colombia (ELN)
46567,2009,5,23,1,4,6,505,3525,30.280606,62.054597,2.0,0,0.0,1,0,6,3,4440,4.0,0,5,0.0,-9,1.0,Taliban
23761,1989,11,22,0,43,3,271,2099,-33.366238,-70.505302,1.0,0,0.0,1,0,3,1,2795,14.0,0,6,0.0,1,0.0,Manuel Rodriguez Patriotic Front (FPMR)
52286,2012,6,13,0,95,10,32,247,33.31065,44.038208,1.0,1,1.0,1,0,3,3,12,95.0,0,6,1.0,0,0.0,Al-Qaida in Iraq
70611,2015,10,12,0,209,10,225,24,37.418748,42.491834,4.0,0,0.0,1,0,2,4,48,209.0,0,6,1.0,0,0.0,Kurdistan Workers' Party (PKK)
2445,1975,11,9,0,603,8,190,1609,54.607712,-5.95621,1.0,0,0.0,1,0,1,17,2050,233.0,0,5,1.0,0,0.0,Irish Republican Army (IRA)
76786,2016,10,1,1,92,6,131,2161,21.4088,83.609535,1.0,0,0.0,1,0,6,14,2876,92.0,0,9,1.0,0,1.0,Maoists
78715,2017,1,30,0,160,5,411,2682,9.420658,125.620484,2.0,0,1.0,1,0,3,4,48,160.0,0,6,0.0,1,0.0,New People's Army (NPA)
31042,1992,8,22,0,209,10,215,1829,37.755081,39.317331,1.0,0,0.0,1,0,3,8,603,209.0,0,6,1.0,1,0.0,Kurdistan Workers' Party (PKK)
70715,2015,10,17,0,95,10,32,1734,33.449772,43.29578,1.0,0,0.0,0,0,2,4,2305,95.0,0,5,1.0,0,0.0,Islamic State of Iraq and the Levant (ISIL)
80757,2017,6,8,1,182,11,79,438,9.757036,49.374049,2.0,0,0.0,1,1,6,4,577,182.0,0,6,77.0,1,1.0,Al-Shabaab
50850,2012,1,17,0,147,11,108,619,11.840929,13.141459,1.0,0,0.0,1,0,2,4,1222,147.0,0,5,4.0,0,0.0,Boko Haram
41219,2003,12,24,0,185,8,86,556,43.267549,-1.975814,1.0,0,1.0,0,0,3,19,1020,185.0,0,6,0.0,0,0.0,Basque Fatherland and Freedom (ETA)
80383,2017,5,18,0,147,11,173,1306,4.807169,7.341951,1.0,0,0.0,1,0,2,14,13,147.0,0,5,2.0,0,0.0,Fulani extremists
29649,1992,2,10,0,155,10,456,3035,31.704338,35.194355,1.0,0,0.0,1,0,2,14,3628,97.0,0,8,0.0,1,0.0,Palestinians
55044,2013,4,1,0,92,6,131,863,20.397205,82.882905,1.0,0,0.0,1,0,2,1,1376,92.0,0,6,0.0,1,0.0,Communist Party of India - Maoist (CPI-Maoist)
63397,2014,10,12,0,4,6,520,3549,34.780288,71.109676,3.0,0,0.0,1,0,2,14,4454,4.0,0,5,1.0,0,0.0,Taliban
39567,2001,10,8,0,160,5,4,15,6.929089,122.07885,1.0,0,1.0,1,0,3,18,118,160.0,0,6,0.0,1,0.0,Abu Sayyaf Group (ASG)
71586,2015,12,7,0,160,5,9,2716,6.257165,124.674124,1.0,0,0.0,1,0,3,1,3400,160.0,0,6,2.0,1,0.0,New People's Army (NPA)
24699,1990,4,10,0,97,10,458,3037,31.771599,35.2034,1.0,0,0.0,1,0,2,14,3697,97.0,0,8,0.0,1,0.0,Palestinians
33167,1994,6,18,0,185,8,86,543,43.222177,-2.885668,1.0,0,0.0,1,0,3,3,1001,185.0,0,6,0.0,1,0.0,Basque Fatherland and Freedom (ETA)
12818,1984,9,22,0,145,2,447,2912,12.800014,-85.133347,1.0,0,0.0,1,0,2,2,3559,145.0,0,5,0.0,1,0.0,Nicaraguan Democratic Force (FDN)
20426,1988,10,4,0,43,3,271,2099,-33.366238,-70.505302,1.0,0,1.0,1,0,3,21,2694,43.0,0,6,0.0,1,0.0,Manuel Rodriguez Patriotic Front (FPMR)
15062,1986,1,20,0,159,3,277,2111,-11.967368,-76.978462,1.0,0,1.0,1,0,3,1,4768,159.0,0,6,0.0,1,0.0,Tupac Amaru Revolutionary Movement (MRTA)
67059,2015,4,21,0,214,9,146,1078,48.363186,37.891922,1.0,1,0.0,1,0,2,4,48,214.0,0,6,0.0,-9,0.0,Donetsk People's Republic
19333,1988,4,15,0,183,11,19,167,-25.748281,28.212069,1.0,0,0.0,0,0,3,1,331,183.0,0,6,1.0,1,0.0,African National Congress (South Africa)
10239,1983,5,23,0,145,2,437,1167,13.841425,-86.193928,1.0,0,0.0,1,0,2,4,1762,145.0,0,5,1.0,1,0.0,Nicaraguan Democratic Force (FDN)
52097,2012,5,28,0,153,6,353,3742,32.41304,70.46611,1.0,0,1.0,1,0,2,3,4589,153.0,0,6,2.0,1,0.0,Tehrik-i-Taliban Pakistan (TTP)
59808,2014,4,24,0,214,9,146,1074,48.596962,37.998299,1.0,0,0.0,1,0,2,4,1720,214.0,0,6,0.0,-9,0.0,Donetsk People's Republic
28190,1991,8,18,0,45,3,378,3189,4.343864,-74.361955,3.0,0,0.0,1,0,2,4,562,45.0,0,5,7.0,1,0.0,Revolutionary Armed Forces of Colombia (FARC)
20264,1988,9,4,0,43,3,271,2099,-33.366238,-70.505302,1.0,0,0.0,1,0,3,2,2731,43.0,0,6,0.0,1,0.0,Manuel Rodriguez Patriotic Front (FPMR)
31066,1992,8,26,0,92,6,287,3431,28.263681,78.403733,1.0,0,0.0,1,0,1,3,4285,92.0,0,5,7.0,0,0.0,Sikh Extremists
7288,1981,1,26,0,603,8,190,1609,54.607712,-5.95621,1.0,0,0.0,1,0,3,19,2192,216.0,0,6,1.0,1,0.0,Irish Republican Army (IRA)
5660,1979,10,4,0,185,8,94,534,42.815372,-1.653616,1.0,0,0.0,1,0,3,10,976,185.0,0,6,0.0,1,0.0,Basque Fatherland and Freedom (ETA)
30955,1992,8,9,0,92,6,339,3450,30.381945,75.546798,1.0,1,1.0,1,0,1,3,4316,92.0,0,5,5.0,0,0.0,Sikh Extremists
48991,2010,12,1,0,182,11,65,464,2.798167,44.07856,1.0,0,0.0,1,0,2,17,877,182.0,0,5,3.0,-9,0.0,Al-Shabaab
14358,1985,8,10,0,183,11,20,139,-32.985771,27.866086,1.0,0,0.0,0,0,3,21,338,183.0,0,6,0.0,1,0.0,African National Congress (South Africa)
42551,2005,12,9,0,45,3,363,610,6.1429,-75.18417,1.0,0,0.0,1,0,3,4,3869,45.0,0,6,4.0,-9,0.0,Revolutionary Armed Forces of Colombia (FARC)
60547,2014,5,31,0,147,11,108,627,12.34494,14.183417,2.0,0,1.0,1,0,2,14,27,147.0,0,6,14.0,1,0.0,Boko Haram
77379,2016,11,4,0,147,11,108,635,13.674846,13.338515,1.0,0,0.0,1,0,2,4,1220,147.0,0,5,15.0,0,0.0,Boko Haram
12591,1984,8,7,0,43,3,271,2099,-33.366238,-70.505302,1.0,0,1.0,1,0,3,21,2742,43.0,0,6,0.0,1,0.0,Manuel Rodriguez Patriotic Front (FPMR)
53497,2012,10,9,0,209,10,225,1866,37.3408,41.894,1.0,0,1.0,1,0,7,8,51,209.0,0,8,0.0,1,0.0,Kurdistan Workers' Party (PKK)
29514,1992,1,22,0,603,8,190,1610,55.011562,-7.312045,1.0,0,0.0,1,0,3,1,2047,233.0,0,6,0.0,1,0.0,Irish Republican Army (IRA)
10110,1983,4,28,0,69,8,17,132,48.856644,2.34233,1.0,0,0.0,1,0,3,19,1560,69.0,0,6,0.0,1,0.0,Corsican National Liberation Front (FLNC)
20569,1988,10,23,0,186,6,218,1973,7.716666,81.700188,3.0,0,0.0,1,0,2,4,12,92.0,0,5,3.0,1,0.0,Liberation Tigers of Tamil Eelam (LTTE)
52459,2012,6,29,0,95,10,34,298,33.571807,44.536067,1.0,0,0.0,1,0,2,17,20,95.0,0,5,4.0,0,0.0,Al-Qaida in Iraq
17417,1987,6,13,0,145,2,437,2848,13.564251,-86.02984,1.0,0,1.0,1,0,3,16,3547,145.0,0,6,0.0,1,0.0,Nicaraguan Democratic Force (FDN)
79860,2017,4,14,0,182,11,66,449,2.142623,45.116717,3.0,0,0.0,1,0,3,4,872,422.0,0,6,0.0,1,0.0,Al-Shabaab
25889,1990,10,3,0,61,2,165,1226,13.981479,-89.555717,1.0,0,0.0,1,0,2,4,1836,61.0,0,5,0.0,1,0.0,Farabundo Marti National Liberation Front (FMLN)
28208,1991,8,21,0,43,3,271,2099,-33.366238,-70.505302,1.0,0,0.0,0,0,3,22,283,43.0,0,6,0.0,1,0.0,Manuel Rodriguez Patriotic Front (FPMR)
50689,2011,12,22,0,95,10,33,248,33.303566,44.371773,1.0,0,0.0,1,0,3,14,13,95.0,0,6,2.0,1,0.0,Al-Qaida in Iraq
65224,2015,1,17,0,123,11,317,2397,18.442701,1.411332,1.0,0,1.0,1,1,3,7,20,422.0,0,6,1.0,1,0.0,Muslim extremists
58772,2014,2,27,0,4,6,510,3658,36.650416,68.605489,2.0,0,0.0,1,0,2,3,20,4.0,0,5,4.0,0,0.0,Taliban
6680,1980,6,10,0,97,10,266,3080,32.089161,34.88382,1.0,0,0.0,1,0,3,14,3722,97.0,0,6,1.0,1,0.0,Palestinians
37502,1999,7,12,0,209,10,205,1717,41.106178,28.689863,1.0,0,0.0,1,0,3,19,2364,209.0,0,6,0.0,1,0.0,Kurdistan Workers' Party (PKK)
62033,2014,8,4,0,228,10,50,325,15.840202,48.45438,1.0,0,0.0,1,0,2,4,746,228.0,0,5,6.0,1,0.0,Al-Qaida in the Arabian Peninsula (AQAP)
15091,1986,1,22,0,159,3,277,2111,-11.967368,-76.978462,1.0,0,0.0,1,0,3,1,49,159.0,0,6,0.0,1,0.0,Tupac Amaru Revolutionary Movement (MRTA)
8427,1982,3,1,0,159,3,477,3278,-13.152712,-74.218628,1.0,0,0.0,1,0,3,21,4133,159.0,0,6,1.0,1,0.0,Shining Path (SL)
69410,2015,8,10,0,153,6,353,3818,34.830162,71.842781,1.0,0,0.0,1,0,1,17,4686,153.0,0,6,1.0,0,0.0,Tehrik-i-Taliban Pakistan (TTP)
42727,2006,2,6,0,141,6,266,2171,27.66897,85.319824,1.0,0,0.0,1,0,2,19,2887,141.0,0,5,1.0,0,0.0,Maoists
67198,2015,4,26,0,214,9,146,1077,47.098835,37.81987,1.0,1,0.0,1,0,2,4,48,214.0,0,6,0.0,-9,0.0,Donetsk People's Republic
27025,1991,4,4,0,603,8,49,1627,53.757729,-2.703441,1.0,0,0.0,0,0,7,19,2083,216.0,0,8,0.0,1,0.0,Irish Republican Army (IRA)
22751,1989,8,17,0,61,2,149,1155,13.802046,-87.896732,1.0,0,0.0,1,0,2,4,562,61.0,0,5,14.0,1,0.0,Farabundo Marti National Liberation Front (FMLN)
15953,1986,7,14,0,159,3,277,2111,-11.967368,-76.978462,1.0,0,1.0,1,0,3,1,766,159.0,0,6,0.0,1,0.0,Shining Path (SL)
4507,1978,12,12,0,603,8,190,1609,54.607712,-5.95621,1.0,0,0.0,0,0,1,2,2190,233.0,0,6,0.0,0,0.0,Irish Republican Army (IRA)
80725,2017,6,6,1,160,5,1,22,6.051232,120.999851,1.0,0,0.0,1,0,6,14,23,160.0,0,5,0.0,0,1.0,Abu Sayyaf Group (ASG)
20971,1988,12,15,0,183,11,19,165,-26.1072,28.058292,1.0,0,0.0,1,0,3,21,309,183.0,0,6,0.0,1,0.0,African National Congress (South Africa)
33468,1994,9,25,0,209,10,256,1920,39.930771,32.76754,1.0,0,0.0,1,0,7,1,766,209.0,0,8,0.0,1,0.0,Kurdistan Workers' Party (PKK)
42970,2006,4,27,0,69,8,136,1024,42.699997,9.447317,1.0,0,0.0,1,0,3,4,1604,69.0,0,6,0.0,1,0.0,Corsican National Liberation Front (FLNC)
58183,2014,1,20,0,153,6,353,3747,31.816667,70.916667,1.0,0,1.0,1,0,3,3,4616,153.0,0,6,0.0,0,0.0,Tehrik-i-Taliban Pakistan (TTP)
50754,2012,1,4,0,92,6,131,2268,19.764927,83.882024,1.0,1,0.0,1,0,3,14,13,92.0,0,6,0.0,0,0.0,Maoists
19871,1988,6,29,0,61,2,153,1172,13.5,-88.866667,1.0,0,0.0,1,0,2,14,1770,61.0,0,5,6.0,1,0.0,Farabundo Marti National Liberation Front (FMLN)
56127,2013,7,21,0,153,6,468,3124,24.891115,67.143311,1.0,0,0.0,1,0,2,14,4666,153.0,0,6,2.0,1,0.0,Tehrik-i-Taliban Pakistan (TTP)
58294,2014,1,27,0,45,3,360,2504,8.533734,-73.456863,1.0,0,0.0,1,0,3,21,761,45.0,0,6,0.0,1,0.0,National Liberation Army of Colombia (ELN)
73125,2016,2,29,0,228,10,48,310,12.825647,44.846416,1.0,0,0.0,1,0,3,14,559,228.0,0,6,2.0,1,0.0,Houthi extremists (Ansar Allah)
57462,2013,11,18,0,92,6,131,2256,22.10882,85.29112,1.0,1,0.0,0,0,3,4,2944,92.0,0,6,0.0,0,0.0,Maoists
73546,2016,3,25,0,4,6,506,3526,34.516895,69.147011,1.0,0,0.0,1,0,3,2,4441,4.0,0,6,0.0,-9,0.0,Taliban
28065,1991,8,7,0,155,10,456,3033,32.222271,35.253506,1.0,0,0.0,1,0,8,3,559,97.0,0,2,0.0,1,0.0,Palestinians
34059,1995,3,29,0,75,8,197,1863,52.152262,10.331013,1.0,0,0.0,1,0,7,1,2383,209.0,0,8,0.0,1,0.0,Kurdistan Workers' Party (PKK)
75847,2016,8,8,0,153,6,334,2421,30.200819,66.994354,1.0,0,1.0,1,0,1,1,4643,153.0,0,5,1.0,0,0.0,Tehrik-i-Taliban Pakistan (TTP)
73444,2016,3,17,0,228,10,50,24,16.902582,49.36381,4.0,0,0.0,1,0,6,14,13,228.0,0,5,3.0,0,1.0,Al-Qaida in the Arabian Peninsula (AQAP)
21664,1989,3,12,0,43,3,278,2113,-19.204722,-68.901111,3.0,0,0.0,1,0,3,21,1761,43.0,0,6,0.0,1,0.0,Manuel Rodriguez Patriotic Front (FPMR)
38651,2000,12,2,0,69,8,136,1021,41.930607,8.742907,1.0,0,0.0,0,0,3,4,1575,69.0,0,6,0.0,0,0.0,Corsican National Liberation Front (FLNC)
31510,1992,10,17,0,209,10,225,1832,37.522653,42.452637,1.0,0,0.0,1,0,1,3,2400,209.0,0,5,1.0,0,0.0,Kurdistan Workers' Party (PKK)
58251,2014,1,25,0,95,10,34,275,33.953167,44.921906,1.0,0,0.0,1,0,3,4,497,95.0,0,6,6.0,1,0.0,Islamic State of Iraq and the Levant (ISIL)
81296,2017,7,7,0,209,10,239,1901,38.159069,41.732154,3.0,0,0.0,1,0,3,2,2427,209.0,0,6,0.0,1,0.0,Kurdistan Workers' Party (PKK)
61728,2014,7,21,0,60,10,291,2347,31.250196,34.24128,1.0,0,1.0,1,0,1,14,3023,60.0,0,5,1.0,0,0.0,Muslim extremists
51109,2012,2,21,0,4,6,513,3535,31.60063,64.369652,1.0,0,0.0,0,0,3,8,4510,4.0,0,6,2.0,-9,0.0,Taliban
51697,2012,4,19,0,182,11,73,411,3.503923,42.236244,2.0,0,0.0,1,0,1,2,834,182.0,0,9,1.0,0,0.0,Al-Shabaab
15172,1986,2,8,0,92,6,339,3484,32.040763,75.401886,1.0,0,0.0,1,0,3,1,4368,92.0,0,6,0.0,1,0.0,Sikh Extremists
22662,1989,8,4,0,159,3,475,3360,-12.267202,-75.172922,1.0,0,0.0,1,0,1,3,4190,159.0,0,5,0.0,0,0.0,Shining Path (SL)
10109,1983,4,28,0,69,8,17,132,48.856644,2.34233,1.0,0,0.0,1,0,3,19,1640,69.0,0,6,0.0,1,0.0,Corsican National Liberation Front (FLNC)
15575,1986,5,13,0,61,2,157,1179,13.733333,-88.883333,1.0,0,1.0,1,0,3,21,1822,61.0,0,6,0.0,1,0.0,Farabundo Marti National Liberation Front (FMLN)
43112,2006,7,3,0,4,6,520,3565,34.880556,70.896111,1.0,0,0.0,1,0,2,14,4461,4.0,0,5,5.0,-9,0.0,Taliban
73544,2016,3,25,0,4,6,527,3596,36.967715,67.056002,1.0,0,1.0,1,0,2,4,172,4.0,0,5,2.0,0,0.0,Taliban
39802,2002,1,22,1,45,3,384,3193,4.26995,-73.48676,3.0,0,0.0,1,0,6,14,3939,45.0,0,5,0.0,1,1.0,Revolutionary Armed Forces of Colombia (FARC)
28913,1991,11,4,0,61,2,153,1223,13.502357,-88.923425,1.0,0,1.0,1,0,3,21,1829,61.0,0,6,0.0,1,0.0,Farabundo Marti National Liberation Front (FMLN)
15193,1986,2,15,0,183,11,19,156,-26.252697,27.870275,1.0,0,0.0,1,0,3,3,267,183.0,0,6,3.0,1,0.0,African National Congress (South Africa)
58357,2014,2,1,0,147,11,112,624,11.063275,7.700373,1.0,0,0.0,1,0,2,15,1212,147.0,0,5,3.0,1,0.0,Boko Haram
7362,1981,2,10,0,155,10,456,3041,31.907141,35.198219,1.0,0,0.0,1,0,2,14,3674,97.0,0,8,1.0,1,0.0,Palestinians
63586,2014,10,22,0,153,6,427,3728,34.555417,71.258097,3.0,0,0.0,1,0,3,14,4672,153.0,0,6,0.0,1,0.0,Tehrik-i-Taliban Pakistan (TTP)
75207,2016,6,28,0,92,6,131,2176,18.863646,82.876863,1.0,0,0.0,0,0,3,20,6,92.0,0,6,0.0,0,0.0,Maoists
22425,1989,6,30,0,159,3,475,3346,-11.833206,-75.434477,1.0,0,0.0,1,0,1,2,4164,159.0,0,5,1.0,0,0.0,Shining Path (SL)
23983,1989,12,29,0,43,3,271,2099,-33.366238,-70.505302,1.0,0,0.0,1,0,3,7,2778,43.0,0,6,0.0,1,0.0,Manuel Rodriguez Patriotic Front (FPMR)
48666,2010,9,20,0,92,6,129,953,22.616778,86.818269,1.0,0,0.0,1,0,2,2,1479,92.0,0,5,1.0,-9,0.0,Communist Party of India - Maoist (CPI-Maoist)
77857,2016,11,30,0,45,3,375,2526,7.032926,-72.06382,1.0,1,0.0,1,0,3,21,3148,45.0,0,6,0.0,1,0.0,National Liberation Army of Colombia (ELN)
15169,1986,2,7,0,159,3,484,3310,-13.16015,-75.072161,1.0,0,0.0,1,0,1,2,4116,159.0,0,5,1.0,0,0.0,Shining Path (SL)
35755,1996,9,27,0,45,3,360,2496,7.933383,-72.600048,3.0,0,0.0,1,0,2,4,2067,45.0,0,5,2.0,1,0.0,National Liberation Army of Colombia (ELN)
55893,2013,6,29,0,110,10,336,2370,34.438094,35.830837,1.0,0,0.0,1,0,3,14,13,110.0,0,6,1.0,0,0.0,Muslim extremists
57701,2013,12,12,0,92,6,131,2212,17.940918,81.531387,1.0,0,0.0,1,0,2,14,2916,92.0,0,5,1.0,0,0.0,Maoists
16144,1986,8,29,0,43,3,271,2099,-33.366238,-70.505302,1.0,0,0.0,1,0,2,4,2802,43.0,0,5,0.0,1,0.0,Manuel Rodriguez Patriotic Front (FPMR)
53653,2012,10,26,0,147,11,108,619,11.840929,13.141459,1.0,0,0.0,1,0,2,2,1215,147.0,0,5,1.0,1,0.0,Boko Haram
35415,1996,6,24,0,186,6,262,2054,8.404581,81.312434,1.0,0,0.0,1,0,1,4,48,186.0,0,5,2.0,0,0.0,Liberation Tigers of Tamil Eelam (LTTE)
80451,2017,5,22,0,228,10,53,315,15.325443,44.211895,1.0,0,0.0,0,0,1,7,2016,422.0,0,5,0.0,-9,0.0,Houthi extremists (Ansar Allah)
29200,1991,12,6,0,92,6,287,24,26.846709,80.946159,4.0,0,0.0,1,0,2,14,4363,92.0,0,5,10.0,0,0.0,Sikh Extremists
5104,1979,5,7,0,69,8,143,1042,42.55,8.75,1.0,0,0.0,1,0,3,1,1601,69.0,0,6,0.0,1,0.0,Corsican National Liberation Front (FLNC)
31682,1992,11,4,0,69,8,136,1024,42.699997,9.447317,1.0,0,1.0,1,0,3,1,766,69.0,0,6,0.0,1,0.0,Corsican National Liberation Front (FLNC)
5501,1979,8,27,0,603,8,190,1618,54.102813,-6.259412,1.0,0,0.0,1,0,3,4,2059,216.0,0,6,0.0,1,0.0,Irish Republican Army (IRA)
55541,2013,5,25,0,69,8,17,132,48.883709,2.238342,1.0,0,0.0,1,0,2,4,3055,69.0,1,9,0.0,0,0.0,Muslim extremists
15177,1986,2,9,0,183,11,18,133,-29.965819,30.882976,1.0,0,0.0,1,0,3,3,332,183.0,0,6,0.0,1,0.0,African National Congress (South Africa)
82605,2017,10,3,0,92,6,128,808,20.163111,80.531343,1.0,0,1.0,1,0,6,14,1318,92.0,0,9,1.0,-9,1.0,Communist Party of India - Maoist (CPI-Maoist)
72913,2016,2,18,0,160,5,388,2635,9.826864,122.642296,1.0,0,0.0,1,0,2,3,732,160.0,0,5,2.0,0,0.0,New People's Army (NPA)
30756,1992,7,19,0,159,3,277,2111,-11.967368,-76.978462,1.0,0,0.0,1,0,7,1,4178,159.0,0,8,0.0,1,0.0,Shining Path (SL)
79389,2017,3,14,1,33,11,315,2401,14.20701,-1.852514,1.0,0,0.0,1,0,6,8,51,33.0,0,8,1.0,1,1.0,Muslim extremists
71929,2015,12,26,0,182,11,68,405,2.059819,45.326115,1.0,0,0.0,1,0,1,4,840,182.0,0,5,1.0,0,0.0,Al-Shabaab
42575,2005,12,27,0,186,6,218,1988,7.426267,81.82107,1.0,0,0.0,1,0,2,3,2552,186.0,0,5,1.0,0,0.0,Liberation Tigers of Tamil Eelam (LTTE)
23378,1989,10,10,0,159,3,479,3282,-14.220983,-69.153823,3.0,0,0.0,1,0,2,1,4066,159.0,0,5,0.0,1,0.0,Shining Path (SL)
10450,1983,6,28,0,183,11,19,166,-26.160098,27.872807,1.0,0,0.0,1,0,3,2,375,183.0,0,6,1.0,1,0.0,African National Congress (South Africa)
32086,1992,12,16,0,45,3,360,2512,7.894195,-72.503885,1.0,0,1.0,0,0,3,20,3194,45.0,0,6,0.0,1,0.0,National Liberation Army of Colombia (ELN)
18303,1987,10,22,0,45,3,363,2973,6.441862,-75.72667,1.0,0,0.0,1,0,3,21,4808,45.0,0,6,0.0,1,0.0,Tupac Amaru Revolutionary Movement (MRTA)
28726,1991,10,19,0,160,5,414,24,18.195807,120.592272,4.0,0,0.0,1,0,2,4,3384,160.0,0,5,1.0,1,0.0,New People's Army (NPA)
12797,1984,9,18,0,69,8,17,132,48.856644,2.34233,1.0,0,0.0,1,0,3,2,1587,69.0,0,6,0.0,1,0.0,Corsican National Liberation Front (FLNC)
47486,2010,1,7,1,92,6,127,876,23.701401,86.586665,1.0,0,1.0,1,0,6,22,1393,92.0,0,5,1.0,-9,1.0,Communist Party of India - Maoist (CPI-Maoist)
47990,2010,5,10,0,160,5,390,2750,7.335014,126.096139,1.0,0,0.0,1,0,2,2,3429,160.0,0,5,6.0,1,0.0,New People's Army (NPA)
72360,2016,1,18,0,160,5,0,88,6.66164,122.106423,2.0,0,1.0,0,0,3,3,175,160.0,0,6,0.0,0,0.0,Abu Sayyaf Group (ASG)
53949,2012,11,30,0,160,5,400,2646,10.916619,124.699994,1.0,0,0.0,1,0,2,4,3347,160.0,0,5,1.0,1,0.0,New People's Army (NPA)
70303,2015,9,25,0,173,10,184,1534,16.800006,43.149996,2.0,0,1.0,1,0,3,3,162,173.0,0,6,0.0,1,0.0,Houthi extremists (Ansar Allah)
17221,1987,5,7,0,159,3,277,2111,-11.967368,-76.978462,1.0,0,0.0,1,0,3,2,4867,159.0,0,6,0.0,1,0.0,Tupac Amaru Revolutionary Movement (MRTA)
52436,2012,6,27,0,153,6,353,3805,35.09,71.765,1.0,0,0.0,1,0,2,4,4667,153.0,0,5,7.0,0,0.0,Tehrik-i-Taliban Pakistan (TTP)
25474,1990,7,26,0,43,3,271,2099,-33.366238,-70.505302,1.0,0,0.0,1,0,3,1,1578,217.0,0,6,0.0,1,0.0,Manuel Rodriguez Patriotic Front (FPMR)
62448,2014,8,25,0,45,3,369,24,6.545924,-71.000519,4.0,0,0.0,1,0,3,20,6,45.0,0,6,0.0,1,0.0,Revolutionary Armed Forces of Colombia (FARC)
62268,2014,8,16,1,160,5,1,2,6.066812,121.100482,1.0,0,0.0,1,0,6,2,71,160.0,0,5,1.0,-9,1.0,Abu Sayyaf Group (ASG)
38086,2000,5,25,0,160,5,1,22,6.050458,121.012245,1.0,0,0.0,1,0,3,14,105,160.0,0,6,4.0,1,0.0,Abu Sayyaf Group (ASG)
30217,1992,5,4,0,159,3,485,3301,-5.8225,-79.512222,2.0,0,0.0,1,0,2,21,4105,159.0,0,5,0.0,1,0.0,Shining Path (SL)
21332,1989,2,8,0,43,3,271,2099,-33.366238,-70.505302,1.0,0,0.0,1,0,1,3,2724,43.0,0,5,2.0,0,0.0,Manuel Rodriguez Patriotic Front (FPMR)
28838,1991,10,26,0,45,3,363,3139,7.198606,-75.341218,4.0,1,0.0,1,0,2,4,3872,45.0,0,5,3.0,1,0.0,Revolutionary Armed Forces of Colombia (FARC)
62579,2014,9,2,0,147,11,168,1287,8.198372,8.295129,2.0,0,1.0,1,0,2,14,27,147.0,0,5,15.0,1,0.0,Fulani extremists
22894,1989,9,2,0,61,2,157,1179,13.733333,-88.883333,1.0,0,1.0,1,0,3,21,1761,61.0,0,6,0.0,1,0.0,Farabundo Marti National Liberation Front (FMLN)
31603,1992,10,27,0,97,10,262,3057,33.208716,35.572618,1.0,0,0.0,1,0,3,2,3676,97.0,0,6,1.0,1,0.0,Palestinians
23014,1989,9,10,0,155,10,456,3033,32.222271,35.253506,1.0,0,0.0,0,0,7,4,1788,97.0,0,8,1.0,1,0.0,Palestinians
27544,1991,6,12,0,159,3,277,2111,-11.967368,-76.978462,1.0,0,1.0,1,0,3,1,766,159.0,0,6,0.0,1,0.0,Tupac Amaru Revolutionary Movement (MRTA)
66906,2015,4,13,0,228,10,48,310,12.825647,44.846416,1.0,0,0.0,1,0,2,14,13,228.0,0,5,1.0,0,0.0,Houthi extremists (Ansar Allah)
53880,2012,11,19,0,92,6,131,2222,18.352486,81.953482,2.0,0,0.0,1,0,2,14,2921,92.0,0,5,1.0,0,0.0,Maoists
32290,1994,1,18,0,45,3,363,2524,7.07786,-74.70355,1.0,0,0.0,1,0,3,21,3204,45.0,0,6,0.0,1,0.0,National Liberation Army of Colombia (ELN)
17683,1987,7,21,0,61,2,160,24,13.447063,-88.556531,4.0,0,1.0,1,0,3,21,1107,61.0,0,6,0.0,1,0.0,Farabundo Marti National Liberation Front (FMLN)
23763,1989,11,22,0,43,3,271,2099,-33.366238,-70.505302,1.0,0,0.0,1,0,3,15,2773,43.0,0,6,1.0,1,0.0,Manuel Rodriguez Patriotic Front (FPMR)
42786,2006,2,24,0,141,6,266,2257,26.832262,86.013557,3.0,0,0.0,1,0,2,14,2945,141.0,0,5,1.0,0,0.0,Maoists
19143,1988,3,15,0,159,3,486,3318,-8.459251,-76.461991,1.0,0,0.0,1,0,2,4,1853,159.0,0,5,0.0,1,0.0,Shining Path (SL)
82580,2017,10,1,0,209,10,225,1844,37.332346,42.185474,3.0,0,0.0,1,0,2,4,2419,209.0,0,5,2.0,-9,0.0,Kurdistan Workers' Party (PKK)
64063,2014,11,18,0,160,5,387,2620,8.818475,125.69826,1.0,0,0.0,1,0,2,4,12,160.0,0,5,2.0,0,0.0,New People's Army (NPA)
42426,2005,10,6,0,186,6,218,1993,7.921328,81.52467,1.0,0,0.0,1,0,3,4,2539,186.0,0,6,0.0,-9,0.0,Liberation Tigers of Tamil Eelam (LTTE)
26597,1991,1,23,0,61,2,149,1198,13.318889,-87.643889,1.0,0,0.0,1,0,2,4,562,61.0,0,5,0.0,1,0.0,Farabundo Marti National Liberation Front (FMLN)
47022,2009,8,22,1,92,6,129,849,22.632149,86.764311,1.0,0,0.0,1,0,6,2,1361,92.0,0,5,2.0,0,1.0,Communist Party of India - Maoist (CPI-Maoist)
40160,2002,6,17,0,160,5,0,46,6.41871,121.972443,1.0,0,0.0,1,0,2,14,67,160.0,0,9,2.0,-9,0.0,Abu Sayyaf Group (ASG)
10242,1983,5,23,0,145,2,446,2865,12.73797,-86.21399,1.0,0,0.0,1,0,2,4,1762,145.0,0,5,1.0,1,0.0,Nicaraguan Democratic Force (FDN)
32794,1994,4,8,0,69,8,136,1020,42.016854,9.403982,1.0,0,0.0,1,0,3,1,283,69.0,0,6,0.0,1,0.0,Corsican National Liberation Front (FLNC)
71797,2015,12,19,0,173,10,61,1530,17.554939,44.232357,1.0,0,0.0,1,0,3,14,1964,92.0,0,6,3.0,0,0.0,Houthi extremists (Ansar Allah)
15063,1986,1,20,0,159,3,277,2111,-11.967368,-76.978462,1.0,0,1.0,1,0,3,1,4768,159.0,0,6,0.0,1,0.0,Tupac Amaru Revolutionary Movement (MRTA)
4808,1979,3,10,0,69,8,136,24,41.918891,8.737554,4.0,0,1.0,1,0,3,1,1088,69.0,0,6,0.0,1,0.0,Corsican National Liberation Front (FLNC)
23749,1989,11,21,0,92,6,500,24,23.940848,91.988153,4.0,0,0.0,1,0,1,2,4342,92.0,0,6,1.0,0,0.0,Sikh Extremists
65084,2015,1,14,0,214,9,146,1122,48.187149,38.342617,1.0,1,0.0,1,0,3,4,1698,214.0,0,6,0.0,-9,0.0,Donetsk People's Republic
63407,2014,10,14,0,4,6,512,3534,33.967929,68.949888,3.0,0,0.0,1,0,2,3,172,4.0,0,5,6.0,-9,0.0,Taliban
36021,1997,1,11,0,69,8,136,1021,41.930607,8.742907,1.0,0,0.0,1,0,3,1,1603,69.0,0,6,0.0,1,0.0,Corsican National Liberation Front (FLNC)
52701,2012,7,23,0,95,10,36,304,34.533753,43.483738,1.0,0,1.0,1,0,2,17,20,95.0,0,5,2.0,0,0.0,Al-Qaida in Iraq
80176,2017,5,8,0,19,6,325,2433,24.687497,90.597914,1.0,0,0.0,1,0,2,15,3091,19.0,0,9,0.0,0,0.0,Muslim extremists
77608,2016,11,18,0,182,11,66,482,1.750393,44.745712,1.0,0,0.0,1,0,7,4,48,182.0,0,8,0.0,1,0.0,Al-Shabaab
56236,2013,7,29,0,95,10,42,296,33.057991,44.354839,1.0,0,1.0,1,0,3,14,13,95.0,0,6,3.0,0,0.0,Islamic State of Iraq and the Levant (ISIL)
66315,2015,3,11,0,228,10,48,310,12.825647,44.846416,1.0,0,0.0,0,1,3,20,6,228.0,0,6,0.0,0,0.0,Al-Qaida in the Arabian Peninsula (AQAP)
79423,2017,3,16,0,147,11,177,1440,6.492222,5.884444,2.0,0,0.0,1,0,1,2,1939,147.0,0,5,1.0,0,0.0,Fulani extremists
52327,2012,6,16,0,95,10,33,248,33.303566,44.371773,1.0,0,1.0,1,0,3,14,491,95.0,0,6,14.0,0,0.0,Al-Qaida in Iraq
28333,1991,9,6,0,69,8,136,1037,42.63651,8.937046,1.0,0,0.0,1,0,3,2,1583,69.0,0,6,0.0,1,0.0,Corsican National Liberation Front (FLNC)
46157,2009,2,19,0,153,6,427,3745,34.856902,71.429936,3.0,0,0.0,1,0,3,8,4700,153.0,0,6,0.0,1,0.0,Tehrik-i-Taliban Pakistan (TTP)
10028,1983,4,8,0,97,10,458,3037,31.771599,35.2034,1.0,0,0.0,0,0,3,19,1153,97.0,0,6,0.0,0,0.0,Palestinians
63793,2014,11,2,0,147,11,111,620,7.78811,6.729729,1.0,0,0.0,1,0,3,3,1209,147.0,0,6,1.0,1,0.0,Boko Haram
14946,1985,12,24,0,159,3,277,2111,-11.967368,-76.978462,1.0,1,0.0,1,0,3,1,4772,159.0,0,6,1.0,1,0.0,Tupac Amaru Revolutionary Movement (MRTA)
12984,1984,11,2,0,185,8,86,559,42.889005,-2.315288,1.0,0,0.0,1,0,2,3,1030,185.0,0,6,0.0,1,0.0,Basque Fatherland and Freedom (ETA)
55097,2013,4,10,0,160,5,0,84,6.537162,122.163252,2.0,0,0.0,1,0,1,4,169,160.0,0,5,1.0,1,0.0,Abu Sayyaf Group (ASG)
1540,1973,11,25,0,603,8,190,1631,55.011562,-7.312045,1.0,0,0.0,1,0,1,4,2113,216.0,0,5,2.0,0,0.0,Irish Republican Army (IRA)
47464,2009,12,26,0,45,3,378,2776,6.447527,-75.959332,1.0,0,1.0,1,0,4,19,3950,45.0,0,8,0.0,1,0.0,Revolutionary Armed Forces of Colombia (FARC)
81207,2017,6,28,0,147,11,108,678,12.26581,13.938675,1.0,0,0.0,1,0,2,14,27,147.0,0,5,5.0,1,0.0,Boko Haram
27900,1991,7,23,0,159,3,481,3304,-14.054639,-73.088412,3.0,0,0.0,1,0,2,2,4107,159.0,0,5,8.0,1,0.0,Shining Path (SL)
10126,1983,4,29,0,61,2,149,1182,13.6,-87.76667,1.0,0,0.0,1,0,3,14,1779,61.0,0,5,58.0,1,1.0,Farabundo Marti National Liberation Front (FMLN)
50219,2011,10,28,0,228,10,48,310,12.825647,44.846416,1.0,0,0.0,1,0,1,3,692,228.0,0,6,1.0,1,0.0,Al-Qaida in the Arabian Peninsula (AQAP)
77076,2016,10,19,0,173,10,61,1572,17.565604,44.228944,2.0,0,0.0,1,0,3,4,172,173.0,0,6,0.0,-9,0.0,Houthi extremists (Ansar Allah)
77705,2016,11,21,0,228,10,183,1521,16.321999,42.814075,1.0,0,0.0,1,0,2,4,48,228.0,0,5,3.0,0,0.0,Houthi extremists (Ansar Allah)
4907,1979,3,23,0,185,8,86,524,43.291618,-1.977903,1.0,0,0.0,1,0,3,1,958,69.0,0,6,0.0,1,0.0,Basque Fatherland and Freedom (ETA)
13263,1985,1,14,0,186,6,262,1980,9.666399,80.020477,1.0,0,1.0,1,0,3,19,2568,186.0,0,6,1.0,1,0.0,Liberation Tigers of Tamil Eelam (LTTE)
83248,2017,11,26,0,95,10,33,248,33.303566,44.371773,1.0,0,0.0,0,0,3,20,6,95.0,0,6,0.0,0,0.0,Islamic State of Iraq and the Levant (ISIL)
1545,1973,12,4,0,97,10,458,3037,31.771599,35.2034,1.0,0,0.0,1,0,3,14,415,97.0,0,6,2.0,1,0.0,Palestinians
68479,2015,6,25,0,4,6,515,3539,37.067603,69.422293,3.0,0,1.0,1,0,2,3,20,4.0,0,5,4.0,-9,0.0,Taliban
29482,1992,1,17,0,92,6,339,3456,30.155434,76.195762,1.0,0,0.0,1,0,3,14,486,92.0,0,6,8.0,1,0.0,Sikh Extremists
17164,1987,4,29,0,160,5,11,43,14.596051,120.978666,1.0,0,0.0,0,0,1,3,740,160.0,0,5,0.0,0,0.0,New People's Army (NPA)
64356,2014,12,5,0,92,6,132,2136,17.408542,82.715443,1.0,1,0.0,1,0,3,3,2857,92.0,0,6,0.0,0,0.0,Maoists
78708,2017,1,29,0,160,5,0,76,6.493148,122.165911,1.0,0,0.0,1,0,3,14,150,160.0,0,6,2.0,0,0.0,Abu Sayyaf Group (ASG)
52722,2012,7,24,1,45,3,369,2503,6.959519,-71.88179,1.0,0,1.0,1,0,6,1,3210,45.0,0,5,0.0,0,1.0,National Liberation Army of Colombia (ELN)
51409,2012,3,21,0,4,6,526,3644,32.81493,67.766708,1.0,0,0.0,1,0,3,3,1198,4.0,0,6,3.0,1,0.0,Taliban
70649,2015,10,13,0,123,11,299,2360,20.129129,-4.338905,2.0,0,1.0,1,0,3,14,162,123.0,0,6,6.0,1,0.0,Muslim extremists
14948,1985,12,24,0,159,3,536,3850,-12.050934,-77.126044,1.0,0,0.0,1,0,3,1,766,159.0,0,6,1.0,1,0.0,Tupac Amaru Revolutionary Movement (MRTA)
26321,1990,12,12,0,45,3,384,3138,3.24114,-74.35539,3.0,0,0.0,1,0,2,4,1844,45.0,0,5,0.0,1,0.0,Revolutionary Armed Forces of Colombia (FARC)
60291,2014,5,20,0,147,11,118,645,9.933333,8.883333,1.0,0,1.0,1,0,3,14,486,147.0,0,6,59.0,1,0.0,Boko Haram
16055,1986,8,8,0,159,3,277,2111,-11.967368,-76.978462,1.0,0,0.0,1,0,3,2,4797,159.0,0,6,0.0,1,0.0,Tupac Amaru Revolutionary Movement (MRTA)
46995,2009,8,16,0,4,6,507,3553,31.600695,65.551842,1.0,0,1.0,1,0,3,1,4502,4.0,0,6,0.0,1,0.0,Taliban
57969,2014,1,5,0,153,6,468,3124,24.891115,67.143311,1.0,0,0.0,1,0,2,3,85,153.0,0,6,2.0,1,0.0,Tehrik-i-Taliban Pakistan (TTP)
35575,1996,8,18,0,69,8,136,1021,41.930607,8.742907,1.0,0,0.0,1,0,3,2,1613,69.0,0,6,0.0,1,0.0,Corsican National Liberation Front (FLNC)
14146,1985,7,1,0,69,8,136,24,41.918891,8.737554,4.0,0,1.0,1,0,3,3,1579,69.0,0,6,0.0,1,0.0,Corsican National Liberation Front (FLNC)
41061,2003,8,4,0,69,8,136,1050,42.547135,9.417273,1.0,0,1.0,1,0,3,16,1653,69.0,0,6,0.0,1,0.0,Corsican National Liberation Front (FLNC)
47971,2010,5,6,0,45,3,377,3217,2.957243,-76.26863,1.0,1,0.0,1,0,3,14,3963,45.0,0,6,2.0,-9,0.0,Revolutionary Armed Forces of Colombia (FARC)
60247,2014,5,17,0,4,6,515,3651,37.346664,69.533888,3.0,0,0.0,1,0,3,14,13,4.0,0,6,1.0,-9,0.0,Taliban
46613,2009,6,1,0,45,3,469,3185,0.49765,-76.49768,1.0,1,0.0,1,0,7,1,3925,45.0,0,8,0.0,1,0.0,Revolutionary Armed Forces of Colombia (FARC)
68391,2015,6,20,0,173,10,184,24,16.892213,42.56892,4.0,0,0.0,1,0,3,4,48,173.0,0,6,1.0,0,0.0,Houthi extremists (Ansar Allah)
52795,2012,8,1,0,153,6,427,3793,32.667476,69.859741,1.0,0,0.0,1,0,2,4,2901,153.0,0,5,9.0,0,0.0,Tehrik-i-Taliban Pakistan (TTP)
82139,2017,8,28,0,92,6,128,942,19.102975,81.949115,3.0,0,0.0,1,0,2,14,2873,92.0,0,12,1.0,0,1.0,Maoists
17355,1987,6,4,0,61,2,150,1156,13.69288,-89.199161,1.0,0,1.0,1,0,3,16,1795,61.0,0,6,0.0,1,0.0,Farabundo Marti National Liberation Front (FMLN)
63138,2014,9,30,0,214,9,146,1087,48.04668,37.942146,1.0,0,0.0,1,0,3,14,853,214.0,0,6,1.0,1,0.0,Donetsk People's Republic
19191,1988,3,21,0,92,6,339,3441,31.22402,75.770801,1.0,0,0.0,1,0,3,3,2558,92.0,0,6,0.0,1,0.0,Sikh Extremists
5293,1979,6,16,0,69,8,141,1021,41.930607,8.742907,1.0,0,0.0,1,0,3,20,1176,69.0,0,6,0.0,1,0.0,Corsican National Liberation Front (FLNC)
63072,2014,9,27,0,214,9,146,1088,48.020912,37.529469,1.0,0,1.0,1,0,3,4,48,214.0,0,6,1.0,-9,0.0,Donetsk People's Republic
70222,2015,9,20,0,200,10,199,2349,36.201721,37.14352,1.0,0,0.0,1,0,3,14,926,200.0,0,6,14.0,-9,0.0,Muslim extremists
14455,1985,8,31,0,159,3,536,3850,-12.050934,-77.126044,1.0,0,0.0,1,0,3,14,4854,159.0,0,6,0.0,1,0.0,Tupac Amaru Revolutionary Movement (MRTA)
63684,2014,10,27,0,147,11,168,1291,8.547469,7.7118,4.0,0,1.0,1,0,2,14,27,147.0,0,5,2.0,1,0.0,Fulani extremists
41664,2004,10,25,0,95,10,33,248,33.303566,44.371773,1.0,0,0.0,1,0,3,4,539,14.0,0,6,3.0,-9,0.0,Al-Qaida in Iraq
737,1971,10,3,0,603,8,190,1609,54.607712,-5.95621,1.0,0,0.0,1,0,1,4,2064,216.0,0,5,1.0,0,0.0,Irish Republican Army (IRA)
59550,2014,4,10,0,92,6,128,942,19.601869,81.426211,3.0,0,1.0,1,0,7,2,2895,92.0,0,5,0.0,-9,0.0,Maoists
27910,1991,7,25,0,159,3,479,3361,-15.84065,-70.027891,1.0,0,0.0,1,0,3,2,4191,159.0,0,6,0.0,1,0.0,Shining Path (SL)
58197,2014,1,21,0,4,6,513,3564,31.826695,64.56407,2.0,0,0.0,1,0,2,14,4460,4.0,0,5,3.0,-9,0.0,Taliban
59635,2014,4,14,0,147,11,122,726,9.066559,7.483589,1.0,0,0.0,1,0,3,19,1252,147.0,0,6,71.0,1,0.0,Boko Haram
4869,1979,3,23,0,603,8,190,24,54.787715,-6.492314,4.0,0,1.0,1,0,7,2,2138,233.0,0,8,1.0,1,0.0,Irish Republican Army (IRA)
65144,2015,1,15,0,214,9,146,1076,47.981647,37.762325,1.0,0,1.0,1,0,3,21,1729,214.0,0,6,0.0,1,0.0,Donetsk People's Republic
79233,2017,3,2,0,92,6,131,2213,19.924879,83.143859,3.0,0,0.0,1,0,3,20,6,92.0,0,6,0.0,0,0.0,Maoists
24409,1990,3,11,0,45,3,360,2561,8.320451,-73.144755,1.0,0,0.0,1,0,6,2,3246,45.0,0,5,0.0,0,1.0,National Liberation Army of Colombia (ELN)
16563,1986,12,28,0,145,2,436,2932,13.130707,-85.971684,3.0,1,0.0,1,0,3,2,3588,145.0,0,6,2.0,1,0.0,Nicaraguan Democratic Force (FDN)
2327,1975,9,9,0,185,8,95,538,43.189944,-2.052454,1.0,0,0.0,1,0,3,19,988,185.0,0,6,0.0,1,0.0,Basque Fatherland and Freedom (ETA)
30848,1992,7,28,0,159,3,277,2111,-11.967368,-76.978462,1.0,0,0.0,1,0,3,4,4831,159.0,0,6,0.0,1,0.0,Tupac Amaru Revolutionary Movement (MRTA)
63997,2014,11,15,0,95,10,32,264,33.420948,43.295662,1.0,0,1.0,1,0,3,4,20,95.0,0,6,0.0,1,0.0,Islamic State of Iraq and the Levant (ISIL)
70172,2015,9,18,0,160,5,397,2770,9.234873,126.165522,2.0,0,0.0,1,0,3,3,3445,160.0,0,6,0.0,1,0.0,New People's Army (NPA)
8758,1982,5,12,0,183,11,19,156,-26.252697,27.870275,1.0,0,0.0,1,0,3,2,292,183.0,0,6,0.0,1,0.0,African National Congress (South Africa)
12193,1984,5,12,0,183,11,18,138,-29.861824,31.008293,1.0,0,0.0,1,0,3,2,294,183.0,0,6,0.0,1,0.0,African National Congress (South Africa)
69532,2015,8,16,0,95,10,33,248,33.303566,44.371773,1.0,0,0.0,1,0,3,14,1288,95.0,0,6,2.0,0,0.0,Islamic State of Iraq and the Levant (ISIL)
63101,2014,9,28,0,153,6,427,3770,34.793385,71.503181,2.0,0,0.0,1,0,1,17,4619,153.0,0,5,1.0,1,0.0,Tehrik-i-Taliban Pakistan (TTP)
18152,1987,9,25,0,45,3,367,2493,7.116294,-73.120026,1.0,0,0.0,1,0,1,2,3191,45.0,0,5,2.0,0,0.0,National Liberation Army of Colombia (ELN)
68882,2015,7,15,0,160,5,0,35,6.497216,122.105141,1.0,1,0.0,0,0,1,2,86,160.0,0,6,0.0,0,0.0,Abu Sayyaf Group (ASG)
82247,2017,9,6,0,209,10,226,24,37.330074,43.526169,4.0,0,1.0,0,0,3,20,6,209.0,0,6,0.0,0,0.0,Kurdistan Workers' Party (PKK)
50941,2012,1,27,0,228,10,50,379,16.930414,49.365315,3.0,1,0.0,1,0,1,3,755,228.0,0,5,1.0,1,0.0,Al-Qaida in the Arabian Peninsula (AQAP)
49470,2011,4,2,0,45,3,369,3133,6.788008,-71.025959,1.0,0,0.0,1,0,7,19,3857,45.0,0,8,0.0,1,0.0,Revolutionary Armed Forces of Colombia (FARC)
14529,1985,9,20,0,145,2,447,2872,13.84504,-84.67929,1.0,0,0.0,1,0,2,4,1762,145.0,0,5,1.0,1,0.0,Nicaraguan Democratic Force (FDN)
22226,1989,5,28,0,97,10,262,3072,33.278407,35.578808,1.0,0,0.0,1,0,3,14,3705,97.0,0,6,0.0,1,0.0,Palestinians
30571,1992,6,21,0,183,11,19,136,-26.252697,27.870275,1.0,0,0.0,1,0,2,1,264,183.0,0,5,5.0,1,0.0,African National Congress (South Africa)
35935,1996,12,3,0,45,3,371,2535,6.15518,-71.76813,1.0,0,0.0,1,0,1,4,3218,45.0,0,5,2.0,0,0.0,National Liberation Army of Colombia (ELN)
49024,2010,12,9,0,92,6,129,850,23.788266,87.265564,1.0,0,0.0,1,0,1,2,1362,92.0,0,5,1.0,-9,0.0,Communist Party of India - Maoist (CPI-Maoist)
76528,2016,9,19,0,173,10,188,1554,18.300925,42.795899,1.0,1,0.0,0,0,3,4,1995,173.0,0,6,0.0,-9,0.0,Houthi extremists (Ansar Allah)
15403,1986,3,28,0,92,6,339,3399,30.898024,75.860077,1.0,0,0.0,1,0,2,14,27,92.0,0,5,10.0,1,0.0,Sikh Extremists
48734,2010,10,5,0,92,6,134,932,19.315328,75.859205,1.0,1,0.0,1,0,3,3,1090,92.0,0,6,0.0,1,0.0,Communist Party of India - Maoist (CPI-Maoist)
79944,2017,4,18,0,228,10,51,359,15.45639,45.324871,1.0,0,0.0,1,0,3,4,2017,422.0,0,6,12.0,1,0.0,Houthi extremists (Ansar Allah)
47633,2010,2,17,0,153,6,427,3728,34.565494,71.477429,3.0,0,0.0,1,0,3,9,4689,153.0,0,6,2.0,-9,0.0,Tehrik-i-Taliban Pakistan (TTP)
30333,1992,5,15,0,92,6,292,979,34.08374,74.789902,1.0,0,0.0,1,0,2,3,4248,92.0,0,5,3.0,1,0.0,Sikh Extremists
14108,1985,6,21,0,43,3,271,2099,-33.366238,-70.505302,1.0,0,1.0,1,0,3,21,2714,43.0,0,6,0.0,1,0.0,Manuel Rodriguez Patriotic Front (FPMR)
23912,1989,12,14,0,43,3,271,2099,-33.366238,-70.505302,1.0,0,0.0,1,0,1,3,1654,43.0,0,5,0.0,0,0.0,Manuel Rodriguez Patriotic Front (FPMR)
25167,1990,6,11,0,186,6,218,2036,7.86778,81.510266,2.0,0,0.0,1,0,2,4,2558,186.0,0,5,0.0,1,0.0,Liberation Tigers of Tamil Eelam (LTTE)
32500,1994,2,20,0,183,11,18,189,-29.688309,30.187246,1.0,1,0.0,1,0,2,22,347,183.0,0,5,6.0,0,0.0,African National Congress (South Africa)
72731,2016,2,8,0,45,3,369,2499,7.081767,-70.753639,1.0,0,0.0,1,0,3,4,3195,45.0,0,6,0.0,1,0.0,National Liberation Army of Colombia (ELN)
66223,2015,3,8,0,153,6,468,3124,24.891115,67.143311,1.0,0,0.0,1,0,2,3,12,153.0,0,5,3.0,0,0.0,Tehrik-i-Taliban Pakistan (TTP)
31466,1992,10,12,0,603,8,190,1653,54.50853,-6.763131,1.0,0,0.0,0,0,1,2,2166,233.0,0,5,0.0,0,0.0,Irish Republican Army (IRA)
12239,1984,5,16,0,183,11,19,153,-26.252697,27.870275,1.0,0,0.0,1,0,3,3,267,183.0,0,6,0.0,1,0.0,African National Congress (South Africa)
58736,2014,2,25,1,4,6,509,3624,32.141897,61.222579,2.0,0,0.0,1,0,6,2,4504,4.0,0,5,1.0,0,1.0,Taliban
66432,2015,3,18,0,228,10,55,332,14.413989,44.837418,1.0,0,0.0,1,0,1,4,665,228.0,0,5,1.0,0,0.0,Al-Qaida in the Arabian Peninsula (AQAP)
82458,2017,9,23,0,173,10,188,1554,18.314753,42.725163,1.0,0,0.0,0,0,3,4,2000,173.0,0,6,0.0,0,0.0,Houthi extremists (Ansar Allah)
7823,1981,7,21,0,183,11,19,167,-25.748281,28.212069,1.0,1,0.0,1,0,3,16,341,183.0,0,6,0.0,1,0.0,African National Congress (South Africa)
66930,2015,4,15,0,45,3,377,3136,3.115381,-76.62609,1.0,0,0.0,1,0,3,4,12,45.0,0,6,13.0,0,0.0,Revolutionary Armed Forces of Colombia (FARC)
34905,1995,12,27,1,160,5,3,9,10.338213,123.942398,1.0,0,0.0,1,0,6,14,10,160.0,0,5,0.0,0,1.0,Abu Sayyaf Group (ASG)
6648,1980,6,1,0,183,11,23,149,-26.810437,27.827077,1.0,0,1.0,1,0,3,1,284,183.0,0,6,1.0,1,0.0,African National Congress (South Africa)
54593,2013,2,14,0,153,6,353,3757,33.370038,70.54496,1.0,0,0.0,1,1,3,4,1218,153.0,0,6,8.0,1,0.0,Tehrik-i-Taliban Pakistan (TTP)
15624,1986,5,16,0,145,2,437,2924,13.496103,-85.916342,1.0,0,0.0,1,0,2,4,1768,145.0,0,5,1.0,1,0.0,Nicaraguan Democratic Force (FDN)
22097,1989,5,11,0,185,8,91,554,43.46096,-3.807934,3.0,0,1.0,1,0,3,19,1018,185.0,0,6,0.0,1,0.0,Basque Fatherland and Freedom (ETA)
58571,2014,2,16,0,92,6,134,912,21.201097,79.609217,1.0,0,0.0,1,0,7,2,1434,92.0,0,8,0.0,1,0.0,Communist Party of India - Maoist (CPI-Maoist)
29051,1991,11,16,0,69,8,136,1025,41.772597,8.771765,1.0,0,0.0,1,0,3,1,1564,69.0,0,6,0.0,1,0.0,Corsican National Liberation Front (FLNC)
80890,2017,6,13,0,228,10,60,1561,13.319617,43.25563,1.0,0,0.0,1,0,3,4,2010,422.0,0,6,0.0,0,0.0,Houthi extremists (Ansar Allah)
60472,2014,5,27,1,214,9,146,1076,47.981647,37.762325,1.0,0,0.0,1,0,6,14,1717,214.0,0,5,0.0,0,1.0,Donetsk People's Republic
55774,2013,6,17,0,147,11,108,619,11.840929,13.141459,1.0,0,0.0,1,0,2,8,1224,147.0,0,5,9.0,1,0.0,Boko Haram
60553,2014,5,31,1,153,6,468,3732,24.891115,67.143311,1.0,0,0.0,1,0,6,14,4581,153.0,0,5,0.0,0,1.0,Tehrik-i-Taliban Pakistan (TTP)
74036,2016,4,25,0,228,10,60,353,13.586484,44.024105,1.0,0,1.0,1,0,3,4,48,228.0,0,6,0.0,-9,0.0,Houthi extremists (Ansar Allah)
14830,1985,11,27,0,183,11,26,171,-23.00124,29.768678,1.0,0,0.0,1,0,3,4,351,183.0,0,6,0.0,1,0.0,African National Congress (South Africa)
16193,1986,9,13,0,145,2,446,2876,12.893423,-85.136456,1.0,0,0.0,1,0,2,4,1762,145.0,0,5,2.0,1,0.0,Nicaraguan Democratic Force (FDN)
16536,1986,12,21,0,159,3,277,2111,-11.967368,-76.978462,1.0,0,1.0,1,0,3,1,2132,159.0,0,6,1.0,1,0.0,Shining Path (SL)
48253,2010,6,24,0,45,3,363,3154,6.964565,-75.417688,1.0,0,0.0,1,0,7,1,3885,45.0,0,8,0.0,1,0.0,Revolutionary Armed Forces of Colombia (FARC)
33157,1994,6,17,0,45,3,363,2491,6.242026,-75.564766,1.0,0,1.0,1,0,3,1,3159,45.0,0,6,0.0,1,0.0,National Liberation Army of Colombia (ELN)
6067,1980,1,9,0,97,10,460,3040,32.08297,34.811886,1.0,0,0.0,0,0,3,14,3745,97.0,0,6,0.0,0,0.0,Palestinians
10043,1983,4,10,0,110,10,457,3034,33.888523,35.503513,1.0,0,0.0,1,0,2,4,3719,97.0,0,5,1.0,1,0.0,Palestinians
3934,1978,3,3,0,185,8,88,512,43.258434,-2.921819,1.0,0,0.0,0,0,2,3,948,185.0,0,5,0.0,0,0.0,Basque Fatherland and Freedom (ETA)
37819,2000,1,9,0,45,3,364,2485,4.667128,-74.106056,1.0,0,0.0,0,0,3,14,3147,45.0,0,6,0.0,0,0.0,National Liberation Army of Colombia (ELN)
69991,2015,9,9,0,228,10,60,353,13.586484,44.024105,1.0,0,1.0,1,0,3,14,1288,228.0,0,6,0.0,-9,0.0,Houthi extremists (Ansar Allah)
64309,2014,12,3,0,228,10,60,353,13.586484,44.024105,1.0,0,0.0,1,0,2,4,728,228.0,0,5,1.0,-9,0.0,Al-Qaida in the Arabian Peninsula (AQAP)
52687,2012,7,23,0,95,10,37,255,36.354145,43.14357,1.0,0,1.0,1,0,3,4,12,95.0,0,6,3.0,-9,0.0,Al-Qaida in Iraq
62258,2014,8,15,0,160,5,390,2650,7.28489,125.857258,1.0,0,0.0,1,0,3,4,59,160.0,0,6,0.0,1,0.0,New People's Army (NPA)
49471,2011,4,2,0,45,3,469,3145,0.667105,-76.871354,1.0,1,0.0,1,0,3,21,3879,45.0,0,6,0.0,1,0.0,Revolutionary Armed Forces of Colombia (FARC)
54400,2013,1,25,0,92,6,127,2243,23.420959,84.577897,1.0,1,0.0,1,0,7,2,2936,92.0,0,8,0.0,1,0.0,Maoists
79087,2017,2,22,0,173,10,61,1530,17.554939,44.232357,1.0,0,0.0,1,0,3,14,13,153.0,0,6,0.0,1,0.0,Houthi extremists (Ansar Allah)
50035,2011,9,5,0,92,6,128,843,18.791667,80.816667,1.0,1,0.0,1,0,7,3,1355,92.0,0,8,0.0,1,0.0,Communist Party of India - Maoist (CPI-Maoist)
62657,2014,9,9,0,147,11,124,1341,12.166918,6.674397,2.0,0,1.0,1,0,6,14,27,147.0,0,5,2.0,1,1.0,Fulani extremists
1958,1974,12,17,0,603,8,49,1615,51.504387,-0.140041,1.0,0,0.0,1,0,3,16,2203,216.0,0,6,1.0,1,0.0,Irish Republican Army (IRA)
13586,1985,4,9,0,43,3,271,2099,-33.366238,-70.505302,1.0,0,0.0,1,0,3,14,2738,43.0,0,6,0.0,1,0.0,Manuel Rodriguez Patriotic Front (FPMR)
79401,2017,3,15,0,95,10,32,1777,34.266661,42.528929,2.0,0,1.0,1,0,3,14,815,95.0,0,6,1.0,1,0.0,Islamic State of Iraq and the Levant (ISIL)
47859,2010,4,9,1,92,6,129,907,22.394329,87.099879,1.0,0,0.0,1,0,6,2,1430,92.0,0,5,2.0,0,1.0,Communist Party of India - Maoist (CPI-Maoist)
24355,1990,3,6,0,45,3,365,2548,9.65945,-73.750579,1.0,0,0.0,1,0,6,1,3233,45.0,0,5,0.0,0,1.0,National Liberation Army of Colombia (ELN)
8708,1982,5,3,0,97,10,456,3060,31.418909,34.352605,1.0,0,0.0,1,0,2,4,3788,97.0,0,8,1.0,1,0.0,Palestinians
8931,1982,7,16,0,185,8,94,534,42.815372,-1.653616,1.0,0,0.0,1,0,3,2,1006,185.0,0,6,1.0,1,0.0,Basque Fatherland and Freedom (ETA)
70657,2015,10,14,0,153,6,339,3756,30.705992,70.648447,1.0,0,0.0,1,1,3,22,4606,153.0,0,6,10.0,0,0.0,Tehrik-i-Taliban Pakistan (TTP)
45828,2008,12,5,0,92,6,127,809,23.264121,85.644772,1.0,0,0.0,1,0,2,3,1090,92.0,0,5,5.0,0,0.0,Communist Party of India - Maoist (CPI-Maoist)
48803,2010,10,27,0,153,6,353,688,33.915234,71.458679,1.0,0,0.0,1,0,3,14,4688,153.0,0,6,2.0,1,0.0,Tehrik-i-Taliban Pakistan (TTP)
49362,2011,3,7,1,45,3,472,3192,4.443287,-69.793424,1.0,1,0.0,1,0,6,1,3938,45.0,0,5,0.0,0,1.0,Revolutionary Armed Forces of Colombia (FARC)
13884,1985,5,17,0,61,2,159,24,13.447063,-88.556531,4.0,0,0.0,1,0,2,4,1762,61.0,0,5,1.0,1,0.0,Farabundo Marti National Liberation Front (FMLN)
15462,1986,4,12,0,145,2,446,2959,12.83543,-85.462486,1.0,0,0.0,1,0,2,4,1762,145.0,0,5,1.0,1,0.0,Nicaraguan Democratic Force (FDN)
69467,2015,8,13,0,209,10,225,1819,37.326888,42.187659,1.0,0,0.0,1,0,3,4,524,209.0,0,6,0.0,-9,0.0,Kurdistan Workers' Party (PKK)
17240,1987,5,14,0,145,2,438,2850,13.131923,-86.345742,3.0,0,1.0,1,0,3,21,1107,145.0,0,6,0.0,1,0.0,Nicaraguan Democratic Force (FDN)
41940,2005,4,15,0,95,10,33,248,33.303566,44.371773,1.0,0,0.0,1,1,3,7,511,167.0,0,6,1.0,-9,0.0,Al-Qaida in Iraq
49195,2011,1,25,0,153,6,353,3773,35.202293,71.873006,1.0,1,0.0,0,0,1,2,4652,153.0,0,5,1.0,1,0.0,Tehrik-i-Taliban Pakistan (TTP)
61220,2014,7,3,0,95,10,38,1769,35.222231,44.362898,4.0,0,0.0,1,0,3,3,12,95.0,0,6,0.0,0,0.0,Islamic State of Iraq and the Levant (ISIL)
16195,1986,9,13,0,145,2,436,96,13.130707,-85.971684,3.0,1,0.0,1,0,3,2,3561,145.0,0,6,1.0,1,0.0,Nicaraguan Democratic Force (FDN)
62767,2014,9,14,0,214,9,146,1076,47.981647,37.762325,1.0,0,1.0,1,0,3,14,926,214.0,0,6,3.0,1,0.0,Donetsk People's Republic
73405,2016,3,15,0,160,5,392,2719,12.221115,123.823367,1.0,0,1.0,1,0,3,16,3403,160.0,0,6,0.0,1,0.0,New People's Army (NPA)
55326,2013,5,2,0,182,11,74,431,4.73538,45.2024,1.0,0,0.0,1,0,3,4,48,182.0,0,6,3.0,0,0.0,Al-Shabaab
13871,1985,5,16,0,45,3,363,2491,6.242026,-75.564766,1.0,0,0.0,1,0,3,3,2733,45.0,0,6,0.0,1,0.0,National Liberation Army of Colombia (ELN)
75641,2016,7,27,0,228,10,60,353,13.586484,44.024105,1.0,0,1.0,1,0,3,14,926,228.0,0,6,0.0,-9,0.0,Houthi extremists (Ansar Allah)
31631,1992,10,30,0,92,6,339,3462,30.79503,75.476073,1.0,0,0.0,1,0,2,14,4328,92.0,0,5,18.0,0,0.0,Sikh Extremists
80743,2017,6,7,0,147,11,108,619,11.840929,13.141459,1.0,0,1.0,1,1,3,14,13,147.0,0,6,2.0,-9,0.0,Boko Haram
43189,2006,7,29,0,186,6,218,2010,7.529372,81.794609,1.0,0,0.0,1,0,3,3,2519,186.0,0,6,0.0,-9,0.0,Liberation Tigers of Tamil Eelam (LTTE)
17134,1987,4,24,0,159,3,482,3356,-18.006645,-70.246245,1.0,0,0.0,1,0,3,15,4181,159.0,0,6,0.0,1,0.0,Shining Path (SL)
55290,2013,4,28,1,160,5,390,2666,7.373618,125.949926,1.0,0,0.0,1,0,6,3,3359,160.0,0,5,1.0,0,1.0,New People's Army (NPA)
65963,2015,2,20,0,214,9,146,1091,47.097279,37.59901,1.0,0,0.0,1,0,3,4,48,214.0,0,6,0.0,-9,0.0,Donetsk People's Republic
14106,1985,6,21,0,159,3,484,3299,-13.604444,-75.353111,1.0,0,0.0,1,0,3,19,233,159.0,0,6,1.0,1,0.0,Shining Path (SL)
22623,1989,8,2,0,159,3,475,3320,-11.822224,-75.392952,3.0,0,1.0,1,0,3,21,1761,159.0,0,6,0.0,1,0.0,Shining Path (SL)
49703,2011,5,29,0,147,11,112,624,11.08192,7.715956,1.0,0,1.0,1,0,3,14,13,147.0,0,6,0.0,1,0.0,Boko Haram
32736,1994,3,29,0,69,8,136,1021,41.930607,8.742907,1.0,0,0.0,1,0,3,2,330,69.0,0,6,0.0,1,0.0,Corsican National Liberation Front (FLNC)
11775,1984,3,15,0,61,2,158,1220,13.818333,-87.971389,1.0,0,0.0,1,0,2,4,1788,61.0,0,5,1.0,1,0.0,Farabundo Marti National Liberation Front (FMLN)
64486,2014,12,13,0,95,10,32,249,34.160587,42.37254,1.0,0,1.0,1,1,3,3,20,95.0,0,6,7.0,-9,0.0,Islamic State of Iraq and the Levant (ISIL)
24359,1990,3,7,0,92,6,339,3453,30.145293,74.199304,1.0,0,0.0,1,0,3,21,3027,92.0,0,6,0.0,1,0.0,Sikh Extremists
54563,2013,2,10,0,92,6,126,2201,25.540785,85.268411,1.0,0,0.0,1,0,6,14,2909,92.0,0,5,0.0,0,1.0,Maoists
50623,2011,12,10,0,147,11,119,647,5.900002,5.666517,1.0,0,0.0,1,0,3,15,1228,147.0,0,6,0.0,1,0.0,Boko Haram
52986,2012,8,16,0,95,10,33,248,33.303566,44.371773,1.0,0,1.0,1,0,3,1,595,95.0,0,6,14.0,1,0.0,Al-Qaida in Iraq
73371,2016,3,13,0,147,11,167,1435,7.822304,8.059946,2.0,0,1.0,1,0,2,14,27,147.0,0,5,0.0,1,0.0,Fulani extremists
72359,2016,1,18,0,160,5,0,20,6.665912,122.154839,1.0,0,1.0,1,0,3,11,79,160.0,0,6,0.0,1,0.0,Abu Sayyaf Group (ASG)
77685,2016,11,21,0,92,6,128,873,18.340368,81.18164,1.0,0,0.0,1,0,3,3,12,92.0,0,6,0.0,0,0.0,Maoists
49058,2010,12,19,0,92,6,129,884,22.451393,86.992203,1.0,1,0.0,1,0,7,14,1410,92.0,0,8,1.0,1,0.0,Communist Party of India - Maoist (CPI-Maoist)
10409,1983,6,23,0,185,8,86,518,43.291618,-1.977903,1.0,0,0.0,1,0,3,3,414,185.0,0,6,1.0,1,0.0,Basque Fatherland and Freedom (ETA)
46335,2009,4,6,0,95,10,33,248,33.303566,44.371773,1.0,0,0.0,1,0,3,2,543,95.0,0,6,2.0,-9,0.0,Al-Qaida in Iraq
1521,1973,10,28,0,96,8,195,1641,54.83279,-7.481274,1.0,0,0.0,1,0,1,4,2124,96.0,0,5,1.0,0,0.0,Irish Republican Army (IRA)
62834,2014,9,16,0,209,10,225,1844,37.331264,42.181782,3.0,0,1.0,1,0,7,8,51,209.0,0,8,0.0,1,0.0,Kurdistan Workers' Party (PKK)
81904,2017,8,14,0,209,10,226,1840,37.3,44.566667,3.0,0,0.0,1,0,3,1,559,209.0,0,6,2.0,1,0.0,Kurdistan Workers' Party (PKK)
14071,1985,6,15,0,183,11,18,138,-29.861824,31.008293,1.0,0,0.0,1,0,3,21,266,183.0,0,6,0.0,1,0.0,African National Congress (South Africa)
65470,2015,1,30,0,147,11,167,1363,7.560784,9.091568,1.0,0,1.0,1,0,2,14,27,147.0,0,5,2.0,1,0.0,Fulani extremists
27463,1991,6,4,0,159,3,480,3323,-14.789584,-71.412125,1.0,0,0.0,1,0,1,2,4127,159.0,0,5,2.0,0,0.0,Shining Path (SL)
28019,1991,8,2,0,92,6,339,3427,30.672393,74.755048,1.0,1,0.0,1,0,2,3,562,92.0,0,5,2.0,1,0.0,Sikh Extremists
69721,2015,8,25,0,147,11,108,737,11.459902,13.771974,2.0,0,0.0,1,0,2,14,27,147.0,0,5,24.0,1,0.0,Boko Haram
15378,1986,3,26,0,43,3,272,2103,-36.816006,-73.037659,1.0,0,1.0,1,0,3,1,2696,43.0,0,6,0.0,1,0.0,Manuel Rodriguez Patriotic Front (FPMR)
41948,2005,4,19,0,186,6,218,1987,8.5922,81.196796,3.0,0,0.0,1,0,2,4,2495,186.0,0,5,0.0,-9,0.0,Liberation Tigers of Tamil Eelam (LTTE)
81697,2017,7,31,0,182,11,68,405,2.059819,45.326115,1.0,0,0.0,1,0,3,14,13,182.0,0,6,0.0,1,0.0,Al-Shabaab
16849,1987,3,6,0,159,3,277,2111,-11.967368,-76.978462,1.0,0,1.0,1,0,3,1,4760,159.0,0,6,0.0,1,0.0,Tupac Amaru Revolutionary Movement (MRTA)
66144,2015,3,3,0,228,10,55,336,13.978683,45.429204,3.0,0,0.0,1,1,3,22,219,228.0,0,6,8.0,-9,0.0,Al-Qaida in the Arabian Peninsula (AQAP)
71123,2015,11,7,0,209,10,225,1915,37.429183,42.883131,2.0,0,0.0,1,0,3,4,2438,209.0,0,6,1.0,0,0.0,Kurdistan Workers' Party (PKK)
42319,2005,8,20,0,209,10,201,1830,36.976667,36.738466,3.0,1,0.0,1,0,3,19,2362,209.0,0,6,0.0,1,0.0,Kurdistan Workers' Party (PKK)
21384,1989,2,14,0,43,3,271,2099,-33.366238,-70.505302,1.0,0,0.0,1,0,3,3,2685,43.0,0,6,0.0,1,0.0,Manuel Rodriguez Patriotic Front (FPMR)
52515,2012,7,5,1,160,5,387,2744,8.312616,126.003615,1.0,1,0.0,1,0,6,1,52,160.0,0,5,0.0,1,1.0,New People's Army (NPA)
79426,2017,3,17,0,153,6,427,3803,34.109802,71.171071,2.0,1,0.0,1,0,2,4,2901,153.0,0,5,8.0,0,0.0,Tehrik-i-Taliban Pakistan (TTP)
12968,1984,10,26,0,145,2,449,2935,11.43857,-85.936974,1.0,0,0.0,1,0,2,4,3570,145.0,0,5,80.0,1,0.0,Nicaraguan Democratic Force (FDN)
72509,2016,1,27,0,92,6,131,2146,19.583711,83.500638,1.0,0,0.0,0,0,3,4,48,92.0,0,6,0.0,0,0.0,Maoists
63783,2014,11,2,0,147,11,168,1381,8.369124,8.770864,1.0,0,1.0,1,0,7,14,27,147.0,0,8,1.0,1,0.0,Fulani extremists
29934,1992,3,21,0,151,8,241,1851,59.913869,10.752245,1.0,0,0.0,1,0,7,7,2376,209.0,0,9,0.0,1,0.0,Kurdistan Workers' Party (PKK)
25566,1990,8,4,1,186,6,218,1983,7.730997,81.67473,3.0,0,0.0,1,0,6,14,2565,186.0,0,5,18.0,0,1.0,Liberation Tigers of Tamil Eelam (LTTE)
24869,1990,5,4,0,43,3,271,2114,-33.366238,-70.505302,1.0,0,0.0,1,0,3,1,2760,43.0,0,6,0.0,1,0.0,Manuel Rodriguez Patriotic Front (FPMR)
63781,2014,11,2,0,147,11,168,1394,8.973316,7.987165,1.0,0,1.0,1,0,7,14,27,147.0,0,8,1.0,1,0.0,Fulani extremists
43426,2006,11,23,0,186,6,218,2080,7.301756,81.67473,1.0,1,0.0,1,0,2,3,2618,186.0,0,5,4.0,0,0.0,Liberation Tigers of Tamil Eelam (LTTE)
33155,1994,6,17,0,45,3,363,2491,6.242026,-75.564766,1.0,0,1.0,1,0,3,1,3159,45.0,0,6,0.0,1,0.0,National Liberation Army of Colombia (ELN)
16750,1987,2,15,0,45,3,382,3162,4.06052,-74.692318,1.0,0,0.0,1,0,2,3,3896,45.0,0,5,1.0,1,0.0,Revolutionary Armed Forces of Colombia (FARC)
70982,2015,10,30,1,113,10,307,2370,32.867867,13.189067,1.0,1,0.0,1,0,6,14,3065,113.0,0,5,1.0,0,1.0,Muslim extremists
46888,2009,7,27,0,147,11,108,619,11.840929,13.141459,1.0,0,1.0,1,0,7,2,1267,147.0,0,8,0.0,1,0.0,Boko Haram
68022,2015,6,2,0,160,5,401,2647,13.832023,122.877813,1.0,0,0.0,0,0,2,4,48,160.0,0,5,1.0,0,0.0,New People's Army (NPA)
72929,2016,2,19,0,37,11,117,642,10.866518,14.150657,1.0,0,0.0,1,1,3,8,51,37.0,0,6,2.0,0,0.0,Boko Haram
44082,2007,8,17,0,4,6,320,3598,33.5,70.05,1.0,0,0.0,1,0,2,3,1090,4.0,0,5,1.0,0,0.0,Taliban
82258,2017,9,7,0,209,10,226,1917,37.558905,43.612458,1.0,0,0.0,0,0,1,2,2443,209.0,0,6,0.0,0,0.0,Kurdistan Workers' Party (PKK)
55052,2013,4,5,1,160,5,413,2678,16.753657,121.03983,1.0,0,0.0,1,0,6,3,85,160.0,0,5,3.0,0,-9.0,New People's Army (NPA)
77481,2016,11,11,1,160,5,0,24,6.741797,122.398145,4.0,1,0.0,1,0,4,11,151,223.0,0,5,3.0,0,1.0,Abu Sayyaf Group (ASG)
58962,2014,3,10,0,160,5,5,2670,6.748065,125.262741,1.0,0,1.0,1,0,2,3,175,160.0,0,5,3.0,-9,0.0,New People's Army (NPA)
18030,1987,9,11,0,159,3,277,2111,-11.967368,-76.978462,1.0,0,0.0,1,0,3,1,4809,159.0,0,6,0.0,1,0.0,Tupac Amaru Revolutionary Movement (MRTA)
36808,1998,2,24,0,603,8,190,1650,54.42071,-6.443767,1.0,0,0.0,1,0,3,14,2147,233.0,0,6,0.0,1,0.0,Irish Republican Army (IRA)
61288,2014,7,5,0,228,10,47,1556,14.221949,44.39045,2.0,0,0.0,1,0,3,14,1288,228.0,0,6,0.0,-9,0.0,Houthi extremists (Ansar Allah)
52234,2012,6,9,0,160,5,390,2765,7.508446,125.921654,1.0,0,0.0,1,0,3,4,3442,160.0,0,6,0.0,0,0.0,New People's Army (NPA)
64250,2014,11,29,0,228,10,50,366,15.931111,48.748056,1.0,0,0.0,1,0,3,4,559,228.0,0,6,3.0,1,0.0,Al-Qaida in the Arabian Peninsula (AQAP)
50973,2012,2,1,0,92,6,127,2140,23.846121,84.816828,1.0,0,0.0,1,0,3,3,563,92.0,0,6,3.0,1,0.0,Maoists
32906,1994,4,26,0,603,8,190,1609,54.607712,-5.95621,1.0,0,1.0,1,0,2,14,2072,216.0,0,5,0.0,0,0.0,Irish Republican Army (IRA)
29595,1992,2,1,0,186,6,262,1981,8.980118,79.912462,3.0,0,0.0,1,0,2,4,562,186.0,0,5,7.0,1,0.0,Liberation Tigers of Tamil Eelam (LTTE)
58915,2014,3,7,0,147,11,108,632,11.923489,13.607649,1.0,0,0.0,1,0,2,14,27,147.0,0,5,17.0,1,0.0,Boko Haram
71189,2015,11,11,0,182,11,66,439,2.099684,45.15723,1.0,0,0.0,1,1,3,4,162,422.0,0,6,1.0,0,0.0,Al-Shabaab
80764,2017,6,8,0,182,11,66,465,1.853883,44.7455,1.0,0,0.0,1,0,7,14,27,182.0,0,8,0.0,1,0.0,Al-Shabaab
35322,1996,5,20,0,185,8,87,514,37.884727,-4.779152,1.0,0,1.0,0,0,3,3,946,185.0,0,6,0.0,1,0.0,Basque Fatherland and Freedom (ETA)
35919,1996,11,28,0,45,3,363,2576,7.987804,-75.197092,1.0,0,0.0,1,0,1,2,3265,45.0,0,5,3.0,1,0.0,National Liberation Army of Colombia (ELN)
42159,2005,7,6,0,186,6,218,1988,7.414383,81.830633,1.0,0,0.0,1,0,2,3,2496,186.0,0,5,0.0,0,0.0,Liberation Tigers of Tamil Eelam (LTTE)
8240,1981,12,14,0,45,3,369,2501,6.46052,-71.72989,1.0,0,0.0,1,0,2,4,1762,45.0,0,5,3.0,1,0.0,National Liberation Army of Colombia (ELN)
76863,2016,10,6,0,92,6,127,807,23.810237,85.7652,1.0,0,1.0,1,0,3,19,1317,92.0,0,6,0.0,1,0.0,Communist Party of India - Maoist (CPI-Maoist)
49404,2011,3,17,0,92,6,126,857,25.266107,85.08016,1.0,0,0.0,1,0,8,2,1370,92.0,0,9,0.0,1,0.0,Communist Party of India - Maoist (CPI-Maoist)
15180,1986,2,11,0,603,8,190,1646,54.295497,-7.463576,1.0,0,0.0,1,0,1,3,2131,233.0,0,5,2.0,0,0.0,Irish Republican Army (IRA)
75320,2016,7,5,0,228,10,51,359,15.45639,45.324871,1.0,0,1.0,1,0,3,14,926,228.0,0,6,7.0,-9,0.0,Houthi extremists (Ansar Allah)
35348,1996,5,28,0,186,6,218,2040,9.703001,80.033931,1.0,0,0.0,1,0,3,20,6,186.0,0,6,4.0,1,0.0,Liberation Tigers of Tamil Eelam (LTTE)
55972,2013,7,6,0,160,5,1,2,6.066667,121.1,1.0,0,0.0,1,0,3,4,83,160.0,0,6,0.0,1,0.0,Abu Sayyaf Group (ASG)
4623,1979,1,18,0,603,8,49,1638,51.523072,0.592514,1.0,0,0.0,1,0,3,21,2112,216.0,0,6,0.0,1,0.0,Irish Republican Army (IRA)
56893,2013,9,24,1,160,5,5,2662,7.188989,125.456432,2.0,0,0.0,1,0,6,14,3355,160.0,0,5,1.0,0,1.0,New People's Army (NPA)
29729,1992,2,21,0,45,3,365,2494,8.69053,-73.66254,3.0,0,0.0,1,0,3,21,3148,45.0,0,6,0.0,1,0.0,National Liberation Army of Colombia (ELN)
72720,2016,2,7,0,147,11,167,1343,7.296636,9.250712,2.0,0,1.0,1,0,2,14,27,147.0,0,5,4.0,1,0.0,Fulani extremists
22492,1989,7,13,0,186,6,261,1974,6.941837,79.861687,1.0,0,0.0,1,0,1,17,2514,186.0,0,5,2.0,0,0.0,Liberation Tigers of Tamil Eelam (LTTE)
36456,1997,8,15,0,45,3,363,2524,7.07786,-74.70355,1.0,0,0.0,1,0,7,2,3221,45.0,0,8,0.0,1,0.0,National Liberation Army of Colombia (ELN)
8083,1981,10,21,0,183,11,21,215,-26.470138,29.110281,1.0,0,0.0,1,0,3,21,403,183.0,0,6,0.0,0,0.0,African National Congress (South Africa)
5099,1979,5,7,0,69,8,141,1053,41.387174,9.159269,1.0,0,0.0,1,0,3,20,1620,69.0,0,6,0.0,1,0.0,Corsican National Liberation Front (FLNC)
53367,2012,9,28,0,4,6,509,3529,32.689845,62.732388,3.0,0,0.0,0,0,1,2,4487,4.0,0,5,1.0,1,0.0,Taliban
55508,2013,5,22,0,603,8,49,1615,51.504387,-0.140041,1.0,0,0.0,1,0,2,4,497,216.0,1,9,1.0,0,0.0,Muslim extremists
26001,1990,10,20,0,159,3,486,3864,-6.488123,-76.3599,1.0,0,0.0,0,0,1,4,4838,159.0,0,5,0.0,0,0.0,Tupac Amaru Revolutionary Movement (MRTA)
82939,2017,10,29,0,228,10,53,315,15.325443,44.211895,1.0,0,0.0,1,0,7,7,260,195.0,0,5,0.0,1,0.0,Houthi extremists (Ansar Allah)
71742,2015,12,16,0,200,10,210,1773,35.928802,36.631451,1.0,0,0.0,1,0,2,14,2325,200.0,0,5,1.0,0,0.0,Islamic State of Iraq and the Levant (ISIL)
15920,1986,7,7,0,145,2,436,96,13.243611,-85.89596,1.0,0,0.0,1,0,2,4,1762,145.0,0,5,1.0,1,0.0,Nicaraguan Democratic Force (FDN)
35544,1996,7,30,0,160,5,7,48,7.751209,123.148704,1.0,0,0.0,1,0,7,8,80,160.0,0,8,1.0,1,0.0,Abu Sayyaf Group (ASG)
78285,2016,12,31,0,95,10,33,248,33.303566,44.371773,1.0,0,1.0,1,1,3,14,486,95.0,0,6,15.0,1,0.0,Islamic State of Iraq and the Levant (ISIL)
21411,1989,2,16,0,92,6,339,3399,30.898024,75.860077,1.0,0,0.0,1,0,1,1,4315,92.0,0,5,3.0,0,0.0,Sikh Extremists
47087,2009,9,10,0,92,6,130,913,22.124002,84.043175,1.0,0,1.0,1,0,3,3,576,92.0,0,6,0.0,1,0.0,Communist Party of India - Maoist (CPI-Maoist)
25335,1990,7,6,0,185,8,86,24,43.003305,-2.612578,4.0,1,1.0,1,0,3,1,974,185.0,0,6,0.0,1,0.0,Basque Fatherland and Freedom (ETA)
11455,1984,1,24,0,145,2,448,2903,12.398896,-86.813327,1.0,0,0.0,1,0,2,4,1762,145.0,0,5,1.0,1,0.0,Nicaraguan Democratic Force (FDN)
59998,2014,5,5,0,214,9,146,1114,48.851688,37.613808,1.0,0,0.0,1,0,2,4,162,214.0,0,5,35.0,1,0.0,Donetsk People's Republic
18899,1988,2,9,0,61,2,157,1209,13.933732,-89.025836,1.0,0,0.0,1,0,2,4,1762,61.0,0,5,0.0,1,0.0,Farabundo Marti National Liberation Front (FMLN)
40361,2002,10,3,0,160,5,4,15,6.929089,122.07885,1.0,0,0.0,1,0,3,15,62,160.0,0,6,0.0,1,0.0,Abu Sayyaf Group (ASG)
54878,2013,3,18,0,147,11,115,639,12.023287,8.536534,1.0,0,0.0,1,1,3,19,1252,147.0,0,6,39.0,1,0.0,Boko Haram
18087,1987,9,18,0,92,6,339,3412,31.633078,74.878288,1.0,0,0.0,0,0,1,1,4344,92.0,0,5,0.0,0,0.0,Sikh Extremists
22861,1989,8,30,0,159,3,277,2111,-11.967368,-76.978462,1.0,0,1.0,1,0,3,1,4819,159.0,0,6,0.0,1,0.0,Tupac Amaru Revolutionary Movement (MRTA)
66190,2015,3,6,0,214,9,146,1077,47.098835,37.81987,1.0,0,0.0,1,0,2,4,48,214.0,0,6,0.0,0,0.0,Donetsk People's Republic
83349,2017,12,3,0,228,10,53,315,15.325443,44.211895,1.0,0,0.0,1,0,3,14,2020,228.0,0,6,0.0,1,0.0,Houthi extremists (Ansar Allah)
11470,1984,1,26,0,159,3,477,3278,-13.152712,-74.218628,1.0,0,0.0,1,0,1,14,4093,159.0,0,5,1.0,0,0.0,Shining Path (SL)
20326,1988,9,15,0,183,11,19,134,-26.31468,27.828306,1.0,0,0.0,1,0,3,2,262,183.0,0,6,0.0,1,0.0,African National Congress (South Africa)
4992,1979,4,19,0,603,8,190,1613,54.347539,-6.656108,1.0,0,0.0,1,0,3,3,2107,233.0,0,6,1.0,1,0.0,Irish Republican Army (IRA)
15273,1986,3,11,0,145,2,437,24,13.78944,-86.012157,4.0,0,1.0,1,0,2,1,3581,145.0,0,5,1.0,1,0.0,Nicaraguan Democratic Force (FDN)
25295,1990,6,28,0,61,2,159,1207,13.344322,-88.437463,1.0,0,0.0,1,0,2,4,1844,61.0,0,5,0.0,1,0.0,Farabundo Marti National Liberation Front (FMLN)
25793,1990,9,7,0,45,3,375,2540,7.000556,-72.108333,1.0,0,0.0,1,0,3,21,3222,45.0,0,6,0.0,1,0.0,National Liberation Army of Colombia (ELN)
21459,1989,2,19,0,159,3,483,3862,-9.365146,-77.580569,1.0,0,0.0,1,0,2,17,4811,159.0,0,5,3.0,1,0.0,Tupac Amaru Revolutionary Movement (MRTA)
75284,2016,7,3,0,60,10,291,2354,31.126646,33.800865,1.0,0,0.0,1,0,3,3,559,60.0,0,6,0.0,0,0.0,Muslim extremists
8820,1982,6,3,0,97,10,458,3037,31.771599,35.2034,1.0,0,0.0,1,0,3,14,3734,97.0,0,6,0.0,1,0.0,Palestinians
42058,2005,5,29,0,69,8,136,1024,42.699997,9.447317,1.0,0,1.0,1,0,3,2,1637,69.0,0,6,0.0,1,0.0,Corsican National Liberation Front (FLNC)
7697,1981,5,27,0,603,8,190,1663,54.223033,-6.486782,1.0,0,0.0,1,0,2,3,2168,216.0,0,5,1.0,0,0.0,Irish Republican Army (IRA)
67827,2015,5,24,0,214,9,146,1121,47.206062,37.751823,1.0,1,0.0,1,0,2,4,1698,214.0,0,5,0.0,-9,0.0,Donetsk People's Republic
69168,2015,7,29,0,228,10,62,1544,13.733333,44.666667,1.0,0,0.0,1,0,3,14,1977,228.0,0,6,15.0,-9,0.0,Houthi extremists (Ansar Allah)
35730,1996,9,22,0,45,3,363,2491,6.242026,-75.564766,1.0,0,0.0,1,0,3,19,3176,45.0,0,6,8.0,1,0.0,National Liberation Army of Colombia (ELN)
18015,1987,9,9,0,159,3,477,3278,-13.152712,-74.218628,1.0,0,0.0,1,0,3,1,4130,159.0,0,6,0.0,1,0.0,Shining Path (SL)
9535,1982,12,22,0,185,8,86,512,43.258434,-2.921819,1.0,0,0.0,1,0,3,1,971,217.0,0,6,0.0,1,0.0,Basque Fatherland and Freedom (ETA)
63473,2014,10,16,0,228,10,47,309,13.966953,44.002258,1.0,0,1.0,1,0,2,3,524,228.0,0,5,2.0,1,0.0,Al-Qaida in the Arabian Peninsula (AQAP)
79468,2017,3,20,0,160,5,12,2704,7.730071,125.099395,1.0,0,0.0,0,0,2,4,48,160.0,0,5,0.0,0,0.0,New People's Army (NPA)
45541,2008,9,21,0,185,8,86,515,42.84964,-2.692359,1.0,0,1.0,0,0,7,3,1090,185.0,0,8,0.0,0,0.0,Basque Fatherland and Freedom (ETA)
68006,2015,6,1,0,214,9,146,1077,47.098835,37.81987,1.0,0,0.0,1,0,2,14,205,214.0,0,6,0.0,-9,0.0,Donetsk People's Republic
51706,2012,4,19,0,95,10,36,253,34.208416,43.890713,1.0,0,1.0,1,0,3,3,85,95.0,0,6,3.0,1,0.0,Al-Qaida in Iraq
14736,1985,11,7,0,159,3,277,2111,-11.967368,-76.978462,1.0,0,0.0,1,0,3,7,260,217.0,0,6,0.0,1,0.0,Tupac Amaru Revolutionary Movement (MRTA)
18384,1987,11,3,0,159,3,156,3326,-8.145109,-78.17352,1.0,0,0.0,1,0,1,2,4135,159.0,0,5,1.0,0,0.0,Shining Path (SL)
37392,1999,6,3,0,159,3,477,3278,-13.152712,-74.218628,1.0,0,0.0,1,0,2,14,4188,159.0,0,5,6.0,0,0.0,Shining Path (SL)
13866,1985,5,16,0,61,2,159,24,13.447063,-88.556531,4.0,0,1.0,1,0,3,21,1774,61.0,0,6,0.0,1,0.0,Farabundo Marti National Liberation Front (FMLN)
12465,1984,7,11,0,159,3,477,2744,-12.597099,-73.830879,1.0,0,0.0,1,0,2,14,4119,159.0,0,5,25.0,1,1.0,Shining Path (SL)
56348,2013,8,7,0,60,10,291,2354,31.126646,33.800865,1.0,0,0.0,1,0,2,2,3102,60.0,0,5,1.0,0,0.0,Muslim extremists
38646,2000,11,29,0,155,10,456,3082,32.125639,35.310226,1.0,1,0.0,1,0,2,14,3740,155.0,0,5,0.0,0,0.0,Palestinians
42114,2005,6,18,0,186,6,218,2004,8.324973,81.30074,1.0,0,0.0,1,0,2,3,2509,186.0,0,5,1.0,0,0.0,Liberation Tigers of Tamil Eelam (LTTE)
82263,2017,9,8,0,147,11,118,1310,9.85125,8.683428,1.0,0,1.0,1,0,2,14,27,147.0,0,5,10.0,0,0.0,Fulani extremists
64414,2014,12,9,0,214,9,146,1076,47.981647,37.762325,1.0,0,0.0,1,0,2,4,1701,214.0,0,6,0.0,-9,0.0,Donetsk People's Republic
10380,1983,6,16,0,159,3,277,2111,-11.967368,-76.978462,1.0,0,0.0,1,0,3,1,4132,159.0,0,6,1.0,1,0.0,Shining Path (SL)
14246,1985,7,15,0,183,11,20,139,-32.985771,27.866086,1.0,1,0.0,1,0,2,3,267,183.0,0,5,3.0,1,0.0,African National Congress (South Africa)
70410,2015,10,2,0,147,11,122,683,8.876564,7.244026,1.0,0,1.0,1,1,3,3,175,147.0,0,6,6.0,1,0.0,Boko Haram
57038,2013,10,7,0,45,3,367,3205,7.100893,-73.846207,1.0,0,0.0,1,0,3,21,3187,45.0,0,6,0.0,1,0.0,Revolutionary Armed Forces of Colombia (FARC)
15979,1986,7,23,0,185,8,86,518,43.291618,-1.977903,1.0,0,0.0,1,0,2,14,1021,69.0,0,8,0.0,1,0.0,Basque Fatherland and Freedom (ETA)
52671,2012,7,23,0,95,10,33,248,33.303566,44.371773,1.0,0,1.0,1,0,3,1,512,95.0,0,6,3.0,1,0.0,Al-Qaida in Iraq
16851,1987,3,6,0,159,3,277,2111,-11.967368,-76.978462,1.0,0,1.0,1,0,3,1,4760,159.0,0,6,0.0,1,0.0,Tupac Amaru Revolutionary Movement (MRTA)
20381,1988,9,28,0,183,11,25,181,-34.057188,18.865482,1.0,0,0.0,1,0,3,2,333,183.0,0,6,0.0,1,0.0,African National Congress (South Africa)
17972,1987,9,2,0,186,6,218,1972,8.457907,81.268402,1.0,0,1.0,1,0,7,1,1248,186.0,0,8,0.0,1,0.0,Muslim extremists
14280,1985,7,21,0,45,3,368,3183,1.97449,-75.93196,1.0,0,0.0,1,0,2,4,1772,45.0,0,5,2.0,1,0.0,Revolutionary Armed Forces of Colombia (FARC)
23161,1989,9,25,0,155,10,327,1474,31.502407,34.459743,1.0,0,0.0,1,0,1,7,3774,155.0,0,9,1.0,0,0.0,Palestinians
18794,1988,1,24,0,69,8,136,1021,41.930607,8.742907,1.0,0,1.0,1,0,3,14,1554,69.0,0,6,0.0,1,0.0,Corsican National Liberation Front (FLNC)
77603,2016,11,17,0,60,10,291,24,30.608472,33.617577,4.0,0,0.0,0,0,3,20,6,60.0,0,6,0.0,0,0.0,Muslim extremists
52688,2012,7,23,0,95,10,37,266,35.713266,41.760647,1.0,0,1.0,1,1,3,3,85,95.0,0,6,1.0,1,0.0,Al-Qaida in Iraq
44637,2008,3,21,0,4,6,528,24,36.896969,65.665857,4.0,0,0.0,1,0,2,2,4482,4.0,0,9,1.0,0,0.0,Taliban
13598,1985,4,11,0,43,3,271,2106,-33.686068,-71.216633,1.0,0,0.0,1,0,3,19,56,43.0,0,6,0.0,1,0.0,Manuel Rodriguez Patriotic Front (FPMR)
24341,1990,3,3,0,159,3,477,3278,-13.152712,-74.218628,1.0,0,0.0,1,0,1,2,4146,159.0,0,5,1.0,0,0.0,Shining Path (SL)
9046,1982,8,19,0,110,10,457,3034,33.888523,35.503513,1.0,0,0.0,1,0,3,2,3627,110.0,0,6,0.0,1,0.0,Palestinians
12203,1984,5,13,0,183,11,18,138,-29.861824,31.008293,1.0,0,0.0,1,0,3,21,392,217.0,0,6,3.0,1,0.0,African National Congress (South Africa)
69313,2015,8,5,0,4,6,518,24,35.804295,69.287754,4.0,0,1.0,1,0,7,15,215,4.0,0,8,0.0,1,0.0,Taliban
64230,2014,11,28,0,214,9,146,1076,47.981647,37.762325,1.0,0,0.0,1,0,3,4,1701,214.0,0,6,1.0,-9,0.0,Donetsk People's Republic
64408,2014,12,8,0,28,9,297,2357,45.183961,15.828342,1.0,0,0.0,0,0,1,15,3029,28.0,0,9,0.0,0,0.0,Muslim extremists
49519,2011,4,14,1,92,6,128,873,18.340368,81.18164,1.0,1,0.0,1,0,2,4,1388,92.0,0,5,33.0,-9,1.0,Communist Party of India - Maoist (CPI-Maoist)
11746,1984,3,11,0,603,8,190,1613,54.347539,-6.656108,1.0,0,0.0,0,0,3,4,2185,216.0,0,6,0.0,0,0.0,Irish Republican Army (IRA)
58065,2014,1,14,0,95,10,32,270,33.403057,43.911865,1.0,0,1.0,1,0,3,14,820,95.0,0,6,1.0,1,0.0,Islamic State of Iraq and the Levant (ISIL)
21658,1989,3,11,0,43,3,271,2099,-33.366238,-70.505302,1.0,0,0.0,1,0,3,21,1761,43.0,0,6,0.0,1,0.0,Manuel Rodriguez Patriotic Front (FPMR)
24065,1990,1,14,0,69,8,136,1024,42.699997,9.447317,1.0,0,0.0,1,0,5,1,1621,69.0,0,5,0.0,1,1.0,Corsican National Liberation Front (FLNC)
74300,2016,5,8,0,147,11,170,1347,8.586602,10.36172,2.0,0,1.0,1,0,2,14,27,147.0,0,5,2.0,1,0.0,Fulani extremists
20294,1988,9,10,0,183,11,19,216,-26.252697,27.870275,1.0,0,0.0,1,0,3,3,404,183.0,0,6,1.0,1,0.0,African National Congress (South Africa)
20511,1988,10,15,0,183,11,18,138,-29.861824,31.008293,1.0,0,0.0,1,0,3,2,296,183.0,0,6,0.0,1,0.0,African National Congress (South Africa)
16216,1986,9,16,0,145,2,453,2981,11.6002,-86.211617,1.0,0,0.0,1,0,2,4,1772,145.0,0,5,1.0,1,0.0,Nicaraguan Democratic Force (FDN)
60676,2014,6,7,0,214,9,146,1074,48.596962,37.998299,1.0,0,0.0,1,0,3,4,1696,214.0,0,6,0.0,1,0.0,Donetsk People's Republic
21656,1989,3,11,0,43,3,271,2099,-33.366238,-70.505302,1.0,0,0.0,1,0,7,19,56,43.0,0,8,0.0,1,0.0,Manuel Rodriguez Patriotic Front (FPMR)
39403,2001,8,23,0,45,3,363,2491,6.242026,-75.564766,1.0,0,1.0,1,0,3,1,3170,45.0,0,6,0.0,1,0.0,National Liberation Army of Colombia (ELN)
28637,1991,10,11,0,97,10,460,3040,32.08297,34.811886,1.0,0,0.0,1,0,8,4,3726,97.0,0,10,2.0,0,0.0,Palestinians
59846,2014,4,28,0,92,6,126,2231,25.180788,85.965391,3.0,0,0.0,1,0,3,3,167,92.0,0,6,0.0,1,0.0,Maoists
33007,1994,5,14,0,209,10,225,1832,37.522653,42.452637,1.0,1,0.0,1,0,2,4,562,209.0,0,5,2.0,1,0.0,Kurdistan Workers' Party (PKK)
49113,2011,1,4,0,182,11,65,402,3.115641,43.64658,1.0,0,0.0,1,0,2,14,851,182.0,0,9,0.0,0,0.0,Al-Shabaab
9059,1982,8,19,0,159,3,277,3339,-11.967368,-76.978462,1.0,0,0.0,1,0,3,21,1761,159.0,0,6,1.0,1,0.0,Shining Path (SL)
18842,1988,1,30,0,159,3,535,3860,-16.609087,-71.215523,1.0,0,0.0,1,0,3,3,2184,159.0,0,5,0.0,1,0.0,Tupac Amaru Revolutionary Movement (MRTA)
7686,1981,5,21,0,183,11,18,214,-29.81536,30.849844,1.0,0,0.0,1,0,3,2,397,183.0,0,6,0.0,1,0.0,African National Congress (South Africa)
20473,1988,10,9,0,45,3,368,2497,1.878548,-76.267099,3.0,0,0.0,1,0,3,19,3152,45.0,0,6,0.0,1,0.0,National Liberation Army of Colombia (ELN)
35207,1996,4,7,0,160,5,1,2,6.088221,121.109329,1.0,0,0.0,1,0,2,4,116,160.0,0,5,4.0,1,0.0,Abu Sayyaf Group (ASG)
67243,2015,4,29,0,4,6,513,3535,31.60063,64.369652,1.0,0,0.0,1,0,3,3,559,4.0,0,6,0.0,1,0.0,Taliban
65726,2015,2,10,0,60,10,293,237,31.210951,29.946908,1.0,0,1.0,1,0,3,3,1106,60.0,0,6,0.0,-9,0.0,Muslim extremists
83365,2017,12,4,0,147,11,113,1352,9.374888,12.093306,2.0,0,1.0,1,0,2,14,27,147.0,0,5,1.0,1,0.0,Fulani extremists
31835,1992,11,16,0,159,3,277,2111,-11.967368,-76.978462,1.0,0,0.0,1,0,3,1,4157,159.0,0,6,0.0,1,0.0,Shining Path (SL)
52517,2012,7,5,0,182,11,69,406,4.120602,43.890526,1.0,1,0.0,1,0,2,4,228,65.0,0,5,11.0,1,0.0,Al-Shabaab
55437,2013,5,14,0,95,10,33,248,33.303566,44.371773,1.0,0,0.0,1,0,2,1,3086,95.0,0,5,12.0,0,0.0,Muslim extremists
62593,2014,9,3,0,4,6,523,3595,33.318998,62.184034,3.0,0,0.0,1,0,3,4,48,4.0,0,6,11.0,0,0.0,Taliban
35848,1996,10,19,0,185,8,86,518,43.291618,-1.977903,1.0,0,1.0,1,0,3,2,1111,185.0,0,6,0.0,1,0.0,Basque Fatherland and Freedom (ETA)
80081,2017,4,29,0,4,6,518,3593,36.298439,68.638029,3.0,0,0.0,1,0,2,14,810,4.0,0,5,13.0,0,0.0,Taliban
64841,2015,1,2,0,228,10,58,339,13.063399,44.880882,1.0,0,0.0,1,0,2,2,756,228.0,0,5,0.0,0,0.0,Al-Qaida in the Arabian Peninsula (AQAP)
11229,1983,12,11,0,145,2,445,2861,12.833333,-87.366667,1.0,0,0.0,1,0,6,4,1762,145.0,0,5,1.0,1,1.0,Nicaraguan Democratic Force (FDN)
14785,1985,11,18,0,603,8,190,1610,55.011562,-7.312045,1.0,0,0.0,1,0,1,4,2162,233.0,0,5,1.0,0,0.0,Irish Republican Army (IRA)
80927,2017,6,17,0,182,11,69,406,4.120602,43.890526,1.0,0,0.0,1,0,2,4,577,182.0,0,6,5.0,-9,0.0,Al-Shabaab
41058,2003,8,3,0,69,8,136,1023,42.104248,9.512429,1.0,0,0.0,1,0,3,14,1557,69.0,0,6,0.0,1,0.0,Corsican National Liberation Front (FLNC)
3554,1977,10,11,0,45,3,363,2491,6.242026,-75.564766,1.0,0,0.0,1,0,1,14,3173,45.0,0,5,2.0,0,0.0,National Liberation Army of Colombia (ELN)
26305,1990,12,10,0,159,3,277,2111,-11.967368,-76.978462,1.0,0,0.0,1,0,3,7,4216,217.0,0,6,0.0,1,0.0,Tupac Amaru Revolutionary Movement (MRTA)
65510,2015,1,31,0,160,5,425,2781,13.795153,122.251963,1.0,0,0.0,1,0,2,4,3457,160.0,0,5,2.0,1,0.0,New People's Army (NPA)
45650,2008,10,22,1,153,6,534,3779,35.079406,72.428758,3.0,0,0.0,1,0,6,3,4632,153.0,0,9,1.0,0,1.0,Tehrik-i-Taliban Pakistan (TTP)
62534,2014,8,28,0,110,10,204,2381,34.183155,36.442126,2.0,0,0.0,1,0,2,4,562,110.0,0,5,1.0,1,-9.0,Muslim extremists
54900,2013,3,19,0,95,10,33,248,33.303566,44.371773,1.0,0,1.0,1,0,3,3,175,95.0,0,6,5.0,0,0.0,Al-Qaida in Iraq
54317,2013,1,17,0,95,10,33,248,33.303566,44.371773,1.0,0,1.0,1,0,2,2,532,95.0,0,5,0.0,0,0.0,Al-Qaida in Iraq
51141,2012,2,23,0,95,10,34,283,33.693947,45.067425,1.0,0,1.0,1,0,3,14,13,95.0,0,6,0.0,-9,0.0,Al-Qaida in Iraq
15171,1986,2,7,0,160,5,395,2726,11.263605,122.688646,1.0,0,0.0,0,0,1,2,3412,160.0,0,5,0.0,0,0.0,New People's Army (NPA)
69134,2015,7,27,0,173,10,184,1524,16.576572,43.093524,1.0,0,0.0,1,0,3,14,1288,173.0,0,6,0.0,-9,0.0,Houthi extremists (Ansar Allah)
19488,1988,5,3,1,45,3,363,2491,6.242026,-75.564766,1.0,0,0.0,1,0,6,10,3227,45.0,0,5,0.0,0,1.0,National Liberation Army of Colombia (ELN)
10676,1983,8,9,0,61,2,148,1173,13.85077,-88.90406,1.0,0,0.0,1,0,2,4,1772,61.0,0,5,5.0,1,0.0,Farabundo Marti National Liberation Front (FMLN)
6450,1980,4,4,0,183,11,19,193,-25.71265,28.127227,1.0,0,0.0,1,0,3,3,354,183.0,0,6,0.0,1,0.0,African National Congress (South Africa)
79627,2017,3,30,0,104,11,67,404,2.809093,40.927444,1.0,0,0.0,1,0,4,2,559,104.0,0,5,0.0,1,1.0,Al-Shabaab
26117,1990,11,6,0,155,10,456,3033,32.222271,35.253506,1.0,0,0.0,1,0,1,14,3736,155.0,0,5,0.0,0,0.0,Palestinians
41949,2005,4,20,0,141,6,266,2186,26.760601,85.926979,1.0,0,0.0,1,0,3,3,2900,141.0,0,6,4.0,1,0.0,Maoists
44415,2007,12,13,0,160,5,1,24,6.05519,121.001323,4.0,0,0.0,1,0,3,2,148,160.0,0,6,0.0,1,0.0,Abu Sayyaf Group (ASG)
75539,2016,7,20,0,603,8,49,2351,52.646771,0.552781,1.0,0,0.0,0,0,6,4,497,216.0,0,9,0.0,0,0.0,Muslim extremists
69804,2015,8,29,1,209,10,224,1817,39.022974,39.605467,3.0,0,0.0,1,0,6,14,2356,209.0,0,8,1.0,1,1.0,Kurdistan Workers' Party (PKK)
14813,1985,11,25,0,43,3,272,2108,-36.748146,-73.11232,1.0,0,0.0,1,0,3,3,2712,43.0,0,6,1.0,1,0.0,Manuel Rodriguez Patriotic Front (FPMR)
44719,2008,4,8,0,95,10,34,283,33.693947,45.067425,1.0,1,0.0,1,0,3,19,556,95.0,0,6,6.0,0,0.0,Al-Qaida in Iraq
52825,2012,8,4,0,147,11,108,619,11.840929,13.141459,1.0,0,0.0,1,0,2,4,48,147.0,0,5,1.0,0,0.0,Boko Haram
41711,2004,12,6,0,185,8,99,546,38.34521,-0.480995,3.0,0,1.0,1,0,3,20,6,185.0,0,6,0.0,1,0.0,Basque Fatherland and Freedom (ETA)
18835,1988,1,29,0,185,8,86,512,43.258434,-2.921819,1.0,0,0.0,0,0,3,3,1078,185.0,0,6,0.0,1,0.0,Basque Fatherland and Freedom (ETA)
8391,1982,2,16,0,185,8,86,562,43.353607,-2.907457,1.0,0,0.0,1,0,1,3,1034,185.0,0,5,1.0,0,0.0,Basque Fatherland and Freedom (ETA)
19301,1988,4,11,0,43,3,270,2100,-33.050125,-71.612251,1.0,0,0.0,1,0,3,1,2692,43.0,0,6,0.0,1,0.0,Manuel Rodriguez Patriotic Front (FPMR)
75328,2016,7,5,0,228,10,51,359,15.45639,45.324871,1.0,0,1.0,1,0,3,14,853,228.0,0,6,0.0,1,0.0,Houthi extremists (Ansar Allah)
75084,2016,6,22,0,95,10,36,1764,34.430824,44.0191,1.0,0,1.0,1,0,3,21,2320,95.0,0,6,0.0,1,0.0,Islamic State of Iraq and the Levant (ISIL)
52705,2012,7,23,0,95,10,33,248,33.303566,44.371773,1.0,0,1.0,1,0,3,1,542,95.0,0,6,0.0,0,0.0,Al-Qaida in Iraq
33395,1994,8,26,0,69,8,136,1021,41.930607,8.742907,1.0,0,0.0,1,0,3,1,766,69.0,0,6,0.0,1,0.0,Corsican National Liberation Front (FLNC)
47073,2009,9,6,0,228,10,57,1565,16.249994,45.478097,4.0,0,0.0,1,0,2,14,13,228.0,0,5,12.0,1,0.0,Houthi extremists (Ansar Allah)
79524,2017,3,23,0,173,10,188,1540,17.651777,43.526192,1.0,0,0.0,1,0,3,3,577,173.0,0,6,1.0,-9,0.0,Houthi extremists (Ansar Allah)
64911,2015,1,6,0,228,10,55,336,14.0475,45.381111,3.0,0,0.0,1,0,1,14,669,228.0,0,5,5.0,1,0.0,Al-Qaida in the Arabian Peninsula (AQAP)
73357,2016,3,13,0,147,11,167,1298,7.258787,8.805645,1.0,0,1.0,1,0,2,14,27,147.0,0,5,0.0,1,0.0,Fulani extremists
76864,2016,10,6,0,92,6,127,811,23.669296,86.151112,3.0,0,1.0,1,0,5,19,1320,92.0,0,5,0.0,1,1.0,Communist Party of India - Maoist (CPI-Maoist)
9482,1982,12,8,0,45,3,385,24,8.402925,-75.899867,4.0,0,0.0,1,0,1,14,3853,45.0,0,5,7.0,0,0.0,Revolutionary Armed Forces of Colombia (FARC)
59595,2014,4,12,1,214,9,146,1114,48.851688,37.613808,1.0,0,1.0,1,0,5,3,1718,214.0,0,5,1.0,1,1.0,Donetsk People's Republic
35044,1996,1,31,0,186,6,261,1974,6.941837,79.861687,1.0,0,0.0,1,1,3,1,766,186.0,0,6,90.0,1,0.0,Liberation Tigers of Tamil Eelam (LTTE)
53484,2012,10,9,0,93,5,319,2392,-1.40232,120.758233,1.0,0,1.0,1,0,3,14,3058,93.0,0,6,0.0,1,0.0,Muslim extremists
76152,2016,8,26,0,209,10,226,1862,37.377975,44.085653,1.0,0,0.0,1,0,2,1,112,209.0,0,5,2.0,0,0.0,Kurdistan Workers' Party (PKK)
62660,2014,9,9,0,147,11,124,1318,12.101014,6.724175,2.0,0,1.0,1,0,6,14,27,147.0,0,5,1.0,1,1.0,Fulani extremists
15949,1986,7,14,0,45,3,369,2499,7.08582,-70.75779,1.0,0,1.0,1,0,7,21,3154,45.0,0,8,2.0,1,0.0,National Liberation Army of Colombia (ELN)
49548,2011,4,23,0,153,6,427,3784,34.866207,71.526382,1.0,0,0.0,1,1,3,14,4639,153.0,0,6,6.0,1,0.0,Tehrik-i-Taliban Pakistan (TTP)
22491,1989,7,12,0,209,10,225,1832,37.519392,42.461042,1.0,1,0.0,1,0,6,14,2431,209.0,0,5,0.0,0,1.0,Kurdistan Workers' Party (PKK)
19252,1988,3,29,0,43,3,271,2099,-33.366238,-70.505302,1.0,0,1.0,1,0,2,19,56,43.0,0,8,0.0,1,0.0,Manuel Rodriguez Patriotic Front (FPMR)
73458,2016,3,18,0,209,10,228,1855,37.080181,41.220196,1.0,0,0.0,1,0,3,3,559,209.0,0,6,1.0,0,0.0,Kurdistan Workers' Party (PKK)
58198,2014,1,21,0,182,11,70,408,-0.357847,42.54665,1.0,0,0.0,0,0,2,4,882,422.0,0,5,0.0,0,0.0,Al-Shabaab
78972,2017,2,15,0,153,6,353,3782,33.993872,71.860098,1.0,0,0.0,1,0,2,2,4637,153.0,0,5,1.0,0,0.0,Tehrik-i-Taliban Pakistan (TTP)
12909,1984,10,10,0,69,8,138,1026,43.296482,5.36978,1.0,0,0.0,1,0,3,1,1605,69.0,0,6,0.0,1,0.0,Corsican National Liberation Front (FLNC)
62845,2014,9,17,0,147,11,112,1289,10.470701,7.779848,2.0,0,1.0,1,0,2,14,27,147.0,0,5,30.0,1,0.0,Fulani extremists
64884,2015,1,4,0,228,10,50,327,14.769764,49.374268,1.0,0,0.0,1,0,2,2,559,228.0,0,5,0.0,1,0.0,Al-Qaida in the Arabian Peninsula (AQAP)
2272,1975,8,11,0,603,8,190,1609,54.607712,-5.95621,1.0,0,0.0,1,0,2,4,2078,233.0,0,5,1.0,0,0.0,Irish Republican Army (IRA)
18942,1988,2,14,0,159,3,478,3280,-10.680652,-76.259918,1.0,0,0.0,1,0,3,1,4771,159.0,0,6,0.0,1,0.0,Tupac Amaru Revolutionary Movement (MRTA)
25386,1990,7,14,1,92,6,339,24,31.147131,75.341218,4.0,0,0.0,1,0,6,3,92,92.0,0,5,1.0,0,1.0,Sikh Extremists
23075,1989,9,15,0,183,11,19,170,-26.371483,28.408806,1.0,0,0.0,0,0,3,3,308,183.0,0,6,1.0,1,0.0,African National Congress (South Africa)
13553,1985,3,28,0,159,3,277,2111,-11.967368,-76.978462,1.0,0,1.0,1,0,3,9,4818,159.0,0,6,1.0,1,0.0,Tupac Amaru Revolutionary Movement (MRTA)
75035,2016,6,20,0,147,11,167,1351,7.720561,9.212275,2.0,0,1.0,1,0,2,14,27,147.0,0,5,1.0,0,0.0,Fulani extremists
26124,1990,11,7,0,185,8,86,518,43.291618,-1.977903,1.0,0,0.0,0,0,3,19,987,185.0,0,6,0.0,1,0.0,Basque Fatherland and Freedom (ETA)
49545,2011,4,22,0,228,10,52,329,13.129726,45.385571,1.0,0,0.0,1,0,2,3,691,228.0,0,5,1.0,-9,0.0,Al-Qaida in the Arabian Peninsula (AQAP)
21761,1989,3,26,0,159,3,475,3329,-12.068306,-75.210163,1.0,0,0.0,1,0,1,3,4863,159.0,0,5,1.0,0,0.0,Tupac Amaru Revolutionary Movement (MRTA)
27540,1991,6,12,0,159,3,277,2111,-11.967368,-76.978462,1.0,0,1.0,1,0,3,1,766,159.0,0,6,0.0,1,0.0,Tupac Amaru Revolutionary Movement (MRTA)
73094,2016,2,28,0,228,10,47,24,14.141572,44.247902,4.0,0,0.0,1,0,3,20,6,228.0,0,6,0.0,0,0.0,Houthi extremists (Ansar Allah)
66566,2015,3,26,0,160,5,411,2736,8.968959,125.336637,2.0,0,0.0,0,0,1,2,3422,160.0,0,5,0.0,1,0.0,New People's Army (NPA)
14140,1985,6,30,0,160,5,411,2780,8.948247,125.541107,1.0,0,1.0,1,0,2,2,3456,160.0,0,5,14.0,1,0.0,New People's Army (NPA)
39143,2001,6,20,0,160,5,388,2621,10.185557,123.11749,1.0,0,0.0,1,0,2,4,3327,160.0,0,5,2.0,-9,0.0,New People's Army (NPA)
29529,1992,1,23,0,159,3,475,3854,-11.254239,-74.636893,1.0,0,0.0,1,0,2,4,1788,159.0,0,5,7.0,1,0.0,Tupac Amaru Revolutionary Movement (MRTA)
20727,1988,11,18,0,159,3,277,2111,-11.967368,-76.978462,1.0,0,0.0,1,0,3,1,560,159.0,0,6,0.0,1,0.0,Tupac Amaru Revolutionary Movement (MRTA)
59741,2014,4,20,0,147,11,167,1329,6.783611,9.069722,1.0,0,0.0,1,0,3,15,1211,147.0,0,6,0.0,-9,0.0,Fulani extremists
8919,1982,7,12,0,159,3,477,3292,-14.385277,-73.962606,1.0,0,0.0,1,0,2,3,1819,159.0,0,5,1.0,1,0.0,Shining Path (SL)
15932,1986,7,9,0,603,8,190,1612,54.077313,-6.608787,1.0,0,0.0,1,0,3,4,2176,216.0,0,6,2.0,1,0.0,Irish Republican Army (IRA)
32576,1994,3,6,0,209,10,225,24,37.422746,42.492326,4.0,0,0.0,1,0,2,4,1788,209.0,0,5,12.0,1,0.0,Kurdistan Workers' Party (PKK)
44339,2007,11,19,0,92,6,129,848,23.332078,86.365208,3.0,0,0.0,1,0,1,22,2897,92.0,0,5,1.0,0,0.0,Maoists
19672,1988,6,1,0,160,5,414,2688,18.537136,120.765284,1.0,0,0.0,1,0,6,2,3377,160.0,0,5,1.0,0,1.0,New People's Army (NPA)
20930,1988,12,12,0,43,3,271,2099,-33.366238,-70.505302,1.0,0,0.0,1,0,2,3,2792,43.0,0,5,0.0,1,0.0,Manuel Rodriguez Patriotic Front (FPMR)
20061,1988,7,29,0,183,11,19,148,-26.103533,28.097631,1.0,0,0.0,1,0,3,1,282,183.0,0,6,0.0,1,0.0,African National Congress (South Africa)
6248,1980,2,18,0,97,10,266,3083,31.928793,34.866657,1.0,0,0.0,0,0,3,14,3746,97.0,0,6,0.0,0,0.0,Palestinians
5690,1979,10,8,0,185,8,91,525,43.46096,-3.807934,1.0,0,0.0,1,0,2,3,959,185.0,0,5,3.0,1,0.0,Basque Fatherland and Freedom (ETA)
82169,2017,8,31,0,92,6,126,2223,25.18041,86.259059,1.0,0,0.0,1,0,6,14,2922,92.0,0,5,1.0,0,1.0,Maoists
33110,1994,6,10,0,209,10,229,24,40.613181,42.976624,4.0,0,0.0,1,0,1,14,2442,209.0,0,5,2.0,0,0.0,Kurdistan Workers' Party (PKK)
81051,2017,6,22,1,147,11,176,1349,6.751852,4.877997,1.0,0,0.0,1,0,6,2,1919,147.0,0,5,1.0,0,1.0,Fulani extremists
63229,2014,10,5,0,167,9,323,2404,43.320229,45.654491,1.0,0,0.0,1,1,3,14,3067,167.0,0,6,6.0,-9,0.0,Muslim extremists
47512,2010,1,18,0,92,6,126,929,25.296631,85.017377,1.0,0,0.0,1,0,3,19,1452,92.0,0,6,0.0,1,0.0,Communist Party of India - Maoist (CPI-Maoist)
75307,2016,7,4,0,147,11,108,739,12.672691,13.616723,3.0,0,1.0,1,1,3,14,1272,147.0,0,6,2.0,0,0.0,Boko Haram
27389,1991,5,29,0,69,8,136,1021,41.930607,8.742907,1.0,0,0.0,1,0,3,2,1600,69.0,0,6,0.0,1,0.0,Corsican National Liberation Front (FLNC)
49996,2011,8,21,0,228,10,52,333,13.932036,46.083254,1.0,0,0.0,1,1,3,2,660,228.0,0,6,5.0,1,0.0,Al-Qaida in the Arabian Peninsula (AQAP)
11328,1984,1,1,0,603,8,190,1645,54.645861,-6.745149,1.0,0,0.0,1,0,3,1,2133,233.0,0,6,0.0,1,0.0,Irish Republican Army (IRA)
42167,2005,7,7,0,92,6,130,2204,21.320179,84.260115,1.0,0,0.0,1,0,2,14,6,92.0,0,5,5.0,0,0.0,Maoists
59682,2014,4,17,0,182,11,73,432,3.162307,42.493771,1.0,0,0.0,1,0,2,4,856,422.0,0,5,7.0,-9,0.0,Al-Shabaab
28941,1991,11,5,0,155,10,327,2347,31.278791,34.256435,1.0,0,0.0,0,0,1,14,3737,155.0,0,9,0.0,0,0.0,Palestinians
30707,1992,7,11,0,186,6,263,2018,8.345185,80.388133,1.0,1,0.0,1,0,2,4,167,186.0,0,5,40.0,1,0.0,Liberation Tigers of Tamil Eelam (LTTE)
50195,2011,10,20,0,92,6,131,878,21.63869,85.606944,1.0,0,0.0,1,0,3,4,641,92.0,0,6,0.0,1,0.0,Communist Party of India - Maoist (CPI-Maoist)
57291,2013,11,1,0,153,6,468,3124,24.891115,67.143311,1.0,0,0.0,1,0,2,1,4678,153.0,0,5,2.0,1,0.0,Tehrik-i-Taliban Pakistan (TTP)
14357,1985,8,10,0,145,2,440,2972,12.267322,-85.382162,1.0,0,0.0,1,0,2,4,562,145.0,0,5,0.0,1,0.0,Nicaraguan Democratic Force (FDN)
54877,2013,3,18,0,153,6,353,3722,34.006004,71.53743,1.0,0,0.0,1,1,3,2,4676,153.0,0,6,6.0,1,0.0,Tehrik-i-Taliban Pakistan (TTP)
47725,2010,3,9,0,160,5,1,26,5.9735,120.9698,1.0,0,0.0,1,0,2,12,168,153.0,0,5,0.0,1,0.0,Abu Sayyaf Group (ASG)
25631,1990,8,15,0,92,6,339,24,31.147131,75.341218,4.0,0,0.0,1,0,3,19,56,92.0,0,6,12.0,1,0.0,Sikh Extremists
46240,2009,3,16,0,160,5,1,22,6.050458,121.012245,1.0,0,0.0,1,0,3,1,113,160.0,0,6,2.0,1,0.0,Abu Sayyaf Group (ASG)
60082,2014,5,11,0,228,10,53,315,15.325443,44.211895,1.0,0,0.0,1,0,2,4,20,228.0,0,5,4.0,-9,0.0,Al-Qaida in the Arabian Peninsula (AQAP)
19332,1988,4,15,0,183,11,19,145,-25.748281,28.212069,1.0,0,0.0,1,0,3,2,322,183.0,0,6,1.0,1,0.0,African National Congress (South Africa)
16740,1987,2,13,0,45,3,363,2491,5.346103,-74.491672,1.0,0,1.0,1,0,3,19,3230,45.0,0,6,0.0,1,0.0,National Liberation Army of Colombia (ELN)
63898,2014,11,9,0,95,10,32,1707,33.633442,42.816579,3.0,0,0.0,1,0,6,14,13,95.0,0,5,71.0,0,1.0,Islamic State of Iraq and the Levant (ISIL)
25271,1990,6,24,0,209,10,225,1824,37.606967,42.748044,1.0,0,0.0,1,0,2,4,562,209.0,0,5,1.0,1,0.0,Kurdistan Workers' Party (PKK)
65384,2015,1,26,0,92,6,128,981,18.257257,81.298996,1.0,0,1.0,0,0,2,3,167,92.0,0,5,0.0,0,0.0,Maoists
46119,2009,2,12,0,182,11,68,405,2.059819,45.326115,1.0,0,0.0,1,0,3,7,860,182.0,0,6,4.0,1,0.0,Al-Shabaab
17806,1987,8,6,0,92,6,339,3489,31.767153,74.860947,1.0,0,0.0,1,0,2,14,4373,92.0,0,5,13.0,1,0.0,Sikh Extremists
13560,1985,3,28,0,159,3,277,2111,-11.967368,-76.978462,1.0,0,1.0,1,0,3,9,4818,159.0,0,6,1.0,1,0.0,Tupac Amaru Revolutionary Movement (MRTA)
12870,1984,10,2,0,145,2,438,2850,13.131923,-86.345742,3.0,0,0.0,1,0,2,1,3583,145.0,0,5,1.0,1,0.0,Nicaraguan Democratic Force (FDN)
51708,2012,4,19,0,95,10,36,260,33.835629,44.247406,1.0,0,1.0,1,0,3,20,6,95.0,0,6,0.0,0,0.0,Al-Qaida in Iraq
13814,1985,5,15,0,183,11,19,135,-26.234679,28.370372,1.0,0,0.0,1,0,3,3,263,183.0,0,6,1.0,1,0.0,African National Congress (South Africa)
66257,2015,3,10,0,228,10,50,312,15.959517,48.331755,3.0,0,0.0,1,0,2,2,718,228.0,0,5,1.0,0,0.0,Al-Qaida in the Arabian Peninsula (AQAP)
60163,2014,5,13,0,214,9,146,1114,48.851688,37.613808,1.0,0,0.0,1,0,3,16,1735,214.0,0,6,0.0,-9,0.0,Donetsk People's Republic
73006,2016,2,22,1,228,10,50,319,14.54397,49.12458,1.0,0,0.0,1,0,6,2,662,228.0,0,5,1.0,0,1.0,Al-Qaida in the Arabian Peninsula (AQAP)
31904,1992,11,25,0,45,3,367,2493,7.116294,-73.120026,1.0,0,0.0,1,0,3,1,3160,45.0,0,6,0.0,1,0.0,National Liberation Army of Colombia (ELN)
63497,2014,10,16,0,214,9,146,1105,48.139713,37.643398,1.0,1,0.0,0,0,2,4,48,214.0,0,5,0.0,0,0.0,Donetsk People's Republic
35175,1996,3,21,0,185,8,89,520,40.465595,-3.696263,1.0,0,0.0,0,0,3,1,954,69.0,0,6,0.0,1,0.0,Basque Fatherland and Freedom (ETA)
8353,1982,1,21,0,61,2,158,1244,13.90668,-88.157021,1.0,0,0.0,1,0,2,4,1793,61.0,0,5,0.0,1,0.0,Farabundo Marti National Liberation Front (FMLN)
39184,2001,7,18,1,45,3,377,3208,2.61091,-76.37917,3.0,0,0.0,1,0,6,7,3948,75.0,0,5,0.0,0,1.0,Revolutionary Armed Forces of Colombia (FARC)
18820,1988,1,27,0,43,3,272,2103,-36.816006,-73.037659,1.0,0,0.0,1,0,3,2,2708,43.0,0,6,0.0,1,0.0,Manuel Rodriguez Patriotic Front (FPMR)
9567,1982,12,31,0,159,3,277,3328,-13.06098,-76.353028,1.0,0,0.0,1,0,3,20,4137,159.0,0,6,0.0,1,0.0,Shining Path (SL)
50102,2011,9,24,0,92,6,131,904,19.500132,82.301773,2.0,0,0.0,1,0,2,2,1426,92.0,0,5,2.0,-9,0.0,Communist Party of India - Maoist (CPI-Maoist)
14643,1985,10,15,0,61,2,158,1167,14.050872,-88.994625,1.0,0,0.0,1,0,2,4,1762,61.0,0,5,5.0,1,0.0,Farabundo Marti National Liberation Front (FMLN)
13183,1984,12,19,0,43,3,272,2103,-36.816006,-73.037659,1.0,0,0.0,1,0,3,21,2801,43.0,0,6,1.0,1,0.0,Manuel Rodriguez Patriotic Front (FPMR)
52679,2012,7,23,0,95,10,36,276,34.010471,44.148235,1.0,0,1.0,1,0,3,14,554,95.0,0,6,0.0,0,0.0,Al-Qaida in Iraq
65655,2015,2,7,0,228,10,53,315,15.325443,44.211895,1.0,0,0.0,1,0,3,22,650,228.0,0,6,0.0,-9,0.0,Al-Qaida in the Arabian Peninsula (AQAP)
75621,2016,7,25,0,173,10,61,24,17.658138,45.261024,4.0,0,0.0,1,0,3,3,85,173.0,0,6,5.0,-9,0.0,Houthi extremists (Ansar Allah)
19039,1988,2,23,0,186,6,262,2013,9.267091,80.814248,1.0,0,0.0,1,0,2,4,12,92.0,0,5,5.0,1,0.0,Liberation Tigers of Tamil Eelam (LTTE)
33034,1994,5,17,0,209,10,226,24,37.449429,43.750656,4.0,0,0.0,1,0,2,4,562,209.0,0,5,17.0,1,0.0,Kurdistan Workers' Party (PKK)
63354,2014,10,11,0,147,11,118,1345,9.584206,8.713707,3.0,0,0.0,1,0,2,14,27,147.0,0,5,0.0,1,0.0,Fulani extremists
12897,1984,10,10,0,69,8,138,1046,43.124228,5.928,1.0,0,1.0,1,0,3,1,1088,69.0,0,6,0.0,1,0.0,Corsican National Liberation Front (FLNC)
15475,1986,4,15,0,43,3,271,2099,-33.366238,-70.505302,1.0,0,1.0,1,0,3,14,1065,43.0,0,6,1.0,1,0.0,Manuel Rodriguez Patriotic Front (FPMR)
15502,1986,4,21,0,159,3,277,2111,-11.967368,-76.978462,1.0,0,0.0,1,0,1,7,4849,217.0,0,6,0.0,1,0.0,Tupac Amaru Revolutionary Movement (MRTA)
60476,2014,5,28,0,182,11,73,432,3.162307,42.493771,1.0,0,0.0,1,0,3,4,577,182.0,0,6,1.0,-9,0.0,Al-Shabaab
35539,1996,7,28,0,160,5,0,16,6.700414,121.972557,1.0,0,0.0,1,0,2,4,41,160.0,0,5,4.0,1,0.0,Abu Sayyaf Group (ASG)
47210,2009,10,13,0,92,6,126,864,26.491815,84.684478,1.0,0,0.0,1,0,3,1,1378,92.0,0,6,0.0,1,0.0,Communist Party of India - Maoist (CPI-Maoist)
19009,1988,2,21,0,159,3,483,3327,-9.529924,-77.5288,1.0,0,0.0,1,0,3,2,4796,159.0,0,6,0.0,1,0.0,Tupac Amaru Revolutionary Movement (MRTA)
46035,2009,1,16,0,92,6,128,922,18.895394,81.351442,1.0,0,0.0,1,0,7,19,1445,92.0,0,8,0.0,1,0.0,Communist Party of India - Maoist (CPI-Maoist)
72410,2016,1,21,0,228,10,60,353,13.586484,44.024105,1.0,0,0.0,1,0,3,14,892,228.0,0,6,5.0,-9,0.0,Houthi extremists (Ansar Allah)
77647,2016,11,19,0,228,10,60,353,13.586484,44.024105,1.0,0,0.0,1,0,3,14,1977,228.0,0,6,3.0,-9,0.0,Houthi extremists (Ansar Allah)
13661,1985,4,29,0,145,2,446,2897,12.822269,-86.002138,2.0,1,0.0,1,0,3,19,3548,145.0,0,5,3.0,1,0.0,Nicaraguan Democratic Force (FDN)
12903,1984,10,10,0,69,8,138,1026,43.296482,5.36978,1.0,0,1.0,1,0,3,2,443,69.0,0,6,0.0,1,0.0,Corsican National Liberation Front (FLNC)
7127,1980,11,13,0,185,8,86,516,43.32412,-1.929857,1.0,0,0.0,0,0,2,3,983,185.0,0,5,0.0,0,0.0,Basque Fatherland and Freedom (ETA)
49688,2011,5,25,0,92,6,126,2199,24.493242,84.985655,1.0,0,0.0,1,0,3,8,2908,92.0,0,6,0.0,1,0.0,Maoists
49078,2010,12,24,0,92,6,129,923,22.870022,86.476908,1.0,0,0.0,1,0,2,2,1446,92.0,0,9,1.0,0,0.0,Communist Party of India - Maoist (CPI-Maoist)
23293,1989,10,5,0,43,3,271,2099,-33.366238,-70.505302,1.0,0,0.0,1,0,3,2,2748,43.0,0,6,0.0,1,0.0,Manuel Rodriguez Patriotic Front (FPMR)
34590,1995,9,5,0,603,8,190,1609,54.607712,-5.95621,1.0,0,0.0,1,0,1,14,2120,233.0,0,5,1.0,0,0.0,Irish Republican Army (IRA)
48420,2010,8,3,0,228,10,48,354,12.838674,44.868883,4.0,0,0.0,1,1,3,4,708,228.0,0,6,1.0,1,0.0,Al-Qaida in the Arabian Peninsula (AQAP)
77736,2016,11,24,0,228,10,60,353,13.586484,44.024105,1.0,0,0.0,1,0,3,14,926,228.0,0,6,1.0,-9,0.0,Houthi extremists (Ansar Allah)
63416,2014,10,13,0,214,9,146,1076,47.981647,37.762325,1.0,0,0.0,1,0,3,4,1701,214.0,0,6,0.0,-9,0.0,Donetsk People's Republic
49002,2010,12,3,0,104,11,85,472,-1.28518,36.821107,1.0,0,1.0,1,0,2,3,889,104.0,0,5,2.0,-9,0.0,Al-Shabaab
71034,2015,11,2,0,214,9,146,1079,48.143208,37.753361,1.0,1,0.0,1,0,2,4,48,214.0,0,6,0.0,0,0.0,Donetsk People's Republic
30150,1992,4,20,0,159,3,475,3861,-11.056033,-75.328236,1.0,0,0.0,1,0,2,4,2198,159.0,0,5,5.0,1,0.0,Tupac Amaru Revolutionary Movement (MRTA)
31325,1992,9,22,0,209,10,215,1857,37.235821,39.762058,1.0,0,0.0,1,0,2,14,2380,209.0,0,5,1.0,0,0.0,Kurdistan Workers' Party (PKK)
39829,2002,2,4,0,6,10,308,2373,36.164211,0.440826,1.0,1,0.0,1,0,2,14,3044,6.0,0,5,9.0,0,0.0,Muslim extremists
21270,1989,1,28,0,61,2,150,1156,13.69288,-89.199161,1.0,0,0.0,1,0,2,4,1835,61.0,0,5,0.0,1,0.0,Farabundo Marti National Liberation Front (FMLN)
53374,2012,9,29,0,228,10,52,318,13.887403,45.863647,1.0,0,0.0,1,1,3,17,680,228.0,0,6,3.0,0,0.0,Al-Qaida in the Arabian Peninsula (AQAP)
60765,2014,6,10,0,228,10,51,24,15.46591,45.293941,4.0,0,1.0,1,0,3,21,638,228.0,0,6,0.0,1,0.0,Al-Qaida in the Arabian Peninsula (AQAP)
54005,2012,12,7,0,92,6,128,843,18.8,80.8167,1.0,0,0.0,1,0,1,17,2893,92.0,0,5,2.0,1,0.0,Maoists
77624,2016,11,18,0,228,10,60,353,13.586484,44.024105,1.0,0,0.0,1,0,1,10,2004,228.0,0,6,1.0,0,0.0,Houthi extremists (Ansar Allah)
51073,2012,2,16,0,228,10,52,329,13.129726,45.385571,1.0,1,0.0,1,0,2,4,668,228.0,0,5,0.0,0,0.0,Al-Qaida in the Arabian Peninsula (AQAP)
54099,2012,12,27,1,153,6,353,3722,34.006004,71.53743,1.0,1,1.0,1,0,6,3,2901,153.0,0,6,8.0,-9,1.0,Tehrik-i-Taliban Pakistan (TTP)
41899,2005,4,4,0,186,6,218,2019,7.689011,81.72947,1.0,0,0.0,1,0,1,2,2571,186.0,0,5,1.0,0,0.0,Liberation Tigers of Tamil Eelam (LTTE)
67026,2015,4,20,0,147,11,170,1335,7.408062,10.0759,2.0,0,1.0,1,0,2,14,27,147.0,0,5,5.0,1,0.0,Fulani extremists
75803,2016,8,5,0,173,10,218,1768,26.573522,50.038563,1.0,0,0.0,0,1,3,1,512,173.0,0,6,0.0,0,0.0,Islamic State of Iraq and the Levant (ISIL)
78804,2017,2,5,0,182,11,74,413,3.381584,45.598389,1.0,1,0.0,1,0,3,4,816,422.0,0,6,1.0,-9,0.0,Al-Shabaab
70832,2015,10,23,0,147,11,108,619,11.840929,13.141459,1.0,0,0.0,1,1,3,15,215,147.0,0,6,11.0,1,0.0,Boko Haram
24385,1990,3,9,0,43,3,271,2099,-33.366238,-70.505302,1.0,0,0.0,1,0,3,2,2699,43.0,0,6,0.0,1,0.0,Manuel Rodriguez Patriotic Front (FPMR)
59301,2014,3,29,1,147,11,167,1308,7.888747,7.908966,2.0,0,1.0,1,0,6,14,27,147.0,0,5,5.0,1,1.0,Fulani extremists
1479,1973,8,26,0,603,8,190,1609,54.607712,-5.95621,1.0,0,0.0,1,0,1,14,2119,233.0,0,5,1.0,0,0.0,Irish Republican Army (IRA)
13516,1985,3,20,0,159,3,277,2111,-11.967368,-76.978462,1.0,0,0.0,0,0,7,1,4761,159.0,0,8,0.0,1,0.0,Tupac Amaru Revolutionary Movement (MRTA)
77903,2016,12,4,0,95,10,37,255,36.354145,43.14357,1.0,0,1.0,1,0,3,14,926,95.0,0,6,4.0,-9,0.0,Islamic State of Iraq and the Levant (ISIL)
80848,2017,6,12,1,45,3,360,2510,7.137932,-72.664123,1.0,0,0.0,1,0,6,1,3174,45.0,0,5,0.0,0,1.0,National Liberation Army of Colombia (ELN)
31957,1992,12,3,0,69,8,136,24,41.918891,8.737554,4.0,0,1.0,1,0,3,2,560,69.0,0,6,0.0,1,0.0,Corsican National Liberation Front (FLNC)
19535,1988,5,8,0,160,5,399,24,16.030344,120.229921,4.0,0,0.0,1,0,1,3,3342,160.0,0,5,1.0,0,0.0,New People's Army (NPA)
58206,2014,1,22,0,160,5,388,2758,9.988889,122.812222,1.0,0,0.0,1,0,5,1,3268,160.0,0,5,0.0,1,1.0,New People's Army (NPA)
58510,2014,2,12,0,4,6,509,3529,32.690185,62.735282,3.0,0,0.0,1,0,2,4,497,4.0,0,5,1.0,0,0.0,Taliban
20773,1988,11,21,0,159,3,277,3302,-12.7414,-75.8094,1.0,0,0.0,1,0,2,14,4106,159.0,0,5,5.0,1,0.0,Shining Path (SL)
9242,1982,10,9,0,185,8,94,534,42.815372,-1.653616,1.0,0,0.0,1,0,1,1,1101,185.0,0,5,1.0,0,0.0,Basque Fatherland and Freedom (ETA)
52373,2012,6,19,0,45,3,377,3195,2.46077,-76.644881,1.0,0,0.0,1,0,3,3,85,45.0,0,6,1.0,1,0.0,Revolutionary Armed Forces of Colombia (FARC)
51687,2012,4,19,0,95,10,34,250,33.74324,44.623825,1.0,0,1.0,1,1,3,3,563,95.0,0,6,2.0,1,0.0,Al-Qaida in Iraq
50391,2011,11,14,0,45,3,377,1220,3.176146,-76.260556,1.0,0,0.0,1,0,3,1,3959,45.0,0,6,0.0,1,0.0,Revolutionary Armed Forces of Colombia (FARC)
82839,2017,10,21,1,92,6,131,2224,20.01552,84.186856,1.0,0,0.0,1,0,6,14,2923,92.0,0,5,1.0,0,1.0,Maoists
66505,2015,3,23,0,113,10,343,2440,32.431385,13.638332,1.0,0,0.0,1,0,2,17,3097,113.0,0,8,4.0,0,0.0,Muslim extremists
47386,2009,11,29,0,153,6,427,3759,34.856902,71.429936,3.0,0,0.0,1,0,3,8,4607,153.0,0,6,0.0,1,0.0,Tehrik-i-Taliban Pakistan (TTP)
13883,1985,5,17,0,61,2,154,24,13.6,-88.85,1.0,0,0.0,1,0,2,4,1762,61.0,0,5,7.0,1,0.0,Farabundo Marti National Liberation Front (FMLN)
6957,1980,9,3,0,185,8,86,530,43.3282,-3.031509,1.0,0,0.0,1,0,1,1,1048,185.0,0,5,1.0,0,0.0,Basque Fatherland and Freedom (ETA)
19324,1988,4,14,0,183,11,19,137,-26.184113,28.033232,1.0,0,0.0,1,0,3,2,324,183.0,0,6,0.0,1,0.0,African National Congress (South Africa)
59300,2014,3,29,1,147,11,167,1396,7.889693,7.911945,2.0,0,1.0,1,0,6,14,27,147.0,0,5,5.0,1,1.0,Fulani extremists
82752,2017,10,15,0,153,6,427,3724,33.831888,69.960989,1.0,0,1.0,1,0,3,4,4568,153.0,0,6,4.0,0,0.0,Tehrik-i-Taliban Pakistan (TTP)
12344,1984,6,16,0,183,11,21,141,-26.456502,29.464917,1.0,0,0.0,1,0,3,2,270,183.0,0,6,1.0,1,0.0,African National Congress (South Africa)
71096,2015,11,5,0,228,10,60,353,13.586484,44.024105,1.0,0,1.0,1,0,3,14,1730,228.0,0,6,2.0,-9,0.0,Houthi extremists (Ansar Allah)
22671,1989,8,8,0,92,6,339,3412,31.633078,74.878288,1.0,0,0.0,1,0,1,22,4281,92.0,0,5,1.0,0,0.0,Sikh Extremists
17025,1987,4,13,0,45,3,378,2536,5.126434,-74.385545,1.0,0,1.0,1,0,1,14,3219,45.0,0,5,1.0,0,0.0,National Liberation Army of Colombia (ELN)
5206,1979,5,31,0,69,8,137,132,48.856644,2.34233,1.0,0,0.0,1,0,3,1,766,69.0,0,6,0.0,1,0.0,Corsican National Liberation Front (FLNC)
11064,1983,11,3,0,183,11,19,169,-26.250692,28.441941,1.0,1,0.0,0,0,3,19,334,183.0,0,6,0.0,1,0.0,African National Congress (South Africa)
35579,1996,8,19,0,209,10,249,1884,39.74887,37.016499,1.0,0,0.0,1,0,2,14,2407,209.0,0,5,3.0,1,0.0,Kurdistan Workers' Party (PKK)
81607,2017,7,24,0,33,11,315,2443,14.188056,-1.543333,1.0,0,1.0,1,0,6,14,815,33.0,0,5,1.0,0,1.0,Muslim extremists
14550,1985,9,27,0,183,11,18,138,-29.861824,31.008293,1.0,0,0.0,1,0,3,1,289,183.0,0,6,0.0,1,0.0,African National Congress (South Africa)
41240,2004,1,6,0,92,6,292,2425,33.721287,74.831062,1.0,0,0.0,0,0,2,3,912,92.0,0,5,1.0,0,0.0,Muslim extremists
14768,1985,11,15,0,159,3,277,2111,-11.967368,-76.978462,1.0,0,0.0,1,0,3,6,4839,45.0,0,6,0.0,1,0.0,Tupac Amaru Revolutionary Movement (MRTA)
65595,2015,2,4,0,37,11,117,703,12.379026,14.224362,1.0,0,0.0,1,0,2,15,1254,37.0,0,5,144.0,1,0.0,Boko Haram
46832,2009,7,17,0,92,6,130,852,20.056815,84.277916,1.0,0,0.0,1,0,3,3,1364,92.0,0,6,0.0,1,0.0,Communist Party of India - Maoist (CPI-Maoist)
64114,2014,11,22,1,147,11,168,1426,8.396272,8.360304,2.0,0,0.0,1,0,1,14,27,147.0,0,5,1.0,1,1.0,Fulani extremists
34358,1995,6,28,0,186,6,263,2065,8.641085,80.669598,1.0,1,0.0,1,0,3,3,2593,186.0,0,6,10.0,1,0.0,Liberation Tigers of Tamil Eelam (LTTE)
40054,2002,5,8,0,45,3,371,24,5.758927,-71.572395,4.0,0,0.0,1,0,3,19,3933,45.0,0,6,0.0,1,0.0,Revolutionary Armed Forces of Colombia (FARC)
40778,2003,3,26,0,45,3,377,3136,3.113889,-76.626111,1.0,0,0.0,0,0,3,21,3903,45.0,0,6,0.0,0,0.0,Revolutionary Armed Forces of Colombia (FARC)
60271,2014,5,19,0,214,9,146,1129,47.792431,38.483189,1.0,1,0.0,1,0,2,4,20,214.0,0,5,1.0,0,0.0,Donetsk People's Republic
80009,2017,4,24,1,147,11,119,1453,5.789504,6.102383,1.0,0,0.0,1,0,6,14,1942,147.0,0,5,1.0,0,1.0,Fulani extremists
55995,2013,7,7,0,160,5,407,2671,13.071,123.598,1.0,0,1.0,1,0,2,4,3363,160.0,0,5,0.0,0,0.0,New People's Army (NPA)
15457,1986,4,12,0,145,2,445,2909,13.27624,-86.87844,1.0,0,0.0,1,0,2,4,1762,145.0,0,5,1.0,1,0.0,Nicaraguan Democratic Force (FDN)
5481,1979,8,22,0,97,10,266,3061,32.178344,34.907985,1.0,0,0.0,1,0,3,14,3688,97.0,0,6,0.0,1,0.0,Palestinians
55554,2013,5,27,0,4,6,509,3536,32.689845,62.732388,2.0,0,0.0,1,1,3,4,4447,422.0,0,6,1.0,1,0.0,Taliban
11570,1984,2,10,0,97,10,456,3049,32.004264,35.276546,1.0,0,0.0,1,0,2,19,1153,97.0,0,8,0.0,0,0.0,Palestinians
69528,2015,8,16,0,173,10,184,24,16.887294,42.565977,4.0,0,0.0,1,0,3,3,2008,173.0,0,6,2.0,0,0.0,Houthi extremists (Ansar Allah)
29194,1991,12,5,0,92,6,287,3413,28.620794,79.812865,1.0,1,0.0,1,0,2,14,4262,92.0,0,5,24.0,0,0.0,Sikh Extremists
20340,1988,9,19,0,183,11,19,158,-26.189151,28.31707,1.0,0,0.0,1,0,3,3,293,183.0,0,6,0.0,1,0.0,African National Congress (South Africa)
81606,2017,7,24,0,33,11,315,2419,14.175719,-1.559134,2.0,0,1.0,1,0,6,14,13,33.0,0,5,2.0,0,1.0,Muslim extremists
22695,1989,8,11,0,185,8,87,561,37.501265,-3.672423,1.0,0,0.0,1,0,1,3,1032,185.0,0,6,1.0,0,0.0,Basque Fatherland and Freedom (ETA)
37815,2000,1,8,0,95,10,253,2414,34.633333,45.3,3.0,0,0.0,0,0,3,14,3074,95.0,0,6,1.0,-9,0.0,Muslim extremists
26710,1991,2,6,0,45,3,367,24,6.643708,-73.653621,4.0,1,1.0,1,0,3,21,3864,45.0,0,6,0.0,1,0.0,Revolutionary Armed Forces of Colombia (FARC)
78351,2017,1,5,0,200,10,213,1743,35.361572,35.927155,1.0,0,0.0,1,1,3,1,2310,200.0,0,6,12.0,1,0.0,Islamic State of Iraq and the Levant (ISIL)
17037,1987,4,14,0,43,3,271,2099,-33.469115,-70.641997,2.0,0,0.0,1,0,5,10,2775,43.0,0,5,0.0,1,1.0,Manuel Rodriguez Patriotic Front (FPMR)
37379,1999,5,30,0,92,6,269,2362,13.08268,80.270718,1.0,0,1.0,1,0,3,1,3033,92.0,0,6,0.0,1,0.0,Muslim extremists
72528,2016,1,28,0,160,5,1,22,6.050458,121.012245,1.0,0,0.0,1,0,3,1,78,160.0,0,6,0.0,1,0.0,Abu Sayyaf Group (ASG)
20592,1988,10,26,0,185,8,86,515,42.84964,-2.692359,1.0,0,0.0,1,0,3,1,947,185.0,0,6,0.0,1,0.0,Basque Fatherland and Freedom (ETA)
51696,2012,4,19,0,95,10,33,248,33.303566,44.371773,1.0,0,1.0,1,0,3,14,13,95.0,0,6,1.0,0,0.0,Al-Qaida in Iraq
46461,2009,4,29,0,92,6,128,916,18.68762,80.932388,2.0,0,0.0,1,0,3,21,1438,92.0,0,6,0.0,1,0.0,Communist Party of India - Maoist (CPI-Maoist)
1418,1973,6,5,0,603,8,190,1630,54.409928,-7.172562,1.0,0,0.0,1,0,1,14,2091,233.0,0,5,1.0,0,0.0,Irish Republican Army (IRA)
12896,1984,10,10,0,69,8,138,1046,43.124228,5.928,1.0,0,1.0,1,0,3,1,1088,69.0,0,6,0.0,1,0.0,Corsican National Liberation Front (FLNC)
48911,2010,11,15,0,153,6,353,3722,34.006004,71.53743,1.0,0,0.0,1,0,3,14,4698,153.0,0,6,2.0,1,0.0,Tehrik-i-Taliban Pakistan (TTP)
943,1972,5,22,0,603,8,190,24,54.787715,-6.492314,4.0,0,0.0,0,0,1,3,2129,233.0,0,5,1.0,0,0.0,Irish Republican Army (IRA)
32258,1994,1,11,0,603,8,190,1609,54.607712,-5.95621,1.0,0,0.0,1,0,2,3,2204,216.0,0,5,0.0,1,0.0,Irish Republican Army (IRA)
68671,2015,7,5,0,147,11,108,630,10.737778,13.130556,1.0,0,1.0,1,0,2,15,1240,147.0,0,5,6.0,1,0.0,Boko Haram
81967,2017,8,18,0,182,11,79,455,11.000551,49.02069,1.0,1,0.0,1,0,2,4,577,182.0,0,6,1.0,0,0.0,Al-Shabaab
19832,1988,6,23,0,159,3,277,2111,-11.967368,-76.978462,1.0,0,0.0,1,0,3,6,283,159.0,0,6,0.0,1,0.0,Shining Path (SL)
37755,1999,12,3,0,185,8,86,515,42.84964,-2.692359,1.0,0,0.0,0,0,1,2,998,185.0,0,8,0.0,0,0.0,Basque Fatherland and Freedom (ETA)
41699,2004,12,3,0,185,8,89,520,40.465595,-3.696263,1.0,0,1.0,1,0,3,1,965,185.0,0,6,0.0,1,0.0,Basque Fatherland and Freedom (ETA)
45071,2008,6,14,0,209,10,247,1888,38.831606,41.322148,1.0,1,0.0,1,0,3,19,2410,209.0,0,6,0.0,1,0.0,Kurdistan Workers' Party (PKK)
66009,2015,2,24,0,228,10,58,339,13.063399,44.880882,1.0,0,0.0,1,0,1,3,675,228.0,0,5,1.0,0,0.0,Al-Qaida in the Arabian Peninsula (AQAP)
6517,1980,4,18,0,183,11,19,137,-26.184113,28.033232,1.0,0,0.0,1,0,3,1,349,183.0,0,6,1.0,1,0.0,African National Congress (South Africa)
74604,2016,5,26,0,160,5,1,2,6.088221,121.109329,1.0,0,0.0,1,0,2,4,48,160.0,0,5,1.0,0,0.0,Abu Sayyaf Group (ASG)
14074,1985,6,16,0,159,3,277,2111,-11.967368,-76.978462,1.0,0,0.0,1,0,3,3,1819,159.0,0,6,1.0,1,0.0,Shining Path (SL)
22586,1989,7,26,0,43,3,271,2099,-33.366238,-70.505302,1.0,0,0.0,1,0,3,14,2697,43.0,0,6,0.0,1,0.0,Manuel Rodriguez Patriotic Front (FPMR)
71501,2015,11,30,0,209,10,234,1841,38.059761,40.388604,3.0,0,0.0,1,0,3,2,2397,209.0,0,6,0.0,0,0.0,Kurdistan Workers' Party (PKK)
27220,1991,5,7,0,160,5,417,2695,6.895545,126.013997,1.0,0,0.0,1,0,1,4,3381,160.0,0,5,2.0,0,0.0,New People's Army (NPA)
49607,2011,5,8,0,92,6,128,792,18.9,81.35,1.0,0,0.0,1,0,3,21,1457,92.0,0,6,0.0,1,0.0,Communist Party of India - Maoist (CPI-Maoist)
53218,2012,9,9,0,95,10,32,259,33.349159,43.784199,1.0,0,1.0,1,0,2,4,497,95.0,0,5,1.0,0,0.0,Al-Qaida in Iraq
5217,1979,5,31,0,69,8,137,132,48.856644,2.34233,1.0,0,0.0,1,0,3,1,1563,69.0,0,6,0.0,1,0.0,Corsican National Liberation Front (FLNC)
53024,2012,8,19,0,4,6,509,3574,32.37001,62.128456,1.0,0,0.0,1,0,2,2,4470,4.0,0,5,2.0,1,0.0,Taliban
29776,1992,3,4,0,92,6,134,3437,19.075984,72.877656,1.0,0,0.0,0,0,3,20,1642,92.0,0,6,0.0,1,0.0,Sikh Extremists
74258,2016,5,6,0,4,6,531,3664,34.942792,69.270644,1.0,1,0.0,1,0,3,4,4526,422.0,0,6,0.0,1,0.0,Taliban
54507,2013,2,4,0,95,10,38,251,35.45211,44.375465,1.0,0,0.0,1,0,2,21,541,95.0,0,5,4.0,1,0.0,Al-Qaida in Iraq
51259,2012,3,5,0,95,10,32,249,34.160587,42.37254,1.0,0,1.0,1,0,2,3,20,95.0,0,5,14.0,0,0.0,Al-Qaida in Iraq
36828,1998,3,9,0,186,6,218,1978,8.577826,81.218719,1.0,0,0.0,1,0,3,3,2500,186.0,0,6,3.0,1,0.0,Liberation Tigers of Tamil Eelam (LTTE)
57918,2014,1,1,0,95,10,32,264,33.420948,43.295662,1.0,0,1.0,1,0,2,3,175,95.0,0,5,0.0,1,0.0,Islamic State of Iraq and the Levant (ISIL)
66593,2015,3,28,0,147,11,114,722,10.910556,11.291944,2.0,0,1.0,1,0,2,2,1260,147.0,0,5,1.0,1,0.0,Boko Haram
71954,2015,12,27,0,147,11,108,724,11.831098,13.150967,2.0,0,1.0,1,0,2,14,853,147.0,0,5,1.0,1,0.0,Boko Haram
22544,1989,7,21,0,159,3,475,3276,-11.419301,-75.688882,3.0,0,0.0,1,0,2,1,4054,159.0,0,5,0.0,1,0.0,Shining Path (SL)
41846,2005,3,8,0,69,8,136,1021,41.930607,8.742907,1.0,0,0.0,1,0,3,2,1612,69.0,0,6,0.0,1,0.0,Corsican National Liberation Front (FLNC)
72067,2016,1,3,0,147,11,168,1360,8.547828,7.7119,2.0,0,1.0,1,0,2,14,810,147.0,0,5,3.0,0,0.0,Fulani extremists
65663,2015,2,8,0,92,6,134,868,20.184871,79.994796,3.0,0,0.0,1,0,2,14,2932,92.0,0,9,1.0,1,0.0,Maoists
25862,1990,9,23,0,159,3,277,2111,-11.967368,-76.978462,1.0,0,0.0,1,0,6,2,4781,159.0,0,5,1.0,0,1.0,Tupac Amaru Revolutionary Movement (MRTA)
62475,2014,8,27,0,214,9,146,1118,47.119068,38.066851,1.0,0,0.0,1,0,3,14,1213,214.0,0,6,0.0,1,0.0,Donetsk People's Republic
18186,1987,10,2,0,159,3,277,2111,-11.967368,-76.978462,1.0,0,0.0,1,0,3,14,4168,159.0,0,6,2.0,1,0.0,Tupac Amaru Revolutionary Movement (MRTA)
35317,1996,5,19,0,186,6,218,2079,8.758981,80.984445,1.0,0,0.0,1,0,3,14,27,186.0,0,6,2.0,1,0.0,Liberation Tigers of Tamil Eelam (LTTE)
56912,2013,9,26,0,228,10,58,339,13.148959,44.85055,2.0,0,0.0,1,0,2,14,815,228.0,0,5,1.0,0,0.0,Muslim extremists
78004,2016,12,11,0,4,6,511,3659,31.956494,67.429572,2.0,0,0.0,1,0,3,3,559,4.0,0,6,1.0,1,0.0,Taliban
27373,1991,5,27,0,159,3,277,2111,-11.967368,-76.978462,1.0,0,0.0,1,0,3,4,4868,159.0,0,6,0.0,1,0.0,Tupac Amaru Revolutionary Movement (MRTA)
46342,2009,4,6,0,92,6,126,832,24.749905,84.370896,2.0,1,0.0,1,0,3,8,1345,92.0,0,6,0.0,0,0.0,Communist Party of India - Maoist (CPI-Maoist)
19649,1988,5,28,0,43,3,271,2099,-33.366238,-70.505302,1.0,0,0.0,0,0,1,4,2726,43.0,0,6,0.0,0,0.0,Manuel Rodriguez Patriotic Front (FPMR)
60490,2014,5,28,0,92,6,131,944,19.042651,83.717257,2.0,0,1.0,1,0,7,1,1341,92.0,0,8,0.0,1,0.0,Communist Party of India - Maoist (CPI-Maoist)
23597,1989,11,2,0,92,6,494,3405,28.585836,77.153336,1.0,0,0.0,1,0,3,14,4253,92.0,0,6,3.0,1,0.0,Sikh Extremists
16100,1986,8,16,0,183,11,28,24,-25.476646,30.978892,4.0,1,0.0,1,0,3,4,291,183.0,0,6,5.0,1,0.0,African National Congress (South Africa)
72882,2016,2,16,0,92,6,126,895,24.871401,86.206094,2.0,0,0.0,1,0,7,16,1419,92.0,0,8,0.0,1,0.0,Communist Party of India - Maoist (CPI-Maoist)
73134,2016,3,1,0,153,6,427,3778,34.602047,71.516363,1.0,0,0.0,1,0,3,7,4631,153.0,0,6,2.0,1,0.0,Tehrik-i-Taliban Pakistan (TTP)
64373,2014,12,7,0,228,10,58,339,13.063399,44.880882,1.0,0,0.0,1,0,2,4,12,228.0,0,5,1.0,0,0.0,Al-Qaida in the Arabian Peninsula (AQAP)
81130,2017,6,27,0,37,11,117,675,10.911592,14.4209,1.0,0,0.0,1,0,2,4,48,37.0,0,5,1.0,1,0.0,Boko Haram
68037,2015,6,3,0,214,9,146,1090,47.963322,37.440448,1.0,0,0.0,1,0,3,14,27,214.0,0,6,0.0,-9,0.0,Donetsk People's Republic
22585,1989,7,26,0,43,3,270,2101,-33.010693,-71.527794,1.0,0,0.0,0,0,3,3,2733,43.0,0,6,3.0,1,0.0,Manuel Rodriguez Patriotic Front (FPMR)
17940,1987,8,27,0,43,3,271,2099,-33.366238,-70.505302,1.0,0,0.0,1,0,2,3,2687,43.0,0,5,0.0,1,0.0,Manuel Rodriguez Patriotic Front (FPMR)
47090,2009,9,10,0,45,3,360,2542,8.642183,-72.734823,1.0,0,0.0,1,0,3,2,3936,45.0,0,6,2.0,1,0.0,Revolutionary Armed Forces of Colombia (FARC)
59151,2014,3,21,0,147,11,108,669,11.392607,12.913806,2.0,0,0.0,1,0,2,14,13,147.0,0,8,2.0,1,0.0,Boko Haram
42946,2006,4,14,0,186,6,218,1978,8.577826,81.218719,1.0,1,0.0,1,0,3,9,2529,186.0,0,6,0.0,1,0.0,Liberation Tigers of Tamil Eelam (LTTE)
22990,1989,9,9,0,603,8,190,1634,54.951082,-6.558998,1.0,0,0.0,1,0,1,14,2101,233.0,0,5,1.0,0,0.0,Irish Republican Army (IRA)
71252,2015,11,14,0,228,10,56,347,14.781294,42.972851,1.0,0,1.0,1,0,3,2,330,228.0,0,6,1.0,-9,0.0,Houthi extremists (Ansar Allah)
59305,2014,3,29,0,147,11,108,740,11.107834,12.761358,3.0,0,0.0,1,0,2,14,27,147.0,0,5,4.0,1,0.0,Boko Haram
57929,2014,1,1,0,45,3,360,2514,8.608345,-73.316615,1.0,0,1.0,1,0,3,21,3185,45.0,0,6,0.0,1,0.0,National Liberation Army of Colombia (ELN)
31951,1992,12,3,0,69,8,136,24,41.918891,8.737554,4.0,0,1.0,1,0,3,2,560,69.0,0,6,0.0,1,0.0,Corsican National Liberation Front (FLNC)
54213,2013,1,7,0,153,6,427,3787,34.320023,71.399002,1.0,1,0.0,1,0,3,17,4645,153.0,0,6,0.0,0,0.0,Tehrik-i-Taliban Pakistan (TTP)
16212,1986,9,16,0,145,2,447,2916,14.40704,-83.87698,1.0,0,0.0,1,0,2,4,1793,145.0,0,5,1.0,1,0.0,Nicaraguan Democratic Force (FDN)
36995,1998,8,4,0,45,3,363,2491,6.242026,-75.564766,1.0,0,1.0,1,0,3,4,3146,45.0,0,6,0.0,1,0.0,National Liberation Army of Colombia (ELN)
5764,1979,10,25,0,69,8,137,132,48.856644,2.34233,1.0,0,0.0,1,0,3,2,1590,69.0,0,6,0.0,1,0.0,Corsican National Liberation Front (FLNC)
4957,1979,4,11,0,69,8,137,132,48.856644,2.34233,1.0,0,1.0,1,0,3,1,766,69.0,0,6,1.0,1,0.0,Corsican National Liberation Front (FLNC)
33920,1995,2,24,1,160,5,7,15,6.929089,122.07885,1.0,0,0.0,1,0,6,1,143,160.0,0,5,1.0,0,1.0,Abu Sayyaf Group (ASG)
43288,2006,9,8,0,186,6,218,1975,7.733107,81.68882,1.0,0,0.0,1,0,3,1,6,186.0,0,6,2.0,1,0.0,Liberation Tigers of Tamil Eelam (LTTE)
15240,1986,2,26,0,159,3,277,3319,-12.38394,-76.136119,1.0,0,0.0,1,0,3,19,4121,159.0,0,6,0.0,1,0.0,Shining Path (SL)
51231,2012,3,3,0,160,5,1,22,6.050458,121.012245,1.0,0,0.0,1,0,3,1,49,160.0,0,6,2.0,-9,0.0,Abu Sayyaf Group (ASG)
62436,2014,8,24,0,4,6,322,2403,34.417122,70.449593,1.0,0,0.0,1,1,3,4,162,422.0,0,6,1.0,1,0.0,Taliban
73853,2016,4,14,0,160,5,0,5,6.660501,122.138992,1.0,0,0.0,1,0,3,3,84,160.0,0,6,0.0,0,0.0,Abu Sayyaf Group (ASG)
10112,1983,4,28,0,69,8,17,132,48.856644,2.34233,1.0,0,0.0,1,0,3,19,1652,69.0,0,6,0.0,1,0.0,Corsican National Liberation Front (FLNC)
40119,2002,6,1,0,45,3,363,3186,7.6676,-76.6803,1.0,0,0.0,1,0,3,14,3926,45.0,0,6,9.0,1,0.0,Revolutionary Armed Forces of Colombia (FARC)
50043,2011,9,7,1,92,6,131,828,18.815236,82.712102,1.0,0,1.0,1,0,6,14,1416,92.0,0,9,1.0,-9,1.0,Communist Party of India - Maoist (CPI-Maoist)
75060,2016,6,21,0,147,11,167,1344,7.644918,9.563258,2.0,0,1.0,1,0,2,14,27,147.0,0,5,4.0,1,0.0,Fulani extremists
79293,2017,3,7,0,92,6,128,2173,19.596543,81.67261,2.0,1,0.0,0,0,3,20,6,92.0,0,6,0.0,0,0.0,Maoists
19556,1988,5,13,0,43,3,271,2099,-33.366238,-70.505302,1.0,0,0.0,1,0,3,16,2797,43.0,0,6,0.0,1,0.0,Manuel Rodriguez Patriotic Front (FPMR)
66316,2015,3,11,0,147,11,167,1361,6.783539,9.069549,3.0,0,0.0,1,0,2,3,85,147.0,0,5,2.0,0,0.0,Fulani extremists
22040,1989,5,2,0,186,6,218,1975,7.733107,81.68882,1.0,0,0.0,1,0,3,1,2132,186.0,0,6,0.0,1,0.0,Liberation Tigers of Tamil Eelam (LTTE)
64791,2014,12,31,0,147,11,118,1388,9.488018,9.044495,1.0,0,0.0,1,0,6,14,13,147.0,0,5,2.0,0,1.0,Fulani extremists
14905,1985,12,13,0,145,2,441,2869,11.88333,-86.01667,1.0,0,1.0,1,0,2,1,59,145.0,0,5,1.0,1,0.0,Nicaraguan Democratic Force (FDN)
57423,2013,11,14,0,113,10,304,2366,32.069286,20.151144,1.0,0,0.0,1,0,2,2,3062,113.0,0,5,1.0,0,0.0,Muslim extremists
40716,2003,3,12,0,160,5,394,2632,7.437136,125.812182,1.0,0,1.0,1,0,7,8,3334,160.0,0,8,0.0,1,0.0,New People's Army (NPA)
65499,2015,1,31,0,4,6,322,3641,34.231285,70.157865,2.0,0,0.0,1,0,2,3,92,4.0,0,5,1.0,1,0.0,Taliban
47900,2010,4,19,0,92,6,128,921,18.9,81.35,3.0,0,0.0,1,0,7,19,1444,92.0,0,11,0.0,1,0.0,Communist Party of India - Maoist (CPI-Maoist)
7399,1981,2,22,0,61,2,154,1159,13.433333,-88.7,1.0,0,0.0,1,0,2,4,1762,61.0,0,5,50.0,1,0.0,Farabundo Marti National Liberation Front (FMLN)
12908,1984,10,10,0,69,8,138,1026,43.296482,5.36978,1.0,0,0.0,1,0,3,1,1634,69.0,0,6,0.0,1,0.0,Corsican National Liberation Front (FLNC)
66237,2015,3,9,0,214,9,146,1077,47.098835,37.81987,1.0,0,1.0,1,0,2,4,48,214.0,0,6,0.0,0,0.0,Donetsk People's Republic
25272,1990,6,24,0,92,6,126,3464,26.396678,85.662752,1.0,0,0.0,1,0,2,19,1252,92.0,0,5,3.0,1,0.0,Sikh Extremists
1149,1972,9,22,0,603,8,190,1612,54.077313,-6.608787,1.0,0,0.0,1,0,2,4,2128,216.0,0,5,1.0,0,0.0,Irish Republican Army (IRA)
44716,2008,4,8,0,95,10,34,283,33.693947,45.067425,1.0,0,0.0,1,0,3,19,536,95.0,0,6,7.0,1,0.0,Al-Qaida in Iraq
55211,2013,4,21,0,92,6,127,788,23.395833,84.238515,1.0,0,0.0,1,0,3,14,1300,92.0,0,6,0.0,1,0.0,Communist Party of India - Maoist (CPI-Maoist)
2389,1975,10,9,0,603,8,190,1612,54.077313,-6.608787,1.0,0,0.0,1,0,3,4,2137,216.0,0,6,1.0,1,0.0,Irish Republican Army (IRA)
29168,1991,11,29,0,186,6,78,2058,7.791944,81.520833,2.0,0,0.0,1,0,2,4,562,186.0,0,5,0.0,1,0.0,Liberation Tigers of Tamil Eelam (LTTE)
35831,1996,10,15,0,45,3,363,24,6.2675,-75.568611,4.0,0,1.0,1,0,3,21,2777,45.0,0,6,0.0,1,0.0,National Liberation Army of Colombia (ELN)
59177,2014,3,21,0,160,5,392,2701,12.004208,123.998959,2.0,0,0.0,1,0,2,14,3387,160.0,0,5,1.0,0,0.0,New People's Army (NPA)
47964,2010,5,5,0,92,6,133,909,17.753365,81.374123,1.0,0,0.0,1,0,2,14,1432,92.0,0,5,1.0,-9,0.0,Communist Party of India - Maoist (CPI-Maoist)
35009,1996,1,10,0,69,8,136,1040,42.554742,9.424047,1.0,0,0.0,1,0,3,2,1596,69.0,0,6,0.0,1,0.0,Corsican National Liberation Front (FLNC)
50647,2011,12,15,0,92,6,127,789,23.744186,84.504429,3.0,0,0.0,1,0,3,19,233,92.0,0,6,0.0,1,0.0,Maoists
15788,1986,6,14,0,159,3,277,2111,-11.967368,-76.978462,1.0,0,1.0,1,0,3,14,4792,159.0,0,6,0.0,1,0.0,Tupac Amaru Revolutionary Movement (MRTA)
11866,1984,3,26,0,159,3,477,3278,-13.152712,-74.218628,1.0,0,0.0,1,0,3,21,1899,159.0,0,6,1.0,1,0.0,Shining Path (SL)
20809,1988,11,25,0,43,3,272,2112,-37.029655,-73.144447,1.0,0,0.0,1,0,3,2,2787,43.0,0,6,0.0,1,0.0,Manuel Rodriguez Patriotic Front (FPMR)
19495,1988,5,3,0,92,6,285,3466,29.920753,74.207661,1.0,0,0.0,1,0,1,14,2602,92.0,0,5,5.0,0,0.0,Sikh Extremists
62504,2014,8,28,0,95,10,38,251,35.45211,44.375465,1.0,0,0.0,1,0,3,4,12,95.0,0,6,1.0,0,0.0,Islamic State of Iraq and the Levant (ISIL)
47736,2010,3,12,1,160,5,390,2656,7.364962,125.853401,1.0,0,0.0,1,0,2,14,13,160.0,0,5,1.0,0,1.0,New People's Army (NPA)
27417,1991,5,30,0,45,3,382,1256,3.91272,-75.47591,1.0,0,0.0,1,0,2,14,3978,45.0,0,5,0.0,1,0.0,Revolutionary Armed Forces of Colombia (FARC)
67100,2015,4,24,0,153,6,353,3722,34.006004,71.53743,1.0,0,0.0,1,0,3,3,12,153.0,0,6,1.0,1,0.0,Tehrik-i-Taliban Pakistan (TTP)
64304,2014,12,3,0,104,11,72,468,-0.448297,39.64306,1.0,0,0.0,1,0,3,1,512,104.0,0,6,0.0,1,0.0,Al-Shabaab
20499,1988,10,12,0,603,8,190,1609,54.607712,-5.95621,1.0,0,0.0,1,0,1,3,2106,233.0,0,5,1.0,0,0.0,Irish Republican Army (IRA)
3707,1977,12,21,0,603,8,190,1609,54.607712,-5.95621,1.0,0,1.0,1,0,3,1,1605,216.0,0,6,0.0,1,0.0,Irish Republican Army (IRA)
41708,2004,12,6,0,185,8,98,553,40.656422,-4.700322,1.0,0,1.0,1,0,3,20,6,185.0,0,6,0.0,1,0.0,Basque Fatherland and Freedom (ETA)
19174,1988,3,18,0,61,2,159,1252,13.184112,-88.414384,1.0,0,0.0,1,0,2,4,1762,61.0,0,5,0.0,1,0.0,Farabundo Marti National Liberation Front (FMLN)
43469,2006,12,25,0,186,6,262,2001,8.980118,79.912462,1.0,0,0.0,1,0,3,3,2616,186.0,0,6,1.0,0,0.0,Liberation Tigers of Tamil Eelam (LTTE)
71616,2015,12,9,1,92,6,128,924,18.700193,80.99749,1.0,0,0.0,1,0,6,14,13,92.0,0,9,1.0,0,1.0,Communist Party of India - Maoist (CPI-Maoist)
46550,2009,5,19,0,92,6,126,885,24.781467,84.986412,1.0,0,0.0,1,0,3,2,1407,92.0,0,6,0.0,1,0.0,Communist Party of India - Maoist (CPI-Maoist)
81299,2017,7,7,1,160,5,397,2681,9.05,125.9,1.0,0,1.0,1,0,6,4,3371,160.0,0,5,0.0,0,1.0,New People's Army (NPA)
20821,1988,11,26,0,185,8,86,512,43.258434,-2.921819,1.0,0,0.0,1,0,3,3,414,185.0,0,6,0.0,1,0.0,Basque Fatherland and Freedom (ETA)
41694,2004,11,29,0,186,6,218,1987,8.5922,81.196796,3.0,0,0.0,1,0,3,19,2497,186.0,0,6,1.0,1,0.0,Liberation Tigers of Tamil Eelam (LTTE)
8433,1982,3,3,0,61,2,154,1251,13.755754,-88.73273,1.0,0,0.0,1,0,2,4,1793,61.0,0,5,60.0,1,0.0,Farabundo Marti National Liberation Front (FMLN)
46091,2009,2,4,0,182,11,68,405,2.059819,45.326115,1.0,0,0.0,1,0,2,10,837,182.0,0,5,1.0,-9,0.0,Al-Shabaab
1383,1973,4,29,0,603,8,190,1609,54.607712,-5.95621,1.0,0,0.0,1,0,1,4,2189,216.0,0,5,1.0,0,0.0,Irish Republican Army (IRA)
36524,1997,9,22,0,45,3,471,24,0.869892,-73.841906,4.0,0,0.0,1,0,3,4,48,45.0,0,6,3.0,1,0.0,Revolutionary Armed Forces of Colombia (FARC)
83537,2017,12,20,0,92,6,126,2280,24.442418,84.398754,1.0,0,0.0,1,0,7,1,2963,92.0,0,8,0.0,1,0.0,Maoists
1021,1972,7,19,0,603,8,190,1648,54.819164,-7.467909,1.0,0,0.0,1,0,3,14,2154,233.0,0,6,1.0,1,0.0,Irish Republican Army (IRA)
43224,2006,8,6,0,186,6,262,2051,8.72125,80.364853,1.0,0,0.0,1,0,2,3,2569,186.0,0,5,0.0,0,0.0,Liberation Tigers of Tamil Eelam (LTTE)
14085,1985,6,18,0,603,8,190,1668,54.22641,-7.649053,1.0,0,0.0,1,0,3,3,2202,233.0,0,6,1.0,1,0.0,Irish Republican Army (IRA)
21289,1989,1,30,0,45,3,364,2485,4.667128,-74.106056,1.0,0,0.0,1,0,2,4,3150,45.0,0,5,5.0,1,1.0,National Liberation Army of Colombia (ELN)
20060,1988,7,29,0,183,11,19,167,-25.748281,28.212069,1.0,0,0.0,1,0,3,1,365,183.0,0,6,0.0,1,0.0,African National Congress (South Africa)
78233,2016,12,28,0,45,3,364,2485,4.667128,-74.106056,1.0,0,1.0,1,0,3,3,85,45.0,0,6,0.0,-9,0.0,National Liberation Army of Colombia (ELN)
29088,1991,11,20,0,159,3,277,2111,-11.967368,-76.978462,1.0,0,0.0,1,0,3,19,4828,159.0,0,6,0.0,1,0.0,Tupac Amaru Revolutionary Movement (MRTA)
3885,1978,2,20,0,45,3,367,3130,6.313712,-73.950146,1.0,0,0.0,1,0,2,3,371,45.0,0,5,1.0,1,0.0,Revolutionary Armed Forces of Colombia (FARC)
64118,2014,11,21,0,92,6,128,2242,18.404645,81.588419,1.0,0,1.0,1,0,2,4,2935,92.0,0,5,0.0,1,0.0,Maoists
61189,2014,7,2,0,182,11,66,412,2.14383,45.118061,1.0,0,0.0,1,0,2,4,497,182.0,0,5,1.0,0,0.0,Al-Shabaab
17130,1987,4,23,0,183,11,25,157,-33.951,18.554,1.0,0,0.0,0,0,1,3,275,183.0,0,6,1.0,1,0.0,African National Congress (South Africa)
23575,1989,10,31,0,159,3,277,2111,-11.967368,-76.978462,1.0,0,0.0,1,0,1,3,4096,159.0,0,5,1.0,0,0.0,Shining Path (SL)
10073,1983,4,17,0,145,2,438,2950,13.362156,-86.39801,3.0,1,0.0,1,0,3,21,3596,145.0,0,6,0.0,1,0.0,Nicaraguan Democratic Force (FDN)
67160,2015,4,25,0,147,11,108,632,11.925833,13.605556,1.0,0,0.0,1,0,2,4,172,147.0,0,5,5.0,0,0.0,Boko Haram
49059,2010,12,20,0,92,6,127,786,24.128611,84.185712,3.0,0,0.0,0,0,3,3,1458,92.0,0,6,0.0,0,0.0,Communist Party of India - Maoist (CPI-Maoist)
63207,2014,10,3,1,147,11,118,1452,9.52996,8.704706,2.0,0,1.0,1,0,2,14,27,147.0,0,5,7.0,1,-9.0,Fulani extremists
53079,2012,8,27,0,4,6,507,3553,31.631083,65.742226,1.0,1,0.0,0,1,1,3,4472,4.0,0,6,5.0,1,0.0,Taliban
66875,2015,4,12,0,4,6,507,3553,31.631083,65.742226,1.0,0,0.0,1,0,3,3,559,4.0,0,6,1.0,1,0.0,Taliban
77400,2016,11,6,1,121,5,13,24,5.97884,116.07532,4.0,0,0.0,1,0,4,14,183,75.0,0,5,2.0,0,1.0,Abu Sayyaf Group (ASG)
45247,2008,7,21,0,95,10,34,302,33.716995,44.679516,1.0,0,0.0,1,0,6,14,573,95.0,0,5,1.0,-9,1.0,Al-Qaida in Iraq
78375,2017,1,7,1,147,11,112,1372,9.614603,8.39358,1.0,0,0.0,1,0,2,14,27,147.0,0,5,2.0,0,-9.0,Fulani extremists
22986,1989,9,8,0,159,3,277,2111,-11.967368,-76.978462,1.0,0,0.0,1,0,1,2,4791,159.0,0,5,1.0,1,0.0,Tupac Amaru Revolutionary Movement (MRTA)
17442,1987,6,15,0,183,11,25,174,-33.98263,18.569386,1.0,0,0.0,1,0,1,2,325,183.0,0,6,0.0,1,0.0,African National Congress (South Africa)
13055,1984,11,16,0,145,2,436,2932,13.130707,-85.971684,3.0,1,0.0,1,0,7,1,3572,145.0,0,5,5.0,1,0.0,Nicaraguan Democratic Force (FDN)
16516,1986,12,16,0,43,3,271,2099,-33.366238,-70.505302,1.0,0,0.0,1,0,3,15,2773,43.0,0,6,1.0,1,0.0,Manuel Rodriguez Patriotic Front (FPMR)
72107,2016,1,5,0,92,6,128,2155,18.487408,80.974881,1.0,1,0.0,1,0,3,4,12,92.0,0,6,0.0,0,0.0,Maoists
4796,1979,3,10,0,69,8,136,24,41.918891,8.737554,4.0,0,1.0,1,0,3,1,1088,69.0,0,6,0.0,1,0.0,Corsican National Liberation Front (FLNC)
82322,2017,9,11,0,95,10,253,1912,35.532791,44.827717,1.0,0,0.0,1,0,2,14,524,95.0,0,5,0.0,1,0.0,Kurdistan Workers' Party (PKK)
55604,2013,5,29,0,182,11,70,408,-0.357847,42.54665,1.0,0,0.0,0,0,1,10,833,182.0,0,5,0.0,0,0.0,Al-Shabaab
44109,2007,8,30,0,185,8,86,557,43.278322,-2.126597,1.0,0,0.0,1,0,6,14,6,185.0,0,5,0.0,0,1.0,Basque Fatherland and Freedom (ETA)
70128,2015,9,16,0,160,5,0,71,6.65877,122.13411,2.0,0,0.0,1,0,3,13,133,160.0,0,6,0.0,1,0.0,Abu Sayyaf Group (ASG)
67460,2015,5,8,1,92,6,128,2130,19.175051,81.246376,2.0,0,1.0,1,0,6,1,123,92.0,0,5,0.0,0,1.0,Maoists
4232,1978,8,11,0,69,8,143,1024,42.699997,9.447317,1.0,0,0.0,1,0,3,14,1610,69.0,0,6,0.0,1,0.0,Corsican National Liberation Front (FLNC)
67175,2015,4,26,0,147,11,167,1340,7.908288,8.793912,2.0,0,1.0,1,0,2,14,27,147.0,0,5,3.0,0,0.0,Fulani extremists
25164,1990,6,11,0,186,6,262,2052,9.82486,80.236347,1.0,0,0.0,1,0,2,3,1068,186.0,0,5,0.0,1,0.0,Liberation Tigers of Tamil Eelam (LTTE)
16083,1986,8,14,0,96,8,198,1664,53.993847,-6.396594,1.0,0,0.0,1,0,2,14,2178,96.0,0,8,0.0,0,0.0,Irish Republican Army (IRA)
6229,1980,2,13,0,185,8,94,534,42.815372,-1.653616,1.0,0,0.0,0,0,1,4,1118,185.0,0,5,0.0,0,0.0,Basque Fatherland and Freedom (ETA)
28754,1991,10,20,0,92,6,339,3414,30.245796,75.842072,1.0,1,1.0,1,0,7,1,1088,92.0,0,8,0.0,1,0.0,Sikh Extremists
67619,2015,5,15,0,147,11,167,1421,7.585055,8.203927,2.0,0,1.0,1,0,2,14,27,147.0,0,9,1.0,1,0.0,Fulani extremists
66835,2015,4,10,0,214,9,146,1078,48.363186,37.891922,1.0,1,0.0,1,0,2,4,48,214.0,0,5,0.0,-9,0.0,Donetsk People's Republic
26419,1991,1,2,0,45,3,369,24,6.547306,-71.002231,4.0,0,0.0,1,0,2,3,562,45.0,0,5,0.0,1,0.0,Revolutionary Armed Forces of Colombia (FARC)
43268,2006,8,29,0,186,6,218,2026,7.099307,81.852488,1.0,0,0.0,1,0,2,14,2542,186.0,0,5,1.0,0,0.0,Liberation Tigers of Tamil Eelam (LTTE)
51932,2012,5,10,0,45,3,360,2542,8.65,-72.733333,1.0,1,0.0,1,0,2,3,85,45.0,0,6,8.0,0,0.0,Revolutionary Armed Forces of Colombia (FARC)
19612,1988,5,22,0,183,11,19,196,-26.267342,28.121495,1.0,0,0.0,1,0,1,2,361,183.0,0,5,1.0,0,0.0,African National Congress (South Africa)
78217,2016,12,26,0,4,6,513,3535,31.60063,64.369652,1.0,0,0.0,1,1,3,3,4511,4.0,0,6,2.0,1,0.0,Taliban
34373,1995,7,6,0,186,6,262,2073,9.815254,80.037053,1.0,0,0.0,1,1,3,4,2607,186.0,0,6,3.0,1,0.0,Liberation Tigers of Tamil Eelam (LTTE)
31239,1992,9,12,0,209,10,231,1846,39.550266,44.077301,1.0,0,0.0,1,0,2,4,562,209.0,0,5,4.0,1,0.0,Kurdistan Workers' Party (PKK)
35153,1996,3,13,0,160,5,7,15,6.929089,122.07885,1.0,0,0.0,1,0,3,1,77,160.0,0,6,1.0,1,0.0,Abu Sayyaf Group (ASG)
79333,2017,3,10,1,160,5,1,90,5.933405,121.033258,1.0,0,0.0,1,0,6,8,177,160.0,0,5,0.0,0,1.0,Abu Sayyaf Group (ASG)
19015,1988,2,21,0,159,3,277,2111,-11.967368,-76.978462,1.0,0,0.0,1,0,3,1,2692,199.0,0,6,0.0,1,0.0,Tupac Amaru Revolutionary Movement (MRTA)
46188,2009,3,1,0,160,5,5,2690,7.371271,125.49612,2.0,1,0.0,1,0,7,16,3378,160.0,0,8,0.0,1,0.0,New People's Army (NPA)
34836,1995,11,24,0,186,6,261,1974,6.941837,79.861687,1.0,0,0.0,1,1,3,4,2588,186.0,0,6,18.0,1,0.0,Liberation Tigers of Tamil Eelam (LTTE)
15833,1986,6,21,0,45,3,370,1201,9.26868,-74.53037,1.0,0,0.0,1,0,2,14,3983,45.0,0,5,10.0,1,0.0,Revolutionary Armed Forces of Colombia (FARC)
68150,2015,6,9,0,4,6,523,3654,34.24102,62.686585,2.0,0,0.0,1,0,2,3,20,4.0,0,5,1.0,0,0.0,Taliban
12879,1984,10,4,0,69,8,144,1051,45.764043,4.835659,1.0,0,0.0,0,0,3,1,1632,69.0,0,6,0.0,0,0.0,Corsican National Liberation Front (FLNC)
61572,2014,7,14,0,209,10,215,1893,36.853067,40.047375,1.0,0,0.0,0,0,1,2,2417,209.0,0,6,0.0,1,0.0,Kurdistan Workers' Party (PKK)
14852,1985,12,2,0,43,3,271,2099,-33.366238,-70.505302,1.0,0,0.0,1,0,3,4,2691,43.0,0,6,0.0,1,0.0,Manuel Rodriguez Patriotic Front (FPMR)
24747,1990,4,20,0,92,6,339,3407,31.8186,75.2028,1.0,0,0.0,1,0,2,14,4255,92.0,0,5,4.0,1,0.0,Sikh Extremists
78193,2016,12,25,0,37,11,117,733,12.370783,14.41828,1.0,0,1.0,1,0,2,14,27,37.0,0,5,0.0,0,0.0,Boko Haram
55571,2013,5,27,0,95,10,36,1759,33.460819,44.157433,1.0,0,1.0,1,0,3,14,486,95.0,0,6,8.0,1,0.0,Islamic State of Iraq and the Levant (ISIL)
13599,1985,4,11,0,43,3,272,2103,-36.816006,-73.037659,1.0,0,0.0,1,0,3,19,2735,43.0,0,6,0.0,1,0.0,Manuel Rodriguez Patriotic Front (FPMR)
8431,1982,3,1,0,159,3,477,3278,-13.152712,-74.218628,1.0,0,0.0,1,0,2,3,4124,159.0,0,5,0.0,1,0.0,Shining Path (SL)
73358,2016,3,13,0,147,11,167,1400,7.350826,8.836276,2.0,0,1.0,1,0,2,14,27,147.0,0,5,0.0,1,0.0,Fulani extremists
17748,1987,7,29,1,43,3,271,2099,-33.366238,-70.505302,1.0,0,0.0,1,0,3,2,560,43.0,0,6,0.0,1,0.0,Manuel Rodriguez Patriotic Front (FPMR)
37595,1999,8,23,1,107,7,311,2378,39.632764,70.973749,1.0,0,0.0,1,0,6,1,3047,101.0,0,5,0.0,-9,1.0,Muslim extremists
49235,2011,2,2,0,147,11,108,613,10.6111,12.195,1.0,0,0.0,1,0,2,3,1207,147.0,0,5,1.0,-9,0.0,Boko Haram
39205,2001,8,2,1,160,5,0,34,6.62139,122.143825,1.0,0,0.0,1,0,6,14,42,160.0,0,9,4.0,1,1.0,Abu Sayyaf Group (ASG)
63508,2014,10,17,0,160,5,0,85,6.700414,121.972557,1.0,0,0.0,1,0,3,1,179,160.0,0,6,0.0,1,0.0,Abu Sayyaf Group (ASG)
35921,1996,11,28,0,45,3,365,3153,10.47692,-73.25049,1.0,0,0.0,1,0,3,2,3884,45.0,0,6,0.0,1,0.0,Revolutionary Armed Forces of Colombia (FARC)
83138,2017,11,15,0,147,11,108,653,11.53955,13.155654,2.0,0,1.0,1,1,3,14,853,147.0,0,6,5.0,1,0.0,Boko Haram
73065,2016,2,26,0,160,5,358,2639,7.189447,124.92525,1.0,0,0.0,1,0,3,3,559,160.0,0,6,0.0,1,0.0,New People's Army (NPA)
15007,1986,1,9,0,61,2,163,1206,13.841389,-89.745556,1.0,0,0.0,1,0,3,14,1808,61.0,0,6,0.0,1,0.0,Farabundo Marti National Liberation Front (FMLN)
26052,1990,10,25,0,92,6,496,3418,30.733315,76.779418,1.0,0,0.0,1,0,2,14,4267,92.0,0,5,7.0,1,0.0,Sikh Extremists
34274,1995,5,22,0,45,3,378,3191,4.79961,-74.74089,1.0,0,0.0,1,0,2,4,3935,45.0,0,5,0.0,1,1.0,Revolutionary Armed Forces of Colombia (FARC)
60790,2014,6,11,0,147,11,118,1444,9.580896,8.780507,2.0,0,1.0,1,0,2,14,27,147.0,0,5,4.0,1,0.0,Fulani extremists
34739,1995,10,21,0,186,6,264,2009,7.368333,80.0325,1.0,0,1.0,1,0,2,14,2517,186.0,0,5,31.0,1,0.0,Liberation Tigers of Tamil Eelam (LTTE)
40933,2003,5,30,0,92,6,292,2444,33.538588,74.369286,1.0,0,0.0,1,0,3,14,3103,92.0,0,6,2.0,-9,0.0,Muslim extremists
16604,1987,1,9,0,183,11,19,137,-26.184113,28.033232,1.0,0,0.0,1,0,3,1,357,183.0,0,6,0.0,1,0.0,African National Congress (South Africa)
12650,1984,8,16,0,183,11,19,166,-26.160098,27.872807,1.0,0,0.0,1,0,3,3,374,183.0,0,6,1.0,1,0.0,African National Congress (South Africa)
50747,2012,1,3,0,160,5,411,2769,9.053611,125.586667,1.0,0,0.0,1,0,2,4,3444,160.0,0,6,1.0,0,0.0,New People's Army (NPA)
73839,2016,4,13,0,200,10,40,261,33.515244,36.292084,1.0,0,0.0,1,0,7,1,542,155.0,0,8,0.0,1,0.0,Islamic State of Iraq and the Levant (ISIL)
33508,1994,10,8,0,45,3,364,2485,4.667128,-74.106056,1.0,0,0.0,1,0,2,3,3252,45.0,0,6,0.0,1,0.0,National Liberation Army of Colombia (ELN)
69853,2015,9,1,0,95,10,32,249,34.160587,42.37254,1.0,0,1.0,1,1,3,4,48,95.0,0,6,10.0,0,0.0,Islamic State of Iraq and the Levant (ISIL)
63698,2014,10,28,0,182,11,83,481,5.20647,46.512601,2.0,0,0.0,1,0,2,4,577,422.0,0,6,5.0,0,0.0,Al-Shabaab
81514,2017,7,19,1,160,5,358,2735,7.481878,125.212099,1.0,0,0.0,1,0,6,3,3421,160.0,0,5,1.0,0,1.0,New People's Army (NPA)
14419,1985,8,19,0,61,2,150,1156,13.69288,-89.199161,1.0,0,0.0,1,0,2,14,1771,61.0,0,8,0.0,1,0.0,Farabundo Marti National Liberation Front (FMLN)
47203,2009,10,13,0,92,6,134,906,19.639543,79.474959,1.0,0,0.0,0,0,9,2,1428,92.0,0,5,0.0,0,0.0,Communist Party of India - Maoist (CPI-Maoist)
51819,2012,5,1,0,153,6,334,2421,30.200819,66.994354,1.0,0,0.0,1,0,3,4,162,153.0,0,6,5.0,1,0.0,Tehrik-i-Taliban Pakistan (TTP)
14206,1985,7,10,0,145,2,450,2963,11.09817,-83.94608,1.0,0,0.0,1,0,2,4,562,145.0,0,5,16.0,1,0.0,Nicaraguan Democratic Force (FDN)
17998,1987,9,7,0,43,3,271,2099,-33.366238,-70.505302,1.0,0,0.0,1,0,3,3,2730,43.0,0,6,0.0,1,0.0,Manuel Rodriguez Patriotic Front (FPMR)
18979,1988,2,17,0,43,3,270,2101,-33.024705,-71.552216,2.0,0,1.0,1,0,3,21,2693,43.0,0,6,0.0,1,0.0,Manuel Rodriguez Patriotic Front (FPMR)
73255,2016,3,8,0,209,10,217,1763,36.71928,37.11557,1.0,0,0.0,1,0,3,14,926,209.0,0,6,0.0,1,0.0,Islamic State of Iraq and the Levant (ISIL)
19557,1988,5,13,0,43,3,271,2099,-33.366238,-70.505302,1.0,0,0.0,1,0,3,19,2700,43.0,0,6,0.0,1,0.0,Manuel Rodriguez Patriotic Front (FPMR)
53785,2012,11,8,0,4,6,513,3552,32.363889,64.781443,3.0,0,0.0,1,0,3,14,13,4.0,0,6,10.0,1,0.0,Taliban
79121,2017,2,24,0,200,10,199,1701,36.432888,37.442127,1.0,0,0.0,1,1,3,17,2289,200.0,0,6,78.0,1,0.0,Islamic State of Iraq and the Levant (ISIL)
44334,2007,11,18,0,95,10,34,250,33.74324,44.623825,1.0,0,0.0,1,1,3,4,597,217.0,0,6,7.0,-9,0.0,Al-Qaida in Iraq
15098,1986,1,23,0,159,3,277,2111,-11.967368,-76.978462,1.0,0,0.0,1,0,3,1,4805,159.0,0,6,0.0,1,0.0,Tupac Amaru Revolutionary Movement (MRTA)
58920,2014,3,8,0,182,11,68,405,2.059819,45.326115,1.0,0,0.0,1,0,2,4,811,182.0,0,5,1.0,-9,0.0,Al-Shabaab
77040,2016,10,16,0,147,11,112,1322,10.26622,7.113044,3.0,0,0.0,1,0,2,14,27,147.0,0,5,2.0,1,0.0,Fulani extremists
20451,1988,10,6,0,61,2,150,1156,13.69288,-89.199161,1.0,0,1.0,1,0,3,21,1855,61.0,0,6,0.0,1,0.0,Farabundo Marti National Liberation Front (FMLN)
36314,1997,6,10,0,603,8,190,1610,55.011562,-7.312045,1.0,0,0.0,0,0,2,4,1885,216.0,0,5,0.0,1,0.0,Irish Republican Army (IRA)
21995,1989,4,24,0,159,3,480,3293,-13.531688,-71.966924,1.0,0,0.0,1,0,3,2,4192,159.0,0,6,0.0,1,0.0,Shining Path (SL)
29471,1992,1,16,0,185,8,87,510,36.686562,-6.137173,1.0,0,0.0,0,0,1,3,942,185.0,0,6,0.0,0,0.0,Basque Fatherland and Freedom (ETA)
68282,2015,6,15,0,4,6,509,3556,32.443855,62.147739,2.0,0,1.0,1,0,2,4,48,4.0,0,6,1.0,1,0.0,Taliban
56764,2013,9,13,0,228,10,50,325,15.840202,48.45438,1.0,0,0.0,1,0,2,4,700,228.0,0,5,2.0,1,0.0,Al-Qaida in the Arabian Peninsula (AQAP)
57911,2014,1,1,0,95,10,36,289,33.669689,44.381317,1.0,0,1.0,1,0,2,3,175,95.0,0,5,4.0,1,0.0,Muslim extremists
63725,2014,10,30,0,228,10,52,324,14.058333,46.913056,1.0,0,0.0,1,0,2,4,652,228.0,0,5,1.0,0,0.0,Al-Qaida in the Arabian Peninsula (AQAP)
48769,2010,10,18,0,92,6,128,890,18.667221,81.671991,1.0,0,0.0,1,0,7,1,1413,92.0,0,8,0.0,1,0.0,Communist Party of India - Maoist (CPI-Maoist)
47281,2009,10,29,0,92,6,128,814,20.514853,80.904182,2.0,0,0.0,1,0,2,3,1323,92.0,0,5,1.0,0,0.0,Communist Party of India - Maoist (CPI-Maoist)
18926,1988,2,12,0,159,3,476,3851,-10.193333,-76.238889,1.0,0,0.0,1,0,2,4,1853,159.0,0,5,9.0,1,0.0,Tupac Amaru Revolutionary Movement (MRTA)
83368,2017,12,4,0,147,11,113,1443,9.449271,12.065854,1.0,1,0.0,1,0,2,3,85,147.0,0,5,6.0,0,0.0,Fulani extremists
21292,1989,1,30,0,61,2,151,1215,14.15695,-89.011475,1.0,0,0.0,1,0,2,14,1818,61.0,0,5,0.0,1,0.0,Farabundo Marti National Liberation Front (FMLN)
33211,1994,7,4,0,69,8,136,1043,41.491868,9.055051,1.0,0,1.0,1,0,3,14,1567,69.0,0,6,0.0,1,0.0,Corsican National Liberation Front (FLNC)
57069,2013,10,9,0,95,10,38,1695,35.323789,43.772096,3.0,0,1.0,1,0,3,3,2296,95.0,0,6,0.0,1,0.0,Islamic State of Iraq and the Levant (ISIL)
8483,1982,3,15,0,61,2,150,1156,13.69288,-89.199161,1.0,0,0.0,1,0,3,4,1821,61.0,0,5,1.0,1,0.0,Farabundo Marti National Liberation Front (FMLN)
19270,1988,4,1,0,92,6,339,3491,31.37148,75.393681,3.0,0,0.0,1,0,3,19,4377,92.0,0,6,0.0,1,0.0,Sikh Extremists
56058,2013,7,15,0,182,11,68,405,2.059819,45.326115,1.0,0,0.0,1,0,3,21,813,182.0,0,6,0.0,1,0.0,Al-Shabaab
10823,1983,9,13,0,183,11,18,177,-29.890769,30.975174,1.0,0,0.0,1,0,3,1,327,183.0,0,6,0.0,1,0.0,African National Congress (South Africa)
32081,1992,12,16,0,603,8,49,1615,51.504387,-0.140041,1.0,0,0.0,1,0,3,14,2165,216.0,0,6,0.0,1,0.0,Irish Republican Army (IRA)
35748,1996,9,24,0,45,3,379,2528,3.429344,-76.516037,1.0,1,0.0,1,0,2,19,3217,45.0,0,8,0.0,1,0.0,National Liberation Army of Colombia (ELN)
70264,2015,9,22,0,160,5,1,2,6.067119,121.100362,1.0,0,0.0,1,0,3,20,6,160.0,0,6,1.0,0,0.0,Abu Sayyaf Group (ASG)
66174,2015,3,5,0,214,9,146,1079,48.143208,37.753361,1.0,0,0.0,1,0,3,4,48,214.0,0,6,0.0,0,0.0,Donetsk People's Republic
43697,2007,4,17,1,160,5,1,24,6.05519,121.001323,4.0,0,0.0,1,0,6,2,149,160.0,0,5,7.0,0,1.0,Abu Sayyaf Group (ASG)
58873,2014,3,5,0,147,11,118,1405,9.56679,8.716831,1.0,0,1.0,1,0,2,14,27,147.0,0,5,4.0,1,0.0,Fulani extremists
8989,1982,7,28,0,159,3,277,3300,-12.046374,-77.042793,4.0,0,0.0,1,0,3,21,1761,159.0,0,6,0.0,1,0.0,Shining Path (SL)
23250,1989,10,1,0,159,3,487,3313,-14.063467,-75.729381,1.0,0,0.0,1,0,3,4,4117,159.0,0,6,0.0,1,0.0,Shining Path (SL)
16404,1986,11,10,0,61,2,159,1202,13.483333,-88.466667,1.0,0,0.0,1,0,3,1,1826,61.0,0,6,1.0,1,0.0,Farabundo Marti National Liberation Front (FMLN)
26978,1991,3,28,0,69,8,136,1047,42.44586,9.365441,1.0,0,0.0,1,0,3,2,1614,69.0,0,6,0.0,1,0.0,Corsican National Liberation Front (FLNC)
23580,1989,10,31,0,45,3,360,24,7.946283,-72.898807,4.0,0,0.0,1,0,3,21,3183,45.0,0,6,0.0,1,0.0,National Liberation Army of Colombia (ELN)
25079,1990,6,4,0,92,6,339,3409,30.34,76.38,1.0,0,0.0,1,0,3,15,4257,92.0,0,6,4.0,1,0.0,Sikh Extremists
57950,2014,1,4,0,182,11,68,405,2.059819,45.326115,1.0,0,0.0,1,0,3,2,819,182.0,0,6,2.0,-9,0.0,Al-Shabaab
10011,1983,4,3,0,155,10,456,3053,32.460617,35.301247,1.0,0,0.0,1,0,2,3,3725,97.0,0,8,1.0,1,0.0,Palestinians
72607,2016,2,1,0,209,10,225,1880,37.372713,41.93286,3.0,0,0.0,1,0,3,3,559,209.0,0,6,1.0,1,0.0,Kurdistan Workers' Party (PKK)
19947,1988,7,14,0,186,6,262,2002,9.304036,80.409705,1.0,0,0.0,1,0,3,4,2507,92.0,0,6,2.0,1,0.0,Liberation Tigers of Tamil Eelam (LTTE)
51726,2012,4,19,0,147,11,108,619,11.840929,13.141459,1.0,0,1.0,1,0,2,2,929,147.0,0,5,2.0,0,0.0,Boko Haram
14109,1985,6,21,0,43,3,271,2099,-33.366238,-70.505302,1.0,0,1.0,1,0,3,21,2714,43.0,0,6,0.0,1,0.0,Manuel Rodriguez Patriotic Front (FPMR)
61122,2014,6,29,0,147,11,108,692,10.839722,13.021944,2.0,0,1.0,1,0,2,14,27,147.0,0,6,9.0,1,0.0,Boko Haram
25975,1990,10,17,0,159,3,277,2111,-11.967368,-76.978462,1.0,0,0.0,1,0,7,8,4786,159.0,0,8,0.0,1,0.0,Tupac Amaru Revolutionary Movement (MRTA)
56611,2013,8,30,0,60,10,291,2354,31.126646,33.800865,1.0,0,0.0,1,0,3,1,1574,60.0,0,6,0.0,1,0.0,Muslim extremists
71377,2015,11,23,0,92,6,128,2200,18.184536,81.411415,1.0,0,0.0,0,0,3,20,6,92.0,0,6,0.0,0,0.0,Maoists
67414,2015,5,6,0,200,10,206,1725,36.503593,40.740627,1.0,0,1.0,1,0,3,14,926,200.0,0,6,1.0,0,0.0,Islamic State of Iraq and the Levant (ISIL)
22217,1989,5,27,0,185,8,86,24,43.003305,-2.612578,4.0,0,1.0,1,0,7,1,766,185.0,0,8,0.0,1,0.0,Basque Fatherland and Freedom (ETA)
12850,1984,9,28,0,159,3,277,2111,-11.967368,-76.978462,1.0,0,0.0,1,0,3,1,4841,159.0,0,6,0.0,1,0.0,Tupac Amaru Revolutionary Movement (MRTA)
39810,2002,1,28,0,45,3,360,2512,7.894195,-72.503885,1.0,0,0.0,1,0,3,1,3250,45.0,0,6,0.0,1,0.0,National Liberation Army of Colombia (ELN)
80516,2017,5,25,0,160,5,0,17,6.491515,122.141717,1.0,0,0.0,1,0,2,3,18,160.0,0,6,2.0,-9,0.0,Abu Sayyaf Group (ASG)
8600,1982,4,13,0,97,10,456,3054,32.243008,35.456097,1.0,0,0.0,1,0,2,4,1885,97.0,0,5,1.0,1,0.0,Palestinians
29435,1992,1,10,0,159,3,277,2111,-11.967368,-76.978462,1.0,0,0.0,1,0,3,7,4812,59.0,0,6,0.0,1,0.0,Tupac Amaru Revolutionary Movement (MRTA)
61263,2014,7,5,0,173,10,61,362,17.489233,47.104439,1.0,0,0.0,1,1,3,2,219,173.0,0,6,3.0,1,0.0,Al-Qaida in the Arabian Peninsula (AQAP)
11917,1984,4,1,0,145,2,437,2954,13.652701,-86.612806,1.0,0,0.0,1,0,2,4,1762,145.0,0,5,1.0,1,0.0,Nicaraguan Democratic Force (FDN)
14516,1985,9,18,0,43,3,273,2104,-34.170331,-70.740822,1.0,0,0.0,1,0,3,21,1761,43.0,0,6,0.0,1,0.0,Manuel Rodriguez Patriotic Front (FPMR)
5765,1979,10,25,0,69,8,137,132,48.856644,2.34233,1.0,0,0.0,1,0,3,4,1580,69.0,0,6,0.0,1,0.0,Corsican National Liberation Front (FLNC)
60238,2014,5,18,0,147,11,115,639,11.974328,8.50026,1.0,0,0.0,1,1,3,14,812,147.0,0,6,5.0,-9,0.0,Boko Haram
31962,1992,12,3,0,69,8,136,24,41.918891,8.737554,4.0,0,1.0,1,0,3,2,560,69.0,0,6,0.0,1,0.0,Corsican National Liberation Front (FLNC)
28199,1991,8,19,0,61,2,148,1162,13.883333,-88.966667,1.0,0,0.0,1,0,2,4,562,61.0,0,5,11.0,1,0.0,Farabundo Marti National Liberation Front (FMLN)
37405,1999,6,9,0,603,8,190,1610,55.011562,-7.312045,1.0,0,0.0,1,0,8,14,2062,233.0,0,9,0.0,1,0.0,Irish Republican Army (IRA)
63250,2014,10,7,0,214,9,146,1076,47.981647,37.762325,1.0,0,1.0,1,0,3,4,1701,214.0,0,6,2.0,-9,0.0,Donetsk People's Republic
28539,1991,9,27,0,209,10,228,1854,37.415668,41.371505,1.0,0,0.0,1,0,2,4,562,209.0,0,5,0.0,1,0.0,Kurdistan Workers' Party (PKK)
25472,1990,7,26,0,43,3,272,2116,-36.609282,-72.102064,1.0,0,1.0,1,0,3,15,259,217.0,0,6,0.0,1,0.0,Manuel Rodriguez Patriotic Front (FPMR)
5304,1979,6,16,0,69,8,136,24,41.918891,8.737554,4.0,0,0.0,1,0,3,20,1176,69.0,0,6,0.0,1,0.0,Corsican National Liberation Front (FLNC)
56894,2013,9,25,1,153,6,427,3755,34.345856,71.370506,1.0,0,1.0,1,0,6,1,4605,153.0,0,5,1.0,1,1.0,Tehrik-i-Taliban Pakistan (TTP)
63070,2014,9,27,0,147,11,168,1408,8.513991,8.624032,2.0,0,1.0,1,0,2,14,27,147.0,0,5,10.0,1,0.0,Fulani extremists
5173,1979,5,20,0,603,8,190,1610,55.011562,-7.312045,1.0,0,0.0,1,0,1,3,2140,233.0,0,5,1.0,0,0.0,Irish Republican Army (IRA)
56705,2013,9,7,0,228,10,53,315,15.325443,44.211895,1.0,0,0.0,1,0,3,2,3094,228.0,0,6,1.0,0,0.0,Muslim extremists
53662,2012,10,27,0,95,10,36,263,34.881348,44.62513,1.0,0,0.0,1,0,3,15,500,95.0,0,6,0.0,0,0.0,Al-Qaida in Iraq
7105,1980,11,4,0,61,2,150,1188,13.808917,-89.228637,1.0,0,0.0,1,0,2,14,1785,61.0,0,5,1.0,1,1.0,Farabundo Marti National Liberation Front (FMLN)
71645,2015,12,11,0,160,5,409,2668,12.99271,124.014746,1.0,0,0.0,1,0,1,4,3361,160.0,0,5,1.0,0,0.0,New People's Army (NPA)
67212,2015,4,27,0,160,5,392,2643,12.622839,123.668206,1.0,0,0.0,1,0,2,14,3344,160.0,0,5,1.0,0,0.0,New People's Army (NPA)
7873,1981,8,5,0,603,8,190,1628,54.183052,-6.341388,1.0,0,0.0,1,0,3,14,2208,216.0,0,6,1.0,1,0.0,Irish Republican Army (IRA)
75599,2016,7,24,0,92,6,282,2258,17.84683,79.66121,1.0,1,0.0,0,0,3,14,13,92.0,0,6,0.0,0,0.0,Maoists
74399,2016,5,14,0,182,11,68,405,2.059819,45.326115,1.0,0,0.0,1,0,2,4,865,182.0,0,5,1.0,0,0.0,Al-Shabaab
78238,2016,12,28,0,182,11,74,413,3.381584,45.598389,1.0,0,0.0,1,1,3,1,512,182.0,0,6,1.0,1,0.0,Al-Shabaab
58342,2014,1,31,0,147,11,108,634,11.089722,13.688376,3.0,0,0.0,1,0,3,19,56,147.0,0,6,7.0,1,0.0,Boko Haram
30757,1992,7,19,0,159,3,277,2111,-11.967368,-76.978462,1.0,0,0.0,1,0,7,1,4104,159.0,0,8,0.0,1,0.0,Shining Path (SL)
69330,2015,8,6,0,153,6,427,3768,33.558414,70.696106,1.0,0,0.0,1,0,2,4,12,153.0,0,5,11.0,0,0.0,Tehrik-i-Taliban Pakistan (TTP)
10244,1983,5,23,0,159,3,477,3306,-13.942825,-74.312575,1.0,0,0.0,1,0,2,14,4110,159.0,0,5,79.0,1,0.0,Shining Path (SL)
20517,1988,10,15,0,183,11,23,182,-26.916982,27.484439,1.0,0,1.0,1,0,1,2,335,183.0,0,6,0.0,0,0.0,African National Congress (South Africa)
47164,2009,10,5,0,160,5,10,94,7.798649,122.139514,1.0,0,0.0,1,0,3,2,189,160.0,0,6,0.0,-9,0.0,Abu Sayyaf Group (ASG)
51911,2012,5,9,0,228,10,52,329,13.129726,45.385571,1.0,1,0.0,1,0,2,4,656,228.0,0,5,6.0,-9,0.0,Al-Qaida in the Arabian Peninsula (AQAP)
17431,1987,6,14,0,159,3,277,2111,-11.967368,-76.978462,1.0,0,1.0,1,0,3,1,1574,159.0,0,6,0.0,1,0.0,Tupac Amaru Revolutionary Movement (MRTA)
54077,2012,12,20,0,228,10,48,310,12.825647,44.846416,1.0,0,0.0,1,0,2,14,13,228.0,0,5,1.0,-9,0.0,Muslim extremists
79738,2017,4,6,0,4,6,523,3567,33.696641,63.092771,3.0,0,0.0,1,0,3,8,4463,4.0,0,6,2.0,1,0.0,Taliban
78355,2017,1,6,0,228,10,53,315,15.325443,44.211895,1.0,0,0.0,1,0,5,14,13,228.0,0,5,0.0,0,1.0,Houthi extremists (Ansar Allah)
54941,2013,3,22,0,228,10,52,313,13.560833,46.156389,1.0,0,0.0,1,0,2,17,639,228.0,0,5,1.0,0,0.0,Al-Qaida in the Arabian Peninsula (AQAP)
39993,2002,4,24,0,141,6,261,2166,29.231273,80.650008,1.0,0,0.0,1,0,3,2,2881,141.0,0,6,0.0,1,0.0,Maoists
31917,1992,11,29,0,159,3,477,3278,-13.152712,-74.218628,1.0,0,0.0,1,0,3,14,4174,159.0,0,5,6.0,1,0.0,Shining Path (SL)
22581,1989,7,25,0,209,10,225,1872,37.443297,42.003155,1.0,0,0.0,1,0,2,14,2394,209.0,0,5,2.0,1,0.0,Kurdistan Workers' Party (PKK)
65880,2015,2,15,1,228,10,47,24,13.966641,44.166748,4.0,0,0.0,1,0,6,10,2019,228.0,0,5,1.0,0,1.0,Houthi extremists (Ansar Allah)
83590,2017,12,25,0,4,6,513,3562,31.467463,64.092445,1.0,0,0.0,1,0,3,3,722,4.0,0,6,6.0,1,0.0,Taliban
60517,2014,5,29,0,147,11,170,1428,8.235524,11.052084,1.0,0,0.0,1,0,2,14,27,147.0,0,5,3.0,1,0.0,Fulani extremists
75127,2016,6,24,0,182,11,68,405,2.059819,45.326115,1.0,0,1.0,1,0,3,2,219,182.0,0,6,1.0,-9,0.0,Al-Shabaab
29758,1992,2,29,0,97,10,458,3037,31.771599,35.2034,1.0,0,0.0,1,0,7,2,3661,97.0,0,8,0.0,1,0.0,Palestinians
12620,1984,8,10,0,145,2,446,2894,13.031591,-85.641009,1.0,0,0.0,1,0,2,14,3544,145.0,0,5,8.0,1,0.0,Nicaraguan Democratic Force (FDN)
7404,1981,2,23,0,61,2,150,1233,13.733353,-89.216671,1.0,0,0.0,1,0,2,4,1762,61.0,0,5,0.0,1,0.0,Farabundo Marti National Liberation Front (FMLN)
12311,1984,6,8,0,145,2,448,2880,12.509204,-86.661108,4.0,0,0.0,1,0,2,14,3538,145.0,0,5,0.0,1,0.0,Nicaraguan Democratic Force (FDN)
60769,2014,6,11,0,65,11,84,460,4.961406,43.574668,1.0,1,0.0,1,0,2,3,867,65.0,0,5,1.0,-9,0.0,Al-Shabaab
35726,1996,9,21,0,45,3,367,2543,7.060051,-73.853115,1.0,0,0.0,1,0,7,15,2755,45.0,0,8,0.0,1,0.0,National Liberation Army of Colombia (ELN)
62523,2014,8,30,0,160,5,0,92,6.534351,122.083873,2.0,0,0.0,1,0,2,4,186,160.0,0,5,2.0,1,0.0,Abu Sayyaf Group (ASG)
16953,1987,4,1,0,159,3,482,3356,-18.006645,-70.246245,1.0,0,0.0,1,0,2,10,1907,159.0,0,5,0.0,1,0.0,Tupac Amaru Revolutionary Movement (MRTA)
25206,1990,6,16,0,45,3,377,24,2.243589,-77.010385,4.0,0,0.0,1,0,1,14,3860,45.0,0,5,8.0,0,0.0,Revolutionary Armed Forces of Colombia (FARC)
61905,2014,7,28,0,92,6,128,2150,17.938513,81.133357,2.0,1,0.0,1,0,2,4,2868,92.0,0,5,10.0,0,0.0,Maoists
10089,1983,4,21,0,603,8,190,1609,54.607712,-5.95621,1.0,0,0.0,0,0,1,3,2052,233.0,0,5,0.0,0,0.0,Irish Republican Army (IRA)
74813,2016,6,7,0,92,6,128,2132,19.595851,81.663777,3.0,0,0.0,0,0,3,20,6,92.0,0,6,0.0,0,0.0,Maoists
11991,1984,4,13,0,185,8,94,534,42.815372,-1.653616,1.0,0,0.0,1,0,3,3,1096,185.0,0,6,2.0,0,0.0,Basque Fatherland and Freedom (ETA)
69270,2015,8,3,0,147,11,108,732,11.650335,13.418321,3.0,0,1.0,1,0,2,14,13,147.0,0,5,1.0,-9,0.0,Boko Haram
23513,1989,10,25,0,45,3,360,2534,7.74002,-73.04889,1.0,0,0.0,1,0,3,3,1106,45.0,0,6,4.0,1,0.0,National Liberation Army of Colombia (ELN)
7851,1981,7,28,0,45,3,363,3223,6.6752,-74.84211,1.0,0,0.0,1,0,2,4,1762,45.0,0,5,4.0,1,0.0,Revolutionary Armed Forces of Colombia (FARC)
81531,2017,7,20,0,95,10,32,1723,33.423328,41.125052,3.0,0,0.0,0,1,3,20,6,95.0,0,6,0.0,0,0.0,Islamic State of Iraq and the Levant (ISIL)
14880,1985,12,5,0,145,2,437,2867,13.62679,-85.8254,1.0,0,0.0,1,0,2,1,59,145.0,0,5,2.0,1,0.0,Nicaraguan Democratic Force (FDN)
57095,2013,10,12,0,4,6,322,2403,34.417122,70.449593,1.0,0,0.0,1,1,3,3,1198,4.0,0,6,3.0,1,0.0,Taliban
5296,1979,6,16,0,69,8,143,1024,42.699997,9.447317,1.0,0,0.0,1,0,3,20,1620,69.0,0,6,0.0,1,0.0,Corsican National Liberation Front (FLNC)
30717,1992,7,13,0,92,6,339,3412,31.633078,74.878288,1.0,0,0.0,1,0,1,14,4312,92.0,0,5,6.0,0,0.0,Sikh Extremists
68242,2015,6,13,0,214,9,146,1093,47.942608,37.505135,1.0,0,1.0,1,0,3,4,1698,214.0,0,6,0.0,-9,0.0,Donetsk People's Republic
41863,2005,3,14,0,95,10,35,251,35.45211,44.375465,1.0,1,0.0,0,0,3,2,485,95.0,0,6,0.0,0,0.0,Al-Qaida in Iraq
65822,2015,2,13,0,214,9,146,1074,48.596962,37.998299,1.0,0,0.0,1,0,3,8,1733,214.0,0,6,1.0,1,0.0,Donetsk People's Republic
43057,2006,6,3,1,95,10,33,248,33.303566,44.371773,1.0,0,0.0,1,0,6,7,586,167.0,0,5,1.0,0,1.0,Al-Qaida in Iraq
73030,2016,2,23,0,123,11,299,2429,15.715537,-4.904162,1.0,0,0.0,1,0,2,4,20,123.0,0,5,3.0,0,0.0,Muslim extremists
48312,2010,7,7,0,95,10,32,247,33.31065,44.038208,1.0,0,1.0,1,0,3,17,489,95.0,0,6,1.0,1,0.0,Al-Qaida in Iraq
14155,1985,7,1,0,69,8,136,24,41.918891,8.737554,4.0,0,1.0,1,0,3,3,1579,69.0,0,6,0.0,1,0.0,Corsican National Liberation Front (FLNC)
3294,1977,6,7,0,185,8,88,512,43.258434,-2.921819,1.0,0,0.0,1,0,2,14,559,185.0,0,8,0.0,1,0.0,Basque Fatherland and Freedom (ETA)
16093,1986,8,15,0,159,3,277,2111,-11.967368,-76.978462,1.0,0,1.0,1,0,3,21,1126,159.0,0,6,0.0,1,0.0,Tupac Amaru Revolutionary Movement (MRTA)
65696,2015,2,9,0,147,11,167,1292,7.689167,9.250278,3.0,0,1.0,1,0,2,14,27,147.0,0,5,1.0,1,0.0,Fulani extremists
26494,1991,1,7,0,92,6,129,3432,23.332078,86.365208,1.0,0,0.0,1,0,2,3,562,92.0,0,5,0.0,1,0.0,Sikh Extremists
4567,1979,1,1,0,69,8,141,1021,41.930607,8.742907,1.0,0,0.0,1,0,2,3,172,69.0,0,5,0.0,1,0.0,Corsican National Liberation Front (FLNC)
8829,1982,6,4,0,183,11,25,162,-33.941849,18.41964,1.0,0,0.0,1,0,3,2,382,183.0,0,6,1.0,1,0.0,African National Congress (South Africa)
19454,1988,5,1,0,186,6,218,2039,8.312373,81.171508,2.0,0,0.0,1,0,3,19,56,186.0,0,6,26.0,1,0.0,Liberation Tigers of Tamil Eelam (LTTE)
75882,2016,8,10,0,45,3,474,3219,2.331899,-72.628127,1.0,0,0.0,1,0,3,3,85,45.0,0,6,0.0,1,0.0,Revolutionary Armed Forces of Colombia (FARC)
81635,2017,7,26,1,113,10,296,2427,32.760742,21.757212,1.0,1,0.0,1,0,6,15,3087,113.0,0,5,1.0,0,1.0,Muslim extremists
63024,2014,9,25,0,147,11,108,742,10.485807,12.356241,1.0,0,1.0,1,0,7,14,27,147.0,0,8,6.0,1,0.0,Boko Haram
65089,2015,1,14,0,214,9,146,1116,47.827862,37.652819,1.0,0,1.0,1,0,3,14,205,214.0,0,6,0.0,-9,0.0,Donetsk People's Republic
15910,1986,7,5,0,183,11,19,210,-26.387848,28.173627,3.0,0,0.0,1,0,1,2,385,183.0,0,5,5.0,0,0.0,African National Congress (South Africa)
77025,2016,10,16,0,95,10,34,1697,34.021821,44.933508,1.0,0,0.0,1,0,3,4,497,95.0,0,6,1.0,0,0.0,Islamic State of Iraq and the Levant (ISIL)
41525,2004,7,31,0,186,6,261,1974,6.941837,79.861687,1.0,0,0.0,1,0,1,4,2541,186.0,0,5,1.0,0,0.0,Liberation Tigers of Tamil Eelam (LTTE)
27542,1991,6,12,0,159,3,277,2111,-11.967368,-76.978462,1.0,0,1.0,1,0,3,1,766,159.0,0,6,0.0,1,0.0,Tupac Amaru Revolutionary Movement (MRTA)
55813,2013,6,22,0,182,11,70,421,-0.100689,41.908362,2.0,0,0.0,1,0,3,4,823,422.0,0,6,0.0,1,0.0,Al-Shabaab
65376,2015,1,26,0,113,10,290,2344,30.491793,18.547119,1.0,0,0.0,1,0,3,14,1730,113.0,0,6,0.0,1,0.0,Muslim extremists
4845,1979,3,18,0,69,8,141,1022,41.591369,9.278311,1.0,0,0.0,1,0,3,2,1602,69.0,0,6,0.0,1,0.0,Corsican National Liberation Front (FLNC)
21759,1989,3,25,0,92,6,339,3439,31.534899,75.910571,3.0,0,0.0,1,0,2,3,4295,92.0,0,5,3.0,1,0.0,Sikh Extremists
44995,2008,6,1,0,45,3,374,2572,11.272246,-73.309852,3.0,0,0.0,0,0,3,4,3260,45.0,0,6,0.0,0,0.0,National Liberation Army of Colombia (ELN)
57765,2013,12,17,0,4,6,511,3636,32.489819,67.476772,3.0,0,0.0,1,0,3,4,2017,422.0,0,6,6.0,1,0.0,Taliban
60938,2014,6,19,0,147,11,108,677,10.672575,12.69115,1.0,0,1.0,1,0,2,14,27,147.0,0,5,3.0,1,0.0,Boko Haram
46903,2009,7,29,0,153,6,534,3749,34.793956,72.775814,3.0,0,0.0,1,0,1,14,4596,153.0,0,5,3.0,1,0.0,Tehrik-i-Taliban Pakistan (TTP)
19309,1988,4,12,0,43,3,271,2099,-33.366238,-70.505302,1.0,0,0.0,1,0,1,3,2743,43.0,0,5,1.0,0,0.0,Manuel Rodriguez Patriotic Front (FPMR)
29470,1992,1,15,0,209,10,246,1871,38.353182,38.32083,1.0,0,0.0,1,0,2,3,524,209.0,0,5,2.0,1,0.0,Kurdistan Workers' Party (PKK)
21940,1989,4,18,0,185,8,86,521,43.136978,-2.073914,1.0,0,0.0,1,0,7,19,1068,185.0,0,8,0.0,1,0.0,Basque Fatherland and Freedom (ETA)
81356,2017,7,10,0,147,11,108,700,11.052698,13.688003,2.0,0,0.0,1,0,2,4,162,147.0,0,5,5.0,1,0.0,Boko Haram
55014,2013,4,1,0,160,5,388,2630,10.840278,123.499167,1.0,0,0.0,1,0,2,3,3332,160.0,0,5,3.0,1,0.0,New People's Army (NPA)
15779,1986,6,13,0,159,3,475,3329,-12.068306,-75.210163,1.0,0,1.0,1,0,3,2,4799,159.0,0,6,1.0,1,0.0,Tupac Amaru Revolutionary Movement (MRTA)
9100,1982,8,27,0,159,3,475,3359,-11.371389,-75.318611,2.0,0,0.0,1,0,3,1,4186,159.0,0,6,0.0,1,0.0,Shining Path (SL)
12651,1984,8,16,0,183,11,19,166,-26.160098,27.872807,1.0,0,0.0,1,0,3,14,310,183.0,0,6,0.0,1,0.0,African National Congress (South Africa)
59166,2014,3,21,0,228,10,50,349,14.52073,49.15211,1.0,0,0.0,1,0,2,4,20,228.0,0,5,4.0,-9,0.0,Al-Qaida in the Arabian Peninsula (AQAP)
14267,1985,7,17,0,61,2,155,24,13.864829,-88.7494,4.0,0,1.0,1,0,3,21,1781,61.0,0,6,0.0,1,0.0,Farabundo Marti National Liberation Front (FMLN)
42222,2005,7,28,0,69,8,136,1024,42.699997,9.447317,1.0,0,1.0,1,0,3,1,1598,69.0,0,6,0.0,1,0.0,Corsican National Liberation Front (FLNC)
33404,1994,8,30,0,185,8,94,24,42.695391,-1.676069,4.0,0,0.0,1,0,3,19,982,185.0,0,6,0.0,1,0.0,Basque Fatherland and Freedom (ETA)
40859,2003,5,5,0,92,6,292,2426,34.211864,74.770804,1.0,0,0.0,0,0,1,2,3085,92.0,0,6,0.0,0,0.0,Muslim extremists
20024,1988,7,25,0,43,3,270,1256,-33.583745,-71.613065,1.0,0,0.0,1,0,3,1,560,43.0,0,6,0.0,1,0.0,Manuel Rodriguez Patriotic Front (FPMR)
28672,1991,10,15,0,61,2,156,1178,13.597728,-89.418532,1.0,0,0.0,1,0,2,14,1778,61.0,0,5,0.0,1,0.0,Farabundo Marti National Liberation Front (FMLN)
52994,2012,8,16,0,95,10,32,270,33.457222,44.086389,1.0,0,1.0,1,0,2,3,20,95.0,0,5,4.0,0,0.0,Al-Qaida in Iraq
64971,2015,1,8,0,95,10,38,24,35.470616,44.395746,4.0,0,1.0,1,0,3,3,2296,95.0,0,6,0.0,1,0.0,Islamic State of Iraq and the Levant (ISIL)
2535,1976,1,17,0,603,8,190,1609,54.607712,-5.95621,1.0,0,0.0,1,0,1,14,2080,233.0,0,5,1.0,0,0.0,Irish Republican Army (IRA)
30575,1992,6,22,0,209,10,227,1813,38.576708,42.020709,1.0,1,0.0,1,0,1,14,2354,209.0,0,5,4.0,0,0.0,Kurdistan Workers' Party (PKK)
10946,1983,10,10,0,159,3,479,3296,-15.65083,-70.321899,1.0,0,1.0,1,0,1,8,2382,159.0,0,5,1.0,0,0.0,Shining Path (SL)
30285,1992,5,9,0,603,8,49,1647,54.959373,-1.601825,1.0,0,0.0,0,0,7,1,2135,216.0,0,8,0.0,1,0.0,Irish Republican Army (IRA)
26478,1991,1,4,0,603,8,190,1609,54.607712,-5.95621,1.0,0,1.0,1,0,7,1,947,233.0,0,8,0.0,1,0.0,Irish Republican Army (IRA)
58903,2014,3,6,0,147,11,167,1371,7.166667,9.283333,1.0,0,1.0,1,0,2,14,27,147.0,0,8,3.0,1,0.0,Fulani extremists
2342,1975,9,15,0,185,8,95,518,43.291618,-1.977903,1.0,0,0.0,1,0,3,9,1077,185.0,0,6,1.0,1,0.0,Basque Fatherland and Freedom (ETA)
15825,1986,6,20,0,159,3,277,2111,-11.967368,-76.978462,1.0,0,0.0,1,0,2,4,4092,159.0,0,8,1.0,1,0.0,Shining Path (SL)
50471,2011,11,21,0,209,10,228,1855,37.080181,41.220196,1.0,0,0.0,1,0,2,4,2406,209.0,0,5,1.0,-9,0.0,Kurdistan Workers' Party (PKK)
71595,2015,12,6,0,4,6,507,3550,32.076694,65.173805,1.0,0,0.0,1,0,2,3,20,4.0,0,5,12.0,1,0.0,Taliban
22018,1989,4,28,0,183,11,19,137,-26.184113,28.033232,1.0,0,0.0,1,0,3,14,415,183.0,0,6,0.0,1,0.0,African National Congress (South Africa)
65211,2015,1,19,0,214,9,146,1076,47.981647,37.762325,1.0,0,0.0,1,0,3,4,1701,214.0,0,6,11.0,1,0.0,Donetsk People's Republic
67500,2015,5,10,0,228,10,48,358,12.867085,44.981911,1.0,0,0.0,1,0,3,14,1968,228.0,0,6,1.0,-9,0.0,Houthi extremists (Ansar Allah)
70388,2015,10,1,0,209,10,234,1869,38.142658,41.012292,3.0,0,0.0,1,0,2,4,2401,209.0,0,5,2.0,-9,0.0,Kurdistan Workers' Party (PKK)
20299,1988,9,12,0,92,6,494,3404,28.585836,77.153336,1.0,0,0.0,1,0,3,19,56,92.0,0,6,1.0,1,0.0,Sikh Extremists
51116,2012,2,23,0,95,10,33,248,33.271403,44.493661,1.0,0,1.0,1,0,3,14,13,95.0,0,6,2.0,-9,0.0,Al-Qaida in Iraq
66806,2015,4,8,0,45,3,360,2568,8.328091,-73.146235,3.0,0,0.0,1,0,3,4,577,45.0,0,6,0.0,0,0.0,National Liberation Army of Colombia (ELN)
78021,2016,12,12,0,104,11,67,404,2.6515,40.887844,1.0,1,1.0,1,0,3,3,85,104.0,0,6,0.0,1,0.0,Al-Shabaab
61181,2014,7,1,0,160,5,393,2631,10.663984,122.286655,1.0,0,0.0,1,0,3,4,59,160.0,0,6,0.0,1,0.0,New People's Army (NPA)
75463,2016,7,14,0,160,5,1,4,5.965263,120.983076,1.0,0,0.0,1,0,2,4,4,160.0,0,5,3.0,0,0.0,Abu Sayyaf Group (ASG)
80698,2017,6,5,0,92,6,131,886,20.309067,83.728802,1.0,1,0.0,1,0,3,3,162,92.0,0,6,1.0,1,0.0,Communist Party of India - Maoist (CPI-Maoist)
7274,1981,1,21,0,61,2,150,1191,13.716667,-89.233333,1.0,0,0.0,1,0,2,4,1762,61.0,0,5,1.0,1,0.0,Farabundo Marti National Liberation Front (FMLN)
13958,1985,6,1,0,145,2,437,2867,13.62679,-85.8254,1.0,0,0.0,1,0,2,4,562,145.0,0,5,1.0,1,0.0,Nicaraguan Democratic Force (FDN)
21578,1989,2,28,0,159,3,277,2111,-11.967368,-76.978462,1.0,0,0.0,1,0,2,3,414,159.0,0,5,1.0,1,0.0,Shining Path (SL)
20073,1988,7,31,0,92,6,292,979,34.08374,74.789902,1.0,0,0.0,1,0,3,14,4263,92.0,0,6,0.0,1,0.0,Sikh Extremists
42542,2005,12,6,0,95,10,33,248,33.303566,44.371773,1.0,0,0.0,1,1,3,3,528,95.0,0,6,36.0,-9,0.0,Al-Qaida in Iraq
9075,1982,8,20,0,61,2,154,1240,13.702621,-88.727772,1.0,0,0.0,1,0,2,4,1853,61.0,0,5,1.0,1,0.0,Farabundo Marti National Liberation Front (FMLN)
47100,2009,9,14,0,92,6,129,825,22.865428,86.942807,1.0,0,0.0,1,0,2,14,1396,92.0,0,5,1.0,0,0.0,Communist Party of India - Maoist (CPI-Maoist)
57213,2013,10,24,0,147,11,110,648,11.74464,11.970257,1.0,0,1.0,1,0,2,3,1229,147.0,0,6,21.0,1,0.0,Boko Haram
47461,2009,12,25,0,153,6,534,3722,34.006004,71.53743,1.0,0,0.0,1,0,3,8,4587,153.0,0,6,0.0,1,0.0,Tehrik-i-Taliban Pakistan (TTP)
30191,1992,4,29,0,209,10,228,1855,37.080181,41.220196,1.0,0,0.0,1,0,2,4,743,209.0,0,5,1.0,1,0.0,Kurdistan Workers' Party (PKK)
79902,2017,4,17,0,92,6,128,2203,18.752064,81.658316,1.0,1,0.0,1,0,3,3,2911,92.0,0,6,0.0,0,0.0,Maoists
75357,2016,7,7,0,92,6,131,2282,20.165435,85.023346,2.0,0,0.0,1,0,3,3,167,92.0,0,6,0.0,1,0.0,Maoists
29986,1992,3,27,0,209,10,205,1717,41.106178,28.689863,1.0,0,0.0,0,0,7,8,2411,209.0,0,8,0.0,1,0.0,Kurdistan Workers' Party (PKK)
19336,1988,4,16,0,159,3,277,2111,-11.967368,-76.978462,1.0,0,0.0,1,0,3,7,4766,217.0,0,6,0.0,1,0.0,Tupac Amaru Revolutionary Movement (MRTA)
63210,2014,10,3,1,147,11,118,1282,9.516667,8.7,2.0,0,1.0,1,0,2,14,27,147.0,0,5,3.0,1,-9.0,Fulani extremists
68439,2015,6,23,0,160,5,0,5,6.660501,122.138992,1.0,0,0.0,1,0,3,1,181,160.0,0,6,0.0,1,0.0,Abu Sayyaf Group (ASG)
49859,2011,7,7,1,92,6,127,787,24.204235,84.870937,3.0,0,0.0,1,0,6,14,1299,92.0,0,9,2.0,0,1.0,Communist Party of India - Maoist (CPI-Maoist)
65694,2015,2,9,0,147,11,167,1292,7.689167,9.250278,3.0,0,1.0,1,0,2,14,27,147.0,0,5,1.0,1,0.0,Fulani extremists
24851,1990,5,2,0,43,3,271,2099,-33.366238,-70.505302,1.0,0,0.0,1,0,3,1,2710,43.0,0,6,0.0,1,0.0,Manuel Rodriguez Patriotic Front (FPMR)
66666,2015,3,31,0,147,11,167,1326,7.689167,9.250278,2.0,0,1.0,1,0,2,14,27,147.0,0,5,6.0,1,0.0,Fulani extremists
62207,2014,8,13,0,95,10,34,1736,34.271034,45.163567,1.0,0,1.0,1,0,3,14,853,95.0,0,6,0.0,1,0.0,Islamic State of Iraq and the Levant (ISIL)
65691,2015,2,9,0,147,11,167,1292,7.689167,9.250278,3.0,0,1.0,1,0,2,14,27,147.0,0,5,1.0,1,0.0,Fulani extremists
42610,2006,1,18,0,141,6,266,2241,27.416491,85.033562,1.0,0,0.0,1,0,6,16,2950,141.0,0,6,0.0,1,1.0,Maoists
32749,1994,3,30,0,69,8,136,1020,42.016854,9.403982,1.0,0,1.0,1,0,2,3,1106,69.0,0,5,0.0,1,0.0,Corsican National Liberation Front (FLNC)
43344,2006,10,3,0,186,6,262,2006,8.834273,80.051047,1.0,0,0.0,1,0,3,3,2511,186.0,0,6,0.0,-9,0.0,Liberation Tigers of Tamil Eelam (LTTE)
9094,1982,8,26,0,185,8,86,566,43.35441,-2.846714,1.0,0,0.0,1,0,3,1,1049,185.0,0,6,2.0,1,0.0,Basque Fatherland and Freedom (ETA)
82273,2017,9,8,0,147,11,118,1310,9.849939,8.683439,1.0,0,1.0,1,0,2,14,27,147.0,0,5,9.0,0,0.0,Fulani extremists
70093,2015,9,14,0,147,11,118,1403,9.542234,8.899672,2.0,0,1.0,1,0,2,14,13,147.0,0,5,3.0,0,0.0,Fulani extremists
50007,2011,8,24,0,228,10,52,337,13.357599,45.69648,1.0,0,0.0,1,0,3,14,701,228.0,0,6,0.0,0,0.0,Al-Qaida in the Arabian Peninsula (AQAP)
64816,2015,1,1,0,214,9,146,1076,47.981647,37.762325,1.0,0,0.0,1,0,2,4,1701,214.0,0,6,0.0,-9,0.0,Donetsk People's Republic
68599,2015,7,2,0,45,3,384,24,3.27199,-73.087749,4.0,0,0.0,1,0,3,19,233,45.0,0,6,0.0,1,0.0,Revolutionary Armed Forces of Colombia (FARC)
81310,2017,7,8,0,160,5,388,2783,10.532904,122.836652,2.0,0,0.0,1,0,1,14,3460,160.0,0,5,1.0,0,0.0,New People's Army (NPA)
5767,1979,10,25,0,69,8,137,132,48.856644,2.34233,1.0,0,0.0,1,0,3,8,1593,69.0,0,6,0.0,1,0.0,Corsican National Liberation Front (FLNC)
68105,2015,6,5,0,160,5,409,2680,12.759986,123.930399,2.0,0,0.0,1,0,2,4,3370,160.0,0,5,1.0,1,0.0,New People's Army (NPA)
60347,2014,5,22,0,92,6,128,921,18.898482,81.352973,3.0,0,0.0,0,0,3,4,852,92.0,0,6,0.0,0,0.0,Maoists
45287,2008,7,27,0,95,10,33,248,33.303566,44.371773,1.0,0,0.0,1,0,2,14,504,95.0,0,5,7.0,0,0.0,Al-Qaida in Iraq
5848,1979,11,16,0,185,8,86,512,43.258434,-2.921819,1.0,0,0.0,1,0,2,3,1080,185.0,0,5,0.0,1,0.0,Basque Fatherland and Freedom (ETA)
63868,2014,11,7,0,60,10,328,2411,30.596492,32.271459,1.0,1,0.0,1,0,2,4,20,60.0,0,5,1.0,0,0.0,Muslim extremists
20718,1988,11,17,0,159,3,277,2111,-11.967368,-76.978462,1.0,0,0.0,1,0,7,14,4801,159.0,0,8,0.0,1,0.0,Tupac Amaru Revolutionary Movement (MRTA)
37070,1998,10,18,0,45,3,363,2566,7.08071,-74.70101,1.0,0,0.0,1,0,3,21,3257,45.0,0,6,48.0,1,0.0,National Liberation Army of Colombia (ELN)
27840,1991,7,15,1,159,3,277,3333,-11.495531,-77.207192,1.0,0,0.0,1,0,6,1,4853,159.0,0,5,1.0,0,1.0,Tupac Amaru Revolutionary Movement (MRTA)
24706,1990,4,11,0,159,3,277,2111,-11.967368,-76.978462,1.0,0,1.0,1,0,3,8,51,159.0,0,6,0.0,1,0.0,Shining Path (SL)
30393,1992,5,22,0,209,10,237,1838,37.69458,37.861114,1.0,0,0.0,1,0,2,4,562,209.0,0,5,3.0,1,0.0,Kurdistan Workers' Party (PKK)
48042,2010,5,17,0,92,6,128,889,18.555268,81.537572,1.0,1,0.0,1,0,3,19,1412,92.0,0,6,36.0,1,0.0,Communist Party of India - Maoist (CPI-Maoist)
14581,1985,10,3,0,145,2,449,2874,12.93808,-86.27218,1.0,0,0.0,1,0,2,4,1772,145.0,0,5,0.0,1,0.0,Nicaraguan Democratic Force (FDN)
7290,1981,1,26,0,603,8,190,1610,55.011562,-7.312045,1.0,0,0.0,1,0,3,14,2074,216.0,0,6,1.0,1,0.0,Irish Republican Army (IRA)
35626,1996,9,2,0,186,6,218,2019,7.689011,81.72947,1.0,0,0.0,0,0,3,3,2585,186.0,0,6,0.0,1,0.0,Liberation Tigers of Tamil Eelam (LTTE)
60028,2014,5,6,0,147,11,112,1391,9.376786,8.585856,1.0,0,0.0,1,0,2,3,175,147.0,0,5,7.0,-9,0.0,Fulani extremists
19370,1988,4,22,0,69,8,136,1030,42.567651,8.757222,1.0,0,0.0,1,0,3,1,512,69.0,0,6,0.0,1,0.0,Corsican National Liberation Front (FLNC)
27179,1991,4,29,0,159,3,277,2111,-11.967368,-76.978462,1.0,0,0.0,1,0,3,8,4794,159.0,0,6,0.0,1,0.0,Tupac Amaru Revolutionary Movement (MRTA)
70999,2015,10,31,0,200,10,214,1749,34.24189,37.04668,1.0,0,1.0,1,1,3,4,2314,200.0,0,6,1.0,0,0.0,Islamic State of Iraq and the Levant (ISIL)
28865,1991,10,29,0,186,6,218,1992,8.5922,81.196796,3.0,0,0.0,1,0,2,4,562,186.0,0,5,8.0,1,0.0,Liberation Tigers of Tamil Eelam (LTTE)
11903,1984,4,1,0,43,3,272,2103,-36.816006,-73.037659,1.0,1,0.0,1,0,3,21,1107,43.0,0,6,1.0,1,0.0,Manuel Rodriguez Patriotic Front (FPMR)
42331,2005,8,24,0,4,6,525,3639,34.824077,70.360692,3.0,0,0.0,1,0,7,8,4516,4.0,0,8,0.0,1,0.0,Taliban
59457,2014,4,7,0,95,10,38,290,35.252529,43.906586,1.0,0,1.0,0,0,1,14,2297,95.0,0,6,0.0,1,0.0,Islamic State of Iraq and the Levant (ISIL)
52602,2012,7,16,0,4,6,510,3572,36.705776,68.87706,1.0,0,0.0,0,0,1,2,4468,4.0,0,6,0.0,0,0.0,Taliban
67247,2015,4,29,0,4,6,519,24,35.170056,63.76864,4.0,0,0.0,1,0,2,3,2901,4.0,0,8,3.0,1,0.0,Taliban
5815,1979,11,7,0,185,8,86,512,43.258434,-2.921819,1.0,0,0.0,1,0,2,1,1089,185.0,0,5,0.0,0,0.0,Basque Fatherland and Freedom (ETA)
2957,1976,10,29,0,603,8,190,1610,55.011562,-7.312045,1.0,0,0.0,1,0,1,4,2116,233.0,0,5,1.0,0,0.0,Irish Republican Army (IRA)
77765,2016,11,25,0,228,10,60,353,13.586484,44.024105,1.0,0,0.0,1,0,3,14,1956,228.0,0,6,2.0,1,0.0,Houthi extremists (Ansar Allah)
67232,2015,4,28,0,153,6,353,3747,31.834328,70.90905,1.0,0,0.0,1,0,3,4,162,153.0,0,6,1.0,1,0.0,Tehrik-i-Taliban Pakistan (TTP)
17259,1987,5,18,0,159,3,480,3311,-14.200556,-71.436667,1.0,0,0.0,1,0,1,14,3853,159.0,0,5,4.0,0,0.0,Shining Path (SL)
22712,1989,8,14,0,209,10,236,1837,38.382247,27.168848,1.0,0,0.0,1,0,2,4,1106,209.0,0,5,8.0,1,0.0,Kurdistan Workers' Party (PKK)
30702,1992,7,10,0,98,8,100,547,45.469212,9.174508,1.0,0,0.0,1,0,3,1,1099,185.0,0,6,0.0,1,0.0,Basque Fatherland and Freedom (ETA)
29566,1992,1,29,0,92,6,494,3404,28.585836,77.153336,1.0,0,0.0,1,0,3,19,56,92.0,0,6,1.0,1,0.0,Sikh Extremists
17918,1987,8,24,0,92,6,285,3493,29.928467,73.871423,1.0,0,1.0,1,0,1,3,1654,92.0,0,5,1.0,0,0.0,Sikh Extremists
39156,2001,6,28,0,185,8,89,520,40.465595,-3.696263,1.0,0,0.0,1,0,3,4,1058,185.0,0,6,0.0,1,0.0,Basque Fatherland and Freedom (ETA)
77642,2016,11,19,0,147,11,108,619,11.873005,13.250529,1.0,0,0.0,0,1,3,14,1271,147.0,0,6,1.0,0,0.0,Boko Haram
15425,1986,4,3,0,159,3,277,2111,-11.967368,-76.978462,1.0,0,0.0,1,0,3,1,4758,217.0,0,6,0.0,1,0.0,Tupac Amaru Revolutionary Movement (MRTA)
4672,1979,1,30,0,185,8,86,521,43.136978,-2.073914,1.0,0,0.0,1,0,3,3,955,185.0,0,6,1.0,1,0.0,Basque Fatherland and Freedom (ETA)
47451,2009,12,21,0,95,10,37,286,36.376823,42.448875,1.0,0,0.0,1,1,3,2,561,95.0,0,6,2.0,0,0.0,Al-Qaida in Iraq
72330,2016,1,16,0,160,5,1,22,6.050458,121.012245,1.0,0,0.0,0,0,3,20,6,160.0,0,6,0.0,0,0.0,Abu Sayyaf Group (ASG)
24448,1990,3,18,0,92,6,339,3482,30.8623,74.929006,1.0,0,0.0,1,0,1,15,4365,92.0,0,5,3.0,0,0.0,Sikh Extremists
82046,2017,8,24,0,147,11,108,665,12.943352,13.179094,2.0,0,0.0,1,0,2,14,27,147.0,0,5,5.0,0,0.0,Boko Haram
28759,1991,10,20,0,159,3,486,3856,-7.794691,-76.196402,3.0,0,0.0,1,0,2,17,562,159.0,0,5,50.0,1,0.0,Tupac Amaru Revolutionary Movement (MRTA)
52279,2012,6,13,0,95,10,33,248,33.303566,44.371773,1.0,0,1.0,1,0,3,15,215,95.0,0,6,1.0,0,0.0,Al-Qaida in Iraq
31178,1992,9,8,0,603,8,190,1609,54.607712,-5.95621,1.0,0,0.0,1,0,3,3,1106,233.0,0,6,0.0,1,0.0,Irish Republican Army (IRA)
75177,2016,6,27,0,182,11,68,405,2.059819,45.326115,1.0,0,0.0,1,0,1,4,841,182.0,0,5,1.0,0,0.0,Al-Shabaab
40346,2002,9,23,0,93,5,305,2367,-6.208821,106.846046,1.0,0,0.0,0,0,3,7,2692,217.0,0,6,1.0,-9,0.0,Muslim extremists
30337,1992,5,15,0,160,5,392,2675,12.26919,123.540417,1.0,0,0.0,1,0,3,3,3365,160.0,0,6,4.0,1,0.0,New People's Army (NPA)
32172,1992,12,31,0,92,6,339,3484,32.040763,75.401886,1.0,1,0.0,1,0,2,3,562,92.0,0,5,3.0,1,0.0,Sikh Extremists
43381,2006,10,23,0,186,6,262,1985,8.757816,80.487907,1.0,0,0.0,1,0,2,14,2492,186.0,0,5,1.0,0,0.0,Liberation Tigers of Tamil Eelam (LTTE)
26129,1990,11,9,0,155,10,327,3042,31.346964,34.30143,1.0,0,0.0,1,0,1,14,3666,155.0,0,9,1.0,0,0.0,Palestinians
13248,1985,1,8,0,61,2,154,1255,13.664223,-88.660622,1.0,0,0.0,1,0,2,4,1772,61.0,0,5,45.0,1,0.0,Farabundo Marti National Liberation Front (FMLN)
33014,1994,5,15,0,159,3,277,2111,-11.967368,-76.978462,1.0,0,0.0,1,0,3,1,2720,159.0,0,6,0.0,1,0.0,Shining Path (SL)
29011,1991,11,15,0,92,6,132,3403,15.478569,78.483093,3.0,0,0.0,1,0,3,2,4251,92.0,0,6,2.0,1,0.0,Sikh Extremists
10424,1983,6,25,0,159,3,477,3278,-13.163874,-74.223564,2.0,1,0.0,0,0,7,19,4108,159.0,0,5,3.0,1,0.0,Shining Path (SL)
56782,2013,9,14,0,160,5,400,2762,11.188,124.782,1.0,0,0.0,1,0,2,4,3440,160.0,0,5,0.0,0,0.0,New People's Army (NPA)
47212,2009,10,13,0,92,6,127,798,23.982774,86.030013,1.0,0,0.0,1,0,2,19,1309,92.0,0,5,0.0,1,0.0,Communist Party of India - Maoist (CPI-Maoist)
14809,1985,11,25,0,43,3,271,2099,-33.366238,-70.505302,1.0,0,1.0,1,0,3,1,2703,43.0,0,6,0.0,1,0.0,Manuel Rodriguez Patriotic Front (FPMR)
20103,1988,8,4,0,603,8,190,1609,54.607712,-5.95621,1.0,0,0.0,0,0,1,2,2123,233.0,0,6,0.0,0,0.0,Irish Republican Army (IRA)
60639,2014,6,5,0,147,11,113,626,10.890928,13.627589,1.0,0,1.0,1,0,7,15,1208,147.0,0,8,0.0,1,0.0,Boko Haram
25359,1990,7,9,0,209,10,225,1861,37.392896,43.10688,1.0,1,0.0,1,0,2,3,549,209.0,0,5,4.0,1,0.0,Kurdistan Workers' Party (PKK)
21657,1989,3,11,0,43,3,271,2099,-33.366238,-70.505302,1.0,0,0.0,1,0,3,21,1761,43.0,0,6,0.0,1,0.0,Manuel Rodriguez Patriotic Front (FPMR)
73749,2016,4,7,0,92,6,127,790,24.19173,86.299815,3.0,0,0.0,1,0,3,3,85,92.0,0,6,0.0,0,0.0,Communist Party of India - Maoist (CPI-Maoist)
20198,1988,8,24,0,183,11,21,192,-26.947957,29.248645,1.0,0,0.0,1,0,3,1,384,183.0,0,6,0.0,1,0.0,African National Congress (South Africa)
68905,2015,7,16,0,217,1,316,2386,35.031789,-85.184718,1.0,0,1.0,1,0,2,4,3052,217.0,1,5,0.0,1,0.0,Muslim extremists
17147,1987,4,25,0,603,8,190,1649,54.673252,-7.627484,1.0,0,0.0,1,0,1,2,2145,233.0,0,6,2.0,1,0.0,Irish Republican Army (IRA)
83193,2017,11,21,0,182,11,66,403,1.789637,44.529976,1.0,0,0.0,1,0,3,4,577,182.0,0,6,1.0,0,0.0,Al-Shabaab
2276,1975,8,13,0,185,8,104,515,42.84964,-2.692359,1.0,0,0.0,1,0,3,8,80,185.0,0,6,1.0,1,0.0,Basque Fatherland and Freedom (ETA)
79380,2017,3,13,0,123,11,169,2423,15.322121,0.74734,3.0,0,0.0,1,0,2,14,486,123.0,0,5,4.0,1,0.0,Muslim extremists
49510,2011,4,12,0,45,3,360,2517,8.436226,-73.286661,1.0,1,0.0,1,0,3,21,3866,45.0,0,6,0.0,1,0.0,Revolutionary Armed Forces of Colombia (FARC)
59284,2014,3,28,0,160,5,1,86,6.027457,121.046,1.0,0,1.0,1,0,2,4,172,160.0,0,6,0.0,0,0.0,Abu Sayyaf Group (ASG)
67007,2015,4,19,0,182,11,65,435,2.71581,44.511845,1.0,0,0.0,1,0,2,4,845,422.0,0,5,14.0,-9,0.0,Al-Shabaab
73327,2016,3,12,0,45,3,360,2504,8.506926,-73.447276,2.0,0,1.0,1,0,3,21,3187,45.0,0,6,0.0,1,0.0,National Liberation Army of Colombia (ELN)
7637,1981,5,7,0,97,10,265,3043,31.070501,35.030529,1.0,0,0.0,1,0,3,14,3641,97.0,0,6,0.0,1,0.0,Palestinians
13998,1985,6,7,0,159,3,277,2111,-11.967368,-76.978462,1.0,0,0.0,1,0,5,8,4775,159.0,0,5,0.0,1,0.0,Tupac Amaru Revolutionary Movement (MRTA)
66170,2015,3,5,0,113,10,312,2380,31.927389,12.251627,1.0,1,1.0,1,0,3,9,3048,113.0,0,6,0.0,-9,0.0,Muslim extremists
73964,2016,4,20,1,45,3,360,2582,8.212022,-73.325726,1.0,0,0.0,1,0,6,1,3270,45.0,0,5,0.0,0,1.0,National Liberation Army of Colombia (ELN)
15880,1986,6,29,0,43,3,271,2099,-33.366238,-70.505302,1.0,0,1.0,1,0,3,21,2716,43.0,0,6,0.0,1,0.0,Manuel Rodriguez Patriotic Front (FPMR)
29890,1992,3,17,0,209,10,205,1717,41.106178,28.689863,1.0,0,1.0,1,0,7,1,766,209.0,0,8,0.0,1,0.0,Kurdistan Workers' Party (PKK)
2674,1976,4,29,0,603,8,190,1653,54.50853,-6.763131,1.0,0,0.0,1,0,1,4,2151,233.0,0,5,2.0,0,0.0,Irish Republican Army (IRA)
27446,1991,6,2,0,159,3,475,2103,-11.918478,-75.312889,1.0,0,0.0,1,0,1,3,4061,159.0,0,5,3.0,0,0.0,Shining Path (SL)
32041,1992,12,11,0,159,3,277,2111,-11.967368,-76.978462,1.0,0,0.0,1,0,3,1,4846,159.0,0,6,0.0,1,0.0,Tupac Amaru Revolutionary Movement (MRTA)
13957,1985,6,1,0,145,2,452,2893,13.333325,-85.372013,1.0,0,0.0,1,0,2,4,562,145.0,0,5,1.0,1,0.0,Nicaraguan Democratic Force (FDN)
78550,2017,1,19,0,92,6,128,2244,19.595851,81.663776,1.0,1,0.0,1,0,3,14,13,92.0,0,6,3.0,-9,0.0,Maoists
9376,1982,11,8,0,45,3,369,3221,6.950833,-71.188056,1.0,0,0.0,1,0,2,4,1772,45.0,0,5,3.0,1,0.0,Revolutionary Armed Forces of Colombia (FARC)
8867,1982,6,21,0,45,3,367,3130,6.313712,-73.950146,1.0,0,0.0,1,0,1,14,3853,45.0,0,5,3.0,0,0.0,Revolutionary Armed Forces of Colombia (FARC)
61767,2014,7,22,0,214,9,146,1115,48.180462,37.468792,1.0,0,0.0,1,0,3,4,20,214.0,0,6,0.0,0,0.0,Donetsk People's Republic
4795,1979,3,10,0,69,8,136,24,41.918891,8.737554,4.0,0,1.0,1,0,3,1,1088,69.0,0,6,0.0,1,0.0,Corsican National Liberation Front (FLNC)
22472,1989,7,7,0,92,6,339,3412,31.633078,74.878288,1.0,1,0.0,1,0,2,3,562,92.0,0,5,1.0,1,0.0,Sikh Extremists
51655,2012,4,15,0,153,6,427,3727,32.56699,69.831711,1.0,0,0.0,1,0,2,4,20,153.0,0,5,1.0,-9,0.0,Tehrik-i-Taliban Pakistan (TTP)
14655,1985,10,18,0,603,8,190,1610,55.011562,-7.312045,1.0,0,0.0,1,0,3,14,2196,233.0,0,6,0.0,1,0.0,Irish Republican Army (IRA)
40099,2002,5,23,0,45,3,374,24,11.354774,-72.520483,4.0,0,0.0,1,0,3,19,3186,45.0,0,6,0.0,1,0.0,National Liberation Army of Colombia (ELN)
56879,2013,9,23,0,4,6,508,24,32.879882,66.150174,4.0,0,0.0,1,0,3,14,13,4.0,0,6,2.0,1,0.0,Taliban
75632,2016,7,26,0,228,10,182,2395,15.235331,44.334139,1.0,0,0.0,1,0,2,15,215,228.0,0,6,4.0,-9,0.0,Muslim extremists
39842,2002,2,8,0,160,5,1,2,6.089515,121.105521,1.0,0,0.0,1,0,2,4,30,160.0,0,5,5.0,-9,0.0,Abu Sayyaf Group (ASG)
40500,2002,12,27,0,141,6,266,2167,27.708754,85.329498,1.0,1,0.0,1,0,3,2,2883,141.0,0,6,0.0,1,0.0,Maoists
10221,1983,5,22,0,61,2,151,24,14.191665,-89.1706,4.0,0,0.0,1,0,3,21,1761,61.0,0,6,1.0,1,0.0,Farabundo Marti National Liberation Front (FMLN)
42065,2005,5,29,0,95,10,33,248,33.303566,44.371773,1.0,0,0.0,1,0,3,3,562,95.0,0,6,11.0,1,0.0,Al-Qaida in Iraq
10277,1983,5,27,0,159,3,277,2111,-11.967368,-76.978462,1.0,0,0.0,1,0,3,7,4158,159.0,0,6,1.0,1,0.0,Shining Path (SL)
51276,2012,3,6,0,147,11,110,616,11.704399,11.088539,1.0,0,0.0,1,0,1,2,1231,147.0,0,5,2.0,1,0.0,Boko Haram
36307,1997,6,2,0,159,3,536,3850,-12.050981,-77.125985,1.0,0,0.0,1,0,6,14,4842,159.0,0,5,0.0,0,1.0,Tupac Amaru Revolutionary Movement (MRTA)
28308,1991,9,3,0,61,2,156,1227,13.498416,-89.52027,1.0,0,0.0,1,0,3,21,1761,61.0,0,6,0.0,1,0.0,Farabundo Marti National Liberation Front (FMLN)
59089,2014,3,17,0,182,11,66,439,2.099684,45.15723,1.0,0,0.0,1,1,3,4,162,422.0,0,6,1.0,-9,0.0,Al-Shabaab
72606,2016,2,1,0,4,6,525,3582,34.674866,70.21344,1.0,0,0.0,1,0,3,3,559,4.0,0,6,0.0,1,0.0,Taliban
12915,1984,10,14,0,159,3,477,3291,-12.916667,-73.833333,3.0,0,0.0,1,0,2,9,4081,159.0,0,5,10.0,1,0.0,Shining Path (SL)
38201,2000,7,6,0,160,5,5,23,7.083241,125.600998,1.0,0,0.0,1,0,6,4,3450,160.0,0,5,0.0,0,1.0,New People's Army (NPA)
65689,2015,2,9,0,147,11,167,1292,7.689167,9.250278,3.0,0,1.0,1,0,2,14,27,147.0,0,5,1.0,1,0.0,Fulani extremists
4662,1979,1,28,0,185,8,101,551,41.400635,2.150913,1.0,0,0.0,1,0,7,18,1014,69.0,0,8,0.0,1,0.0,Basque Fatherland and Freedom (ETA)
57123,2013,10,15,0,228,10,58,339,13.063399,44.880882,1.0,0,0.0,1,0,2,4,674,228.0,0,5,3.0,-9,0.0,Al-Qaida in the Arabian Peninsula (AQAP)
14868,1985,12,2,0,160,5,388,2707,10.099319,122.870788,1.0,0,0.0,1,0,5,1,3389,160.0,0,5,5.0,1,1.0,New People's Army (NPA)
47878,2010,4,13,0,160,5,0,16,6.681959,121.985477,1.0,0,1.0,0,0,3,2,141,160.0,0,6,0.0,0,0.0,Abu Sayyaf Group (ASG)
33018,1994,5,15,0,155,10,327,3047,31.308194,34.287996,1.0,1,0.0,1,0,2,4,12,97.0,0,5,0.0,1,0.0,Palestinians
38154,2000,6,14,0,186,6,261,2012,6.978143,79.889327,1.0,0,0.0,0,1,3,4,2521,186.0,0,6,3.0,-9,0.0,Liberation Tigers of Tamil Eelam (LTTE)
59803,2014,4,28,0,92,6,127,786,24.119145,84.187981,3.0,0,0.0,1,0,2,14,2892,92.0,0,5,1.0,0,0.0,Maoists
54267,2013,1,15,0,95,10,32,259,33.349159,43.784199,1.0,0,1.0,1,1,3,2,548,95.0,0,6,4.0,0,0.0,Al-Qaida in Iraq
74437,2016,5,16,0,147,11,167,1342,7.9055,8.737323,2.0,0,0.0,1,0,2,14,1230,147.0,0,5,7.0,1,0.0,Fulani extremists
3435,1977,8,6,0,603,8,190,1609,54.607712,-5.95621,1.0,0,1.0,1,0,7,1,2057,216.0,0,8,0.0,1,0.0,Irish Republican Army (IRA)
65727,2015,2,10,0,60,10,293,237,31.255534,29.9832,1.0,0,1.0,1,0,3,3,175,60.0,0,6,0.0,-9,0.0,Muslim extremists
17577,1987,7,8,0,183,11,19,137,-26.184113,28.033232,1.0,0,0.0,1,0,3,1,279,183.0,0,6,0.0,1,0.0,African National Congress (South Africa)
55040,2013,4,4,0,228,10,52,24,13.634341,46.056321,4.0,0,0.0,1,0,3,4,167,228.0,0,6,0.0,1,0.0,Al-Qaida in the Arabian Peninsula (AQAP)
26675,1991,2,5,0,159,3,277,2111,-11.967368,-76.978462,1.0,0,0.0,1,0,2,1,4858,159.0,0,5,0.0,1,0.0,Tupac Amaru Revolutionary Movement (MRTA)
10153,1983,5,5,0,145,2,437,2975,14.05,-86.06667,1.0,0,0.0,1,0,2,14,3592,145.0,0,5,1.0,1,0.0,Nicaraguan Democratic Force (FDN)
51128,2012,2,23,0,95,10,37,255,36.354145,43.14357,1.0,0,1.0,1,0,2,4,20,95.0,0,5,1.0,-9,0.0,Al-Qaida in Iraq
59637,2014,4,14,0,200,10,200,2415,33.843739,36.547043,1.0,0,0.0,1,0,1,10,884,110.0,0,5,3.0,1,0.0,Muslim extremists
74943,2016,6,15,0,95,10,42,1753,33.07835,44.254719,1.0,0,0.0,1,1,3,4,20,95.0,0,6,3.0,-9,0.0,Islamic State of Iraq and the Levant (ISIL)
29556,1992,1,27,0,155,10,456,3048,31.530243,35.094162,1.0,0,0.0,0,0,3,15,3758,97.0,0,6,1.0,1,0.0,Palestinians
78674,2017,1,28,0,160,5,0,5,6.660501,122.138992,1.0,0,1.0,1,0,3,20,6,160.0,0,6,0.0,1,0.0,Abu Sayyaf Group (ASG)
83125,2017,11,14,1,160,5,1,7,6.063022,121.102294,2.0,0,0.0,1,0,6,14,8,160.0,0,5,0.0,0,1.0,Abu Sayyaf Group (ASG)
59107,2014,3,18,0,182,11,70,446,-1.034622,41.499084,1.0,1,0.0,1,0,3,4,162,422.0,0,6,1.0,-9,0.0,Al-Shabaab
40552,2003,1,13,0,160,5,407,2760,13.192288,123.59917,1.0,0,0.0,1,0,1,17,3438,160.0,0,5,1.0,0,0.0,New People's Army (NPA)
20904,1988,12,9,0,61,2,150,1156,13.69288,-89.199161,1.0,0,1.0,1,0,3,1,1856,61.0,0,6,0.0,1,0.0,Farabundo Marti National Liberation Front (FMLN)
7019,1980,9,23,0,61,2,154,1224,13.617851,-88.880287,1.0,0,0.0,1,0,2,4,1762,61.0,0,5,15.0,1,0.0,Farabundo Marti National Liberation Front (FMLN)
22224,1989,5,27,0,45,3,365,24,9.337295,-73.653621,4.0,0,0.0,1,0,3,21,3148,45.0,0,6,0.0,1,0.0,National Liberation Army of Colombia (ELN)
19279,1988,4,3,0,186,6,218,2061,7.362095,81.803617,1.0,0,0.0,1,0,6,2,2580,186.0,0,5,0.0,0,1.0,Liberation Tigers of Tamil Eelam (LTTE)
73945,2016,4,19,0,228,10,54,1559,14.798351,45.719041,3.0,0,1.0,1,0,3,4,1982,228.0,0,6,0.0,0,0.0,Houthi extremists (Ansar Allah)
9789,1983,2,12,0,61,2,150,1230,13.75,-89.16667,1.0,0,0.0,1,0,2,4,1839,61.0,0,5,20.0,1,0.0,Farabundo Marti National Liberation Front (FMLN)
14059,1985,6,13,0,45,3,369,2562,6.49249,-71.55696,1.0,0,0.0,1,0,1,14,3247,45.0,0,5,2.0,0,0.0,National Liberation Army of Colombia (ELN)
40486,2002,12,13,0,45,3,364,2485,4.667128,-74.106056,1.0,0,0.0,1,0,3,2,3988,45.0,0,6,0.0,-9,0.0,Revolutionary Armed Forces of Colombia (FARC)
34315,1995,6,8,0,186,6,262,2034,8.86656,80.5093,1.0,0,0.0,1,0,1,14,2555,186.0,0,5,5.0,0,0.0,Liberation Tigers of Tamil Eelam (LTTE)
56505,2013,8,18,0,153,6,427,3814,34.789406,71.46608,1.0,0,0.0,1,0,2,14,4682,153.0,0,5,1.0,0,0.0,Tehrik-i-Taliban Pakistan (TTP)
61493,2014,7,12,0,214,9,146,1093,47.942608,37.505135,1.0,0,0.0,0,0,6,14,1719,214.0,0,5,0.0,0,0.0,Donetsk People's Republic
23117,1989,9,19,0,97,10,462,3093,32.793921,34.990615,1.0,0,0.0,1,0,7,14,3765,97.0,0,8,0.0,1,0.0,Palestinians
82930,2017,10,29,0,147,11,108,619,11.868845,13.251158,1.0,1,0.0,1,1,3,3,524,147.0,0,6,2.0,0,0.0,Boko Haram
63564,2014,10,21,0,41,11,174,1313,5.965549,20.529325,1.0,0,1.0,1,0,2,14,205,41.0,0,5,15.0,1,0.0,Fulani extremists
47232,2009,10,17,0,45,3,384,3180,2.938546,-73.208681,1.0,1,0.0,1,0,2,12,3918,45.0,0,5,0.0,1,0.0,Revolutionary Armed Forces of Colombia (FARC)
55382,2013,5,8,0,228,10,58,24,13.148959,44.85055,4.0,0,0.0,1,0,2,4,736,228.0,0,5,3.0,0,0.0,Al-Qaida in the Arabian Peninsula (AQAP)
30649,1992,7,3,0,209,10,228,24,37.345275,40.619481,4.0,0,0.0,1,0,2,3,1788,209.0,0,5,1.0,1,0.0,Kurdistan Workers' Party (PKK)
14054,1985,6,12,0,186,6,261,2062,6.855948,79.862968,1.0,0,0.0,1,0,3,4,2582,186.0,0,6,5.0,1,0.0,Liberation Tigers of Tamil Eelam (LTTE)
54096,2012,12,26,0,92,6,127,2283,24.108456,83.677393,1.0,0,0.0,1,0,2,1,2936,92.0,0,5,0.0,1,0.0,Maoists
6401,1980,3,25,0,185,8,86,545,43.169068,-2.632655,1.0,0,0.0,1,0,1,1,1003,185.0,0,5,1.0,0,0.0,Basque Fatherland and Freedom (ETA)
62537,2014,8,30,0,214,9,146,1076,47.981647,37.762325,1.0,0,0.0,1,0,2,14,1714,214.0,0,5,2.0,-9,0.0,Donetsk People's Republic
53773,2012,11,6,1,92,6,128,836,18.800412,80.815393,3.0,0,0.0,1,0,6,3,1471,92.0,0,5,1.0,0,1.0,Communist Party of India - Maoist (CPI-Maoist)
18166,1987,9,29,0,43,3,271,2099,-33.366238,-70.505302,1.0,0,1.0,1,0,3,14,2739,43.0,0,6,0.0,1,0.0,Manuel Rodriguez Patriotic Front (FPMR)
32517,1994,2,21,0,603,8,190,1609,54.607712,-5.95621,1.0,0,0.0,0,0,7,1,2073,216.0,0,8,0.0,1,0.0,Irish Republican Army (IRA)
21102,1989,1,7,0,92,6,339,3440,30.860768,75.744748,1.0,0,0.0,1,0,2,14,4335,92.0,0,5,10.0,1,0.0,Sikh Extremists
22802,1989,8,23,0,43,3,274,2105,-29.906897,-71.25103,1.0,0,0.0,1,0,5,10,2718,43.0,0,5,0.0,1,1.0,Manuel Rodriguez Patriotic Front (FPMR)
48948,2010,11,22,0,45,3,360,2542,8.637411,-72.734019,1.0,1,0.0,1,0,7,1,3968,45.0,0,8,0.0,1,0.0,Revolutionary Armed Forces of Colombia (FARC)
39508,2001,9,7,0,186,6,218,1978,8.577826,81.218719,1.0,0,0.0,1,0,2,4,2499,186.0,0,5,4.0,-9,0.0,Liberation Tigers of Tamil Eelam (LTTE)
2605,1976,3,1,0,185,8,95,518,43.291618,-1.977903,1.0,0,0.0,1,0,2,19,1063,185.0,0,5,1.0,0,0.0,Basque Fatherland and Freedom (ETA)
48772,2010,10,19,1,92,6,128,813,19.203477,81.934532,2.0,0,0.0,1,0,6,14,1322,92.0,0,5,1.0,-9,1.0,Communist Party of India - Maoist (CPI-Maoist)
61578,2014,7,15,0,214,9,146,1096,47.927954,37.371645,3.0,0,1.0,1,0,7,9,1703,214.0,0,5,1.0,1,0.0,Donetsk People's Republic
76383,2016,9,10,0,209,10,224,1925,39.108025,39.21867,3.0,0,1.0,1,0,3,14,559,209.0,0,6,1.0,1,0.0,Kurdistan Workers' Party (PKK)
73042,2016,2,24,0,147,11,167,1358,7.858306,7.871603,2.0,0,1.0,1,0,2,14,27,147.0,0,5,51.0,1,0.0,Fulani extremists
54857,2013,3,14,0,95,10,37,293,36.229574,42.236244,4.0,0,0.0,1,0,1,14,555,95.0,0,5,2.0,0,0.0,Al-Qaida in Iraq
52627,2012,7,19,0,4,6,508,3633,32.88216,66.127197,1.0,0,1.0,1,0,2,3,20,4.0,0,5,0.0,1,0.0,Taliban
21523,1989,2,22,0,61,2,152,1189,13.5,-88.35,1.0,0,0.0,1,0,2,4,1762,61.0,0,5,0.0,1,0.0,Farabundo Marti National Liberation Front (FMLN)
16847,1987,3,6,0,159,3,277,2111,-11.967368,-76.978462,1.0,0,1.0,1,0,3,1,4760,159.0,0,6,0.0,1,0.0,Tupac Amaru Revolutionary Movement (MRTA)
80526,2017,5,26,0,92,6,127,846,23.90477,85.70469,1.0,0,0.0,1,0,6,14,1358,92.0,0,5,1.0,0,1.0,Communist Party of India - Maoist (CPI-Maoist)
59027,2014,3,13,0,97,10,265,2410,31.670149,34.575153,1.0,0,1.0,0,0,3,20,6,97.0,0,6,0.0,0,0.0,Muslim extremists
49861,2011,7,7,0,92,6,131,888,19.17,83.42,3.0,0,1.0,1,0,6,2,1411,92.0,0,9,1.0,0,1.0,Communist Party of India - Maoist (CPI-Maoist)
19300,1988,4,10,0,45,3,365,2530,7.75954,-73.39031,1.0,0,0.0,1,0,2,14,3211,45.0,0,5,3.0,1,0.0,National Liberation Army of Colombia (ELN)
58788,2014,3,1,0,182,11,66,418,2.666984,44.693764,1.0,0,0.0,1,0,3,4,577,422.0,0,6,1.0,-9,0.0,Al-Shabaab
16850,1987,3,6,0,159,3,277,2111,-11.967368,-76.978462,1.0,0,1.0,1,0,3,1,4760,159.0,0,6,0.0,1,0.0,Tupac Amaru Revolutionary Movement (MRTA)
7441,1981,3,7,0,69,8,140,1032,43.610769,3.876716,1.0,0,1.0,1,0,3,1,1572,69.0,0,6,0.0,1,0.0,Corsican National Liberation Front (FLNC)
6803,1980,7,13,0,185,8,86,518,43.291618,-1.977903,1.0,0,0.0,1,0,3,3,996,185.0,0,5,2.0,1,0.0,Basque Fatherland and Freedom (ETA)
57324,2013,11,4,0,228,10,52,346,13.850969,46.203859,3.0,0,0.0,1,0,2,4,727,228.0,0,6,1.0,-9,0.0,Al-Qaida in the Arabian Peninsula (AQAP)
14828,1985,11,26,0,185,8,86,587,42.950049,-2.853817,1.0,0,0.0,1,0,2,3,1114,185.0,0,6,1.0,1,0.0,Basque Fatherland and Freedom (ETA)
25354,1990,7,8,0,160,5,386,2626,15.319526,120.937717,1.0,0,0.0,1,0,6,14,815,160.0,0,5,0.0,0,1.0,New People's Army (NPA)
41278,2004,2,27,0,160,5,11,43,14.601285,120.952293,1.0,0,0.0,1,0,3,11,61,160.0,0,6,116.0,1,0.0,Abu Sayyaf Group (ASG)
49213,2011,1,29,0,153,6,353,3722,34.006004,71.53743,1.0,1,1.0,1,1,3,19,4699,153.0,0,6,1.0,1,0.0,Tehrik-i-Taliban Pakistan (TTP)
5406,1979,7,23,0,97,10,266,3061,32.178344,34.907985,1.0,0,0.0,1,0,3,14,3760,97.0,0,6,0.0,1,0.0,Palestinians
77845,2016,11,29,0,95,10,37,255,36.354145,43.14357,1.0,0,0.0,1,0,3,14,742,95.0,0,6,3.0,1,0.0,Islamic State of Iraq and the Levant (ISIL)
74400,2016,5,14,0,160,5,388,2699,10.716471,123.516044,2.0,0,0.0,1,0,2,4,3385,160.0,0,5,3.0,-9,0.0,New People's Army (NPA)
10122,1983,4,28,0,69,8,138,1038,43.529742,5.447427,1.0,0,1.0,1,0,3,1,1088,69.0,0,6,0.0,1,0.0,Corsican National Liberation Front (FLNC)
33210,1994,7,4,0,69,8,136,1043,41.491868,9.055051,1.0,0,1.0,1,0,3,14,1567,69.0,0,6,0.0,1,0.0,Corsican National Liberation Front (FLNC)
63795,2014,11,3,0,160,5,407,2734,13.076936,123.701406,1.0,0,0.0,1,0,2,4,3420,160.0,0,5,2.0,1,0.0,New People's Army (NPA)
40121,2002,6,3,0,45,3,378,3210,4.845447,-74.622546,1.0,0,0.0,0,0,3,3,3951,45.0,0,6,0.0,-9,0.0,Revolutionary Armed Forces of Colombia (FARC)
30370,1992,5,19,0,60,10,338,2431,27.557791,30.811893,1.0,0,0.0,1,0,2,3,2198,60.0,0,5,1.0,1,0.0,Muslim extremists
74152,2016,5,1,0,228,10,60,353,13.586484,44.024105,1.0,0,1.0,1,0,3,14,926,228.0,0,6,0.0,-9,0.0,Houthi extremists (Ansar Allah)
50763,2012,1,5,0,95,10,32,2400,33.31385,44.186691,1.0,0,1.0,1,0,3,14,13,95.0,0,6,7.0,-9,0.0,Muslim extremists
60383,2014,5,24,0,228,10,50,328,15.940011,48.789753,1.0,0,1.0,1,0,3,4,524,228.0,0,6,3.0,-9,0.0,Al-Qaida in the Arabian Peninsula (AQAP)
42088,2005,6,9,0,45,3,469,3190,0.66643,-76.87192,3.0,0,0.0,1,0,3,21,3931,45.0,0,6,0.0,1,0.0,Revolutionary Armed Forces of Colombia (FARC)
19680,1988,6,1,0,183,11,19,137,-26.184113,28.033232,1.0,0,1.0,1,0,3,2,388,183.0,0,8,0.0,1,0.0,African National Congress (South Africa)
80259,2017,5,13,0,214,9,146,1079,48.143208,37.753361,1.0,0,0.0,1,0,3,14,205,214.0,0,6,4.0,1,0.0,Donetsk People's Republic
61795,2014,7,24,0,182,11,68,405,2.059819,45.326115,1.0,0,0.0,1,0,2,4,811,182.0,0,6,4.0,-9,0.0,Al-Shabaab
16998,1987,4,9,0,145,2,437,2848,13.564251,-86.02984,1.0,0,0.0,1,0,2,14,3526,145.0,0,5,1.0,1,0.0,Nicaraguan Democratic Force (FDN)
63787,2014,11,2,0,147,11,168,1439,8.449676,8.702425,1.0,0,1.0,1,0,7,14,27,147.0,0,8,1.0,1,0.0,Fulani extremists
52699,2012,7,23,0,95,10,38,277,35.688611,44.109167,1.0,0,1.0,1,0,3,20,6,95.0,0,6,0.0,0,0.0,Al-Qaida in Iraq
27299,1991,5,17,0,92,6,339,3412,31.633078,74.878288,1.0,0,0.0,1,0,1,2,4261,92.0,0,5,1.0,0,0.0,Sikh Extremists
74814,2016,6,7,0,153,6,427,3752,34.595433,71.261751,2.0,0,0.0,0,0,1,17,4601,153.0,0,6,1.0,1,0.0,Tehrik-i-Taliban Pakistan (TTP)
78913,2017,2,12,0,182,11,66,470,2.398135,45.018703,1.0,0,1.0,1,0,2,4,577,182.0,0,5,2.0,-9,0.0,Al-Shabaab
52049,2012,5,21,0,45,3,374,3148,11.378289,-72.238173,1.0,1,0.0,1,0,2,4,48,45.0,0,5,12.0,0,0.0,Revolutionary Armed Forces of Colombia (FARC)
15065,1986,1,20,0,159,3,277,2111,-11.967368,-76.978462,1.0,0,0.0,1,0,3,1,1605,159.0,0,6,1.0,1,0.0,Tupac Amaru Revolutionary Movement (MRTA)
62403,2014,8,23,0,228,10,57,1545,16.032999,44.766691,1.0,0,0.0,1,0,3,4,48,228.0,0,6,2.0,-9,0.0,Houthi extremists (Ansar Allah)
28595,1991,10,6,0,209,10,226,1818,37.253172,43.612234,1.0,0,0.0,1,0,2,4,172,209.0,0,5,11.0,1,0.0,Kurdistan Workers' Party (PKK)
79170,2017,2,26,0,60,10,291,2354,31.126646,33.800865,1.0,0,0.0,1,0,4,2,3098,60.0,0,5,0.0,1,0.0,Muslim extremists
2040,1975,2,26,0,603,8,49,1615,51.504387,-0.140041,1.0,0,0.0,1,0,1,3,2193,216.0,0,5,1.0,0,0.0,Irish Republican Army (IRA)
55953,2013,7,5,0,60,10,291,2347,31.27591,34.217949,1.0,0,1.0,1,0,3,4,167,60.0,0,6,0.0,0,0.0,Muslim extremists
44238,2007,10,29,0,95,10,32,259,33.349159,43.784199,1.0,0,0.0,1,0,2,3,594,95.0,0,5,1.0,0,0.0,Al-Qaida in Iraq
63840,2014,11,5,0,95,10,37,1740,36.76321,42.602535,1.0,0,0.0,1,0,3,14,2308,95.0,0,6,1.0,1,0.0,Islamic State of Iraq and the Levant (ISIL)
15100,1986,1,23,0,159,3,277,2111,-11.967368,-76.978462,1.0,0,1.0,1,0,3,1,4836,159.0,0,6,0.0,1,0.0,Tupac Amaru Revolutionary Movement (MRTA)
64545,2014,12,15,1,147,11,108,704,12.541479,13.776426,1.0,0,0.0,1,0,6,14,1255,147.0,0,5,10.0,1,1.0,Boko Haram
7535,1981,4,11,0,45,3,368,24,2.535935,-75.52767,4.0,0,0.0,1,0,2,4,1840,45.0,0,5,6.0,1,0.0,Revolutionary Armed Forces of Colombia (FARC)
46968,2009,8,10,0,4,6,512,3615,34.021194,68.999535,1.0,0,1.0,1,1,3,3,1312,4.0,0,6,4.0,1,0.0,Taliban
9894,1983,3,6,0,61,2,158,1221,13.768375,-88.149036,1.0,0,0.0,1,0,2,4,1772,61.0,0,5,1.0,1,0.0,Farabundo Marti National Liberation Front (FMLN)
29318,1991,12,23,0,159,3,486,3870,-6.139657,-77.101584,1.0,0,0.0,1,0,2,4,4864,159.0,0,5,6.0,1,0.0,Tupac Amaru Revolutionary Movement (MRTA)
78500,2017,1,15,0,228,10,52,314,13.883333,45.866667,3.0,0,0.0,1,0,2,17,20,228.0,0,5,4.0,0,0.0,Al-Qaida in the Arabian Peninsula (AQAP)
65666,2015,2,8,0,146,11,116,720,13.31489,12.6047,1.0,0,1.0,1,0,2,14,205,146.0,0,5,1.0,-9,0.0,Boko Haram
54205,2013,1,7,0,147,11,115,639,11.974328,8.50026,1.0,0,0.0,1,0,2,15,215,147.0,0,5,3.0,0,0.0,Boko Haram
42496,2005,11,9,0,102,10,43,267,31.950001,35.933331,1.0,0,1.0,1,1,3,1,537,102.0,0,6,21.0,1,0.0,Al-Qaida in Iraq
19010,1988,2,21,0,159,3,491,3852,-6.774056,-79.843559,1.0,0,0.0,1,0,3,2,4796,159.0,0,6,0.0,1,0.0,Tupac Amaru Revolutionary Movement (MRTA)
39196,2001,7,27,0,185,8,86,515,42.84964,-2.692359,1.0,0,1.0,1,0,3,4,1010,185.0,0,6,0.0,1,0.0,Basque Fatherland and Freedom (ETA)
53955,2012,12,2,0,147,11,108,676,12.359468,14.210929,1.0,0,1.0,1,0,7,14,1245,147.0,0,8,0.0,1,0.0,Boko Haram
45443,2008,8,25,0,153,6,534,3726,34.398573,72.06038,1.0,0,0.0,1,0,3,14,4571,153.0,0,6,8.0,1,0.0,Tehrik-i-Taliban Pakistan (TTP)
3992,1978,3,28,0,185,8,95,511,43.18418,-2.473289,1.0,0,0.0,1,0,3,16,1104,185.0,0,6,0.0,1,0.0,Basque Fatherland and Freedom (ETA)
14646,1985,10,15,0,183,11,25,162,-33.941849,18.41964,1.0,0,0.0,1,0,3,3,275,183.0,0,5,1.0,0,0.0,African National Congress (South Africa)
30914,1992,8,4,0,69,8,17,132,48.856644,2.34233,1.0,0,0.0,1,0,3,1,1641,69.0,0,6,0.0,1,0.0,Corsican National Liberation Front (FLNC)
5105,1979,5,7,0,69,8,141,1021,41.930607,8.742907,1.0,0,0.0,1,0,3,1,1088,69.0,0,6,0.0,1,0.0,Corsican National Liberation Front (FLNC)
44142,2007,9,14,0,95,10,32,264,33.420948,43.295662,1.0,0,0.0,1,0,3,14,502,95.0,0,6,3.0,0,0.0,Al-Qaida in Iraq
73665,2016,4,3,0,228,10,51,359,15.45639,45.324871,1.0,0,0.0,1,0,3,1,542,228.0,0,6,3.0,1,0.0,Houthi extremists (Ansar Allah)
63137,2014,9,29,0,214,9,146,1076,47.981647,37.762325,1.0,0,0.0,1,0,3,4,1726,214.0,0,6,18.0,1,0.0,Donetsk People's Republic
51138,2012,2,23,0,95,10,34,252,33.100529,44.584492,1.0,0,1.0,1,0,3,3,85,95.0,0,6,0.0,0,0.0,Al-Qaida in Iraq
16465,1986,11,23,0,183,11,19,156,-26.252697,27.870275,1.0,0,0.0,1,0,3,2,304,183.0,0,6,0.0,1,0.0,African National Congress (South Africa)
21075,1989,1,1,0,92,6,126,3476,24.867222,84.143611,2.0,0,0.0,1,0,1,14,4356,92.0,0,5,5.0,0,0.0,Sikh Extremists
80655,2017,6,1,1,147,11,112,1389,10.374035,7.396023,1.0,0,0.0,1,0,6,2,1930,147.0,0,5,1.0,0,1.0,Fulani extremists
72705,2016,2,6,0,228,10,52,329,13.129726,45.385571,1.0,0,0.0,1,0,3,4,524,228.0,0,6,0.0,1,0.0,Al-Qaida in the Arabian Peninsula (AQAP)
60430,2014,5,26,1,214,9,146,1076,47.981647,37.762325,1.0,0,0.0,1,0,6,7,1711,422.0,0,5,0.0,0,1.0,Donetsk People's Republic
32763,1994,4,2,0,209,10,205,1717,41.106178,28.689863,1.0,0,0.0,1,0,3,14,2368,209.0,0,6,2.0,1,0.0,Kurdistan Workers' Party (PKK)
55375,2013,5,7,0,153,6,353,3781,35.038889,71.788889,1.0,0,0.0,1,0,3,22,4634,153.0,0,6,6.0,0,0.0,Tehrik-i-Taliban Pakistan (TTP)
67173,2015,4,26,0,147,11,167,1420,7.915185,8.76887,2.0,0,1.0,1,0,2,14,27,147.0,0,5,4.0,0,0.0,Fulani extremists
62512,2014,8,29,0,182,11,70,408,-0.357847,42.54665,1.0,0,0.0,1,0,3,3,175,182.0,0,6,0.0,-9,0.0,Al-Shabaab
24051,1990,1,11,0,603,8,190,1670,54.842824,-6.667731,1.0,0,0.0,0,0,1,4,2213,233.0,0,6,0.0,1,0.0,Irish Republican Army (IRA)
75386,2016,7,9,1,121,5,13,64,5.024206,118.330746,1.0,1,0.0,1,0,6,11,117,93.0,0,6,0.0,0,1.0,Abu Sayyaf Group (ASG)
32370,1994,1,27,0,603,8,49,1615,51.504387,-0.140041,1.0,0,0.0,1,0,7,1,2096,216.0,0,8,0.0,1,0.0,Irish Republican Army (IRA)
56596,2013,8,28,0,95,10,33,248,33.303566,44.371773,1.0,0,1.0,1,0,3,14,13,95.0,0,6,3.0,0,0.0,Islamic State of Iraq and the Levant (ISIL)
40722,2003,3,13,0,92,6,292,2346,33.371715,74.315313,1.0,0,0.0,1,0,3,19,3022,92.0,0,6,4.0,1,0.0,Muslim extremists
53915,2012,11,24,0,153,6,353,3747,31.834328,70.90905,1.0,0,0.0,1,0,3,14,4611,153.0,0,6,7.0,0,0.0,Tehrik-i-Taliban Pakistan (TTP)
54472,2013,1,31,0,153,6,427,3777,33.654339,70.183861,1.0,0,0.0,1,0,3,7,4630,422.0,0,6,2.0,0,0.0,Tehrik-i-Taliban Pakistan (TTP)
11916,1984,4,1,0,145,2,436,1237,12.923513,-85.839665,1.0,0,0.0,1,0,2,4,1762,145.0,0,5,0.0,1,0.0,Nicaraguan Democratic Force (FDN)
75644,2016,7,27,0,45,3,360,2570,8.7424,-73.103604,2.0,0,0.0,0,0,3,20,6,45.0,0,6,0.0,0,0.0,National Liberation Army of Colombia (ELN)
56608,2013,8,29,0,160,5,423,2725,17.083333,120.9,1.0,0,0.0,1,0,2,3,3411,160.0,0,5,1.0,-9,0.0,New People's Army (NPA)
17864,1987,8,18,0,92,6,125,3483,18.107428,77.447009,1.0,0,0.0,1,0,2,14,4367,92.0,0,5,6.0,1,0.0,Sikh Extremists
23383,1989,10,12,0,155,10,456,3033,32.222271,35.253506,1.0,0,0.0,1,0,1,14,3771,155.0,0,9,1.0,0,0.0,Palestinians
56443,2013,8,13,0,60,10,291,2354,31.126646,33.800865,1.0,0,1.0,1,0,3,3,175,60.0,0,6,0.0,0,0.0,Muslim extremists
26912,1991,3,18,0,92,6,494,3404,28.585836,77.153336,1.0,0,0.0,1,0,3,1,4304,92.0,0,6,1.0,1,0.0,Sikh Extremists
20613,1988,10,28,0,160,5,394,24,7.447973,125.810009,4.0,0,0.0,1,0,2,1,3435,160.0,0,5,6.0,1,0.0,New People's Army (NPA)
61608,2014,7,16,0,182,11,66,425,1.716188,44.768864,1.0,0,0.0,1,0,3,4,811,422.0,0,6,1.0,-9,0.0,Al-Shabaab
44690,2008,4,1,0,186,6,262,2001,8.980118,79.912462,1.0,0,0.0,1,0,3,15,2505,186.0,0,6,0.0,1,0.0,Liberation Tigers of Tamil Eelam (LTTE)
48503,2010,8,28,1,153,6,353,3790,35.838527,71.781052,1.0,1,0.0,1,0,6,14,4647,153.0,0,9,3.0,0,1.0,Tehrik-i-Taliban Pakistan (TTP)
3453,1977,8,24,0,185,8,95,518,43.291618,-1.977903,1.0,0,0.0,0,0,3,3,1082,185.0,0,6,0.0,0,0.0,Basque Fatherland and Freedom (ETA)
10583,1983,7,22,0,145,2,438,2850,13.131923,-86.345742,3.0,0,0.0,1,0,2,4,1793,145.0,0,5,2.0,1,0.0,Nicaraguan Democratic Force (FDN)
19051,1988,2,24,0,61,2,150,1156,13.69288,-89.199161,1.0,0,1.0,1,0,2,19,56,61.0,0,5,0.0,1,0.0,Farabundo Marti National Liberation Front (FMLN)
29073,1991,11,17,0,209,10,239,1853,37.936623,42.547486,1.0,0,0.0,1,0,2,3,1068,209.0,0,5,0.0,1,0.0,Kurdistan Workers' Party (PKK)
45782,2008,11,25,0,153,6,534,3722,34.006004,71.53743,1.0,0,0.0,1,0,3,2,4702,153.0,0,6,0.0,-9,0.0,Tehrik-i-Taliban Pakistan (TTP)
55328,2013,5,3,0,153,6,468,3124,24.891115,67.143311,1.0,0,0.0,1,0,1,14,4697,153.0,0,5,2.0,0,0.0,Tehrik-i-Taliban Pakistan (TTP)
53118,2012,9,1,0,92,6,131,2192,18.855598,82.736167,2.0,1,0.0,1,0,3,4,852,92.0,0,6,1.0,1,0.0,Maoists
16526,1986,12,19,0,159,3,277,2111,-11.967368,-76.978462,1.0,0,1.0,1,0,3,1,4076,159.0,0,6,1.0,1,0.0,Shining Path (SL)
178,1970,5,4,0,158,3,465,3086,-25.282773,-57.63561,1.0,0,0.0,1,0,1,7,3749,97.0,0,5,1.0,0,0.0,Palestinians
54121,2012,12,31,0,95,10,42,265,32.469238,44.416637,1.0,0,1.0,1,0,3,2,503,95.0,0,6,2.0,1,0.0,Al-Qaida in Iraq
78030,2016,12,13,0,95,10,37,1748,36.434563,43.158421,1.0,0,0.0,1,1,3,4,48,95.0,0,6,19.0,1,0.0,Islamic State of Iraq and the Levant (ISIL)
39569,2001,10,8,0,160,5,4,15,6.929089,122.07885,1.0,0,1.0,0,0,3,18,43,160.0,0,6,0.0,0,0.0,Abu Sayyaf Group (ASG)
79609,2017,3,29,0,228,10,60,353,13.586484,44.024105,1.0,0,0.0,1,0,3,14,1968,228.0,0,6,3.0,1,0.0,Houthi extremists (Ansar Allah)
12515,1984,7,22,0,145,2,451,2971,11.06667,-85.1,1.0,0,0.0,1,0,2,4,1762,145.0,0,5,21.0,1,0.0,Nicaraguan Democratic Force (FDN)
57127,2013,10,16,0,208,10,309,2374,36.449268,8.436416,1.0,0,0.0,1,0,2,3,175,208.0,0,5,0.0,-9,0.0,Muslim extremists
34004,1995,3,13,0,69,8,136,1034,42.874404,9.471427,1.0,0,0.0,1,0,3,14,1576,69.0,0,6,0.0,1,0.0,Corsican National Liberation Front (FLNC)
49451,2011,3,27,0,4,6,521,3590,32.715785,69.281793,1.0,1,0.0,1,1,3,1,1456,4.0,0,6,25.0,1,0.0,Taliban
59441,2014,4,6,0,4,6,516,3559,35.605071,64.120113,2.0,0,1.0,1,0,3,14,742,4.0,0,6,0.0,1,0.0,Taliban
76865,2016,10,6,0,147,11,108,636,11.083983,13.693092,1.0,0,0.0,1,1,3,4,48,147.0,0,6,3.0,0,0.0,Boko Haram
28313,1991,9,3,0,160,5,422,24,16.451727,120.5752,4.0,0,0.0,1,0,2,4,562,160.0,0,5,10.0,1,0.0,New People's Army (NPA)
71559,2015,12,5,0,42,11,109,727,13.003044,14.738038,2.0,0,1.0,1,1,3,14,486,42.0,0,6,6.0,0,0.0,Boko Haram
16782,1987,2,21,0,159,3,277,2111,-11.967368,-76.978462,1.0,0,0.0,1,0,3,1,4866,217.0,0,6,0.0,1,0.0,Tupac Amaru Revolutionary Movement (MRTA)
55219,2013,4,22,0,4,6,513,3555,30.54807,63.791685,3.0,0,0.0,1,0,2,3,85,4.0,0,5,4.0,1,0.0,Taliban
49589,2011,5,5,0,92,6,134,868,20.181843,80.006844,3.0,0,0.0,1,0,3,14,1382,92.0,0,6,6.0,1,0.0,Communist Party of India - Maoist (CPI-Maoist)
76388,2016,9,10,0,92,6,131,865,19.191222,84.185712,3.0,0,0.0,0,0,3,20,6,92.0,0,6,0.0,0,0.0,Maoists
56495,2013,8,17,0,4,6,509,3529,32.628822,62.475616,3.0,0,0.0,1,1,3,1,4500,4.0,0,6,4.0,1,0.0,Taliban
42412,2005,9,30,0,186,6,218,1993,7.921328,81.52467,1.0,0,0.0,1,0,2,14,2573,186.0,0,5,2.0,0,0.0,Liberation Tigers of Tamil Eelam (LTTE)
38617,2000,11,22,1,160,5,0,32,6.720228,122.030205,2.0,0,0.0,1,0,6,14,39,160.0,0,5,0.0,0,1.0,Abu Sayyaf Group (ASG)
69722,2015,8,25,0,209,10,233,1867,38.888447,40.501144,1.0,0,0.0,1,0,2,3,175,209.0,0,6,0.0,0,0.0,Kurdistan Workers' Party (PKK)
29137,1991,11,28,0,159,3,277,2111,-11.967368,-76.978462,1.0,0,1.0,1,0,3,21,1107,159.0,0,6,0.0,1,0.0,Shining Path (SL)
1360,1973,3,29,0,603,8,190,1609,54.607712,-5.95621,1.0,0,0.0,1,0,1,4,2121,216.0,0,5,1.0,0,0.0,Irish Republican Army (IRA)
65557,2015,2,3,0,92,6,128,2275,19.723535,81.242411,2.0,0,0.0,1,0,3,19,56,92.0,0,6,0.0,1,0.0,Maoists
31252,1992,9,14,0,183,11,18,151,-30.139609,30.835763,1.0,0,0.0,1,0,2,22,59,183.0,0,5,7.0,1,0.0,African National Congress (South Africa)
60265,2014,5,19,0,228,10,50,350,14.762732,49.605728,1.0,0,0.0,1,0,2,4,12,228.0,0,5,2.0,0,0.0,Al-Qaida in the Arabian Peninsula (AQAP)
12857,1984,9,29,0,159,3,277,2111,-11.967368,-76.978462,1.0,0,0.0,1,0,5,10,560,217.0,0,5,0.0,1,1.0,Tupac Amaru Revolutionary Movement (MRTA)
69405,2015,8,10,0,214,9,146,1102,47.541172,37.780678,1.0,1,0.0,1,0,3,4,48,214.0,0,6,143.0,-9,0.0,Donetsk People's Republic
83435,2017,12,10,0,182,11,74,423,4.787153,45.032951,1.0,0,0.0,1,0,7,1,826,182.0,0,8,0.0,1,0.0,Al-Shabaab
12429,1984,7,6,0,145,2,436,2925,13.85738,-85.73339,1.0,1,0.0,1,0,2,4,1762,145.0,0,5,3.0,1,0.0,Nicaraguan Democratic Force (FDN)
63602,2014,10,22,0,41,11,174,1313,5.965833,20.528484,1.0,0,1.0,1,0,2,14,205,41.0,0,5,15.0,1,0.0,Fulani extremists
14399,1985,8,15,1,145,2,450,2878,11.695904,-84.446147,1.0,0,0.0,1,0,2,2,3537,145.0,0,5,4.0,1,1.0,Nicaraguan Democratic Force (FDN)
33437,1994,9,12,0,45,3,371,2521,5.17069,-72.546829,1.0,1,0.0,1,0,3,21,3273,69.0,0,6,0.0,1,0.0,National Liberation Army of Colombia (ELN)
27235,1991,5,8,0,61,2,150,1156,13.69288,-89.199161,1.0,0,0.0,1,0,3,4,1861,61.0,0,6,0.0,1,0.0,Farabundo Marti National Liberation Front (FMLN)
20098,1988,8,3,0,183,11,26,204,-22.681683,29.102777,1.0,0,0.0,1,0,2,3,371,183.0,0,5,5.0,1,0.0,African National Congress (South Africa)
22454,1989,7,5,0,155,10,456,3033,32.222271,35.253506,1.0,0,0.0,1,0,1,14,3780,155.0,0,9,1.0,0,0.0,Palestinians
42409,2005,9,28,0,95,10,37,286,36.376823,42.448875,1.0,0,0.0,1,1,3,4,6,95.0,0,6,6.0,-9,0.0,Al-Qaida in Iraq
64073,2014,11,18,0,214,9,146,1076,47.981647,37.762325,1.0,0,0.0,1,0,3,4,1701,214.0,0,6,1.0,-9,0.0,Donetsk People's Republic
7558,1981,4,21,0,183,11,18,138,-29.861824,31.008293,1.0,0,0.0,1,0,3,21,276,183.0,0,6,0.0,1,0.0,African National Congress (South Africa)
51728,2012,4,19,0,95,10,34,299,34.347343,45.383274,1.0,0,1.0,1,0,3,4,571,95.0,0,6,0.0,1,0.0,Al-Qaida in Iraq
7437,1981,3,7,0,69,8,140,1032,43.610769,3.876716,1.0,0,1.0,1,0,3,1,1572,69.0,0,6,0.0,1,0.0,Corsican National Liberation Front (FLNC)
66291,2015,3,11,0,113,10,312,2380,31.927389,12.251627,1.0,0,1.0,1,0,3,8,51,113.0,0,6,0.0,1,0.0,Muslim extremists
11103,1983,11,12,0,159,3,477,3278,-13.152712,-74.218628,1.0,0,0.0,1,0,3,1,4166,159.0,0,6,1.0,1,0.0,Shining Path (SL)
54890,2013,3,19,0,95,10,33,248,33.303566,44.371773,1.0,0,1.0,1,0,3,19,549,95.0,0,6,3.0,1,0.0,Al-Qaida in Iraq
51149,2012,2,23,0,95,10,34,250,33.74324,44.623825,1.0,0,1.0,1,0,3,3,92,95.0,0,6,1.0,-9,0.0,Al-Qaida in Iraq
67829,2015,5,24,0,95,10,34,283,33.693947,45.067425,1.0,0,1.0,1,0,3,3,2286,95.0,0,6,0.0,1,0.0,Islamic State of Iraq and the Levant (ISIL)
56603,2013,8,28,0,95,10,33,248,33.303566,44.371773,1.0,0,1.0,1,1,3,14,13,95.0,0,6,6.0,0,0.0,Islamic State of Iraq and the Levant (ISIL)
27860,1991,7,17,0,159,3,277,2111,-11.967368,-76.978462,1.0,0,0.0,1,0,3,2,4850,159.0,0,6,0.0,1,0.0,Tupac Amaru Revolutionary Movement (MRTA)
6516,1980,4,18,0,110,10,204,3076,33.793296,35.822422,1.0,0,0.0,1,0,3,14,3710,97.0,0,6,7.0,1,0.0,Palestinians
49944,2011,8,8,0,92,6,134,911,21.110152,78.753643,1.0,0,0.0,1,0,2,12,1433,92.0,0,5,0.0,1,0.0,Communist Party of India - Maoist (CPI-Maoist)
67728,2015,5,20,0,147,11,118,697,9.503691,8.928101,1.0,0,0.0,1,0,2,14,27,147.0,0,5,20.0,1,0.0,Boko Haram
14499,1985,9,13,0,145,2,437,2942,13.880321,-86.1678,1.0,0,0.0,1,0,2,4,562,145.0,0,5,0.0,1,0.0,Nicaraguan Democratic Force (FDN)
22679,1989,8,9,0,92,6,493,3401,29.685693,76.990483,1.0,0,0.0,1,0,3,19,1153,92.0,0,6,13.0,1,0.0,Sikh Extremists
79492,2017,3,20,0,4,6,530,24,34.351349,68.238534,4.0,0,0.0,1,0,3,4,559,4.0,0,6,8.0,1,0.0,Taliban
16935,1987,3,23,0,362,8,193,1636,51.148407,6.357643,1.0,0,0.0,1,0,3,4,2108,216.0,0,6,0.0,1,0.0,Irish Republican Army (IRA)
24440,1990,3,16,0,45,3,377,3197,3.173882,-76.259454,3.0,0,0.0,1,0,2,4,562,45.0,0,5,3.0,1,0.0,Revolutionary Armed Forces of Colombia (FARC)
26941,1991,3,22,0,155,10,456,3089,32.347771,35.530738,1.0,0,0.0,1,0,2,4,3757,97.0,0,5,2.0,1,0.0,Palestinians
52298,2012,6,13,0,95,10,38,251,35.45211,44.375465,1.0,0,1.0,1,0,3,14,560,95.0,0,6,0.0,0,0.0,Al-Qaida in Iraq
11295,1983,12,22,0,145,2,437,2907,13.564854,-86.028297,3.0,1,0.0,1,0,2,19,3594,145.0,0,5,1.0,1,0.0,Nicaraguan Democratic Force (FDN)
47517,2010,1,19,1,153,6,534,3762,34.396497,72.615832,3.0,0,0.0,1,0,6,2,4609,153.0,0,5,2.0,-9,1.0,Tehrik-i-Taliban Pakistan (TTP)
55222,2013,4,22,0,228,10,52,24,13.640649,46.057005,4.0,0,0.0,1,0,2,4,12,228.0,0,5,2.0,0,0.0,Al-Qaida in the Arabian Peninsula (AQAP)
77788,2016,11,26,0,153,6,339,2432,30.68734,73.108405,1.0,0,0.0,1,0,1,10,3090,153.0,0,5,1.0,0,0.0,Muslim extremists
64188,2014,11,26,0,228,10,182,1542,15.266667,43.716667,2.0,0,0.0,1,0,7,14,1983,228.0,0,8,7.0,1,0.0,Houthi extremists (Ansar Allah)
59520,2014,4,9,0,92,6,126,905,24.750985,84.374785,1.0,0,1.0,0,0,3,20,6,92.0,0,6,0.0,0,0.0,Maoists
52634,2012,7,20,0,92,6,131,871,18.363526,81.895253,1.0,0,0.0,1,0,7,1,2942,92.0,0,8,0.0,1,0.0,Maoists
30055,1992,4,4,0,92,6,292,3444,34.526179,74.254614,1.0,0,0.0,1,0,6,3,4302,92.0,0,5,0.0,0,1.0,Sikh Extremists
16797,1987,2,24,0,159,3,277,2111,-11.967368,-76.978462,1.0,0,1.0,1,0,3,1,4760,159.0,0,6,0.0,1,0.0,Tupac Amaru Revolutionary Movement (MRTA)
59835,2014,4,27,1,214,9,146,1097,48.327225,38.025673,1.0,0,0.0,1,0,6,2,347,214.0,0,9,1.0,0,1.0,Donetsk People's Republic
37733,1999,11,17,0,45,3,363,2557,6.270526,-75.572173,3.0,0,0.0,1,0,3,21,3929,45.0,0,6,0.0,1,0.0,Revolutionary Armed Forces of Colombia (FARC)
47128,2009,9,25,0,92,6,127,854,23.74831,86.705864,1.0,0,0.0,1,0,2,3,1366,92.0,0,5,1.0,0,0.0,Communist Party of India - Maoist (CPI-Maoist)
28345,1991,9,7,0,97,10,458,3037,31.771599,35.2034,1.0,0,0.0,1,0,7,14,3782,97.0,0,8,0.0,1,0.0,Palestinians
13437,1985,2,22,0,159,3,476,3342,-8.752234,-76.121658,1.0,1,0.0,1,0,2,14,4160,159.0,0,5,7.0,1,0.0,Shining Path (SL)
62858,2014,9,17,0,95,10,32,1774,33.378582,43.767578,1.0,0,1.0,1,0,3,14,27,95.0,0,6,0.0,-9,0.0,Islamic State of Iraq and the Levant (ISIL)
1587,1974,1,29,0,603,8,190,208,54.208418,-5.891745,1.0,0,0.0,1,0,2,4,2173,233.0,0,5,1.0,0,0.0,Irish Republican Army (IRA)
10136,1983,5,2,0,61,2,157,1184,13.947352,-89.120181,1.0,0,0.0,1,0,2,4,1772,61.0,0,5,1.0,1,0.0,Farabundo Marti National Liberation Front (FMLN)
74000,2016,4,23,0,228,10,60,353,13.586484,44.024105,1.0,0,0.0,1,0,3,19,56,228.0,0,6,5.0,1,0.0,Houthi extremists (Ansar Allah)
48519,2010,9,1,0,92,6,127,946,23.887562,84.799711,1.0,0,0.0,1,0,2,14,1472,92.0,0,8,0.0,1,0.0,Communist Party of India - Maoist (CPI-Maoist)
28399,1991,9,16,0,603,8,190,1628,54.183052,-6.341388,1.0,0,0.0,0,0,3,3,559,233.0,0,6,0.0,1,0.0,Irish Republican Army (IRA)
31887,1992,11,22,0,92,6,339,3480,31.749167,75.471389,1.0,0,0.0,1,0,1,14,4361,92.0,0,5,7.0,0,0.0,Sikh Extremists
79321,2017,3,9,0,160,5,0,5,6.660501,122.138992,1.0,0,0.0,1,0,3,21,132,160.0,0,6,0.0,1,0.0,Abu Sayyaf Group (ASG)
23893,1989,12,11,0,160,5,425,2729,13.5926,122.3215,1.0,0,0.0,1,0,2,4,3415,160.0,0,5,0.0,1,0.0,New People's Army (NPA)
82107,2017,8,26,0,153,6,353,3722,34.006004,71.53743,1.0,0,0.0,1,0,3,3,4583,153.0,0,6,0.0,1,0.0,Tehrik-i-Taliban Pakistan (TTP)
18615,1987,12,17,0,603,8,190,1609,54.607712,-5.95621,1.0,0,0.0,1,0,3,2,2097,233.0,0,6,0.0,1,0.0,Irish Republican Army (IRA)
44305,2007,11,13,0,160,5,11,70,14.67428,121.057495,1.0,0,0.0,1,0,3,2,129,160.0,0,6,3.0,-9,0.0,Abu Sayyaf Group (ASG)
29501,1992,1,20,0,186,6,218,1983,7.716666,81.700188,3.0,0,0.0,1,0,3,2,2506,186.0,0,6,0.0,1,0.0,Liberation Tigers of Tamil Eelam (LTTE)
68179,2015,6,10,0,92,6,127,945,23.215022,84.227692,1.0,0,0.0,1,0,2,3,85,92.0,0,5,1.0,0,0.0,Communist Party of India - Maoist (CPI-Maoist)
52751,2012,7,29,0,160,5,0,35,6.537162,122.163252,1.0,0,0.0,1,0,7,8,73,160.0,0,8,0.0,1,0.0,Abu Sayyaf Group (ASG)
42602,2006,1,14,0,141,6,266,2179,27.686766,85.202357,1.0,0,1.0,1,0,3,3,2894,141.0,0,6,6.0,1,0.0,Maoists
45207,2008,7,11,0,92,6,126,818,24.744071,86.457931,1.0,1,0.0,1,0,3,19,1328,92.0,0,6,0.0,1,0.0,Communist Party of India - Maoist (CPI-Maoist)
30412,1992,5,25,0,92,6,287,3397,25.47283,82.570528,1.0,0,0.0,1,0,1,14,4337,92.0,0,5,3.0,0,0.0,Sikh Extremists
77070,2016,10,19,0,173,10,184,1529,16.524263,42.967896,1.0,0,0.0,1,0,3,4,0,173.0,0,6,0.0,-9,0.0,Houthi extremists (Ansar Allah)
70736,2015,10,17,0,92,6,134,2134,19.29994,80.703422,1.0,0,0.0,1,0,2,3,2856,92.0,0,5,1.0,0,0.0,Maoists
21019,1988,12,20,0,159,3,475,3329,-12.068306,-75.210163,1.0,0,0.0,1,0,2,19,4154,159.0,0,9,0.0,0,0.0,Shining Path (SL)
20193,1988,8,22,0,92,6,339,3400,31.5325,75.093889,1.0,0,0.0,1,0,1,14,4249,92.0,0,5,3.0,0,0.0,Sikh Extremists
11748,1984,3,11,0,145,2,445,2868,12.96361,-86.81472,1.0,0,0.0,1,0,3,21,3531,145.0,0,6,1.0,1,0.0,Nicaraguan Democratic Force (FDN)
61674,2014,7,19,0,113,10,307,2370,32.867867,13.189067,1.0,0,0.0,1,0,3,6,355,113.0,0,6,1.0,1,0.0,Muslim extremists
21078,1989,1,1,0,92,6,495,3452,29.933673,78.179867,1.0,0,0.0,1,0,3,15,4310,92.0,0,6,3.0,1,0.0,Sikh Extremists
69229,2015,8,1,0,4,6,518,3568,35.760462,68.918177,2.0,0,1.0,1,0,7,15,215,4.0,0,8,0.0,1,0.0,Taliban
46497,2009,5,9,0,182,11,68,405,2.059819,45.326115,1.0,0,1.0,1,0,3,2,876,182.0,0,6,3.0,1,0.0,Al-Shabaab
74240,2016,5,5,0,153,6,353,3722,34.006004,71.53743,1.0,1,0.0,1,0,2,3,4670,153.0,0,5,1.0,0,0.0,Tehrik-i-Taliban Pakistan (TTP)
39638,2001,11,15,0,186,6,218,1975,7.733107,81.68882,1.0,0,0.0,1,1,3,17,2613,186.0,0,6,4.0,-9,0.0,Liberation Tigers of Tamil Eelam (LTTE)
66372,2015,3,15,0,95,10,32,264,33.420948,43.295662,1.0,0,1.0,1,0,3,14,1288,95.0,0,6,1.0,-9,0.0,Islamic State of Iraq and the Levant (ISIL)
29978,1992,3,26,0,186,6,218,1977,7.301756,81.67473,3.0,0,0.0,1,0,1,14,2483,186.0,0,5,2.0,0,0.0,Liberation Tigers of Tamil Eelam (LTTE)
53897,2012,11,21,0,153,6,468,3124,24.891115,67.143311,1.0,0,1.0,1,0,3,15,4588,153.0,0,6,1.0,-9,0.0,Tehrik-i-Taliban Pakistan (TTP)
75969,2016,8,14,0,147,11,108,699,13.246771,13.501656,1.0,0,0.0,1,0,2,4,48,147.0,0,6,16.0,0,0.0,Boko Haram
80615,2017,5,30,0,182,11,68,405,2.059819,45.326115,1.0,0,0.0,1,0,1,2,846,182.0,0,5,1.0,0,0.0,Al-Shabaab
30236,1992,5,5,0,45,3,363,2491,6.242026,-75.564766,1.0,0,1.0,1,0,3,1,1088,45.0,0,6,1.0,1,0.0,National Liberation Army of Colombia (ELN)
73068,2016,2,26,0,92,6,128,948,19.499209,81.102258,3.0,0,0.0,0,0,3,20,6,92.0,0,6,0.0,0,0.0,Maoists
50226,2011,10,30,0,92,6,127,804,23.075278,85.278889,3.0,0,0.0,1,0,8,14,1386,92.0,0,9,1.0,0,0.0,Communist Party of India - Maoist (CPI-Maoist)
6634,1980,5,28,0,61,2,154,1212,13.536835,-88.780584,1.0,0,0.0,1,0,2,20,1176,61.0,0,5,9.0,0,0.0,Farabundo Marti National Liberation Front (FMLN)
14570,1985,10,2,0,43,3,273,2104,-34.170331,-70.740822,1.0,0,0.0,1,0,3,4,2757,43.0,0,6,0.0,0,0.0,Manuel Rodriguez Patriotic Front (FPMR)
9561,1982,12,30,0,61,2,150,1156,13.69288,-89.199161,1.0,0,0.0,1,0,3,1,1845,61.0,0,6,0.0,1,0.0,Farabundo Marti National Liberation Front (FMLN)
3233,1977,5,5,0,603,8,190,1609,54.607712,-5.95621,1.0,0,0.0,1,0,1,14,2048,233.0,0,5,1.0,0,0.0,Irish Republican Army (IRA)
17214,1987,5,5,0,61,2,154,1168,13.64121,-88.785423,1.0,0,1.0,1,0,2,4,1768,61.0,0,5,2.0,1,0.0,Farabundo Marti National Liberation Front (FMLN)
83338,2017,12,2,0,228,10,53,315,15.325443,44.211895,1.0,0,0.0,1,0,2,2,1962,228.0,0,6,1.0,-9,0.0,Houthi extremists (Ansar Allah)
18168,1987,9,29,0,159,3,483,3350,-9.06493,-78.579683,1.0,0,0.0,1,0,3,1,2132,159.0,0,6,0.0,1,0.0,Tupac Amaru Revolutionary Movement (MRTA)
10922,1983,10,6,0,603,8,190,1643,54.328629,-5.716669,1.0,0,0.0,1,0,2,3,2127,233.0,0,5,2.0,1,0.0,Irish Republican Army (IRA)
75784,2016,8,4,0,228,10,48,310,12.825647,44.846416,1.0,0,1.0,1,0,3,3,175,228.0,0,6,0.0,1,0.0,Al-Qaida in the Arabian Peninsula (AQAP)
43945,2007,6,13,0,95,10,36,253,34.208416,43.890713,1.0,0,1.0,1,0,3,15,514,95.0,0,6,0.0,1,0.0,Al-Qaida in Iraq
82357,2017,9,15,0,182,11,73,462,3.32728,42.218563,1.0,0,0.0,1,1,3,4,577,182.0,0,6,1.0,-9,0.0,Al-Shabaab
8707,1982,5,3,0,97,10,327,3068,31.537834,34.489532,1.0,0,0.0,1,0,3,14,3700,97.0,0,6,1.0,1,0.0,Palestinians
59147,2014,3,21,0,182,11,74,466,3.856237,45.57115,1.0,0,0.0,1,0,3,4,20,182.0,0,6,1.0,0,0.0,Al-Shabaab
37509,1999,7,14,0,186,6,218,1975,7.733107,81.68882,1.0,0,0.0,1,0,3,3,2572,186.0,0,6,1.0,1,0.0,Liberation Tigers of Tamil Eelam (LTTE)
80287,2017,5,14,0,147,11,170,1449,7.847032,10.949695,2.0,0,1.0,1,0,2,14,27,147.0,0,5,2.0,-9,0.0,Fulani extremists
54065,2012,12,18,0,92,6,126,2145,24.528349,84.590579,1.0,1,0.0,1,0,3,4,48,92.0,0,6,0.0,0,0.0,Maoists
61075,2014,6,26,0,4,6,513,3577,31.889889,64.750946,1.0,0,0.0,1,0,2,3,2314,4.0,0,5,6.0,0,0.0,Taliban
52668,2012,7,23,0,95,10,36,258,33.540672,44.251266,1.0,0,1.0,1,1,3,3,85,95.0,0,6,12.0,0,0.0,Al-Qaida in Iraq
82285,2017,9,10,0,104,11,80,471,-1.703277,41.302943,1.0,0,0.0,1,0,3,3,887,104.0,0,6,1.0,0,0.0,Al-Shabaab
11275,1983,12,17,0,145,2,437,2898,13.698495,-85.77846,1.0,1,0.0,1,0,2,4,1762,145.0,0,5,1.0,1,0.0,Nicaraguan Democratic Force (FDN)
49359,2011,3,6,0,228,10,50,328,15.964205,48.78252,1.0,0,0.0,1,0,2,4,655,228.0,0,5,1.0,-9,0.0,Al-Qaida in the Arabian Peninsula (AQAP)
76310,2016,9,5,0,45,3,360,2482,8.251932,-73.353994,3.0,0,0.0,0,0,3,20,6,45.0,0,6,0.0,0,0.0,National Liberation Army of Colombia (ELN)
44593,2008,3,13,0,95,10,38,256,35.271023,43.458084,1.0,0,0.0,1,1,3,17,490,95.0,0,6,4.0,0,0.0,Al-Qaida in Iraq
3033,1976,12,15,0,603,8,190,1650,54.42071,-6.443767,1.0,0,0.0,1,0,1,3,2194,233.0,0,5,1.0,0,0.0,Irish Republican Army (IRA)
74957,2016,6,15,0,92,6,131,827,19.758767,83.19422,2.0,0,1.0,1,0,6,1,1339,92.0,0,8,0.0,1,1.0,Communist Party of India - Maoist (CPI-Maoist)
59627,2014,4,13,0,160,5,1,19,6.053166,121.042788,2.0,0,0.0,1,0,2,4,20,160.0,0,5,5.0,-9,0.0,Abu Sayyaf Group (ASG)
6257,1980,2,20,0,185,8,86,518,43.291618,-1.977903,1.0,0,0.0,1,0,1,4,960,185.0,0,5,1.0,0,0.0,Basque Fatherland and Freedom (ETA)
39298,2001,8,14,0,45,3,367,2581,6.643708,-73.653621,4.0,0,0.0,1,0,4,11,3269,45.0,0,5,0.0,1,1.0,National Liberation Army of Colombia (ELN)
73709,2016,4,5,0,92,6,128,2264,22.127865,82.993434,1.0,0,0.0,1,0,6,14,2951,92.0,0,9,1.0,0,1.0,Maoists
13671,1985,5,1,0,159,3,277,2111,-11.967368,-76.978462,1.0,0,0.0,1,0,3,9,4140,159.0,0,6,1.0,1,0.0,Shining Path (SL)
79876,2017,4,15,0,95,10,37,255,36.354145,43.14357,1.0,0,1.0,1,0,3,4,0,95.0,0,2,0.0,-9,0.0,Islamic State of Iraq and the Levant (ISIL)
51821,2012,5,1,0,228,10,50,328,15.941039,48.780092,1.0,0,0.0,1,0,2,1,52,69.0,0,5,2.0,1,0.0,Al-Qaida in the Arabian Peninsula (AQAP)
65165,2015,1,16,0,4,6,504,3671,36.430231,65.823153,3.0,0,0.0,1,0,3,4,559,4.0,0,6,1.0,0,0.0,Taliban
14541,1985,9,24,0,145,2,450,2890,12.34294,-83.67123,1.0,0,0.0,1,0,3,14,3543,145.0,0,5,0.0,1,0.0,Nicaraguan Democratic Force (FDN)
31805,1992,11,12,0,159,3,277,2111,-11.967368,-76.978462,1.0,0,0.0,1,0,3,1,4064,159.0,0,6,0.0,1,0.0,Shining Path (SL)
57332,2013,11,5,0,95,10,36,1732,34.595041,43.919777,2.0,1,0.0,1,0,3,3,12,95.0,0,6,1.0,0,0.0,Islamic State of Iraq and the Levant (ISIL)
80892,2017,6,15,0,92,6,128,2207,20.270822,81.48673,1.0,0,0.0,0,0,3,20,6,92.0,0,6,0.0,0,0.0,Maoists
55952,2013,7,5,0,60,10,291,2354,31.126646,33.800865,1.0,1,1.0,1,0,3,6,355,60.0,0,6,1.0,0,0.0,Muslim extremists
22301,1989,6,15,0,183,11,19,170,-26.371483,28.408806,1.0,0,0.0,1,0,3,3,315,183.0,0,6,0.0,1,0.0,African National Congress (South Africa)
17677,1987,7,20,0,183,11,25,162,-33.941849,18.41964,1.0,0,0.0,1,0,3,4,291,183.0,0,6,0.0,1,0.0,African National Congress (South Africa)
17707,1987,7,22,0,183,11,25,162,-33.941849,18.41964,1.0,0,0.0,1,0,3,6,355,183.0,0,6,0.0,1,0.0,African National Congress (South Africa)
70145,2015,9,17,0,95,10,33,248,33.303566,44.371773,1.0,0,1.0,1,1,3,3,20,95.0,0,6,6.0,-9,0.0,Islamic State of Iraq and the Levant (ISIL)
71629,2015,12,10,0,200,10,206,1719,36.657269,40.37056,1.0,0,1.0,1,1,3,1,542,200.0,0,6,8.0,1,0.0,Islamic State of Iraq and the Levant (ISIL)
7224,1981,1,5,0,185,8,86,518,43.291618,-1.977903,1.0,0,0.0,0,0,1,2,997,185.0,0,8,0.0,0,0.0,Basque Fatherland and Freedom (ETA)
35283,1996,5,11,0,186,6,218,2059,7.821533,81.550106,1.0,1,0.0,1,0,2,4,2579,186.0,0,5,23.0,1,0.0,Liberation Tigers of Tamil Eelam (LTTE)
59132,2014,3,19,0,160,5,392,2717,12.420577,123.780237,3.0,0,0.0,1,0,3,2,3401,160.0,0,6,0.0,0,0.0,New People's Army (NPA)
18062,1987,9,15,0,61,2,150,1156,13.69288,-89.199161,1.0,0,0.0,1,0,2,4,1772,61.0,0,5,15.0,1,0.0,Farabundo Marti National Liberation Front (FMLN)
21165,1989,1,15,0,183,11,18,138,-29.861824,31.008293,1.0,0,0.0,1,0,3,21,408,183.0,0,6,0.0,1,0.0,African National Congress (South Africa)
80074,2017,4,29,0,160,5,5,2737,7.123938,125.598768,1.0,0,1.0,1,0,3,14,3423,160.0,0,6,1.0,-9,0.0,New People's Army (NPA)
6241,1980,2,16,0,155,10,327,1474,31.502407,34.459743,1.0,0,0.0,1,0,3,14,3662,97.0,0,6,0.0,1,0.0,Palestinians
49570,2011,4,28,0,153,6,353,3806,32.314022,70.733963,1.0,1,0.0,1,0,2,14,4668,153.0,0,5,2.0,0,0.0,Tehrik-i-Taliban Pakistan (TTP)
53013,2012,8,17,0,228,10,62,367,13.702663,44.73357,1.0,0,0.0,1,0,2,4,732,228.0,0,6,0.0,1,0.0,Al-Qaida in the Arabian Peninsula (AQAP)
20457,1988,10,6,0,183,11,19,188,-26.004123,28.21116,1.0,0,0.0,1,0,3,2,345,183.0,0,6,0.0,1,0.0,African National Congress (South Africa)
63077,2014,9,27,0,214,9,146,1106,48.240883,38.525669,1.0,0,1.0,1,0,3,4,48,214.0,0,6,0.0,-9,0.0,Donetsk People's Republic
53191,2012,9,8,0,95,10,34,250,33.74324,44.623825,1.0,0,1.0,1,0,3,14,13,95.0,0,6,0.0,0,0.0,Al-Qaida in Iraq
81563,2017,7,21,0,4,6,533,3655,36.067334,67.414157,3.0,0,0.0,1,0,2,3,85,4.0,0,5,3.0,0,0.0,Taliban
44472,2008,1,13,0,4,6,507,3554,31.499713,65.000854,3.0,0,0.0,1,0,2,3,4457,4.0,0,5,11.0,1,0.0,Taliban
18324,1987,10,26,0,159,3,277,2111,-11.967368,-76.978462,1.0,0,0.0,1,0,3,2,4784,159.0,0,6,0.0,1,0.0,Tupac Amaru Revolutionary Movement (MRTA)
48848,2010,11,2,0,95,10,33,248,33.303566,44.371773,1.0,0,1.0,1,0,3,1,496,95.0,0,6,1.0,1,0.0,Al-Qaida in Iraq
11270,1983,12,16,0,145,2,437,2881,13.759041,-86.017217,1.0,0,0.0,1,0,2,4,1768,145.0,0,5,3.0,1,0.0,Nicaraguan Democratic Force (FDN)
25794,1990,9,7,0,159,3,277,3354,-11.122722,-77.610568,1.0,0,0.0,1,0,3,1,4793,159.0,0,6,0.0,1,0.0,Tupac Amaru Revolutionary Movement (MRTA)
37221,1999,3,7,1,45,3,370,24,10.411301,-74.405661,4.0,0,1.0,1,0,6,14,3188,11.0,0,5,0.0,0,1.0,National Liberation Army of Colombia (ELN)
24591,1990,3,30,0,159,3,277,2111,-11.967368,-76.978462,1.0,0,1.0,1,0,3,1,1578,159.0,0,6,0.0,1,0.0,Shining Path (SL)
30716,1992,7,12,0,209,10,225,1859,37.340288,41.892628,1.0,1,0.0,1,0,2,19,549,209.0,0,5,3.0,1,0.0,Kurdistan Workers' Party (PKK)
63553,2014,10,20,0,153,6,427,3794,34.816667,71.317778,2.0,0,0.0,1,0,3,4,172,153.0,0,6,0.0,0,0.0,Tehrik-i-Taliban Pakistan (TTP)
12322,1984,6,11,0,43,3,271,2099,-33.366238,-70.505302,1.0,0,0.0,1,0,3,21,2745,43.0,0,6,1.0,1,0.0,Manuel Rodriguez Patriotic Front (FPMR)
15434,1986,4,3,0,159,3,277,2111,-11.967368,-76.978462,1.0,0,0.0,1,0,3,1,4825,217.0,0,6,0.0,1,0.0,Tupac Amaru Revolutionary Movement (MRTA)
12307,1984,6,6,0,145,2,436,2927,13.54204,-85.53942,1.0,0,0.0,1,0,2,4,3567,145.0,0,5,0.0,1,0.0,Nicaraguan Democratic Force (FDN)
43651,2007,4,6,0,186,6,262,1985,8.757816,80.487907,1.0,1,0.0,1,0,3,19,56,186.0,0,6,8.0,1,0.0,Liberation Tigers of Tamil Eelam (LTTE)
64834,2015,1,2,0,214,9,146,1076,47.981647,37.762325,1.0,0,0.0,1,0,2,4,1701,214.0,0,6,0.0,-9,0.0,Donetsk People's Republic
69146,2015,7,28,0,113,10,304,2366,32.069286,20.151144,1.0,0,0.0,1,1,3,4,48,113.0,0,6,4.0,0,0.0,Muslim extremists
78551,2017,1,19,0,182,11,66,412,2.14383,45.118061,1.0,0,0.0,1,0,2,4,811,182.0,0,6,6.0,-9,0.0,Al-Shabaab
21394,1989,2,15,0,61,2,159,1190,13.36899,-88.658074,1.0,0,0.0,1,0,3,19,1786,61.0,0,6,0.0,1,0.0,Farabundo Marti National Liberation Front (FMLN)
76247,2016,9,2,0,160,5,5,23,7.083241,125.600998,1.0,0,0.0,1,0,3,8,2039,160.0,0,6,15.0,1,0.0,Islamic State of Iraq and the Levant (ISIL)
27131,1991,4,25,0,159,3,277,2111,-11.967368,-76.978462,1.0,0,1.0,1,0,3,1,1578,159.0,0,6,0.0,1,0.0,Tupac Amaru Revolutionary Movement (MRTA)
64823,2015,1,1,0,104,11,80,429,-1.749689,41.192947,1.0,0,0.0,1,0,2,4,59,104.0,0,5,3.0,-9,0.0,Al-Shabaab
66998,2015,4,17,0,228,10,48,310,12.825647,44.846416,1.0,0,0.0,1,0,2,17,347,228.0,0,5,13.0,0,0.0,Houthi extremists (Ansar Allah)
4692,1979,2,3,0,97,10,458,3037,31.771599,35.2034,1.0,0,0.0,1,0,3,14,3643,97.0,0,6,1.0,1,0.0,Palestinians
68842,2015,7,13,0,147,11,108,686,11.831098,13.150967,2.0,0,0.0,1,1,3,19,56,147.0,0,6,2.0,-9,0.0,Boko Haram
18033,1987,9,11,0,159,3,277,2111,-11.967368,-76.978462,1.0,0,1.0,1,0,3,1,4755,159.0,0,6,0.0,1,0.0,Tupac Amaru Revolutionary Movement (MRTA)
26735,1991,2,7,0,45,3,360,24,7.946283,-72.898807,4.0,0,0.0,1,0,3,19,3956,45.0,0,6,0.0,1,0.0,Revolutionary Armed Forces of Colombia (FARC)
39882,2002,2,23,0,45,3,471,3214,1.61456,-75.6053,3.0,0,1.0,1,0,3,19,3961,45.0,0,6,0.0,1,0.0,Revolutionary Armed Forces of Colombia (FARC)
26948,1991,3,24,0,186,6,218,1984,7.219392,81.849757,1.0,0,0.0,1,0,3,14,2489,186.0,0,6,8.0,1,0.0,Liberation Tigers of Tamil Eelam (LTTE)
58381,2014,2,3,0,95,10,33,248,33.303566,44.371773,1.0,0,1.0,1,0,3,14,486,95.0,0,6,1.0,-9,0.0,Islamic State of Iraq and the Levant (ISIL)
26302,1990,12,10,0,159,3,277,2111,-11.967368,-76.978462,1.0,0,0.0,1,0,3,1,4859,159.0,0,6,0.0,1,0.0,Tupac Amaru Revolutionary Movement (MRTA)
61057,2014,6,25,0,45,3,364,2485,4.667128,-74.106056,1.0,0,1.0,1,0,3,20,6,45.0,0,6,0.0,1,0.0,Revolutionary Armed Forces of Colombia (FARC)
56579,2013,8,27,0,182,11,74,431,4.73538,45.2024,1.0,0,0.0,1,0,3,4,562,65.0,0,6,0.0,1,0.0,Al-Shabaab
11257,1983,12,15,0,183,11,18,138,-29.861824,31.008293,1.0,0,0.0,1,0,3,14,405,183.0,0,6,0.0,1,0.0,African National Congress (South Africa)
28498,1991,9,26,0,159,3,277,2111,-11.967368,-76.978462,1.0,0,1.0,1,0,3,1,1578,159.0,0,6,0.0,1,0.0,Shining Path (SL)
36987,1998,8,4,1,45,3,363,2103,6.395033,-75.259437,1.0,0,1.0,1,0,6,2,3144,45.0,0,5,1.0,0,1.0,National Liberation Army of Colombia (ELN)
30298,1992,5,10,0,92,6,285,3459,25.68927,75.702149,1.0,0,0.0,1,0,2,14,4320,92.0,0,5,10.0,1,0.0,Sikh Extremists
46779,2009,7,6,0,92,6,130,896,18.815236,82.712102,3.0,0,0.0,1,0,2,14,1420,92.0,0,9,1.0,0,0.0,Communist Party of India - Maoist (CPI-Maoist)
29447,1992,1,13,0,43,3,271,2099,-33.366238,-70.505302,1.0,0,0.0,1,0,1,1,2808,43.0,0,5,1.0,0,0.0,Manuel Rodriguez Patriotic Front (FPMR)
82744,2017,10,14,0,95,10,36,1699,33.953178,44.206818,1.0,0,0.0,0,1,3,14,27,95.0,0,6,2.0,0,0.0,Islamic State of Iraq and the Levant (ISIL)
4790,1979,3,10,0,69,8,136,24,41.918891,8.737554,4.0,0,1.0,1,0,3,1,1088,69.0,0,6,0.0,1,0.0,Corsican National Liberation Front (FLNC)
17282,1987,5,21,0,183,11,19,137,-26.184113,28.033232,1.0,0,0.0,1,0,3,2,307,183.0,0,6,3.0,1,0.0,African National Congress (South Africa)
69452,2015,8,12,0,209,10,226,1821,37.570354,44.282055,3.0,0,0.0,0,0,3,20,6,209.0,0,6,0.0,0,0.0,Kurdistan Workers' Party (PKK)
63829,2014,11,5,0,60,10,335,2422,30.465985,30.930646,1.0,0,0.0,1,0,3,19,3082,60.0,0,6,4.0,1,0.0,Muslim extremists
83599,2017,12,27,0,4,6,513,3535,31.60063,64.369652,1.0,0,0.0,1,1,3,4,4446,4.0,0,6,1.0,1,0.0,Taliban
43215,2006,8,6,0,209,10,233,1867,38.888447,40.501144,1.0,0,0.0,1,0,3,19,2391,92.0,0,6,0.0,1,0.0,Kurdistan Workers' Party (PKK)
50594,2011,12,5,1,160,5,4,79,7.785306,122.592856,1.0,0,0.0,1,0,6,14,154,14.0,0,5,0.0,0,1.0,Abu Sayyaf Group (ASG)
44033,2007,7,18,0,209,10,226,1818,37.253172,43.612234,1.0,0,0.0,1,0,3,4,2357,209.0,0,6,2.0,-9,0.0,Kurdistan Workers' Party (PKK)
66405,2015,3,17,0,153,6,353,3760,34.102074,71.47802,1.0,0,0.0,1,0,1,1,4608,153.0,0,5,1.0,1,0.0,Tehrik-i-Taliban Pakistan (TTP)
67184,2015,4,26,0,182,11,68,405,2.059819,45.326115,1.0,0,0.0,1,0,2,2,843,182.0,0,5,1.0,0,0.0,Al-Shabaab
39256,2001,8,10,1,45,3,365,2539,9.19974,-73.5433,1.0,0,0.0,1,0,6,1,3220,45.0,0,5,0.0,0,1.0,National Liberation Army of Colombia (ELN)
28290,1991,8,31,0,603,8,49,1615,51.504387,-0.140041,1.0,0,0.0,0,0,7,1,2055,216.0,0,8,0.0,1,0.0,Irish Republican Army (IRA)
38795,2001,1,10,1,160,5,0,5,6.645556,122.101944,1.0,0,0.0,1,0,6,14,111,160.0,0,5,0.0,-9,1.0,Abu Sayyaf Group (ASG)
53394,2012,9,30,0,95,10,33,248,33.303566,44.371773,1.0,0,1.0,1,1,3,3,547,95.0,0,6,2.0,1,0.0,Al-Qaida in Iraq
83369,2017,12,4,0,147,11,113,1367,9.462209,12.030083,3.0,0,0.0,1,0,2,1,1922,147.0,0,5,1.0,1,0.0,Fulani extremists
11783,1984,3,16,0,61,2,159,1196,13.558889,-88.43,1.0,0,0.0,1,0,2,4,1797,61.0,0,5,1.0,1,0.0,Farabundo Marti National Liberation Front (FMLN)
52728,2012,7,25,0,95,10,36,294,34.366667,43.816667,1.0,0,0.0,1,0,2,3,12,95.0,0,5,2.0,0,0.0,Al-Qaida in Iraq
40780,2003,3,26,0,92,6,292,2394,34.153695,74.667536,2.0,0,0.0,1,0,2,14,3060,92.0,0,5,2.0,0,0.0,Muslim extremists
9768,1983,2,5,0,45,3,364,2485,4.667128,-74.106056,1.0,0,0.0,1,0,1,17,3970,45.0,0,5,1.0,0,0.0,Revolutionary Armed Forces of Colombia (FARC)
61232,2014,7,3,0,214,9,146,1110,48.110606,37.48805,1.0,0,0.0,1,0,3,4,20,214.0,0,6,1.0,1,0.0,Donetsk People's Republic
78545,2017,1,18,0,228,10,60,353,13.586484,44.024105,1.0,0,1.0,1,0,3,14,926,228.0,0,6,3.0,1,0.0,Houthi extremists (Ansar Allah)
65839,2015,2,14,0,147,11,114,638,10.304167,11.498889,1.0,0,1.0,1,0,2,2,1223,147.0,0,5,13.0,1,0.0,Boko Haram
60275,2014,5,20,0,113,10,330,2416,32.760422,22.635265,1.0,0,0.0,1,0,2,1,3077,113.0,0,5,0.0,-9,0.0,Muslim extremists
62687,2014,9,9,0,95,10,32,1704,33.391567,43.854069,1.0,0,0.0,1,0,2,4,676,95.0,0,5,2.0,-9,0.0,Islamic State of Iraq and the Levant (ISIL)
24534,1990,3,27,0,159,3,277,2111,-11.967368,-76.978462,1.0,0,0.0,1,0,3,4,4078,159.0,0,5,0.0,1,0.0,Shining Path (SL)
36409,1997,7,20,0,186,6,218,1978,8.577826,81.218719,1.0,1,0.0,1,0,2,2,2512,186.0,0,5,6.0,1,0.0,Liberation Tigers of Tamil Eelam (LTTE)
48946,2010,11,22,0,45,3,360,2517,8.437675,-73.285947,1.0,1,0.0,1,0,3,21,3945,45.0,0,6,0.0,1,0.0,Revolutionary Armed Forces of Colombia (FARC)
66075,2015,2,27,0,214,9,146,1079,48.143208,37.753361,1.0,0,0.0,1,0,3,14,205,214.0,0,6,0.0,-9,0.0,Donetsk People's Republic
66854,2015,4,11,0,92,6,128,877,18.391134,81.659273,3.0,0,0.0,1,0,2,3,1395,92.0,0,5,42.0,0,0.0,Communist Party of India - Maoist (CPI-Maoist)
78383,2017,1,8,1,147,11,113,1376,9.455541,12.152552,2.0,0,1.0,1,0,6,14,27,147.0,0,5,2.0,0,1.0,Fulani extremists
49959,2011,8,13,0,160,5,1,22,6.050458,121.012245,1.0,0,0.0,0,0,3,14,72,160.0,0,6,0.0,0,0.0,Abu Sayyaf Group (ASG)
68866,2015,7,14,0,147,11,110,655,11.763937,12.263129,1.0,0,1.0,1,0,2,14,27,147.0,0,5,0.0,1,0.0,Boko Haram
50662,2011,12,17,0,153,6,353,2465,34.002579,71.382477,1.0,0,0.0,1,0,3,8,4618,153.0,0,6,0.0,1,0.0,Tehrik-i-Taliban Pakistan (TTP)
83031,2017,11,7,0,147,11,118,1345,9.567963,8.731537,3.0,0,0.0,1,0,2,14,812,147.0,0,5,9.0,0,0.0,Fulani extremists
6777,1980,7,2,0,61,2,150,1156,13.69288,-89.199161,1.0,0,1.0,1,0,3,1,321,61.0,0,6,1.0,1,0.0,Farabundo Marti National Liberation Front (FMLN)
80358,2017,5,17,0,160,5,6,2629,6.721638,124.113104,1.0,0,0.0,1,0,3,4,162,160.0,0,6,0.0,-9,0.0,New People's Army (NPA)
16201,1986,9,14,0,145,2,440,2866,11.966667,-85.166667,1.0,0,0.0,1,0,2,4,1762,145.0,0,5,2.0,1,0.0,Nicaraguan Democratic Force (FDN)
51628,2012,4,14,0,4,6,322,3530,34.229213,70.193208,2.0,0,1.0,1,0,2,4,4444,422.0,0,5,0.0,1,0.0,Taliban
30953,1992,8,9,0,92,6,339,3450,30.381945,75.546798,1.0,1,0.0,1,0,2,3,4308,92.0,0,5,14.0,0,0.0,Sikh Extremists
39568,2001,10,8,0,160,5,4,15,6.929089,122.07885,1.0,0,1.0,1,0,3,18,158,160.0,0,6,0.0,1,0.0,Abu Sayyaf Group (ASG)
54762,2013,3,1,0,160,5,397,2686,8.941944,126.187778,1.0,0,0.0,1,0,7,1,3375,160.0,0,5,0.0,1,0.0,New People's Army (NPA)
45720,2008,11,9,0,153,6,534,3819,34.79216,72.284279,1.0,0,0.0,1,0,7,8,4691,153.0,0,8,0.0,1,0.0,Tehrik-i-Taliban Pakistan (TTP)
15366,1986,3,26,0,92,6,339,3430,31.234401,76.505465,1.0,0,0.0,1,0,2,14,27,92.0,0,9,7.0,1,0.0,Sikh Extremists
41119,2003,9,28,0,45,3,471,3236,1.61456,-75.6053,1.0,0,0.0,1,0,3,1,3995,45.0,0,6,11.0,-9,0.0,Revolutionary Armed Forces of Colombia (FARC)
55500,2013,5,21,1,160,5,0,24,6.598449,122.040153,4.0,0,0.0,1,0,6,11,182,160.0,0,5,0.0,0,1.0,Abu Sayyaf Group (ASG)
25459,1990,7,26,0,159,3,277,2111,-11.967368,-76.978462,1.0,0,0.0,1,0,3,2,4797,159.0,0,5,0.0,1,0.0,Tupac Amaru Revolutionary Movement (MRTA)
5215,1979,5,31,0,69,8,137,132,48.856644,2.34233,1.0,0,0.0,1,0,3,1,1563,69.0,0,6,0.0,1,0.0,Corsican National Liberation Front (FLNC)
52117,2012,5,30,0,228,10,52,317,13.219398,45.307838,1.0,1,0.0,1,0,2,4,677,228.0,0,5,25.0,1,0.0,Al-Qaida in the Arabian Peninsula (AQAP)
20492,1988,10,11,0,92,6,339,3398,30.450829,74.882875,1.0,0,0.0,1,0,1,2,4247,92.0,0,5,2.0,0,0.0,Sikh Extremists
68828,2015,7,12,0,182,11,68,405,2.059819,45.326115,1.0,0,0.0,1,0,1,2,888,182.0,0,5,3.0,1,0.0,Al-Shabaab
23688,1989,11,13,0,159,3,476,3344,-9.94069,-76.241065,3.0,0,0.0,0,0,1,3,1654,159.0,0,5,0.0,0,0.0,Shining Path (SL)
51115,2012,2,23,0,95,10,33,248,33.303566,44.371773,1.0,0,1.0,1,0,2,3,20,95.0,0,5,6.0,-9,0.0,Al-Qaida in Iraq
21134,1989,1,12,0,45,3,373,1205,5.675278,-74.899444,2.0,0,0.0,1,0,1,14,3251,45.0,0,5,2.0,0,0.0,National Liberation Army of Colombia (ELN)
10958,1983,10,11,0,183,11,26,213,-24.88171,28.28263,1.0,0,0.0,0,0,3,3,396,183.0,0,6,0.0,1,0.0,African National Congress (South Africa)
83059,2017,11,10,0,228,10,54,343,14.4296,46.151047,1.0,0,0.0,0,0,1,17,687,228.0,0,5,0.0,0,0.0,Al-Qaida in the Arabian Peninsula (AQAP)
73372,2016,3,13,0,147,11,167,1357,7.788031,9.166207,2.0,1,1.0,1,0,2,14,27,147.0,0,5,0.0,1,0.0,Fulani extremists
54130,2012,12,31,0,95,10,38,251,35.45211,44.375465,1.0,0,1.0,1,1,3,4,551,95.0,0,6,4.0,-9,0.0,Al-Qaida in Iraq
57897,2013,12,31,0,228,10,48,310,12.825647,44.846416,1.0,0,1.0,1,1,3,3,524,228.0,0,6,1.0,1,0.0,Al-Qaida in the Arabian Peninsula (AQAP)
69515,2015,8,15,0,209,10,226,1923,37.303442,44.57696,1.0,1,0.0,1,0,2,3,175,209.0,0,5,5.0,0,0.0,Kurdistan Workers' Party (PKK)
47622,2010,2,15,0,182,11,68,405,2.059819,45.326115,1.0,0,0.0,0,1,1,2,848,182.0,0,6,7.0,1,0.0,Al-Shabaab
21348,1989,2,9,0,159,3,277,2111,-11.967368,-76.978462,1.0,0,0.0,1,0,3,1,4773,159.0,0,6,0.0,1,0.0,Tupac Amaru Revolutionary Movement (MRTA)
30103,1992,4,13,0,159,3,536,3850,-12.050934,-77.126044,1.0,0,0.0,1,0,3,3,1106,159.0,0,6,4.0,1,0.0,Tupac Amaru Revolutionary Movement (MRTA)
23788,1989,11,26,0,61,2,150,1156,13.716943,-89.229126,1.0,0,0.0,1,0,2,4,562,61.0,0,5,0.0,1,0.0,Farabundo Marti National Liberation Front (FMLN)
8759,1982,5,14,0,97,10,458,3037,31.771599,35.2034,1.0,0,0.0,0,0,3,16,3785,97.0,0,6,0.0,0,0.0,Palestinians
55099,2013,4,11,0,153,6,468,3792,25.389288,68.357338,1.0,0,0.0,1,0,1,22,4651,153.0,0,5,1.0,0,0.0,Tehrik-i-Taliban Pakistan (TTP)
58174,2014,1,20,0,153,6,339,3737,33.594013,73.069077,1.0,0,0.0,1,1,3,4,48,153.0,0,6,14.0,-9,0.0,Tehrik-i-Taliban Pakistan (TTP)
65311,2015,1,23,0,160,5,4,15,6.929089,122.07885,1.0,0,0.0,1,0,3,1,180,160.0,0,6,2.0,1,0.0,Abu Sayyaf Group (ASG)
80283,2017,5,14,0,147,11,171,1319,9.270173,5.105799,2.0,0,0.0,1,0,2,15,215,147.0,0,5,27.0,-9,0.0,Fulani extremists
83200,2017,11,22,0,228,10,50,325,15.840202,48.45438,1.0,0,0.0,1,0,1,2,685,228.0,0,5,1.0,0,0.0,Al-Qaida in the Arabian Peninsula (AQAP)
24852,1990,5,2,0,43,3,271,2099,-33.366238,-70.505302,1.0,0,0.0,1,0,3,1,2786,43.0,0,6,0.0,1,0.0,Manuel Rodriguez Patriotic Front (FPMR)
69404,2015,8,10,0,228,10,52,1523,13.674095,46.133053,4.0,0,0.0,1,0,1,2,1960,228.0,0,6,5.0,1,0.0,Houthi extremists (Ansar Allah)
81440,2017,7,15,0,14,12,211,1738,-33.934491,151.179691,1.0,0,0.0,0,1,3,6,2306,14.0,0,6,0.0,0,0.0,Islamic State of Iraq and the Levant (ISIL)
62835,2014,9,16,0,209,10,225,1844,37.331264,42.181782,3.0,0,1.0,1,0,7,8,51,209.0,0,8,0.0,1,0.0,Kurdistan Workers' Party (PKK)
72721,2016,2,7,0,147,11,167,1378,7.238651,9.292253,2.0,0,1.0,1,0,2,2,1926,147.0,0,5,4.0,1,0.0,Fulani extremists
48126,2010,5,28,0,153,6,339,3735,31.50547,74.34288,1.0,0,1.0,1,1,5,15,4584,153.0,0,6,28.0,1,1.0,Tehrik-i-Taliban Pakistan (TTP)
6564,1980,4,28,0,185,8,86,562,43.353607,-2.907457,1.0,0,0.0,1,0,1,3,1117,185.0,0,5,1.0,0,0.0,Basque Fatherland and Freedom (ETA)
54069,2012,12,18,0,153,6,353,3725,34.007206,71.983078,1.0,0,0.0,1,0,3,4,4570,153.0,0,6,0.0,-9,0.0,Tehrik-i-Taliban Pakistan (TTP)
61596,2014,7,15,0,147,11,118,1325,9.538302,8.907022,2.0,0,0.0,1,0,2,14,27,147.0,0,5,5.0,0,0.0,Fulani extremists
29212,1991,12,8,0,603,8,49,1657,53.814165,-3.053514,1.0,0,1.0,1,0,7,1,2132,216.0,0,8,0.0,1,0.0,Irish Republican Army (IRA)
56941,2013,9,28,0,147,11,112,709,9.62948,8.531306,1.0,0,0.0,1,0,2,14,27,147.0,0,5,11.0,1,0.0,Boko Haram
25166,1990,6,11,0,186,6,218,2072,9.816667,80.183333,1.0,0,0.0,1,0,2,4,2558,186.0,0,5,0.0,1,0.0,Liberation Tigers of Tamil Eelam (LTTE)
77468,2016,11,10,0,160,5,0,16,6.700414,121.972557,1.0,0,0.0,1,0,3,2,76,160.0,0,6,0.0,1,0.0,Abu Sayyaf Group (ASG)
75441,2016,7,12,0,147,11,167,1307,7.345335,8.74172,2.0,0,1.0,1,0,2,14,13,147.0,0,5,1.0,-9,0.0,Fulani extremists
37440,1999,6,18,0,69,8,136,1030,42.567651,8.757222,1.0,0,0.0,1,0,3,1,1626,999.0,0,6,0.0,1,0.0,Corsican National Liberation Front (FLNC)
3426,1977,8,6,0,603,8,190,1609,54.607712,-5.95621,1.0,0,1.0,1,0,7,1,2057,216.0,0,8,0.0,1,0.0,Irish Republican Army (IRA)
73142,2016,3,1,0,182,11,82,443,5.196882,47.836901,2.0,0,1.0,1,0,2,14,27,182.0,0,6,5.0,0,0.0,Al-Shabaab
64602,2014,12,21,0,214,9,146,1081,48.064426,37.673248,1.0,0,0.0,1,0,2,4,48,214.0,0,6,0.0,-9,0.0,Donetsk People's Republic
51474,2012,3,30,0,160,5,5,2674,6.809045,125.192555,1.0,0,0.0,1,0,7,1,112,44.0,0,8,0.0,1,0.0,New People's Army (NPA)
18756,1988,1,16,0,92,6,339,3461,31.534899,75.910571,3.0,0,0.0,1,0,2,3,1873,92.0,0,5,1.0,1,0.0,Sikh Extremists
12310,1984,6,8,0,43,3,270,2101,-33.010693,-71.527794,1.0,0,0.0,1,0,5,10,2769,43.0,0,5,1.0,1,1.0,Manuel Rodriguez Patriotic Front (FPMR)
69482,2015,8,14,0,95,10,38,1776,35.326885,44.244495,1.0,0,0.0,1,0,3,14,1272,95.0,0,6,4.0,1,0.0,Islamic State of Iraq and the Levant (ISIL)
31369,1992,9,27,0,209,10,227,1842,38.405134,42.109333,1.0,1,0.0,1,0,2,4,162,209.0,0,5,11.0,1,0.0,Kurdistan Workers' Party (PKK)
67667,2015,5,16,0,228,10,48,310,12.825647,44.846416,1.0,0,0.0,1,0,7,22,524,228.0,0,5,0.0,1,0.0,Houthi extremists (Ansar Allah)
5309,1979,6,19,0,603,8,190,1609,54.607712,-5.95621,1.0,0,0.0,1,0,7,1,2143,233.0,0,8,0.0,1,0.0,Irish Republican Army (IRA)
39402,2001,8,23,0,45,3,363,2491,6.242026,-75.564766,1.0,0,1.0,1,0,3,1,3234,45.0,0,6,0.0,1,0.0,National Liberation Army of Colombia (ELN)
20664,1988,11,10,0,159,3,479,3355,-16.099091,-70.278122,2.0,0,0.0,1,0,1,2,4180,159.0,0,5,1.0,0,0.0,Shining Path (SL)
48850,2010,11,2,0,95,10,33,248,33.303566,44.371773,1.0,0,1.0,1,0,3,1,496,95.0,0,6,1.0,1,0.0,Al-Qaida in Iraq
12816,1984,9,22,0,145,2,438,2950,13.362156,-86.39801,3.0,1,0.0,1,0,2,4,1762,145.0,0,5,6.0,1,0.0,Nicaraguan Democratic Force (FDN)
81767,2017,8,5,0,123,11,169,1286,15.329201,-0.001457,2.0,0,0.0,1,0,6,14,27,123.0,0,5,4.0,0,1.0,Fulani extremists
26474,1991,1,4,0,603,8,190,1609,54.607712,-5.95621,1.0,0,1.0,1,0,7,1,947,233.0,0,8,0.0,1,0.0,Irish Republican Army (IRA)
45032,2008,6,8,0,92,6,128,794,21.19,81.28,1.0,1,0.0,1,0,3,3,1305,92.0,0,6,3.0,0,0.0,Communist Party of India - Maoist (CPI-Maoist)
46911,2009,7,30,0,4,6,528,3652,36.911389,66.185833,2.0,1,0.0,1,0,3,14,13,4.0,0,6,4.0,-9,0.0,Taliban
30765,1992,7,20,0,159,3,277,2111,-11.967368,-76.978462,1.0,0,0.0,1,0,3,14,4147,159.0,0,6,3.0,1,0.0,Shining Path (SL)
53401,2012,9,30,0,95,10,37,274,35.99353,43.21973,1.0,0,1.0,1,0,2,2,522,95.0,0,5,0.0,1,0.0,Al-Qaida in Iraq
73763,2016,4,9,0,4,6,506,3526,34.516895,69.147011,1.0,0,0.0,1,0,3,7,4490,4.0,0,6,0.0,1,0.0,Taliban
12234,1984,5,16,0,145,2,451,2915,11.01844,-84.39811,1.0,0,0.0,1,0,2,1,3562,145.0,0,5,16.0,1,0.0,Nicaraguan Democratic Force (FDN)
41449,2004,6,16,0,141,6,261,2263,27.970028,83.14344,1.0,0,0.0,1,0,2,3,2949,141.0,0,5,2.0,0,0.0,Maoists
4863,1979,3,23,0,97,10,458,3037,31.771599,35.2034,1.0,0,0.0,1,0,3,14,3776,97.0,0,6,1.0,1,0.0,Palestinians
25120,1990,6,6,0,159,3,277,2111,-11.967368,-76.978462,1.0,0,1.0,1,0,3,14,4159,159.0,0,6,0.0,1,0.0,Shining Path (SL)
58654,2014,2,20,0,153,6,468,3124,24.891115,67.143311,1.0,0,0.0,0,0,3,22,4575,153.0,0,6,0.0,0,0.0,Tehrik-i-Taliban Pakistan (TTP)
27764,1991,7,9,0,159,3,475,3316,-12.068306,-75.210163,3.0,0,0.0,1,0,1,2,4120,159.0,0,5,1.0,0,0.0,Shining Path (SL)
67197,2015,4,26,0,214,9,146,1079,48.143208,37.753361,1.0,1,1.0,1,0,3,4,1698,214.0,0,6,0.0,-9,0.0,Donetsk People's Republic
76826,2016,10,4,0,123,11,299,24,16.77532,-3.008265,4.0,0,0.0,1,0,2,4,497,123.0,0,5,1.0,0,0.0,Muslim extremists
23737,1989,11,18,0,155,10,327,1474,31.502407,34.459743,1.0,0,0.0,1,0,1,14,3750,155.0,0,9,1.0,0,0.0,Palestinians
2650,1976,4,8,0,603,8,190,1621,54.596939,-7.050618,1.0,0,0.0,1,0,1,3,2068,233.0,0,5,1.0,0,0.0,Irish Republican Army (IRA)
5822,1979,11,9,0,97,10,460,3040,32.08297,34.811886,1.0,0,0.0,1,0,3,14,3751,97.0,0,6,1.0,1,0.0,Palestinians
68102,2015,6,6,0,173,10,188,1570,18.314753,42.725163,1.0,0,0.0,0,0,3,4,2009,173.0,0,6,0.0,0,0.0,Houthi extremists (Ansar Allah)
41019,2003,7,14,0,69,8,136,1024,42.699997,9.447317,1.0,0,1.0,1,0,3,2,1609,69.0,0,6,0.0,1,0.0,Corsican National Liberation Front (FLNC)
26116,1990,11,6,0,155,10,456,3053,32.460617,35.301247,1.0,1,0.0,1,0,1,3,3675,155.0,0,5,1.0,0,0.0,Palestinians
63917,2014,11,11,0,228,10,50,312,15.840556,48.455556,3.0,0,0.0,1,0,3,4,637,228.0,0,6,3.0,1,0.0,Al-Qaida in the Arabian Peninsula (AQAP)
82798,2017,10,18,0,153,6,427,3800,32.961378,70.454954,1.0,1,0.0,1,0,3,4,559,153.0,0,6,2.0,1,0.0,Tehrik-i-Taliban Pakistan (TTP)
53214,2012,9,9,0,95,10,34,250,33.74324,44.623825,1.0,0,1.0,1,0,3,14,13,95.0,0,6,1.0,0,0.0,Al-Qaida in Iraq
24994,1990,5,23,0,45,3,377,2573,2.85,-76.316667,2.0,0,0.0,1,0,2,4,3262,45.0,0,5,1.0,1,0.0,National Liberation Army of Colombia (ELN)
51742,2012,4,21,0,92,6,131,2221,18.933338,83.257291,1.0,0,0.0,1,0,7,16,2676,92.0,0,8,0.0,1,0.0,Maoists
54131,2012,12,31,0,95,10,38,251,35.45211,44.375465,1.0,0,1.0,1,0,2,4,92,95.0,0,5,2.0,0,0.0,Al-Qaida in Iraq
18225,1987,10,7,0,92,6,339,24,31.147131,75.341218,4.0,0,1.0,1,0,1,14,4260,92.0,0,5,1.0,0,0.0,Sikh Extremists
30292,1992,5,10,0,45,3,363,2491,6.242026,-75.564766,1.0,0,0.0,1,0,3,1,3861,198.0,0,6,0.0,1,0.0,Revolutionary Armed Forces of Colombia (FARC)
62686,2014,9,9,0,95,10,37,255,36.354145,43.14357,1.0,0,0.0,1,0,2,14,2326,95.0,0,5,1.0,0,0.0,Islamic State of Iraq and the Levant (ISIL)
43212,2006,8,5,0,186,6,218,1972,8.457907,81.268402,1.0,0,0.0,1,0,2,14,2581,186.0,0,5,100.0,-9,0.0,Liberation Tigers of Tamil Eelam (LTTE)
19433,1988,5,1,0,69,8,136,1020,42.016854,9.403982,1.0,0,1.0,1,0,3,1,1553,69.0,0,6,0.0,1,0.0,Corsican National Liberation Front (FLNC)
83310,2017,11,30,0,173,10,188,1554,18.314753,42.725163,1.0,0,0.0,0,0,3,20,6,173.0,0,6,0.0,0,0.0,Houthi extremists (Ansar Allah)
36822,1998,3,5,0,160,5,0,16,6.681959,121.985477,1.0,0,0.0,1,0,3,3,103,160.0,0,6,0.0,1,0.0,Abu Sayyaf Group (ASG)
78555,2017,1,19,0,92,6,128,826,18.391012,81.656929,1.0,0,0.0,1,0,2,14,1337,92.0,0,9,1.0,0,0.0,Communist Party of India - Maoist (CPI-Maoist)
76427,2016,9,12,0,45,3,371,24,5.800014,-72.196155,4.0,0,0.0,1,0,7,19,56,45.0,0,8,0.0,1,0.0,National Liberation Army of Colombia (ELN)
54258,2013,1,13,0,92,6,134,2239,20.244683,80.282758,1.0,1,0.0,1,0,7,1,1391,92.0,0,8,0.0,1,0.0,Maoists
73061,2016,2,25,1,4,6,516,3594,36.041875,65.014133,2.0,0,0.0,1,0,6,14,13,4.0,0,5,2.0,0,1.0,Taliban
30631,1992,7,2,0,603,8,190,1613,54.347539,-6.656108,1.0,0,0.0,1,0,1,14,2152,233.0,0,5,1.0,0,0.0,Irish Republican Army (IRA)
9523,1982,12,18,0,183,11,25,162,-33.941849,18.41964,1.0,0,0.0,1,0,3,21,339,183.0,0,6,0.0,1,0.0,African National Congress (South Africa)
67178,2015,4,26,0,147,11,167,1366,7.267985,9.298841,1.0,0,1.0,1,0,2,14,27,147.0,0,5,4.0,0,0.0,Fulani extremists
64656,2014,12,23,0,228,10,53,315,15.325443,44.211895,1.0,0,0.0,1,0,3,14,643,228.0,0,6,0.0,1,0.0,Al-Qaida in the Arabian Peninsula (AQAP)
54925,2013,3,21,0,4,6,519,24,34.857764,63.485656,4.0,0,0.0,1,0,2,3,20,4.0,0,5,5.0,0,0.0,Taliban
17891,1987,8,20,1,159,3,484,3345,-12.805587,-74.389904,1.0,0,0.0,1,0,6,14,4163,159.0,0,5,1.0,0,1.0,Shining Path (SL)
48088,2010,5,21,0,160,5,0,39,6.599405,121.904057,1.0,0,0.0,1,0,6,14,146,160.0,0,5,1.0,0,1.0,Abu Sayyaf Group (ASG)
27694,1991,7,4,0,45,3,375,2523,5.45394,-73.36205,1.0,0,0.0,1,0,1,2,3201,45.0,0,5,1.0,0,0.0,National Liberation Army of Colombia (ELN)
54807,2013,3,8,0,147,11,108,619,11.840929,13.141459,1.0,0,1.0,1,0,3,20,6,147.0,0,6,0.0,-9,0.0,Boko Haram
7205,1980,12,29,0,97,10,265,2410,31.670221,34.576403,2.0,1,0.0,1,0,3,4,3723,97.0,0,6,0.0,0,0.0,Palestinians
42494,2005,11,9,0,102,10,43,267,31.950001,35.933331,1.0,0,1.0,1,1,3,1,510,999.0,0,6,20.0,1,0.0,Al-Qaida in Iraq
68048,2015,6,3,0,4,6,509,3625,32.163699,61.884839,1.0,0,0.0,0,0,2,7,162,422.0,0,5,6.0,-9,0.0,Taliban
25676,1990,8,21,0,61,2,150,1156,13.69288,-89.199161,1.0,0,0.0,1,0,2,4,1794,61.0,0,5,0.0,1,0.0,Farabundo Marti National Liberation Front (FMLN)
31900,1992,11,24,0,110,10,461,3062,33.246259,35.5001,1.0,1,0.0,1,0,3,4,562,97.0,0,6,0.0,1,0.0,Palestinians
23321,1989,10,7,0,185,8,86,518,43.291618,-1.977903,1.0,0,0.0,1,0,1,3,1064,185.0,0,5,1.0,0,0.0,Basque Fatherland and Freedom (ETA)
11149,1983,11,19,0,61,2,149,1225,13.496216,-87.825074,1.0,0,0.0,1,0,2,4,1772,61.0,0,5,1.0,1,0.0,Farabundo Marti National Liberation Front (FMLN)
70871,2015,10,25,0,228,10,60,353,13.586484,44.024105,1.0,0,1.0,1,0,3,1,542,228.0,0,6,3.0,1,0.0,Houthi extremists (Ansar Allah)
12572,1984,8,5,0,21,8,97,542,51.219062,4.40289,1.0,0,0.0,1,0,3,2,995,21.0,0,6,0.0,1,0.0,Basque Fatherland and Freedom (ETA)
55540,2013,5,25,1,92,6,128,859,18.865511,81.874222,1.0,0,0.0,1,0,1,17,1372,92.0,0,6,17.0,0,1.0,Communist Party of India - Maoist (CPI-Maoist)
62636,2014,9,7,0,214,9,146,1075,47.117252,37.572659,1.0,0,0.0,1,0,2,14,1150,214.0,0,5,2.0,1,0.0,Donetsk People's Republic
58305,2014,1,28,0,92,6,128,2245,19.233219,80.719896,1.0,1,0.0,1,0,2,17,2937,92.0,0,5,1.0,0,0.0,Maoists
83182,2017,11,20,1,92,6,126,2273,25.05455,83.677393,3.0,0,0.0,1,0,6,2,2957,92.0,0,5,1.0,0,1.0,Maoists
44386,2007,11,29,0,186,6,261,1974,6.941837,79.861687,1.0,0,0.0,1,0,3,1,2606,186.0,0,6,17.0,-9,0.0,Liberation Tigers of Tamil Eelam (LTTE)
47063,2009,9,2,0,4,6,525,3582,34.674866,70.21344,1.0,0,0.0,1,1,3,15,4517,4.0,0,6,19.0,1,0.0,Taliban
65731,2015,2,10,0,214,9,146,1092,48.730804,37.574596,1.0,0,1.0,1,0,3,14,1288,214.0,0,6,3.0,1,0.0,Donetsk People's Republic
17228,1987,5,10,0,45,3,379,2553,4.72288,-76.11931,1.0,0,0.0,1,0,2,14,3237,45.0,0,5,1.0,1,1.0,National Liberation Army of Colombia (ELN)
35063,1996,2,11,0,186,6,262,1989,8.349393,81.285949,1.0,0,0.0,1,0,2,4,2067,186.0,0,5,3.0,1,0.0,Liberation Tigers of Tamil Eelam (LTTE)
31952,1992,12,3,0,69,8,136,24,41.918891,8.737554,4.0,0,1.0,1,0,3,2,560,69.0,0,6,0.0,1,0.0,Corsican National Liberation Front (FLNC)
26844,1991,3,1,0,61,2,148,1183,13.99,-88.758,1.0,0,0.0,1,0,2,21,1780,61.0,0,5,23.0,1,0.0,Farabundo Marti National Liberation Front (FMLN)
60680,2014,6,7,0,37,11,117,644,10.93119,13.739053,1.0,0,0.0,1,0,2,14,27,37.0,0,5,2.0,1,0.0,Boko Haram
31948,1992,12,3,0,69,8,136,24,41.918891,8.737554,4.0,0,1.0,1,0,3,2,560,69.0,0,6,0.0,1,0.0,Corsican National Liberation Front (FLNC)
22514,1989,7,16,0,45,3,363,2546,6.153669,-75.37416,1.0,0,0.0,1,0,2,4,562,45.0,0,5,0.0,1,0.0,National Liberation Army of Colombia (ELN)
12094,1984,4,23,0,145,2,436,2847,13.45396,-85.64027,1.0,0,0.0,1,0,2,4,1762,145.0,0,5,0.0,1,0.0,Nicaraguan Democratic Force (FDN)
16853,1987,3,6,0,159,3,277,2111,-11.967368,-76.978462,1.0,0,1.0,1,0,3,1,4760,159.0,0,6,0.0,1,0.0,Tupac Amaru Revolutionary Movement (MRTA)
74807,2016,6,7,0,95,10,37,1750,35.758367,43.12946,1.0,1,1.0,1,1,3,4,1982,95.0,0,6,23.0,0,0.0,Islamic State of Iraq and the Levant (ISIL)
35026,1996,1,22,0,186,6,264,2038,7.883333,80.4,2.0,0,0.0,1,0,3,14,27,186.0,0,6,22.0,1,0.0,Liberation Tigers of Tamil Eelam (LTTE)
80411,2017,5,19,0,92,6,128,2175,18.673653,80.987938,1.0,0,0.0,1,0,7,1,1464,92.0,0,5,0.0,1,0.0,Maoists
40881,2003,5,10,0,69,8,136,1059,41.846517,8.760627,1.0,0,0.0,1,0,3,1,1636,69.0,0,6,0.0,1,0.0,Corsican National Liberation Front (FLNC)
14907,1985,12,13,0,183,11,26,163,-22.351154,30.039773,1.0,0,0.0,1,0,3,4,306,183.0,0,6,0.0,1,0.0,African National Congress (South Africa)
47668,2010,2,23,0,92,6,126,803,24.749905,84.370896,2.0,1,1.0,1,0,7,1,1314,92.0,0,8,0.0,1,0.0,Communist Party of India - Maoist (CPI-Maoist)
44985,2008,5,30,0,4,6,511,3533,32.100204,66.901016,1.0,0,0.0,1,0,2,2,4495,4.0,0,5,2.0,-9,0.0,Taliban
57708,2013,12,14,0,160,5,0,16,6.700414,121.972557,1.0,0,0.0,1,0,3,2,163,160.0,0,6,0.0,1,0.0,Abu Sayyaf Group (ASG)
16506,1986,12,14,0,43,3,271,2099,-33.366238,-70.505302,1.0,0,0.0,1,0,3,14,2762,43.0,0,6,1.0,1,0.0,Manuel Rodriguez Patriotic Front (FPMR)
49482,2011,4,4,0,92,6,129,884,22.451393,86.992203,1.0,1,0.0,1,0,2,2,1405,92.0,0,9,1.0,-9,0.0,Communist Party of India - Maoist (CPI-Maoist)
42067,2005,5,30,0,95,10,42,265,32.469238,44.416637,1.0,0,0.0,1,1,3,3,507,95.0,0,6,34.0,-9,0.0,Al-Qaida in Iraq
75683,2016,7,29,0,182,11,74,431,4.73538,45.2024,1.0,1,0.0,1,0,2,4,48,182.0,0,5,2.0,0,0.0,Al-Shabaab
57849,2013,12,26,0,182,11,70,408,-0.357847,42.54665,1.0,0,0.0,1,0,3,4,162,182.0,0,6,1.0,-9,0.0,Al-Shabaab
66723,2015,4,3,0,160,5,405,2696,12.159882,124.865646,1.0,0,0.0,1,0,2,4,3382,160.0,0,5,1.0,0,0.0,New People's Army (NPA)
9871,1983,3,1,0,110,10,463,3079,33.855009,35.58621,1.0,0,0.0,1,0,3,4,3721,97.0,0,6,0.0,1,0.0,Palestinians
62655,2014,9,9,0,147,11,124,1311,12.275292,6.929635,1.0,0,1.0,1,0,6,14,27,147.0,0,5,2.0,1,1.0,Fulani extremists
8472,1982,3,14,0,45,3,363,2577,6.17346,-75.59278,1.0,0,0.0,1,0,2,3,3930,45.0,0,5,1.0,1,0.0,Revolutionary Armed Forces of Colombia (FARC)
45646,2008,10,22,0,92,6,129,806,22.404193,87.379866,3.0,0,0.0,1,0,3,14,1338,92.0,0,6,3.0,1,0.0,Communist Party of India - Maoist (CPI-Maoist)
2516,1976,1,7,0,603,8,190,1609,54.607712,-5.95621,1.0,0,0.0,1,0,1,14,2197,233.0,0,5,1.0,0,0.0,Irish Republican Army (IRA)
15312,1986,3,18,0,43,3,272,2103,-36.816006,-73.037659,1.0,0,0.0,1,0,3,19,2749,43.0,0,6,0.0,1,0.0,Manuel Rodriguez Patriotic Front (FPMR)
56141,2013,7,22,0,147,11,121,684,10.99967,10.408503,1.0,0,0.0,1,0,2,3,92,147.0,0,5,1.0,-9,0.0,Boko Haram
28349,1991,9,8,0,61,2,159,1205,13.49446,-88.530343,1.0,0,0.0,1,0,2,14,1806,61.0,0,5,5.0,1,0.0,Farabundo Marti National Liberation Front (FMLN)
63740,2014,11,1,1,228,10,56,331,14.030833,43.627778,3.0,0,0.0,1,0,6,4,524,228.0,0,5,16.0,1,1.0,Al-Qaida in the Arabian Peninsula (AQAP)
66006,2015,2,24,1,228,10,53,315,15.325443,44.211895,1.0,0,0.0,1,0,6,7,1994,422.0,0,5,0.0,0,1.0,Houthi extremists (Ansar Allah)
76070,2016,8,21,0,209,10,215,1836,37.23301,39.75998,3.0,0,0.0,1,0,3,4,559,209.0,0,6,1.0,1,0.0,Kurdistan Workers' Party (PKK)
4963,1979,4,11,0,69,8,137,132,48.856644,2.34233,1.0,0,1.0,1,0,3,1,766,69.0,0,6,1.0,1,0.0,Corsican National Liberation Front (FLNC)
12489,1984,7,16,0,159,3,277,2111,-11.967368,-76.978462,1.0,0,0.0,1,0,3,1,2132,159.0,0,6,0.0,1,0.0,Shining Path (SL)
20205,1988,8,25,0,92,6,339,3449,31.448943,74.925262,1.0,0,0.0,1,0,1,1,1943,92.0,0,5,1.0,0,0.0,Sikh Extremists
60078,2014,5,10,0,4,6,510,3635,37.02524,69.17459,2.0,1,1.0,1,0,2,3,172,4.0,0,5,5.0,-9,0.0,Taliban
79435,2017,3,17,0,95,10,36,1765,35.595943,43.24268,1.0,0,1.0,1,0,3,14,1288,95.0,0,6,1.0,-9,0.0,Islamic State of Iraq and the Levant (ISIL)
40831,2003,4,18,0,45,3,382,3152,3.538611,-74.896111,1.0,0,0.0,1,0,2,4,3883,45.0,0,5,3.0,0,0.0,Revolutionary Armed Forces of Colombia (FARC)
67941,2015,5,29,0,214,9,146,1078,48.363186,37.891922,1.0,1,0.0,1,0,3,4,48,214.0,0,6,0.0,-9,0.0,Donetsk People's Republic
12089,1984,4,23,0,603,8,190,1610,55.011562,-7.312045,1.0,0,0.0,1,0,2,4,2092,233.0,0,5,1.0,1,0.0,Irish Republican Army (IRA)
13510,1985,3,18,0,145,2,444,2920,12.984322,-86.963095,1.0,0,0.0,1,0,2,4,1762,145.0,0,5,1.0,1,0.0,Nicaraguan Democratic Force (FDN)
79422,2017,3,16,0,92,6,128,910,20.554488,81.384601,1.0,1,0.0,0,0,3,3,12,92.0,0,6,2.0,0,0.0,Communist Party of India - Maoist (CPI-Maoist)
83240,2017,11,25,0,153,6,334,2421,30.200819,66.994354,1.0,0,0.0,1,1,3,4,559,153.0,0,6,7.0,1,0.0,Tehrik-i-Taliban Pakistan (TTP)
16366,1986,10,31,0,183,11,18,133,-29.965819,30.882976,1.0,0,0.0,1,0,3,3,275,183.0,0,6,1.0,0,0.0,African National Congress (South Africa)
11551,1984,2,8,0,185,8,94,534,42.815372,-1.653616,1.0,0,0.0,1,0,7,19,1009,69.0,0,8,0.0,1,0.0,Basque Fatherland and Freedom (ETA)
33511,1994,10,8,0,45,3,364,2485,4.667128,-74.106056,1.0,0,1.0,1,0,2,3,3256,45.0,0,6,0.0,1,0.0,National Liberation Army of Colombia (ELN)
51574,2012,4,9,0,147,11,108,729,12.041981,13.917299,1.0,0,1.0,1,0,2,15,1211,147.0,0,5,2.0,1,0.0,Boko Haram
17641,1987,7,16,0,92,6,287,3397,25.47283,82.570528,1.0,0,0.0,1,0,1,2,4246,92.0,0,5,3.0,0,0.0,Sikh Extremists
62025,2014,8,3,0,147,11,112,1433,10.044406,7.993349,1.0,0,0.0,1,0,2,15,1208,147.0,0,5,1.0,1,0.0,Fulani extremists
15431,1986,4,3,0,159,3,277,2111,-11.967368,-76.978462,1.0,0,0.0,1,0,3,1,4795,217.0,0,6,1.0,1,0.0,Tupac Amaru Revolutionary Movement (MRTA)
75366,2016,7,8,0,95,10,36,1744,35.415855,43.114769,1.0,0,0.0,1,1,3,4,2328,95.0,0,6,1.0,-9,0.0,Islamic State of Iraq and the Levant (ISIL)
31211,1992,9,10,0,97,10,458,3037,31.771599,35.2034,1.0,0,0.0,1,0,8,19,56,97.0,0,9,0.0,1,0.0,Palestinians
75190,2016,6,27,0,147,11,167,1404,7.531944,9.391295,1.0,0,1.0,1,0,2,14,27,147.0,0,5,1.0,0,0.0,Fulani extremists
7519,1981,4,2,0,61,2,150,1156,13.69288,-89.199161,1.0,0,0.0,1,0,3,1,1815,61.0,0,6,1.0,1,0.0,Farabundo Marti National Liberation Front (FMLN)
66864,2015,4,11,0,228,10,48,310,12.825647,44.846416,1.0,0,1.0,1,0,2,14,13,228.0,0,5,2.0,0,0.0,Houthi extremists (Ansar Allah)
67540,2015,5,12,0,4,6,523,3595,33.306127,62.156823,3.0,0,1.0,1,0,2,4,172,4.0,0,5,7.0,-9,0.0,Taliban
5225,1979,5,31,0,69,8,137,132,48.856644,2.34233,1.0,0,0.0,1,0,3,14,1586,69.0,0,6,0.0,1,0.0,Corsican National Liberation Front (FLNC)
49179,2011,1,18,0,95,10,36,273,34.621521,43.668377,1.0,0,0.0,1,1,3,3,557,95.0,0,6,61.0,1,0.0,Al-Qaida in Iraq
42032,2005,5,19,0,45,3,361,3230,5.26541,-76.55651,1.0,1,0.0,1,0,2,3,3984,45.0,0,5,10.0,-9,0.0,Revolutionary Armed Forces of Colombia (FARC)
56065,2013,7,17,0,45,3,362,3143,2.47611,-78.1169,3.0,0,0.0,1,0,3,3,175,45.0,0,6,0.0,1,0.0,Revolutionary Armed Forces of Colombia (FARC)
38118,2000,6,4,0,185,8,86,545,43.169068,-2.632655,1.0,0,0.0,1,0,1,2,1109,185.0,0,5,1.0,0,0.0,Basque Fatherland and Freedom (ETA)
56627,2013,8,31,1,45,3,369,2503,6.953691,-71.878846,1.0,0,0.0,1,0,6,3,3167,45.0,0,5,1.0,0,1.0,National Liberation Army of Colombia (ELN)
789,1971,12,4,0,603,8,190,1609,54.607712,-5.95621,1.0,0,0.0,1,0,1,4,2046,216.0,0,5,1.0,0,0.0,Irish Republican Army (IRA)
54670,2013,2,19,0,92,6,132,2254,15.697725,79.794251,1.0,1,0.0,1,0,2,14,13,92.0,0,5,3.0,0,0.0,Maoists
66007,2015,2,24,0,228,10,182,1549,15.316891,44.474802,4.0,0,0.0,1,0,3,4,1990,228.0,0,6,10.0,1,0.0,Houthi extremists (Ansar Allah)
52636,2012,7,20,0,45,3,360,24,7.946283,-72.898807,4.0,0,0.0,0,0,3,1,3888,45.0,0,6,0.0,1,0.0,Revolutionary Armed Forces of Colombia (FARC)
5222,1979,5,31,0,69,8,137,132,48.856644,2.34233,1.0,0,0.0,1,0,3,14,1565,69.0,0,6,0.0,1,0.0,Corsican National Liberation Front (FLNC)
11164,1983,11,22,0,183,11,18,138,-29.861824,31.008293,1.0,0,0.0,1,0,3,21,363,183.0,0,6,0.0,1,0.0,African National Congress (South Africa)
63462,2014,10,15,0,214,9,146,1094,47.460209,37.86647,1.0,0,0.0,1,0,3,4,48,214.0,0,6,0.0,0,0.0,Donetsk People's Republic
19683,1988,6,2,0,45,3,369,24,6.547306,-71.002231,4.0,0,1.0,1,0,3,21,3232,45.0,0,6,0.0,1,0.0,National Liberation Army of Colombia (ELN)
67386,2015,5,5,0,95,10,33,248,33.303566,44.371773,1.0,0,0.0,1,0,3,1,587,95.0,0,6,4.0,1,0.0,Islamic State of Iraq and the Levant (ISIL)
55513,2013,5,22,0,45,3,368,3147,2.998611,-75.304444,1.0,0,0.0,1,0,3,3,12,45.0,0,6,0.0,1,0.0,Revolutionary Armed Forces of Colombia (FARC)
17768,1987,7,30,0,183,11,19,137,-26.184113,28.033232,1.0,0,0.0,1,0,3,4,277,183.0,0,6,1.0,1,0.0,African National Congress (South Africa)
19974,1988,7,17,0,45,3,363,2491,6.242026,-75.564766,1.0,0,0.0,1,0,2,15,3214,45.0,0,5,1.0,1,0.0,National Liberation Army of Colombia (ELN)
59796,2014,4,24,0,228,10,50,340,15.914915,48.650745,1.0,0,0.0,1,0,2,3,93,228.0,0,6,2.0,1,0.0,Al-Qaida in the Arabian Peninsula (AQAP)
76977,2016,10,13,0,200,10,199,2349,36.201721,37.14352,1.0,0,0.0,1,0,3,8,51,200.0,0,6,4.0,1,0.0,Muslim extremists
60367,2014,5,23,1,147,11,110,618,11.247069,12.01246,1.0,0,1.0,1,0,6,1,1244,147.0,0,5,1.0,1,1.0,Boko Haram
32473,1994,2,18,0,69,8,142,1041,44.517611,3.501873,1.0,0,0.0,1,0,3,2,1597,69.0,0,6,0.0,1,0.0,Corsican National Liberation Front (FLNC)
26149,1990,11,12,0,160,5,386,2644,15.602634,121.051438,1.0,0,0.0,1,0,2,2,3345,160.0,0,5,3.0,1,0.0,New People's Army (NPA)
29869,1992,3,17,0,92,6,287,3455,28.367035,79.430438,1.0,0,0.0,0,0,3,1,4314,92.0,0,6,2.0,1,0.0,Sikh Extremists
31283,1992,9,18,0,183,11,20,202,-32.949255,27.734962,1.0,0,0.0,1,0,2,1,401,183.0,0,5,1.0,1,0.0,African National Congress (South Africa)
51237,2012,3,3,0,92,6,131,875,20.8167,82.5333,2.0,0,0.0,1,0,7,1,1391,92.0,0,8,0.0,1,0.0,Communist Party of India - Maoist (CPI-Maoist)
19394,1988,4,25,0,61,2,158,1236,13.916667,-88.233333,1.0,0,0.0,1,0,2,4,1849,61.0,0,5,2.0,1,0.0,Farabundo Marti National Liberation Front (FMLN)
77017,2016,10,15,0,160,5,0,0,6.482905,122.015549,3.0,0,0.0,1,0,2,4,0,160.0,0,5,0.0,-9,0.0,Abu Sayyaf Group (ASG)
21904,1989,4,14,0,43,3,272,2108,-36.748146,-73.11232,1.0,0,0.0,1,0,2,3,2715,43.0,0,5,0.0,1,0.0,Manuel Rodriguez Patriotic Front (FPMR)
82926,2017,10,28,0,209,10,205,1717,41.106178,28.689863,1.0,0,0.0,0,1,3,1,2038,209.0,0,6,0.0,0,0.0,Islamic State of Iraq and the Levant (ISIL)
3919,1978,2,28,0,185,8,88,578,43.297222,-2.991667,1.0,0,0.0,1,0,3,19,1084,185.0,0,6,0.0,1,0.0,Basque Fatherland and Freedom (ETA)
67828,2015,5,24,0,214,9,146,1077,47.098835,37.81987,1.0,0,0.0,1,0,2,4,1698,214.0,0,6,1.0,-9,0.0,Donetsk People's Republic
38631,2000,11,25,0,160,5,397,2687,9.02025,126.23322,1.0,0,0.0,1,0,2,1,3416,160.0,0,5,0.0,-9,0.0,New People's Army (NPA)
23154,1989,9,23,0,159,3,277,2111,-11.967368,-76.978462,1.0,0,0.0,1,0,2,10,4763,69.0,0,5,0.0,1,0.0,Tupac Amaru Revolutionary Movement (MRTA)
50100,2011,9,24,0,228,10,48,360,12.870799,45.046499,3.0,0,0.0,1,0,3,4,726,228.0,0,6,0.0,1,0.0,Al-Qaida in the Arabian Peninsula (AQAP)
24028,1990,1,7,0,69,8,136,1027,41.366667,9.266843,1.0,0,1.0,1,0,3,1,512,69.0,0,6,0.0,1,0.0,Corsican National Liberation Front (FLNC)
68395,2015,6,20,0,92,6,128,873,18.340368,81.18164,1.0,1,0.0,1,0,2,3,2885,92.0,0,5,1.0,0,0.0,Maoists
76665,2016,9,23,0,153,6,427,3728,34.741835,71.183722,1.0,0,1.0,0,0,2,4,2901,153.0,0,5,0.0,0,0.0,Tehrik-i-Taliban Pakistan (TTP)
12821,1984,9,23,0,145,2,439,2918,13.45504,-86.405758,1.0,0,0.0,1,0,3,9,3564,145.0,0,6,1.0,1,0.0,Nicaraguan Democratic Force (FDN)
14152,1985,7,1,0,69,8,136,24,41.918891,8.737554,4.0,0,1.0,1,0,3,3,1579,69.0,0,6,0.0,1,0.0,Corsican National Liberation Front (FLNC)
29723,1992,2,20,0,186,6,218,1977,7.301756,81.67473,3.0,0,0.0,1,0,1,14,2543,186.0,0,5,3.0,0,0.0,Liberation Tigers of Tamil Eelam (LTTE)
54960,2013,3,25,0,147,11,110,688,10.897831,11.608189,1.0,0,1.0,1,0,2,3,175,147.0,0,6,1.0,1,0.0,Boko Haram
16834,1987,3,1,0,159,3,277,2111,-11.967368,-76.978462,1.0,0,0.0,1,0,3,2,4128,159.0,0,6,1.0,1,0.0,Shining Path (SL)
29977,1992,3,25,0,159,3,480,3317,-13.277193,-72.217872,1.0,1,0.0,1,0,2,4,1788,159.0,0,5,14.0,1,0.0,Shining Path (SL)
53343,2012,9,24,0,228,10,53,315,15.325443,44.211895,1.0,0,0.0,1,0,1,2,92,228.0,0,5,1.0,0,0.0,Al-Qaida in the Arabian Peninsula (AQAP)
76314,2016,9,6,0,182,11,68,405,2.059819,45.326115,1.0,0,0.0,1,0,3,2,902,182.0,0,6,3.0,1,0.0,Al-Shabaab
25947,1990,10,15,0,159,3,277,2111,-11.967368,-76.978462,1.0,0,1.0,1,0,2,19,56,159.0,0,8,0.0,1,0.0,Shining Path (SL)
56181,2013,7,25,0,153,6,353,3722,34.006004,71.53743,1.0,0,0.0,0,0,1,3,4615,153.0,0,5,2.0,1,0.0,Tehrik-i-Taliban Pakistan (TTP)
13053,1984,11,14,0,45,3,367,2543,7.060051,-73.853115,1.0,0,0.0,1,0,7,1,3261,217.0,0,8,0.0,1,0.0,National Liberation Army of Colombia (ELN)
59853,2014,4,28,0,45,3,360,24,7.946283,-72.898807,4.0,0,0.0,1,0,7,1,3197,45.0,0,8,0.0,1,0.0,National Liberation Army of Colombia (ELN)
73865,2016,4,15,1,160,5,2,63,4.66255,119.394262,1.0,0,0.0,1,0,4,11,110,93.0,0,5,0.0,1,1.0,Abu Sayyaf Group (ASG)
64616,2014,12,21,0,41,11,178,1393,4.119087,15.134645,1.0,0,1.0,1,0,2,14,27,41.0,0,5,8.0,1,0.0,Fulani extremists
57983,2014,1,7,0,182,11,68,405,2.059819,45.326115,1.0,0,0.0,1,0,2,1,907,182.0,0,5,1.0,0,0.0,Al-Shabaab
29355,1991,12,29,0,45,3,380,2556,10.85887,-74.77304,1.0,0,0.0,0,0,3,4,3241,45.0,0,6,5.0,1,0.0,National Liberation Army of Colombia (ELN)
10357,1983,6,13,0,159,3,483,3337,-10.403488,-77.396721,1.0,0,0.0,1,0,2,14,4041,159.0,0,5,14.0,0,0.0,Shining Path (SL)
47982,2010,5,8,0,4,6,510,3646,36.681449,69.114905,1.0,0,0.0,1,0,3,14,4519,4.0,0,6,1.0,0,0.0,Taliban
71711,2015,12,15,0,160,5,1,78,6.064029,121.159058,1.0,0,0.0,1,0,2,4,161,160.0,0,5,0.0,0,0.0,Abu Sayyaf Group (ASG)
41973,2005,4,30,0,69,8,136,1050,42.547135,9.417273,1.0,0,0.0,1,0,3,2,1622,69.0,0,6,0.0,1,0.0,Corsican National Liberation Front (FLNC)
18854,1988,1,31,0,92,6,285,3428,28.095366,74.984953,1.0,0,0.0,1,0,1,14,4282,92.0,0,5,2.0,0,0.0,Sikh Extremists
32907,1994,4,26,0,603,8,190,1609,54.607712,-5.95621,1.0,0,1.0,1,0,2,14,2072,216.0,0,5,0.0,0,0.0,Irish Republican Army (IRA)
60259,2014,5,19,0,113,10,304,2366,32.094952,20.268871,1.0,0,0.0,1,0,3,6,355,113.0,0,6,0.0,-9,0.0,Muslim extremists
16046,1986,8,4,0,45,3,372,3212,7.48008,-73.92076,1.0,0,0.0,1,0,2,14,3954,45.0,0,5,4.0,1,0.0,Revolutionary Armed Forces of Colombia (FARC)
81494,2017,7,18,0,147,11,108,685,11.775833,13.0725,1.0,0,0.0,0,1,3,4,48,147.0,0,6,1.0,0,0.0,Boko Haram
39105,2001,5,27,1,160,5,14,72,9.915267,118.877188,1.0,0,0.0,1,0,6,18,137,999.0,0,5,5.0,0,1.0,Abu Sayyaf Group (ASG)
68292,2015,6,15,0,200,10,199,2349,36.201721,37.14352,1.0,0,1.0,1,0,3,14,926,200.0,0,6,3.0,-9,0.0,Muslim extremists
17416,1987,6,13,0,145,2,437,1201,13.6772,-86.3153,1.0,0,0.0,1,0,3,16,3547,145.0,0,6,0.0,1,0.0,Nicaraguan Democratic Force (FDN)
81177,2017,7,1,0,209,10,234,1883,38.460168,40.644826,1.0,0,1.0,1,0,1,14,2441,209.0,0,5,1.0,0,0.0,Kurdistan Workers' Party (PKK)
19482,1988,5,3,0,61,2,150,1156,13.69288,-89.199161,1.0,0,1.0,1,0,3,21,1813,61.0,0,6,0.0,1,0.0,Farabundo Marti National Liberation Front (FMLN)
66682,2015,4,1,0,92,6,128,2149,20.186773,81.081073,2.0,0,0.0,1,0,6,1,2867,92.0,0,5,0.0,0,1.0,Maoists
31838,1992,11,17,0,155,10,456,3037,31.784838,35.224613,1.0,1,0.0,1,0,8,19,56,97.0,0,9,0.0,1,0.0,Palestinians
19647,1988,5,27,0,186,6,218,2005,8.410029,81.26737,1.0,0,0.0,1,0,3,4,2510,92.0,0,6,6.0,1,0.0,Liberation Tigers of Tamil Eelam (LTTE)
68620,2015,7,2,0,209,10,236,1837,38.395649,27.135641,1.0,0,0.0,0,0,3,20,6,209.0,0,6,0.0,0,0.0,Kurdistan Workers' Party (PKK)
51703,2012,4,19,0,95,10,36,258,33.540672,44.251266,1.0,0,1.0,1,0,3,3,85,95.0,0,6,1.0,0,0.0,Al-Qaida in Iraq
74998,2016,6,18,1,147,11,167,1292,7.691215,9.247731,3.0,0,1.0,1,0,2,14,27,147.0,0,5,59.0,1,-9.0,Fulani extremists
81113,2017,6,26,0,147,11,108,619,11.840929,13.141459,1.0,0,1.0,1,1,3,8,1219,147.0,0,6,1.0,-9,0.0,Boko Haram
47047,2009,8,27,0,173,10,59,345,21.543155,39.174905,1.0,0,0.0,0,1,1,2,739,173.0,0,6,1.0,-9,0.0,Al-Qaida in the Arabian Peninsula (AQAP)
83263,2017,11,27,0,182,11,66,403,1.789637,44.529976,1.0,0,0.0,1,0,2,4,497,182.0,0,5,1.0,1,0.0,Al-Shabaab
19097,1988,3,8,0,69,8,136,1024,42.699997,9.447317,1.0,0,0.0,1,0,1,3,1654,69.0,0,5,1.0,0,0.0,Corsican National Liberation Front (FLNC)
53006,2012,8,16,0,95,10,34,250,33.74324,44.623825,1.0,0,0.0,1,0,3,4,12,95.0,0,6,4.0,0,0.0,Al-Qaida in Iraq
65733,2015,2,10,0,214,9,146,1092,48.730804,37.574596,1.0,0,1.0,1,0,3,14,1288,214.0,0,6,3.0,1,0.0,Donetsk People's Republic
21927,1989,4,17,0,159,3,489,3338,-8.337871,-74.594432,1.0,0,0.0,1,0,1,2,4153,15.0,0,5,1.0,0,0.0,Shining Path (SL)
13231,1985,1,2,0,185,8,86,508,43.178205,-2.31164,1.0,0,0.0,1,0,1,22,1017,185.0,0,5,1.0,0,0.0,Basque Fatherland and Freedom (ETA)
56459,2013,8,15,0,60,10,291,2354,31.126646,33.800865,1.0,0,0.0,1,0,2,3,3054,60.0,0,5,1.0,0,0.0,Muslim extremists
73812,2016,4,12,0,153,6,353,3772,34.794618,72.36441,1.0,0,0.0,1,0,1,3,4624,153.0,0,5,1.0,0,0.0,Tehrik-i-Taliban Pakistan (TTP)
63412,2014,10,14,0,4,6,506,3526,34.516895,69.147011,1.0,0,0.0,1,0,3,2,880,4.0,0,6,2.0,1,0.0,Taliban
18845,1988,1,30,0,92,6,339,3407,31.8186,75.2028,1.0,1,0.0,1,0,2,4,1772,92.0,0,5,2.0,1,0.0,Sikh Extremists
34731,1995,10,18,0,75,8,240,1849,48.139126,11.580186,1.0,0,0.0,1,0,7,1,2374,209.0,0,8,0.0,1,0.0,Kurdistan Workers' Party (PKK)
50563,2011,11,30,0,92,6,127,841,22.672439,85.072696,1.0,0,0.0,1,0,1,14,1354,92.0,0,5,1.0,0,1.0,Communist Party of India - Maoist (CPI-Maoist)
29062,1991,11,16,0,92,6,287,24,26.846709,80.946159,4.0,0,0.0,1,0,1,14,4258,92.0,0,5,3.0,0,0.0,Sikh Extremists
26221,1990,11,27,0,61,2,150,1156,13.69288,-89.199161,1.0,0,1.0,1,0,3,21,1864,61.0,0,6,0.0,1,0.0,Farabundo Marti National Liberation Front (FMLN)
18088,1987,9,18,0,92,6,339,3412,31.633078,74.878288,1.0,0,0.0,1,0,1,1,4341,92.0,0,5,2.0,0,0.0,Sikh Extremists
46219,2009,3,10,0,4,6,513,3610,31.680202,64.31221,1.0,0,0.0,1,0,3,20,4493,4.0,0,6,4.0,-9,0.0,Taliban
22705,1989,8,13,0,61,2,150,1156,13.69288,-89.199161,1.0,0,0.0,1,0,1,2,1790,61.0,0,5,0.0,1,0.0,Farabundo Marti National Liberation Front (FMLN)
19253,1988,3,29,0,43,3,271,2099,-33.366238,-70.505302,1.0,0,1.0,1,0,2,19,56,43.0,0,8,0.0,1,0.0,Manuel Rodriguez Patriotic Front (FPMR)
27380,1991,5,28,0,98,8,90,523,41.890961,12.490069,1.0,0,0.0,1,0,3,7,957,185.0,0,6,0.0,1,0.0,Basque Fatherland and Freedom (ETA)
23913,1989,12,14,0,185,8,86,512,43.258434,-2.921819,1.0,0,0.0,1,0,3,4,1007,185.0,0,6,0.0,1,0.0,Basque Fatherland and Freedom (ETA)
14949,1985,12,24,0,159,3,277,2111,-11.967368,-76.978462,1.0,0,0.0,1,0,3,2,4833,159.0,0,6,1.0,1,0.0,Tupac Amaru Revolutionary Movement (MRTA)
7874,1981,8,5,0,603,8,190,1650,54.42071,-6.443767,1.0,0,0.0,1,0,3,4,2210,216.0,0,6,1.0,1,0.0,Irish Republican Army (IRA)
63791,2014,11,2,0,147,11,168,1419,8.358392,8.667524,1.0,0,1.0,1,0,7,14,27,147.0,0,8,1.0,1,0.0,Fulani extremists
19976,1988,7,17,0,183,11,19,156,-26.252697,27.870275,1.0,0,0.0,1,0,2,3,275,183.0,0,5,0.0,1,0.0,African National Congress (South Africa)
10019,1983,4,5,0,110,10,359,2479,33.550434,35.370964,1.0,0,0.0,1,0,3,4,3781,97.0,0,6,1.0,1,0.0,Palestinians
17443,1987,6,16,0,159,3,277,2111,-11.967368,-76.978462,1.0,0,0.0,1,0,3,1,766,159.0,0,6,0.0,1,0.0,Tupac Amaru Revolutionary Movement (MRTA)
16772,1987,2,19,0,159,3,277,2111,-11.967368,-76.978462,1.0,0,1.0,1,0,3,10,4762,159.0,0,5,0.0,1,0.0,Tupac Amaru Revolutionary Movement (MRTA)
9430,1982,11,26,0,61,2,149,1155,13.802046,-87.896732,1.0,0,0.0,1,0,2,4,1762,61.0,0,5,5.0,1,0.0,Farabundo Marti National Liberation Front (FMLN)
57582,2013,11,30,0,153,6,353,3744,34.552254,71.181984,1.0,0,0.0,1,0,2,4,4591,153.0,0,5,3.0,1,0.0,Tehrik-i-Taliban Pakistan (TTP)
49453,2011,3,28,0,228,10,52,317,13.219398,45.307838,1.0,1,0.0,1,0,3,1,666,228.0,0,6,110.0,1,0.0,Al-Qaida in the Arabian Peninsula (AQAP)
73219,2016,3,6,0,4,6,515,3583,37.459588,69.52422,3.0,0,1.0,1,0,2,14,27,4.0,0,6,2.0,0,0.0,Taliban
61018,2014,6,23,0,160,5,388,2724,10.36674,123.1,2.0,0,0.0,1,0,2,4,3408,160.0,0,5,1.0,0,0.0,New People's Army (NPA)
55469,2013,5,18,1,95,10,32,264,33.420948,43.295662,1.0,0,0.0,1,0,6,3,12,95.0,0,5,10.0,0,1.0,Muslim extremists
48313,2010,7,7,0,95,10,32,247,33.31065,44.038208,1.0,0,1.0,1,0,3,17,489,95.0,0,6,0.0,1,0.0,Al-Qaida in Iraq
32951,1994,5,2,0,75,8,193,1921,51.331704,6.559354,1.0,0,0.0,0,0,1,2,2444,209.0,0,5,0.0,0,0.0,Kurdistan Workers' Party (PKK)
59431,2014,4,5,0,147,11,124,1422,12.124167,6.534444,2.0,0,0.0,1,0,2,17,1934,147.0,0,5,200.0,1,0.0,Fulani extremists
37628,1999,9,18,1,45,3,363,2508,6.04278,-74.99493,3.0,0,0.0,1,0,6,19,3169,45.0,0,5,0.0,1,1.0,National Liberation Army of Colombia (ELN)
18164,1987,9,29,0,43,3,271,2099,-33.366238,-70.505302,1.0,0,1.0,1,0,3,14,2739,43.0,0,6,0.0,1,0.0,Manuel Rodriguez Patriotic Front (FPMR)
50575,2011,12,3,0,160,5,1,2,6.066693,121.100042,1.0,0,0.0,1,0,3,19,2,160.0,0,6,0.0,1,0.0,Abu Sayyaf Group (ASG)
33607,1994,11,6,0,92,6,292,2408,32.726602,74.857026,1.0,0,0.0,1,0,3,19,56,92.0,0,6,2.0,1,0.0,Sikh Extremists
66399,2015,3,17,0,113,10,312,2380,31.846124,12.229722,1.0,0,0.0,1,0,3,6,355,113.0,0,6,0.0,1,0.0,Muslim extremists
14397,1985,8,15,0,43,3,271,2099,-33.366238,-70.505302,1.0,0,0.0,1,0,3,1,2796,43.0,0,6,0.0,1,0.0,Manuel Rodriguez Patriotic Front (FPMR)
74759,2016,6,5,0,147,11,167,1425,7.900057,8.833483,1.0,0,1.0,1,0,2,14,27,147.0,0,5,1.0,1,0.0,Fulani extremists
64204,2014,11,27,1,4,6,513,3581,31.859575,64.200998,3.0,0,0.0,1,1,3,4,4475,4.0,0,6,26.0,1,0.0,Taliban
78514,2017,1,16,0,182,11,79,438,11.264581,49.251518,2.0,0,0.0,1,0,2,4,577,182.0,0,5,23.0,-9,0.0,Al-Shabaab
24292,1990,2,22,0,61,2,150,1156,13.69288,-89.199161,1.0,0,0.0,1,0,7,1,1248,61.0,0,8,0.0,1,0.0,Farabundo Marti National Liberation Front (FMLN)
37390,1999,6,2,0,209,10,205,1717,41.106178,28.689863,1.0,0,0.0,1,0,3,1,3059,209.0,0,6,0.0,1,0.0,Muslim extremists
72891,2016,2,16,0,209,10,228,1855,37.080181,41.220196,1.0,0,1.0,0,0,2,13,2379,209.0,0,5,0.0,0,0.0,Kurdistan Workers' Party (PKK)
15541,1986,5,4,0,159,3,477,3281,-12.939782,-74.247478,1.0,0,0.0,1,0,3,14,1065,159.0,0,6,0.0,1,0.0,Shining Path (SL)
18822,1988,1,27,0,186,6,262,2050,9.380289,80.377,1.0,0,0.0,1,0,2,3,175,186.0,0,5,0.0,1,0.0,Liberation Tigers of Tamil Eelam (LTTE)
19322,1988,4,13,0,159,3,277,3321,-10.79257,-76.90911,1.0,0,0.0,1,0,2,14,4123,159.0,0,5,6.0,1,0.0,Shining Path (SL)
61627,2014,7,16,0,214,9,146,1104,47.905502,38.843531,1.0,1,0.0,1,0,3,4,1708,214.0,0,6,1.0,1,0.0,Donetsk People's Republic
50364,2011,11,11,0,182,11,68,405,2.059819,45.326115,1.0,0,1.0,1,0,2,4,830,182.0,0,5,3.0,-9,0.0,Al-Shabaab
72143,2016,1,7,0,92,6,128,985,17.812075,81.383041,1.0,0,0.0,1,0,2,14,2865,92.0,0,9,1.0,0,0.0,Maoists
33522,1994,10,11,0,92,6,125,2420,12.971599,77.594563,1.0,0,0.0,1,0,3,1,3080,92.0,0,6,0.0,1,0.0,Muslim extremists
69945,2015,9,6,0,209,10,234,1841,37.912504,40.2391,3.0,0,0.0,1,0,3,3,559,209.0,0,6,2.0,1,0.0,Kurdistan Workers' Party (PKK)
66849,2015,4,10,0,160,5,1,73,6.050458,121.012245,1.0,0,0.0,0,0,3,1,78,160.0,0,6,0.0,0,0.0,Abu Sayyaf Group (ASG)
44460,2008,1,6,1,95,10,34,279,33.848618,44.522125,1.0,0,0.0,1,0,2,14,568,95.0,0,5,0.0,1,1.0,Al-Qaida in Iraq
11790,1984,3,17,0,43,3,270,2100,-33.050125,-71.612251,1.0,0,0.0,1,0,3,8,2771,43.0,0,6,1.0,1,0.0,Manuel Rodriguez Patriotic Front (FPMR)
76832,2016,10,3,0,4,6,512,3589,33.796944,68.934585,3.0,0,0.0,1,0,3,14,4478,4.0,0,6,2.0,1,0.0,Taliban
28952,1991,11,6,0,97,10,456,3045,32.410221,35.281722,1.0,0,0.0,1,0,8,4,12,97.0,0,9,0.0,1,0.0,Palestinians
57347,2013,11,8,0,4,6,511,3533,32.100204,66.901016,1.0,1,0.0,1,0,3,19,56,4.0,0,6,8.0,1,0.0,Taliban
15998,1986,7,26,0,185,8,86,517,43.054198,-2.178116,1.0,0,0.0,1,0,3,3,951,185.0,0,6,0.0,1,0.0,Basque Fatherland and Freedom (ETA)
53046,2012,8,21,0,228,10,58,339,13.063399,44.880882,1.0,0,1.0,1,0,2,4,20,228.0,0,6,0.0,0,0.0,Al-Qaida in the Arabian Peninsula (AQAP)
7719,1981,6,5,0,185,8,86,518,43.291618,-1.977903,1.0,0,0.0,1,0,3,3,1055,185.0,0,6,1.0,1,0.0,Basque Fatherland and Freedom (ETA)
54138,2012,12,31,0,95,10,37,255,36.354145,43.14357,1.0,0,1.0,1,0,2,3,85,95.0,0,5,3.0,0,0.0,Al-Qaida in Iraq
30821,1992,7,24,0,98,8,100,547,45.469212,9.174508,1.0,0,0.0,0,0,3,1,1062,69.0,0,6,0.0,1,0.0,Basque Fatherland and Freedom (ETA)
16148,1986,9,1,0,43,3,271,2099,-33.366238,-70.505302,1.0,0,0.0,1,0,7,19,2734,43.0,0,8,0.0,1,0.0,Manuel Rodriguez Patriotic Front (FPMR)
23041,1989,9,13,0,155,10,327,3042,31.346964,34.30143,1.0,0,0.0,1,0,1,14,3652,155.0,0,9,1.0,0,0.0,Palestinians
19533,1988,5,8,0,45,3,364,2485,4.667128,-74.106056,1.0,0,0.0,1,0,3,3,3255,45.0,0,6,0.0,1,0.0,National Liberation Army of Colombia (ELN)
47946,2010,5,1,1,92,6,129,861,22.424109,87.318986,1.0,0,0.0,1,0,6,14,1374,92.0,0,5,1.0,0,1.0,Communist Party of India - Maoist (CPI-Maoist)
17455,1987,6,18,0,145,2,438,2951,13.047115,-86.267944,1.0,0,0.0,1,0,2,1,3536,145.0,0,5,5.0,1,0.0,Nicaraguan Democratic Force (FDN)
82008,2017,8,21,0,182,11,66,449,2.125396,45.091988,3.0,0,0.0,1,0,3,3,175,182.0,0,6,1.0,1,0.0,Al-Shabaab
23552,1989,10,29,0,159,3,277,2111,-11.967368,-76.978462,1.0,0,1.0,1,0,3,21,1761,159.0,0,6,0.0,1,0.0,Shining Path (SL)
57672,2013,12,10,0,228,10,50,24,16.930414,49.365315,4.0,0,0.0,1,0,2,4,48,228.0,0,5,2.0,1,0.0,Al-Qaida in the Arabian Peninsula (AQAP)
8506,1982,3,23,0,159,3,480,3358,-12.863341,-72.693008,1.0,0,0.0,1,0,3,19,4184,159.0,0,6,1.0,1,0.0,Shining Path (SL)
68138,2015,6,8,0,147,11,108,718,10.769333,13.146207,1.0,0,0.0,1,0,2,14,27,147.0,0,5,15.0,1,0.0,Boko Haram
72117,2016,1,6,0,228,10,60,353,13.586484,44.024105,1.0,0,0.0,1,0,3,14,926,228.0,0,6,0.0,-9,0.0,Houthi extremists (Ansar Allah)
8069,1981,10,14,0,61,2,150,1156,13.69288,-89.199161,1.0,0,0.0,1,0,1,14,1834,61.0,0,5,1.0,0,0.0,Farabundo Marti National Liberation Front (FMLN)
28731,1991,10,20,0,92,6,339,3399,30.898024,75.860077,1.0,1,1.0,1,0,7,1,1088,92.0,0,8,0.0,1,0.0,Sikh Extremists
73283,2016,3,9,0,182,11,70,408,-0.357847,42.54665,1.0,0,1.0,1,0,3,14,820,182.0,0,6,3.0,1,0.0,Al-Shabaab
35157,1996,3,14,0,160,5,7,15,6.929089,122.07885,1.0,0,0.0,1,0,3,8,131,160.0,0,6,0.0,1,0.0,Abu Sayyaf Group (ASG)
44636,2008,3,21,0,185,8,103,558,42.303719,-1.965034,1.0,0,0.0,1,0,3,3,1027,185.0,0,6,0.0,1,0.0,Basque Fatherland and Freedom (ETA)
67428,2015,5,7,0,182,11,68,405,2.059819,45.326115,1.0,0,0.0,1,0,3,3,20,182.0,0,6,1.0,-9,0.0,Al-Shabaab
39008,2001,3,29,0,185,8,86,521,43.136978,-2.073914,1.0,0,0.0,1,0,3,2,1053,185.0,0,6,0.0,1,0.0,Basque Fatherland and Freedom (ETA)
78341,2017,1,4,0,147,11,119,1377,5.838492,6.158714,1.0,0,1.0,1,0,2,14,1925,147.0,0,9,3.0,0,0.0,Fulani extremists
29719,1992,2,19,0,160,5,387,2620,8.822983,125.699921,1.0,0,0.0,1,0,2,4,3392,160.0,0,5,5.0,1,0.0,New People's Army (NPA)
26644,1991,1,31,0,186,6,218,2043,7.503357,81.730359,1.0,0,0.0,1,0,3,4,1191,186.0,0,6,1.0,1,0.0,Liberation Tigers of Tamil Eelam (LTTE)
54715,2013,2,25,0,45,3,469,1170,0.325732,-76.878675,1.0,1,0.0,1,0,3,3,85,45.0,0,6,2.0,1,0.0,Revolutionary Armed Forces of Colombia (FARC)
37456,1999,6,28,0,160,5,0,8,6.556828,121.883449,1.0,0,0.0,1,0,3,15,145,160.0,0,6,0.0,0,0.0,Abu Sayyaf Group (ASG)
74529,2016,5,21,0,92,6,127,2214,24.285466,87.242168,3.0,0,0.0,1,0,7,14,722,92.0,0,8,0.0,1,0.0,Maoists
61112,2014,6,28,0,113,10,307,2370,32.808412,13.150967,1.0,0,0.0,1,0,2,1,3075,113.0,0,8,0.0,1,0.0,Muslim extremists
43625,2007,3,22,0,95,10,33,248,33.303566,44.371773,1.0,0,0.0,1,0,3,2,583,95.0,0,6,0.0,0,0.0,Al-Qaida in Iraq
50572,2011,12,2,0,228,10,50,378,14.769764,49.374268,1.0,0,0.0,1,0,2,4,754,228.0,0,5,1.0,0,0.0,Al-Qaida in the Arabian Peninsula (AQAP)
49737,2011,6,5,0,153,6,353,3722,34.006004,71.53743,1.0,1,0.0,1,0,3,14,13,153.0,0,6,6.0,1,0.0,Tehrik-i-Taliban Pakistan (TTP)
15396,1986,3,26,0,43,3,270,2100,-33.050125,-71.612251,1.0,0,1.0,1,0,3,1,2701,43.0,0,6,0.0,1,0.0,Manuel Rodriguez Patriotic Front (FPMR)
42188,2005,7,13,0,186,6,218,1972,8.457907,81.268402,1.0,0,0.0,1,0,3,12,6,186.0,0,6,0.0,-9,0.0,Liberation Tigers of Tamil Eelam (LTTE)
16155,1986,9,1,0,92,6,496,3418,30.733315,76.779418,1.0,0,0.0,1,0,1,2,4274,92.0,0,5,1.0,0,0.0,Sikh Extremists
39353,2001,8,18,1,45,3,373,2513,5.449497,-74.667911,3.0,0,0.0,1,0,6,14,3182,75.0,0,5,0.0,0,1.0,National Liberation Army of Colombia (ELN)
64300,2014,12,3,0,95,10,36,258,33.540672,44.251266,1.0,0,0.0,1,0,3,14,13,95.0,0,6,1.0,0,0.0,Islamic State of Iraq and the Levant (ISIL)
17454,1987,6,18,0,145,2,440,24,11.727473,-86.21585,4.0,0,0.0,1,0,2,1,3535,145.0,0,5,8.0,1,0.0,Nicaraguan Democratic Force (FDN)
52682,2012,7,23,0,95,10,34,281,33.784248,44.50972,1.0,0,1.0,1,0,3,19,56,95.0,0,6,3.0,1,0.0,Al-Qaida in Iraq
22561,1989,7,24,0,159,3,475,3297,-11.520494,-75.899782,1.0,0,0.0,1,0,3,19,4100,159.0,0,6,0.0,1,0.0,Shining Path (SL)
61367,2014,7,8,0,228,10,185,1527,15.661751,43.947233,1.0,0,0.0,1,0,3,8,1984,228.0,0,6,0.0,1,0.0,Houthi extremists (Ansar Allah)
67011,2015,4,20,0,228,10,182,1573,15.620833,44.1935,3.0,0,0.0,1,0,3,22,2011,228.0,0,6,0.0,1,0.0,Houthi extremists (Ansar Allah)
71768,2015,12,17,0,95,10,37,1722,36.229574,42.236244,2.0,0,0.0,0,1,3,4,48,95.0,0,6,15.0,0,0.0,Islamic State of Iraq and the Levant (ISIL)
19587,1988,5,18,0,92,6,339,3419,31.326015,75.576183,1.0,0,0.0,1,0,1,14,4268,92.0,0,5,5.0,0,0.0,Sikh Extremists
44556,2008,3,1,0,160,5,1,22,6.050458,121.012245,1.0,1,0.0,1,0,3,1,178,160.0,0,6,0.0,1,0.0,Abu Sayyaf Group (ASG)
6846,1980,7,27,0,185,8,86,518,43.291618,-1.977903,1.0,0,0.0,1,0,2,3,1121,185.0,0,5,0.0,1,0.0,Basque Fatherland and Freedom (ETA)
45535,2008,9,20,0,45,3,379,3169,3.88182,-77.07042,1.0,0,0.0,1,0,3,2,3910,45.0,0,6,0.0,1,0.0,Revolutionary Armed Forces of Colombia (FARC)
51364,2012,3,17,0,228,10,48,310,12.825647,44.846416,1.0,0,0.0,1,0,2,3,85,228.0,0,5,0.0,0,0.0,Al-Qaida in the Arabian Peninsula (AQAP)
73430,2016,3,16,0,95,10,38,1695,35.320671,43.767281,3.0,0,0.0,1,0,3,4,2287,95.0,0,6,2.0,1,0.0,Islamic State of Iraq and the Levant (ISIL)
4984,1979,4,18,0,97,10,458,3037,31.771599,35.2034,1.0,0,0.0,1,0,3,3,380,97.0,0,6,5.0,1,0.0,Palestinians
55105,2013,4,11,0,92,6,126,2156,24.656056,84.435647,2.0,1,1.0,1,0,3,3,219,92.0,0,6,0.0,1,0.0,Maoists
79061,2017,2,21,0,153,6,353,3810,34.14658,71.743538,1.0,0,0.0,1,1,3,2,4676,153.0,0,6,10.0,1,0.0,Tehrik-i-Taliban Pakistan (TTP)
11261,1983,12,15,0,145,2,448,2509,12.298125,-86.596842,1.0,0,0.0,1,0,2,4,1762,145.0,0,5,1.0,1,0.0,Nicaraguan Democratic Force (FDN)
25437,1990,7,23,0,603,8,190,1648,54.819164,-7.467909,1.0,0,0.0,0,0,3,2,1111,233.0,0,6,0.0,1,0.0,Irish Republican Army (IRA)
50074,2011,9,14,0,92,6,131,871,18.364195,81.892418,1.0,0,0.0,1,0,7,1,1385,92.0,0,8,0.0,1,0.0,Communist Party of India - Maoist (CPI-Maoist)
39937,2002,3,25,0,141,6,266,2167,27.708754,85.329498,1.0,0,0.0,1,0,3,10,2886,141.0,0,6,0.0,1,0.0,Maoists
24208,1990,2,9,0,159,3,486,3871,-6.920639,-76.330387,1.0,0,0.0,1,0,3,1,4865,159.0,0,6,0.0,1,0.0,Tupac Amaru Revolutionary Movement (MRTA)
80379,2017,5,18,0,200,10,207,1720,35.129299,37.275085,1.0,0,1.0,1,0,6,17,347,200.0,0,6,31.0,0,1.0,Islamic State of Iraq and the Levant (ISIL)
25507,1990,7,31,0,186,6,262,2023,8.85,80.033333,1.0,1,0.0,1,0,2,4,2535,186.0,0,5,8.0,1,0.0,Liberation Tigers of Tamil Eelam (LTTE)
48531,2010,9,3,0,228,10,52,329,13.129726,45.385571,1.0,0,0.0,1,0,2,3,698,228.0,0,5,1.0,-9,0.0,Al-Qaida in the Arabian Peninsula (AQAP)
12899,1984,10,10,0,69,8,138,1026,43.296482,5.36978,1.0,0,0.0,1,0,3,1,1088,69.0,0,6,0.0,1,0.0,Corsican National Liberation Front (FLNC)
51117,2012,2,23,0,95,10,33,248,33.303566,44.371773,1.0,0,1.0,1,0,3,14,13,95.0,0,6,6.0,1,0.0,Al-Qaida in Iraq
54494,2013,2,2,0,92,6,129,893,22.585272,87.049698,1.0,1,0.0,0,0,3,20,6,92.0,0,6,0.0,0,0.0,Maoists
56279,2013,7,31,0,92,6,128,2237,19.974869,81.053303,1.0,0,0.0,1,0,6,2,2930,92.0,0,5,1.0,0,1.0,Maoists
53220,2012,9,9,0,95,10,46,305,31.044371,46.261452,1.0,0,1.0,1,0,3,1,587,95.0,0,6,2.0,0,0.0,Al-Qaida in Iraq
83589,2017,12,26,0,95,10,38,1710,35.198963,43.793133,1.0,0,0.0,1,0,3,4,12,95.0,0,6,2.0,0,0.0,Islamic State of Iraq and the Levant (ISIL)
17504,1987,6,25,0,43,3,271,2099,-33.366238,-70.505302,1.0,0,0.0,1,0,3,10,2698,43.0,0,6,0.0,1,0.0,Manuel Rodriguez Patriotic Front (FPMR)
55269,2013,4,27,0,228,10,50,319,14.54397,49.12458,1.0,0,0.0,1,0,1,4,699,228.0,0,5,1.0,0,0.0,Al-Qaida in the Arabian Peninsula (AQAP)
46711,2009,6,19,0,92,6,129,893,22.585272,87.049698,1.0,0,0.0,1,0,3,3,1417,92.0,0,6,0.0,-9,0.0,Communist Party of India - Maoist (CPI-Maoist)
12743,1984,9,5,0,183,11,24,150,-25.661361,27.247563,1.0,0,0.0,1,0,3,21,286,183.0,0,6,0.0,1,0.0,African National Congress (South Africa)
53672,2012,10,24,0,147,11,110,616,11.704399,11.088539,1.0,0,0.0,1,0,7,8,51,147.0,0,8,0.0,1,0.0,Boko Haram
9580,1983,1,1,0,110,10,457,3034,33.888523,35.503513,1.0,0,0.0,1,0,2,4,3663,97.0,0,5,0.0,1,0.0,Palestinians
46186,2009,2,28,0,4,6,521,3551,32.853333,68.449722,1.0,0,0.0,1,0,3,1,4456,4.0,0,6,1.0,1,0.0,Taliban
57270,2013,10,30,0,123,11,169,2348,16.273716,-0.050415,1.0,0,0.0,1,0,3,6,355,123.0,0,6,0.0,0,0.0,Muslim extremists
65970,2015,2,21,0,45,3,360,2518,8.40255,-73.20768,1.0,1,0.0,1,0,2,4,12,45.0,0,6,6.0,0,0.0,National Liberation Army of Colombia (ELN)
52293,2012,6,13,0,95,10,44,268,32.604393,44.007145,1.0,0,1.0,1,0,3,14,13,95.0,0,6,1.0,0,0.0,Al-Qaida in Iraq
33470,1994,9,25,0,209,10,224,1896,39.363724,39.215531,1.0,1,0.0,1,0,3,4,2439,209.0,0,6,2.0,1,0.0,Kurdistan Workers' Party (PKK)
48351,2010,7,13,0,92,6,128,792,18.9,81.35,1.0,1,1.0,1,0,2,3,1477,92.0,0,5,0.0,-9,0.0,Communist Party of India - Maoist (CPI-Maoist)
65748,2015,2,11,0,95,10,36,1759,33.460819,44.157433,1.0,1,0.0,1,0,3,14,926,95.0,0,6,3.0,-9,0.0,Islamic State of Iraq and the Levant (ISIL)
77138,2016,10,21,0,173,10,61,1530,17.554939,44.232357,1.0,0,0.0,1,0,2,14,1213,173.0,0,6,0.0,-9,0.0,Houthi extremists (Ansar Allah)
58122,2014,1,15,0,92,6,132,2208,17.850509,80.894976,2.0,1,0.0,1,0,2,3,2914,92.0,0,9,1.0,0,0.0,Maoists
80046,2017,4,27,0,173,10,184,1571,17.038014,43.048585,1.0,0,0.0,1,0,3,3,1696,173.0,0,6,2.0,0,0.0,Houthi extremists (Ansar Allah)
61730,2014,7,21,0,214,9,146,1117,48.610906,38.007659,3.0,0,0.0,1,0,3,9,1722,214.0,0,6,0.0,0,0.0,Donetsk People's Republic
69509,2015,8,15,0,160,5,387,94,8.113273,125.607828,1.0,1,1.0,1,0,2,14,3380,160.0,0,5,1.0,-9,0.0,New People's Army (NPA)
56442,2013,8,13,0,60,10,291,2354,31.126646,33.800865,1.0,0,1.0,1,0,3,4,1734,60.0,0,6,0.0,0,0.0,Muslim extremists
66659,2015,3,31,0,92,6,128,2276,18.171811,81.143483,2.0,0,0.0,1,0,2,4,2960,92.0,0,5,1.0,0,0.0,Maoists
51331,2012,3,13,0,92,6,127,2147,23.91925,84.291076,2.0,0,0.0,1,0,3,3,559,92.0,0,6,0.0,1,0.0,Maoists
7964,1981,9,1,0,97,10,262,3073,32.93095,35.083187,1.0,0,0.0,1,0,3,4,3706,97.0,0,6,1.0,1,0.0,Palestinians
79809,2017,4,8,0,200,10,214,1746,33.327676,38.6559,1.0,0,1.0,1,1,3,4,2313,422.0,0,6,9.0,-9,0.0,Islamic State of Iraq and the Levant (ISIL)
21114,1989,1,9,0,160,5,5,24,6.750046,125.35626,4.0,0,0.0,1,0,2,4,3357,160.0,0,5,8.0,1,0.0,New People's Army (NPA)
69993,2015,9,9,0,167,9,303,2369,42.855556,47.187222,1.0,0,0.0,1,0,2,15,3039,167.0,0,5,1.0,0,0.0,Muslim extremists
7694,1981,5,25,0,183,11,20,139,-32.985771,27.866086,1.0,1,0.0,1,0,2,3,380,183.0,0,5,0.0,1,0.0,African National Congress (South Africa)
17264,1987,5,19,0,159,3,277,2111,-11.967368,-76.978462,1.0,0,1.0,1,0,3,19,56,159.0,0,6,0.0,1,0.0,Tupac Amaru Revolutionary Movement (MRTA)
64022,2014,11,16,0,95,10,36,1714,33.994591,44.357273,1.0,0,1.0,1,0,3,14,853,95.0,0,6,0.0,1,0.0,Islamic State of Iraq and the Levant (ISIL)
82005,2017,8,21,0,160,5,0,25,6.516151,121.910015,1.0,0,1.0,1,0,2,14,27,160.0,0,5,5.0,1,0.0,Abu Sayyaf Group (ASG)
60453,2014,5,27,1,209,10,234,24,38.437833,40.512145,4.0,0,0.0,1,0,6,4,2432,209.0,0,5,0.0,0,1.0,Kurdistan Workers' Party (PKK)
15408,1986,3,29,0,92,6,339,24,31.147131,75.341218,4.0,0,0.0,1,0,2,14,4299,92.0,0,5,8.0,1,0.0,Sikh Extremists
14823,1985,11,26,0,183,11,26,171,-23.00124,29.768678,1.0,0,0.0,0,0,3,1,342,183.0,0,6,0.0,1,0.0,African National Congress (South Africa)
40272,2002,11,8,0,141,6,266,2261,27.63671,85.516751,1.0,0,0.0,1,0,3,16,2947,141.0,0,6,1.0,-9,0.0,Maoists
78061,2016,12,15,0,92,6,128,792,18.9,81.35,1.0,0,0.0,1,0,2,14,2863,92.0,0,9,1.0,0,0.0,Maoists
75509,2016,7,18,0,228,10,50,319,14.54397,49.12458,1.0,0,1.0,1,1,3,4,20,228.0,0,6,4.0,-9,0.0,Al-Qaida in the Arabian Peninsula (AQAP)
43302,2006,9,12,0,209,10,233,1827,38.750384,40.554192,1.0,0,0.0,1,0,3,19,2360,209.0,0,6,0.0,1,0.0,Kurdistan Workers' Party (PKK)
20181,1988,8,19,0,92,6,285,3420,26.338056,76.151944,1.0,0,0.0,1,0,1,1,4271,92.0,0,5,1.0,0,0.0,Sikh Extremists
42840,2006,3,25,0,92,6,128,947,20.008627,80.688087,1.0,0,0.0,1,0,3,14,1474,92.0,0,6,13.0,1,0.0,Communist Party of India - Maoist (CPI-Maoist)
56089,2013,7,19,0,4,6,513,3608,32.045642,64.963348,3.0,0,0.0,1,0,3,2,4505,4.0,0,6,6.0,1,0.0,Taliban
27541,1991,6,12,0,159,3,277,2111,-11.967368,-76.978462,1.0,0,1.0,1,0,3,1,766,159.0,0,6,0.0,1,0.0,Tupac Amaru Revolutionary Movement (MRTA)
83367,2017,12,4,0,147,11,113,1445,9.399048,11.915673,2.0,0,1.0,1,0,2,14,27,147.0,0,5,1.0,1,0.0,Fulani extremists
17523,1987,6,29,0,43,3,276,2110,-35.43058,-71.65762,1.0,0,1.0,1,0,3,2,2736,43.0,0,6,0.0,1,0.0,Manuel Rodriguez Patriotic Front (FPMR)
67825,2015,5,24,0,147,11,167,1283,7.506095,9.35066,2.0,0,1.0,1,0,2,14,27,147.0,0,5,17.0,1,0.0,Fulani extremists
67510,2015,5,11,0,173,10,61,1530,17.554939,44.232357,1.0,0,1.0,1,0,3,8,51,173.0,0,6,1.0,1,0.0,Houthi extremists (Ansar Allah)
12066,1984,4,20,0,61,2,163,1213,13.933333,-89.166667,1.0,0,0.0,1,0,2,4,1788,61.0,0,5,2.0,1,0.0,Farabundo Marti National Liberation Front (FMLN)
22839,1989,8,28,0,362,8,197,1662,52.372068,9.735686,1.0,0,0.0,0,0,3,4,2172,216.0,0,6,0.0,1,0.0,Irish Republican Army (IRA)
10586,1983,7,24,0,145,2,442,2863,12.538409,-85.573921,2.0,1,0.0,1,0,7,19,3527,145.0,0,5,1.0,1,0.0,Nicaraguan Democratic Force (FDN)
26702,1991,2,6,0,45,3,384,24,3.27199,-73.087749,4.0,0,0.0,1,0,7,1,3907,45.0,0,8,0.0,1,0.0,Revolutionary Armed Forces of Colombia (FARC)
57311,2013,11,4,0,4,6,510,3609,36.680279,69.112038,3.0,0,0.0,1,0,3,14,815,4.0,0,6,1.0,0,0.0,Taliban
50887,2012,1,22,0,147,11,115,639,11.974328,8.50026,1.0,0,0.0,0,0,3,20,6,147.0,0,6,0.0,0,0.0,Boko Haram
32083,1992,12,16,0,45,3,360,2512,7.894195,-72.503885,1.0,0,1.0,0,0,3,20,3194,45.0,0,6,0.0,1,0.0,National Liberation Army of Colombia (ELN)
61962,2014,7,30,1,147,11,110,618,11.247069,12.01246,1.0,0,0.0,1,0,6,14,205,147.0,0,5,2.0,1,1.0,Boko Haram
16095,1986,8,15,0,145,2,448,2911,12.71321,-86.511845,1.0,0,0.0,1,0,2,14,3558,145.0,0,5,1.0,1,0.0,Nicaraguan Democratic Force (FDN)
18386,1987,11,4,0,43,3,271,2099,-33.366238,-70.505302,1.0,0,0.0,1,0,3,14,2793,43.0,0,6,0.0,1,0.0,Manuel Rodriguez Patriotic Front (FPMR)
79669,2017,4,2,0,147,11,108,623,11.922882,13.281358,2.0,0,1.0,1,1,3,14,1210,147.0,0,6,1.0,1,0.0,Boko Haram
14818,1985,11,25,0,145,2,450,2905,12.122619,-84.47239,1.0,0,0.0,1,0,7,1,3554,145.0,0,5,18.0,1,0.0,Nicaraguan Democratic Force (FDN)
70810,2015,10,21,0,228,10,60,353,13.586484,44.024105,1.0,0,1.0,1,0,3,14,926,228.0,0,6,7.0,-9,0.0,Houthi extremists (Ansar Allah)
32567,1994,3,4,0,209,10,235,24,40.061908,41.686803,4.0,0,0.0,1,0,2,4,1788,209.0,0,5,3.0,1,0.0,Kurdistan Workers' Party (PKK)
35592,1996,8,24,0,69,8,136,24,41.918891,8.737554,4.0,0,1.0,1,0,3,2,1646,69.0,0,6,0.0,1,0.0,Corsican National Liberation Front (FLNC)
37285,1999,3,21,0,186,6,218,2081,9.136989,80.445169,1.0,0,0.0,1,0,3,4,2621,186.0,0,6,7.0,0,0.0,Liberation Tigers of Tamil Eelam (LTTE)
38822,2001,1,21,0,92,6,292,2408,32.726602,74.857026,1.0,0,0.0,1,0,3,2,3072,92.0,0,6,0.0,1,0.0,Muslim extremists
70437,2015,10,3,0,228,10,60,1533,13.160563,43.73093,3.0,0,0.0,1,0,3,14,810,228.0,0,6,8.0,-9,0.0,Houthi extremists (Ansar Allah)
15500,1986,4,21,0,183,11,19,137,-26.184113,28.033232,1.0,0,0.0,1,0,3,14,272,183.0,0,6,0.0,1,0.0,African National Congress (South Africa)
15838,1986,6,22,0,183,11,18,138,-29.861824,31.008293,1.0,1,0.0,1,0,3,21,353,183.0,0,6,0.0,1,0.0,African National Congress (South Africa)
52797,2012,8,1,0,160,5,5,23,7.190952,125.461578,1.0,0,0.0,1,0,3,4,3364,160.0,0,6,1.0,0,0.0,New People's Army (NPA)
36232,1997,4,10,0,603,8,190,1610,55.011562,-7.312045,1.0,0,0.0,0,0,2,3,563,216.0,0,5,0.0,0,0.0,Irish Republican Army (IRA)
42553,2005,12,10,0,45,3,379,2528,3.429344,-76.516037,1.0,0,0.0,1,0,2,3,3908,45.0,0,5,2.0,0,0.0,Revolutionary Armed Forces of Colombia (FARC)
54855,2013,3,14,0,182,11,68,405,2.059819,45.326115,1.0,0,0.0,1,0,3,3,879,182.0,0,6,1.0,0,0.0,Al-Shabaab
19953,1988,7,16,0,159,3,277,2111,-11.967368,-76.978462,1.0,0,0.0,1,0,3,2,4829,159.0,0,6,0.0,1,0.0,Tupac Amaru Revolutionary Movement (MRTA)
7447,1981,3,9,0,159,3,477,3278,-13.152712,-74.218628,1.0,0,0.0,1,0,1,2,4094,159.0,0,6,0.0,1,0.0,Shining Path (SL)
64142,2014,11,23,0,182,11,74,454,3.628179,45.651852,1.0,0,1.0,1,0,7,14,27,182.0,0,8,0.0,1,0.0,Al-Shabaab
12399,1984,7,2,0,185,8,86,565,43.320664,-3.020252,1.0,0,0.0,1,0,1,4,1123,185.0,0,5,1.0,0,1.0,Basque Fatherland and Freedom (ETA)
46215,2009,3,9,0,186,6,262,2013,9.267091,80.814248,1.0,0,0.0,1,0,3,11,2611,186.0,0,6,0.0,0,0.0,Liberation Tigers of Tamil Eelam (LTTE)
82147,2017,8,29,0,95,10,37,1718,36.486149,42.418186,1.0,0,1.0,1,0,3,4,162,95.0,0,6,2.0,1,0.0,Islamic State of Iraq and the Levant (ISIL)
72183,2016,1,11,0,200,10,199,2349,36.201721,37.14352,1.0,0,0.0,1,0,3,8,51,200.0,0,6,3.0,-9,0.0,Muslim extremists
68947,2015,7,19,0,182,11,65,428,2.407686,42.97077,3.0,0,0.0,1,1,3,4,835,422.0,0,6,7.0,0,0.0,Al-Shabaab
6086,1980,1,14,0,185,8,86,528,43.130387,-2.542155,1.0,0,0.0,1,0,1,3,963,185.0,0,5,1.0,0,0.0,Basque Fatherland and Freedom (ETA)
18528,1987,11,25,0,43,3,271,2099,-33.366238,-70.505302,1.0,0,1.0,1,0,3,14,1065,43.0,0,6,0.0,1,0.0,Manuel Rodriguez Patriotic Front (FPMR)
17920,1987,8,24,0,183,11,19,190,-26.252697,27.870275,1.0,0,0.0,1,0,3,3,308,183.0,0,6,0.0,1,0.0,African National Congress (South Africa)
82394,2017,9,17,1,92,6,127,887,23.486612,84.264193,1.0,0,0.0,1,0,6,14,1408,92.0,0,5,1.0,0,1.0,Communist Party of India - Maoist (CPI-Maoist)
6907,1980,8,22,0,603,8,190,1613,54.347539,-6.656108,1.0,0,0.0,1,0,3,4,2215,216.0,0,6,0.0,1,0.0,Irish Republican Army (IRA)
13514,1985,3,20,0,159,3,277,2111,-11.967368,-76.978462,1.0,0,0.0,1,0,7,1,4761,159.0,0,8,0.0,1,0.0,Tupac Amaru Revolutionary Movement (MRTA)
80323,2017,5,16,0,160,5,387,2738,8.961028,125.759476,1.0,0,0.0,1,0,2,3,20,160.0,0,5,1.0,0,0.0,New People's Army (NPA)
80264,2017,5,13,0,160,5,1,50,5.974901,121.03351,2.0,0,0.0,1,0,2,14,88,160.0,0,5,3.0,0,0.0,Abu Sayyaf Group (ASG)
67991,2015,5,31,1,214,9,146,1093,47.942608,37.505135,1.0,1,0.0,1,0,6,4,48,214.0,0,5,2.0,0,1.0,Donetsk People's Republic
31334,1992,9,23,0,97,10,458,3037,31.771599,35.2034,1.0,0,0.0,0,0,1,14,3693,97.0,0,9,0.0,0,0.0,Palestinians
37037,1998,9,25,0,45,3,363,3163,7.00063,-76.26572,1.0,0,0.0,1,0,3,14,3897,45.0,0,6,6.0,1,0.0,Revolutionary Armed Forces of Colombia (FARC)
8188,1981,11,19,0,88,2,161,1195,14.060287,-88.695229,1.0,0,0.0,1,0,2,4,1772,88.0,0,5,2.0,1,0.0,Farabundo Marti National Liberation Front (FMLN)
15515,1986,4,23,0,69,8,136,1024,42.699997,9.447317,1.0,0,0.0,1,0,3,18,1562,69.0,0,6,0.0,1,0.0,Corsican National Liberation Front (FLNC)
59200,2014,3,23,0,147,11,167,1314,7.820035,8.860315,1.0,0,1.0,1,0,2,14,27,147.0,0,5,13.0,1,0.0,Fulani extremists
15960,1986,7,15,0,183,11,20,202,-32.949255,27.734962,1.0,0,0.0,1,0,2,3,267,183.0,0,5,1.0,0,0.0,African National Congress (South Africa)
42576,2005,12,28,0,4,6,507,3553,31.631083,65.742226,1.0,0,0.0,1,0,3,8,4488,4.0,0,6,0.0,1,0.0,Taliban
64666,2014,12,24,0,113,10,290,2441,30.75711,18.195799,1.0,0,0.0,1,0,3,3,85,113.0,0,6,0.0,-9,0.0,Muslim extremists
49469,2011,4,1,0,160,5,0,16,6.681959,121.985477,1.0,1,0.0,1,0,3,2,160,160.0,0,6,0.0,1,0.0,Abu Sayyaf Group (ASG)
66491,2015,3,22,0,208,10,321,24,36.182222,8.714722,4.0,0,0.0,1,0,3,4,559,208.0,0,6,1.0,0,0.0,Muslim extremists
14298,1985,7,24,0,43,3,271,2099,-33.366238,-70.505302,1.0,0,0.0,1,0,3,1,2785,217.0,0,6,0.0,1,0.0,Manuel Rodriguez Patriotic Front (FPMR)
64839,2015,1,2,0,147,11,112,1309,9.636866,8.499615,3.0,0,0.0,1,0,1,14,1917,147.0,0,5,1.0,1,0.0,Fulani extremists
26653,1991,2,2,0,43,3,271,2099,-33.366238,-70.505302,1.0,0,0.0,1,0,3,15,2759,217.0,0,6,0.0,1,0.0,Manuel Rodriguez Patriotic Front (FPMR)
45141,2008,6,28,1,4,6,512,3606,34.208849,69.143413,2.0,0,0.0,1,0,6,3,4489,4.0,0,9,2.0,0,1.0,Taliban
26646,1991,1,31,1,92,6,339,3469,30.7775,75.362222,1.0,0,0.0,1,0,6,14,4349,92.0,0,5,20.0,0,1.0,Sikh Extremists
68389,2015,6,20,0,104,11,75,414,1.736307,40.056176,3.0,0,0.0,1,0,1,2,817,104.0,0,5,1.0,0,0.0,Al-Shabaab
11346,1984,1,2,0,145,2,437,2851,13.642491,-86.309214,1.0,0,0.0,1,0,2,14,3522,145.0,0,5,1.0,1,0.0,Nicaraguan Democratic Force (FDN)
51773,2012,4,26,0,228,10,54,365,15.19,46.7338,2.0,0,0.0,1,0,3,21,730,228.0,0,6,0.0,1,0.0,Al-Qaida in the Arabian Peninsula (AQAP)
53521,2012,10,12,0,153,6,427,3820,32.519848,69.789696,1.0,0,0.0,1,0,2,4,20,153.0,0,5,8.0,0,0.0,Tehrik-i-Taliban Pakistan (TTP)
59745,2014,4,21,0,153,6,353,3741,33.91758,71.562035,1.0,0,1.0,1,0,2,3,4661,153.0,0,5,0.0,0,0.0,Tehrik-i-Taliban Pakistan (TTP)
18339,1987,10,29,0,69,8,136,1029,42.6042,8.929852,1.0,0,1.0,1,0,3,14,1568,21.0,0,6,0.0,1,0.0,Corsican National Liberation Front (FLNC)
51310,2012,3,10,0,153,6,427,3798,33.640689,70.775759,1.0,0,0.0,1,0,2,4,162,153.0,0,5,1.0,-9,0.0,Tehrik-i-Taliban Pakistan (TTP)
72753,2016,2,9,0,209,10,225,1868,37.179054,41.877727,1.0,0,0.0,1,0,2,4,172,209.0,0,6,0.0,-9,0.0,Kurdistan Workers' Party (PKK)
54742,2013,2,28,0,153,6,427,3728,34.565494,71.477429,3.0,0,1.0,1,0,3,8,4572,153.0,0,6,0.0,1,0.0,Tehrik-i-Taliban Pakistan (TTP)
80860,2017,6,13,0,214,9,146,1079,48.143208,37.753361,1.0,0,0.0,1,0,3,14,1730,214.0,0,6,0.0,-9,0.0,Donetsk People's Republic
29170,1991,11,30,0,97,10,456,3045,32.409504,35.28063,1.0,0,0.0,1,0,1,14,3647,155.0,0,5,1.0,0,0.0,Palestinians
39988,2002,4,21,0,160,5,9,40,6.11622,125.169395,1.0,0,1.0,1,0,3,1,174,160.0,0,6,14.0,1,0.0,Abu Sayyaf Group (ASG)
65868,2015,2,15,1,160,5,1,22,6.050458,121.012245,1.0,0,0.0,1,0,6,14,31,44.0,0,5,0.0,0,1.0,Abu Sayyaf Group (ASG)
66265,2015,3,10,1,147,11,170,1344,7.887778,9.556389,1.0,0,0.0,1,0,6,14,27,147.0,0,9,1.0,0,1.0,Fulani extremists
47226,2009,10,15,0,160,5,1,81,6.033317,120.947301,1.0,0,0.0,1,0,3,19,157,160.0,0,6,0.0,1,0.0,Abu Sayyaf Group (ASG)
32286,1994,1,17,0,159,3,475,3869,-10.925868,-74.873099,1.0,0,0.0,1,0,2,4,1788,159.0,0,5,8.0,1,0.0,Tupac Amaru Revolutionary Movement (MRTA)
63297,2014,10,9,0,228,10,50,342,16.133333,47.233333,3.0,0,0.0,1,1,3,4,683,228.0,0,6,13.0,0,0.0,Al-Qaida in the Arabian Peninsula (AQAP)
80500,2017,5,24,0,92,6,128,2232,19.15366,81.432457,2.0,0,0.0,1,0,3,3,85,92.0,0,6,0.0,0,0.0,Maoists
7717,1981,6,3,0,603,8,190,1610,55.011562,-7.312045,1.0,0,0.0,1,0,2,4,2198,216.0,0,5,1.0,1,0.0,Irish Republican Army (IRA)
55299,2013,4,29,0,208,10,314,2383,35.239591,8.750597,1.0,1,1.0,1,0,3,4,48,208.0,0,6,0.0,0,0.0,Muslim extremists
21919,1989,4,15,0,183,11,19,154,-26.353159,28.132727,1.0,0,0.0,1,0,3,2,400,183.0,0,6,1.0,0,0.0,African National Congress (South Africa)
33338,1994,8,11,0,69,8,136,24,41.918891,8.737554,4.0,0,1.0,1,0,3,2,1643,69.0,0,6,0.0,1,0.0,Corsican National Liberation Front (FLNC)
51778,2012,4,26,0,4,6,520,3584,34.69786,70.835779,2.0,0,1.0,1,0,2,4,48,422.0,0,5,6.0,0,0.0,Taliban
43515,2007,1,21,0,186,6,262,2052,9.82486,80.236347,1.0,0,0.0,1,1,3,11,2570,92.0,0,6,2.0,1,0.0,Liberation Tigers of Tamil Eelam (LTTE)
53744,2012,11,3,0,92,6,287,2250,26.353568,83.552696,1.0,0,0.0,0,0,3,20,6,92.0,0,6,0.0,0,0.0,Maoists
77738,2016,11,24,0,138,5,337,2424,16.923858,96.226976,1.0,0,0.0,1,0,3,2,3084,138.0,0,6,0.0,1,0.0,Muslim extremists
15023,1986,1,14,0,145,2,438,2850,13.131923,-86.345742,3.0,0,0.0,1,0,2,2,3521,145.0,0,5,1.0,1,0.0,Nicaraguan Democratic Force (FDN)
71921,2015,12,26,0,4,6,521,3612,32.912468,69.260803,1.0,0,0.0,1,0,2,3,20,4.0,0,5,8.0,0,0.0,Taliban
70194,2015,9,19,0,92,6,128,838,20.200434,81.072956,3.0,0,0.0,0,0,3,4,48,92.0,0,6,0.0,0,0.0,Maoists
9694,1983,1,22,0,61,2,154,1247,13.653775,-88.681393,1.0,0,0.0,1,0,3,21,1862,61.0,0,6,0.0,1,0.0,Farabundo Marti National Liberation Front (FMLN)
52289,2012,6,13,0,95,10,34,287,33.375759,44.702866,1.0,0,1.0,1,0,3,14,13,95.0,0,6,2.0,0,0.0,Al-Qaida in Iraq
59691,2014,4,17,0,92,6,127,2265,22.355911,85.519466,3.0,0,0.0,0,0,3,2,2895,92.0,0,6,0.0,0,0.0,Maoists
7436,1981,3,6,0,45,3,385,3187,8.402925,-75.899867,4.0,0,0.0,1,0,2,4,1762,45.0,0,5,3.0,1,0.0,Revolutionary Armed Forces of Colombia (FARC)
22742,1989,8,17,0,186,6,262,1985,8.757816,80.487907,1.0,0,0.0,1,0,3,14,1065,186.0,0,6,8.0,1,0.0,Liberation Tigers of Tamil Eelam (LTTE)
60323,2014,5,22,0,228,10,54,24,14.483333,46.416667,4.0,0,0.0,1,0,2,4,20,228.0,0,5,4.0,0,0.0,Al-Qaida in the Arabian Peninsula (AQAP)
14810,1985,11,25,0,43,3,272,2103,-36.816006,-73.037659,1.0,0,0.0,1,0,3,2,2752,43.0,0,6,1.0,1,0.0,Manuel Rodriguez Patriotic Front (FPMR)
16395,1986,11,8,0,145,2,437,2977,13.7585,-86.01843,1.0,0,0.0,1,0,2,1,3526,145.0,0,5,5.0,1,0.0,Nicaraguan Democratic Force (FDN)
12113,1984,4,26,0,145,2,436,2889,13.45327,-86.029633,1.0,0,0.0,1,0,2,14,3542,145.0,0,5,13.0,1,0.0,Nicaraguan Democratic Force (FDN)
17261,1987,5,19,0,159,3,277,2111,-11.967368,-76.978462,1.0,0,1.0,1,0,3,16,3785,159.0,0,6,0.0,1,0.0,Shining Path (SL)
39281,2001,8,12,0,141,6,266,2151,27.862527,85.113974,1.0,0,1.0,1,0,7,3,2869,141.0,0,5,0.0,1,0.0,Maoists
16088,1986,8,15,0,43,3,271,2099,-33.366238,-70.505302,1.0,0,1.0,1,0,7,1,2721,43.0,0,8,0.0,1,0.0,Manuel Rodriguez Patriotic Front (FPMR)
28070,1991,8,7,0,159,3,486,3853,-6.613881,-76.695042,1.0,0,0.0,1,0,2,14,4767,159.0,0,5,1.0,1,0.0,Tupac Amaru Revolutionary Movement (MRTA)
13213,1984,12,30,0,43,3,271,2099,-33.366238,-70.505302,1.0,0,0.0,1,0,2,3,2788,43.0,0,5,1.0,1,0.0,Manuel Rodriguez Patriotic Front (FPMR)
64769,2014,12,30,0,95,10,37,255,36.354145,43.14357,1.0,0,1.0,1,0,3,15,2300,95.0,0,6,0.0,1,0.0,Islamic State of Iraq and the Levant (ISIL)
30385,1992,5,21,0,209,10,237,24,37.899242,38.458793,4.0,0,0.0,1,0,2,4,562,209.0,0,5,3.0,1,0.0,Kurdistan Workers' Party (PKK)
23076,1989,9,15,0,183,11,19,147,-25.718321,28.408798,1.0,0,0.0,1,0,3,3,314,183.0,0,6,0.0,1,0.0,African National Congress (South Africa)
64813,2015,1,1,0,214,9,146,1111,48.251964,38.323397,1.0,0,0.0,1,0,3,4,48,214.0,0,6,0.0,-9,0.0,Donetsk People's Republic
69379,2015,8,9,0,214,9,146,1097,48.327225,38.025673,1.0,1,0.0,1,0,3,4,48,214.0,0,6,1.0,-9,0.0,Donetsk People's Republic
71047,2015,11,2,0,4,6,514,3537,33.791877,69.911399,3.0,0,1.0,1,0,2,3,2901,4.0,0,5,16.0,0,0.0,Taliban
75687,2016,7,29,0,214,9,146,1098,47.351321,37.931012,1.0,0,1.0,0,0,2,7,162,422.0,0,5,0.0,0,0.0,Donetsk People's Republic
77578,2016,11,16,0,45,3,360,2512,7.889097,-72.49669,1.0,0,0.0,1,0,3,3,59,45.0,0,6,0.0,1,0.0,National Liberation Army of Colombia (ELN)
47170,2009,10,7,0,160,5,0,5,6.660501,122.138992,1.0,0,0.0,1,0,3,14,13,160.0,0,6,0.0,1,0.0,Abu Sayyaf Group (ASG)
6759,1980,7,2,0,61,2,150,1156,13.69288,-89.199161,1.0,0,1.0,1,0,3,1,321,61.0,0,6,1.0,1,0.0,Farabundo Marti National Liberation Front (FMLN)
42853,2006,4,1,0,160,5,392,2628,12.21814,123.50951,1.0,0,0.0,1,0,2,2,3331,160.0,0,5,0.0,1,1.0,New People's Army (NPA)
938,1972,5,20,0,603,8,190,24,54.787715,-6.492314,4.0,0,0.0,1,0,1,4,2156,233.0,0,5,1.0,0,0.0,Irish Republican Army (IRA)
78520,2017,1,17,0,147,11,112,1348,9.835,8.406111,3.0,0,0.0,1,0,2,14,27,147.0,0,5,3.0,0,0.0,Fulani extremists
15972,1986,7,21,0,43,3,271,2099,-33.366238,-70.505302,1.0,0,0.0,1,0,3,2,1171,43.0,0,6,0.0,1,0.0,Manuel Rodriguez Patriotic Front (FPMR)
13490,1985,3,13,0,145,2,437,2944,13.853697,-85.593154,3.0,1,0.0,1,0,2,4,1762,145.0,0,5,8.0,1,0.0,Nicaraguan Democratic Force (FDN)
24004,1990,1,2,1,155,10,327,1474,31.502407,34.459743,1.0,0,0.0,1,0,6,14,3739,155.0,0,9,1.0,0,1.0,Palestinians
53382,2012,9,29,0,92,6,128,981,18.257257,81.298996,1.0,0,0.0,1,0,2,3,167,92.0,0,5,0.0,-9,0.0,Maoists
45849,2008,12,13,0,160,5,388,2650,10.801934,123.488506,1.0,0,0.0,1,0,3,16,3366,160.0,0,6,0.0,1,0.0,New People's Army (NPA)
1799,1974,8,26,0,603,8,190,1617,54.446968,-6.39292,1.0,0,0.0,1,0,1,4,2058,216.0,0,5,1.0,0,0.0,Irish Republican Army (IRA)
25880,1990,9,28,0,92,6,339,3449,31.448943,74.925262,1.0,0,0.0,1,0,3,2,4339,92.0,0,6,1.0,1,0.0,Sikh Extremists
15350,1986,3,26,0,43,3,271,2099,-33.366238,-70.505302,1.0,0,1.0,1,0,3,1,2701,43.0,0,6,0.0,1,0.0,Manuel Rodriguez Patriotic Front (FPMR)
53438,2012,10,4,0,153,6,427,3733,34.567793,71.480221,2.0,0,0.0,1,0,2,4,2901,153.0,0,6,7.0,0,0.0,Tehrik-i-Taliban Pakistan (TTP)
15428,1986,4,3,0,159,3,277,2111,-11.967368,-76.978462,1.0,0,0.0,1,0,2,3,371,159.0,0,5,1.0,1,0.0,Tupac Amaru Revolutionary Movement (MRTA)
57735,2013,12,16,0,160,5,358,2764,7.353767,125.147445,1.0,0,0.0,1,0,3,4,48,160.0,0,6,0.0,0,0.0,New People's Army (NPA)
59964,2014,5,3,0,214,9,146,1092,48.730804,37.574596,1.0,0,0.0,1,0,7,19,1710,214.0,0,8,0.0,1,0.0,Donetsk People's Republic
22010,1989,4,26,0,160,5,400,2660,10.974698,124.893489,1.0,0,0.0,1,0,2,3,162,160.0,0,5,6.0,1,0.0,New People's Army (NPA)
27675,1991,7,2,0,61,2,148,1180,13.95,-88.63333,1.0,0,0.0,1,0,2,3,562,61.0,0,5,2.0,1,0.0,Farabundo Marti National Liberation Front (FMLN)
5285,1979,6,16,0,69,8,137,132,48.856644,2.34233,1.0,0,0.0,0,0,3,2,443,69.0,0,6,0.0,0,0.0,Corsican National Liberation Front (FLNC)
36761,1998,1,26,0,186,6,266,2021,7.29384,80.640669,1.0,0,0.0,1,1,3,15,2531,186.0,0,6,26.0,1,0.0,Liberation Tigers of Tamil Eelam (LTTE)
13556,1985,3,28,0,159,3,277,2111,-11.967368,-76.978462,1.0,0,1.0,1,0,3,9,4818,159.0,0,6,1.0,1,0.0,Tupac Amaru Revolutionary Movement (MRTA)
76589,2016,9,21,0,95,10,36,1702,34.458684,43.795649,3.0,0,0.0,1,0,3,14,853,95.0,0,6,0.0,1,0.0,Islamic State of Iraq and the Levant (ISIL)
66554,2015,3,25,0,92,6,128,2209,18.79771,80.812864,2.0,1,0.0,1,0,3,3,2915,92.0,0,6,0.0,0,0.0,Maoists
81993,2017,8,20,0,60,10,291,2347,31.250196,34.24128,1.0,0,0.0,1,0,3,4,559,60.0,0,6,1.0,1,0.0,Muslim extremists
22303,1989,6,15,0,183,11,19,201,-26.249031,27.944123,1.0,0,0.0,1,0,1,3,368,183.0,0,5,1.0,0,0.0,African National Congress (South Africa)
20472,1988,10,8,0,61,2,150,1156,13.69288,-89.199161,1.0,0,0.0,1,0,2,7,1767,217.0,0,5,0.0,1,0.0,Farabundo Marti National Liberation Front (FMLN)
73710,2016,4,5,0,92,6,128,2228,19.59336,81.663485,2.0,0,1.0,1,0,6,14,566,92.0,0,9,1.0,0,1.0,Maoists
74089,2016,4,28,0,228,10,48,310,12.825647,44.846416,1.0,0,0.0,0,1,1,3,653,228.0,0,6,1.0,1,0.0,Al-Qaida in the Arabian Peninsula (AQAP)
68713,2015,7,7,0,160,5,1,22,6.047448,121.00131,1.0,0,0.0,1,0,3,4,59,160.0,0,6,0.0,0,0.0,Abu Sayyaf Group (ASG)
20208,1988,8,25,0,61,2,158,1222,13.723925,-88.089839,1.0,0,0.0,1,0,1,2,1828,61.0,0,5,1.0,0,0.0,Farabundo Marti National Liberation Front (FMLN)
9676,1983,1,18,0,159,3,480,3285,-13.952269,-71.653815,1.0,0,0.0,1,0,1,14,4071,159.0,0,5,2.0,0,0.0,Shining Path (SL)
29338,1991,12,26,0,45,3,365,2486,9.56049,-73.33269,1.0,0,0.0,1,0,6,2,3142,45.0,0,5,0.0,0,1.0,National Liberation Army of Colombia (ELN)
18282,1987,10,18,0,92,6,339,3436,31.819789,75.692805,1.0,0,0.0,1,0,2,14,4292,92.0,0,5,1.0,1,0.0,Sikh Extremists
13625,1985,4,14,0,61,2,157,1161,13.83553,-88.985462,1.0,0,0.0,1,0,2,4,1762,61.0,0,5,1.0,1,0.0,Farabundo Marti National Liberation Front (FMLN)
78916,2017,2,12,0,95,10,37,255,36.354145,43.14357,1.0,0,1.0,1,0,3,14,1288,95.0,0,6,1.0,-9,0.0,Islamic State of Iraq and the Levant (ISIL)
53932,2012,11,27,0,92,6,134,2169,19.414501,80.590422,1.0,1,0.0,0,0,2,3,12,92.0,0,5,0.0,0,0.0,Maoists
80314,2017,5,16,0,95,10,34,1752,34.020425,44.345185,2.0,0,0.0,1,0,3,20,6,95.0,0,6,3.0,0,0.0,Islamic State of Iraq and the Levant (ISIL)
72073,2016,1,3,0,182,11,83,458,4.649988,46.544292,2.0,0,1.0,1,0,2,14,863,182.0,0,5,1.0,0,0.0,Al-Shabaab
79391,2017,3,14,0,92,6,126,872,24.79082,85.006213,2.0,1,0.0,1,0,2,17,1387,92.0,0,5,1.0,0,0.0,Communist Party of India - Maoist (CPI-Maoist)
14833,1985,11,28,0,183,11,26,171,-23.00124,29.768678,1.0,0,0.0,0,0,3,4,370,183.0,0,6,0.0,1,0.0,African National Congress (South Africa)
42388,2005,9,16,0,95,10,33,248,33.303566,44.371773,1.0,0,0.0,1,1,3,3,6,95.0,0,6,4.0,-9,0.0,Al-Qaida in Iraq
9368,1982,11,4,0,185,8,89,520,40.465595,-3.696263,1.0,0,0.0,1,0,1,4,1125,185.0,0,5,1.0,0,0.0,Basque Fatherland and Freedom (ETA)
82749,2017,10,14,1,160,5,1,1,6.301814,120.583623,1.0,0,0.0,1,0,6,14,1,160.0,0,5,0.0,0,1.0,Abu Sayyaf Group (ASG)
28693,1991,10,17,0,61,2,151,1177,13.938518,-88.901366,1.0,0,1.0,1,0,3,21,1777,61.0,0,6,0.0,1,0.0,Farabundo Marti National Liberation Front (FMLN)
14156,1985,7,1,0,69,8,136,24,41.918891,8.737554,4.0,0,1.0,1,0,3,3,1579,69.0,0,6,0.0,1,0.0,Corsican National Liberation Front (FLNC)
62884,2014,9,19,0,92,6,126,2178,24.973625,86.724307,2.0,0,1.0,1,0,3,16,1419,92.0,0,6,0.0,1,0.0,Maoists
73041,2016,2,24,0,147,11,167,1414,7.867093,8.094519,1.0,0,1.0,1,0,2,14,27,147.0,0,5,50.0,1,0.0,Fulani extremists
81337,2017,7,10,0,153,6,427,3797,33.418412,70.468875,2.0,1,1.0,1,0,3,4,559,153.0,0,6,0.0,0,0.0,Tehrik-i-Taliban Pakistan (TTP)
971,1972,6,11,0,603,8,190,1610,55.011562,-7.312045,1.0,0,0.0,1,0,1,4,2175,216.0,0,5,1.0,0,0.0,Irish Republican Army (IRA)
6579,1980,5,2,0,155,10,456,3048,31.530243,35.094162,1.0,0,0.0,1,0,3,14,3658,97.0,0,5,4.0,1,0.0,Palestinians
33672,1994,11,28,0,75,8,248,1879,53.074981,8.807081,1.0,0,0.0,1,0,7,1,2403,209.0,0,8,0.0,1,0.0,Kurdistan Workers' Party (PKK)
33303,1994,7,29,0,97,10,458,3037,31.771599,35.2034,1.0,0,0.0,1,0,1,4,3711,97.0,0,9,0.0,0,0.0,Palestinians
63093,2014,9,28,0,228,10,51,326,15.8275,44.793889,1.0,0,0.0,1,1,3,17,577,228.0,0,6,16.0,1,0.0,Al-Qaida in the Arabian Peninsula (AQAP)
15414,1986,3,30,0,145,2,436,2980,13.212326,-86.110558,1.0,0,0.0,1,0,2,4,1762,145.0,0,5,1.0,1,0.0,Nicaraguan Democratic Force (FDN)
23980,1989,12,29,0,155,10,327,1474,31.502407,34.459743,1.0,0,0.0,1,0,1,14,3639,155.0,0,9,1.0,0,0.0,Palestinians
15146,1986,2,4,0,159,3,277,2111,-11.967368,-76.978462,1.0,0,1.0,1,0,3,2,4179,159.0,0,6,0.0,1,0.0,Tupac Amaru Revolutionary Movement (MRTA)
12912,1984,10,12,0,603,8,49,1660,50.819522,-0.13642,1.0,0,0.0,0,0,1,2,2169,216.0,0,6,4.0,0,0.0,Irish Republican Army (IRA)
49085,2010,12,25,0,160,5,1,22,6.050458,121.012245,1.0,0,0.0,1,0,3,15,171,160.0,0,6,0.0,1,0.0,Abu Sayyaf Group (ASG)
19198,1988,3,21,0,603,8,190,1610,55.011562,-7.312045,1.0,0,0.0,1,0,1,3,2136,233.0,0,5,1.0,0,0.0,Irish Republican Army (IRA)
16621,1987,1,15,0,159,3,277,2111,-11.967368,-76.978462,1.0,0,1.0,1,0,3,1,4182,159.0,0,6,0.0,1,0.0,Shining Path (SL)
33035,1994,5,17,0,209,10,233,24,39.067995,40.777644,4.0,0,0.0,1,0,2,4,562,209.0,0,5,1.0,1,0.0,Kurdistan Workers' Party (PKK)
42625,2006,1,21,0,141,6,266,2164,26.782869,85.277592,1.0,0,0.0,1,0,3,2,2879,141.0,0,6,0.0,1,0.0,Maoists
18601,1987,12,14,1,43,3,276,2110,-35.431253,-71.657786,2.0,0,0.0,1,0,3,19,2770,43.0,0,6,0.0,1,0.0,Manuel Rodriguez Patriotic Front (FPMR)
66994,2015,4,18,0,182,11,79,422,11.274796,49.179657,1.0,0,0.0,1,0,2,3,825,182.0,0,6,0.0,1,0.0,Al-Shabaab
66516,2015,3,23,0,214,9,146,1081,48.064426,37.673248,1.0,0,0.0,1,0,2,4,48,214.0,0,6,0.0,0,0.0,Donetsk People's Republic
20023,1988,7,25,0,43,3,270,1256,-33.583745,-71.613065,1.0,0,0.0,1,0,3,1,1574,43.0,0,6,0.0,1,0.0,Manuel Rodriguez Patriotic Front (FPMR)
32427,1994,2,7,0,45,3,367,2493,7.116294,-73.120026,1.0,0,0.0,1,0,3,2,3145,45.0,0,6,0.0,1,0.0,National Liberation Army of Colombia (ELN)
46990,2009,8,15,0,160,5,401,2677,13.493886,123.325117,1.0,0,0.0,1,0,7,16,3367,160.0,0,8,0.0,1,0.0,New People's Army (NPA)
73961,2016,4,20,0,92,6,127,860,22.650028,86.360299,1.0,0,0.0,1,0,3,3,1373,92.0,0,6,0.0,1,0.0,Communist Party of India - Maoist (CPI-Maoist)
32091,1992,12,16,0,45,3,360,2512,7.894195,-72.503885,1.0,0,1.0,0,0,3,20,3194,45.0,0,6,0.0,1,0.0,National Liberation Army of Colombia (ELN)
11615,1984,2,18,0,603,8,190,1655,54.103436,-6.193593,1.0,0,0.0,1,0,3,1,2158,233.0,0,6,1.0,1,0.0,Irish Republican Army (IRA)
26193,1990,11,25,0,92,6,339,3419,31.326015,75.576183,1.0,0,0.0,1,0,2,14,4379,92.0,0,5,15.0,0,0.0,Sikh Extremists
52935,2012,8,13,0,92,6,131,941,21.3333,83.6167,2.0,0,0.0,1,0,2,3,1467,92.0,0,5,1.0,0,0.0,Communist Party of India - Maoist (CPI-Maoist)
28076,1991,8,8,0,92,6,339,3449,31.448943,74.925262,1.0,0,0.0,1,0,3,3,3004,92.0,0,6,7.0,1,0.0,Sikh Extremists
68769,2015,7,10,0,147,11,108,625,12.359468,14.210929,1.0,0,0.0,1,0,6,14,13,147.0,0,5,8.0,0,1.0,Boko Haram
47794,2010,3,25,0,92,6,127,789,23.744186,84.504429,3.0,0,0.0,1,0,2,20,1392,92.0,0,5,1.0,0,0.0,Communist Party of India - Maoist (CPI-Maoist)
51282,2012,3,6,0,147,11,108,614,11.655408,13.412932,1.0,0,1.0,1,0,3,3,175,147.0,0,6,0.0,1,0.0,Boko Haram
59986,2014,5,5,0,228,10,53,315,15.325443,44.211895,1.0,0,0.0,1,0,3,4,56,228.0,0,6,0.0,1,0.0,Al-Qaida in the Arabian Peninsula (AQAP)
55747,2013,6,16,0,95,10,37,255,36.354145,43.14357,1.0,1,1.0,1,0,2,3,85,95.0,0,5,4.0,0,0.0,Islamic State of Iraq and the Levant (ISIL)
53396,2012,9,30,0,95,10,34,298,33.571807,44.536067,1.0,0,1.0,1,0,3,14,13,95.0,0,6,1.0,-9,0.0,Al-Qaida in Iraq
77689,2016,11,18,1,147,11,122,1423,8.660257,7.260114,2.0,0,0.0,1,0,6,14,27,147.0,0,5,1.0,1,1.0,Fulani extremists
82736,2017,10,13,0,147,11,108,628,12.366749,13.828885,1.0,0,0.0,1,0,2,4,577,147.0,0,5,1.0,0,0.0,Boko Haram
52288,2012,6,13,0,95,10,34,252,33.100529,44.584492,1.0,0,1.0,1,0,3,14,13,95.0,0,6,3.0,0,0.0,Al-Qaida in Iraq
13411,1985,2,20,0,145,2,438,2914,13.35664,-86.26401,1.0,0,0.0,1,0,2,4,1762,145.0,0,5,7.0,1,0.0,Nicaraguan Democratic Force (FDN)
40481,2002,12,9,0,45,3,364,2485,4.667128,-74.106056,1.0,0,0.0,1,0,3,3,3974,45.0,0,6,0.0,1,0.0,Revolutionary Armed Forces of Colombia (FARC)
47085,2009,9,9,0,92,6,128,820,18.446111,81.166667,1.0,0,0.0,1,0,3,3,1331,92.0,0,6,0.0,-9,0.0,Communist Party of India - Maoist (CPI-Maoist)
29711,1992,2,19,0,159,3,277,2111,-11.967368,-76.978462,1.0,0,0.0,1,0,1,3,4102,159.0,0,5,1.0,0,0.0,Shining Path (SL)
46743,2009,6,26,0,153,6,427,3802,34.110325,71.163803,1.0,0,0.0,1,0,3,14,4679,153.0,0,6,0.0,1,0.0,Tehrik-i-Taliban Pakistan (TTP)
40385,2002,10,17,0,160,5,4,15,6.929089,122.07885,1.0,0,1.0,1,0,3,14,16,160.0,0,6,3.0,1,0.0,Abu Sayyaf Group (ASG)
47984,2010,5,8,0,4,6,521,3627,33.117778,69.015556,3.0,0,0.0,1,0,2,14,4506,4.0,0,5,1.0,0,0.0,Taliban
56834,2013,9,18,0,92,6,128,2238,18.69544,81.221995,1.0,0,0.0,1,0,7,1,2931,92.0,0,8,0.0,1,0.0,Maoists
30461,1992,6,1,0,186,6,218,1999,9.18158,80.846082,1.0,0,0.0,1,0,2,4,562,186.0,0,5,7.0,1,0.0,Liberation Tigers of Tamil Eelam (LTTE)
72816,2016,2,13,0,4,6,513,3650,32.08908,64.937793,2.0,0,0.0,1,1,3,3,524,4.0,0,6,7.0,0,0.0,Taliban
49759,2011,6,11,0,153,6,353,3722,34.006004,71.53743,1.0,0,1.0,1,0,3,1,4599,153.0,0,6,18.0,1,0.0,Tehrik-i-Taliban Pakistan (TTP)
26510,1991,1,10,0,97,10,458,3037,31.771599,35.2034,1.0,0,0.0,1,0,7,7,3708,217.0,0,8,0.0,1,0.0,Palestinians
67258,2015,4,29,0,4,6,506,3526,34.516895,69.147011,1.0,0,0.0,1,0,3,14,926,4.0,0,6,4.0,-9,0.0,Taliban
24872,1990,5,5,0,603,8,190,1656,54.131402,-6.586387,1.0,0,0.0,1,0,1,4,2160,216.0,0,5,1.0,0,0.0,Irish Republican Army (IRA)
16648,1987,1,18,0,145,2,440,2866,11.966667,-85.166667,1.0,0,0.0,1,0,6,1,3529,145.0,0,5,1.0,1,1.0,Nicaraguan Democratic Force (FDN)
55070,2013,4,7,1,160,5,4,15,6.929089,122.07885,1.0,0,0.0,1,0,6,1,135,160.0,0,5,1.0,0,1.0,Abu Sayyaf Group (ASG)
16903,1987,3,16,0,183,11,19,144,-26.160769,27.78543,1.0,0,0.0,1,0,3,3,275,183.0,0,6,0.0,1,0.0,African National Congress (South Africa)
50118,2011,9,27,0,228,10,48,310,12.825647,44.846416,1.0,0,0.0,0,1,1,2,654,228.0,0,6,1.0,1,0.0,Al-Qaida in the Arabian Peninsula (AQAP)
8386,1982,2,12,0,69,8,138,1026,43.296482,5.36978,1.0,0,0.0,1,0,3,14,1589,69.0,0,6,0.0,1,0.0,Corsican National Liberation Front (FLNC)
60329,2014,5,23,0,228,10,54,24,14.708049,46.384954,4.0,0,0.0,1,0,3,4,12,228.0,0,6,4.0,1,0.0,Al-Qaida in the Arabian Peninsula (AQAP)
27432,1991,5,31,0,97,10,327,3096,31.451665,34.39413,1.0,0,0.0,1,0,3,14,3775,155.0,0,5,1.0,1,0.0,Palestinians
48844,2010,11,2,0,95,10,33,248,33.303566,44.371773,1.0,0,1.0,1,0,3,1,496,95.0,0,6,1.0,1,0.0,Al-Qaida in Iraq
29199,1991,12,6,0,97,10,456,3045,32.410221,35.281722,1.0,0,0.0,1,0,3,4,577,97.0,0,6,0.0,1,0.0,Palestinians
46632,2009,6,5,0,153,6,534,3773,35.202293,71.873006,1.0,1,0.0,1,1,3,15,4650,153.0,0,6,31.0,-9,0.0,Tehrik-i-Taliban Pakistan (TTP)
27862,1991,7,17,0,159,3,536,3850,-12.050894,-77.126074,1.0,0,0.0,1,0,3,21,4754,159.0,0,6,0.0,1,0.0,Tupac Amaru Revolutionary Movement (MRTA)
60017,2014,5,6,0,214,9,146,1076,47.981647,37.762325,1.0,0,0.0,0,0,2,4,577,214.0,0,6,0.0,0,0.0,Donetsk People's Republic
18116,1987,9,24,0,43,3,271,2099,-33.366238,-70.505302,1.0,0,0.0,1,0,3,1,1585,43.0,0,6,0.0,1,0.0,Manuel Rodriguez Patriotic Front (FPMR)
56444,2013,8,13,0,60,10,291,2354,31.126646,33.800865,1.0,0,1.0,1,0,3,1,3050,60.0,0,6,0.0,0,0.0,Muslim extremists
12751,1984,9,5,0,183,11,24,150,-25.661361,27.247563,1.0,0,0.0,1,0,3,21,383,183.0,0,6,0.0,1,0.0,African National Congress (South Africa)
5427,1979,8,4,0,185,8,86,511,43.18418,-2.473289,1.0,0,0.0,1,0,1,3,981,185.0,0,5,1.0,0,0.0,Basque Fatherland and Freedom (ETA)
69538,2015,8,16,0,209,10,229,1820,40.871254,43.458685,1.0,1,0.0,1,0,3,4,48,209.0,0,6,4.0,-9,0.0,Kurdistan Workers' Party (PKK)
17932,1987,8,26,0,159,3,477,3303,-12.955214,-74.252729,1.0,0,1.0,1,0,3,21,2767,159.0,0,6,0.0,1,0.0,Shining Path (SL)
29403,1992,1,6,0,92,6,339,3399,30.898024,75.860077,1.0,0,0.0,1,0,3,1,4283,92.0,0,6,0.0,1,0.0,Sikh Extremists
14876,1985,12,3,0,145,2,437,2879,13.78108,-86.5534,1.0,0,0.0,1,0,2,4,1762,145.0,0,5,1.0,1,0.0,Nicaraguan Democratic Force (FDN)
7255,1981,1,18,0,159,3,477,3278,-13.152712,-74.218628,1.0,0,0.0,0,0,3,9,4148,159.0,0,6,0.0,0,0.0,Shining Path (SL)
70115,2015,9,15,0,4,6,526,3613,33.373471,68.457719,1.0,0,0.0,1,0,2,4,48,4.0,0,5,6.0,1,0.0,Taliban
12594,1984,8,7,0,43,3,271,2099,-33.366238,-70.505302,1.0,0,1.0,1,0,3,21,2742,43.0,0,6,0.0,1,0.0,Manuel Rodriguez Patriotic Front (FPMR)
12878,1984,10,4,0,69,8,144,1051,45.764043,4.835659,1.0,0,0.0,1,0,3,2,1630,69.0,0,6,0.0,1,0.0,Corsican National Liberation Front (FLNC)
18614,1987,12,16,0,92,6,283,3475,22.436707,71.921609,1.0,0,0.0,1,0,1,14,4355,92.0,0,5,5.0,0,0.0,Sikh Extremists
30787,1992,7,21,0,159,3,277,2111,-11.967368,-76.978462,1.0,0,0.0,1,0,3,19,4057,159.0,0,6,0.0,1,0.0,Shining Path (SL)
35822,1996,10,14,0,186,6,262,1980,9.666399,80.020477,1.0,0,0.0,1,0,1,20,2577,186.0,0,5,1.0,0,0.0,Liberation Tigers of Tamil Eelam (LTTE)
61681,2014,7,19,0,60,10,291,2354,31.126646,33.800865,1.0,1,0.0,1,0,3,21,1729,60.0,0,6,0.0,1,0.0,Muslim extremists
19823,1988,6,20,0,183,11,20,202,-32.949255,27.734962,1.0,0,0.0,1,0,1,3,275,183.0,0,6,0.0,1,0.0,African National Congress (South Africa)
69441,2015,8,12,0,209,10,224,1881,39.349569,39.209312,3.0,0,0.0,1,0,3,3,559,209.0,0,6,0.0,1,0.0,Kurdistan Workers' Party (PKK)
68600,2015,7,1,0,45,3,363,3149,6.885648,-75.335829,3.0,0,0.0,1,0,3,4,3881,45.0,0,6,1.0,0,0.0,Revolutionary Armed Forces of Colombia (FARC)
16081,1986,8,14,0,185,8,86,512,43.258434,-2.921819,1.0,0,0.0,1,0,3,3,371,185.0,0,6,0.0,1,0.0,Basque Fatherland and Freedom (ETA)
53194,2012,9,8,0,95,10,36,278,34.92485,43.491413,1.0,0,1.0,1,0,3,14,13,95.0,0,6,0.0,1,0.0,Al-Qaida in Iraq
12822,1984,9,23,0,145,2,436,2957,13.130707,-85.971684,2.0,1,0.0,1,0,2,4,1885,145.0,0,5,4.0,1,0.0,Nicaraguan Democratic Force (FDN)
65905,2015,2,17,0,228,10,50,319,14.54397,49.12458,1.0,0,0.0,1,0,1,3,658,228.0,0,5,2.0,1,0.0,Al-Qaida in the Arabian Peninsula (AQAP)
32798,1994,4,9,0,603,8,190,24,54.787715,-6.492314,4.0,0,1.0,1,0,2,4,2188,216.0,0,5,0.0,1,0.0,Irish Republican Army (IRA)
29279,1991,12,19,0,155,10,456,3033,32.222271,35.253506,1.0,0,0.0,1,0,2,19,3702,97.0,0,8,0.0,1,0.0,Palestinians
16207,1986,9,15,0,145,2,446,2986,13.01921,-84.73632,1.0,0,0.0,1,0,2,4,1772,145.0,0,5,6.0,1,0.0,Nicaraguan Democratic Force (FDN)
63398,2014,10,13,0,182,11,68,405,2.059819,45.326115,1.0,0,0.0,1,0,6,14,815,182.0,0,9,1.0,0,1.0,Al-Shabaab
45298,2008,7,29,0,185,8,87,509,36.621787,-4.500273,1.0,0,0.0,1,0,3,1,1093,185.0,0,6,0.0,1,0.0,Basque Fatherland and Freedom (ETA)
29589,1992,2,1,0,92,6,493,3435,30.378179,76.776697,1.0,1,0.0,1,0,1,2,4291,92.0,0,5,5.0,0,0.0,Sikh Extremists
10843,1983,9,17,0,603,8,190,1613,54.347539,-6.656108,1.0,0,0.0,1,0,7,1,2146,233.0,0,8,0.0,1,0.0,Irish Republican Army (IRA)
37491,1999,7,8,1,45,3,363,2100,5.615262,-75.624692,1.0,0,0.0,0,0,3,3,3927,45.0,0,6,25.0,1,0.0,Revolutionary Armed Forces of Colombia (FARC)
62284,2014,8,17,0,209,10,234,1841,38.053899,40.375494,3.0,0,0.0,1,0,6,1,2388,209.0,0,9,0.0,0,1.0,Kurdistan Workers' Party (PKK)
81777,2017,8,5,0,147,11,172,1312,7.95745,5.547937,1.0,0,0.0,1,0,1,2,1918,147.0,0,5,1.0,0,0.0,Fulani extremists
7371,1981,2,13,0,69,8,137,132,48.856644,2.34233,1.0,0,0.0,1,0,3,19,1566,69.0,0,6,1.0,1,0.0,Corsican National Liberation Front (FLNC)
18736,1988,1,13,0,92,6,339,3422,31.633979,74.872264,3.0,0,0.0,1,0,1,1,1943,92.0,0,5,1.0,0,0.0,Sikh Extremists
54120,2012,12,31,0,95,10,42,269,32.777344,44.289352,1.0,0,1.0,1,0,3,14,516,95.0,0,6,2.0,1,0.0,Al-Qaida in Iraq
83432,2017,12,10,0,160,5,404,2722,9.71623,125.504322,1.0,0,1.0,0,0,2,3,559,160.0,0,5,1.0,-9,0.0,New People's Army (NPA)
18597,1987,12,12,0,160,5,11,43,14.596051,120.978666,1.0,0,0.0,1,0,3,3,3410,160.0,0,6,0.0,1,0.0,New People's Army (NPA)
15766,1986,6,13,0,159,3,277,2111,-11.967368,-76.978462,1.0,1,1.0,1,0,3,9,4782,159.0,0,6,0.0,1,0.0,Tupac Amaru Revolutionary Movement (MRTA)
25707,1990,8,28,0,186,6,218,2029,9.616539,79.992,1.0,0,0.0,1,0,3,19,2546,186.0,0,6,0.0,1,0.0,Liberation Tigers of Tamil Eelam (LTTE)
40829,2003,4,19,0,45,3,372,24,8.670438,-74.030012,4.0,0,0.0,1,0,3,14,3855,45.0,0,6,0.0,-9,0.0,Revolutionary Armed Forces of Colombia (FARC)
78211,2016,12,25,0,95,10,37,255,36.354145,43.14357,1.0,1,0.0,0,1,3,3,85,95.0,0,6,21.0,0,0.0,Islamic State of Iraq and the Levant (ISIL)
49136,2011,1,9,0,92,6,131,913,22.235807,84.925348,1.0,0,0.0,1,0,3,19,1435,92.0,0,6,0.0,1,0.0,Communist Party of India - Maoist (CPI-Maoist)
63450,2014,10,15,0,228,10,53,315,15.325443,44.211895,1.0,0,0.0,1,0,1,4,720,228.0,0,5,1.0,0,0.0,Al-Qaida in the Arabian Peninsula (AQAP)
10803,1983,9,8,0,183,11,19,137,-26.184113,28.033232,1.0,1,0.0,1,0,3,21,268,183.0,0,6,0.0,1,0.0,African National Congress (South Africa)
61843,2014,7,26,0,45,3,360,2564,8.136308,-72.96894,2.0,0,0.0,1,0,7,1,3253,45.0,0,8,0.0,1,0.0,National Liberation Army of Colombia (ELN)
79596,2017,3,28,0,182,11,68,405,2.059819,45.326115,1.0,0,0.0,1,0,2,2,852,182.0,0,5,1.0,0,0.0,Al-Shabaab
35234,1996,4,16,0,45,3,362,24,1.637898,-77.745208,1.0,0,0.0,1,0,3,4,3922,45.0,0,6,31.0,1,0.0,Revolutionary Armed Forces of Colombia (FARC)
69380,2015,8,9,1,147,11,108,719,10.880887,12.503084,2.0,1,0.0,1,0,6,14,559,147.0,0,5,4.0,1,1.0,Boko Haram
18097,1987,9,20,0,160,5,401,2747,13.922197,122.595477,1.0,0,0.0,1,0,2,19,989,160.0,0,5,0.0,1,0.0,New People's Army (NPA)
74781,2016,6,5,0,147,11,167,1399,7.661906,9.594033,3.0,0,1.0,1,0,2,14,1925,147.0,0,5,15.0,1,0.0,Fulani extremists
44147,2007,9,16,0,95,10,34,275,33.953167,44.921906,1.0,0,1.0,1,0,2,14,6,95.0,0,5,14.0,1,0.0,Al-Qaida in Iraq
15610,1986,5,16,0,159,3,277,2111,-11.967368,-76.978462,1.0,0,1.0,1,0,7,1,4087,159.0,0,8,0.0,1,0.0,Shining Path (SL)
61708,2014,7,20,0,113,10,307,2370,32.867867,13.189067,1.0,0,0.0,1,0,3,6,355,113.0,0,6,0.0,1,0.0,Muslim extremists
49626,2011,5,13,0,153,6,353,3766,34.217285,71.561043,1.0,0,0.0,1,1,3,3,3026,153.0,0,6,82.0,1,0.0,Tehrik-i-Taliban Pakistan (TTP)
26578,1991,1,22,0,92,6,494,3415,28.690073,77.213982,1.0,0,0.0,1,0,3,3,4331,92.0,0,6,0.0,1,0.0,Sikh Extremists
11967,1984,4,8,0,145,2,439,2921,13.51031,-86.09602,1.0,0,0.0,1,0,2,4,1762,145.0,0,5,0.0,1,0.0,Nicaraguan Democratic Force (FDN)
52478,2012,7,1,0,95,10,34,250,33.74324,44.623825,1.0,0,0.0,1,0,3,20,6,95.0,0,6,1.0,0,0.0,Al-Qaida in Iraq
24386,1990,3,9,0,43,3,271,2099,-33.366238,-70.505302,1.0,0,0.0,1,0,3,4,2772,43.0,0,6,0.0,1,0.0,Manuel Rodriguez Patriotic Front (FPMR)
66719,2015,4,2,0,228,10,50,319,14.54397,49.12458,1.0,0,1.0,1,0,7,10,750,228.0,0,8,0.0,1,0.0,Al-Qaida in the Arabian Peninsula (AQAP)
58026,2014,1,10,1,45,3,360,2506,8.833333,-73.2,1.0,0,0.0,1,0,6,1,3166,45.0,0,5,0.0,0,1.0,National Liberation Army of Colombia (ELN)
18092,1987,9,19,0,45,3,368,24,2.535935,-75.52767,4.0,0,0.0,1,0,2,4,1892,45.0,0,5,2.0,1,0.0,Revolutionary Armed Forces of Colombia (FARC)
68895,2015,7,16,0,92,6,134,2184,15.800344,73.732776,1.0,0,0.0,1,0,7,2,560,92.0,0,8,0.0,1,0.0,Maoists
52122,2012,5,31,0,4,6,507,3617,31.461224,66.52239,3.0,0,0.0,1,1,3,3,2477,4.0,0,6,6.0,0,0.0,Taliban
77048,2016,10,17,0,182,11,66,403,1.789637,44.529976,1.0,0,0.0,1,0,2,4,577,422.0,0,6,0.0,-9,0.0,Al-Shabaab
27504,1991,6,9,0,159,3,475,3329,-12.068306,-75.210163,1.0,0,1.0,1,0,3,1,2132,159.0,0,6,0.0,1,0.0,Shining Path (SL)
19966,1988,7,16,0,183,11,25,164,-33.995515,18.584543,1.0,0,0.0,1,0,2,3,308,183.0,0,5,1.0,1,0.0,African National Congress (South Africa)
27290,1991,5,16,0,45,3,472,2978,5.25001,-70.26667,2.0,0,0.0,1,0,2,4,3912,45.0,0,5,1.0,1,0.0,Revolutionary Armed Forces of Colombia (FARC)
80360,2017,5,17,0,228,10,183,24,16.19005,42.882414,4.0,0,0.0,1,0,3,4,2018,422.0,0,6,15.0,0,0.0,Houthi extremists (Ansar Allah)
17834,1987,8,11,0,159,3,481,3362,-13.694444,-73.151944,1.0,0,0.0,1,0,2,14,4193,159.0,0,5,0.0,1,0.0,Shining Path (SL)
25666,1990,8,19,0,209,10,226,1909,37.37386,44.085328,3.0,0,0.0,1,0,2,3,2434,209.0,0,5,3.0,1,0.0,Kurdistan Workers' Party (PKK)
77671,2016,11,20,0,228,10,60,353,13.586484,44.024105,1.0,0,1.0,1,0,3,4,542,228.0,0,6,0.0,1,0.0,Houthi extremists (Ansar Allah)
41611,2004,9,19,0,209,10,230,1822,36.802461,34.629759,1.0,0,0.0,1,0,3,14,2359,209.0,0,6,0.0,1,0.0,Kurdistan Workers' Party (PKK)
53607,2012,10,20,1,92,6,131,870,18.363526,81.895253,2.0,0,0.0,1,0,6,14,1384,92.0,0,5,1.0,0,1.0,Communist Party of India - Maoist (CPI-Maoist)
68036,2015,6,3,0,214,9,146,1088,48.020912,37.529469,1.0,0,0.0,1,0,2,4,48,214.0,0,6,0.0,-9,0.0,Donetsk People's Republic
29157,1991,11,28,0,159,3,277,2111,-11.967368,-76.978462,1.0,0,1.0,1,0,3,1,766,159.0,0,6,0.0,1,0.0,Shining Path (SL)
35141,1996,3,10,0,160,5,7,15,6.929089,122.07885,1.0,0,0.0,1,0,3,15,35,160.0,0,6,1.0,1,0.0,Abu Sayyaf Group (ASG)
77452,2016,11,9,0,173,10,61,1566,17.447464,44.718525,1.0,0,0.0,1,0,3,1,2005,173.0,0,6,0.0,1,0.0,Houthi extremists (Ansar Allah)
74504,2016,5,20,0,153,6,353,3722,34.006004,71.53743,1.0,1,0.0,1,1,3,20,6,153.0,0,6,3.0,0,0.0,Tehrik-i-Taliban Pakistan (TTP)
66120,2015,3,2,0,214,9,146,1124,48.260742,37.859009,1.0,0,0.0,1,0,3,8,51,214.0,0,6,0.0,-9,0.0,Donetsk People's Republic
49257,2011,2,7,0,92,6,127,830,23.628333,85.521111,1.0,1,1.0,1,0,3,19,1342,92.0,0,6,0.0,1,0.0,Communist Party of India - Maoist (CPI-Maoist)
58990,2014,3,11,0,147,11,123,1442,11.721105,7.03656,2.0,0,1.0,1,0,2,14,27,147.0,0,5,7.0,1,0.0,Fulani extremists
79534,2017,3,23,0,160,5,387,2731,8.068792,125.488951,2.0,0,0.0,1,0,2,14,13,160.0,0,5,3.0,0,0.0,New People's Army (NPA)
20445,1988,10,5,0,45,3,372,3212,7.48008,-73.92076,1.0,0,0.0,1,0,6,14,3977,45.0,0,5,1.0,1,1.0,Revolutionary Armed Forces of Colombia (FARC)
48445,2010,8,9,0,45,3,369,2503,6.95894,-71.872647,1.0,1,0.0,0,0,3,4,3161,45.0,0,6,0.0,0,0.0,National Liberation Army of Colombia (ELN)
43075,2006,6,12,0,186,6,262,2057,9.059025,80.659303,1.0,0,0.0,1,0,3,2,2576,186.0,0,6,0.0,-9,0.0,Liberation Tigers of Tamil Eelam (LTTE)
46216,2009,3,10,0,186,6,265,2017,5.944433,80.549945,1.0,0,0.0,1,1,3,14,13,186.0,0,6,10.0,1,0.0,Liberation Tigers of Tamil Eelam (LTTE)
41813,2005,2,14,0,160,5,9,40,6.11622,125.169395,1.0,0,1.0,1,0,3,1,6,160.0,0,6,5.0,1,0.0,Abu Sayyaf Group (ASG)
19835,1988,6,23,0,92,6,339,3412,31.633078,74.878288,1.0,0,0.0,1,0,2,14,4380,92.0,0,5,2.0,1,0.0,Sikh Extremists
14292,1985,7,23,0,159,3,277,2111,-11.967368,-76.978462,1.0,0,0.0,1,0,7,14,4062,159.0,0,5,0.0,1,0.0,Shining Path (SL)
52241,2012,6,10,0,95,10,33,248,33.303566,44.371773,1.0,0,0.0,1,0,3,14,491,95.0,0,6,6.0,0,0.0,Muslim extremists
63396,2014,10,13,0,214,9,146,1128,47.177467,37.691212,1.0,1,1.0,1,0,3,4,1702,214.0,0,6,0.0,0,0.0,Donetsk People's Republic
70210,2015,9,20,0,209,10,226,1821,37.572424,44.284264,3.0,0,0.0,1,0,3,3,559,209.0,0,6,0.0,1,0.0,Kurdistan Workers' Party (PKK)
41885,2005,3,30,0,186,6,78,2008,7.775413,81.606247,1.0,1,0.0,1,0,3,22,2513,186.0,0,6,0.0,0,0.0,Liberation Tigers of Tamil Eelam (LTTE)
12819,1984,9,22,0,145,2,438,2875,13.360614,-86.398154,1.0,0,0.0,1,0,2,4,1762,145.0,0,5,0.0,1,0.0,Nicaraguan Democratic Force (FDN)
80706,2017,6,5,0,228,10,60,1561,13.319617,43.25563,1.0,0,0.0,0,0,3,14,205,228.0,0,6,0.0,0,0.0,Houthi extremists (Ansar Allah)
5527,1979,8,31,0,97,10,460,3095,32.08297,34.811886,1.0,0,0.0,1,0,3,2,3768,97.0,0,6,0.0,1,0.0,Palestinians
26300,1990,12,10,0,159,3,475,3865,-10.925868,-74.873099,1.0,0,0.0,1,0,2,4,12,159.0,0,5,8.0,1,0.0,Tupac Amaru Revolutionary Movement (MRTA)
64837,2015,1,2,0,147,11,112,1304,9.228089,8.460458,2.0,0,0.0,1,0,2,14,27,147.0,0,5,15.0,1,0.0,Fulani extremists
17015,1987,4,11,0,159,3,486,3307,-8.18885,-76.510838,1.0,0,0.0,1,0,7,2,4112,159.0,0,8,0.0,1,0.0,Shining Path (SL)
36506,1997,9,8,0,185,8,87,577,36.715666,-4.275504,1.0,0,1.0,0,0,3,2,1081,185.0,0,6,0.0,1,0.0,Basque Fatherland and Freedom (ETA)
14614,1985,10,8,0,145,2,451,2936,10.912396,-83.908752,3.0,1,1.0,1,0,2,4,1762,145.0,0,5,1.0,1,0.0,Nicaraguan Democratic Force (FDN)
15750,1986,6,10,0,45,3,367,2493,7.116294,-73.120026,1.0,0,0.0,1,0,3,2,3203,45.0,0,6,0.0,1,0.0,National Liberation Army of Colombia (ELN)
17444,1987,6,16,0,185,8,101,551,41.400635,2.150913,1.0,0,0.0,1,0,3,1,766,216.0,0,6,0.0,1,0.0,Basque Fatherland and Freedom (ETA)
37212,1999,3,2,0,209,10,203,1815,36.967762,35.258725,3.0,0,0.0,1,0,2,4,2355,209.0,0,5,1.0,0,0.0,Kurdistan Workers' Party (PKK)
71088,2015,11,5,0,95,10,36,1716,34.933361,43.412552,1.0,0,1.0,0,1,3,17,347,95.0,0,6,1.0,0,0.0,Islamic State of Iraq and the Levant (ISIL)
29119,1991,11,25,0,209,10,205,1717,41.106178,28.689863,1.0,0,0.0,1,0,2,4,562,209.0,0,5,1.0,1,0.0,Kurdistan Workers' Party (PKK)
8053,1981,10,9,0,603,8,190,1648,54.819164,-7.467909,1.0,0,0.0,0,0,3,2,2170,233.0,0,6,0.0,1,0.0,Irish Republican Army (IRA)
68296,2015,6,15,0,228,10,51,1578,15.055278,45.156667,1.0,0,0.0,0,0,2,14,1288,228.0,0,5,11.0,0,0.0,Houthi extremists (Ansar Allah)
13806,1985,5,14,0,186,6,263,2018,8.345185,80.388133,1.0,0,0.0,1,0,2,14,13,186.0,0,5,146.0,1,0.0,Liberation Tigers of Tamil Eelam (LTTE)
70304,2015,9,25,0,173,10,184,1534,16.800006,43.149996,2.0,0,1.0,1,0,2,3,85,173.0,0,5,2.0,0,0.0,Houthi extremists (Ansar Allah)
82944,2017,10,30,0,60,10,291,2354,31.126646,33.800865,1.0,0,0.0,1,0,3,3,559,60.0,0,6,0.0,1,0.0,Muslim extremists
47162,2009,10,5,0,153,6,301,2363,33.671638,73.056068,1.0,0,0.0,1,1,3,7,13,153.0,0,6,5.0,1,0.0,Tehrik-i-Taliban Pakistan (TTP)
27300,1991,5,17,0,603,8,190,1671,54.317811,-7.536546,1.0,0,0.0,1,0,1,3,1654,233.0,0,6,1.0,0,0.0,Irish Republican Army (IRA)
77416,2016,11,6,0,92,6,128,2234,18.423073,81.190331,1.0,0,0.0,1,0,3,3,2929,92.0,0,6,0.0,0,0.0,Maoists
73377,2016,3,13,0,147,11,167,24,7.350826,8.836276,4.0,0,1.0,1,0,2,14,27,147.0,0,5,0.0,1,0.0,Fulani extremists
67271,2015,4,30,0,228,10,58,1583,13.369068,44.490955,1.0,0,0.0,1,0,3,14,27,228.0,0,6,0.0,-9,0.0,Houthi extremists (Ansar Allah)
64450,2014,12,11,0,147,11,118,645,9.932665,8.885476,1.0,0,1.0,1,1,3,1,1227,147.0,0,6,20.0,1,0.0,Boko Haram
28489,1991,9,26,0,159,3,277,2111,-11.967368,-76.978462,1.0,0,1.0,1,0,3,1,1578,159.0,0,6,0.0,1,0.0,Shining Path (SL)
18271,1987,10,15,0,186,6,264,2068,7.641944,80.083056,2.0,0,0.0,1,0,2,14,2598,186.0,0,5,9.0,1,0.0,Liberation Tigers of Tamil Eelam (LTTE)
26719,1991,2,6,0,45,3,379,3196,2.969373,-78.185231,2.0,0,0.0,1,0,7,1,3941,45.0,0,8,0.0,1,0.0,Revolutionary Armed Forces of Colombia (FARC)
78385,2017,1,8,0,147,11,108,631,11.831098,13.150967,2.0,0,1.0,1,1,3,4,1218,147.0,0,6,4.0,0,0.0,Boko Haram
61885,2014,7,27,0,147,11,113,730,10.405463,12.56841,1.0,0,1.0,1,0,2,14,27,147.0,0,5,7.0,1,0.0,Boko Haram
76996,2016,10,14,0,209,10,228,1835,37.477368,40.486736,1.0,1,0.0,1,0,3,4,559,209.0,0,6,3.0,1,0.0,Kurdistan Workers' Party (PKK)
76021,2016,8,18,0,4,6,520,3660,34.875656,71.152008,1.0,0,0.0,1,0,3,14,4524,4.0,0,6,3.0,-9,0.0,Taliban
74678,2016,5,30,0,147,11,167,24,7.350826,8.836276,4.0,0,1.0,1,0,2,14,27,147.0,0,5,2.0,1,0.0,Fulani extremists
73297,2016,3,10,0,147,11,167,1362,7.719043,9.238704,2.0,0,1.0,1,0,2,14,1230,147.0,0,5,1.0,-9,0.0,Fulani extremists
15143,1986,2,4,0,159,3,277,2111,-11.967368,-76.978462,1.0,0,0.0,1,0,3,2,4125,159.0,0,6,0.0,1,0.0,Shining Path (SL)
17897,1987,8,22,0,185,8,96,541,43.507604,-5.604447,1.0,0,0.0,1,0,3,3,943,185.0,0,6,0.0,1,0.0,Basque Fatherland and Freedom (ETA)
80398,2017,5,19,0,160,5,403,2649,16.670136,121.717106,2.0,0,0.0,1,0,4,1,560,160.0,0,8,0.0,1,1.0,New People's Army (NPA)
54311,2013,1,17,0,95,10,37,255,36.340001,43.13,2.0,0,1.0,1,0,2,4,48,95.0,0,5,3.0,0,0.0,Al-Qaida in Iraq
36155,1997,2,23,0,217,1,466,3087,40.697132,-73.931351,1.0,0,0.0,1,0,2,18,3753,217.0,0,5,1.0,1,0.0,Palestinians
51438,2012,3,24,1,92,6,131,896,18.813487,82.712333,3.0,0,0.0,1,0,6,2,2913,92.0,0,5,0.0,0,1.0,Maoists
75453,2016,7,12,0,147,11,108,699,13.326179,13.475137,1.0,0,0.0,1,0,2,4,167,147.0,0,6,27.0,-9,0.0,Boko Haram
16020,1986,7,28,0,145,2,437,2867,13.62679,-85.8254,1.0,0,0.0,1,0,2,2,3530,145.0,0,5,5.0,1,0.0,Nicaraguan Democratic Force (FDN)
25556,1990,8,2,0,92,6,132,3463,15.035369,77.28146,1.0,0,0.0,0,0,1,3,4332,92.0,0,5,7.0,0,0.0,Sikh Extremists
5463,1979,8,15,0,97,10,460,3040,32.08297,34.811886,1.0,1,0.0,1,0,3,4,3653,97.0,0,6,7.0,1,0.0,Palestinians
50861,2012,1,18,0,228,10,48,310,12.825647,44.846416,1.0,0,0.0,0,0,1,2,649,228.0,0,5,0.0,1,0.0,Al-Qaida in the Arabian Peninsula (AQAP)
5253,1979,6,8,0,69,8,137,132,48.856644,2.34233,1.0,0,0.0,1,0,7,1,1635,69.0,0,8,0.0,1,0.0,Corsican National Liberation Front (FLNC)
21545,1989,2,25,0,43,3,272,2103,-36.816006,-73.037659,1.0,0,0.0,1,0,5,16,2776,43.0,0,5,0.0,1,1.0,Manuel Rodriguez Patriotic Front (FPMR)
34487,1995,8,5,0,186,6,218,1979,6.875271,81.830633,1.0,0,0.0,0,0,2,3,2578,186.0,0,5,3.0,1,0.0,Liberation Tigers of Tamil Eelam (LTTE)
29601,1992,2,3,0,92,6,339,3414,30.245796,75.842072,1.0,0,0.0,1,0,3,19,1106,92.0,0,6,0.0,1,0.0,Sikh Extremists
26354,1990,12,15,0,45,3,469,3224,1.03033,-76.61475,1.0,0,0.0,1,0,2,6,3989,45.0,0,8,0.0,1,0.0,Revolutionary Armed Forces of Colombia (FARC)
53734,2012,11,2,0,209,10,234,1883,38.457543,40.647071,1.0,0,0.0,1,0,2,4,577,209.0,0,5,3.0,-9,0.0,Kurdistan Workers' Party (PKK)
6847,1980,7,27,0,603,8,190,1619,54.414416,-6.976641,1.0,0,0.0,1,0,3,4,2060,216.0,0,6,1.0,1,0.0,Irish Republican Army (IRA)
55386,2013,5,9,1,153,6,339,3791,30.203894,71.45771,1.0,0,0.0,1,0,6,22,4657,153.0,0,5,2.0,0,1.0,Tehrik-i-Taliban Pakistan (TTP)
76803,2016,10,3,0,228,10,51,359,15.45639,45.324871,1.0,0,0.0,0,0,3,20,6,228.0,0,6,0.0,0,0.0,Houthi extremists (Ansar Allah)
30175,1992,4,27,0,183,11,18,159,-30.050385,30.881266,1.0,1,0.0,1,0,2,22,300,183.0,0,5,6.0,1,0.0,African National Congress (South Africa)
27772,1991,7,10,0,45,3,385,563,8.25749,-76.14641,1.0,0,0.0,1,0,2,14,3909,45.0,0,5,2.0,1,0.0,Revolutionary Armed Forces of Colombia (FARC)
61022,2014,6,24,0,153,6,353,3722,34.006004,71.53743,1.0,0,0.0,1,0,2,6,4655,153.0,0,5,1.0,1,0.0,Tehrik-i-Taliban Pakistan (TTP)
30290,1992,5,10,0,45,3,363,2491,6.242026,-75.564766,1.0,0,0.0,1,0,3,1,3932,45.0,0,6,0.0,1,0.0,Revolutionary Armed Forces of Colombia (FARC)
64301,2014,12,3,0,182,11,68,405,2.059819,45.326115,1.0,0,0.0,1,1,3,7,162,422.0,0,6,4.0,1,0.0,Al-Shabaab
48436,2010,8,7,0,92,6,127,927,24.236881,84.074879,1.0,0,0.0,1,0,3,8,1345,92.0,0,6,0.0,1,0.0,Communist Party of India - Maoist (CPI-Maoist)
22873,1989,9,1,0,155,10,327,2347,31.278791,34.256435,1.0,0,0.0,1,0,1,14,3689,155.0,0,5,1.0,0,0.0,Palestinians
11246,1983,12,12,0,183,11,19,137,-26.184113,28.033232,1.0,0,0.0,1,0,3,2,288,183.0,0,6,0.0,1,0.0,African National Congress (South Africa)
22734,1989,8,16,0,61,2,152,1158,13.814197,-88.34682,1.0,0,0.0,1,0,2,4,562,61.0,0,5,30.0,1,0.0,Farabundo Marti National Liberation Front (FMLN)
34522,1995,8,13,0,185,8,86,24,43.003305,-2.612578,4.0,0,1.0,1,0,3,1,1088,185.0,0,6,0.0,1,0.0,Basque Fatherland and Freedom (ETA)
10725,1983,8,24,0,159,3,477,3288,-13.65311,-73.95396,1.0,0,0.0,1,0,1,8,4079,159.0,0,5,1.0,0,0.0,Shining Path (SL)
64827,2015,1,2,0,182,11,82,457,6.774396,47.429031,1.0,0,0.0,1,0,3,8,881,104.0,0,6,1.0,1,0.0,Al-Shabaab
44428,2007,12,20,0,69,8,136,1021,41.930607,8.742907,1.0,0,1.0,1,0,3,2,1644,69.0,0,6,0.0,1,0.0,Corsican National Liberation Front (FLNC)
78893,2017,2,11,0,95,10,34,1783,34.053467,44.933075,2.0,0,0.0,1,0,3,14,1943,95.0,0,6,1.0,0,0.0,Islamic State of Iraq and the Levant (ISIL)
76699,2016,9,26,0,209,10,228,1903,37.338778,40.269049,1.0,1,0.0,1,0,3,4,162,209.0,0,6,5.0,1,0.0,Kurdistan Workers' Party (PKK)
16110,1986,8,19,0,45,3,377,24,2.243589,-77.010385,4.0,0,0.0,1,0,2,4,1772,45.0,0,5,1.0,1,0.0,Revolutionary Armed Forces of Colombia (FARC)
14862,1985,12,2,0,145,2,443,2973,11.988947,-86.087363,1.0,0,0.0,1,0,2,4,1762,145.0,0,5,1.0,1,0.0,Nicaraguan Democratic Force (FDN)
49878,2011,7,15,0,182,11,73,444,3.926858,41.877171,1.0,1,0.0,1,0,6,12,854,182.0,0,5,0.0,1,1.0,Al-Shabaab
42699,2006,2,2,0,141,6,266,2251,27.04477,84.867372,1.0,0,0.0,1,0,3,14,2940,141.0,0,6,0.0,1,0.0,Maoists
68915,2015,7,16,0,45,3,363,3129,7.583191,-75.399966,3.0,0,0.0,1,0,3,19,3852,45.0,0,6,0.0,-9,0.0,Revolutionary Armed Forces of Colombia (FARC)
43402,2006,11,7,0,186,6,218,1983,7.716666,81.700188,3.0,0,0.0,1,0,3,3,2498,186.0,0,6,0.0,-9,0.0,Liberation Tigers of Tamil Eelam (LTTE)
66286,2015,3,10,1,160,5,1,22,6.050458,121.012245,1.0,0,0.0,1,0,6,3,109,160.0,0,5,0.0,0,1.0,Abu Sayyaf Group (ASG)
51257,2012,3,5,0,95,10,32,249,34.160587,42.37254,1.0,0,1.0,1,0,2,3,20,95.0,0,5,14.0,0,0.0,Al-Qaida in Iraq
68287,2015,6,15,0,200,10,199,2349,36.201721,37.14352,1.0,0,1.0,1,0,3,14,926,200.0,0,6,4.0,-9,0.0,Muslim extremists
65363,2015,1,25,0,147,11,167,1336,7.894399,7.785072,1.0,0,1.0,1,0,2,14,27,147.0,0,5,4.0,0,0.0,Fulani extremists
15867,1986,6,27,0,61,2,156,1169,13.676944,-89.279722,1.0,0,0.0,1,0,1,2,1769,61.0,0,5,1.0,0,0.0,Farabundo Marti National Liberation Front (FMLN)
10039,1983,4,9,0,145,2,437,2881,13.759041,-86.017217,1.0,0,0.0,1,0,2,4,1762,145.0,0,5,1.0,1,0.0,Nicaraguan Democratic Force (FDN)
72238,2016,1,12,0,228,10,56,356,15.723243,42.997228,1.0,0,0.0,1,0,2,3,175,228.0,0,5,0.0,0,0.0,Al-Qaida in the Arabian Peninsula (AQAP)
18132,1987,9,24,0,97,10,262,3036,32.581387,35.182465,1.0,0,0.0,1,0,1,4,3629,97.0,0,9,1.0,0,0.0,Palestinians
56090,2013,7,19,0,60,10,291,2354,31.126646,33.800865,1.0,0,1.0,1,0,3,4,20,60.0,0,6,1.0,1,0.0,Muslim extremists
10531,1983,7,14,0,45,3,367,3176,6.313712,-73.950146,3.0,0,0.0,1,0,2,14,3915,45.0,0,5,12.0,0,0.0,Revolutionary Armed Forces of Colombia (FARC)
29878,1992,3,17,0,209,10,205,1717,41.106178,28.689863,1.0,0,1.0,1,0,7,1,766,209.0,0,8,0.0,1,0.0,Kurdistan Workers' Party (PKK)
36364,1997,7,4,0,45,3,363,3146,7.883605,-76.631923,1.0,1,1.0,1,0,2,19,56,45.0,0,8,0.0,1,0.0,Revolutionary Armed Forces of Colombia (FARC)
31219,1992,9,11,0,209,10,234,1887,38.141497,41.011491,1.0,0,0.0,0,0,1,14,2409,209.0,0,5,0.0,0,0.0,Kurdistan Workers' Party (PKK)
58803,2014,3,2,0,160,5,5,2711,6.790861,125.205552,1.0,0,1.0,1,0,3,2,3395,160.0,0,6,0.0,1,0.0,New People's Army (NPA)
47597,2010,2,10,0,92,6,130,835,22.124002,84.043175,3.0,0,0.0,1,0,3,19,1348,92.0,0,6,0.0,1,0.0,Communist Party of India - Maoist (CPI-Maoist)
7758,1981,6,20,0,603,8,190,1609,54.607712,-5.95621,1.0,0,0.0,1,0,3,4,1797,216.0,0,6,0.0,1,0.0,Irish Republican Army (IRA)
68612,2015,7,2,0,104,11,67,459,3.935663,41.855023,2.0,0,0.0,1,0,2,14,864,104.0,0,5,9.0,0,0.0,Al-Shabaab
53238,2012,9,9,0,95,10,42,296,33.057991,44.354839,1.0,0,1.0,1,0,3,14,13,95.0,0,6,0.0,1,0.0,Al-Qaida in Iraq
14037,1985,6,10,0,61,2,150,24,13.77413,-89.212516,4.0,0,1.0,1,0,3,21,1782,61.0,0,6,0.0,1,0.0,Farabundo Marti National Liberation Front (FMLN)
9018,1982,8,8,0,185,8,101,551,41.400635,2.150913,1.0,0,0.0,1,0,3,1,1044,217.0,0,6,1.0,1,0.0,Basque Fatherland and Freedom (ETA)
20158,1988,8,15,0,43,3,274,2105,-29.906897,-71.25103,1.0,0,0.0,1,0,3,14,2706,43.0,0,6,0.0,1,0.0,Manuel Rodriguez Patriotic Front (FPMR)
12082,1984,4,22,0,145,2,436,2862,13.367126,-85.672322,1.0,0,0.0,1,0,2,4,1762,145.0,0,5,1.0,1,0.0,Nicaraguan Democratic Force (FDN)
80760,2017,6,8,0,160,5,426,2749,11.110724,125.445758,2.0,0,0.0,1,0,3,3,559,160.0,0,6,1.0,0,0.0,New People's Army (NPA)
71528,2015,12,3,0,182,11,68,405,2.059819,45.326115,1.0,0,0.0,1,0,1,10,894,182.0,0,6,1.0,1,0.0,Al-Shabaab
17660,1987,7,19,0,183,11,25,162,-33.941849,18.41964,1.0,0,0.0,0,0,3,4,305,183.0,0,6,0.0,0,0.0,African National Congress (South Africa)
42844,2006,3,27,0,160,5,1,22,6.050458,121.012245,1.0,0,0.0,1,0,3,14,6,160.0,0,6,9.0,1,0.0,Abu Sayyaf Group (ASG)
67536,2015,5,12,0,160,5,401,2730,13.7,123.066666,1.0,0,0.0,1,0,2,4,12,160.0,0,5,1.0,0,0.0,New People's Army (NPA)
15358,1986,3,26,0,43,3,271,2099,-33.366238,-70.505302,1.0,0,1.0,1,0,3,1,2701,43.0,0,6,0.0,1,0.0,Manuel Rodriguez Patriotic Front (FPMR)
20395,1988,9,30,0,43,3,272,2112,-37.029655,-73.144447,1.0,0,0.0,1,0,3,21,1813,43.0,0,6,0.0,1,0.0,Manuel Rodriguez Patriotic Front (FPMR)
19729,1988,6,9,0,159,3,277,2111,-11.967368,-76.978462,1.0,0,0.0,1,0,3,7,4840,217.0,0,6,0.0,1,0.0,Tupac Amaru Revolutionary Movement (MRTA)
75195,2016,6,27,0,147,11,167,1398,7.350826,8.836276,2.0,0,1.0,1,0,2,14,27,147.0,0,5,1.0,0,0.0,Fulani extremists
75563,2016,7,22,0,95,10,37,1778,35.739262,43.321033,1.0,0,1.0,0,1,3,14,27,95.0,0,6,3.0,0,0.0,Islamic State of Iraq and the Levant (ISIL)
68209,2015,6,12,0,214,9,146,1088,48.225635,37.715928,1.0,1,0.0,1,0,3,21,1729,214.0,0,6,0.0,1,0.0,Donetsk People's Republic
14491,1985,9,9,0,61,2,153,1165,13.505945,-88.897676,1.0,0,0.0,1,0,2,4,1762,61.0,0,5,1.0,1,0.0,Farabundo Marti National Liberation Front (FMLN)
10954,1983,10,10,0,145,2,445,1220,12.481654,-87.173207,1.0,0,0.0,1,0,3,1,3549,145.0,0,5,0.0,1,0.0,Nicaraguan Democratic Force (FDN)
24340,1990,3,3,0,45,3,365,2489,8.308585,-73.613541,1.0,0,0.0,1,0,6,10,3165,45.0,0,5,0.0,0,1.0,National Liberation Army of Colombia (ELN)
82540,2017,9,29,0,4,6,531,3630,34.990963,68.735114,2.0,0,1.0,1,0,2,3,1982,4.0,0,6,3.0,-9,0.0,Taliban
6253,1980,2,18,0,61,2,154,1251,13.755754,-88.73273,1.0,0,0.0,1,0,1,2,352,61.0,0,5,4.0,0,0.0,Farabundo Marti National Liberation Front (FMLN)
40925,2003,5,27,0,45,3,471,3203,2.113188,-74.769206,1.0,0,0.0,1,0,3,2,3943,45.0,0,6,1.0,1,0.0,Revolutionary Armed Forces of Colombia (FARC)
59996,2014,5,5,1,147,11,108,714,11.181479,13.753638,1.0,0,1.0,1,0,6,14,1257,147.0,0,5,1.0,1,1.0,Boko Haram
31971,1992,12,4,0,159,3,277,2111,-11.967368,-76.978462,1.0,0,0.0,1,0,5,10,4845,159.0,0,5,0.0,1,0.0,Tupac Amaru Revolutionary Movement (MRTA)
60648,2014,6,5,0,147,11,112,1290,9.998184,7.956361,1.0,0,1.0,1,0,2,2,1913,147.0,0,5,2.0,1,0.0,Fulani extremists
17041,1987,4,14,0,183,11,18,138,-29.861824,31.008293,1.0,0,0.0,0,0,3,3,275,183.0,0,6,0.0,0,0.0,African National Congress (South Africa)
70089,2015,9,14,0,160,5,0,66,6.416943,121.9835,2.0,0,0.0,1,0,6,1,123,160.0,0,5,0.0,0,1.0,Abu Sayyaf Group (ASG)
67815,2015,5,24,0,4,6,513,3608,32.075659,64.836477,3.0,0,1.0,1,0,2,3,20,4.0,0,5,2.0,0,0.0,Taliban
45922,2008,12,28,0,92,6,128,836,18.791667,80.816667,3.0,0,0.0,1,0,2,14,1349,92.0,0,5,3.0,0,0.0,Communist Party of India - Maoist (CPI-Maoist)
45604,2008,10,12,0,45,3,368,3147,2.998638,-75.30562,1.0,0,1.0,1,0,3,1,3911,45.0,0,6,0.0,1,0.0,Revolutionary Armed Forces of Colombia (FARC)
75990,2016,8,15,0,146,11,116,24,13.313247,12.61588,4.0,0,0.0,1,0,2,14,13,146.0,0,5,5.0,1,0.0,Boko Haram
43930,2007,6,11,0,4,6,521,24,32.099544,68.390209,4.0,0,0.0,1,0,3,4,4499,999.0,0,6,5.0,-9,0.0,Taliban
54911,2013,3,19,0,147,11,108,619,11.840929,13.141459,1.0,0,0.0,1,0,3,4,48,147.0,0,6,3.0,0,0.0,Boko Haram
47352,2009,11,17,0,95,10,34,250,33.74324,44.623825,1.0,0,0.0,1,0,1,17,483,95.0,0,5,2.0,-9,0.0,Al-Qaida in Iraq
45759,2008,11,17,0,4,6,521,3767,32.781111,69.329167,1.0,0,0.0,1,0,2,1,4614,4.0,0,5,0.0,0,0.0,Tehrik-i-Taliban Pakistan (TTP)
79731,2017,4,6,0,95,10,37,255,36.354145,43.14357,1.0,0,0.0,1,0,3,4,2017,95.0,0,6,2.0,1,0.0,Islamic State of Iraq and the Levant (ISIL)
20458,1988,10,6,0,155,10,456,3056,32.113445,35.077565,1.0,0,0.0,1,0,1,2,3671,97.0,0,5,1.0,0,0.0,Palestinians
43632,2007,3,27,1,4,6,507,3553,31.617667,65.675942,4.0,0,0.0,1,0,6,1,4481,4.0,0,5,0.0,-9,1.0,Taliban
4118,1978,6,6,0,185,8,94,534,42.815372,-1.653616,1.0,0,0.0,1,0,3,1,1076,185.0,0,6,0.0,1,0.0,Basque Fatherland and Freedom (ETA)
70108,2015,9,14,0,209,10,234,1924,37.924973,40.210983,3.0,0,0.0,1,0,3,3,559,209.0,0,6,0.0,1,0.0,Kurdistan Workers' Party (PKK)
64775,2014,12,30,0,228,10,182,1564,15.635556,44.323889,2.0,0,1.0,1,0,3,14,853,228.0,0,6,0.0,1,0.0,Houthi extremists (Ansar Allah)
73655,2016,4,3,1,160,5,419,2706,8.964095,124.895434,2.0,0,0.0,1,0,6,3,3388,160.0,0,5,0.0,0,1.0,New People's Army (NPA)
28271,1991,8,29,0,159,3,277,2111,-11.967368,-76.978462,1.0,0,0.0,1,0,3,15,90,159.0,0,6,1.0,1,0.0,Shining Path (SL)
46187,2009,3,1,0,92,6,126,881,25.314437,86.542191,1.0,0,0.0,1,0,7,19,1399,92.0,0,8,0.0,1,0.0,Communist Party of India - Maoist (CPI-Maoist)
59136,2014,3,20,0,182,11,73,432,3.151721,42.489719,1.0,0,0.0,1,0,3,1,512,182.0,0,6,1.0,1,0.0,Al-Shabaab
38316,2000,8,16,0,186,6,262,1985,8.757816,80.487907,1.0,0,0.0,1,1,3,4,2600,186.0,0,6,2.0,1,0.0,Liberation Tigers of Tamil Eelam (LTTE)
44118,2007,9,2,0,160,5,397,2638,8.217759,126.314871,1.0,0,0.0,1,0,2,3,3339,160.0,0,5,1.0,0,0.0,New People's Army (NPA)
38594,2000,11,14,0,45,3,379,2528,3.429344,-76.516037,1.0,0,1.0,1,0,3,3,3208,45.0,0,6,0.0,1,0.0,National Liberation Army of Colombia (ELN)
3026,1976,12,11,0,603,8,190,1610,55.011562,-7.312045,1.0,0,0.0,1,0,1,4,2110,216.0,0,5,1.0,0,0.0,Irish Republican Army (IRA)
45872,2008,12,17,0,153,6,427,3743,32.306099,69.579956,1.0,1,0.0,1,0,2,14,1453,153.0,0,5,1.0,-9,0.0,Tehrik-i-Taliban Pakistan (TTP)
13595,1985,4,11,0,43,3,271,2099,-33.366238,-70.505302,1.0,0,1.0,1,0,3,19,56,43.0,0,6,0.0,1,0.0,Manuel Rodriguez Patriotic Front (FPMR)
62492,2014,8,29,0,123,11,317,2389,19.464848,0.856393,1.0,0,0.0,1,0,3,7,167,422.0,0,6,0.0,1,0.0,Muslim extremists
26199,1990,11,26,0,159,3,277,2111,-11.967368,-76.978462,1.0,0,0.0,1,0,6,1,4783,159.0,0,5,0.0,0,1.0,Tupac Amaru Revolutionary Movement (MRTA)
31834,1992,11,16,0,159,3,277,2111,-11.967368,-76.978462,1.0,0,0.0,1,0,3,2,4056,159.0,0,6,0.0,1,0.0,Shining Path (SL)
46569,2009,5,23,0,92,6,127,867,24.311127,84.515665,1.0,0,0.0,1,0,3,8,1381,92.0,0,6,0.0,1,0.0,Communist Party of India - Maoist (CPI-Maoist)
53338,2012,9,23,0,147,11,121,663,10.30982,9.845172,1.0,0,0.0,1,1,3,15,1211,147.0,0,6,3.0,1,0.0,Boko Haram
51015,2012,2,7,0,182,11,73,467,3.330407,42.218978,2.0,0,0.0,1,0,3,4,882,422.0,0,6,1.0,-9,0.0,Al-Shabaab
47181,2009,10,9,0,92,6,126,914,24.749905,84.370896,2.0,1,1.0,1,0,3,19,1436,92.0,0,6,0.0,1,0.0,Communist Party of India - Maoist (CPI-Maoist)
28107,1991,8,10,0,92,6,132,3454,13.589583,80.03337,1.0,0,0.0,1,0,2,3,562,92.0,0,5,2.0,1,0.0,Sikh Extremists
69357,2015,8,8,0,209,10,228,1854,37.420683,41.350359,1.0,0,0.0,1,0,2,3,2378,209.0,0,5,1.0,0,0.0,Kurdistan Workers' Party (PKK)
15460,1986,4,12,0,145,2,449,2948,12.05,-84.26667,1.0,0,0.0,1,0,2,4,1762,145.0,0,5,1.0,1,0.0,Nicaraguan Democratic Force (FDN)
34277,1995,5,23,0,209,10,232,1845,37.885793,41.130124,1.0,0,0.0,1,0,3,8,2425,209.0,0,6,8.0,1,0.0,Kurdistan Workers' Party (PKK)
21190,1989,1,18,0,603,8,190,1609,54.607712,-5.95621,1.0,0,0.0,1,0,3,2,2191,96.0,0,6,0.0,1,0.0,Irish Republican Army (IRA)
45187,2008,7,7,0,182,11,65,402,3.115641,43.64658,1.0,0,0.0,1,0,3,2,899,182.0,0,6,11.0,1,0.0,Al-Shabaab
12698,1984,8,25,0,145,2,446,2946,12.90875,-85.951531,1.0,0,0.0,1,0,2,4,1762,145.0,0,5,12.0,1,0.0,Nicaraguan Democratic Force (FDN)
56976,2013,9,30,0,228,10,181,24,17.057623,43.970781,4.0,0,1.0,1,0,2,4,1996,228.0,0,5,1.0,-9,0.0,Houthi extremists (Ansar Allah)
32336,1994,1,23,0,45,3,367,2493,7.116294,-73.120026,1.0,0,0.0,1,0,3,1,3229,45.0,0,6,0.0,1,0.0,National Liberation Army of Colombia (ELN)
39232,2001,8,7,1,45,3,363,3164,5.657909,-75.837417,2.0,0,0.0,1,0,6,14,3898,45.0,0,5,0.0,0,1.0,Revolutionary Armed Forces of Colombia (FARC)
62399,2014,8,23,0,228,10,50,328,15.9486,48.750902,2.0,0,0.0,1,0,3,4,162,228.0,0,6,3.0,1,0.0,Al-Qaida in the Arabian Peninsula (AQAP)
60388,2014,5,24,0,228,10,50,328,15.940011,48.789753,1.0,0,1.0,1,1,3,6,355,228.0,0,6,4.0,-9,0.0,Al-Qaida in the Arabian Peninsula (AQAP)
14855,1985,12,2,0,43,3,271,2099,-33.366238,-70.505302,1.0,0,0.0,1,0,3,19,2740,43.0,0,6,0.0,1,0.0,Manuel Rodriguez Patriotic Front (FPMR)
81141,2017,6,26,0,45,3,377,2522,2.080071,-76.813661,2.0,0,0.0,1,0,2,3,3199,45.0,0,5,3.0,1,0.0,National Liberation Army of Colombia (ELN)
70183,2015,9,18,0,92,6,128,2270,21.035972,82.100681,1.0,0,0.0,1,0,7,1,2954,92.0,0,8,0.0,1,0.0,Maoists
45678,2008,10,27,0,45,3,361,3156,6.00283,-76.78047,2.0,0,0.0,1,0,1,2,3889,45.0,0,5,1.0,1,0.0,Revolutionary Armed Forces of Colombia (FARC)
71732,2015,12,15,0,228,10,60,1531,13.548424,44.052176,3.0,0,0.0,1,0,3,4,48,228.0,0,6,0.0,-9,0.0,Houthi extremists (Ansar Allah)
43309,2006,9,16,0,4,6,506,3663,34.368889,69.218333,1.0,0,0.0,1,0,3,12,4409,4.0,0,6,4.0,-9,0.0,Taliban
60206,2014,5,15,0,147,11,122,683,8.884813,7.231787,1.0,0,0.0,1,0,2,14,27,147.0,0,5,0.0,1,0.0,Fulani extremists
47427,2009,12,10,0,92,6,129,806,22.404193,87.379866,3.0,0,0.0,1,0,2,14,1316,92.0,0,5,3.0,0,0.0,Communist Party of India - Maoist (CPI-Maoist)
76936,2016,10,11,0,228,10,60,353,13.586484,44.024105,1.0,0,1.0,1,0,3,14,926,228.0,0,6,2.0,1,0.0,Houthi extremists (Ansar Allah)
65671,2015,2,8,0,214,9,146,1079,48.143208,37.753361,1.0,0,0.0,1,0,3,14,205,214.0,0,6,3.0,-9,0.0,Donetsk People's Republic
49102,2010,12,30,0,4,6,513,3661,31.825871,64.576431,1.0,0,0.0,1,0,3,19,4530,4.0,0,6,14.0,1,0.0,Taliban
16519,1986,12,16,0,43,3,271,2099,-33.366238,-70.505302,1.0,0,1.0,1,0,3,3,2184,43.0,0,6,0.0,1,0.0,Manuel Rodriguez Patriotic Front (FPMR)
76783,2016,10,1,0,182,11,73,462,3.32728,42.218563,1.0,0,0.0,1,0,3,1,512,182.0,0,6,0.0,1,0.0,Al-Shabaab
14939,1985,12,23,0,159,3,277,2111,-11.967368,-76.978462,1.0,0,0.0,1,0,3,1,4861,159.0,0,6,0.0,1,0.0,Tupac Amaru Revolutionary Movement (MRTA)
34485,1995,8,4,0,209,10,250,1886,36.204751,36.165597,1.0,0,0.0,1,0,2,14,27,209.0,0,5,9.0,1,0.0,Kurdistan Workers' Party (PKK)
71341,2015,11,21,0,160,5,402,2648,5.856886,125.006194,1.0,0,0.0,1,0,7,1,939,160.0,0,8,0.0,1,0.0,New People's Army (NPA)
41782,2005,1,19,0,69,8,136,1024,42.699997,9.447317,1.0,0,0.0,1,0,3,1,1558,69.0,0,6,0.0,1,0.0,Corsican National Liberation Front (FLNC)
34193,1995,5,18,0,186,6,218,2082,9.798238,80.089809,1.0,0,0.0,1,0,3,4,2622,186.0,0,6,4.0,1,0.0,Liberation Tigers of Tamil Eelam (LTTE)
58259,2014,1,26,0,160,5,4,10,6.893792,122.167579,1.0,0,1.0,0,0,1,2,91,160.0,0,6,0.0,1,0.0,Abu Sayyaf Group (ASG)
12300,1984,6,6,0,43,3,271,2099,-33.366238,-70.505302,1.0,0,0.0,1,0,3,1,2737,43.0,0,6,0.0,1,0.0,Manuel Rodriguez Patriotic Front (FPMR)
21746,1989,3,23,0,92,6,339,3490,31.892665,75.363004,1.0,0,0.0,1,0,1,14,4376,92.0,0,5,2.0,0,0.0,Sikh Extremists
8440,1982,3,7,0,97,10,458,3037,31.771599,35.2034,1.0,0,0.0,1,0,3,14,3685,97.0,0,6,0.0,1,0.0,Palestinians
63567,2014,10,21,0,228,10,47,348,13.949126,43.991414,1.0,0,0.0,1,0,2,14,559,228.0,0,5,2.0,1,0.0,Al-Qaida in the Arabian Peninsula (AQAP)
52153,2012,6,4,0,95,10,33,248,33.303566,44.371773,1.0,0,0.0,1,1,3,2,524,95.0,0,6,26.0,1,0.0,Al-Qaida in Iraq
10140,1983,5,3,0,110,10,463,3099,33.647426,35.587334,1.0,1,0.0,1,0,3,4,3781,97.0,0,6,0.0,1,0.0,Palestinians
61337,2014,7,7,0,228,10,185,1527,15.664708,43.943921,1.0,0,0.0,1,0,3,14,1968,228.0,0,6,1.0,1,0.0,Houthi extremists (Ansar Allah)
23734,1989,11,18,0,92,6,339,24,31.147131,75.341218,4.0,0,0.0,1,0,1,8,4284,92.0,0,5,2.0,0,0.0,Sikh Extremists
11015,1983,10,23,0,185,8,86,518,43.291618,-1.977903,1.0,0,0.0,1,0,3,4,1023,185.0,0,6,0.0,1,0.0,Basque Fatherland and Freedom (ETA)
52415,2012,6,25,0,182,11,68,424,2.059819,45.326115,1.0,0,0.0,1,0,3,4,162,209.0,0,6,0.0,0,0.0,Al-Shabaab
65361,2015,1,25,0,147,11,167,1374,7.86797,8.09553,1.0,0,1.0,1,0,2,14,27,147.0,0,5,3.0,0,0.0,Fulani extremists
40882,2003,5,12,0,92,6,292,2388,33.00581,75.210876,1.0,0,0.0,1,0,2,4,3053,92.0,0,5,1.0,0,0.0,Muslim extremists
58644,2014,2,20,0,113,10,330,2416,32.760422,22.635265,1.0,0,1.0,1,0,3,2,2895,113.0,0,6,0.0,1,0.0,Muslim extremists
68657,2015,7,4,0,42,11,109,615,13.65,14.05,2.0,0,0.0,1,0,2,14,27,42.0,0,5,13.0,0,0.0,Boko Haram
52998,2012,8,16,0,160,5,4,15,7.024267,122.188903,1.0,0,0.0,1,0,3,19,56,160.0,0,6,0.0,1,0.0,Abu Sayyaf Group (ASG)
11027,1983,10,28,0,183,11,18,179,-29.658879,30.855026,1.0,0,0.0,0,0,1,2,329,183.0,0,6,1.0,0,0.0,African National Congress (South Africa)
46223,2009,3,11,0,92,6,126,950,25.155376,86.569191,1.0,0,0.0,1,0,2,2,1475,92.0,0,5,1.0,-9,0.0,Communist Party of India - Maoist (CPI-Maoist)
63649,2014,10,25,0,92,6,127,2157,24.357421,87.422726,1.0,1,0.0,0,0,2,4,12,92.0,0,5,0.0,0,0.0,Maoists
79407,2017,3,15,1,92,6,131,883,19.690278,83.118611,1.0,1,1.0,1,0,6,14,1402,92.0,0,5,0.0,0,1.0,Communist Party of India - Maoist (CPI-Maoist)
3975,1978,3,17,0,185,8,88,512,43.258434,-2.921819,1.0,0,0.0,1,0,3,21,949,185.0,0,6,2.0,1,0.0,Basque Fatherland and Freedom (ETA)
17630,1987,7,16,0,159,3,277,2111,-11.967368,-76.978462,1.0,0,0.0,1,0,3,2,4150,159.0,0,6,0.0,1,0.0,Shining Path (SL)
70319,2015,9,26,0,200,10,210,2412,35.990086,36.677223,1.0,0,1.0,1,0,3,14,27,200.0,0,6,0.0,0,0.0,Muslim extremists
48397,2010,7,25,0,228,10,54,320,14.52618,46.844932,1.0,1,0.0,1,0,2,4,748,228.0,0,5,9.0,1,0.0,Al-Qaida in the Arabian Peninsula (AQAP)
61476,2014,7,12,0,182,11,68,405,2.059819,45.326115,1.0,0,0.0,1,0,6,14,815,182.0,0,5,1.0,-9,1.0,Al-Shabaab
32166,1992,12,30,0,603,8,190,1609,54.607712,-5.95621,1.0,0,0.0,1,0,3,1,2081,233.0,0,6,0.0,1,0.0,Irish Republican Army (IRA)
73627,2016,4,1,0,95,10,32,24,33.982013,42.594834,4.0,0,1.0,1,1,3,4,0,95.0,0,6,23.0,0,0.0,Islamic State of Iraq and the Levant (ISIL)
40390,2002,10,20,0,160,5,4,15,6.929089,122.07885,1.0,0,0.0,1,0,3,14,60,160.0,0,6,1.0,1,0.0,Abu Sayyaf Group (ASG)
21319,1989,2,5,0,45,3,367,3202,5.85936,-73.96559,1.0,0,0.0,1,0,2,4,1762,45.0,0,5,3.0,1,0.0,Revolutionary Armed Forces of Colombia (FARC)
29639,1992,2,8,0,155,10,327,3077,31.502407,34.459743,1.0,0,0.0,1,0,3,4,2198,97.0,0,6,0.0,1,0.0,Palestinians
64048,2014,11,16,0,214,9,146,1106,48.240883,38.525669,1.0,1,0.0,1,0,2,4,1724,214.0,0,6,1.0,-9,0.0,Donetsk People's Republic
19607,1988,5,21,0,92,6,285,3481,27.599444,76.8625,1.0,0,0.0,1,0,2,14,554,92.0,0,5,9.0,0,0.0,Sikh Extremists
12506,1984,7,20,0,183,11,19,137,-26.184113,28.033232,1.0,0,0.0,1,0,1,2,297,183.0,0,8,0.0,1,0.0,African National Congress (South Africa)
55930,2013,7,2,0,4,6,510,3588,36.96468,69.170024,2.0,0,0.0,1,0,2,3,20,4.0,0,5,4.0,-9,0.0,Taliban
30104,1992,4,13,0,159,3,277,2111,-11.967368,-76.978462,1.0,0,0.0,1,0,3,4,4131,159.0,0,6,1.0,1,0.0,Shining Path (SL)
46320,2009,4,2,0,92,6,127,834,24.080548,85.486537,1.0,0,1.0,1,0,3,14,1347,92.0,0,6,0.0,1,0.0,Communist Party of India - Maoist (CPI-Maoist)
66271,2015,3,10,0,214,9,146,1081,48.064426,37.673248,1.0,0,1.0,1,0,3,4,1709,214.0,0,6,0.0,0,0.0,Donetsk People's Republic
63040,2014,9,26,0,122,6,302,2364,4.175278,73.508889,1.0,0,1.0,1,0,7,2,3036,122.0,0,8,0.0,1,0.0,Muslim extremists
12727,1984,9,3,0,61,2,151,24,14.191665,-89.1706,4.0,0,0.0,1,0,2,4,1788,61.0,0,5,28.0,1,0.0,Farabundo Marti National Liberation Front (FMLN)
81652,2017,7,27,0,173,10,59,1555,21.437273,40.512714,1.0,1,0.0,0,0,3,14,1213,173.0,0,6,0.0,0,0.0,Houthi extremists (Ansar Allah)
32099,1992,12,16,0,45,3,365,2502,10.333818,-73.181276,1.0,0,0.0,1,0,2,3,1106,45.0,0,5,0.0,1,0.0,National Liberation Army of Colombia (ELN)
25283,1990,6,26,0,159,3,476,3277,-9.642799,-76.773677,2.0,0,0.0,1,0,2,14,4059,159.0,0,5,0.0,1,0.0,Shining Path (SL)
53961,2012,12,2,0,228,10,58,339,13.063399,44.880882,1.0,0,0.0,0,0,1,4,734,228.0,0,5,0.0,1,0.0,Al-Qaida in the Arabian Peninsula (AQAP)
37017,1998,8,24,0,160,5,0,16,6.681959,121.985477,1.0,0,0.0,1,0,2,3,115,160.0,0,5,2.0,1,0.0,Abu Sayyaf Group (ASG)
75440,2016,7,12,0,147,11,167,1438,7.367939,8.74654,1.0,0,1.0,1,0,2,14,13,147.0,0,5,1.0,-9,0.0,Fulani extremists
26783,1991,2,14,0,159,3,480,3293,-13.531688,-71.966924,1.0,0,0.0,1,0,3,7,4821,217.0,0,6,0.0,1,0.0,Tupac Amaru Revolutionary Movement (MRTA)
51127,2012,2,23,0,95,10,38,251,35.45211,44.375465,1.0,0,1.0,1,0,3,3,12,95.0,0,6,0.0,1,0.0,Al-Qaida in Iraq
29873,1992,3,17,0,209,10,205,1717,41.106178,28.689863,1.0,0,1.0,1,0,7,1,766,209.0,0,8,0.0,1,0.0,Kurdistan Workers' Party (PKK)
12858,1984,9,29,0,159,3,277,2111,-11.967368,-76.978462,1.0,0,0.0,1,0,5,10,560,217.0,0,5,0.0,1,1.0,Tupac Amaru Revolutionary Movement (MRTA)
64784,2014,12,31,0,4,6,322,3560,34.289704,70.770203,3.0,0,0.0,1,1,3,2,828,4.0,0,6,5.0,-9,0.0,Taliban
20738,1988,11,18,0,186,6,264,2056,7.421513,80.476452,1.0,0,0.0,1,0,2,4,2575,186.0,0,5,0.0,1,0.0,Liberation Tigers of Tamil Eelam (LTTE)
46980,2009,8,12,1,153,6,427,3731,32.320237,69.859741,3.0,0,0.0,1,0,2,17,4579,153.0,0,8,70.0,1,1.0,Tehrik-i-Taliban Pakistan (TTP)
64944,2015,1,7,0,147,11,108,672,12.96309,13.60899,2.0,0,1.0,1,0,2,14,27,147.0,0,6,6.0,1,-9.0,Boko Haram
20348,1988,9,22,0,159,3,277,2111,-11.967368,-76.978462,1.0,0,0.0,1,0,3,2,4822,159.0,0,6,0.0,1,0.0,Tupac Amaru Revolutionary Movement (MRTA)
29607,1992,2,4,0,159,3,485,3332,-5.238991,-79.450699,3.0,0,0.0,1,0,2,3,4142,159.0,0,5,0.0,1,0.0,Shining Path (SL)
50666,2011,12,18,0,45,3,374,3157,12.228233,-71.992872,1.0,1,0.0,1,0,3,19,3890,45.0,0,6,0.0,1,0.0,Revolutionary Armed Forces of Colombia (FARC)
13772,1985,5,10,0,69,8,136,24,41.919593,8.737687,4.0,0,1.0,1,0,3,1,1556,69.0,0,6,0.0,1,0.0,Corsican National Liberation Front (FLNC)
41873,2005,3,20,0,95,10,37,255,36.354145,43.14357,1.0,0,0.0,1,1,1,3,488,95.0,0,6,4.0,1,0.0,Al-Qaida in Iraq
27555,1991,6,13,0,92,6,339,3465,31.124017,75.777846,1.0,0,0.0,1,0,1,22,4343,92.0,0,5,1.0,0,0.0,Sikh Extremists
12742,1984,9,4,0,603,8,190,1628,54.183052,-6.341388,1.0,0,0.0,1,0,3,19,2084,233.0,0,6,0.0,1,0.0,Irish Republican Army (IRA)
22727,1989,8,16,0,43,3,270,2101,-33.010693,-71.527794,1.0,0,0.0,1,0,3,14,2779,43.0,0,6,0.0,1,0.0,Manuel Rodriguez Patriotic Front (FPMR)
20778,1988,11,22,0,185,8,89,520,40.465595,-3.696263,1.0,0,0.0,1,0,3,3,1113,185.0,0,6,2.0,1,0.0,Basque Fatherland and Freedom (ETA)
736,1971,10,2,0,603,8,190,1669,54.530989,-6.02939,1.0,0,0.0,0,0,3,21,2211,233.0,0,6,1.0,1,0.0,Irish Republican Army (IRA)
19319,1988,4,13,0,185,8,86,543,43.222177,-2.885668,1.0,0,0.0,0,0,3,3,1008,185.0,0,6,0.0,1,0.0,Basque Fatherland and Freedom (ETA)
78969,2017,2,15,0,173,10,188,1554,18.314753,42.725163,1.0,0,0.0,0,0,3,6,355,173.0,0,6,0.0,0,0.0,Houthi extremists (Ansar Allah)
66394,2015,3,16,0,214,9,146,1077,47.098835,37.81987,1.0,1,1.0,1,0,2,4,48,214.0,0,6,0.0,0,0.0,Donetsk People's Republic
44701,2008,4,4,0,92,6,130,799,18.364195,81.892418,3.0,0,0.0,1,0,2,14,1310,92.0,0,5,1.0,0,0.0,Communist Party of India - Maoist (CPI-Maoist)
57267,2013,10,30,0,228,10,181,1569,16.917494,43.762409,1.0,1,0.0,1,0,3,15,2007,228.0,0,6,4.0,1,0.0,Houthi extremists (Ansar Allah)
61550,2014,7,14,0,95,10,34,1757,34.275066,44.537865,1.0,0,1.0,1,0,3,14,853,95.0,0,6,0.0,1,0.0,Islamic State of Iraq and the Levant (ISIL)
50093,2011,9,21,0,92,6,128,856,21.251384,81.629641,3.0,0,0.0,1,0,2,3,1369,92.0,0,5,0.0,-9,0.0,Communist Party of India - Maoist (CPI-Maoist)
50387,2011,11,13,0,4,6,526,3669,32.9833,67.9666,3.0,0,0.0,1,0,3,3,4531,4.0,0,6,0.0,1,0.0,Taliban
19890,1988,7,2,0,159,3,277,2111,-11.967368,-76.978462,1.0,0,0.0,1,0,7,1,4780,159.0,0,8,0.0,1,0.0,Tupac Amaru Revolutionary Movement (MRTA)
30257,1992,5,6,0,183,11,18,200,-29.648723,30.294272,1.0,0,0.0,1,0,2,22,367,183.0,0,5,0.0,1,0.0,African National Congress (South Africa)
23634,1989,11,7,1,45,3,378,2527,4.17871,-74.42302,1.0,0,0.0,1,0,6,1,3207,130.0,0,5,0.0,0,1.0,National Liberation Army of Colombia (ELN)
24965,1990,5,18,0,160,5,11,43,14.596051,120.978666,1.0,0,0.0,1,0,3,3,3406,160.0,0,6,0.0,1,0.0,New People's Army (NPA)
41464,2004,6,27,0,4,6,322,2403,34.417122,70.449593,1.0,0,0.0,1,0,3,12,4455,4.0,0,6,2.0,1,0.0,Taliban
56615,2013,8,30,0,4,6,322,3649,34.229213,70.193208,3.0,0,0.0,1,0,2,3,559,4.0,0,5,4.0,1,0.0,Taliban
76818,2016,10,3,0,92,6,126,839,24.441105,84.548528,1.0,0,0.0,1,0,2,3,1352,92.0,0,5,1.0,0,0.0,Communist Party of India - Maoist (CPI-Maoist)
17046,1987,4,15,0,183,11,19,140,-25.988884,28.173653,1.0,0,1.0,1,0,2,19,269,183.0,0,8,0.0,1,0.0,African National Congress (South Africa)
13515,1985,3,20,0,159,3,277,2111,-11.967368,-76.978462,1.0,0,0.0,1,0,7,1,4761,159.0,0,8,0.0,1,0.0,Tupac Amaru Revolutionary Movement (MRTA)
22855,1989,8,29,0,92,6,339,3426,30.193752,74.409326,1.0,0,0.0,1,0,2,19,4278,92.0,0,5,20.0,1,0.0,Sikh Extremists
79643,2017,3,31,0,92,6,131,799,18.16408,81.953482,3.0,0,1.0,1,0,6,14,2877,92.0,0,9,1.0,0,1.0,Maoists
72263,2016,1,13,0,228,10,60,1533,13.168694,43.741907,3.0,0,1.0,1,0,3,14,1977,228.0,0,6,3.0,-9,0.0,Houthi extremists (Ansar Allah)
69829,2015,8,30,0,228,10,48,310,12.825647,44.846416,1.0,0,0.0,1,0,1,2,714,228.0,0,5,1.0,0,0.0,Al-Qaida in the Arabian Peninsula (AQAP)
68084,2015,6,6,0,45,3,363,3170,6.913245,-75.67556,3.0,0,0.0,1,0,7,19,56,45.0,0,8,0.0,1,0.0,Revolutionary Armed Forces of Colombia (FARC)
62320,2014,8,19,0,153,6,427,3816,34.745799,71.337399,2.0,1,0.0,1,0,3,8,881,153.0,0,6,6.0,1,0.0,Tehrik-i-Taliban Pakistan (TTP)
21610,1989,3,4,0,92,6,339,3429,31.326015,75.576183,3.0,0,0.0,1,0,2,14,27,92.0,0,5,2.0,1,0.0,Sikh Extremists
10204,1983,5,18,0,61,2,158,1175,13.805691,-88.145787,1.0,0,0.0,1,0,2,4,1772,61.0,0,5,1.0,1,0.0,Farabundo Marti National Liberation Front (FMLN)
16611,1987,1,13,0,145,2,436,96,13.243611,-85.89596,1.0,0,0.0,1,0,2,4,1762,145.0,0,5,1.0,1,0.0,Nicaraguan Democratic Force (FDN)
21918,1989,4,15,0,183,11,19,154,-26.353159,28.132727,1.0,0,0.0,1,0,1,3,325,183.0,0,6,0.0,0,0.0,African National Congress (South Africa)
13910,1985,5,20,0,145,2,440,2883,12.10629,-85.36452,1.0,0,0.0,1,0,2,2,3539,145.0,0,5,0.0,1,0.0,Nicaraguan Democratic Force (FDN)
76236,2016,8,31,0,209,10,226,1900,37.393544,43.534265,1.0,0,0.0,1,0,3,4,162,209.0,0,6,1.0,1,0.0,Kurdistan Workers' Party (PKK)
1342,1973,3,8,0,603,8,190,1609,54.607712,-5.95621,1.0,0,0.0,1,0,1,4,2212,216.0,0,5,1.0,0,0.0,Irish Republican Army (IRA)
63209,2014,10,3,1,147,11,118,1282,9.516667,8.7,2.0,0,1.0,1,0,2,14,27,147.0,0,5,1.0,1,-9.0,Fulani extremists
6247,1980,2,16,0,183,11,27,24,-29.601439,30.376695,4.0,0,0.0,1,0,2,1,321,183.0,0,5,0.0,1,0.0,African National Congress (South Africa)
77945,2016,12,7,0,182,11,66,470,2.398135,45.018703,1.0,0,0.0,1,0,2,4,811,182.0,0,5,3.0,-9,0.0,Al-Shabaab
64924,2015,1,7,0,228,10,53,315,15.325443,44.211895,1.0,0,0.0,1,1,3,3,663,228.0,0,6,38.0,1,0.0,Al-Qaida in the Arabian Peninsula (AQAP)
37151,1999,1,8,0,160,5,12,60,8.304936,125.003254,3.0,0,0.0,1,0,3,19,106,160.0,0,6,1.0,1,0.0,Abu Sayyaf Group (ASG)
47877,2010,4,13,0,160,5,0,16,6.681959,121.985477,1.0,0,1.0,1,0,3,15,101,160.0,0,6,0.0,1,0.0,Abu Sayyaf Group (ASG)
74530,2016,5,21,0,209,10,234,1908,37.928348,40.225487,3.0,0,0.0,0,0,3,20,6,209.0,0,6,1.0,0,0.0,Kurdistan Workers' Party (PKK)
48982,2010,11,30,0,228,10,52,318,13.887403,45.863647,1.0,0,0.0,1,0,3,4,641,228.0,0,6,0.0,1,0.0,Al-Qaida in the Arabian Peninsula (AQAP)
67192,2015,4,26,0,214,9,146,1081,48.064426,37.673248,1.0,1,1.0,1,0,3,4,48,214.0,0,6,0.0,-9,0.0,Donetsk People's Republic
63500,2014,10,16,0,214,9,146,1083,48.346134,38.424828,1.0,1,0.0,0,0,2,4,48,214.0,0,5,0.0,0,0.0,Donetsk People's Republic
61269,2014,7,5,0,95,10,32,264,33.420948,43.295662,1.0,0,1.0,1,0,4,3,20,95.0,0,5,1.0,1,0.0,Islamic State of Iraq and the Levant (ISIL)
21992,1989,4,24,0,185,8,93,537,41.634202,-1.27299,1.0,0,0.0,1,0,3,19,986,185.0,0,6,0.0,1,0.0,Basque Fatherland and Freedom (ETA)
41974,2005,4,30,0,95,10,33,248,33.303566,44.371773,1.0,0,0.0,1,1,3,4,501,217.0,0,6,3.0,1,0.0,Al-Qaida in Iraq
77549,2016,11,14,0,60,10,291,2345,31.212225,34.117065,1.0,1,0.0,0,0,3,20,6,60.0,0,6,0.0,0,0.0,Muslim extremists
26346,1990,12,14,0,43,3,271,2099,-33.366238,-70.505302,1.0,0,0.0,1,0,3,15,2773,217.0,0,6,0.0,1,0.0,Manuel Rodriguez Patriotic Front (FPMR)
37269,1999,3,19,1,45,3,370,3158,10.411301,-74.405661,4.0,0,1.0,1,0,6,1,3891,45.0,0,5,1.0,0,1.0,Revolutionary Armed Forces of Colombia (FARC)
28582,1991,10,5,0,209,10,232,1825,37.714618,41.418412,1.0,1,0.0,1,0,2,4,1106,209.0,0,5,1.0,1,0.0,Kurdistan Workers' Party (PKK)
39435,2001,8,26,0,69,8,136,1021,41.930607,8.742907,1.0,0,0.0,1,0,3,3,1650,69.0,0,6,0.0,1,0.0,Corsican National Liberation Front (FLNC)
37057,1998,10,11,0,69,8,136,1021,41.930607,8.742907,1.0,0,1.0,1,0,3,2,1649,69.0,0,6,0.0,1,0.0,Corsican National Liberation Front (FLNC)
29728,1992,2,21,0,97,10,266,3061,32.178344,34.907985,1.0,0,0.0,1,0,1,14,3720,97.0,0,9,1.0,0,0.0,Palestinians
15469,1986,4,14,0,45,3,367,2493,7.116294,-73.120026,1.0,0,0.0,1,0,3,2,3175,45.0,0,6,1.0,1,0.0,National Liberation Army of Colombia (ELN)
62757,2014,9,13,0,182,11,68,405,2.059819,45.326115,1.0,0,0.0,1,0,2,2,880,182.0,0,5,0.0,0,0.0,Al-Shabaab
15150,1986,2,4,0,159,3,277,2111,-11.967368,-76.978462,1.0,0,1.0,1,0,3,1,766,159.0,0,6,0.0,1,0.0,Tupac Amaru Revolutionary Movement (MRTA)
27238,1991,5,9,0,61,2,150,1156,13.69288,-89.199161,1.0,0,0.0,1,0,3,21,1800,61.0,0,5,2.0,1,0.0,Farabundo Marti National Liberation Front (FMLN)
19842,1988,6,25,0,186,6,262,2045,9.247688,80.137276,2.0,0,0.0,1,0,2,4,2017,92.0,0,5,1.0,1,0.0,Liberation Tigers of Tamil Eelam (LTTE)
40470,2002,12,1,0,92,6,292,24,33.778175,76.576171,4.0,0,0.0,1,0,2,4,3064,92.0,0,5,10.0,0,0.0,Muslim extremists
33431,1994,9,10,0,43,3,271,2099,-33.366238,-70.505302,1.0,0,0.0,1,0,3,14,2790,43.0,0,6,0.0,1,0.0,Manuel Rodriguez Patriotic Front (FPMR)
48871,2010,11,7,0,92,6,127,811,23.669296,86.151112,3.0,0,0.0,1,0,3,3,1403,92.0,0,6,1.0,1,0.0,Communist Party of India - Maoist (CPI-Maoist)
44899,2008,5,14,0,45,3,368,3147,2.93303,-75.285828,1.0,0,1.0,1,0,3,1,3947,45.0,0,6,0.0,1,0.0,Revolutionary Armed Forces of Colombia (FARC)
20318,1988,9,14,0,45,3,367,24,6.643708,-73.653621,4.0,0,0.0,1,0,2,4,1762,45.0,0,5,2.0,1,0.0,National Liberation Army of Colombia (ELN)
5119,1979,5,7,0,69,8,136,24,41.918891,8.737554,4.0,0,0.0,1,0,3,20,1620,69.0,0,6,0.0,1,0.0,Corsican National Liberation Front (FLNC)
64763,2014,12,30,0,4,6,508,3528,32.626487,65.450773,3.0,0,0.0,1,0,2,3,85,4.0,0,5,3.0,0,0.0,Taliban
4678,1979,1,31,0,185,8,86,569,43.338233,-1.789272,1.0,0,0.0,1,0,1,3,1060,185.0,0,5,1.0,0,0.0,Basque Fatherland and Freedom (ETA)
28732,1991,10,20,0,92,6,339,3399,30.898024,75.860077,1.0,1,1.0,1,0,7,1,1088,92.0,0,8,0.0,1,0.0,Sikh Extremists
18337,1987,10,29,0,69,8,136,1029,42.6042,8.929852,1.0,0,1.0,1,0,3,14,1568,21.0,0,6,0.0,1,0.0,Corsican National Liberation Front (FLNC)
18651,1987,12,28,0,61,2,156,1194,13.876111,-89.359722,1.0,0,0.0,1,0,2,4,1793,61.0,0,5,0.0,1,0.0,Farabundo Marti National Liberation Front (FMLN)
68939,2015,7,18,0,214,9,146,1076,47.981647,37.762325,1.0,0,0.0,1,0,3,14,926,214.0,0,6,1.0,-9,0.0,Donetsk People's Republic
29490,1992,1,18,0,69,8,139,1031,48.113475,-1.675708,1.0,0,1.0,1,0,3,2,1571,69.0,0,6,0.0,1,0.0,Corsican National Liberation Front (FLNC)
52290,2012,6,13,0,95,10,36,276,34.010471,44.148235,1.0,0,1.0,1,0,3,14,13,95.0,0,6,2.0,0,0.0,Al-Qaida in Iraq
80443,2017,5,21,0,92,6,127,837,23.770186,84.417259,2.0,0,0.0,1,0,7,1,1350,92.0,0,8,0.0,1,0.0,Communist Party of India - Maoist (CPI-Maoist)
76274,2016,9,4,0,153,6,427,3751,34.552243,71.257927,2.0,0,1.0,1,0,3,3,2948,153.0,0,6,1.0,0,0.0,Tehrik-i-Taliban Pakistan (TTP)
36557,1997,10,11,0,45,3,362,24,1.637898,-77.745208,4.0,0,0.0,1,0,1,14,3184,45.0,0,5,5.0,0,0.0,National Liberation Army of Colombia (ELN)
46988,2009,8,15,0,4,6,523,3579,34.346722,62.197315,1.0,0,0.0,1,0,3,6,4473,4.0,0,6,0.0,0,0.0,Taliban
43291,2006,9,7,1,186,6,218,2037,8.735506,80.479927,1.0,0,0.0,1,0,6,4,2559,186.0,0,5,1.0,1,1.0,Liberation Tigers of Tamil Eelam (LTTE)
68440,2015,6,23,0,92,6,127,2183,23.815092,84.199699,1.0,0,0.0,1,0,3,19,2898,92.0,0,6,0.0,1,0.0,Maoists
50324,2011,11,7,0,104,11,78,404,2.809093,40.927444,1.0,1,0.0,0,0,2,3,893,104.0,0,5,2.0,-9,0.0,Al-Shabaab
30906,1992,8,3,0,185,8,86,515,42.84964,-2.692359,1.0,0,0.0,0,0,3,14,1128,185.0,0,6,0.0,1,0.0,Basque Fatherland and Freedom (ETA)
16106,1986,8,18,0,145,2,444,2864,12.216667,-84.033333,1.0,0,0.0,1,0,2,14,3528,145.0,0,5,1.0,1,0.0,Nicaraguan Democratic Force (FDN)
27531,1991,6,12,0,159,3,277,2111,-11.967368,-76.978462,1.0,0,1.0,1,0,3,1,766,159.0,0,6,0.0,1,0.0,Tupac Amaru Revolutionary Movement (MRTA)
15077,1986,1,22,0,61,2,159,1202,13.483333,-88.466667,1.0,0,1.0,1,0,3,21,1803,61.0,0,6,0.0,1,0.0,Farabundo Marti National Liberation Front (FMLN)
32599,1994,3,8,0,45,3,379,2528,3.429344,-76.516037,1.0,0,0.0,0,0,3,6,3870,45.0,0,6,0.0,1,0.0,Revolutionary Armed Forces of Colombia (FARC)
61575,2014,7,15,0,214,9,146,1096,47.927954,37.371645,3.0,0,1.0,1,0,7,1,1713,214.0,0,5,1.0,1,0.0,Donetsk People's Republic
73367,2016,3,13,0,147,11,167,1402,7.139054,9.076465,1.0,0,1.0,1,0,2,14,27,147.0,0,5,0.0,1,0.0,Fulani extremists
5797,1979,11,1,0,97,10,460,3040,32.08297,34.811886,1.0,0,0.0,1,0,3,19,2847,97.0,0,6,0.0,1,0.0,Palestinians
30501,1992,6,9,0,45,3,365,24,9.337295,-73.653621,4.0,0,0.0,1,0,3,21,3148,45.0,0,6,0.0,1,0.0,National Liberation Army of Colombia (ELN)
43707,2007,4,20,0,186,6,263,1995,7.939525,81.000963,1.0,0,0.0,1,0,3,4,2584,186.0,0,6,2.0,1,0.0,Liberation Tigers of Tamil Eelam (LTTE)
11209,1983,12,6,0,159,3,477,3351,-13.433611,-74.270833,1.0,0,0.0,1,0,2,4,1772,159.0,0,5,0.0,1,0.0,Shining Path (SL)
39863,2002,2,16,0,97,10,265,3066,31.484053,34.533436,1.0,1,0.0,1,0,3,14,3698,97.0,0,6,0.0,-9,0.0,Palestinians
20437,1988,10,4,0,186,6,262,1980,9.666399,80.020477,1.0,0,0.0,1,0,3,4,2516,186.0,0,6,3.0,1,0.0,Liberation Tigers of Tamil Eelam (LTTE)
76627,2016,9,21,0,95,10,36,1702,34.458684,43.795649,3.0,0,0.0,1,0,3,14,853,95.0,0,6,0.0,1,0.0,Islamic State of Iraq and the Levant (ISIL)
22893,1989,9,2,0,61,2,157,1179,13.733333,-88.883333,1.0,0,1.0,1,0,3,21,1761,61.0,0,6,0.0,1,0.0,Farabundo Marti National Liberation Front (FMLN)
59316,2014,3,30,0,4,6,525,3587,34.705139,70.154053,1.0,1,0.0,0,0,1,2,4477,4.0,0,6,0.0,1,0.0,Taliban
10731,1983,8,25,0,145,2,437,2907,13.564854,-86.028297,3.0,1,0.0,1,0,2,4,3555,145.0,0,5,1.0,1,0.0,Nicaraguan Democratic Force (FDN)
32816,1994,4,11,0,209,10,225,24,37.422746,42.492326,4.0,0,0.0,1,0,2,4,562,209.0,0,5,5.0,1,0.0,Kurdistan Workers' Party (PKK)
43229,2006,8,8,0,186,6,263,2064,8.589444,80.835,1.0,1,0.0,1,0,2,4,2590,186.0,0,5,1.0,-9,0.0,Liberation Tigers of Tamil Eelam (LTTE)
17907,1987,8,23,0,159,3,481,3289,-14.105709,-72.615117,3.0,0,1.0,1,0,2,14,2645,159.0,0,5,0.0,1,0.0,Shining Path (SL)
26137,1990,11,10,0,155,10,327,1474,31.502407,34.459743,1.0,0,1.0,1,0,1,14,3654,155.0,0,5,1.0,0,0.0,Palestinians
30663,1992,7,6,0,209,10,245,24,41.115547,42.789392,4.0,0,0.0,1,0,1,2,2389,209.0,0,5,2.0,0,0.0,Kurdistan Workers' Party (PKK)
69049,2015,7,24,0,209,10,226,1840,37.303442,44.57696,3.0,0,0.0,1,0,3,3,85,209.0,0,6,0.0,0,0.0,Kurdistan Workers' Party (PKK)
48487,2010,8,23,0,209,10,226,24,37.445932,43.744984,4.0,0,0.0,1,0,2,15,2370,209.0,0,5,1.0,0,0.0,Kurdistan Workers' Party (PKK)
13551,1985,3,28,0,159,3,277,2111,-11.967368,-76.978462,1.0,0,0.0,1,0,3,1,4809,159.0,0,6,1.0,1,0.0,Tupac Amaru Revolutionary Movement (MRTA)
39825,2002,2,4,0,160,5,0,8,6.556828,121.883449,1.0,1,0.0,1,0,1,14,66,160.0,0,9,1.0,0,0.0,Abu Sayyaf Group (ASG)
24596,1990,3,31,0,96,8,191,1624,52.663857,-8.626773,1.0,0,0.0,1,0,6,2,2076,233.0,0,5,0.0,0,1.0,Irish Republican Army (IRA)
47208,2009,10,13,0,92,6,126,937,24.663698,85.019744,3.0,1,0.0,1,0,3,16,1462,92.0,0,6,0.0,1,0.0,Communist Party of India - Maoist (CPI-Maoist)
37385,1999,5,31,1,45,3,379,2528,3.429344,-76.516037,1.0,0,0.0,1,0,6,14,3216,45.0,0,5,0.0,0,1.0,National Liberation Army of Colombia (ELN)
62041,2014,8,4,0,45,3,469,3188,0.435951,-75.52767,4.0,0,0.0,1,0,7,1,3928,45.0,0,8,0.0,1,0.0,Revolutionary Armed Forces of Colombia (FARC)
45542,2008,9,21,0,185,8,86,532,43.320698,-2.420475,1.0,0,1.0,1,0,3,3,970,185.0,0,6,0.0,1,0.0,Basque Fatherland and Freedom (ETA)
27509,1991,6,9,0,61,2,151,24,14.191665,-89.1706,4.0,0,0.0,1,0,3,4,1807,61.0,0,6,0.0,1,0.0,Farabundo Marti National Liberation Front (FMLN)
69698,2015,8,24,0,228,10,60,353,13.586484,44.024105,1.0,0,0.0,1,0,3,14,742,228.0,0,6,13.0,1,0.0,Houthi extremists (Ansar Allah)
70161,2015,9,17,0,92,6,134,2190,18.894734,80.193719,1.0,0,0.0,1,0,7,3,560,92.0,0,8,0.0,1,0.0,Maoists
75333,2016,7,6,0,228,10,48,352,12.832581,45.027071,3.0,0,0.0,1,1,3,4,577,228.0,0,6,16.0,1,0.0,Al-Qaida in the Arabian Peninsula (AQAP)
54339,2013,1,20,0,45,3,360,3225,8.05306,-73.08777,1.0,0,0.0,1,0,2,4,48,45.0,0,6,1.0,0,0.0,Revolutionary Armed Forces of Colombia (FARC)
47914,2010,4,23,0,95,10,33,248,33.303566,44.371773,1.0,0,1.0,1,0,3,15,509,95.0,0,6,1.0,-9,0.0,Al-Qaida in Iraq
42305,2005,8,16,0,186,6,218,1975,7.733107,81.68882,1.0,0,0.0,1,0,2,3,2486,186.0,0,5,0.0,0,0.0,Liberation Tigers of Tamil Eelam (LTTE)
75271,2016,7,2,0,95,10,36,1708,34.934021,44.732433,2.0,0,0.0,1,1,3,20,6,95.0,0,6,2.0,0,0.0,Islamic State of Iraq and the Levant (ISIL)
33311,1994,7,31,1,160,5,1,22,6.050458,121.012245,1.0,0,0.0,1,0,6,15,134,217.0,0,5,2.0,0,1.0,Abu Sayyaf Group (ASG)
50696,2011,12,23,0,200,10,40,261,33.515244,36.292084,1.0,0,1.0,1,1,3,2,499,200.0,0,6,23.0,0,0.0,Al-Qaida in Iraq
67321,2015,5,3,0,214,9,146,1077,47.098835,37.81987,1.0,1,1.0,1,0,2,4,48,214.0,0,6,0.0,-9,0.0,Donetsk People's Republic
42279,2005,8,10,0,160,5,4,15,6.929089,122.07885,1.0,0,1.0,1,0,3,19,36,160.0,0,6,0.0,1,0.0,Abu Sayyaf Group (ASG)
63759,2014,11,1,0,147,11,168,1284,8.5983,8.849614,1.0,0,0.0,1,0,2,14,27,147.0,0,5,8.0,1,0.0,Fulani extremists
81616,2017,7,25,0,209,10,234,1828,37.922218,40.184376,1.0,0,0.0,1,0,2,3,2361,209.0,0,6,0.0,0,0.0,Kurdistan Workers' Party (PKK)
74376,2016,5,12,0,147,11,108,619,11.840929,13.141459,1.0,0,0.0,1,1,3,2,1232,147.0,0,6,6.0,-9,0.0,Boko Haram
37028,1998,9,11,1,160,5,15,63,4.662801,119.399601,1.0,1,0.0,1,0,6,14,142,44.0,0,5,0.0,0,1.0,Abu Sayyaf Group (ASG)
58584,2014,2,17,0,147,11,168,1332,8.698664,8.666581,1.0,0,0.0,1,0,2,14,27,147.0,0,8,5.0,1,0.0,Fulani extremists
29583,1992,1,31,0,603,8,190,1609,54.607712,-5.95621,1.0,0,0.0,1,0,7,1,2063,233.0,0,8,0.0,1,0.0,Irish Republican Army (IRA)
40439,2002,11,19,0,45,3,370,3188,11.242035,-74.205384,1.0,0,1.0,1,0,3,1,3955,45.0,0,6,1.0,1,0.0,Revolutionary Armed Forces of Colombia (FARC)
15882,1986,6,29,0,183,11,20,184,-32.788923,26.832659,1.0,0,0.0,1,0,3,2,337,183.0,0,6,0.0,1,0.0,African National Congress (South Africa)
27527,1991,6,12,0,159,3,277,2111,-11.967368,-76.978462,1.0,0,1.0,1,0,3,1,766,159.0,0,6,0.0,1,0.0,Tupac Amaru Revolutionary Movement (MRTA)
5779,1979,10,27,0,155,10,456,3033,32.222271,35.253506,1.0,0,0.0,1,0,3,15,3631,97.0,0,6,0.0,1,0.0,Palestinians
33170,1994,6,20,0,159,3,277,2111,-11.967368,-76.978462,1.0,0,0.0,1,0,1,14,4189,159.0,0,5,1.0,0,0.0,Shining Path (SL)
1747,1974,6,22,0,603,8,190,1609,54.607712,-5.95621,1.0,0,0.0,1,0,1,3,2157,233.0,0,5,1.0,0,0.0,Irish Republican Army (IRA)
73238,2016,3,7,0,95,10,32,264,33.420948,43.295662,1.0,0,0.0,1,0,3,20,6,95.0,0,6,3.0,0,0.0,Muslim extremists
65469,2015,1,30,0,147,11,167,1441,7.715104,9.230054,2.0,0,1.0,1,0,2,14,27,147.0,0,5,2.0,1,0.0,Fulani extremists
20063,1988,7,29,0,160,5,11,43,14.596051,120.978666,1.0,0,0.0,1,0,1,4,3459,160.0,0,5,1.0,0,0.0,New People's Army (NPA)
34678,1995,10,6,0,45,3,379,2583,3.583748,-76.495727,1.0,0,0.0,1,0,3,4,3905,45.0,0,6,0.0,1,0.0,Revolutionary Armed Forces of Colombia (FARC)
30628,1992,7,1,0,603,8,190,1625,54.159548,-6.458147,1.0,0,0.0,1,0,1,14,2077,233.0,0,5,1.0,0,0.0,Irish Republican Army (IRA)
49487,2011,4,5,0,45,3,363,1224,6.81699,-75.243998,1.0,1,0.0,0,0,3,21,3867,45.0,0,6,0.0,0,0.0,Revolutionary Armed Forces of Colombia (FARC)
3973,1978,3,16,0,185,8,88,512,43.258434,-2.921819,1.0,0,0.0,1,0,1,2,1054,185.0,0,5,1.0,0,0.0,Basque Fatherland and Freedom (ETA)
77322,2016,11,1,0,182,11,71,479,3.206583,45.759302,1.0,0,0.0,1,0,3,4,845,422.0,0,6,1.0,1,0.0,Al-Shabaab
16076,1986,8,13,0,159,3,277,2111,-11.967368,-76.978462,1.0,0,1.0,1,0,3,9,4857,159.0,0,6,0.0,1,0.0,Tupac Amaru Revolutionary Movement (MRTA)
46383,2009,4,13,0,45,3,377,3215,2.63874,-76.52915,1.0,0,0.0,1,0,3,19,3962,45.0,0,6,2.0,-9,0.0,Revolutionary Armed Forces of Colombia (FARC)
72776,2016,2,11,0,217,1,313,2382,40.064024,-82.863818,1.0,0,0.0,1,0,2,1,512,217.0,1,9,1.0,0,0.0,Muslim extremists
55067,2013,4,7,0,92,6,126,900,24.92326,86.220238,1.0,0,0.0,1,0,3,21,2871,92.0,0,6,0.0,1,0.0,Maoists
15346,1986,3,26,0,43,3,271,2099,-33.366238,-70.505302,1.0,0,1.0,1,0,3,1,2701,43.0,0,6,0.0,1,0.0,Manuel Rodriguez Patriotic Front (FPMR)
58556,2014,2,15,0,228,10,48,310,12.825647,44.846416,1.0,0,0.0,0,0,2,21,694,228.0,0,5,0.0,0,0.0,Al-Qaida in the Arabian Peninsula (AQAP)
65382,2015,1,26,0,92,6,128,2262,18.708305,80.995499,1.0,1,0.0,1,0,7,19,1317,92.0,0,11,0.0,1,0.0,Maoists
73628,2016,4,1,0,95,10,32,24,33.982013,42.594834,4.0,0,1.0,0,1,3,4,0,95.0,0,6,15.0,0,0.0,Islamic State of Iraq and the Levant (ISIL)
32866,1994,4,20,0,209,10,252,24,37.750394,36.952639,4.0,0,0.0,1,0,2,4,562,209.0,0,5,2.0,1,0.0,Kurdistan Workers' Party (PKK)
11797,1984,3,17,0,43,3,271,2099,-33.366238,-70.505302,1.0,0,1.0,1,0,3,21,2782,43.0,0,6,1.0,1,0.0,Manuel Rodriguez Patriotic Front (FPMR)
51123,2012,2,23,0,95,10,34,250,33.74324,44.623825,1.0,0,1.0,1,0,3,14,13,95.0,0,6,3.0,1,0.0,Al-Qaida in Iraq
5993,1979,12,19,0,603,8,49,1615,51.504387,-0.140041,1.0,0,0.0,0,0,1,12,2209,216.0,0,6,0.0,0,0.0,Irish Republican Army (IRA)
58196,2014,1,21,0,4,6,322,3611,34.328977,70.407486,3.0,0,0.0,1,0,2,3,2901,4.0,0,5,4.0,1,0.0,Taliban
15795,1986,6,15,0,183,11,19,169,-26.250692,28.441941,1.0,0,0.0,1,0,3,3,275,183.0,0,6,0.0,1,0.0,African National Congress (South Africa)
67704,2015,5,19,0,228,10,60,353,13.586484,44.024105,1.0,0,0.0,1,0,3,14,1977,228.0,0,6,5.0,-9,0.0,Houthi extremists (Ansar Allah)
29908,1992,3,19,0,209,10,228,1854,37.415668,41.371505,1.0,0,0.0,1,0,1,2,2396,209.0,0,5,1.0,0,0.0,Kurdistan Workers' Party (PKK)
56379,2013,8,9,0,160,5,396,2633,14.975632,121.068392,1.0,0,0.0,1,0,2,4,3336,160.0,0,5,3.0,0,0.0,New People's Army (NPA)
66337,2015,3,12,0,214,9,146,1077,47.098835,37.81987,1.0,1,1.0,1,0,2,4,1698,214.0,0,6,0.0,0,0.0,Donetsk People's Republic
61441,2014,7,10,0,214,9,146,1076,47.981647,37.762325,1.0,0,0.0,1,0,2,4,1701,214.0,0,6,0.0,-9,0.0,Donetsk People's Republic
49730,2011,6,3,0,160,5,1,22,6.050458,121.012245,1.0,0,0.0,0,0,3,1,122,160.0,0,6,0.0,0,0.0,Abu Sayyaf Group (ASG)
50585,2011,12,5,0,92,6,126,874,24.551295,84.140936,1.0,0,0.0,0,0,2,3,1390,92.0,0,5,0.0,0,0.0,Communist Party of India - Maoist (CPI-Maoist)
67091,2015,4,23,0,214,9,146,1077,47.098835,37.81987,1.0,1,0.0,1,0,2,4,48,214.0,0,6,0.0,-9,0.0,Donetsk People's Republic
51541,2012,4,5,0,153,6,468,3124,24.891115,67.143311,1.0,0,0.0,1,1,3,3,4628,153.0,0,6,5.0,1,0.0,Tehrik-i-Taliban Pakistan (TTP)
42135,2005,7,1,0,95,10,33,248,33.303566,44.371773,1.0,0,0.0,1,0,1,15,529,95.0,0,5,5.0,0,0.0,Al-Qaida in Iraq
56646,2013,9,2,0,160,5,358,2684,6.95,125.05,1.0,0,1.0,1,0,3,1,3373,160.0,0,6,1.0,1,0.0,New People's Army (NPA)
62040,2014,8,4,0,228,10,50,316,15.914915,48.650745,1.0,0,0.0,0,0,1,4,640,228.0,0,5,0.0,0,0.0,Al-Qaida in the Arabian Peninsula (AQAP)
29687,1992,2,15,0,160,5,397,2691,8.801867,126.30035,1.0,0,0.0,1,0,2,4,562,160.0,0,5,42.0,1,0.0,New People's Army (NPA)
67383,2015,5,4,0,228,10,58,1528,13.057677,44.883764,3.0,0,0.0,1,0,3,14,13,228.0,0,6,1.0,-9,0.0,Houthi extremists (Ansar Allah)
43035,2006,5,22,0,4,6,513,24,32.603077,64.890852,4.0,0,0.0,1,0,2,3,4458,4.0,0,5,3.0,1,0.0,Taliban
21166,1989,1,15,0,183,11,19,195,-26.108628,28.040116,1.0,0,0.0,1,0,3,21,360,183.0,0,6,0.0,1,0.0,African National Congress (South Africa)
47010,2009,8,20,0,4,6,514,3573,33.598633,69.228996,1.0,0,0.0,1,1,3,2,4469,4.0,0,6,2.0,0,0.0,Taliban
58978,2014,3,10,0,160,5,14,2693,9.051549,118.049001,1.0,0,0.0,1,0,6,1,3379,160.0,0,8,0.0,1,1.0,New People's Army (NPA)
53849,2012,11,16,0,228,10,52,329,13.129726,45.385571,1.0,0,0.0,1,1,3,17,347,228.0,0,6,5.0,1,0.0,Al-Qaida in the Arabian Peninsula (AQAP)
67656,2015,5,17,1,113,10,307,2370,32.867867,13.189067,1.0,0,0.0,1,0,6,14,13,208.0,0,5,0.0,0,1.0,Muslim extremists
75828,2016,8,6,0,92,6,129,806,22.408769,87.373316,3.0,0,1.0,0,0,3,20,6,92.0,0,6,0.0,0,0.0,Maoists
20250,1988,8,30,0,92,6,499,3458,22.8725,78.107222,1.0,0,0.0,1,0,2,14,4319,92.0,0,5,5.0,1,0.0,Sikh Extremists
61937,2014,7,29,0,214,9,146,1123,48.06276,38.416573,1.0,0,0.0,1,0,2,14,1731,214.0,0,5,1.0,1,0.0,Donetsk People's Republic
56294,2013,8,2,0,4,6,322,3640,34.273106,70.074127,3.0,0,1.0,1,0,2,4,228,4.0,0,5,82.0,1,0.0,Taliban
54717,2013,2,26,0,147,11,110,681,12.187141,11.706829,2.0,0,0.0,1,0,2,17,1247,147.0,0,5,7.0,0,0.0,Boko Haram
54898,2013,3,19,0,95,10,34,288,33.548306,44.415733,1.0,0,1.0,1,0,3,1,512,95.0,0,6,4.0,1,0.0,Al-Qaida in Iraq
83614,2017,12,29,0,37,11,117,701,11.24944,13.999003,1.0,0,0.0,1,1,3,20,6,37.0,0,6,2.0,0,0.0,Boko Haram
8387,1982,2,12,0,69,8,138,1038,43.529742,5.447427,1.0,0,0.0,1,0,3,14,1589,69.0,0,6,0.0,1,0.0,Corsican National Liberation Front (FLNC)
14857,1985,12,2,0,45,3,363,529,7.491752,-74.868183,1.0,0,0.0,1,0,2,3,2184,45.0,0,5,1.0,1,0.0,National Liberation Army of Colombia (ELN)
48717,2010,10,2,0,153,6,353,3729,34.965592,71.822004,1.0,0,0.0,1,0,2,14,4573,153.0,0,5,1.0,0,0.0,Tehrik-i-Taliban Pakistan (TTP)
29190,1991,12,3,0,183,11,18,180,-29.221678,30.011627,1.0,0,0.0,1,0,2,22,290,183.0,0,5,16.0,1,0.0,African National Congress (South Africa)
20987,1988,12,18,0,61,2,153,1249,13.607874,-89.095335,1.0,0,0.0,1,0,1,14,1863,61.0,0,5,1.0,0,0.0,Farabundo Marti National Liberation Front (FMLN)
11365,1984,1,7,0,145,2,445,2885,13.00583,-87.50278,1.0,0,0.0,1,0,3,11,3540,145.0,0,5,1.0,1,0.0,Nicaraguan Democratic Force (FDN)
64675,2014,12,24,1,160,5,394,2640,7.308998,125.685896,1.0,0,0.0,1,0,6,3,3340,160.0,0,5,0.0,0,1.0,New People's Army (NPA)
73262,2016,3,8,0,147,11,167,1359,7.870772,7.891211,2.0,0,1.0,1,0,2,14,27,147.0,0,5,2.0,1,0.0,Fulani extremists
79555,2017,3,25,0,160,5,390,2771,7.316422,126.125427,1.0,0,0.0,1,0,7,1,59,160.0,0,8,0.0,1,0.0,New People's Army (NPA)
26842,1991,3,1,0,185,8,86,580,43.3331,-3.113229,1.0,0,0.0,1,0,3,3,1087,185.0,0,6,0.0,1,0.0,Basque Fatherland and Freedom (ETA)
63941,2014,11,12,0,45,3,363,3172,7.10429,-75.647612,1.0,0,0.0,0,0,3,20,6,45.0,0,6,0.0,0,0.0,Revolutionary Armed Forces of Colombia (FARC)
24441,1990,3,17,0,45,3,473,3199,3.86547,-67.92671,1.0,0,0.0,1,0,3,3,559,45.0,0,6,10.0,1,0.0,Revolutionary Armed Forces of Colombia (FARC)
70710,2015,10,16,0,4,6,532,3643,34.855299,69.649461,2.0,0,0.0,0,0,2,4,48,4.0,0,5,0.0,0,0.0,Taliban
48725,2010,10,3,0,153,6,427,3771,32.974638,70.14558,3.0,0,0.0,1,0,2,14,4622,153.0,0,5,3.0,0,0.0,Tehrik-i-Taliban Pakistan (TTP)
48807,2010,10,29,0,603,8,49,311,52.829397,-1.332046,1.0,0,1.0,0,0,3,6,636,217.0,0,6,0.0,0,0.0,Al-Qaida in the Arabian Peninsula (AQAP)
80617,2017,5,30,1,160,5,10,41,7.706753,122.138522,1.0,0,0.0,1,0,6,4,57,160.0,0,5,1.0,0,1.0,Abu Sayyaf Group (ASG)
29278,1991,12,18,0,186,6,262,2020,8.738157,80.477147,3.0,0,0.0,1,0,2,4,562,186.0,0,5,4.0,1,0.0,Liberation Tigers of Tamil Eelam (LTTE)
49165,2011,1,15,0,153,6,427,3728,34.565494,71.477429,3.0,0,0.0,1,0,3,8,4701,153.0,0,6,0.0,1,0.0,Tehrik-i-Taliban Pakistan (TTP)
44977,2008,5,29,0,186,6,218,2066,9.804272,80.1654,1.0,0,0.0,1,0,2,14,2595,186.0,0,5,1.0,0,0.0,Liberation Tigers of Tamil Eelam (LTTE)
20998,1988,12,19,0,603,8,190,1654,54.371988,-6.551326,1.0,0,0.0,1,0,3,14,2155,233.0,0,6,0.0,1,0.0,Irish Republican Army (IRA)
81537,2017,7,20,1,160,5,0,44,6.596997,121.907486,1.0,0,1.0,1,0,6,14,63,160.0,0,5,5.0,0,1.0,Abu Sayyaf Group (ASG)
77389,2016,11,5,0,209,10,225,24,37.418748,42.491834,4.0,0,0.0,1,0,3,14,13,209.0,0,6,3.0,-9,0.0,Kurdistan Workers' Party (PKK)
71709,2015,12,15,1,92,6,128,2148,21.096881,81.030341,2.0,0,1.0,1,0,6,14,2866,92.0,0,5,1.0,0,1.0,Maoists
13986,1985,6,6,0,145,2,436,2932,13.130707,-85.971684,3.0,1,1.0,1,0,2,1,3568,145.0,0,5,0.0,1,0.0,Nicaraguan Democratic Force (FDN)
70095,2015,9,14,0,147,11,118,1403,9.542234,8.899672,2.0,0,1.0,1,0,2,14,13,147.0,0,5,3.0,0,0.0,Fulani extremists
47856,2010,4,7,0,45,3,377,3181,2.992977,-76.687069,2.0,1,0.0,1,0,2,1,3919,45.0,0,5,8.0,-9,0.0,Revolutionary Armed Forces of Colombia (FARC)
49346,2011,3,2,0,92,6,127,797,23.806818,84.296339,2.0,0,0.0,1,0,6,14,1308,92.0,0,9,1.0,0,1.0,Communist Party of India - Maoist (CPI-Maoist)
19685,1988,6,2,0,97,10,458,3037,31.771599,35.2034,1.0,0,0.0,1,0,1,8,3695,97.0,0,5,1.0,0,0.0,Palestinians
17339,1987,6,2,0,145,2,440,2866,11.966667,-85.166667,1.0,0,0.0,1,0,2,4,1762,145.0,0,5,7.0,1,0.0,Nicaraguan Democratic Force (FDN)
29832,1992,3,12,0,209,10,215,1829,37.755081,39.317331,1.0,0,1.0,1,0,2,3,1106,209.0,0,5,2.0,1,0.0,Kurdistan Workers' Party (PKK)
20162,1988,8,16,0,186,6,218,1978,8.577826,81.218719,1.0,0,0.0,1,0,3,14,1065,186.0,0,6,6.0,1,0.0,Liberation Tigers of Tamil Eelam (LTTE)
33753,1994,12,25,0,160,5,0,24,6.703352,121.968689,4.0,0,0.0,1,0,6,2,128,160.0,0,9,2.0,0,1.0,Abu Sayyaf Group (ASG)
20452,1988,10,6,0,61,2,150,1156,13.69288,-89.199161,1.0,0,1.0,1,0,3,21,1855,61.0,0,6,0.0,1,0.0,Farabundo Marti National Liberation Front (FMLN)
22487,1989,7,12,0,155,10,456,3033,32.222271,35.253506,1.0,0,0.0,1,0,1,14,3772,155.0,0,5,1.0,1,0.0,Palestinians
26073,1990,10,30,0,97,10,458,3037,31.771599,35.2034,1.0,0,0.0,0,0,1,3,1124,97.0,0,9,0.0,0,0.0,Palestinians
19205,1988,3,23,0,160,5,7,2652,6.929089,122.07885,1.0,0,1.0,1,0,3,3,560,160.0,0,6,0.0,1,0.0,New People's Army (NPA)
30899,1992,8,2,0,209,10,227,24,38.29049,42.117408,4.0,0,0.0,1,0,6,18,2429,75.0,0,5,0.0,0,1.0,Kurdistan Workers' Party (PKK)
77378,2016,11,4,0,92,6,128,877,18.391134,81.659273,3.0,0,0.0,1,0,2,14,2860,92.0,0,5,1.0,0,0.0,Maoists
10812,1983,9,12,0,603,8,190,1610,55.011562,-7.312045,1.0,0,0.0,1,0,2,3,2187,233.0,0,5,0.0,1,0.0,Irish Republican Army (IRA)
81746,2017,8,4,0,95,10,37,255,36.354145,43.14357,1.0,0,0.0,1,1,3,4,524,95.0,0,6,4.0,1,0.0,Islamic State of Iraq and the Levant (ISIL)
68956,2015,7,19,0,182,11,83,477,5.185013,46.825284,3.0,0,0.0,1,1,3,4,835,422.0,0,6,1.0,1,0.0,Al-Shabaab
73379,2016,3,12,0,182,11,66,412,2.14383,45.118061,1.0,0,0.0,1,0,3,4,48,182.0,0,6,0.0,0,0.0,Al-Shabaab
29516,1992,1,22,0,603,8,190,1610,55.011562,-7.312045,1.0,0,1.0,1,0,3,1,1088,233.0,0,6,0.0,1,0.0,Irish Republican Army (IRA)
57005,2013,10,3,0,45,3,360,609,7.318612,-72.48146,1.0,0,0.0,1,0,3,21,3187,45.0,0,6,0.0,1,0.0,National Liberation Army of Colombia (ELN)
54216,2013,1,8,0,228,10,54,320,14.536389,46.833056,1.0,0,0.0,1,0,3,4,20,228.0,0,6,0.0,0,0.0,Al-Qaida in the Arabian Peninsula (AQAP)
25146,1990,6,9,0,186,6,218,1983,7.716666,81.700188,3.0,0,1.0,1,0,2,3,1068,186.0,0,5,0.0,1,0.0,Liberation Tigers of Tamil Eelam (LTTE)
64185,2014,11,26,0,95,10,37,1705,36.407394,42.964626,1.0,0,0.0,1,0,3,3,2291,95.0,0,6,0.0,1,0.0,Islamic State of Iraq and the Levant (ISIL)
14999,1986,1,7,0,145,2,437,2858,13.746389,-86.709722,1.0,0,0.0,1,0,2,4,1762,145.0,0,5,1.0,1,0.0,Nicaraguan Democratic Force (FDN)
57436,2013,11,15,1,121,5,13,91,4.595695,118.865146,1.0,0,0.0,1,0,6,1,184,121.0,0,5,1.0,1,1.0,Abu Sayyaf Group (ASG)
19932,1988,7,10,0,186,6,262,2013,9.267091,80.814248,1.0,0,0.0,1,0,2,19,56,186.0,0,5,2.0,1,0.0,Liberation Tigers of Tamil Eelam (LTTE)
70840,2015,10,23,0,92,6,128,2182,18.973896,81.399096,1.0,1,0.0,1,0,7,1,2479,92.0,0,8,0.0,1,0.0,Maoists
70346,2015,9,28,1,95,10,36,1745,34.834415,43.515133,1.0,0,1.0,1,0,6,14,13,95.0,0,5,1.0,0,1.0,Islamic State of Iraq and the Levant (ISIL)
73446,2016,3,17,0,147,11,167,1404,7.531944,9.391295,1.0,0,0.0,1,0,2,14,27,147.0,0,5,15.0,1,0.0,Fulani extremists
29783,1992,3,5,0,603,8,190,1609,54.607712,-5.95621,1.0,0,0.0,1,0,3,2,2115,233.0,0,6,0.0,1,0.0,Irish Republican Army (IRA)
10163,1983,5,8,1,61,2,148,1162,13.883333,-88.966667,1.0,0,0.0,1,0,2,14,1851,61.0,0,5,120.0,1,1.0,Farabundo Marti National Liberation Front (FMLN)
3652,1977,11,26,1,96,8,194,1637,53.361675,-6.245485,1.0,0,0.0,1,0,2,1,1585,96.0,0,5,0.0,1,1.0,Irish Republican Army (IRA)
18994,1988,2,19,0,61,2,150,1188,13.808917,-89.228637,1.0,0,1.0,1,0,3,21,1107,61.0,0,6,0.0,1,0.0,Farabundo Marti National Liberation Front (FMLN)
71815,2015,12,21,0,45,3,363,2492,7.605683,-74.806265,3.0,0,0.0,1,0,3,3,12,45.0,0,6,3.0,0,0.0,National Liberation Army of Colombia (ELN)
46887,2009,7,27,0,147,11,108,619,11.840929,13.141459,1.0,0,1.0,1,0,7,3,1241,147.0,0,8,0.0,1,0.0,Boko Haram
6049,1980,1,3,0,155,10,456,3033,32.222271,35.253506,1.0,0,0.0,0,0,3,8,3669,155.0,0,6,0.0,0,0.0,Palestinians
9617,1983,1,6,0,603,8,190,1655,54.103436,-6.193593,1.0,0,0.0,1,0,2,3,2159,233.0,0,5,2.0,1,0.0,Irish Republican Army (IRA)
52284,2012,6,13,0,95,10,32,247,33.31065,44.038208,1.0,1,1.0,1,0,3,3,12,95.0,0,6,1.0,0,0.0,Al-Qaida in Iraq
72779,2016,2,11,0,147,11,167,1409,7.90855,7.855358,2.0,0,1.0,1,0,2,14,27,147.0,0,5,1.0,0,0.0,Fulani extremists
19621,1988,5,23,0,603,8,190,1609,54.607712,-5.95621,1.0,0,0.0,1,0,2,3,2085,233.0,0,5,0.0,1,0.0,Irish Republican Army (IRA)
10338,1983,6,9,0,145,2,437,2933,13.92403,-86.08498,3.0,1,0.0,1,0,2,4,1762,145.0,0,5,1.0,1,0.0,Nicaraguan Democratic Force (FDN)
38226,2000,7,15,0,45,3,382,3213,4.010004,-75.603807,1.0,0,0.0,1,0,3,3,3958,45.0,0,6,13.0,-9,0.0,Revolutionary Armed Forces of Colombia (FARC)
76417,2016,9,13,0,153,6,468,3723,28.002285,68.728009,1.0,0,1.0,1,1,3,15,215,153.0,0,6,2.0,-9,0.0,Tehrik-i-Taliban Pakistan (TTP)
28179,1991,8,17,0,69,8,136,1057,41.621822,8.97472,1.0,0,0.0,1,0,3,1,1633,69.0,0,6,0.0,1,0.0,Corsican National Liberation Front (FLNC)
31676,1992,11,3,0,183,11,19,211,-26.574288,27.840764,1.0,0,0.0,1,0,1,8,389,183.0,0,5,6.0,0,0.0,African National Congress (South Africa)
79227,2017,3,2,0,147,11,167,1379,7.444978,8.396494,2.0,0,0.0,1,0,2,14,1927,147.0,0,9,6.0,0,0.0,Fulani extremists
60356,2014,5,23,0,228,10,185,24,16.256921,43.943679,4.0,0,0.0,1,0,3,15,1963,228.0,0,6,0.0,1,0.0,Houthi extremists (Ansar Allah)
65705,2015,2,9,0,147,11,167,1292,7.689167,9.250278,3.0,0,1.0,1,0,2,14,27,147.0,0,5,0.0,1,0.0,Fulani extremists
64562,2014,12,18,0,228,10,56,347,14.781294,42.972851,1.0,0,1.0,1,1,3,17,219,228.0,0,6,4.0,-9,0.0,Al-Qaida in the Arabian Peninsula (AQAP)
81146,2017,6,28,0,95,10,36,1744,35.415855,43.114769,1.0,0,0.0,1,0,3,14,27,95.0,0,6,3.0,-9,0.0,Islamic State of Iraq and the Levant (ISIL)
27804,1991,7,12,0,159,3,277,3333,-11.495531,-77.207192,1.0,0,0.0,1,0,3,1,4145,159.0,0,5,0.0,1,0.0,Shining Path (SL)
67194,2015,4,26,0,214,9,146,1081,48.064426,37.673248,1.0,1,1.0,1,0,3,4,48,214.0,0,6,0.0,-9,0.0,Donetsk People's Republic
13919,1985,5,24,0,43,3,272,2102,-36.823788,-72.668472,1.0,0,1.0,1,0,3,21,1781,43.0,0,6,0.0,1,0.0,Manuel Rodriguez Patriotic Front (FPMR)
56059,2013,7,16,0,160,5,358,2684,6.95,125.05,1.0,0,0.0,1,0,3,4,3418,160.0,0,6,0.0,1,0.0,New People's Army (NPA)
6795,1980,7,9,0,61,2,152,1170,13.491242,-88.173134,1.0,0,0.0,1,0,2,3,1819,61.0,0,5,1.0,1,0.0,Farabundo Marti National Liberation Front (FMLN)
16578,1987,1,5,0,159,3,477,3278,-13.152712,-74.218628,1.0,0,0.0,1,0,1,2,4136,159.0,0,5,3.0,0,0.0,Shining Path (SL)
44551,2008,2,24,0,4,6,507,3566,31.799835,65.062271,1.0,0,0.0,0,0,1,2,4462,4.0,0,6,3.0,0,0.0,Taliban
77104,2016,10,20,0,228,10,183,1581,16.402103,43.05595,1.0,0,0.0,1,0,3,4,48,228.0,0,6,3.0,-9,0.0,Houthi extremists (Ansar Allah)
33065,1994,5,23,0,603,8,190,1609,54.607712,-5.95621,1.0,0,0.0,1,0,1,4,2200,216.0,0,5,1.0,0,0.0,Irish Republican Army (IRA)
67296,2015,5,2,0,153,6,468,3124,24.891115,67.143311,1.0,0,0.0,0,0,1,3,4600,153.0,0,6,5.0,1,0.0,Tehrik-i-Taliban Pakistan (TTP)
51426,2012,3,24,0,153,6,427,3765,33.640689,70.775759,1.0,0,0.0,1,0,2,4,4612,153.0,0,6,13.0,-9,0.0,Tehrik-i-Taliban Pakistan (TTP)
21195,1989,1,18,0,159,3,277,2111,-11.967368,-76.978462,1.0,0,1.0,1,0,3,21,4152,159.0,0,6,0.0,1,0.0,Shining Path (SL)
4755,1979,2,21,0,185,8,86,524,43.291618,-1.977903,1.0,0,0.0,1,0,2,1,1112,185.0,0,5,0.0,0,0.0,Basque Fatherland and Freedom (ETA)
19355,1988,4,19,0,183,11,25,162,-33.941849,18.41964,1.0,0,0.0,1,0,3,1,359,183.0,0,6,0.0,1,0.0,African National Congress (South Africa)
46797,2009,7,9,0,92,6,128,862,18.484547,80.752565,1.0,0,0.0,1,0,2,3,1375,92.0,0,9,2.0,0,0.0,Communist Party of India - Maoist (CPI-Maoist)
63162,2014,10,1,0,160,5,390,2748,7.808513,126.094304,2.0,0,0.0,1,0,7,1,112,160.0,0,5,0.0,1,0.0,New People's Army (NPA)
60956,2014,6,20,0,214,9,146,1074,48.596962,37.998299,1.0,0,0.0,1,0,2,4,562,214.0,0,6,0.0,-9,0.0,Donetsk People's Republic
52706,2012,7,23,0,95,10,36,289,33.669689,44.381317,1.0,0,1.0,1,0,3,14,13,95.0,0,6,0.0,-9,0.0,Al-Qaida in Iraq
54594,2013,2,14,0,153,6,353,3761,32.929773,70.669266,3.0,0,0.0,1,1,3,3,175,153.0,0,6,6.0,1,0.0,Tehrik-i-Taliban Pakistan (TTP)
65435,2015,1,28,0,92,6,128,2274,19.894924,80.957336,1.0,0,0.0,1,0,2,2,2958,92.0,0,5,0.0,1,0.0,Maoists
14938,1985,12,23,0,159,3,277,2111,-11.967368,-76.978462,1.0,0,0.0,1,0,3,1,4802,159.0,0,6,0.0,1,0.0,Tupac Amaru Revolutionary Movement (MRTA)
78920,2017,2,12,0,92,6,128,2158,18.792596,80.813556,1.0,0,0.0,1,0,3,4,12,92.0,0,6,1.0,0,0.0,Maoists
77540,2016,11,14,0,160,5,0,14,6.601768,122.17325,1.0,0,0.0,1,0,3,4,15,160.0,0,6,0.0,0,0.0,Abu Sayyaf Group (ASG)
81648,2017,7,27,0,95,10,34,275,33.953167,44.921906,1.0,0,0.0,1,1,3,1,595,95.0,0,6,1.0,-9,0.0,Islamic State of Iraq and the Levant (ISIL)
46737,2009,6,23,0,92,6,126,898,24.730152,84.953731,1.0,0,0.0,1,0,3,16,1422,92.0,0,6,0.0,1,0.0,Communist Party of India - Maoist (CPI-Maoist)
38505,2000,10,16,0,185,8,87,540,37.38264,-5.996295,1.0,0,1.0,1,0,1,4,993,185.0,0,5,2.0,0,0.0,Basque Fatherland and Freedom (ETA)
31053,1992,8,23,0,209,10,225,1832,37.522653,42.452637,1.0,0,0.0,1,0,2,4,2363,209.0,0,5,2.0,1,0.0,Kurdistan Workers' Party (PKK)
70195,2015,9,19,0,95,10,32,1711,33.397812,43.706276,1.0,0,0.0,1,1,3,4,48,95.0,0,6,1.0,0,0.0,Islamic State of Iraq and the Levant (ISIL)
63476,2014,10,16,0,228,10,52,335,13.521941,46.711571,1.0,0,0.0,1,0,3,4,743,228.0,0,6,3.0,1,0.0,Al-Qaida in the Arabian Peninsula (AQAP)
13559,1985,3,28,0,159,3,277,2111,-11.967368,-76.978462,1.0,0,1.0,1,0,3,9,4818,159.0,0,6,1.0,1,0.0,Tupac Amaru Revolutionary Movement (MRTA)
15155,1986,2,4,0,159,3,277,2111,-11.967368,-76.978462,1.0,0,1.0,1,0,3,21,4757,159.0,0,6,0.0,1,0.0,Tupac Amaru Revolutionary Movement (MRTA)
57853,2013,12,26,0,228,10,50,374,16.914939,49.366207,2.0,0,0.0,1,0,2,4,20,228.0,0,5,4.0,0,0.0,Al-Qaida in the Arabian Peninsula (AQAP)
58529,2014,2,13,0,160,5,5,2772,6.615473,125.217184,1.0,0,0.0,1,0,2,4,3447,160.0,0,5,0.0,0,0.0,New People's Army (NPA)
34848,1995,12,5,0,186,6,218,1983,7.716668,81.70019,3.0,0,0.0,1,1,2,3,2560,186.0,0,5,57.0,1,0.0,Liberation Tigers of Tamil Eelam (LTTE)
18636,1987,12,23,0,159,3,486,3864,-6.488123,-76.3599,1.0,0,0.0,0,0,2,6,4823,159.0,0,5,0.0,1,0.0,Tupac Amaru Revolutionary Movement (MRTA)
74939,2016,6,14,0,41,11,179,1436,7.276389,15.6625,1.0,0,0.0,1,0,2,14,1937,41.0,0,5,10.0,1,0.0,Fulani extremists
5477,1979,8,21,0,97,10,458,3037,31.771599,35.2034,1.0,0,0.0,1,0,3,4,3514,97.0,0,6,0.0,1,0.0,Palestinians
41816,2005,2,19,0,95,10,34,250,33.74324,44.623825,1.0,0,0.0,1,1,3,4,575,95.0,0,6,3.0,1,0.0,Al-Qaida in Iraq
48872,2010,11,7,1,92,6,127,869,24.428844,84.025995,1.0,0,0.0,1,0,3,19,1383,92.0,0,6,0.0,1,1.0,Communist Party of India - Maoist (CPI-Maoist)
19330,1988,4,15,0,43,3,273,2104,-34.170331,-70.740822,1.0,0,0.0,0,0,3,21,1813,43.0,0,6,0.0,1,0.0,Manuel Rodriguez Patriotic Front (FPMR)
48914,2010,11,16,0,92,6,130,801,18.924224,83.010623,1.0,0,0.0,1,0,3,3,1312,92.0,0,6,0.0,1,0.0,Communist Party of India - Maoist (CPI-Maoist)
78051,2016,12,15,0,182,11,68,405,2.059819,45.326115,1.0,0,1.0,0,1,1,1,512,182.0,0,6,1.0,1,0.0,Al-Shabaab
21821,1989,4,4,0,61,2,158,1204,13.772142,-88.07664,1.0,0,0.0,1,0,2,4,1805,61.0,0,5,0.0,1,0.0,Farabundo Marti National Liberation Front (FMLN)
43267,2006,8,27,0,186,6,218,1983,7.716666,81.700188,3.0,0,0.0,1,0,2,14,815,186.0,0,5,1.0,0,0.0,Liberation Tigers of Tamil Eelam (LTTE)
19740,1988,6,12,0,45,3,369,2501,6.46052,-71.72989,1.0,0,0.0,1,0,2,4,3158,45.0,0,5,1.0,1,0.0,National Liberation Army of Colombia (ELN)
8885,1982,7,2,0,61,2,150,1156,13.69288,-89.199161,1.0,0,0.0,1,0,3,9,1824,61.0,0,6,1.0,1,0.0,Farabundo Marti National Liberation Front (FMLN)
10689,1983,8,14,0,145,2,450,2958,12.966667,-83.533333,1.0,0,0.0,1,0,2,4,1762,145.0,0,5,3.0,1,0.0,Nicaraguan Democratic Force (FDN)
33824,1995,1,14,0,69,8,136,1024,42.699997,9.447317,1.0,0,0.0,1,0,3,1,1559,69.0,0,6,0.0,1,0.0,Corsican National Liberation Front (FLNC)
18229,1987,10,7,0,92,6,339,24,31.147131,75.341218,4.0,0,1.0,1,0,1,14,4260,92.0,0,5,1.0,0,0.0,Sikh Extremists
56275,2013,7,31,0,153,6,468,3124,24.891115,67.143311,1.0,0,0.0,1,0,3,4,4598,153.0,0,6,0.0,1,0.0,Tehrik-i-Taliban Pakistan (TTP)
18417,1987,11,6,0,183,11,25,199,-34.040083,18.677805,1.0,0,0.0,1,0,1,3,275,183.0,0,5,3.0,0,0.0,African National Congress (South Africa)
35361,1996,5,31,0,186,6,218,2010,7.529372,81.794609,1.0,1,0.0,1,0,2,3,2522,186.0,0,5,4.0,1,0.0,Liberation Tigers of Tamil Eelam (LTTE)
28382,1991,9,14,0,159,3,475,3298,-11.161067,-75.99309,3.0,0,0.0,1,0,2,11,4103,159.0,0,5,12.0,1,0.0,Shining Path (SL)
42744,2006,2,10,0,186,6,218,1977,7.301756,81.67473,3.0,0,0.0,1,0,2,14,2620,186.0,0,5,1.0,0,0.0,Liberation Tigers of Tamil Eelam (LTTE)
68237,2015,6,13,0,4,6,513,3552,32.351956,64.779266,3.0,0,0.0,1,0,2,3,20,4.0,0,5,27.0,1,0.0,Taliban
74282,2016,5,7,0,200,10,199,2349,36.201721,37.14352,1.0,0,1.0,1,0,3,14,926,200.0,0,6,0.0,1,0.0,Muslim extremists
81247,2017,7,3,0,45,3,365,2554,8.61101,-73.635759,1.0,0,0.0,1,0,3,3,3238,45.0,0,6,0.0,0,0.0,National Liberation Army of Colombia (ELN)
16971,1987,4,6,0,145,2,436,2968,13.304902,-86.186265,1.0,0,0.0,1,0,2,2,3591,145.0,0,8,0.0,1,0.0,Nicaraguan Democratic Force (FDN)
49506,2011,4,10,1,92,6,127,789,23.744186,84.504429,3.0,1,0.0,1,0,6,14,1302,92.0,0,5,2.0,0,1.0,Communist Party of India - Maoist (CPI-Maoist)
44457,2008,1,5,1,153,6,427,3743,32.306099,69.579956,1.0,1,0.0,1,0,6,14,4692,95.0,0,5,0.0,0,1.0,Tehrik-i-Taliban Pakistan (TTP)
78531,2017,1,19,1,160,5,2,24,6.078236,118.314049,4.0,0,0.0,1,0,6,11,32,121.0,0,5,1.0,0,1.0,Abu Sayyaf Group (ASG)
12207,1984,5,14,0,145,2,446,2930,13.1,-85.35,1.0,0,0.0,1,0,2,4,1762,145.0,0,5,0.0,1,0.0,Nicaraguan Democratic Force (FDN)
77118,2016,10,20,0,228,10,182,1541,15.633333,44.583333,3.0,0,1.0,1,0,2,17,1982,228.0,0,6,0.0,-9,0.0,Houthi extremists (Ansar Allah)
25466,1990,7,26,0,43,3,271,2099,-33.366238,-70.505302,1.0,0,0.0,1,0,3,1,560,43.0,0,6,0.0,1,0.0,Manuel Rodriguez Patriotic Front (FPMR)
67523,2015,5,11,0,228,10,60,1551,13.5,43.966667,1.0,0,0.0,1,0,3,4,1992,228.0,0,6,0.0,-9,0.0,Houthi extremists (Ansar Allah)
71547,2015,12,4,0,160,5,390,2683,7.128161,125.896379,1.0,0,0.0,0,0,3,20,6,160.0,0,6,0.0,0,0.0,New People's Army (NPA)
38644,2000,11,28,1,45,3,364,2485,4.667128,-74.106056,1.0,0,0.0,1,0,6,1,3893,45.0,0,5,0.0,0,1.0,Revolutionary Armed Forces of Colombia (FARC)
75231,2016,6,30,0,4,6,506,3526,34.516895,69.147011,1.0,0,1.0,1,1,3,3,722,4.0,0,6,17.0,1,0.0,Taliban
71814,2015,12,20,0,160,5,0,5,6.654902,122.124129,1.0,0,0.0,1,0,3,1,153,160.0,0,6,0.0,0,0.0,Abu Sayyaf Group (ASG)
18937,1988,2,13,0,159,3,277,2111,-11.967368,-76.978462,1.0,0,0.0,1,0,3,1,560,217.0,0,6,0.0,1,0.0,Tupac Amaru Revolutionary Movement (MRTA)
82494,2017,9,26,0,45,3,360,2555,8.43765,-73.286871,3.0,0,1.0,1,0,3,21,3240,45.0,0,6,0.0,1,0.0,National Liberation Army of Colombia (ELN)
79912,2017,4,18,0,173,10,61,1530,17.554939,44.232357,1.0,0,0.0,1,0,3,14,13,173.0,0,6,0.0,-9,0.0,Houthi extremists (Ansar Allah)
56957,2013,9,30,0,95,10,33,248,33.303566,44.371773,1.0,0,1.0,1,0,3,14,2292,95.0,0,6,6.0,-9,0.0,Islamic State of Iraq and the Levant (ISIL)
41553,2004,8,20,0,4,6,506,3526,34.516895,69.147011,1.0,0,0.0,1,0,3,2,4467,4.0,0,6,0.0,-9,0.0,Taliban
68529,2015,6,28,0,228,10,48,358,12.867085,44.981911,1.0,0,1.0,1,0,3,14,1730,228.0,0,6,4.0,-9,0.0,Houthi extremists (Ansar Allah)
51659,2012,4,15,0,147,11,115,639,11.974328,8.50026,1.0,0,0.0,1,0,3,14,13,147.0,0,6,0.0,1,0.0,Boko Haram
61197,2014,7,2,0,113,10,304,2366,32.069286,20.151144,1.0,0,1.0,1,0,2,15,3045,113.0,0,5,1.0,0,0.0,Muslim extremists
22135,1989,5,16,0,97,10,458,3037,31.771599,35.2034,1.0,0,0.0,1,0,3,14,3637,97.0,0,6,1.0,1,0.0,Palestinians
81864,2017,8,12,0,95,10,38,1695,35.029195,43.688809,1.0,0,0.0,1,0,3,14,1272,95.0,0,6,4.0,0,0.0,Islamic State of Iraq and the Levant (ISIL)
6640,1980,5,29,0,185,8,86,518,43.291618,-1.977903,1.0,0,0.0,1,0,3,3,1000,185.0,0,5,0.0,1,0.0,Basque Fatherland and Freedom (ETA)
80169,2017,5,7,0,160,5,403,2676,16.983334,122.01667,1.0,0,0.0,0,0,2,4,55,160.0,0,5,0.0,0,0.0,New People's Army (NPA)
58395,2014,2,2,0,182,11,68,405,2.059819,45.326115,1.0,0,0.0,1,0,3,4,0,182.0,0,6,1.0,-9,0.0,Al-Shabaab
14117,1985,6,23,0,45,3,369,24,6.547306,-71.002231,4.0,0,0.0,1,0,2,1,3231,45.0,0,5,1.0,1,0.0,National Liberation Army of Colombia (ELN)
61478,2014,7,12,0,153,6,427,3794,34.819364,71.313418,1.0,0,1.0,1,0,2,4,1752,153.0,0,6,3.0,1,0.0,Tehrik-i-Taliban Pakistan (TTP)
69367,2015,8,8,0,92,6,126,2269,24.773367,86.824526,3.0,0,0.0,1,0,2,1,2953,92.0,0,5,0.0,1,0.0,Maoists
18748,1988,1,15,0,92,6,339,3412,31.633078,74.878288,1.0,0,0.0,1,0,1,3,4329,92.0,0,5,2.0,0,0.0,Sikh Extremists
52294,2012,6,13,0,95,10,34,250,33.749892,44.633421,2.0,0,1.0,1,1,3,3,20,95.0,0,6,3.0,0,0.0,Al-Qaida in Iraq
14947,1985,12,24,0,159,3,277,2111,-11.967368,-76.978462,1.0,0,0.0,1,0,3,1,4772,159.0,0,6,1.0,1,0.0,Tupac Amaru Revolutionary Movement (MRTA)
66213,2015,3,8,0,60,10,293,237,31.200092,29.918649,1.0,0,0.0,1,0,3,3,3100,60.0,0,6,0.0,0,0.0,Muslim extremists
13303,1985,1,20,0,145,2,445,2919,13.041707,-86.905374,1.0,0,0.0,1,0,3,21,1761,145.0,0,6,0.0,1,0.0,Nicaraguan Democratic Force (FDN)
34007,1995,3,14,0,75,8,193,1848,52.195807,8.581551,1.0,0,0.0,1,0,7,15,2373,209.0,0,8,0.0,1,0.0,Kurdistan Workers' Party (PKK)
8142,1981,11,9,0,603,8,190,1616,54.253718,-7.44106,1.0,0,0.0,1,0,1,4,2056,216.0,0,5,1.0,0,0.0,Irish Republican Army (IRA)
14325,1985,8,1,0,145,2,438,2887,12.96589,-86.231407,1.0,0,0.0,1,0,2,4,562,145.0,0,5,12.0,1,0.0,Nicaraguan Democratic Force (FDN)
26284,1990,12,6,0,69,8,136,1030,42.567651,8.757222,1.0,0,0.0,1,0,3,1,1599,69.0,0,6,0.0,1,0.0,Corsican National Liberation Front (FLNC)
79172,2017,2,27,0,182,11,82,457,6.774396,47.429031,1.0,0,0.0,0,0,1,2,862,182.0,0,5,0.0,0,0.0,Al-Shabaab
26544,1991,1,18,0,45,3,367,2541,7.060051,-73.853115,3.0,0,0.0,0,0,3,19,3223,45.0,0,6,0.0,1,0.0,National Liberation Army of Colombia (ELN)
22080,1989,5,10,0,159,3,477,3278,-13.152712,-74.218628,1.0,0,1.0,1,0,3,1,4165,159.0,0,6,0.0,1,0.0,Shining Path (SL)
12523,1984,7,25,0,145,2,437,2848,13.564251,-86.02984,1.0,0,0.0,1,0,2,4,1762,145.0,0,5,12.0,1,0.0,Nicaraguan Democratic Force (FDN)
49272,2011,2,10,0,153,6,353,3804,34.416681,71.92459,1.0,0,0.0,1,1,3,4,4663,153.0,0,6,32.0,1,0.0,Tehrik-i-Taliban Pakistan (TTP)
77754,2016,11,25,0,160,5,4,31,7.601144,122.428098,1.0,0,0.0,0,0,2,4,20,160.0,0,5,2.0,0,0.0,Abu Sayyaf Group (ASG)
60076,2014,5,10,1,92,6,131,805,18.564658,82.963632,1.0,1,0.0,1,0,6,14,27,92.0,0,8,2.0,1,1.0,Communist Party of India - Maoist (CPI-Maoist)
28055,1991,8,5,0,92,6,339,3407,31.8186,75.2028,1.0,1,0.0,1,0,2,3,562,92.0,0,5,3.0,1,0.0,Sikh Extremists
48935,2010,11,20,0,45,3,360,2542,8.637411,-72.734019,1.0,1,1.0,1,0,3,19,3886,45.0,0,6,0.0,1,0.0,Revolutionary Armed Forces of Colombia (FARC)
56506,2013,8,18,0,160,5,358,2642,7.435278,125.225278,1.0,0,0.0,1,0,7,1,3343,160.0,0,8,0.0,1,0.0,New People's Army (NPA)
53603,2012,10,20,0,228,10,58,339,13.148959,44.85055,2.0,0,0.0,1,0,2,17,696,228.0,0,5,0.0,0,0.0,Al-Qaida in the Arabian Peninsula (AQAP)
15603,1986,5,15,0,159,3,477,3278,-13.152712,-74.218628,1.0,0,1.0,1,0,3,21,2810,159.0,0,6,0.0,1,0.0,Shining Path (SL)
45545,2008,9,22,0,185,8,91,549,43.442153,-3.453193,1.0,0,0.0,1,0,3,4,1011,185.0,0,6,1.0,1,0.0,Basque Fatherland and Freedom (ETA)
61825,2014,7,25,0,92,6,131,2198,20.200051,83.916612,1.0,0,1.0,1,0,6,2,2907,92.0,0,5,1.0,0,1.0,Maoists
20957,1988,12,15,0,43,3,271,2099,-33.366238,-70.505302,1.0,0,0.0,1,0,3,1,2758,43.0,0,6,0.0,1,0.0,Manuel Rodriguez Patriotic Front (FPMR)
11215,1983,12,8,0,183,11,23,207,-29.115897,26.219814,1.0,1,0.0,1,0,3,19,376,183.0,0,6,0.0,1,0.0,African National Congress (South Africa)
48900,2010,11,11,0,153,6,301,2363,33.671638,73.056068,1.0,0,0.0,1,0,3,3,1312,153.0,0,6,15.0,1,0.0,Tehrik-i-Taliban Pakistan (TTP)
64451,2014,12,11,0,147,11,118,645,9.932665,8.885476,1.0,0,1.0,1,1,3,14,486,147.0,0,6,19.0,1,0.0,Boko Haram
55958,2013,7,5,0,60,10,291,2347,31.250196,34.24128,1.0,0,1.0,1,0,2,3,20,60.0,0,5,1.0,0,0.0,Muslim extremists
25024,1990,5,26,0,159,3,277,2111,-11.967368,-76.978462,1.0,0,0.0,1,0,1,4,4778,159.0,0,5,0.0,1,0.0,Tupac Amaru Revolutionary Movement (MRTA)
57072,2013,10,9,0,95,10,38,1695,35.323789,43.772096,3.0,0,1.0,1,0,3,3,2296,95.0,0,6,0.0,1,0.0,Islamic State of Iraq and the Levant (ISIL)
64149,2014,11,23,0,200,10,220,1772,35.333061,40.138737,1.0,1,0.0,1,0,2,4,2324,200.0,0,5,1.0,1,0.0,Islamic State of Iraq and the Levant (ISIL)
76449,2016,9,15,0,200,10,199,2349,36.201721,37.14352,1.0,0,1.0,1,0,3,14,810,200.0,0,6,0.0,-9,0.0,Muslim extremists
12900,1984,10,10,0,69,8,138,1026,43.296482,5.36978,1.0,0,1.0,1,0,3,3,431,69.0,0,6,0.0,1,0.0,Corsican National Liberation Front (FLNC)
17144,1987,4,25,0,145,2,449,2902,11.26093,-85.77908,1.0,0,0.0,1,0,2,1,3526,145.0,0,5,1.0,1,0.0,Nicaraguan Democratic Force (FDN)
80439,2017,5,21,0,95,10,36,278,34.92485,43.491413,1.0,0,0.0,0,0,2,4,172,95.0,0,5,4.0,0,0.0,Islamic State of Iraq and the Levant (ISIL)
64434,2014,12,10,0,147,11,115,639,11.974328,8.50026,1.0,0,0.0,1,1,3,14,1237,147.0,0,6,6.0,1,0.0,Boko Haram
77639,2016,11,19,0,173,10,188,24,19.096906,42.863788,4.0,0,0.0,1,0,3,3,172,173.0,0,6,1.0,-9,0.0,Houthi extremists (Ansar Allah)
4961,1979,4,11,0,69,8,137,132,48.856644,2.34233,1.0,0,1.0,1,0,3,1,766,69.0,0,6,1.0,1,0.0,Corsican National Liberation Front (FLNC)
42707,2006,2,3,0,160,5,1,2,6.088221,121.109329,1.0,0,0.0,1,0,2,14,144,160.0,0,5,5.0,0,0.0,Abu Sayyaf Group (ASG)
73361,2016,3,13,0,147,11,167,1417,7.866615,7.90282,2.0,0,1.0,1,0,2,14,27,147.0,0,5,0.0,1,0.0,Fulani extremists
64811,2015,1,1,0,214,9,146,1083,48.346134,38.424828,1.0,1,0.0,1,0,3,4,48,214.0,0,6,0.0,-9,0.0,Donetsk People's Republic
61074,2014,6,26,0,214,9,146,1076,47.981647,37.762325,1.0,0,0.0,1,0,2,4,939,214.0,0,5,0.0,-9,0.0,Donetsk People's Republic
80880,2017,6,14,0,95,10,34,1731,34.147392,45.129864,1.0,0,0.0,0,0,2,4,172,95.0,0,5,1.0,0,0.0,Islamic State of Iraq and the Levant (ISIL)
67252,2015,4,29,0,92,6,128,826,18.391012,81.656929,1.0,0,0.0,1,0,7,19,2927,92.0,0,8,0.0,1,0.0,Maoists
73959,2016,4,20,0,153,6,468,3124,24.891115,67.143311,1.0,0,1.0,1,0,2,3,559,153.0,0,5,4.0,0,0.0,Tehrik-i-Taliban Pakistan (TTP)
70816,2015,10,21,0,147,11,170,1328,7.877574,9.779363,2.0,0,0.0,1,0,2,14,13,147.0,0,5,5.0,0,0.0,Fulani extremists
749,1971,10,16,0,603,8,190,1610,55.011562,-7.312045,1.0,0,0.0,1,0,1,4,2141,216.0,0,5,1.0,0,0.0,Irish Republican Army (IRA)
50142,2011,10,3,1,160,5,404,2723,9.5725,125.73306,1.0,0,1.0,1,0,2,1,3407,160.0,0,8,3.0,-9,1.0,New People's Army (NPA)
68005,2015,6,1,0,153,6,427,3731,32.448074,69.944355,3.0,0,0.0,1,0,2,14,13,153.0,0,5,2.0,0,0.0,Tehrik-i-Taliban Pakistan (TTP)
67858,2015,5,25,0,160,5,412,2673,14.276771,122.705349,1.0,0,1.0,1,0,2,3,85,160.0,0,5,0.0,1,0.0,New People's Army (NPA)
52039,2012,5,20,0,228,10,56,370,14.781294,42.972851,1.0,0,0.0,1,0,2,4,738,217.0,0,5,0.0,1,0.0,Al-Qaida in the Arabian Peninsula (AQAP)
19040,1988,2,23,0,92,6,339,3407,31.8186,75.2028,1.0,0,0.0,1,0,2,3,1873,92.0,0,5,4.0,1,0.0,Sikh Extremists
20460,1988,10,6,0,45,3,366,2487,4.809979,-75.849038,1.0,0,0.0,1,0,2,4,1762,45.0,0,5,9.0,1,0.0,National Liberation Army of Colombia (ELN)
32918,1994,4,26,0,603,8,190,1609,54.607712,-5.95621,1.0,0,1.0,1,0,2,14,2072,216.0,0,5,0.0,0,0.0,Irish Republican Army (IRA)
82780,2017,10,16,0,147,11,118,1418,10.030051,8.799994,2.0,0,1.0,1,0,2,14,27,147.0,0,5,9.0,-9,0.0,Fulani extremists
7636,1981,5,7,0,185,8,89,520,40.465595,-3.696263,1.0,0,0.0,1,0,1,4,1097,185.0,0,6,3.0,0,0.0,Basque Fatherland and Freedom (ETA)
20345,1988,9,20,0,45,3,379,3144,3.40001,-76.23336,2.0,0,0.0,1,0,2,3,3876,45.0,0,5,0.0,1,0.0,Revolutionary Armed Forces of Colombia (FARC)
17719,1987,7,24,0,45,3,363,2491,6.242026,-75.564766,1.0,0,0.0,1,0,7,10,1907,45.0,0,5,0.0,1,0.0,National Liberation Army of Colombia (ELN)
19546,1988,5,12,0,43,3,271,2099,-33.366238,-70.505302,1.0,0,1.0,1,0,2,19,56,43.0,0,8,0.0,1,0.0,Manuel Rodriguez Patriotic Front (FPMR)
15096,1986,1,23,0,159,3,277,2111,-11.967368,-76.978462,1.0,0,0.0,1,0,3,1,4789,159.0,0,6,0.0,1,0.0,Tupac Amaru Revolutionary Movement (MRTA)
67083,2015,4,23,0,104,11,67,407,3.938715,41.844707,1.0,0,0.0,1,0,1,2,878,104.0,0,5,1.0,1,1.0,Al-Shabaab
77532,2016,11,13,0,147,11,112,1309,9.632177,8.503456,3.0,0,1.0,1,0,2,14,27,147.0,0,5,12.0,1,0.0,Fulani extremists
71698,2015,12,12,0,92,6,131,2277,20.251027,85.982517,1.0,0,0.0,1,0,7,16,1419,92.0,0,8,0.0,1,0.0,Maoists
42612,2006,1,19,0,69,8,136,1021,41.930607,8.742907,1.0,0,0.0,1,0,3,3,1561,69.0,0,6,0.0,1,0.0,Corsican National Liberation Front (FLNC)
10811,1983,9,12,0,61,2,156,1169,13.676944,-89.279722,1.0,0,0.0,1,0,7,2,1841,61.0,0,5,1.0,1,0.0,Farabundo Marti National Liberation Front (FMLN)
25867,1990,9,25,0,209,10,226,1878,37.526944,44.168889,1.0,0,0.0,1,0,2,14,2402,209.0,0,5,3.0,1,0.0,Kurdistan Workers' Party (PKK)
73478,2016,3,20,0,160,5,0,57,6.482311,121.96159,2.0,0,0.0,1,0,3,14,99,160.0,0,6,0.0,0,0.0,Abu Sayyaf Group (ASG)
33398,1994,8,26,0,69,8,136,1021,41.930607,8.742907,1.0,0,0.0,1,0,3,1,1638,69.0,0,6,0.0,1,0.0,Corsican National Liberation Front (FLNC)
65698,2015,2,9,0,147,11,167,1292,7.689167,9.250278,3.0,0,1.0,1,0,2,14,27,147.0,0,5,1.0,1,0.0,Fulani extremists
8689,1982,4,29,0,97,10,265,3064,31.248484,34.787853,1.0,0,0.0,0,0,3,8,51,97.0,0,6,0.0,0,0.0,Palestinians
38018,2000,4,24,0,160,5,1,22,6.050458,121.012245,1.0,0,0.0,1,0,3,1,130,160.0,0,6,0.0,0,0.0,Abu Sayyaf Group (ASG)
43335,2006,9,29,0,186,6,78,2047,7.785857,81.589802,1.0,0,0.0,1,0,3,4,2564,186.0,0,6,3.0,-9,0.0,Liberation Tigers of Tamil Eelam (LTTE)
62894,2014,9,19,0,160,5,0,5,6.660501,122.138992,1.0,0,0.0,1,0,3,21,100,160.0,0,6,0.0,1,0.0,Abu Sayyaf Group (ASG)
31945,1992,12,3,0,69,8,136,24,41.918891,8.737554,4.0,0,1.0,1,0,3,2,560,69.0,0,6,0.0,1,0.0,Corsican National Liberation Front (FLNC)
29316,1991,12,23,0,159,3,486,3866,-6.936434,-76.771772,1.0,0,0.0,1,0,2,14,4844,159.0,0,5,0.0,1,0.0,Tupac Amaru Revolutionary Movement (MRTA)
40480,2002,12,8,0,141,6,266,2253,27.159093,85.913744,1.0,0,0.0,1,0,3,14,2941,141.0,0,6,5.0,0,0.0,Maoists
43218,2006,8,6,0,186,6,218,1978,8.577826,81.218719,1.0,0,0.0,1,0,2,3,13,186.0,0,5,0.0,1,0.0,Liberation Tigers of Tamil Eelam (LTTE)
13178,1984,12,19,0,159,3,484,3336,-12.787148,-74.973207,3.0,0,0.0,1,0,3,19,4151,159.0,0,6,0.0,1,0.0,Shining Path (SL)
51290,2012,3,7,0,147,11,114,741,10.885618,11.51486,1.0,0,1.0,1,0,2,3,1273,147.0,0,5,2.0,1,0.0,Boko Haram
16747,1987,2,13,0,160,5,5,23,7.083241,125.600998,1.0,0,0.0,1,0,3,3,431,160.0,0,6,0.0,1,0.0,New People's Army (NPA)
83550,2017,12,22,0,92,6,132,2215,18.221027,82.703111,2.0,0,0.0,1,0,7,1,2917,92.0,0,8,0.0,1,0.0,Maoists
19768,1988,6,14,0,92,6,339,3457,31.958504,75.323245,1.0,0,0.0,1,0,1,14,4318,92.0,0,5,2.0,0,0.0,Sikh Extremists
59861,2014,4,28,0,214,9,146,1092,48.730804,37.574596,1.0,0,0.0,1,0,2,4,48,214.0,0,5,0.0,0,0.0,Donetsk People's Republic
44726,2008,4,10,0,92,6,126,847,25.069122,84.016578,3.0,0,0.0,1,0,2,14,1359,92.0,0,5,6.0,0,0.0,Communist Party of India - Maoist (CPI-Maoist)
52971,2012,8,15,0,228,10,52,317,13.219398,45.307838,1.0,0,0.0,1,0,2,17,20,228.0,0,5,1.0,0,0.0,Al-Qaida in the Arabian Peninsula (AQAP)
9518,1982,12,16,0,183,11,19,156,-26.252697,27.870275,1.0,0,0.0,1,0,1,2,395,183.0,0,5,3.0,0,0.0,African National Congress (South Africa)
34164,1995,5,15,0,186,6,218,2070,8.8245,81.0955,1.0,0,0.0,1,0,2,4,2579,186.0,0,5,13.0,1,0.0,Liberation Tigers of Tamil Eelam (LTTE)
64933,2015,1,7,0,182,11,68,405,2.059819,45.326115,1.0,0,0.0,1,0,3,8,3073,182.0,0,6,0.0,1,0.0,Muslim extremists
62926,2014,9,19,0,4,6,525,3582,34.674866,70.21344,1.0,0,0.0,1,1,3,3,93,4.0,0,6,9.0,1,0.0,Taliban
19690,1988,6,3,0,183,11,19,137,-26.184113,28.033232,1.0,0,0.0,1,0,3,4,277,96.0,0,6,1.0,1,0.0,African National Congress (South Africa)
5418,1979,7,29,0,185,8,89,520,40.465595,-3.696263,1.0,0,0.0,1,0,3,19,991,185.0,0,6,2.0,1,0.0,Basque Fatherland and Freedom (ETA)
76416,2016,9,13,0,153,6,468,3723,28.000466,68.728471,1.0,0,1.0,1,1,3,15,4590,153.0,0,6,1.0,-9,0.0,Tehrik-i-Taliban Pakistan (TTP)
17106,1987,4,21,0,183,11,19,137,-26.184113,28.033232,1.0,0,0.0,1,0,3,1,407,183.0,0,6,0.0,1,0.0,African National Congress (South Africa)
64979,2015,1,8,0,123,11,295,2356,14.456878,-4.91545,1.0,0,0.0,1,0,2,14,205,123.0,0,5,0.0,-9,0.0,Muslim extremists
17599,1987,7,13,0,159,3,478,3280,-10.683594,-76.25621,1.0,0,1.0,1,0,3,2,4179,159.0,0,6,0.0,1,0.0,Shining Path (SL)
75695,2016,7,30,0,214,9,146,1093,47.942608,37.505135,1.0,0,0.0,0,0,2,4,48,214.0,0,5,0.0,0,0.0,Donetsk People's Republic
22244,1989,6,1,0,92,6,339,3434,30.679722,76.721944,1.0,0,0.0,1,0,1,10,4289,92.0,0,5,2.0,0,0.0,Sikh Extremists
19444,1988,5,1,0,159,3,277,2111,-11.967368,-76.978462,1.0,0,1.0,1,0,3,2,1171,159.0,0,6,0.0,1,0.0,Shining Path (SL)
72974,2016,2,21,0,228,10,60,353,13.586484,44.024105,1.0,0,0.0,1,0,3,14,926,228.0,0,6,1.0,0,0.0,Houthi extremists (Ansar Allah)
20783,1988,11,22,0,159,3,277,2111,-11.967368,-76.978462,1.0,0,0.0,1,0,3,3,4803,159.0,0,6,0.0,1,0.0,Tupac Amaru Revolutionary Movement (MRTA)
55961,2013,7,5,0,45,3,469,3224,1.029444,-76.616389,1.0,0,0.0,1,0,2,4,3976,45.0,0,5,1.0,0,0.0,Revolutionary Armed Forces of Colombia (FARC)
