,iyear,imonth,iday,extended,country,region,provstate,city,latitude,longitude,specificity,vicinity,multiple,success,suicide,attacktype1,targtype1,target1,natlty1,individual,weaptype1,nkill,property,ishostkid,gname
74152,2016,5,1,0,228,10,57,279,13.586484,44.024105,1.0,0,1.0,1,0,3,14,1222,228.0,0,6,0.0,-9,0.0,Houthi extremists (Ansar Allah)
61872,2014,7,27,0,228,10,49,250,14.061252,46.914978,1.0,0,1.0,1,1,3,4,172,228.0,0,6,4.0,-9,0.0,Al-Qaida in the Arabian Peninsula (AQAP)
15610,1986,5,16,0,159,3,256,1556,-11.967368,-76.978462,1.0,0,1.0,1,0,7,1,2873,159.0,0,8,0.0,1,0.0,Shining Path (SL)
6680,1980,6,10,0,97,10,246,2260,32.089161,34.88382,1.0,0,0.0,1,0,3,14,2635,97.0,0,6,1.0,1,0.0,Palestinians
18282,1987,10,18,0,92,6,318,2512,31.819789,75.692805,1.0,0,0.0,1,0,2,14,3024,92.0,0,5,1.0,1,0.0,Sikh Extremists
5380,1979,7,9,0,97,10,412,2215,31.771599,35.2034,1.0,0,0.0,0,0,3,14,206,97.0,0,6,0.0,1,0.0,Palestinians
72776,2016,2,11,0,217,1,292,1754,40.064024,-82.863818,1.0,0,0.0,1,0,2,1,361,217.0,1,9,1.0,0,0.0,Muslim extremists
26702,1991,2,6,0,45,3,422,24,3.27199,-73.087749,4.0,0,0.0,1,0,7,1,2756,45.0,0,8,0.0,1,0.0,Revolutionary Armed Forces of Colombia (FARC)
49412,2011,3,19,0,153,6,484,535,33.915234,71.458679,1.0,1,0.0,1,0,3,19,3281,153.0,0,6,0.0,1,0.0,Tehrik-i-Taliban Pakistan (TTP)
77138,2016,10,21,0,173,10,58,1128,17.554939,44.232357,1.0,0,0.0,1,0,2,14,844,173.0,0,6,0.0,-9,0.0,Houthi extremists (Ansar Allah)
53674,2012,10,24,0,147,11,102,463,11.704399,11.088539,1.0,0,1.0,1,0,7,8,51,147.0,0,8,0.0,1,0.0,Boko Haram
48844,2010,11,2,0,95,10,30,177,33.303566,44.371773,1.0,0,1.0,1,0,3,1,344,95.0,0,6,1.0,1,0.0,Al-Qaida in Iraq
13852,1985,5,16,0,61,2,148,24,13.447063,-88.556531,4.0,0,1.0,1,0,3,21,1251,61.0,0,6,0.0,1,0.0,Farabundo Marti National Liberation Front (FMLN)
13400,1985,2,15,0,61,2,139,914,13.749885,-89.199936,1.0,0,0.0,1,0,2,4,1239,61.0,0,5,1.0,1,0.0,Farabundo Marti National Liberation Front (FMLN)
21901,1989,4,14,0,185,8,81,388,43.291618,-1.977903,1.0,0,0.0,1,0,3,3,767,185.0,0,6,0.0,1,0.0,Basque Fatherland and Freedom (ETA)
26653,1991,2,2,0,43,3,250,1544,-33.366238,-70.505302,1.0,0,0.0,1,0,3,15,1962,217.0,0,6,0.0,1,0.0,Manuel Rodriguez Patriotic Front (FPMR)
65711,2015,2,9,0,214,9,135,799,48.346134,38.424828,1.0,0,0.0,1,0,3,14,855,214.0,0,6,0.0,-9,0.0,Donetsk People's Republic
44003,2007,7,4,0,153,6,280,1735,33.671638,73.056068,1.0,0,0.0,1,0,6,15,2130,153.0,0,5,7.0,1,1.0,Muslim extremists
81571,2017,7,22,0,173,10,174,1130,24.08554,38.063286,1.0,0,0.0,1,0,3,1,1383,173.0,0,6,0.0,1,0.0,Houthi extremists (Ansar Allah)
2272,1975,8,11,0,603,8,178,1179,54.607712,-5.95621,1.0,0,0.0,1,0,2,4,1471,233.0,0,5,1.0,0,0.0,Irish Republican Army (IRA)
59290,2014,3,29,0,182,11,61,324,1.716188,44.768864,1.0,0,0.0,1,0,2,4,345,182.0,0,5,1.0,0,0.0,Al-Shabaab
22010,1989,4,26,0,160,5,362,1956,10.974698,124.893489,1.0,0,0.0,1,0,2,3,162,160.0,0,5,6.0,1,0.0,New People's Army (NPA)
47954,2010,5,3,0,160,5,358,1932,8.280488,126.255202,1.0,0,0.0,1,0,2,3,2340,160.0,0,5,2.0,-9,0.0,New People's Army (NPA)
12968,1984,10,26,0,145,2,404,2165,11.43857,-85.936974,1.0,0,0.0,1,0,2,4,2511,145.0,0,5,80.0,1,0.0,Nicaraguan Democratic Force (FDN)
54205,2013,1,7,0,147,11,107,486,11.974328,8.50026,1.0,0,0.0,1,0,2,15,354,147.0,0,5,3.0,0,0.0,Boko Haram
63098,2014,9,28,0,6,10,289,1747,34.789675,-0.553424,1.0,0,0.0,1,0,2,4,48,6.0,0,5,2.0,0,0.0,Muslim extremists
53927,2012,11,26,0,153,6,280,1735,33.671638,73.056068,1.0,0,0.0,0,0,3,10,3238,153.0,0,6,0.0,0,0.0,Tehrik-i-Taliban Pakistan (TTP)
57700,2013,12,12,1,92,6,122,1572,18.355422,81.833743,1.0,0,1.0,1,0,6,14,2079,92.0,0,5,1.0,0,1.0,Maoists
57022,2013,10,6,0,228,10,50,241,15.325443,44.211895,1.0,0,0.0,0,0,6,7,456,75.0,0,5,1.0,0,0.0,Al-Qaida in the Arabian Peninsula (AQAP)
42698,2006,2,2,0,141,6,261,1657,28.518126,81.11616,1.0,0,0.0,1,0,3,14,2074,141.0,0,6,0.0,1,0.0,Maoists
26650,1991,2,1,0,186,6,206,1470,9.719408,79.856688,1.0,0,0.0,0,0,3,4,1779,186.0,0,6,0.0,1,0.0,Liberation Tigers of Tamil Eelam (LTTE)
59350,2014,4,2,0,228,10,45,236,12.825647,44.846416,1.0,0,0.0,1,1,3,4,373,228.0,0,6,11.0,1,0.0,Al-Qaida in the Arabian Peninsula (AQAP)
71929,2015,12,26,0,182,11,63,304,2.059819,45.326115,1.0,0,0.0,1,0,1,4,589,182.0,0,5,1.0,0,0.0,Al-Shabaab
56879,2013,9,23,0,4,6,458,24,32.879882,66.150174,4.0,0,0.0,1,0,3,14,13,4.0,0,6,2.0,1,0.0,Taliban
82479,2017,9,25,0,209,10,216,1367,39.547222,44.083333,3.0,0,0.0,1,0,2,19,1679,4.0,0,5,3.0,1,0.0,Kurdistan Workers' Party (PKK)
64565,2014,12,19,1,45,3,341,2283,3.012639,-76.482881,2.0,0,0.0,1,0,6,4,2705,45.0,0,6,5.0,0,1.0,Revolutionary Armed Forces of Colombia (FARC)
83487,2017,12,16,0,95,10,31,1278,33.824244,44.789265,3.0,0,0.0,0,0,3,20,6,95.0,0,6,0.0,0,0.0,Islamic State of Iraq and the Levant (ISIL)
83365,2017,12,4,0,147,11,105,1022,9.374888,12.093306,2.0,0,1.0,1,0,2,14,27,147.0,0,5,1.0,1,0.0,Fulani extremists
48357,2010,7,14,0,228,10,49,255,13.129726,45.385571,1.0,0,1.0,1,0,3,2,515,228.0,0,5,2.0,1,0.0,Al-Qaida in the Arabian Peninsula (AQAP)
65081,2015,1,14,0,214,9,135,800,47.805,37.576667,1.0,0,0.0,1,0,3,4,1191,214.0,0,6,0.0,-9,0.0,Donetsk People's Republic
15719,1986,6,8,0,159,3,256,1556,-11.967368,-76.978462,1.0,0,0.0,1,0,3,14,2887,159.0,0,6,1.0,1,0.0,Shining Path (SL)
31510,1992,10,17,0,209,10,210,1347,37.522653,42.452637,1.0,0,0.0,1,0,1,3,1702,209.0,0,5,1.0,0,0.0,Kurdistan Workers' Party (PKK)
64823,2015,1,1,0,104,11,75,328,-1.749689,41.192947,1.0,0,0.0,1,0,2,4,59,104.0,0,5,3.0,-9,0.0,Al-Shabaab
45207,2008,7,11,0,92,6,117,619,24.744071,86.457931,1.0,1,0.0,1,0,3,19,937,92.0,0,6,0.0,1,0.0,Communist Party of India - Maoist (CPI-Maoist)
6487,1980,4,15,0,603,8,178,1212,54.515694,-6.055724,1.0,0,0.0,1,0,3,1,437,216.0,0,6,0.0,1,0.0,Irish Republican Army (IRA)
34300,1995,6,2,0,186,6,73,1471,7.775413,81.606247,1.0,0,0.0,0,0,1,14,1816,186.0,0,5,0.0,0,0.0,Liberation Tigers of Tamil Eelam (LTTE)
21162,1989,1,15,0,61,2,142,869,13.5,-88.866667,1.0,0,0.0,1,0,3,4,1264,61.0,0,6,0.0,1,0.0,Farabundo Marti National Liberation Front (FMLN)
33035,1994,5,17,0,209,10,218,24,39.067995,40.777644,4.0,0,0.0,1,0,2,4,412,209.0,0,5,1.0,1,0.0,Kurdistan Workers' Party (PKK)
14291,1985,7,23,0,145,2,407,2134,13.69517,-84.85311,1.0,0,0.0,1,0,2,2,2493,145.0,0,5,3.0,1,0.0,Nicaraguan Democratic Force (FDN)
68939,2015,7,18,0,214,9,135,792,47.981647,37.762325,1.0,0,0.0,1,0,3,14,1222,214.0,0,6,1.0,-9,0.0,Donetsk People's Republic
59896,2014,4,30,0,4,6,459,2633,32.677261,61.981559,3.0,0,1.0,1,0,2,3,2055,4.0,0,5,2.0,1,0.0,Taliban
51708,2012,4,19,0,95,10,33,189,33.835629,44.247406,1.0,0,1.0,1,0,3,20,6,95.0,0,6,0.0,0,0.0,Al-Qaida in Iraq
14733,1985,11,6,0,159,3,256,1556,-11.967368,-76.978462,1.0,0,0.0,1,0,2,4,1264,159.0,0,5,0.0,1,0.0,Tupac Amaru Revolutionary Movement (MRTA)
64692,2014,12,25,0,153,6,389,2762,33.885767,71.120431,1.0,0,0.0,1,0,2,14,3263,153.0,0,5,1.0,0,0.0,Tehrik-i-Taliban Pakistan (TTP)
68965,2015,7,20,0,209,10,203,1296,36.975594,38.426399,1.0,0,0.0,1,1,3,14,1635,209.0,0,6,34.0,1,0.0,Islamic State of Iraq and the Levant (ISIL)
65091,2015,1,14,0,214,9,135,832,47.827862,37.652819,1.0,0,1.0,1,0,3,14,855,214.0,0,6,0.0,-9,0.0,Donetsk People's Republic
8933,1982,7,16,0,185,8,89,404,42.815372,-1.653616,1.0,0,0.0,1,0,3,2,758,185.0,0,6,1.0,1,0.0,Basque Fatherland and Freedom (ETA)
31947,1992,12,3,0,69,8,126,24,41.918891,8.737554,4.0,0,1.0,1,0,3,2,410,69.0,0,6,0.0,1,0.0,Corsican National Liberation Front (FLNC)
32370,1994,1,27,0,603,8,46,1185,51.504387,-0.140041,1.0,0,0.0,1,0,7,1,1489,216.0,0,8,0.0,1,0.0,Irish Republican Army (IRA)
6232,1980,2,14,0,83,2,153,908,14.622869,-90.529068,1.0,0,0.0,1,0,2,7,1291,61.0,0,5,0.0,1,0.0,Farabundo Marti National Liberation Front (FMLN)
17628,1987,7,15,0,183,11,20,161,-32.949255,27.734962,1.0,0,0.0,1,0,2,3,188,183.0,0,5,3.0,1,0.0,African National Congress (South Africa)
37017,1998,8,24,0,160,5,0,16,6.681959,121.985477,1.0,0,0.0,1,0,2,3,115,160.0,0,5,2.0,1,0.0,Abu Sayyaf Group (ASG)
80398,2017,5,19,0,160,5,365,1945,16.670136,121.717106,2.0,0,0.0,1,0,4,1,410,160.0,0,8,0.0,1,1.0,New People's Army (NPA)
53374,2012,9,29,0,228,10,49,244,13.887403,45.863647,1.0,0,0.0,1,1,3,17,485,228.0,0,6,3.0,0,0.0,Al-Qaida in the Arabian Peninsula (AQAP)
72041,2016,1,1,0,92,6,117,596,25.740541,84.824858,1.0,0,1.0,0,0,3,1,915,92.0,0,6,0.0,0,0.0,Communist Party of India - Maoist (CPI-Maoist)
76409,2016,9,12,0,45,3,333,1878,7.022091,-71.385222,1.0,0,0.0,0,0,3,20,6,45.0,0,6,0.0,0,0.0,National Liberation Army of Colombia (ELN)
63423,2014,10,14,0,121,5,13,62,7.277091,117.458841,1.0,0,0.0,1,0,2,11,107,121.0,0,5,0.0,1,0.0,Abu Sayyaf Group (ASG)
72913,2016,2,18,0,160,5,349,1931,9.826864,122.642296,1.0,0,0.0,1,0,2,3,537,160.0,0,5,2.0,0,0.0,New People's Army (NPA)
47022,2009,8,22,1,92,6,120,650,22.632149,86.764311,1.0,0,0.0,1,0,6,2,970,92.0,0,5,2.0,0,1.0,Communist Party of India - Maoist (CPI-Maoist)
7997,1981,9,14,0,603,8,178,1228,54.755402,-6.606029,1.0,0,0.0,1,0,1,3,1554,233.0,0,5,1.0,0,0.0,Irish Republican Army (IRA)
69422,2015,8,11,0,37,11,109,538,11.135556,13.881944,1.0,0,0.0,1,0,2,14,855,37.0,0,5,10.0,0,0.0,Boko Haram
66864,2015,4,11,0,228,10,45,236,12.825647,44.846416,1.0,0,1.0,1,0,2,14,13,228.0,0,5,2.0,0,0.0,Houthi extremists (Ansar Allah)
74057,2016,4,25,0,92,6,125,1634,20.489143,80.374216,2.0,0,1.0,1,0,6,14,2059,92.0,0,5,1.0,0,1.0,Maoists
56161,2013,7,24,0,60,10,268,1726,31.126646,33.800865,1.0,1,0.0,1,0,3,3,2121,60.0,0,6,3.0,0,0.0,Muslim extremists
17577,1987,7,8,0,183,11,19,96,-26.184113,28.033232,1.0,0,0.0,1,0,3,1,200,183.0,0,6,0.0,1,0.0,African National Congress (South Africa)
16849,1987,3,6,0,159,3,256,1556,-11.967368,-76.978462,1.0,0,1.0,1,0,3,1,3341,159.0,0,6,0.0,1,0.0,Tupac Amaru Revolutionary Movement (MRTA)
30285,1992,5,9,0,603,8,46,1217,54.959373,-1.601825,1.0,0,0.0,0,0,7,1,1528,216.0,0,8,0.0,1,0.0,Irish Republican Army (IRA)
44844,2008,5,8,0,186,6,242,1448,8.757816,80.487907,1.0,0,0.0,1,0,2,14,1772,186.0,0,5,1.0,0,0.0,Liberation Tigers of Tamil Eelam (LTTE)
47668,2010,2,23,0,92,6,117,604,24.749905,84.370896,2.0,1,1.0,1,0,7,1,923,92.0,0,8,0.0,1,0.0,Communist Party of India - Maoist (CPI-Maoist)
73528,2016,3,23,1,160,5,7,55,7.674924,123.152963,1.0,0,0.0,1,0,6,14,95,160.0,0,5,1.0,0,1.0,Abu Sayyaf Group (ASG)
48717,2010,10,2,0,153,6,484,2716,34.965592,71.822004,1.0,0,0.0,1,0,2,14,3209,153.0,0,5,1.0,0,0.0,Tehrik-i-Taliban Pakistan (TTP)
33157,1994,6,17,0,45,3,327,1825,6.242026,-75.564766,1.0,0,1.0,1,0,3,1,2217,45.0,0,6,0.0,1,0.0,National Liberation Army of Colombia (ELN)
26227,1990,11,28,0,69,8,126,753,42.699997,9.447317,1.0,0,0.0,1,0,7,2,1149,69.0,0,5,0.0,1,0.0,Corsican National Liberation Front (FLNC)
77378,2016,11,4,0,92,6,119,678,18.391134,81.659273,3.0,0,0.0,1,0,2,14,2013,92.0,0,5,1.0,0,0.0,Maoists
72509,2016,1,27,0,92,6,122,1580,19.583711,83.500638,1.0,0,0.0,0,0,3,4,48,92.0,0,6,0.0,0,0.0,Maoists
45242,2008,7,20,0,160,5,382,2010,6.61417,125.236669,1.0,0,0.0,1,0,7,1,2402,422.0,0,5,0.0,1,0.0,New People's Army (NPA)
13806,1985,5,14,0,186,6,243,1481,8.345185,80.388133,1.0,0,0.0,1,0,2,14,13,186.0,0,5,146.0,1,0.0,Liberation Tigers of Tamil Eelam (LTTE)
46064,2009,1,26,1,182,11,60,301,3.115641,43.64658,1.0,0,0.0,1,0,2,2,598,182.0,0,5,0.0,-9,1.0,Al-Shabaab
63093,2014,9,28,0,228,10,48,252,15.8275,44.793889,1.0,0,0.0,1,1,3,17,427,228.0,0,6,16.0,1,0.0,Al-Qaida in the Arabian Peninsula (AQAP)
45000,2008,6,2,0,186,6,206,1438,7.733107,81.68882,1.0,0,0.0,1,0,2,22,1747,186.0,0,5,2.0,0,0.0,Liberation Tigers of Tamil Eelam (LTTE)
33007,1994,5,14,0,209,10,210,1347,37.522653,42.452637,1.0,1,0.0,1,0,2,4,412,209.0,0,5,2.0,1,0.0,Kurdistan Workers' Party (PKK)
41949,2005,4,20,0,141,6,246,1622,26.760601,85.926979,1.0,0,0.0,1,0,3,3,2054,141.0,0,6,4.0,1,0.0,Maoists
54074,2012,12,18,0,153,6,486,2711,24.891115,67.143311,1.0,0,0.0,1,0,3,3,3213,153.0,0,6,1.0,-9,0.0,Tehrik-i-Taliban Pakistan (TTP)
14358,1985,8,10,0,183,11,20,98,-32.985771,27.866086,1.0,0,0.0,0,0,3,21,259,183.0,0,6,0.0,1,0.0,African National Congress (South Africa)
79669,2017,4,2,0,147,11,100,470,11.922882,13.281358,2.0,0,1.0,1,1,3,14,841,147.0,0,6,1.0,1,0.0,Boko Haram
79029,2017,2,18,0,95,10,34,184,36.354145,43.14357,1.0,0,0.0,1,0,3,14,334,95.0,0,6,3.0,-9,0.0,Islamic State of Iraq and the Levant (ISIL)
17750,1987,7,29,0,92,6,447,2491,28.690073,77.213982,1.0,0,1.0,0,0,3,2,1935,92.0,0,6,0.0,1,0.0,Sikh Extremists
20382,1988,9,28,0,183,11,25,140,-34.057188,18.865482,1.0,0,0.0,1,0,3,2,283,183.0,0,6,0.0,1,0.0,African National Congress (South Africa)
63000,2014,9,23,0,147,11,155,1004,7.031136,7.777072,1.0,0,1.0,1,0,6,14,27,147.0,0,9,1.0,1,1.0,Fulani extremists
30953,1992,8,9,0,92,6,318,2526,30.381945,75.546798,1.0,1,0.0,1,0,2,3,3040,92.0,0,5,14.0,0,0.0,Sikh Extremists
34473,1995,7,30,0,75,8,181,1365,51.482917,7.211808,1.0,0,0.0,1,0,7,1,1677,209.0,0,8,0.0,1,0.0,Kurdistan Workers' Party (PKK)
23634,1989,11,7,1,45,3,342,1861,4.17871,-74.42302,1.0,0,0.0,1,0,6,1,2266,130.0,0,5,0.0,0,1.0,National Liberation Army of Colombia (ELN)
75784,2016,8,4,0,228,10,45,236,12.825647,44.846416,1.0,0,1.0,1,0,3,3,175,228.0,0,6,0.0,1,0.0,Al-Qaida in the Arabian Peninsula (AQAP)
78916,2017,2,12,0,95,10,34,184,36.354145,43.14357,1.0,0,1.0,1,0,3,14,1200,95.0,0,6,1.0,-9,0.0,Islamic State of Iraq and the Levant (ISIL)
62785,2014,9,15,0,228,10,54,24,16.790182,45.299386,4.0,0,0.0,1,0,3,21,443,228.0,0,6,0.0,1,0.0,Houthi extremists (Ansar Allah)
75207,2016,6,28,0,92,6,122,1612,18.863646,82.876863,1.0,0,0.0,0,0,3,20,6,92.0,0,6,0.0,0,0.0,Maoists
42321,2005,8,20,0,186,6,241,1437,6.874658,79.860483,1.0,0,0.0,0,0,3,10,1746,186.0,0,6,0.0,0,0.0,Liberation Tigers of Tamil Eelam (LTTE)
59138,2014,3,20,0,104,11,76,339,-4.041179,39.677612,1.0,0,0.0,0,0,3,3,373,104.0,0,6,0.0,0,0.0,Al-Shabaab
81207,2017,6,28,0,147,11,100,525,12.26581,13.938675,1.0,0,0.0,1,0,2,14,27,147.0,0,5,5.0,1,0.0,Boko Haram
24596,1990,3,31,0,96,8,179,1194,52.663857,-8.626773,1.0,0,0.0,1,0,6,2,1469,233.0,0,5,0.0,0,1.0,Irish Republican Army (IRA)
62763,2014,9,14,0,147,11,158,965,7.913514,10.064535,1.0,0,0.0,1,0,2,14,560,147.0,0,5,20.0,1,0.0,Fulani extremists
42695,2006,2,2,0,69,8,126,764,42.121236,8.758887,1.0,0,1.0,0,0,3,14,1109,69.0,0,6,0.0,0,0.0,Corsican National Liberation Front (FLNC)
26972,1991,3,27,0,155,10,410,2220,31.907141,35.198219,1.0,1,0.0,1,0,1,14,2609,97.0,0,5,1.0,0,0.0,Palestinians
43189,2006,7,29,0,186,6,206,1473,7.529372,81.794609,1.0,0,0.0,1,0,3,3,1787,186.0,0,6,0.0,-9,0.0,Liberation Tigers of Tamil Eelam (LTTE)
20727,1988,11,18,0,159,3,256,1556,-11.967368,-76.978462,1.0,0,0.0,1,0,3,1,410,159.0,0,6,0.0,1,0.0,Tupac Amaru Revolutionary Movement (MRTA)
789,1971,12,4,0,603,8,178,1179,54.607712,-5.95621,1.0,0,0.0,1,0,1,4,1438,216.0,0,5,1.0,0,0.0,Irish Republican Army (IRA)
35234,1996,4,16,0,45,3,326,24,1.637898,-77.745208,1.0,0,0.0,1,0,3,4,2772,45.0,0,6,31.0,1,0.0,Revolutionary Armed Forces of Colombia (FARC)
59234,2014,3,25,0,95,10,33,187,33.540672,44.251266,1.0,0,0.0,1,1,3,4,12,95.0,0,6,5.0,-9,0.0,Muslim extremists
60545,2014,5,31,0,147,11,100,480,12.342068,14.185827,3.0,0,1.0,1,0,2,14,27,147.0,0,6,14.0,1,0.0,Boko Haram
19089,1988,3,6,0,97,10,242,2239,33.004219,35.092571,1.0,0,0.0,1,0,3,14,2592,97.0,0,6,0.0,1,0.0,Palestinians
16215,1986,9,16,0,145,2,406,2121,11.676334,-84.702872,1.0,0,0.0,1,0,2,4,1249,145.0,0,5,1.0,1,0.0,Nicaraguan Democratic Force (FDN)
22705,1989,8,13,0,61,2,139,853,13.69288,-89.199161,1.0,0,0.0,1,0,1,2,1267,61.0,0,5,0.0,1,0.0,Farabundo Marti National Liberation Front (FMLN)
67523,2015,5,11,0,228,10,57,1149,13.5,43.966667,1.0,0,0.0,1,0,3,4,1409,228.0,0,6,0.0,-9,0.0,Houthi extremists (Ansar Allah)
71047,2015,11,2,0,4,6,464,2579,33.791877,69.911399,3.0,0,1.0,1,0,2,3,2055,4.0,0,5,16.0,0,0.0,Taliban
13957,1985,6,1,0,145,2,407,2122,13.333325,-85.372013,1.0,0,0.0,1,0,2,4,412,145.0,0,5,1.0,1,0.0,Nicaraguan Democratic Force (FDN)
37269,1999,3,19,1,45,3,334,2310,10.411301,-74.405661,4.0,0,1.0,1,0,6,1,2740,45.0,0,5,1.0,0,1.0,Revolutionary Armed Forces of Colombia (FARC)
30606,1992,6,27,0,97,10,410,2235,32.246808,35.48904,1.0,0,0.0,0,0,1,14,2581,97.0,0,9,0.0,0,0.0,Palestinians
54878,2013,3,18,0,147,11,107,486,12.023287,8.536534,1.0,0,0.0,1,1,3,19,885,147.0,0,6,39.0,1,0.0,Boko Haram
53051,2012,8,22,0,209,10,210,1395,37.317202,41.792458,3.0,0,0.0,1,0,2,4,93,209.0,0,6,0.0,0,0.0,Kurdistan Workers' Party (PKK)
48252,2010,6,24,1,92,6,120,645,22.577189,87.004942,1.0,0,0.0,1,0,6,14,965,92.0,0,5,0.0,0,1.0,Communist Party of India - Maoist (CPI-Maoist)
29056,1991,11,16,0,155,10,410,2220,31.907141,35.198219,1.0,0,1.0,1,0,7,4,2597,97.0,0,8,0.0,1,0.0,Palestinians
55377,2013,5,7,0,147,11,100,526,11.526846,13.69271,1.0,0,1.0,1,0,2,3,477,147.0,0,5,18.0,1,0.0,Boko Haram
30757,1992,7,19,0,159,3,256,1556,-11.967368,-76.978462,1.0,0,0.0,1,0,7,1,2890,159.0,0,8,0.0,1,0.0,Shining Path (SL)
39937,2002,3,25,0,141,6,246,1603,27.708754,85.329498,1.0,0,0.0,1,0,3,10,2040,141.0,0,6,0.0,1,0.0,Maoists
30337,1992,5,15,0,160,5,353,1971,12.26919,123.540417,1.0,0,0.0,1,0,3,3,2367,160.0,0,6,4.0,1,0.0,New People's Army (NPA)
71812,2015,12,20,0,160,5,1,65,6.04343,120.994263,1.0,0,0.0,0,0,3,4,120,160.0,0,6,0.0,0,0.0,Abu Sayyaf Group (ASG)
83589,2017,12,26,0,95,10,35,1255,35.198963,43.793133,1.0,0,0.0,1,0,3,4,12,95.0,0,6,2.0,0,0.0,Islamic State of Iraq and the Levant (ISIL)
54958,2013,3,24,1,228,10,49,259,13.92892,46.079399,1.0,0,0.0,1,0,6,4,512,228.0,0,5,1.0,-9,1.0,Al-Qaida in the Arabian Peninsula (AQAP)
54911,2013,3,19,0,147,11,100,466,11.840929,13.141459,1.0,0,0.0,1,0,3,4,48,147.0,0,6,3.0,0,0.0,Boko Haram
80807,2017,6,10,1,147,11,111,1054,5.668971,6.340234,3.0,0,0.0,1,0,6,8,1359,147.0,0,5,0.0,0,1.0,Fulani extremists
63828,2014,11,5,0,208,10,300,1775,36.299722,8.768333,1.0,0,0.0,1,0,2,4,56,208.0,0,5,5.0,1,0.0,Muslim extremists
24441,1990,3,17,0,45,3,428,2353,3.86547,-67.92671,1.0,0,0.0,1,0,3,3,409,45.0,0,6,10.0,1,0.0,Revolutionary Armed Forces of Colombia (FARC)
54791,2013,3,5,0,45,3,326,2329,1.813128,-78.754227,1.0,0,1.0,1,0,3,1,2479,45.0,0,6,0.0,1,0.0,Revolutionary Armed Forces of Colombia (FARC)
77291,2016,10,29,0,228,10,48,285,15.45639,45.324871,1.0,0,0.0,0,0,3,14,1395,228.0,0,6,0.0,0,0.0,Houthi extremists (Ansar Allah)
71464,2015,11,28,0,37,11,109,536,11.917996,14.644405,1.0,0,1.0,1,1,3,1,881,37.0,0,6,3.0,-9,0.0,Boko Haram
63447,2014,10,15,0,104,11,62,306,3.938715,41.844707,1.0,0,0.0,0,0,1,2,606,104.0,0,6,0.0,1,0.0,Al-Shabaab
69900,2015,9,4,0,209,10,209,1325,39.106709,39.545246,1.0,0,0.0,1,0,2,3,175,209.0,0,5,3.0,0,0.0,Kurdistan Workers' Party (PKK)
20348,1988,9,22,0,159,3,256,1556,-11.967368,-76.978462,1.0,0,0.0,1,0,3,2,3404,159.0,0,6,0.0,1,0.0,Tupac Amaru Revolutionary Movement (MRTA)
23075,1989,9,15,0,183,11,19,129,-26.371483,28.408806,1.0,0,0.0,0,0,3,3,229,183.0,0,6,1.0,1,0.0,African National Congress (South Africa)
66265,2015,3,10,1,147,11,158,1014,7.887778,9.556389,1.0,0,0.0,1,0,6,14,27,147.0,0,9,1.0,0,1.0,Fulani extremists
82930,2017,10,29,0,147,11,100,466,11.868845,13.251158,1.0,1,0.0,1,1,3,3,373,147.0,0,6,2.0,0,0.0,Boko Haram
44033,2007,7,18,0,209,10,211,1333,37.253172,43.612234,1.0,0,0.0,1,0,3,4,1659,209.0,0,6,2.0,-9,0.0,Kurdistan Workers' Party (PKK)
64811,2015,1,1,0,214,9,135,799,48.346134,38.424828,1.0,1,0.0,1,0,3,4,48,214.0,0,6,0.0,-9,0.0,Donetsk People's Republic
10586,1983,7,24,0,145,2,397,2092,12.538409,-85.573921,2.0,1,0.0,1,0,7,19,2467,145.0,0,5,1.0,1,0.0,Nicaraguan Democratic Force (FDN)
15457,1986,4,12,0,145,2,400,2139,13.27624,-86.87844,1.0,0,0.0,1,0,2,4,1239,145.0,0,5,1.0,1,0.0,Nicaraguan Democratic Force (FDN)
55211,2013,4,21,0,92,6,118,589,23.395833,84.238515,1.0,0,0.0,1,0,3,14,909,92.0,0,6,0.0,1,0.0,Communist Party of India - Maoist (CPI-Maoist)
82926,2017,10,28,0,209,10,193,1262,41.106178,28.689863,1.0,0,0.0,0,1,3,1,1616,209.0,0,6,0.0,0,0.0,Islamic State of Iraq and the Levant (ISIL)
57724,2013,12,15,0,160,5,349,1921,10.3725,123.123611,1.0,0,0.0,1,0,7,1,2331,160.0,0,8,0.0,1,0.0,New People's Army (NPA)
7437,1981,3,7,0,69,8,130,761,43.610769,3.876716,1.0,0,1.0,1,0,3,1,1104,69.0,0,6,0.0,1,0.0,Corsican National Liberation Front (FLNC)
13055,1984,11,16,0,145,2,391,2162,13.130707,-85.971684,3.0,1,0.0,1,0,7,1,2513,145.0,0,5,5.0,1,0.0,Nicaraguan Democratic Force (FDN)
52797,2012,8,1,0,160,5,5,23,7.190952,125.461578,1.0,0,0.0,1,0,3,4,2366,160.0,0,6,1.0,0,0.0,New People's Army (NPA)
42209,2005,7,21,0,186,6,206,1442,6.875271,81.830633,1.0,0,0.0,1,0,2,3,1757,186.0,0,5,2.0,-9,0.0,Liberation Tigers of Tamil Eelam (LTTE)
51258,2012,3,5,0,95,10,29,178,34.160587,42.37254,1.0,0,1.0,1,0,1,3,330,95.0,0,5,2.0,0,0.0,Al-Qaida in Iraq
63881,2014,11,8,0,95,10,39,1298,33.07835,44.254719,1.0,0,0.0,1,0,3,3,12,95.0,0,6,1.0,0,0.0,Islamic State of Iraq and the Levant (ISIL)
64178,2014,11,26,0,214,9,135,799,48.346134,38.424828,1.0,1,0.0,1,0,2,4,48,214.0,0,6,0.0,-9,0.0,Donetsk People's Republic
55545,2013,5,25,0,182,11,60,301,3.115641,43.64658,1.0,0,0.0,1,0,3,4,409,65.0,0,6,1.0,-9,0.0,Al-Shabaab
43679,2007,4,12,0,160,5,366,1947,9.78472,125.489693,1.0,0,0.0,1,0,1,3,413,160.0,0,5,1.0,-9,0.0,New People's Army (NPA)
72935,2016,2,19,0,209,10,219,1343,37.922218,40.184376,1.0,0,0.0,1,0,2,3,92,209.0,0,5,4.0,0,0.0,Kurdistan Workers' Party (PKK)
51508,2012,4,1,0,147,11,100,466,11.840929,13.141459,1.0,0,0.0,1,0,1,2,866,147.0,0,5,1.0,-9,0.0,Boko Haram
47518,2010,1,19,0,160,5,0,5,6.645308,122.10184,1.0,0,0.0,0,0,1,2,5,160.0,0,6,0.0,1,0.0,Abu Sayyaf Group (ASG)
15472,1986,4,15,0,43,3,250,1544,-33.366238,-70.505302,1.0,0,0.0,1,0,3,14,1917,43.0,0,6,0.0,1,0.0,Manuel Rodriguez Patriotic Front (FPMR)
23290,1989,10,4,1,159,3,256,1556,-11.967368,-76.978462,1.0,0,0.0,1,0,6,10,3368,159.0,0,5,1.0,0,1.0,Tupac Amaru Revolutionary Movement (MRTA)
48946,2010,11,22,0,45,3,324,1851,8.437675,-73.285947,1.0,1,0.0,1,0,3,21,2795,45.0,0,6,0.0,1,0.0,Revolutionary Armed Forces of Colombia (FARC)
74188,2016,5,3,0,153,6,313,1794,30.200819,66.994354,1.0,0,0.0,1,0,3,3,409,153.0,0,6,0.0,1,0.0,Tehrik-i-Taliban Pakistan (TTP)
25283,1990,6,26,0,159,3,431,2390,-9.642799,-76.773677,2.0,0,0.0,1,0,2,14,2844,159.0,0,5,0.0,1,0.0,Shining Path (SL)
59808,2014,4,24,0,214,9,135,790,48.596962,37.998299,1.0,0,0.0,1,0,2,4,1215,214.0,0,6,0.0,-9,0.0,Donetsk People's Republic
15440,1986,4,5,0,92,6,318,2495,31.326015,75.576183,1.0,0,0.0,1,0,6,2,3067,92.0,0,5,5.0,1,1.0,Sikh Extremists
18040,1987,9,13,0,43,3,250,1544,-33.366238,-70.505302,1.0,0,0.0,1,0,3,19,1898,43.0,0,6,1.0,1,0.0,Manuel Rodriguez Patriotic Front (FPMR)
77693,2016,11,22,0,153,6,484,2708,34.006004,71.53743,1.0,0,0.0,1,0,3,3,409,153.0,0,6,3.0,1,0.0,Tehrik-i-Taliban Pakistan (TTP)
43056,2006,6,2,0,4,6,457,2595,31.617667,65.675942,4.0,0,0.0,1,1,3,14,3155,999.0,0,6,3.0,0,0.0,Taliban
67026,2015,4,20,0,147,11,158,1005,7.408062,10.0759,2.0,0,1.0,1,0,2,14,27,147.0,0,5,5.0,1,0.0,Fulani extremists
20773,1988,11,21,0,159,3,256,2415,-12.7414,-75.8094,1.0,0,0.0,1,0,2,14,2892,159.0,0,5,5.0,1,0.0,Shining Path (SL)
72568,2016,1,31,0,228,10,57,1156,13.168248,43.742406,2.0,0,1.0,1,0,3,14,1200,228.0,0,6,0.0,-9,0.0,Houthi extremists (Ansar Allah)
34884,1995,12,16,0,186,6,206,1473,7.529372,81.794609,1.0,0,0.0,1,0,3,21,1824,186.0,0,6,0.0,1,0.0,Liberation Tigers of Tamil Eelam (LTTE)
65491,2015,1,30,0,214,9,135,792,47.981647,37.762325,1.0,0,0.0,1,0,3,19,1198,214.0,0,6,2.0,1,0.0,Donetsk People's Republic
30670,1992,7,6,0,159,3,445,2453,-5.707626,-78.809843,1.0,0,0.0,1,0,3,14,3397,159.0,0,5,7.0,1,0.0,Tupac Amaru Revolutionary Movement (MRTA)
61283,2014,7,5,0,147,11,158,1050,7.852721,10.962974,3.0,0,1.0,1,0,2,14,27,147.0,0,5,7.0,1,0.0,Fulani extremists
15098,1986,1,23,0,159,3,256,1556,-11.967368,-76.978462,1.0,0,0.0,1,0,3,1,3387,159.0,0,6,0.0,1,0.0,Tupac Amaru Revolutionary Movement (MRTA)
54960,2013,3,25,0,147,11,102,535,10.897831,11.608189,1.0,0,1.0,1,0,2,3,175,147.0,0,6,1.0,1,0.0,Boko Haram
79902,2017,4,17,0,92,6,119,1640,18.752064,81.658316,1.0,1,0.0,1,0,3,3,2065,92.0,0,6,0.0,0,0.0,Maoists
754,1971,10,24,0,603,8,178,1179,54.607712,-5.95621,1.0,0,0.0,1,0,3,1,1457,233.0,0,6,1.0,1,0.0,Irish Republican Army (IRA)
49451,2011,3,27,0,4,6,471,2632,32.715785,69.281793,1.0,1,0.0,1,1,3,1,1065,4.0,0,6,25.0,1,0.0,Taliban
16506,1986,12,14,0,43,3,250,1544,-33.366238,-70.505302,1.0,0,0.0,1,0,3,14,1965,43.0,0,6,1.0,1,0.0,Manuel Rodriguez Patriotic Front (FPMR)
63564,2014,10,21,0,41,11,163,983,5.965549,20.529325,1.0,0,1.0,1,0,2,14,855,41.0,0,5,15.0,1,0.0,Fulani extremists
48366,2010,7,16,0,4,6,467,2585,35.672778,71.343333,1.0,0,0.0,1,0,2,2,3121,4.0,0,5,11.0,-9,0.0,Taliban
24359,1990,3,7,0,92,6,318,2529,30.145293,74.199304,1.0,0,0.0,1,0,3,21,2122,92.0,0,6,0.0,1,0.0,Sikh Extremists
27515,1991,6,9,0,186,6,206,1440,7.301756,81.67473,3.0,0,0.0,1,0,2,4,412,186.0,0,5,6.0,1,0.0,Liberation Tigers of Tamil Eelam (LTTE)
80655,2017,6,1,1,147,11,104,1059,10.374035,7.396023,1.0,0,0.0,1,0,6,2,1360,147.0,0,5,1.0,0,1.0,Fulani extremists
52190,2012,6,6,1,209,10,219,1371,38.426625,40.670188,3.0,0,0.0,1,0,6,4,345,209.0,0,5,1.0,0,1.0,Kurdistan Workers' Party (PKK)
77644,2016,11,19,1,147,11,114,975,8.658925,7.259186,2.0,0,0.0,1,0,6,14,27,147.0,0,5,2.0,0,1.0,Fulani extremists
55350,2013,5,5,0,182,11,61,332,1.789637,44.529976,1.0,0,0.0,1,0,2,14,588,182.0,0,5,2.0,0,0.0,Al-Shabaab
60193,2014,5,14,0,92,6,122,600,18.343586,81.882528,3.0,0,0.0,1,0,3,4,167,92.0,0,6,0.0,0,0.0,Maoists
18926,1988,2,12,0,159,3,431,2812,-10.193333,-76.238889,1.0,0,0.0,1,0,2,4,1330,159.0,0,5,9.0,1,0.0,Tupac Amaru Revolutionary Movement (MRTA)
7362,1981,2,10,0,155,10,410,2220,31.907141,35.198219,1.0,0,0.0,1,0,2,14,2587,97.0,0,8,1.0,1,0.0,Palestinians
21821,1989,4,4,0,61,2,147,901,13.772142,-88.07664,1.0,0,0.0,1,0,2,4,1282,61.0,0,5,0.0,1,0.0,Farabundo Marti National Liberation Front (FMLN)
48270,2010,6,27,0,153,6,318,2724,33.594013,73.069077,1.0,0,1.0,1,0,2,14,403,153.0,0,5,3.0,1,0.0,Tehrik-i-Taliban Pakistan (TTP)
1571,1974,1,6,0,603,8,46,1185,51.504387,-0.140041,1.0,0,0.0,0,0,1,4,1523,216.0,0,6,0.0,0,0.0,Irish Republican Army (IRA)
65543,2015,2,2,0,92,6,119,639,20.27,81.49,3.0,0,0.0,1,0,2,4,12,92.0,0,5,2.0,0,0.0,Maoists
41873,2005,3,20,0,95,10,34,184,36.354145,43.14357,1.0,0,0.0,1,1,1,3,336,95.0,0,6,4.0,1,0.0,Al-Qaida in Iraq
55604,2013,5,29,0,182,11,65,307,-0.357847,42.54665,1.0,0,0.0,0,0,1,10,581,182.0,0,5,0.0,0,0.0,Al-Shabaab
61608,2014,7,16,0,182,11,61,324,1.716188,44.768864,1.0,0,0.0,1,0,3,4,559,422.0,0,6,1.0,-9,0.0,Al-Shabaab
77815,2016,11,28,0,160,5,4,36,7.099262,122.237204,1.0,0,0.0,0,0,2,14,47,160.0,0,5,2.0,0,0.0,Abu Sayyaf Group (ASG)
70410,2015,10,2,0,147,11,114,530,8.876564,7.244026,1.0,0,1.0,1,1,3,3,175,147.0,0,6,6.0,1,0.0,Boko Haram
71761,2015,12,17,0,123,11,276,1731,16.766589,-3.002562,1.0,0,0.0,1,0,1,7,2126,422.0,0,5,3.0,0,0.0,Muslim extremists
40099,2002,5,23,0,45,3,338,24,11.354774,-72.520483,4.0,0,0.0,1,0,3,19,2245,45.0,0,6,0.0,1,0.0,National Liberation Army of Colombia (ELN)
12465,1984,7,11,0,159,3,432,2041,-12.597099,-73.830879,1.0,0,0.0,1,0,2,14,2905,159.0,0,5,25.0,1,1.0,Shining Path (SL)
38795,2001,1,10,1,160,5,0,5,6.645556,122.101944,1.0,0,0.0,1,0,6,14,111,160.0,0,5,0.0,-9,1.0,Abu Sayyaf Group (ASG)
69945,2015,9,6,0,209,10,219,1356,37.912504,40.2391,3.0,0,0.0,1,0,3,3,409,209.0,0,6,2.0,1,0.0,Kurdistan Workers' Party (PKK)
75523,2016,7,19,0,173,10,58,1128,17.554939,44.232357,1.0,0,0.0,1,0,3,3,167,173.0,0,6,0.0,-9,0.0,Houthi extremists (Ansar Allah)
23024,1989,9,11,0,43,3,250,1544,-33.366238,-70.505302,1.0,0,0.0,1,0,3,16,1964,43.0,0,6,0.0,1,0.0,Manuel Rodriguez Patriotic Front (FPMR)
54857,2013,3,14,0,95,10,34,222,36.229574,42.236244,4.0,0,0.0,1,0,1,14,404,95.0,0,5,2.0,0,0.0,Al-Qaida in Iraq
27380,1991,5,28,0,98,8,85,393,41.890961,12.490069,1.0,0,0.0,1,0,3,7,671,185.0,0,6,0.0,1,0.0,Basque Fatherland and Freedom (ETA)
20318,1988,9,14,0,45,3,331,24,6.643708,-73.653621,4.0,0,0.0,1,0,2,4,1239,45.0,0,5,2.0,1,0.0,National Liberation Army of Colombia (ELN)
42426,2005,10,6,0,186,6,206,1456,7.921328,81.52467,1.0,0,0.0,1,0,3,4,1807,186.0,0,6,0.0,-9,0.0,Liberation Tigers of Tamil Eelam (LTTE)
29278,1991,12,18,0,186,6,242,1483,8.738157,80.477147,3.0,0,0.0,1,0,2,4,412,186.0,0,5,4.0,1,0.0,Liberation Tigers of Tamil Eelam (LTTE)
22472,1989,7,7,0,92,6,318,2488,31.633078,74.878288,1.0,1,0.0,1,0,2,3,412,92.0,0,5,1.0,1,0.0,Sikh Extremists
3568,1977,10,12,0,185,8,89,404,42.815372,-1.653616,1.0,0,0.0,1,0,3,2,729,185.0,0,6,0.0,1,0.0,Basque Fatherland and Freedom (ETA)
78520,2017,1,17,0,147,11,104,1018,9.835,8.406111,3.0,0,0.0,1,0,2,14,27,147.0,0,5,3.0,0,0.0,Fulani extremists
72107,2016,1,5,0,92,6,119,1590,18.487408,80.974881,1.0,1,0.0,1,0,3,4,12,92.0,0,6,0.0,0,0.0,Maoists
23750,1989,11,21,0,92,6,318,2495,31.326015,75.576183,1.0,0,0.0,1,0,1,22,268,92.0,0,5,2.0,0,0.0,Sikh Extremists
27834,1991,7,15,0,97,10,246,2226,32.322744,34.853921,1.0,0,0.0,0,0,1,14,2560,97.0,0,9,0.0,0,0.0,Palestinians
46091,2009,2,4,0,182,11,63,304,2.059819,45.326115,1.0,0,0.0,1,0,2,10,586,182.0,0,5,1.0,-9,0.0,Al-Shabaab
83200,2017,11,22,0,228,10,47,251,15.840202,48.45438,1.0,0,0.0,1,0,1,2,490,228.0,0,5,1.0,0,0.0,Al-Qaida in the Arabian Peninsula (AQAP)
14795,1985,11,22,0,92,6,318,24,31.147131,75.341218,4.0,0,0.0,1,0,3,19,3053,92.0,0,6,2.0,1,0.0,Sikh Extremists
62083,2014,8,6,0,228,10,47,254,15.966742,48.783333,1.0,0,0.0,1,0,2,4,486,228.0,0,5,20.0,1,0.0,Al-Qaida in the Arabian Peninsula (AQAP)
16397,1986,11,9,0,159,3,432,2391,-13.152712,-74.218628,1.0,0,0.0,1,0,3,16,2931,159.0,0,6,0.0,1,0.0,Shining Path (SL)
22009,1989,4,26,0,92,6,269,1781,32.726602,74.857026,1.0,0,0.0,1,0,2,8,3020,92.0,0,5,0.0,1,0.0,Sikh Extremists
12591,1984,8,7,0,43,3,250,1544,-33.366238,-70.505302,1.0,0,1.0,1,0,3,21,1945,43.0,0,6,0.0,1,0.0,Manuel Rodriguez Patriotic Front (FPMR)
22497,1989,7,13,0,97,10,412,2215,31.771599,35.2034,1.0,0,0.0,1,0,8,2,2594,97.0,0,2,0.0,1,0.0,Palestinians
17993,1987,9,6,0,92,6,318,2521,31.660681,75.12243,1.0,0,0.0,1,0,1,3,3035,92.0,0,5,2.0,0,0.0,Sikh Extremists
54077,2012,12,20,0,228,10,45,236,12.825647,44.846416,1.0,0,0.0,1,0,2,14,13,228.0,0,5,1.0,-9,0.0,Muslim extremists
74995,2016,6,18,0,95,10,29,188,33.349159,43.784199,1.0,0,0.0,1,0,3,4,48,95.0,0,6,1.0,0,0.0,Islamic State of Iraq and the Levant (ISIL)
80830,2017,6,11,1,147,11,100,504,10.902533,12.83032,2.0,0,1.0,1,0,6,14,27,147.0,0,5,2.0,1,1.0,Boko Haram
82150,2017,8,29,0,228,10,50,241,15.325443,44.211895,1.0,0,0.0,0,0,1,2,1373,228.0,0,5,0.0,0,0.0,Houthi extremists (Ansar Allah)
4815,1979,3,10,0,69,8,126,24,41.918891,8.737554,4.0,0,1.0,1,0,3,1,805,69.0,0,6,0.0,1,0.0,Corsican National Liberation Front (FLNC)
51726,2012,4,19,0,147,11,100,466,11.840929,13.141459,1.0,0,1.0,1,0,2,2,874,147.0,0,5,2.0,0,0.0,Boko Haram
12209,1984,5,14,0,145,2,403,2130,12.333333,-86.783333,1.0,0,0.0,1,0,2,4,1239,145.0,0,5,1.0,1,0.0,Nicaraguan Democratic Force (FDN)
73283,2016,3,9,0,182,11,65,307,-0.357847,42.54665,1.0,0,1.0,1,0,3,14,568,182.0,0,6,3.0,1,0.0,Al-Shabaab
23477,1989,10,22,0,159,3,443,2443,-15.836675,-71.755818,2.0,0,0.0,1,0,1,3,2924,159.0,0,9,9.0,0,0.0,Shining Path (SL)
6579,1980,5,2,0,155,10,410,2228,31.530243,35.094162,1.0,0,0.0,1,0,3,14,2570,97.0,0,5,4.0,1,0.0,Palestinians
33438,1994,9,12,0,45,3,335,1855,5.17069,-72.546829,1.0,1,0.0,1,0,3,21,2255,69.0,0,6,0.0,1,0.0,National Liberation Army of Colombia (ELN)
19548,1988,5,12,0,43,3,250,1544,-33.366238,-70.505302,1.0,0,1.0,1,0,2,19,56,43.0,0,8,0.0,1,0.0,Manuel Rodriguez Patriotic Front (FPMR)
56442,2013,8,13,0,60,10,268,1726,31.126646,33.800865,1.0,0,1.0,1,0,3,4,1230,60.0,0,6,0.0,0,0.0,Muslim extremists
9535,1982,12,22,0,185,8,81,382,43.258434,-2.921819,1.0,0,0.0,1,0,3,1,686,217.0,0,6,0.0,1,0.0,Basque Fatherland and Freedom (ETA)
55067,2013,4,7,0,92,6,117,701,24.92326,86.220238,1.0,0,0.0,1,0,3,21,2024,92.0,0,6,0.0,1,0.0,Maoists
4169,1978,7,3,0,69,8,133,785,42.467512,9.473267,1.0,0,0.0,1,0,3,1,1163,69.0,0,6,0.0,1,0.0,Corsican National Liberation Front (FLNC)
32857,1994,4,19,0,183,11,19,113,-26.353159,28.132727,1.0,0,0.0,1,0,2,14,211,183.0,0,5,6.0,1,0.0,African National Congress (South Africa)
77856,2016,11,30,0,45,3,324,1863,8.572842,-73.095568,1.0,0,0.0,1,0,2,4,2268,45.0,0,5,1.0,0,0.0,National Liberation Army of Colombia (ELN)
11229,1983,12,11,0,145,2,400,2090,12.833333,-87.366667,1.0,0,0.0,1,0,6,4,1239,145.0,0,5,1.0,1,1.0,Nicaraguan Democratic Force (FDN)
59045,2014,3,14,0,147,11,104,997,9.627067,8.50424,2.0,0,1.0,1,0,2,14,27,147.0,0,5,33.0,1,0.0,Fulani extremists
67198,2015,4,26,0,214,9,135,793,47.098835,37.81987,1.0,1,0.0,1,0,2,4,48,214.0,0,6,0.0,-9,0.0,Donetsk People's Republic
11362,1984,1,6,0,145,2,399,2164,11.81788,-86.51557,1.0,0,0.0,1,0,3,4,2510,145.0,0,5,1.0,1,0.0,Nicaraguan Democratic Force (FDN)
45287,2008,7,27,0,95,10,30,177,33.303566,44.371773,1.0,0,0.0,1,0,2,14,352,95.0,0,5,7.0,0,0.0,Al-Qaida in Iraq
9871,1983,3,1,0,110,10,418,2259,33.855009,35.58621,1.0,0,0.0,1,0,3,4,2634,97.0,0,6,0.0,1,0.0,Palestinians
23913,1989,12,14,0,185,8,81,382,43.258434,-2.921819,1.0,0,0.0,1,0,3,4,724,185.0,0,6,0.0,1,0.0,Basque Fatherland and Freedom (ETA)
12818,1984,9,22,0,145,2,402,2142,12.800014,-85.133347,1.0,0,0.0,1,0,2,2,2500,145.0,0,5,0.0,1,0.0,Nicaraguan Democratic Force (FDN)
7407,1981,2,24,0,97,10,306,2250,32.143792,35.496129,1.0,0,0.0,1,0,3,1,2614,97.0,0,6,1.0,1,0.0,Palestinians
32749,1994,3,30,0,69,8,126,749,42.016854,9.403982,1.0,0,1.0,1,0,2,3,823,69.0,0,5,0.0,1,0.0,Corsican National Liberation Front (FLNC)
79172,2017,2,27,0,182,11,77,356,6.774396,47.429031,1.0,0,0.0,0,0,1,2,611,182.0,0,5,0.0,0,0.0,Al-Shabaab
32099,1992,12,16,0,45,3,329,1836,10.333818,-73.181276,1.0,0,0.0,1,0,2,3,823,45.0,0,5,0.0,1,0.0,National Liberation Army of Colombia (ELN)
49859,2011,7,7,1,92,6,118,588,24.204235,84.870937,3.0,0,0.0,1,0,6,14,908,92.0,0,9,2.0,0,1.0,Communist Party of India - Maoist (CPI-Maoist)
76818,2016,10,3,0,92,6,117,640,24.441105,84.548528,1.0,0,0.0,1,0,2,3,961,92.0,0,5,1.0,0,0.0,Communist Party of India - Maoist (CPI-Maoist)
55508,2013,5,22,0,603,8,46,1185,51.504387,-0.140041,1.0,0,0.0,1,0,2,4,345,216.0,1,9,1.0,0,0.0,Muslim extremists
79738,2017,4,6,0,4,6,473,2609,33.696641,63.092771,3.0,0,0.0,1,0,3,8,3135,4.0,0,6,2.0,1,0.0,Taliban
42796,2006,2,26,0,92,6,120,652,22.424,87.319,3.0,0,0.0,1,0,3,3,972,92.0,0,6,4.0,-9,0.0,Communist Party of India - Maoist (CPI-Maoist)
68623,2015,7,3,0,147,11,100,477,10.737778,13.130556,1.0,0,0.0,1,0,3,14,27,147.0,0,6,31.0,1,0.0,Boko Haram
62449,2014,8,25,1,214,9,135,798,47.858047,38.221877,1.0,0,0.0,1,0,6,10,1193,214.0,0,6,0.0,1,1.0,Donetsk People's Republic
5114,1979,5,7,0,69,8,133,753,42.699997,9.447317,1.0,0,0.0,1,0,3,20,1087,69.0,0,6,0.0,1,0.0,Corsican National Liberation Front (FLNC)
35111,1996,3,1,0,186,6,242,1474,7.115312,81.852488,1.0,0,0.0,1,0,1,14,1788,186.0,0,5,1.0,0,0.0,Liberation Tigers of Tamil Eelam (LTTE)
33599,1994,11,2,0,45,3,327,1834,6.978951,-75.296249,1.0,0,0.0,1,0,3,3,1188,45.0,0,6,12.0,1,0.0,National Liberation Army of Colombia (ELN)
80264,2017,5,13,0,160,5,1,50,5.974901,121.03351,2.0,0,0.0,1,0,2,14,88,160.0,0,5,3.0,0,0.0,Abu Sayyaf Group (ASG)
63725,2014,10,30,0,228,10,49,250,14.058333,46.913056,1.0,0,0.0,1,0,2,4,457,228.0,0,5,1.0,0,0.0,Al-Qaida in the Arabian Peninsula (AQAP)
75489,2016,7,18,1,121,5,13,24,4.799222,118.642842,4.0,0,0.0,1,0,6,11,114,121.0,0,5,0.0,0,1.0,Abu Sayyaf Group (ASG)
50182,2011,10,15,0,228,10,45,236,12.825647,44.846416,1.0,0,0.0,1,0,3,21,517,228.0,0,6,0.0,1,0.0,Al-Qaida in the Arabian Peninsula (AQAP)
5225,1979,5,31,0,69,8,127,91,48.856644,2.34233,1.0,0,0.0,1,0,3,14,1120,69.0,0,6,0.0,1,0.0,Corsican National Liberation Front (FLNC)
28290,1991,8,31,0,603,8,46,1185,51.504387,-0.140041,1.0,0,0.0,0,0,7,1,1448,216.0,0,8,0.0,1,0.0,Irish Republican Army (IRA)
49427,2011,3,22,0,92,6,117,611,26.652335,85.272304,1.0,0,0.0,1,0,7,16,928,92.0,0,8,0.0,1,0.0,Communist Party of India - Maoist (CPI-Maoist)
18224,1987,10,7,0,92,6,318,24,31.147131,75.341218,4.0,0,1.0,1,0,1,14,2991,92.0,0,5,1.0,0,0.0,Sikh Extremists
50142,2011,10,3,1,160,5,366,2020,9.5725,125.73306,1.0,0,1.0,1,0,2,1,2412,160.0,0,8,3.0,-9,1.0,New People's Army (NPA)
78549,2017,1,19,0,60,10,268,1718,31.250196,34.24128,1.0,0,0.0,1,0,3,4,409,60.0,0,6,1.0,1,0.0,Muslim extremists
62334,2014,8,19,0,95,10,34,1292,36.543773,43.024066,1.0,0,1.0,0,0,3,20,6,95.0,0,6,0.0,0,0.0,Islamic State of Iraq and the Levant (ISIL)
49058,2010,12,19,0,92,6,120,685,22.451393,86.992203,1.0,1,0.0,1,0,7,14,1019,92.0,0,8,1.0,1,0.0,Communist Party of India - Maoist (CPI-Maoist)
48684,2010,9,22,0,153,6,484,2708,34.006004,71.53743,1.0,1,1.0,1,0,3,8,3257,153.0,0,6,0.0,1,0.0,Tehrik-i-Taliban Pakistan (TTP)
65733,2015,2,10,0,214,9,135,808,48.730804,37.574596,1.0,0,1.0,1,0,3,14,1200,214.0,0,6,3.0,1,0.0,Donetsk People's Republic
13263,1985,1,14,0,186,6,242,1443,9.666399,80.020477,1.0,0,1.0,1,0,3,19,1836,186.0,0,6,1.0,1,0.0,Liberation Tigers of Tamil Eelam (LTTE)
60769,2014,6,11,0,65,11,79,359,4.961406,43.574668,1.0,1,0.0,1,0,2,3,616,65.0,0,5,1.0,-9,0.0,Al-Shabaab
56444,2013,8,13,0,60,10,268,1726,31.126646,33.800865,1.0,0,1.0,1,0,3,1,2145,60.0,0,6,0.0,0,0.0,Muslim extremists
11327,1984,1,1,0,155,10,410,2211,32.222271,35.253506,1.0,1,0.0,1,0,2,4,2576,97.0,0,8,0.0,0,0.0,Palestinians
25332,1990,7,6,0,209,10,210,1334,37.330592,42.187274,1.0,0,0.0,1,0,2,3,409,209.0,0,5,1.0,1,0.0,Kurdistan Workers' Party (PKK)
73405,2016,3,15,0,160,5,353,2016,12.221115,123.823367,1.0,0,1.0,1,0,3,16,2408,160.0,0,6,0.0,1,0.0,New People's Army (NPA)
68944,2015,7,19,0,153,6,484,2734,31.834328,70.90905,1.0,0,1.0,1,1,3,4,167,153.0,0,6,2.0,-9,0.0,Tehrik-i-Taliban Pakistan (TTP)
58663,2014,2,21,0,160,5,364,1994,6.154806,125.29006,1.0,0,0.0,1,0,2,4,2386,160.0,0,5,1.0,1,0.0,New People's Army (NPA)
14929,1985,12,19,0,603,8,178,1193,54.706718,-7.592867,1.0,0,0.0,1,0,3,3,1464,233.0,0,6,1.0,1,0.0,Irish Republican Army (IRA)
77025,2016,10,16,0,95,10,31,1242,34.021821,44.933508,1.0,0,0.0,1,0,3,4,345,95.0,0,6,1.0,0,0.0,Islamic State of Iraq and the Levant (ISIL)
3973,1978,3,16,0,185,8,83,382,43.258434,-2.921819,1.0,0,0.0,1,0,1,2,771,185.0,0,5,1.0,0,0.0,Basque Fatherland and Freedom (ETA)
73297,2016,3,10,0,147,11,155,1032,7.719043,9.238704,2.0,0,1.0,1,0,2,14,862,147.0,0,5,1.0,-9,0.0,Fulani extremists
53688,2012,10,28,0,95,10,31,181,33.100529,44.584492,1.0,0,0.0,1,0,3,14,334,95.0,0,6,1.0,0,0.0,Al-Qaida in Iraq
78944,2017,2,13,0,113,10,273,1727,32.831712,21.687634,1.0,0,0.0,0,0,1,4,2123,113.0,0,5,0.0,0,0.0,Muslim extremists
19230,1988,3,25,0,61,2,139,853,13.69288,-89.199161,1.0,0,0.0,1,0,3,3,1240,61.0,0,5,2.0,1,0.0,Farabundo Marti National Liberation Front (FMLN)
37670,1999,10,13,1,160,5,0,35,6.51792,122.12822,1.0,0,0.0,1,0,6,1,46,160.0,0,5,1.0,0,1.0,Abu Sayyaf Group (ASG)
61181,2014,7,1,0,160,5,354,1927,10.663984,122.286655,1.0,0,0.0,1,0,3,4,59,160.0,0,6,0.0,1,0.0,New People's Army (NPA)
26783,1991,2,14,0,159,3,435,2406,-13.531688,-71.966924,1.0,0,0.0,1,0,3,7,3403,217.0,0,6,0.0,1,0.0,Tupac Amaru Revolutionary Movement (MRTA)
45071,2008,6,14,0,209,10,232,1403,38.831606,41.322148,1.0,1,0.0,1,0,3,19,1712,209.0,0,6,0.0,1,0.0,Kurdistan Workers' Party (PKK)
74511,2016,5,13,0,147,11,155,1007,7.487471,9.236722,1.0,0,0.0,1,0,2,14,27,147.0,0,5,5.0,0,0.0,Fulani extremists
47499,2010,1,17,0,92,6,117,692,24.781467,84.986412,1.0,0,0.0,1,0,3,16,1023,92.0,0,6,0.0,1,0.0,Communist Party of India - Maoist (CPI-Maoist)
29595,1992,2,1,0,186,6,242,1444,8.980118,79.912462,3.0,0,0.0,1,0,2,4,412,186.0,0,5,7.0,1,0.0,Liberation Tigers of Tamil Eelam (LTTE)
13964,1985,6,2,0,145,2,408,2126,13.835758,-85.869174,1.0,0,0.0,1,0,2,4,412,145.0,0,5,0.0,1,0.0,Nicaraguan Democratic Force (FDN)
18809,1988,1,26,0,186,6,242,1505,9.319927,80.696421,1.0,0,0.0,1,0,2,4,1330,92.0,0,5,8.0,1,0.0,Liberation Tigers of Tamil Eelam (LTTE)
30920,1992,8,4,0,186,6,242,1464,8.980118,79.912462,1.0,1,0.0,1,0,2,4,1795,186.0,0,5,4.0,1,0.0,Liberation Tigers of Tamil Eelam (LTTE)
6241,1980,2,16,0,155,10,306,2216,31.502407,34.459743,1.0,0,0.0,1,0,3,14,2574,97.0,0,6,0.0,1,0.0,Palestinians
71252,2015,11,14,0,228,10,53,273,14.781294,42.972851,1.0,0,1.0,1,0,3,2,251,228.0,0,6,1.0,-9,0.0,Houthi extremists (Ansar Allah)
15378,1986,3,26,0,43,3,251,1548,-36.816006,-73.037659,1.0,0,1.0,1,0,3,1,1894,43.0,0,6,0.0,1,0.0,Manuel Rodriguez Patriotic Front (FPMR)
70319,2015,9,26,0,200,10,198,1785,35.990086,36.677223,1.0,0,1.0,1,0,3,14,27,200.0,0,6,0.0,0,0.0,Muslim extremists
52168,2012,6,4,0,45,3,426,2354,1.406396,-75.453903,1.0,1,0.0,1,0,2,3,162,45.0,0,6,4.0,1,0.0,Revolutionary Armed Forces of Colombia (FARC)
7919,1981,8,16,0,61,2,147,868,13.949826,-88.146348,1.0,0,0.0,1,0,2,4,1239,61.0,0,5,1.0,1,0.0,Farabundo Marti National Liberation Front (FMLN)
54069,2012,12,18,0,153,6,484,2712,34.007206,71.983078,1.0,0,0.0,1,0,3,4,3206,153.0,0,6,0.0,-9,0.0,Tehrik-i-Taliban Pakistan (TTP)
17019,1987,4,12,0,145,2,392,2077,13.564251,-86.02984,1.0,0,1.0,1,0,3,21,2488,145.0,0,6,0.0,1,0.0,Nicaraguan Democratic Force (FDN)
21123,1989,1,11,0,92,6,262,2501,24.37938,73.338447,2.0,0,0.0,1,0,1,14,3009,92.0,0,5,3.0,0,0.0,Sikh Extremists
51150,2012,2,23,0,95,10,31,179,33.74324,44.623825,1.0,0,1.0,1,1,3,3,175,95.0,0,6,2.0,-9,0.0,Al-Qaida in Iraq
30765,1992,7,20,0,159,3,256,1556,-11.967368,-76.978462,1.0,0,0.0,1,0,3,14,2935,159.0,0,6,3.0,1,0.0,Shining Path (SL)
53603,2012,10,20,0,228,10,55,265,13.148959,44.85055,2.0,0,0.0,1,0,2,17,501,228.0,0,5,0.0,0,0.0,Al-Qaida in the Arabian Peninsula (AQAP)
22573,1989,7,25,0,159,3,256,1556,-11.967368,-76.978462,1.0,0,1.0,1,0,3,1,705,159.0,0,6,0.0,1,0.0,Tupac Amaru Revolutionary Movement (MRTA)
67829,2015,5,24,0,95,10,31,212,33.693947,45.067425,1.0,0,1.0,1,0,3,3,1602,95.0,0,6,0.0,1,0.0,Islamic State of Iraq and the Levant (ISIL)
21610,1989,3,4,0,92,6,318,2505,31.326015,75.576183,3.0,0,0.0,1,0,2,14,27,92.0,0,5,2.0,1,0.0,Sikh Extremists
21242,1989,1,26,0,92,6,318,24,31.147131,75.341218,4.0,0,0.0,0,0,3,19,1825,92.0,0,6,0.0,1,0.0,Sikh Extremists
45560,2008,9,28,0,95,10,30,177,33.303566,44.371773,1.0,0,1.0,1,0,3,14,374,95.0,0,6,1.0,-9,0.0,Al-Qaida in Iraq
48744,2010,10,8,0,228,10,49,24,13.683741,46.081752,4.0,0,0.0,1,0,3,3,503,228.0,0,6,0.0,1,0.0,Al-Qaida in the Arabian Peninsula (AQAP)
50563,2011,11,30,0,92,6,118,642,22.672439,85.072696,1.0,0,0.0,1,0,1,14,963,92.0,0,5,1.0,0,1.0,Communist Party of India - Maoist (CPI-Maoist)
28864,1991,10,29,0,186,6,242,1483,8.738157,80.477147,3.0,0,0.0,1,0,2,4,1796,186.0,0,5,0.0,1,0.0,Liberation Tigers of Tamil Eelam (LTTE)
5206,1979,5,31,0,69,8,127,91,48.856644,2.34233,1.0,0,0.0,1,0,3,1,705,69.0,0,6,0.0,1,0.0,Corsican National Liberation Front (FLNC)
83193,2017,11,21,0,182,11,61,302,1.789637,44.529976,1.0,0,0.0,1,0,3,4,427,182.0,0,6,1.0,0,0.0,Al-Shabaab
58342,2014,1,31,0,147,11,100,481,11.089722,13.688376,3.0,0,0.0,1,0,3,19,56,147.0,0,6,7.0,1,0.0,Boko Haram
53079,2012,8,27,0,4,6,457,2595,31.631083,65.742226,1.0,1,0.0,0,1,1,3,3144,4.0,0,6,5.0,1,0.0,Taliban
13775,1985,5,10,0,69,8,126,24,41.919593,8.737687,4.0,0,1.0,1,0,3,1,1088,69.0,0,6,0.0,1,0.0,Corsican National Liberation Front (FLNC)
54142,2012,12,31,0,182,11,65,307,-0.357847,42.54665,1.0,0,0.0,1,0,2,17,617,182.0,0,6,1.0,-9,0.0,Al-Shabaab
44692,2008,4,2,0,95,10,31,220,34.186336,45.126056,3.0,0,0.0,1,0,3,14,401,95.0,0,6,1.0,-9,0.0,Al-Qaida in Iraq
78341,2017,1,4,0,147,11,111,1047,5.838492,6.158714,1.0,0,1.0,1,0,2,14,1355,147.0,0,9,3.0,0,0.0,Fulani extremists
17464,1987,6,19,0,145,2,391,24,13.091683,-86.000314,4.0,0,0.0,1,0,3,4,2472,145.0,0,6,18.0,1,0.0,Nicaraguan Democratic Force (FDN)
35921,1996,11,28,0,45,3,329,2305,10.47692,-73.25049,1.0,0,0.0,1,0,3,2,2733,45.0,0,6,0.0,1,0.0,Revolutionary Armed Forces of Colombia (FARC)
16040,1986,8,1,0,145,2,392,2077,13.564251,-86.02984,1.0,0,0.0,1,0,2,4,2460,145.0,0,5,1.0,1,0.0,Nicaraguan Democratic Force (FDN)
62276,2014,8,16,0,147,11,100,475,12.394185,13.830873,2.0,1,1.0,1,0,2,14,27,147.0,0,5,2.0,1,0.0,Boko Haram
21520,1989,2,22,0,61,2,141,905,13.557072,-88.349433,1.0,0,0.0,1,0,2,4,1245,61.0,0,5,0.0,1,0.0,Farabundo Marti National Liberation Front (FMLN)
66007,2015,2,24,0,228,10,170,1147,15.316891,44.474802,4.0,0,0.0,1,0,3,4,1407,228.0,0,6,10.0,1,0.0,Houthi extremists (Ansar Allah)
53367,2012,9,28,0,4,6,459,2571,32.689845,62.732388,3.0,0,0.0,0,0,1,2,3159,4.0,0,5,1.0,1,0.0,Taliban
58962,2014,3,10,0,160,5,5,1966,6.748065,125.262741,1.0,0,1.0,1,0,2,3,175,160.0,0,5,3.0,-9,0.0,New People's Army (NPA)
62658,2014,9,9,0,147,11,162,994,12.166918,6.674397,1.0,0,1.0,1,0,6,14,27,147.0,0,5,2.0,1,1.0,Fulani extremists
75415,2016,7,12,0,160,5,0,33,6.533689,122.166731,3.0,0,0.0,1,0,3,4,40,160.0,0,6,1.0,0,0.0,Abu Sayyaf Group (ASG)
68521,2015,6,28,0,200,10,194,1270,36.503593,40.740627,1.0,0,1.0,1,0,3,4,48,200.0,0,6,7.0,-9,0.0,Islamic State of Iraq and the Levant (ISIL)
71093,2015,11,5,0,228,10,57,279,13.586484,44.024105,1.0,0,1.0,1,0,3,14,1226,228.0,0,6,1.0,-9,0.0,Houthi extremists (Ansar Allah)
29431,1992,1,10,0,603,8,178,1221,54.863117,-6.278343,1.0,0,1.0,1,0,7,1,242,233.0,0,8,0.0,1,0.0,Irish Republican Army (IRA)
40161,2002,6,17,1,160,5,1,24,6.05519,121.001323,4.0,0,0.0,1,0,6,14,28,93.0,0,5,0.0,-9,1.0,Abu Sayyaf Group (ASG)
56893,2013,9,24,1,160,5,5,1958,7.188989,125.456432,2.0,0,0.0,1,0,6,14,2357,160.0,0,5,1.0,0,1.0,New People's Army (NPA)
45443,2008,8,25,0,153,6,485,2713,34.398573,72.06038,1.0,0,0.0,1,0,3,14,3207,153.0,0,6,8.0,1,0.0,Tehrik-i-Taliban Pakistan (TTP)
55509,2013,5,22,1,160,5,0,13,6.497216,122.105141,1.0,0,0.0,1,0,6,2,14,160.0,0,5,0.0,0,1.0,Abu Sayyaf Group (ASG)
11226,1983,12,10,0,603,8,178,1183,54.347539,-6.656108,1.0,0,0.0,1,0,3,1,1507,233.0,0,6,1.0,1,0.0,Irish Republican Army (IRA)
51338,2012,3,14,0,182,11,63,304,2.059819,45.326115,1.0,0,0.0,1,1,3,2,587,182.0,0,6,6.0,1,0.0,Al-Shabaab
74742,2016,6,3,0,209,10,219,1384,38.141007,41.009424,3.0,0,0.0,1,0,3,4,409,209.0,0,6,0.0,1,0.0,Kurdistan Workers' Party (PKK)
39215,2001,8,3,0,69,8,126,751,41.591369,9.278311,1.0,0,0.0,0,0,3,3,1086,69.0,0,6,0.0,0,0.0,Corsican National Liberation Front (FLNC)
49759,2011,6,11,0,153,6,484,2708,34.006004,71.53743,1.0,0,1.0,1,0,3,1,3235,153.0,0,6,18.0,1,0.0,Tehrik-i-Taliban Pakistan (TTP)
51379,2012,3,20,0,95,10,30,177,33.303566,44.371773,1.0,0,1.0,1,1,3,2,405,95.0,0,6,3.0,-9,0.0,Al-Qaida in Iraq
5999,1979,12,19,0,603,8,46,1185,51.504387,-0.140041,1.0,0,0.0,0,0,1,1,1482,216.0,0,6,0.0,0,0.0,Irish Republican Army (IRA)
41860,2005,3,13,0,69,8,126,750,41.930607,8.742907,1.0,0,0.0,1,0,3,1,1118,69.0,0,6,0.0,1,0.0,Corsican National Liberation Front (FLNC)
25451,1990,7,25,0,159,3,490,2824,-5.902332,-76.120399,1.0,0,0.0,1,0,2,14,3402,159.0,0,5,2.0,1,0.0,Tupac Amaru Revolutionary Movement (MRTA)
13717,1985,5,7,0,145,2,397,24,12.492724,-85.520024,4.0,0,1.0,1,0,7,1,2512,145.0,0,5,1.0,1,0.0,Nicaraguan Democratic Force (FDN)
11149,1983,11,19,0,61,2,138,922,13.496216,-87.825074,1.0,0,0.0,1,0,2,4,1249,61.0,0,5,1.0,1,0.0,Farabundo Marti National Liberation Front (FMLN)
69327,2015,8,6,0,209,10,210,1359,37.331478,42.185897,3.0,0,0.0,1,0,3,14,1673,209.0,0,6,1.0,-9,0.0,Kurdistan Workers' Party (PKK)
19143,1988,3,15,0,159,3,441,2431,-8.459251,-76.461991,1.0,0,0.0,1,0,2,4,1330,159.0,0,5,0.0,1,0.0,Shining Path (SL)
44569,2008,3,5,0,45,3,424,2338,0.53636,-76.5875,3.0,0,0.0,1,0,3,21,2774,45.0,0,6,0.0,-9,0.0,Revolutionary Armed Forces of Colombia (FARC)
9175,1982,9,23,0,45,3,327,1825,6.242026,-75.564766,1.0,0,0.0,1,0,2,1,2271,45.0,0,8,0.0,1,0.0,National Liberation Army of Colombia (ELN)
33210,1994,7,4,0,69,8,126,772,41.491868,9.055051,1.0,0,1.0,1,0,3,14,1099,69.0,0,6,0.0,1,0.0,Corsican National Liberation Front (FLNC)
76415,2016,9,13,0,153,6,313,1794,30.200819,66.994354,1.0,0,0.0,1,0,3,3,409,153.0,0,6,2.0,1,0.0,Tehrik-i-Taliban Pakistan (TTP)
61090,2014,6,27,0,214,9,135,808,48.740385,37.590927,2.0,1,0.0,1,0,2,4,427,214.0,0,6,4.0,1,0.0,Donetsk People's Republic
7719,1981,6,5,0,185,8,81,388,43.291618,-1.977903,1.0,0,0.0,1,0,3,3,772,185.0,0,6,1.0,1,0.0,Basque Fatherland and Freedom (ETA)
15666,1986,5,25,0,38,1,450,2518,49.25,-123.133333,1.0,0,0.0,0,0,1,2,3029,92.0,0,5,0.0,0,0.0,Sikh Extremists
5906,1979,12,2,0,45,3,342,2303,3.99759,-74.4995,2.0,0,0.0,1,0,6,14,855,45.0,0,5,7.0,1,1.0,Revolutionary Armed Forces of Colombia (FARC)
19355,1988,4,19,0,183,11,25,121,-33.941849,18.41964,1.0,0,0.0,1,0,3,1,280,183.0,0,6,0.0,1,0.0,African National Congress (South Africa)
64924,2015,1,7,0,228,10,50,241,15.325443,44.211895,1.0,0,0.0,1,1,3,3,468,228.0,0,6,38.0,1,0.0,Al-Qaida in the Arabian Peninsula (AQAP)
62687,2014,9,9,0,95,10,29,1249,33.391567,43.854069,1.0,0,0.0,1,0,2,4,481,95.0,0,5,2.0,-9,0.0,Islamic State of Iraq and the Levant (ISIL)
75062,2016,6,21,0,147,11,155,949,7.761622,9.087509,1.0,0,1.0,1,0,2,14,27,147.0,0,5,1.0,1,0.0,Fulani extremists
70982,2015,10,30,1,113,10,286,1742,32.867867,13.189067,1.0,1,0.0,1,0,6,14,2160,113.0,0,5,1.0,0,1.0,Muslim extremists
61572,2014,7,14,0,209,10,203,1408,36.853067,40.047375,1.0,0,0.0,0,0,1,2,1719,209.0,0,6,0.0,1,0.0,Kurdistan Workers' Party (PKK)
79121,2017,2,24,0,200,10,187,1246,36.432888,37.442127,1.0,0,0.0,1,1,3,17,1606,200.0,0,6,78.0,1,0.0,Islamic State of Iraq and the Levant (ISIL)
36515,1997,9,16,0,45,3,332,24,2.535935,-75.52767,4.0,0,0.0,1,0,2,2,2744,45.0,0,5,0.0,1,0.0,Revolutionary Armed Forces of Colombia (FARC)
11174,1983,11,28,0,45,3,331,1827,7.116294,-73.120026,1.0,0,1.0,1,0,3,15,1976,45.0,0,6,0.0,1,0.0,National Liberation Army of Colombia (ELN)
62745,2014,9,13,0,214,9,135,792,47.981647,37.762325,1.0,0,1.0,1,0,3,4,1194,214.0,0,6,0.0,-9,0.0,Donetsk People's Republic
42566,2005,12,17,0,141,6,206,1666,27.286093,87.009635,1.0,0,1.0,1,0,2,14,2080,141.0,0,5,2.0,0,0.0,Maoists
52546,2012,7,8,0,182,11,69,330,4.73538,45.2024,1.0,0,0.0,1,0,2,4,48,65.0,0,6,3.0,-9,0.0,Al-Shabaab
5304,1979,6,16,0,69,8,126,24,41.918891,8.737554,4.0,0,0.0,1,0,3,20,1087,69.0,0,6,0.0,1,0.0,Corsican National Liberation Front (FLNC)
59027,2014,3,13,0,97,10,245,1783,31.670149,34.575153,1.0,0,1.0,0,0,3,20,6,97.0,0,6,0.0,0,0.0,Muslim extremists
13510,1985,3,18,0,145,2,399,2150,12.984322,-86.963095,1.0,0,0.0,1,0,2,4,1239,145.0,0,5,1.0,1,0.0,Nicaraguan Democratic Force (FDN)
25820,1990,9,13,0,209,10,224,1390,37.993026,42.141265,1.0,1,0.0,1,0,2,4,412,209.0,0,5,8.0,1,0.0,Kurdistan Workers' Party (PKK)
17909,1987,8,23,1,159,3,256,1556,-11.967368,-76.978462,1.0,0,0.0,1,0,6,2,2852,159.0,0,5,0.0,0,1.0,Shining Path (SL)
11967,1984,4,8,0,145,2,394,2151,13.51031,-86.09602,1.0,0,0.0,1,0,2,4,1239,145.0,0,5,0.0,1,0.0,Nicaraguan Democratic Force (FDN)
79930,2017,4,19,0,228,10,48,1150,15.325556,45.276111,3.0,0,0.0,1,0,3,14,13,228.0,0,6,0.0,-9,0.0,Houthi extremists (Ansar Allah)
20426,1988,10,4,0,43,3,250,1544,-33.366238,-70.505302,1.0,0,1.0,1,0,3,21,1892,43.0,0,6,0.0,1,0.0,Manuel Rodriguez Patriotic Front (FPMR)
80285,2017,5,14,0,147,11,158,970,7.8116,10.58387,1.0,0,1.0,1,0,2,14,27,147.0,0,5,3.0,-9,0.0,Fulani extremists
68059,2015,6,4,0,228,10,48,285,15.45639,45.324871,1.0,0,0.0,1,0,3,14,1394,228.0,0,6,1.0,-9,0.0,Houthi extremists (Ansar Allah)
65305,2015,1,22,0,214,9,135,792,47.981647,37.762325,1.0,0,0.0,1,0,3,19,1198,214.0,0,6,13.0,1,0.0,Donetsk People's Republic
45542,2008,9,21,0,185,8,81,402,43.320698,-2.420475,1.0,0,1.0,1,0,3,3,685,185.0,0,6,0.0,1,0.0,Basque Fatherland and Freedom (ETA)
80439,2017,5,21,0,95,10,33,207,34.92485,43.491413,1.0,0,0.0,0,0,2,4,172,95.0,0,5,4.0,0,0.0,Islamic State of Iraq and the Levant (ISIL)
77685,2016,11,21,0,92,6,119,674,18.340368,81.18164,1.0,0,0.0,1,0,3,3,12,92.0,0,6,0.0,0,0.0,Maoists
40223,2002,7,20,0,160,5,1,26,5.9735,120.9698,1.0,0,0.0,1,0,2,2,33,160.0,0,5,1.0,0,0.0,Abu Sayyaf Group (ASG)
52287,2012,6,13,0,95,10,29,176,33.31065,44.038208,1.0,1,1.0,1,0,3,3,12,95.0,0,6,0.0,0,0.0,Al-Qaida in Iraq
43304,2006,9,12,0,186,6,206,1441,8.577826,81.218719,1.0,0,0.0,1,0,2,3,1750,186.0,0,5,1.0,0,0.0,Liberation Tigers of Tamil Eelam (LTTE)
24028,1990,1,7,0,69,8,126,756,41.366667,9.266843,1.0,0,1.0,1,0,3,1,361,69.0,0,6,0.0,1,0.0,Corsican National Liberation Front (FLNC)
39353,2001,8,18,1,45,3,337,1847,5.449497,-74.667911,3.0,0,0.0,1,0,6,14,2241,75.0,0,5,0.0,0,1.0,National Liberation Army of Colombia (ELN)
36893,1998,5,9,0,185,8,81,385,42.84964,-2.692359,1.0,0,0.0,1,0,2,4,745,185.0,0,5,1.0,-9,0.0,Basque Fatherland and Freedom (ETA)
83550,2017,12,22,0,92,6,123,1652,18.221027,82.703111,2.0,0,0.0,1,0,7,1,2071,92.0,0,8,0.0,1,0.0,Maoists
18540,1987,11,28,0,69,8,126,759,42.567651,8.757222,1.0,0,0.0,1,0,2,2,1101,69.0,0,8,0.0,1,0.0,Corsican National Liberation Front (FLNC)
53253,2012,9,9,0,69,8,126,24,41.918891,8.737554,4.0,0,1.0,1,0,3,1,1119,238.0,0,6,0.0,1,0.0,Corsican National Liberation Front (FLNC)
62150,2014,8,10,0,214,9,135,792,47.981647,37.762325,1.0,0,0.0,1,0,3,1,204,214.0,0,6,0.0,1,0.0,Donetsk People's Republic
39825,2002,2,4,0,160,5,0,8,6.556828,121.883449,1.0,1,0.0,1,0,1,14,66,160.0,0,9,1.0,0,0.0,Abu Sayyaf Group (ASG)
43710,2007,4,21,0,69,8,126,753,42.699997,9.447317,1.0,0,1.0,1,0,3,2,1125,69.0,0,6,0.0,1,0.0,Corsican National Liberation Front (FLNC)
3802,1978,1,14,0,69,8,133,773,41.927466,9.394499,1.0,0,0.0,1,0,3,4,1140,69.0,0,5,0.0,1,1.0,Corsican National Liberation Front (FLNC)
59402,2014,4,4,0,92,6,117,1643,24.775486,84.918483,3.0,0,0.0,0,0,3,20,6,92.0,0,6,0.0,0,0.0,Maoists
53107,2012,8,31,0,147,11,100,466,11.840929,13.141459,1.0,0,0.0,1,0,2,4,12,147.0,0,8,0.0,1,0.0,Boko Haram
51384,2012,3,20,0,95,10,30,177,33.303566,44.371773,1.0,0,1.0,1,0,2,3,85,95.0,0,5,3.0,0,0.0,Al-Qaida in Iraq
21946,1989,4,18,0,43,3,250,1544,-33.366238,-70.505302,1.0,0,0.0,1,0,2,2,1923,43.0,0,5,0.0,1,0.0,Manuel Rodriguez Patriotic Front (FPMR)
51310,2012,3,10,0,153,6,389,2786,33.640689,70.775759,1.0,0,0.0,1,0,2,4,162,153.0,0,5,1.0,-9,0.0,Tehrik-i-Taliban Pakistan (TTP)
42970,2006,4,27,0,69,8,126,753,42.699997,9.447317,1.0,0,0.0,1,0,3,4,1138,69.0,0,6,0.0,1,0.0,Corsican National Liberation Front (FLNC)
63397,2014,10,12,0,4,6,470,2591,34.780288,71.109676,3.0,0,0.0,1,0,2,14,3125,4.0,0,5,1.0,0,0.0,Taliban
42496,2005,11,9,0,102,10,40,196,31.950001,35.933331,1.0,0,1.0,1,1,3,1,386,102.0,0,6,21.0,1,0.0,Al-Qaida in Iraq
47876,2010,4,13,0,160,5,0,16,6.700414,121.972557,1.0,0,1.0,1,0,3,2,25,153.0,0,6,3.0,1,0.0,Abu Sayyaf Group (ASG)
51697,2012,4,19,0,182,11,68,310,3.503923,42.236244,2.0,0,0.0,1,0,1,2,582,182.0,0,9,1.0,0,0.0,Al-Shabaab
71415,2015,11,24,0,209,10,210,1334,37.332346,42.185474,1.0,0,0.0,1,0,2,1,1695,209.0,0,5,1.0,0,0.0,Kurdistan Workers' Party (PKK)
61917,2014,7,29,0,45,3,328,1819,4.667128,-74.106056,1.0,0,1.0,1,0,3,20,6,45.0,0,6,0.0,0,0.0,National Liberation Army of Colombia (ELN)
4992,1979,4,19,0,603,8,178,1183,54.347539,-6.656108,1.0,0,0.0,1,0,3,3,1500,233.0,0,6,1.0,1,0.0,Irish Republican Army (IRA)
75453,2016,7,12,0,147,11,100,546,13.326179,13.475137,1.0,0,0.0,1,0,2,4,167,147.0,0,6,27.0,-9,0.0,Boko Haram
81189,2017,6,30,0,228,10,57,279,13.586484,44.024105,1.0,0,0.0,1,0,2,14,563,228.0,0,5,1.0,0,0.0,Houthi extremists (Ansar Allah)
50772,2012,1,6,0,147,11,105,518,9.203496,12.49539,1.0,0,0.0,1,0,2,15,876,147.0,0,5,8.0,1,0.0,Boko Haram
54908,2013,3,19,0,95,10,30,177,33.303566,44.371773,1.0,0,1.0,1,0,3,8,395,95.0,0,6,0.0,0,0.0,Al-Qaida in Iraq
60383,2014,5,24,0,228,10,47,254,15.940011,48.789753,1.0,0,1.0,1,0,3,4,373,228.0,0,6,3.0,-9,0.0,Al-Qaida in the Arabian Peninsula (AQAP)
15789,1986,6,14,0,159,3,256,1556,-11.967368,-76.978462,1.0,0,1.0,1,0,3,14,3373,159.0,0,6,0.0,1,0.0,Tupac Amaru Revolutionary Movement (MRTA)
50065,2011,9,13,0,153,6,484,2761,35.202293,71.873006,1.0,0,0.0,1,0,3,2,3262,153.0,0,6,1.0,1,0.0,Tehrik-i-Taliban Pakistan (TTP)
62448,2014,8,25,0,45,3,333,24,6.545924,-71.000519,4.0,0,0.0,1,0,3,20,6,45.0,0,6,0.0,1,0.0,Revolutionary Armed Forces of Colombia (FARC)
70089,2015,9,14,0,160,5,0,66,6.416943,121.9835,2.0,0,0.0,1,0,6,1,123,160.0,0,5,0.0,0,1.0,Abu Sayyaf Group (ASG)
48601,2010,9,16,0,92,6,119,593,18.9,81.35,1.0,1,0.0,1,0,7,1,986,92.0,0,8,0.0,1,0.0,Communist Party of India - Maoist (CPI-Maoist)
43651,2007,4,6,0,186,6,242,1448,8.757816,80.487907,1.0,1,0.0,1,0,3,19,56,186.0,0,6,8.0,1,0.0,Liberation Tigers of Tamil Eelam (LTTE)
42305,2005,8,16,0,186,6,206,1438,7.733107,81.68882,1.0,0,0.0,1,0,2,3,1752,186.0,0,5,0.0,0,0.0,Liberation Tigers of Tamil Eelam (LTTE)
82749,2017,10,14,1,160,5,1,1,6.301814,120.583623,1.0,0,0.0,1,0,6,14,1,160.0,0,5,0.0,0,1.0,Abu Sayyaf Group (ASG)
72679,2016,2,5,0,147,11,100,484,11.512185,14.066288,2.0,0,1.0,1,0,2,14,27,147.0,0,5,4.0,1,0.0,Boko Haram
11266,1983,12,15,0,183,11,19,96,-26.184113,28.033232,1.0,0,0.0,1,0,3,2,287,183.0,0,6,0.0,1,0.0,African National Congress (South Africa)
20247,1988,8,30,0,43,3,249,1543,-33.010693,-71.527794,1.0,0,0.0,1,0,3,2,1932,43.0,0,6,0.0,1,0.0,Manuel Rodriguez Patriotic Front (FPMR)
64356,2014,12,5,0,92,6,123,1570,17.408542,82.715443,1.0,1,0.0,1,0,3,3,2010,92.0,0,6,0.0,0,0.0,Maoists
83031,2017,11,7,0,147,11,110,1015,9.567963,8.731537,3.0,0,0.0,1,0,2,14,560,147.0,0,5,9.0,0,0.0,Fulani extremists
61767,2014,7,22,0,214,9,135,831,48.180462,37.468792,1.0,0,0.0,1,0,3,4,20,214.0,0,6,0.0,0,0.0,Donetsk People's Republic
52671,2012,7,23,0,95,10,30,177,33.303566,44.371773,1.0,0,1.0,1,0,3,1,361,95.0,0,6,3.0,1,0.0,Al-Qaida in Iraq
54099,2012,12,27,1,153,6,484,2708,34.006004,71.53743,1.0,1,1.0,1,0,6,3,2055,153.0,0,6,8.0,-9,1.0,Tehrik-i-Taliban Pakistan (TTP)
54898,2013,3,19,0,95,10,31,217,33.548306,44.415733,1.0,0,1.0,1,0,3,1,361,95.0,0,6,4.0,1,0.0,Al-Qaida in Iraq
51061,2012,2,15,0,153,6,389,2756,34.0,71.383333,2.0,0,0.0,1,0,3,14,13,153.0,0,6,1.0,1,0.0,Tehrik-i-Taliban Pakistan (TTP)
1567,1973,12,31,0,603,8,178,1179,54.607712,-5.95621,1.0,0,0.0,1,0,1,4,1496,216.0,0,5,1.0,0,0.0,Irish Republican Army (IRA)
30423,1992,5,26,0,26,3,142,2425,-15.53305,-69.252459,2.0,0,0.0,1,0,2,19,2082,26.0,0,5,0.0,1,0.0,Shining Path (SL)
50973,2012,2,1,0,92,6,118,1574,23.846121,84.816828,1.0,0,0.0,1,0,3,3,413,92.0,0,6,3.0,1,0.0,Maoists
45032,2008,6,8,0,92,6,119,595,21.19,81.28,1.0,1,0.0,1,0,3,3,914,92.0,0,6,3.0,0,0.0,Communist Party of India - Maoist (CPI-Maoist)
82605,2017,10,3,0,92,6,119,609,20.163111,80.531343,1.0,0,1.0,1,0,6,14,927,92.0,0,9,1.0,-9,1.0,Communist Party of India - Maoist (CPI-Maoist)
12896,1984,10,10,0,69,8,128,775,43.124228,5.928,1.0,0,1.0,1,0,3,1,805,69.0,0,6,0.0,1,0.0,Corsican National Liberation Front (FLNC)
66554,2015,3,25,0,92,6,119,1646,18.79771,80.812864,2.0,1,0.0,1,0,3,3,2069,92.0,0,6,0.0,0,0.0,Maoists
82997,2017,11,5,0,95,10,34,184,36.354145,43.14357,1.0,0,0.0,1,0,3,14,13,95.0,0,6,1.0,-9,0.0,Islamic State of Iraq and the Levant (ISIL)
23472,1989,10,20,0,160,5,352,1923,15.153002,120.591942,1.0,0,0.0,1,0,2,3,2332,160.0,0,5,0.0,1,0.0,New People's Army (NPA)
19454,1988,5,1,0,186,6,206,1502,8.312373,81.171508,2.0,0,0.0,1,0,3,19,56,186.0,0,6,26.0,1,0.0,Liberation Tigers of Tamil Eelam (LTTE)
45716,2008,11,8,0,153,6,485,2717,35.075339,72.854657,1.0,0,0.0,1,0,3,19,3214,153.0,0,6,0.0,1,0.0,Tehrik-i-Taliban Pakistan (TTP)
64482,2014,12,13,0,228,10,50,241,15.325443,44.211895,1.0,0,0.0,1,0,3,14,1394,228.0,0,6,24.0,1,0.0,Houthi extremists (Ansar Allah)
56569,2013,8,26,0,182,11,64,340,4.787206,43.947601,1.0,0,0.0,1,0,2,14,13,182.0,0,5,4.0,0,0.0,Al-Shabaab
70715,2015,10,17,0,95,10,29,1279,33.449772,43.29578,1.0,0,0.0,0,0,2,4,1624,95.0,0,5,1.0,0,0.0,Islamic State of Iraq and the Levant (ISIL)
38900,2001,2,12,0,141,6,206,1573,26.809932,88.009847,1.0,0,0.0,1,0,2,8,2012,141.0,0,9,0.0,0,0.0,Maoists
81864,2017,8,12,0,95,10,35,1240,35.029195,43.688809,1.0,0,0.0,1,0,3,14,1636,95.0,0,6,4.0,0,0.0,Islamic State of Iraq and the Levant (ISIL)
11237,1983,12,12,0,183,11,19,96,-26.184113,28.033232,1.0,0,0.0,1,0,3,2,194,183.0,0,6,0.0,1,0.0,African National Congress (South Africa)
60618,2014,6,4,1,160,5,1,26,5.989123,120.953132,2.0,0,0.0,1,0,6,1,126,160.0,0,9,1.0,0,1.0,Abu Sayyaf Group (ASG)
53936,2012,11,28,0,4,6,457,2595,31.631083,65.742226,1.0,0,0.0,1,1,3,14,13,4.0,0,6,1.0,0,0.0,Taliban
55513,2013,5,22,0,45,3,332,2299,2.998611,-75.304444,1.0,0,0.0,1,0,3,3,12,45.0,0,6,0.0,1,0.0,Revolutionary Armed Forces of Colombia (FARC)
5115,1979,5,7,0,69,8,131,751,41.591369,9.278311,1.0,0,0.0,1,0,3,20,1154,69.0,0,6,0.0,1,0.0,Corsican National Liberation Front (FLNC)
68242,2015,6,13,0,214,9,135,809,47.942608,37.505135,1.0,0,1.0,1,0,3,4,1191,214.0,0,6,0.0,-9,0.0,Donetsk People's Republic
60472,2014,5,27,1,214,9,135,792,47.981647,37.762325,1.0,0,0.0,1,0,6,14,1211,214.0,0,5,0.0,0,1.0,Donetsk People's Republic
26116,1990,11,6,0,155,10,410,2233,32.460617,35.301247,1.0,1,0.0,1,0,1,3,2588,155.0,0,5,1.0,0,0.0,Palestinians
10486,1983,7,6,0,159,3,432,2418,-13.152712,-74.218628,1.0,0,0.0,1,0,1,14,2895,159.0,0,5,1.0,0,0.0,Shining Path (SL)
16772,1987,2,19,0,159,3,256,1556,-11.967368,-76.978462,1.0,0,1.0,1,0,3,10,3343,159.0,0,5,0.0,1,0.0,Tupac Amaru Revolutionary Movement (MRTA)
61367,2014,7,8,0,228,10,173,1125,15.661751,43.947233,1.0,0,0.0,1,0,3,8,1401,228.0,0,6,0.0,1,0.0,Houthi extremists (Ansar Allah)
62870,2014,9,18,0,228,10,50,241,15.325443,44.211895,1.0,0,0.0,1,0,3,2,1393,228.0,0,6,0.0,-9,0.0,Houthi extremists (Ansar Allah)
75463,2016,7,14,0,160,5,1,4,5.965263,120.983076,1.0,0,0.0,1,0,2,4,4,160.0,0,5,3.0,0,0.0,Abu Sayyaf Group (ASG)
28419,1991,9,19,0,155,10,306,2221,31.346964,34.30143,1.0,0,0.0,1,0,1,14,2595,155.0,0,5,1.0,0,0.0,Palestinians
62492,2014,8,29,0,123,11,296,1761,19.464848,0.856393,1.0,0,0.0,1,0,3,7,167,422.0,0,6,0.0,1,0.0,Muslim extremists
31651,1992,10,31,0,155,10,306,2221,31.346964,34.30143,1.0,0,0.0,1,0,1,14,2604,155.0,0,5,1.0,0,0.0,Palestinians
26052,1990,10,25,0,92,6,449,2494,30.733315,76.779418,1.0,0,0.0,1,0,2,14,2998,92.0,0,5,7.0,1,0.0,Sikh Extremists
66075,2015,2,27,0,214,9,135,795,48.143208,37.753361,1.0,0,0.0,1,0,3,14,855,214.0,0,6,0.0,-9,0.0,Donetsk People's Republic
56295,2013,8,2,0,92,6,117,1663,24.808342,84.791702,1.0,1,0.0,1,0,3,19,704,92.0,0,6,0.0,1,0.0,Maoists
77671,2016,11,20,0,228,10,57,279,13.586484,44.024105,1.0,0,1.0,1,0,3,4,391,228.0,0,6,0.0,1,0.0,Houthi extremists (Ansar Allah)
68600,2015,7,1,0,45,3,327,2301,6.885648,-75.335829,3.0,0,0.0,1,0,3,4,2730,45.0,0,6,1.0,0,0.0,Revolutionary Armed Forces of Colombia (FARC)
42256,2005,8,6,0,45,3,333,1833,7.08582,-70.75779,1.0,0,0.0,1,0,3,15,2221,45.0,0,6,1.0,-9,0.0,National Liberation Army of Colombia (ELN)
48043,2010,5,17,0,92,6,118,656,22.610968,84.502431,3.0,0,0.0,1,0,2,2,976,92.0,0,5,1.0,1,0.0,Communist Party of India - Maoist (CPI-Maoist)
55475,2013,5,18,1,160,5,1,22,6.050458,121.012245,1.0,0,0.0,1,0,6,1,53,160.0,0,5,0.0,0,1.0,Abu Sayyaf Group (ASG)
80730,2017,6,7,0,94,10,200,1284,35.724533,51.40519,1.0,0,1.0,1,1,5,2,1627,94.0,0,6,9.0,1,1.0,Islamic State of Iraq and the Levant (ISIL)
1205,1972,11,10,0,603,8,178,1179,54.607712,-5.95621,1.0,0,0.0,1,0,2,4,1498,216.0,0,5,1.0,0,0.0,Irish Republican Army (IRA)
15541,1986,5,4,0,159,3,432,2394,-12.939782,-74.247478,1.0,0,0.0,1,0,3,14,782,159.0,0,6,0.0,1,0.0,Shining Path (SL)
67460,2015,5,8,1,92,6,119,1564,19.175051,81.246376,2.0,0,1.0,1,0,6,1,123,92.0,0,5,0.0,0,1.0,Maoists
12066,1984,4,20,0,61,2,152,910,13.933333,-89.166667,1.0,0,0.0,1,0,2,4,1265,61.0,0,5,2.0,1,0.0,Farabundo Marti National Liberation Front (FMLN)
19690,1988,6,3,0,183,11,19,96,-26.184113,28.033232,1.0,0,0.0,1,0,3,4,198,96.0,0,6,1.0,1,0.0,African National Congress (South Africa)
15146,1986,2,4,0,159,3,256,1556,-11.967368,-76.978462,1.0,0,1.0,1,0,3,2,2969,159.0,0,6,0.0,1,0.0,Tupac Amaru Revolutionary Movement (MRTA)
67401,2015,5,6,1,160,5,1,58,5.553923,120.913233,1.0,0,0.0,1,0,6,14,102,160.0,0,5,1.0,0,1.0,Abu Sayyaf Group (ASG)
14529,1985,9,20,0,145,2,402,2101,13.84504,-84.67929,1.0,0,0.0,1,0,2,4,1239,145.0,0,5,1.0,1,0.0,Nicaraguan Democratic Force (FDN)
4808,1979,3,10,0,69,8,126,24,41.918891,8.737554,4.0,0,1.0,1,0,3,1,805,69.0,0,6,0.0,1,0.0,Corsican National Liberation Front (FLNC)
63210,2014,10,3,1,147,11,110,952,9.516667,8.7,2.0,0,1.0,1,0,2,14,27,147.0,0,5,3.0,1,-9.0,Fulani extremists
39989,2002,4,21,0,160,5,9,40,6.11622,125.169395,1.0,0,1.0,1,0,3,1,75,160.0,0,6,0.0,0,0.0,Abu Sayyaf Group (ASG)
22000,1989,4,25,0,155,10,410,2211,32.222271,35.253506,1.0,0,0.0,1,0,1,14,2577,97.0,0,9,1.0,0,0.0,Palestinians
20817,1988,11,26,0,43,3,250,1544,-33.366238,-70.505302,1.0,0,0.0,1,0,3,2,1953,43.0,0,6,0.0,1,0.0,Manuel Rodriguez Patriotic Front (FPMR)
77040,2016,10,16,0,147,11,104,992,10.26622,7.113044,3.0,0,0.0,1,0,2,14,27,147.0,0,5,2.0,1,0.0,Fulani extremists
2535,1976,1,17,0,603,8,178,1179,54.607712,-5.95621,1.0,0,0.0,1,0,1,14,1473,233.0,0,5,1.0,0,0.0,Irish Republican Army (IRA)
77377,2016,11,4,0,45,3,333,1835,6.457094,-71.745515,1.0,1,0.0,1,0,2,14,1355,45.0,0,5,2.0,0,0.0,National Liberation Army of Colombia (ELN)
36255,1997,4,21,0,45,3,328,2324,4.5981,-74.07603,3.0,0,0.0,0,0,3,4,1850,45.0,0,6,1.0,1,0.0,Revolutionary Armed Forces of Colombia (FARC)
10180,1983,5,10,0,603,8,178,1183,54.347539,-6.656108,1.0,0,0.0,1,0,3,4,1446,233.0,0,6,1.0,1,0.0,Irish Republican Army (IRA)
6640,1980,5,29,0,185,8,81,388,43.291618,-1.977903,1.0,0,0.0,1,0,3,3,717,185.0,0,5,0.0,1,0.0,Basque Fatherland and Freedom (ETA)
15434,1986,4,3,0,159,3,256,1556,-11.967368,-76.978462,1.0,0,0.0,1,0,3,1,3407,217.0,0,6,0.0,1,0.0,Tupac Amaru Revolutionary Movement (MRTA)
52705,2012,7,23,0,95,10,30,177,33.303566,44.371773,1.0,0,1.0,1,0,3,1,391,95.0,0,6,0.0,0,0.0,Al-Qaida in Iraq
30936,1992,8,6,0,209,10,212,1405,38.279124,42.198245,1.0,0,0.0,1,0,1,3,1715,209.0,0,5,1.0,0,0.0,Kurdistan Workers' Party (PKK)
29589,1992,2,1,0,92,6,446,2511,30.378179,76.776697,1.0,1,0.0,1,0,1,2,3023,92.0,0,5,5.0,0,0.0,Sikh Extremists
61934,2014,7,29,0,214,9,135,792,47.981647,37.762325,1.0,0,0.0,1,0,3,2,1192,214.0,0,6,1.0,1,0.0,Donetsk People's Republic
24066,1990,1,14,0,186,6,73,1487,9.00412,80.571145,1.0,0,0.0,1,0,6,14,1804,186.0,0,5,0.0,0,1.0,Liberation Tigers of Tamil Eelam (LTTE)
50116,2011,9,27,0,92,6,122,629,18.815236,82.712102,1.0,0,0.0,1,0,2,14,949,92.0,0,9,1.0,0,0.0,Communist Party of India - Maoist (CPI-Maoist)
53668,2012,10,27,0,95,10,34,184,36.354145,43.14357,1.0,0,0.0,0,0,3,15,357,95.0,0,6,0.0,0,0.0,Al-Qaida in Iraq
7904,1981,8,12,0,183,11,19,126,-25.748281,28.212069,1.0,1,0.0,1,0,3,4,264,183.0,0,6,0.0,1,0.0,African National Congress (South Africa)
21044,1988,12,25,1,92,6,318,2488,31.633078,74.878288,1.0,1,0.0,1,0,6,19,3057,92.0,0,5,7.0,0,1.0,Sikh Extremists
64493,2014,12,14,0,45,3,332,2318,2.3889,-75.89255,2.0,0,0.0,0,0,3,20,6,45.0,0,6,0.0,0,0.0,Revolutionary Armed Forces of Colombia (FARC)
7701,1981,5,27,0,183,11,18,97,-29.861824,31.008293,1.0,0,0.0,1,0,3,4,216,183.0,0,6,0.0,1,0.0,African National Congress (South Africa)
32599,1994,3,8,0,45,3,343,1862,3.429344,-76.516037,1.0,0,0.0,0,0,3,6,2719,45.0,0,6,0.0,1,0.0,Revolutionary Armed Forces of Colombia (FARC)
77603,2016,11,17,0,60,10,268,24,30.608472,33.617577,4.0,0,0.0,0,0,3,20,6,60.0,0,6,0.0,0,0.0,Muslim extremists
19932,1988,7,10,0,186,6,242,1476,9.267091,80.814248,1.0,0,0.0,1,0,2,19,56,186.0,0,5,2.0,1,0.0,Liberation Tigers of Tamil Eelam (LTTE)
79860,2017,4,14,0,182,11,61,348,2.142623,45.116717,3.0,0,0.0,1,0,3,4,621,422.0,0,6,0.0,1,0.0,Al-Shabaab
24075,1990,1,15,0,159,3,256,1556,-11.967368,-76.978462,1.0,0,0.0,1,0,3,4,3392,217.0,0,6,0.0,1,0.0,Tupac Amaru Revolutionary Movement (MRTA)
33824,1995,1,14,0,69,8,126,753,42.699997,9.447317,1.0,0,0.0,1,0,3,1,1091,69.0,0,6,0.0,1,0.0,Corsican National Liberation Front (FLNC)
11866,1984,3,26,0,159,3,432,2391,-13.152712,-74.218628,1.0,0,0.0,1,0,3,21,2925,159.0,0,6,1.0,1,0.0,Shining Path (SL)
52122,2012,5,31,0,4,6,457,2659,31.461224,66.52239,3.0,0,0.0,1,1,3,3,3169,4.0,0,6,6.0,0,0.0,Taliban
42575,2005,12,27,0,186,6,206,1451,7.426267,81.82107,1.0,0,0.0,1,0,2,3,1820,186.0,0,5,1.0,0,0.0,Liberation Tigers of Tamil Eelam (LTTE)
67007,2015,4,19,0,182,11,60,334,2.71581,44.511845,1.0,0,0.0,1,0,2,4,594,422.0,0,5,14.0,-9,0.0,Al-Shabaab
70046,2015,9,11,0,92,6,119,637,18.803305,80.808911,3.0,0,0.0,1,0,7,1,2053,92.0,0,8,0.0,1,0.0,Maoists
58239,2014,1,24,1,92,6,122,1616,18.740279,82.642942,1.0,0,0.0,1,0,6,8,2050,92.0,0,5,0.0,0,1.0,Maoists
32887,1994,4,23,0,155,10,410,2211,32.222271,35.253506,1.0,0,0.0,1,0,2,3,175,97.0,0,5,0.0,1,0.0,Palestinians
25272,1990,6,24,0,92,6,117,2540,26.396678,85.662752,1.0,0,0.0,1,0,2,19,885,92.0,0,5,3.0,1,0.0,Sikh Extremists
46288,2009,3,26,0,160,5,349,1981,9.77026,122.467818,1.0,0,0.0,1,0,7,16,2376,160.0,0,8,0.0,1,0.0,New People's Army (NPA)
61660,2014,7,17,0,228,10,51,277,14.223866,47.082782,1.0,0,0.0,1,0,2,4,409,228.0,0,5,3.0,1,0.0,Al-Qaida in the Arabian Peninsula (AQAP)
25271,1990,6,24,0,209,10,210,1339,37.606967,42.748044,1.0,0,0.0,1,0,2,4,412,209.0,0,5,1.0,1,0.0,Kurdistan Workers' Party (PKK)
36761,1998,1,26,0,186,6,246,1484,7.29384,80.640669,1.0,0,0.0,1,1,3,15,1799,186.0,0,6,26.0,1,0.0,Liberation Tigers of Tamil Eelam (LTTE)
63840,2014,11,5,0,95,10,34,1285,36.76321,42.602535,1.0,0,0.0,1,0,3,14,1628,95.0,0,6,1.0,1,0.0,Islamic State of Iraq and the Levant (ISIL)
28348,1991,9,7,0,186,6,242,1516,8.980118,79.912462,3.0,0,0.0,1,0,3,4,1779,186.0,0,6,4.0,1,0.0,Liberation Tigers of Tamil Eelam (LTTE)
30663,1992,7,6,0,209,10,230,24,41.115547,42.789392,4.0,0,0.0,1,0,1,2,1691,209.0,0,5,2.0,0,0.0,Kurdistan Workers' Party (PKK)
57095,2013,10,12,0,4,6,301,1776,34.417122,70.449593,1.0,0,0.0,1,1,3,3,3128,4.0,0,6,3.0,1,0.0,Taliban
83599,2017,12,27,0,4,6,463,2577,31.60063,64.369652,1.0,0,0.0,1,1,3,4,3117,4.0,0,6,1.0,1,0.0,Taliban
710,1971,9,3,0,603,8,178,1179,54.607712,-5.95621,1.0,0,0.0,0,0,1,4,12,216.0,0,5,1.0,0,0.0,Irish Republican Army (IRA)
30575,1992,6,22,0,209,10,212,1328,38.576708,42.020709,1.0,1,0.0,1,0,1,14,1656,209.0,0,5,4.0,0,0.0,Kurdistan Workers' Party (PKK)
66159,2015,3,4,0,160,5,1,56,6.052565,121.146487,1.0,1,0.0,1,0,3,4,96,160.0,0,6,3.0,1,0.0,Abu Sayyaf Group (ASG)
31211,1992,9,10,0,97,10,412,2215,31.771599,35.2034,1.0,0,0.0,1,0,8,19,56,97.0,0,9,0.0,1,0.0,Palestinians
69229,2015,8,1,0,4,6,468,2610,35.760462,68.918177,2.0,0,1.0,1,0,7,15,354,4.0,0,8,0.0,1,0.0,Taliban
5765,1979,10,25,0,69,8,127,91,48.856644,2.34233,1.0,0,0.0,1,0,3,4,1114,69.0,0,6,0.0,1,0.0,Corsican National Liberation Front (FLNC)
59200,2014,3,23,0,147,11,155,984,7.820035,8.860315,1.0,0,1.0,1,0,2,14,27,147.0,0,5,13.0,1,0.0,Fulani extremists
78920,2017,2,12,0,92,6,119,1593,18.792596,80.813556,1.0,0,0.0,1,0,3,4,12,92.0,0,6,1.0,0,0.0,Maoists
65312,2015,1,23,0,147,11,100,514,11.885962,12.801891,1.0,0,0.0,1,0,2,14,27,147.0,0,5,15.0,1,0.0,Boko Haram
61072,2014,6,26,0,228,10,47,254,15.964205,48.78252,1.0,0,1.0,1,0,3,2,251,228.0,0,6,0.0,1,0.0,Al-Qaida in the Arabian Peninsula (AQAP)
52842,2012,8,5,0,209,10,211,1341,37.294346,43.673306,3.0,0,1.0,1,0,2,4,93,209.0,0,6,0.0,0,0.0,Kurdistan Workers' Party (PKK)
60938,2014,6,19,0,147,11,100,524,10.672575,12.69115,1.0,0,1.0,1,0,2,14,27,147.0,0,5,3.0,1,0.0,Boko Haram
3934,1978,3,3,0,185,8,83,382,43.258434,-2.921819,1.0,0,0.0,0,0,2,3,662,185.0,0,5,0.0,0,0.0,Basque Fatherland and Freedom (ETA)
13766,1985,5,10,0,69,8,126,24,41.919593,8.737687,4.0,0,1.0,1,0,3,1,1088,69.0,0,6,0.0,1,0.0,Corsican National Liberation Front (FLNC)
49404,2011,3,17,0,92,6,117,658,25.266107,85.08016,1.0,0,0.0,1,0,8,2,979,92.0,0,9,0.0,1,0.0,Communist Party of India - Maoist (CPI-Maoist)
50187,2011,10,16,0,147,11,100,466,11.840929,13.141459,1.0,0,0.0,1,0,2,2,858,147.0,0,5,1.0,0,0.0,Boko Haram
15372,1986,3,26,0,43,3,251,1548,-36.816006,-73.037659,1.0,0,1.0,1,0,3,1,1894,43.0,0,6,0.0,1,0.0,Manuel Rodriguez Patriotic Front (FPMR)
50680,2011,12,22,0,95,10,30,177,33.303566,44.371773,1.0,0,0.0,1,0,3,14,13,95.0,0,6,3.0,1,0.0,Al-Qaida in Iraq
20492,1988,10,11,0,92,6,318,2474,30.450829,74.882875,1.0,0,0.0,1,0,1,2,2978,92.0,0,5,2.0,0,0.0,Sikh Extremists
47128,2009,9,25,0,92,6,118,655,23.74831,86.705864,1.0,0,0.0,1,0,2,3,975,92.0,0,5,1.0,0,0.0,Communist Party of India - Maoist (CPI-Maoist)
74546,2016,5,23,0,200,10,190,1257,34.896112,35.886553,1.0,0,1.0,1,1,3,19,885,200.0,0,6,18.0,1,0.0,Islamic State of Iraq and the Levant (ISIL)
71645,2015,12,11,0,160,5,371,1964,12.99271,124.014746,1.0,0,0.0,1,0,1,4,2363,160.0,0,5,1.0,0,0.0,New People's Army (NPA)
10878,1983,9,27,0,145,2,392,2087,13.746389,-86.709722,1.0,0,0.0,0,0,3,19,2494,145.0,0,6,0.0,0,0.0,Nicaraguan Democratic Force (FDN)
14516,1985,9,18,0,43,3,252,1549,-34.170331,-70.740822,1.0,0,0.0,1,0,3,21,1238,43.0,0,6,0.0,1,0.0,Manuel Rodriguez Patriotic Front (FPMR)
13498,1985,3,15,0,61,2,143,897,13.561416,-88.687385,1.0,0,0.0,1,0,2,3,1278,61.0,0,5,3.0,1,0.0,Farabundo Marti National Liberation Front (FMLN)
37718,1999,11,11,0,69,8,126,762,42.681855,9.303746,1.0,0,1.0,1,0,5,14,1105,69.0,0,9,0.0,0,1.0,Corsican National Liberation Front (FLNC)
20873,1988,12,5,0,43,3,254,1552,-38.734133,-72.584651,1.0,0,1.0,1,0,3,21,1967,43.0,0,6,0.0,1,0.0,Manuel Rodriguez Patriotic Front (FPMR)
61708,2014,7,20,0,113,10,286,1742,32.867867,13.189067,1.0,0,0.0,1,0,3,6,276,113.0,0,6,0.0,1,0.0,Muslim extremists
46320,2009,4,2,0,92,6,118,635,24.080548,85.486537,1.0,0,1.0,1,0,3,14,956,92.0,0,6,0.0,1,0.0,Communist Party of India - Maoist (CPI-Maoist)
67324,2015,5,3,0,214,9,135,793,47.098835,37.81987,1.0,1,1.0,1,0,2,4,48,214.0,0,6,0.0,-9,0.0,Donetsk People's Republic
28349,1991,9,8,0,61,2,148,902,13.49446,-88.530343,1.0,0,0.0,1,0,2,14,1283,61.0,0,5,5.0,1,0.0,Farabundo Marti National Liberation Front (FMLN)
30298,1992,5,10,0,92,6,262,2535,25.68927,75.702149,1.0,0,0.0,1,0,2,14,3052,92.0,0,5,10.0,1,0.0,Sikh Extremists
66286,2015,3,10,1,160,5,1,22,6.050458,121.012245,1.0,0,0.0,1,0,6,3,109,160.0,0,5,0.0,0,1.0,Abu Sayyaf Group (ASG)
11164,1983,11,22,0,183,11,18,97,-29.861824,31.008293,1.0,0,0.0,1,0,3,21,284,183.0,0,6,0.0,1,0.0,African National Congress (South Africa)
27424,1991,5,31,0,603,8,178,1222,54.239317,-6.502301,1.0,0,0.0,1,0,3,4,427,233.0,0,6,3.0,1,0.0,Irish Republican Army (IRA)
62207,2014,8,13,0,95,10,31,1281,34.271034,45.163567,1.0,0,1.0,1,0,3,14,602,95.0,0,6,0.0,1,0.0,Islamic State of Iraq and the Levant (ISIL)
29021,1991,11,15,0,603,8,178,1179,54.607712,-5.95621,1.0,0,1.0,0,0,7,1,1525,233.0,0,8,0.0,1,0.0,Irish Republican Army (IRA)
17426,1987,6,13,0,92,6,447,2480,28.585836,77.153336,1.0,0,0.0,1,0,1,14,3019,92.0,0,5,2.0,0,0.0,Sikh Extremists
35348,1996,5,28,0,186,6,206,1503,9.703001,80.033931,1.0,0,0.0,1,0,3,20,6,186.0,0,6,4.0,1,0.0,Liberation Tigers of Tamil Eelam (LTTE)
44118,2007,9,2,0,160,5,358,1934,8.217759,126.314871,1.0,0,0.0,1,0,2,3,2341,160.0,0,5,1.0,0,0.0,New People's Army (NPA)
14243,1985,7,15,0,183,11,18,97,-29.861824,31.008293,1.0,0,0.0,1,0,3,21,187,183.0,0,6,0.0,1,0.0,African National Congress (South Africa)
59301,2014,3,29,1,147,11,155,978,7.888747,7.908966,2.0,0,1.0,1,0,6,14,27,147.0,0,5,5.0,1,1.0,Fulani extremists
38822,2001,1,21,0,92,6,269,1781,32.726602,74.857026,1.0,0,0.0,1,0,3,2,2168,92.0,0,6,0.0,1,0.0,Muslim extremists
9924,1983,3,15,0,145,2,392,2159,13.713126,-86.127068,2.0,1,0.0,1,0,2,4,1239,145.0,0,5,1.0,1,0.0,Nicaraguan Democratic Force (FDN)
13958,1985,6,1,0,145,2,392,2096,13.62679,-85.8254,1.0,0,0.0,1,0,2,4,412,145.0,0,5,1.0,1,0.0,Nicaraguan Democratic Force (FDN)
65263,2015,1,20,0,228,10,50,241,15.325443,44.211895,1.0,0,0.0,0,0,1,2,1376,228.0,0,5,0.0,-9,0.0,Houthi extremists (Ansar Allah)
66223,2015,3,8,0,153,6,486,2711,24.891115,67.143311,1.0,0,0.0,1,0,2,3,12,153.0,0,5,3.0,0,0.0,Tehrik-i-Taliban Pakistan (TTP)
45659,2008,10,23,0,45,3,328,1819,4.667128,-74.106056,1.0,0,1.0,1,0,3,14,2770,45.0,0,6,0.0,1,0.0,Revolutionary Armed Forces of Colombia (FARC)
48772,2010,10,19,1,92,6,119,614,19.203477,81.934532,2.0,0,0.0,1,0,6,14,931,92.0,0,5,1.0,-9,1.0,Communist Party of India - Maoist (CPI-Maoist)
25073,1990,6,2,0,97,10,412,2215,31.771599,35.2034,1.0,0,0.0,1,0,2,14,2556,97.0,0,8,0.0,1,0.0,Palestinians
13919,1985,5,24,0,43,3,251,1547,-36.823788,-72.668472,1.0,0,1.0,1,0,3,21,1258,43.0,0,6,0.0,1,0.0,Manuel Rodriguez Patriotic Front (FPMR)
17535,1987,7,1,0,92,6,318,2497,31.84,74.76,1.0,0,0.0,1,0,2,15,3004,92.0,0,5,5.0,1,0.0,Sikh Extremists
43632,2007,3,27,1,4,6,457,2595,31.617667,65.675942,4.0,0,0.0,1,0,6,1,3153,4.0,0,5,0.0,-9,1.0,Taliban
23250,1989,10,1,0,159,3,442,2426,-14.063467,-75.729381,1.0,0,0.0,1,0,3,4,2903,159.0,0,6,0.0,1,0.0,Shining Path (SL)
80576,2017,5,29,0,95,10,34,184,36.354145,43.14357,1.0,0,1.0,1,0,3,4,48,95.0,0,6,2.0,1,0.0,Islamic State of Iraq and the Levant (ISIL)
76139,2016,8,26,0,160,5,355,1985,7.734803,125.512622,1.0,0,0.0,0,0,2,4,2380,160.0,0,5,0.0,-9,0.0,New People's Army (NPA)
57918,2014,1,1,0,95,10,29,193,33.420948,43.295662,1.0,0,1.0,1,0,2,3,175,95.0,0,5,0.0,1,0.0,Islamic State of Iraq and the Levant (ISIL)
53205,2012,9,9,0,95,10,35,180,35.45211,44.375465,1.0,1,1.0,1,0,3,3,399,95.0,0,6,9.0,1,0.0,Al-Qaida in Iraq
73219,2016,3,6,0,4,6,465,2625,37.459588,69.52422,3.0,0,1.0,1,0,2,14,27,4.0,0,6,2.0,0,0.0,Taliban
28490,1991,9,26,0,159,3,256,1556,-11.967368,-76.978462,1.0,0,1.0,1,0,3,1,1110,159.0,0,6,0.0,1,0.0,Shining Path (SL)
45759,2008,11,17,0,4,6,471,2754,32.781111,69.329167,1.0,0,0.0,1,0,2,1,3250,4.0,0,5,0.0,0,0.0,Tehrik-i-Taliban Pakistan (TTP)
65144,2015,1,15,0,214,9,135,792,47.981647,37.762325,1.0,0,1.0,1,0,3,21,1225,214.0,0,6,0.0,1,0.0,Donetsk People's Republic
14868,1985,12,2,0,160,5,349,2004,10.099319,122.870788,1.0,0,0.0,1,0,5,1,2393,160.0,0,5,5.0,1,1.0,New People's Army (NPA)
16366,1986,10,31,0,183,11,18,92,-29.965819,30.882976,1.0,0,0.0,1,0,3,3,196,183.0,0,6,1.0,0,0.0,African National Congress (South Africa)
31943,1992,12,3,0,69,8,126,24,41.918891,8.737554,4.0,0,1.0,1,0,3,2,410,69.0,0,6,0.0,1,0.0,Corsican National Liberation Front (FLNC)
25965,1990,10,16,0,159,3,256,1556,-11.967368,-76.978462,1.0,0,1.0,1,0,2,19,56,159.0,0,8,0.0,1,0.0,Shining Path (SL)
49656,2011,5,20,0,153,6,484,2708,34.006004,71.53743,1.0,0,0.0,1,0,3,7,3210,217.0,0,6,1.0,1,0.0,Tehrik-i-Taliban Pakistan (TTP)
61627,2014,7,16,0,214,9,135,820,47.905502,38.843531,1.0,1,0.0,1,0,3,4,1202,214.0,0,6,1.0,1,0.0,Donetsk People's Republic
27862,1991,7,17,0,159,3,488,2811,-12.050894,-77.126074,1.0,0,0.0,1,0,3,21,3335,159.0,0,6,0.0,1,0.0,Tupac Amaru Revolutionary Movement (MRTA)
51302,2012,3,9,0,228,10,49,256,13.928919,46.079398,3.0,0,0.0,1,0,3,17,462,228.0,0,6,3.0,0,0.0,Al-Qaida in the Arabian Peninsula (AQAP)
27525,1991,6,12,0,159,3,256,1556,-11.967368,-76.978462,1.0,0,1.0,1,0,3,1,705,159.0,0,6,0.0,1,0.0,Tupac Amaru Revolutionary Movement (MRTA)
33014,1994,5,15,0,159,3,256,1556,-11.967368,-76.978462,1.0,0,0.0,1,0,3,1,1919,159.0,0,6,0.0,1,0.0,Shining Path (SL)
50873,2012,1,20,0,147,11,107,486,11.974328,8.50026,1.0,0,1.0,1,1,3,3,175,147.0,0,6,18.0,1,0.0,Boko Haram
14278,1985,7,19,0,159,3,256,1556,-11.967368,-76.978462,1.0,0,0.0,1,0,5,10,3388,159.0,0,5,0.0,1,1.0,Tupac Amaru Revolutionary Movement (MRTA)
4993,1979,4,19,0,603,8,178,1179,54.607712,-5.95621,1.0,0,0.0,1,0,2,4,1546,216.0,0,5,1.0,1,0.0,Irish Republican Army (IRA)
57701,2013,12,12,0,92,6,122,1649,17.940918,81.531387,1.0,0,0.0,1,0,2,14,2070,92.0,0,5,1.0,0,0.0,Maoists
28865,1991,10,29,0,186,6,206,1455,8.5922,81.196796,3.0,0,0.0,1,0,2,4,412,186.0,0,5,8.0,1,0.0,Liberation Tigers of Tamil Eelam (LTTE)
29978,1992,3,26,0,186,6,206,1440,7.301756,81.67473,3.0,0,0.0,1,0,1,14,1749,186.0,0,5,2.0,0,0.0,Liberation Tigers of Tamil Eelam (LTTE)
63412,2014,10,14,0,4,6,456,2568,34.516895,69.147011,1.0,0,0.0,1,0,3,2,629,4.0,0,6,2.0,1,0.0,Taliban
6041,1980,1,1,0,155,10,410,2211,32.222271,35.253506,1.0,0,0.0,0,0,3,2,2605,97.0,0,6,0.0,0,0.0,Palestinians
82251,2017,9,7,0,95,10,33,205,34.010471,44.148235,1.0,0,0.0,0,1,3,14,855,95.0,0,6,6.0,0,0.0,Islamic State of Iraq and the Levant (ISIL)
50255,2011,11,2,0,104,11,73,303,2.809093,40.927444,1.0,0,0.0,1,0,3,1,572,104.0,0,5,0.0,1,0.0,Al-Shabaab
34057,1995,3,29,0,75,8,185,1232,52.372068,9.735686,1.0,0,0.0,1,0,7,1,1685,209.0,0,8,0.0,1,0.0,Kurdistan Workers' Party (PKK)
18132,1987,9,24,0,97,10,242,2214,32.581387,35.182465,1.0,0,0.0,1,0,1,4,2539,97.0,0,9,1.0,0,0.0,Palestinians
49127,2011,1,6,0,92,6,118,605,23.075278,85.278889,3.0,0,0.0,1,0,1,14,924,92.0,0,5,1.0,-9,1.0,Communist Party of India - Maoist (CPI-Maoist)
25845,1990,9,18,0,209,10,213,1329,37.306944,41.178056,1.0,1,0.0,1,0,3,4,409,209.0,0,6,13.0,1,0.0,Kurdistan Workers' Party (PKK)
78804,2017,2,5,0,182,11,69,312,3.381584,45.598389,1.0,1,0.0,1,0,3,4,564,422.0,0,6,1.0,-9,0.0,Al-Shabaab
5427,1979,8,4,0,185,8,81,381,43.18418,-2.473289,1.0,0,0.0,1,0,1,3,696,185.0,0,5,1.0,0,0.0,Basque Fatherland and Freedom (ETA)
12572,1984,8,5,0,21,8,92,412,51.219062,4.40289,1.0,0,0.0,1,0,3,2,712,21.0,0,6,0.0,1,0.0,Basque Fatherland and Freedom (ETA)
2445,1975,11,9,0,603,8,178,1179,54.607712,-5.95621,1.0,0,0.0,1,0,1,17,1442,233.0,0,5,1.0,0,0.0,Irish Republican Army (IRA)
14905,1985,12,13,0,145,2,396,2098,11.88333,-86.01667,1.0,0,1.0,1,0,2,1,59,145.0,0,5,1.0,1,0.0,Nicaraguan Democratic Force (FDN)
18799,1988,1,24,0,69,8,126,750,41.930607,8.742907,1.0,0,1.0,1,0,3,14,1085,69.0,0,6,0.0,1,0.0,Corsican National Liberation Front (FLNC)
64791,2014,12,31,0,147,11,110,1058,9.488018,9.044495,1.0,0,0.0,1,0,6,14,13,147.0,0,5,2.0,0,1.0,Fulani extremists
27299,1991,5,17,0,92,6,318,2488,31.633078,74.878288,1.0,0,0.0,1,0,1,2,2992,92.0,0,5,1.0,0,0.0,Sikh Extremists
49297,2011,2,17,0,92,6,117,592,25.561362,84.309496,1.0,0,0.0,1,0,7,1,912,92.0,0,8,0.0,1,0.0,Communist Party of India - Maoist (CPI-Maoist)
63101,2014,9,28,0,153,6,389,2758,34.793385,71.503181,2.0,0,0.0,1,0,1,17,3255,153.0,0,5,1.0,1,0.0,Tehrik-i-Taliban Pakistan (TTP)
1196,1972,10,28,0,603,8,178,1201,55.011562,-7.312045,1.0,0,0.0,1,0,2,4,1541,216.0,0,5,1.0,0,0.0,Irish Republican Army (IRA)
51701,2012,4,19,0,95,10,35,180,35.45211,44.375465,1.0,0,1.0,1,0,3,3,85,95.0,0,6,2.0,-9,0.0,Al-Qaida in Iraq
60258,2014,5,19,0,104,11,62,306,3.938715,41.844707,1.0,0,0.0,1,0,2,14,618,104.0,0,5,12.0,1,0.0,Al-Shabaab
60765,2014,6,10,0,228,10,48,24,15.46591,45.293941,4.0,0,1.0,1,0,3,21,443,228.0,0,6,0.0,1,0.0,Al-Qaida in the Arabian Peninsula (AQAP)
7019,1980,9,23,0,61,2,143,921,13.617851,-88.880287,1.0,0,0.0,1,0,2,4,1239,61.0,0,5,15.0,1,0.0,Farabundo Marti National Liberation Front (FMLN)
46779,2009,7,6,0,92,6,121,697,18.815236,82.712102,3.0,0,0.0,1,0,2,14,1029,92.0,0,9,1.0,0,0.0,Communist Party of India - Maoist (CPI-Maoist)
16472,1986,11,29,0,45,3,328,1819,4.667128,-74.106056,1.0,0,0.0,1,0,3,21,2236,45.0,0,6,0.0,1,0.0,National Liberation Army of Colombia (ELN)
28313,1991,9,3,0,160,5,384,24,16.451727,120.5752,4.0,0,0.0,1,0,2,4,412,160.0,0,5,10.0,1,0.0,New People's Army (NPA)
39802,2002,1,22,1,45,3,422,2347,4.26995,-73.48676,3.0,0,0.0,1,0,6,14,2789,45.0,0,5,0.0,1,1.0,Revolutionary Armed Forces of Colombia (FARC)
14980,1986,1,1,0,159,3,256,1556,-11.967368,-76.978462,1.0,0,0.0,1,0,2,2,2877,159.0,0,5,0.0,1,0.0,Shining Path (SL)
24032,1990,1,8,0,155,10,306,2216,31.502407,34.459743,1.0,0,0.0,1,0,1,14,2544,155.0,0,9,1.0,0,0.0,Palestinians
75333,2016,7,6,0,228,10,45,278,12.832581,45.027071,3.0,0,0.0,1,1,3,4,427,228.0,0,6,16.0,1,0.0,Al-Qaida in the Arabian Peninsula (AQAP)
82536,2017,9,28,1,160,5,358,1997,8.866664,126.036107,1.0,0,0.0,1,0,6,4,2389,160.0,0,5,1.0,0,1.0,New People's Army (NPA)
26844,1991,3,1,0,61,2,137,880,13.99,-88.758,1.0,0,0.0,1,0,2,21,1257,61.0,0,5,23.0,1,0.0,Farabundo Marti National Liberation Front (FMLN)
58196,2014,1,21,0,4,6,301,2653,34.328977,70.407486,3.0,0,0.0,1,0,2,3,2055,4.0,0,5,4.0,1,0.0,Taliban
8491,1982,3,16,0,61,2,139,853,13.69288,-89.199161,1.0,0,0.0,1,0,2,14,1300,61.0,0,5,1.0,1,0.0,Farabundo Marti National Liberation Front (FMLN)
12624,1984,8,12,0,183,11,19,96,-26.184113,28.033232,1.0,0,0.0,1,0,3,2,186,183.0,0,6,0.0,1,0.0,African National Congress (South Africa)
65384,2015,1,26,0,92,6,119,1601,18.257257,81.298996,1.0,0,1.0,0,0,2,3,167,92.0,0,5,0.0,0,0.0,Maoists
11328,1984,1,1,0,603,8,178,1215,54.645861,-6.745149,1.0,0,0.0,1,0,3,1,1526,233.0,0,6,0.0,1,0.0,Irish Republican Army (IRA)
30872,1992,7,31,0,155,10,306,2216,31.502407,34.459743,1.0,1,1.0,1,0,1,14,2625,155.0,0,5,1.0,0,0.0,Palestinians
60430,2014,5,26,1,214,9,135,792,47.981647,37.762325,1.0,0,0.0,1,0,6,7,1205,422.0,0,5,0.0,0,1.0,Donetsk People's Republic
69404,2015,8,10,0,228,10,49,1121,13.674095,46.133053,4.0,0,0.0,1,0,1,2,1377,228.0,0,6,5.0,1,0.0,Houthi extremists (Ansar Allah)
34720,1995,10,17,0,186,6,206,1441,8.577826,81.218719,1.0,0,0.0,0,1,3,4,1805,186.0,0,6,1.0,1,0.0,Liberation Tigers of Tamil Eelam (LTTE)
17240,1987,5,14,0,145,2,393,2079,13.131923,-86.345742,3.0,0,1.0,1,0,3,21,824,145.0,0,6,0.0,1,0.0,Nicaraguan Democratic Force (FDN)
58910,2014,3,7,0,110,10,192,1260,34.221798,36.376812,1.0,1,1.0,1,0,3,17,268,110.0,0,6,0.0,0,0.0,Islamic State of Iraq and the Levant (ISIL)
68667,2015,7,5,0,147,11,102,463,11.704399,11.088539,1.0,0,0.0,1,1,3,15,842,147.0,0,6,7.0,-9,0.0,Boko Haram
37212,1999,3,2,0,209,10,191,1330,36.967762,35.258725,3.0,0,0.0,1,0,2,4,1657,209.0,0,5,1.0,0,0.0,Kurdistan Workers' Party (PKK)
49959,2011,8,13,0,160,5,1,22,6.050458,121.012245,1.0,0,0.0,0,0,3,14,72,160.0,0,6,0.0,0,0.0,Abu Sayyaf Group (ASG)
51426,2012,3,24,0,153,6,389,2752,33.640689,70.775759,1.0,0,0.0,1,0,2,4,3248,153.0,0,6,13.0,-9,0.0,Tehrik-i-Taliban Pakistan (TTP)
23154,1989,9,23,0,159,3,256,1556,-11.967368,-76.978462,1.0,0,0.0,1,0,2,10,3344,69.0,0,5,0.0,1,0.0,Tupac Amaru Revolutionary Movement (MRTA)
12764,1984,9,10,0,159,3,432,2397,-12.983333,-74.183333,2.0,0,0.0,1,0,2,14,2855,159.0,0,5,17.0,1,1.0,Shining Path (SL)
29328,1991,12,25,0,45,3,327,24,6.2675,-75.568611,4.0,0,0.0,1,0,2,1,2238,45.0,0,5,3.0,1,0.0,National Liberation Army of Colombia (ELN)
18937,1988,2,13,0,159,3,256,1556,-11.967368,-76.978462,1.0,0,0.0,1,0,3,1,410,217.0,0,6,0.0,1,0.0,Tupac Amaru Revolutionary Movement (MRTA)
25889,1990,10,3,0,61,2,154,923,13.981479,-89.555717,1.0,0,0.0,1,0,2,4,1313,61.0,0,5,0.0,1,0.0,Farabundo Marti National Liberation Front (FMLN)
27527,1991,6,12,0,159,3,256,1556,-11.967368,-76.978462,1.0,0,1.0,1,0,3,1,705,159.0,0,6,0.0,1,0.0,Tupac Amaru Revolutionary Movement (MRTA)
749,1971,10,16,0,603,8,178,1180,55.011562,-7.312045,1.0,0,0.0,1,0,1,4,1534,216.0,0,5,1.0,0,0.0,Irish Republican Army (IRA)
22248,1989,6,1,0,185,8,81,388,43.291618,-1.977903,1.0,0,0.0,1,0,3,1,706,217.0,0,6,0.0,1,0.0,Basque Fatherland and Freedom (ETA)
31805,1992,11,12,0,159,3,256,1556,-11.967368,-76.978462,1.0,0,0.0,1,0,3,1,2849,159.0,0,6,0.0,1,0.0,Shining Path (SL)
64180,2014,11,26,0,214,9,135,792,47.981647,37.762325,1.0,0,0.0,1,0,2,4,1194,214.0,0,6,2.0,1,0.0,Donetsk People's Republic
59750,2014,4,21,0,228,10,50,241,15.325443,44.211895,1.0,0,0.0,0,0,1,3,494,228.0,0,5,0.0,1,0.0,Al-Qaida in the Arabian Peninsula (AQAP)
26145,1990,11,11,0,155,10,410,2220,31.907141,35.198219,1.0,0,0.0,0,0,1,4,345,97.0,0,5,0.0,0,0.0,Palestinians
67751,2015,5,21,0,214,9,135,794,48.363186,37.891922,1.0,0,0.0,1,0,3,4,48,214.0,0,6,0.0,-9,0.0,Donetsk People's Republic
12915,1984,10,14,0,159,3,432,2404,-12.916667,-73.833333,3.0,0,0.0,1,0,2,9,2867,159.0,0,5,10.0,1,0.0,Shining Path (SL)
51020,2012,2,9,0,92,6,119,1576,18.184536,81.411415,1.0,0,0.0,1,0,3,3,2014,92.0,0,6,2.0,1,0.0,Maoists
69313,2015,8,5,0,4,6,468,24,35.804295,69.287754,4.0,0,1.0,1,0,7,15,354,4.0,0,8,0.0,1,0.0,Taliban
32377,1994,1,28,0,217,1,413,2217,41.842602,-87.681229,1.0,0,0.0,1,0,7,8,2545,217.0,0,8,0.0,1,0.0,Palestinians
28356,1991,9,10,0,43,3,250,1544,-33.366238,-70.505302,1.0,0,0.0,1,0,3,2,373,43.0,0,6,0.0,1,0.0,Manuel Rodriguez Patriotic Front (FPMR)
70274,2015,9,23,0,92,6,118,700,22.864585,85.326526,1.0,0,0.0,0,0,3,4,12,92.0,0,6,0.0,0,0.0,Communist Party of India - Maoist (CPI-Maoist)
55988,2013,7,8,0,60,10,268,1726,31.126646,33.800865,1.0,0,0.0,1,0,2,4,2151,60.0,0,9,0.0,0,0.0,Muslim extremists
26946,1991,3,23,0,92,6,318,2475,30.898024,75.860077,1.0,1,0.0,0,0,1,2,3012,92.0,0,6,0.0,0,0.0,Sikh Extremists
10922,1983,10,6,0,603,8,178,1213,54.328629,-5.716669,1.0,0,0.0,1,0,2,3,1520,233.0,0,5,2.0,1,0.0,Irish Republican Army (IRA)
11830,1984,3,18,0,145,2,393,2083,13.37984,-86.48075,1.0,0,0.0,1,0,2,4,1239,145.0,0,5,12.0,1,0.0,Nicaraguan Democratic Force (FDN)
41699,2004,12,3,0,185,8,84,390,40.465595,-3.696263,1.0,0,1.0,1,0,3,1,679,185.0,0,6,0.0,1,0.0,Basque Fatherland and Freedom (ETA)
43302,2006,9,12,0,209,10,218,1342,38.750384,40.554192,1.0,0,0.0,1,0,3,19,1662,209.0,0,6,0.0,1,0.0,Kurdistan Workers' Party (PKK)
47465,2009,12,26,0,45,3,327,1866,7.661469,-75.330292,1.0,0,0.0,0,0,3,14,2784,45.0,0,6,0.0,0,0.0,Revolutionary Armed Forces of Colombia (FARC)
80163,2017,5,7,0,95,10,35,180,35.45211,44.375465,1.0,0,0.0,1,1,3,4,1604,95.0,0,6,7.0,-9,0.0,Islamic State of Iraq and the Levant (ISIL)
73812,2016,4,12,0,153,6,484,2760,34.794618,72.36441,1.0,0,0.0,1,0,1,3,3260,153.0,0,5,1.0,0,0.0,Tehrik-i-Taliban Pakistan (TTP)
34291,1995,5,28,0,45,3,342,2331,4.21557,-73.81502,1.0,0,0.0,1,0,2,19,2766,45.0,0,5,2.0,1,1.0,Revolutionary Armed Forces of Colombia (FARC)
51275,2012,3,6,0,228,10,51,246,14.536389,46.833056,1.0,0,0.0,1,0,2,4,20,228.0,0,5,1.0,0,0.0,Al-Qaida in the Arabian Peninsula (AQAP)
50335,2011,11,8,0,160,5,1,42,6.021834,121.16568,1.0,0,0.0,1,0,3,2,58,160.0,0,6,0.0,-9,0.0,Abu Sayyaf Group (ASG)
76416,2016,9,13,0,153,6,486,2709,28.000466,68.728471,1.0,0,1.0,1,1,3,15,3226,153.0,0,6,1.0,-9,0.0,Tehrik-i-Taliban Pakistan (TTP)
26039,1990,10,24,0,159,3,430,2442,-12.068306,-75.210163,1.0,0,0.0,1,0,1,4,2929,159.0,0,5,1.0,0,0.0,Shining Path (SL)
71827,2015,12,21,0,104,11,62,303,2.809093,40.927444,1.0,0,0.0,1,0,2,19,56,104.0,0,5,3.0,0,0.0,Al-Shabaab
28055,1991,8,5,0,92,6,318,2483,31.8186,75.2028,1.0,1,0.0,1,0,2,3,412,92.0,0,5,3.0,1,0.0,Sikh Extremists
74814,2016,6,7,0,153,6,389,2739,34.595433,71.261751,2.0,0,0.0,0,0,1,17,3237,153.0,0,6,1.0,1,0.0,Tehrik-i-Taliban Pakistan (TTP)
35579,1996,8,19,0,209,10,234,1399,39.74887,37.016499,1.0,0,0.0,1,0,2,14,1709,209.0,0,5,3.0,1,0.0,Kurdistan Workers' Party (PKK)
61337,2014,7,7,0,228,10,173,1125,15.664708,43.943921,1.0,0,0.0,1,0,3,14,1385,228.0,0,6,1.0,1,0.0,Houthi extremists (Ansar Allah)
78500,2017,1,15,0,228,10,49,240,13.883333,45.866667,3.0,0,0.0,1,0,2,17,20,228.0,0,5,4.0,0,0.0,Al-Qaida in the Arabian Peninsula (AQAP)
72073,2016,1,3,0,182,11,78,357,4.649988,46.544292,2.0,0,1.0,1,0,2,14,612,182.0,0,5,1.0,0,0.0,Al-Shabaab
5660,1979,10,4,0,185,8,89,404,42.815372,-1.653616,1.0,0,0.0,1,0,3,10,691,185.0,0,6,0.0,1,0.0,Basque Fatherland and Freedom (ETA)
27996,1991,7,31,0,61,2,148,871,13.516667,-88.383333,1.0,0,0.0,1,0,2,4,1265,61.0,0,5,0.0,1,0.0,Farabundo Marti National Liberation Front (FMLN)
73853,2016,4,14,0,160,5,0,5,6.660501,122.138992,1.0,0,0.0,1,0,3,3,84,160.0,0,6,0.0,0,0.0,Abu Sayyaf Group (ASG)
67827,2015,5,24,0,214,9,135,837,47.206062,37.751823,1.0,1,0.0,1,0,2,4,1191,214.0,0,5,0.0,-9,0.0,Donetsk People's Republic
78715,2017,1,30,0,160,5,373,1978,9.420658,125.620484,2.0,0,1.0,1,0,3,4,48,160.0,0,6,0.0,1,0.0,New People's Army (NPA)
65922,2015,2,18,0,228,10,45,236,12.825647,44.846416,1.0,0,0.0,1,0,1,4,510,228.0,0,5,1.0,-9,0.0,Al-Qaida in the Arabian Peninsula (AQAP)
50623,2011,12,10,0,147,11,111,494,5.900002,5.666517,1.0,0,0.0,1,0,3,15,860,147.0,0,6,0.0,1,0.0,Boko Haram
66671,2015,3,31,0,4,6,454,2566,35.838223,66.234833,1.0,0,0.0,1,0,1,14,3110,4.0,0,5,2.0,0,0.0,Taliban
74400,2016,5,14,0,160,5,349,1996,10.716471,123.516044,2.0,0,0.0,1,0,2,4,2388,160.0,0,5,3.0,-9,0.0,New People's Army (NPA)
17529,1987,6,30,0,209,10,213,1346,37.170607,40.39375,1.0,0,0.0,1,0,7,1,112,209.0,0,5,1.0,1,0.0,Kurdistan Workers' Party (PKK)
56065,2013,7,17,0,45,3,326,2295,2.47611,-78.1169,3.0,0,0.0,1,0,3,3,175,45.0,0,6,0.0,1,0.0,Revolutionary Armed Forces of Colombia (FARC)
9124,1982,9,1,0,159,3,256,1556,-11.967368,-76.978462,1.0,0,0.0,1,0,3,21,2488,159.0,0,6,1.0,1,0.0,Shining Path (SL)
29279,1991,12,19,0,155,10,410,2211,32.222271,35.253506,1.0,0,0.0,1,0,2,19,2615,97.0,0,8,0.0,1,0.0,Palestinians
20383,1988,9,28,0,183,11,25,116,-33.951,18.554,1.0,0,0.0,1,0,3,2,254,183.0,0,6,0.0,1,0.0,African National Congress (South Africa)
27183,1991,4,29,0,159,3,256,1556,-11.967368,-76.978462,1.0,0,1.0,1,0,3,1,1525,159.0,0,6,0.0,1,0.0,Tupac Amaru Revolutionary Movement (MRTA)
63407,2014,10,14,0,4,6,462,2576,33.967929,68.949888,3.0,0,0.0,1,0,2,3,172,4.0,0,5,6.0,-9,0.0,Taliban
14513,1985,9,17,0,145,2,396,2084,11.76115,-85.893944,1.0,0,0.0,1,0,2,4,412,145.0,0,5,0.0,1,0.0,Nicaraguan Democratic Force (FDN)
57344,2013,11,7,0,92,6,118,630,23.805921,86.415512,3.0,0,0.0,1,0,7,1,950,92.0,0,8,0.0,1,0.0,Communist Party of India - Maoist (CPI-Maoist)
81110,2017,6,26,0,228,10,57,279,13.586484,44.024105,1.0,0,0.0,1,0,3,14,1200,228.0,0,6,1.0,-9,0.0,Houthi extremists (Ansar Allah)
71732,2015,12,15,0,228,10,57,1129,13.548424,44.052176,3.0,0,0.0,1,0,3,4,48,228.0,0,6,0.0,-9,0.0,Houthi extremists (Ansar Allah)
64362,2014,12,6,0,228,10,50,241,15.325443,44.211895,1.0,0,0.0,1,0,2,14,1405,228.0,0,5,3.0,-9,0.0,Houthi extremists (Ansar Allah)
46903,2009,7,29,0,153,6,485,2736,34.793956,72.775814,3.0,0,0.0,1,0,1,14,3232,153.0,0,5,3.0,1,0.0,Tehrik-i-Taliban Pakistan (TTP)
47517,2010,1,19,1,153,6,485,2749,34.396497,72.615832,3.0,0,0.0,1,0,6,2,3245,153.0,0,5,2.0,-9,1.0,Tehrik-i-Taliban Pakistan (TTP)
34905,1995,12,27,1,160,5,3,9,10.338213,123.942398,1.0,0,0.0,1,0,6,14,10,160.0,0,5,0.0,0,1.0,Abu Sayyaf Group (ASG)
18946,1988,2,14,0,159,3,256,1556,-11.967368,-76.978462,1.0,0,0.0,1,0,3,1,3386,159.0,0,6,0.0,1,0.0,Tupac Amaru Revolutionary Movement (MRTA)
66393,2015,3,16,0,214,9,135,793,47.098835,37.81987,1.0,1,1.0,1,0,2,4,48,214.0,0,6,0.0,0,0.0,Donetsk People's Republic
15063,1986,1,20,0,159,3,256,1556,-11.967368,-76.978462,1.0,0,1.0,1,0,3,1,3349,159.0,0,6,0.0,1,0.0,Tupac Amaru Revolutionary Movement (MRTA)
26149,1990,11,12,0,160,5,347,1940,15.602634,121.051438,1.0,0,0.0,1,0,2,2,2347,160.0,0,5,3.0,1,0.0,New People's Army (NPA)
59835,2014,4,27,1,214,9,135,813,48.327225,38.025673,1.0,0,0.0,1,0,6,2,268,214.0,0,9,1.0,0,1.0,Donetsk People's Republic
10676,1983,8,9,0,61,2,137,870,13.85077,-88.90406,1.0,0,0.0,1,0,2,4,1249,61.0,0,5,5.0,1,0.0,Farabundo Marti National Liberation Front (FMLN)
15032,1986,1,16,0,159,3,256,1556,-11.967368,-76.978462,1.0,0,0.0,1,0,5,10,3355,159.0,0,5,0.0,1,1.0,Tupac Amaru Revolutionary Movement (MRTA)
8483,1982,3,15,0,61,2,139,853,13.69288,-89.199161,1.0,0,0.0,1,0,3,4,1298,61.0,0,5,1.0,1,0.0,Farabundo Marti National Liberation Front (FMLN)
46142,2009,2,16,0,92,6,121,666,19.191222,84.185712,3.0,0,0.0,1,0,3,3,988,92.0,0,6,0.0,-9,0.0,Communist Party of India - Maoist (CPI-Maoist)
10661,1983,8,7,0,61,2,143,863,13.703735,-88.804566,1.0,0,0.0,1,0,2,4,1249,61.0,0,5,1.0,1,0.0,Farabundo Marti National Liberation Front (FMLN)
67100,2015,4,24,0,153,6,484,2708,34.006004,71.53743,1.0,0,0.0,1,0,3,3,12,153.0,0,6,1.0,1,0.0,Tehrik-i-Taliban Pakistan (TTP)
51331,2012,3,13,0,92,6,118,1582,23.91925,84.291076,2.0,0,0.0,1,0,3,3,409,92.0,0,6,0.0,1,0.0,Maoists
79039,2017,2,19,1,160,5,2,3,6.102634,118.446977,1.0,1,0.0,1,0,4,11,3,223.0,0,5,4.0,0,1.0,Abu Sayyaf Group (ASG)
28170,1991,8,16,0,98,8,85,393,41.890961,12.490069,1.0,0,0.0,1,0,3,7,684,185.0,0,6,0.0,1,0.0,Basque Fatherland and Freedom (ETA)
63977,2014,11,13,0,4,6,461,2589,31.979603,67.05043,1.0,0,0.0,0,0,1,14,3123,4.0,0,5,0.0,0,0.0,Taliban
72720,2016,2,7,0,147,11,155,1013,7.296636,9.250712,2.0,0,1.0,1,0,2,14,27,147.0,0,5,4.0,1,0.0,Fulani extremists
20061,1988,7,29,0,183,11,19,107,-26.103533,28.097631,1.0,0,0.0,1,0,3,1,203,183.0,0,6,0.0,1,0.0,African National Congress (South Africa)
70425,2015,10,3,0,182,11,69,346,4.210529,45.56049,1.0,0,0.0,1,0,3,4,48,182.0,0,6,1.0,-9,0.0,Al-Shabaab
67175,2015,4,26,0,147,11,155,1010,7.908288,8.793912,2.0,0,1.0,1,0,2,14,27,147.0,0,5,3.0,0,0.0,Fulani extremists
62845,2014,9,17,0,147,11,104,959,10.470701,7.779848,2.0,0,1.0,1,0,2,14,27,147.0,0,5,30.0,1,0.0,Fulani extremists
77379,2016,11,4,0,147,11,100,482,13.674846,13.338515,1.0,0,0.0,1,0,2,4,851,147.0,0,5,15.0,0,0.0,Boko Haram
22766,1989,8,20,0,43,3,250,1544,-33.366238,-70.505302,1.0,0,0.0,1,0,2,4,1949,43.0,0,5,2.0,1,0.0,Manuel Rodriguez Patriotic Front (FPMR)
46737,2009,6,23,0,92,6,117,699,24.730152,84.953731,1.0,0,0.0,1,0,3,16,1031,92.0,0,6,0.0,1,0.0,Communist Party of India - Maoist (CPI-Maoist)
75518,2016,7,18,0,147,11,110,1052,9.235087,9.716734,2.0,0,0.0,1,0,1,14,1358,147.0,0,5,3.0,1,0.0,Fulani extremists
82737,2017,10,13,0,147,11,103,499,7.561418,6.242905,1.0,0,0.0,1,0,2,3,12,147.0,0,5,3.0,0,0.0,Boko Haram
10204,1983,5,18,0,61,2,147,872,13.805691,-88.145787,1.0,0,0.0,1,0,2,4,1249,61.0,0,5,1.0,1,0.0,Farabundo Marti National Liberation Front (FMLN)
14823,1985,11,26,0,183,11,26,130,-23.00124,29.768678,1.0,0,0.0,0,0,3,1,263,183.0,0,6,0.0,1,0.0,African National Congress (South Africa)
44082,2007,8,17,0,4,6,299,2640,33.5,70.05,1.0,0,0.0,1,0,2,3,807,4.0,0,5,1.0,0,0.0,Taliban
20345,1988,9,20,0,45,3,343,2296,3.40001,-76.23336,2.0,0,0.0,1,0,2,3,2725,45.0,0,5,0.0,1,0.0,Revolutionary Armed Forces of Colombia (FARC)
47751,2010,3,18,0,92,6,124,681,18.302432,80.551997,1.0,0,0.0,1,0,2,14,1007,92.0,0,5,1.0,-9,0.0,Communist Party of India - Maoist (CPI-Maoist)
41782,2005,1,19,0,69,8,126,753,42.699997,9.447317,1.0,0,0.0,1,0,3,1,1090,69.0,0,6,0.0,1,0.0,Corsican National Liberation Front (FLNC)
40559,2003,1,16,0,45,3,327,1825,6.242026,-75.564766,1.0,0,0.0,1,0,3,2,2727,45.0,0,6,6.0,1,0.0,Revolutionary Armed Forces of Colombia (FARC)
60442,2014,5,26,0,147,11,102,465,11.247069,12.01246,1.0,0,1.0,1,0,2,14,857,147.0,0,5,3.0,1,0.0,Boko Haram
51716,2012,4,19,0,95,10,31,183,33.593056,44.501111,1.0,0,1.0,1,0,3,14,13,95.0,0,6,0.0,1,0.0,Al-Qaida in Iraq
53395,2012,9,30,0,95,10,38,191,32.533287,45.829453,1.0,0,1.0,1,1,3,3,20,95.0,0,6,6.0,1,0.0,Al-Qaida in Iraq
49686,2011,5,25,0,92,6,118,587,24.128611,84.185712,3.0,0,0.0,1,0,7,1,910,92.0,0,8,0.0,1,0.0,Communist Party of India - Maoist (CPI-Maoist)
57423,2013,11,14,0,113,10,283,1738,32.069286,20.151144,1.0,0,0.0,1,0,2,2,2157,113.0,0,5,1.0,0,0.0,Muslim extremists
56724,2013,9,9,0,228,10,45,236,12.83672,44.922062,1.0,0,0.0,0,0,3,2,464,228.0,0,6,0.0,0,0.0,Al-Qaida in the Arabian Peninsula (AQAP)
77288,2016,10,29,0,147,11,103,467,7.78811,6.729729,1.0,0,0.0,1,0,1,14,1354,147.0,0,5,1.0,1,0.0,Fulani extremists
63475,2014,10,16,0,228,10,44,235,13.966953,44.002258,1.0,0,1.0,1,0,7,2,251,228.0,0,8,1.0,1,0.0,Al-Qaida in the Arabian Peninsula (AQAP)
25891,1990,10,3,0,97,10,412,2215,31.771599,35.2034,1.0,0,0.0,1,0,3,4,412,97.0,0,6,0.0,1,0.0,Palestinians
17768,1987,7,30,0,183,11,19,96,-26.184113,28.033232,1.0,0,0.0,1,0,3,4,198,183.0,0,6,1.0,1,0.0,African National Congress (South Africa)
64675,2014,12,24,1,160,5,355,1936,7.308998,125.685896,1.0,0,0.0,1,0,6,3,2342,160.0,0,5,0.0,0,1.0,New People's Army (NPA)
26075,1990,10,30,0,155,10,410,2211,32.222271,35.253506,1.0,0,0.0,0,0,1,1,2551,97.0,0,9,1.0,0,0.0,Palestinians
63777,2014,11,2,0,147,11,156,964,8.75392,7.964677,1.0,0,1.0,1,0,7,14,27,147.0,0,8,2.0,1,0.0,Fulani extremists
38496,2000,10,12,1,59,3,425,2311,-0.879091,-76.085601,4.0,0,0.0,1,0,6,1,2741,999.0,0,5,0.0,0,1.0,Revolutionary Armed Forces of Colombia (FARC)
79531,2017,3,23,0,95,10,35,1240,35.015846,43.722516,3.0,0,0.0,1,0,3,14,13,95.0,0,6,5.0,0,0.0,Islamic State of Iraq and the Levant (ISIL)
33149,1994,6,17,0,45,3,327,1825,6.242026,-75.564766,1.0,0,1.0,1,0,3,1,2217,45.0,0,6,0.0,1,0.0,National Liberation Army of Colombia (ELN)
73478,2016,3,20,0,160,5,0,57,6.482311,121.96159,2.0,0,0.0,1,0,3,14,99,160.0,0,6,0.0,0,0.0,Abu Sayyaf Group (ASG)
19013,1988,2,21,0,159,3,256,1556,-11.967368,-76.978462,1.0,0,0.0,1,0,3,1,1927,159.0,0,6,0.0,1,0.0,Manuel Rodriguez Patriotic Front (FPMR)
14852,1985,12,2,0,43,3,250,1544,-33.366238,-70.505302,1.0,0,0.0,1,0,3,4,1889,43.0,0,6,0.0,1,0.0,Manuel Rodriguez Patriotic Front (FPMR)
26315,1990,12,11,0,159,3,435,2406,-13.531688,-71.966924,1.0,0,0.0,1,0,1,2,2872,159.0,0,5,1.0,0,0.0,Shining Path (SL)
17256,1987,5,17,0,61,2,139,860,13.69288,-89.199161,1.0,0,0.0,1,0,1,4,1243,61.0,0,5,1.0,0,0.0,Farabundo Marti National Liberation Front (FMLN)
53304,2012,9,19,0,153,6,484,2708,34.006004,71.53743,1.0,0,0.0,1,0,3,4,639,153.0,0,6,8.0,1,0.0,Tehrik-i-Taliban Pakistan (TTP)
26142,1990,11,10,0,92,6,318,2482,30.210994,74.945474,1.0,0,0.0,1,0,1,14,2985,92.0,0,5,2.0,0,0.0,Sikh Extremists
12322,1984,6,11,0,43,3,250,1544,-33.366238,-70.505302,1.0,0,0.0,1,0,3,21,1948,43.0,0,6,1.0,1,0.0,Manuel Rodriguez Patriotic Front (FPMR)
51138,2012,2,23,0,95,10,31,181,33.100529,44.584492,1.0,0,1.0,1,0,3,3,85,95.0,0,6,0.0,0,0.0,Al-Qaida in Iraq
73474,2016,3,20,0,228,10,57,279,13.586484,44.024105,1.0,0,1.0,1,0,3,14,1200,228.0,0,6,13.0,-9,0.0,Houthi extremists (Ansar Allah)
74768,2016,6,5,0,228,10,57,279,13.586484,44.024105,1.0,0,0.0,1,0,3,14,844,228.0,0,6,0.0,-9,0.0,Houthi extremists (Ansar Allah)
53662,2012,10,27,0,95,10,33,192,34.881348,44.62513,1.0,0,0.0,1,0,3,15,348,95.0,0,6,0.0,0,0.0,Al-Qaida in Iraq
71376,2015,11,23,0,92,6,122,1571,20.883056,83.336111,1.0,0,0.0,1,0,1,2,2011,92.0,0,5,1.0,0,1.0,Maoists
61933,2014,7,29,0,214,9,135,792,47.981647,37.762325,1.0,0,0.0,1,0,3,14,1199,214.0,0,6,1.0,1,0.0,Donetsk People's Republic
24259,1990,2,15,0,159,3,256,1556,-11.967368,-76.978462,1.0,0,0.0,1,0,3,7,181,156.0,0,6,0.0,1,0.0,Tupac Amaru Revolutionary Movement (MRTA)
12795,1984,9,18,0,69,8,17,91,48.856644,2.34233,1.0,0,0.0,1,0,3,15,1162,69.0,0,6,0.0,1,0.0,Corsican National Liberation Front (FLNC)
67059,2015,4,21,0,214,9,135,794,48.363186,37.891922,1.0,1,0.0,1,0,2,4,48,214.0,0,6,0.0,-9,0.0,Donetsk People's Republic
72143,2016,1,7,0,92,6,119,1581,17.812075,81.383041,1.0,0,0.0,1,0,2,14,2018,92.0,0,9,1.0,0,0.0,Maoists
18341,1987,10,29,0,69,8,126,758,42.6042,8.929852,1.0,0,1.0,1,0,3,14,1100,21.0,0,6,0.0,1,0.0,Corsican National Liberation Front (FLNC)
14541,1985,9,24,0,145,2,405,2119,12.34294,-83.67123,1.0,0,0.0,1,0,3,14,2483,145.0,0,5,0.0,1,0.0,Nicaraguan Democratic Force (FDN)
24737,1990,4,16,0,209,10,213,1358,37.322219,40.728335,1.0,0,0.0,1,0,3,19,398,209.0,0,6,3.0,1,0.0,Kurdistan Workers' Party (PKK)
26129,1990,11,9,0,155,10,306,2221,31.346964,34.30143,1.0,0,0.0,1,0,1,14,2579,155.0,0,9,1.0,0,0.0,Palestinians
53394,2012,9,30,0,95,10,30,177,33.303566,44.371773,1.0,0,1.0,1,1,3,3,396,95.0,0,6,2.0,1,0.0,Al-Qaida in Iraq
63740,2014,11,1,1,228,10,53,257,14.030833,43.627778,3.0,0,0.0,1,0,6,4,373,228.0,0,5,16.0,1,1.0,Al-Qaida in the Arabian Peninsula (AQAP)
56596,2013,8,28,0,95,10,30,177,33.303566,44.371773,1.0,0,1.0,1,0,3,14,13,95.0,0,6,3.0,0,0.0,Islamic State of Iraq and the Levant (ISIL)
64763,2014,12,30,0,4,6,458,2570,32.626487,65.450773,3.0,0,0.0,1,0,2,3,85,4.0,0,5,3.0,0,0.0,Taliban
6243,1980,2,16,0,185,8,81,388,43.291618,-1.977903,1.0,0,0.0,1,0,1,1,693,185.0,0,5,1.0,0,0.0,Basque Fatherland and Freedom (ETA)
25624,1990,8,14,0,209,10,220,1349,40.001744,42.3441,1.0,0,0.0,1,0,2,4,1667,209.0,0,5,4.0,1,0.0,Kurdistan Workers' Party (PKK)
20510,1988,10,15,0,186,6,206,1477,7.482869,81.76503,1.0,0,0.0,1,0,3,4,1444,92.0,0,6,5.0,1,0.0,Liberation Tigers of Tamil Eelam (LTTE)
66257,2015,3,10,0,228,10,47,238,15.959517,48.331755,3.0,0,0.0,1,0,2,2,523,228.0,0,5,1.0,0,0.0,Al-Qaida in the Arabian Peninsula (AQAP)
33155,1994,6,17,0,45,3,327,1825,6.242026,-75.564766,1.0,0,1.0,1,0,3,1,2217,45.0,0,6,0.0,1,0.0,National Liberation Army of Colombia (ELN)
12307,1984,6,6,0,145,2,391,2157,13.54204,-85.53942,1.0,0,0.0,1,0,2,4,2508,145.0,0,5,0.0,1,0.0,Nicaraguan Democratic Force (FDN)
19198,1988,3,21,0,603,8,178,1180,55.011562,-7.312045,1.0,0,0.0,1,0,1,3,1529,233.0,0,5,1.0,0,0.0,Irish Republican Army (IRA)
23982,1989,12,29,0,43,3,250,1544,-33.366238,-70.505302,1.0,0,0.0,1,0,3,15,1958,43.0,0,6,0.0,1,0.0,Manuel Rodriguez Patriotic Front (FPMR)
35322,1996,5,20,0,185,8,82,384,37.884727,-4.779152,1.0,0,1.0,0,0,3,3,660,185.0,0,6,0.0,1,0.0,Basque Fatherland and Freedom (ETA)
23378,1989,10,10,0,159,3,434,2395,-14.220983,-69.153823,3.0,0,0.0,1,0,2,1,2851,159.0,0,5,0.0,1,0.0,Shining Path (SL)
61284,2014,7,5,0,147,11,158,1050,7.853282,10.963859,3.0,0,1.0,1,0,2,14,27,147.0,0,5,7.0,1,0.0,Fulani extremists
39403,2001,8,23,0,45,3,327,1825,6.242026,-75.564766,1.0,0,1.0,1,0,3,1,2229,45.0,0,6,0.0,1,0.0,National Liberation Army of Colombia (ELN)
4391,1978,10,14,0,185,8,81,382,43.258434,-2.921819,1.0,0,0.0,1,0,1,3,658,185.0,0,5,2.0,0,0.0,Basque Fatherland and Freedom (ETA)
55588,2013,5,28,0,228,10,169,1155,16.887823,43.442872,3.0,0,0.0,1,0,7,1,1415,228.0,0,5,0.0,-9,0.0,Houthi extremists (Ansar Allah)
26283,1990,12,6,0,69,8,126,753,42.699997,9.447317,1.0,0,0.0,1,0,3,1,1119,69.0,0,6,0.0,1,0.0,Corsican National Liberation Front (FLNC)
65730,2015,2,10,0,214,9,135,808,48.730804,37.574596,1.0,0,1.0,1,0,3,4,373,214.0,0,6,4.0,1,0.0,Donetsk People's Republic
15426,1986,4,3,0,159,3,256,1556,-11.967368,-76.978462,1.0,0,1.0,1,0,3,2,3337,159.0,0,6,1.0,1,0.0,Tupac Amaru Revolutionary Movement (MRTA)
80862,2017,6,13,0,160,5,204,1299,8.000721,124.293111,1.0,0,0.0,0,0,2,3,85,160.0,0,5,0.0,0,0.0,Islamic State of Iraq and the Levant (ISIL)
81616,2017,7,25,0,209,10,219,1343,37.922218,40.184376,1.0,0,0.0,1,0,2,3,1663,209.0,0,6,0.0,0,0.0,Kurdistan Workers' Party (PKK)
64042,2014,11,17,0,160,5,0,38,6.643853,122.156371,1.0,0,0.0,0,0,3,8,51,160.0,0,6,0.0,0,0.0,Abu Sayyaf Group (ASG)
54158,2013,1,2,0,209,10,210,1334,37.33083,42.184602,1.0,0,0.0,1,0,3,8,1687,209.0,0,6,0.0,1,0.0,Kurdistan Workers' Party (PKK)
40470,2002,12,1,0,92,6,269,24,33.778175,76.576171,4.0,0,0.0,1,0,2,4,2159,92.0,0,5,10.0,0,0.0,Muslim extremists
13986,1985,6,6,0,145,2,391,2162,13.130707,-85.971684,3.0,1,1.0,1,0,2,1,2509,145.0,0,5,0.0,1,0.0,Nicaraguan Democratic Force (FDN)
55099,2013,4,11,0,153,6,486,2780,25.389288,68.357338,1.0,0,0.0,1,0,1,22,3288,153.0,0,5,1.0,0,0.0,Tehrik-i-Taliban Pakistan (TTP)
16512,1986,12,15,0,183,11,21,119,-25.785669,31.051162,1.0,1,0.0,1,0,3,3,222,183.0,0,6,0.0,1,0.0,African National Congress (South Africa)
28065,1991,8,7,0,155,10,410,2211,32.222271,35.253506,1.0,0,0.0,1,0,8,3,409,97.0,0,2,0.0,1,0.0,Palestinians
4869,1979,3,23,0,603,8,178,24,54.787715,-6.492314,4.0,0,1.0,1,0,7,2,1531,233.0,0,8,1.0,1,0.0,Irish Republican Army (IRA)
17587,1987,7,9,0,92,6,318,2488,31.633078,74.878288,1.0,0,0.0,1,0,1,2,3058,92.0,0,5,6.0,0,0.0,Sikh Extremists
61097,2014,6,26,0,228,10,47,254,15.964205,48.78252,1.0,0,1.0,1,0,2,1,489,228.0,0,8,9.0,1,0.0,Al-Qaida in the Arabian Peninsula (AQAP)
67411,2015,5,6,0,200,10,194,1270,36.503593,40.740627,1.0,0,1.0,1,1,3,3,427,200.0,0,6,24.0,-9,0.0,Islamic State of Iraq and the Levant (ISIL)
55955,2013,7,5,0,60,10,268,1716,31.212225,34.117065,1.0,0,1.0,1,0,2,4,20,60.0,0,6,1.0,0,0.0,Muslim extremists
51911,2012,5,9,0,228,10,49,255,13.129726,45.385571,1.0,1,0.0,1,0,2,4,461,228.0,0,5,6.0,-9,0.0,Al-Qaida in the Arabian Peninsula (AQAP)
53248,2012,9,9,0,69,8,126,750,41.930607,8.742907,1.0,0,1.0,1,0,3,1,1119,238.0,0,6,0.0,1,0.0,Corsican National Liberation Front (FLNC)
75328,2016,7,5,0,228,10,48,285,15.45639,45.324871,1.0,0,1.0,1,0,3,14,602,228.0,0,6,0.0,1,0.0,Houthi extremists (Ansar Allah)
74646,2016,5,29,0,123,11,272,1748,14.524647,-4.095559,1.0,1,0.0,1,0,3,7,162,422.0,0,6,5.0,0,0.0,Muslim extremists
40456,2002,11,25,1,45,3,327,24,7.198606,-75.341218,4.0,0,0.0,1,0,6,2,2708,45.0,0,5,0.0,0,1.0,Revolutionary Armed Forces of Colombia (FARC)
21664,1989,3,12,0,43,3,257,1558,-19.204722,-68.901111,3.0,0,0.0,1,0,3,21,1238,43.0,0,6,0.0,1,0.0,Manuel Rodriguez Patriotic Front (FPMR)
59457,2014,4,7,0,95,10,35,219,35.252529,43.906586,1.0,0,1.0,0,0,1,14,1615,95.0,0,6,0.0,1,0.0,Islamic State of Iraq and the Levant (ISIL)
51821,2012,5,1,0,228,10,47,254,15.941039,48.780092,1.0,0,0.0,1,0,2,1,52,69.0,0,5,2.0,1,0.0,Al-Qaida in the Arabian Peninsula (AQAP)
74622,2016,5,27,0,146,11,108,487,13.695975,13.322427,1.0,1,0.0,1,0,2,4,48,146.0,0,6,10.0,0,0.0,Boko Haram
11270,1983,12,16,0,145,2,392,2110,13.759041,-86.017217,1.0,0,0.0,1,0,2,4,1245,145.0,0,5,3.0,1,0.0,Nicaraguan Democratic Force (FDN)
30055,1992,4,4,0,92,6,269,2520,34.526179,74.254614,1.0,0,0.0,1,0,6,3,3034,92.0,0,5,0.0,0,1.0,Sikh Extremists
6357,1980,3,11,0,97,10,242,2251,32.9,35.33333,3.0,1,0.0,1,0,2,17,2617,97.0,0,5,0.0,1,0.0,Palestinians
45141,2008,6,28,1,4,6,462,2648,34.208849,69.143413,2.0,0,0.0,1,0,6,3,3161,4.0,0,9,2.0,0,1.0,Taliban
70736,2015,10,17,0,92,6,125,1568,19.29994,80.703422,1.0,0,0.0,1,0,2,3,2009,92.0,0,5,1.0,0,0.0,Maoists
8386,1982,2,12,0,69,8,128,755,43.296482,5.36978,1.0,0,0.0,1,0,3,14,1123,69.0,0,6,0.0,1,0.0,Corsican National Liberation Front (FLNC)
66149,2015,3,3,0,214,9,135,795,48.143208,37.753361,1.0,0,0.0,1,0,2,4,48,214.0,0,6,0.0,0,0.0,Donetsk People's Republic
8188,1981,11,19,0,88,2,150,892,14.060287,-88.695229,1.0,0,0.0,1,0,2,4,1249,88.0,0,5,2.0,1,0.0,Farabundo Marti National Liberation Front (FMLN)
17524,1987,6,29,0,43,3,255,1555,-35.43058,-71.65762,1.0,0,1.0,1,0,3,2,1937,43.0,0,6,0.0,1,0.0,Manuel Rodriguez Patriotic Front (FPMR)
31870,1992,11,20,0,159,3,256,1556,-11.967368,-76.978462,1.0,0,0.0,1,0,3,2,3399,159.0,0,6,0.0,1,0.0,Tupac Amaru Revolutionary Movement (MRTA)
60052,2014,5,9,1,228,10,50,241,15.325443,44.211895,1.0,0,0.0,1,0,6,4,20,228.0,0,5,8.0,-9,1.0,Al-Qaida in the Arabian Peninsula (AQAP)
48959,2010,11,24,0,228,10,54,24,16.249994,45.478097,4.0,0,0.0,1,1,3,15,472,228.0,0,6,16.0,1,0.0,Al-Qaida in the Arabian Peninsula (AQAP)
30978,1992,8,13,0,155,10,306,2221,31.346964,34.30143,1.0,0,0.0,0,0,1,14,2549,155.0,0,5,0.0,0,0.0,Palestinians
19309,1988,4,12,0,43,3,250,1544,-33.366238,-70.505302,1.0,0,0.0,1,0,1,3,1946,43.0,0,5,1.0,0,0.0,Manuel Rodriguez Patriotic Front (FPMR)
32536,1994,2,26,0,159,3,430,2819,-11.057148,-75.061115,3.0,0,0.0,1,0,3,1,3371,159.0,0,5,1.0,1,0.0,Tupac Amaru Revolutionary Movement (MRTA)
59275,2014,3,28,0,182,11,61,314,1.730877,44.625446,1.0,1,0.0,1,0,3,4,566,182.0,0,6,11.0,1,0.0,Al-Shabaab
62399,2014,8,23,0,228,10,47,254,15.9486,48.750902,2.0,0,0.0,1,0,3,4,162,228.0,0,6,3.0,1,0.0,Al-Qaida in the Arabian Peninsula (AQAP)
19954,1988,7,16,0,159,3,256,1556,-11.967368,-76.978462,1.0,0,0.0,1,0,3,2,3415,159.0,0,6,0.0,1,0.0,Tupac Amaru Revolutionary Movement (MRTA)
20381,1988,9,28,0,183,11,25,140,-34.057188,18.865482,1.0,0,0.0,1,0,3,2,254,183.0,0,6,0.0,1,0.0,African National Congress (South Africa)
11993,1984,4,14,0,92,6,318,2488,31.633078,74.878288,1.0,0,0.0,1,0,1,17,3045,92.0,0,5,1.0,0,0.0,Sikh Extremists
11287,1983,12,20,0,145,2,392,2174,13.853697,-85.593154,3.0,1,0.0,1,0,2,1,2518,145.0,0,5,47.0,1,0.0,Nicaraguan Democratic Force (FDN)
51068,2012,2,16,0,182,11,63,304,2.059819,45.326115,1.0,0,1.0,1,0,2,2,576,182.0,0,5,0.0,-9,0.0,Al-Shabaab
15150,1986,2,4,0,159,3,256,1556,-11.967368,-76.978462,1.0,0,1.0,1,0,3,1,705,159.0,0,6,0.0,1,0.0,Tupac Amaru Revolutionary Movement (MRTA)
11783,1984,3,16,0,61,2,148,893,13.558889,-88.43,1.0,0,0.0,1,0,2,4,1274,61.0,0,5,1.0,1,0.0,Farabundo Marti National Liberation Front (FMLN)
38154,2000,6,14,0,186,6,241,1475,6.978143,79.889327,1.0,0,0.0,0,1,3,4,1789,186.0,0,6,3.0,-9,0.0,Liberation Tigers of Tamil Eelam (LTTE)
24440,1990,3,16,0,45,3,341,2351,3.173882,-76.259454,3.0,0,0.0,1,0,2,4,412,45.0,0,5,3.0,1,0.0,Revolutionary Armed Forces of Colombia (FARC)
18036,1987,9,12,0,43,3,250,1544,-33.366238,-70.505302,1.0,0,0.0,1,0,3,3,683,43.0,0,6,1.0,1,0.0,Manuel Rodriguez Patriotic Front (FPMR)
79861,2017,4,13,0,4,6,464,24,33.706199,69.383108,4.0,0,0.0,1,0,3,4,48,4.0,0,6,3.0,0,0.0,Taliban
61731,2014,7,21,0,214,9,135,803,48.04668,37.942146,1.0,1,0.0,1,0,3,20,6,214.0,0,6,0.0,0,0.0,Donetsk People's Republic
49737,2011,6,5,0,153,6,484,2708,34.006004,71.53743,1.0,1,0.0,1,0,3,14,13,153.0,0,6,6.0,1,0.0,Tehrik-i-Taliban Pakistan (TTP)
80757,2017,6,8,1,182,11,74,337,9.757036,49.374049,2.0,0,0.0,1,1,6,4,427,182.0,0,6,77.0,1,1.0,Al-Shabaab
60970,2014,6,21,0,214,9,135,829,48.145926,38.410415,2.0,0,0.0,1,0,5,1,1210,214.0,0,5,0.0,1,1.0,Donetsk People's Republic
22581,1989,7,25,0,209,10,210,1387,37.443297,42.003155,1.0,0,0.0,1,0,2,14,1696,209.0,0,5,2.0,1,0.0,Kurdistan Workers' Party (PKK)
21166,1989,1,15,0,183,11,19,154,-26.108628,28.040116,1.0,0,0.0,1,0,3,21,281,183.0,0,6,0.0,1,0.0,African National Congress (South Africa)
21997,1989,4,25,0,92,6,318,2488,31.633078,74.878288,1.0,1,0.0,1,0,1,14,3066,92.0,0,5,5.0,0,0.0,Sikh Extremists
49750,2011,6,7,0,45,3,341,2307,2.116667,-76.983333,1.0,1,0.0,1,0,2,14,2736,45.0,0,5,1.0,0,0.0,Revolutionary Armed Forces of Colombia (FARC)
18104,1987,9,23,0,43,3,250,1544,-33.366238,-70.505302,1.0,0,0.0,1,0,3,8,1900,43.0,0,6,0.0,1,0.0,Manuel Rodriguez Patriotic Front (FPMR)
60992,2014,6,22,0,228,10,47,245,14.533289,49.133343,1.0,0,0.0,1,0,1,2,514,228.0,0,5,1.0,0,0.0,Al-Qaida in the Arabian Peninsula (AQAP)
16371,1986,11,2,0,183,11,21,120,-25.474193,30.969455,1.0,1,0.0,1,0,3,4,224,183.0,0,6,1.0,1,0.0,African National Congress (South Africa)
17041,1987,4,14,0,183,11,18,97,-29.861824,31.008293,1.0,0,0.0,0,0,3,3,196,183.0,0,6,0.0,0,0.0,African National Congress (South Africa)
72515,2016,1,27,0,147,11,100,541,10.869414,12.850553,1.0,0,1.0,1,1,3,14,334,147.0,0,6,5.0,1,0.0,Boko Haram
80892,2017,6,15,0,92,6,119,1644,20.270822,81.48673,1.0,0,0.0,0,0,3,20,6,92.0,0,6,0.0,0,0.0,Maoists
68022,2015,6,2,0,160,5,363,1943,13.832023,122.877813,1.0,0,0.0,0,0,2,4,48,160.0,0,5,1.0,0,0.0,New People's Army (NPA)
53672,2012,10,24,0,147,11,102,463,11.704399,11.088539,1.0,0,0.0,1,0,7,8,51,147.0,0,8,0.0,1,0.0,Boko Haram
77549,2016,11,14,0,60,10,268,1716,31.212225,34.117065,1.0,1,0.0,0,0,3,20,6,60.0,0,6,0.0,0,0.0,Muslim extremists
27657,1991,6,30,0,159,3,435,2809,-13.105251,-72.044649,2.0,0,0.0,1,0,2,3,1265,159.0,0,5,6.0,1,0.0,Tupac Amaru Revolutionary Movement (MRTA)
943,1972,5,22,0,603,8,178,24,54.787715,-6.492314,4.0,0,0.0,0,0,1,3,1522,233.0,0,5,1.0,0,0.0,Irish Republican Army (IRA)
22231,1989,5,29,0,159,3,438,2073,-9.120146,-78.194114,1.0,0,0.0,1,0,2,14,2885,159.0,0,5,6.0,1,0.0,Shining Path (SL)
83070,2017,11,11,0,95,10,33,1280,34.030712,44.063866,1.0,0,1.0,1,0,3,4,12,95.0,0,6,0.0,-9,0.0,Islamic State of Iraq and the Levant (ISIL)
63568,2014,10,21,0,228,10,52,258,14.413989,44.837418,1.0,0,0.0,1,0,3,4,1402,228.0,0,6,4.0,0,0.0,Houthi extremists (Ansar Allah)
56608,2013,8,29,0,160,5,385,2022,17.083333,120.9,1.0,0,0.0,1,0,2,3,2416,160.0,0,5,1.0,-9,0.0,New People's Army (NPA)
62657,2014,9,9,0,147,11,162,1011,12.166918,6.674397,2.0,0,1.0,1,0,6,14,27,147.0,0,5,2.0,1,1.0,Fulani extremists
53208,2012,9,9,0,95,10,35,219,35.272076,43.915043,1.0,0,1.0,1,0,3,4,48,95.0,0,6,0.0,0,0.0,Al-Qaida in Iraq
13403,1985,2,17,0,145,2,394,2168,13.28841,-86.6554,1.0,0,0.0,1,0,2,4,1239,145.0,0,5,18.0,1,0.0,Nicaraguan Democratic Force (FDN)
15460,1986,4,12,0,145,2,404,2178,12.05,-84.26667,1.0,0,0.0,1,0,2,4,1239,145.0,0,5,1.0,1,0.0,Nicaraguan Democratic Force (FDN)
73039,2016,2,24,0,147,11,155,985,7.871944,8.008333,1.0,0,1.0,1,0,2,14,27,147.0,0,5,50.0,1,0.0,Fulani extremists
59763,2014,4,21,1,214,9,135,808,48.730804,37.574596,1.0,0,0.0,1,0,6,3,405,214.0,0,5,1.0,1,1.0,Donetsk People's Republic
60733,2014,6,9,0,214,9,136,802,49.181837,37.27858,3.0,0,0.0,1,0,2,4,162,214.0,0,5,0.0,1,0.0,Donetsk People's Republic
57270,2013,10,30,0,123,11,157,1719,16.273716,-0.050415,1.0,0,0.0,1,0,3,6,276,123.0,0,6,0.0,0,0.0,Muslim extremists
13250,1985,1,10,0,145,2,399,923,11.984997,-86.384759,1.0,1,0.0,1,0,3,21,2498,145.0,0,6,0.0,1,0.0,Nicaraguan Democratic Force (FDN)
19890,1988,7,2,0,159,3,256,1556,-11.967368,-76.978462,1.0,0,0.0,1,0,7,1,3361,159.0,0,8,0.0,1,0.0,Tupac Amaru Revolutionary Movement (MRTA)
33034,1994,5,17,0,209,10,211,24,37.449429,43.750656,4.0,0,0.0,1,0,2,4,412,209.0,0,5,17.0,1,0.0,Kurdistan Workers' Party (PKK)
75758,2016,8,2,0,147,11,104,986,9.434235,8.350026,1.0,1,1.0,1,0,2,14,27,147.0,0,5,2.0,0,0.0,Fulani extremists
40160,2002,6,17,0,160,5,0,46,6.41871,121.972443,1.0,0,0.0,1,0,2,14,67,160.0,0,9,2.0,-9,0.0,Abu Sayyaf Group (ASG)
25334,1990,7,6,0,185,8,81,382,43.258434,-2.921819,1.0,0,0.0,0,0,1,3,754,185.0,0,6,0.0,0,0.0,Basque Fatherland and Freedom (ETA)
18899,1988,2,9,0,61,2,146,906,13.933732,-89.025836,1.0,0,0.0,1,0,2,4,1239,61.0,0,5,0.0,1,0.0,Farabundo Marti National Liberation Front (FMLN)
45006,2008,6,4,0,153,6,485,2721,33.590603,71.44062,1.0,0,0.0,1,0,3,1,3218,153.0,0,6,3.0,1,0.0,Tehrik-i-Taliban Pakistan (TTP)
76449,2016,9,15,0,200,10,187,1720,36.201721,37.14352,1.0,0,1.0,1,0,3,14,558,200.0,0,6,0.0,-9,0.0,Muslim extremists
9321,1982,10,23,0,61,2,147,911,13.7,-88.1,1.0,0,0.0,1,0,2,4,1294,61.0,0,5,1.0,1,0.0,Farabundo Marti National Liberation Front (FMLN)
83240,2017,11,25,0,153,6,313,1794,30.200819,66.994354,1.0,0,0.0,1,1,3,4,409,153.0,0,6,7.0,1,0.0,Tehrik-i-Taliban Pakistan (TTP)
37221,1999,3,7,1,45,3,334,24,10.411301,-74.405661,4.0,0,1.0,1,0,6,14,2247,11.0,0,5,0.0,0,1.0,National Liberation Army of Colombia (ELN)
55995,2013,7,7,0,160,5,369,1967,13.071,123.598,1.0,0,1.0,1,0,2,4,2365,160.0,0,5,0.0,0,0.0,New People's Army (NPA)
80324,2017,5,16,0,92,6,118,591,23.951419,86.1946,3.0,0,0.0,1,0,2,14,2060,92.0,0,9,1.0,0,0.0,Maoists
46308,2009,3,30,0,153,6,318,2735,32.5539,72.131987,1.0,0,0.0,1,0,2,3,3231,153.0,0,6,12.0,1,1.0,Tehrik-i-Taliban Pakistan (TTP)
28913,1991,11,4,0,61,2,142,920,13.502357,-88.923425,1.0,0,1.0,1,0,3,21,1306,61.0,0,6,0.0,1,0.0,Farabundo Marti National Liberation Front (FMLN)
52728,2012,7,25,0,95,10,33,223,34.366667,43.816667,1.0,0,0.0,1,0,2,3,12,95.0,0,5,2.0,0,0.0,Al-Qaida in Iraq
39232,2001,8,7,1,45,3,327,2316,5.657909,-75.837417,2.0,0,0.0,1,0,6,14,2747,45.0,0,5,0.0,0,1.0,Revolutionary Armed Forces of Colombia (FARC)
7447,1981,3,9,0,159,3,432,2391,-13.152712,-74.218628,1.0,0,0.0,1,0,1,2,2880,159.0,0,6,0.0,1,0.0,Shining Path (SL)
15431,1986,4,3,0,159,3,256,1556,-11.967368,-76.978462,1.0,0,0.0,1,0,3,1,3376,217.0,0,6,1.0,1,0.0,Tupac Amaru Revolutionary Movement (MRTA)
13910,1985,5,20,0,145,2,395,2112,12.10629,-85.36452,1.0,0,0.0,1,0,2,2,2479,145.0,0,5,0.0,1,0.0,Nicaraguan Democratic Force (FDN)
17265,1987,5,19,0,159,3,256,1556,-11.967368,-76.978462,1.0,0,1.0,1,0,3,19,56,159.0,0,6,0.0,1,0.0,Tupac Amaru Revolutionary Movement (MRTA)
79391,2017,3,14,0,92,6,117,673,24.79082,85.006213,2.0,1,0.0,1,0,2,17,996,92.0,0,5,1.0,0,0.0,Communist Party of India - Maoist (CPI-Maoist)
81244,2017,7,3,0,147,11,100,517,12.202892,14.017341,1.0,0,0.0,1,0,2,4,875,147.0,0,5,4.0,0,0.0,Boko Haram
46784,2009,7,7,0,160,5,1,22,6.050458,121.012245,1.0,0,0.0,1,0,3,1,13,160.0,0,6,2.0,1,0.0,Abu Sayyaf Group (ASG)
56236,2013,7,29,0,95,10,39,225,33.057991,44.354839,1.0,0,1.0,1,0,3,14,13,95.0,0,6,3.0,0,0.0,Islamic State of Iraq and the Levant (ISIL)
17940,1987,8,27,0,43,3,250,1544,-33.366238,-70.505302,1.0,0,0.0,1,0,2,3,1885,43.0,0,5,0.0,1,0.0,Manuel Rodriguez Patriotic Front (FPMR)
18417,1987,11,6,0,183,11,25,158,-34.040083,18.677805,1.0,0,0.0,1,0,1,3,196,183.0,0,5,3.0,0,0.0,African National Congress (South Africa)
60956,2014,6,20,0,214,9,135,790,48.596962,37.998299,1.0,0,0.0,1,0,2,4,412,214.0,0,6,0.0,-9,0.0,Donetsk People's Republic
59958,2014,5,3,1,4,6,466,2582,35.61831,64.249564,3.0,0,0.0,1,0,1,2,3120,4.0,0,5,1.0,0,1.0,Taliban
4623,1979,1,18,0,603,8,46,1208,51.523072,0.592514,1.0,0,0.0,1,0,3,21,1505,216.0,0,6,0.0,1,0.0,Irish Republican Army (IRA)
80283,2017,5,14,0,147,11,159,989,9.270173,5.105799,2.0,0,0.0,1,0,2,15,354,147.0,0,5,27.0,-9,0.0,Fulani extremists
50107,2011,9,25,0,95,10,41,197,32.604393,44.007145,1.0,0,1.0,1,0,3,2,364,95.0,0,6,3.0,1,0.0,Al-Qaida in Iraq
82005,2017,8,21,0,160,5,0,25,6.516151,121.910015,1.0,0,1.0,1,0,2,14,27,160.0,0,5,5.0,1,0.0,Abu Sayyaf Group (ASG)
67992,2015,5,31,0,214,9,135,793,47.098835,37.81987,1.0,1,0.0,1,0,3,4,48,214.0,0,6,1.0,-9,0.0,Donetsk People's Republic
78211,2016,12,25,0,95,10,34,184,36.354145,43.14357,1.0,1,0.0,0,1,3,3,85,95.0,0,6,21.0,0,0.0,Islamic State of Iraq and the Levant (ISIL)
1799,1974,8,26,0,603,8,178,1187,54.446968,-6.39292,1.0,0,0.0,1,0,1,4,1451,216.0,0,5,1.0,0,0.0,Irish Republican Army (IRA)
63567,2014,10,21,0,228,10,44,274,13.949126,43.991414,1.0,0,0.0,1,0,2,14,409,228.0,0,5,2.0,1,0.0,Al-Qaida in the Arabian Peninsula (AQAP)
83321,2017,12,1,0,182,11,69,333,4.391135,46.087469,2.0,0,0.0,0,0,1,2,593,182.0,0,5,12.0,1,0.0,Al-Shabaab
12946,1984,10,20,0,145,2,398,2088,11.949718,-86.128692,1.0,1,0.0,1,0,2,14,2465,145.0,0,5,0.0,1,0.0,Nicaraguan Democratic Force (FDN)
60723,2014,6,9,0,182,11,63,304,2.059819,45.326115,1.0,0,0.0,1,0,2,14,563,182.0,0,5,1.0,0,0.0,Al-Shabaab
46103,2009,2,9,0,153,6,485,2784,32.987347,70.602524,1.0,1,0.0,1,0,3,8,3291,153.0,0,6,0.0,1,0.0,Tehrik-i-Taliban Pakistan (TTP)
19051,1988,2,24,0,61,2,139,853,13.69288,-89.199161,1.0,0,1.0,1,0,2,19,56,61.0,0,5,0.0,1,0.0,Farabundo Marti National Liberation Front (FMLN)
51932,2012,5,10,0,45,3,324,1876,8.65,-72.733333,1.0,1,0.0,1,0,2,3,85,45.0,0,6,8.0,0,0.0,Revolutionary Armed Forces of Colombia (FARC)
44027,2007,7,16,0,186,6,206,1441,8.577826,81.218719,1.0,0,0.0,1,0,1,2,1830,186.0,0,5,1.0,0,0.0,Liberation Tigers of Tamil Eelam (LTTE)
83231,2017,11,24,0,182,11,61,311,2.14383,45.118061,1.0,0,0.0,1,0,3,4,12,182.0,0,6,3.0,1,0.0,Al-Shabaab
16570,1987,1,2,0,185,8,84,434,40.728933,-4.0151,1.0,0,1.0,1,0,3,1,361,185.0,0,6,0.0,1,0.0,Basque Fatherland and Freedom (ETA)
6516,1980,4,18,0,110,10,192,2256,33.793296,35.822422,1.0,0,0.0,1,0,3,14,2623,97.0,0,6,7.0,1,0.0,Palestinians
15312,1986,3,18,0,43,3,251,1548,-36.816006,-73.037659,1.0,0,0.0,1,0,3,19,1952,43.0,0,6,0.0,1,0.0,Manuel Rodriguez Patriotic Front (FPMR)
46119,2009,2,12,0,182,11,63,304,2.059819,45.326115,1.0,0,0.0,1,0,3,7,609,182.0,0,6,4.0,1,0.0,Al-Shabaab
54267,2013,1,15,0,95,10,29,188,33.349159,43.784199,1.0,0,1.0,1,1,3,2,397,95.0,0,6,4.0,0,0.0,Al-Qaida in Iraq
35877,1996,11,1,0,185,8,89,422,41.980462,-1.443253,1.0,0,0.0,1,0,3,3,725,185.0,0,6,0.0,1,0.0,Basque Fatherland and Freedom (ETA)
16526,1986,12,19,0,159,3,256,1556,-11.967368,-76.978462,1.0,0,1.0,1,0,3,1,2861,159.0,0,6,1.0,1,0.0,Shining Path (SL)
49359,2011,3,6,0,228,10,47,254,15.964205,48.78252,1.0,0,0.0,1,0,2,4,460,228.0,0,5,1.0,-9,0.0,Al-Qaida in the Arabian Peninsula (AQAP)
8867,1982,6,21,0,45,3,331,2281,6.313712,-73.950146,1.0,0,0.0,1,0,1,14,2702,45.0,0,5,3.0,0,0.0,Revolutionary Armed Forces of Colombia (FARC)
54593,2013,2,14,0,153,6,484,2744,33.370038,70.54496,1.0,0,0.0,1,1,3,4,849,153.0,0,6,8.0,1,0.0,Tehrik-i-Taliban Pakistan (TTP)
12422,1984,7,5,0,145,2,399,2106,12.17609,-86.03771,1.0,0,0.0,1,0,2,14,2476,145.0,0,5,4.0,1,0.0,Nicaraguan Democratic Force (FDN)
74469,2016,5,18,0,160,5,1,22,6.050458,121.012245,1.0,0,0.0,1,0,3,4,59,160.0,0,6,0.0,1,0.0,Abu Sayyaf Group (ASG)
60208,2014,5,15,0,214,9,135,791,47.117252,37.572659,1.0,0,0.0,0,0,2,4,48,214.0,0,5,0.0,0,0.0,Donetsk People's Republic
13520,1985,3,22,0,61,2,148,873,13.437973,-88.460995,1.0,0,0.0,1,0,3,2,1253,61.0,0,5,1.0,1,0.0,Farabundo Marti National Liberation Front (FMLN)
47486,2010,1,7,1,92,6,118,677,23.701401,86.586665,1.0,0,1.0,1,0,6,22,1002,92.0,0,5,1.0,-9,1.0,Communist Party of India - Maoist (CPI-Maoist)
70261,2015,9,22,0,147,11,159,966,10.326373,6.656488,1.0,0,0.0,1,0,2,14,862,147.0,0,5,35.0,1,0.0,Fulani extremists
57389,2013,11,11,0,92,6,119,639,20.261553,81.460083,3.0,0,1.0,0,0,3,2,896,92.0,0,6,0.0,0,0.0,Maoists
83407,2017,12,8,0,147,11,103,1045,8.215909,5.633592,1.0,0,0.0,1,0,2,14,1353,147.0,0,5,0.0,1,0.0,Fulani extremists
54130,2012,12,31,0,95,10,35,180,35.45211,44.375465,1.0,0,1.0,1,1,3,4,400,95.0,0,6,4.0,-9,0.0,Al-Qaida in Iraq
64602,2014,12,21,0,214,9,135,797,48.064426,37.673248,1.0,0,0.0,1,0,2,4,48,214.0,0,6,0.0,-9,0.0,Donetsk People's Republic
31219,1992,9,11,0,209,10,219,1402,38.141497,41.011491,1.0,0,0.0,0,0,1,14,1711,209.0,0,5,0.0,0,0.0,Kurdistan Workers' Party (PKK)
31603,1992,10,27,0,97,10,242,2237,33.208716,35.572618,1.0,0,0.0,1,0,3,2,2589,97.0,0,6,1.0,1,0.0,Palestinians
63759,2014,11,1,0,147,11,156,954,8.5983,8.849614,1.0,0,0.0,1,0,2,14,27,147.0,0,5,8.0,1,0.0,Fulani extremists
26597,1991,1,23,0,61,2,138,895,13.318889,-87.643889,1.0,0,0.0,1,0,2,4,412,61.0,0,5,0.0,1,0.0,Farabundo Marti National Liberation Front (FMLN)
67318,2015,5,3,0,214,9,135,793,47.098835,37.81987,1.0,1,1.0,1,0,2,4,48,214.0,0,6,0.0,-9,0.0,Donetsk People's Republic
66373,2015,3,15,0,147,11,155,991,7.905833,7.854722,2.0,0,0.0,1,0,2,14,27,147.0,0,5,95.0,1,0.0,Fulani extremists
43996,2007,7,2,0,95,10,33,214,34.533753,43.483738,2.0,0,0.0,1,1,3,3,389,95.0,0,6,1.0,0,0.0,Al-Qaida in Iraq
58518,2014,2,13,0,45,3,327,2323,6.906659,-75.686928,3.0,0,0.0,1,0,3,19,398,45.0,0,6,0.0,1,0.0,Revolutionary Armed Forces of Colombia (FARC)
75827,2016,8,6,0,92,6,120,607,22.408769,87.373316,3.0,0,1.0,0,0,3,20,6,92.0,0,6,0.0,0,0.0,Maoists
69384,2015,8,9,0,209,10,209,24,39.10617,39.548259,4.0,0,0.0,0,0,2,4,1234,209.0,0,5,0.0,-9,0.0,Kurdistan Workers' Party (PKK)
52751,2012,7,29,0,160,5,0,35,6.537162,122.163252,1.0,0,0.0,1,0,7,8,73,160.0,0,8,0.0,1,0.0,Abu Sayyaf Group (ASG)
4961,1979,4,11,0,69,8,127,91,48.856644,2.34233,1.0,0,1.0,1,0,3,1,705,69.0,0,6,1.0,1,0.0,Corsican National Liberation Front (FLNC)
49872,2011,7,12,0,147,11,100,466,11.840929,13.141459,1.0,0,0.0,1,0,3,2,882,147.0,0,6,0.0,1,0.0,Boko Haram
80411,2017,5,19,0,92,6,119,1611,18.673653,80.987938,1.0,0,0.0,1,0,7,1,1073,92.0,0,5,0.0,1,0.0,Maoists
72795,2016,2,12,0,160,5,1,37,6.066797,121.09839,2.0,0,0.0,1,0,2,4,50,160.0,0,9,1.0,0,0.0,Abu Sayyaf Group (ASG)
46745,2009,6,26,0,4,6,299,2618,33.335258,69.928467,1.0,1,0.0,1,0,3,14,3143,4.0,0,6,1.0,1,0.0,Taliban
69445,2015,8,12,0,147,11,100,549,10.671237,12.543212,1.0,0,0.0,1,0,2,14,27,147.0,0,5,1.0,0,0.0,Boko Haram
56894,2013,9,25,1,153,6,389,2742,34.345856,71.370506,1.0,0,1.0,1,0,6,1,3241,153.0,0,5,1.0,1,1.0,Tehrik-i-Taliban Pakistan (TTP)
53620,2012,10,22,0,209,10,223,24,38.685904,43.875794,4.0,0,0.0,1,0,7,8,51,209.0,0,8,0.0,1,0.0,Kurdistan Workers' Party (PKK)
5690,1979,10,8,0,185,8,86,395,43.46096,-3.807934,1.0,0,0.0,1,0,2,3,673,185.0,0,5,3.0,1,0.0,Basque Fatherland and Freedom (ETA)
76864,2016,10,6,0,92,6,118,612,23.669296,86.151112,3.0,0,1.0,1,0,5,19,929,92.0,0,5,0.0,1,1.0,Communist Party of India - Maoist (CPI-Maoist)
15750,1986,6,10,0,45,3,331,1827,7.116294,-73.120026,1.0,0,0.0,1,0,3,2,2262,45.0,0,6,0.0,1,0.0,National Liberation Army of Colombia (ELN)
46995,2009,8,16,0,4,6,457,2595,31.600695,65.551842,1.0,0,1.0,1,0,3,1,3175,4.0,0,6,0.0,1,0.0,Taliban
52289,2012,6,13,0,95,10,31,216,33.375759,44.702866,1.0,0,1.0,1,0,3,14,13,95.0,0,6,2.0,0,0.0,Al-Qaida in Iraq
57120,2013,10,15,0,4,6,473,2620,34.283333,62.616667,3.0,0,0.0,1,0,3,14,334,4.0,0,6,0.0,1,0.0,Taliban
45310,2008,8,1,1,45,3,343,1862,3.429344,-76.516037,1.0,0,0.0,1,0,6,1,2726,45.0,0,5,0.0,0,1.0,Revolutionary Armed Forces of Colombia (FARC)
61074,2014,6,26,0,214,9,135,792,47.981647,37.762325,1.0,0,0.0,1,0,2,4,1213,214.0,0,5,0.0,-9,0.0,Donetsk People's Republic
61574,2014,7,15,0,214,9,135,835,47.79195,38.482245,3.0,0,1.0,1,0,3,4,427,214.0,0,6,0.0,-9,0.0,Donetsk People's Republic
29114,1991,11,25,0,45,3,324,1841,8.607983,-72.908887,1.0,0,0.0,1,0,3,21,2206,45.0,0,6,0.0,1,0.0,National Liberation Army of Colombia (ELN)
83590,2017,12,25,0,4,6,463,2604,31.467463,64.092445,1.0,0,0.0,1,0,3,3,527,4.0,0,6,6.0,1,0.0,Taliban
22986,1989,9,8,0,159,3,256,1556,-11.967368,-76.978462,1.0,0,0.0,1,0,1,2,3372,159.0,0,5,1.0,1,0.0,Tupac Amaru Revolutionary Movement (MRTA)
81648,2017,7,27,0,95,10,31,204,33.953167,44.921906,1.0,0,0.0,1,1,3,1,1613,95.0,0,6,1.0,-9,0.0,Islamic State of Iraq and the Levant (ISIL)
29713,1992,2,19,0,92,6,318,2475,30.898024,75.860077,1.0,0,0.0,1,0,3,2,1921,92.0,0,6,1.0,1,0.0,Sikh Extremists
36643,1997,11,14,0,186,6,241,1437,6.952452,79.877983,1.0,0,1.0,1,0,3,21,1783,186.0,0,6,0.0,1,0.0,Liberation Tigers of Tamil Eelam (LTTE)
75192,2016,6,27,0,147,11,155,1024,7.350826,8.836276,2.0,0,1.0,1,0,2,14,27,147.0,0,5,1.0,0,0.0,Fulani extremists
3885,1978,2,20,0,45,3,331,2281,6.313712,-73.950146,1.0,0,0.0,1,0,2,3,292,45.0,0,5,1.0,1,0.0,Revolutionary Armed Forces of Colombia (FARC)
8391,1982,2,16,0,185,8,81,432,43.353607,-2.907457,1.0,0,0.0,1,0,1,3,751,185.0,0,5,1.0,0,0.0,Basque Fatherland and Freedom (ETA)
51474,2012,3,30,0,160,5,5,1970,6.809045,125.192555,1.0,0,0.0,1,0,7,1,112,44.0,0,8,0.0,1,0.0,New People's Army (NPA)
29170,1991,11,30,0,97,10,410,2225,32.409504,35.28063,1.0,0,0.0,1,0,1,14,2558,155.0,0,5,1.0,0,0.0,Palestinians
73996,2016,4,22,0,147,11,158,958,7.657429,9.771966,1.0,0,1.0,1,0,2,14,27,147.0,0,5,2.0,1,0.0,Fulani extremists
72658,2016,2,4,0,160,5,1,6,5.97972,121.054829,1.0,0,1.0,0,0,3,20,6,160.0,0,6,0.0,0,0.0,Abu Sayyaf Group (ASG)
51192,2012,2,27,0,147,11,102,503,12.885844,11.930042,1.0,0,0.0,1,0,1,2,867,147.0,0,5,1.0,0,0.0,Boko Haram
15082,1986,1,22,0,61,2,148,899,13.483333,-88.466667,1.0,0,1.0,1,0,3,21,1280,61.0,0,6,0.0,1,0.0,Farabundo Marti National Liberation Front (FMLN)
20208,1988,8,25,0,61,2,147,919,13.723925,-88.089839,1.0,0,0.0,1,0,1,2,1305,61.0,0,5,1.0,0,0.0,Farabundo Marti National Liberation Front (FMLN)
58122,2014,1,15,0,92,6,123,1645,17.850509,80.894976,2.0,1,0.0,1,0,2,3,2068,92.0,0,9,1.0,0,0.0,Maoists
18032,1987,9,11,0,159,3,256,1556,-11.967368,-76.978462,1.0,0,1.0,1,0,3,1,3336,159.0,0,6,0.0,1,0.0,Tupac Amaru Revolutionary Movement (MRTA)
63784,2014,11,2,0,147,11,156,1035,8.914713,7.889945,1.0,0,1.0,1,0,7,14,27,147.0,0,8,1.0,1,0.0,Fulani extremists
15064,1986,1,20,0,159,3,256,1556,-11.967368,-76.978462,1.0,0,1.0,1,0,3,1,3349,159.0,0,6,0.0,1,0.0,Tupac Amaru Revolutionary Movement (MRTA)
61728,2014,7,21,0,60,10,268,1718,31.250196,34.24128,1.0,0,1.0,1,0,1,14,2118,60.0,0,5,1.0,0,0.0,Muslim extremists
41974,2005,4,30,0,95,10,30,177,33.303566,44.371773,1.0,0,0.0,1,1,3,4,349,217.0,0,6,3.0,1,0.0,Al-Qaida in Iraq
37268,1999,3,19,1,45,3,334,2320,11.3,-74.183333,2.0,0,1.0,1,0,6,14,2751,45.0,0,5,1.0,0,1.0,Revolutionary Armed Forces of Colombia (FARC)
18805,1988,1,25,0,603,8,178,1179,54.607712,-5.95621,1.0,0,0.0,1,0,3,3,1481,233.0,0,6,1.0,1,0.0,Irish Republican Army (IRA)
21904,1989,4,14,0,43,3,251,1553,-36.748146,-73.11232,1.0,0,0.0,1,0,2,3,1913,43.0,0,5,0.0,1,0.0,Manuel Rodriguez Patriotic Front (FPMR)
36987,1998,8,4,1,45,3,327,1548,6.395033,-75.259437,1.0,0,1.0,1,0,6,2,2202,45.0,0,5,1.0,0,1.0,National Liberation Army of Colombia (ELN)
14930,1985,12,19,0,183,11,26,146,-22.191692,29.500886,1.0,1,0.0,1,0,3,4,212,183.0,0,6,0.0,1,0.0,African National Congress (South Africa)
73631,2016,4,1,0,182,11,61,326,1.808302,44.695141,1.0,1,0.0,1,0,2,4,162,182.0,0,6,1.0,1,0.0,Al-Shabaab
74727,2016,6,2,0,228,10,47,245,14.54397,49.12458,1.0,0,0.0,0,0,3,2,373,228.0,0,6,0.0,0,0.0,Al-Qaida in the Arabian Peninsula (AQAP)
74437,2016,5,16,0,147,11,155,1012,7.9055,8.737323,2.0,0,0.0,1,0,2,14,862,147.0,0,5,7.0,1,0.0,Fulani extremists
48850,2010,11,2,0,95,10,30,177,33.303566,44.371773,1.0,0,1.0,1,0,3,1,344,95.0,0,6,1.0,1,0.0,Al-Qaida in Iraq
82263,2017,9,8,0,147,11,110,980,9.85125,8.683428,1.0,0,1.0,1,0,2,14,27,147.0,0,5,10.0,0,0.0,Fulani extremists
54005,2012,12,7,0,92,6,119,644,18.8,80.8167,1.0,0,0.0,1,0,1,17,2047,92.0,0,5,2.0,1,0.0,Maoists
54850,2013,3,14,0,95,10,30,177,33.303566,44.371773,1.0,0,1.0,1,0,3,2,384,95.0,0,6,8.0,1,0.0,Al-Qaida in Iraq
65698,2015,2,9,0,147,11,155,962,7.689167,9.250278,3.0,0,1.0,1,0,2,14,27,147.0,0,5,1.0,1,0.0,Fulani extremists
22369,1989,6,22,0,209,10,211,1400,37.577041,43.737373,1.0,1,0.0,1,0,2,4,412,209.0,0,5,0.0,1,0.0,Kurdistan Workers' Party (PKK)
20250,1988,8,30,0,92,6,452,2534,22.8725,78.107222,1.0,0,0.0,1,0,2,14,3051,92.0,0,5,5.0,1,0.0,Sikh Extremists
74698,2016,5,31,0,147,11,104,1055,9.401389,8.316275,2.0,0,0.0,1,0,2,14,27,147.0,0,5,2.0,1,0.0,Fulani extremists
75127,2016,6,24,0,182,11,63,304,2.059819,45.326115,1.0,0,1.0,1,0,3,2,405,182.0,0,6,1.0,-9,0.0,Al-Shabaab
57332,2013,11,5,0,95,10,33,1277,34.595041,43.919777,2.0,1,0.0,1,0,3,3,12,95.0,0,6,1.0,0,0.0,Islamic State of Iraq and the Levant (ISIL)
40390,2002,10,20,0,160,5,4,15,6.929089,122.07885,1.0,0,0.0,1,0,3,14,60,160.0,0,6,1.0,1,0.0,Abu Sayyaf Group (ASG)
66291,2015,3,11,0,113,10,291,1752,31.927389,12.251627,1.0,0,1.0,1,0,3,8,51,113.0,0,6,0.0,1,0.0,Muslim extremists
19333,1988,4,15,0,183,11,19,126,-25.748281,28.212069,1.0,0,0.0,0,0,3,1,252,183.0,0,6,1.0,1,0.0,African National Congress (South Africa)
29212,1991,12,8,0,603,8,46,1227,53.814165,-3.053514,1.0,0,1.0,1,0,7,1,1525,216.0,0,8,0.0,1,0.0,Irish Republican Army (IRA)
13770,1985,5,10,0,69,8,126,24,41.919593,8.737687,4.0,0,1.0,1,0,3,1,1088,69.0,0,6,0.0,1,0.0,Corsican National Liberation Front (FLNC)
44472,2008,1,13,0,4,6,457,2596,31.499713,65.000854,3.0,0,0.0,1,0,2,3,3129,4.0,0,5,11.0,1,0.0,Taliban
48835,2010,11,2,0,182,11,61,311,2.14383,45.118061,1.0,0,0.0,1,0,2,10,620,182.0,0,5,0.0,-9,0.0,Al-Shabaab
82087,2017,8,24,0,153,6,389,2740,34.595278,71.461111,1.0,0,1.0,0,0,1,17,3239,153.0,0,6,0.0,1,0.0,Tehrik-i-Taliban Pakistan (TTP)
61681,2014,7,19,0,60,10,268,1726,31.126646,33.800865,1.0,1,0.0,1,0,3,21,1225,60.0,0,6,0.0,1,0.0,Muslim extremists
53214,2012,9,9,0,95,10,31,179,33.74324,44.623825,1.0,0,1.0,1,0,3,14,13,95.0,0,6,1.0,0,0.0,Al-Qaida in Iraq
53932,2012,11,27,0,92,6,125,1605,19.414501,80.590422,1.0,1,0.0,0,0,2,3,12,92.0,0,5,0.0,0,0.0,Maoists
2659,1976,4,19,0,603,8,178,1199,54.553417,-6.003314,1.0,0,0.0,1,0,1,3,1480,233.0,0,5,1.0,0,0.0,Irish Republican Army (IRA)
67315,2015,5,3,0,60,10,268,1751,31.110285,33.932247,1.0,0,0.0,1,0,3,4,409,60.0,0,6,1.0,-9,0.0,Muslim extremists
45623,2008,10,18,0,92,6,118,590,23.744186,84.504429,3.0,0,0.0,1,0,2,14,939,92.0,0,5,0.0,-9,0.0,Communist Party of India - Maoist (CPI-Maoist)
62756,2014,9,12,0,228,10,53,273,14.781294,42.972851,1.0,0,0.0,1,0,1,3,498,228.0,0,9,1.0,0,0.0,Al-Qaida in the Arabian Peninsula (AQAP)
62626,2014,9,6,0,214,9,135,791,47.117252,37.572659,1.0,1,0.0,1,0,3,4,0,214.0,0,6,1.0,0,0.0,Donetsk People's Republic
29778,1992,3,4,0,92,6,125,2513,19.075984,72.877656,1.0,0,0.0,1,0,2,3,3059,92.0,0,5,2.0,1,0.0,Sikh Extremists
14668,1985,10,22,0,43,3,250,1544,-33.366238,-70.505302,1.0,0,0.0,1,0,3,2,1956,43.0,0,6,1.0,1,0.0,Manuel Rodriguez Patriotic Front (FPMR)
54635,2013,2,17,0,95,10,30,177,33.303566,44.371773,1.0,0,1.0,1,0,3,14,13,95.0,0,6,4.0,-9,0.0,Al-Qaida in Iraq
7371,1981,2,13,0,69,8,127,91,48.856644,2.34233,1.0,0,0.0,1,0,3,19,1098,69.0,0,6,1.0,1,0.0,Corsican National Liberation Front (FLNC)
17417,1987,6,13,0,145,2,392,2077,13.564251,-86.02984,1.0,0,1.0,1,0,3,16,2487,145.0,0,6,0.0,1,0.0,Nicaraguan Democratic Force (FDN)
71586,2015,12,7,0,160,5,9,2013,6.257165,124.674124,1.0,0,0.0,1,0,3,1,2405,160.0,0,6,2.0,1,0.0,New People's Army (NPA)
62655,2014,9,9,0,147,11,162,981,12.275292,6.929635,1.0,0,1.0,1,0,6,14,27,147.0,0,5,2.0,1,1.0,Fulani extremists
63209,2014,10,3,1,147,11,110,952,9.516667,8.7,2.0,0,1.0,1,0,2,14,27,147.0,0,5,1.0,1,-9.0,Fulani extremists
81903,2017,8,14,0,228,10,49,244,13.887403,45.863647,1.0,0,0.0,0,0,1,4,520,228.0,0,5,1.0,0,0.0,Al-Qaida in the Arabian Peninsula (AQAP)
78956,2017,2,14,0,160,5,366,2005,9.617466,125.40209,1.0,1,0.0,0,0,2,2,2395,160.0,0,5,0.0,0,0.0,New People's Army (NPA)
12797,1984,9,18,0,69,8,17,91,48.856644,2.34233,1.0,0,0.0,1,0,3,2,1121,69.0,0,6,0.0,1,0.0,Corsican National Liberation Front (FLNC)
54131,2012,12,31,0,95,10,35,180,35.45211,44.375465,1.0,0,1.0,1,0,2,4,92,95.0,0,5,2.0,0,0.0,Al-Qaida in Iraq
72359,2016,1,18,0,160,5,0,20,6.665912,122.154839,1.0,0,1.0,1,0,3,11,79,160.0,0,6,0.0,1,0.0,Abu Sayyaf Group (ASG)
56090,2013,7,19,0,60,10,268,1726,31.126646,33.800865,1.0,0,1.0,1,0,3,4,20,60.0,0,6,1.0,1,0.0,Muslim extremists
52706,2012,7,23,0,95,10,33,218,33.669689,44.381317,1.0,0,1.0,1,0,3,14,13,95.0,0,6,0.0,-9,0.0,Al-Qaida in Iraq
21421,1989,2,16,0,61,2,139,853,13.69288,-89.199161,1.0,0,0.0,0,0,3,3,1273,61.0,0,6,0.0,1,0.0,Farabundo Marti National Liberation Front (FMLN)
15788,1986,6,14,0,159,3,256,1556,-11.967368,-76.978462,1.0,0,1.0,1,0,3,14,3373,159.0,0,6,0.0,1,0.0,Tupac Amaru Revolutionary Movement (MRTA)
32567,1994,3,4,0,209,10,220,24,40.061908,41.686803,4.0,0,0.0,1,0,2,4,1265,209.0,0,5,3.0,1,0.0,Kurdistan Workers' Party (PKK)
37385,1999,5,31,1,45,3,343,1862,3.429344,-76.516037,1.0,0,0.0,1,0,6,14,2275,45.0,0,5,0.0,0,1.0,National Liberation Army of Colombia (ELN)
53653,2012,10,26,0,147,11,100,466,11.840929,13.141459,1.0,0,0.0,1,0,2,2,846,147.0,0,5,1.0,1,0.0,Boko Haram
8758,1982,5,12,0,183,11,19,115,-26.252697,27.870275,1.0,0,0.0,1,0,3,2,213,183.0,0,6,0.0,1,0.0,African National Congress (South Africa)
74351,2016,5,11,0,228,10,47,247,16.902568,49.328913,1.0,0,0.0,0,1,1,4,451,228.0,0,6,9.0,-9,0.0,Al-Qaida in the Arabian Peninsula (AQAP)
82458,2017,9,23,0,173,10,176,1152,18.314753,42.725163,1.0,0,0.0,0,0,3,4,1417,173.0,0,6,0.0,0,0.0,Houthi extremists (Ansar Allah)
43335,2006,9,29,0,186,6,73,1510,7.785857,81.589802,1.0,0,0.0,1,0,3,4,1832,186.0,0,6,3.0,-9,0.0,Liberation Tigers of Tamil Eelam (LTTE)
44716,2008,4,8,0,95,10,31,212,33.693947,45.067425,1.0,0,0.0,1,0,3,19,385,95.0,0,6,7.0,1,0.0,Al-Qaida in Iraq
21253,1989,1,27,0,61,2,148,893,13.558889,-88.43,1.0,0,0.0,1,0,1,2,1304,61.0,0,5,1.0,0,0.0,Farabundo Marti National Liberation Front (FMLN)
22838,1989,8,27,0,186,6,242,1457,9.151898,80.64934,1.0,0,0.0,1,0,2,4,162,186.0,0,5,3.0,1,0.0,Liberation Tigers of Tamil Eelam (LTTE)
81146,2017,6,28,0,95,10,33,1289,35.415855,43.114769,1.0,0,0.0,1,0,3,14,27,95.0,0,6,3.0,-9,0.0,Islamic State of Iraq and the Levant (ISIL)
25793,1990,9,7,0,45,3,339,1874,7.000556,-72.108333,1.0,0,0.0,1,0,3,21,2281,45.0,0,6,0.0,1,0.0,National Liberation Army of Colombia (ELN)
44637,2008,3,21,0,4,6,478,24,36.896969,65.665857,4.0,0,0.0,1,0,2,2,3154,4.0,0,9,1.0,0,0.0,Taliban
49589,2011,5,5,0,92,6,125,669,20.181843,80.006844,3.0,0,0.0,1,0,3,14,991,92.0,0,6,6.0,1,0.0,Communist Party of India - Maoist (CPI-Maoist)
75687,2016,7,29,0,214,9,135,814,47.351321,37.931012,1.0,0,1.0,0,0,2,7,162,422.0,0,5,0.0,0,0.0,Donetsk People's Republic
30717,1992,7,13,0,92,6,318,2488,31.633078,74.878288,1.0,0,0.0,1,0,1,14,3044,92.0,0,5,6.0,0,0.0,Sikh Extremists
48635,2010,9,18,0,4,6,456,2568,34.516895,69.147011,1.0,0,0.0,1,0,3,4,373,422.0,0,6,0.0,0,0.0,Taliban
18894,1988,2,9,0,45,3,324,1839,8.638953,-72.918372,1.0,0,0.0,1,0,3,21,2223,45.0,0,6,0.0,1,0.0,National Liberation Army of Colombia (ELN)
68391,2015,6,20,0,173,10,172,24,16.892213,42.56892,4.0,0,0.0,1,0,3,4,48,173.0,0,6,1.0,0,0.0,Houthi extremists (Ansar Allah)
44926,2008,5,20,0,186,6,246,1490,7.323151,80.624843,1.0,0,0.0,1,0,3,19,1812,186.0,0,6,0.0,1,0.0,Liberation Tigers of Tamil Eelam (LTTE)
51618,2012,4,13,0,92,6,125,1567,19.598623,80.226578,1.0,0,0.0,1,0,1,14,2008,92.0,0,5,1.0,0,0.0,Maoists
19488,1988,5,3,1,45,3,327,1825,6.242026,-75.564766,1.0,0,0.0,1,0,6,10,2286,45.0,0,5,0.0,0,1.0,National Liberation Army of Colombia (ELN)
80379,2017,5,18,0,200,10,195,1265,35.129299,37.275085,1.0,0,1.0,1,0,6,17,268,200.0,0,6,31.0,0,1.0,Islamic State of Iraq and the Levant (ISIL)
53191,2012,9,8,0,95,10,31,179,33.74324,44.623825,1.0,0,1.0,1,0,3,14,13,95.0,0,6,0.0,0,0.0,Al-Qaida in Iraq
22894,1989,9,2,0,61,2,146,876,13.733333,-88.883333,1.0,0,1.0,1,0,3,21,1238,61.0,0,6,0.0,1,0.0,Farabundo Marti National Liberation Front (FMLN)
14855,1985,12,2,0,43,3,250,1544,-33.366238,-70.505302,1.0,0,0.0,1,0,3,19,1943,43.0,0,6,0.0,1,0.0,Manuel Rodriguez Patriotic Front (FPMR)
5655,1979,10,3,0,97,10,412,2215,31.771599,35.2034,1.0,0,0.0,1,0,3,14,2565,97.0,0,6,0.0,1,0.0,Palestinians
70291,2015,9,24,0,92,6,119,1601,18.257257,81.298996,1.0,1,0.0,1,0,3,4,2034,92.0,0,6,0.0,0,0.0,Maoists
4662,1979,1,28,0,185,8,96,421,41.400635,2.150913,1.0,0,0.0,1,0,7,18,731,69.0,0,8,0.0,1,0.0,Basque Fatherland and Freedom (ETA)
6431,1980,4,1,0,97,10,242,2232,32.788284,35.521675,1.0,0,0.0,1,0,3,14,738,97.0,0,6,0.0,1,0.0,Palestinians
83050,2017,11,9,0,160,5,0,11,6.440039,122.080475,1.0,0,0.0,1,0,2,4,12,160.0,0,5,6.0,0,0.0,Abu Sayyaf Group (ASG)
29702,1992,2,18,0,159,3,256,1556,-11.967368,-76.978462,1.0,0,0.0,1,0,1,14,2881,159.0,0,5,1.0,0,0.0,Shining Path (SL)
21809,1989,4,4,0,61,2,139,853,13.69288,-89.199161,1.0,0,1.0,1,0,3,21,824,61.0,0,6,0.0,1,0.0,Farabundo Marti National Liberation Front (FMLN)
81051,2017,6,22,1,147,11,165,1019,6.751852,4.877997,1.0,0,0.0,1,0,6,2,1348,147.0,0,5,1.0,0,1.0,Fulani extremists
42174,2005,7,10,0,95,10,30,177,33.287345,44.319487,2.0,0,0.0,1,1,3,4,6,95.0,0,6,25.0,-9,0.0,Al-Qaida in Iraq
70437,2015,10,3,0,228,10,57,1131,13.160563,43.73093,3.0,0,0.0,1,0,3,14,558,228.0,0,6,8.0,-9,0.0,Houthi extremists (Ansar Allah)
71021,2015,11,1,0,95,10,29,1271,33.365791,43.95932,1.0,0,0.0,0,1,3,4,48,95.0,0,6,1.0,0,0.0,Islamic State of Iraq and the Levant (ISIL)
5309,1979,6,19,0,603,8,178,1179,54.607712,-5.95621,1.0,0,0.0,1,0,7,1,1536,233.0,0,8,0.0,1,0.0,Irish Republican Army (IRA)
19966,1988,7,16,0,183,11,25,123,-33.995515,18.584543,1.0,0,0.0,1,0,2,3,229,183.0,0,5,1.0,1,0.0,African National Congress (South Africa)
49878,2011,7,15,0,182,11,68,343,3.926858,41.877171,1.0,1,0.0,1,0,6,12,603,182.0,0,5,0.0,1,1.0,Al-Shabaab
17282,1987,5,21,0,183,11,19,96,-26.184113,28.033232,1.0,0,0.0,1,0,3,2,228,183.0,0,6,3.0,1,0.0,African National Congress (South Africa)
67160,2015,4,25,0,147,11,100,479,11.925833,13.605556,1.0,0,0.0,1,0,2,4,172,147.0,0,5,5.0,0,0.0,Boko Haram
62475,2014,8,27,0,214,9,135,834,47.119068,38.066851,1.0,0,0.0,1,0,3,14,844,214.0,0,6,0.0,1,0.0,Donetsk People's Republic
17920,1987,8,24,0,183,11,19,149,-26.252697,27.870275,1.0,0,0.0,1,0,3,3,229,183.0,0,6,0.0,1,0.0,African National Congress (South Africa)
38631,2000,11,25,0,160,5,358,1983,9.02025,126.23322,1.0,0,0.0,1,0,2,1,2421,160.0,0,5,0.0,-9,0.0,New People's Army (NPA)
20139,1988,8,12,0,183,11,18,97,-29.861824,31.008293,1.0,0,0.0,1,0,3,2,251,183.0,0,6,0.0,1,0.0,African National Congress (South Africa)
79661,2017,4,2,0,95,10,31,1286,33.860659,44.792119,2.0,0,1.0,1,0,3,21,1629,95.0,0,6,0.0,1,0.0,Islamic State of Iraq and the Levant (ISIL)
79356,2017,3,12,0,160,5,378,1990,17.568938,120.9834,1.0,0,1.0,1,0,5,3,175,160.0,0,5,0.0,1,1.0,New People's Army (NPA)
64616,2014,12,21,0,41,11,167,1063,4.119087,15.134645,1.0,0,1.0,1,0,2,14,27,41.0,0,5,8.0,1,0.0,Fulani extremists
51488,2012,3,31,0,147,11,102,468,11.864978,11.070571,1.0,0,1.0,1,0,2,3,175,147.0,0,5,1.0,1,0.0,Boko Haram
47946,2010,5,1,1,92,6,120,662,22.424109,87.318986,1.0,0,0.0,1,0,6,14,983,92.0,0,5,1.0,0,1.0,Communist Party of India - Maoist (CPI-Maoist)
3709,1977,12,21,0,603,8,178,1179,54.607712,-5.95621,1.0,0,1.0,1,0,3,1,1139,216.0,0,6,0.0,1,0.0,Irish Republican Army (IRA)
26137,1990,11,10,0,155,10,306,2216,31.502407,34.459743,1.0,0,1.0,1,0,1,14,2566,155.0,0,5,1.0,0,0.0,Palestinians
37863,2000,1,29,0,45,3,333,1884,7.027345,-71.428555,1.0,0,0.0,1,0,3,21,2755,45.0,0,6,0.0,1,0.0,Revolutionary Armed Forces of Colombia (FARC)
38086,2000,5,25,0,160,5,1,22,6.050458,121.012245,1.0,0,0.0,1,0,3,14,105,160.0,0,6,4.0,1,0.0,Abu Sayyaf Group (ASG)
83264,2017,11,27,0,182,11,63,344,2.077409,45.248966,1.0,0,0.0,1,0,2,4,604,182.0,0,5,1.0,0,0.0,Al-Shabaab
53980,2012,12,5,0,182,11,74,352,10.9833,49.1667,1.0,0,1.0,1,0,3,4,48,182.0,0,6,10.0,1,0.0,Al-Shabaab
49548,2011,4,23,0,153,6,389,2772,34.866207,71.526382,1.0,0,0.0,1,1,3,14,3276,153.0,0,6,6.0,1,0.0,Tehrik-i-Taliban Pakistan (TTP)
47867,2010,4,10,0,4,6,299,2612,33.279501,69.598588,2.0,0,0.0,1,0,7,1,3137,92.0,0,8,0.0,1,0.0,Taliban
15252,1986,3,3,0,183,11,25,133,-33.98263,18.569386,1.0,0,0.0,1,0,3,3,267,183.0,0,5,7.0,1,0.0,African National Congress (South Africa)
75231,2016,6,30,0,4,6,456,2568,34.516895,69.147011,1.0,0,1.0,1,1,3,3,527,4.0,0,6,17.0,1,0.0,Taliban
77532,2016,11,13,0,147,11,104,979,9.632177,8.503456,3.0,0,1.0,1,0,2,14,27,147.0,0,5,12.0,1,0.0,Fulani extremists
62407,2014,8,23,0,92,6,119,1631,18.889334,80.320046,2.0,0,0.0,1,0,2,3,2057,92.0,0,5,0.0,0,0.0,Maoists
67385,2015,5,5,0,214,9,135,795,48.143208,37.753361,1.0,1,0.0,1,0,3,4,409,214.0,0,6,4.0,1,0.0,Donetsk People's Republic
8418,1982,2,26,0,45,3,333,1837,6.95284,-71.87514,1.0,0,0.0,1,0,3,2,2720,45.0,0,6,0.0,1,0.0,Revolutionary Armed Forces of Colombia (FARC)
3554,1977,10,11,0,45,3,327,1825,6.242026,-75.564766,1.0,0,0.0,1,0,1,14,2232,45.0,0,5,2.0,0,0.0,National Liberation Army of Colombia (ELN)
20818,1988,11,26,0,43,3,250,1544,-33.366238,-70.505302,1.0,0,0.0,1,0,3,21,1944,43.0,0,6,0.0,1,0.0,Manuel Rodriguez Patriotic Front (FPMR)
14961,1985,12,26,0,145,2,392,2096,13.62679,-85.8254,1.0,0,0.0,1,0,2,4,1239,145.0,0,5,1.0,1,0.0,Nicaraguan Democratic Force (FDN)
9769,1983,2,5,0,185,8,81,382,43.258434,-2.921819,1.0,0,0.0,1,0,3,1,755,185.0,0,6,3.0,1,0.0,Basque Fatherland and Freedom (ETA)
17385,1987,6,9,0,159,3,256,1556,-11.967368,-76.978462,1.0,0,0.0,0,0,3,14,3389,159.0,0,6,0.0,1,0.0,Tupac Amaru Revolutionary Movement (MRTA)
76863,2016,10,6,0,92,6,118,608,23.810237,85.7652,1.0,0,1.0,1,0,3,19,926,92.0,0,6,0.0,1,0.0,Communist Party of India - Maoist (CPI-Maoist)
24292,1990,2,22,0,61,2,139,853,13.69288,-89.199161,1.0,0,0.0,1,0,7,1,881,61.0,0,8,0.0,1,0.0,Farabundo Marti National Liberation Front (FMLN)
82462,2017,9,23,0,209,10,211,1355,37.300035,44.572792,3.0,0,0.0,1,0,3,4,48,209.0,0,6,2.0,-9,0.0,Kurdistan Workers' Party (PKK)
45691,2008,9,15,1,160,5,0,24,6.704221,121.973842,4.0,0,0.0,1,0,6,12,87,160.0,0,5,0.0,-9,1.0,Abu Sayyaf Group (ASG)
4795,1979,3,10,0,69,8,126,24,41.918891,8.737554,4.0,0,1.0,1,0,3,1,805,69.0,0,6,0.0,1,0.0,Corsican National Liberation Front (FLNC)
68093,2015,6,6,0,160,5,0,53,6.546997,121.880423,3.0,0,1.0,1,0,2,4,93,160.0,0,5,3.0,1,0.0,Abu Sayyaf Group (ASG)
12179,1984,5,8,0,43,3,250,1544,-33.366238,-70.505302,1.0,0,0.0,1,0,3,1,1886,43.0,0,6,0.0,1,0.0,Manuel Rodriguez Patriotic Front (FPMR)
78560,2017,1,20,0,92,6,122,1630,18.821768,84.252903,1.0,1,0.0,0,0,3,20,6,92.0,0,6,0.0,0,0.0,Maoists
75035,2016,6,20,0,147,11,155,1021,7.720561,9.212275,2.0,0,1.0,1,0,2,14,27,147.0,0,5,1.0,0,0.0,Fulani extremists
45866,2008,12,16,0,153,6,485,2708,34.006004,71.53743,1.0,0,0.0,1,0,3,14,3212,153.0,0,6,0.0,1,0.0,Tehrik-i-Taliban Pakistan (TTP)
60773,2014,6,11,0,95,10,30,177,33.303566,44.371773,1.0,0,0.0,1,1,3,3,20,95.0,0,6,20.0,1,0.0,Islamic State of Iraq and the Levant (ISIL)
16214,1986,9,16,0,145,2,403,2138,12.3089,-86.78852,1.0,0,0.0,1,0,2,4,1239,145.0,0,5,1.0,1,0.0,Nicaraguan Democratic Force (FDN)
76827,2016,10,4,0,182,11,65,307,-0.357847,42.54665,1.0,0,0.0,1,0,3,2,427,182.0,0,6,0.0,1,0.0,Al-Shabaab
56727,2013,9,9,0,182,11,63,304,2.059819,45.326115,1.0,0,1.0,1,0,3,2,577,182.0,0,6,0.0,-9,0.0,Al-Shabaab
41694,2004,11,29,0,186,6,206,1450,8.5922,81.196796,3.0,0,0.0,1,0,3,19,1763,186.0,0,6,1.0,1,0.0,Liberation Tigers of Tamil Eelam (LTTE)
9260,1982,10,14,0,61,2,139,853,13.69288,-89.199161,1.0,0,0.0,1,0,2,3,1297,61.0,0,5,1.0,1,0.0,Farabundo Marti National Liberation Front (FMLN)
59441,2014,4,6,0,4,6,466,2601,35.605071,64.120113,2.0,0,1.0,1,0,3,14,547,4.0,0,6,0.0,1,0.0,Taliban
18794,1988,1,24,0,69,8,126,750,41.930607,8.742907,1.0,0,1.0,1,0,3,14,1085,69.0,0,6,0.0,1,0.0,Corsican National Liberation Front (FLNC)
83432,2017,12,10,0,160,5,366,2019,9.71623,125.504322,1.0,0,1.0,0,0,2,3,409,160.0,0,5,1.0,-9,0.0,New People's Army (NPA)
15500,1986,4,21,0,183,11,19,96,-26.184113,28.033232,1.0,0,0.0,1,0,3,14,193,183.0,0,6,0.0,1,0.0,African National Congress (South Africa)
79359,2017,3,12,0,95,10,34,215,36.289417,42.411853,1.0,1,0.0,0,1,3,6,276,95.0,0,6,18.0,0,0.0,Islamic State of Iraq and the Levant (ISIL)
29403,1992,1,6,0,92,6,318,2475,30.898024,75.860077,1.0,0,0.0,1,0,3,1,3015,92.0,0,6,0.0,1,0.0,Sikh Extremists
62541,2014,8,31,0,228,10,51,270,14.739842,46.517463,3.0,0,1.0,1,1,3,4,20,228.0,0,6,4.0,1,0.0,Al-Qaida in the Arabian Peninsula (AQAP)
515,1971,2,15,0,603,8,178,1179,54.607712,-5.95621,1.0,0,0.0,1,0,1,4,1511,216.0,0,5,1.0,0,0.0,Irish Republican Army (IRA)
32372,1994,1,27,0,603,8,46,1185,51.504387,-0.140041,1.0,0,0.0,1,0,7,1,1543,216.0,0,8,0.0,1,0.0,Irish Republican Army (IRA)
48567,2010,9,9,0,92,6,121,597,17.864437,81.408409,1.0,0,0.0,1,0,3,2,916,92.0,0,6,0.0,1,0.0,Communist Party of India - Maoist (CPI-Maoist)
45667,2008,10,25,0,186,6,206,1438,7.733107,81.68882,1.0,0,0.0,1,0,3,15,1800,186.0,0,6,0.0,1,0.0,Liberation Tigers of Tamil Eelam (LTTE)
58357,2014,2,1,0,147,11,104,471,11.063275,7.700373,1.0,0,0.0,1,0,2,15,843,147.0,0,5,3.0,1,0.0,Boko Haram
22135,1989,5,16,0,97,10,412,2215,31.771599,35.2034,1.0,0,0.0,1,0,3,14,2548,97.0,0,6,1.0,1,0.0,Palestinians
25167,1990,6,11,0,186,6,206,1499,7.86778,81.510266,2.0,0,0.0,1,0,2,4,1826,186.0,0,5,0.0,1,0.0,Liberation Tigers of Tamil Eelam (LTTE)
4791,1979,3,10,0,69,8,126,24,41.918891,8.737554,4.0,0,1.0,1,0,3,1,805,69.0,0,6,0.0,1,0.0,Corsican National Liberation Front (FLNC)
79973,2017,4,21,0,92,6,122,1655,18.839444,83.232778,1.0,0,0.0,1,0,6,14,2072,92.0,0,9,1.0,0,1.0,Maoists
65086,2015,1,14,0,214,9,135,821,48.139713,37.643398,1.0,0,0.0,1,0,3,14,855,214.0,0,6,0.0,-9,0.0,Donetsk People's Republic
73057,2016,2,25,0,160,5,373,2009,9.34203,125.516331,1.0,0,0.0,1,0,7,1,2400,160.0,0,8,0.0,1,0.0,New People's Army (NPA)
74693,2016,5,31,0,33,11,294,1757,14.100087,-0.149499,2.0,0,0.0,1,0,2,3,175,33.0,0,5,3.0,1,0.0,Muslim extremists
78805,2017,2,5,0,92,6,119,1654,18.813227,81.579399,1.0,1,0.0,1,0,3,3,85,92.0,0,6,0.0,0,0.0,Maoists
5481,1979,8,22,0,97,10,246,2241,32.178344,34.907985,1.0,0,0.0,1,0,3,14,2601,97.0,0,6,0.0,1,0.0,Palestinians
9576,1983,1,1,0,69,8,126,768,41.785303,8.980413,1.0,0,0.0,1,0,3,1,1126,69.0,0,6,1.0,1,0.0,Corsican National Liberation Front (FLNC)
15867,1986,6,27,0,61,2,145,866,13.676944,-89.279722,1.0,0,0.0,1,0,1,2,1246,61.0,0,5,1.0,0,0.0,Farabundo Marti National Liberation Front (FMLN)
48617,2010,9,18,0,4,6,477,2647,36.474539,66.951146,1.0,0,0.0,1,0,3,2,3158,4.0,0,6,0.0,0,0.0,Taliban
53194,2012,9,8,0,95,10,33,207,34.92485,43.491413,1.0,0,1.0,1,0,3,14,13,95.0,0,6,0.0,1,0.0,Al-Qaida in Iraq
26636,1991,1,29,0,186,6,243,1466,8.8341,80.760739,1.0,0,0.0,1,0,2,4,1775,186.0,0,5,7.0,1,0.0,Liberation Tigers of Tamil Eelam (LTTE)
7436,1981,3,6,0,45,3,423,2341,8.402925,-75.899867,4.0,0,0.0,1,0,2,4,1239,45.0,0,5,3.0,1,0.0,Revolutionary Armed Forces of Colombia (FARC)
57213,2013,10,24,0,147,11,102,495,11.74464,11.970257,1.0,0,1.0,1,0,2,3,861,147.0,0,6,21.0,1,0.0,Boko Haram
19974,1988,7,17,0,45,3,327,1825,6.242026,-75.564766,1.0,0,0.0,1,0,2,15,2273,45.0,0,5,1.0,1,0.0,National Liberation Army of Colombia (ELN)
16498,1986,12,10,0,159,3,256,1556,-11.967368,-76.978462,1.0,0,0.0,1,0,2,3,2868,159.0,0,5,1.0,1,0.0,Shining Path (SL)
18854,1988,1,31,0,92,6,262,2504,28.095366,74.984953,1.0,0,0.0,1,0,1,14,3014,92.0,0,5,2.0,0,0.0,Sikh Extremists
12587,1984,8,7,0,43,3,250,1544,-33.366238,-70.505302,1.0,0,1.0,1,0,3,21,1238,43.0,0,6,0.0,1,0.0,Manuel Rodriguez Patriotic Front (FPMR)
38811,2001,1,18,0,45,3,325,2282,7.10577,-77.76488,1.0,0,0.0,1,0,1,2,2703,45.0,0,5,1.0,0,0.0,Revolutionary Armed Forces of Colombia (FARC)
80767,2017,6,8,0,209,10,211,1341,37.293709,43.671189,3.0,0,0.0,1,0,3,4,1435,209.0,0,6,0.0,1,0.0,Kurdistan Workers' Party (PKK)
52477,2012,7,1,1,92,6,262,1639,23.540541,74.442253,1.0,0,0.0,1,0,6,2,2064,92.0,0,5,0.0,0,1.0,Maoists
64979,2015,1,8,0,123,11,272,1728,14.456878,-4.91545,1.0,0,0.0,1,0,2,14,855,123.0,0,5,0.0,-9,0.0,Muslim extremists
27563,1991,6,15,0,92,6,318,2516,30.860768,75.744748,1.0,0,0.0,1,0,2,19,3028,92.0,0,5,62.0,1,0.0,Sikh Extremists
67257,2015,4,29,1,214,9,135,792,47.981647,37.762325,1.0,0,0.0,1,0,6,12,52,422.0,0,5,1.0,0,1.0,Donetsk People's Republic
29199,1991,12,6,0,97,10,410,2225,32.410221,35.281722,1.0,0,0.0,1,0,3,4,427,97.0,0,6,0.0,1,0.0,Palestinians
32473,1994,2,18,0,69,8,132,770,44.517611,3.501873,1.0,0,0.0,1,0,3,2,1131,69.0,0,6,0.0,1,0.0,Corsican National Liberation Front (FLNC)
22218,1989,5,27,0,185,8,81,24,43.003305,-2.612578,4.0,0,1.0,1,0,7,1,705,185.0,0,8,0.0,1,0.0,Basque Fatherland and Freedom (ETA)
47597,2010,2,10,0,92,6,121,636,22.124002,84.043175,3.0,0,0.0,1,0,3,19,957,92.0,0,6,0.0,1,0.0,Communist Party of India - Maoist (CPI-Maoist)
24705,1990,4,11,0,159,3,256,1556,-11.967368,-76.978462,1.0,0,1.0,1,0,3,8,51,159.0,0,6,0.0,1,0.0,Shining Path (SL)
77736,2016,11,24,0,228,10,57,279,13.586484,44.024105,1.0,0,0.0,1,0,3,14,1222,228.0,0,6,1.0,-9,0.0,Houthi extremists (Ansar Allah)
80687,2017,6,3,0,95,10,34,184,36.354145,43.14357,1.0,0,0.0,1,1,3,4,48,95.0,0,6,13.0,1,0.0,Islamic State of Iraq and the Levant (ISIL)
63459,2014,10,15,0,214,9,135,799,48.346134,38.424828,1.0,0,0.0,1,0,3,4,48,214.0,0,6,0.0,0,0.0,Donetsk People's Republic
76655,2016,9,22,0,92,6,119,637,18.860831,80.721442,3.0,0,0.0,1,0,3,3,2073,92.0,0,6,1.0,-9,0.0,Maoists
67678,2015,5,18,0,209,10,191,1258,36.991419,35.330828,1.0,0,1.0,1,0,3,14,373,209.0,0,6,0.0,1,0.0,Islamic State of Iraq and the Levant (ISIL)
60238,2014,5,18,0,147,11,107,486,11.974328,8.50026,1.0,0,0.0,1,1,3,14,560,147.0,0,6,5.0,-9,0.0,Boko Haram
57598,2013,12,2,0,147,11,100,466,11.840929,13.141459,1.0,0,1.0,1,0,3,3,852,147.0,0,6,1.0,1,0.0,Boko Haram
11054,1983,11,1,0,183,11,19,128,-26.250692,28.441941,1.0,0,0.0,0,0,3,19,255,183.0,0,6,0.0,1,0.0,African National Congress (South Africa)
64271,2014,12,1,0,95,10,30,177,33.303566,44.371773,1.0,0,0.0,1,0,3,14,1618,95.0,0,6,2.0,-9,0.0,Islamic State of Iraq and the Levant (ISIL)
44300,2007,11,12,0,95,10,36,186,31.98958,44.923775,1.0,0,1.0,1,0,7,17,268,95.0,0,5,10.0,1,0.0,Al-Qaida in Iraq
4081,1978,5,15,0,185,8,83,435,43.320664,-3.020252,1.0,0,0.0,1,0,7,1,764,185.0,0,8,1.0,1,0.0,Basque Fatherland and Freedom (ETA)
75632,2016,7,26,0,228,10,170,1768,15.235331,44.334139,1.0,0,0.0,1,0,2,15,354,228.0,0,6,4.0,-9,0.0,Muslim extremists
5418,1979,7,29,0,185,8,84,390,40.465595,-3.696263,1.0,0,0.0,1,0,3,19,707,185.0,0,6,2.0,1,0.0,Basque Fatherland and Freedom (ETA)
42034,2005,5,20,0,186,6,247,1485,6.906671,81.559293,1.0,0,0.0,1,0,3,3,1802,186.0,0,6,0.0,1,0.0,Liberation Tigers of Tamil Eelam (LTTE)
36995,1998,8,4,0,45,3,327,1825,6.242026,-75.564766,1.0,0,1.0,1,0,3,4,2204,45.0,0,6,0.0,1,0.0,National Liberation Army of Colombia (ELN)
29011,1991,11,15,0,92,6,123,2479,15.478569,78.483093,3.0,0,0.0,1,0,3,2,2982,92.0,0,6,2.0,1,0.0,Sikh Extremists
75977,2016,8,15,0,228,10,49,263,13.357599,45.69648,1.0,0,0.0,1,1,3,4,20,228.0,0,6,4.0,-9,0.0,Al-Qaida in the Arabian Peninsula (AQAP)
9988,1983,3,26,0,145,2,401,2169,13.22972,-85.55496,1.0,0,0.0,1,0,2,14,2515,145.0,0,5,5.0,1,0.0,Nicaraguan Democratic Force (FDN)
4813,1979,3,10,0,69,8,126,24,41.918891,8.737554,4.0,0,1.0,1,0,3,1,805,69.0,0,6,0.0,1,0.0,Corsican National Liberation Front (FLNC)
58125,2014,1,16,1,228,10,52,258,14.413989,44.837418,1.0,0,1.0,1,0,6,4,20,228.0,0,5,4.0,1,1.0,Al-Qaida in the Arabian Peninsula (AQAP)
30848,1992,7,28,0,159,3,256,1556,-11.967368,-76.978462,1.0,0,0.0,1,0,3,4,3414,159.0,0,6,0.0,1,0.0,Tupac Amaru Revolutionary Movement (MRTA)
19433,1988,5,1,0,69,8,126,749,42.016854,9.403982,1.0,0,1.0,1,0,3,1,1084,69.0,0,6,0.0,1,0.0,Corsican National Liberation Front (FLNC)
57848,2013,12,26,0,160,5,12,1951,8.455393,125.159241,1.0,0,0.0,1,0,2,4,93,160.0,0,5,1.0,-9,0.0,New People's Army (NPA)
48126,2010,5,28,0,153,6,318,2722,31.50547,74.34288,1.0,0,1.0,1,1,5,15,3220,153.0,0,6,28.0,1,1.0,Tehrik-i-Taliban Pakistan (TTP)
53189,2012,9,8,0,95,10,33,189,33.835629,44.247406,1.0,0,1.0,1,0,3,4,20,95.0,0,6,5.0,1,0.0,Al-Qaida in Iraq
82863,2017,10,23,1,147,11,166,1038,7.353332,6.110294,3.0,0,0.0,1,0,6,3,1352,147.0,0,5,0.0,0,1.0,Fulani extremists
66006,2015,2,24,1,228,10,50,241,15.325443,44.211895,1.0,0,0.0,1,0,6,7,1411,422.0,0,5,0.0,0,1.0,Houthi extremists (Ansar Allah)
5223,1979,5,31,0,69,8,127,91,48.856644,2.34233,1.0,0,0.0,1,0,3,14,1097,69.0,0,6,0.0,1,0.0,Corsican National Liberation Front (FLNC)
79227,2017,3,2,0,147,11,155,1049,7.444978,8.396494,2.0,0,0.0,1,0,2,14,1357,147.0,0,9,6.0,0,0.0,Fulani extremists
18223,1987,10,7,0,92,6,318,24,31.147131,75.341218,4.0,0,1.0,1,0,1,14,2991,92.0,0,5,1.0,0,0.0,Sikh Extremists
29190,1991,12,3,0,183,11,18,139,-29.221678,30.011627,1.0,0,0.0,1,0,2,22,211,183.0,0,5,16.0,1,0.0,African National Congress (South Africa)
41624,2004,9,28,0,141,6,246,1603,27.708754,85.329498,1.0,0,0.0,1,0,3,1,2056,141.0,0,6,0.0,1,0.0,Maoists
47281,2009,10,29,0,92,6,119,615,20.514853,80.904182,2.0,0,0.0,1,0,2,3,932,92.0,0,5,1.0,0,0.0,Communist Party of India - Maoist (CPI-Maoist)
69191,2015,7,30,0,153,6,484,2748,32.995865,70.687074,3.0,0,0.0,1,0,2,4,2055,153.0,0,5,5.0,0,0.0,Tehrik-i-Taliban Pakistan (TTP)
14109,1985,6,21,0,43,3,250,1544,-33.366238,-70.505302,1.0,0,1.0,1,0,3,21,1912,43.0,0,6,0.0,1,0.0,Manuel Rodriguez Patriotic Front (FPMR)
57906,2013,12,31,0,92,6,117,1628,24.871535,86.207106,1.0,0,0.0,1,0,7,1,112,92.0,0,8,0.0,1,0.0,Maoists
68440,2015,6,23,0,92,6,118,1619,23.815092,84.199699,1.0,0,0.0,1,0,3,19,2052,92.0,0,6,0.0,1,0.0,Maoists
37509,1999,7,14,0,186,6,206,1438,7.733107,81.68882,1.0,0,0.0,1,0,3,3,1840,186.0,0,6,1.0,1,0.0,Liberation Tigers of Tamil Eelam (LTTE)
57072,2013,10,9,0,95,10,35,1240,35.323789,43.772096,3.0,0,1.0,1,0,3,3,1614,95.0,0,6,0.0,1,0.0,Islamic State of Iraq and the Levant (ISIL)
20424,1988,10,4,0,43,3,250,1544,-33.366238,-70.505302,1.0,0,1.0,1,0,3,21,1892,43.0,0,6,0.0,1,0.0,Manuel Rodriguez Patriotic Front (FPMR)
73865,2016,4,15,1,160,5,2,63,4.66255,119.394262,1.0,0,0.0,1,0,4,11,110,93.0,0,5,0.0,1,1.0,Abu Sayyaf Group (ASG)
8600,1982,4,13,0,97,10,410,2234,32.243008,35.456097,1.0,0,0.0,1,0,2,4,1444,97.0,0,5,1.0,1,0.0,Palestinians
40500,2002,12,27,0,141,6,246,1603,27.708754,85.329498,1.0,1,0.0,1,0,3,2,2037,141.0,0,6,0.0,1,0.0,Maoists
42155,2005,7,5,0,95,10,30,177,33.303566,44.371773,1.0,1,0.0,0,0,2,7,362,153.0,0,5,0.0,-9,0.0,Al-Qaida in Iraq
12467,1984,7,12,0,183,11,18,97,-29.861824,31.008293,1.0,0,0.0,1,0,3,1,232,183.0,0,6,5.0,1,0.0,African National Congress (South Africa)
65106,2015,1,14,0,214,9,135,792,47.981647,37.762325,1.0,0,0.0,1,0,2,14,27,214.0,0,8,0.0,-9,0.0,Donetsk People's Republic
25335,1990,7,6,0,185,8,81,24,43.003305,-2.612578,4.0,1,1.0,1,0,3,1,689,185.0,0,6,0.0,1,0.0,Basque Fatherland and Freedom (ETA)
49730,2011,6,3,0,160,5,1,22,6.050458,121.012245,1.0,0,0.0,0,0,3,1,122,160.0,0,6,0.0,0,0.0,Abu Sayyaf Group (ASG)
82422,2017,9,20,0,92,6,119,1588,19.362415,81.181007,1.0,0,0.0,1,0,3,3,12,92.0,0,6,0.0,-9,0.0,Maoists
75454,2016,7,13,0,147,11,155,973,7.047112,8.591723,1.0,0,1.0,1,0,2,8,1345,147.0,0,5,2.0,-9,0.0,Fulani extremists
13560,1985,3,28,0,159,3,256,1556,-11.967368,-76.978462,1.0,0,1.0,1,0,3,9,3400,159.0,0,6,1.0,1,0.0,Tupac Amaru Revolutionary Movement (MRTA)
21298,1989,1,31,0,160,5,6,24,6.633477,124.600515,4.0,0,0.0,1,0,2,4,537,160.0,0,5,4.0,1,0.0,New People's Army (NPA)
8142,1981,11,9,0,603,8,178,1186,54.253718,-7.44106,1.0,0,0.0,1,0,1,4,1449,216.0,0,5,1.0,0,0.0,Irish Republican Army (IRA)
35748,1996,9,24,0,45,3,343,1862,3.429344,-76.516037,1.0,1,0.0,1,0,2,19,2276,45.0,0,8,0.0,1,0.0,National Liberation Army of Colombia (ELN)
81684,2017,7,30,0,160,5,12,1995,7.485713,125.044323,1.0,0,0.0,0,0,2,3,12,160.0,0,5,1.0,0,0.0,New People's Army (NPA)
79281,2017,3,6,0,182,11,63,304,2.059819,45.326115,1.0,0,0.0,1,0,2,2,615,182.0,0,5,1.0,0,0.0,Al-Shabaab
42946,2006,4,14,0,186,6,206,1441,8.577826,81.218719,1.0,1,0.0,1,0,3,9,1797,186.0,0,6,0.0,1,0.0,Liberation Tigers of Tamil Eelam (LTTE)
40386,2002,10,17,0,160,5,4,15,6.929089,122.07885,1.0,0,1.0,1,0,3,14,16,160.0,0,6,3.0,1,0.0,Abu Sayyaf Group (ASG)
22015,1989,4,27,0,185,8,81,418,43.267454,-2.020169,1.0,0,0.0,1,0,3,1,757,69.0,0,6,0.0,1,0.0,Basque Fatherland and Freedom (ETA)
66432,2015,3,18,0,228,10,52,258,14.413989,44.837418,1.0,0,0.0,1,0,1,4,470,228.0,0,5,1.0,0,0.0,Al-Qaida in the Arabian Peninsula (AQAP)
82651,2017,10,7,0,160,5,377,1988,18.220096,121.827532,1.0,0,1.0,1,0,5,14,862,160.0,0,5,0.0,1,1.0,New People's Army (NPA)
40829,2003,4,19,0,45,3,336,24,8.670438,-74.030012,4.0,0,0.0,1,0,3,14,2704,45.0,0,6,0.0,-9,0.0,Revolutionary Armed Forces of Colombia (FARC)
12804,1984,9,20,0,69,8,17,91,48.856644,2.34233,1.0,0,0.0,1,0,3,1,1141,69.0,0,6,0.0,1,0.0,Corsican National Liberation Front (FLNC)
53226,2012,9,9,0,95,10,34,184,36.354145,43.14357,1.0,0,1.0,1,0,3,3,85,95.0,0,6,0.0,0,0.0,Al-Qaida in Iraq
16953,1987,4,1,0,159,3,437,2469,-18.006645,-70.246245,1.0,0,0.0,1,0,2,10,1918,159.0,0,5,0.0,1,0.0,Tupac Amaru Revolutionary Movement (MRTA)
32641,1994,3,14,0,159,3,256,1556,-11.967368,-76.978462,1.0,0,0.0,1,0,3,10,2869,159.0,0,6,0.0,1,0.0,Shining Path (SL)
64185,2014,11,26,0,95,10,34,1250,36.407394,42.964626,1.0,0,0.0,1,0,3,3,1608,95.0,0,6,0.0,1,0.0,Islamic State of Iraq and the Levant (ISIL)
43267,2006,8,27,0,186,6,206,1446,7.716666,81.700188,3.0,0,0.0,1,0,2,14,563,186.0,0,5,1.0,0,0.0,Liberation Tigers of Tamil Eelam (LTTE)
36013,1997,1,9,0,69,8,126,765,42.657985,9.414215,1.0,0,0.0,1,0,3,2,1116,69.0,0,6,0.0,1,0.0,Corsican National Liberation Front (FLNC)
32470,1994,2,18,0,160,5,6,27,6.637796,124.599145,1.0,0,0.0,1,0,3,14,34,160.0,0,6,11.0,1,0.0,Abu Sayyaf Group (ASG)
69452,2015,8,12,0,209,10,211,1336,37.570354,44.282055,3.0,0,0.0,0,0,3,20,6,209.0,0,6,0.0,0,0.0,Kurdistan Workers' Party (PKK)
50043,2011,9,7,1,92,6,122,629,18.815236,82.712102,1.0,0,1.0,1,0,6,14,1025,92.0,0,9,1.0,-9,1.0,Communist Party of India - Maoist (CPI-Maoist)
71964,2015,12,28,0,228,10,57,1131,13.181362,43.728558,3.0,0,0.0,1,0,3,14,641,228.0,0,6,2.0,-9,0.0,Houthi extremists (Ansar Allah)
59905,2014,5,1,0,160,5,350,1918,16.990875,120.73286,3.0,0,0.0,1,0,2,4,2330,160.0,0,5,3.0,0,0.0,New People's Army (NPA)
21095,1989,1,6,0,92,6,318,2475,30.898024,75.860077,1.0,0,1.0,0,0,3,14,3071,92.0,0,6,0.0,1,0.0,Sikh Extremists
56953,2013,9,29,0,228,10,57,279,13.586484,44.024105,1.0,0,0.0,1,0,2,3,508,228.0,0,5,1.0,1,0.0,Al-Qaida in the Arabian Peninsula (AQAP)
25556,1990,8,2,0,92,6,123,2539,15.035369,77.28146,1.0,0,0.0,0,0,1,3,3065,92.0,0,5,7.0,0,0.0,Sikh Extremists
80698,2017,6,5,0,92,6,122,687,20.309067,83.728802,1.0,1,0.0,1,0,3,3,162,92.0,0,6,1.0,1,0.0,Communist Party of India - Maoist (CPI-Maoist)
63398,2014,10,13,0,182,11,63,304,2.059819,45.326115,1.0,0,0.0,1,0,6,14,563,182.0,0,9,1.0,0,1.0,Al-Shabaab
51084,2012,2,18,1,92,6,118,591,24.177863,86.306667,3.0,0,0.0,1,0,6,1,2043,92.0,0,5,0.0,1,1.0,Maoists
71096,2015,11,5,0,228,10,57,279,13.586484,44.024105,1.0,0,1.0,1,0,3,14,1226,228.0,0,6,2.0,-9,0.0,Houthi extremists (Ansar Allah)
27238,1991,5,9,0,61,2,139,853,13.69288,-89.199161,1.0,0,0.0,1,0,3,21,1277,61.0,0,5,2.0,1,0.0,Farabundo Marti National Liberation Front (FMLN)
80773,2017,6,9,0,209,10,217,1388,38.178403,41.495567,1.0,0,1.0,1,0,2,2,1697,209.0,0,5,1.0,1,0.0,Kurdistan Workers' Party (PKK)
7089,1980,10,29,0,185,8,81,388,43.291618,-1.977903,1.0,0,0.0,1,0,1,1,752,185.0,0,5,1.0,0,0.0,Basque Fatherland and Freedom (ETA)
34739,1995,10,21,0,186,6,244,1472,7.368333,80.0325,1.0,0,1.0,1,0,2,14,1785,186.0,0,5,31.0,1,0.0,Liberation Tigers of Tamil Eelam (LTTE)
29044,1991,11,15,0,92,6,318,2488,31.633078,74.878288,1.0,0,0.0,0,0,1,22,3033,92.0,0,6,4.0,0,0.0,Sikh Extremists
9310,1982,10,20,0,61,2,147,915,13.89271,-88.043983,1.0,0,0.0,1,0,2,4,1239,61.0,0,5,1.0,1,0.0,Farabundo Marti National Liberation Front (FMLN)
48311,2010,7,7,0,95,10,29,176,33.31065,44.038208,1.0,0,1.0,1,0,3,3,393,95.0,0,6,1.0,1,0.0,Al-Qaida in Iraq
77754,2016,11,25,0,160,5,4,31,7.601144,122.428098,1.0,0,0.0,0,0,2,4,20,160.0,0,5,2.0,0,0.0,Abu Sayyaf Group (ASG)
54129,2012,12,31,0,95,10,31,208,33.848618,44.522125,1.0,0,1.0,1,0,3,15,379,95.0,0,6,2.0,0,0.0,Al-Qaida in Iraq
77437,2016,11,8,0,228,10,48,285,15.45639,45.324871,1.0,0,0.0,0,0,3,14,844,228.0,0,6,0.0,0,0.0,Houthi extremists (Ansar Allah)
7483,1981,3,19,0,155,10,306,2216,31.502407,34.459743,1.0,0,0.0,0,0,3,4,2583,97.0,0,6,0.0,0,0.0,Palestinians
8069,1981,10,14,0,61,2,139,853,13.69288,-89.199161,1.0,0,0.0,1,0,1,14,1311,61.0,0,5,1.0,0,0.0,Farabundo Marti National Liberation Front (FMLN)
44985,2008,5,30,0,4,6,461,2575,32.100204,66.901016,1.0,0,0.0,1,0,2,2,3167,4.0,0,5,2.0,-9,0.0,Taliban
59796,2014,4,24,0,228,10,47,266,15.914915,48.650745,1.0,0,0.0,1,0,2,3,93,228.0,0,6,2.0,1,0.0,Al-Qaida in the Arabian Peninsula (AQAP)
34741,1995,10,21,0,43,3,250,1544,-33.366238,-70.505302,1.0,0,0.0,1,0,3,2,1905,43.0,0,6,0.0,1,0.0,Manuel Rodriguez Patriotic Front (FPMR)
3851,1978,2,10,0,603,8,178,1179,54.607712,-5.95621,1.0,0,0.0,0,0,3,8,1535,233.0,0,6,0.0,1,0.0,Irish Republican Army (IRA)
40119,2002,6,1,0,45,3,327,2340,7.6676,-76.6803,1.0,0,0.0,1,0,3,14,2776,45.0,0,6,9.0,1,0.0,Revolutionary Armed Forces of Colombia (FARC)
66608,2015,3,29,0,160,5,9,1955,6.213642,124.822629,1.0,0,0.0,1,0,3,4,2355,160.0,0,6,1.0,0,0.0,New People's Army (NPA)
48114,2010,5,26,0,92,6,120,607,22.404193,87.379866,3.0,0,0.0,1,0,2,14,1009,92.0,0,5,1.0,-9,0.0,Communist Party of India - Maoist (CPI-Maoist)
20193,1988,8,22,0,92,6,318,2476,31.5325,75.093889,1.0,0,0.0,1,0,1,14,2980,92.0,0,5,3.0,0,0.0,Sikh Extremists
69804,2015,8,29,1,209,10,209,1332,39.022974,39.605467,3.0,0,0.0,1,0,6,14,1658,209.0,0,8,1.0,1,1.0,Kurdistan Workers' Party (PKK)
53398,2012,9,30,0,95,10,31,179,33.74324,44.623825,1.0,1,1.0,1,0,3,3,368,95.0,0,6,0.0,1,0.0,Al-Qaida in Iraq
56838,2013,9,18,0,147,11,102,465,11.247069,12.01246,1.0,0,0.0,1,0,2,14,855,147.0,0,5,1.0,-9,0.0,Boko Haram
9669,1983,1,17,0,159,3,436,2417,-14.054639,-73.088412,3.0,0,0.0,1,0,2,3,1790,159.0,0,5,1.0,1,0.0,Shining Path (SL)
25466,1990,7,26,0,43,3,250,1544,-33.366238,-70.505302,1.0,0,0.0,1,0,3,1,410,43.0,0,6,0.0,1,0.0,Manuel Rodriguez Patriotic Front (FPMR)
74019,2016,4,24,0,153,6,389,2745,34.458016,71.117305,2.0,0,1.0,1,0,3,4,12,153.0,0,6,1.0,0,0.0,Tehrik-i-Taliban Pakistan (TTP)
58928,2014,3,8,0,228,10,49,244,13.887403,45.863647,1.0,0,0.0,1,1,3,4,511,228.0,0,6,6.0,-9,0.0,Al-Qaida in the Arabian Peninsula (AQAP)
54121,2012,12,31,0,95,10,39,194,32.469238,44.416637,1.0,0,1.0,1,0,3,2,351,95.0,0,6,2.0,1,0.0,Al-Qaida in Iraq
46887,2009,7,27,0,147,11,100,466,11.840929,13.141459,1.0,0,1.0,1,0,7,3,873,147.0,0,8,0.0,1,0.0,Boko Haram
1541,1973,11,26,0,603,8,178,1179,54.607712,-5.95621,1.0,0,0.0,1,0,1,14,1479,233.0,0,5,1.0,0,0.0,Irish Republican Army (IRA)
61164,2014,6,30,0,214,9,135,830,48.850691,37.608076,2.0,1,0.0,1,0,2,4,20,214.0,0,5,3.0,-9,0.0,Donetsk People's Republic
27148,1991,4,26,0,92,6,449,2494,30.733315,76.779418,1.0,0,0.0,1,0,1,2,3030,92.0,0,5,1.0,0,0.0,Sikh Extremists
30385,1992,5,21,0,209,10,222,24,37.899242,38.458793,4.0,0,0.0,1,0,2,4,412,209.0,0,5,3.0,1,0.0,Kurdistan Workers' Party (PKK)
18092,1987,9,19,0,45,3,332,24,2.535935,-75.52767,4.0,0,0.0,1,0,2,4,2700,45.0,0,5,2.0,1,0.0,Revolutionary Armed Forces of Colombia (FARC)
3861,1978,2,14,0,97,10,412,2215,31.771599,35.2034,1.0,0,0.0,1,0,3,19,2391,97.0,0,6,2.0,1,0.0,Palestinians
80106,2017,4,30,0,160,5,354,2012,10.716667,122.266667,1.0,0,0.0,0,0,2,4,55,160.0,0,5,0.0,0,0.0,New People's Army (NPA)
58381,2014,2,3,0,95,10,30,177,33.303566,44.371773,1.0,0,1.0,1,0,3,14,334,95.0,0,6,1.0,-9,0.0,Islamic State of Iraq and the Levant (ISIL)
10969,1983,10,14,0,145,2,403,2100,12.19896,-86.7622,1.0,0,0.0,1,0,3,21,2473,145.0,0,6,1.0,1,0.0,Nicaraguan Democratic Force (FDN)
75437,2016,7,12,0,147,11,155,971,7.350826,8.836276,4.0,0,1.0,1,0,2,14,13,147.0,0,5,2.0,-9,0.0,Fulani extremists
31252,1992,9,14,0,183,11,18,110,-30.139609,30.835763,1.0,0,0.0,1,0,2,22,59,183.0,0,5,7.0,1,0.0,African National Congress (South Africa)
53073,2012,8,25,0,113,10,286,1742,32.867867,13.189067,1.0,0,1.0,1,0,7,15,2137,113.0,0,10,0.0,1,0.0,Muslim extremists
29976,1992,3,25,0,75,8,228,902,52.50153,13.401851,1.0,0,1.0,1,0,7,6,410,209.0,0,9,0.0,1,0.0,Kurdistan Workers' Party (PKK)
57299,2013,11,2,0,228,10,49,272,13.850725,46.201563,3.0,0,0.0,1,0,2,4,495,228.0,0,5,4.0,0,0.0,Al-Qaida in the Arabian Peninsula (AQAP)
31640,1992,10,30,0,603,8,178,1179,54.607712,-5.95621,1.0,0,1.0,1,0,2,14,1458,233.0,0,5,0.0,0,0.0,Irish Republican Army (IRA)
43471,2006,12,28,0,160,5,6,61,6.697343,125.082779,1.0,0,0.0,1,0,3,14,6,160.0,0,6,0.0,-9,0.0,Abu Sayyaf Group (ASG)
61825,2014,7,25,0,92,6,122,1635,20.200051,83.916612,1.0,0,1.0,1,0,6,2,2061,92.0,0,5,1.0,0,1.0,Maoists
54616,2013,2,16,0,160,5,355,2025,7.448212,125.809424,2.0,0,0.0,1,0,3,4,2419,160.0,0,6,0.0,1,0.0,New People's Army (NPA)
49101,2010,12,30,0,92,6,121,689,19.17,83.42,3.0,0,0.0,1,0,2,3,1018,92.0,0,5,1.0,0,0.0,Communist Party of India - Maoist (CPI-Maoist)
19649,1988,5,28,0,43,3,250,1544,-33.366238,-70.505302,1.0,0,0.0,0,0,1,4,1926,43.0,0,6,0.0,0,0.0,Manuel Rodriguez Patriotic Front (FPMR)
75439,2016,7,12,0,147,11,155,1065,7.350826,8.836276,2.0,0,1.0,1,0,2,14,13,147.0,0,5,1.0,-9,0.0,Fulani extremists
17164,1987,4,29,0,160,5,11,43,14.596051,120.978666,1.0,0,0.0,0,0,1,3,545,160.0,0,5,0.0,0,0.0,New People's Army (NPA)
51682,2012,4,18,0,228,10,45,267,12.8,45.033333,2.0,0,0.0,1,1,3,4,481,228.0,0,6,1.0,0,0.0,Al-Qaida in the Arabian Peninsula (AQAP)
49331,2011,2,27,0,228,10,47,276,14.762732,49.605728,1.0,0,0.0,1,0,1,2,500,228.0,0,5,1.0,0,0.0,Al-Qaida in the Arabian Peninsula (AQAP)
31301,1992,9,19,0,209,10,217,1360,37.885793,41.130124,1.0,0,0.0,1,0,2,1,1686,209.0,0,5,0.0,1,0.0,Kurdistan Workers' Party (PKK)
67630,2015,5,24,0,92,6,119,698,18.769489,82.036771,1.0,0,0.0,1,0,1,2,1030,92.0,0,5,1.0,0,0.0,Communist Party of India - Maoist (CPI-Maoist)
26274,1990,12,4,0,92,6,318,2478,32.040763,75.401886,3.0,0,0.0,1,0,1,3,2981,92.0,0,5,1.0,0,0.0,Sikh Extremists
39725,2001,12,14,0,155,10,306,2230,31.355579,34.274364,1.0,0,0.0,1,0,3,14,2567,155.0,0,6,0.0,-9,0.0,Palestinians
19497,1988,5,3,0,159,3,432,2394,-12.939782,-74.247478,1.0,0,0.0,1,0,1,3,2850,159.0,0,5,1.0,0,0.0,Shining Path (SL)
21411,1989,2,16,0,92,6,318,2475,30.898024,75.860077,1.0,0,0.0,1,0,1,1,3047,92.0,0,5,3.0,0,0.0,Sikh Extremists
28539,1991,9,27,0,209,10,213,1369,37.415668,41.371505,1.0,0,0.0,1,0,2,4,412,209.0,0,5,0.0,1,0.0,Kurdistan Workers' Party (PKK)
22691,1989,8,11,0,92,6,318,2485,30.34,76.38,1.0,0,0.0,1,0,1,2,3060,92.0,0,5,2.0,0,0.0,Sikh Extremists
62534,2014,8,28,0,110,10,192,1753,34.183155,36.442126,2.0,0,0.0,1,0,2,4,412,110.0,0,5,1.0,1,-9.0,Muslim extremists
52699,2012,7,23,0,95,10,35,206,35.688611,44.109167,1.0,0,1.0,1,0,3,20,6,95.0,0,6,0.0,0,0.0,Al-Qaida in Iraq
14736,1985,11,7,0,159,3,256,1556,-11.967368,-76.978462,1.0,0,0.0,1,0,3,7,181,217.0,0,6,0.0,1,0.0,Tupac Amaru Revolutionary Movement (MRTA)
54211,2013,1,7,1,4,6,466,2627,35.612064,64.750701,2.0,0,0.0,1,0,6,12,3148,422.0,0,5,1.0,0,1.0,Taliban
51265,2012,3,5,0,228,10,52,248,13.985013,45.558479,1.0,0,0.0,1,0,2,4,521,228.0,0,5,1.0,0,0.0,Al-Qaida in the Arabian Peninsula (AQAP)
2389,1975,10,9,0,603,8,178,1182,54.077313,-6.608787,1.0,0,0.0,1,0,3,4,1530,216.0,0,6,1.0,1,0.0,Irish Republican Army (IRA)
75695,2016,7,30,0,214,9,135,809,47.942608,37.505135,1.0,0,0.0,0,0,2,4,48,214.0,0,5,0.0,0,0.0,Donetsk People's Republic
55299,2013,4,29,0,208,10,293,1755,35.239591,8.750597,1.0,1,1.0,1,0,3,4,48,208.0,0,6,0.0,0,0.0,Muslim extremists
68974,2015,7,20,0,160,5,371,1999,12.872289,124.009018,1.0,0,1.0,0,0,2,4,48,160.0,0,5,0.0,0,0.0,New People's Army (NPA)
63044,2014,9,26,0,147,11,155,1009,7.009482,9.492837,1.0,0,0.0,1,0,6,14,855,147.0,0,5,4.0,1,1.0,Fulani extremists
38617,2000,11,22,1,160,5,0,32,6.720228,122.030205,2.0,0,0.0,1,0,6,14,39,160.0,0,5,0.0,0,1.0,Abu Sayyaf Group (ASG)
12429,1984,7,6,0,145,2,391,2155,13.85738,-85.73339,1.0,1,0.0,1,0,2,4,1239,145.0,0,5,3.0,1,0.0,Nicaraguan Democratic Force (FDN)
42159,2005,7,6,0,186,6,206,1451,7.414383,81.830633,1.0,0,0.0,1,0,2,3,1762,186.0,0,5,0.0,0,0.0,Liberation Tigers of Tamil Eelam (LTTE)
74101,2016,4,28,0,209,10,189,1254,36.833508,38.000553,1.0,1,0.0,1,0,3,4,1611,209.0,0,6,0.0,1,0.0,Islamic State of Iraq and the Levant (ISIL)
10842,1983,9,17,0,145,2,399,2089,11.948379,-86.300271,1.0,0,0.0,1,0,2,4,1239,145.0,0,5,1.0,1,0.0,Nicaraguan Democratic Force (FDN)
69215,2015,8,1,0,209,10,213,1389,37.418099,41.268707,1.0,0,0.0,1,0,3,4,409,209.0,0,6,1.0,1,0.0,Kurdistan Workers' Party (PKK)
47100,2009,9,14,0,92,6,120,626,22.865428,86.942807,1.0,0,0.0,1,0,2,14,1005,92.0,0,5,1.0,0,0.0,Communist Party of India - Maoist (CPI-Maoist)
53976,2012,12,3,0,160,5,367,1950,12.05,125.067,1.0,0,0.0,1,0,2,2,2352,160.0,0,5,0.0,1,0.0,New People's Army (NPA)
8707,1982,5,3,0,97,10,306,2248,31.537834,34.489532,1.0,0,0.0,1,0,3,14,2613,97.0,0,6,1.0,1,0.0,Palestinians
80617,2017,5,30,1,160,5,10,41,7.706753,122.138522,1.0,0,0.0,1,0,6,4,57,160.0,0,5,1.0,0,1.0,Abu Sayyaf Group (ASG)
20262,1988,9,2,0,183,11,21,151,-26.947957,29.248645,1.0,0,0.0,0,0,3,2,271,183.0,0,6,0.0,1,0.0,African National Congress (South Africa)
43340,2006,10,2,0,186,6,206,1442,6.875271,81.830633,1.0,0,0.0,1,0,2,3,1751,186.0,0,5,1.0,0,0.0,Liberation Tigers of Tamil Eelam (LTTE)
1479,1973,8,26,0,603,8,178,1179,54.607712,-5.95621,1.0,0,0.0,1,0,1,14,1512,233.0,0,5,1.0,0,0.0,Irish Republican Army (IRA)
37157,1999,1,12,0,160,5,5,23,7.083241,125.600998,1.0,0,1.0,1,0,3,19,24,160.0,0,6,0.0,1,0.0,Abu Sayyaf Group (ASG)
81531,2017,7,20,0,95,10,29,1268,33.423328,41.125052,3.0,0,0.0,0,1,3,20,6,95.0,0,6,0.0,0,0.0,Islamic State of Iraq and the Levant (ISIL)
53390,2012,9,30,0,95,10,33,187,33.540672,44.251266,1.0,0,1.0,1,0,3,14,13,95.0,0,6,2.0,-9,0.0,Al-Qaida in Iraq
64301,2014,12,3,0,182,11,63,304,2.059819,45.326115,1.0,0,0.0,1,1,3,7,162,422.0,0,6,4.0,1,0.0,Al-Shabaab
53361,2012,9,27,0,228,10,47,251,15.840202,48.45438,1.0,0,0.0,1,0,3,2,56,228.0,0,6,3.0,0,0.0,Al-Qaida in the Arabian Peninsula (AQAP)
51051,2012,2,13,0,182,11,63,323,2.027701,45.275927,2.0,0,0.0,1,0,2,4,427,422.0,0,6,1.0,1,0.0,Al-Shabaab
6352,1980,3,11,0,97,10,412,2238,31.830866,34.955151,1.0,0,0.0,1,0,3,14,2590,97.0,0,6,0.0,1,0.0,Palestinians
34066,1995,3,29,0,75,8,181,1397,50.940664,6.959912,1.0,0,0.0,1,0,7,1,1685,209.0,0,8,0.0,1,0.0,Kurdistan Workers' Party (PKK)
73262,2016,3,8,0,147,11,155,1029,7.870772,7.891211,2.0,0,1.0,1,0,2,14,27,147.0,0,5,2.0,1,0.0,Fulani extremists
16965,1987,4,3,0,603,8,178,1179,54.607712,-5.95621,1.0,0,0.0,1,0,1,14,1488,233.0,0,5,2.0,0,0.0,Irish Republican Army (IRA)
40346,2002,9,23,0,93,5,284,1739,-6.208821,106.846046,1.0,0,0.0,0,0,3,7,1890,217.0,0,6,1.0,-9,0.0,Muslim extremists
24316,1990,2,27,0,185,8,94,433,39.470239,-0.376805,1.0,0,0.0,0,0,1,4,753,185.0,0,6,0.0,0,0.0,Basque Fatherland and Freedom (ETA)
76274,2016,9,4,0,153,6,389,2738,34.552243,71.257927,2.0,0,1.0,1,0,3,3,2103,153.0,0,6,1.0,0,0.0,Tehrik-i-Taliban Pakistan (TTP)
26199,1990,11,26,0,159,3,256,1556,-11.967368,-76.978462,1.0,0,0.0,1,0,6,1,3364,159.0,0,5,0.0,0,1.0,Tupac Amaru Revolutionary Movement (MRTA)
68529,2015,6,28,0,228,10,45,284,12.867085,44.981911,1.0,0,1.0,1,0,3,14,1226,228.0,0,6,4.0,-9,0.0,Houthi extremists (Ansar Allah)
51014,2012,2,7,0,92,6,119,1608,18.583752,80.769661,1.0,0,0.0,1,0,2,1,2042,92.0,0,5,0.0,1,0.0,Maoists
72147,2016,1,7,0,214,9,135,813,48.327225,38.025673,1.0,0,0.0,1,0,6,7,1197,422.0,0,5,0.0,0,1.0,Donetsk People's Republic
36553,1997,10,8,0,45,3,326,2325,1.93514,-77.30609,1.0,0,0.0,1,0,2,3,2763,45.0,0,5,1.0,1,0.0,Revolutionary Armed Forces of Colombia (FARC)
31631,1992,10,30,0,92,6,318,2538,30.79503,75.476073,1.0,0,0.0,1,0,2,14,3061,92.0,0,5,18.0,0,0.0,Sikh Extremists
12359,1984,6,21,0,43,3,250,1544,-33.366238,-70.505302,1.0,0,0.0,1,0,4,19,1957,43.0,0,5,1.0,1,1.0,Manuel Rodriguez Patriotic Front (FPMR)
27764,1991,7,9,0,159,3,430,2429,-12.068306,-75.210163,3.0,0,0.0,1,0,1,2,2906,159.0,0,5,1.0,0,0.0,Shining Path (SL)
24872,1990,5,5,0,603,8,178,1226,54.131402,-6.586387,1.0,0,0.0,1,0,1,4,1553,216.0,0,5,1.0,0,0.0,Irish Republican Army (IRA)
60553,2014,5,31,1,153,6,486,2719,24.891115,67.143311,1.0,0,0.0,1,0,6,14,3217,153.0,0,5,0.0,0,1.0,Tehrik-i-Taliban Pakistan (TTP)
51444,2012,3,25,0,4,6,467,2774,35.409873,71.338644,3.0,0,0.0,1,0,7,2,3279,4.0,0,8,0.0,1,0.0,Tehrik-i-Taliban Pakistan (TTP)
72599,2016,2,1,0,209,10,219,1343,37.922218,40.184376,1.0,0,0.0,1,0,2,3,85,209.0,0,5,3.0,0,0.0,Kurdistan Workers' Party (PKK)
42279,2005,8,10,0,160,5,4,15,6.929089,122.07885,1.0,0,1.0,1,0,3,19,36,160.0,0,6,0.0,1,0.0,Abu Sayyaf Group (ASG)
23612,1989,11,5,0,97,10,412,2215,31.771599,35.2034,1.0,0,0.0,0,0,1,14,2543,97.0,0,9,0.0,0,0.0,Palestinians
28952,1991,11,6,0,97,10,410,2225,32.410221,35.281722,1.0,0,0.0,1,0,8,4,12,97.0,0,9,0.0,1,0.0,Palestinians
23648,1989,11,9,0,159,3,256,2435,-10.754073,-77.760992,1.0,0,1.0,1,0,3,8,51,159.0,0,6,0.0,1,0.0,Shining Path (SL)
59086,2014,3,17,0,4,6,473,2649,34.468208,62.185609,3.0,0,0.0,1,0,1,2,3163,4.0,0,5,2.0,0,0.0,Taliban
61625,2014,7,16,1,147,11,100,472,12.359468,14.210929,1.0,0,0.0,1,0,6,14,847,147.0,0,5,1.0,0,1.0,Boko Haram
58510,2014,2,12,0,4,6,459,2571,32.690185,62.735282,3.0,0,0.0,1,0,2,4,345,4.0,0,5,1.0,0,0.0,Taliban
39842,2002,2,8,0,160,5,1,2,6.089515,121.105521,1.0,0,0.0,1,0,2,4,30,160.0,0,5,5.0,-9,0.0,Abu Sayyaf Group (ASG)
51259,2012,3,5,0,95,10,29,178,34.160587,42.37254,1.0,0,1.0,1,0,2,3,20,95.0,0,5,14.0,0,0.0,Al-Qaida in Iraq
22244,1989,6,1,0,92,6,318,2510,30.679722,76.721944,1.0,0,0.0,1,0,1,10,3021,92.0,0,5,2.0,0,0.0,Sikh Extremists
18176,1987,9,30,0,43,3,250,1544,-33.366238,-70.505302,1.0,0,1.0,1,0,3,1,1106,43.0,0,6,0.0,1,0.0,Manuel Rodriguez Patriotic Front (FPMR)
3294,1977,6,7,0,185,8,83,382,43.258434,-2.921819,1.0,0,0.0,1,0,2,14,409,185.0,0,8,0.0,1,0.0,Basque Fatherland and Freedom (ETA)
49179,2011,1,18,0,95,10,33,202,34.621521,43.668377,1.0,0,0.0,1,1,3,3,407,95.0,0,6,61.0,1,0.0,Al-Qaida in Iraq
61923,2014,7,29,0,160,5,355,1963,7.837468,125.611574,2.0,0,0.0,1,0,3,4,2362,160.0,0,6,2.0,0,0.0,New People's Army (NPA)
77155,2016,10,22,0,92,6,118,1578,23.047112,84.541155,2.0,0,1.0,1,0,6,14,2017,92.0,0,5,1.0,0,1.0,Maoists
77435,2016,11,8,0,228,10,51,260,14.360278,47.341944,1.0,0,0.0,1,0,3,14,469,228.0,0,6,2.0,1,0.0,Al-Qaida in the Arabian Peninsula (AQAP)
35175,1996,3,21,0,185,8,84,390,40.465595,-3.696263,1.0,0,0.0,0,0,3,1,668,69.0,0,6,0.0,1,0.0,Basque Fatherland and Freedom (ETA)
60259,2014,5,19,0,113,10,283,1738,32.094952,20.268871,1.0,0,0.0,1,0,3,6,276,113.0,0,6,0.0,-9,0.0,Muslim extremists
71595,2015,12,6,0,4,6,457,2592,32.076694,65.173805,1.0,0,0.0,1,0,2,3,20,4.0,0,5,12.0,1,0.0,Taliban
28732,1991,10,20,0,92,6,318,2475,30.898024,75.860077,1.0,1,1.0,1,0,7,1,805,92.0,0,8,0.0,1,0.0,Sikh Extremists
29636,1992,2,7,0,603,8,46,1185,51.504387,-0.140041,1.0,0,0.0,1,0,7,19,1532,216.0,0,8,0.0,1,0.0,Irish Republican Army (IRA)
27612,1991,6,20,1,45,3,328,1819,4.667128,-74.106056,1.0,0,0.0,1,0,6,2,2285,45.0,0,5,0.0,0,1.0,National Liberation Army of Colombia (ELN)
60676,2014,6,7,0,214,9,135,790,48.596962,37.998299,1.0,0,0.0,1,0,3,4,1189,214.0,0,6,0.0,1,0.0,Donetsk People's Republic
52795,2012,8,1,0,153,6,389,2781,32.667476,69.859741,1.0,0,0.0,1,0,2,4,2055,153.0,0,5,9.0,0,0.0,Tehrik-i-Taliban Pakistan (TTP)
16436,1986,11,15,0,61,2,148,871,13.516667,-88.383333,1.0,0,1.0,1,0,3,21,1258,61.0,0,6,0.0,1,0.0,Farabundo Marti National Liberation Front (FMLN)
12233,1984,5,16,0,137,11,22,105,-26.199643,32.138373,1.0,0,0.0,1,0,2,19,201,197.0,0,5,0.0,1,0.0,African National Congress (South Africa)
16378,1986,11,4,0,145,2,397,24,12.492724,-85.520024,4.0,0,0.0,1,0,2,4,1239,145.0,0,5,22.0,1,0.0,Nicaraguan Democratic Force (FDN)
59085,2014,3,17,0,147,11,102,496,11.485018,12.311891,1.0,0,0.0,1,0,2,14,862,147.0,0,6,9.0,0,0.0,Boko Haram
59853,2014,4,28,0,45,3,324,24,7.946283,-72.898807,4.0,0,0.0,1,0,7,1,2256,45.0,0,8,0.0,1,0.0,National Liberation Army of Colombia (ELN)
43080,2006,6,14,0,186,6,73,1512,9.795275,79.989203,1.0,0,0.0,1,0,3,3,1835,186.0,0,6,0.0,1,0.0,Liberation Tigers of Tamil Eelam (LTTE)
59863,2014,4,28,0,228,10,50,241,15.325443,44.211895,1.0,0,0.0,0,0,6,7,509,75.0,0,5,0.0,1,0.0,Al-Qaida in the Arabian Peninsula (AQAP)
67503,2015,5,10,0,160,5,0,59,6.606469,122.192254,1.0,0,0.0,0,0,3,16,104,160.0,0,6,0.0,0,0.0,Abu Sayyaf Group (ASG)
30290,1992,5,10,0,45,3,327,1825,6.242026,-75.564766,1.0,0,0.0,1,0,3,1,2782,45.0,0,6,0.0,1,0.0,Revolutionary Armed Forces of Colombia (FARC)
49545,2011,4,22,0,228,10,49,255,13.129726,45.385571,1.0,0,0.0,1,0,2,3,496,228.0,0,5,1.0,-9,0.0,Al-Qaida in the Arabian Peninsula (AQAP)
25946,1990,10,15,0,159,3,256,1556,-11.967368,-76.978462,1.0,0,1.0,1,0,2,19,56,159.0,0,8,0.0,1,0.0,Shining Path (SL)
63642,2014,11,1,0,182,11,65,336,0.249167,42.778889,3.0,0,0.0,1,0,3,4,162,422.0,0,6,7.0,0,0.0,Al-Shabaab
20213,1988,8,26,0,186,6,206,1440,7.301756,81.67473,3.0,0,0.0,1,0,1,14,1817,186.0,0,9,10.0,0,0.0,Liberation Tigers of Tamil Eelam (LTTE)
18357,1987,11,1,0,92,6,451,2522,30.795441,77.069611,1.0,0,0.0,1,0,2,3,3027,92.0,0,5,4.0,1,0.0,Sikh Extremists
20316,1988,9,13,0,186,6,206,1460,6.872087,81.72263,1.0,0,0.0,1,0,3,3,683,186.0,0,6,8.0,1,0.0,Liberation Tigers of Tamil Eelam (LTTE)
17654,1987,7,18,0,603,8,178,1190,54.482055,-8.088244,1.0,0,0.0,1,0,2,4,1460,216.0,0,5,1.0,1,0.0,Irish Republican Army (IRA)
17416,1987,6,13,0,145,2,392,898,13.6772,-86.3153,1.0,0,0.0,1,0,3,16,2487,145.0,0,6,0.0,1,0.0,Nicaraguan Democratic Force (FDN)
72929,2016,2,19,0,37,11,109,489,10.866518,14.150657,1.0,0,0.0,1,1,3,8,51,37.0,0,6,2.0,0,0.0,Boko Haram
4653,1979,1,26,0,155,10,410,2255,31.764162,35.2577,1.0,0,0.0,1,0,3,14,2622,97.0,0,6,0.0,1,0.0,Palestinians
12963,1984,10,23,0,145,2,394,2144,13.458317,-86.398527,2.0,1,0.0,1,0,2,4,1239,145.0,0,5,1.0,1,0.0,Nicaraguan Democratic Force (FDN)
17951,1987,8,30,0,159,3,432,2391,-13.152712,-74.218628,1.0,0,0.0,1,0,2,2,2883,159.0,0,5,1.0,1,0.0,Shining Path (SL)
67294,2015,5,1,0,160,5,0,59,6.606469,122.192254,1.0,0,0.0,1,0,6,14,108,160.0,0,9,1.0,0,1.0,Abu Sayyaf Group (ASG)
71659,2015,12,12,0,228,10,50,241,15.325443,44.211895,1.0,0,0.0,1,0,2,7,1408,155.0,0,5,0.0,0,0.0,Houthi extremists (Ansar Allah)
45545,2008,9,22,0,185,8,86,419,43.442153,-3.453193,1.0,0,0.0,1,0,3,4,728,185.0,0,6,1.0,1,0.0,Basque Fatherland and Freedom (ETA)
41994,2005,5,7,0,95,10,30,177,33.303566,44.371773,1.0,0,0.0,1,1,3,14,340,217.0,0,6,22.0,1,0.0,Al-Qaida in Iraq
14734,1985,11,6,0,159,3,256,1556,-11.967368,-76.978462,1.0,0,0.0,1,0,2,3,3398,159.0,0,5,1.0,1,0.0,Tupac Amaru Revolutionary Movement (MRTA)
19168,1988,3,18,0,61,2,139,907,13.79833,-89.17889,1.0,0,1.0,1,0,3,21,1290,61.0,0,6,0.0,1,0.0,Farabundo Marti National Liberation Front (FMLN)
26912,1991,3,18,0,92,6,447,2480,28.585836,77.153336,1.0,0,0.0,1,0,3,1,3036,92.0,0,6,1.0,1,0.0,Sikh Extremists
49235,2011,2,2,0,147,11,100,460,10.6111,12.195,1.0,0,0.0,1,0,2,3,838,147.0,0,5,1.0,-9,0.0,Boko Haram
53330,2012,9,22,0,228,10,45,236,12.825647,44.846416,1.0,0,0.0,1,1,3,17,485,228.0,0,6,1.0,0,0.0,Al-Qaida in the Arabian Peninsula (AQAP)
80169,2017,5,7,0,160,5,365,1972,16.983334,122.01667,1.0,0,0.0,0,0,2,4,55,160.0,0,5,0.0,0,0.0,New People's Army (NPA)
9482,1982,12,8,0,45,3,423,24,8.402925,-75.899867,4.0,0,0.0,1,0,1,14,2702,45.0,0,5,7.0,0,0.0,Revolutionary Armed Forces of Colombia (FARC)
72409,2016,1,21,0,228,10,47,24,16.930414,49.365315,4.0,0,0.0,1,0,3,4,409,228.0,0,6,4.0,1,0.0,Al-Qaida in the Arabian Peninsula (AQAP)
6759,1980,7,2,0,61,2,139,853,13.69288,-89.199161,1.0,0,1.0,1,0,3,1,242,61.0,0,6,1.0,1,0.0,Farabundo Marti National Liberation Front (FMLN)
81811,2017,8,7,0,153,6,318,2722,31.578721,74.268464,1.0,1,0.0,0,0,2,3,85,153.0,0,5,4.0,0,0.0,Tehrik-i-Taliban Pakistan (TTP)
29529,1992,1,23,0,159,3,430,2815,-11.254239,-74.636893,1.0,0,0.0,1,0,2,4,1265,159.0,0,5,7.0,1,0.0,Tupac Amaru Revolutionary Movement (MRTA)
32358,1994,1,26,0,185,8,89,404,42.815372,-1.653616,1.0,0,1.0,1,0,3,1,705,185.0,0,6,0.0,1,0.0,Basque Fatherland and Freedom (ETA)
58370,2014,2,2,0,92,6,119,1648,20.196479,81.064575,2.0,0,0.0,1,0,3,3,12,92.0,0,6,1.0,0,0.0,Maoists
22719,1989,8,15,0,209,10,210,1327,37.527015,43.008353,1.0,0,0.0,1,0,2,14,1655,209.0,0,5,6.0,1,0.0,Kurdistan Workers' Party (PKK)
60367,2014,5,23,1,147,11,102,465,11.247069,12.01246,1.0,0,1.0,1,0,6,1,877,147.0,0,5,1.0,1,1.0,Boko Haram
38752,2000,12,28,0,160,5,1,22,6.050458,121.012245,1.0,0,0.0,1,0,1,15,82,160.0,0,5,2.0,0,0.0,Abu Sayyaf Group (ASG)
33167,1994,6,18,0,185,8,81,413,43.222177,-2.885668,1.0,0,0.0,1,0,3,3,718,185.0,0,6,0.0,1,0.0,Basque Fatherland and Freedom (ETA)
76110,2016,8,23,0,160,5,0,0,6.448534,121.968092,3.0,0,0.0,1,0,2,4,48,160.0,0,5,1.0,0,0.0,Abu Sayyaf Group (ASG)
10725,1983,8,24,0,159,3,432,2401,-13.65311,-73.95396,1.0,0,0.0,1,0,1,8,2864,159.0,0,5,1.0,0,0.0,Shining Path (SL)
63208,2014,10,3,1,147,11,110,987,9.504524,8.704164,1.0,0,1.0,1,0,2,14,27,147.0,0,5,2.0,1,-9.0,Fulani extremists
78051,2016,12,15,0,182,11,63,304,2.059819,45.326115,1.0,0,1.0,0,1,1,1,361,182.0,0,6,1.0,1,0.0,Al-Shabaab
45471,2008,9,2,0,153,6,485,2777,34.92969,72.416834,1.0,0,0.0,1,0,3,1,3283,4.0,0,6,0.0,1,0.0,Tehrik-i-Taliban Pakistan (TTP)
68288,2015,6,15,0,200,10,187,1720,36.201721,37.14352,1.0,0,1.0,1,0,3,14,1222,200.0,0,6,4.0,-9,0.0,Muslim extremists
70999,2015,10,31,0,200,10,202,1294,34.24189,37.04668,1.0,0,1.0,1,1,3,4,1634,200.0,0,6,1.0,0,0.0,Islamic State of Iraq and the Levant (ISIL)
38505,2000,10,16,0,185,8,82,410,37.38264,-5.996295,1.0,0,1.0,1,0,1,4,710,185.0,0,5,2.0,0,0.0,Basque Fatherland and Freedom (ETA)
16958,1987,4,2,0,159,3,256,1556,-11.967368,-76.978462,1.0,0,0.0,1,0,3,3,1577,159.0,0,6,0.0,1,0.0,Shining Path (SL)
28333,1991,9,6,0,69,8,126,766,42.63651,8.937046,1.0,0,0.0,1,0,3,2,1117,69.0,0,6,0.0,1,0.0,Corsican National Liberation Front (FLNC)
18134,1987,9,25,0,43,3,250,1544,-33.366238,-70.505302,1.0,0,0.0,1,0,2,19,1938,43.0,0,8,0.0,1,0.0,Manuel Rodriguez Patriotic Front (FPMR)
5278,1979,6,14,0,185,8,81,388,43.291618,-1.977903,1.0,0,0.0,1,0,3,14,743,185.0,0,6,0.0,1,0.0,Basque Fatherland and Freedom (ETA)
57038,2013,10,7,0,45,3,331,2360,7.100893,-73.846207,1.0,0,0.0,1,0,3,21,2246,45.0,0,6,0.0,1,0.0,Revolutionary Armed Forces of Colombia (FARC)
65265,2015,1,20,0,92,6,119,1587,19.984386,80.719147,1.0,0,0.0,1,0,3,3,2023,92.0,0,6,0.0,0,0.0,Maoists
40150,2002,6,14,0,45,3,342,2317,5.336134,-74.303539,1.0,0,0.0,1,0,4,1,2748,45.0,0,5,5.0,-9,0.0,Revolutionary Armed Forces of Colombia (FARC)
12144,1984,5,1,0,159,3,256,1556,-11.967368,-76.978462,1.0,0,0.0,0,0,1,3,2900,159.0,0,5,0.0,0,0.0,Shining Path (SL)
60664,2014,6,6,0,214,9,135,830,48.851688,37.613808,1.0,1,0.0,1,0,2,4,1216,214.0,0,5,0.0,1,0.0,Donetsk People's Republic
46187,2009,3,1,0,92,6,117,682,25.314437,86.542191,1.0,0,0.0,1,0,7,19,1008,92.0,0,8,0.0,1,0.0,Communist Party of India - Maoist (CPI-Maoist)
52415,2012,6,25,0,182,11,63,323,2.059819,45.326115,1.0,0,0.0,1,0,3,4,162,209.0,0,6,0.0,0,0.0,Al-Shabaab
51655,2012,4,15,0,153,6,389,2714,32.56699,69.831711,1.0,0,0.0,1,0,2,4,20,153.0,0,5,1.0,-9,0.0,Tehrik-i-Taliban Pakistan (TTP)
37151,1999,1,8,0,160,5,12,60,8.304936,125.003254,3.0,0,0.0,1,0,3,19,106,160.0,0,6,1.0,1,0.0,Abu Sayyaf Group (ASG)
77803,2016,11,27,0,153,6,486,2711,24.891115,67.143311,1.0,0,1.0,1,0,1,3,3228,153.0,0,5,1.0,0,0.0,Tehrik-i-Taliban Pakistan (TTP)
12743,1984,9,5,0,183,11,24,109,-25.661361,27.247563,1.0,0,0.0,1,0,3,21,207,183.0,0,6,0.0,1,0.0,African National Congress (South Africa)
31930,1992,12,1,0,209,10,229,1379,40.039118,43.659959,1.0,0,0.0,1,0,2,14,1688,209.0,0,5,8.0,1,0.0,Kurdistan Workers' Party (PKK)
58436,2014,2,7,0,95,10,30,177,33.303566,44.371773,1.0,0,0.0,1,0,2,14,1631,95.0,0,5,1.0,0,0.0,Islamic State of Iraq and the Levant (ISIL)
42088,2005,6,9,0,45,3,424,2344,0.66643,-76.87192,3.0,0,0.0,1,0,3,21,2781,45.0,0,6,0.0,1,0.0,Revolutionary Armed Forces of Colombia (FARC)
28068,1991,8,7,0,159,3,430,2816,-11.253812,-75.580068,1.0,0,0.0,1,0,2,4,412,159.0,0,5,8.0,1,0.0,Tupac Amaru Revolutionary Movement (MRTA)
1540,1973,11,25,0,603,8,178,1201,55.011562,-7.312045,1.0,0,0.0,1,0,1,4,1506,216.0,0,5,2.0,0,0.0,Irish Republican Army (IRA)
52325,2012,6,16,0,153,6,484,2727,33.47483,71.48759,1.0,0,0.0,1,0,3,3,409,153.0,0,6,6.0,1,0.0,Tehrik-i-Taliban Pakistan (TTP)
15998,1986,7,26,0,185,8,81,387,43.054198,-2.178116,1.0,0,0.0,1,0,3,3,665,185.0,0,6,0.0,1,0.0,Basque Fatherland and Freedom (ETA)
34897,1995,12,25,0,185,8,81,396,43.003305,-2.612578,3.0,0,0.0,1,0,2,4,675,185.0,0,5,0.0,1,0.0,Basque Fatherland and Freedom (ETA)
47302,2009,11,3,0,173,10,175,1133,16.893194,42.57526,1.0,0,0.0,1,0,2,4,1390,173.0,0,5,1.0,1,0.0,Houthi extremists (Ansar Allah)
65082,2015,1,14,0,214,9,135,836,48.267222,37.642778,1.0,0,0.0,1,0,3,4,1191,214.0,0,6,0.0,-9,0.0,Donetsk People's Republic
23597,1989,11,2,0,92,6,447,2481,28.585836,77.153336,1.0,0,0.0,1,0,3,14,2984,92.0,0,6,3.0,1,0.0,Sikh Extremists
49470,2011,4,2,0,45,3,333,2284,6.788008,-71.025959,1.0,0,0.0,1,0,7,19,2706,45.0,0,8,0.0,1,0.0,Revolutionary Armed Forces of Colombia (FARC)
12821,1984,9,23,0,145,2,394,2148,13.45504,-86.405758,1.0,0,0.0,1,0,3,9,2505,145.0,0,6,1.0,1,0.0,Nicaraguan Democratic Force (FDN)
80358,2017,5,17,0,160,5,6,1925,6.721638,124.113104,1.0,0,0.0,1,0,3,4,162,160.0,0,6,0.0,-9,0.0,New People's Army (NPA)
50460,2011,11,20,0,153,6,313,1794,30.200819,66.994354,1.0,1,0.0,1,0,7,4,3114,422.0,0,5,0.0,1,0.0,Taliban
48109,2010,5,25,0,92,6,119,639,20.271944,81.493056,3.0,0,0.0,1,0,7,1,960,92.0,0,8,0.0,1,0.0,Communist Party of India - Maoist (CPI-Maoist)
1545,1973,12,4,0,97,10,412,2215,31.771599,35.2034,1.0,0,0.0,1,0,3,14,2578,97.0,0,6,2.0,1,0.0,Palestinians
50662,2011,12,17,0,153,6,484,2757,34.002579,71.382477,1.0,0,0.0,1,0,3,8,3254,153.0,0,6,0.0,1,0.0,Tehrik-i-Taliban Pakistan (TTP)
7541,1981,4,14,0,185,8,81,388,43.291618,-1.977903,1.0,0,0.0,1,0,1,3,768,185.0,0,5,1.0,0,0.0,Basque Fatherland and Freedom (ETA)
61018,2014,6,23,0,160,5,349,2021,10.36674,123.1,2.0,0,0.0,1,0,2,4,2413,160.0,0,5,1.0,0,0.0,New People's Army (NPA)
13594,1985,4,11,0,43,3,250,1544,-33.366238,-70.505302,1.0,0,1.0,1,0,3,19,56,43.0,0,6,0.0,1,0.0,Manuel Rodriguez Patriotic Front (FPMR)
66610,2015,3,29,0,153,6,484,2764,33.976307,71.437157,1.0,0,0.0,1,0,1,4,3266,153.0,0,5,1.0,0,0.0,Tehrik-i-Taliban Pakistan (TTP)
76832,2016,10,3,0,4,6,462,2631,33.796944,68.934585,3.0,0,0.0,1,0,3,14,3150,4.0,0,6,2.0,1,0.0,Taliban
64614,2014,12,21,0,214,9,135,823,48.396416,37.974052,1.0,1,0.0,1,0,2,4,1191,214.0,0,6,0.0,-9,0.0,Donetsk People's Republic
35368,1996,6,2,0,186,6,206,1459,9.745064,80.105822,1.0,0,0.0,1,0,3,14,1768,186.0,0,6,8.0,1,0.0,Liberation Tigers of Tamil Eelam (LTTE)
10424,1983,6,25,0,159,3,432,2391,-13.163874,-74.223564,2.0,1,0.0,0,0,7,19,2894,159.0,0,5,3.0,1,0.0,Shining Path (SL)
25507,1990,7,31,0,186,6,242,1486,8.85,80.033333,1.0,1,0.0,1,0,2,4,1803,186.0,0,5,8.0,1,0.0,Liberation Tigers of Tamil Eelam (LTTE)
11551,1984,2,8,0,185,8,89,404,42.815372,-1.653616,1.0,0,0.0,1,0,7,19,726,69.0,0,8,0.0,1,0.0,Basque Fatherland and Freedom (ETA)
18820,1988,1,27,0,43,3,251,1548,-36.816006,-73.037659,1.0,0,0.0,1,0,3,2,1906,43.0,0,6,0.0,1,0.0,Manuel Rodriguez Patriotic Front (FPMR)
41553,2004,8,20,0,4,6,456,2568,34.516895,69.147011,1.0,0,0.0,1,0,3,2,3139,4.0,0,6,0.0,-9,0.0,Taliban
63297,2014,10,9,0,228,10,47,268,16.133333,47.233333,3.0,0,0.0,1,1,3,4,488,228.0,0,6,13.0,0,0.0,Al-Qaida in the Arabian Peninsula (AQAP)
74399,2016,5,14,0,182,11,63,304,2.059819,45.326115,1.0,0,0.0,1,0,2,4,614,182.0,0,5,1.0,0,0.0,Al-Shabaab
68670,2015,7,5,0,147,11,100,477,10.737778,13.130556,1.0,0,1.0,1,0,2,15,872,147.0,0,5,6.0,1,0.0,Boko Haram
52286,2012,6,13,0,95,10,29,176,33.31065,44.038208,1.0,1,1.0,1,0,3,3,12,95.0,0,6,1.0,0,0.0,Al-Qaida in Iraq
67247,2015,4,29,0,4,6,469,24,35.170056,63.76864,4.0,0,0.0,1,0,2,3,2055,4.0,0,8,3.0,1,0.0,Taliban
4798,1979,3,10,0,69,8,126,24,41.918891,8.737554,4.0,0,1.0,1,0,3,1,805,69.0,0,6,0.0,1,0.0,Corsican National Liberation Front (FLNC)
44329,2007,11,17,0,95,10,33,182,34.208416,43.890713,1.0,0,0.0,0,0,2,4,335,217.0,0,5,6.0,0,0.0,Al-Qaida in Iraq
83338,2017,12,2,0,228,10,50,241,15.325443,44.211895,1.0,0,0.0,1,0,2,2,1379,228.0,0,6,1.0,-9,0.0,Houthi extremists (Ansar Allah)
75271,2016,7,2,0,95,10,33,1253,34.934021,44.732433,2.0,0,0.0,1,1,3,20,6,95.0,0,6,2.0,0,0.0,Islamic State of Iraq and the Levant (ISIL)
57849,2013,12,26,0,182,11,65,307,-0.357847,42.54665,1.0,0,0.0,1,0,3,4,162,182.0,0,6,1.0,-9,0.0,Al-Shabaab
49113,2011,1,4,0,182,11,60,301,3.115641,43.64658,1.0,0,0.0,1,0,2,14,600,182.0,0,9,0.0,0,0.0,Al-Shabaab
20460,1988,10,6,0,45,3,330,1821,4.809979,-75.849038,1.0,0,0.0,1,0,2,4,1239,45.0,0,5,9.0,1,0.0,National Liberation Army of Colombia (ELN)
56302,2013,8,4,0,93,5,285,1739,-6.170593,106.757476,1.0,0,0.0,1,0,3,15,2136,93.0,0,6,0.0,1,0.0,Muslim extremists
65731,2015,2,10,0,214,9,135,808,48.730804,37.574596,1.0,0,1.0,1,0,3,14,1200,214.0,0,6,3.0,1,0.0,Donetsk People's Republic
76152,2016,8,26,0,209,10,211,1377,37.377975,44.085653,1.0,0,0.0,1,0,2,1,112,209.0,0,5,2.0,0,0.0,Kurdistan Workers' Party (PKK)
63450,2014,10,15,0,228,10,50,241,15.325443,44.211895,1.0,0,0.0,1,0,1,4,525,228.0,0,5,1.0,0,0.0,Al-Qaida in the Arabian Peninsula (AQAP)
57190,2013,10,22,1,160,5,1,2,6.066667,121.1,1.0,0,0.0,1,0,6,1,98,160.0,0,5,0.0,0,1.0,Abu Sayyaf Group (ASG)
66666,2015,3,31,0,147,11,155,996,7.689167,9.250278,2.0,0,1.0,1,0,2,14,27,147.0,0,5,6.0,1,0.0,Fulani extremists
52517,2012,7,5,0,182,11,64,305,4.120602,43.890526,1.0,1,0.0,1,0,2,4,584,65.0,0,5,11.0,1,0.0,Al-Shabaab
53401,2012,9,30,0,95,10,34,203,35.99353,43.21973,1.0,0,1.0,1,0,2,2,371,95.0,0,5,0.0,1,0.0,Al-Qaida in Iraq
50679,2011,12,22,0,95,10,30,177,33.303566,44.371773,1.0,0,0.0,1,0,3,14,13,95.0,0,6,2.0,0,0.0,Al-Qaida in Iraq
49362,2011,3,7,1,45,3,427,2346,4.443287,-69.793424,1.0,1,0.0,1,0,6,1,2788,45.0,0,5,0.0,0,1.0,Revolutionary Armed Forces of Colombia (FARC)
25479,1990,7,27,0,43,3,250,1544,-33.366238,-70.505302,1.0,0,0.0,1,0,2,1,1921,43.0,0,5,0.0,1,0.0,Manuel Rodriguez Patriotic Front (FPMR)
25386,1990,7,14,1,92,6,318,24,31.147131,75.341218,4.0,0,0.0,1,0,6,3,92,92.0,0,5,1.0,0,1.0,Sikh Extremists
67932,2015,5,29,0,160,5,1,22,6.050458,121.012245,1.0,0,0.0,1,0,3,3,85,160.0,0,6,0.0,-9,0.0,Abu Sayyaf Group (ASG)
1021,1972,7,19,0,603,8,178,1218,54.819164,-7.467909,1.0,0,0.0,1,0,3,14,1547,233.0,0,6,1.0,1,0.0,Irish Republican Army (IRA)
52327,2012,6,16,0,95,10,30,177,33.303566,44.371773,1.0,0,1.0,1,0,3,14,339,95.0,0,6,14.0,0,0.0,Al-Qaida in Iraq
76070,2016,8,21,0,209,10,203,1351,37.23301,39.75998,3.0,0,0.0,1,0,3,4,409,209.0,0,6,1.0,1,0.0,Kurdistan Workers' Party (PKK)
76294,2016,9,5,0,228,10,52,297,14.327928,44.90665,3.0,0,0.0,1,0,3,20,6,228.0,0,6,2.0,0,0.0,Houthi extremists (Ansar Allah)
26768,1991,2,11,0,186,6,206,1446,7.716666,81.700188,3.0,0,0.0,1,0,2,4,1265,186.0,0,5,1.0,1,0.0,Liberation Tigers of Tamil Eelam (LTTE)
47010,2009,8,20,0,4,6,464,2615,33.598633,69.228996,1.0,0,0.0,1,1,3,2,3141,4.0,0,6,2.0,0,0.0,Taliban
46590,2009,5,28,0,153,6,485,2708,34.006004,71.53743,1.0,0,0.0,1,0,3,14,13,153.0,0,6,7.0,1,0.0,Tehrik-i-Taliban Pakistan (TTP)
46240,2009,3,16,0,160,5,1,22,6.050458,121.012245,1.0,0,0.0,1,0,3,1,113,160.0,0,6,2.0,1,0.0,Abu Sayyaf Group (ASG)
36516,1997,9,16,0,45,3,342,2294,4.877025,-74.437413,1.0,1,0.0,1,0,3,19,2724,45.0,0,6,3.0,1,0.0,Revolutionary Armed Forces of Colombia (FARC)
54698,2013,2,23,0,95,10,31,179,33.74324,44.623825,1.0,0,0.0,1,1,3,2,343,95.0,0,6,3.0,1,0.0,Al-Qaida in Iraq
73627,2016,4,1,0,95,10,29,24,33.982013,42.594834,4.0,0,1.0,1,1,3,4,0,95.0,0,6,23.0,0,0.0,Islamic State of Iraq and the Levant (ISIL)
80417,2017,5,20,1,95,10,35,213,35.326122,43.780811,1.0,0,0.0,1,0,6,14,416,95.0,0,5,9.0,0,1.0,Islamic State of Iraq and the Levant (ISIL)
14348,1985,8,7,0,159,3,256,1556,-11.967368,-76.978462,1.0,0,0.0,1,0,3,21,2927,159.0,0,6,0.0,1,0.0,Shining Path (SL)
73163,2016,3,3,0,95,10,197,1301,35.823377,43.372935,3.0,0,0.0,1,0,3,4,373,95.0,0,6,4.0,-9,0.0,Islamic State of Iraq and the Levant (ISIL)
76303,2016,9,5,0,200,10,188,1251,33.514722,36.124722,1.0,0,1.0,1,1,3,14,13,200.0,0,6,3.0,-9,0.0,Islamic State of Iraq and the Levant (ISIL)
59300,2014,3,29,1,147,11,155,1066,7.889693,7.911945,2.0,0,1.0,1,0,6,14,27,147.0,0,5,5.0,1,1.0,Fulani extremists
34731,1995,10,18,0,75,8,225,1364,48.139126,11.580186,1.0,0,0.0,1,0,7,1,1676,209.0,0,8,0.0,1,0.0,Kurdistan Workers' Party (PKK)
32336,1994,1,23,0,45,3,331,1827,7.116294,-73.120026,1.0,0,0.0,1,0,3,1,2288,45.0,0,6,0.0,1,0.0,National Liberation Army of Colombia (ELN)
27804,1991,7,12,0,159,3,256,2446,-11.495531,-77.207192,1.0,0,0.0,1,0,3,1,2933,159.0,0,5,0.0,1,0.0,Shining Path (SL)
39196,2001,7,27,0,185,8,81,385,42.84964,-2.692359,1.0,0,1.0,1,0,3,4,727,185.0,0,6,0.0,1,0.0,Basque Fatherland and Freedom (ETA)
76810,2016,10,3,0,200,10,194,1273,36.554444,40.748056,1.0,0,0.0,1,1,3,14,1621,200.0,0,6,35.0,1,0.0,Islamic State of Iraq and the Levant (ISIL)
55747,2013,6,16,0,95,10,34,184,36.354145,43.14357,1.0,1,1.0,1,0,2,3,85,95.0,0,5,4.0,0,0.0,Islamic State of Iraq and the Levant (ISIL)
62956,2014,9,21,0,147,11,100,520,12.672917,13.616014,1.0,0,0.0,1,0,2,14,334,147.0,0,5,9.0,-9,0.0,Boko Haram
14626,1985,10,9,0,61,2,141,867,13.491242,-88.173134,1.0,0,1.0,1,0,2,4,116,61.0,0,5,10.0,1,0.0,Farabundo Marti National Liberation Front (FMLN)
29583,1992,1,31,0,603,8,178,1179,54.607712,-5.95621,1.0,0,0.0,1,0,7,1,1456,233.0,0,8,0.0,1,0.0,Irish Republican Army (IRA)
56710,2013,9,7,0,45,3,333,1837,6.956503,-71.859529,1.0,0,0.0,0,0,3,20,6,45.0,0,6,0.0,0,0.0,National Liberation Army of Colombia (ELN)
54472,2013,1,31,0,153,6,389,2765,33.654339,70.183861,1.0,0,0.0,1,0,3,7,3267,422.0,0,6,2.0,0,0.0,Tehrik-i-Taliban Pakistan (TTP)
81777,2017,8,5,0,147,11,160,982,7.95745,5.547937,1.0,0,0.0,1,0,1,2,1347,147.0,0,5,1.0,0,0.0,Fulani extremists
53182,2012,9,7,0,160,5,0,24,6.524553,122.011764,4.0,0,0.0,1,0,2,1,52,160.0,0,5,1.0,0,0.0,Abu Sayyaf Group (ASG)
1477,1973,8,24,0,603,8,178,1201,55.011562,-7.312045,1.0,0,0.0,1,0,1,14,1486,233.0,0,5,1.0,0,0.0,Irish Republican Army (IRA)
20473,1988,10,9,0,45,3,332,1831,1.878548,-76.267099,3.0,0,0.0,1,0,3,19,2210,45.0,0,6,0.0,1,0.0,National Liberation Army of Colombia (ELN)
32797,1994,4,9,0,603,8,178,1179,54.607712,-5.95621,1.0,0,0.0,0,0,3,3,1497,216.0,0,6,0.0,1,0.0,Irish Republican Army (IRA)
60808,2014,6,13,0,182,11,64,349,3.810951,43.246506,1.0,0,0.0,1,0,7,4,608,422.0,0,5,1.0,-9,0.0,Al-Shabaab
7105,1980,11,4,0,61,2,139,885,13.808917,-89.228637,1.0,0,0.0,1,0,2,14,1262,61.0,0,5,1.0,1,1.0,Farabundo Marti National Liberation Front (FMLN)
80259,2017,5,13,0,214,9,135,795,48.143208,37.753361,1.0,0,0.0,1,0,3,14,855,214.0,0,6,4.0,1,0.0,Donetsk People's Republic
13256,1985,1,10,0,145,2,392,2087,13.746389,-86.709722,1.0,0,0.0,1,0,2,4,1239,145.0,0,5,34.0,1,0.0,Nicaraguan Democratic Force (FDN)
19253,1988,3,29,0,43,3,250,1544,-33.366238,-70.505302,1.0,0,1.0,1,0,2,19,56,43.0,0,8,0.0,1,0.0,Manuel Rodriguez Patriotic Front (FPMR)
35654,1996,9,8,0,45,3,333,24,6.547306,-71.002231,4.0,0,0.0,0,0,3,21,2265,45.0,0,6,2.0,1,0.0,National Liberation Army of Colombia (ELN)
15979,1986,7,23,0,185,8,81,388,43.291618,-1.977903,1.0,0,0.0,1,0,2,14,738,69.0,0,8,0.0,1,0.0,Basque Fatherland and Freedom (ETA)
20148,1988,8,13,0,186,6,242,1448,8.757816,80.487907,1.0,0,0.0,1,0,3,19,1818,186.0,0,6,0.0,1,0.0,Liberation Tigers of Tamil Eelam (LTTE)
15515,1986,4,23,0,69,8,126,753,42.699997,9.447317,1.0,0,0.0,1,0,3,18,1094,69.0,0,6,0.0,1,0.0,Corsican National Liberation Front (FLNC)
61795,2014,7,24,0,182,11,63,304,2.059819,45.326115,1.0,0,0.0,1,0,2,4,559,182.0,0,6,4.0,-9,0.0,Al-Shabaab
20034,1988,7,26,0,183,11,19,115,-26.252697,27.870275,1.0,0,0.0,1,0,1,2,223,183.0,0,6,1.0,1,0.0,African National Congress (South Africa)
61122,2014,6,29,0,147,11,100,539,10.839722,13.021944,2.0,0,1.0,1,0,2,14,27,147.0,0,6,9.0,1,0.0,Boko Haram
15672,1986,5,27,0,185,8,82,392,36.539004,-4.624353,1.0,0,0.0,1,0,3,1,670,185.0,0,6,1.0,1,0.0,Basque Fatherland and Freedom (ETA)
12952,1984,10,22,0,145,2,391,2125,13.16888,-85.97565,1.0,0,0.0,1,0,2,1,2486,145.0,0,5,12.0,1,0.0,Nicaraguan Democratic Force (FDN)
36368,1997,7,4,0,45,3,327,2298,7.883605,-76.631923,1.0,1,1.0,1,0,2,19,56,45.0,0,8,0.0,1,0.0,Revolutionary Armed Forces of Colombia (FARC)
12512,1984,7,21,0,183,11,19,115,-26.252697,27.870275,1.0,0,0.0,1,0,2,14,238,183.0,0,8,0.0,1,0.0,African National Congress (South Africa)
74339,2016,5,10,0,75,8,225,1759,48.047381,11.963047,1.0,0,0.0,1,0,2,14,13,75.0,1,9,1.0,0,0.0,Muslim extremists
31534,1992,10,20,0,209,10,213,1404,37.154504,41.339913,3.0,0,0.0,1,0,1,3,1702,209.0,0,5,1.0,0,0.0,Kurdistan Workers' Party (PKK)
15584,1986,5,14,0,43,3,249,1545,-33.050125,-71.612251,1.0,0,1.0,1,0,7,19,56,43.0,0,8,0.0,1,0.0,Manuel Rodriguez Patriotic Front (FPMR)
56181,2013,7,25,0,153,6,484,2708,34.006004,71.53743,1.0,0,0.0,0,0,1,3,3251,153.0,0,5,2.0,1,0.0,Tehrik-i-Taliban Pakistan (TTP)
42409,2005,9,28,0,95,10,34,215,36.376823,42.448875,1.0,0,0.0,1,1,3,4,6,95.0,0,6,6.0,-9,0.0,Al-Qaida in Iraq
23995,1989,12,31,0,43,3,250,1544,-33.366238,-70.505302,1.0,0,0.0,1,0,3,3,1921,43.0,0,6,0.0,1,0.0,Manuel Rodriguez Patriotic Front (FPMR)
70650,2015,10,13,0,123,11,276,1732,20.129129,-4.338905,2.0,0,1.0,1,0,7,7,2030,422.0,0,8,0.0,1,0.0,Muslim extremists
39701,2001,12,3,0,45,3,337,863,5.445543,-75.688443,1.0,0,0.0,1,0,2,14,2750,45.0,0,8,1.0,1,0.0,Revolutionary Armed Forces of Colombia (FARC)
16404,1986,11,10,0,61,2,148,899,13.483333,-88.466667,1.0,0,0.0,1,0,3,1,1303,61.0,0,6,1.0,1,0.0,Farabundo Marti National Liberation Front (FMLN)
63997,2014,11,15,0,95,10,29,193,33.420948,43.295662,1.0,0,1.0,1,0,3,4,20,95.0,0,6,0.0,1,0.0,Islamic State of Iraq and the Levant (ISIL)
28477,1991,9,26,0,159,3,256,1556,-11.967368,-76.978462,1.0,0,0.0,1,0,3,1,1110,159.0,0,6,0.0,1,0.0,Shining Path (SL)
70493,2015,10,7,0,95,10,30,177,33.303566,44.371773,1.0,0,0.0,1,0,3,1,361,95.0,0,6,1.0,-9,0.0,Islamic State of Iraq and the Levant (ISIL)
29977,1992,3,25,0,159,3,435,2430,-13.277193,-72.217872,1.0,1,0.0,1,0,2,4,1265,159.0,0,5,14.0,1,0.0,Shining Path (SL)
21797,1989,4,3,0,159,3,438,2447,-10.140493,-77.44333,1.0,0,0.0,1,0,2,3,1577,159.0,0,5,5.0,1,0.0,Shining Path (SL)
66503,2015,3,21,0,182,11,61,311,2.14383,45.118061,1.0,0,0.0,1,0,3,2,591,182.0,0,6,2.0,1,0.0,Al-Shabaab
19563,1988,5,15,0,45,3,333,24,6.547306,-71.002231,4.0,0,0.0,1,0,3,21,2206,45.0,0,6,0.0,1,0.0,National Liberation Army of Colombia (ELN)
49506,2011,4,10,1,92,6,118,590,23.744186,84.504429,3.0,1,0.0,1,0,6,14,911,92.0,0,5,2.0,0,1.0,Communist Party of India - Maoist (CPI-Maoist)
58387,2014,2,3,0,147,11,104,1025,9.634938,8.497185,2.0,0,1.0,1,0,2,14,27,147.0,0,5,10.0,1,0.0,Fulani extremists
12909,1984,10,10,0,69,8,128,755,43.296482,5.36978,1.0,0,0.0,1,0,3,1,1139,69.0,0,6,0.0,1,0.0,Corsican National Liberation Front (FLNC)
79854,2017,4,13,0,182,11,63,304,2.059819,45.326115,1.0,0,0.0,1,0,1,2,570,182.0,0,5,1.0,0,0.0,Al-Shabaab
75539,2016,7,20,0,603,8,46,1723,52.646771,0.552781,1.0,0,0.0,0,0,6,4,345,216.0,0,9,0.0,0,0.0,Muslim extremists
36302,1997,5,29,0,45,3,324,1871,7.927696,-72.508479,1.0,0,0.0,1,0,3,3,175,45.0,0,6,1.0,1,0.0,National Liberation Army of Colombia (ELN)
29711,1992,2,19,0,159,3,256,1556,-11.967368,-76.978462,1.0,0,0.0,1,0,1,3,2888,159.0,0,5,1.0,0,0.0,Shining Path (SL)
20018,1988,7,24,0,45,3,333,1837,6.95284,-71.87514,1.0,0,0.0,1,0,3,21,2239,45.0,0,6,0.0,1,0.0,National Liberation Army of Colombia (ELN)
17130,1987,4,23,0,183,11,25,116,-33.951,18.554,1.0,0,0.0,0,0,1,3,196,183.0,0,6,1.0,1,0.0,African National Congress (South Africa)
32696,1994,3,22,0,155,10,410,2211,32.222271,35.253506,1.0,0,0.0,1,0,8,4,1265,97.0,0,9,1.0,1,0.0,Palestinians
20326,1988,9,15,0,183,11,19,93,-26.31468,27.828306,1.0,0,0.0,1,0,3,2,183,183.0,0,6,0.0,1,0.0,African National Congress (South Africa)
68479,2015,6,25,0,4,6,465,2581,37.067603,69.422293,3.0,0,1.0,1,0,2,3,20,4.0,0,5,4.0,-9,0.0,Taliban
34485,1995,8,4,0,209,10,235,1401,36.204751,36.165597,1.0,0,0.0,1,0,2,14,27,209.0,0,5,9.0,1,0.0,Kurdistan Workers' Party (PKK)
23853,1989,12,7,0,45,3,336,1845,10.413711,-75.533549,1.0,0,0.0,1,0,3,3,409,45.0,0,6,0.0,1,0.0,National Liberation Army of Colombia (ELN)
25146,1990,6,9,0,186,6,206,1446,7.716666,81.700188,3.0,0,1.0,1,0,2,3,785,186.0,0,5,0.0,1,0.0,Liberation Tigers of Tamil Eelam (LTTE)
28270,1991,8,28,1,45,3,327,1853,6.1876,-74.99429,1.0,0,0.0,1,0,6,1,2252,101.0,0,5,0.0,0,1.0,National Liberation Army of Colombia (ELN)
81166,2017,6,29,0,182,11,66,308,2.973305,45.535603,1.0,0,0.0,1,0,2,4,427,182.0,0,5,7.0,-9,0.0,Al-Shabaab
14615,1985,10,8,0,145,2,406,2166,10.912396,-83.908752,3.0,1,1.0,1,0,2,4,1239,145.0,0,5,1.0,1,0.0,Nicaraguan Democratic Force (FDN)
47736,2010,3,12,1,160,5,351,1952,7.364962,125.853401,1.0,0,0.0,1,0,2,14,13,160.0,0,5,1.0,0,1.0,New People's Army (NPA)
19085,1988,3,6,0,160,5,7,1914,7.515731,123.172442,3.0,0,0.0,1,0,2,4,2327,160.0,0,5,4.0,1,0.0,New People's Army (NPA)
25794,1990,9,7,0,159,3,256,2467,-11.122722,-77.610568,1.0,0,0.0,1,0,3,1,3374,159.0,0,6,0.0,1,0.0,Tupac Amaru Revolutionary Movement (MRTA)
938,1972,5,20,0,603,8,178,24,54.787715,-6.492314,4.0,0,0.0,1,0,1,4,1549,233.0,0,5,1.0,0,0.0,Irish Republican Army (IRA)
18298,1987,10,20,0,92,6,447,2491,28.690073,77.213982,1.0,0,0.0,1,0,2,14,2997,92.0,0,5,10.0,0,0.0,Sikh Extremists
33227,1994,7,9,0,45,3,329,1865,9.257778,-73.812222,1.0,0,0.0,0,0,3,21,2274,45.0,0,6,1.0,1,0.0,National Liberation Army of Colombia (ELN)
50277,2011,11,4,0,147,11,102,527,11.74464,11.970257,1.0,0,1.0,1,0,3,15,879,147.0,0,6,6.0,1,0.0,Boko Haram
67500,2015,5,10,0,228,10,45,284,12.867085,44.981911,1.0,0,0.0,1,0,3,14,1385,228.0,0,6,1.0,-9,0.0,Houthi extremists (Ansar Allah)
67383,2015,5,4,0,228,10,55,1126,13.057677,44.883764,3.0,0,0.0,1,0,3,14,13,228.0,0,6,1.0,-9,0.0,Houthi extremists (Ansar Allah)
26284,1990,12,6,0,69,8,126,759,42.567651,8.757222,1.0,0,0.0,1,0,3,1,1133,69.0,0,6,0.0,1,0.0,Corsican National Liberation Front (FLNC)
16195,1986,9,13,0,145,2,391,2124,13.130707,-85.971684,3.0,1,0.0,1,0,3,2,2502,145.0,0,6,1.0,1,0.0,Nicaraguan Democratic Force (FDN)
76777,2016,10,1,0,228,10,57,1135,12.765967,43.5174,3.0,0,0.0,1,0,3,4,1397,422.0,0,6,0.0,1,0.0,Houthi extremists (Ansar Allah)
63898,2014,11,9,0,95,10,29,1252,33.633442,42.816579,3.0,0,0.0,1,0,6,14,13,95.0,0,5,71.0,0,1.0,Islamic State of Iraq and the Levant (ISIL)
58079,2014,1,14,0,182,11,66,308,2.973305,45.535603,1.0,0,1.0,1,0,2,4,427,182.0,0,6,7.0,1,0.0,Al-Shabaab
7443,1981,3,7,0,69,8,130,761,43.610769,3.876716,1.0,0,0.0,1,0,3,4,1145,69.0,0,6,0.0,1,0.0,Corsican National Liberation Front (FLNC)
75847,2016,8,8,0,153,6,313,1794,30.200819,66.994354,1.0,0,1.0,1,0,1,1,3280,153.0,0,5,1.0,0,0.0,Tehrik-i-Taliban Pakistan (TTP)
73710,2016,4,5,0,92,6,119,1665,19.59336,81.663485,2.0,0,1.0,1,0,6,14,416,92.0,0,9,1.0,0,1.0,Maoists
51277,2012,3,7,0,95,10,34,211,36.373718,42.451778,2.0,0,1.0,1,0,3,14,13,95.0,0,6,7.0,1,0.0,Al-Qaida in Iraq
64758,2014,12,30,0,113,10,267,1772,30.63179,18.351568,1.0,0,0.0,1,0,2,17,1435,113.0,0,6,0.0,-9,0.0,Muslim extremists
30175,1992,4,27,0,183,11,18,118,-30.050385,30.881266,1.0,1,0.0,1,0,2,22,221,183.0,0,5,6.0,1,0.0,African National Congress (South Africa)
55326,2013,5,2,0,182,11,69,330,4.73538,45.2024,1.0,0,0.0,1,0,3,4,48,182.0,0,6,3.0,0,0.0,Al-Shabaab
52882,2012,8,8,0,228,10,49,243,13.219398,45.307838,1.0,0,0.0,1,1,3,14,453,228.0,0,6,1.0,0,0.0,Al-Qaida in the Arabian Peninsula (AQAP)
50093,2011,9,21,0,92,6,119,657,21.251384,81.629641,3.0,0,0.0,1,0,2,3,978,92.0,0,5,0.0,-9,0.0,Communist Party of India - Maoist (CPI-Maoist)
46783,2009,7,6,0,209,10,210,1326,37.248935,42.470654,1.0,0,0.0,1,0,3,19,1660,209.0,0,6,4.0,-9,0.0,Kurdistan Workers' Party (PKK)
53607,2012,10,20,1,92,6,122,671,18.363526,81.895253,2.0,0,0.0,1,0,6,14,993,92.0,0,5,1.0,0,1.0,Communist Party of India - Maoist (CPI-Maoist)
29898,1992,3,18,0,92,6,318,2475,30.898024,75.860077,1.0,0,0.0,1,0,2,1,3063,92.0,0,5,18.0,0,0.0,Sikh Extremists
22586,1989,7,26,0,43,3,250,1544,-33.366238,-70.505302,1.0,0,0.0,1,0,3,14,1895,43.0,0,6,0.0,1,0.0,Manuel Rodriguez Patriotic Front (FPMR)
42319,2005,8,20,0,209,10,189,1345,36.976667,36.738466,3.0,1,0.0,1,0,3,19,1664,209.0,0,6,0.0,1,0.0,Kurdistan Workers' Party (PKK)
12421,1984,7,5,0,145,2,395,1560,11.95,-85.216667,1.0,0,0.0,1,0,2,14,2466,145.0,0,5,1.0,1,0.0,Nicaraguan Democratic Force (FDN)
39925,2002,3,20,0,159,3,256,1556,-11.967368,-76.978462,1.0,0,0.0,1,0,3,7,2912,159.0,0,6,9.0,1,0.0,Shining Path (SL)
66682,2015,4,1,0,92,6,119,1584,20.186773,81.081073,2.0,0,0.0,1,0,6,1,2020,92.0,0,5,0.0,0,1.0,Maoists
79033,2017,2,19,0,45,3,328,1819,4.667128,-74.106056,1.0,0,0.0,1,0,3,3,85,45.0,0,6,1.0,1,0.0,National Liberation Army of Colombia (ELN)
71629,2015,12,10,0,200,10,194,1264,36.657269,40.37056,1.0,0,1.0,1,1,3,1,391,200.0,0,6,8.0,1,0.0,Islamic State of Iraq and the Levant (ISIL)
19301,1988,4,11,0,43,3,249,1545,-33.050125,-71.612251,1.0,0,0.0,1,0,3,1,1890,43.0,0,6,0.0,1,0.0,Manuel Rodriguez Patriotic Front (FPMR)
49389,2011,3,14,0,92,6,125,683,19.413354,80.00591,1.0,1,0.0,1,0,2,3,1010,92.0,0,9,1.0,0,0.0,Communist Party of India - Maoist (CPI-Maoist)
51282,2012,3,6,0,147,11,100,461,11.655408,13.412932,1.0,0,1.0,1,0,3,3,175,147.0,0,6,0.0,1,0.0,Boko Haram
18394,1987,11,4,0,43,3,250,1544,-33.366238,-70.505302,1.0,0,0.0,1,0,3,21,1290,43.0,0,6,0.0,1,0.0,Manuel Rodriguez Patriotic Front (FPMR)
13182,1984,12,19,0,43,3,250,1544,-33.366238,-70.505302,1.0,0,0.0,1,0,3,1,242,43.0,0,6,1.0,1,0.0,Manuel Rodriguez Patriotic Front (FPMR)
18228,1987,10,7,0,92,6,318,24,31.147131,75.341218,4.0,0,1.0,1,0,1,14,2991,92.0,0,5,1.0,0,0.0,Sikh Extremists
58788,2014,3,1,0,182,11,61,317,2.666984,44.693764,1.0,0,0.0,1,0,3,4,427,422.0,0,6,1.0,-9,0.0,Al-Shabaab
76940,2016,10,11,0,209,10,219,1380,38.373308,40.075578,1.0,0,0.0,1,0,1,14,1689,209.0,0,5,1.0,0,0.0,Kurdistan Workers' Party (PKK)
22990,1989,9,9,0,603,8,178,1204,54.951082,-6.558998,1.0,0,0.0,1,0,1,14,1494,233.0,0,5,1.0,0,0.0,Irish Republican Army (IRA)
20071,1988,7,30,0,92,6,260,2500,20.946702,72.952035,1.0,0,0.0,1,0,1,2,3008,92.0,0,5,7.0,0,0.0,Sikh Extremists
13654,1985,4,25,0,61,2,141,861,13.779502,-88.349044,1.0,0,0.0,1,0,2,4,1239,61.0,0,5,19.0,1,0.0,Farabundo Marti National Liberation Front (FMLN)
24065,1990,1,14,0,69,8,126,753,42.699997,9.447317,1.0,0,0.0,1,0,5,1,1155,69.0,0,5,0.0,1,1.0,Corsican National Liberation Front (FLNC)
55952,2013,7,5,0,60,10,268,1726,31.126646,33.800865,1.0,1,1.0,1,0,3,6,276,60.0,0,6,1.0,0,0.0,Muslim extremists
70975,2015,10,30,0,214,9,135,797,48.064426,37.673248,1.0,0,0.0,1,0,2,4,48,214.0,0,6,1.0,0,0.0,Donetsk People's Republic
18735,1988,1,13,0,92,6,318,2478,32.040763,75.401886,3.0,0,0.0,1,0,1,2,3003,92.0,0,5,2.0,0,0.0,Sikh Extremists
13997,1985,6,7,0,159,3,256,1556,-11.967368,-76.978462,1.0,0,0.0,1,0,2,1,242,159.0,0,5,1.0,1,0.0,Tupac Amaru Revolutionary Movement (MRTA)
4634,1979,1,20,0,185,8,81,394,43.291618,-1.977903,1.0,0,0.0,0,0,1,2,773,185.0,0,6,0.0,0,0.0,Basque Fatherland and Freedom (ETA)
82291,2017,9,10,0,209,10,211,1355,37.3,44.566667,3.0,0,0.0,1,0,3,4,427,209.0,0,6,0.0,-9,0.0,Kurdistan Workers' Party (PKK)
19153,1988,3,16,0,61,2,139,896,13.65917,-89.1675,1.0,0,0.0,1,0,2,4,1239,61.0,0,5,1.0,1,0.0,Farabundo Marti National Liberation Front (FMLN)
44328,2007,11,17,0,160,5,8,28,7.209594,124.241966,1.0,0,0.0,0,0,3,14,6,160.0,0,6,0.0,0,0.0,Abu Sayyaf Group (ASG)
51751,2012,4,21,0,92,6,118,1575,24.165471,86.223142,1.0,0,0.0,1,0,5,1,1073,92.0,0,5,0.0,1,1.0,Maoists
30715,1992,7,12,0,209,10,211,1333,37.253172,43.612234,1.0,1,0.0,1,0,2,4,172,209.0,0,5,3.0,1,0.0,Kurdistan Workers' Party (PKK)
30616,1992,6,29,0,209,10,203,1385,37.199995,39.75422,1.0,0,0.0,1,0,1,19,1694,209.0,0,5,10.0,0,0.0,Kurdistan Workers' Party (PKK)
65470,2015,1,30,0,147,11,155,1033,7.560784,9.091568,1.0,0,1.0,1,0,2,14,27,147.0,0,5,2.0,1,0.0,Fulani extremists
31325,1992,9,22,0,209,10,203,1372,37.235821,39.762058,1.0,0,0.0,1,0,2,14,1682,209.0,0,5,1.0,0,0.0,Kurdistan Workers' Party (PKK)
61883,2014,7,27,0,160,5,14,1989,9.05,118.033333,1.0,0,0.0,1,0,7,1,2414,160.0,0,8,0.0,1,0.0,New People's Army (NPA)
49471,2011,4,2,0,45,3,424,2297,0.667105,-76.871354,1.0,1,0.0,1,0,3,21,2728,45.0,0,6,0.0,1,0.0,Revolutionary Armed Forces of Colombia (FARC)
59342,2014,4,1,0,92,6,120,1589,22.451393,86.992203,1.0,0,0.0,0,0,2,3,2025,92.0,0,5,0.0,0,0.0,Maoists
1360,1973,3,29,0,603,8,178,1179,54.607712,-5.95621,1.0,0,0.0,1,0,1,4,1514,216.0,0,5,1.0,0,0.0,Irish Republican Army (IRA)
22570,1989,7,25,0,159,3,256,1556,-11.967368,-76.978462,1.0,0,1.0,1,0,3,1,1119,159.0,0,6,0.0,1,0.0,Tupac Amaru Revolutionary Movement (MRTA)
70816,2015,10,21,0,147,11,158,998,7.877574,9.779363,2.0,0,0.0,1,0,2,14,13,147.0,0,5,5.0,0,0.0,Fulani extremists
33380,1994,8,21,0,185,8,81,405,43.365899,-2.996356,1.0,0,0.0,1,0,1,3,699,185.0,0,5,1.0,0,0.0,Basque Fatherland and Freedom (ETA)
60009,2014,5,6,1,121,5,13,68,4.945556,118.257222,1.0,0,0.0,1,0,6,1,125,44.0,0,5,0.0,0,1.0,Abu Sayyaf Group (ASG)
64831,2015,1,2,0,214,9,135,801,47.313381,37.805458,1.0,0,0.0,1,0,2,4,48,214.0,0,6,0.0,-9,0.0,Donetsk People's Republic
26544,1991,1,18,0,45,3,331,1875,7.060051,-73.853115,3.0,0,0.0,0,0,3,19,2282,45.0,0,6,0.0,1,0.0,National Liberation Army of Colombia (ELN)
17517,1987,6,27,0,43,3,250,1544,-33.366238,-70.505302,1.0,0,0.0,1,0,2,3,1885,43.0,0,5,0.0,1,0.0,Manuel Rodriguez Patriotic Front (FPMR)
16194,1986,9,13,0,145,2,405,2117,12.069311,-84.539748,1.0,0,0.0,1,0,2,14,2497,145.0,0,5,1.0,1,0.0,Nicaraguan Democratic Force (FDN)
4814,1979,3,10,0,69,8,126,24,41.918891,8.737554,4.0,0,1.0,1,0,3,1,805,69.0,0,6,0.0,1,0.0,Corsican National Liberation Front (FLNC)
61197,2014,7,2,0,113,10,283,1738,32.069286,20.151144,1.0,0,1.0,1,0,2,15,2140,113.0,0,5,1.0,0,0.0,Muslim extremists
14810,1985,11,25,0,43,3,251,1548,-36.816006,-73.037659,1.0,0,0.0,1,0,3,2,1955,43.0,0,6,1.0,1,0.0,Manuel Rodriguez Patriotic Front (FPMR)
60427,2014,5,26,0,113,10,283,1738,32.069286,20.151144,1.0,0,0.0,1,0,1,10,2132,113.0,0,5,1.0,0,0.0,Muslim extremists
24354,1990,3,6,0,45,3,329,1823,8.308585,-73.613541,1.0,0,0.0,1,0,6,1,2201,45.0,0,5,0.0,0,1.0,National Liberation Army of Colombia (ELN)
44882,2008,5,12,0,4,6,457,2658,31.585831,67.028191,3.0,0,0.0,1,0,8,14,3166,4.0,0,9,2.0,0,0.0,Taliban
4901,1979,3,23,0,603,8,178,1186,54.253718,-7.44106,1.0,0,0.0,1,0,3,20,1154,233.0,0,6,1.0,1,0.0,Irish Republican Army (IRA)
76136,2016,8,25,0,95,10,29,1241,33.410797,43.561432,1.0,0,0.0,1,1,3,4,0,95.0,0,6,6.0,0,0.0,Islamic State of Iraq and the Levant (ISIL)
28456,1991,9,24,0,159,3,432,2391,-13.152712,-74.218628,1.0,0,1.0,1,0,3,21,1290,159.0,0,6,0.0,1,0.0,Shining Path (SL)
48873,2010,11,7,0,92,6,118,601,24.168873,84.039211,1.0,0,1.0,1,0,3,2,920,92.0,0,6,0.0,1,0.0,Communist Party of India - Maoist (CPI-Maoist)
4805,1979,3,10,0,69,8,126,24,41.918891,8.737554,4.0,0,1.0,1,0,3,1,805,69.0,0,6,0.0,1,0.0,Corsican National Liberation Front (FLNC)
64788,2014,12,31,0,95,10,34,215,36.376823,42.448875,1.0,0,0.0,1,0,3,14,1617,95.0,0,6,0.0,1,0.0,Islamic State of Iraq and the Levant (ISIL)
39070,2001,5,6,0,185,8,88,399,41.656285,-0.876533,1.0,0,0.0,1,0,1,2,680,185.0,0,5,1.0,0,0.0,Basque Fatherland and Freedom (ETA)
30716,1992,7,12,0,209,10,210,1374,37.340288,41.892628,1.0,1,0.0,1,0,2,19,398,209.0,0,5,3.0,1,0.0,Kurdistan Workers' Party (PKK)
52268,2012,6,12,0,147,11,100,24,12.12052,13.174035,4.0,0,0.0,1,0,2,3,12,147.0,0,5,3.0,0,0.0,Boko Haram
70346,2015,9,28,1,95,10,33,1290,34.834415,43.515133,1.0,0,1.0,1,0,6,14,13,95.0,0,5,1.0,0,1.0,Islamic State of Iraq and the Levant (ISIL)
8879,1982,6,28,0,183,11,18,156,-27.76828,30.797877,1.0,0,0.0,1,0,3,19,192,183.0,0,6,0.0,1,0.0,African National Congress (South Africa)
35935,1996,12,3,0,45,3,335,1869,6.15518,-71.76813,1.0,0,0.0,1,0,1,4,2277,45.0,0,5,2.0,0,0.0,National Liberation Army of Colombia (ELN)
64154,2014,11,24,0,214,9,135,828,48.312065,38.274979,1.0,1,0.0,1,0,2,4,48,214.0,0,6,0.0,-9,0.0,Donetsk People's Republic
63783,2014,11,2,0,147,11,156,1051,8.369124,8.770864,1.0,0,1.0,1,0,7,14,27,147.0,0,8,1.0,1,0.0,Fulani extremists
22861,1989,8,30,0,159,3,256,1556,-11.967368,-76.978462,1.0,0,1.0,1,0,3,1,3401,159.0,0,6,0.0,1,0.0,Tupac Amaru Revolutionary Movement (MRTA)
5104,1979,5,7,0,69,8,133,771,42.55,8.75,1.0,0,0.0,1,0,3,1,1135,69.0,0,6,0.0,1,0.0,Corsican National Liberation Front (FLNC)
73546,2016,3,25,0,4,6,456,2568,34.516895,69.147011,1.0,0,0.0,1,0,3,2,3112,4.0,0,6,0.0,-9,0.0,Taliban
82260,2017,9,7,0,160,5,358,1977,9.05,125.9,1.0,0,0.0,1,0,2,4,0,160.0,0,5,1.0,0,0.0,New People's Army (NPA)
55554,2013,5,27,0,4,6,459,2578,32.689845,62.732388,2.0,0,0.0,1,1,3,4,3118,422.0,0,6,1.0,1,0.0,Taliban
15382,1986,3,26,0,43,3,251,1548,-36.816006,-73.037659,1.0,0,1.0,1,0,3,1,1894,43.0,0,6,0.0,1,0.0,Manuel Rodriguez Patriotic Front (FPMR)
6392,1980,3,24,0,97,10,412,2215,31.771599,35.2034,1.0,0,0.0,0,0,3,14,2572,97.0,0,6,0.0,0,0.0,Palestinians
8793,1982,5,26,0,183,11,27,24,-29.601439,30.376695,4.0,0,0.0,1,0,3,2,279,183.0,0,6,0.0,1,0.0,African National Congress (South Africa)
19313,1988,4,12,0,159,3,438,1949,-9.147417,-78.280093,1.0,0,0.0,1,0,2,3,12,159.0,0,5,1.0,1,0.0,Shining Path (SL)
30292,1992,5,10,0,45,3,327,1825,6.242026,-75.564766,1.0,0,0.0,1,0,3,1,2710,198.0,0,6,0.0,1,0.0,Revolutionary Armed Forces of Colombia (FARC)
25975,1990,10,17,0,159,3,256,1556,-11.967368,-76.978462,1.0,0,0.0,1,0,7,8,3367,159.0,0,8,0.0,1,0.0,Tupac Amaru Revolutionary Movement (MRTA)
65655,2015,2,7,0,228,10,50,241,15.325443,44.211895,1.0,0,0.0,1,0,3,22,455,228.0,0,6,0.0,-9,0.0,Al-Qaida in the Arabian Peninsula (AQAP)
28184,1991,8,17,1,155,10,306,2221,31.346964,34.30143,1.0,0,0.0,1,0,6,14,2596,155.0,0,12,1.0,0,1.0,Palestinians
39143,2001,6,20,0,160,5,349,1917,10.185557,123.11749,1.0,0,0.0,1,0,2,4,2329,160.0,0,5,2.0,-9,0.0,New People's Army (NPA)
1076,1972,8,28,0,603,8,178,1179,54.607712,-5.95621,1.0,0,0.0,1,0,2,4,1521,216.0,0,5,1.0,0,0.0,Irish Republican Army (IRA)
39281,2001,8,12,0,141,6,246,1586,27.862527,85.113974,1.0,0,1.0,1,0,7,3,2022,141.0,0,5,0.0,1,0.0,Maoists
12272,1984,5,29,0,92,6,318,24,31.147131,75.341218,4.0,0,0.0,1,0,1,4,2995,92.0,0,10,2.0,0,0.0,Sikh Extremists
30587,1992,6,23,0,92,6,269,1764,34.08374,74.789902,1.0,0,0.0,1,0,2,3,3049,92.0,0,5,3.0,1,0.0,Sikh Extremists
75430,2016,7,12,0,95,10,30,177,33.303566,44.371773,1.0,0,0.0,1,0,3,14,13,95.0,0,6,2.0,-9,0.0,Islamic State of Iraq and the Levant (ISIL)
61450,2014,7,11,0,95,10,34,1266,36.158558,43.2551,1.0,0,1.0,1,0,3,3,1614,95.0,0,6,0.0,1,0.0,Islamic State of Iraq and the Levant (ISIL)
9770,1983,2,6,0,97,10,412,2215,31.771599,35.2034,1.0,0,0.0,1,0,3,14,2626,97.0,0,6,1.0,1,0.0,Palestinians
63684,2014,10,27,0,147,11,156,961,8.547469,7.7118,4.0,0,1.0,1,0,2,14,27,147.0,0,5,2.0,1,0.0,Fulani extremists
48445,2010,8,9,0,45,3,333,1837,6.95894,-71.872647,1.0,1,0.0,0,0,3,4,2219,45.0,0,6,0.0,0,0.0,National Liberation Army of Colombia (ELN)
18015,1987,9,9,0,159,3,432,2391,-13.152712,-74.218628,1.0,0,0.0,1,0,3,1,2916,159.0,0,6,0.0,1,0.0,Shining Path (SL)
81753,2017,8,2,0,4,6,457,2656,31.639774,64.968149,2.0,0,0.0,1,0,3,14,409,4.0,0,6,3.0,1,0.0,Taliban
7708,1981,5,31,0,603,8,178,1179,54.607712,-5.95621,1.0,0,0.0,1,0,2,3,1492,233.0,0,5,1.0,0,0.0,Irish Republican Army (IRA)
19300,1988,4,10,0,45,3,329,1864,7.75954,-73.39031,1.0,0,0.0,1,0,2,14,2270,45.0,0,5,3.0,1,0.0,National Liberation Army of Colombia (ELN)
75115,2016,6,23,0,4,6,479,2661,33.534235,65.000854,3.0,0,0.0,1,0,2,3,1399,4.0,0,5,1.0,0,0.0,Taliban
41478,2004,7,6,0,141,6,246,1603,27.708754,85.329498,1.0,0,0.0,0,0,2,3,2038,141.0,0,5,0.0,0,0.0,Maoists
13516,1985,3,20,0,159,3,256,1556,-11.967368,-76.978462,1.0,0,0.0,0,0,7,1,3342,159.0,0,8,0.0,1,0.0,Tupac Amaru Revolutionary Movement (MRTA)
4818,1979,3,10,0,69,8,126,24,41.918891,8.737554,4.0,0,1.0,1,0,3,1,805,69.0,0,6,0.0,1,0.0,Corsican National Liberation Front (FLNC)
27025,1991,4,4,0,603,8,46,1197,53.757729,-2.703441,1.0,0,0.0,0,0,7,19,1476,216.0,0,8,0.0,1,0.0,Irish Republican Army (IRA)
42614,2006,1,19,0,69,8,126,748,42.113828,8.701548,1.0,0,0.0,0,0,3,14,1122,69.0,0,6,0.0,0,0.0,Corsican National Liberation Front (FLNC)
71815,2015,12,21,0,45,3,327,1826,7.605683,-74.806265,3.0,0,0.0,1,0,3,3,12,45.0,0,6,3.0,0,0.0,National Liberation Army of Colombia (ELN)
24473,1990,3,21,0,155,10,306,2221,31.346964,34.30143,1.0,0,0.0,1,0,1,14,2630,155.0,0,5,1.0,0,0.0,Palestinians
48627,2010,9,18,0,4,6,466,2603,36.420551,64.89389,1.0,0,0.0,1,0,3,2,3131,4.0,0,6,0.0,0,0.0,Taliban
65859,2015,2,15,0,95,10,31,179,33.787583,44.668683,1.0,0,0.0,0,0,3,4,1601,95.0,0,6,1.0,0,0.0,Islamic State of Iraq and the Levant (ISIL)
14647,1985,10,15,0,183,11,19,106,-25.718321,28.408798,1.0,0,0.0,1,0,3,3,196,183.0,0,6,0.0,1,0.0,African National Congress (South Africa)
2957,1976,10,29,0,603,8,178,1180,55.011562,-7.312045,1.0,0,0.0,1,0,1,4,1509,233.0,0,5,1.0,0,0.0,Irish Republican Army (IRA)
22226,1989,5,28,0,97,10,242,2252,33.278407,35.578808,1.0,0,0.0,1,0,3,14,2618,97.0,0,6,0.0,1,0.0,Palestinians
15105,1986,1,24,0,183,11,19,106,-25.718321,28.408798,1.0,0,0.0,1,0,1,3,196,183.0,0,6,1.0,0,0.0,African National Congress (South Africa)
57123,2013,10,15,0,228,10,55,265,13.063399,44.880882,1.0,0,0.0,1,0,2,4,479,228.0,0,5,3.0,-9,0.0,Al-Qaida in the Arabian Peninsula (AQAP)
28759,1991,10,20,0,159,3,441,2817,-7.794691,-76.196402,3.0,0,0.0,1,0,2,17,412,159.0,0,5,50.0,1,0.0,Tupac Amaru Revolutionary Movement (MRTA)
20395,1988,9,30,0,43,3,251,1557,-37.029655,-73.144447,1.0,0,0.0,1,0,3,21,1290,43.0,0,6,0.0,1,0.0,Manuel Rodriguez Patriotic Front (FPMR)
29471,1992,1,16,0,185,8,82,380,36.686562,-6.137173,1.0,0,0.0,0,0,1,3,656,185.0,0,6,0.0,0,0.0,Basque Fatherland and Freedom (ETA)
51392,2012,3,20,0,95,10,33,202,34.621521,43.668377,1.0,0,1.0,1,0,3,8,370,95.0,0,6,0.0,1,0.0,Al-Qaida in Iraq
78557,2017,1,20,0,4,6,457,2600,31.619314,65.050156,1.0,0,1.0,1,0,2,3,93,4.0,0,5,22.0,-9,0.0,Taliban
55161,2013,4,16,0,147,11,104,469,10.506041,7.432823,1.0,0,0.0,1,0,2,3,12,147.0,0,5,2.0,0,0.0,Boko Haram
81842,2017,8,10,0,95,10,34,184,36.354145,43.14357,1.0,0,0.0,1,0,2,14,13,95.0,0,5,2.0,0,0.0,Islamic State of Iraq and the Levant (ISIL)
37502,1999,7,12,0,209,10,193,1262,41.106178,28.689863,1.0,0,0.0,1,0,3,19,1666,209.0,0,6,0.0,1,0.0,Kurdistan Workers' Party (PKK)
66955,2015,4,16,0,173,10,58,24,18.520277,45.69972,4.0,0,0.0,1,0,3,3,1189,173.0,0,6,3.0,-9,0.0,Houthi extremists (Ansar Allah)
68905,2015,7,16,0,217,1,295,1758,35.031789,-85.184718,1.0,0,1.0,1,0,2,4,2147,217.0,1,5,0.0,1,0.0,Muslim extremists
34274,1995,5,22,0,45,3,342,2345,4.79961,-74.74089,1.0,0,0.0,1,0,2,4,2785,45.0,0,5,0.0,1,1.0,Revolutionary Armed Forces of Colombia (FARC)
35603,1996,8,27,0,45,3,327,2328,7.02104,-75.90933,1.0,0,0.0,1,0,3,14,855,45.0,0,6,0.0,1,0.0,Revolutionary Armed Forces of Colombia (FARC)
55541,2013,5,25,0,69,8,17,91,48.883709,2.238342,1.0,0,0.0,1,0,2,4,2150,69.0,1,9,0.0,0,0.0,Muslim extremists
16834,1987,3,1,0,159,3,256,1556,-11.967368,-76.978462,1.0,0,0.0,1,0,3,2,2914,159.0,0,6,1.0,1,0.0,Shining Path (SL)
56499,2013,8,17,1,182,11,61,360,2.667362,44.689036,4.0,1,0.0,1,0,6,14,619,182.0,0,5,1.0,1,1.0,Al-Shabaab
41813,2005,2,14,0,160,5,9,40,6.11622,125.169395,1.0,0,1.0,1,0,3,1,6,160.0,0,6,5.0,1,0.0,Abu Sayyaf Group (ASG)
14876,1985,12,3,0,145,2,392,2108,13.78108,-86.5534,1.0,0,0.0,1,0,2,4,1239,145.0,0,5,1.0,1,0.0,Nicaraguan Democratic Force (FDN)
16846,1987,3,6,0,159,3,256,1556,-11.967368,-76.978462,1.0,0,1.0,1,0,3,1,3341,159.0,0,6,0.0,1,0.0,Tupac Amaru Revolutionary Movement (MRTA)
35190,1996,3,30,0,186,6,206,1509,9.575,80.466111,1.0,1,0.0,1,1,3,4,1831,186.0,0,6,12.0,1,0.0,Liberation Tigers of Tamil Eelam (LTTE)
61905,2014,7,28,0,92,6,119,1585,17.938513,81.133357,2.0,1,0.0,1,0,2,4,2021,92.0,0,5,10.0,0,0.0,Maoists
14550,1985,9,27,0,183,11,18,97,-29.861824,31.008293,1.0,0,0.0,1,0,3,1,210,183.0,0,6,0.0,1,0.0,African National Congress (South Africa)
74151,2016,5,1,0,228,10,57,279,13.586484,44.024105,1.0,0,1.0,1,0,3,14,1222,228.0,0,6,0.0,-9,0.0,Houthi extremists (Ansar Allah)
41696,2004,12,3,0,185,8,84,390,40.465595,-3.696263,1.0,0,1.0,1,0,3,1,679,185.0,0,6,0.0,1,0.0,Basque Fatherland and Freedom (ETA)
15180,1986,2,11,0,603,8,178,1216,54.295497,-7.463576,1.0,0,0.0,1,0,1,3,1524,233.0,0,5,2.0,0,0.0,Irish Republican Army (IRA)
26708,1991,2,6,0,45,3,331,24,6.643708,-73.653621,4.0,1,1.0,1,0,3,21,2713,45.0,0,6,0.0,1,0.0,Revolutionary Armed Forces of Colombia (FARC)
19951,1988,7,15,0,183,11,19,93,-26.31468,27.828306,1.0,0,0.0,0,0,3,2,285,183.0,0,6,0.0,1,0.0,African National Congress (South Africa)
17144,1987,4,25,0,145,2,404,2132,11.26093,-85.77908,1.0,0,0.0,1,0,2,1,2466,145.0,0,5,1.0,1,0.0,Nicaraguan Democratic Force (FDN)
71301,2015,11,18,0,182,11,78,351,4.684885,46.622807,1.0,0,0.0,0,0,2,4,583,422.0,0,5,0.0,0,0.0,Al-Shabaab
82522,2017,9,27,0,123,11,272,1740,14.929512,-3.889058,2.0,0,0.0,1,0,5,14,13,123.0,0,5,0.0,0,1.0,Muslim extremists
55630,2013,6,2,0,228,10,51,264,13.980025,48.189154,1.0,0,1.0,0,0,2,1,476,228.0,0,5,0.0,0,0.0,Al-Qaida in the Arabian Peninsula (AQAP)
20108,1988,8,5,0,362,8,181,1205,51.213924,6.780691,1.0,0,0.0,1,0,3,4,1495,216.0,0,6,0.0,1,0.0,Irish Republican Army (IRA)
67060,2015,4,21,0,214,9,135,795,48.143208,37.753361,1.0,1,0.0,1,0,2,4,48,214.0,0,6,0.0,1,0.0,Donetsk People's Republic
21251,1989,1,26,0,159,3,256,1556,-11.967368,-76.978462,1.0,0,0.0,1,0,3,1,3395,159.0,0,5,0.0,1,0.0,Tupac Amaru Revolutionary Movement (MRTA)
56533,2013,8,22,0,4,6,459,2616,32.37001,62.128456,1.0,0,0.0,0,0,1,2,3152,4.0,0,6,1.0,1,0.0,Taliban
66018,2015,2,24,0,147,11,102,463,11.704399,11.088539,1.0,0,1.0,1,1,3,19,56,147.0,0,6,13.0,1,0.0,Boko Haram
39205,2001,8,2,1,160,5,0,34,6.62139,122.143825,1.0,0,0.0,1,0,6,14,42,160.0,0,9,4.0,1,1.0,Abu Sayyaf Group (ASG)
75188,2016,6,27,0,92,6,118,624,24.343467,84.264952,1.0,0,0.0,1,0,2,16,943,92.0,0,5,0.0,1,0.0,Communist Party of India - Maoist (CPI-Maoist)
41058,2003,8,3,0,69,8,126,752,42.104248,9.512429,1.0,0,0.0,1,0,3,14,1089,69.0,0,6,0.0,1,0.0,Corsican National Liberation Front (FLNC)
27900,1991,7,23,0,159,3,436,2417,-14.054639,-73.088412,3.0,0,0.0,1,0,2,2,2893,159.0,0,5,8.0,1,0.0,Shining Path (SL)
5797,1979,11,1,0,97,10,414,2219,32.08297,34.811886,1.0,0,0.0,1,0,3,19,2547,97.0,0,6,0.0,1,0.0,Palestinians
28382,1991,9,14,0,159,3,430,2411,-11.161067,-75.99309,3.0,0,0.0,1,0,2,11,2889,159.0,0,5,12.0,1,0.0,Shining Path (SL)
53225,2012,9,9,0,95,10,34,184,36.354145,43.14357,1.0,0,1.0,1,0,3,14,13,95.0,0,6,2.0,0,0.0,Al-Qaida in Iraq
78383,2017,1,8,1,147,11,105,1046,9.455541,12.152552,2.0,0,1.0,1,0,6,14,27,147.0,0,5,2.0,0,1.0,Fulani extremists
49598,2011,5,7,0,45,3,332,2285,2.650027,-75.649575,1.0,1,0.0,0,0,3,14,2711,45.0,0,6,0.0,0,0.0,Revolutionary Armed Forces of Colombia (FARC)
31042,1992,8,22,0,209,10,203,1344,37.755081,39.317331,1.0,0,0.0,1,0,3,8,892,209.0,0,6,1.0,1,0.0,Kurdistan Workers' Party (PKK)
6496,1980,4,16,0,97,10,412,2215,31.771599,35.2034,1.0,0,0.0,1,0,3,14,2559,97.0,0,6,0.0,1,0.0,Palestinians
82839,2017,10,21,1,92,6,122,1661,20.01552,84.186856,1.0,0,0.0,1,0,6,14,2078,92.0,0,5,1.0,0,1.0,Maoists
14419,1985,8,19,0,61,2,139,853,13.69288,-89.199161,1.0,0,0.0,1,0,2,14,1248,61.0,0,8,0.0,1,0.0,Farabundo Marti National Liberation Front (FMLN)
59107,2014,3,18,0,182,11,65,345,-1.034622,41.499084,1.0,1,0.0,1,0,3,4,162,422.0,0,6,1.0,-9,0.0,Al-Shabaab
46867,2009,7,23,0,92,6,120,594,22.609739,87.253142,1.0,0,0.0,1,0,7,22,268,92.0,0,11,0.0,1,0.0,Communist Party of India - Maoist (CPI-Maoist)
59166,2014,3,21,0,228,10,47,275,14.52073,49.15211,1.0,0,0.0,1,0,2,4,20,228.0,0,5,4.0,-9,0.0,Al-Qaida in the Arabian Peninsula (AQAP)
55014,2013,4,1,0,160,5,349,1926,10.840278,123.499167,1.0,0,0.0,1,0,2,3,2334,160.0,0,5,3.0,1,0.0,New People's Army (NPA)
17421,1987,6,13,0,43,3,250,1544,-33.366238,-70.505302,1.0,0,0.0,1,0,3,1,1959,43.0,0,6,0.0,1,0.0,Manuel Rodriguez Patriotic Front (FPMR)
43604,2007,3,16,0,95,10,29,193,33.420948,43.295662,1.0,1,1.0,1,1,3,4,376,217.0,0,2,2.0,-9,0.0,Al-Qaida in Iraq
20073,1988,7,31,0,92,6,269,1764,34.08374,74.789902,1.0,0,0.0,1,0,3,14,2994,92.0,0,6,0.0,1,0.0,Sikh Extremists
57582,2013,11,30,0,153,6,484,2731,34.552254,71.181984,1.0,0,0.0,1,0,2,4,3227,153.0,0,5,3.0,1,0.0,Tehrik-i-Taliban Pakistan (TTP)
65785,2015,2,12,0,147,11,100,511,11.930234,13.242173,3.0,0,1.0,1,0,3,14,27,147.0,0,6,11.0,1,0.0,Boko Haram
83059,2017,11,10,0,228,10,51,269,14.4296,46.151047,1.0,0,0.0,0,0,1,17,492,228.0,0,5,0.0,0,0.0,Al-Qaida in the Arabian Peninsula (AQAP)
78704,2017,1,29,0,19,6,304,1779,23.791275,90.418205,1.0,0,0.0,1,0,2,14,2164,19.0,0,9,1.0,0,0.0,Muslim extremists
32101,1992,12,16,0,45,3,424,1544,1.14646,-77.00389,1.0,0,0.0,1,0,2,4,412,45.0,0,5,8.0,1,0.0,Revolutionary Armed Forces of Colombia (FARC)
48154,2010,6,5,0,92,6,119,644,18.791667,80.816667,1.0,1,0.0,1,0,7,2,977,92.0,0,8,0.0,1,0.0,Communist Party of India - Maoist (CPI-Maoist)
29649,1992,2,10,0,155,10,410,2213,31.704338,35.194355,1.0,0,0.0,1,0,2,14,2538,97.0,0,8,0.0,1,0.0,Palestinians
65705,2015,2,9,0,147,11,155,962,7.689167,9.250278,3.0,0,1.0,1,0,2,14,27,147.0,0,5,0.0,1,0.0,Fulani extremists
33133,1994,6,14,0,209,10,193,1262,41.106178,28.689863,1.0,1,0.0,0,0,3,19,1718,209.0,0,6,0.0,1,0.0,Kurdistan Workers' Party (PKK)
4232,1978,8,11,0,69,8,133,753,42.699997,9.447317,1.0,0,0.0,1,0,3,14,1144,69.0,0,6,0.0,1,0.0,Corsican National Liberation Front (FLNC)
5224,1979,5,31,0,69,8,127,91,48.856644,2.34233,1.0,0,0.0,1,0,3,14,1097,69.0,0,6,0.0,1,0.0,Corsican National Liberation Front (FLNC)
22544,1989,7,21,0,159,3,430,2389,-11.419301,-75.688882,3.0,0,0.0,1,0,2,1,2839,159.0,0,5,0.0,1,0.0,Shining Path (SL)
3737,1977,12,28,0,185,8,83,430,43.230556,-2.845833,1.0,0,0.0,1,0,5,14,748,185.0,0,5,0.0,1,1.0,Basque Fatherland and Freedom (ETA)
7558,1981,4,21,0,183,11,18,97,-29.861824,31.008293,1.0,0,0.0,1,0,3,21,197,183.0,0,6,0.0,1,0.0,African National Congress (South Africa)
48652,2010,9,18,0,4,6,301,2617,34.417538,70.323938,1.0,0,0.0,1,0,3,2,3131,4.0,0,6,0.0,0,0.0,Taliban
59202,2014,3,23,0,147,11,110,492,9.933421,8.88309,1.0,0,0.0,1,0,2,15,872,147.0,0,5,0.0,-9,0.0,Fulani extremists
36538,1997,9,30,0,45,3,324,1846,7.894195,-72.503885,1.0,0,1.0,1,0,3,2,2251,45.0,0,6,0.0,1,0.0,National Liberation Army of Colombia (ELN)
73377,2016,3,13,0,147,11,155,24,7.350826,8.836276,4.0,0,1.0,1,0,2,14,27,147.0,0,5,0.0,1,0.0,Fulani extremists
36409,1997,7,20,0,186,6,206,1441,8.577826,81.218719,1.0,1,0.0,1,0,2,2,1780,186.0,0,5,6.0,1,0.0,Liberation Tigers of Tamil Eelam (LTTE)
16851,1987,3,6,0,159,3,256,1556,-11.967368,-76.978462,1.0,0,1.0,1,0,3,1,3341,159.0,0,6,0.0,1,0.0,Tupac Amaru Revolutionary Movement (MRTA)
20458,1988,10,6,0,155,10,410,2236,32.113445,35.077565,1.0,0,0.0,1,0,1,2,2584,97.0,0,5,1.0,0,0.0,Palestinians
8800,1982,5,28,0,183,11,21,131,-25.439625,31.680998,1.0,0,0.0,1,0,3,21,239,183.0,0,6,0.0,1,0.0,African National Congress (South Africa)
12981,1984,10,31,0,92,6,447,2480,28.585836,77.153336,1.0,0,0.0,1,0,1,2,2983,92.0,0,5,1.0,0,0.0,Sikh Extremists
37755,1999,12,3,0,185,8,81,385,42.84964,-2.692359,1.0,0,0.0,0,0,1,2,715,185.0,0,8,0.0,0,0.0,Basque Fatherland and Freedom (ETA)
13073,1984,11,20,0,159,3,440,2437,-5.197037,-80.626621,1.0,0,0.0,1,0,3,7,2915,159.0,0,6,0.0,1,0.0,Shining Path (SL)
57911,2014,1,1,0,95,10,33,218,33.669689,44.381317,1.0,0,1.0,1,0,2,3,175,95.0,0,5,4.0,1,0.0,Muslim extremists
17369,1987,6,7,0,45,3,328,1819,4.667128,-74.106056,1.0,0,0.0,1,0,2,4,1249,45.0,0,5,1.0,1,0.0,National Liberation Army of Colombia (ELN)
15838,1986,6,22,0,183,11,18,97,-29.861824,31.008293,1.0,1,0.0,1,0,3,21,274,183.0,0,6,0.0,1,0.0,African National Congress (South Africa)
52636,2012,7,20,0,45,3,324,24,7.946283,-72.898807,4.0,0,0.0,0,0,3,1,2737,45.0,0,6,0.0,1,0.0,Revolutionary Armed Forces of Colombia (FARC)
32981,1994,5,11,0,185,8,81,382,43.258434,-2.921819,1.0,0,0.0,1,0,3,1,410,185.0,0,6,0.0,1,0.0,Basque Fatherland and Freedom (ETA)
32111,1992,12,19,0,209,10,210,24,37.422746,42.492326,4.0,0,0.0,1,0,2,4,1710,209.0,0,5,1.0,1,0.0,Kurdistan Workers' Party (PKK)
23734,1989,11,18,0,92,6,318,24,31.147131,75.341218,4.0,0,0.0,1,0,1,8,3016,92.0,0,5,2.0,0,0.0,Sikh Extremists
68543,2015,6,29,0,173,10,58,24,17.545372,44.222498,4.0,0,0.0,1,0,3,4,1398,173.0,0,6,1.0,0,0.0,Houthi extremists (Ansar Allah)
49487,2011,4,5,0,45,3,327,921,6.81699,-75.243998,1.0,1,0.0,0,0,3,21,2716,45.0,0,6,0.0,0,0.0,Revolutionary Armed Forces of Colombia (FARC)
50074,2011,9,14,0,92,6,122,672,18.364195,81.892418,1.0,0,0.0,1,0,7,1,994,92.0,0,8,0.0,1,0.0,Communist Party of India - Maoist (CPI-Maoist)
66627,2015,3,30,0,228,10,45,236,12.825647,44.846416,1.0,0,1.0,1,0,3,14,602,228.0,0,6,3.0,1,0.0,Houthi extremists (Ansar Allah)
37147,1999,1,5,0,160,5,0,16,6.681959,121.985477,1.0,0,0.0,1,0,3,4,17,160.0,0,6,0.0,1,0.0,Abu Sayyaf Group (ASG)
67667,2015,5,16,0,228,10,45,236,12.825647,44.846416,1.0,0,0.0,1,0,7,22,373,228.0,0,5,0.0,1,0.0,Houthi extremists (Ansar Allah)
44109,2007,8,30,0,185,8,81,427,43.278322,-2.126597,1.0,0,0.0,1,0,6,14,6,185.0,0,5,0.0,0,1.0,Basque Fatherland and Freedom (ETA)
48551,2010,9,6,0,153,6,484,2708,34.006004,71.53743,1.0,1,0.0,1,0,3,8,3275,153.0,0,6,0.0,1,0.0,Tehrik-i-Taliban Pakistan (TTP)
69728,2015,8,25,0,214,9,135,817,47.108201,37.750556,1.0,1,0.0,1,0,3,4,1191,214.0,0,6,2.0,-9,0.0,Donetsk People's Republic
80241,2017,5,12,0,92,6,118,634,22.572048,85.460775,2.0,0,0.0,1,0,2,14,955,92.0,0,5,0.0,0,0.0,Communist Party of India - Maoist (CPI-Maoist)
56966,2013,9,30,0,95,10,30,177,33.303566,44.371773,1.0,0,1.0,1,0,3,14,13,95.0,0,6,0.0,0,0.0,Islamic State of Iraq and the Levant (ISIL)
73575,2016,3,28,0,160,5,349,2006,10.299222,123.114941,1.0,0,0.0,1,0,2,4,2397,160.0,0,5,1.0,0,0.0,New People's Army (NPA)
55875,2013,6,26,0,182,11,65,307,-0.357847,42.54665,1.0,0,0.0,1,0,3,4,427,182.0,0,6,1.0,-9,0.0,Al-Shabaab
37027,1998,9,11,0,186,6,242,1443,9.666399,80.020477,1.0,0,0.0,1,1,3,2,1753,186.0,0,6,21.0,0,0.0,Liberation Tigers of Tamil Eelam (LTTE)
58326,2014,1,30,0,200,10,187,1720,36.201721,37.14352,1.0,0,0.0,1,0,3,4,48,200.0,0,6,6.0,1,0.0,Muslim extremists
45224,2008,7,15,0,92,6,121,600,18.364195,81.892418,3.0,0,0.0,1,0,7,14,2045,92.0,0,8,0.0,1,0.0,Maoists
70494,2015,10,7,0,182,11,63,304,2.059819,45.326115,1.0,0,0.0,1,0,2,2,575,182.0,0,5,2.0,1,0.0,Al-Shabaab
83015,2017,11,6,0,104,11,62,341,2.609014,40.849056,1.0,0,0.0,1,0,2,3,162,104.0,0,6,0.0,1,0.0,Al-Shabaab
16155,1986,9,1,0,92,6,449,2494,30.733315,76.779418,1.0,0,0.0,1,0,1,2,3005,92.0,0,5,1.0,0,0.0,Sikh Extremists
16652,1987,1,19,0,45,3,324,1876,8.63781,-72.73464,1.0,0,0.0,1,0,3,21,2284,45.0,0,6,0.0,1,0.0,National Liberation Army of Colombia (ELN)
49308,2011,2,19,0,153,6,389,2741,34.080389,71.224365,3.0,0,0.0,1,0,3,8,3270,153.0,0,6,0.0,1,0.0,Tehrik-i-Taliban Pakistan (TTP)
51794,2012,4,28,0,228,10,55,265,13.148959,44.85055,1.0,0,0.0,1,0,1,2,92,228.0,0,5,1.0,0,0.0,Al-Qaida in the Arabian Peninsula (AQAP)
67728,2015,5,20,0,147,11,110,544,9.503691,8.928101,1.0,0,0.0,1,0,2,14,27,147.0,0,5,20.0,1,0.0,Boko Haram
21714,1989,3,19,0,92,6,318,24,31.147131,75.341218,4.0,0,0.0,1,0,2,3,412,92.0,0,5,1.0,1,0.0,Sikh Extremists
77639,2016,11,19,0,173,10,176,24,19.096906,42.863788,4.0,0,0.0,1,0,3,3,172,173.0,0,6,1.0,-9,0.0,Houthi extremists (Ansar Allah)
47116,2009,9,19,0,160,5,358,1983,9.02111,126.23167,1.0,0,0.0,1,0,7,1,2378,160.0,0,8,0.0,1,0.0,New People's Army (NPA)
13655,1985,4,28,0,145,2,394,2081,13.41367,-86.398163,1.0,0,0.0,1,0,3,2,2463,145.0,0,5,1.0,1,0.0,Nicaraguan Democratic Force (FDN)
15758,1986,6,10,0,183,11,21,134,-27.365132,29.880845,1.0,1,0.0,1,0,3,1,247,183.0,0,6,0.0,1,0.0,African National Congress (South Africa)
45646,2008,10,22,0,92,6,120,607,22.404193,87.379866,3.0,0,0.0,1,0,3,14,947,92.0,0,6,3.0,1,0.0,Communist Party of India - Maoist (CPI-Maoist)
17015,1987,4,11,0,159,3,441,2420,-8.18885,-76.510838,1.0,0,0.0,1,0,7,2,2898,159.0,0,8,0.0,1,0.0,Shining Path (SL)
31949,1992,12,3,0,69,8,126,24,41.918891,8.737554,4.0,0,1.0,1,0,3,2,410,69.0,0,6,0.0,1,0.0,Corsican National Liberation Front (FLNC)
32517,1994,2,21,0,603,8,178,1179,54.607712,-5.95621,1.0,0,0.0,0,0,7,1,1466,216.0,0,8,0.0,1,0.0,Irish Republican Army (IRA)
12311,1984,6,8,0,145,2,403,2109,12.509204,-86.661108,4.0,0,0.0,1,0,2,14,2478,145.0,0,5,0.0,1,0.0,Nicaraguan Democratic Force (FDN)
20055,1988,7,28,0,186,6,242,1453,9.338416,80.303394,1.0,0,0.0,1,0,2,4,1239,92.0,0,5,0.0,1,0.0,Liberation Tigers of Tamil Eelam (LTTE)
55767,2013,6,17,0,4,6,462,24,34.014552,69.192392,4.0,0,0.0,1,0,3,4,48,4.0,0,6,2.0,0,0.0,Taliban
19925,1988,7,9,0,92,6,318,2488,31.633078,74.878288,1.0,0,0.0,1,0,1,14,3054,92.0,0,5,1.0,0,0.0,Sikh Extremists
43735,2007,5,6,0,186,6,206,1511,7.612269,81.70897,1.0,0,0.0,1,0,3,3,1834,186.0,0,6,3.0,1,0.0,Liberation Tigers of Tamil Eelam (LTTE)
64333,2014,12,4,0,147,11,106,529,10.850832,11.431111,1.0,0,1.0,1,0,2,2,854,147.0,0,5,24.0,1,0.0,Boko Haram
51117,2012,2,23,0,95,10,30,177,33.303566,44.371773,1.0,0,1.0,1,0,3,14,13,95.0,0,6,6.0,1,0.0,Al-Qaida in Iraq
53218,2012,9,9,0,95,10,29,188,33.349159,43.784199,1.0,0,1.0,1,0,2,4,345,95.0,0,5,1.0,0,0.0,Al-Qaida in Iraq
21225,1989,1,24,0,92,6,318,2519,31.770833,74.888333,1.0,0,0.0,1,0,1,14,3032,92.0,0,5,3.0,0,0.0,Sikh Extremists
57471,2013,11,18,0,92,6,116,1623,13.37129,75.198311,1.0,1,0.0,1,0,7,3,2055,92.0,0,5,0.0,1,0.0,Maoists
46359,2009,4,9,0,159,3,432,24,-13.163874,-74.223564,4.0,0,1.0,1,0,3,4,2871,159.0,0,6,13.0,-9,0.0,Shining Path (SL)
61663,2014,7,18,0,147,11,104,1008,9.688993,8.165353,2.0,0,0.0,1,0,2,14,27,147.0,0,5,5.0,0,0.0,Fulani extremists
16106,1986,8,18,0,145,2,399,2093,12.216667,-84.033333,1.0,0,0.0,1,0,2,14,2468,145.0,0,5,1.0,1,0.0,Nicaraguan Democratic Force (FDN)
41940,2005,4,15,0,95,10,30,177,33.303566,44.371773,1.0,0,0.0,1,1,3,7,360,167.0,0,6,1.0,-9,0.0,Al-Qaida in Iraq
66315,2015,3,11,0,228,10,45,236,12.825647,44.846416,1.0,0,0.0,0,1,3,20,6,228.0,0,6,0.0,0,0.0,Al-Qaida in the Arabian Peninsula (AQAP)
60464,2014,5,26,0,147,11,102,465,11.247069,12.01246,1.0,0,1.0,1,0,2,4,427,147.0,0,5,3.0,-9,0.0,Boko Haram
62762,2014,9,14,0,147,11,110,951,9.27114,8.942915,1.0,0,0.0,1,0,2,14,27,147.0,0,5,5.0,1,0.0,Fulani extremists
2623,1976,3,15,0,185,8,90,438,43.303261,-2.204363,1.0,0,0.0,1,0,1,1,774,185.0,0,5,1.0,0,0.0,Basque Fatherland and Freedom (ETA)
5210,1979,5,31,0,69,8,127,91,48.856644,2.34233,1.0,0,0.0,1,0,3,1,705,69.0,0,6,0.0,1,0.0,Corsican National Liberation Front (FLNC)
80077,2017,4,29,1,160,5,1,19,6.055578,121.039629,1.0,0,0.0,1,0,6,2,45,160.0,0,5,0.0,0,1.0,Abu Sayyaf Group (ASG)
55375,2013,5,7,0,153,6,484,2769,35.038889,71.788889,1.0,0,0.0,1,0,3,22,3271,153.0,0,6,6.0,0,0.0,Tehrik-i-Taliban Pakistan (TTP)
68882,2015,7,15,0,160,5,0,35,6.497216,122.105141,1.0,1,0.0,0,0,1,2,86,160.0,0,6,0.0,0,0.0,Abu Sayyaf Group (ASG)
18322,1987,10,26,0,159,3,256,1556,-11.967368,-76.978462,1.0,0,0.0,1,0,3,2,3340,159.0,0,6,0.0,1,0.0,Tupac Amaru Revolutionary Movement (MRTA)
18615,1987,12,17,0,603,8,178,1179,54.607712,-5.95621,1.0,0,0.0,1,0,3,2,1490,233.0,0,6,0.0,1,0.0,Irish Republican Army (IRA)
7373,1981,2,13,0,61,2,141,867,13.491242,-88.173134,1.0,0,0.0,1,0,2,19,56,61.0,0,5,2.0,1,0.0,Farabundo Marti National Liberation Front (FMLN)
59741,2014,4,20,0,147,11,155,999,6.783611,9.069722,1.0,0,0.0,1,0,3,15,842,147.0,0,6,0.0,-9,0.0,Fulani extremists
9895,1983,3,6,0,61,2,147,884,13.5,-88.9,1.0,0,0.0,1,0,2,4,1249,61.0,0,5,1.0,1,0.0,Farabundo Marti National Liberation Front (FMLN)
58978,2014,3,10,0,160,5,14,1989,9.051549,118.049001,1.0,0,0.0,1,0,6,1,2382,160.0,0,8,0.0,1,1.0,New People's Army (NPA)
69991,2015,9,9,0,228,10,57,279,13.586484,44.024105,1.0,0,1.0,1,0,3,14,1200,228.0,0,6,0.0,-9,0.0,Houthi extremists (Ansar Allah)
65590,2015,2,4,0,228,10,53,24,14.802222,42.951111,4.0,0,0.0,1,0,2,14,1388,228.0,0,5,0.0,0,0.0,Houthi extremists (Ansar Allah)
56128,2013,7,21,1,228,10,50,241,15.325443,44.211895,1.0,0,0.0,1,0,6,7,487,94.0,0,5,0.0,0,1.0,Al-Qaida in the Arabian Peninsula (AQAP)
28076,1991,8,8,0,92,6,318,2525,31.448943,74.925262,1.0,0,0.0,1,0,3,3,2444,92.0,0,6,7.0,1,0.0,Sikh Extremists
79643,2017,3,31,0,92,6,122,600,18.16408,81.953482,3.0,0,1.0,1,0,6,14,2031,92.0,0,9,1.0,0,1.0,Maoists
48982,2010,11,30,0,228,10,49,244,13.887403,45.863647,1.0,0,0.0,1,0,3,4,446,228.0,0,6,0.0,1,0.0,Al-Qaida in the Arabian Peninsula (AQAP)
31961,1992,12,3,0,69,8,126,24,41.918891,8.737554,4.0,0,1.0,1,0,3,2,410,69.0,0,6,0.0,1,0.0,Corsican National Liberation Front (FLNC)
41688,2004,11,23,0,4,6,458,2622,32.623739,65.456432,1.0,0,0.0,1,0,1,4,3146,4.0,0,5,3.0,0,0.0,Taliban
35544,1996,7,30,0,160,5,7,48,7.751209,123.148704,1.0,0,0.0,1,0,7,8,80,160.0,0,8,1.0,1,0.0,Abu Sayyaf Group (ASG)
68037,2015,6,3,0,214,9,135,806,47.963322,37.440448,1.0,0,0.0,1,0,3,14,27,214.0,0,6,0.0,-9,0.0,Donetsk People's Republic
61022,2014,6,24,0,153,6,484,2708,34.006004,71.53743,1.0,0,0.0,1,0,2,6,3292,153.0,0,5,1.0,1,0.0,Tehrik-i-Taliban Pakistan (TTP)
69532,2015,8,16,0,95,10,30,177,33.303566,44.371773,1.0,0,0.0,1,0,3,14,1200,95.0,0,6,2.0,0,0.0,Islamic State of Iraq and the Levant (ISIL)
41413,2004,5,22,0,173,10,279,219,24.64732,46.714581,1.0,0,0.0,1,0,2,14,2129,75.0,0,5,1.0,0,0.0,Muslim extremists
77017,2016,10,15,0,160,5,0,0,6.482905,122.015549,3.0,0,0.0,1,0,2,4,0,160.0,0,5,0.0,-9,0.0,Abu Sayyaf Group (ASG)
63137,2014,9,29,0,214,9,135,792,47.981647,37.762325,1.0,0,0.0,1,0,3,4,1221,214.0,0,6,18.0,1,0.0,Donetsk People's Republic
6180,1980,1,31,0,155,10,410,2228,31.530243,35.094162,1.0,0,0.0,1,0,3,15,2561,97.0,0,6,0.0,1,0.0,Palestinians
68581,2015,7,1,0,92,6,122,1595,20.937726,85.089076,2.0,0,0.0,1,0,8,14,2028,92.0,0,9,1.0,0,1.0,Maoists
67313,2015,5,3,1,160,5,2,49,5.010223,119.747485,1.0,0,0.0,1,0,6,1,81,160.0,0,5,0.0,0,1.0,Abu Sayyaf Group (ASG)
8850,1982,6,13,0,185,8,81,386,43.32412,-1.929857,1.0,0,0.0,1,0,1,3,756,185.0,0,5,1.0,0,0.0,Basque Fatherland and Freedom (ETA)
55052,2013,4,5,1,160,5,375,1974,16.753657,121.03983,1.0,0,0.0,1,0,6,3,85,160.0,0,5,3.0,0,-9.0,New People's Army (NPA)
77540,2016,11,14,0,160,5,0,14,6.601768,122.17325,1.0,0,0.0,1,0,3,4,15,160.0,0,6,0.0,0,0.0,Abu Sayyaf Group (ASG)
71356,2015,11,22,0,4,6,465,2643,37.470481,69.624767,3.0,0,0.0,1,0,2,14,1644,4.0,0,5,3.0,0,0.0,Taliban
18216,1987,10,7,0,159,3,256,1556,-11.967368,-76.978462,1.0,0,0.0,1,0,3,7,3381,217.0,0,6,0.0,1,0.0,Tupac Amaru Revolutionary Movement (MRTA)
22034,1989,5,1,0,159,3,438,2440,-9.529924,-77.5288,1.0,0,0.0,1,0,2,2,743,159.0,0,5,1.0,1,0.0,Shining Path (SL)
81907,2017,8,14,1,228,10,50,241,15.325443,44.211895,1.0,0,0.0,1,0,6,14,1384,228.0,0,5,0.0,0,1.0,Houthi extremists (Ansar Allah)
73139,2016,3,1,0,182,11,61,318,2.050931,45.154106,1.0,0,0.0,1,0,3,4,162,182.0,0,6,4.0,1,0.0,Al-Shabaab
62537,2014,8,30,0,214,9,135,792,47.981647,37.762325,1.0,0,0.0,1,0,2,14,1208,214.0,0,5,2.0,-9,0.0,Donetsk People's Republic
16530,1986,12,19,0,183,11,19,115,-26.252697,27.870275,1.0,0,0.0,1,0,3,2,241,183.0,0,6,0.0,1,0.0,African National Congress (South Africa)
56669,2013,9,4,1,160,5,0,39,6.599402,121.904055,1.0,0,0.0,1,0,6,12,52,422.0,0,5,0.0,0,1.0,Abu Sayyaf Group (ASG)
42494,2005,11,9,0,102,10,40,196,31.950001,35.933331,1.0,0,1.0,1,1,3,1,359,999.0,0,6,20.0,1,0.0,Al-Qaida in Iraq
14021,1985,6,10,0,61,2,148,883,13.416667,-88.5,1.0,0,1.0,1,0,3,21,1259,61.0,0,6,0.0,1,0.0,Farabundo Marti National Liberation Front (FMLN)
33607,1994,11,6,0,92,6,269,1781,32.726602,74.857026,1.0,0,0.0,1,0,3,19,56,92.0,0,6,2.0,1,0.0,Sikh Extremists
48935,2010,11,20,0,45,3,324,1876,8.637411,-72.734019,1.0,1,1.0,1,0,3,19,2735,45.0,0,6,0.0,1,0.0,Revolutionary Armed Forces of Colombia (FARC)
17344,1987,6,3,0,92,6,318,2486,31.638549,75.135566,1.0,0,0.0,1,0,2,3,301,92.0,0,5,3.0,1,0.0,Sikh Extremists
32576,1994,3,6,0,209,10,210,24,37.422746,42.492326,4.0,0,0.0,1,0,2,4,1265,209.0,0,5,12.0,1,0.0,Kurdistan Workers' Party (PKK)
24385,1990,3,9,0,43,3,250,1544,-33.366238,-70.505302,1.0,0,0.0,1,0,3,2,1897,43.0,0,6,0.0,1,0.0,Manuel Rodriguez Patriotic Front (FPMR)
64813,2015,1,1,0,214,9,135,827,48.251964,38.323397,1.0,0,0.0,1,0,3,4,48,214.0,0,6,0.0,-9,0.0,Donetsk People's Republic
74807,2016,6,7,0,95,10,34,1295,35.758367,43.12946,1.0,1,1.0,1,1,3,4,1399,95.0,0,6,23.0,0,0.0,Islamic State of Iraq and the Levant (ISIL)
55290,2013,4,28,1,160,5,351,1962,7.373618,125.949926,1.0,0,0.0,1,0,6,3,2361,160.0,0,5,1.0,0,1.0,New People's Army (NPA)
20081,1988,8,2,0,159,3,256,1556,-11.967368,-76.978462,1.0,0,0.0,1,0,3,1,410,159.0,0,6,0.0,1,0.0,Tupac Amaru Revolutionary Movement (MRTA)
10011,1983,4,3,0,155,10,410,2233,32.460617,35.301247,1.0,0,0.0,1,0,2,3,2638,97.0,0,8,1.0,1,0.0,Palestinians
33369,1994,8,17,0,603,8,178,1179,54.607712,-5.95621,1.0,0,0.0,0,0,3,1,1542,216.0,0,6,0.0,1,0.0,Irish Republican Army (IRA)
44551,2008,2,24,0,4,6,457,2608,31.799835,65.062271,1.0,0,0.0,0,0,1,2,3134,4.0,0,6,3.0,0,0.0,Taliban
3332,1977,6,22,0,603,8,178,1179,54.607712,-5.95621,1.0,0,0.0,1,0,1,14,1510,233.0,0,5,1.0,0,0.0,Irish Republican Army (IRA)
66751,2015,4,5,0,60,10,270,1722,31.105773,29.764839,1.0,0,0.0,1,0,2,15,842,60.0,0,5,0.0,0,0.0,Muslim extremists
28672,1991,10,15,0,61,2,145,875,13.597728,-89.418532,1.0,0,0.0,1,0,2,14,1255,61.0,0,5,0.0,1,0.0,Farabundo Marti National Liberation Front (FMLN)
47212,2009,10,13,0,92,6,118,599,23.982774,86.030013,1.0,0,0.0,1,0,2,19,918,92.0,0,5,0.0,1,0.0,Communist Party of India - Maoist (CPI-Maoist)
41713,2004,12,6,0,173,10,56,271,21.543155,39.174905,1.0,0,0.0,1,0,2,7,493,217.0,0,6,9.0,-9,0.0,Al-Qaida in the Arabian Peninsula (AQAP)
35539,1996,7,28,0,160,5,0,16,6.700414,121.972557,1.0,0,0.0,1,0,2,4,41,160.0,0,5,4.0,1,0.0,Abu Sayyaf Group (ASG)
75438,2016,7,12,0,147,11,155,1067,7.350826,8.836276,4.0,0,1.0,1,0,2,14,13,147.0,0,5,1.0,-9,0.0,Fulani extremists
47080,2009,9,8,1,153,6,485,2778,35.839232,71.780106,1.0,0,0.0,1,0,6,12,3286,78.0,0,5,0.0,0,1.0,Tehrik-i-Taliban Pakistan (TTP)
61573,2014,7,14,0,147,11,162,993,12.765936,12.765936,3.0,0,0.0,1,0,2,14,558,147.0,0,5,7.0,0,0.0,Fulani extremists
27791,1991,7,11,0,159,3,256,1556,-11.967368,-76.978462,1.0,0,0.0,1,0,3,3,3382,159.0,0,5,2.0,1,0.0,Tupac Amaru Revolutionary Movement (MRTA)
67752,2015,5,21,0,214,9,135,819,48.098675,37.663422,1.0,0,0.0,1,0,3,4,48,214.0,0,6,0.0,-9,0.0,Donetsk People's Republic
74484,2016,5,19,0,153,6,313,1794,30.200819,66.994354,1.0,0,0.0,1,0,3,3,3171,153.0,0,6,1.0,1,0.0,Tehrik-i-Taliban Pakistan (TTP)
70832,2015,10,23,0,147,11,100,466,11.840929,13.141459,1.0,0,0.0,1,1,3,15,354,147.0,0,6,11.0,1,0.0,Boko Haram
80431,2017,5,21,0,95,10,196,1269,31.300213,45.277092,1.0,0,0.0,0,0,3,20,6,95.0,0,6,0.0,0,0.0,Islamic State of Iraq and the Levant (ISIL)
60476,2014,5,28,0,182,11,68,331,3.162307,42.493771,1.0,0,0.0,1,0,3,4,427,182.0,0,6,1.0,-9,0.0,Al-Shabaab
13785,1985,5,11,0,92,6,447,2480,28.585836,77.153336,1.0,0,0.0,0,0,3,2,3007,92.0,0,6,0.0,0,0.0,Sikh Extremists
68736,2015,7,8,0,4,6,470,2639,35.216667,71.35,2.0,0,0.0,1,0,2,3,3122,4.0,0,5,6.0,0,0.0,Taliban
27048,1991,4,5,0,186,6,206,1441,8.577826,81.218719,1.0,1,0.0,1,0,3,4,1769,186.0,0,6,2.0,1,0.0,Liberation Tigers of Tamil Eelam (LTTE)
30187,1992,4,29,0,209,10,227,1375,40.93796,40.058001,1.0,0,0.0,1,0,1,8,1684,209.0,0,5,1.0,0,0.0,Kurdistan Workers' Party (PKK)
59986,2014,5,5,0,228,10,50,241,15.325443,44.211895,1.0,0,0.0,1,0,3,4,56,228.0,0,6,0.0,1,0.0,Al-Qaida in the Arabian Peninsula (AQAP)
73749,2016,4,7,0,92,6,118,591,24.19173,86.299815,3.0,0,0.0,1,0,3,3,85,92.0,0,6,0.0,0,0.0,Communist Party of India - Maoist (CPI-Maoist)
10126,1983,4,29,0,61,2,138,879,13.6,-87.76667,1.0,0,0.0,1,0,3,14,1256,61.0,0,5,58.0,1,1.0,Farabundo Marti National Liberation Front (FMLN)
40925,2003,5,27,0,45,3,426,2357,2.113188,-74.769206,1.0,0,0.0,1,0,3,2,2793,45.0,0,6,1.0,1,0.0,Revolutionary Armed Forces of Colombia (FARC)
77468,2016,11,10,0,160,5,0,16,6.700414,121.972557,1.0,0,0.0,1,0,3,2,76,160.0,0,6,0.0,1,0.0,Abu Sayyaf Group (ASG)
36808,1998,2,24,0,603,8,178,1220,54.42071,-6.443767,1.0,0,0.0,1,0,3,14,1540,233.0,0,6,0.0,1,0.0,Irish Republican Army (IRA)
17585,1987,7,9,0,185,8,81,388,43.291618,-1.977903,1.0,0,0.0,1,0,3,4,694,185.0,0,6,5.0,1,0.0,Basque Fatherland and Freedom (ETA)
17287,1987,5,21,0,603,8,178,1210,54.289445,-5.834789,1.0,0,0.0,1,0,1,3,1515,233.0,0,5,1.0,0,0.0,Irish Republican Army (IRA)
70236,2015,9,21,0,209,10,210,1326,37.248723,42.471501,1.0,0,0.0,1,0,2,17,1654,209.0,0,5,1.0,0,0.0,Kurdistan Workers' Party (PKK)
77387,2016,11,5,1,121,5,13,69,5.839444,118.117173,1.0,1,1.0,1,0,6,11,127,93.0,0,5,1.0,1,1.0,Abu Sayyaf Group (ASG)
29351,1991,12,28,0,45,3,327,1822,7.243889,-76.435556,1.0,0,0.0,1,0,2,4,412,45.0,0,5,3.0,1,0.0,National Liberation Army of Colombia (ELN)
16249,1986,9,30,0,45,3,327,1859,6.43711,-75.3313,1.0,0,0.0,1,0,1,2,2717,45.0,0,5,1.0,0,0.0,Revolutionary Armed Forces of Colombia (FARC)
63500,2014,10,16,0,214,9,135,799,48.346134,38.424828,1.0,1,0.0,0,0,2,4,48,214.0,0,5,0.0,0,0.0,Donetsk People's Republic
41846,2005,3,8,0,69,8,126,750,41.930607,8.742907,1.0,0,0.0,1,0,3,2,1146,69.0,0,6,0.0,1,0.0,Corsican National Liberation Front (FLNC)
44719,2008,4,8,0,95,10,31,212,33.693947,45.067425,1.0,1,0.0,1,0,3,19,406,95.0,0,6,6.0,0,0.0,Al-Qaida in Iraq
81494,2017,7,18,0,147,11,100,532,11.775833,13.0725,1.0,0,0.0,0,1,3,4,48,147.0,0,6,1.0,0,0.0,Boko Haram
77434,2016,11,8,0,173,10,172,1146,16.552261,42.953253,1.0,0,1.0,1,0,3,4,1406,173.0,0,6,0.0,1,0.0,Houthi extremists (Ansar Allah)
46550,2009,5,19,0,92,6,117,686,24.781467,84.986412,1.0,0,0.0,1,0,3,2,1016,92.0,0,6,0.0,1,0.0,Communist Party of India - Maoist (CPI-Maoist)
28614,1991,10,9,0,61,2,139,907,13.79833,-89.17889,1.0,0,0.0,1,0,2,4,1310,61.0,0,5,6.0,1,0.0,Farabundo Marti National Liberation Front (FMLN)
73094,2016,2,28,0,228,10,44,24,14.141572,44.247902,4.0,0,0.0,1,0,3,20,6,228.0,0,6,0.0,0,0.0,Houthi extremists (Ansar Allah)
27540,1991,6,12,0,159,3,256,1556,-11.967368,-76.978462,1.0,0,1.0,1,0,3,1,705,159.0,0,6,0.0,1,0.0,Tupac Amaru Revolutionary Movement (MRTA)
24283,1990,2,21,0,45,3,327,24,6.2675,-75.568611,4.0,0,0.0,1,0,1,14,2272,45.0,0,5,2.0,0,0.0,National Liberation Army of Colombia (ELN)
42727,2006,2,6,0,141,6,246,1607,27.66897,85.319824,1.0,0,0.0,1,0,2,19,2041,141.0,0,5,1.0,0,0.0,Maoists
18411,1987,11,6,0,61,2,142,24,13.495364,-88.979678,4.0,0,0.0,1,0,3,21,1241,61.0,0,6,0.0,1,0.0,Farabundo Marti National Liberation Front (FMLN)
70222,2015,9,20,0,200,10,187,1720,36.201721,37.14352,1.0,0,0.0,1,0,3,14,1222,200.0,0,6,14.0,-9,0.0,Muslim extremists
22514,1989,7,16,0,45,3,327,1880,6.153669,-75.37416,1.0,0,0.0,1,0,2,4,412,45.0,0,5,0.0,1,0.0,National Liberation Army of Colombia (ELN)
65084,2015,1,14,0,214,9,135,838,48.187149,38.342617,1.0,1,0.0,1,0,3,4,1191,214.0,0,6,0.0,-9,0.0,Donetsk People's Republic
15155,1986,2,4,0,159,3,256,1556,-11.967368,-76.978462,1.0,0,1.0,1,0,3,21,3338,159.0,0,6,0.0,1,0.0,Tupac Amaru Revolutionary Movement (MRTA)
29869,1992,3,17,0,92,6,264,2531,28.367035,79.430438,1.0,0,0.0,0,0,3,1,3046,92.0,0,6,2.0,1,0.0,Sikh Extremists
61335,2014,7,6,0,228,10,173,24,16.256921,43.943679,4.0,0,0.0,1,0,2,10,1386,228.0,0,5,0.0,1,0.0,Houthi extremists (Ansar Allah)
20437,1988,10,4,0,186,6,242,1443,9.666399,80.020477,1.0,0,0.0,1,0,3,4,1784,186.0,0,6,3.0,1,0.0,Liberation Tigers of Tamil Eelam (LTTE)
41487,2004,7,8,0,186,6,206,1446,7.716666,81.700188,3.0,0,0.0,1,0,3,15,1786,186.0,0,6,0.0,-9,0.0,Liberation Tigers of Tamil Eelam (LTTE)
54890,2013,3,19,0,95,10,30,177,33.303566,44.371773,1.0,0,1.0,1,0,3,19,398,95.0,0,6,3.0,1,0.0,Al-Qaida in Iraq
29719,1992,2,19,0,160,5,348,1916,8.822983,125.699921,1.0,0,0.0,1,0,2,4,2396,160.0,0,5,5.0,1,0.0,New People's Army (NPA)
21992,1989,4,24,0,185,8,88,407,41.634202,-1.27299,1.0,0,0.0,1,0,3,19,701,185.0,0,6,0.0,1,0.0,Basque Fatherland and Freedom (ETA)
73263,2016,3,8,0,147,11,155,1000,7.816253,7.948115,2.0,0,1.0,1,0,2,14,27,147.0,0,5,2.0,1,0.0,Fulani extremists
57897,2013,12,31,0,228,10,45,236,12.825647,44.846416,1.0,0,1.0,1,1,3,3,373,228.0,0,6,1.0,1,0.0,Al-Qaida in the Arabian Peninsula (AQAP)
51438,2012,3,24,1,92,6,122,697,18.813487,82.712333,3.0,0,0.0,1,0,6,2,2067,92.0,0,5,0.0,0,1.0,Maoists
53714,2012,10,31,0,92,6,117,1633,25.156571,84.421409,1.0,1,0.0,0,0,3,3,85,92.0,0,6,0.0,0,0.0,Maoists
15188,1986,2,14,0,61,2,141,867,13.491242,-88.173134,1.0,0,0.0,1,0,2,4,1249,61.0,0,5,3.0,1,0.0,Farabundo Marti National Liberation Front (FMLN)
50245,2011,11,2,0,45,3,332,2299,2.998638,-75.30562,1.0,1,0.0,1,0,3,4,2729,45.0,0,6,1.0,1,0.0,Revolutionary Armed Forces of Colombia (FARC)
25077,1990,6,3,0,97,10,242,24,32.83333,35.33333,4.0,0,0.0,1,0,2,14,2580,97.0,0,8,0.0,1,0.0,Palestinians
13671,1985,5,1,0,159,3,256,1556,-11.967368,-76.978462,1.0,0,0.0,1,0,3,9,2928,159.0,0,6,1.0,1,0.0,Shining Path (SL)
30257,1992,5,6,0,183,11,18,159,-29.648723,30.294272,1.0,0,0.0,1,0,2,22,288,183.0,0,5,0.0,1,0.0,African National Congress (South Africa)
20023,1988,7,25,0,43,3,249,1560,-33.583745,-71.613065,1.0,0,0.0,1,0,3,1,1106,43.0,0,6,0.0,1,0.0,Manuel Rodriguez Patriotic Front (FPMR)
7001,1980,9,19,0,61,2,139,853,13.69288,-89.199161,1.0,0,0.0,1,0,3,1,705,61.0,0,6,0.0,1,0.0,Farabundo Marti National Liberation Front (FMLN)
83330,2017,12,2,0,147,11,100,460,10.612148,12.19127,1.0,0,1.0,1,1,3,14,334,147.0,0,6,8.0,-9,0.0,Boko Haram
55174,2013,4,18,0,228,10,55,265,13.063399,44.880882,1.0,0,0.0,1,0,3,4,409,228.0,0,6,0.0,1,0.0,Al-Qaida in the Arabian Peninsula (AQAP)
81639,2017,7,26,0,95,10,39,1239,32.867008,44.220455,1.0,0,0.0,1,1,3,4,20,95.0,0,6,1.0,0,0.0,Islamic State of Iraq and the Levant (ISIL)
50007,2011,8,24,0,228,10,49,263,13.357599,45.69648,1.0,0,0.0,1,0,3,14,506,228.0,0,6,0.0,0,0.0,Al-Qaida in the Arabian Peninsula (AQAP)
16163,1986,9,3,0,43,3,250,1544,-33.366238,-70.505302,1.0,0,0.0,0,0,3,19,1947,43.0,0,6,0.0,0,0.0,Manuel Rodriguez Patriotic Front (FPMR)
55942,2013,7,3,0,228,10,47,245,14.54397,49.12458,1.0,0,0.0,1,0,2,2,447,228.0,0,5,1.0,0,0.0,Al-Qaida in the Arabian Peninsula (AQAP)
15171,1986,2,7,0,160,5,356,2023,11.263605,122.688646,1.0,0,0.0,0,0,1,2,2417,160.0,0,5,0.0,0,0.0,New People's Army (NPA)
28637,1991,10,11,0,97,10,414,2219,32.08297,34.811886,1.0,0,0.0,1,0,8,4,2639,97.0,0,10,2.0,0,0.0,Palestinians
15023,1986,1,14,0,145,2,393,2079,13.131923,-86.345742,3.0,0,0.0,1,0,2,2,2461,145.0,0,5,1.0,1,0.0,Nicaraguan Democratic Force (FDN)
15787,1986,6,14,0,159,3,256,1556,-11.967368,-76.978462,1.0,0,1.0,1,0,3,14,3373,159.0,0,6,0.0,1,0.0,Tupac Amaru Revolutionary Movement (MRTA)
47199,2009,10,12,0,92,6,118,591,24.179793,86.306772,3.0,0,0.0,1,0,3,19,952,92.0,0,6,0.0,1,0.0,Communist Party of India - Maoist (CPI-Maoist)
13411,1985,2,20,0,145,2,393,2144,13.35664,-86.26401,1.0,0,0.0,1,0,2,4,1239,145.0,0,5,7.0,1,0.0,Nicaraguan Democratic Force (FDN)
31239,1992,9,12,0,209,10,216,1361,39.550266,44.077301,1.0,0,0.0,1,0,2,4,412,209.0,0,5,4.0,1,0.0,Kurdistan Workers' Party (PKK)
21332,1989,2,8,0,43,3,250,1544,-33.366238,-70.505302,1.0,0,0.0,1,0,1,3,1924,43.0,0,5,2.0,0,0.0,Manuel Rodriguez Patriotic Front (FPMR)
79609,2017,3,29,0,228,10,57,279,13.586484,44.024105,1.0,0,0.0,1,0,3,14,1385,228.0,0,6,3.0,1,0.0,Houthi extremists (Ansar Allah)
53880,2012,11,19,0,92,6,122,1659,18.352486,81.953482,2.0,0,0.0,1,0,2,14,2076,92.0,0,5,1.0,0,0.0,Maoists
12254,1984,5,21,0,183,11,23,145,-27.982989,26.719899,1.0,1,0.0,1,0,3,1,261,183.0,0,6,0.0,1,0.0,African National Congress (South Africa)
68395,2015,6,20,0,92,6,119,674,18.340368,81.18164,1.0,1,0.0,1,0,2,3,2039,92.0,0,5,1.0,0,0.0,Maoists
46832,2009,7,17,0,92,6,121,653,20.056815,84.277916,1.0,0,0.0,1,0,3,3,973,92.0,0,6,0.0,1,0.0,Communist Party of India - Maoist (CPI-Maoist)
78385,2017,1,8,0,147,11,100,478,11.831098,13.150967,2.0,0,1.0,1,1,3,4,849,147.0,0,6,4.0,0,0.0,Boko Haram
40780,2003,3,26,0,92,6,269,1767,34.153695,74.667536,2.0,0,0.0,1,0,2,14,2155,92.0,0,5,2.0,0,0.0,Muslim extremists
49257,2011,2,7,0,92,6,118,631,23.628333,85.521111,1.0,1,1.0,1,0,3,19,951,92.0,0,6,0.0,1,0.0,Communist Party of India - Maoist (CPI-Maoist)
46039,2009,1,18,0,92,6,116,585,14.097995,77.280925,1.0,1,0.0,0,0,3,19,152,92.0,0,6,0.0,0,0.0,Communist Party of India - Maoist (CPI-Maoist)
11144,1983,11,17,0,145,2,400,2170,12.710919,-87.023859,2.0,1,0.0,1,0,3,4,2516,145.0,0,6,108.0,1,0.0,Nicaraguan Democratic Force (FDN)
32775,1994,4,4,0,97,10,410,2240,31.418909,34.352605,1.0,0,0.0,1,0,8,4,2593,97.0,0,9,0.0,1,0.0,Palestinians
64451,2014,12,11,0,147,11,110,492,9.932665,8.885476,1.0,0,1.0,1,1,3,14,334,147.0,0,6,19.0,1,0.0,Boko Haram
41973,2005,4,30,0,69,8,126,779,42.547135,9.417273,1.0,0,0.0,1,0,3,2,1156,69.0,0,6,0.0,1,0.0,Corsican National Liberation Front (FLNC)
64944,2015,1,7,0,147,11,100,519,12.96309,13.60899,2.0,0,1.0,1,0,2,14,27,147.0,0,6,6.0,1,-9.0,Boko Haram
27531,1991,6,12,0,159,3,256,1556,-11.967368,-76.978462,1.0,0,1.0,1,0,3,1,705,159.0,0,6,0.0,1,0.0,Tupac Amaru Revolutionary Movement (MRTA)
76783,2016,10,1,0,182,11,68,361,3.32728,42.218563,1.0,0,0.0,1,0,3,1,361,182.0,0,6,0.0,1,0.0,Al-Shabaab
81746,2017,8,4,0,95,10,34,184,36.354145,43.14357,1.0,0,0.0,1,1,3,4,373,95.0,0,6,4.0,1,0.0,Islamic State of Iraq and the Levant (ISIL)
2650,1976,4,8,0,603,8,178,1191,54.596939,-7.050618,1.0,0,0.0,1,0,1,3,1461,233.0,0,5,1.0,0,0.0,Irish Republican Army (IRA)
18211,1987,10,6,0,186,6,206,1440,7.301756,81.67473,3.0,0,0.0,1,0,2,19,56,186.0,0,5,20.0,1,0.0,Liberation Tigers of Tamil Eelam (LTTE)
70784,2015,10,20,0,92,6,122,1572,19.311728,84.691057,1.0,0,0.0,0,0,3,20,6,92.0,0,6,0.0,0,0.0,Maoists
4820,1979,3,10,0,69,8,126,24,41.918891,8.737554,4.0,0,1.0,1,0,3,1,805,69.0,0,6,0.0,1,0.0,Corsican National Liberation Front (FLNC)
65361,2015,1,25,0,147,11,155,1044,7.86797,8.09553,1.0,0,1.0,1,0,2,14,27,147.0,0,5,3.0,0,0.0,Fulani extremists
62926,2014,9,19,0,4,6,475,2624,34.674866,70.21344,1.0,0,0.0,1,1,3,3,93,4.0,0,6,9.0,1,0.0,Taliban
27329,1991,5,22,0,61,2,137,24,13.864829,-88.7494,4.0,0,1.0,1,0,3,21,1238,61.0,0,6,0.0,1,0.0,Farabundo Marti National Liberation Front (FMLN)
12285,1984,6,2,0,92,6,318,2492,29.886653,76.019607,1.0,0,0.0,1,0,1,14,2996,92.0,0,5,1.0,0,0.0,Sikh Extremists
45650,2008,10,22,1,153,6,485,2767,35.079406,72.428758,3.0,0,0.0,1,0,6,3,3269,153.0,0,9,1.0,0,1.0,Tehrik-i-Taliban Pakistan (TTP)
66116,2015,3,2,0,228,10,171,24,16.118063,43.329466,4.0,0,1.0,1,0,2,14,1410,228.0,0,5,1.0,0,0.0,Houthi extremists (Ansar Allah)
50763,2012,1,5,0,95,10,29,1773,33.31385,44.186691,1.0,0,1.0,1,0,3,14,13,95.0,0,6,7.0,-9,0.0,Muslim extremists
78545,2017,1,18,0,228,10,57,279,13.586484,44.024105,1.0,0,1.0,1,0,3,14,1222,228.0,0,6,3.0,1,0.0,Houthi extremists (Ansar Allah)
18736,1988,1,13,0,92,6,318,2498,31.633979,74.872264,3.0,0,0.0,1,0,1,1,3006,92.0,0,5,1.0,0,0.0,Sikh Extremists
14850,1985,12,2,0,43,3,249,1545,-33.050125,-71.612251,1.0,0,0.0,1,0,3,1,1969,43.0,0,6,0.0,1,0.0,Manuel Rodriguez Patriotic Front (FPMR)
30384,1992,5,21,0,186,6,242,1444,8.980118,79.912462,3.0,0,0.0,1,0,2,4,12,186.0,0,5,6.0,1,0.0,Liberation Tigers of Tamil Eelam (LTTE)
42204,2005,7,21,1,95,10,30,177,33.303566,44.371773,1.0,0,0.0,1,0,6,7,353,6.0,0,5,2.0,0,1.0,Al-Qaida in Iraq
64838,2015,1,2,0,147,11,110,1020,9.410207,9.21093,2.0,0,0.0,1,0,2,14,27,147.0,0,5,10.0,1,0.0,Fulani extremists
56495,2013,8,17,0,4,6,459,2571,32.628822,62.475616,3.0,0,0.0,1,1,3,1,3173,4.0,0,6,4.0,1,0.0,Taliban
30571,1992,6,21,0,183,11,19,95,-26.252697,27.870275,1.0,0,0.0,1,0,2,1,185,183.0,0,5,5.0,1,0.0,African National Congress (South Africa)
74529,2016,5,21,0,92,6,118,1651,24.285466,87.242168,3.0,0,0.0,1,0,7,14,527,92.0,0,8,0.0,1,0.0,Maoists
70304,2015,9,25,0,173,10,172,1132,16.800006,43.149996,2.0,0,1.0,1,0,2,3,85,173.0,0,5,2.0,0,0.0,Houthi extremists (Ansar Allah)
13032,1984,11,13,0,61,2,149,24,13.447063,-88.556531,4.0,0,1.0,1,0,2,1,1279,61.0,0,8,0.0,1,0.0,Farabundo Marti National Liberation Front (FMLN)
22742,1989,8,17,0,186,6,242,1448,8.757816,80.487907,1.0,0,0.0,1,0,3,14,782,186.0,0,6,8.0,1,0.0,Liberation Tigers of Tamil Eelam (LTTE)
20660,1988,11,8,0,61,2,143,898,13.487179,-88.765032,1.0,0,0.0,1,0,2,4,1239,61.0,0,5,3.0,1,0.0,Farabundo Marti National Liberation Front (FMLN)
72749,2016,2,9,0,209,10,210,1331,37.222085,42.498922,1.0,0,0.0,1,0,3,3,409,209.0,0,6,1.0,1,0.0,Kurdistan Workers' Party (PKK)
37494,1999,7,9,0,45,3,335,1869,6.15518,-71.76813,1.0,0,1.0,1,0,2,3,2771,45.0,0,5,0.0,1,0.0,Revolutionary Armed Forces of Colombia (FARC)
41863,2005,3,14,0,95,10,32,180,35.45211,44.375465,1.0,1,0.0,0,0,3,2,333,95.0,0,6,0.0,0,0.0,Al-Qaida in Iraq
75386,2016,7,9,1,121,5,13,64,5.024206,118.330746,1.0,1,0.0,1,0,6,11,117,93.0,0,6,0.0,0,1.0,Abu Sayyaf Group (ASG)
76786,2016,10,1,1,92,6,122,1596,21.4088,83.609535,1.0,0,0.0,1,0,6,14,2029,92.0,0,9,1.0,0,1.0,Maoists
15140,1986,2,3,0,603,8,178,1181,54.296399,-7.871465,1.0,0,0.0,1,0,3,4,1443,233.0,0,6,1.0,1,0.0,Irish Republican Army (IRA)
44068,2007,8,9,0,228,10,48,285,15.45639,45.324871,1.0,0,0.0,1,0,3,2,6,228.0,0,6,1.0,-9,0.0,Houthi extremists (Ansar Allah)
4672,1979,1,30,0,185,8,81,391,43.136978,-2.073914,1.0,0,0.0,1,0,3,3,669,185.0,0,6,1.0,1,0.0,Basque Fatherland and Freedom (ETA)
37819,2000,1,9,0,45,3,328,1819,4.667128,-74.106056,1.0,0,0.0,0,0,3,14,2205,45.0,0,6,0.0,0,0.0,National Liberation Army of Colombia (ELN)
57127,2013,10,16,0,208,10,288,1746,36.449268,8.436416,1.0,0,0.0,1,0,2,3,175,208.0,0,5,0.0,-9,0.0,Muslim extremists
48914,2010,11,16,0,92,6,121,602,18.924224,83.010623,1.0,0,0.0,1,0,3,3,921,92.0,0,6,0.0,1,0.0,Communist Party of India - Maoist (CPI-Maoist)
64577,2014,12,20,0,228,10,50,241,15.325443,44.211895,1.0,0,0.0,1,0,6,14,1389,228.0,0,5,0.0,0,1.0,Houthi extremists (Ansar Allah)
21358,1989,2,10,0,61,2,148,904,13.344322,-88.437463,1.0,0,0.0,1,0,5,10,1286,61.0,0,5,0.0,1,0.0,Farabundo Marti National Liberation Front (FMLN)
46882,2009,7,27,0,4,6,301,2584,34.623611,70.603333,2.0,1,0.0,1,0,2,14,13,4.0,0,5,0.0,-9,0.0,Taliban
47603,2010,2,10,0,228,10,173,1144,15.554965,48.1728,4.0,0,0.0,1,0,2,4,1403,228.0,0,5,18.0,0,0.0,Houthi extremists (Ansar Allah)
72787,2016,2,11,0,147,11,164,1001,6.835866,7.234769,1.0,0,0.0,1,0,2,14,27,147.0,0,5,2.0,1,0.0,Fulani extremists
80632,2017,5,31,0,104,11,67,309,-0.393767,40.326616,1.0,0,1.0,1,0,3,3,527,104.0,0,6,0.0,1,0.0,Al-Shabaab
14809,1985,11,25,0,43,3,250,1544,-33.366238,-70.505302,1.0,0,1.0,1,0,3,1,1901,43.0,0,6,0.0,1,0.0,Manuel Rodriguez Patriotic Front (FPMR)
19939,1988,7,13,0,43,3,249,1545,-33.050125,-71.612251,1.0,0,1.0,1,0,3,21,1909,43.0,0,6,0.0,1,0.0,Manuel Rodriguez Patriotic Front (FPMR)
67249,2015,4,29,0,228,10,45,236,12.825647,44.846416,1.0,0,0.0,1,0,2,14,1222,228.0,0,6,12.0,1,0.0,Houthi extremists (Ansar Allah)
29723,1992,2,20,0,186,6,206,1440,7.301756,81.67473,3.0,0,0.0,1,0,1,14,1811,186.0,0,5,3.0,0,0.0,Liberation Tigers of Tamil Eelam (LTTE)
56092,2013,7,19,0,60,10,268,1726,31.126646,33.800865,1.0,0,1.0,1,0,2,4,20,60.0,0,6,0.0,1,0.0,Muslim extremists
11624,1984,2,19,0,61,2,148,890,13.616667,-88.4,1.0,0,0.0,1,0,2,4,1265,61.0,0,5,2.0,1,0.0,Farabundo Marti National Liberation Front (FMLN)
27446,1991,6,2,0,159,3,430,1548,-11.918478,-75.312889,1.0,0,0.0,1,0,1,3,2846,159.0,0,5,3.0,0,0.0,Shining Path (SL)
9720,1983,1,27,0,159,3,437,2403,-17.360278,-69.701111,2.0,0,0.0,0,0,3,19,2866,159.0,0,6,17.0,0,0.0,Shining Path (SL)
46219,2009,3,10,0,4,6,463,2652,31.680202,64.31221,1.0,0,0.0,1,0,3,20,3165,4.0,0,6,4.0,-9,0.0,Taliban
58838,2014,3,3,0,147,11,115,1743,12.357456,7.903555,1.0,0,0.0,1,0,2,3,20,147.0,0,5,3.0,0,0.0,Muslim extremists
80848,2017,6,12,1,45,3,324,1844,7.137932,-72.664123,1.0,0,0.0,1,0,6,1,2233,45.0,0,5,0.0,0,1.0,National Liberation Army of Colombia (ELN)
48757,2010,10,13,0,92,6,120,626,22.86775,86.944884,1.0,0,0.0,1,0,2,2,945,92.0,0,5,1.0,0,0.0,Communist Party of India - Maoist (CPI-Maoist)
47421,2009,12,8,0,95,10,30,177,33.303566,44.371773,1.0,0,1.0,1,1,3,2,342,95.0,0,6,27.0,-9,0.0,Al-Qaida in Iraq
37995,2000,4,11,0,45,3,343,1862,3.429344,-76.516037,1.0,0,1.0,1,0,3,15,2283,217.0,0,6,0.0,1,0.0,National Liberation Army of Colombia (ELN)
71501,2015,11,30,0,209,10,219,1356,38.059761,40.388604,3.0,0,0.0,1,0,3,2,1699,209.0,0,6,0.0,0,0.0,Kurdistan Workers' Party (PKK)
10192,1983,5,15,0,145,2,402,2099,14.60296,-84.03756,1.0,0,0.0,1,0,2,4,1239,145.0,0,5,1.0,1,0.0,Nicaraguan Democratic Force (FDN)
76627,2016,9,21,0,95,10,33,1247,34.458684,43.795649,3.0,0,0.0,1,0,3,14,602,95.0,0,6,0.0,1,0.0,Islamic State of Iraq and the Levant (ISIL)
22574,1989,7,25,0,159,3,256,1556,-11.967368,-76.978462,1.0,0,1.0,1,0,3,1,705,159.0,0,6,0.0,1,0.0,Tupac Amaru Revolutionary Movement (MRTA)
27179,1991,4,29,0,159,3,256,1556,-11.967368,-76.978462,1.0,0,0.0,1,0,3,8,3375,159.0,0,6,0.0,1,0.0,Tupac Amaru Revolutionary Movement (MRTA)
74018,2016,4,24,0,153,6,389,2763,34.421209,71.117328,1.0,0,1.0,0,0,2,4,3264,153.0,0,5,1.0,0,0.0,Tehrik-i-Taliban Pakistan (TTP)
51133,2012,2,23,0,95,10,30,177,33.303566,44.371773,1.0,0,1.0,1,0,3,14,13,95.0,0,6,2.0,-9,0.0,Al-Qaida in Iraq
71043,2015,11,2,0,228,10,44,1141,14.162848,43.943714,3.0,0,0.0,1,0,3,14,1349,228.0,0,6,0.0,-9,0.0,Houthi extremists (Ansar Allah)
70145,2015,9,17,0,95,10,30,177,33.303566,44.371773,1.0,0,1.0,1,1,3,3,20,95.0,0,6,6.0,-9,0.0,Islamic State of Iraq and the Levant (ISIL)
31892,1992,11,22,0,97,10,412,2215,31.771599,35.2034,1.0,0,0.0,0,0,1,8,2540,97.0,0,9,0.0,0,0.0,Palestinians
10094,1983,4,22,0,145,2,391,2086,13.330532,-86.1624,3.0,1,0.0,1,0,2,4,1239,145.0,0,5,1.0,1,0.0,Nicaraguan Democratic Force (FDN)
67417,2015,5,6,0,228,10,45,236,12.825647,44.846416,1.0,0,0.0,1,0,2,17,268,228.0,0,5,1.0,0,0.0,Houthi extremists (Ansar Allah)
23758,1989,11,21,0,92,6,318,2498,31.633979,74.872264,3.0,0,0.0,1,0,2,4,3011,92.0,0,5,4.0,1,0.0,Sikh Extremists
30461,1992,6,1,0,186,6,206,1462,9.18158,80.846082,1.0,0,0.0,1,0,2,4,412,186.0,0,5,7.0,1,0.0,Liberation Tigers of Tamil Eelam (LTTE)
65696,2015,2,9,0,147,11,155,962,7.689167,9.250278,3.0,0,1.0,1,0,2,14,27,147.0,0,5,1.0,1,0.0,Fulani extremists
65970,2015,2,21,0,45,3,324,1852,8.40255,-73.20768,1.0,1,0.0,1,0,2,4,12,45.0,0,6,6.0,0,0.0,National Liberation Army of Colombia (ELN)
71259,2015,11,15,0,4,6,301,2602,34.263149,70.78821,3.0,0,1.0,1,0,3,16,3151,422.0,0,6,0.0,1,0.0,Taliban
67157,2015,4,25,0,214,9,135,793,47.098835,37.81987,1.0,1,0.0,1,0,3,13,1220,214.0,0,6,1.0,1,0.0,Donetsk People's Republic
1724,1974,6,2,0,185,8,90,437,43.0,-2.166667,1.0,0,0.0,1,0,1,3,769,185.0,0,5,1.0,0,0.0,Basque Fatherland and Freedom (ETA)
77775,2016,11,26,0,95,10,34,184,36.354145,43.14357,1.0,0,1.0,1,0,3,14,1222,95.0,0,6,4.0,1,0.0,Islamic State of Iraq and the Levant (ISIL)
75828,2016,8,6,0,92,6,120,607,22.408769,87.373316,3.0,0,1.0,0,0,3,20,6,92.0,0,6,0.0,0,0.0,Maoists
18977,1988,2,17,0,43,3,255,1555,-35.43058,-71.65762,1.0,0,0.0,1,0,3,21,1893,43.0,0,6,0.0,1,0.0,Manuel Rodriguez Patriotic Front (FPMR)
71364,2015,11,22,0,147,11,100,466,11.840929,13.141459,1.0,0,0.0,1,1,3,4,20,147.0,0,6,8.0,0,0.0,Boko Haram
19647,1988,5,27,0,186,6,206,1468,8.410029,81.26737,1.0,0,0.0,1,0,3,4,1777,92.0,0,6,6.0,1,0.0,Liberation Tigers of Tamil Eelam (LTTE)
11748,1984,3,11,0,145,2,400,2097,12.96361,-86.81472,1.0,0,0.0,1,0,3,21,2471,145.0,0,6,1.0,1,0.0,Nicaraguan Democratic Force (FDN)
54519,2013,2,5,0,45,3,325,24,5.233187,-76.829109,4.0,0,0.0,1,0,2,3,175,45.0,0,5,0.0,-9,0.0,Revolutionary Armed Forces of Colombia (FARC)
15384,1986,3,26,0,43,3,251,1548,-36.816006,-73.037659,1.0,0,1.0,1,0,3,1,1894,43.0,0,6,0.0,1,0.0,Manuel Rodriguez Patriotic Front (FPMR)
19794,1988,6,17,0,185,8,81,409,43.272167,-2.832167,1.0,0,0.0,1,0,7,19,704,185.0,0,8,0.0,1,0.0,Basque Fatherland and Freedom (ETA)
20821,1988,11,26,0,185,8,81,382,43.258434,-2.921819,1.0,0,0.0,1,0,3,3,683,185.0,0,6,0.0,1,0.0,Basque Fatherland and Freedom (ETA)
17014,1987,4,10,0,61,2,151,900,13.921389,-89.845,1.0,0,0.0,1,0,2,19,1281,61.0,0,5,1.0,1,0.0,Farabundo Marti National Liberation Front (FMLN)
64656,2014,12,23,0,228,10,50,241,15.325443,44.211895,1.0,0,0.0,1,0,3,14,448,228.0,0,6,0.0,1,0.0,Al-Qaida in the Arabian Peninsula (AQAP)
11881,1984,3,27,0,145,2,400,917,12.481654,-87.173207,1.0,0,0.0,1,0,7,1,2485,145.0,0,5,0.0,1,0.0,Nicaraguan Democratic Force (FDN)
59964,2014,5,3,0,214,9,135,808,48.730804,37.574596,1.0,0,0.0,1,0,7,19,1204,214.0,0,8,0.0,1,0.0,Donetsk People's Republic
75208,2016,6,28,0,182,11,66,329,2.777264,45.500641,1.0,1,0.0,1,0,2,4,162,422.0,0,5,1.0,0,0.0,Al-Shabaab
65726,2015,2,10,0,60,10,270,1722,31.210951,29.946908,1.0,0,1.0,1,0,3,3,823,60.0,0,6,0.0,-9,0.0,Muslim extremists
9484,1982,12,9,0,185,8,81,381,43.18418,-2.473289,1.0,0,0.0,1,0,3,3,657,185.0,0,6,1.0,1,0.0,Basque Fatherland and Freedom (ETA)
69146,2015,7,28,0,113,10,283,1738,32.069286,20.151144,1.0,0,0.0,1,1,3,4,48,113.0,0,6,4.0,0,0.0,Muslim extremists
19265,1988,3,30,0,69,8,17,91,48.856644,2.34233,1.0,0,0.0,1,0,3,7,181,183.0,0,6,0.0,1,0.0,African National Congress (South Africa)
77112,2016,10,20,0,228,10,170,1151,15.3875,44.836667,2.0,0,1.0,1,0,2,17,1399,228.0,0,6,0.0,-9,0.0,Houthi extremists (Ansar Allah)
29776,1992,3,4,0,92,6,125,2513,19.075984,72.877656,1.0,0,0.0,0,0,3,20,1176,92.0,0,6,0.0,1,0.0,Sikh Extremists
79087,2017,2,22,0,173,10,58,1128,17.554939,44.232357,1.0,0,0.0,1,0,3,14,13,153.0,0,6,0.0,1,0.0,Houthi extremists (Ansar Allah)
46908,2009,7,29,0,185,8,93,414,42.340892,-3.699762,1.0,0,0.0,1,0,3,3,719,185.0,0,6,0.0,1,0.0,Basque Fatherland and Freedom (ETA)
48872,2010,11,7,1,92,6,118,670,24.428844,84.025995,1.0,0,0.0,1,0,3,19,992,92.0,0,6,0.0,1,1.0,Communist Party of India - Maoist (CPI-Maoist)
41708,2004,12,6,0,185,8,93,423,40.656422,-4.700322,1.0,0,1.0,1,0,3,20,6,185.0,0,6,0.0,1,0.0,Basque Fatherland and Freedom (ETA)
62752,2014,9,13,0,95,10,33,207,34.92485,43.491413,1.0,0,0.0,1,0,3,1,1607,95.0,0,6,0.0,1,0.0,Islamic State of Iraq and the Levant (ISIL)
67243,2015,4,29,0,4,6,463,2577,31.60063,64.369652,1.0,0,0.0,1,0,3,3,409,4.0,0,6,0.0,1,0.0,Taliban
18303,1987,10,22,0,45,3,327,2203,6.441862,-75.72667,1.0,0,0.0,1,0,3,21,3390,45.0,0,6,0.0,1,0.0,Tupac Amaru Revolutionary Movement (MRTA)
67212,2015,4,27,0,160,5,353,1939,12.622839,123.668206,1.0,0,0.0,1,0,2,14,2346,160.0,0,5,1.0,0,0.0,New People's Army (NPA)
78375,2017,1,7,1,147,11,104,1042,9.614603,8.39358,1.0,0,0.0,1,0,2,14,27,147.0,0,5,2.0,0,-9.0,Fulani extremists
31682,1992,11,4,0,69,8,126,753,42.699997,9.447317,1.0,0,1.0,1,0,3,1,705,69.0,0,6,0.0,1,0.0,Corsican National Liberation Front (FLNC)
14325,1985,8,1,0,145,2,393,2116,12.96589,-86.231407,1.0,0,0.0,1,0,2,4,412,145.0,0,5,12.0,1,0.0,Nicaraguan Democratic Force (FDN)
74149,2016,5,1,0,228,10,57,279,13.586484,44.024105,1.0,0,1.0,1,0,3,14,1222,228.0,0,6,0.0,-9,0.0,Houthi extremists (Ansar Allah)
34004,1995,3,13,0,69,8,126,763,42.874404,9.471427,1.0,0,0.0,1,0,3,14,1108,69.0,0,6,0.0,1,0.0,Corsican National Liberation Front (FLNC)
45843,2008,12,11,0,153,6,485,2725,34.76548,72.328087,1.0,1,0.0,1,0,7,8,3221,153.0,0,8,0.0,1,0.0,Tehrik-i-Taliban Pakistan (TTP)
15090,1986,1,22,0,159,3,256,1556,-11.967368,-76.978462,1.0,0,0.0,1,0,3,1,3351,159.0,0,6,0.0,1,0.0,Tupac Amaru Revolutionary Movement (MRTA)
63757,2014,11,1,0,214,9,135,792,47.981647,37.762325,1.0,0,1.0,1,0,2,4,1194,214.0,0,6,1.0,-9,0.0,Donetsk People's Republic
59507,2014,4,9,1,228,10,173,1125,15.667495,43.950701,1.0,0,0.0,1,0,4,4,20,228.0,0,6,5.0,1,1.0,Houthi extremists (Ansar Allah)
66337,2015,3,12,0,214,9,135,793,47.098835,37.81987,1.0,1,1.0,1,0,2,4,1191,214.0,0,6,0.0,0,0.0,Donetsk People's Republic
5222,1979,5,31,0,69,8,127,91,48.856644,2.34233,1.0,0,0.0,1,0,3,14,1097,69.0,0,6,0.0,1,0.0,Corsican National Liberation Front (FLNC)
40821,2003,4,13,1,160,5,1,18,5.544054,120.815636,1.0,0,0.0,1,0,6,14,19,160.0,0,5,0.0,0,1.0,Abu Sayyaf Group (ASG)
8472,1982,3,14,0,45,3,327,1911,6.17346,-75.59278,1.0,0,0.0,1,0,2,3,2780,45.0,0,5,1.0,1,0.0,Revolutionary Armed Forces of Colombia (FARC)
45604,2008,10,12,0,45,3,332,2299,2.998638,-75.30562,1.0,0,1.0,1,0,3,1,2760,45.0,0,6,0.0,1,0.0,Revolutionary Armed Forces of Colombia (FARC)
42853,2006,4,1,0,160,5,353,1924,12.21814,123.50951,1.0,0,0.0,1,0,2,2,2333,160.0,0,5,0.0,1,1.0,New People's Army (NPA)
73376,2016,3,13,0,147,11,155,24,7.350826,8.836276,4.0,0,1.0,1,0,2,14,27,147.0,0,5,0.0,1,0.0,Fulani extremists
29783,1992,3,5,0,603,8,178,1179,54.607712,-5.95621,1.0,0,0.0,1,0,3,2,1508,233.0,0,6,0.0,1,0.0,Irish Republican Army (IRA)
74089,2016,4,28,0,228,10,45,236,12.825647,44.846416,1.0,0,0.0,0,1,1,3,458,228.0,0,6,1.0,1,0.0,Al-Qaida in the Arabian Peninsula (AQAP)
40553,2003,1,14,0,92,6,269,1764,34.08374,74.789902,1.0,0,0.0,1,0,1,14,2152,92.0,0,5,1.0,0,0.0,Muslim extremists
46864,2009,7,22,0,4,6,465,2660,36.815075,69.423841,2.0,0,0.0,1,0,3,12,3170,75.0,0,6,1.0,1,0.0,Taliban
50736,2012,1,3,0,147,11,112,507,12.78679,10.23771,1.0,0,0.0,1,0,2,3,870,147.0,0,6,1.0,1,0.0,Boko Haram
40998,2003,7,7,0,69,8,126,774,42.066583,8.738397,1.0,0,1.0,1,0,3,14,1142,69.0,0,6,0.0,1,0.0,Corsican National Liberation Front (FLNC)
19352,1988,4,18,0,186,6,242,1461,9.814937,80.16608,1.0,0,0.0,1,0,2,4,1239,186.0,0,5,0.0,1,0.0,Liberation Tigers of Tamil Eelam (LTTE)
77115,2016,10,20,0,228,10,170,1139,15.749972,44.499986,3.0,0,1.0,1,0,2,17,1399,228.0,0,6,0.0,-9,0.0,Houthi extremists (Ansar Allah)
28605,1991,10,8,0,92,6,318,2475,30.898024,75.860077,1.0,1,0.0,1,0,2,3,3025,92.0,0,5,6.0,0,0.0,Sikh Extremists
18932,1988,2,12,0,183,11,19,96,-26.184113,28.033232,1.0,0,0.0,0,0,1,3,265,183.0,0,5,0.0,0,0.0,African National Congress (South Africa)
18828,1988,1,28,0,43,3,250,1544,-33.366238,-70.505302,1.0,0,0.0,1,0,3,3,602,43.0,0,6,1.0,1,0.0,Manuel Rodriguez Patriotic Front (FPMR)
11027,1983,10,28,0,183,11,18,138,-29.658879,30.855026,1.0,0,0.0,0,0,1,2,250,183.0,0,6,1.0,0,0.0,African National Congress (South Africa)
69217,2015,8,1,0,228,10,52,248,13.985013,45.558479,1.0,0,0.0,1,1,3,22,373,228.0,0,6,1.0,0,0.0,Al-Qaida in the Arabian Peninsula (AQAP)
79627,2017,3,30,0,104,11,62,303,2.809093,40.927444,1.0,0,0.0,1,0,4,2,409,104.0,0,5,0.0,1,1.0,Al-Shabaab
61208,2014,7,4,0,228,10,47,249,16.934858,47.015415,1.0,0,0.0,1,0,2,4,452,228.0,0,6,1.0,1,0.0,Al-Qaida in the Arabian Peninsula (AQAP)
12614,1984,8,10,0,185,8,81,418,43.267454,-2.020169,1.0,0,0.0,1,0,7,19,56,69.0,0,8,0.0,1,0.0,Basque Fatherland and Freedom (ETA)
15425,1986,4,3,0,159,3,256,1556,-11.967368,-76.978462,1.0,0,0.0,1,0,3,1,3339,217.0,0,6,0.0,1,0.0,Tupac Amaru Revolutionary Movement (MRTA)
28399,1991,9,16,0,603,8,178,1198,54.183052,-6.341388,1.0,0,0.0,0,0,3,3,409,233.0,0,6,0.0,1,0.0,Irish Republican Army (IRA)
7789,1981,7,13,0,61,2,140,874,13.938518,-88.901366,1.0,0,0.0,1,0,2,4,1265,61.0,0,5,1.0,1,0.0,Farabundo Marti National Liberation Front (FMLN)
78740,2017,1,31,0,147,11,100,508,11.255011,14.150642,1.0,0,0.0,1,1,3,14,871,147.0,0,6,1.0,0,0.0,Boko Haram
25644,1990,8,16,0,209,10,216,1338,39.54068,43.682701,3.0,0,0.0,1,0,2,4,412,209.0,0,5,19.0,1,0.0,Kurdistan Workers' Party (PKK)
12113,1984,4,26,0,145,2,391,2118,13.45327,-86.029633,1.0,0,0.0,1,0,2,14,2482,145.0,0,5,13.0,1,0.0,Nicaraguan Democratic Force (FDN)
48390,2010,7,22,0,228,10,51,246,14.52618,46.844932,1.0,0,0.0,1,0,2,4,449,228.0,0,5,5.0,-9,0.0,Al-Qaida in the Arabian Peninsula (AQAP)
10136,1983,5,2,0,61,2,146,881,13.947352,-89.120181,1.0,0,0.0,1,0,2,4,1249,61.0,0,5,1.0,1,0.0,Farabundo Marti National Liberation Front (FMLN)
79521,2017,3,23,1,160,5,0,47,6.644703,122.299491,1.0,1,0.0,1,0,4,11,69,160.0,0,5,0.0,0,1.0,Abu Sayyaf Group (ASG)
34590,1995,9,5,0,603,8,178,1179,54.607712,-5.95621,1.0,0,0.0,1,0,1,14,1513,233.0,0,5,1.0,0,0.0,Irish Republican Army (IRA)
1911,1974,11,14,0,603,8,46,1196,52.405838,-1.512661,1.0,0,0.0,0,0,3,17,1475,233.0,0,6,1.0,1,0.0,Irish Republican Army (IRA)
73961,2016,4,20,0,92,6,118,661,22.650028,86.360299,1.0,0,0.0,1,0,3,3,982,92.0,0,6,0.0,1,0.0,Communist Party of India - Maoist (CPI-Maoist)
78514,2017,1,16,0,182,11,74,337,11.264581,49.251518,2.0,0,0.0,1,0,2,4,427,182.0,0,5,23.0,-9,0.0,Al-Shabaab
60578,2014,6,2,0,182,11,61,350,0.949595,43.556059,3.0,0,0.0,1,0,6,14,563,182.0,0,9,0.0,0,0.0,Al-Shabaab
29073,1991,11,17,0,209,10,224,1368,37.936623,42.547486,1.0,0,0.0,1,0,2,3,785,209.0,0,5,0.0,1,0.0,Kurdistan Workers' Party (PKK)
83614,2017,12,29,0,37,11,109,548,11.24944,13.999003,1.0,0,0.0,1,1,3,20,6,37.0,0,6,2.0,0,0.0,Boko Haram
10110,1983,4,28,0,69,8,17,91,48.856644,2.34233,1.0,0,0.0,1,0,3,19,1092,69.0,0,6,0.0,1,0.0,Corsican National Liberation Front (FLNC)
1895,1974,11,6,0,603,8,178,1182,54.077313,-6.608787,1.0,0,0.0,1,0,1,4,1502,216.0,0,5,2.0,0,0.0,Irish Republican Army (IRA)
17734,1987,7,28,0,43,3,249,1543,-33.010693,-71.527794,1.0,0,1.0,1,0,3,21,1966,43.0,0,6,0.0,1,0.0,Manuel Rodriguez Patriotic Front (FPMR)
64733,2014,12,28,0,214,9,135,810,47.460209,37.86647,1.0,0,1.0,1,0,3,14,855,214.0,0,6,0.0,-9,0.0,Donetsk People's Republic
78021,2016,12,12,0,104,11,62,303,2.6515,40.887844,1.0,1,1.0,1,0,3,3,85,104.0,0,6,0.0,1,0.0,Al-Shabaab
18842,1988,1,30,0,159,3,487,2821,-16.609087,-71.215523,1.0,0,0.0,1,0,3,3,1577,159.0,0,5,0.0,1,0.0,Tupac Amaru Revolutionary Movement (MRTA)
54889,2013,3,19,0,95,10,30,177,33.303566,44.371773,1.0,0,1.0,1,0,3,14,367,95.0,0,6,2.0,0,0.0,Al-Qaida in Iraq
46990,2009,8,15,0,160,5,363,1973,13.493886,123.325117,1.0,0,0.0,1,0,7,16,2369,160.0,0,8,0.0,1,0.0,New People's Army (NPA)
55384,2013,5,9,0,113,10,303,1778,27.022867,14.441218,1.0,0,0.0,1,0,3,15,2163,113.0,0,6,0.0,1,0.0,Muslim extremists
19768,1988,6,14,0,92,6,318,2533,31.958504,75.323245,1.0,0,0.0,1,0,1,14,3050,92.0,0,5,2.0,0,0.0,Sikh Extremists
61092,2014,6,27,0,147,11,113,510,10.340723,9.854051,1.0,0,0.0,1,0,3,1,437,147.0,0,6,11.0,1,0.0,Boko Haram
59136,2014,3,20,0,182,11,68,331,3.151721,42.489719,1.0,0,0.0,1,0,3,1,361,182.0,0,6,1.0,1,0.0,Al-Shabaab
22301,1989,6,15,0,183,11,19,129,-26.371483,28.408806,1.0,0,0.0,1,0,3,3,236,183.0,0,6,0.0,1,0.0,African National Congress (South Africa)
73357,2016,3,13,0,147,11,155,968,7.258787,8.805645,1.0,0,1.0,1,0,2,14,27,147.0,0,5,0.0,1,0.0,Fulani extremists
32152,1992,12,28,0,159,3,256,1556,-11.967368,-76.978462,1.0,0,0.0,1,0,3,7,2932,44.0,0,6,0.0,1,0.0,Shining Path (SL)
22855,1989,8,29,0,92,6,318,2502,30.193752,74.409326,1.0,0,0.0,1,0,2,19,3010,92.0,0,5,20.0,1,0.0,Sikh Extremists
16212,1986,9,16,0,145,2,402,2146,14.40704,-83.87698,1.0,0,0.0,1,0,2,4,1270,145.0,0,5,1.0,1,0.0,Nicaraguan Democratic Force (FDN)
58536,2014,2,14,0,200,10,187,1720,36.201721,37.14352,1.0,0,0.0,1,0,3,4,2146,200.0,0,6,5.0,1,0.0,Muslim extremists
65357,2015,1,25,0,147,11,100,466,11.840929,13.141459,1.0,0,1.0,1,0,2,14,844,147.0,0,6,33.0,-9,0.0,Boko Haram
31853,1992,11,18,0,159,3,256,1556,-11.967368,-76.978462,1.0,0,0.0,1,0,3,7,3360,217.0,0,6,0.0,1,0.0,Tupac Amaru Revolutionary Movement (MRTA)
53166,2012,9,5,0,147,11,100,466,11.840929,13.141459,1.0,0,1.0,1,0,7,16,845,147.0,0,8,4.0,1,0.0,Boko Haram
36822,1998,3,5,0,160,5,0,16,6.681959,121.985477,1.0,0,0.0,1,0,3,3,103,160.0,0,6,0.0,1,0.0,Abu Sayyaf Group (ASG)
17341,1987,6,2,0,145,2,391,2171,14.152916,-85.07312,2.0,0,0.0,1,0,2,14,2517,145.0,0,5,12.0,1,0.0,Nicaraguan Democratic Force (FDN)
30191,1992,4,29,0,209,10,213,1370,37.080181,41.220196,1.0,0,0.0,1,0,2,4,548,209.0,0,5,1.0,1,0.0,Kurdistan Workers' Party (PKK)
29934,1992,3,21,0,151,8,226,1366,59.913869,10.752245,1.0,0,0.0,1,0,7,7,1678,209.0,0,9,0.0,1,0.0,Kurdistan Workers' Party (PKK)
69134,2015,7,27,0,173,10,172,1122,16.576572,43.093524,1.0,0,0.0,1,0,3,14,1200,173.0,0,6,0.0,-9,0.0,Houthi extremists (Ansar Allah)
14907,1985,12,13,0,183,11,26,122,-22.351154,30.039773,1.0,0,0.0,1,0,3,4,227,183.0,0,6,0.0,1,0.0,African National Congress (South Africa)
27389,1991,5,29,0,69,8,126,750,41.930607,8.742907,1.0,0,0.0,1,0,3,2,1134,69.0,0,6,0.0,1,0.0,Corsican National Liberation Front (FLNC)
43218,2006,8,6,0,186,6,206,1441,8.577826,81.218719,1.0,0,0.0,1,0,2,3,13,186.0,0,5,0.0,1,0.0,Liberation Tigers of Tamil Eelam (LTTE)
35026,1996,1,22,0,186,6,244,1501,7.883333,80.4,2.0,0,0.0,1,0,3,14,27,186.0,0,6,22.0,1,0.0,Liberation Tigers of Tamil Eelam (LTTE)
6247,1980,2,16,0,183,11,27,24,-29.601439,30.376695,4.0,0,0.0,1,0,2,1,242,183.0,0,5,0.0,1,0.0,African National Congress (South Africa)
3233,1977,5,5,0,603,8,178,1179,54.607712,-5.95621,1.0,0,0.0,1,0,1,14,1440,233.0,0,5,1.0,0,0.0,Irish Republican Army (IRA)
21656,1989,3,11,0,43,3,250,1544,-33.366238,-70.505302,1.0,0,0.0,1,0,7,19,56,43.0,0,8,0.0,1,0.0,Manuel Rodriguez Patriotic Front (FPMR)
35841,1996,10,15,0,45,3,327,24,6.2675,-75.568611,4.0,0,1.0,1,0,3,21,1980,45.0,0,6,0.0,1,0.0,National Liberation Army of Colombia (ELN)
29986,1992,3,27,0,209,10,193,1262,41.106178,28.689863,1.0,0,0.0,0,0,7,8,1713,209.0,0,8,0.0,1,0.0,Kurdistan Workers' Party (PKK)
22893,1989,9,2,0,61,2,146,876,13.733333,-88.883333,1.0,0,1.0,1,0,3,21,1238,61.0,0,6,0.0,1,0.0,Farabundo Marti National Liberation Front (FMLN)
68282,2015,6,15,0,4,6,459,2598,32.443855,62.147739,2.0,0,1.0,1,0,2,4,48,4.0,0,6,1.0,1,0.0,Taliban
44701,2008,4,4,0,92,6,121,600,18.364195,81.892418,3.0,0,0.0,1,0,2,14,919,92.0,0,5,1.0,0,0.0,Communist Party of India - Maoist (CPI-Maoist)
58462,2014,2,9,0,92,6,119,1624,17.941971,81.103753,1.0,1,0.0,1,0,3,3,12,92.0,0,6,2.0,0,0.0,Maoists
21394,1989,2,15,0,61,2,148,887,13.36899,-88.658074,1.0,0,0.0,1,0,3,19,1263,61.0,0,6,0.0,1,0.0,Farabundo Marti National Liberation Front (FMLN)
43381,2006,10,23,0,186,6,242,1448,8.757816,80.487907,1.0,0,0.0,1,0,2,14,1758,186.0,0,5,1.0,0,0.0,Liberation Tigers of Tamil Eelam (LTTE)
22751,1989,8,17,0,61,2,138,852,13.802046,-87.896732,1.0,0,0.0,1,0,2,4,412,61.0,0,5,14.0,1,0.0,Farabundo Marti National Liberation Front (FMLN)
19444,1988,5,1,0,159,3,256,1556,-11.967368,-76.978462,1.0,0,1.0,1,0,3,2,1935,159.0,0,6,0.0,1,0.0,Shining Path (SL)
22053,1989,5,6,0,159,3,256,1556,-11.967368,-76.978462,1.0,0,0.0,1,0,3,4,3366,159.0,0,6,0.0,1,0.0,Tupac Amaru Revolutionary Movement (MRTA)
62284,2014,8,17,0,209,10,219,1356,38.053899,40.375494,3.0,0,0.0,1,0,6,1,1690,209.0,0,9,0.0,0,1.0,Kurdistan Workers' Party (PKK)
22511,1989,7,16,0,45,3,333,1835,6.46052,-71.72989,1.0,0,0.0,1,0,2,4,412,45.0,0,5,0.0,1,0.0,National Liberation Army of Colombia (ELN)
75165,2016,6,26,0,92,6,119,1594,19.853635,80.635241,1.0,0,0.0,1,0,2,14,2027,92.0,0,5,1.0,0,0.0,Maoists
35063,1996,2,11,0,186,6,242,1452,8.349393,81.285949,1.0,0,0.0,1,0,2,4,1460,186.0,0,5,3.0,1,0.0,Liberation Tigers of Tamil Eelam (LTTE)
65689,2015,2,9,0,147,11,155,962,7.689167,9.250278,3.0,0,1.0,1,0,2,14,27,147.0,0,5,1.0,1,0.0,Fulani extremists
24965,1990,5,18,0,160,5,11,43,14.596051,120.978666,1.0,0,0.0,1,0,3,3,2411,160.0,0,6,0.0,1,0.0,New People's Army (NPA)
23693,1989,11,13,0,155,10,306,2216,31.502407,34.459743,1.0,0,0.0,1,0,2,4,412,97.0,0,5,2.0,1,0.0,Palestinians
34007,1995,3,14,0,75,8,181,1363,52.195807,8.581551,1.0,0,0.0,1,0,7,15,1675,209.0,0,8,0.0,1,0.0,Kurdistan Workers' Party (PKK)
30628,1992,7,1,0,603,8,178,1195,54.159548,-6.458147,1.0,0,0.0,1,0,1,14,1470,233.0,0,5,1.0,0,0.0,Irish Republican Army (IRA)
64048,2014,11,16,0,214,9,135,822,48.240883,38.525669,1.0,1,0.0,1,0,2,4,1219,214.0,0,6,1.0,-9,0.0,Donetsk People's Republic
25354,1990,7,8,0,160,5,347,1922,15.319526,120.937717,1.0,0,0.0,1,0,6,14,563,160.0,0,5,0.0,0,1.0,New People's Army (NPA)
32425,1994,2,7,0,45,3,331,1824,7.062532,-73.085812,1.0,0,0.0,1,0,3,2,2203,45.0,0,6,0.0,1,0.0,National Liberation Army of Colombia (ELN)
42021,2005,5,15,0,185,8,81,24,43.07563,-2.223667,4.0,0,1.0,1,0,3,1,746,185.0,0,6,0.0,1,0.0,Basque Fatherland and Freedom (ETA)
15004,1986,1,7,0,183,11,19,115,-26.252697,27.870275,1.0,0,0.0,1,0,3,3,290,183.0,0,6,0.0,1,0.0,African National Congress (South Africa)
17046,1987,4,15,0,183,11,19,99,-25.988884,28.173653,1.0,0,1.0,1,0,2,19,190,183.0,0,8,0.0,1,0.0,African National Congress (South Africa)
45922,2008,12,28,0,92,6,119,637,18.791667,80.816667,3.0,0,0.0,1,0,2,14,958,92.0,0,5,3.0,0,0.0,Communist Party of India - Maoist (CPI-Maoist)
55957,2013,7,5,0,60,10,268,1721,31.082872,34.146267,1.0,0,1.0,1,0,2,4,20,60.0,0,6,1.0,0,0.0,Muslim extremists
15880,1986,6,29,0,43,3,250,1544,-33.366238,-70.505302,1.0,0,1.0,1,0,3,21,1914,43.0,0,6,0.0,1,0.0,Manuel Rodriguez Patriotic Front (FPMR)
24699,1990,4,10,0,97,10,412,2215,31.771599,35.2034,1.0,0,0.0,1,0,2,14,2610,97.0,0,8,0.0,1,0.0,Palestinians
18942,1988,2,14,0,159,3,433,2393,-10.680652,-76.259918,1.0,0,0.0,1,0,3,1,3352,159.0,0,6,0.0,1,0.0,Tupac Amaru Revolutionary Movement (MRTA)
10122,1983,4,28,0,69,8,128,767,43.529742,5.447427,1.0,0,1.0,1,0,3,1,805,69.0,0,6,0.0,1,0.0,Corsican National Liberation Front (FLNC)
6972,1980,9,11,0,185,8,81,24,43.07563,-2.223667,4.0,0,0.0,0,0,3,2,762,185.0,0,6,0.0,1,0.0,Basque Fatherland and Freedom (ETA)
51778,2012,4,26,0,4,6,470,2626,34.69786,70.835779,2.0,0,1.0,1,0,2,4,48,422.0,0,5,6.0,0,0.0,Taliban
6777,1980,7,2,0,61,2,139,853,13.69288,-89.199161,1.0,0,1.0,1,0,3,1,242,61.0,0,6,1.0,1,0.0,Farabundo Marti National Liberation Front (FMLN)
58920,2014,3,8,0,182,11,63,304,2.059819,45.326115,1.0,0,0.0,1,0,2,4,559,182.0,0,5,1.0,-9,0.0,Al-Shabaab
16998,1987,4,9,0,145,2,392,2077,13.564251,-86.02984,1.0,0,0.0,1,0,2,14,2466,145.0,0,5,1.0,1,0.0,Nicaraguan Democratic Force (FDN)
78551,2017,1,19,0,182,11,61,311,2.14383,45.118061,1.0,0,0.0,1,0,2,4,559,182.0,0,6,6.0,-9,0.0,Al-Shabaab
5448,1979,8,10,0,45,3,331,2356,5.85936,-73.96559,1.0,0,0.0,1,0,2,4,1591,45.0,0,5,2.0,1,0.0,Revolutionary Armed Forces of Colombia (FARC)
25024,1990,5,26,0,159,3,256,1556,-11.967368,-76.978462,1.0,0,0.0,1,0,1,4,3359,159.0,0,5,0.0,1,0.0,Tupac Amaru Revolutionary Movement (MRTA)
26037,1990,10,24,0,43,3,250,1544,-33.366238,-70.505302,1.0,0,0.0,1,0,5,10,1902,43.0,0,5,0.0,1,0.0,Manuel Rodriguez Patriotic Front (FPMR)
57652,2013,12,8,0,95,10,30,177,33.303566,44.371773,1.0,0,1.0,1,0,3,2,1173,95.0,0,6,4.0,-9,0.0,Islamic State of Iraq and the Levant (ISIL)
45294,2008,7,28,0,95,10,30,177,33.303566,44.371773,1.0,0,1.0,1,0,3,14,366,95.0,0,6,8.0,1,0.0,Al-Qaida in Iraq
47534,2010,1,25,0,182,11,63,304,2.059819,45.326115,1.0,0,0.0,1,0,3,4,610,182.0,0,6,4.0,1,0.0,Al-Shabaab
60028,2014,5,6,0,147,11,104,1061,9.376786,8.585856,1.0,0,0.0,1,0,2,3,175,147.0,0,5,7.0,-9,0.0,Fulani extremists
53062,2012,8,23,0,153,6,484,2771,34.953611,71.685833,1.0,0,0.0,1,0,2,4,2055,153.0,0,6,5.0,0,0.0,Tehrik-i-Taliban Pakistan (TTP)
46342,2009,4,6,0,92,6,117,633,24.749905,84.370896,2.0,1,0.0,1,0,3,8,954,92.0,0,6,0.0,0,0.0,Communist Party of India - Maoist (CPI-Maoist)
23611,1989,11,5,0,97,10,414,2219,32.08297,34.811886,1.0,0,0.0,1,0,1,3,2599,97.0,0,9,0.0,0,0.0,Palestinians
51141,2012,2,23,0,95,10,31,212,33.693947,45.067425,1.0,0,1.0,1,0,3,14,13,95.0,0,6,0.0,-9,0.0,Al-Qaida in Iraq
42595,2006,1,9,0,95,10,30,177,33.303566,44.371773,1.0,0,0.0,1,1,3,3,375,95.0,0,6,2.0,0,0.0,Al-Qaida in Iraq
23990,1989,12,30,0,69,8,126,748,42.113828,8.701548,1.0,0,0.0,1,0,3,1,1083,69.0,0,6,0.0,1,0.0,Corsican National Liberation Front (FLNC)
40054,2002,5,8,0,45,3,335,24,5.758927,-71.572395,4.0,0,0.0,1,0,3,19,2783,45.0,0,6,0.0,1,0.0,Revolutionary Armed Forces of Colombia (FARC)
68915,2015,7,16,0,45,3,327,2280,7.583191,-75.399966,3.0,0,0.0,1,0,3,19,2701,45.0,0,6,0.0,-9,0.0,Revolutionary Armed Forces of Colombia (FARC)
16604,1987,1,9,0,183,11,19,96,-26.184113,28.033232,1.0,0,0.0,1,0,3,1,278,183.0,0,6,0.0,1,0.0,African National Congress (South Africa)
26209,1990,11,27,0,160,5,5,2000,7.083241,125.600998,1.0,0,1.0,1,0,2,19,2391,160.0,0,8,0.0,1,0.0,New People's Army (NPA)
15795,1986,6,15,0,183,11,19,128,-26.250692,28.441941,1.0,0,0.0,1,0,3,3,196,183.0,0,6,0.0,1,0.0,African National Congress (South Africa)
12874,1984,10,4,0,69,8,134,780,45.764043,4.835659,1.0,0,0.0,1,0,3,1,1157,69.0,0,6,0.0,1,0.0,Corsican National Liberation Front (FLNC)
69829,2015,8,30,0,228,10,45,236,12.825647,44.846416,1.0,0,0.0,1,0,1,2,519,228.0,0,5,1.0,0,0.0,Al-Qaida in the Arabian Peninsula (AQAP)
30833,1992,7,25,0,45,3,324,1846,7.894195,-72.503885,1.0,0,0.0,1,0,3,6,2237,45.0,0,6,0.0,1,0.0,National Liberation Army of Colombia (ELN)
64933,2015,1,7,0,182,11,63,304,2.059819,45.326115,1.0,0,0.0,1,0,3,8,2169,182.0,0,6,0.0,1,0.0,Muslim extremists
16611,1987,1,13,0,145,2,391,2124,13.243611,-85.89596,1.0,0,0.0,1,0,2,4,1239,145.0,0,5,1.0,1,0.0,Nicaraguan Democratic Force (FDN)
14399,1985,8,15,1,145,2,405,2107,11.695904,-84.446147,1.0,0,0.0,1,0,2,2,2477,145.0,0,5,4.0,1,1.0,Nicaraguan Democratic Force (FDN)
80880,2017,6,14,0,95,10,31,1276,34.147392,45.129864,1.0,0,0.0,0,0,2,4,172,95.0,0,5,1.0,0,0.0,Islamic State of Iraq and the Levant (ISIL)
18822,1988,1,27,0,186,6,242,1513,9.380289,80.377,1.0,0,0.0,1,0,2,3,175,186.0,0,5,0.0,1,0.0,Liberation Tigers of Tamil Eelam (LTTE)
10946,1983,10,10,0,159,3,434,2409,-15.65083,-70.321899,1.0,0,1.0,1,0,1,8,1684,159.0,0,5,1.0,0,0.0,Shining Path (SL)
25632,1990,8,15,0,92,6,447,2491,28.690073,77.213982,1.0,0,0.0,1,0,3,15,2988,92.0,0,6,5.0,1,0.0,Sikh Extremists
28234,1991,8,24,0,97,10,412,2223,31.783739,35.160804,1.0,0,0.0,0,0,3,14,2553,97.0,0,6,0.0,1,0.0,Palestinians
12287,1984,6,2,0,145,2,394,2143,13.48082,-86.58208,1.0,0,0.0,1,0,2,14,2501,145.0,0,5,1.0,1,0.0,Nicaraguan Democratic Force (FDN)
5271,1979,6,13,0,97,10,417,2254,32.434788,34.92157,1.0,0,0.0,1,0,3,14,2620,97.0,0,6,0.0,0,0.0,Palestinians
12819,1984,9,22,0,145,2,393,2104,13.360614,-86.398154,1.0,0,0.0,1,0,2,4,1239,145.0,0,5,0.0,1,0.0,Nicaraguan Democratic Force (FDN)
50666,2011,12,18,0,45,3,338,2309,12.228233,-71.992872,1.0,1,0.0,1,0,3,19,2739,45.0,0,6,0.0,1,0.0,Revolutionary Armed Forces of Colombia (FARC)
7519,1981,4,2,0,61,2,139,853,13.69288,-89.199161,1.0,0,0.0,1,0,3,1,1292,61.0,0,6,1.0,1,0.0,Farabundo Marti National Liberation Front (FMLN)
55614,2013,5,31,0,153,6,389,2750,33.726945,70.694618,3.0,0,0.0,1,0,2,4,2055,153.0,0,5,23.0,0,0.0,Tehrik-i-Taliban Pakistan (TTP)
73655,2016,4,3,1,160,5,381,2003,8.964095,124.895434,2.0,0,0.0,1,0,6,3,2392,160.0,0,5,0.0,0,1.0,New People's Army (NPA)
24314,1990,2,27,0,185,8,84,390,40.465595,-3.696263,1.0,0,0.0,0,0,1,2,732,185.0,0,6,0.0,0,0.0,Basque Fatherland and Freedom (ETA)
29501,1992,1,20,0,186,6,206,1446,7.716666,81.700188,3.0,0,0.0,1,0,3,2,1773,186.0,0,6,0.0,1,0.0,Liberation Tigers of Tamil Eelam (LTTE)
45580,2008,10,3,0,92,6,118,587,24.128611,84.185712,3.0,0,0.0,1,0,3,16,1013,92.0,0,6,0.0,1,0.0,Communist Party of India - Maoist (CPI-Maoist)
54715,2013,2,25,0,45,3,424,867,0.325732,-76.878675,1.0,1,0.0,1,0,3,3,85,45.0,0,6,2.0,1,0.0,Revolutionary Armed Forces of Colombia (FARC)
28730,1991,10,20,0,92,6,318,2475,30.898024,75.860077,1.0,1,1.0,1,0,7,1,805,92.0,0,8,0.0,1,0.0,Sikh Extremists
28726,1991,10,19,0,160,5,376,24,18.195807,120.592272,4.0,0,0.0,1,0,2,4,2387,160.0,0,5,1.0,1,0.0,New People's Army (NPA)
19640,1988,5,27,0,159,3,432,2422,-13.597387,-74.154865,1.0,0,0.0,1,0,1,4,2901,159.0,0,5,2.0,0,0.0,Shining Path (SL)
11615,1984,2,18,0,603,8,178,1225,54.103436,-6.193593,1.0,0,0.0,1,0,3,1,1551,233.0,0,6,1.0,1,0.0,Irish Republican Army (IRA)
14184,1985,7,4,0,43,3,251,1548,-36.816006,-73.037659,1.0,0,0.0,1,0,3,1,1907,217.0,0,6,0.0,1,0.0,Manuel Rodriguez Patriotic Front (FPMR)
18204,1987,10,5,0,43,3,249,1543,-33.010693,-71.527794,1.0,0,0.0,1,0,3,2,1882,43.0,0,6,0.0,1,0.0,Manuel Rodriguez Patriotic Front (FPMR)
18636,1987,12,23,0,159,3,441,2825,-6.488123,-76.3599,1.0,0,0.0,0,0,2,6,3405,159.0,0,5,0.0,1,0.0,Tupac Amaru Revolutionary Movement (MRTA)
7441,1981,3,7,0,69,8,130,761,43.610769,3.876716,1.0,0,1.0,1,0,3,1,1104,69.0,0,6,0.0,1,0.0,Corsican National Liberation Front (FLNC)
62258,2014,8,15,0,160,5,351,1946,7.28489,125.857258,1.0,0,0.0,1,0,3,4,59,160.0,0,6,0.0,1,0.0,New People's Army (NPA)
49556,2011,4,26,0,153,6,484,2708,34.006004,71.53743,1.0,1,0.0,1,0,3,8,3256,153.0,0,6,0.0,1,0.0,Tehrik-i-Taliban Pakistan (TTP)
16993,1987,4,9,0,159,3,256,1556,-11.967368,-76.978462,1.0,0,1.0,0,0,3,14,782,159.0,0,6,0.0,1,0.0,Shining Path (SL)
8880,1982,6,28,0,183,11,18,101,-27.826803,30.705819,1.0,0,0.0,1,0,3,19,192,183.0,0,6,0.0,1,0.0,African National Congress (South Africa)
42242,2005,8,2,0,141,6,261,1610,29.483192,81.400457,1.0,0,0.0,1,0,3,14,2044,141.0,0,6,1.0,1,0.0,Maoists
60680,2014,6,7,0,37,11,109,491,10.93119,13.739053,1.0,0,0.0,1,0,2,14,27,37.0,0,5,2.0,1,0.0,Boko Haram
57949,2014,1,3,0,153,6,280,1735,33.671638,73.056068,1.0,0,0.0,1,0,2,15,2166,153.0,0,5,2.0,1,0.0,Muslim extremists
15837,1986,6,22,0,183,11,18,150,-29.943468,30.981181,1.0,0,0.0,1,0,3,21,269,183.0,0,6,0.0,1,0.0,African National Congress (South Africa)
21759,1989,3,25,0,92,6,318,2515,31.534899,75.910571,3.0,0,0.0,1,0,2,3,3027,92.0,0,5,3.0,1,0.0,Sikh Extremists
47884,2010,4,15,0,92,6,370,1961,24.817011,93.936844,3.0,0,0.0,1,0,7,1,2360,92.0,0,8,0.0,1,0.0,New People's Army (NPA)
4661,1979,1,27,0,185,8,89,420,42.907739,-2.064756,1.0,0,0.0,1,0,1,2,730,185.0,0,5,1.0,0,0.0,Basque Fatherland and Freedom (ETA)
9676,1983,1,18,0,159,3,435,2398,-13.952269,-71.653815,1.0,0,0.0,1,0,1,14,2856,159.0,0,5,2.0,0,0.0,Shining Path (SL)
26514,1991,1,10,0,61,2,143,863,13.703735,-88.804566,1.0,0,0.0,1,0,2,3,412,61.0,0,5,0.0,1,0.0,Farabundo Marti National Liberation Front (FMLN)
30103,1992,4,13,0,159,3,488,2811,-12.050934,-77.126044,1.0,0,0.0,1,0,3,3,823,159.0,0,6,4.0,1,0.0,Tupac Amaru Revolutionary Movement (MRTA)
82744,2017,10,14,0,95,10,33,1244,33.953178,44.206818,1.0,0,0.0,0,1,3,14,27,95.0,0,6,2.0,0,0.0,Islamic State of Iraq and the Levant (ISIL)
74740,2016,6,3,0,228,10,57,279,13.586484,44.024105,1.0,0,0.0,1,0,3,14,334,228.0,0,6,17.0,1,0.0,Houthi extremists (Ansar Allah)
40851,2003,5,1,0,92,6,269,1749,33.931011,75.114212,1.0,0,0.0,1,0,2,4,2141,92.0,0,5,1.0,0,0.0,Muslim extremists
49690,2011,5,26,0,45,3,341,2358,2.358296,-75.687919,1.0,0,0.0,1,0,7,1,2794,45.0,0,8,0.0,1,0.0,Revolutionary Armed Forces of Colombia (FARC)
25862,1990,9,23,0,159,3,256,1556,-11.967368,-76.978462,1.0,0,0.0,1,0,6,2,3362,159.0,0,5,1.0,0,1.0,Tupac Amaru Revolutionary Movement (MRTA)
19009,1988,2,21,0,159,3,438,2440,-9.529924,-77.5288,1.0,0,0.0,1,0,3,2,3377,159.0,0,6,0.0,1,0.0,Tupac Amaru Revolutionary Movement (MRTA)
81767,2017,8,5,0,123,11,157,956,15.329201,-0.001457,2.0,0,0.0,1,0,6,14,27,123.0,0,5,4.0,0,1.0,Fulani extremists
62403,2014,8,23,0,228,10,54,1143,16.032999,44.766691,1.0,0,0.0,1,0,3,4,48,228.0,0,6,2.0,-9,0.0,Houthi extremists (Ansar Allah)
16400,1986,11,9,0,145,2,402,2153,13.52628,-84.89873,1.0,0,0.0,1,0,2,4,1239,145.0,0,5,1.0,1,0.0,Nicaraguan Democratic Force (FDN)
28595,1991,10,6,0,209,10,211,1333,37.253172,43.612234,1.0,0,0.0,1,0,2,4,172,209.0,0,5,11.0,1,0.0,Kurdistan Workers' Party (PKK)
83248,2017,11,26,0,95,10,30,177,33.303566,44.371773,1.0,0,0.0,0,0,3,20,6,95.0,0,6,0.0,0,0.0,Islamic State of Iraq and the Levant (ISIL)
19255,1988,3,29,0,69,8,128,755,43.296482,5.36978,1.0,0,0.0,1,0,3,1,1106,69.0,0,6,0.0,1,0.0,Corsican National Liberation Front (FLNC)
58903,2014,3,6,0,147,11,155,1041,7.166667,9.283333,1.0,0,1.0,1,0,2,14,27,147.0,0,8,3.0,1,0.0,Fulani extremists
6450,1980,4,4,0,183,11,19,152,-25.71265,28.127227,1.0,0,0.0,1,0,3,3,275,183.0,0,6,0.0,1,0.0,African National Congress (South Africa)
61575,2014,7,15,0,214,9,135,812,47.927954,37.371645,3.0,0,1.0,1,0,7,1,1207,214.0,0,5,1.0,1,0.0,Donetsk People's Republic
45564,2008,9,28,1,153,6,318,2707,33.766336,72.357344,1.0,0,0.0,1,0,2,14,3202,161.0,0,5,4.0,0,1.0,Tehrik-i-Taliban Pakistan (TTP)
53083,2012,8,27,0,4,6,463,2583,32.248981,63.85825,3.0,0,0.0,1,0,2,4,172,4.0,0,5,10.0,1,0.0,Taliban
64063,2014,11,18,0,160,5,348,1916,8.818475,125.69826,1.0,0,0.0,1,0,2,4,12,160.0,0,5,2.0,0,0.0,New People's Army (NPA)
55930,2013,7,2,0,4,6,460,2630,36.96468,69.170024,2.0,0,0.0,1,0,2,3,20,4.0,0,5,4.0,-9,0.0,Taliban
56732,2013,9,9,0,228,10,49,244,13.887403,45.863647,1.0,0,0.0,1,0,3,17,273,228.0,0,6,0.0,1,0.0,Al-Qaida in the Arabian Peninsula (AQAP)
56058,2013,7,15,0,182,11,63,304,2.059819,45.326115,1.0,0,0.0,1,0,3,21,561,182.0,0,6,0.0,1,0.0,Al-Shabaab
60161,2014,5,13,0,4,6,461,2575,32.100204,66.901016,1.0,0,0.0,1,1,3,3,409,4.0,0,6,1.0,1,0.0,Taliban
66405,2015,3,17,0,153,6,484,2747,34.102074,71.47802,1.0,0,0.0,1,0,1,1,3244,153.0,0,5,1.0,1,0.0,Tehrik-i-Taliban Pakistan (TTP)
50118,2011,9,27,0,228,10,45,236,12.825647,44.846416,1.0,0,0.0,0,1,1,2,459,228.0,0,6,1.0,1,0.0,Al-Qaida in the Arabian Peninsula (AQAP)
10293,1983,5,28,0,110,10,411,2212,33.888523,35.503513,1.0,0,0.0,1,0,3,4,2645,97.0,0,6,1.0,1,0.0,Palestinians
46305,2009,3,30,0,92,6,118,617,23.893139,85.894669,1.0,0,0.0,1,0,3,14,935,92.0,0,6,0.0,1,0.0,Communist Party of India - Maoist (CPI-Maoist)
18827,1988,1,27,0,183,11,19,115,-26.252697,27.870275,1.0,0,0.0,1,0,2,3,229,183.0,0,5,0.0,1,0.0,African National Congress (South Africa)
48648,2010,9,18,0,4,6,301,2613,34.467964,70.491493,1.0,0,0.0,1,0,3,2,3138,4.0,0,6,0.0,1,0.0,Taliban
82831,2017,10,21,1,160,5,0,24,6.570558,122.029527,4.0,0,0.0,1,0,1,2,26,160.0,0,9,1.0,0,1.0,Abu Sayyaf Group (ASG)
14499,1985,9,13,0,145,2,392,2172,13.880321,-86.1678,1.0,0,0.0,1,0,2,4,412,145.0,0,5,0.0,1,0.0,Nicaraguan Democratic Force (FDN)
35140,1996,3,10,0,159,3,256,1556,-11.967368,-76.978462,1.0,0,0.0,1,0,3,1,2854,159.0,0,6,0.0,1,0.0,Shining Path (SL)
41737,2005,1,1,0,141,6,206,1598,27.021345,87.470224,1.0,0,0.0,1,0,3,4,2032,141.0,0,6,12.0,0,0.0,Maoists
77070,2016,10,19,0,173,10,172,1127,16.524263,42.967896,1.0,0,0.0,1,0,3,4,0,173.0,0,6,0.0,-9,0.0,Houthi extremists (Ansar Allah)
32500,1994,2,20,0,183,11,18,148,-29.688309,30.187246,1.0,1,0.0,1,0,2,22,268,183.0,0,5,6.0,0,0.0,African National Congress (South Africa)
82813,2017,10,19,1,147,11,160,969,7.855064,5.343466,1.0,1,0.0,1,0,6,15,1344,147.0,0,5,1.0,0,1.0,Fulani extremists
28582,1991,10,5,0,209,10,217,1340,37.714618,41.418412,1.0,1,0.0,1,0,2,4,823,209.0,0,5,1.0,1,0.0,Kurdistan Workers' Party (PKK)
39829,2002,2,4,0,6,10,287,1745,36.164211,0.440826,1.0,1,0.0,1,0,2,14,2139,6.0,0,5,9.0,0,0.0,Muslim extremists
19695,1988,6,4,0,92,6,318,2523,31.534899,75.910571,1.0,0,0.0,1,0,1,10,3038,92.0,0,5,1.0,0,0.0,Sikh Extremists
83406,2017,12,8,0,147,11,103,1023,7.860742,7.512218,2.0,1,0.0,1,0,2,14,27,147.0,0,5,10.0,1,0.0,Fulani extremists
37031,1998,9,14,0,186,6,206,1438,7.733107,81.68882,1.0,0,0.0,1,0,3,4,1756,186.0,0,6,1.0,1,0.0,Liberation Tigers of Tamil Eelam (LTTE)
81113,2017,6,26,0,147,11,100,466,11.840929,13.141459,1.0,0,1.0,1,1,3,8,850,147.0,0,6,1.0,-9,0.0,Boko Haram
19612,1988,5,22,0,183,11,19,155,-26.267342,28.121495,1.0,0,0.0,1,0,1,2,282,183.0,0,5,1.0,0,0.0,African National Congress (South Africa)
31834,1992,11,16,0,159,3,256,1556,-11.967368,-76.978462,1.0,0,0.0,1,0,3,2,2841,159.0,0,6,0.0,1,0.0,Shining Path (SL)
30501,1992,6,9,0,45,3,329,24,9.337295,-73.653621,4.0,0,0.0,1,0,3,21,2206,45.0,0,6,0.0,1,0.0,National Liberation Army of Colombia (ELN)
48807,2010,10,29,0,603,8,46,237,52.829397,-1.332046,1.0,0,1.0,0,0,3,6,441,217.0,0,6,0.0,0,0.0,Al-Qaida in the Arabian Peninsula (AQAP)
52802,2012,8,2,0,209,10,224,1391,37.891282,42.623138,3.0,0,1.0,1,0,2,4,20,209.0,0,5,2.0,0,0.0,Kurdistan Workers' Party (PKK)
12309,1984,6,8,0,185,8,89,404,42.815372,-1.653616,1.0,0,0.0,1,0,1,3,763,185.0,0,5,1.0,0,0.0,Basque Fatherland and Freedom (ETA)
49708,2011,5,31,0,92,6,117,703,24.522096,83.722629,1.0,0,0.0,1,0,3,8,1033,92.0,0,6,0.0,1,0.0,Communist Party of India - Maoist (CPI-Maoist)
59316,2014,3,30,0,4,6,475,2629,34.705139,70.154053,1.0,1,0.0,0,0,1,2,3149,4.0,0,6,0.0,1,0.0,Taliban
78440,2017,1,12,0,95,10,33,202,34.621521,43.668377,1.0,0,0.0,1,0,3,14,13,95.0,0,6,4.0,-9,0.0,Islamic State of Iraq and the Levant (ISIL)
14156,1985,7,1,0,69,8,126,24,41.918891,8.737554,4.0,0,1.0,1,0,3,3,1112,69.0,0,6,0.0,1,0.0,Corsican National Liberation Front (FLNC)
67258,2015,4,29,0,4,6,456,2568,34.516895,69.147011,1.0,0,0.0,1,0,3,14,1222,4.0,0,6,4.0,-9,0.0,Taliban
54742,2013,2,28,0,153,6,389,2715,34.565494,71.477429,3.0,0,1.0,1,0,3,8,3208,153.0,0,6,0.0,1,0.0,Tehrik-i-Taliban Pakistan (TTP)
25474,1990,7,26,0,43,3,250,1544,-33.366238,-70.505302,1.0,0,0.0,1,0,3,1,1110,217.0,0,6,0.0,1,0.0,Manuel Rodriguez Patriotic Front (FPMR)
17261,1987,5,19,0,159,3,256,1556,-11.967368,-76.978462,1.0,0,1.0,1,0,3,16,2926,159.0,0,6,0.0,1,0.0,Shining Path (SL)
64769,2014,12,30,0,95,10,34,184,36.354145,43.14357,1.0,0,1.0,1,0,3,15,1619,95.0,0,6,0.0,1,0.0,Islamic State of Iraq and the Levant (ISIL)
81444,2017,7,16,0,95,10,31,1243,34.399525,45.142685,1.0,0,0.0,1,0,3,14,409,95.0,0,6,0.0,1,0.0,Islamic State of Iraq and the Levant (ISIL)
77081,2016,10,19,0,228,10,57,279,13.586484,44.024105,1.0,0,0.0,1,0,3,14,1387,228.0,0,6,1.0,-9,0.0,Houthi extremists (Ansar Allah)
16797,1987,2,24,0,159,3,256,1556,-11.967368,-76.978462,1.0,0,1.0,1,0,3,1,3341,159.0,0,6,0.0,1,0.0,Tupac Amaru Revolutionary Movement (MRTA)
32763,1994,4,2,0,209,10,193,1262,41.106178,28.689863,1.0,0,0.0,1,0,3,14,1670,209.0,0,6,2.0,1,0.0,Kurdistan Workers' Party (PKK)
51243,2012,3,3,0,228,10,47,245,14.54397,49.12458,1.0,0,1.0,1,0,3,4,518,228.0,0,6,1.0,0,0.0,Al-Qaida in the Arabian Peninsula (AQAP)
74604,2016,5,26,0,160,5,1,2,6.088221,121.109329,1.0,0,0.0,1,0,2,4,48,160.0,0,5,1.0,0,0.0,Abu Sayyaf Group (ASG)
51723,2012,4,19,0,95,10,30,177,33.303566,44.371773,1.0,0,1.0,1,0,3,3,383,95.0,0,6,2.0,-9,0.0,Al-Qaida in Iraq
39617,2001,11,3,1,160,5,5,24,7.075778,125.587755,4.0,0,0.0,1,0,6,14,29,38.0,0,5,0.0,0,1.0,Abu Sayyaf Group (ASG)
74957,2016,6,15,0,92,6,122,628,19.758767,83.19422,2.0,0,1.0,1,0,6,1,948,92.0,0,8,0.0,1,1.0,Communist Party of India - Maoist (CPI-Maoist)
5444,1979,8,9,0,97,10,412,2215,31.771599,35.2034,1.0,0,0.0,1,0,3,2,2569,97.0,0,6,1.0,1,0.0,Palestinians
12239,1984,5,16,0,183,11,19,112,-26.252697,27.870275,1.0,0,0.0,1,0,3,3,188,183.0,0,6,0.0,1,0.0,African National Congress (South Africa)
59803,2014,4,28,0,92,6,118,587,24.119145,84.187981,3.0,0,0.0,1,0,2,14,2046,92.0,0,5,1.0,0,0.0,Maoists
43112,2006,7,3,0,4,6,470,2607,34.880556,70.896111,1.0,0,0.0,1,0,2,14,3133,4.0,0,5,5.0,-9,0.0,Taliban
19685,1988,6,2,0,97,10,412,2215,31.771599,35.2034,1.0,0,0.0,1,0,1,8,2608,97.0,0,5,1.0,0,0.0,Palestinians
19953,1988,7,16,0,159,3,256,1556,-11.967368,-76.978462,1.0,0,0.0,1,0,3,2,3412,159.0,0,6,0.0,1,0.0,Tupac Amaru Revolutionary Movement (MRTA)
66555,2015,3,25,1,4,6,474,2611,33.239717,65.45986,3.0,0,0.0,1,0,6,14,3136,4.0,0,5,0.0,0,1.0,Taliban
52284,2012,6,13,0,95,10,29,176,33.31065,44.038208,1.0,1,1.0,1,0,3,3,12,95.0,0,6,1.0,0,0.0,Al-Qaida in Iraq
47232,2009,10,17,0,45,3,422,2334,2.938546,-73.208681,1.0,1,0.0,1,0,2,12,2768,45.0,0,5,0.0,1,0.0,Revolutionary Armed Forces of Colombia (FARC)
79293,2017,3,7,0,92,6,119,1609,19.596543,81.67261,2.0,1,0.0,0,0,3,20,6,92.0,0,6,0.0,0,0.0,Maoists
26124,1990,11,7,0,185,8,81,388,43.291618,-1.977903,1.0,0,0.0,0,0,3,19,702,185.0,0,6,0.0,1,0.0,Basque Fatherland and Freedom (ETA)
55469,2013,5,18,1,95,10,29,193,33.420948,43.295662,1.0,0,0.0,1,0,6,3,12,95.0,0,5,10.0,0,1.0,Muslim extremists
20957,1988,12,15,0,43,3,250,1544,-33.366238,-70.505302,1.0,0,0.0,1,0,3,1,1961,43.0,0,6,0.0,1,0.0,Manuel Rodriguez Patriotic Front (FPMR)
12279,1984,5,29,0,92,6,318,24,31.147131,75.341218,4.0,0,0.0,0,0,3,19,1825,92.0,0,6,0.0,0,0.0,Sikh Extremists
60173,2014,5,14,1,4,6,473,2663,34.3425,61.746667,3.0,0,0.0,1,0,6,12,3174,422.0,0,5,1.0,0,1.0,Taliban
22571,1989,7,25,0,159,3,256,1556,-11.967368,-76.978462,1.0,0,1.0,1,0,3,1,1119,159.0,0,6,0.0,1,0.0,Tupac Amaru Revolutionary Movement (MRTA)
67343,2015,5,3,1,4,6,472,2599,36.781832,71.076543,3.0,0,1.0,1,0,2,3,20,4.0,0,5,1.0,1,-9.0,Taliban
13598,1985,4,11,0,43,3,250,1551,-33.686068,-71.216633,1.0,0,0.0,1,0,3,19,56,43.0,0,6,0.0,1,0.0,Manuel Rodriguez Patriotic Front (FPMR)
35141,1996,3,10,0,160,5,7,15,6.929089,122.07885,1.0,0,0.0,1,0,3,15,35,160.0,0,6,1.0,1,0.0,Abu Sayyaf Group (ASG)
40831,2003,4,18,0,45,3,346,2304,3.538611,-74.896111,1.0,0,0.0,1,0,2,4,2732,45.0,0,5,3.0,0,0.0,Revolutionary Armed Forces of Colombia (FARC)
51946,2012,5,12,0,228,10,50,241,15.325443,44.211895,1.0,0,0.0,0,0,6,7,491,32.0,0,5,0.0,0,0.0,Al-Qaida in the Arabian Peninsula (AQAP)
15770,1986,6,13,0,159,3,256,1556,-11.967368,-76.978462,1.0,1,1.0,1,0,3,9,3363,159.0,0,6,0.0,1,0.0,Tupac Amaru Revolutionary Movement (MRTA)
42551,2005,12,9,0,45,3,327,2289,6.1429,-75.18417,1.0,0,0.0,1,0,3,4,2718,45.0,0,6,4.0,-9,0.0,Revolutionary Armed Forces of Colombia (FARC)
64839,2015,1,2,0,147,11,104,979,9.636866,8.499615,3.0,0,0.0,1,0,1,14,1346,147.0,0,5,1.0,1,0.0,Fulani extremists
4692,1979,2,3,0,97,10,412,2215,31.771599,35.2034,1.0,0,0.0,1,0,3,14,2554,97.0,0,6,1.0,1,0.0,Palestinians
41219,2003,12,24,0,185,8,81,426,43.267549,-1.975814,1.0,0,1.0,0,0,3,19,737,185.0,0,6,0.0,0,0.0,Basque Fatherland and Freedom (ETA)
28070,1991,8,7,0,159,3,441,2814,-6.613881,-76.695042,1.0,0,0.0,1,0,2,14,3348,159.0,0,5,1.0,1,0.0,Tupac Amaru Revolutionary Movement (MRTA)
8568,1982,4,4,0,155,10,410,2245,31.803923,35.325162,1.0,0,0.0,0,0,3,1,2607,97.0,0,6,0.0,0,0.0,Palestinians
35565,1996,8,14,0,45,3,327,1867,5.74514,-75.97625,1.0,0,0.0,1,0,2,3,175,45.0,0,5,0.0,1,0.0,National Liberation Army of Colombia (ELN)
74504,2016,5,20,0,153,6,484,2708,34.006004,71.53743,1.0,1,0.0,1,1,3,20,6,153.0,0,6,3.0,0,0.0,Tehrik-i-Taliban Pakistan (TTP)
7205,1980,12,29,0,97,10,245,1783,31.670221,34.576403,2.0,1,0.0,1,0,3,4,2636,97.0,0,6,0.0,0,0.0,Palestinians
79240,2017,3,3,0,92,6,118,622,23.505758,84.570792,2.0,0,1.0,0,0,3,3,85,92.0,0,6,0.0,0,0.0,Communist Party of India - Maoist (CPI-Maoist)
10494,1983,7,7,0,45,3,327,1825,6.242026,-75.564766,1.0,0,0.0,1,0,2,2,2227,45.0,0,5,0.0,0,1.0,National Liberation Army of Colombia (ELN)
67194,2015,4,26,0,214,9,135,797,48.064426,37.673248,1.0,1,1.0,1,0,3,4,48,214.0,0,6,0.0,-9,0.0,Donetsk People's Republic
42188,2005,7,13,0,186,6,206,1435,8.457907,81.268402,1.0,0,0.0,1,0,3,12,6,186.0,0,6,0.0,-9,0.0,Liberation Tigers of Tamil Eelam (LTTE)
29458,1992,1,14,0,45,3,324,1854,8.833351,-73.200031,3.0,0,0.0,1,0,3,21,2206,45.0,0,6,0.0,1,0.0,National Liberation Army of Colombia (ELN)
31537,1992,10,20,0,209,10,210,1347,37.522653,42.452637,1.0,0,0.0,1,0,2,19,1692,209.0,0,8,1.0,1,0.0,Kurdistan Workers' Party (PKK)
55038,2013,4,4,0,228,10,169,1117,16.8884,44.2738,3.0,0,0.0,1,0,8,8,1371,228.0,0,9,0.0,0,0.0,Houthi extremists (Ansar Allah)
46709,2009,6,19,0,153,6,389,2732,34.856902,71.429936,3.0,0,0.0,1,0,3,8,3229,153.0,0,6,0.0,1,0.0,Tehrik-i-Taliban Pakistan (TTP)
43288,2006,9,8,0,186,6,206,1438,7.733107,81.68882,1.0,0,0.0,1,0,3,1,6,186.0,0,6,2.0,1,0.0,Liberation Tigers of Tamil Eelam (LTTE)
42726,2006,2,6,0,141,6,241,1642,27.954031,84.135948,1.0,1,0.0,1,0,3,3,2066,141.0,0,6,1.0,-9,0.0,Maoists
18033,1987,9,11,0,159,3,256,1556,-11.967368,-76.978462,1.0,0,1.0,1,0,3,1,3336,159.0,0,6,0.0,1,0.0,Tupac Amaru Revolutionary Movement (MRTA)
28498,1991,9,26,0,159,3,256,1556,-11.967368,-76.978462,1.0,0,1.0,1,0,3,1,1110,159.0,0,6,0.0,1,0.0,Shining Path (SL)
30150,1992,4,20,0,159,3,430,2822,-11.056033,-75.328236,1.0,0,0.0,1,0,2,4,1591,159.0,0,5,5.0,1,0.0,Tupac Amaru Revolutionary Movement (MRTA)
80471,2017,5,23,0,92,6,118,667,23.80224,85.74643,1.0,1,0.0,1,0,3,19,989,92.0,0,6,0.0,0,0.0,Communist Party of India - Maoist (CPI-Maoist)
81874,2017,8,12,0,182,11,63,304,2.085523,45.40279,1.0,0,0.0,1,0,2,4,345,182.0,0,5,1.0,1,0.0,Al-Shabaab
9617,1983,1,6,0,603,8,178,1225,54.103436,-6.193593,1.0,0,0.0,1,0,2,3,1552,233.0,0,5,2.0,1,0.0,Irish Republican Army (IRA)
20517,1988,10,15,0,183,11,23,141,-26.916982,27.484439,1.0,0,1.0,1,0,1,2,256,183.0,0,6,0.0,0,0.0,African National Congress (South Africa)
29516,1992,1,22,0,603,8,178,1180,55.011562,-7.312045,1.0,0,1.0,1,0,3,1,805,233.0,0,6,0.0,1,0.0,Irish Republican Army (IRA)
60187,2014,5,15,0,167,9,282,1766,42.98542,47.450668,1.0,0,0.0,1,0,2,3,12,167.0,0,5,3.0,0,0.0,Muslim extremists
30983,1992,8,14,0,155,10,306,2221,31.346964,34.30143,1.0,0,0.0,1,0,1,14,2646,155.0,0,5,1.0,0,0.0,Palestinians
71514,2015,12,1,0,228,10,57,279,13.586484,44.024105,1.0,0,0.0,1,0,3,14,1226,228.0,0,6,0.0,-9,0.0,Houthi extremists (Ansar Allah)
28797,1991,10,23,0,209,10,232,24,38.943543,41.748498,4.0,0,0.0,1,0,2,19,1701,209.0,0,5,1.0,1,0.0,Kurdistan Workers' Party (PKK)
26494,1991,1,7,0,92,6,120,2508,23.332078,86.365208,1.0,0,0.0,1,0,2,3,412,92.0,0,5,0.0,1,0.0,Sikh Extremists
30217,1992,5,4,0,159,3,440,2414,-5.8225,-79.512222,2.0,0,0.0,1,0,2,21,2891,159.0,0,5,0.0,1,0.0,Shining Path (SL)
5275,1979,6,14,0,185,8,81,388,43.291618,-1.977903,1.0,0,0.0,1,0,3,14,708,185.0,0,6,0.0,1,0.0,Basque Fatherland and Freedom (ETA)
55269,2013,4,27,0,228,10,47,245,14.54397,49.12458,1.0,0,0.0,1,0,1,4,504,228.0,0,5,1.0,0,0.0,Al-Qaida in the Arabian Peninsula (AQAP)
37733,1999,11,17,0,45,3,327,1891,6.270526,-75.572173,3.0,0,0.0,1,0,3,21,2779,45.0,0,6,0.0,1,0.0,Revolutionary Armed Forces of Colombia (FARC)
40485,2002,12,13,0,147,11,110,492,9.933381,8.885243,1.0,0,0.0,1,0,2,14,1343,147.0,0,5,14.0,0,0.0,Fulani extremists
76376,2016,9,10,0,185,8,89,1771,42.026548,-1.577787,1.0,0,0.0,1,0,7,15,842,185.0,1,8,0.0,1,0.0,Muslim extremists
43769,2007,5,24,0,4,6,457,2587,31.550039,65.45263,3.0,0,0.0,1,0,3,3,6,4.0,0,6,4.0,1,0.0,Taliban
62130,2014,8,9,0,95,10,33,1272,35.499439,43.234894,1.0,0,0.0,0,0,1,3,1620,95.0,0,6,0.0,1,0.0,Islamic State of Iraq and the Levant (ISIL)
8387,1982,2,12,0,69,8,128,767,43.529742,5.447427,1.0,0,0.0,1,0,3,14,1123,69.0,0,6,0.0,1,0.0,Corsican National Liberation Front (FLNC)
69698,2015,8,24,0,228,10,57,279,13.586484,44.024105,1.0,0,0.0,1,0,3,14,547,228.0,0,6,13.0,1,0.0,Houthi extremists (Ansar Allah)
48042,2010,5,17,0,92,6,119,690,18.555268,81.537572,1.0,1,0.0,1,0,3,19,1021,92.0,0,6,36.0,1,0.0,Communist Party of India - Maoist (CPI-Maoist)
68612,2015,7,2,0,104,11,62,358,3.935663,41.855023,2.0,0,0.0,1,0,2,14,613,104.0,0,5,9.0,0,0.0,Al-Shabaab
55300,2013,4,29,0,208,10,293,1755,35.239591,8.750597,1.0,1,1.0,1,0,3,4,48,208.0,0,6,0.0,0,0.0,Muslim extremists
71797,2015,12,19,0,173,10,58,1128,17.554939,44.232357,1.0,0,0.0,1,0,3,14,1381,92.0,0,6,3.0,0,0.0,Houthi extremists (Ansar Allah)
47419,2009,12,8,0,95,10,30,177,33.303566,44.371773,1.0,0,1.0,1,1,3,2,355,95.0,0,6,26.0,-9,0.0,Al-Qaida in Iraq
75496,2016,7,16,0,60,10,266,1714,28.087597,30.761305,1.0,0,0.0,1,0,7,14,2116,60.0,0,8,0.0,1,0.0,Muslim extremists
83138,2017,11,15,0,147,11,100,500,11.53955,13.155654,2.0,0,1.0,1,1,3,14,602,147.0,0,6,5.0,1,0.0,Boko Haram
30104,1992,4,13,0,159,3,256,1556,-11.967368,-76.978462,1.0,0,0.0,1,0,3,4,2917,159.0,0,6,1.0,1,0.0,Shining Path (SL)
59846,2014,4,28,0,92,6,117,1668,25.180788,85.965391,3.0,0,0.0,1,0,3,3,167,92.0,0,6,0.0,1,0.0,Maoists
48769,2010,10,18,0,92,6,119,691,18.667221,81.671991,1.0,0,0.0,1,0,7,1,1022,92.0,0,8,0.0,1,0.0,Communist Party of India - Maoist (CPI-Maoist)
23980,1989,12,29,0,155,10,306,2216,31.502407,34.459743,1.0,0,0.0,1,0,1,14,2550,155.0,0,9,1.0,0,0.0,Palestinians
71636,2015,12,11,0,37,11,109,493,11.162543,14.013976,1.0,0,0.0,1,1,3,14,13,37.0,0,6,8.0,-9,0.0,Boko Haram
5857,1979,11,19,0,97,10,412,2215,31.771599,35.2034,1.0,0,0.0,1,0,3,19,56,97.0,0,6,0.0,1,0.0,Palestinians
62826,2014,9,16,0,200,10,37,190,33.515244,36.292084,1.0,1,1.0,1,0,3,14,558,200.0,0,6,0.0,-9,0.0,Muslim extremists
6592,1980,5,8,0,185,8,81,440,43.32422,-1.91447,1.0,0,0.0,1,0,1,1,778,185.0,0,5,1.0,0,0.0,Basque Fatherland and Freedom (ETA)
46216,2009,3,10,0,186,6,245,1480,5.944433,80.549945,1.0,0,0.0,1,1,3,14,13,186.0,0,6,10.0,1,0.0,Liberation Tigers of Tamil Eelam (LTTE)
45535,2008,9,20,0,45,3,343,2322,3.88182,-77.07042,1.0,0,0.0,1,0,3,2,2759,45.0,0,6,0.0,1,0.0,Revolutionary Armed Forces of Colombia (FARC)
20569,1988,10,23,0,186,6,206,1436,7.716666,81.700188,3.0,0,0.0,1,0,2,4,12,92.0,0,5,3.0,1,0.0,Liberation Tigers of Tamil Eelam (LTTE)
80526,2017,5,26,0,92,6,118,647,23.90477,85.70469,1.0,0,0.0,1,0,6,14,967,92.0,0,5,1.0,0,1.0,Communist Party of India - Maoist (CPI-Maoist)
78094,2016,12,17,0,92,6,259,1613,17.742874,81.396271,1.0,0,0.0,0,0,3,20,6,92.0,0,6,0.0,0,0.0,Maoists
15624,1986,5,16,0,145,2,392,2154,13.496103,-85.916342,1.0,0,0.0,1,0,2,4,1245,145.0,0,5,1.0,1,0.0,Nicaraguan Democratic Force (FDN)
12082,1984,4,22,0,145,2,391,2091,13.367126,-85.672322,1.0,0,0.0,1,0,2,4,1239,145.0,0,5,1.0,1,0.0,Nicaraguan Democratic Force (FDN)
42222,2005,7,28,0,69,8,126,753,42.699997,9.447317,1.0,0,1.0,1,0,3,1,1132,69.0,0,6,0.0,1,0.0,Corsican National Liberation Front (FLNC)
53897,2012,11,21,0,153,6,486,2711,24.891115,67.143311,1.0,0,1.0,1,0,3,15,3224,153.0,0,6,1.0,-9,0.0,Tehrik-i-Taliban Pakistan (TTP)
52917,2012,8,11,0,4,6,464,2615,33.598633,69.228996,1.0,0,0.0,1,0,3,3,409,4.0,0,6,4.0,1,0.0,Taliban
20805,1988,11,25,0,43,3,251,1554,-37.092019,-73.154582,1.0,0,0.0,1,0,3,21,1915,43.0,0,6,0.0,1,0.0,Manuel Rodriguez Patriotic Front (FPMR)
11372,1984,1,8,0,145,2,400,2114,13.00583,-87.50278,1.0,0,0.0,1,0,3,11,2480,145.0,0,5,1.0,1,0.0,Nicaraguan Democratic Force (FDN)
60386,2014,5,24,0,228,10,47,254,15.940011,48.789753,1.0,0,1.0,1,0,3,2,251,228.0,0,6,3.0,-9,0.0,Al-Qaida in the Arabian Peninsula (AQAP)
31178,1992,9,8,0,603,8,178,1179,54.607712,-5.95621,1.0,0,0.0,1,0,3,3,823,233.0,0,6,0.0,1,0.0,Irish Republican Army (IRA)
64197,2014,11,26,0,113,10,275,1730,32.521721,11.916862,1.0,0,0.0,1,0,3,17,2125,113.0,0,6,1.0,-9,0.0,Muslim extremists
73544,2016,3,25,0,4,6,477,2638,36.967715,67.056002,1.0,0,1.0,1,0,2,4,172,4.0,0,5,2.0,0,0.0,Taliban
7164,1980,12,6,0,603,8,178,1218,54.819164,-7.467909,1.0,0,0.0,1,0,1,14,1537,233.0,0,5,1.0,0,0.0,Irish Republican Army (IRA)
17495,1987,6,23,0,160,5,347,1915,15.544809,120.763556,1.0,0,0.0,1,0,5,14,2328,160.0,0,5,0.0,1,1.0,New People's Army (NPA)
31334,1992,9,23,0,97,10,412,2215,31.771599,35.2034,1.0,0,0.0,0,0,1,14,2606,97.0,0,9,0.0,0,0.0,Palestinians
13006,1984,11,6,0,145,2,403,1843,12.298125,-86.596842,1.0,0,0.0,1,0,2,14,2519,145.0,0,5,1.0,1,0.0,Nicaraguan Democratic Force (FDN)
28308,1991,9,3,0,61,2,145,924,13.498416,-89.52027,1.0,0,0.0,1,0,3,21,1238,61.0,0,6,0.0,1,0.0,Farabundo Marti National Liberation Front (FMLN)
17214,1987,5,5,0,61,2,143,865,13.64121,-88.785423,1.0,0,1.0,1,0,2,4,1245,61.0,0,5,2.0,1,0.0,Farabundo Marti National Liberation Front (FMLN)
5843,1979,11,15,0,183,11,19,132,-26.252697,27.870275,1.0,0,0.0,1,0,3,3,240,183.0,0,5,2.0,1,0.0,African National Congress (South Africa)
64911,2015,1,6,0,228,10,52,262,14.0475,45.381111,3.0,0,0.0,1,0,1,14,474,228.0,0,5,5.0,1,0.0,Al-Qaida in the Arabian Peninsula (AQAP)
10278,1983,5,27,0,159,3,256,1556,-11.967368,-76.978462,1.0,0,0.0,1,0,3,1,2908,217.0,0,6,1.0,1,0.0,Shining Path (SL)
47666,2010,2,23,0,92,6,124,646,18.286666,82.586806,1.0,0,0.0,1,0,7,16,966,92.0,0,8,0.0,1,0.0,Communist Party of India - Maoist (CPI-Maoist)
15800,1986,6,16,0,183,11,19,114,-25.412439,28.007093,1.0,0,0.0,1,0,3,4,212,183.0,0,6,3.0,1,0.0,African National Congress (South Africa)
6049,1980,1,3,0,155,10,410,2211,32.222271,35.253506,1.0,0,0.0,0,0,3,8,2582,155.0,0,6,0.0,0,0.0,Palestinians
13862,1985,5,16,0,61,2,148,24,13.447063,-88.556531,4.0,0,1.0,1,0,3,21,1251,61.0,0,6,0.0,1,0.0,Farabundo Marti National Liberation Front (FMLN)
77077,2016,10,19,0,173,10,172,1137,16.451439,42.904686,1.0,0,0.0,1,0,3,4,0,173.0,0,6,0.0,-9,0.0,Houthi extremists (Ansar Allah)
29687,1992,2,15,0,160,5,358,1987,8.801867,126.30035,1.0,0,0.0,1,0,2,4,412,160.0,0,5,42.0,1,0.0,New People's Army (NPA)
58900,2014,3,6,0,147,11,155,962,7.689167,9.250278,3.0,0,1.0,1,0,2,14,27,147.0,0,5,6.0,1,0.0,Fulani extremists
28199,1991,8,19,0,61,2,137,859,13.883333,-88.966667,1.0,0,0.0,1,0,2,4,412,61.0,0,5,11.0,1,0.0,Farabundo Marti National Liberation Front (FMLN)
16122,1986,8,22,0,183,11,18,92,-29.965819,30.882976,1.0,0,0.0,1,0,1,22,273,183.0,0,6,1.0,0,0.0,African National Congress (South Africa)
66167,2015,3,5,1,160,5,4,21,7.317287,122.875178,1.0,0,0.0,1,0,6,8,22,160.0,0,5,0.0,0,1.0,Abu Sayyaf Group (ASG)
63850,2014,11,6,0,60,10,297,1763,30.084629,31.334314,1.0,0,0.0,1,0,3,14,563,60.0,0,6,0.0,1,0.0,Muslim extremists
47048,2009,8,27,0,185,8,81,383,43.15256,-3.028622,1.0,0,0.0,1,0,7,14,659,185.0,0,8,0.0,1,0.0,Basque Fatherland and Freedom (ETA)
21292,1989,1,30,0,61,2,140,912,14.15695,-89.011475,1.0,0,0.0,1,0,2,14,1295,61.0,0,5,0.0,1,0.0,Farabundo Marti National Liberation Front (FMLN)
12491,1984,7,16,0,145,2,402,2156,14.13638,-83.944069,1.0,0,0.0,1,0,2,14,2507,145.0,0,5,1.0,1,0.0,Nicaraguan Democratic Force (FDN)
56564,2013,8,26,0,160,5,14,2007,10.817626,119.499057,1.0,0,0.0,1,0,3,4,2398,160.0,0,6,0.0,-9,0.0,New People's Army (NPA)
55953,2013,7,5,0,60,10,268,1718,31.27591,34.217949,1.0,0,1.0,1,0,3,4,167,60.0,0,6,0.0,0,0.0,Muslim extremists
32427,1994,2,7,0,45,3,331,1827,7.116294,-73.120026,1.0,0,0.0,1,0,3,2,2203,45.0,0,6,0.0,1,0.0,National Liberation Army of Colombia (ELN)
5119,1979,5,7,0,69,8,126,24,41.918891,8.737554,4.0,0,0.0,1,0,3,20,1154,69.0,0,6,0.0,1,0.0,Corsican National Liberation Front (FLNC)
59177,2014,3,21,0,160,5,353,1998,12.004208,123.998959,2.0,0,0.0,1,0,2,14,2390,160.0,0,5,1.0,0,0.0,New People's Army (NPA)
49316,2011,2,22,0,92,6,124,625,17.72726,81.189156,1.0,1,0.0,1,0,7,1,944,92.0,0,8,0.0,1,0.0,Communist Party of India - Maoist (CPI-Maoist)
29908,1992,3,19,0,209,10,213,1369,37.415668,41.371505,1.0,0,0.0,1,0,1,2,1698,209.0,0,5,1.0,0,0.0,Kurdistan Workers' Party (PKK)
19842,1988,6,25,0,186,6,242,1508,9.247688,80.137276,2.0,0,0.0,1,0,2,4,1435,92.0,0,5,1.0,1,0.0,Liberation Tigers of Tamil Eelam (LTTE)
57639,2013,12,7,0,228,10,169,1136,17.04146,44.107291,3.0,0,1.0,1,0,3,15,354,228.0,0,6,0.0,1,0.0,Houthi extremists (Ansar Allah)
4907,1979,3,23,0,185,8,81,394,43.291618,-1.977903,1.0,0,0.0,1,0,3,1,672,69.0,0,6,0.0,1,0.0,Basque Fatherland and Freedom (ETA)
55105,2013,4,11,0,92,6,117,1591,24.656056,84.435647,2.0,1,1.0,1,0,3,3,405,92.0,0,6,0.0,1,0.0,Maoists
35615,1996,8,29,0,186,6,241,1498,6.725196,79.918392,1.0,0,0.0,1,0,2,3,1577,186.0,0,5,29.0,1,0.0,Liberation Tigers of Tamil Eelam (LTTE)
76310,2016,9,5,0,45,3,324,1816,8.251932,-73.353994,3.0,0,0.0,0,0,3,20,6,45.0,0,6,0.0,0,0.0,National Liberation Army of Colombia (ELN)
80516,2017,5,25,0,160,5,0,17,6.491515,122.141717,1.0,0,0.0,1,0,2,3,18,160.0,0,6,2.0,-9,0.0,Abu Sayyaf Group (ASG)
77565,2016,11,15,1,147,11,114,975,8.658925,7.259186,2.0,0,0.0,1,0,6,14,13,147.0,0,5,1.0,1,1.0,Fulani extremists
78351,2017,1,5,0,200,10,201,1288,35.361572,35.927155,1.0,0,0.0,1,1,3,1,1630,200.0,0,6,12.0,1,0.0,Islamic State of Iraq and the Levant (ISIL)
59545,2014,4,10,0,92,6,119,722,18.505515,81.555435,3.0,0,1.0,1,0,7,2,2049,92.0,0,5,0.0,-9,0.0,Maoists
55044,2013,4,1,0,92,6,122,664,20.397205,82.882905,1.0,0,0.0,1,0,2,1,985,92.0,0,6,0.0,1,0.0,Communist Party of India - Maoist (CPI-Maoist)
16605,1987,1,9,0,183,11,25,157,-33.978578,18.580468,1.0,1,0.0,1,0,3,3,196,183.0,0,6,1.0,0,0.0,African National Congress (South Africa)
8672,1982,4,24,0,155,10,410,2233,32.460617,35.301247,1.0,0,0.0,1,0,2,4,2575,97.0,0,8,0.0,1,0.0,Palestinians
79632,2017,3,30,0,95,10,34,184,36.354145,43.14357,1.0,0,0.0,1,0,3,14,334,95.0,0,6,7.0,1,0.0,Islamic State of Iraq and the Levant (ISIL)
63758,2014,11,1,0,214,9,135,792,47.981647,37.762325,1.0,0,1.0,1,0,2,4,1194,214.0,0,6,1.0,-9,0.0,Donetsk People's Republic
53646,2012,10,25,0,153,6,484,2787,34.833333,72.441667,1.0,0,0.0,1,0,2,17,3293,153.0,0,5,1.0,0,0.0,Tehrik-i-Taliban Pakistan (TTP)
7766,1981,6,24,0,185,8,89,404,42.815372,-1.653616,1.0,0,0.0,1,0,3,8,695,185.0,0,6,0.0,1,0.0,Basque Fatherland and Freedom (ETA)
30931,1992,8,5,0,69,8,128,777,43.696036,7.265592,1.0,0,0.0,1,0,3,1,410,69.0,0,6,0.0,1,0.0,Corsican National Liberation Front (FLNC)
76977,2016,10,13,0,200,10,187,1720,36.201721,37.14352,1.0,0,0.0,1,0,3,8,51,200.0,0,6,4.0,1,0.0,Muslim extremists
20875,1988,12,5,0,43,3,254,1552,-38.734133,-72.584651,1.0,0,0.0,1,0,3,21,1290,43.0,0,6,0.0,1,0.0,Manuel Rodriguez Patriotic Front (FPMR)
17147,1987,4,25,0,603,8,178,1219,54.673252,-7.627484,1.0,0,0.0,1,0,1,2,1538,233.0,0,6,2.0,1,0.0,Irish Republican Army (IRA)
14534,1985,9,22,0,61,2,141,867,13.491242,-88.173134,1.0,0,0.0,1,0,2,1,1293,61.0,0,5,0.0,1,0.0,Farabundo Marti National Liberation Front (FMLN)
67941,2015,5,29,0,214,9,135,794,48.363186,37.891922,1.0,1,0.0,1,0,3,4,48,214.0,0,6,0.0,-9,0.0,Donetsk People's Republic
41611,2004,9,19,0,209,10,215,1337,36.802461,34.629759,1.0,0,0.0,1,0,3,14,1661,209.0,0,6,0.0,1,0.0,Kurdistan Workers' Party (PKK)
48313,2010,7,7,0,95,10,29,176,33.31065,44.038208,1.0,0,1.0,1,0,3,17,337,95.0,0,6,0.0,1,0.0,Al-Qaida in Iraq
36364,1997,7,4,0,45,3,327,2298,7.883605,-76.631923,1.0,1,1.0,1,0,2,19,56,45.0,0,8,0.0,1,0.0,Revolutionary Armed Forces of Colombia (FARC)
16023,1986,7,29,0,159,3,432,2391,-13.152712,-74.218628,1.0,0,0.0,1,0,3,21,2860,159.0,0,6,0.0,1,0.0,Shining Path (SL)
78355,2017,1,6,0,228,10,50,241,15.325443,44.211895,1.0,0,0.0,1,0,5,14,13,228.0,0,5,0.0,0,1.0,Houthi extremists (Ansar Allah)
1529,1973,11,13,0,603,8,178,1179,54.607712,-5.95621,1.0,0,0.0,1,0,1,14,1527,233.0,0,5,1.0,0,0.0,Irish Republican Army (IRA)
17932,1987,8,26,0,159,3,432,2416,-12.955214,-74.252729,1.0,0,1.0,1,0,3,21,1970,159.0,0,6,0.0,1,0.0,Shining Path (SL)
20299,1988,9,12,0,92,6,447,2480,28.585836,77.153336,1.0,0,0.0,1,0,3,19,56,92.0,0,6,1.0,1,0.0,Sikh Extremists
79876,2017,4,15,0,95,10,34,184,36.354145,43.14357,1.0,0,1.0,1,0,3,4,0,95.0,0,2,0.0,-9,0.0,Islamic State of Iraq and the Levant (ISIL)
10807,1983,9,11,0,183,11,19,96,-26.184113,28.033232,1.0,0,0.0,1,0,3,21,220,183.0,0,6,0.0,1,0.0,African National Congress (South Africa)
29729,1992,2,21,0,45,3,329,1828,8.69053,-73.66254,3.0,0,0.0,1,0,3,21,2206,45.0,0,6,0.0,1,0.0,National Liberation Army of Colombia (ELN)
11512,1984,2,2,0,185,8,81,382,43.258434,-2.921819,1.0,0,0.0,1,0,3,1,760,69.0,0,6,0.0,1,0.0,Basque Fatherland and Freedom (ETA)
66822,2015,4,4,0,4,6,466,2605,35.571247,64.429814,2.0,0,1.0,1,0,2,3,20,4.0,0,5,1.0,0,0.0,Taliban
13052,1984,11,14,0,145,2,407,2131,13.611277,-84.866885,3.0,1,0.0,1,0,3,2,2492,145.0,0,6,1.0,1,0.0,Nicaraguan Democratic Force (FDN)
44726,2008,4,10,0,92,6,117,648,25.069122,84.016578,3.0,0,0.0,1,0,2,14,968,92.0,0,5,6.0,0,0.0,Communist Party of India - Maoist (CPI-Maoist)
24063,1990,1,13,0,43,3,250,1544,-33.366238,-70.505302,1.0,0,0.0,1,0,3,19,1929,43.0,0,6,0.0,1,0.0,Manuel Rodriguez Patriotic Front (FPMR)
47461,2009,12,25,0,153,6,485,2708,34.006004,71.53743,1.0,0,0.0,1,0,3,8,3223,153.0,0,6,0.0,1,0.0,Tehrik-i-Taliban Pakistan (TTP)
50471,2011,11,21,0,209,10,213,1370,37.080181,41.220196,1.0,0,0.0,1,0,2,4,1708,209.0,0,5,1.0,-9,0.0,Kurdistan Workers' Party (PKK)
35755,1996,9,27,0,45,3,324,1830,7.933383,-72.600048,3.0,0,0.0,1,0,2,4,1460,45.0,0,5,2.0,1,0.0,National Liberation Army of Colombia (ELN)
56611,2013,8,30,0,60,10,268,1726,31.126646,33.800865,1.0,0,0.0,1,0,3,1,1106,60.0,0,6,0.0,1,0.0,Muslim extremists
37480,1999,7,4,0,209,10,193,1262,41.106178,28.689863,1.0,0,0.0,1,0,3,14,1669,209.0,0,6,1.0,1,0.0,Kurdistan Workers' Party (PKK)
67540,2015,5,12,0,4,6,473,2637,33.306127,62.156823,3.0,0,1.0,1,0,2,4,172,4.0,0,5,7.0,-9,0.0,Taliban
12639,1984,8,14,0,159,3,438,2408,-8.872222,-77.893611,1.0,0,0.0,1,0,2,4,1249,159.0,0,5,25.0,1,0.0,Shining Path (SL)
18062,1987,9,15,0,61,2,139,853,13.69288,-89.199161,1.0,0,0.0,1,0,2,4,1249,61.0,0,5,15.0,1,0.0,Farabundo Marti National Liberation Front (FMLN)
16578,1987,1,5,0,159,3,432,2391,-13.152712,-74.218628,1.0,0,0.0,1,0,1,2,2922,159.0,0,5,3.0,0,0.0,Shining Path (SL)
76664,2016,9,23,0,153,6,389,2768,34.711784,71.171524,1.0,0,1.0,0,0,2,4,2055,153.0,0,5,0.0,0,0.0,Tehrik-i-Taliban Pakistan (TTP)
15972,1986,7,21,0,43,3,250,1544,-33.366238,-70.505302,1.0,0,0.0,1,0,3,2,1935,43.0,0,6,0.0,1,0.0,Manuel Rodriguez Patriotic Front (FPMR)
12523,1984,7,25,0,145,2,392,2077,13.564251,-86.02984,1.0,0,0.0,1,0,2,4,1239,145.0,0,5,12.0,1,0.0,Nicaraguan Democratic Force (FDN)
15143,1986,2,4,0,159,3,256,1556,-11.967368,-76.978462,1.0,0,0.0,1,0,3,2,2911,159.0,0,6,0.0,1,0.0,Shining Path (SL)
33018,1994,5,15,0,155,10,306,2227,31.308194,34.287996,1.0,1,0.0,1,0,2,4,12,97.0,0,5,0.0,1,0.0,Palestinians
13586,1985,4,9,0,43,3,250,1544,-33.366238,-70.505302,1.0,0,0.0,1,0,3,14,1940,43.0,0,6,0.0,1,0.0,Manuel Rodriguez Patriotic Front (FPMR)
26710,1991,2,6,0,45,3,331,24,6.643708,-73.653621,4.0,1,1.0,1,0,3,21,2713,45.0,0,6,0.0,1,0.0,Revolutionary Armed Forces of Colombia (FARC)
68079,2015,6,5,0,173,10,58,24,17.567896,44.233563,4.0,0,1.0,1,0,2,4,48,173.0,0,6,14.0,-9,0.0,Houthi extremists (Ansar Allah)
15240,1986,2,26,0,159,3,256,2432,-12.38394,-76.136119,1.0,0,0.0,1,0,3,19,2907,159.0,0,6,0.0,1,0.0,Shining Path (SL)
79809,2017,4,8,0,200,10,202,1291,33.327676,38.6559,1.0,0,1.0,1,1,3,4,1633,422.0,0,6,9.0,-9,0.0,Islamic State of Iraq and the Levant (ISIL)
41525,2004,7,31,0,186,6,241,1437,6.941837,79.861687,1.0,0,0.0,1,0,1,4,1809,186.0,0,5,1.0,0,0.0,Liberation Tigers of Tamil Eelam (LTTE)
31962,1992,12,3,0,69,8,126,24,41.918891,8.737554,4.0,0,1.0,1,0,3,2,410,69.0,0,6,0.0,1,0.0,Corsican National Liberation Front (FLNC)
9351,1982,10,27,0,61,2,144,24,13.864829,-88.7494,4.0,0,0.0,1,0,2,4,1239,61.0,0,5,76.0,1,0.0,Farabundo Marti National Liberation Front (FMLN)
12094,1984,4,23,0,145,2,391,2076,13.45396,-85.64027,1.0,0,0.0,1,0,2,4,1239,145.0,0,5,0.0,1,0.0,Nicaraguan Democratic Force (FDN)
31066,1992,8,26,0,92,6,264,2507,28.263681,78.403733,1.0,0,0.0,1,0,1,3,3017,92.0,0,5,7.0,0,0.0,Sikh Extremists
46188,2009,3,1,0,160,5,5,1986,7.371271,125.49612,2.0,1,0.0,1,0,7,16,2381,160.0,0,8,0.0,1,0.0,New People's Army (NPA)
8602,1982,4,14,0,97,10,410,2249,31.701906,35.22699,1.0,0,0.0,1,0,7,3,175,97.0,0,8,1.0,1,0.0,Palestinians
69783,2015,8,28,0,147,11,100,513,12.70277,13.217873,1.0,0,0.0,1,0,2,14,27,147.0,0,5,68.0,1,0.0,Boko Haram
21491,1989,2,21,0,43,3,250,1544,-33.366238,-70.505302,1.0,0,0.0,0,0,3,2,1925,43.0,0,6,0.0,1,0.0,Manuel Rodriguez Patriotic Front (FPMR)
75668,2016,7,28,0,173,10,172,1120,16.893194,42.57526,1.0,0,0.0,1,0,3,14,844,173.0,0,6,0.0,-9,0.0,Houthi extremists (Ansar Allah)
18803,1988,1,24,0,61,2,140,854,14.12458,-89.293171,1.0,0,0.0,1,0,2,4,1239,61.0,0,5,15.0,1,0.0,Farabundo Marti National Liberation Front (FMLN)
14824,1985,11,26,0,183,11,26,130,-23.00124,29.768678,1.0,0,0.0,1,0,3,14,237,183.0,0,6,0.0,1,0.0,African National Congress (South Africa)
14491,1985,9,9,0,61,2,142,862,13.505945,-88.897676,1.0,0,0.0,1,0,2,4,1239,61.0,0,5,1.0,1,0.0,Farabundo Marti National Liberation Front (FMLN)
18651,1987,12,28,0,61,2,145,891,13.876111,-89.359722,1.0,0,0.0,1,0,2,4,1270,61.0,0,5,0.0,1,0.0,Farabundo Marti National Liberation Front (FMLN)
60356,2014,5,23,0,228,10,173,24,16.256921,43.943679,4.0,0,0.0,1,0,3,15,1380,228.0,0,6,0.0,1,0.0,Houthi extremists (Ansar Allah)
19985,1988,7,18,0,159,3,432,2391,-13.163874,-74.223564,2.0,1,1.0,1,0,3,21,1954,159.0,0,6,0.0,1,0.0,Shining Path (SL)
11346,1984,1,2,0,145,2,392,2080,13.642491,-86.309214,1.0,0,0.0,1,0,2,14,2462,145.0,0,5,1.0,1,0.0,Nicaraguan Democratic Force (FDN)
1521,1973,10,28,0,96,8,183,1211,54.83279,-7.481274,1.0,0,0.0,1,0,1,4,1517,96.0,0,5,1.0,0,0.0,Irish Republican Army (IRA)
59922,2014,5,2,0,4,6,475,2624,34.648054,70.187406,1.0,0,0.0,1,0,3,3,3171,4.0,0,6,0.0,1,0.0,Taliban
52994,2012,8,16,0,95,10,29,199,33.457222,44.086389,1.0,0,1.0,1,0,2,3,20,95.0,0,5,4.0,0,0.0,Al-Qaida in Iraq
35831,1996,10,15,0,45,3,327,24,6.2675,-75.568611,4.0,0,1.0,1,0,3,21,1980,45.0,0,6,0.0,1,0.0,National Liberation Army of Colombia (ELN)
48312,2010,7,7,0,95,10,29,176,33.31065,44.038208,1.0,0,1.0,1,0,3,17,337,95.0,0,6,1.0,1,0.0,Al-Qaida in Iraq
47263,2009,10,27,0,92,6,120,693,22.610613,87.254276,2.0,0,1.0,1,0,7,2,1024,92.0,0,8,0.0,1,0.0,Communist Party of India - Maoist (CPI-Maoist)
6634,1980,5,28,0,61,2,143,909,13.536835,-88.780584,1.0,0,0.0,1,0,2,20,1087,61.0,0,5,9.0,0,0.0,Farabundo Marti National Liberation Front (FMLN)
73061,2016,2,25,1,4,6,466,2636,36.041875,65.014133,2.0,0,0.0,1,0,6,14,13,4.0,0,5,2.0,0,1.0,Taliban
71267,2015,11,15,1,160,5,358,1930,8.892579,126.300309,2.0,0,0.0,1,0,6,14,2339,160.0,0,5,1.0,0,1.0,New People's Army (NPA)
25565,1990,8,4,0,186,6,206,1449,9.106313,79.73087,1.0,1,0.0,1,0,2,4,1759,186.0,0,5,0.0,1,0.0,Liberation Tigers of Tamil Eelam (LTTE)
74090,2016,4,28,1,4,6,301,1776,34.417122,70.449593,1.0,0,0.0,1,0,6,12,2161,422.0,0,5,0.0,0,1.0,Muslim extremists
74319,2016,5,9,0,173,10,176,24,17.700589,43.604145,4.0,0,0.0,0,0,3,4,427,173.0,0,6,0.0,0,0.0,Houthi extremists (Ansar Allah)
72705,2016,2,6,0,228,10,49,255,13.129726,45.385571,1.0,0,0.0,1,0,3,4,373,228.0,0,6,0.0,1,0.0,Al-Qaida in the Arabian Peninsula (AQAP)
68294,2015,6,15,0,160,5,358,2015,9.216819,125.966701,1.0,0,0.0,0,0,3,20,6,160.0,0,6,0.0,0,0.0,New People's Army (NPA)
22040,1989,5,2,0,186,6,206,1438,7.733107,81.68882,1.0,0,0.0,1,0,3,1,1525,186.0,0,6,0.0,1,0.0,Liberation Tigers of Tamil Eelam (LTTE)
81384,2017,7,13,0,95,10,34,184,36.354145,43.14357,1.0,0,1.0,1,1,3,4,48,95.0,0,6,2.0,1,0.0,Islamic State of Iraq and the Levant (ISIL)
35415,1996,6,24,0,186,6,242,1517,8.404581,81.312434,1.0,0,0.0,1,0,1,4,48,186.0,0,5,2.0,0,0.0,Liberation Tigers of Tamil Eelam (LTTE)
50784,2012,1,7,0,95,10,39,225,33.057991,44.354839,1.0,0,0.0,1,0,3,14,339,95.0,0,6,2.0,0,0.0,Muslim extremists
46045,2009,1,20,0,186,6,206,1438,7.733107,81.68882,1.0,0,0.0,1,0,2,14,1822,186.0,0,5,1.0,0,0.0,Liberation Tigers of Tamil Eelam (LTTE)
16036,1986,7,31,0,159,3,431,2407,-9.929478,-76.239738,1.0,0,0.0,1,0,3,2,2876,159.0,0,6,1.0,1,0.0,Shining Path (SL)
7204,1980,12,29,0,97,10,245,1783,31.670221,34.576403,2.0,1,0.0,1,0,3,4,2562,97.0,0,6,0.0,0,0.0,Palestinians
49422,2011,3,21,0,45,3,324,1863,8.04928,-73.0855,1.0,1,0.0,1,0,3,21,2762,45.0,0,6,0.0,1,0.0,Revolutionary Armed Forces of Colombia (FARC)
32166,1992,12,30,0,603,8,178,1179,54.607712,-5.95621,1.0,0,0.0,1,0,3,1,1474,233.0,0,6,0.0,1,0.0,Irish Republican Army (IRA)
18979,1988,2,17,0,43,3,249,1546,-33.024705,-71.552216,2.0,0,1.0,1,0,3,21,1891,43.0,0,6,0.0,1,0.0,Manuel Rodriguez Patriotic Front (FPMR)
52166,2012,6,4,0,153,6,389,2715,34.565494,71.477429,3.0,0,0.0,1,0,2,4,3216,153.0,0,5,21.0,0,0.0,Tehrik-i-Taliban Pakistan (TTP)
18018,1987,9,9,0,603,8,178,1179,54.607712,-5.95621,1.0,0,0.0,1,0,1,14,1463,233.0,0,5,1.0,0,0.0,Irish Republican Army (IRA)
68947,2015,7,19,0,182,11,60,327,2.407686,42.97077,3.0,0,0.0,1,1,3,4,583,422.0,0,6,7.0,0,0.0,Al-Shabaab
5767,1979,10,25,0,69,8,127,91,48.856644,2.34233,1.0,0,0.0,1,0,3,8,1127,69.0,0,6,0.0,1,0.0,Corsican National Liberation Front (FLNC)
83017,2017,11,6,0,147,11,105,490,10.806326,13.458091,1.0,0,0.0,1,0,3,4,409,147.0,0,6,45.0,-9,0.0,Boko Haram
59677,2014,4,16,0,214,9,135,791,47.117252,37.572659,1.0,0,0.0,1,0,7,4,427,214.0,0,5,3.0,1,0.0,Donetsk People's Republic
27504,1991,6,9,0,159,3,430,2442,-12.068306,-75.210163,1.0,0,1.0,1,0,3,1,1525,159.0,0,6,0.0,1,0.0,Shining Path (SL)
54317,2013,1,17,0,95,10,30,177,33.303566,44.371773,1.0,0,1.0,1,0,2,2,381,95.0,0,5,0.0,0,0.0,Al-Qaida in Iraq
78992,2017,2,16,0,95,10,34,184,36.354145,43.14357,1.0,0,0.0,1,0,3,8,51,95.0,0,6,2.0,-9,0.0,Islamic State of Iraq and the Levant (ISIL)
33303,1994,7,29,0,97,10,412,2215,31.771599,35.2034,1.0,0,0.0,1,0,1,4,2624,97.0,0,9,0.0,0,0.0,Palestinians
16028,1986,7,30,0,183,11,21,120,-25.474193,30.969455,1.0,1,0.0,0,0,3,4,212,183.0,0,6,0.0,1,0.0,African National Congress (South Africa)
13772,1985,5,10,0,69,8,126,24,41.919593,8.737687,4.0,0,1.0,1,0,3,1,1088,69.0,0,6,0.0,1,0.0,Corsican National Liberation Front (FLNC)
13673,1985,5,1,0,159,3,256,1556,-11.967368,-76.978462,1.0,0,0.0,1,0,3,2,2920,159.0,0,6,1.0,1,0.0,Shining Path (SL)
29015,1991,11,15,0,603,8,178,1179,54.607712,-5.95621,1.0,0,1.0,0,0,7,1,1525,233.0,0,8,0.0,1,0.0,Irish Republican Army (IRA)
78807,2017,2,5,0,92,6,259,1565,17.806766,81.157827,1.0,0,0.0,1,0,6,14,2006,92.0,0,5,1.0,0,1.0,Maoists
48503,2010,8,28,1,153,6,484,2778,35.838527,71.781052,1.0,1,0.0,1,0,6,14,3284,153.0,0,9,3.0,0,1.0,Tehrik-i-Taliban Pakistan (TTP)
51418,2012,3,22,0,92,6,117,701,24.92326,86.220238,1.0,0,1.0,1,0,3,19,894,92.0,0,6,0.0,1,0.0,Communist Party of India - Maoist (CPI-Maoist)
12740,1984,9,4,0,145,2,407,2158,13.00504,-84.37076,1.0,0,0.0,1,0,2,4,1239,145.0,0,5,8.0,1,0.0,Nicaraguan Democratic Force (FDN)
20998,1988,12,19,0,603,8,178,1224,54.371988,-6.551326,1.0,0,0.0,1,0,3,14,1548,233.0,0,6,0.0,1,0.0,Irish Republican Army (IRA)
52153,2012,6,4,0,95,10,30,177,33.303566,44.371773,1.0,0,0.0,1,1,3,2,373,95.0,0,6,26.0,1,0.0,Al-Qaida in Iraq
77638,2016,11,19,0,228,10,171,1119,16.321999,42.814075,1.0,0,0.0,1,0,3,4,48,228.0,0,6,2.0,-9,0.0,Houthi extremists (Ansar Allah)
48342,2010,7,11,1,153,6,389,2737,33.68745,71.516037,1.0,1,0.0,1,0,1,14,3233,153.0,0,9,2.0,0,1.0,Tehrik-i-Taliban Pakistan (TTP)
18597,1987,12,12,0,160,5,11,43,14.596051,120.978666,1.0,0,0.0,1,0,3,3,2415,160.0,0,6,0.0,1,0.0,New People's Army (NPA)
21612,1989,3,4,0,186,6,242,1507,9.267091,80.814248,3.0,0,0.0,1,0,2,4,1239,92.0,0,5,58.0,1,0.0,Liberation Tigers of Tamil Eelam (LTTE)
77351,2016,11,3,0,92,6,122,1580,19.583449,83.501022,1.0,0,0.0,1,0,3,3,85,92.0,0,6,0.0,1,0.0,Maoists
22308,1989,6,15,0,183,11,19,127,-26.286807,28.400863,1.0,0,0.0,1,0,3,3,235,183.0,0,6,0.0,1,0.0,African National Congress (South Africa)
20511,1988,10,15,0,183,11,18,97,-29.861824,31.008293,1.0,0,0.0,1,0,3,2,217,183.0,0,6,0.0,1,0.0,African National Congress (South Africa)
4695,1979,2,3,0,185,8,81,403,43.22048,-2.021122,1.0,0,0.0,1,0,2,3,688,185.0,0,5,1.0,1,0.0,Basque Fatherland and Freedom (ETA)
4473,1978,11,20,0,185,8,81,413,43.222177,-2.885668,1.0,0,0.0,1,0,2,3,739,185.0,0,5,2.0,0,0.0,Basque Fatherland and Freedom (ETA)
75637,2016,7,26,0,209,10,219,1348,38.292876,41.022436,1.0,1,0.0,1,0,3,4,48,209.0,0,6,1.0,1,0.0,Kurdistan Workers' Party (PKK)
19205,1988,3,23,0,160,5,7,1948,6.929089,122.07885,1.0,0,1.0,1,0,3,3,410,160.0,0,6,0.0,1,0.0,New People's Army (NPA)
10212,1983,5,20,0,183,11,19,126,-25.748281,28.212069,1.0,0,0.0,1,0,3,4,234,183.0,0,6,19.0,1,0.0,African National Congress (South Africa)
3652,1977,11,26,1,96,8,182,1207,53.361675,-6.245485,1.0,0,0.0,1,0,2,1,1119,96.0,0,5,0.0,1,1.0,Irish Republican Army (IRA)
9181,1982,9,23,0,159,3,436,2399,-14.083889,-73.588889,1.0,0,0.0,1,0,2,8,2859,159.0,0,5,1.0,1,0.0,Shining Path (SL)
60420,2014,5,25,0,45,3,327,24,7.198606,-75.341218,4.0,0,0.0,0,0,3,21,2753,45.0,0,6,0.0,0,0.0,Revolutionary Armed Forces of Colombia (FARC)
38651,2000,12,2,0,69,8,126,750,41.930607,8.742907,1.0,0,0.0,0,0,3,4,1107,69.0,0,6,0.0,0,0.0,Corsican National Liberation Front (FLNC)
50440,2011,11,18,0,147,11,100,466,11.840929,13.141459,1.0,0,0.0,1,0,2,4,884,147.0,0,5,3.0,1,0.0,Boko Haram
61892,2014,7,27,0,214,9,135,811,47.662817,38.064579,3.0,0,0.0,1,0,3,4,1195,214.0,0,6,0.0,0,0.0,Donetsk People's Republic
63462,2014,10,15,0,214,9,135,810,47.460209,37.86647,1.0,0,0.0,1,0,3,4,48,214.0,0,6,0.0,0,0.0,Donetsk People's Republic
34315,1995,6,8,0,186,6,242,1497,8.86656,80.5093,1.0,0,0.0,1,0,1,14,1823,186.0,0,5,5.0,0,0.0,Liberation Tigers of Tamil Eelam (LTTE)
71615,2015,12,9,0,60,10,268,1718,31.250196,34.24128,1.0,0,0.0,1,0,2,4,345,60.0,0,5,1.0,0,0.0,Muslim extremists
22303,1989,6,15,0,183,11,19,160,-26.249031,27.944123,1.0,0,0.0,1,0,1,3,289,183.0,0,5,1.0,0,0.0,African National Congress (South Africa)
50850,2012,1,17,0,147,11,100,466,11.840929,13.141459,1.0,0,0.0,1,0,2,4,853,147.0,0,5,4.0,0,0.0,Boko Haram
55964,2013,7,6,0,60,10,268,1726,31.126646,33.800865,1.0,0,0.0,1,0,2,15,2167,60.0,0,5,1.0,0,0.0,Muslim extremists
10338,1983,6,9,0,145,2,392,2163,13.92403,-86.08498,3.0,1,0.0,1,0,2,4,1239,145.0,0,5,1.0,1,0.0,Nicaraguan Democratic Force (FDN)
61075,2014,6,26,0,4,6,463,2619,31.889889,64.750946,1.0,0,0.0,1,0,2,3,1634,4.0,0,5,6.0,0,0.0,Taliban
10244,1983,5,23,0,159,3,432,2419,-13.942825,-74.312575,1.0,0,0.0,1,0,2,14,2896,159.0,0,5,79.0,1,0.0,Shining Path (SL)
51703,2012,4,19,0,95,10,33,187,33.540672,44.251266,1.0,0,1.0,1,0,3,3,85,95.0,0,6,1.0,0,0.0,Al-Qaida in Iraq
67825,2015,5,24,0,147,11,155,953,7.506095,9.35066,2.0,0,1.0,1,0,2,14,27,147.0,0,5,17.0,1,0.0,Fulani extremists
7637,1981,5,7,0,97,10,245,2222,31.070501,35.030529,1.0,0,0.0,1,0,3,14,2552,97.0,0,6,0.0,1,0.0,Palestinians
60547,2014,5,31,0,147,11,100,474,12.34494,14.183417,2.0,0,1.0,1,0,2,14,27,147.0,0,6,14.0,1,0.0,Boko Haram
27131,1991,4,25,0,159,3,256,1556,-11.967368,-76.978462,1.0,0,1.0,1,0,3,1,1110,159.0,0,6,0.0,1,0.0,Tupac Amaru Revolutionary Movement (MRTA)
75441,2016,7,12,0,147,11,155,977,7.345335,8.74172,2.0,0,1.0,1,0,2,14,13,147.0,0,5,1.0,-9,0.0,Fulani extremists
47596,2010,2,9,0,160,5,372,1965,13.416,120.4623,1.0,0,0.0,1,0,7,16,2364,160.0,0,8,0.0,1,0.0,New People's Army (NPA)
80314,2017,5,16,0,95,10,31,1297,34.020425,44.345185,2.0,0,0.0,1,0,3,20,6,95.0,0,6,3.0,0,0.0,Islamic State of Iraq and the Levant (ISIL)
61741,2014,7,21,0,214,9,135,792,47.981647,37.762325,1.0,0,0.0,1,0,3,19,1190,214.0,0,6,0.0,1,0.0,Donetsk People's Republic
58183,2014,1,20,0,153,6,484,2734,31.816667,70.916667,1.0,0,1.0,1,0,3,3,3252,153.0,0,6,0.0,0,0.0,Tehrik-i-Taliban Pakistan (TTP)
67386,2015,5,5,0,95,10,30,177,33.303566,44.371773,1.0,0,0.0,1,0,3,1,437,95.0,0,6,4.0,1,0.0,Islamic State of Iraq and the Levant (ISIL)
30692,1992,7,9,0,92,6,269,1764,34.08374,74.789902,1.0,0,0.0,1,0,1,3,2682,92.0,0,5,1.0,0,0.0,Sikh Extremists
46613,2009,6,1,0,45,3,424,2339,0.49765,-76.49768,1.0,1,0.0,1,0,7,1,2775,45.0,0,8,0.0,1,0.0,Revolutionary Armed Forces of Colombia (FARC)
11275,1983,12,17,0,145,2,392,2128,13.698495,-85.77846,1.0,1,0.0,1,0,2,4,1239,145.0,0,5,1.0,1,0.0,Nicaraguan Democratic Force (FDN)
67815,2015,5,24,0,4,6,463,2650,32.075659,64.836477,3.0,0,1.0,1,0,2,3,20,4.0,0,5,2.0,0,0.0,Taliban
21114,1989,1,9,0,160,5,5,24,6.750046,125.35626,4.0,0,0.0,1,0,2,4,2359,160.0,0,5,8.0,1,0.0,New People's Army (NPA)
7399,1981,2,22,0,61,2,143,856,13.433333,-88.7,1.0,0,0.0,1,0,2,4,1239,61.0,0,5,50.0,1,0.0,Farabundo Marti National Liberation Front (FMLN)
47363,2009,11,19,0,153,6,389,2750,33.697271,71.144852,3.0,0,0.0,1,0,6,4,3259,153.0,0,5,3.0,0,1.0,Tehrik-i-Taliban Pakistan (TTP)
64884,2015,1,4,0,228,10,47,253,14.769764,49.374268,1.0,0,0.0,1,0,2,2,409,228.0,0,5,0.0,1,0.0,Al-Qaida in the Arabian Peninsula (AQAP)
48352,2010,7,13,0,92,6,120,643,22.35435,86.906606,1.0,0,0.0,1,0,6,14,600,92.0,0,5,1.0,0,1.0,Communist Party of India - Maoist (CPI-Maoist)
51742,2012,4,21,0,92,6,122,1658,18.933338,83.257291,1.0,0,0.0,1,0,7,16,2075,92.0,0,8,0.0,1,0.0,Maoists
46711,2009,6,19,0,92,6,120,694,22.585272,87.049698,1.0,0,0.0,1,0,3,3,1026,92.0,0,6,0.0,-9,0.0,Communist Party of India - Maoist (CPI-Maoist)
34678,1995,10,6,0,45,3,343,2321,3.583748,-76.495727,1.0,0,0.0,1,0,3,4,2754,45.0,0,6,0.0,1,0.0,Revolutionary Armed Forces of Colombia (FARC)
29338,1991,12,26,0,45,3,329,1820,9.56049,-73.33269,1.0,0,0.0,1,0,6,2,2200,45.0,0,5,0.0,0,1.0,National Liberation Army of Colombia (ELN)
31369,1992,9,27,0,209,10,212,1357,38.405134,42.109333,1.0,1,0.0,1,0,2,4,162,209.0,0,5,11.0,1,0.0,Kurdistan Workers' Party (PKK)
47206,2009,10,13,0,92,6,117,641,25.195693,86.541023,2.0,0,0.0,1,0,7,1,962,92.0,0,8,0.0,1,0.0,Communist Party of India - Maoist (CPI-Maoist)
11663,1984,2,26,0,92,6,318,24,31.147131,75.341218,4.0,0,0.0,1,0,2,14,3043,92.0,0,5,5.0,1,0.0,Sikh Extremists
33084,1994,5,30,0,603,8,178,1229,54.377802,-7.459455,1.0,0,0.0,1,0,3,3,785,216.0,0,6,0.0,1,0.0,Irish Republican Army (IRA)
73706,2016,4,5,0,4,6,468,2586,36.035538,68.643112,1.0,0,0.0,1,0,2,3,3122,4.0,0,5,7.0,0,0.0,Taliban
6847,1980,7,27,0,603,8,178,1189,54.414416,-6.976641,1.0,0,0.0,1,0,3,4,1453,216.0,0,6,1.0,1,0.0,Irish Republican Army (IRA)
80725,2017,6,6,1,160,5,1,22,6.051232,120.999851,1.0,0,0.0,1,0,6,14,23,160.0,0,5,0.0,0,1.0,Abu Sayyaf Group (ASG)
18186,1987,10,2,0,159,3,256,1556,-11.967368,-76.978462,1.0,0,0.0,1,0,3,14,2958,159.0,0,6,2.0,1,0.0,Tupac Amaru Revolutionary Movement (MRTA)
68843,2015,7,13,0,147,11,100,498,11.829979,12.630177,1.0,0,0.0,1,0,2,14,27,147.0,0,5,25.0,1,0.0,Boko Haram
79912,2017,4,18,0,173,10,58,1128,17.554939,44.232357,1.0,0,0.0,1,0,3,14,13,173.0,0,6,0.0,-9,0.0,Houthi extremists (Ansar Allah)
52294,2012,6,13,0,95,10,31,179,33.749892,44.633421,2.0,0,1.0,1,1,3,3,20,95.0,0,6,3.0,0,0.0,Al-Qaida in Iraq
6244,1980,2,16,0,155,10,306,2216,31.502407,34.459743,1.0,0,0.0,1,0,3,4,2600,97.0,0,6,3.0,1,0.0,Palestinians
66449,2015,3,20,0,153,6,486,2711,24.891115,67.143311,1.0,0,0.0,1,1,3,4,3205,153.0,0,6,4.0,1,0.0,Tehrik-i-Taliban Pakistan (TTP)
27509,1991,6,9,0,61,2,140,24,14.191665,-89.1706,4.0,0,0.0,1,0,3,4,1284,61.0,0,6,0.0,1,0.0,Farabundo Marti National Liberation Front (FMLN)
21774,1989,3,29,0,159,3,256,1556,-11.967368,-76.978462,1.0,0,0.0,1,0,3,1,361,159.0,0,6,0.0,1,0.0,Tupac Amaru Revolutionary Movement (MRTA)
25458,1990,7,26,0,45,3,335,2336,5.21389,-72.86952,1.0,0,0.0,1,0,5,14,2773,45.0,0,5,0.0,1,0.0,Revolutionary Armed Forces of Colombia (FARC)
62545,2014,8,31,0,214,9,135,791,47.117252,37.572659,1.0,1,0.0,1,0,3,4,1223,214.0,0,6,1.0,1,0.0,Donetsk People's Republic
31957,1992,12,3,0,69,8,126,24,41.918891,8.737554,4.0,0,1.0,1,0,3,2,410,69.0,0,6,0.0,1,0.0,Corsican National Liberation Front (FLNC)
63782,2014,11,2,0,147,11,156,967,8.460129,8.200711,1.0,0,1.0,1,0,7,14,27,147.0,0,8,1.0,1,0.0,Fulani extremists
62559,2014,9,1,0,95,10,39,1300,32.870514,44.29695,2.0,0,0.0,1,0,3,17,1637,95.0,0,6,1.0,0,0.0,Islamic State of Iraq and the Levant (ISIL)
50835,2012,1,14,0,153,6,484,2734,31.834328,70.90905,1.0,0,0.0,1,1,3,3,85,153.0,0,6,8.0,1,0.0,Tehrik-i-Taliban Pakistan (TTP)
58197,2014,1,21,0,4,6,463,2606,31.826695,64.56407,2.0,0,0.0,1,0,2,14,3132,4.0,0,5,3.0,-9,0.0,Taliban
28763,1991,10,21,0,603,8,178,1179,54.607712,-5.95621,1.0,0,0.0,1,0,1,14,1504,233.0,0,6,1.0,0,0.0,Irish Republican Army (IRA)
39567,2001,10,8,0,160,5,4,15,6.929089,122.07885,1.0,0,1.0,1,0,3,18,118,160.0,0,6,0.0,1,0.0,Abu Sayyaf Group (ASG)
19672,1988,6,1,0,160,5,376,1984,18.537136,120.765284,1.0,0,0.0,1,0,6,2,2379,160.0,0,5,1.0,0,1.0,New People's Army (NPA)
67197,2015,4,26,0,214,9,135,795,48.143208,37.753361,1.0,1,1.0,1,0,3,4,1191,214.0,0,6,0.0,-9,0.0,Donetsk People's Republic
34779,1995,11,2,0,186,6,206,1439,9.748074,79.882883,1.0,0,0.0,1,0,3,4,1748,186.0,0,6,2.0,1,0.0,Liberation Tigers of Tamil Eelam (LTTE)
63204,2014,10,3,0,182,11,69,312,3.381584,45.598389,1.0,0,0.0,1,0,2,14,13,182.0,0,5,2.0,0,0.0,Al-Shabaab
69309,2015,8,5,0,147,11,102,501,11.640027,11.335048,1.0,0,1.0,1,0,3,2,865,147.0,0,6,0.0,1,0.0,Boko Haram
17523,1987,6,29,0,43,3,255,1555,-35.43058,-71.65762,1.0,0,1.0,1,0,3,2,1937,43.0,0,6,0.0,1,0.0,Manuel Rodriguez Patriotic Front (FPMR)
27641,1991,6,26,0,159,3,431,2820,-9.929478,-76.239738,3.0,0,0.0,1,0,2,4,3379,159.0,0,5,77.0,1,0.0,Tupac Amaru Revolutionary Movement (MRTA)
72238,2016,1,12,0,228,10,53,282,15.723243,42.997228,1.0,0,0.0,1,0,2,3,175,228.0,0,5,0.0,0,0.0,Al-Qaida in the Arabian Peninsula (AQAP)
13410,1985,2,20,0,145,2,402,2129,13.927562,-84.404596,1.0,0,0.0,1,0,2,2,2491,145.0,0,5,0.0,1,0.0,Nicaraguan Democratic Force (FDN)
15177,1986,2,9,0,183,11,18,92,-29.965819,30.882976,1.0,0,0.0,1,0,3,3,253,183.0,0,6,0.0,1,0.0,African National Congress (South Africa)
11179,1983,11,29,0,159,3,432,2405,-14.385277,-73.962606,1.0,0,0.0,1,0,2,2,2870,159.0,0,8,4.0,1,0.0,Shining Path (SL)
53497,2012,10,9,0,209,10,210,1381,37.3408,41.894,1.0,0,1.0,1,0,7,8,51,209.0,0,8,0.0,1,0.0,Kurdistan Workers' Party (PKK)
73354,2016,3,13,0,147,11,155,963,7.732297,9.210412,2.0,0,1.0,1,0,2,14,27,147.0,0,5,1.0,1,0.0,Fulani extremists
15408,1986,3,29,0,92,6,318,24,31.147131,75.341218,4.0,0,0.0,1,0,2,14,3031,92.0,0,5,8.0,1,0.0,Sikh Extremists
22725,1989,8,15,0,183,11,25,135,-33.963038,18.501671,1.0,0,0.0,1,0,3,3,235,183.0,0,6,1.0,1,0.0,African National Congress (South Africa)
77765,2016,11,25,0,228,10,57,279,13.586484,44.024105,1.0,0,0.0,1,0,3,14,1372,228.0,0,6,2.0,1,0.0,Houthi extremists (Ansar Allah)
32096,1992,12,16,0,45,3,324,1846,7.894195,-72.503885,1.0,0,1.0,0,0,3,20,2253,45.0,0,6,0.0,1,0.0,National Liberation Army of Colombia (ELN)
26978,1991,3,28,0,69,8,126,776,42.44586,9.365441,1.0,0,0.0,1,0,3,2,1148,69.0,0,6,0.0,1,0.0,Corsican National Liberation Front (FLNC)
14948,1985,12,24,0,159,3,488,2811,-12.050934,-77.126044,1.0,0,0.0,1,0,3,1,705,159.0,0,6,1.0,1,0.0,Tupac Amaru Revolutionary Movement (MRTA)
80638,2017,5,31,0,228,10,57,1135,12.683549,43.458797,3.0,0,0.0,1,0,3,11,1392,126.0,0,6,0.0,0,0.0,Houthi extremists (Ansar Allah)
50647,2011,12,15,0,92,6,118,590,23.744186,84.504429,3.0,0,0.0,1,0,3,19,894,92.0,0,6,0.0,1,0.0,Maoists
65963,2015,2,20,0,214,9,135,807,47.097279,37.59901,1.0,0,0.0,1,0,3,4,48,214.0,0,6,0.0,-9,0.0,Donetsk People's Republic
29194,1991,12,5,0,92,6,264,2489,28.620794,79.812865,1.0,1,0.0,1,0,2,14,2993,92.0,0,5,24.0,0,0.0,Sikh Extremists
54941,2013,3,22,0,228,10,49,239,13.560833,46.156389,1.0,0,0.0,1,0,2,17,444,228.0,0,5,1.0,0,0.0,Al-Qaida in the Arabian Peninsula (AQAP)
74300,2016,5,8,0,147,11,158,1017,8.586602,10.36172,2.0,0,1.0,1,0,2,14,27,147.0,0,5,2.0,1,0.0,Fulani extremists
54555,2013,2,9,0,4,6,464,2628,33.770778,69.338842,3.0,0,0.0,1,0,3,2,373,4.0,0,6,0.0,1,0.0,Taliban
54719,2013,2,26,0,95,10,31,200,33.573486,44.547424,1.0,0,0.0,1,0,3,14,334,95.0,0,6,4.0,1,0.0,Al-Qaida in Iraq
7290,1981,1,26,0,603,8,178,1180,55.011562,-7.312045,1.0,0,0.0,1,0,3,14,1467,216.0,0,6,1.0,1,0.0,Irish Republican Army (IRA)
15191,1986,2,15,0,183,11,18,97,-29.861824,31.008293,1.0,0,0.0,1,0,3,21,187,183.0,0,6,1.0,1,0.0,African National Congress (South Africa)
48487,2010,8,23,0,209,10,211,24,37.445932,43.744984,4.0,0,0.0,1,0,2,15,1672,209.0,0,5,1.0,0,0.0,Kurdistan Workers' Party (PKK)
77857,2016,11,30,0,45,3,339,1860,7.032926,-72.06382,1.0,1,0.0,1,0,3,21,2206,45.0,0,6,0.0,1,0.0,National Liberation Army of Colombia (ELN)
74636,2016,5,27,0,160,5,1,22,6.050458,121.012245,1.0,0,0.0,0,0,6,1,68,160.0,0,5,0.0,0,0.0,Abu Sayyaf Group (ASG)
64169,2014,11,25,0,147,11,100,466,11.840929,13.141459,1.0,0,1.0,1,1,3,14,334,147.0,0,6,4.0,1,0.0,Boko Haram
25566,1990,8,4,1,186,6,206,1446,7.730997,81.67473,3.0,0,0.0,1,0,6,14,1833,186.0,0,5,18.0,0,1.0,Liberation Tigers of Tamil Eelam (LTTE)
69722,2015,8,25,0,209,10,218,1382,38.888447,40.501144,1.0,0,0.0,1,0,2,3,175,209.0,0,6,0.0,0,0.0,Kurdistan Workers' Party (PKK)
27136,1991,4,25,0,159,3,256,1556,-11.967368,-76.978462,1.0,0,1.0,1,0,3,1,1110,159.0,0,6,0.0,1,0.0,Tupac Amaru Revolutionary Movement (MRTA)
54213,2013,1,7,0,153,6,389,2775,34.320023,71.399002,1.0,1,0.0,1,0,3,17,3282,153.0,0,6,0.0,0,0.0,Tehrik-i-Taliban Pakistan (TTP)
15393,1986,3,26,0,43,3,249,1545,-33.050125,-71.612251,1.0,0,1.0,1,0,3,1,1899,43.0,0,6,0.0,1,0.0,Manuel Rodriguez Patriotic Front (FPMR)
35009,1996,1,10,0,69,8,126,769,42.554742,9.424047,1.0,0,0.0,1,0,3,2,1130,69.0,0,6,0.0,1,0.0,Corsican National Liberation Front (FLNC)
51565,2012,4,8,0,147,11,104,469,10.516667,7.433333,1.0,0,1.0,1,1,3,15,842,147.0,0,6,42.0,1,0.0,Boko Haram
47794,2010,3,25,0,92,6,118,590,23.744186,84.504429,3.0,0,0.0,1,0,2,20,1001,92.0,0,5,1.0,0,0.0,Communist Party of India - Maoist (CPI-Maoist)
65905,2015,2,17,0,228,10,47,245,14.54397,49.12458,1.0,0,0.0,1,0,1,3,463,228.0,0,5,2.0,1,0.0,Al-Qaida in the Arabian Peninsula (AQAP)
59393,2014,4,4,0,4,6,299,1769,33.241542,69.82847,3.0,0,0.0,1,0,1,10,2156,38.0,0,5,1.0,1,0.0,Muslim extremists
76996,2016,10,14,0,209,10,213,1350,37.477368,40.486736,1.0,1,0.0,1,0,3,4,409,209.0,0,6,3.0,1,0.0,Kurdistan Workers' Party (PKK)
56536,2013,8,22,0,182,11,61,326,1.808302,44.695141,1.0,0,1.0,1,0,2,4,579,422.0,0,6,3.0,-9,0.0,Al-Shabaab
72183,2016,1,11,0,200,10,187,1720,36.201721,37.14352,1.0,0,0.0,1,0,3,8,51,200.0,0,6,3.0,-9,0.0,Muslim extremists
36314,1997,6,10,0,603,8,178,1180,55.011562,-7.312045,1.0,0,0.0,0,0,2,4,1444,216.0,0,5,0.0,1,0.0,Irish Republican Army (IRA)
63649,2014,10,25,0,92,6,118,1592,24.357421,87.422726,1.0,1,0.0,0,0,2,4,12,92.0,0,5,0.0,0,0.0,Maoists
43256,2006,8,23,0,186,6,206,1446,7.716666,81.700188,3.0,0,0.0,1,0,3,3,1754,186.0,0,6,1.0,-9,0.0,Liberation Tigers of Tamil Eelam (LTTE)
72437,2016,1,23,0,95,10,29,24,32.559761,41.919647,4.0,0,0.0,1,1,3,3,559,95.0,0,6,46.0,1,0.0,Islamic State of Iraq and the Levant (ISIL)
72794,2016,2,12,0,4,6,463,2646,32.137698,64.98576,1.0,0,1.0,0,0,2,3,175,4.0,0,5,0.0,0,0.0,Taliban
60146,2014,5,12,0,147,11,112,542,11.277037,9.882266,3.0,0,0.0,1,0,3,4,883,147.0,0,6,3.0,1,0.0,Boko Haram
59089,2014,3,17,0,182,11,61,338,2.099684,45.15723,1.0,0,0.0,1,1,3,4,162,422.0,0,6,1.0,-9,0.0,Al-Shabaab
73906,2016,4,20,1,147,11,155,1034,7.905794,7.854562,1.0,0,0.0,1,0,6,3,1350,147.0,0,5,1.0,0,1.0,Fulani extremists
18725,1988,1,12,0,186,6,242,1454,8.738157,80.477147,3.0,0,0.0,1,0,2,22,412,186.0,0,5,3.0,1,0.0,Liberation Tigers of Tamil Eelam (LTTE)
63754,2014,11,1,0,214,9,135,792,47.981647,37.762325,1.0,0,1.0,1,0,2,4,1194,214.0,0,6,1.0,-9,0.0,Donetsk People's Republic
40778,2003,3,26,0,45,3,341,2287,3.113889,-76.626111,1.0,0,0.0,0,0,3,21,2752,45.0,0,6,0.0,0,0.0,Revolutionary Armed Forces of Colombia (FARC)
24347,1990,3,5,0,45,3,327,1829,6.15782,-75.6436,1.0,0,0.0,1,0,1,14,2207,45.0,0,5,1.0,0,0.0,National Liberation Army of Colombia (ELN)
12193,1984,5,12,0,183,11,18,97,-29.861824,31.008293,1.0,0,0.0,1,0,3,2,215,183.0,0,6,0.0,1,0.0,African National Congress (South Africa)
45238,2008,7,20,0,185,8,81,382,43.258434,-2.921819,1.0,0,0.0,1,0,3,1,678,216.0,0,6,0.0,-9,0.0,Basque Fatherland and Freedom (ETA)
65595,2015,2,4,0,37,11,109,550,12.379026,14.224362,1.0,0,0.0,1,0,2,15,887,37.0,0,5,144.0,1,0.0,Boko Haram
47210,2009,10,13,0,92,6,117,665,26.491815,84.684478,1.0,0,0.0,1,0,3,1,987,92.0,0,6,0.0,1,0.0,Communist Party of India - Maoist (CPI-Maoist)
19136,1988,3,14,0,183,11,19,96,-26.184113,28.033232,1.0,0,0.0,1,0,3,2,245,183.0,0,6,0.0,1,0.0,African National Congress (South Africa)
58395,2014,2,2,0,182,11,63,304,2.059819,45.326115,1.0,0,0.0,1,0,3,4,0,182.0,0,6,1.0,-9,0.0,Al-Shabaab
63883,2014,11,8,0,37,11,109,545,11.184167,13.914167,1.0,0,0.0,1,0,2,14,855,37.0,0,5,41.0,-9,0.0,Boko Haram
65241,2015,1,19,0,214,9,135,797,48.064426,37.673248,1.0,0,1.0,1,0,3,4,48,214.0,0,6,1.0,-9,0.0,Donetsk People's Republic
47090,2009,9,10,0,45,3,324,1876,8.642183,-72.734823,1.0,0,0.0,1,0,3,2,2786,45.0,0,6,2.0,1,0.0,Revolutionary Armed Forces of Colombia (FARC)
35361,1996,5,31,0,186,6,206,1473,7.529372,81.794609,1.0,1,0.0,1,0,2,3,1790,186.0,0,5,4.0,1,0.0,Liberation Tigers of Tamil Eelam (LTTE)
72563,2016,1,31,0,228,10,57,279,13.586484,44.024105,1.0,0,0.0,1,0,3,14,1222,228.0,0,6,3.0,-9,0.0,Houthi extremists (Ansar Allah)
28190,1991,8,18,0,45,3,342,2343,4.343864,-74.361955,3.0,0,0.0,1,0,2,4,412,45.0,0,5,7.0,1,0.0,Revolutionary Armed Forces of Colombia (FARC)
22969,1989,9,8,0,155,10,306,2216,31.502407,34.459743,1.0,0,0.0,1,0,1,14,2627,155.0,0,9,1.0,0,0.0,Palestinians
47427,2009,12,10,0,92,6,120,607,22.404193,87.379866,3.0,0,0.0,1,0,2,14,925,92.0,0,5,3.0,0,0.0,Communist Party of India - Maoist (CPI-Maoist)
6086,1980,1,14,0,185,8,81,398,43.130387,-2.542155,1.0,0,0.0,1,0,1,3,677,185.0,0,5,1.0,0,0.0,Basque Fatherland and Freedom (ETA)
16768,1987,2,19,0,159,3,256,1556,-11.967368,-76.978462,1.0,0,1.0,1,0,3,10,3343,159.0,0,5,0.0,1,0.0,Tupac Amaru Revolutionary Movement (MRTA)
40163,2002,6,16,1,45,3,326,24,1.637898,-77.745208,4.0,0,0.0,1,0,6,14,2214,45.0,0,5,0.0,0,1.0,National Liberation Army of Colombia (ELN)
12282,1984,6,1,0,159,3,256,1556,-11.967368,-76.978462,1.0,0,0.0,1,0,5,10,3406,159.0,0,5,0.0,1,1.0,Tupac Amaru Revolutionary Movement (MRTA)
68289,2015,6,15,0,200,10,187,1720,36.201721,37.14352,1.0,0,1.0,1,0,3,14,1222,200.0,0,6,4.0,-9,0.0,Muslim extremists
61576,2014,7,15,0,214,9,135,812,47.927954,37.371645,3.0,0,1.0,1,0,7,1,1206,214.0,0,5,1.0,1,0.0,Donetsk People's Republic
76665,2016,9,23,0,153,6,389,2715,34.741835,71.183722,1.0,0,1.0,0,0,2,4,2055,153.0,0,5,0.0,0,0.0,Tehrik-i-Taliban Pakistan (TTP)
76865,2016,10,6,0,147,11,100,483,11.083983,13.693092,1.0,0,0.0,1,1,3,4,48,147.0,0,6,3.0,0,0.0,Boko Haram
13998,1985,6,7,0,159,3,256,1556,-11.967368,-76.978462,1.0,0,0.0,1,0,5,8,3356,159.0,0,5,0.0,1,0.0,Tupac Amaru Revolutionary Movement (MRTA)
53785,2012,11,8,0,4,6,463,2594,32.363889,64.781443,3.0,0,0.0,1,0,3,14,13,4.0,0,6,10.0,1,0.0,Taliban
36840,1998,3,20,1,160,5,0,67,6.486859,121.913314,1.0,0,0.0,1,0,3,14,124,160.0,0,5,2.0,-9,1.0,Abu Sayyaf Group (ASG)
31904,1992,11,25,0,45,3,331,1827,7.116294,-73.120026,1.0,0,0.0,1,0,3,1,2218,45.0,0,6,0.0,1,0.0,National Liberation Army of Colombia (ELN)
60507,2014,5,29,0,228,10,47,245,14.533328,49.133252,1.0,0,0.0,1,0,2,2,450,228.0,0,5,2.0,1,0.0,Al-Qaida in the Arabian Peninsula (AQAP)
19624,1988,5,24,0,92,6,318,2495,31.326015,75.576183,1.0,0,0.0,1,0,1,14,3037,92.0,0,5,4.0,0,0.0,Sikh Extremists
66143,2015,3,3,0,228,10,47,251,15.840202,48.45438,1.0,0,0.0,1,0,3,4,522,228.0,0,6,3.0,1,0.0,Al-Qaida in the Arabian Peninsula (AQAP)
17977,1987,9,2,0,186,6,206,1435,8.457907,81.268402,1.0,0,1.0,1,0,7,1,881,186.0,0,8,0.0,1,0.0,Muslim extremists
8689,1982,4,29,0,97,10,245,2244,31.248484,34.787853,1.0,0,0.0,0,0,3,8,51,97.0,0,6,0.0,0,0.0,Palestinians
6517,1980,4,18,0,183,11,19,96,-26.184113,28.033232,1.0,0,0.0,1,0,3,1,270,183.0,0,6,1.0,1,0.0,African National Congress (South Africa)
25821,1990,9,13,0,209,10,217,1360,37.887824,41.13622,1.0,0,0.0,1,0,3,4,1674,209.0,0,6,0.0,1,0.0,Kurdistan Workers' Party (PKK)
69975,2015,9,8,0,182,11,61,302,1.789637,44.529976,1.0,0,0.0,1,0,6,4,427,182.0,0,5,19.0,0,1.0,Al-Shabaab
15310,1986,3,17,0,183,11,19,106,-25.718321,28.408798,1.0,0,0.0,1,0,1,3,196,183.0,0,5,1.0,0,0.0,African National Congress (South Africa)
35044,1996,1,31,0,186,6,241,1437,6.941837,79.861687,1.0,0,0.0,1,1,3,1,705,186.0,0,6,90.0,1,0.0,Liberation Tigers of Tamil Eelam (LTTE)
51135,2012,2,23,0,95,10,39,201,32.54855,44.545441,1.0,0,1.0,1,0,3,3,12,95.0,0,6,1.0,1,0.0,Al-Qaida in Iraq
17030,1987,4,13,0,603,8,178,1209,55.199105,-6.654067,1.0,0,0.0,1,0,1,3,1188,233.0,0,5,2.0,0,0.0,Irish Republican Army (IRA)
81356,2017,7,10,0,147,11,100,547,11.052698,13.688003,2.0,0,0.0,1,0,2,4,162,147.0,0,5,5.0,1,0.0,Boko Haram
69441,2015,8,12,0,209,10,209,1396,39.349569,39.209312,3.0,0,0.0,1,0,3,3,409,209.0,0,6,0.0,1,0.0,Kurdistan Workers' Party (PKK)
79407,2017,3,15,1,92,6,122,684,19.690278,83.118611,1.0,1,1.0,1,0,6,14,1011,92.0,0,5,0.0,0,1.0,Communist Party of India - Maoist (CPI-Maoist)
19370,1988,4,22,0,69,8,126,759,42.567651,8.757222,1.0,0,0.0,1,0,3,1,361,69.0,0,6,0.0,1,0.0,Corsican National Liberation Front (FLNC)
10882,1983,9,28,0,45,3,327,1825,6.242026,-75.564766,1.0,0,0.0,1,0,1,2,2261,45.0,0,5,1.0,0,0.0,National Liberation Army of Colombia (ELN)
81652,2017,7,27,0,173,10,56,1153,21.437273,40.512714,1.0,1,0.0,0,0,3,14,844,173.0,0,6,0.0,0,0.0,Houthi extremists (Ansar Allah)
41980,2005,5,2,0,95,10,30,177,33.303566,44.371773,1.0,0,0.0,1,0,3,2,394,95.0,0,6,3.0,1,0.0,Al-Qaida in Iraq
47897,2010,4,19,0,153,6,389,2741,33.908578,71.070055,3.0,0,0.0,1,0,6,3,3240,153.0,0,5,0.0,0,1.0,Tehrik-i-Taliban Pakistan (TTP)
61269,2014,7,5,0,95,10,29,193,33.420948,43.295662,1.0,0,1.0,1,0,4,3,20,95.0,0,5,1.0,1,0.0,Islamic State of Iraq and the Levant (ISIL)
9094,1982,8,26,0,185,8,81,436,43.35441,-2.846714,1.0,0,0.0,1,0,3,1,766,185.0,0,6,2.0,1,0.0,Basque Fatherland and Freedom (ETA)
63979,2014,11,13,0,159,3,432,2392,-12.950153,-74.020741,3.0,0,0.0,0,0,2,4,12,159.0,0,5,0.0,0,0.0,Shining Path (SL)
70882,2015,10,26,0,160,5,0,5,6.649966,122.133527,1.0,0,0.0,0,0,3,20,6,160.0,0,6,0.0,0,0.0,Abu Sayyaf Group (ASG)
74034,2016,4,25,0,228,10,57,279,13.586484,44.024105,1.0,0,1.0,1,0,3,4,48,228.0,0,6,0.0,-9,0.0,Houthi extremists (Ansar Allah)
67291,2015,5,1,0,4,6,299,2618,33.335258,69.928467,1.0,0,1.0,1,0,3,3,409,4.0,0,6,0.0,-9,0.0,Taliban
13303,1985,1,20,0,145,2,400,2149,13.041707,-86.905374,1.0,0,0.0,1,0,3,21,1238,145.0,0,6,0.0,1,0.0,Nicaraguan Democratic Force (FDN)
50861,2012,1,18,0,228,10,45,236,12.825647,44.846416,1.0,0,0.0,0,0,1,2,454,228.0,0,5,0.0,1,0.0,Al-Qaida in the Arabian Peninsula (AQAP)
10954,1983,10,10,0,145,2,400,917,12.481654,-87.173207,1.0,0,0.0,1,0,3,1,2490,145.0,0,5,0.0,1,0.0,Nicaraguan Democratic Force (FDN)
32851,1994,4,18,0,183,11,19,113,-26.353159,28.132727,1.0,0,0.0,1,0,2,14,244,183.0,0,5,2.0,1,0.0,African National Congress (South Africa)
62321,2014,8,19,1,160,5,4,15,6.929089,122.07885,1.0,0,0.0,1,0,6,1,54,160.0,0,5,0.0,1,1.0,Abu Sayyaf Group (ASG)
36828,1998,3,9,0,186,6,206,1441,8.577826,81.218719,1.0,0,0.0,1,0,3,3,1766,186.0,0,6,3.0,1,0.0,Liberation Tigers of Tamil Eelam (LTTE)
67126,2015,4,24,0,4,6,460,2665,37.116005,69.044067,1.0,0,1.0,1,0,2,3,3122,4.0,0,5,12.0,0,0.0,Taliban
11485,1984,1,29,0,110,10,415,2224,33.550434,35.370964,1.0,0,0.0,1,0,3,4,2557,97.0,0,6,0.0,1,0.0,Palestinians
70388,2015,10,1,0,209,10,219,1384,38.142658,41.012292,3.0,0,0.0,1,0,2,4,1703,209.0,0,5,2.0,-9,0.0,Kurdistan Workers' Party (PKK)
72585,2016,1,31,0,209,10,210,1359,37.342787,42.121717,3.0,0,0.0,1,0,3,4,48,209.0,0,6,2.0,0,0.0,Kurdistan Workers' Party (PKK)
73444,2016,3,17,0,228,10,47,24,16.902582,49.36381,4.0,0,0.0,1,0,6,14,13,228.0,0,5,3.0,0,1.0,Al-Qaida in the Arabian Peninsula (AQAP)
66316,2015,3,11,0,147,11,155,1031,6.783539,9.069549,3.0,0,0.0,1,0,2,3,85,147.0,0,5,2.0,0,0.0,Fulani extremists
10380,1983,6,16,0,159,3,256,1556,-11.967368,-76.978462,1.0,0,0.0,1,0,3,1,2918,159.0,0,6,1.0,1,0.0,Shining Path (SL)
41854,2005,3,10,0,69,8,126,750,41.930607,8.742907,1.0,0,0.0,1,0,3,2,1151,69.0,0,6,0.0,1,0.0,Corsican National Liberation Front (FLNC)
1860,1974,10,10,0,603,8,46,1185,51.504387,-0.140041,1.0,0,0.0,1,0,3,14,1518,216.0,0,6,0.0,1,0.0,Irish Republican Army (IRA)
4790,1979,3,10,0,69,8,126,24,41.918891,8.737554,4.0,0,1.0,1,0,3,1,805,69.0,0,6,0.0,1,0.0,Corsican National Liberation Front (FLNC)
52097,2012,5,28,0,153,6,484,2729,32.41304,70.46611,1.0,0,1.0,1,0,2,3,3225,153.0,0,6,2.0,1,0.0,Tehrik-i-Taliban Pakistan (TTP)
56443,2013,8,13,0,60,10,268,1726,31.126646,33.800865,1.0,0,1.0,1,0,3,3,175,60.0,0,6,0.0,0,0.0,Muslim extremists
17442,1987,6,15,0,183,11,25,133,-33.98263,18.569386,1.0,0,0.0,1,0,1,2,246,183.0,0,6,0.0,1,0.0,African National Congress (South Africa)
58099,2014,1,15,0,95,10,31,231,33.716995,44.679516,1.0,0,1.0,1,1,3,14,1612,95.0,0,6,17.0,1,0.0,Islamic State of Iraq and the Levant (ISIL)
29728,1992,2,21,0,97,10,246,2241,32.178344,34.907985,1.0,0,0.0,1,0,1,14,2633,97.0,0,9,1.0,0,0.0,Palestinians
56721,2013,9,9,1,153,6,389,535,33.915234,71.458679,1.0,1,0.0,1,0,6,17,172,153.0,0,9,3.0,0,1.0,Tehrik-i-Taliban Pakistan (TTP)
59627,2014,4,13,0,160,5,1,19,6.053166,121.042788,2.0,0,0.0,1,0,2,4,20,160.0,0,5,5.0,-9,0.0,Abu Sayyaf Group (ASG)
68448,2015,6,22,0,45,3,324,1832,8.59674,-73.22737,2.0,0,0.0,1,0,3,4,2211,45.0,0,6,4.0,1,0.0,National Liberation Army of Colombia (ELN)
29482,1992,1,17,0,92,6,318,2532,30.155434,76.195762,1.0,0,0.0,1,0,3,14,334,92.0,0,6,8.0,1,0.0,Sikh Extremists
28019,1991,8,2,0,92,6,318,2503,30.672393,74.755048,1.0,1,0.0,1,0,2,3,412,92.0,0,5,2.0,1,0.0,Sikh Extremists
75341,2016,7,6,1,147,11,104,1016,10.57481,8.148878,2.0,0,0.0,1,0,6,14,27,147.0,0,5,0.0,1,1.0,Fulani extremists
55330,2013,5,3,1,147,11,100,466,11.840929,13.141459,1.0,0,0.0,1,0,6,2,868,147.0,0,5,0.0,0,1.0,Boko Haram
29051,1991,11,16,0,69,8,126,754,41.772597,8.771765,1.0,0,0.0,1,0,3,1,1096,69.0,0,6,0.0,1,0.0,Corsican National Liberation Front (FLNC)
38841,2001,1,26,0,185,8,81,389,43.170017,-2.575197,1.0,0,0.0,1,0,3,1,667,185.0,0,6,0.0,1,0.0,Basque Fatherland and Freedom (ETA)
19319,1988,4,13,0,185,8,81,413,43.222177,-2.885668,1.0,0,0.0,0,0,3,3,725,185.0,0,6,0.0,1,0.0,Basque Fatherland and Freedom (ETA)
20472,1988,10,8,0,61,2,139,853,13.69288,-89.199161,1.0,0,0.0,1,0,2,7,1244,217.0,0,5,0.0,1,0.0,Farabundo Marti National Liberation Front (FMLN)
75177,2016,6,27,0,182,11,63,304,2.059819,45.326115,1.0,0,0.0,1,0,1,4,590,182.0,0,5,1.0,0,0.0,Al-Shabaab
78631,2017,1,25,0,92,6,119,722,18.9,81.35,3.0,0,0.0,1,0,2,3,2007,92.0,0,12,0.0,0,0.0,Maoists
72117,2016,1,6,0,228,10,57,279,13.586484,44.024105,1.0,0,0.0,1,0,3,14,1222,228.0,0,6,0.0,-9,0.0,Houthi extremists (Ansar Allah)
48900,2010,11,11,0,153,6,280,1735,33.671638,73.056068,1.0,0,0.0,1,0,3,3,921,153.0,0,6,15.0,1,0.0,Tehrik-i-Taliban Pakistan (TTP)
53949,2012,11,30,0,160,5,362,1942,10.916619,124.699994,1.0,0,0.0,1,0,2,4,2349,160.0,0,5,1.0,1,0.0,New People's Army (NPA)
33215,1994,7,5,0,69,8,126,757,41.795233,8.741819,1.0,0,1.0,1,0,3,14,1099,69.0,0,6,0.0,1,0.0,Corsican National Liberation Front (FLNC)
27675,1991,7,2,0,61,2,137,877,13.95,-88.63333,1.0,0,0.0,1,0,2,3,412,61.0,0,5,2.0,1,0.0,Farabundo Marti National Liberation Front (FMLN)
10583,1983,7,22,0,145,2,393,2079,13.131923,-86.345742,3.0,0,0.0,1,0,2,4,1270,145.0,0,5,2.0,1,0.0,Nicaraguan Democratic Force (FDN)
58654,2014,2,20,0,153,6,486,2711,24.891115,67.143311,1.0,0,0.0,0,0,3,22,3211,153.0,0,6,0.0,0,0.0,Tehrik-i-Taliban Pakistan (TTP)
8431,1982,3,1,0,159,3,432,2391,-13.152712,-74.218628,1.0,0,0.0,1,0,2,3,2910,159.0,0,5,0.0,1,0.0,Shining Path (SL)
70260,2015,9,22,0,104,11,62,306,3.938715,41.844707,1.0,0,0.0,1,0,3,4,409,104.0,0,6,3.0,1,0.0,Al-Shabaab
7068,1980,10,14,0,61,2,139,853,13.69288,-89.199161,1.0,0,0.0,1,0,7,2,1275,61.0,0,8,1.0,1,0.0,Farabundo Marti National Liberation Front (FMLN)
41019,2003,7,14,0,69,8,126,753,42.699997,9.447317,1.0,0,1.0,1,0,3,2,1143,69.0,0,6,0.0,1,0.0,Corsican National Liberation Front (FLNC)
11672,1984,2,29,0,183,11,18,102,-29.156284,31.407625,1.0,0,0.0,1,0,3,3,195,183.0,0,6,1.0,1,0.0,African National Congress (South Africa)
46483,2009,5,5,0,4,6,459,2573,32.625149,62.479768,3.0,0,0.0,1,0,2,14,3116,4.0,0,5,3.0,-9,0.0,Taliban
44443,2008,1,1,0,160,5,9,2018,6.483545,125.066665,1.0,0,0.0,1,0,2,1,2410,14.0,0,5,0.0,1,0.0,New People's Army (NPA)
10843,1983,9,17,0,603,8,178,1183,54.347539,-6.656108,1.0,0,0.0,1,0,7,1,1539,233.0,0,8,0.0,1,0.0,Irish Republican Army (IRA)
11470,1984,1,26,0,159,3,432,2391,-13.152712,-74.218628,1.0,0,0.0,1,0,1,14,2879,159.0,0,5,1.0,0,0.0,Shining Path (SL)
8384,1982,2,9,0,45,3,326,2359,1.207787,-77.2772,1.0,0,0.0,1,0,2,1,705,45.0,0,5,1.0,1,1.0,Revolutionary Armed Forces of Colombia (FARC)
8956,1982,7,20,0,159,3,433,2393,-10.680652,-76.259918,1.0,0,0.0,1,0,3,21,1238,159.0,0,6,1.0,1,0.0,Shining Path (SL)
27979,1991,7,30,0,45,3,343,2319,3.420628,-76.522119,3.0,0,0.0,1,0,1,2,2749,45.0,0,5,2.0,0,0.0,Revolutionary Armed Forces of Colombia (FARC)
13954,1985,5,31,0,183,11,19,96,-26.184113,28.033232,1.0,0,0.0,1,0,3,1,204,183.0,0,6,0.0,1,0.0,African National Congress (South Africa)
67192,2015,4,26,0,214,9,135,797,48.064426,37.673248,1.0,1,1.0,1,0,3,4,48,214.0,0,6,0.0,-9,0.0,Donetsk People's Republic
64204,2014,11,27,1,4,6,463,2623,31.859575,64.200998,3.0,0,0.0,1,1,3,4,3147,4.0,0,6,26.0,1,0.0,Taliban
73007,2016,2,24,0,228,10,55,265,13.063399,44.880882,1.0,0,0.0,1,0,3,2,405,228.0,0,6,0.0,1,0.0,Al-Qaida in the Arabian Peninsula (AQAP)
32351,1994,1,25,0,209,10,219,1343,37.922218,40.184376,1.0,0,0.0,1,0,3,2,1668,209.0,0,6,1.0,1,0.0,Kurdistan Workers' Party (PKK)
31956,1992,12,3,0,69,8,126,24,41.918891,8.737554,4.0,0,1.0,1,0,3,2,410,69.0,0,6,0.0,1,0.0,Corsican National Liberation Front (FLNC)
15427,1986,4,3,0,159,3,256,1556,-11.967368,-76.978462,1.0,0,1.0,1,0,3,2,3337,159.0,0,6,1.0,1,0.0,Tupac Amaru Revolutionary Movement (MRTA)
24712,1990,4,12,0,43,3,250,1544,-33.366238,-70.505302,1.0,0,0.0,1,0,3,2,1911,43.0,0,6,0.0,1,0.0,Manuel Rodriguez Patriotic Front (FPMR)
32091,1992,12,16,0,45,3,324,1846,7.894195,-72.503885,1.0,0,1.0,0,0,3,20,2253,45.0,0,6,0.0,1,0.0,National Liberation Army of Colombia (ELN)
29566,1992,1,29,0,92,6,447,2480,28.585836,77.153336,1.0,0,0.0,1,0,3,19,56,92.0,0,6,1.0,1,0.0,Sikh Extremists
72607,2016,2,1,0,209,10,210,1395,37.372713,41.93286,3.0,0,0.0,1,0,3,3,409,209.0,0,6,1.0,1,0.0,Kurdistan Workers' Party (PKK)
16055,1986,8,8,0,159,3,256,1556,-11.967368,-76.978462,1.0,0,0.0,1,0,3,2,3378,159.0,0,6,0.0,1,0.0,Tupac Amaru Revolutionary Movement (MRTA)
69538,2015,8,16,0,209,10,214,1335,40.871254,43.458685,1.0,1,0.0,1,0,3,4,48,209.0,0,6,4.0,-9,0.0,Kurdistan Workers' Party (PKK)
72891,2016,2,16,0,209,10,213,1370,37.080181,41.220196,1.0,0,1.0,0,0,2,13,1681,209.0,0,5,0.0,0,0.0,Kurdistan Workers' Party (PKK)
4312,1978,9,12,0,155,10,410,2211,32.222271,35.253506,1.0,0,0.0,0,0,7,2,2536,97.0,0,8,0.0,1,0.0,Palestinians
72731,2016,2,8,0,45,3,333,1833,7.081767,-70.753639,1.0,0,0.0,1,0,3,4,2254,45.0,0,6,0.0,1,0.0,National Liberation Army of Colombia (ELN)
11455,1984,1,24,0,145,2,403,2133,12.398896,-86.813327,1.0,0,0.0,1,0,2,4,1239,145.0,0,5,1.0,1,0.0,Nicaraguan Democratic Force (FDN)
24747,1990,4,20,0,92,6,318,2483,31.8186,75.2028,1.0,0,0.0,1,0,2,14,2986,92.0,0,5,4.0,1,0.0,Sikh Extremists
68508,2015,6,27,0,228,10,45,1134,12.760069,44.890266,1.0,0,0.0,1,0,3,1,1391,228.0,0,6,1.0,1,0.0,Houthi extremists (Ansar Allah)
59151,2014,3,21,0,147,11,100,516,11.392607,12.913806,2.0,0,0.0,1,0,2,14,13,147.0,0,8,2.0,1,0.0,Boko Haram
5538,1979,9,5,0,185,8,81,388,43.291618,-1.977903,1.0,0,0.0,0,0,3,1,776,69.0,0,6,0.0,0,0.0,Basque Fatherland and Freedom (ETA)
53228,2012,9,9,0,95,10,29,176,33.31065,44.038208,1.0,0,1.0,1,0,2,4,20,95.0,0,5,5.0,0,0.0,Al-Qaida in Iraq
54717,2013,2,26,0,147,11,102,528,12.187141,11.706829,2.0,0,0.0,1,0,2,17,880,147.0,0,5,7.0,0,0.0,Boko Haram
77903,2016,12,4,0,95,10,34,184,36.354145,43.14357,1.0,0,1.0,1,0,3,14,1222,95.0,0,6,4.0,-9,0.0,Islamic State of Iraq and the Levant (ISIL)
76854,2016,10,4,0,228,10,57,279,13.586484,44.024105,1.0,0,1.0,1,0,3,14,1222,228.0,0,6,0.0,-9,0.0,Houthi extremists (Ansar Allah)
15653,1986,5,22,0,159,3,430,2429,-12.068306,-75.210163,3.0,0,0.0,1,0,3,1,3357,159.0,0,6,0.0,1,0.0,Tupac Amaru Revolutionary Movement (MRTA)
44892,2008,5,13,0,160,5,4,15,6.929089,122.07885,1.0,0,0.0,1,0,3,15,44,160.0,0,6,0.0,1,0.0,Abu Sayyaf Group (ASG)
49027,2010,12,10,0,92,6,120,702,23.066347,87.403396,2.0,0,0.0,1,0,2,14,1032,92.0,0,5,2.0,0,0.0,Communist Party of India - Maoist (CPI-Maoist)
18384,1987,11,3,0,159,3,145,2439,-8.145109,-78.17352,1.0,0,0.0,1,0,1,2,2921,159.0,0,5,1.0,0,0.0,Shining Path (SL)
43035,2006,5,22,0,4,6,463,24,32.603077,64.890852,4.0,0,0.0,1,0,2,3,3130,4.0,0,5,3.0,1,0.0,Taliban
25430,1990,7,23,1,155,10,410,2247,31.907141,35.198219,1.0,0,0.0,1,0,6,14,2612,155.0,0,5,1.0,0,1.0,Palestinians
20235,1988,8,27,0,92,6,318,2509,31.633979,74.872264,3.0,0,0.0,1,0,2,3,292,92.0,0,5,4.0,1,0.0,Sikh Extremists
13725,1985,5,7,0,145,2,397,2085,12.538409,-85.573921,3.0,0,0.0,1,0,2,4,2216,145.0,0,5,9.0,1,0.0,Nicaraguan Democratic Force (FDN)
35125,1996,3,6,0,159,3,256,1556,-11.967368,-76.978462,1.0,0,0.0,1,0,1,14,2857,159.0,0,5,1.0,0,0.0,Shining Path (SL)
32906,1994,4,26,0,603,8,178,1179,54.607712,-5.95621,1.0,0,1.0,1,0,2,14,1465,216.0,0,5,0.0,0,0.0,Irish Republican Army (IRA)
19252,1988,3,29,0,43,3,250,1544,-33.366238,-70.505302,1.0,0,1.0,1,0,2,19,56,43.0,0,8,0.0,1,0.0,Manuel Rodriguez Patriotic Front (FPMR)
49453,2011,3,28,0,228,10,49,243,13.219398,45.307838,1.0,1,0.0,1,0,3,1,471,228.0,0,6,110.0,1,0.0,Al-Qaida in the Arabian Peninsula (AQAP)
43268,2006,8,29,0,186,6,206,1489,7.099307,81.852488,1.0,0,0.0,1,0,2,14,1810,186.0,0,5,1.0,0,0.0,Liberation Tigers of Tamil Eelam (LTTE)
55774,2013,6,17,0,147,11,100,466,11.840929,13.141459,1.0,0,0.0,1,0,2,8,856,147.0,0,5,9.0,1,0.0,Boko Haram
47085,2009,9,9,0,92,6,119,621,18.446111,81.166667,1.0,0,0.0,1,0,3,3,940,92.0,0,6,0.0,-9,0.0,Communist Party of India - Maoist (CPI-Maoist)
63530,2014,10,18,1,147,11,105,506,10.645108,13.484032,1.0,0,1.0,1,0,6,14,27,147.0,0,8,1.0,1,1.0,Boko Haram
62268,2014,8,16,1,160,5,1,2,6.066812,121.100482,1.0,0,0.0,1,0,6,2,71,160.0,0,5,1.0,-9,1.0,Abu Sayyaf Group (ASG)
56603,2013,8,28,0,95,10,30,177,33.303566,44.371773,1.0,0,1.0,1,1,3,14,13,95.0,0,6,6.0,0,0.0,Islamic State of Iraq and the Levant (ISIL)
25052,1990,5,30,0,160,5,11,43,14.596051,120.978666,1.0,0,0.0,1,0,1,14,2350,160.0,0,5,1.0,0,0.0,New People's Army (NPA)
65376,2015,1,26,0,113,10,267,1715,30.491793,18.547119,1.0,0,0.0,1,0,3,14,1226,113.0,0,6,0.0,1,0.0,Muslim extremists
62504,2014,8,28,0,95,10,35,180,35.45211,44.375465,1.0,0,0.0,1,0,3,4,12,95.0,0,6,1.0,0,0.0,Islamic State of Iraq and the Levant (ISIL)
17820,1987,8,9,0,61,2,148,893,13.558889,-88.43,1.0,0,0.0,1,0,7,2,1302,61.0,0,5,0.0,1,0.0,Farabundo Marti National Liberation Front (FMLN)
69493,2015,8,14,0,209,10,211,1336,37.570354,44.282055,3.0,0,0.0,1,0,2,3,1706,209.0,0,5,1.0,-9,0.0,Kurdistan Workers' Party (PKK)
51128,2012,2,23,0,95,10,34,184,36.354145,43.14357,1.0,0,1.0,1,0,2,4,20,95.0,0,5,1.0,-9,0.0,Al-Qaida in Iraq
61064,2014,6,25,0,95,10,34,1762,36.269463,43.374397,1.0,0,0.0,1,0,3,14,855,95.0,0,6,0.0,-9,0.0,Muslim extremists
56552,2013,8,25,0,228,10,50,241,15.325443,44.211895,1.0,0,0.0,1,0,3,4,56,228.0,0,6,6.0,1,0.0,Al-Qaida in the Arabian Peninsula (AQAP)
56118,2013,7,19,0,228,10,45,236,12.825647,44.846416,1.0,0,0.0,1,0,1,17,526,228.0,0,5,1.0,0,0.0,Al-Qaida in the Arabian Peninsula (AQAP)
65224,2015,1,17,0,123,11,296,1770,18.442701,1.411332,1.0,0,1.0,1,1,3,7,20,422.0,0,6,1.0,1,0.0,Muslim extremists
27694,1991,7,4,0,45,3,339,1857,5.45394,-73.36205,1.0,0,0.0,1,0,1,2,2260,45.0,0,5,1.0,0,0.0,National Liberation Army of Colombia (ELN)
54494,2013,2,2,0,92,6,120,694,22.585272,87.049698,1.0,1,0.0,0,0,3,20,6,92.0,0,6,0.0,0,0.0,Maoists
4812,1979,3,10,0,69,8,126,24,41.918891,8.737554,4.0,0,1.0,1,0,3,1,805,69.0,0,6,0.0,1,0.0,Corsican National Liberation Front (FLNC)
49364,2011,3,9,0,153,6,484,2708,34.006004,71.53743,1.0,1,0.0,1,1,3,14,3203,153.0,0,6,26.0,0,0.0,Tehrik-i-Taliban Pakistan (TTP)
42612,2006,1,19,0,69,8,126,750,41.930607,8.742907,1.0,0,0.0,1,0,3,3,1093,69.0,0,6,0.0,1,0.0,Corsican National Liberation Front (FLNC)
54125,2012,12,31,0,95,10,31,179,33.74324,44.623825,1.0,1,1.0,1,0,2,2,387,95.0,0,5,1.0,-9,0.0,Al-Qaida in Iraq
23287,1989,10,4,0,155,10,410,2258,31.862497,35.46188,1.0,0,0.0,1,0,1,14,2631,155.0,0,9,1.0,0,0.0,Palestinians
7964,1981,9,1,0,97,10,242,2253,32.93095,35.083187,1.0,0,0.0,1,0,3,4,2619,97.0,0,6,1.0,1,0.0,Palestinians
60763,2014,6,10,0,228,10,48,24,15.46591,45.293941,4.0,0,1.0,1,0,3,21,443,228.0,0,6,0.0,1,0.0,Al-Qaida in the Arabian Peninsula (AQAP)
52117,2012,5,30,0,228,10,49,243,13.219398,45.307838,1.0,1,0.0,1,0,2,4,482,228.0,0,5,25.0,1,0.0,Al-Qaida in the Arabian Peninsula (AQAP)
44730,2008,4,12,0,185,8,89,24,42.695391,-1.676069,4.0,0,0.0,1,0,3,16,692,185.0,0,6,0.0,1,0.0,Basque Fatherland and Freedom (ETA)
66600,2015,3,28,0,147,11,100,515,10.749466,12.151123,1.0,0,0.0,1,0,2,14,855,147.0,0,5,25.0,1,0.0,Boko Haram
36254,1997,4,21,0,186,6,206,1456,7.921328,81.52467,1.0,0,0.0,1,0,2,3,1188,186.0,0,5,1.0,0,0.0,Liberation Tigers of Tamil Eelam (LTTE)
22492,1989,7,13,0,186,6,241,1437,6.941837,79.861687,1.0,0,0.0,1,0,1,17,1782,186.0,0,5,2.0,0,0.0,Liberation Tigers of Tamil Eelam (LTTE)
31958,1992,12,3,0,69,8,126,24,41.918891,8.737554,4.0,0,1.0,1,0,3,2,410,69.0,0,6,0.0,1,0.0,Corsican National Liberation Front (FLNC)
35094,1996,2,22,0,185,8,81,382,43.258434,-2.921819,1.0,0,0.0,0,0,3,2,709,185.0,0,6,0.0,1,0.0,Basque Fatherland and Freedom (ETA)
18339,1987,10,29,0,69,8,126,758,42.6042,8.929852,1.0,0,1.0,1,0,3,14,1100,21.0,0,6,0.0,1,0.0,Corsican National Liberation Front (FLNC)
32907,1994,4,26,0,603,8,178,1179,54.607712,-5.95621,1.0,0,1.0,1,0,2,14,1465,216.0,0,5,0.0,0,0.0,Irish Republican Army (IRA)
17791,1987,8,3,0,160,5,3,9,10.295334,123.87825,1.0,0,0.0,1,0,1,3,2370,160.0,0,5,3.0,0,0.0,New People's Army (NPA)
43945,2007,6,13,0,95,10,33,182,34.208416,43.890713,1.0,0,1.0,1,0,3,15,363,95.0,0,6,0.0,1,0.0,Al-Qaida in Iraq
11015,1983,10,23,0,185,8,81,388,43.291618,-1.977903,1.0,0,0.0,1,0,3,4,740,185.0,0,6,0.0,1,0.0,Basque Fatherland and Freedom (ETA)
52682,2012,7,23,0,95,10,31,210,33.784248,44.50972,1.0,0,1.0,1,0,3,19,56,95.0,0,6,3.0,1,0.0,Al-Qaida in Iraq
56976,2013,9,30,0,228,10,169,24,17.057623,43.970781,4.0,0,1.0,1,0,2,4,1413,228.0,0,5,1.0,-9,0.0,Houthi extremists (Ansar Allah)
37491,1999,7,8,1,45,3,327,1545,5.615262,-75.624692,1.0,0,0.0,0,0,3,3,2777,45.0,0,6,25.0,1,0.0,Revolutionary Armed Forces of Colombia (FARC)
57040,2013,10,7,1,228,10,52,258,14.413989,44.837418,1.0,0,0.0,1,0,6,4,20,228.0,0,5,4.0,-9,1.0,Al-Qaida in the Arabian Peninsula (AQAP)
30703,1992,7,10,0,98,8,95,417,45.469212,9.174508,1.0,0,0.0,1,0,3,1,721,185.0,0,6,0.0,1,0.0,Basque Fatherland and Freedom (ETA)
10923,1983,10,6,0,603,8,178,1215,54.645861,-6.745149,1.0,0,0.0,1,0,3,14,1100,233.0,0,6,0.0,1,0.0,Irish Republican Army (IRA)
41241,2004,1,7,0,45,3,337,2327,5.499147,-75.183126,1.0,0,0.0,1,0,2,14,2764,45.0,0,5,8.0,0,0.0,Revolutionary Armed Forces of Colombia (FARC)
50364,2011,11,11,0,182,11,63,304,2.059819,45.326115,1.0,0,1.0,1,0,2,4,578,182.0,0,5,3.0,-9,0.0,Al-Shabaab
12719,1984,8,31,0,159,3,256,1556,-11.967368,-76.978462,1.0,0,0.0,1,0,1,3,2897,159.0,0,5,1.0,0,0.0,Shining Path (SL)
79389,2017,3,14,1,33,11,294,1774,14.20701,-1.852514,1.0,0,0.0,1,0,6,8,51,33.0,0,8,1.0,1,1.0,Muslim extremists
21270,1989,1,28,0,61,2,139,853,13.69288,-89.199161,1.0,0,0.0,1,0,2,4,1312,61.0,0,5,0.0,1,0.0,Farabundo Marti National Liberation Front (FMLN)
17365,1987,6,6,0,160,5,11,43,14.596051,120.978666,1.0,0,0.0,1,0,1,4,2403,160.0,0,5,1.0,0,0.0,New People's Army (NPA)
69509,2015,8,15,0,160,5,348,1991,8.113273,125.607828,1.0,1,1.0,1,0,2,14,2383,160.0,0,5,1.0,-9,0.0,New People's Army (NPA)
15366,1986,3,26,0,92,6,318,2506,31.234401,76.505465,1.0,0,0.0,1,0,2,14,27,92.0,0,9,7.0,1,0.0,Sikh Extremists
51123,2012,2,23,0,95,10,31,179,33.74324,44.623825,1.0,0,1.0,1,0,3,14,13,95.0,0,6,3.0,1,0.0,Al-Qaida in Iraq
15469,1986,4,14,0,45,3,331,1827,7.116294,-73.120026,1.0,0,0.0,1,0,3,2,2234,45.0,0,6,1.0,1,0.0,National Liberation Army of Colombia (ELN)
24327,1990,2,28,0,92,6,260,24,22.258652,71.192381,4.0,0,0.0,1,0,6,2,2036,92.0,0,5,0.0,0,1.0,Maoists
65238,2015,1,19,0,214,9,135,797,48.064426,37.673248,1.0,0,1.0,1,0,3,4,48,214.0,0,6,1.0,-9,0.0,Donetsk People's Republic
29093,1991,11,20,0,159,3,256,1556,-11.967368,-76.978462,1.0,0,0.0,1,0,3,2,3408,159.0,0,6,0.0,1,0.0,Tupac Amaru Revolutionary Movement (MRTA)
15825,1986,6,20,0,159,3,256,1556,-11.967368,-76.978462,1.0,0,0.0,1,0,2,4,2878,159.0,0,8,1.0,1,0.0,Shining Path (SL)
44636,2008,3,21,0,185,8,98,428,42.303719,-1.965034,1.0,0,0.0,1,0,3,3,744,185.0,0,6,0.0,1,0.0,Basque Fatherland and Freedom (ETA)
12742,1984,9,4,0,603,8,178,1198,54.183052,-6.341388,1.0,0,0.0,1,0,3,19,1477,233.0,0,6,0.0,1,0.0,Irish Republican Army (IRA)
17280,1987,5,20,0,183,11,19,96,-26.184113,28.033232,1.0,0,0.0,1,0,3,2,233,183.0,0,6,3.0,1,0.0,African National Congress (South Africa)
15109,1986,1,25,0,145,2,405,2167,12.533333,-84.166667,1.0,0,0.0,1,0,2,4,1239,145.0,0,5,1.0,1,0.0,Nicaraguan Democratic Force (FDN)
3026,1976,12,11,0,603,8,178,1180,55.011562,-7.312045,1.0,0,0.0,1,0,1,4,1503,216.0,0,5,1.0,0,0.0,Irish Republican Army (IRA)
13338,1985,1,28,0,159,3,433,2393,-10.680652,-76.259918,1.0,0,0.0,1,0,3,21,2848,159.0,0,6,1.0,1,0.0,Shining Path (SL)
22097,1989,5,11,0,185,8,86,424,43.46096,-3.807934,3.0,0,1.0,1,0,3,19,735,185.0,0,6,0.0,1,0.0,Basque Fatherland and Freedom (ETA)
45849,2008,12,13,0,160,5,349,1946,10.801934,123.488506,1.0,0,0.0,1,0,3,16,2368,160.0,0,6,0.0,1,0.0,New People's Army (NPA)
40361,2002,10,3,0,160,5,4,15,6.929089,122.07885,1.0,0,0.0,1,0,3,15,62,160.0,0,6,0.0,1,0.0,Abu Sayyaf Group (ASG)
80383,2017,5,18,0,147,11,161,976,4.807169,7.341951,1.0,0,0.0,1,0,2,14,13,147.0,0,5,2.0,0,0.0,Fulani extremists
61057,2014,6,25,0,45,3,328,1819,4.667128,-74.106056,1.0,0,1.0,1,0,3,20,6,45.0,0,6,0.0,1,0.0,Revolutionary Armed Forces of Colombia (FARC)
69031,2015,7,22,0,147,11,100,521,11.840929,13.141459,1.0,0,0.0,1,0,2,14,27,147.0,0,5,8.0,0,0.0,Boko Haram
30333,1992,5,15,0,92,6,269,1764,34.08374,74.789902,1.0,0,0.0,1,0,2,3,2979,92.0,0,5,3.0,1,0.0,Sikh Extremists
73379,2016,3,12,0,182,11,61,311,2.14383,45.118061,1.0,0,0.0,1,0,3,4,48,182.0,0,6,0.0,0,0.0,Al-Shabaab
18116,1987,9,24,0,43,3,250,1544,-33.366238,-70.505302,1.0,0,0.0,1,0,3,1,1119,43.0,0,6,0.0,1,0.0,Manuel Rodriguez Patriotic Front (FPMR)
11775,1984,3,15,0,61,2,147,917,13.818333,-87.971389,1.0,0,0.0,1,0,2,4,1265,61.0,0,5,1.0,1,0.0,Farabundo Marti National Liberation Front (FMLN)
48302,2010,7,5,0,182,11,63,304,2.059819,45.326115,1.0,0,1.0,1,0,2,17,622,182.0,0,5,6.0,0,0.0,Al-Shabaab
10823,1983,9,13,0,183,11,18,136,-29.890769,30.975174,1.0,0,0.0,1,0,3,1,248,183.0,0,6,0.0,1,0.0,African National Congress (South Africa)
63040,2014,9,26,0,122,6,281,1736,4.175278,73.508889,1.0,0,1.0,1,0,7,2,2131,122.0,0,8,0.0,1,0.0,Muslim extremists
74301,2016,5,8,0,147,11,158,1039,8.586602,10.36172,2.0,0,1.0,1,0,2,14,27,147.0,0,5,2.0,1,0.0,Fulani extremists
83369,2017,12,4,0,147,11,105,1037,9.462209,12.030083,3.0,0,0.0,1,0,2,1,1351,147.0,0,5,1.0,1,0.0,Fulani extremists
46394,2009,4,14,0,45,3,333,1837,6.95284,-71.87514,1.0,0,0.0,1,0,2,3,2707,45.0,0,5,2.0,-9,0.0,Revolutionary Armed Forces of Colombia (FARC)
64073,2014,11,18,0,214,9,135,792,47.981647,37.762325,1.0,0,0.0,1,0,3,4,1194,214.0,0,6,1.0,-9,0.0,Donetsk People's Republic
1747,1974,6,22,0,603,8,178,1179,54.607712,-5.95621,1.0,0,0.0,1,0,1,3,1550,233.0,0,5,1.0,0,0.0,Irish Republican Army (IRA)
29490,1992,1,18,0,69,8,129,760,48.113475,-1.675708,1.0,0,1.0,1,0,3,2,1103,69.0,0,6,0.0,1,0.0,Corsican National Liberation Front (FLNC)
46058,2009,1,25,0,92,6,119,593,18.9,81.35,1.0,0,0.0,1,0,7,14,913,92.0,0,8,0.0,1,0.0,Communist Party of India - Maoist (CPI-Maoist)
37595,1999,8,23,1,107,7,290,1750,39.632764,70.973749,1.0,0,0.0,1,0,6,1,2142,101.0,0,5,0.0,-9,1.0,Muslim extremists
23449,1989,10,19,0,61,2,139,853,13.69288,-89.199161,1.0,0,0.0,1,0,1,1,1289,61.0,0,6,0.0,1,0.0,Farabundo Marti National Liberation Front (FMLN)
22679,1989,8,9,0,92,6,446,2477,29.685693,76.990483,1.0,0,0.0,1,0,3,19,2391,92.0,0,6,13.0,1,0.0,Sikh Extremists
77922,2016,12,5,0,200,10,187,1720,36.201721,37.14352,1.0,0,1.0,1,0,3,4,2138,167.0,0,6,2.0,1,0.0,Muslim extremists
82752,2017,10,15,0,153,6,389,2710,33.831888,69.960989,1.0,0,1.0,1,0,3,4,3204,153.0,0,6,4.0,0,0.0,Tehrik-i-Taliban Pakistan (TTP)
19833,1988,6,23,0,92,6,318,2475,30.898024,75.860077,1.0,0,0.0,1,0,1,3,1188,92.0,0,5,2.0,0,0.0,Sikh Extremists
25034,1990,5,27,0,142,8,180,1202,51.192442,5.994695,1.0,0,0.0,1,0,1,1,1487,14.0,0,5,2.0,0,0.0,Irish Republican Army (IRA)
13231,1985,1,2,0,185,8,81,378,43.178205,-2.31164,1.0,0,0.0,1,0,1,22,734,185.0,0,5,1.0,0,0.0,Basque Fatherland and Freedom (ETA)
62476,2014,8,27,0,45,3,327,2332,6.961684,-75.426826,3.0,0,0.0,0,0,2,14,2030,45.0,0,8,0.0,1,0.0,Revolutionary Armed Forces of Colombia (FARC)
58294,2014,1,27,0,45,3,324,1838,8.533734,-73.456863,1.0,0,0.0,1,0,3,21,2222,45.0,0,6,0.0,1,0.0,National Liberation Army of Colombia (ELN)
61441,2014,7,10,0,214,9,135,792,47.981647,37.762325,1.0,0,0.0,1,0,2,4,1194,214.0,0,6,0.0,-9,0.0,Donetsk People's Republic
19713,1988,6,7,0,43,3,250,1544,-33.366238,-70.505302,1.0,0,0.0,1,0,1,4,1928,43.0,0,5,1.0,0,0.0,Manuel Rodriguez Patriotic Front (FPMR)
32290,1994,1,18,0,45,3,327,1858,7.07786,-74.70355,1.0,0,0.0,1,0,3,21,2263,45.0,0,6,0.0,1,0.0,National Liberation Army of Colombia (ELN)
66176,2015,3,5,0,214,9,135,793,47.098835,37.81987,1.0,0,0.0,1,0,2,4,48,214.0,0,6,0.0,0,0.0,Donetsk People's Republic
26510,1991,1,10,0,97,10,412,2215,31.771599,35.2034,1.0,0,0.0,1,0,7,7,2621,217.0,0,8,0.0,1,0.0,Palestinians
19125,1988,3,12,0,92,6,318,2527,30.672393,74.755048,3.0,0,0.0,1,0,1,1,3041,92.0,0,5,1.0,0,0.0,Sikh Extremists
23810,1989,11,30,0,155,10,410,2211,32.222271,35.253506,1.0,0,0.0,1,0,1,14,2628,155.0,0,9,1.0,0,0.0,Palestinians
64022,2014,11,16,0,95,10,33,1259,33.994591,44.357273,1.0,0,1.0,1,0,3,14,602,95.0,0,6,0.0,1,0.0,Islamic State of Iraq and the Levant (ISIL)
41270,2004,2,16,0,45,3,335,2348,6.099066,-72.247791,1.0,0,0.0,1,0,3,14,2790,45.0,0,6,0.0,1,0.0,Revolutionary Armed Forces of Colombia (FARC)
4894,1979,3,23,0,603,8,178,24,54.787715,-6.492314,4.0,0,0.0,1,0,3,1,705,233.0,0,6,1.0,1,0.0,Irish Republican Army (IRA)
79534,2017,3,23,0,160,5,348,2028,8.068792,125.488951,2.0,0,0.0,1,0,2,14,13,160.0,0,5,3.0,0,0.0,New People's Army (NPA)
37972,2000,3,26,0,45,3,342,2302,4.29692,-74.80707,1.0,0,0.0,1,0,3,14,2731,45.0,0,6,1.0,1,0.0,Revolutionary Armed Forces of Colombia (FARC)
57616,2013,12,4,0,200,10,198,24,35.833402,36.696653,4.0,0,0.0,1,0,6,10,1623,95.0,0,5,1.0,0,1.0,Islamic State of Iraq and the Levant (ISIL)
8427,1982,3,1,0,159,3,432,2391,-13.152712,-74.218628,1.0,0,0.0,1,0,3,21,2919,159.0,0,6,1.0,1,0.0,Shining Path (SL)
18528,1987,11,25,0,43,3,250,1544,-33.366238,-70.505302,1.0,0,1.0,1,0,3,14,782,43.0,0,6,0.0,1,0.0,Manuel Rodriguez Patriotic Front (FPMR)
35762,1996,9,30,0,186,6,242,1494,7.924677,81.544937,1.0,0,0.0,1,0,2,3,1819,186.0,0,5,0.0,1,0.0,Liberation Tigers of Tamil Eelam (LTTE)
55219,2013,4,22,0,4,6,463,2597,30.54807,63.791685,3.0,0,0.0,1,0,2,3,85,4.0,0,5,4.0,1,0.0,Taliban
10116,1983,4,28,0,69,8,128,767,43.529742,5.447427,1.0,0,1.0,1,0,3,1,805,69.0,0,6,0.0,1,0.0,Corsican National Liberation Front (FLNC)
78531,2017,1,19,1,160,5,2,24,6.078236,118.314049,4.0,0,0.0,1,0,6,11,32,121.0,0,5,1.0,0,1.0,Abu Sayyaf Group (ASG)
58278,2014,1,26,0,92,6,118,1597,23.165614,84.516234,3.0,0,0.0,1,0,7,14,2030,92.0,0,8,0.0,1,0.0,Maoists
66994,2015,4,18,0,182,11,74,321,11.274796,49.179657,1.0,0,0.0,1,0,2,3,573,182.0,0,6,0.0,1,0.0,Al-Shabaab
20887,1988,12,5,0,61,2,147,872,13.805691,-88.145787,1.0,0,0.0,1,0,2,14,1252,61.0,0,5,0.0,1,0.0,Farabundo Marti National Liberation Front (FMLN)
18337,1987,10,29,0,69,8,126,758,42.6042,8.929852,1.0,0,1.0,1,0,3,14,1100,21.0,0,6,0.0,1,0.0,Corsican National Liberation Front (FLNC)
20592,1988,10,26,0,185,8,81,385,42.84964,-2.692359,1.0,0,0.0,1,0,3,1,661,185.0,0,6,0.0,1,0.0,Basque Fatherland and Freedom (ETA)
68876,2015,7,15,1,92,6,122,1653,19.575505,84.640013,1.0,0,1.0,1,0,6,14,13,92.0,0,5,0.0,0,1.0,Maoists
76406,2016,9,12,0,228,10,57,279,13.586484,44.024105,1.0,0,0.0,1,0,3,14,1394,228.0,0,6,1.0,1,0.0,Houthi extremists (Ansar Allah)
64709,2014,12,27,0,182,11,64,305,4.120602,43.890526,1.0,1,0.0,1,0,2,19,557,182.0,0,5,5.0,1,0.0,Al-Shabaab
31963,1992,12,3,0,69,8,126,24,41.918891,8.737554,4.0,0,1.0,1,0,3,2,410,69.0,0,6,0.0,1,0.0,Corsican National Liberation Front (FLNC)
65761,2015,2,11,1,45,3,325,1817,6.067805,-77.164991,2.0,1,0.0,1,0,6,14,13,45.0,0,5,1.0,0,1.0,National Liberation Army of Colombia (ELN)
72753,2016,2,9,0,209,10,210,1383,37.179054,41.877727,1.0,0,0.0,1,0,2,4,172,209.0,0,6,0.0,-9,0.0,Kurdistan Workers' Party (PKK)
29222,1991,12,9,0,69,8,126,753,42.699997,9.447317,1.0,0,0.0,1,0,3,1,1110,69.0,0,6,0.0,1,0.0,Corsican National Liberation Front (FLNC)
79233,2017,3,2,0,92,6,122,1650,19.924879,83.143859,3.0,0,0.0,1,0,3,20,6,92.0,0,6,0.0,0,0.0,Maoists
23232,1989,10,1,0,97,10,410,2218,32.283429,35.384778,1.0,0,0.0,1,0,1,14,2546,155.0,0,9,1.0,0,0.0,Palestinians
3681,1977,12,10,0,185,8,89,404,42.815372,-1.653616,1.0,0,0.0,1,0,1,3,742,185.0,0,5,3.0,0,0.0,Basque Fatherland and Freedom (ETA)
41885,2005,3,30,0,186,6,73,1471,7.775413,81.606247,1.0,1,0.0,1,0,3,22,1781,186.0,0,6,0.0,0,0.0,Liberation Tigers of Tamil Eelam (LTTE)
14284,1985,7,22,0,145,2,401,2113,12.836184,-85.934374,1.0,0,0.0,1,0,2,4,412,145.0,0,5,3.0,1,0.0,Nicaraguan Democratic Force (FDN)
16095,1986,8,15,0,145,2,403,2141,12.71321,-86.511845,1.0,0,0.0,1,0,2,14,2499,145.0,0,5,1.0,1,0.0,Nicaraguan Democratic Force (FDN)
15092,1986,1,22,0,159,3,256,1556,-11.967368,-76.978462,1.0,0,0.0,1,0,3,1,3409,217.0,0,6,0.0,1,0.0,Tupac Amaru Revolutionary Movement (MRTA)
44877,2008,5,10,0,186,6,206,1441,8.577826,81.218719,1.0,0,0.0,1,1,3,4,1798,186.0,0,6,1.0,1,0.0,Liberation Tigers of Tamil Eelam (LTTE)
27362,1991,5,26,0,92,6,318,2495,31.326015,75.576183,1.0,1,0.0,1,0,2,3,412,92.0,0,5,4.0,1,0.0,Sikh Extremists
67991,2015,5,31,1,214,9,135,809,47.942608,37.505135,1.0,1,0.0,1,0,6,4,48,214.0,0,5,2.0,0,1.0,Donetsk People's Republic
3975,1978,3,17,0,185,8,83,382,43.258434,-2.921819,1.0,0,0.0,1,0,3,21,663,185.0,0,6,2.0,1,0.0,Basque Fatherland and Freedom (ETA)
27463,1991,6,4,0,159,3,435,2436,-14.789584,-71.412125,1.0,0,0.0,1,0,1,2,2913,159.0,0,5,2.0,0,0.0,Shining Path (SL)
25206,1990,6,16,0,45,3,341,24,2.243589,-77.010385,4.0,0,0.0,1,0,1,14,2709,45.0,0,5,8.0,0,0.0,Revolutionary Armed Forces of Colombia (FARC)
13661,1985,4,29,0,145,2,401,2127,12.822269,-86.002138,2.0,1,0.0,1,0,3,19,2489,145.0,0,5,3.0,1,0.0,Nicaraguan Democratic Force (FDN)
72100,2016,1,5,0,95,10,29,193,33.420948,43.295662,1.0,0,0.0,1,0,3,1,391,95.0,0,6,0.0,1,0.0,Islamic State of Iraq and the Levant (ISIL)
48038,2010,5,17,0,182,11,63,304,2.059819,45.326115,1.0,0,0.0,1,0,2,14,600,182.0,0,5,1.0,0,0.0,Al-Shabaab
74813,2016,6,7,0,92,6,119,1566,19.595851,81.663777,3.0,0,0.0,0,0,3,20,6,92.0,0,6,0.0,0,0.0,Maoists
82139,2017,8,28,0,92,6,119,743,19.102975,81.949115,3.0,0,0.0,1,0,2,14,2026,92.0,0,12,1.0,0,1.0,Maoists
14293,1985,7,23,0,159,3,256,1556,-11.967368,-76.978462,1.0,0,0.0,1,0,3,1,2874,159.0,0,6,0.0,1,0.0,Shining Path (SL)
20205,1988,8,25,0,92,6,318,2525,31.448943,74.925262,1.0,0,0.0,1,0,1,1,3006,92.0,0,5,1.0,0,0.0,Sikh Extremists
17660,1987,7,19,0,183,11,25,121,-33.941849,18.41964,1.0,0,0.0,0,0,3,4,226,183.0,0,6,0.0,0,0.0,African National Congress (South Africa)
56309,2013,8,4,0,167,9,282,1737,42.98542,47.450668,1.0,0,1.0,1,0,3,1,881,167.0,0,6,0.0,0,0.0,Muslim extremists
78190,2016,12,25,0,37,11,109,534,11.046735,14.140454,1.0,0,1.0,1,1,3,14,334,37.0,0,6,3.0,1,0.0,Boko Haram
24517,1990,3,26,0,160,5,11,43,14.596051,120.978666,1.0,0,0.0,1,0,1,1,2401,160.0,0,5,1.0,0,0.0,New People's Army (NPA)
36991,1998,8,4,1,45,3,327,1834,6.978951,-75.296249,1.0,0,1.0,1,0,6,2,2213,45.0,0,5,1.0,0,1.0,National Liberation Army of Colombia (ELN)
72528,2016,1,28,0,160,5,1,22,6.050458,121.012245,1.0,0,0.0,1,0,3,1,78,160.0,0,6,0.0,1,0.0,Abu Sayyaf Group (ASG)
52089,2012,5,27,0,92,6,122,1600,18.363526,81.895253,2.0,0,0.0,1,0,3,3,409,92.0,0,6,0.0,1,0.0,Maoists
52998,2012,8,16,0,160,5,4,15,7.024267,122.188903,1.0,0,0.0,1,0,3,19,56,160.0,0,6,0.0,1,0.0,Abu Sayyaf Group (ASG)
14813,1985,11,25,0,43,3,251,1553,-36.748146,-73.11232,1.0,0,0.0,1,0,3,3,1910,43.0,0,6,1.0,1,0.0,Manuel Rodriguez Patriotic Front (FPMR)
9046,1982,8,19,0,110,10,411,2212,33.888523,35.503513,1.0,0,0.0,1,0,3,2,2537,110.0,0,6,0.0,1,0.0,Palestinians
16591,1987,1,8,0,159,3,256,1556,-11.967368,-76.978462,1.0,0,0.0,1,0,2,19,3396,159.0,0,8,0.0,1,0.0,Tupac Amaru Revolutionary Movement (MRTA)
17852,1987,8,14,0,43,3,250,1544,-33.366238,-70.505302,1.0,0,1.0,1,0,3,1,705,43.0,0,6,0.0,1,0.0,Manuel Rodriguez Patriotic Front (FPMR)
56483,2013,8,16,0,60,10,268,1726,31.126646,33.800865,1.0,0,0.0,0,0,2,3,175,60.0,0,6,0.0,0,0.0,Muslim extremists
51657,2012,4,15,0,228,10,49,281,13.883333,45.866667,2.0,0,0.0,1,1,3,14,13,228.0,0,6,5.0,-9,0.0,Al-Qaida in the Arabian Peninsula (AQAP)
55972,2013,7,6,0,160,5,1,2,6.066667,121.1,1.0,0,0.0,1,0,3,4,83,160.0,0,6,0.0,1,0.0,Abu Sayyaf Group (ASG)
62193,2014,8,13,0,45,3,333,1843,6.33336,-71.48332,2.0,0,0.0,1,0,3,21,2231,45.0,0,6,0.0,1,0.0,National Liberation Army of Colombia (ELN)
5709,1979,10,12,0,97,10,412,2215,31.771599,35.2034,1.0,0,0.0,1,0,3,7,2571,422.0,0,6,0.0,1,0.0,Palestinians
67536,2015,5,12,0,160,5,363,2027,13.7,123.066666,1.0,0,0.0,1,0,2,4,12,160.0,0,5,1.0,0,0.0,New People's Army (NPA)
46500,2009,5,9,0,45,3,326,1818,1.338227,-77.592617,1.0,0,0.0,1,0,3,2,2197,45.0,0,6,0.0,1,0.0,National Liberation Army of Colombia (ELN)
65478,2015,1,30,0,95,10,29,1274,32.04298,42.254261,1.0,0,0.0,1,1,1,2,1622,95.0,0,6,6.0,1,0.0,Islamic State of Iraq and the Levant (ISIL)
43402,2006,11,7,0,186,6,206,1446,7.716666,81.700188,3.0,0,0.0,1,0,3,3,1764,186.0,0,6,0.0,-9,0.0,Liberation Tigers of Tamil Eelam (LTTE)
73284,2016,3,9,0,182,11,65,307,-0.357847,42.54665,1.0,0,1.0,1,0,3,14,568,182.0,0,6,3.0,1,0.0,Al-Shabaab
53003,2012,8,16,0,45,3,341,2355,2.45,-76.616667,1.0,1,0.0,1,0,3,21,2024,45.0,0,6,0.0,1,0.0,Revolutionary Armed Forces of Colombia (FARC)
23893,1989,12,11,0,160,5,387,2026,13.5926,122.3215,1.0,0,0.0,1,0,2,4,2420,160.0,0,5,0.0,1,0.0,New People's Army (NPA)
53438,2012,10,4,0,153,6,389,2720,34.567793,71.480221,2.0,0,0.0,1,0,2,4,2055,153.0,0,6,7.0,0,0.0,Tehrik-i-Taliban Pakistan (TTP)
13814,1985,5,15,0,183,11,19,94,-26.234679,28.370372,1.0,0,0.0,1,0,3,3,184,183.0,0,6,1.0,1,0.0,African National Congress (South Africa)
53006,2012,8,16,0,95,10,31,179,33.74324,44.623825,1.0,0,0.0,1,0,3,4,12,95.0,0,6,4.0,0,0.0,Al-Qaida in Iraq
17748,1987,7,29,1,43,3,250,1544,-33.366238,-70.505302,1.0,0,0.0,1,0,3,2,410,43.0,0,6,0.0,1,0.0,Manuel Rodriguez Patriotic Front (FPMR)
52478,2012,7,1,0,95,10,31,179,33.74324,44.623825,1.0,0,0.0,1,0,3,20,6,95.0,0,6,1.0,0,0.0,Al-Qaida in Iraq
66558,2015,3,25,0,214,9,135,793,47.098835,37.81987,1.0,0,0.0,1,0,2,14,855,214.0,0,6,1.0,0,0.0,Donetsk People's Republic
37314,1999,4,6,0,186,6,206,1456,7.921328,81.52467,1.0,1,0.0,1,0,3,4,1792,186.0,0,6,5.0,-9,0.0,Liberation Tigers of Tamil Eelam (LTTE)
19871,1988,6,29,0,61,2,142,869,13.5,-88.866667,1.0,0,0.0,1,0,2,14,1247,61.0,0,5,6.0,1,0.0,Farabundo Marti National Liberation Front (FMLN)
18171,1987,9,29,0,43,3,250,1544,-33.366238,-70.505302,1.0,0,0.0,1,0,2,10,1918,43.0,0,5,0.0,1,0.0,Manuel Rodriguez Patriotic Front (FPMR)
28706,1991,10,17,0,61,2,141,867,13.491242,-88.173134,1.0,0,1.0,1,0,3,21,1308,61.0,0,6,0.0,1,0.0,Farabundo Marti National Liberation Front (FMLN)
47239,2009,10,20,0,92,6,118,603,24.302783,85.005153,1.0,0,0.0,1,0,2,17,922,92.0,0,5,3.0,0,0.0,Communist Party of India - Maoist (CPI-Maoist)
73134,2016,3,1,0,153,6,389,2766,34.602047,71.516363,1.0,0,0.0,1,0,3,7,3268,153.0,0,6,2.0,1,0.0,Tehrik-i-Taliban Pakistan (TTP)
50226,2011,10,30,0,92,6,118,605,23.075278,85.278889,3.0,0,0.0,1,0,8,14,995,92.0,0,9,1.0,0,0.0,Communist Party of India - Maoist (CPI-Maoist)
19373,1988,4,22,0,159,3,489,2813,-6.779131,-79.83942,1.0,0,0.0,1,0,3,1,3346,159.0,0,6,0.0,1,0.0,Tupac Amaru Revolutionary Movement (MRTA)
9894,1983,3,6,0,61,2,147,918,13.768375,-88.149036,1.0,0,0.0,1,0,2,4,1249,61.0,0,5,1.0,1,0.0,Farabundo Marti National Liberation Front (FMLN)
15169,1986,2,7,0,159,3,439,2423,-13.16015,-75.072161,1.0,0,0.0,1,0,1,2,2902,159.0,0,5,1.0,0,0.0,Shining Path (SL)
80955,2017,6,18,0,228,10,57,279,13.586484,44.024105,1.0,0,0.0,1,0,3,14,844,228.0,0,6,1.0,-9,0.0,Houthi extremists (Ansar Allah)
25305,1990,6,30,0,159,3,256,2400,-12.517373,-76.73399,1.0,0,0.0,1,0,1,2,2862,159.0,0,5,1.0,0,0.0,Shining Path (SL)
63902,2014,11,10,0,214,9,135,795,48.143208,37.753361,1.0,1,0.0,1,0,3,4,1218,214.0,0,6,4.0,-9,0.0,Donetsk People's Republic
77845,2016,11,29,0,95,10,34,184,36.354145,43.14357,1.0,0,0.0,1,0,3,14,547,95.0,0,6,3.0,1,0.0,Islamic State of Iraq and the Levant (ISIL)
23014,1989,9,10,0,155,10,410,2211,32.222271,35.253506,1.0,0,0.0,0,0,7,4,1265,97.0,0,8,1.0,1,0.0,Palestinians
49024,2010,12,9,0,92,6,120,651,23.788266,87.265564,1.0,0,0.0,1,0,1,2,971,92.0,0,5,1.0,-9,0.0,Communist Party of India - Maoist (CPI-Maoist)
19892,1988,7,2,0,183,11,19,96,-26.184113,28.033232,1.0,0,0.0,1,0,3,14,206,183.0,0,6,2.0,1,0.0,African National Congress (South Africa)
73186,2016,3,4,0,95,10,29,199,33.403057,43.911865,1.0,1,1.0,0,1,3,4,373,95.0,0,6,2.0,0,0.0,Islamic State of Iraq and the Levant (ISIL)
45282,2008,7,27,0,160,5,386,2024,17.614973,121.406719,1.0,0,0.0,1,0,3,16,2418,160.0,0,6,1.0,1,0.0,New People's Army (NPA)
58915,2014,3,7,0,147,11,100,479,11.923489,13.607649,1.0,0,0.0,1,0,2,14,27,147.0,0,5,17.0,1,0.0,Boko Haram
5252,1979,6,8,0,69,8,127,91,48.856644,2.34233,1.0,0,0.0,1,0,7,1,1102,69.0,0,8,0.0,1,0.0,Corsican National Liberation Front (FLNC)
18034,1987,9,11,0,159,3,256,1556,-11.967368,-76.978462,1.0,0,1.0,1,0,3,1,3336,159.0,0,6,0.0,1,0.0,Tupac Amaru Revolutionary Movement (MRTA)
1418,1973,6,5,0,603,8,178,1200,54.409928,-7.172562,1.0,0,0.0,1,0,1,14,1484,233.0,0,5,1.0,0,0.0,Irish Republican Army (IRA)
61815,2014,7,25,0,182,11,63,304,2.059819,45.326115,1.0,0,0.0,1,0,2,4,345,182.0,0,5,1.0,0,0.0,Al-Shabaab
18551,1987,11,30,0,155,10,306,2216,31.502407,34.459743,1.0,0,0.0,1,0,3,4,12,97.0,0,6,0.0,1,0.0,Palestinians
56579,2013,8,27,0,182,11,69,330,4.73538,45.2024,1.0,0,0.0,1,0,3,4,412,65.0,0,6,0.0,1,0.0,Al-Shabaab
7127,1980,11,13,0,185,8,81,386,43.32412,-1.929857,1.0,0,0.0,0,0,2,3,698,185.0,0,5,0.0,0,0.0,Basque Fatherland and Freedom (ETA)
78030,2016,12,13,0,95,10,34,1293,36.434563,43.158421,1.0,0,0.0,1,1,3,4,48,95.0,0,6,19.0,1,0.0,Islamic State of Iraq and the Levant (ISIL)
48253,2010,6,24,0,45,3,327,2306,6.964565,-75.417688,1.0,0,0.0,1,0,7,1,2734,45.0,0,8,0.0,1,0.0,Revolutionary Armed Forces of Colombia (FARC)
54507,2013,2,4,0,95,10,35,180,35.45211,44.375465,1.0,0,0.0,1,0,2,21,390,95.0,0,5,4.0,1,0.0,Al-Qaida in Iraq
76861,2016,10,5,0,173,10,172,1124,16.529372,43.013416,1.0,0,0.0,1,0,3,4,1378,173.0,0,6,0.0,1,0.0,Houthi extremists (Ansar Allah)
21102,1989,1,7,0,92,6,318,2516,30.860768,75.744748,1.0,0,0.0,1,0,2,14,3068,92.0,0,5,10.0,1,0.0,Sikh Extremists
51698,2012,4,19,0,95,10,31,179,33.74324,44.623825,1.0,0,1.0,1,1,3,3,85,95.0,0,6,3.0,-9,0.0,Al-Qaida in Iraq
67296,2015,5,2,0,153,6,486,2711,24.891115,67.143311,1.0,0,0.0,0,0,1,3,3236,153.0,0,6,5.0,1,0.0,Tehrik-i-Taliban Pakistan (TTP)
22802,1989,8,23,0,43,3,253,1550,-29.906897,-71.25103,1.0,0,0.0,1,0,5,10,1916,43.0,0,5,0.0,1,1.0,Manuel Rodriguez Patriotic Front (FPMR)
11274,1983,12,17,0,145,2,392,2110,13.759041,-86.017217,1.0,0,0.0,1,0,2,4,1239,145.0,0,5,1.0,1,0.0,Nicaraguan Democratic Force (FDN)
37852,2000,1,21,0,185,8,84,390,40.465595,-3.696263,1.0,0,0.0,1,0,3,14,750,185.0,0,6,3.0,-9,0.0,Basque Fatherland and Freedom (ETA)
13701,1985,5,4,0,145,2,395,2082,12.1,-84.9,1.0,0,0.0,1,0,2,4,1239,145.0,0,5,4.0,1,0.0,Nicaraguan Democratic Force (FDN)
54594,2013,2,14,0,153,6,484,2748,32.929773,70.669266,3.0,0,0.0,1,1,3,3,175,153.0,0,6,6.0,1,0.0,Tehrik-i-Taliban Pakistan (TTP)
15931,1986,7,9,0,603,8,178,1203,54.238631,-7.170908,1.0,0,0.0,1,0,1,3,1491,233.0,0,5,1.0,0,0.0,Irish Republican Army (IRA)
7823,1981,7,21,0,183,11,19,126,-25.748281,28.212069,1.0,1,0.0,1,0,3,16,262,183.0,0,6,0.0,1,0.0,African National Congress (South Africa)
13920,1985,5,24,0,43,3,251,1547,-36.823788,-72.668472,1.0,0,1.0,1,0,3,21,1258,43.0,0,6,0.0,1,0.0,Manuel Rodriguez Patriotic Front (FPMR)
60363,2014,5,23,0,147,11,100,497,10.82636,12.420727,1.0,0,1.0,1,0,2,14,27,147.0,0,5,8.0,1,0.0,Boko Haram
16519,1986,12,16,0,43,3,250,1544,-33.366238,-70.505302,1.0,0,1.0,1,0,3,3,1577,43.0,0,6,0.0,1,0.0,Manuel Rodriguez Patriotic Front (FPMR)
75060,2016,6,21,0,147,11,155,1014,7.644918,9.563258,2.0,0,1.0,1,0,2,14,27,147.0,0,5,4.0,1,0.0,Fulani extremists
72708,2016,2,6,0,228,10,50,241,15.325443,44.211895,1.0,0,1.0,1,0,2,10,1414,228.0,0,5,0.0,0,0.0,Houthi extremists (Ansar Allah)
79731,2017,4,6,0,95,10,34,184,36.354145,43.14357,1.0,0,0.0,1,0,3,4,1435,95.0,0,6,2.0,1,0.0,Islamic State of Iraq and the Levant (ISIL)
7383,1981,2,16,0,69,8,127,91,48.856644,2.34233,1.0,0,0.0,1,0,3,2,1115,69.0,0,6,0.0,1,0.0,Corsican National Liberation Front (FLNC)
81440,2017,7,15,0,14,12,199,1283,-33.934491,151.179691,1.0,0,0.0,0,1,3,6,1626,14.0,0,6,0.0,0,0.0,Islamic State of Iraq and the Levant (ISIL)
41278,2004,2,27,0,160,5,11,43,14.601285,120.952293,1.0,0,0.0,1,0,3,11,61,160.0,0,6,116.0,1,0.0,Abu Sayyaf Group (ASG)
21436,1989,2,17,0,159,3,432,2391,-13.163874,-74.223564,2.0,1,1.0,1,0,3,21,1290,159.0,0,6,0.0,1,0.0,Shining Path (SL)
22671,1989,8,8,0,92,6,318,2488,31.633078,74.878288,1.0,0,0.0,1,0,1,22,3013,92.0,0,5,1.0,0,0.0,Sikh Extremists
56091,2013,7,19,0,60,10,268,1726,31.126646,33.800865,1.0,0,1.0,1,0,2,4,20,60.0,0,6,1.0,1,0.0,Muslim extremists
25829,1990,9,13,0,61,2,139,853,13.69288,-89.199161,1.0,0,1.0,1,0,3,21,1299,61.0,0,6,0.0,1,0.0,Farabundo Marti National Liberation Front (FMLN)
12344,1984,6,16,0,183,11,21,100,-26.456502,29.464917,1.0,0,0.0,1,0,3,2,191,183.0,0,6,1.0,1,0.0,African National Congress (South Africa)
19332,1988,4,15,0,183,11,19,104,-25.748281,28.212069,1.0,0,0.0,1,0,3,2,243,183.0,0,6,1.0,1,0.0,African National Congress (South Africa)
52566,2012,7,11,0,92,6,122,623,20.7167,83.4833,2.0,0,0.0,1,0,2,14,941,92.0,0,9,1.0,0,0.0,Communist Party of India - Maoist (CPI-Maoist)
16740,1987,2,13,0,45,3,327,1825,5.346103,-74.491672,1.0,0,1.0,1,0,3,19,2289,45.0,0,6,0.0,1,0.0,National Liberation Army of Colombia (ELN)
15968,1986,7,19,0,185,8,81,388,43.291618,-1.977903,1.0,0,1.0,1,0,2,14,711,69.0,0,8,0.0,1,0.0,Basque Fatherland and Freedom (ETA)
14801,1985,11,24,0,185,8,81,386,43.32412,-1.929857,1.0,0,0.0,1,0,1,3,664,185.0,0,5,1.0,0,0.0,Basque Fatherland and Freedom (ETA)
63229,2014,10,5,0,167,9,302,1777,43.320229,45.654491,1.0,0,0.0,1,1,3,14,2162,167.0,0,6,6.0,-9,0.0,Muslim extremists
15193,1986,2,15,0,183,11,19,115,-26.252697,27.870275,1.0,0,0.0,1,0,3,3,188,183.0,0,6,3.0,1,0.0,African National Congress (South Africa)
42983,2006,5,2,0,186,6,206,1441,8.577826,81.218719,1.0,0,0.0,1,0,3,4,1806,186.0,0,6,5.0,0,0.0,Liberation Tigers of Tamil Eelam (LTTE)
29842,1992,3,14,0,92,6,318,2475,30.898024,75.860077,1.0,0,0.0,1,0,1,14,3069,92.0,0,5,9.0,0,0.0,Sikh Extremists
38594,2000,11,14,0,45,3,343,1862,3.429344,-76.516037,1.0,0,1.0,1,0,3,3,2267,45.0,0,6,0.0,1,0.0,National Liberation Army of Colombia (ELN)
24851,1990,5,2,0,43,3,250,1544,-33.366238,-70.505302,1.0,0,0.0,1,0,3,1,1908,43.0,0,6,0.0,1,0.0,Manuel Rodriguez Patriotic Front (FPMR)
77682,2016,11,21,0,228,10,49,244,13.887403,45.863647,1.0,0,0.0,0,0,1,17,507,228.0,0,6,0.0,-9,0.0,Al-Qaida in the Arabian Peninsula (AQAP)
8742,1982,5,9,0,110,10,411,2212,33.888523,35.503513,1.0,0,0.0,1,0,3,7,2586,69.0,0,6,0.0,1,0.0,Palestinians
38171,2000,6,22,0,95,10,34,1392,36.868611,43.784444,2.0,0,1.0,1,0,3,1,1700,95.0,0,6,0.0,1,0.0,Kurdistan Workers' Party (PKK)
3545,1977,10,8,0,185,8,83,382,43.258434,-2.921819,1.0,0,0.0,1,0,1,2,733,185.0,0,5,3.0,0,0.0,Basque Fatherland and Freedom (ETA)
77905,2016,12,4,0,95,10,34,184,36.354145,43.14357,1.0,0,1.0,1,0,3,14,1222,95.0,0,6,3.0,-9,0.0,Islamic State of Iraq and the Levant (ISIL)
57950,2014,1,4,0,182,11,63,304,2.059819,45.326115,1.0,0,0.0,1,0,3,2,567,182.0,0,6,2.0,-9,0.0,Al-Shabaab
60991,2014,6,22,0,147,11,100,483,11.083983,13.693092,1.0,0,0.0,1,1,3,4,20,147.0,0,6,4.0,-9,0.0,Boko Haram
30393,1992,5,22,0,209,10,222,1353,37.69458,37.861114,1.0,0,0.0,1,0,2,4,412,209.0,0,5,3.0,1,0.0,Kurdistan Workers' Party (PKK)
23580,1989,10,31,0,45,3,324,24,7.946283,-72.898807,4.0,0,0.0,1,0,3,21,2242,45.0,0,6,0.0,1,0.0,National Liberation Army of Colombia (ELN)
80443,2017,5,21,0,92,6,118,638,23.770186,84.417259,2.0,0,0.0,1,0,7,1,959,92.0,0,8,0.0,1,0.0,Communist Party of India - Maoist (CPI-Maoist)
73810,2016,4,12,0,4,6,475,2624,34.674866,70.21344,1.0,0,0.0,1,0,2,4,172,4.0,0,6,2.0,1,0.0,Taliban
68389,2015,6,20,0,104,11,70,313,1.736307,40.056176,3.0,0,0.0,1,0,1,2,565,104.0,0,5,1.0,0,0.0,Al-Shabaab
13412,1985,2,21,0,159,3,256,1556,-11.967368,-76.978462,1.0,0,0.0,1,0,3,2,2875,159.0,0,6,0.0,1,0.0,Shining Path (SL)
26509,1991,1,10,0,61,2,147,894,13.61177,-88.026466,1.0,0,1.0,1,0,3,21,1276,61.0,0,6,0.0,1,0.0,Farabundo Marti National Liberation Front (FMLN)
12788,1984,9,16,0,145,2,392,2096,13.62679,-85.8254,1.0,0,0.0,1,0,2,4,1239,145.0,0,5,93.0,1,0.0,Nicaraguan Democratic Force (FDN)
58803,2014,3,2,0,160,5,5,2008,6.790861,125.205552,1.0,0,1.0,1,0,3,2,2399,160.0,0,6,0.0,1,0.0,New People's Army (NPA)
15399,1986,3,26,0,183,11,19,144,-26.355773,28.208044,1.0,0,0.0,1,0,3,3,188,183.0,0,6,1.0,1,0.0,African National Congress (South Africa)
2605,1976,3,1,0,185,8,90,388,43.291618,-1.977903,1.0,0,0.0,1,0,2,19,780,185.0,0,5,1.0,0,0.0,Basque Fatherland and Freedom (ETA)
39863,2002,2,16,0,97,10,245,2246,31.484053,34.533436,1.0,1,0.0,1,0,3,14,2611,97.0,0,6,0.0,-9,0.0,Palestinians
52214,2012,6,8,0,228,10,49,243,13.219398,45.307838,1.0,1,0.0,1,0,2,4,93,228.0,0,5,11.0,0,0.0,Al-Qaida in the Arabian Peninsula (AQAP)
52373,2012,6,19,0,45,3,341,2349,2.46077,-76.644881,1.0,0,0.0,1,0,3,3,85,45.0,0,6,1.0,1,0.0,Revolutionary Armed Forces of Colombia (FARC)
24232,1990,2,12,1,45,3,327,1825,6.242026,-75.564766,1.0,0,0.0,1,0,6,1,2257,217.0,0,5,0.0,0,1.0,National Liberation Army of Colombia (ELN)
68452,2015,6,23,0,214,9,135,796,48.092945,37.609921,1.0,0,0.0,1,0,3,14,27,214.0,0,6,0.0,-9,0.0,Donetsk People's Republic
67706,2015,5,19,0,214,9,135,819,48.098675,37.663422,1.0,0,0.0,1,0,3,14,855,214.0,0,6,0.0,-9,0.0,Donetsk People's Republic
54065,2012,12,18,0,92,6,117,1579,24.528349,84.590579,1.0,1,0.0,1,0,3,4,48,92.0,0,6,0.0,0,0.0,Maoists
67981,2015,5,31,0,153,6,318,2783,31.975063,74.223297,1.0,0,0.0,1,0,1,2,3290,153.0,0,5,3.0,1,0.0,Tehrik-i-Taliban Pakistan (TTP)
74448,2016,5,17,0,92,6,119,1617,18.79776,80.819957,2.0,0,0.0,1,0,2,3,167,92.0,0,5,1.0,0,0.0,Maoists
50233,2011,10,31,0,104,11,73,347,0.349466,40.875992,1.0,1,0.0,1,0,2,4,607,104.0,0,5,1.0,-9,0.0,Al-Shabaab
22823,1989,8,25,0,61,2,139,853,13.69288,-89.199161,1.0,0,0.0,1,0,2,19,56,61.0,0,5,1.0,1,0.0,Farabundo Marti National Liberation Front (FMLN)
63072,2014,9,27,0,214,9,135,804,48.020912,37.529469,1.0,0,1.0,1,0,3,4,48,214.0,0,6,1.0,-9,0.0,Donetsk People's Republic
24398,1990,3,9,0,43,3,250,1544,-33.366238,-70.505302,1.0,0,0.0,1,0,3,15,1950,217.0,0,6,0.0,1,0.0,Manuel Rodriguez Patriotic Front (FPMR)
46158,2009,2,19,0,160,5,360,1937,16.105772,121.746511,1.0,0,0.0,1,0,7,1,2343,160.0,0,8,0.0,1,0.0,New People's Army (NPA)
53484,2012,10,9,0,93,5,298,1765,-1.40232,120.758233,1.0,0,1.0,1,0,3,14,2153,93.0,0,6,0.0,1,0.0,Muslim extremists
76247,2016,9,2,0,160,5,5,23,7.083241,125.600998,1.0,0,0.0,1,0,3,8,1605,160.0,0,6,15.0,1,0.0,Islamic State of Iraq and the Levant (ISIL)
35252,1996,4,23,0,45,3,339,2361,5.19688,-73.14554,1.0,0,0.0,1,0,3,14,2796,45.0,0,6,2.0,1,0.0,Revolutionary Armed Forces of Colombia (FARC)
13567,1985,3,31,0,43,3,250,1544,-33.366238,-70.505302,1.0,0,0.0,1,0,2,3,1884,43.0,0,5,1.0,1,0.0,Manuel Rodriguez Patriotic Front (FPMR)
39087,2001,5,15,0,185,8,81,406,43.280364,-2.171588,1.0,0,0.0,1,0,3,10,700,185.0,0,6,0.0,-9,0.0,Basque Fatherland and Freedom (ETA)
62436,2014,8,24,0,4,6,301,1776,34.417122,70.449593,1.0,0,0.0,1,1,3,4,162,422.0,0,6,1.0,1,0.0,Taliban
14070,1985,6,15,0,183,11,18,92,-29.965819,30.882976,1.0,0,0.0,1,0,3,3,219,183.0,0,6,1.0,1,0.0,African National Congress (South Africa)
2343,1975,9,15,1,185,8,84,390,40.465595,-3.696263,1.0,0,0.0,1,0,5,7,2642,60.0,0,5,0.0,1,1.0,Palestinians
18953,1988,2,15,0,61,2,139,853,13.69288,-89.199161,1.0,0,1.0,1,0,3,21,1288,61.0,0,6,0.0,1,0.0,Farabundo Marti National Liberation Front (FMLN)
18023,1987,9,10,0,159,3,443,2444,-15.235833,-71.883889,2.0,0,1.0,1,0,3,21,1238,159.0,0,6,0.0,1,0.0,Shining Path (SL)
20718,1988,11,17,0,159,3,256,1556,-11.967368,-76.978462,1.0,0,0.0,1,0,7,14,3383,159.0,0,8,0.0,1,0.0,Tupac Amaru Revolutionary Movement (MRTA)
77485,2016,11,4,0,92,6,118,616,24.003563,86.147194,1.0,0,1.0,1,0,3,22,934,92.0,0,6,0.0,1,0.0,Communist Party of India - Maoist (CPI-Maoist)
58259,2014,1,26,0,160,5,4,10,6.893792,122.167579,1.0,0,1.0,0,0,1,2,91,160.0,0,6,0.0,1,0.0,Abu Sayyaf Group (ASG)
30349,1992,5,16,0,92,6,269,2520,34.526179,74.254614,1.0,1,0.0,1,0,2,3,412,92.0,0,5,1.0,1,0.0,Sikh Extremists
64764,2014,12,30,0,160,5,1,2,6.066398,121.099947,1.0,0,0.0,0,0,2,4,65,160.0,0,5,0.0,0,0.0,Abu Sayyaf Group (ASG)
25568,1990,8,5,0,92,6,446,2536,29.969512,76.878282,1.0,0,0.0,1,0,3,1,3056,92.0,0,6,3.0,1,0.0,Sikh Extremists
58569,2014,2,16,0,160,5,380,2002,13.882276,120.913666,1.0,0,0.0,1,0,7,19,1204,160.0,0,5,0.0,1,0.0,New People's Army (NPA)
9018,1982,8,8,0,185,8,96,421,41.400635,2.150913,1.0,0,0.0,1,0,3,1,761,217.0,0,6,1.0,1,0.0,Basque Fatherland and Freedom (ETA)
64230,2014,11,28,0,214,9,135,792,47.981647,37.762325,1.0,0,0.0,1,0,3,4,1194,214.0,0,6,1.0,-9,0.0,Donetsk People's Republic
77048,2016,10,17,0,182,11,61,302,1.789637,44.529976,1.0,0,0.0,1,0,2,4,427,422.0,0,6,0.0,-9,0.0,Al-Shabaab
49519,2011,4,14,1,92,6,119,674,18.340368,81.18164,1.0,1,0.0,1,0,2,4,997,92.0,0,5,33.0,-9,1.0,Communist Party of India - Maoist (CPI-Maoist)
22085,1989,5,10,0,159,3,256,1556,-11.967368,-76.978462,1.0,0,1.0,1,0,3,21,1290,159.0,0,6,0.0,1,0.0,Shining Path (SL)
50575,2011,12,3,0,160,5,1,2,6.066693,121.100042,1.0,0,0.0,1,0,3,19,2,160.0,0,6,0.0,1,0.0,Abu Sayyaf Group (ASG)
17454,1987,6,18,0,145,2,395,24,11.727473,-86.21585,4.0,0,0.0,1,0,2,1,2475,145.0,0,5,8.0,1,0.0,Nicaraguan Democratic Force (FDN)
19557,1988,5,13,0,43,3,250,1544,-33.366238,-70.505302,1.0,0,0.0,1,0,3,19,1898,43.0,0,6,0.0,1,0.0,Manuel Rodriguez Patriotic Front (FPMR)
12984,1984,11,2,0,185,8,81,429,42.889005,-2.315288,1.0,0,0.0,1,0,2,3,747,185.0,0,6,0.0,1,0.0,Basque Fatherland and Freedom (ETA)
78859,2017,2,8,0,92,6,123,613,18.13776,82.686184,2.0,0,0.0,1,0,6,14,930,92.0,0,5,1.0,0,1.0,Communist Party of India - Maoist (CPI-Maoist)
67074,2015,4,23,0,123,11,272,1725,15.168486,-4.431083,1.0,0,0.0,1,0,1,2,2120,123.0,0,5,1.0,0,0.0,Muslim extremists
62660,2014,9,9,0,147,11,162,988,12.101014,6.724175,2.0,0,1.0,1,0,6,14,27,147.0,0,5,1.0,1,1.0,Fulani extremists
19740,1988,6,12,0,45,3,333,1835,6.46052,-71.72989,1.0,0,0.0,1,0,2,4,2216,45.0,0,5,1.0,1,0.0,National Liberation Army of Colombia (ELN)
10531,1983,7,14,0,45,3,331,2330,6.313712,-73.950146,3.0,0,0.0,1,0,2,14,2765,45.0,0,5,12.0,0,0.0,Revolutionary Armed Forces of Colombia (FARC)
32288,1994,1,17,0,45,3,328,1819,4.667128,-74.106056,1.0,0,0.0,0,0,1,2,2259,45.0,0,6,0.0,1,0.0,National Liberation Army of Colombia (ELN)
68866,2015,7,14,0,147,11,102,502,11.763937,12.263129,1.0,0,1.0,1,0,2,14,27,147.0,0,5,0.0,1,0.0,Boko Haram
45828,2008,12,5,0,92,6,118,610,23.264121,85.644772,1.0,0,0.0,1,0,2,3,807,92.0,0,5,5.0,0,0.0,Communist Party of India - Maoist (CPI-Maoist)
19322,1988,4,13,0,159,3,256,2434,-10.79257,-76.90911,1.0,0,0.0,1,0,2,14,2909,159.0,0,5,6.0,1,0.0,Shining Path (SL)
68608,2015,7,2,0,160,5,348,1960,8.058913,125.861375,1.0,0,0.0,1,0,3,4,12,160.0,0,6,0.0,0,0.0,New People's Army (NPA)
73296,2016,3,10,0,147,11,155,1032,7.719043,9.238704,2.0,0,1.0,1,0,2,14,862,147.0,0,5,2.0,-9,0.0,Fulani extremists
65780,2015,2,12,0,92,6,118,612,23.846212,86.136746,3.0,0,1.0,1,0,3,19,926,92.0,0,6,0.0,1,0.0,Communist Party of India - Maoist (CPI-Maoist)
71088,2015,11,5,0,95,10,33,1261,34.933361,43.412552,1.0,0,1.0,0,1,3,17,268,95.0,0,6,1.0,0,0.0,Islamic State of Iraq and the Levant (ISIL)
56764,2013,9,13,0,228,10,47,251,15.840202,48.45438,1.0,0,0.0,1,0,2,4,505,228.0,0,5,2.0,1,0.0,Al-Qaida in the Arabian Peninsula (AQAP)
65163,2015,1,16,0,123,11,272,1728,14.457087,-4.917815,1.0,0,0.0,1,0,2,4,20,123.0,0,5,6.0,0,0.0,Muslim extremists
46988,2009,8,15,0,4,6,473,2621,34.346722,62.197315,1.0,0,0.0,1,0,3,6,3145,4.0,0,6,0.0,0,0.0,Taliban
79653,2017,4,1,0,95,10,34,184,36.354145,43.14357,1.0,0,0.0,1,0,6,14,13,95.0,0,5,16.0,0,1.0,Islamic State of Iraq and the Levant (ISIL)
57311,2013,11,4,0,4,6,460,2651,36.680279,69.112038,3.0,0,0.0,1,0,3,14,563,4.0,0,6,1.0,0,0.0,Taliban
25676,1990,8,21,0,61,2,139,853,13.69288,-89.199161,1.0,0,0.0,1,0,2,4,1271,61.0,0,5,0.0,1,0.0,Farabundo Marti National Liberation Front (FMLN)
21247,1989,1,26,0,209,10,210,1354,37.157409,42.567582,1.0,1,0.0,1,0,7,1,1671,209.0,0,5,0.0,1,0.0,Kurdistan Workers' Party (PKK)
29088,1991,11,20,0,159,3,256,1556,-11.967368,-76.978462,1.0,0,0.0,1,0,3,19,3411,159.0,0,6,0.0,1,0.0,Tupac Amaru Revolutionary Movement (MRTA)
39569,2001,10,8,0,160,5,4,15,6.929089,122.07885,1.0,0,1.0,0,0,3,18,43,160.0,0,6,0.0,0,0.0,Abu Sayyaf Group (ASG)
10089,1983,4,21,0,603,8,178,1179,54.607712,-5.95621,1.0,0,0.0,0,0,1,3,1445,233.0,0,5,0.0,0,0.0,Irish Republican Army (IRA)
68895,2015,7,16,0,92,6,125,1620,15.800344,73.732776,1.0,0,0.0,1,0,7,2,410,92.0,0,8,0.0,1,0.0,Maoists
11365,1984,1,7,0,145,2,400,2114,13.00583,-87.50278,1.0,0,0.0,1,0,3,11,2480,145.0,0,5,1.0,1,0.0,Nicaraguan Democratic Force (FDN)
25459,1990,7,26,0,159,3,256,1556,-11.967368,-76.978462,1.0,0,0.0,1,0,3,2,3378,159.0,0,5,0.0,1,0.0,Tupac Amaru Revolutionary Movement (MRTA)
16082,1986,8,14,0,43,3,250,1544,-33.366238,-70.505302,1.0,0,0.0,1,0,3,14,782,43.0,0,6,0.0,1,0.0,Manuel Rodriguez Patriotic Front (FPMR)
2276,1975,8,13,0,185,8,99,385,42.84964,-2.692359,1.0,0,0.0,1,0,3,8,80,185.0,0,6,1.0,1,0.0,Basque Fatherland and Freedom (ETA)
21384,1989,2,14,0,43,3,250,1544,-33.366238,-70.505302,1.0,0,0.0,1,0,3,3,1883,43.0,0,6,0.0,1,0.0,Manuel Rodriguez Patriotic Front (FPMR)
46567,2009,5,23,1,4,6,455,2567,30.280606,62.054597,2.0,0,0.0,1,0,6,3,3111,4.0,0,5,0.0,-9,1.0,Taliban
15949,1986,7,14,0,45,3,333,1833,7.08582,-70.75779,1.0,0,1.0,1,0,7,21,2212,45.0,0,8,2.0,1,0.0,National Liberation Army of Colombia (ELN)
22224,1989,5,27,0,45,3,329,24,9.337295,-73.653621,4.0,0,0.0,1,0,3,21,2206,45.0,0,6,0.0,1,0.0,National Liberation Army of Colombia (ELN)
54807,2013,3,8,0,147,11,100,466,11.840929,13.141459,1.0,0,1.0,1,0,3,20,6,147.0,0,6,0.0,-9,0.0,Boko Haram
69357,2015,8,8,0,209,10,213,1369,37.420683,41.350359,1.0,0,0.0,1,0,2,3,1680,209.0,0,5,1.0,0,0.0,Kurdistan Workers' Party (PKK)
65694,2015,2,9,0,147,11,155,962,7.689167,9.250278,3.0,0,1.0,1,0,2,14,27,147.0,0,5,1.0,1,0.0,Fulani extremists
49858,2011,7,7,0,92,6,122,629,18.815236,82.712102,1.0,1,0.0,1,0,2,3,998,92.0,0,5,2.0,-9,0.0,Communist Party of India - Maoist (CPI-Maoist)
49688,2011,5,25,0,92,6,117,1636,24.493242,84.985655,1.0,0,0.0,1,0,3,8,2062,92.0,0,6,0.0,1,0.0,Maoists
32404,1994,2,3,0,45,3,327,1825,6.242026,-75.564766,1.0,0,0.0,1,0,3,8,2209,45.0,0,6,0.0,1,0.0,National Liberation Army of Colombia (ELN)
33604,1994,11,5,0,209,10,213,1358,37.312903,40.733951,1.0,0,0.0,1,0,1,8,630,209.0,0,5,4.0,0,0.0,Kurdistan Workers' Party (PKK)
58993,2014,3,11,0,147,11,115,955,11.637489,7.107145,2.0,0,1.0,1,0,2,14,27,147.0,0,5,21.0,1,0.0,Fulani extremists
5764,1979,10,25,0,69,8,127,91,48.856644,2.34233,1.0,0,0.0,1,0,3,2,1124,69.0,0,6,0.0,1,0.0,Corsican National Liberation Front (FLNC)
4984,1979,4,18,0,97,10,412,2215,31.771599,35.2034,1.0,0,0.0,1,0,3,3,301,97.0,0,6,5.0,1,0.0,Palestinians
63437,2014,10,15,0,113,10,283,1738,32.069286,20.151144,1.0,0,0.0,0,0,3,4,2135,113.0,0,6,1.0,0,0.0,Muslim extremists
14739,1985,11,8,0,43,3,250,1544,-33.366238,-70.505302,1.0,0,0.0,1,0,3,2,1903,43.0,0,6,0.0,1,0.0,Manuel Rodriguez Patriotic Front (FPMR)
47386,2009,11,29,0,153,6,389,2746,34.856902,71.429936,3.0,0,0.0,1,0,3,8,3243,153.0,0,6,0.0,1,0.0,Tehrik-i-Taliban Pakistan (TTP)
21603,1989,3,4,0,92,6,318,2509,31.633979,74.872264,3.0,0,0.0,1,0,1,3,1991,92.0,0,5,2.0,0,0.0,Sikh Extremists
69379,2015,8,9,0,214,9,135,813,48.327225,38.025673,1.0,1,0.0,1,0,3,4,48,214.0,0,6,1.0,-9,0.0,Donetsk People's Republic
66170,2015,3,5,0,113,10,291,1752,31.927389,12.251627,1.0,1,1.0,1,0,3,9,2143,113.0,0,6,0.0,-9,0.0,Muslim extremists
41899,2005,4,4,0,186,6,206,1482,7.689011,81.72947,1.0,0,0.0,1,0,1,2,1839,186.0,0,5,1.0,0,0.0,Liberation Tigers of Tamil Eelam (LTTE)
49703,2011,5,29,0,147,11,104,471,11.08192,7.715956,1.0,0,1.0,1,0,3,14,13,147.0,0,6,0.0,1,0.0,Boko Haram
65847,2015,2,14,0,214,9,135,815,48.434017,38.221252,1.0,1,0.0,1,0,3,14,855,214.0,0,6,0.0,1,0.0,Donetsk People's Republic
21236,1989,1,25,0,45,3,333,24,6.547306,-71.002231,4.0,0,0.0,1,0,3,21,2206,45.0,0,6,0.0,1,0.0,National Liberation Army of Colombia (ELN)
14648,1985,10,16,0,43,3,250,1544,-33.366238,-70.505302,1.0,0,0.0,1,0,3,19,1922,43.0,0,6,0.0,1,0.0,Manuel Rodriguez Patriotic Front (FPMR)
73945,2016,4,19,0,228,10,51,1157,14.798351,45.719041,3.0,0,1.0,1,0,3,4,1399,228.0,0,6,0.0,0,0.0,Houthi extremists (Ansar Allah)
22086,1989,5,10,0,159,3,256,1556,-11.967368,-76.978462,1.0,0,1.0,1,0,3,21,1290,159.0,0,6,0.0,1,0.0,Shining Path (SL)
79596,2017,3,28,0,182,11,63,304,2.059819,45.326115,1.0,0,0.0,1,0,2,2,601,182.0,0,5,1.0,0,0.0,Al-Shabaab
70871,2015,10,25,0,228,10,57,279,13.586484,44.024105,1.0,0,1.0,1,0,3,1,391,228.0,0,6,3.0,1,0.0,Houthi extremists (Ansar Allah)
73782,2016,4,10,0,228,10,57,279,13.586484,44.024105,1.0,0,1.0,1,0,3,14,1200,228.0,0,6,0.0,-9,0.0,Houthi extremists (Ansar Allah)
73042,2016,2,24,0,147,11,155,1028,7.858306,7.871603,2.0,0,1.0,1,0,2,14,27,147.0,0,5,51.0,1,0.0,Fulani extremists
61791,2014,7,23,0,95,10,31,1281,34.271034,45.163567,1.0,0,1.0,1,0,6,4,345,95.0,0,6,1.0,1,1.0,Islamic State of Iraq and the Levant (ISIL)
66930,2015,4,15,0,45,3,341,2287,3.115381,-76.62609,1.0,0,0.0,1,0,3,4,12,45.0,0,6,13.0,0,0.0,Revolutionary Armed Forces of Colombia (FARC)
50066,2011,9,13,0,153,6,484,2708,34.006004,71.53743,1.0,0,0.0,1,0,2,14,13,153.0,0,6,5.0,1,0.0,Tehrik-i-Taliban Pakistan (TTP)
48314,2010,7,7,0,95,10,29,176,33.31065,44.038208,1.0,0,1.0,1,0,3,14,341,95.0,0,6,0.0,1,0.0,Al-Qaida in Iraq
42238,2005,8,1,0,160,5,353,1949,12.5677,123.7337,1.0,0,0.0,1,0,2,3,2351,160.0,0,5,0.0,1,0.0,New People's Army (NPA)
56225,2013,7,28,0,209,10,210,24,37.418748,42.491834,4.0,0,0.0,1,0,7,8,1716,209.0,0,8,0.0,1,0.0,Kurdistan Workers' Party (PKK)
21121,1989,1,10,0,186,6,206,1445,8.499728,81.094412,1.0,0,0.0,1,0,2,4,1239,186.0,0,5,3.0,1,0.0,Liberation Tigers of Tamil Eelam (LTTE)
75959,2016,8,13,0,200,10,187,1720,36.201721,37.14352,1.0,0,1.0,1,0,3,14,1222,200.0,0,6,3.0,-9,0.0,Muslim extremists
69168,2015,7,29,0,228,10,59,1142,13.733333,44.666667,1.0,0,0.0,1,0,3,14,1394,228.0,0,6,15.0,-9,0.0,Houthi extremists (Ansar Allah)
71921,2015,12,26,0,4,6,471,2654,32.912468,69.260803,1.0,0,0.0,1,0,2,3,20,4.0,0,5,8.0,0,0.0,Taliban
69467,2015,8,13,0,209,10,210,1334,37.326888,42.187659,1.0,0,0.0,1,0,3,4,373,209.0,0,6,0.0,-9,0.0,Kurdistan Workers' Party (PKK)
69860,2015,9,1,0,147,11,100,464,11.156907,12.756605,2.0,0,1.0,1,0,2,14,13,147.0,0,6,17.0,0,0.0,Boko Haram
10337,1983,6,9,0,145,2,392,2102,14.065404,-86.024135,1.0,0,0.0,1,0,2,14,2474,145.0,0,5,18.0,1,1.0,Nicaraguan Democratic Force (FDN)
15007,1986,1,9,0,61,2,152,903,13.841389,-89.745556,1.0,0,0.0,1,0,3,14,1285,61.0,0,6,0.0,1,0.0,Farabundo Marti National Liberation Front (FMLN)
26419,1991,1,2,0,45,3,333,24,6.547306,-71.002231,4.0,0,0.0,1,0,2,3,412,45.0,0,5,0.0,1,0.0,Revolutionary Armed Forces of Colombia (FARC)
22677,1989,8,8,0,92,6,269,1781,32.726602,74.857026,1.0,0,0.0,1,0,2,14,3001,92.0,0,5,6.0,1,0.0,Sikh Extremists
6230,1980,2,14,0,97,10,410,2213,31.704338,35.194355,1.0,0,0.0,1,0,2,3,1594,97.0,0,8,0.0,1,0.0,Palestinians
25097,1990,6,4,0,61,2,143,865,13.64121,-88.785423,1.0,0,1.0,1,0,3,21,1307,61.0,0,6,0.0,1,0.0,Farabundo Marti National Liberation Front (FMLN)
82944,2017,10,30,0,60,10,268,1726,31.126646,33.800865,1.0,0,0.0,1,0,3,3,409,60.0,0,6,0.0,1,0.0,Muslim extremists
25887,1990,10,2,0,186,6,248,1491,7.236579,80.208017,1.0,0,0.0,1,0,2,14,1813,186.0,0,5,5.0,1,0.0,Liberation Tigers of Tamil Eelam (LTTE)
38923,2001,2,22,0,185,8,81,388,43.291618,-1.977903,1.0,0,0.0,1,0,1,2,687,185.0,0,6,2.0,-9,0.0,Basque Fatherland and Freedom (ETA)
19330,1988,4,15,0,43,3,252,1549,-34.170331,-70.740822,1.0,0,0.0,0,0,3,21,1290,43.0,0,6,0.0,1,0.0,Manuel Rodriguez Patriotic Front (FPMR)
18324,1987,10,26,0,159,3,256,1556,-11.967368,-76.978462,1.0,0,0.0,1,0,3,2,3365,159.0,0,6,0.0,1,0.0,Tupac Amaru Revolutionary Movement (MRTA)
70702,2015,10,16,0,160,5,1,52,6.068588,121.034669,1.0,0,0.0,1,0,2,3,92,160.0,0,5,0.0,0,0.0,Abu Sayyaf Group (ASG)
871,1972,3,8,0,603,8,178,1192,54.293235,-6.842351,1.0,0,0.0,1,0,1,4,1462,233.0,0,5,1.0,0,0.0,Irish Republican Army (IRA)
76393,2016,9,11,0,228,10,49,255,13.129726,45.385571,1.0,0,0.0,1,0,3,4,405,228.0,0,6,1.0,-9,0.0,Al-Qaida in the Arabian Peninsula (AQAP)
71495,2015,11,30,0,153,6,484,2773,34.062465,72.476053,1.0,0,1.0,1,0,1,7,3278,422.0,0,5,1.0,-9,0.0,Tehrik-i-Taliban Pakistan (TTP)
11294,1983,12,21,0,145,2,392,2175,13.631126,-86.528927,3.0,0,0.0,1,0,2,19,2520,145.0,0,5,1.0,1,0.0,Nicaraguan Democratic Force (FDN)
56447,2013,8,14,0,160,5,1,22,6.050458,121.012245,1.0,0,0.0,1,0,3,15,90,160.0,0,6,0.0,1,0.0,Abu Sayyaf Group (ASG)
16501,1986,12,11,0,185,8,96,421,41.400635,2.150913,1.0,0,0.0,1,0,3,1,741,69.0,0,6,0.0,1,0.0,Basque Fatherland and Freedom (ETA)
21525,1989,2,22,0,159,3,256,2818,-12.003379,-76.918423,1.0,0,0.0,1,0,2,3,175,159.0,0,5,0.0,1,0.0,Tupac Amaru Revolutionary Movement (MRTA)
65363,2015,1,25,0,147,11,155,1006,7.894399,7.785072,1.0,0,1.0,1,0,2,14,27,147.0,0,5,4.0,0,0.0,Fulani extremists
64414,2014,12,9,0,214,9,135,792,47.981647,37.762325,1.0,0,0.0,1,0,2,4,1194,214.0,0,6,0.0,-9,0.0,Donetsk People's Republic
60318,2014,5,21,0,147,11,100,540,10.849199,12.215991,2.0,0,1.0,1,0,2,14,27,147.0,0,5,19.0,1,0.0,Boko Haram
51953,2012,5,13,0,153,6,484,2708,34.006004,71.53743,1.0,0,0.0,1,0,3,3,2055,153.0,0,6,0.0,1,0.0,Tehrik-i-Taliban Pakistan (TTP)
70285,2015,9,24,0,228,10,57,279,13.586484,44.024105,1.0,0,0.0,1,0,3,14,1222,228.0,0,6,5.0,-9,0.0,Houthi extremists (Ansar Allah)
15077,1986,1,22,0,61,2,148,899,13.483333,-88.466667,1.0,0,1.0,1,0,3,21,1280,61.0,0,6,0.0,1,0.0,Farabundo Marti National Liberation Front (FMLN)
26573,1991,1,21,0,603,8,178,1179,54.607712,-5.95621,1.0,0,0.0,1,0,1,3,1483,233.0,0,5,1.0,0,0.0,Irish Republican Army (IRA)
51744,2012,4,21,0,228,10,49,244,13.887403,45.863647,1.0,0,0.0,1,0,3,14,13,228.0,0,6,2.0,-9,0.0,Al-Qaida in the Arabian Peninsula (AQAP)
11394,1984,1,12,0,61,2,140,882,13.8222,-89.25389,1.0,0,0.0,1,0,2,4,1249,61.0,0,5,5.0,1,0.0,Farabundo Marti National Liberation Front (FMLN)
43930,2007,6,11,0,4,6,471,24,32.099544,68.390209,4.0,0,0.0,1,0,3,4,3172,999.0,0,6,5.0,-9,0.0,Taliban
67721,2015,5,19,0,4,6,473,2641,34.338022,63.367503,1.0,0,0.0,1,0,2,3,1399,4.0,0,5,1.0,-9,0.0,Taliban
55813,2013,6,22,0,182,11,65,320,-0.100689,41.908362,2.0,0,0.0,1,0,3,4,571,422.0,0,6,0.0,1,0.0,Al-Shabaab
63833,2014,11,5,0,45,3,326,24,1.637898,-77.745208,4.0,0,0.0,1,0,3,21,2787,45.0,0,6,0.0,1,0.0,Revolutionary Armed Forces of Colombia (FARC)
32086,1992,12,16,0,45,3,324,1846,7.894195,-72.503885,1.0,0,1.0,0,0,3,20,2253,45.0,0,6,0.0,1,0.0,National Liberation Army of Colombia (ELN)
57672,2013,12,10,0,228,10,47,24,16.930414,49.365315,4.0,0,0.0,1,0,2,4,48,228.0,0,5,2.0,1,0.0,Al-Qaida in the Arabian Peninsula (AQAP)
37023,1998,9,7,1,160,5,10,51,7.291386,122.064633,1.0,0,0.0,1,0,6,14,89,160.0,0,5,0.0,0,1.0,Abu Sayyaf Group (ASG)
49346,2011,3,2,0,92,6,118,598,23.806818,84.296339,2.0,0,0.0,1,0,6,14,917,92.0,0,9,1.0,0,1.0,Communist Party of India - Maoist (CPI-Maoist)
81957,2017,8,17,0,160,5,368,1953,10.117858,123.224263,1.0,0,0.0,1,0,1,14,2353,160.0,0,5,1.0,0,0.0,New People's Army (NPA)
61394,2014,7,9,0,153,6,313,2776,30.370974,68.599319,1.0,0,0.0,1,0,2,4,2055,153.0,0,5,5.0,-9,0.0,Tehrik-i-Taliban Pakistan (TTP)
56627,2013,8,31,1,45,3,333,1837,6.953691,-71.878846,1.0,0,0.0,1,0,6,3,2226,45.0,0,5,1.0,0,1.0,National Liberation Army of Colombia (ELN)
64784,2014,12,31,0,4,6,301,2602,34.289704,70.770203,3.0,0,0.0,1,1,3,2,576,4.0,0,6,5.0,-9,0.0,Taliban
2880,1976,9,7,0,69,8,131,750,41.930607,8.742907,1.0,0,0.0,1,0,5,6,1129,69.0,0,5,0.0,1,1.0,Corsican National Liberation Front (FLNC)
9663,1983,1,16,0,61,2,149,24,13.447063,-88.556531,4.0,0,0.0,1,0,7,2,1268,61.0,0,5,0.0,1,0.0,Farabundo Marti National Liberation Front (FMLN)
25359,1990,7,9,0,209,10,210,1376,37.392896,43.10688,1.0,1,0.0,1,0,2,3,398,209.0,0,5,4.0,1,0.0,Kurdistan Workers' Party (PKK)
63602,2014,10,22,0,41,11,163,983,5.965833,20.528484,1.0,0,1.0,1,0,2,14,855,41.0,0,5,15.0,1,0.0,Fulani extremists
71341,2015,11,21,0,160,5,364,1944,5.856886,125.006194,1.0,0,0.0,1,0,7,1,1213,160.0,0,8,0.0,1,0.0,New People's Army (NPA)
69993,2015,9,9,0,167,9,282,1741,42.855556,47.187222,1.0,0,0.0,1,0,2,15,2134,167.0,0,5,1.0,0,0.0,Muslim extremists
8919,1982,7,12,0,159,3,432,2405,-14.385277,-73.962606,1.0,0,0.0,1,0,2,3,1296,159.0,0,5,1.0,1,0.0,Shining Path (SL)
61570,2014,7,14,0,160,5,351,1941,7.833053,125.816497,1.0,0,1.0,1,0,3,4,2348,160.0,0,6,0.0,0,0.0,New People's Army (NPA)
17504,1987,6,25,0,43,3,250,1544,-33.366238,-70.505302,1.0,0,0.0,1,0,3,10,1896,43.0,0,6,0.0,1,0.0,Manuel Rodriguez Patriotic Front (FPMR)
30955,1992,8,9,0,92,6,318,2526,30.381945,75.546798,1.0,1,1.0,1,0,1,3,3048,92.0,0,5,5.0,0,0.0,Sikh Extremists
37379,1999,5,30,0,92,6,278,1734,13.08268,80.270718,1.0,0,1.0,1,0,3,1,2128,92.0,0,6,0.0,1,0.0,Muslim extremists
79881,2017,4,15,0,92,6,119,1637,18.184536,81.411415,1.0,1,0.0,0,0,3,20,6,92.0,0,6,0.0,1,0.0,Maoists
79524,2017,3,23,0,173,10,176,1138,17.651777,43.526192,1.0,0,0.0,1,0,3,3,427,173.0,0,6,1.0,-9,0.0,Houthi extremists (Ansar Allah)
46186,2009,2,28,0,4,6,471,2593,32.853333,68.449722,1.0,0,0.0,1,0,3,1,3127,4.0,0,6,1.0,1,0.0,Taliban
26578,1991,1,22,0,92,6,447,2491,28.690073,77.213982,1.0,0,0.0,1,0,3,3,3064,92.0,0,6,0.0,1,0.0,Sikh Extremists
61730,2014,7,21,0,214,9,135,833,48.610906,38.007659,3.0,0,0.0,1,0,3,9,1217,214.0,0,6,0.0,0,0.0,Donetsk People's Republic
22721,1989,8,15,0,43,3,250,1544,-33.366238,-70.505302,1.0,0,0.0,1,0,2,3,1265,43.0,0,5,0.0,1,0.0,Manuel Rodriguez Patriotic Front (FPMR)
15153,1986,2,4,0,145,2,405,2115,12.293445,-84.411145,3.0,1,0.0,1,0,2,4,1239,145.0,0,5,1.0,1,0.0,Nicaraguan Democratic Force (FDN)
21523,1989,2,22,0,61,2,141,886,13.5,-88.35,1.0,0,0.0,1,0,2,4,1239,61.0,0,5,0.0,1,0.0,Farabundo Marti National Liberation Front (FMLN)
76427,2016,9,12,0,45,3,335,24,5.800014,-72.196155,4.0,0,0.0,1,0,7,19,56,45.0,0,8,0.0,1,0.0,National Liberation Army of Colombia (ELN)
51246,2012,3,4,0,228,10,49,255,13.129726,45.385571,1.0,0,1.0,1,1,3,4,93,228.0,0,6,22.0,0,0.0,Al-Qaida in the Arabian Peninsula (AQAP)
73748,2016,4,7,0,182,11,69,24,4.483825,45.345751,4.0,0,0.0,1,0,3,4,584,422.0,0,6,1.0,-9,0.0,Al-Shabaab
31305,1992,9,20,0,159,3,256,1556,-11.967368,-76.978462,1.0,0,0.0,1,0,1,12,2840,159.0,0,5,1.0,0,0.0,Shining Path (SL)
70810,2015,10,21,0,228,10,57,279,13.586484,44.024105,1.0,0,1.0,1,0,3,14,1222,228.0,0,6,7.0,-9,0.0,Houthi extremists (Ansar Allah)
70115,2015,9,15,0,4,6,476,2655,33.373471,68.457719,1.0,0,0.0,1,0,2,4,48,4.0,0,5,6.0,1,0.0,Taliban
5299,1979,6,16,0,69,8,126,24,41.918891,8.737554,4.0,0,0.0,1,0,3,20,1087,69.0,0,6,0.0,1,0.0,Corsican National Liberation Front (FLNC)
67828,2015,5,24,0,214,9,135,793,47.098835,37.81987,1.0,0,0.0,1,0,2,4,1191,214.0,0,6,1.0,-9,0.0,Donetsk People's Republic
59132,2014,3,19,0,160,5,353,2014,12.420577,123.780237,3.0,0,0.0,1,0,3,2,2406,160.0,0,6,0.0,0,0.0,New People's Army (NPA)
73763,2016,4,9,0,4,6,456,2568,34.516895,69.147011,1.0,0,0.0,1,0,3,7,3162,4.0,0,6,0.0,1,0.0,Taliban
17998,1987,9,7,0,43,3,250,1544,-33.366238,-70.505302,1.0,0,0.0,1,0,3,3,1930,43.0,0,6,0.0,1,0.0,Manuel Rodriguez Patriotic Front (FPMR)
63553,2014,10,20,0,153,6,389,2782,34.816667,71.317778,2.0,0,0.0,1,0,3,4,172,153.0,0,6,0.0,0,0.0,Tehrik-i-Taliban Pakistan (TTP)
13040,1984,11,13,0,145,2,393,2078,12.933056,-86.348611,1.0,0,0.0,1,0,2,4,1245,145.0,0,5,1.0,1,0.0,Nicaraguan Democratic Force (FDN)
71547,2015,12,4,0,160,5,351,1979,7.128161,125.896379,1.0,0,0.0,0,0,3,20,6,160.0,0,6,0.0,0,0.0,New People's Army (NPA)
31080,1992,8,28,0,209,10,193,1262,41.106178,28.689863,1.0,0,0.0,1,0,3,11,1714,209.0,0,6,0.0,1,0.0,Kurdistan Workers' Party (PKK)
54066,2012,12,18,0,153,6,484,2747,34.102074,71.47802,1.0,0,1.0,1,0,2,7,3277,422.0,0,5,1.0,-9,0.0,Tehrik-i-Taliban Pakistan (TTP)
32794,1994,4,8,0,69,8,126,749,42.016854,9.403982,1.0,0,0.0,1,0,3,1,204,69.0,0,6,0.0,1,0.0,Corsican National Liberation Front (FLNC)
31053,1992,8,23,0,209,10,210,1347,37.522653,42.452637,1.0,0,0.0,1,0,2,4,1665,209.0,0,5,2.0,1,0.0,Kurdistan Workers' Party (PKK)
19297,1988,4,9,0,183,11,19,104,-25.748281,28.212069,1.0,0,0.0,1,0,3,2,199,183.0,0,6,0.0,1,0.0,African National Congress (South Africa)
23575,1989,10,31,0,159,3,256,1556,-11.967368,-76.978462,1.0,0,0.0,1,0,1,3,2882,159.0,0,5,1.0,0,0.0,Shining Path (SL)
54762,2013,3,1,0,160,5,358,1982,8.941944,126.187778,1.0,0,0.0,1,0,7,1,2377,160.0,0,5,0.0,1,0.0,New People's Army (NPA)
68671,2015,7,5,0,147,11,100,477,10.737778,13.130556,1.0,0,1.0,1,0,2,15,872,147.0,0,5,6.0,1,0.0,Boko Haram
57929,2014,1,1,0,45,3,324,1848,8.608345,-73.316615,1.0,0,1.0,1,0,3,21,2244,45.0,0,6,0.0,1,0.0,National Liberation Army of Colombia (ELN)
28048,1991,8,5,0,69,8,126,781,42.309409,9.149022,1.0,0,1.0,1,0,3,2,1117,69.0,0,6,0.0,1,0.0,Corsican National Liberation Front (FLNC)
2261,1975,8,2,0,603,8,178,1184,54.446614,-6.690752,1.0,0,0.0,1,0,1,4,1447,233.0,0,5,1.0,0,0.0,Irish Republican Army (IRA)
16316,1986,10,20,0,183,11,18,153,-29.941403,30.939766,1.0,0,0.0,1,0,3,3,219,183.0,0,6,0.0,1,0.0,African National Congress (South Africa)
64812,2015,1,1,0,214,9,135,805,48.372005,37.88657,1.0,1,0.0,1,0,3,4,48,214.0,0,6,0.0,-9,0.0,Donetsk People's Republic
45904,2008,12,24,0,160,5,1,30,6.066693,121.100042,1.0,0,0.0,1,0,7,8,38,160.0,0,8,0.0,1,0.0,Abu Sayyaf Group (ASG)
21833,1989,4,5,0,61,2,139,853,13.69288,-89.199161,1.0,0,1.0,1,0,3,1,1269,61.0,0,6,0.0,1,0.0,Farabundo Marti National Liberation Front (FMLN)
73125,2016,2,29,0,228,10,45,236,12.825647,44.846416,1.0,0,0.0,1,0,3,14,409,228.0,0,6,2.0,1,0.0,Houthi extremists (Ansar Allah)
20115,1988,8,7,0,92,6,318,2475,30.898024,75.860077,1.0,0,0.0,1,0,3,8,3022,92.0,0,6,0.0,1,0.0,Sikh Extremists
28107,1991,8,10,0,92,6,123,2530,13.589583,80.03337,1.0,0,0.0,1,0,2,3,412,92.0,0,5,2.0,1,0.0,Sikh Extremists
60882,2014,6,14,1,60,10,268,1726,31.126646,33.800865,1.0,0,0.0,1,0,6,1,2133,60.0,0,5,0.0,1,1.0,Muslim extremists
48871,2010,11,7,0,92,6,118,612,23.669296,86.151112,3.0,0,0.0,1,0,3,3,1012,92.0,0,6,1.0,1,0.0,Communist Party of India - Maoist (CPI-Maoist)
54888,2013,3,19,0,95,10,30,177,33.303566,44.371773,1.0,0,1.0,1,0,3,1,361,95.0,0,6,6.0,1,0.0,Al-Qaida in Iraq
21658,1989,3,11,0,43,3,250,1544,-33.366238,-70.505302,1.0,0,0.0,1,0,3,21,1238,43.0,0,6,0.0,1,0.0,Manuel Rodriguez Patriotic Front (FPMR)
14903,1985,12,12,0,45,3,327,1548,6.395033,-75.259437,1.0,0,0.0,1,0,1,14,2198,45.0,0,5,7.0,0,0.0,National Liberation Army of Colombia (ELN)
52722,2012,7,24,1,45,3,333,1837,6.959519,-71.88179,1.0,0,1.0,1,0,6,1,2269,45.0,0,5,0.0,0,1.0,National Liberation Army of Colombia (ELN)
43344,2006,10,3,0,186,6,242,1469,8.834273,80.051047,1.0,0,0.0,1,0,3,3,1778,186.0,0,6,0.0,-9,0.0,Liberation Tigers of Tamil Eelam (LTTE)
27220,1991,5,7,0,160,5,379,1992,6.895545,126.013997,1.0,0,0.0,1,0,1,4,2384,160.0,0,5,2.0,0,0.0,New People's Army (NPA)
65884,2015,2,16,0,228,10,55,265,13.063399,44.880882,1.0,0,0.0,1,0,2,4,524,228.0,0,5,2.0,0,0.0,Al-Qaida in the Arabian Peninsula (AQAP)
64188,2014,11,26,0,228,10,170,1140,15.266667,43.716667,2.0,0,0.0,1,0,7,14,1400,228.0,0,8,7.0,1,0.0,Houthi extremists (Ansar Allah)
35726,1996,9,21,0,45,3,331,1877,7.060051,-73.853115,1.0,0,0.0,1,0,7,15,1958,45.0,0,8,0.0,1,0.0,National Liberation Army of Colombia (ELN)
78185,2016,12,24,0,95,10,29,1245,33.036022,40.288158,1.0,0,0.0,1,0,3,14,844,95.0,0,6,0.0,-9,0.0,Islamic State of Iraq and the Levant (ISIL)
29119,1991,11,25,0,209,10,193,1262,41.106178,28.689863,1.0,0,0.0,1,0,2,4,412,209.0,0,5,1.0,1,0.0,Kurdistan Workers' Party (PKK)
25175,1990,6,12,0,92,6,264,2524,28.21962,77.941739,1.0,0,0.0,1,0,3,3,3039,92.0,0,6,0.0,1,0.0,Sikh Extremists
82125,2017,8,28,0,104,11,62,325,3.154299,41.015014,2.0,0,0.0,1,0,3,4,409,104.0,0,6,2.0,1,0.0,Al-Shabaab
47170,2009,10,7,0,160,5,0,5,6.660501,122.138992,1.0,0,0.0,1,0,3,14,13,160.0,0,6,0.0,1,0.0,Abu Sayyaf Group (ASG)
15883,1986,6,30,0,186,6,248,1496,7.264167,80.396944,2.0,0,0.0,1,0,3,9,1821,186.0,0,6,7.0,1,0.0,Liberation Tigers of Tamil Eelam (LTTE)
15784,1986,6,14,0,159,3,256,1556,-11.967368,-76.978462,1.0,0,1.0,1,0,3,14,3373,159.0,0,6,0.0,1,0.0,Tupac Amaru Revolutionary Movement (MRTA)
40431,2002,11,14,0,141,6,246,1632,27.666612,86.050411,1.0,1,0.0,1,0,3,19,2058,141.0,0,6,2.0,1,0.0,Maoists
63084,2014,9,27,0,214,9,135,816,48.595274,37.699326,1.0,1,1.0,1,0,2,4,20,214.0,0,5,0.0,0,0.0,Donetsk People's Republic
22695,1989,8,11,0,185,8,82,431,37.501265,-3.672423,1.0,0,0.0,1,0,1,3,749,185.0,0,6,1.0,0,0.0,Basque Fatherland and Freedom (ETA)
66629,2015,3,30,0,228,10,45,236,12.825647,44.846416,1.0,0,1.0,1,0,3,14,602,228.0,0,6,3.0,1,0.0,Houthi extremists (Ansar Allah)
66221,2015,3,8,0,147,11,100,488,11.808727,12.495786,1.0,0,0.0,1,0,3,14,334,147.0,0,6,5.0,1,0.0,Boko Haram
61980,2014,8,1,0,182,11,63,304,2.059819,45.326115,1.0,0,0.0,1,0,1,2,585,182.0,0,5,1.0,1,0.0,Al-Shabaab
10012,1983,4,3,0,145,2,395,2082,12.1,-84.9,1.0,0,0.0,1,0,2,4,1245,145.0,0,5,41.0,1,0.0,Nicaraguan Democratic Force (FDN)
26878,1991,3,14,0,186,6,243,1458,7.939525,81.000963,1.0,0,0.0,1,0,3,19,1767,186.0,0,6,0.0,1,0.0,Liberation Tigers of Tamil Eelam (LTTE)
45594,2008,10,7,0,182,11,63,304,2.059819,45.326115,1.0,0,0.0,1,0,3,2,596,182.0,0,6,20.0,1,0.0,Al-Shabaab
52960,2012,8,14,0,60,10,268,1716,31.1279,34.161843,1.0,0,0.0,0,0,2,21,2122,60.0,0,5,0.0,0,0.0,Muslim extremists
53915,2012,11,24,0,153,6,484,2734,31.834328,70.90905,1.0,0,0.0,1,0,3,14,3247,153.0,0,6,7.0,0,0.0,Tehrik-i-Taliban Pakistan (TTP)
14246,1985,7,15,0,183,11,20,98,-32.985771,27.866086,1.0,1,0.0,1,0,2,3,188,183.0,0,5,3.0,1,0.0,African National Congress (South Africa)
73959,2016,4,20,0,153,6,486,2711,24.891115,67.143311,1.0,0,1.0,1,0,2,3,409,153.0,0,5,4.0,0,0.0,Tehrik-i-Taliban Pakistan (TTP)
15776,1986,6,13,0,159,3,430,2442,-12.068306,-75.210163,1.0,0,1.0,1,0,3,2,3380,159.0,0,6,1.0,1,0.0,Tupac Amaru Revolutionary Movement (MRTA)
47352,2009,11,17,0,95,10,31,179,33.74324,44.623825,1.0,0,0.0,1,0,1,17,331,95.0,0,5,2.0,-9,0.0,Al-Qaida in Iraq
2674,1976,4,29,0,603,8,178,1223,54.50853,-6.763131,1.0,0,0.0,1,0,1,4,1544,233.0,0,5,2.0,0,0.0,Irish Republican Army (IRA)
6671,1980,6,7,0,97,10,245,2243,30.933888,35.378208,1.0,1,0.0,1,0,2,14,2603,97.0,0,5,0.0,1,0.0,Palestinians
14938,1985,12,23,0,159,3,256,1556,-11.967368,-76.978462,1.0,0,0.0,1,0,3,1,3384,159.0,0,6,0.0,1,0.0,Tupac Amaru Revolutionary Movement (MRTA)
30638,1992,7,2,0,209,10,223,1407,39.230556,43.876944,1.0,0,0.0,1,0,2,14,1717,209.0,0,5,0.0,1,0.0,Kurdistan Workers' Party (PKK)
68599,2015,7,2,0,45,3,422,24,3.27199,-73.087749,4.0,0,0.0,1,0,3,19,894,45.0,0,6,0.0,1,0.0,Revolutionary Armed Forces of Colombia (FARC)
46895,2009,7,28,0,45,3,324,1851,8.436159,-73.286109,1.0,1,0.0,1,0,3,21,2249,45.0,0,6,0.0,1,0.0,National Liberation Army of Colombia (ELN)
78690,2017,1,28,0,228,10,49,244,13.887403,45.863647,1.0,0,0.0,1,0,1,17,483,228.0,0,5,4.0,0,0.0,Al-Qaida in the Arabian Peninsula (AQAP)
63941,2014,11,12,0,45,3,327,2326,7.10429,-75.647612,1.0,0,0.0,0,0,3,20,6,45.0,0,6,0.0,0,0.0,Revolutionary Armed Forces of Colombia (FARC)
60922,2014,6,17,0,228,10,170,1118,15.176541,44.081017,2.0,0,1.0,1,0,3,14,1374,228.0,0,6,3.0,1,0.0,Houthi extremists (Ansar Allah)
32083,1992,12,16,0,45,3,324,1846,7.894195,-72.503885,1.0,0,1.0,0,0,3,20,2253,45.0,0,6,0.0,1,0.0,National Liberation Army of Colombia (ELN)
28007,1991,8,1,0,155,10,410,2220,31.907141,35.198219,1.0,0,0.0,1,0,1,14,2555,155.0,0,5,1.0,0,0.0,Palestinians
51471,2012,3,30,0,228,10,45,236,12.825647,44.846416,1.0,0,0.0,0,0,2,4,484,228.0,0,5,0.0,0,0.0,Al-Qaida in the Arabian Peninsula (AQAP)
54497,2013,2,2,0,147,11,156,972,8.455538,8.212538,1.0,0,1.0,1,0,7,14,27,147.0,0,5,5.0,1,0.0,Fulani extremists
51541,2012,4,5,0,153,6,486,2711,24.891115,67.143311,1.0,0,0.0,1,1,3,3,3265,153.0,0,6,5.0,1,0.0,Tehrik-i-Taliban Pakistan (TTP)
22339,1989,6,18,0,155,10,306,24,31.356553,34.326901,4.0,0,0.0,1,0,2,4,2591,97.0,0,5,0.0,1,0.0,Palestinians
58026,2014,1,10,1,45,3,324,1840,8.833333,-73.2,1.0,0,0.0,1,0,6,1,2225,45.0,0,5,0.0,0,1.0,National Liberation Army of Colombia (ELN)
42135,2005,7,1,0,95,10,30,177,33.303566,44.371773,1.0,0,0.0,1,0,1,15,378,95.0,0,5,5.0,0,0.0,Al-Qaida in Iraq
72036,2016,1,1,0,228,10,49,24,13.659076,46.030868,4.0,0,0.0,1,0,2,4,20,228.0,0,5,3.0,0,0.0,Al-Qaida in the Arabian Peninsula (AQAP)
77646,2016,11,19,0,95,10,34,184,36.354145,43.14357,1.0,0,0.0,1,1,3,4,48,95.0,0,6,2.0,-9,0.0,Islamic State of Iraq and the Levant (ISIL)
58425,2014,2,7,1,160,5,2,45,7.037435,118.511496,1.0,0,0.0,1,0,6,1,64,160.0,0,5,0.0,0,1.0,Abu Sayyaf Group (ASG)
29358,1991,12,30,0,69,8,126,783,42.476118,9.455497,1.0,0,0.0,1,0,3,1,1158,69.0,0,6,0.0,1,0.0,Corsican National Liberation Front (FLNC)
6257,1980,2,20,0,185,8,81,388,43.291618,-1.977903,1.0,0,0.0,1,0,1,4,674,185.0,0,5,1.0,0,0.0,Basque Fatherland and Freedom (ETA)
67177,2015,4,26,0,147,11,155,1053,6.898706,9.497113,1.0,0,1.0,1,0,2,14,27,147.0,0,5,4.0,0,0.0,Fulani extremists
67091,2015,4,23,0,214,9,135,793,47.098835,37.81987,1.0,1,0.0,1,0,2,4,48,214.0,0,6,0.0,-9,0.0,Donetsk People's Republic
13625,1985,4,14,0,61,2,146,858,13.83553,-88.985462,1.0,0,0.0,1,0,2,4,1239,61.0,0,5,1.0,1,0.0,Farabundo Marti National Liberation Front (FMLN)
56275,2013,7,31,0,153,6,486,2711,24.891115,67.143311,1.0,0,0.0,1,0,3,4,3234,153.0,0,6,0.0,1,0.0,Tehrik-i-Taliban Pakistan (TTP)
56101,2013,7,20,0,95,10,30,177,33.303566,44.371773,1.0,0,1.0,1,0,3,14,13,95.0,0,6,4.0,1,0.0,Islamic State of Iraq and the Levant (ISIL)
58251,2014,1,25,0,95,10,31,204,33.953167,44.921906,1.0,0,0.0,1,0,3,4,345,95.0,0,6,6.0,1,0.0,Islamic State of Iraq and the Levant (ISIL)
42542,2005,12,6,0,95,10,30,177,33.303566,44.371773,1.0,0,0.0,1,1,3,3,377,95.0,0,6,36.0,-9,0.0,Al-Qaida in Iraq
77073,2016,10,19,0,173,10,172,1148,16.756625,43.230939,2.0,0,0.0,1,0,3,4,172,173.0,0,6,0.0,-9,0.0,Houthi extremists (Ansar Allah)
28693,1991,10,17,0,61,2,140,874,13.938518,-88.901366,1.0,0,1.0,1,0,3,21,1254,61.0,0,6,0.0,1,0.0,Farabundo Marti National Liberation Front (FMLN)
81337,2017,7,10,0,153,6,389,2785,33.418412,70.468875,2.0,1,1.0,1,0,3,4,409,153.0,0,6,0.0,0,0.0,Tehrik-i-Taliban Pakistan (TTP)
82394,2017,9,17,1,92,6,118,688,23.486612,84.264193,1.0,0,0.0,1,0,6,14,1017,92.0,0,5,1.0,0,1.0,Communist Party of India - Maoist (CPI-Maoist)
15348,1986,3,26,0,43,3,250,1544,-33.366238,-70.505302,1.0,0,1.0,1,0,3,1,1899,43.0,0,6,0.0,1,0.0,Manuel Rodriguez Patriotic Front (FPMR)
33672,1994,11,28,0,75,8,233,1394,53.074981,8.807081,1.0,0,0.0,1,0,7,1,1705,209.0,0,8,0.0,1,0.0,Kurdistan Workers' Party (PKK)
51696,2012,4,19,0,95,10,30,177,33.303566,44.371773,1.0,0,1.0,1,0,3,14,13,95.0,0,6,1.0,0,0.0,Al-Qaida in Iraq
58404,2014,2,4,0,153,6,484,2708,34.006004,71.53743,1.0,0,0.0,1,1,3,1,3261,153.0,0,6,10.0,1,0.0,Tehrik-i-Taliban Pakistan (TTP)
52668,2012,7,23,0,95,10,33,187,33.540672,44.251266,1.0,0,1.0,1,1,3,3,85,95.0,0,6,12.0,0,0.0,Al-Qaida in Iraq
14292,1985,7,23,0,159,3,256,1556,-11.967368,-76.978462,1.0,0,0.0,1,0,7,14,2847,159.0,0,5,0.0,1,0.0,Shining Path (SL)
65727,2015,2,10,0,60,10,270,1722,31.255534,29.9832,1.0,0,1.0,1,0,3,3,175,60.0,0,6,0.0,-9,0.0,Muslim extremists
34765,1995,10,26,0,186,6,206,1438,7.733107,81.68882,1.0,0,0.0,1,0,1,2,1760,186.0,0,5,1.0,0,0.0,Liberation Tigers of Tamil Eelam (LTTE)
38644,2000,11,28,1,45,3,328,1819,4.667128,-74.106056,1.0,0,0.0,1,0,6,1,2742,45.0,0,5,0.0,0,1.0,Revolutionary Armed Forces of Colombia (FARC)
83523,2017,12,19,0,92,6,117,586,25.078006,86.222193,1.0,0,0.0,1,0,1,2,906,92.0,0,9,1.0,-9,1.0,Communist Party of India - Maoist (CPI-Maoist)
27938,1991,7,26,0,155,10,410,2231,32.405292,35.201729,1.0,1,0.0,1,0,2,19,2568,97.0,0,5,0.0,1,0.0,Palestinians
29435,1992,1,10,0,159,3,256,1556,-11.967368,-76.978462,1.0,0,0.0,1,0,3,7,3394,59.0,0,6,0.0,1,0.0,Tupac Amaru Revolutionary Movement (MRTA)
69409,2015,8,9,0,182,11,60,327,2.403678,42.9786,3.0,0,0.0,0,0,2,4,559,182.0,0,5,10.0,0,0.0,Al-Shabaab
65437,2015,1,28,0,214,9,135,792,47.981647,37.762325,1.0,0,0.0,1,0,3,19,885,214.0,0,6,8.0,-9,0.0,Donetsk People's Republic
14643,1985,10,15,0,61,2,147,864,14.050872,-88.994625,1.0,0,0.0,1,0,2,4,1239,61.0,0,5,5.0,1,0.0,Farabundo Marti National Liberation Front (FMLN)
13911,1985,5,20,0,145,2,395,2112,12.10629,-85.36452,1.0,0,0.0,1,0,2,2,2479,145.0,0,5,1.0,1,0.0,Nicaraguan Democratic Force (FDN)
25480,1990,7,27,0,43,3,250,1544,-33.366238,-70.505302,1.0,0,0.0,1,0,2,1,1919,43.0,0,5,0.0,1,0.0,Manuel Rodriguez Patriotic Front (FPMR)
11246,1983,12,12,0,183,11,19,96,-26.184113,28.033232,1.0,0,0.0,1,0,3,2,209,183.0,0,6,0.0,1,0.0,African National Congress (South Africa)
52279,2012,6,13,0,95,10,30,177,33.303566,44.371773,1.0,0,1.0,1,0,3,15,354,95.0,0,6,1.0,0,0.0,Al-Qaida in Iraq
42532,2005,12,2,0,45,3,332,2312,2.68523,-75.32598,1.0,0,0.0,1,0,2,3,2743,45.0,0,5,4.0,-9,0.0,Revolutionary Armed Forces of Colombia (FARC)
25878,1990,9,28,0,92,6,318,2495,31.326015,75.576183,1.0,0,0.0,1,0,3,3,172,92.0,0,6,2.0,1,0.0,Sikh Extremists
52679,2012,7,23,0,95,10,33,205,34.010471,44.148235,1.0,0,1.0,1,0,3,14,403,95.0,0,6,0.0,0,0.0,Al-Qaida in Iraq
62700,2014,9,10,0,160,5,363,2017,13.762966,122.963632,1.0,0,0.0,1,0,2,4,2409,160.0,0,5,1.0,1,0.0,New People's Army (NPA)
61578,2014,7,15,0,214,9,135,812,47.927954,37.371645,3.0,0,1.0,1,0,7,9,1196,214.0,0,5,1.0,1,0.0,Donetsk People's Republic
69230,2015,8,1,0,4,6,468,2610,35.761476,68.9166,2.0,0,1.0,1,0,7,15,354,4.0,0,8,0.0,1,0.0,Taliban
55812,2013,6,22,0,159,3,435,2427,-12.677856,-72.622833,1.0,0,0.0,0,0,3,21,2904,159.0,0,6,0.0,0,0.0,Shining Path (SL)
8722,1982,5,5,0,155,10,306,2216,31.502407,34.459743,1.0,0,0.0,1,0,2,4,2644,97.0,0,8,1.0,1,0.0,Palestinians
62480,2014,8,27,0,45,3,346,2352,3.913644,-75.477196,2.0,0,0.0,0,0,2,4,2792,45.0,0,5,0.0,0,0.0,Revolutionary Armed Forces of Colombia (FARC)
56506,2013,8,18,0,160,5,359,1938,7.435278,125.225278,1.0,0,0.0,1,0,7,1,2345,160.0,0,8,0.0,1,0.0,New People's Army (NPA)
10239,1983,5,23,0,145,2,392,864,13.841425,-86.193928,1.0,0,0.0,1,0,2,4,1239,145.0,0,5,1.0,1,0.0,Nicaraguan Democratic Force (FDN)
61362,2014,7,8,0,182,11,63,304,2.059819,45.326115,1.0,0,0.0,1,0,1,2,580,182.0,0,5,1.0,0,0.0,Al-Shabaab
57443,2013,11,16,1,160,5,0,8,6.545399,121.873756,1.0,1,0.0,1,0,6,2,9,160.0,0,5,1.0,0,1.0,Abu Sayyaf Group (ASG)
19986,1988,7,18,0,159,3,256,1556,-11.967368,-76.978462,1.0,0,0.0,1,0,3,4,3358,159.0,0,6,0.0,1,0.0,Tupac Amaru Revolutionary Movement (MRTA)
29639,1992,2,8,0,155,10,306,2257,31.502407,34.459743,1.0,0,0.0,1,0,3,4,1591,97.0,0,6,0.0,1,0.0,Palestinians
4739,1979,2,14,0,185,8,81,385,42.84964,-2.692359,1.0,0,0.0,1,0,1,4,759,185.0,0,5,1.0,0,0.0,Basque Fatherland and Freedom (ETA)
8885,1982,7,2,0,61,2,139,853,13.69288,-89.199161,1.0,0,0.0,1,0,3,9,1301,61.0,0,6,1.0,1,0.0,Farabundo Marti National Liberation Front (FMLN)
67858,2015,5,25,0,160,5,374,1969,14.276771,122.705349,1.0,0,1.0,1,0,2,3,85,160.0,0,5,0.0,1,0.0,New People's Army (NPA)
83125,2017,11,14,1,160,5,1,7,6.063022,121.102294,2.0,0,0.0,1,0,6,14,8,160.0,0,5,0.0,0,1.0,Abu Sayyaf Group (ASG)
59550,2014,4,10,0,92,6,119,743,19.601869,81.426211,3.0,0,1.0,1,0,7,2,2049,92.0,0,5,0.0,-9,0.0,Maoists
64937,2015,1,7,0,113,10,271,1724,32.755737,12.723051,1.0,0,0.0,1,0,7,2,2119,113.0,0,8,0.0,1,0.0,Muslim extremists
65076,2015,1,13,0,160,5,0,35,6.497216,122.105141,1.0,0,0.0,1,0,3,1,112,160.0,0,6,0.0,1,0.0,Abu Sayyaf Group (ASG)
45941,2008,12,30,0,160,5,353,1959,12.290946,123.703737,1.0,0,0.0,0,0,2,16,2358,160.0,0,5,0.0,0,0.0,New People's Army (NPA)
80788,2017,6,9,1,147,11,166,1043,7.084237,6.239724,1.0,0,1.0,1,0,6,14,13,147.0,0,5,1.0,0,1.0,Fulani extremists
80081,2017,4,29,0,4,6,468,2635,36.298439,68.638029,3.0,0,0.0,1,0,2,14,558,4.0,0,5,13.0,0,0.0,Taliban
5779,1979,10,27,0,155,10,410,2211,32.222271,35.253506,1.0,0,0.0,1,0,3,15,2541,97.0,0,6,0.0,1,0.0,Palestinians
18152,1987,9,25,0,45,3,331,1827,7.116294,-73.120026,1.0,0,0.0,1,0,1,2,2250,45.0,0,5,2.0,0,0.0,National Liberation Army of Colombia (ELN)
46968,2009,8,10,0,4,6,462,2657,34.021194,68.999535,1.0,0,1.0,1,1,3,3,921,4.0,0,6,4.0,1,0.0,Taliban
6795,1980,7,9,0,61,2,141,867,13.491242,-88.173134,1.0,0,0.0,1,0,2,3,1296,61.0,0,5,1.0,1,0.0,Farabundo Marti National Liberation Front (FMLN)
23040,1989,9,13,0,155,10,306,1718,31.278791,34.256435,1.0,0,0.0,0,0,1,14,2629,155.0,0,9,0.0,0,0.0,Palestinians
69092,2015,7,26,0,160,5,351,1979,7.125629,125.963396,1.0,1,0.0,1,0,2,4,2374,160.0,0,5,3.0,0,0.0,New People's Army (NPA)
12492,1984,7,16,0,145,2,393,2104,13.360614,-86.398154,1.0,0,0.0,1,0,7,8,2514,145.0,0,5,1.0,1,0.0,Nicaraguan Democratic Force (FDN)
19546,1988,5,12,0,43,3,250,1544,-33.366238,-70.505302,1.0,0,1.0,1,0,2,19,56,43.0,0,8,0.0,1,0.0,Manuel Rodriguez Patriotic Front (FPMR)
7902,1981,8,11,0,183,11,19,142,-25.790101,28.143739,1.0,0,0.0,1,0,3,4,257,183.0,0,6,0.0,1,0.0,African National Congress (South Africa)
79828,2017,4,9,0,146,11,108,509,13.483374,12.843024,1.0,0,0.0,1,0,2,4,48,146.0,0,6,57.0,0,0.0,Boko Haram
47914,2010,4,23,0,95,10,30,177,33.303566,44.371773,1.0,0,1.0,1,0,3,15,358,95.0,0,6,1.0,-9,0.0,Al-Qaida in Iraq
69150,2015,7,28,0,228,10,53,24,14.802222,42.951111,4.0,0,0.0,1,0,2,14,13,228.0,0,5,2.0,0,0.0,Houthi extremists (Ansar Allah)
18164,1987,9,29,0,43,3,250,1544,-33.366238,-70.505302,1.0,0,1.0,1,0,3,14,1942,43.0,0,6,0.0,1,0.0,Manuel Rodriguez Patriotic Front (FPMR)
64867,2015,1,3,0,214,9,135,824,47.26136,37.744514,1.0,0,0.0,1,0,3,4,1191,214.0,0,6,0.0,-9,0.0,Donetsk People's Republic
63496,2014,10,16,0,214,9,135,795,48.143208,37.753361,1.0,1,0.0,0,0,2,4,48,214.0,0,5,0.0,0,0.0,Donetsk People's Republic
44694,2008,4,2,0,95,10,31,179,33.74324,44.623825,1.0,0,0.0,1,0,3,14,346,95.0,0,6,0.0,1,0.0,Al-Qaida in Iraq
52049,2012,5,21,0,45,3,338,2300,11.378289,-72.238173,1.0,1,0.0,1,0,2,4,48,45.0,0,5,12.0,0,0.0,Revolutionary Armed Forces of Colombia (FARC)
21459,1989,2,19,0,159,3,438,2823,-9.365146,-77.580569,1.0,0,0.0,1,0,2,17,3393,159.0,0,5,3.0,1,0.0,Tupac Amaru Revolutionary Movement (MRTA)
6401,1980,3,25,0,185,8,81,415,43.169068,-2.632655,1.0,0,0.0,1,0,1,1,720,185.0,0,5,1.0,0,0.0,Basque Fatherland and Freedom (ETA)
3426,1977,8,6,0,603,8,178,1179,54.607712,-5.95621,1.0,0,1.0,1,0,7,1,1450,216.0,0,8,0.0,1,0.0,Irish Republican Army (IRA)
12234,1984,5,16,0,145,2,406,2145,11.01844,-84.39811,1.0,0,0.0,1,0,2,1,2503,145.0,0,5,16.0,1,0.0,Nicaraguan Democratic Force (FDN)
25256,1990,6,22,0,186,6,206,1479,7.331414,81.833366,1.0,0,0.0,1,0,2,14,1793,186.0,0,5,62.0,1,0.0,Liberation Tigers of Tamil Eelam (LTTE)
70840,2015,10,23,0,92,6,119,1618,18.973896,81.399096,1.0,1,0.0,1,0,7,1,2030,92.0,0,8,0.0,1,0.0,Maoists
71473,2015,11,28,0,228,10,57,279,13.586484,44.024105,1.0,0,0.0,1,0,3,14,844,228.0,0,6,3.0,-9,0.0,Houthi extremists (Ansar Allah)
61622,2014,7,16,0,214,9,135,813,48.327225,38.025673,1.0,1,0.0,1,0,3,4,1201,214.0,0,6,0.0,1,0.0,Donetsk People's Republic
12553,1984,7,29,0,159,3,439,2438,-12.787148,-74.973207,1.0,0,0.0,1,0,3,14,2660,159.0,0,6,0.0,1,0.0,Shining Path (SL)
26305,1990,12,10,0,159,3,256,1556,-11.967368,-76.978462,1.0,0,0.0,1,0,3,7,3410,217.0,0,6,0.0,1,0.0,Tupac Amaru Revolutionary Movement (MRTA)
64061,2014,11,18,0,4,6,463,2577,31.60063,64.369652,1.0,0,0.0,1,0,3,3,537,4.0,0,6,3.0,0,0.0,Taliban
24534,1990,3,27,0,159,3,256,1556,-11.967368,-76.978462,1.0,0,0.0,1,0,3,4,2863,159.0,0,5,0.0,1,0.0,Shining Path (SL)
41532,2004,8,3,0,141,6,241,1667,27.626424,83.378939,3.0,0,0.0,1,0,7,19,2081,141.0,0,8,0.0,1,0.0,Maoists
71395,2015,11,23,0,228,10,57,24,13.413117,43.637531,4.0,0,0.0,1,0,3,19,1396,228.0,0,6,0.0,1,0.0,Houthi extremists (Ansar Allah)
24058,1990,1,12,0,186,6,206,1463,7.301756,81.67473,3.0,0,0.0,1,0,1,2,1770,186.0,0,5,4.0,0,0.0,Liberation Tigers of Tamil Eelam (LTTE)
28754,1991,10,20,0,92,6,318,2490,30.245796,75.842072,1.0,1,1.0,1,0,7,1,805,92.0,0,8,0.0,1,0.0,Sikh Extremists
37277,1999,3,20,0,6,10,305,1780,36.77513,5.59993,1.0,0,1.0,1,0,3,4,2165,6.0,0,6,4.0,0,0.0,Muslim extremists
69042,2015,7,23,0,228,10,45,236,12.825647,44.846416,1.0,0,0.0,1,0,3,6,276,228.0,0,6,0.0,0,0.0,Houthi extremists (Ansar Allah)
72434,2016,1,23,0,92,6,119,1621,18.555289,81.345462,1.0,0,0.0,1,0,3,3,12,92.0,0,6,0.0,0,0.0,Maoists
15905,1986,7,5,1,61,2,142,916,13.515493,-88.902328,1.0,0,0.0,1,0,2,4,1239,61.0,0,5,1.0,1,0.0,Farabundo Marti National Liberation Front (FMLN)
75621,2016,7,25,0,173,10,58,24,17.658138,45.261024,4.0,0,0.0,1,0,3,3,85,173.0,0,6,5.0,-9,0.0,Houthi extremists (Ansar Allah)
21692,1989,3,17,0,160,5,353,24,12.367922,123.620761,4.0,0,0.0,1,0,1,2,2335,160.0,0,5,1.0,0,0.0,New People's Army (NPA)
53605,2012,10,18,0,147,11,100,466,11.840929,13.141459,1.0,0,0.0,1,0,7,14,13,147.0,0,8,0.0,1,0.0,Boko Haram
64311,2014,12,3,0,104,11,72,319,0.731673,39.172842,1.0,0,0.0,1,0,6,14,560,104.0,0,5,15.0,0,1.0,Al-Shabaab
66372,2015,3,15,0,95,10,29,193,33.420948,43.295662,1.0,0,1.0,1,0,3,14,1200,95.0,0,6,1.0,-9,0.0,Islamic State of Iraq and the Levant (ISIL)
18030,1987,9,11,0,159,3,256,1556,-11.967368,-76.978462,1.0,0,0.0,1,0,3,1,3391,159.0,0,6,0.0,1,0.0,Tupac Amaru Revolutionary Movement (MRTA)
56957,2013,9,30,0,95,10,30,177,33.303566,44.371773,1.0,0,1.0,1,0,3,14,1609,95.0,0,6,6.0,-9,0.0,Islamic State of Iraq and the Levant (ISIL)
63196,2014,10,2,0,214,9,135,792,47.981647,37.762325,1.0,0,0.0,1,0,3,12,410,422.0,0,6,1.0,1,0.0,Donetsk People's Republic
55958,2013,7,5,0,60,10,268,1718,31.250196,34.24128,1.0,0,1.0,1,0,2,3,20,60.0,0,5,1.0,0,0.0,Muslim extremists
25643,1990,8,16,0,209,10,213,1406,37.537556,40.887996,1.0,0,0.0,1,0,2,4,1265,209.0,0,5,4.0,1,0.0,Kurdistan Workers' Party (PKK)
28046,1991,8,4,0,209,10,213,1373,37.192877,40.581143,1.0,0,0.0,1,0,2,3,1683,209.0,0,5,0.0,1,0.0,Kurdistan Workers' Party (PKK)
26533,1991,1,14,0,159,3,256,1556,-11.967368,-76.978462,1.0,0,0.0,1,0,3,2,3369,159.0,0,6,1.0,1,0.0,Tupac Amaru Revolutionary Movement (MRTA)
55339,2013,5,4,0,153,6,486,2711,24.891115,67.143311,1.0,0,1.0,1,0,3,22,410,153.0,0,6,3.0,1,0.0,Tehrik-i-Taliban Pakistan (TTP)
19040,1988,2,23,0,92,6,318,2483,31.8186,75.2028,1.0,0,0.0,1,0,2,3,3055,92.0,0,5,4.0,1,0.0,Sikh Extremists
49195,2011,1,25,0,153,6,484,2761,35.202293,71.873006,1.0,1,0.0,0,0,1,2,3289,153.0,0,5,1.0,1,0.0,Tehrik-i-Taliban Pakistan (TTP)
45872,2008,12,17,0,153,6,389,2730,32.306099,69.579956,1.0,1,0.0,1,0,2,14,1062,153.0,0,5,1.0,-9,0.0,Tehrik-i-Taliban Pakistan (TTP)
59595,2014,4,12,1,214,9,135,830,48.851688,37.613808,1.0,0,1.0,1,0,5,3,1212,214.0,0,5,1.0,1,1.0,Donetsk People's Republic
21348,1989,2,9,0,159,3,256,1556,-11.967368,-76.978462,1.0,0,0.0,1,0,3,1,3354,159.0,0,6,0.0,1,0.0,Tupac Amaru Revolutionary Movement (MRTA)
36557,1997,10,11,0,45,3,326,24,1.637898,-77.745208,4.0,0,0.0,1,0,1,14,2243,45.0,0,5,5.0,0,0.0,National Liberation Army of Colombia (ELN)
60347,2014,5,22,0,92,6,119,722,18.898482,81.352973,3.0,0,0.0,0,0,3,4,601,92.0,0,6,0.0,0,0.0,Maoists
60648,2014,6,5,0,147,11,104,960,9.998184,7.956361,1.0,0,1.0,1,0,2,2,1342,147.0,0,5,2.0,1,0.0,Fulani extremists
78025,2016,12,12,0,147,11,100,476,12.922965,13.563938,3.0,0,0.0,1,0,1,4,848,147.0,0,6,3.0,1,0.0,Boko Haram
17649,1987,7,17,0,159,3,256,1556,-11.967368,-76.978462,1.0,0,0.0,1,0,3,14,3413,159.0,0,6,0.0,1,0.0,Tupac Amaru Revolutionary Movement (MRTA)
34848,1995,12,5,0,186,6,206,1446,7.716668,81.70019,3.0,0,0.0,1,1,2,3,1828,186.0,0,5,57.0,1,0.0,Liberation Tigers of Tamil Eelam (LTTE)
26644,1991,1,31,0,186,6,206,1506,7.503357,81.730359,1.0,0,0.0,1,0,3,4,1779,186.0,0,6,1.0,1,0.0,Liberation Tigers of Tamil Eelam (LTTE)
54089,2012,12,24,0,45,3,324,1863,8.673589,-73.040407,1.0,0,0.0,1,0,2,4,12,45.0,0,5,0.0,0,0.0,National Liberation Army of Colombia (ELN)
83435,2017,12,10,0,182,11,69,322,4.787153,45.032951,1.0,0,0.0,1,0,7,1,574,182.0,0,8,0.0,1,0.0,Al-Shabaab
16948,1987,3,31,0,159,3,256,1556,-11.967368,-76.978462,1.0,0,0.0,1,0,3,2,373,159.0,0,6,0.0,1,0.0,Tupac Amaru Revolutionary Movement (MRTA)
70657,2015,10,14,0,153,6,318,2743,30.705992,70.648447,1.0,0,0.0,1,1,3,22,3242,153.0,0,6,10.0,0,0.0,Tehrik-i-Taliban Pakistan (TTP)
35730,1996,9,22,0,45,3,327,1825,6.242026,-75.564766,1.0,0,0.0,1,0,3,19,2235,45.0,0,6,8.0,1,0.0,National Liberation Army of Colombia (ELN)
9441,1982,11,30,0,61,2,138,925,13.812778,-87.819167,1.0,0,0.0,1,0,2,14,1314,61.0,0,5,1.0,1,1.0,Farabundo Marti National Liberation Front (FMLN)
37885,2000,2,15,1,160,5,1,54,5.977475,121.115015,1.0,1,0.0,1,0,6,12,94,160.0,0,5,0.0,0,1.0,Abu Sayyaf Group (ASG)
65723,2015,2,10,0,60,10,270,1722,31.282654,30.016884,1.0,0,1.0,1,0,3,3,2144,60.0,0,6,0.0,-9,0.0,Muslim extremists
35099,1996,2,25,0,45,3,327,24,6.2675,-75.568611,4.0,0,0.0,1,0,3,21,2230,45.0,0,6,0.0,1,0.0,National Liberation Army of Colombia (ELN)
12194,1984,5,12,0,183,11,18,97,-29.861824,31.008293,1.0,0,0.0,1,0,3,3,202,183.0,0,6,0.0,1,0.0,African National Congress (South Africa)
46671,2009,6,15,0,92,6,121,680,21.38345,84.264752,1.0,0,0.0,1,0,2,3,1006,92.0,0,5,1.0,0,0.0,Communist Party of India - Maoist (CPI-Maoist)
32406,1994,2,3,0,45,3,327,1825,6.242026,-75.564766,1.0,0,0.0,1,0,3,1,2240,45.0,0,6,0.0,1,0.0,National Liberation Army of Colombia (ELN)
20499,1988,10,12,0,603,8,178,1179,54.607712,-5.95621,1.0,0,0.0,1,0,1,3,1499,233.0,0,5,1.0,0,0.0,Irish Republican Army (IRA)
79467,2017,3,19,0,92,6,118,695,24.075537,85.183586,1.0,0,0.0,1,0,6,14,1027,92.0,0,5,1.0,1,1.0,Communist Party of India - Maoist (CPI-Maoist)
6648,1980,6,1,0,183,11,23,108,-26.810437,27.827077,1.0,0,1.0,1,0,3,1,205,183.0,0,6,1.0,1,0.0,African National Congress (South Africa)
11570,1984,2,10,0,97,10,410,2229,32.004264,35.276546,1.0,0,0.0,1,0,2,19,2391,97.0,0,8,0.0,0,0.0,Palestinians
68105,2015,6,5,0,160,5,371,1976,12.759986,123.930399,2.0,0,0.0,1,0,2,4,2372,160.0,0,5,1.0,1,0.0,New People's Army (NPA)
56379,2013,8,9,0,160,5,357,1929,14.975632,121.068392,1.0,0,0.0,1,0,2,4,2338,160.0,0,5,3.0,0,0.0,New People's Army (NPA)
39256,2001,8,10,1,45,3,329,1873,9.19974,-73.5433,1.0,0,0.0,1,0,6,1,2279,45.0,0,5,0.0,0,1.0,National Liberation Army of Colombia (ELN)
5218,1979,5,31,0,69,8,127,91,48.856644,2.34233,1.0,0,0.0,1,0,3,1,1095,69.0,0,6,0.0,1,0.0,Corsican National Liberation Front (FLNC)
28814,1991,10,25,0,155,10,410,2220,31.907141,35.198219,1.0,0,0.0,1,0,2,4,12,97.0,0,8,0.0,1,0.0,Palestinians
19490,1988,5,3,1,45,3,327,1825,6.242026,-75.564766,1.0,0,0.0,1,0,6,7,2220,45.0,0,5,0.0,0,1.0,National Liberation Army of Colombia (ELN)
29062,1991,11,16,0,92,6,264,24,26.846709,80.946159,4.0,0,0.0,1,0,1,14,2989,92.0,0,5,3.0,0,0.0,Sikh Extremists
22623,1989,8,2,0,159,3,430,2433,-11.822224,-75.392952,3.0,0,1.0,1,0,3,21,1238,159.0,0,6,0.0,1,0.0,Shining Path (SL)
44142,2007,9,14,0,95,10,29,193,33.420948,43.295662,1.0,0,0.0,1,0,3,14,350,95.0,0,6,3.0,0,0.0,Al-Qaida in Iraq
14935,1985,12,21,0,145,2,401,2161,12.84803,-85.23751,1.0,0,0.0,1,0,2,4,1239,145.0,0,5,1.0,1,0.0,Nicaraguan Democratic Force (FDN)
28668,1991,10,15,0,61,2,139,853,13.69288,-89.199161,1.0,0,0.0,1,0,3,1,1266,61.0,0,6,0.0,1,0.0,Farabundo Marti National Liberation Front (FMLN)
52290,2012,6,13,0,95,10,33,205,34.010471,44.148235,1.0,0,1.0,1,0,3,14,13,95.0,0,6,2.0,0,0.0,Al-Qaida in Iraq
67200,2015,4,26,0,214,9,135,794,48.363186,37.891922,1.0,1,0.0,1,0,2,4,48,214.0,0,6,0.0,-9,0.0,Donetsk People's Republic
59663,2014,4,15,0,160,5,373,1968,9.000313,125.269224,1.0,0,0.0,1,0,2,3,93,160.0,0,6,0.0,-9,0.0,New People's Army (NPA)
53206,2012,9,9,0,95,10,35,180,35.45211,44.375465,1.0,1,1.0,1,0,3,14,13,95.0,0,6,3.0,0,0.0,Al-Qaida in Iraq
74998,2016,6,18,1,147,11,155,962,7.691215,9.247731,3.0,0,1.0,1,0,2,14,27,147.0,0,5,59.0,1,-9.0,Fulani extremists
75688,2016,7,29,0,214,9,135,814,47.351321,37.931012,1.0,0,1.0,1,0,6,7,162,422.0,0,5,0.0,1,1.0,Donetsk People's Republic
10877,1983,9,27,0,45,3,332,24,2.535935,-75.52767,4.0,0,0.0,1,0,1,3,638,45.0,0,5,2.0,0,0.0,Revolutionary Armed Forces of Colombia (FARC)
999,1972,7,9,0,603,8,178,1179,54.607712,-5.95621,1.0,0,0.0,1,0,1,17,1493,233.0,0,5,1.0,0,0.0,Irish Republican Army (IRA)
9523,1982,12,18,0,183,11,25,121,-33.941849,18.41964,1.0,0,0.0,1,0,3,21,260,183.0,0,6,0.0,1,0.0,African National Congress (South Africa)
8385,1982,2,12,0,69,8,126,24,41.918891,8.737554,4.0,0,0.0,1,0,3,14,1150,69.0,0,6,0.0,1,0.0,Corsican National Liberation Front (FLNC)
83493,2017,12,17,0,92,6,122,1604,18.464464,82.355801,1.0,1,0.0,1,0,7,1,1000,92.0,0,5,0.0,1,0.0,Maoists
10031,1983,4,8,0,145,2,401,2111,12.810234,-85.786635,1.0,0,0.0,1,0,2,4,1239,145.0,0,5,75.0,1,0.0,Nicaraguan Democratic Force (FDN)
68084,2015,6,6,0,45,3,327,2323,6.913245,-75.67556,3.0,0,0.0,1,0,7,19,56,45.0,0,8,0.0,1,0.0,Revolutionary Armed Forces of Colombia (FARC)
79468,2017,3,20,0,160,5,12,2001,7.730071,125.099395,1.0,0,0.0,0,0,2,4,48,160.0,0,5,0.0,0,0.0,New People's Army (NPA)
44721,2008,4,9,0,92,6,121,600,18.364195,81.892418,3.0,0,0.0,1,0,2,14,1003,92.0,0,5,1.0,0,0.0,Communist Party of India - Maoist (CPI-Maoist)
48420,2010,8,3,0,228,10,45,280,12.838674,44.868883,4.0,0,0.0,1,1,3,4,513,228.0,0,6,1.0,1,0.0,Al-Qaida in the Arabian Peninsula (AQAP)
66854,2015,4,11,0,92,6,119,678,18.391134,81.659273,3.0,0,0.0,1,0,2,3,1004,92.0,0,5,42.0,0,0.0,Communist Party of India - Maoist (CPI-Maoist)
8989,1982,7,28,0,159,3,256,2413,-12.046374,-77.042793,4.0,0,0.0,1,0,3,21,1238,159.0,0,6,0.0,1,0.0,Shining Path (SL)
22561,1989,7,24,0,159,3,430,2410,-11.520494,-75.899782,1.0,0,0.0,1,0,3,19,2886,159.0,0,6,0.0,1,0.0,Shining Path (SL)
65998,2015,2,23,0,214,9,135,793,47.098835,37.81987,1.0,0,0.0,1,0,3,4,1191,214.0,0,6,2.0,0,0.0,Donetsk People's Republic
76207,2016,8,30,0,182,11,63,304,2.059819,45.326115,1.0,0,0.0,1,1,3,1,437,182.0,0,6,23.0,1,0.0,Al-Shabaab
63793,2014,11,2,0,147,11,103,467,7.78811,6.729729,1.0,0,0.0,1,0,3,3,840,147.0,0,6,1.0,1,0.0,Boko Haram
19947,1988,7,14,0,186,6,242,1465,9.304036,80.409705,1.0,0,0.0,1,0,3,4,1774,92.0,0,6,2.0,1,0.0,Liberation Tigers of Tamil Eelam (LTTE)
61491,2014,7,12,0,160,5,383,2001,14.67428,121.057495,1.0,0,0.0,1,0,2,4,2407,160.0,0,5,0.0,0,0.0,New People's Army (NPA)
20457,1988,10,6,0,183,11,19,147,-26.004123,28.21116,1.0,0,0.0,1,0,3,2,266,183.0,0,6,0.0,1,0.0,African National Congress (South Africa)
51706,2012,4,19,0,95,10,33,182,34.208416,43.890713,1.0,0,1.0,1,0,3,3,85,95.0,0,6,3.0,1,0.0,Al-Qaida in Iraq
38067,2000,5,17,0,186,6,206,1438,7.733107,81.68882,1.0,0,0.0,1,0,3,3,1801,186.0,0,6,29.0,-9,0.0,Liberation Tigers of Tamil Eelam (LTTE)
51628,2012,4,14,0,4,6,301,2572,34.229213,70.193208,2.0,0,1.0,1,0,2,4,3115,422.0,0,5,0.0,1,0.0,Taliban
3713,1977,12,21,0,603,8,178,1179,54.607712,-5.95621,1.0,0,0.0,1,0,3,1,1139,216.0,0,6,0.0,1,0.0,Irish Republican Army (IRA)
7484,1981,3,19,0,155,10,306,2216,31.502407,34.459743,1.0,0,0.0,1,0,3,4,2583,97.0,0,6,1.0,1,0.0,Palestinians
50431,2011,11,16,0,92,6,118,590,23.744186,84.504429,3.0,0,0.0,1,0,3,3,942,92.0,0,6,0.0,1,0.0,Communist Party of India - Maoist (CPI-Maoist)
26574,1991,1,21,0,61,2,146,878,13.84222,-89.09694,1.0,0,0.0,1,0,2,4,412,61.0,0,5,0.0,1,0.0,Farabundo Marti National Liberation Front (FMLN)
41464,2004,6,27,0,4,6,301,1776,34.417122,70.449593,1.0,0,0.0,1,0,3,12,3126,4.0,0,6,2.0,1,0.0,Taliban
14999,1986,1,7,0,145,2,392,2087,13.746389,-86.709722,1.0,0,0.0,1,0,2,4,1239,145.0,0,5,1.0,1,0.0,Nicaraguan Democratic Force (FDN)
29470,1992,1,15,0,209,10,231,1386,38.353182,38.32083,1.0,0,0.0,1,0,2,3,373,209.0,0,5,2.0,1,0.0,Kurdistan Workers' Party (PKK)
68842,2015,7,13,0,147,11,100,533,11.831098,13.150967,2.0,0,0.0,1,1,3,19,56,147.0,0,6,2.0,-9,0.0,Boko Haram
5217,1979,5,31,0,69,8,127,91,48.856644,2.34233,1.0,0,0.0,1,0,3,1,1095,69.0,0,6,0.0,1,0.0,Corsican National Liberation Front (FLNC)
42553,2005,12,10,0,45,3,343,1862,3.429344,-76.516037,1.0,0,0.0,1,0,2,3,2757,45.0,0,5,2.0,0,0.0,Revolutionary Armed Forces of Colombia (FARC)
78792,2017,2,3,0,228,10,49,244,13.887403,45.863647,1.0,0,0.0,1,0,3,17,20,228.0,0,6,0.0,1,0.0,Al-Qaida in the Arabian Peninsula (AQAP)
22675,1989,8,8,0,92,6,318,2514,31.560363,75.028988,3.0,0,0.0,1,0,2,3,412,92.0,0,5,1.0,1,0.0,Sikh Extremists
23513,1989,10,25,0,45,3,324,1868,7.74002,-73.04889,1.0,0,0.0,1,0,3,3,823,45.0,0,6,4.0,1,0.0,National Liberation Army of Colombia (ELN)
73006,2016,2,22,1,228,10,47,245,14.54397,49.12458,1.0,0,0.0,1,0,6,2,467,228.0,0,5,1.0,0,1.0,Al-Qaida in the Arabian Peninsula (AQAP)
73372,2016,3,13,0,147,11,155,1027,7.788031,9.166207,2.0,1,1.0,1,0,2,14,27,147.0,0,5,0.0,1,0.0,Fulani extremists
58006,2014,1,8,0,160,5,375,2011,16.771234,121.098672,1.0,0,0.0,1,0,1,2,2404,160.0,0,5,1.0,0,0.0,New People's Army (NPA)
25469,1990,7,26,0,43,3,250,1544,-33.366238,-70.505302,1.0,0,0.0,1,0,3,15,1941,217.0,0,6,0.0,1,0.0,Manuel Rodriguez Patriotic Front (FPMR)
53702,2012,10,29,0,4,6,480,2662,33.933668,68.383239,1.0,0,0.0,1,0,3,14,13,4.0,0,6,0.0,0,0.0,Taliban
78238,2016,12,28,0,182,11,69,312,3.381584,45.598389,1.0,0,0.0,1,1,3,1,361,182.0,0,6,1.0,1,0.0,Al-Shabaab
16935,1987,3,23,0,362,8,181,1206,51.148407,6.357643,1.0,0,0.0,1,0,3,4,1501,216.0,0,6,0.0,1,0.0,Irish Republican Army (IRA)
62579,2014,9,2,0,147,11,156,957,8.198372,8.295129,2.0,0,1.0,1,0,2,14,27,147.0,0,5,15.0,1,0.0,Fulani extremists
18210,1987,10,6,0,186,6,206,1441,8.577826,81.218719,1.0,1,0.0,1,0,2,14,27,186.0,0,5,27.0,1,0.0,Liberation Tigers of Tamil Eelam (LTTE)
23912,1989,12,14,0,43,3,250,1544,-33.366238,-70.505302,1.0,0,0.0,1,0,1,3,1188,43.0,0,5,0.0,0,0.0,Manuel Rodriguez Patriotic Front (FPMR)
12407,1984,7,4,0,61,2,139,853,13.69288,-89.199161,1.0,0,1.0,1,0,3,21,1238,61.0,0,6,1.0,1,0.0,Farabundo Marti National Liberation Front (FMLN)
11923,1984,4,1,0,43,3,250,1544,-33.366238,-70.505302,1.0,0,1.0,1,0,3,21,1954,43.0,0,6,1.0,1,0.0,Manuel Rodriguez Patriotic Front (FPMR)
16263,1986,10,4,0,159,3,432,2391,-13.152712,-74.218628,1.0,0,0.0,1,0,3,2,2845,159.0,0,6,0.0,1,0.0,Shining Path (SL)
60126,2014,5,13,1,214,9,135,825,48.987865,37.797001,1.0,0,0.0,1,0,6,3,1209,214.0,0,5,1.0,0,1.0,Donetsk People's Republic
54875,2013,3,18,0,160,5,351,1920,7.578889,125.998056,1.0,0,1.0,1,0,3,3,85,160.0,0,6,0.0,0,0.0,New People's Army (NPA)
65703,2015,2,9,0,147,11,155,962,7.689167,9.250278,3.0,0,1.0,1,0,2,14,27,147.0,0,5,1.0,1,0.0,Fulani extremists
82736,2017,10,13,0,147,11,100,475,12.366749,13.828885,1.0,0,0.0,1,0,2,4,427,147.0,0,5,1.0,0,0.0,Boko Haram
48127,2010,5,28,0,92,6,118,587,24.128611,84.185712,3.0,0,0.0,1,0,3,3,907,92.0,0,6,1.0,-9,0.0,Communist Party of India - Maoist (CPI-Maoist)
10225,1983,5,22,0,61,2,140,24,14.191665,-89.1706,4.0,0,0.0,1,0,3,21,1238,61.0,0,6,1.0,1,0.0,Farabundo Marti National Liberation Front (FMLN)
6793,1980,7,9,0,155,10,410,2211,32.222271,35.253506,1.0,0,0.0,0,0,3,20,1087,97.0,0,6,1.0,1,0.0,Palestinians
29878,1992,3,17,0,209,10,193,1262,41.106178,28.689863,1.0,0,1.0,1,0,7,1,705,209.0,0,8,0.0,1,0.0,Kurdistan Workers' Party (PKK)
52281,2012,6,13,0,95,10,38,221,32.901412,45.077723,1.0,0,1.0,1,0,3,14,402,95.0,0,6,0.0,-9,0.0,Al-Qaida in Iraq
10495,1983,7,7,0,45,3,328,1819,4.667128,-74.106056,1.0,0,0.0,1,0,5,10,2199,69.0,0,5,0.0,1,1.0,National Liberation Army of Colombia (ELN)
4606,1979,1,13,0,185,8,81,378,43.178205,-2.31164,1.0,0,0.0,1,0,3,3,655,185.0,0,6,2.0,1,0.0,Basque Fatherland and Freedom (ETA)
71189,2015,11,11,0,182,11,61,338,2.099684,45.15723,1.0,0,0.0,1,1,3,4,162,422.0,0,6,1.0,0,0.0,Al-Shabaab
36456,1997,8,15,0,45,3,327,1858,7.07786,-74.70355,1.0,0,0.0,1,0,7,2,2280,45.0,0,8,0.0,1,0.0,National Liberation Army of Colombia (ELN)
17897,1987,8,22,0,185,8,91,411,43.507604,-5.604447,1.0,0,0.0,1,0,3,3,657,185.0,0,6,0.0,1,0.0,Basque Fatherland and Freedom (ETA)
69330,2015,8,6,0,153,6,389,2755,33.558414,70.696106,1.0,0,0.0,1,0,2,4,12,153.0,0,5,11.0,0,0.0,Tehrik-i-Taliban Pakistan (TTP)
82779,2017,10,16,0,147,11,110,1062,10.030051,8.799994,2.0,0,1.0,1,0,2,14,27,147.0,0,5,10.0,-9,0.0,Fulani extremists
82107,2017,8,26,0,153,6,484,2708,34.006004,71.53743,1.0,0,0.0,1,0,3,3,3219,153.0,0,6,0.0,1,0.0,Tehrik-i-Taliban Pakistan (TTP)
74758,2016,6,5,0,147,11,155,1057,7.350826,8.836276,2.0,0,1.0,1,0,2,14,27,147.0,0,5,2.0,1,0.0,Fulani extremists
51237,2012,3,3,0,92,6,122,676,20.8167,82.5333,2.0,0,0.0,1,0,7,1,1000,92.0,0,8,0.0,1,0.0,Communist Party of India - Maoist (CPI-Maoist)
63868,2014,11,7,0,60,10,307,1784,30.596492,32.271459,1.0,1,0.0,1,0,2,4,20,60.0,0,5,1.0,0,0.0,Muslim extremists
75519,2016,7,18,1,214,9,277,1733,50.4501,30.5234,1.0,0,0.0,1,0,6,2,2127,214.0,0,5,0.0,1,1.0,Muslim extremists
4845,1979,3,18,0,69,8,131,751,41.591369,9.278311,1.0,0,0.0,1,0,3,2,1136,69.0,0,6,0.0,1,0.0,Corsican National Liberation Front (FLNC)
13140,1984,12,9,0,69,8,128,755,43.296482,5.36978,1.0,0,0.0,1,0,3,3,1113,69.0,0,6,0.0,1,0.0,Corsican National Liberation Front (FLNC)
10826,1983,9,14,0,145,2,392,2140,13.662336,-86.437449,1.0,0,0.0,1,0,2,4,1239,145.0,0,5,16.0,1,0.0,Nicaraguan Democratic Force (FDN)
24340,1990,3,3,0,45,3,329,1823,8.308585,-73.613541,1.0,0,0.0,1,0,6,10,2224,45.0,0,5,0.0,0,1.0,National Liberation Army of Colombia (ELN)
63283,2014,10,8,0,228,10,52,248,13.985013,45.558479,1.0,0,1.0,1,0,2,2,516,228.0,0,6,6.0,1,0.0,Al-Qaida in the Arabian Peninsula (AQAP)
27368,1991,5,27,0,159,3,256,1556,-11.967368,-76.978462,1.0,0,0.0,1,0,3,2,3345,159.0,0,6,0.0,1,0.0,Tupac Amaru Revolutionary Movement (MRTA)
3128,1977,2,24,0,183,11,19,137,-26.141151,28.427501,1.0,0,0.0,1,0,3,3,188,183.0,0,6,0.0,1,0.0,African National Congress (South Africa)
53734,2012,11,2,0,209,10,219,1398,38.457543,40.647071,1.0,0,0.0,1,0,2,4,427,209.0,0,5,3.0,-9,0.0,Kurdistan Workers' Party (PKK)
69898,2015,9,4,0,147,11,100,543,11.185278,13.884167,1.0,0,0.0,1,1,3,14,334,147.0,0,6,48.0,0,0.0,Boko Haram
48139,2010,6,1,0,153,6,389,2751,34.574856,71.276081,1.0,0,1.0,1,0,3,1,3246,153.0,0,6,0.0,1,0.0,Tehrik-i-Taliban Pakistan (TTP)
6569,1980,4,29,0,69,8,133,778,42.615508,8.907482,1.0,0,0.0,1,0,3,14,1152,69.0,0,6,0.0,1,0.0,Corsican National Liberation Front (FLNC)
8610,1982,4,15,0,61,2,137,870,13.85077,-88.90406,1.0,0,0.0,1,0,2,4,1309,61.0,0,5,0.0,1,0.0,Farabundo Marti National Liberation Front (FMLN)
53024,2012,8,19,0,4,6,459,2616,32.37001,62.128456,1.0,0,0.0,1,0,2,2,3142,4.0,0,5,2.0,1,0.0,Taliban
64000,2014,11,15,0,123,11,157,1719,16.266667,-0.05,1.0,0,0.0,1,0,2,1,180,123.0,0,5,1.0,-9,0.0,Muslim extremists
19437,1988,5,1,0,69,8,126,749,42.016854,9.403982,1.0,0,1.0,1,0,3,1,1084,69.0,0,6,0.0,1,0.0,Corsican National Liberation Front (FLNC)
80943,2017,6,18,0,95,10,34,184,36.354145,43.14357,1.0,0,0.0,0,1,3,3,85,95.0,0,6,1.0,0,0.0,Islamic State of Iraq and the Levant (ISIL)
64822,2015,1,1,0,228,10,47,266,15.914915,48.650745,1.0,0,0.0,1,0,3,3,409,228.0,0,6,4.0,1,0.0,Al-Qaida in the Arabian Peninsula (AQAP)
26321,1990,12,12,0,45,3,422,2290,3.24114,-74.35539,3.0,0,0.0,1,0,2,4,1321,45.0,0,5,0.0,1,0.0,Revolutionary Armed Forces of Colombia (FARC)
77389,2016,11,5,0,209,10,210,24,37.418748,42.491834,4.0,0,0.0,1,0,3,14,13,209.0,0,6,3.0,-9,0.0,Kurdistan Workers' Party (PKK)
46804,2009,7,11,0,4,6,470,2664,34.68611,70.915658,3.0,0,0.0,0,0,1,2,3176,4.0,0,5,0.0,-9,0.0,Taliban
36639,1997,11,11,0,45,3,327,24,6.2675,-75.568611,4.0,0,0.0,1,0,1,14,2215,45.0,0,5,2.0,0,0.0,National Liberation Army of Colombia (ELN)
52602,2012,7,16,0,4,6,460,2614,36.705776,68.87706,1.0,0,0.0,0,0,1,2,3140,4.0,0,6,0.0,0,0.0,Taliban
71674,2015,12,13,0,160,5,356,59,11.387,122.781991,1.0,0,0.0,1,0,3,3,409,160.0,0,6,0.0,0,0.0,New People's Army (NPA)
74000,2016,4,23,0,228,10,57,279,13.586484,44.024105,1.0,0,0.0,1,0,3,19,56,228.0,0,6,5.0,1,0.0,Houthi extremists (Ansar Allah)
67239,2015,4,28,0,214,9,135,801,47.313381,37.805458,1.0,0,1.0,1,0,2,4,48,214.0,0,5,0.0,-9,0.0,Donetsk People's Republic
9214,1982,10,3,0,61,2,141,889,13.719546,-88.360633,1.0,0,0.0,1,0,2,4,1239,61.0,0,5,1.0,1,0.0,Farabundo Marti National Liberation Front (FMLN)
58178,2014,1,20,0,4,6,457,2569,31.784801,65.755234,3.0,0,0.0,1,1,3,4,3113,422.0,0,6,10.0,1,0.0,Taliban
81904,2017,8,14,0,209,10,211,1355,37.3,44.566667,3.0,0,0.0,1,0,3,1,409,209.0,0,6,2.0,1,0.0,Kurdistan Workers' Party (PKK)
15084,1986,1,22,0,61,2,148,899,13.483333,-88.466667,1.0,0,1.0,1,0,3,21,1280,61.0,0,6,0.0,1,0.0,Farabundo Marti National Liberation Front (FMLN)
43503,2007,1,14,0,45,3,324,2292,8.21121,-73.23843,1.0,0,0.0,1,0,3,3,2722,45.0,0,6,5.0,0,0.0,Revolutionary Armed Forces of Colombia (FARC)
5099,1979,5,7,0,69,8,131,782,41.387174,9.159269,1.0,0,0.0,1,0,3,20,1154,69.0,0,6,0.0,1,0.0,Corsican National Liberation Front (FLNC)
62512,2014,8,29,0,182,11,65,307,-0.357847,42.54665,1.0,0,0.0,1,0,3,3,175,182.0,0,6,0.0,-9,0.0,Al-Shabaab
59682,2014,4,17,0,182,11,68,331,3.162307,42.493771,1.0,0,0.0,1,0,2,4,605,422.0,0,5,7.0,-9,0.0,Al-Shabaab
78867,2017,2,9,0,92,6,122,1625,19.709905,83.365003,1.0,0,0.0,0,0,3,3,85,92.0,0,6,0.0,0,0.0,Maoists
44339,2007,11,19,0,92,6,120,649,23.332078,86.365208,3.0,0,0.0,1,0,1,22,2051,92.0,0,5,1.0,0,0.0,Maoists
43291,2006,9,7,1,186,6,206,1500,8.735506,80.479927,1.0,0,0.0,1,0,6,4,1827,186.0,0,5,1.0,1,1.0,Liberation Tigers of Tamil Eelam (LTTE)
14751,1985,11,10,0,159,3,434,2396,-16.466667,-69.916667,2.0,0,0.0,1,0,2,1,2853,159.0,0,5,1.0,1,0.0,Shining Path (SL)
78435,2017,1,11,0,60,10,268,1716,31.212225,34.117065,1.0,1,1.0,1,0,2,4,20,60.0,0,5,5.0,-9,0.0,Muslim extremists
17339,1987,6,2,0,145,2,395,2095,11.966667,-85.166667,1.0,0,0.0,1,0,2,4,1239,145.0,0,5,7.0,1,0.0,Nicaraguan Democratic Force (FDN)
51397,2012,3,20,0,4,6,461,2575,32.100204,66.901016,1.0,0,0.0,1,0,2,14,3168,4.0,0,5,1.0,0,0.0,Taliban
54563,2013,2,10,0,92,6,117,1638,25.540785,85.268411,1.0,0,0.0,1,0,6,14,2063,92.0,0,5,0.0,0,1.0,Maoists
64402,2014,12,8,0,228,10,50,241,15.325443,44.211895,1.0,0,0.0,0,0,3,2,478,228.0,0,6,0.0,0,0.0,Al-Qaida in the Arabian Peninsula (AQAP)
27290,1991,5,16,0,45,3,427,2208,5.25001,-70.26667,2.0,0,0.0,1,0,2,4,2761,45.0,0,5,1.0,1,0.0,Revolutionary Armed Forces of Colombia (FARC)
11130,1983,11,15,0,45,3,327,2288,6.828333,-75.513056,2.0,0,0.0,0,0,1,1,2714,45.0,0,5,0.0,0,0.0,Revolutionary Armed Forces of Colombia (FARC)
29653,1992,2,10,0,185,8,97,425,37.983445,-1.12989,1.0,0,0.0,1,0,3,14,736,185.0,0,6,1.0,1,0.0,Basque Fatherland and Freedom (ETA)
66392,2015,3,16,0,214,9,135,793,47.098835,37.81987,1.0,1,1.0,1,0,2,4,48,214.0,0,6,0.0,0,0.0,Donetsk People's Republic
19191,1988,3,21,0,92,6,318,2517,31.22402,75.770801,1.0,0,0.0,1,0,3,3,1826,92.0,0,6,0.0,1,0.0,Sikh Extremists
21657,1989,3,11,0,43,3,250,1544,-33.366238,-70.505302,1.0,0,0.0,1,0,3,21,1238,43.0,0,6,0.0,1,0.0,Manuel Rodriguez Patriotic Front (FPMR)
19336,1988,4,16,0,159,3,256,1556,-11.967368,-76.978462,1.0,0,0.0,1,0,3,7,3347,217.0,0,6,0.0,1,0.0,Tupac Amaru Revolutionary Movement (MRTA)
60931,2014,6,20,0,182,11,68,310,3.10111,42.240947,4.0,0,0.0,1,0,1,4,562,182.0,0,5,1.0,0,0.0,Al-Shabaab
39508,2001,9,7,0,186,6,206,1441,8.577826,81.218719,1.0,0,0.0,1,0,2,4,1765,186.0,0,5,4.0,-9,0.0,Liberation Tigers of Tamil Eelam (LTTE)
24207,1990,2,9,0,155,10,306,2216,31.502407,34.459743,1.0,0,0.0,1,0,1,14,2585,155.0,0,9,1.0,0,0.0,Palestinians
74817,2016,6,7,0,153,6,389,2726,34.565494,71.477429,2.0,0,1.0,1,0,6,4,3222,153.0,0,5,1.0,0,1.0,Tehrik-i-Taliban Pakistan (TTP)
16750,1987,2,15,0,45,3,346,2314,4.06052,-74.692318,1.0,0,0.0,1,0,2,3,2745,45.0,0,5,1.0,1,0.0,Revolutionary Armed Forces of Colombia (FARC)
60206,2014,5,15,0,147,11,114,530,8.884813,7.231787,1.0,0,0.0,1,0,2,14,27,147.0,0,5,0.0,1,0.0,Fulani extremists
52928,2012,8,12,0,95,10,33,209,34.726269,44.584908,1.0,1,1.0,1,0,2,14,380,95.0,0,5,8.0,0,0.0,Al-Qaida in Iraq
13665,1985,4,30,0,92,6,449,2494,30.733315,76.779418,1.0,0,0.0,0,0,3,15,3000,92.0,0,6,0.0,0,0.0,Sikh Extremists
15350,1986,3,26,0,43,3,250,1544,-33.366238,-70.505302,1.0,0,1.0,1,0,3,1,1899,43.0,0,6,0.0,1,0.0,Manuel Rodriguez Patriotic Front (FPMR)
16193,1986,9,13,0,145,2,401,2105,12.893423,-85.136456,1.0,0,0.0,1,0,2,4,1239,145.0,0,5,2.0,1,0.0,Nicaraguan Democratic Force (FDN)
4202,1978,7,23,0,69,8,131,782,41.387174,9.159269,1.0,0,0.0,1,0,3,14,1159,69.0,0,6,0.0,1,0.0,Corsican National Liberation Front (FLNC)
77248,2016,10,27,0,173,10,56,1123,21.416667,39.816667,1.0,1,0.0,0,0,3,14,844,173.0,0,6,0.0,0,0.0,Houthi extremists (Ansar Allah)
65573,2015,2,3,0,160,5,0,29,6.41871,121.972443,1.0,0,0.0,1,0,3,1,37,160.0,0,6,0.0,-9,0.0,Abu Sayyaf Group (ASG)
46335,2009,4,6,0,95,10,30,177,33.303566,44.371773,1.0,0,0.0,1,0,3,2,392,95.0,0,6,2.0,-9,0.0,Al-Qaida in Iraq
24869,1990,5,4,0,43,3,250,1559,-33.366238,-70.505302,1.0,0,0.0,1,0,3,1,1963,43.0,0,6,0.0,1,0.0,Manuel Rodriguez Patriotic Front (FPMR)
35863,1996,10,26,0,45,3,327,1879,5.59,-75.867222,2.0,0,0.0,1,0,7,19,2287,45.0,0,8,0.0,1,0.0,National Liberation Army of Colombia (ELN)
18889,1988,2,7,0,92,6,264,2499,29.420166,77.784542,1.0,0,0.0,1,0,2,3,1296,92.0,0,5,0.0,1,0.0,Sikh Extremists
45692,2008,10,30,0,185,8,89,404,42.815372,-1.653616,1.0,0,0.0,1,0,3,8,722,185.0,0,6,0.0,1,0.0,Basque Fatherland and Freedom (ETA)
61232,2014,7,3,0,214,9,135,826,48.110606,37.48805,1.0,0,0.0,1,0,3,4,20,214.0,0,6,1.0,1,0.0,Donetsk People's Republic
18070,1987,9,16,0,159,3,441,2421,-7.665171,-76.787363,1.0,0,0.0,1,0,2,14,2899,159.0,0,5,15.0,1,0.0,Shining Path (SL)
28949,1991,11,6,0,61,2,138,852,13.802046,-87.896732,1.0,0,0.0,1,0,2,4,412,61.0,0,5,7.0,1,0.0,Farabundo Marti National Liberation Front (FMLN)
26948,1991,3,24,0,186,6,206,1447,7.219392,81.849757,1.0,0,0.0,1,0,3,14,1755,186.0,0,6,8.0,1,0.0,Liberation Tigers of Tamil Eelam (LTTE)
48462,2010,8,13,0,92,6,119,654,18.701641,81.248451,1.0,1,0.0,1,0,7,1,974,92.0,0,8,0.0,1,0.0,Communist Party of India - Maoist (CPI-Maoist)
81130,2017,6,27,0,37,11,109,522,10.911592,14.4209,1.0,0,0.0,1,0,2,4,48,37.0,0,5,1.0,1,0.0,Boko Haram
73430,2016,3,16,0,95,10,35,1240,35.320671,43.767281,3.0,0,0.0,1,0,3,4,1603,95.0,0,6,2.0,1,0.0,Islamic State of Iraq and the Levant (ISIL)
29514,1992,1,22,0,603,8,178,1180,55.011562,-7.312045,1.0,0,0.0,1,0,3,1,1439,233.0,0,6,0.0,1,0.0,Irish Republican Army (IRA)
15690,1986,5,31,0,145,2,393,2177,13.087135,-86.355572,4.0,1,0.0,1,0,2,4,1245,145.0,0,5,1.0,1,0.0,Nicaraguan Democratic Force (FDN)
52158,2012,5,30,0,160,5,369,1957,13.132009,123.89089,1.0,0,0.0,1,0,2,4,2356,160.0,0,5,1.0,0,0.0,New People's Army (NPA)
31046,1992,8,23,0,97,10,412,2215,31.771599,35.2034,1.0,0,0.0,0,0,3,19,2616,97.0,0,6,0.0,1,0.0,Palestinians
21040,1988,12,23,0,61,2,139,853,13.69288,-89.199161,1.0,0,0.0,1,0,3,2,1260,61.0,0,6,1.0,1,0.0,Farabundo Marti National Liberation Front (FMLN)
67362,2015,5,3,0,147,11,110,950,9.542607,8.896159,2.0,0,1.0,1,0,2,14,13,147.0,0,5,17.0,0,0.0,Fulani extremists
12727,1984,9,3,0,61,2,140,24,14.191665,-89.1706,4.0,0,0.0,1,0,2,4,1265,61.0,0,5,28.0,1,0.0,Farabundo Marti National Liberation Front (FMLN)
28049,1991,8,5,0,69,8,126,751,41.591369,9.278311,1.0,0,0.0,1,0,3,2,410,69.0,0,6,0.0,1,0.0,Corsican National Liberation Front (FLNC)
28319,1991,9,4,0,603,8,178,1179,54.607712,-5.95621,1.0,0,1.0,1,0,7,1,1519,233.0,0,8,0.0,1,0.0,Irish Republican Army (IRA)
71287,2015,11,18,0,28,9,274,1756,43.878321,18.314335,1.0,0,0.0,1,0,2,4,48,28.0,1,5,2.0,1,0.0,Muslim extremists
66199,2015,3,7,0,147,11,100,488,11.808727,12.495786,1.0,0,0.0,1,1,3,4,20,147.0,0,6,1.0,0,0.0,Boko Haram
33022,1994,5,16,0,159,3,256,1556,-11.967368,-76.978462,1.0,0,0.0,1,0,3,1,2858,159.0,0,6,0.0,1,0.0,Shining Path (SL)
55753,2013,6,16,0,95,10,34,184,36.354145,43.14357,1.0,0,1.0,1,0,3,1,361,95.0,0,6,1.0,0,0.0,Islamic State of Iraq and the Levant (ISIL)
37405,1999,6,9,0,603,8,178,1180,55.011562,-7.312045,1.0,0,0.0,1,0,8,14,1455,233.0,0,9,0.0,1,0.0,Irish Republican Army (IRA)
73628,2016,4,1,0,95,10,29,24,33.982013,42.594834,4.0,0,1.0,0,1,3,4,0,95.0,0,6,15.0,0,0.0,Islamic State of Iraq and the Levant (ISIL)
33753,1994,12,25,0,160,5,0,24,6.703352,121.968689,4.0,0,0.0,1,0,6,2,128,160.0,0,9,2.0,0,1.0,Abu Sayyaf Group (ASG)
50696,2011,12,23,0,200,10,37,190,33.515244,36.292084,1.0,0,1.0,1,1,3,2,347,200.0,0,6,23.0,0,0.0,Al-Qaida in Iraq
82046,2017,8,24,0,147,11,100,512,12.943352,13.179094,2.0,0,0.0,1,0,2,14,27,147.0,0,5,5.0,0,0.0,Boko Haram
28733,1991,10,20,0,92,6,318,2475,30.898024,75.860077,1.0,1,1.0,1,0,7,1,805,92.0,0,8,0.0,1,0.0,Sikh Extremists
20340,1988,9,19,0,183,11,19,117,-26.189151,28.31707,1.0,0,0.0,1,0,3,3,214,183.0,0,6,0.0,1,0.0,African National Congress (South Africa)
62835,2014,9,16,0,209,10,210,1359,37.331264,42.181782,3.0,0,1.0,1,0,7,8,51,209.0,0,8,0.0,1,0.0,Kurdistan Workers' Party (PKK)
77394,2016,11,5,0,147,11,100,505,10.869205,12.847621,2.0,0,0.0,1,0,2,14,27,147.0,0,6,2.0,1,0.0,Boko Haram
59029,2014,3,13,0,155,10,306,1782,31.53619,34.539574,1.0,0,0.0,1,0,3,14,13,155.0,0,6,0.0,-9,0.0,Muslim extremists
76117,2016,8,24,0,209,10,218,1362,39.018605,40.574546,1.0,1,0.0,1,0,3,4,48,209.0,0,6,1.0,0,0.0,Kurdistan Workers' Party (PKK)
36170,1997,3,5,0,186,6,242,1493,8.541447,81.192318,1.0,0,0.0,1,0,3,4,1815,186.0,0,6,5.0,1,0.0,Liberation Tigers of Tamil Eelam (LTTE)
17025,1987,4,13,0,45,3,342,1870,5.126434,-74.385545,1.0,0,1.0,1,0,1,14,2278,45.0,0,5,1.0,0,0.0,National Liberation Army of Colombia (ELN)
42602,2006,1,14,0,141,6,246,1615,27.686766,85.202357,1.0,0,1.0,1,0,3,3,2048,141.0,0,6,6.0,1,0.0,Maoists
41305,2004,3,16,0,160,5,1,22,6.050458,121.012245,1.0,0,0.0,1,0,3,2,121,160.0,0,6,0.0,0,0.0,Abu Sayyaf Group (ASG)
17907,1987,8,23,0,159,3,436,2402,-14.105709,-72.615117,3.0,0,1.0,1,0,2,14,2865,159.0,0,5,0.0,1,0.0,Shining Path (SL)
11963,1984,4,8,0,145,2,392,2152,13.564249,-86.029855,1.0,0,0.0,1,0,2,14,2506,145.0,0,5,1.0,1,0.0,Nicaraguan Democratic Force (FDN)
46797,2009,7,9,0,92,6,119,663,18.484547,80.752565,1.0,0,0.0,1,0,2,3,984,92.0,0,9,2.0,0,0.0,Communist Party of India - Maoist (CPI-Maoist)
36692,1997,12,4,0,159,3,256,1556,-11.967368,-76.978462,1.0,0,1.0,1,0,3,1,410,159.0,0,6,0.0,1,0.0,Shining Path (SL)
50195,2011,10,20,0,92,6,122,679,21.63869,85.606944,1.0,0,0.0,1,0,3,4,446,92.0,0,6,0.0,1,0.0,Communist Party of India - Maoist (CPI-Maoist)
71282,2015,11,17,0,92,6,118,1606,23.384612,84.651881,1.0,1,0.0,0,0,3,20,6,92.0,0,6,0.0,0,0.0,Maoists
17972,1987,9,2,0,186,6,206,1435,8.457907,81.268402,1.0,0,1.0,1,0,7,1,881,186.0,0,8,0.0,1,0.0,Muslim extremists
44593,2008,3,13,0,95,10,35,185,35.271023,43.458084,1.0,0,0.0,1,1,3,17,338,95.0,0,6,4.0,0,0.0,Al-Qaida in Iraq
76417,2016,9,13,0,153,6,486,2709,28.002285,68.728009,1.0,0,1.0,1,1,3,15,354,153.0,0,6,2.0,-9,0.0,Tehrik-i-Taliban Pakistan (TTP)
71098,2015,11,5,0,228,10,57,279,13.586484,44.024105,1.0,0,1.0,1,0,3,14,1226,228.0,0,6,2.0,-9,0.0,Houthi extremists (Ansar Allah)
81697,2017,7,31,0,182,11,63,304,2.059819,45.326115,1.0,0,0.0,1,0,3,14,13,182.0,0,6,0.0,1,0.0,Al-Shabaab
44475,2007,1,14,0,186,6,242,1448,8.757816,80.487907,1.0,1,0.0,1,0,3,4,6,186.0,0,6,3.0,1,0.0,Liberation Tigers of Tamil Eelam (LTTE)
81299,2017,7,7,1,160,5,358,1977,9.05,125.9,1.0,0,1.0,1,0,6,4,2373,160.0,0,5,0.0,0,1.0,New People's Army (NPA)
58556,2014,2,15,0,228,10,45,236,12.825647,44.846416,1.0,0,0.0,0,0,2,21,499,228.0,0,5,0.0,0,0.0,Al-Qaida in the Arabian Peninsula (AQAP)
80356,2017,5,17,0,95,10,34,184,36.354145,43.14357,1.0,0,0.0,1,0,3,14,13,95.0,0,6,2.0,1,0.0,Islamic State of Iraq and the Levant (ISIL)
70584,2015,10,10,0,214,9,135,792,47.981647,37.762325,1.0,1,0.0,1,0,2,4,48,214.0,0,6,1.0,0,0.0,Donetsk People's Republic
23076,1989,9,15,0,183,11,19,106,-25.718321,28.408798,1.0,0,0.0,1,0,3,3,235,183.0,0,6,0.0,1,0.0,African National Congress (South Africa)
28329,1991,9,5,0,61,2,146,926,13.75,-88.88333,1.0,0,0.0,1,0,2,4,1315,61.0,0,5,1.0,1,0.0,Farabundo Marti National Liberation Front (FMLN)
18526,1987,11,25,0,43,3,250,1544,-33.366238,-70.505302,1.0,0,1.0,1,0,3,14,782,43.0,0,6,0.0,1,0.0,Manuel Rodriguez Patriotic Front (FPMR)
27677,1991,7,3,0,45,3,334,24,10.411301,-74.405661,4.0,0,0.0,1,0,3,19,894,45.0,0,6,0.0,1,0.0,National Liberation Army of Colombia (ELN)
47856,2010,4,7,0,45,3,341,2335,2.992977,-76.687069,2.0,1,0.0,1,0,2,1,2769,45.0,0,5,8.0,-9,0.0,Revolutionary Armed Forces of Colombia (FARC)
50219,2011,10,28,0,228,10,45,236,12.825647,44.846416,1.0,0,0.0,1,0,1,3,497,228.0,0,6,1.0,1,0.0,Al-Qaida in the Arabian Peninsula (AQAP)
23041,1989,9,13,0,155,10,306,2221,31.346964,34.30143,1.0,0,0.0,1,0,1,14,2563,155.0,0,9,1.0,0,0.0,Palestinians
67704,2015,5,19,0,228,10,57,279,13.586484,44.024105,1.0,0,0.0,1,0,3,14,1394,228.0,0,6,5.0,-9,0.0,Houthi extremists (Ansar Allah)
56141,2013,7,22,0,147,11,113,531,10.99967,10.408503,1.0,0,0.0,1,0,2,3,92,147.0,0,5,1.0,-9,0.0,Boko Haram
54120,2012,12,31,0,95,10,39,198,32.777344,44.289352,1.0,0,1.0,1,0,3,14,365,95.0,0,6,2.0,1,0.0,Al-Qaida in Iraq
53118,2012,9,1,0,92,6,122,1629,18.855598,82.736167,2.0,1,0.0,1,0,3,4,601,92.0,0,6,1.0,1,0.0,Maoists
19545,1988,5,12,0,43,3,250,1544,-33.366238,-70.505302,1.0,0,0.0,1,0,3,21,1888,43.0,0,6,0.0,1,0.0,Manuel Rodriguez Patriotic Front (FPMR)
7274,1981,1,21,0,61,2,139,888,13.716667,-89.233333,1.0,0,0.0,1,0,2,4,1239,61.0,0,5,1.0,1,0.0,Farabundo Marti National Liberation Front (FMLN)
28489,1991,9,26,0,159,3,256,1556,-11.967368,-76.978462,1.0,0,1.0,1,0,3,1,1110,159.0,0,6,0.0,1,0.0,Shining Path (SL)
20181,1988,8,19,0,92,6,262,2496,26.338056,76.151944,1.0,0,0.0,1,0,1,1,3002,92.0,0,5,1.0,0,0.0,Sikh Extremists
37037,1998,9,25,0,45,3,327,2315,7.00063,-76.26572,1.0,0,0.0,1,0,3,14,2746,45.0,0,6,6.0,1,0.0,Revolutionary Armed Forces of Colombia (FARC)
4632,1979,1,20,0,97,10,412,2215,31.771599,35.2034,1.0,0,0.0,0,0,3,14,2641,97.0,0,6,0.0,1,0.0,Palestinians
17641,1987,7,16,0,92,6,264,2473,25.47283,82.570528,1.0,0,0.0,1,0,1,2,2977,92.0,0,5,3.0,0,0.0,Sikh Extremists
18460,1987,11,16,0,61,2,141,913,13.33,-88.15139,1.0,0,0.0,1,0,2,4,1249,61.0,0,5,9.0,1,0.0,Farabundo Marti National Liberation Front (FMLN)
10731,1983,8,25,0,145,2,392,2137,13.564854,-86.028297,3.0,1,0.0,1,0,2,4,2496,145.0,0,5,1.0,1,0.0,Nicaraguan Democratic Force (FDN)
29475,1992,1,16,0,603,8,178,1180,55.011562,-7.312045,1.0,0,0.0,1,0,3,1,1472,233.0,0,6,0.0,1,0.0,Irish Republican Army (IRA)
81762,2017,8,5,0,95,10,29,1282,33.489536,43.22139,1.0,0,0.0,1,0,3,14,1625,95.0,0,6,2.0,-9,0.0,Islamic State of Iraq and the Levant (ISIL)
15890,1986,7,1,0,183,11,19,96,-26.184113,28.033232,1.0,0,0.0,1,0,3,19,277,183.0,0,6,0.0,1,0.0,African National Congress (South Africa)
26896,1991,3,16,0,185,8,81,388,43.291618,-1.977903,1.0,0,0.0,1,0,3,3,690,185.0,0,6,1.0,1,0.0,Basque Fatherland and Freedom (ETA)
82510,2017,9,27,0,182,11,63,304,2.059819,45.326115,1.0,0,0.0,1,0,1,14,599,182.0,0,5,2.0,1,0.0,Al-Shabaab
59473,2014,4,8,0,45,3,341,24,2.45,-76.616667,4.0,0,0.0,1,0,3,3,12,45.0,0,6,0.0,-9,0.0,Revolutionary Armed Forces of Colombia (FARC)
64350,2014,12,5,0,228,10,50,241,15.325443,44.211895,1.0,0,0.0,0,0,2,4,468,228.0,0,5,0.0,0,0.0,Houthi extremists (Ansar Allah)
31900,1992,11,24,0,110,10,416,2242,33.246259,35.5001,1.0,1,0.0,1,0,3,4,412,97.0,0,6,0.0,1,0.0,Palestinians
68657,2015,7,4,0,42,11,101,462,13.65,14.05,2.0,0,0.0,1,0,2,14,27,42.0,0,5,13.0,0,0.0,Boko Haram
17976,1987,9,2,0,186,6,206,1435,8.457907,81.268402,1.0,0,1.0,1,0,7,1,881,186.0,0,8,0.0,1,0.0,Muslim extremists
41271,2004,2,16,0,160,5,353,1924,12.21814,123.50951,1.0,1,1.0,1,0,2,3,2337,160.0,0,5,10.0,0,0.0,New People's Army (NPA)
14341,1985,8,4,0,145,2,392,898,13.6772,-86.3153,1.0,0,0.0,1,0,2,4,412,145.0,0,5,0.0,1,0.0,Nicaraguan Democratic Force (FDN)
62630,2014,9,7,0,228,10,52,248,13.985013,45.558479,1.0,0,0.0,1,0,2,3,409,228.0,0,5,2.0,1,0.0,Al-Qaida in the Arabian Peninsula (AQAP)
49510,2011,4,12,0,45,3,324,1851,8.436226,-73.286661,1.0,1,0.0,1,0,3,21,2715,45.0,0,6,0.0,1,0.0,Revolutionary Armed Forces of Colombia (FARC)
43515,2007,1,21,0,186,6,242,1515,9.82486,80.236347,1.0,0,0.0,1,1,3,11,1838,92.0,0,6,2.0,1,0.0,Liberation Tigers of Tamil Eelam (LTTE)
51591,2012,4,10,0,4,6,457,2588,32.047646,65.012009,1.0,0,0.0,1,0,2,3,12,4.0,0,5,2.0,0,0.0,Taliban
24591,1990,3,30,0,159,3,256,1556,-11.967368,-76.978462,1.0,0,1.0,1,0,3,1,1110,159.0,0,6,0.0,1,0.0,Shining Path (SL)
39008,2001,3,29,0,185,8,81,391,43.136978,-2.073914,1.0,0,0.0,1,0,3,2,770,185.0,0,6,0.0,1,0.0,Basque Fatherland and Freedom (ETA)
64142,2014,11,23,0,182,11,69,353,3.628179,45.651852,1.0,0,1.0,1,0,7,14,27,182.0,0,8,0.0,1,0.0,Al-Shabaab
28208,1991,8,21,0,43,3,250,1544,-33.366238,-70.505302,1.0,0,0.0,0,0,3,22,204,43.0,0,6,0.0,1,0.0,Manuel Rodriguez Patriotic Front (FPMR)
8931,1982,7,16,0,185,8,89,404,42.815372,-1.653616,1.0,0,0.0,1,0,3,2,723,185.0,0,6,1.0,1,0.0,Basque Fatherland and Freedom (ETA)
16968,1987,4,4,0,145,2,399,2120,12.49104,-86.28169,1.0,0,0.0,1,0,2,4,1239,145.0,0,5,10.0,1,0.0,Nicaraguan Democratic Force (FDN)
30631,1992,7,2,0,603,8,178,1183,54.347539,-6.656108,1.0,0,0.0,1,0,1,14,1545,233.0,0,5,1.0,0,0.0,Irish Republican Army (IRA)
63776,2014,11,2,0,147,11,156,1003,8.699823,7.982974,2.0,0,1.0,1,0,2,14,27,147.0,0,5,2.0,1,0.0,Fulani extremists
30408,1992,5,24,0,186,6,242,1478,8.964041,80.787941,1.0,0,0.0,1,0,2,4,1791,186.0,0,5,6.0,1,0.0,Liberation Tigers of Tamil Eelam (LTTE)
61596,2014,7,15,0,147,11,110,995,9.538302,8.907022,2.0,0,0.0,1,0,2,14,27,147.0,0,5,5.0,0,0.0,Fulani extremists
78555,2017,1,19,0,92,6,119,627,18.391012,81.656929,1.0,0,0.0,1,0,2,14,946,92.0,0,9,1.0,0,0.0,Communist Party of India - Maoist (CPI-Maoist)
21289,1989,1,30,0,45,3,328,1819,4.667128,-74.106056,1.0,0,0.0,1,0,2,4,2208,45.0,0,5,5.0,1,1.0,National Liberation Army of Colombia (ELN)
42929,2006,4,12,0,160,5,381,2029,8.861963,124.78942,1.0,0,0.0,1,0,7,19,2422,160.0,0,8,0.0,1,0.0,New People's Army (NPA)
62040,2014,8,4,0,228,10,47,242,15.914915,48.650745,1.0,0,0.0,0,0,1,4,445,228.0,0,5,0.0,0,0.0,Al-Qaida in the Arabian Peninsula (AQAP)
15882,1986,6,29,0,183,11,20,143,-32.788923,26.832659,1.0,0,0.0,1,0,3,2,258,183.0,0,6,0.0,1,0.0,African National Congress (South Africa)
67919,2015,5,28,0,228,10,50,241,15.325443,44.211895,1.0,0,0.0,0,0,6,2,1382,228.0,0,5,2.0,0,1.0,Houthi extremists (Ansar Allah)
24017,1990,1,6,0,45,3,324,1872,7.894195,-72.503885,3.0,0,0.0,1,0,2,3,1265,45.0,0,5,1.0,1,0.0,National Liberation Army of Colombia (ELN)
79593,2017,3,28,0,95,10,34,1248,36.319386,41.861473,1.0,0,0.0,1,1,3,4,0,95.0,0,6,4.0,0,0.0,Islamic State of Iraq and the Levant (ISIL)
46958,2009,8,9,0,185,8,87,397,39.569505,2.649965,1.0,0,1.0,1,0,3,1,676,185.0,0,6,0.0,1,0.0,Basque Fatherland and Freedom (ETA)
28838,1991,10,26,0,45,3,327,2291,7.198606,-75.341218,4.0,1,0.0,1,0,2,4,2721,45.0,0,5,3.0,1,0.0,Revolutionary Armed Forces of Colombia (FARC)
66174,2015,3,5,0,214,9,135,795,48.143208,37.753361,1.0,0,0.0,1,0,3,4,48,214.0,0,6,0.0,0,0.0,Donetsk People's Republic
17462,1987,6,19,0,145,2,405,2179,12.82166,-84.203876,1.0,0,0.0,1,0,3,11,2521,145.0,0,6,0.0,1,0.0,Nicaraguan Democratic Force (FDN)
60762,2014,6,10,0,214,9,135,808,48.785413,37.599078,4.0,0,0.0,1,0,2,4,1202,214.0,0,5,1.0,1,0.0,Donetsk People's Republic
27542,1991,6,12,0,159,3,256,1556,-11.967368,-76.978462,1.0,0,1.0,1,0,3,1,705,159.0,0,6,0.0,1,0.0,Tupac Amaru Revolutionary Movement (MRTA)
71730,2015,12,15,0,228,10,57,279,13.586484,44.024105,1.0,0,1.0,1,0,3,14,1226,228.0,0,6,4.0,-9,0.0,Houthi extremists (Ansar Allah)
54900,2013,3,19,0,95,10,30,177,33.303566,44.371773,1.0,0,1.0,1,0,3,3,175,95.0,0,6,5.0,0,0.0,Al-Qaida in Iraq
63917,2014,11,11,0,228,10,47,238,15.840556,48.455556,3.0,0,0.0,1,0,3,4,442,228.0,0,6,3.0,1,0.0,Al-Qaida in the Arabian Peninsula (AQAP)
36381,1997,7,5,0,186,6,206,1441,8.577826,81.218719,1.0,0,0.0,1,0,3,17,1794,186.0,0,6,5.0,1,0.0,Liberation Tigers of Tamil Eelam (LTTE)
51073,2012,2,16,0,228,10,49,255,13.129726,45.385571,1.0,1,0.0,1,0,2,4,473,228.0,0,5,0.0,0,0.0,Al-Qaida in the Arabian Peninsula (AQAP)
49482,2011,4,4,0,92,6,120,685,22.451393,86.992203,1.0,1,0.0,1,0,2,2,1014,92.0,0,9,1.0,-9,0.0,Communist Party of India - Maoist (CPI-Maoist)
46786,2009,7,7,0,92,6,118,590,23.744186,84.504429,3.0,1,0.0,1,0,2,3,933,92.0,0,5,1.0,-9,0.0,Communist Party of India - Maoist (CPI-Maoist)
81433,2017,7,15,0,60,10,270,1722,31.200092,29.918739,1.0,0,0.0,1,0,2,14,2158,60.0,0,9,0.0,0,0.0,Muslim extremists
62513,2014,8,29,0,182,11,61,355,1.704184,44.692946,2.0,0,0.0,1,0,3,4,427,422.0,0,6,2.0,-9,0.0,Al-Shabaab
73142,2016,3,1,0,182,11,77,342,5.196882,47.836901,2.0,0,1.0,1,0,2,14,27,182.0,0,6,5.0,0,0.0,Al-Shabaab
34059,1995,3,29,0,75,8,185,1378,52.152262,10.331013,1.0,0,0.0,1,0,7,1,1685,209.0,0,8,0.0,1,0.0,Kurdistan Workers' Party (PKK)
28158,1991,8,15,0,155,10,306,1718,31.278791,34.256435,1.0,0,0.0,1,0,3,1,2637,155.0,0,6,0.0,1,0.0,Palestinians
23293,1989,10,5,0,43,3,250,1544,-33.366238,-70.505302,1.0,0,0.0,1,0,3,2,1951,43.0,0,6,0.0,1,0.0,Manuel Rodriguez Patriotic Front (FPMR)
12207,1984,5,14,0,145,2,401,2160,13.1,-85.35,1.0,0,0.0,1,0,2,4,1239,145.0,0,5,0.0,1,0.0,Nicaraguan Democratic Force (FDN)
10271,1983,5,27,0,159,3,256,1556,-11.967368,-76.978462,1.0,0,1.0,1,0,3,21,2843,159.0,0,6,0.0,1,0.0,Shining Path (SL)
4811,1979,3,10,0,69,8,126,24,41.918891,8.737554,4.0,0,1.0,1,0,3,1,805,69.0,0,6,0.0,1,0.0,Corsican National Liberation Front (FLNC)
18756,1988,1,16,0,92,6,318,2537,31.534899,75.910571,3.0,0,0.0,1,0,2,3,3055,92.0,0,5,1.0,1,0.0,Sikh Extremists
51249,2012,3,4,0,153,6,484,2734,31.834328,70.90905,1.0,0,0.0,1,1,3,3,3171,153.0,0,6,1.0,1,0.0,Tehrik-i-Taliban Pakistan (TTP)
29758,1992,2,29,0,97,10,412,2215,31.771599,35.2034,1.0,0,0.0,1,0,7,2,2573,97.0,0,8,0.0,1,0.0,Palestinians
65839,2015,2,14,0,147,11,106,485,10.304167,11.498889,1.0,0,1.0,1,0,2,2,854,147.0,0,5,13.0,1,0.0,Boko Haram
15006,1986,1,8,0,145,2,391,2157,14.152916,-85.07312,2.0,1,0.0,1,0,2,4,1239,145.0,0,5,1.0,1,0.0,Nicaraguan Democratic Force (FDN)
12506,1984,7,20,0,183,11,19,96,-26.184113,28.033232,1.0,0,0.0,1,0,1,2,218,183.0,0,8,0.0,1,0.0,African National Congress (South Africa)
21948,1989,4,19,0,92,6,318,2487,31.787766,75.601895,1.0,0,0.0,1,0,1,14,2990,92.0,0,5,4.0,0,0.0,Sikh Extremists
10693,1983,8,15,0,145,2,391,2136,13.195382,-86.167644,1.0,0,0.0,1,0,2,4,1239,145.0,0,5,1.0,1,0.0,Nicaraguan Democratic Force (FDN)
57540,2013,11,26,0,228,10,50,241,15.325443,44.211895,1.0,0,0.0,1,0,2,1,466,35.0,0,5,1.0,0,0.0,Al-Qaida in the Arabian Peninsula (AQAP)
5501,1979,8,27,0,603,8,178,1188,54.102813,-6.259412,1.0,0,0.0,1,0,3,4,1452,216.0,0,6,0.0,1,0.0,Irish Republican Army (IRA)
70867,2015,10,25,0,228,10,45,236,12.825647,44.846416,1.0,0,0.0,0,0,2,3,477,228.0,0,5,0.0,0,0.0,Al-Qaida in the Arabian Peninsula (AQAP)
7224,1981,1,5,0,185,8,81,388,43.291618,-1.977903,1.0,0,0.0,0,0,1,2,714,185.0,0,8,0.0,0,0.0,Basque Fatherland and Freedom (ETA)
60876,2014,6,16,1,153,6,318,2779,30.163641,71.402035,1.0,0,0.0,1,0,6,2,3285,153.0,0,5,1.0,0,1.0,Tehrik-i-Taliban Pakistan (TTP)
66913,2015,4,14,0,160,5,351,1954,7.823071,126.055367,1.0,0,0.0,1,0,2,4,2354,160.0,0,5,1.0,0,0.0,New People's Army (NPA)
56646,2013,9,2,0,160,5,359,1980,6.95,125.05,1.0,0,1.0,1,0,3,1,2375,160.0,0,6,1.0,1,0.0,New People's Army (NPA)
76528,2016,9,19,0,173,10,176,1152,18.300925,42.795899,1.0,1,0.0,0,0,3,4,1412,173.0,0,6,0.0,-9,0.0,Houthi extremists (Ansar Allah)
76991,2016,10,14,0,113,10,286,1742,32.867867,13.189067,1.0,0,0.0,0,0,2,2,405,113.0,0,5,0.0,0,0.0,Muslim extremists
62884,2014,9,19,0,92,6,117,1614,24.973625,86.724307,2.0,0,1.0,1,0,3,16,1028,92.0,0,6,0.0,1,0.0,Maoists
62825,2014,9,16,0,200,10,37,190,33.515244,36.292084,1.0,0,1.0,1,0,3,14,558,200.0,0,6,1.0,-9,0.0,Muslim extremists
14949,1985,12,24,0,159,3,256,1556,-11.967368,-76.978462,1.0,0,0.0,1,0,3,2,3416,159.0,0,6,1.0,1,0.0,Tupac Amaru Revolutionary Movement (MRTA)
16648,1987,1,18,0,145,2,395,2095,11.966667,-85.166667,1.0,0,0.0,1,0,6,1,2469,145.0,0,5,1.0,1,1.0,Nicaraguan Democratic Force (FDN)
72721,2016,2,7,0,147,11,155,1048,7.238651,9.292253,2.0,0,1.0,1,0,2,2,1356,147.0,0,5,4.0,1,0.0,Fulani extremists
39156,2001,6,28,0,185,8,84,390,40.465595,-3.696263,1.0,0,0.0,1,0,3,4,775,185.0,0,6,0.0,1,0.0,Basque Fatherland and Freedom (ETA)
19621,1988,5,23,0,603,8,178,1179,54.607712,-5.95621,1.0,0,0.0,1,0,2,3,1478,233.0,0,5,0.0,1,0.0,Irish Republican Army (IRA)
5254,1979,6,8,0,69,8,127,91,48.856644,2.34233,1.0,0,0.0,1,0,7,1,1102,69.0,0,8,0.0,1,0.0,Corsican National Liberation Front (FLNC)
67428,2015,5,7,0,182,11,63,304,2.059819,45.326115,1.0,0,0.0,1,0,3,3,20,182.0,0,6,1.0,-9,0.0,Al-Shabaab
27212,1991,5,6,0,159,3,256,1556,-11.967368,-76.978462,1.0,0,0.0,0,0,3,3,3350,159.0,0,6,0.0,1,0.0,Tupac Amaru Revolutionary Movement (MRTA)
51273,2012,3,6,0,147,11,100,461,11.655408,13.412932,1.0,0,1.0,1,0,3,15,839,147.0,0,6,0.0,1,0.0,Boko Haram
75509,2016,7,18,0,228,10,47,245,14.54397,49.12458,1.0,0,1.0,1,1,3,4,20,228.0,0,6,4.0,-9,0.0,Al-Qaida in the Arabian Peninsula (AQAP)
17707,1987,7,22,0,183,11,25,121,-33.941849,18.41964,1.0,0,0.0,1,0,3,6,276,183.0,0,6,0.0,1,0.0,African National Congress (South Africa)
53391,2012,9,30,0,95,10,33,187,33.540672,44.251266,1.0,0,1.0,1,0,3,14,13,95.0,0,6,2.0,-9,0.0,Al-Qaida in Iraq
75809,2016,8,6,1,160,5,1,42,6.021834,121.16568,1.0,0,0.0,1,0,6,14,74,160.0,0,5,1.0,0,1.0,Abu Sayyaf Group (ASG)
61931,2014,7,29,0,214,9,135,813,48.327225,38.025673,1.0,0,0.0,1,0,3,14,855,214.0,0,6,1.0,-9,0.0,Donetsk People's Republic
9567,1982,12,31,0,159,3,256,2441,-13.06098,-76.353028,1.0,0,0.0,1,0,3,20,2923,159.0,0,6,0.0,1,0.0,Shining Path (SL)
63781,2014,11,2,0,147,11,156,1064,8.973316,7.987165,1.0,0,1.0,1,0,7,14,27,147.0,0,8,1.0,1,0.0,Fulani extremists
4788,1979,3,10,0,69,8,127,91,48.856644,2.34233,1.0,0,0.0,1,0,3,1,1111,69.0,0,6,0.0,1,0.0,Corsican National Liberation Front (FLNC)
20971,1988,12,15,0,183,11,19,124,-26.1072,28.058292,1.0,0,0.0,1,0,3,21,230,183.0,0,6,0.0,1,0.0,African National Congress (South Africa)
46350,2009,4,8,0,95,10,30,177,33.303566,44.371773,1.0,1,0.0,1,0,3,14,372,95.0,0,6,7.0,1,0.0,Al-Qaida in Iraq
63764,2014,11,2,0,153,6,318,2723,31.590166,74.575894,1.0,0,0.0,1,1,3,14,13,153.0,0,6,62.0,1,0.0,Tehrik-i-Taliban Pakistan (TTP)
53095,2012,8,30,0,228,10,50,241,15.325443,44.211895,1.0,0,0.0,1,0,1,2,475,228.0,0,5,1.0,0,0.0,Al-Qaida in the Arabian Peninsula (AQAP)
77223,2016,10,27,0,173,10,172,1120,16.893194,42.57526,1.0,0,0.0,1,0,3,14,1375,173.0,0,6,0.0,0,0.0,Houthi extremists (Ansar Allah)
64293,2014,12,2,0,104,11,62,306,3.938715,41.844707,1.0,1,0.0,1,0,6,14,560,104.0,0,5,36.0,0,1.0,Al-Shabaab
72719,2016,2,7,0,147,11,155,1026,7.296636,9.250712,2.0,0,1.0,1,0,2,14,1349,147.0,0,5,4.0,1,0.0,Fulani extremists
65222,2015,1,19,0,228,10,50,241,15.325443,44.211895,1.0,0,0.0,1,0,2,4,0,228.0,0,5,2.0,-9,0.0,Houthi extremists (Ansar Allah)
51278,2012,3,7,0,95,10,34,211,36.373718,42.451778,2.0,0,1.0,1,1,3,14,13,95.0,0,6,8.0,1,0.0,Al-Qaida in Iraq
81700,2017,8,1,0,228,10,49,261,13.519865,46.711736,1.0,0,0.0,1,0,2,4,20,228.0,0,6,3.0,0,0.0,Al-Qaida in the Arabian Peninsula (AQAP)
37390,1999,6,2,0,209,10,193,1262,41.106178,28.689863,1.0,0,0.0,1,0,3,1,2154,209.0,0,6,0.0,1,0.0,Muslim extremists
24341,1990,3,3,0,159,3,432,2391,-13.152712,-74.218628,1.0,0,0.0,1,0,1,2,2934,159.0,0,5,1.0,0,0.0,Shining Path (SL)
23135,1989,9,21,0,155,10,410,2213,31.704338,35.194355,1.0,0,0.0,1,0,2,18,2640,97.0,0,8,0.0,1,0.0,Palestinians
3876,1978,2,18,0,69,8,133,753,42.699997,9.447317,1.0,0,0.0,1,0,3,10,1153,69.0,0,6,0.0,1,0.0,Corsican National Liberation Front (FLNC)
3707,1977,12,21,0,603,8,178,1179,54.607712,-5.95621,1.0,0,1.0,1,0,3,1,1139,216.0,0,6,0.0,1,0.0,Irish Republican Army (IRA)
20103,1988,8,4,0,603,8,178,1179,54.607712,-5.95621,1.0,0,0.0,0,0,1,2,1516,233.0,0,6,0.0,0,0.0,Irish Republican Army (IRA)
45678,2008,10,27,0,45,3,325,2308,6.00283,-76.78047,2.0,0,0.0,1,0,1,2,2738,45.0,0,5,1.0,1,0.0,Revolutionary Armed Forces of Colombia (FARC)
16110,1986,8,19,0,45,3,341,24,2.243589,-77.010385,4.0,0,0.0,1,0,2,4,1249,45.0,0,5,1.0,1,0.0,Revolutionary Armed Forces of Colombia (FARC)
16020,1986,7,28,0,145,2,392,2096,13.62679,-85.8254,1.0,0,0.0,1,0,2,2,2470,145.0,0,5,5.0,1,0.0,Nicaraguan Democratic Force (FDN)
60221,2014,5,16,0,104,11,62,335,3.935715,41.855167,3.0,0,1.0,1,0,2,3,175,104.0,0,5,0.0,-9,0.0,Al-Shabaab
57103,2013,10,13,0,65,11,71,315,8.984457,38.807635,1.0,0,0.0,1,1,3,14,547,65.0,0,6,2.0,1,0.0,Al-Shabaab
57969,2014,1,5,0,153,6,486,2711,24.891115,67.143311,1.0,0,0.0,1,0,2,3,85,153.0,0,6,2.0,1,0.0,Tehrik-i-Taliban Pakistan (TTP)
52688,2012,7,23,0,95,10,34,195,35.713266,41.760647,1.0,0,1.0,1,1,3,3,85,95.0,0,6,1.0,1,0.0,Al-Qaida in Iraq
74350,2016,5,11,0,123,11,157,1719,16.272278,-0.048965,1.0,1,0.0,1,0,3,4,162,123.0,0,6,2.0,1,0.0,Muslim extremists
54737,2013,2,27,0,92,6,119,722,18.9,81.35,3.0,0,0.0,1,0,3,3,12,92.0,0,6,0.0,1,0.0,Maoists
9420,1982,11,21,0,183,11,21,111,-25.674634,31.875862,1.0,0,0.0,1,0,3,3,208,183.0,0,6,0.0,1,0.0,African National Congress (South Africa)
42067,2005,5,30,0,95,10,39,194,32.469238,44.416637,1.0,0,0.0,1,1,3,3,356,95.0,0,6,34.0,-9,0.0,Al-Qaida in Iraq
48725,2010,10,3,0,153,6,389,2759,32.974638,70.14558,3.0,0,0.0,1,0,2,14,3258,153.0,0,5,3.0,0,0.0,Tehrik-i-Taliban Pakistan (TTP)
63077,2014,9,27,0,214,9,135,822,48.240883,38.525669,1.0,0,1.0,1,0,3,4,48,214.0,0,6,0.0,-9,0.0,Donetsk People's Republic
44147,2007,9,16,0,95,10,31,204,33.953167,44.921906,1.0,0,1.0,1,0,2,14,6,95.0,0,5,14.0,1,0.0,Al-Qaida in Iraq
65671,2015,2,8,0,214,9,135,795,48.143208,37.753361,1.0,0,0.0,1,0,3,14,855,214.0,0,6,3.0,-9,0.0,Donetsk People's Republic
10043,1983,4,10,0,110,10,411,2212,33.888523,35.503513,1.0,0,0.0,1,0,2,4,2632,97.0,0,5,1.0,1,0.0,Palestinians
69405,2015,8,10,0,214,9,135,818,47.541172,37.780678,1.0,1,0.0,1,0,3,4,48,214.0,0,6,143.0,-9,0.0,Donetsk People's Republic
83022,2017,11,7,0,160,5,0,20,6.664973,122.154736,1.0,0,0.0,1,0,3,1,21,160.0,0,6,0.0,-9,0.0,Abu Sayyaf Group (ASG)
37628,1999,9,18,1,45,3,327,1842,6.04278,-74.99493,3.0,0,0.0,1,0,6,19,2228,45.0,0,5,0.0,1,1.0,National Liberation Army of Colombia (ELN)
49467,2011,3,31,0,45,3,333,2293,6.820856,-71.324402,2.0,0,0.0,1,0,3,21,2723,45.0,0,6,0.0,1,0.0,Revolutionary Armed Forces of Colombia (FARC)
53466,2012,10,8,0,92,6,119,1656,18.153452,81.508949,1.0,1,0.0,0,0,3,4,48,92.0,0,6,0.0,0,0.0,Maoists
46632,2009,6,5,0,153,6,485,2761,35.202293,71.873006,1.0,1,0.0,1,1,3,15,3287,153.0,0,6,31.0,-9,0.0,Tehrik-i-Taliban Pakistan (TTP)
39993,2002,4,24,0,141,6,241,1602,29.231273,80.650008,1.0,0,0.0,1,0,3,2,2035,141.0,0,6,0.0,1,0.0,Maoists
18166,1987,9,29,0,43,3,250,1544,-33.366238,-70.505302,1.0,0,1.0,1,0,3,14,1942,43.0,0,6,0.0,1,0.0,Manuel Rodriguez Patriotic Front (FPMR)
18659,1988,1,1,0,43,3,250,1544,-33.366238,-70.505302,1.0,0,0.0,1,0,3,21,1238,43.0,0,6,0.0,1,0.0,Manuel Rodriguez Patriotic Front (FPMR)
41711,2004,12,6,0,185,8,94,416,38.34521,-0.480995,3.0,0,1.0,1,0,3,20,6,185.0,0,6,0.0,1,0.0,Basque Fatherland and Freedom (ETA)
17379,1987,6,8,0,159,3,256,1556,-11.967368,-76.978462,1.0,0,1.0,1,0,5,10,1918,159.0,0,5,0.0,1,0.0,Tupac Amaru Revolutionary Movement (MRTA)
27454,1991,6,3,0,603,8,178,1214,54.647865,-6.618718,1.0,0,0.0,1,0,2,3,412,233.0,0,5,3.0,1,0.0,Irish Republican Army (IRA)
42576,2005,12,28,0,4,6,457,2595,31.631083,65.742226,1.0,0,0.0,1,0,3,8,3160,4.0,0,6,0.0,1,0.0,Taliban
29607,1992,2,4,0,159,3,440,2445,-5.238991,-79.450699,3.0,0,0.0,1,0,2,3,2930,159.0,0,5,0.0,1,0.0,Shining Path (SL)
67416,2015,5,6,0,228,10,45,236,12.825647,44.846416,1.0,0,0.0,1,0,3,11,1416,228.0,0,6,86.0,1,0.0,Houthi extremists (Ansar Allah)
12598,1984,8,8,0,92,6,318,24,31.147131,75.341218,4.0,0,0.0,1,0,1,14,3026,92.0,0,5,1.0,0,0.0,Sikh Extremists
68713,2015,7,7,0,160,5,1,22,6.047448,121.00131,1.0,0,0.0,1,0,3,4,59,160.0,0,6,0.0,0,0.0,Abu Sayyaf Group (ASG)
79032,2017,2,19,0,45,3,339,1849,6.9853,-72.0127,2.0,0,0.0,1,0,3,21,2246,45.0,0,6,0.0,-9,0.0,National Liberation Army of Colombia (ELN)
25176,1990,6,12,0,186,6,206,1438,7.733107,81.68882,1.0,1,0.0,1,0,6,19,1825,186.0,0,5,0.0,1,1.0,Liberation Tigers of Tamil Eelam (LTTE)
42210,2005,7,22,0,4,6,463,24,31.363647,63.958611,4.0,0,0.0,1,0,2,2,3164,4.0,0,5,2.0,0,0.0,Taliban
14155,1985,7,1,0,69,8,126,24,41.918891,8.737554,4.0,0,1.0,1,0,3,3,1112,69.0,0,6,0.0,1,0.0,Corsican National Liberation Front (FLNC)
14280,1985,7,21,0,45,3,332,2337,1.97449,-75.93196,1.0,0,0.0,1,0,2,4,1249,45.0,0,5,2.0,1,0.0,Revolutionary Armed Forces of Colombia (FARC)
64434,2014,12,10,0,147,11,107,486,11.974328,8.50026,1.0,0,0.0,1,1,3,14,869,147.0,0,6,6.0,1,0.0,Boko Haram
33404,1994,8,30,0,185,8,89,24,42.695391,-1.676069,4.0,0,0.0,1,0,3,19,697,185.0,0,6,0.0,1,0.0,Basque Fatherland and Freedom (ETA)
42167,2005,7,7,0,92,6,121,1641,21.320179,84.260115,1.0,0,0.0,1,0,2,14,6,92.0,0,5,5.0,0,0.0,Maoists
16903,1987,3,16,0,183,11,19,103,-26.160769,27.78543,1.0,0,0.0,1,0,3,3,196,183.0,0,6,0.0,1,0.0,African National Congress (South Africa)
16148,1986,9,1,0,43,3,250,1544,-33.366238,-70.505302,1.0,0,0.0,1,0,7,19,1934,43.0,0,8,0.0,1,0.0,Manuel Rodriguez Patriotic Front (FPMR)
49869,2011,7,11,1,160,5,4,10,6.887752,122.154588,1.0,0,0.0,1,0,6,14,11,217.0,0,5,0.0,0,1.0,Abu Sayyaf Group (ASG)
41948,2005,4,19,0,186,6,206,1450,8.5922,81.196796,3.0,0,0.0,1,0,2,4,1761,186.0,0,5,0.0,-9,0.0,Liberation Tigers of Tamil Eelam (LTTE)
33088,1994,5,31,0,209,10,224,24,37.927404,41.941978,1.0,0,0.0,1,0,2,4,412,209.0,0,5,0.0,1,0.0,Kurdistan Workers' Party (PKK)
71652,2015,12,12,0,153,6,486,2711,24.891115,67.143311,1.0,0,0.0,1,0,1,4,3272,153.0,0,5,1.0,0,0.0,Tehrik-i-Taliban Pakistan (TTP)
77530,2016,11,13,0,182,11,63,304,2.059819,45.326115,1.0,0,0.0,1,0,2,4,345,182.0,0,5,1.0,1,0.0,Al-Shabaab
19042,1988,2,24,0,61,2,139,853,13.69288,-89.199161,1.0,0,0.0,1,0,3,1,1261,61.0,0,6,0.0,1,0.0,Farabundo Marti National Liberation Front (FMLN)
40716,2003,3,12,0,160,5,355,1928,7.437136,125.812182,1.0,0,1.0,1,0,7,8,2336,160.0,0,8,0.0,1,0.0,New People's Army (NPA)
28762,1991,10,21,0,97,10,412,2215,31.771599,35.2034,1.0,0,0.0,0,0,3,14,2643,97.0,0,6,1.0,1,0.0,Palestinians
27749,1991,7,7,0,603,8,178,1179,54.607712,-5.95621,1.0,0,0.0,1,0,3,3,1441,233.0,0,6,0.0,1,0.0,Irish Republican Army (IRA)
42221,2005,7,28,0,69,8,126,751,41.591369,9.278311,1.0,0,1.0,1,0,3,14,1128,69.0,0,6,0.0,1,0.0,Corsican National Liberation Front (FLNC)
5463,1979,8,15,0,97,10,414,2219,32.08297,34.811886,1.0,1,0.0,1,0,3,4,2564,97.0,0,6,7.0,1,0.0,Palestinians
10803,1983,9,8,0,183,11,19,96,-26.184113,28.033232,1.0,1,0.0,1,0,3,21,189,183.0,0,6,0.0,1,0.0,African National Congress (South Africa)
15899,1986,7,4,0,43,3,250,1544,-33.366238,-70.505302,1.0,0,0.0,1,0,3,3,481,43.0,0,6,0.0,1,0.0,Manuel Rodriguez Patriotic Front (FPMR)
62894,2014,9,19,0,160,5,0,5,6.660501,122.138992,1.0,0,0.0,1,0,3,21,100,160.0,0,6,0.0,1,0.0,Abu Sayyaf Group (ASG)
64837,2015,1,2,0,147,11,104,974,9.228089,8.460458,2.0,0,0.0,1,0,2,14,27,147.0,0,5,15.0,1,0.0,Fulani extremists
78350,2017,1,5,0,228,10,57,1145,12.725161,43.494482,2.0,0,0.0,1,0,3,4,1404,228.0,0,6,6.0,1,0.0,Houthi extremists (Ansar Allah)
17844,1987,8,13,0,45,3,332,2333,2.77772,-75.25743,1.0,0,0.0,0,0,3,14,2767,45.0,0,6,2.0,1,0.0,Revolutionary Armed Forces of Colombia (FARC)
4678,1979,1,31,0,185,8,81,439,43.338233,-1.789272,1.0,0,0.0,1,0,1,3,777,185.0,0,5,1.0,0,0.0,Basque Fatherland and Freedom (ETA)
12903,1984,10,10,0,69,8,128,755,43.296482,5.36978,1.0,0,1.0,1,0,3,2,709,69.0,0,6,0.0,1,0.0,Corsican National Liberation Front (FLNC)
18629,1987,12,22,0,159,3,487,2810,-17.192736,-70.932814,4.0,0,0.0,1,0,2,4,1264,159.0,0,5,10.0,1,0.0,Tupac Amaru Revolutionary Movement (MRTA)
75195,2016,6,27,0,147,11,155,1068,7.350826,8.836276,2.0,0,1.0,1,0,2,14,27,147.0,0,5,1.0,0,0.0,Fulani extremists
68620,2015,7,2,0,209,10,221,1352,38.395649,27.135641,1.0,0,0.0,0,0,3,20,6,209.0,0,6,0.0,0,0.0,Kurdistan Workers' Party (PKK)
17355,1987,6,4,0,61,2,139,853,13.69288,-89.199161,1.0,0,1.0,1,0,3,16,1272,61.0,0,6,0.0,1,0.0,Farabundo Marti National Liberation Front (FMLN)
60118,2014,5,11,0,147,11,110,1060,9.248437,10.185178,2.0,0,0.0,1,0,2,14,27,147.0,0,5,4.0,1,0.0,Fulani extremists
19587,1988,5,18,0,92,6,318,2495,31.326015,75.576183,1.0,0,0.0,1,0,1,14,2999,92.0,0,5,5.0,0,0.0,Sikh Extremists
36060,1997,1,28,0,186,6,243,1495,7.946435,81.247846,1.0,0,0.0,1,0,3,20,6,186.0,0,6,6.0,1,0.0,Liberation Tigers of Tamil Eelam (LTTE)
15715,1986,6,7,0,222,3,340,1850,7.14266,-71.971627,2.0,0,0.0,1,0,3,4,2248,222.0,0,5,3.0,1,0.0,National Liberation Army of Colombia (ELN)
16089,1986,8,15,0,43,3,250,1544,-33.366238,-70.505302,1.0,0,1.0,1,0,7,1,1920,43.0,0,8,0.0,1,0.0,Manuel Rodriguez Patriotic Front (FPMR)
15996,1986,7,25,0,92,6,318,24,31.147131,75.341218,4.0,0,0.0,1,0,2,19,3018,92.0,0,5,15.0,1,0.0,Sikh Extremists
66267,2015,3,10,0,147,11,110,1040,9.53955,8.899702,2.0,0,1.0,1,0,2,14,13,147.0,0,5,4.0,0,0.0,Fulani extremists
59522,2014,4,9,0,92,6,117,1662,24.737557,86.300157,3.0,0,1.0,0,0,3,2,2049,92.0,0,6,0.0,0,0.0,Maoists
4459,1978,11,12,0,185,8,81,401,43.090476,-2.31322,1.0,0,0.0,1,0,2,3,682,185.0,0,5,1.0,1,0.0,Basque Fatherland and Freedom (ETA)
82008,2017,8,21,0,182,11,61,348,2.125396,45.091988,3.0,0,0.0,1,0,3,3,175,182.0,0,6,1.0,1,0.0,Al-Shabaab
20264,1988,9,4,0,43,3,250,1544,-33.366238,-70.505302,1.0,0,0.0,1,0,3,2,1931,43.0,0,6,0.0,1,0.0,Manuel Rodriguez Patriotic Front (FPMR)
71883,2015,12,24,0,95,10,30,177,33.303566,44.371773,1.0,0,0.0,1,0,3,14,334,95.0,0,6,1.0,-9,0.0,Islamic State of Iraq and the Levant (ISIL)
25867,1990,9,25,0,209,10,211,1393,37.526944,44.168889,1.0,0,0.0,1,0,2,14,1704,209.0,0,5,3.0,1,0.0,Kurdistan Workers' Party (PKK)
72882,2016,2,16,0,92,6,117,696,24.871401,86.206094,2.0,0,0.0,1,0,7,16,1028,92.0,0,8,0.0,1,0.0,Communist Party of India - Maoist (CPI-Maoist)
14089,1985,6,18,0,61,2,141,855,13.814197,-88.34682,1.0,0,0.0,1,0,2,4,1239,61.0,0,5,4.0,1,0.0,Farabundo Marti National Liberation Front (FMLN)
43215,2006,8,6,0,209,10,218,1382,38.888447,40.501144,1.0,0,0.0,1,0,3,19,1693,92.0,0,6,0.0,1,0.0,Kurdistan Workers' Party (PKK)
6957,1980,9,3,0,185,8,81,400,43.3282,-3.031509,1.0,0,0.0,1,0,1,1,765,185.0,0,5,1.0,0,0.0,Basque Fatherland and Freedom (ETA)
9526,1982,12,18,0,159,3,438,2428,-9.475874,-78.305075,1.0,0,0.0,1,0,7,1,705,159.0,0,5,0.0,1,0.0,Shining Path (SL)
51231,2012,3,3,0,160,5,1,22,6.050458,121.012245,1.0,0,0.0,1,0,3,1,49,160.0,0,6,2.0,-9,0.0,Abu Sayyaf Group (ASG)
16588,1987,1,8,0,159,3,256,1556,-11.967368,-76.978462,1.0,0,1.0,1,0,2,19,56,159.0,0,8,0.0,1,0.0,Tupac Amaru Revolutionary Movement (MRTA)
17328,1987,6,1,0,145,2,401,2147,12.879978,-85.412025,3.0,1,0.0,1,0,2,2,2504,145.0,0,5,0.0,1,0.0,Nicaraguan Democratic Force (FDN)
57069,2013,10,9,0,95,10,35,1240,35.323789,43.772096,3.0,0,1.0,1,0,3,3,1614,95.0,0,6,0.0,1,0.0,Islamic State of Iraq and the Levant (ISIL)
14108,1985,6,21,0,43,3,250,1544,-33.366238,-70.505302,1.0,0,1.0,1,0,3,21,1912,43.0,0,6,0.0,1,0.0,Manuel Rodriguez Patriotic Front (FPMR)
64450,2014,12,11,0,147,11,110,492,9.932665,8.885476,1.0,0,1.0,1,1,3,1,859,147.0,0,6,20.0,1,0.0,Boko Haram
12651,1984,8,16,0,183,11,19,125,-26.160098,27.872807,1.0,0,0.0,1,0,3,14,231,183.0,0,6,0.0,1,0.0,African National Congress (South Africa)
47346,2009,11,15,0,4,6,459,2645,32.480918,62.028239,1.0,0,0.0,1,0,3,16,3157,4.0,0,6,0.0,1,0.0,Taliban
16929,1987,3,22,0,145,2,405,2117,12.069311,-84.539748,1.0,0,1.0,1,0,2,4,2481,145.0,0,5,1.0,1,0.0,Nicaraguan Democratic Force (FDN)
52674,2012,7,23,0,95,10,33,192,34.881348,44.62513,1.0,0,1.0,1,0,3,14,13,95.0,0,6,0.0,-9,0.0,Al-Qaida in Iraq
62834,2014,9,16,0,209,10,210,1359,37.331264,42.181782,3.0,0,1.0,1,0,7,8,51,209.0,0,8,0.0,1,0.0,Kurdistan Workers' Party (PKK)
13193,1984,12,24,0,145,2,391,24,13.091683,-86.000314,4.0,0,0.0,1,0,3,19,2464,145.0,0,6,1.0,1,0.0,Nicaraguan Democratic Force (FDN)
78319,2017,1,3,0,160,5,0,24,6.741797,122.398145,4.0,0,0.0,0,0,4,11,119,160.0,0,5,0.0,1,0.0,Abu Sayyaf Group (ASG)
40722,2003,3,13,0,92,6,269,1717,33.371715,74.315313,1.0,0,0.0,1,0,3,19,2117,92.0,0,6,4.0,1,0.0,Muslim extremists
29267,1991,12,18,0,603,8,178,1179,54.607712,-5.95621,1.0,0,0.0,1,0,3,14,1468,216.0,0,6,0.0,1,0.0,Irish Republican Army (IRA)
27095,1991,4,15,0,185,8,82,379,36.621787,-4.500273,1.0,0,0.0,1,0,3,3,481,185.0,0,6,0.0,1,0.0,Basque Fatherland and Freedom (ETA)
42114,2005,6,18,0,186,6,206,1467,8.324973,81.30074,1.0,0,0.0,1,0,2,3,1776,186.0,0,5,1.0,0,0.0,Liberation Tigers of Tamil Eelam (LTTE)
13599,1985,4,11,0,43,3,251,1548,-36.816006,-73.037659,1.0,0,0.0,1,0,3,19,1936,43.0,0,6,0.0,1,0.0,Manuel Rodriguez Patriotic Front (FPMR)
62176,2014,8,12,1,95,10,35,1240,35.316667,43.766667,3.0,0,0.0,1,0,6,15,1610,95.0,0,5,1.0,1,1.0,Islamic State of Iraq and the Levant (ISIL)
69102,2015,7,26,0,160,5,1,2,6.088221,121.109329,1.0,0,0.0,0,0,6,4,7,160.0,0,5,0.0,0,0.0,Abu Sayyaf Group (ASG)
71688,2015,12,13,0,160,5,354,1933,10.786173,122.206377,1.0,0,1.0,1,0,7,1,1073,160.0,0,8,0.0,1,0.0,New People's Army (NPA)
12857,1984,9,29,0,159,3,256,1556,-11.967368,-76.978462,1.0,0,0.0,1,0,5,10,410,217.0,0,5,0.0,1,1.0,Tupac Amaru Revolutionary Movement (MRTA)
14946,1985,12,24,0,159,3,256,1556,-11.967368,-76.978462,1.0,1,0.0,1,0,3,1,3353,159.0,0,6,1.0,1,0.0,Tupac Amaru Revolutionary Movement (MRTA)
49861,2011,7,7,0,92,6,122,689,19.17,83.42,3.0,0,1.0,1,0,6,2,1020,92.0,0,9,1.0,0,1.0,Communist Party of India - Maoist (CPI-Maoist)
43224,2006,8,6,0,186,6,242,1514,8.72125,80.364853,1.0,0,0.0,1,0,2,3,1837,186.0,0,5,0.0,0,0.0,Liberation Tigers of Tamil Eelam (LTTE)
18748,1988,1,15,0,92,6,318,2488,31.633078,74.878288,1.0,0,0.0,1,0,1,3,3062,92.0,0,5,2.0,0,0.0,Sikh Extremists
74376,2016,5,12,0,147,11,100,466,11.840929,13.141459,1.0,0,0.0,1,1,3,2,864,147.0,0,6,6.0,-9,0.0,Boko Haram
53209,2012,9,9,0,95,10,35,213,34.003712,44.395378,1.0,0,1.0,1,0,3,14,13,95.0,0,6,0.0,0,0.0,Al-Qaida in Iraq
78061,2016,12,15,0,92,6,119,593,18.9,81.35,1.0,0,0.0,1,0,2,14,2016,92.0,0,9,1.0,0,0.0,Maoists
35207,1996,4,7,0,160,5,1,2,6.088221,121.109329,1.0,0,0.0,1,0,2,4,116,160.0,0,5,4.0,1,0.0,Abu Sayyaf Group (ASG)
27135,1991,4,25,0,159,3,256,1556,-11.967368,-76.978462,1.0,0,1.0,1,0,3,1,1110,159.0,0,6,0.0,1,0.0,Tupac Amaru Revolutionary Movement (MRTA)
66271,2015,3,10,0,214,9,135,797,48.064426,37.673248,1.0,0,1.0,1,0,3,4,1203,214.0,0,6,0.0,0,0.0,Donetsk People's Republic
27541,1991,6,12,0,159,3,256,1556,-11.967368,-76.978462,1.0,0,1.0,1,0,3,1,705,159.0,0,6,0.0,1,0.0,Tupac Amaru Revolutionary Movement (MRTA)
72071,2016,1,3,0,160,5,0,13,6.582303,122.179241,1.0,0,0.0,1,0,6,19,97,160.0,0,5,0.0,1,1.0,Abu Sayyaf Group (ASG)
51659,2012,4,15,0,147,11,107,486,11.974328,8.50026,1.0,0,0.0,1,0,3,14,13,147.0,0,6,0.0,1,0.0,Boko Haram
73068,2016,2,26,0,92,6,119,1626,19.499209,81.102258,3.0,0,0.0,0,0,3,20,6,92.0,0,6,0.0,0,0.0,Maoists
9235,1982,10,8,0,61,2,141,867,13.491242,-88.173134,1.0,0,0.0,1,0,3,16,1287,61.0,0,6,1.0,1,0.0,Farabundo Marti National Liberation Front (FMLN)
47622,2010,2,15,0,182,11,63,304,2.059819,45.326115,1.0,0,0.0,0,1,1,2,597,182.0,0,6,7.0,1,0.0,Al-Shabaab
56154,2013,7,23,0,4,6,476,2634,33.191738,68.102051,3.0,0,0.0,1,0,3,4,48,422.0,0,6,0.0,1,0.0,Taliban
40882,2003,5,12,0,92,6,269,1760,33.00581,75.210876,1.0,0,0.0,1,0,2,4,2148,92.0,0,5,1.0,0,0.0,Muslim extremists
68042,2015,6,3,0,160,5,0,12,6.550444,122.106467,2.0,0,0.0,0,0,2,14,13,160.0,0,5,0.0,0,0.0,Abu Sayyaf Group (ASG)
30412,1992,5,25,0,92,6,264,2473,25.47283,82.570528,1.0,0,0.0,1,0,1,14,3070,92.0,0,5,3.0,0,0.0,Sikh Extremists
22873,1989,9,1,0,155,10,306,1718,31.278791,34.256435,1.0,0,0.0,1,0,1,14,2602,155.0,0,5,1.0,0,0.0,Palestinians
81537,2017,7,20,1,160,5,0,44,6.596997,121.907486,1.0,0,1.0,1,0,6,14,63,160.0,0,5,5.0,0,1.0,Abu Sayyaf Group (ASG)
35153,1996,3,13,0,160,5,7,15,6.929089,122.07885,1.0,0,0.0,1,0,3,1,77,160.0,0,6,1.0,1,0.0,Abu Sayyaf Group (ASG)
47192,2009,10,12,0,92,6,120,659,23.390396,88.702469,1.0,0,0.0,1,0,2,2,980,92.0,0,5,1.0,0,0.0,Communist Party of India - Maoist (CPI-Maoist)
60076,2014,5,10,1,92,6,122,606,18.564658,82.963632,1.0,1,0.0,1,0,6,14,27,92.0,0,8,2.0,1,1.0,Communist Party of India - Maoist (CPI-Maoist)
80860,2017,6,13,0,214,9,135,795,48.143208,37.753361,1.0,0,0.0,1,0,3,14,1226,214.0,0,6,0.0,-9,0.0,Donetsk People's Republic
83054,2017,11,10,0,95,10,29,1287,34.303706,42.067211,2.0,0,0.0,1,0,3,4,12,95.0,0,6,0.0,-9,0.0,Islamic State of Iraq and the Levant (ISIL)
6581,1980,5,3,0,185,8,81,388,43.291618,-1.977903,1.0,0,0.0,1,0,1,3,666,185.0,0,5,1.0,0,0.0,Basque Fatherland and Freedom (ETA)
58392,2014,2,3,0,182,11,63,304,2.059819,45.326115,1.0,0,1.0,1,0,3,14,558,182.0,0,6,0.0,0,0.0,Al-Shabaab
46053,2009,1,22,1,92,6,121,632,18.18151,81.948026,2.0,0,0.0,1,0,2,14,953,92.0,0,5,1.0,0,1.0,Communist Party of India - Maoist (CPI-Maoist)
41725,2004,12,14,0,95,10,30,177,33.303566,44.371773,1.0,0,0.0,1,1,3,4,369,95.0,0,6,2.0,1,0.0,Al-Qaida in Iraq
21078,1989,1,1,0,92,6,448,2528,29.933673,78.179867,1.0,0,0.0,1,0,3,15,3042,92.0,0,6,3.0,1,0.0,Sikh Extremists
72263,2016,1,13,0,228,10,57,1131,13.168694,43.741907,3.0,0,1.0,1,0,3,14,1394,228.0,0,6,3.0,-9,0.0,Houthi extremists (Ansar Allah)
66723,2015,4,3,0,160,5,367,1993,12.159882,124.865646,1.0,0,0.0,1,0,2,4,2385,160.0,0,5,1.0,0,0.0,New People's Army (NPA)
13592,1985,4,11,0,43,3,250,1544,-33.366238,-70.505302,1.0,0,1.0,1,0,3,21,1968,43.0,0,6,0.0,1,0.0,Manuel Rodriguez Patriotic Front (FPMR)
6000,1979,12,19,0,603,8,46,1185,51.504387,-0.140041,1.0,0,0.0,0,0,1,1,1454,216.0,0,6,0.0,0,0.0,Irish Republican Army (IRA)
46980,2009,8,12,1,153,6,389,2718,32.320237,69.859741,3.0,0,0.0,1,0,2,17,3215,153.0,0,8,70.0,1,1.0,Tehrik-i-Taliban Pakistan (TTP)
60639,2014,6,5,0,147,11,105,473,10.890928,13.627589,1.0,0,1.0,1,0,7,15,839,147.0,0,8,0.0,1,0.0,Boko Haram
23723,1989,11,17,0,185,8,84,390,40.465595,-3.696263,1.0,0,0.0,1,0,1,4,716,185.0,0,5,1.0,0,0.0,Basque Fatherland and Freedom (ETA)
15819,1986,6,19,0,159,3,256,1556,-11.967368,-76.978462,1.0,0,0.0,1,0,3,1,2884,159.0,0,6,1.0,1,0.0,Shining Path (SL)
52825,2012,8,4,0,147,11,100,466,11.840929,13.141459,1.0,0,0.0,1,0,2,4,48,147.0,0,5,1.0,0,0.0,Boko Haram
8440,1982,3,7,0,97,10,412,2215,31.771599,35.2034,1.0,0,0.0,1,0,3,14,2598,97.0,0,6,0.0,1,0.0,Palestinians
32525,1994,2,23,0,209,10,210,1374,37.340288,41.892628,1.0,1,0.0,1,0,3,21,1707,209.0,0,6,0.0,1,0.0,Kurdistan Workers' Party (PKK)
48210,2010,6,16,0,153,6,484,2733,33.528893,71.056122,1.0,0,0.0,1,0,1,2,3230,153.0,0,5,1.0,0,0.0,Tehrik-i-Taliban Pakistan (TTP)
60793,2014,6,11,0,92,6,122,1569,21.111097,85.825586,1.0,0,0.0,0,0,3,4,0,92.0,0,6,0.0,0,0.0,Maoists
64369,2014,12,6,0,160,5,351,1919,7.149184,125.945636,1.0,0,0.0,0,0,2,4,48,160.0,0,5,0.0,0,0.0,New People's Army (NPA)
14581,1985,10,3,0,145,2,404,2103,12.93808,-86.27218,1.0,0,0.0,1,0,2,4,1249,145.0,0,5,0.0,1,0.0,Nicaraguan Democratic Force (FDN)
14818,1985,11,25,0,145,2,405,2135,12.122619,-84.47239,1.0,0,0.0,1,0,7,1,2495,145.0,0,5,18.0,1,0.0,Nicaraguan Democratic Force (FDN)
48520,2010,9,1,0,4,6,462,2590,33.969167,68.944722,1.0,0,0.0,1,0,2,14,3124,4.0,0,5,1.0,0,0.0,Taliban
10409,1983,6,23,0,185,8,81,388,43.291618,-1.977903,1.0,0,0.0,1,0,3,3,683,185.0,0,6,1.0,1,0.0,Basque Fatherland and Freedom (ETA)
15768,1986,6,13,0,159,3,256,1556,-11.967368,-76.978462,1.0,1,1.0,1,0,3,9,3363,159.0,0,6,0.0,1,0.0,Tupac Amaru Revolutionary Movement (MRTA)
16466,1986,11,24,0,160,5,11,43,14.596051,120.978666,1.0,0,0.0,1,0,1,2,2394,160.0,0,5,3.0,0,0.0,New People's Army (NPA)
58584,2014,2,17,0,147,11,156,1002,8.698664,8.666581,1.0,0,0.0,1,0,2,14,27,147.0,0,8,5.0,1,0.0,Fulani extremists
44504,2008,2,3,0,186,6,241,1504,7.256096,80.169284,1.0,0,0.0,1,1,3,19,1829,186.0,0,6,8.0,1,0.0,Liberation Tigers of Tamil Eelam (LTTE)
3435,1977,8,6,0,603,8,178,1179,54.607712,-5.95621,1.0,0,1.0,1,0,7,1,1450,216.0,0,8,0.0,1,0.0,Irish Republican Army (IRA)
81776,2017,8,5,0,4,6,301,2644,34.248831,70.907566,2.0,0,1.0,0,0,2,3,3156,4.0,0,5,2.0,0,0.0,Taliban
22585,1989,7,26,0,43,3,249,1546,-33.010693,-71.527794,1.0,0,0.0,0,0,3,3,1933,43.0,0,6,3.0,1,0.0,Manuel Rodriguez Patriotic Front (FPMR)
41664,2004,10,25,0,95,10,30,177,33.303566,44.371773,1.0,0,0.0,1,0,3,4,388,14.0,0,6,3.0,-9,0.0,Al-Qaida in Iraq
76759,2016,9,30,0,200,10,187,1720,36.201721,37.14352,1.0,0,1.0,1,0,3,14,1222,200.0,0,6,3.0,1,0.0,Muslim extremists
20060,1988,7,29,0,183,11,19,126,-25.748281,28.212069,1.0,0,0.0,1,0,3,1,286,183.0,0,6,0.0,1,0.0,African National Congress (South Africa)
74512,2016,5,20,0,147,11,160,990,7.950747,5.545281,1.0,0,0.0,1,0,2,14,862,147.0,0,5,2.0,0,0.0,Fulani extremists
81622,2017,7,25,0,4,6,464,2642,33.662383,69.785643,3.0,0,1.0,1,0,7,3,373,4.0,0,8,0.0,1,0.0,Taliban
6803,1980,7,13,0,185,8,81,388,43.291618,-1.977903,1.0,0,0.0,1,0,3,3,713,185.0,0,5,2.0,1,0.0,Basque Fatherland and Freedom (ETA)
56459,2013,8,15,0,60,10,268,1726,31.126646,33.800865,1.0,0,0.0,1,0,2,3,2149,60.0,0,5,1.0,0,0.0,Muslim extremists
17259,1987,5,18,0,159,3,435,2424,-14.200556,-71.436667,1.0,0,0.0,1,0,1,14,2702,159.0,0,5,4.0,0,0.0,Shining Path (SL)
2327,1975,9,9,0,185,8,90,408,43.189944,-2.052454,1.0,0,0.0,1,0,3,19,703,185.0,0,6,0.0,1,0.0,Basque Fatherland and Freedom (ETA)
14830,1985,11,27,0,183,11,26,130,-23.00124,29.768678,1.0,0,0.0,1,0,3,4,272,183.0,0,6,0.0,1,0.0,African National Congress (South Africa)
12723,1984,9,2,0,145,2,406,2173,11.683333,-84.95,1.0,0,0.0,1,0,2,4,1239,145.0,0,5,1.0,1,0.0,Nicaraguan Democratic Force (FDN)
58389,2014,2,3,0,147,11,104,1056,9.635277,8.505035,1.0,0,1.0,1,0,2,14,27,147.0,0,5,10.0,1,0.0,Fulani extremists
30876,1992,7,31,0,155,10,306,2216,31.502407,34.459743,1.0,0,0.0,1,0,3,4,2444,97.0,0,6,0.0,1,0.0,Palestinians
19015,1988,2,21,0,159,3,256,1556,-11.967368,-76.978462,1.0,0,0.0,1,0,3,1,1890,199.0,0,6,0.0,1,0.0,Tupac Amaru Revolutionary Movement (MRTA)
25707,1990,8,28,0,186,6,206,1492,9.616539,79.992,1.0,0,0.0,1,0,3,19,1814,186.0,0,6,0.0,1,0.0,Liberation Tigers of Tamil Eelam (LTTE)
49318,2011,2,22,0,69,8,126,784,42.36999,9.501176,1.0,0,0.0,1,0,3,1,1161,69.0,0,6,0.0,1,0.0,Corsican National Liberation Front (FLNC)
14695,1985,10,31,0,43,3,250,1544,-33.366238,-70.505302,1.0,0,0.0,1,0,3,3,1887,43.0,0,6,0.0,1,0.0,Manuel Rodriguez Patriotic Front (FPMR)
33262,1994,7,20,0,45,3,426,2313,0.74522,-75.23414,1.0,0,0.0,1,0,2,3,175,45.0,0,8,0.0,1,0.0,Revolutionary Armed Forces of Colombia (FARC)
35575,1996,8,18,0,69,8,126,750,41.930607,8.742907,1.0,0,0.0,1,0,3,2,1147,69.0,0,6,0.0,1,0.0,Corsican National Liberation Front (FLNC)
65868,2015,2,15,1,160,5,1,22,6.050458,121.012245,1.0,0,0.0,1,0,6,14,31,44.0,0,5,0.0,0,1.0,Abu Sayyaf Group (ASG)
71076,2015,11,4,0,92,6,119,1647,18.398833,81.557328,1.0,0,0.0,0,0,3,4,48,92.0,0,6,0.0,0,0.0,Maoists
72410,2016,1,21,0,228,10,57,279,13.586484,44.024105,1.0,0,0.0,1,0,3,14,641,228.0,0,6,5.0,-9,0.0,Houthi extremists (Ansar Allah)
16465,1986,11,23,0,183,11,19,115,-26.252697,27.870275,1.0,0,0.0,1,0,3,2,225,183.0,0,6,0.0,1,0.0,African National Congress (South Africa)
66777,2015,4,5,0,182,11,74,321,11.274796,49.179657,1.0,0,1.0,1,0,2,4,20,182.0,0,5,1.0,0,0.0,Al-Shabaab
61288,2014,7,5,0,228,10,44,1154,14.221949,44.39045,2.0,0,0.0,1,0,3,14,1200,228.0,0,6,0.0,-9,0.0,Houthi extremists (Ansar Allah)
47454,2009,12,23,0,153,6,389,2741,33.908578,71.070055,3.0,0,0.0,1,0,3,8,3253,153.0,0,6,0.0,1,0.0,Tehrik-i-Taliban Pakistan (TTP)
48118,2010,5,27,0,45,3,326,2286,1.212936,-77.27471,1.0,0,0.0,1,0,3,2,2712,45.0,0,6,5.0,1,0.0,Revolutionary Armed Forces of Colombia (FARC)
21167,1989,1,15,0,183,11,19,117,-26.189151,28.31707,1.0,0,0.0,1,0,1,2,249,183.0,0,6,0.0,1,0.0,African National Congress (South Africa)
82169,2017,8,31,0,92,6,117,1660,25.18041,86.259059,1.0,0,0.0,1,0,6,14,2077,92.0,0,5,1.0,0,1.0,Maoists
8187,1981,11,19,0,603,8,178,1182,54.077313,-6.608787,1.0,0,0.0,1,0,3,20,6,233.0,0,6,0.0,1,0.0,Irish Republican Army (IRA)
64408,2014,12,8,0,28,9,274,1729,45.183961,15.828342,1.0,0,0.0,0,0,1,15,2124,28.0,0,9,0.0,0,0.0,Muslim extremists
59249,2014,3,26,0,92,6,118,1664,24.139169,83.449942,1.0,0,0.0,1,0,2,3,601,92.0,0,5,0.0,0,0.0,Maoists
55769,2013,6,17,0,4,6,472,24,36.734772,70.811995,4.0,0,0.0,1,0,3,4,48,4.0,0,6,1.0,0,0.0,Taliban
72067,2016,1,3,0,147,11,156,1030,8.547828,7.7119,2.0,0,1.0,1,0,2,14,558,147.0,0,5,3.0,0,0.0,Fulani extremists
82147,2017,8,29,0,95,10,34,1263,36.486149,42.418186,1.0,0,1.0,1,0,3,4,162,95.0,0,6,2.0,1,0.0,Islamic State of Iraq and the Levant (ISIL)
9789,1983,2,12,0,61,2,139,927,13.75,-89.16667,1.0,0,0.0,1,0,2,4,1316,61.0,0,5,20.0,1,0.0,Farabundo Marti National Liberation Front (FMLN)
47773,2010,3,22,0,92,6,118,620,22.959166,85.965274,1.0,0,0.0,1,0,2,3,938,92.0,0,5,1.0,-9,0.0,Communist Party of India - Maoist (CPI-Maoist)
46569,2009,5,23,0,92,6,118,668,24.311127,84.515665,1.0,0,0.0,1,0,3,8,990,92.0,0,6,0.0,1,0.0,Communist Party of India - Maoist (CPI-Maoist)
58356,2014,2,1,0,153,6,484,2728,33.91758,71.562035,1.0,0,1.0,1,0,2,17,268,153.0,0,5,4.0,0,0.0,Tehrik-i-Taliban Pakistan (TTP)
25816,1990,9,12,0,69,8,126,750,41.930607,8.742907,1.0,0,0.0,1,0,3,1,1110,69.0,0,6,0.0,1,0.0,Corsican National Liberation Front (FLNC)
14570,1985,10,2,0,43,3,252,1549,-34.170331,-70.740822,1.0,0,0.0,1,0,3,4,1960,43.0,0,6,0.0,0,0.0,Manuel Rodriguez Patriotic Front (FPMR)
53894,2012,11,21,0,153,6,486,2711,24.891115,67.143311,1.0,0,1.0,1,1,3,15,3224,153.0,0,6,3.0,-9,0.0,Tehrik-i-Taliban Pakistan (TTP)
32624,1994,3,13,0,183,11,18,92,-29.965819,30.882976,1.0,0,0.0,1,0,2,14,182,183.0,0,5,1.0,1,0.0,African National Congress (South Africa)
50035,2011,9,5,0,92,6,119,644,18.791667,80.816667,1.0,1,0.0,1,0,7,3,964,92.0,0,8,0.0,1,0.0,Communist Party of India - Maoist (CPI-Maoist)
44820,2008,5,4,0,92,6,120,649,23.332078,86.365208,3.0,0,0.0,1,0,2,2,969,92.0,0,5,1.0,0,0.0,Communist Party of India - Maoist (CPI-Maoist)
42146,2005,7,2,0,95,10,30,177,33.303566,44.371773,1.0,0,0.0,1,0,6,7,382,60.0,0,5,0.0,0,1.0,Al-Qaida in Iraq
81141,2017,6,26,0,45,3,341,1856,2.080071,-76.813661,2.0,0,0.0,1,0,2,3,2258,45.0,0,5,3.0,1,0.0,National Liberation Army of Colombia (ELN)
11177,1983,11,28,0,45,3,331,1827,7.116294,-73.120026,1.0,0,0.0,1,0,3,15,1976,45.0,0,6,0.0,1,0.0,National Liberation Army of Colombia (ELN)
20158,1988,8,15,0,43,3,253,1550,-29.906897,-71.25103,1.0,0,0.0,1,0,3,14,1904,43.0,0,6,0.0,1,0.0,Manuel Rodriguez Patriotic Front (FPMR)
79254,2017,3,4,0,153,6,484,2753,34.217285,71.561043,1.0,0,0.0,1,0,1,14,3249,153.0,0,5,1.0,-9,0.0,Tehrik-i-Taliban Pakistan (TTP)
53177,2012,9,6,0,182,11,60,301,3.115641,43.64658,1.0,0,0.0,1,0,3,14,602,182.0,0,6,1.0,0,0.0,Al-Shabaab
65358,2015,1,25,0,147,11,100,466,11.840929,13.141459,1.0,0,1.0,1,0,2,14,844,147.0,0,6,32.0,-9,0.0,Boko Haram
81967,2017,8,18,0,182,11,74,354,11.000551,49.02069,1.0,1,0.0,1,0,2,4,427,182.0,0,6,1.0,0,0.0,Al-Shabaab
21918,1989,4,15,0,183,11,19,113,-26.353159,28.132727,1.0,0,0.0,1,0,1,3,246,183.0,0,6,0.0,0,0.0,African National Congress (South Africa)
27544,1991,6,12,0,159,3,256,1556,-11.967368,-76.978462,1.0,0,1.0,1,0,3,1,705,159.0,0,6,0.0,1,0.0,Tupac Amaru Revolutionary Movement (MRTA)
71768,2015,12,17,0,95,10,34,1267,36.229574,42.236244,2.0,0,0.0,0,1,3,4,48,95.0,0,6,15.0,0,0.0,Islamic State of Iraq and the Levant (ISIL)
23788,1989,11,26,0,61,2,139,853,13.716943,-89.229126,1.0,0,0.0,1,0,2,4,412,61.0,0,5,0.0,1,0.0,Farabundo Marti National Liberation Front (FMLN)
60329,2014,5,23,0,228,10,51,24,14.708049,46.384954,4.0,0,0.0,1,0,3,4,12,228.0,0,6,4.0,1,0.0,Al-Qaida in the Arabian Peninsula (AQAP)
12698,1984,8,25,0,145,2,401,2176,12.90875,-85.951531,1.0,0,0.0,1,0,2,4,1239,145.0,0,5,12.0,1,0.0,Nicaraguan Democratic Force (FDN)
61070,2014,6,26,0,228,10,47,254,15.964205,48.78252,1.0,0,1.0,1,1,3,4,502,228.0,0,6,3.0,1,0.0,Al-Qaida in the Arabian Peninsula (AQAP)
15559,1986,5,8,0,45,3,328,1819,4.667128,-74.106056,1.0,0,0.0,1,0,2,3,412,45.0,0,5,1.0,1,0.0,National Liberation Army of Colombia (ELN)
55540,2013,5,25,1,92,6,119,660,18.865511,81.874222,1.0,0,0.0,1,0,1,17,981,92.0,0,6,17.0,0,1.0,Communist Party of India - Maoist (CPI-Maoist)
40016,2002,5,2,0,45,3,327,1859,6.43711,-75.3313,1.0,0,0.0,1,0,2,19,2264,45.0,0,8,0.0,1,0.0,National Liberation Army of Colombia (ELN)
69486,2015,8,14,0,160,5,1,2,6.066531,121.100068,1.0,0,0.0,1,0,2,4,55,160.0,0,5,2.0,0,0.0,Abu Sayyaf Group (ASG)
47877,2010,4,13,0,160,5,0,16,6.681959,121.985477,1.0,0,1.0,1,0,3,15,101,160.0,0,6,0.0,1,0.0,Abu Sayyaf Group (ASG)
14106,1985,6,21,0,159,3,439,2412,-13.604444,-75.353111,1.0,0,0.0,1,0,3,19,894,159.0,0,6,1.0,1,0.0,Shining Path (SL)
14105,1985,6,20,0,45,3,327,1866,7.57649,-75.350334,1.0,0,0.0,1,0,5,14,855,45.0,0,5,7.0,1,1.0,National Liberation Army of Colombia (ELN)
44690,2008,4,1,0,186,6,242,1464,8.980118,79.912462,1.0,0,0.0,1,0,3,15,1771,186.0,0,6,0.0,1,0.0,Liberation Tigers of Tamil Eelam (LTTE)
63023,2014,9,25,0,147,11,100,537,10.50095,12.356178,1.0,0,1.0,1,0,2,14,27,147.0,0,5,6.0,1,0.0,Boko Haram
55303,2013,4,30,0,4,6,463,2580,31.766705,64.618607,3.0,0,0.0,1,0,3,4,3119,422.0,0,6,12.0,0,0.0,Taliban
25079,1990,6,4,0,92,6,318,2485,30.34,76.38,1.0,0,0.0,1,0,3,15,2988,92.0,0,6,4.0,1,0.0,Sikh Extremists
48029,2010,5,15,0,92,6,120,618,22.032336,87.174696,1.0,1,0.0,1,0,6,14,936,92.0,0,5,1.0,0,1.0,Communist Party of India - Maoist (CPI-Maoist)
62723,2014,9,12,0,214,9,135,792,47.981647,37.762325,1.0,0,0.0,1,0,3,4,1194,214.0,0,6,0.0,1,0.0,Donetsk People's Republic
67184,2015,4,26,0,182,11,63,304,2.059819,45.326115,1.0,0,0.0,1,0,2,2,592,182.0,0,5,1.0,0,0.0,Al-Shabaab
72606,2016,2,1,0,4,6,475,2624,34.674866,70.21344,1.0,0,0.0,1,0,3,3,409,4.0,0,6,0.0,1,0.0,Taliban
10818,1983,9,13,0,145,2,391,24,13.091683,-86.000314,4.0,0,0.0,1,0,2,4,1239,145.0,0,5,30.0,1,0.0,Nicaraguan Democratic Force (FDN)
30821,1992,7,24,0,98,8,95,417,45.469212,9.174508,1.0,0,0.0,0,0,3,1,779,69.0,0,6,0.0,1,0.0,Basque Fatherland and Freedom (ETA)
70303,2015,9,25,0,173,10,172,1132,16.800006,43.149996,2.0,0,1.0,1,0,3,3,162,173.0,0,6,0.0,1,0.0,Houthi extremists (Ansar Allah)
5173,1979,5,20,0,603,8,178,1180,55.011562,-7.312045,1.0,0,0.0,1,0,1,3,1533,233.0,0,5,1.0,0,0.0,Irish Republican Army (IRA)
12620,1984,8,10,0,145,2,401,2123,13.031591,-85.641009,1.0,0,0.0,1,0,2,14,2484,145.0,0,5,8.0,1,0.0,Nicaraguan Democratic Force (FDN)
19535,1988,5,8,0,160,5,361,24,16.030344,120.229921,4.0,0,0.0,1,0,1,3,2344,160.0,0,5,1.0,0,0.0,New People's Army (NPA)
81282,2017,7,3,0,4,6,460,2574,36.529036,68.894971,3.0,0,0.0,1,0,2,14,13,4.0,0,5,3.0,0,0.0,Taliban
71709,2015,12,15,1,92,6,119,1583,21.096881,81.030341,2.0,0,1.0,1,0,6,14,2019,92.0,0,5,1.0,0,1.0,Maoists
40285,2002,8,20,1,160,5,1,22,6.050458,121.012245,1.0,1,0.0,1,0,6,14,70,160.0,0,9,2.0,0,1.0,Abu Sayyaf Group (ASG)
1452,1973,7,20,0,603,8,178,1183,54.347539,-6.656108,1.0,0,0.0,1,0,3,4,1459,216.0,0,6,1.0,1,0.0,Irish Republican Army (IRA)
69108,2015,7,26,0,214,9,135,794,48.363186,37.891922,1.0,0,0.0,1,0,2,4,1191,214.0,0,6,0.0,0,0.0,Donetsk People's Republic
50585,2011,12,5,0,92,6,117,675,24.551295,84.140936,1.0,0,0.0,0,0,2,3,999,92.0,0,5,0.0,0,0.0,Communist Party of India - Maoist (CPI-Maoist)
30236,1992,5,5,0,45,3,327,1825,6.242026,-75.564766,1.0,0,1.0,1,0,3,1,805,45.0,0,6,1.0,1,0.0,National Liberation Army of Colombia (ELN)
27772,1991,7,10,0,45,3,423,433,8.25749,-76.14641,1.0,0,0.0,1,0,2,14,2758,45.0,0,5,2.0,1,0.0,Revolutionary Armed Forces of Colombia (FARC)
74172,2016,5,2,0,228,10,57,279,13.586484,44.024105,1.0,0,1.0,1,0,3,14,1200,228.0,0,6,0.0,-9,0.0,Houthi extremists (Ansar Allah)
36021,1997,1,11,0,69,8,126,750,41.930607,8.742907,1.0,0,0.0,1,0,3,1,1137,69.0,0,6,0.0,1,0.0,Corsican National Liberation Front (FLNC)
30787,1992,7,21,0,159,3,256,1556,-11.967368,-76.978462,1.0,0,0.0,1,0,3,19,2842,159.0,0,6,0.0,1,0.0,Shining Path (SL)
42330,2005,8,23,0,95,10,31,179,33.74324,44.623825,1.0,0,0.0,1,1,3,4,332,999.0,0,6,8.0,-9,0.0,Al-Qaida in Iraq
80168,2017,5,7,0,92,6,120,1744,23.218062,88.09873,2.0,0,0.0,1,0,3,14,410,92.0,0,6,0.0,1,0.0,Muslim extremists
78972,2017,2,15,0,153,6,484,2770,33.993872,71.860098,1.0,0,0.0,1,0,2,2,3274,153.0,0,5,1.0,0,0.0,Tehrik-i-Taliban Pakistan (TTP)
18973,1988,2,17,0,43,3,249,1546,-33.024705,-71.552216,2.0,0,1.0,1,0,3,21,1893,43.0,0,6,0.0,1,0.0,Manuel Rodriguez Patriotic Front (FPMR)
53955,2012,12,2,0,147,11,100,523,12.359468,14.210929,1.0,0,1.0,1,0,7,14,878,147.0,0,8,0.0,1,0.0,Boko Haram
29375,1992,1,1,0,603,8,178,24,54.787715,-6.492314,4.0,0,1.0,1,0,7,1,242,233.0,0,8,0.0,1,0.0,Irish Republican Army (IRA)
25991,1990,10,18,0,159,3,256,1556,-11.967368,-76.978462,1.0,0,1.0,0,0,3,1,661,159.0,0,6,0.0,1,0.0,Shining Path (SL)
49996,2011,8,21,0,228,10,49,259,13.932036,46.083254,1.0,0,0.0,1,1,3,2,465,228.0,0,6,5.0,1,0.0,Al-Qaida in the Arabian Peninsula (AQAP)
15096,1986,1,23,0,159,3,256,1556,-11.967368,-76.978462,1.0,0,0.0,1,0,3,1,3370,159.0,0,6,0.0,1,0.0,Tupac Amaru Revolutionary Movement (MRTA)
21259,1989,1,27,0,61,2,148,871,13.516667,-88.383333,1.0,0,0.0,1,0,2,4,1250,61.0,0,5,0.0,1,0.0,Farabundo Marti National Liberation Front (FMLN)
15769,1986,6,13,0,159,3,256,1556,-11.967368,-76.978462,1.0,1,1.0,1,0,3,9,3363,159.0,0,6,0.0,1,0.0,Tupac Amaru Revolutionary Movement (MRTA)
73419,2016,3,15,1,182,11,68,316,2.448348,41.967613,1.0,0,0.0,1,0,6,12,569,422.0,0,5,0.0,0,1.0,Al-Shabaab
36510,1997,9,9,0,186,6,206,1488,8.941674,80.986695,1.0,1,0.0,1,0,3,11,1808,44.0,0,6,37.0,1,0.0,Liberation Tigers of Tamil Eelam (LTTE)
62593,2014,9,3,0,4,6,473,2637,33.318998,62.184034,3.0,0,0.0,1,0,3,4,48,4.0,0,6,11.0,0,0.0,Taliban
60913,2014,6,17,1,214,9,135,792,47.981647,37.762325,1.0,1,0.0,1,0,6,14,1224,214.0,0,5,0.0,0,1.0,Donetsk People's Republic
61493,2014,7,12,0,214,9,135,809,47.942608,37.505135,1.0,0,0.0,0,0,6,14,1214,214.0,0,5,0.0,0,0.0,Donetsk People's Republic
12089,1984,4,23,0,603,8,178,1180,55.011562,-7.312045,1.0,0,0.0,1,0,2,4,1485,233.0,0,5,1.0,1,0.0,Irish Republican Army (IRA)
26719,1991,2,6,0,45,3,343,2350,2.969373,-78.185231,2.0,0,0.0,1,0,7,1,2791,45.0,0,8,0.0,1,0.0,Revolutionary Armed Forces of Colombia (FARC)
20101,1988,8,3,0,183,11,19,96,-26.184113,28.033232,1.0,0,0.0,1,0,3,4,198,183.0,0,6,0.0,1,0.0,African National Congress (South Africa)
37440,1999,6,18,0,69,8,126,759,42.567651,8.757222,1.0,0,0.0,1,0,3,1,1160,999.0,0,6,0.0,1,0.0,Corsican National Liberation Front (FLNC)
70161,2015,9,17,0,92,6,125,1627,18.894734,80.193719,1.0,0,0.0,1,0,7,3,410,92.0,0,8,0.0,1,0.0,Maoists
18567,1987,12,7,0,45,3,422,2279,2.47973,-72.95746,2.0,0,0.0,1,0,6,4,2699,45.0,0,5,0.0,0,1.0,Revolutionary Armed Forces of Colombia (FARC)
66009,2015,2,24,0,228,10,55,265,13.063399,44.880882,1.0,0,0.0,1,0,1,3,480,228.0,0,5,1.0,0,0.0,Al-Qaida in the Arabian Peninsula (AQAP)
12300,1984,6,6,0,43,3,250,1544,-33.366238,-70.505302,1.0,0,0.0,1,0,3,1,1939,43.0,0,6,0.0,1,0.0,Manuel Rodriguez Patriotic Front (FPMR)
68002,2015,5,31,0,160,5,0,12,6.482175,122.165286,1.0,0,0.0,0,0,3,4,48,160.0,0,6,0.0,0,0.0,Abu Sayyaf Group (ASG)
46429,2009,4,21,0,92,6,118,614,24.04573,86.614492,1.0,0,1.0,1,0,3,8,1015,92.0,0,6,0.0,-9,0.0,Communist Party of India - Maoist (CPI-Maoist)
80615,2017,5,30,0,182,11,63,304,2.059819,45.326115,1.0,0,0.0,1,0,1,2,595,182.0,0,5,1.0,0,0.0,Al-Shabaab
18089,1987,9,18,0,92,6,448,2493,28.960965,79.515377,2.0,0,0.0,1,0,1,14,2997,92.0,0,5,4.0,0,0.0,Sikh Extremists
7491,1981,3,24,0,185,8,81,400,43.3282,-3.031509,1.0,0,0.0,1,0,3,21,681,185.0,0,6,1.0,1,0.0,Basque Fatherland and Freedom (ETA)
19941,1988,7,13,0,186,6,206,1482,7.686667,81.721389,1.0,0,0.0,1,0,2,4,1330,92.0,0,5,0.0,1,0.0,Liberation Tigers of Tamil Eelam (LTTE)
29274,1991,12,18,0,155,10,306,1718,31.278791,34.256435,1.0,0,0.0,0,0,1,4,2542,97.0,0,5,0.0,0,0.0,Palestinians
9580,1983,1,1,0,110,10,411,2212,33.888523,35.503513,1.0,0,0.0,1,0,2,4,2575,97.0,0,5,0.0,1,0.0,Palestinians
55971,2013,7,6,1,92,6,122,1577,18.139245,81.852386,1.0,0,1.0,1,0,6,14,2015,92.0,0,5,1.0,0,1.0,Maoists
42625,2006,1,21,0,141,6,246,1599,26.782869,85.277592,1.0,0,0.0,1,0,3,2,2033,141.0,0,6,0.0,1,0.0,Maoists
51276,2012,3,6,0,147,11,102,463,11.704399,11.088539,1.0,0,0.0,1,0,1,2,863,147.0,0,5,2.0,1,0.0,Boko Haram
70195,2015,9,19,0,95,10,29,1256,33.397812,43.706276,1.0,0,0.0,1,1,3,4,48,95.0,0,6,1.0,0,0.0,Islamic State of Iraq and the Levant (ISIL)
49550,2011,4,24,0,147,11,100,466,11.840929,13.141459,1.0,0,1.0,1,0,3,1,886,147.0,0,6,3.0,0,0.0,Boko Haram
18006,1987,9,8,0,92,6,318,2484,31.345599,74.692032,1.0,0,0.0,1,0,2,3,2987,92.0,0,5,3.0,1,0.0,Sikh Extremists
77016,2016,10,15,0,95,10,30,177,33.303566,44.371773,1.0,0,0.0,1,1,3,14,1632,95.0,0,6,36.0,1,0.0,Islamic State of Iraq and the Levant (ISIL)
67178,2015,4,26,0,147,11,155,1036,7.267985,9.298841,1.0,0,1.0,1,0,2,14,27,147.0,0,5,4.0,0,0.0,Fulani extremists
66760,2015,4,5,0,228,10,45,236,12.825647,44.846416,1.0,0,0.0,1,0,3,14,1226,228.0,0,6,0.0,-9,0.0,Houthi extremists (Ansar Allah)
45508,2008,9,15,0,160,5,356,1975,11.386903,122.780944,1.0,0,0.0,1,0,3,16,2371,160.0,0,6,0.0,1,0.0,New People's Army (NPA)
71983,2015,12,28,0,95,10,197,1275,35.768353,43.588966,1.0,0,0.0,0,1,3,4,48,95.0,0,6,3.0,0,0.0,Islamic State of Iraq and the Levant (ISIL)
45757,2008,11,17,1,153,6,389,2732,34.856902,71.429936,3.0,1,0.0,1,0,1,2,3273,153.0,0,6,9.0,1,1.0,Tehrik-i-Taliban Pakistan (TTP)
73065,2016,2,26,0,160,5,359,1935,7.189447,124.92525,1.0,0,0.0,1,0,3,3,409,160.0,0,6,0.0,1,0.0,New People's Army (NPA)
62041,2014,8,4,0,45,3,424,2342,0.435951,-75.52767,4.0,0,0.0,1,0,7,1,2778,45.0,0,8,0.0,1,0.0,Revolutionary Armed Forces of Colombia (FARC)
33597,1994,11,1,0,209,10,211,1336,37.562515,44.293677,3.0,0,0.0,1,0,2,19,398,209.0,0,5,8.0,1,0.0,Kurdistan Workers' Party (PKK)
10242,1983,5,23,0,145,2,401,2094,12.73797,-86.21399,1.0,0,0.0,1,0,2,4,1239,145.0,0,5,1.0,1,0.0,Nicaraguan Democratic Force (FDN)
20783,1988,11,22,0,159,3,256,1556,-11.967368,-76.978462,1.0,0,0.0,1,0,3,3,3385,159.0,0,6,0.0,1,0.0,Tupac Amaru Revolutionary Movement (MRTA)
28278,1991,8,29,0,61,2,145,857,13.678617,-89.268102,1.0,0,0.0,1,0,3,3,1242,61.0,0,6,0.0,1,0.0,Farabundo Marti National Liberation Front (FMLN)
